"","SS_NoSpace","chng_type","SiteSeriesLongName","SpecialCode","Special"
"1","","-","","",""
"2","BGxh1/101","+","Big sagebrush – Bluebunch wheatgrass",NA,NA
"3","BGxh1/101$2.1","+","Bluebunch wheatgrass – Sagewort – Sandberg's bluegrass",NA,NA
"4","BGxh1/101$2.2","+","Needle-and-thread grass – Cheatgrass",NA,NA
"5","BGxh1/101$3.1","+","Big sagebrush – Needle-and-thread grass",NA,NA
"6","BGxh1/102","+","Py – Antelope-brush – Three-awn",NA,NA
"7","BGxh1/103","+","Py(Fd) – Bluebunch wheatgrass – Selaginella",NA,NA
"8","BGxh1/110","+","Py – Sumac – Mock-orange",NA,NA
"9","BGxh1/Ff01","+","Water birch – Red-osier dogwood – Rose","Ff","fringe fluvial "
"10","BGxh1/Ff01a","+","Water birch – Red-osier dogwood – Rose; Fringe phase","Ff","fringe fluvial "
"11","BGxh1/Ff01b","+","Water birch – Red-osier dogwood – Rose; Grassland draw phase","Ff","fringe fluvial "
"12","BGxh1/Ff04","+","Aspen – Snowberry – Roses","Ff","fringe fluvial "
"13","BGxh1/Ff05","+","Aspen – Dogwood – Nootka rose","Ff","fringe fluvial "
"14","BGxh1/Fl07","+","Water birch – Rose","Fl","low fluvial bench"
"15","BGxh1/Fm05","+","Cottonwood – Douglas-fir – Douglas' maple – Snowberry","Fm","mid fluvial bench"
"16","BGxh1/Ga01","+","Saltgrass","Ga","alkaline meadow"
"17","BGxh1/Ga01.1","+","Saltgrass","Ga","alkaline meadow"
"18","BGxh1/Ga05","+","Giant wildrye","Ga","alkaline meadow"
"19","BGxh1/Gb05","+","Sumac – Bluebunch wheatgrass","Gb","brushland"
"20","BGxh1/Gg11","+","Idaho fescue – Bluebunch wheatgrass – Junegrass","Gg","grassland "
"21","BGxh1/Gg11$2.1","+","Bluebunch wheatgrass – Junegrass – Sandberg's bluegrass","Gg","grassland "
"22","BGxh1/Gg11$2.4","+","Needle-and-thread grass – Cheatgrass","Gg","grassland "
"23","BGxh1/Gg13","+","Idaho fescue – Silky lupine","Gg","grassland "
"24","BGxh1/Gg13$2.2","+","Bluebunch wheatgrass – Junegrass – Sandberg's bluegrass","Gg","grassland "
"25","BGxh1/Gg13$2.4","+","Kentucky bluegrass – Yarrow","Gg","grassland "
"26","BGxh1/Gg13$3.1","+","Big sagebrush – Kentucky bluegrass","Gg","grassland "
"27","BGxh1/Gg26","+","Red three-awn – Needle-and-thread grass","Gg","grassland "
"28","BGxh1/Gs01","+","Big sagebrush – Bluebunch wheatgrass","Gs","shrub-steppe"
"29","BGxh1/Gs01$2.1","+","Bluebunch wheatgrass – Sagewort – Sandberg's bluegrass","Gs","shrub-steppe"
"30","BGxh1/Gs01$2.2","+","Needle-and-thread grass – Cheatgrass","Gs","shrub-steppe"
"31","BGxh1/Gs01$3.1","+","Big sagebrush – Needle-and-thread grass","Gs","shrub-steppe"
"32","BGxh1/Gs10","+","Antelope-brush – Bluebunch wheatgrass","Gs","shrub-steppe"
"33","BGxh1/Gs10$2.1","+","Sand dropseed – Cheatgrass – Sandberg's bluegrass","Gs","shrub-steppe"
"34","BGxh1/Gs10$3.1","+","Antelope-brush – Cheatgrass – Needle-and-thread grass","Gs","shrub-steppe"
"35","BGxh1/Gs11","+","Antelope-brush – Bluebunch wheatgrass – Red three-awn","Gs","shrub-steppe"
"36","BGxh1/Gs11$2.1","+","Sand dropseed – Needle-and-thread grass","Gs","shrub-steppe"
"37","BGxh1/Ro01","+","Selaginella – Bluebunch wheatgrass – Screw moss","Ro","rocky outcrop"
"38","BGxh1/Ro01.1","+","Selaginella – Bluebunch wheatgrass – Screw moss","Ro","rocky outcrop"
"39","BGxh1/Ro01.2","+","Selaginella – Screw moss","Ro","rocky outcrop"
"40","BGxh1/Ro03","+","Antelope-brush – Selaginella – Bluebunch wheatgrass","Ro","rocky outcrop"
"41","BGxh1/Ro04","+","Big sagebrush – Selaginella – Bluebunch wheatgrass","Ro","rocky outcrop"
"42","BGxh1/Ro04.1","+","Big sagebrush – Selaginella – Bluebunch wheatgrass","Ro","rocky outcrop"
"43","BGxh1/Ro04.2","+","Rabbit-brush – Big sagebrush – Selaginella – Bluebunch wheatgrass","Ro","rocky outcrop"
"44","BGxh1/Rt05","+","Big sagebrush – Saskatoon – Bluebunch wheatgrass","Rt","talus"
"45","BGxh1/Rt06","+","Saskatoon – Mock-orange – Bluebunch wheatgrass","Rt","talus"
"46","BGxh1/Wm05","+","Cattail","Wm","wetland marsh"
"47","BGxh1/Wm06","+","Soft-stemmed bulrush","Wm","wetland marsh"
"48","BGxh1/Wm08","+","Three-square bulrush","Wm","wetland marsh"
"49","BGxh1/Wm11","+","Seacoast bulrush","Wm","wetland marsh"
"50","BGxh2/101","+","Big sagebrush – Bluebunch wheatgrass",NA,NA
"51","BGxh2/102","+","Py – Rabbit-brush – Bluebunch wheatgrass",NA,NA
"52","BGxh2/110","+","Fd(Py) – Snowberry – Oregon-grape",NA,NA
"53","BGxh2/Ff04","+","Aspen – Snowberry – Roses","Ff","fringe fluvial "
"54","BGxh2/Ff05","+","Aspen – Dogwood – Nootka rose","Ff","fringe fluvial "
"55","BGxh2/Fl05","+","Drummond's willow – Bluejoint","Fl","low fluvial bench"
"56","BGxh2/Ga01","+","Saltgrass","Ga","alkaline meadow"
"57","BGxh2/Ga01.1","+","Saltgrass","Ga","alkaline meadow"
"58","BGxh2/Ga02","+","Nuttall's alkaligrass – Foxtail barley","Ga","alkaline meadow"
"59","BGxh2/Ga02.1","+","Nuttall's alkaligrass – Foxtail barley","Ga","alkaline meadow"
"60","BGxh2/Ga02.2","+","Foxtail barley – Nuttall's alkaligrass","Ga","alkaline meadow"
"61","BGxh2/Ga05","+","Giant wildrye","Ga","alkaline meadow"
"62","BGxh2/Ga06","+","Seablite","Ga","alkaline meadow"
"63","BGxh2/Gb02","+","Saskatoon – Snowberry – Bluebunch wheatgrass","Gb","brushland"
"64","BGxh2/Gg03","+","Bluebunch wheatgrass – Selaginella","Gg","grassland "
"65","BGxh2/Gg10","+","Rough fescue – Bluebunch wheatgrass","Gg","grassland "
"66","BGxh2/Gg10$2.1","+","Bluebunch wheatgrass – Junegrass – Sandberg's bluegrass","Gg","grassland "
"67","BGxh2/Gg10$3.1","+","Big sagebrush – Bluebunch wheatgrass – Rough fescue","Gg","grassland "
"68","BGxh2/Gg12","+","Rough fescue – Yarrow – Three-flowered avens","Gg","grassland "
"69","BGxh2/Gg12$2.1","+","Rough fescue – Bluebunch wheatgrass – Yellow salsify","Gg","grassland "
"70","BGxh2/Gg12$2.2","+","Spreading needlegrass – Rough fescue – Kentucky bluegrass","Gg","grassland "
"71","BGxh2/Gg12$2.3","+","Spreading needlegrass – Columbia needlegrass","Gg","grassland "
"72","BGxh2/Gg12$2.5","+","Kentucky bluegrass – Yarrow","Gg","grassland "
"73","BGxh2/Gg12.1","+","Rough fescue – Yarrow – Three-flowered avens","Gg","grassland "
"74","BGxh2/Gg25","+","Sand dropseed – Needle-and-thread grass","Gg","grassland "
"75","BGxh2/Gg28","+","Sand needlegrass – Sand dropseed","Gg","grassland "
"76","BGxh2/Gs01","+","Big sagebrush – Bluebunch wheatgrass","Gs","shrub-steppe"
"77","BGxh2/Gs01$2.1","+","Bluebunch wheatgrass – Sagewort – Sandberg's bluegrass","Gs","shrub-steppe"
"78","BGxh2/Gs01$2.2","+","Needle-and-thread grass – Cheatgrass","Gs","shrub-steppe"
"79","BGxh2/Gs01$3.1","+","Big sagebrush – Needle-and-thread grass","Gs","shrub-steppe"
"80","BGxh2/Gs03","+","Big sagebrush – Bluebunch wheatgrass – Screw moss","Gs","shrub-steppe"
"81","BGxh2/Gs05","+","Rocky Mountain juniper – Big sagebrush – Bluebunch wheatgrass","Gs","shrub-steppe"
"82","BGxh2/Ro01","+","Selaginella – Bluebunch wheatgrass – Screw moss","Ro","rocky outcrop"
"83","BGxh2/Ro01.1","+","Selaginella – Bluebunch wheatgrass – Screw moss","Ro","rocky outcrop"
"84","BGxh2/Ro01.2","+","Selaginella – Screw moss","Ro","rocky outcrop"
"85","BGxh2/Ro04","+","Big sagebrush – Selaginella – Bluebunch wheatgrass","Ro","rocky outcrop"
"86","BGxh2/Ro04.1","+","Big sagebrush – Selaginella – Bluebunch wheatgrass","Ro","rocky outcrop"
"87","BGxh2/Ro04.2","+","Rabbit-brush – Big sagebrush – Selaginella – Bluebunch wheatgrass","Ro","rocky outcrop"
"88","BGxh2/Rt05","+","Big sagebrush – Saskatoon – Bluebunch wheatgrass","Rt","talus"
"89","BGxh2/Wm02","+","Water horsetail – Beaked sedge","Wm","wetland marsh"
"90","BGxh2/Wm04","+","Common spikerush","Wm","wetland marsh"
"91","BGxh2/Wm05","+","Cattail","Wm","wetland marsh"
"92","BGxh2/Wm06","+","Soft-stemmed bulrush","Wm","wetland marsh"
"93","BGxh2/Wm08","+","Three-square bulrush","Wm","wetland marsh"
"94","BGxh2/Wm11","+","Seacoast bulrush","Wm","wetland marsh"
"95","BGxh3/101","+","Big sagebrush – Bluebunch wheatgrass",NA,NA
"96","BGxh3/111","+","Fd – Rocky Mountain juniper – Bluebunch wheatgrass",NA,NA
"97","BGxh3/113","+","Act(Fd) – Douglas' maple – Snowberry","Fm","mid fluvial bench"
"98","BGxh3/Ff01","+","Water birch – Red-osier dogwood – Rose","Ff","fringe fluvial "
"99","BGxh3/Ff01a","+","Water birch – Red-osier dogwood – Rose; Fringe phase","Ff","fringe fluvial "
"100","BGxh3/Ff02","+","Snowberry – Prairie rose","Ff","fringe fluvial "
"101","BGxh3/Ff03","+","Water birch – Rose – Giant wildrye","Ff","fringe fluvial "
"102","BGxh3/Fl06","+","Sandbar willow – Scouring-rush","Fl","low fluvial bench"
"103","BGxh3/Gg03","+","Bluebunch wheatgrass – Selaginella","Gg","grassland "
"104","BGxh3/Gg04","+","Bluebunch wheatgrass – Junegrass – Pussytoes","Gg","grassland "
"105","BGxh3/Gg25","+","Sand dropseed – Needle-and-thread grass","Gg","grassland "
"106","BGxh3/Gg27","+","Needle-and-thread grass – Prairie sagewort","Gg","grassland "
"107","BGxh3/Gs02","+","Big sagebrush – Bluebunch wheatgrass – Sand dropseed","Gs","shrub-steppe"
"108","BGxh3/Gs02$2.1","+","Bluebunch wheatgrass","Gs","shrub-steppe"
"109","BGxh3/Gs02a","+","Big sagebrush – Bluebunch wheatgrass – Sand dropseed; Cool phase","Gs","shrub-steppe"
"110","BGxh3/Gs02b","+","Big sagebrush – Bluebunch wheatgrass – Sand dropseed; Warm phase","Gs","shrub-steppe"
"111","BGxh3/Gs05","+","Rocky Mountain juniper – Big sagebrush – Bluebunch wheatgrass","Gs","shrub-steppe"
"112","BGxh3/Ro04","+","Big sagebrush – Selaginella – Bluebunch wheatgrass","Ro","rocky outcrop"
"113","BGxh3/Rt04","+","Saskatoon – Bluebunch wheatgrass","Rt","talus"
"114","BGxh3/Rt04a","+","Saskatoon – Bluebunch wheatgrass; Cool  phase","Rt","talus"
"115","BGxh3/Rt04b","+","Saskatoon – Bluebunch wheatgrass; Warm phase","Rt","talus"
"116","BGxh3/Wm04","+","Common spikerush","Wm","wetland marsh"
"117","BGxh3/Wm05","+","Cattail","Wm","wetland marsh"
"118","BGxh3/Wm06","+","Soft-stemmed bulrush","Wm","wetland marsh"
"119","BGxw1/101","+","Bluebunch wheatgrass – Junegrass – Pussytoes",NA,NA
"120","BGxw1/101$2.1","+","Needle-and-thread grass – Cheatgrass",NA,NA
"121","BGxw1/101$3.1","+","Big sagebrush – Bluebunch wheatgrass – Sandberg's bluegrass",NA,NA
"122","BGxw1/102","+","Py – Rabbit-brush – Bluebunch wheatgrass",NA,NA
"123","BGxw1/110","+","Py(Fd) – Bluebunch wheatgrass – Rough fescue",NA,NA
"124","BGxw1/111","+","Fd – Snowberry – Step moss",NA,NA
"125","BGxw1/Ff02","+","Snowberry – Prairie Rose","Ff","fringe fluvial "
"126","BGxw1/Ff04","+","Aspen – Snowberry – Roses","Ff","fringe fluvial "
"127","BGxw1/Ff05","+","Aspen – Dogwood – Nootka rose","Ff","fringe fluvial "
"128","BGxw1/Fl05","+","Drummond's willow – Bluejoint","Fl","low fluvial bench"
"129","BGxw1/Fm05","+","Cottonwood – Douglas-fir – Douglas' maple – Snowberry","Fm","mid fluvial bench"
"130","BGxw1/Ga01","+","Saltgrass","Ga","alkaline meadow"
"131","BGxw1/Ga01.1","+","Saltgrass","Ga","alkaline meadow"
"132","BGxw1/Ga02","+","Nuttall's alkaligrass – Foxtail barley","Ga","alkaline meadow"
"133","BGxw1/Ga02.1","+","Nuttall's alkaligrass – Foxtail barley","Ga","alkaline meadow"
"134","BGxw1/Ga02.2","+","Foxtail barley – Nuttall's alkaligrass","Ga","alkaline meadow"
"135","BGxw1/Ga05","+","Giant wildrye","Ga","alkaline meadow"
"136","BGxw1/Ga06","+","Seablite","Ga","alkaline meadow"
"137","BGxw1/Ga07","+","Red glasswort","Ga","alkaline meadow"
"138","BGxw1/Gb02","+","Saskatoon – Snowberry – Bluebunch wheatgrass","Gb","brushland"
"139","BGxw1/Gg01","+","Bluebunch wheatgrass – Prairie sagewort – Junegrass","Gg","grassland "
"140","BGxw1/Gg03","+","Bluebunch wheatgrass – Selaginella","Gg","grassland "
"141","BGxw1/Gg04","+","Bluebunch wheatgrass – Junegrass – Pussytoes","Gg","grassland "
"142","BGxw1/Gg04$2.1","+","Needle-and-thread grass – Cheatgrass","Gg","grassland "
"143","BGxw1/Gg04$3.1","+","Big sagebrush – Bluebunch wheatgrass – Sandberg's bluegrass","Gg","grassland "
"144","BGxw1/Gg10","+","Rough fescue – Bluebunch wheatgrass","Gg","grassland "
"145","BGxw1/Gg10$2.1","+","Bluebunch wheatgrass – Junegrass – Sandberg's bluegrass","Gg","grassland "
"146","BGxw1/Gg10$3.1","+","Big sagebrush – Bluebunch wheatgrass – Rough fescue","Gg","grassland "
"147","BGxw1/Gg12","+","Rough fescue – Yarrow – Three-flowered avens","Gg","grassland "
"148","BGxw1/Gg12$2.1","+","Rough fescue – Bluebunch wheatgrass – Yellow salsify","Gg","grassland "
"149","BGxw1/Gg12$2.2","+","Spreading needlegrass – Rough fescue – Kentucky bluegrass","Gg","grassland "
"150","BGxw1/Gg12$2.3","+","Spreading needlegrass – Columbia needlegrass","Gg","grassland "
"151","BGxw1/Gg12$2.5","+","Kentucky bluegrass – Yarrow","Gg","grassland "
"152","BGxw1/Gg12.1","+","Rough fescue – Yarrow – Three-flowered avens","Gg","grassland "
"153","BGxw1/Gg25","+","Sand dropseed – Needle-and-thread grass","Gg","grassland "
"154","BGxw1/Gs03","+","Big sagebrush – Bluebunch wheatgrass – Screw moss","Gs","shrub-steppe"
"155","BGxw1/Gs05","+","Rocky Mountain juniper – Big sagebrush – Bluebunch wheatgrass","Gs","shrub-steppe"
"156","BGxw1/Ro01","+","Selaginella – Bluebunch wheatgrass – Screw moss","Ro","rocky outcrop"
"157","BGxw1/Ro01.1","+","Selaginella – Bluebunch wheatgrass – Screw moss","Ro","rocky outcrop"
"158","BGxw1/Ro01.2","+","Selaginella – Screw moss","Ro","rocky outcrop"
"159","BGxw1/Ro04","+","Big sagebrush – Selaginella – Bluebunch wheatgrass","Ro","rocky outcrop"
"160","BGxw1/Ro04.1","+","Big sagebrush – Selaginella – Bluebunch wheatgrass","Ro","rocky outcrop"
"161","BGxw1/Ro04.2","+","Rabbit-brush – Big sagebrush – Selaginella – Bluebunch wheatgrass","Ro","rocky outcrop"
"162","BGxw1/Rt01","+","Rocktripe – Green map","Rt","talus"
"163","BGxw1/Rt04","+","Saskatoon – Bluebunch wheatgrass","Rt","talus"
"164","BGxw1/Rt05","+","Big sagebrush – Saskatoon – Bluebunch wheatgrass","Rt","talus"
"165","BGxw1/Wm02","+","Water horsetail – Beaked sedge","Wm","wetland marsh"
"166","BGxw1/Wm03","+","Awned sedge","Wm","wetland marsh"
"167","BGxw1/Wm04","+","Common spikerush","Wm","wetland marsh"
"168","BGxw1/Wm05","+","Cattail","Wm","wetland marsh"
"169","BGxw1/Wm06","+","Soft-stemmed bulrush","Wm","wetland marsh"
"170","BGxw1/Wm07","+","Baltic rush","Wm","wetland marsh"
"171","BGxw1/Wm08","+","Three-square bulrush","Wm","wetland marsh"
"172","BGxw1/Wm11","+","Seacoast bulrush","Wm","wetland marsh"
"173","BGxw1/Ws03","+","Bebb's willow – Bluejoint","Ws","wetland swamp"
"174","BGxw2/101","+","Bluebunch wheatgrass – Junegrass – Pussytoes",NA,NA
"175","BGxw2/101a","+","Bluebunch wheatgrass – Junegrass – Pussytoes; Typic phase",NA,NA
"176","BGxw2/101b","+","Bluebunch wheatgrass – Junegrass – Pussytoes; High Elevation phase",NA,NA
"177","BGxw2/101c","+","Bluebunch wheatgrass – Junegrass – Pussytoes; Steep Cool phase",NA,NA
"178","BGxw2/113","+","Fd – Pinegrass – Feather moss",NA,NA
"179","BGxw2/114","+","At – Douglas' maple – Western snowberry",NA,NA
"180","BGxw2/115","+","At – Prairie rose – Western snowberry",NA,NA
"181","BGxw2/Ff01","+","Water birch – Red-osier dogwood – Rose","Ff","fringe fluvial "
"182","BGxw2/Ff01b","+","Water birch – Red-osier dogwood – Rose; Grassland draw phase","Ff","fringe fluvial "
"183","BGxw2/Ff02","+","Snowberry – Prairie rose","Ff","fringe fluvial "
"184","BGxw2/Ga01","+","Saltgrass","Ga","alkaline meadow"
"185","BGxw2/Ga02","+","Nuttall's alkaligrass – Foxtail barley","Ga","alkaline meadow"
"186","BGxw2/Ga03","+","Field sedge","Ga","alkaline meadow"
"187","BGxw2/Gg01","+","Bluebunch wheatgrass – Prairie sagewort","Gg","grassland "
"188","BGxw2/Gg22","+","Spreading needlegrass – Northern bedstraw","Gg","grassland "
"189","BGxw2/Gg22$2.1","+","Kentucky bluegrass – Dandelion","Gg","grassland "
"190","BGxw2/Gg22a","+","Spreading needlegrass – Northern bedstraw; Depression phase","Gg","grassland "
"191","BGxw2/Gg22b","+","Spreading needlegrass – Northern bedstraw; Forest Edge phase","Gg","grassland "
"192","BGxw2/Gg24","+","Short-awned pocupinegrass – Junegrass – Clad lichen","Gg","grassland "
"193","BGxw2/Gg27","+","Needle-and-thread grass – Prairie sagewort","Gg","grassland "
"194","BGxw2/Gs01","+","Big sagebrush – Bluebunch wheatgrass","Gs","shrub-steppe"
"195","BGxw2/Ro04","+","Big sagebrush – Selaginella – Bluebunch wheatgrass","Ro","rocky outcrop"
"196","BGxw2/Rt04","+","Saskatoon – Bluebunch wheatgrass","Rt","talus"
"197","BGxw2/Wm03","+","Awned sedge","Wm","wetland marsh"
"198","BGxw2/Wm04","+","Common spikerush","Wm","wetland marsh"
"199","BGxw2/Wm05","+","Cattail","Wm","wetland marsh"
"200","BGxw2/Wm06","+","Soft-stemmed bulrush","Wm","wetland marsh"
"201","BGxw2/Wm07","+","Baltic rush","Wm","wetland marsh"
"202","BGxw2/Wm09","+","Inflated sedge","Wm","wetland marsh"
"203","BGxw2/Wm12","+","Woolly sedge","Wm","wetland marsh"
"204","BWBSdk/101","+","Sw – Soopolallie – Step moss",NA,NA
"205","BWBSdk/101$6B.1","+","At – Soopolallie – High Bush-cranberry",NA,NA
"206","BWBSdk/101a","+","Sw – Soopolallie – Step moss; Mesic phase",NA,NA
"207","BWBSdk/101b","+","Sw – Soopolallie – Step moss; Subhygric phase",NA,NA
"208","BWBSdk/102","+","Pl – Kinnikinnick – Lingonberry",NA,NA
"209","BWBSdk/102$6B.1","+","At – Soopolallie – Kinnikinnick",NA,NA
"210","BWBSdk/103$6B.1","+","At – Kinnikinnick – Fuzzy-spiked wildrye",NA,NA
"211","BWBSdk/104a","+","Sb – Labrador tea – Step moss; Freely drained phase",NA,NA
"212","BWBSdk/104b","+","Sw – Soopolallie – Step moss; Imperfectly drained phase",NA,NA
"213","BWBSdk/110$6B.1","+","At – Horsetail – Step moss",NA,NA
"214","BWBSdk/Fl01","+","Mountain alder – Common horsetail","Fl","low fluvial bench"
"215","BWBSdk/Fl03","+","Pacific willow – Red-osier dogwood – Horsetail","Fl","low fluvial bench"
"216","BWBSdk/Ga02","+","Nuttall's alkaligrass – Foxtail barley","Ga","alkaline meadow"
"217","BWBSdk/Gg51","+","Slender wildrye – Prairie wormwood","Gg","grassland "
"218","BWBSdk/Ro51","+","Juniper – Saskatoon – Kinnikinnick","Ro","rocky outcrop"
"219","BWBSdk/Wb03","+","Sb – Lingonberry – Peat moss","Wb","wetland bog "
"220","BWBSdk/Wb09","+","Sb – Horsetail – Peat mosses","Wb","wetland bog "
"221","BWBSdk/Wb11","+","Sb – Buckbean – Peat moss","Wb","wetland bog "
"222","BWBSdk/Wf01","+","Water sedge – Beaked sedge","Wf","wetland fen"
"223","BWBSdk/Wf02","+","Scrub birch – Water sedge","Wf","wetland fen"
"224","BWBSdk/Wf05","+","Slender sedge – Common hook moss","Wf","wetland fen"
"225","BWBSdk/Wf07","+","Scrub birch – Buckbean – Shore sedge","Wf","wetland fen"
"226","BWBSdk/Wf08","+","Shore sedge – Buckbean – Hook moss","Wf","wetland fen"
"227","BWBSdk/Wf11","+","Tufted clubrush – Star moss","Wf","wetland fen"
"228","BWBSdk/Wf14","+","Tea-leaved willow – Water sedge – Glow moss","Wf","wetland fen"
"229","BWBSdk/Wm01","+","Beaked sedge – Water sedge","Wm","wetland marsh"
"230","BWBSdk/Wm02","+","Water horsetail – Beaked sedge","Wm","wetland marsh"
"231","BWBSdk/Ws05","+","MacCalla's willow – Beaked sedge","Ws","wetland swamp"
"232","BWBSdk/Ws15","+","SwSb – Labrador tea – Glow moss","Ws","wetland swamp"
"233","BWBSmk/101","+","Sw – Lingonberry – Step moss",NA,NA
"234","BWBSmk/101$6B.1","+","At – Green alder – High bush-cranberry",NA,NA
"235","BWBSmk/101$6B.2","+","EpAt – Sarsaparilla",NA,NA
"236","BWBSmk/102","+","Pl – Kinnikinnick – Lingonberry",NA,NA
"237","BWBSmk/102$6B.1","+","At – Soopolallie – Kinnikinnick",NA,NA
"238","BWBSmk/103$6B.1","+","At – Rose – Fuzzy-spiked wildrye",NA,NA
"239","BWBSmk/104$6B.1","+","At – Labrador tea – Lingonberry",NA,NA
"240","BWBSmk/104a","+","Sb – Labrador tea – Step moss; Freely drained phase",NA,NA
"241","BWBSmk/104b","+","Sb – Labrador tea – Step moss; Imperfectly/poorly drained phase",NA,NA
"242","BWBSmk/110","+","Sw – Currant – Horsetail",NA,NA
"243","BWBSmk/110$6B.1","+","At – Horsetail – Step moss",NA,NA
"244","BWBSmk/Fl03","+","Pacific willow – Red-osier dogwood – Horsetail","Fl","low fluvial bench"
"245","BWBSmk/Fl05","+","Drummond's willow – Bluejoint","Fl","low fluvial bench"
"246","BWBSmk/Fl06","+","Sandbar willow","Fl","low fluvial bench"
"247","BWBSmk/Gb52","+","Prickly rose – Fuzzy-spiked wildrye","Gb","brushland"
"248","BWBSmk/Wb03","+","Sb – Lingonberry – Peat moss","Wb","wetland bog "
"249","BWBSmk/Wb05","+","Sb – Water sedge – Peat moss","Wb","wetland bog "
"250","BWBSmk/Wb06","+","Lt – Water sedge – Fen moss","Wb","wetland bog "
"251","BWBSmk/Wb09","+","Sb – Horsetail – Peat mosses","Wb","wetland bog "
"252","BWBSmk/Wb12","+","Scheuchzeria – Peat moss","Wb","wetland bog "
"253","BWBSmk/Wb14","+","Leatherleaf – Bog-rosemary – Peat moss","Wb","wetland bog "
"254","BWBSmk/Wf01","+","Water sedge – Beaked sedge","Wf","wetland fen"
"255","BWBSmk/Wf02","+","Scrub birch – Water sedge","Wf","wetland fen"
"256","BWBSmk/Wf04","+","Barclay's willow – Water sedge – Glow moss","Wf","wetland fen"
"257","BWBSmk/Wf05","+","Slender sedge – Common hook moss","Wf","wetland fen"
"258","BWBSmk/Wf08","+","Shore sedge – Buckbean – Hook moss","Wf","wetland fen"
"259","BWBSmk/Wf18","+","Lt – Buckbean – Shore sedge","Wf","wetland fen"
"260","BWBSmk/Wm01","+","Beaked sedge – Water sedge","Wm","wetland marsh"
"261","BWBSmk/Wm02","+","Water horsetail – Beaked sedge","Wm","wetland marsh"
"262","BWBSmk/Wm15","+","Bluejoint – Water sedge","Wm","wetland marsh"
"263","BWBSmk/Ws14","+","Mountain alder – Willow – Bluejoint","Ws","wetland swamp"
"264","BWBSmk/Ws15","+","SwSb – Labrador tea – Glow moss","Ws","wetland swamp"
"265","BWBSmw/101","+","Sw – Trailing raspberry – Step moss",NA,NA
"266","BWBSmw/101$6B.1","+","At – Rose – Creamy peavine",NA,NA
"267","BWBSmw/102","+","Pl – Kinnikinnick – Lingonberry",NA,NA
"268","BWBSmw/102$6B.1","+","At – Soopolallie – Kinnikinnick",NA,NA
"269","BWBSmw/103$6B.1","+","At – Rose – Fuzzy-spiked wildrye",NA,NA
"270","BWBSmw/104$6B.1","+","At – Labrador tea – Lingonberry",NA,NA
"271","BWBSmw/110","+","Sw – Oak fern – Sarsaparilla",NA,NA
"272","BWBSmw/110$6B.1","+","At – High bush-cranberry – Oak fern",NA,NA
"273","BWBSmw/111$6B.1","+","Acb – Dogwood – High bush-cranberry",NA,NA
"274","BWBSmw/111$6B.2","+","At – Cow parsnip – Meadowrue",NA,NA
"275","BWBSmw/Gb51","+","Saskatoon – Blue wildrye","Gb","brushland"
"276","BWBSmw/Gg51","+","Slender wildrye – Prairie wormwood","Gg","grassland "
"277","BWBSmw/Wb01","+","Sb – Creeping-snowberry – Sphagnum","Wb","wetland bog "
"278","BWBSmw/Wb03","+","Sb – Lingonberry – Peat moss","Wb","wetland bog "
"279","BWBSmw/Wb05","+","Sb – Water sedge – Peat moss","Wb","wetland bog "
"280","BWBSmw/Wb06","+","Lt – Water sedge – Fen moss","Wb","wetland bog "
"281","BWBSmw/Wb09","+","Sb – Horsetail – Peat mosses","Wb","wetland bog "
"282","BWBSmw/Wf01","+","Water sedge – Beaked sedge","Wf","wetland fen"
"283","BWBSmw/Wf02","+","Scrub birch – Water sedge","Wf","wetland fen"
"284","BWBSmw/Wf18","+","Lt – Buckbean – Shore sedge","Wf","wetland fen"
"285","BWBSmw/Ws15","+","SwSb – Labrador tea – Glow moss","Ws","wetland swamp"
"286","BWBSwk1/101","+","SwBl – Huckleberry – Feather moss",NA,NA
"287","BWBSwk1/101$6B.1","+","At – Birch-leaved spirea – Huckleberry",NA,NA
"288","BWBSwk1/102","+","Pl – Lingonberry – Reindeer lichens",NA,NA
"289","BWBSwk1/102$6B.1","+","At – Kinnikinnick – Fuzzy-spiked wildrye",NA,NA
"290","BWBSwk1/103$6B.1","+","At – Rose – Fuzzy-spiked wildrye",NA,NA
"291","BWBSwk1/104$6B.1","+","At – Labrador tea – Lingonberry",NA,NA
"292","BWBSwk1/110","+","Sw – Currant – Horsetail",NA,NA
"293","BWBSwk1/110$6B.1","+","AcbAt – Cow parsnip",NA,NA
"294","BWBSwk1/110$6B.2","+","At – High bush-cranberry – Oak fern",NA,NA
"295","BWBSwk1/Gb51","+","Saskatoon – Blue wildrye","Gb","brushland"
"296","BWBSwk1/Wb06","+","Lt – Water sedge – Fen moss","Wb","wetland bog "
"297","BWBSwk1/Wb09","+","Sb – Horsetail – Peat mosses","Wb","wetland bog "
"298","BWBSwk1/Wf01","+","Water sedge – Beaked sedge","Wf","wetland fen"
"299","BWBSwk1/Wf02","+","Scrub birch – Water sedge","Wf","wetland fen"
"300","BWBSwk1/Wf14","+","Tea-leaved willow – Water sedge – Glow moss","Wf","wetland fen"
"301","BWBSwk2/101","+","SwBl – Huckleberry – Feather moss",NA,NA
"302","BWBSwk2/101$6B.1","+","At – Sitka alder – High bush-cranberry",NA,NA
"303","BWBSwk2/102","+","Pl – Lingonberry – Reindeer lichens",NA,NA
"304","BWBSwk2/102$6B.1","+","At – Kinnikinnick – Fuzzy-spiked wildrye",NA,NA
"305","BWBSwk2/103$6B.1","+","At – Rose – Fuzzy-spiked wildrye",NA,NA
"306","BWBSwk2/104$6B.1","+","At – Labrador tea – Lingonberry",NA,NA
"307","BWBSwk2/110","+","Sw – Currant – Bluebells",NA,NA
"308","BWBSwk2/110$6B.1","+","At – High bush-cranberry – Bluebells",NA,NA
"309","BWBSwk2/111$6B.1","+","AcbAt – Cow parsnip",NA,NA
"310","BWBSwk3/101","+","SwBl – Huckleberry – Feather moss",NA,NA
"311","BWBSwk3/102","+","Pl – Crowberry – Lingonberry",NA,NA
"312","BWBSwk3/110","+","Sw – Currant – Horsetail",NA,NA
"313","BWBSwk3/111","+","Sb – Horsetail – Step moss",NA,NA
"314","CDFmm/101","+","Fdc – Salal – Dull Oregon-grape",NA,NA
"315","CDFmm/102","+","FdcRa – Heron's-bill mosses – Rock mosses",NA,NA
"316","CDFmm/102.1","+","FdcRa – Heron's-bill mosses – Rock mosses; Typic variation",NA,NA
"317","CDFmm/102.2","+","FdcRa – Heron's-bill mosses – Rock mosses; Selaginella variation",NA,NA
"318","CDFmm/103","+","Qg – Broad-leaved stonecrop – Heron's-bill mosses",NA,NA
"319","CDFmm/104","+","FdcRa – Salal",NA,NA
"320","CDFmm/105","+","FdcRa – Oceanspray – Oniongrass",NA,NA
"321","CDFmm/106","+","Qg – Oceanspray – Polypody ferns",NA,NA
"322","CDFmm/110","+","CwFdc – Dull Oregon-grape – Sword fern",NA,NA
"323","CDFmm/111","+","FdcHw – Red huckleberry – Salal",NA,NA
"324","CDFmm/112","+","CwBg – Sword fern – Foamflower",NA,NA
"325","CDFmm/112a","+","CwBg – Sword fern – Foamflower; Typic phase",NA,NA
"326","CDFmm/112b","+","CwBg – Sword fern – Foamflower; Fluctuating water table phase",NA,NA
"327","CDFmm/Bb01","+","American searocket – Seabeach sandwort","Bb","beachland"
"328","CDFmm/Bb02","+","Dune lymegrass","Bb","beachland"
"329","CDFmm/Bb02.1","+","Dune lymegrass; Typic variation","Bb","beachland"
"330","CDFmm/Bb02.2","+","Dune lymegrass; Sparse variation","Bb","beachland"
"331","CDFmm/Bb02.3","+","Dune lymegrass; Beach peavine variation","Bb","beachland"
"332","CDFmm/Bb03","+","Large-headed sedge – Dune bluegrass","Bb","beachland"
"333","CDFmm/Bb04","+","Silver burr ragweed","Bb","beachland"
"334","CDFmm/Bb05","+","Beach strawberry – Red fescue – Dune tansy","Bb","beachland"
"335","CDFmm/Bb06","+","Salal – Slender beaked moss","Bb","beachland"
"336","CDFmm/Bb07","+","Kinnikinnick – Grey rock moss","Bb","beachland"
"337","CDFmm/Bb08","+","Field wormwood – Red fescue – Grey rock moss","Bb","beachland"
"338","CDFmm/Bb09","+","Grey rock moss","Bb","beachland"
"339","CDFmm/Bb10","+","Dune bluegrass","Bb","beachland"
"340","CDFmm/Bb11","+","Yellow sand-verbena","Bb","beachland"
"341","CDFmm/Ed01","+","Tufted hairgrass – Meadow barley",NA,NA
"342","CDFmm/Ed03","+","Arctic rush – Alaska plantain",NA,NA
"343","CDFmm/Ed04","+","Cow parsnip – Silverweed cinquefoil",NA,NA
"344","CDFmm/Em01","+","Sea ditch-grass",NA,NA
"345","CDFmm/Em02","+","Pacific glasswort – Saltgrass",NA,NA
"346","CDFmm/Em03","+","Saltgrass",NA,NA
"347","CDFmm/Em05","+","Lyngbye's sedge",NA,NA
"348","CDFmm/Em07","+","Common spikerush – Lyngbye's sedge",NA,NA
"349","CDFmm/Es01","+","Crabapple – Lily-of-the-valley – Angelicas",NA,NA
"350","CDFmm/Es02","+","Sitka willow – Lily-of-the-valley",NA,NA
"351","CDFmm/Fl51","+","Dr – Salmonberry – Horsetail","Fl","low fluvial bench"
"352","CDFmm/Gg60","+","California oatgrass – Roemer's fescue – Woolly-sunflower","Gg","grassland "
"353","CDFmm/Gg61","+","California oatgrass – Triteleia – Small-leaved monkeyflower","Gg","grassland "
"354","CDFmm/Gg62","+","Small-leaved bentgrass – Bear's-foot sanicle – Puget Sound gumweed","Gg","grassland "
"355","CDFmm/Gg63","+","Purple sanicle – Ross' sedge – Oval sedge","Gg","grassland "
"356","CDFmm/Ro60","+","Wallace's selaginella – Long rock moss","Ro","rocky outcrop"
"357","CDFmm/Ro60.1","+","Wallace's selaginella – Long rock moss; Typic variation","Ro","rocky outcrop"
"358","CDFmm/Ro60.2","+","Wallace's selaginella – Long rock moss; Parsley fern variation","Ro","rocky outcrop"
"359","CDFmm/Ro61","+","Grey rock moss – Clad lichens","Ro","rocky outcrop"
"360","CDFmm/Ro61.1","+","Grey rock moss – Clad lichens; Typic variation","Ro","rocky outcrop"
"361","CDFmm/Ro61.2","+","Grey rock moss – Clad lichens; Parsley fern variation","Ro","rocky outcrop"
"362","CDFmm/Wb50","+","Labrador tea – Bog-laurel – Peat mosses","Wb","wetland bog "
"363","CDFmm/Wb55","+","Plc – Labrador tea – Peat mosses","Wb","wetland bog "
"364","CDFmm/Wb55.1","+","Plc – Labrador tea – Peat mosses; Typic variation","Wb","wetland bog "
"365","CDFmm/Wb55.2","+","Plc – Labrador tea – Peat mosses; Bog blueberry variation","Wb","wetland bog "
"366","CDFmm/Wb56","+","PlcHw – Salal – Peat mosses","Wb","wetland bog "
"367","CDFmm/Wf06","+","Slender sedge – Buckbean","Wf","wetland fen"
"368","CDFmm/Wf51","+","Sitka sedge – Peat mosses","Wf","wetland fen"
"369","CDFmm/Wf52","+","Sweet gale – Sitka sedge","Wf","wetland fen"
"370","CDFmm/Wf53","+","Slender sedge – White beakrush","Wf","wetland fen"
"371","CDFmm/Wm04","+","Common spikerush","Wm","wetland marsh"
"372","CDFmm/Wm05","+","Cattail","Wm","wetland marsh"
"373","CDFmm/Wm06","+","Soft-stemmed bulrush","Wm","wetland marsh"
"374","CDFmm/Wm09","+","Inflated sedge","Wm","wetland marsh"
"375","CDFmm/Wm11","+","Seacoast bulrush","Wm","wetland marsh"
"376","CDFmm/Wm50","+","Sitka sedge – Water-parsley","Wm","wetland marsh"
"377","CDFmm/Wm50.1","+","Sitka sedge – Water-parsley; Typic variation","Wm","wetland marsh"
"378","CDFmm/Wm51","+","Three-way marsh-sedge","Wm","wetland marsh"
"379","CDFmm/Wm52","+","Water horsetail – Sitka sedge","Wm","wetland marsh"
"380","CDFmm/Ws50","+","Pink spirea – Sitka sedge","Ws","wetland swamp"
"381","CDFmm/Ws51","+","Sitka willow – Pacific willow – Skunk cabbage","Ws","wetland swamp"
"382","CDFmm/Ws51.1","+","Sitka willow – Pacific willow – Skunk cabbage; Typic variation","Ws","wetland swamp"
"383","CDFmm/Ws52","+","Dr – Skunk cabbage","Ws","wetland swamp"
"384","CDFmm/Ws53","+","Cw – Osoberry – Skunk cabbage","Ws","wetland swamp"
"385","CDFmm/Ws57","+","CwHw – Skunk cabbage","Ws","wetland swamp"
"386","CDFmm/Ws58","+","CwHw – Slough sedge","Ws","wetland swamp"
"387","CDFmm/Ws58.1","+","CwHw – Slough sedge; Typic variation","Ws","wetland swamp"
"388","CDFmm/Ws61","+","Dr – Slough sedge","Ws","wetland swamp"
"389","CDFmm/Ws62","+","ActAt – Slough sedge","Ws","wetland swamp"
"390","CMAwh/Ah33","+","Alaskan & White Mountain-heathers – Tufted hairgrass","Ah","alpine heath"
"391","CMAwh/Ah34","+","Yellow mountain-heath– Bog blueberry – Crowberry","Ah","alpine heath"
"392","CMAwh/Am34","+","Tufted hairgrass – Calder's lovage",NA,NA
"393","CWHdm1/101","+","FdcHw – Red huckleberry – Salal",NA,NA
"394","CWHdm1/101a","+","FdcHw – Red Huckleberry – Salal; Typic phase",NA,NA
"395","CWHdm1/101b","+","FdcHw – Red huckleberry – Salal; Poor phase",NA,NA
"396","CWHdm1/102","+","FdcRa – Heron's-bill mosses – Rock mosses",NA,NA
"397","CWHdm1/103","+","FdcHw – Salal – Step moss",NA,NA
"398","CWHdm1/104","+","FdCw – Dull Oregon-grape – Baldhip rose",NA,NA
"399","CWHdm1/110","+","FdcHwCw – Sword fern",NA,NA
"400","CWHdm1/111","+","CwHw – Deer fern – Sword fern",NA,NA
"401","CWHdm1/112","+","HwCw – Sword fern – Vanilla-leaf",NA,NA
"402","CWHdm1/112a","+","HwCw – Sword fern – Vanilla-leaf; Typic phase",NA,NA
"403","CWHdm1/112b","+","HwCw – Sword fern – Vanilla-leaf; Fluctuating water table phase",NA,NA
"404","CWHdm1/Bb01","+","American searocket – Seabeach sandwort","Bb","beachland"
"405","CWHdm1/Bb02","+","Dune lymegrass","Bb","beachland"
"406","CWHdm1/Bb03","+","Large-headed sedge – Dune bluegrass","Bb","beachland"
"407","CWHdm1/Bb04","+","Silver burr ragweed","Bb","beachland"
"408","CWHdm1/Bb05","+","Beach strawberry – Red fescue – Dune tansy","Bb","beachland"
"409","CWHdm1/Bb06","+","Salal – Slender beaked moss","Bb","beachland"
"410","CWHdm1/Bb07","+","Kinnikinnick – Grey rock moss","Bb","beachland"
"411","CWHdm1/Bb08","+","Field wormwood – Red fescue – Grey rock moss","Bb","beachland"
"412","CWHdm1/Bb09","+","Grey rock moss","Bb","beachland"
"413","CWHdm1/Bb10","+","Dune bluegrass","Bb","beachland"
"414","CWHdm1/Bb11","+","Yellow sand-verbena","Bb","beachland"
"415","CWHdm1/Ed01","+","Tufted hairgrass – Meadow barley",NA,NA
"416","CWHdm1/Ed03","+","Arctic rush – Alaska plantain",NA,NA
"417","CWHdm1/Ed04","+","Cow parsnip – Silverweed cinquefoil",NA,NA
"418","CWHdm1/Em01","+","Sea ditch-grass",NA,NA
"419","CWHdm1/Em02","+","Pacific glasswort – Saltgrass",NA,NA
"420","CWHdm1/Em03","+","Saltgrass",NA,NA
"421","CWHdm1/Em05","+","Lyngbye's sedge",NA,NA
"422","CWHdm1/Em07","+","Common spikerush – Lyngbye's sedge",NA,NA
"423","CWHdm1/Es01","+","Crabapple – Lily-of-the-valley – Angelicas",NA,NA
"424","CWHdm1/Es02","+","Sitka willow – Lily-of-the-valley",NA,NA
"425","CWHdm1/Fl51","+","Dr – Salmonberry – Horsetail","Fl","low fluvial bench"
"426","CWHdm1/Fl52","+","Sitka willow – Salmonberry – Horsetail","Fl","low fluvial bench"
"427","CWHdm1/Gg60","+","California oatgrass – Roemer's fescue – Woolly-sunflower","Gg","grassland "
"428","CWHdm1/Gg61","+","California oatgrass – Triteleia – Small-leaved monkeyflower","Gg","grassland "
"429","CWHdm1/Gg63","+","Purple sanicle – Ross' sedge – Oval sedge","Gg","grassland "
"430","CWHdm1/Ro60","+","Wallace's selaginella – Long rock moss","Ro","rocky outcrop"
"431","CWHdm1/Ro60.1","+","Wallace's selaginella – Long rock moss; Typic variation","Ro","rocky outcrop"
"432","CWHdm1/Ro60.2","+","Wallace's selaginella – Long rock moss; Parsley fern variation","Ro","rocky outcrop"
"433","CWHdm1/Ro61","+","Grey rock moss – Clad lichens","Ro","rocky outcrop"
"434","CWHdm1/Ro61.1","+","Grey rock moss – Clad lichens; Typic variation","Ro","rocky outcrop"
"435","CWHdm1/Ro61.2","+","Grey rock moss – Clad lichens; Parsley fern variation","Ro","rocky outcrop"
"436","CWHdm1/Wb50","+","Labrador tea – Bog-laurel – Peat mosses","Wb","wetland bog "
"437","CWHdm1/Wb55","+","Plc – Labrador tea – Peat mosses","Wb","wetland bog "
"438","CWHdm1/Wb55.1","+","Plc – Labrador tea – Peat mosses; Typic variation","Wb","wetland bog "
"439","CWHdm1/Wb56","+","PlcHw – Salal – Peat mosses","Wb","wetland bog "
"440","CWHdm1/Wf51","+","Sitka sedge – Peat mosses","Wf","wetland fen"
"441","CWHdm1/Wf52","+","Sweet gale – Sitka sedge","Wf","wetland fen"
"442","CWHdm1/Wf52.1","+","Sweet gale – Sitka sedge; Typic variation","Wf","wetland fen"
"443","CWHdm1/Wf53","+","Slender sedge – White beakrush","Wf","wetland fen"
"444","CWHdm1/Wm05","+","Cattail","Wm","wetland marsh"
"445","CWHdm1/Wm06","+","Soft-stemmed bulrush","Wm","wetland marsh"
"446","CWHdm1/Wm50","+","Sitka sedge – Water-parsley","Wm","wetland marsh"
"447","CWHdm1/Wm50.1","+","Sitka sedge – Water-parsley; Typic variation","Wm","wetland marsh"
"448","CWHdm1/Wm50.3","+","Sitka sedge – Water-parsley; Inflated sedge variation","Wm","wetland marsh"
"449","CWHdm1/Wm51","+","Three-way marsh-sedge","Wm","wetland marsh"
"450","CWHdm1/Wm52","+","Water horsetail – Sitka sedge","Wm","wetland marsh"
"451","CWHdm1/Ws50","+","Pink spirea – Sitka sedge","Ws","wetland swamp"
"452","CWHdm1/Ws51","+","Sitka willow – Pacific willow – Skunk cabbage","Ws","wetland swamp"
"453","CWHdm1/Ws51.1","+","Sitka willow – Pacific willow – Skunk cabbage; Typic variation","Ws","wetland swamp"
"454","CWHdm1/Ws51.2","+","Sitka willow – Pacific willow – Skunk cabbage; Small-flowered bulrush variation","Ws","wetland swamp"
"455","CWHdm1/Ws56","+","SsHw – Skunk cabbage","Ws","wetland swamp"
"456","CWHdm1/Ws56.1","+","SsHw – Skunk cabbage; CwHw variation","Ws","wetland swamp"
"457","CWHdm1/Ws57","+","CwHw – Skunk cabbage","Ws","wetland swamp"
"458","CWHdm1/Ws58","+","CwHw – Slough sedge","Ws","wetland swamp"
"459","CWHdm1/Ws58.1","+","CwHw – Slough sedge; Typic variation","Ws","wetland swamp"
"460","CWHdm1/Ws61","+","Dr – Slough sedge","Ws","wetland swamp"
"461","CWHdm1/Ws62","+","ActAt – Slough sedge","Ws","wetland swamp"
"462","CWHdm2/101","+","FdcHw – Red huckleberry – Salal",NA,NA
"463","CWHdm2/101a","+","FdcHw – Red huckleberry – Salal; Typic phase",NA,NA
"464","CWHdm2/101b","+","FdcHw – Red huckleberry – Salal; Poor phase",NA,NA
"465","CWHdm2/102","+","PlcFdc – Rock mosses – Clad lichens",NA,NA
"466","CWHdm2/103","+","FdcPlc – Salal – Step moss",NA,NA
"467","CWHdm2/104","+","FdcHw – Salal – Step moss",NA,NA
"468","CWHdm2/105","+","FdcHwCw – Sword fern",NA,NA
"469","CWHdm2/110","+","HwFdc – Sword fern – Vanilla-leaf",NA,NA
"470","CWHdm2/111","+","CwHw – Salal – Deer fern",NA,NA
"471","CWHdm2/112","+","HwCw – Sword fern – Vanilla-leaf",NA,NA
"472","CWHdm2/112.1","+","HwCw – Sword fern – Vanilla-leaf; Salmonberry variation",NA,NA
"473","CWHdm2/112.2","+","HwCw – Sword fern – Vanilla-leaf; Devil's club variation",NA,NA
"474","CWHdm2/Bb01","+","American searocket – Seabeach sandwort","Bb","beachland"
"475","CWHdm2/Bb02","+","Dune lymegrass","Bb","beachland"
"476","CWHdm2/Ed01","+","Tufted hairgrass – Meadow barley",NA,NA
"477","CWHdm2/Ed03","+","Arctic rush – Alaska plantain",NA,NA
"478","CWHdm2/Ed04","+","Cow parsnip – Silverweed cinquefoil",NA,NA
"479","CWHdm2/Em01","+","Sea ditch-grass",NA,NA
"480","CWHdm2/Em02","+","Pacific glasswort – Saltgrass",NA,NA
"481","CWHdm2/Em03","+","Saltgrass",NA,NA
"482","CWHdm2/Em05","+","Lyngbye's sedge",NA,NA
"483","CWHdm2/Em07","+","Common spikerush – Lyngbye's sedge",NA,NA
"484","CWHdm2/Es01","+","Crabapple – Lily-of-the-valley – Angelicas",NA,NA
"485","CWHdm2/Es02","+","Sitka willow – Lily-of-the-valley",NA,NA
"486","CWHdm2/Fl51","+","Dr – Salmonberry – Horsetail","Fl","low fluvial bench"
"487","CWHdm2/Fl52","+","Sitka willow – Salmonberry – Horsetail","Fl","low fluvial bench"
"488","CWHdm2/Gg60","+","California oatgrass – Roemer's fescue – Woolly-sunflower","Gg","grassland "
"489","CWHdm2/Gg61","+","California oatgrass – Triteleia – Small-leaved monkeyflower","Gg","grassland "
"490","CWHdm2/Gg62","+","Small-leaved bentgrass – Bear's-foot sanicle – Puget Sound gumweed","Gg","grassland "
"491","CWHdm2/Ro60","+","Wallace's selaginella – Long rock moss","Ro","rocky outcrop"
"492","CWHdm2/Ro60.1","+","Wallace's selaginella – Long rock moss; Typic variation","Ro","rocky outcrop"
"493","CWHdm2/Ro60.2","+","Wallace's selaginella – Long rock moss; Parsley fern variation","Ro","rocky outcrop"
"494","CWHdm2/Ro61","+","Grey rock moss – Clad lichens","Ro","rocky outcrop"
"495","CWHdm2/Ro61.1","+","Grey rock moss – Clad lichens; Typic variation","Ro","rocky outcrop"
"496","CWHdm2/Ro61.2","+","Grey rock moss – Clad lichens; Parsley fern variation","Ro","rocky outcrop"
"497","CWHdm2/Wb50","+","Labrador tea – Bog-laurel – Peat mosses","Wb","wetland bog "
"498","CWHdm2/Wb55","+","Plc – Labrador tea – Peat mosses","Wb","wetland bog "
"499","CWHdm2/Wb55.1","+","Plc – Labrador tea – Peat mosses; Typic variation","Wb","wetland bog "
"500","CWHdm2/Wb56","+","PlcHw – Salal – Peat mosses","Wb","wetland bog "
"501","CWHdm2/Wf51","+","Sitka sedge – Peat mosses","Wf","wetland fen"
"502","CWHdm2/Wf52","+","Sweet gale – Sitka sedge","Wf","wetland fen"
"503","CWHdm2/Wf52.1","+","Sweet gale – Sitka sedge; Typic variation","Wf","wetland fen"
"504","CWHdm2/Wf53","+","Slender sedge – White beakrush","Wf","wetland fen"
"505","CWHdm2/Wm05","+","Cattail","Wm","wetland marsh"
"506","CWHdm2/Wm06","+","Soft-stemmed bulrush","Wm","wetland marsh"
"507","CWHdm2/Wm50","+","Sitka sedge – Water-parsley","Wm","wetland marsh"
"508","CWHdm2/Wm50.1","+","Sitka sedge – Water-parsley; Typic variation","Wm","wetland marsh"
"509","CWHdm2/Wm50.3","+","Sitka sedge – Water-parsley; Inflated sedge variation","Wm","wetland marsh"
"510","CWHdm2/Wm51","+","Three-way marsh-sedge","Wm","wetland marsh"
"511","CWHdm2/Wm52","+","Water horsetail – Sitka sedge","Wm","wetland marsh"
"512","CWHdm2/Ws50","+","Pink spirea – Sitka sedge","Ws","wetland swamp"
"513","CWHdm2/Ws51","+","Sitka willow – Pacific willow – Skunk cabbage","Ws","wetland swamp"
"514","CWHdm2/Ws51.2","+","Sitka willow – Pacific willow – Skunk cabbage; Small-flowered bulrush variation","Ws","wetland swamp"
"515","CWHdm2/Ws56","+","SsHw – Skunk cabbage","Ws","wetland swamp"
"516","CWHdm2/Ws56.1","+","SsHw – Skunk cabbage; CwHw variation","Ws","wetland swamp"
"517","CWHdm2/Ws57","+","CwHw – Skunk cabbage","Ws","wetland swamp"
"518","CWHdm2/Ws58","+","CwHw – Slough sedge","Ws","wetland swamp"
"519","CWHdm2/Ws58.1","+","CwHw – Slough sedge; Typic variation","Ws","wetland swamp"
"520","CWHdm3/101","+","FdcHw – Red huckleberry – Salal",NA,NA
"521","CWHdm3/102","+","PlcFdc – Rock mosses – Clad lichens",NA,NA
"522","CWHdm3/103","+","FdcHw – Salal – Step moss",NA,NA
"523","CWHdm3/104","+","FdcCw – Vine maple – Sword fern",NA,NA
"524","CWHdm3/110","+","FdcHwCw – Sword fern",NA,NA
"525","CWHdm3/111","+","CwFdc – Deer fern – Sword fern",NA,NA
"526","CWHdm3/112","+","HwCw – Vine maple – Sword fern",NA,NA
"527","CWHdm3/Ed01","+","Tufted hairgrass – Meadow barley",NA,NA
"528","CWHdm3/Ed03","+","Arctic rush – Alaska plantain",NA,NA
"529","CWHdm3/Ed04","+","Cow parsnip – Silverweed cinquefoil",NA,NA
"530","CWHdm3/Em01","+","Sea ditch-grass",NA,NA
"531","CWHdm3/Em02","+","Pacific glasswort – Saltgrass",NA,NA
"532","CWHdm3/Em03","+","Saltgrass",NA,NA
"533","CWHdm3/Em05","+","Lyngbye's sedge",NA,NA
"534","CWHdm3/Em07","+","Common spikerush – Lyngbye's sedge",NA,NA
"535","CWHdm3/Es01","+","Crabapple – Lily-of-the-valley – Angelicas",NA,NA
"536","CWHdm3/Es02","+","Sitka willow – Lily-of-the-valley",NA,NA
"537","CWHdm3/Fl51","+","Dr – Salmonberry – Horsetail","Fl","low fluvial bench"
"538","CWHdm3/Fl52","+","Sitka willow – Salmonberry – Horsetail","Fl","low fluvial bench"
"539","CWHdm3/Ro60","+","Wallace's selaginella – Long rock moss","Ro","rocky outcrop"
"540","CWHdm3/Ro60.1","+","Wallace's selaginella – Long rock moss; Typic variation","Ro","rocky outcrop"
"541","CWHdm3/Ro60.2","+","Wallace's selaginella – Long rock moss; Parsley fern variation","Ro","rocky outcrop"
"542","CWHdm3/Ro61","+","Grey rock moss – Clad lichens","Ro","rocky outcrop"
"543","CWHdm3/Ro61.1","+","Grey rock moss – Clad lichens; Typic variation","Ro","rocky outcrop"
"544","CWHdm3/Ro61.2","+","Grey rock moss – Clad lichens; Parsley fern variation","Ro","rocky outcrop"
"545","CWHdm3/Wb50","+","Labrador tea – Bog-laurel – Peat mosses","Wb","wetland bog "
"546","CWHdm3/Wb55","+","Plc – Labrador tea – Peat mosses","Wb","wetland bog "
"547","CWHdm3/Wb55.1","+","Plc – Labrador tea – Peat mosses; Typic variation","Wb","wetland bog "
"548","CWHdm3/Wb55.2","+","Plc – Labrador tea – Peat mosses; Bog blueberry variation","Wb","wetland bog "
"549","CWHdm3/Wb56","+","PlcHw – Salal – Peat mosses","Wb","wetland bog "
"550","CWHdm3/Wf51","+","Sitka sedge – Peat mosses","Wf","wetland fen"
"551","CWHdm3/Wf52","+","Sweet gale – Sitka sedge","Wf","wetland fen"
"552","CWHdm3/Wf52.1","+","Sweet gale – Sitka sedge; Typic variation","Wf","wetland fen"
"553","CWHdm3/Wf52.2","+","Sweet gale – Sitka sedge; Bluejoint reedgrass variation","Wf","wetland fen"
"554","CWHdm3/Wm05","+","Cattail","Wm","wetland marsh"
"555","CWHdm3/Wm06","+","Soft-stemmed bulrush","Wm","wetland marsh"
"556","CWHdm3/Wm50","+","Sitka sedge – Water-parsley","Wm","wetland marsh"
"557","CWHdm3/Wm50.1","+","Sitka sedge – Water-parsley; Typic variation","Wm","wetland marsh"
"558","CWHdm3/Wm50.2","+","Sitka sedge – Water-parsley; Bluejoint reedgrass variation","Wm","wetland marsh"
"559","CWHdm3/Wm51","+","Three-way marsh-sedge","Wm","wetland marsh"
"560","CWHdm3/Wm52","+","Water horsetail – Sitka sedge","Wm","wetland marsh"
"561","CWHdm3/Ws50","+","Pink spirea – Sitka sedge","Ws","wetland swamp"
"562","CWHdm3/Ws51","+","Sitka willow – Pacific willow – Skunk cabbage","Ws","wetland swamp"
"563","CWHdm3/Ws51.1","+","Sitka willow – Pacific willow – Skunk cabbage; Typic variation","Ws","wetland swamp"
"564","CWHdm3/Ws56","+","SsHw – Skunk cabbage","Ws","wetland swamp"
"565","CWHdm3/Ws56.1","+","SsHw – Skunk cabbage; CwHw variation","Ws","wetland swamp"
"566","CWHdm3/Ws58","+","CwHw – Slough sedge","Ws","wetland swamp"
"567","CWHdm3/Ws58.1","+","CwHw – Slough sedge; Typic variation","Ws","wetland swamp"
"568","CWHds1/101","+","HwFdc – Prince's pine – Step moss",NA,NA
"569","CWHds1/101a","+","HwFdc – Prince's pine – Step moss; Typic phase",NA,NA
"570","CWHds1/101b","+","HwFdc – Prince's pine – Step moss; Subxeric phase",NA,NA
"571","CWHds1/102","+","FdcPl – Rock mosses",NA,NA
"572","CWHds1/110","+","CwFdc – Sword fern – Foamflower",NA,NA
"573","CWHds1/111","+","Hw – Queen's cup",NA,NA
"574","CWHds1/112","+","CwFdc – Devil's club – Sword fern",NA,NA
"575","CWHds1/Bb01","+","American searocket – Seabeach sandwort","Bb","beachland"
"576","CWHds1/Bb02","+","Dune lymegrass","Bb","beachland"
"577","CWHds1/Ed01","+","Tufted hairgrass – Meadow barley",NA,NA
"578","CWHds1/Ed03","+","Arctic rush – Alaska plantain",NA,NA
"579","CWHds1/Ed04","+","Cow parsnip – Silverweed cinquefoil",NA,NA
"580","CWHds1/Em01","+","Sea ditch-grass",NA,NA
"581","CWHds1/Em02","+","Pacific glasswort – Saltgrass",NA,NA
"582","CWHds1/Em05","+","Lyngbye's sedge",NA,NA
"583","CWHds1/Em06","+","Lyngbye's sedge – Water-hemlock",NA,NA
"584","CWHds1/Em07","+","Common spikerush – Lyngbye's sedge",NA,NA
"585","CWHds1/Es01","+","Crabapple – Lily-of-the-valley – Angelicas",NA,NA
"586","CWHds1/Es02","+","Sitka willow – Lily-of-the-valley",NA,NA
"587","CWHds1/Fl51","+","Dr – Salmonberry – Horsetail","Fl","low fluvial bench"
"588","CWHds1/Wb51","+","Plc – Crowberry – Peat mosses","Wb","wetland bog "
"589","CWHds1/Wf51","+","Sitka sedge – Peat mosses","Wf","wetland fen"
"590","CWHds1/Wf52","+","Sweet gale – Sitka sedge","Wf","wetland fen"
"591","CWHds1/Wm05","+","Cattail","Wm","wetland marsh"
"592","CWHds1/Wm06","+","Soft-stemmed bulrush","Wm","wetland marsh"
"593","CWHds1/Wm50","+","Sitka sedge – Water-parsley","Wm","wetland marsh"
"594","CWHds1/Wm51","+","Three-way marsh-sedge","Wm","wetland marsh"
"595","CWHds1/Wm52","+","Water horsetail – Sitka sedge","Wm","wetland marsh"
"596","CWHds1/Ws56","+","SsHw – Skunk cabbage","Ws","wetland swamp"
"597","CWHds1/Ws56.1","+","SsHw – Skunk cabbage; CwHw variation","Ws","wetland swamp"
"598","CWHds2/101","+","HwFdc – Prince's pine – Step moss",NA,NA
"599","CWHds2/102","+","FdcPlHw – Kinnikinnick",NA,NA
"600","CWHds2/103","+","HwFdc – Twinflower – Cat's-tail moss",NA,NA
"601","CWHds2/110","+","HwCwFdc – Oak fern",NA,NA
"602","CWHds2/111","+","Hw – Queen's cup",NA,NA
"603","CWHds2/112","+","SsCw – Devil's club",NA,NA
"604","CWHds2/Bb01","+","American searocket – Seabeach sandwort","Bb","beachland"
"605","CWHds2/Bb02","+","Dune lymegrass","Bb","beachland"
"606","CWHds2/Ed01","+","Tufted hairgrass – Meadow barley",NA,NA
"607","CWHds2/Ed03","+","Arctic rush – Alaska plantain",NA,NA
"608","CWHds2/Ed04","+","Cow parsnip – Silverweed cinquefoil",NA,NA
"609","CWHds2/Em01","+","Sea ditch-grass",NA,NA
"610","CWHds2/Em02","+","Pacific glasswort – Saltgrass",NA,NA
"611","CWHds2/Em05","+","Lyngbye's sedge",NA,NA
"612","CWHds2/Em06","+","Lyngbye's sedge – Water-hemlock",NA,NA
"613","CWHds2/Em07","+","Common spikerush – Lyngbye's sedge",NA,NA
"614","CWHds2/Es01","+","Crabapple – Lily-of-the-valley – Angelicas",NA,NA
"615","CWHds2/Es02","+","Sitka willow – Lily-of-the-valley",NA,NA
"616","CWHds2/Fl51","+","Dr – Salmonberry – Horsetail","Fl","low fluvial bench"
"617","CWHds2/Wb51","+","Plc – Crowberry – Peat mosses","Wb","wetland bog "
"618","CWHds2/Wf51","+","Sitka sedge – Peat mosses","Wf","wetland fen"
"619","CWHds2/Wf52","+","Sweet gale – Sitka sedge","Wf","wetland fen"
"620","CWHds2/Ws50","+","Pink spirea – Sitka sedge","Ws","wetland swamp"
"621","CWHds2/Ws56","+","SsHw – Skunk cabbage","Ws","wetland swamp"
"622","CWHds2/Ws56.2","+","SsHw – Skunk cabbage; CwSs variation","Ws","wetland swamp"
"623","CWHmm1/101","+","HwBa – Blueberry – Pipecleaner moss",NA,NA
"624","CWHmm1/101a","+","HwBa – Blueberry – Pipecleaner moss; Typic phase",NA,NA
"625","CWHmm1/101b","+","HwBa – Blueberry – Pipecleaner moss; Poor phase",NA,NA
"626","CWHmm1/102","+","FdcPlc – Salal – Rock mosses",NA,NA
"627","CWHmm1/103","+","FdcHw – Salal – Prince's pine",NA,NA
"628","CWHmm1/104","+","HwFdc – Vanilla-leaf – Twinflower",NA,NA
"629","CWHmm1/110","+","HwFdc – Sword fern – Vanilla-leaf",NA,NA
"630","CWHmm1/111","+","HwBa – Blueberry – Deer fern",NA,NA
"631","CWHmm1/112","+","HwCw – Devil's club – Vanilla-leaf",NA,NA
"632","CWHmm1/Fl51","+","Dr – Salmonberry – Horsetail","Fl","low fluvial bench"
"633","CWHmm1/Fl52","+","Sitka willow – Salmonberry – Horsetail","Fl","low fluvial bench"
"634","CWHmm1/Gg60","+","California oatgrass – Roemer's fescue – Woolly-sunflower","Gg","grassland "
"635","CWHmm1/Wb50","+","Labrador tea – Bog-laurel – Peat mosses","Wb","wetland bog "
"636","CWHmm1/Wb51","+","Plc – Crowberry – Peat mosses","Wb","wetland bog "
"637","CWHmm1/Wb55","+","Plc – Labrador tea – Peat mosses","Wb","wetland bog "
"638","CWHmm1/Wb55.1","+","Plc – Labrador tea – Peat mosses; Typic variation","Wb","wetland bog "
"639","CWHmm1/Wf51","+","Sitka sedge – Peat mosses","Wf","wetland fen"
"640","CWHmm1/Wf52","+","Sweet gale – Sitka sedge","Wf","wetland fen"
"641","CWHmm1/Wf52.1","+","Sweet gale – Sitka sedge; Typic variation","Wf","wetland fen"
"642","CWHmm1/Wf53","+","Slender sedge – White beakrush","Wf","wetland fen"
"643","CWHmm1/Wm09","+","Inflated sedge","Wm","wetland marsh"
"644","CWHmm1/Wm50","+","Sitka sedge – Water-parsley","Wm","wetland marsh"
"645","CWHmm1/Wm50.3","+","Sitka sedge – Water-parsley; Inflated sedge variation","Wm","wetland marsh"
"646","CWHmm1/Wm51","+","Three-way marsh-sedge","Wm","wetland marsh"
"647","CWHmm1/Ws51","+","Sitka willow – Pacific willow – Skunk cabbage","Ws","wetland swamp"
"648","CWHmm1/Ws51.1","+","Sitka willow – Pacific willow – Skunk cabbage; Typic variation","Ws","wetland swamp"
"649","CWHmm1/Ws54","+","CwHw – Azalea – Skunk cabbage","Ws","wetland swamp"
"650","CWHmm1/Ws54.1","+","CwHw – Azalea – Skunk cabbage; Typic variation","Ws","wetland swamp"
"651","CWHmm1/Ws56","+","SsHw – Skunk cabbage","Ws","wetland swamp"
"652","CWHmm1/Ws56.1","+","SsHw – Skunk cabbage; CwHw variation","Ws","wetland swamp"
"653","CWHmm2/101","+","HwBa – Blueberry – Pipecleaner moss",NA,NA
"654","CWHmm2/101a","+","HwBa – Blueberry – Pipecleaner moss; Typic phase",NA,NA
"655","CWHmm2/101b","+","HwBa – Blueberry – Pipecleaner moss; Poor phase",NA,NA
"656","CWHmm2/102","+","HwFdc – Salal – Rock mosses",NA,NA
"657","CWHmm2/103","+","FdcHwYc – Salal – Prince's pine",NA,NA
"658","CWHmm2/110","+","HwBa – Blueberry – Vanilla-leaf",NA,NA
"659","CWHmm2/111","+","HmBaYc – Deer fern – Lanky moss",NA,NA
"660","CWHmm2/112","+","HwBa – Blueberry – Foamflower",NA,NA
"661","CWHmm2/113","+","BaHw – Devil's club – Lady fern",NA,NA
"662","CWHmm2/Ro62","+","Mountain-heather – Rock mosses","Ro","rocky outcrop"
"663","CWHmm2/Vh60","+","Lady fern – Cow parsnip – Goatsbeard","Vh","avalanche herb"
"664","CWHmm2/Vs60","+","Sitka alder – Salmonberry – Lady fern","Vs","avalanche shrub"
"665","CWHmm2/Vs60.1","+","Sitka alder – Salmonberry – Lady fern; Typic variation","Vs","avalanche shrub"
"666","CWHmm2/Vs60.2","+","Sitka alder – Salmonberry – Lady fern; Salmonberry variation","Vs","avalanche shrub"
"667","CWHmm2/Wb51","+","Plc – Crowberry – Peat mosses","Wb","wetland bog "
"668","CWHmm2/Wb57","+","PlcYc – Deer cabbage – Peat mosses","Wb","wetland bog "
"669","CWHmm2/Wf50","+","Narrow-leaved cotton-grass – Peat mosses","Wf","wetland fen"
"670","CWHmm2/Wf52","+","Sweet gale – Sitka sedge","Wf","wetland fen"
"671","CWHmm2/Wf53","+","Slender sedge – White beakrush","Wf","wetland fen"
"672","CWHmm2/Ws55","+","YcHm – Skunk cabbage","Ws","wetland swamp"
"673","CWHmm2/Ws58","+","CwHw – Slough sedge","Ws","wetland swamp"
"674","CWHmm2/Ws58.1","+","CwHw – Slough sedge; Typic variation","Ws","wetland swamp"
"675","CWHms3/101","+","HwBa – Blueberry – Queen's cup",NA,NA
"676","CWHms3/102","+","FdcPlHw – Feather moss – Rock mosses",NA,NA
"677","CWHms3/103","+","HwFdc – Huckleberry – Falsebox",NA,NA
"678","CWHms3/110","+","CwFdc – Sword fern – Foamflower",NA,NA
"679","CWHms3/111","+","HwBa – Azalea – Queen's cup",NA,NA
"680","CWHms3/112","+","BaHw – Devil's club – Oak fern",NA,NA
"681","CWHms3/Fl51","+","Dr – Salmonberry – Horsetail","Fl","low fluvial bench"
"682","CWHms3/Fm50.2","+","ActDr – Salmonberry; Devil's club variation","Fm","mid fluvial bench"
"683","CWHms3/Wb51","+","Plc – Crowberry – Peat mosses","Wb","wetland bog "
"684","CWHms3/Wf51","+","Sitka sedge – Peat mosses","Wf","wetland fen"
"685","CWHms3/Wf52","+","Sweet gale – Sitka sedge","Wf","wetland fen"
"686","CWHms3/Wm05","+","Cattail","Wm","wetland marsh"
"687","CWHms3/Wm06","+","Soft-stemmed bulrush","Wm","wetland marsh"
"688","CWHms3/Ws56","+","SsHw – Skunk cabbage","Ws","wetland swamp"
"689","CWHms3/Ws56.1","+","SsHw – Skunk cabbage; CwHw variation","Ws","wetland swamp"
"690","CWHms4/101","+","HwBa – Blueberry – Queen's cup",NA,NA
"691","CWHms4/102","+","HwPl – Feather moss – Clad lichens",NA,NA
"692","CWHms4/103","+","HwFdcBa – Blueberry",NA,NA
"693","CWHms4/110","+","HwBa – Foamflower",NA,NA
"694","CWHms4/111","+","HwBa – Azalea – Queen's cup",NA,NA
"695","CWHms4/112","+","HwBa – Devil's club – Oak fern",NA,NA
"696","CWHms4/Ro62","+","Mountain-heather – Rock mosses","Ro","rocky outcrop"
"697","CWHms4/Vh60","+","Lady fern – Cow parsnip – Goatsbeard","Vh","avalanche herb"
"698","CWHms4/Vs60","+","Sitka alder – Salmonberry – Lady fern","Vs","avalanche shrub"
"699","CWHms4/Vs60.1","+","Sitka alder – Salmonberry – Lady fern; Typic variation","Vs","avalanche shrub"
"700","CWHms4/Wb51","+","Plc – Crowberry – Peat mosses","Wb","wetland bog "
"701","CWHms4/Wf50","+","Narrow-leaved cotton-grass – Peat mosses","Wf","wetland fen"
"702","CWHms4/Ws50","+","Pink spirea – Sitka sedge","Ws","wetland swamp"
"703","CWHms4/Ws55","+","YcHm – Skunk cabbage","Ws","wetland swamp"
"704","CWHms5/101","+","HwBa – Blueberry – Queen's cup",NA,NA
"705","CWHms5/101.1","+","HwBa – Blueberry – Queen's cup; Typic variation",NA,NA
"706","CWHms5/101.2","+","HwBa – Blueberry – Queen's cup; Fd variation",NA,NA
"707","CWHms5/102","+","FdcPlHw – Kinnikinnick",NA,NA
"708","CWHms5/103","+","HwFdc – Huckleberry – Falsebox",NA,NA
"709","CWHms5/103.1","+","HwFdc – Huckleberry – Falsebox; Typic variation",NA,NA
"710","CWHms5/103.2","+","HwFdc – Huckleberry – Falsebox; Rhododendron variation",NA,NA
"711","CWHms5/110","+","BaCwFdc – Foamflower",NA,NA
"712","CWHms5/111","+","HwCw – Azalea – Queen's cup",NA,NA
"713","CWHms5/112","+","CwHw – Devil's club – Lady fern",NA,NA
"714","CWHms5/Fl51","+","Dr – Salmonberry – Horsetail","Fl","low fluvial bench"
"715","CWHms5/Wb51","+","Plc – Crowberry – Peat mosses","Wb","wetland bog "
"716","CWHms5/Ws56","+","SsHw – Skunk cabbage","Ws","wetland swamp"
"717","CWHms5/Ws56.1","+","SsHw – Skunk cabbage; CwHw variation","Ws","wetland swamp"
"718","CWHvh1/101","+","CwHw – Salal – Deer fern",NA,NA
"719","CWHvh1/102","+","PlcYc – Salal – Reindeer lichens",NA,NA
"720","CWHvh1/103","+","CwHw – Salal – Evergreen huckleberry",NA,NA
"721","CWHvh1/104","+","HwBa – Deer fern – Oregon beaked moss",NA,NA
"722","CWHvh1/105","+","HwBa – Deer fern – Sword fern",NA,NA
"723","CWHvh1/110","+","HwBa – Salmonberry – Foamflower",NA,NA
"724","CWHvh1/112","+","CwYc – Salal – Deer fern – Peat mosses",NA,NA
"725","CWHvh1/120.1","+","Ss – Salal – Beaked mosses; Salal variation",NA,NA
"726","CWHvh1/120.2","+","Ss – Salal – Beaked mosses; Reedgrass variation",NA,NA
"727","CWHvh1/Bb01","+","American searocket – Seabeach sandwort","Bb","beachland"
"728","CWHvh1/Bb02","+","Dune lymegrass","Bb","beachland"
"729","CWHvh1/Bb02.1","+","Dune lymegrass; Typic variation","Bb","beachland"
"730","CWHvh1/Bb02.2","+","Dune lymegrass; Sparse variation","Bb","beachland"
"731","CWHvh1/Bb02.3","+","Dune lymegrass; Beach peavine variation","Bb","beachland"
"732","CWHvh1/Bb03","+","Large-headed sedge – Dune bluegrass","Bb","beachland"
"733","CWHvh1/Bb04","+","Silver burr ragweed","Bb","beachland"
"734","CWHvh1/Bb05","+","Beach strawberry – Red fescue – Dune tansy","Bb","beachland"
"735","CWHvh1/Bb06","+","Salal – Slender beaked moss","Bb","beachland"
"736","CWHvh1/Bb07","+","Kinnikinnick – Grey rock moss","Bb","beachland"
"737","CWHvh1/Bb07.1","+","Kinnikinnick – Grey rock moss; Typic variation","Bb","beachland"
"738","CWHvh1/Bb07.2","+","Kinnikinnick – Grey rock moss; Rock moss variation","Bb","beachland"
"739","CWHvh1/Bb08","+","Field wormwood – Red fescue – Grey rock moss","Bb","beachland"
"740","CWHvh1/Bb09","+","Grey rock moss","Bb","beachland"
"741","CWHvh1/Bb10","+","Dune bluegrass","Bb","beachland"
"742","CWHvh1/Bb11","+","Yellow sand-verbena","Bb","beachland"
"743","CWHvh1/Ed01","+","Tufted hairgrass – Meadow barley",NA,NA
"744","CWHvh1/Ed04","+","Cow parsnip – Silverweed cinquefoil",NA,NA
"745","CWHvh1/Em01","+","Sea ditch-grass",NA,NA
"746","CWHvh1/Em02","+","Pacific glasswort – Saltgrass",NA,NA
"747","CWHvh1/Em05","+","Lyngbye's sedge",NA,NA
"748","CWHvh1/Em07","+","Common spikerush – Lyngbye's sedge",NA,NA
"749","CWHvh1/Es01","+","Crabapple – Lily-of-the-valley – Angelicas",NA,NA
"750","CWHvh1/Es02","+","Sitka willow – Lily-of-the-valley",NA,NA
"751","CWHvh1/Fl51","+","Dr – Salmonberry – Horsetail","Fl","low fluvial bench"
"752","CWHvh1/Ro61","+","Grey rock moss – Clad lichens","Ro","rocky outcrop"
"753","CWHvh1/Ro61.1","+","Grey rock moss – Clad lichens; Typic variation","Ro","rocky outcrop"
"754","CWHvh1/Ro61.2","+","Grey rock moss – Clad lichens; Parsley fern variation","Ro","rocky outcrop"
"755","CWHvh1/Wb51","+","Plc – Crowberry – Peat mosses","Wb","wetland bog "
"756","CWHvh1/Wb53","+","PlcYc – Tufted clubrush","Wb","wetland bog "
"757","CWHvh1/Wb53.2","+","PlcYc – Tufted clubrush; Tall shrub variation","Wb","wetland bog "
"758","CWHvh1/Wb53.3","+","PlcYc – Tufted clubrush; Low shrub variation","Wb","wetland bog "
"759","CWHvh1/Wf50","+","Narrow-leaved cotton-grass – Peat mosses","Wf","wetland fen"
"760","CWHvh1/Wf51","+","Sitka sedge – Peat mosses","Wf","wetland fen"
"761","CWHvh1/Wf52","+","Sweet gale – Sitka sedge","Wf","wetland fen"
"762","CWHvh1/Wm50","+","Sitka sedge – Water-parsley","Wm","wetland marsh"
"763","CWHvh1/Ws50","+","Pink spirea – Sitka sedge","Ws","wetland swamp"
"764","CWHvh1/Ws51","+","Sitka willow – Pacific willow – Skunk cabbage","Ws","wetland swamp"
"765","CWHvh1/Ws54","+","CwHw – Azalea – Skunk cabbage","Ws","wetland swamp"
"766","CWHvh1/Ws54.1","+","CwHw – Azalea – Skunk cabbage; Typic variation","Ws","wetland swamp"
"767","CWHvh1/Ws56","+","SsHw – Skunk cabbage","Ws","wetland swamp"
"768","CWHvh1/Ws56.2","+","SsHw – Skunk cabbage; CwSs variation","Ws","wetland swamp"
"769","CWHvh1/Ws58","+","CwHw – Slough sedge","Ws","wetland swamp"
"770","CWHvh1/Ws58.1","+","CwHw – Slough sedge; Typic variation","Ws","wetland swamp"
"771","CWHvh2/101","+","CwHw – Salal – Deer fern",NA,NA
"772","CWHvh2/102","+","PlcYc – Salal – Crowberry",NA,NA
"773","CWHvh2/103","+","CwHw – Salal – Labrador tea",NA,NA
"774","CWHvh2/104","+","HwBa – Deer fern – Lanky moss",NA,NA
"775","CWHvh2/105","+","HwBa – Deer fern – Sword fern",NA,NA
"776","CWHvh2/110","+","HwBa – Deer fern – Foamflower",NA,NA
"777","CWHvh2/111","+","BaHwSs – Devil's club – Salmonberry",NA,NA
"778","CWHvh2/113","+","CwYc – Salal – Deer fern – Peat mosses",NA,NA
"779","CWHvh2/120","-","Ss – Salal – Beaked mosses","","salt spray"
"780","CWHvh2/Bb01","+","American searocket – Seabeach sandwort","Bb","beachland"
"781","CWHvh2/Bb02","+","Dune lymegrass","Bb","beachland"
"782","CWHvh2/Bb02.1","+","Dune lymegrass; Typic variation","Bb","beachland"
"783","CWHvh2/Bb02.2","+","Dune lymegrass; Sparse variation","Bb","beachland"
"784","CWHvh2/Bb02.3","+","Dune lymegrass; Beach peavine variation","Bb","beachland"
"785","CWHvh2/Bb03","+","Large-headed sedge – Dune bluegrass","Bb","beachland"
"786","CWHvh2/Bb04","+","Silver burr ragweed","Bb","beachland"
"787","CWHvh2/Bb05","+","Beach strawberry – Red fescue – Dune tansy","Bb","beachland"
"788","CWHvh2/Bb06","+","Salal – Slender beaked moss","Bb","beachland"
"789","CWHvh2/Bb07","+","Kinnikinnick – Grey rock moss","Bb","beachland"
"790","CWHvh2/Bb08","+","Field wormwood – Red fescue – Grey rock moss","Bb","beachland"
"791","CWHvh2/Bb09","+","Grey rock moss","Bb","beachland"
"792","CWHvh2/Bb10","+","Dune bluegrass","Bb","beachland"
"793","CWHvh2/Bb11","+","Yellow sand-verbena","Bb","beachland"
"794","CWHvh2/Ed01","+","Tufted hairgrass – Meadow barley",NA,NA
"795","CWHvh2/Ed02","+","Tufted hairgrass – Douglas' neoaster",NA,NA
"796","CWHvh2/Ed04","+","Cow parsnip – Silverweed cinquefoil",NA,NA
"797","CWHvh2/Em01","+","Sea ditch-grass",NA,NA
"798","CWHvh2/Em02","+","Pacific glasswort – Saltgrass",NA,NA
"799","CWHvh2/Em04","+","Seaside plantain – Dwarf alkaligrass",NA,NA
"800","CWHvh2/Em05","+","Lyngbye's sedge",NA,NA
"801","CWHvh2/Em06","+","Lyngbye's sedge – Water-hemlock",NA,NA
"802","CWHvh2/Em07","+","Common spikerush – Lyngbye's sedge",NA,NA
"803","CWHvh2/Es01","+","Crabapple – Lily-of-the-valley – Angelicas",NA,NA
"804","CWHvh2/Es02","+","Sitka willow – Lily-of-the-valley",NA,NA
"805","CWHvh2/Fl51","+","Dr – Salmonberry – Horsetail","Fl","low fluvial bench"
"806","CWHvh2/Ro61","+","Grey rock moss – Clad lichens","Ro","rocky outcrop"
"807","CWHvh2/Ro61.1","+","Grey rock moss – Clad lichens; Typic variation","Ro","rocky outcrop"
"808","CWHvh2/Ro61.2","+","Grey rock moss – Clad lichens; Parsley fern variation","Ro","rocky outcrop"
"809","CWHvh2/Wb51","+","Plc – Crowberry – Peat mosses","Wb","wetland bog "
"810","CWHvh2/Wb53","+","PlcYc – Tufted clubrush","Wb","wetland bog "
"811","CWHvh2/Wb53.2","+","PlcYc – Tufted clubrush; Tall shrub variation","Wb","wetland bog "
"812","CWHvh2/Wb53.3","+","PlcYc – Tufted clubrush; Low shrub variation","Wb","wetland bog "
"813","CWHvh2/Wb57","+","PlcYc – Deer cabbage – Peat mosses","Wb","wetland bog "
"814","CWHvh2/Wf50","+","Narrow-leaved cotton-grass – Peat mosses","Wf","wetland fen"
"815","CWHvh2/Wf51","+","Sitka sedge – Peat mosses","Wf","wetland fen"
"816","CWHvh2/Wf52","+","Sweet gale – Sitka sedge","Wf","wetland fen"
"817","CWHvh2/Wf52.1","+","Sweet gale – Sitka sedge; Typic variation","Wf","wetland fen"
"818","CWHvh2/Wm50","+","Sitka sedge – Water-parsley","Wm","wetland marsh"
"819","CWHvh2/Wm50.1","+","Sitka sedge – Water-parsley; Typic variation","Wm","wetland marsh"
"820","CWHvh2/Ws54","+","CwHw – Azalea – Skunk cabbage","Ws","wetland swamp"
"821","CWHvh2/Ws54.1","+","CwHw – Azalea – Skunk cabbage; Typic variation","Ws","wetland swamp"
"822","CWHvh2/Ws54.2","+","CwHw – Azalea – Skunk cabbage; Yc variation","Ws","wetland swamp"
"823","CWHvh2/Ws55","+","YcHm – Skunk cabbage","Ws","wetland swamp"
"824","CWHvh2/Ws56","+","SsHw – Skunk cabbage","Ws","wetland swamp"
"825","CWHvh2/Ws56.2","+","SsHw – Skunk cabbage; CwSs variation","Ws","wetland swamp"
"826","CWHvh2/Ws56.3","+","SsHw – Skunk cabbage; HwSs variation","Ws","wetland swamp"
"827","CWHvh2/Ws58","+","CwHw – Slough sedge","Ws","wetland swamp"
"828","CWHvh2/Ws58.1","+","CwHw – Slough sedge; Typic variation","Ws","wetland swamp"
"829","CWHvh2/Ws58.2","+","CwHw – Slough sedge; Yc variation","Ws","wetland swamp"
"830","CWHvh3/101","+","CwHw – Salal  – Deer fern",NA,NA
"831","CWHvh3/101a","+","CwHw – Salal  – Deer fern; Mineral phase",NA,NA
"832","CWHvh3/101b","+","CwHw – Salal  – Deer fern; Lithic phase",NA,NA
"833","CWHvh3/101c","+","CwHw – Salal  – Deer fern; Peaty phase",NA,NA
"834","CWHvh3/102","+","PlcYc – Crowberry – Rock moss",NA,NA
"835","CWHvh3/103.1","+","Ss – Salal; typic variation",NA,NA
"836","CWHvh3/103.2","+","Ss – Salal; reedgrass variation",NA,NA
"837","CWHvh3/105","+","HwSs – Lanky moss",NA,NA
"838","CWHvh3/105a","+","HwSs – Lanky moss; Mineral phase",NA,NA
"839","CWHvh3/105b","+","HwSs – Lanky moss; Lithic phase",NA,NA
"840","CWHvh3/106","+","CwSs – Sword fern",NA,NA
"841","CWHvh3/106a","+","CwSs – Sword fern; Mineral phase",NA,NA
"842","CWHvh3/106b","+","CwSs – Sword fern; Lithic phase",NA,NA
"843","CWHvh3/106c","+","CwSs – Sword fern; Limestone phase",NA,NA
"844","CWHvh3/110","+","CwSs – Foamflower",NA,NA
"845","CWHvh3/110a","+","CwSs – Foamflower; Colluvial/morainal phase",NA,NA
"846","CWHvh3/110b","+","CwSs – Foamflower; Alluvial fan phase",NA,NA
"847","CWHvh3/110c","+","CwSs – Foamflower; Limestone phase",NA,NA
"848","CWHvh3/111","+","Ss – Lily-of-the-valley","Fh","high fluvial bench"
"849","CWHvh3/113","+","Dr – Trisetum",NA,NA
"850","CWHvh3/114","+","CwSs – Devil's club",NA,NA
"851","CWHvh3/115","+","CwYc – Salal – Goldthread",NA,NA
"852","CWHvh3/117","+","CwSs – Skunk cabbage",NA,NA
"853","CWHvh3/117a","+","CwSs – Skunk cabbage; Mineral phase",NA,NA
"854","CWHvh3/117b","+","CwSs – Skunk cabbage; Organic phase",NA,NA
"855","CWHvh3/Bb01","+","American searocket – Seabeach sandwort","Bb","beachland"
"856","CWHvh3/Bb02","+","Dune lymegrass","Bb","beachland"
"857","CWHvh3/Ed01","+","Tufted hairgrass – Meadow barley",NA,NA
"858","CWHvh3/Wb53","+","PlcYc – Tufted clubrush","Wb","wetland bog "
"859","CWHvh3/Wb53.1","+","PlcYc – Tufted clubrush; Wooded variation","Wb","wetland bog "
"860","CWHvh3/Wb53.2","+","PlcYc – Tufted clubrush; Tall shrub variation","Wb","wetland bog "
"861","CWHvh3/Wb54","+","Yc – Tufted clubrush – Tufted hairgrass","Wb","wetland bog "
"862","CWHvh3/Wf51","+","Sitka sedge – Peat mosses","Wf","wetland fen"
"863","CWHvh3/Ws58","+","CwYc – Slough sedge","Ws","wetland swamp"
"864","CWHvm1/101","+","HwBa – Blueberry – Lanky moss",NA,NA
"865","CWHvm1/102","+","PlcHw – Salal – Reindeer lichens",NA,NA
"866","CWHvm1/103","+","CwHw – Salal – Deer fern",NA,NA
"867","CWHvm1/105","+","HwBa – Deer fern – Sword fern",NA,NA
"868","CWHvm1/110","+","HwBa – Sword fern – Foamflower",NA,NA
"869","CWHvm1/111","+","HwCw – Deer fern – Lanky moss",NA,NA
"870","CWHvm1/111.1","+","HwCw – Deer fern – Lanky moss; Deer fern variation",NA,NA
"871","CWHvm1/111.2","+","HwCw – Deer fern – Lanky moss; Salal variation",NA,NA
"872","CWHvm1/112","+","BaHw – Salmonberry – Devil's club",NA,NA
"873","CWHvm1/112.1","+","BaHw – Salmonberry – Devil's club; Salmonberry variation",NA,NA
"874","CWHvm1/112.2","+","BaHw – Salmonberry – Devil's club; Devil's club variation",NA,NA
"875","CWHvm1/113","+","CwHwYc – Goldthread – Peat mosses",NA,NA
"876","CWHvm1/Bb01","+","American searocket – Seabeach sandwort","Bb","beachland"
"877","CWHvm1/Bb02","+","Dune lymegrass","Bb","beachland"
"878","CWHvm1/Ed01","+","Tufted hairgrass – Meadow barley",NA,NA
"879","CWHvm1/Ed02","+","Tufted hairgrass – Douglas' neoaster",NA,NA
"880","CWHvm1/Ed03","+","Arctic rush – Alaska plantain",NA,NA
"881","CWHvm1/Ed04","+","Cow parsnip – Silverweed cinquefoil",NA,NA
"882","CWHvm1/Em01","+","Sea ditch-grass",NA,NA
"883","CWHvm1/Em02","+","Pacific glasswort – Saltgrass",NA,NA
"884","CWHvm1/Em04","+","Seaside plantain – Dwarf alkaligrass",NA,NA
"885","CWHvm1/Em05","+","Lyngbye's sedge",NA,NA
"886","CWHvm1/Em07","+","Common spikerush – Lyngbye's sedge",NA,NA
"887","CWHvm1/Es01","+","Crabapple – Lily-of-the-valley – Angelicas",NA,NA
"888","CWHvm1/Es02","+","Sitka willow – Lily-of-the-valley",NA,NA
"889","CWHvm1/Fl51","+","Dr – Salmonberry – Horsetail","Fl","low fluvial bench"
"890","CWHvm1/Fl52","+","Sitka willow – Salmonberry – Horsetail","Fl","low fluvial bench"
"891","CWHvm1/Ro60","+","Wallace's selaginella – Long rock moss","Ro","rocky outcrop"
"892","CWHvm1/Ro60.2","+","Wallace's selaginella – Long rock moss; Parsley fern variation","Ro","rocky outcrop"
"893","CWHvm1/Ro61","+","Grey rock moss – Clad lichens","Ro","rocky outcrop"
"894","CWHvm1/Ro61.1","+","Grey rock moss – Clad lichens; Typic variation","Ro","rocky outcrop"
"895","CWHvm1/Ro61.2","+","Grey rock moss – Clad lichens; Parsley fern variation","Ro","rocky outcrop"
"896","CWHvm1/Ro62","+","Mountain-heather – Rock mosses","Ro","rocky outcrop"
"897","CWHvm1/Vs60","+","Sitka alder – Salmonberry – Lady fern","Vs","avalanche shrub"
"898","CWHvm1/Vs60.1","+","Sitka alder – Salmonberry – Lady fern; Typic variation","Vs","avalanche shrub"
"899","CWHvm1/Vs60.2","+","Sitka alder – Salmonberry – Lady fern; Salmonberry variation","Vs","avalanche shrub"
"900","CWHvm1/Wb50","+","Labrador tea – Bog-laurel – Peat mosses","Wb","wetland bog "
"901","CWHvm1/Wb51","+","Plc – Crowberry – Peat mosses","Wb","wetland bog "
"902","CWHvm1/Wb53","+","PlcYc – Tufted clubrush","Wb","wetland bog "
"903","CWHvm1/Wb53.2","+","PlcYc – Tufted clubrush; Tall shrub variation","Wb","wetland bog "
"904","CWHvm1/Wb53.3","+","PlcYc – Tufted clubrush; Low shrub variation","Wb","wetland bog "
"905","CWHvm1/Wb55","+","Plc – Labrador tea – Peat mosses","Wb","wetland bog "
"906","CWHvm1/Wb55.1","+","Plc – Labrador tea – Peat mosses; Typic variation","Wb","wetland bog "
"907","CWHvm1/Wb56","+","PlcHw – Salal – Peat mosses","Wb","wetland bog "
"908","CWHvm1/Wf50","+","Narrow-leaved cotton-grass – Peat mosses","Wf","wetland fen"
"909","CWHvm1/Wf51","+","Sitka sedge – Peat mosses","Wf","wetland fen"
"910","CWHvm1/Wf52","+","Sweet gale – Sitka sedge","Wf","wetland fen"
"911","CWHvm1/Wf52.1","+","Sweet gale – Sitka sedge; Typic variation","Wf","wetland fen"
"912","CWHvm1/Wf53","+","Slender sedge – White beakrush","Wf","wetland fen"
"913","CWHvm1/Wm06","+","Soft-stemmed bulrush","Wm","wetland marsh"
"914","CWHvm1/Wm50","+","Sitka sedge – Water-parsley","Wm","wetland marsh"
"915","CWHvm1/Wm50.3","+","Sitka sedge – Water-parsley; Inflated sedge variation","Wm","wetland marsh"
"916","CWHvm1/Ws50","+","Pink spirea – Sitka sedge","Ws","wetland swamp"
"917","CWHvm1/Ws51","+","Sitka willow – Pacific willow – Skunk cabbage","Ws","wetland swamp"
"918","CWHvm1/Ws51.2","+","Sitka willow – Pacific willow – Skunk cabbage; Small-flowered bulrush variation","Ws","wetland swamp"
"919","CWHvm1/Ws54","+","CwHw – Azalea – Skunk cabbage","Ws","wetland swamp"
"920","CWHvm1/Ws54.1","+","CwHw – Azalea – Skunk cabbage; Typic variation","Ws","wetland swamp"
"921","CWHvm1/Ws56","+","SsHw – Skunk cabbage","Ws","wetland swamp"
"922","CWHvm1/Ws56.1","+","SsHw – Skunk cabbage; CwHw variation","Ws","wetland swamp"
"923","CWHvm1/Ws58","+","CwHw – Slough sedge","Ws","wetland swamp"
"924","CWHvm1/Ws58.1","+","CwHw – Slough sedge; Typic variation","Ws","wetland swamp"
"925","CWHvm2/101","+","HwBaYc – Blueberry – Lanky moss",NA,NA
"926","CWHvm2/102","+","HwFdc – Salal – Rock mosses",NA,NA
"927","CWHvm2/103","+","HwYc – Salal – Step moss",NA,NA
"928","CWHvm2/110","+","HwBa – Blueberry – Foamflower",NA,NA
"929","CWHvm2/111","+","HmBaYc – Deer fern – Lanky moss",NA,NA
"930","CWHvm2/111.1","+","HmBaYc – Deer fern – Lanky moss; Deer fern variation",NA,NA
"931","CWHvm2/111.2","+","HmBaYc – Deer fern – Lanky moss; Salal variation",NA,NA
"932","CWHvm2/112","+","BaHw – Salmonberry – Devil's club",NA,NA
"933","CWHvm2/112.1","+","BaHw – Salmonberry – Devil's club; Salmonberry variation",NA,NA
"934","CWHvm2/112.2","+","BaHw – Salmonberry – Devil's club; Devil's club variation",NA,NA
"935","CWHvm2/113","+","HmYc – Goldthread – Peat mosses",NA,NA
"936","CWHvm2/114","+","HmYc – Deer cabbage – Peat mosses",NA,NA
"937","CWHvm2/115","+","BaHwHm – Hellebore",NA,NA
"938","CWHvm2/Es02","+","Sitka willow – Lily-of-the-valley",NA,NA
"939","CWHvm2/Ro60","+","Wallace's selaginella – Long rock moss","Ro","rocky outcrop"
"940","CWHvm2/Ro61","+","Grey rock moss – Clad lichens","Ro","rocky outcrop"
"941","CWHvm2/Ro61.1","+","Grey rock moss – Clad lichens; Typic variation","Ro","rocky outcrop"
"942","CWHvm2/Ro62","+","Mountain-heather – Rock mosses","Ro","rocky outcrop"
"943","CWHvm2/Vh60","+","Lady fern – Cow parsnip – Goatsbeard","Vh","avalanche herb"
"944","CWHvm2/Vs60","+","Sitka alder – Salmonberry – Lady fern","Vs","avalanche shrub"
"945","CWHvm2/Vs60.1","+","Sitka alder – Salmonberry – Lady fern; Typic variation","Vs","avalanche shrub"
"946","CWHvm2/Vs60.2","+","Sitka alder – Salmonberry – Lady fern; Salmonberry variation","Vs","avalanche shrub"
"947","CWHvm2/Wb51","+","Plc – Crowberry – Peat mosses","Wb","wetland bog "
"948","CWHvm2/Wb53","+","PlcYc – Tufted clubrush","Wb","wetland bog "
"949","CWHvm2/Wb53.2","+","PlcYc – Tufted clubrush; Tall shrub variation","Wb","wetland bog "
"950","CWHvm2/Wb53.3","+","PlcYc – Tufted clubrush; Low shrub variation","Wb","wetland bog "
"951","CWHvm2/Wb55","+","Plc – Labrador tea – Peat mosses","Wb","wetland bog "
"952","CWHvm2/Wb55.1","+","Plc – Labrador tea – Peat mosses; Typic variation","Wb","wetland bog "
"953","CWHvm2/Wb58","+","YcHm – Narrow-leaved cotton-grass – Peat mosses","Wb","wetland bog "
"954","CWHvm2/Wf50","+","Narrow-leaved cotton-grass – Peat mosses","Wf","wetland fen"
"955","CWHvm2/Wf51","+","Sitka sedge – Peat mosses","Wf","wetland fen"
"956","CWHvm2/Wf52","+","Sweet gale – Sitka sedge","Wf","wetland fen"
"957","CWHvm2/Wf52.1","+","Sweet gale – Sitka sedge; Typic variation","Wf","wetland fen"
"958","CWHvm2/Ws54","+","CwHw – Azalea – Skunk cabbage","Ws","wetland swamp"
"959","CWHvm2/Ws54.1","+","CwHw – Azalea – Skunk cabbage; Typic variation","Ws","wetland swamp"
"960","CWHvm2/Ws55","+","YcHm – Skunk cabbage","Ws","wetland swamp"
"961","CWHvm3/101","+","HwBa – Blueberry – Lanky moss",NA,NA
"962","CWHvm3/102","+","PlcHw – Salal – Reindeer lichens",NA,NA
"963","CWHvm3/103","+","CwHw – Salal – Deer fern",NA,NA
"964","CWHvm3/104","+","HwBa – Deer fern – Sword fern",NA,NA
"965","CWHvm3/110","+","HwBa – Wood fern – Foamflower",NA,NA
"966","CWHvm3/111","+","HwCw – Deer fern – Lanky moss",NA,NA
"967","CWHvm3/111.1","+","HwCw – Deer fern – Lanky moss; Deer fern variation",NA,NA
"968","CWHvm3/111.2","+","HwCw – Deer fern – Lanky moss; Salal variation",NA,NA
"969","CWHvm3/112","+","BaHwSs – Devil's club – Salmonberry",NA,NA
"970","CWHvm3/112.1","+","BaHwSs – Devil's club – Salmonberry; Salmonberry variation",NA,NA
"971","CWHvm3/112.2","+","BaHwSs – Devil's club – Salmonberry; Devil's club variation",NA,NA
"972","CWHvm3/113","+","CwHwYc – Goldthread – Peat mosses",NA,NA
"973","CWHvm3/Bb01","+","American searocket – Seabeach sandwort","Bb","beachland"
"974","CWHvm3/Bb02","+","Dune lymegrass","Bb","beachland"
"975","CWHvm3/Ed01","+","Tufted hairgrass – Meadow barley",NA,NA
"976","CWHvm3/Ed02","+","Tufted hairgrass – Douglas' neoaster",NA,NA
"977","CWHvm3/Ed03","+","Arctic rush – Alaska plantain",NA,NA
"978","CWHvm3/Ed04","+","Cow parsnip – Silverweed cinquefoil",NA,NA
"979","CWHvm3/Em01","+","Sea ditch-grass",NA,NA
"980","CWHvm3/Em02","+","Pacific glasswort – Saltgrass",NA,NA
"981","CWHvm3/Em04","+","Seaside plantain – Dwarf alkaligrass",NA,NA
"982","CWHvm3/Em05","+","Lyngbye's sedge",NA,NA
"983","CWHvm3/Em06","+","Lyngbye's sedge – Water-hemlock",NA,NA
"984","CWHvm3/Em07","+","Common spikerush – Lyngbye's sedge",NA,NA
"985","CWHvm3/Es01","+","Crabapple – Lily-of-the-valley – Angelicas",NA,NA
"986","CWHvm3/Es02","+","Sitka willow – Lily-of-the-valley",NA,NA
"987","CWHvm3/Fl51","+","Dr – Salmonberry – Horsetail","Fl","low fluvial bench"
"988","CWHvm3/Fl52","+","Sitka willow – Salmonberry – Horsetail","Fl","low fluvial bench"
"989","CWHvm3/Fm50.1","+","ActDr – Salmonberry; Salmonberry variation","Fm","mid fluvial bench"
"990","CWHvm3/Ro61","+","Grey rock moss – Clad lichens","Ro","rocky outcrop"
"991","CWHvm3/Ro61.1","+","Grey rock moss – Clad lichens; Typic variation","Ro","rocky outcrop"
"992","CWHvm3/Ro61.2","+","Grey rock moss – Clad lichens; Parsley fern variation","Ro","rocky outcrop"
"993","CWHvm3/Vh60","+","Lady fern – Cow parsnip – Goatsbeard","Vh","avalanche herb"
"994","CWHvm3/Vs60","+","Sitka alder – Salmonberry – Lady fern","Vs","avalanche shrub"
"995","CWHvm3/Vs60.1","+","Sitka alder – Salmonberry – Lady fern; Typic variation","Vs","avalanche shrub"
"996","CWHvm3/Wb51","+","Plc – Crowberry – Peat mosses","Wb","wetland bog "
"997","CWHvm3/Wb53","+","PlcYc – Tufted clubrush","Wb","wetland bog "
"998","CWHvm3/Wb53.2","+","PlcYc – Tufted clubrush; Tall shrub variation","Wb","wetland bog "
"999","CWHvm3/Wb53.3","+","PlcYc – Tufted clubrush; Low shrub variation","Wb","wetland bog "
"1000","CWHvm3/Wf51","+","Sitka sedge – Peat mosses","Wf","wetland fen"
"1001","CWHvm3/Wf52","+","Sweet gale – Sitka sedge","Wf","wetland fen"
"1002","CWHvm3/Wm50","+","Sitka sedge – Water-parsley","Wm","wetland marsh"
"1003","CWHvm3/Wm50.1","+","Sitka sedge – Water-parsley; Typic variation","Wm","wetland marsh"
"1004","CWHvm3/Wm52","+","Water horsetail – Sitka sedge","Wm","wetland marsh"
"1005","CWHvm3/Ws50","+","Pink spirea – Sitka sedge","Ws","wetland swamp"
"1006","CWHvm3/Ws51","+","Sitka willow – Pacific willow – Skunk cabbage","Ws","wetland swamp"
"1007","CWHvm3/Ws51.1","+","Sitka willow – Pacific willow – Skunk cabbage; Typic variation","Ws","wetland swamp"
"1008","CWHvm3/Ws54","+","CwHw – Azalea – Skunk cabbage","Ws","wetland swamp"
"1009","CWHvm3/Ws54.1","+","CwHw – Azalea – Skunk cabbage; Typic variation","Ws","wetland swamp"
"1010","CWHvm3/Ws56","+","SsHw – Skunk cabbage","Ws","wetland swamp"
"1011","CWHvm3/Ws56.3","+","SsHw – Skunk cabbage; HwSs variation","Ws","wetland swamp"
"1012","CWHvm3/Ws58","+","CwHw – Slough sedge","Ws","wetland swamp"
"1013","CWHvm3/Ws58.1","+","CwHw – Slough sedge; Typic variation","Ws","wetland swamp"
"1014","CWHvm4/101","+","HwBaYc – Blueberry – Lanky moss",NA,NA
"1015","CWHvm4/102","+","YcHm – Crowberry – Reindeer lichens",NA,NA
"1016","CWHvm4/103","+","HmBaYc – Salal – Azalea",NA,NA
"1017","CWHvm4/110","+","HwBa – Blueberry – Foamflower",NA,NA
"1018","CWHvm4/111","+","HmBaYc – Salal – Deer fern",NA,NA
"1019","CWHvm4/112","+","HwBa – Devil's club – Oak fern",NA,NA
"1020","CWHvm4/113","+","HmYc – Goldthread – Peat mosses",NA,NA
"1021","CWHvm4/Ed02","+","Tufted hairgrass – Douglas' neoaster",NA,NA
"1022","CWHvm4/Ed04","+","Cow parsnip – Silverweed cinquefoil",NA,NA
"1023","CWHvm4/Ro61","+","Grey rock moss – Clad lichens","Ro","rocky outcrop"
"1024","CWHvm4/Ro61.1","+","Grey rock moss – Clad lichens; Typic variation","Ro","rocky outcrop"
"1025","CWHvm4/Ro61.2","+","Grey rock moss – Clad lichens; Parsley fern variation","Ro","rocky outcrop"
"1026","CWHvm4/Ro62","+","Mountain-heather – Rock mosses","Ro","rocky outcrop"
"1027","CWHvm4/Vh60","+","Lady fern – Cow parsnip – Goatsbeard","Vh","avalanche herb"
"1028","CWHvm4/Vs60","+","Sitka alder – Salmonberry – Lady fern","Vs","avalanche shrub"
"1029","CWHvm4/Vs60.1","+","Sitka alder – Salmonberry – Lady fern; Typic variation","Vs","avalanche shrub"
"1030","CWHvm4/Vs60.2","+","Sitka alder – Salmonberry – Lady fern; Salmonberry variation","Vs","avalanche shrub"
"1031","CWHvm4/Wb51","+","Plc – Crowberry – Peat mosses","Wb","wetland bog "
"1032","CWHvm4/Wb53","+","PlcYc – Tufted clubrush","Wb","wetland bog "
"1033","CWHvm4/Wb53.2","+","PlcYc – Tufted clubrush; Tall shrub variation","Wb","wetland bog "
"1034","CWHvm4/Wb53.3","+","PlcYc – Tufted clubrush; Low shrub variation","Wb","wetland bog "
"1035","CWHvm4/Wb58","+","YcHm – Narrow-leaved cotton-grass – Peat mosses","Wb","wetland bog "
"1036","CWHvm4/Wf50","+","Narrow-leaved cotton-grass – Peat mosses","Wf","wetland fen"
"1037","CWHvm4/Wf51","+","Sitka sedge – Peat mosses","Wf","wetland fen"
"1038","CWHvm4/Ws54","+","CwHw – Azalea – Skunk cabbage","Ws","wetland swamp"
"1039","CWHvm4/Ws54.1","+","CwHw – Azalea – Skunk cabbage; Typic variation","Ws","wetland swamp"
"1040","CWHvm4/Ws55","+","YcHm – Skunk cabbage","Ws","wetland swamp"
"1041","CWHvm4/Ws56","+","SsHw – Skunk cabbage","Ws","wetland swamp"
"1042","CWHvm4/Ws56.2","+","SsHw – Skunk cabbage; CwSs variation","Ws","wetland swamp"
"1043","CWHvm4/Ws56.3","+","SsHw – Skunk cabbage; HwSs variation","Ws","wetland swamp"
"1044","CWHwh1/101","+","HwSs – Lanky moss",NA,NA
"1045","CWHwh1/101a","+","HwSs – Lanky moss; Mesic phase",NA,NA
"1046","CWHwh1/101b","+","HwSs – Lanky moss; Moister phase",NA,NA
"1047","CWHwh1/102","+","CwHw – Salal – Oregon beaked moss",NA,NA
"1048","CWHwh1/103.1","+","Ss – Salal ; typic variation",NA,NA
"1049","CWHwh1/103.2","+","Ss – Salal; reedgrass variation",NA,NA
"1050","CWHwh1/105","+","CwSs – Sword fern",NA,NA
"1051","CWHwh1/105a","+","CwSs – Sword fern; Colluvial/morainal phase",NA,NA
"1052","CWHwh1/105b","+","CwSs – Sword fern; Limestone phase",NA,NA
"1053","CWHwh1/110","+","CwHw – Salal – Deer fern",NA,NA
"1054","CWHwh1/110a","+","CwHw – Salal – Deer fern; Podzolic phase",NA,NA
"1055","CWHwh1/110b","+","CwHw – Salal – Deer fern; Gleysolic/organic phase",NA,NA
"1056","CWHwh1/111","+","CwSs – Foamflower",NA,NA
"1057","CWHwh1/111a","+","CwSs – Foamflower; Colluvial/morainal phase",NA,NA
"1058","CWHwh1/111b","+","CwSs – Foamflower; Alluvial fan phase",NA,NA
"1059","CWHwh1/111c","+","CwSs – Foamflower; Limestone phase",NA,NA
"1060","CWHwh1/114","+","Dr – Trisetum",NA,NA
"1061","CWHwh1/115","+","CwYc – Salal – Goldthread",NA,NA
"1062","CWHwh1/116","+","CwSs – Snake liverwort",NA,NA
"1063","CWHwh1/118","+","CwSs – Skunk cabbage",NA,NA
"1064","CWHwh1/118a","+","CwSs – Skunk cabbage; Mineral phase",NA,NA
"1065","CWHwh1/118b","+","CwSs – Skunk cabbage; Organic phase",NA,NA
"1066","CWHwh1/Bb01","+","American searocket – Seabeach sandwort","Bb","beachland"
"1067","CWHwh1/Bb02","+","Dune lymegrass","Bb","beachland"
"1068","CWHwh1/Bb02$1","+","European beachgrass","Bb","beachland"
"1069","CWHwh1/Bb03","+","Large-headed sedge – Dune bluegrass","Bb","beachland"
"1070","CWHwh1/Ed01","+","Tufted hairgrass – Meadow barley",NA,NA
"1071","CWHwh1/Ed03","+","Arctic rush – Alaska plantain",NA,NA
"1072","CWHwh1/Em01","+","Sea ditch-grass",NA,NA
"1073","CWHwh1/Em02","+","Pacific glasswort – Saltgrass",NA,NA
"1074","CWHwh1/Wb51","+","Plc – Crowberry – Austin's peat moss","Wb","wetland bog "
"1075","CWHwh1/Wb51.1","+","Plc – Crowberry – Austin's peat moss; Tall shrub variation","Wb","wetland bog "
"1076","CWHwh1/Wb51.2","+","Plc – Crowberry – Austin's peat moss; Wooded variation","Wb","wetland bog "
"1077","CWHwh1/Wb53","+","PlcYc – Tufted clubrush","Wb","wetland bog "
"1078","CWHwh1/Wb53.1","+","PlcYc – Tufted clubrush; Wooded variation","Wb","wetland bog "
"1079","CWHwh1/Wb53.2","+","PlcYc – Tufted clubrush; Tall shrub variation","Wb","wetland bog "
"1080","CWHwh1/Wf51","+","Sitka sedge – Peat mosses","Wf","wetland fen"
"1081","CWHwh1/Wf52","+","Sweet gale – Sitka sedge","Wf","wetland fen"
"1082","CWHwh1/Wm50","+","Sitka sedge – Water-parsley","Wm","wetland marsh"
"1083","CWHwh2/101","+","HwSs – Lanky moss",NA,NA
"1084","CWHwh2/101a","+","HwSs – Lanky moss; Mesic phase",NA,NA
"1085","CWHwh2/101b","+","HwSs – Lanky moss; Drier phase",NA,NA
"1086","CWHwh2/101c","+","HwSs – Lanky moss; Moister phase",NA,NA
"1087","CWHwh2/110","+","SsYc – Oak fern",NA,NA
"1088","CWHwh2/111","+","YcHm – Goldthread",NA,NA
"1089","CWHwh2/112","+","SsYc – Hellebore – Snake liverwort",NA,NA
"1090","CWHwh2/112a","+","SsYc – Hellebore – Snake liverwort; Hygric phase",NA,NA
"1091","CWHwh2/112b","+","SsYc – Hellebore – Snake liverwort ; Subhydric phase",NA,NA
"1092","CWHwh2/Wb53","+","PlcYc – Tufted clubrush","Wb","wetland bog "
"1093","CWHwm/101","+","HwSs – Blueberry – Lanky moss",NA,NA
"1094","CWHwm/101a","+","HwSs – Blueberry – Lanky moss; Typic phase",NA,NA
"1095","CWHwm/101b","+","HwSs – Blueberry – Lanky moss; Subxeric phase",NA,NA
"1096","CWHwm/102","+","YcHm – Crowberry – Reindeer lichens",NA,NA
"1097","CWHwm/110","+","HwSs – Wood fern – Oak fern",NA,NA
"1098","CWHwm/111","+","HmYc – Azalea – Peat mosses",NA,NA
"1099","CWHwm/112","+","SsHw – Devil's club – Wood fern",NA,NA
"1100","CWHwm/112a","+","SsHw – Devil's club – Wood fern; Typic phase",NA,NA
"1101","CWHwm/112b","+","SsHw – Devil's club – Wood fern; Fluvial phase",NA,NA
"1102","CWHwm/Bb01","+","American searocket – Seabeach sandwort","Bb","beachland"
"1103","CWHwm/Bb02","+","Dune lymegrass","Bb","beachland"
"1104","CWHwm/Ed01","+","Tufted hairgrass – Meadow barley",NA,NA
"1105","CWHwm/Ed02","+","Tufted hairgrass – Douglas' neoaster",NA,NA
"1106","CWHwm/Em01","+","Sea ditch-grass",NA,NA
"1107","CWHwm/Em02","+","Pacific glasswort – Saltgrass",NA,NA
"1108","CWHwm/Em04","+","Seaside plantain – Dwarf alkaligrass",NA,NA
"1109","CWHwm/Em05","+","Lyngbye's sedge",NA,NA
"1110","CWHwm/Em06","+","Lyngbye's sedge – Water-hemlock",NA,NA
"1111","CWHwm/Em07","+","Common spikerush – Lyngbye's sedge",NA,NA
"1112","CWHwm/Es01","+","Crabapple – Lily-of-the-valley – Angelicas",NA,NA
"1113","CWHwm/Es02","+","Sitka willow – Lily-of-the-valley",NA,NA
"1114","CWHwm/Fl51","+","Dr – Salmonberry – Horsetail","Fl","low fluvial bench"
"1115","CWHwm/Fl52","+","Sitka willow – Salmonberry – Horsetail","Fl","low fluvial bench"
"1116","CWHwm/Fm51","+","ActDr – Dogwood – Devil's club","Fm","mid fluvial bench"
"1117","CWHwm/Ro61","+","Grey rock moss – Clad lichens","Ro","rocky outcrop"
"1118","CWHwm/Ro61.1","+","Grey rock moss – Clad lichens; Typic variation","Ro","rocky outcrop"
"1119","CWHwm/Ro61.2","+","Grey rock moss – Clad lichens; Parsley fern variation","Ro","rocky outcrop"
"1120","CWHwm/Ro62","+","Mountain-heather – Rock mosses","Ro","rocky outcrop"
"1121","CWHwm/Vh60","+","Lady fern – Cow parsnip – Goatsbeard","Vh","avalanche herb"
"1122","CWHwm/Vs60","+","Sitka alder – Salmonberry – Lady fern","Vs","avalanche shrub"
"1123","CWHwm/Vs60.1","+","Sitka alder – Salmonberry – Lady fern; Typic variation","Vs","avalanche shrub"
"1124","CWHwm/Vs60.2","+","Sitka alder – Salmonberry – Lady fern; Salmonberry variation","Vs","avalanche shrub"
"1125","CWHwm/Wb51","+","Plc – Crowberry – Peat mosses","Wb","wetland bog "
"1126","CWHwm/Wb53","+","PlcYc – Tufted clubrush","Wb","wetland bog "
"1127","CWHwm/Wb53.3","+","PlcYc – Tufted clubrush; Low shrub variation","Wb","wetland bog "
"1128","CWHwm/Wb57","+","PlcYc – Deer cabbage – Peat mosses","Wb","wetland bog "
"1129","CWHwm/Wf50","+","Narrow-leaved cotton-grass – Peat mosses","Wf","wetland fen"
"1130","CWHwm/Wf51","+","Sitka sedge – Peat mosses","Wf","wetland fen"
"1131","CWHwm/Wf52","+","Sweet gale – Sitka sedge","Wf","wetland fen"
"1132","CWHwm/Wf52.1","+","Sweet gale – Sitka sedge; Typic variation","Wf","wetland fen"
"1133","CWHwm/Wf52.2","+","Sweet gale – Sitka sedge; Bluejoint reedgrass variation","Wf","wetland fen"
"1134","CWHwm/Wm50","+","Sitka sedge – Water-parsley","Wm","wetland marsh"
"1135","CWHwm/Wm50.1","+","Sitka sedge – Water-parsley; Typic variation","Wm","wetland marsh"
"1136","CWHwm/Wm52","+","Water horsetail – Sitka sedge","Wm","wetland marsh"
"1137","CWHwm/Ws51","+","Sitka willow – Pacific willow – Skunk cabbage","Ws","wetland swamp"
"1138","CWHwm/Ws51.1","+","Sitka willow – Pacific willow – Skunk cabbage; Typic variation","Ws","wetland swamp"
"1139","CWHwm/Ws51.2","+","Sitka willow – Pacific willow – Skunk cabbage; Small-flowered bulrush variation","Ws","wetland swamp"
"1140","CWHwm/Ws55","+","YcHm – Skunk cabbage","Ws","wetland swamp"
"1141","CWHwm/Ws56","+","SsHw – Skunk cabbage","Ws","wetland swamp"
"1142","CWHwm/Ws56.3","+","SsHw – Skunk cabbage; HwSs variation","Ws","wetland swamp"
"1143","CWHws1/101","+","HwBa – Blueberry – Step moss",NA,NA
"1144","CWHws1/102","+","HwPl – Feather moss – Clad lichens",NA,NA
"1145","CWHws1/103","+","HwPl – Feather moss",NA,NA
"1146","CWHws1/110","+","HwBa – Oak fern – Wood fern",NA,NA
"1147","CWHws1/111","+","HwBa – Blueberry – Queen's cup",NA,NA
"1148","CWHws1/112","+","CwHw – Devil's club – Enchanter's-nightshade",NA,NA
"1149","CWHws1/Ed01","+","Tufted hairgrass – Meadow barley",NA,NA
"1150","CWHws1/Ed02","+","Tufted hairgrass – Douglas' neoaster",NA,NA
"1151","CWHws1/Ed04","+","Cow parsnip – Silverweed cinquefoil",NA,NA
"1152","CWHws1/Em01","+","Sea ditch-grass",NA,NA
"1153","CWHws1/Em02","+","Pacific glasswort – Saltgrass",NA,NA
"1154","CWHws1/Em05","+","Lyngbye's sedge",NA,NA
"1155","CWHws1/Em06","+","Lyngbye's sedge – Water-hemlock",NA,NA
"1156","CWHws1/Em07","+","Common spikerush – Lyngbye's sedge",NA,NA
"1157","CWHws1/Es01","+","Crabapple – Lily-of-the-valley – Angelicas",NA,NA
"1158","CWHws1/Es02","+","Sitka willow – Lily-of-the-valley",NA,NA
"1159","CWHws1/Fl51","+","Dr – Salmonberry – Horsetail","Fl","low fluvial bench"
"1160","CWHws1/Fl52","+","Sitka willow – Salmonberry – Horsetail","Fl","low fluvial bench"
"1161","CWHws1/Ro61","+","Grey rock moss – Clad lichens","Ro","rocky outcrop"
"1162","CWHws1/Ro61.1","+","Grey rock moss – Clad lichens; Typic variation","Ro","rocky outcrop"
"1163","CWHws1/Ro61.2","+","Grey rock moss – Clad lichens; Parsley fern variation","Ro","rocky outcrop"
"1164","CWHws1/Vs60","+","Sitka alder – Salmonberry – Lady fern","Vs","avalanche shrub"
"1165","CWHws1/Vs60.1","+","Sitka alder – Salmonberry – Lady fern; Typic variation","Vs","avalanche shrub"
"1166","CWHws1/Vs60.2","+","Sitka alder – Salmonberry – Lady fern; Salmonberry variation","Vs","avalanche shrub"
"1167","CWHws1/Wb51","+","Plc – Crowberry – Peat mosses","Wb","wetland bog "
"1168","CWHws1/Wb53","+","PlcYc – Tufted clubrush","Wb","wetland bog "
"1169","CWHws1/Wb53.3","+","PlcYc – Tufted clubrush; Low shrub variation","Wb","wetland bog "
"1170","CWHws1/Wf51","+","Sitka sedge – Peat mosses","Wf","wetland fen"
"1171","CWHws1/Wf52","+","Sweet gale – Sitka sedge","Wf","wetland fen"
"1172","CWHws1/Wf53","+","Slender sedge – White beakrush","Wf","wetland fen"
"1173","CWHws1/Ws51","+","Sitka willow – Pacific willow – Skunk cabbage","Ws","wetland swamp"
"1174","CWHws1/Ws51.1","+","Sitka willow – Pacific willow – Skunk cabbage; Typic variation","Ws","wetland swamp"
"1175","CWHws1/Ws56","+","SsHw – Skunk cabbage","Ws","wetland swamp"
"1176","CWHws1/Ws56.2","+","SsHw – Skunk cabbage; CwSs variation","Ws","wetland swamp"
"1177","CWHws2/101","+","HwBa – Blueberry – Step moss",NA,NA
"1178","CWHws2/102","+","HwPl – Feather moss – Clad lichens",NA,NA
"1179","CWHws2/103","+","Hw – Blueberry – Step moss",NA,NA
"1180","CWHws2/110","+","HwBa – Oak fern – Wood fern",NA,NA
"1181","CWHws2/111","+","HwBa – Blueberry – Queen's cup",NA,NA
"1182","CWHws2/112","+","HwBa – Devil's club – Oak fern",NA,NA
"1183","CWHws2/Es02","+","Sitka willow – Lily-of-the-valley",NA,NA
"1184","CWHws2/Fl51","+","Dr – Salmonberry – Horsetail","Fl","low fluvial bench"
"1185","CWHws2/Ro61","+","Grey rock moss – Clad lichens","Ro","rocky outcrop"
"1186","CWHws2/Ro61.1","+","Grey rock moss – Clad lichens; Typic variation","Ro","rocky outcrop"
"1187","CWHws2/Ro61.2","+","Grey rock moss – Clad lichens; Parsley fern variation","Ro","rocky outcrop"
"1188","CWHws2/Vh60","+","Lady fern – Cow parsnip – Goatsbeard","Vh","avalanche herb"
"1189","CWHws2/Vs60","+","Sitka alder – Salmonberry – Lady fern","Vs","avalanche shrub"
"1190","CWHws2/Vs60.1","+","Sitka alder – Salmonberry – Lady fern; Typic variation","Vs","avalanche shrub"
"1191","CWHws2/Vs60.2","+","Sitka alder – Salmonberry – Lady fern; Salmonberry variation","Vs","avalanche shrub"
"1192","CWHws2/Wb51","+","Plc – Crowberry – Peat mosses","Wb","wetland bog "
"1193","CWHws2/Wf50","+","Narrow-leaved cotton-grass – Peat mosses","Wf","wetland fen"
"1194","CWHws2/Wf51","+","Sitka sedge – Peat mosses","Wf","wetland fen"
"1195","CWHws2/Ws56","+","SsHw – Skunk cabbage","Ws","wetland swamp"
"1196","CWHws2/Ws56.2","+","SsHw – Skunk cabbage; CwSs variation","Ws","wetland swamp"
"1197","CWHws2/Ws59","+","HmBl – Skunk cabbage","Ws","wetland swamp"
"1198","CWHws3/101","+","HwBa – Blueberry – Step moss",NA,NA
"1199","CWHws3/102","+","FdcPlHw – Kinnikinnick",NA,NA
"1200","CWHws3/103","+","HwFdc – Azalea – Falsebox",NA,NA
"1201","CWHws3/110","+","HwBa – Oak fern – Wood fern",NA,NA
"1202","CWHws3/111","+","HwBa – Azalea – Bunchberry",NA,NA
"1203","CWHws3/112","+","HwFdc – Devil's club – Oak fern",NA,NA
"1204","CWHws3/Bb01","+","American searocket – Seabeach sandwort","Bb","beachland"
"1205","CWHws3/Bb02","+","Dune lymegrass","Bb","beachland"
"1206","CWHws3/Ed01","+","Tufted hairgrass – Meadow barley",NA,NA
"1207","CWHws3/Ed02","+","Tufted hairgrass – Douglas' neoaster",NA,NA
"1208","CWHws3/Ed03","+","Arctic rush – Alaska plantain",NA,NA
"1209","CWHws3/Ed04","+","Cow parsnip – Silverweed cinquefoil",NA,NA
"1210","CWHws3/Em01","+","Sea ditch-grass",NA,NA
"1211","CWHws3/Em02","+","Pacific glasswort – Saltgrass",NA,NA
"1212","CWHws3/Em05","+","Lyngbye's sedge",NA,NA
"1213","CWHws3/Em06","+","Lyngbye's sedge – Water-hemlock",NA,NA
"1214","CWHws3/Em07","+","Common spikerush – Lyngbye's sedge",NA,NA
"1215","CWHws3/Es01","+","Crabapple – Lily-of-the-valley – Angelicas",NA,NA
"1216","CWHws3/Es02","+","Sitka willow – Lily-of-the-valley",NA,NA
"1217","CWHws3/Fl52","+","Sitka willow – Salmonberry – Horsetail","Fl","low fluvial bench"
"1218","CWHws3/Fm50","+","ActDr – Salmonberry","Fm","mid fluvial bench"
"1219","CWHws3/Fm50.1","+","ActDr – Salmonberry; Salmonberry variation","Fm","mid fluvial bench"
"1220","CWHws3/Fm52","+","ActCw – Vine maple – Devil's club","Fm","mid fluvial bench"
"1221","CWHws3/Ro61","+","Grey rock moss – Clad lichens","Ro","rocky outcrop"
"1222","CWHws3/Ro61.1","+","Grey rock moss – Clad lichens; Typic variation","Ro","rocky outcrop"
"1223","CWHws3/Ro61.2","+","Grey rock moss – Clad lichens; Parsley fern variation","Ro","rocky outcrop"
"1224","CWHws3/Vs60","+","Sitka alder – Salmonberry – Lady fern","Vs","avalanche shrub"
"1225","CWHws3/Vs60.1","+","Sitka alder – Salmonberry – Lady fern; Typic variation","Vs","avalanche shrub"
"1226","CWHws3/Vs60.2","+","Sitka alder – Salmonberry – Lady fern; Salmonberry variation","Vs","avalanche shrub"
"1227","CWHws3/Wb51","+","Plc – Crowberry – Peat mosses","Wb","wetland bog "
"1228","CWHws3/Wf51","+","Sitka sedge – Peat mosses","Wf","wetland fen"
"1229","CWHws3/Wf52","+","Sweet gale – Sitka sedge","Wf","wetland fen"
"1230","CWHws3/Ws50","+","Pink spirea – Sitka sedge","Ws","wetland swamp"
"1231","CWHws3/Ws51","+","Sitka willow – Pacific willow – Skunk cabbage","Ws","wetland swamp"
"1232","CWHws3/Ws51.2","+","Sitka willow – Pacific willow – Skunk cabbage; Small-flowered bulrush variation","Ws","wetland swamp"
"1233","CWHws3/Ws56","+","SsHw – Skunk cabbage","Ws","wetland swamp"
"1234","CWHws3/Ws56.2","+","SsHw – Skunk cabbage; CwSs variation","Ws","wetland swamp"
"1235","CWHws3/Ws58","+","CwHw – Slough sedge","Ws","wetland swamp"
"1236","CWHws3/Ws58.1","+","CwHw – Slough sedge; Typic variation","Ws","wetland swamp"
"1237","CWHxm1/Wb50","+","Labrador tea – Bog-laurel – Peat mosses","Wb","wetland bog "
"1238","CWHxm1/Wf53","+","Slender sedge – White beakrush","Wf","wetland fen"
"1239","CWHxm1/Wm05","+","Cattail","Wm","wetland marsh"
"1240","CWHxm1/Wm06","+","Soft-stemmed bulrush","Wm","wetland marsh"
"1241","CWHxm1/Wm09","+","Inflated sedge","Wm","wetland marsh"
"1242","CWHxm1/Wm50","+","Sitka sedge – Water-parsley","Wm","wetland marsh"
"1243","CWHxm1/Ws50","+","Pink spirea – Sitka sedge","Ws","wetland swamp"
"1244","CWHxm2/Wb50","+","Labrador tea – Bog-laurel – Peat mosses","Wb","wetland bog "
"1245","CWHxm2/Wf53","+","Slender sedge – White beakrush","Wf","wetland fen"
"1246","CWHxm2/Wm05","+","Cattail","Wm","wetland marsh"
"1247","CWHxm2/Wm51","+","Three-way marsh-sedge","Wm","wetland marsh"
"1248","CWHxm2/Ws50","+","Pink spirea – Sitka sedge","Ws","wetland swamp"
"1249","CWHxs/101","+","FdcHw – Dull Oregon-grape – Falsebox",NA,NA
"1250","CWHxs/101.1","+","FdcHw – Dull Oregon-grape – Falsebox; Typic variation",NA,NA
"1251","CWHxs/101.2","+","FdcHw – Dull Oregon-grape – Falsebox; Rhododendron variation",NA,NA
"1252","CWHxs/102","+","Fdc – Kinnikinnick – Feather moss – Reindeer lichens",NA,NA
"1253","CWHxs/103","+","Fdc – Dull Oregon-grape – Feather moss",NA,NA
"1254","CWHxs/103.1","+","Fdc – Dull Oregon-grape – Feather moss; Typic variation",NA,NA
"1255","CWHxs/103.2","+","Fdc – Dull Oregon-grape – Feather moss; Rhododendron variation",NA,NA
"1256","CWHxs/110","+","CwFdc – Vine maple – Dull Oregon-grape",NA,NA
"1257","CWHxs/111","+","Hw – Queen's cup",NA,NA
"1258","CWHxs/112","+","CwFdc – Vine maple – Foamflower",NA,NA
"1259","CWHxs/Fl52","+","Sitka willow – Salmonberry – Horsetail","Fl","low fluvial bench"
"1260","CWHxs/Fm52","+","ActCw – Vine maple – Devil's club","Fm","mid fluvial bench"
"1261","CWHxs/Ro60","+","Wallace's selaginella – Long rock moss","Ro","rocky outcrop"
"1262","CWHxs/Ro60.2","+","Wallace's selaginella – Long rock moss; Parsley fern variation","Ro","rocky outcrop"
"1263","CWHxs/Ro61","+","Grey rock moss – Clad lichens","Ro","rocky outcrop"
"1264","CWHxs/Ro61.1","+","Grey rock moss – Clad lichens; Typic variation","Ro","rocky outcrop"
"1265","CWHxs/Ro61.2","+","Grey rock moss – Clad lichens; Parsley fern variation","Ro","rocky outcrop"
"1266","CWHxs/Wb55","+","Plc – Labrador tea – Peat mosses","Wb","wetland bog "
"1267","CWHxs/Wf51","+","Sitka sedge – Peat mosses","Wf","wetland fen"
"1268","CWHxs/Wf52","+","Sweet gale – Sitka sedge","Wf","wetland fen"
"1269","CWHxs/Ws56","+","SsHw – Skunk cabbage","Ws","wetland swamp"
"1270","CWHxs/Ws56.1","+","SsHw – Skunk cabbage; CwHw variation","Ws","wetland swamp"
"1271","ESSFdc1/101","+","BlSe – Rhododendron – Valerian",NA,NA
"1272","ESSFdc1/102","+","BlPl – Huckleberry",NA,NA
"1273","ESSFdc1/103","+","BlPl – Falsebox – Grouseberry",NA,NA
"1274","ESSFdc1/104","+","Bl – Rhododendron – Grouseberry",NA,NA
"1275","ESSFdc1/110","+","BlSe – Rhododendron – Hellebore",NA,NA
"1276","ESSFdc1/111","+","Bl – Valerian – Foamflower",NA,NA
"1277","ESSFdc1/112","+","Se – Horsetail – Globeflower",NA,NA
"1278","ESSFdc1/112a","+","Se – Horsetail – Globeflower; Riparian phase",NA,NA
"1279","ESSFdc1/112b","+","Se – Valerian – Horsetail; Swamp phase",NA,NA
"1280","ESSFdc1/Ff01","+","Water birch – Red-osier dogwood – Rose","Ff","fringe fluvial "
"1281","ESSFdc1/Ff01a","+","Water birch – Red-osier dogwood – Rose; Fringe phase","Ff","fringe fluvial "
"1282","ESSFdc1/Fl05","+","Drummond's willow – Bluejoint","Fl","low fluvial bench"
"1283","ESSFdc1/Ro06","+","Juniper – Stonecrop – Sandwort","Ro","rocky outcrop"
"1284","ESSFdc1/Ro06.1","+","Juniper – Stonecrop – Sandwort","Ro","rocky outcrop"
"1285","ESSFdc1/Ro06.2","+","Juniper – Kinnikinnick – Stonecrop – Sandwort","Ro","rocky outcrop"
"1286","ESSFdc1/Ro10","+","Huckleberry – Rock moss – Haircap moss","Ro","rocky outcrop"
"1287","ESSFdc1/Ro11","+","Grouseberry – Clad lichen","Ro","rocky outcrop"
"1288","ESSFdc1/Rt01","+","Rocktripe – Green map","Rt","talus"
"1289","ESSFdc1/Rt07","+","Aspen – Juniper – Rocktripe","Rt","talus"
"1290","ESSFdc1/Rt07.1","+","Aspen – Juniper – Rocktripe; Aspen variation","Rt","talus"
"1291","ESSFdc1/Rt07.2","+","Juniper – Rocktripe","Rt","talus"
"1292","ESSFdc1/Vh02","+","Valerian – Hellebore – Fireweed","Vh","avalanche herb"
"1293","ESSFdc1/Vh02.1","+","Valerian – Hellebore – Fireweed","Vh","avalanche herb"
"1294","ESSFdc1/Vh10","+","Fireweed – Grouseberry","Vh","avalanche herb"
"1295","ESSFdc1/Vh11","+","Fireweed – Yarrow – Strawberry","Vh","avalanche herb"
"1296","ESSFdc1/Vs02","+","Sitka alder – Solomon's-seal","Vs","avalanche shrub"
"1297","ESSFdc1/Vs03","+","Sitka alder – Hellebore","Vs","avalanche shrub"
"1298","ESSFdc1/Vs10","+","Willow – Cow parsnip – Fireweed","Vs","avalanche shrub"
"1299","ESSFdc1/Vs10.1","+","Sitka willow – Cow parsnip – Fireweed","Vs","avalanche shrub"
"1300","ESSFdc1/Vs10.2","+","Barclay's willow – Cow parsnip – Fireweed","Vs","avalanche shrub"
"1301","ESSFdc1/Vs12","+","Huckleberry – Rhododendron – Fireweed","Vs","avalanche shrub"
"1302","ESSFdc1/Wb16","+","Sxw – Trapper's tea – Peat moss","Wb","wetland bog "
"1303","ESSFdc1/Wf01","+","Water sedge – Beaked sedge","Wf","wetland fen"
"1304","ESSFdc1/Wf03","+","Water sedge – Peat moss","Wf","wetland fen"
"1305","ESSFdc1/Wf09","+","Few-flowered spikerush – Hook moss","Wf","wetland fen"
"1306","ESSFdc1/Wf13","+","Narrow-leaved cotton-grass – Shore sedge","Wf","wetland fen"
"1307","ESSFdc1/Wm01","+","Beaked sedge – Water sedge","Wm","wetland marsh"
"1308","ESSFdc1/Wm16","+","Bluejoint – Arrow-leaved groundsel","Wm","wetland marsh"
"1309","ESSFdc1/Ws08","+","Bl – Valerian – Horsetail","Ws","wetland swamp"
"1310","ESSFdc1/Ws08.1","+","Bl – Valerian – Horsetail","Ws","wetland swamp"
"1311","ESSFdc1/Ws08.2","+","SxwBl – Horsetail – Canby's Lovage","Ws","wetland swamp"
"1312","ESSFdc1/Ws13","+","Barclay's willow – Common horsetail – Arrow-leaved groundsel","Ws","wetland swamp"
"1313","ESSFdc2/101","+","BlSe – Rhododendron – Valerian",NA,NA
"1314","ESSFdc2/102","+","Pl – Juniper – Grouseberry – Clad lichens",NA,NA
"1315","ESSFdc2/104","+","BlPl – Grouseberry – Clad lichens",NA,NA
"1316","ESSFdc2/111","+","BlSe – Valerian – Globeflower",NA,NA
"1317","ESSFdc2/112","+","Se – Horsetail – Valerian",NA,NA
"1318","ESSFdc2/Ro06","+","Juniper – Stonecrop – Sandwort","Ro","rocky outcrop"
"1319","ESSFdc2/Ro06.1","+","Juniper – Stonecrop – Sandwort","Ro","rocky outcrop"
"1320","ESSFdc2/Ro06.2","+","Juniper – Kinnikinnick – Stonecrop – Sandwort","Ro","rocky outcrop"
"1321","ESSFdc2/Ro11","+","Grouseberry – Clad lichen","Ro","rocky outcrop"
"1322","ESSFdc2/Rt01","+","Rocktripe – Green map","Rt","talus"
"1323","ESSFdc2/Rt20","+","Spotted saxifrage – Clad lichen","Rt","talus"
"1324","ESSFdc2/Wb16","+","Sxw – Trapper's tea – Peat moss","Wb","wetland bog "
"1325","ESSFdc2/Wf01","+","Water sedge – Beaked sedge","Wf","wetland fen"
"1326","ESSFdc2/Wf02","+","Scrub birch – Water sedge","Wf","wetland fen"
"1327","ESSFdc2/Wf03","+","Water sedge – Peat moss","Wf","wetland fen"
"1328","ESSFdc2/Wf04","+","Barclay's willow – Water sedge – Glow moss","Wf","wetland fen"
"1329","ESSFdc2/Wf06","+","Slender sedge – Buckbean","Wf","wetland fen"
"1330","ESSFdc2/Wf07","+","Scrub birch – Buckbean – Shore sedge","Wf","wetland fen"
"1331","ESSFdc2/Wf08","+","Shore sedge – Buckbean – Hook moss","Wf","wetland fen"
"1332","ESSFdc2/Wf09","+","Few-flowered spikerush – Hook moss","Wf","wetland fen"
"1333","ESSFdc2/Wf11","+","Tufted clubrush – Star moss","Wf","wetland fen"
"1334","ESSFdc2/Wf12","+","Narrow-leaved cotton-grass – Marsh-marigold","Wf","wetland fen"
"1335","ESSFdc2/Wf13","+","Narrow-leaved cotton-grass – Shore sedge","Wf","wetland fen"
"1336","ESSFdc2/Wm01","+","Beaked sedge – Water sedge","Wm","wetland marsh"
"1337","ESSFdc2/Wm09","+","Inflated sedge","Wm","wetland marsh"
"1338","ESSFdc2/Wm16","+","Bluejoint – Arrow-leaved groundsel","Wm","wetland marsh"
"1339","ESSFdc2/Ws02","+","Mountain alder – Pink spirea – Sitka sedge","Ws","wetland swamp"
"1340","ESSFdc2/Ws04","+","Drummond's willow – Beaked sedge","Ws","wetland swamp"
"1341","ESSFdc2/Ws08","+","Bl – Valerian – Horsetail","Ws","wetland swamp"
"1342","ESSFdc2/Ws08.1","+","Bl – Valerian – Horsetail","Ws","wetland swamp"
"1343","ESSFdc2/Ws13","+","Barclay's willow – Common horsetail – Arrow-leaved groundsel","Ws","wetland swamp"
"1344","ESSFdc3/01","+","Bl – Rhododendron – Grouseberry",NA,NA
"1345","ESSFdc3/02","+","Juniper – Pinegrass",NA,NA
"1346","ESSFdc3/03","+","PlSe – Falsebox – Pinegrass",NA,NA
"1347","ESSFdc3/04","+","Bl – Grouseberry – Cladonia",NA,NA
"1348","ESSFdc3/05","+","Bl – Huckleberry – Feather moss",NA,NA
"1349","ESSFdc3/06","+","Bl – Gooseberry – Oak fern",NA,NA
"1350","ESSFdc3/07","+","Bl – Rhododendron – Valerian",NA,NA
"1351","ESSFdc3/08","+","Bl – Trapper's tea",NA,NA
"1352","ESSFdc3/09","+","Sedge – Sphagnum",NA,NA
"1353","ESSFdc3/Fl07","+","Water birch – Rose","Fl","low fluvial bench"
"1354","ESSFdc3/Wf01","+","Water sedge – Beaked sedge","Wf","wetland fen"
"1355","ESSFdc3/Wf02","+","Scrub birch – Water sedge","Wf","wetland fen"
"1356","ESSFdc3/Wf04","+","Barclay's willow – Water sedge – Glow moss","Wf","wetland fen"
"1357","ESSFdc3/Wf11","+","Tufted clubrush – Star moss","Wf","wetland fen"
"1358","ESSFdc3/Wf13","+","Narrow-leaved cotton-grass – Shore sedge","Wf","wetland fen"
"1359","ESSFdcp/Ag01","+","Timber oatgrass – Grouseberry – Sandwort","Ag","alpine grassland"
"1360","ESSFdcp/Ag03","+","Timber oatgrass – Kinnikinnick","Ag","alpine grassland"
"1361","ESSFdcp/Ro06","+","Juniper – Stonecrop – Sandwort","Ro","rocky outcrop"
"1362","ESSFdcp/Ro06.1","+","Juniper – Stonecrop – Sandwort","Ro","rocky outcrop"
"1363","ESSFdcp/Ro06.2","+","Juniper – Kinnikinnick – Stonecrop – Sandwort","Ro","rocky outcrop"
"1364","ESSFdcw/101","+","Bl – Valerian – Woodrush",NA,NA
"1365","ESSFdcw/102","+","BlPa – Grouseberry",NA,NA
"1366","ESSFdcw/103","+","Bl – Rhododendron – Grouseberry",NA,NA
"1367","ESSFdcw/110","+","Bl – Valerian – Hellebore – Globeflower",NA,NA
"1368","ESSFdcw/Ag01","+","Timber oatgrass – Grouseberry – Sandwort","Ag","alpine grassland"
"1369","ESSFdcw/Ag03","+","Timber oatgrass – Kinnikinnick","Ag","alpine grassland"
"1370","ESSFdcw/Ro06","+","Juniper – Stonecrop – Sandwort","Ro","rocky outcrop"
"1371","ESSFdcw/Ro06.1","+","Juniper – Stonecrop – Sandwort","Ro","rocky outcrop"
"1372","ESSFdcw/Ro06.2","+","Juniper – Kinnikinnick – Stonecrop – Sandwort","Ro","rocky outcrop"
"1373","ESSFdcw/Ro10","+","Huckleberry – Rock moss – Haircap moss","Ro","rocky outcrop"
"1374","ESSFdcw/Ro11","+","Grouseberry – Clad lichen","Ro","rocky outcrop"
"1375","ESSFdcw/Rt01","+","Rocktripe – Green map","Rt","talus"
"1376","ESSFdcw/Vh02","+","Valerian – Hellebore – Fireweed","Vh","avalanche herb"
"1377","ESSFdcw/Vh02.1","+","Valerian – Hellebore – Fireweed","Vh","avalanche herb"
"1378","ESSFdcw/Vh10","+","Fireweed – Grouseberry","Vh","avalanche herb"
"1379","ESSFdcw/Vh11","+","Fireweed – Yarrow – Strawberry","Vh","avalanche herb"
"1380","ESSFdcw/Vs03","+","Sitka alder – Hellebore","Vs","avalanche shrub"
"1381","ESSFdcw/Vs10","+","Willow – Cow parsnip – Fireweed","Vs","avalanche shrub"
"1382","ESSFdcw/Vs10.1","+","Sitka willow – Cow parsnip – Fireweed","Vs","avalanche shrub"
"1383","ESSFdcw/Vs10.2","+","Barclay's willow – Cow parsnip – Fireweed","Vs","avalanche shrub"
"1384","ESSFdcw/Wf01","+","Water sedge – Beaked sedge","Wf","wetland fen"
"1385","ESSFdcw/Wf03","+","Water sedge – Peat moss","Wf","wetland fen"
"1386","ESSFdcw/Wf04","+","Barclay's willow – Water sedge – Glow moss","Wf","wetland fen"
"1387","ESSFdcw/Wf12","+","Narrow-leaved cotton-grass – Marsh-marigold","Wf","wetland fen"
"1388","ESSFdcw/Wf13","+","Narrow-leaved cotton-grass – Shore sedge","Wf","wetland fen"
"1389","ESSFdcw/Wm01","+","Beaked sedge – Water sedge","Wm","wetland marsh"
"1390","ESSFdcw/Wm16","+","Bluejoint – Arrow-leaved groundsel","Wm","wetland marsh"
"1391","ESSFdcw/Ws08.2","+","SeBl – Horsetail – Canby's Lovage","Ws","wetland swamp"
"1392","ESSFdcw/Ws13","+","Barclay's willow – Common horsetail – Arrow-leaved groundsel","Ws","wetland swamp"
"1393","ESSFdh1/101","+","BlBa – Huckleberry – Pipecleaner moss",NA,NA
"1394","ESSFdh1/102","+","FdBl – Falsebox – Rock mosses",NA,NA
"1395","ESSFdh1/103","+","BlPl – Falsebox – Grouseberry",NA,NA
"1396","ESSFdh1/110","+","SeBl(Ba) – Oak fern – Bramble",NA,NA
"1397","ESSFdh1/111","+","SeBl – Horsetail – Oak fern",NA,NA
"1398","ESSFdh1/Ro05","+","Juniper – Kinnikinnick – Penstemon","Ro","rocky outcrop"
"1399","ESSFdh1/Ro05.1","+","Juniper – Kinnikinnick – Penstemon","Ro","rocky outcrop"
"1400","ESSFdh1/Ro05.2","+","Juniper – Kinnikinnick – Penstemon – Screw moss","Ro","rocky outcrop"
"1401","ESSFdh1/Ro06","+","Juniper – Stonecrop – Sandwort","Ro","rocky outcrop"
"1402","ESSFdh1/Ro06.1","+","Juniper – Stonecrop – Sandwort","Ro","rocky outcrop"
"1403","ESSFdh1/Ro06.2","+","Juniper – Kinnikinnick – Stonecrop – Sandwort","Ro","rocky outcrop"
"1404","ESSFdh1/Ro11","+","Grouseberry – Clad lichen","Ro","rocky outcrop"
"1405","ESSFdh1/Rt01","+","Rocktripe – Green map","Rt","talus"
"1406","ESSFdh1/Rt02","+","Rock moss – Clad lichen","Rt","talus"
"1407","ESSFdh1/Vh01","+","Cow parsnip – Fireweed – Nettle","Vh","avalanche herb"
"1408","ESSFdh1/Vh01.1","+","Cow parsnip – Fireweed – Nettle","Vh","avalanche herb"
"1409","ESSFdh1/Vh02","+","Valerian – Hellebore – Fireweed","Vh","avalanche herb"
"1410","ESSFdh1/Vh03","+","Lady fern – Hellebore – Valerian","Vh","avalanche herb"
"1411","ESSFdh1/Vh04","+","Valerian – Meadowrue – Waterleaf","Vh","avalanche herb"
"1412","ESSFdh1/Vs01","+","Sitka alder – Lady fern","Vs","avalanche shrub"
"1413","ESSFdh1/Vs01.1","+","Sitka alder – Lady fern","Vs","avalanche shrub"
"1414","ESSFdh1/Vs01.2","+","Sitka alder – Spiny wood fern","Vs","avalanche shrub"
"1415","ESSFdh1/Vs02","+","Sitka alder – Solomon's-seal","Vs","avalanche shrub"
"1416","ESSFdh1/Vs04","+","Sitka alder – Devil's club – Oak fern","Vs","avalanche shrub"
"1417","ESSFdh1/Vs05","+","Sitka alder – Waterleaf","Vs","avalanche shrub"
"1418","ESSFdh1/Vs10","+","Willow – Cow parsnip – Fireweed","Vs","avalanche shrub"
"1419","ESSFdh1/Vs10.1","+","Sitka willow – Cow parsnip – Fireweed","Vs","avalanche shrub"
"1420","ESSFdh1/Vs10.2","+","Barclay's willow – Cow parsnip – Fireweed","Vs","avalanche shrub"
"1421","ESSFdh1/Vs11","+","Thimbleberry – Cow parsnip – Fireweed","Vs","avalanche shrub"
"1422","ESSFdh1/Vs14","+","Saskatoon – Snowberry – Strawberry","Vs","avalanche shrub"
"1423","ESSFdh1/Vs50","+","Sitka alder – Salmonberry","Vs","avalanche shrub"
"1424","ESSFdh1/Wf01","+","Water sedge – Beaked sedge","Wf","wetland fen"
"1425","ESSFdh1/Wf03","+","Water sedge – Peat moss","Wf","wetland fen"
"1426","ESSFdh1/Wf04","+","Barclay's willow – Water sedge – Glow moss","Wf","wetland fen"
"1427","ESSFdh1/Wf05","+","Slender sedge – Common hook moss","Wf","wetland fen"
"1428","ESSFdh1/Wf06","+","Slender sedge – Buckbean","Wf","wetland fen"
"1429","ESSFdh1/Wf07","+","Scrub birch – Buckbean – Shore sedge","Wf","wetland fen"
"1430","ESSFdh1/Wf08","+","Shore sedge – Buckbean – Hook moss","Wf","wetland fen"
"1431","ESSFdh1/Wf09","+","Few-flowered spikerush – Hook moss","Wf","wetland fen"
"1432","ESSFdh1/Wf11","+","Tufted clubrush – Star moss","Wf","wetland fen"
"1433","ESSFdh1/Wf12","+","Narrow-leaved cotton-grass – Marsh-marigold","Wf","wetland fen"
"1434","ESSFdh1/Wf13","+","Narrow-leaved cotton-grass – Shore sedge","Wf","wetland fen"
"1435","ESSFdh1/Wm01","+","Beaked sedge – Water sedge","Wm","wetland marsh"
"1436","ESSFdh1/Wm09","+","Inflated sedge","Wm","wetland marsh"
"1437","ESSFdh1/Wm16","+","Bluejoint – Arrow-leaved groundsel","Wm","wetland marsh"
"1438","ESSFdh1/Ws02","+","Mountain alder – Pink spirea – Sitka sedge","Ws","wetland swamp"
"1439","ESSFdh1/Ws07","+","Sxw – Horsetail – Leafy moss","Ws","wetland swamp"
"1440","ESSFdh1/Ws07.1","+","Sxw – Horsetail – Leafy moss; Typic variation","Ws","wetland swamp"
"1441","ESSFdh1/Ws07.2","+","Sxw – Horsetail – Leafy moss; Soft-leaved sedge variation","Ws","wetland swamp"
"1442","ESSFdh1/Ws13","+","Barclay's willow – Common horsetail – Arrow-leaved groundsel","Ws","wetland swamp"
"1443","ESSFdk1/101","+","BlSe – Azalea",NA,NA
"1444","ESSFdk1/102","+","PlFd – Juniper – Douglas' maple",NA,NA
"1445","ESSFdk1/104","+","BlPl – Azalea – Grouseberry",NA,NA
"1446","ESSFdk1/110","+","BlSe – Azalea – Foamflower",NA,NA
"1447","ESSFdk1/111","+","Se – Horsetail – Bluejoint",NA,NA
"1448","ESSFdk1/111a","+","Se – Horsetail – Bluejoint; Riparian phase",NA,NA
"1449","ESSFdk1/111b","+","Se – Horsetail – Bluejoint; Swamp phase",NA,NA
"1450","ESSFdk1/Ag01","+","Timber oatgrass – Grouseberry – Sandwort","Ag","alpine grassland"
"1451","ESSFdk1/Fl01","+","Mountain alder – Common horsetail","Fl","low fluvial bench"
"1452","ESSFdk1/Fl05","+","Drummond's willow – Bluejoint","Fl","low fluvial bench"
"1453","ESSFdk1/Gb20","+","Saskatoon – Soopolallie – Juniper","Gb","brushland"
"1454","ESSFdk1/Gg14","+","Idaho fescue – Sulphur buckwheat – Sandwort","Gg","grassland "
"1455","ESSFdk1/Gg16","+","Rough fescue – Sulphur buckwheat – Sandwort","Gg","grassland "
"1456","ESSFdk1/Gg17","+","Idaho fescue – Bluebunch wheatgrass – Sulphur buckwheat","Gg","grassland "
"1457","ESSFdk1/Gg33","+","Pinegrass – Yellow penstemon","Gg","grassland "
"1458","ESSFdk1/Ro06","+","Juniper – Stonecrop – Sandwort","Ro","rocky outcrop"
"1459","ESSFdk1/Ro07","+","Juniper – Soopolallie – Shrubby cinquefoil","Ro","rocky outcrop"
"1460","ESSFdk1/Ro10","+","Huckleberry – Rock moss – Haircap moss","Ro","rocky outcrop"
"1461","ESSFdk1/Ro11","+","Grouseberry – Clad lichen","Ro","rocky outcrop"
"1462","ESSFdk1/Rt01","+","Rocktripe – Green map","Rt","talus"
"1463","ESSFdk1/Rt07","+","Aspen – Juniper – Rocktripe","Rt","talus"
"1464","ESSFdk1/Rt07.1","+","Aspen – Juniper – Rocktripe; Aspen variation","Rt","talus"
"1465","ESSFdk1/Rt07.2","+","Juniper – Rocktripe","Rt","talus"
"1466","ESSFdk1/Rt20","+","Spotted saxifrage – Clad lichen","Rt","talus"
"1467","ESSFdk1/Rt21","+","La – Pink mountain-heath – Heron's-bill","Rt","talus"
"1468","ESSFdk1/Vh01","+","Cow parsnip – Fireweed – Nettle","Vh","avalanche herb"
"1469","ESSFdk1/Vh01.1","+","Cow parsnip – Fireweed – Nettle","Vh","avalanche herb"
"1470","ESSFdk1/Vh01.2","+","Cow parsnip – Fireweed – Bluejoint","Vh","avalanche herb"
"1471","ESSFdk1/Vh02","+","Valerian – Hellebore – Fireweed","Vh","avalanche herb"
"1472","ESSFdk1/Vh02.1","+","Valerian – Hellebore – Fireweed","Vh","avalanche herb"
"1473","ESSFdk1/Vh02.2","+","Valerian – Showy sedge – Fireweed","Vh","avalanche herb"
"1474","ESSFdk1/Vh10","+","Fireweed – Grouseberry","Vh","avalanche herb"
"1475","ESSFdk1/Vh11","+","Fireweed – Yarrow – Strawberry","Vh","avalanche herb"
"1476","ESSFdk1/Vh12","+","Idaho fescue – Sulphur buckwheat – Fireweed","Vh","avalanche herb"
"1477","ESSFdk1/Vs02","+","Sitka alder – Solomon's-seal","Vs","avalanche shrub"
"1478","ESSFdk1/Vs03","+","Sitka alder – Hellebore","Vs","avalanche shrub"
"1479","ESSFdk1/Vs10","+","Willow – Cow parsnip – Fireweed","Vs","avalanche shrub"
"1480","ESSFdk1/Vs10.1","+","Sitka willow – Cow parsnip – Fireweed","Vs","avalanche shrub"
"1481","ESSFdk1/Vs10.2","+","Barclay's willow – Cow parsnip – Fireweed","Vs","avalanche shrub"
"1482","ESSFdk1/Vs11","+","Thimbleberry – Cow parsnip – Fireweed","Vs","avalanche shrub"
"1483","ESSFdk1/Vs12","+","Huckleberry – Rhododendron – Fireweed","Vs","avalanche shrub"
"1484","ESSFdk1/Vs13","+","Huckleberry – Bear-grass – Fireweed","Vs","avalanche shrub"
"1485","ESSFdk1/Wb15","+","Sxw – Labrador tea – Peat moss","Wb","wetland bog "
"1486","ESSFdk1/Wb16","+","Sxw – Trapper's tea – Peat moss","Wb","wetland bog "
"1487","ESSFdk1/Wf01","+","Water sedge – Beaked sedge","Wf","wetland fen"
"1488","ESSFdk1/Wf02","+","Scrub birch – Water sedge","Wf","wetland fen"
"1489","ESSFdk1/Wf03","+","Water sedge – Peat moss","Wf","wetland fen"
"1490","ESSFdk1/Wf04","+","Barclay's willow – Water sedge – Glow moss","Wf","wetland fen"
"1491","ESSFdk1/Wf11","+","Tufted clubrush – Star moss","Wf","wetland fen"
"1492","ESSFdk1/Wf12","+","Narrow-leaved cotton-grass – Marsh-marigold","Wf","wetland fen"
"1493","ESSFdk1/Wf13","+","Narrow-leaved cotton-grass – Shore sedge","Wf","wetland fen"
"1494","ESSFdk1/Wm01","+","Beaked sedge – Water sedge","Wm","wetland marsh"
"1495","ESSFdk1/Wm16","+","Bluejoint – Arrow-leaved groundsel","Wm","wetland marsh"
"1496","ESSFdk1/Ws03","+","Bebb's willow – Bluejoint","Ws","wetland swamp"
"1497","ESSFdk1/Ws08","+","Bl – Valerian – Horsetail","Ws","wetland swamp"
"1498","ESSFdk1/Ws13","+","Barclay's willow – Common horsetail – Arrow-leaved groundsel","Ws","wetland swamp"
"1499","ESSFdk2/101","+","BlSe – Azalea – Feather moss",NA,NA
"1500","ESSFdk2/102","+","PlFd – Juniper – Douglas' maple",NA,NA
"1501","ESSFdk2/104","+","BlPl – Azalea – Grouseberry",NA,NA
"1502","ESSFdk2/110","+","BlSe – Azalea – Oak fern",NA,NA
"1503","ESSFdk2/111","+","BlSe – Azalea – Foamflower",NA,NA
"1504","ESSFdk2/112","+","SeBl – Horsetail – Feather moss",NA,NA
"1505","ESSFdk2/112a","+","SeBl – Horsetail – Feather moss; Riparian phase",NA,NA
"1506","ESSFdk2/112b","+","SeBl – Horsetail – Feather moss; Swamp phase",NA,NA
"1507","ESSFdk2/Fl01","+","Mountain alder – Common horsetail","Fl","low fluvial bench"
"1508","ESSFdk2/Fl05","+","Drummond's willow – Bluejoint","Fl","low fluvial bench"
"1509","ESSFdk2/Gb20","+","Saskatoon – Soopolallie – Juniper","Gb","brushland"
"1510","ESSFdk2/Ro06","+","Juniper – Stonecrop – Sandwort","Ro","rocky outcrop"
"1511","ESSFdk2/Ro07","+","Juniper – Soopolallie – Shrubby cinquefoil","Ro","rocky outcrop"
"1512","ESSFdk2/Ro10","+","Huckleberry – Rock moss – Haircap moss","Ro","rocky outcrop"
"1513","ESSFdk2/Ro11","+","Grouseberry – Clad lichen","Ro","rocky outcrop"
"1514","ESSFdk2/Rt01","+","Rocktripe – Green map","Rt","talus"
"1515","ESSFdk2/Rt07","+","Aspen – Juniper – Rocktripe","Rt","talus"
"1516","ESSFdk2/Rt07.1","+","Aspen – Juniper – Rocktripe; Aspen variation","Rt","talus"
"1517","ESSFdk2/Rt07.2","+","Juniper – Rocktripe","Rt","talus"
"1518","ESSFdk2/Rt20","+","Spotted saxifrage – Clad lichen","Rt","talus"
"1519","ESSFdk2/Rt21","+","La – Pink mountain-heath – Heron's-bill","Rt","talus"
"1520","ESSFdk2/Vh01","+","Cow parsnip – Fireweed – Nettle","Vh","avalanche herb"
"1521","ESSFdk2/Vh01.1","+","Cow parsnip – Fireweed – Nettle","Vh","avalanche herb"
"1522","ESSFdk2/Vh01.2","+","Cow parsnip – Fireweed – Bluejoint","Vh","avalanche herb"
"1523","ESSFdk2/Vh02","+","Valerian – Hellebore – Fireweed","Vh","avalanche herb"
"1524","ESSFdk2/Vh02.1","+","Valerian – Hellebore – Fireweed","Vh","avalanche herb"
"1525","ESSFdk2/Vh02.2","+","Valerian – Showy sedge – Fireweed","Vh","avalanche herb"
"1526","ESSFdk2/Vh10","+","Fireweed – Grouseberry","Vh","avalanche herb"
"1527","ESSFdk2/Vh11","+","Fireweed – Yarrow – Strawberry","Vh","avalanche herb"
"1528","ESSFdk2/Vs01","+","Sitka alder – Lady fern","Vs","avalanche shrub"
"1529","ESSFdk2/Vs01.1","+","Sitka alder – Lady fern","Vs","avalanche shrub"
"1530","ESSFdk2/Vs01.2","+","Sitka alder – Spiny wood fern","Vs","avalanche shrub"
"1531","ESSFdk2/Vs02","+","Sitka alder – Solomon's-seal","Vs","avalanche shrub"
"1532","ESSFdk2/Vs03","+","Sitka alder – Hellebore","Vs","avalanche shrub"
"1533","ESSFdk2/Vs10","+","Willow – Cow parsnip – Fireweed","Vs","avalanche shrub"
"1534","ESSFdk2/Vs10.1","+","Sitka willow – Cow parsnip – Fireweed","Vs","avalanche shrub"
"1535","ESSFdk2/Vs10.2","+","Barclay's willow – Cow parsnip – Fireweed","Vs","avalanche shrub"
"1536","ESSFdk2/Vs11","+","Thimbleberry – Cow parsnip – Fireweed","Vs","avalanche shrub"
"1537","ESSFdk2/Vs12","+","Huckleberry – Rhododendron – Fireweed","Vs","avalanche shrub"
"1538","ESSFdk2/Wb15","+","Sxw – Labrador tea – Peat moss","Wb","wetland bog "
"1539","ESSFdk2/Wf01","+","Water sedge – Beaked sedge","Wf","wetland fen"
"1540","ESSFdk2/Wf02","+","Scrub birch – Water sedge","Wf","wetland fen"
"1541","ESSFdk2/Wf03","+","Water sedge – Peat moss","Wf","wetland fen"
"1542","ESSFdk2/Wf04","+","Barclay's willow – Water sedge – Glow moss","Wf","wetland fen"
"1543","ESSFdk2/Wf11","+","Tufted clubrush – Star moss","Wf","wetland fen"
"1544","ESSFdk2/Wf12","+","Narrow-leaved cotton-grass – Marsh-marigold","Wf","wetland fen"
"1545","ESSFdk2/Wf13","+","Narrow-leaved cotton-grass – Shore sedge","Wf","wetland fen"
"1546","ESSFdk2/Wm01","+","Beaked sedge – Water sedge","Wm","wetland marsh"
"1547","ESSFdk2/Wm16","+","Bluejoint – Arrow-leaved groundsel","Wm","wetland marsh"
"1548","ESSFdk2/Ws03","+","Bebb's willow – Bluejoint","Ws","wetland swamp"
"1549","ESSFdk2/Ws08","+","Bl – Valerian – Horsetail","Ws","wetland swamp"
"1550","ESSFdk2/Ws13","+","Barclay's willow – Common horsetail – Arrow-leaved groundsel","Ws","wetland swamp"
"1551","ESSFdkp/Ag01","+","Timber oatgrass – Grouseberry – Sandwort","Ag","alpine grassland"
"1552","ESSFdkp/Gg14","+","Idaho fescue – Sulphur buckwheat – Sandwort","Gg","grassland "
"1553","ESSFdkp/Gg16","+","Rough fescue – Sulphur buckwheat – Sandwort","Gg","grassland "
"1554","ESSFdkw/101","+","BlSe – Grouseberry – Leafy liverwort",NA,NA
"1555","ESSFdkw/101.1","+","BlSe – Grouseberry – Leafy liverwort",NA,NA
"1556","ESSFdkw/101.2","+","BlSe – Rhododendeon – Grouseberry",NA,NA
"1557","ESSFdkw/102","+","BlLa – Grouseberry",NA,NA
"1558","ESSFdkw/103","+","BlSePa – Grouseberry",NA,NA
"1559","ESSFdkw/110","+","BlSe – Grouseberry – Valerian",NA,NA
"1560","ESSFdkw/Ag01","+","Timber oatgrass – Grouseberry – Sandwort","Ag","alpine grassland"
"1561","ESSFdkw/Gb20","+","Saskatoon – Soopolallie – Juniper","Gb","brushland"
"1562","ESSFdkw/Gg14","+","Idaho fescue – Sulphur buckwheat – Sandwort","Gg","grassland "
"1563","ESSFdkw/Gg16","+","Rough fescue – Sulphur buckwheat – Sandwort","Gg","grassland "
"1564","ESSFdkw/Gg17","+","Idaho fescue – Bluebunch wheatgrass – Sulphur buckwheat","Gg","grassland "
"1565","ESSFdkw/Gg33","+","Pinegrass – Yellow penstemon","Gg","grassland "
"1566","ESSFdkw/Ro06","+","Juniper – Stonecrop – Sandwort","Ro","rocky outcrop"
"1567","ESSFdkw/Ro07","+","Juniper – Soopolallie – Shrubby cinquefoil","Ro","rocky outcrop"
"1568","ESSFdkw/Ro10","+","Huckleberry – Rock moss – Haircap moss","Ro","rocky outcrop"
"1569","ESSFdkw/Ro11","+","Grouseberry – Clad lichen","Ro","rocky outcrop"
"1570","ESSFdkw/Rt01","+","Rocktripe – Green map","Rt","talus"
"1571","ESSFdkw/Rt20","+","Spotted saxifrage – Clad lichen","Rt","talus"
"1572","ESSFdkw/Rt21","+","La – Pink mountain-heath – Heron's-bill","Rt","talus"
"1573","ESSFdkw/Vh01","+","Cow parsnip – Fireweed – Nettle","Vh","avalanche herb"
"1574","ESSFdkw/Vh01.1","+","Cow parsnip – Fireweed – Nettle","Vh","avalanche herb"
"1575","ESSFdkw/Vh01.2","+","Cow parsnip – Fireweed – Bluejoint","Vh","avalanche herb"
"1576","ESSFdkw/Vh02","+","Valerian – Hellebore – Fireweed","Vh","avalanche herb"
"1577","ESSFdkw/Vh02.1","+","Valerian – Hellebore – Fireweed","Vh","avalanche herb"
"1578","ESSFdkw/Vh02.2","+","Valerian – Showy sedge – Fireweed","Vh","avalanche herb"
"1579","ESSFdkw/Vh10","+","Fireweed – Grouseberry","Vh","avalanche herb"
"1580","ESSFdkw/Vh11","+","Fireweed – Yarrow – Strawberry","Vh","avalanche herb"
"1581","ESSFdkw/Vh12","+","Idaho fescue – Sulphur buckwheat – Fireweed","Vh","avalanche herb"
"1582","ESSFdkw/Vs03","+","Sitka alder – Hellebore","Vs","avalanche shrub"
"1583","ESSFdkw/Vs12","+","Huckleberry – Rhododendron – Fireweed","Vs","avalanche shrub"
"1584","ESSFdkw/Vs13","+","Huckleberry – Bear-grass – Fireweed","Vs","avalanche shrub"
"1585","ESSFdkw/Wf03","+","Water sedge – Peat moss","Wf","wetland fen"
"1586","ESSFdkw/Wf04","+","Barclay's willow – Water sedge – Glow moss","Wf","wetland fen"
"1587","ESSFdkw/Wf12","+","Narrow-leaved cotton-grass – Marsh-marigold","Wf","wetland fen"
"1588","ESSFdkw/Wf13","+","Narrow-leaved cotton-grass – Shore sedge","Wf","wetland fen"
"1589","ESSFdkw/Wm16","+","Bluejoint – Arrow-leaved groundsel","Wm","wetland marsh"
"1590","ESSFdkw/Ws13","+","Barclay's willow – Common horsetail – Arrow-leaved groundsel","Ws","wetland swamp"
"1591","ESSFmc/01","+","Bl – Huckleberry – Leafy liverwort",NA,NA
"1592","ESSFmc/01a","+","Bl – Huckleberry – Leafy liverwort; Medium-textured",NA,NA
"1593","ESSFmc/01b","+","Bl – Huckleberry – Leafy liverwort; Fine-textured",NA,NA
"1594","ESSFmc/02","+","BlPl – Juniper – Cladonia",NA,NA
"1595","ESSFmc/03","+","Bl – Huckleberry – Crowberry",NA,NA
"1596","ESSFmc/04","+","Bl – Huckleberry – Heron's-bill",NA,NA
"1597","ESSFmc/05","+","Bl – Huckleberry – Thimbleberry",NA,NA
"1598","ESSFmc/06","+","Bl – Oak fern – Heron's-bill",NA,NA
"1599","ESSFmc/07","+","Bl – Devil's club – Lady fern",NA,NA
"1600","ESSFmc/09","+","Bl – Horsetail – Glow moss",NA,NA
"1601","ESSFmc/10","+","Bl – Horsetail – Leafy moss",NA,NA
"1602","ESSFmc/11","+","Pl – Few-flowered sedge – Peat moss",NA,NA
"1603","ESSFmc/Wf01","+","Water sedge – Beaked sedge","Wf","wetland fen"
"1604","ESSFmc/Wf03","+","Water sedge – Peat moss","Wf","wetland fen"
"1605","ESSFmc/Wf04","+","Barclay's willow – Water sedge – Glow moss","Wf","wetland fen"
"1606","ESSFmc/Wf09","+","Few-flowered spikerush – Hook moss","Wf","wetland fen"
"1607","ESSFmc/Wf12","+","Narrow-leaved cotton-grass – Marsh-marigold","Wf","wetland fen"
"1608","ESSFmc/Wf13","+","Narrow-leaved cotton-grass – Shore sedge","Wf","wetland fen"
"1609","ESSFmc/Wm01","+","Beaked sedge – Water sedge","Wm","wetland marsh"
"1610","ESSFmcw/101","+","Bl – Huckleberry – (Valerian) – Heron's-bill",NA,NA
"1611","ESSFmcw/101a","+","Bl – Huckleberry – (Valerian) – Heron's-bill; Mesic phase",NA,NA
"1612","ESSFmcw/101b","+","Bl – Huckleberry – (Valerian) – Heron's-bill; Submesic phase",NA,NA
"1613","ESSFmcw/102","+","Bl(Pa) – Crowberry – Heron's-bill",NA,NA
"1614","ESSFmcw/110","+","Bl – Valerian – Leafy liverwort",NA,NA
"1615","ESSFmcw/111","+","Bl – Leatherleaf – Leafy moss",NA,NA
"1616","ESSFmh/101","+","BlSe – Rhododendron – Foamflower",NA,NA
"1617","ESSFmh/102","+","FdPl – Juniper – Falsebox",NA,NA
"1618","ESSFmh/103","+","BlFd – Huckleberry – Falsebox",NA,NA
"1619","ESSFmh/104","+","BlPl – Falsebox – Grouseberry",NA,NA
"1620","ESSFmh/105","+","BlCwLw – Queen's cup",NA,NA
"1621","ESSFmh/110","+","Bl – Rhododendron – Oak fern",NA,NA
"1622","ESSFmh/111","+","BlSe – Lady fern – Oak fern",NA,NA
"1623","ESSFmh/112","+","SeBl – Horsetail – Arrow–leaved groundsel",NA,NA
"1624","ESSFmh/112a","+","SeBl – Horsetail – Arrow–leaved groundsel; Riparian phase",NA,NA
"1625","ESSFmh/112b","+","SeBl – Horsetail – Arrow–leaved groundsel; Swamp phase",NA,NA
"1626","ESSFmh/Ff01","+","Water birch – Red-osier dogwood – Rose","Ff","fringe fluvial "
"1627","ESSFmh/Ff01a","+","Water birch – Red-osier dogwood – Rose; Fringe phase","Ff","fringe fluvial "
"1628","ESSFmh/Fl01","+","Mountain alder – Common horsetail","Fl","low fluvial bench"
"1629","ESSFmh/Fl02","+","Mountain alder – Red-osier dogwood – Lady fern","Fl","low fluvial bench"
"1630","ESSFmh/Fl04","+","Sitka willow – Red-osier dogwood – Horsetail","Fl","low fluvial bench"
"1631","ESSFmh/Fl05","+","Drummond's willow – Bluejoint","Fl","low fluvial bench"
"1632","ESSFmh/Gb21","+","Juniper – Kinnikinnick – Strawberry","Gb","brushland"
"1633","ESSFmh/Gg11","+","Idaho fescue – Bluebunch wheatgrass – Junegrass","Gg","grassland "
"1634","ESSFmh/Gg11$2.4","+","Needle-and-thread grass – Cheatgrass","Gg","grassland "
"1635","ESSFmh/Ro06","+","Juniper – Stonecrop – Sandwort","Ro","rocky outcrop"
"1636","ESSFmh/Ro06.1","+","Juniper – Stonecrop – Sandwort","Ro","rocky outcrop"
"1637","ESSFmh/Ro06.2","+","Juniper – Kinnikinnick – Stonecrop – Sandwort","Ro","rocky outcrop"
"1638","ESSFmh/Ro09","+","Saskatoon – Rock moss – Clad lichen","Ro","rocky outcrop"
"1639","ESSFmh/Ro09.1","+","Saskatoon – Rock moss – Clad lichen","Ro","rocky outcrop"
"1640","ESSFmh/Ro09.2","+","Saskatoon – Poverty oatgrass – Rock moss – Clad lichen","Ro","rocky outcrop"
"1641","ESSFmh/Ro10","+","Huckleberry – Rock moss – Haircap moss","Ro","rocky outcrop"
"1642","ESSFmh/Ro11","+","Grouseberry – Clad lichen","Ro","rocky outcrop"
"1643","ESSFmh/Rt01","+","Rocktripe – Green map","Rt","talus"
"1644","ESSFmh/Rt02","+","Rock moss – Clad lichen","Rt","talus"
"1645","ESSFmh/Rt03","+","Raspberry – Feather moss – Clad lichen","Rt","talus"
"1646","ESSFmh/Rt07","+","Aspen – Juniper – Rocktripe","Rt","talus"
"1647","ESSFmh/Rt07.1","+","Aspen – Juniper – Rocktripe; Aspen variation","Rt","talus"
"1648","ESSFmh/Rt07.2","+","Juniper – Rocktripe","Rt","talus"
"1649","ESSFmh/Vh01","+","Cow parsnip – Fireweed – Nettle","Vh","avalanche herb"
"1650","ESSFmh/Vh01.1","+","Cow parsnip – Fireweed – Nettle","Vh","avalanche herb"
"1651","ESSFmh/Vh01.2","+","Cow parsnip – Fireweed – Bluejoint","Vh","avalanche herb"
"1652","ESSFmh/Vh02","+","Valerian – Hellebore – Fireweed","Vh","avalanche herb"
"1653","ESSFmh/Vh02.1","+","Valerian – Hellebore – Fireweed","Vh","avalanche herb"
"1654","ESSFmh/Vh03","+","Lady fern – Hellebore – Valerian","Vh","avalanche herb"
"1655","ESSFmh/Vh10","+","Fireweed – Grouseberry","Vh","avalanche herb"
"1656","ESSFmh/Vh11","+","Fireweed – Yarrow – Strawberry","Vh","avalanche herb"
"1657","ESSFmh/Vs01","+","Sitka alder – Lady fern","Vs","avalanche shrub"
"1658","ESSFmh/Vs01.1","+","Sitka alder – Lady fern","Vs","avalanche shrub"
"1659","ESSFmh/Vs01.2","+","Sitka alder – Spiny wood fern","Vs","avalanche shrub"
"1660","ESSFmh/Vs02","+","Sitka alder – Solomon's-seal","Vs","avalanche shrub"
"1661","ESSFmh/Vs04","+","Sitka alder – Devil's club – Oak fern","Vs","avalanche shrub"
"1662","ESSFmh/Vs10","+","Willow – Cow parsnip – Fireweed","Vs","avalanche shrub"
"1663","ESSFmh/Vs10.1","+","Sitka willow – Cow parsnip – Fireweed","Vs","avalanche shrub"
"1664","ESSFmh/Vs10.2","+","Barclay's willow – Cow parsnip – Fireweed","Vs","avalanche shrub"
"1665","ESSFmh/Vs11","+","Thimbleberry – Cow parsnip – Fireweed","Vs","avalanche shrub"
"1666","ESSFmh/Vs12","+","Huckleberry – Rhododendron – Fireweed","Vs","avalanche shrub"
"1667","ESSFmh/Vs14","+","Saskatoon – Snowberry – Strawberry","Vs","avalanche shrub"
"1668","ESSFmh/Wb16","+","Sxw – Trapper's tea – Peat moss","Wb","wetland bog "
"1669","ESSFmh/Wf01","+","Water sedge – Beaked sedge","Wf","wetland fen"
"1670","ESSFmh/Wf02","+","Scrub birch – Water sedge","Wf","wetland fen"
"1671","ESSFmh/Wf03","+","Water sedge – Peat moss","Wf","wetland fen"
"1672","ESSFmh/Wf04","+","Barclay's willow – Water sedge – Glow moss","Wf","wetland fen"
"1673","ESSFmh/Wf05","+","Slender sedge – Common hook moss","Wf","wetland fen"
"1674","ESSFmh/Wf09","+","Few-flowered spikerush – Hook moss","Wf","wetland fen"
"1675","ESSFmh/Wf11","+","Tufted clubrush – Star moss","Wf","wetland fen"
"1676","ESSFmh/Wf12","+","Narrow-leaved cotton-grass – Marsh-marigold","Wf","wetland fen"
"1677","ESSFmh/Wf13","+","Narrow-leaved cotton-grass – Shore sedge","Wf","wetland fen"
"1678","ESSFmh/Wm01","+","Beaked sedge – Water sedge","Wm","wetland marsh"
"1679","ESSFmh/Wm16","+","Bluejoint – Arrow-leaved groundsel","Wm","wetland marsh"
"1680","ESSFmh/Ws04","+","Drummond's willow – Beaked sedge","Ws","wetland swamp"
"1681","ESSFmh/Ws08","+","Bl – Valerian – Horsetail","Ws","wetland swamp"
"1682","ESSFmh/Ws08.1","+","Bl – Valerian – Horsetail","Ws","wetland swamp"
"1683","ESSFmh/Ws08.2","+","SeBl – Horsetail – Canby's Lovage","Ws","wetland swamp"
"1684","ESSFmh/Ws13","+","Barclay's willow – Common horsetail – Arrow-leaved groundsel","Ws","wetland swamp"
"1685","ESSFmk/01","+","BlHm – Twistedstalk",NA,NA
"1686","ESSFmk/02","+","BlPa – Cladonia",NA,NA
"1687","ESSFmk/02a","+","BlPa – Cladonia; Lithic",NA,NA
"1688","ESSFmk/02b","+","BlPa – Cladonia; Fluvial",NA,NA
"1689","ESSFmk/03","+","BlHm – Cladonia",NA,NA
"1690","ESSFmk/04","+","BlHm – Oak fern",NA,NA
"1691","ESSFmk/05","+","Bl – Devil's club – Lady fern",NA,NA
"1692","ESSFmk/06","+","Bl – Horsetail – Leafy moss",NA,NA
"1693","ESSFmk/07","+","Bl – Lady fern – Horsetail",NA,NA
"1694","ESSFmkw/101","+","Bl(Hm) – Huckleberry – (Twistedstalk) – Heron's-bill",NA,NA
"1695","ESSFmkw/102","+","BlPa(Hm) – Huckleberry – Clad lichens",NA,NA
"1696","ESSFmkw/104","+","BlHm – Huckleberry – Blueberry",NA,NA
"1697","ESSFmkw/110","+","Bl(Hm) – Huckleberry – Valerian – Leafy moss",NA,NA
"1698","ESSFmkw/111","+","Bl – Valerian – Sitka burnet – Horsetail",NA,NA
"1699","ESSFmm1/01","+","Bl – Azalea – Gooseberry",NA,NA
"1700","ESSFmm1/02","+","Bl – Huckleberry – Feather moss",NA,NA
"1701","ESSFmm1/03","+","BlPl – Cladina",NA,NA
"1702","ESSFmm1/04","+","Bl – Azalea – Rhododendron",NA,NA
"1703","ESSFmm1/05","+","Bl – Oak fern – Bramble",NA,NA
"1704","ESSFmm1/06","+","Bl – Devil's club – Lady fern",NA,NA
"1705","ESSFmm1/07","+","Bl – Labrador tea – Horsetail",NA,NA
"1706","ESSFmm3/101","+","Bl – Azalea – Bramble",NA,NA
"1707","ESSFmm3/102","+","BlFd – Juniper – Clad lichen",NA,NA
"1708","ESSFmm3/103","+","Bl – Huckleberry – Clad lichen",NA,NA
"1709","ESSFmm3/104","+","Bl – Azalea – Feather moss",NA,NA
"1710","ESSFmm3/110","+","BlSe – Azalea – Oak fern",NA,NA
"1711","ESSFmm3/111","+","BlSe – Valerian – Leafy liverwort",NA,NA
"1712","ESSFmm3/112","+","Se – Horsetail – Valerian",NA,NA
"1713","ESSFmv1/01","+","Bl – Rhododendron – Feather moss",NA,NA
"1714","ESSFmv1/02","+","Pl – Huckleberry – Cladonia",NA,NA
"1715","ESSFmv1/03","+","Bl – Huckleberry – Feather moss",NA,NA
"1716","ESSFmv1/04","+","Bl – Huckleberry – Gooseberry",NA,NA
"1717","ESSFmv1/05","+","Bl – Horsetail – Glow moss",NA,NA
"1718","ESSFmv2/01","+","Bl – Rhododendron – Feather moss",NA,NA
"1719","ESSFmv2/02","+","Bl – Lingonberry",NA,NA
"1720","ESSFmv2/04","+","Bl – Oak fern – Knight's plume",NA,NA
"1721","ESSFmv2/05","+","Bl – Devil's club – Rhododendron",NA,NA
"1722","ESSFmv2/06","+","Bl – Alder – Horsetail",NA,NA
"1723","ESSFmv2/Wf02","+","Scrub birch – Water sedge","Wf","wetland fen"
"1724","ESSFmv3/01","+","Bl – Rhododendron – Feather moss",NA,NA
"1725","ESSFmv3/02","+","BlPl – Crowberry – Cladina",NA,NA
"1726","ESSFmv3/04","+","Bl – Oak fern – Knight's plume",NA,NA
"1727","ESSFmv3/05","+","Bl – Devil's club – Rhododendron",NA,NA
"1728","ESSFmv3/06","+","Sxw – Huckleberry – High bush-cranberry",NA,NA
"1729","ESSFmv3/07","+","Bl – Horsetail – Feather moss",NA,NA
"1730","ESSFmv3/08","+","BlPl – Rhododendron",NA,NA
"1731","ESSFmv4/01","+","Bl – Rhododendron – Feather moss",NA,NA
"1732","ESSFmv4/02","+","BlPl – Crowberry – Cladina",NA,NA
"1733","ESSFmv4/04","+","Bl – Rhododendron – Horsetail",NA,NA
"1734","ESSFmv4/05","+","Bl – Alder – Horsetail",NA,NA
"1735","ESSFmw1/101","+","BlBa – Rhododendron – Bramble",NA,NA
"1736","ESSFmw1/102","+","PlBl – Grouseberry – Rock mosses",NA,NA
"1737","ESSFmw1/102.1","+","PlBl – Grouseberry – Rock mosses",NA,NA
"1738","ESSFmw1/102.2","+","Bl – Huckleberry – Rock mosses",NA,NA
"1739","ESSFmw1/103","+","BlPl – Falsebox – Grouseberry",NA,NA
"1740","ESSFmw1/105","+","BlBa – Huckleberry – Pipecleaner moss",NA,NA
"1741","ESSFmw1/111","+","Se – Horsetail – Valerian",NA,NA
"1742","ESSFmw1/Ro06","+","Juniper – Stonecrop – Sandwort","Ro","rocky outcrop"
"1743","ESSFmw1/Ro06.1","+","Juniper – Stonecrop – Sandwort","Ro","rocky outcrop"
"1744","ESSFmw1/Ro06.2","+","Juniper – Kinnikinnick – Stonecrop – Sandwort","Ro","rocky outcrop"
"1745","ESSFmw1/Ro11","+","Grouseberry – Clad lichen","Ro","rocky outcrop"
"1746","ESSFmw1/Rt01","+","Rocktripe – Green map","Rt","talus"
"1747","ESSFmw1/Rt02","+","Rock moss – Clad lichen","Rt","talus"
"1748","ESSFmw1/Vh01","+","Cow parsnip – Fireweed – Nettle","Vh","avalanche herb"
"1749","ESSFmw1/Vh01.1","+","Cow parsnip – Fireweed – Nettle","Vh","avalanche herb"
"1750","ESSFmw1/Vh02","+","Valerian – Hellebore – Fireweed","Vh","avalanche herb"
"1751","ESSFmw1/Vh04","+","Valerian – Meadowrue – Waterleaf","Vh","avalanche herb"
"1752","ESSFmw1/Vs01","+","Sitka alder – Lady fern","Vs","avalanche shrub"
"1753","ESSFmw1/Vs01.1","+","Sitka alder – Lady fern","Vs","avalanche shrub"
"1754","ESSFmw1/Vs01.2","+","Sitka alder – Spiny wood fern","Vs","avalanche shrub"
"1755","ESSFmw1/Vs02","+","Sitka alder – Solomon's-seal","Vs","avalanche shrub"
"1756","ESSFmw1/Vs03","+","Sitka alder – Hellebore","Vs","avalanche shrub"
"1757","ESSFmw1/Vs04","+","Sitka alder – Devil's club – Oak fern","Vs","avalanche shrub"
"1758","ESSFmw1/Vs05","+","Sitka alder – Waterleaf","Vs","avalanche shrub"
"1759","ESSFmw1/Vs10","+","Willow – Cow parsnip – Fireweed","Vs","avalanche shrub"
"1760","ESSFmw1/Vs10.1","+","Sitka willow – Cow parsnip – Fireweed","Vs","avalanche shrub"
"1761","ESSFmw1/Vs10.2","+","Barclay's willow – Cow parsnip – Fireweed","Vs","avalanche shrub"
"1762","ESSFmw1/Vs11","+","Thimbleberry – Cow parsnip – Fireweed","Vs","avalanche shrub"
"1763","ESSFmw1/Vs14","+","Saskatoon – Snowberry – Strawberry","Vs","avalanche shrub"
"1764","ESSFmw1/Vs50","+","Sitka alder – Salmonberry","Vs","avalanche shrub"
"1765","ESSFmw1/Wf01","+","Water sedge – Beaked sedge","Wf","wetland fen"
"1766","ESSFmw1/Wf03","+","Water sedge – Peat moss","Wf","wetland fen"
"1767","ESSFmw1/Wf04","+","Barclay's willow – Water sedge – Glow moss","Wf","wetland fen"
"1768","ESSFmw1/Wf08","+","Shore sedge – Buckbean – Hook moss","Wf","wetland fen"
"1769","ESSFmw1/Wf09","+","Few-flowered spikerush – Hook moss","Wf","wetland fen"
"1770","ESSFmw1/Wf11","+","Tufted clubrush – Star moss","Wf","wetland fen"
"1771","ESSFmw1/Wf12","+","Narrow-leaved cotton-grass – Marsh-marigold","Wf","wetland fen"
"1772","ESSFmw1/Wf13","+","Narrow-leaved cotton-grass – Shore sedge","Wf","wetland fen"
"1773","ESSFmw1/Wm01","+","Beaked sedge – Water sedge","Wm","wetland marsh"
"1774","ESSFmw1/Wm16","+","Bluejoint – Arrow-leaved groundsel","Wm","wetland marsh"
"1775","ESSFmw1/Ws08","+","Bl – Valerian – Horsetail","Ws","wetland swamp"
"1776","ESSFmw1/Ws08.1","+","Bl – Valerian – Horsetail","Ws","wetland swamp"
"1777","ESSFmw1/Ws13","+","Barclay's willow – Common horsetail – Arrow-leaved groundsel","Ws","wetland swamp"
"1778","ESSFmw2/Wf01","+","Water sedge – Beaked sedge","Wf","wetland fen"
"1779","ESSFmw2/Wf03","+","Water sedge – Peat moss","Wf","wetland fen"
"1780","ESSFmw2/Wf04","+","Barclay's willow – Water sedge – Glow moss","Wf","wetland fen"
"1781","ESSFmw2/Wf12","+","Narrow-leaved cotton-grass – Marsh-marigold","Wf","wetland fen"
"1782","ESSFmw2/Wf13","+","Narrow-leaved cotton-grass – Shore sedge","Wf","wetland fen"
"1783","ESSFmw2/Wm02","+","Water horsetail – Beaked sedge","Wm","wetland marsh"
"1784","ESSFvc/01","+","BlHm – Rhododendron – Oak fern",NA,NA
"1785","ESSFvc/02","+","BlHm – Rhododendron – Leafy liverwort",NA,NA
"1786","ESSFvc/03","+","BlHm – Rhododendron – Pipecleaner moss",NA,NA
"1787","ESSFvc/04","+","BlHm – Devil's club – Lady fern",NA,NA
"1788","ESSFvc/05","+","BlHm – Horsetail",NA,NA
"1789","ESSFvc/06","+","Sedge – Sphagnum",NA,NA
"1790","ESSFwc2/01","+","Bl – Azalea – Oak fern",NA,NA
"1791","ESSFwc2/02","+","Pl – Huckleberry – Cladonia",NA,NA
"1792","ESSFwc2/03","+","Bl – Huckleberry – Arnica",NA,NA
"1793","ESSFwc2/04","+","Bl – Rhododendron – Heron's-bill",NA,NA
"1794","ESSFwc2/05","+","Bl – Azalea – Feather moss",NA,NA
"1795","ESSFwc2/06","+","Bl – Valerian – Oak fern",NA,NA
"1796","ESSFwc2/07","+","Bl – Devil's club – Lady fern",NA,NA
"1797","ESSFwc2/08","+","Bl – Horsetail – Sphagnum",NA,NA
"1798","ESSFwc2/09","+","Pl – Dwarf blueberry – Sphagnum",NA,NA
"1799","ESSFwc2/10","+","Sedge – Sphagnum",NA,NA
"1800","ESSFwc2/Wf04","+","Barclay's willow – Water sedge – Glow moss","Wf","wetland fen"
"1801","ESSFwc2/Wf11","+","Tufted clubrush – Star moss","Wf","wetland fen"
"1802","ESSFwc2/Wf13","+","Narrow-leaved cotton-grass – Shore sedge","Wf","wetland fen"
"1803","ESSFwc3/Wf02","+","Scrub birch – Water sedge","Wf","wetland fen"
"1804","ESSFwc3/Wf03","+","Water sedge – Peat moss","Wf","wetland fen"
"1805","ESSFwc3/Wf04","+","Barclay's willow – Water sedge – Glow moss","Wf","wetland fen"
"1806","ESSFwc3/Wf08","+","Shore sedge – Buckbean – Hook moss","Wf","wetland fen"
"1807","ESSFwc3/Wf11","+","Tufted clubrush – Star moss","Wf","wetland fen"
"1808","ESSFwc4/101","+","Bl – Rhododendron – Oak fern",NA,NA
"1809","ESSFwc4/102","+","BlPa – Huckleberry – Clad lichen",NA,NA
"1810","ESSFwc4/103","+","Bl – Rhododendron – Huckleberry – Heron's-bill",NA,NA
"1811","ESSFwc4/103a","+","Bl – Rhododendron – Huckleberry – Heron's-bill; Subxeric phase",NA,NA
"1812","ESSFwc4/103b","+","Bl – Rhododendron – Huckleberry – Heron's-bill; Submesic phase",NA,NA
"1813","ESSFwc4/110","+","BlSe – Lady fern – Oak fern",NA,NA
"1814","ESSFwc4/111","+","Bl – Valerian – Foamflower",NA,NA
"1815","ESSFwc4/112","+","Se – Horsetail – Valerian",NA,NA
"1816","ESSFwc4/112a","+","Se – Horsetail – Valerian; Riparian phase",NA,NA
"1817","ESSFwc4/112b","+","Se – Valerian – Horsetail; Swamp phase",NA,NA
"1818","ESSFwc4/Ro06","+","Juniper – Stonecrop – Sandwort","Ro","rocky outcrop"
"1819","ESSFwc4/Ro06.1","+","Juniper – Stonecrop – Sandwort","Ro","rocky outcrop"
"1820","ESSFwc4/Ro10","+","Huckleberry – Rock moss – Haircap moss","Ro","rocky outcrop"
"1821","ESSFwc4/Ro11","+","Grouseberry – Clad lichen","Ro","rocky outcrop"
"1822","ESSFwc4/Ro12","+","Mountain-heather – Alaska saxifrage – Rock moss","Ro","rocky outcrop"
"1823","ESSFwc4/Rt01","+","Rocktripe – Green map","Rt","talus"
"1824","ESSFwc4/Rt02","+","Rock moss – Clad lichen","Rt","talus"
"1825","ESSFwc4/Rt07","+","Aspen – Juniper – Rocktripe","Rt","talus"
"1826","ESSFwc4/Rt07.1","+","Aspen – Juniper – Rocktripe; Aspen variation","Rt","talus"
"1827","ESSFwc4/Rt07.2","+","Juniper – Rocktripe","Rt","talus"
"1828","ESSFwc4/Rt21","+","La – Pink mountain-heath – Heron's-bill","Rt","talus"
"1829","ESSFwc4/Vh01","+","Cow parsnip – Fireweed – Nettle","Vh","avalanche herb"
"1830","ESSFwc4/Vh01.1","+","Cow parsnip – Fireweed – Nettle","Vh","avalanche herb"
"1831","ESSFwc4/Vh01.2","+","Cow parsnip – Fireweed – Bluejoint","Vh","avalanche herb"
"1832","ESSFwc4/Vh02","+","Valerian – Hellebore – Fireweed","Vh","avalanche herb"
"1833","ESSFwc4/Vh02.1","+","Valerian – Hellebore – Fireweed","Vh","avalanche herb"
"1834","ESSFwc4/Vh02.2","+","Valerian – Showy Sedge – Fireweed","Vh","avalanche herb"
"1835","ESSFwc4/Vh11","+","Fireweed – Yarrow – Strawberry","Vh","avalanche herb"
"1836","ESSFwc4/Vs01","+","Sitka alder – Lady fern","Vs","avalanche shrub"
"1837","ESSFwc4/Vs01.1","+","Sitka alder – Lady fern","Vs","avalanche shrub"
"1838","ESSFwc4/Vs01.2","+","Sitka alder – Spiny wood fern","Vs","avalanche shrub"
"1839","ESSFwc4/Vs02","+","Sitka alder – Solomon's-seal","Vs","avalanche shrub"
"1840","ESSFwc4/Vs03","+","Sitka alder – Hellebore","Vs","avalanche shrub"
"1841","ESSFwc4/Vs10","+","Willow – Cow parsnip – Fireweed","Vs","avalanche shrub"
"1842","ESSFwc4/Vs10.1","+","Sitka willow – Cow parsnip – Fireweed","Vs","avalanche shrub"
"1843","ESSFwc4/Vs10.2","+","Barclay's willow – Cow parsnip – Fireweed","Vs","avalanche shrub"
"1844","ESSFwc4/Vs12","+","Huckleberry – Rhododendron – Fireweed","Vs","avalanche shrub"
"1845","ESSFwc4/Wa01","+","Alpine sedge – Glow moss","Wa","wetland alpine"
"1846","ESSFwc4/Wa01.1","+","Alpine sedge – Marsh-marigold – Glow moss","Wa","wetland alpine"
"1847","ESSFwc4/Wa01.2","+","Alpine sedge – Leatherleaf saxifrage – Glow moss","Wa","wetland alpine"
"1848","ESSFwc4/Wa03","+","Marsh-marigold – Globeflower – Spring moss","Wa","wetland alpine"
"1849","ESSFwc4/Wf01","+","Water sedge – Beaked sedge","Wf","wetland fen"
"1850","ESSFwc4/Wf03","+","Water sedge – Peat moss","Wf","wetland fen"
"1851","ESSFwc4/Wf04","+","Barclay's willow – Water sedge – Glow moss","Wf","wetland fen"
"1852","ESSFwc4/Wf11","+","Tufted clubrush – Star moss","Wf","wetland fen"
"1853","ESSFwc4/Wf12","+","Narrow-leaved cotton-grass – Marsh-marigold","Wf","wetland fen"
"1854","ESSFwc4/Wf13","+","Narrow-leaved cotton-grass – Shore sedge","Wf","wetland fen"
"1855","ESSFwc4/Wm01","+","Beaked sedge – Water sedge","Wm","wetland marsh"
"1856","ESSFwc4/Wm16","+","Bluejoint – Arrow-leaved groundsel","Wm","wetland marsh"
"1857","ESSFwc4/Ws13","+","Barclay's willow – Common horsetail – Arrow-leaved groundsel","Ws","wetland swamp"
"1858","ESSFwc7/101","+","Bl – Rhododendron – Oak fern",NA,NA
"1859","ESSFwc7/102","+","Bl – Huckleberry – Rock mosses",NA,NA
"1860","ESSFwc7/103","+","Bl – Rhododendron – Bramble – Heron's-bill mosses",NA,NA
"1861","ESSFwc7/110","+","Bl – Twistedstalks – Leafy mosses",NA,NA
"1862","ESSFwc7/111","+","Bl – Valerian – Horsetail",NA,NA
"1863","ESSFwcp/Ag01","+","Timber oatgrass – Grouseberry – Sandwort","Ag","alpine grassland"
"1864","ESSFwcp/Wa01","+","Alpine sedge – Glow moss","Wa","wetland alpine"
"1865","ESSFwcp/Wa01.1","+","Alpine sedge – Marsh-marigold – Glow moss","Wa","wetland alpine"
"1866","ESSFwcp/Wa01.2","+","Alpine sedge – Leatherleaf saxifrage – Glow moss","Wa","wetland alpine"
"1867","ESSFwcp/Wa03","+","Marsh-marigold – Globeflower – Spring moss","Wa","wetland alpine"
"1868","ESSFwcw/101","+","Bl – Rhododendron – Valerian",NA,NA
"1869","ESSFwcw/102","+","BlPa – Huckleberry – Clad lichen",NA,NA
"1870","ESSFwcw/103","+","Bl – Rhododendron – Woodrush",NA,NA
"1871","ESSFwcw/104.1","+","Bl – Mountain-heather – Woodrush",NA,NA
"1872","ESSFwcw/104.2","+","Bl – Mountain-heather – Partridge-foot",NA,NA
"1873","ESSFwcw/104.3","+","Bl – Mountain-heather – Mountain sagewort",NA,NA
"1874","ESSFwcw/110","+","Bl – Valerian – Hellebore – Globeflower",NA,NA
"1875","ESSFwcw/Ag01","+","Timber oatgrass – Grouseberry – Sandwort","Ag","alpine grassland"
"1876","ESSFwcw/Gg16","+","Rough fescue – Sulphur buckwheat – Sandwort","Gg","grassland "
"1877","ESSFwcw/Ro06","+","Juniper – Stonecrop – Sandwort","Ro","rocky outcrop"
"1878","ESSFwcw/Ro06.1","+","Juniper – Stonecrop – Sandwort","Ro","rocky outcrop"
"1879","ESSFwcw/Ro10","+","Huckleberry – Rock moss – Haircap moss","Ro","rocky outcrop"
"1880","ESSFwcw/Ro11","+","Grouseberry – Clad lichen","Ro","rocky outcrop"
"1881","ESSFwcw/Ro12","+","Mountain-heather – Alaska saxifrage – Rock moss","Ro","rocky outcrop"
"1882","ESSFwcw/Rt01","+","Rocktripe – Green map","Rt","talus"
"1883","ESSFwcw/Rt21","+","La – Pink mountain-heath – Heron's-bill","Rt","talus"
"1884","ESSFwcw/Vh01","+","Cow parsnip – Fireweed – Nettle","Vh","avalanche herb"
"1885","ESSFwcw/Vh01.1","+","Cow parsnip – Fireweed – Nettle","Vh","avalanche herb"
"1886","ESSFwcw/Vh01.2","+","Cow parsnip – Fireweed – Bluejoint","Vh","avalanche herb"
"1887","ESSFwcw/Vh02","+","Valerian – Hellebore – Fireweed","Vh","avalanche herb"
"1888","ESSFwcw/Vh02.1","+","Valerian – Hellebore – Fireweed","Vh","avalanche herb"
"1889","ESSFwcw/Vh02.2","+","Valerian – Showy Sedge – Fireweed","Vh","avalanche herb"
"1890","ESSFwcw/Vh10","+","Fireweed – Grouseberry","Vh","avalanche herb"
"1891","ESSFwcw/Vh11","+","Fireweed – Yarrow – Strawberry","Vh","avalanche herb"
"1892","ESSFwcw/Vs01","+","Sitka alder – Lady fern","Vs","avalanche shrub"
"1893","ESSFwcw/Vs01.1","+","Sitka alder – Lady fern","Vs","avalanche shrub"
"1894","ESSFwcw/Vs01.2","+","Sitka alder – Spiny wood fern","Vs","avalanche shrub"
"1895","ESSFwcw/Vs03","+","Sitka alder – Hellebore","Vs","avalanche shrub"
"1896","ESSFwcw/Vs10","+","Willow – Cow parsnip – Fireweed","Vs","avalanche shrub"
"1897","ESSFwcw/Vs10.2","+","Barclay's willow – Cow parsnip – Fireweed","Vs","avalanche shrub"
"1898","ESSFwcw/Wa01","+","Alpine sedge – Glow moss","Wa","wetland alpine"
"1899","ESSFwcw/Wa01.1","+","Alpine sedge – Marsh-marigold – Glow moss","Wa","wetland alpine"
"1900","ESSFwcw/Wa01.2","+","Alpine sedge – Leatherleaf saxifrage – Glow moss","Wa","wetland alpine"
"1901","ESSFwcw/Wa03","+","Marsh-marigold – Globeflower – Spring moss","Wa","wetland alpine"
"1902","ESSFwcw/Wf01","+","Water sedge – Beaked sedge","Wf","wetland fen"
"1903","ESSFwcw/Wf03","+","Water sedge – Peat moss","Wf","wetland fen"
"1904","ESSFwcw/Wf04","+","Barclay's willow – Water sedge – Glow moss","Wf","wetland fen"
"1905","ESSFwcw/Wf12","+","Narrow-leaved cotton-grass – Marsh-marigold","Wf","wetland fen"
"1906","ESSFwcw/Wf13","+","Narrow-leaved cotton-grass – Shore sedge","Wf","wetland fen"
"1907","ESSFwcw/Wm01","+","Beaked sedge – Water sedge","Wm","wetland marsh"
"1908","ESSFwcw/Wm16","+","Bluejoint – Arrow-leaved groundsel","Wm","wetland marsh"
"1909","ESSFwcw/Ws08.2","+","SeBl – Horsetail – Canby's Lovage","Ws","wetland swamp"
"1910","ESSFwcw/Ws13","+","Barclay's willow – Common horsetail – Arrow-leaved groundsel","Ws","wetland swamp"
"1911","ESSFwh1/101","+","BlHw – Rhododendron – Foamflower",NA,NA
"1912","ESSFwh1/102","+","Bl – Huckleberry – Rock mosses",NA,NA
"1913","ESSFwh1/104","+","BlHw – Huckleberry – Pipecleaner moss",NA,NA
"1914","ESSFwh1/110","+","Se – Devil's club – Lady fern",NA,NA
"1915","ESSFwh1/110.1","+","Se – Devil's club – Lady fern",NA,NA
"1916","ESSFwh1/110.2","+","Se – Lady fern – Oak fern",NA,NA
"1917","ESSFwh1/111","+","SeBl – Horsetail – Canby's lovage",NA,NA
"1918","ESSFwh1/111a","+","SeBl – Horsetail – Canby's lovage; Riparian phase",NA,NA
"1919","ESSFwh1/111b","+","SeBl – Horsetail – Canby's lovage; Swamp phase",NA,NA
"1920","ESSFwh1/Fl01","+","Mountain alder – Common horsetail","Fl","low fluvial bench"
"1921","ESSFwh1/Fl02","+","Mountain alder – Red-osier dogwood – Lady fern","Fl","low fluvial bench"
"1922","ESSFwh1/Ro06","+","Juniper – Stonecrop – Sandwort","Ro","rocky outcrop"
"1923","ESSFwh1/Ro06.1","+","Juniper – Stonecrop – Sandwort","Ro","rocky outcrop"
"1924","ESSFwh1/Ro09","+","Saskatoon – Rock moss – Clad lichen","Ro","rocky outcrop"
"1925","ESSFwh1/Ro09.1","+","Saskatoon – Rock moss – Clad lichen","Ro","rocky outcrop"
"1926","ESSFwh1/Ro09.2","+","Saskatoon – Poverty oatgrass – Rock moss – Clad lichen","Ro","rocky outcrop"
"1927","ESSFwh1/Ro10","+","Huckleberry – Rock moss – Haircap moss","Ro","rocky outcrop"
"1928","ESSFwh1/Rt01","+","Rocktripe – Green map","Rt","talus"
"1929","ESSFwh1/Rt02","+","Rock moss – Clad lichen","Rt","talus"
"1930","ESSFwh1/Rt03","+","Raspberry – Feather moss – Clad lichen","Rt","talus"
"1931","ESSFwh1/Rt07","+","Aspen – Juniper – Rocktripe","Rt","talus"
"1932","ESSFwh1/Rt07.1","+","Aspen – Juniper – Rocktripe; Aspen variation","Rt","talus"
"1933","ESSFwh1/Rt07.2","+","Juniper – Rocktripe","Rt","talus"
"1934","ESSFwh1/Vh01","+","Cow parsnip – Fireweed – Nettle","Vh","avalanche herb"
"1935","ESSFwh1/Vh01.1","+","Cow parsnip – Fireweed – Nettle","Vh","avalanche herb"
"1936","ESSFwh1/Vh01.2","+","Cow parsnip – Fireweed – Bluejoint","Vh","avalanche herb"
"1937","ESSFwh1/Vh02","+","Valerian – Hellebore – Fireweed","Vh","avalanche herb"
"1938","ESSFwh1/Vh02.1","+","Valerian – Hellebore – Fireweed","Vh","avalanche herb"
"1939","ESSFwh1/Vh02.2","+","Valerian – Showy Sedge – Fireweed","Vh","avalanche herb"
"1940","ESSFwh1/Vh03","+","Lady fern – Hellebore – Valerian","Vh","avalanche herb"
"1941","ESSFwh1/Vh11","+","Fireweed – Yarrow – Strawberry","Vh","avalanche herb"
"1942","ESSFwh1/Vs01","+","Sitka alder – Lady fern","Vs","avalanche shrub"
"1943","ESSFwh1/Vs01.1","+","Sitka alder – Lady fern","Vs","avalanche shrub"
"1944","ESSFwh1/Vs01.2","+","Sitka alder – Spiny wood fern","Vs","avalanche shrub"
"1945","ESSFwh1/Vs02","+","Sitka alder – Solomon's-seal","Vs","avalanche shrub"
"1946","ESSFwh1/Vs03","+","Sitka alder – Hellebore","Vs","avalanche shrub"
"1947","ESSFwh1/Vs04","+","Sitka alder – Devil's club – Oak fern","Vs","avalanche shrub"
"1948","ESSFwh1/Vs10","+","Willow – Cow parsnip – Fireweed","Vs","avalanche shrub"
"1949","ESSFwh1/Vs10.1","+","Sitka willow – Cow parsnip – Fireweed","Vs","avalanche shrub"
"1950","ESSFwh1/Vs10.2","+","Barclay's willow – Cow parsnip – Fireweed","Vs","avalanche shrub"
"1951","ESSFwh1/Vs11","+","Thimbleberry – Cow parsnip – Fireweed","Vs","avalanche shrub"
"1952","ESSFwh1/Vs12","+","Huckleberry – Rhododendron – Fireweed","Vs","avalanche shrub"
"1953","ESSFwh1/Wf01","+","Water sedge – Beaked sedge","Wf","wetland fen"
"1954","ESSFwh1/Wf03","+","Water sedge – Peat moss","Wf","wetland fen"
"1955","ESSFwh1/Wf04","+","Barclay's willow – Water sedge – Glow moss","Wf","wetland fen"
"1956","ESSFwh1/Wf11","+","Tufted clubrush – Star moss","Wf","wetland fen"
"1957","ESSFwh1/Wf12","+","Narrow-leaved cotton-grass – Marsh-marigold","Wf","wetland fen"
"1958","ESSFwh1/Wf13","+","Narrow-leaved cotton-grass – Shore sedge","Wf","wetland fen"
"1959","ESSFwh1/Wm01","+","Beaked sedge – Water sedge","Wm","wetland marsh"
"1960","ESSFwh1/Wm15","+","Bluejoint – Water sedge","Wm","wetland marsh"
"1961","ESSFwh1/Wm16","+","Bluejoint – Arrow-leaved groundsel","Wm","wetland marsh"
"1962","ESSFwh1/Ws08.1","+","Bl – Valerian – Horsetail","Ws","wetland swamp"
"1963","ESSFwh1/Ws08.2","+","SxwBl – Horsetail – Canby's Lovage","Ws","wetland swamp"
"1964","ESSFwh1/Ws13","+","Barclay's willow – Common horsetail – Arrow-leaved groundsel","Ws","wetland swamp"
"1965","ESSFwh2/101","+","BlHw – Rhododendron – Foamflower",NA,NA
"1966","ESSFwh2/102","+","Bl – Huckleberry – Rock mosses",NA,NA
"1967","ESSFwh2/104","+","BlHw – Huckleberry – Pipecleaner moss",NA,NA
"1968","ESSFwh2/110","+","BlSe – Azalea – Oak fern",NA,NA
"1969","ESSFwh2/111","+","Se – Devil's club – Lady fern",NA,NA
"1970","ESSFwh2/112","+","SeBl – Horsetail – Canby's lovage",NA,NA
"1971","ESSFwh2/112a","+","SeBl – Horsetail – Canby's lovage; Riparian phase",NA,NA
"1972","ESSFwh2/112b","+","SeBl – Horsetail – Canby's lovage; Swamp phase",NA,NA
"1973","ESSFwh2/Fl01","+","Mountain alder – Common horsetail","Fl","low fluvial bench"
"1974","ESSFwh2/Ro06","+","Juniper – Stonecrop – Sandwort","Ro","rocky outcrop"
"1975","ESSFwh2/Ro06.1","+","Juniper – Stonecrop – Sandwort","Ro","rocky outcrop"
"1976","ESSFwh2/Ro09","+","Saskatoon – Rock moss – Clad lichen","Ro","rocky outcrop"
"1977","ESSFwh2/Ro09.1","+","Saskatoon – Rock moss – Clad lichen","Ro","rocky outcrop"
"1978","ESSFwh2/Ro09.2","+","Saskatoon – Poverty oatgrass – Rock moss – Clad lichen","Ro","rocky outcrop"
"1979","ESSFwh2/Ro10","+","Huckleberry – Rock moss – Haircap moss","Ro","rocky outcrop"
"1980","ESSFwh2/Rt01","+","Rocktripe – Green map","Rt","talus"
"1981","ESSFwh2/Rt02","+","Rock moss – Clad lichen","Rt","talus"
"1982","ESSFwh2/Rt03","+","Raspberry – Feather moss – Clad lichen","Rt","talus"
"1983","ESSFwh2/Rt07","+","Aspen – Juniper – Rocktripe","Rt","talus"
"1984","ESSFwh2/Rt07.1","+","Aspen – Juniper – Rocktripe; Aspen variation","Rt","talus"
"1985","ESSFwh2/Rt07.2","+","Juniper – Rocktripe","Rt","talus"
"1986","ESSFwh2/Vh01","+","Cow parsnip – Fireweed – Nettle","Vh","avalanche herb"
"1987","ESSFwh2/Vh01.1","+","Cow parsnip – Fireweed – Nettle","Vh","avalanche herb"
"1988","ESSFwh2/Vh01.2","+","Cow parsnip – Fireweed – Bluejoint","Vh","avalanche herb"
"1989","ESSFwh2/Vh02","+","Valerian – Hellebore – Fireweed","Vh","avalanche herb"
"1990","ESSFwh2/Vh02.1","+","Valerian – Hellebore – Fireweed","Vh","avalanche herb"
"1991","ESSFwh2/Vh02.2","+","Valerian – Showy Sedge – Fireweed","Vh","avalanche herb"
"1992","ESSFwh2/Vh03","+","Lady fern – Hellebore – Valerian","Vh","avalanche herb"
"1993","ESSFwh2/Vh11","+","Fireweed – Yarrow – Strawberry","Vh","avalanche herb"
"1994","ESSFwh2/Vs01","+","Sitka alder – Lady fern","Vs","avalanche shrub"
"1995","ESSFwh2/Vs01.1","+","Sitka alder – Lady fern","Vs","avalanche shrub"
"1996","ESSFwh2/Vs01.2","+","Sitka alder – Spiny wood fern","Vs","avalanche shrub"
"1997","ESSFwh2/Vs02","+","Sitka alder – Solomon's-seal","Vs","avalanche shrub"
"1998","ESSFwh2/Vs03","+","Sitka alder – Hellebore","Vs","avalanche shrub"
"1999","ESSFwh2/Vs04","+","Sitka alder – Devil's club – Oak fern","Vs","avalanche shrub"
"2000","ESSFwh2/Vs10","+","Willow – Cow parsnip – Fireweed","Vs","avalanche shrub"
"2001","ESSFwh2/Vs10.1","+","Sitka willow – Cow parsnip – Fireweed","Vs","avalanche shrub"
"2002","ESSFwh2/Vs10.2","+","Barclay's willow – Cow parsnip – Fireweed","Vs","avalanche shrub"
"2003","ESSFwh2/Vs11","+","Thimbleberry – Cow parsnip – Fireweed","Vs","avalanche shrub"
"2004","ESSFwh2/Vs13","+","Huckleberry – Beargrass – Fireweed","Vs","avalanche shrub"
"2005","ESSFwh2/Wf01","+","Water sedge – Beaked sedge","Wf","wetland fen"
"2006","ESSFwh2/Wf03","+","Water sedge – Peat moss","Wf","wetland fen"
"2007","ESSFwh2/Wf04","+","Barclay's willow – Water sedge – Glow moss","Wf","wetland fen"
"2008","ESSFwh2/Wf11","+","Tufted clubrush – Star moss","Wf","wetland fen"
"2009","ESSFwh2/Wf12","+","Narrow-leaved cotton-grass – Marsh-marigold","Wf","wetland fen"
"2010","ESSFwh2/Wf13","+","Narrow-leaved cotton-grass – Shore sedge","Wf","wetland fen"
"2011","ESSFwh2/Wm01","+","Beaked sedge – Water sedge","Wm","wetland marsh"
"2012","ESSFwh2/Wm16","+","Bluejoint – Arrow-leaved groundsel","Wm","wetland marsh"
"2013","ESSFwh2/Ws08.1","+","Bl – Valerian – Horsetail","Ws","wetland swamp"
"2014","ESSFwh2/Ws08.2","+","SxwBl – Horsetail – Canby's Lovage","Ws","wetland swamp"
"2015","ESSFwh2/Ws13","+","Barclay's willow – Common horsetail – Arrow-leaved groundsel","Ws","wetland swamp"
"2016","ESSFwh3/101","+","BlHw – Rhododendron – Foamflower",NA,NA
"2017","ESSFwh3/102","+","BlFd – Bear-grass – Rock moss",NA,NA
"2018","ESSFwh3/104","+","Bl – Rhododendron – Bear-grass – Pipecleaner moss",NA,NA
"2019","ESSFwh3/104.1","+","Bl – Rhododendron – Bear-grass – Pipecleaner moss",NA,NA
"2020","ESSFwh3/104.2","+","Bl – Rhododendron – Pipecleaner moss",NA,NA
"2021","ESSFwh3/110","+","Bl – Rhododendron – Oak fern",NA,NA
"2022","ESSFwh3/111","+","Se – Devil's club – Lady fern",NA,NA
"2023","ESSFwh3/112","+","SeBl – Horsetail – Canby's lovage",NA,NA
"2024","ESSFwh3/112a","+","SeBl – Horsetail – Canby's lovage; Riparian phase",NA,NA
"2025","ESSFwh3/112b","+","SeBl – Horsetail – Canby's lovage; Swamp phase",NA,NA
"2026","ESSFwh3/Fl01","+","Mountain alder – Common horsetail","Fl","low fluvial bench"
"2027","ESSFwh3/Ro06","+","Juniper – Stonecrop – Sandwort","Ro","rocky outcrop"
"2028","ESSFwh3/Ro06.1","+","Juniper – Stonecrop – Sandwort","Ro","rocky outcrop"
"2029","ESSFwh3/Ro09","+","Saskatoon – Rock moss – Clad lichen","Ro","rocky outcrop"
"2030","ESSFwh3/Ro09.1","+","Saskatoon – Rock moss – Clad lichen","Ro","rocky outcrop"
"2031","ESSFwh3/Ro09.2","+","Saskatoon – Poverty oatgrass – Rock moss – Clad lichen","Ro","rocky outcrop"
"2032","ESSFwh3/Ro10","+","Huckleberry – Rock moss – Haircap moss","Ro","rocky outcrop"
"2033","ESSFwh3/Rt01","+","Rocktripe – Green map","Rt","talus"
"2034","ESSFwh3/Rt02","+","Rock moss – Clad lichen","Rt","talus"
"2035","ESSFwh3/Rt03","+","Raspberry – Feather moss – Clad lichen","Rt","talus"
"2036","ESSFwh3/Rt07","+","Aspen – Juniper – Rocktripe","Rt","talus"
"2037","ESSFwh3/Rt07.1","+","Aspen – Juniper – Rocktripe; Aspen variation","Rt","talus"
"2038","ESSFwh3/Rt07.2","+","Juniper – Rocktripe","Rt","talus"
"2039","ESSFwh3/Vh01","+","Cow parsnip – Fireweed – Nettle","Vh","avalanche herb"
"2040","ESSFwh3/Vh01.1","+","Cow parsnip – Fireweed – Nettle","Vh","avalanche herb"
"2041","ESSFwh3/Vh01.2","+","Cow parsnip – Fireweed – Bluejoint","Vh","avalanche herb"
"2042","ESSFwh3/Vh02","+","Valerian – Hellebore – Fireweed","Vh","avalanche herb"
"2043","ESSFwh3/Vh02.1","+","Valerian – Hellebore – Fireweed","Vh","avalanche herb"
"2044","ESSFwh3/Vh02.2","+","Valerian – Showy Sedge – Fireweed","Vh","avalanche herb"
"2045","ESSFwh3/Vh03","+","Lady fern – Hellebore – Valerian","Vh","avalanche herb"
"2046","ESSFwh3/Vh10","+","Fireweed – Grouseberry","Vh","avalanche herb"
"2047","ESSFwh3/Vh11","+","Fireweed – Yarrow – Strawberry","Vh","avalanche herb"
"2048","ESSFwh3/Vs01","+","Sitka alder – Lady fern","Vs","avalanche shrub"
"2049","ESSFwh3/Vs01.1","+","Sitka alder – Lady fern","Vs","avalanche shrub"
"2050","ESSFwh3/Vs01.2","+","Sitka alder – Spiny wood fern","Vs","avalanche shrub"
"2051","ESSFwh3/Vs02","+","Sitka alder – Solomon's-seal","Vs","avalanche shrub"
"2052","ESSFwh3/Vs03","+","Sitka alder – Hellebore","Vs","avalanche shrub"
"2053","ESSFwh3/Vs04","+","Sitka alder – Devil's club – Oak fern","Vs","avalanche shrub"
"2054","ESSFwh3/Vs10","+","Willow – Cow parsnip – Fireweed","Vs","avalanche shrub"
"2055","ESSFwh3/Vs10.1","+","Sitka willow – Cow parsnip – Fireweed","Vs","avalanche shrub"
"2056","ESSFwh3/Vs10.2","+","Barclay's willow – Cow parsnip – Fireweed","Vs","avalanche shrub"
"2057","ESSFwh3/Vs11","+","Thimbleberry – Cow parsnip – Fireweed","Vs","avalanche shrub"
"2058","ESSFwh3/Vs13","+","Huckleberry – Beargrass – Fireweed","Vs","avalanche shrub"
"2059","ESSFwh3/Wf01","+","Water sedge – Beaked sedge","Wf","wetland fen"
"2060","ESSFwh3/Wf03","+","Water sedge – Peat moss","Wf","wetland fen"
"2061","ESSFwh3/Wf04","+","Barclay's willow – Water sedge – Glow moss","Wf","wetland fen"
"2062","ESSFwh3/Wf11","+","Tufted clubrush – Star moss","Wf","wetland fen"
"2063","ESSFwh3/Wf12","+","Narrow-leaved cotton-grass – Marsh-marigold","Wf","wetland fen"
"2064","ESSFwh3/Wf13","+","Narrow-leaved cotton-grass – Shore sedge","Wf","wetland fen"
"2065","ESSFwh3/Wm01","+","Beaked sedge – Water sedge","Wm","wetland marsh"
"2066","ESSFwh3/Wm16","+","Bluejoint – Arrow-leaved groundsel","Wm","wetland marsh"
"2067","ESSFwh3/Ws08.1","+","Bl – Valerian – Horsetail","Ws","wetland swamp"
"2068","ESSFwh3/Ws08.2","+","SxwBl – Horsetail – Canby's Lovage","Ws","wetland swamp"
"2069","ESSFwh3/Ws13","+","Barclay's willow – Common horsetail – Arrow-leaved groundsel","Ws","wetland swamp"
"2070","ESSFwk1/01","+","Bl – Oak fern – Brachythecium",NA,NA
"2071","ESSFwk1/02","+","Bl – Huckleberry – Feather moss",NA,NA
"2072","ESSFwk1/03","+","Bl – Oak fern – Knight's plume",NA,NA
"2073","ESSFwk1/05","+","Bl – Devil's club – Lady fern",NA,NA
"2074","ESSFwk1/07","+","Bl – Lady fern – Horsetail",NA,NA
"2075","ESSFwk1/31","+","Scrub birch – Sedge – Sphagnum",NA,NA
"2076","ESSFwk1/51","+","Sitka alder – Lady fern",NA,NA
"2077","ESSFwk1/Wf01","+","Water sedge – Beaked sedge","Wf","wetland fen"
"2078","ESSFwk1/Wf11","+","Tufted clubrush – Star moss","Wf","wetland fen"
"2079","ESSFwk2/01","+","Bl – Oak fern – Knight's plume",NA,NA
"2080","ESSFwk2/02","+","Bl – Oak fern – Sarsaparilla",NA,NA
"2081","ESSFwk2/03","+","Bl – Oak fern – Bluebells",NA,NA
"2082","ESSFwk2/04","+","Bl – Devil's club – Rhododendron",NA,NA
"2083","ESSFwk2/05","+","Bl – Rhododendron – Lady fern",NA,NA
"2084","ESSFwk2/06","+","Bl – Horsetail – Sphagnum",NA,NA
"2085","ESSFwk2/Wf02","+","Scrub birch – Water sedge","Wf","wetland fen"
"2086","ESSFwm1/101","+","Bl – Rhododendron – Azalea – Foamflower",NA,NA
"2087","ESSFwm1/102","+","BlFd – Douglas' maple",NA,NA
"2088","ESSFwm1/110","+","BlSe – Azalea – Oak fern",NA,NA
"2089","ESSFwm1/111","+","Bl – Arrow-leaved groundsel – Canby's lovage",NA,NA
"2090","ESSFwm1/112","+","SeBl – Horsetail – Canby's lovage",NA,NA
"2091","ESSFwm1/Fl01","+","Mountain alder – Common horsetail","Fl","low fluvial bench"
"2092","ESSFwm1/Fl05","+","Drummond's willow – Bluejoint","Fl","low fluvial bench"
"2093","ESSFwm1/Gb20","+","Saskatoon – Soopolallie – Juniper","Gb","brushland"
"2094","ESSFwm1/Gg14","+","Idaho fescue – Sulphur buckwheat – Sandwort","Gg","grassland "
"2095","ESSFwm1/Ro06","+","Juniper – Stonecrop – Sandwort","Ro","rocky outcrop"
"2096","ESSFwm1/Ro07","+","Juniper – Soopolallie – Shrubby cinquefoil","Ro","rocky outcrop"
"2097","ESSFwm1/Ro10","+","Huckleberry – Rock moss – Haircap moss","Ro","rocky outcrop"
"2098","ESSFwm1/Ro11","+","Grouseberry – Clad lichen","Ro","rocky outcrop"
"2099","ESSFwm1/Rt01","+","Rocktripe – Green map","Rt","talus"
"2100","ESSFwm1/Rt02","+","Rock moss – Clad lichen","Rt","talus"
"2101","ESSFwm1/Rt07","+","Aspen – Juniper – Rocktripe","Rt","talus"
"2102","ESSFwm1/Rt07.1","+","Aspen – Juniper – Rocktripe; Aspen variation","Rt","talus"
"2103","ESSFwm1/Rt07.2","+","Juniper – Rocktripe","Rt","talus"
"2104","ESSFwm1/Rt20","+","Spotted saxifrage – Clad lichen","Rt","talus"
"2105","ESSFwm1/Rt21","+","La – Pink mountain-heath – Heron's-bill","Rt","talus"
"2106","ESSFwm1/Vh01","+","Cow parsnip – Fireweed – Nettle","Vh","avalanche herb"
"2107","ESSFwm1/Vh01.1","+","Cow parsnip – Fireweed – Nettle","Vh","avalanche herb"
"2108","ESSFwm1/Vh01.2","+","Cow parsnip – Fireweed – Bluejoint","Vh","avalanche herb"
"2109","ESSFwm1/Vh02","+","Valerian – Hellebore – Fireweed","Vh","avalanche herb"
"2110","ESSFwm1/Vh02.1","+","Valerian – Hellebore – Fireweed","Vh","avalanche herb"
"2111","ESSFwm1/Vh02.2","+","Valerian – Showy sedge – Fireweed","Vh","avalanche herb"
"2112","ESSFwm1/Vh03","+","Lady fern – Hellebore – Valerian","Vh","avalanche herb"
"2113","ESSFwm1/Vh10","+","Fireweed – Grouseberry","Vh","avalanche herb"
"2114","ESSFwm1/Vh11","+","Fireweed – Yarrow – Strawberry","Vh","avalanche herb"
"2115","ESSFwm1/Vs01","+","Sitka alder – Lady fern","Vs","avalanche shrub"
"2116","ESSFwm1/Vs01.1","+","Sitka alder – Lady fern","Vs","avalanche shrub"
"2117","ESSFwm1/Vs01.2","+","Sitka alder – Spiny wood fern","Vs","avalanche shrub"
"2118","ESSFwm1/Vs02","+","Sitka alder – Solomon's-seal","Vs","avalanche shrub"
"2119","ESSFwm1/Vs03","+","Sitka alder – Hellebore","Vs","avalanche shrub"
"2120","ESSFwm1/Vs04","+","Sitka alder – Devil's club – Oak fern","Vs","avalanche shrub"
"2121","ESSFwm1/Vs10","+","Willow – Cow parsnip – Fireweed","Vs","avalanche shrub"
"2122","ESSFwm1/Vs10.1","+","Sitka willow – Cow parsnip – Fireweed","Vs","avalanche shrub"
"2123","ESSFwm1/Vs10.2","+","Barclay's willow – Cow parsnip – Fireweed","Vs","avalanche shrub"
"2124","ESSFwm1/Vs11","+","Thimbleberry – Cow parsnip – Fireweed","Vs","avalanche shrub"
"2125","ESSFwm1/Vs12","+","Huckleberry – Rhododendron – Fireweed","Vs","avalanche shrub"
"2126","ESSFwm1/Vs13","+","Huckleberry – Bear-grass – Fireweed","Vs","avalanche shrub"
"2127","ESSFwm1/Wf01","+","Water sedge – Beaked sedge","Wf","wetland fen"
"2128","ESSFwm1/Wf02","+","Scrub birch – Water sedge","Wf","wetland fen"
"2129","ESSFwm1/Wf03","+","Water sedge – Peat moss","Wf","wetland fen"
"2130","ESSFwm1/Wf04","+","Barclay's willow – Water sedge – Glow moss","Wf","wetland fen"
"2131","ESSFwm1/Wf11","+","Tufted clubrush – Star moss","Wf","wetland fen"
"2132","ESSFwm1/Wf12","+","Narrow-leaved cotton-grass – Marsh-marigold","Wf","wetland fen"
"2133","ESSFwm1/Wf13","+","Narrow-leaved cotton-grass – Shore sedge","Wf","wetland fen"
"2134","ESSFwm1/Wm01","+","Beaked sedge – Water sedge","Wm","wetland marsh"
"2135","ESSFwm1/Wm16","+","Bluejoint – Arrow-leaved groundsel","Wm","wetland marsh"
"2136","ESSFwm1/Ws08","+","Bl – Valerian – Horsetail","Ws","wetland swamp"
"2137","ESSFwm1/Ws13","+","Barclay's willow – Common horsetail – Arrow-leaved groundsel","Ws","wetland swamp"
"2138","ESSFwm2/101","+","Bl – Rhododendron – Azalea – Foamflower",NA,NA
"2139","ESSFwm2/102","+","BlPa – Huckleberry – Clad lichen",NA,NA
"2140","ESSFwm2/103","+","Bl – Azalea – Rhododendron",NA,NA
"2141","ESSFwm2/104","+","Bl – Rhododendron – Huckleberry – Heron's-bill",NA,NA
"2142","ESSFwm2/110","+","BlSe – Azalea – Oak fern",NA,NA
"2143","ESSFwm2/111","+","Bl – Arrow-leaved groundsel – Canby's lovage",NA,NA
"2144","ESSFwm2/112","+","SeBl – Horsetail – Canby's lovage",NA,NA
"2145","ESSFwm2/112a","+","SeBl – Horsetail – Canby's lovage; Riparian phase",NA,NA
"2146","ESSFwm2/112b","+","SeBl – Horsetail – Canby's lovage; Swamp phase",NA,NA
"2147","ESSFwm2/Ro06","+","Juniper – Stonecrop – Sandwort","Ro","rocky outcrop"
"2148","ESSFwm2/Ro06.1","+","Juniper – Stonecrop – Sandwort","Ro","rocky outcrop"
"2149","ESSFwm2/Ro10","+","Huckleberry – Rock moss – Haircap moss","Ro","rocky outcrop"
"2150","ESSFwm2/Ro11","+","Grouseberry – Clad lichen","Ro","rocky outcrop"
"2151","ESSFwm2/Ro12","+","Mountain-heather – Alaska saxifrage – Rock moss","Ro","rocky outcrop"
"2152","ESSFwm2/Rt01","+","Rocktripe – Green map","Rt","talus"
"2153","ESSFwm2/Rt02","+","Rock moss – Clad lichen","Rt","talus"
"2154","ESSFwm2/Rt07","+","Aspen – Juniper – Rocktripe","Rt","talus"
"2155","ESSFwm2/Rt07.1","+","Aspen – Juniper – Rocktripe; Aspen variation","Rt","talus"
"2156","ESSFwm2/Rt07.2","+","Juniper – Rocktripe","Rt","talus"
"2157","ESSFwm2/Rt21","+","La – Pink mountain-heath – Heron's-bill","Rt","talus"
"2158","ESSFwm2/Vh01","+","Cow parsnip – Fireweed – Nettle","Vh","avalanche herb"
"2159","ESSFwm2/Vh01.1","+","Cow parsnip – Fireweed – Nettle","Vh","avalanche herb"
"2160","ESSFwm2/Vh01.2","+","Cow parsnip – Fireweed – Bluejoint","Vh","avalanche herb"
"2161","ESSFwm2/Vh02","+","Valerian – Hellebore – Fireweed","Vh","avalanche herb"
"2162","ESSFwm2/Vh02.1","+","Valerian – Hellebore – Fireweed","Vh","avalanche herb"
"2163","ESSFwm2/Vh02.2","+","Valerian – Showy Sedge – Fireweed","Vh","avalanche herb"
"2164","ESSFwm2/Vh10","+","Fireweed – Grouseberry","Vh","avalanche herb"
"2165","ESSFwm2/Vh11","+","Fireweed – Yarrow – Strawberry","Vh","avalanche herb"
"2166","ESSFwm2/Vs01","+","Sitka alder – Lady fern","Vs","avalanche shrub"
"2167","ESSFwm2/Vs01.1","+","Sitka alder – Lady fern","Vs","avalanche shrub"
"2168","ESSFwm2/Vs01.2","+","Sitka alder – Spiny wood fern","Vs","avalanche shrub"
"2169","ESSFwm2/Vs02","+","Sitka alder – Solomon's-seal","Vs","avalanche shrub"
"2170","ESSFwm2/Vs03","+","Sitka alder – Hellebore","Vs","avalanche shrub"
"2171","ESSFwm2/Vs10","+","Willow – Cow parsnip – Fireweed","Vs","avalanche shrub"
"2172","ESSFwm2/Vs10.1","+","Sitka willow – Cow parsnip – Fireweed","Vs","avalanche shrub"
"2173","ESSFwm2/Vs10.2","+","Barclay's willow – Cow parsnip – Fireweed","Vs","avalanche shrub"
"2174","ESSFwm2/Vs13","+","Huckleberry – Beargrass – Fireweed","Vs","avalanche shrub"
"2175","ESSFwm2/Wa02","+","Alpine sedge – Bog-laurel – Peat moss","Wa","wetland alpine"
"2176","ESSFwm2/Wf01","+","Water sedge – Beaked sedge","Wf","wetland fen"
"2177","ESSFwm2/Wf03","+","Water sedge – Peat moss","Wf","wetland fen"
"2178","ESSFwm2/Wf04","+","Barclay's willow – Water sedge – Glow moss","Wf","wetland fen"
"2179","ESSFwm2/Wf11","+","Tufted clubrush – Star moss","Wf","wetland fen"
"2180","ESSFwm2/Wf12","+","Narrow-leaved cotton-grass – Marsh-marigold","Wf","wetland fen"
"2181","ESSFwm2/Wf13","+","Narrow-leaved cotton-grass – Shore sedge","Wf","wetland fen"
"2182","ESSFwm2/Wm01","+","Beaked sedge – Water sedge","Wm","wetland marsh"
"2183","ESSFwm2/Wm16","+","Bluejoint – Arrow-leaved groundsel","Wm","wetland marsh"
"2184","ESSFwm2/Ws08.1","+","Bl – Valerian – Horsetail","Ws","wetland swamp"
"2185","ESSFwm2/Ws08.2","+","SxwBl – Horsetail – Canby's Lovage","Ws","wetland swamp"
"2186","ESSFwm2/Ws13","+","Barclay's willow – Common horsetail – Arrow-leaved groundsel","Ws","wetland swamp"
"2187","ESSFwm3/101","+","Bl – Rhododendron – Azalea – Foamflower",NA,NA
"2188","ESSFwm3/102","+","Bl – Huckleberry – Bear-grass",NA,NA
"2189","ESSFwm3/105","+","BlSe – Bear-grass – Arnica",NA,NA
"2190","ESSFwm3/110","+","Bl – Rhododendron – Foamflower – Arnica",NA,NA
"2191","ESSFwm3/111","+","Bl – Arrow-leaved groundsel – Canby's lovage",NA,NA
"2192","ESSFwm3/112","+","SeBl – Horsetail – Canby's lovage",NA,NA
"2193","ESSFwm3/112a","+","SeBl – Horsetail – Canby's lovage; Riparian phase",NA,NA
"2194","ESSFwm3/112b","+","SeBl – Horsetail – Canby's lovage; Swamp phase",NA,NA
"2195","ESSFwm3/Ag01","+","Timber oatgrass – Grouseberry – Sandwort","Ag","alpine grassland"
"2196","ESSFwm3/Gg14","+","Idaho fescue – Sulphur buckwheat – Sandwort","Gg","grassland "
"2197","ESSFwm3/Gg16","+","Rough fescue – Sulphur buckwheat – Sandwort","Gg","grassland "
"2198","ESSFwm3/Ro06","+","Juniper – Stonecrop – Sandwort","Ro","rocky outcrop"
"2199","ESSFwm3/Ro06.1","+","Juniper – Stonecrop – Sandwort","Ro","rocky outcrop"
"2200","ESSFwm3/Ro10","+","Huckleberry – Rock moss – Haircap moss","Ro","rocky outcrop"
"2201","ESSFwm3/Ro11","+","Grouseberry – Clad lichen","Ro","rocky outcrop"
"2202","ESSFwm3/Ro12","+","Mountain-heather – Alaska saxifrage – Rock moss","Ro","rocky outcrop"
"2203","ESSFwm3/Rt01","+","Rocktripe – Green map","Rt","talus"
"2204","ESSFwm3/Rt02","+","Rock moss – Clad lichen","Rt","talus"
"2205","ESSFwm3/Rt07","+","Aspen – Juniper – Rocktripe","Rt","talus"
"2206","ESSFwm3/Rt07.1","+","Aspen – Juniper – Rocktripe; Aspen variation","Rt","talus"
"2207","ESSFwm3/Rt07.2","+","Juniper – Rocktripe","Rt","talus"
"2208","ESSFwm3/Rt21","+","La – Pink mountain-heath – Heron's-bill","Rt","talus"
"2209","ESSFwm3/Vh01","+","Cow parsnip – Fireweed – Nettle","Vh","avalanche herb"
"2210","ESSFwm3/Vh01.1","+","Cow parsnip – Fireweed – Nettle","Vh","avalanche herb"
"2211","ESSFwm3/Vh01.2","+","Cow parsnip – Fireweed – Bluejoint","Vh","avalanche herb"
"2212","ESSFwm3/Vh02","+","Valerian – Hellebore – Fireweed","Vh","avalanche herb"
"2213","ESSFwm3/Vh02.1","+","Valerian – Hellebore – Fireweed","Vh","avalanche herb"
"2214","ESSFwm3/Vh02.2","+","Valerian – Showy Sedge – Fireweed","Vh","avalanche herb"
"2215","ESSFwm3/Vh10","+","Fireweed – Grouseberry","Vh","avalanche herb"
"2216","ESSFwm3/Vh11","+","Fireweed – Yarrow – Strawberry","Vh","avalanche herb"
"2217","ESSFwm3/Vs01","+","Sitka alder – Lady fern","Vs","avalanche shrub"
"2218","ESSFwm3/Vs01.1","+","Sitka alder – Lady fern","Vs","avalanche shrub"
"2219","ESSFwm3/Vs01.2","+","Sitka alder – Spiny wood fern","Vs","avalanche shrub"
"2220","ESSFwm3/Vs02","+","Sitka alder – Solomon's-seal","Vs","avalanche shrub"
"2221","ESSFwm3/Vs03","+","Sitka alder – Hellebore","Vs","avalanche shrub"
"2222","ESSFwm3/Vs10","+","Willow – Cow parsnip – Fireweed","Vs","avalanche shrub"
"2223","ESSFwm3/Vs10.1","+","Sitka willow – Cow parsnip – Fireweed","Vs","avalanche shrub"
"2224","ESSFwm3/Vs10.2","+","Barclay's willow – Cow parsnip – Fireweed","Vs","avalanche shrub"
"2225","ESSFwm3/Vs13","+","Huckleberry – Beargrass – Fireweed","Vs","avalanche shrub"
"2226","ESSFwm3/Wa02","+","Alpine sedge – Bog-laurel – Peat moss","Wa","wetland alpine"
"2227","ESSFwm3/Wf01","+","Water sedge – Beaked sedge","Wf","wetland fen"
"2228","ESSFwm3/Wf03","+","Water sedge – Peat moss","Wf","wetland fen"
"2229","ESSFwm3/Wf04","+","Barclay's willow – Water sedge – Glow moss","Wf","wetland fen"
"2230","ESSFwm3/Wf11","+","Tufted clubrush – Star moss","Wf","wetland fen"
"2231","ESSFwm3/Wf12","+","Narrow-leaved cotton-grass – Marsh-marigold","Wf","wetland fen"
"2232","ESSFwm3/Wf13","+","Narrow-leaved cotton-grass – Shore sedge","Wf","wetland fen"
"2233","ESSFwm3/Wm01","+","Beaked sedge – Water sedge","Wm","wetland marsh"
"2234","ESSFwm3/Wm16","+","Bluejoint – Arrow-leaved groundsel","Wm","wetland marsh"
"2235","ESSFwm3/Ws08.1","+","Bl – Valerian – Horsetail","Ws","wetland swamp"
"2236","ESSFwm3/Ws08.2","+","SxwBl – Horsetail – Canby's Lovage","Ws","wetland swamp"
"2237","ESSFwm3/Ws13","+","Barclay's willow – Common horsetail – Arrow-leaved groundsel","Ws","wetland swamp"
"2238","ESSFwm4/101","+","Bl – Rhododendron – Azalea – Foamflower",NA,NA
"2239","ESSFwm4/102","+","BlPl – Low bilberry – Bear-grass",NA,NA
"2240","ESSFwm4/102a","+","BlPl – Low bilberry – Bear-grass; Xeric phase",NA,NA
"2241","ESSFwm4/102b","+","BlPl – Low bilberry – Bear-grass; Subxeric phase",NA,NA
"2242","ESSFwm4/103","+","Bl – Azalea – Low bilberry",NA,NA
"2243","ESSFwm4/103.1","+","Bl – Azalea – Low bilberry",NA,NA
"2244","ESSFwm4/103.2","+","Bl – Azalea – Bear-grass",NA,NA
"2245","ESSFwm4/110","+","BlSe – Azalea – Oak fern",NA,NA
"2246","ESSFwm4/111","+","Bl – Arrow-leaved groundsel – Canby's lovage",NA,NA
"2247","ESSFwm4/Ag01","+","Timber oatgrass – Grouseberry – Sandwort","Ag","alpine grassland"
"2248","ESSFwm4/Gg14","+","Idaho fescue – Sulphur buckwheat – Sandwort","Gg","grassland "
"2249","ESSFwm4/Gg16","+","Rough fescue – Sulphur buckwheat – Sandwort","Gg","grassland "
"2250","ESSFwm4/Ro06","+","Juniper – Stonecrop – Sandwort","Ro","rocky outcrop"
"2251","ESSFwm4/Ro06.1","+","Juniper – Stonecrop – Sandwort","Ro","rocky outcrop"
"2252","ESSFwm4/Ro09","+","Saskatoon – Rock moss – Clad lichen","Ro","rocky outcrop"
"2253","ESSFwm4/Ro09.1","+","Saskatoon – Rock moss – Clad lichen","Ro","rocky outcrop"
"2254","ESSFwm4/Ro09.2","+","Saskatoon – Poverty oatgrass – Rock moss – Clad lichen","Ro","rocky outcrop"
"2255","ESSFwm4/Ro10","+","Huckleberry – Rock moss – Haircap moss","Ro","rocky outcrop"
"2256","ESSFwm4/Ro11","+","Grouseberry – Clad lichen","Ro","rocky outcrop"
"2257","ESSFwm4/Ro12","+","Mountain-heather – Alaska saxifrage – Rock moss","Ro","rocky outcrop"
"2258","ESSFwm4/Rt01","+","Rocktripe – Green map","Rt","talus"
"2259","ESSFwm4/Rt02","+","Rock moss – Clad lichen","Rt","talus"
"2260","ESSFwm4/Rt07","+","Aspen – Juniper – Rocktripe","Rt","talus"
"2261","ESSFwm4/Rt07.1","+","Aspen – Juniper – Rocktripe; Aspen variation","Rt","talus"
"2262","ESSFwm4/Rt07.2","+","Juniper – Rocktripe","Rt","talus"
"2263","ESSFwm4/Rt21","+","La – Pink mountain-heath – Heron's-bill","Rt","talus"
"2264","ESSFwm4/Vh01","+","Cow parsnip – Fireweed – Nettle","Vh","avalanche herb"
"2265","ESSFwm4/Vh01.1","+","Cow parsnip – Fireweed – Nettle","Vh","avalanche herb"
"2266","ESSFwm4/Vh01.2","+","Cow parsnip – Fireweed – Bluejoint","Vh","avalanche herb"
"2267","ESSFwm4/Vh02","+","Valerian – Hellebore – Fireweed","Vh","avalanche herb"
"2268","ESSFwm4/Vh02.1","+","Valerian – Hellebore – Fireweed","Vh","avalanche herb"
"2269","ESSFwm4/Vh02.2","+","Valerian – Showy Sedge – Fireweed","Vh","avalanche herb"
"2270","ESSFwm4/Vh10","+","Fireweed – Grouseberry","Vh","avalanche herb"
"2271","ESSFwm4/Vs01","+","Sitka alder – Lady fern","Vs","avalanche shrub"
"2272","ESSFwm4/Vs01.1","+","Sitka alder – Lady fern","Vs","avalanche shrub"
"2273","ESSFwm4/Vs01.2","+","Sitka alder – Spiny wood fern","Vs","avalanche shrub"
"2274","ESSFwm4/Vs02","+","Sitka alder – Solomon's-seal","Vs","avalanche shrub"
"2275","ESSFwm4/Vs03","+","Sitka alder – Hellebore","Vs","avalanche shrub"
"2276","ESSFwm4/Vs10","+","Willow – Cow parsnip – Fireweed","Vs","avalanche shrub"
"2277","ESSFwm4/Vs10.1","+","Sitka willow – Cow parsnip – Fireweed","Vs","avalanche shrub"
"2278","ESSFwm4/Vs10.2","+","Barclay's willow – Cow parsnip – Fireweed","Vs","avalanche shrub"
"2279","ESSFwm4/Vs11","+","Thimbleberry – Cow parsnip – Fireweed","Vs","avalanche shrub"
"2280","ESSFwm4/Vs13","+","Huckleberry – Beargrass – Fireweed","Vs","avalanche shrub"
"2281","ESSFwm4/Wa02","+","Alpine sedge – Bog-laurel – Peat moss","Wa","wetland alpine"
"2282","ESSFwm4/Wf01","+","Water sedge – Beaked sedge","Wf","wetland fen"
"2283","ESSFwm4/Wf03","+","Water sedge – Peat moss","Wf","wetland fen"
"2284","ESSFwm4/Wf04","+","Barclay's willow – Water sedge – Glow moss","Wf","wetland fen"
"2285","ESSFwm4/Wf11","+","Tufted clubrush – Star moss","Wf","wetland fen"
"2286","ESSFwm4/Wf12","+","Narrow-leaved cotton-grass – Marsh-marigold","Wf","wetland fen"
"2287","ESSFwm4/Wf13","+","Narrow-leaved cotton-grass – Shore sedge","Wf","wetland fen"
"2288","ESSFwm4/Wm01","+","Beaked sedge – Water sedge","Wm","wetland marsh"
"2289","ESSFwm4/Wm16","+","Bluejoint – Arrow-leaved groundsel","Wm","wetland marsh"
"2290","ESSFwm4/Ws08.2","+","SeBl – Horsetail – Canby's Lovage","Ws","wetland swamp"
"2291","ESSFwm4/Ws13","+","Barclay's willow – Common horsetail – Arrow-leaved groundsel","Ws","wetland swamp"
"2292","ESSFwmp/Ag01","+","Timber oatgrass – Grouseberry – Sandwort","Ag","alpine grassland"
"2293","ESSFwmp/Gg16","+","Rough fescue – Sulphur buckwheat – Sandwort","Gg","grassland "
"2294","ESSFwmp/Wa02","+","Alpine sedge – Bog-laurel – Peat moss","Wa","wetland alpine"
"2295","ESSFwmw/101","+","Bl – Rhododendron – Woodrush",NA,NA
"2296","ESSFwmw/102","+","BlLa – Heron's-bill",NA,NA
"2297","ESSFwmw/103","+","Bl(La) – Huckleberry – Grouseberry",NA,NA
"2298","ESSFwmw/110","+","Bl – Valerian – Hellebore – Globeflower",NA,NA
"2299","ESSFwmw/Ag01","+","Timber oatgrass – Grouseberry – Sandwort","Ag","alpine grassland"
"2300","ESSFwmw/Gg14","+","Idaho fescue – Sulphur buckwheat – Sandwort","Gg","grassland "
"2301","ESSFwmw/Gg16","+","Rough fescue – Sulphur buckwheat – Sandwort","Gg","grassland "
"2302","ESSFwmw/Ro06","+","Juniper – Stonecrop – Sandwort","Ro","rocky outcrop"
"2303","ESSFwmw/Ro06.1","+","Juniper – Stonecrop – Sandwort","Ro","rocky outcrop"
"2304","ESSFwmw/Ro06.2","+","Juniper – Kinnikinnick – Stonecrop – Sandwort","Ro","rocky outcrop"
"2305","ESSFwmw/Ro07","+","Juniper – Soopolallie – Shrubby cinquefoil","Ro","rocky outcrop"
"2306","ESSFwmw/Ro10","+","Huckleberry – Rock moss – Haircap moss","Ro","rocky outcrop"
"2307","ESSFwmw/Ro11","+","Grouseberry – Clad lichen","Ro","rocky outcrop"
"2308","ESSFwmw/Ro12","+","Mountain-heather – Alaska saxifrage – Rock moss","Ro","rocky outcrop"
"2309","ESSFwmw/Rt01","+","Rocktripe – Green map","Rt","talus"
"2310","ESSFwmw/Rt20","+","Spotted saxifrage – Clad lichen","Rt","talus"
"2311","ESSFwmw/Rt21","+","La – Pink mountain-heath – Heron's-bill","Rt","talus"
"2312","ESSFwmw/Vh01","+","Cow parsnip – Fireweed – Nettle","Vh","avalanche herb"
"2313","ESSFwmw/Vh01.1","+","Cow parsnip – Fireweed – Nettle","Vh","avalanche herb"
"2314","ESSFwmw/Vh01.2","+","Cow parsnip – Fireweed – Bluejoint","Vh","avalanche herb"
"2315","ESSFwmw/Vh02","+","Valerian – Hellebore – Fireweed","Vh","avalanche herb"
"2316","ESSFwmw/Vh02.1","+","Valerian – Hellebore – Fireweed","Vh","avalanche herb"
"2317","ESSFwmw/Vh02.2","+","Valerian – Showy Sedge – Fireweed","Vh","avalanche herb"
"2318","ESSFwmw/Vh10","+","Fireweed – Grouseberry","Vh","avalanche herb"
"2319","ESSFwmw/Vh11","+","Fireweed – Yarrow – Strawberry","Vh","avalanche herb"
"2320","ESSFwmw/Vs01","+","Sitka alder – Lady fern","Vs","avalanche shrub"
"2321","ESSFwmw/Vs01.1","+","Sitka alder – Lady fern","Vs","avalanche shrub"
"2322","ESSFwmw/Vs01.2","+","Sitka alder – Spiny wood fern","Vs","avalanche shrub"
"2323","ESSFwmw/Vs03","+","Sitka alder – Hellebore","Vs","avalanche shrub"
"2324","ESSFwmw/Vs10","+","Willow – Cow parsnip – Fireweed","Vs","avalanche shrub"
"2325","ESSFwmw/Vs10.2","+","Barclay's willow – Cow parsnip – Fireweed","Vs","avalanche shrub"
"2326","ESSFwmw/Vs12","+","Huckleberry – Rhododendron – Fireweed","Vs","avalanche shrub"
"2327","ESSFwmw/Vs13","+","Huckleberry – Bear-grass – Fireweed","Vs","avalanche shrub"
"2328","ESSFwmw/Wa02","+","Alpine sedge – Bog-laurel – Peat moss","Wa","wetland alpine"
"2329","ESSFwmw/Wf01","+","Water sedge – Beaked sedge","Wf","wetland fen"
"2330","ESSFwmw/Wf03","+","Water sedge – Peat moss","Wf","wetland fen"
"2331","ESSFwmw/Wf04","+","Barclay's willow – Water sedge – Glow moss","Wf","wetland fen"
"2332","ESSFwmw/Wf12","+","Narrow-leaved cotton-grass – Marsh-marigold","Wf","wetland fen"
"2333","ESSFwmw/Wf13","+","Narrow-leaved cotton-grass – Shore sedge","Wf","wetland fen"
"2334","ESSFwmw/Wm01","+","Beaked sedge – Water sedge","Wm","wetland marsh"
"2335","ESSFwmw/Wm16","+","Bluejoint – Arrow-leaved groundsel","Wm","wetland marsh"
"2336","ESSFwmw/Ws08.2","+","SeBl – Horsetail – Canby's Lovage","Ws","wetland swamp"
"2337","ESSFwmw/Ws13","+","Barclay's willow – Common horsetail – Arrow-leaved groundsel","Ws","wetland swamp"
"2338","ESSFwv/01","+","BlHm – Azalea",NA,NA
"2339","ESSFwv/02","+","BlPl – Cladonia",NA,NA
"2340","ESSFwv/03","+","BlHm – Feather moss",NA,NA
"2341","ESSFwv/04","+","BlHm – Heron's-bill",NA,NA
"2342","ESSFwv/05","+","Bl – Oak fern – Heron's-bill",NA,NA
"2343","ESSFwv/06","+","Bl – Devil's club – Lady fern",NA,NA
"2344","ESSFwv/07","+","Bl – Valerian – Sickle moss",NA,NA
"2345","ESSFwv/08","+","Bl – Horsetail – Glow moss",NA,NA
"2346","ESSFwv/09","+","Bl – Lady fern – Horsetail",NA,NA
"2347","ESSFwv/Wf03","+","Water sedge – Peat moss","Wf","wetland fen"
"2348","ESSFwv/Wf04","+","Barclay's willow – Water sedge – Glow moss","Wf","wetland fen"
"2349","ESSFwv/Ws02","+","Mountain alder – Pink spirea – Sitka sedge","Ws","wetland swamp"
"2350","ESSFwvw/101","+","Bl – Huckleberry – Bramble – (Oakfern)",NA,NA
"2351","ESSFwvw/102","+","Bl – Huckleberry – Bunchberry – Feather moss",NA,NA
"2352","ESSFwvw/104","+","Bl – Huckleberry – Partridge-foot",NA,NA
"2353","ESSFwvw/110","+","Bl – Huckleberry – Valerian – Leafy moss",NA,NA
"2354","ESSFwvw/111","+","Bl – Valerian – Horsetail – Leafy moss",NA,NA
"2355","ESSFxc1/101","+","BlSe – Grouseberry – Valerian",NA,NA
"2356","ESSFxc1/102","+","Pl – Juniper – Grouseberry – Clad lichens",NA,NA
"2357","ESSFxc1/103","+","Pl – Juniper – Pinegrass",NA,NA
"2358","ESSFxc1/104","+","BlPl – Grouseberry – Clad lichens",NA,NA
"2359","ESSFxc1/105","+","PlS – Trapper's tea – Grouseberry",NA,NA
"2360","ESSFxc1/111","+","BlSe – Trapper's tea – Valerian",NA,NA
"2361","ESSFxc1/112","+","Se – Horsetail – Bluejoint",NA,NA
"2362","ESSFxc1/113","+","Se – Rocky Mountain sedge – Valerian",NA,NA
"2363","ESSFxc1/Ag03","+","Timber oatgrass – Kinnikinnick","Ag","alpine grassland"
"2364","ESSFxc1/Gb21","+","Juniper – Kinnikinnick – Strawberry","Gb","brushland"
"2365","ESSFxc1/Gg14","+","Idaho fescue – Sulphur buckwheat – Sandwort","Gg","grassland "
"2366","ESSFxc1/Gg32","+","Pinegrass – Kinnikinnick","Gg","grassland "
"2367","ESSFxc1/Gg34","+","Junegrass – Kinnikinnick","Gg","grassland "
"2368","ESSFxc1/Gs04","+","Mountain sagebrush – Bluebunch wheatgrass","Gs","shrub-steppe"
"2369","ESSFxc1/Gs06","+","Mountain sagebrush – Pinegrass – Idaho fescue","Gs","shrub-steppe"
"2370","ESSFxc1/Gs06$3.2","+","Mountain sagebrush – Kentucky bluegrass","Gs","shrub-steppe"
"2371","ESSFxc1/Ro06","+","Juniper – Stonecrop – Sandwort","Ro","rocky outcrop"
"2372","ESSFxc1/Ro06.1","+","Juniper – Stonecrop – Sandwort","Ro","rocky outcrop"
"2373","ESSFxc1/Ro06.2","+","Juniper – Kinnikinnick – Stonecrop – Sandwort","Ro","rocky outcrop"
"2374","ESSFxc1/Ro11","+","Grouseberry – Clad lichen","Ro","rocky outcrop"
"2375","ESSFxc1/Rt01","+","Rocktripe – Green map","Rt","talus"
"2376","ESSFxc1/Rt07","+","Aspen – Juniper – Rocktripe","Rt","talus"
"2377","ESSFxc1/Rt07.1","+","Aspen – Juniper – Rocktripe; Aspen variation","Rt","talus"
"2378","ESSFxc1/Rt07.2","+","Juniper – Rocktripe","Rt","talus"
"2379","ESSFxc1/Rt20","+","Spotted saxifrage – Clad lichen","Rt","talus"
"2380","ESSFxc1/Wb16","+","Sxw – Trapper's tea – Peat moss","Wb","wetland bog "
"2381","ESSFxc1/Wf01","+","Water sedge – Beaked sedge","Wf","wetland fen"
"2382","ESSFxc1/Wf02","+","Scrub birch – Water sedge","Wf","wetland fen"
"2383","ESSFxc1/Wf03","+","Water sedge – Peat moss","Wf","wetland fen"
"2384","ESSFxc1/Wf04","+","Barclay's willow – Water sedge – Glow moss","Wf","wetland fen"
"2385","ESSFxc1/Wf08","+","Shore sedge – Buckbean – Hook moss","Wf","wetland fen"
"2386","ESSFxc1/Wf09","+","Few-flowered spikerush – Hook moss","Wf","wetland fen"
"2387","ESSFxc1/Wf11","+","Tufted clubrush – Star moss","Wf","wetland fen"
"2388","ESSFxc1/Wf12","+","Narrow-leaved cotton-grass – Marsh-marigold","Wf","wetland fen"
"2389","ESSFxc1/Wf13","+","Narrow-leaved cotton-grass – Shore sedge","Wf","wetland fen"
"2390","ESSFxc1/Wf15","+","Rocky mountain sedge – Glow moss","Wf","wetland fen"
"2391","ESSFxc1/Wm01","+","Beaked sedge – Water sedge","Wm","wetland marsh"
"2392","ESSFxc1/Wm09","+","Inflated sedge","Wm","wetland marsh"
"2393","ESSFxc1/Wm16","+","Bluejoint – Arrow-leaved groundsel","Wm","wetland marsh"
"2394","ESSFxc1/Ws08","+","Bl – Valerian – Horsetail","Ws","wetland swamp"
"2395","ESSFxc1/Ws08.1","+","Bl – Valerian – Horsetail","Ws","wetland swamp"
"2396","ESSFxc1/Ws12","+","Sxw – Rocky Mountain sedge – Glow moss","Ws","wetland swamp"
"2397","ESSFxc1/Ws13","+","Barclay's willow – Common horsetail – Arrow-leaved groundsel","Ws","wetland swamp"
"2398","ESSFxc2/101","+","BlSe – Grouseberry – Valerian",NA,NA
"2399","ESSFxc2/102","+","Pl – Juniper – Grouseberry – Clad lichens",NA,NA
"2400","ESSFxc2/103","+","BlPl – Grouseberry – Clad lichens",NA,NA
"2401","ESSFxc2/111","+","BlSe – Valerian – Globeflower",NA,NA
"2402","ESSFxc2/112","+","Se – Horsetail – Bluejoint",NA,NA
"2403","ESSFxc2/Ag03","+","Timber oatgrass – Kinnikinnick","Ag","alpine grassland"
"2404","ESSFxc2/Gb21","+","Juniper – Kinnikinnick – Strawberry","Gb","brushland"
"2405","ESSFxc2/Gg12","+","Rough fescue – Yarrow – Three-flowered avens","Gg","grassland "
"2406","ESSFxc2/Gg12$2.1","+","Rough fescue – Bluebunch wheatgrass – Yellow salsify","Gg","grassland "
"2407","ESSFxc2/Gg12$2.2","+","Spreading needlegrass – Rough fescue – Kentucky bluegrass","Gg","grassland "
"2408","ESSFxc2/Gg12$2.3","+","Spreading needlegrass – Columbia needlegrass","Gg","grassland "
"2409","ESSFxc2/Gg12$2.5","+","Kentucky bluegrass – Yarrow","Gg","grassland "
"2410","ESSFxc2/Gg12.1","+","Rough fescue – Yarrow – Three-flowered avens","Gg","grassland "
"2411","ESSFxc2/Gg32","+","Pinegrass – Kinnikinnick","Gg","grassland "
"2412","ESSFxc2/Gs04","+","Mountain sagebrush – Bluebunch wheatgrass","Gs","shrub-steppe"
"2413","ESSFxc2/Gs06","+","Mountain sagebrush – Pinegrass – Idaho fescue","Gs","shrub-steppe"
"2414","ESSFxc2/Gs06$3.2","+","Mountain sagebrush – Kentucky bluegrass","Gs","shrub-steppe"
"2415","ESSFxc2/Ro06","+","Juniper – Stonecrop – Sandwort","Ro","rocky outcrop"
"2416","ESSFxc2/Ro06.1","+","Juniper – Stonecrop – Sandwort","Ro","rocky outcrop"
"2417","ESSFxc2/Ro06.2","+","Juniper – Kinnikinnick – Stonecrop – Sandwort","Ro","rocky outcrop"
"2418","ESSFxc2/Ro11","+","Grouseberry – Clad lichen","Ro","rocky outcrop"
"2419","ESSFxc2/Rt01","+","Rocktripe – Green map","Rt","talus"
"2420","ESSFxc2/Rt07","+","Aspen – Juniper – Rocktripe","Rt","talus"
"2421","ESSFxc2/Rt07.1","+","Aspen – Juniper – Rocktripe; Aspen variation","Rt","talus"
"2422","ESSFxc2/Rt07.2","+","Juniper – Rocktripe","Rt","talus"
"2423","ESSFxc2/Rt20","+","Spotted saxifrage – Clad lichen","Rt","talus"
"2424","ESSFxc2/Wb16","+","Sxw – Trapper's tea – Peat moss","Wb","wetland bog "
"2425","ESSFxc2/Wf01","+","Water sedge – Beaked sedge","Wf","wetland fen"
"2426","ESSFxc2/Wf02","+","Scrub birch – Water sedge","Wf","wetland fen"
"2427","ESSFxc2/Wf03","+","Water sedge – Peat moss","Wf","wetland fen"
"2428","ESSFxc2/Wf04","+","Barclay's willow – Water sedge – Glow moss","Wf","wetland fen"
"2429","ESSFxc2/Wf08","+","Shore sedge – Buckbean – Hook moss","Wf","wetland fen"
"2430","ESSFxc2/Wf09","+","Few-flowered spikerush – Hook moss","Wf","wetland fen"
"2431","ESSFxc2/Wf11","+","Tufted clubrush – Star moss","Wf","wetland fen"
"2432","ESSFxc2/Wf12","+","Narrow-leaved cotton-grass – Marsh-marigold","Wf","wetland fen"
"2433","ESSFxc2/Wf13","+","Narrow-leaved cotton-grass – Shore sedge","Wf","wetland fen"
"2434","ESSFxc2/Wm01","+","Beaked sedge – Water sedge","Wm","wetland marsh"
"2435","ESSFxc2/Wm16","+","Bluejoint – Arrow-leaved groundsel","Wm","wetland marsh"
"2436","ESSFxc2/Ws08","+","Bl – Valerian – Horsetail","Ws","wetland swamp"
"2437","ESSFxc2/Ws08.1","+","Bl – Valerian – Horsetail","Ws","wetland swamp"
"2438","ESSFxc2/Ws13","+","Barclay's willow – Common horsetail – Arrow-leaved groundsel","Ws","wetland swamp"
"2439","ESSFxc3/01","+","Bl – Grouseberry – Valerian",NA,NA
"2440","ESSFxc3/02","+","Pl – Juniper – Lupine",NA,NA
"2441","ESSFxc3/03","+","Bluebunch wheatgrass – Pasqueflower",NA,NA
"2442","ESSFxc3/04","+","Pinegrass – Meadowrue",NA,NA
"2443","ESSFxc3/05","+","Bl – Grouseberry – Cladonia",NA,NA
"2444","ESSFxc3/06","+","Bl – Rhododendron – Grouseberry",NA,NA
"2445","ESSFxc3/07","+","Bl – Gooseberry – Foamflower",NA,NA
"2446","ESSFxc3/08","+","Bl – Horsetail – Glow moss",NA,NA
"2447","ESSFxc3/09","+","Bluejoint – Sedge",NA,NA
"2448","ESSFxc3/10","+","Willow – Sedge",NA,NA
"2449","ESSFxc3/11","+","Sxw – Horsetail – Leafy moss",NA,NA
"2450","ESSFxc3/Wf01","+","Water sedge – Beaked sedge","Wf","wetland fen"
"2451","ESSFxc3/Wm01","+","Beaked sedge – Water sedge","Wm","wetland marsh"
"2452","ESSFxv1/01","+","Bl – Arnica – Cladonia",NA,NA
"2453","ESSFxv1/02","+","BlPa – Juniper – Cladonia",NA,NA
"2454","ESSFxv1/03","+","Pl – Cladonia – Stereocaulon",NA,NA
"2455","ESSFxv1/07","+","Bl – Valerian – Arnica",NA,NA
"2456","ESSFxv1/09","+","Bl – Twinberry – Hellebore",NA,NA
"2457","ESSFxv1/Wf01","+","Water sedge – Beaked sedge","Wf","wetland fen"
"2458","ESSFxv1/Wf08","+","Shore sedge – Buckbean – Hook moss","Wf","wetland fen"
"2459","ESSFxv1/Wf09","+","Few-flowered spikerush – Hook moss","Wf","wetland fen"
"2460","ESSFxv2/01","+","Bl – Arnica – Cladonia",NA,NA
"2461","ESSFxv2/02","+","BlPa – Juniper – Cladonia",NA,NA
"2462","ESSFxv2/03","+","BlPa – Kinnikinnick",NA,NA
"2463","ESSFxv2/04","+","BlPa – Juniper – Kinnikinnick",NA,NA
"2464","ESSFxv2/05","+","BlPa – Grouseberry",NA,NA
"2465","ESSFxv2/06","+","Bl – Rhododendron – Crowberry",NA,NA
"2466","ESSFxv2/07","+","Bl – Lousewort – Glow moss",NA,NA
"2467","ESSFxv2/08","+","Bl – Horsetail – Glow moss",NA,NA
"2468","ESSFxv2/09","+","Se – Trapper's tea – Glow moss",NA,NA
"2469","ESSFxv2/10","+","Se – Willow – Glow moss",NA,NA
"2470","ESSFxv2/Sc02","+","Grey-leaved willow – Glow moss","Sc","subalpine"
"2471","ESSFxv2/Wf01","+","Water sedge – Beaked sedge","Wf","wetland fen"
"2472","ESSFxv2/Wf02","+","Scrub birch – Water sedge","Wf","wetland fen"
"2473","ESSFxv2/Wf03","+","Water sedge – Peat moss","Wf","wetland fen"
"2474","ESSFxv2/Wm01","+","Beaked sedge – Water sedge","Wm","wetland marsh"
"2475","ICHdk/01","+","CwSxw – Falsebox – Wintergreen",NA,NA
"2476","ICHdk/02","+","CwSxw – Soopolallie",NA,NA
"2477","ICHdk/02b","+","CwSxw – Soopolallie; Shallow",NA,NA
"2478","ICHdk/04","+","CwSxw – Falsebox – Feather moss",NA,NA
"2479","ICHdk/05","+","CwSxw – Thimbleberry",NA,NA
"2480","ICHdk/06","+","CwSxw – Raspberry – Oak fern",NA,NA
"2481","ICHdk/08","+","Sxw – Devil's club – Lady fern",NA,NA
"2482","ICHdk/09","+","Sxw – Horsetail",NA,NA
"2483","ICHdk/Wf05","+","Slender sedge – Common hook moss","Wf","wetland fen"
"2484","ICHdm/101","+","HwCw – Queen's cup – Pipecleaner moss",NA,NA
"2485","ICHdm/102","+","Fd – Snowberry – Oregon-grape",NA,NA
"2486","ICHdm/102a","+","Fd – Snowberry – Oregon-grape; Xeric phase",NA,NA
"2487","ICHdm/102b","+","Fd – Snowberry – Oregon-grape; Subxeric phase",NA,NA
"2488","ICHdm/103","+","Pl(Lw) – Pinegrass – Grouseberry",NA,NA
"2489","ICHdm/110","+","CwHw – Oak fern",NA,NA
"2490","ICHdm/111","+","CwHw – Devil's club – Lady fern",NA,NA
"2491","ICHdm/Fl01","+","Mountain alder – Common horsetail","Fl","low fluvial bench"
"2492","ICHdm/Fl02","+","Mountain alder – Red-osier dogwood – Lady fern","Fl","low fluvial bench"
"2493","ICHdm/Fl04","+","Sitka willow – Red-osier dogwood – Horsetail","Fl","low fluvial bench"
"2494","ICHdm/Gb03","+","Ninebark – Oceanspray – Bluebunch wheatgrass","Gb","brushland"
"2495","ICHdm/Gg11","+","Idaho fescue – Bluebunch wheatgrass – Junegrass","Gg","grassland "
"2496","ICHdm/Ro05","+","Juniper – Kinnikinnick – Penstemon","Ro","rocky outcrop"
"2497","ICHdm/Ro05.1","+","Juniper – Kinnikinnick – Penstemon","Ro","rocky outcrop"
"2498","ICHdm/Ro09","+","Saskatoon – Rock moss – Clad lichen","Ro","rocky outcrop"
"2499","ICHdm/Ro09.1","+","Saskatoon – Rock moss – Clad lichen","Ro","rocky outcrop"
"2500","ICHdm/Ro09.2","+","Saskatoon – Poverty oatgrass – Rock moss – Clad lichen","Ro","rocky outcrop"
"2501","ICHdm/Ro10","+","Huckleberry – Rock moss – Haircap moss","Ro","rocky outcrop"
"2502","ICHdm/Rt01","+","Rocktripe – Green map","Rt","talus"
"2503","ICHdm/Rt02","+","Rock moss – Clad lichen","Rt","talus"
"2504","ICHdm/Rt03","+","Raspberry – Feather moss – Clad lichen","Rt","talus"
"2505","ICHdm/Rt06","+","Saskatoon – Mock-orange – Bluebunch wheatgrass","Rt","talus"
"2506","ICHdm/Rt07","+","Aspen – Juniper – Rocktripe","Rt","talus"
"2507","ICHdm/Rt07.1","+","Aspen – Juniper – Rocktripe; Aspen variation","Rt","talus"
"2508","ICHdm/Rt07.2","+","Juniper – Rocktripe","Rt","talus"
"2509","ICHdm/Rt08","+","Aspen – Douglas' maple – Saskatoon","Rt","talus"
"2510","ICHdm/Vh01","+","Cow parsnip – Fireweed – Nettle","Vh","avalanche herb"
"2511","ICHdm/Vh01.1","+","Cow parsnip – Fireweed – Nettle","Vh","avalanche herb"
"2512","ICHdm/Vh01.2","+","Cow parsnip – Fireweed – Bluejoint","Vh","avalanche herb"
"2513","ICHdm/Vh10","+","Fireweed – Grouseberry","Vh","avalanche herb"
"2514","ICHdm/Vh11","+","Fireweed – Yarrow – Strawberry","Vh","avalanche herb"
"2515","ICHdm/Vs01","+","Sitka alder – Lady fern","Vs","avalanche shrub"
"2516","ICHdm/Vs01.1","+","Sitka alder – Lady fern","Vs","avalanche shrub"
"2517","ICHdm/Vs01.2","+","Sitka alder – Spiny wood fern","Vs","avalanche shrub"
"2518","ICHdm/Vs02","+","Sitka alder – Solomon's-seal","Vs","avalanche shrub"
"2519","ICHdm/Vs10","+","Willow – Cow parsnip – Fireweed","Vs","avalanche shrub"
"2520","ICHdm/Vs10.1","+","Sitka willow – Cow parsnip – Fireweed","Vs","avalanche shrub"
"2521","ICHdm/Vs10.2","+","Barclay's willow – Cow parsnip – Fireweed","Vs","avalanche shrub"
"2522","ICHdm/Vs11","+","Thimbleberry – Cow parsnip – Fireweed","Vs","avalanche shrub"
"2523","ICHdm/Vs13","+","Huckleberry – Beargrass – Fireweed","Vs","avalanche shrub"
"2524","ICHdm/Vs14","+","Saskatoon – Snowberry – Strawberry","Vs","avalanche shrub"
"2525","ICHdm/Wf01","+","Water sedge – Beaked sedge","Wf","wetland fen"
"2526","ICHdm/Wf05","+","Slender sedge – Common hook moss","Wf","wetland fen"
"2527","ICHdm/Wm01","+","Beaked sedge – Water sedge","Wm","wetland marsh"
"2528","ICHdm/Wm02","+","Water horsetail – Beaked sedge","Wm","wetland marsh"
"2529","ICHdm/Wm04","+","Common spikerush","Wm","wetland marsh"
"2530","ICHdm/Wm05","+","Cattail","Wm","wetland marsh"
"2531","ICHdm/Wm06","+","Soft-stemmed bulrush","Wm","wetland marsh"
"2532","ICHdm/Wm15","+","Bluejoint – Water sedge","Wm","wetland marsh"
"2533","ICHdm/Ws01","+","Mountain alder – Skunk cabbage – Lady fern","Ws","wetland swamp"
"2534","ICHdm/Ws06","+","Sitka willow – Sitka sedge","Ws","wetland swamp"
"2535","ICHdm/Ws10","+","CwSxw – Skunk cabbage","Ws","wetland swamp"
"2536","ICHdw1/113","+","CwSxw – Skunk cabbage",NA,NA
"2537","ICHdw1/Fl01","+","Mountain alder – Common horsetail","Fl","low fluvial bench"
"2538","ICHdw1/Fl02","+","Mountain alder – Red-osier dogwood – Lady fern","Fl","low fluvial bench"
"2539","ICHdw1/Fl04","+","Sitka willow – Red-osier dogwood – Horsetail","Fl","low fluvial bench"
"2540","ICHdw1/Fl06","+","Sandbar willow – Scouring-rush","Fl","low fluvial bench"
"2541","ICHdw1/Gb03","+","Ninebark – Oceanspray – Bluebunch wheatgrass","Gb","brushland"
"2542","ICHdw1/Gg11","+","Idaho fescue – Bluebunch wheatgrass – Junegrass","Gg","grassland "
"2543","ICHdw1/Ro05","+","Juniper – Kinnikinnick – Penstemon","Ro","rocky outcrop"
"2544","ICHdw1/Ro05.1","+","Juniper – Kinnikinnick – Penstemon","Ro","rocky outcrop"
"2545","ICHdw1/Ro09","+","Saskatoon – Rock moss – Clad lichen","Ro","rocky outcrop"
"2546","ICHdw1/Ro09.1","+","Saskatoon – Rock moss – Clad lichen","Ro","rocky outcrop"
"2547","ICHdw1/Ro09.2","+","Saskatoon – Poverty oatgrass – Rock moss – Clad lichen","Ro","rocky outcrop"
"2548","ICHdw1/Ro10","+","Huckleberry – Rock moss – Haircap moss","Ro","rocky outcrop"
"2549","ICHdw1/Rt01","+","Rocktripe – Green map","Rt","talus"
"2550","ICHdw1/Rt02","+","Rock moss – Clad lichen","Rt","talus"
"2551","ICHdw1/Rt03","+","Raspberry – Feather moss – Clad lichen","Rt","talus"
"2552","ICHdw1/Rt06","+","Saskatoon – Mock-orange – Bluebunch wheatgrass","Rt","talus"
"2553","ICHdw1/Rt08","+","Aspen – Douglas' maple – Saskatoon","Rt","talus"
"2554","ICHdw1/Wf01","+","Water sedge – Beaked sedge","Wf","wetland fen"
"2555","ICHdw1/Wf05","+","Slender sedge – Common hook moss","Wf","wetland fen"
"2556","ICHdw1/Wm01","+","Beaked sedge – Water sedge","Wm","wetland marsh"
"2557","ICHdw1/Wm02","+","Water horsetail – Beaked sedge","Wm","wetland marsh"
"2558","ICHdw1/Wm04","+","Common spikerush","Wm","wetland marsh"
"2559","ICHdw1/Wm05","+","Cattail","Wm","wetland marsh"
"2560","ICHdw1/Wm06","+","Soft-stemmed bulrush","Wm","wetland marsh"
"2561","ICHdw1/Wm09","+","Inflated sedge","Wm","wetland marsh"
"2562","ICHdw1/Wm15","+","Bluejoint – Water sedge","Wm","wetland marsh"
"2563","ICHdw1/Ws01","+","Mountain alder – Skunk cabbage – Lady fern","Ws","wetland swamp"
"2564","ICHdw1/Ws02","+","Mountain alder – Pink spirea – Sitka sedge","Ws","wetland swamp"
"2565","ICHdw1/Ws06","+","Sitka willow – Sitka sedge","Ws","wetland swamp"
"2566","ICHdw1/Ws10","+","CwSxw – Skunk cabbage","Ws","wetland swamp"
"2567","ICHdw4/101","+","CwFd – Prince's pine – Twinflower",NA,NA
"2568","ICHdw4/102","+","FdPl – Juniper – Kinnikinnick",NA,NA
"2569","ICHdw4/103","+","Fd – Douglas' maple – Pinegrass",NA,NA
"2570","ICHdw4/104","+","FdCw – Douglas' maple – Prince's pine",NA,NA
"2571","ICHdw4/110","+","CwHw – Devil's club – Lady fern",NA,NA
"2572","ICHdw4/110.1","+","CwHw – Devil's club – Lady fern",NA,NA
"2573","ICHdw4/110.2","+","CwHw – Lady fern – Oak fern",NA,NA
"2574","ICHdw4/111","+","CwHw – Horsetail – Lady fern",NA,NA
"2575","ICHdw4/112","+","CwSxw – Skunk cabbage",NA,NA
"2576","ICHdw4/Ff01","+","Water birch – Red-osier dogwood – Rose","Ff","fringe fluvial "
"2577","ICHdw4/Ff01a","+","Water birch – Red-osier dogwood – Rose; Fringe phase","Ff","fringe fluvial "
"2578","ICHdw4/Fl01","+","Mountain alder – Common horsetail","Fl","low fluvial bench"
"2579","ICHdw4/Fl02","+","Mountain alder – Red-osier dogwood – Lady fern","Fl","low fluvial bench"
"2580","ICHdw4/Fl04","+","Sitka willow – Red-osier dogwood – Horsetail","Fl","low fluvial bench"
"2581","ICHdw4/Fl05","+","Drummond's willow – Bluejoint","Fl","low fluvial bench"
"2582","ICHdw4/Fl06","+","Sandbar willow – Scouring-rush","Fl","low fluvial bench"
"2583","ICHdw4/Gb03","+","Ninebark – Oceanspray – Bluebunch wheatgrass","Gb","brushland"
"2584","ICHdw4/Gg02","+","Bluebunch wheatgrass – Balsamroot","Gg","grassland "
"2585","ICHdw4/Gg02$2.3","+","Needle-and-thread grass – Cheatgrass","Gg","grassland "
"2586","ICHdw4/Gg11","+","Idaho fescue – Bluebunch wheatgrass – Junegrass","Gg","grassland "
"2587","ICHdw4/Gg11$2.1","+","Bluebunch wheatgrass – Junegrass – Sandberg's bluegrass","Gg","grassland "
"2588","ICHdw4/Gg11$2.4","+","Needle-and-thread grass – Cheatgrass","Gg","grassland "
"2589","ICHdw4/Ro05","+","Juniper – Kinnikinnick – Penstemon","Ro","rocky outcrop"
"2590","ICHdw4/Ro05.1","+","Juniper – Kinnikinnick – Penstemon","Ro","rocky outcrop"
"2591","ICHdw4/Ro09","+","Saskatoon – Rock moss – Clad lichen","Ro","rocky outcrop"
"2592","ICHdw4/Ro09.1","+","Saskatoon – Rock moss – Clad lichen","Ro","rocky outcrop"
"2593","ICHdw4/Ro09.2","+","Saskatoon – Poverty oatgrass – Rock moss – Clad lichen","Ro","rocky outcrop"
"2594","ICHdw4/Rt01","+","Rocktripe – Green map","Rt","talus"
"2595","ICHdw4/Rt02","+","Rock moss – Clad lichen","Rt","talus"
"2596","ICHdw4/Rt03","+","Raspberry – Feather moss – Clad lichen","Rt","talus"
"2597","ICHdw4/Rt06","+","Saskatoon – Mock-orange – Bluebunch wheatgrass","Rt","talus"
"2598","ICHdw4/Rt07","+","Aspen – Juniper – Rocktripe","Rt","talus"
"2599","ICHdw4/Rt07.1","+","Aspen – Juniper – Rocktripe; Aspen variation","Rt","talus"
"2600","ICHdw4/Rt07.2","+","Juniper – Rocktripe","Rt","talus"
"2601","ICHdw4/Rt08","+","Aspen – Douglas' maple – Saskatoon","Rt","talus"
"2602","ICHdw4/Wf01","+","Water sedge – Beaked sedge","Wf","wetland fen"
"2603","ICHdw4/Wf05","+","Slender sedge – Common hook moss","Wf","wetland fen"
"2604","ICHdw4/Wf11","+","Tufted clubrush – Star moss","Wf","wetland fen"
"2605","ICHdw4/Wm01","+","Beaked sedge – Water sedge","Wm","wetland marsh"
"2606","ICHdw4/Wm02","+","Water horsetail – Beaked sedge","Wm","wetland marsh"
"2607","ICHdw4/Wm04","+","Common spikerush","Wm","wetland marsh"
"2608","ICHdw4/Wm05","+","Cattail","Wm","wetland marsh"
"2609","ICHdw4/Wm06","+","Soft-stemmed bulrush","Wm","wetland marsh"
"2610","ICHdw4/Wm09","+","Inflated sedge","Wm","wetland marsh"
"2611","ICHdw4/Wm14","+","Common reed","Wm","wetland marsh"
"2612","ICHdw4/Wm15","+","Bluejoint – Water sedge","Wm","wetland marsh"
"2613","ICHdw4/Ws01","+","Mountain alder – Skunk cabbage – Lady fern","Ws","wetland swamp"
"2614","ICHdw4/Ws02","+","Mountain alder – Pink spirea – Sitka sedge","Ws","wetland swamp"
"2615","ICHdw4/Ws04","+","Drummond's willow – Beaked sedge","Ws","wetland swamp"
"2616","ICHdw4/Ws06","+","Sitka willow – Sitka sedge","Ws","wetland swamp"
"2617","ICHdw4/Ws07","+","Sxw – Horsetail – Leafy moss","Ws","wetland swamp"
"2618","ICHdw4/Ws07.1","+","Sxw – Horsetail – Leafy moss; Typic variation","Ws","wetland swamp"
"2619","ICHdw4/Ws07.2","+","Sxw – Horsetail – Leafy moss; Soft-leaved sedge variation","Ws","wetland swamp"
"2620","ICHdw4/Ws10","+","CwSxw – Skunk cabbage","Ws","wetland swamp"
"2621","ICHmc1/01","+","Hw – Step moss",NA,NA
"2622","ICHmc1/01a","+","Hw – Step moss; Mesic",NA,NA
"2623","ICHmc1/01b","+","Hw – Step moss; Submesic",NA,NA
"2624","ICHmc1/02","+","HwPl – Kinnikinnick – Cladonia",NA,NA
"2625","ICHmc1/03","+","HwBl – Oak fern",NA,NA
"2626","ICHmc1/04","+","HwBl – Devil's club",NA,NA
"2627","ICHmc1/06","+","Hw – Azalea – Skunk cabbage",NA,NA
"2628","ICHmc1/07","+","Pl – Bog-rosemary – Peat moss",NA,NA
"2629","ICHmc1/Wb13","+","Shore sedge – Buckbean – Peat moss","Wb","wetland bog "
"2630","ICHmc1/Wf05","+","Slender sedge – Common hook moss","Wf","wetland fen"
"2631","ICHmc1/Wm01","+","Beaked sedge – Water sedge","Wm","wetland marsh"
"2632","ICHmc1/Ws50","+","Hardhack – Sitka sedge","Ws","wetland swamp"
"2633","ICHmc1a/01","+","HwBa – Bramble",NA,NA
"2634","ICHmc1a/01a","+","HwBa – Bramble; Mesic",NA,NA
"2635","ICHmc1a/01b","+","HwBa – Bramble; Submesic",NA,NA
"2636","ICHmc1a/02","+","HwBa – Oak fern",NA,NA
"2637","ICHmc1a/03","+","HwBa – Devil's club – Lady fern",NA,NA
"2638","ICHmc2/01","+","Hw – Step moss",NA,NA
"2639","ICHmc2/01$Atpw","+","At – Pink wintergreen",NA,NA
"2640","ICHmc2/01$Atpw.1","+","At – Pink wintergreen",NA,NA
"2641","ICHmc2/01$Atpw.2","+","At – Pink wintergreen",NA,NA
"2642","ICHmc2/01$Atss","+","At – Saskatoon – Snowberry",NA,NA
"2643","ICHmc2/01$Atss.1","+","At – Saskatoon – Snowberry",NA,NA
"2644","ICHmc2/01$Atss.2","+","At – Saskatoon – Snowberry",NA,NA
"2645","ICHmc2/01.1","+","Hw – Step moss; Hw(Cw) variation",NA,NA
"2646","ICHmc2/01.2","+","Hw – Step moss; BlSx variation",NA,NA
"2647","ICHmc2/01a","+","Hw – Step moss; Mesic",NA,NA
"2648","ICHmc2/01a$Atpw","+","At – Pink wintergreen",NA,NA
"2649","ICHmc2/01a$Atpw.1","+","At – Pink wintergreen",NA,NA
"2650","ICHmc2/01a$Atpw.2","+","At – Pink wintergreen",NA,NA
"2651","ICHmc2/01a$Atss","+","At – Saskatoon – Snowberry",NA,NA
"2652","ICHmc2/01a$Atss.1","+","At – Saskatoon – Snowberry",NA,NA
"2653","ICHmc2/01a$Atss.2","+","At – Saskatoon – Snowberry",NA,NA
"2654","ICHmc2/01a.1","+","Hw – Step moss; Mesic; Hw(Cw) variation",NA,NA
"2655","ICHmc2/01a.2","+","Hw – Step moss; Mesic; BlSx variation",NA,NA
"2656","ICHmc2/01b","+","Hw – Step moss; Submesic",NA,NA
"2657","ICHmc2/01b$Atpw","+","At – Pink wintergreen",NA,NA
"2658","ICHmc2/01b$Atpw.1","+","At – Pink wintergreen",NA,NA
"2659","ICHmc2/01b$Atpw.2","+","At – Pink wintergreen",NA,NA
"2660","ICHmc2/01b$Atss","+","At – Saskatoon – Snowberry",NA,NA
"2661","ICHmc2/01b$Atss.1","+","At – Saskatoon – Snowberry",NA,NA
"2662","ICHmc2/01b$Atss.2","+","At – Saskatoon – Snowberry",NA,NA
"2663","ICHmc2/01b.1","+","Hw – Step moss; Submesic; Hw(Cw) variation",NA,NA
"2664","ICHmc2/01b.2","+","Hw – Step moss; Submesic; BlSx variation",NA,NA
"2665","ICHmc2/02","+","HwPl – Kinnikinnick – Cladonia",NA,NA
"2666","ICHmc2/02$Atki","+","At – Kinnikinnick",NA,NA
"2667","ICHmc2/02$Epdh","+","Ep – Douglas' maple",NA,NA
"2668","ICHmc2/03","+","HwCw – Oak fern",NA,NA
"2669","ICHmc2/03$Atcv","+","At – Canada violet",NA,NA
"2670","ICHmc2/03$Atpw","+","At – Pink wintergreen",NA,NA
"2671","ICHmc2/04","+","CwHw – Devil's club – Oak fern",NA,NA
"2672","ICHmc2/04$Atcv","+","At – Canada violet",NA,NA
"2673","ICHmc2/05$Atha","+","At – Hardhack",NA,NA
"2674","ICHmc2/05$Atlf","+","At – Lady fern",NA,NA
"2675","ICHmc2/06a","+","ActSx – Dogwood; High-bench",NA,NA
"2676","ICHmc2/06b","+","ActSx – Dogwood; Medium-bench",NA,NA
"2677","ICHmc2/07","+","CwSx – Horsetail – Skunk cabbage",NA,NA
"2678","ICHmc2/07$Atha","+","At – Hardhack",NA,NA
"2679","ICHmc2/07$Atlf","+","At – Lady fern",NA,NA
"2680","ICHmc2/09","+","Hw – Cloudberry – Peat moss",NA,NA
"2681","ICHmc2/10","+","Sb – Soft-leaved sedge – Peat moss",NA,NA
"2682","ICHmc2/11","+","Sb – Buckbean – Peat moss",NA,NA
"2683","ICHmc2/12","+","Sb – Skunk cabbage – Peat moss",NA,NA
"2684","ICHmc2/51","+","PlHw – Feather moss",NA,NA
"2685","ICHmc2/52","+","SxEp – Thimbleberry – Hazelnut",NA,NA
"2686","ICHmc2/53","+","AtEp – Dogwood",NA,NA
"2687","ICHmc2/54","+","SxEp – Devil's club",NA,NA
"2688","ICHmc2/55","+","Mountain alder – Mitrewort",NA,NA
"2689","ICHmc2/56","+","Drummond's willow – Bluejoint",NA,NA
"2690","ICHmc2/Fl02","+","Mountain alder – Red-osier dogwood – Lady fern","Fl","low fluvial bench"
"2691","ICHmc2/Wb12","+","Scheuchzeria – Peat moss","Wb","wetland bog "
"2692","ICHmc2/Wf02","+","Scrub birch – Water sedge","Wf","wetland fen"
"2693","ICHmc2/Wf05","+","Slender sedge – Common hook moss","Wf","wetland fen"
"2694","ICHmc2/Wf11","+","Tufted clubrush – Star moss","Wf","wetland fen"
"2695","ICHmc2/Wm01","+","Beaked sedge – Water sedge","Wm","wetland marsh"
"2696","ICHmc2/Ws01","+","Mountain alder – Skunk cabbage – Lady fern","Ws","wetland swamp"
"2697","ICHmc2/Ws02","+","Mountain alder – Pink spirea – Sitka sedge","Ws","wetland swamp"
"2698","ICHmk1/101","+","CwSxw – Falsebox",NA,NA
"2699","ICHmk1/102","+","Fd – Penstemon – Pinegrass",NA,NA
"2700","ICHmk1/103","+","Fd – Juniper – Pinegrass",NA,NA
"2701","ICHmk1/104","+","Sxw(Lw) – Grouseberry – Feather moss",NA,NA
"2702","ICHmk1/105","+","FdLw – Falsebox – Pinegrass",NA,NA
"2703","ICHmk1/110","+","CwSxw – Gooseberry – Foamflower",NA,NA
"2704","ICHmk1/111","+","SxwCw – Devil's club – Oak fern",NA,NA
"2705","ICHmk1/112","+","Sxw(Cw) – Horsetail – Oak fern",NA,NA
"2706","ICHmk1/Ff01","+","Water birch – Red-osier dogwood – Rose","Ff","fringe fluvial "
"2707","ICHmk1/Ff01a","+","Water birch – Red-osier dogwood – Rose; Fringe phase","Ff","fringe fluvial "
"2708","ICHmk1/Fl01","+","Mountain alder – Common horsetail","Fl","low fluvial bench"
"2709","ICHmk1/Fl02","+","Mountain alder – Red-osier dogwood – Lady fern","Fl","low fluvial bench"
"2710","ICHmk1/Fl04","+","Sitka willow – Red-osier dogwood – Horsetail","Fl","low fluvial bench"
"2711","ICHmk1/Fl05","+","Drummond's willow – Bluejoint","Fl","low fluvial bench"
"2712","ICHmk1/Gb21","+","Juniper – Kinnikinnick – Strawberry","Gb","brushland"
"2713","ICHmk1/Gg11","+","Idaho fescue – Bluebunch wheatgrass – Junegrass","Gg","grassland "
"2714","ICHmk1/Gg11$2.1","+","Bluebunch wheatgrass – Junegrass – Sandberg's bluegrass","Gg","grassland "
"2715","ICHmk1/Gg11$2.4","+","Needle-and-thread grass – Cheatgrass","Gg","grassland "
"2716","ICHmk1/Ro05","+","Juniper – Kinnikinnick – Penstemon","Ro","rocky outcrop"
"2717","ICHmk1/Ro05.1","+","Juniper – Kinnikinnick – Penstemon","Ro","rocky outcrop"
"2718","ICHmk1/Ro09","+","Saskatoon – Rock moss – Clad lichen","Ro","rocky outcrop"
"2719","ICHmk1/Ro09.1","+","Saskatoon – Rock moss – Clad lichen","Ro","rocky outcrop"
"2720","ICHmk1/Ro09.2","+","Saskatoon – Poverty oatgrass – Rock moss – Clad lichen","Ro","rocky outcrop"
"2721","ICHmk1/Rt01","+","Rocktripe – Green map","Rt","talus"
"2722","ICHmk1/Rt02","+","Rock moss – Clad lichen","Rt","talus"
"2723","ICHmk1/Rt03","+","Raspberry – Feather moss – Clad lichen","Rt","talus"
"2724","ICHmk1/Rt07","+","Aspen – Juniper – Rocktripe","Rt","talus"
"2725","ICHmk1/Rt07.1","+","Aspen – Juniper – Rocktripe; Aspen variation","Rt","talus"
"2726","ICHmk1/Rt07.2","+","Juniper – Rocktripe","Rt","talus"
"2727","ICHmk1/Rt08","+","Aspen – Douglas' maple – Saskatoon","Rt","talus"
"2728","ICHmk1/Vh01","+","Cow parsnip – Fireweed – Nettle","Vh","avalanche herb"
"2729","ICHmk1/Vh01.1","+","Cow parsnip – Fireweed – Nettle","Vh","avalanche herb"
"2730","ICHmk1/Vh01.2","+","Cow parsnip – Fireweed – Bluejoint","Vh","avalanche herb"
"2731","ICHmk1/Vh11","+","Fireweed – Yarrow – Strawberry","Vh","avalanche herb"
"2732","ICHmk1/Vs02","+","Sitka alder – Solomon's-seal","Vs","avalanche shrub"
"2733","ICHmk1/Vs10","+","Willow – Cow parsnip – Fireweed","Vs","avalanche shrub"
"2734","ICHmk1/Vs10.1","+","Sitka willow – Cow parsnip – Fireweed","Vs","avalanche shrub"
"2735","ICHmk1/Vs10.2","+","Barclay's willow – Cow parsnip – Fireweed","Vs","avalanche shrub"
"2736","ICHmk1/Vs11","+","Thimbleberry – Cow parsnip – Fireweed","Vs","avalanche shrub"
"2737","ICHmk1/Vs14","+","Saskatoon – Snowberry – Strawberry","Vs","avalanche shrub"
"2738","ICHmk1/Wb16","+","Sxw – Trapper's tea – Peat moss","Wb","wetland bog "
"2739","ICHmk1/Wf01","+","Water sedge – Beaked sedge","Wf","wetland fen"
"2740","ICHmk1/Wf02","+","Scrub birch – Water sedge","Wf","wetland fen"
"2741","ICHmk1/Wf05","+","Slender sedge – Common hook moss","Wf","wetland fen"
"2742","ICHmk1/Wf07","+","Scrub birch – Buckbean – Shore sedge","Wf","wetland fen"
"2743","ICHmk1/Wf11","+","Tufted clubrush – Star moss","Wf","wetland fen"
"2744","ICHmk1/Wm01","+","Beaked sedge – Water sedge","Wm","wetland marsh"
"2745","ICHmk1/Wm02","+","Water horsetail – Beaked sedge","Wm","wetland marsh"
"2746","ICHmk1/Wm04","+","Common spikerush","Wm","wetland marsh"
"2747","ICHmk1/Wm05","+","Cattail","Wm","wetland marsh"
"2748","ICHmk1/Wm06","+","Soft-stemmed bulrush","Wm","wetland marsh"
"2749","ICHmk1/Wm09","+","Inflated sedge","Wm","wetland marsh"
"2750","ICHmk1/Wm15","+","Bluejoint – Water sedge","Wm","wetland marsh"
"2751","ICHmk1/Ws02","+","Mountain alder – Pink spirea – Sitka sedge","Ws","wetland swamp"
"2752","ICHmk1/Ws04","+","Drummond's willow – Beaked sedge","Ws","wetland swamp"
"2753","ICHmk1/Ws06","+","Sitka willow – Sitka sedge","Ws","wetland swamp"
"2754","ICHmk1/Ws07","+","Sxw – Horsetail – Leafy moss","Ws","wetland swamp"
"2755","ICHmk1/Ws07.1","+","Sxw – Horsetail – Leafy moss; Typic variation","Ws","wetland swamp"
"2756","ICHmk1/Ws07.2","+","Sxw – Horsetail – Leafy moss; Soft-leaved sedge variation","Ws","wetland swamp"
"2757","ICHmk1/Ws10","+","CwSxw – Skunk cabbage","Ws","wetland swamp"
"2758","ICHmk2/01","+","CwSxw – Falsebox – Knight's plume",NA,NA
"2759","ICHmk2/02","+","Fd – Juniper – Pinegrass",NA,NA
"2760","ICHmk2/03","+","Fd – Falsebox – Pinegrass",NA,NA
"2761","ICHmk2/04","+","CwSxw – Douglas' maple – Fairybells",NA,NA
"2762","ICHmk2/05","+","CwSxw – Oak fern – Bunchberry",NA,NA
"2763","ICHmk2/06","+","Sxw – Horsetail",NA,NA
"2764","ICHmk3/01","+","CwSxw – Falsebox – Knight's plume",NA,NA
"2765","ICHmk3/02","+","FdCw – Wavy-leaved moss",NA,NA
"2766","ICHmk3/04","+","CwSxw – Oak fern – Cat's-tail moss",NA,NA
"2767","ICHmk3/06","+","CwHw – Devil's club – Lady fern",NA,NA
"2768","ICHmk3/07","+","CwSxw – Devil's club – Horsetail",NA,NA
"2769","ICHmk3/08","+","Pl – Water sedge – Peat mosses",NA,NA
"2770","ICHmk3/Wb07","+","Pl – Water sedge – Peat mosses","Wb","wetland bog "
"2771","ICHmk3/Wb12","+","Scheuchzeria – Peat moss","Wb","wetland bog "
"2772","ICHmk3/Wf01","+","Water sedge – Beaked sedge","Wf","wetland fen"
"2773","ICHmk3/Wf02","+","Scrub birch – Water sedge","Wf","wetland fen"
"2774","ICHmk3/Wf05","+","Slender sedge – Common hook moss","Wf","wetland fen"
"2775","ICHmk3/Wf06","+","Slender sedge – Buckbean","Wf","wetland fen"
"2776","ICHmk3/Wf08","+","Shore sedge – Buckbean – Hook moss","Wf","wetland fen"
"2777","ICHmk3/Wm01","+","Beaked sedge – Water sedge","Wm","wetland marsh"
"2778","ICHmk4/101","+","CwSxw – Falsebox",NA,NA
"2779","ICHmk4/102","+","Fd – Snowberry – Oregon-grape",NA,NA
"2780","ICHmk4/102a","+","Fd – Snowberry – Oregon-grape; Xeric phase",NA,NA
"2781","ICHmk4/102b","+","Fd – Snowberry – Oregon-grape; Subxeric phase",NA,NA
"2782","ICHmk4/103","+","Fd – Douglas' maple – Falsebox",NA,NA
"2783","ICHmk4/110","+","CwSxw – Oak fern",NA,NA
"2784","ICHmk4/111","+","CwSxw – Devil's club",NA,NA
"2785","ICHmk4/Fl01","+","Mountain alder – Common horsetail","Fl","low fluvial bench"
"2786","ICHmk4/Fl02","+","Mountain alder – Red-osier dogwood – Lady fern","Fl","low fluvial bench"
"2787","ICHmk4/Fl04","+","Sitka willow – Red-osier dogwood – Horsetail","Fl","low fluvial bench"
"2788","ICHmk4/Fl05","+","Drummond's willow – Bluejoint","Fl","low fluvial bench"
"2789","ICHmk4/Ro05","+","Juniper – Kinnikinnick – Penstemon","Ro","rocky outcrop"
"2790","ICHmk4/Ro05.1","+","Juniper – Kinnikinnick – Penstemon","Ro","rocky outcrop"
"2791","ICHmk4/Ro09","+","Saskatoon – Rock moss – Clad lichen","Ro","rocky outcrop"
"2792","ICHmk4/Ro09.1","+","Saskatoon – Rock moss – Clad lichen","Ro","rocky outcrop"
"2793","ICHmk4/Ro09.2","+","Saskatoon – Poverty oatgrass – Rock moss – Clad lichen","Ro","rocky outcrop"
"2794","ICHmk4/Ro10","+","Huckleberry – Rock moss – Haircap moss","Ro","rocky outcrop"
"2795","ICHmk4/Rt01","+","Rocktripe – Green map","Rt","talus"
"2796","ICHmk4/Rt02","+","Rock moss – Clad lichen","Rt","talus"
"2797","ICHmk4/Rt03","+","Raspberry – Feather moss – Clad lichen","Rt","talus"
"2798","ICHmk4/Rt07","+","Aspen – Juniper – Rocktripe","Rt","talus"
"2799","ICHmk4/Rt07.1","+","Aspen – Juniper – Rocktripe; Aspen variation","Rt","talus"
"2800","ICHmk4/Rt07.2","+","Juniper – Rocktripe","Rt","talus"
"2801","ICHmk4/Rt08","+","Aspen – Douglas' maple – Saskatoon","Rt","talus"
"2802","ICHmk4/Rt20","+","Spotted saxifrage – Clad lichen","Rt","talus"
"2803","ICHmk4/Vh01","+","Cow parsnip – Fireweed – Nettle","Vh","avalanche herb"
"2804","ICHmk4/Vh01.1","+","Cow parsnip – Fireweed – Nettle","Vh","avalanche herb"
"2805","ICHmk4/Vh01.2","+","Cow parsnip – Fireweed – Bluejoint","Vh","avalanche herb"
"2806","ICHmk4/Vh03","+","Lady fern – Hellebore – Valerian","Vh","avalanche herb"
"2807","ICHmk4/Vh11","+","Fireweed – Yarrow – Strawberry","Vh","avalanche herb"
"2808","ICHmk4/Vs01","+","Sitka alder – Lady fern","Vs","avalanche shrub"
"2809","ICHmk4/Vs01.1","+","Sitka alder – Lady fern","Vs","avalanche shrub"
"2810","ICHmk4/Vs01.2","+","Sitka alder – Spiny wood fern","Vs","avalanche shrub"
"2811","ICHmk4/Vs02","+","Sitka alder – Solomon's-seal","Vs","avalanche shrub"
"2812","ICHmk4/Vs04","+","Sitka alder – Devil's club – Oak fern","Vs","avalanche shrub"
"2813","ICHmk4/Vs10","+","Willow – Cow parsnip – Fireweed","Vs","avalanche shrub"
"2814","ICHmk4/Vs10.1","+","Sitka willow – Cow parsnip – Fireweed","Vs","avalanche shrub"
"2815","ICHmk4/Vs10.2","+","Barclay's willow – Cow parsnip – Fireweed","Vs","avalanche shrub"
"2816","ICHmk4/Vs11","+","Thimbleberry – Cow parsnip – Fireweed","Vs","avalanche shrub"
"2817","ICHmk4/Vs12","+","Huckleberry – Rhododendron – Fireweed","Vs","avalanche shrub"
"2818","ICHmk4/Vs14","+","Saskatoon – Snowberry – Strawberry","Vs","avalanche shrub"
"2819","ICHmk4/Wf01","+","Water sedge – Beaked sedge","Wf","wetland fen"
"2820","ICHmk4/Wf02","+","Scrub birch – Water sedge","Wf","wetland fen"
"2821","ICHmk4/Wf05","+","Slender sedge – Common hook moss","Wf","wetland fen"
"2822","ICHmk4/Wf11","+","Tufted clubrush – Star moss","Wf","wetland fen"
"2823","ICHmk4/Wm01","+","Beaked sedge – Water sedge","Wm","wetland marsh"
"2824","ICHmk4/Wm02","+","Water horsetail – Beaked sedge","Wm","wetland marsh"
"2825","ICHmk4/Wm04","+","Common spikerush","Wm","wetland marsh"
"2826","ICHmk4/Wm05","+","Cattail","Wm","wetland marsh"
"2827","ICHmk4/Wm06","+","Soft-stemmed bulrush","Wm","wetland marsh"
"2828","ICHmk4/Wm15","+","Bluejoint – Water sedge","Wm","wetland marsh"
"2829","ICHmk4/Ws02","+","Mountain alder – Pink spirea – Sitka sedge","Ws","wetland swamp"
"2830","ICHmk4/Ws03","+","Bebb's willow – Bluejoint","Ws","wetland swamp"
"2831","ICHmk4/Ws06","+","Sitka willow – Sitka sedge","Ws","wetland swamp"
"2832","ICHmk4/Ws07","+","Sxw – Horsetail – Leafy moss","Ws","wetland swamp"
"2833","ICHmk4/Ws07.1","+","Sxw – Horsetail – Leafy moss; Typic variation","Ws","wetland swamp"
"2834","ICHmk4/Ws07.2","+","Sxw – Horsetail – Leafy moss; Soft-leaved sedge variation","Ws","wetland swamp"
"2835","ICHmk5/101","+","CwSxw – Falsebox",NA,NA
"2836","ICHmk5/102","+","Fd – Juniper – Douglas' maple",NA,NA
"2837","ICHmk5/103","+","Fd – Juniper – Pinegrass – Showy aster",NA,NA
"2838","ICHmk5/104","+","Fd – Pinegrass – Showy aster",NA,NA
"2839","ICHmk5/110","+","CwSxw – Devil's club – Oak fern",NA,NA
"2840","ICHmk5/111","+","SxwBl – Dogwood – Sarsaparilla",NA,NA
"2841","ICHmk5/112","+","SxwBl(Cw) – Horsetail",NA,NA
"2842","ICHmm/01","+","HwCw – Spruce – Step moss",NA,NA
"2843","ICHmm/02","+","CwSxw – Soopolallie",NA,NA
"2844","ICHmm/03","+","HwCw – Step moss",NA,NA
"2845","ICHmm/04","+","CwHw – Oak fern",NA,NA
"2846","ICHmm/05","+","CwHw – Devil's club – Oak fern",NA,NA
"2847","ICHmm/06","+","CwSxw – Devil's club – Horsetail",NA,NA
"2848","ICHmm/07","+","SbPl – Bog-laurel – Sphagnum",NA,NA
"2849","ICHmm/08","+","CwSxw – Skunk cabbage – Sphagnum",NA,NA
"2850","ICHmw1/01","+","HwCw – Falsebox – Feather moss",NA,NA
"2851","ICHmw1/02","+","Pl – Juniper – Twinflower",NA,NA
"2852","ICHmw1/03","+","HwCw – Falsebox – Pipecleaner moss",NA,NA
"2853","ICHmw1/04","+","CwFd – Soopolallie – Douglas' maple",NA,NA
"2854","ICHmw1/05","+","CwHw – Devil's club – Lady fern",NA,NA
"2855","ICHmw1/06","+","CwHw – Oval-leaved blueberry – Oak fern",NA,NA
"2856","ICHmw1/07","+","CwHw – Horsetail",NA,NA
"2857","ICHmw1/Wf05","+","Slender sedge – Common hook moss","Wf","wetland fen"
"2858","ICHmw1/Wf11","+","Tufted clubrush – Star moss","Wf","wetland fen"
"2859","ICHmw2/101","+","HwCw – Falsebox",NA,NA
"2860","ICHmw2/102","+","Fd(Pl) – Falsebox – Pinegrass",NA,NA
"2861","ICHmw2/103","+","Fd – Douglas' maple – Falsebox",NA,NA
"2862","ICHmw2/110","+","CwHw – Oak fern",NA,NA
"2863","ICHmw2/111","+","CwHw – Devil's club – Lady fern",NA,NA
"2864","ICHmw2/111.1","+","CwHw – Devil's club – Lady fern",NA,NA
"2865","ICHmw2/111.2","+","CwHw – Lady fern – Oak fern",NA,NA
"2866","ICHmw2/113","+","CwHw – Horsetail – Lady fern",NA,NA
"2867","ICHmw2/114","+","CwSxw – Skunk cabbage",NA,NA
"2868","ICHmw2/Fl01","+","Mountain alder – Common horsetail","Fl","low fluvial bench"
"2869","ICHmw2/Fl02","+","Mountain alder – Red-osier dogwood – Lady fern","Fl","low fluvial bench"
"2870","ICHmw2/Fl04","+","Sitka willow – Red-osier dogwood – Horsetail","Fl","low fluvial bench"
"2871","ICHmw2/Fl06","+","Sandbar willow – Scouring-rush","Fl","low fluvial bench"
"2872","ICHmw2/Gb03","+","Ninebark – Oceanspray – Bluebunch wheatgrass","Gb","brushland"
"2873","ICHmw2/Gg11","+","Idaho fescue – Bluebunch wheatgrass – Junegrass","Gg","grassland "
"2874","ICHmw2/Ro05","+","Juniper – Kinnikinnick – Penstemon","Ro","rocky outcrop"
"2875","ICHmw2/Ro05.1","+","Juniper – Kinnikinnick – Penstemon","Ro","rocky outcrop"
"2876","ICHmw2/Ro09","+","Saskatoon – Rock moss – Clad lichen","Ro","rocky outcrop"
"2877","ICHmw2/Ro09.1","+","Saskatoon – Rock moss – Clad lichen","Ro","rocky outcrop"
"2878","ICHmw2/Ro09.2","+","Saskatoon – Poverty oatgrass – Rock moss – Clad lichen","Ro","rocky outcrop"
"2879","ICHmw2/Ro10","+","Huckleberry – Rock moss – Haircap moss","Ro","rocky outcrop"
"2880","ICHmw2/Rt01","+","Rocktripe – Green map","Rt","talus"
"2881","ICHmw2/Rt02","+","Rock moss – Clad lichen","Rt","talus"
"2882","ICHmw2/Rt03","+","Raspberry – Feather moss – Clad lichen","Rt","talus"
"2883","ICHmw2/Vh01","+","Cow parsnip – Fireweed – Nettle","Vh","avalanche herb"
"2884","ICHmw2/Vh01.1","+","Cow parsnip – Fireweed – Nettle","Vh","avalanche herb"
"2885","ICHmw2/Vh01.2","+","Cow parsnip – Fireweed – Bluejoint","Vh","avalanche herb"
"2886","ICHmw2/Vh03","+","Lady fern – Hellebore – Valerian","Vh","avalanche herb"
"2887","ICHmw2/Vh11","+","Fireweed – Yarrow – Strawberry","Vh","avalanche herb"
"2888","ICHmw2/Vs01","+","Sitka alder – Lady fern","Vs","avalanche shrub"
"2889","ICHmw2/Vs01.1","+","Sitka alder – Lady fern","Vs","avalanche shrub"
"2890","ICHmw2/Vs01.2","+","Sitka alder – Spiny wood fern","Vs","avalanche shrub"
"2891","ICHmw2/Vs02","+","Sitka alder – Solomon's-seal","Vs","avalanche shrub"
"2892","ICHmw2/Vs04","+","Sitka alder – Devil's club – Oak fern","Vs","avalanche shrub"
"2893","ICHmw2/Vs10","+","Willow – Cow parsnip – Fireweed","Vs","avalanche shrub"
"2894","ICHmw2/Vs10.1","+","Sitka willow – Cow parsnip – Fireweed","Vs","avalanche shrub"
"2895","ICHmw2/Vs10.2","+","Barclay's willow – Cow parsnip – Fireweed","Vs","avalanche shrub"
"2896","ICHmw2/Vs11","+","Thimbleberry – Cow parsnip – Fireweed","Vs","avalanche shrub"
"2897","ICHmw2/Vs12","+","Huckleberry – Rhododendron – Fireweed","Vs","avalanche shrub"
"2898","ICHmw2/Vs14","+","Saskatoon – Snowberry – Strawberry","Vs","avalanche shrub"
"2899","ICHmw2/Wf01","+","Water sedge – Beaked sedge","Wf","wetland fen"
"2900","ICHmw2/Wf05","+","Slender sedge – Common hook moss","Wf","wetland fen"
"2901","ICHmw2/Wm01","+","Beaked sedge – Water sedge","Wm","wetland marsh"
"2902","ICHmw2/Wm02","+","Water horsetail – Beaked sedge","Wm","wetland marsh"
"2903","ICHmw2/Wm04","+","Common spikerush","Wm","wetland marsh"
"2904","ICHmw2/Wm05","+","Cattail","Wm","wetland marsh"
"2905","ICHmw2/Wm06","+","Soft-stemmed bulrush","Wm","wetland marsh"
"2906","ICHmw2/Wm09","+","Inflated sedge","Wm","wetland marsh"
"2907","ICHmw2/Wm15","+","Bluejoint – Water sedge","Wm","wetland marsh"
"2908","ICHmw2/Ws01","+","Mountain alder – Skunk cabbage – Lady fern","Ws","wetland swamp"
"2909","ICHmw2/Ws02","+","Mountain alder – Pink spirea – Sitka sedge","Ws","wetland swamp"
"2910","ICHmw2/Ws06","+","Sitka willow – Sitka sedge","Ws","wetland swamp"
"2911","ICHmw2/Ws10","+","CwSxw – Skunk cabbage","Ws","wetland swamp"
"2912","ICHmw3/01","+","HwCw – Falsebox – Feather moss",NA,NA
"2913","ICHmw3/01$YC","+","HwCw – Feather moss",NA,NA
"2914","ICHmw3/02","+","Fd – Juniper – Cladina",NA,NA
"2915","ICHmw3/03","+","Fd – Pinegrass – Feather moss",NA,NA
"2916","ICHmw3/04","+","CwFd – Soopolallie – Twinflower",NA,NA
"2917","ICHmw3/05","+","CwFd – Falsebox",NA,NA
"2918","ICHmw3/06","+","CwHw – Oak fern",NA,NA
"2919","ICHmw3/08","+","CwSxw – Skunk cabbage",NA,NA
"2920","ICHmw3/09","+","Sedge – Sphagnum",NA,NA
"2921","ICHmw3/10","+","Sb – Buckbean – Peat moss",NA,NA
"2922","ICHmw3/Wf05","+","Slender sedge – Common hook moss","Wf","wetland fen"
"2923","ICHmw3/Wf11","+","Tufted clubrush – Star moss","Wf","wetland fen"
"2924","ICHmw3/Wm02","+","Water horsetail – Beaked sedge","Wm","wetland marsh"
"2925","ICHmw3/Wm09","+","Inflated sedge","Wm","wetland marsh"
"2926","ICHmw4/101","+","HwCw – Falsebox",NA,NA
"2927","ICHmw4/102","+","FdPl – Juniper – Kinnikinnick",NA,NA
"2928","ICHmw4/103","+","Fd – Douglas' maple – Falsebox",NA,NA
"2929","ICHmw4/104","+","FdCw – Falsebox – Prince's pine",NA,NA
"2930","ICHmw4/104.1","+","FdCw – Falsebox – Prince's pine",NA,NA
"2931","ICHmw4/104.2","+","FdCw – Falsebox – Bear-grass",NA,NA
"2932","ICHmw4/110","+","CwHw – Oak fern",NA,NA
"2933","ICHmw4/112","+","CwHw – Devil's club – Lady fern",NA,NA
"2934","ICHmw4/114","+","SxwCw – Horsetail – Lady fern",NA,NA
"2935","ICHmw4/Fl01","+","Mountain alder – Common horsetail","Fl","low fluvial bench"
"2936","ICHmw4/Fl02","+","Mountain alder – Red-osier dogwood – Lady fern","Fl","low fluvial bench"
"2937","ICHmw4/Fl04","+","Sitka willow – Red-osier dogwood – Horsetail","Fl","low fluvial bench"
"2938","ICHmw4/Gb03","+","Ninebark – Oceanspray – Bluebunch wheatgrass","Gb","brushland"
"2939","ICHmw4/Gg11","+","Idaho fescue – Bluebunch wheatgrass – Junegrass","Gg","grassland "
"2940","ICHmw4/Ro05","+","Juniper – Kinnikinnick – Penstemon","Ro","rocky outcrop"
"2941","ICHmw4/Ro05.1","+","Juniper – Kinnikinnick – Penstemon","Ro","rocky outcrop"
"2942","ICHmw4/Ro09","+","Saskatoon – Rock moss – Clad lichen","Ro","rocky outcrop"
"2943","ICHmw4/Ro09.1","+","Saskatoon – Rock moss – Clad lichen","Ro","rocky outcrop"
"2944","ICHmw4/Ro09.2","+","Saskatoon – Poverty oatgrass – Rock moss – Clad lichen","Ro","rocky outcrop"
"2945","ICHmw4/Ro10","+","Huckleberry – Rock moss – Haircap moss","Ro","rocky outcrop"
"2946","ICHmw4/Rt01","+","Rocktripe – Green map","Rt","talus"
"2947","ICHmw4/Rt02","+","Rock moss – Clad lichen","Rt","talus"
"2948","ICHmw4/Rt03","+","Raspberry – Feather moss – Clad lichen","Rt","talus"
"2949","ICHmw4/Vh01","+","Cow parsnip – Fireweed – Nettle","Vh","avalanche herb"
"2950","ICHmw4/Vh01.1","+","Cow parsnip – Fireweed – Nettle","Vh","avalanche herb"
"2951","ICHmw4/Vh01.2","+","Cow parsnip – Fireweed – Bluejoint","Vh","avalanche herb"
"2952","ICHmw4/Vh03","+","Lady fern – Hellebore – Valerian","Vh","avalanche herb"
"2953","ICHmw4/Vh10","+","Fireweed – Grouseberry","Vh","avalanche herb"
"2954","ICHmw4/Vh11","+","Fireweed – Yarrow – Strawberry","Vh","avalanche herb"
"2955","ICHmw4/Vs01","+","Sitka alder – Lady fern","Vs","avalanche shrub"
"2956","ICHmw4/Vs01.1","+","Sitka alder – Lady fern","Vs","avalanche shrub"
"2957","ICHmw4/Vs01.2","+","Sitka alder – Spiny wood fern","Vs","avalanche shrub"
"2958","ICHmw4/Vs02","+","Sitka alder – Solomon's-seal","Vs","avalanche shrub"
"2959","ICHmw4/Vs04","+","Sitka alder – Devil's club – Oak fern","Vs","avalanche shrub"
"2960","ICHmw4/Vs10","+","Willow – Cow parsnip – Fireweed","Vs","avalanche shrub"
"2961","ICHmw4/Vs10.1","+","Sitka willow – Cow parsnip – Fireweed","Vs","avalanche shrub"
"2962","ICHmw4/Vs10.2","+","Barclay's willow – Cow parsnip – Fireweed","Vs","avalanche shrub"
"2963","ICHmw4/Vs11","+","Thimbleberry – Cow parsnip – Fireweed","Vs","avalanche shrub"
"2964","ICHmw4/Vs13","+","Huckleberry – Bear-grass – Fireweed","Vs","avalanche shrub"
"2965","ICHmw4/Vs14","+","Saskatoon – Snowberry – Strawberry","Vs","avalanche shrub"
"2966","ICHmw4/Wf01","+","Water sedge – Beaked sedge","Wf","wetland fen"
"2967","ICHmw4/Wf05","+","Slender sedge – Common hook moss","Wf","wetland fen"
"2968","ICHmw4/Wm01","+","Beaked sedge – Water sedge","Wm","wetland marsh"
"2969","ICHmw4/Wm02","+","Water horsetail – Beaked sedge","Wm","wetland marsh"
"2970","ICHmw4/Wm04","+","Common spikerush","Wm","wetland marsh"
"2971","ICHmw4/Wm05","+","Cattail","Wm","wetland marsh"
"2972","ICHmw4/Wm15","+","Bluejoint – Water sedge","Wm","wetland marsh"
"2973","ICHmw4/Ws01","+","Mountain alder – Skunk cabbage – Lady fern","Ws","wetland swamp"
"2974","ICHmw4/Ws06","+","Sitka willow – Sitka sedge","Ws","wetland swamp"
"2975","ICHmw4/Ws10","+","CwSxw – Skunk cabbage","Ws","wetland swamp"
"2976","ICHmw5/101","+","HwCw – Falsebox",NA,NA
"2977","ICHmw5/102","+","FdPl – Juniper – Kinnikinnick",NA,NA
"2978","ICHmw5/103","+","Fd – Douglas' maple – Falsebox",NA,NA
"2979","ICHmw5/104","+","FdCw – Falsebox – Prince's pine",NA,NA
"2980","ICHmw5/110","+","CwHw – Oak fern",NA,NA
"2981","ICHmw5/111","+","CwHw – Devil's club – Lady fern",NA,NA
"2982","ICHmw5/111.1","+","CwHw – Devil's club – Lady fern",NA,NA
"2983","ICHmw5/111.2","+","CwHw – Lady fern – Oak fern",NA,NA
"2984","ICHmw5/112","+","Sxw(Hw) – Huckleberry – Oak fern",NA,NA
"2985","ICHmw5/113","+","CwSxw – Skunk cabbage",NA,NA
"2986","ICHmw5/Ff01","+","Water birch – Red-osier dogwood – Rose","Ff","fringe fluvial "
"2987","ICHmw5/Ff01a","+","Water birch – Red-osier dogwood – Rose; Fringe phase","Ff","fringe fluvial "
"2988","ICHmw5/Fl01","+","Mountain alder – Common horsetail","Fl","low fluvial bench"
"2989","ICHmw5/Fl02","+","Mountain alder – Red-osier dogwood – Lady fern","Fl","low fluvial bench"
"2990","ICHmw5/Fl04","+","Sitka willow – Red-osier dogwood – Horsetail","Fl","low fluvial bench"
"2991","ICHmw5/Fl05","+","Drummond's willow – Bluejoint","Fl","low fluvial bench"
"2992","ICHmw5/Gg11","+","Idaho fescue – Bluebunch wheatgrass – Junegrass","Gg","grassland "
"2993","ICHmw5/Gg11$2.1","+","Bluebunch wheatgrass – Junegrass – Sandberg's bluegrass","Gg","grassland "
"2994","ICHmw5/Gg11$2.4","+","Needle-and-thread grass – Cheatgrass","Gg","grassland "
"2995","ICHmw5/Ro05","+","Juniper – Kinnikinnick – Penstemon","Ro","rocky outcrop"
"2996","ICHmw5/Ro05.1","+","Juniper – Kinnikinnick – Penstemon","Ro","rocky outcrop"
"2997","ICHmw5/Ro09","+","Saskatoon – Rock moss – Clad lichen","Ro","rocky outcrop"
"2998","ICHmw5/Ro09.1","+","Saskatoon – Rock moss – Clad lichen","Ro","rocky outcrop"
"2999","ICHmw5/Ro09.2","+","Saskatoon – Poverty oatgrass – Rock moss – Clad lichen","Ro","rocky outcrop"
"3000","ICHmw5/Ro10","+","Huckleberry – Rock moss – Haircap moss","Ro","rocky outcrop"
"3001","ICHmw5/Rt01","+","Rocktripe – Green map","Rt","talus"
"3002","ICHmw5/Rt02","+","Rock moss – Clad lichen","Rt","talus"
"3003","ICHmw5/Rt03","+","Raspberry – Feather moss – Clad lichen","Rt","talus"
"3004","ICHmw5/Rt07","+","Aspen – Juniper – Rocktripe","Rt","talus"
"3005","ICHmw5/Rt07.1","+","Juniper – Rocktripe","Rt","talus"
"3006","ICHmw5/Rt07.2","+","Aspen – Juniper – Rocktripe; Juniper variation","Rt","talus"
"3007","ICHmw5/Rt08","+","Aspen – Douglas' maple – Saskatoon","Rt","talus"
"3008","ICHmw5/Vh01","+","Cow parsnip – Fireweed – Nettle","Vh","avalanche herb"
"3009","ICHmw5/Vh01.1","+","Cow parsnip – Fireweed – Nettle","Vh","avalanche herb"
"3010","ICHmw5/Vh01.2","+","Cow parsnip – Fireweed – Bluejoint","Vh","avalanche herb"
"3011","ICHmw5/Vh03","+","Lady fern – Hellebore – Valerian","Vh","avalanche herb"
"3012","ICHmw5/Vh10","+","Fireweed – Grouseberry","Vh","avalanche herb"
"3013","ICHmw5/Vh11","+","Fireweed – Yarrow – Strawberry","Vh","avalanche herb"
"3014","ICHmw5/Vs01","+","Sitka alder – Lady fern","Vs","avalanche shrub"
"3015","ICHmw5/Vs01.1","+","Sitka alder – Lady fern","Vs","avalanche shrub"
"3016","ICHmw5/Vs01.2","+","Sitka alder – Spiny wood fern","Vs","avalanche shrub"
"3017","ICHmw5/Vs02","+","Sitka alder – Solomon's-seal","Vs","avalanche shrub"
"3018","ICHmw5/Vs04","+","Sitka alder – Devil's club – Oak fern","Vs","avalanche shrub"
"3019","ICHmw5/Vs10","+","Willow – Cow parsnip – Fireweed","Vs","avalanche shrub"
"3020","ICHmw5/Vs10.1","+","Sitka willow – Cow parsnip – Fireweed","Vs","avalanche shrub"
"3021","ICHmw5/Vs10.2","+","Barclay's willow – Cow parsnip – Fireweed","Vs","avalanche shrub"
"3022","ICHmw5/Vs11","+","Thimbleberry – Cow parsnip – Fireweed","Vs","avalanche shrub"
"3023","ICHmw5/Vs12","+","Huckleberry – Rhododendron – Fireweed","Vs","avalanche shrub"
"3024","ICHmw5/Vs14","+","Saskatoon – Snowberry – Strawberry","Vs","avalanche shrub"
"3025","ICHmw5/Wb16","+","Sxw – Trapper's tea – Peat moss","Wb","wetland bog "
"3026","ICHmw5/Wf01","+","Water sedge – Beaked sedge","Wf","wetland fen"
"3027","ICHmw5/Wf04","+","Barclay's willow – Water sedge – Glow moss","Wf","wetland fen"
"3028","ICHmw5/Wf05","+","Slender sedge – Common hook moss","Wf","wetland fen"
"3029","ICHmw5/Wf11","+","Tufted clubrush – Star moss","Wf","wetland fen"
"3030","ICHmw5/Wm01","+","Beaked sedge – Water sedge","Wm","wetland marsh"
"3031","ICHmw5/Wm02","+","Water horsetail – Beaked sedge","Wm","wetland marsh"
"3032","ICHmw5/Wm04","+","Common spikerush","Wm","wetland marsh"
"3033","ICHmw5/Wm05","+","Cattail","Wm","wetland marsh"
"3034","ICHmw5/Wm06","+","Soft-stemmed bulrush","Wm","wetland marsh"
"3035","ICHmw5/Wm09","+","Inflated sedge","Wm","wetland marsh"
"3036","ICHmw5/Wm15","+","Bluejoint – Water sedge","Wm","wetland marsh"
"3037","ICHmw5/Ws01","+","Mountain alder – Skunk cabbage – Lady fern","Ws","wetland swamp"
"3038","ICHmw5/Ws02","+","Mountain alder – Pink spirea – Sitka sedge","Ws","wetland swamp"
"3039","ICHmw5/Ws04","+","Drummond's willow – Beaked sedge","Ws","wetland swamp"
"3040","ICHmw5/Ws06","+","Sitka willow – Sitka sedge","Ws","wetland swamp"
"3041","ICHmw5/Ws07","+","Sxw – Horsetail – Leafy moss","Ws","wetland swamp"
"3042","ICHmw5/Ws07.1","+","Sxw – Horsetail – Leafy moss; Typic variation","Ws","wetland swamp"
"3043","ICHmw5/Ws07.2","+","Sxw – Horsetail – Leafy moss; Soft-leaved sedge variation","Ws","wetland swamp"
"3044","ICHmw5/Ws10","+","CwSxw – Skunk cabbage","Ws","wetland swamp"
"3045","ICHvc/01","+","HwBl – Devil's club",NA,NA
"3046","ICHvc/01.1","+","HwBl – Devil's club; Hw variation",NA,NA
"3047","ICHvc/01.2","+","HwBl – Devil's club; Bl variation",NA,NA
"3048","ICHvc/02","+","Hw – Step moss",NA,NA
"3049","ICHvc/02.1","+","Hw – Step moss; Hw variation",NA,NA
"3050","ICHvc/02.2","+","Hw – Step moss; Bl variation",NA,NA
"3051","ICHvc/03a","+","Sx – Devil's club; Fluvial",NA,NA
"3052","ICHvc/03b","+","Sx – Devil's club; Morainal",NA,NA
"3053","ICHvc/07","+","Hw – Cloudberry – Peat moss",NA,NA
"3054","ICHvc/51","+","Sitka alder – Devil's club",NA,NA
"3055","ICHvc/52","+","Mountain alder – Lady fern",NA,NA
"3056","ICHvc/Fl01","+","Mountain alder – Common horsetail","Fl","low fluvial bench"
"3057","ICHvc/Wb13","+","Shore sedge – Buckbean – Peat moss","Wb","wetland bog "
"3058","ICHvc/Wf01","+","Water sedge – Beaked sedge","Wf","wetland fen"
"3059","ICHvc/Wf51","+","Sitka sedge – Peat mosses","Wf","wetland fen"
"3060","ICHvc/Wm09","+","Inflated sedge","Wm","wetland marsh"
"3061","ICHvc/Ws02","+","Mountain alder – Pink spirea – Sitka sedge","Ws","wetland swamp"
"3062","ICHvc/Ws04","+","Drummond's willow – Beaked sedge","Ws","wetland swamp"
"3063","ICHvk1/01","+","CwHw – Devil's club – Lady fern",NA,NA
"3064","ICHvk1/02","+","HwCw – Falsebox – Feather moss",NA,NA
"3065","ICHvk1/03","+","HwCw – Falsebox – Feather moss",NA,NA
"3066","ICHvk1/04","+","CwHw – Oak fern – Spiny wood fern",NA,NA
"3067","ICHvk1/05","+","CwSxw – Devil's club – Horsetail",NA,NA
"3068","ICHvk1/06","+","CwSxw – Skunk cabbage",NA,NA
"3069","ICHvk1/Fl01","+","Mountain alder – Common horsetail","Fl","low fluvial bench"
"3070","ICHvk1/Wf05","+","Slender sedge – Common hook moss","Wf","wetland fen"
"3071","ICHvk1/Wf11","+","Tufted clubrush – Star moss","Wf","wetland fen"
"3072","ICHvk1/Ws06","+","Sitka willow – Sitka sedge","Ws","wetland swamp"
"3073","ICHvk2/01","+","CwHw – Devil's club – Lady fern",NA,NA
"3074","ICHvk2/02","+","HwCw – Cladonia",NA,NA
"3075","ICHvk2/03","+","HwCw – Step moss",NA,NA
"3076","ICHvk2/04","+","CwHw – Oak fern",NA,NA
"3077","ICHvk2/06","+","CwSxw – Skunk cabbage",NA,NA
"3078","ICHvk2/08","+","Pl – Bog-rosemary – Peat moss",NA,NA
"3079","ICHvk2/09","+","Sb – Buckbean – Peat moss",NA,NA
"3080","ICHvk2/10","+","Sb – Skunk cabbage – Peat moss",NA,NA
"3081","ICHvk2/Wf02","+","Scrub birch – Water sedge","Wf","wetland fen"
"3082","ICHvk2/Ws01","+","Mountain alder – Skunk cabbage – Lady fern","Ws","wetland swamp"
"3083","ICHwc/01","+","HwBl – Oak fern",NA,NA
"3084","ICHwc/02","+","HwPl – Feather moss – Cladonia",NA,NA
"3085","ICHwc/03","+","Hw – Step moss",NA,NA
"3086","ICHwc/04","+","HwBl – Devil's club",NA,NA
"3087","ICHwc/08","+","Sx – Horsetail",NA,NA
"3088","ICHwc/09","+","Hw – Cloudberry – Peat moss",NA,NA
"3089","ICHwc/10","+","Pl – Water sedge – Peat mosses",NA,NA
"3090","ICHwc/51","+","Sitka alder – Devil's club",NA,NA
"3091","ICHwc/52","+","Mountain alder – Lady fern",NA,NA
"3092","ICHwc/Wf01","+","Water sedge – Beaked sedge","Wf","wetland fen"
"3093","ICHwc/Wf51","+","Sitka sedge – Peat mosses","Wf","wetland fen"
"3094","ICHwk1/01","+","CwHw – Oak fern",NA,NA
"3095","ICHwk1/02","+","Racomitrium – Cladonia",NA,NA
"3096","ICHwk1/03","+","PlHw – Velvet-leaved blueberry",NA,NA
"3097","ICHwk1/04","+","HwCw – Falsebox – Feather moss",NA,NA
"3098","ICHwk1/05","+","CwHw – Devil's club – Lady fern",NA,NA
"3099","ICHwk1/07","+","CwSxw – Skunk cabbage",NA,NA
"3100","ICHwk1/08","+","Sedge – Sphagnum",NA,NA
"3101","ICHwk1/09","+","Sedge – Sphagnum",NA,NA
"3102","ICHwk1/Fl02","+","Mountain alder – Red-osier dogwood – Lady fern","Fl","low fluvial bench"
"3103","ICHwk1/Wf05","+","Slender sedge – Common hook moss","Wf","wetland fen"
"3104","ICHwk1/Wf06","+","Slender sedge – Buckbean","Wf","wetland fen"
"3105","ICHwk1/Wm01","+","Beaked sedge – Water sedge","Wm","wetland marsh"
"3106","ICHwk1/Wm06","+","Soft-stemmed bulrush","Wm","wetland marsh"
"3107","ICHwk1/Wm09","+","Inflated sedge","Wm","wetland marsh"
"3108","ICHwk1/Wm51","+","Three-way marsh-sedge","Wm","wetland marsh"
"3109","ICHwk1/Ws02","+","Mountain alder – Pink spirea – Sitka sedge","Ws","wetland swamp"
"3110","ICHwk2/01","+","CwHw – Oak fern",NA,NA
"3111","ICHwk2/01a","+","CwHw – Oak fern; Typic",NA,NA
"3112","ICHwk2/01b","+","CwHw – Oak fern; Moist",NA,NA
"3113","ICHwk2/02","+","HwCw – Cladonia",NA,NA
"3114","ICHwk2/03","+","CwFd – Juniper – Falsebox",NA,NA
"3115","ICHwk2/04","+","HwCw – Step moss",NA,NA
"3116","ICHwk2/07","+","CwHw – Devil's club – Lady fern",NA,NA
"3117","ICHwk2/08","+","CwSxw – Skunk cabbage",NA,NA
"3118","ICHwk2/09","+","Pl – Water sedge – Peat mosses",NA,NA
"3119","ICHwk2/10","+","Pl – Few-flowered sedge – Peat moss",NA,NA
"3120","ICHwk2/Wb13","+","Shore sedge – Buckbean – Peat moss","Wb","wetland bog "
"3121","ICHwk2/Wf02","+","Scrub birch – Water sedge","Wf","wetland fen"
"3122","ICHwk2/Wf05","+","Slender sedge – Common hook moss","Wf","wetland fen"
"3123","ICHwk2/Wm01","+","Beaked sedge – Water sedge","Wm","wetland marsh"
"3124","ICHwk3/01","+","CwHw – Oak fern",NA,NA
"3125","ICHwk3/02","+","Hw – Azalea – Cladonia",NA,NA
"3126","ICHwk3/03","+","CwSxw – Prince's pine – Cat's-tail moss",NA,NA
"3127","ICHwk3/04","+","HwCw – Step moss",NA,NA
"3128","ICHwk3/05","+","CwHw – Devil's club – Lady fern",NA,NA
"3129","ICHwk3/06","+","CwSxw – Devil's club – Horsetail",NA,NA
"3130","ICHwk3/07","+","Hw – Wood horsetail – Sphagnum",NA,NA
"3131","ICHwk3/08","+","PlSb – Sedge – Sphagnum",NA,NA
"3132","ICHwk3/09","+","CwSxw – Skunk cabbage",NA,NA
"3133","ICHwk3/10","+","Pl – Bog-rosemary – Peat moss",NA,NA
"3134","ICHwk3/11","+","Sb – Buckbean – Peat moss",NA,NA
"3135","ICHwk3/Wf02","+","Scrub birch – Water sedge","Wf","wetland fen"
"3136","ICHwk4/01","+","CwHw – Oak fern",NA,NA
"3137","ICHwk4/01a","+","CwHw – Oak fern; Typic",NA,NA
"3138","ICHwk4/01b","+","CwHw – Oak fern; Moist",NA,NA
"3139","ICHwk4/02","+","HwCw – Cladonia",NA,NA
"3140","ICHwk4/03","+","CwSxw – Soopolallie",NA,NA
"3141","ICHwk4/05","+","HwCw – Step moss",NA,NA
"3142","ICHwk4/07","+","CwHw – Devil's club – Lady fern",NA,NA
"3143","ICHwk4/09","+","Labrador tea – Sedge – Sphagnum",NA,NA
"3144","ICHwk4/Fl02","+","Mountain alder – Red-osier dogwood – Lady fern","Fl","low fluvial bench"
"3145","ICHwk4/Wf02","+","Scrub birch – Water sedge","Wf","wetland fen"
"3146","ICHwk4/Wm02","+","Water horsetail – Beaked sedge","Wm","wetland marsh"
"3147","ICHwk4/Wm09","+","Inflated sedge","Wm","wetland marsh"
"3148","ICHxm1/101","+","FdCw – Falsebox – Prince's pine",NA,NA
"3149","ICHxm1/102","+","Py – Juniper – Penstemon – Bluebunch wheatgrass",NA,NA
"3150","ICHxm1/103","+","FdPy – Oregon-grape – Bluebunch wheatgrass",NA,NA
"3151","ICHxm1/104","+","Fd – Falsebox – Pinegrass",NA,NA
"3152","ICHxm1/104.1","+","Fd – Falsebox – Pinegrass",NA,NA
"3153","ICHxm1/104.2","+","Fd – Oceanspray – Pinegrass",NA,NA
"3154","ICHxm1/110","+","CwFd – Thimbleberry – Sarsaparilla",NA,NA
"3155","ICHxm1/111","+","Cw – Devil's club – Baneberry",NA,NA
"3156","ICHxm1/112","+","CwSxw – Skunk cabbage",NA,NA
"3157","ICHxm1/Ff01","+","Water birch – Red-osier dogwood – Rose","Ff","fringe fluvial "
"3158","ICHxm1/Ff01a","+","Water birch – Red-osier dogwood – Rose; Fringe phase","Ff","fringe fluvial "
"3159","ICHxm1/Fl01","+","Mountain alder – Common horsetail","Fl","low fluvial bench"
"3160","ICHxm1/Fl02","+","Mountain alder – Red-osier dogwood – Lady fern","Fl","low fluvial bench"
"3161","ICHxm1/Fl04","+","Sitka willow – Red-osier dogwood – Horsetail","Fl","low fluvial bench"
"3162","ICHxm1/Fl05","+","Drummond's willow – Bluejoint","Fl","low fluvial bench"
"3163","ICHxm1/Fl06","+","Sandbar willow – Scouring-rush","Fl","low fluvial bench"
"3164","ICHxm1/Fm05","+","Cottonwood – Douglas-fir – Douglas' maple – Snowberry","Fm","mid fluvial bench"
"3165","ICHxm1/Gb03","+","Ninebark – Oceanspray – Bluebunch wheatgrass","Gb","brushland"
"3166","ICHxm1/Gg02","+","Bluebunch wheatgrass – Balsamroot","Gg","grassland "
"3167","ICHxm1/Gg02$2.3","+","Needle-and-thread grass – Cheatgrass","Gg","grassland "
"3168","ICHxm1/Gg11","+","Idaho fescue – Bluebunch wheatgrass – Junegrass","Gg","grassland "
"3169","ICHxm1/Gg11$2.1","+","Bluebunch wheatgrass – Junegrass – Sandberg's bluegrass","Gg","grassland "
"3170","ICHxm1/Gg11$2.4","+","Needle-and-thread grass – Cheatgrass","Gg","grassland "
"3171","ICHxm1/Ro01","+","Selaginella – Bluebunch wheatgrass – Screw moss","Ro","rocky outcrop"
"3172","ICHxm1/Ro01.1","+","Selaginella – Bluebunch wheatgrass – Screw moss","Ro","rocky outcrop"
"3173","ICHxm1/Ro01.2","+","Selaginella – Screw moss","Ro","rocky outcrop"
"3174","ICHxm1/Ro05","+","Juniper – Kinnikinnick – Penstemon","Ro","rocky outcrop"
"3175","ICHxm1/Ro05.1","+","Juniper – Kinnikinnick – Penstemon","Ro","rocky outcrop"
"3176","ICHxm1/Ro09","+","Saskatoon – Rock moss – Clad lichen","Ro","rocky outcrop"
"3177","ICHxm1/Ro09.1","+","Saskatoon – Rock moss – Clad lichen","Ro","rocky outcrop"
"3178","ICHxm1/Ro09.2","+","Saskatoon – Poverty oatgrass – Rock moss – Clad lichen","Ro","rocky outcrop"
"3179","ICHxm1/Rt02","+","Rock moss – Clad lichen","Rt","talus"
"3180","ICHxm1/Rt04","+","Saskatoon – Bluebunch wheatgrass","Rt","talus"
"3181","ICHxm1/Rt06","+","Saskatoon – Mock-orange – Bluebunch wheatgrass","Rt","talus"
"3182","ICHxm1/Rt07","+","Aspen – Juniper – Rocktripe","Rt","talus"
"3183","ICHxm1/Rt07.1","+","Aspen – Juniper – Rocktripe; Aspen variation","Rt","talus"
"3184","ICHxm1/Rt07.2","+","Juniper – Rocktripe","Rt","talus"
"3185","ICHxm1/Rt08","+","Aspen – Douglas' maple – Saskatoon","Rt","talus"
"3186","ICHxm1/Wf01","+","Water sedge – Beaked sedge","Wf","wetland fen"
"3187","ICHxm1/Wf05","+","Slender sedge – Common hook moss","Wf","wetland fen"
"3188","ICHxm1/Wm01","+","Beaked sedge – Water sedge","Wm","wetland marsh"
"3189","ICHxm1/Wm02","+","Water horsetail – Beaked sedge","Wm","wetland marsh"
"3190","ICHxm1/Wm04","+","Common spikerush","Wm","wetland marsh"
"3191","ICHxm1/Wm05","+","Cattail","Wm","wetland marsh"
"3192","ICHxm1/Wm06","+","Soft-stemmed bulrush","Wm","wetland marsh"
"3193","ICHxm1/Wm09","+","Inflated sedge","Wm","wetland marsh"
"3194","ICHxm1/Wm14","+","Common reed","Wm","wetland marsh"
"3195","ICHxm1/Ws01","+","Mountain alder – Skunk cabbage – Lady fern","Ws","wetland swamp"
"3196","ICHxm1/Ws02","+","Mountain alder – Pink spirea – Sitka sedge","Ws","wetland swamp"
"3197","ICHxm1/Ws04","+","Drummond's willow – Beaked sedge","Ws","wetland swamp"
"3198","ICHxm1/Ws07","+","Sxw – Horsetail – Leafy moss","Ws","wetland swamp"
"3199","ICHxm1/Ws07.1","+","Sxw – Horsetail – Leafy moss; Typic variation","Ws","wetland swamp"
"3200","ICHxm1/Ws07.2","+","Sxw – Horsetail – Leafy moss; Soft-leaved sedge variation","Ws","wetland swamp"
"3201","ICHxm1/Ws10","+","CwSxw – Skunk cabbage","Ws","wetland swamp"
"3202","ICHxw/101","+","CwFd – Hazelnut – Sarsaparilla",NA,NA
"3203","ICHxw/102","+","FdPy – Oceanspray – Bluebunch wheatgrass",NA,NA
"3204","ICHxw/103","+","FdPy – Oregon-grape – Pinegrass",NA,NA
"3205","ICHxw/104","+","Fd(Py) – Douglas' maple – Pinegrass",NA,NA
"3206","ICHxw/110","+","CwHw – Foamflower",NA,NA
"3207","ICHxw/111","+","CwHw – Oak fern",NA,NA
"3208","ICHxw/112","+","CwHw – Horsetail – Lady fern",NA,NA
"3209","ICHxw/113","+","CwSxw – Skunk cabbage",NA,NA
"3210","ICHxw/Fl06","+","Sandbar willow – Scouring-rush","Fl","low fluvial bench"
"3211","ICHxw/Gb03","+","Ninebark – Oceanspray – Bluebunch wheatgrass","Gb","brushland"
"3212","ICHxw/Gb05","+","Sumac – Bluebunch wheatgrass","Gb","brushland"
"3213","ICHxw/Gb06","+","Snowbrush – Poverty oatgrass","Gb","brushland"
"3214","ICHxw/Gg11","+","Idaho fescue – Bluebunch wheatgrass – Junegrass","Gg","grassland "
"3215","ICHxw/Ro05","+","Juniper – Kinnikinnick – Penstemon","Ro","rocky outcrop"
"3216","ICHxw/Ro05.1","+","Juniper – Kinnikinnick – Penstemon","Ro","rocky outcrop"
"3217","ICHxw/Ro09","+","Saskatoon – Rock moss – Clad lichen","Ro","rocky outcrop"
"3218","ICHxw/Ro09.1","+","Saskatoon – Rock moss – Clad lichen","Ro","rocky outcrop"
"3219","ICHxw/Ro09.2","+","Saskatoon – Poverty oatgrass – Rock moss – Clad lichen","Ro","rocky outcrop"
"3220","ICHxw/Rt01","+","Rocktripe – Green map","Rt","talus"
"3221","ICHxw/Rt02","+","Rock moss – Clad lichen","Rt","talus"
"3222","ICHxw/Rt03","+","Raspberry – Feather moss – Clad lichen","Rt","talus"
"3223","ICHxw/Rt06","+","Saskatoon – Mock-orange – Bluebunch wheatgrass","Rt","talus"
"3224","ICHxw/Rt08","+","Aspen – Douglas' maple – Saskatoon","Rt","talus"
"3225","ICHxw/Wf01","+","Water sedge – Beaked sedge","Wf","wetland fen"
"3226","ICHxw/Wf05","+","Slender sedge – Common hook moss","Wf","wetland fen"
"3227","ICHxw/Wm01","+","Beaked sedge – Water sedge","Wm","wetland marsh"
"3228","ICHxw/Wm02","+","Water horsetail – Beaked sedge","Wm","wetland marsh"
"3229","ICHxw/Wm04","+","Common spikerush","Wm","wetland marsh"
"3230","ICHxw/Wm05","+","Cattail","Wm","wetland marsh"
"3231","ICHxw/Wm06","+","Soft-stemmed bulrush","Wm","wetland marsh"
"3232","ICHxw/Wm09","+","Inflated sedge","Wm","wetland marsh"
"3233","ICHxw/Ws01","+","Mountain alder – Skunk cabbage – Lady fern","Ws","wetland swamp"
"3234","ICHxw/Ws06","+","Sitka willow – Sitka sedge","Ws","wetland swamp"
"3235","ICHxw/Ws10","+","CwSxw – Skunk cabbage","Ws","wetland swamp"
"3236","ICHxwa/101","+","CwFd – Hazelnut – Sarsaparilla",NA,NA
"3237","ICHxwa/102","+","FdPy – Oceanspray – Bluebunch wheatgrass",NA,NA
"3238","ICHxwa/103","+","FdPy – Oregon-grape – Pinegrass",NA,NA
"3239","ICHxwa/104","+","Fd(Py) – Douglas' maple – Pinegrass",NA,NA
"3240","ICHxwa/110","+","CwHw – Foamflower",NA,NA
"3241","ICHxwa/111","+","CwHw – Oak fern",NA,NA
"3242","ICHxwa/112","+","CwHw – Horsetail – Lady fern",NA,NA
"3243","ICHxwa/113","+","CwSxw – Skunk cabbage",NA,NA
"3244","ICHxwa/Fl06","+","Sandbar willow – Scouring-rush","Fl","low fluvial bench"
"3245","ICHxwa/Gb03","+","Ninebark – Oceanspray – Bluebunch wheatgrass","Gb","brushland"
"3246","ICHxwa/Gb05","+","Sumac – Bluebunch wheatgrass","Gb","brushland"
"3247","ICHxwa/Gb06","+","Snowbrush – Poverty oatgrass","Gb","brushland"
"3248","ICHxwa/Gg11","+","Idaho fescue – Bluebunch wheatgrass – Junegrass","Gg","grassland "
"3249","ICHxwa/Ro05","+","Juniper – Kinnikinnick – Penstemon","Ro","rocky outcrop"
"3250","ICHxwa/Ro05.1","+","Juniper – Kinnikinnick – Penstemon","Ro","rocky outcrop"
"3251","ICHxwa/Ro09","+","Saskatoon – Rock moss – Clad lichen","Ro","rocky outcrop"
"3252","ICHxwa/Ro09.1","+","Saskatoon – Rock moss – Clad lichen","Ro","rocky outcrop"
"3253","ICHxwa/Ro09.2","+","Saskatoon – Poverty oatgrass – Rock moss – Clad lichen","Ro","rocky outcrop"
"3254","ICHxwa/Rt01","+","Rocktripe – Green map","Rt","talus"
"3255","ICHxwa/Rt02","+","Rock moss – Clad lichen","Rt","talus"
"3256","ICHxwa/Rt03","+","Raspberry – Feather moss – Clad lichen","Rt","talus"
"3257","ICHxwa/Rt06","+","Saskatoon – Mock-orange – Bluebunch wheatgrass","Rt","talus"
"3258","ICHxwa/Rt08","+","Aspen – Douglas' maple – Saskatoon","Rt","talus"
"3259","ICHxwa/Wf01","+","Water sedge – Beaked sedge","Wf","wetland fen"
"3260","ICHxwa/Wf05","+","Slender sedge – Common hook moss","Wf","wetland fen"
"3261","ICHxwa/Wm01","+","Beaked sedge – Water sedge","Wm","wetland marsh"
"3262","ICHxwa/Wm02","+","Water horsetail – Beaked sedge","Wm","wetland marsh"
"3263","ICHxwa/Wm04","+","Common spikerush","Wm","wetland marsh"
"3264","ICHxwa/Wm05","+","Cattail","Wm","wetland marsh"
"3265","ICHxwa/Wm06","+","Soft-stemmed bulrush","Wm","wetland marsh"
"3266","ICHxwa/Wm09","+","Inflated sedge","Wm","wetland marsh"
"3267","ICHxwa/Ws01","+","Mountain alder – Skunk cabbage – Lady fern","Ws","wetland swamp"
"3268","ICHxwa/Ws06","+","Sitka willow – Sitka sedge","Ws","wetland swamp"
"3269","ICHxwa/Ws10","+","CwSxw – Skunk cabbage","Ws","wetland swamp"
"3270","IDFdh/101","+","FdLw – Ninebark – Pinegrass",NA,NA
"3271","IDFdh/102","+","PyFd – Ninebark – Selaginella",NA,NA
"3272","IDFdh/103","+","PyFd – Snowberry – Bluebunch wheatgrass",NA,NA
"3273","IDFdh/104","+","FdPy – Snowberry – Pinegrass",NA,NA
"3274","IDFdh/104.1","+","FdPy – Snowberry – Pinegrass",NA,NA
"3275","IDFdh/104.2","+","FdPy – Snowberry – Ninebark",NA,NA
"3276","IDFdh/110","+","Fd(Lw) – Douglas' maple – Sarsaparilla",NA,NA
"3277","IDFdh/111","+","Sxw – Douglas' maple – Oak fern",NA,NA
"3278","IDFdh/Ff01","+","Water birch – Red-osier dogwood – Rose","Ff","fringe fluvial "
"3279","IDFdh/Ff01a","+","Water birch – Red-osier dogwood – Rose; Fringe phase","Ff","fringe fluvial "
"3280","IDFdh/Ff01b","+","Water birch – Red-osier dogwood – Rose; Grassland draw phase","Ff","fringe fluvial "
"3281","IDFdh/Fl03","+","Pacific willow – Red-osier dogwood – Horsetail","Fl","low fluvial bench"
"3282","IDFdh/Fl06","+","Sandbar willow – Scouring-rush","Fl","low fluvial bench"
"3283","IDFdh/Fm05","+","Cottonwood – Douglas-fir – Douglas' maple – Snowberry","Fm","mid fluvial bench"
"3284","IDFdh/Ga03","+","Field sedge","Ga","alkaline meadow"
"3285","IDFdh/Ga03$2","+","Field sedge","Ga","alkaline meadow"
"3286","IDFdh/Gb03","+","Ninebark – Oceanspray – Bluebunch wheatgrass","Gb","brushland"
"3287","IDFdh/Gb04","+","Choke cherry – Snowberry – Bluebunch wheatgrass","Gb","brushland"
"3288","IDFdh/Gg01","+","Bluebunch wheatgrass – Prairie sagewort – Junegrass","Gg","grassland "
"3289","IDFdh/Gg02","+","Bluebunch wheatgrass – Balsamroot","Gg","grassland "
"3290","IDFdh/Gg02$2.3","+","Needle-and-thread grass – Cheatgrass","Gg","grassland "
"3291","IDFdh/Gg10","+","Rough fescue – Bluebunch wheatgrass","Gg","grassland "
"3292","IDFdh/Gg11","+","Idaho fescue – Bluebunch wheatgrass – Junegrass","Gg","grassland "
"3293","IDFdh/Gg11$2.1","+","Bluebunch wheatgrass – Junegrass – Sandberg's bluegrass","Gg","grassland "
"3294","IDFdh/Gg11$2.4","+","Needle-and-thread grass – Cheatgrass","Gg","grassland "
"3295","IDFdh/Gg13","+","Idaho fescue – Silky lupine","Gg","grassland "
"3296","IDFdh/Gg13$2.2","+","Bluebunch wheatgrass – Junegrass – Sandberg's bluegrass","Gg","grassland "
"3297","IDFdh/Gg13$2.3","+","Needle-and-thread grass – Yellow salsify","Gg","grassland "
"3298","IDFdh/Gg13$2.5","+","Cheatgrass – Columbia needlegrass","Gg","grassland "
"3299","IDFdh/Gg26","+","Red three-awn – Needle-and-thread grass","Gg","grassland "
"3300","IDFdh/Ro01","+","Selaginella – Bluebunch wheatgrass – Screw moss","Ro","rocky outcrop"
"3301","IDFdh/Ro01.1","+","Selaginella – Bluebunch wheatgrass – Screw moss","Ro","rocky outcrop"
"3302","IDFdh/Ro01.2","+","Selaginella – Screw moss","Ro","rocky outcrop"
"3303","IDFdh/Ro04","+","Big sagebrush – Selaginella – Bluebunch wheatgrass","Ro","rocky outcrop"
"3304","IDFdh/Ro04.1","+","Big sagebrush – Selaginella – Bluebunch wheatgrass","Ro","rocky outcrop"
"3305","IDFdh/Ro04.2","+","Rabbit-brush – Big sagebrush – Selaginella – Bluebunch wheatgrass","Ro","rocky outcrop"
"3306","IDFdh/Rt01","+","Rocktripe – Green map","Rt","talus"
"3307","IDFdh/Rt04","+","Saskatoon – Bluebunch wheatgrass","Rt","talus"
"3308","IDFdh/Rt06","+","Saskatoon – Mock-orange – Bluebunch wheatgrass","Rt","talus"
"3309","IDFdh/Wm01","+","Beaked sedge – Water sedge","Wm","wetland marsh"
"3310","IDFdh/Wm03","+","Awned sedge","Wm","wetland marsh"
"3311","IDFdh/Wm04","+","Common spikerush","Wm","wetland marsh"
"3312","IDFdh/Wm05","+","Cattail","Wm","wetland marsh"
"3313","IDFdh/Wm06","+","Soft-stemmed bulrush","Wm","wetland marsh"
"3314","IDFdh/Wm07","+","Baltic rush","Wm","wetland marsh"
"3315","IDFdh/Wm12","+","Woolly sedge","Wm","wetland marsh"
"3316","IDFdh/Wm14","+","Common reed","Wm","wetland marsh"
"3317","IDFdk1/101","+","FdPl – Pinegrass – Feather moss",NA,NA
"3318","IDFdk1/102","+","Fd – Juniper – Kinnikinnick",NA,NA
"3319","IDFdk1/104","+","Fd(Pl) – Pinegrass – Kinnikinnick",NA,NA
"3320","IDFdk1/110","+","SxwFd – Gooseberry – Feather moss",NA,NA
"3321","IDFdk1/111","+","Sxw – Dogwood – Horsetail",NA,NA
"3322","IDFdk1/Ff04","+","Aspen – Snowberry – Roses","Ff","fringe fluvial "
"3323","IDFdk1/Fm05","+","Cottonwood – Douglas-fir – Douglas' maple – Snowberry","Fm","mid fluvial bench"
"3324","IDFdk1/Ga01","+","Saltgrass","Ga","alkaline meadow"
"3325","IDFdk1/Ga01.1","+","Saltgrass","Ga","alkaline meadow"
"3326","IDFdk1/Ga02","+","Nuttall's alkaligrass – Foxtail barley","Ga","alkaline meadow"
"3327","IDFdk1/Ga02.1","+","Nuttall's alkaligrass – Foxtail barley","Ga","alkaline meadow"
"3328","IDFdk1/Ga02.2","+","Foxtail barley – Nuttall's alkaligrass","Ga","alkaline meadow"
"3329","IDFdk1/Ga03","+","Field sedge","Ga","alkaline meadow"
"3330","IDFdk1/Ga03$2","+","Field sedge","Ga","alkaline meadow"
"3331","IDFdk1/Gb02","+","Saskatoon – Snowberry – Bluebunch wheatgrass","Gb","brushland"
"3332","IDFdk1/Gg02","+","Bluebunch wheatgrass – Balsamroot","Gg","grassland "
"3333","IDFdk1/Gg02$2.3","+","Needle-and-thread grass – Cheatgrass","Gg","grassland "
"3334","IDFdk1/Gg10$2.1","+","Bluebunch wheatgrass – Junegrass – Sandberg's bluegrass","Gg","grassland "
"3335","IDFdk1/Gg11","+","Idaho fescue – Bluebunch wheatgrass – Junegrass","Gg","grassland "
"3336","IDFdk1/Gg12","+","Rough fescue – Yarrow – Three-flowered avens","Gg","grassland "
"3337","IDFdk1/Gg12$2.1","+","Rough fescue – Bluebunch wheatgrass – Yellow salsify","Gg","grassland "
"3338","IDFdk1/Gg12$2.2","+","Spreading needlegrass – Rough fescue – Kentucky bluegrass","Gg","grassland "
"3339","IDFdk1/Gg12$2.3","+","Spreading needlegrass – Columbia needlegrass","Gg","grassland "
"3340","IDFdk1/Gg12$2.5","+","Kentucky bluegrass – Yarrow","Gg","grassland "
"3341","IDFdk1/Gg12.1","+","Rough fescue – Yarrow – Three-flowered avens","Gg","grassland "
"3342","IDFdk1/Gg13","+","Idaho fescue – Silky lupine","Gg","grassland "
"3343","IDFdk1/Gg13$2.1","+","Spreading needlegrass – Idaho fescue – Pinegrass","Gg","grassland "
"3344","IDFdk1/Ro01","+","Selaginella – Bluebunch wheatgrass – Screw moss","Ro","rocky outcrop"
"3345","IDFdk1/Ro01.1","+","Selaginella – Bluebunch wheatgrass – Screw moss","Ro","rocky outcrop"
"3346","IDFdk1/Ro01.2","+","Selaginella – Screw moss","Ro","rocky outcrop"
"3347","IDFdk1/Ro04","+","Big sagebrush – Selaginella – Bluebunch wheatgrass","Ro","rocky outcrop"
"3348","IDFdk1/Ro04.1","+","Big sagebrush – Selaginella – Bluebunch wheatgrass","Ro","rocky outcrop"
"3349","IDFdk1/Ro05","+","Juniper – Kinnikinnick – Penstemon","Ro","rocky outcrop"
"3350","IDFdk1/Ro05.1","+","Juniper – Kinnikinnick – Penstemon","Ro","rocky outcrop"
"3351","IDFdk1/Ro05.2","+","Juniper – Kinnikinnick – Penstemon – Screw moss","Ro","rocky outcrop"
"3352","IDFdk1/Rt01","+","Rocktripe – Green map","Rt","talus"
"3353","IDFdk1/Rt07","+","Aspen – Juniper – Rocktripe","Rt","talus"
"3354","IDFdk1/Rt07.1","+","Aspen – Juniper – Rocktripe; Aspen variation","Rt","talus"
"3355","IDFdk1/Rt07.2","+","Juniper – Rocktripe","Rt","talus"
"3356","IDFdk1/Wf01","+","Water sedge – Beaked sedge","Wf","wetland fen"
"3357","IDFdk1/Wf06","+","Slender sedge – Buckbean","Wf","wetland fen"
"3358","IDFdk1/Wf08","+","Shore sedge – Buckbean – Hook moss","Wf","wetland fen"
"3359","IDFdk1/Wm02","+","Water horsetail – Beaked sedge","Wm","wetland marsh"
"3360","IDFdk1/Wm05","+","Cattail","Wm","wetland marsh"
"3361","IDFdk1/Wm07","+","Baltic rush","Wm","wetland marsh"
"3362","IDFdk1/Wm08","+","Three-square bulrush","Wm","wetland marsh"
"3363","IDFdk1/Wm11","+","Seacoast bulrush","Wm","wetland marsh"
"3364","IDFdk1/Ws03","+","Bebb's willow – Bluejoint","Ws","wetland swamp"
"3365","IDFdk1/Ws04","+","Drummond's willow – Beaked sedge","Ws","wetland swamp"
"3366","IDFdk1/Ws07","+","Sxw – Horsetail – Leafy moss","Ws","wetland swamp"
"3367","IDFdk1/Ws07.1","+","Sxw – Horsetail – Leafy moss; Typic variation","Ws","wetland swamp"
"3368","IDFdk1/Ws07.2","+","Sxw – Horsetail – Leafy moss; Soft-leaved sedge variation","Ws","wetland swamp"
"3369","IDFdk2/101","+","FdPl – Pinegrass – Feather moss",NA,NA
"3370","IDFdk2/102","+","Fd – Juniper – Kinnikinnick",NA,NA
"3371","IDFdk2/104","+","Fd(Pl) – Pinegrass – Kinnikinnick",NA,NA
"3372","IDFdk2/110","+","Sxw(Fd) – Dogwood – Gooseberry",NA,NA
"3373","IDFdk2/111","+","Sxw – Dogwood – Horsetail",NA,NA
"3374","IDFdk2/Ff04","+","Aspen – Snowberry – Roses","Ff","fringe fluvial "
"3375","IDFdk2/Fm05","+","Cottonwood – Douglas-fir – Douglas' maple – Snowberry","Fm","mid fluvial bench"
"3376","IDFdk2/Ga01","+","Saltgrass","Ga","alkaline meadow"
"3377","IDFdk2/Ga01.1","+","Saltgrass","Ga","alkaline meadow"
"3378","IDFdk2/Gb02","+","Saskatoon – Snowberry – Bluebunch wheatgrass","Gb","brushland"
"3379","IDFdk2/Gg02","+","Bluebunch wheatgrass – Balsamroot","Gg","grassland "
"3380","IDFdk2/Ro01","+","Selaginella – Bluebunch wheatgrass – Screw moss","Ro","rocky outcrop"
"3381","IDFdk2/Ro01.1","+","Selaginella – Bluebunch wheatgrass – Screw moss","Ro","rocky outcrop"
"3382","IDFdk2/Ro01.2","+","Selaginella – Screw moss","Ro","rocky outcrop"
"3383","IDFdk2/Ro04","+","Big sagebrush – Selaginella – Bluebunch wheatgrass","Ro","rocky outcrop"
"3384","IDFdk2/Ro04.1","+","Big sagebrush – Selaginella – Bluebunch wheatgrass","Ro","rocky outcrop"
"3385","IDFdk2/Ro05","+","Juniper – Kinnikinnick – Penstemon","Ro","rocky outcrop"
"3386","IDFdk2/Ro05.1","+","Juniper – Kinnikinnick – Penstemon","Ro","rocky outcrop"
"3387","IDFdk2/Ro05.2","+","Juniper – Kinnikinnick – Penstemon – Screw moss","Ro","rocky outcrop"
"3388","IDFdk2/Rt01","+","Rocktripe – Green map","Rt","talus"
"3389","IDFdk2/Rt07","+","Aspen – Juniper – Rocktripe","Rt","talus"
"3390","IDFdk2/Rt07.1","+","Aspen – Juniper – Rocktripe; Aspen variation","Rt","talus"
"3391","IDFdk2/Rt07.2","+","Juniper – Rocktripe","Rt","talus"
"3392","IDFdk2/Wf01","+","Water sedge – Beaked sedge","Wf","wetland fen"
"3393","IDFdk2/Wf02","+","Scrub birch – Water sedge","Wf","wetland fen"
"3394","IDFdk2/Wf05","+","Slender sedge – Common hook moss","Wf","wetland fen"
"3395","IDFdk2/Wm02","+","Water horsetail – Beaked sedge","Wm","wetland marsh"
"3396","IDFdk2/Wm05","+","Cattail","Wm","wetland marsh"
"3397","IDFdk2/Wm06","+","Soft-stemmed bulrush","Wm","wetland marsh"
"3398","IDFdk2/Wm07","+","Baltic rush","Wm","wetland marsh"
"3399","IDFdk2/Wm11","+","Seacoast bulrush","Wm","wetland marsh"
"3400","IDFdk2/Ws02","+","Mountain alder – Pink spirea – Sitka sedge","Ws","wetland swamp"
"3401","IDFdk2/Ws03","+","Bebb's willow – Bluejoint","Ws","wetland swamp"
"3402","IDFdk2/Ws04","+","Drummond's willow – Beaked sedge","Ws","wetland swamp"
"3403","IDFdk2/Ws07","+","Sxw – Horsetail – Leafy moss","Ws","wetland swamp"
"3404","IDFdk2/Ws07.1","+","Sxw – Horsetail – Leafy moss; Typic variation","Ws","wetland swamp"
"3405","IDFdk2/Ws07.2","+","Sxw – Horsetail – Leafy moss; Soft-leaved sedge variation","Ws","wetland swamp"
"3406","IDFdk3/01","+","FdPl – Pinegrass – Feather moss",NA,NA
"3407","IDFdk3/03","+","Fd – Juniper – Peltigera",NA,NA
"3408","IDFdk3/05","+","Fd – Feather moss – Step moss","CAS","cold aspects"
"3409","IDFdk3/07","+","SxwFd – Prickly rose – Sedge",NA,NA
"3410","IDFdk3/08","+","SxwFd – Prickly rose – Sarsaparilla",NA,NA
"3411","IDFdk3/09","+","Sxw – Horsetail – Glow moss",NA,NA
"3412","IDFdk3/Sc01","+","Scrub birch – Kinnikinnick","Sc","subalpine"
"3413","IDFdk3/Wf01","+","Water sedge – Beaked sedge","Wf","wetland fen"
"3414","IDFdk3/Wf02","+","Scrub birch – Water sedge","Wf","wetland fen"
"3415","IDFdk3/Wf05","+","Slender sedge – Common hook moss","Wf","wetland fen"
"3416","IDFdk3/Wf06","+","Slender sedge – Buckbean","Wf","wetland fen"
"3417","IDFdk3/Wf07","+","Scrub birch – Buckbean – Shore sedge","Wf","wetland fen"
"3418","IDFdk3/Wf08","+","Shore sedge – Buckbean – Hook moss","Wf","wetland fen"
"3419","IDFdk3/Wf09","+","Few-flowered spikerush – Hook moss","Wf","wetland fen"
"3420","IDFdk3/Wm01","+","Beaked sedge – Water sedge","Wm","wetland marsh"
"3421","IDFdk3/Wm02","+","Water horsetail – Beaked sedge","Wm","wetland marsh"
"3422","IDFdk3/Wm03","+","Awned sedge","Wm","wetland marsh"
"3423","IDFdk3/Wm04","+","Common spikerush","Wm","wetland marsh"
"3424","IDFdk3/Wm05","+","Cattail","Wm","wetland marsh"
"3425","IDFdk3/Wm06","+","Soft-stemmed bulrush","Wm","wetland marsh"
"3426","IDFdk3/Wm07","+","Baltic rush","Wm","wetland marsh"
"3427","IDFdk3/Wm10","+","Boreal mannagrass","Wm","wetland marsh"
"3428","IDFdk3/Wm11","+","Seacoast bulrush","Wm","wetland marsh"
"3429","IDFdk3/Wm13","+","Seaside arrow-grass","Wm","wetland marsh"
"3430","IDFdk3/Ws03","+","Bebb's willow – Bluejoint","Ws","wetland swamp"
"3431","IDFdk3/Ws05","+","Maccalla's willow – Beaked sedge","Ws","wetland swamp"
"3432","IDFdk4/01","+","FdPl – Pinegrass – Feather moss",NA,NA
"3433","IDFdk4/02","+","Fd – Juniper – Peltigera",NA,NA
"3434","IDFdk4/05","+","Fd – Bluebunch wheatgrass – Pinegrass",NA,NA
"3435","IDFdk4/06","+","Pl – Kinnikinnick – Cladonia",NA,NA
"3436","IDFdk4/07","+","Fd – Feather moss – Step moss","CAS","cold aspects"
"3437","IDFdk4/08","+","Sxw – Scrub birch – Feather moss","CA","cold aspects - cold air"
"3438","IDFdk4/09","+","Sxw – Feather moss – Brachythecium",NA,NA
"3439","IDFdk4/10","+","Sxw – Horsetail – Glow moss",NA,NA
"3440","IDFdk4/Sc01","+","Scrub birch – Kinnikinnick","Sc","subalpine"
"3441","IDFdk4/Wf01","+","Water sedge – Beaked sedge","Wf","wetland fen"
"3442","IDFdk4/Wf02","+","Scrub birch – Water sedge","Wf","wetland fen"
"3443","IDFdk4/Wf05","+","Slender sedge – Common hook moss","Wf","wetland fen"
"3444","IDFdk4/Wm03","+","Awned sedge","Wm","wetland marsh"
"3445","IDFdk4/Wm06","+","Soft-stemmed bulrush","Wm","wetland marsh"
"3446","IDFdk4/Wm12","+","Woolly sedge","Wm","wetland marsh"
"3447","IDFdk4/Ws05","+","Maccalla's willow – Beaked sedge","Ws","wetland swamp"
"3448","IDFdk5/101","+","FdPl – Pinegrass – Feather moss",NA,NA
"3449","IDFdk5/102","+","Fd – Juniper – Pinegrass",NA,NA
"3450","IDFdk5/104","+","Fd – Spirea – Pinegrass – Kinnikinnick",NA,NA
"3451","IDFdk5/110","+","Sxw(Fd) – Dogwood – Bunchberry",NA,NA
"3452","IDFdk5/111a","+","Sxw – Dogwood – Horsetail; Riparian phase",NA,NA
"3453","IDFdk5/111b","+","Sxw – Dogwood – Horsetail; Swamp phase",NA,NA
"3454","IDFdk5/Ff01","+","Water birch – Red-osier dogwood – Rose","Ff","fringe fluvial "
"3455","IDFdk5/Ff01a","+","Water birch – Red-osier dogwood – Rose","Ff","fringe fluvial "
"3456","IDFdk5/Ff01b","+","Water birch – Red-osier dogwood – Rose","Ff","fringe fluvial "
"3457","IDFdk5/Fl01","+","Mountain alder – Common horsetail","Fl","low fluvial bench"
"3458","IDFdk5/Fl02","+","Mountain alder – Red-osier dogwood – Lady fern","Fl","low fluvial bench"
"3459","IDFdk5/Fl03","+","Pacific willow – Red-osier dogwood – Horsetail","Fl","low fluvial bench"
"3460","IDFdk5/Fl05","+","Drummond's willow – Bluejoint","Fl","low fluvial bench"
"3461","IDFdk5/Fl06","+","Sandbar willow – Scouring-rush","Fl","low fluvial bench"
"3462","IDFdk5/Ga03","+","Field sedge","Ga","alkaline meadow"
"3463","IDFdk5/Ga03$2","+","Field sedge","Ga","alkaline meadow"
"3464","IDFdk5/Gb01","+","Juniper – Kinnikinnick – Bluebunch wheatgrass","Gb","brushland"
"3465","IDFdk5/Gg01","+","Bluebunch wheatgrass – Prairie sagewort – Junegrass","Gg","grassland "
"3466","IDFdk5/Gg01$2.2","+","Needle-and-thread grass – Cheatgrass","Gg","grassland "
"3467","IDFdk5/Gg02","+","Bluebunch wheatgrass – Balsamroot","Gg","grassland "
"3468","IDFdk5/Gg02$2.2","+","Columbia needlegrass – Cheatgrass","Gg","grassland "
"3469","IDFdk5/Gg02$2.3","+","Needle-and-thread grass – Cheatgrass","Gg","grassland "
"3470","IDFdk5/Gg02$3.2","+","Antelope-brush – Bluebunch wheatgrass – Needle-and-thread grass","Gg","grassland "
"3471","IDFdk5/Gg10","+","Rough fescue – Bluebunch wheatgrass","Gg","grassland "
"3472","IDFdk5/Gg10$2.1","+","Bluebunch wheatgrass – Junegrass – Sandberg's bluegrass","Gg","grassland "
"3473","IDFdk5/Gg10$2.3","+","Columbia needlegrass – Junegrass","Gg","grassland "
"3474","IDFdk5/Gg12","+","Rough fescue – Yarrow – Old man's whiskers","Gg","grassland "
"3475","IDFdk5/Gg12$2.3","+","Spreading needlegrass – Columbia needlegrass","Gg","grassland "
"3476","IDFdk5/Gg12$2.4","+","Rabbit-brush – Needle-and-thread grass – Junegrass","Gg","grassland "
"3477","IDFdk5/Gg12$2.6","+","Canada bluegrass – Dandelion","Gg","grassland "
"3478","IDFdk5/Ro01","+","Selaginella – Bluebunch wheatgrass – Screw moss","Ro","rocky outcrop"
"3479","IDFdk5/Ro01.1","+","Selaginella – Bluebunch wheatgrass – Screw moss","Ro","rocky outcrop"
"3480","IDFdk5/Ro01.2","+","Selaginella – Screw moss","Ro","rocky outcrop"
"3481","IDFdk5/Ro02","+","Rocky Mountain juniper – Selaginella – Bluebunch wheatgrass","Ro","rocky outcrop"
"3482","IDFdk5/Ro05","+","Juniper – Kinnikinnick – Penstemon","Ro","rocky outcrop"
"3483","IDFdk5/Ro05.1","+","Juniper – Kinnikinnick – Penstemon","Ro","rocky outcrop"
"3484","IDFdk5/Rt01","+","Rocktripe – Green map","Rt","talus"
"3485","IDFdk5/Rt03","+","Raspberry – Feather moss – Clad lichen","Rt","talus"
"3486","IDFdk5/Rt04","+","Saskatoon – Bluebunch wheatgrass","Rt","talus"
"3487","IDFdk5/Rt06","+","Saskatoon – Mock-orange – Bluebunch wheatgrass","Rt","talus"
"3488","IDFdk5/Rt07","+","Aspen – Juniper – Rocktripe","Rt","talus"
"3489","IDFdk5/Rt07.1","+","Aspen – Juniper – Rocktripe; Aspen variation","Rt","talus"
"3490","IDFdk5/Rt07.2","+","Juniper – Rocktripe","Rt","talus"
"3491","IDFdk5/Rt08","+","Aspen – Douglas' maple – Saskatoon","Rt","talus"
"3492","IDFdk5/Wf01","+","Water sedge – Beaked sedge","Wf","wetland fen"
"3493","IDFdk5/Wf02","+","Scrub birch – Water sedge","Wf","wetland fen"
"3494","IDFdk5/Wf05","+","Slender sedge – Common hook moss","Wf","wetland fen"
"3495","IDFdk5/Wm01","+","Beaked sedge – Water sedge","Wm","wetland marsh"
"3496","IDFdk5/Wm02","+","Water horsetail – Beaked sedge","Wm","wetland marsh"
"3497","IDFdk5/Wm04","+","Common spikerush","Wm","wetland marsh"
"3498","IDFdk5/Wm05","+","Cattail","Wm","wetland marsh"
"3499","IDFdk5/Wm06","+","Soft-stemmed bulrush","Wm","wetland marsh"
"3500","IDFdk5/Wm07","+","Baltic rush","Wm","wetland marsh"
"3501","IDFdk5/Wm12","+","Woolly sedge","Wm","wetland marsh"
"3502","IDFdk5/Wm14","+","Common reed","Wm","wetland marsh"
"3503","IDFdk5/Wm15","+","Bluejoint – Water sedge","Wm","wetland marsh"
"3504","IDFdk5/Ws03","+","Bebb's willow – Bluejoint","Ws","wetland swamp"
"3505","IDFdk5/Ws04","+","Drummond's willow – Beaked sedge","Ws","wetland swamp"
"3506","IDFdk5/Ws07","+","Sxw – Horsetail – Leafy moss","Ws","wetland swamp"
"3507","IDFdk5/Ws07.1","+","Sxw – Horsetail – Leafy moss; Typic variation","Ws","wetland swamp"
"3508","IDFdk5/Ws07.2","+","Sxw – Horsetail – Leafy moss; Soft-leaved sedge variation","Ws","wetland swamp"
"3509","IDFdm1/101","+","Fd(Lw) – Pinegrass – Twinflower",NA,NA
"3510","IDFdm1/102","+","PyFd – Bluebunch wheatgrass – Kinnikinnick",NA,NA
"3511","IDFdm1/104","+","Fd(Lw) – Pinegrass – Kinnikinnick",NA,NA
"3512","IDFdm1/110","+","SwxFd – Snowberry – Sarsaparilla",NA,NA
"3513","IDFdm1/110.1","+","SwxFd – Snowberry – Sarsaparilla",NA,NA
"3514","IDFdm1/110.2","+","CwFd – Douglas' maple – Sarsaparilla",NA,NA
"3515","IDFdm1/111","+","Sxw(Fd) – Dogwood – Gooseberry",NA,NA
"3516","IDFdm1/Ff01","+","Water birch – Red-osier dogwood – Rose","Ff","fringe fluvial "
"3517","IDFdm1/Ff01a","+","Water birch – Red-osier dogwood – Rose; Fringe phase","Ff","fringe fluvial "
"3518","IDFdm1/Ff01b","+","Water birch – Red-osier dogwood – Rose; Grassland draw phase","Ff","fringe fluvial "
"3519","IDFdm1/Fl01","+","Mountain alder – Common horsetail","Fl","low fluvial bench"
"3520","IDFdm1/Fl03","+","Pacific willow – Red-osier dogwood – Horsetail","Fl","low fluvial bench"
"3521","IDFdm1/Fl05","+","Drummond's willow – Bluejoint","Fl","low fluvial bench"
"3522","IDFdm1/Fm05","+","Cottonwood – Douglas-fir – Douglas' maple – Snowberry","Fm","mid fluvial bench"
"3523","IDFdm1/Ga03","+","Field sedge","Ga","alkaline meadow"
"3524","IDFdm1/Ga03$2","+","Field sedge","Ga","alkaline meadow"
"3525","IDFdm1/Gb03","+","Ninebark – Oceanspray – Bluebunch wheatgrass","Gb","brushland"
"3526","IDFdm1/Gb04","+","Choke cherry – Snowberry – Bluebunch wheatgrass","Gb","brushland"
"3527","IDFdm1/Gg02","+","Bluebunch wheatgrass – Balsamroot","Gg","grassland "
"3528","IDFdm1/Gg02$2.3","+","Needle-and-thread grass – Cheatgrass","Gg","grassland "
"3529","IDFdm1/Gg11","+","Idaho fescue – Bluebunch wheatgrass – Junegrass","Gg","grassland "
"3530","IDFdm1/Gg11$2.1","+","Bluebunch wheatgrass – Junegrass – Sandberg's bluegrass","Gg","grassland "
"3531","IDFdm1/Gg11$2.4","+","Needle-and-thread grass – Cheatgrass","Gg","grassland "
"3532","IDFdm1/Gg11$3.1","+","Big sagebrush – Bluebunch wheatgrass – Idaho fescue","Gg","grassland "
"3533","IDFdm1/Gg12","+","Rough fescue – Yarrow – Three-flowered avens","Gg","grassland "
"3534","IDFdm1/Gg12$2.5","+","Kentucky bluegrass – Yarrow","Gg","grassland "
"3535","IDFdm1/Gg12.1","+","Rough fescue – Yarrow – Three-flowered avens","Gg","grassland "
"3536","IDFdm1/Gg13","+","Idaho fescue – Silky lupine","Gg","grassland "
"3537","IDFdm1/Gg13$2.2","+","Bluebunch wheatgrass – Junegrass – Sandberg's bluegrass","Gg","grassland "
"3538","IDFdm1/Gg13$2.3","+","Needle-and-thread grass – Yellow salsify","Gg","grassland "
"3539","IDFdm1/Gg13$2.5","+","Cheatgrass – Columbia needlegrass","Gg","grassland "
"3540","IDFdm1/Gg18","+","Idaho fescue – Bluebunch wheatgrass – Selaginella","Gg","grassland "
"3541","IDFdm1/Ro01","+","Selaginella – Bluebunch wheatgrass – Screw moss","Ro","rocky outcrop"
"3542","IDFdm1/Ro01.1","+","Selaginella – Bluebunch wheatgrass – Screw moss","Ro","rocky outcrop"
"3543","IDFdm1/Ro01.2","+","Selaginella – Screw moss","Ro","rocky outcrop"
"3544","IDFdm1/Ro04","+","Big sagebrush – Selaginella – Bluebunch wheatgrass","Ro","rocky outcrop"
"3545","IDFdm1/Ro04.1","+","Big sagebrush – Selaginella – Bluebunch wheatgrass","Ro","rocky outcrop"
"3546","IDFdm1/Ro04.2","+","Rabbit-brush – Big sagebrush – Selaginella – Bluebunch wheatgrass","Ro","rocky outcrop"
"3547","IDFdm1/Ro05","+","Juniper – Kinnikinnick – Penstemon","Ro","rocky outcrop"
"3548","IDFdm1/Ro05.1","+","Juniper – Kinnikinnick – Penstemon","Ro","rocky outcrop"
"3549","IDFdm1/Rt01","+","Rocktripe – Green map","Rt","talus"
"3550","IDFdm1/Rt04","+","Saskatoon – Bluebunch wheatgrass","Rt","talus"
"3551","IDFdm1/Rt06","+","Saskatoon – Mock-orange – Bluebunch wheatgrass","Rt","talus"
"3552","IDFdm1/Rt07","+","Aspen – Juniper – Rocktripe","Rt","talus"
"3553","IDFdm1/Rt07.1","+","Aspen – Juniper – Rocktripe; Aspen variation","Rt","talus"
"3554","IDFdm1/Rt07.2","+","Juniper – Rocktripe","Rt","talus"
"3555","IDFdm1/Wf01","+","Water sedge – Beaked sedge","Wf","wetland fen"
"3556","IDFdm1/Wf05","+","Slender sedge – Common hook moss","Wf","wetland fen"
"3557","IDFdm1/Wm01","+","Beaked sedge – Water sedge","Wm","wetland marsh"
"3558","IDFdm1/Wm02","+","Water horsetail – Beaked sedge","Wm","wetland marsh"
"3559","IDFdm1/Wm03","+","Awned sedge","Wm","wetland marsh"
"3560","IDFdm1/Wm04","+","Common spikerush","Wm","wetland marsh"
"3561","IDFdm1/Wm05","+","Cattail","Wm","wetland marsh"
"3562","IDFdm1/Wm06","+","Soft-stemmed bulrush","Wm","wetland marsh"
"3563","IDFdm1/Wm07","+","Baltic rush","Wm","wetland marsh"
"3564","IDFdm1/Wm12","+","Woolly sedge","Wm","wetland marsh"
"3565","IDFdm1/Wm14","+","Common reed","Wm","wetland marsh"
"3566","IDFdm1/Wm15","+","Bluejoint – Water sedge","Wm","wetland marsh"
"3567","IDFdm1/Ws04","+","Drummond's willow – Beaked sedge","Ws","wetland swamp"
"3568","IDFdm2/101","+","Fd(Lw) – Pinegrass – Twinflower",NA,NA
"3569","IDFdm2/102","+","Fd – Rocky Mountain juniper – Kinnikinnick",NA,NA
"3570","IDFdm2/103","+","Fd(Py) – Bluebunch wheatgrass – Pinegrass",NA,NA
"3571","IDFdm2/104","+","Fd(Lw) – Pinegrass – Kinnikinnick",NA,NA
"3572","IDFdm2/104.1","+","Fd(Lw) – Pinegrass – Kinnikinnick",NA,NA
"3573","IDFdm2/104.2","+","LwFd(Pl) – Pinegrass",NA,NA
"3574","IDFdm2/110","+","FdLwSxw – Pinegrass",NA,NA
"3575","IDFdm2/111","+","SxwFd – Snowberry – Sarsaparilla",NA,NA
"3576","IDFdm2/112","+","Sxw – Dogwood – Horsetail",NA,NA
"3577","IDFdm2/112a","+","Sxw – Dogwood – Horsetail; Riparian",NA,NA
"3578","IDFdm2/112b","+","Sxw – Dogwood – Horsetail; Swamp phase",NA,NA
"3579","IDFdm2/Ff01","+","Water birch – Red-osier dogwood – Rose","Ff","fringe fluvial "
"3580","IDFdm2/Ff01a","+","Water birch – Red-osier dogwood – Rose","Ff","fringe fluvial "
"3581","IDFdm2/Ff01b","+","Water birch – Red-osier dogwood – Rose","Ff","fringe fluvial "
"3582","IDFdm2/Fl01","+","Mountain alder – Common horsetail","Fl","low fluvial bench"
"3583","IDFdm2/Fl03","+","Pacific willow – Red-osier dogwood – Horsetail","Fl","low fluvial bench"
"3584","IDFdm2/Fl05","+","Drummond's willow – Bluejoint","Fl","low fluvial bench"
"3585","IDFdm2/Fl06","+","Sandbar willow – Scouring-rush","Fl","low fluvial bench"
"3586","IDFdm2/Ga01","+","Saltgrass","Ga","alkaline meadow"
"3587","IDFdm2/Ga01.1","+","Saltgrass","Ga","alkaline meadow"
"3588","IDFdm2/Ga01.2","+","Saltgrass – Spartina","Ga","alkaline meadow"
"3589","IDFdm2/Ga02","+","Nuttall's alkaligrass – Foxtail barley","Ga","alkaline meadow"
"3590","IDFdm2/Ga02.1","+","Nuttall's alkaligrass – Foxtail barley","Ga","alkaline meadow"
"3591","IDFdm2/Ga02.2","+","Foxtail barley – Nuttall's alkaligrass","Ga","alkaline meadow"
"3592","IDFdm2/Ga03","+","Field sedge","Ga","alkaline meadow"
"3593","IDFdm2/Ga03$2","+","Field sedge","Ga","alkaline meadow"
"3594","IDFdm2/Gb02","+","Saskatoon – Snowberry – Bluebunch wheatgrass","Gb","brushland"
"3595","IDFdm2/Gb04","+","Choke cherry – Snowberry – Bluebunch wheatgrass","Gb","brushland"
"3596","IDFdm2/Gg01","+","Bluebunch wheatgrass – Prairie sagewort – Junegrass","Gg","grassland "
"3597","IDFdm2/Gg01$2.2","+","Needle-and-thread grass – Cheatgrass","Gg","grassland "
"3598","IDFdm2/Gg01$3.1","+","Antelope-brush – Bluebunch wheatgrass – Needle-and-thread grass – Cheatgrass","Gg","grassland "
"3599","IDFdm2/Gg02","+","Bluebunch wheatgrass – Balsamroot","Gg","grassland "
"3600","IDFdm2/Gg02$2.2","+","Columbia needlegrass – Cheatgrass","Gg","grassland "
"3601","IDFdm2/Gg02$2.3","+","Needle-and-thread grass – Cheatgrass","Gg","grassland "
"3602","IDFdm2/Gg02$3.2","+","Antelope-brush – Bluebunch wheatgrass – Needle-and-thread grass","Gg","grassland "
"3603","IDFdm2/Gg10","+","Rough fescue – Bluebunch wheatgrass","Gg","grassland "
"3604","IDFdm2/Gg10$2.1","+","Bluebunch wheatgrass – Junegrass – Sandberg's bluegrass","Gg","grassland "
"3605","IDFdm2/Gg10$2.3","+","Columbia needlegrass – Junegrass","Gg","grassland "
"3606","IDFdm2/Gg10$3.3","+","Antelope-brush – Saskatoon – Bluebunch wheatgrass – Kentucky bluegrass","Gg","grassland "
"3607","IDFdm2/Gg12","+","Rough fescue – Yarrow – Old man's whiskers","Gg","grassland "
"3608","IDFdm2/Gg12$2.3","+","Spreading needlegrass – Columbia needlegrass","Gg","grassland "
"3609","IDFdm2/Gg12$2.4","+","Rabbit-brush – Needle-and-thread grass – Junegrass","Gg","grassland "
"3610","IDFdm2/Gg12$2.6","+","Canada bluegrass – Dandelion","Gg","grassland "
"3611","IDFdm2/Gs12","+","Antelope-brush – Snowberry – Bluebunch wheatgrass","Gs","shrub-steppe"
"3612","IDFdm2/Ro01","+","Selaginella – Bluebunch wheatgrass – Screw moss","Ro","rocky outcrop"
"3613","IDFdm2/Ro01.1","+","Selaginella – Bluebunch wheatgrass – Screw moss","Ro","rocky outcrop"
"3614","IDFdm2/Ro01.2","+","Selaginella – Screw moss","Ro","rocky outcrop"
"3615","IDFdm2/Ro02","+","Rocky Mountain juniper – Selaginella – Bluebunch wheatgrass","Ro","rocky outcrop"
"3616","IDFdm2/Ro03","+","Antelope-brush – Selaginella – Bluebunch wheatgrass","Ro","rocky outcrop"
"3617","IDFdm2/Ro05","+","Juniper – Kinnikinnick – Penstemon","Ro","rocky outcrop"
"3618","IDFdm2/Ro05.1","+","Juniper – Kinnikinnick – Penstemon","Ro","rocky outcrop"
"3619","IDFdm2/Rt01","+","Rocktripe – Green map","Rt","talus"
"3620","IDFdm2/Rt03","+","Raspberry – Feather moss – Clad lichen","Rt","talus"
"3621","IDFdm2/Rt04","+","Saskatoon – Bluebunch wheatgrass","Rt","talus"
"3622","IDFdm2/Rt06","+","Saskatoon – Mock-orange – Bluebunch wheatgrass","Rt","talus"
"3623","IDFdm2/Rt07","+","Aspen – Juniper – Rocktripe","Rt","talus"
"3624","IDFdm2/Rt07.1","+","Aspen – Juniper – Rocktripe; Aspen variation","Rt","talus"
"3625","IDFdm2/Rt07.2","+","Juniper – Rocktripe","Rt","talus"
"3626","IDFdm2/Rt08","+","Aspen – Douglas' maple – Saskatoon","Rt","talus"
"3627","IDFdm2/Wf01","+","Water sedge – Beaked sedge","Wf","wetland fen"
"3628","IDFdm2/Wf02","+","Scrub birch – Water sedge","Wf","wetland fen"
"3629","IDFdm2/Wf05","+","Slender sedge – Common hook moss","Wf","wetland fen"
"3630","IDFdm2/Wm01","+","Beaked sedge – Water sedge","Wm","wetland marsh"
"3631","IDFdm2/Wm02","+","Water horsetail – Beaked sedge","Wm","wetland marsh"
"3632","IDFdm2/Wm03","+","Awned sedge","Wm","wetland marsh"
"3633","IDFdm2/Wm04","+","Common spikerush","Wm","wetland marsh"
"3634","IDFdm2/Wm05","+","Cattail","Wm","wetland marsh"
"3635","IDFdm2/Wm06","+","Soft-stemmed bulrush","Wm","wetland marsh"
"3636","IDFdm2/Wm07","+","Baltic rush","Wm","wetland marsh"
"3637","IDFdm2/Wm12","+","Woolly sedge","Wm","wetland marsh"
"3638","IDFdm2/Wm14","+","Common reed","Wm","wetland marsh"
"3639","IDFdm2/Ws03","+","Bebb's willow – Bluejoint","Ws","wetland swamp"
"3640","IDFdm2/Ws04","+","Drummond's willow – Beaked sedge","Ws","wetland swamp"
"3641","IDFdm2/Ws07","+","Sxw – Horsetail – Leafy moss","Ws","wetland swamp"
"3642","IDFdm2/Ws07.1","+","Sxw – Horsetail – Leafy moss; Typic variation","Ws","wetland swamp"
"3643","IDFdm2/Ws07.2","+","Sxw – Horsetail – Leafy moss; Soft-leaved sedge variation","Ws","wetland swamp"
"3644","IDFdw/101","+","Fd – Soopolallie – Pinegrass",NA,NA
"3645","IDFdw/102","+","Fd – Juniper – Kinnikinnick",NA,NA
"3646","IDFdw/103","+","Pli – Soopolallie – Kinnikinnick – Pixie lichens",NA,NA
"3647","IDFdw/110","+","Fd – Thimbleberry – Gooseberry",NA,NA
"3648","IDFdw/112","+","BlFd – Devil's club – Oak fern",NA,NA
"3649","IDFdw/113","+","Sxw – Mountain alder – Horsetail",NA,NA
"3650","IDFmw2/01","+","FdCw – Falsebox – Prince's pine",NA,NA
"3651","IDFmw2/01$YC","+","CwFd – Feather moss",NA,NA
"3652","IDFmw2/01$YS","+","EpAt – Thimbleberry – Falsebox",NA,NA
"3653","IDFmw2/02","+","Fd – Snowberry – Bluebunch wheatgrass",NA,NA
"3654","IDFmw2/03","+","Fd – Pinegrass – Feather moss",NA,NA
"3655","IDFmw2/04","+","CwSxw – Oak fern",NA,NA
"3656","IDFmw2/05","+","Dogwood – Sedge",NA,NA
"3657","IDFww/101","+","Fd – Falsebox – Orange honeysuckle",NA,NA
"3658","IDFww/101.1","+","Fd – Falsebox – Orange honeysuckle; Typic variation",NA,NA
"3659","IDFww/101.2","+","Fd – Falsebox – Orange honeysuckle; Cw variation",NA,NA
"3660","IDFww/102","+","Fd – Selaginellas – Bluebunch wheatgrass",NA,NA
"3661","IDFww/103","+","FdPy – Saskatoon – Screw moss",NA,NA
"3662","IDFww/104","+","Fd – Falsebox – Pinegrass",NA,NA
"3663","IDFww/110","+","CwFd – Hooker's fairybells",NA,NA
"3664","IDFww/Fm53","+","ActDr – Salmonberry – Lily-of-the-Valley","Fm","mid fluvial bench"
"3665","IDFxh1/101","+","Fd(Py) – Spirea – Pinegrass",NA,NA
"3666","IDFxh1/102","+","Py(Fd) – Bluebunch wheatgrass – Selaginella",NA,NA
"3667","IDFxh1/103","+","FdPy – Pinegrass – Rough fescue",NA,NA
"3668","IDFxh1/105","+","Fd(Py) – Bluebunch wheatgrass – Pinegrass",NA,NA
"3669","IDFxh1/106","+","FdPy – Idaho fescue – Balsamroot",NA,NA
"3670","IDFxh1/110","+","Fd(Py) – Snowberry – Oregon-grape",NA,NA
"3671","IDFxh1/111","+","SxwFd – Dogwood – Douglas' maple",NA,NA
"3672","IDFxh1/111.1","+","SxwFd – Dogwood – Douglas' maple",NA,NA
"3673","IDFxh1/111.2","+","CwFd – Douglas' maple – Sarasparilla",NA,NA
"3674","IDFxh1/112","+","Sxw – Dogwood – Horsetail",NA,NA
"3675","IDFxh1/Ff01","+","Water birch – Red-osier dogwood – Rose","Ff","fringe fluvial "
"3676","IDFxh1/Ff01a","+","Water birch – Red-osier dogwood – Rose; Fringe phase","Ff","fringe fluvial "
"3677","IDFxh1/Ff01b","+","Water birch – Red-osier dogwood – Rose; Grassland draw phase","Ff","fringe fluvial "
"3678","IDFxh1/Ff02","+","Snowberry – Prairie Rose","Ff","fringe fluvial "
"3679","IDFxh1/Ff04","+","Aspen – Snowberry – Roses","Ff","fringe fluvial "
"3680","IDFxh1/Ff05","+","Aspen – Dogwood – Nootka rose","Ff","fringe fluvial "
"3681","IDFxh1/Fm05","+","Cottonwood – Douglas-fir – Douglas' maple – Snowberry","Fm","mid fluvial bench"
"3682","IDFxh1/Ga01","+","Saltgrass","Ga","alkaline meadow"
"3683","IDFxh1/Ga01.1","+","Saltgrass","Ga","alkaline meadow"
"3684","IDFxh1/Ga02","+","Nuttall's alkaligrass – Foxtail barley","Ga","alkaline meadow"
"3685","IDFxh1/Ga02.1","+","Nuttall's alkaligrass – Foxtail barley","Ga","alkaline meadow"
"3686","IDFxh1/Ga02.2","+","Foxtail barley – Nuttall's alkaligrass","Ga","alkaline meadow"
"3687","IDFxh1/Ga03","+","Field sedge","Ga","alkaline meadow"
"3688","IDFxh1/Ga03$2","+","Field sedge","Ga","alkaline meadow"
"3689","IDFxh1/Ga05","+","Giant wildrye","Ga","alkaline meadow"
"3690","IDFxh1/Gb02","+","Saskatoon – Snowberry – Bluebunch wheatgrass","Gb","brushland"
"3691","IDFxh1/Gb05","+","Sumac – Bluebunch wheatgrass","Gb","brushland"
"3692","IDFxh1/Gg01","+","Bluebunch wheatgrass – Prairie sagewort – Junegrass","Gg","grassland "
"3693","IDFxh1/Gg02","+","Bluebunch wheatgrass – Balsamroot","Gg","grassland "
"3694","IDFxh1/Gg02$2.3","+","Needle-and-thread grass – Cheatgrass","Gg","grassland "
"3695","IDFxh1/Gg02$3.1","+","Big sagebrush – Bluebunch wheatgrass – Sandberg's bluegrass","Gg","grassland "
"3696","IDFxh1/Gg10","+","Rough fescue – Bluebunch wheatgrass","Gg","grassland "
"3697","IDFxh1/Gg11","+","Idaho fescue – Bluebunch wheatgrass – Junegrass","Gg","grassland "
"3698","IDFxh1/Gg11$2.1","+","Bluebunch wheatgrass – Junegrass – Sandberg's bluegrass","Gg","grassland "
"3699","IDFxh1/Gg11$2.3","+","Columbia needlegrass – Cheatgrass","Gg","grassland "
"3700","IDFxh1/Gg11$2.4","+","Needle-and-thread grass – Cheatgrass","Gg","grassland "
"3701","IDFxh1/Gg11$3.1","+","Big sagebrush – Bluebunch wheatgrass – Idaho fescue","Gg","grassland "
"3702","IDFxh1/Gg11$3.2","+","Big sagebrush – Bluebunch wheatgrass – Sandberg's bluegrass","Gg","grassland "
"3703","IDFxh1/Gg11$3.3","+","Big sagebrush – Sandberg's bluegrass","Gg","grassland "
"3704","IDFxh1/Gg12","+","Rough fescue – Yarrow – Three-flowered avens","Gg","grassland "
"3705","IDFxh1/Gg12.1","+","Rough fescue – Yarrow – Three-flowered avens","Gg","grassland "
"3706","IDFxh1/Gg13","+","Idaho fescue – Silky lupine","Gg","grassland "
"3707","IDFxh1/Gg13$2.2","+","Bluebunch wheatgrass – Junegrass – Sandberg's bluegrass","Gg","grassland "
"3708","IDFxh1/Gg13$2.4","+","Kentucky bluegrass – Yarrow","Gg","grassland "
"3709","IDFxh1/Gg13$3.1","+","Big sagebrush – Kentucky bluegrass","Gg","grassland "
"3710","IDFxh1/Ro01","+","Selaginella – Bluebunch wheatgrass – Screw moss","Ro","rocky outcrop"
"3711","IDFxh1/Ro01.1","+","Selaginella – Bluebunch wheatgrass – Screw moss","Ro","rocky outcrop"
"3712","IDFxh1/Ro01.2","+","Selaginella – Screw moss","Ro","rocky outcrop"
"3713","IDFxh1/Ro03","+","Antelope-brush – Selaginella – Bluebunch wheatgrass","Ro","rocky outcrop"
"3714","IDFxh1/Ro04","+","Big sagebrush – Selaginella – Bluebunch wheatgrass","Ro","rocky outcrop"
"3715","IDFxh1/Ro04.1","+","Big sagebrush – Selaginella – Bluebunch wheatgrass","Ro","rocky outcrop"
"3716","IDFxh1/Ro04.2","+","Rabbit-brush – Big sagebrush – Selaginella – Bluebunch wheatgrass","Ro","rocky outcrop"
"3717","IDFxh1/Rt01","+","Rocktripe – Green map","Rt","talus"
"3718","IDFxh1/Rt04","+","Saskatoon – Bluebunch wheatgrass","Rt","talus"
"3719","IDFxh1/Rt05","+","Big sagebrush – Saskatoon – Bluebunch wheatgrass","Rt","talus"
"3720","IDFxh1/Rt06","+","Saskatoon – Mock-orange – Bluebunch wheatgrass","Rt","talus"
"3721","IDFxh1/Rt07","+","Aspen – Juniper – Rocktripe","Rt","talus"
"3722","IDFxh1/Rt07.1","+","Aspen – Juniper – Rocktripe; Aspen variation","Rt","talus"
"3723","IDFxh1/Rt07.2","+","Juniper – Rocktripe","Rt","talus"
"3724","IDFxh1/Wm01","+","Beaked sedge – Water sedge","Wm","wetland marsh"
"3725","IDFxh1/Wm02","+","Water horsetail – Beaked sedge","Wm","wetland marsh"
"3726","IDFxh1/Wm04","+","Common spikerush","Wm","wetland marsh"
"3727","IDFxh1/Wm05","+","Cattail","Wm","wetland marsh"
"3728","IDFxh1/Wm06","+","Soft-stemmed bulrush","Wm","wetland marsh"
"3729","IDFxh1/Wm07","+","Baltic rush","Wm","wetland marsh"
"3730","IDFxh1/Wm08","+","Three-square bulrush","Wm","wetland marsh"
"3731","IDFxh1/Wm10","+","Boreal mannagrass","Wm","wetland marsh"
"3732","IDFxh1/Wm11","+","Seacoast bulrush","Wm","wetland marsh"
"3733","IDFxh1/Wm12","+","Woolly sedge","Wm","wetland marsh"
"3734","IDFxh1/Ws03","+","Bebb's willow – Bluejoint","Ws","wetland swamp"
"3735","IDFxh2/101","+","Fd(Py) – Spirea – Pinegrass",NA,NA
"3736","IDFxh2/102","+","PyFd – Bluebunch wheatgrass – Selaginella",NA,NA
"3737","IDFxh2/104","+","FdPy – Rough fescue – Bluebunch wheatgrass",NA,NA
"3738","IDFxh2/111","+","Fd – Snowberry – Oregon-grape",NA,NA
"3739","IDFxh2/112","+","SxwFd – Dogwood – Douglas' maple",NA,NA
"3740","IDFxh2/113","+","Sxw – Dogwood – Horsetail",NA,NA
"3741","IDFxh2/Ff01","+","Water birch – Red-osier dogwood – Rose","Ff","fringe fluvial "
"3742","IDFxh2/Ff01a","+","Water birch – Red-osier dogwood – Rose; Fringe phase","Ff","fringe fluvial "
"3743","IDFxh2/Ff01b","+","Water birch – Red-osier dogwood – Rose; Grassland draw phase","Ff","fringe fluvial "
"3744","IDFxh2/Ff02","+","Snowberry – Prairie Rose","Ff","fringe fluvial "
"3745","IDFxh2/Ff04","+","Aspen – Snowberry – Roses","Ff","fringe fluvial "
"3746","IDFxh2/Ff05","+","Aspen – Dogwood – Nootka rose","Ff","fringe fluvial "
"3747","IDFxh2/Fm05","+","Cottonwood – Douglas-fir – Douglas' maple – Snowberry","Fm","mid fluvial bench"
"3748","IDFxh2/Ga01","+","Saltgrass","Ga","alkaline meadow"
"3749","IDFxh2/Ga01.1","+","Saltgrass","Ga","alkaline meadow"
"3750","IDFxh2/Ga02","+","Nuttall's alkaligrass – Foxtail barley","Ga","alkaline meadow"
"3751","IDFxh2/Ga02.1","+","Nuttall's alkaligrass – Foxtail barley","Ga","alkaline meadow"
"3752","IDFxh2/Ga02.2","+","Foxtail barley – Nuttall's alkaligrass","Ga","alkaline meadow"
"3753","IDFxh2/Ga03","+","Field sedge","Ga","alkaline meadow"
"3754","IDFxh2/Ga03$2","+","Field sedge","Ga","alkaline meadow"
"3755","IDFxh2/Ga05","+","Giant wildrye","Ga","alkaline meadow"
"3756","IDFxh2/Ga06","+","Seablite","Ga","alkaline meadow"
"3757","IDFxh2/Gb02","+","Saskatoon – Snowberry – Bluebunch wheatgrass","Gb","brushland"
"3758","IDFxh2/Gg01","+","Bluebunch wheatgrass – Prairie sagewort – Junegrass","Gg","grassland "
"3759","IDFxh2/Gg02","+","Bluebunch wheatgrass – Balsamroot","Gg","grassland "
"3760","IDFxh2/Gg02$2.3","+","Needle-and-thread grass – Cheatgrass","Gg","grassland "
"3761","IDFxh2/Gg10","+","Rough fescue – Bluebunch wheatgrass","Gg","grassland "
"3762","IDFxh2/Gg10$2.1","+","Bluebunch wheatgrass – Junegrass – Sandberg's bluegrass","Gg","grassland "
"3763","IDFxh2/Gg10$3.1","+","Big sagebrush – Bluebunch wheatgrass – Rough fescue","Gg","grassland "
"3764","IDFxh2/Gg12","+","Rough fescue – Yarrow – Three-flowered avens","Gg","grassland "
"3765","IDFxh2/Gg12$2.1","+","Rough fescue – Bluebunch wheatgrass – Yellow salsify","Gg","grassland "
"3766","IDFxh2/Gg12$2.2","+","Spreading needlegrass – Rough fescue – Kentucky bluegrass","Gg","grassland "
"3767","IDFxh2/Gg12$2.3","+","Spreading needlegrass – Columbia needlegrass","Gg","grassland "
"3768","IDFxh2/Gg12$2.5","+","Kentucky bluegrass – Yarrow","Gg","grassland "
"3769","IDFxh2/Gg12.1","+","Rough fescue – Yarrow – Three-flowered avens","Gg","grassland "
"3770","IDFxh2/Ro01","+","Selaginella – Bluebunch wheatgrass – Screw moss","Ro","rocky outcrop"
"3771","IDFxh2/Ro01.1","+","Selaginella – Bluebunch wheatgrass – Screw moss","Ro","rocky outcrop"
"3772","IDFxh2/Ro01.2","+","Selaginella – Screw moss","Ro","rocky outcrop"
"3773","IDFxh2/Ro04","+","Big sagebrush – Selaginella – Bluebunch wheatgrass","Ro","rocky outcrop"
"3774","IDFxh2/Ro04.1","+","Big sagebrush – Selaginella – Bluebunch wheatgrass","Ro","rocky outcrop"
"3775","IDFxh2/Ro04.2","+","Rabbit-brush – Big sagebrush – Selaginella – Bluebunch wheatgrass","Ro","rocky outcrop"
"3776","IDFxh2/Rt01","+","Rocktripe – Green map","Rt","talus"
"3777","IDFxh2/Rt04","+","Saskatoon – Bluebunch wheatgrass","Rt","talus"
"3778","IDFxh2/Rt05","+","Big sagebrush – Saskatoon – Bluebunch wheatgrass","Rt","talus"
"3779","IDFxh2/Rt07","+","Aspen – Juniper – Rocktripe","Rt","talus"
"3780","IDFxh2/Rt07.1","+","Aspen – Juniper – Rocktripe; Aspen variation","Rt","talus"
"3781","IDFxh2/Rt07.2","+","Juniper – Rocktripe","Rt","talus"
"3782","IDFxh2/Wm01","+","Beaked sedge – Water sedge","Wm","wetland marsh"
"3783","IDFxh2/Wm02","+","Water horsetail – Beaked sedge","Wm","wetland marsh"
"3784","IDFxh2/Wm03","+","Awned sedge","Wm","wetland marsh"
"3785","IDFxh2/Wm04","+","Common spikerush","Wm","wetland marsh"
"3786","IDFxh2/Wm05","+","Cattail","Wm","wetland marsh"
"3787","IDFxh2/Wm06","+","Soft-stemmed bulrush","Wm","wetland marsh"
"3788","IDFxh2/Wm07","+","Baltic rush","Wm","wetland marsh"
"3789","IDFxh2/Wm08","+","Three-square bulrush","Wm","wetland marsh"
"3790","IDFxh2/Wm11","+","Seacoast bulrush","Wm","wetland marsh"
"3791","IDFxh2/Wm12","+","Woolly sedge","Wm","wetland marsh"
"3792","IDFxh2/Ws03","+","Bebb's willow – Bluejoint","Ws","wetland swamp"
"3793","IDFxk/101","+","Fd – Rocky Mountain juniper – Pinegrass",NA,NA
"3794","IDFxk/102","+","Fd – Rocky Mountain juniper – Bluebunch wheatgrass",NA,NA
"3795","IDFxk/102a","+","Fd – Rocky Mountain juniper – Bluebunch wheatgrass; Xeric phase",NA,NA
"3796","IDFxk/102b","+","Fd – Rocky Mountain juniper – Bluebunch wheatgrass; Subxeric phase",NA,NA
"3797","IDFxk/103","+","Fd – Rocky Mountain juniper – Kinnikinnick",NA,NA
"3798","IDFxk/110","+","Fd – Feather moss – Step moss","CAS","cold aspects"
"3799","IDFxk/111","+","At – Prairie rose – Pinegrass",NA,NA
"3800","IDFxk/113a","+","Sxw – Dogwood – Horsetail; Xeric phase",NA,NA
"3801","IDFxk/113b","+","Sxw – Dogwood – Horsetail; Subxeric phase",NA,NA
"3802","IDFxk/Ff01","+","Water birch – Red-osier dogwood – Rose","Ff","fringe fluvial "
"3803","IDFxk/Ff01a","+","Water birch – Red-osier dogwood – Rose","Ff","fringe fluvial "
"3804","IDFxk/Ff01b","+","Water birch – Red-osier dogwood – Rose","Ff","fringe fluvial "
"3805","IDFxk/Fl01","+","Mountain alder – Common horsetail","Fl","low fluvial bench"
"3806","IDFxk/Fl02","+","Mountain alder – Red-osier dogwood – Lady fern","Fl","low fluvial bench"
"3807","IDFxk/Fl03","+","Pacific willow – Red-osier dogwood – Horsetail","Fl","low fluvial bench"
"3808","IDFxk/Fl06","+","Sandbar willow – Scouring-rush","Fl","low fluvial bench"
"3809","IDFxk/Ga01","+","Saltgrass","Ga","alkaline meadow"
"3810","IDFxk/Ga01.1","+","Saltgrass","Ga","alkaline meadow"
"3811","IDFxk/Ga01.2","+","Saltgrass – Spartina","Ga","alkaline meadow"
"3812","IDFxk/Ga02","+","Nuttall's alkaligrass – Foxtail barley","Ga","alkaline meadow"
"3813","IDFxk/Ga02.1","+","Nuttall's alkaligrass – Foxtail barley","Ga","alkaline meadow"
"3814","IDFxk/Ga02.2","+","Foxtail barley – Nuttall's alkaligrass","Ga","alkaline meadow"
"3815","IDFxk/Ga03","+","Field sedge","Ga","alkaline meadow"
"3816","IDFxk/Ga03$2","+","Field sedge","Ga","alkaline meadow"
"3817","IDFxk/Gb01","+","Juniper – Kinnikinnick – Bluebunch wheatgrass","Gb","brushland"
"3818","IDFxk/Gg01","+","Bluebunch wheatgrass – Prairie sagewort – Junegrass","Gg","grassland "
"3819","IDFxk/Gg02","+","Bluebunch wheatgrass – Balsamroot","Gg","grassland "
"3820","IDFxk/Gg02$2.2","+","Columbia needlegrass – Cheatgrass","Gg","grassland "
"3821","IDFxk/Gg02$2.3","+","Needle-and-thread grass – Cheatgrass","Gg","grassland "
"3822","IDFxk/Gg02$3.2","+","Antelope-brush – Bluebunch wheatgrass – Needle-and-thread grass","Gg","grassland "
"3823","IDFxk/Gg10","+","Rough fescue – Bluebunch wheatgrass","Gg","grassland "
"3824","IDFxk/Gg10$2.1","+","Bluebunch wheatgrass – Junegrass – Sandberg's bluegrass","Gg","grassland "
"3825","IDFxk/Gg10$2.3","+","Columbia needlegrass – Junegrass","Gg","grassland "
"3826","IDFxk/Gg12","+","Rough fescue – Yarrow – Old man's whiskers","Gg","grassland "
"3827","IDFxk/Gg12$2.3","+","Spreading needlegrass – Columbia needlegrass","Gg","grassland "
"3828","IDFxk/Gg12$2.4","+","Rabbit-brush – Needle-and-thread grass – Junegrass","Gg","grassland "
"3829","IDFxk/Gg12$2.6","+","Canada bluegrass – Dandelion","Gg","grassland "
"3830","IDFxk/Ro01","+","Selaginella – Bluebunch wheatgrass – Screw moss","Ro","rocky outcrop"
"3831","IDFxk/Ro01.1","+","Selaginella – Bluebunch wheatgrass – Screw moss","Ro","rocky outcrop"
"3832","IDFxk/Ro01.2","+","Selaginella – Screw moss","Ro","rocky outcrop"
"3833","IDFxk/Ro02","+","Rocky Mountain juniper – Selaginella – Bluebunch wheatgrass","Ro","rocky outcrop"
"3834","IDFxk/Ro05","+","Juniper – Kinnikinnick – Penstemon","Ro","rocky outcrop"
"3835","IDFxk/Ro05.1","+","Juniper – Kinnikinnick – Penstemon","Ro","rocky outcrop"
"3836","IDFxk/Rt01","+","Rocktripe – Green map","Rt","talus"
"3837","IDFxk/Rt04","+","Saskatoon – Bluebunch wheatgrass","Rt","talus"
"3838","IDFxk/Wf01","+","Water sedge – Beaked sedge","Wf","wetland fen"
"3839","IDFxk/Wf02","+","Scrub birch – Water sedge","Wf","wetland fen"
"3840","IDFxk/Wm01","+","Beaked sedge – Water sedge","Wm","wetland marsh"
"3841","IDFxk/Wm02","+","Water horsetail – Beaked sedge","Wm","wetland marsh"
"3842","IDFxk/Wm04","+","Common spikerush","Wm","wetland marsh"
"3843","IDFxk/Wm05","+","Cattail","Wm","wetland marsh"
"3844","IDFxk/Wm06","+","Soft-stemmed bulrush","Wm","wetland marsh"
"3845","IDFxk/Wm07","+","Baltic rush","Wm","wetland marsh"
"3846","IDFxk/Wm12","+","Woolly sedge","Wm","wetland marsh"
"3847","IDFxk/Wm14","+","Common reed","Wm","wetland marsh"
"3848","IDFxk/Ws04","+","Drummond's willow – Beaked sedge","Ws","wetland swamp"
"3849","IDFxm/01","+","Fd – Pinegrass – Feather moss",NA,NA
"3850","IDFxm/01a","+","Fd – Pinegrass – Feather moss; Typic",NA,NA
"3851","IDFxm/01b","+","Fd – Pinegrass – Feather moss; Cold",NA,NA
"3852","IDFxm/02","+","Fd – Bluebunch wheatgrass – Penstemon",NA,NA
"3853","IDFxm/02a","+","Fd – Bluebunch wheatgrass – Penstemon; Typic",NA,NA
"3854","IDFxm/02b","+","Fd – Bluebunch wheatgrass – Penstemon; Shallow",NA,NA
"3855","IDFxm/03","+","Fd – Juniper – Cladonia",NA,NA
"3856","IDFxm/05","+","Fd – Feather moss – Step moss","CAS","cold aspects"
"3857","IDFxm/06","+","Fd – Ricegrass – Feather moss",NA,NA
"3858","IDFxm/07","+","Fd – Prickly rose – Sarsaparilla",NA,NA
"3859","IDFxm/08","+","Sxw – Snowberry – Prickly rose",NA,NA
"3860","IDFxm/09","+","Sxw – Horsetail",NA,NA
"3861","IDFxm/10","+","At – Prairie rose – Pinegrass",NA,NA
"3862","IDFxm/Ff01","+","Water birch – Red-osier dogwood – Rose","Ff","fringe fluvial "
"3863","IDFxm/Ga01","+","Saltgrass","Ga","alkaline meadow"
"3864","IDFxm/Ga02","+","Nuttall's alkaligrass – Foxtail barley","Ga","alkaline meadow"
"3865","IDFxm/Ga03","+","Field sedge","Ga","alkaline meadow"
"3866","IDFxm/Gg01","+","Bluebunch wheatgrass – Prairie sagewort – Junegrass","Gg","grassland "
"3867","IDFxm/Gg04","+","Bluebunch wheatgrass – Junegrass – Pussytoes","Gg","grassland "
"3868","IDFxm/Gg20","+","Spreading needlegrass – Short-awned porcupinegrass","Gg","grassland "
"3869","IDFxm/Gg21","+","Spreading needlegrass – Rocky Mountain fescue","Gg","grassland "
"3870","IDFxm/Gg21a","+","Spreading needlegrass – Rocky Mountain fescue; Depression phase","Gg","grassland "
"3871","IDFxm/Gg21b","+","Spreading needlegrass – Rocky Mountain fescue; Forest Edge phase","Gg","grassland "
"3872","IDFxm/Gg21b$2.1","+","Kentucky bluegrass – Baltic rush","Gg","grassland "
"3873","IDFxm/Gg24","+","Short-awned pocupinegrass – Junegrass – Clad lichen","Gg","grassland "
"3874","IDFxm/Ro01","+","Selaginella – Bluebunch wheatgrass – Sidewalk moss","Ro","rocky outcrop"
"3875","IDFxm/Rt04","+","Saskatoon – Bluebunch wheatgrass","Rt","talus"
"3876","IDFxm/Wm01","+","Beaked sedge – Water sedge","Wm","wetland marsh"
"3877","IDFxm/Wm03","+","Awned sedge","Wm","wetland marsh"
"3878","IDFxm/Wm04","+","Common spikerush","Wm","wetland marsh"
"3879","IDFxm/Wm05","+","Cattail","Wm","wetland marsh"
"3880","IDFxm/Wm06","+","Soft-stemmed bulrush","Wm","wetland marsh"
"3881","IDFxm/Wm07","+","Baltic rush","Wm","wetland marsh"
"3882","IDFxm/Wm08","+","Three-square bulrush","Wm","wetland marsh"
"3883","IDFxm/Wm10","+","Boreal mannagrass","Wm","wetland marsh"
"3884","IDFxm/Wm11","+","Seacoast bulrush","Wm","wetland marsh"
"3885","IDFxm/Wm12","+","Woolly sedge","Wm","wetland marsh"
"3886","IDFxm/Wm13","+","Seaside arrow-grass","Wm","wetland marsh"
"3887","IDFxm/Ws03","+","Bebb's willow – Bluejoint","Ws","wetland swamp"
"3888","IDFxm/Ws05","+","Maccalla's willow – Beaked sedge","Ws","wetland swamp"
"3889","IDFxw/01","+","Fd – Juniper – Bluebunch wheatgrass",NA,NA
"3890","IDFxw/02","+","FdPy – Bluebunch wheatgrass – Pinegrass",NA,NA
"3891","IDFxw/05","+","Fd – Feather moss","CAS","cold aspects"
"3892","IDFxw/06","+","Sxw – Water birch",NA,NA
"3893","IDFxw/07","+","Sxw – Prickly rose – Coltsfoot",NA,NA
"3894","IDFxx1/101","+","FdPy – Pinegrass – Bluebunch wheatgrass",NA,NA
"3895","IDFxx1/102","+","Py – Mock-orange – Bluebunch wheatgrass",NA,NA
"3896","IDFxx1/103","+","Py – Bluebunch wheatgrass – Balsamroot",NA,NA
"3897","IDFxx1/104","+","Py – Bluebunch wheatgrass – Rough fescue",NA,NA
"3898","IDFxx1/110","+","Fd – Ninebark – Pinegrass",NA,NA
"3899","IDFxx1/111","+","Py(Lw) – Snowberry – Kentucky bluegrass",NA,NA
"3900","IDFxx1/Ff01","+","Water birch – Red-osier dogwood – Rose","Ff","fringe fluvial "
"3901","IDFxx1/Ff01a","+","Water birch – Red-osier dogwood – Rose; Fringe phase","Ff","fringe fluvial "
"3902","IDFxx1/Ff01b","+","Water birch – Red-osier dogwood – Rose; Grassland draw phase","Ff","fringe fluvial "
"3903","IDFxx1/Fl03","+","Pacific willow – Red-osier dogwood – Horsetail","Fl","low fluvial bench"
"3904","IDFxx1/Fl06","+","Sandbar willow – Scouring-rush","Fl","low fluvial bench"
"3905","IDFxx1/Fm05","+","Cottonwood – Douglas-fir – Douglas' maple – Snowberry","Fm","mid fluvial bench"
"3906","IDFxx1/Ga03","+","Field sedge","Ga","alkaline meadow"
"3907","IDFxx1/Ga03$2","+","Field sedge","Ga","alkaline meadow"
"3908","IDFxx1/Gb04","+","Choke cherry – Snowberry – Bluebunch wheatgrass","Gb","brushland"
"3909","IDFxx1/Gb05","+","Sumac – Bluebunch wheatgrass","Gb","brushland"
"3910","IDFxx1/Gg01","+","Bluebunch wheatgrass – Prairie sagewort – Junegrass","Gg","grassland "
"3911","IDFxx1/Gg02","+","Bluebunch wheatgrass – Balsamroot","Gg","grassland "
"3912","IDFxx1/Gg02$2.3","+","Needle-and-thread grass – Cheatgrass","Gg","grassland "
"3913","IDFxx1/Gg10","+","Rough fescue – Bluebunch wheatgrass","Gg","grassland "
"3914","IDFxx1/Gg11","+","Idaho fescue – Bluebunch wheatgrass – Junegrass","Gg","grassland "
"3915","IDFxx1/Gg11$2.1","+","Bluebunch wheatgrass – Junegrass – Sandberg's bluegrass","Gg","grassland "
"3916","IDFxx1/Gg11$2.4","+","Needle-and-thread grass – Cheatgrass","Gg","grassland "
"3917","IDFxx1/Gg13","+","Idaho fescue – Silky lupine","Gg","grassland "
"3918","IDFxx1/Gg13$2.2","+","Bluebunch wheatgrass – Junegrass – Sandberg's bluegrass","Gg","grassland "
"3919","IDFxx1/Gg13$2.3","+","Needle-and-thread grass – Yellow salsify","Gg","grassland "
"3920","IDFxx1/Gg13$2.5","+","Cheatgrass – Columbia needlegrass","Gg","grassland "
"3921","IDFxx1/Gg26","+","Red three-awn – Needle-and-thread grass","Gg","grassland "
"3922","IDFxx1/Ro01","+","Selaginella – Bluebunch wheatgrass – Screw moss","Ro","rocky outcrop"
"3923","IDFxx1/Ro01.1","+","Selaginella – Bluebunch wheatgrass – Screw moss","Ro","rocky outcrop"
"3924","IDFxx1/Ro01.2","+","Selaginella – Screw moss","Ro","rocky outcrop"
"3925","IDFxx1/Ro04","+","Big sagebrush – Selaginella – Bluebunch wheatgrass","Ro","rocky outcrop"
"3926","IDFxx1/Ro04.1","+","Big sagebrush – Selaginella – Bluebunch wheatgrass","Ro","rocky outcrop"
"3927","IDFxx1/Ro04.2","+","Rabbit-brush – Big sagebrush – Selaginella – Bluebunch wheatgrass","Ro","rocky outcrop"
"3928","IDFxx1/Rt01","+","Rocktripe – Green map","Rt","talus"
"3929","IDFxx1/Rt04","+","Saskatoon – Bluebunch wheatgrass","Rt","talus"
"3930","IDFxx1/Rt06","+","Saskatoon – Mock-orange – Bluebunch wheatgrass","Rt","talus"
"3931","IDFxx1/Wm01","+","Beaked sedge – Water sedge","Wm","wetland marsh"
"3932","IDFxx1/Wm03","+","Awned sedge","Wm","wetland marsh"
"3933","IDFxx1/Wm04","+","Common spikerush","Wm","wetland marsh"
"3934","IDFxx1/Wm05","+","Cattail","Wm","wetland marsh"
"3935","IDFxx1/Wm06","+","Soft-stemmed bulrush","Wm","wetland marsh"
"3936","IDFxx1/Wm07","+","Baltic rush","Wm","wetland marsh"
"3937","IDFxx1/Wm12","+","Woolly sedge","Wm","wetland marsh"
"3938","IDFxx1/Wm14","+","Common reed","Wm","wetland marsh"
"3939","IDFxx2/101","+","FdPy – Pinegrass – Bluebunch wheatgrass",NA,NA
"3940","IDFxx2/101.1","+","FdPy – Pinegrass – Bluebunch wheatgrass",NA,NA
"3941","IDFxx2/101.2","+","FdPy – Pinegrass",NA,NA
"3942","IDFxx2/102","+","Py – Mock-orange – Bluebunch wheatgrass",NA,NA
"3943","IDFxx2/104","+","Py – Bluebunch wheatgrass – Rough fescue",NA,NA
"3944","IDFxx2/110","+","Fd – Feather moss – Step moss","CAS","cold aspects"
"3945","IDFxx2/111","+","FdLw – Snowberry – Pinegrass",NA,NA
"3946","IDFxx2/112","+","Sxw – Dogwood – Horsetail",NA,NA
"3947","IDFxx2/112a","+","Sxw – Dogwood – Horsetail; High bench phase",NA,NA
"3948","IDFxx2/112b","+","Sxw – Dogwood – Horsetail; Swamp phase",NA,NA
"3949","IDFxx2/Ff01","+","Water birch – Red-osier dogwood – Rose","Ff","fringe fluvial "
"3950","IDFxx2/Ff01a","+","Water birch – Red-osier dogwood – Rose","Ff","fringe fluvial "
"3951","IDFxx2/Ff01b","+","Water birch – Red-osier dogwood – Rose","Ff","fringe fluvial "
"3952","IDFxx2/Fl01","+","Mountain alder – Common horsetail","Fl","low fluvial bench"
"3953","IDFxx2/Fl03","+","Pacific willow – Red-osier dogwood – Horsetail","Fl","low fluvial bench"
"3954","IDFxx2/Fl06","+","Sandbar willow – Scouring-rush","Fl","low fluvial bench"
"3955","IDFxx2/Ga01","+","Saltgrass","Ga","alkaline meadow"
"3956","IDFxx2/Ga01.1","+","Saltgrass","Ga","alkaline meadow"
"3957","IDFxx2/Ga01.2","+","Saltgrass – Spartina","Ga","alkaline meadow"
"3958","IDFxx2/Ga02","+","Nuttall's alkaligrass – Foxtail barley","Ga","alkaline meadow"
"3959","IDFxx2/Ga02.1","+","Nuttall's alkaligrass – Foxtail barley","Ga","alkaline meadow"
"3960","IDFxx2/Ga02.2","+","Foxtail barley – Nuttall's alkaligrass","Ga","alkaline meadow"
"3961","IDFxx2/Ga03","+","Field sedge","Ga","alkaline meadow"
"3962","IDFxx2/Ga03$2","+","Field sedge","Ga","alkaline meadow"
"3963","IDFxx2/Ga06","+","Seablite","Ga","alkaline meadow"
"3964","IDFxx2/Gb04","+","Choke cherry – Snowberry – Bluebunch wheatgrass","Gb","brushland"
"3965","IDFxx2/Gg01","+","Bluebunch wheatgrass – Prairie sagewort – Junegrass","Gg","grassland "
"3966","IDFxx2/Gg01$2.2","+","Needle-and-thread grass – Cheatgrass","Gg","grassland "
"3967","IDFxx2/Gg01$3.1","+","Antelope-brush – Bluebunch wheatgrass – Needle-and-thread grass – Cheatgrass","Gg","grassland "
"3968","IDFxx2/Gg02","+","Bluebunch wheatgrass – Balsamroot","Gg","grassland "
"3969","IDFxx2/Gg02$2.2","+","Columbia needlegrass – Cheatgrass","Gg","grassland "
"3970","IDFxx2/Gg02$2.3","+","Needle-and-thread grass – Cheatgrass","Gg","grassland "
"3971","IDFxx2/Gg02$3.2","+","Antelope-brush – Bluebunch wheatgrass – Needle-and-thread grass","Gg","grassland "
"3972","IDFxx2/Gg10","+","Rough fescue – Bluebunch wheatgrass","Gg","grassland "
"3973","IDFxx2/Gg10$2.1","+","Bluebunch wheatgrass – Junegrass – Sandberg's bluegrass","Gg","grassland "
"3974","IDFxx2/Gg10$2.3","+","Columbia needlegrass – Junegrass","Gg","grassland "
"3975","IDFxx2/Gg10$3.3","+","Antelope-brush – Saskatoon – Bluebunch wheatgrass – Kentucky bluegrass","Gg","grassland "
"3976","IDFxx2/Gg15","+","Rough fescue – Idaho fescue","Gg","grassland "
"3977","IDFxx2/Gg15$2.1","+","Idaho fescue – Bluebunch wheatgrass – Yellow salsify","Gg","grassland "
"3978","IDFxx2/Gg15$2.2","+","Bluebunch wheatgrass – Junegrass – Sandberg's bluegrass","Gg","grassland "
"3979","IDFxx2/Gg15$2.3","+","Short-awned porcupinegrass – Yarrow","Gg","grassland "
"3980","IDFxx2/Gg15$2.4","+","Spreading needlegrass – Kentucky bluegrass","Gg","grassland "
"3981","IDFxx2/Gg15$2.5","+","Needle-and-thread grass – Junegrass","Gg","grassland "
"3982","IDFxx2/Gg15$2.6","+","Junegrass – Sandberg's bluegrass – Yellow salsify","Gg","grassland "
"3983","IDFxx2/Gg15$2.7","+","Canada bluegrass – Kentucky bluegrass","Gg","grassland "
"3984","IDFxx2/Gg15a","+","Rough fescue – Idaho fescue; Dry phase","Gg","grassland "
"3985","IDFxx2/Gg15b","+","Rough fescue – Idaho fescue; Mesic phase","Gg","grassland "
"3986","IDFxx2/Gs12","+","Antelope-brush – Snowberry – Bluebunch wheatgrass","Gs","shrub-steppe"
"3987","IDFxx2/Gs13","+","Antelope-brush – Prairie sandgrass","Gs","shrub-steppe"
"3988","IDFxx2/Ro01","+","Selaginella – Bluebunch wheatgrass – Screw moss","Ro","rocky outcrop"
"3989","IDFxx2/Ro01.1","+","Selaginella – Bluebunch wheatgrass – Screw moss","Ro","rocky outcrop"
"3990","IDFxx2/Ro01.2","+","Selaginella – Screw moss","Ro","rocky outcrop"
"3991","IDFxx2/Ro02","+","Rocky Mountain juniper – Selaginella – Bluebunch wheatgrass","Ro","rocky outcrop"
"3992","IDFxx2/Ro03","+","Antelope-brush – Selaginella – Bluebunch wheatgrass","Ro","rocky outcrop"
"3993","IDFxx2/Rt01","+","Rocktripe – Green map","Rt","talus"
"3994","IDFxx2/Rt04","+","Saskatoon – Bluebunch wheatgrass","Rt","talus"
"3995","IDFxx2/Wf01","+","Water sedge – Beaked sedge","Wf","wetland fen"
"3996","IDFxx2/Wm01","+","Beaked sedge – Water sedge","Wm","wetland marsh"
"3997","IDFxx2/Wm02","+","Water horsetail – Beaked sedge","Wm","wetland marsh"
"3998","IDFxx2/Wm03","+","Awned sedge","Wm","wetland marsh"
"3999","IDFxx2/Wm04","+","Common spikerush","Wm","wetland marsh"
"4000","IDFxx2/Wm05","+","Cattail","Wm","wetland marsh"
"4001","IDFxx2/Wm06","+","Soft-stemmed bulrush","Wm","wetland marsh"
"4002","IDFxx2/Wm07","+","Baltic rush","Wm","wetland marsh"
"4003","IDFxx2/Wm12","+","Woolly sedge","Wm","wetland marsh"
"4004","IDFxx2/Wm14","+","Common reed","Wm","wetland marsh"
"4005","IMAun/Ag01","+","Timber oatgrass – Grouseberry – Sandwort","Ag","alpine grassland"
"4006","MHmm1/101","+","HmBa – Blueberry – Pipecleaner moss",NA,NA
"4007","MHmm1/101a","+","HmBa – Blueberry – Pipecleaner moss; Typic phase",NA,NA
"4008","MHmm1/101b","+","HmBa – Blueberry – Pipecleaner moss; Subxeric phase",NA,NA
"4009","MHmm1/102","+","YcHm – Mountain-heaths – Clad lichens",NA,NA
"4010","MHmm1/110","+","HmBa – Foamflower",NA,NA
"4011","MHmm1/111","+","HmYc – Copperbush – Deer cabbage",NA,NA
"4012","MHmm1/112","+","HmBa – Devil's club – Oak fern",NA,NA
"4013","MHmm1/Ro62","+","Mountain-heather – Rock mosses","Ro","rocky outcrop"
"4014","MHmm1/Vh60","+","Lady fern – Cow parsnip – Goatsbeard","Vh","avalanche herb"
"4015","MHmm1/Vs60","+","Sitka alder – Salmonberry – Lady fern","Vs","avalanche shrub"
"4016","MHmm1/Vs60.1","+","Sitka alder – Salmonberry – Lady fern; Typic variation","Vs","avalanche shrub"
"4017","MHmm1/Vs60.2","+","Sitka alder – Salmonberry – Lady fern; Salmonberry variation","Vs","avalanche shrub"
"4018","MHmm1/Wb58","+","YcHm – Narrow-leaved cotton-grass – Peat mosses","Wb","wetland bog "
"4019","MHmm1/Wf50","+","Narrow-leaved cotton-grass – Peat mosses","Wf","wetland fen"
"4020","MHmm1/Wf51","+","Sitka sedge – Peat mosses","Wf","wetland fen"
"4021","MHmm1/Ws55","+","YcHm – Skunk cabbage","Ws","wetland swamp"
"4022","MHmm2/101","+","HmBa – Blueberry – Pipecleaner moss",NA,NA
"4023","MHmm2/101a","+","HmBa – Blueberry – Pipecleaner moss; Typic phase",NA,NA
"4024","MHmm2/101b","+","HmBa – Blueberry – Pipecleaner moss; Subxeric phase",NA,NA
"4025","MHmm2/102","+","HmBl – Pink mountain-heath – Reindeer lichens",NA,NA
"4026","MHmm2/110","+","HmBl – Valerian – Foamflower",NA,NA
"4027","MHmm2/111","+","HmBa – Deer cabbage – Peat mosses",NA,NA
"4028","MHmm2/112","+","HmBa – Devil's club – Oak fern",NA,NA
"4029","MHmm2/113","+","HmBl – Lady fern – Valerian",NA,NA
"4030","MHmm2/Ro62","+","Mountain-heather – Rock mosses","Ro","rocky outcrop"
"4031","MHmm2/Vh60","+","Lady fern – Cow parsnip – Goatsbeard","Vh","avalanche herb"
"4032","MHmm2/Vs60","+","Sitka alder – Salmonberry – Lady fern","Vs","avalanche shrub"
"4033","MHmm2/Vs60.1","+","Sitka alder – Salmonberry – Lady fern; Typic variation","Vs","avalanche shrub"
"4034","MHmm2/Vs60.2","+","Sitka alder – Salmonberry – Lady fern; Salmonberry variation","Vs","avalanche shrub"
"4035","MHmm2/Wb57","+","PlcYc – Deer cabbage – Peat mosses","Wb","wetland bog "
"4036","MHmm2/Wf01","+","Water sedge – Beaked sedge","Wf","wetland fen"
"4037","MHmm2/Wf50","+","Narrow-leaved cotton-grass – Peat mosses","Wf","wetland fen"
"4038","MHmm2/Wf51","+","Sitka sedge – Peat mosses","Wf","wetland fen"
"4039","MHmm2/Ws59","+","HmBl – Skunk cabbage","Ws","wetland swamp"
"4040","MHmm2/Ws63","+","HmBl – Lady fern – Horsetail","Ws","wetland swamp"
"4041","MHms/101","+","HmBl – Huckleberry – Blueberry – Oak fern",NA,NA
"4042","MHms/102","+","Hm – Huckleberry – Clad lichens",NA,NA
"4043","MHms/103","+","HmBl – Huckleberry – Heron's-bill mosses",NA,NA
"4044","MHms/110","+","HmBl – Lady fern – Valerian",NA,NA
"4045","MHms/111","+","HmBl – Devil's club – Lady fern",NA,NA
"4046","MHms/112","+","HmBl – Lady fern – Horsetail",NA,NA
"4047","MHms/Ro62","+","Mountain-heather – Rock mosses","Ro","rocky outcrop"
"4048","MHms/Vs60","+","Sitka alder – Salmonberry – Lady fern","Vs","avalanche shrub"
"4049","MHms/Vs60.1","+","Sitka alder – Salmonberry – Lady fern; Typic variation","Vs","avalanche shrub"
"4050","MHms/Vs60.2","+","Sitka alder – Salmonberry – Lady fern; Salmonberry variation","Vs","avalanche shrub"
"4051","MHms/Wb57","+","PlcYc – Deer cabbage – Peat mosses","Wb","wetland bog "
"4052","MHms/Wf50","+","Narrow-leaved cotton-grass – Peat mosses","Wf","wetland fen"
"4053","MHms/Ws08","+","Bl – Valerian – Horsetail","Ws","wetland swamp"
"4054","MHms/Ws63","+","HmBl – Lady fern – Horsetail","Ws","wetland swamp"
"4055","MHvh/101","+","HmYc – Blueberry – Lanky moss",NA,NA
"4056","MHvh/101a","+","HmYc – Blueberry – Lanky moss; Typic phase",NA,NA
"4057","MHvh/101b","+","HmYc – Blueberry – Lanky moss; Subxeric phase",NA,NA
"4058","MHvh/102","+","YcHm – Crowberry – Lanky moss",NA,NA
"4059","MHvh/110","+","HmBaYc – Deer fern – Twistedstalks",NA,NA
"4060","MHvh/111","+","HmYc – Copperbush – Deer cabbage",NA,NA
"4061","MHvh/Vs60","+","Sitka alder – Salmonberry – Lady fern","Vs","avalanche shrub"
"4062","MHvh/Vs60.1","+","Sitka alder – Salmonberry – Lady fern; Typic variation","Vs","avalanche shrub"
"4063","MHvh/Vs60.2","+","Sitka alder – Salmonberry – Lady fern; Salmonberry variation","Vs","avalanche shrub"
"4064","MHvh/Wb51","+","Plc – Crowberry – Peat mosses","Wb","wetland bog "
"4065","MHvh/Wb53","+","PlcYc – Tufted clubrush","Wb","wetland bog "
"4066","MHvh/Wb53.2","+","PlcYc – Tufted clubrush; Tall shrub variation","Wb","wetland bog "
"4067","MHvh/Wb53.3","+","PlcYc – Tufted clubrush; Low shrub variation","Wb","wetland bog "
"4068","MHvh/Wb57","+","PlcYc – Deer cabbage – Peat mosses","Wb","wetland bog "
"4069","MHvh/Wf50","+","Narrow-leaved cotton-grass – Peat mosses","Wf","wetland fen"
"4070","MHvh/Ws55","+","YcHm – Skunk cabbage","Ws","wetland swamp"
"4071","MHwh/101","+","HmSs – Blueberry",NA,NA
"4072","MHwh/101a","+","HmSs – Blueberry; Mesic phase",NA,NA
"4073","MHwh/101b","+","HmSs – Blueberry; Drier phase",NA,NA
"4074","MHwh/101c","+","HmSs – Blueberry; Moister phase",NA,NA
"4075","MHwh/102","+","YcHm – Crowberry – Mountain-heather",NA,NA
"4076","MHwh/110","+","HmSs – Reedgrass – Lanky moss",NA,NA
"4077","MHwh/111","+","HmSs – Reedgrass – Deer cabbage",NA,NA
"4078","MHwh/Am33","+","Arrow-leaved groundsel – Hellebore – Large-awned sedge",NA,NA
"4079","MHwh/Wb53","+","PlcYc – Tufted clubrush","Wb","wetland bog "
"4080","MHwh/Wb54","+","Yc – Tufted clubrush – Tufted hairgrass","Wb","wetland bog "
"4081","MHwhp/Am33","+","Arrow-leaved groundsel – Hellebore – Large-awned sedge",NA,NA
"4082","MHwhp/Am34","+","Tufted hairgrass – Calder's lovage",NA,NA
"4083","MHwhp/Sk33","+","Mountain hemlock – Bog blueberry – Crowberry","Sk","subalpine krummholz"
"4084","MHwhp/Sk34","+","Mountain  hemlock – Pacific reedgrass – Hellebore","Sk","subalpine krummholz"
"4085","MSdc1/01","+","Sxw – Wintergreen – Feather moss",NA,NA
"4086","MSdc1/02","+","FdPl – Juniper",NA,NA
"4087","MSdc1/03","+","Pl – Spirea – Pinegrass",NA,NA
"4088","MSdc1/04","+","Sxw – Gooseberry",NA,NA
"4089","MSdc1/05","+","Sedge – Glow moss",NA,NA
"4090","MSdc1/Wf01","+","Water sedge – Beaked sedge","Wf","wetland fen"
"4091","MSdc1/Wf04","+","Barclay's willow – Water sedge – Glow moss","Wf","wetland fen"
"4092","MSdc1/Wf08","+","Shore sedge – Buckbean – Hook moss","Wf","wetland fen"
"4093","MSdc1/Wm01","+","Beaked sedge – Water sedge","Wm","wetland marsh"
"4094","MSdc1/Ws06","+","Sitka willow – Sitka sedge","Ws","wetland swamp"
"4095","MSdc2/01","+","Sxw – Wintergreen – Feather moss",NA,NA
"4096","MSdc2/02","+","FdBl – Spirea – Stonecrop",NA,NA
"4097","MSdc2/04","+","PlBl – Soopolallie – Kinnikinnick",NA,NA
"4098","MSdc2/06","+","Sxw – Twinberry – Reedgrass",NA,NA
"4099","MSdc2/07","+","Sxw – Gooseberry",NA,NA
"4100","MSdc2/08","+","Sxw – Horsetail – Leafy moss",NA,NA
"4101","MSdc2/Wf02","+","Scrub birch – Water sedge","Wf","wetland fen"
"4102","MSdc2/Wm01","+","Beaked sedge – Water sedge","Wm","wetland marsh"
"4103","MSdc2/Wm02","+","Water horsetail – Beaked sedge","Wm","wetland marsh"
"4104","MSdk/101","+","SxwFd – Bunchberry – Feather moss",NA,NA
"4105","MSdk/102","+","Fd – Juniper – Douglas' maple",NA,NA
"4106","MSdk/104","+","SxwPl – Labrador tea – Feather moss","CA","cold aspects - cold air"
"4107","MSdk/105","+","FdPl – Pinegrass – Twinflower",NA,NA
"4108","MSdk/110","+","SxwBl – Azalea – Bunchberry",NA,NA
"4109","MSdk/110.1","+","SxwBl – Azalea – Bunchberry",NA,NA
"4110","MSdk/110.2","+","CwSxw – Bunchberry – Mitreworts",NA,NA
"4111","MSdk/111","+","SxwBl – Horsetail",NA,NA
"4112","MSdk/111a","+","SxwBl – Horsetail; Riparian phase",NA,NA
"4113","MSdk/111b","+","SxwBl – Horsetail; Swamp phase",NA,NA
"4114","MSdk/112","+","Sxw – Labrador tea – Peat moss",NA,NA
"4115","MSdk/112a","+","Sxw – Labrador tea – Peat moss; Riparian phase",NA,NA
"4116","MSdk/112b","+","Sxw – Labrador tea – Peat moss; Bog phase",NA,NA
"4117","MSdk/Ff01","+","Water birch – Red-osier dogwood – Rose","Ff","fringe fluvial "
"4118","MSdk/Ff01a","+","Water birch – Red-osier dogwood – Rose","Ff","fringe fluvial "
"4119","MSdk/Fl01","+","Mountain alder – Common horsetail","Fl","low fluvial bench"
"4120","MSdk/Fl02","+","Mountain alder – Red-osier dogwood – Lady fern","Fl","low fluvial bench"
"4121","MSdk/Fl04","+","Sitka willow – Red-osier dogwood – Horsetail","Fl","low fluvial bench"
"4122","MSdk/Gb01","+","Juniper – Kinnikinnick – Bluebunch wheatgrass","Gb","brushland"
"4123","MSdk/Gg14","+","Idaho fescue – Sulphur buckwheat – Sandwort","Gg","grassland "
"4124","MSdk/Ro01","+","Selaginella – Bluebunch wheatgrass – Screw moss","Ro","rocky outcrop"
"4125","MSdk/Ro01.1","+","Selaginella – Bluebunch wheatgrass – Screw moss","Ro","rocky outcrop"
"4126","MSdk/Ro01.2","+","Selaginella – Screw moss","Ro","rocky outcrop"
"4127","MSdk/Ro05","+","Juniper – Kinnikinnick – Penstemon","Ro","rocky outcrop"
"4128","MSdk/Ro05.1","+","Juniper – Kinnikinnick – Penstemon","Ro","rocky outcrop"
"4129","MSdk/Ro09","+","Saskatoon – Rock moss – Clad lichen","Ro","rocky outcrop"
"4130","MSdk/Ro09.1","+","Saskatoon – Rock moss – Clad lichen","Ro","rocky outcrop"
"4131","MSdk/Ro11","+","Grouseberry – Clad lichen","Ro","rocky outcrop"
"4132","MSdk/Rt01","+","Rocktripe – Green map","Rt","talus"
"4133","MSdk/Rt02","+","Rock moss – Clad lichen","Rt","talus"
"4134","MSdk/Rt03","+","Raspberry – Feather moss – Clad lichen","Rt","talus"
"4135","MSdk/Rt04","+","Saskatoon – Bluebunch wheatgrass","Rt","talus"
"4136","MSdk/Rt07","+","Aspen – Juniper – Rocktripe","Rt","talus"
"4137","MSdk/Rt07.1","+","Aspen – Juniper – Rocktripe; Aspen variation","Rt","talus"
"4138","MSdk/Rt07.2","+","Juniper – Rocktripe","Rt","talus"
"4139","MSdk/Rt08","+","Aspen – Douglas' maple – Saskatoon","Rt","talus"
"4140","MSdk/Rt20","+","Spotted saxifrage – Clad lichen","Rt","talus"
"4141","MSdk/Vh01","+","Cow parsnip – Fireweed – Nettle","Vh","avalanche herb"
"4142","MSdk/Vh01.1","+","Cow parsnip – Fireweed – Nettle","Vh","avalanche herb"
"4143","MSdk/Vh01.2","+","Cow parsnip – Fireweed – Bluejoint","Vh","avalanche herb"
"4144","MSdk/Vh10","+","Fireweed – Grouseberry","Vh","avalanche herb"
"4145","MSdk/Vh11","+","Fireweed – Yarrow – Strawberry","Vh","avalanche herb"
"4146","MSdk/Vs02","+","Sitka alder – Solomon's-seal","Vs","avalanche shrub"
"4147","MSdk/Vs10","+","Willow – Cow parsnip – Fireweed","Vs","avalanche shrub"
"4148","MSdk/Vs10.1","+","Sitka willow – Cow parsnip – Fireweed","Vs","avalanche shrub"
"4149","MSdk/Vs10.2","+","Barclay's willow – Cow parsnip – Fireweed","Vs","avalanche shrub"
"4150","MSdk/Vs11","+","Thimbleberry – Cow parsnip – Fireweed","Vs","avalanche shrub"
"4151","MSdk/Vs12","+","Huckleberry – Rhododendron – Fireweed","Vs","avalanche shrub"
"4152","MSdk/Vs14","+","Saskatoon – Snowberry – Strawberry","Vs","avalanche shrub"
"4153","MSdk/Wb15","+","Sxw – Labrador tea – Peat moss","Wb","wetland bog "
"4154","MSdk/Wf01","+","Water sedge – Beaked sedge","Wf","wetland fen"
"4155","MSdk/Wf06","+","Slender sedge – Buckbean","Wf","wetland fen"
"4156","MSdk/Wf07","+","Scrub birch – Buckbean – Shore sedge","Wf","wetland fen"
"4157","MSdk/Wf08","+","Shore sedge – Buckbean – Hook moss","Wf","wetland fen"
"4158","MSdk/Wf11","+","Tufted clubrush – Star moss","Wf","wetland fen"
"4159","MSdk/Wm02","+","Water horsetail – Beaked sedge","Wm","wetland marsh"
"4160","MSdk/Wm04","+","Common spikerush","Wm","wetland marsh"
"4161","MSdk/Wm05","+","Cattail","Wm","wetland marsh"
"4162","MSdk/Wm15","+","Bluejoint – Water sedge","Wm","wetland marsh"
"4163","MSdk/Wm16","+","Bluejoint – Arrow-leaved groundsel","Wm","wetland marsh"
"4164","MSdk/Ws02","+","Mountain alder – Pink spirea – Sitka sedge","Ws","wetland swamp"
"4165","MSdk/Ws03","+","Bebb's willow – Bluejoint","Ws","wetland swamp"
"4166","MSdk/Ws06","+","Sitka willow – Sitka sedge","Ws","wetland swamp"
"4167","MSdk/Ws07","+","Sxw – Horsetail – Leafy moss","Ws","wetland swamp"
"4168","MSdk/Ws07.1","+","Sxw – Horsetail – Leafy moss; Typic variation","Ws","wetland swamp"
"4169","MSdk/Ws07.2","+","Sxw – Horsetail – Leafy moss; Soft-leaved sedge variation","Ws","wetland swamp"
"4170","MSdm1/101","+","Sxw – Falsebox – Feather moss",NA,NA
"4171","MSdm1/102","+","Fd – Douglas' maple – Pentsemon",NA,NA
"4172","MSdm1/103","+","Fd(Lw) – Pinegrass – Kinnikinnick",NA,NA
"4173","MSdm1/103a","+","Fd(Lw) – Pinegrass – Kinnikinnick; Subxeric phase",NA,NA
"4174","MSdm1/103b","+","Fd(Lw) – Pinegrass – Kinnikinnick; Submesic phase",NA,NA
"4175","MSdm1/104","+","Pl(Lw) – Pinegrass – Grouseberry",NA,NA
"4176","MSdm1/110","+","SxwBl – Trapper's tea – Grouseberry",NA,NA
"4177","MSdm1/111","+","SxwBl – Gooseberry",NA,NA
"4178","MSdm1/111.1","+","SxwBl – Gooseberry",NA,NA
"4179","MSdm1/111.2","+","SxwBl(Cw) – Thimbleberry",NA,NA
"4180","MSdm1/112","+","SxwBl – Gooseberry – Oak fern",NA,NA
"4181","MSdm1/113","+","Sxw(Bl) – Horsetail",NA,NA
"4182","MSdm1/113a","+","Sxw(Bl) – Horsetail; Riparian phase",NA,NA
"4183","MSdm1/113b","+","Sxw(Bl) – Horsetail; Swamp phase",NA,NA
"4184","MSdm1/Ff01","+","Water birch – Red-osier dogwood – Rose","Ff","fringe fluvial "
"4185","MSdm1/Ff01a","+","Water birch – Red-osier dogwood – Rose; Fringe phase","Ff","fringe fluvial "
"4186","MSdm1/Fl01","+","Mountain alder – Common horsetail","Fl","low fluvial bench"
"4187","MSdm1/Fl05","+","Drummond's willow – Bluejoint","Fl","low fluvial bench"
"4188","MSdm1/Gb21","+","Juniper – Kinnikinnick – Strawberry","Gb","brushland"
"4189","MSdm1/Gg11","+","Idaho fescue – Bluebunch wheatgrass – Junegrass","Gg","grassland "
"4190","MSdm1/Gg11$2.1","+","Bluebunch wheatgrass – Junegrass – Sandberg's bluegrass","Gg","grassland "
"4191","MSdm1/Gg11$2.4","+","Needle-and-thread grass – Cheatgrass","Gg","grassland "
"4192","MSdm1/Gg11$3.1","+","Big sagebrush – Bluebunch wheatgrass – Idaho fescue","Gg","grassland "
"4193","MSdm1/Gg18","+","Idaho fescue – Bluebunch wheatgrass – Selaginella","Gg","grassland "
"4194","MSdm1/Gs06","+","Mountain sagebrush – Pinegrass – Idaho Fescue","Gs","shrub-steppe"
"4195","MSdm1/Gs06$3.2","+","Mountain sagebrush – Kentucky bluegrass","Gs","shrub-steppe"
"4196","MSdm1/Ro01","+","Selaginella – Bluebunch wheatgrass – Screw moss","Ro","rocky outcrop"
"4197","MSdm1/Ro01.1","+","Selaginella – Bluebunch wheatgrass – Screw moss","Ro","rocky outcrop"
"4198","MSdm1/Ro01.2","+","Selaginella – Screw moss","Ro","rocky outcrop"
"4199","MSdm1/Ro05","+","Juniper – Kinnikinnick – Penstemon","Ro","rocky outcrop"
"4200","MSdm1/Ro05.1","+","Juniper – Kinnikinnick – Penstemon","Ro","rocky outcrop"
"4201","MSdm1/Ro09","+","Saskatoon – Rock moss – Clad lichen","Ro","rocky outcrop"
"4202","MSdm1/Ro09.1","+","Saskatoon – Rock moss – Clad lichen","Ro","rocky outcrop"
"4203","MSdm1/Ro09.2","+","Saskatoon – Poverty oatgrass – Rock moss – Clad lichen","Ro","rocky outcrop"
"4204","MSdm1/Ro11","+","Grouseberry – Clad lichen","Ro","rocky outcrop"
"4205","MSdm1/Rt01","+","Rocktripe – Green map","Rt","talus"
"4206","MSdm1/Rt02","+","Rock moss – Clad lichen","Rt","talus"
"4207","MSdm1/Rt03","+","Raspberry – Feather moss – Clad lichen","Rt","talus"
"4208","MSdm1/Rt07","+","Aspen – Juniper – Rocktripe","Rt","talus"
"4209","MSdm1/Rt07.1","+","Aspen – Juniper – Rocktripe; Aspen variation","Rt","talus"
"4210","MSdm1/Rt07.2","+","Juniper – Rocktripe","Rt","talus"
"4211","MSdm1/Rt08","+","Aspen – Douglas' maple – Saskatoon","Rt","talus"
"4212","MSdm1/Wb16","+","Sxw – Trapper's tea – Peat moss","Wb","wetland bog "
"4213","MSdm1/Wf01","+","Water sedge – Beaked sedge","Wf","wetland fen"
"4214","MSdm1/Wf02","+","Scrub birch – Water sedge","Wf","wetland fen"
"4215","MSdm1/Wf04","+","Barclay's willow – Water sedge – Glow moss","Wf","wetland fen"
"4216","MSdm1/Wf05","+","Slender sedge – Common hook moss","Wf","wetland fen"
"4217","MSdm1/Wf07","+","Scrub birch – Buckbean – Shore sedge","Wf","wetland fen"
"4218","MSdm1/Wf11","+","Tufted clubrush – Star moss","Wf","wetland fen"
"4219","MSdm1/Wm01","+","Beaked sedge – Water sedge","Wm","wetland marsh"
"4220","MSdm1/Wm02","+","Water horsetail – Beaked sedge","Wm","wetland marsh"
"4221","MSdm1/Wm04","+","Common spikerush","Wm","wetland marsh"
"4222","MSdm1/Wm05","+","Cattail","Wm","wetland marsh"
"4223","MSdm1/Wm09","+","Inflated sedge","Wm","wetland marsh"
"4224","MSdm1/Wm15","+","Bluejoint – Water sedge","Wm","wetland marsh"
"4225","MSdm1/Wm16","+","Bluejoint – Arrow-leaved groundsel","Wm","wetland marsh"
"4226","MSdm1/Ws02","+","Mountain alder – Pink spirea – Sitka sedge","Ws","wetland swamp"
"4227","MSdm1/Ws04","+","Drummond's willow – Beaked sedge","Ws","wetland swamp"
"4228","MSdm1/Ws06","+","Sitka willow – Sitka sedge","Ws","wetland swamp"
"4229","MSdm1/Ws07","+","Sxw – Horsetail – Leafy moss","Ws","wetland swamp"
"4230","MSdm1/Ws07.1","+","Sxw – Horsetail – Leafy moss; Typic variation","Ws","wetland swamp"
"4231","MSdm1/Ws07.2","+","Sxw – Horsetail – Leafy moss; Soft-leaved sedge variation","Ws","wetland swamp"
"4232","MSdm2/101","+","Sxw – Falsebox – Feather moss",NA,NA
"4233","MSdm2/102","+","FdPl – Juniper – Kinnikinnick",NA,NA
"4234","MSdm2/104","+","Pl – Pinegrass – Grouseberry",NA,NA
"4235","MSdm2/111","+","SxwBl – Gooseberry",NA,NA
"4236","MSdm2/112","+","Sxw – Devil's club",NA,NA
"4237","MSdm2/113","+","SxwBl – Horsetail",NA,NA
"4238","MSdm2/Gb21","+","Juniper – Kinnikinnick – Strawberry","Gb","brushland"
"4239","MSdm2/Gg02","+","Bluebunch wheatgrass – Balsamroot","Gg","grassland "
"4240","MSdm2/Gg11","+","Idaho fescue – Bluebunch wheatgrass – Junegrass","Gg","grassland "
"4241","MSdm2/Gg11$2.1","+","Bluebunch wheatgrass – Junegrass – Sandberg's bluegrass","Gg","grassland "
"4242","MSdm2/Gg11$2.3","+","Columbia needlegrass – Cheatgrass","Gg","grassland "
"4243","MSdm2/Gg11$2.4","+","Needle-and-thread grass – Cheatgrass","Gg","grassland "
"4244","MSdm2/Gg32","+","Pinegrass – Kinnikinnick","Gg","grassland "
"4245","MSdm2/Gs04","+","Mountain sagebrush – Bluebunch wheatgrass","Gs","shrub-steppe"
"4246","MSdm2/Ro01","+","Selaginella – Bluebunch wheatgrass – Screw moss","Ro","rocky outcrop"
"4247","MSdm2/Ro01.1","+","Selaginella – Bluebunch wheatgrass – Screw moss","Ro","rocky outcrop"
"4248","MSdm2/Ro01.2","+","Selaginella – Screw moss","Ro","rocky outcrop"
"4249","MSdm2/Ro05","+","Juniper – Kinnikinnick – Penstemon","Ro","rocky outcrop"
"4250","MSdm2/Ro05.1","+","Juniper – Kinnikinnick – Penstemon","Ro","rocky outcrop"
"4251","MSdm2/Ro05.2","+","Juniper – Kinnikinnick – Penstemon – Screw moss","Ro","rocky outcrop"
"4252","MSdm2/Ro06","+","Juniper – Stonecrop – Sandwort","Ro","rocky outcrop"
"4253","MSdm2/Ro06.1","+","Juniper – Stonecrop – Sandwort","Ro","rocky outcrop"
"4254","MSdm2/Ro06.2","+","Juniper – Kinnikinnick – Stonecrop – Sandwort","Ro","rocky outcrop"
"4255","MSdm2/Ro11","+","Grouseberry – Clad lichen","Ro","rocky outcrop"
"4256","MSdm2/Rt01","+","Rocktripe – Green map","Rt","talus"
"4257","MSdm2/Rt07","+","Aspen – Juniper – Rocktripe","Rt","talus"
"4258","MSdm2/Rt07.1","+","Aspen – Juniper – Rocktripe; Aspen variation","Rt","talus"
"4259","MSdm2/Rt07.2","+","Juniper – Rocktripe","Rt","talus"
"4260","MSdm2/Wb16","+","Sxw – Trapper's tea – Peat moss","Wb","wetland bog "
"4261","MSdm2/Wf01","+","Water sedge – Beaked sedge","Wf","wetland fen"
"4262","MSdm2/Wf02","+","Scrub birch – Water sedge","Wf","wetland fen"
"4263","MSdm2/Wf04","+","Barclay's willow – Water sedge – Glow moss","Wf","wetland fen"
"4264","MSdm2/Wf05","+","Slender sedge – Common hook moss","Wf","wetland fen"
"4265","MSdm2/Wf06","+","Slender sedge – Buckbean","Wf","wetland fen"
"4266","MSdm2/Wf07","+","Scrub birch – Buckbean – Shore sedge","Wf","wetland fen"
"4267","MSdm2/Wf08","+","Shore sedge – Buckbean – Hook moss","Wf","wetland fen"
"4268","MSdm2/Wf09","+","Few-flowered spikerush – Hook moss","Wf","wetland fen"
"4269","MSdm2/Wf11","+","Tufted clubrush – Star moss","Wf","wetland fen"
"4270","MSdm2/Wf12","+","Narrow-leaved cotton-grass – Marsh-marigold","Wf","wetland fen"
"4271","MSdm2/Wf13","+","Narrow-leaved cotton-grass – Shore sedge","Wf","wetland fen"
"4272","MSdm2/Wm01","+","Beaked sedge – Water sedge","Wm","wetland marsh"
"4273","MSdm2/Wm02","+","Water horsetail – Beaked sedge","Wm","wetland marsh"
"4274","MSdm2/Wm06","+","Soft-stemmed bulrush","Wm","wetland marsh"
"4275","MSdm2/Wm09","+","Inflated sedge","Wm","wetland marsh"
"4276","MSdm2/Ws02","+","Mountain alder – Pink spirea – Sitka sedge","Ws","wetland swamp"
"4277","MSdm2/Ws04","+","Drummond's willow – Beaked sedge","Ws","wetland swamp"
"4278","MSdm2/Ws07","+","Sxw – Horsetail – Leafy moss","Ws","wetland swamp"
"4279","MSdm2/Ws07.1","+","Sxw – Horsetail – Leafy moss; Typic variation","Ws","wetland swamp"
"4280","MSdm2/Ws07.2","+","Sxw – Horsetail – Leafy moss; Soft-leaved sedge variation","Ws","wetland swamp"
"4281","MSdm3/01","+","Sxw – Falsebox – Feather moss",NA,NA
"4282","MSdm3/02","+","Juniper – Bluebunch wheatgrass",NA,NA
"4283","MSdm3/03","+","Pl – Juniper – Grouseberry",NA,NA
"4284","MSdm3/04","+","Pl – Grouseberry – Pinegrass",NA,NA
"4285","MSdm3/05","+","Sxw – Gooseberry – Grouseberry",NA,NA
"4286","MSdm3/06","+","Sxw – Gooseberry – Devil's club",NA,NA
"4287","MSdm3/07","+","Sxw – Horsetail – Leafy moss",NA,NA
"4288","MSdm3/Wf04","+","Barclay's willow – Water sedge – Glow moss","Wf","wetland fen"
"4289","MSdm3/Wf05","+","Slender sedge – Common hook moss","Wf","wetland fen"
"4290","MSdm3/Wf08","+","Shore sedge – Buckbean – Hook moss","Wf","wetland fen"
"4291","MSdm3/Wm01","+","Beaked sedge – Water sedge","Wm","wetland marsh"
"4292","MSdm3/Wm02","+","Water horsetail – Beaked sedge","Wm","wetland marsh"
"4293","MSdv/01","+","Pl – Soopolallie – Twinflower",NA,NA
"4294","MSdv/02","+","Pl – Penstemon – Balsamroot",NA,NA
"4295","MSdv/02a","+","Pl – Penstemon – Balsamroot; Shallow",NA,NA
"4296","MSdv/02b","+","Pl – Penstemon – Balsamroot; South slope",NA,NA
"4297","MSdv/04","+","Pl – Saskatoon – Kinnikinnick",NA,NA
"4298","MSdv/05","+","Pl – Soopolallie – Heron's-bill",NA,NA
"4299","MSdv/06","+","Sxw – Twinberry – Reedgrass",NA,NA
"4300","MSdv/08","+","Sxw – Soopolallie – Scouring-rush",NA,NA
"4301","MSdv/09","+","Sxw – Horsetail – Leafy moss",NA,NA
"4302","MSdw/101","+","Sxw – Arnica – Pinegrass",NA,NA
"4303","MSdw/102","+","Fd – Juniper",NA,NA
"4304","MSdw/104","+","Pl(Lw) – Pinegrass – Twinflower",NA,NA
"4305","MSdw/104.1","+","Pl(Lw) – Pinegrass – Twinflower",NA,NA
"4306","MSdw/104.2","+","Pl(Lw) – Pinegrass – Grouseberry",NA,NA
"4307","MSdw/110","+","SxwBl – Azalea – Bunchberry",NA,NA
"4308","MSdw/110.1","+","SxwBl – Azalea – Bunchberry",NA,NA
"4309","MSdw/110.2","+","CwSxw – Bunchberry – Mitreworts",NA,NA
"4310","MSdw/111","+","Sxw – Horsetail",NA,NA
"4311","MSdw/111a","+","Sxw – Horsetail; Riparian phase",NA,NA
"4312","MSdw/111b","+","Sxw – Horsetail; Swamp phase",NA,NA
"4313","MSdw/Ff01","+","Water birch – Red-osier dogwood – Rose","Ff","fringe fluvial "
"4314","MSdw/Ff01a","+","Water birch – Red-osier dogwood – Rose","Ff","fringe fluvial "
"4315","MSdw/Fl01","+","Mountain alder – Common horsetail","Fl","low fluvial bench"
"4316","MSdw/Fl02","+","Mountain alder – Red-osier dogwood – Lady fern","Fl","low fluvial bench"
"4317","MSdw/Fl04","+","Sitka willow – Red-osier dogwood – Horsetail","Fl","low fluvial bench"
"4318","MSdw/Fl05","+","Drummond's willow – Bluejoint","Fl","low fluvial bench"
"4319","MSdw/Gb01","+","Juniper – Kinnikinnick – Bluebunch wheatgrass","Gb","brushland"
"4320","MSdw/Gb04","+","Choke cherry – Snowberry – Bluebunch wheatgrass","Gb","brushland"
"4321","MSdw/Gg12","+","Rough fescue – Yarrow – Old man's whiskers","Gg","grassland "
"4322","MSdw/Gg12$2.3","+","Spreading needlegrass – Columbia needlegrass","Gg","grassland "
"4323","MSdw/Gg12$2.4","+","Rabbit-brush – Needle-and-thread grass – Junegrass","Gg","grassland "
"4324","MSdw/Gg12$2.6","+","Canada bluegrass – Dandelion","Gg","grassland "
"4325","MSdw/Gg14","+","Idaho fescue – Sulphur buckwheat – Sandwort","Gg","grassland "
"4326","MSdw/Gg17","+","Idaho fescue – Bluebunch wheatgrass – Sulphur buckwheat","Gg","grassland "
"4327","MSdw/Ro01","+","Selaginella – Bluebunch wheatgrass – Screw moss","Ro","rocky outcrop"
"4328","MSdw/Ro01.1","+","Selaginella – Bluebunch wheatgrass – Screw moss","Ro","rocky outcrop"
"4329","MSdw/Ro01.2","+","Selaginella – Screw moss","Ro","rocky outcrop"
"4330","MSdw/Ro05","+","Juniper – Kinnikinnick – Penstemon","Ro","rocky outcrop"
"4331","MSdw/Ro05.1","+","Juniper – Kinnikinnick – Penstemon","Ro","rocky outcrop"
"4332","MSdw/Ro09","+","Saskatoon – Rock moss – Clad lichen","Ro","rocky outcrop"
"4333","MSdw/Ro09.1","+","Saskatoon – Rock moss – Clad lichen","Ro","rocky outcrop"
"4334","MSdw/Ro11","+","Grouseberry – Clad lichen","Ro","rocky outcrop"
"4335","MSdw/Rt01","+","Rocktripe – Green map","Rt","talus"
"4336","MSdw/Rt02","+","Rock moss – Clad lichen","Rt","talus"
"4337","MSdw/Rt03","+","Raspberry – Feather moss – Clad lichen","Rt","talus"
"4338","MSdw/Rt04","+","Saskatoon – Bluebunch wheatgrass","Rt","talus"
"4339","MSdw/Rt07","+","Aspen – Juniper – Rocktripe","Rt","talus"
"4340","MSdw/Rt07.1","+","Aspen – Juniper – Rocktripe; Aspen variation","Rt","talus"
"4341","MSdw/Rt07.2","+","Juniper – Rocktripe","Rt","talus"
"4342","MSdw/Rt08","+","Aspen – Douglas' maple – Saskatoon","Rt","talus"
"4343","MSdw/Rt20","+","Spotted saxifrage – Clad lichen","Rt","talus"
"4344","MSdw/Vh01","+","Cow parsnip – Fireweed – Nettle","Vh","avalanche herb"
"4345","MSdw/Vh01.1","+","Cow parsnip – Fireweed – Nettle","Vh","avalanche herb"
"4346","MSdw/Vh01.2","+","Cow parsnip – Fireweed – Bluejoint","Vh","avalanche herb"
"4347","MSdw/Vh10","+","Fireweed – Grouseberry","Vh","avalanche herb"
"4348","MSdw/Vh11","+","Fireweed – Yarrow – Strawberry","Vh","avalanche herb"
"4349","MSdw/Vh12","+","Idaho fescue – Sulphur buckwheat – Fireweed","Vh","avalanche herb"
"4350","MSdw/Vs02","+","Sitka alder – Solomon's-seal","Vs","avalanche shrub"
"4351","MSdw/Vs10","+","Willow – Cow parsnip – Fireweed","Vs","avalanche shrub"
"4352","MSdw/Vs10.1","+","Sitka willow – Cow parsnip – Fireweed","Vs","avalanche shrub"
"4353","MSdw/Vs10.2","+","Barclay's willow – Cow parsnip – Fireweed","Vs","avalanche shrub"
"4354","MSdw/Vs11","+","Thimbleberry – Cow parsnip – Fireweed","Vs","avalanche shrub"
"4355","MSdw/Vs12","+","Huckleberry – Rhododendron – Fireweed","Vs","avalanche shrub"
"4356","MSdw/Vs13","+","Huckleberry – Bear-grass – Fireweed","Vs","avalanche shrub"
"4357","MSdw/Vs14","+","Saskatoon – Snowberry – Strawberry","Vs","avalanche shrub"
"4358","MSdw/Wb15","+","Sxw – Labrador tea – Peat moss","Wb","wetland bog "
"4359","MSdw/Wb16","+","Sxw – Trapper's tea – Peat moss","Wb","wetland bog "
"4360","MSdw/Wf01","+","Water sedge – Beaked sedge","Wf","wetland fen"
"4361","MSdw/Wf02","+","Scrub birch – Water sedge","Wf","wetland fen"
"4362","MSdw/Wf05","+","Slender sedge – Common hook moss","Wf","wetland fen"
"4363","MSdw/Wf06","+","Slender sedge – Buckbean","Wf","wetland fen"
"4364","MSdw/Wf07","+","Scrub birch – Buckbean – Shore sedge","Wf","wetland fen"
"4365","MSdw/Wf08","+","Shore sedge – Buckbean – Hook moss","Wf","wetland fen"
"4366","MSdw/Wf11","+","Tufted clubrush – Star moss","Wf","wetland fen"
"4367","MSdw/Wm01","+","Beaked sedge – Water sedge","Wm","wetland marsh"
"4368","MSdw/Wm02","+","Water horsetail – Beaked sedge","Wm","wetland marsh"
"4369","MSdw/Wm04","+","Common spikerush","Wm","wetland marsh"
"4370","MSdw/Wm05","+","Cattail","Wm","wetland marsh"
"4371","MSdw/Wm06","+","Soft-stemmed bulrush","Wm","wetland marsh"
"4372","MSdw/Wm15","+","Bluejoint – Water sedge","Wm","wetland marsh"
"4373","MSdw/Wm16","+","Bluejoint – Arrow-leaved groundsel","Wm","wetland marsh"
"4374","MSdw/Ws02","+","Mountain alder – Pink spirea – Sitka sedge","Ws","wetland swamp"
"4375","MSdw/Ws03","+","Bebb's willow – Bluejoint","Ws","wetland swamp"
"4376","MSdw/Ws04","+","Drummond's willow – Beaked sedge","Ws","wetland swamp"
"4377","MSdw/Ws06","+","Sitka willow – Sitka sedge","Ws","wetland swamp"
"4378","MSdw/Ws07","+","Sxw – Horsetail – Leafy moss","Ws","wetland swamp"
"4379","MSdw/Ws07.1","+","Sxw – Horsetail – Leafy moss; Typic variation","Ws","wetland swamp"
"4380","MSdw/Ws07.2","+","Sxw – Horsetail – Leafy moss; Soft-leaved sedge variation","Ws","wetland swamp"
"4381","MSxk1/101","+","Pl – Pinegrass – Grouseberry – Feather moss",NA,NA
"4382","MSxk1/101a","+","Pl – Pinegrass – Grouseberry – Feather moss; Typic phase",NA,NA
"4383","MSxk1/101b","+","Pl – Pinegrass – Grouseberry – Feather moss; Warm phase",NA,NA
"4384","MSxk1/102","+","Pl – Grouseberry – Clad lichens",NA,NA
"4385","MSxk1/103","+","Pl – Grouseberry – Kinnikinnick – Clad lichens",NA,NA
"4386","MSxk1/104","+","Pl – Grouseberry – Feather moss",NA,NA
"4387","MSxk1/105","+","PlSxw – Trapper's tea – Grouseberry",NA,NA
"4388","MSxk1/110","+","Sxw – Trapper's tea – Bunchberry – Glow moss",NA,NA
"4389","MSxk1/111","+","SxwBl – Gooseberry",NA,NA
"4390","MSxk1/112","+","Sxw – Horsetail – Soft-leaved sedge",NA,NA
"4391","MSxk1/113","+","Sxw – Rocky Mountain sedge – Leafy mosses",NA,NA
"4392","MSxk1/Ag03","+","Timber oatgrass – Kinnikinnick","Ag","alpine grassland"
"4393","MSxk1/Fl06","+","Sandbar willow – Scouring-rush","Fl","low fluvial bench"
"4394","MSxk1/Gb21","+","Juniper – Kinnikinnick – Strawberry","Gb","brushland"
"4395","MSxk1/Gg02","+","Bluebunch wheatgrass – Balsamroot","Gg","grassland "
"4396","MSxk1/Gg11","+","Idaho fescue – Bluebunch wheatgrass – Junegrass","Gg","grassland "
"4397","MSxk1/Gg11$2.1","+","Bluebunch wheatgrass – Junegrass – Sandberg's bluegrass","Gg","grassland "
"4398","MSxk1/Gg11$2.3","+","Columbia needlegrass – Cheatgrass","Gg","grassland "
"4399","MSxk1/Gg11$2.4","+","Needle-and-thread grass – Cheatgrass","Gg","grassland "
"4400","MSxk1/Gg13","+","Idaho fescue – Silky lupine","Gg","grassland "
"4401","MSxk1/Gg13$2.1","+","Spreading needlegrass – Idaho fescue – Pinegrass","Gg","grassland "
"4402","MSxk1/Gg14","+","Idaho fescue – Sulphur buckwheat – Sandwort","Gg","grassland "
"4403","MSxk1/Gg32","+","Pinegrass – Kinnikinnick","Gg","grassland "
"4404","MSxk1/Gs04","+","Mountain sagebrush – Bluebunch wheatgrass","Gs","shrub-steppe"
"4405","MSxk1/Ro04","+","Big sagebrush – Selaginella – Bluebunch wheatgrass","Ro","rocky outcrop"
"4406","MSxk1/Ro04.1","+","Big sagebrush – Selaginella – Bluebunch wheatgrass","Ro","rocky outcrop"
"4407","MSxk1/Ro05","+","Juniper – Kinnikinnick – Penstemon","Ro","rocky outcrop"
"4408","MSxk1/Ro05.1","+","Juniper – Kinnikinnick – Penstemon","Ro","rocky outcrop"
"4409","MSxk1/Ro06","+","Juniper – Stonecrop – Sandwort","Ro","rocky outcrop"
"4410","MSxk1/Ro06.1","+","Juniper – Stonecrop – Sandwort","Ro","rocky outcrop"
"4411","MSxk1/Ro06.2","+","Juniper – Kinnikinnick – Stonecrop – Sandwort","Ro","rocky outcrop"
"4412","MSxk1/Ro11","+","Grouseberry – Clad lichen","Ro","rocky outcrop"
"4413","MSxk1/Rt01","+","Rocktripe – Green map","Rt","talus"
"4414","MSxk1/Rt07","+","Aspen – Juniper – Rocktripe","Rt","talus"
"4415","MSxk1/Rt07.1","+","Aspen – Juniper – Rocktripe; Aspen variation","Rt","talus"
"4416","MSxk1/Rt07.2","+","Juniper – Rocktripe","Rt","talus"
"4417","MSxk1/Wb16","+","Sxw – Trapper's tea – Peat moss","Wb","wetland bog "
"4418","MSxk1/Wf01","+","Water sedge – Beaked sedge","Wf","wetland fen"
"4419","MSxk1/Wf02","+","Scrub birch – Water sedge","Wf","wetland fen"
"4420","MSxk1/Wf04","+","Barclay's willow – Water sedge – Glow moss","Wf","wetland fen"
"4421","MSxk1/Wf05","+","Slender sedge – Common hook moss","Wf","wetland fen"
"4422","MSxk1/Wf06","+","Slender sedge – Buckbean","Wf","wetland fen"
"4423","MSxk1/Wf07","+","Scrub birch – Buckbean – Shore sedge","Wf","wetland fen"
"4424","MSxk1/Wf08","+","Shore sedge – Buckbean – Hook moss","Wf","wetland fen"
"4425","MSxk1/Wf09","+","Few-flowered spikerush – Hook moss","Wf","wetland fen"
"4426","MSxk1/Wf11","+","Tufted clubrush – Star moss","Wf","wetland fen"
"4427","MSxk1/Wf12","+","Narrow-leaved cotton-grass – Marsh-marigold","Wf","wetland fen"
"4428","MSxk1/Wf13","+","Narrow-leaved cotton-grass – Shore sedge","Wf","wetland fen"
"4429","MSxk1/Wf15","+","Rocky mountain sedge – Glow moss","Wf","wetland fen"
"4430","MSxk1/Wm01","+","Beaked sedge – Water sedge","Wm","wetland marsh"
"4431","MSxk1/Wm02","+","Water horsetail – Beaked sedge","Wm","wetland marsh"
"4432","MSxk1/Wm06","+","Soft-stemmed bulrush","Wm","wetland marsh"
"4433","MSxk1/Wm16","+","Bluejoint – Arrow-leaved groundsel","Wm","wetland marsh"
"4434","MSxk1/Ws04","+","Drummond's willow – Beaked sedge","Ws","wetland swamp"
"4435","MSxk1/Ws07","+","Sxw – Horsetail – Leafy moss","Ws","wetland swamp"
"4436","MSxk1/Ws07.1","+","Sxw – Horsetail – Leafy moss; Typic variation","Ws","wetland swamp"
"4437","MSxk1/Ws07.2","+","Sxw – Horsetail – Leafy moss; Soft-leaved sedge variation","Ws","wetland swamp"
"4438","MSxk1/Ws12","+","Sxw – Rocky Mountain sedge – Glow moss","Ws","wetland swamp"
"4439","MSxk2/101","+","Pl – Pinegrass – Grouseberry – Feather moss",NA,NA
"4440","MSxk2/102","+","Pl – Grouseberry – Clad lichens",NA,NA
"4441","MSxk2/103","+","Pl – Grouseberry – Kinnikinnick – Clad lichens",NA,NA
"4442","MSxk2/105","+","Pl – Juniper – Grouseberry – Feather moss",NA,NA
"4443","MSxk2/106","+","PlSxw – Trapper's tea – Grouseberry",NA,NA
"4444","MSxk2/111","+","SxwBl – Gooseberry",NA,NA
"4445","MSxk2/112","+","Sxw – Horsetail – Soft-leaved sedge",NA,NA
"4446","MSxk2/Ag03","+","Timber oatgrass – Kinnikinnick","Ag","alpine grassland"
"4447","MSxk2/Fl06","+","Sandbar willow – Scouring-rush","Fl","low fluvial bench"
"4448","MSxk2/Gb21","+","Juniper – Kinnikinnick – Strawberry","Gb","brushland"
"4449","MSxk2/Gg02","+","Bluebunch wheatgrass – Balsamroot","Gg","grassland "
"4450","MSxk2/Gg12","+","Rough fescue – Yarrow – Three-flowered avens","Gg","grassland "
"4451","MSxk2/Gg12$2.1","+","Rough fescue – Bluebunch wheatgrass – Yellow salsify","Gg","grassland "
"4452","MSxk2/Gg12$2.2","+","Spreading needlegrass – Rough fescue – Kentucky bluegrass","Gg","grassland "
"4453","MSxk2/Gg12$2.3","+","Spreading needlegrass – Columbia needlegrass","Gg","grassland "
"4454","MSxk2/Gg12$2.5","+","Kentucky bluegrass – Yarrow","Gg","grassland "
"4455","MSxk2/Gg12.1","+","Rough fescue – Yarrow – Three-flowered avens","Gg","grassland "
"4456","MSxk2/Gg32","+","Pinegrass – Kinnikinnick","Gg","grassland "
"4457","MSxk2/Gs04","+","Mountain sagebrush – Bluebunch wheatgrass","Gs","shrub-steppe"
"4458","MSxk2/Ro04","+","Big sagebrush – Selaginella – Bluebunch wheatgrass","Ro","rocky outcrop"
"4459","MSxk2/Ro04.1","+","Big sagebrush – Selaginella – Bluebunch wheatgrass","Ro","rocky outcrop"
"4460","MSxk2/Ro05","+","Juniper – Kinnikinnick – Penstemon","Ro","rocky outcrop"
"4461","MSxk2/Ro05.1","+","Juniper – Kinnikinnick – Penstemon","Ro","rocky outcrop"
"4462","MSxk2/Ro06","+","Juniper – Stonecrop – Sandwort","Ro","rocky outcrop"
"4463","MSxk2/Ro06.1","+","Juniper – Stonecrop – Sandwort","Ro","rocky outcrop"
"4464","MSxk2/Ro06.2","+","Juniper – Kinnikinnick – Stonecrop – Sandwort","Ro","rocky outcrop"
"4465","MSxk2/Ro11","+","Grouseberry – Clad lichen","Ro","rocky outcrop"
"4466","MSxk2/Rt01","+","Rocktripe – Green map","Rt","talus"
"4467","MSxk2/Rt07","+","Aspen – Juniper – Rocktripe","Rt","talus"
"4468","MSxk2/Rt07.1","+","Aspen – Juniper – Rocktripe; Aspen variation","Rt","talus"
"4469","MSxk2/Rt07.2","+","Juniper – Rocktripe","Rt","talus"
"4470","MSxk2/Wb16","+","Sxw – Trapper's tea – Peat moss","Wb","wetland bog "
"4471","MSxk2/Wf01","+","Water sedge – Beaked sedge","Wf","wetland fen"
"4472","MSxk2/Wf02","+","Scrub birch – Water sedge","Wf","wetland fen"
"4473","MSxk2/Wf04","+","Barclay's willow – Water sedge – Glow moss","Wf","wetland fen"
"4474","MSxk2/Wf05","+","Slender sedge – Common hook moss","Wf","wetland fen"
"4475","MSxk2/Wf06","+","Slender sedge – Buckbean","Wf","wetland fen"
"4476","MSxk2/Wf07","+","Scrub birch – Buckbean – Shore sedge","Wf","wetland fen"
"4477","MSxk2/Wf08","+","Shore sedge – Buckbean – Hook moss","Wf","wetland fen"
"4478","MSxk2/Wf09","+","Few-flowered spikerush – Hook moss","Wf","wetland fen"
"4479","MSxk2/Wf11","+","Tufted clubrush – Star moss","Wf","wetland fen"
"4480","MSxk2/Wf12","+","Narrow-leaved cotton-grass – Marsh-marigold","Wf","wetland fen"
"4481","MSxk2/Wf13","+","Narrow-leaved cotton-grass – Shore sedge","Wf","wetland fen"
"4482","MSxk2/Wm01","+","Beaked sedge – Water sedge","Wm","wetland marsh"
"4483","MSxk2/Wm02","+","Water horsetail – Beaked sedge","Wm","wetland marsh"
"4484","MSxk2/Wm06","+","Soft-stemmed bulrush","Wm","wetland marsh"
"4485","MSxk2/Wm16","+","Bluejoint – Arrow-leaved groundsel","Wm","wetland marsh"
"4486","MSxk2/Ws04","+","Drummond's willow – Beaked sedge","Ws","wetland swamp"
"4487","MSxk2/Ws05","+","Maccalla's willow – Beaked sedge","Ws","wetland swamp"
"4488","MSxk2/Ws07","+","Sxw – Horsetail – Leafy moss","Ws","wetland swamp"
"4489","MSxk2/Ws07.1","+","Sxw – Horsetail – Leafy moss; Typic variation","Ws","wetland swamp"
"4490","MSxk2/Ws07.2","+","Sxw – Horsetail – Leafy moss; Soft-leaved sedge variation","Ws","wetland swamp"
"4491","MSxk3/01","+","Pl – Pinegrass – Lupine",NA,NA
"4492","MSxk3/02","+","Fd – Juniper – Grouseberry",NA,NA
"4493","MSxk3/03","+","Bluebunch wheatgrass – Junegrass",NA,NA
"4494","MSxk3/04","+","Big sage – Pinegrass",NA,NA
"4495","MSxk3/05","+","FdPl – Pinegrass – Arnica",NA,NA
"4496","MSxk3/06","+","Pl – Falsebox – Lupine",NA,NA
"4497","MSxk3/07","+","Sxw – Trapper's tea – Grouseberry",NA,NA
"4498","MSxk3/08","+","Sxw – Gooseberry – Grouseberry",NA,NA
"4499","MSxk3/09","+","Sxw – Horsetail – Leafy moss",NA,NA
"4500","MSxk3/10","+","Pl – Water sedge – Peat mosses",NA,NA
"4501","MSxk3/Wf04","+","Barclay's willow – Water sedge – Glow moss","Wf","wetland fen"
"4502","MSxk3/Wf12","+","Narrow-leaved cotton-grass – Marsh-marigold","Wf","wetland fen"
"4503","MSxk3/Wm01","+","Beaked sedge – Water sedge","Wm","wetland marsh"
"4504","MSxv/01","+","Pl – Grouseberry – Feather moss",NA,NA
"4505","MSxv/02","+","Pl – Fescue – Stereocaulon",NA,NA
"4506","MSxv/03","+","Pl – Kinnikinnick – Cladonia",NA,NA
"4507","MSxv/03a","+","Pl – Kinnikinnick – Cladonia; Typic",NA,NA
"4508","MSxv/03b","+","Pl – Kinnikinnick – Cladonia; Shallow",NA,NA
"4509","MSxv/04","+","Pl – Grouseberry – Kinnikinnick",NA,NA
"4510","MSxv/05","+","Pl – Trapper's tea – Crowberry",NA,NA
"4511","MSxv/06","+","Sxw – Crowberry – Knight's plume",NA,NA
"4512","MSxv/08","+","Sxw – Horsetail – Crowberry",NA,NA
"4513","MSxv/10","+","Sb – Soft-leaved sedge – Peat moss",NA,NA
"4514","MSxv/Fl01","+","Mountain alder – Common horsetail","Fl","low fluvial bench"
"4515","MSxv/Sc01","+","Scrub birch – Kinnikinnick","Sc","subalpine"
"4516","MSxv/Wf01","+","Water sedge – Beaked sedge","Wf","wetland fen"
"4517","MSxv/Wf02","+","Scrub birch – Water sedge","Wf","wetland fen"
"4518","MSxv/Wf08","+","Shore sedge – Buckbean – Hook moss","Wf","wetland fen"
"4519","MSxv/Wf09","+","Few-flowered spikerush – Hook moss","Wf","wetland fen"
"4520","MSxv/Wf14","+","Tea-leaved willow – Water sedge – Glow moss","Wf","wetland fen"
"4521","MSxv/Wm01","+","Beaked sedge – Water sedge","Wm","wetland marsh"
"4522","MSxv/Wm02","+","Water horsetail – Beaked sedge","Wm","wetland marsh"
"4523","MSxv/Wm09","+","Inflated sedge","Wm","wetland marsh"
"4524","MSxv/Wm10","+","Boreal mannagrass","Wm","wetland marsh"
"4525","MSxv/Wm13","+","Seaside arrow-grass","Wm","wetland marsh"
"4526","PPxh1/101","+","Py(Fd) – Bluebunch wheatgrass – Rough fescue",NA,NA
"4527","PPxh1/102","+","Py(Fd) – Bluebunch wheatgrass – Selaginella",NA,NA
"4528","PPxh1/103","+","Py – Antelope-brush – Bluebunch wheatgrass",NA,NA
"4529","PPxh1/104","+","Py – Bluebunch wheatgrass – Balsamroot",NA,NA
"4530","PPxh1/111","+","Fd(Py) – Snowberry – Oregon-grape",NA,NA
"4531","PPxh1/Ff01","+","Water birch – Red-osier dogwood – Rose","Ff","fringe fluvial "
"4532","PPxh1/Ff01a","+","Water birch – Red-osier dogwood – Rose; Fringe phase","Ff","fringe fluvial "
"4533","PPxh1/Ff01b","+","Water birch – Red-osier dogwood – Rose; Grassland draw phase","Ff","fringe fluvial "
"4534","PPxh1/Ff02","+","Snowberry – Prairie Rose","Ff","fringe fluvial "
"4535","PPxh1/Ff04","+","Aspen – Snowberry – Roses","Ff","fringe fluvial "
"4536","PPxh1/Ff05","+","Aspen – Dogwood – Nootka rose","Ff","fringe fluvial "
"4537","PPxh1/Fm05","+","Cottonwood – Douglas-fir – Douglas' maple – Snowberry","Fm","mid fluvial bench"
"4538","PPxh1/Ga01","+","Saltgrass","Ga","alkaline meadow"
"4539","PPxh1/Ga01.1","+","Saltgrass","Ga","alkaline meadow"
"4540","PPxh1/Ga02","+","Nuttall's alkaligrass – Foxtail barley","Ga","alkaline meadow"
"4541","PPxh1/Ga02.1","+","Nuttall's alkaligrass – Foxtail barley","Ga","alkaline meadow"
"4542","PPxh1/Ga02.2","+","Foxtail barley – Nuttall's alkaligrass","Ga","alkaline meadow"
"4543","PPxh1/Ga03","+","Field sedge","Ga","alkaline meadow"
"4544","PPxh1/Ga03$2","+","Field sedge","Ga","alkaline meadow"
"4545","PPxh1/Ga05","+","Giant wildrye","Ga","alkaline meadow"
"4546","PPxh1/Ga07","+","Red glasswort","Ga","alkaline meadow"
"4547","PPxh1/Gb02","+","Saskatoon – Snowberry – Bluebunch wheatgrass","Gb","brushland"
"4548","PPxh1/Gb05","+","Sumac – Bluebunch wheatgrass","Gb","brushland"
"4549","PPxh1/Gg01","+","Bluebunch wheatgrass – Prairie sagewort – Junegrass","Gg","grassland "
"4550","PPxh1/Gg02","+","Bluebunch wheatgrass – Balsamroot","Gg","grassland "
"4551","PPxh1/Gg02$2.3","+","Needle-and-thread grass – Cheatgrass","Gg","grassland "
"4552","PPxh1/Gg02$3.1","+","Big sagebrush – Bluebunch wheatgrass – Sandberg's bluegrass","Gg","grassland "
"4553","PPxh1/Gg11","+","Idaho fescue – Bluebunch wheatgrass – Junegrass","Gg","grassland "
"4554","PPxh1/Gg11$2.1","+","Bluebunch wheatgrass – Junegrass – Sandberg's bluegrass","Gg","grassland "
"4555","PPxh1/Gg11$2.3","+","Columbia needlegrass – Cheatgrass","Gg","grassland "
"4556","PPxh1/Gg11$2.4","+","Needle-and-thread grass – Cheatgrass","Gg","grassland "
"4557","PPxh1/Gg11$3.1","+","Big sagebrush – Bluebunch wheatgrass – Idaho fescue","Gg","grassland "
"4558","PPxh1/Gg11$3.3","+","Big sagebrush – Sandberg's bluegrass","Gg","grassland "
"4559","PPxh1/Gg13","+","Idaho fescue – Silky lupine","Gg","grassland "
"4560","PPxh1/Gg13$2.2","+","Bluebunch wheatgrass – Junegrass – Sandberg's bluegrass","Gg","grassland "
"4561","PPxh1/Gg13$2.4","+","Kentucky bluegrass – Yarrow","Gg","grassland "
"4562","PPxh1/Gg13$3.1","+","Big sagebrush – Kentucky bluegrass","Gg","grassland "
"4563","PPxh1/Gg26","+","Red three-awn – Needle-and-thread grass","Gg","grassland "
"4564","PPxh1/Gs10","+","Antelope-brush – Bluebunch wheatgrass","Gs","shrub-steppe"
"4565","PPxh1/Gs10$2.1","+","Sand dropseed – Cheatgrass – Sandberg's bluegrass","Gs","shrub-steppe"
"4566","PPxh1/Gs10$3.1","+","Antelope-brush – Cheatgrass – Needle-and-thread grass","Gs","shrub-steppe"
"4567","PPxh1/Ro01","+","Selaginella – Bluebunch wheatgrass – Screw moss","Ro","rocky outcrop"
"4568","PPxh1/Ro01.1","+","Selaginella – Bluebunch wheatgrass – Screw moss","Ro","rocky outcrop"
"4569","PPxh1/Ro01.2","+","Selaginella – Screw moss","Ro","rocky outcrop"
"4570","PPxh1/Ro03","+","Antelope-brush – Selaginella – Bluebunch wheatgrass","Ro","rocky outcrop"
"4571","PPxh1/Ro04","+","Big sagebrush – Selaginella – Bluebunch wheatgrass","Ro","rocky outcrop"
"4572","PPxh1/Ro04.1","+","Big sagebrush – Selaginella – Bluebunch wheatgrass","Ro","rocky outcrop"
"4573","PPxh1/Ro04.2","+","Rabbit-brush – Big sagebrush – Selaginella – Bluebunch wheatgrass","Ro","rocky outcrop"
"4574","PPxh1/Rt01","+","Rocktripe – Green map","Rt","talus"
"4575","PPxh1/Rt04","+","Saskatoon – Bluebunch wheatgrass","Rt","talus"
"4576","PPxh1/Rt05","+","Big sagebrush – Saskatoon – Bluebunch wheatgrass","Rt","talus"
"4577","PPxh1/Rt06","+","Saskatoon – Mock-orange – Bluebunch wheatgrass","Rt","talus"
"4578","PPxh1/Wm01","+","Beaked sedge – Water sedge","Wm","wetland marsh"
"4579","PPxh1/Wm02","+","Water horsetail – Beaked sedge","Wm","wetland marsh"
"4580","PPxh1/Wm04","+","Common spikerush","Wm","wetland marsh"
"4581","PPxh1/Wm05","+","Cattail","Wm","wetland marsh"
"4582","PPxh1/Wm06","+","Soft-stemmed bulrush","Wm","wetland marsh"
"4583","PPxh1/Wm07","+","Baltic rush","Wm","wetland marsh"
"4584","PPxh1/Wm08","+","Three-square bulrush","Wm","wetland marsh"
"4585","PPxh1/Wm11","+","Seacoast bulrush","Wm","wetland marsh"
"4586","PPxh1/Ws03","+","Bebb's willow – Bluejoint","Ws","wetland swamp"
"4587","PPxh2/101","+","Py(Fd) – Bluebunch wheatgrass – Rough fescue",NA,NA
"4588","PPxh2/102","+","Py(Fd) – Bluebunch wheatgrass – Selaginella",NA,NA
"4589","PPxh2/103","+","Py – Rabbit-brush – Bluebunch wheatgrass",NA,NA
"4590","PPxh2/110.1","+","Fd – Feather moss – Step moss",NA,NA
"4591","PPxh2/110.2","+","Fd – Rough fescue – Bluebunch wheatgrass",NA,NA
"4592","PPxh2/111","+","Fd – Douglas' maple – Saskatoon",NA,NA
"4593","PPxh2/Ff01","+","Water birch – Red-osier dogwood – Rose","Ff","fringe fluvial "
"4594","PPxh2/Ff01a","+","Water birch – Red-osier dogwood – Rose; Fringe phase","Ff","fringe fluvial "
"4595","PPxh2/Ff01b","+","Water birch – Red-osier dogwood – Rose; Grassland draw phase","Ff","fringe fluvial "
"4596","PPxh2/Ff02","+","Snowberry – Prairie Rose","Ff","fringe fluvial "
"4597","PPxh2/Ff04","+","Aspen – Snowberry – Roses","Ff","fringe fluvial "
"4598","PPxh2/Ff05","+","Aspen – Dogwood – Nootka rose","Ff","fringe fluvial "
"4599","PPxh2/Fl05","+","Drummond's willow – Bluejoint","Fl","low fluvial bench"
"4600","PPxh2/Fm05","+","Cottonwood – Douglas-fir – Douglas' maple – Snowberry","Fm","mid fluvial bench"
"4601","PPxh2/Ga01","+","Saltgrass","Ga","alkaline meadow"
"4602","PPxh2/Ga01.1","+","Saltgrass","Ga","alkaline meadow"
"4603","PPxh2/Ga02","+","Nuttall's alkaligrass – Foxtail barley","Ga","alkaline meadow"
"4604","PPxh2/Ga02.1","+","Nuttall's alkaligrass – Foxtail barley","Ga","alkaline meadow"
"4605","PPxh2/Ga02.2","+","Foxtail barley – Nuttall's alkaligrass","Ga","alkaline meadow"
"4606","PPxh2/Ga03","+","Field sedge","Ga","alkaline meadow"
"4607","PPxh2/Ga03$2","+","Field sedge","Ga","alkaline meadow"
"4608","PPxh2/Ga05","+","Giant wildrye","Ga","alkaline meadow"
"4609","PPxh2/Ga06","+","Seablite","Ga","alkaline meadow"
"4610","PPxh2/Ga07","+","Red glasswort","Ga","alkaline meadow"
"4611","PPxh2/Gb02","+","Saskatoon – Snowberry – Bluebunch wheatgrass","Gb","brushland"
"4612","PPxh2/Gg01","+","Bluebunch wheatgrass – Prairie sagewort – Junegrass","Gg","grassland "
"4613","PPxh2/Gg02","+","Bluebunch wheatgrass – Balsamroot","Gg","grassland "
"4614","PPxh2/Gg02$3.1","+","Big sagebrush – Bluebunch wheatgrass – Sandberg's bluegrass","Gg","grassland "
"4615","PPxh2/Gg03","+","Bluebunch wheatgrass – Selaginella","Gg","grassland "
"4616","PPxh2/Gg04","+","Bluebunch wheatgrass – Junegrass – Pussytoes","Gg","grassland "
"4617","PPxh2/Gg04$2.1","+","Needle-and-thread grass – Cheatgrass","Gg","grassland "
"4618","PPxh2/Gg04$3.1","+","Big sagebrush – Bluebunch wheatgrass – Sandberg's bluegrass","Gg","grassland "
"4619","PPxh2/Gg10","+","Rough fescue – Bluebunch wheatgrass","Gg","grassland "
"4620","PPxh2/Gg10$2.1","+","Bluebunch wheatgrass – Junegrass – Sandberg's bluegrass","Gg","grassland "
"4621","PPxh2/Gg10$3.1","+","Big sagebrush – Bluebunch wheatgrass – Rough fescue","Gg","grassland "
"4622","PPxh2/Gg12","+","Rough fescue – Yarrow – Three-flowered avens","Gg","grassland "
"4623","PPxh2/Gg12$2.1","+","Rough fescue – Bluebunch wheatgrass – Yellow salsify","Gg","grassland "
"4624","PPxh2/Gg12$2.2","+","Spreading needlegrass – Rough fescue – Kentucky bluegrass","Gg","grassland "
"4625","PPxh2/Gg12$2.3","+","Spreading needlegrass – Columbia needlegrass","Gg","grassland "
"4626","PPxh2/Gg12$2.5","+","Kentucky bluegrass – Yarrow","Gg","grassland "
"4627","PPxh2/Gg12.1","+","Rough fescue – Yarrow – Three-flowered avens","Gg","grassland "
"4628","PPxh2/Gg25","+","Sand dropseed – Needle-and-thread grass","Gg","grassland "
"4629","PPxh2/Gs05","+","Rocky Mountain juniper – Big sagebrush – Bluebunch wheatgrass","Gs","shrub-steppe"
"4630","PPxh2/Ro01","+","Selaginella – Bluebunch wheatgrass – Screw moss","Ro","rocky outcrop"
"4631","PPxh2/Ro01.1","+","Selaginella – Bluebunch wheatgrass – Screw moss","Ro","rocky outcrop"
"4632","PPxh2/Ro01.2","+","Selaginella – Screw moss","Ro","rocky outcrop"
"4633","PPxh2/Ro04","+","Big sagebrush – Selaginella – Bluebunch wheatgrass","Ro","rocky outcrop"
"4634","PPxh2/Ro04.1","+","Big sagebrush – Selaginella – Bluebunch wheatgrass","Ro","rocky outcrop"
"4635","PPxh2/Ro04.2","+","Rabbit-brush – Big sagebrush – Selaginella – Bluebunch wheatgrass","Ro","rocky outcrop"
"4636","PPxh2/Rt01","+","Rocktripe – Green map","Rt","talus"
"4637","PPxh2/Rt04","+","Saskatoon – Bluebunch wheatgrass","Rt","talus"
"4638","PPxh2/Rt05","+","Big sagebrush – Saskatoon – Bluebunch wheatgrass","Rt","talus"
"4639","PPxh2/Wm01","+","Beaked sedge – Water sedge","Wm","wetland marsh"
"4640","PPxh2/Wm02","+","Water horsetail – Beaked sedge","Wm","wetland marsh"
"4641","PPxh2/Wm03","+","Awned sedge","Wm","wetland marsh"
"4642","PPxh2/Wm04","+","Common spikerush","Wm","wetland marsh"
"4643","PPxh2/Wm05","+","Cattail","Wm","wetland marsh"
"4644","PPxh2/Wm06","+","Soft-stemmed bulrush","Wm","wetland marsh"
"4645","PPxh2/Wm07","+","Baltic rush","Wm","wetland marsh"
"4646","PPxh2/Wm08","+","Three-square bulrush","Wm","wetland marsh"
"4647","PPxh2/Wm11","+","Seacoast bulrush","Wm","wetland marsh"
"4648","PPxh2/Wm12","+","Woolly sedge","Wm","wetland marsh"
"4649","PPxh2/Ws03","+","Bebb's willow – Bluejoint","Ws","wetland swamp"
"4650","SBPSdc/01","+","Pl – Juniper – Feather moss",NA,NA
"4651","SBPSdc/02","+","Pl – Kinnikinnick – Cladonia",NA,NA
"4652","SBPSdc/02a","+","Pl – Kinnikinnick – Cladonia; Typic",NA,NA
"4653","SBPSdc/02b","+","Pl – Kinnikinnick – Cladonia; Shallow",NA,NA
"4654","SBPSdc/03","+","Pl – Kinnikinnick – Feather moss",NA,NA
"4655","SBPSdc/03a","+","Pl – Kinnikinnick – Feather moss; Typic",NA,NA
"4656","SBPSdc/03b","+","Pl – Kinnikinnick – Feather moss; Sand",NA,NA
"4657","SBPSdc/04","+","PlSb – Feather moss","FR","frost"
"4658","SBPSdc/05","+","Sxw – Scrub birch – Feather moss","FR","frost"
"4659","SBPSdc/06","+","Sxw – Horsetail – Meadowrue",NA,NA
"4660","SBPSdc/08","+","Sxw – Horsetail – Glow moss",NA,NA
"4661","SBPSdc/Fl05","+","Drummond's willow – Bluejoint","Fl","low fluvial bench"
"4662","SBPSdc/Wf02","+","Scrub birch – Water sedge","Wf","wetland fen"
"4663","SBPSdc/Wf05","+","Slender sedge – Common hook moss","Wf","wetland fen"
"4664","SBPSdc/Wf07","+","Scrub birch – Buckbean – Shore sedge","Wf","wetland fen"
"4665","SBPSdc/Wf08","+","Shore sedge – Buckbean – Hook moss","Wf","wetland fen"
"4666","SBPSdc/Wm01","+","Beaked sedge – Water sedge","Wm","wetland marsh"
"4667","SBPSdc/Wm02","+","Water horsetail – Beaked sedge","Wm","wetland marsh"
"4668","SBPSdc/Wm03","+","Awned sedge","Wm","wetland marsh"
"4669","SBPSmc/01","+","Pl – Feather moss – Cladina",NA,NA
"4670","SBPSmc/01a","+","Pl – Feather moss – Cladina; Mesic",NA,NA
"4671","SBPSmc/01b","+","Pl – Feather moss – Cladina; Submesic",NA,NA
"4672","SBPSmc/02","+","Pl – Kinnikinnick – Cladonia",NA,NA
"4673","SBPSmc/03","+","SbPl – Feather moss","FR","frost"
"4674","SBPSmc/04","+","Sxw – Scrub birch – Feather moss","FR","frost"
"4675","SBPSmc/05","+","Sxw – Horsetail",NA,NA
"4676","SBPSmc/06","+","Sxw – Horsetail – Glow moss",NA,NA
"4677","SBPSmc/08","+","Sb – Creeping-snowberry – Peat moss",NA,NA
"4678","SBPSmc/Wf02","+","Scrub birch – Water sedge","Wf","wetland fen"
"4679","SBPSmk/01","+","Pl – Pinegrass – Arnica",NA,NA
"4680","SBPSmk/02","+","Pl – Cladonia – Haircap moss",NA,NA
"4681","SBPSmk/04","+","Pl – Pinegrass – Feather moss",NA,NA
"4682","SBPSmk/04a","+","Pl – Pinegrass – Feather moss; Typic",NA,NA
"4683","SBPSmk/04b","+","Pl – Pinegrass – Feather moss; Sand",NA,NA
"4684","SBPSmk/07","+","Sxw – Horsetail – Glow moss",NA,NA
"4685","SBPSmk/08","+","SbSxw – Scrub birch – Sedge",NA,NA
"4686","SBPSmk/Wf01","+","Water sedge – Beaked sedge","Wf","wetland fen"
"4687","SBPSmk/Wf02","+","Scrub birch – Water sedge","Wf","wetland fen"
"4688","SBPSmk/Wf03","+","Water sedge – Peat moss","Wf","wetland fen"
"4689","SBPSmk/Wf05","+","Slender sedge – Common hook moss","Wf","wetland fen"
"4690","SBPSmk/Wf06","+","Slender sedge – Buckbean","Wf","wetland fen"
"4691","SBPSmk/Wf07","+","Scrub birch – Buckbean – Shore sedge","Wf","wetland fen"
"4692","SBPSmk/Wf08","+","Shore sedge – Buckbean – Hook moss","Wf","wetland fen"
"4693","SBPSmk/Wm01","+","Beaked sedge – Water sedge","Wm","wetland marsh"
"4694","SBPSmk/Wm02","+","Water horsetail – Beaked sedge","Wm","wetland marsh"
"4695","SBPSmk/Wm06","+","Soft-stemmed bulrush","Wm","wetland marsh"
"4696","SBPSmk/Wm10","+","Boreal mannagrass","Wm","wetland marsh"
"4697","SBPSmk/Ws04","+","Drummond's willow – Beaked sedge","Ws","wetland swamp"
"4698","SBPSmk/Ws05","+","Maccalla's willow – Beaked sedge","Ws","wetland swamp"
"4699","SBPSxc/01","+","Pl – Kinnikinnick – Feather moss",NA,NA
"4700","SBPSxc/02","+","Pl – Kinnikinnick – Cladonia",NA,NA
"4701","SBPSxc/02a","+","Pl – Kinnikinnick – Cladonia; Typic",NA,NA
"4702","SBPSxc/02b","+","Pl – Kinnikinnick – Cladonia; Sand",NA,NA
"4703","SBPSxc/02c","+","Pl – Kinnikinnick – Cladonia; Shallow",NA,NA
"4704","SBPSxc/03","+","Sxw – Scrub birch – Fen moss",NA,NA
"4705","SBPSxc/04","+","Sxw – Scrub birch – Feather moss",NA,NA
"4706","SBPSxc/05","+","Sxw – Horsetail – Glow moss",NA,NA
"4707","SBPSxc/06","+","Sxw – Horsetail – Meadowrue",NA,NA
"4708","SBPSxc/Sc01","+","Scrub birch – Kinnikinnick","Sc","subalpine"
"4709","SBPSxc/Sc02","+","Grey-leaved willow – Glow moss","Sc","subalpine"
"4710","SBPSxc/Wf01","+","Water sedge – Beaked sedge","Wf","wetland fen"
"4711","SBPSxc/Wf02","+","Scrub birch – Water sedge","Wf","wetland fen"
"4712","SBPSxc/Wf05","+","Slender sedge – Common hook moss","Wf","wetland fen"
"4713","SBPSxc/Wf09","+","Few-flowered spikerush – Hook moss","Wf","wetland fen"
"4714","SBPSxc/Wm01","+","Beaked sedge – Water sedge","Wm","wetland marsh"
"4715","SBPSxc/Wm02","+","Water horsetail – Beaked sedge","Wm","wetland marsh"
"4716","SBPSxc/Wm03","+","Awned sedge","Wm","wetland marsh"
"4717","SBPSxc/Wm06","+","Soft-stemmed bulrush","Wm","wetland marsh"
"4718","SBPSxc/Wm07","+","Baltic rush","Wm","wetland marsh"
"4719","SBPSxc/Wm09","+","Inflated sedge","Wm","wetland marsh"
"4720","SBPSxc/Wm10","+","Boreal mannagrass","Wm","wetland marsh"
"4721","SBPSxc/Wm13","+","Seaside arrow-grass","Wm","wetland marsh"
"4722","SBPSxc/Ws03","+","Bebb's willow – Bluejoint","Ws","wetland swamp"
"4723","SBPSxc/Ws05","+","Maccalla's willow – Beaked sedge","Ws","wetland swamp"
"4724","SBSdh1/01","+","SxwFd – Ricegrass",NA,NA
"4725","SBSdh1/02","+","Pl – Velvet-leaved blueberry – Cladonia",NA,NA
"4726","SBSdh1/03","+","FdPl – Pinegrass – Feather moss",NA,NA
"4727","SBSdh1/04","+","Pl – Pinegrass – Feather moss",NA,NA
"4728","SBSdh1/05","+","Pl – Labrador tea – Velvet-leaved blueberry",NA,NA
"4729","SBSdh1/06","+","SxwFd – Thimbleberry",NA,NA
"4730","SBSdh1/07","+","Sxw – Horsetail",NA,NA
"4731","SBSdh1/08","+","Sb – Scrub birch – Sedge",NA,NA
"4732","SBSdh1/Ws05","+","Maccalla's willow – Beaked sedge","Ws","wetland swamp"
"4733","SBSdk/01","+","Sxw – Spirea – Purple peavine",NA,NA
"4734","SBSdk/01$Atpw","+","At – Pink wintergreen",NA,NA
"4735","SBSdk/01$Atss","+","At – Saskatoon – Snowberry",NA,NA
"4736","SBSdk/01a","+","Sxw – Spirea – Purple peavine; Fine-textured",NA,NA
"4737","SBSdk/01a$Atpw","+","At – Pink wintergreen",NA,NA
"4738","SBSdk/01a$Atss","+","At – Saskatoon – Snowberry",NA,NA
"4739","SBSdk/01b","+","Sxw – Spirea – Purple peavine; Coarse-textured",NA,NA
"4740","SBSdk/01b$Atpw","+","At – Pink wintergreen",NA,NA
"4741","SBSdk/01b$Atss","+","At – Saskatoon – Snowberry",NA,NA
"4742","SBSdk/02","+","Pl – Juniper – Ricegrass",NA,NA
"4743","SBSdk/03","+","Pl – Feather moss – Cladina",NA,NA
"4744","SBSdk/03$Atki","+","At – Kinnikinnick",NA,NA
"4745","SBSdk/03$Epdh","+","Ep – Douglas' maple",NA,NA
"4746","SBSdk/04","+","Fd – Soopolallie – Feather moss","IN","insolation"
"4747","SBSdk/04$Atki","+","At – Kinnikinnick",NA,NA
"4748","SBSdk/04$Atss","+","At – Saskatoon – Snowberry",NA,NA
"4749","SBSdk/04$Epdh","+","Ep – Douglas' maple",NA,NA
"4750","SBSdk/05","+","Sxw – Spirea – Feather moss",NA,NA
"4751","SBSdk/05$Atss","+","At – Saskatoon – Snowberry",NA,NA
"4752","SBSdk/05$Epdh","+","Ep – Douglas' maple",NA,NA
"4753","SBSdk/06","+","Sxw – Twinberry – Coltsfoot",NA,NA
"4754","SBSdk/06$Atcv","+","At – Canada violet",NA,NA
"4755","SBSdk/06$Atlf","+","At – Lady fern",NA,NA
"4756","SBSdk/07","+","Sxw – Horsetail",NA,NA
"4757","SBSdk/07$Atcv","+","At – Canada violet",NA,NA
"4758","SBSdk/07$Atha","+","At – Hardhack",NA,NA
"4759","SBSdk/07$Atlf","+","At – Lady fern",NA,NA
"4760","SBSdk/07a","+","Sxw – Horsetail; Freely drained",NA,NA
"4761","SBSdk/07a$Atcv","+","At – Canada violet",NA,NA
"4762","SBSdk/07a$Atha","+","At – Hardhack",NA,NA
"4763","SBSdk/07a$Atlf","+","At – Lady fern",NA,NA
"4764","SBSdk/07b","+","Sxw – Horsetail; Poorly drained",NA,NA
"4765","SBSdk/07b$Atcv","+","At – Canada violet",NA,NA
"4766","SBSdk/07b$Atha","+","At – Hardhack",NA,NA
"4767","SBSdk/07b$Atlf","+","At – Lady fern",NA,NA
"4768","SBSdk/08a","+","Act – Dogwood – Prickly rose; High-bench",NA,NA
"4769","SBSdk/08b","+","Act – Dogwood – Prickly rose; Medium-bench",NA,NA
"4770","SBSdk/10$Atha","+","At – Hardhack",NA,NA
"4771","SBSdk/50","+","At – Anenome",NA,NA
"4772","SBSdk/51","+","Ws – Thimbleberry",NA,NA
"4773","SBSdk/52","+","Mountain alder – Stinging nettle",NA,NA
"4774","SBSdk/53","+","Mountain alder – Mitrewort",NA,NA
"4775","SBSdk/54","+","Drummond's willow – Bluejoint",NA,NA
"4776","SBSdk/81","+","Saskatoon – slender wildrye",NA,NA
"4777","SBSdk/82","+","Bluegrass – Slender wildrye",NA,NA
"4778","SBSdk/Fl02","+","Mountain alder – Red-osier dogwood – Lady fern","Fl","low fluvial bench"
"4779","SBSdk/Fl05","+","Drummond's willow – Bluejoint","Fl","low fluvial bench"
"4780","SBSdk/Wf02","+","Scrub birch – Water sedge","Wf","wetland fen"
"4781","SBSdk/Wf05","+","Slender sedge – Common hook moss","Wf","wetland fen"
"4782","SBSdk/Wf06","+","Slender sedge – Buckbean","Wf","wetland fen"
"4783","SBSdk/Wf07","+","Scrub birch – Buckbean – Shore sedge","Wf","wetland fen"
"4784","SBSdk/Wf08","+","Shore sedge – Buckbean – Hook moss","Wf","wetland fen"
"4785","SBSdk/Wf11","+","Tufted clubrush – Star moss","Wf","wetland fen"
"4786","SBSdk/Wm01","+","Beaked sedge – Water sedge","Wm","wetland marsh"
"4787","SBSdk/Wm02","+","Water horsetail – Beaked sedge","Wm","wetland marsh"
"4788","SBSdk/Wm04","+","Common spikerush","Wm","wetland marsh"
"4789","SBSdk/Ws03","+","Bebb's willow – Bluejoint","Ws","wetland swamp"
"4790","SBSdk/Ws04","+","Drummond's willow – Beaked sedge","Ws","wetland swamp"
"4791","SBSdk/Ws05","+","Maccalla's willow – Beaked sedge","Ws","wetland swamp"
"4792","SBSdw1/01","+","SxwFd – Pinegrass",NA,NA
"4793","SBSdw1/02","+","FdPl – Cladonia",NA,NA
"4794","SBSdw1/04","+","Pl – Pinegrass – Feather moss",NA,NA
"4795","SBSdw1/06","+","SxwFd – Thimbleberry",NA,NA
"4796","SBSdw1/08","+","Sxw – Twinberry – Oak fern",NA,NA
"4797","SBSdw1/09","+","Sxw – Horsetail – Glow moss",NA,NA
"4798","SBSdw1/Wb01","+","Sb – Creeping-snowberry – Sphagnum","Wb","wetland bog "
"4799","SBSdw1/Wb05","+","Sb – Water sedge – Peat moss","Wb","wetland bog "
"4800","SBSdw1/Wb12","+","Scheuchzeria – Peat moss","Wb","wetland bog "
"4801","SBSdw1/Wb13","+","Shore sedge – Buckbean – Peat moss","Wb","wetland bog "
"4802","SBSdw1/Wf01","+","Water sedge – Beaked sedge","Wf","wetland fen"
"4803","SBSdw1/Wf02","+","Scrub birch – Water sedge","Wf","wetland fen"
"4804","SBSdw1/Wf05","+","Slender sedge – Common hook moss","Wf","wetland fen"
"4805","SBSdw1/Wf06","+","Slender sedge – Buckbean","Wf","wetland fen"
"4806","SBSdw1/Wf07","+","Scrub birch – Buckbean – Shore sedge","Wf","wetland fen"
"4807","SBSdw1/Wf08","+","Shore sedge – Buckbean – Hook moss","Wf","wetland fen"
"4808","SBSdw1/Wm01","+","Beaked sedge – Water sedge","Wm","wetland marsh"
"4809","SBSdw1/Wm02","+","Water horsetail – Beaked sedge","Wm","wetland marsh"
"4810","SBSdw1/Wm04","+","Common spikerush","Wm","wetland marsh"
"4811","SBSdw1/Wm05","+","Cattail","Wm","wetland marsh"
"4812","SBSdw1/Ws02","+","Mountain alder – Pink spirea – Sitka sedge","Ws","wetland swamp"
"4813","SBSdw1/Ws03","+","Bebb's willow – Bluejoint","Ws","wetland swamp"
"4814","SBSdw1/Ws05","+","MacCalla's willow – Beaked sedge","Ws","wetland swamp"
"4815","SBSdw2/01","+","SxwFd – Pinegrass",NA,NA
"4816","SBSdw2/02","+","FdPl – Cladonia",NA,NA
"4817","SBSdw2/03","+","Pl – Kinnikinnick – Wavy-leaved moss",NA,NA
"4818","SBSdw2/06","+","Pl – Pinegrass – Feather moss",NA,NA
"4819","SBSdw2/07","+","PlSb – Feather moss","FR","frost"
"4820","SBSdw2/09","+","Sxw – Devil's club – Knight's plume",NA,NA
"4821","SBSdw2/10","+","Sxw – Horsetail",NA,NA
"4822","SBSdw2/11","+","Sb – Soft-leaved sedge – Sphagnum",NA,NA
"4823","SBSdw2/12","+","Sb – Buckbean – Peat moss",NA,NA
"4824","SBSdw2/Wb01","+","Sb – Creeping-snowberry – Sphagnum","Wb","wetland bog "
"4825","SBSdw2/Wb05","+","Sb – Water sedge – Peat moss","Wb","wetland bog "
"4826","SBSdw2/Wf01","+","Water sedge – Beaked sedge","Wf","wetland fen"
"4827","SBSdw2/Wf02","+","Scrub birch – Water sedge","Wf","wetland fen"
"4828","SBSdw2/Wf05","+","Slender sedge – Common hook moss","Wf","wetland fen"
"4829","SBSdw2/Wf06","+","Slender sedge – Buckbean","Wf","wetland fen"
"4830","SBSdw2/Wf07","+","Scrub birch – Buckbean – Shore sedge","Wf","wetland fen"
"4831","SBSdw2/Wf08","+","Shore sedge – Buckbean – Hook moss","Wf","wetland fen"
"4832","SBSdw2/Wm01","+","Beaked sedge – Water sedge","Wm","wetland marsh"
"4833","SBSdw2/Wm02","+","Water horsetail – Beaked sedge","Wm","wetland marsh"
"4834","SBSdw2/Wm03","+","Awned sedge","Wm","wetland marsh"
"4835","SBSdw2/Wm04","+","Common spikerush","Wm","wetland marsh"
"4836","SBSdw2/Wm05","+","Cattail","Wm","wetland marsh"
"4837","SBSdw2/Wm10","+","Boreal mannagrass","Wm","wetland marsh"
"4838","SBSdw2/Ws02","+","Mountain alder – Pink spirea – Sitka sedge","Ws","wetland swamp"
"4839","SBSdw2/Ws03","+","Bebb's willow – Bluejoint","Ws","wetland swamp"
"4840","SBSdw2/Ws04","+","Drummond's willow – Beaked sedge","Ws","wetland swamp"
"4841","SBSdw2/Ws05","+","MacCalla's willow – Beaked sedge","Ws","wetland swamp"
"4842","SBSdw3/01","+","SxwFd – Pinegrass",NA,NA
"4843","SBSdw3/02","+","FdPl – Cladonia",NA,NA
"4844","SBSdw3/03","+","Pl – Feather moss – Cladina","IN","insolation"
"4845","SBSdw3/04","+","SxwFd – Ricegrass",NA,NA
"4846","SBSdw3/05","+","PlSb – Feather moss","FR","frost"
"4847","SBSdw3/06","+","Sxw – Pink spirea – Prickly rose",NA,NA
"4848","SBSdw3/07","+","Sxw – Twinberry",NA,NA
"4849","SBSdw3/08","+","Sxw – Oak fern",NA,NA
"4850","SBSdw3/09","+","Sxw – Horsetail – Glow moss",NA,NA
"4851","SBSdw3/11","+","Sb – Water sedge – Peat moss",NA,NA
"4852","SBSdw3/12","+","Sb – Horsetail – Peat mosses",NA,NA
"4853","SBSdw3/Fl05","+","Drummond's willow – Bluejoint","Fl","low fluvial bench"
"4854","SBSdw3/Wb12","+","Scheuchzeria – Peat moss","Wb","wetland bog "
"4855","SBSdw3/Wm01","+","Beaked sedge – Water sedge","Wm","wetland marsh"
"4856","SBSdw3/Wm02","+","Water horsetail – Beaked sedge","Wm","wetland marsh"
"4857","SBSmc1/01","+","Sxw – Huckleberry",NA,NA
"4858","SBSmc1/01a","+","Sxw – Huckleberry; Typic",NA,NA
"4859","SBSmc1/01b","+","Sxw – Huckleberry; Shallow",NA,NA
"4860","SBSmc1/01c","+","Sxw – Huckleberry; Sand",NA,NA
"4861","SBSmc1/02","+","Pl – Cladonia – Haircap moss",NA,NA
"4862","SBSmc1/06","+","Sxw – Oak fern",NA,NA
"4863","SBSmc1/07","+","Sxw – Devil's club – Step moss",NA,NA
"4864","SBSmc2/01","+","Sxw – Huckleberry",NA,NA
"4865","SBSmc2/01a","+","Sxw – Huckleberry; Typic",NA,NA
"4866","SBSmc2/01b","+","Sxw – Huckleberry; Shallow",NA,NA
"4867","SBSmc2/01c","+","Sxw – Huckleberry; Submesic",NA,NA
"4868","SBSmc2/02","+","Pl – Huckleberry – Cladonia",NA,NA
"4869","SBSmc2/02a","+","Pl – Huckleberry – Cladonia; Typic",NA,NA
"4870","SBSmc2/02b","+","Pl – Huckleberry – Cladonia; Sand",NA,NA
"4871","SBSmc2/03","+","SbPl – Feather moss","FR","frost"
"4872","SBSmc2/05","+","Sxw – Twinberry – Coltsfoot",NA,NA
"4873","SBSmc2/06","+","Sxw – Oak fern",NA,NA
"4874","SBSmc2/07","+","Sxw – Scrub birch – Feather moss","FR","frost"
"4875","SBSmc2/09","+","Sxw – Devil's club",NA,NA
"4876","SBSmc2/09a","+","Sxw – Devil's club; Fluvial",NA,NA
"4877","SBSmc2/09b","+","Sxw – Devil's club; Morainal",NA,NA
"4878","SBSmc2/10","+","Sxw – Horsetail",NA,NA
"4879","SBSmc2/10a","+","Sxw – Horsetail; Fluvial",NA,NA
"4880","SBSmc2/10b","+","Sxw – Horsetail; Lacustrine/morainal",NA,NA
"4881","SBSmc2/11","+","Sxw – Horsetail – Glow moss",NA,NA
"4882","SBSmc2/13","+","Sb – Soft-leaved sedge – Peat moss",NA,NA
"4883","SBSmc2/14","+","Sb – Horsetail – Peat mosses",NA,NA
"4884","SBSmc2/15","+","Pl – Few-flowered sedge – Peat moss",NA,NA
"4885","SBSmc2/16","+","Sb – Buckbean – Peat moss",NA,NA
"4886","SBSmc2/Wb12","+","Scheuchzeria – Peat moss","Wb","wetland bog "
"4887","SBSmc2/Wf02","+","Scrub birch – Water sedge","Wf","wetland fen"
"4888","SBSmc2/Wf05","+","Slender sedge – Common hook moss","Wf","wetland fen"
"4889","SBSmc2/Wf07","+","Scrub birch – Buckbean – Shore sedge","Wf","wetland fen"
"4890","SBSmc2/Wf08","+","Shore sedge – Buckbean – Hook moss","Wf","wetland fen"
"4891","SBSmc2/Wf09","+","Few-flowered spikerush – Hook moss","Wf","wetland fen"
"4892","SBSmc2/Wf10","+","Hudson Bay clubrush – Rusty scorpion moss","Wf","wetland fen"
"4893","SBSmc2/Wm01","+","Beaked sedge – Water sedge","Wm","wetland marsh"
"4894","SBSmc2/Ws02","+","Mountain alder – Pink spirea – Sitka sedge","Ws","wetland swamp"
"4895","SBSmc2/Ws04","+","Drummond's willow – Beaked sedge","Ws","wetland swamp"
"4896","SBSmc3/01","+","Sxw – Huckleberry",NA,NA
"4897","SBSmc3/02","+","Pl – Juniper – Dwarf blueberry",NA,NA
"4898","SBSmc3/03","+","Pl – Feather moss – Cladina",NA,NA
"4899","SBSmc3/04","+","Sxw – Huckleberry – Soopolallie",NA,NA
"4900","SBSmc3/06","+","SbPl – Feather moss","FR","frost"
"4901","SBSmc3/07","+","Sxw – Twinberry",NA,NA
"4902","SBSmc3/08","+","Sxw – Horsetail",NA,NA
"4903","SBSmh/01","+","SxwFd – Hazelnut",NA,NA
"4904","SBSmh/02","+","FdPl – Cladonia",NA,NA
"4905","SBSmh/03","+","FdPl – Velvet-leaved blueberry – Cladonia",NA,NA
"4906","SBSmh/04","+","Fd – Douglas' maple – Step moss","IN","insolation"
"4907","SBSmh/05","+","SxwFd – Feather moss",NA,NA
"4908","SBSmh/06","+","SxwFd – Coltsfoot",NA,NA
"4909","SBSmh/07","+","SxwEp – Devil's club",NA,NA
"4910","SBSmh/09","+","Sxw – Horsetail – Glow moss",NA,NA
"4911","SBSmh/Wm01","+","Beaked sedge – Water sedge","Wm","wetland marsh"
"4912","SBSmh/Wm03","+","Awned sedge","Wm","wetland marsh"
"4913","SBSmh/Wm05","+","Cattail","Wm","wetland marsh"
"4914","SBSmh/Wm06","+","Soft-stemmed bulrush","Wm","wetland marsh"
"4915","SBSmh/Ws03","+","Bebb's willow – Bluejoint","Ws","wetland swamp"
"4916","SBSmk1/01","+","Sxw – Huckleberry – High bush-cranberry",NA,NA
"4917","SBSmk1/02","+","Pl – Cladina – Step moss",NA,NA
"4918","SBSmk1/03","+","Pl – Feather moss – Cladina",NA,NA
"4919","SBSmk1/05","+","SxwFd – Toad-flax",NA,NA
"4920","SBSmk1/07","+","Sxw – Oak fern",NA,NA
"4921","SBSmk1/09","+","Sxw – Horsetail",NA,NA
"4922","SBSmk1/09a","+","Sxw – Horsetail; Fluvial",NA,NA
"4923","SBSmk1/09b","+","Sxw – Horsetail; Organic",NA,NA
"4924","SBSmk1/10","+","Sb – Scrub birch – Sedge",NA,NA
"4925","SBSmk1/Wb13","+","Shore sedge – Buckbean – Peat moss","Wb","wetland bog "
"4926","SBSmk1/Wf05","+","Slender sedge – Common hook moss","Wf","wetland fen"
"4927","SBSmk1/Wm01","+","Beaked sedge – Water sedge","Wm","wetland marsh"
"4928","SBSmk1/Ws04","+","Drummond's willow – Beaked sedge","Ws","wetland swamp"
"4929","SBSmk1/Ws50","+","Hardhack – Sitka sedge","Ws","wetland swamp"
"4930","SBSmk2/01","+","Sxw – Huckleberry – High bush-cranberry",NA,NA
"4931","SBSmk2/02","+","Pl – Feather moss – Cladina",NA,NA
"4932","SBSmk2/03","+","Sxw – Huckleberry – Soopolallie",NA,NA
"4933","SBSmk2/05","+","Sxw – Oak fern",NA,NA
"4934","SBSmk2/07","+","Sb – Water sedge – Peat moss",NA,NA
"4935","SBSmk2/Fl02","+","Mountain alder – Red-osier dogwood – Lady fern","Fl","low fluvial bench"
"4936","SBSmk2/Fl04","+","Sitka willow – Red-osier dogwood – Horsetail","Fl","low fluvial bench"
"4937","SBSmk2/Wf08","+","Shore sedge – Buckbean – Hook moss","Wf","wetland fen"
"4938","SBSmk2/Wf10","+","Hudson Bay clubrush – Rusty scorpion moss","Wf","wetland fen"
"4939","SBSmk2/Wm01","+","Beaked sedge – Water sedge","Wm","wetland marsh"
"4940","SBSmk2/Wm02","+","Water horsetail – Beaked sedge","Wm","wetland marsh"
"4941","SBSmk2/Wm04","+","Common spikerush","Wm","wetland marsh"
"4942","SBSmk2/Wm06","+","Soft-stemmed bulrush","Wm","wetland marsh"
"4943","SBSmm/01","+","Sxw – Falsebox – Knight's plume",NA,NA
"4944","SBSmm/02","+","Pl – Huckleberry – Cladonia",NA,NA
"4945","SBSmm/03","+","PlFd – Juniper",NA,NA
"4946","SBSmm/04","+","Pl – Soopolallie – Pinegrass",NA,NA
"4947","SBSmm/05","+","Sxw – Soopolallie – Falsebox",NA,NA
"4948","SBSmm/06","+","Sxw – Huckleberry – Falsebox",NA,NA
"4949","SBSmm/07","+","Sxw – Oak fern",NA,NA
"4950","SBSmm/09","+","Sedge – Sphagnum",NA,NA
"4951","SBSmm/10","+","Sb – Water sedge – Peat moss",NA,NA
"4952","SBSmm/Wf02","+","Scrub birch – Water sedge","Wf","wetland fen"
"4953","SBSmw/01","+","SxwFd – Falsebox",NA,NA
"4954","SBSmw/02","+","FdBl – Huckleberry",NA,NA
"4955","SBSmw/03","+","Pl – Huckleberry – Velvet-leaved blueberry",NA,NA
"4956","SBSmw/06","+","Sxw – Oak fern",NA,NA
"4957","SBSmw/07","+","Sxw – Twinberry – Oak fern",NA,NA
"4958","SBSmw/08","+","Sxw – Devil's club",NA,NA
"4959","SBSmw/09","+","Sxw – Horsetail",NA,NA
"4960","SBSmw/10","+","SbSxw – Scrub birch – Sedge",NA,NA
"4961","SBSmw/11","+","Pl – Huckleberry – Knight's plume",NA,NA
"4962","SBSmw/12","+","Sxw – Pink spirea – Sphagnum",NA,NA
"4963","SBSmw/13","+","Sxw – Mountain alder – Lady fern",NA,NA
"4964","SBSmw/14","+","Sb – Creeping-snowberry – Peat moss",NA,NA
"4965","SBSmw/15","+","Sb – Soft-leaved sedge – Peat moss",NA,NA
"4966","SBSmw/16","+","Sb – Horsetail – Peat mosses",NA,NA
"4967","SBSmw/Wb07","+","Pl – Water sedge – Peat mosses","Wb","wetland bog "
"4968","SBSmw/Wf02","+","Scrub birch – Water sedge","Wf","wetland fen"
"4969","SBSmw/Wf08","+","Shore sedge – Buckbean – Hook moss","Wf","wetland fen"
"4970","SBSmw/Ws02","+","Mountain alder – Pink spirea – Sitka sedge","Ws","wetland swamp"
"4971","SBSmz/101","+","BlPliSxl – Bunchberry – False toadflax",NA,NA
"4972","SBSmz/101a","+","BlPliSxl – Bunchberry – False toadflax; Mesic phase",NA,NA
"4973","SBSmz/101b","+","BlPliSxl – Bunchberry – False toadflax; Subxeric phase",NA,NA
"4974","SBSmz/102","+","PliBl – Kinnikinnick – Clad lichens",NA,NA
"4975","SBSmz/103","+","AtEp – Juniper – Saskatoon",NA,NA
"4976","SBSmz/104","+","BlPli – Crowberry – Feather moss",NA,NA
"4977","SBSmz/110","+","Bl – Oak fern – Bunchberry",NA,NA
"4978","SBSmz/111","+","BlSxl – Devil's club",NA,NA
"4979","SBSmz/113","+","BlSxl – Scrub birch – Peat mosses",NA,NA
"4980","SBSmz/114","+","BlSxl – Horsetail – Peat mosses",NA,NA
"4981","SBSvc/101","+","BlSxl – Devil's club – Dogwood",NA,NA
"4982","SBSvc/102","+","PliBl – Juniper – Kinnikinnick",NA,NA
"4983","SBSvc/103","+","PliBl – Soopolallie",NA,NA
"4984","SBSvc/103.1","+","PliBl – Soopolallie; Prince's pine variation",NA,NA
"4985","SBSvc/103.2","+","PliBl – Soopolallie; Dogbane variation",NA,NA
"4986","SBSvc/104","+","PliSxlBl – False toadflax",NA,NA
"4987","SBSvc/105","+","PliBl – High bush-cranberry",NA,NA
"4988","SBSvc/110","+","BlSxl – Devil's club – Horsetail",NA,NA
"4989","SBSvk/01","+","Sxw – Devil's club",NA,NA
"4990","SBSvk/02","+","Pl – Huckleberry – Velvet-leaved blueberry",NA,NA
"4991","SBSvk/04","+","Sxw – Oak fern",NA,NA
"4992","SBSvk/05","+","Sxw – Devil's club – Spiny wood fern",NA,NA
"4993","SBSvk/06","+","Sxw – Horsetail",NA,NA
"4994","SBSvk/07","+","Sxw – Devil's club – Ostrich fern",NA,NA
"4995","SBSvk/09","+","Pl – Huckleberry – Cladina",NA,NA
"4996","SBSvk/10","+","Sxw – Skunk cabbage",NA,NA
"4997","SBSvk/12","+","ActBl – Devil's club",NA,NA
"4998","SBSvk/13","+","Sb – Skunk cabbage – Peat moss",NA,NA
"4999","SBSvk/51","+","Mountain alder – Lady fern",NA,NA
"5000","SBSvk/Fl01","+","Mountain alder – Common horsetail","Fl","low fluvial bench"
"5001","SBSvk/Fl02","+","Mountain alder – Red-osier dogwood – Lady fern","Fl","low fluvial bench"
"5002","SBSvk/Fl04","+","Sitka willow – Red-osier dogwood – Horsetail","Fl","low fluvial bench"
"5003","SBSvk/Wb12","+","Scheuchzeria – Peat moss","Wb","wetland bog "
"5004","SBSvk/Wf02","+","Scrub birch – Water sedge","Wf","wetland fen"
"5005","SBSvk/Wf04","+","Barclay's willow – Water sedge – Glow moss","Wf","wetland fen"
"5006","SBSvk/Wf07","+","Scrub birch – Buckbean – Shore sedge","Wf","wetland fen"
"5007","SBSvk/Wm01","+","Beaked sedge – Water sedge","Wm","wetland marsh"
"5008","SBSvk/Ws01","+","Mountain alder – Skunk cabbage – Lady fern","Ws","wetland swamp"
"5009","SBSvk/Ws06","+","Sitka willow – Sitka sedge","Ws","wetland swamp"
"5010","SBSwk1/01","+","Sxw – Oak fern",NA,NA
"5011","SBSwk1/02","+","Pl – Huckleberry – Cladina",NA,NA
"5012","SBSwk1/03","+","Pl – Huckleberry – Velvet-leaved blueberry",NA,NA
"5013","SBSwk1/05","+","Sxw – Huckleberry – High bush-cranberry",NA,NA
"5014","SBSwk1/08","+","Sxw – Devil's club",NA,NA
"5015","SBSwk1/09","+","Sxw – Horsetail",NA,NA
"5016","SBSwk1/10","+","Sxw – Devil's club – Lady fern",NA,NA
"5017","SBSwk1/12","+","SbPl – Feather moss","FR","frost"
"5018","SBSwk1/14","+","Pl – Bog-rosemary – Peat moss",NA,NA
"5019","SBSwk1/15","+","Sb – Horsetail – Peat mosses",NA,NA
"5020","SBSwk1/16","+","Sb – Buckbean – Peat moss",NA,NA
"5021","SBSwk1/17","+","Sb – Skunk cabbage – Peat moss",NA,NA
"5022","SBSwk1/Fl02","+","Mountain alder – Red-osier dogwood – Lady fern","Fl","low fluvial bench"
"5023","SBSwk1/Wf02","+","Scrub birch – Water sedge","Wf","wetland fen"
"5024","SBSwk1/Wf03","+","Water sedge – Peat moss","Wf","wetland fen"
"5025","SBSwk1/Wf04","+","Barclay's willow – Water sedge – Glow moss","Wf","wetland fen"
"5026","SBSwk1/Wf05","+","Slender sedge – Common hook moss","Wf","wetland fen"
"5027","SBSwk1/Wf07","+","Scrub birch – Buckbean – Shore sedge","Wf","wetland fen"
"5028","SBSwk1/Wf08","+","Shore sedge – Buckbean – Hook moss","Wf","wetland fen"
"5029","SBSwk1/Wf11","+","Tufted clubrush – Star moss","Wf","wetland fen"
"5030","SBSwk1/Wm01","+","Beaked sedge – Water sedge","Wm","wetland marsh"
"5031","SBSwk1/Wm02","+","Water horsetail – Beaked sedge","Wm","wetland marsh"
"5032","SBSwk1/Ws01","+","Mountain alder – Skunk cabbage – Lady fern","Ws","wetland swamp"
"5033","SBSwk1/Ws02","+","Mountain alder – Pink spirea – Sitka sedge","Ws","wetland swamp"
"5034","SBSwk1/Ws04","+","Drummond's willow – Beaked sedge","Ws","wetland swamp"
"5035","SBSwk1/Ws06","+","Sitka willow – Sitka sedge","Ws","wetland swamp"
"5036","SBSwk1/Ws50","+","Hardhack – Sitka sedge","Ws","wetland swamp"
"5037","SBSwk2/01","+","Sxw – Oak fern",NA,NA
"5038","SBSwk2/02","+","Pl – Huckleberry – Cladina",NA,NA
"5039","SBSwk2/03","+","Sxw – Huckleberry – High bush-cranberry",NA,NA
"5040","SBSwk2/04","+","SbPl – Feather moss","FR","frost"
"5041","SBSwk2/05","+","Sxw – Devil's club",NA,NA
"5042","SBSwk2/06","+","Sxw – Horsetail",NA,NA
"5043","SBSwk2/07","+","Lt – Water sedge – Fen Moss",NA,NA
"5044","SBSwk2/Wf02","+","Scrub birch – Water sedge","Wf","wetland fen"
"5045","SBSwk2/Wf07","+","Scrub birch – Buckbean – Shore sedge","Wf","wetland fen"
"5046","SBSwk2/Wf13","+","Narrow-leaved cotton-grass – Shore sedge","Wf","wetland fen"
"5047","SBSwk3/01","+","Sxw – Oak fern",NA,NA
"5048","SBSwk3/02","+","Pl – Huckleberry – Cladina",NA,NA
"5049","SBSwk3/03","+","SxwFd – Purple peavine",NA,NA
"5050","SBSwk3/04","+","Sxw – Huckleberry – High bush-cranberry",NA,NA
"5051","SBSwk3/06","+","Sxw – Twinberry – Coltsfoot",NA,NA
"5052","SBSwk3/07","+","Sxw – Devil's club",NA,NA
"5053","SBSwk3/08","+","Sxw – Horsetail",NA,NA
"5054","SBSwk3/Wf07","+","Scrub birch – Buckbean – Shore sedge","Wf","wetland fen"
"5055","SBSwk3a/01","+","Sxw – Dogwood – Fairybells",NA,NA
"5056","SBSwk3a/02","+","Pl – Huckleberry – Cladina",NA,NA
"5057","SBSwk3a/03","+","SxwFd – Purple peavine",NA,NA
"5058","SBSwk3a/04","+","SxwFd – Birch-leaved spirea – Feather moss",NA,NA
"5059","SBSwk3a/06","+","Sxw – Twinberry – Coltsfoot",NA,NA
"5060","SBSwk3a/07","+","Sxw – Devil's club",NA,NA
"5061","SS_NoSpace","-","SiteSeriesLongName","SpecialCode","Special"
"5062","SWBmk/01","+","Sw – Grey-leaved willow – Scrub birch",NA,NA
"5063","SWBmk/02","+","Sw – Scrub birch – Cladina",NA,NA
"5064","SWBmk/06","+","Sw – Willow – Step moss",NA,NA
"5065","SWBmk/08","+","Sw – Shrubby cinquefoil – Horsetail",NA,NA
"5066","SWBmk/09","+","Sw – Horsetail – Sphagnum",NA,NA
