"","Source","BGC","SS_NoSpace","Edatopic"
"1","BECv10","BAFAun","BAFAun/00","E7"
"2","BECv10","BAFAun","BAFAun/00","E6"
"3","BECv10","BAFAun","BAFAun/00","E5"
"4","BECv10","BAFAun","BAFAun/00","E4"
"5","BECv10","BAFAun","BAFAun/00","E3"
"6","BECv10","BAFAun","BAFAun/00","E2"
"7","BECv10","BAFAun","BAFAun/00","E1"
"8","BECv10","BAFAun","BAFAun/00","E0"
"9","BECv10","BAFAun","BAFAun/00","D7"
"10","BECv10","BAFAun","BAFAun/00","D6"
"11","BECv10","BAFAun","BAFAun/00","D5"
"12","BECv10","BAFAun","BAFAun/00","D4"
"13","BECv10","BAFAun","BAFAun/00","D3"
"14","BECv10","BAFAun","BAFAun/00","D2"
"15","BECv10","BAFAun","BAFAun/00","D1"
"16","BECv10","BAFAun","BAFAun/00","D0"
"17","BECv10","BAFAun","BAFAun/00","C7"
"18","BECv10","BAFAun","BAFAun/00","C6"
"19","BECv10","BAFAun","BAFAun/00","C5"
"20","BECv10","BAFAun","BAFAun/00","C4"
"21","BECv10","BAFAun","BAFAun/00","C3"
"22","BECv10","BAFAun","BAFAun/00","C2"
"23","BECv10","BAFAun","BAFAun/00","C1"
"24","BECv10","BAFAun","BAFAun/00","C0"
"25","BECv10","BAFAun","BAFAun/00","B7"
"26","BECv10","BAFAun","BAFAun/00","B6"
"27","BECv10","BAFAun","BAFAun/00","B5"
"28","BECv10","BAFAun","BAFAun/00","B4"
"29","BECv10","BAFAun","BAFAun/00","B3"
"30","BECv10","BAFAun","BAFAun/00","B2"
"31","BECv10","BAFAun","BAFAun/00","B1"
"32","BECv10","BAFAun","BAFAun/00","B0"
"33","BECv10","BAFAun","BAFAun/00","A7"
"34","BECv10","BAFAun","BAFAun/00","A6"
"35","BECv10","BAFAun","BAFAun/00","A5"
"36","BECv10","BAFAun","BAFAun/00","A4"
"37","BECv10","BAFAun","BAFAun/00","A3"
"38","BECv10","BAFAun","BAFAun/00","A2"
"39","BECv10","BAFAun","BAFAun/00","A1"
"40","BECv10","BAFAun","BAFAun/00","A0"
"41","BECv10","BAFAunp","BAFAunp/00","E7"
"42","BECv10","BAFAunp","BAFAunp/00","E6"
"43","BECv10","BAFAunp","BAFAunp/00","E5"
"44","BECv10","BAFAunp","BAFAunp/00","E4"
"45","BECv10","BAFAunp","BAFAunp/00","E3"
"46","BECv10","BAFAunp","BAFAunp/00","E2"
"47","BECv10","BAFAunp","BAFAunp/00","E1"
"48","BECv10","BAFAunp","BAFAunp/00","E0"
"49","BECv10","BAFAunp","BAFAunp/00","D7"
"50","BECv10","BAFAunp","BAFAunp/00","D6"
"51","BECv10","BAFAunp","BAFAunp/00","D5"
"52","BECv10","BAFAunp","BAFAunp/00","D4"
"53","BECv10","BAFAunp","BAFAunp/00","D3"
"54","BECv10","BAFAunp","BAFAunp/00","D2"
"55","BECv10","BAFAunp","BAFAunp/00","D1"
"56","BECv10","BAFAunp","BAFAunp/00","D0"
"57","BECv10","BAFAunp","BAFAunp/00","C7"
"58","BECv10","BAFAunp","BAFAunp/00","C6"
"59","BECv10","BAFAunp","BAFAunp/00","C5"
"60","BECv10","BAFAunp","BAFAunp/00","C4"
"61","BECv10","BAFAunp","BAFAunp/00","C3"
"62","BECv10","BAFAunp","BAFAunp/00","C2"
"63","BECv10","BAFAunp","BAFAunp/00","C1"
"64","BECv10","BAFAunp","BAFAunp/00","C0"
"65","BECv10","BAFAunp","BAFAunp/00","B7"
"66","BECv10","BAFAunp","BAFAunp/00","B6"
"67","BECv10","BAFAunp","BAFAunp/00","B5"
"68","BECv10","BAFAunp","BAFAunp/00","B4"
"69","BECv10","BAFAunp","BAFAunp/00","B3"
"70","BECv10","BAFAunp","BAFAunp/00","B2"
"71","BECv10","BAFAunp","BAFAunp/00","B1"
"72","BECv10","BAFAunp","BAFAunp/00","B0"
"73","BECv10","BAFAunp","BAFAunp/00","A7"
"74","BECv10","BAFAunp","BAFAunp/00","A6"
"75","BECv10","BAFAunp","BAFAunp/00","A5"
"76","BECv10","BAFAunp","BAFAunp/00","A4"
"77","BECv10","BAFAunp","BAFAunp/00","A3"
"78","BECv10","BAFAunp","BAFAunp/00","A2"
"79","BECv10","BAFAunp","BAFAunp/00","A1"
"80","BECv10","BAFAunp","BAFAunp/00","A0"
"81","USA_2019","BGdh_OR","BGdh_OR/110","E5"
"82","USA_2019","BGdh_OR","BGdh_OR/110","D5"
"83","USA_2019","BGdh_OR","BGdh_OR/110","C5"
"84","USA_2019","BGdh_OR","BGdh_OR/110","B5"
"85","USA_2019","BGdh_OR","BGdh_OR/111","E6"
"86","USA_2019","BGdh_OR","BGdh_OR/111","D6"
"87","USA_2019","BGdh_OR","BGdh_OR/111","C6"
"88","USA_2019","BGdh_OR","BGdh_OR/111","B6"
"89","USA_2019","BGdh_OR","BGdh_OR/Gg1","D2"
"90","USA_2019","BGdh_OR","BGdh_OR/Gg1","D1"
"91","USA_2019","BGdh_OR","BGdh_OR/Gg1","C2"
"92","USA_2019","BGdh_OR","BGdh_OR/Gg1","C1"
"93","USA_2019","BGdh_OR","BGdh_OR/Gg1","B2"
"94","USA_2019","BGdh_OR","BGdh_OR/Gg1","B1"
"95","USA_2019","BGdh_OR","BGdh_OR/Gg1","A2"
"96","USA_2019","BGdh_OR","BGdh_OR/Gg1","A1"
"97","USA_2019","BGdh_OR","BGdh_OR/Gg2","D4"
"98","USA_2019","BGdh_OR","BGdh_OR/Gg2","D3"
"99","USA_2019","BGdh_OR","BGdh_OR/Gg2","C4"
"100","USA_2019","BGdh_OR","BGdh_OR/Gg2","C3"
"101","USA_2019","BGdh_OR","BGdh_OR/Gg2","B4"
"102","USA_2019","BGdh_OR","BGdh_OR/Gg2","B3"
"103","Add_2021","BGdh_OR","BGdh_OR/Ro","A0"
"104","Add_2021","BGdh_OR","BGdh_OR/Ro","B0"
"105","USA_2020","BGdw_OR","BGdw_OR/110","E5"
"106","USA_2020","BGdw_OR","BGdw_OR/110","D5"
"107","USA_2020","BGdw_OR","BGdw_OR/110","C5"
"108","USA_2020","BGdw_OR","BGdw_OR/110","B5"
"109","USA_2020","BGdw_OR","BGdw_OR/111","E6"
"110","USA_2020","BGdw_OR","BGdw_OR/111","D6"
"111","USA_2020","BGdw_OR","BGdw_OR/111","C6"
"112","USA_2020","BGdw_OR","BGdw_OR/111","B6"
"113","USA_2020","BGdw_OR","BGdw_OR/Gg","D4"
"114","USA_2020","BGdw_OR","BGdw_OR/Gg","D3"
"115","USA_2020","BGdw_OR","BGdw_OR/Gg","D2"
"116","USA_2020","BGdw_OR","BGdw_OR/Gg","D1"
"117","USA_2020","BGdw_OR","BGdw_OR/Gg","C4"
"118","USA_2020","BGdw_OR","BGdw_OR/Gg","C3"
"119","USA_2020","BGdw_OR","BGdw_OR/Gg","C2"
"120","USA_2020","BGdw_OR","BGdw_OR/Gg","C1"
"121","USA_2020","BGdw_OR","BGdw_OR/Gg","B4"
"122","USA_2020","BGdw_OR","BGdw_OR/Gg","B3"
"123","USA_2020","BGdw_OR","BGdw_OR/Gg","B2"
"124","USA_2020","BGdw_OR","BGdw_OR/Gg","B1"
"125","USA_2020","BGdw_OR","BGdw_OR/Gg","A2"
"126","USA_2020","BGdw_OR","BGdw_OR/Gg","A1"
"127","Add_2021","BGdw_OR","BGdw_OR/Ro","A0"
"128","Add_2021","BGdw_OR","BGdw_OR/Ro","B0"
"129","USA_2019","BGdw_WA","BGdw_WA/110","E5"
"130","USA_2019","BGdw_WA","BGdw_WA/110","D5"
"131","USA_2019","BGdw_WA","BGdw_WA/110","C5"
"132","USA_2019","BGdw_WA","BGdw_WA/110","B5"
"133","USA_2019","BGdw_WA","BGdw_WA/111","E6"
"134","USA_2019","BGdw_WA","BGdw_WA/111","D6"
"135","USA_2019","BGdw_WA","BGdw_WA/111","C6"
"136","USA_2019","BGdw_WA","BGdw_WA/111","B6"
"137","USA_2019","BGdw_WA","BGdw_WA/Gg","D4"
"138","USA_2019","BGdw_WA","BGdw_WA/Gg","D3"
"139","USA_2019","BGdw_WA","BGdw_WA/Gg","D2"
"140","USA_2019","BGdw_WA","BGdw_WA/Gg","D1"
"141","USA_2019","BGdw_WA","BGdw_WA/Gg","C4"
"142","USA_2019","BGdw_WA","BGdw_WA/Gg","C3"
"143","USA_2019","BGdw_WA","BGdw_WA/Gg","C2"
"144","USA_2019","BGdw_WA","BGdw_WA/Gg","C1"
"145","USA_2019","BGdw_WA","BGdw_WA/Gg","B4"
"146","USA_2019","BGdw_WA","BGdw_WA/Gg","B3"
"147","USA_2019","BGdw_WA","BGdw_WA/Gg","B2"
"148","USA_2019","BGdw_WA","BGdw_WA/Gg","B1"
"149","USA_2019","BGdw_WA","BGdw_WA/Gg","A2"
"150","USA_2019","BGdw_WA","BGdw_WA/Gg","A1"
"151","Add_2021","BGdw_WA","BGdw_WA/Ro","A0"
"152","Add_2021","BGdw_WA","BGdw_WA/Ro","B0"
"153","USA_2019","BGmk_MT","BGmk_MT/110","E5"
"154","USA_2019","BGmk_MT","BGmk_MT/110","D5"
"155","USA_2019","BGmk_MT","BGmk_MT/110","C5"
"156","USA_2019","BGmk_MT","BGmk_MT/110","B5"
"157","USA_2019","BGmk_MT","BGmk_MT/111","E6"
"158","USA_2019","BGmk_MT","BGmk_MT/111","D6"
"159","USA_2019","BGmk_MT","BGmk_MT/111","C6"
"160","USA_2019","BGmk_MT","BGmk_MT/111","B6"
"161","USA_2019","BGmk_MT","BGmk_MT/Gg1","D2"
"162","USA_2019","BGmk_MT","BGmk_MT/Gg1","D1"
"163","USA_2019","BGmk_MT","BGmk_MT/Gg1","C2"
"164","USA_2019","BGmk_MT","BGmk_MT/Gg1","C1"
"165","USA_2019","BGmk_MT","BGmk_MT/Gg1","B2"
"166","USA_2019","BGmk_MT","BGmk_MT/Gg1","B1"
"167","USA_2019","BGmk_MT","BGmk_MT/Gg1","A2"
"168","USA_2019","BGmk_MT","BGmk_MT/Gg1","A1"
"169","USA_2019","BGmk_MT","BGmk_MT/Gg2","D4"
"170","USA_2019","BGmk_MT","BGmk_MT/Gg2","D3"
"171","USA_2019","BGmk_MT","BGmk_MT/Gg2","C4"
"172","USA_2019","BGmk_MT","BGmk_MT/Gg2","C3"
"173","USA_2019","BGmk_MT","BGmk_MT/Gg2","B4"
"174","USA_2019","BGmk_MT","BGmk_MT/Gg2","B3"
"175","Add_2021","BGmk_MT","BGmk_MT/Ro","A0"
"176","Add_2021","BGmk_MT","BGmk_MT/Ro","B0"
"177","USA_2020","BGmk_NV","BGmk_NV/110","E5"
"178","USA_2020","BGmk_NV","BGmk_NV/110","D5"
"179","USA_2020","BGmk_NV","BGmk_NV/110","C5"
"180","USA_2020","BGmk_NV","BGmk_NV/110","B5"
"181","USA_2020","BGmk_NV","BGmk_NV/111","E6"
"182","USA_2020","BGmk_NV","BGmk_NV/111","D6"
"183","USA_2020","BGmk_NV","BGmk_NV/111","C6"
"184","USA_2020","BGmk_NV","BGmk_NV/111","B6"
"185","USA_2020","BGmk_NV","BGmk_NV/Gg1","D2"
"186","USA_2020","BGmk_NV","BGmk_NV/Gg1","D1"
"187","USA_2020","BGmk_NV","BGmk_NV/Gg1","C2"
"188","USA_2020","BGmk_NV","BGmk_NV/Gg1","C1"
"189","USA_2020","BGmk_NV","BGmk_NV/Gg1","B2"
"190","USA_2020","BGmk_NV","BGmk_NV/Gg1","B1"
"191","USA_2020","BGmk_NV","BGmk_NV/Gg1","A2"
"192","USA_2020","BGmk_NV","BGmk_NV/Gg1","A1"
"193","USA_2020","BGmk_NV","BGmk_NV/Gg2","D4"
"194","USA_2020","BGmk_NV","BGmk_NV/Gg2","D3"
"195","USA_2020","BGmk_NV","BGmk_NV/Gg2","C4"
"196","USA_2020","BGmk_NV","BGmk_NV/Gg2","C3"
"197","USA_2020","BGmk_NV","BGmk_NV/Gg2","B4"
"198","USA_2020","BGmk_NV","BGmk_NV/Gg2","B3"
"199","Add_2021","BGmk_NV","BGmk_NV/Ro","A0"
"200","Add_2021","BGmk_NV","BGmk_NV/Ro","B0"
"201","USA_2019","BGmm_MT","BGmm_MT/110","E5"
"202","USA_2019","BGmm_MT","BGmm_MT/110","D5"
"203","USA_2019","BGmm_MT","BGmm_MT/110","C5"
"204","USA_2019","BGmm_MT","BGmm_MT/110","B5"
"205","USA_2019","BGmm_MT","BGmm_MT/111","E6"
"206","USA_2019","BGmm_MT","BGmm_MT/111","D6"
"207","USA_2019","BGmm_MT","BGmm_MT/111","C6"
"208","USA_2019","BGmm_MT","BGmm_MT/111","B6"
"209","USA_2019","BGmm_MT","BGmm_MT/Gg1","D2"
"210","USA_2019","BGmm_MT","BGmm_MT/Gg1","D1"
"211","USA_2019","BGmm_MT","BGmm_MT/Gg1","C2"
"212","USA_2019","BGmm_MT","BGmm_MT/Gg1","C1"
"213","USA_2019","BGmm_MT","BGmm_MT/Gg1","B2"
"214","USA_2019","BGmm_MT","BGmm_MT/Gg1","B1"
"215","USA_2019","BGmm_MT","BGmm_MT/Gg1","A2"
"216","USA_2019","BGmm_MT","BGmm_MT/Gg1","A1"
"217","USA_2019","BGmm_MT","BGmm_MT/Gg2","D4"
"218","USA_2019","BGmm_MT","BGmm_MT/Gg2","D3"
"219","USA_2019","BGmm_MT","BGmm_MT/Gg2","C4"
"220","USA_2019","BGmm_MT","BGmm_MT/Gg2","C3"
"221","USA_2019","BGmm_MT","BGmm_MT/Gg2","B4"
"222","USA_2019","BGmm_MT","BGmm_MT/Gg2","B3"
"223","Add_2021","BGmm_MT","BGmm_MT/Ro","A0"
"224","Add_2021","BGmm_MT","BGmm_MT/Ro","B0"
"225","USA_2020","BGmw_OR","BGmw_OR/110","E5"
"226","USA_2020","BGmw_OR","BGmw_OR/110","D5"
"227","USA_2020","BGmw_OR","BGmw_OR/110","C5"
"228","USA_2020","BGmw_OR","BGmw_OR/110","B5"
"229","USA_2020","BGmw_OR","BGmw_OR/111","E6"
"230","USA_2020","BGmw_OR","BGmw_OR/111","D6"
"231","USA_2020","BGmw_OR","BGmw_OR/111","C6"
"232","USA_2020","BGmw_OR","BGmw_OR/111","B6"
"233","USA_2020","BGmw_OR","BGmw_OR/Gg","D4"
"234","USA_2020","BGmw_OR","BGmw_OR/Gg","D3"
"235","USA_2020","BGmw_OR","BGmw_OR/Gg","D2"
"236","USA_2020","BGmw_OR","BGmw_OR/Gg","D1"
"237","USA_2020","BGmw_OR","BGmw_OR/Gg","C4"
"238","USA_2020","BGmw_OR","BGmw_OR/Gg","C3"
"239","USA_2020","BGmw_OR","BGmw_OR/Gg","C2"
"240","USA_2020","BGmw_OR","BGmw_OR/Gg","C1"
"241","USA_2020","BGmw_OR","BGmw_OR/Gg","B4"
"242","USA_2020","BGmw_OR","BGmw_OR/Gg","B3"
"243","USA_2020","BGmw_OR","BGmw_OR/Gg","B2"
"244","USA_2020","BGmw_OR","BGmw_OR/Gg","B1"
"245","USA_2020","BGmw_OR","BGmw_OR/Gg","A2"
"246","USA_2020","BGmw_OR","BGmw_OR/Gg","A1"
"247","Add_2021","BGmw_OR","BGmw_OR/Ro","A0"
"248","Add_2021","BGmw_OR","BGmw_OR/Ro","B0"
"249","USA_2019","BGmw_WA","BGmw_WA/110","E5"
"250","USA_2019","BGmw_WA","BGmw_WA/110","D5"
"251","USA_2019","BGmw_WA","BGmw_WA/110","C5"
"252","USA_2019","BGmw_WA","BGmw_WA/110","B5"
"253","USA_2019","BGmw_WA","BGmw_WA/111","E6"
"254","USA_2019","BGmw_WA","BGmw_WA/111","D6"
"255","USA_2019","BGmw_WA","BGmw_WA/111","C6"
"256","USA_2019","BGmw_WA","BGmw_WA/111","B6"
"257","USA_2019","BGmw_WA","BGmw_WA/Gg","D4"
"258","USA_2019","BGmw_WA","BGmw_WA/Gg","D3"
"259","USA_2019","BGmw_WA","BGmw_WA/Gg","D2"
"260","USA_2019","BGmw_WA","BGmw_WA/Gg","D1"
"261","USA_2019","BGmw_WA","BGmw_WA/Gg","C4"
"262","USA_2019","BGmw_WA","BGmw_WA/Gg","C3"
"263","USA_2019","BGmw_WA","BGmw_WA/Gg","C2"
"264","USA_2019","BGmw_WA","BGmw_WA/Gg","C1"
"265","USA_2019","BGmw_WA","BGmw_WA/Gg","B4"
"266","USA_2019","BGmw_WA","BGmw_WA/Gg","B3"
"267","USA_2019","BGmw_WA","BGmw_WA/Gg","B2"
"268","USA_2019","BGmw_WA","BGmw_WA/Gg","B1"
"269","USA_2019","BGmw_WA","BGmw_WA/Gg","A2"
"270","USA_2019","BGmw_WA","BGmw_WA/Gg","A1"
"271","Add_2021","BGmw_WA","BGmw_WA/Ro","A0"
"272","Add_2021","BGmw_WA","BGmw_WA/Ro","B0"
"273","USA_2019","BGwm_WA","BGwm_WA/110","E5"
"274","USA_2019","BGwm_WA","BGwm_WA/110","D5"
"275","USA_2019","BGwm_WA","BGwm_WA/110","C5"
"276","USA_2019","BGwm_WA","BGwm_WA/110","B5"
"277","USA_2019","BGwm_WA","BGwm_WA/111","E6"
"278","USA_2019","BGwm_WA","BGwm_WA/111","D6"
"279","USA_2019","BGwm_WA","BGwm_WA/111","C6"
"280","USA_2019","BGwm_WA","BGwm_WA/111","B6"
"281","USA_2019","BGwm_WA","BGwm_WA/Gg","D4"
"282","USA_2019","BGwm_WA","BGwm_WA/Gg","D3"
"283","USA_2019","BGwm_WA","BGwm_WA/Gg","D2"
"284","USA_2019","BGwm_WA","BGwm_WA/Gg","D1"
"285","USA_2019","BGwm_WA","BGwm_WA/Gg","C4"
"286","USA_2019","BGwm_WA","BGwm_WA/Gg","C3"
"287","USA_2019","BGwm_WA","BGwm_WA/Gg","C2"
"288","USA_2019","BGwm_WA","BGwm_WA/Gg","C1"
"289","USA_2019","BGwm_WA","BGwm_WA/Gg","B4"
"290","USA_2019","BGwm_WA","BGwm_WA/Gg","B3"
"291","USA_2019","BGwm_WA","BGwm_WA/Gg","B2"
"292","USA_2019","BGwm_WA","BGwm_WA/Gg","B1"
"293","USA_2019","BGwm_WA","BGwm_WA/Gg","A2"
"294","USA_2019","BGwm_WA","BGwm_WA/Gg","A1"
"295","Add_2021","BGwm_WA","BGwm_WA/Ro","A0"
"296","Add_2021","BGwm_WA","BGwm_WA/Ro","B0"
"297","USA_2019","BGxh_WA","BGxh_WA/110","E5"
"298","USA_2019","BGxh_WA","BGxh_WA/110","D5"
"299","USA_2019","BGxh_WA","BGxh_WA/110","C5"
"300","USA_2019","BGxh_WA","BGxh_WA/110","B5"
"301","USA_2019","BGxh_WA","BGxh_WA/111","E6"
"302","USA_2019","BGxh_WA","BGxh_WA/111","D6"
"303","USA_2019","BGxh_WA","BGxh_WA/111","C6"
"304","USA_2019","BGxh_WA","BGxh_WA/111","B6"
"305","USA_2019","BGxh_WA","BGxh_WA/Gg1","D2"
"306","USA_2019","BGxh_WA","BGxh_WA/Gg1","D1"
"307","USA_2019","BGxh_WA","BGxh_WA/Gg1","C2"
"308","USA_2019","BGxh_WA","BGxh_WA/Gg1","C1"
"309","USA_2019","BGxh_WA","BGxh_WA/Gg1","B2"
"310","USA_2019","BGxh_WA","BGxh_WA/Gg1","B1"
"311","USA_2019","BGxh_WA","BGxh_WA/Gg1","A2"
"312","USA_2019","BGxh_WA","BGxh_WA/Gg1","A1"
"313","USA_2019","BGxh_WA","BGxh_WA/Gg2","D4"
"314","USA_2019","BGxh_WA","BGxh_WA/Gg2","D3"
"315","USA_2019","BGxh_WA","BGxh_WA/Gg2","C4"
"316","USA_2019","BGxh_WA","BGxh_WA/Gg2","C3"
"317","USA_2019","BGxh_WA","BGxh_WA/Gg2","B4"
"318","USA_2019","BGxh_WA","BGxh_WA/Gg2","B3"
"319","Add_2021","BGxh_WA","BGxh_WA/Ro","A0"
"320","Add_2021","BGxh_WA","BGxh_WA/Ro","B0"
"321","BECv12","BGxh1","BGxh1/102","C2"
"322","BECv12","BGxh1","BGxh1/102","C1"
"323","BECv12","BGxh1","BGxh1/102","B2"
"324","BECv12","BGxh1","BGxh1/102","B1"
"325","BECv12","BGxh1","BGxh1/102","A2"
"326","BECv12","BGxh1","BGxh1/102","A1"
"327","BECv12","BGxh1","BGxh1/103","C3"
"328","BECv12","BGxh1","BGxh1/103","B3"
"329","BECv12","BGxh1","BGxh1/103","A3"
"330","BECv12","BGxh1","BGxh1/110","E5"
"331","BECv12","BGxh1","BGxh1/110","E4"
"332","BECv12","BGxh1","BGxh1/110","D5"
"333","BECv12","BGxh1","BGxh1/110","D4"
"334","BECv12","BGxh1","BGxh1/110","C5"
"335","BECv12","BGxh1","BGxh1/110","C4"
"336","BECv12","BGxh1","BGxh1/Fm01","E6"
"337","BECv12","BGxh1","BGxh1/Fm01","E5"
"338","BECv12","BGxh1","BGxh1/Fm01","D6"
"339","BECv12","BGxh1","BGxh1/Fm01","D5"
"340","BECv12","BGxh1","BGxh1/Fm01","C6"
"341","BECv12","BGxh1","BGxh1/Fm01","C5"
"342","BECv12","BGxh1","BGxh1/Fm06","E6"
"343","BECv12","BGxh1","BGxh1/Fm06","E5"
"344","BECv12","BGxh1","BGxh1/Fm06","D6"
"345","BECv12","BGxh1","BGxh1/Fm06","D5"
"346","BECv12","BGxh1","BGxh1/Fm06","C6"
"347","BECv12","BGxh1","BGxh1/Fm06","C5"
"348","BECv10","BGxh1","BGxh1/Gg","E4"
"349","BECv10","BGxh1","BGxh1/Gg","E3"
"350","BECv10","BGxh1","BGxh1/Gg","D4"
"351","BECv10","BGxh1","BGxh1/Gg","D3"
"352","BECv10","BGxh1","BGxh1/Gg","D2"
"353","BECv10","BGxh1","BGxh1/Gg","D1"
"354","BECv10","BGxh1","BGxh1/Gg","C4"
"355","BECv10","BGxh1","BGxh1/Gg","C3"
"356","BECv10","BGxh1","BGxh1/Gg","C2"
"357","BECv10","BGxh1","BGxh1/Gg","C1"
"358","BECv10","BGxh1","BGxh1/Gg","C0"
"359","BECv10","BGxh1","BGxh1/Gg","B4"
"360","BECv10","BGxh1","BGxh1/Gg","B3"
"361","BECv10","BGxh1","BGxh1/Gg","B2"
"362","BECv10","BGxh1","BGxh1/Gg","B1"
"363","BECv10","BGxh1","BGxh1/Gg","B0"
"364","BECv10","BGxh1","BGxh1/Gg","A4"
"365","BECv10","BGxh1","BGxh1/Gg","A3"
"366","BECv10","BGxh1","BGxh1/Gg","A2"
"367","BECv10","BGxh1","BGxh1/Gg","A1"
"368","BECv10","BGxh1","BGxh1/Gg","A0"
"369","BECv12","BGxh2","BGxh2/102","C3"
"370","BECv12","BGxh2","BGxh2/102","C2"
"371","BECv12","BGxh2","BGxh2/102","B3"
"372","BECv12","BGxh2","BGxh2/102","B2"
"373","BECv12","BGxh2","BGxh2/110","E5"
"374","BECv12","BGxh2","BGxh2/110","E4"
"375","BECv12","BGxh2","BGxh2/110","D5"
"376","BECv12","BGxh2","BGxh2/110","D4"
"377","BECv12","BGxh2","BGxh2/110","C5"
"378","BECv12","BGxh2","BGxh2/110","C4"
"379","BECv12","BGxh2","BGxh2/Fm01","E6"
"380","BECv12","BGxh2","BGxh2/Fm01","E5"
"381","BECv12","BGxh2","BGxh2/Fm01","D6"
"382","BECv12","BGxh2","BGxh2/Fm01","D5"
"383","BECv12","BGxh2","BGxh2/Fm05","E6"
"384","BECv12","BGxh2","BGxh2/Fm05","E5"
"385","BECv12","BGxh2","BGxh2/Fm05","D6"
"386","BECv12","BGxh2","BGxh2/Fm05","D5"
"387","BECv12","BGxh2","BGxh2/Fm06","E6"
"388","BECv12","BGxh2","BGxh2/Fm06","E5"
"389","BECv12","BGxh2","BGxh2/Fm06","D6"
"390","BECv12","BGxh2","BGxh2/Fm06","D5"
"391","BECv10","BGxh2","BGxh2/Gg","D4"
"392","BECv10","BGxh2","BGxh2/Gg","D3"
"393","BECv10","BGxh2","BGxh2/Gg","C2"
"394","BECv10","BGxh2","BGxh2/Gg","C1"
"395","BECv10","BGxh2","BGxh2/Gg","B2"
"396","BECv10","BGxh2","BGxh2/Gg","B1"
"397","BECv10","BGxh2","BGxh2/Gg","B0"
"398","BECv10","BGxh2","BGxh2/Gg","A1"
"399","BECv10","BGxh2","BGxh2/Gg","A0"
"400","BECv10","BGxh2","BGxh2/Gs","E5"
"401","BECv10","BGxh2","BGxh2/Gs","E4"
"402","BECv10","BGxh2","BGxh2/Gs","D5"
"403","BECv10","BGxh2","BGxh2/Gs","D4"
"404","BECv10","BGxh2","BGxh2/Gs","D3"
"405","BECv10","BGxh2","BGxh2/Gs","D2"
"406","BECv10","BGxh2","BGxh2/Gs","D1"
"407","BECv10","BGxh2","BGxh2/Gs","C5"
"408","BECv10","BGxh2","BGxh2/Gs","C4"
"409","BECv10","BGxh2","BGxh2/Gs","C3"
"410","BECv10","BGxh2","BGxh2/Gs","C2"
"411","BECv10","BGxh2","BGxh2/Gs","C1"
"412","BECv10","BGxh2","BGxh2/Gs","B4"
"413","BECv10","BGxh2","BGxh2/Gs","B3"
"414","BECv10","BGxh2","BGxh2/Gs","B2"
"415","BECv10","BGxh2","BGxh2/Gs","B1"
"416","BECv10","BGxh3","BGxh3/110","D5"
"417","BECv10","BGxh3","BGxh3/110","D4"
"418","BECv10","BGxh3","BGxh3/110","C5"
"419","BECv10","BGxh3","BGxh3/110","C4"
"420","BECv10","BGxh3","BGxh3/111","D5"
"421","BECv10","BGxh3","BGxh3/111","D4"
"422","BECv10","BGxh3","BGxh3/111","C5"
"423","BECv10","BGxh3","BGxh3/111","C4"
"424","BECv10","BGxh3","BGxh3/112","D6"
"425","BECv10","BGxh3","BGxh3/112","D5"
"426","BECv10","BGxh3","BGxh3/113","C6"
"427","BECv10","BGxh3","BGxh3/113","C5"
"428","Add_2021","BGxh3","BGxh3/Fm01","E5"
"429","Add_2021","BGxh3","BGxh3/Fm01","E6"
"430","BECv10","BGxh3","BGxh3/Gg","D5"
"431","BECv10","BGxh3","BGxh3/Gg","D4"
"432","BECv10","BGxh3","BGxh3/Gg","C5"
"433","BECv10","BGxh3","BGxh3/Gg","C4"
"434","BECv10","BGxh3","BGxh3/Gg","C3"
"435","BECv10","BGxh3","BGxh3/Gg","C2"
"436","BECv10","BGxh3","BGxh3/Gg","B4"
"437","BECv10","BGxh3","BGxh3/Gg","B3"
"438","BECv10","BGxh3","BGxh3/Gg","B2"
"439","Add_2021","BGxh3","BGxh3/Ro","A0"
"440","Add_2021","BGxh3","BGxh3/Ro","B0"
"441","BECv12","BGxw1","BGxw1/102","C2"
"442","BECv12","BGxw1","BGxw1/102","C1"
"443","BECv12","BGxw1","BGxw1/102","B2"
"444","BECv12","BGxw1","BGxw1/102","B1"
"445","BECv12","BGxw1","BGxw1/110","E4"
"446","BECv12","BGxw1","BGxw1/110","D4"
"447","BECv12","BGxw1","BGxw1/111","E5"
"448","BECv12","BGxw1","BGxw1/111","E4"
"449","BECv12","BGxw1","BGxw1/111","D5"
"450","BECv12","BGxw1","BGxw1/111","D4"
"451","BECv12","BGxw1","BGxw1/111","C5"
"452","BECv12","BGxw1","BGxw1/Fm01","E6"
"453","BECv12","BGxw1","BGxw1/Fm01","E5"
"454","BECv12","BGxw1","BGxw1/Fm01","D6"
"455","BECv12","BGxw1","BGxw1/Fm01","D5"
"456","BECv12","BGxw1","BGxw1/Fm05","E6"
"457","BECv12","BGxw1","BGxw1/Fm05","E5"
"458","BECv12","BGxw1","BGxw1/Fm05","D6"
"459","BECv12","BGxw1","BGxw1/Fm05","D5"
"460","BECv10","BGxw1","BGxw1/Gg","E4"
"461","BECv10","BGxw1","BGxw1/Gg","E3"
"462","BECv10","BGxw1","BGxw1/Gg","D4"
"463","BECv10","BGxw1","BGxw1/Gg","D3"
"464","BECv10","BGxw1","BGxw1/Gg","D2"
"465","BECv10","BGxw1","BGxw1/Gg","D1"
"466","BECv10","BGxw1","BGxw1/Gg","C4"
"467","BECv10","BGxw1","BGxw1/Gg","C3"
"468","BECv10","BGxw1","BGxw1/Gg","C2"
"469","BECv10","BGxw1","BGxw1/Gg","C1"
"470","BECv10","BGxw1","BGxw1/Gg","B4"
"471","BECv10","BGxw1","BGxw1/Gg","B3"
"472","BECv10","BGxw1","BGxw1/Gg","B2"
"473","BECv10","BGxw1","BGxw1/Gg","B1"
"474","BECv10","BGxw1","BGxw1/Gg","A2"
"475","BECv10","BGxw1","BGxw1/Gg","A1"
"476","Add_2021","BGxw1","BGxw1/Ro","A0"
"477","Add_2021","BGxw1","BGxw1/Ro","B0"
"478","BECv10","BGxw2","BGxw2/101","D4"
"479","BECv10","BGxw2","BGxw2/101","D3"
"480","BECv10","BGxw2","BGxw2/101","C4"
"481","BECv10","BGxw2","BGxw2/101","C3"
"482","BECv10","BGxw2","BGxw2/101","B4"
"483","BECv10","BGxw2","BGxw2/110","D5"
"484","BECv10","BGxw2","BGxw2/110","D4"
"485","BECv10","BGxw2","BGxw2/110","C5"
"486","BECv10","BGxw2","BGxw2/110","C4"
"487","BECv10","BGxw2","BGxw2/111","D5"
"488","BECv10","BGxw2","BGxw2/111","D4"
"489","BECv10","BGxw2","BGxw2/111","C5"
"490","BECv10","BGxw2","BGxw2/111","C4"
"491","BECv10","BGxw2","BGxw2/112","E6"
"492","BECv10","BGxw2","BGxw2/112","E5"
"493","BECv10","BGxw2","BGxw2/113","D5"
"494","BECv10","BGxw2","BGxw2/113","C5"
"495","BECv10","BGxw2","BGxw2/114","D6"
"496","BECv10","BGxw2","BGxw2/114","D5"
"497","BECv10","BGxw2","BGxw2/114","C6"
"498","BECv10","BGxw2","BGxw2/115","D6"
"499","BECv10","BGxw2","BGxw2/115","D5"
"500","BECv10","BGxw2","BGxw2/115","C6"
"501","BECv10","BGxw2","BGxw2/115","C5"
"502","BECv10","BGxw2","BGxw2/Gg","D5"
"503","BECv10","BGxw2","BGxw2/Gg","D4"
"504","BECv10","BGxw2","BGxw2/Gg","D3"
"505","BECv10","BGxw2","BGxw2/Gg","C5"
"506","BECv10","BGxw2","BGxw2/Gg","C4"
"507","BECv10","BGxw2","BGxw2/Gg","C3"
"508","BECv10","BGxw2","BGxw2/Gg","C2"
"509","BECv10","BGxw2","BGxw2/Gg","B4"
"510","BECv10","BGxw2","BGxw2/Gg","B3"
"511","BECv10","BGxw2","BGxw2/Gg","B2"
"512","Add_2021","BGxw2","BGxw2/Ro","A0"
"513","Add_2021","BGxw2","BGxw2/Ro","B0"
"514","USA_2020","BGxx_WY","BGxx_WY/110","E5"
"515","USA_2020","BGxx_WY","BGxx_WY/110","D5"
"516","USA_2020","BGxx_WY","BGxx_WY/110","C5"
"517","USA_2020","BGxx_WY","BGxx_WY/110","B5"
"518","USA_2020","BGxx_WY","BGxx_WY/111","E6"
"519","USA_2020","BGxx_WY","BGxx_WY/111","D6"
"520","USA_2020","BGxx_WY","BGxx_WY/111","C6"
"521","USA_2020","BGxx_WY","BGxx_WY/111","B6"
"522","USA_2020","BGxx_WY","BGxx_WY/Gg1","D2"
"523","USA_2020","BGxx_WY","BGxx_WY/Gg1","D1"
"524","USA_2020","BGxx_WY","BGxx_WY/Gg1","C2"
"525","USA_2020","BGxx_WY","BGxx_WY/Gg1","C1"
"526","USA_2020","BGxx_WY","BGxx_WY/Gg1","B2"
"527","USA_2020","BGxx_WY","BGxx_WY/Gg1","B1"
"528","USA_2020","BGxx_WY","BGxx_WY/Gg1","A2"
"529","USA_2020","BGxx_WY","BGxx_WY/Gg1","A1"
"530","USA_2020","BGxx_WY","BGxx_WY/Gg2","D4"
"531","USA_2020","BGxx_WY","BGxx_WY/Gg2","D3"
"532","USA_2020","BGxx_WY","BGxx_WY/Gg2","C4"
"533","USA_2020","BGxx_WY","BGxx_WY/Gg2","C3"
"534","USA_2020","BGxx_WY","BGxx_WY/Gg2","B4"
"535","USA_2020","BGxx_WY","BGxx_WY/Gg2","B3"
"536","Add_2021","BGxx_WY","BGxx_WY/Ro","A0"
"537","Add_2021","BGxx_WY","BGxx_WY/Ro","B0"
"538","AB_2018","BSJPap","BSJPap/a","C2"
"539","AB_2018","BSJPap","BSJPap/a","B3"
"540","AB_2018","BSJPap","BSJPap/a","B2"
"541","AB_2018","BSJPap","BSJPap/a","B1"
"542","AB_2018","BSJPap","BSJPap/a","A3"
"543","AB_2018","BSJPap","BSJPap/a","A2"
"544","AB_2018","BSJPap","BSJPap/a","A1"
"545","AB_2018","BSJPap","BSJPap/b","D5"
"546","AB_2018","BSJPap","BSJPap/b","D4"
"547","AB_2018","BSJPap","BSJPap/b","D3"
"548","AB_2018","BSJPap","BSJPap/b","C5"
"549","AB_2018","BSJPap","BSJPap/b","C4"
"550","AB_2018","BSJPap","BSJPap/b","C3"
"551","AB_2018","BSJPap","BSJPap/b","B4"
"552","AB_2018","BSJPap","BSJPap/b","B3"
"553","AB_2018","BSJPap","BSJPap/c","C5"
"554","AB_2018","BSJPap","BSJPap/c","C4"
"555","AB_2018","BSJPap","BSJPap/c","B5"
"556","AB_2018","BSJPap","BSJPap/c","B4"
"557","AB_2018","BSJPap","BSJPap/c","B3"
"558","AB_2018","BSJPap","BSJPap/c","A5"
"559","AB_2018","BSJPap","BSJPap/c","A4"
"560","AB_2018","BSJPap","BSJPap/d","C6"
"561","AB_2018","BSJPap","BSJPap/d","C5"
"562","AB_2018","BSJPap","BSJPap/d","B6"
"563","AB_2018","BSJPap","BSJPap/d","B5"
"564","AB_2018","BSJPap","BSJPap/d","A6"
"565","AB_2018","BSJPap","BSJPap/d","A5"
"566","AB_2018","BSJPap","BSJPap/e","E6"
"567","AB_2018","BSJPap","BSJPap/e","E5"
"568","AB_2018","BSJPap","BSJPap/e","D6"
"569","AB_2018","BSJPap","BSJPap/e","D5"
"570","AB_2018","BSJPap","BSJPap/e","C6"
"571","AB_2018","BSJPap","BSJPap/e","C5"
"572","AB_2018","BSJPap","BSJPap/f","B7"
"573","AB_2018","BSJPap","BSJPap/f","B6"
"574","AB_2018","BSJPap","BSJPap/f","A7"
"575","AB_2018","BSJPap","BSJPap/f","A6"
"576","AB_2018","BSJPap","BSJPap/g","C7"
"577","AB_2018","BSJPap","BSJPap/g","C6"
"578","AB_2018","BSJPap","BSJPap/g","B7"
"579","AB_2018","BSJPap","BSJPap/g","B6"
"580","AB_2018","BSJPap","BSJPap/h","E7"
"581","AB_2018","BSJPap","BSJPap/h","E6"
"582","AB_2018","BSJPap","BSJPap/h","D7"
"583","AB_2018","BSJPap","BSJPap/h","D6"
"584","AB_2018","BSJPap","BSJPap/h","C7"
"585","Add_2021","BSJPap","BSJPap/Ro","A0"
"586","Add_2021","BSJPap","BSJPap/Ro","B0"
"587","AB_2018","BSJPku","BSJPku/a","B3"
"588","AB_2018","BSJPku","BSJPku/a","B2"
"589","AB_2018","BSJPku","BSJPku/a","B1"
"590","AB_2018","BSJPku","BSJPku/a","A3"
"591","AB_2018","BSJPku","BSJPku/a","A2"
"592","AB_2018","BSJPku","BSJPku/a","A1"
"593","AB_2018","BSJPku","BSJPku/b","D5"
"594","AB_2018","BSJPku","BSJPku/b","D4"
"595","AB_2018","BSJPku","BSJPku/b","D3"
"596","AB_2018","BSJPku","BSJPku/b","C5"
"597","AB_2018","BSJPku","BSJPku/b","C4"
"598","AB_2018","BSJPku","BSJPku/b","C3"
"599","AB_2018","BSJPku","BSJPku/b","B4"
"600","AB_2018","BSJPku","BSJPku/b","B3"
"601","AB_2018","BSJPku","BSJPku/c","C5"
"602","AB_2018","BSJPku","BSJPku/c","C4"
"603","AB_2018","BSJPku","BSJPku/c","B5"
"604","AB_2018","BSJPku","BSJPku/c","B4"
"605","AB_2018","BSJPku","BSJPku/c","A5"
"606","AB_2018","BSJPku","BSJPku/c","A4"
"607","AB_2018","BSJPku","BSJPku/d","C6"
"608","AB_2018","BSJPku","BSJPku/d","C5"
"609","AB_2018","BSJPku","BSJPku/d","B6"
"610","AB_2018","BSJPku","BSJPku/d","B5"
"611","AB_2018","BSJPku","BSJPku/d","A6"
"612","AB_2018","BSJPku","BSJPku/d","A5"
"613","AB_2018","BSJPku","BSJPku/e","E6"
"614","AB_2018","BSJPku","BSJPku/e","E5"
"615","AB_2018","BSJPku","BSJPku/e","D6"
"616","AB_2018","BSJPku","BSJPku/e","D5"
"617","AB_2018","BSJPku","BSJPku/e","C6"
"618","AB_2018","BSJPku","BSJPku/e","C5"
"619","AB_2018","BSJPku","BSJPku/f","B7"
"620","AB_2018","BSJPku","BSJPku/f","B6"
"621","AB_2018","BSJPku","BSJPku/f","A7"
"622","AB_2018","BSJPku","BSJPku/f","A6"
"623","AB_2018","BSJPku","BSJPku/g","D7"
"624","AB_2018","BSJPku","BSJPku/g","C7"
"625","AB_2018","BSJPku","BSJPku/g","C6"
"626","AB_2018","BSJPku","BSJPku/g","B7"
"627","AB_2018","BSJPku","BSJPku/g","B6"
"628","AB_2018","BSJPku","BSJPku/h","E7"
"629","AB_2018","BSJPku","BSJPku/h","E6"
"630","AB_2018","BSJPku","BSJPku/h","D7"
"631","AB_2018","BSJPku","BSJPku/h","D6"
"632","Add_2021","BSJPku","BSJPku/Ro","A0"
"633","Add_2021","BSJPku","BSJPku/Ro","B0"
"634","AB_2018","BSJPpa","BSJPpa/a","C3"
"635","AB_2018","BSJPpa","BSJPpa/a","C2"
"636","AB_2018","BSJPpa","BSJPpa/a","B3"
"637","AB_2018","BSJPpa","BSJPpa/a","B2"
"638","AB_2018","BSJPpa","BSJPpa/a","B1"
"639","AB_2018","BSJPpa","BSJPpa/a","A3"
"640","AB_2018","BSJPpa","BSJPpa/a","A2"
"641","AB_2018","BSJPpa","BSJPpa/b","D5"
"642","AB_2018","BSJPpa","BSJPpa/b","D4"
"643","AB_2018","BSJPpa","BSJPpa/b","D3"
"644","AB_2018","BSJPpa","BSJPpa/b","C5"
"645","AB_2018","BSJPpa","BSJPpa/b","C4"
"646","AB_2018","BSJPpa","BSJPpa/b","C3"
"647","AB_2018","BSJPpa","BSJPpa/b","B4"
"648","AB_2018","BSJPpa","BSJPpa/c","C4"
"649","AB_2018","BSJPpa","BSJPpa/c","B5"
"650","AB_2018","BSJPpa","BSJPpa/c","B4"
"651","AB_2018","BSJPpa","BSJPpa/c","B3"
"652","AB_2018","BSJPpa","BSJPpa/c","A5"
"653","AB_2018","BSJPpa","BSJPpa/c","A4"
"654","AB_2018","BSJPpa","BSJPpa/d","C6"
"655","AB_2018","BSJPpa","BSJPpa/d","C5"
"656","AB_2018","BSJPpa","BSJPpa/d","B6"
"657","AB_2018","BSJPpa","BSJPpa/d","B5"
"658","AB_2018","BSJPpa","BSJPpa/d","A6"
"659","AB_2018","BSJPpa","BSJPpa/d","A5"
"660","AB_2018","BSJPpa","BSJPpa/e","E6"
"661","AB_2018","BSJPpa","BSJPpa/e","E5"
"662","AB_2018","BSJPpa","BSJPpa/e","D6"
"663","AB_2018","BSJPpa","BSJPpa/e","D5"
"664","AB_2018","BSJPpa","BSJPpa/e","C6"
"665","AB_2018","BSJPpa","BSJPpa/e","C5"
"666","AB_2018","BSJPpa","BSJPpa/f","B7"
"667","AB_2018","BSJPpa","BSJPpa/f","B6"
"668","AB_2018","BSJPpa","BSJPpa/f","A7"
"669","AB_2018","BSJPpa","BSJPpa/f","A6"
"670","AB_2018","BSJPpa","BSJPpa/g","C7"
"671","AB_2018","BSJPpa","BSJPpa/g","C6"
"672","AB_2018","BSJPpa","BSJPpa/g","B7"
"673","AB_2018","BSJPpa","BSJPpa/g","B6"
"674","AB_2018","BSJPpa","BSJPpa/h","E7"
"675","AB_2018","BSJPpa","BSJPpa/h","E6"
"676","AB_2018","BSJPpa","BSJPpa/h","D7"
"677","AB_2018","BSJPpa","BSJPpa/h","D6"
"678","Add_2021","BSJPpa","BSJPpa/Ro","A0"
"679","Add_2021","BSJPpa","BSJPpa/Ro","B0"
"680","ABv12","BWBScmC","BWBScmC/a","B2"
"681","ABv12","BWBScmC","BWBScmC/a","B1"
"682","ABv12","BWBScmC","BWBScmC/a","A2"
"683","ABv12","BWBScmC","BWBScmC/a","A1"
"684","ABv12","BWBScmC","BWBScmC/b","C3"
"685","ABv12","BWBScmC","BWBScmC/b","C2"
"686","ABv12","BWBScmC","BWBScmC/b","B3"
"687","ABv12","BWBScmC","BWBScmC/b","B2"
"688","ABv12","BWBScmC","BWBScmC/c","B5"
"689","ABv12","BWBScmC","BWBScmC/c","B4"
"690","ABv12","BWBScmC","BWBScmC/c","B3"
"691","ABv12","BWBScmC","BWBScmC/c","A4"
"692","ABv12","BWBScmC","BWBScmC/c","A3"
"693","ABv12","BWBScmC","BWBScmC/d","D4"
"694","ABv12","BWBScmC","BWBScmC/d","C5"
"695","ABv12","BWBScmC","BWBScmC/d","C4"
"696","ABv12","BWBScmC","BWBScmC/d","C3"
"697","ABv12","BWBScmC","BWBScmC/d","B4"
"698","ABv12","BWBScmC","BWBScmC/e","D6"
"699","ABv12","BWBScmC","BWBScmC/e","D5"
"700","ABv12","BWBScmC","BWBScmC/e","D4"
"701","ABv12","BWBScmC","BWBScmC/e","C5"
"702","ABv12","BWBScmC","BWBScmC/f","E6"
"703","ABv12","BWBScmC","BWBScmC/f","E5"
"704","ABv12","BWBScmC","BWBScmC/f","D6"
"705","ABv12","BWBScmC","BWBScmC/f","D5"
"706","ABv12","BWBScmC","BWBScmC/g","C6"
"707","ABv12","BWBScmC","BWBScmC/g","C5"
"708","ABv12","BWBScmC","BWBScmC/g","B6"
"709","ABv12","BWBScmC","BWBScmC/g","B5"
"710","ABv12","BWBScmC","BWBScmC/g","A6"
"711","ABv12","BWBScmC","BWBScmC/g","A5"
"712","ABv12","BWBScmC","BWBScmC/h","D6"
"713","ABv12","BWBScmC","BWBScmC/h","D5"
"714","ABv12","BWBScmC","BWBScmC/h","C6"
"715","ABv12","BWBScmC","BWBScmC/h","C5"
"716","ABv12","BWBScmC","BWBScmC/i","B7"
"717","ABv12","BWBScmC","BWBScmC/i","B6"
"718","ABv12","BWBScmC","BWBScmC/i","A7"
"719","ABv12","BWBScmC","BWBScmC/i","A6"
"720","ABv12","BWBScmC","BWBScmC/j","C7"
"721","ABv12","BWBScmC","BWBScmC/j","C6"
"722","ABv12","BWBScmC","BWBScmC/j","B7"
"723","ABv12","BWBScmC","BWBScmC/j","B6"
"724","ABv12","BWBScmC","BWBScmC/k","E7"
"725","ABv12","BWBScmC","BWBScmC/k","D7"
"726","ABv12","BWBScmC","BWBScmC/k","D6"
"727","ABv12","BWBScmC","BWBScmC/k","C7"
"728","Add_2021","BWBScmC","BWBScmC/Ro","A0"
"729","Add_2021","BWBScmC","BWBScmC/Ro","B0"
"730","ABv12","BWBScmE","BWBScmE/a","B2"
"731","ABv12","BWBScmE","BWBScmE/a","B1"
"732","ABv12","BWBScmE","BWBScmE/a","A2"
"733","ABv12","BWBScmE","BWBScmE/a","A1"
"734","ABv12","BWBScmE","BWBScmE/b","C3"
"735","ABv12","BWBScmE","BWBScmE/b","C2"
"736","ABv12","BWBScmE","BWBScmE/b","B3"
"737","ABv12","BWBScmE","BWBScmE/b","B2"
"738","ABv12","BWBScmE","BWBScmE/c","B5"
"739","ABv12","BWBScmE","BWBScmE/c","B4"
"740","ABv12","BWBScmE","BWBScmE/c","B3"
"741","ABv12","BWBScmE","BWBScmE/c","A4"
"742","ABv12","BWBScmE","BWBScmE/c","A3"
"743","ABv12","BWBScmE","BWBScmE/d","D4"
"744","ABv12","BWBScmE","BWBScmE/d","C5"
"745","ABv12","BWBScmE","BWBScmE/d","C4"
"746","ABv12","BWBScmE","BWBScmE/d","C3"
"747","ABv12","BWBScmE","BWBScmE/d","B4"
"748","ABv12","BWBScmE","BWBScmE/e","D6"
"749","ABv12","BWBScmE","BWBScmE/e","D5"
"750","ABv12","BWBScmE","BWBScmE/e","D4"
"751","ABv12","BWBScmE","BWBScmE/e","C5"
"752","ABv12","BWBScmE","BWBScmE/f","E6"
"753","ABv12","BWBScmE","BWBScmE/f","E5"
"754","ABv12","BWBScmE","BWBScmE/f","D6"
"755","ABv12","BWBScmE","BWBScmE/f","D5"
"756","ABv12","BWBScmE","BWBScmE/g","C6"
"757","ABv12","BWBScmE","BWBScmE/g","C5"
"758","ABv12","BWBScmE","BWBScmE/g","B6"
"759","ABv12","BWBScmE","BWBScmE/g","B5"
"760","ABv12","BWBScmE","BWBScmE/g","A6"
"761","ABv12","BWBScmE","BWBScmE/g","A5"
"762","ABv12","BWBScmE","BWBScmE/h","D6"
"763","ABv12","BWBScmE","BWBScmE/h","D5"
"764","ABv12","BWBScmE","BWBScmE/h","C6"
"765","ABv12","BWBScmE","BWBScmE/h","C5"
"766","ABv12","BWBScmE","BWBScmE/i","B7"
"767","ABv12","BWBScmE","BWBScmE/i","B6"
"768","ABv12","BWBScmE","BWBScmE/i","A7"
"769","ABv12","BWBScmE","BWBScmE/i","A6"
"770","ABv12","BWBScmE","BWBScmE/j","C7"
"771","ABv12","BWBScmE","BWBScmE/j","C6"
"772","ABv12","BWBScmE","BWBScmE/j","B7"
"773","ABv12","BWBScmE","BWBScmE/j","B6"
"774","ABv12","BWBScmE","BWBScmE/k","E7"
"775","ABv12","BWBScmE","BWBScmE/k","D7"
"776","ABv12","BWBScmE","BWBScmE/k","D6"
"777","ABv12","BWBScmE","BWBScmE/k","C7"
"778","Add_2021","BWBScmE","BWBScmE/Ro","A0"
"779","Add_2021","BWBScmE","BWBScmE/Ro","B0"
"780","ABv12","BWBScmNW","BWBScmNW/a","B2"
"781","ABv12","BWBScmNW","BWBScmNW/a","B1"
"782","ABv12","BWBScmNW","BWBScmNW/a","A2"
"783","ABv12","BWBScmNW","BWBScmNW/a","A1"
"784","ABv12","BWBScmNW","BWBScmNW/b","C3"
"785","ABv12","BWBScmNW","BWBScmNW/b","C2"
"786","ABv12","BWBScmNW","BWBScmNW/b","B3"
"787","ABv12","BWBScmNW","BWBScmNW/b","B2"
"788","ABv12","BWBScmNW","BWBScmNW/c","B5"
"789","ABv12","BWBScmNW","BWBScmNW/c","B4"
"790","ABv12","BWBScmNW","BWBScmNW/c","B3"
"791","ABv12","BWBScmNW","BWBScmNW/c","A4"
"792","ABv12","BWBScmNW","BWBScmNW/c","A3"
"793","ABv12","BWBScmNW","BWBScmNW/d","D4"
"794","ABv12","BWBScmNW","BWBScmNW/d","C5"
"795","ABv12","BWBScmNW","BWBScmNW/d","C4"
"796","ABv12","BWBScmNW","BWBScmNW/d","C3"
"797","ABv12","BWBScmNW","BWBScmNW/d","B4"
"798","ABv12","BWBScmNW","BWBScmNW/e","D6"
"799","ABv12","BWBScmNW","BWBScmNW/e","D5"
"800","ABv12","BWBScmNW","BWBScmNW/e","D4"
"801","ABv12","BWBScmNW","BWBScmNW/e","C5"
"802","ABv12","BWBScmNW","BWBScmNW/f","E6"
"803","ABv12","BWBScmNW","BWBScmNW/f","E5"
"804","ABv12","BWBScmNW","BWBScmNW/f","D6"
"805","ABv12","BWBScmNW","BWBScmNW/f","D5"
"806","ABv12","BWBScmNW","BWBScmNW/g","C6"
"807","ABv12","BWBScmNW","BWBScmNW/g","C5"
"808","ABv12","BWBScmNW","BWBScmNW/g","B6"
"809","ABv12","BWBScmNW","BWBScmNW/g","B5"
"810","ABv12","BWBScmNW","BWBScmNW/g","A6"
"811","ABv12","BWBScmNW","BWBScmNW/g","A5"
"812","ABv12","BWBScmNW","BWBScmNW/h","D6"
"813","ABv12","BWBScmNW","BWBScmNW/h","D5"
"814","ABv12","BWBScmNW","BWBScmNW/h","C6"
"815","ABv12","BWBScmNW","BWBScmNW/h","C5"
"816","ABv12","BWBScmNW","BWBScmNW/i","B7"
"817","ABv12","BWBScmNW","BWBScmNW/i","B6"
"818","ABv12","BWBScmNW","BWBScmNW/i","A7"
"819","ABv12","BWBScmNW","BWBScmNW/i","A6"
"820","ABv12","BWBScmNW","BWBScmNW/j","C7"
"821","ABv12","BWBScmNW","BWBScmNW/j","C6"
"822","ABv12","BWBScmNW","BWBScmNW/j","B7"
"823","ABv12","BWBScmNW","BWBScmNW/j","B6"
"824","ABv12","BWBScmNW","BWBScmNW/k","E7"
"825","ABv12","BWBScmNW","BWBScmNW/k","D7"
"826","ABv12","BWBScmNW","BWBScmNW/k","D6"
"827","ABv12","BWBScmNW","BWBScmNW/k","C7"
"828","Add_2021","BWBScmNW","BWBScmNW/Ro","A0"
"829","Add_2021","BWBScmNW","BWBScmNW/Ro","B0"
"830","ABv12","BWBScmW","BWBScmW/a","B2"
"831","ABv12","BWBScmW","BWBScmW/a","B1"
"832","ABv12","BWBScmW","BWBScmW/a","A2"
"833","ABv12","BWBScmW","BWBScmW/a","A1"
"834","ABv12","BWBScmW","BWBScmW/b","C3"
"835","ABv12","BWBScmW","BWBScmW/b","C2"
"836","ABv12","BWBScmW","BWBScmW/b","B3"
"837","ABv12","BWBScmW","BWBScmW/b","B2"
"838","ABv12","BWBScmW","BWBScmW/c","B5"
"839","ABv12","BWBScmW","BWBScmW/c","B4"
"840","ABv12","BWBScmW","BWBScmW/c","B3"
"841","ABv12","BWBScmW","BWBScmW/c","A4"
"842","ABv12","BWBScmW","BWBScmW/c","A3"
"843","ABv12","BWBScmW","BWBScmW/d","D4"
"844","ABv12","BWBScmW","BWBScmW/d","C5"
"845","ABv12","BWBScmW","BWBScmW/d","C4"
"846","ABv12","BWBScmW","BWBScmW/d","C3"
"847","ABv12","BWBScmW","BWBScmW/d","B4"
"848","ABv12","BWBScmW","BWBScmW/e","D6"
"849","ABv12","BWBScmW","BWBScmW/e","D5"
"850","ABv12","BWBScmW","BWBScmW/e","D4"
"851","ABv12","BWBScmW","BWBScmW/e","C5"
"852","ABv12","BWBScmW","BWBScmW/f","E6"
"853","ABv12","BWBScmW","BWBScmW/f","E5"
"854","ABv12","BWBScmW","BWBScmW/f","D6"
"855","ABv12","BWBScmW","BWBScmW/f","D5"
"856","ABv12","BWBScmW","BWBScmW/g","C6"
"857","ABv12","BWBScmW","BWBScmW/g","C5"
"858","ABv12","BWBScmW","BWBScmW/g","B6"
"859","ABv12","BWBScmW","BWBScmW/g","B5"
"860","ABv12","BWBScmW","BWBScmW/g","A6"
"861","ABv12","BWBScmW","BWBScmW/g","A5"
"862","ABv12","BWBScmW","BWBScmW/h","D6"
"863","ABv12","BWBScmW","BWBScmW/h","D5"
"864","ABv12","BWBScmW","BWBScmW/h","C6"
"865","ABv12","BWBScmW","BWBScmW/h","C5"
"866","ABv12","BWBScmW","BWBScmW/i","B7"
"867","ABv12","BWBScmW","BWBScmW/i","B6"
"868","ABv12","BWBScmW","BWBScmW/i","A7"
"869","ABv12","BWBScmW","BWBScmW/i","A6"
"870","ABv12","BWBScmW","BWBScmW/j","C7"
"871","ABv12","BWBScmW","BWBScmW/j","C6"
"872","ABv12","BWBScmW","BWBScmW/j","B7"
"873","ABv12","BWBScmW","BWBScmW/j","B6"
"874","ABv12","BWBScmW","BWBScmW/k","E7"
"875","ABv12","BWBScmW","BWBScmW/k","D7"
"876","ABv12","BWBScmW","BWBScmW/k","D6"
"877","ABv12","BWBScmW","BWBScmW/k","C7"
"878","Add_2021","BWBScmW","BWBScmW/Ro","A0"
"879","Add_2021","BWBScmW","BWBScmW/Ro","B0"
"880","BECv10","BWBSdk","BWBSdk/101","D4"
"881","BECv10","BWBSdk","BWBSdk/101","D3"
"882","BECv10","BWBSdk","BWBSdk/101","C5"
"883","BECv10","BWBSdk","BWBSdk/101","C4"
"884","BECv10","BWBSdk","BWBSdk/101","C3"
"885","BECv10","BWBSdk","BWBSdk/101a","D4"
"886","BECv10","BWBSdk","BWBSdk/101a","D3"
"887","BECv10","BWBSdk","BWBSdk/101a","C4"
"888","BECv10","BWBSdk","BWBSdk/101a","C3"
"889","BECv10","BWBSdk","BWBSdk/101b","C5"
"890","BECv10","BWBSdk","BWBSdk/102","C2"
"891","BECv10","BWBSdk","BWBSdk/102","B2"
"892","BECv10","BWBSdk","BWBSdk/102","B1"
"893","BECv10","BWBSdk","BWBSdk/102","A2"
"894","BECv10","BWBSdk","BWBSdk/102","A1"
"895","BECv10","BWBSdk","BWBSdk/103","D3"
"896","BECv10","BWBSdk","BWBSdk/103","C3"
"897","BECv10","BWBSdk","BWBSdk/103","B3"
"898","BECv10","BWBSdk","BWBSdk/104","B6"
"899","BECv10","BWBSdk","BWBSdk/104","B5"
"900","BECv10","BWBSdk","BWBSdk/104","B4"
"901","BECv10","BWBSdk","BWBSdk/104","B3"
"902","BECv10","BWBSdk","BWBSdk/104","A6"
"903","BECv10","BWBSdk","BWBSdk/104","A5"
"904","BECv10","BWBSdk","BWBSdk/104","A4"
"905","BECv10","BWBSdk","BWBSdk/104","A3"
"906","BECv10","BWBSdk","BWBSdk/104a","B4"
"907","BECv10","BWBSdk","BWBSdk/104a","B3"
"908","BECv10","BWBSdk","BWBSdk/104a","A4"
"909","BECv10","BWBSdk","BWBSdk/104a","A3"
"910","BECv10","BWBSdk","BWBSdk/104b","B6"
"911","BECv10","BWBSdk","BWBSdk/104b","B5"
"912","BECv10","BWBSdk","BWBSdk/104b","A6"
"913","BECv10","BWBSdk","BWBSdk/104b","A5"
"914","BECv10","BWBSdk","BWBSdk/110","D6"
"915","BECv10","BWBSdk","BWBSdk/110","D5"
"916","BECv10","BWBSdk","BWBSdk/110","C6"
"917","BECv10","BWBSdk","BWBSdk/111","E6"
"918","BECv10","BWBSdk","BWBSdk/111","E5"
"919","BECv10","BWBSdk","BWBSdk/112","E6"
"920","BECv10","BWBSdk","BWBSdk/112","E5"
"921","BECv10","BWBSdk","BWBSdk/Gb","C1"
"922","BECv10","BWBSdk","BWBSdk/Gb","C0"
"923","BECv10","BWBSdk","BWBSdk/Gb","B1"
"924","BECv10","BWBSdk","BWBSdk/Gb","B0"
"925","BECv10","BWBSdk","BWBSdk/Gg","E1"
"926","BECv10","BWBSdk","BWBSdk/Gg","D1"
"927","BECv10","BWBSdk","BWBSdk/Gg","D0"
"928","Add_2021","BWBSdk","BWBSdk/Ro","A0"
"929","Add_2021","BWBSdk","BWBSdk/Ro","B0"
"930","ABv12","BWBSdmN","BWBSdmN/a","B2"
"931","ABv12","BWBSdmN","BWBSdmN/a","B1"
"932","ABv12","BWBSdmN","BWBSdmN/a","A2"
"933","ABv12","BWBSdmN","BWBSdmN/a","A1"
"934","ABv12","BWBSdmN","BWBSdmN/b","C3"
"935","ABv12","BWBSdmN","BWBSdmN/b","C2"
"936","ABv12","BWBSdmN","BWBSdmN/b","B3"
"937","ABv12","BWBSdmN","BWBSdmN/b","B2"
"938","ABv12","BWBSdmN","BWBSdmN/c","B5"
"939","ABv12","BWBSdmN","BWBSdmN/c","B4"
"940","ABv12","BWBSdmN","BWBSdmN/c","B3"
"941","ABv12","BWBSdmN","BWBSdmN/c","A4"
"942","ABv12","BWBSdmN","BWBSdmN/c","A3"
"943","ABv12","BWBSdmN","BWBSdmN/d","D4"
"944","ABv12","BWBSdmN","BWBSdmN/d","C5"
"945","ABv12","BWBSdmN","BWBSdmN/d","C4"
"946","ABv12","BWBSdmN","BWBSdmN/d","C3"
"947","ABv12","BWBSdmN","BWBSdmN/d","B4"
"948","ABv12","BWBSdmN","BWBSdmN/e","D5"
"949","ABv12","BWBSdmN","BWBSdmN/e","D4"
"950","ABv12","BWBSdmN","BWBSdmN/e","C5"
"951","ABv12","BWBSdmN","BWBSdmN/f","E6"
"952","ABv12","BWBSdmN","BWBSdmN/f","E5"
"953","ABv12","BWBSdmN","BWBSdmN/f","D6"
"954","ABv12","BWBSdmN","BWBSdmN/f","D5"
"955","ABv12","BWBSdmN","BWBSdmN/g","C6"
"956","ABv12","BWBSdmN","BWBSdmN/g","C5"
"957","ABv12","BWBSdmN","BWBSdmN/g","B6"
"958","ABv12","BWBSdmN","BWBSdmN/g","B5"
"959","ABv12","BWBSdmN","BWBSdmN/g","A6"
"960","ABv12","BWBSdmN","BWBSdmN/g","A5"
"961","ABv12","BWBSdmN","BWBSdmN/h","D6"
"962","ABv12","BWBSdmN","BWBSdmN/h","D5"
"963","ABv12","BWBSdmN","BWBSdmN/h","C6"
"964","ABv12","BWBSdmN","BWBSdmN/h","C5"
"965","ABv12","BWBSdmN","BWBSdmN/i","B7"
"966","ABv12","BWBSdmN","BWBSdmN/i","B6"
"967","ABv12","BWBSdmN","BWBSdmN/i","A7"
"968","ABv12","BWBSdmN","BWBSdmN/i","A6"
"969","ABv12","BWBSdmN","BWBSdmN/j","C7"
"970","ABv12","BWBSdmN","BWBSdmN/j","C6"
"971","ABv12","BWBSdmN","BWBSdmN/j","B7"
"972","ABv12","BWBSdmN","BWBSdmN/j","B6"
"973","ABv12","BWBSdmN","BWBSdmN/k","E7"
"974","ABv12","BWBSdmN","BWBSdmN/k","D7"
"975","ABv12","BWBSdmN","BWBSdmN/k","D6"
"976","ABv12","BWBSdmN","BWBSdmN/k","C7"
"977","Add_2021","BWBSdmN","BWBSdmN/Ro","A0"
"978","Add_2021","BWBSdmN","BWBSdmN/Ro","B0"
"979","ABv12","BWBSdmS","BWBSdmS/a","B2"
"980","ABv12","BWBSdmS","BWBSdmS/a","B1"
"981","ABv12","BWBSdmS","BWBSdmS/a","A2"
"982","ABv12","BWBSdmS","BWBSdmS/a","A1"
"983","ABv12","BWBSdmS","BWBSdmS/b","C3"
"984","ABv12","BWBSdmS","BWBSdmS/b","C2"
"985","ABv12","BWBSdmS","BWBSdmS/b","B3"
"986","ABv12","BWBSdmS","BWBSdmS/b","B2"
"987","ABv12","BWBSdmS","BWBSdmS/c","B5"
"988","ABv12","BWBSdmS","BWBSdmS/c","B4"
"989","ABv12","BWBSdmS","BWBSdmS/c","B3"
"990","ABv12","BWBSdmS","BWBSdmS/c","A4"
"991","ABv12","BWBSdmS","BWBSdmS/c","A3"
"992","ABv12","BWBSdmS","BWBSdmS/d","D4"
"993","ABv12","BWBSdmS","BWBSdmS/d","C5"
"994","ABv12","BWBSdmS","BWBSdmS/d","C4"
"995","ABv12","BWBSdmS","BWBSdmS/d","C3"
"996","ABv12","BWBSdmS","BWBSdmS/d","B4"
"997","ABv12","BWBSdmS","BWBSdmS/e","D5"
"998","ABv12","BWBSdmS","BWBSdmS/e","D4"
"999","ABv12","BWBSdmS","BWBSdmS/e","C5"
"1000","ABv12","BWBSdmS","BWBSdmS/f","E6"
"1001","ABv12","BWBSdmS","BWBSdmS/f","E5"
"1002","ABv12","BWBSdmS","BWBSdmS/f","D6"
"1003","ABv12","BWBSdmS","BWBSdmS/f","D5"
"1004","ABv12","BWBSdmS","BWBSdmS/g","C6"
"1005","ABv12","BWBSdmS","BWBSdmS/g","C5"
"1006","ABv12","BWBSdmS","BWBSdmS/g","B6"
"1007","ABv12","BWBSdmS","BWBSdmS/g","B5"
"1008","ABv12","BWBSdmS","BWBSdmS/g","A6"
"1009","ABv12","BWBSdmS","BWBSdmS/g","A5"
"1010","ABv12","BWBSdmS","BWBSdmS/h","D6"
"1011","ABv12","BWBSdmS","BWBSdmS/h","D5"
"1012","ABv12","BWBSdmS","BWBSdmS/h","C6"
"1013","ABv12","BWBSdmS","BWBSdmS/h","C5"
"1014","ABv12","BWBSdmS","BWBSdmS/i","B7"
"1015","ABv12","BWBSdmS","BWBSdmS/i","B6"
"1016","ABv12","BWBSdmS","BWBSdmS/i","A7"
"1017","ABv12","BWBSdmS","BWBSdmS/i","A6"
"1018","ABv12","BWBSdmS","BWBSdmS/j","C7"
"1019","ABv12","BWBSdmS","BWBSdmS/j","C6"
"1020","ABv12","BWBSdmS","BWBSdmS/j","B7"
"1021","ABv12","BWBSdmS","BWBSdmS/j","B6"
"1022","ABv12","BWBSdmS","BWBSdmS/k","E7"
"1023","ABv12","BWBSdmS","BWBSdmS/k","D7"
"1024","ABv12","BWBSdmS","BWBSdmS/k","D6"
"1025","ABv12","BWBSdmS","BWBSdmS/k","C7"
"1026","Add_2021","BWBSdmS","BWBSdmS/Ro","A0"
"1027","Add_2021","BWBSdmS","BWBSdmS/Ro","B0"
"1028","ABv12","BWBSlbE","BWBSlbE/a","C2"
"1029","ABv12","BWBSlbE","BWBSlbE/a","B3"
"1030","ABv12","BWBSlbE","BWBSlbE/a","B2"
"1031","ABv12","BWBSlbE","BWBSlbE/a","B1"
"1032","ABv12","BWBSlbE","BWBSlbE/a","A2"
"1033","ABv12","BWBSlbE","BWBSlbE/b","C4"
"1034","ABv12","BWBSlbE","BWBSlbE/b","C3"
"1035","ABv12","BWBSlbE","BWBSlbE/b","C2"
"1036","ABv12","BWBSlbE","BWBSlbE/b","B3"
"1037","ABv12","BWBSlbE","BWBSlbE/c","C5"
"1038","ABv12","BWBSlbE","BWBSlbE/c","C4"
"1039","ABv12","BWBSlbE","BWBSlbE/c","C3"
"1040","ABv12","BWBSlbE","BWBSlbE/c","B5"
"1041","ABv12","BWBSlbE","BWBSlbE/c","B4"
"1042","ABv12","BWBSlbE","BWBSlbE/c","B3"
"1043","ABv12","BWBSlbE","BWBSlbE/c","A4"
"1044","ABv12","BWBSlbE","BWBSlbE/d","D5"
"1045","ABv12","BWBSlbE","BWBSlbE/d","D4"
"1046","ABv12","BWBSlbE","BWBSlbE/d","C5"
"1047","ABv12","BWBSlbE","BWBSlbE/d","C4"
"1048","ABv12","BWBSlbE","BWBSlbE/d","C3"
"1049","ABv12","BWBSlbE","BWBSlbE/e","E6"
"1050","ABv12","BWBSlbE","BWBSlbE/e","E5"
"1051","ABv12","BWBSlbE","BWBSlbE/e","D6"
"1052","ABv12","BWBSlbE","BWBSlbE/e","D5"
"1053","ABv12","BWBSlbE","BWBSlbE/f","E6"
"1054","ABv12","BWBSlbE","BWBSlbE/f","D7"
"1055","ABv12","BWBSlbE","BWBSlbE/f","D6"
"1056","ABv12","BWBSlbE","BWBSlbE/f","D5"
"1057","ABv12","BWBSlbE","BWBSlbE/f","C7"
"1058","ABv12","BWBSlbE","BWBSlbE/f","C6"
"1059","ABv12","BWBSlbE","BWBSlbE/g","C6"
"1060","ABv12","BWBSlbE","BWBSlbE/g","C5"
"1061","ABv12","BWBSlbE","BWBSlbE/g","B6"
"1062","ABv12","BWBSlbE","BWBSlbE/g","B5"
"1063","ABv12","BWBSlbE","BWBSlbE/h","B7"
"1064","ABv12","BWBSlbE","BWBSlbE/h","B6"
"1065","ABv12","BWBSlbE","BWBSlbE/h","A7"
"1066","ABv12","BWBSlbE","BWBSlbE/h","A6"
"1067","ABv12","BWBSlbE","BWBSlbE/i","C7"
"1068","ABv12","BWBSlbE","BWBSlbE/i","B7"
"1069","ABv12","BWBSlbE","BWBSlbE/j","E7"
"1070","ABv12","BWBSlbE","BWBSlbE/j","D7"
"1071","ABv12","BWBSlbE","BWBSlbE/j","C7"
"1072","Add_2021","BWBSlbE","BWBSlbE/Ro","A0"
"1073","Add_2021","BWBSlbE","BWBSlbE/Ro","B0"
"1074","ABv12","BWBSlbN","BWBSlbN/a","C2"
"1075","ABv12","BWBSlbN","BWBSlbN/a","B3"
"1076","ABv12","BWBSlbN","BWBSlbN/a","B2"
"1077","ABv12","BWBSlbN","BWBSlbN/a","B1"
"1078","ABv12","BWBSlbN","BWBSlbN/a","A2"
"1079","ABv12","BWBSlbN","BWBSlbN/b","C4"
"1080","ABv12","BWBSlbN","BWBSlbN/b","C3"
"1081","ABv12","BWBSlbN","BWBSlbN/b","C2"
"1082","ABv12","BWBSlbN","BWBSlbN/b","B3"
"1083","ABv12","BWBSlbN","BWBSlbN/c","C5"
"1084","ABv12","BWBSlbN","BWBSlbN/c","C4"
"1085","ABv12","BWBSlbN","BWBSlbN/c","C3"
"1086","ABv12","BWBSlbN","BWBSlbN/c","B5"
"1087","ABv12","BWBSlbN","BWBSlbN/c","B4"
"1088","ABv12","BWBSlbN","BWBSlbN/c","B3"
"1089","ABv12","BWBSlbN","BWBSlbN/c","A4"
"1090","ABv12","BWBSlbN","BWBSlbN/d","D5"
"1091","ABv12","BWBSlbN","BWBSlbN/d","D4"
"1092","ABv12","BWBSlbN","BWBSlbN/d","C5"
"1093","ABv12","BWBSlbN","BWBSlbN/d","C4"
"1094","ABv12","BWBSlbN","BWBSlbN/d","C3"
"1095","ABv12","BWBSlbN","BWBSlbN/e","E6"
"1096","ABv12","BWBSlbN","BWBSlbN/e","E5"
"1097","ABv12","BWBSlbN","BWBSlbN/e","D6"
"1098","ABv12","BWBSlbN","BWBSlbN/e","D5"
"1099","ABv12","BWBSlbN","BWBSlbN/f","E6"
"1100","ABv12","BWBSlbN","BWBSlbN/f","D7"
"1101","ABv12","BWBSlbN","BWBSlbN/f","D6"
"1102","ABv12","BWBSlbN","BWBSlbN/f","D5"
"1103","ABv12","BWBSlbN","BWBSlbN/f","C7"
"1104","ABv12","BWBSlbN","BWBSlbN/f","C6"
"1105","ABv12","BWBSlbN","BWBSlbN/g","C6"
"1106","ABv12","BWBSlbN","BWBSlbN/g","C5"
"1107","ABv12","BWBSlbN","BWBSlbN/g","B6"
"1108","ABv12","BWBSlbN","BWBSlbN/g","B5"
"1109","ABv12","BWBSlbN","BWBSlbN/h","B7"
"1110","ABv12","BWBSlbN","BWBSlbN/h","B6"
"1111","ABv12","BWBSlbN","BWBSlbN/h","A7"
"1112","ABv12","BWBSlbN","BWBSlbN/h","A6"
"1113","ABv12","BWBSlbN","BWBSlbN/i","C7"
"1114","ABv12","BWBSlbN","BWBSlbN/i","B7"
"1115","ABv12","BWBSlbN","BWBSlbN/j","E7"
"1116","ABv12","BWBSlbN","BWBSlbN/j","D7"
"1117","ABv12","BWBSlbN","BWBSlbN/j","C7"
"1118","Add_2021","BWBSlbN","BWBSlbN/Ro","A0"
"1119","Add_2021","BWBSlbN","BWBSlbN/Ro","B0"
"1120","ABv12","BWBSlbW","BWBSlbW/a","C2"
"1121","ABv12","BWBSlbW","BWBSlbW/a","B3"
"1122","ABv12","BWBSlbW","BWBSlbW/a","B2"
"1123","ABv12","BWBSlbW","BWBSlbW/a","B1"
"1124","ABv12","BWBSlbW","BWBSlbW/a","A2"
"1125","ABv12","BWBSlbW","BWBSlbW/b","C4"
"1126","ABv12","BWBSlbW","BWBSlbW/b","C3"
"1127","ABv12","BWBSlbW","BWBSlbW/b","C2"
"1128","ABv12","BWBSlbW","BWBSlbW/b","B3"
"1129","ABv12","BWBSlbW","BWBSlbW/c","C5"
"1130","ABv12","BWBSlbW","BWBSlbW/c","C4"
"1131","ABv12","BWBSlbW","BWBSlbW/c","C3"
"1132","ABv12","BWBSlbW","BWBSlbW/c","B5"
"1133","ABv12","BWBSlbW","BWBSlbW/c","B4"
"1134","ABv12","BWBSlbW","BWBSlbW/c","B3"
"1135","ABv12","BWBSlbW","BWBSlbW/c","A4"
"1136","ABv12","BWBSlbW","BWBSlbW/d","D5"
"1137","ABv12","BWBSlbW","BWBSlbW/d","D4"
"1138","ABv12","BWBSlbW","BWBSlbW/d","C5"
"1139","ABv12","BWBSlbW","BWBSlbW/d","C4"
"1140","ABv12","BWBSlbW","BWBSlbW/d","C3"
"1141","ABv12","BWBSlbW","BWBSlbW/e","E6"
"1142","ABv12","BWBSlbW","BWBSlbW/e","E5"
"1143","ABv12","BWBSlbW","BWBSlbW/e","D6"
"1144","ABv12","BWBSlbW","BWBSlbW/e","D5"
"1145","ABv12","BWBSlbW","BWBSlbW/f","E6"
"1146","ABv12","BWBSlbW","BWBSlbW/f","D7"
"1147","ABv12","BWBSlbW","BWBSlbW/f","D6"
"1148","ABv12","BWBSlbW","BWBSlbW/f","D5"
"1149","ABv12","BWBSlbW","BWBSlbW/f","C7"
"1150","ABv12","BWBSlbW","BWBSlbW/f","C6"
"1151","ABv12","BWBSlbW","BWBSlbW/g","C6"
"1152","ABv12","BWBSlbW","BWBSlbW/g","C5"
"1153","ABv12","BWBSlbW","BWBSlbW/g","B6"
"1154","ABv12","BWBSlbW","BWBSlbW/g","B5"
"1155","ABv12","BWBSlbW","BWBSlbW/h","B7"
"1156","ABv12","BWBSlbW","BWBSlbW/h","B6"
"1157","ABv12","BWBSlbW","BWBSlbW/h","A7"
"1158","ABv12","BWBSlbW","BWBSlbW/h","A6"
"1159","ABv12","BWBSlbW","BWBSlbW/i","C7"
"1160","ABv12","BWBSlbW","BWBSlbW/i","B7"
"1161","ABv12","BWBSlbW","BWBSlbW/j","E7"
"1162","ABv12","BWBSlbW","BWBSlbW/j","D7"
"1163","ABv12","BWBSlbW","BWBSlbW/j","C7"
"1164","Add_2021","BWBSlbW","BWBSlbW/Ro","A0"
"1165","Add_2021","BWBSlbW","BWBSlbW/Ro","B0"
"1166","AB_2018","BWBSlf","BWBSlf/a","C2"
"1167","AB_2018","BWBSlf","BWBSlf/a","C1"
"1168","AB_2018","BWBSlf","BWBSlf/a","B2"
"1169","AB_2018","BWBSlf","BWBSlf/a","B1"
"1170","AB_2018","BWBSlf","BWBSlf/b","B3"
"1171","AB_2018","BWBSlf","BWBSlf/b","B2"
"1172","AB_2018","BWBSlf","BWBSlf/b","B1"
"1173","AB_2018","BWBSlf","BWBSlf/b","A2"
"1174","AB_2018","BWBSlf","BWBSlf/b","A1"
"1175","AB_2018","BWBSlf","BWBSlf/c","C3"
"1176","AB_2018","BWBSlf","BWBSlf/c","C2"
"1177","AB_2018","BWBSlf","BWBSlf/c","B3"
"1178","AB_2018","BWBSlf","BWBSlf/c","B2"
"1179","AB_2018","BWBSlf","BWBSlf/d","B5"
"1180","AB_2018","BWBSlf","BWBSlf/d","B4"
"1181","AB_2018","BWBSlf","BWBSlf/d","B3"
"1182","AB_2018","BWBSlf","BWBSlf/d","A5"
"1183","AB_2018","BWBSlf","BWBSlf/d","A4"
"1184","AB_2018","BWBSlf","BWBSlf/d","A3"
"1185","AB_2018","BWBSlf","BWBSlf/e","D4"
"1186","AB_2018","BWBSlf","BWBSlf/e","C5"
"1187","AB_2018","BWBSlf","BWBSlf/e","C4"
"1188","AB_2018","BWBSlf","BWBSlf/e","C3"
"1189","AB_2018","BWBSlf","BWBSlf/e","B5"
"1190","AB_2018","BWBSlf","BWBSlf/e","B4"
"1191","AB_2018","BWBSlf","BWBSlf/e","B3"
"1192","AB_2018","BWBSlf","BWBSlf/f","E5"
"1193","AB_2018","BWBSlf","BWBSlf/f","D5"
"1194","AB_2018","BWBSlf","BWBSlf/f","D4"
"1195","AB_2018","BWBSlf","BWBSlf/g","E7"
"1196","AB_2018","BWBSlf","BWBSlf/g","E6"
"1197","AB_2018","BWBSlf","BWBSlf/g","E5"
"1198","AB_2018","BWBSlf","BWBSlf/g","D7"
"1199","AB_2018","BWBSlf","BWBSlf/g","D6"
"1200","AB_2018","BWBSlf","BWBSlf/g","D5"
"1201","AB_2018","BWBSlf","BWBSlf/h","B6"
"1202","AB_2018","BWBSlf","BWBSlf/h","B5"
"1203","AB_2018","BWBSlf","BWBSlf/h","A6"
"1204","AB_2018","BWBSlf","BWBSlf/h","A5"
"1205","AB_2018","BWBSlf","BWBSlf/i","E6"
"1206","AB_2018","BWBSlf","BWBSlf/i","E5"
"1207","AB_2018","BWBSlf","BWBSlf/i","D6"
"1208","AB_2018","BWBSlf","BWBSlf/i","D5"
"1209","AB_2018","BWBSlf","BWBSlf/i","C6"
"1210","AB_2018","BWBSlf","BWBSlf/i","C5"
"1211","AB_2018","BWBSlf","BWBSlf/j","D7"
"1212","AB_2018","BWBSlf","BWBSlf/j","D6"
"1213","AB_2018","BWBSlf","BWBSlf/j","C7"
"1214","AB_2018","BWBSlf","BWBSlf/j","C6"
"1215","AB_2018","BWBSlf","BWBSlf/j","B7"
"1216","AB_2018","BWBSlf","BWBSlf/j","B6"
"1217","AB_2018","BWBSlf","BWBSlf/k","B7"
"1218","AB_2018","BWBSlf","BWBSlf/k","B6"
"1219","AB_2018","BWBSlf","BWBSlf/k","A7"
"1220","AB_2018","BWBSlf","BWBSlf/k","A6"
"1221","AB_2018","BWBSlf","BWBSlf/l","D7"
"1222","AB_2018","BWBSlf","BWBSlf/l","C7"
"1223","AB_2018","BWBSlf","BWBSlf/l","C6"
"1224","AB_2018","BWBSlf","BWBSlf/l","B7"
"1225","AB_2018","BWBSlf","BWBSlf/m","E7"
"1226","AB_2018","BWBSlf","BWBSlf/m","E6"
"1227","AB_2018","BWBSlf","BWBSlf/m","D7"
"1228","AB_2018","BWBSlf","BWBSlf/m","D6"
"1229","AB_2018","BWBSlf","BWBSlf/m","C7"
"1230","AB_2018","BWBSlf","BWBSlf/n","E7"
"1231","AB_2018","BWBSlf","BWBSlf/n","D7"
"1232","Add_2021","BWBSlf","BWBSlf/Ro","A0"
"1233","Add_2021","BWBSlf","BWBSlf/Ro","B0"
"1234","BECv10","BWBSmk","BWBSmk/101","D4"
"1235","BECv10","BWBSmk","BWBSmk/101","D3"
"1236","BECv10","BWBSmk","BWBSmk/101","C4"
"1237","BECv10","BWBSmk","BWBSmk/101","C3"
"1238","BECv10","BWBSmk","BWBSmk/102","C2"
"1239","BECv10","BWBSmk","BWBSmk/102","B2"
"1240","BECv10","BWBSmk","BWBSmk/102","B1"
"1241","BECv10","BWBSmk","BWBSmk/102","A2"
"1242","BECv10","BWBSmk","BWBSmk/102","A1"
"1243","BECv10","BWBSmk","BWBSmk/103","D4"
"1244","BECv10","BWBSmk","BWBSmk/103","D3"
"1245","BECv10","BWBSmk","BWBSmk/103","C3"
"1246","BECv10","BWBSmk","BWBSmk/104","B6"
"1247","BECv10","BWBSmk","BWBSmk/104","B5"
"1248","BECv10","BWBSmk","BWBSmk/104","B4"
"1249","BECv10","BWBSmk","BWBSmk/104","B3"
"1250","BECv10","BWBSmk","BWBSmk/104","A6"
"1251","BECv10","BWBSmk","BWBSmk/104","A5"
"1252","BECv10","BWBSmk","BWBSmk/104","A4"
"1253","BECv10","BWBSmk","BWBSmk/104","A3"
"1254","BECv10","BWBSmk","BWBSmk/104a","B4"
"1255","BECv10","BWBSmk","BWBSmk/104a","B3"
"1256","BECv10","BWBSmk","BWBSmk/104a","A4"
"1257","BECv10","BWBSmk","BWBSmk/104a","A3"
"1258","BECv10","BWBSmk","BWBSmk/104b","B6"
"1259","BECv10","BWBSmk","BWBSmk/104b","B5"
"1260","BECv10","BWBSmk","BWBSmk/104b","A6"
"1261","BECv10","BWBSmk","BWBSmk/104b","A5"
"1262","BECv10","BWBSmk","BWBSmk/110","D6"
"1263","BECv10","BWBSmk","BWBSmk/110","D5"
"1264","BECv10","BWBSmk","BWBSmk/110","C6"
"1265","BECv10","BWBSmk","BWBSmk/110","C5"
"1266","BECv10","BWBSmk","BWBSmk/111","E6"
"1267","BECv10","BWBSmk","BWBSmk/111","E5"
"1268","BECv10","BWBSmk","BWBSmk/111","D6"
"1269","BECv10","BWBSmk","BWBSmk/111","D5"
"1270","BECv10","BWBSmk","BWBSmk/112","E6"
"1271","BECv10","BWBSmk","BWBSmk/112","E5"
"1272","BECv10","BWBSmk","BWBSmk/112","D6"
"1273","BECv10","BWBSmk","BWBSmk/112","D5"
"1274","BECv10","BWBSmk","BWBSmk/Gg","E1"
"1275","BECv10","BWBSmk","BWBSmk/Gg","D1"
"1276","BECv10","BWBSmk","BWBSmk/Gg","D0"
"1277","Add_2021","BWBSmk","BWBSmk/Ro","A0"
"1278","Add_2021","BWBSmk","BWBSmk/Ro","B0"
"1279","BECv10","BWBSmw","BWBSmw/101","D5"
"1280","BECv10","BWBSmw","BWBSmw/101","D4"
"1281","BECv10","BWBSmw","BWBSmw/101","C5"
"1282","BECv10","BWBSmw","BWBSmw/101","C4"
"1283","BECv10","BWBSmw","BWBSmw/101","C3"
"1284","BECv10","BWBSmw","BWBSmw/102","C2"
"1285","BECv10","BWBSmw","BWBSmw/102","B2"
"1286","BECv10","BWBSmw","BWBSmw/102","B1"
"1287","BECv10","BWBSmw","BWBSmw/102","A2"
"1288","BECv10","BWBSmw","BWBSmw/102","A1"
"1289","BECv10","BWBSmw","BWBSmw/103","C3"
"1290","BECv10","BWBSmw","BWBSmw/103","B3"
"1291","BECv10","BWBSmw","BWBSmw/104","B6"
"1292","BECv10","BWBSmw","BWBSmw/104","B5"
"1293","BECv10","BWBSmw","BWBSmw/104","B4"
"1294","BECv10","BWBSmw","BWBSmw/104","B3"
"1295","BECv10","BWBSmw","BWBSmw/104","A6"
"1296","BECv10","BWBSmw","BWBSmw/104","A5"
"1297","BECv10","BWBSmw","BWBSmw/104","A4"
"1298","BECv10","BWBSmw","BWBSmw/104","A3"
"1299","BECv10","BWBSmw","BWBSmw/110","D5"
"1300","BECv10","BWBSmw","BWBSmw/110","D4"
"1301","BECv10","BWBSmw","BWBSmw/111","D6"
"1302","BECv10","BWBSmw","BWBSmw/111","D5"
"1303","BECv10","BWBSmw","BWBSmw/111","C6"
"1304","BECv10","BWBSmw","BWBSmw/111","C5"
"1305","BECv10","BWBSmw","BWBSmw/112","E6"
"1306","BECv10","BWBSmw","BWBSmw/112","E5"
"1307","BECv10","BWBSmw","BWBSmw/112","D6"
"1308","BECv10","BWBSmw","BWBSmw/112","D5"
"1309","BECv10","BWBSmw","BWBSmw/Gg","E1"
"1310","BECv10","BWBSmw","BWBSmw/Gg","D1"
"1311","BECv10","BWBSmw","BWBSmw/Gg","D0"
"1312","Add_2021","BWBSmw","BWBSmw/Ro","A0"
"1313","Add_2021","BWBSmw","BWBSmw/Ro","B0"
"1314","AB_2018","BWBSnm","BWBSnm/a","B2"
"1315","AB_2018","BWBSnm","BWBSnm/a","B1"
"1316","AB_2018","BWBSnm","BWBSnm/a","A2"
"1317","AB_2018","BWBSnm","BWBSnm/a","A1"
"1318","AB_2018","BWBSnm","BWBSnm/b","C3"
"1319","AB_2018","BWBSnm","BWBSnm/b","C2"
"1320","AB_2018","BWBSnm","BWBSnm/b","B3"
"1321","AB_2018","BWBSnm","BWBSnm/b","B2"
"1322","AB_2018","BWBSnm","BWBSnm/c","B5"
"1323","AB_2018","BWBSnm","BWBSnm/c","B4"
"1324","AB_2018","BWBSnm","BWBSnm/c","B3"
"1325","AB_2018","BWBSnm","BWBSnm/c","A4"
"1326","AB_2018","BWBSnm","BWBSnm/c","A3"
"1327","AB_2018","BWBSnm","BWBSnm/d","D4"
"1328","AB_2018","BWBSnm","BWBSnm/d","C5"
"1329","AB_2018","BWBSnm","BWBSnm/d","C4"
"1330","AB_2018","BWBSnm","BWBSnm/d","C3"
"1331","AB_2018","BWBSnm","BWBSnm/e","D5"
"1332","AB_2018","BWBSnm","BWBSnm/e","D4"
"1333","AB_2018","BWBSnm","BWBSnm/e","C5"
"1334","AB_2018","BWBSnm","BWBSnm/f","E6"
"1335","AB_2018","BWBSnm","BWBSnm/f","E5"
"1336","AB_2018","BWBSnm","BWBSnm/f","D6"
"1337","AB_2018","BWBSnm","BWBSnm/f","D5"
"1338","AB_2018","BWBSnm","BWBSnm/g","C6"
"1339","AB_2018","BWBSnm","BWBSnm/g","C5"
"1340","AB_2018","BWBSnm","BWBSnm/g","B6"
"1341","AB_2018","BWBSnm","BWBSnm/g","B5"
"1342","AB_2018","BWBSnm","BWBSnm/g","A6"
"1343","AB_2018","BWBSnm","BWBSnm/g","A5"
"1344","AB_2018","BWBSnm","BWBSnm/h","D6"
"1345","AB_2018","BWBSnm","BWBSnm/h","D5"
"1346","AB_2018","BWBSnm","BWBSnm/h","C6"
"1347","AB_2018","BWBSnm","BWBSnm/h","C5"
"1348","AB_2018","BWBSnm","BWBSnm/h","B6"
"1349","AB_2018","BWBSnm","BWBSnm/i","B7"
"1350","AB_2018","BWBSnm","BWBSnm/i","B6"
"1351","AB_2018","BWBSnm","BWBSnm/i","A7"
"1352","AB_2018","BWBSnm","BWBSnm/i","A6"
"1353","AB_2018","BWBSnm","BWBSnm/j","C7"
"1354","AB_2018","BWBSnm","BWBSnm/j","B7"
"1355","AB_2018","BWBSnm","BWBSnm/k","E7"
"1356","AB_2018","BWBSnm","BWBSnm/k","D7"
"1357","AB_2018","BWBSnm","BWBSnm/k","D6"
"1358","AB_2018","BWBSnm","BWBSnm/k","C7"
"1359","AB_2018","BWBSnm","BWBSnm/l","E7"
"1360","AB_2018","BWBSnm","BWBSnm/l","D7"
"1361","Add_2021","BWBSnm","BWBSnm/Ro","A0"
"1362","Add_2021","BWBSnm","BWBSnm/Ro","B0"
"1363","AB_2018","BWBSpp","BWBSpp/a","B2"
"1364","AB_2018","BWBSpp","BWBSpp/a","B1"
"1365","AB_2018","BWBSpp","BWBSpp/a","A2"
"1366","AB_2018","BWBSpp","BWBSpp/a","A1"
"1367","AB_2018","BWBSpp","BWBSpp/b","C3"
"1368","AB_2018","BWBSpp","BWBSpp/b","C2"
"1369","AB_2018","BWBSpp","BWBSpp/b","B3"
"1370","AB_2018","BWBSpp","BWBSpp/b","B2"
"1371","AB_2018","BWBSpp","BWBSpp/c","B5"
"1372","AB_2018","BWBSpp","BWBSpp/c","B4"
"1373","AB_2018","BWBSpp","BWBSpp/c","B3"
"1374","AB_2018","BWBSpp","BWBSpp/c","A4"
"1375","AB_2018","BWBSpp","BWBSpp/c","A3"
"1376","AB_2018","BWBSpp","BWBSpp/d","D4"
"1377","AB_2018","BWBSpp","BWBSpp/d","C5"
"1378","AB_2018","BWBSpp","BWBSpp/d","C4"
"1379","AB_2018","BWBSpp","BWBSpp/d","C3"
"1380","AB_2018","BWBSpp","BWBSpp/d","B4"
"1381","AB_2018","BWBSpp","BWBSpp/e","D6"
"1382","AB_2018","BWBSpp","BWBSpp/e","D5"
"1383","AB_2018","BWBSpp","BWBSpp/e","D4"
"1384","AB_2018","BWBSpp","BWBSpp/e","C5"
"1385","AB_2018","BWBSpp","BWBSpp/f","E6"
"1386","AB_2018","BWBSpp","BWBSpp/f","E5"
"1387","AB_2018","BWBSpp","BWBSpp/f","D6"
"1388","AB_2018","BWBSpp","BWBSpp/f","D5"
"1389","AB_2018","BWBSpp","BWBSpp/g","C6"
"1390","AB_2018","BWBSpp","BWBSpp/g","C5"
"1391","AB_2018","BWBSpp","BWBSpp/g","B6"
"1392","AB_2018","BWBSpp","BWBSpp/g","B5"
"1393","AB_2018","BWBSpp","BWBSpp/g","A6"
"1394","AB_2018","BWBSpp","BWBSpp/g","A5"
"1395","AB_2018","BWBSpp","BWBSpp/h","D6"
"1396","AB_2018","BWBSpp","BWBSpp/h","D5"
"1397","AB_2018","BWBSpp","BWBSpp/h","C6"
"1398","AB_2018","BWBSpp","BWBSpp/h","C5"
"1399","AB_2018","BWBSpp","BWBSpp/i","B7"
"1400","AB_2018","BWBSpp","BWBSpp/i","B6"
"1401","AB_2018","BWBSpp","BWBSpp/i","A7"
"1402","AB_2018","BWBSpp","BWBSpp/i","A6"
"1403","AB_2018","BWBSpp","BWBSpp/j","C7"
"1404","AB_2018","BWBSpp","BWBSpp/j","C6"
"1405","AB_2018","BWBSpp","BWBSpp/j","B7"
"1406","AB_2018","BWBSpp","BWBSpp/j","B6"
"1407","AB_2018","BWBSpp","BWBSpp/k","E7"
"1408","AB_2018","BWBSpp","BWBSpp/k","D7"
"1409","AB_2018","BWBSpp","BWBSpp/k","D6"
"1410","AB_2018","BWBSpp","BWBSpp/k","C7"
"1411","AB_2018","BWBSpp","BWBSpp/l","E7"
"1412","AB_2018","BWBSpp","BWBSpp/l","D7"
"1413","AB_2018","BWBSub","BWBSub/a","C2"
"1414","AB_2018","BWBSub","BWBSub/a","B3"
"1415","AB_2018","BWBSub","BWBSub/a","B2"
"1416","AB_2018","BWBSub","BWBSub/a","B1"
"1417","AB_2018","BWBSub","BWBSub/a","A2"
"1418","AB_2018","BWBSub","BWBSub/b","C4"
"1419","AB_2018","BWBSub","BWBSub/b","C3"
"1420","AB_2018","BWBSub","BWBSub/b","C2"
"1421","AB_2018","BWBSub","BWBSub/b","B3"
"1422","AB_2018","BWBSub","BWBSub/c","C5"
"1423","AB_2018","BWBSub","BWBSub/c","C4"
"1424","AB_2018","BWBSub","BWBSub/c","C3"
"1425","AB_2018","BWBSub","BWBSub/c","B5"
"1426","AB_2018","BWBSub","BWBSub/c","B4"
"1427","AB_2018","BWBSub","BWBSub/c","B3"
"1428","AB_2018","BWBSub","BWBSub/c","A4"
"1429","AB_2018","BWBSub","BWBSub/d","D5"
"1430","AB_2018","BWBSub","BWBSub/d","D4"
"1431","AB_2018","BWBSub","BWBSub/d","C5"
"1432","AB_2018","BWBSub","BWBSub/d","C4"
"1433","AB_2018","BWBSub","BWBSub/d","C3"
"1434","AB_2018","BWBSub","BWBSub/e","E6"
"1435","AB_2018","BWBSub","BWBSub/e","E5"
"1436","AB_2018","BWBSub","BWBSub/e","D6"
"1437","AB_2018","BWBSub","BWBSub/e","D5"
"1438","AB_2018","BWBSub","BWBSub/f","E6"
"1439","AB_2018","BWBSub","BWBSub/f","D7"
"1440","AB_2018","BWBSub","BWBSub/f","D6"
"1441","AB_2018","BWBSub","BWBSub/f","D5"
"1442","AB_2018","BWBSub","BWBSub/f","C7"
"1443","AB_2018","BWBSub","BWBSub/f","C6"
"1444","AB_2018","BWBSub","BWBSub/g","C6"
"1445","AB_2018","BWBSub","BWBSub/g","C5"
"1446","AB_2018","BWBSub","BWBSub/g","B6"
"1447","AB_2018","BWBSub","BWBSub/g","B5"
"1448","AB_2018","BWBSub","BWBSub/h","B7"
"1449","AB_2018","BWBSub","BWBSub/h","B6"
"1450","AB_2018","BWBSub","BWBSub/h","A7"
"1451","AB_2018","BWBSub","BWBSub/h","A6"
"1452","AB_2018","BWBSub","BWBSub/i","C7"
"1453","AB_2018","BWBSub","BWBSub/i","B7"
"1454","AB_2018","BWBSub","BWBSub/j","E7"
"1455","AB_2018","BWBSub","BWBSub/j","D7"
"1456","AB_2018","BWBSub","BWBSub/j","C7"
"1457","Add_2021","BWBSub","BWBSub/Ro","A0"
"1458","Add_2021","BWBSub","BWBSub/Ro","B0"
"1459","AB_2018","BWBSuf","BWBSuf/a","C2"
"1460","AB_2018","BWBSuf","BWBSuf/a","C1"
"1461","AB_2018","BWBSuf","BWBSuf/a","B2"
"1462","AB_2018","BWBSuf","BWBSuf/a","B1"
"1463","AB_2018","BWBSuf","BWBSuf/a","B0"
"1464","AB_2018","BWBSuf","BWBSuf/b","B3"
"1465","AB_2018","BWBSuf","BWBSuf/b","B2"
"1466","AB_2018","BWBSuf","BWBSuf/b","B1"
"1467","AB_2018","BWBSuf","BWBSuf/b","A2"
"1468","AB_2018","BWBSuf","BWBSuf/c","D3"
"1469","AB_2018","BWBSuf","BWBSuf/c","C4"
"1470","AB_2018","BWBSuf","BWBSuf/c","C3"
"1471","AB_2018","BWBSuf","BWBSuf/c","C2"
"1472","AB_2018","BWBSuf","BWBSuf/c","B3"
"1473","AB_2018","BWBSuf","BWBSuf/c","B2"
"1474","AB_2018","BWBSuf","BWBSuf/d","B5"
"1475","AB_2018","BWBSuf","BWBSuf/d","B4"
"1476","AB_2018","BWBSuf","BWBSuf/d","B3"
"1477","AB_2018","BWBSuf","BWBSuf/d","A4"
"1478","AB_2018","BWBSuf","BWBSuf/d","A3"
"1479","AB_2018","BWBSuf","BWBSuf/e","D4"
"1480","AB_2018","BWBSuf","BWBSuf/e","C5"
"1481","AB_2018","BWBSuf","BWBSuf/e","C4"
"1482","AB_2018","BWBSuf","BWBSuf/e","C3"
"1483","AB_2018","BWBSuf","BWBSuf/e","B5"
"1484","AB_2018","BWBSuf","BWBSuf/e","B4"
"1485","AB_2018","BWBSuf","BWBSuf/f","E5"
"1486","AB_2018","BWBSuf","BWBSuf/f","D5"
"1487","AB_2018","BWBSuf","BWBSuf/f","D4"
"1488","AB_2018","BWBSuf","BWBSuf/g","E7"
"1489","AB_2018","BWBSuf","BWBSuf/g","E6"
"1490","AB_2018","BWBSuf","BWBSuf/g","E5"
"1491","AB_2018","BWBSuf","BWBSuf/g","E4"
"1492","AB_2018","BWBSuf","BWBSuf/g","D6"
"1493","AB_2018","BWBSuf","BWBSuf/g","D5"
"1494","AB_2018","BWBSuf","BWBSuf/h","C6"
"1495","AB_2018","BWBSuf","BWBSuf/h","C5"
"1496","AB_2018","BWBSuf","BWBSuf/h","B6"
"1497","AB_2018","BWBSuf","BWBSuf/h","B5"
"1498","AB_2018","BWBSuf","BWBSuf/h","A6"
"1499","AB_2018","BWBSuf","BWBSuf/h","A5"
"1500","AB_2018","BWBSuf","BWBSuf/i","D6"
"1501","AB_2018","BWBSuf","BWBSuf/i","D5"
"1502","AB_2018","BWBSuf","BWBSuf/i","C7"
"1503","AB_2018","BWBSuf","BWBSuf/i","C6"
"1504","AB_2018","BWBSuf","BWBSuf/i","C5"
"1505","AB_2018","BWBSuf","BWBSuf/i","B6"
"1506","AB_2018","BWBSuf","BWBSuf/j","E6"
"1507","AB_2018","BWBSuf","BWBSuf/j","D6"
"1508","AB_2018","BWBSuf","BWBSuf/j","D5"
"1509","AB_2018","BWBSuf","BWBSuf/j","C6"
"1510","AB_2018","BWBSuf","BWBSuf/j","C5"
"1511","AB_2018","BWBSuf","BWBSuf/k","B7"
"1512","AB_2018","BWBSuf","BWBSuf/k","B6"
"1513","AB_2018","BWBSuf","BWBSuf/k","A7"
"1514","AB_2018","BWBSuf","BWBSuf/l","D7"
"1515","AB_2018","BWBSuf","BWBSuf/l","C7"
"1516","AB_2018","BWBSuf","BWBSuf/l","C6"
"1517","AB_2018","BWBSuf","BWBSuf/l","B7"
"1518","AB_2018","BWBSuf","BWBSuf/m","E7"
"1519","AB_2018","BWBSuf","BWBSuf/m","E6"
"1520","AB_2018","BWBSuf","BWBSuf/m","D7"
"1521","AB_2018","BWBSuf","BWBSuf/m","D6"
"1522","AB_2018","BWBSuf","BWBSuf/m","C7"
"1523","Add_2021","BWBSuf","BWBSuf/Ro","A0"
"1524","Add_2021","BWBSuf","BWBSuf/Ro","B0"
"1525","BECv10","BWBSvk","BWBSvk/h","E7"
"1526","BECv10","BWBSvk","BWBSvk/h","E6"
"1527","BECv10","BWBSvk","BWBSvk/h","E5"
"1528","BECv10","BWBSvk","BWBSvk/h","D7"
"1529","BECv10","BWBSvk","BWBSvk/h","D6"
"1530","BECv10","BWBSvk","BWBSvk/h","D5"
"1531","BECv10","BWBSvk","BWBSvk/h","C7"
"1532","BECv10","BWBSvk","BWBSvk/h","C6"
"1533","BECv10","BWBSvk","BWBSvk/h","C5"
"1534","BECv10","BWBSvk","BWBSvk/h","B7"
"1535","BECv10","BWBSvk","BWBSvk/h","B6"
"1536","BECv10","BWBSvk","BWBSvk/h","B5"
"1537","BECv10","BWBSvk","BWBSvk/m","E4"
"1538","BECv10","BWBSvk","BWBSvk/m","E3"
"1539","BECv10","BWBSvk","BWBSvk/m","D4"
"1540","BECv10","BWBSvk","BWBSvk/m","D3"
"1541","BECv10","BWBSvk","BWBSvk/m","C4"
"1542","BECv10","BWBSvk","BWBSvk/m","C3"
"1543","BECv10","BWBSvk","BWBSvk/m","B4"
"1544","BECv10","BWBSvk","BWBSvk/m","B3"
"1545","BECv10","BWBSvk","BWBSvk/m","A4"
"1546","BECv10","BWBSvk","BWBSvk/m","A3"
"1547","BECv10","BWBSvk","BWBSvk/x","E2"
"1548","BECv10","BWBSvk","BWBSvk/x","E1"
"1549","BECv10","BWBSvk","BWBSvk/x","E0"
"1550","BECv10","BWBSvk","BWBSvk/x","D2"
"1551","BECv10","BWBSvk","BWBSvk/x","D1"
"1552","BECv10","BWBSvk","BWBSvk/x","D0"
"1553","BECv10","BWBSvk","BWBSvk/x","C2"
"1554","BECv10","BWBSvk","BWBSvk/x","C1"
"1555","BECv10","BWBSvk","BWBSvk/x","C0"
"1556","BECv10","BWBSvk","BWBSvk/x","B2"
"1557","BECv10","BWBSvk","BWBSvk/x","B1"
"1558","BECv10","BWBSvk","BWBSvk/x","B0"
"1559","BECv10","BWBSvk","BWBSvk/x","A2"
"1560","BECv10","BWBSvk","BWBSvk/x","A1"
"1561","BECv10","BWBSvk","BWBSvk/x","A0"
"1562","BECv10","BWBSwk1","BWBSwk1/101","C4"
"1563","BECv10","BWBSwk1","BWBSwk1/101","C3"
"1564","BECv10","BWBSwk1","BWBSwk1/101","B4"
"1565","BECv10","BWBSwk1","BWBSwk1/101","B3"
"1566","BECv10","BWBSwk1","BWBSwk1/102","C2"
"1567","BECv10","BWBSwk1","BWBSwk1/102","B2"
"1568","BECv10","BWBSwk1","BWBSwk1/102","B1"
"1569","BECv10","BWBSwk1","BWBSwk1/102","A2"
"1570","BECv10","BWBSwk1","BWBSwk1/102","A1"
"1571","BECv10","BWBSwk1","BWBSwk1/103","D3"
"1572","BECv10","BWBSwk1","BWBSwk1/103","C3"
"1573","BECv10","BWBSwk1","BWBSwk1/103","B3"
"1574","BECv10","BWBSwk1","BWBSwk1/104","B5"
"1575","BECv10","BWBSwk1","BWBSwk1/104","B4"
"1576","BECv10","BWBSwk1","BWBSwk1/104","B3"
"1577","BECv10","BWBSwk1","BWBSwk1/104","A5"
"1578","BECv10","BWBSwk1","BWBSwk1/104","A4"
"1579","BECv10","BWBSwk1","BWBSwk1/104","A3"
"1580","BECv10","BWBSwk1","BWBSwk1/110","D6"
"1581","BECv10","BWBSwk1","BWBSwk1/110","D5"
"1582","BECv10","BWBSwk1","BWBSwk1/110","D4"
"1583","BECv10","BWBSwk1","BWBSwk1/110","C6"
"1584","BECv10","BWBSwk1","BWBSwk1/110","C5"
"1585","BECv10","BWBSwk1","BWBSwk1/111","B6"
"1586","BECv10","BWBSwk1","BWBSwk1/111","B5"
"1587","BECv10","BWBSwk1","BWBSwk1/111","A6"
"1588","BECv10","BWBSwk1","BWBSwk1/111","A5"
"1589","Add_2021","BWBSwk1","BWBSwk1/Ro","A0"
"1590","Add_2021","BWBSwk1","BWBSwk1/Ro","B0"
"1591","BECv10","BWBSwk2","BWBSwk2/101","C4"
"1592","BECv10","BWBSwk2","BWBSwk2/101","C3"
"1593","BECv10","BWBSwk2","BWBSwk2/101","B4"
"1594","BECv10","BWBSwk2","BWBSwk2/101","B3"
"1595","BECv10","BWBSwk2","BWBSwk2/102","C2"
"1596","BECv10","BWBSwk2","BWBSwk2/102","C1"
"1597","BECv10","BWBSwk2","BWBSwk2/102","B2"
"1598","BECv10","BWBSwk2","BWBSwk2/102","B1"
"1599","BECv10","BWBSwk2","BWBSwk2/102","A2"
"1600","BECv10","BWBSwk2","BWBSwk2/102","A1"
"1601","BECv10","BWBSwk2","BWBSwk2/103","D3"
"1602","BECv10","BWBSwk2","BWBSwk2/103","C3"
"1603","BECv10","BWBSwk2","BWBSwk2/103","B3"
"1604","BECv10","BWBSwk2","BWBSwk2/104","B6"
"1605","BECv10","BWBSwk2","BWBSwk2/104","B5"
"1606","BECv10","BWBSwk2","BWBSwk2/104","B4"
"1607","BECv10","BWBSwk2","BWBSwk2/104","B3"
"1608","BECv10","BWBSwk2","BWBSwk2/104","A6"
"1609","BECv10","BWBSwk2","BWBSwk2/104","A5"
"1610","BECv10","BWBSwk2","BWBSwk2/104","A4"
"1611","BECv10","BWBSwk2","BWBSwk2/104","A3"
"1612","BECv10","BWBSwk2","BWBSwk2/110","D5"
"1613","BECv10","BWBSwk2","BWBSwk2/110","D4"
"1614","BECv10","BWBSwk2","BWBSwk2/110","C5"
"1615","BECv10","BWBSwk2","BWBSwk2/111","D6"
"1616","BECv10","BWBSwk2","BWBSwk2/111","D5"
"1617","BECv10","BWBSwk2","BWBSwk2/111","C6"
"1618","BECv10","BWBSwk2","BWBSwk2/Gg","E1"
"1619","BECv10","BWBSwk2","BWBSwk2/Gg","D1"
"1620","BECv10","BWBSwk2","BWBSwk2/Gg","D0"
"1621","Add_2021","BWBSwk2","BWBSwk2/Ro","A0"
"1622","Add_2021","BWBSwk2","BWBSwk2/Ro","B0"
"1623","BECv10","BWBSwk3","BWBSwk3/101","D4"
"1624","BECv10","BWBSwk3","BWBSwk3/101","C4"
"1625","BECv10","BWBSwk3","BWBSwk3/101","C3"
"1626","BECv10","BWBSwk3","BWBSwk3/102","C2"
"1627","BECv10","BWBSwk3","BWBSwk3/102","B2"
"1628","BECv10","BWBSwk3","BWBSwk3/102","B1"
"1629","BECv10","BWBSwk3","BWBSwk3/102","A2"
"1630","BECv10","BWBSwk3","BWBSwk3/102","A1"
"1631","BECv10","BWBSwk3","BWBSwk3/103","B5"
"1632","BECv10","BWBSwk3","BWBSwk3/103","B4"
"1633","BECv10","BWBSwk3","BWBSwk3/103","B3"
"1634","BECv10","BWBSwk3","BWBSwk3/103","A5"
"1635","BECv10","BWBSwk3","BWBSwk3/103","A4"
"1636","BECv10","BWBSwk3","BWBSwk3/103","A3"
"1637","BECv10","BWBSwk3","BWBSwk3/110","D6"
"1638","BECv10","BWBSwk3","BWBSwk3/110","D5"
"1639","BECv10","BWBSwk3","BWBSwk3/110","C6"
"1640","BECv10","BWBSwk3","BWBSwk3/110","C5"
"1641","BECv10","BWBSwk3","BWBSwk3/111","B6"
"1642","BECv10","BWBSwk3","BWBSwk3/111","A6"
"1643","Add_2021","BWBSwk3","BWBSwk3/Ro","A0"
"1644","Add_2021","BWBSwk3","BWBSwk3/Ro","B0"
"1645","USA_2019","CCHun_CA","CCHun_CA/101","D4"
"1646","USA_2019","CCHun_CA","CCHun_CA/101","D3"
"1647","USA_2019","CCHun_CA","CCHun_CA/101","C4"
"1648","USA_2019","CCHun_CA","CCHun_CA/101","C3"
"1649","USA_2019","CCHun_CA","CCHun_CA/101","B4"
"1650","USA_2019","CCHun_CA","CCHun_CA/101","B3"
"1651","USA_2019","CCHun_CA","CCHun_CA/110","E5"
"1652","USA_2019","CCHun_CA","CCHun_CA/110","D5"
"1653","USA_2019","CCHun_CA","CCHun_CA/110","C5"
"1654","USA_2019","CCHun_CA","CCHun_CA/110","B5"
"1655","USA_2019","CCHun_CA","CCHun_CA/111","E6"
"1656","USA_2019","CCHun_CA","CCHun_CA/111","D6"
"1657","USA_2019","CCHun_CA","CCHun_CA/111","C6"
"1658","USA_2019","CCHun_CA","CCHun_CA/111","B6"
"1659","USA_2019","CCHun_CA","CCHun_CA/Gs","D2"
"1660","USA_2019","CCHun_CA","CCHun_CA/Gs","D1"
"1661","USA_2019","CCHun_CA","CCHun_CA/Gs","C2"
"1662","USA_2019","CCHun_CA","CCHun_CA/Gs","C1"
"1663","USA_2019","CCHun_CA","CCHun_CA/Gs","B2"
"1664","USA_2019","CCHun_CA","CCHun_CA/Gs","B1"
"1665","USA_2019","CCHun_CA","CCHun_CA/Gs","A2"
"1666","USA_2019","CCHun_CA","CCHun_CA/Gs","A1"
"1667","Add_2021","CCHun_CA","CCHun_CA/Ro","A0"
"1668","Add_2021","CCHun_CA","CCHun_CA/Ro","B0"
"1669","BECv13","CDFmm","CDFmm/101","A3"
"1670","BECv13","CDFmm","CDFmm/101","A4"
"1671","BECv13","CDFmm","CDFmm/101","B4"
"1672","BECv13","CDFmm","CDFmm/101","B3"
"1673","BECv13","CDFmm","CDFmm/101","C3"
"1674","BECv13","CDFmm","CDFmm/101","C4"
"1675","BECv13","CDFmm","CDFmm/102","A0"
"1676","BECv13","CDFmm","CDFmm/102","B0"
"1677","BECv13","CDFmm","CDFmm/102","A1"
"1678","BECv13","CDFmm","CDFmm/102","B1"
"1679","BECv13","CDFmm","CDFmm/102.1","A0"
"1680","BECv13","CDFmm","CDFmm/102.1","B0"
"1681","BECv13","CDFmm","CDFmm/102.1","A1"
"1682","BECv13","CDFmm","CDFmm/102.1","B1"
"1683","BECv13","CDFmm","CDFmm/102.2","A0"
"1684","BECv13","CDFmm","CDFmm/102.2","B0"
"1685","BECv13","CDFmm","CDFmm/102.2","A1"
"1686","BECv13","CDFmm","CDFmm/102.2","B1"
"1687","BECv13","CDFmm","CDFmm/103","C0"
"1688","BECv13","CDFmm","CDFmm/103","D0"
"1689","BECv13","CDFmm","CDFmm/103","E0"
"1690","BECv13","CDFmm","CDFmm/103","C1"
"1691","BECv13","CDFmm","CDFmm/103","D1"
"1692","BECv13","CDFmm","CDFmm/103","E1"
"1693","BECv13","CDFmm","CDFmm/104","A1"
"1694","BECv13","CDFmm","CDFmm/104","B1"
"1695","BECv13","CDFmm","CDFmm/104","A2"
"1696","BECv13","CDFmm","CDFmm/104","B2"
"1697","BECv13","CDFmm","CDFmm/105","C1"
"1698","BECv13","CDFmm","CDFmm/105","D1"
"1699","BECv13","CDFmm","CDFmm/105","C2"
"1700","BECv13","CDFmm","CDFmm/105","D2"
"1701","BECv13","CDFmm","CDFmm/106","D1"
"1702","BECv13","CDFmm","CDFmm/106","E1"
"1703","BECv13","CDFmm","CDFmm/106","D2"
"1704","BECv13","CDFmm","CDFmm/106","E2"
"1705","BECv13","CDFmm","CDFmm/110","D3"
"1706","BECv13","CDFmm","CDFmm/110","E3"
"1707","BECv13","CDFmm","CDFmm/110","D4"
"1708","BECv13","CDFmm","CDFmm/110","E4"
"1709","BECv13","CDFmm","CDFmm/111","A5"
"1710","BECv13","CDFmm","CDFmm/111","B5"
"1711","BECv13","CDFmm","CDFmm/111","C5"
"1712","BECv13","CDFmm","CDFmm/111","A6"
"1713","BECv13","CDFmm","CDFmm/111","B6"
"1714","BECv13","CDFmm","CDFmm/111","C6"
"1715","BECv13","CDFmm","CDFmm/112","D5"
"1716","BECv13","CDFmm","CDFmm/112","D6"
"1717","BECv13","CDFmm","CDFmm/112","E5"
"1718","BECv13","CDFmm","CDFmm/112","E6"
"1719","BECv13","CDFmm","CDFmm/112a","D5"
"1720","BECv13","CDFmm","CDFmm/112a","E5"
"1721","BECv13","CDFmm","CDFmm/112a","D6"
"1722","BECv13","CDFmm","CDFmm/112a","E6"
"1723","BECv13","CDFmm","CDFmm/112b","D5"
"1724","BECv13","CDFmm","CDFmm/112b","E5"
"1725","BECv13","CDFmm","CDFmm/112b","D6"
"1726","BECv13","CDFmm","CDFmm/112b","E6"
"1727","BECv13","CDFmm","CDFmm/Fl51","D5"
"1728","BECv13","CDFmm","CDFmm/Fl51","E5"
"1729","BECv13","CDFmm","CDFmm/Fl51","D6"
"1730","BECv13","CDFmm","CDFmm/Fl51","E6"
"1731","BECv13","CDFmm","CDFmm/Fm51","D5"
"1732","BECv13","CDFmm","CDFmm/Fm51","D6"
"1733","BECv13","CDFmm","CDFmm/Fm51","E5"
"1734","BECv13","CDFmm","CDFmm/Fm51","E6"
"1735","BECv13","CDFmm","CDFmm/Fm52","D5"
"1736","BECv13","CDFmm","CDFmm/Fm52","D6"
"1737","BECv13","CDFmm","CDFmm/Fm52","E5"
"1738","BECv13","CDFmm","CDFmm/Fm52","E6"
"1739","BECv13","CDFmm","CDFmm/Gg","C0"
"1740","BECv13","CDFmm","CDFmm/Gg","D0"
"1741","BECv13","CDFmm","CDFmm/Gg","E0"
"1742","BECv13","CDFmm","CDFmm/Ro","A0"
"1743","BECv13","CDFmm","CDFmm/Ro","B0"
"1744","BECv13","CDFmm","CDFmm/Wb55","A7"
"1745","BECv13","CDFmm","CDFmm/Wb55","B7"
"1746","BECv13","CDFmm","CDFmm/Wf","C7"
"1747","BECv13","CDFmm","CDFmm/Wf","D7"
"1748","BECv13","CDFmm","CDFmm/Wf","E7"
"1749","BECv13","CDFmm","CDFmm/Wm","C7"
"1750","BECv13","CDFmm","CDFmm/Wm","D7"
"1751","BECv13","CDFmm","CDFmm/Wm","E7"
"1752","BECv13","CDFmm","CDFmm/Ws53","C7"
"1753","BECv13","CDFmm","CDFmm/Ws53","D7"
"1754","BECv13","CDFmm","CDFmm/Ws53","E7"
"1755","BECv13","CDFmm","CDFmm/Ws61","C7"
"1756","BECv13","CDFmm","CDFmm/Ws61","D7"
"1757","BECv13","CDFmm","CDFmm/Ws61","E7"
"1758","BECv13","CDFmm","CDFmm/Ws62","C7"
"1759","BECv13","CDFmm","CDFmm/Ws62","D7"
"1760","BECv13","CDFmm","CDFmm/Ws62","E7"
"1761","USA_2019","CDFmm_OR","CDFmm_OR/101","D4"
"1762","USA_2019","CDFmm_OR","CDFmm_OR/101","D3"
"1763","USA_2019","CDFmm_OR","CDFmm_OR/101","C4"
"1764","USA_2019","CDFmm_OR","CDFmm_OR/101","C3"
"1765","USA_2019","CDFmm_OR","CDFmm_OR/101","B4"
"1766","USA_2019","CDFmm_OR","CDFmm_OR/101","B3"
"1767","USA_2019","CDFmm_OR","CDFmm_OR/102","D1"
"1768","USA_2019","CDFmm_OR","CDFmm_OR/102","C1"
"1769","USA_2019","CDFmm_OR","CDFmm_OR/102","B1"
"1770","USA_2019","CDFmm_OR","CDFmm_OR/102","A1"
"1771","USA_2019","CDFmm_OR","CDFmm_OR/103","D2"
"1772","USA_2019","CDFmm_OR","CDFmm_OR/103","C2"
"1773","USA_2019","CDFmm_OR","CDFmm_OR/103","B2"
"1774","USA_2019","CDFmm_OR","CDFmm_OR/103","A2"
"1775","USA_2019","CDFmm_OR","CDFmm_OR/110","C5"
"1776","USA_2019","CDFmm_OR","CDFmm_OR/110","B5"
"1777","USA_2019","CDFmm_OR","CDFmm_OR/111","C6"
"1778","USA_2019","CDFmm_OR","CDFmm_OR/111","B6"
"1779","USA_2019","CDFmm_OR","CDFmm_OR/112","E5"
"1780","USA_2019","CDFmm_OR","CDFmm_OR/112","D5"
"1781","USA_2019","CDFmm_OR","CDFmm_OR/113","E6"
"1782","USA_2019","CDFmm_OR","CDFmm_OR/113","D6"
"1783","Add_2021","CDFmm_OR","CDFmm_OR/Ro","A0"
"1784","Add_2021","CDFmm_OR","CDFmm_OR/Ro","B0"
"1785","USA_2019","CDFmm_WA","CDFmm_WA/101","D4"
"1786","USA_2019","CDFmm_WA","CDFmm_WA/101","D3"
"1787","USA_2019","CDFmm_WA","CDFmm_WA/101","C4"
"1788","USA_2019","CDFmm_WA","CDFmm_WA/101","C3"
"1789","USA_2019","CDFmm_WA","CDFmm_WA/101","B4"
"1790","USA_2019","CDFmm_WA","CDFmm_WA/101","B3"
"1791","USA_2019","CDFmm_WA","CDFmm_WA/102","D1"
"1792","USA_2019","CDFmm_WA","CDFmm_WA/102","C1"
"1793","USA_2019","CDFmm_WA","CDFmm_WA/102","B1"
"1794","USA_2019","CDFmm_WA","CDFmm_WA/102","A1"
"1795","USA_2019","CDFmm_WA","CDFmm_WA/103","D2"
"1796","USA_2019","CDFmm_WA","CDFmm_WA/103","C2"
"1797","USA_2019","CDFmm_WA","CDFmm_WA/103","B2"
"1798","USA_2019","CDFmm_WA","CDFmm_WA/103","A2"
"1799","USA_2019","CDFmm_WA","CDFmm_WA/110","C5"
"1800","USA_2019","CDFmm_WA","CDFmm_WA/110","B5"
"1801","USA_2019","CDFmm_WA","CDFmm_WA/111","C6"
"1802","USA_2019","CDFmm_WA","CDFmm_WA/111","B6"
"1803","USA_2019","CDFmm_WA","CDFmm_WA/112","E5"
"1804","USA_2019","CDFmm_WA","CDFmm_WA/112","D5"
"1805","USA_2019","CDFmm_WA","CDFmm_WA/113","E6"
"1806","USA_2019","CDFmm_WA","CDFmm_WA/113","D6"
"1807","Add_2021","CDFmm_WA","CDFmm_WA/Ro","A0"
"1808","Add_2021","CDFmm_WA","CDFmm_WA/Ro","B0"
"1809","USA_2019","CDFxm_CA","CDFxm_CA/101","D4"
"1810","USA_2019","CDFxm_CA","CDFxm_CA/101","D3"
"1811","USA_2019","CDFxm_CA","CDFxm_CA/101","C4"
"1812","USA_2019","CDFxm_CA","CDFxm_CA/101","C3"
"1813","USA_2019","CDFxm_CA","CDFxm_CA/101","B4"
"1814","USA_2019","CDFxm_CA","CDFxm_CA/101","B3"
"1815","USA_2019","CDFxm_CA","CDFxm_CA/102","D1"
"1816","USA_2019","CDFxm_CA","CDFxm_CA/102","C1"
"1817","USA_2019","CDFxm_CA","CDFxm_CA/102","B1"
"1818","USA_2019","CDFxm_CA","CDFxm_CA/102","A1"
"1819","USA_2019","CDFxm_CA","CDFxm_CA/103","D2"
"1820","USA_2019","CDFxm_CA","CDFxm_CA/103","C2"
"1821","USA_2019","CDFxm_CA","CDFxm_CA/103","B2"
"1822","USA_2019","CDFxm_CA","CDFxm_CA/103","A2"
"1823","USA_2019","CDFxm_CA","CDFxm_CA/110","C5"
"1824","USA_2019","CDFxm_CA","CDFxm_CA/110","B5"
"1825","USA_2019","CDFxm_CA","CDFxm_CA/111","C6"
"1826","USA_2019","CDFxm_CA","CDFxm_CA/111","B6"
"1827","USA_2019","CDFxm_CA","CDFxm_CA/112","E5"
"1828","USA_2019","CDFxm_CA","CDFxm_CA/112","D5"
"1829","USA_2019","CDFxm_CA","CDFxm_CA/113","E6"
"1830","USA_2019","CDFxm_CA","CDFxm_CA/113","D6"
"1831","Add_2021","CDFxm_CA","CDFxm_CA/Ro","A0"
"1832","Add_2021","CDFxm_CA","CDFxm_CA/Ro","B0"
"1833","BECv10","CMAun","CMAun/00","E7"
"1834","BECv10","CMAun","CMAun/00","E6"
"1835","BECv10","CMAun","CMAun/00","E5"
"1836","BECv10","CMAun","CMAun/00","E4"
"1837","BECv10","CMAun","CMAun/00","E3"
"1838","BECv10","CMAun","CMAun/00","E2"
"1839","BECv10","CMAun","CMAun/00","E1"
"1840","BECv10","CMAun","CMAun/00","E0"
"1841","BECv10","CMAun","CMAun/00","D7"
"1842","BECv10","CMAun","CMAun/00","D6"
"1843","BECv10","CMAun","CMAun/00","D5"
"1844","BECv10","CMAun","CMAun/00","D4"
"1845","BECv10","CMAun","CMAun/00","D3"
"1846","BECv10","CMAun","CMAun/00","D2"
"1847","BECv10","CMAun","CMAun/00","D1"
"1848","BECv10","CMAun","CMAun/00","D0"
"1849","BECv10","CMAun","CMAun/00","C7"
"1850","BECv10","CMAun","CMAun/00","C6"
"1851","BECv10","CMAun","CMAun/00","C5"
"1852","BECv10","CMAun","CMAun/00","C4"
"1853","BECv10","CMAun","CMAun/00","C3"
"1854","BECv10","CMAun","CMAun/00","C2"
"1855","BECv10","CMAun","CMAun/00","C1"
"1856","BECv10","CMAun","CMAun/00","C0"
"1857","BECv10","CMAun","CMAun/00","B7"
"1858","BECv10","CMAun","CMAun/00","B6"
"1859","BECv10","CMAun","CMAun/00","B5"
"1860","BECv10","CMAun","CMAun/00","B4"
"1861","BECv10","CMAun","CMAun/00","B3"
"1862","BECv10","CMAun","CMAun/00","B2"
"1863","BECv10","CMAun","CMAun/00","B1"
"1864","BECv10","CMAun","CMAun/00","B0"
"1865","BECv10","CMAun","CMAun/00","A7"
"1866","BECv10","CMAun","CMAun/00","A6"
"1867","BECv10","CMAun","CMAun/00","A5"
"1868","BECv10","CMAun","CMAun/00","A4"
"1869","BECv10","CMAun","CMAun/00","A3"
"1870","BECv10","CMAun","CMAun/00","A2"
"1871","BECv10","CMAun","CMAun/00","A1"
"1872","BECv10","CMAun","CMAun/00","A0"
"1873","USA_2019","CMAun_CA","CMAun_CA/00","E7"
"1874","USA_2019","CMAun_CA","CMAun_CA/00","E6"
"1875","USA_2019","CMAun_CA","CMAun_CA/00","E5"
"1876","USA_2019","CMAun_CA","CMAun_CA/00","E4"
"1877","USA_2019","CMAun_CA","CMAun_CA/00","E3"
"1878","USA_2019","CMAun_CA","CMAun_CA/00","E2"
"1879","USA_2019","CMAun_CA","CMAun_CA/00","E1"
"1880","USA_2019","CMAun_CA","CMAun_CA/00","E0"
"1881","USA_2019","CMAun_CA","CMAun_CA/00","D7"
"1882","USA_2019","CMAun_CA","CMAun_CA/00","D6"
"1883","USA_2019","CMAun_CA","CMAun_CA/00","D5"
"1884","USA_2019","CMAun_CA","CMAun_CA/00","D4"
"1885","USA_2019","CMAun_CA","CMAun_CA/00","D3"
"1886","USA_2019","CMAun_CA","CMAun_CA/00","D2"
"1887","USA_2019","CMAun_CA","CMAun_CA/00","D1"
"1888","USA_2019","CMAun_CA","CMAun_CA/00","D0"
"1889","USA_2019","CMAun_CA","CMAun_CA/00","C7"
"1890","USA_2019","CMAun_CA","CMAun_CA/00","C6"
"1891","USA_2019","CMAun_CA","CMAun_CA/00","C5"
"1892","USA_2019","CMAun_CA","CMAun_CA/00","C4"
"1893","USA_2019","CMAun_CA","CMAun_CA/00","C3"
"1894","USA_2019","CMAun_CA","CMAun_CA/00","C2"
"1895","USA_2019","CMAun_CA","CMAun_CA/00","C1"
"1896","USA_2019","CMAun_CA","CMAun_CA/00","C0"
"1897","USA_2019","CMAun_CA","CMAun_CA/00","B7"
"1898","USA_2019","CMAun_CA","CMAun_CA/00","B6"
"1899","USA_2019","CMAun_CA","CMAun_CA/00","B5"
"1900","USA_2019","CMAun_CA","CMAun_CA/00","B4"
"1901","USA_2019","CMAun_CA","CMAun_CA/00","B3"
"1902","USA_2019","CMAun_CA","CMAun_CA/00","B2"
"1903","USA_2019","CMAun_CA","CMAun_CA/00","B1"
"1904","USA_2019","CMAun_CA","CMAun_CA/00","B0"
"1905","USA_2019","CMAun_CA","CMAun_CA/00","A7"
"1906","USA_2019","CMAun_CA","CMAun_CA/00","A6"
"1907","USA_2019","CMAun_CA","CMAun_CA/00","A5"
"1908","USA_2019","CMAun_CA","CMAun_CA/00","A4"
"1909","USA_2019","CMAun_CA","CMAun_CA/00","A3"
"1910","USA_2019","CMAun_CA","CMAun_CA/00","A2"
"1911","USA_2019","CMAun_CA","CMAun_CA/00","A1"
"1912","USA_2019","CMAun_CA","CMAun_CA/00","A0"
"1913","USA_2019","CMAun_OR","CMAun_OR/00","E7"
"1914","USA_2019","CMAun_OR","CMAun_OR/00","E6"
"1915","USA_2019","CMAun_OR","CMAun_OR/00","E5"
"1916","USA_2019","CMAun_OR","CMAun_OR/00","E4"
"1917","USA_2019","CMAun_OR","CMAun_OR/00","E3"
"1918","USA_2019","CMAun_OR","CMAun_OR/00","E2"
"1919","USA_2019","CMAun_OR","CMAun_OR/00","E1"
"1920","USA_2019","CMAun_OR","CMAun_OR/00","E0"
"1921","USA_2019","CMAun_OR","CMAun_OR/00","D7"
"1922","USA_2019","CMAun_OR","CMAun_OR/00","D6"
"1923","USA_2019","CMAun_OR","CMAun_OR/00","D5"
"1924","USA_2019","CMAun_OR","CMAun_OR/00","D4"
"1925","USA_2019","CMAun_OR","CMAun_OR/00","D3"
"1926","USA_2019","CMAun_OR","CMAun_OR/00","D2"
"1927","USA_2019","CMAun_OR","CMAun_OR/00","D1"
"1928","USA_2019","CMAun_OR","CMAun_OR/00","D0"
"1929","USA_2019","CMAun_OR","CMAun_OR/00","C7"
"1930","USA_2019","CMAun_OR","CMAun_OR/00","C6"
"1931","USA_2019","CMAun_OR","CMAun_OR/00","C5"
"1932","USA_2019","CMAun_OR","CMAun_OR/00","C4"
"1933","USA_2019","CMAun_OR","CMAun_OR/00","C3"
"1934","USA_2019","CMAun_OR","CMAun_OR/00","C2"
"1935","USA_2019","CMAun_OR","CMAun_OR/00","C1"
"1936","USA_2019","CMAun_OR","CMAun_OR/00","C0"
"1937","USA_2019","CMAun_OR","CMAun_OR/00","B7"
"1938","USA_2019","CMAun_OR","CMAun_OR/00","B6"
"1939","USA_2019","CMAun_OR","CMAun_OR/00","B5"
"1940","USA_2019","CMAun_OR","CMAun_OR/00","B4"
"1941","USA_2019","CMAun_OR","CMAun_OR/00","B3"
"1942","USA_2019","CMAun_OR","CMAun_OR/00","B2"
"1943","USA_2019","CMAun_OR","CMAun_OR/00","B1"
"1944","USA_2019","CMAun_OR","CMAun_OR/00","B0"
"1945","USA_2019","CMAun_OR","CMAun_OR/00","A7"
"1946","USA_2019","CMAun_OR","CMAun_OR/00","A6"
"1947","USA_2019","CMAun_OR","CMAun_OR/00","A5"
"1948","USA_2019","CMAun_OR","CMAun_OR/00","A4"
"1949","USA_2019","CMAun_OR","CMAun_OR/00","A3"
"1950","USA_2019","CMAun_OR","CMAun_OR/00","A2"
"1951","USA_2019","CMAun_OR","CMAun_OR/00","A1"
"1952","USA_2019","CMAun_OR","CMAun_OR/00","A0"
"1953","USA_2019","CMAun_WA","CMAun_WA/00","E7"
"1954","USA_2019","CMAun_WA","CMAun_WA/00","E6"
"1955","USA_2019","CMAun_WA","CMAun_WA/00","E5"
"1956","USA_2019","CMAun_WA","CMAun_WA/00","E4"
"1957","USA_2019","CMAun_WA","CMAun_WA/00","E3"
"1958","USA_2019","CMAun_WA","CMAun_WA/00","E2"
"1959","USA_2019","CMAun_WA","CMAun_WA/00","E1"
"1960","USA_2019","CMAun_WA","CMAun_WA/00","E0"
"1961","USA_2019","CMAun_WA","CMAun_WA/00","D7"
"1962","USA_2019","CMAun_WA","CMAun_WA/00","D6"
"1963","USA_2019","CMAun_WA","CMAun_WA/00","D5"
"1964","USA_2019","CMAun_WA","CMAun_WA/00","D4"
"1965","USA_2019","CMAun_WA","CMAun_WA/00","D3"
"1966","USA_2019","CMAun_WA","CMAun_WA/00","D2"
"1967","USA_2019","CMAun_WA","CMAun_WA/00","D1"
"1968","USA_2019","CMAun_WA","CMAun_WA/00","D0"
"1969","USA_2019","CMAun_WA","CMAun_WA/00","C7"
"1970","USA_2019","CMAun_WA","CMAun_WA/00","C6"
"1971","USA_2019","CMAun_WA","CMAun_WA/00","C5"
"1972","USA_2019","CMAun_WA","CMAun_WA/00","C4"
"1973","USA_2019","CMAun_WA","CMAun_WA/00","C3"
"1974","USA_2019","CMAun_WA","CMAun_WA/00","C2"
"1975","USA_2019","CMAun_WA","CMAun_WA/00","C1"
"1976","USA_2019","CMAun_WA","CMAun_WA/00","C0"
"1977","USA_2019","CMAun_WA","CMAun_WA/00","B7"
"1978","USA_2019","CMAun_WA","CMAun_WA/00","B6"
"1979","USA_2019","CMAun_WA","CMAun_WA/00","B5"
"1980","USA_2019","CMAun_WA","CMAun_WA/00","B4"
"1981","USA_2019","CMAun_WA","CMAun_WA/00","B3"
"1982","USA_2019","CMAun_WA","CMAun_WA/00","B2"
"1983","USA_2019","CMAun_WA","CMAun_WA/00","B1"
"1984","USA_2019","CMAun_WA","CMAun_WA/00","B0"
"1985","USA_2019","CMAun_WA","CMAun_WA/00","A7"
"1986","USA_2019","CMAun_WA","CMAun_WA/00","A6"
"1987","USA_2019","CMAun_WA","CMAun_WA/00","A5"
"1988","USA_2019","CMAun_WA","CMAun_WA/00","A4"
"1989","USA_2019","CMAun_WA","CMAun_WA/00","A3"
"1990","USA_2019","CMAun_WA","CMAun_WA/00","A2"
"1991","USA_2019","CMAun_WA","CMAun_WA/00","A1"
"1992","USA_2019","CMAun_WA","CMAun_WA/00","A0"
"1993","BECv10","CMAunp","CMAunp/00","E7"
"1994","BECv10","CMAunp","CMAunp/00","E6"
"1995","BECv10","CMAunp","CMAunp/00","E5"
"1996","BECv10","CMAunp","CMAunp/00","E4"
"1997","BECv10","CMAunp","CMAunp/00","E3"
"1998","BECv10","CMAunp","CMAunp/00","E2"
"1999","BECv10","CMAunp","CMAunp/00","E1"
"2000","BECv10","CMAunp","CMAunp/00","E0"
"2001","BECv10","CMAunp","CMAunp/00","D7"
"2002","BECv10","CMAunp","CMAunp/00","D6"
"2003","BECv10","CMAunp","CMAunp/00","D5"
"2004","BECv10","CMAunp","CMAunp/00","D4"
"2005","BECv10","CMAunp","CMAunp/00","D3"
"2006","BECv10","CMAunp","CMAunp/00","D2"
"2007","BECv10","CMAunp","CMAunp/00","D1"
"2008","BECv10","CMAunp","CMAunp/00","D0"
"2009","BECv10","CMAunp","CMAunp/00","C7"
"2010","BECv10","CMAunp","CMAunp/00","C6"
"2011","BECv10","CMAunp","CMAunp/00","C5"
"2012","BECv10","CMAunp","CMAunp/00","C4"
"2013","BECv10","CMAunp","CMAunp/00","C3"
"2014","BECv10","CMAunp","CMAunp/00","C2"
"2015","BECv10","CMAunp","CMAunp/00","C1"
"2016","BECv10","CMAunp","CMAunp/00","C0"
"2017","BECv10","CMAunp","CMAunp/00","B7"
"2018","BECv10","CMAunp","CMAunp/00","B6"
"2019","BECv10","CMAunp","CMAunp/00","B5"
"2020","BECv10","CMAunp","CMAunp/00","B4"
"2021","BECv10","CMAunp","CMAunp/00","B3"
"2022","BECv10","CMAunp","CMAunp/00","B2"
"2023","BECv10","CMAunp","CMAunp/00","B1"
"2024","BECv10","CMAunp","CMAunp/00","B0"
"2025","BECv10","CMAunp","CMAunp/00","A7"
"2026","BECv10","CMAunp","CMAunp/00","A6"
"2027","BECv10","CMAunp","CMAunp/00","A5"
"2028","BECv10","CMAunp","CMAunp/00","A4"
"2029","BECv10","CMAunp","CMAunp/00","A3"
"2030","BECv10","CMAunp","CMAunp/00","A2"
"2031","BECv10","CMAunp","CMAunp/00","A1"
"2032","BECv10","CMAunp","CMAunp/00","A0"
"2033","BECv10","CMAwh","CMAwh/00","E7"
"2034","BECv10","CMAwh","CMAwh/00","E6"
"2035","BECv10","CMAwh","CMAwh/00","E5"
"2036","BECv10","CMAwh","CMAwh/00","E4"
"2037","BECv10","CMAwh","CMAwh/00","E3"
"2038","BECv10","CMAwh","CMAwh/00","E2"
"2039","BECv10","CMAwh","CMAwh/00","E1"
"2040","BECv10","CMAwh","CMAwh/00","E0"
"2041","BECv10","CMAwh","CMAwh/00","D7"
"2042","BECv10","CMAwh","CMAwh/00","D6"
"2043","BECv10","CMAwh","CMAwh/00","D5"
"2044","BECv10","CMAwh","CMAwh/00","D4"
"2045","BECv10","CMAwh","CMAwh/00","D3"
"2046","BECv10","CMAwh","CMAwh/00","D2"
"2047","BECv10","CMAwh","CMAwh/00","D1"
"2048","BECv10","CMAwh","CMAwh/00","D0"
"2049","BECv10","CMAwh","CMAwh/00","C7"
"2050","BECv10","CMAwh","CMAwh/00","C6"
"2051","BECv10","CMAwh","CMAwh/00","C5"
"2052","BECv10","CMAwh","CMAwh/00","C4"
"2053","BECv10","CMAwh","CMAwh/00","C3"
"2054","BECv10","CMAwh","CMAwh/00","C2"
"2055","BECv10","CMAwh","CMAwh/00","C1"
"2056","BECv10","CMAwh","CMAwh/00","C0"
"2057","BECv10","CMAwh","CMAwh/00","B7"
"2058","BECv10","CMAwh","CMAwh/00","B6"
"2059","BECv10","CMAwh","CMAwh/00","B5"
"2060","BECv10","CMAwh","CMAwh/00","B4"
"2061","BECv10","CMAwh","CMAwh/00","B3"
"2062","BECv10","CMAwh","CMAwh/00","B2"
"2063","BECv10","CMAwh","CMAwh/00","B1"
"2064","BECv10","CMAwh","CMAwh/00","B0"
"2065","BECv10","CMAwh","CMAwh/00","A7"
"2066","BECv10","CMAwh","CMAwh/00","A6"
"2067","BECv10","CMAwh","CMAwh/00","A5"
"2068","BECv10","CMAwh","CMAwh/00","A4"
"2069","BECv10","CMAwh","CMAwh/00","A3"
"2070","BECv10","CMAwh","CMAwh/00","A2"
"2071","BECv10","CMAwh","CMAwh/00","A1"
"2072","BECv10","CMAwh","CMAwh/00","A0"
"2073","USA_2019","CMXdm_OR","CMXdm_OR/101","D4"
"2074","USA_2019","CMXdm_OR","CMXdm_OR/101","D3"
"2075","USA_2019","CMXdm_OR","CMXdm_OR/101","C4"
"2076","USA_2019","CMXdm_OR","CMXdm_OR/101","C3"
"2077","USA_2019","CMXdm_OR","CMXdm_OR/101","B4"
"2078","USA_2019","CMXdm_OR","CMXdm_OR/101","B3"
"2079","USA_2019","CMXdm_OR","CMXdm_OR/102","D1"
"2080","USA_2019","CMXdm_OR","CMXdm_OR/102","C1"
"2081","USA_2019","CMXdm_OR","CMXdm_OR/102","B1"
"2082","USA_2019","CMXdm_OR","CMXdm_OR/102","A1"
"2083","USA_2019","CMXdm_OR","CMXdm_OR/103","D2"
"2084","USA_2019","CMXdm_OR","CMXdm_OR/103","C2"
"2085","USA_2019","CMXdm_OR","CMXdm_OR/103","B2"
"2086","USA_2019","CMXdm_OR","CMXdm_OR/103","A2"
"2087","USA_2019","CMXdm_OR","CMXdm_OR/110","C5"
"2088","USA_2019","CMXdm_OR","CMXdm_OR/110","B5"
"2089","USA_2019","CMXdm_OR","CMXdm_OR/111","C6"
"2090","USA_2019","CMXdm_OR","CMXdm_OR/111","B6"
"2091","USA_2019","CMXdm_OR","CMXdm_OR/112","E5"
"2092","USA_2019","CMXdm_OR","CMXdm_OR/112","D5"
"2093","USA_2019","CMXdm_OR","CMXdm_OR/113","E6"
"2094","USA_2019","CMXdm_OR","CMXdm_OR/113","D6"
"2095","Add_2021","CMXdm_OR","CMXdm_OR/Ro","A0"
"2096","Add_2021","CMXdm_OR","CMXdm_OR/Ro","B0"
"2097","USA_2023","CMXmm_OR","CMXmm_OR/101","D4"
"2098","USA_2023","CMXmm_OR","CMXmm_OR/101","D3"
"2099","USA_2023","CMXmm_OR","CMXmm_OR/101","C4"
"2100","USA_2023","CMXmm_OR","CMXmm_OR/101","C3"
"2101","USA_2023","CMXmm_OR","CMXmm_OR/101","B4"
"2102","USA_2023","CMXmm_OR","CMXmm_OR/101","B3"
"2103","USA_2023","CMXmm_OR","CMXmm_OR/102","D1"
"2104","USA_2023","CMXmm_OR","CMXmm_OR/102","C1"
"2105","USA_2023","CMXmm_OR","CMXmm_OR/102","B1"
"2106","USA_2023","CMXmm_OR","CMXmm_OR/102","A1"
"2107","USA_2023","CMXmm_OR","CMXmm_OR/103","D2"
"2108","USA_2023","CMXmm_OR","CMXmm_OR/103","C2"
"2109","USA_2023","CMXmm_OR","CMXmm_OR/103","B2"
"2110","USA_2023","CMXmm_OR","CMXmm_OR/103","A2"
"2111","USA_2023","CMXmm_OR","CMXmm_OR/110","C5"
"2112","USA_2023","CMXmm_OR","CMXmm_OR/110","B5"
"2113","USA_2023","CMXmm_OR","CMXmm_OR/111","C6"
"2114","USA_2023","CMXmm_OR","CMXmm_OR/111","B6"
"2115","USA_2023","CMXmm_OR","CMXmm_OR/112","E5"
"2116","USA_2023","CMXmm_OR","CMXmm_OR/112","D5"
"2117","USA_2023","CMXmm_OR","CMXmm_OR/113","E6"
"2118","USA_2023","CMXmm_OR","CMXmm_OR/113","D6"
"2119","USA_2023","CMXmm_OR","CMXmm_OR/Ro","A0"
"2120","USA_2023","CMXmm_OR","CMXmm_OR/Ro","B0"
"2121","USA_2019","CMXwm_OR","CMXwm_OR/101","D4"
"2122","USA_2019","CMXwm_OR","CMXwm_OR/101","D3"
"2123","USA_2019","CMXwm_OR","CMXwm_OR/101","C4"
"2124","USA_2019","CMXwm_OR","CMXwm_OR/101","C3"
"2125","USA_2019","CMXwm_OR","CMXwm_OR/101","B4"
"2126","USA_2019","CMXwm_OR","CMXwm_OR/101","B3"
"2127","USA_2019","CMXwm_OR","CMXwm_OR/102","D1"
"2128","USA_2019","CMXwm_OR","CMXwm_OR/102","C1"
"2129","USA_2019","CMXwm_OR","CMXwm_OR/102","B1"
"2130","USA_2019","CMXwm_OR","CMXwm_OR/102","A1"
"2131","USA_2019","CMXwm_OR","CMXwm_OR/103","D2"
"2132","USA_2019","CMXwm_OR","CMXwm_OR/103","C2"
"2133","USA_2019","CMXwm_OR","CMXwm_OR/103","B2"
"2134","USA_2019","CMXwm_OR","CMXwm_OR/103","A2"
"2135","USA_2019","CMXwm_OR","CMXwm_OR/110","C5"
"2136","USA_2019","CMXwm_OR","CMXwm_OR/110","B5"
"2137","USA_2019","CMXwm_OR","CMXwm_OR/111","C6"
"2138","USA_2019","CMXwm_OR","CMXwm_OR/111","B6"
"2139","USA_2019","CMXwm_OR","CMXwm_OR/112","E5"
"2140","USA_2019","CMXwm_OR","CMXwm_OR/112","D5"
"2141","USA_2019","CMXwm_OR","CMXwm_OR/113","E6"
"2142","USA_2019","CMXwm_OR","CMXwm_OR/113","D6"
"2143","Add_2021","CMXwm_OR","CMXwm_OR/Ro","A0"
"2144","Add_2021","CMXwm_OR","CMXwm_OR/Ro","B0"
"2145","USA_2019","CMXxm_CA","CMXxm_CA/101","D4"
"2146","USA_2019","CMXxm_CA","CMXxm_CA/101","D3"
"2147","USA_2019","CMXxm_CA","CMXxm_CA/101","C4"
"2148","USA_2019","CMXxm_CA","CMXxm_CA/101","C3"
"2149","USA_2019","CMXxm_CA","CMXxm_CA/101","B4"
"2150","USA_2019","CMXxm_CA","CMXxm_CA/101","B3"
"2151","USA_2019","CMXxm_CA","CMXxm_CA/102","D1"
"2152","USA_2019","CMXxm_CA","CMXxm_CA/102","C1"
"2153","USA_2019","CMXxm_CA","CMXxm_CA/102","B1"
"2154","USA_2019","CMXxm_CA","CMXxm_CA/102","A1"
"2155","USA_2019","CMXxm_CA","CMXxm_CA/103","D2"
"2156","USA_2019","CMXxm_CA","CMXxm_CA/103","C2"
"2157","USA_2019","CMXxm_CA","CMXxm_CA/103","B2"
"2158","USA_2019","CMXxm_CA","CMXxm_CA/103","A2"
"2159","USA_2019","CMXxm_CA","CMXxm_CA/110","C5"
"2160","USA_2019","CMXxm_CA","CMXxm_CA/110","B5"
"2161","USA_2019","CMXxm_CA","CMXxm_CA/111","C6"
"2162","USA_2019","CMXxm_CA","CMXxm_CA/111","B6"
"2163","USA_2019","CMXxm_CA","CMXxm_CA/112","E5"
"2164","USA_2019","CMXxm_CA","CMXxm_CA/112","D5"
"2165","USA_2019","CMXxm_CA","CMXxm_CA/113","E6"
"2166","USA_2019","CMXxm_CA","CMXxm_CA/113","D6"
"2167","Add_2021","CMXxm_CA","CMXxm_CA/Ro","A0"
"2168","Add_2021","CMXxm_CA","CMXxm_CA/Ro","B0"
"2169","USA_2019","CRFdh_CA","CRFdh_CA/101","D4"
"2170","USA_2019","CRFdh_CA","CRFdh_CA/101","D3"
"2171","USA_2019","CRFdh_CA","CRFdh_CA/101","C4"
"2172","USA_2019","CRFdh_CA","CRFdh_CA/101","C3"
"2173","USA_2019","CRFdh_CA","CRFdh_CA/101","B4"
"2174","USA_2019","CRFdh_CA","CRFdh_CA/101","B3"
"2175","USA_2019","CRFdh_CA","CRFdh_CA/102","D1"
"2176","USA_2019","CRFdh_CA","CRFdh_CA/102","C1"
"2177","USA_2019","CRFdh_CA","CRFdh_CA/102","B1"
"2178","USA_2019","CRFdh_CA","CRFdh_CA/102","A1"
"2179","USA_2019","CRFdh_CA","CRFdh_CA/103","D2"
"2180","USA_2019","CRFdh_CA","CRFdh_CA/103","C2"
"2181","USA_2019","CRFdh_CA","CRFdh_CA/103","B2"
"2182","USA_2019","CRFdh_CA","CRFdh_CA/103","A2"
"2183","USA_2019","CRFdh_CA","CRFdh_CA/110","E5"
"2184","USA_2019","CRFdh_CA","CRFdh_CA/110","D5"
"2185","USA_2019","CRFdh_CA","CRFdh_CA/110","C5"
"2186","USA_2019","CRFdh_CA","CRFdh_CA/110","B5"
"2187","USA_2019","CRFdh_CA","CRFdh_CA/111","E6"
"2188","USA_2019","CRFdh_CA","CRFdh_CA/111","D6"
"2189","USA_2019","CRFdh_CA","CRFdh_CA/111","C6"
"2190","USA_2019","CRFdh_CA","CRFdh_CA/111","B6"
"2191","Add_2021","CRFdh_CA","CRFdh_CA/Ro","A0"
"2192","Add_2021","CRFdh_CA","CRFdh_CA/Ro","B0"
"2193","USA_2019","CVGdm_CA","CVGdm_CA/110","E5"
"2194","USA_2019","CVGdm_CA","CVGdm_CA/110","D5"
"2195","USA_2019","CVGdm_CA","CVGdm_CA/110","C5"
"2196","USA_2019","CVGdm_CA","CVGdm_CA/110","B5"
"2197","USA_2019","CVGdm_CA","CVGdm_CA/111","E6"
"2198","USA_2019","CVGdm_CA","CVGdm_CA/111","D6"
"2199","USA_2019","CVGdm_CA","CVGdm_CA/111","C6"
"2200","USA_2019","CVGdm_CA","CVGdm_CA/111","B6"
"2201","USA_2019","CVGdm_CA","CVGdm_CA/Gg","D4"
"2202","USA_2019","CVGdm_CA","CVGdm_CA/Gg","D3"
"2203","USA_2019","CVGdm_CA","CVGdm_CA/Gg","D2"
"2204","USA_2019","CVGdm_CA","CVGdm_CA/Gg","D1"
"2205","USA_2019","CVGdm_CA","CVGdm_CA/Gg","C4"
"2206","USA_2019","CVGdm_CA","CVGdm_CA/Gg","C3"
"2207","USA_2019","CVGdm_CA","CVGdm_CA/Gg","C2"
"2208","USA_2019","CVGdm_CA","CVGdm_CA/Gg","C1"
"2209","USA_2019","CVGdm_CA","CVGdm_CA/Gg","B4"
"2210","USA_2019","CVGdm_CA","CVGdm_CA/Gg","B3"
"2211","USA_2019","CVGdm_CA","CVGdm_CA/Gg","B2"
"2212","USA_2019","CVGdm_CA","CVGdm_CA/Gg","B1"
"2213","USA_2019","CVGdm_CA","CVGdm_CA/Gg","A2"
"2214","USA_2019","CVGdm_CA","CVGdm_CA/Gg","A1"
"2215","Add_2021","CVGdm_CA","CVGdm_CA/Ro","A0"
"2216","Add_2021","CVGdm_CA","CVGdm_CA/Ro","B0"
"2217","USA_2023","CWFdm_OR","CWFdm_OR/101","D4"
"2218","USA_2023","CWFdm_OR","CWFdm_OR/101","D3"
"2219","USA_2023","CWFdm_OR","CWFdm_OR/101","C4"
"2220","USA_2023","CWFdm_OR","CWFdm_OR/101","C3"
"2221","USA_2023","CWFdm_OR","CWFdm_OR/101","B4"
"2222","USA_2023","CWFdm_OR","CWFdm_OR/101","B3"
"2223","USA_2023","CWFdm_OR","CWFdm_OR/102","D1"
"2224","USA_2023","CWFdm_OR","CWFdm_OR/102","C1"
"2225","USA_2023","CWFdm_OR","CWFdm_OR/102","B1"
"2226","USA_2023","CWFdm_OR","CWFdm_OR/102","A1"
"2227","USA_2023","CWFdm_OR","CWFdm_OR/103","D2"
"2228","USA_2023","CWFdm_OR","CWFdm_OR/103","C2"
"2229","USA_2023","CWFdm_OR","CWFdm_OR/103","B2"
"2230","USA_2023","CWFdm_OR","CWFdm_OR/103","A2"
"2231","USA_2023","CWFdm_OR","CWFdm_OR/110","C5"
"2232","USA_2023","CWFdm_OR","CWFdm_OR/110","B5"
"2233","USA_2023","CWFdm_OR","CWFdm_OR/111","C6"
"2234","USA_2023","CWFdm_OR","CWFdm_OR/111","B6"
"2235","USA_2023","CWFdm_OR","CWFdm_OR/112","E5"
"2236","USA_2023","CWFdm_OR","CWFdm_OR/112","D5"
"2237","USA_2023","CWFdm_OR","CWFdm_OR/113","E6"
"2238","USA_2023","CWFdm_OR","CWFdm_OR/113","D6"
"2239","USA_2023","CWFdm_OR","CWFdm_OR/Ro","A0"
"2240","USA_2023","CWFdm_OR","CWFdm_OR/Ro","B0"
"2241","USA_2019","CWFds_CA","CWFds_CA/101","D4"
"2242","USA_2019","CWFds_CA","CWFds_CA/101","D3"
"2243","USA_2019","CWFds_CA","CWFds_CA/101","C4"
"2244","USA_2019","CWFds_CA","CWFds_CA/101","C3"
"2245","USA_2019","CWFds_CA","CWFds_CA/101","B4"
"2246","USA_2019","CWFds_CA","CWFds_CA/101","B3"
"2247","USA_2019","CWFds_CA","CWFds_CA/102","D2"
"2248","USA_2019","CWFds_CA","CWFds_CA/102","D1"
"2249","USA_2019","CWFds_CA","CWFds_CA/102","C2"
"2250","USA_2019","CWFds_CA","CWFds_CA/102","C1"
"2251","USA_2019","CWFds_CA","CWFds_CA/102","B2"
"2252","USA_2019","CWFds_CA","CWFds_CA/102","B1"
"2253","USA_2019","CWFds_CA","CWFds_CA/102","A2"
"2254","USA_2019","CWFds_CA","CWFds_CA/102","A1"
"2255","USA_2019","CWFds_CA","CWFds_CA/110","E6"
"2256","USA_2019","CWFds_CA","CWFds_CA/110","E5"
"2257","USA_2019","CWFds_CA","CWFds_CA/110","D6"
"2258","USA_2019","CWFds_CA","CWFds_CA/110","D5"
"2259","USA_2019","CWFds_CA","CWFds_CA/110","C6"
"2260","USA_2019","CWFds_CA","CWFds_CA/110","C5"
"2261","USA_2019","CWFds_CA","CWFds_CA/110","B6"
"2262","USA_2019","CWFds_CA","CWFds_CA/110","B5"
"2263","Add_2021","CWFds_CA","CWFds_CA/Ro","A0"
"2264","Add_2021","CWFds_CA","CWFds_CA/Ro","B0"
"2265","USA_2019","CWFmm_OR","CWFmm_OR/101","D4"
"2266","USA_2019","CWFmm_OR","CWFmm_OR/101","D3"
"2267","USA_2019","CWFmm_OR","CWFmm_OR/101","C4"
"2268","USA_2019","CWFmm_OR","CWFmm_OR/101","C3"
"2269","USA_2019","CWFmm_OR","CWFmm_OR/101","B4"
"2270","USA_2019","CWFmm_OR","CWFmm_OR/101","B3"
"2271","USA_2019","CWFmm_OR","CWFmm_OR/102","D1"
"2272","USA_2019","CWFmm_OR","CWFmm_OR/102","C1"
"2273","USA_2019","CWFmm_OR","CWFmm_OR/102","B1"
"2274","USA_2019","CWFmm_OR","CWFmm_OR/102","A1"
"2275","USA_2019","CWFmm_OR","CWFmm_OR/103","D2"
"2276","USA_2019","CWFmm_OR","CWFmm_OR/103","C2"
"2277","USA_2019","CWFmm_OR","CWFmm_OR/103","B2"
"2278","USA_2019","CWFmm_OR","CWFmm_OR/103","A2"
"2279","USA_2019","CWFmm_OR","CWFmm_OR/110","C5"
"2280","USA_2019","CWFmm_OR","CWFmm_OR/110","B5"
"2281","USA_2019","CWFmm_OR","CWFmm_OR/111","C6"
"2282","USA_2019","CWFmm_OR","CWFmm_OR/111","B6"
"2283","USA_2019","CWFmm_OR","CWFmm_OR/112","E5"
"2284","USA_2019","CWFmm_OR","CWFmm_OR/112","D5"
"2285","USA_2019","CWFmm_OR","CWFmm_OR/113","E6"
"2286","USA_2019","CWFmm_OR","CWFmm_OR/113","D6"
"2287","Add_2021","CWFmm_OR","CWFmm_OR/Ro","A0"
"2288","Add_2021","CWFmm_OR","CWFmm_OR/Ro","B0"
"2289","USA_2019","CWFwm_OR","CWFwm_OR/101","D4"
"2290","USA_2019","CWFwm_OR","CWFwm_OR/101","D3"
"2291","USA_2019","CWFwm_OR","CWFwm_OR/101","C4"
"2292","USA_2019","CWFwm_OR","CWFwm_OR/101","C3"
"2293","USA_2019","CWFwm_OR","CWFwm_OR/101","B4"
"2294","USA_2019","CWFwm_OR","CWFwm_OR/101","B3"
"2295","USA_2019","CWFwm_OR","CWFwm_OR/102","D1"
"2296","USA_2019","CWFwm_OR","CWFwm_OR/102","C1"
"2297","USA_2019","CWFwm_OR","CWFwm_OR/102","B1"
"2298","USA_2019","CWFwm_OR","CWFwm_OR/102","A1"
"2299","USA_2019","CWFwm_OR","CWFwm_OR/103","D2"
"2300","USA_2019","CWFwm_OR","CWFwm_OR/103","C2"
"2301","USA_2019","CWFwm_OR","CWFwm_OR/103","B2"
"2302","USA_2019","CWFwm_OR","CWFwm_OR/103","A2"
"2303","USA_2019","CWFwm_OR","CWFwm_OR/110","E5"
"2304","USA_2019","CWFwm_OR","CWFwm_OR/110","D5"
"2305","USA_2019","CWFwm_OR","CWFwm_OR/110","C5"
"2306","USA_2019","CWFwm_OR","CWFwm_OR/110","B5"
"2307","USA_2019","CWFwm_OR","CWFwm_OR/111","C6"
"2308","USA_2019","CWFwm_OR","CWFwm_OR/111","B6"
"2309","USA_2019","CWFwm_OR","CWFwm_OR/113","E6"
"2310","USA_2019","CWFwm_OR","CWFwm_OR/113","D6"
"2311","Add_2021","CWFwm_OR","CWFwm_OR/Ro","A0"
"2312","Add_2021","CWFwm_OR","CWFwm_OR/Ro","B0"
"2313","USA_2023","CWHdm_OC","CWHdm_OC/101","D4"
"2314","USA_2023","CWHdm_OC","CWHdm_OC/101","D3"
"2315","USA_2023","CWHdm_OC","CWHdm_OC/101","C4"
"2316","USA_2023","CWHdm_OC","CWHdm_OC/101","C3"
"2317","USA_2023","CWHdm_OC","CWHdm_OC/101","B4"
"2318","USA_2023","CWHdm_OC","CWHdm_OC/101","B3"
"2319","USA_2023","CWHdm_OC","CWHdm_OC/102","D1"
"2320","USA_2023","CWHdm_OC","CWHdm_OC/102","C1"
"2321","USA_2023","CWHdm_OC","CWHdm_OC/102","B1"
"2322","USA_2023","CWHdm_OC","CWHdm_OC/102","A1"
"2323","USA_2023","CWHdm_OC","CWHdm_OC/103","D2"
"2324","USA_2023","CWHdm_OC","CWHdm_OC/103","C2"
"2325","USA_2023","CWHdm_OC","CWHdm_OC/103","B2"
"2326","USA_2023","CWHdm_OC","CWHdm_OC/103","A2"
"2327","USA_2023","CWHdm_OC","CWHdm_OC/110","C5"
"2328","USA_2023","CWHdm_OC","CWHdm_OC/110","B5"
"2329","USA_2023","CWHdm_OC","CWHdm_OC/111","C6"
"2330","USA_2023","CWHdm_OC","CWHdm_OC/111","B6"
"2331","USA_2023","CWHdm_OC","CWHdm_OC/112","E5"
"2332","USA_2023","CWHdm_OC","CWHdm_OC/112","D5"
"2333","USA_2023","CWHdm_OC","CWHdm_OC/113","E6"
"2334","USA_2023","CWHdm_OC","CWHdm_OC/113","D6"
"2335","USA_2023","CWHdm_OC","CWHdm_OC/Ro","A0"
"2336","USA_2023","CWHdm_OC","CWHdm_OC/Ro","B0"
"2337","USA_2019","CWHdm_OR","CWHdm_OR/101","D4"
"2338","USA_2019","CWHdm_OR","CWHdm_OR/101","D3"
"2339","USA_2019","CWHdm_OR","CWHdm_OR/101","C4"
"2340","USA_2019","CWHdm_OR","CWHdm_OR/101","C3"
"2341","USA_2019","CWHdm_OR","CWHdm_OR/101","B4"
"2342","USA_2019","CWHdm_OR","CWHdm_OR/101","B3"
"2343","USA_2019","CWHdm_OR","CWHdm_OR/102","D1"
"2344","USA_2019","CWHdm_OR","CWHdm_OR/102","C1"
"2345","USA_2019","CWHdm_OR","CWHdm_OR/102","B1"
"2346","USA_2019","CWHdm_OR","CWHdm_OR/102","A1"
"2347","USA_2019","CWHdm_OR","CWHdm_OR/103","D2"
"2348","USA_2019","CWHdm_OR","CWHdm_OR/103","C2"
"2349","USA_2019","CWHdm_OR","CWHdm_OR/103","B2"
"2350","USA_2019","CWHdm_OR","CWHdm_OR/103","A2"
"2351","USA_2019","CWHdm_OR","CWHdm_OR/110","C5"
"2352","USA_2019","CWHdm_OR","CWHdm_OR/110","B5"
"2353","USA_2019","CWHdm_OR","CWHdm_OR/111","C6"
"2354","USA_2019","CWHdm_OR","CWHdm_OR/111","B6"
"2355","USA_2019","CWHdm_OR","CWHdm_OR/112","E5"
"2356","USA_2019","CWHdm_OR","CWHdm_OR/112","D5"
"2357","USA_2019","CWHdm_OR","CWHdm_OR/113","E6"
"2358","USA_2019","CWHdm_OR","CWHdm_OR/113","D6"
"2359","Add_2021","CWHdm_OR","CWHdm_OR/Ro","A0"
"2360","Add_2021","CWHdm_OR","CWHdm_OR/Ro","B0"
"2361","USA_2019","CWHdm_WA","CWHdm_WA/101","D4"
"2362","USA_2019","CWHdm_WA","CWHdm_WA/101","D3"
"2363","USA_2019","CWHdm_WA","CWHdm_WA/101","C4"
"2364","USA_2019","CWHdm_WA","CWHdm_WA/101","C3"
"2365","USA_2019","CWHdm_WA","CWHdm_WA/101","B4"
"2366","USA_2019","CWHdm_WA","CWHdm_WA/101","B3"
"2367","USA_2019","CWHdm_WA","CWHdm_WA/102","D1"
"2368","USA_2019","CWHdm_WA","CWHdm_WA/102","C1"
"2369","USA_2019","CWHdm_WA","CWHdm_WA/102","B1"
"2370","USA_2019","CWHdm_WA","CWHdm_WA/102","A1"
"2371","USA_2019","CWHdm_WA","CWHdm_WA/103","D2"
"2372","USA_2019","CWHdm_WA","CWHdm_WA/103","C2"
"2373","USA_2019","CWHdm_WA","CWHdm_WA/103","B2"
"2374","USA_2019","CWHdm_WA","CWHdm_WA/103","A2"
"2375","USA_2019","CWHdm_WA","CWHdm_WA/110","C5"
"2376","USA_2019","CWHdm_WA","CWHdm_WA/110","B5"
"2377","USA_2019","CWHdm_WA","CWHdm_WA/111","C6"
"2378","USA_2019","CWHdm_WA","CWHdm_WA/111","B6"
"2379","USA_2019","CWHdm_WA","CWHdm_WA/112","E5"
"2380","USA_2019","CWHdm_WA","CWHdm_WA/112","D5"
"2381","USA_2019","CWHdm_WA","CWHdm_WA/113","E6"
"2382","USA_2019","CWHdm_WA","CWHdm_WA/113","D6"
"2383","Add_2021","CWHdm_WA","CWHdm_WA/Ro","A0"
"2384","Add_2021","CWHdm_WA","CWHdm_WA/Ro","B0"
"2385","USA_2023","CWHdm_WC","CWHdm_WC/101","D4"
"2386","USA_2023","CWHdm_WC","CWHdm_WC/101","D3"
"2387","USA_2023","CWHdm_WC","CWHdm_WC/101","C4"
"2388","USA_2023","CWHdm_WC","CWHdm_WC/101","C3"
"2389","USA_2023","CWHdm_WC","CWHdm_WC/101","B4"
"2390","USA_2023","CWHdm_WC","CWHdm_WC/101","B3"
"2391","USA_2023","CWHdm_WC","CWHdm_WC/102","D1"
"2392","USA_2023","CWHdm_WC","CWHdm_WC/102","C1"
"2393","USA_2023","CWHdm_WC","CWHdm_WC/102","B1"
"2394","USA_2023","CWHdm_WC","CWHdm_WC/102","A1"
"2395","USA_2023","CWHdm_WC","CWHdm_WC/103","D2"
"2396","USA_2023","CWHdm_WC","CWHdm_WC/103","C2"
"2397","USA_2023","CWHdm_WC","CWHdm_WC/103","B2"
"2398","USA_2023","CWHdm_WC","CWHdm_WC/103","A2"
"2399","USA_2023","CWHdm_WC","CWHdm_WC/110","C5"
"2400","USA_2023","CWHdm_WC","CWHdm_WC/110","B5"
"2401","USA_2023","CWHdm_WC","CWHdm_WC/111","C6"
"2402","USA_2023","CWHdm_WC","CWHdm_WC/111","B6"
"2403","USA_2023","CWHdm_WC","CWHdm_WC/112","E5"
"2404","USA_2023","CWHdm_WC","CWHdm_WC/112","D5"
"2405","USA_2023","CWHdm_WC","CWHdm_WC/113","E6"
"2406","USA_2023","CWHdm_WC","CWHdm_WC/113","D6"
"2407","USA_2023","CWHdm_WC","CWHdm_WC/Ro","A0"
"2408","USA_2023","CWHdm_WC","CWHdm_WC/Ro","B0"
"2409","BECv13","CWHdm1","CWHdm1/101","A3"
"2410","BECv13","CWHdm1","CWHdm1/101","B3"
"2411","BECv13","CWHdm1","CWHdm1/101","C3"
"2412","BECv13","CWHdm1","CWHdm1/101","C4"
"2413","BECv13","CWHdm1","CWHdm1/101","B4"
"2414","BECv13","CWHdm1","CWHdm1/101","A4"
"2415","BECv13","CWHdm1","CWHdm1/101a","A3"
"2416","BECv13","CWHdm1","CWHdm1/101a","A4"
"2417","BECv13","CWHdm1","CWHdm1/101a","B4"
"2418","BECv13","CWHdm1","CWHdm1/101a","B3"
"2419","BECv13","CWHdm1","CWHdm1/101a","C3"
"2420","BECv13","CWHdm1","CWHdm1/101a","C4"
"2421","BECv13","CWHdm1","CWHdm1/101b","A3"
"2422","BECv13","CWHdm1","CWHdm1/101b","B3"
"2423","BECv13","CWHdm1","CWHdm1/101b","C3"
"2424","BECv13","CWHdm1","CWHdm1/101b","C4"
"2425","BECv13","CWHdm1","CWHdm1/101b","B4"
"2426","BECv13","CWHdm1","CWHdm1/101b","A4"
"2427","BECv13","CWHdm1","CWHdm1/102","A0"
"2428","BECv13","CWHdm1","CWHdm1/102","B0"
"2429","BECv13","CWHdm1","CWHdm1/102","C0"
"2430","BECv13","CWHdm1","CWHdm1/102","C1"
"2431","BECv13","CWHdm1","CWHdm1/102","B1"
"2432","BECv13","CWHdm1","CWHdm1/102","A1"
"2433","BECv13","CWHdm1","CWHdm1/103","A1"
"2434","BECv13","CWHdm1","CWHdm1/103","B1"
"2435","BECv13","CWHdm1","CWHdm1/103","C1"
"2436","BECv13","CWHdm1","CWHdm1/103","C2"
"2437","BECv13","CWHdm1","CWHdm1/103","B2"
"2438","BECv13","CWHdm1","CWHdm1/103","A2"
"2439","BECv13","CWHdm1","CWHdm1/104","D1"
"2440","BECv13","CWHdm1","CWHdm1/104","E1"
"2441","BECv13","CWHdm1","CWHdm1/104","E2"
"2442","BECv13","CWHdm1","CWHdm1/104","D2"
"2443","BECv13","CWHdm1","CWHdm1/110","D3"
"2444","BECv13","CWHdm1","CWHdm1/110","E3"
"2445","BECv13","CWHdm1","CWHdm1/110","E4"
"2446","BECv13","CWHdm1","CWHdm1/110","D4"
"2447","BECv13","CWHdm1","CWHdm1/111","A5"
"2448","BECv13","CWHdm1","CWHdm1/111","A6"
"2449","BECv13","CWHdm1","CWHdm1/111","B5"
"2450","BECv13","CWHdm1","CWHdm1/111","C5"
"2451","BECv13","CWHdm1","CWHdm1/111","C6"
"2452","BECv13","CWHdm1","CWHdm1/111","B6"
"2453","BECv13","CWHdm1","CWHdm1/112","C5"
"2454","BECv13","CWHdm1","CWHdm1/112","D5"
"2455","BECv13","CWHdm1","CWHdm1/112","E5"
"2456","BECv13","CWHdm1","CWHdm1/112","E6"
"2457","BECv13","CWHdm1","CWHdm1/112","D6"
"2458","BECv13","CWHdm1","CWHdm1/112","C6"
"2459","BECv13","CWHdm1","CWHdm1/112a","C5"
"2460","BECv13","CWHdm1","CWHdm1/112a","D5"
"2461","BECv13","CWHdm1","CWHdm1/112a","E5"
"2462","BECv13","CWHdm1","CWHdm1/112a","E6"
"2463","BECv13","CWHdm1","CWHdm1/112a","D6"
"2464","BECv13","CWHdm1","CWHdm1/112a","C6"
"2465","BECv13","CWHdm1","CWHdm1/112b","C5"
"2466","BECv13","CWHdm1","CWHdm1/112b","D5"
"2467","BECv13","CWHdm1","CWHdm1/112b","E5"
"2468","BECv13","CWHdm1","CWHdm1/112b","E6"
"2469","BECv13","CWHdm1","CWHdm1/112b","D6"
"2470","BECv13","CWHdm1","CWHdm1/112b","C6"
"2471","BECv13","CWHdm1","CWHdm1/113","C5"
"2472","BECv13","CWHdm1","CWHdm1/113","D5"
"2473","BECv13","CWHdm1","CWHdm1/113","E5"
"2474","BECv13","CWHdm1","CWHdm1/113","E6"
"2475","BECv13","CWHdm1","CWHdm1/113","D6"
"2476","BECv13","CWHdm1","CWHdm1/113","C6"
"2477","BECv13","CWHdm1","CWHdm1/Fl51","E6"
"2478","BECv13","CWHdm1","CWHdm1/Fl51","E5"
"2479","BECv13","CWHdm1","CWHdm1/Fl51","D5"
"2480","BECv13","CWHdm1","CWHdm1/Fl51","C5"
"2481","BECv13","CWHdm1","CWHdm1/Fl51","C6"
"2482","BECv13","CWHdm1","CWHdm1/Fl51","D6"
"2483","BECv13","CWHdm1","CWHdm1/Fm51","E5"
"2484","BECv13","CWHdm1","CWHdm1/Fm51","D5"
"2485","BECv13","CWHdm1","CWHdm1/Fm51","C5"
"2486","BECv13","CWHdm1","CWHdm1/Fm51","C6"
"2487","BECv13","CWHdm1","CWHdm1/Fm51","D6"
"2488","BECv13","CWHdm1","CWHdm1/Fm51","E6"
"2489","BECv13","CWHdm1","CWHdm1/Fm52","E5"
"2490","BECv13","CWHdm1","CWHdm1/Fm52","D5"
"2491","BECv13","CWHdm1","CWHdm1/Fm52","C5"
"2492","BECv13","CWHdm1","CWHdm1/Fm52","C6"
"2493","BECv13","CWHdm1","CWHdm1/Fm52","D6"
"2494","BECv13","CWHdm1","CWHdm1/Fm52","E6"
"2495","BECv13","CWHdm1","CWHdm1/Ro","A0"
"2496","BECv13","CWHdm1","CWHdm1/Ro","B0"
"2497","BECv13","CWHdm1","CWHdm1/Ro","C0"
"2498","BECv13","CWHdm1","CWHdm1/Wb55","A7"
"2499","BECv13","CWHdm1","CWHdm1/Wb55","B7"
"2500","BECv13","CWHdm1","CWHdm1/Wsxx","E7"
"2501","BECv13","CWHdm1","CWHdm1/Wsxx","D7"
"2502","BECv13","CWHdm1","CWHdm1/Wsxx","C7"
"2503","BECv13","CWHdm1","CWHdm1/Wsxx","C6"
"2504","BECv13","CWHdm1","CWHdm1/Wsxx","D6"
"2505","BECv13","CWHdm1","CWHdm1/Wsxx","E6"
"2506","BECv13","CWHdm1","CWHdm1/Ws57","E7"
"2507","BECv13","CWHdm1","CWHdm1/Ws57","D7"
"2508","BECv13","CWHdm1","CWHdm1/Ws57","C7"
"2509","BECv13","CWHdm1","CWHdm1/Ws57","C6"
"2510","BECv13","CWHdm1","CWHdm1/Ws57","D6"
"2511","BECv13","CWHdm1","CWHdm1/Ws57","E6"
"2512","BECv13","CWHdm1","CWHdm1/Ws60","E7"
"2513","BECv13","CWHdm1","CWHdm1/Ws60","D7"
"2514","BECv13","CWHdm1","CWHdm1/Ws60","C7"
"2515","BECv13","CWHdm1","CWHdm1/Ws60","C6"
"2516","BECv13","CWHdm1","CWHdm1/Ws60","D6"
"2517","BECv13","CWHdm1","CWHdm1/Ws60","E6"
"2518","BECv13","CWHdm1","CWHdm1/Ws61","E7"
"2519","BECv13","CWHdm1","CWHdm1/Ws61","D7"
"2520","BECv13","CWHdm1","CWHdm1/Ws61","C7"
"2521","BECv13","CWHdm1","CWHdm1/Ws61","C6"
"2522","BECv13","CWHdm1","CWHdm1/Ws61","D6"
"2523","BECv13","CWHdm1","CWHdm1/Ws61","E6"
"2524","BECv13","CWHdm1","CWHdm1/Ws62","E7"
"2525","BECv13","CWHdm1","CWHdm1/Ws62","D7"
"2526","BECv13","CWHdm1","CWHdm1/Ws62","C7"
"2527","BECv13","CWHdm1","CWHdm1/Ws62","C6"
"2528","BECv13","CWHdm1","CWHdm1/Ws62","D6"
"2529","BECv13","CWHdm1","CWHdm1/Ws62","E6"
"2530","BECv13","CWHdm2","CWHdm2/101","A3"
"2531","BECv13","CWHdm2","CWHdm2/101","A4"
"2532","BECv13","CWHdm2","CWHdm2/101","B4"
"2533","BECv13","CWHdm2","CWHdm2/101","B3"
"2534","BECv13","CWHdm2","CWHdm2/101","C3"
"2535","BECv13","CWHdm2","CWHdm2/101","C4"
"2536","BECv13","CWHdm2","CWHdm2/102","A0"
"2537","BECv13","CWHdm2","CWHdm2/102","B0"
"2538","BECv13","CWHdm2","CWHdm2/102","C0"
"2539","BECv13","CWHdm2","CWHdm2/103","A1"
"2540","BECv13","CWHdm2","CWHdm2/103","B1"
"2541","BECv13","CWHdm2","CWHdm2/103","C1"
"2542","BECv13","CWHdm2","CWHdm2/104","A1"
"2543","BECv13","CWHdm2","CWHdm2/104","A2"
"2544","BECv13","CWHdm2","CWHdm2/104","B1"
"2545","BECv13","CWHdm2","CWHdm2/104","B2"
"2546","BECv13","CWHdm2","CWHdm2/104","C1"
"2547","BECv13","CWHdm2","CWHdm2/104","C2"
"2548","BECv13","CWHdm2","CWHdm2/105","D1"
"2549","BECv13","CWHdm2","CWHdm2/105","D2"
"2550","BECv13","CWHdm2","CWHdm2/105","E1"
"2551","BECv13","CWHdm2","CWHdm2/105","E2"
"2552","BECv13","CWHdm2","CWHdm2/110","D3"
"2553","BECv13","CWHdm2","CWHdm2/110","E3"
"2554","BECv13","CWHdm2","CWHdm2/110","E4"
"2555","BECv13","CWHdm2","CWHdm2/110","D4"
"2556","BECv13","CWHdm2","CWHdm2/111","A6"
"2557","BECv13","CWHdm2","CWHdm2/111","A5"
"2558","BECv13","CWHdm2","CWHdm2/111","B5"
"2559","BECv13","CWHdm2","CWHdm2/111","B6"
"2560","BECv13","CWHdm2","CWHdm2/111","C5"
"2561","BECv13","CWHdm2","CWHdm2/111","C6"
"2562","BECv13","CWHdm2","CWHdm2/112","E5"
"2563","BECv13","CWHdm2","CWHdm2/112","D5"
"2564","BECv13","CWHdm2","CWHdm2/112","D6"
"2565","BECv13","CWHdm2","CWHdm2/112","E6"
"2566","BECv13","CWHdm2","CWHdm2/112.1","E5"
"2567","BECv13","CWHdm2","CWHdm2/112.1","D5"
"2568","BECv13","CWHdm2","CWHdm2/112.1","D6"
"2569","BECv13","CWHdm2","CWHdm2/112.1","E6"
"2570","BECv13","CWHdm2","CWHdm2/112.2","D5"
"2571","BECv13","CWHdm2","CWHdm2/112.2","E5"
"2572","BECv13","CWHdm2","CWHdm2/112.2","E6"
"2573","BECv13","CWHdm2","CWHdm2/112.2","D6"
"2574","BECv13","CWHdm2","CWHdm2/113","E5"
"2575","BECv13","CWHdm2","CWHdm2/113","E6"
"2576","BECv13","CWHdm2","CWHdm2/113","D6"
"2577","BECv13","CWHdm2","CWHdm2/113","D5"
"2578","BECv13","CWHdm2","CWHdm2/Fl51","E5"
"2579","BECv13","CWHdm2","CWHdm2/Fl51","D5"
"2580","BECv13","CWHdm2","CWHdm2/Fl51","D6"
"2581","BECv13","CWHdm2","CWHdm2/Fl51","E6"
"2582","BECv13","CWHdm2","CWHdm2/Fm51","E5"
"2583","BECv13","CWHdm2","CWHdm2/Fm51","D5"
"2584","BECv13","CWHdm2","CWHdm2/Fm51","D6"
"2585","BECv13","CWHdm2","CWHdm2/Fm51","E6"
"2586","BECv13","CWHdm2","CWHdm2/Fm52","E5"
"2587","BECv13","CWHdm2","CWHdm2/Fm52","D5"
"2588","BECv13","CWHdm2","CWHdm2/Fm52","D6"
"2589","BECv13","CWHdm2","CWHdm2/Fm52","E6"
"2590","BECv13","CWHdm2","CWHdm2/Ro","A0"
"2591","BECv13","CWHdm2","CWHdm2/Ro","B0"
"2592","BECv13","CWHdm2","CWHdm2/Ro","C0"
"2593","BECv13","CWHdm2","CWHdm2/Wb55","A7"
"2594","BECv13","CWHdm2","CWHdm2/Wb55","B7"
"2595","BECv13","CWHdm2","CWHdm2/Ws","E7"
"2596","BECv13","CWHdm2","CWHdm2/Ws","C7"
"2597","BECv13","CWHdm2","CWHdm2/Ws","D7"
"2598","BECv13","CWHdm2","CWHdm2/Ws57","E7"
"2599","BECv13","CWHdm2","CWHdm2/Ws57","C7"
"2600","BECv13","CWHdm2","CWHdm2/Ws57","D7"
"2601","BECv13","CWHdm3","CWHdm3/101","A3"
"2602","BECv13","CWHdm3","CWHdm3/101","B3"
"2603","BECv13","CWHdm3","CWHdm3/101","C3"
"2604","BECv13","CWHdm3","CWHdm3/101","C4"
"2605","BECv13","CWHdm3","CWHdm3/101","B4"
"2606","BECv13","CWHdm3","CWHdm3/101","A4"
"2607","BECv13","CWHdm3","CWHdm3/102","A0"
"2608","BECv13","CWHdm3","CWHdm3/102","B0"
"2609","BECv13","CWHdm3","CWHdm3/102","C0"
"2610","BECv13","CWHdm3","CWHdm3/102","C1"
"2611","BECv13","CWHdm3","CWHdm3/102","B1"
"2612","BECv13","CWHdm3","CWHdm3/102","A1"
"2613","BECv13","CWHdm3","CWHdm3/103","A1"
"2614","BECv13","CWHdm3","CWHdm3/103","C1"
"2615","BECv13","CWHdm3","CWHdm3/103","B1"
"2616","BECv13","CWHdm3","CWHdm3/103","A2"
"2617","BECv13","CWHdm3","CWHdm3/103","C2"
"2618","BECv13","CWHdm3","CWHdm3/103","B2"
"2619","BECv13","CWHdm3","CWHdm3/104","D2"
"2620","BECv13","CWHdm3","CWHdm3/104","D1"
"2621","BECv13","CWHdm3","CWHdm3/104","E1"
"2622","BECv13","CWHdm3","CWHdm3/104","E2"
"2623","BECv13","CWHdm3","CWHdm3/110","D3"
"2624","BECv13","CWHdm3","CWHdm3/110","E3"
"2625","BECv13","CWHdm3","CWHdm3/110","E4"
"2626","BECv13","CWHdm3","CWHdm3/110","D4"
"2627","BECv13","CWHdm3","CWHdm3/111","A5"
"2628","BECv13","CWHdm3","CWHdm3/111","A6"
"2629","BECv13","CWHdm3","CWHdm3/111","B5"
"2630","BECv13","CWHdm3","CWHdm3/111","C5"
"2631","BECv13","CWHdm3","CWHdm3/111","C6"
"2632","BECv13","CWHdm3","CWHdm3/111","B6"
"2633","BECv13","CWHdm3","CWHdm3/112","E5"
"2634","BECv13","CWHdm3","CWHdm3/112","E6"
"2635","BECv13","CWHdm3","CWHdm3/112","D5"
"2636","BECv13","CWHdm3","CWHdm3/112","C5"
"2637","BECv13","CWHdm3","CWHdm3/112","C6"
"2638","BECv13","CWHdm3","CWHdm3/112","D6"
"2639","BECv13","CWHdm3","CWHdm3/113","E5"
"2640","BECv13","CWHdm3","CWHdm3/113","D5"
"2641","BECv13","CWHdm3","CWHdm3/113","C5"
"2642","BECv13","CWHdm3","CWHdm3/113","C6"
"2643","BECv13","CWHdm3","CWHdm3/113","D6"
"2644","BECv13","CWHdm3","CWHdm3/113","E6"
"2645","BECv13","CWHdm3","CWHdm3/Fl50","E6"
"2646","BECv13","CWHdm3","CWHdm3/Fl50","D6"
"2647","BECv13","CWHdm3","CWHdm3/Fl50","D5"
"2648","BECv13","CWHdm3","CWHdm3/Fl50","C5"
"2649","BECv13","CWHdm3","CWHdm3/Fl50","C6"
"2650","BECv13","CWHdm3","CWHdm3/Fl50","E5"
"2651","BECv13","CWHdm3","CWHdm3/Fl51","E6"
"2652","BECv13","CWHdm3","CWHdm3/Fl51","D6"
"2653","BECv13","CWHdm3","CWHdm3/Fl51","D5"
"2654","BECv13","CWHdm3","CWHdm3/Fl51","C5"
"2655","BECv13","CWHdm3","CWHdm3/Fl51","C6"
"2656","BECv13","CWHdm3","CWHdm3/Fl51","E5"
"2657","BECv13","CWHdm3","CWHdm3/Fm51","E5"
"2658","BECv13","CWHdm3","CWHdm3/Fm51","D5"
"2659","BECv13","CWHdm3","CWHdm3/Fm51","C5"
"2660","BECv13","CWHdm3","CWHdm3/Fm51","C6"
"2661","BECv13","CWHdm3","CWHdm3/Fm51","D6"
"2662","BECv13","CWHdm3","CWHdm3/Fm51","E6"
"2663","BECv13","CWHdm3","CWHdm3/Ro","A0"
"2664","BECv13","CWHdm3","CWHdm3/Ro","B0"
"2665","BECv13","CWHdm3","CWHdm3/Ro","C0"
"2666","BECv13","CWHdm3","CWHdm3/Wb55","A7"
"2667","BECv13","CWHdm3","CWHdm3/Wb55","B7"
"2668","BECv13","CWHdm3","CWHdm3/Ws56","C7"
"2669","BECv13","CWHdm3","CWHdm3/Ws56","E7"
"2670","BECv13","CWHdm3","CWHdm3/Ws56","D7"
"2671","USA_2019","CWHds_WA","CWHds_WA/101","D4"
"2672","USA_2019","CWHds_WA","CWHds_WA/101","D3"
"2673","USA_2019","CWHds_WA","CWHds_WA/101","C4"
"2674","USA_2019","CWHds_WA","CWHds_WA/101","C3"
"2675","USA_2019","CWHds_WA","CWHds_WA/101","B4"
"2676","USA_2019","CWHds_WA","CWHds_WA/101","B3"
"2677","USA_2019","CWHds_WA","CWHds_WA/102","D1"
"2678","USA_2019","CWHds_WA","CWHds_WA/102","C1"
"2679","USA_2019","CWHds_WA","CWHds_WA/102","B1"
"2680","USA_2019","CWHds_WA","CWHds_WA/102","A1"
"2681","USA_2019","CWHds_WA","CWHds_WA/103","D2"
"2682","USA_2019","CWHds_WA","CWHds_WA/103","C2"
"2683","USA_2019","CWHds_WA","CWHds_WA/103","B2"
"2684","USA_2019","CWHds_WA","CWHds_WA/103","A2"
"2685","USA_2019","CWHds_WA","CWHds_WA/110","C5"
"2686","USA_2019","CWHds_WA","CWHds_WA/110","B5"
"2687","USA_2019","CWHds_WA","CWHds_WA/111","C6"
"2688","USA_2019","CWHds_WA","CWHds_WA/111","B6"
"2689","USA_2019","CWHds_WA","CWHds_WA/112","E5"
"2690","USA_2019","CWHds_WA","CWHds_WA/112","D5"
"2691","USA_2019","CWHds_WA","CWHds_WA/113","E6"
"2692","USA_2019","CWHds_WA","CWHds_WA/113","D6"
"2693","Add_2021","CWHds_WA","CWHds_WA/Ro","A0"
"2694","Add_2021","CWHds_WA","CWHds_WA/Ro","B0"
"2695","BECv13","CWHds1","CWHds1/101","A1"
"2696","BECv13","CWHds1","CWHds1/101","A2"
"2697","BECv13","CWHds1","CWHds1/101","A3"
"2698","BECv13","CWHds1","CWHds1/101","A4"
"2699","BECv13","CWHds1","CWHds1/101","B1"
"2700","BECv13","CWHds1","CWHds1/101","B2"
"2701","BECv13","CWHds1","CWHds1/101","B3"
"2702","BECv13","CWHds1","CWHds1/101","B4"
"2703","BECv13","CWHds1","CWHds1/101","C1"
"2704","BECv13","CWHds1","CWHds1/101","C2"
"2705","BECv13","CWHds1","CWHds1/101","C3"
"2706","BECv13","CWHds1","CWHds1/101","C4"
"2707","BECv13","CWHds1","CWHds1/101a","A3"
"2708","BECv13","CWHds1","CWHds1/101a","A4"
"2709","BECv13","CWHds1","CWHds1/101a","B3"
"2710","BECv13","CWHds1","CWHds1/101a","B4"
"2711","BECv13","CWHds1","CWHds1/101a","C3"
"2712","BECv13","CWHds1","CWHds1/101a","C4"
"2713","BECv13","CWHds1","CWHds1/101b","A1"
"2714","BECv13","CWHds1","CWHds1/101b","A2"
"2715","BECv13","CWHds1","CWHds1/101b","B1"
"2716","BECv13","CWHds1","CWHds1/101b","B2"
"2717","BECv13","CWHds1","CWHds1/101b","C1"
"2718","BECv13","CWHds1","CWHds1/101b","C2"
"2719","BECv13","CWHds1","CWHds1/102","A0"
"2720","BECv13","CWHds1","CWHds1/102","A1"
"2721","BECv13","CWHds1","CWHds1/102","B0"
"2722","BECv13","CWHds1","CWHds1/102","B1"
"2723","BECv13","CWHds1","CWHds1/102","C0"
"2724","BECv13","CWHds1","CWHds1/102","C1"
"2725","BECv13","CWHds1","CWHds1/103","A1"
"2726","BECv13","CWHds1","CWHds1/103","A2"
"2727","BECv13","CWHds1","CWHds1/103","A3"
"2728","BECv13","CWHds1","CWHds1/103","A4"
"2729","BECv13","CWHds1","CWHds1/103","B1"
"2730","BECv13","CWHds1","CWHds1/103","B2"
"2731","BECv13","CWHds1","CWHds1/103","B3"
"2732","BECv13","CWHds1","CWHds1/103","B4"
"2733","BECv13","CWHds1","CWHds1/103","C1"
"2734","BECv13","CWHds1","CWHds1/103","C2"
"2735","BECv13","CWHds1","CWHds1/103","C3"
"2736","BECv13","CWHds1","CWHds1/103","C4"
"2737","BECv13","CWHds1","CWHds1/104","A1"
"2738","BECv13","CWHds1","CWHds1/104","A2"
"2739","BECv13","CWHds1","CWHds1/104","A3"
"2740","BECv13","CWHds1","CWHds1/104","A4"
"2741","BECv13","CWHds1","CWHds1/104","B1"
"2742","BECv13","CWHds1","CWHds1/104","B2"
"2743","BECv13","CWHds1","CWHds1/104","B3"
"2744","BECv13","CWHds1","CWHds1/104","B4"
"2745","BECv13","CWHds1","CWHds1/104","C1"
"2746","BECv13","CWHds1","CWHds1/104","C2"
"2747","BECv13","CWHds1","CWHds1/104","C3"
"2748","BECv13","CWHds1","CWHds1/104","C4"
"2749","BECv13","CWHds1","CWHds1/110","D3"
"2750","BECv13","CWHds1","CWHds1/110","D4"
"2751","BECv13","CWHds1","CWHds1/110","E3"
"2752","BECv13","CWHds1","CWHds1/110","E4"
"2753","BECv13","CWHds1","CWHds1/111","D5"
"2754","BECv13","CWHds1","CWHds1/111","D6"
"2755","BECv13","CWHds1","CWHds1/111","E5"
"2756","BECv13","CWHds1","CWHds1/111","E6"
"2757","BECv13","CWHds1","CWHds1/112","D5"
"2758","BECv13","CWHds1","CWHds1/112","D6"
"2759","BECv13","CWHds1","CWHds1/112","E5"
"2760","BECv13","CWHds1","CWHds1/112","E6"
"2761","BECv13","CWHds1","CWHds1/Fl51","D5"
"2762","BECv13","CWHds1","CWHds1/Fl51","D6"
"2763","BECv13","CWHds1","CWHds1/Fl51","E5"
"2764","BECv13","CWHds1","CWHds1/Fl51","E6"
"2765","BECv13","CWHds1","CWHds1/Fm51.1","D5"
"2766","BECv13","CWHds1","CWHds1/Fm51.1","D6"
"2767","BECv13","CWHds1","CWHds1/Fm51.1","E5"
"2768","BECv13","CWHds1","CWHds1/Fm51.1","E6"
"2769","BECv13","CWHds1","CWHds1/Ro","A0"
"2770","BECv13","CWHds1","CWHds1/Ro","B0"
"2771","BECv13","CWHds1","CWHds1/Ro","C0"
"2772","BECv13","CWHds1","CWHds1/Wb50.2","A7"
"2773","BECv13","CWHds1","CWHds1/Wb50.2","B7"
"2774","BECv13","CWHds1","CWHds1/Wm","C7"
"2775","BECv13","CWHds1","CWHds1/Wm","D7"
"2776","BECv13","CWHds1","CWHds1/Wm","E7"
"2777","BECv13","CWHds1","CWHds1/Ws56.2","C7"
"2778","BECv13","CWHds1","CWHds1/Ws56.2","D7"
"2779","BECv13","CWHds1","CWHds1/Ws56.2","E7"
"2780","BECv13","CWHds2","CWHds2/101","A3"
"2781","BECv13","CWHds2","CWHds2/101","A4"
"2782","BECv13","CWHds2","CWHds2/101","B4"
"2783","BECv13","CWHds2","CWHds2/101","C4"
"2784","BECv13","CWHds2","CWHds2/101","C3"
"2785","BECv13","CWHds2","CWHds2/101","B3"
"2786","BECv13","CWHds2","CWHds2/102","A0"
"2787","BECv13","CWHds2","CWHds2/102","B0"
"2788","BECv13","CWHds2","CWHds2/102","C0"
"2789","BECv13","CWHds2","CWHds2/102","C1"
"2790","BECv13","CWHds2","CWHds2/102","B1"
"2791","BECv13","CWHds2","CWHds2/102","A1"
"2792","BECv13","CWHds2","CWHds2/103","A2"
"2793","BECv13","CWHds2","CWHds2/103","B2"
"2794","BECv13","CWHds2","CWHds2/103","C2"
"2795","BECv13","CWHds2","CWHds2/104","A2"
"2796","BECv13","CWHds2","CWHds2/104","B2"
"2797","BECv13","CWHds2","CWHds2/104","C2"
"2798","BECv13","CWHds2","CWHds2/110","D3"
"2799","BECv13","CWHds2","CWHds2/110","E3"
"2800","BECv13","CWHds2","CWHds2/110","E4"
"2801","BECv13","CWHds2","CWHds2/110","D4"
"2802","BECv13","CWHds2","CWHds2/111","E5"
"2803","BECv13","CWHds2","CWHds2/111","E6"
"2804","BECv13","CWHds2","CWHds2/111","D6"
"2805","BECv13","CWHds2","CWHds2/111","D5"
"2806","BECv13","CWHds2","CWHds2/111","C5"
"2807","BECv13","CWHds2","CWHds2/111","C6"
"2808","BECv13","CWHds2","CWHds2/112","C6"
"2809","BECv13","CWHds2","CWHds2/112","C5"
"2810","BECv13","CWHds2","CWHds2/112","D5"
"2811","BECv13","CWHds2","CWHds2/112","D6"
"2812","BECv13","CWHds2","CWHds2/112","E6"
"2813","BECv13","CWHds2","CWHds2/112","E5"
"2814","BECv13","CWHds2","CWHds2/Fl","E6"
"2815","BECv13","CWHds2","CWHds2/Fl","D6"
"2816","BECv13","CWHds2","CWHds2/Fl","C6"
"2817","BECv13","CWHds2","CWHds2/Fl","C5"
"2818","BECv13","CWHds2","CWHds2/Fl","D5"
"2819","BECv13","CWHds2","CWHds2/Fl","E5"
"2820","BECv13","CWHds2","CWHds2/Fm","E5"
"2821","BECv13","CWHds2","CWHds2/Fm","D6"
"2822","BECv13","CWHds2","CWHds2/Fm","D5"
"2823","BECv13","CWHds2","CWHds2/Fm","C5"
"2824","BECv13","CWHds2","CWHds2/Fm","C6"
"2825","BECv13","CWHds2","CWHds2/Fm","E6"
"2826","BECv13","CWHds2","CWHds2/Ro","A0"
"2827","BECv13","CWHds2","CWHds2/Ro","B0"
"2828","BECv13","CWHds2","CWHds2/Ro","C0"
"2829","BECv13","CWHds2","CWHds2/Wb51","A7"
"2830","BECv13","CWHds2","CWHds2/Wb51","B7"
"2831","BECv13","CWHds2","CWHds2/Ws56","E7"
"2832","BECv13","CWHds2","CWHds2/Ws56","D7"
"2833","BECv13","CWHds2","CWHds2/Ws56","C7"
"2834","USA_2019","CWHmh_OR","CWHmh_OR/101","D4"
"2835","USA_2019","CWHmh_OR","CWHmh_OR/101","D3"
"2836","USA_2019","CWHmh_OR","CWHmh_OR/101","C4"
"2837","USA_2019","CWHmh_OR","CWHmh_OR/101","C3"
"2838","USA_2019","CWHmh_OR","CWHmh_OR/101","B4"
"2839","USA_2019","CWHmh_OR","CWHmh_OR/101","B3"
"2840","USA_2019","CWHmh_OR","CWHmh_OR/102","D1"
"2841","USA_2019","CWHmh_OR","CWHmh_OR/102","C1"
"2842","USA_2019","CWHmh_OR","CWHmh_OR/102","B1"
"2843","USA_2019","CWHmh_OR","CWHmh_OR/102","A1"
"2844","USA_2019","CWHmh_OR","CWHmh_OR/103","D2"
"2845","USA_2019","CWHmh_OR","CWHmh_OR/103","C2"
"2846","USA_2019","CWHmh_OR","CWHmh_OR/103","B2"
"2847","USA_2019","CWHmh_OR","CWHmh_OR/103","A2"
"2848","USA_2019","CWHmh_OR","CWHmh_OR/110","C5"
"2849","USA_2019","CWHmh_OR","CWHmh_OR/110","B5"
"2850","USA_2019","CWHmh_OR","CWHmh_OR/111","C6"
"2851","USA_2019","CWHmh_OR","CWHmh_OR/111","B6"
"2852","USA_2019","CWHmh_OR","CWHmh_OR/112","E5"
"2853","USA_2019","CWHmh_OR","CWHmh_OR/112","D5"
"2854","USA_2019","CWHmh_OR","CWHmh_OR/113","E6"
"2855","USA_2019","CWHmh_OR","CWHmh_OR/113","D6"
"2856","Add_2021","CWHmh_OR","CWHmh_OR/Ro","A0"
"2857","Add_2021","CWHmh_OR","CWHmh_OR/Ro","B0"
"2858","BECv13","CWHmm1","CWHmm1/101","A3"
"2859","BECv13","CWHmm1","CWHmm1/101","A4"
"2860","BECv13","CWHmm1","CWHmm1/101","B4"
"2861","BECv13","CWHmm1","CWHmm1/101","C3"
"2862","BECv13","CWHmm1","CWHmm1/101","B3"
"2863","BECv13","CWHmm1","CWHmm1/101","C4"
"2864","BECv13","CWHmm1","CWHmm1/101a","A3"
"2865","BECv13","CWHmm1","CWHmm1/101a","A4"
"2866","BECv13","CWHmm1","CWHmm1/101a","C4"
"2867","BECv13","CWHmm1","CWHmm1/101a","C3"
"2868","BECv13","CWHmm1","CWHmm1/101a","B3"
"2869","BECv13","CWHmm1","CWHmm1/101a","B4"
"2870","BECv13","CWHmm1","CWHmm1/101b","A4"
"2871","BECv13","CWHmm1","CWHmm1/101b","B4"
"2872","BECv13","CWHmm1","CWHmm1/101b","C4"
"2873","BECv13","CWHmm1","CWHmm1/101b","C3"
"2874","BECv13","CWHmm1","CWHmm1/101b","B3"
"2875","BECv13","CWHmm1","CWHmm1/101b","A3"
"2876","BECv13","CWHmm1","CWHmm1/102","A1"
"2877","BECv13","CWHmm1","CWHmm1/102","B1"
"2878","BECv13","CWHmm1","CWHmm1/102","C1"
"2879","BECv13","CWHmm1","CWHmm1/102","C0"
"2880","BECv13","CWHmm1","CWHmm1/102","B0"
"2881","BECv13","CWHmm1","CWHmm1/102","A0"
"2882","BECv13","CWHmm1","CWHmm1/103","A1"
"2883","BECv13","CWHmm1","CWHmm1/103","A2"
"2884","BECv13","CWHmm1","CWHmm1/103","B2"
"2885","BECv13","CWHmm1","CWHmm1/103","C2"
"2886","BECv13","CWHmm1","CWHmm1/103","C1"
"2887","BECv13","CWHmm1","CWHmm1/103","B1"
"2888","BECv13","CWHmm1","CWHmm1/104","D2"
"2889","BECv13","CWHmm1","CWHmm1/104","D3"
"2890","BECv13","CWHmm1","CWHmm1/104","E3"
"2891","BECv13","CWHmm1","CWHmm1/104","E2"
"2892","BECv13","CWHmm1","CWHmm1/110","D4"
"2893","BECv13","CWHmm1","CWHmm1/110","E4"
"2894","BECv13","CWHmm1","CWHmm1/110","E5"
"2895","BECv13","CWHmm1","CWHmm1/110","D5"
"2896","BECv13","CWHmm1","CWHmm1/111","A5"
"2897","BECv13","CWHmm1","CWHmm1/111","A6"
"2898","BECv13","CWHmm1","CWHmm1/111","B6"
"2899","BECv13","CWHmm1","CWHmm1/111","C6"
"2900","BECv13","CWHmm1","CWHmm1/111","C5"
"2901","BECv13","CWHmm1","CWHmm1/111","B5"
"2902","BECv13","CWHmm1","CWHmm1/112","D6"
"2903","BECv13","CWHmm1","CWHmm1/112","E6"
"2904","BECv13","CWHmm1","CWHmm1/112","E5"
"2905","BECv13","CWHmm1","CWHmm1/112","D5"
"2906","BECv13","CWHmm1","CWHmm1/113","D5"
"2907","BECv13","CWHmm1","CWHmm1/113","E5"
"2908","BECv13","CWHmm1","CWHmm1/113","E6"
"2909","BECv13","CWHmm1","CWHmm1/113","D6"
"2910","BECv13","CWHmm1","CWHmm1/Fl50","D5"
"2911","BECv13","CWHmm1","CWHmm1/Fl50","D6"
"2912","BECv13","CWHmm1","CWHmm1/Fl50","E6"
"2913","BECv13","CWHmm1","CWHmm1/Fl50","E5"
"2914","BECv13","CWHmm1","CWHmm1/Fm51","D5"
"2915","BECv13","CWHmm1","CWHmm1/Fm51","E5"
"2916","BECv13","CWHmm1","CWHmm1/Fm51","E6"
"2917","BECv13","CWHmm1","CWHmm1/Fm51","D6"
"2918","BECv13","CWHmm1","CWHmm1/Ro","A0"
"2919","BECv13","CWHmm1","CWHmm1/Ro","B0"
"2920","BECv13","CWHmm1","CWHmm1/Ro","C0"
"2921","BECv13","CWHmm1","CWHmm1/Wb51","A7"
"2922","BECv13","CWHmm1","CWHmm1/Wb51","B7"
"2923","BECv13","CWHmm1","CWHmm1/Ws54","C7"
"2924","BECv13","CWHmm1","CWHmm1/Ws54","D7"
"2925","BECv13","CWHmm1","CWHmm1/Ws54","E7"
"2926","BECv13","CWHmm1","CWHmm1/Ws56","C7"
"2927","BECv13","CWHmm1","CWHmm1/Ws56","D7"
"2928","BECv13","CWHmm1","CWHmm1/Ws56","E7"
"2929","BECv13","CWHmm1","CWHmm1/Ws##","C7"
"2930","BECv13","CWHmm1","CWHmm1/Ws##","D7"
"2931","BECv13","CWHmm1","CWHmm1/Ws##","E7"
"2932","BECv13","CWHmm2","CWHmm2/101","A3"
"2933","BECv13","CWHmm2","CWHmm2/101","C4"
"2934","BECv13","CWHmm2","CWHmm2/101","C3"
"2935","BECv13","CWHmm2","CWHmm2/101","B3"
"2936","BECv13","CWHmm2","CWHmm2/101","B4"
"2937","BECv13","CWHmm2","CWHmm2/101","A4"
"2938","BECv13","CWHmm2","CWHmm2/101a","A3"
"2939","BECv13","CWHmm2","CWHmm2/101a","B3"
"2940","BECv13","CWHmm2","CWHmm2/101a","C3"
"2941","BECv13","CWHmm2","CWHmm2/101a","C4"
"2942","BECv13","CWHmm2","CWHmm2/101a","B4"
"2943","BECv13","CWHmm2","CWHmm2/101a","A4"
"2944","BECv13","CWHmm2","CWHmm2/101b","A3"
"2945","BECv13","CWHmm2","CWHmm2/101b","B3"
"2946","BECv13","CWHmm2","CWHmm2/101b","C3"
"2947","BECv13","CWHmm2","CWHmm2/101b","C4"
"2948","BECv13","CWHmm2","CWHmm2/101b","B4"
"2949","BECv13","CWHmm2","CWHmm2/101b","A4"
"2950","BECv13","CWHmm2","CWHmm2/102","A1"
"2951","BECv13","CWHmm2","CWHmm2/102","B1"
"2952","BECv13","CWHmm2","CWHmm2/102","C1"
"2953","BECv13","CWHmm2","CWHmm2/102","C0"
"2954","BECv13","CWHmm2","CWHmm2/102","B0"
"2955","BECv13","CWHmm2","CWHmm2/102","A0"
"2956","BECv13","CWHmm2","CWHmm2/103","A1"
"2957","BECv13","CWHmm2","CWHmm2/103","B1"
"2958","BECv13","CWHmm2","CWHmm2/103","C1"
"2959","BECv13","CWHmm2","CWHmm2/103","C2"
"2960","BECv13","CWHmm2","CWHmm2/103","B2"
"2961","BECv13","CWHmm2","CWHmm2/103","A2"
"2962","BECv13","CWHmm2","CWHmm2/110","D3"
"2963","BECv13","CWHmm2","CWHmm2/110","E3"
"2964","BECv13","CWHmm2","CWHmm2/110","E4"
"2965","BECv13","CWHmm2","CWHmm2/110","D4"
"2966","BECv13","CWHmm2","CWHmm2/111","A5"
"2967","BECv13","CWHmm2","CWHmm2/111","A6"
"2968","BECv13","CWHmm2","CWHmm2/111","B6"
"2969","BECv13","CWHmm2","CWHmm2/111","B5"
"2970","BECv13","CWHmm2","CWHmm2/111","C5"
"2971","BECv13","CWHmm2","CWHmm2/111","C6"
"2972","BECv13","CWHmm2","CWHmm2/112","C5"
"2973","BECv13","CWHmm2","CWHmm2/112","C6"
"2974","BECv13","CWHmm2","CWHmm2/112","D5"
"2975","BECv13","CWHmm2","CWHmm2/112","D6"
"2976","BECv13","CWHmm2","CWHmm2/112","E5"
"2977","BECv13","CWHmm2","CWHmm2/113","E6"
"2978","BECv13","CWHmm2","CWHmm2/113","E5"
"2979","BECv13","CWHmm2","CWHmm2/113","D5"
"2980","BECv13","CWHmm2","CWHmm2/113","D6"
"2981","BECv13","CWHmm2","CWHmm2/Ro","A0"
"2982","BECv13","CWHmm2","CWHmm2/Ro","B0"
"2983","BECv13","CWHmm2","CWHmm2/Ro","C0"
"2984","BECv13","CWHmm2","CWHmm2/Wb51","A7"
"2985","BECv13","CWHmm2","CWHmm2/Wb51","B7"
"2986","BECv13","CWHmm2","CWHmm2/Ws55","C7"
"2987","BECv13","CWHmm2","CWHmm2/Ws55","D7"
"2988","BECv13","CWHmm2","CWHmm2/Ws55","E7"
"2989","USA_2019","CWHms_OR","CWHms_OR/101","D4"
"2990","USA_2019","CWHms_OR","CWHms_OR/101","D3"
"2991","USA_2019","CWHms_OR","CWHms_OR/101","C4"
"2992","USA_2019","CWHms_OR","CWHms_OR/101","C3"
"2993","USA_2019","CWHms_OR","CWHms_OR/101","B4"
"2994","USA_2019","CWHms_OR","CWHms_OR/101","B3"
"2995","USA_2019","CWHms_OR","CWHms_OR/102","D1"
"2996","USA_2019","CWHms_OR","CWHms_OR/102","C1"
"2997","USA_2019","CWHms_OR","CWHms_OR/102","B1"
"2998","USA_2019","CWHms_OR","CWHms_OR/102","A1"
"2999","USA_2019","CWHms_OR","CWHms_OR/103","D2"
"3000","USA_2019","CWHms_OR","CWHms_OR/103","C2"
"3001","USA_2019","CWHms_OR","CWHms_OR/103","B2"
"3002","USA_2019","CWHms_OR","CWHms_OR/103","A2"
"3003","USA_2019","CWHms_OR","CWHms_OR/110","C5"
"3004","USA_2019","CWHms_OR","CWHms_OR/110","B5"
"3005","USA_2019","CWHms_OR","CWHms_OR/111","C6"
"3006","USA_2019","CWHms_OR","CWHms_OR/111","B6"
"3007","USA_2019","CWHms_OR","CWHms_OR/112","E5"
"3008","USA_2019","CWHms_OR","CWHms_OR/112","D5"
"3009","USA_2019","CWHms_OR","CWHms_OR/113","E6"
"3010","USA_2019","CWHms_OR","CWHms_OR/113","D6"
"3011","Add_2021","CWHms_OR","CWHms_OR/Ro","A0"
"3012","Add_2021","CWHms_OR","CWHms_OR/Ro","B0"
"3013","USA_2019","CWHms_WA","CWHms_WA/101","D4"
"3014","USA_2019","CWHms_WA","CWHms_WA/101","D3"
"3015","USA_2019","CWHms_WA","CWHms_WA/101","C4"
"3016","USA_2019","CWHms_WA","CWHms_WA/101","C3"
"3017","USA_2019","CWHms_WA","CWHms_WA/101","B4"
"3018","USA_2019","CWHms_WA","CWHms_WA/101","B3"
"3019","USA_2019","CWHms_WA","CWHms_WA/102","D1"
"3020","USA_2019","CWHms_WA","CWHms_WA/102","C1"
"3021","USA_2019","CWHms_WA","CWHms_WA/102","B1"
"3022","USA_2019","CWHms_WA","CWHms_WA/102","A1"
"3023","USA_2019","CWHms_WA","CWHms_WA/103","D2"
"3024","USA_2019","CWHms_WA","CWHms_WA/103","C2"
"3025","USA_2019","CWHms_WA","CWHms_WA/103","B2"
"3026","USA_2019","CWHms_WA","CWHms_WA/103","A2"
"3027","USA_2019","CWHms_WA","CWHms_WA/110","C5"
"3028","USA_2019","CWHms_WA","CWHms_WA/110","B5"
"3029","USA_2019","CWHms_WA","CWHms_WA/111","C6"
"3030","USA_2019","CWHms_WA","CWHms_WA/111","B6"
"3031","USA_2019","CWHms_WA","CWHms_WA/112","E5"
"3032","USA_2019","CWHms_WA","CWHms_WA/112","D5"
"3033","USA_2019","CWHms_WA","CWHms_WA/113","E6"
"3034","USA_2019","CWHms_WA","CWHms_WA/113","D6"
"3035","Add_2021","CWHms_WA","CWHms_WA/Ro","A0"
"3036","Add_2021","CWHms_WA","CWHms_WA/Ro","B0"
"3037","BECv13","CWHms3","CWHms3/101","A3"
"3038","BECv13","CWHms3","CWHms3/101","A4"
"3039","BECv13","CWHms3","CWHms3/101","B4"
"3040","BECv13","CWHms3","CWHms3/101","B3"
"3041","BECv13","CWHms3","CWHms3/101","C3"
"3042","BECv13","CWHms3","CWHms3/101","C4"
"3043","BECv13","CWHms3","CWHms3/102","A0"
"3044","BECv13","CWHms3","CWHms3/102","A1"
"3045","BECv13","CWHms3","CWHms3/102","B1"
"3046","BECv13","CWHms3","CWHms3/102","B0"
"3047","BECv13","CWHms3","CWHms3/102","C0"
"3048","BECv13","CWHms3","CWHms3/102","C1"
"3049","BECv13","CWHms3","CWHms3/103","A1"
"3050","BECv13","CWHms3","CWHms3/103","B1"
"3051","BECv13","CWHms3","CWHms3/103","B2"
"3052","BECv13","CWHms3","CWHms3/103","C2"
"3053","BECv13","CWHms3","CWHms3/103","C1"
"3054","BECv13","CWHms3","CWHms3/103","A2"
"3055","BECv13","CWHms3","CWHms3/104","A3"
"3056","BECv13","CWHms3","CWHms3/104","A4"
"3057","BECv13","CWHms3","CWHms3/104","B4"
"3058","BECv13","CWHms3","CWHms3/104","B3"
"3059","BECv13","CWHms3","CWHms3/104","C3"
"3060","BECv13","CWHms3","CWHms3/104","C4"
"3061","BECv13","CWHms3","CWHms3/110","D3"
"3062","BECv13","CWHms3","CWHms3/110","D4"
"3063","BECv13","CWHms3","CWHms3/110","E4"
"3064","BECv13","CWHms3","CWHms3/110","E3"
"3065","BECv13","CWHms3","CWHms3/111","A5"
"3066","BECv13","CWHms3","CWHms3/111","B5"
"3067","BECv13","CWHms3","CWHms3/111","C5"
"3068","BECv13","CWHms3","CWHms3/111","C6"
"3069","BECv13","CWHms3","CWHms3/111","B6"
"3070","BECv13","CWHms3","CWHms3/111","A6"
"3071","BECv13","CWHms3","CWHms3/112","D5"
"3072","BECv13","CWHms3","CWHms3/112","E5"
"3073","BECv13","CWHms3","CWHms3/112","D6"
"3074","BECv13","CWHms3","CWHms3/112","E6"
"3075","BECv13","CWHms3","CWHms3/113","D5"
"3076","BECv13","CWHms3","CWHms3/113","E5"
"3077","BECv13","CWHms3","CWHms3/113","E6"
"3078","BECv13","CWHms3","CWHms3/113","D6"
"3079","BECv13","CWHms3","CWHms3/Fl51","D6"
"3080","BECv13","CWHms3","CWHms3/Fl51","D5"
"3081","BECv13","CWHms3","CWHms3/Fl51","E6"
"3082","BECv13","CWHms3","CWHms3/Fl51","E5"
"3083","BECv13","CWHms3","CWHms3/Fm51.1","D5"
"3084","BECv13","CWHms3","CWHms3/Fm51.1","D6"
"3085","BECv13","CWHms3","CWHms3/Fm51.1","E6"
"3086","BECv13","CWHms3","CWHms3/Fm51.1","E5"
"3087","BECv13","CWHms3","CWHms3/Wb50.2","A7"
"3088","BECv13","CWHms3","CWHms3/Wb50.2","B7"
"3089","BECv13","CWHms3","CWHms3/Wf","C7"
"3090","BECv13","CWHms3","CWHms3/Wf","D7"
"3091","BECv13","CWHms3","CWHms3/Wf","E7"
"3092","BECv13","CWHms3","CWHms3/Wm","C7"
"3093","BECv13","CWHms3","CWHms3/Wm","D7"
"3094","BECv13","CWHms3","CWHms3/Wm","E7"
"3095","BECv13","CWHms3","CWHms3/Ws56.1","C7"
"3096","BECv13","CWHms3","CWHms3/Ws56.1","D7"
"3097","BECv13","CWHms3","CWHms3/Ws56.1","E7"
"3098","BECv13","CWHms4","CWHms4/101","A3"
"3099","BECv13","CWHms4","CWHms4/101","A4"
"3100","BECv13","CWHms4","CWHms4/101","B4"
"3101","BECv13","CWHms4","CWHms4/101","B3"
"3102","BECv13","CWHms4","CWHms4/101","C3"
"3103","BECv13","CWHms4","CWHms4/101","C4"
"3104","BECv13","CWHms4","CWHms4/102","A0"
"3105","BECv13","CWHms4","CWHms4/102","A1"
"3106","BECv13","CWHms4","CWHms4/102","B1"
"3107","BECv13","CWHms4","CWHms4/102","B0"
"3108","BECv13","CWHms4","CWHms4/102","C0"
"3109","BECv13","CWHms4","CWHms4/102","C1"
"3110","BECv13","CWHms4","CWHms4/103","A1"
"3111","BECv13","CWHms4","CWHms4/103","A2"
"3112","BECv13","CWHms4","CWHms4/103","B2"
"3113","BECv13","CWHms4","CWHms4/103","B1"
"3114","BECv13","CWHms4","CWHms4/103","C1"
"3115","BECv13","CWHms4","CWHms4/103","C2"
"3116","BECv13","CWHms4","CWHms4/104","A1"
"3117","BECv13","CWHms4","CWHms4/104","A2"
"3118","BECv13","CWHms4","CWHms4/104","B2"
"3119","BECv13","CWHms4","CWHms4/104","B1"
"3120","BECv13","CWHms4","CWHms4/104","C1"
"3121","BECv13","CWHms4","CWHms4/104","C2"
"3122","BECv13","CWHms4","CWHms4/105","A4"
"3123","BECv13","CWHms4","CWHms4/105","A3"
"3124","BECv13","CWHms4","CWHms4/105","B3"
"3125","BECv13","CWHms4","CWHms4/105","C3"
"3126","BECv13","CWHms4","CWHms4/105","C4"
"3127","BECv13","CWHms4","CWHms4/105","B4"
"3128","BECv13","CWHms4","CWHms4/110","D3"
"3129","BECv13","CWHms4","CWHms4/110","D4"
"3130","BECv13","CWHms4","CWHms4/110","E4"
"3131","BECv13","CWHms4","CWHms4/110","E3"
"3132","BECv13","CWHms4","CWHms4/111","A5"
"3133","BECv13","CWHms4","CWHms4/111","A6"
"3134","BECv13","CWHms4","CWHms4/111","B6"
"3135","BECv13","CWHms4","CWHms4/111","C5"
"3136","BECv13","CWHms4","CWHms4/111","C6"
"3137","BECv13","CWHms4","CWHms4/111","B5"
"3138","BECv13","CWHms4","CWHms4/112","D5"
"3139","BECv13","CWHms4","CWHms4/112","D6"
"3140","BECv13","CWHms4","CWHms4/112","E6"
"3141","BECv13","CWHms4","CWHms4/112","E5"
"3142","BECv13","CWHms4","CWHms4/Wb50.2","A7"
"3143","BECv13","CWHms4","CWHms4/Wb50.2","B7"
"3144","BECv13","CWHms4","CWHms4/Ws56.1","C7"
"3145","BECv13","CWHms4","CWHms4/Ws56.1","D7"
"3146","BECv13","CWHms4","CWHms4/Ws56.1","E7"
"3147","BECv13","CWHms5","CWHms5/101","A3"
"3148","BECv13","CWHms5","CWHms5/101","A4"
"3149","BECv13","CWHms5","CWHms5/101","B4"
"3150","BECv13","CWHms5","CWHms5/101","B3"
"3151","BECv13","CWHms5","CWHms5/101","C3"
"3152","BECv13","CWHms5","CWHms5/101","C4"
"3153","BECv13","CWHms5","CWHms5/101.1","A3"
"3154","BECv13","CWHms5","CWHms5/101.1","A4"
"3155","BECv13","CWHms5","CWHms5/101.1","B4"
"3156","BECv13","CWHms5","CWHms5/101.1","B3"
"3157","BECv13","CWHms5","CWHms5/101.1","C3"
"3158","BECv13","CWHms5","CWHms5/101.1","C4"
"3159","BECv13","CWHms5","CWHms5/101.2","A3"
"3160","BECv13","CWHms5","CWHms5/101.2","B3"
"3161","BECv13","CWHms5","CWHms5/101.2","C3"
"3162","BECv13","CWHms5","CWHms5/101.2","C4"
"3163","BECv13","CWHms5","CWHms5/101.2","B4"
"3164","BECv13","CWHms5","CWHms5/101.2","A4"
"3165","BECv13","CWHms5","CWHms5/102","A0"
"3166","BECv13","CWHms5","CWHms5/102","B0"
"3167","BECv13","CWHms5","CWHms5/102","C0"
"3168","BECv13","CWHms5","CWHms5/102","A1"
"3169","BECv13","CWHms5","CWHms5/102","B1"
"3170","BECv13","CWHms5","CWHms5/102","C1"
"3171","BECv13","CWHms5","CWHms5/103","A1"
"3172","BECv13","CWHms5","CWHms5/103","A2"
"3173","BECv13","CWHms5","CWHms5/103","B2"
"3174","BECv13","CWHms5","CWHms5/103","B1"
"3175","BECv13","CWHms5","CWHms5/103","C1"
"3176","BECv13","CWHms5","CWHms5/103","C2"
"3177","BECv13","CWHms5","CWHms5/103.1","A1"
"3178","BECv13","CWHms5","CWHms5/103.1","A2"
"3179","BECv13","CWHms5","CWHms5/103.1","B2"
"3180","BECv13","CWHms5","CWHms5/103.1","B1"
"3181","BECv13","CWHms5","CWHms5/103.1","C2"
"3182","BECv13","CWHms5","CWHms5/103.1","C1"
"3183","BECv13","CWHms5","CWHms5/103.2","A1"
"3184","BECv13","CWHms5","CWHms5/103.2","A2"
"3185","BECv13","CWHms5","CWHms5/103.2","B2"
"3186","BECv13","CWHms5","CWHms5/103.2","B1"
"3187","BECv13","CWHms5","CWHms5/103.2","C1"
"3188","BECv13","CWHms5","CWHms5/103.2","C2"
"3189","BECv13","CWHms5","CWHms5/110","D3"
"3190","BECv13","CWHms5","CWHms5/110","D4"
"3191","BECv13","CWHms5","CWHms5/110","E3"
"3192","BECv13","CWHms5","CWHms5/110","E4"
"3193","BECv13","CWHms5","CWHms5/111","A5"
"3194","BECv13","CWHms5","CWHms5/111","A6"
"3195","BECv13","CWHms5","CWHms5/111","B6"
"3196","BECv13","CWHms5","CWHms5/111","C6"
"3197","BECv13","CWHms5","CWHms5/111","C5"
"3198","BECv13","CWHms5","CWHms5/111","B5"
"3199","BECv13","CWHms5","CWHms5/112","D5"
"3200","BECv13","CWHms5","CWHms5/112","E5"
"3201","BECv13","CWHms5","CWHms5/112","E6"
"3202","BECv13","CWHms5","CWHms5/112","D6"
"3203","BECv13","CWHms5","CWHms5/113","D5"
"3204","BECv13","CWHms5","CWHms5/113","D6"
"3205","BECv13","CWHms5","CWHms5/113","E6"
"3206","BECv13","CWHms5","CWHms5/113","E5"
"3207","BECv13","CWHms5","CWHms5/Fl51","D5"
"3208","BECv13","CWHms5","CWHms5/Fl51","D6"
"3209","BECv13","CWHms5","CWHms5/Fl51","E6"
"3210","BECv13","CWHms5","CWHms5/Fl51","E5"
"3211","BECv13","CWHms5","CWHms5/Fm51.1","D5"
"3212","BECv13","CWHms5","CWHms5/Fm51.1","D6"
"3213","BECv13","CWHms5","CWHms5/Fm51.1","E6"
"3214","BECv13","CWHms5","CWHms5/Fm51.1","E5"
"3215","BECv13","CWHms5","CWHms5/Wb50.2","A7"
"3216","BECv13","CWHms5","CWHms5/Wb50.2","B7"
"3217","BECv13","CWHms5","CWHms5/Wm","C7"
"3218","BECv13","CWHms5","CWHms5/Wm","D7"
"3219","BECv13","CWHms5","CWHms5/Wm","E7"
"3220","BECv13","CWHms5","CWHms5/Ws56.1","C7"
"3221","BECv13","CWHms5","CWHms5/Ws56.1","D7"
"3222","BECv13","CWHms5","CWHms5/Ws56.1","E7"
"3223","USA_2019","CWHvh_WA","CWHvh_WA/101","D4"
"3224","USA_2019","CWHvh_WA","CWHvh_WA/101","D3"
"3225","USA_2019","CWHvh_WA","CWHvh_WA/101","C4"
"3226","USA_2019","CWHvh_WA","CWHvh_WA/101","C3"
"3227","USA_2019","CWHvh_WA","CWHvh_WA/101","B4"
"3228","USA_2019","CWHvh_WA","CWHvh_WA/101","B3"
"3229","USA_2019","CWHvh_WA","CWHvh_WA/102","D1"
"3230","USA_2019","CWHvh_WA","CWHvh_WA/102","C1"
"3231","USA_2019","CWHvh_WA","CWHvh_WA/102","B1"
"3232","USA_2019","CWHvh_WA","CWHvh_WA/102","A1"
"3233","USA_2019","CWHvh_WA","CWHvh_WA/103","D2"
"3234","USA_2019","CWHvh_WA","CWHvh_WA/103","C2"
"3235","USA_2019","CWHvh_WA","CWHvh_WA/103","B2"
"3236","USA_2019","CWHvh_WA","CWHvh_WA/103","A2"
"3237","USA_2019","CWHvh_WA","CWHvh_WA/110","C5"
"3238","USA_2019","CWHvh_WA","CWHvh_WA/110","B5"
"3239","USA_2019","CWHvh_WA","CWHvh_WA/111","C6"
"3240","USA_2019","CWHvh_WA","CWHvh_WA/111","B6"
"3241","USA_2019","CWHvh_WA","CWHvh_WA/112","E5"
"3242","USA_2019","CWHvh_WA","CWHvh_WA/112","D5"
"3243","USA_2019","CWHvh_WA","CWHvh_WA/113","E6"
"3244","USA_2019","CWHvh_WA","CWHvh_WA/113","D6"
"3245","Add_2021","CWHvh_WA","CWHvh_WA/Ro","A0"
"3246","Add_2021","CWHvh_WA","CWHvh_WA/Ro","B0"
"3247","BECv13","CWHvh1","CWHvh1/101","A4"
"3248","BECv13","CWHvh1","CWHvh1/101","B4"
"3249","BECv13","CWHvh1","CWHvh1/101","C4"
"3250","BECv13","CWHvh1","CWHvh1/101","A5"
"3251","BECv13","CWHvh1","CWHvh1/101","B5"
"3252","BECv13","CWHvh1","CWHvh1/101","C5"
"3253","BECv13","CWHvh1","CWHvh1/101","B3"
"3254","BECv13","CWHvh1","CWHvh1/102","A0"
"3255","BECv13","CWHvh1","CWHvh1/102","B0"
"3256","BECv13","CWHvh1","CWHvh1/102","C0"
"3257","BECv13","CWHvh1","CWHvh1/102","C1"
"3258","BECv13","CWHvh1","CWHvh1/102","B1"
"3259","BECv13","CWHvh1","CWHvh1/102","A1"
"3260","BECv13","CWHvh1","CWHvh1/103","A1"
"3261","BECv13","CWHvh1","CWHvh1/103","A2"
"3262","BECv13","CWHvh1","CWHvh1/103","A3"
"3263","BECv13","CWHvh1","CWHvh1/103","B1"
"3264","BECv13","CWHvh1","CWHvh1/103","B2"
"3265","BECv13","CWHvh1","CWHvh1/103","B3"
"3266","BECv13","CWHvh1","CWHvh1/104","C2"
"3267","BECv13","CWHvh1","CWHvh1/104","C3"
"3268","BECv13","CWHvh1","CWHvh1/105","D2"
"3269","BECv13","CWHvh1","CWHvh1/105","D3"
"3270","BECv13","CWHvh1","CWHvh1/105","E3"
"3271","BECv13","CWHvh1","CWHvh1/105","E2"
"3272","BECv13","CWHvh1","CWHvh1/110","D4"
"3273","BECv13","CWHvh1","CWHvh1/110","D5"
"3274","BECv13","CWHvh1","CWHvh1/110","E5"
"3275","BECv13","CWHvh1","CWHvh1/110","E4"
"3276","BECv13","CWHvh1","CWHvh1/111","D4"
"3277","BECv13","CWHvh1","CWHvh1/111","D5"
"3278","BECv13","CWHvh1","CWHvh1/111","E5"
"3279","BECv13","CWHvh1","CWHvh1/111","E4"
"3280","BECv13","CWHvh1","CWHvh1/112","A5"
"3281","BECv13","CWHvh1","CWHvh1/112","A6"
"3282","BECv13","CWHvh1","CWHvh1/112","B6"
"3283","BECv13","CWHvh1","CWHvh1/112","B5"
"3284","BECv13","CWHvh1","CWHvh1/112","C5"
"3285","BECv13","CWHvh1","CWHvh1/112","C6"
"3286","BECv13","CWHvh1","CWHvh1/120","B0"
"3287","BECv13","CWHvh1","CWHvh1/120","B1"
"3288","BECv13","CWHvh1","CWHvh1/120","B2"
"3289","BECv13","CWHvh1","CWHvh1/120","B3"
"3290","BECv13","CWHvh1","CWHvh1/120","C3"
"3291","BECv13","CWHvh1","CWHvh1/120","C2"
"3292","BECv13","CWHvh1","CWHvh1/120","C1"
"3293","BECv13","CWHvh1","CWHvh1/120","C0"
"3294","BECv13","CWHvh1","CWHvh1/120.1","B0"
"3295","BECv13","CWHvh1","CWHvh1/120.1","C0"
"3296","BECv13","CWHvh1","CWHvh1/120.1","C1"
"3297","BECv13","CWHvh1","CWHvh1/120.1","B1"
"3298","BECv13","CWHvh1","CWHvh1/120.1","B2"
"3299","BECv13","CWHvh1","CWHvh1/120.1","C2"
"3300","BECv13","CWHvh1","CWHvh1/120.1","B3"
"3301","BECv13","CWHvh1","CWHvh1/120.1","C3"
"3302","BECv13","CWHvh1","CWHvh1/120.2","B3"
"3303","BECv13","CWHvh1","CWHvh1/120.2","C3"
"3304","BECv13","CWHvh1","CWHvh1/120.2","C2"
"3305","BECv13","CWHvh1","CWHvh1/120.2","B2"
"3306","BECv13","CWHvh1","CWHvh1/120.2","B1"
"3307","BECv13","CWHvh1","CWHvh1/120.2","C1"
"3308","BECv13","CWHvh1","CWHvh1/120.2","B0"
"3309","BECv13","CWHvh1","CWHvh1/120.2","C0"
"3310","BECv13","CWHvh1","CWHvh1/121","B4"
"3311","BECv13","CWHvh1","CWHvh1/121","B5"
"3312","BECv13","CWHvh1","CWHvh1/121","C5"
"3313","BECv13","CWHvh1","CWHvh1/121","C4"
"3314","BECv13","CWHvh1","CWHvh1/Bb","D0"
"3315","BECv13","CWHvh1","CWHvh1/Bb","E0"
"3316","BECv13","CWHvh1","CWHvh1/Bb","E1"
"3317","BECv13","CWHvh1","CWHvh1/Bb","D1"
"3318","BECv13","CWHvh1","CWHvh1/Bb","D2"
"3319","BECv13","CWHvh1","CWHvh1/Bb","E2"
"3320","BECv13","CWHvh1","CWHvh1/Bb","D3"
"3321","BECv13","CWHvh1","CWHvh1/Bb","E3"
"3322","BECv13","CWHvh1","CWHvh1/Br","D0"
"3323","BECv13","CWHvh1","CWHvh1/Br","D1"
"3324","BECv13","CWHvh1","CWHvh1/Br","D2"
"3325","BECv13","CWHvh1","CWHvh1/Br","D3"
"3326","BECv13","CWHvh1","CWHvh1/Br","E3"
"3327","BECv13","CWHvh1","CWHvh1/Br","E2"
"3328","BECv13","CWHvh1","CWHvh1/Br","E1"
"3329","BECv13","CWHvh1","CWHvh1/Br","E0"
"3330","BECv13","CWHvh1","CWHvh1/Em","E7"
"3331","BECv13","CWHvh1","CWHvh1/Em","C7"
"3332","BECv13","CWHvh1","CWHvh1/Em","D7"
"3333","BECv13","CWHvh1","CWHvh1/Fl51","D6"
"3334","BECv13","CWHvh1","CWHvh1/Fl51","D5"
"3335","BECv13","CWHvh1","CWHvh1/Fl51","E5"
"3336","BECv13","CWHvh1","CWHvh1/Fl51","E6"
"3337","BECv13","CWHvh1","CWHvh1/Fm52","D5"
"3338","BECv13","CWHvh1","CWHvh1/Fm52","D6"
"3339","BECv13","CWHvh1","CWHvh1/Fm52","E6"
"3340","BECv13","CWHvh1","CWHvh1/Fm52","E5"
"3341","BECv13","CWHvh1","CWHvh1/Wb53","A6"
"3342","BECv13","CWHvh1","CWHvh1/Wb53","B6"
"3343","BECv13","CWHvh1","CWHvh1/Wb53","B7"
"3344","BECv13","CWHvh1","CWHvh1/Wb53","A7"
"3345","BECv13","CWHvh1","CWHvh1/Ws54","E6"
"3346","BECv13","CWHvh1","CWHvh1/Ws54","E7"
"3347","BECv13","CWHvh1","CWHvh1/Ws54","D6"
"3348","BECv13","CWHvh1","CWHvh1/Ws54","D7"
"3349","BECv13","CWHvh1","CWHvh1/Ws54","C6"
"3350","BECv13","CWHvh1","CWHvh1/Ws54","C7"
"3351","BECv13","CWHvh1","CWHvh1/Ws56","E6"
"3352","BECv13","CWHvh1","CWHvh1/Ws56","E7"
"3353","BECv13","CWHvh1","CWHvh1/Ws56","D6"
"3354","BECv13","CWHvh1","CWHvh1/Ws56","D7"
"3355","BECv13","CWHvh1","CWHvh1/Ws56","C6"
"3356","BECv13","CWHvh1","CWHvh1/Ws56","C7"
"3357","BECv13","CWHvh1","CWHvh1/Ws58","E6"
"3358","BECv13","CWHvh1","CWHvh1/Ws58","E7"
"3359","BECv13","CWHvh1","CWHvh1/Ws58","D6"
"3360","BECv13","CWHvh1","CWHvh1/Ws58","D7"
"3361","BECv13","CWHvh1","CWHvh1/Ws58","C6"
"3362","BECv13","CWHvh1","CWHvh1/Ws58","C7"
"3363","BECv13","CWHvh1","CWHvh1/Ws60","E6"
"3364","BECv13","CWHvh1","CWHvh1/Ws60","E7"
"3365","BECv13","CWHvh1","CWHvh1/Ws60","D6"
"3366","BECv13","CWHvh1","CWHvh1/Ws60","D7"
"3367","BECv13","CWHvh1","CWHvh1/Ws60","C6"
"3368","BECv13","CWHvh1","CWHvh1/Ws60","C7"
"3369","BECv13","CWHvh2","CWHvh2/101","A4"
"3370","BECv13","CWHvh2","CWHvh2/101","A5"
"3371","BECv13","CWHvh2","CWHvh2/101","B5"
"3372","BECv13","CWHvh2","CWHvh2/101","B4"
"3373","BECv13","CWHvh2","CWHvh2/101","C4"
"3374","BECv13","CWHvh2","CWHvh2/101","C5"
"3375","BECv13","CWHvh2","CWHvh2/101","B3"
"3376","BECv13","CWHvh2","CWHvh2/102","A0"
"3377","BECv13","CWHvh2","CWHvh2/102","B0"
"3378","BECv13","CWHvh2","CWHvh2/102","B1"
"3379","BECv13","CWHvh2","CWHvh2/102","A1"
"3380","BECv13","CWHvh2","CWHvh2/103","A1"
"3381","BECv13","CWHvh2","CWHvh2/103","B1"
"3382","BECv13","CWHvh2","CWHvh2/103","A2"
"3383","BECv13","CWHvh2","CWHvh2/103","B2"
"3384","BECv13","CWHvh2","CWHvh2/103","A3"
"3385","BECv13","CWHvh2","CWHvh2/103","B3"
"3386","BECv13","CWHvh2","CWHvh2/104","C2"
"3387","BECv13","CWHvh2","CWHvh2/104","C3"
"3388","BECv13","CWHvh2","CWHvh2/105","D2"
"3389","BECv13","CWHvh2","CWHvh2/105","D3"
"3390","BECv13","CWHvh2","CWHvh2/105","E3"
"3391","BECv13","CWHvh2","CWHvh2/105","E2"
"3392","BECv13","CWHvh2","CWHvh2/110","D4"
"3393","BECv13","CWHvh2","CWHvh2/110","E4"
"3394","BECv13","CWHvh2","CWHvh2/110","E5"
"3395","BECv13","CWHvh2","CWHvh2/110","D5"
"3396","BECv13","CWHvh2","CWHvh2/111","D6"
"3397","BECv13","CWHvh2","CWHvh2/111","E6"
"3398","BECv13","CWHvh2","CWHvh2/111","D5"
"3399","BECv13","CWHvh2","CWHvh2/111","E5"
"3400","BECv13","CWHvh2","CWHvh2/111","E4"
"3401","BECv13","CWHvh2","CWHvh2/112","D4"
"3402","BECv13","CWHvh2","CWHvh2/112","E4"
"3403","BECv13","CWHvh2","CWHvh2/112","E5"
"3404","BECv13","CWHvh2","CWHvh2/112","D5"
"3405","BECv13","CWHvh2","CWHvh2/113","A5"
"3406","BECv13","CWHvh2","CWHvh2/113","B5"
"3407","BECv13","CWHvh2","CWHvh2/113","C5"
"3408","BECv13","CWHvh2","CWHvh2/113","A6"
"3409","BECv13","CWHvh2","CWHvh2/113","B6"
"3410","BECv13","CWHvh2","CWHvh2/113","C6"
"3411","BECv13","CWHvh2","CWHvh2/120","B0"
"3412","BECv13","CWHvh2","CWHvh2/120","C0"
"3413","BECv13","CWHvh2","CWHvh2/120","C1"
"3414","BECv13","CWHvh2","CWHvh2/120","B1"
"3415","BECv13","CWHvh2","CWHvh2/120","B2"
"3416","BECv13","CWHvh2","CWHvh2/120","C2"
"3417","BECv13","CWHvh2","CWHvh2/120","B3"
"3418","BECv13","CWHvh2","CWHvh2/120","C3"
"3419","BECv13","CWHvh2","CWHvh2/120","B4"
"3420","BECv13","CWHvh2","CWHvh2/120","C4"
"3421","BECv13","CWHvh2","CWHvh2/120.1","B4"
"3422","BECv13","CWHvh2","CWHvh2/120.1","B3"
"3423","BECv13","CWHvh2","CWHvh2/120.1","B2"
"3424","BECv13","CWHvh2","CWHvh2/120.1","B1"
"3425","BECv13","CWHvh2","CWHvh2/120.1","B0"
"3426","BECv13","CWHvh2","CWHvh2/120.1","C0"
"3427","BECv13","CWHvh2","CWHvh2/120.1","C1"
"3428","BECv13","CWHvh2","CWHvh2/120.1","C2"
"3429","BECv13","CWHvh2","CWHvh2/120.1","C3"
"3430","BECv13","CWHvh2","CWHvh2/120.1","C4"
"3431","BECv13","CWHvh2","CWHvh2/120.2","B4"
"3432","BECv13","CWHvh2","CWHvh2/120.2","B3"
"3433","BECv13","CWHvh2","CWHvh2/120.2","B2"
"3434","BECv13","CWHvh2","CWHvh2/120.2","B1"
"3435","BECv13","CWHvh2","CWHvh2/120.2","B0"
"3436","BECv13","CWHvh2","CWHvh2/120.2","C0"
"3437","BECv13","CWHvh2","CWHvh2/120.2","C1"
"3438","BECv13","CWHvh2","CWHvh2/120.2","C2"
"3439","BECv13","CWHvh2","CWHvh2/120.2","C3"
"3440","BECv13","CWHvh2","CWHvh2/120.2","C4"
"3441","BECv13","CWHvh2","CWHvh2/Bb","D3"
"3442","BECv13","CWHvh2","CWHvh2/Bb","D2"
"3443","BECv13","CWHvh2","CWHvh2/Bb","D1"
"3444","BECv13","CWHvh2","CWHvh2/Bb","D0"
"3445","BECv13","CWHvh2","CWHvh2/Bb","E0"
"3446","BECv13","CWHvh2","CWHvh2/Bb","E1"
"3447","BECv13","CWHvh2","CWHvh2/Bb","E2"
"3448","BECv13","CWHvh2","CWHvh2/Bb","E3"
"3449","BECv13","CWHvh2","CWHvh2/Br","D0"
"3450","BECv13","CWHvh2","CWHvh2/Br","D3"
"3451","BECv13","CWHvh2","CWHvh2/Br","D2"
"3452","BECv13","CWHvh2","CWHvh2/Br","D1"
"3453","BECv13","CWHvh2","CWHvh2/Br","E0"
"3454","BECv13","CWHvh2","CWHvh2/Br","E1"
"3455","BECv13","CWHvh2","CWHvh2/Br","E2"
"3456","BECv13","CWHvh2","CWHvh2/Br","E3"
"3457","BECv13","CWHvh2","CWHvh2/Em","E7"
"3458","BECv13","CWHvh2","CWHvh2/Em","D7"
"3459","BECv13","CWHvh2","CWHvh2/Em","C7"
"3460","BECv13","CWHvh2","CWHvh2/Fl51","D6"
"3461","BECv13","CWHvh2","CWHvh2/Fl51","D5"
"3462","BECv13","CWHvh2","CWHvh2/Fl51","E5"
"3463","BECv13","CWHvh2","CWHvh2/Fl51","E6"
"3464","BECv13","CWHvh2","CWHvh2/Fm52","D5"
"3465","BECv13","CWHvh2","CWHvh2/Fm52","D6"
"3466","BECv13","CWHvh2","CWHvh2/Fm52","E6"
"3467","BECv13","CWHvh2","CWHvh2/Fm52","E5"
"3468","BECv13","CWHvh2","CWHvh2/Wb53","A7"
"3469","BECv13","CWHvh2","CWHvh2/Wb53","A6"
"3470","BECv13","CWHvh2","CWHvh2/Wb53","B6"
"3471","BECv13","CWHvh2","CWHvh2/Wb53","B7"
"3472","BECv13","CWHvh2","CWHvh2/Ws54","E6"
"3473","BECv13","CWHvh2","CWHvh2/Ws54","E7"
"3474","BECv13","CWHvh2","CWHvh2/Ws54","D7"
"3475","BECv13","CWHvh2","CWHvh2/Ws54","D6"
"3476","BECv13","CWHvh2","CWHvh2/Ws54","C6"
"3477","BECv13","CWHvh2","CWHvh2/Ws54","C7"
"3478","BECv13","CWHvh2","CWHvh2/Ws56","E6"
"3479","BECv13","CWHvh2","CWHvh2/Ws56","E7"
"3480","BECv13","CWHvh2","CWHvh2/Ws56","D7"
"3481","BECv13","CWHvh2","CWHvh2/Ws56","D6"
"3482","BECv13","CWHvh2","CWHvh2/Ws56","C6"
"3483","BECv13","CWHvh2","CWHvh2/Ws56","C7"
"3484","BECv13","CWHvh2","CWHvh2/Ws60","E6"
"3485","BECv13","CWHvh2","CWHvh2/Ws60","E7"
"3486","BECv13","CWHvh2","CWHvh2/Ws60","D7"
"3487","BECv13","CWHvh2","CWHvh2/Ws60","D6"
"3488","BECv13","CWHvh2","CWHvh2/Ws60","C6"
"3489","BECv13","CWHvh2","CWHvh2/Ws60","C7"
"3490","BECv13","CWHvh2","CWHvh2/Ws58","C7"
"3491","BECv13","CWHvh2","CWHvh2/Ws58","E6"
"3492","BECv13","CWHvh2","CWHvh2/Ws58","E7"
"3493","BECv13","CWHvh2","CWHvh2/Ws58","D7"
"3494","BECv13","CWHvh2","CWHvh2/Ws58","D6"
"3495","BECv13","CWHvh2","CWHvh2/Ws58","C6"
"3496","BECv13","CWHvh2","CWHvh2/Ws58","C7"
"3497","BECv10","CWHvh3","CWHvh3/101","C5"
"3498","BECv10","CWHvh3","CWHvh3/101","C4"
"3499","BECv10","CWHvh3","CWHvh3/101","B5"
"3500","BECv10","CWHvh3","CWHvh3/101","B4"
"3501","BECv10","CWHvh3","CWHvh3/101","B3"
"3502","BECv10","CWHvh3","CWHvh3/101","A5"
"3503","BECv10","CWHvh3","CWHvh3/101","A4"
"3504","BECv10","CWHvh3","CWHvh3/101","A3"
"3505","BEC11","CWHvh3","CWHvh3/101a","C5"
"3506","BEC11","CWHvh3","CWHvh3/101a","C4"
"3507","BEC11","CWHvh3","CWHvh3/101a","B5"
"3508","BEC11","CWHvh3","CWHvh3/101a","B4"
"3509","BEC11","CWHvh3","CWHvh3/101a","B3"
"3510","BEC11","CWHvh3","CWHvh3/101a","A5"
"3511","BEC11","CWHvh3","CWHvh3/101a","A4"
"3512","BEC11","CWHvh3","CWHvh3/101a","A3"
"3513","BEC11","CWHvh3","CWHvh3/101b","B4"
"3514","BEC11","CWHvh3","CWHvh3/101b","B3"
"3515","BEC11","CWHvh3","CWHvh3/101b","A4"
"3516","BEC11","CWHvh3","CWHvh3/101b","A3"
"3517","BEC11","CWHvh3","CWHvh3/101c","C5"
"3518","BEC11","CWHvh3","CWHvh3/101c","B5"
"3519","BEC11","CWHvh3","CWHvh3/101c","B4"
"3520","BEC11","CWHvh3","CWHvh3/101c","A5"
"3521","BEC11","CWHvh3","CWHvh3/101c","A4"
"3522","BECv10","CWHvh3","CWHvh3/102","B2"
"3523","BECv10","CWHvh3","CWHvh3/102","B1"
"3524","BECv10","CWHvh3","CWHvh3/102","B0"
"3525","BECv10","CWHvh3","CWHvh3/102","A2"
"3526","BECv10","CWHvh3","CWHvh3/102","A1"
"3527","BECv10","CWHvh3","CWHvh3/102","A0"
"3528","BECv10","CWHvh3","CWHvh3/103","C2"
"3529","BECv10","CWHvh3","CWHvh3/103","C1"
"3530","BECv10","CWHvh3","CWHvh3/103","C0"
"3531","BECv10","CWHvh3","CWHvh3/103","B2"
"3532","BECv10","CWHvh3","CWHvh3/103","B1"
"3533","BECv10","CWHvh3","CWHvh3/103","B0"
"3534","BECv10","CWHvh3","CWHvh3/103","A2"
"3535","BECv10","CWHvh3","CWHvh3/103","A1"
"3536","BECv10","CWHvh3","CWHvh3/103","A0"
"3537","BEC11","CWHvh3","CWHvh3/103.1","C2"
"3538","BEC11","CWHvh3","CWHvh3/103.1","C1"
"3539","BEC11","CWHvh3","CWHvh3/103.1","C0"
"3540","BEC11","CWHvh3","CWHvh3/103.1","B2"
"3541","BEC11","CWHvh3","CWHvh3/103.1","B1"
"3542","BEC11","CWHvh3","CWHvh3/103.1","B0"
"3543","BEC11","CWHvh3","CWHvh3/103.1","A2"
"3544","BEC11","CWHvh3","CWHvh3/103.1","A1"
"3545","BEC11","CWHvh3","CWHvh3/103.1","A0"
"3546","BEC11","CWHvh3","CWHvh3/103.2","C2"
"3547","BEC11","CWHvh3","CWHvh3/103.2","C1"
"3548","BEC11","CWHvh3","CWHvh3/103.2","C0"
"3549","BEC11","CWHvh3","CWHvh3/103.2","B2"
"3550","BEC11","CWHvh3","CWHvh3/103.2","B1"
"3551","BEC11","CWHvh3","CWHvh3/103.2","B0"
"3552","BEC11","CWHvh3","CWHvh3/103.2","A2"
"3553","BEC11","CWHvh3","CWHvh3/103.2","A1"
"3554","BEC11","CWHvh3","CWHvh3/103.2","A0"
"3555","BECv10","CWHvh3","CWHvh3/104","C3"
"3556","BECv10","CWHvh3","CWHvh3/104","C2"
"3557","BECv10","CWHvh3","CWHvh3/104","B3"
"3558","BECv10","CWHvh3","CWHvh3/104","B2"
"3559","BECv10","CWHvh3","CWHvh3/104","A3"
"3560","BECv10","CWHvh3","CWHvh3/104","A2"
"3561","BECv10","CWHvh3","CWHvh3/105","D3"
"3562","BECv10","CWHvh3","CWHvh3/105","D2"
"3563","BECv10","CWHvh3","CWHvh3/105","C3"
"3564","BECv10","CWHvh3","CWHvh3/105","C2"
"3565","BECv10","CWHvh3","CWHvh3/105a","D3"
"3566","BECv10","CWHvh3","CWHvh3/105a","D2"
"3567","BECv10","CWHvh3","CWHvh3/105a","C3"
"3568","BECv10","CWHvh3","CWHvh3/105a","C2"
"3569","BECv10","CWHvh3","CWHvh3/105b","D3"
"3570","BECv10","CWHvh3","CWHvh3/105b","D2"
"3571","BECv10","CWHvh3","CWHvh3/105b","C3"
"3572","BECv10","CWHvh3","CWHvh3/105b","C2"
"3573","BECv10","CWHvh3","CWHvh3/106","E3"
"3574","BECv10","CWHvh3","CWHvh3/106","E2"
"3575","BECv10","CWHvh3","CWHvh3/106","D3"
"3576","BECv10","CWHvh3","CWHvh3/106","D2"
"3577","BECv10","CWHvh3","CWHvh3/106a","E3"
"3578","BECv10","CWHvh3","CWHvh3/106a","E2"
"3579","BECv10","CWHvh3","CWHvh3/106a","D3"
"3580","BECv10","CWHvh3","CWHvh3/106a","D2"
"3581","BECv10","CWHvh3","CWHvh3/106b","D3"
"3582","BECv10","CWHvh3","CWHvh3/106b","D2"
"3583","BECv10","CWHvh3","CWHvh3/106c","E3"
"3584","BECv10","CWHvh3","CWHvh3/106c","E2"
"3585","BECv10","CWHvh3","CWHvh3/106c","D3"
"3586","BECv10","CWHvh3","CWHvh3/106c","D2"
"3587","BECv10","CWHvh3","CWHvh3/110","E4"
"3588","BECv10","CWHvh3","CWHvh3/110","D4"
"3589","BECv10","CWHvh3","CWHvh3/110a","E4"
"3590","BECv10","CWHvh3","CWHvh3/110a","D4"
"3591","BECv10","CWHvh3","CWHvh3/110b","E4"
"3592","BECv10","CWHvh3","CWHvh3/110b","D4"
"3593","BECv10","CWHvh3","CWHvh3/110c","E4"
"3594","BECv10","CWHvh3","CWHvh3/110c","D4"
"3595","BECv10","CWHvh3","CWHvh3/111","E4"
"3596","BECv10","CWHvh3","CWHvh3/111","D4"
"3597","BECv10","CWHvh3","CWHvh3/112","E5"
"3598","BECv10","CWHvh3","CWHvh3/112","E4"
"3599","BECv10","CWHvh3","CWHvh3/112","D5"
"3600","BECv10","CWHvh3","CWHvh3/112","D4"
"3601","BECv10","CWHvh3","CWHvh3/113","E5"
"3602","BECv10","CWHvh3","CWHvh3/113","D5"
"3603","BECv10","CWHvh3","CWHvh3/114","E5"
"3604","BECv10","CWHvh3","CWHvh3/114","D5"
"3605","BECv10","CWHvh3","CWHvh3/115","C6"
"3606","BECv10","CWHvh3","CWHvh3/115","C5"
"3607","BECv10","CWHvh3","CWHvh3/115","B6"
"3608","BECv10","CWHvh3","CWHvh3/115","B5"
"3609","BECv10","CWHvh3","CWHvh3/115","A6"
"3610","BECv10","CWHvh3","CWHvh3/115","A5"
"3611","BECv10","CWHvh3","CWHvh3/116","E6"
"3612","BECv10","CWHvh3","CWHvh3/116","D6"
"3613","BECv10","CWHvh3","CWHvh3/117","E7"
"3614","BECv10","CWHvh3","CWHvh3/117","E6"
"3615","BECv10","CWHvh3","CWHvh3/117","D7"
"3616","BECv10","CWHvh3","CWHvh3/117","D6"
"3617","BEC11","CWHvh3","CWHvh3/117a","E6"
"3618","BEC11","CWHvh3","CWHvh3/117a","D6"
"3619","BEC11","CWHvh3","CWHvh3/117b","E7"
"3620","BEC11","CWHvh3","CWHvh3/117b","D7"
"3621","BECv10","CWHvh3","CWHvh3/Wb53","B7"
"3622","BECv10","CWHvh3","CWHvh3/Wb53","A7"
"3623","USA_2019","CWHvm_OR","CWHvm_OR/101","D4"
"3624","USA_2019","CWHvm_OR","CWHvm_OR/101","D3"
"3625","USA_2019","CWHvm_OR","CWHvm_OR/101","C4"
"3626","USA_2019","CWHvm_OR","CWHvm_OR/101","C3"
"3627","USA_2019","CWHvm_OR","CWHvm_OR/101","B4"
"3628","USA_2019","CWHvm_OR","CWHvm_OR/101","B3"
"3629","USA_2019","CWHvm_OR","CWHvm_OR/102","D1"
"3630","USA_2019","CWHvm_OR","CWHvm_OR/102","C1"
"3631","USA_2019","CWHvm_OR","CWHvm_OR/102","B1"
"3632","USA_2019","CWHvm_OR","CWHvm_OR/102","A1"
"3633","USA_2019","CWHvm_OR","CWHvm_OR/103","D2"
"3634","USA_2019","CWHvm_OR","CWHvm_OR/103","C2"
"3635","USA_2019","CWHvm_OR","CWHvm_OR/103","B2"
"3636","USA_2019","CWHvm_OR","CWHvm_OR/103","A2"
"3637","USA_2019","CWHvm_OR","CWHvm_OR/110","C5"
"3638","USA_2019","CWHvm_OR","CWHvm_OR/110","B5"
"3639","USA_2019","CWHvm_OR","CWHvm_OR/111","C6"
"3640","USA_2019","CWHvm_OR","CWHvm_OR/111","B6"
"3641","USA_2019","CWHvm_OR","CWHvm_OR/112","E5"
"3642","USA_2019","CWHvm_OR","CWHvm_OR/112","D5"
"3643","USA_2019","CWHvm_OR","CWHvm_OR/113","E6"
"3644","USA_2019","CWHvm_OR","CWHvm_OR/113","D6"
"3645","Add_2021","CWHvm_OR","CWHvm_OR/Ro","A0"
"3646","Add_2021","CWHvm_OR","CWHvm_OR/Ro","B0"
"3647","USA_2019","CWHvm_WA","CWHvm_WA/101","D4"
"3648","USA_2019","CWHvm_WA","CWHvm_WA/101","D3"
"3649","USA_2019","CWHvm_WA","CWHvm_WA/101","C4"
"3650","USA_2019","CWHvm_WA","CWHvm_WA/101","C3"
"3651","USA_2019","CWHvm_WA","CWHvm_WA/101","B4"
"3652","USA_2019","CWHvm_WA","CWHvm_WA/101","B3"
"3653","USA_2019","CWHvm_WA","CWHvm_WA/102","D1"
"3654","USA_2019","CWHvm_WA","CWHvm_WA/102","C1"
"3655","USA_2019","CWHvm_WA","CWHvm_WA/102","B1"
"3656","USA_2019","CWHvm_WA","CWHvm_WA/102","A1"
"3657","USA_2019","CWHvm_WA","CWHvm_WA/103","D2"
"3658","USA_2019","CWHvm_WA","CWHvm_WA/103","C2"
"3659","USA_2019","CWHvm_WA","CWHvm_WA/103","B2"
"3660","USA_2019","CWHvm_WA","CWHvm_WA/103","A2"
"3661","USA_2019","CWHvm_WA","CWHvm_WA/110","C5"
"3662","USA_2019","CWHvm_WA","CWHvm_WA/110","B5"
"3663","USA_2019","CWHvm_WA","CWHvm_WA/111","C6"
"3664","USA_2019","CWHvm_WA","CWHvm_WA/111","B6"
"3665","USA_2019","CWHvm_WA","CWHvm_WA/112","E5"
"3666","USA_2019","CWHvm_WA","CWHvm_WA/112","D5"
"3667","USA_2019","CWHvm_WA","CWHvm_WA/113","E6"
"3668","USA_2019","CWHvm_WA","CWHvm_WA/113","D6"
"3669","Add_2021","CWHvm_WA","CWHvm_WA/Ro","A0"
"3670","Add_2021","CWHvm_WA","CWHvm_WA/Ro","B0"
"3671","BECv13","CWHvm1","CWHvm1/101","B3"
"3672","BECv13","CWHvm1","CWHvm1/101","C3"
"3673","BECv13","CWHvm1","CWHvm1/101","B4"
"3674","BECv13","CWHvm1","CWHvm1/101","C4"
"3675","BECv13","CWHvm1","CWHvm1/102","A0"
"3676","BECv13","CWHvm1","CWHvm1/102","A1"
"3677","BECv13","CWHvm1","CWHvm1/102","B1"
"3678","BECv13","CWHvm1","CWHvm1/102","B0"
"3679","BECv13","CWHvm1","CWHvm1/102","C0"
"3680","BECv13","CWHvm1","CWHvm1/102","C1"
"3681","BECv13","CWHvm1","CWHvm1/103","A2"
"3682","BECv13","CWHvm1","CWHvm1/103","B2"
"3683","BECv13","CWHvm1","CWHvm1/103","C2"
"3684","BECv13","CWHvm1","CWHvm1/103","A3"
"3685","BECv13","CWHvm1","CWHvm1/103","B3"
"3686","BECv13","CWHvm1","CWHvm1/104","A2"
"3687","BECv13","CWHvm1","CWHvm1/104","A3"
"3688","BECv13","CWHvm1","CWHvm1/104","B2"
"3689","BECv13","CWHvm1","CWHvm1/104","C2"
"3690","BECv13","CWHvm1","CWHvm1/104","B3"
"3691","BECv13","CWHvm1","CWHvm1/105","D2"
"3692","BECv13","CWHvm1","CWHvm1/105","D3"
"3693","BECv13","CWHvm1","CWHvm1/105","E3"
"3694","BECv13","CWHvm1","CWHvm1/105","E2"
"3695","BECv13","CWHvm1","CWHvm1/110","D4"
"3696","BECv13","CWHvm1","CWHvm1/110","E4"
"3697","BECv13","CWHvm1","CWHvm1/110","E5"
"3698","BECv13","CWHvm1","CWHvm1/110","D5"
"3699","BECv13","CWHvm1","CWHvm1/111","A4"
"3700","BECv13","CWHvm1","CWHvm1/111","A5"
"3701","BECv13","CWHvm1","CWHvm1/111","B5"
"3702","BECv13","CWHvm1","CWHvm1/111","C5"
"3703","BECv13","CWHvm1","CWHvm1/111.1","A4"
"3704","BECv13","CWHvm1","CWHvm1/111.1","A5"
"3705","BECv13","CWHvm1","CWHvm1/111.1","B5"
"3706","BECv13","CWHvm1","CWHvm1/111.1","C5"
"3707","BECv13","CWHvm1","CWHvm1/111.2","A4"
"3708","BECv13","CWHvm1","CWHvm1/111.2","A5"
"3709","BECv13","CWHvm1","CWHvm1/111.2","B5"
"3710","BECv13","CWHvm1","CWHvm1/111.2","C5"
"3711","BECv13","CWHvm1","CWHvm1/112","D5"
"3712","BECv13","CWHvm1","CWHvm1/112","E5"
"3713","BECv13","CWHvm1","CWHvm1/112","E6"
"3714","BECv13","CWHvm1","CWHvm1/112","D6"
"3715","BECv13","CWHvm1","CWHvm1/112.1","D5"
"3716","BECv13","CWHvm1","CWHvm1/112.1","E5"
"3717","BECv13","CWHvm1","CWHvm1/112.1","E6"
"3718","BECv13","CWHvm1","CWHvm1/112.1","D6"
"3719","BECv13","CWHvm1","CWHvm1/112.2","D5"
"3720","BECv13","CWHvm1","CWHvm1/112.2","E5"
"3721","BECv13","CWHvm1","CWHvm1/112.2","E6"
"3722","BECv13","CWHvm1","CWHvm1/112.2","D6"
"3723","BECv13","CWHvm1","CWHvm1/113","A6"
"3724","BECv13","CWHvm1","CWHvm1/113","B6"
"3725","BECv13","CWHvm1","CWHvm1/113","C6"
"3726","BECv13","CWHvm1","CWHvm1/114","D5"
"3727","BECv13","CWHvm1","CWHvm1/114","E5"
"3728","BECv13","CWHvm1","CWHvm1/114","E6"
"3729","BECv13","CWHvm1","CWHvm1/114","D6"
"3730","BECv13","CWHvm1","CWHvm1/Fl50","D5"
"3731","BECv13","CWHvm1","CWHvm1/Fl50","E5"
"3732","BECv13","CWHvm1","CWHvm1/Fl50","E6"
"3733","BECv13","CWHvm1","CWHvm1/Fl50","D6"
"3734","BECv13","CWHvm1","CWHvm1/Fl51","D5"
"3735","BECv13","CWHvm1","CWHvm1/Fl51","E5"
"3736","BECv13","CWHvm1","CWHvm1/Fl51","E6"
"3737","BECv13","CWHvm1","CWHvm1/Fl51","D6"
"3738","BECv13","CWHvm1","CWHvm1/Fm50","D5"
"3739","BECv13","CWHvm1","CWHvm1/Fm50","E5"
"3740","BECv13","CWHvm1","CWHvm1/Fm50","E6"
"3741","BECv13","CWHvm1","CWHvm1/Fm50","D6"
"3742","BECv13","CWHvm1","CWHvm1/Fm52","D5"
"3743","BECv13","CWHvm1","CWHvm1/Fm52","E5"
"3744","BECv13","CWHvm1","CWHvm1/Fm52","E6"
"3745","BECv13","CWHvm1","CWHvm1/Fm52","D6"
"3746","BECv13","CWHvm1","CWHvm1/Wb51","A7"
"3747","BECv13","CWHvm1","CWHvm1/Wb51","B7"
"3748","BECv13","CWHvm1","CWHvm1/Wb55","A7"
"3749","BECv13","CWHvm1","CWHvm1/Wb55","B7"
"3750","BECv13","CWHvm1","CWHvm1/Wf","C7"
"3751","BECv13","CWHvm1","CWHvm1/Wf","D7"
"3752","BECv13","CWHvm1","CWHvm1/Wf","E7"
"3753","BECv13","CWHvm1","CWHvm1/Wm","C7"
"3754","BECv13","CWHvm1","CWHvm1/Wm","D7"
"3755","BECv13","CWHvm1","CWHvm1/Wm","E7"
"3756","BECv13","CWHvm1","CWHvm1/Ws54","E7"
"3757","BECv13","CWHvm1","CWHvm1/Ws54","D7"
"3758","BECv13","CWHvm1","CWHvm1/Ws54","C7"
"3759","BECv13","CWHvm1","CWHvm1/Ws54","D6"
"3760","BECv13","CWHvm1","CWHvm1/Ws54","E6"
"3761","BECv13","CWHvm1","CWHvm1/Ws56","E7"
"3762","BECv13","CWHvm1","CWHvm1/Ws56","D7"
"3763","BECv13","CWHvm1","CWHvm1/Ws56","C7"
"3764","BECv13","CWHvm1","CWHvm1/Ws56","D6"
"3765","BECv13","CWHvm1","CWHvm1/Ws56","E6"
"3766","BECv13","CWHvm1","CWHvm1/Ws58","E7"
"3767","BECv13","CWHvm1","CWHvm1/Ws58","D7"
"3768","BECv13","CWHvm1","CWHvm1/Ws58","C7"
"3769","BECv13","CWHvm1","CWHvm1/Ws58","D6"
"3770","BECv13","CWHvm1","CWHvm1/Ws58","E6"
"3771","BECv13","CWHvm1","CWHvm1/Ws60","E7"
"3772","BECv13","CWHvm1","CWHvm1/Ws60","D7"
"3773","BECv13","CWHvm1","CWHvm1/Ws60","C7"
"3774","BECv13","CWHvm1","CWHvm1/Ws60","D6"
"3775","BECv13","CWHvm1","CWHvm1/Ws60","E6"
"3776","BECv13","CWHvm2","CWHvm2/101","B3"
"3777","BECv13","CWHvm2","CWHvm2/101","B4"
"3778","BECv13","CWHvm2","CWHvm2/101","C4"
"3779","BECv13","CWHvm2","CWHvm2/101","C3"
"3780","BECv13","CWHvm2","CWHvm2/102","A0"
"3781","BECv13","CWHvm2","CWHvm2/102","B0"
"3782","BECv13","CWHvm2","CWHvm2/102","A1"
"3783","BECv13","CWHvm2","CWHvm2/102","B1"
"3784","BECv13","CWHvm2","CWHvm2/102","C0"
"3785","BECv13","CWHvm2","CWHvm2/102","C1"
"3786","BECv13","CWHvm2","CWHvm2/103","A1"
"3787","BECv13","CWHvm2","CWHvm2/103","B1"
"3788","BECv13","CWHvm2","CWHvm2/103","C1"
"3789","BECv13","CWHvm2","CWHvm2/103","C2"
"3790","BECv13","CWHvm2","CWHvm2/103","B2"
"3791","BECv13","CWHvm2","CWHvm2/103","A2"
"3792","BECv13","CWHvm2","CWHvm2/103","A3"
"3793","BECv13","CWHvm2","CWHvm2/103","B3"
"3794","BECv13","CWHvm2","CWHvm2/103","C3"
"3795","BECv13","CWHvm2","CWHvm2/104","A1"
"3796","BECv13","CWHvm2","CWHvm2/104","B1"
"3797","BECv13","CWHvm2","CWHvm2/104","C1"
"3798","BECv13","CWHvm2","CWHvm2/104","C2"
"3799","BECv13","CWHvm2","CWHvm2/104","C3"
"3800","BECv13","CWHvm2","CWHvm2/104","B3"
"3801","BECv13","CWHvm2","CWHvm2/104","A3"
"3802","BECv13","CWHvm2","CWHvm2/104","A2"
"3803","BECv13","CWHvm2","CWHvm2/104","B2"
"3804","BECv13","CWHvm2","CWHvm2/105","A1"
"3805","BECv13","CWHvm2","CWHvm2/105","B1"
"3806","BECv13","CWHvm2","CWHvm2/105","C1"
"3807","BECv13","CWHvm2","CWHvm2/105","C2"
"3808","BECv13","CWHvm2","CWHvm2/105","B2"
"3809","BECv13","CWHvm2","CWHvm2/105","A2"
"3810","BECv13","CWHvm2","CWHvm2/105","A3"
"3811","BECv13","CWHvm2","CWHvm2/105","B3"
"3812","BECv13","CWHvm2","CWHvm2/105","C3"
"3813","BECv13","CWHvm2","CWHvm2/110","D3"
"3814","BECv13","CWHvm2","CWHvm2/110","E3"
"3815","BECv13","CWHvm2","CWHvm2/110","E4"
"3816","BECv13","CWHvm2","CWHvm2/110","D4"
"3817","BECv13","CWHvm2","CWHvm2/110","D5"
"3818","BECv13","CWHvm2","CWHvm2/110","E5"
"3819","BECv13","CWHvm2","CWHvm2/111","A4"
"3820","BECv13","CWHvm2","CWHvm2/111","A5"
"3821","BECv13","CWHvm2","CWHvm2/111","B5"
"3822","BECv13","CWHvm2","CWHvm2/111","C5"
"3823","BECv13","CWHvm2","CWHvm2/111.1","A4"
"3824","BECv13","CWHvm2","CWHvm2/111.1","B5"
"3825","BECv13","CWHvm2","CWHvm2/111.1","A5"
"3826","BECv13","CWHvm2","CWHvm2/111.1","C5"
"3827","BECv13","CWHvm2","CWHvm2/111.2","A4"
"3828","BECv13","CWHvm2","CWHvm2/111.2","A5"
"3829","BECv13","CWHvm2","CWHvm2/111.2","B5"
"3830","BECv13","CWHvm2","CWHvm2/111.2","C5"
"3831","BECv13","CWHvm2","CWHvm2/112","D5"
"3832","BECv13","CWHvm2","CWHvm2/112","E5"
"3833","BECv13","CWHvm2","CWHvm2/112","E6"
"3834","BECv13","CWHvm2","CWHvm2/112","D6"
"3835","BECv13","CWHvm2","CWHvm2/112.1","D5"
"3836","BECv13","CWHvm2","CWHvm2/112.1","D6"
"3837","BECv13","CWHvm2","CWHvm2/112.1","E6"
"3838","BECv13","CWHvm2","CWHvm2/112.1","E5"
"3839","BECv13","CWHvm2","CWHvm2/112.2","D5"
"3840","BECv13","CWHvm2","CWHvm2/112.2","D6"
"3841","BECv13","CWHvm2","CWHvm2/112.2","E6"
"3842","BECv13","CWHvm2","CWHvm2/112.2","E5"
"3843","BECv13","CWHvm2","CWHvm2/113","A6"
"3844","BECv13","CWHvm2","CWHvm2/113","B6"
"3845","BECv13","CWHvm2","CWHvm2/114","C6"
"3846","BECv13","CWHvm2","CWHvm2/114","D6"
"3847","BECv13","CWHvm2","CWHvm2/114","D7"
"3848","BECv13","CWHvm2","CWHvm2/114","C7"
"3849","BECv13","CWHvm2","CWHvm2/115","E7"
"3850","BECv13","CWHvm2","CWHvm2/115","D7"
"3851","BECv13","CWHvm2","CWHvm2/115","D6"
"3852","BECv13","CWHvm2","CWHvm2/115","E6"
"3853","BECv13","CWHvm2","CWHvm2/Wb51","A7"
"3854","BECv13","CWHvm2","CWHvm2/Wb51","B7"
"3855","BECv13","CWHvm2","CWHvm2/Wb53","A7"
"3856","BECv13","CWHvm2","CWHvm2/Wb53","B7"
"3857","BECv13","CWHvm2","CWHvm2/Wf","C7"
"3858","BECv13","CWHvm2","CWHvm2/Wf","D7"
"3859","BECv13","CWHvm2","CWHvm2/Wf","E7"
"3860","BECv13","CWHvm2","CWHvm2/Wm","C7"
"3861","BECv13","CWHvm2","CWHvm2/Wm","D7"
"3862","BECv13","CWHvm2","CWHvm2/Wm","E7"
"3863","BECv13","CWHvm2","CWHvm2/Ws55","E7"
"3864","BECv13","CWHvm2","CWHvm2/Ws55","D7"
"3865","BECv13","CWHvm2","CWHvm2/Ws55","D6"
"3866","BECv13","CWHvm2","CWHvm2/Ws55","E6"
"3867","BECv13","CWHvm3","CWHvm3/101","B4"
"3868","BECv13","CWHvm3","CWHvm3/101","C4"
"3869","BECv13","CWHvm3","CWHvm3/101","C3"
"3870","BECv13","CWHvm3","CWHvm3/102","A0"
"3871","BECv13","CWHvm3","CWHvm3/102","B0"
"3872","BECv13","CWHvm3","CWHvm3/102","A1"
"3873","BECv13","CWHvm3","CWHvm3/102","B1"
"3874","BECv13","CWHvm3","CWHvm3/102","C0"
"3875","BECv13","CWHvm3","CWHvm3/102","C1"
"3876","BECv13","CWHvm3","CWHvm3/103","A1"
"3877","BECv13","CWHvm3","CWHvm3/103","B1"
"3878","BECv13","CWHvm3","CWHvm3/103","C1"
"3879","BECv13","CWHvm3","CWHvm3/103","C2"
"3880","BECv13","CWHvm3","CWHvm3/103","B2"
"3881","BECv13","CWHvm3","CWHvm3/103","A2"
"3882","BECv13","CWHvm3","CWHvm3/103","A3"
"3883","BECv13","CWHvm3","CWHvm3/103","B3"
"3884","BECv13","CWHvm3","CWHvm3/104","D2"
"3885","BECv13","CWHvm3","CWHvm3/104","E2"
"3886","BECv13","CWHvm3","CWHvm3/104","E3"
"3887","BECv13","CWHvm3","CWHvm3/104","D3"
"3888","BECv13","CWHvm3","CWHvm3/110","D4"
"3889","BECv13","CWHvm3","CWHvm3/110","E4"
"3890","BECv13","CWHvm3","CWHvm3/110","D5"
"3891","BECv13","CWHvm3","CWHvm3/110","E5"
"3892","BECv13","CWHvm3","CWHvm3/111","A4"
"3893","BECv13","CWHvm3","CWHvm3/111","A5"
"3894","BECv13","CWHvm3","CWHvm3/111","B5"
"3895","BECv13","CWHvm3","CWHvm3/111","C5"
"3896","BECv13","CWHvm3","CWHvm3/111.1","A4"
"3897","BECv13","CWHvm3","CWHvm3/111.1","A5"
"3898","BECv13","CWHvm3","CWHvm3/111.1","B5"
"3899","BECv13","CWHvm3","CWHvm3/111.1","C5"
"3900","BECv13","CWHvm3","CWHvm3/111.2","A4"
"3901","BECv13","CWHvm3","CWHvm3/111.2","A5"
"3902","BECv13","CWHvm3","CWHvm3/111.2","B5"
"3903","BECv13","CWHvm3","CWHvm3/111.2","C5"
"3904","BECv13","CWHvm3","CWHvm3/112","D6"
"3905","BECv13","CWHvm3","CWHvm3/112","E6"
"3906","BECv13","CWHvm3","CWHvm3/112","D5"
"3907","BECv13","CWHvm3","CWHvm3/112","E5"
"3908","BECv13","CWHvm3","CWHvm3/112.1","D5"
"3909","BECv13","CWHvm3","CWHvm3/112.1","E5"
"3910","BECv13","CWHvm3","CWHvm3/112.1","E6"
"3911","BECv13","CWHvm3","CWHvm3/112.1","D6"
"3912","BECv13","CWHvm3","CWHvm3/112.2","D5"
"3913","BECv13","CWHvm3","CWHvm3/112.2","E5"
"3914","BECv13","CWHvm3","CWHvm3/112.2","E6"
"3915","BECv13","CWHvm3","CWHvm3/112.2","D6"
"3916","BECv13","CWHvm3","CWHvm3/113","A6"
"3917","BECv13","CWHvm3","CWHvm3/113","B6"
"3918","BECv13","CWHvm3","CWHvm3/113","C6"
"3919","BECv13","CWHvm3","CWHvm3/114","D5"
"3920","BECv13","CWHvm3","CWHvm3/114","E5"
"3921","BECv13","CWHvm3","CWHvm3/114","E6"
"3922","BECv13","CWHvm3","CWHvm3/114","D6"
"3923","BECv13","CWHvm3","CWHvm3/Fl50","D6"
"3924","BECv13","CWHvm3","CWHvm3/Fl50","D5"
"3925","BECv13","CWHvm3","CWHvm3/Fl50","E5"
"3926","BECv13","CWHvm3","CWHvm3/Fl50","E6"
"3927","BECv13","CWHvm3","CWHvm3/Fl51","D6"
"3928","BECv13","CWHvm3","CWHvm3/Fl51","D5"
"3929","BECv13","CWHvm3","CWHvm3/Fl51","E5"
"3930","BECv13","CWHvm3","CWHvm3/Fl51","E6"
"3931","BECv13","CWHvm3","CWHvm3/Fm50","D5"
"3932","BECv13","CWHvm3","CWHvm3/Fm50","E5"
"3933","BECv13","CWHvm3","CWHvm3/Fm50","E6"
"3934","BECv13","CWHvm3","CWHvm3/Fm50","D6"
"3935","BECv13","CWHvm3","CWHvm3/Wb51","A7"
"3936","BECv13","CWHvm3","CWHvm3/Wb51","B7"
"3937","BECv13","CWHvm3","CWHvm3/Wb53","A7"
"3938","BECv13","CWHvm3","CWHvm3/Wb53","B7"
"3939","BECv13","CWHvm3","CWHvm3/Wf","C7"
"3940","BECv13","CWHvm3","CWHvm3/Wf","D7"
"3941","BECv13","CWHvm3","CWHvm3/Wf","E7"
"3942","BECv13","CWHvm3","CWHvm3/Wm","C7"
"3943","BECv13","CWHvm3","CWHvm3/Wm","D7"
"3944","BECv13","CWHvm3","CWHvm3/Wm","E7"
"3945","BECv13","CWHvm3","CWHvm3/Ws54","C7"
"3946","BECv13","CWHvm3","CWHvm3/Ws54","D7"
"3947","BECv13","CWHvm3","CWHvm3/Ws54","E7"
"3948","BECv13","CWHvm3","CWHvm3/Ws56","C7"
"3949","BECv13","CWHvm3","CWHvm3/Ws56","D7"
"3950","BECv13","CWHvm3","CWHvm3/Ws56","E7"
"3951","BECv13","CWHvm3","CWHvm3/Ws58","C7"
"3952","BECv13","CWHvm3","CWHvm3/Ws58","D7"
"3953","BECv13","CWHvm3","CWHvm3/Ws58","E7"
"3954","BECv13","CWHvm3","CWHvm3/Ws60","C7"
"3955","BECv13","CWHvm3","CWHvm3/Ws60","D7"
"3956","BECv13","CWHvm3","CWHvm3/Ws60","E7"
"3957","BECv13","CWHvm4","CWHvm4/101","B3"
"3958","BECv13","CWHvm4","CWHvm4/101","C3"
"3959","BECv13","CWHvm4","CWHvm4/101","C4"
"3960","BECv13","CWHvm4","CWHvm4/101","B4"
"3961","BECv13","CWHvm3","CWHvm4/102","C0"
"3962","BECv13","CWHvm3","CWHvm4/102","C1"
"3963","BECv13","CWHvm4","CWHvm4/102","A0"
"3964","BECv13","CWHvm4","CWHvm4/102","B0"
"3965","BECv13","CWHvm4","CWHvm4/102","B1"
"3966","BECv13","CWHvm4","CWHvm4/102","A1"
"3967","BECv13","CWHvm4","CWHvm4/103","A1"
"3968","BECv13","CWHvm4","CWHvm4/103","B1"
"3969","BECv13","CWHvm4","CWHvm4/103","C1"
"3970","BECv13","CWHvm4","CWHvm4/103","C2"
"3971","BECv13","CWHvm4","CWHvm4/103","B2"
"3972","BECv13","CWHvm4","CWHvm4/103","A2"
"3973","BECv13","CWHvm4","CWHvm4/103","A3"
"3974","BECv13","CWHvm4","CWHvm4/103","B3"
"3975","BECv13","CWHvm4","CWHvm4/103","C3"
"3976","BECv13","CWHvm4","CWHvm4/104","A1"
"3977","BECv13","CWHvm4","CWHvm4/104","B1"
"3978","BECv13","CWHvm4","CWHvm4/104","C1"
"3979","BECv13","CWHvm4","CWHvm4/104","C2"
"3980","BECv13","CWHvm4","CWHvm4/104","B2"
"3981","BECv13","CWHvm4","CWHvm4/104","A2"
"3982","BECv13","CWHvm4","CWHvm4/104","A3"
"3983","BECv13","CWHvm4","CWHvm4/104","B3"
"3984","BECv13","CWHvm4","CWHvm4/104","C3"
"3985","BECv13","CWHvm4","CWHvm4/110","D3"
"3986","BECv13","CWHvm4","CWHvm4/110","E3"
"3987","BECv13","CWHvm4","CWHvm4/110","E4"
"3988","BECv13","CWHvm4","CWHvm4/110","D4"
"3989","BECv13","CWHvm4","CWHvm4/110","D5"
"3990","BECv13","CWHvm4","CWHvm4/110","E5"
"3991","BECv13","CWHvm4","CWHvm4/111","A4"
"3992","BECv13","CWHvm4","CWHvm4/111","A5"
"3993","BECv13","CWHvm4","CWHvm4/111","B5"
"3994","BECv13","CWHvm4","CWHvm4/111","C5"
"3995","BECv13","CWHvm4","CWHvm4/112","D5"
"3996","BECv13","CWHvm4","CWHvm4/112","E5"
"3997","BECv13","CWHvm4","CWHvm4/112","E6"
"3998","BECv13","CWHvm4","CWHvm4/112","D6"
"3999","BECv13","CWHvm4","CWHvm4/113","A6"
"4000","BECv13","CWHvm4","CWHvm4/113","B6"
"4001","BECv13","CWHvm4","CWHvm4/Wb51","A7"
"4002","BECv13","CWHvm4","CWHvm4/Wb51","B7"
"4003","BECv13","CWHvm4","CWHvm4/Wb53","A7"
"4004","BECv13","CWHvm4","CWHvm4/Wb53","B7"
"4005","BECv13","CWHvm4","CWHvm4/Wf","C7"
"4006","BECv13","CWHvm4","CWHvm4/Wf","D7"
"4007","BECv13","CWHvm4","CWHvm4/Wf","E7"
"4008","BECv13","CWHvm4","CWHvm4/Wm","C7"
"4009","BECv13","CWHvm4","CWHvm4/Wm","D7"
"4010","BECv13","CWHvm4","CWHvm4/Wm","E7"
"4011","BECv13","CWHvm4","CWHvm4/Ws55","E6"
"4012","BECv13","CWHvm4","CWHvm4/Ws55","C6"
"4013","BECv13","CWHvm4","CWHvm4/Ws55","D6"
"4014","BECv13","CWHvm4","CWHvm4/Ws55","C7"
"4015","BECv13","CWHvm4","CWHvm4/Ws55","D7"
"4016","BECv13","CWHvm4","CWHvm4/Ws55","E7"
"4017","USA_2023","CWHwh_OR","CWHwh_OR/101","D4"
"4018","USA_2023","CWHwh_OR","CWHwh_OR/101","D3"
"4019","USA_2023","CWHwh_OR","CWHwh_OR/101","C4"
"4020","USA_2023","CWHwh_OR","CWHwh_OR/101","C3"
"4021","USA_2023","CWHwh_OR","CWHwh_OR/101","B4"
"4022","USA_2023","CWHwh_OR","CWHwh_OR/101","B3"
"4023","USA_2023","CWHwh_OR","CWHwh_OR/102","D1"
"4024","USA_2023","CWHwh_OR","CWHwh_OR/102","C1"
"4025","USA_2023","CWHwh_OR","CWHwh_OR/102","B1"
"4026","USA_2023","CWHwh_OR","CWHwh_OR/102","A1"
"4027","USA_2023","CWHwh_OR","CWHwh_OR/103","D2"
"4028","USA_2023","CWHwh_OR","CWHwh_OR/103","C2"
"4029","USA_2023","CWHwh_OR","CWHwh_OR/103","B2"
"4030","USA_2023","CWHwh_OR","CWHwh_OR/103","A2"
"4031","USA_2023","CWHwh_OR","CWHwh_OR/110","C5"
"4032","USA_2023","CWHwh_OR","CWHwh_OR/110","B5"
"4033","USA_2023","CWHwh_OR","CWHwh_OR/111","C6"
"4034","USA_2023","CWHwh_OR","CWHwh_OR/111","B6"
"4035","USA_2023","CWHwh_OR","CWHwh_OR/112","E5"
"4036","USA_2023","CWHwh_OR","CWHwh_OR/112","D5"
"4037","USA_2023","CWHwh_OR","CWHwh_OR/113","E6"
"4038","USA_2023","CWHwh_OR","CWHwh_OR/113","D6"
"4039","USA_2023","CWHwh_OR","CWHwh_OR/Ro","A0"
"4040","USA_2023","CWHwh_OR","CWHwh_OR/Ro","B0"
"4041","USA_2019","CWHwh_WA","CWHwh_WA/101","D4"
"4042","USA_2019","CWHwh_WA","CWHwh_WA/101","D3"
"4043","USA_2019","CWHwh_WA","CWHwh_WA/101","C4"
"4044","USA_2019","CWHwh_WA","CWHwh_WA/101","C3"
"4045","USA_2019","CWHwh_WA","CWHwh_WA/101","B4"
"4046","USA_2019","CWHwh_WA","CWHwh_WA/101","B3"
"4047","USA_2019","CWHwh_WA","CWHwh_WA/102","D1"
"4048","USA_2019","CWHwh_WA","CWHwh_WA/102","C1"
"4049","USA_2019","CWHwh_WA","CWHwh_WA/102","B1"
"4050","USA_2019","CWHwh_WA","CWHwh_WA/102","A1"
"4051","USA_2019","CWHwh_WA","CWHwh_WA/103","D2"
"4052","USA_2019","CWHwh_WA","CWHwh_WA/103","C2"
"4053","USA_2019","CWHwh_WA","CWHwh_WA/103","B2"
"4054","USA_2019","CWHwh_WA","CWHwh_WA/103","A2"
"4055","USA_2019","CWHwh_WA","CWHwh_WA/110","C5"
"4056","USA_2019","CWHwh_WA","CWHwh_WA/110","B5"
"4057","USA_2019","CWHwh_WA","CWHwh_WA/111","C6"
"4058","USA_2019","CWHwh_WA","CWHwh_WA/111","B6"
"4059","USA_2019","CWHwh_WA","CWHwh_WA/112","E5"
"4060","USA_2019","CWHwh_WA","CWHwh_WA/112","D5"
"4061","USA_2019","CWHwh_WA","CWHwh_WA/113","E6"
"4062","USA_2019","CWHwh_WA","CWHwh_WA/113","D6"
"4063","Add_2021","CWHwh_WA","CWHwh_WA/Ro","A0"
"4064","Add_2021","CWHwh_WA","CWHwh_WA/Ro","B0"
"4065","BECv10","CWHwh1","CWHwh1/101","C5"
"4066","BECv10","CWHwh1","CWHwh1/101","C4"
"4067","BECv10","CWHwh1","CWHwh1/101","C3"
"4068","BECv10","CWHwh1","CWHwh1/101","B4"
"4069","BECv10","CWHwh1","CWHwh1/101","B3"
"4070","BECv10","CWHwh1","CWHwh1/101a","C4"
"4071","BECv10","CWHwh1","CWHwh1/101a","C3"
"4072","BECv10","CWHwh1","CWHwh1/101a","B4"
"4073","BECv10","CWHwh1","CWHwh1/101a","B3"
"4074","BECv10","CWHwh1","CWHwh1/101b","C5"
"4075","BECv10","CWHwh1","CWHwh1/102","C3"
"4076","BECv10","CWHwh1","CWHwh1/102","C2"
"4077","BECv10","CWHwh1","CWHwh1/102","C1"
"4078","BECv10","CWHwh1","CWHwh1/102","B2"
"4079","BECv10","CWHwh1","CWHwh1/102","B1"
"4080","BECv10","CWHwh1","CWHwh1/102","A3"
"4081","BECv10","CWHwh1","CWHwh1/102","A2"
"4082","BECv10","CWHwh1","CWHwh1/102","A1"
"4083","BECv10","CWHwh1","CWHwh1/102","A0"
"4084","BECv10","CWHwh1","CWHwh1/103","C2"
"4085","BECv10","CWHwh1","CWHwh1/103","C1"
"4086","BECv10","CWHwh1","CWHwh1/103","C0"
"4087","BECv10","CWHwh1","CWHwh1/103","B2"
"4088","BECv10","CWHwh1","CWHwh1/103","B1"
"4089","BECv10","CWHwh1","CWHwh1/103","B0"
"4090","BECv10","CWHwh1","CWHwh1/103","A2"
"4091","BECv10","CWHwh1","CWHwh1/103","A1"
"4092","BEC11","CWHwh1","CWHwh1/103.1","C2"
"4093","BEC11","CWHwh1","CWHwh1/103.1","C1"
"4094","BEC11","CWHwh1","CWHwh1/103.1","C0"
"4095","BEC11","CWHwh1","CWHwh1/103.1","B2"
"4096","BEC11","CWHwh1","CWHwh1/103.1","B1"
"4097","BEC11","CWHwh1","CWHwh1/103.1","B0"
"4098","BEC11","CWHwh1","CWHwh1/103.1","A2"
"4099","BEC11","CWHwh1","CWHwh1/103.1","A1"
"4100","BEC11","CWHwh1","CWHwh1/103.1","A0"
"4101","BEC11","CWHwh1","CWHwh1/103.2","C2"
"4102","BEC11","CWHwh1","CWHwh1/103.2","C1"
"4103","BEC11","CWHwh1","CWHwh1/103.2","C0"
"4104","BEC11","CWHwh1","CWHwh1/103.2","B2"
"4105","BEC11","CWHwh1","CWHwh1/103.2","B1"
"4106","BEC11","CWHwh1","CWHwh1/103.2","B0"
"4107","BEC11","CWHwh1","CWHwh1/103.2","A2"
"4108","BEC11","CWHwh1","CWHwh1/103.2","A1"
"4109","BEC11","CWHwh1","CWHwh1/103.2","A0"
"4110","BECv10","CWHwh1","CWHwh1/104","C3"
"4111","BECv10","CWHwh1","CWHwh1/104","C2"
"4112","BECv10","CWHwh1","CWHwh1/104","B3"
"4113","BECv10","CWHwh1","CWHwh1/104","B2"
"4114","BECv10","CWHwh1","CWHwh1/104","A3"
"4115","BECv10","CWHwh1","CWHwh1/104","A2"
"4116","BECv10","CWHwh1","CWHwh1/105","E3"
"4117","BECv10","CWHwh1","CWHwh1/105","E2"
"4118","BECv10","CWHwh1","CWHwh1/105","D3"
"4119","BECv10","CWHwh1","CWHwh1/105","D2"
"4120","BECv10","CWHwh1","CWHwh1/105a","E3"
"4121","BECv10","CWHwh1","CWHwh1/105a","E2"
"4122","BECv10","CWHwh1","CWHwh1/105a","D3"
"4123","BECv10","CWHwh1","CWHwh1/105a","D2"
"4124","BECv10","CWHwh1","CWHwh1/105b","E3"
"4125","BECv10","CWHwh1","CWHwh1/105b","E2"
"4126","BECv10","CWHwh1","CWHwh1/105b","D3"
"4127","BECv10","CWHwh1","CWHwh1/105b","D2"
"4128","BECv10","CWHwh1","CWHwh1/110","B5"
"4129","BECv10","CWHwh1","CWHwh1/110","A5"
"4130","BECv10","CWHwh1","CWHwh1/110","A4"
"4131","BECv10","CWHwh1","CWHwh1/110a","B5"
"4132","BECv10","CWHwh1","CWHwh1/110a","A5"
"4133","BECv10","CWHwh1","CWHwh1/110a","A4"
"4134","BECv10","CWHwh1","CWHwh1/110b","B5"
"4135","BECv10","CWHwh1","CWHwh1/110b","A5"
"4136","BECv10","CWHwh1","CWHwh1/111","E5"
"4137","BECv10","CWHwh1","CWHwh1/111","E4"
"4138","BECv10","CWHwh1","CWHwh1/111","D5"
"4139","BECv10","CWHwh1","CWHwh1/111","D4"
"4140","BECv10","CWHwh1","CWHwh1/111a","E5"
"4141","BECv10","CWHwh1","CWHwh1/111a","E4"
"4142","BECv10","CWHwh1","CWHwh1/111a","D5"
"4143","BECv10","CWHwh1","CWHwh1/111a","D4"
"4144","BECv10","CWHwh1","CWHwh1/111b","E5"
"4145","BECv10","CWHwh1","CWHwh1/111b","E4"
"4146","BECv10","CWHwh1","CWHwh1/111b","D5"
"4147","BECv10","CWHwh1","CWHwh1/111b","D4"
"4148","BECv10","CWHwh1","CWHwh1/111c","E5"
"4149","BECv10","CWHwh1","CWHwh1/111c","E4"
"4150","BECv10","CWHwh1","CWHwh1/111c","D5"
"4151","BECv10","CWHwh1","CWHwh1/111c","D4"
"4152","BECv10","CWHwh1","CWHwh1/112","E4"
"4153","BECv10","CWHwh1","CWHwh1/112","D4"
"4154","BECv10","CWHwh1","CWHwh1/113","E5"
"4155","BECv10","CWHwh1","CWHwh1/113","E4"
"4156","BECv10","CWHwh1","CWHwh1/113","D5"
"4157","BECv10","CWHwh1","CWHwh1/113","D4"
"4158","BECv10","CWHwh1","CWHwh1/114","E5"
"4159","BECv10","CWHwh1","CWHwh1/114","D5"
"4160","BECv10","CWHwh1","CWHwh1/115","B6"
"4161","BECv10","CWHwh1","CWHwh1/115","A6"
"4162","BECv10","CWHwh1","CWHwh1/116","E6"
"4163","BECv10","CWHwh1","CWHwh1/116","D6"
"4164","BECv10","CWHwh1","CWHwh1/117","E6"
"4165","BECv10","CWHwh1","CWHwh1/117","D6"
"4166","BECv10","CWHwh1","CWHwh1/118","E7"
"4167","BECv10","CWHwh1","CWHwh1/118","E6"
"4168","BECv10","CWHwh1","CWHwh1/118","D7"
"4169","BECv10","CWHwh1","CWHwh1/118","D6"
"4170","BECv10","CWHwh1","CWHwh1/118","C7"
"4171","BECv10","CWHwh1","CWHwh1/118","C6"
"4172","BEC11","CWHwh1","CWHwh1/118a","E6"
"4173","BEC11","CWHwh1","CWHwh1/118a","D6"
"4174","BEC11","CWHwh1","CWHwh1/118a","C6"
"4175","BEC11","CWHwh1","CWHwh1/118b","E7"
"4176","BEC11","CWHwh1","CWHwh1/118b","D7"
"4177","BEC11","CWHwh1","CWHwh1/118b","C7"
"4178","BECv10","CWHwh1","CWHwh1/Wb51","B7"
"4179","BECv10","CWHwh1","CWHwh1/Wb51","A7"
"4180","BECv10","CWHwh2","CWHwh2/101","C5"
"4181","BECv10","CWHwh2","CWHwh2/101","C4"
"4182","BECv10","CWHwh2","CWHwh2/101","C3"
"4183","BECv10","CWHwh2","CWHwh2/101","C2"
"4184","BECv10","CWHwh2","CWHwh2/101","C1"
"4185","BECv10","CWHwh2","CWHwh2/101","B5"
"4186","BECv10","CWHwh2","CWHwh2/101","B4"
"4187","BECv10","CWHwh2","CWHwh2/101","B3"
"4188","BECv10","CWHwh2","CWHwh2/101","B2"
"4189","BECv10","CWHwh2","CWHwh2/101","B1"
"4190","BECv10","CWHwh2","CWHwh2/101","A5"
"4191","BECv10","CWHwh2","CWHwh2/101","A4"
"4192","BECv10","CWHwh2","CWHwh2/101","A3"
"4193","BECv10","CWHwh2","CWHwh2/101","A2"
"4194","BECv10","CWHwh2","CWHwh2/101","A1"
"4195","BEC11","CWHwh2","CWHwh2/101a","C4"
"4196","BEC11","CWHwh2","CWHwh2/101a","C3"
"4197","BEC11","CWHwh2","CWHwh2/101a","B4"
"4198","BEC11","CWHwh2","CWHwh2/101a","B3"
"4199","BEC11","CWHwh2","CWHwh2/101a","A4"
"4200","BEC11","CWHwh2","CWHwh2/101a","A3"
"4201","BEC11","CWHwh2","CWHwh2/101b","C2"
"4202","BEC11","CWHwh2","CWHwh2/101b","C1"
"4203","BEC11","CWHwh2","CWHwh2/101b","B2"
"4204","BEC11","CWHwh2","CWHwh2/101b","B1"
"4205","BEC11","CWHwh2","CWHwh2/101b","A2"
"4206","BEC11","CWHwh2","CWHwh2/101b","A1"
"4207","BEC11","CWHwh2","CWHwh2/101c","C5"
"4208","BEC11","CWHwh2","CWHwh2/101c","B5"
"4209","BEC11","CWHwh2","CWHwh2/101c","A5"
"4210","BECv10","CWHwh2","CWHwh2/110","E5"
"4211","BECv10","CWHwh2","CWHwh2/110","E4"
"4212","BECv10","CWHwh2","CWHwh2/110","D5"
"4213","BECv10","CWHwh2","CWHwh2/110","D4"
"4214","BECv10","CWHwh2","CWHwh2/111","C6"
"4215","BECv10","CWHwh2","CWHwh2/111","B6"
"4216","BECv10","CWHwh2","CWHwh2/111","A6"
"4217","BECv10","CWHwh2","CWHwh2/112","E7"
"4218","BECv10","CWHwh2","CWHwh2/112","E6"
"4219","BECv10","CWHwh2","CWHwh2/112","D7"
"4220","BECv10","CWHwh2","CWHwh2/112","D6"
"4221","BECv10","CWHwh2","CWHwh2/112","C7"
"4222","BEC11","CWHwh2","CWHwh2/112a","E6"
"4223","BEC11","CWHwh2","CWHwh2/112a","D6"
"4224","BEC11","CWHwh2","CWHwh2/112b","E7"
"4225","BEC11","CWHwh2","CWHwh2/112b","D7"
"4226","BEC11","CWHwh2","CWHwh2/112b","C7"
"4227","Add_2021","CWHwh2","CWHwh2/Ro","A0"
"4228","Add_2021","CWHwh2","CWHwh2/Ro","B0"
"4229","BECv13","CWHwm","CWHwm/101","A2"
"4230","BECv13","CWHwm","CWHwm/101","B2"
"4231","BECv13","CWHwm","CWHwm/101","C2"
"4232","BECv13","CWHwm","CWHwm/101","A3"
"4233","BECv13","CWHwm","CWHwm/101","B3"
"4234","BECv13","CWHwm","CWHwm/101","C3"
"4235","BECv13","CWHwm","CWHwm/101","A4"
"4236","BECv13","CWHwm","CWHwm/101","B4"
"4237","BECv13","CWHwm","CWHwm/101","C4"
"4238","BECv13","CWHwm","CWHwm/101a","A2"
"4239","BECv13","CWHwm","CWHwm/101a","B2"
"4240","BECv13","CWHwm","CWHwm/101a","C2"
"4241","BECv13","CWHwm","CWHwm/101a","C3"
"4242","BECv13","CWHwm","CWHwm/101a","A3"
"4243","BECv13","CWHwm","CWHwm/101a","B3"
"4244","BECv13","CWHwm","CWHwm/101a","C4"
"4245","BECv13","CWHwm","CWHwm/101a","B4"
"4246","BECv13","CWHwm","CWHwm/101a","A4"
"4247","BECv13","CWHwm","CWHwm/101b","A2"
"4248","BECv13","CWHwm","CWHwm/101b","A3"
"4249","BECv13","CWHwm","CWHwm/101b","A4"
"4250","BECv13","CWHwm","CWHwm/101b","B4"
"4251","BECv13","CWHwm","CWHwm/101b","B3"
"4252","BECv13","CWHwm","CWHwm/101b","B2"
"4253","BECv13","CWHwm","CWHwm/101b","C2"
"4254","BECv13","CWHwm","CWHwm/101b","C4"
"4255","BECv13","CWHwm","CWHwm/101b","C3"
"4256","BECv13","CWHwm","CWHwm/102","A0"
"4257","BECv13","CWHwm","CWHwm/102","B0"
"4258","BECv13","CWHwm","CWHwm/102","B1"
"4259","BECv13","CWHwm","CWHwm/102","A1"
"4260","BECv13","CWHwm","CWHwm/102","C0"
"4261","BECv13","CWHwm","CWHwm/102","C1"
"4262","BECv13","CWHwm","CWHwm/110","D3"
"4263","BECv13","CWHwm","CWHwm/110","E3"
"4264","BECv13","CWHwm","CWHwm/110","E4"
"4265","BECv13","CWHwm","CWHwm/110","D4"
"4266","BECv13","CWHwm","CWHwm/110","D5"
"4267","BECv13","CWHwm","CWHwm/110","E5"
"4268","BECv13","CWHwm","CWHwm/111","A5"
"4269","BECv13","CWHwm","CWHwm/111","A6"
"4270","BECv13","CWHwm","CWHwm/111","B6"
"4271","BECv13","CWHwm","CWHwm/111","B5"
"4272","BECv13","CWHwm","CWHwm/111","C5"
"4273","BECv13","CWHwm","CWHwm/111","C6"
"4274","BECv13","CWHwm","CWHwm/112","D5"
"4275","BECv13","CWHwm","CWHwm/112","D6"
"4276","BECv13","CWHwm","CWHwm/112","E5"
"4277","BECv13","CWHwm","CWHwm/112","E6"
"4278","BECv13","CWHwm","CWHwm/113","D5"
"4279","BECv13","CWHwm","CWHwm/113","E5"
"4280","BECv13","CWHwm","CWHwm/113","E6"
"4281","BECv13","CWHwm","CWHwm/113","D6"
"4282","BECv13","CWHwm","CWHwm/Fl50","D5"
"4283","BECv13","CWHwm","CWHwm/Fl50","D6"
"4284","BECv13","CWHwm","CWHwm/Fl50","E6"
"4285","BECv13","CWHwm","CWHwm/Fl50","E5"
"4286","BECv13","CWHwm","CWHwm/Fl51","D5"
"4287","BECv13","CWHwm","CWHwm/Fl51","D6"
"4288","BECv13","CWHwm","CWHwm/Fl51","E6"
"4289","BECv13","CWHwm","CWHwm/Fl51","E5"
"4290","BECv13","CWHwm","CWHwm/Fm50","D5"
"4291","BECv13","CWHwm","CWHwm/Fm50","E5"
"4292","BECv13","CWHwm","CWHwm/Fm50","D6"
"4293","BECv13","CWHwm","CWHwm/Fm50","E6"
"4294","BECv13","CWHwm","CWHwm/Wb51","A7"
"4295","BECv13","CWHwm","CWHwm/Wb51","B7"
"4296","BECv13","CWHwm","CWHwm/Wb53","A7"
"4297","BECv13","CWHwm","CWHwm/Wb53","B7"
"4298","BECv13","CWHwm","CWHwm/Wf","C7"
"4299","BECv13","CWHwm","CWHwm/Wf","D7"
"4300","BECv13","CWHwm","CWHwm/Wf","E7"
"4301","BECv13","CWHwm","CWHwm/Wm","C7"
"4302","BECv13","CWHwm","CWHwm/Wm","D7"
"4303","BECv13","CWHwm","CWHwm/Wm","E7"
"4304","BECv13","CWHwm","CWHwm/Ws55","E7"
"4305","BECv13","CWHwm","CWHwm/Ws55","E6"
"4306","BECv13","CWHwm","CWHwm/Ws55","D6"
"4307","BECv13","CWHwm","CWHwm/Ws55","C6"
"4308","BECv13","CWHwm","CWHwm/Ws55","C7"
"4309","BECv13","CWHwm","CWHwm/Ws55","D7"
"4310","BECv13","CWHwm","CWHwm/Ws56","E7"
"4311","BECv13","CWHwm","CWHwm/Ws56","E6"
"4312","BECv13","CWHwm","CWHwm/Ws56","D6"
"4313","BECv13","CWHwm","CWHwm/Ws56","C6"
"4314","BECv13","CWHwm","CWHwm/Ws56","C7"
"4315","BECv13","CWHwm","CWHwm/Ws56","D7"
"4316","BECv13","CWHwm","CWHwm/Ws60","E7"
"4317","BECv13","CWHwm","CWHwm/Ws60","E6"
"4318","BECv13","CWHwm","CWHwm/Ws60","D6"
"4319","BECv13","CWHwm","CWHwm/Ws60","C6"
"4320","BECv13","CWHwm","CWHwm/Ws60","C7"
"4321","BECv13","CWHwm","CWHwm/Ws60","D7"
"4322","BECv13","CWHws1","CWHws1/101","A4"
"4323","BECv13","CWHws1","CWHws1/101","A3"
"4324","BECv13","CWHws1","CWHws1/101","B3"
"4325","BECv13","CWHws1","CWHws1/101","C3"
"4326","BECv13","CWHws1","CWHws1/101","C4"
"4327","BECv13","CWHws1","CWHws1/101","B4"
"4328","BECv13","CWHws1","CWHws1/102","A0"
"4329","BECv13","CWHws1","CWHws1/102","B0"
"4330","BECv13","CWHws1","CWHws1/102","C0"
"4331","BECv13","CWHws1","CWHws1/102","C1"
"4332","BECv13","CWHws1","CWHws1/102","B1"
"4333","BECv13","CWHws1","CWHws1/102","A1"
"4334","BECv13","CWHws1","CWHws1/103","A1"
"4335","BECv13","CWHws1","CWHws1/103","A2"
"4336","BECv13","CWHws1","CWHws1/103","B2"
"4337","BECv13","CWHws1","CWHws1/103","C1"
"4338","BECv13","CWHws1","CWHws1/103","B1"
"4339","BECv13","CWHws1","CWHws1/103","C2"
"4340","BECv13","CWHws1","CWHws1/103","A3"
"4341","BECv13","CWHws1","CWHws1/103","B3"
"4342","BECv13","CWHws1","CWHws1/103","C3"
"4343","BECv13","CWHws1","CWHws1/110","D3"
"4344","BECv13","CWHws1","CWHws1/110","E3"
"4345","BECv13","CWHws1","CWHws1/110","D4"
"4346","BECv13","CWHws1","CWHws1/110","E4"
"4347","BECv13","CWHws1","CWHws1/110","D5"
"4348","BECv13","CWHws1","CWHws1/110","E5"
"4349","BECv13","CWHws1","CWHws1/111","A6"
"4350","BECv13","CWHws1","CWHws1/111","A5"
"4351","BECv13","CWHws1","CWHws1/111","B5"
"4352","BECv13","CWHws1","CWHws1/111","B6"
"4353","BECv13","CWHws1","CWHws1/111","C6"
"4354","BECv13","CWHws1","CWHws1/111","C5"
"4355","BECv13","CWHws1","CWHws1/112","D5"
"4356","BECv13","CWHws1","CWHws1/112","E5"
"4357","BECv13","CWHws1","CWHws1/112","E6"
"4358","BECv13","CWHws1","CWHws1/112","D6"
"4359","BECv13","CWHws1","CWHws1/113","D6"
"4360","BECv13","CWHws1","CWHws1/113","E6"
"4361","BECv13","CWHws1","CWHws1/113","D5"
"4362","BECv13","CWHws1","CWHws1/113","E5"
"4363","BECv13","CWHws1","CWHws1/Fl50","D5"
"4364","BECv13","CWHws1","CWHws1/Fl50","E5"
"4365","BECv13","CWHws1","CWHws1/Fl50","E6"
"4366","BECv13","CWHws1","CWHws1/Fl50","D6"
"4367","BECv13","CWHws1","CWHws1/Fm50","D5"
"4368","BECv13","CWHws1","CWHws1/Fm50","E5"
"4369","BECv13","CWHws1","CWHws1/Fm50","E6"
"4370","BECv13","CWHws1","CWHws1/Fm50","D6"
"4371","BECv13","CWHws1","CWHws1/Ro","A0"
"4372","BECv13","CWHws1","CWHws1/Ro","B0"
"4373","BECv13","CWHws1","CWHws1/Ro","C0"
"4374","BECv13","CWHws1","CWHws1/Wb51","A7"
"4375","BECv13","CWHws1","CWHws1/Wb51","B7"
"4376","BECv13","CWHws1","CWHws1/Ws56","C7"
"4377","BECv13","CWHws1","CWHws1/Ws56","D7"
"4378","BECv13","CWHws1","CWHws1/Ws56","E7"
"4379","BECv13","CWHws2","CWHws2/101","A3"
"4380","BECv13","CWHws2","CWHws2/101","A4"
"4381","BECv13","CWHws2","CWHws2/101","B4"
"4382","BECv13","CWHws2","CWHws2/101","C4"
"4383","BECv13","CWHws2","CWHws2/101","C3"
"4384","BECv13","CWHws2","CWHws2/101","B3"
"4385","BECv13","CWHws2","CWHws2/102","A0"
"4386","BECv13","CWHws2","CWHws2/102","B0"
"4387","BECv13","CWHws2","CWHws2/102","C0"
"4388","BECv13","CWHws2","CWHws2/102","C1"
"4389","BECv13","CWHws2","CWHws2/102","B1"
"4390","BECv13","CWHws2","CWHws2/102","A1"
"4391","BECv13","CWHws2","CWHws2/103","A1"
"4392","BECv13","CWHws2","CWHws2/103","B1"
"4393","BECv13","CWHws2","CWHws2/103","C1"
"4394","BECv13","CWHws2","CWHws2/103","C2"
"4395","BECv13","CWHws2","CWHws2/103","B2"
"4396","BECv13","CWHws2","CWHws2/103","A2"
"4397","BECv13","CWHws2","CWHws2/110","D3"
"4398","BECv13","CWHws2","CWHws2/110","E3"
"4399","BECv13","CWHws2","CWHws2/110","E4"
"4400","BECv13","CWHws2","CWHws2/110","D4"
"4401","BECv13","CWHws2","CWHws2/110","D5"
"4402","BECv13","CWHws2","CWHws2/110","E5"
"4403","BECv13","CWHws2","CWHws2/111","A5"
"4404","BECv13","CWHws2","CWHws2/111","B5"
"4405","BECv13","CWHws2","CWHws2/111","C5"
"4406","BECv13","CWHws2","CWHws2/111","C6"
"4407","BECv13","CWHws2","CWHws2/111","B6"
"4408","BECv13","CWHws2","CWHws2/111","A6"
"4409","BECv13","CWHws2","CWHws2/112","D6"
"4410","BECv13","CWHws2","CWHws2/112","C6"
"4411","BECv13","CWHws2","CWHws2/112","C5"
"4412","BECv13","CWHws2","CWHws2/112","D5"
"4413","BECv13","CWHws2","CWHws2/112","E5"
"4414","BECv13","CWHws2","CWHws2/112","E6"
"4415","BECv13","CWHws2","CWHws2/113","E6"
"4416","BECv13","CWHws2","CWHws2/113","E5"
"4417","BECv13","CWHws2","CWHws2/113","D5"
"4418","BECv13","CWHws2","CWHws2/113","C5"
"4419","BECv13","CWHws2","CWHws2/113","D6"
"4420","BECv13","CWHws2","CWHws2/113","C6"
"4421","BECv13","CWHws2","CWHws2/114","E5"
"4422","BECv13","CWHws2","CWHws2/114","E6"
"4423","BECv13","CWHws2","CWHws2/114","D6"
"4424","BECv13","CWHws2","CWHws2/114","D5"
"4425","BECv13","CWHws2","CWHws2/114","C5"
"4426","BECv13","CWHws2","CWHws2/114","C6"
"4427","BECv13","CWHws2","CWHws2/Fl51","E6"
"4428","BECv13","CWHws2","CWHws2/Fl51","D6"
"4429","BECv13","CWHws2","CWHws2/Fl51","C6"
"4430","BECv13","CWHws2","CWHws2/Fl51","C5"
"4431","BECv13","CWHws2","CWHws2/Fl51","E5"
"4432","BECv13","CWHws2","CWHws2/Fl51","D5"
"4433","BECv13","CWHws2","CWHws2/Fm50","E6"
"4434","BECv13","CWHws2","CWHws2/Fm50","E5"
"4435","BECv13","CWHws2","CWHws2/Fm50","D5"
"4436","BECv13","CWHws2","CWHws2/Fm50","C5"
"4437","BECv13","CWHws2","CWHws2/Fm50","C6"
"4438","BECv13","CWHws2","CWHws2/Fm50","D6"
"4439","BECv13","CWHws2","CWHws2/Ro","A0"
"4440","BECv13","CWHws2","CWHws2/Ro","B0"
"4441","BECv13","CWHws2","CWHws2/Ro","C0"
"4442","BECv13","CWHws2","CWHws2/Wb51","A7"
"4443","BECv13","CWHws2","CWHws2/Wb51","B7"
"4444","BECv13","CWHws2","CWHws2/Ws56","E7"
"4445","BECv13","CWHws2","CWHws2/Ws56","D7"
"4446","BECv13","CWHws2","CWHws2/Ws56","C7"
"4447","BECv13","CWHws3","CWHws3/101","A3"
"4448","BECv13","CWHws3","CWHws3/101","B3"
"4449","BECv13","CWHws3","CWHws3/101","C3"
"4450","BECv13","CWHws3","CWHws3/101","C4"
"4451","BECv13","CWHws3","CWHws3/101","B4"
"4452","BECv13","CWHws3","CWHws3/101","A4"
"4453","BECv13","CWHws3","CWHws3/102","A0"
"4454","BECv13","CWHws3","CWHws3/102","B0"
"4455","BECv13","CWHws3","CWHws3/102","C0"
"4456","BECv13","CWHws3","CWHws3/102","C1"
"4457","BECv13","CWHws3","CWHws3/102","B1"
"4458","BECv13","CWHws3","CWHws3/102","A1"
"4459","BECv13","CWHws3","CWHws3/103","A1"
"4460","BECv13","CWHws3","CWHws3/103","B1"
"4461","BECv13","CWHws3","CWHws3/103","C1"
"4462","BECv13","CWHws3","CWHws3/103","C2"
"4463","BECv13","CWHws3","CWHws3/103","B2"
"4464","BECv13","CWHws3","CWHws3/103","A2"
"4465","BECv13","CWHws3","CWHws3/110","D3"
"4466","BECv13","CWHws3","CWHws3/110","D4"
"4467","BECv13","CWHws3","CWHws3/110","E4"
"4468","BECv13","CWHws3","CWHws3/110","E3"
"4469","BECv13","CWHws3","CWHws3/111","A5"
"4470","BECv13","CWHws3","CWHws3/111","B5"
"4471","BECv13","CWHws3","CWHws3/111","C5"
"4472","BECv13","CWHws3","CWHws3/111","C6"
"4473","BECv13","CWHws3","CWHws3/111","B6"
"4474","BECv13","CWHws3","CWHws3/111","A6"
"4475","BECv13","CWHws3","CWHws3/112","D5"
"4476","BECv13","CWHws3","CWHws3/112","E5"
"4477","BECv13","CWHws3","CWHws3/112","E6"
"4478","BECv13","CWHws3","CWHws3/112","D6"
"4479","BECv13","CWHws3","CWHws3/113","D5"
"4480","BECv13","CWHws3","CWHws3/113","D6"
"4481","BECv13","CWHws3","CWHws3/113","E6"
"4482","BECv13","CWHws3","CWHws3/113","E5"
"4483","BECv13","CWHws3","CWHws3/Fl50","D5"
"4484","BECv13","CWHws3","CWHws3/Fl50","E5"
"4485","BECv13","CWHws3","CWHws3/Fl50","E6"
"4486","BECv13","CWHws3","CWHws3/Fl50","D6"
"4487","BECv13","CWHws3","CWHws3/Fm50","D5"
"4488","BECv13","CWHws3","CWHws3/Fm50","E5"
"4489","BECv13","CWHws3","CWHws3/Fm50","E6"
"4490","BECv13","CWHws3","CWHws3/Fm50","D6"
"4491","BECv13","CWHws3","CWHws3/Wb51","B7"
"4492","BECv13","CWHws3","CWHws3/Wb51","A7"
"4493","BECv13","CWHws3","CWHws3/Ws56","C7"
"4494","BECv13","CWHws3","CWHws3/Ws56","D7"
"4495","BECv13","CWHws3","CWHws3/Ws56","E7"
"4496","USA_2019","CWHxm_OR","CWHxm_OR/101","D4"
"4497","USA_2019","CWHxm_OR","CWHxm_OR/101","D3"
"4498","USA_2019","CWHxm_OR","CWHxm_OR/101","C4"
"4499","USA_2019","CWHxm_OR","CWHxm_OR/101","C3"
"4500","USA_2019","CWHxm_OR","CWHxm_OR/101","B4"
"4501","USA_2019","CWHxm_OR","CWHxm_OR/101","B3"
"4502","USA_2019","CWHxm_OR","CWHxm_OR/102","D1"
"4503","USA_2019","CWHxm_OR","CWHxm_OR/102","C1"
"4504","USA_2019","CWHxm_OR","CWHxm_OR/102","B1"
"4505","USA_2019","CWHxm_OR","CWHxm_OR/102","A1"
"4506","USA_2019","CWHxm_OR","CWHxm_OR/103","D2"
"4507","USA_2019","CWHxm_OR","CWHxm_OR/103","C2"
"4508","USA_2019","CWHxm_OR","CWHxm_OR/103","B2"
"4509","USA_2019","CWHxm_OR","CWHxm_OR/103","A2"
"4510","USA_2019","CWHxm_OR","CWHxm_OR/110","C5"
"4511","USA_2019","CWHxm_OR","CWHxm_OR/110","B5"
"4512","USA_2019","CWHxm_OR","CWHxm_OR/111","C6"
"4513","USA_2019","CWHxm_OR","CWHxm_OR/111","B6"
"4514","USA_2019","CWHxm_OR","CWHxm_OR/112","E5"
"4515","USA_2019","CWHxm_OR","CWHxm_OR/112","D5"
"4516","USA_2019","CWHxm_OR","CWHxm_OR/113","E6"
"4517","USA_2019","CWHxm_OR","CWHxm_OR/113","D6"
"4518","Add_2021","CWHxm_OR","CWHxm_OR/Ro","A0"
"4519","Add_2021","CWHxm_OR","CWHxm_OR/Ro","B0"
"4520","USA_2019","CWHxm_WA","CWHxm_WA/101","D4"
"4521","USA_2019","CWHxm_WA","CWHxm_WA/101","D3"
"4522","USA_2019","CWHxm_WA","CWHxm_WA/101","C4"
"4523","USA_2019","CWHxm_WA","CWHxm_WA/101","C3"
"4524","USA_2019","CWHxm_WA","CWHxm_WA/101","B4"
"4525","USA_2019","CWHxm_WA","CWHxm_WA/101","B3"
"4526","USA_2019","CWHxm_WA","CWHxm_WA/102","D1"
"4527","USA_2019","CWHxm_WA","CWHxm_WA/102","C1"
"4528","USA_2019","CWHxm_WA","CWHxm_WA/102","B1"
"4529","USA_2019","CWHxm_WA","CWHxm_WA/102","A1"
"4530","USA_2019","CWHxm_WA","CWHxm_WA/103","D2"
"4531","USA_2019","CWHxm_WA","CWHxm_WA/103","C2"
"4532","USA_2019","CWHxm_WA","CWHxm_WA/103","B2"
"4533","USA_2019","CWHxm_WA","CWHxm_WA/103","A2"
"4534","USA_2019","CWHxm_WA","CWHxm_WA/110","C5"
"4535","USA_2019","CWHxm_WA","CWHxm_WA/110","B5"
"4536","USA_2019","CWHxm_WA","CWHxm_WA/111","C6"
"4537","USA_2019","CWHxm_WA","CWHxm_WA/111","B6"
"4538","USA_2019","CWHxm_WA","CWHxm_WA/112","E5"
"4539","USA_2019","CWHxm_WA","CWHxm_WA/112","D5"
"4540","USA_2019","CWHxm_WA","CWHxm_WA/113","E6"
"4541","USA_2019","CWHxm_WA","CWHxm_WA/113","D6"
"4542","Add_2021","CWHxm_WA","CWHxm_WA/Ro","A0"
"4543","Add_2021","CWHxm_WA","CWHxm_WA/Ro","B0"
"4544","BECv13","CWHxs","CWHxs/101","A5"
"4545","BECv13","CWHxs","CWHxs/101","A4"
"4546","BECv13","CWHxs","CWHxs/101","A3"
"4547","BECv13","CWHxs","CWHxs/101","A2"
"4548","BECv13","CWHxs","CWHxs/101","B2"
"4549","BECv13","CWHxs","CWHxs/101","B3"
"4550","BECv13","CWHxs","CWHxs/101","B4"
"4551","BECv13","CWHxs","CWHxs/101","B5"
"4552","BECv13","CWHxs","CWHxs/101","C5"
"4553","BECv13","CWHxs","CWHxs/101","C2"
"4554","BECv13","CWHxs","CWHxs/101","C3"
"4555","BECv13","CWHxs","CWHxs/101","C4"
"4556","BECv13","CWHxs","CWHxs/101.1","A2"
"4557","BECv13","CWHxs","CWHxs/101.1","A3"
"4558","BECv13","CWHxs","CWHxs/101.1","A4"
"4559","BECv13","CWHxs","CWHxs/101.1","A5"
"4560","BECv13","CWHxs","CWHxs/101.1","B5"
"4561","BECv13","CWHxs","CWHxs/101.1","C5"
"4562","BECv13","CWHxs","CWHxs/101.1","C4"
"4563","BECv13","CWHxs","CWHxs/101.1","C3"
"4564","BECv13","CWHxs","CWHxs/101.1","C2"
"4565","BECv13","CWHxs","CWHxs/101.1","B2"
"4566","BECv13","CWHxs","CWHxs/101.1","B3"
"4567","BECv13","CWHxs","CWHxs/101.1","B4"
"4568","BECv13","CWHxs","CWHxs/101.2","A2"
"4569","BECv13","CWHxs","CWHxs/101.2","A3"
"4570","BECv13","CWHxs","CWHxs/101.2","A4"
"4571","BECv13","CWHxs","CWHxs/101.2","A5"
"4572","BECv13","CWHxs","CWHxs/101.2","B5"
"4573","BECv13","CWHxs","CWHxs/101.2","B4"
"4574","BECv13","CWHxs","CWHxs/101.2","B3"
"4575","BECv13","CWHxs","CWHxs/101.2","B2"
"4576","BECv13","CWHxs","CWHxs/101.2","C2"
"4577","BECv13","CWHxs","CWHxs/101.2","C3"
"4578","BECv13","CWHxs","CWHxs/101.2","C4"
"4579","BECv13","CWHxs","CWHxs/101.2","C5"
"4580","BECv13","CWHxs","CWHxs/102","A0"
"4581","BECv13","CWHxs","CWHxs/102","A1"
"4582","BECv13","CWHxs","CWHxs/102","B0"
"4583","BECv13","CWHxs","CWHxs/102","B1"
"4584","BECv13","CWHxs","CWHxs/103","A1"
"4585","BECv13","CWHxs","CWHxs/103","A2"
"4586","BECv13","CWHxs","CWHxs/103","B1"
"4587","BECv13","CWHxs","CWHxs/103","C1"
"4588","BECv13","CWHxs","CWHxs/103","C2"
"4589","BECv13","CWHxs","CWHxs/103","B2"
"4590","BECv13","CWHxs","CWHxs/103.1","A1"
"4591","BECv13","CWHxs","CWHxs/103.1","A2"
"4592","BECv13","CWHxs","CWHxs/103.1","B1"
"4593","BECv13","CWHxs","CWHxs/103.1","C1"
"4594","BECv13","CWHxs","CWHxs/103.1","C2"
"4595","BECv13","CWHxs","CWHxs/103.1","B2"
"4596","BECv13","CWHxs","CWHxs/103.2","A1"
"4597","BECv13","CWHxs","CWHxs/103.2","A2"
"4598","BECv13","CWHxs","CWHxs/103.2","B1"
"4599","BECv13","CWHxs","CWHxs/103.2","C1"
"4600","BECv13","CWHxs","CWHxs/103.2","C2"
"4601","BECv13","CWHxs","CWHxs/103.2","B2"
"4602","BECv13","CWHxs","CWHxs/110","C3"
"4603","BECv13","CWHxs","CWHxs/110","D3"
"4604","BECv13","CWHxs","CWHxs/110","E3"
"4605","BECv13","CWHxs","CWHxs/110","E4"
"4606","BECv13","CWHxs","CWHxs/110","D4"
"4607","BECv13","CWHxs","CWHxs/110","C4"
"4608","BECv13","CWHxs","CWHxs/110","C5"
"4609","BECv13","CWHxs","CWHxs/110","D5"
"4610","BECv13","CWHxs","CWHxs/111","E6"
"4611","BECv13","CWHxs","CWHxs/111","D6"
"4612","BECv13","CWHxs","CWHxs/111","C6"
"4613","BECv13","CWHxs","CWHxs/111","E5"
"4614","BECv13","CWHxs","CWHxs/111","D5"
"4615","BECv13","CWHxs","CWHxs/111","C5"
"4616","BECv13","CWHxs","CWHxs/111","E4"
"4617","BECv13","CWHxs","CWHxs/111","D4"
"4618","BECv13","CWHxs","CWHxs/112","E6"
"4619","BECv13","CWHxs","CWHxs/112","D6"
"4620","BECv13","CWHxs","CWHxs/112","C6"
"4621","BECv13","CWHxs","CWHxs/112","E5"
"4622","BECv13","CWHxs","CWHxs/112","D5"
"4623","BECv13","CWHxs","CWHxs/112","C5"
"4624","BECv13","CWHxs","CWHxs/112","E4"
"4625","BECv13","CWHxs","CWHxs/112","D4"
"4626","BECv13","CWHxs","CWHxs/Fl50","E6"
"4627","BECv13","CWHxs","CWHxs/Fl50","D6"
"4628","BECv13","CWHxs","CWHxs/Fl50","C6"
"4629","BECv13","CWHxs","CWHxs/Fl50","E5"
"4630","BECv13","CWHxs","CWHxs/Fl50","D5"
"4631","BECv13","CWHxs","CWHxs/Fl50","C5"
"4632","BECv13","CWHxs","CWHxs/Fl50","E4"
"4633","BECv13","CWHxs","CWHxs/Fl50","D4"
"4634","BECv13","CWHxs","CWHxs/Fm51.2","E6"
"4635","BECv13","CWHxs","CWHxs/Fm51.2","D6"
"4636","BECv13","CWHxs","CWHxs/Fm51.2","C6"
"4637","BECv13","CWHxs","CWHxs/Fm51.2","E5"
"4638","BECv13","CWHxs","CWHxs/Fm51.2","D5"
"4639","BECv13","CWHxs","CWHxs/Fm51.2","C5"
"4640","BECv13","CWHxs","CWHxs/Fm51.2","E4"
"4641","BECv13","CWHxs","CWHxs/Fm51.2","D4"
"4642","BECv13","CWHxs","CWHxs/Ro","A0"
"4643","BECv13","CWHxs","CWHxs/Ro","B0"
"4644","BECv13","CWHxs","CWHxs/Ws57","E7"
"4645","BECv13","CWHxs","CWHxs/Ws57","D7"
"4646","BECv13","CWHxs","CWHxs/Ws57","C7"
"4647","AB_2020","ESSFabC","ESSFabC/a","D2"
"4648","AB_2020","ESSFabC","ESSFabC/a","C2"
"4649","AB_2020","ESSFabC","ESSFabC/a","C1"
"4650","AB_2020","ESSFabC","ESSFabC/a","B2"
"4651","AB_2020","ESSFabC","ESSFabC/a","B1"
"4652","AB_2020","ESSFabC","ESSFabC/b","C2"
"4653","AB_2020","ESSFabC","ESSFabC/b","C1"
"4654","AB_2020","ESSFabC","ESSFabC/b","B3"
"4655","AB_2020","ESSFabC","ESSFabC/b","B2"
"4656","AB_2020","ESSFabC","ESSFabC/b","B1"
"4657","AB_2020","ESSFabC","ESSFabC/b","A2"
"4658","AB_2020","ESSFabC","ESSFabC/b","A1"
"4659","AB_2020","ESSFabC","ESSFabC/c","D4"
"4660","AB_2020","ESSFabC","ESSFabC/c","D3"
"4661","AB_2020","ESSFabC","ESSFabC/c","C4"
"4662","AB_2020","ESSFabC","ESSFabC/c","C3"
"4663","AB_2020","ESSFabC","ESSFabC/c","B3"
"4664","AB_2020","ESSFabC","ESSFabC/d","D4"
"4665","AB_2020","ESSFabC","ESSFabC/d","C4"
"4666","AB_2020","ESSFabC","ESSFabC/d","B4"
"4667","AB_2020","ESSFabC","ESSFabC/d","B3"
"4668","AB_2020","ESSFabC","ESSFabC/d","A4"
"4669","AB_2020","ESSFabC","ESSFabC/d","A3"
"4670","AB_2020","ESSFabC","ESSFabC/e","E6"
"4671","AB_2020","ESSFabC","ESSFabC/e","E5"
"4672","AB_2020","ESSFabC","ESSFabC/e","E4"
"4673","AB_2020","ESSFabC","ESSFabC/e","D6"
"4674","AB_2020","ESSFabC","ESSFabC/e","D5"
"4675","AB_2020","ESSFabC","ESSFabC/e","D4"
"4676","AB_2020","ESSFabC","ESSFabC/f","C6"
"4677","AB_2020","ESSFabC","ESSFabC/f","C5"
"4678","AB_2020","ESSFabC","ESSFabC/f","B6"
"4679","AB_2020","ESSFabC","ESSFabC/f","B5"
"4680","AB_2020","ESSFabC","ESSFabC/f","A6"
"4681","AB_2020","ESSFabC","ESSFabC/f","A5"
"4682","AB_2020","ESSFabC","ESSFabC/g","D7"
"4683","AB_2020","ESSFabC","ESSFabC/g","D6"
"4684","AB_2020","ESSFabC","ESSFabC/g","D5"
"4685","AB_2020","ESSFabC","ESSFabC/g","C6"
"4686","AB_2020","ESSFabC","ESSFabC/g","C5"
"4687","AB_2020","ESSFabC","ESSFabC/h","C7"
"4688","AB_2020","ESSFabC","ESSFabC/h","B7"
"4689","AB_2020","ESSFabC","ESSFabC/h","B6"
"4690","AB_2020","ESSFabC","ESSFabC/h","A7"
"4691","AB_2020","ESSFabC","ESSFabC/i","E7"
"4692","AB_2020","ESSFabC","ESSFabC/i","D7"
"4693","AB_2020","ESSFabC","ESSFabC/i","D6"
"4694","AB_2020","ESSFabC","ESSFabC/i","C7"
"4695","AB_2020","ESSFabC","ESSFabC/i","C6"
"4696","Add_2021","ESSFabC","ESSFabC/Ro","A0"
"4697","Add_2021","ESSFabC","ESSFabC/Ro","B0"
"4698","AB_2020","ESSFabE","ESSFabE/a","D2"
"4699","AB_2020","ESSFabE","ESSFabE/a","C2"
"4700","AB_2020","ESSFabE","ESSFabE/a","C1"
"4701","AB_2020","ESSFabE","ESSFabE/a","B2"
"4702","AB_2020","ESSFabE","ESSFabE/a","B1"
"4703","AB_2020","ESSFabE","ESSFabE/b","C2"
"4704","AB_2020","ESSFabE","ESSFabE/b","C1"
"4705","AB_2020","ESSFabE","ESSFabE/b","B3"
"4706","AB_2020","ESSFabE","ESSFabE/b","B2"
"4707","AB_2020","ESSFabE","ESSFabE/b","B1"
"4708","AB_2020","ESSFabE","ESSFabE/b","A2"
"4709","AB_2020","ESSFabE","ESSFabE/b","A1"
"4710","AB_2020","ESSFabE","ESSFabE/c","D4"
"4711","AB_2020","ESSFabE","ESSFabE/c","D3"
"4712","AB_2020","ESSFabE","ESSFabE/c","C4"
"4713","AB_2020","ESSFabE","ESSFabE/c","C3"
"4714","AB_2020","ESSFabE","ESSFabE/c","B3"
"4715","AB_2020","ESSFabE","ESSFabE/d","D4"
"4716","AB_2020","ESSFabE","ESSFabE/d","C4"
"4717","AB_2020","ESSFabE","ESSFabE/d","B4"
"4718","AB_2020","ESSFabE","ESSFabE/d","B3"
"4719","AB_2020","ESSFabE","ESSFabE/d","A4"
"4720","AB_2020","ESSFabE","ESSFabE/d","A3"
"4721","AB_2020","ESSFabE","ESSFabE/e","E6"
"4722","AB_2020","ESSFabE","ESSFabE/e","E5"
"4723","AB_2020","ESSFabE","ESSFabE/e","E4"
"4724","AB_2020","ESSFabE","ESSFabE/e","D6"
"4725","AB_2020","ESSFabE","ESSFabE/e","D5"
"4726","AB_2020","ESSFabE","ESSFabE/e","D4"
"4727","AB_2020","ESSFabE","ESSFabE/f","C6"
"4728","AB_2020","ESSFabE","ESSFabE/f","C5"
"4729","AB_2020","ESSFabE","ESSFabE/f","B6"
"4730","AB_2020","ESSFabE","ESSFabE/f","B5"
"4731","AB_2020","ESSFabE","ESSFabE/f","A6"
"4732","AB_2020","ESSFabE","ESSFabE/f","A5"
"4733","AB_2020","ESSFabE","ESSFabE/g","D7"
"4734","AB_2020","ESSFabE","ESSFabE/g","D6"
"4735","AB_2020","ESSFabE","ESSFabE/g","D5"
"4736","AB_2020","ESSFabE","ESSFabE/g","C6"
"4737","AB_2020","ESSFabE","ESSFabE/g","C5"
"4738","AB_2020","ESSFabE","ESSFabE/h","C7"
"4739","AB_2020","ESSFabE","ESSFabE/h","B7"
"4740","AB_2020","ESSFabE","ESSFabE/h","B6"
"4741","AB_2020","ESSFabE","ESSFabE/h","A7"
"4742","AB_2020","ESSFabE","ESSFabE/i","E7"
"4743","AB_2020","ESSFabE","ESSFabE/i","D7"
"4744","AB_2020","ESSFabE","ESSFabE/i","D6"
"4745","AB_2020","ESSFabE","ESSFabE/i","C7"
"4746","AB_2020","ESSFabE","ESSFabE/i","C6"
"4747","Add_2021","ESSFabE","ESSFabE/Ro","A0"
"4748","Add_2021","ESSFabE","ESSFabE/Ro","B0"
"4749","AB_2020","ESSFabN","ESSFabN/a","D2"
"4750","AB_2020","ESSFabN","ESSFabN/a","C2"
"4751","AB_2020","ESSFabN","ESSFabN/a","C1"
"4752","AB_2020","ESSFabN","ESSFabN/a","B2"
"4753","AB_2020","ESSFabN","ESSFabN/a","B1"
"4754","AB_2020","ESSFabN","ESSFabN/b","C2"
"4755","AB_2020","ESSFabN","ESSFabN/b","C1"
"4756","AB_2020","ESSFabN","ESSFabN/b","B3"
"4757","AB_2020","ESSFabN","ESSFabN/b","B2"
"4758","AB_2020","ESSFabN","ESSFabN/b","B1"
"4759","AB_2020","ESSFabN","ESSFabN/b","A2"
"4760","AB_2020","ESSFabN","ESSFabN/b","A1"
"4761","AB_2020","ESSFabN","ESSFabN/c","D4"
"4762","AB_2020","ESSFabN","ESSFabN/c","D3"
"4763","AB_2020","ESSFabN","ESSFabN/c","C4"
"4764","AB_2020","ESSFabN","ESSFabN/c","C3"
"4765","AB_2020","ESSFabN","ESSFabN/c","B3"
"4766","AB_2020","ESSFabN","ESSFabN/d","D4"
"4767","AB_2020","ESSFabN","ESSFabN/d","C4"
"4768","AB_2020","ESSFabN","ESSFabN/d","B4"
"4769","AB_2020","ESSFabN","ESSFabN/d","B3"
"4770","AB_2020","ESSFabN","ESSFabN/d","A4"
"4771","AB_2020","ESSFabN","ESSFabN/d","A3"
"4772","AB_2020","ESSFabN","ESSFabN/e","E6"
"4773","AB_2020","ESSFabN","ESSFabN/e","E5"
"4774","AB_2020","ESSFabN","ESSFabN/e","E4"
"4775","AB_2020","ESSFabN","ESSFabN/e","D6"
"4776","AB_2020","ESSFabN","ESSFabN/e","D5"
"4777","AB_2020","ESSFabN","ESSFabN/e","D4"
"4778","AB_2020","ESSFabN","ESSFabN/f","C6"
"4779","AB_2020","ESSFabN","ESSFabN/f","C5"
"4780","AB_2020","ESSFabN","ESSFabN/f","B6"
"4781","AB_2020","ESSFabN","ESSFabN/f","B5"
"4782","AB_2020","ESSFabN","ESSFabN/f","A6"
"4783","AB_2020","ESSFabN","ESSFabN/f","A5"
"4784","AB_2020","ESSFabN","ESSFabN/g","D7"
"4785","AB_2020","ESSFabN","ESSFabN/g","D6"
"4786","AB_2020","ESSFabN","ESSFabN/g","D5"
"4787","AB_2020","ESSFabN","ESSFabN/g","C6"
"4788","AB_2020","ESSFabN","ESSFabN/g","C5"
"4789","AB_2020","ESSFabN","ESSFabN/h","C7"
"4790","AB_2020","ESSFabN","ESSFabN/h","B7"
"4791","AB_2020","ESSFabN","ESSFabN/h","B6"
"4792","AB_2020","ESSFabN","ESSFabN/h","A7"
"4793","AB_2020","ESSFabN","ESSFabN/i","E7"
"4794","AB_2020","ESSFabN","ESSFabN/i","D7"
"4795","AB_2020","ESSFabN","ESSFabN/i","D6"
"4796","AB_2020","ESSFabN","ESSFabN/i","C7"
"4797","AB_2020","ESSFabN","ESSFabN/i","C6"
"4798","Add_2021","ESSFabN","ESSFabN/Ro","A0"
"4799","Add_2021","ESSFabN","ESSFabN/Ro","B0"
"4800","AB_2020","ESSFabS","ESSFabS/a","D2"
"4801","AB_2020","ESSFabS","ESSFabS/a","C2"
"4802","AB_2020","ESSFabS","ESSFabS/a","C1"
"4803","AB_2020","ESSFabS","ESSFabS/a","B2"
"4804","AB_2020","ESSFabS","ESSFabS/a","B1"
"4805","AB_2020","ESSFabS","ESSFabS/b","C2"
"4806","AB_2020","ESSFabS","ESSFabS/b","C1"
"4807","AB_2020","ESSFabS","ESSFabS/b","B3"
"4808","AB_2020","ESSFabS","ESSFabS/b","B2"
"4809","AB_2020","ESSFabS","ESSFabS/b","B1"
"4810","AB_2020","ESSFabS","ESSFabS/b","A2"
"4811","AB_2020","ESSFabS","ESSFabS/b","A1"
"4812","AB_2020","ESSFabS","ESSFabS/c","D4"
"4813","AB_2020","ESSFabS","ESSFabS/c","D3"
"4814","AB_2020","ESSFabS","ESSFabS/c","C4"
"4815","AB_2020","ESSFabS","ESSFabS/c","C3"
"4816","AB_2020","ESSFabS","ESSFabS/c","B3"
"4817","AB_2020","ESSFabS","ESSFabS/d","D4"
"4818","AB_2020","ESSFabS","ESSFabS/d","C4"
"4819","AB_2020","ESSFabS","ESSFabS/d","B4"
"4820","AB_2020","ESSFabS","ESSFabS/d","B3"
"4821","AB_2020","ESSFabS","ESSFabS/d","A4"
"4822","AB_2020","ESSFabS","ESSFabS/d","A3"
"4823","AB_2020","ESSFabS","ESSFabS/e","E6"
"4824","AB_2020","ESSFabS","ESSFabS/e","E5"
"4825","AB_2020","ESSFabS","ESSFabS/e","E4"
"4826","AB_2020","ESSFabS","ESSFabS/e","D6"
"4827","AB_2020","ESSFabS","ESSFabS/e","D5"
"4828","AB_2020","ESSFabS","ESSFabS/e","D4"
"4829","AB_2020","ESSFabS","ESSFabS/f","C6"
"4830","AB_2020","ESSFabS","ESSFabS/f","C5"
"4831","AB_2020","ESSFabS","ESSFabS/f","B6"
"4832","AB_2020","ESSFabS","ESSFabS/f","B5"
"4833","AB_2020","ESSFabS","ESSFabS/f","A6"
"4834","AB_2020","ESSFabS","ESSFabS/f","A5"
"4835","AB_2020","ESSFabS","ESSFabS/g","D7"
"4836","AB_2020","ESSFabS","ESSFabS/g","D6"
"4837","AB_2020","ESSFabS","ESSFabS/g","D5"
"4838","AB_2020","ESSFabS","ESSFabS/g","C6"
"4839","AB_2020","ESSFabS","ESSFabS/g","C5"
"4840","AB_2020","ESSFabS","ESSFabS/h","C7"
"4841","AB_2020","ESSFabS","ESSFabS/h","B7"
"4842","AB_2020","ESSFabS","ESSFabS/h","B6"
"4843","AB_2020","ESSFabS","ESSFabS/h","A7"
"4844","AB_2020","ESSFabS","ESSFabS/i","E7"
"4845","AB_2020","ESSFabS","ESSFabS/i","D7"
"4846","AB_2020","ESSFabS","ESSFabS/i","D6"
"4847","AB_2020","ESSFabS","ESSFabS/i","C7"
"4848","AB_2020","ESSFabS","ESSFabS/i","C6"
"4849","Add_2021","ESSFabS","ESSFabS/Ro","A0"
"4850","Add_2021","ESSFabS","ESSFabS/Ro","B0"
"4851","BECv10","ESSFdc1","ESSFdc1/101","D4"
"4852","BECv10","ESSFdc1","ESSFdc1/101","C4"
"4853","BECv10","ESSFdc1","ESSFdc1/101","C3"
"4854","BECv10","ESSFdc1","ESSFdc1/101","B4"
"4855","BECv10","ESSFdc1","ESSFdc1/102","B1"
"4856","BECv10","ESSFdc1","ESSFdc1/102","A1"
"4857","BECv10","ESSFdc1","ESSFdc1/103","A2"
"4858","BECv10","ESSFdc1","ESSFdc1/103","B2"
"4859","BECv10","ESSFdc1","ESSFdc1/103","C2"
"4860","BECv10","ESSFdc1","ESSFdc1/104","C2"
"4861","BECv10","ESSFdc1","ESSFdc1/104","C3"
"4862","BECv10","ESSFdc1","ESSFdc1/104","B4"
"4863","BECv10","ESSFdc1","ESSFdc1/104","B3"
"4864","BECv10","ESSFdc1","ESSFdc1/110","D5"
"4865","BECv10","ESSFdc1","ESSFdc1/110","D4"
"4866","BECv10","ESSFdc1","ESSFdc1/110","C5"
"4867","BECv10","ESSFdc1","ESSFdc1/111","E6"
"4868","BECv10","ESSFdc1","ESSFdc1/111","E5"
"4869","BECv10","ESSFdc1","ESSFdc1/111","D6"
"4870","BECv10","ESSFdc1","ESSFdc1/111","D5"
"4871","BECv10","ESSFdc1","ESSFdc1/111","C6"
"4872","BECv10","ESSFdc1","ESSFdc1/111","C5"
"4873","BECv10","ESSFdc1","ESSFdc1/112","E6"
"4874","BECv10","ESSFdc1","ESSFdc1/112","D6"
"4875","BECv10","ESSFdc1","ESSFdc1/112","C6"
"4876","BECv10","ESSFdc1","ESSFdc1/112","E7"
"4877","BECv10","ESSFdc1","ESSFdc1/112","D7"
"4878","BECv10","ESSFdc1","ESSFdc1/112","C7"
"4879","Add_2021","ESSFdc1","ESSFdc1/Ro","A0"
"4880","Add_2021","ESSFdc1","ESSFdc1/Ro","B0"
"4881","BECv12","ESSFdc2","ESSFdc2/101","D4"
"4882","BECv12","ESSFdc2","ESSFdc2/101","D3"
"4883","BECv12","ESSFdc2","ESSFdc2/101","C4"
"4884","BECv12","ESSFdc2","ESSFdc2/101","C3"
"4885","BECv12","ESSFdc2","ESSFdc2/101","B4"
"4886","BECv12","ESSFdc2","ESSFdc2/101","B3"
"4887","BECv12","ESSFdc2","ESSFdc2/102","C1"
"4888","BECv12","ESSFdc2","ESSFdc2/102","B1"
"4889","BECv12","ESSFdc2","ESSFdc2/102","A1"
"4890","BECv12","ESSFdc2","ESSFdc2/103","C3"
"4891","BECv12","ESSFdc2","ESSFdc2/103","C2"
"4892","BECv12","ESSFdc2","ESSFdc2/103","B3"
"4893","BECv12","ESSFdc2","ESSFdc2/103","B2"
"4894","BECv12","ESSFdc2","ESSFdc2/104","C3"
"4895","BECv12","ESSFdc2","ESSFdc2/104","C2"
"4896","BECv12","ESSFdc2","ESSFdc2/104","C1"
"4897","BECv12","ESSFdc2","ESSFdc2/104","B3"
"4898","BECv12","ESSFdc2","ESSFdc2/104","B2"
"4899","BECv12","ESSFdc2","ESSFdc2/104","B1"
"4900","BECv12","ESSFdc2","ESSFdc2/104","A1"
"4901","BECv12","ESSFdc2","ESSFdc2/110","E6"
"4902","BECv12","ESSFdc2","ESSFdc2/110","E5"
"4903","BECv12","ESSFdc2","ESSFdc2/110","D6"
"4904","BECv12","ESSFdc2","ESSFdc2/110","D5"
"4905","BECv12","ESSFdc2","ESSFdc2/110","C6"
"4906","BECv12","ESSFdc2","ESSFdc2/110","C5"
"4907","BECv12","ESSFdc2","ESSFdc2/111","E7"
"4908","BECv12","ESSFdc2","ESSFdc2/111","E6"
"4909","BECv12","ESSFdc2","ESSFdc2/111","D7"
"4910","BECv12","ESSFdc2","ESSFdc2/111","D6"
"4911","BECv12","ESSFdc2","ESSFdc2/111","C7"
"4912","BECv12","ESSFdc2","ESSFdc2/111","C6"
"4913","BECv12","ESSFdc2","ESSFdc2/112","E7"
"4914","BECv12","ESSFdc2","ESSFdc2/112","D7"
"4915","BECv12","ESSFdc2","ESSFdc2/112","C7"
"4916","BECv12","ESSFdc2","ESSFdc2/112","B7"
"4917","Add_2021","ESSFdc2","ESSFdc2/Ro","A0"
"4918","Add_2021","ESSFdc2","ESSFdc2/Ro","B0"
"4919","BECv10","ESSFdc3","ESSFdc3/01","D4"
"4920","BECv10","ESSFdc3","ESSFdc3/01","D3"
"4921","BECv10","ESSFdc3","ESSFdc3/01","C4"
"4922","BECv10","ESSFdc3","ESSFdc3/01","C3"
"4923","BECv10","ESSFdc3","ESSFdc3/01","B4"
"4924","BECv10","ESSFdc3","ESSFdc3/01","B3"
"4925","BECv10","ESSFdc3","ESSFdc3/02","D1"
"4926","BECv10","ESSFdc3","ESSFdc3/02","D0"
"4927","BECv10","ESSFdc3","ESSFdc3/02","C1"
"4928","BECv10","ESSFdc3","ESSFdc3/02","C0"
"4929","BECv10","ESSFdc3","ESSFdc3/02","B1"
"4930","BECv10","ESSFdc3","ESSFdc3/02","B0"
"4931","BECv10","ESSFdc3","ESSFdc3/02","A1"
"4932","BECv10","ESSFdc3","ESSFdc3/02","A0"
"4933","BECv10","ESSFdc3","ESSFdc3/03","D3"
"4934","BECv10","ESSFdc3","ESSFdc3/03","D2"
"4935","BECv10","ESSFdc3","ESSFdc3/03","D1"
"4936","BECv10","ESSFdc3","ESSFdc3/03","C3"
"4937","BECv10","ESSFdc3","ESSFdc3/03","C2"
"4938","BECv10","ESSFdc3","ESSFdc3/03","C1"
"4939","BECv10","ESSFdc3","ESSFdc3/03","B3"
"4940","BECv10","ESSFdc3","ESSFdc3/03","B2"
"4941","BECv10","ESSFdc3","ESSFdc3/03","B1"
"4942","BECv10","ESSFdc3","ESSFdc3/05","C4"
"4943","BECv10","ESSFdc3","ESSFdc3/05","C3"
"4944","BECv10","ESSFdc3","ESSFdc3/05","C2"
"4945","BECv10","ESSFdc3","ESSFdc3/05","C1"
"4946","BECv10","ESSFdc3","ESSFdc3/05","B4"
"4947","BECv10","ESSFdc3","ESSFdc3/05","B3"
"4948","BECv10","ESSFdc3","ESSFdc3/05","B2"
"4949","BECv10","ESSFdc3","ESSFdc3/05","B1"
"4950","BECv10","ESSFdc3","ESSFdc3/05","A4"
"4951","BECv10","ESSFdc3","ESSFdc3/05","A3"
"4952","BECv10","ESSFdc3","ESSFdc3/05","A2"
"4953","BECv10","ESSFdc3","ESSFdc3/05","A1"
"4954","BECv10","ESSFdc3","ESSFdc3/06","E5"
"4955","BECv10","ESSFdc3","ESSFdc3/06","E4"
"4956","BECv10","ESSFdc3","ESSFdc3/06","D5"
"4957","BECv10","ESSFdc3","ESSFdc3/06","D4"
"4958","BECv10","ESSFdc3","ESSFdc3/06","C5"
"4959","BECv10","ESSFdc3","ESSFdc3/06","C4"
"4960","BECv10","ESSFdc3","ESSFdc3/06","B5"
"4961","BECv10","ESSFdc3","ESSFdc3/06","B4"
"4962","BECv10","ESSFdc3","ESSFdc3/07","E6"
"4963","BECv10","ESSFdc3","ESSFdc3/07","E5"
"4964","BECv10","ESSFdc3","ESSFdc3/07","D6"
"4965","BECv10","ESSFdc3","ESSFdc3/07","D5"
"4966","BECv10","ESSFdc3","ESSFdc3/07","C6"
"4967","BECv10","ESSFdc3","ESSFdc3/07","C5"
"4968","BECv10","ESSFdc3","ESSFdc3/07","B6"
"4969","BECv10","ESSFdc3","ESSFdc3/07","B5"
"4970","BECv10","ESSFdc3","ESSFdc3/08","E6"
"4971","BECv10","ESSFdc3","ESSFdc3/08","E5"
"4972","BECv10","ESSFdc3","ESSFdc3/08","D6"
"4973","BECv10","ESSFdc3","ESSFdc3/08","D5"
"4974","BECv10","ESSFdc3","ESSFdc3/08","C6"
"4975","BECv10","ESSFdc3","ESSFdc3/08","C5"
"4976","BECv10","ESSFdc3","ESSFdc3/09","D7"
"4977","BECv10","ESSFdc3","ESSFdc3/09","C7"
"4978","BECv10","ESSFdc3","ESSFdc3/09","B7"
"4979","BECv10","ESSFdcp","ESSFdcp/00","E7"
"4980","BECv10","ESSFdcp","ESSFdcp/00","E6"
"4981","BECv10","ESSFdcp","ESSFdcp/00","E5"
"4982","BECv10","ESSFdcp","ESSFdcp/00","E4"
"4983","BECv10","ESSFdcp","ESSFdcp/00","E3"
"4984","BECv10","ESSFdcp","ESSFdcp/00","E2"
"4985","BECv10","ESSFdcp","ESSFdcp/00","E1"
"4986","BECv10","ESSFdcp","ESSFdcp/00","E0"
"4987","BECv10","ESSFdcp","ESSFdcp/00","D7"
"4988","BECv10","ESSFdcp","ESSFdcp/00","D6"
"4989","BECv10","ESSFdcp","ESSFdcp/00","D5"
"4990","BECv10","ESSFdcp","ESSFdcp/00","D4"
"4991","BECv10","ESSFdcp","ESSFdcp/00","D3"
"4992","BECv10","ESSFdcp","ESSFdcp/00","D2"
"4993","BECv10","ESSFdcp","ESSFdcp/00","D1"
"4994","BECv10","ESSFdcp","ESSFdcp/00","D0"
"4995","BECv10","ESSFdcp","ESSFdcp/00","C7"
"4996","BECv10","ESSFdcp","ESSFdcp/00","C6"
"4997","BECv10","ESSFdcp","ESSFdcp/00","C5"
"4998","BECv10","ESSFdcp","ESSFdcp/00","C4"
"4999","BECv10","ESSFdcp","ESSFdcp/00","C3"
"5000","BECv10","ESSFdcp","ESSFdcp/00","C2"
"5001","BECv10","ESSFdcp","ESSFdcp/00","C1"
"5002","BECv10","ESSFdcp","ESSFdcp/00","C0"
"5003","BECv10","ESSFdcp","ESSFdcp/00","B7"
"5004","BECv10","ESSFdcp","ESSFdcp/00","B6"
"5005","BECv10","ESSFdcp","ESSFdcp/00","B5"
"5006","BECv10","ESSFdcp","ESSFdcp/00","B4"
"5007","BECv10","ESSFdcp","ESSFdcp/00","B3"
"5008","BECv10","ESSFdcp","ESSFdcp/00","B2"
"5009","BECv10","ESSFdcp","ESSFdcp/00","B1"
"5010","BECv10","ESSFdcp","ESSFdcp/00","B0"
"5011","BECv10","ESSFdcp","ESSFdcp/00","A7"
"5012","BECv10","ESSFdcp","ESSFdcp/00","A6"
"5013","BECv10","ESSFdcp","ESSFdcp/00","A5"
"5014","BECv10","ESSFdcp","ESSFdcp/00","A4"
"5015","BECv10","ESSFdcp","ESSFdcp/00","A3"
"5016","BECv10","ESSFdcp","ESSFdcp/00","A2"
"5017","BECv10","ESSFdcp","ESSFdcp/00","A1"
"5018","BECv10","ESSFdcp","ESSFdcp/00","A0"
"5019","BECv10","ESSFdcw","ESSFdcw/101","D4"
"5020","BECv10","ESSFdcw","ESSFdcw/101","C4"
"5021","BECv10","ESSFdcw","ESSFdcw/101","C3"
"5022","BECv10","ESSFdcw","ESSFdcw/101","B4"
"5023","BECv10","ESSFdcw","ESSFdcw/102","B2"
"5024","BECv10","ESSFdcw","ESSFdcw/102","B1"
"5025","BECv10","ESSFdcw","ESSFdcw/102","A2"
"5026","BECv10","ESSFdcw","ESSFdcw/102","A1"
"5027","BECv10","ESSFdcw","ESSFdcw/103","C3"
"5028","BECv10","ESSFdcw","ESSFdcw/103","B4"
"5029","BECv10","ESSFdcw","ESSFdcw/103","B3"
"5030","BECv10","ESSFdcw","ESSFdcw/110","D6"
"5031","BECv10","ESSFdcw","ESSFdcw/110","D5"
"5032","BECv10","ESSFdcw","ESSFdcw/110","D4"
"5033","BECv10","ESSFdcw","ESSFdcw/110","C6"
"5034","BECv10","ESSFdcw","ESSFdcw/110","C5"
"5035","Add_2021","ESSFdcw","ESSFdcw/Ro","A0"
"5036","Add_2021","ESSFdcw","ESSFdcw/Ro","B0"
"5037","USA_2019","ESSFdh_WA","ESSFdh_WA/101","D4"
"5038","USA_2019","ESSFdh_WA","ESSFdh_WA/101","D3"
"5039","USA_2019","ESSFdh_WA","ESSFdh_WA/101","C4"
"5040","USA_2019","ESSFdh_WA","ESSFdh_WA/101","C3"
"5041","USA_2019","ESSFdh_WA","ESSFdh_WA/101","B4"
"5042","USA_2019","ESSFdh_WA","ESSFdh_WA/101","B3"
"5043","USA_2019","ESSFdh_WA","ESSFdh_WA/102","D1"
"5044","USA_2019","ESSFdh_WA","ESSFdh_WA/102","C1"
"5045","USA_2019","ESSFdh_WA","ESSFdh_WA/102","B1"
"5046","USA_2019","ESSFdh_WA","ESSFdh_WA/102","A1"
"5047","USA_2019","ESSFdh_WA","ESSFdh_WA/103","D2"
"5048","USA_2019","ESSFdh_WA","ESSFdh_WA/103","C2"
"5049","USA_2019","ESSFdh_WA","ESSFdh_WA/103","B2"
"5050","USA_2019","ESSFdh_WA","ESSFdh_WA/103","A2"
"5051","USA_2019","ESSFdh_WA","ESSFdh_WA/110","E5"
"5052","USA_2019","ESSFdh_WA","ESSFdh_WA/110","D5"
"5053","USA_2019","ESSFdh_WA","ESSFdh_WA/110","C5"
"5054","USA_2019","ESSFdh_WA","ESSFdh_WA/110","B5"
"5055","USA_2019","ESSFdh_WA","ESSFdh_WA/111","E6"
"5056","USA_2019","ESSFdh_WA","ESSFdh_WA/111","D6"
"5057","USA_2019","ESSFdh_WA","ESSFdh_WA/111","C6"
"5058","USA_2019","ESSFdh_WA","ESSFdh_WA/111","B6"
"5059","Add_2021","ESSFdh_WA","ESSFdh_WA/Ro","A0"
"5060","Add_2021","ESSFdh_WA","ESSFdh_WA/Ro","B0"
"5061","BECv12","ESSFdh1","ESSFdh1/101","D4"
"5062","BECv12","ESSFdh1","ESSFdh1/101","D3"
"5063","BECv12","ESSFdh1","ESSFdh1/101","C4"
"5064","BECv12","ESSFdh1","ESSFdh1/101","C3"
"5065","BECv12","ESSFdh1","ESSFdh1/101","B4"
"5066","BECv12","ESSFdh1","ESSFdh1/101","B3"
"5067","BECv12","ESSFdh1","ESSFdh1/102","C1"
"5068","BECv12","ESSFdh1","ESSFdh1/102","C0"
"5069","BECv12","ESSFdh1","ESSFdh1/102","B1"
"5070","BECv12","ESSFdh1","ESSFdh1/102","B0"
"5071","BECv12","ESSFdh1","ESSFdh1/102","A1"
"5072","BECv12","ESSFdh1","ESSFdh1/102","A0"
"5073","BECv12","ESSFdh1","ESSFdh1/103","C2"
"5074","BECv12","ESSFdh1","ESSFdh1/103","B2"
"5075","BECv12","ESSFdh1","ESSFdh1/103","A2"
"5076","BECv12","ESSFdh1","ESSFdh1/104","D3"
"5077","BECv12","ESSFdh1","ESSFdh1/104","D2"
"5078","BECv12","ESSFdh1","ESSFdh1/104","C3"
"5079","BECv12","ESSFdh1","ESSFdh1/104","C2"
"5080","BECv12","ESSFdh1","ESSFdh1/104","B3"
"5081","BECv12","ESSFdh1","ESSFdh1/104","B2"
"5082","BECv12","ESSFdh1","ESSFdh1/110","E5"
"5083","BECv12","ESSFdh1","ESSFdh1/110","D5"
"5084","BECv12","ESSFdh1","ESSFdh1/110","C5"
"5085","BECv12","ESSFdh1","ESSFdh1/111","E7"
"5086","BECv12","ESSFdh1","ESSFdh1/111","E6"
"5087","BECv12","ESSFdh1","ESSFdh1/111","D7"
"5088","BECv12","ESSFdh1","ESSFdh1/111","D6"
"5089","BECv12","ESSFdh1","ESSFdh1/111","C7"
"5090","BECv12","ESSFdh1","ESSFdh1/111","C6"
"5091","BECv12","ESSFdh2","ESSFdh2/01","D4"
"5092","BECv12","ESSFdh2","ESSFdh2/01","D3"
"5093","BECv12","ESSFdh2","ESSFdh2/01","C4"
"5094","BECv12","ESSFdh2","ESSFdh2/01","C3"
"5095","BECv12","ESSFdh2","ESSFdh2/01","B4"
"5096","BECv12","ESSFdh2","ESSFdh2/01","B3"
"5097","BECv12","ESSFdh2","ESSFdh2/01","A4"
"5098","BECv12","ESSFdh2","ESSFdh2/01","A3"
"5099","BECv12","ESSFdh2","ESSFdh2/02","D1"
"5100","BECv12","ESSFdh2","ESSFdh2/02","D0"
"5101","BECv12","ESSFdh2","ESSFdh2/02","C1"
"5102","BECv12","ESSFdh2","ESSFdh2/02","C0"
"5103","BECv12","ESSFdh2","ESSFdh2/02","B1"
"5104","BECv12","ESSFdh2","ESSFdh2/02","B0"
"5105","BECv12","ESSFdh2","ESSFdh2/02","A1"
"5106","BECv12","ESSFdh2","ESSFdh2/02","A0"
"5107","BECv12","ESSFdh2","ESSFdh2/03","D3"
"5108","BECv12","ESSFdh2","ESSFdh2/03","D2"
"5109","BECv12","ESSFdh2","ESSFdh2/03","D1"
"5110","BECv12","ESSFdh2","ESSFdh2/03","C3"
"5111","BECv12","ESSFdh2","ESSFdh2/03","C2"
"5112","BECv12","ESSFdh2","ESSFdh2/03","C1"
"5113","BECv12","ESSFdh2","ESSFdh2/03","B3"
"5114","BECv12","ESSFdh2","ESSFdh2/03","B2"
"5115","BECv12","ESSFdh2","ESSFdh2/03","B1"
"5116","BECv12","ESSFdh2","ESSFdh2/03","A3"
"5117","BECv12","ESSFdh2","ESSFdh2/03","A2"
"5118","BECv12","ESSFdh2","ESSFdh2/03","A1"
"5119","BECv12","ESSFdh2","ESSFdh2/04","C4"
"5120","BECv12","ESSFdh2","ESSFdh2/04","C3"
"5121","BECv12","ESSFdh2","ESSFdh2/04","C2"
"5122","BECv12","ESSFdh2","ESSFdh2/04","B4"
"5123","BECv12","ESSFdh2","ESSFdh2/04","B3"
"5124","BECv12","ESSFdh2","ESSFdh2/04","B2"
"5125","BECv12","ESSFdh2","ESSFdh2/04","A4"
"5126","BECv12","ESSFdh2","ESSFdh2/04","A3"
"5127","BECv12","ESSFdh2","ESSFdh2/04","A2"
"5128","BECv12","ESSFdh2","ESSFdh2/05","C5"
"5129","BECv12","ESSFdh2","ESSFdh2/05","C4"
"5130","BECv12","ESSFdh2","ESSFdh2/05","B5"
"5131","BECv12","ESSFdh2","ESSFdh2/05","B4"
"5132","BECv12","ESSFdh2","ESSFdh2/05","A5"
"5133","BECv12","ESSFdh2","ESSFdh2/05","A4"
"5134","BECv12","ESSFdh2","ESSFdh2/06","E6"
"5135","BECv12","ESSFdh2","ESSFdh2/06","E5"
"5136","BECv12","ESSFdh2","ESSFdh2/06","E4"
"5137","BECv12","ESSFdh2","ESSFdh2/06","D6"
"5138","BECv12","ESSFdh2","ESSFdh2/06","D5"
"5139","BECv12","ESSFdh2","ESSFdh2/06","D4"
"5140","BECv12","ESSFdh2","ESSFdh2/06","C6"
"5141","BECv12","ESSFdh2","ESSFdh2/06","C5"
"5142","BECv12","ESSFdh2","ESSFdh2/06","C4"
"5143","BECv12","ESSFdh2","ESSFdh2/07","E7"
"5144","BECv12","ESSFdh2","ESSFdh2/07","E6"
"5145","BECv12","ESSFdh2","ESSFdh2/07","E5"
"5146","BECv12","ESSFdh2","ESSFdh2/07","D7"
"5147","BECv12","ESSFdh2","ESSFdh2/07","D6"
"5148","BECv12","ESSFdh2","ESSFdh2/07","D5"
"5149","BECv12","ESSFdh2","ESSFdh2/08","E7"
"5150","BECv12","ESSFdh2","ESSFdh2/08","E6"
"5151","BECv12","ESSFdh2","ESSFdh2/08","D7"
"5152","BECv12","ESSFdh2","ESSFdh2/08","D6"
"5153","BECv12","ESSFdh2","ESSFdh2/08","C7"
"5154","BECv12","ESSFdh2","ESSFdh2/08","C6"
"5155","USA_2019","ESSFdk_MT","ESSFdk_MT/101","D4"
"5156","USA_2019","ESSFdk_MT","ESSFdk_MT/101","D3"
"5157","USA_2019","ESSFdk_MT","ESSFdk_MT/101","C4"
"5158","USA_2019","ESSFdk_MT","ESSFdk_MT/101","C3"
"5159","USA_2019","ESSFdk_MT","ESSFdk_MT/101","B4"
"5160","USA_2019","ESSFdk_MT","ESSFdk_MT/101","B3"
"5161","USA_2019","ESSFdk_MT","ESSFdk_MT/102","D2"
"5162","USA_2019","ESSFdk_MT","ESSFdk_MT/102","D1"
"5163","USA_2019","ESSFdk_MT","ESSFdk_MT/102","C2"
"5164","USA_2019","ESSFdk_MT","ESSFdk_MT/102","C1"
"5165","USA_2019","ESSFdk_MT","ESSFdk_MT/102","B2"
"5166","USA_2019","ESSFdk_MT","ESSFdk_MT/102","B1"
"5167","USA_2019","ESSFdk_MT","ESSFdk_MT/102","A2"
"5168","USA_2019","ESSFdk_MT","ESSFdk_MT/102","A1"
"5169","USA_2019","ESSFdk_MT","ESSFdk_MT/110","E5"
"5170","USA_2019","ESSFdk_MT","ESSFdk_MT/110","D5"
"5171","USA_2019","ESSFdk_MT","ESSFdk_MT/110","C5"
"5172","USA_2019","ESSFdk_MT","ESSFdk_MT/110","B5"
"5173","USA_2019","ESSFdk_MT","ESSFdk_MT/111","E6"
"5174","USA_2019","ESSFdk_MT","ESSFdk_MT/111","D6"
"5175","USA_2019","ESSFdk_MT","ESSFdk_MT/111","C6"
"5176","USA_2019","ESSFdk_MT","ESSFdk_MT/111","B6"
"5177","Add_2021","ESSFdk_MT","ESSFdk_MT/Ro","A0"
"5178","Add_2021","ESSFdk_MT","ESSFdk_MT/Ro","B0"
"5179","BECv11","ESSFdk1","ESSFdk1/101","D4"
"5180","BECv11","ESSFdk1","ESSFdk1/101","C4"
"5181","BECv11","ESSFdk1","ESSFdk1/101","B4"
"5182","BECv11","ESSFdk1","ESSFdk1/102","C1"
"5183","BECv11","ESSFdk1","ESSFdk1/102","B2"
"5184","BECv11","ESSFdk1","ESSFdk1/102","B1"
"5185","BECv11","ESSFdk1","ESSFdk1/102","A2"
"5186","BECv11","ESSFdk1","ESSFdk1/102","A1"
"5187","BECv11","ESSFdk1","ESSFdk1/103","D2"
"5188","BECv11","ESSFdk1","ESSFdk1/103","C2"
"5189","BECv11","ESSFdk1","ESSFdk1/103","B2"
"5190","BECv11","ESSFdk1","ESSFdk1/104","D3"
"5191","BECv11","ESSFdk1","ESSFdk1/104","D2"
"5192","BECv11","ESSFdk1","ESSFdk1/104","C3"
"5193","BECv11","ESSFdk1","ESSFdk1/104","B3"
"5194","BECv11","ESSFdk1","ESSFdk1/110","E5"
"5195","BECv11","ESSFdk1","ESSFdk1/110","D5"
"5196","BECv11","ESSFdk1","ESSFdk1/110","C5"
"5197","BECv11","ESSFdk1","ESSFdk1/111","E7"
"5198","BECv11","ESSFdk1","ESSFdk1/111","E6"
"5199","BECv11","ESSFdk1","ESSFdk1/111","D7"
"5200","BECv11","ESSFdk1","ESSFdk1/111","D6"
"5201","BECv11","ESSFdk1","ESSFdk1/111","C7"
"5202","BECv11","ESSFdk1","ESSFdk1/111","C6"
"5203","BECv11","ESSFdk1","ESSFdk1/111a","E7"
"5204","BECv11","ESSFdk1","ESSFdk1/111a","E6"
"5205","BECv11","ESSFdk1","ESSFdk1/111a","D6"
"5206","BECv11","ESSFdk1","ESSFdk1/111b","E7"
"5207","BECv11","ESSFdk1","ESSFdk1/111b","D7"
"5208","BECv11","ESSFdk1","ESSFdk1/111b","C7"
"5209","BECv11","ESSFdk1","ESSFdk1/111b","C6"
"5210","BECv11","ESSFdk1","ESSFdk1/Ro","C0"
"5211","BECv11","ESSFdk1","ESSFdk1/Ro","B0"
"5212","BECv11","ESSFdk1","ESSFdk1/Ro","A0"
"5213","BECv11","ESSFdk2","ESSFdk2/101","D4"
"5214","BECv11","ESSFdk2","ESSFdk2/101","D3"
"5215","BECv11","ESSFdk2","ESSFdk2/101","C4"
"5216","BECv11","ESSFdk2","ESSFdk2/102","C1"
"5217","BECv11","ESSFdk2","ESSFdk2/102","B1"
"5218","BECv11","ESSFdk2","ESSFdk2/102","A1"
"5219","BECv11","ESSFdk2","ESSFdk2/103","D2"
"5220","BECv11","ESSFdk2","ESSFdk2/103","C2"
"5221","BECv11","ESSFdk2","ESSFdk2/103","B3"
"5222","BECv11","ESSFdk2","ESSFdk2/103","B2"
"5223","BECv11","ESSFdk2","ESSFdk2/104","D3"
"5224","BECv11","ESSFdk2","ESSFdk2/104","D2"
"5225","BECv11","ESSFdk2","ESSFdk2/104","C3"
"5226","BECv11","ESSFdk2","ESSFdk2/104","B4"
"5227","BECv11","ESSFdk2","ESSFdk2/104","B3"
"5228","BECv11","ESSFdk2","ESSFdk2/110","D5"
"5229","BECv11","ESSFdk2","ESSFdk2/110","C5"
"5230","BECv11","ESSFdk2","ESSFdk2/111","E5"
"5231","BECv11","ESSFdk2","ESSFdk2/111","D5"
"5232","BECv11","ESSFdk2","ESSFdk2/111","C5"
"5233","BECv11","ESSFdk2","ESSFdk2/112","E7"
"5234","BECv11","ESSFdk2","ESSFdk2/112","E6"
"5235","BECv11","ESSFdk2","ESSFdk2/112","D7"
"5236","BECv11","ESSFdk2","ESSFdk2/112","D6"
"5237","BECv11","ESSFdk2","ESSFdk2/112","C7"
"5238","BECv11","ESSFdk2","ESSFdk2/112","C6"
"5239","BECv11","ESSFdk2","ESSFdk2/112a","E7"
"5240","BECv11","ESSFdk2","ESSFdk2/112a","E6"
"5241","BECv11","ESSFdk2","ESSFdk2/112a","D6"
"5242","BECv11","ESSFdk2","ESSFdk2/112b","E7"
"5243","BECv11","ESSFdk2","ESSFdk2/112b","D7"
"5244","BECv11","ESSFdk2","ESSFdk2/112b","C7"
"5245","BECv11","ESSFdk2","ESSFdk2/112b","C6"
"5246","BECv11","ESSFdk2","ESSFdk2/Ro","D0"
"5247","BECv11","ESSFdk2","ESSFdk2/Ro","C0"
"5248","BECv11","ESSFdk2","ESSFdk2/Ro","B0"
"5249","BECv11","ESSFdk2","ESSFdk2/Ro","A0"
"5250","BECv10","ESSFdkp","ESSFdkp/00","E7"
"5251","BECv10","ESSFdkp","ESSFdkp/00","E6"
"5252","BECv10","ESSFdkp","ESSFdkp/00","E5"
"5253","BECv10","ESSFdkp","ESSFdkp/00","E4"
"5254","BECv10","ESSFdkp","ESSFdkp/00","E3"
"5255","BECv10","ESSFdkp","ESSFdkp/00","E2"
"5256","BECv10","ESSFdkp","ESSFdkp/00","E1"
"5257","BECv10","ESSFdkp","ESSFdkp/00","E0"
"5258","BECv10","ESSFdkp","ESSFdkp/00","D7"
"5259","BECv10","ESSFdkp","ESSFdkp/00","D6"
"5260","BECv10","ESSFdkp","ESSFdkp/00","D5"
"5261","BECv10","ESSFdkp","ESSFdkp/00","D4"
"5262","BECv10","ESSFdkp","ESSFdkp/00","D3"
"5263","BECv10","ESSFdkp","ESSFdkp/00","D2"
"5264","BECv10","ESSFdkp","ESSFdkp/00","D1"
"5265","BECv10","ESSFdkp","ESSFdkp/00","D0"
"5266","BECv10","ESSFdkp","ESSFdkp/00","C7"
"5267","BECv10","ESSFdkp","ESSFdkp/00","C6"
"5268","BECv10","ESSFdkp","ESSFdkp/00","C5"
"5269","BECv10","ESSFdkp","ESSFdkp/00","C4"
"5270","BECv10","ESSFdkp","ESSFdkp/00","C3"
"5271","BECv10","ESSFdkp","ESSFdkp/00","C2"
"5272","BECv10","ESSFdkp","ESSFdkp/00","C1"
"5273","BECv10","ESSFdkp","ESSFdkp/00","C0"
"5274","BECv10","ESSFdkp","ESSFdkp/00","B7"
"5275","BECv10","ESSFdkp","ESSFdkp/00","B6"
"5276","BECv10","ESSFdkp","ESSFdkp/00","B5"
"5277","BECv10","ESSFdkp","ESSFdkp/00","B4"
"5278","BECv10","ESSFdkp","ESSFdkp/00","B3"
"5279","BECv10","ESSFdkp","ESSFdkp/00","B2"
"5280","BECv10","ESSFdkp","ESSFdkp/00","B1"
"5281","BECv10","ESSFdkp","ESSFdkp/00","B0"
"5282","BECv10","ESSFdkp","ESSFdkp/00","A7"
"5283","BECv10","ESSFdkp","ESSFdkp/00","A6"
"5284","BECv10","ESSFdkp","ESSFdkp/00","A5"
"5285","BECv10","ESSFdkp","ESSFdkp/00","A4"
"5286","BECv10","ESSFdkp","ESSFdkp/00","A3"
"5287","BECv10","ESSFdkp","ESSFdkp/00","A2"
"5288","BECv10","ESSFdkp","ESSFdkp/00","A1"
"5289","BECv10","ESSFdkp","ESSFdkp/00","A0"
"5290","USA_2019","ESSFdkp_MT","ESSFdkp_MT/00","E6"
"5291","USA_2019","ESSFdkp_MT","ESSFdkp_MT/00","E5"
"5292","USA_2019","ESSFdkp_MT","ESSFdkp_MT/00","D6"
"5293","USA_2019","ESSFdkp_MT","ESSFdkp_MT/00","D5"
"5294","USA_2019","ESSFdkp_MT","ESSFdkp_MT/00","D4"
"5295","USA_2019","ESSFdkp_MT","ESSFdkp_MT/00","D3"
"5296","USA_2019","ESSFdkp_MT","ESSFdkp_MT/00","D2"
"5297","USA_2019","ESSFdkp_MT","ESSFdkp_MT/00","D1"
"5298","USA_2019","ESSFdkp_MT","ESSFdkp_MT/00","C6"
"5299","USA_2019","ESSFdkp_MT","ESSFdkp_MT/00","C5"
"5300","USA_2019","ESSFdkp_MT","ESSFdkp_MT/00","C4"
"5301","USA_2019","ESSFdkp_MT","ESSFdkp_MT/00","C3"
"5302","USA_2019","ESSFdkp_MT","ESSFdkp_MT/00","C2"
"5303","USA_2019","ESSFdkp_MT","ESSFdkp_MT/00","C1"
"5304","USA_2019","ESSFdkp_MT","ESSFdkp_MT/00","B6"
"5305","USA_2019","ESSFdkp_MT","ESSFdkp_MT/00","B5"
"5306","USA_2019","ESSFdkp_MT","ESSFdkp_MT/00","B4"
"5307","USA_2019","ESSFdkp_MT","ESSFdkp_MT/00","B3"
"5308","USA_2019","ESSFdkp_MT","ESSFdkp_MT/00","B2"
"5309","USA_2019","ESSFdkp_MT","ESSFdkp_MT/00","B1"
"5310","USA_2019","ESSFdkp_MT","ESSFdkp_MT/00","A2"
"5311","USA_2019","ESSFdkp_MT","ESSFdkp_MT/00","A1"
"5312","Add_2021","ESSFdkp_MT","ESSFdkp_MT/Ro","A0"
"5313","Add_2021","ESSFdkp_MT","ESSFdkp_MT/Ro","B0"
"5314","BECv11","ESSFdkw","ESSFdkw/101","D4"
"5315","BECv11","ESSFdkw","ESSFdkw/101","D3"
"5316","BECv11","ESSFdkw","ESSFdkw/101","C4"
"5317","BECv11","ESSFdkw","ESSFdkw/101","C3"
"5318","BECv11","ESSFdkw","ESSFdkw/101","B4"
"5319","BECv11","ESSFdkw","ESSFdkw/101","B3"
"5320","BECv11","ESSFdkw","ESSFdkw/102","C2"
"5321","BECv11","ESSFdkw","ESSFdkw/102","C1"
"5322","BECv11","ESSFdkw","ESSFdkw/102","B2"
"5323","BECv11","ESSFdkw","ESSFdkw/102","B1"
"5324","BECv11","ESSFdkw","ESSFdkw/102","A1"
"5325","BECv11","ESSFdkw","ESSFdkw/103","D3"
"5326","BECv11","ESSFdkw","ESSFdkw/103","D2"
"5327","BECv11","ESSFdkw","ESSFdkw/103","C3"
"5328","BECv11","ESSFdkw","ESSFdkw/103","C2"
"5329","BECv11","ESSFdkw","ESSFdkw/103","B3"
"5330","BECv11","ESSFdkw","ESSFdkw/103","B2"
"5331","BECv11","ESSFdkw","ESSFdkw/110","D6"
"5332","BECv11","ESSFdkw","ESSFdkw/110","D5"
"5333","BECv11","ESSFdkw","ESSFdkw/110","C6"
"5334","BECv11","ESSFdkw","ESSFdkw/110","C5"
"5335","BECv11","ESSFdkw","ESSFdkw/Ro","C0"
"5336","BECv11","ESSFdkw","ESSFdkw/Ro","B0"
"5337","BECv11","ESSFdkw","ESSFdkw/Ro","A0"
"5338","USA_2019","ESSFdm_ID","ESSFdm_ID/101","D4"
"5339","USA_2019","ESSFdm_ID","ESSFdm_ID/101","D3"
"5340","USA_2019","ESSFdm_ID","ESSFdm_ID/101","C4"
"5341","USA_2019","ESSFdm_ID","ESSFdm_ID/101","C3"
"5342","USA_2019","ESSFdm_ID","ESSFdm_ID/101","B4"
"5343","USA_2019","ESSFdm_ID","ESSFdm_ID/101","B3"
"5344","USA_2019","ESSFdm_ID","ESSFdm_ID/102","D1"
"5345","USA_2019","ESSFdm_ID","ESSFdm_ID/102","C1"
"5346","USA_2019","ESSFdm_ID","ESSFdm_ID/102","B1"
"5347","USA_2019","ESSFdm_ID","ESSFdm_ID/102","A1"
"5348","USA_2019","ESSFdm_ID","ESSFdm_ID/103","D2"
"5349","USA_2019","ESSFdm_ID","ESSFdm_ID/103","C2"
"5350","USA_2019","ESSFdm_ID","ESSFdm_ID/103","B2"
"5351","USA_2019","ESSFdm_ID","ESSFdm_ID/103","A2"
"5352","USA_2019","ESSFdm_ID","ESSFdm_ID/110","E5"
"5353","USA_2019","ESSFdm_ID","ESSFdm_ID/110","D5"
"5354","USA_2019","ESSFdm_ID","ESSFdm_ID/110","C5"
"5355","USA_2019","ESSFdm_ID","ESSFdm_ID/110","B5"
"5356","USA_2019","ESSFdm_ID","ESSFdm_ID/111","E6"
"5357","USA_2019","ESSFdm_ID","ESSFdm_ID/111","D6"
"5358","USA_2019","ESSFdm_ID","ESSFdm_ID/111","C6"
"5359","USA_2019","ESSFdm_ID","ESSFdm_ID/111","B6"
"5360","Add_2021","ESSFdm_ID","ESSFdm_ID/Ro","A0"
"5361","Add_2021","ESSFdm_ID","ESSFdm_ID/Ro","B0"
"5362","USA_2019","ESSFdmp_ID","ESSFdmp_ID/00","E6"
"5363","USA_2019","ESSFdmp_ID","ESSFdmp_ID/00","E5"
"5364","USA_2019","ESSFdmp_ID","ESSFdmp_ID/00","D6"
"5365","USA_2019","ESSFdmp_ID","ESSFdmp_ID/00","D5"
"5366","USA_2019","ESSFdmp_ID","ESSFdmp_ID/00","D4"
"5367","USA_2019","ESSFdmp_ID","ESSFdmp_ID/00","D3"
"5368","USA_2019","ESSFdmp_ID","ESSFdmp_ID/00","D2"
"5369","USA_2019","ESSFdmp_ID","ESSFdmp_ID/00","D1"
"5370","USA_2019","ESSFdmp_ID","ESSFdmp_ID/00","C6"
"5371","USA_2019","ESSFdmp_ID","ESSFdmp_ID/00","C5"
"5372","USA_2019","ESSFdmp_ID","ESSFdmp_ID/00","C4"
"5373","USA_2019","ESSFdmp_ID","ESSFdmp_ID/00","C3"
"5374","USA_2019","ESSFdmp_ID","ESSFdmp_ID/00","C2"
"5375","USA_2019","ESSFdmp_ID","ESSFdmp_ID/00","C1"
"5376","USA_2019","ESSFdmp_ID","ESSFdmp_ID/00","B6"
"5377","USA_2019","ESSFdmp_ID","ESSFdmp_ID/00","B5"
"5378","USA_2019","ESSFdmp_ID","ESSFdmp_ID/00","B4"
"5379","USA_2019","ESSFdmp_ID","ESSFdmp_ID/00","B3"
"5380","USA_2019","ESSFdmp_ID","ESSFdmp_ID/00","B2"
"5381","USA_2019","ESSFdmp_ID","ESSFdmp_ID/00","B1"
"5382","USA_2019","ESSFdmp_ID","ESSFdmp_ID/00","A2"
"5383","USA_2019","ESSFdmp_ID","ESSFdmp_ID/00","A1"
"5384","Add_2021","ESSFdmp_ID","ESSFdmp_ID/Ro","A0"
"5385","Add_2021","ESSFdmp_ID","ESSFdmp_ID/Ro","B0"
"5386","BECv10","ESSFdv1","ESSFdv1/01","C5"
"5387","BECv10","ESSFdv1","ESSFdv1/01","C4"
"5388","BECv10","ESSFdv1","ESSFdv1/01","C3"
"5389","BECv10","ESSFdv1","ESSFdv1/01","B5"
"5390","BECv10","ESSFdv1","ESSFdv1/01","B4"
"5391","BECv10","ESSFdv1","ESSFdv1/01","B3"
"5392","BECv10","ESSFdv1","ESSFdv1/01","A5"
"5393","BECv10","ESSFdv1","ESSFdv1/01","A4"
"5394","BECv10","ESSFdv1","ESSFdv1/01","A3"
"5395","BECv10","ESSFdv1","ESSFdv1/02","D2"
"5396","BECv10","ESSFdv1","ESSFdv1/02","D1"
"5397","BECv10","ESSFdv1","ESSFdv1/02","D0"
"5398","BECv10","ESSFdv1","ESSFdv1/02","C2"
"5399","BECv10","ESSFdv1","ESSFdv1/02","C1"
"5400","BECv10","ESSFdv1","ESSFdv1/02","C0"
"5401","BECv10","ESSFdv1","ESSFdv1/02","B0"
"5402","BECv10","ESSFdv1","ESSFdv1/03","C2"
"5403","BECv10","ESSFdv1","ESSFdv1/03","C1"
"5404","BECv10","ESSFdv1","ESSFdv1/03","C0"
"5405","BECv10","ESSFdv1","ESSFdv1/03","B2"
"5406","BECv10","ESSFdv1","ESSFdv1/03","B1"
"5407","BECv10","ESSFdv1","ESSFdv1/03","B0"
"5408","BECv10","ESSFdv1","ESSFdv1/03","A2"
"5409","BECv10","ESSFdv1","ESSFdv1/03","A1"
"5410","BECv10","ESSFdv1","ESSFdv1/03","A0"
"5411","BECv10","ESSFdv1","ESSFdv1/04","D3"
"5412","BECv10","ESSFdv1","ESSFdv1/04","D2"
"5413","BECv10","ESSFdv1","ESSFdv1/04","C3"
"5414","BECv10","ESSFdv1","ESSFdv1/04","C2"
"5415","BECv10","ESSFdv1","ESSFdv1/04","B3"
"5416","BECv10","ESSFdv1","ESSFdv1/04","B2"
"5417","BECv10","ESSFdv1","ESSFdv1/04","A3"
"5418","BECv10","ESSFdv1","ESSFdv1/04","A2"
"5419","BECv10","ESSFdv1","ESSFdv1/05","E6"
"5420","BECv10","ESSFdv1","ESSFdv1/05","E5"
"5421","BECv10","ESSFdv1","ESSFdv1/05","E4"
"5422","BECv10","ESSFdv1","ESSFdv1/05","E3"
"5423","BECv10","ESSFdv1","ESSFdv1/05","D6"
"5424","BECv10","ESSFdv1","ESSFdv1/05","D5"
"5425","BECv10","ESSFdv1","ESSFdv1/05","D4"
"5426","BECv10","ESSFdv1","ESSFdv1/05","D3"
"5427","BECv10","ESSFdv1","ESSFdv1/05","C6"
"5428","BECv10","ESSFdv1","ESSFdv1/05","C5"
"5429","BECv10","ESSFdv1","ESSFdv1/05","C4"
"5430","BECv10","ESSFdv1","ESSFdv1/05","C3"
"5431","BECv10","ESSFdv1","ESSFdv1/05","B6"
"5432","BECv10","ESSFdv1","ESSFdv1/05","B5"
"5433","BECv10","ESSFdv1","ESSFdv1/05","B4"
"5434","BECv10","ESSFdv1","ESSFdv1/06","E7"
"5435","BECv10","ESSFdv1","ESSFdv1/06","E6"
"5436","BECv10","ESSFdv1","ESSFdv1/06","D7"
"5437","BECv10","ESSFdv1","ESSFdv1/06","D6"
"5438","BECv10","ESSFdv1","ESSFdv1/06","C7"
"5439","BECv10","ESSFdv1","ESSFdv1/06","C6"
"5440","BECv10","ESSFdv1","ESSFdv1/06","B7"
"5441","BECv10","ESSFdv1","ESSFdv1/06","B6"
"5442","BECv10","ESSFdv1","ESSFdv1/06","A7"
"5443","BECv10","ESSFdv1","ESSFdv1/06","A6"
"5444","BECv10","ESSFdv2","ESSFdv2/01","C5"
"5445","BECv10","ESSFdv2","ESSFdv2/01","C4"
"5446","BECv10","ESSFdv2","ESSFdv2/01","C3"
"5447","BECv10","ESSFdv2","ESSFdv2/01","B5"
"5448","BECv10","ESSFdv2","ESSFdv2/01","B4"
"5449","BECv10","ESSFdv2","ESSFdv2/01","B3"
"5450","BECv10","ESSFdv2","ESSFdv2/01","A5"
"5451","BECv10","ESSFdv2","ESSFdv2/01","A4"
"5452","BECv10","ESSFdv2","ESSFdv2/01","A3"
"5453","BECv10","ESSFdv2","ESSFdv2/02","D2"
"5454","BECv10","ESSFdv2","ESSFdv2/02","D1"
"5455","BECv10","ESSFdv2","ESSFdv2/02","D0"
"5456","BECv10","ESSFdv2","ESSFdv2/02","C2"
"5457","BECv10","ESSFdv2","ESSFdv2/02","C1"
"5458","BECv10","ESSFdv2","ESSFdv2/02","C0"
"5459","BECv10","ESSFdv2","ESSFdv2/02","B0"
"5460","BECv10","ESSFdv2","ESSFdv2/03","C2"
"5461","BECv10","ESSFdv2","ESSFdv2/03","C1"
"5462","BECv10","ESSFdv2","ESSFdv2/03","C0"
"5463","BECv10","ESSFdv2","ESSFdv2/03","B2"
"5464","BECv10","ESSFdv2","ESSFdv2/03","B1"
"5465","BECv10","ESSFdv2","ESSFdv2/03","B0"
"5466","BECv10","ESSFdv2","ESSFdv2/03","A2"
"5467","BECv10","ESSFdv2","ESSFdv2/03","A1"
"5468","BECv10","ESSFdv2","ESSFdv2/03","A0"
"5469","BECv10","ESSFdv2","ESSFdv2/04","D3"
"5470","BECv10","ESSFdv2","ESSFdv2/04","D2"
"5471","BECv10","ESSFdv2","ESSFdv2/04","C3"
"5472","BECv10","ESSFdv2","ESSFdv2/04","C2"
"5473","BECv10","ESSFdv2","ESSFdv2/04","B3"
"5474","BECv10","ESSFdv2","ESSFdv2/04","B2"
"5475","BECv10","ESSFdv2","ESSFdv2/04","A3"
"5476","BECv10","ESSFdv2","ESSFdv2/04","A2"
"5477","BECv10","ESSFdv2","ESSFdv2/05","E6"
"5478","BECv10","ESSFdv2","ESSFdv2/05","E5"
"5479","BECv10","ESSFdv2","ESSFdv2/05","E4"
"5480","BECv10","ESSFdv2","ESSFdv2/05","E3"
"5481","BECv10","ESSFdv2","ESSFdv2/05","D6"
"5482","BECv10","ESSFdv2","ESSFdv2/05","D5"
"5483","BECv10","ESSFdv2","ESSFdv2/05","D4"
"5484","BECv10","ESSFdv2","ESSFdv2/05","D3"
"5485","BECv10","ESSFdv2","ESSFdv2/05","C6"
"5486","BECv10","ESSFdv2","ESSFdv2/05","C5"
"5487","BECv10","ESSFdv2","ESSFdv2/05","C4"
"5488","BECv10","ESSFdv2","ESSFdv2/05","C3"
"5489","BECv10","ESSFdv2","ESSFdv2/05","B6"
"5490","BECv10","ESSFdv2","ESSFdv2/05","B5"
"5491","BECv10","ESSFdv2","ESSFdv2/05","B4"
"5492","BECv10","ESSFdv2","ESSFdv2/06","E7"
"5493","BECv10","ESSFdv2","ESSFdv2/06","E6"
"5494","BECv10","ESSFdv2","ESSFdv2/06","D7"
"5495","BECv10","ESSFdv2","ESSFdv2/06","D6"
"5496","BECv10","ESSFdv2","ESSFdv2/06","C7"
"5497","BECv10","ESSFdv2","ESSFdv2/06","C6"
"5498","BECv10","ESSFdv2","ESSFdv2/06","B7"
"5499","BECv10","ESSFdv2","ESSFdv2/06","B6"
"5500","BECv10","ESSFdv2","ESSFdv2/06","A7"
"5501","BECv10","ESSFdv2","ESSFdv2/06","A6"
"5502","BECv10","ESSFdvp","ESSFdvp/00","E7"
"5503","BECv10","ESSFdvp","ESSFdvp/00","E6"
"5504","BECv10","ESSFdvp","ESSFdvp/00","E5"
"5505","BECv10","ESSFdvp","ESSFdvp/00","E4"
"5506","BECv10","ESSFdvp","ESSFdvp/00","E3"
"5507","BECv10","ESSFdvp","ESSFdvp/00","E2"
"5508","BECv10","ESSFdvp","ESSFdvp/00","E1"
"5509","BECv10","ESSFdvp","ESSFdvp/00","E0"
"5510","BECv10","ESSFdvp","ESSFdvp/00","D7"
"5511","BECv10","ESSFdvp","ESSFdvp/00","D6"
"5512","BECv10","ESSFdvp","ESSFdvp/00","D5"
"5513","BECv10","ESSFdvp","ESSFdvp/00","D4"
"5514","BECv10","ESSFdvp","ESSFdvp/00","D3"
"5515","BECv10","ESSFdvp","ESSFdvp/00","D2"
"5516","BECv10","ESSFdvp","ESSFdvp/00","D1"
"5517","BECv10","ESSFdvp","ESSFdvp/00","D0"
"5518","BECv10","ESSFdvp","ESSFdvp/00","C7"
"5519","BECv10","ESSFdvp","ESSFdvp/00","C6"
"5520","BECv10","ESSFdvp","ESSFdvp/00","C5"
"5521","BECv10","ESSFdvp","ESSFdvp/00","C4"
"5522","BECv10","ESSFdvp","ESSFdvp/00","C3"
"5523","BECv10","ESSFdvp","ESSFdvp/00","C2"
"5524","BECv10","ESSFdvp","ESSFdvp/00","C1"
"5525","BECv10","ESSFdvp","ESSFdvp/00","C0"
"5526","BECv10","ESSFdvp","ESSFdvp/00","B7"
"5527","BECv10","ESSFdvp","ESSFdvp/00","B6"
"5528","BECv10","ESSFdvp","ESSFdvp/00","B5"
"5529","BECv10","ESSFdvp","ESSFdvp/00","B4"
"5530","BECv10","ESSFdvp","ESSFdvp/00","B3"
"5531","BECv10","ESSFdvp","ESSFdvp/00","B2"
"5532","BECv10","ESSFdvp","ESSFdvp/00","B1"
"5533","BECv10","ESSFdvp","ESSFdvp/00","B0"
"5534","BECv10","ESSFdvp","ESSFdvp/00","A7"
"5535","BECv10","ESSFdvp","ESSFdvp/00","A6"
"5536","BECv10","ESSFdvp","ESSFdvp/00","A5"
"5537","BECv10","ESSFdvp","ESSFdvp/00","A4"
"5538","BECv10","ESSFdvp","ESSFdvp/00","A3"
"5539","BECv10","ESSFdvp","ESSFdvp/00","A2"
"5540","BECv10","ESSFdvp","ESSFdvp/00","A1"
"5541","BECv10","ESSFdvp","ESSFdvp/00","A0"
"5542","BECv10","ESSFdvw","ESSFdvw/01","C5"
"5543","BECv10","ESSFdvw","ESSFdvw/01","C4"
"5544","BECv10","ESSFdvw","ESSFdvw/01","C3"
"5545","BECv10","ESSFdvw","ESSFdvw/01","B5"
"5546","BECv10","ESSFdvw","ESSFdvw/01","B4"
"5547","BECv10","ESSFdvw","ESSFdvw/01","B3"
"5548","BECv10","ESSFdvw","ESSFdvw/01","A5"
"5549","BECv10","ESSFdvw","ESSFdvw/01","A4"
"5550","BECv10","ESSFdvw","ESSFdvw/01","A3"
"5551","BECv10","ESSFdvw","ESSFdvw/02","D2"
"5552","BECv10","ESSFdvw","ESSFdvw/02","D1"
"5553","BECv10","ESSFdvw","ESSFdvw/02","D0"
"5554","BECv10","ESSFdvw","ESSFdvw/02","C2"
"5555","BECv10","ESSFdvw","ESSFdvw/02","C1"
"5556","BECv10","ESSFdvw","ESSFdvw/02","C0"
"5557","BECv10","ESSFdvw","ESSFdvw/02","B0"
"5558","BECv10","ESSFdvw","ESSFdvw/03","C2"
"5559","BECv10","ESSFdvw","ESSFdvw/03","C1"
"5560","BECv10","ESSFdvw","ESSFdvw/03","C0"
"5561","BECv10","ESSFdvw","ESSFdvw/03","B2"
"5562","BECv10","ESSFdvw","ESSFdvw/03","B1"
"5563","BECv10","ESSFdvw","ESSFdvw/03","B0"
"5564","BECv10","ESSFdvw","ESSFdvw/03","A2"
"5565","BECv10","ESSFdvw","ESSFdvw/03","A1"
"5566","BECv10","ESSFdvw","ESSFdvw/03","A0"
"5567","BECv10","ESSFdvw","ESSFdvw/04","D3"
"5568","BECv10","ESSFdvw","ESSFdvw/04","D2"
"5569","BECv10","ESSFdvw","ESSFdvw/04","C3"
"5570","BECv10","ESSFdvw","ESSFdvw/04","C2"
"5571","BECv10","ESSFdvw","ESSFdvw/04","B3"
"5572","BECv10","ESSFdvw","ESSFdvw/04","B2"
"5573","BECv10","ESSFdvw","ESSFdvw/04","A3"
"5574","BECv10","ESSFdvw","ESSFdvw/04","A2"
"5575","BECv10","ESSFdvw","ESSFdvw/05","E6"
"5576","BECv10","ESSFdvw","ESSFdvw/05","E5"
"5577","BECv10","ESSFdvw","ESSFdvw/05","E4"
"5578","BECv10","ESSFdvw","ESSFdvw/05","E3"
"5579","BECv10","ESSFdvw","ESSFdvw/05","D6"
"5580","BECv10","ESSFdvw","ESSFdvw/05","D5"
"5581","BECv10","ESSFdvw","ESSFdvw/05","D4"
"5582","BECv10","ESSFdvw","ESSFdvw/05","D3"
"5583","BECv10","ESSFdvw","ESSFdvw/05","C6"
"5584","BECv10","ESSFdvw","ESSFdvw/05","C5"
"5585","BECv10","ESSFdvw","ESSFdvw/05","C4"
"5586","BECv10","ESSFdvw","ESSFdvw/05","C3"
"5587","BECv10","ESSFdvw","ESSFdvw/05","B6"
"5588","BECv10","ESSFdvw","ESSFdvw/05","B5"
"5589","BECv10","ESSFdvw","ESSFdvw/05","B4"
"5590","BECv10","ESSFdvw","ESSFdvw/06","E7"
"5591","BECv10","ESSFdvw","ESSFdvw/06","E6"
"5592","BECv10","ESSFdvw","ESSFdvw/06","D7"
"5593","BECv10","ESSFdvw","ESSFdvw/06","D6"
"5594","BECv10","ESSFdvw","ESSFdvw/06","C7"
"5595","BECv10","ESSFdvw","ESSFdvw/06","C6"
"5596","BECv10","ESSFdvw","ESSFdvw/06","B7"
"5597","BECv10","ESSFdvw","ESSFdvw/06","B6"
"5598","BECv10","ESSFdvw","ESSFdvw/06","A7"
"5599","BECv10","ESSFdvw","ESSFdvw/06","A6"
"5600","BECv10","ESSFmc","ESSFmc/01","C4"
"5601","BECv10","ESSFmc","ESSFmc/01","B5"
"5602","BECv10","ESSFmc","ESSFmc/01","B4"
"5603","BECv10","ESSFmc","ESSFmc/01a","C4"
"5604","BECv10","ESSFmc","ESSFmc/01a","B5"
"5605","BECv10","ESSFmc","ESSFmc/01a","B4"
"5606","BECv10","ESSFmc","ESSFmc/01b","C4"
"5607","BECv10","ESSFmc","ESSFmc/01b","B5"
"5608","BECv10","ESSFmc","ESSFmc/01b","B4"
"5609","BECv10","ESSFmc","ESSFmc/02","C1"
"5610","BECv10","ESSFmc","ESSFmc/02","C0"
"5611","BECv10","ESSFmc","ESSFmc/02","B1"
"5612","BECv10","ESSFmc","ESSFmc/02","B0"
"5613","BECv10","ESSFmc","ESSFmc/02","A1"
"5614","BECv10","ESSFmc","ESSFmc/02","A0"
"5615","BECv10","ESSFmc","ESSFmc/03","C2"
"5616","BECv10","ESSFmc","ESSFmc/03","B2"
"5617","BECv10","ESSFmc","ESSFmc/03","A2"
"5618","BECv10","ESSFmc","ESSFmc/04","C3"
"5619","BECv10","ESSFmc","ESSFmc/04","B3"
"5620","BECv10","ESSFmc","ESSFmc/04","A4"
"5621","BECv10","ESSFmc","ESSFmc/04","A3"
"5622","BECv10","ESSFmc","ESSFmc/05","E4"
"5623","BECv10","ESSFmc","ESSFmc/05","D4"
"5624","BECv10","ESSFmc","ESSFmc/06","D5"
"5625","BECv10","ESSFmc","ESSFmc/06","C5"
"5626","BECv10","ESSFmc","ESSFmc/07","E6"
"5627","BECv10","ESSFmc","ESSFmc/07","E5"
"5628","BECv10","ESSFmc","ESSFmc/07","D6"
"5629","BECv10","ESSFmc","ESSFmc/07","D5"
"5630","BECv10","ESSFmc","ESSFmc/08","D7"
"5631","BECv10","ESSFmc","ESSFmc/08","D6"
"5632","BECv10","ESSFmc","ESSFmc/08","D5"
"5633","BECv10","ESSFmc","ESSFmc/08","C7"
"5634","BECv10","ESSFmc","ESSFmc/08","C6"
"5635","BECv10","ESSFmc","ESSFmc/09","B7"
"5636","BECv10","ESSFmc","ESSFmc/09","B6"
"5637","BECv10","ESSFmc","ESSFmc/09","A7"
"5638","BECv10","ESSFmc","ESSFmc/09","A6"
"5639","BECv10","ESSFmc","ESSFmc/10","E7"
"5640","BECv10","ESSFmc","ESSFmc/10","D7"
"5641","BECv10","ESSFmc","ESSFmc/10","C7"
"5642","BECv10","ESSFmcp","ESSFmcp/00","E7"
"5643","BECv10","ESSFmcp","ESSFmcp/00","E6"
"5644","BECv10","ESSFmcp","ESSFmcp/00","E5"
"5645","BECv10","ESSFmcp","ESSFmcp/00","E4"
"5646","BECv10","ESSFmcp","ESSFmcp/00","E3"
"5647","BECv10","ESSFmcp","ESSFmcp/00","E2"
"5648","BECv10","ESSFmcp","ESSFmcp/00","E1"
"5649","BECv10","ESSFmcp","ESSFmcp/00","E0"
"5650","BECv10","ESSFmcp","ESSFmcp/00","D7"
"5651","BECv10","ESSFmcp","ESSFmcp/00","D6"
"5652","BECv10","ESSFmcp","ESSFmcp/00","D5"
"5653","BECv10","ESSFmcp","ESSFmcp/00","D4"
"5654","BECv10","ESSFmcp","ESSFmcp/00","D3"
"5655","BECv10","ESSFmcp","ESSFmcp/00","D2"
"5656","BECv10","ESSFmcp","ESSFmcp/00","D1"
"5657","BECv10","ESSFmcp","ESSFmcp/00","D0"
"5658","BECv10","ESSFmcp","ESSFmcp/00","C7"
"5659","BECv10","ESSFmcp","ESSFmcp/00","C6"
"5660","BECv10","ESSFmcp","ESSFmcp/00","C5"
"5661","BECv10","ESSFmcp","ESSFmcp/00","C4"
"5662","BECv10","ESSFmcp","ESSFmcp/00","C3"
"5663","BECv10","ESSFmcp","ESSFmcp/00","C2"
"5664","BECv10","ESSFmcp","ESSFmcp/00","C1"
"5665","BECv10","ESSFmcp","ESSFmcp/00","C0"
"5666","BECv10","ESSFmcp","ESSFmcp/00","B7"
"5667","BECv10","ESSFmcp","ESSFmcp/00","B6"
"5668","BECv10","ESSFmcp","ESSFmcp/00","B5"
"5669","BECv10","ESSFmcp","ESSFmcp/00","B4"
"5670","BECv10","ESSFmcp","ESSFmcp/00","B3"
"5671","BECv10","ESSFmcp","ESSFmcp/00","B2"
"5672","BECv10","ESSFmcp","ESSFmcp/00","B1"
"5673","BECv10","ESSFmcp","ESSFmcp/00","B0"
"5674","BECv10","ESSFmcp","ESSFmcp/00","A7"
"5675","BECv10","ESSFmcp","ESSFmcp/00","A6"
"5676","BECv10","ESSFmcp","ESSFmcp/00","A5"
"5677","BECv10","ESSFmcp","ESSFmcp/00","A4"
"5678","BECv10","ESSFmcp","ESSFmcp/00","A3"
"5679","BECv10","ESSFmcp","ESSFmcp/00","A2"
"5680","BECv10","ESSFmcp","ESSFmcp/00","A1"
"5681","BECv10","ESSFmcp","ESSFmcp/00","A0"
"5682","BECv12","ESSFmcw","ESSFmcw/101","C4"
"5683","BECv12","ESSFmcw","ESSFmcw/101","C3"
"5684","BECv12","ESSFmcw","ESSFmcw/101","B4"
"5685","BECv12","ESSFmcw","ESSFmcw/101","B3"
"5686","BECv12","ESSFmcw","ESSFmcw/101a","C3"
"5687","BECv12","ESSFmcw","ESSFmcw/101a","B3"
"5688","BECv12","ESSFmcw","ESSFmcw/101b","C4"
"5689","BECv12","ESSFmcw","ESSFmcw/101b","B4"
"5690","BECv12","ESSFmcw","ESSFmcw/102","C2"
"5691","BECv12","ESSFmcw","ESSFmcw/102","B2"
"5692","BECv12","ESSFmcw","ESSFmcw/102","B1"
"5693","BECv12","ESSFmcw","ESSFmcw/102","A1"
"5694","BECv12","ESSFmcw","ESSFmcw/103","B4"
"5695","BECv12","ESSFmcw","ESSFmcw/103","B3"
"5696","BECv12","ESSFmcw","ESSFmcw/103","A4"
"5697","BECv12","ESSFmcw","ESSFmcw/103","A3"
"5698","BECv12","ESSFmcw","ESSFmcw/103","A2"
"5699","BECv12","ESSFmcw","ESSFmcw/110","E5"
"5700","BECv12","ESSFmcw","ESSFmcw/110","E4"
"5701","BECv12","ESSFmcw","ESSFmcw/110","E3"
"5702","BECv12","ESSFmcw","ESSFmcw/110","D5"
"5703","BECv12","ESSFmcw","ESSFmcw/110","D4"
"5704","BECv12","ESSFmcw","ESSFmcw/110","D3"
"5705","BECv12","ESSFmcw","ESSFmcw/110","C5"
"5706","BECv12","ESSFmcw","ESSFmcw/110","B5"
"5707","BECv12","ESSFmcw","ESSFmcw/111","E6"
"5708","BECv12","ESSFmcw","ESSFmcw/111","D6"
"5709","BECv12","ESSFmcw","ESSFmcw/111","C6"
"5710","BECv12","ESSFmcw","ESSFmcw/111","B6"
"5711","Add_2021","ESSFmcw","ESSFmcw/Ro","A0"
"5712","Add_2021","ESSFmcw","ESSFmcw/Ro","B0"
"5713","BECv10","ESSFmh","ESSFmh/101","D4"
"5714","BECv10","ESSFmh","ESSFmh/101","C4"
"5715","BECv10","ESSFmh","ESSFmh/101","B4"
"5716","BECv10","ESSFmh","ESSFmh/102","C1"
"5717","BECv10","ESSFmh","ESSFmh/102","B1"
"5718","BECv10","ESSFmh","ESSFmh/102","A1"
"5719","BECv10","ESSFmh","ESSFmh/103","C2"
"5720","BECv10","ESSFmh","ESSFmh/103","B2"
"5721","BECv10","ESSFmh","ESSFmh/103","A2"
"5722","BECv10","ESSFmh","ESSFmh/104","B3"
"5723","BECv10","ESSFmh","ESSFmh/104","B2"
"5724","BECv10","ESSFmh","ESSFmh/104","A3"
"5725","BECv10","ESSFmh","ESSFmh/104","A2"
"5726","BECv10","ESSFmh","ESSFmh/105","C3"
"5727","BECv10","ESSFmh","ESSFmh/105","C2"
"5728","BECv10","ESSFmh","ESSFmh/105","B3"
"5729","BECv10","ESSFmh","ESSFmh/110","E5"
"5730","BECv10","ESSFmh","ESSFmh/110","D5"
"5731","BECv10","ESSFmh","ESSFmh/110","D4"
"5732","BECv10","ESSFmh","ESSFmh/110","C5"
"5733","BECv10","ESSFmh","ESSFmh/111","E6"
"5734","BECv10","ESSFmh","ESSFmh/111","E5"
"5735","BECv10","ESSFmh","ESSFmh/111","D6"
"5736","BECv10","ESSFmh","ESSFmh/111","D5"
"5737","BECv10","ESSFmh","ESSFmh/111","C6"
"5738","BECv10","ESSFmh","ESSFmh/111","C5"
"5739","BECv10","ESSFmh","ESSFmh/112","E6"
"5740","BECv10","ESSFmh","ESSFmh/112","D6"
"5741","BECv10","ESSFmh","ESSFmh/112","C6"
"5742","BECv10","ESSFmh","ESSFmh/112.1","E6"
"5743","BECv10","ESSFmh","ESSFmh/112.1","D6"
"5744","BECv10","ESSFmh","ESSFmh/112.1","C6"
"5745","BECv10","ESSFmh","ESSFmh/112.2","E6"
"5746","BECv10","ESSFmh","ESSFmh/112.2","D6"
"5747","BECv10","ESSFmh","ESSFmh/112.2","C6"
"5748","Add_2021","ESSFmh","ESSFmh/Ro","A0"
"5749","Add_2021","ESSFmh","ESSFmh/Ro","B0"
"5750","BECv10","ESSFmk","ESSFmk/01","C4"
"5751","BECv10","ESSFmk","ESSFmk/01","B5"
"5752","BECv10","ESSFmk","ESSFmk/01","B4"
"5753","BECv10","ESSFmk","ESSFmk/02","C2"
"5754","BECv10","ESSFmk","ESSFmk/02","C1"
"5755","BECv10","ESSFmk","ESSFmk/02","C0"
"5756","BECv10","ESSFmk","ESSFmk/02","B2"
"5757","BECv10","ESSFmk","ESSFmk/02","B1"
"5758","BECv10","ESSFmk","ESSFmk/02","B0"
"5759","BECv10","ESSFmk","ESSFmk/02","A2"
"5760","BECv10","ESSFmk","ESSFmk/02","A1"
"5761","BECv10","ESSFmk","ESSFmk/02","A0"
"5762","BECv10","ESSFmk","ESSFmk/02a","C2"
"5763","BECv10","ESSFmk","ESSFmk/02a","C1"
"5764","BECv10","ESSFmk","ESSFmk/02a","C0"
"5765","BECv10","ESSFmk","ESSFmk/02a","B2"
"5766","BECv10","ESSFmk","ESSFmk/02a","B1"
"5767","BECv10","ESSFmk","ESSFmk/02a","B0"
"5768","BECv10","ESSFmk","ESSFmk/02a","A2"
"5769","BECv10","ESSFmk","ESSFmk/02a","A1"
"5770","BECv10","ESSFmk","ESSFmk/02a","A0"
"5771","BECv10","ESSFmk","ESSFmk/02b","C2"
"5772","BECv10","ESSFmk","ESSFmk/02b","C1"
"5773","BECv10","ESSFmk","ESSFmk/02b","C0"
"5774","BECv10","ESSFmk","ESSFmk/02b","B2"
"5775","BECv10","ESSFmk","ESSFmk/02b","B1"
"5776","BECv10","ESSFmk","ESSFmk/02b","B0"
"5777","BECv10","ESSFmk","ESSFmk/02b","A2"
"5778","BECv10","ESSFmk","ESSFmk/02b","A1"
"5779","BECv10","ESSFmk","ESSFmk/02b","A0"
"5780","BECv10","ESSFmk","ESSFmk/03","C3"
"5781","BECv10","ESSFmk","ESSFmk/03","B3"
"5782","BECv10","ESSFmk","ESSFmk/03","A4"
"5783","BECv10","ESSFmk","ESSFmk/03","A3"
"5784","BECv10","ESSFmk","ESSFmk/04","E4"
"5785","BECv10","ESSFmk","ESSFmk/04","D5"
"5786","BECv10","ESSFmk","ESSFmk/04","D4"
"5787","BECv10","ESSFmk","ESSFmk/04","C5"
"5788","BECv10","ESSFmk","ESSFmk/05","E6"
"5789","BECv10","ESSFmk","ESSFmk/05","E5"
"5790","BECv10","ESSFmk","ESSFmk/05","E4"
"5791","BECv10","ESSFmk","ESSFmk/05","D6"
"5792","BECv10","ESSFmk","ESSFmk/05","D5"
"5793","BECv10","ESSFmk","ESSFmk/06","C7"
"5794","BECv10","ESSFmk","ESSFmk/06","C6"
"5795","BECv10","ESSFmk","ESSFmk/06","B7"
"5796","BECv10","ESSFmk","ESSFmk/06","B6"
"5797","BECv10","ESSFmk","ESSFmk/07","E7"
"5798","BECv10","ESSFmk","ESSFmk/07","E6"
"5799","BECv10","ESSFmk","ESSFmk/07","D7"
"5800","BECv10","ESSFmk","ESSFmk/07","D6"
"5801","BECv10","ESSFmkp","ESSFmkp/00","E7"
"5802","BECv10","ESSFmkp","ESSFmkp/00","E6"
"5803","BECv10","ESSFmkp","ESSFmkp/00","E5"
"5804","BECv10","ESSFmkp","ESSFmkp/00","E4"
"5805","BECv10","ESSFmkp","ESSFmkp/00","E3"
"5806","BECv10","ESSFmkp","ESSFmkp/00","E2"
"5807","BECv10","ESSFmkp","ESSFmkp/00","E1"
"5808","BECv10","ESSFmkp","ESSFmkp/00","E0"
"5809","BECv10","ESSFmkp","ESSFmkp/00","D7"
"5810","BECv10","ESSFmkp","ESSFmkp/00","D6"
"5811","BECv10","ESSFmkp","ESSFmkp/00","D5"
"5812","BECv10","ESSFmkp","ESSFmkp/00","D4"
"5813","BECv10","ESSFmkp","ESSFmkp/00","D3"
"5814","BECv10","ESSFmkp","ESSFmkp/00","D2"
"5815","BECv10","ESSFmkp","ESSFmkp/00","D1"
"5816","BECv10","ESSFmkp","ESSFmkp/00","D0"
"5817","BECv10","ESSFmkp","ESSFmkp/00","C7"
"5818","BECv10","ESSFmkp","ESSFmkp/00","C6"
"5819","BECv10","ESSFmkp","ESSFmkp/00","C5"
"5820","BECv10","ESSFmkp","ESSFmkp/00","C4"
"5821","BECv10","ESSFmkp","ESSFmkp/00","C3"
"5822","BECv10","ESSFmkp","ESSFmkp/00","C2"
"5823","BECv10","ESSFmkp","ESSFmkp/00","C1"
"5824","BECv10","ESSFmkp","ESSFmkp/00","C0"
"5825","BECv10","ESSFmkp","ESSFmkp/00","B7"
"5826","BECv10","ESSFmkp","ESSFmkp/00","B6"
"5827","BECv10","ESSFmkp","ESSFmkp/00","B5"
"5828","BECv10","ESSFmkp","ESSFmkp/00","B4"
"5829","BECv10","ESSFmkp","ESSFmkp/00","B3"
"5830","BECv10","ESSFmkp","ESSFmkp/00","B2"
"5831","BECv10","ESSFmkp","ESSFmkp/00","B1"
"5832","BECv10","ESSFmkp","ESSFmkp/00","B0"
"5833","BECv10","ESSFmkp","ESSFmkp/00","A7"
"5834","BECv10","ESSFmkp","ESSFmkp/00","A6"
"5835","BECv10","ESSFmkp","ESSFmkp/00","A5"
"5836","BECv10","ESSFmkp","ESSFmkp/00","A4"
"5837","BECv10","ESSFmkp","ESSFmkp/00","A3"
"5838","BECv10","ESSFmkp","ESSFmkp/00","A2"
"5839","BECv10","ESSFmkp","ESSFmkp/00","A1"
"5840","BECv10","ESSFmkp","ESSFmkp/00","A0"
"5841","BECv12","ESSFmkw","ESSFmkw/101","C4"
"5842","BECv12","ESSFmkw","ESSFmkw/101","C3"
"5843","BECv12","ESSFmkw","ESSFmkw/101","B4"
"5844","BECv12","ESSFmkw","ESSFmkw/101","B3"
"5845","BECv12","ESSFmkw","ESSFmkw/102","C2"
"5846","BECv12","ESSFmkw","ESSFmkw/102","C1"
"5847","BECv12","ESSFmkw","ESSFmkw/102","B2"
"5848","BECv12","ESSFmkw","ESSFmkw/102","B1"
"5849","BECv12","ESSFmkw","ESSFmkw/102","A1"
"5850","BECv12","ESSFmkw","ESSFmkw/103","B4"
"5851","BECv12","ESSFmkw","ESSFmkw/103","B3"
"5852","BECv12","ESSFmkw","ESSFmkw/103","A4"
"5853","BECv12","ESSFmkw","ESSFmkw/103","A3"
"5854","BECv12","ESSFmkw","ESSFmkw/103","A2"
"5855","BECv12","ESSFmkw","ESSFmkw/104","C4"
"5856","BECv12","ESSFmkw","ESSFmkw/104","B4"
"5857","BECv12","ESSFmkw","ESSFmkw/110","E5"
"5858","BECv12","ESSFmkw","ESSFmkw/110","E4"
"5859","BECv12","ESSFmkw","ESSFmkw/110","E3"
"5860","BECv12","ESSFmkw","ESSFmkw/110","D5"
"5861","BECv12","ESSFmkw","ESSFmkw/110","D4"
"5862","BECv12","ESSFmkw","ESSFmkw/110","D3"
"5863","BECv12","ESSFmkw","ESSFmkw/110","C5"
"5864","BECv12","ESSFmkw","ESSFmkw/110","B5"
"5865","BECv12","ESSFmkw","ESSFmkw/111","E6"
"5866","BECv12","ESSFmkw","ESSFmkw/111","D6"
"5867","BECv12","ESSFmkw","ESSFmkw/111","C6"
"5868","BECv12","ESSFmkw","ESSFmkw/111","B6"
"5869","Add_2021","ESSFmkw","ESSFmkw/Ro","A0"
"5870","Add_2021","ESSFmkw","ESSFmkw/Ro","B0"
"5871","BECv10","ESSFmm1","ESSFmm1/01","D4"
"5872","BECv10","ESSFmm1","ESSFmm1/01","D3"
"5873","BECv10","ESSFmm1","ESSFmm1/01","C4"
"5874","BECv10","ESSFmm1","ESSFmm1/01","C3"
"5875","BECv10","ESSFmm1","ESSFmm1/01","B4"
"5876","BECv10","ESSFmm1","ESSFmm1/01","B3"
"5877","BECv10","ESSFmm1","ESSFmm1/02","B1"
"5878","BECv10","ESSFmm1","ESSFmm1/02","A1"
"5879","BECv10","ESSFmm1","ESSFmm1/03","B2"
"5880","BECv10","ESSFmm1","ESSFmm1/03","B1"
"5881","BECv10","ESSFmm1","ESSFmm1/03","A2"
"5882","BECv10","ESSFmm1","ESSFmm1/04","C2"
"5883","BECv10","ESSFmm1","ESSFmm1/04","B2"
"5884","BECv10","ESSFmm1","ESSFmm1/05","D5"
"5885","BECv10","ESSFmm1","ESSFmm1/05","C5"
"5886","BECv10","ESSFmm1","ESSFmm1/05","B5"
"5887","BECv10","ESSFmm1","ESSFmm1/06","D6"
"5888","BECv10","ESSFmm1","ESSFmm1/06","D5"
"5889","BECv10","ESSFmm1","ESSFmm1/06","C6"
"5890","BECv10","ESSFmm1","ESSFmm1/06","C5"
"5891","BECv10","ESSFmm1","ESSFmm1/06","B7"
"5892","BECv10","ESSFmm1","ESSFmm1/06","B6"
"5893","BECv10","ESSFmm1","ESSFmm1/06","B5"
"5894","BECv10","ESSFmm1","ESSFmm1/06","A7"
"5895","BECv10","ESSFmm1","ESSFmm1/07","B7"
"5896","BECv10","ESSFmm1","ESSFmm1/07","A7"
"5897","Add_2021","ESSFmm1","ESSFmm1/Ro","A0"
"5898","Add_2021","ESSFmm1","ESSFmm1/Ro","B0"
"5899","BECv10","ESSFmm2","ESSFmm2/01","E4"
"5900","BECv10","ESSFmm2","ESSFmm2/01","E3"
"5901","BECv10","ESSFmm2","ESSFmm2/01","D4"
"5902","BECv10","ESSFmm2","ESSFmm2/01","D3"
"5903","BECv10","ESSFmm2","ESSFmm2/01","C4"
"5904","BECv10","ESSFmm2","ESSFmm2/01","C3"
"5905","BECv10","ESSFmm2","ESSFmm2/01","B4"
"5906","BECv10","ESSFmm2","ESSFmm2/01","B3"
"5907","BECv10","ESSFmm2","ESSFmm2/01","A4"
"5908","BECv10","ESSFmm2","ESSFmm2/01","A3"
"5909","BECv10","ESSFmm2","ESSFmm2/02","C2"
"5910","BECv10","ESSFmm2","ESSFmm2/02","C1"
"5911","BECv10","ESSFmm2","ESSFmm2/02","B2"
"5912","BECv10","ESSFmm2","ESSFmm2/02","B1"
"5913","BECv10","ESSFmm2","ESSFmm2/02","A2"
"5914","BECv10","ESSFmm2","ESSFmm2/02","A1"
"5915","BECv10","ESSFmm2","ESSFmm2/03","E3"
"5916","BECv10","ESSFmm2","ESSFmm2/03","E2"
"5917","BECv10","ESSFmm2","ESSFmm2/03","E1"
"5918","BECv10","ESSFmm2","ESSFmm2/03","D3"
"5919","BECv10","ESSFmm2","ESSFmm2/03","D2"
"5920","BECv10","ESSFmm2","ESSFmm2/03","D1"
"5921","BECv10","ESSFmm2","ESSFmm2/03","C3"
"5922","BECv10","ESSFmm2","ESSFmm2/03","C2"
"5923","BECv10","ESSFmm2","ESSFmm2/03","C1"
"5924","BECv10","ESSFmm2","ESSFmm2/03","B3"
"5925","BECv10","ESSFmm2","ESSFmm2/03","B2"
"5926","BECv10","ESSFmm2","ESSFmm2/03","A3"
"5927","BECv10","ESSFmm2","ESSFmm2/03","A2"
"5928","BECv10","ESSFmm2","ESSFmm2/04","E5"
"5929","BECv10","ESSFmm2","ESSFmm2/04","E4"
"5930","BECv10","ESSFmm2","ESSFmm2/04","D5"
"5931","BECv10","ESSFmm2","ESSFmm2/04","D4"
"5932","BECv10","ESSFmm2","ESSFmm2/04","C5"
"5933","BECv10","ESSFmm2","ESSFmm2/04","C4"
"5934","BECv10","ESSFmm2","ESSFmm2/04","B5"
"5935","BECv10","ESSFmm2","ESSFmm2/04","B4"
"5936","BECv10","ESSFmm2","ESSFmm2/04","A5"
"5937","BECv10","ESSFmm2","ESSFmm2/04","A4"
"5938","BECv10","ESSFmm2","ESSFmm2/05","E7"
"5939","BECv10","ESSFmm2","ESSFmm2/05","E6"
"5940","BECv10","ESSFmm2","ESSFmm2/05","E5"
"5941","BECv10","ESSFmm2","ESSFmm2/05","D7"
"5942","BECv10","ESSFmm2","ESSFmm2/05","D6"
"5943","BECv10","ESSFmm2","ESSFmm2/05","D5"
"5944","BECv10","ESSFmm2","ESSFmm2/05","C7"
"5945","BECv10","ESSFmm2","ESSFmm2/05","C6"
"5946","BECv10","ESSFmm2","ESSFmm2/05","C5"
"5947","BECv10","ESSFmm2","ESSFmm2/05","B6"
"5948","BECv10","ESSFmm2","ESSFmm2/05","B5"
"5949","BECv10","ESSFmm2","ESSFmm2/05","A6"
"5950","BECv10","ESSFmm2","ESSFmm2/05","A5"
"5951","BECv10","ESSFmm2","ESSFmm2/06","C7"
"5952","BECv10","ESSFmm2","ESSFmm2/06","C6"
"5953","BECv10","ESSFmm2","ESSFmm2/06","B7"
"5954","BECv10","ESSFmm2","ESSFmm2/06","B6"
"5955","BECv10","ESSFmm2","ESSFmm2/06","A7"
"5956","BECv10","ESSFmm2","ESSFmm2/06","A6"
"5957","BECv10","ESSFmm2","ESSFmm2/07","B7"
"5958","BECv10","ESSFmm2","ESSFmm2/07","A7"
"5959","Add_2021","ESSFmm2","ESSFmm2/Ro","A0"
"5960","Add_2021","ESSFmm2","ESSFmm2/Ro","B0"
"5961","BECv11","ESSFmm3","ESSFmm3/101","D4"
"5962","BECv11","ESSFmm3","ESSFmm3/101","C4"
"5963","BECv11","ESSFmm3","ESSFmm3/101","B4"
"5964","BECv11","ESSFmm3","ESSFmm3/102","D1"
"5965","BECv11","ESSFmm3","ESSFmm3/102","C1"
"5966","BECv11","ESSFmm3","ESSFmm3/102","B1"
"5967","BECv11","ESSFmm3","ESSFmm3/102","A1"
"5968","BECv11","ESSFmm3","ESSFmm3/103","D2"
"5969","BECv11","ESSFmm3","ESSFmm3/103","C2"
"5970","BECv11","ESSFmm3","ESSFmm3/103","B2"
"5971","BECv11","ESSFmm3","ESSFmm3/104","D3"
"5972","BECv11","ESSFmm3","ESSFmm3/104","C3"
"5973","BECv11","ESSFmm3","ESSFmm3/104","B4"
"5974","BECv11","ESSFmm3","ESSFmm3/104","B3"
"5975","BECv11","ESSFmm3","ESSFmm3/110","D5"
"5976","BECv11","ESSFmm3","ESSFmm3/110","C6"
"5977","BECv11","ESSFmm3","ESSFmm3/110","C5"
"5978","BECv11","ESSFmm3","ESSFmm3/111","D6"
"5979","BECv11","ESSFmm3","ESSFmm3/111","D5"
"5980","BECv11","ESSFmm3","ESSFmm3/111","C6"
"5981","BECv11","ESSFmm3","ESSFmm3/111","C5"
"5982","BECv11","ESSFmm3","ESSFmm3/112","E7"
"5983","BECv11","ESSFmm3","ESSFmm3/112","E6"
"5984","BECv11","ESSFmm3","ESSFmm3/112","D7"
"5985","BECv11","ESSFmm3","ESSFmm3/112","D6"
"5986","BECv11","ESSFmm3","ESSFmm3/112","C7"
"5987","BECv11","ESSFmm3","ESSFmm3/112","C6"
"5988","BECv11","ESSFmm3","ESSFmm3/Ro","C0"
"5989","BECv11","ESSFmm3","ESSFmm3/Ro","B0"
"5990","BECv11","ESSFmm3","ESSFmm3/Ro","A0"
"5991","BECv10","ESSFmmp","ESSFmmp/00","E7"
"5992","BECv10","ESSFmmp","ESSFmmp/00","E6"
"5993","BECv10","ESSFmmp","ESSFmmp/00","E5"
"5994","BECv10","ESSFmmp","ESSFmmp/00","E4"
"5995","BECv10","ESSFmmp","ESSFmmp/00","E3"
"5996","BECv10","ESSFmmp","ESSFmmp/00","E2"
"5997","BECv10","ESSFmmp","ESSFmmp/00","E1"
"5998","BECv10","ESSFmmp","ESSFmmp/00","E0"
"5999","BECv10","ESSFmmp","ESSFmmp/00","D7"
"6000","BECv10","ESSFmmp","ESSFmmp/00","D6"
"6001","BECv10","ESSFmmp","ESSFmmp/00","D5"
"6002","BECv10","ESSFmmp","ESSFmmp/00","D4"
"6003","BECv10","ESSFmmp","ESSFmmp/00","D3"
"6004","BECv10","ESSFmmp","ESSFmmp/00","D2"
"6005","BECv10","ESSFmmp","ESSFmmp/00","D1"
"6006","BECv10","ESSFmmp","ESSFmmp/00","D0"
"6007","BECv10","ESSFmmp","ESSFmmp/00","C7"
"6008","BECv10","ESSFmmp","ESSFmmp/00","C6"
"6009","BECv10","ESSFmmp","ESSFmmp/00","C5"
"6010","BECv10","ESSFmmp","ESSFmmp/00","C4"
"6011","BECv10","ESSFmmp","ESSFmmp/00","C3"
"6012","BECv10","ESSFmmp","ESSFmmp/00","C2"
"6013","BECv10","ESSFmmp","ESSFmmp/00","C1"
"6014","BECv10","ESSFmmp","ESSFmmp/00","C0"
"6015","BECv10","ESSFmmp","ESSFmmp/00","B7"
"6016","BECv10","ESSFmmp","ESSFmmp/00","B6"
"6017","BECv10","ESSFmmp","ESSFmmp/00","B5"
"6018","BECv10","ESSFmmp","ESSFmmp/00","B4"
"6019","BECv10","ESSFmmp","ESSFmmp/00","B3"
"6020","BECv10","ESSFmmp","ESSFmmp/00","B2"
"6021","BECv10","ESSFmmp","ESSFmmp/00","B1"
"6022","BECv10","ESSFmmp","ESSFmmp/00","B0"
"6023","BECv10","ESSFmmp","ESSFmmp/00","A7"
"6024","BECv10","ESSFmmp","ESSFmmp/00","A6"
"6025","BECv10","ESSFmmp","ESSFmmp/00","A5"
"6026","BECv10","ESSFmmp","ESSFmmp/00","A4"
"6027","BECv10","ESSFmmp","ESSFmmp/00","A3"
"6028","BECv10","ESSFmmp","ESSFmmp/00","A2"
"6029","BECv10","ESSFmmp","ESSFmmp/00","A1"
"6030","BECv10","ESSFmmp","ESSFmmp/00","A0"
"6031","BECv10","ESSFmmw","ESSFmmw/01","D4"
"6032","BECv10","ESSFmmw","ESSFmmw/01","D3"
"6033","BECv10","ESSFmmw","ESSFmmw/01","C4"
"6034","BECv10","ESSFmmw","ESSFmmw/01","C3"
"6035","BECv10","ESSFmmw","ESSFmmw/01","B4"
"6036","BECv10","ESSFmmw","ESSFmmw/01","B3"
"6037","BECv10","ESSFmmw","ESSFmmw/02","B1"
"6038","BECv10","ESSFmmw","ESSFmmw/02","A1"
"6039","BECv10","ESSFmmw","ESSFmmw/03","B2"
"6040","BECv10","ESSFmmw","ESSFmmw/03","B1"
"6041","BECv10","ESSFmmw","ESSFmmw/03","A2"
"6042","BECv10","ESSFmmw","ESSFmmw/04","C2"
"6043","BECv10","ESSFmmw","ESSFmmw/04","B2"
"6044","BECv10","ESSFmmw","ESSFmmw/05","D5"
"6045","BECv10","ESSFmmw","ESSFmmw/05","C5"
"6046","BECv10","ESSFmmw","ESSFmmw/05","B5"
"6047","BECv10","ESSFmmw","ESSFmmw/06","D6"
"6048","BECv10","ESSFmmw","ESSFmmw/06","D5"
"6049","BECv10","ESSFmmw","ESSFmmw/06","C6"
"6050","BECv10","ESSFmmw","ESSFmmw/06","C5"
"6051","BECv10","ESSFmmw","ESSFmmw/06","B7"
"6052","BECv10","ESSFmmw","ESSFmmw/06","B6"
"6053","BECv10","ESSFmmw","ESSFmmw/06","B5"
"6054","BECv10","ESSFmmw","ESSFmmw/06","A7"
"6055","BECv10","ESSFmmw","ESSFmmw/07","B7"
"6056","BECv10","ESSFmmw","ESSFmmw/07","A7"
"6057","Add_2021","ESSFmmw","ESSFmmw/Ro","A0"
"6058","Add_2021","ESSFmmw","ESSFmmw/Ro","B0"
"6059","BECv10","ESSFmv1","ESSFmv1/01","D4"
"6060","BECv10","ESSFmv1","ESSFmv1/01","C4"
"6061","BECv10","ESSFmv1","ESSFmv1/01","B4"
"6062","BECv10","ESSFmv1","ESSFmv1/02","B2"
"6063","BECv10","ESSFmv1","ESSFmv1/02","B1"
"6064","BECv10","ESSFmv1","ESSFmv1/02","A2"
"6065","BECv10","ESSFmv1","ESSFmv1/02","A1"
"6066","BECv10","ESSFmv1","ESSFmv1/03","C4"
"6067","BECv10","ESSFmv1","ESSFmv1/03","C3"
"6068","BECv10","ESSFmv1","ESSFmv1/03","B4"
"6069","BECv10","ESSFmv1","ESSFmv1/03","B3"
"6070","BECv10","ESSFmv1","ESSFmv1/04","D6"
"6071","BECv10","ESSFmv1","ESSFmv1/04","D5"
"6072","BECv10","ESSFmv1","ESSFmv1/04","C6"
"6073","BECv10","ESSFmv1","ESSFmv1/04","C5"
"6074","BECv10","ESSFmv1","ESSFmv1/05","D7"
"6075","BECv10","ESSFmv1","ESSFmv1/05","D6"
"6076","BECv10","ESSFmv1","ESSFmv1/05","C7"
"6077","BECv10","ESSFmv1","ESSFmv1/05","C6"
"6078","Add_2021","ESSFmv1","ESSFmv1/Ro","A0"
"6079","Add_2021","ESSFmv1","ESSFmv1/Ro","B0"
"6080","BECv10","ESSFmv2","ESSFmv2/01","C4"
"6081","BECv10","ESSFmv2","ESSFmv2/01","C3"
"6082","BECv10","ESSFmv2","ESSFmv2/01","B4"
"6083","BECv10","ESSFmv2","ESSFmv2/01","B3"
"6084","BECv10","ESSFmv2","ESSFmv2/02","C3"
"6085","BECv10","ESSFmv2","ESSFmv2/02","C2"
"6086","BECv10","ESSFmv2","ESSFmv2/02","B3"
"6087","BECv10","ESSFmv2","ESSFmv2/02","B2"
"6088","BECv10","ESSFmv2","ESSFmv2/03","B5"
"6089","BECv10","ESSFmv2","ESSFmv2/03","B4"
"6090","BECv10","ESSFmv2","ESSFmv2/03","B3"
"6091","BECv10","ESSFmv2","ESSFmv2/03","A6"
"6092","BECv10","ESSFmv2","ESSFmv2/03","A5"
"6093","BECv10","ESSFmv2","ESSFmv2/03","A4"
"6094","BECv10","ESSFmv2","ESSFmv2/03","A3"
"6095","BECv10","ESSFmv2","ESSFmv2/04","D5"
"6096","BECv10","ESSFmv2","ESSFmv2/04","D4"
"6097","BECv10","ESSFmv2","ESSFmv2/04","C5"
"6098","BECv10","ESSFmv2","ESSFmv2/04","C4"
"6099","BECv10","ESSFmv2","ESSFmv2/05","E5"
"6100","BECv10","ESSFmv2","ESSFmv2/05","D5"
"6101","BECv10","ESSFmv2","ESSFmv2/06","D6"
"6102","BECv10","ESSFmv2","ESSFmv2/06","D5"
"6103","BECv10","ESSFmv2","ESSFmv2/06","C6"
"6104","BECv10","ESSFmv2","ESSFmv2/06","C5"
"6105","Add_2021","ESSFmv2","ESSFmv2/Ro","A0"
"6106","Add_2021","ESSFmv2","ESSFmv2/Ro","B0"
"6107","BECv10","ESSFmv3","ESSFmv3/01","D4"
"6108","BECv10","ESSFmv3","ESSFmv3/01","D3"
"6109","BECv10","ESSFmv3","ESSFmv3/01","C4"
"6110","BECv10","ESSFmv3","ESSFmv3/01","C3"
"6111","BECv10","ESSFmv3","ESSFmv3/01","B4"
"6112","BECv10","ESSFmv3","ESSFmv3/01","B3"
"6113","BECv10","ESSFmv3","ESSFmv3/02","B3"
"6114","BECv10","ESSFmv3","ESSFmv3/02","B2"
"6115","BECv10","ESSFmv3","ESSFmv3/02","A3"
"6116","BECv10","ESSFmv3","ESSFmv3/02","A2"
"6117","BECv10","ESSFmv3","ESSFmv3/03","B5"
"6118","BECv10","ESSFmv3","ESSFmv3/03","B4"
"6119","BECv10","ESSFmv3","ESSFmv3/03","B3"
"6120","BECv10","ESSFmv3","ESSFmv3/03","A5"
"6121","BECv10","ESSFmv3","ESSFmv3/03","A4"
"6122","BECv10","ESSFmv3","ESSFmv3/03","A3"
"6123","BECv10","ESSFmv3","ESSFmv3/04","D5"
"6124","BECv10","ESSFmv3","ESSFmv3/04","D4"
"6125","BECv10","ESSFmv3","ESSFmv3/04","C5"
"6126","BECv10","ESSFmv3","ESSFmv3/04","C4"
"6127","BECv10","ESSFmv3","ESSFmv3/05","D5"
"6128","BECv10","ESSFmv3","ESSFmv3/05","C5"
"6129","BECv10","ESSFmv3","ESSFmv3/06","D6"
"6130","BECv10","ESSFmv3","ESSFmv3/06","D5"
"6131","BECv10","ESSFmv3","ESSFmv3/06","C6"
"6132","BECv10","ESSFmv3","ESSFmv3/06","C5"
"6133","BECv10","ESSFmv3","ESSFmv3/07","D6"
"6134","BECv10","ESSFmv3","ESSFmv3/07","C6"
"6135","BECv10","ESSFmv3","ESSFmv3/08","C3"
"6136","BECv10","ESSFmv3","ESSFmv3/08","C2"
"6137","BECv10","ESSFmv3","ESSFmv3/08","B3"
"6138","BECv10","ESSFmv3","ESSFmv3/08","B2"
"6139","Add_2021","ESSFmv3","ESSFmv3/Ro","A0"
"6140","Add_2021","ESSFmv3","ESSFmv3/Ro","B0"
"6141","BECv10","ESSFmv4","ESSFmv4/01","D4"
"6142","BECv10","ESSFmv4","ESSFmv4/01","D3"
"6143","BECv10","ESSFmv4","ESSFmv4/01","C4"
"6144","BECv10","ESSFmv4","ESSFmv4/01","C3"
"6145","BECv10","ESSFmv4","ESSFmv4/01","B4"
"6146","BECv10","ESSFmv4","ESSFmv4/02","B3"
"6147","BECv10","ESSFmv4","ESSFmv4/02","B2"
"6148","BECv10","ESSFmv4","ESSFmv4/03","B6"
"6149","BECv10","ESSFmv4","ESSFmv4/03","B5"
"6150","BECv10","ESSFmv4","ESSFmv4/03","B4"
"6151","BECv10","ESSFmv4","ESSFmv4/03","B3"
"6152","BECv10","ESSFmv4","ESSFmv4/03","A6"
"6153","BECv10","ESSFmv4","ESSFmv4/03","A5"
"6154","BECv10","ESSFmv4","ESSFmv4/03","A4"
"6155","BECv10","ESSFmv4","ESSFmv4/03","A3"
"6156","BECv10","ESSFmv4","ESSFmv4/04","E5"
"6157","BECv10","ESSFmv4","ESSFmv4/04","D5"
"6158","BECv10","ESSFmv4","ESSFmv4/04","C5"
"6159","BECv10","ESSFmv4","ESSFmv4/05","D6"
"6160","BECv10","ESSFmv4","ESSFmv4/05","C6"
"6161","BECv10","ESSFmv4","ESSFmv4/05","B6"
"6162","Add_2021","ESSFmv4","ESSFmv4/Ro","A0"
"6163","Add_2021","ESSFmv4","ESSFmv4/Ro","B0"
"6164","BECv10","ESSFmvp","ESSFmvp/00","E7"
"6165","BECv10","ESSFmvp","ESSFmvp/00","E6"
"6166","BECv10","ESSFmvp","ESSFmvp/00","E5"
"6167","BECv10","ESSFmvp","ESSFmvp/00","E4"
"6168","BECv10","ESSFmvp","ESSFmvp/00","E3"
"6169","BECv10","ESSFmvp","ESSFmvp/00","E2"
"6170","BECv10","ESSFmvp","ESSFmvp/00","E1"
"6171","BECv10","ESSFmvp","ESSFmvp/00","E0"
"6172","BECv10","ESSFmvp","ESSFmvp/00","D7"
"6173","BECv10","ESSFmvp","ESSFmvp/00","D6"
"6174","BECv10","ESSFmvp","ESSFmvp/00","D5"
"6175","BECv10","ESSFmvp","ESSFmvp/00","D4"
"6176","BECv10","ESSFmvp","ESSFmvp/00","D3"
"6177","BECv10","ESSFmvp","ESSFmvp/00","D2"
"6178","BECv10","ESSFmvp","ESSFmvp/00","D1"
"6179","BECv10","ESSFmvp","ESSFmvp/00","D0"
"6180","BECv10","ESSFmvp","ESSFmvp/00","C7"
"6181","BECv10","ESSFmvp","ESSFmvp/00","C6"
"6182","BECv10","ESSFmvp","ESSFmvp/00","C5"
"6183","BECv10","ESSFmvp","ESSFmvp/00","C4"
"6184","BECv10","ESSFmvp","ESSFmvp/00","C3"
"6185","BECv10","ESSFmvp","ESSFmvp/00","C2"
"6186","BECv10","ESSFmvp","ESSFmvp/00","C1"
"6187","BECv10","ESSFmvp","ESSFmvp/00","C0"
"6188","BECv10","ESSFmvp","ESSFmvp/00","B7"
"6189","BECv10","ESSFmvp","ESSFmvp/00","B6"
"6190","BECv10","ESSFmvp","ESSFmvp/00","B5"
"6191","BECv10","ESSFmvp","ESSFmvp/00","B4"
"6192","BECv10","ESSFmvp","ESSFmvp/00","B3"
"6193","BECv10","ESSFmvp","ESSFmvp/00","B2"
"6194","BECv10","ESSFmvp","ESSFmvp/00","B1"
"6195","BECv10","ESSFmvp","ESSFmvp/00","B0"
"6196","BECv10","ESSFmvp","ESSFmvp/00","A7"
"6197","BECv10","ESSFmvp","ESSFmvp/00","A6"
"6198","BECv10","ESSFmvp","ESSFmvp/00","A5"
"6199","BECv10","ESSFmvp","ESSFmvp/00","A4"
"6200","BECv10","ESSFmvp","ESSFmvp/00","A3"
"6201","BECv10","ESSFmvp","ESSFmvp/00","A2"
"6202","BECv10","ESSFmvp","ESSFmvp/00","A1"
"6203","BECv10","ESSFmvp","ESSFmvp/00","A0"
"6204","BECv10","ESSFmw","ESSFmw/01","D4"
"6205","BECv10","ESSFmw","ESSFmw/01","D3"
"6206","BECv10","ESSFmw","ESSFmw/01","C4"
"6207","BECv10","ESSFmw","ESSFmw/01","C3"
"6208","BECv10","ESSFmw","ESSFmw/01","B4"
"6209","BECv10","ESSFmw","ESSFmw/01","B3"
"6210","BECv10","ESSFmw","ESSFmw/01","A4"
"6211","BECv10","ESSFmw","ESSFmw/01","A3"
"6212","BECv10","ESSFmw","ESSFmw/02","D1"
"6213","BECv10","ESSFmw","ESSFmw/02","D0"
"6214","BECv10","ESSFmw","ESSFmw/02","C1"
"6215","BECv10","ESSFmw","ESSFmw/02","C0"
"6216","BECv10","ESSFmw","ESSFmw/02","B1"
"6217","BECv10","ESSFmw","ESSFmw/02","B0"
"6218","BECv10","ESSFmw","ESSFmw/02","A1"
"6219","BECv10","ESSFmw","ESSFmw/02","A0"
"6220","BECv10","ESSFmw","ESSFmw/03","D3"
"6221","BECv10","ESSFmw","ESSFmw/03","D2"
"6222","BECv10","ESSFmw","ESSFmw/03","D1"
"6223","BECv10","ESSFmw","ESSFmw/03","C3"
"6224","BECv10","ESSFmw","ESSFmw/03","C2"
"6225","BECv10","ESSFmw","ESSFmw/03","C1"
"6226","BECv10","ESSFmw","ESSFmw/03","B3"
"6227","BECv10","ESSFmw","ESSFmw/03","B2"
"6228","BECv10","ESSFmw","ESSFmw/03","B1"
"6229","BECv10","ESSFmw","ESSFmw/03","A3"
"6230","BECv10","ESSFmw","ESSFmw/03","A2"
"6231","BECv10","ESSFmw","ESSFmw/03","A1"
"6232","BECv10","ESSFmw","ESSFmw/04","C4"
"6233","BECv10","ESSFmw","ESSFmw/04","C3"
"6234","BECv10","ESSFmw","ESSFmw/04","C2"
"6235","BECv10","ESSFmw","ESSFmw/04","B4"
"6236","BECv10","ESSFmw","ESSFmw/04","B3"
"6237","BECv10","ESSFmw","ESSFmw/04","B2"
"6238","BECv10","ESSFmw","ESSFmw/04","A4"
"6239","BECv10","ESSFmw","ESSFmw/04","A3"
"6240","BECv10","ESSFmw","ESSFmw/04","A2"
"6241","BECv10","ESSFmw","ESSFmw/05","C5"
"6242","BECv10","ESSFmw","ESSFmw/05","C4"
"6243","BECv10","ESSFmw","ESSFmw/05","B5"
"6244","BECv10","ESSFmw","ESSFmw/05","B4"
"6245","BECv10","ESSFmw","ESSFmw/05","A5"
"6246","BECv10","ESSFmw","ESSFmw/05","A4"
"6247","BECv10","ESSFmw","ESSFmw/06","E6"
"6248","BECv10","ESSFmw","ESSFmw/06","E5"
"6249","BECv10","ESSFmw","ESSFmw/06","E4"
"6250","BECv10","ESSFmw","ESSFmw/06","D6"
"6251","BECv10","ESSFmw","ESSFmw/06","D5"
"6252","BECv10","ESSFmw","ESSFmw/06","D4"
"6253","BECv10","ESSFmw","ESSFmw/06","C6"
"6254","BECv10","ESSFmw","ESSFmw/06","C5"
"6255","BECv10","ESSFmw","ESSFmw/06","C4"
"6256","BECv10","ESSFmw","ESSFmw/07","E7"
"6257","BECv10","ESSFmw","ESSFmw/07","E6"
"6258","BECv10","ESSFmw","ESSFmw/07","E5"
"6259","BECv10","ESSFmw","ESSFmw/07","D7"
"6260","BECv10","ESSFmw","ESSFmw/07","D6"
"6261","BECv10","ESSFmw","ESSFmw/07","D5"
"6262","BECv10","ESSFmw","ESSFmw/08","E7"
"6263","BECv10","ESSFmw","ESSFmw/08","E6"
"6264","BECv10","ESSFmw","ESSFmw/08","D7"
"6265","BECv10","ESSFmw","ESSFmw/08","D6"
"6266","BECv10","ESSFmw","ESSFmw/08","C7"
"6267","BECv10","ESSFmw","ESSFmw/08","C6"
"6268","USA_2019","ESSFmw_WA","ESSFmw_WA/101","D4"
"6269","USA_2019","ESSFmw_WA","ESSFmw_WA/101","D3"
"6270","USA_2019","ESSFmw_WA","ESSFmw_WA/101","C4"
"6271","USA_2019","ESSFmw_WA","ESSFmw_WA/101","C3"
"6272","USA_2019","ESSFmw_WA","ESSFmw_WA/101","B4"
"6273","USA_2019","ESSFmw_WA","ESSFmw_WA/101","B3"
"6274","USA_2019","ESSFmw_WA","ESSFmw_WA/102","D1"
"6275","USA_2019","ESSFmw_WA","ESSFmw_WA/102","C1"
"6276","USA_2019","ESSFmw_WA","ESSFmw_WA/102","B1"
"6277","USA_2019","ESSFmw_WA","ESSFmw_WA/102","A1"
"6278","USA_2019","ESSFmw_WA","ESSFmw_WA/103","D2"
"6279","USA_2019","ESSFmw_WA","ESSFmw_WA/103","C2"
"6280","USA_2019","ESSFmw_WA","ESSFmw_WA/103","B2"
"6281","USA_2019","ESSFmw_WA","ESSFmw_WA/103","A2"
"6282","USA_2019","ESSFmw_WA","ESSFmw_WA/110","E5"
"6283","USA_2019","ESSFmw_WA","ESSFmw_WA/110","D5"
"6284","USA_2019","ESSFmw_WA","ESSFmw_WA/110","C5"
"6285","USA_2019","ESSFmw_WA","ESSFmw_WA/110","B5"
"6286","USA_2019","ESSFmw_WA","ESSFmw_WA/111","E6"
"6287","USA_2019","ESSFmw_WA","ESSFmw_WA/111","D6"
"6288","USA_2019","ESSFmw_WA","ESSFmw_WA/111","C6"
"6289","USA_2019","ESSFmw_WA","ESSFmw_WA/111","B6"
"6290","Add_2021","ESSFmw_WA","ESSFmw_WA/Ro","A0"
"6291","Add_2021","ESSFmw_WA","ESSFmw_WA/Ro","B0"
"6292","BECv12","ESSFmw1","ESSFmw1/101","D4"
"6293","BECv12","ESSFmw1","ESSFmw1/101","D3"
"6294","BECv12","ESSFmw1","ESSFmw1/101","C4"
"6295","BECv12","ESSFmw1","ESSFmw1/101","C3"
"6296","BECv12","ESSFmw1","ESSFmw1/101","B4"
"6297","BECv12","ESSFmw1","ESSFmw1/101","B3"
"6298","BECv12","ESSFmw1","ESSFmw1/101","C5"
"6299","BECv12","ESSFmw1","ESSFmw1/102","B1"
"6300","BECv12","ESSFmw1","ESSFmw1/102","B0"
"6301","BECv12","ESSFmw1","ESSFmw1/102","A1"
"6302","BECv12","ESSFmw1","ESSFmw1/102","A0"
"6303","BECv12","ESSFmw1","ESSFmw1/102.1","B1"
"6304","BECv12","ESSFmw1","ESSFmw1/102.1","B0"
"6305","BECv12","ESSFmw1","ESSFmw1/102.1","A1"
"6306","BECv12","ESSFmw1","ESSFmw1/102.1","A0"
"6307","BECv12","ESSFmw1","ESSFmw1/102.2","B1"
"6308","BECv12","ESSFmw1","ESSFmw1/102.2","B0"
"6309","BECv12","ESSFmw1","ESSFmw1/102.2","A1"
"6310","BECv12","ESSFmw1","ESSFmw1/102.2","A0"
"6311","BECv12","ESSFmw1","ESSFmw1/103","C2"
"6312","BECv12","ESSFmw1","ESSFmw1/103","C1"
"6313","BECv12","ESSFmw1","ESSFmw1/103","B2"
"6314","BECv12","ESSFmw1","ESSFmw1/104","D3"
"6315","BECv12","ESSFmw1","ESSFmw1/104","D2"
"6316","BECv12","ESSFmw1","ESSFmw1/104","C2"
"6317","BECv12","ESSFmw1","ESSFmw1/105","C3"
"6318","BECv12","ESSFmw1","ESSFmw1/105","B3"
"6319","BECv12","ESSFmw1","ESSFmw1/110","E6"
"6320","BECv12","ESSFmw1","ESSFmw1/110","D6"
"6321","BECv12","ESSFmw1","ESSFmw1/110","D5"
"6322","BECv12","ESSFmw1","ESSFmw1/111","E7"
"6323","BECv12","ESSFmw1","ESSFmw1/111","E6"
"6324","BECv12","ESSFmw1","ESSFmw1/111","D7"
"6325","BECv12","ESSFmw1","ESSFmw1/111","D6"
"6326","BECv10","ESSFmw2","ESSFmw2/01","D4"
"6327","BECv10","ESSFmw2","ESSFmw2/01","D3"
"6328","BECv10","ESSFmw2","ESSFmw2/01","C4"
"6329","BECv10","ESSFmw2","ESSFmw2/01","C3"
"6330","BECv10","ESSFmw2","ESSFmw2/01","B4"
"6331","BECv10","ESSFmw2","ESSFmw2/01","B3"
"6332","BECv10","ESSFmw2","ESSFmw2/01","A4"
"6333","BECv10","ESSFmw2","ESSFmw2/01","A3"
"6334","BECv10","ESSFmw2","ESSFmw2/02","D1"
"6335","BECv10","ESSFmw2","ESSFmw2/02","D0"
"6336","BECv10","ESSFmw2","ESSFmw2/02","C1"
"6337","BECv10","ESSFmw2","ESSFmw2/02","C0"
"6338","BECv10","ESSFmw2","ESSFmw2/02","B1"
"6339","BECv10","ESSFmw2","ESSFmw2/02","B0"
"6340","BECv10","ESSFmw2","ESSFmw2/02","A1"
"6341","BECv10","ESSFmw2","ESSFmw2/02","A0"
"6342","BECv10","ESSFmw2","ESSFmw2/03","D3"
"6343","BECv10","ESSFmw2","ESSFmw2/03","D2"
"6344","BECv10","ESSFmw2","ESSFmw2/03","D1"
"6345","BECv10","ESSFmw2","ESSFmw2/03","C3"
"6346","BECv10","ESSFmw2","ESSFmw2/03","C2"
"6347","BECv10","ESSFmw2","ESSFmw2/03","C1"
"6348","BECv10","ESSFmw2","ESSFmw2/03","B3"
"6349","BECv10","ESSFmw2","ESSFmw2/03","B2"
"6350","BECv10","ESSFmw2","ESSFmw2/03","B1"
"6351","BECv10","ESSFmw2","ESSFmw2/03","A3"
"6352","BECv10","ESSFmw2","ESSFmw2/03","A2"
"6353","BECv10","ESSFmw2","ESSFmw2/03","A1"
"6354","BECv10","ESSFmw2","ESSFmw2/04","C4"
"6355","BECv10","ESSFmw2","ESSFmw2/04","C3"
"6356","BECv10","ESSFmw2","ESSFmw2/04","C2"
"6357","BECv10","ESSFmw2","ESSFmw2/04","B4"
"6358","BECv10","ESSFmw2","ESSFmw2/04","B3"
"6359","BECv10","ESSFmw2","ESSFmw2/04","B2"
"6360","BECv10","ESSFmw2","ESSFmw2/04","A4"
"6361","BECv10","ESSFmw2","ESSFmw2/04","A3"
"6362","BECv10","ESSFmw2","ESSFmw2/04","A2"
"6363","BECv10","ESSFmw2","ESSFmw2/05","C5"
"6364","BECv10","ESSFmw2","ESSFmw2/05","C4"
"6365","BECv10","ESSFmw2","ESSFmw2/05","B5"
"6366","BECv10","ESSFmw2","ESSFmw2/05","B4"
"6367","BECv10","ESSFmw2","ESSFmw2/05","A5"
"6368","BECv10","ESSFmw2","ESSFmw2/05","A4"
"6369","BECv10","ESSFmw2","ESSFmw2/06","E6"
"6370","BECv10","ESSFmw2","ESSFmw2/06","E5"
"6371","BECv10","ESSFmw2","ESSFmw2/06","E4"
"6372","BECv10","ESSFmw2","ESSFmw2/06","D6"
"6373","BECv10","ESSFmw2","ESSFmw2/06","D5"
"6374","BECv10","ESSFmw2","ESSFmw2/06","D4"
"6375","BECv10","ESSFmw2","ESSFmw2/06","C6"
"6376","BECv10","ESSFmw2","ESSFmw2/06","C5"
"6377","BECv10","ESSFmw2","ESSFmw2/06","C4"
"6378","BECv10","ESSFmw2","ESSFmw2/07","E7"
"6379","BECv10","ESSFmw2","ESSFmw2/07","E6"
"6380","BECv10","ESSFmw2","ESSFmw2/07","E5"
"6381","BECv10","ESSFmw2","ESSFmw2/07","D7"
"6382","BECv10","ESSFmw2","ESSFmw2/07","D6"
"6383","BECv10","ESSFmw2","ESSFmw2/07","D5"
"6384","BECv10","ESSFmw2","ESSFmw2/08","E7"
"6385","BECv10","ESSFmw2","ESSFmw2/08","E6"
"6386","BECv10","ESSFmw2","ESSFmw2/08","D7"
"6387","BECv10","ESSFmw2","ESSFmw2/08","D6"
"6388","BECv10","ESSFmw2","ESSFmw2/08","C7"
"6389","BECv10","ESSFmw2","ESSFmw2/08","C6"
"6390","BECv10","ESSFmwp","ESSFmwp/00","E7"
"6391","BECv10","ESSFmwp","ESSFmwp/00","E6"
"6392","BECv10","ESSFmwp","ESSFmwp/00","E5"
"6393","BECv10","ESSFmwp","ESSFmwp/00","E4"
"6394","BECv10","ESSFmwp","ESSFmwp/00","E3"
"6395","BECv10","ESSFmwp","ESSFmwp/00","E2"
"6396","BECv10","ESSFmwp","ESSFmwp/00","E1"
"6397","BECv10","ESSFmwp","ESSFmwp/00","E0"
"6398","BECv10","ESSFmwp","ESSFmwp/00","D7"
"6399","BECv10","ESSFmwp","ESSFmwp/00","D6"
"6400","BECv10","ESSFmwp","ESSFmwp/00","D5"
"6401","BECv10","ESSFmwp","ESSFmwp/00","D4"
"6402","BECv10","ESSFmwp","ESSFmwp/00","D3"
"6403","BECv10","ESSFmwp","ESSFmwp/00","D2"
"6404","BECv10","ESSFmwp","ESSFmwp/00","D1"
"6405","BECv10","ESSFmwp","ESSFmwp/00","D0"
"6406","BECv10","ESSFmwp","ESSFmwp/00","C7"
"6407","BECv10","ESSFmwp","ESSFmwp/00","C6"
"6408","BECv10","ESSFmwp","ESSFmwp/00","C5"
"6409","BECv10","ESSFmwp","ESSFmwp/00","C4"
"6410","BECv10","ESSFmwp","ESSFmwp/00","C3"
"6411","BECv10","ESSFmwp","ESSFmwp/00","C2"
"6412","BECv10","ESSFmwp","ESSFmwp/00","C1"
"6413","BECv10","ESSFmwp","ESSFmwp/00","C0"
"6414","BECv10","ESSFmwp","ESSFmwp/00","B7"
"6415","BECv10","ESSFmwp","ESSFmwp/00","B6"
"6416","BECv10","ESSFmwp","ESSFmwp/00","B5"
"6417","BECv10","ESSFmwp","ESSFmwp/00","B4"
"6418","BECv10","ESSFmwp","ESSFmwp/00","B3"
"6419","BECv10","ESSFmwp","ESSFmwp/00","B2"
"6420","BECv10","ESSFmwp","ESSFmwp/00","B1"
"6421","BECv10","ESSFmwp","ESSFmwp/00","B0"
"6422","BECv10","ESSFmwp","ESSFmwp/00","A7"
"6423","BECv10","ESSFmwp","ESSFmwp/00","A6"
"6424","BECv10","ESSFmwp","ESSFmwp/00","A5"
"6425","BECv10","ESSFmwp","ESSFmwp/00","A4"
"6426","BECv10","ESSFmwp","ESSFmwp/00","A3"
"6427","BECv10","ESSFmwp","ESSFmwp/00","A2"
"6428","BECv10","ESSFmwp","ESSFmwp/00","A1"
"6429","BECv10","ESSFmwp","ESSFmwp/00","A0"
"6430","USA_2019","ESSFmwp_WA","ESSFmwp_WA/00","E7"
"6431","USA_2019","ESSFmwp_WA","ESSFmwp_WA/00","E6"
"6432","USA_2019","ESSFmwp_WA","ESSFmwp_WA/00","E5"
"6433","USA_2019","ESSFmwp_WA","ESSFmwp_WA/00","E4"
"6434","USA_2019","ESSFmwp_WA","ESSFmwp_WA/00","E3"
"6435","USA_2019","ESSFmwp_WA","ESSFmwp_WA/00","E2"
"6436","USA_2019","ESSFmwp_WA","ESSFmwp_WA/00","E1"
"6437","USA_2019","ESSFmwp_WA","ESSFmwp_WA/00","E0"
"6438","USA_2019","ESSFmwp_WA","ESSFmwp_WA/00","D7"
"6439","USA_2019","ESSFmwp_WA","ESSFmwp_WA/00","D6"
"6440","USA_2019","ESSFmwp_WA","ESSFmwp_WA/00","D5"
"6441","USA_2019","ESSFmwp_WA","ESSFmwp_WA/00","D4"
"6442","USA_2019","ESSFmwp_WA","ESSFmwp_WA/00","D3"
"6443","USA_2019","ESSFmwp_WA","ESSFmwp_WA/00","D2"
"6444","USA_2019","ESSFmwp_WA","ESSFmwp_WA/00","D1"
"6445","USA_2019","ESSFmwp_WA","ESSFmwp_WA/00","D0"
"6446","USA_2019","ESSFmwp_WA","ESSFmwp_WA/00","C7"
"6447","USA_2019","ESSFmwp_WA","ESSFmwp_WA/00","C6"
"6448","USA_2019","ESSFmwp_WA","ESSFmwp_WA/00","C5"
"6449","USA_2019","ESSFmwp_WA","ESSFmwp_WA/00","C4"
"6450","USA_2019","ESSFmwp_WA","ESSFmwp_WA/00","C3"
"6451","USA_2019","ESSFmwp_WA","ESSFmwp_WA/00","C2"
"6452","USA_2019","ESSFmwp_WA","ESSFmwp_WA/00","C1"
"6453","USA_2019","ESSFmwp_WA","ESSFmwp_WA/00","C0"
"6454","USA_2019","ESSFmwp_WA","ESSFmwp_WA/00","B7"
"6455","USA_2019","ESSFmwp_WA","ESSFmwp_WA/00","B6"
"6456","USA_2019","ESSFmwp_WA","ESSFmwp_WA/00","B5"
"6457","USA_2019","ESSFmwp_WA","ESSFmwp_WA/00","B4"
"6458","USA_2019","ESSFmwp_WA","ESSFmwp_WA/00","B3"
"6459","USA_2019","ESSFmwp_WA","ESSFmwp_WA/00","B2"
"6460","USA_2019","ESSFmwp_WA","ESSFmwp_WA/00","B1"
"6461","USA_2019","ESSFmwp_WA","ESSFmwp_WA/00","B0"
"6462","USA_2019","ESSFmwp_WA","ESSFmwp_WA/00","A7"
"6463","USA_2019","ESSFmwp_WA","ESSFmwp_WA/00","A6"
"6464","USA_2019","ESSFmwp_WA","ESSFmwp_WA/00","A5"
"6465","USA_2019","ESSFmwp_WA","ESSFmwp_WA/00","A4"
"6466","USA_2019","ESSFmwp_WA","ESSFmwp_WA/00","A3"
"6467","USA_2019","ESSFmwp_WA","ESSFmwp_WA/00","A2"
"6468","USA_2019","ESSFmwp_WA","ESSFmwp_WA/00","A1"
"6469","USA_2019","ESSFmwp_WA","ESSFmwp_WA/00","A0"
"6470","BECv13","ESSFmww","ESSFmww/101","D4"
"6471","BECv13","ESSFmww","ESSFmww/101","D3"
"6472","BECv13","ESSFmww","ESSFmww/101","C4"
"6473","BECv13","ESSFmww","ESSFmww/101","C3"
"6474","BECv13","ESSFmww","ESSFmww/101","B4"
"6475","BECv13","ESSFmww","ESSFmww/101","B3"
"6476","BECv13","ESSFmww","ESSFmww/101","A4"
"6477","BECv13","ESSFmww","ESSFmww/102","D1"
"6478","BECv13","ESSFmww","ESSFmww/102","D0"
"6479","BECv13","ESSFmww","ESSFmww/102","C1"
"6480","BECv13","ESSFmww","ESSFmww/102","C0"
"6481","BECv13","ESSFmww","ESSFmww/102","B1"
"6482","BECv13","ESSFmww","ESSFmww/102","B0"
"6483","BECv13","ESSFmww","ESSFmww/102","A1"
"6484","BECv13","ESSFmww","ESSFmww/102","A0"
"6485","BECv13","ESSFmww","ESSFmww/103","D2"
"6486","BECv13","ESSFmww","ESSFmww/103","C3"
"6487","BECv13","ESSFmww","ESSFmww/103","C2"
"6488","BECv13","ESSFmww","ESSFmww/103","B3"
"6489","BECv13","ESSFmww","ESSFmww/103","B2"
"6490","BECv13","ESSFmww","ESSFmww/103","A3"
"6491","BECv13","ESSFmww","ESSFmww/103","A2"
"6492","BECv13","ESSFmww","ESSFmww/110","E6"
"6493","BECv13","ESSFmww","ESSFmww/110","E5"
"6494","BECv13","ESSFmww","ESSFmww/110","D6"
"6495","BECv13","ESSFmww","ESSFmww/110","D5"
"6496","BECv13","ESSFmww","ESSFmww/110","C6"
"6497","BECv13","ESSFmww","ESSFmww/110","C5"
"6498","BECv10","ESSFun","ESSFun/h","E7"
"6499","BECv10","ESSFun","ESSFun/h","E6"
"6500","BECv10","ESSFun","ESSFun/h","E5"
"6501","BECv10","ESSFun","ESSFun/h","D7"
"6502","BECv10","ESSFun","ESSFun/h","D6"
"6503","BECv10","ESSFun","ESSFun/h","D5"
"6504","BECv10","ESSFun","ESSFun/h","C7"
"6505","BECv10","ESSFun","ESSFun/h","C6"
"6506","BECv10","ESSFun","ESSFun/h","C5"
"6507","BECv10","ESSFun","ESSFun/h","B7"
"6508","BECv10","ESSFun","ESSFun/h","B6"
"6509","BECv10","ESSFun","ESSFun/h","B5"
"6510","BECv10","ESSFun","ESSFun/h","A7"
"6511","BECv10","ESSFun","ESSFun/h","A6"
"6512","BECv10","ESSFun","ESSFun/h","A5"
"6513","BECv10","ESSFun","ESSFun/m","E4"
"6514","BECv10","ESSFun","ESSFun/m","E3"
"6515","BECv10","ESSFun","ESSFun/m","D4"
"6516","BECv10","ESSFun","ESSFun/m","D3"
"6517","BECv10","ESSFun","ESSFun/m","C4"
"6518","BECv10","ESSFun","ESSFun/m","C3"
"6519","BECv10","ESSFun","ESSFun/m","B4"
"6520","BECv10","ESSFun","ESSFun/m","B3"
"6521","BECv10","ESSFun","ESSFun/m","A4"
"6522","BECv10","ESSFun","ESSFun/m","A3"
"6523","BECv10","ESSFun","ESSFun/x","E2"
"6524","BECv10","ESSFun","ESSFun/x","E1"
"6525","BECv10","ESSFun","ESSFun/x","E0"
"6526","BECv10","ESSFun","ESSFun/x","D2"
"6527","BECv10","ESSFun","ESSFun/x","D1"
"6528","BECv10","ESSFun","ESSFun/x","D0"
"6529","BECv10","ESSFun","ESSFun/x","C2"
"6530","BECv10","ESSFun","ESSFun/x","C1"
"6531","BECv10","ESSFun","ESSFun/x","C0"
"6532","BECv10","ESSFun","ESSFun/x","B2"
"6533","BECv10","ESSFun","ESSFun/x","B1"
"6534","BECv10","ESSFun","ESSFun/x","B0"
"6535","BECv10","ESSFun","ESSFun/x","A2"
"6536","BECv10","ESSFun","ESSFun/x","A1"
"6537","BECv10","ESSFun","ESSFun/x","A0"
"6538","BECv10","ESSFunp","ESSFunp/00","E7"
"6539","BECv10","ESSFunp","ESSFunp/00","E6"
"6540","BECv10","ESSFunp","ESSFunp/00","E5"
"6541","BECv10","ESSFunp","ESSFunp/00","E4"
"6542","BECv10","ESSFunp","ESSFunp/00","E3"
"6543","BECv10","ESSFunp","ESSFunp/00","E2"
"6544","BECv10","ESSFunp","ESSFunp/00","E1"
"6545","BECv10","ESSFunp","ESSFunp/00","E0"
"6546","BECv10","ESSFunp","ESSFunp/00","D7"
"6547","BECv10","ESSFunp","ESSFunp/00","D6"
"6548","BECv10","ESSFunp","ESSFunp/00","D5"
"6549","BECv10","ESSFunp","ESSFunp/00","D4"
"6550","BECv10","ESSFunp","ESSFunp/00","D3"
"6551","BECv10","ESSFunp","ESSFunp/00","D2"
"6552","BECv10","ESSFunp","ESSFunp/00","D1"
"6553","BECv10","ESSFunp","ESSFunp/00","D0"
"6554","BECv10","ESSFunp","ESSFunp/00","C7"
"6555","BECv10","ESSFunp","ESSFunp/00","C6"
"6556","BECv10","ESSFunp","ESSFunp/00","C5"
"6557","BECv10","ESSFunp","ESSFunp/00","C4"
"6558","BECv10","ESSFunp","ESSFunp/00","C3"
"6559","BECv10","ESSFunp","ESSFunp/00","C2"
"6560","BECv10","ESSFunp","ESSFunp/00","C1"
"6561","BECv10","ESSFunp","ESSFunp/00","C0"
"6562","BECv10","ESSFunp","ESSFunp/00","B7"
"6563","BECv10","ESSFunp","ESSFunp/00","B6"
"6564","BECv10","ESSFunp","ESSFunp/00","B5"
"6565","BECv10","ESSFunp","ESSFunp/00","B4"
"6566","BECv10","ESSFunp","ESSFunp/00","B3"
"6567","BECv10","ESSFunp","ESSFunp/00","B2"
"6568","BECv10","ESSFunp","ESSFunp/00","B1"
"6569","BECv10","ESSFunp","ESSFunp/00","B0"
"6570","BECv10","ESSFunp","ESSFunp/00","A7"
"6571","BECv10","ESSFunp","ESSFunp/00","A6"
"6572","BECv10","ESSFunp","ESSFunp/00","A5"
"6573","BECv10","ESSFunp","ESSFunp/00","A4"
"6574","BECv10","ESSFunp","ESSFunp/00","A3"
"6575","BECv10","ESSFunp","ESSFunp/00","A2"
"6576","BECv10","ESSFunp","ESSFunp/00","A1"
"6577","BECv10","ESSFunp","ESSFunp/00","A0"
"6578","BECv10","ESSFvc","ESSFvc/01","D4"
"6579","BECv10","ESSFvc","ESSFvc/01","D3"
"6580","BECv10","ESSFvc","ESSFvc/01","D2"
"6581","BECv10","ESSFvc","ESSFvc/01","C4"
"6582","BECv10","ESSFvc","ESSFvc/01","C3"
"6583","BECv10","ESSFvc","ESSFvc/01","C2"
"6584","BECv10","ESSFvc","ESSFvc/01","B4"
"6585","BECv10","ESSFvc","ESSFvc/01","B3"
"6586","BECv10","ESSFvc","ESSFvc/01","B2"
"6587","BECv10","ESSFvc","ESSFvc/01","A4"
"6588","BECv10","ESSFvc","ESSFvc/01","A3"
"6589","BECv10","ESSFvc","ESSFvc/01","A2"
"6590","BECv10","ESSFvc","ESSFvc/02","B2"
"6591","BECv10","ESSFvc","ESSFvc/02","B1"
"6592","BECv10","ESSFvc","ESSFvc/02","B0"
"6593","BECv10","ESSFvc","ESSFvc/02","A2"
"6594","BECv10","ESSFvc","ESSFvc/02","A1"
"6595","BECv10","ESSFvc","ESSFvc/02","A0"
"6596","BECv10","ESSFvc","ESSFvc/03","D3"
"6597","BECv10","ESSFvc","ESSFvc/03","D2"
"6598","BECv10","ESSFvc","ESSFvc/03","D1"
"6599","BECv10","ESSFvc","ESSFvc/03","C3"
"6600","BECv10","ESSFvc","ESSFvc/03","C2"
"6601","BECv10","ESSFvc","ESSFvc/03","C1"
"6602","BECv10","ESSFvc","ESSFvc/03","C0"
"6603","BECv10","ESSFvc","ESSFvc/03","B3"
"6604","BECv10","ESSFvc","ESSFvc/03","B2"
"6605","BECv10","ESSFvc","ESSFvc/03","B1"
"6606","BECv10","ESSFvc","ESSFvc/03","B0"
"6607","BECv10","ESSFvc","ESSFvc/03","A3"
"6608","BECv10","ESSFvc","ESSFvc/03","A2"
"6609","BECv10","ESSFvc","ESSFvc/04","E6"
"6610","BECv10","ESSFvc","ESSFvc/04","E5"
"6611","BECv10","ESSFvc","ESSFvc/04","E4"
"6612","BECv10","ESSFvc","ESSFvc/04","D6"
"6613","BECv10","ESSFvc","ESSFvc/04","D5"
"6614","BECv10","ESSFvc","ESSFvc/04","D4"
"6615","BECv10","ESSFvc","ESSFvc/04","C6"
"6616","BECv10","ESSFvc","ESSFvc/04","C5"
"6617","BECv10","ESSFvc","ESSFvc/04","C4"
"6618","BECv10","ESSFvc","ESSFvc/04","B6"
"6619","BECv10","ESSFvc","ESSFvc/04","B5"
"6620","BECv10","ESSFvc","ESSFvc/04","B4"
"6621","BECv10","ESSFvc","ESSFvc/05","E6"
"6622","BECv10","ESSFvc","ESSFvc/05","E5"
"6623","BECv10","ESSFvc","ESSFvc/05","D6"
"6624","BECv10","ESSFvc","ESSFvc/05","D5"
"6625","BECv10","ESSFvc","ESSFvc/05","C7"
"6626","BECv10","ESSFvc","ESSFvc/05","C6"
"6627","BECv10","ESSFvc","ESSFvc/05","C5"
"6628","BECv10","ESSFvc","ESSFvc/05","B7"
"6629","BECv10","ESSFvc","ESSFvc/05","B6"
"6630","BECv10","ESSFvc","ESSFvc/05","B5"
"6631","BECv10","ESSFvc","ESSFvc/06","E7"
"6632","BECv10","ESSFvc","ESSFvc/06","E6"
"6633","BECv10","ESSFvc","ESSFvc/06","D7"
"6634","BECv10","ESSFvc","ESSFvc/06","D6"
"6635","BECv10","ESSFvc","ESSFvc/06","C7"
"6636","BECv10","ESSFvc","ESSFvc/06","C6"
"6637","BECv10","ESSFvc","ESSFvc/06","B7"
"6638","BECv10","ESSFvc","ESSFvc/06","B6"
"6639","BECv10","ESSFvc","ESSFvc/06","A7"
"6640","BECv10","ESSFvcp","ESSFvcp/00","E7"
"6641","BECv10","ESSFvcp","ESSFvcp/00","E6"
"6642","BECv10","ESSFvcp","ESSFvcp/00","E5"
"6643","BECv10","ESSFvcp","ESSFvcp/00","E4"
"6644","BECv10","ESSFvcp","ESSFvcp/00","E3"
"6645","BECv10","ESSFvcp","ESSFvcp/00","E2"
"6646","BECv10","ESSFvcp","ESSFvcp/00","E1"
"6647","BECv10","ESSFvcp","ESSFvcp/00","E0"
"6648","BECv10","ESSFvcp","ESSFvcp/00","D7"
"6649","BECv10","ESSFvcp","ESSFvcp/00","D6"
"6650","BECv10","ESSFvcp","ESSFvcp/00","D5"
"6651","BECv10","ESSFvcp","ESSFvcp/00","D4"
"6652","BECv10","ESSFvcp","ESSFvcp/00","D3"
"6653","BECv10","ESSFvcp","ESSFvcp/00","D2"
"6654","BECv10","ESSFvcp","ESSFvcp/00","D1"
"6655","BECv10","ESSFvcp","ESSFvcp/00","D0"
"6656","BECv10","ESSFvcp","ESSFvcp/00","C7"
"6657","BECv10","ESSFvcp","ESSFvcp/00","C6"
"6658","BECv10","ESSFvcp","ESSFvcp/00","C5"
"6659","BECv10","ESSFvcp","ESSFvcp/00","C4"
"6660","BECv10","ESSFvcp","ESSFvcp/00","C3"
"6661","BECv10","ESSFvcp","ESSFvcp/00","C2"
"6662","BECv10","ESSFvcp","ESSFvcp/00","C1"
"6663","BECv10","ESSFvcp","ESSFvcp/00","C0"
"6664","BECv10","ESSFvcp","ESSFvcp/00","B7"
"6665","BECv10","ESSFvcp","ESSFvcp/00","B6"
"6666","BECv10","ESSFvcp","ESSFvcp/00","B5"
"6667","BECv10","ESSFvcp","ESSFvcp/00","B4"
"6668","BECv10","ESSFvcp","ESSFvcp/00","B3"
"6669","BECv10","ESSFvcp","ESSFvcp/00","B2"
"6670","BECv10","ESSFvcp","ESSFvcp/00","B1"
"6671","BECv10","ESSFvcp","ESSFvcp/00","B0"
"6672","BECv10","ESSFvcp","ESSFvcp/00","A7"
"6673","BECv10","ESSFvcp","ESSFvcp/00","A6"
"6674","BECv10","ESSFvcp","ESSFvcp/00","A5"
"6675","BECv10","ESSFvcp","ESSFvcp/00","A4"
"6676","BECv10","ESSFvcp","ESSFvcp/00","A3"
"6677","BECv10","ESSFvcp","ESSFvcp/00","A2"
"6678","BECv10","ESSFvcp","ESSFvcp/00","A1"
"6679","BECv10","ESSFvcp","ESSFvcp/00","A0"
"6680","BECv10","ESSFvcw","ESSFvcw/01","D4"
"6681","BECv10","ESSFvcw","ESSFvcw/01","D3"
"6682","BECv10","ESSFvcw","ESSFvcw/01","D2"
"6683","BECv10","ESSFvcw","ESSFvcw/01","C4"
"6684","BECv10","ESSFvcw","ESSFvcw/01","C3"
"6685","BECv10","ESSFvcw","ESSFvcw/01","C2"
"6686","BECv10","ESSFvcw","ESSFvcw/01","B4"
"6687","BECv10","ESSFvcw","ESSFvcw/01","B3"
"6688","BECv10","ESSFvcw","ESSFvcw/01","B2"
"6689","BECv10","ESSFvcw","ESSFvcw/01","A4"
"6690","BECv10","ESSFvcw","ESSFvcw/01","A3"
"6691","BECv10","ESSFvcw","ESSFvcw/01","A2"
"6692","BECv10","ESSFvcw","ESSFvcw/02","B2"
"6693","BECv10","ESSFvcw","ESSFvcw/02","B1"
"6694","BECv10","ESSFvcw","ESSFvcw/02","B0"
"6695","BECv10","ESSFvcw","ESSFvcw/02","A2"
"6696","BECv10","ESSFvcw","ESSFvcw/02","A1"
"6697","BECv10","ESSFvcw","ESSFvcw/02","A0"
"6698","BECv10","ESSFvcw","ESSFvcw/03","D3"
"6699","BECv10","ESSFvcw","ESSFvcw/03","D2"
"6700","BECv10","ESSFvcw","ESSFvcw/03","D1"
"6701","BECv10","ESSFvcw","ESSFvcw/03","C3"
"6702","BECv10","ESSFvcw","ESSFvcw/03","C2"
"6703","BECv10","ESSFvcw","ESSFvcw/03","C1"
"6704","BECv10","ESSFvcw","ESSFvcw/03","C0"
"6705","BECv10","ESSFvcw","ESSFvcw/03","B3"
"6706","BECv10","ESSFvcw","ESSFvcw/03","B2"
"6707","BECv10","ESSFvcw","ESSFvcw/03","B1"
"6708","BECv10","ESSFvcw","ESSFvcw/03","B0"
"6709","BECv10","ESSFvcw","ESSFvcw/03","A3"
"6710","BECv10","ESSFvcw","ESSFvcw/03","A2"
"6711","BECv10","ESSFvcw","ESSFvcw/04","E6"
"6712","BECv10","ESSFvcw","ESSFvcw/04","E5"
"6713","BECv10","ESSFvcw","ESSFvcw/04","E4"
"6714","BECv10","ESSFvcw","ESSFvcw/04","D6"
"6715","BECv10","ESSFvcw","ESSFvcw/04","D5"
"6716","BECv10","ESSFvcw","ESSFvcw/04","D4"
"6717","BECv10","ESSFvcw","ESSFvcw/04","C6"
"6718","BECv10","ESSFvcw","ESSFvcw/04","C5"
"6719","BECv10","ESSFvcw","ESSFvcw/04","C4"
"6720","BECv10","ESSFvcw","ESSFvcw/04","B6"
"6721","BECv10","ESSFvcw","ESSFvcw/04","B5"
"6722","BECv10","ESSFvcw","ESSFvcw/04","B4"
"6723","BECv10","ESSFvcw","ESSFvcw/05","E6"
"6724","BECv10","ESSFvcw","ESSFvcw/05","E5"
"6725","BECv10","ESSFvcw","ESSFvcw/05","D6"
"6726","BECv10","ESSFvcw","ESSFvcw/05","D5"
"6727","BECv10","ESSFvcw","ESSFvcw/05","C7"
"6728","BECv10","ESSFvcw","ESSFvcw/05","C6"
"6729","BECv10","ESSFvcw","ESSFvcw/05","C5"
"6730","BECv10","ESSFvcw","ESSFvcw/05","B7"
"6731","BECv10","ESSFvcw","ESSFvcw/05","B6"
"6732","BECv10","ESSFvcw","ESSFvcw/05","B5"
"6733","BECv10","ESSFvcw","ESSFvcw/06","E7"
"6734","BECv10","ESSFvcw","ESSFvcw/06","E6"
"6735","BECv10","ESSFvcw","ESSFvcw/06","D7"
"6736","BECv10","ESSFvcw","ESSFvcw/06","D6"
"6737","BECv10","ESSFvcw","ESSFvcw/06","C7"
"6738","BECv10","ESSFvcw","ESSFvcw/06","C6"
"6739","BECv10","ESSFvcw","ESSFvcw/06","B7"
"6740","BECv10","ESSFvcw","ESSFvcw/06","B6"
"6741","BECv10","ESSFvcw","ESSFvcw/06","A7"
"6742","USA_2019","ESSFdw_ID","ESSFdw_ID/101","D4"
"6743","USA_2019","ESSFdw_ID","ESSFdw_ID/101","D3"
"6744","USA_2019","ESSFdw_ID","ESSFdw_ID/101","C4"
"6745","USA_2019","ESSFdw_ID","ESSFdw_ID/101","C3"
"6746","USA_2019","ESSFdw_ID","ESSFdw_ID/101","B4"
"6747","USA_2019","ESSFdw_ID","ESSFdw_ID/101","B3"
"6748","USA_2019","ESSFdw_ID","ESSFdw_ID/102","D1"
"6749","USA_2019","ESSFdw_ID","ESSFdw_ID/102","C1"
"6750","USA_2019","ESSFdw_ID","ESSFdw_ID/102","B1"
"6751","USA_2019","ESSFdw_ID","ESSFdw_ID/102","A1"
"6752","USA_2019","ESSFdw_ID","ESSFdw_ID/103","D2"
"6753","USA_2019","ESSFdw_ID","ESSFdw_ID/103","C2"
"6754","USA_2019","ESSFdw_ID","ESSFdw_ID/103","B2"
"6755","USA_2019","ESSFdw_ID","ESSFdw_ID/103","A2"
"6756","USA_2019","ESSFdw_ID","ESSFdw_ID/110","E5"
"6757","USA_2019","ESSFdw_ID","ESSFdw_ID/110","D5"
"6758","USA_2019","ESSFdw_ID","ESSFdw_ID/110","C5"
"6759","USA_2019","ESSFdw_ID","ESSFdw_ID/110","B5"
"6760","USA_2019","ESSFdw_ID","ESSFdw_ID/111","E6"
"6761","USA_2019","ESSFdw_ID","ESSFdw_ID/111","D6"
"6762","USA_2019","ESSFdw_ID","ESSFdw_ID/111","C6"
"6763","USA_2019","ESSFdw_ID","ESSFdw_ID/111","B6"
"6764","Add_2021","ESSFdw_ID","ESSFdw_ID/Ro","A0"
"6765","Add_2021","ESSFdw_ID","ESSFdw_ID/Ro","B0"
"6766","BECv10","ESSFwc2","ESSFwc2/01","C4"
"6767","BECv10","ESSFwc2","ESSFwc2/01","C3"
"6768","BECv10","ESSFwc2","ESSFwc2/01","B4"
"6769","BECv10","ESSFwc2","ESSFwc2/01","B3"
"6770","BECv10","ESSFwc2","ESSFwc2/02","B2"
"6771","BECv10","ESSFwc2","ESSFwc2/02","B1"
"6772","BECv10","ESSFwc2","ESSFwc2/02","A2"
"6773","BECv10","ESSFwc2","ESSFwc2/02","A1"
"6774","BECv10","ESSFwc2","ESSFwc2/03","D2"
"6775","BECv10","ESSFwc2","ESSFwc2/03","C3"
"6776","BECv10","ESSFwc2","ESSFwc2/03","C2"
"6777","BECv10","ESSFwc2","ESSFwc2/03","B3"
"6778","BECv10","ESSFwc2","ESSFwc2/03","B2"
"6779","BECv10","ESSFwc2","ESSFwc2/04","C3"
"6780","BECv10","ESSFwc2","ESSFwc2/04","C2"
"6781","BECv10","ESSFwc2","ESSFwc2/04","B3"
"6782","BECv10","ESSFwc2","ESSFwc2/04","B2"
"6783","BECv10","ESSFwc2","ESSFwc2/05","C3"
"6784","BECv10","ESSFwc2","ESSFwc2/05","C2"
"6785","BECv10","ESSFwc2","ESSFwc2/05","B3"
"6786","BECv10","ESSFwc2","ESSFwc2/05","B2"
"6787","BECv10","ESSFwc2","ESSFwc2/06","C5"
"6788","BECv10","ESSFwc2","ESSFwc2/06","C4"
"6789","BECv10","ESSFwc2","ESSFwc2/06","B5"
"6790","BECv10","ESSFwc2","ESSFwc2/06","B4"
"6791","BECv10","ESSFwc2","ESSFwc2/07","D5"
"6792","BECv10","ESSFwc2","ESSFwc2/07","D4"
"6793","BECv10","ESSFwc2","ESSFwc2/07","C5"
"6794","BECv10","ESSFwc2","ESSFwc2/07","C4"
"6795","BECv10","ESSFwc2","ESSFwc2/08","D6"
"6796","BECv10","ESSFwc2","ESSFwc2/08","D5"
"6797","BECv10","ESSFwc2","ESSFwc2/08","C6"
"6798","BECv10","ESSFwc2","ESSFwc2/08","C5"
"6799","BECv10","ESSFwc2","ESSFwc2/09","C7"
"6800","BECv10","ESSFwc2","ESSFwc2/09","C6"
"6801","BECv10","ESSFwc2","ESSFwc2/09","B7"
"6802","BECv10","ESSFwc2","ESSFwc2/09","B6"
"6803","BECv10","ESSFwc2","ESSFwc2/10","D7"
"6804","BECv10","ESSFwc2","ESSFwc2/10","D6"
"6805","BECv10","ESSFwc2","ESSFwc2/10","C7"
"6806","BECv10","ESSFwc2","ESSFwc2/10","C6"
"6807","BECv10","ESSFwc2","ESSFwc2/10","B7"
"6808","Add_2021","ESSFwc2","ESSFwc2/Ro","A0"
"6809","Add_2021","ESSFwc2","ESSFwc2/Ro","B0"
"6810","BECv13","ESSFwc3","ESSFwc3/101","B3"
"6811","BECv13","ESSFwc3","ESSFwc3/101","B4"
"6812","BECv13","ESSFwc3","ESSFwc3/101","C3"
"6813","BECv13","ESSFwc3","ESSFwc3/101","C4"
"6814","BECv13","ESSFwc3","ESSFwc3/101","D3"
"6815","BECv13","ESSFwc3","ESSFwc3/101","D4"
"6816","BECv13","ESSFwc3","ESSFwc3/102","A1"
"6817","BECv13","ESSFwc3","ESSFwc3/102","A2"
"6818","BECv13","ESSFwc3","ESSFwc3/102","B1"
"6819","BECv13","ESSFwc3","ESSFwc3/102","B2"
"6820","BECv13","ESSFwc3","ESSFwc3/102","C1"
"6821","BECv13","ESSFwc3","ESSFwc3/102","C2"
"6822","BECv13","ESSFwc3","ESSFwc3/102","D1"
"6823","BECv13","ESSFwc3","ESSFwc3/102","D2"
"6824","BECv13","ESSFwc3","ESSFwc3/103","A2"
"6825","BECv13","ESSFwc3","ESSFwc3/103","A3"
"6826","BECv13","ESSFwc3","ESSFwc3/103","B2"
"6827","BECv13","ESSFwc3","ESSFwc3/103","B3"
"6828","BECv13","ESSFwc3","ESSFwc3/103","C2"
"6829","BECv13","ESSFwc3","ESSFwc3/103","C3"
"6830","BECv13","ESSFwc3","ESSFwc3/103","D2"
"6831","BECv13","ESSFwc3","ESSFwc3/103","D3"
"6832","BECv13","ESSFwc3","ESSFwc3/110","B5"
"6833","BECv13","ESSFwc3","ESSFwc3/110","B6"
"6834","BECv13","ESSFwc3","ESSFwc3/110","C5"
"6835","BECv13","ESSFwc3","ESSFwc3/110","C6"
"6836","BECv13","ESSFwc3","ESSFwc3/110","D5"
"6837","BECv13","ESSFwc3","ESSFwc3/110","D6"
"6838","BECv13","ESSFwc3","ESSFwc3/110","E5"
"6839","BECv13","ESSFwc3","ESSFwc3/110","E6"
"6840","BECv13","ESSFwc3","ESSFwc3/111","B6"
"6841","BECv13","ESSFwc3","ESSFwc3/111","B7"
"6842","BECv13","ESSFwc3","ESSFwc3/111","C6"
"6843","BECv13","ESSFwc3","ESSFwc3/111","C7"
"6844","BECv13","ESSFwc3","ESSFwc3/111","D6"
"6845","BECv13","ESSFwc3","ESSFwc3/111","D7"
"6846","BECv13","ESSFwc3","ESSFwc3/111","E6"
"6847","BECv13","ESSFwc3","ESSFwc3/111","E7"
"6848","BECv10","ESSFwc3","ESSFwc3/01","D4"
"6849","BECv10","ESSFwc3","ESSFwc3/01","D3"
"6850","BECv10","ESSFwc3","ESSFwc3/01","C4"
"6851","BECv10","ESSFwc3","ESSFwc3/01","C3"
"6852","BECv10","ESSFwc3","ESSFwc3/01","B4"
"6853","BECv10","ESSFwc3","ESSFwc3/01","B3"
"6854","BECv10","ESSFwc3","ESSFwc3/02","D2"
"6855","BECv10","ESSFwc3","ESSFwc3/02","D1"
"6856","BECv10","ESSFwc3","ESSFwc3/02","C3"
"6857","BECv10","ESSFwc3","ESSFwc3/02","C2"
"6858","BECv10","ESSFwc3","ESSFwc3/02","C1"
"6859","BECv10","ESSFwc3","ESSFwc3/02","B3"
"6860","BECv10","ESSFwc3","ESSFwc3/02","B2"
"6861","BECv10","ESSFwc3","ESSFwc3/02","B1"
"6862","BECv10","ESSFwc3","ESSFwc3/02","A2"
"6863","BECv10","ESSFwc3","ESSFwc3/02","A1"
"6864","BECv10","ESSFwc3","ESSFwc3/03","D6"
"6865","BECv10","ESSFwc3","ESSFwc3/03","D5"
"6866","BECv10","ESSFwc3","ESSFwc3/03","D4"
"6867","BECv10","ESSFwc3","ESSFwc3/03","C6"
"6868","BECv10","ESSFwc3","ESSFwc3/03","C5"
"6869","BECv10","ESSFwc3","ESSFwc3/03","C4"
"6870","BECv10","ESSFwc3","ESSFwc3/03","B6"
"6871","BECv10","ESSFwc3","ESSFwc3/03","B5"
"6872","Add_2021","ESSFwc3","ESSFwc3/Ro","A0"
"6873","Add_2021","ESSFwc3","ESSFwc3/Ro","B0"
"6874","BECv10","ESSFwc4","ESSFwc4/101","C4"
"6875","BECv10","ESSFwc4","ESSFwc4/101","C3"
"6876","BECv10","ESSFwc4","ESSFwc4/101","B4"
"6877","BECv10","ESSFwc4","ESSFwc4/102","B2"
"6878","BECv10","ESSFwc4","ESSFwc4/102","B1"
"6879","BECv10","ESSFwc4","ESSFwc4/102","A2"
"6880","BECv10","ESSFwc4","ESSFwc4/102","A1"
"6881","BECv10","ESSFwc4","ESSFwc4/103","C3"
"6882","BECv10","ESSFwc4","ESSFwc4/103","C2"
"6883","BECv10","ESSFwc4","ESSFwc4/103","B3"
"6884","BECv10","ESSFwc4","ESSFwc4/103","B2"
"6885","BECv10","ESSFwc4","ESSFwc4/103a","C2"
"6886","BECv10","ESSFwc4","ESSFwc4/103a","B2"
"6887","BECv10","ESSFwc4","ESSFwc4/103b","C3"
"6888","BECv10","ESSFwc4","ESSFwc4/103b","B3"
"6889","BECv10","ESSFwc4","ESSFwc4/110","D5"
"6890","BECv10","ESSFwc4","ESSFwc4/110","D4"
"6891","BECv10","ESSFwc4","ESSFwc4/110","C5"
"6892","BECv10","ESSFwc4","ESSFwc4/111","D6"
"6893","BECv10","ESSFwc4","ESSFwc4/111","D5"
"6894","BECv10","ESSFwc4","ESSFwc4/111","C6"
"6895","BECv10","ESSFwc4","ESSFwc4/111","C5"
"6896","BECv10","ESSFwc4","ESSFwc4/112","E7"
"6897","BECv10","ESSFwc4","ESSFwc4/112","E6"
"6898","BECv10","ESSFwc4","ESSFwc4/112","D7"
"6899","BECv10","ESSFwc4","ESSFwc4/112","D6"
"6900","BECv10","ESSFwc4","ESSFwc4/112","C7"
"6901","BECv10","ESSFwc4","ESSFwc4/112a","E7"
"6902","BECv10","ESSFwc4","ESSFwc4/112a","E6"
"6903","BECv10","ESSFwc4","ESSFwc4/112a","D6"
"6904","BECv10","ESSFwc4","ESSFwc4/112b","D7"
"6905","BECv10","ESSFwc4","ESSFwc4/112b","C7"
"6906","Add_2021","ESSFwc4","ESSFwc4/Ro","A0"
"6907","Add_2021","ESSFwc4","ESSFwc4/Ro","B0"
"6908","BECv10","ESSFwcp","ESSFwcp/00","E7"
"6909","BECv10","ESSFwcp","ESSFwcp/00","E6"
"6910","BECv10","ESSFwcp","ESSFwcp/00","E5"
"6911","BECv10","ESSFwcp","ESSFwcp/00","E4"
"6912","BECv10","ESSFwcp","ESSFwcp/00","E3"
"6913","BECv10","ESSFwcp","ESSFwcp/00","E2"
"6914","BECv10","ESSFwcp","ESSFwcp/00","E1"
"6915","BECv10","ESSFwcp","ESSFwcp/00","E0"
"6916","BECv10","ESSFwcp","ESSFwcp/00","D7"
"6917","BECv10","ESSFwcp","ESSFwcp/00","D6"
"6918","BECv10","ESSFwcp","ESSFwcp/00","D5"
"6919","BECv10","ESSFwcp","ESSFwcp/00","D4"
"6920","BECv10","ESSFwcp","ESSFwcp/00","D3"
"6921","BECv10","ESSFwcp","ESSFwcp/00","D2"
"6922","BECv10","ESSFwcp","ESSFwcp/00","D1"
"6923","BECv10","ESSFwcp","ESSFwcp/00","D0"
"6924","BECv10","ESSFwcp","ESSFwcp/00","C7"
"6925","BECv10","ESSFwcp","ESSFwcp/00","C6"
"6926","BECv10","ESSFwcp","ESSFwcp/00","C5"
"6927","BECv10","ESSFwcp","ESSFwcp/00","C4"
"6928","BECv10","ESSFwcp","ESSFwcp/00","C3"
"6929","BECv10","ESSFwcp","ESSFwcp/00","C2"
"6930","BECv10","ESSFwcp","ESSFwcp/00","C1"
"6931","BECv10","ESSFwcp","ESSFwcp/00","C0"
"6932","BECv10","ESSFwcp","ESSFwcp/00","B7"
"6933","BECv10","ESSFwcp","ESSFwcp/00","B6"
"6934","BECv10","ESSFwcp","ESSFwcp/00","B5"
"6935","BECv10","ESSFwcp","ESSFwcp/00","B4"
"6936","BECv10","ESSFwcp","ESSFwcp/00","B3"
"6937","BECv10","ESSFwcp","ESSFwcp/00","B2"
"6938","BECv10","ESSFwcp","ESSFwcp/00","B1"
"6939","BECv10","ESSFwcp","ESSFwcp/00","B0"
"6940","BECv10","ESSFwcp","ESSFwcp/00","A7"
"6941","BECv10","ESSFwcp","ESSFwcp/00","A6"
"6942","BECv10","ESSFwcp","ESSFwcp/00","A5"
"6943","BECv10","ESSFwcp","ESSFwcp/00","A4"
"6944","BECv10","ESSFwcp","ESSFwcp/00","A3"
"6945","BECv10","ESSFwcp","ESSFwcp/00","A2"
"6946","BECv10","ESSFwcp","ESSFwcp/00","A1"
"6947","BECv10","ESSFwcp","ESSFwcp/00","A0"
"6948","BECv10","ESSFwcw","ESSFwcw/101","D4"
"6949","BECv10","ESSFwcw","ESSFwcw/101","D3"
"6950","BECv10","ESSFwcw","ESSFwcw/101","C4"
"6951","BECv10","ESSFwcw","ESSFwcw/101","C3"
"6952","BECv10","ESSFwcw","ESSFwcw/101","B4"
"6953","BECv10","ESSFwcw","ESSFwcw/102","B1"
"6954","BECv10","ESSFwcw","ESSFwcw/102","A1"
"6955","BECv10","ESSFwcw","ESSFwcw/103","C2"
"6956","BECv10","ESSFwcw","ESSFwcw/103","B2"
"6957","BECv10","ESSFwcw","ESSFwcw/103","A3"
"6958","BECv10","ESSFwcw","ESSFwcw/103","A2"
"6959","BECv10","ESSFwcw","ESSFwcw/104","C3"
"6960","BECv10","ESSFwcw","ESSFwcw/104","B4"
"6961","BECv10","ESSFwcw","ESSFwcw/104","B3"
"6962","BECv10","ESSFwcw","ESSFwcw/104","A4"
"6963","BECv10","ESSFwcw","ESSFwcw/104","A3"
"6964","BECv10","ESSFwcw","ESSFwcw/110","E6"
"6965","BECv10","ESSFwcw","ESSFwcw/110","E5"
"6966","BECv10","ESSFwcw","ESSFwcw/110","D6"
"6967","BECv10","ESSFwcw","ESSFwcw/110","D5"
"6968","BECv10","ESSFwcw","ESSFwcw/110","C6"
"6969","BECv10","ESSFwcw","ESSFwcw/110","C5"
"6970","Add_2021","ESSFwcw","ESSFwcw/Ro","A0"
"6971","Add_2021","ESSFwcw","ESSFwcw/Ro","B0"
"6972","USA_2019","ESSFwh_MT","ESSFwh_MT/101","D4"
"6973","USA_2019","ESSFwh_MT","ESSFwh_MT/101","D3"
"6974","USA_2019","ESSFwh_MT","ESSFwh_MT/101","C4"
"6975","USA_2019","ESSFwh_MT","ESSFwh_MT/101","C3"
"6976","USA_2019","ESSFwh_MT","ESSFwh_MT/101","B4"
"6977","USA_2019","ESSFwh_MT","ESSFwh_MT/101","B3"
"6978","USA_2019","ESSFwh_MT","ESSFwh_MT/102","D2"
"6979","USA_2019","ESSFwh_MT","ESSFwh_MT/102","D1"
"6980","USA_2019","ESSFwh_MT","ESSFwh_MT/102","C2"
"6981","USA_2019","ESSFwh_MT","ESSFwh_MT/102","C1"
"6982","USA_2019","ESSFwh_MT","ESSFwh_MT/102","B2"
"6983","USA_2019","ESSFwh_MT","ESSFwh_MT/102","B1"
"6984","USA_2019","ESSFwh_MT","ESSFwh_MT/102","A2"
"6985","USA_2019","ESSFwh_MT","ESSFwh_MT/102","A1"
"6986","USA_2019","ESSFwh_MT","ESSFwh_MT/110","E5"
"6987","USA_2019","ESSFwh_MT","ESSFwh_MT/110","D5"
"6988","USA_2019","ESSFwh_MT","ESSFwh_MT/110","C5"
"6989","USA_2019","ESSFwh_MT","ESSFwh_MT/110","B5"
"6990","USA_2019","ESSFwh_MT","ESSFwh_MT/111","E6"
"6991","USA_2019","ESSFwh_MT","ESSFwh_MT/111","D6"
"6992","USA_2019","ESSFwh_MT","ESSFwh_MT/111","C6"
"6993","USA_2019","ESSFwh_MT","ESSFwh_MT/111","B6"
"6994","Add_2021","ESSFwh_MT","ESSFwh_MT/Ro","A0"
"6995","Add_2021","ESSFwh_MT","ESSFwh_MT/Ro","B0"
"6996","BECv10","ESSFwh1","ESSFwh1/101","D4"
"6997","BECv10","ESSFwh1","ESSFwh1/101","C4"
"6998","BECv10","ESSFwh1","ESSFwh1/101","B4"
"6999","BECv10","ESSFwh1","ESSFwh1/102","C1"
"7000","BECv10","ESSFwh1","ESSFwh1/102","B1"
"7001","BECv10","ESSFwh1","ESSFwh1/102","A1"
"7002","BECv10","ESSFwh1","ESSFwh1/103","C2"
"7003","BECv10","ESSFwh1","ESSFwh1/103","B3"
"7004","BECv10","ESSFwh1","ESSFwh1/103","B2"
"7005","BECv10","ESSFwh1","ESSFwh1/104","C3"
"7006","BECv10","ESSFwh1","ESSFwh1/104","C2"
"7007","BECv10","ESSFwh1","ESSFwh1/104","B3"
"7008","BECv10","ESSFwh1","ESSFwh1/110","D6"
"7009","BECv10","ESSFwh1","ESSFwh1/110","D5"
"7010","BECv10","ESSFwh1","ESSFwh1/110","C6"
"7011","BECv10","ESSFwh1","ESSFwh1/110","C5"
"7012","BECv10","ESSFwh1","ESSFwh1/111","E7"
"7013","BECv10","ESSFwh1","ESSFwh1/111","E6"
"7014","BECv10","ESSFwh1","ESSFwh1/111","D7"
"7015","BECv10","ESSFwh1","ESSFwh1/111","D6"
"7016","BECv10","ESSFwh1","ESSFwh1/111","C7"
"7017","BECv10","ESSFwh1","ESSFwh1/111","C6"
"7018","BECv10","ESSFwh1","ESSFwh1/111a","E7"
"7019","BECv10","ESSFwh1","ESSFwh1/111a","E6"
"7020","BECv10","ESSFwh1","ESSFwh1/111a","D6"
"7021","BECv10","ESSFwh1","ESSFwh1/111b","D7"
"7022","BECv10","ESSFwh1","ESSFwh1/111b","C7"
"7023","BECv10","ESSFwh1","ESSFwh1/111b","C6"
"7024","Add_2021","ESSFwh1","ESSFwh1/Ro","A0"
"7025","Add_2021","ESSFwh1","ESSFwh1/Ro","B0"
"7026","BECv10","ESSFwh2","ESSFwh2/101","D4"
"7027","BECv10","ESSFwh2","ESSFwh2/101","D3"
"7028","BECv10","ESSFwh2","ESSFwh2/101","C4"
"7029","BECv10","ESSFwh2","ESSFwh2/101","C3"
"7030","BECv10","ESSFwh2","ESSFwh2/101","B4"
"7031","BECv10","ESSFwh2","ESSFwh2/102","C1"
"7032","BECv10","ESSFwh2","ESSFwh2/102","B2"
"7033","BECv10","ESSFwh2","ESSFwh2/102","B1"
"7034","BECv10","ESSFwh2","ESSFwh2/102","A2"
"7035","BECv10","ESSFwh2","ESSFwh2/102","A1"
"7036","BECv10","ESSFwh2","ESSFwh2/103","C2"
"7037","BECv10","ESSFwh2","ESSFwh2/103","B2"
"7038","BECv10","ESSFwh2","ESSFwh2/103","A2"
"7039","BECv10","ESSFwh2","ESSFwh2/104","D3"
"7040","BECv10","ESSFwh2","ESSFwh2/104","C3"
"7041","BECv10","ESSFwh2","ESSFwh2/104","B3"
"7042","BECv10","ESSFwh2","ESSFwh2/110","D5"
"7043","BECv10","ESSFwh2","ESSFwh2/110","D4"
"7044","BECv10","ESSFwh2","ESSFwh2/110","C5"
"7045","BECv10","ESSFwh2","ESSFwh2/111","D6"
"7046","BECv10","ESSFwh2","ESSFwh2/111","D5"
"7047","BECv10","ESSFwh2","ESSFwh2/111","C6"
"7048","BECv10","ESSFwh2","ESSFwh2/111","C5"
"7049","BECv10","ESSFwh2","ESSFwh2/112","E7"
"7050","BECv10","ESSFwh2","ESSFwh2/112","E6"
"7051","BECv10","ESSFwh2","ESSFwh2/112","D7"
"7052","BECv10","ESSFwh2","ESSFwh2/112","D6"
"7053","BECv10","ESSFwh2","ESSFwh2/112","C7"
"7054","BECv10","ESSFwh2","ESSFwh2/112","C6"
"7055","BECv10","ESSFwh2","ESSFwh2/112a","E7"
"7056","BECv10","ESSFwh2","ESSFwh2/112a","E6"
"7057","BECv10","ESSFwh2","ESSFwh2/112a","D6"
"7058","BECv10","ESSFwh2","ESSFwh2/112a","C6"
"7059","BECv10","ESSFwh2","ESSFwh2/112b","D7"
"7060","BECv10","ESSFwh2","ESSFwh2/112b","C7"
"7061","Add_2021","ESSFwh2","ESSFwh2/Ro","A0"
"7062","Add_2021","ESSFwh2","ESSFwh2/Ro","B0"
"7063","BECv10","ESSFwh3","ESSFwh3/101","D4"
"7064","BECv10","ESSFwh3","ESSFwh3/101","C4"
"7065","BECv10","ESSFwh3","ESSFwh3/101","C3"
"7066","BECv10","ESSFwh3","ESSFwh3/101","B4"
"7067","BECv10","ESSFwh3","ESSFwh3/102","B1"
"7068","BECv10","ESSFwh3","ESSFwh3/102","A2"
"7069","BECv10","ESSFwh3","ESSFwh3/102","A1"
"7070","BECv10","ESSFwh3","ESSFwh3/103","C2"
"7071","BECv10","ESSFwh3","ESSFwh3/103","B2"
"7072","BECv10","ESSFwh3","ESSFwh3/103","A2"
"7073","BECv10","ESSFwh3","ESSFwh3/104","C3"
"7074","BECv10","ESSFwh3","ESSFwh3/104","C2"
"7075","BECv10","ESSFwh3","ESSFwh3/104","B3"
"7076","BECv10","ESSFwh3","ESSFwh3/110","D5"
"7077","BECv10","ESSFwh3","ESSFwh3/110","D4"
"7078","BECv10","ESSFwh3","ESSFwh3/110","C5"
"7079","BECv10","ESSFwh3","ESSFwh3/111","E5"
"7080","BECv10","ESSFwh3","ESSFwh3/111","D6"
"7081","BECv10","ESSFwh3","ESSFwh3/111","D5"
"7082","BECv10","ESSFwh3","ESSFwh3/111","C6"
"7083","BECv10","ESSFwh3","ESSFwh3/111","C5"
"7084","BECv10","ESSFwh3","ESSFwh3/112","E7"
"7085","BECv10","ESSFwh3","ESSFwh3/112","E6"
"7086","BECv10","ESSFwh3","ESSFwh3/112","D7"
"7087","BECv10","ESSFwh3","ESSFwh3/112","D6"
"7088","BECv10","ESSFwh3","ESSFwh3/112","C7"
"7089","BECv10","ESSFwh3","ESSFwh3/112","C6"
"7090","BECv10","ESSFwh3","ESSFwh3/112a","E7"
"7091","BECv10","ESSFwh3","ESSFwh3/112a","E6"
"7092","BECv10","ESSFwh3","ESSFwh3/112a","D6"
"7093","BECv10","ESSFwh3","ESSFwh3/112a","C6"
"7094","BECv10","ESSFwh3","ESSFwh3/112b","D7"
"7095","BECv10","ESSFwh3","ESSFwh3/112b","C7"
"7096","Add_2021","ESSFwh3","ESSFwh3/Ro","A0"
"7097","Add_2021","ESSFwh3","ESSFwh3/Ro","B0"
"7098","BECv10","ESSFwk1","ESSFwk1/01","D4"
"7099","BECv10","ESSFwk1","ESSFwk1/01","D3"
"7100","BECv10","ESSFwk1","ESSFwk1/01","C5"
"7101","BECv10","ESSFwk1","ESSFwk1/01","C4"
"7102","BECv10","ESSFwk1","ESSFwk1/01","B5"
"7103","BECv10","ESSFwk1","ESSFwk1/01","B4"
"7104","BECv10","ESSFwk1","ESSFwk1/02","D2"
"7105","BECv10","ESSFwk1","ESSFwk1/02","D1"
"7106","BECv10","ESSFwk1","ESSFwk1/02","C2"
"7107","BECv10","ESSFwk1","ESSFwk1/02","C1"
"7108","BECv10","ESSFwk1","ESSFwk1/02","B2"
"7109","BECv10","ESSFwk1","ESSFwk1/02","B1"
"7110","BECv10","ESSFwk1","ESSFwk1/02","A1"
"7111","BECv10","ESSFwk1","ESSFwk1/03","D3"
"7112","BECv10","ESSFwk1","ESSFwk1/03","D2"
"7113","BECv10","ESSFwk1","ESSFwk1/03","C3"
"7114","BECv10","ESSFwk1","ESSFwk1/03","C2"
"7115","BECv10","ESSFwk1","ESSFwk1/03","B4"
"7116","BECv10","ESSFwk1","ESSFwk1/03","B3"
"7117","BECv10","ESSFwk1","ESSFwk1/03","B2"
"7118","BECv10","ESSFwk1","ESSFwk1/04","C5"
"7119","BECv10","ESSFwk1","ESSFwk1/04","B5"
"7120","BECv10","ESSFwk1","ESSFwk1/05","E5"
"7121","BECv10","ESSFwk1","ESSFwk1/05","D5"
"7122","BECv10","ESSFwk1","ESSFwk1/06","C7"
"7123","BECv10","ESSFwk1","ESSFwk1/06","C6"
"7124","BECv10","ESSFwk1","ESSFwk1/06","B7"
"7125","BECv10","ESSFwk1","ESSFwk1/06","B6"
"7126","BECv10","ESSFwk1","ESSFwk1/06","A7"
"7127","BECv10","ESSFwk1","ESSFwk1/06","A6"
"7128","BECv10","ESSFwk1","ESSFwk1/06","A5"
"7129","BECv10","ESSFwk1","ESSFwk1/07","D7"
"7130","BECv10","ESSFwk1","ESSFwk1/07","D6"
"7131","BECv10","ESSFwk1","ESSFwk1/07","D5"
"7132","BECv10","ESSFwk1","ESSFwk1/07","C7"
"7133","BECv10","ESSFwk1","ESSFwk1/07","C6"
"7134","BECv10","ESSFwk1","ESSFwk1/07","C5"
"7135","BECv10","ESSFwk1","ESSFwk1/07","B6"
"7136","BECv10","ESSFwk1","ESSFwk1/07","B5"
"7137","Add_2021","ESSFwk1","ESSFwk1/Ro","A0"
"7138","Add_2021","ESSFwk1","ESSFwk1/Ro","B0"
"7139","BECv10","ESSFwk2","ESSFwk2/01","D4"
"7140","BECv10","ESSFwk2","ESSFwk2/01","D3"
"7141","BECv10","ESSFwk2","ESSFwk2/01","C4"
"7142","BECv10","ESSFwk2","ESSFwk2/01","C3"
"7143","BECv10","ESSFwk2","ESSFwk2/01","B5"
"7144","BECv10","ESSFwk2","ESSFwk2/01","B4"
"7145","BECv10","ESSFwk2","ESSFwk2/01","B3"
"7146","BECv10","ESSFwk2","ESSFwk2/02","C3"
"7147","BECv10","ESSFwk2","ESSFwk2/02","C2"
"7148","BECv10","ESSFwk2","ESSFwk2/02","B3"
"7149","BECv10","ESSFwk2","ESSFwk2/02","B2"
"7150","BECv10","ESSFwk2","ESSFwk2/03","D5"
"7151","BECv10","ESSFwk2","ESSFwk2/03","D4"
"7152","BECv10","ESSFwk2","ESSFwk2/03","C5"
"7153","BECv10","ESSFwk2","ESSFwk2/03","C4"
"7154","BECv10","ESSFwk2","ESSFwk2/04","C6"
"7155","BECv10","ESSFwk2","ESSFwk2/04","C5"
"7156","BECv10","ESSFwk2","ESSFwk2/04","B6"
"7157","BECv10","ESSFwk2","ESSFwk2/04","B5"
"7158","BECv10","ESSFwk2","ESSFwk2/05","E5"
"7159","BECv10","ESSFwk2","ESSFwk2/05","D5"
"7160","BECv10","ESSFwk2","ESSFwk2/05","C5"
"7161","BECv10","ESSFwk2","ESSFwk2/06","D6"
"7162","BECv10","ESSFwk2","ESSFwk2/06","C6"
"7163","Add_2021","ESSFwk2","ESSFwk2/Ro","A0"
"7164","Add_2021","ESSFwk2","ESSFwk2/Ro","B0"
"7165","USA_2019","ESSFwm_MT","ESSFwm_MT/101","D4"
"7166","USA_2019","ESSFwm_MT","ESSFwm_MT/101","D3"
"7167","USA_2019","ESSFwm_MT","ESSFwm_MT/101","C4"
"7168","USA_2019","ESSFwm_MT","ESSFwm_MT/101","C3"
"7169","USA_2019","ESSFwm_MT","ESSFwm_MT/101","B4"
"7170","USA_2019","ESSFwm_MT","ESSFwm_MT/101","B3"
"7171","USA_2019","ESSFwm_MT","ESSFwm_MT/102","D1"
"7172","USA_2019","ESSFwm_MT","ESSFwm_MT/102","C1"
"7173","USA_2019","ESSFwm_MT","ESSFwm_MT/102","B1"
"7174","USA_2019","ESSFwm_MT","ESSFwm_MT/102","A1"
"7175","USA_2019","ESSFwm_MT","ESSFwm_MT/103","D2"
"7176","USA_2019","ESSFwm_MT","ESSFwm_MT/103","C2"
"7177","USA_2019","ESSFwm_MT","ESSFwm_MT/103","B2"
"7178","USA_2019","ESSFwm_MT","ESSFwm_MT/103","A2"
"7179","USA_2019","ESSFwm_MT","ESSFwm_MT/110","E5"
"7180","USA_2019","ESSFwm_MT","ESSFwm_MT/110","D5"
"7181","USA_2019","ESSFwm_MT","ESSFwm_MT/110","C5"
"7182","USA_2019","ESSFwm_MT","ESSFwm_MT/110","B5"
"7183","USA_2019","ESSFwm_MT","ESSFwm_MT/111","E6"
"7184","USA_2019","ESSFwm_MT","ESSFwm_MT/111","D6"
"7185","USA_2019","ESSFwm_MT","ESSFwm_MT/111","C6"
"7186","USA_2019","ESSFwm_MT","ESSFwm_MT/111","B6"
"7187","Add_2021","ESSFwm_MT","ESSFwm_MT/Ro","A0"
"7188","Add_2021","ESSFwm_MT","ESSFwm_MT/Ro","B0"
"7189","BECv11","ESSFwm1","ESSFwm1/101","D4"
"7190","BECv11","ESSFwm1","ESSFwm1/101","C4"
"7191","BECv11","ESSFwm1","ESSFwm1/101","B4"
"7192","BECv11","ESSFwm1","ESSFwm1/102","C1"
"7193","BECv11","ESSFwm1","ESSFwm1/102","B2"
"7194","BECv11","ESSFwm1","ESSFwm1/102","B1"
"7195","BECv11","ESSFwm1","ESSFwm1/102","A2"
"7196","BECv11","ESSFwm1","ESSFwm1/102","A1"
"7197","BECv11","ESSFwm1","ESSFwm1/103","D2"
"7198","BECv11","ESSFwm1","ESSFwm1/103","C2"
"7199","BECv11","ESSFwm1","ESSFwm1/103","B2"
"7200","BECv11","ESSFwm1","ESSFwm1/104","D3"
"7201","BECv11","ESSFwm1","ESSFwm1/104","C3"
"7202","BECv11","ESSFwm1","ESSFwm1/104","B3"
"7203","BECv11","ESSFwm1","ESSFwm1/110","D5"
"7204","BECv11","ESSFwm1","ESSFwm1/110","D4"
"7205","BECv11","ESSFwm1","ESSFwm1/110","C5"
"7206","BECv11","ESSFwm1","ESSFwm1/111","E6"
"7207","BECv11","ESSFwm1","ESSFwm1/111","E5"
"7208","BECv11","ESSFwm1","ESSFwm1/111","D6"
"7209","BECv11","ESSFwm1","ESSFwm1/111","D5"
"7210","BECv11","ESSFwm1","ESSFwm1/112","E7"
"7211","BECv11","ESSFwm1","ESSFwm1/112","E6"
"7212","BECv11","ESSFwm1","ESSFwm1/112","D7"
"7213","BECv11","ESSFwm1","ESSFwm1/112","D6"
"7214","BECv11","ESSFwm1","ESSFwm1/112","C7"
"7215","BECv11","ESSFwm1","ESSFwm1/112","C6"
"7216","BECv11","ESSFwm1","ESSFwm1/Ro","C0"
"7217","BECv11","ESSFwm1","ESSFwm1/Ro","B0"
"7218","BECv11","ESSFwm1","ESSFwm1/Ro","A0"
"7219","BECv10","ESSFwm2","ESSFwm2/101","D4"
"7220","BECv10","ESSFwm2","ESSFwm2/101","C4"
"7221","BECv10","ESSFwm2","ESSFwm2/101","B4"
"7222","BECv10","ESSFwm2","ESSFwm2/102","B1"
"7223","BECv10","ESSFwm2","ESSFwm2/102","A2"
"7224","BECv10","ESSFwm2","ESSFwm2/102","A1"
"7225","BECv10","ESSFwm2","ESSFwm2/103","C3"
"7226","BECv10","ESSFwm2","ESSFwm2/103","C2"
"7227","BECv10","ESSFwm2","ESSFwm2/103","B3"
"7228","BECv10","ESSFwm2","ESSFwm2/103","B2"
"7229","BECv10","ESSFwm2","ESSFwm2/104","C3"
"7230","BECv10","ESSFwm2","ESSFwm2/104","B4"
"7231","BECv10","ESSFwm2","ESSFwm2/104","B3"
"7232","BECv10","ESSFwm2","ESSFwm2/104","A3"
"7233","BECv10","ESSFwm2","ESSFwm2/110","D5"
"7234","BECv10","ESSFwm2","ESSFwm2/110","D4"
"7235","BECv10","ESSFwm2","ESSFwm2/110","C5"
"7236","BECv10","ESSFwm2","ESSFwm2/111","D6"
"7237","BECv10","ESSFwm2","ESSFwm2/111","D5"
"7238","BECv10","ESSFwm2","ESSFwm2/111","C6"
"7239","BECv10","ESSFwm2","ESSFwm2/111","C5"
"7240","BECv10","ESSFwm2","ESSFwm2/112","E7"
"7241","BECv10","ESSFwm2","ESSFwm2/112","E6"
"7242","BECv10","ESSFwm2","ESSFwm2/112","D7"
"7243","BECv10","ESSFwm2","ESSFwm2/112","D6"
"7244","BECv10","ESSFwm2","ESSFwm2/112","C7"
"7245","BECv10","ESSFwm2","ESSFwm2/112","C6"
"7246","BECv10","ESSFwm2","ESSFwm2/112a","E7"
"7247","BECv10","ESSFwm2","ESSFwm2/112a","E6"
"7248","BECv10","ESSFwm2","ESSFwm2/112a","D6"
"7249","BECv10","ESSFwm2","ESSFwm2/112a","C6"
"7250","BECv10","ESSFwm2","ESSFwm2/112b","D7"
"7251","BECv10","ESSFwm2","ESSFwm2/112b","C7"
"7252","Add_2021","ESSFwm2","ESSFwm2/Ro","A0"
"7253","Add_2021","ESSFwm2","ESSFwm2/Ro","B0"
"7254","BECv10","ESSFwm3","ESSFwm3/101","D4"
"7255","BECv10","ESSFwm3","ESSFwm3/101","D3"
"7256","BECv10","ESSFwm3","ESSFwm3/101","C4"
"7257","BECv10","ESSFwm3","ESSFwm3/101","B4"
"7258","BECv10","ESSFwm3","ESSFwm3/102","B2"
"7259","BECv10","ESSFwm3","ESSFwm3/102","B1"
"7260","BECv10","ESSFwm3","ESSFwm3/102","A2"
"7261","BECv10","ESSFwm3","ESSFwm3/102","A1"
"7262","BECv10","ESSFwm3","ESSFwm3/103","C2"
"7263","BECv10","ESSFwm3","ESSFwm3/103","B3"
"7264","BECv10","ESSFwm3","ESSFwm3/103","B2"
"7265","BECv10","ESSFwm3","ESSFwm3/104","B4"
"7266","BECv10","ESSFwm3","ESSFwm3/104","B3"
"7267","BECv10","ESSFwm3","ESSFwm3/104","A4"
"7268","BECv10","ESSFwm3","ESSFwm3/104","A3"
"7269","BECv10","ESSFwm3","ESSFwm3/105","D3"
"7270","BECv10","ESSFwm3","ESSFwm3/105","C3"
"7271","BECv10","ESSFwm3","ESSFwm3/105","B3"
"7272","BECv10","ESSFwm3","ESSFwm3/110","D5"
"7273","BECv10","ESSFwm3","ESSFwm3/110","D4"
"7274","BECv10","ESSFwm3","ESSFwm3/110","C5"
"7275","BECv10","ESSFwm3","ESSFwm3/111","D6"
"7276","BECv10","ESSFwm3","ESSFwm3/111","D5"
"7277","BECv10","ESSFwm3","ESSFwm3/111","C6"
"7278","BECv10","ESSFwm3","ESSFwm3/112","E7"
"7279","BECv10","ESSFwm3","ESSFwm3/112","E6"
"7280","BECv10","ESSFwm3","ESSFwm3/112","D7"
"7281","BECv10","ESSFwm3","ESSFwm3/112","D6"
"7282","BECv10","ESSFwm3","ESSFwm3/112","C7"
"7283","BECv10","ESSFwm3","ESSFwm3/112a","E7"
"7284","BECv10","ESSFwm3","ESSFwm3/112a","E6"
"7285","BECv10","ESSFwm3","ESSFwm3/112a","D6"
"7286","BECv10","ESSFwm3","ESSFwm3/112b","D7"
"7287","BECv10","ESSFwm3","ESSFwm3/112b","C7"
"7288","Add_2021","ESSFwm3","ESSFwm3/Ro","A0"
"7289","Add_2021","ESSFwm3","ESSFwm3/Ro","B0"
"7290","BECv10","ESSFwm4","ESSFwm4/101","D4"
"7291","BECv10","ESSFwm4","ESSFwm4/101","C4"
"7292","BECv10","ESSFwm4","ESSFwm4/101","B4"
"7293","BECv10","ESSFwm4","ESSFwm4/102","C2"
"7294","BECv10","ESSFwm4","ESSFwm4/102","B2"
"7295","BECv10","ESSFwm4","ESSFwm4/102","B1"
"7296","BECv10","ESSFwm4","ESSFwm4/102","A2"
"7297","BECv10","ESSFwm4","ESSFwm4/102","A1"
"7298","BECv10","ESSFwm4","ESSFwm4/102a","B1"
"7299","BECv10","ESSFwm4","ESSFwm4/102a","A1"
"7300","BECv10","ESSFwm4","ESSFwm4/102b","C2"
"7301","BECv10","ESSFwm4","ESSFwm4/102b","B2"
"7302","BECv10","ESSFwm4","ESSFwm4/102b","A2"
"7303","BECv10","ESSFwm4","ESSFwm4/103","C3"
"7304","BECv10","ESSFwm4","ESSFwm4/103","B4"
"7305","BECv10","ESSFwm4","ESSFwm4/103","B3"
"7306","BECv10","ESSFwm4","ESSFwm4/103","A4"
"7307","BECv10","ESSFwm4","ESSFwm4/103","A3"
"7308","BECv10","ESSFwm4","ESSFwm4/110","D5"
"7309","BECv10","ESSFwm4","ESSFwm4/110","D4"
"7310","BECv10","ESSFwm4","ESSFwm4/110","C5"
"7311","BECv10","ESSFwm4","ESSFwm4/111","E7"
"7312","BECv10","ESSFwm4","ESSFwm4/111","E6"
"7313","BECv10","ESSFwm4","ESSFwm4/111","D7"
"7314","BECv10","ESSFwm4","ESSFwm4/111","D6"
"7315","BECv10","ESSFwm4","ESSFwm4/111","D5"
"7316","BECv10","ESSFwm4","ESSFwm4/111","C7"
"7317","BECv10","ESSFwm4","ESSFwm4/111","C6"
"7318","BECv10","ESSFwm4","ESSFwm4/111","C5"
"7319","Add_2021","ESSFwm4","ESSFwm4/Ro","A0"
"7320","Add_2021","ESSFwm4","ESSFwm4/Ro","B0"
"7321","BECv10","ESSFwmp","ESSFwmp/00","E7"
"7322","BECv10","ESSFwmp","ESSFwmp/00","E6"
"7323","BECv10","ESSFwmp","ESSFwmp/00","E5"
"7324","BECv10","ESSFwmp","ESSFwmp/00","E4"
"7325","BECv10","ESSFwmp","ESSFwmp/00","E3"
"7326","BECv10","ESSFwmp","ESSFwmp/00","E2"
"7327","BECv10","ESSFwmp","ESSFwmp/00","E1"
"7328","BECv10","ESSFwmp","ESSFwmp/00","E0"
"7329","BECv10","ESSFwmp","ESSFwmp/00","D7"
"7330","BECv10","ESSFwmp","ESSFwmp/00","D6"
"7331","BECv10","ESSFwmp","ESSFwmp/00","D5"
"7332","BECv10","ESSFwmp","ESSFwmp/00","D4"
"7333","BECv10","ESSFwmp","ESSFwmp/00","D3"
"7334","BECv10","ESSFwmp","ESSFwmp/00","D2"
"7335","BECv10","ESSFwmp","ESSFwmp/00","D1"
"7336","BECv10","ESSFwmp","ESSFwmp/00","D0"
"7337","BECv10","ESSFwmp","ESSFwmp/00","C7"
"7338","BECv10","ESSFwmp","ESSFwmp/00","C6"
"7339","BECv10","ESSFwmp","ESSFwmp/00","C5"
"7340","BECv10","ESSFwmp","ESSFwmp/00","C4"
"7341","BECv10","ESSFwmp","ESSFwmp/00","C3"
"7342","BECv10","ESSFwmp","ESSFwmp/00","C2"
"7343","BECv10","ESSFwmp","ESSFwmp/00","C1"
"7344","BECv10","ESSFwmp","ESSFwmp/00","C0"
"7345","BECv10","ESSFwmp","ESSFwmp/00","B7"
"7346","BECv10","ESSFwmp","ESSFwmp/00","B6"
"7347","BECv10","ESSFwmp","ESSFwmp/00","B5"
"7348","BECv10","ESSFwmp","ESSFwmp/00","B4"
"7349","BECv10","ESSFwmp","ESSFwmp/00","B3"
"7350","BECv10","ESSFwmp","ESSFwmp/00","B2"
"7351","BECv10","ESSFwmp","ESSFwmp/00","B1"
"7352","BECv10","ESSFwmp","ESSFwmp/00","B0"
"7353","BECv10","ESSFwmp","ESSFwmp/00","A7"
"7354","BECv10","ESSFwmp","ESSFwmp/00","A6"
"7355","BECv10","ESSFwmp","ESSFwmp/00","A5"
"7356","BECv10","ESSFwmp","ESSFwmp/00","A4"
"7357","BECv10","ESSFwmp","ESSFwmp/00","A3"
"7358","BECv10","ESSFwmp","ESSFwmp/00","A2"
"7359","BECv10","ESSFwmp","ESSFwmp/00","A1"
"7360","BECv10","ESSFwmp","ESSFwmp/00","A0"
"7361","USA_2019","ESSFwmp_MT","ESSFwmp_MT/00","E7"
"7362","USA_2019","ESSFwmp_MT","ESSFwmp_MT/00","E6"
"7363","USA_2019","ESSFwmp_MT","ESSFwmp_MT/00","E5"
"7364","USA_2019","ESSFwmp_MT","ESSFwmp_MT/00","E4"
"7365","USA_2019","ESSFwmp_MT","ESSFwmp_MT/00","E3"
"7366","USA_2019","ESSFwmp_MT","ESSFwmp_MT/00","E2"
"7367","USA_2019","ESSFwmp_MT","ESSFwmp_MT/00","E1"
"7368","USA_2019","ESSFwmp_MT","ESSFwmp_MT/00","E0"
"7369","USA_2019","ESSFwmp_MT","ESSFwmp_MT/00","D7"
"7370","USA_2019","ESSFwmp_MT","ESSFwmp_MT/00","D6"
"7371","USA_2019","ESSFwmp_MT","ESSFwmp_MT/00","D5"
"7372","USA_2019","ESSFwmp_MT","ESSFwmp_MT/00","D4"
"7373","USA_2019","ESSFwmp_MT","ESSFwmp_MT/00","D3"
"7374","USA_2019","ESSFwmp_MT","ESSFwmp_MT/00","D2"
"7375","USA_2019","ESSFwmp_MT","ESSFwmp_MT/00","D1"
"7376","USA_2019","ESSFwmp_MT","ESSFwmp_MT/00","D0"
"7377","USA_2019","ESSFwmp_MT","ESSFwmp_MT/00","C7"
"7378","USA_2019","ESSFwmp_MT","ESSFwmp_MT/00","C6"
"7379","USA_2019","ESSFwmp_MT","ESSFwmp_MT/00","C5"
"7380","USA_2019","ESSFwmp_MT","ESSFwmp_MT/00","C4"
"7381","USA_2019","ESSFwmp_MT","ESSFwmp_MT/00","C3"
"7382","USA_2019","ESSFwmp_MT","ESSFwmp_MT/00","C2"
"7383","USA_2019","ESSFwmp_MT","ESSFwmp_MT/00","C1"
"7384","USA_2019","ESSFwmp_MT","ESSFwmp_MT/00","C0"
"7385","USA_2019","ESSFwmp_MT","ESSFwmp_MT/00","B7"
"7386","USA_2019","ESSFwmp_MT","ESSFwmp_MT/00","B6"
"7387","USA_2019","ESSFwmp_MT","ESSFwmp_MT/00","B5"
"7388","USA_2019","ESSFwmp_MT","ESSFwmp_MT/00","B4"
"7389","USA_2019","ESSFwmp_MT","ESSFwmp_MT/00","B3"
"7390","USA_2019","ESSFwmp_MT","ESSFwmp_MT/00","B2"
"7391","USA_2019","ESSFwmp_MT","ESSFwmp_MT/00","B1"
"7392","USA_2019","ESSFwmp_MT","ESSFwmp_MT/00","B0"
"7393","USA_2019","ESSFwmp_MT","ESSFwmp_MT/00","A7"
"7394","USA_2019","ESSFwmp_MT","ESSFwmp_MT/00","A6"
"7395","USA_2019","ESSFwmp_MT","ESSFwmp_MT/00","A5"
"7396","USA_2019","ESSFwmp_MT","ESSFwmp_MT/00","A4"
"7397","USA_2019","ESSFwmp_MT","ESSFwmp_MT/00","A3"
"7398","USA_2019","ESSFwmp_MT","ESSFwmp_MT/00","A2"
"7399","USA_2019","ESSFwmp_MT","ESSFwmp_MT/00","A1"
"7400","USA_2019","ESSFwmp_MT","ESSFwmp_MT/00","A0"
"7401","BECv10","ESSFwmw","ESSFwmw/101","D4"
"7402","BECv10","ESSFwmw","ESSFwmw/101","C4"
"7403","BECv10","ESSFwmw","ESSFwmw/101","C3"
"7404","BECv10","ESSFwmw","ESSFwmw/101","B4"
"7405","BECv10","ESSFwmw","ESSFwmw/101","B3"
"7406","BECv10","ESSFwmw","ESSFwmw/102","C1"
"7407","BECv10","ESSFwmw","ESSFwmw/102","B1"
"7408","BECv10","ESSFwmw","ESSFwmw/102","A1"
"7409","BECv10","ESSFwmw","ESSFwmw/103","C2"
"7410","BECv10","ESSFwmw","ESSFwmw/103","B2"
"7411","BECv10","ESSFwmw","ESSFwmw/103","A2"
"7412","BECv10","ESSFwmw","ESSFwmw/110","D6"
"7413","BECv10","ESSFwmw","ESSFwmw/110","D5"
"7414","BECv10","ESSFwmw","ESSFwmw/110","C6"
"7415","BECv10","ESSFwmw","ESSFwmw/110","C5"
"7416","Add_2021","ESSFwmw","ESSFwmw/Ro","A0"
"7417","Add_2021","ESSFwmw","ESSFwmw/Ro","B0"
"7418","BECv10","ESSFwv","ESSFwv/01","C4"
"7419","BECv10","ESSFwv","ESSFwv/01","B5"
"7420","BECv10","ESSFwv","ESSFwv/01","B4"
"7421","BECv10","ESSFwv","ESSFwv/02","C1"
"7422","BECv10","ESSFwv","ESSFwv/02","C0"
"7423","BECv10","ESSFwv","ESSFwv/02","B1"
"7424","BECv10","ESSFwv","ESSFwv/02","B0"
"7425","BECv10","ESSFwv","ESSFwv/02","A2"
"7426","BECv10","ESSFwv","ESSFwv/02","A1"
"7427","BECv10","ESSFwv","ESSFwv/02","A0"
"7428","BECv10","ESSFwv","ESSFwv/03","C3"
"7429","BECv10","ESSFwv","ESSFwv/03","C2"
"7430","BECv10","ESSFwv","ESSFwv/03","B2"
"7431","BECv10","ESSFwv","ESSFwv/04","B3"
"7432","BECv10","ESSFwv","ESSFwv/04","A4"
"7433","BECv10","ESSFwv","ESSFwv/04","A3"
"7434","BECv10","ESSFwv","ESSFwv/05","E4"
"7435","BECv10","ESSFwv","ESSFwv/05","D5"
"7436","BECv10","ESSFwv","ESSFwv/05","D4"
"7437","BECv10","ESSFwv","ESSFwv/05","C5"
"7438","BECv10","ESSFwv","ESSFwv/06","E6"
"7439","BECv10","ESSFwv","ESSFwv/06","E5"
"7440","BECv10","ESSFwv","ESSFwv/06","D6"
"7441","BECv10","ESSFwv","ESSFwv/07","D6"
"7442","BECv10","ESSFwv","ESSFwv/07","D5"
"7443","BECv10","ESSFwv","ESSFwv/07","C6"
"7444","BECv10","ESSFwv","ESSFwv/07","C5"
"7445","BECv10","ESSFwv","ESSFwv/08","B7"
"7446","BECv10","ESSFwv","ESSFwv/08","B6"
"7447","BECv10","ESSFwv","ESSFwv/08","A7"
"7448","BECv10","ESSFwv","ESSFwv/08","A6"
"7449","BECv10","ESSFwv","ESSFwv/09","E7"
"7450","BECv10","ESSFwv","ESSFwv/09","D7"
"7451","BECv10","ESSFwv","ESSFwv/09","C7"
"7452","BECv10","ESSFwvp","ESSFwvp/00","E7"
"7453","BECv10","ESSFwvp","ESSFwvp/00","E6"
"7454","BECv10","ESSFwvp","ESSFwvp/00","E5"
"7455","BECv10","ESSFwvp","ESSFwvp/00","E4"
"7456","BECv10","ESSFwvp","ESSFwvp/00","E3"
"7457","BECv10","ESSFwvp","ESSFwvp/00","E2"
"7458","BECv10","ESSFwvp","ESSFwvp/00","E1"
"7459","BECv10","ESSFwvp","ESSFwvp/00","E0"
"7460","BECv10","ESSFwvp","ESSFwvp/00","D7"
"7461","BECv10","ESSFwvp","ESSFwvp/00","D6"
"7462","BECv10","ESSFwvp","ESSFwvp/00","D5"
"7463","BECv10","ESSFwvp","ESSFwvp/00","D4"
"7464","BECv10","ESSFwvp","ESSFwvp/00","D3"
"7465","BECv10","ESSFwvp","ESSFwvp/00","D2"
"7466","BECv10","ESSFwvp","ESSFwvp/00","D1"
"7467","BECv10","ESSFwvp","ESSFwvp/00","D0"
"7468","BECv10","ESSFwvp","ESSFwvp/00","C7"
"7469","BECv10","ESSFwvp","ESSFwvp/00","C6"
"7470","BECv10","ESSFwvp","ESSFwvp/00","C5"
"7471","BECv10","ESSFwvp","ESSFwvp/00","C4"
"7472","BECv10","ESSFwvp","ESSFwvp/00","C3"
"7473","BECv10","ESSFwvp","ESSFwvp/00","C2"
"7474","BECv10","ESSFwvp","ESSFwvp/00","C1"
"7475","BECv10","ESSFwvp","ESSFwvp/00","C0"
"7476","BECv10","ESSFwvp","ESSFwvp/00","B7"
"7477","BECv10","ESSFwvp","ESSFwvp/00","B6"
"7478","BECv10","ESSFwvp","ESSFwvp/00","B5"
"7479","BECv10","ESSFwvp","ESSFwvp/00","B4"
"7480","BECv10","ESSFwvp","ESSFwvp/00","B3"
"7481","BECv10","ESSFwvp","ESSFwvp/00","B2"
"7482","BECv10","ESSFwvp","ESSFwvp/00","B1"
"7483","BECv10","ESSFwvp","ESSFwvp/00","B0"
"7484","BECv10","ESSFwvp","ESSFwvp/00","A7"
"7485","BECv10","ESSFwvp","ESSFwvp/00","A6"
"7486","BECv10","ESSFwvp","ESSFwvp/00","A5"
"7487","BECv10","ESSFwvp","ESSFwvp/00","A4"
"7488","BECv10","ESSFwvp","ESSFwvp/00","A3"
"7489","BECv10","ESSFwvp","ESSFwvp/00","A2"
"7490","BECv10","ESSFwvp","ESSFwvp/00","A1"
"7491","BECv10","ESSFwvp","ESSFwvp/00","A0"
"7492","BECv12","ESSFwvw","ESSFwvw/101","C4"
"7493","BECv12","ESSFwvw","ESSFwvw/101","C3"
"7494","BECv12","ESSFwvw","ESSFwvw/101","B4"
"7495","BECv12","ESSFwvw","ESSFwvw/101","B3"
"7496","BECv12","ESSFwvw","ESSFwvw/102","B1"
"7497","BECv12","ESSFwvw","ESSFwvw/102","A1"
"7498","BECv12","ESSFwvw","ESSFwvw/103","B4"
"7499","BECv12","ESSFwvw","ESSFwvw/103","B3"
"7500","BECv12","ESSFwvw","ESSFwvw/103","A4"
"7501","BECv12","ESSFwvw","ESSFwvw/103","A3"
"7502","BECv12","ESSFwvw","ESSFwvw/103","A2"
"7503","BECv12","ESSFwvw","ESSFwvw/104","C2"
"7504","BECv12","ESSFwvw","ESSFwvw/104","C1"
"7505","BECv12","ESSFwvw","ESSFwvw/104","B2"
"7506","BECv12","ESSFwvw","ESSFwvw/105","C4"
"7507","BECv12","ESSFwvw","ESSFwvw/105","C3"
"7508","BECv12","ESSFwvw","ESSFwvw/105","B4"
"7509","BECv12","ESSFwvw","ESSFwvw/105","B3"
"7510","BECv12","ESSFwvw","ESSFwvw/110","E5"
"7511","BECv12","ESSFwvw","ESSFwvw/110","E4"
"7512","BECv12","ESSFwvw","ESSFwvw/110","E3"
"7513","BECv12","ESSFwvw","ESSFwvw/110","D5"
"7514","BECv12","ESSFwvw","ESSFwvw/110","D4"
"7515","BECv12","ESSFwvw","ESSFwvw/110","D3"
"7516","BECv12","ESSFwvw","ESSFwvw/110","C5"
"7517","BECv12","ESSFwvw","ESSFwvw/110","B5"
"7518","BECv12","ESSFwvw","ESSFwvw/111","E6"
"7519","BECv12","ESSFwvw","ESSFwvw/111","D6"
"7520","BECv12","ESSFwvw","ESSFwvw/111","C6"
"7521","BECv12","ESSFwvw","ESSFwvw/111","B6"
"7522","Add_2021","ESSFwvw","ESSFwvw/Ro","A0"
"7523","Add_2021","ESSFwvw","ESSFwvw/Ro","B0"
"7524","USA_2019","ESSFxc_CO","ESSFxc_CO/101","D4"
"7525","USA_2019","ESSFxc_CO","ESSFxc_CO/101","D3"
"7526","USA_2019","ESSFxc_CO","ESSFxc_CO/101","C4"
"7527","USA_2019","ESSFxc_CO","ESSFxc_CO/101","C3"
"7528","USA_2019","ESSFxc_CO","ESSFxc_CO/101","B4"
"7529","USA_2019","ESSFxc_CO","ESSFxc_CO/101","B3"
"7530","USA_2019","ESSFxc_CO","ESSFxc_CO/102","D1"
"7531","USA_2019","ESSFxc_CO","ESSFxc_CO/102","C1"
"7532","USA_2019","ESSFxc_CO","ESSFxc_CO/102","B1"
"7533","USA_2019","ESSFxc_CO","ESSFxc_CO/102","A1"
"7534","USA_2019","ESSFxc_CO","ESSFxc_CO/103","D2"
"7535","USA_2019","ESSFxc_CO","ESSFxc_CO/103","C2"
"7536","USA_2019","ESSFxc_CO","ESSFxc_CO/103","B2"
"7537","USA_2019","ESSFxc_CO","ESSFxc_CO/103","A2"
"7538","USA_2019","ESSFxc_CO","ESSFxc_CO/110","E5"
"7539","USA_2019","ESSFxc_CO","ESSFxc_CO/110","D5"
"7540","USA_2019","ESSFxc_CO","ESSFxc_CO/110","C5"
"7541","USA_2019","ESSFxc_CO","ESSFxc_CO/110","B5"
"7542","USA_2019","ESSFxc_CO","ESSFxc_CO/111","E6"
"7543","USA_2019","ESSFxc_CO","ESSFxc_CO/111","D6"
"7544","USA_2019","ESSFxc_CO","ESSFxc_CO/111","C6"
"7545","USA_2019","ESSFxc_CO","ESSFxc_CO/111","B6"
"7546","Add_2021","ESSFxc_CO","ESSFxc_CO/Ro","A0"
"7547","Add_2021","ESSFxc_CO","ESSFxc_CO/Ro","B0"
"7548","USA_2019","ESSFxc_WA","ESSFxc_WA/101","D4"
"7549","USA_2019","ESSFxc_WA","ESSFxc_WA/101","D3"
"7550","USA_2019","ESSFxc_WA","ESSFxc_WA/101","C4"
"7551","USA_2019","ESSFxc_WA","ESSFxc_WA/101","C3"
"7552","USA_2019","ESSFxc_WA","ESSFxc_WA/101","B4"
"7553","USA_2019","ESSFxc_WA","ESSFxc_WA/101","B3"
"7554","USA_2019","ESSFxc_WA","ESSFxc_WA/102","D1"
"7555","USA_2019","ESSFxc_WA","ESSFxc_WA/102","C1"
"7556","USA_2019","ESSFxc_WA","ESSFxc_WA/102","B1"
"7557","USA_2019","ESSFxc_WA","ESSFxc_WA/102","A1"
"7558","USA_2019","ESSFxc_WA","ESSFxc_WA/103","D2"
"7559","USA_2019","ESSFxc_WA","ESSFxc_WA/103","C2"
"7560","USA_2019","ESSFxc_WA","ESSFxc_WA/103","B2"
"7561","USA_2019","ESSFxc_WA","ESSFxc_WA/103","A2"
"7562","USA_2019","ESSFxc_WA","ESSFxc_WA/110","E5"
"7563","USA_2019","ESSFxc_WA","ESSFxc_WA/110","D5"
"7564","USA_2019","ESSFxc_WA","ESSFxc_WA/110","C5"
"7565","USA_2019","ESSFxc_WA","ESSFxc_WA/110","B5"
"7566","USA_2019","ESSFxc_WA","ESSFxc_WA/111","E6"
"7567","USA_2019","ESSFxc_WA","ESSFxc_WA/111","D6"
"7568","USA_2019","ESSFxc_WA","ESSFxc_WA/111","C6"
"7569","USA_2019","ESSFxc_WA","ESSFxc_WA/111","B6"
"7570","Add_2021","ESSFxc_WA","ESSFxc_WA/Ro","A0"
"7571","Add_2021","ESSFxc_WA","ESSFxc_WA/Ro","B0"
"7572","BECv12","ESSFxc1","ESSFxc1/101","D4"
"7573","BECv12","ESSFxc1","ESSFxc1/101","D3"
"7574","BECv12","ESSFxc1","ESSFxc1/101","D2"
"7575","BECv12","ESSFxc1","ESSFxc1/101","C4"
"7576","BECv12","ESSFxc1","ESSFxc1/101","C3"
"7577","BECv12","ESSFxc1","ESSFxc1/101","B4"
"7578","BECv12","ESSFxc1","ESSFxc1/101","B3"
"7579","BECv12","ESSFxc1","ESSFxc1/102","B1"
"7580","BECv12","ESSFxc1","ESSFxc1/102","B0"
"7581","BECv12","ESSFxc1","ESSFxc1/102","A1"
"7582","BECv12","ESSFxc1","ESSFxc1/102","A0"
"7583","BECv12","ESSFxc1","ESSFxc1/103","C2"
"7584","BECv12","ESSFxc1","ESSFxc1/103","C1"
"7585","BECv12","ESSFxc1","ESSFxc1/103","B2"
"7586","BECv12","ESSFxc1","ESSFxc1/104","C3"
"7587","BECv12","ESSFxc1","ESSFxc1/104","C2"
"7588","BECv12","ESSFxc1","ESSFxc1/104","B3"
"7589","BECv12","ESSFxc1","ESSFxc1/105","B4"
"7590","BECv12","ESSFxc1","ESSFxc1/105","B3"
"7591","BECv12","ESSFxc1","ESSFxc1/105","A4"
"7592","BECv12","ESSFxc1","ESSFxc1/105","A3"
"7593","BECv12","ESSFxc1","ESSFxc1/110","D4"
"7594","BECv12","ESSFxc1","ESSFxc1/110","D3"
"7595","BECv12","ESSFxc1","ESSFxc1/110","D2"
"7596","BECv12","ESSFxc1","ESSFxc1/110","C4"
"7597","BECv12","ESSFxc1","ESSFxc1/110","C3"
"7598","BECv12","ESSFxc1","ESSFxc1/110","B4"
"7599","BECv12","ESSFxc1","ESSFxc1/110","B3"
"7600","BECv12","ESSFxc1","ESSFxc1/111","E7"
"7601","BECv12","ESSFxc1","ESSFxc1/111","E6"
"7602","BECv12","ESSFxc1","ESSFxc1/111","D7"
"7603","BECv12","ESSFxc1","ESSFxc1/111","D6"
"7604","BECv12","ESSFxc1","ESSFxc1/111","C7"
"7605","BECv12","ESSFxc1","ESSFxc1/111","C6"
"7606","BECv12","ESSFxc1","ESSFxc1/112","E5"
"7607","BECv12","ESSFxc1","ESSFxc1/112","D5"
"7608","BECv12","ESSFxc1","ESSFxc1/112","C5"
"7609","BECv12","ESSFxc1","ESSFxc1/113","E5"
"7610","BECv12","ESSFxc1","ESSFxc1/113","D5"
"7611","BECv12","ESSFxc1","ESSFxc1/113","C5"
"7612","BECv10","ESSFxc1","ESSFxc1/Gg","D2"
"7613","BECv10","ESSFxc1","ESSFxc1/Gg","D1"
"7614","BECv10","ESSFxc1","ESSFxc1/Gg","C2"
"7615","BECv10","ESSFxc1","ESSFxc1/Gg","C1"
"7616","BECv10","ESSFxc1","ESSFxc1/Gg","B2"
"7617","BECv10","ESSFxc1","ESSFxc1/Gg","B1"
"7618","BECv10","ESSFxc1","ESSFxc1/Ws08","B7"
"7619","BECv10","ESSFxc1","ESSFxc1/Ws08","C7"
"7620","BECv10","ESSFxc1","ESSFxc1/Ws08","D7"
"7621","BECv10","ESSFxc1","ESSFxc1/Ws08","E7"
"7622","BECv10","ESSFxc1","ESSFxc1/Ws12","B7"
"7623","BECv10","ESSFxc1","ESSFxc1/Ws12","C7"
"7624","BECv10","ESSFxc1","ESSFxc1/Ws12","D7"
"7625","BECv10","ESSFxc1","ESSFxc1/Ws12","E7"
"7626","BECv12","ESSFxc2","ESSFxc2/101","D4"
"7627","BECv12","ESSFxc2","ESSFxc2/101","D3"
"7628","BECv12","ESSFxc2","ESSFxc2/101","C4"
"7629","BECv12","ESSFxc2","ESSFxc2/101","C3"
"7630","BECv12","ESSFxc2","ESSFxc2/101","B4"
"7631","BECv12","ESSFxc2","ESSFxc2/101","B3"
"7632","BECv12","ESSFxc2","ESSFxc2/102","C1"
"7633","BECv12","ESSFxc2","ESSFxc2/102","C0"
"7634","BECv12","ESSFxc2","ESSFxc2/102","B1"
"7635","BECv12","ESSFxc2","ESSFxc2/102","B0"
"7636","BECv12","ESSFxc2","ESSFxc2/102","A1"
"7637","BECv12","ESSFxc2","ESSFxc2/102","A0"
"7638","BECv12","ESSFxc2","ESSFxc2/103","C3"
"7639","BECv12","ESSFxc2","ESSFxc2/103","C2"
"7640","BECv12","ESSFxc2","ESSFxc2/103","C1"
"7641","BECv12","ESSFxc2","ESSFxc2/103","B3"
"7642","BECv12","ESSFxc2","ESSFxc2/103","B2"
"7643","BECv12","ESSFxc2","ESSFxc2/103","B1"
"7644","BECv12","ESSFxc2","ESSFxc2/110","D4"
"7645","BECv12","ESSFxc2","ESSFxc2/110","D3"
"7646","BECv12","ESSFxc2","ESSFxc2/110","C4"
"7647","BECv12","ESSFxc2","ESSFxc2/110","C3"
"7648","BECv12","ESSFxc2","ESSFxc2/110","B4"
"7649","BECv12","ESSFxc2","ESSFxc2/110","B3"
"7650","BECv12","ESSFxc2","ESSFxc2/111","E5"
"7651","BECv12","ESSFxc2","ESSFxc2/111","D5"
"7652","BECv12","ESSFxc2","ESSFxc2/111","C5"
"7653","BECv12","ESSFxc2","ESSFxc2/112","E7"
"7654","BECv12","ESSFxc2","ESSFxc2/112","E6"
"7655","BECv12","ESSFxc2","ESSFxc2/112","D7"
"7656","BECv12","ESSFxc2","ESSFxc2/112","D6"
"7657","BECv12","ESSFxc2","ESSFxc2/112","C7"
"7658","BECv12","ESSFxc2","ESSFxc2/112","C6"
"7659","BECv10","ESSFxc2","ESSFxc2/Gg","D3"
"7660","BECv10","ESSFxc2","ESSFxc2/Gg","D2"
"7661","BECv10","ESSFxc2","ESSFxc2/Gg","D1"
"7662","BECv10","ESSFxc2","ESSFxc2/Gg","C3"
"7663","BECv10","ESSFxc2","ESSFxc2/Gg","C2"
"7664","BECv10","ESSFxc2","ESSFxc2/Gg","C1"
"7665","BECv10","ESSFxc2","ESSFxc2/Gg","B2"
"7666","BECv10","ESSFxc2","ESSFxc2/Gg","B1"
"7667","BECv12","ESSFxc2","ESSFxc2/Ws08","E7"
"7668","BECv12","ESSFxc2","ESSFxc2/Ws08","D7"
"7669","BECv12","ESSFxc2","ESSFxc2/Ws08","C7"
"7670","BECv12","ESSFxc2","ESSFxc2/Ws08","B6"
"7671","BECv10","ESSFxc3","ESSFxc3/01","D5"
"7672","BECv10","ESSFxc3","ESSFxc3/01","D4"
"7673","BECv10","ESSFxc3","ESSFxc3/01","C5"
"7674","BECv10","ESSFxc3","ESSFxc3/01","C4"
"7675","BECv10","ESSFxc3","ESSFxc3/01","B5"
"7676","BECv10","ESSFxc3","ESSFxc3/01","B4"
"7677","BECv10","ESSFxc3","ESSFxc3/01","A5"
"7678","BECv10","ESSFxc3","ESSFxc3/01","A4"
"7679","BECv10","ESSFxc3","ESSFxc3/02","C2"
"7680","BECv10","ESSFxc3","ESSFxc3/02","C1"
"7681","BECv10","ESSFxc3","ESSFxc3/02","C0"
"7682","BECv10","ESSFxc3","ESSFxc3/02","B2"
"7683","BECv10","ESSFxc3","ESSFxc3/02","B1"
"7684","BECv10","ESSFxc3","ESSFxc3/02","B0"
"7685","BECv10","ESSFxc3","ESSFxc3/02","A2"
"7686","BECv10","ESSFxc3","ESSFxc3/02","A1"
"7687","BECv10","ESSFxc3","ESSFxc3/02","A0"
"7688","BECv10","ESSFxc3","ESSFxc3/03","D2"
"7689","BECv10","ESSFxc3","ESSFxc3/03","D1"
"7690","BECv10","ESSFxc3","ESSFxc3/03","C2"
"7691","BECv10","ESSFxc3","ESSFxc3/03","C1"
"7692","BECv10","ESSFxc3","ESSFxc3/04","D3"
"7693","BECv10","ESSFxc3","ESSFxc3/04","D2"
"7694","BECv10","ESSFxc3","ESSFxc3/04","C3"
"7695","BECv10","ESSFxc3","ESSFxc3/04","C2"
"7696","BECv10","ESSFxc3","ESSFxc3/05","D4"
"7697","BECv10","ESSFxc3","ESSFxc3/05","D3"
"7698","BECv10","ESSFxc3","ESSFxc3/05","C4"
"7699","BECv10","ESSFxc3","ESSFxc3/05","C3"
"7700","BECv10","ESSFxc3","ESSFxc3/05","C2"
"7701","BECv10","ESSFxc3","ESSFxc3/05","B4"
"7702","BECv10","ESSFxc3","ESSFxc3/05","B3"
"7703","BECv10","ESSFxc3","ESSFxc3/05","B2"
"7704","BECv10","ESSFxc3","ESSFxc3/05","A4"
"7705","BECv10","ESSFxc3","ESSFxc3/05","A3"
"7706","BECv10","ESSFxc3","ESSFxc3/05","A2"
"7707","BECv10","ESSFxc3","ESSFxc3/06","C4"
"7708","BECv10","ESSFxc3","ESSFxc3/06","C3"
"7709","BECv10","ESSFxc3","ESSFxc3/06","B4"
"7710","BECv10","ESSFxc3","ESSFxc3/06","B3"
"7711","BECv10","ESSFxc3","ESSFxc3/06","A4"
"7712","BECv10","ESSFxc3","ESSFxc3/06","A3"
"7713","BECv10","ESSFxc3","ESSFxc3/07","E6"
"7714","BECv10","ESSFxc3","ESSFxc3/07","E5"
"7715","BECv10","ESSFxc3","ESSFxc3/07","D6"
"7716","BECv10","ESSFxc3","ESSFxc3/07","D5"
"7717","BECv10","ESSFxc3","ESSFxc3/07","C6"
"7718","BECv10","ESSFxc3","ESSFxc3/07","C5"
"7719","BECv10","ESSFxc3","ESSFxc3/07","B6"
"7720","BECv10","ESSFxc3","ESSFxc3/07","B5"
"7721","BECv10","ESSFxc3","ESSFxc3/08","E6"
"7722","BECv10","ESSFxc3","ESSFxc3/08","D6"
"7723","BECv10","ESSFxc3","ESSFxc3/08","C6"
"7724","BECv10","ESSFxc3","ESSFxc3/08","B6"
"7725","BECv10","ESSFxc3","ESSFxc3/09","C7"
"7726","BECv10","ESSFxc3","ESSFxc3/09","C6"
"7727","BECv10","ESSFxc3","ESSFxc3/09","B7"
"7728","BECv10","ESSFxc3","ESSFxc3/09","B6"
"7729","BECv10","ESSFxc3","ESSFxc3/10","D7"
"7730","BECv10","ESSFxc3","ESSFxc3/10","D6"
"7731","BECv10","ESSFxc3","ESSFxc3/10","C7"
"7732","BECv10","ESSFxc3","ESSFxc3/10","C6"
"7733","BECv10","ESSFxcp","ESSFxcp/00","E7"
"7734","BECv10","ESSFxcp","ESSFxcp/00","E6"
"7735","BECv10","ESSFxcp","ESSFxcp/00","E5"
"7736","BECv10","ESSFxcp","ESSFxcp/00","E4"
"7737","BECv10","ESSFxcp","ESSFxcp/00","E3"
"7738","BECv10","ESSFxcp","ESSFxcp/00","E2"
"7739","BECv10","ESSFxcp","ESSFxcp/00","E1"
"7740","BECv10","ESSFxcp","ESSFxcp/00","E0"
"7741","BECv10","ESSFxcp","ESSFxcp/00","D7"
"7742","BECv10","ESSFxcp","ESSFxcp/00","D6"
"7743","BECv10","ESSFxcp","ESSFxcp/00","D5"
"7744","BECv10","ESSFxcp","ESSFxcp/00","D4"
"7745","BECv10","ESSFxcp","ESSFxcp/00","D3"
"7746","BECv10","ESSFxcp","ESSFxcp/00","D2"
"7747","BECv10","ESSFxcp","ESSFxcp/00","D1"
"7748","BECv10","ESSFxcp","ESSFxcp/00","D0"
"7749","BECv10","ESSFxcp","ESSFxcp/00","C7"
"7750","BECv10","ESSFxcp","ESSFxcp/00","C6"
"7751","BECv10","ESSFxcp","ESSFxcp/00","C5"
"7752","BECv10","ESSFxcp","ESSFxcp/00","C4"
"7753","BECv10","ESSFxcp","ESSFxcp/00","C3"
"7754","BECv10","ESSFxcp","ESSFxcp/00","C2"
"7755","BECv10","ESSFxcp","ESSFxcp/00","C1"
"7756","BECv10","ESSFxcp","ESSFxcp/00","C0"
"7757","BECv10","ESSFxcp","ESSFxcp/00","B7"
"7758","BECv10","ESSFxcp","ESSFxcp/00","B6"
"7759","BECv10","ESSFxcp","ESSFxcp/00","B5"
"7760","BECv10","ESSFxcp","ESSFxcp/00","B4"
"7761","BECv10","ESSFxcp","ESSFxcp/00","B3"
"7762","BECv10","ESSFxcp","ESSFxcp/00","B2"
"7763","BECv10","ESSFxcp","ESSFxcp/00","B1"
"7764","BECv10","ESSFxcp","ESSFxcp/00","B0"
"7765","BECv10","ESSFxcp","ESSFxcp/00","A7"
"7766","BECv10","ESSFxcp","ESSFxcp/00","A6"
"7767","BECv10","ESSFxcp","ESSFxcp/00","A5"
"7768","BECv10","ESSFxcp","ESSFxcp/00","A4"
"7769","BECv10","ESSFxcp","ESSFxcp/00","A3"
"7770","BECv10","ESSFxcp","ESSFxcp/00","A2"
"7771","BECv10","ESSFxcp","ESSFxcp/00","A1"
"7772","BECv10","ESSFxcp","ESSFxcp/00","A0"
"7773","USA_2019","ESSFxcp_CO","ESSFxcp_CO/00","E6"
"7774","USA_2019","ESSFxcp_CO","ESSFxcp_CO/00","E5"
"7775","USA_2019","ESSFxcp_CO","ESSFxcp_CO/00","D6"
"7776","USA_2019","ESSFxcp_CO","ESSFxcp_CO/00","D5"
"7777","USA_2019","ESSFxcp_CO","ESSFxcp_CO/00","D4"
"7778","USA_2019","ESSFxcp_CO","ESSFxcp_CO/00","D3"
"7779","USA_2019","ESSFxcp_CO","ESSFxcp_CO/00","D2"
"7780","USA_2019","ESSFxcp_CO","ESSFxcp_CO/00","D1"
"7781","USA_2019","ESSFxcp_CO","ESSFxcp_CO/00","C6"
"7782","USA_2019","ESSFxcp_CO","ESSFxcp_CO/00","C5"
"7783","USA_2019","ESSFxcp_CO","ESSFxcp_CO/00","C4"
"7784","USA_2019","ESSFxcp_CO","ESSFxcp_CO/00","C3"
"7785","USA_2019","ESSFxcp_CO","ESSFxcp_CO/00","C2"
"7786","USA_2019","ESSFxcp_CO","ESSFxcp_CO/00","C1"
"7787","USA_2019","ESSFxcp_CO","ESSFxcp_CO/00","B6"
"7788","USA_2019","ESSFxcp_CO","ESSFxcp_CO/00","B5"
"7789","USA_2019","ESSFxcp_CO","ESSFxcp_CO/00","B4"
"7790","USA_2019","ESSFxcp_CO","ESSFxcp_CO/00","B3"
"7791","USA_2019","ESSFxcp_CO","ESSFxcp_CO/00","B2"
"7792","USA_2019","ESSFxcp_CO","ESSFxcp_CO/00","B1"
"7793","USA_2019","ESSFxcp_CO","ESSFxcp_CO/00","A2"
"7794","USA_2019","ESSFxcp_CO","ESSFxcp_CO/00","A1"
"7795","Add_2021","ESSFxcp_CO","ESSFxcp_CO/Ro","A0"
"7796","Add_2021","ESSFxcp_CO","ESSFxcp_CO/Ro","B0"
"7797","USA_2019","ESSFxcp_WA","ESSFxcp_WA/00","E7"
"7798","USA_2019","ESSFxcp_WA","ESSFxcp_WA/00","E6"
"7799","USA_2019","ESSFxcp_WA","ESSFxcp_WA/00","E5"
"7800","USA_2019","ESSFxcp_WA","ESSFxcp_WA/00","E4"
"7801","USA_2019","ESSFxcp_WA","ESSFxcp_WA/00","E3"
"7802","USA_2019","ESSFxcp_WA","ESSFxcp_WA/00","E2"
"7803","USA_2019","ESSFxcp_WA","ESSFxcp_WA/00","E1"
"7804","USA_2019","ESSFxcp_WA","ESSFxcp_WA/00","E0"
"7805","USA_2019","ESSFxcp_WA","ESSFxcp_WA/00","D7"
"7806","USA_2019","ESSFxcp_WA","ESSFxcp_WA/00","D6"
"7807","USA_2019","ESSFxcp_WA","ESSFxcp_WA/00","D5"
"7808","USA_2019","ESSFxcp_WA","ESSFxcp_WA/00","D4"
"7809","USA_2019","ESSFxcp_WA","ESSFxcp_WA/00","D3"
"7810","USA_2019","ESSFxcp_WA","ESSFxcp_WA/00","D2"
"7811","USA_2019","ESSFxcp_WA","ESSFxcp_WA/00","D1"
"7812","USA_2019","ESSFxcp_WA","ESSFxcp_WA/00","D0"
"7813","USA_2019","ESSFxcp_WA","ESSFxcp_WA/00","C7"
"7814","USA_2019","ESSFxcp_WA","ESSFxcp_WA/00","C6"
"7815","USA_2019","ESSFxcp_WA","ESSFxcp_WA/00","C5"
"7816","USA_2019","ESSFxcp_WA","ESSFxcp_WA/00","C4"
"7817","USA_2019","ESSFxcp_WA","ESSFxcp_WA/00","C3"
"7818","USA_2019","ESSFxcp_WA","ESSFxcp_WA/00","C2"
"7819","USA_2019","ESSFxcp_WA","ESSFxcp_WA/00","C1"
"7820","USA_2019","ESSFxcp_WA","ESSFxcp_WA/00","C0"
"7821","USA_2019","ESSFxcp_WA","ESSFxcp_WA/00","B7"
"7822","USA_2019","ESSFxcp_WA","ESSFxcp_WA/00","B6"
"7823","USA_2019","ESSFxcp_WA","ESSFxcp_WA/00","B5"
"7824","USA_2019","ESSFxcp_WA","ESSFxcp_WA/00","B4"
"7825","USA_2019","ESSFxcp_WA","ESSFxcp_WA/00","B3"
"7826","USA_2019","ESSFxcp_WA","ESSFxcp_WA/00","B2"
"7827","USA_2019","ESSFxcp_WA","ESSFxcp_WA/00","B1"
"7828","USA_2019","ESSFxcp_WA","ESSFxcp_WA/00","B0"
"7829","USA_2019","ESSFxcp_WA","ESSFxcp_WA/00","A7"
"7830","USA_2019","ESSFxcp_WA","ESSFxcp_WA/00","A6"
"7831","USA_2019","ESSFxcp_WA","ESSFxcp_WA/00","A5"
"7832","USA_2019","ESSFxcp_WA","ESSFxcp_WA/00","A4"
"7833","USA_2019","ESSFxcp_WA","ESSFxcp_WA/00","A3"
"7834","USA_2019","ESSFxcp_WA","ESSFxcp_WA/00","A2"
"7835","USA_2019","ESSFxcp_WA","ESSFxcp_WA/00","A1"
"7836","USA_2019","ESSFxcp_WA","ESSFxcp_WA/00","A0"
"7837","BECv12","ESSFxcw","ESSFxcw/101","D4"
"7838","BECv12","ESSFxcw","ESSFxcw/101","D3"
"7839","BECv12","ESSFxcw","ESSFxcw/101","C4"
"7840","BECv12","ESSFxcw","ESSFxcw/101","C3"
"7841","BECv12","ESSFxcw","ESSFxcw/101","B4"
"7842","BECv12","ESSFxcw","ESSFxcw/101","B3"
"7843","BECv12","ESSFxcw","ESSFxcw/102","C1"
"7844","BECv12","ESSFxcw","ESSFxcw/102","C0"
"7845","BECv12","ESSFxcw","ESSFxcw/102","B1"
"7846","BECv12","ESSFxcw","ESSFxcw/102","B0"
"7847","BECv12","ESSFxcw","ESSFxcw/102","A1"
"7848","BECv12","ESSFxcw","ESSFxcw/102","A0"
"7849","BECv12","ESSFxcw","ESSFxcw/103","C3"
"7850","BECv12","ESSFxcw","ESSFxcw/103","C2"
"7851","BECv12","ESSFxcw","ESSFxcw/103","C1"
"7852","BECv12","ESSFxcw","ESSFxcw/103","B3"
"7853","BECv12","ESSFxcw","ESSFxcw/103","B2"
"7854","BECv12","ESSFxcw","ESSFxcw/103","B1"
"7855","BECv12","ESSFxcw","ESSFxcw/110","D4"
"7856","BECv12","ESSFxcw","ESSFxcw/110","D3"
"7857","BECv12","ESSFxcw","ESSFxcw/110","C4"
"7858","BECv12","ESSFxcw","ESSFxcw/110","C3"
"7859","BECv12","ESSFxcw","ESSFxcw/110","B4"
"7860","BECv12","ESSFxcw","ESSFxcw/110","B3"
"7861","BECv12","ESSFxcw","ESSFxcw/111","B5"
"7862","BECv12","ESSFxcw","ESSFxcw/111","C5"
"7863","BECv12","ESSFxcw","ESSFxcw/111","D5"
"7864","BECv12","ESSFxcw","ESSFxcw/112","E6"
"7865","BECv12","ESSFxcw","ESSFxcw/112","C6"
"7866","BECv12","ESSFxcw","ESSFxcw/112","D6"
"7867","BECv12","ESSFxcw","ESSFxcw/112","E7"
"7868","BECv12","ESSFxcw","ESSFxcw/112","C7"
"7869","BECv12","ESSFxcw","ESSFxcw/112","D7"
"7870","BECv10","ESSFxcw","ESSFxcw/Gg","D2"
"7871","BECv10","ESSFxcw","ESSFxcw/Gg","D1"
"7872","BECv10","ESSFxcw","ESSFxcw/Gg","C2"
"7873","BECv10","ESSFxcw","ESSFxcw/Gg","C1"
"7874","BECv10","ESSFxcw","ESSFxcw/Gg","B2"
"7875","BECv10","ESSFxcw","ESSFxcw/Gg","B1"
"7876","USA_2019","ESSFxh_WA","ESSFxh_WA/101","D4"
"7877","USA_2019","ESSFxh_WA","ESSFxh_WA/101","D3"
"7878","USA_2019","ESSFxh_WA","ESSFxh_WA/101","C4"
"7879","USA_2019","ESSFxh_WA","ESSFxh_WA/101","C3"
"7880","USA_2019","ESSFxh_WA","ESSFxh_WA/101","B4"
"7881","USA_2019","ESSFxh_WA","ESSFxh_WA/101","B3"
"7882","USA_2019","ESSFxh_WA","ESSFxh_WA/102","D1"
"7883","USA_2019","ESSFxh_WA","ESSFxh_WA/102","C1"
"7884","USA_2019","ESSFxh_WA","ESSFxh_WA/102","B1"
"7885","USA_2019","ESSFxh_WA","ESSFxh_WA/102","A1"
"7886","USA_2019","ESSFxh_WA","ESSFxh_WA/103","D2"
"7887","USA_2019","ESSFxh_WA","ESSFxh_WA/103","C2"
"7888","USA_2019","ESSFxh_WA","ESSFxh_WA/103","B2"
"7889","USA_2019","ESSFxh_WA","ESSFxh_WA/103","A2"
"7890","USA_2019","ESSFxh_WA","ESSFxh_WA/110","E5"
"7891","USA_2019","ESSFxh_WA","ESSFxh_WA/110","D5"
"7892","USA_2019","ESSFxh_WA","ESSFxh_WA/110","C5"
"7893","USA_2019","ESSFxh_WA","ESSFxh_WA/110","B5"
"7894","USA_2019","ESSFxh_WA","ESSFxh_WA/111","E6"
"7895","USA_2019","ESSFxh_WA","ESSFxh_WA/111","D6"
"7896","USA_2019","ESSFxh_WA","ESSFxh_WA/111","C6"
"7897","USA_2019","ESSFxh_WA","ESSFxh_WA/111","B6"
"7898","Add_2021","ESSFxh_WA","ESSFxh_WA/Ro","A0"
"7899","Add_2021","ESSFxh_WA","ESSFxh_WA/Ro","B0"
"7900","USA_2019","ESSFxk_MT","ESSFxk_MT/101","D4"
"7901","USA_2019","ESSFxk_MT","ESSFxk_MT/101","D3"
"7902","USA_2019","ESSFxk_MT","ESSFxk_MT/101","C4"
"7903","USA_2019","ESSFxk_MT","ESSFxk_MT/101","C3"
"7904","USA_2019","ESSFxk_MT","ESSFxk_MT/101","B4"
"7905","USA_2019","ESSFxk_MT","ESSFxk_MT/101","B3"
"7906","USA_2019","ESSFxk_MT","ESSFxk_MT/102","D1"
"7907","USA_2019","ESSFxk_MT","ESSFxk_MT/102","C1"
"7908","USA_2019","ESSFxk_MT","ESSFxk_MT/102","B1"
"7909","USA_2019","ESSFxk_MT","ESSFxk_MT/102","A1"
"7910","USA_2019","ESSFxk_MT","ESSFxk_MT/103","D2"
"7911","USA_2019","ESSFxk_MT","ESSFxk_MT/103","C2"
"7912","USA_2019","ESSFxk_MT","ESSFxk_MT/103","B2"
"7913","USA_2019","ESSFxk_MT","ESSFxk_MT/103","A2"
"7914","USA_2019","ESSFxk_MT","ESSFxk_MT/110","E5"
"7915","USA_2019","ESSFxk_MT","ESSFxk_MT/110","D5"
"7916","USA_2019","ESSFxk_MT","ESSFxk_MT/110","C5"
"7917","USA_2019","ESSFxk_MT","ESSFxk_MT/110","B5"
"7918","USA_2019","ESSFxk_MT","ESSFxk_MT/111","E6"
"7919","USA_2019","ESSFxk_MT","ESSFxk_MT/111","D6"
"7920","USA_2019","ESSFxk_MT","ESSFxk_MT/111","C6"
"7921","USA_2019","ESSFxk_MT","ESSFxk_MT/111","B6"
"7922","Add_2021","ESSFxk_MT","ESSFxk_MT/Ro","A0"
"7923","Add_2021","ESSFxk_MT","ESSFxk_MT/Ro","B0"
"7924","USA_2019","ESSFxk_UT","ESSFxk_UT/101","D4"
"7925","USA_2019","ESSFxk_UT","ESSFxk_UT/101","D3"
"7926","USA_2019","ESSFxk_UT","ESSFxk_UT/101","C4"
"7927","USA_2019","ESSFxk_UT","ESSFxk_UT/101","C3"
"7928","USA_2019","ESSFxk_UT","ESSFxk_UT/101","B4"
"7929","USA_2019","ESSFxk_UT","ESSFxk_UT/101","B3"
"7930","USA_2019","ESSFxk_UT","ESSFxk_UT/102","D1"
"7931","USA_2019","ESSFxk_UT","ESSFxk_UT/102","C1"
"7932","USA_2019","ESSFxk_UT","ESSFxk_UT/102","B1"
"7933","USA_2019","ESSFxk_UT","ESSFxk_UT/102","A1"
"7934","USA_2019","ESSFxk_UT","ESSFxk_UT/103","D2"
"7935","USA_2019","ESSFxk_UT","ESSFxk_UT/103","C2"
"7936","USA_2019","ESSFxk_UT","ESSFxk_UT/103","B2"
"7937","USA_2019","ESSFxk_UT","ESSFxk_UT/103","A2"
"7938","USA_2019","ESSFxk_UT","ESSFxk_UT/110","E5"
"7939","USA_2019","ESSFxk_UT","ESSFxk_UT/110","D5"
"7940","USA_2019","ESSFxk_UT","ESSFxk_UT/110","C5"
"7941","USA_2019","ESSFxk_UT","ESSFxk_UT/110","B5"
"7942","USA_2019","ESSFxk_UT","ESSFxk_UT/111","E6"
"7943","USA_2019","ESSFxk_UT","ESSFxk_UT/111","D6"
"7944","USA_2019","ESSFxk_UT","ESSFxk_UT/111","C6"
"7945","USA_2019","ESSFxk_UT","ESSFxk_UT/111","B6"
"7946","Add_2021","ESSFxk_UT","ESSFxk_UT/Ro","A0"
"7947","Add_2021","ESSFxk_UT","ESSFxk_UT/Ro","B0"
"7948","USA_2020","ESSFxk_WY","ESSFxk_WY/101","D4"
"7949","USA_2020","ESSFxk_WY","ESSFxk_WY/101","D3"
"7950","USA_2020","ESSFxk_WY","ESSFxk_WY/101","C4"
"7951","USA_2020","ESSFxk_WY","ESSFxk_WY/101","C3"
"7952","USA_2020","ESSFxk_WY","ESSFxk_WY/101","B4"
"7953","USA_2020","ESSFxk_WY","ESSFxk_WY/101","B3"
"7954","USA_2020","ESSFxk_WY","ESSFxk_WY/102","D1"
"7955","USA_2020","ESSFxk_WY","ESSFxk_WY/102","C1"
"7956","USA_2020","ESSFxk_WY","ESSFxk_WY/102","B1"
"7957","USA_2020","ESSFxk_WY","ESSFxk_WY/102","A1"
"7958","USA_2020","ESSFxk_WY","ESSFxk_WY/103","D2"
"7959","USA_2020","ESSFxk_WY","ESSFxk_WY/103","C2"
"7960","USA_2020","ESSFxk_WY","ESSFxk_WY/103","B2"
"7961","USA_2020","ESSFxk_WY","ESSFxk_WY/103","A2"
"7962","USA_2020","ESSFxk_WY","ESSFxk_WY/110","E5"
"7963","USA_2020","ESSFxk_WY","ESSFxk_WY/110","D5"
"7964","USA_2020","ESSFxk_WY","ESSFxk_WY/110","C5"
"7965","USA_2020","ESSFxk_WY","ESSFxk_WY/110","B5"
"7966","USA_2020","ESSFxk_WY","ESSFxk_WY/111","E6"
"7967","USA_2020","ESSFxk_WY","ESSFxk_WY/111","D6"
"7968","USA_2020","ESSFxk_WY","ESSFxk_WY/111","C6"
"7969","USA_2020","ESSFxk_WY","ESSFxk_WY/111","B6"
"7970","Add_2021","ESSFxk_WY","ESSFxk_WY/Ro","A0"
"7971","Add_2021","ESSFxk_WY","ESSFxk_WY/Ro","B0"
"7972","USA_2019","ESSFxkp_MT","ESSFxkp_MT/00","E6"
"7973","USA_2019","ESSFxkp_MT","ESSFxkp_MT/00","E5"
"7974","USA_2019","ESSFxkp_MT","ESSFxkp_MT/00","D6"
"7975","USA_2019","ESSFxkp_MT","ESSFxkp_MT/00","D5"
"7976","USA_2019","ESSFxkp_MT","ESSFxkp_MT/00","D4"
"7977","USA_2019","ESSFxkp_MT","ESSFxkp_MT/00","D3"
"7978","USA_2019","ESSFxkp_MT","ESSFxkp_MT/00","D2"
"7979","USA_2019","ESSFxkp_MT","ESSFxkp_MT/00","D1"
"7980","USA_2019","ESSFxkp_MT","ESSFxkp_MT/00","C6"
"7981","USA_2019","ESSFxkp_MT","ESSFxkp_MT/00","C5"
"7982","USA_2019","ESSFxkp_MT","ESSFxkp_MT/00","C4"
"7983","USA_2019","ESSFxkp_MT","ESSFxkp_MT/00","C3"
"7984","USA_2019","ESSFxkp_MT","ESSFxkp_MT/00","C2"
"7985","USA_2019","ESSFxkp_MT","ESSFxkp_MT/00","C1"
"7986","USA_2019","ESSFxkp_MT","ESSFxkp_MT/00","B6"
"7987","USA_2019","ESSFxkp_MT","ESSFxkp_MT/00","B5"
"7988","USA_2019","ESSFxkp_MT","ESSFxkp_MT/00","B4"
"7989","USA_2019","ESSFxkp_MT","ESSFxkp_MT/00","B3"
"7990","USA_2019","ESSFxkp_MT","ESSFxkp_MT/00","B2"
"7991","USA_2019","ESSFxkp_MT","ESSFxkp_MT/00","B1"
"7992","USA_2019","ESSFxkp_MT","ESSFxkp_MT/00","A2"
"7993","USA_2019","ESSFxkp_MT","ESSFxkp_MT/00","A1"
"7994","Add_2021","ESSFxkp_MT","ESSFxkp_MT/Ro","A0"
"7995","Add_2021","ESSFxkp_MT","ESSFxkp_MT/Ro","B0"
"7996","USA_2019","ESSFxkp_UT","ESSFxkp_UT/00","E6"
"7997","USA_2019","ESSFxkp_UT","ESSFxkp_UT/00","E5"
"7998","USA_2019","ESSFxkp_UT","ESSFxkp_UT/00","D6"
"7999","USA_2019","ESSFxkp_UT","ESSFxkp_UT/00","D5"
"8000","USA_2019","ESSFxkp_UT","ESSFxkp_UT/00","D4"
"8001","USA_2019","ESSFxkp_UT","ESSFxkp_UT/00","D3"
"8002","USA_2019","ESSFxkp_UT","ESSFxkp_UT/00","D2"
"8003","USA_2019","ESSFxkp_UT","ESSFxkp_UT/00","D1"
"8004","USA_2019","ESSFxkp_UT","ESSFxkp_UT/00","C6"
"8005","USA_2019","ESSFxkp_UT","ESSFxkp_UT/00","C5"
"8006","USA_2019","ESSFxkp_UT","ESSFxkp_UT/00","C4"
"8007","USA_2019","ESSFxkp_UT","ESSFxkp_UT/00","C3"
"8008","USA_2019","ESSFxkp_UT","ESSFxkp_UT/00","C2"
"8009","USA_2019","ESSFxkp_UT","ESSFxkp_UT/00","C1"
"8010","USA_2019","ESSFxkp_UT","ESSFxkp_UT/00","B6"
"8011","USA_2019","ESSFxkp_UT","ESSFxkp_UT/00","B5"
"8012","USA_2019","ESSFxkp_UT","ESSFxkp_UT/00","B4"
"8013","USA_2019","ESSFxkp_UT","ESSFxkp_UT/00","B3"
"8014","USA_2019","ESSFxkp_UT","ESSFxkp_UT/00","B2"
"8015","USA_2019","ESSFxkp_UT","ESSFxkp_UT/00","B1"
"8016","USA_2019","ESSFxkp_UT","ESSFxkp_UT/00","A2"
"8017","USA_2019","ESSFxkp_UT","ESSFxkp_UT/00","A1"
"8018","Add_2021","ESSFxkp_UT","ESSFxkp_UT/Ro","A0"
"8019","Add_2021","ESSFxkp_UT","ESSFxkp_UT/Ro","B0"
"8020","USA_2020","ESSFxkp_WY","ESSFxkp_WY/00","E6"
"8021","USA_2020","ESSFxkp_WY","ESSFxkp_WY/00","E5"
"8022","USA_2020","ESSFxkp_WY","ESSFxkp_WY/00","D6"
"8023","USA_2020","ESSFxkp_WY","ESSFxkp_WY/00","D5"
"8024","USA_2020","ESSFxkp_WY","ESSFxkp_WY/00","D4"
"8025","USA_2020","ESSFxkp_WY","ESSFxkp_WY/00","D3"
"8026","USA_2020","ESSFxkp_WY","ESSFxkp_WY/00","D2"
"8027","USA_2020","ESSFxkp_WY","ESSFxkp_WY/00","D1"
"8028","USA_2020","ESSFxkp_WY","ESSFxkp_WY/00","C6"
"8029","USA_2020","ESSFxkp_WY","ESSFxkp_WY/00","C5"
"8030","USA_2020","ESSFxkp_WY","ESSFxkp_WY/00","C4"
"8031","USA_2020","ESSFxkp_WY","ESSFxkp_WY/00","C3"
"8032","USA_2020","ESSFxkp_WY","ESSFxkp_WY/00","C2"
"8033","USA_2020","ESSFxkp_WY","ESSFxkp_WY/00","C1"
"8034","USA_2020","ESSFxkp_WY","ESSFxkp_WY/00","B6"
"8035","USA_2020","ESSFxkp_WY","ESSFxkp_WY/00","B5"
"8036","USA_2020","ESSFxkp_WY","ESSFxkp_WY/00","B4"
"8037","USA_2020","ESSFxkp_WY","ESSFxkp_WY/00","B3"
"8038","USA_2020","ESSFxkp_WY","ESSFxkp_WY/00","B2"
"8039","USA_2020","ESSFxkp_WY","ESSFxkp_WY/00","B1"
"8040","USA_2020","ESSFxkp_WY","ESSFxkp_WY/00","A2"
"8041","USA_2020","ESSFxkp_WY","ESSFxkp_WY/00","A1"
"8042","Add_2021","ESSFxkp_WY","ESSFxkp_WY/Ro","A0"
"8043","Add_2021","ESSFxkp_WY","ESSFxkp_WY/Ro","B0"
"8044","BECv10","ESSFxv1","ESSFxv1/01","D4"
"8045","BECv10","ESSFxv1","ESSFxv1/01","D3"
"8046","BECv10","ESSFxv1","ESSFxv1/01","C4"
"8047","BECv10","ESSFxv1","ESSFxv1/01","C3"
"8048","BECv10","ESSFxv1","ESSFxv1/01","B4"
"8049","BECv10","ESSFxv1","ESSFxv1/02","D2"
"8050","BECv10","ESSFxv1","ESSFxv1/02","D1"
"8051","BECv10","ESSFxv1","ESSFxv1/02","D0"
"8052","BECv10","ESSFxv1","ESSFxv1/02","C2"
"8053","BECv10","ESSFxv1","ESSFxv1/02","C1"
"8054","BECv10","ESSFxv1","ESSFxv1/02","C0"
"8055","BECv10","ESSFxv1","ESSFxv1/02","B2"
"8056","BECv10","ESSFxv1","ESSFxv1/02","B1"
"8057","BECv10","ESSFxv1","ESSFxv1/02","B0"
"8058","BECv10","ESSFxv1","ESSFxv1/02","A1"
"8059","BECv10","ESSFxv1","ESSFxv1/02","A0"
"8060","BECv10","ESSFxv1","ESSFxv1/03","B2"
"8061","BECv10","ESSFxv1","ESSFxv1/03","B1"
"8062","BECv10","ESSFxv1","ESSFxv1/03","A2"
"8063","BECv10","ESSFxv1","ESSFxv1/03","A1"
"8064","BECv10","ESSFxv1","ESSFxv1/04","D3"
"8065","BECv10","ESSFxv1","ESSFxv1/04","D2"
"8066","BECv10","ESSFxv1","ESSFxv1/04","C3"
"8067","BECv10","ESSFxv1","ESSFxv1/04","C2"
"8068","BECv10","ESSFxv1","ESSFxv1/04","B3"
"8069","BECv10","ESSFxv1","ESSFxv1/04","B2"
"8070","BECv10","ESSFxv1","ESSFxv1/05","D3"
"8071","BECv10","ESSFxv1","ESSFxv1/05","D2"
"8072","BECv10","ESSFxv1","ESSFxv1/05","C3"
"8073","BECv10","ESSFxv1","ESSFxv1/05","C2"
"8074","BECv10","ESSFxv1","ESSFxv1/05","B3"
"8075","BECv10","ESSFxv1","ESSFxv1/05","B2"
"8076","BECv10","ESSFxv1","ESSFxv1/06","C4"
"8077","BECv10","ESSFxv1","ESSFxv1/06","C3"
"8078","BECv10","ESSFxv1","ESSFxv1/06","B4"
"8079","BECv10","ESSFxv1","ESSFxv1/06","B3"
"8080","BECv10","ESSFxv1","ESSFxv1/07","D5"
"8081","BECv10","ESSFxv1","ESSFxv1/07","D4"
"8082","BECv10","ESSFxv1","ESSFxv1/07","C6"
"8083","BECv10","ESSFxv1","ESSFxv1/07","C5"
"8084","BECv10","ESSFxv1","ESSFxv1/07","C4"
"8085","BECv10","ESSFxv1","ESSFxv1/07","B6"
"8086","BECv10","ESSFxv1","ESSFxv1/07","B5"
"8087","BECv10","ESSFxv1","ESSFxv1/07","B4"
"8088","BECv10","ESSFxv1","ESSFxv1/08","D7"
"8089","BECv10","ESSFxv1","ESSFxv1/08","D6"
"8090","BECv10","ESSFxv1","ESSFxv1/08","C7"
"8091","BECv10","ESSFxv1","ESSFxv1/08","C6"
"8092","BECv10","ESSFxv1","ESSFxv1/08","B7"
"8093","BECv10","ESSFxv1","ESSFxv1/08","B6"
"8094","BECv10","ESSFxv1","ESSFxv1/09","E7"
"8095","BECv10","ESSFxv1","ESSFxv1/09","E6"
"8096","BECv10","ESSFxv1","ESSFxv1/09","D7"
"8097","BECv10","ESSFxv1","ESSFxv1/09","D6"
"8098","BECv10","ESSFxv2","ESSFxv2/01","D4"
"8099","BECv10","ESSFxv2","ESSFxv2/01","D3"
"8100","BECv10","ESSFxv2","ESSFxv2/01","C4"
"8101","BECv10","ESSFxv2","ESSFxv2/01","B4"
"8102","BECv10","ESSFxv2","ESSFxv2/02","C2"
"8103","BECv10","ESSFxv2","ESSFxv2/02","C1"
"8104","BECv10","ESSFxv2","ESSFxv2/02","B2"
"8105","BECv10","ESSFxv2","ESSFxv2/02","B1"
"8106","BECv10","ESSFxv2","ESSFxv2/02","A2"
"8107","BECv10","ESSFxv2","ESSFxv2/02","A1"
"8108","BECv10","ESSFxv2","ESSFxv2/03","D2"
"8109","BECv10","ESSFxv2","ESSFxv2/03","D1"
"8110","BECv10","ESSFxv2","ESSFxv2/03","C2"
"8111","BECv10","ESSFxv2","ESSFxv2/03","C1"
"8112","BECv10","ESSFxv2","ESSFxv2/04","D3"
"8113","BECv10","ESSFxv2","ESSFxv2/04","C3"
"8114","BECv10","ESSFxv2","ESSFxv2/04","B3"
"8115","BECv10","ESSFxv2","ESSFxv2/05","C4"
"8116","BECv10","ESSFxv2","ESSFxv2/05","C3"
"8117","BECv10","ESSFxv2","ESSFxv2/05","B4"
"8118","BECv10","ESSFxv2","ESSFxv2/05","B3"
"8119","BECv10","ESSFxv2","ESSFxv2/06","C4"
"8120","BECv10","ESSFxv2","ESSFxv2/06","C3"
"8121","BECv10","ESSFxv2","ESSFxv2/06","B4"
"8122","BECv10","ESSFxv2","ESSFxv2/06","B3"
"8123","BECv10","ESSFxv2","ESSFxv2/07","D5"
"8124","BECv10","ESSFxv2","ESSFxv2/07","C5"
"8125","BECv10","ESSFxv2","ESSFxv2/07","B5"
"8126","BECv10","ESSFxv2","ESSFxv2/08","D6"
"8127","BECv10","ESSFxv2","ESSFxv2/08","C6"
"8128","BECv10","ESSFxv2","ESSFxv2/08","B6"
"8129","BECv10","ESSFxv2","ESSFxv2/09","C7"
"8130","BECv10","ESSFxv2","ESSFxv2/09","C6"
"8131","BECv10","ESSFxv2","ESSFxv2/09","B7"
"8132","BECv10","ESSFxv2","ESSFxv2/09","B6"
"8133","BECv10","ESSFxv2","ESSFxv2/09","A7"
"8134","BECv10","ESSFxv2","ESSFxv2/09","A6"
"8135","BECv10","ESSFxv2","ESSFxv2/10","E7"
"8136","BECv10","ESSFxv2","ESSFxv2/10","E6"
"8137","BECv10","ESSFxv2","ESSFxv2/10","D7"
"8138","BECv10","ESSFxv2","ESSFxv2/10","D6"
"8139","BECv10","ESSFxv2","ESSFxv2/10","C7"
"8140","BECv10","ESSFxv2","ESSFxv2/10","C6"
"8141","Add_2021","ESSFxv2","ESSFxv2/Ro","A0"
"8142","Add_2021","ESSFxv2","ESSFxv2/Ro","B0"
"8143","BECv10","ESSFxvp","ESSFxvp/00","E7"
"8144","BECv10","ESSFxvp","ESSFxvp/00","E6"
"8145","BECv10","ESSFxvp","ESSFxvp/00","E5"
"8146","BECv10","ESSFxvp","ESSFxvp/00","E4"
"8147","BECv10","ESSFxvp","ESSFxvp/00","E3"
"8148","BECv10","ESSFxvp","ESSFxvp/00","E2"
"8149","BECv10","ESSFxvp","ESSFxvp/00","E1"
"8150","BECv10","ESSFxvp","ESSFxvp/00","E0"
"8151","BECv10","ESSFxvp","ESSFxvp/00","D7"
"8152","BECv10","ESSFxvp","ESSFxvp/00","D6"
"8153","BECv10","ESSFxvp","ESSFxvp/00","D5"
"8154","BECv10","ESSFxvp","ESSFxvp/00","D4"
"8155","BECv10","ESSFxvp","ESSFxvp/00","D3"
"8156","BECv10","ESSFxvp","ESSFxvp/00","D2"
"8157","BECv10","ESSFxvp","ESSFxvp/00","D1"
"8158","BECv10","ESSFxvp","ESSFxvp/00","D0"
"8159","BECv10","ESSFxvp","ESSFxvp/00","C7"
"8160","BECv10","ESSFxvp","ESSFxvp/00","C6"
"8161","BECv10","ESSFxvp","ESSFxvp/00","C5"
"8162","BECv10","ESSFxvp","ESSFxvp/00","C4"
"8163","BECv10","ESSFxvp","ESSFxvp/00","C3"
"8164","BECv10","ESSFxvp","ESSFxvp/00","C2"
"8165","BECv10","ESSFxvp","ESSFxvp/00","C1"
"8166","BECv10","ESSFxvp","ESSFxvp/00","C0"
"8167","BECv10","ESSFxvp","ESSFxvp/00","B7"
"8168","BECv10","ESSFxvp","ESSFxvp/00","B6"
"8169","BECv10","ESSFxvp","ESSFxvp/00","B5"
"8170","BECv10","ESSFxvp","ESSFxvp/00","B4"
"8171","BECv10","ESSFxvp","ESSFxvp/00","B3"
"8172","BECv10","ESSFxvp","ESSFxvp/00","B2"
"8173","BECv10","ESSFxvp","ESSFxvp/00","B1"
"8174","BECv10","ESSFxvp","ESSFxvp/00","B0"
"8175","BECv10","ESSFxvp","ESSFxvp/00","A7"
"8176","BECv10","ESSFxvp","ESSFxvp/00","A6"
"8177","BECv10","ESSFxvp","ESSFxvp/00","A5"
"8178","BECv10","ESSFxvp","ESSFxvp/00","A4"
"8179","BECv10","ESSFxvp","ESSFxvp/00","A3"
"8180","BECv10","ESSFxvp","ESSFxvp/00","A2"
"8181","BECv10","ESSFxvp","ESSFxvp/00","A1"
"8182","BECv10","ESSFxvp","ESSFxvp/00","A0"
"8183","BECv10","ESSFxvw","ESSFxvw/01","D4"
"8184","BECv10","ESSFxvw","ESSFxvw/01","D3"
"8185","BECv10","ESSFxvw","ESSFxvw/01","C4"
"8186","BECv10","ESSFxvw","ESSFxvw/01","C3"
"8187","BECv10","ESSFxvw","ESSFxvw/01","B4"
"8188","BECv10","ESSFxvw","ESSFxvw/02","D2"
"8189","BECv10","ESSFxvw","ESSFxvw/02","D1"
"8190","BECv10","ESSFxvw","ESSFxvw/02","D0"
"8191","BECv10","ESSFxvw","ESSFxvw/02","C2"
"8192","BECv10","ESSFxvw","ESSFxvw/02","C1"
"8193","BECv10","ESSFxvw","ESSFxvw/02","C0"
"8194","BECv10","ESSFxvw","ESSFxvw/02","B2"
"8195","BECv10","ESSFxvw","ESSFxvw/02","B1"
"8196","BECv10","ESSFxvw","ESSFxvw/02","B0"
"8197","BECv10","ESSFxvw","ESSFxvw/02","A1"
"8198","BECv10","ESSFxvw","ESSFxvw/02","A0"
"8199","BECv10","ESSFxvw","ESSFxvw/03","B2"
"8200","BECv10","ESSFxvw","ESSFxvw/03","B1"
"8201","BECv10","ESSFxvw","ESSFxvw/03","A2"
"8202","BECv10","ESSFxvw","ESSFxvw/03","A1"
"8203","BECv10","ESSFxvw","ESSFxvw/04","D3"
"8204","BECv10","ESSFxvw","ESSFxvw/04","D2"
"8205","BECv10","ESSFxvw","ESSFxvw/04","C3"
"8206","BECv10","ESSFxvw","ESSFxvw/04","C2"
"8207","BECv10","ESSFxvw","ESSFxvw/04","B3"
"8208","BECv10","ESSFxvw","ESSFxvw/04","B2"
"8209","BECv10","ESSFxvw","ESSFxvw/05","D3"
"8210","BECv10","ESSFxvw","ESSFxvw/05","D2"
"8211","BECv10","ESSFxvw","ESSFxvw/05","C3"
"8212","BECv10","ESSFxvw","ESSFxvw/05","C2"
"8213","BECv10","ESSFxvw","ESSFxvw/05","B3"
"8214","BECv10","ESSFxvw","ESSFxvw/05","B2"
"8215","BECv10","ESSFxvw","ESSFxvw/06","C4"
"8216","BECv10","ESSFxvw","ESSFxvw/06","C3"
"8217","BECv10","ESSFxvw","ESSFxvw/06","B4"
"8218","BECv10","ESSFxvw","ESSFxvw/06","B3"
"8219","BECv10","ESSFxvw","ESSFxvw/07","D5"
"8220","BECv10","ESSFxvw","ESSFxvw/07","D4"
"8221","BECv10","ESSFxvw","ESSFxvw/07","C6"
"8222","BECv10","ESSFxvw","ESSFxvw/07","C5"
"8223","BECv10","ESSFxvw","ESSFxvw/07","C4"
"8224","BECv10","ESSFxvw","ESSFxvw/07","B6"
"8225","BECv10","ESSFxvw","ESSFxvw/07","B5"
"8226","BECv10","ESSFxvw","ESSFxvw/07","B4"
"8227","BECv10","ESSFxvw","ESSFxvw/08","D7"
"8228","BECv10","ESSFxvw","ESSFxvw/08","D6"
"8229","BECv10","ESSFxvw","ESSFxvw/08","C7"
"8230","BECv10","ESSFxvw","ESSFxvw/08","C6"
"8231","BECv10","ESSFxvw","ESSFxvw/08","B7"
"8232","BECv10","ESSFxvw","ESSFxvw/08","B6"
"8233","BECv10","ESSFxvw","ESSFxvw/09","E7"
"8234","BECv10","ESSFxvw","ESSFxvw/09","E6"
"8235","BECv10","ESSFxvw","ESSFxvw/09","D7"
"8236","BECv10","ESSFxvw","ESSFxvw/09","D6"
"8237","BECv10","ESSFxvw","ESSFxvw/10","E7"
"8238","BECv10","ESSFxvw","ESSFxvw/10","E6"
"8239","BECv10","ESSFxvw","ESSFxvw/10","D7"
"8240","BECv10","ESSFxvw","ESSFxvw/10","D6"
"8241","BECv10","ESSFxvw","ESSFxvw/10","C7"
"8242","BECv10","ESSFxvw","ESSFxvw/10","C6"
"8243","USA_2019","ESSFxw_OR","ESSFxw_OR/101","D4"
"8244","USA_2019","ESSFxw_OR","ESSFxw_OR/101","D3"
"8245","USA_2019","ESSFxw_OR","ESSFxw_OR/101","C4"
"8246","USA_2019","ESSFxw_OR","ESSFxw_OR/101","C3"
"8247","USA_2019","ESSFxw_OR","ESSFxw_OR/101","B4"
"8248","USA_2019","ESSFxw_OR","ESSFxw_OR/101","B3"
"8249","USA_2019","ESSFxw_OR","ESSFxw_OR/102","D1"
"8250","USA_2019","ESSFxw_OR","ESSFxw_OR/102","C1"
"8251","USA_2019","ESSFxw_OR","ESSFxw_OR/102","B1"
"8252","USA_2019","ESSFxw_OR","ESSFxw_OR/102","A1"
"8253","USA_2019","ESSFxw_OR","ESSFxw_OR/103","D2"
"8254","USA_2019","ESSFxw_OR","ESSFxw_OR/103","C2"
"8255","USA_2019","ESSFxw_OR","ESSFxw_OR/103","B2"
"8256","USA_2019","ESSFxw_OR","ESSFxw_OR/103","A2"
"8257","USA_2019","ESSFxw_OR","ESSFxw_OR/110","E5"
"8258","USA_2019","ESSFxw_OR","ESSFxw_OR/110","D5"
"8259","USA_2019","ESSFxw_OR","ESSFxw_OR/110","C5"
"8260","USA_2019","ESSFxw_OR","ESSFxw_OR/110","B5"
"8261","USA_2019","ESSFxw_OR","ESSFxw_OR/111","E6"
"8262","USA_2019","ESSFxw_OR","ESSFxw_OR/111","D6"
"8263","USA_2019","ESSFxw_OR","ESSFxw_OR/111","C6"
"8264","USA_2019","ESSFxw_OR","ESSFxw_OR/111","B6"
"8265","Add_2021","ESSFxw_OR","ESSFxw_OR/Ro","A0"
"8266","Add_2021","ESSFxw_OR","ESSFxw_OR/Ro","B0"
"8267","USA_2019","ESSFxwp_OR","ESSFxwp_OR/00","E7"
"8268","USA_2019","ESSFxwp_OR","ESSFxwp_OR/00","E6"
"8269","USA_2019","ESSFxwp_OR","ESSFxwp_OR/00","E5"
"8270","USA_2019","ESSFxwp_OR","ESSFxwp_OR/00","E4"
"8271","USA_2019","ESSFxwp_OR","ESSFxwp_OR/00","E3"
"8272","USA_2019","ESSFxwp_OR","ESSFxwp_OR/00","E2"
"8273","USA_2019","ESSFxwp_OR","ESSFxwp_OR/00","E1"
"8274","USA_2019","ESSFxwp_OR","ESSFxwp_OR/00","E0"
"8275","USA_2019","ESSFxwp_OR","ESSFxwp_OR/00","D7"
"8276","USA_2019","ESSFxwp_OR","ESSFxwp_OR/00","D6"
"8277","USA_2019","ESSFxwp_OR","ESSFxwp_OR/00","D5"
"8278","USA_2019","ESSFxwp_OR","ESSFxwp_OR/00","D4"
"8279","USA_2019","ESSFxwp_OR","ESSFxwp_OR/00","D3"
"8280","USA_2019","ESSFxwp_OR","ESSFxwp_OR/00","D2"
"8281","USA_2019","ESSFxwp_OR","ESSFxwp_OR/00","D1"
"8282","USA_2019","ESSFxwp_OR","ESSFxwp_OR/00","D0"
"8283","USA_2019","ESSFxwp_OR","ESSFxwp_OR/00","C7"
"8284","USA_2019","ESSFxwp_OR","ESSFxwp_OR/00","C6"
"8285","USA_2019","ESSFxwp_OR","ESSFxwp_OR/00","C5"
"8286","USA_2019","ESSFxwp_OR","ESSFxwp_OR/00","C4"
"8287","USA_2019","ESSFxwp_OR","ESSFxwp_OR/00","C3"
"8288","USA_2019","ESSFxwp_OR","ESSFxwp_OR/00","C2"
"8289","USA_2019","ESSFxwp_OR","ESSFxwp_OR/00","C1"
"8290","USA_2019","ESSFxwp_OR","ESSFxwp_OR/00","C0"
"8291","USA_2019","ESSFxwp_OR","ESSFxwp_OR/00","B7"
"8292","USA_2019","ESSFxwp_OR","ESSFxwp_OR/00","B6"
"8293","USA_2019","ESSFxwp_OR","ESSFxwp_OR/00","B5"
"8294","USA_2019","ESSFxwp_OR","ESSFxwp_OR/00","B4"
"8295","USA_2019","ESSFxwp_OR","ESSFxwp_OR/00","B3"
"8296","USA_2019","ESSFxwp_OR","ESSFxwp_OR/00","B2"
"8297","USA_2019","ESSFxwp_OR","ESSFxwp_OR/00","B1"
"8298","USA_2019","ESSFxwp_OR","ESSFxwp_OR/00","B0"
"8299","USA_2019","ESSFxwp_OR","ESSFxwp_OR/00","A7"
"8300","USA_2019","ESSFxwp_OR","ESSFxwp_OR/00","A6"
"8301","USA_2019","ESSFxwp_OR","ESSFxwp_OR/00","A5"
"8302","USA_2019","ESSFxwp_OR","ESSFxwp_OR/00","A4"
"8303","USA_2019","ESSFxwp_OR","ESSFxwp_OR/00","A3"
"8304","USA_2019","ESSFxwp_OR","ESSFxwp_OR/00","A2"
"8305","USA_2019","ESSFxwp_OR","ESSFxwp_OR/00","A1"
"8306","USA_2019","ESSFxwp_OR","ESSFxwp_OR/00","A0"
"8307","USA_2020","ESSFxx_WY","ESSFxx_WY/101","D4"
"8308","USA_2020","ESSFxx_WY","ESSFxx_WY/101","D3"
"8309","USA_2020","ESSFxx_WY","ESSFxx_WY/101","C4"
"8310","USA_2020","ESSFxx_WY","ESSFxx_WY/101","C3"
"8311","USA_2020","ESSFxx_WY","ESSFxx_WY/101","B4"
"8312","USA_2020","ESSFxx_WY","ESSFxx_WY/101","B3"
"8313","USA_2020","ESSFxx_WY","ESSFxx_WY/102","D1"
"8314","USA_2020","ESSFxx_WY","ESSFxx_WY/102","C1"
"8315","USA_2020","ESSFxx_WY","ESSFxx_WY/102","B1"
"8316","USA_2020","ESSFxx_WY","ESSFxx_WY/102","A1"
"8317","USA_2020","ESSFxx_WY","ESSFxx_WY/103","D2"
"8318","USA_2020","ESSFxx_WY","ESSFxx_WY/103","C2"
"8319","USA_2020","ESSFxx_WY","ESSFxx_WY/103","B2"
"8320","USA_2020","ESSFxx_WY","ESSFxx_WY/103","A2"
"8321","USA_2020","ESSFxx_WY","ESSFxx_WY/110","E5"
"8322","USA_2020","ESSFxx_WY","ESSFxx_WY/110","D5"
"8323","USA_2020","ESSFxx_WY","ESSFxx_WY/110","C5"
"8324","USA_2020","ESSFxx_WY","ESSFxx_WY/110","B5"
"8325","USA_2020","ESSFxx_WY","ESSFxx_WY/111","E6"
"8326","USA_2020","ESSFxx_WY","ESSFxx_WY/111","D6"
"8327","USA_2020","ESSFxx_WY","ESSFxx_WY/111","C6"
"8328","USA_2020","ESSFxx_WY","ESSFxx_WY/111","B6"
"8329","Add_2021","ESSFxx_WY","ESSFxx_WY/Ro","A0"
"8330","Add_2021","ESSFxx_WY","ESSFxx_WY/Ro","B0"
"8331","USA_2020","ESSFxxp_WY","ESSFxxp_WY/00","E6"
"8332","USA_2020","ESSFxxp_WY","ESSFxxp_WY/00","E5"
"8333","USA_2020","ESSFxxp_WY","ESSFxxp_WY/00","D6"
"8334","USA_2020","ESSFxxp_WY","ESSFxxp_WY/00","D5"
"8335","USA_2020","ESSFxxp_WY","ESSFxxp_WY/00","D4"
"8336","USA_2020","ESSFxxp_WY","ESSFxxp_WY/00","D3"
"8337","USA_2020","ESSFxxp_WY","ESSFxxp_WY/00","D2"
"8338","USA_2020","ESSFxxp_WY","ESSFxxp_WY/00","D1"
"8339","USA_2020","ESSFxxp_WY","ESSFxxp_WY/00","C6"
"8340","USA_2020","ESSFxxp_WY","ESSFxxp_WY/00","C5"
"8341","USA_2020","ESSFxxp_WY","ESSFxxp_WY/00","C4"
"8342","USA_2020","ESSFxxp_WY","ESSFxxp_WY/00","C3"
"8343","USA_2020","ESSFxxp_WY","ESSFxxp_WY/00","C2"
"8344","USA_2020","ESSFxxp_WY","ESSFxxp_WY/00","C1"
"8345","USA_2020","ESSFxxp_WY","ESSFxxp_WY/00","B6"
"8346","USA_2020","ESSFxxp_WY","ESSFxxp_WY/00","B5"
"8347","USA_2020","ESSFxxp_WY","ESSFxxp_WY/00","B4"
"8348","USA_2020","ESSFxxp_WY","ESSFxxp_WY/00","B3"
"8349","USA_2020","ESSFxxp_WY","ESSFxxp_WY/00","B2"
"8350","USA_2020","ESSFxxp_WY","ESSFxxp_WY/00","B1"
"8351","USA_2020","ESSFxxp_WY","ESSFxxp_WY/00","A2"
"8352","USA_2020","ESSFxxp_WY","ESSFxxp_WY/00","A1"
"8353","Add_2021","ESSFxxp_WY","ESSFxxp_WY/Ro","A0"
"8354","Add_2021","ESSFxxp_WY","ESSFxxp_WY/Ro","B0"
"8355","AB_2018","FGff","FGff/00","E7"
"8356","AB_2018","FGff","FGff/00","E6"
"8357","AB_2018","FGff","FGff/00","E5"
"8358","AB_2018","FGff","FGff/00","E4"
"8359","AB_2018","FGff","FGff/00","E3"
"8360","AB_2018","FGff","FGff/00","E2"
"8361","AB_2018","FGff","FGff/00","E1"
"8362","AB_2018","FGff","FGff/00","E0"
"8363","AB_2018","FGff","FGff/00","D7"
"8364","AB_2018","FGff","FGff/00","D6"
"8365","AB_2018","FGff","FGff/00","D5"
"8366","AB_2018","FGff","FGff/00","D4"
"8367","AB_2018","FGff","FGff/00","D3"
"8368","AB_2018","FGff","FGff/00","D2"
"8369","AB_2018","FGff","FGff/00","D1"
"8370","AB_2018","FGff","FGff/00","D0"
"8371","AB_2018","FGff","FGff/00","C7"
"8372","AB_2018","FGff","FGff/00","C6"
"8373","AB_2018","FGff","FGff/00","C5"
"8374","AB_2018","FGff","FGff/00","C4"
"8375","AB_2018","FGff","FGff/00","C3"
"8376","AB_2018","FGff","FGff/00","C2"
"8377","AB_2018","FGff","FGff/00","C1"
"8378","AB_2018","FGff","FGff/00","C0"
"8379","AB_2018","FGff","FGff/00","B7"
"8380","AB_2018","FGff","FGff/00","B6"
"8381","AB_2018","FGff","FGff/00","B5"
"8382","AB_2018","FGff","FGff/00","B4"
"8383","AB_2018","FGff","FGff/00","B3"
"8384","AB_2018","FGff","FGff/00","B2"
"8385","AB_2018","FGff","FGff/00","B1"
"8386","AB_2018","FGff","FGff/00","B0"
"8387","AB_2018","FGff","FGff/00","A7"
"8388","AB_2018","FGff","FGff/00","A6"
"8389","AB_2018","FGff","FGff/00","A5"
"8390","AB_2018","FGff","FGff/00","A4"
"8391","AB_2018","FGff","FGff/00","A3"
"8392","AB_2018","FGff","FGff/00","A2"
"8393","AB_2018","FGff","FGff/00","A1"
"8394","AB_2018","FGff","FGff/00","A0"
"8395","AB_2018","FGnf","FGnf/00","E7"
"8396","AB_2018","FGnf","FGnf/00","E6"
"8397","AB_2018","FGnf","FGnf/00","E5"
"8398","AB_2018","FGnf","FGnf/00","E4"
"8399","AB_2018","FGnf","FGnf/00","E3"
"8400","AB_2018","FGnf","FGnf/00","E2"
"8401","AB_2018","FGnf","FGnf/00","E1"
"8402","AB_2018","FGnf","FGnf/00","E0"
"8403","AB_2018","FGnf","FGnf/00","D7"
"8404","AB_2018","FGnf","FGnf/00","D6"
"8405","AB_2018","FGnf","FGnf/00","D5"
"8406","AB_2018","FGnf","FGnf/00","D4"
"8407","AB_2018","FGnf","FGnf/00","D3"
"8408","AB_2018","FGnf","FGnf/00","D2"
"8409","AB_2018","FGnf","FGnf/00","D1"
"8410","AB_2018","FGnf","FGnf/00","D0"
"8411","AB_2018","FGnf","FGnf/00","C7"
"8412","AB_2018","FGnf","FGnf/00","C6"
"8413","AB_2018","FGnf","FGnf/00","C5"
"8414","AB_2018","FGnf","FGnf/00","C4"
"8415","AB_2018","FGnf","FGnf/00","C3"
"8416","AB_2018","FGnf","FGnf/00","C2"
"8417","AB_2018","FGnf","FGnf/00","C1"
"8418","AB_2018","FGnf","FGnf/00","C0"
"8419","AB_2018","FGnf","FGnf/00","B7"
"8420","AB_2018","FGnf","FGnf/00","B6"
"8421","AB_2018","FGnf","FGnf/00","B5"
"8422","AB_2018","FGnf","FGnf/00","B4"
"8423","AB_2018","FGnf","FGnf/00","B3"
"8424","AB_2018","FGnf","FGnf/00","B2"
"8425","AB_2018","FGnf","FGnf/00","B1"
"8426","AB_2018","FGnf","FGnf/00","B0"
"8427","AB_2018","FGnf","FGnf/00","A7"
"8428","AB_2018","FGnf","FGnf/00","A6"
"8429","AB_2018","FGnf","FGnf/00","A5"
"8430","AB_2018","FGnf","FGnf/00","A4"
"8431","AB_2018","FGnf","FGnf/00","A3"
"8432","AB_2018","FGnf","FGnf/00","A2"
"8433","AB_2018","FGnf","FGnf/00","A1"
"8434","AB_2018","FGnf","FGnf/00","A0"
"8435","USA_2019","GBDdw_UT","GBDdw_UT/110","E5"
"8436","USA_2019","GBDdw_UT","GBDdw_UT/110","D5"
"8437","USA_2019","GBDdw_UT","GBDdw_UT/110","C5"
"8438","USA_2019","GBDdw_UT","GBDdw_UT/110","B5"
"8439","USA_2019","GBDdw_UT","GBDdw_UT/111","E6"
"8440","USA_2019","GBDdw_UT","GBDdw_UT/111","D6"
"8441","USA_2019","GBDdw_UT","GBDdw_UT/111","C6"
"8442","USA_2019","GBDdw_UT","GBDdw_UT/111","B6"
"8443","USA_2019","GBDdw_UT","GBDdw_UT/Gg","D4"
"8444","USA_2019","GBDdw_UT","GBDdw_UT/Gg","D3"
"8445","USA_2019","GBDdw_UT","GBDdw_UT/Gg","D2"
"8446","USA_2019","GBDdw_UT","GBDdw_UT/Gg","D1"
"8447","USA_2019","GBDdw_UT","GBDdw_UT/Gg","C4"
"8448","USA_2019","GBDdw_UT","GBDdw_UT/Gg","C3"
"8449","USA_2019","GBDdw_UT","GBDdw_UT/Gg","C2"
"8450","USA_2019","GBDdw_UT","GBDdw_UT/Gg","C1"
"8451","USA_2019","GBDdw_UT","GBDdw_UT/Gg","B4"
"8452","USA_2019","GBDdw_UT","GBDdw_UT/Gg","B3"
"8453","USA_2019","GBDdw_UT","GBDdw_UT/Gg","B2"
"8454","USA_2019","GBDdw_UT","GBDdw_UT/Gg","B1"
"8455","USA_2019","GBDdw_UT","GBDdw_UT/Gg","A2"
"8456","USA_2019","GBDdw_UT","GBDdw_UT/Gg","A1"
"8457","Add_2021","GBDdw_UT","GBDdw_UT/Ro","A0"
"8458","Add_2021","GBDdw_UT","GBDdw_UT/Ro","B0"
"8459","USA_2019","GBDxh_NV","GBDxh_NV/110","E5"
"8460","USA_2019","GBDxh_NV","GBDxh_NV/110","D5"
"8461","USA_2019","GBDxh_NV","GBDxh_NV/110","C5"
"8462","USA_2019","GBDxh_NV","GBDxh_NV/110","B5"
"8463","USA_2019","GBDxh_NV","GBDxh_NV/111","E6"
"8464","USA_2019","GBDxh_NV","GBDxh_NV/111","D6"
"8465","USA_2019","GBDxh_NV","GBDxh_NV/111","C6"
"8466","USA_2019","GBDxh_NV","GBDxh_NV/111","B6"
"8467","USA_2019","GBDxh_NV","GBDxh_NV/Gg","D2"
"8468","USA_2019","GBDxh_NV","GBDxh_NV/Gg","D1"
"8469","USA_2019","GBDxh_NV","GBDxh_NV/Gg","C2"
"8470","USA_2019","GBDxh_NV","GBDxh_NV/Gg","C1"
"8471","USA_2019","GBDxh_NV","GBDxh_NV/Gg","B2"
"8472","USA_2019","GBDxh_NV","GBDxh_NV/Gg","B1"
"8473","USA_2019","GBDxh_NV","GBDxh_NV/Gg","A2"
"8474","USA_2019","GBDxh_NV","GBDxh_NV/Gg","A1"
"8475","USA_2019","GBDxh_NV","GBDxh_NV/Gs","D4"
"8476","USA_2019","GBDxh_NV","GBDxh_NV/Gs","D3"
"8477","USA_2019","GBDxh_NV","GBDxh_NV/Gs","C4"
"8478","USA_2019","GBDxh_NV","GBDxh_NV/Gs","C3"
"8479","USA_2019","GBDxh_NV","GBDxh_NV/Gs","B4"
"8480","USA_2019","GBDxh_NV","GBDxh_NV/Gs","B3"
"8481","Add_2021","GBDxh_NV","GBDxh_NV/Ro","A0"
"8482","Add_2021","GBDxh_NV","GBDxh_NV/Ro","B0"
"8483","USA_2019","GBDxx_UT","GBDxx_UT/110","E5"
"8484","USA_2019","GBDxx_UT","GBDxx_UT/110","D5"
"8485","USA_2019","GBDxx_UT","GBDxx_UT/110","C5"
"8486","USA_2019","GBDxx_UT","GBDxx_UT/110","B5"
"8487","USA_2019","GBDxx_UT","GBDxx_UT/111","E6"
"8488","USA_2019","GBDxx_UT","GBDxx_UT/111","D6"
"8489","USA_2019","GBDxx_UT","GBDxx_UT/111","C6"
"8490","USA_2019","GBDxx_UT","GBDxx_UT/111","B6"
"8491","USA_2019","GBDxx_UT","GBDxx_UT/Gg","D2"
"8492","USA_2019","GBDxx_UT","GBDxx_UT/Gg","D1"
"8493","USA_2019","GBDxx_UT","GBDxx_UT/Gg","C2"
"8494","USA_2019","GBDxx_UT","GBDxx_UT/Gg","C1"
"8495","USA_2019","GBDxx_UT","GBDxx_UT/Gg","B2"
"8496","USA_2019","GBDxx_UT","GBDxx_UT/Gg","B1"
"8497","USA_2019","GBDxx_UT","GBDxx_UT/Gg","A2"
"8498","USA_2019","GBDxx_UT","GBDxx_UT/Gg","A1"
"8499","USA_2019","GBDxx_UT","GBDxx_UT/Gs","D4"
"8500","USA_2019","GBDxx_UT","GBDxx_UT/Gs","D3"
"8501","USA_2019","GBDxx_UT","GBDxx_UT/Gs","C4"
"8502","USA_2019","GBDxx_UT","GBDxx_UT/Gs","C3"
"8503","USA_2019","GBDxx_UT","GBDxx_UT/Gs","B4"
"8504","USA_2019","GBDxx_UT","GBDxx_UT/Gs","B3"
"8505","Add_2021","GBDxx_UT","GBDxx_UT/Ro","A0"
"8506","Add_2021","GBDxx_UT","GBDxx_UT/Ro","B0"
"8507","USA_2019","ICHdh_ID","ICHdh_ID/101","D4"
"8508","USA_2019","ICHdh_ID","ICHdh_ID/101","D3"
"8509","USA_2019","ICHdh_ID","ICHdh_ID/101","C4"
"8510","USA_2019","ICHdh_ID","ICHdh_ID/101","C3"
"8511","USA_2019","ICHdh_ID","ICHdh_ID/101","B4"
"8512","USA_2019","ICHdh_ID","ICHdh_ID/101","B3"
"8513","USA_2019","ICHdh_ID","ICHdh_ID/102","D1"
"8514","USA_2019","ICHdh_ID","ICHdh_ID/102","C1"
"8515","USA_2019","ICHdh_ID","ICHdh_ID/102","B1"
"8516","USA_2019","ICHdh_ID","ICHdh_ID/102","A1"
"8517","USA_2019","ICHdh_ID","ICHdh_ID/103","D2"
"8518","USA_2019","ICHdh_ID","ICHdh_ID/103","C2"
"8519","USA_2019","ICHdh_ID","ICHdh_ID/103","B2"
"8520","USA_2019","ICHdh_ID","ICHdh_ID/103","A2"
"8521","USA_2019","ICHdh_ID","ICHdh_ID/110","C5"
"8522","USA_2019","ICHdh_ID","ICHdh_ID/110","B5"
"8523","USA_2019","ICHdh_ID","ICHdh_ID/111","C6"
"8524","USA_2019","ICHdh_ID","ICHdh_ID/111","B6"
"8525","USA_2019","ICHdh_ID","ICHdh_ID/112","E5"
"8526","USA_2019","ICHdh_ID","ICHdh_ID/112","D5"
"8527","USA_2019","ICHdh_ID","ICHdh_ID/113","E6"
"8528","USA_2019","ICHdh_ID","ICHdh_ID/113","D6"
"8529","Add_2021","ICHdh_ID","ICHdh_ID/Ro","A0"
"8530","Add_2021","ICHdh_ID","ICHdh_ID/Ro","B0"
"8531","BECv10","ICHdk","ICHdk/01","D4"
"8532","BECv10","ICHdk","ICHdk/01","D3"
"8533","BECv10","ICHdk","ICHdk/01","C4"
"8534","BECv10","ICHdk","ICHdk/01","C3"
"8535","BECv10","ICHdk","ICHdk/01","B4"
"8536","BECv10","ICHdk","ICHdk/01","B3"
"8537","BECv10","ICHdk","ICHdk/02","D2"
"8538","BECv10","ICHdk","ICHdk/02","D1"
"8539","BECv10","ICHdk","ICHdk/02","C2"
"8540","BECv10","ICHdk","ICHdk/02","C1"
"8541","BECv10","ICHdk","ICHdk/02","B2"
"8542","BECv10","ICHdk","ICHdk/02","B1"
"8543","BECv10","ICHdk","ICHdk/02","A2"
"8544","BECv10","ICHdk","ICHdk/02","A1"
"8545","BECv10","ICHdk","ICHdk/02a","D2"
"8546","BECv10","ICHdk","ICHdk/02a","D1"
"8547","BECv10","ICHdk","ICHdk/02a","C2"
"8548","BECv10","ICHdk","ICHdk/02a","B2"
"8549","BECv10","ICHdk","ICHdk/02a","A2"
"8550","BECv10","ICHdk","ICHdk/02b","D1"
"8551","BECv10","ICHdk","ICHdk/02b","C1"
"8552","BECv10","ICHdk","ICHdk/02b","B2"
"8553","BECv10","ICHdk","ICHdk/02b","B1"
"8554","BECv10","ICHdk","ICHdk/02b","A2"
"8555","BECv10","ICHdk","ICHdk/02b","A1"
"8556","BECv10","ICHdk","ICHdk/03","B3"
"8557","BECv10","ICHdk","ICHdk/03","B2"
"8558","BECv10","ICHdk","ICHdk/03","A3"
"8559","BECv10","ICHdk","ICHdk/03","A2"
"8560","BECv10","ICHdk","ICHdk/04","D3"
"8561","BECv10","ICHdk","ICHdk/04","C3"
"8562","BECv10","ICHdk","ICHdk/04","B3"
"8563","BECv10","ICHdk","ICHdk/05","E5"
"8564","BECv10","ICHdk","ICHdk/05","D5"
"8565","BECv10","ICHdk","ICHdk/05","C5"
"8566","BECv10","ICHdk","ICHdk/06","E5"
"8567","BECv10","ICHdk","ICHdk/06","D5"
"8568","BECv10","ICHdk","ICHdk/06","C5"
"8569","BECv10","ICHdk","ICHdk/07","C5"
"8570","BECv10","ICHdk","ICHdk/07","B5"
"8571","BECv10","ICHdk","ICHdk/08","E7"
"8572","BECv10","ICHdk","ICHdk/08","E6"
"8573","BECv10","ICHdk","ICHdk/08","E5"
"8574","BECv10","ICHdk","ICHdk/08","D6"
"8575","BECv10","ICHdk","ICHdk/08","D5"
"8576","BECv10","ICHdk","ICHdk/08","C6"
"8577","BECv10","ICHdk","ICHdk/08","C5"
"8578","BECv10","ICHdk","ICHdk/09","E7"
"8579","BECv10","ICHdk","ICHdk/09","D7"
"8580","BECv10","ICHdk","ICHdk/09","D6"
"8581","BECv10","ICHdk","ICHdk/09","C7"
"8582","BECv10","ICHdk","ICHdk/09","C6"
"8583","BECv10","ICHdk","ICHdk/09","B7"
"8584","BECv10","ICHdk","ICHdk/09","B6"
"8585","Add_2021","ICHdk","ICHdk/Ro","A0"
"8586","Add_2021","ICHdk","ICHdk/Ro","B0"
"8587","BECv10","ICHdm","ICHdm/101","D4"
"8588","BECv10","ICHdm","ICHdm/101","C4"
"8589","BECv10","ICHdm","ICHdm/101","C3"
"8590","BECv10","ICHdm","ICHdm/101","B4"
"8591","BECv10","ICHdm","ICHdm/102","B2"
"8592","BECv10","ICHdm","ICHdm/102","B1"
"8593","BECv10","ICHdm","ICHdm/102","A2"
"8594","BECv10","ICHdm","ICHdm/102","A1"
"8595","BECv10","ICHdm","ICHdm/102a","B1"
"8596","BECv10","ICHdm","ICHdm/102a","A1"
"8597","BECv10","ICHdm","ICHdm/102b","B2"
"8598","BECv10","ICHdm","ICHdm/102b","A2"
"8599","BECv10","ICHdm","ICHdm/103","C3"
"8600","BECv10","ICHdm","ICHdm/103","C2"
"8601","BECv10","ICHdm","ICHdm/103","B3"
"8602","BECv10","ICHdm","ICHdm/103","B2"
"8603","BECv10","ICHdm","ICHdm/110","D5"
"8604","BECv10","ICHdm","ICHdm/110","D4"
"8605","BECv10","ICHdm","ICHdm/110","C5"
"8606","BECv10","ICHdm","ICHdm/111","D6"
"8607","BECv10","ICHdm","ICHdm/111","D5"
"8608","BECv10","ICHdm","ICHdm/111","C6"
"8609","BECv10","ICHdm","ICHdm/111","C5"
"8610","BECv10","ICHdm","ICHdm/112","E7"
"8611","BECv10","ICHdm","ICHdm/112","E6"
"8612","BECv10","ICHdm","ICHdm/112","D7"
"8613","BECv10","ICHdm","ICHdm/112","D6"
"8614","BECv10","ICHdm","ICHdm/112","C7"
"8615","BECv10","ICHdm","ICHdm/112","C6"
"8616","BECv12","ICHdm","ICHdm/Fm01","E5"
"8617","BECv12","ICHdm","ICHdm/Fm01","E6"
"8618","BECv12","ICHdm","ICHdm/Fm02","E5"
"8619","BECv12","ICHdm","ICHdm/Fm02","E6"
"8620","BECv12","ICHdm","ICHdm/Fm04","E5"
"8621","BECv12","ICHdm","ICHdm/Fm04","E6"
"8622","Add_2021","ICHdm","ICHdm/Ro","A0"
"8623","Add_2021","ICHdm","ICHdm/Ro","B0"
"8624","USA_2019","ICHdw_ID","ICHdw_ID/101","D4"
"8625","USA_2019","ICHdw_ID","ICHdw_ID/101","D3"
"8626","USA_2019","ICHdw_ID","ICHdw_ID/101","C4"
"8627","USA_2019","ICHdw_ID","ICHdw_ID/101","C3"
"8628","USA_2019","ICHdw_ID","ICHdw_ID/101","B4"
"8629","USA_2019","ICHdw_ID","ICHdw_ID/101","B3"
"8630","USA_2019","ICHdw_ID","ICHdw_ID/102","D1"
"8631","USA_2019","ICHdw_ID","ICHdw_ID/102","C1"
"8632","USA_2019","ICHdw_ID","ICHdw_ID/102","B1"
"8633","USA_2019","ICHdw_ID","ICHdw_ID/102","A1"
"8634","USA_2019","ICHdw_ID","ICHdw_ID/103","D2"
"8635","USA_2019","ICHdw_ID","ICHdw_ID/103","C2"
"8636","USA_2019","ICHdw_ID","ICHdw_ID/103","B2"
"8637","USA_2019","ICHdw_ID","ICHdw_ID/103","A2"
"8638","USA_2019","ICHdw_ID","ICHdw_ID/110","C5"
"8639","USA_2019","ICHdw_ID","ICHdw_ID/110","B5"
"8640","USA_2019","ICHdw_ID","ICHdw_ID/111","C6"
"8641","USA_2019","ICHdw_ID","ICHdw_ID/111","B6"
"8642","USA_2019","ICHdw_ID","ICHdw_ID/112","E5"
"8643","USA_2019","ICHdw_ID","ICHdw_ID/112","D5"
"8644","USA_2019","ICHdw_ID","ICHdw_ID/113","E6"
"8645","USA_2019","ICHdw_ID","ICHdw_ID/113","D6"
"8646","Add_2021","ICHdw_ID","ICHdw_ID/Ro","A0"
"8647","Add_2021","ICHdw_ID","ICHdw_ID/Ro","B0"
"8648","BECv10","ICHdw1","ICHdw1/101","D4"
"8649","BECv10","ICHdw1","ICHdw1/101","D3"
"8650","BECv10","ICHdw1","ICHdw1/101","C4"
"8651","BECv10","ICHdw1","ICHdw1/101","C3"
"8652","BECv10","ICHdw1","ICHdw1/101","B4"
"8653","BECv10","ICHdw1","ICHdw1/102","B2"
"8654","BECv10","ICHdw1","ICHdw1/102","B1"
"8655","BECv10","ICHdw1","ICHdw1/102","A2"
"8656","BECv10","ICHdw1","ICHdw1/102","A1"
"8657","BECv10","ICHdw1","ICHdw1/103","D2"
"8658","BECv10","ICHdw1","ICHdw1/103","C2"
"8659","BECv10","ICHdw1","ICHdw1/103","B2"
"8660","BECv10","ICHdw1","ICHdw1/104","D3"
"8661","BECv10","ICHdw1","ICHdw1/104","D2"
"8662","BECv10","ICHdw1","ICHdw1/104","C3"
"8663","BECv10","ICHdw1","ICHdw1/104","C2"
"8664","BECv10","ICHdw1","ICHdw1/104","B3"
"8665","BECv10","ICHdw1","ICHdw1/110","D5"
"8666","BECv10","ICHdw1","ICHdw1/110","C5"
"8667","BECv10","ICHdw1","ICHdw1/111","D6"
"8668","BECv10","ICHdw1","ICHdw1/111","D5"
"8669","BECv10","ICHdw1","ICHdw1/111","C6"
"8670","BECv10","ICHdw1","ICHdw1/112","D7"
"8671","BECv10","ICHdw1","ICHdw1/112","D6"
"8672","BECv10","ICHdw1","ICHdw1/112","C7"
"8673","BECv10","ICHdw1","ICHdw1/112","C6"
"8674","BECv10","ICHdw1","ICHdw1/113","E7"
"8675","BECv10","ICHdw1","ICHdw1/113","E6"
"8676","BECv10","ICHdw1","ICHdw1/113","D7"
"8677","BECv10","ICHdw1","ICHdw1/113","D6"
"8678","BECv12","ICHdw1","ICHdw1/Fm01","E5"
"8679","BECv12","ICHdw1","ICHdw1/Fm01","E6"
"8680","BECv12","ICHdw1","ICHdw1/Fm02","E5"
"8681","BECv12","ICHdw1","ICHdw1/Fm02","E6"
"8682","BECv12","ICHdw1","ICHdw1/Fm04","E5"
"8683","BECv12","ICHdw1","ICHdw1/Fm04","E6"
"8684","Add_2021","ICHdw1","ICHdw1/Ro","A0"
"8685","Add_2021","ICHdw1","ICHdw1/Ro","B0"
"8686","BECv10","ICHdw3","ICHdw3/01","E4"
"8687","BECv10","ICHdw3","ICHdw3/01","D4"
"8688","BECv10","ICHdw3","ICHdw3/01","C4"
"8689","BECv10","ICHdw3","ICHdw3/01","B4"
"8690","BECv10","ICHdw3","ICHdw3/01","A4"
"8691","BECv10","ICHdw3","ICHdw3/02","C1"
"8692","BECv10","ICHdw3","ICHdw3/02","C0"
"8693","BECv10","ICHdw3","ICHdw3/02","B2"
"8694","BECv10","ICHdw3","ICHdw3/02","B1"
"8695","BECv10","ICHdw3","ICHdw3/02","B0"
"8696","BECv10","ICHdw3","ICHdw3/02","A2"
"8697","BECv10","ICHdw3","ICHdw3/02","A1"
"8698","BECv10","ICHdw3","ICHdw3/02","A0"
"8699","BECv10","ICHdw3","ICHdw3/03","E3"
"8700","BECv10","ICHdw3","ICHdw3/03","E2"
"8701","BECv10","ICHdw3","ICHdw3/03","E1"
"8702","BECv10","ICHdw3","ICHdw3/03","D3"
"8703","BECv10","ICHdw3","ICHdw3/03","D2"
"8704","BECv10","ICHdw3","ICHdw3/03","D1"
"8705","BECv10","ICHdw3","ICHdw3/03","C3"
"8706","BECv10","ICHdw3","ICHdw3/03","C2"
"8707","BECv10","ICHdw3","ICHdw3/03","C1"
"8708","BECv10","ICHdw3","ICHdw3/03","B3"
"8709","BECv10","ICHdw3","ICHdw3/03","B2"
"8710","BECv10","ICHdw3","ICHdw3/03","B1"
"8711","BECv10","ICHdw3","ICHdw3/04","C4"
"8712","BECv10","ICHdw3","ICHdw3/04","C3"
"8713","BECv10","ICHdw3","ICHdw3/04","C2"
"8714","BECv10","ICHdw3","ICHdw3/04","B4"
"8715","BECv10","ICHdw3","ICHdw3/04","B3"
"8716","BECv10","ICHdw3","ICHdw3/04","B2"
"8717","BECv10","ICHdw3","ICHdw3/04","A4"
"8718","BECv10","ICHdw3","ICHdw3/04","A3"
"8719","BECv10","ICHdw3","ICHdw3/04","A2"
"8720","BECv10","ICHdw3","ICHdw3/05","E4"
"8721","BECv10","ICHdw3","ICHdw3/05","E3"
"8722","BECv10","ICHdw3","ICHdw3/05","E2"
"8723","BECv10","ICHdw3","ICHdw3/05","D4"
"8724","BECv10","ICHdw3","ICHdw3/05","D3"
"8725","BECv10","ICHdw3","ICHdw3/05","D2"
"8726","BECv10","ICHdw3","ICHdw3/05","C4"
"8727","BECv10","ICHdw3","ICHdw3/05","C3"
"8728","BECv10","ICHdw3","ICHdw3/05","C2"
"8729","BECv10","ICHdw3","ICHdw3/05","B4"
"8730","BECv10","ICHdw3","ICHdw3/05","B3"
"8731","BECv10","ICHdw3","ICHdw3/05","B2"
"8732","BECv10","ICHdw3","ICHdw3/06","E5"
"8733","BECv10","ICHdw3","ICHdw3/06","E4"
"8734","BECv10","ICHdw3","ICHdw3/06","D5"
"8735","BECv10","ICHdw3","ICHdw3/06","D4"
"8736","BECv10","ICHdw3","ICHdw3/06","C5"
"8737","BECv10","ICHdw3","ICHdw3/06","C4"
"8738","BECv10","ICHdw3","ICHdw3/06","B5"
"8739","BECv10","ICHdw3","ICHdw3/06","B4"
"8740","BECv10","ICHdw3","ICHdw3/07","E6"
"8741","BECv10","ICHdw3","ICHdw3/07","E5"
"8742","BECv10","ICHdw3","ICHdw3/07","D6"
"8743","BECv10","ICHdw3","ICHdw3/07","D5"
"8744","BECv10","ICHdw3","ICHdw3/07","C6"
"8745","BECv10","ICHdw3","ICHdw3/07","C5"
"8746","BECv10","ICHdw3","ICHdw3/07","B5"
"8747","BECv10","ICHdw3","ICHdw3/08","E6"
"8748","BECv10","ICHdw3","ICHdw3/08","D6"
"8749","BECv10","ICHdw3","ICHdw3/08","C6"
"8750","BECv10","ICHdw3","ICHdw3/08","C5"
"8751","BECv10","ICHdw3","ICHdw3/08","B6"
"8752","BECv10","ICHdw3","ICHdw3/08","B5"
"8753","BECv10","ICHdw3","ICHdw3/09","D7"
"8754","BECv10","ICHdw3","ICHdw3/09","D6"
"8755","BECv10","ICHdw3","ICHdw3/09","C7"
"8756","BECv10","ICHdw3","ICHdw3/09","C6"
"8757","BECv10","ICHdw3","ICHdw3/09","B7"
"8758","BECv10","ICHdw3","ICHdw3/09","B6"
"8759","BECv10","ICHdw3","ICHdw3/09","A7"
"8760","BECv10","ICHdw3","ICHdw3/09","A6"
"8761","Add_2021","ICHdw3","ICHdw3/Ro","A0"
"8762","Add_2021","ICHdw3","ICHdw3/Ro","B0"
"8763","BECv10","ICHdw4","ICHdw4/101","D4"
"8764","BECv10","ICHdw4","ICHdw4/101","C4"
"8765","BECv10","ICHdw4","ICHdw4/101","B4"
"8766","BECv10","ICHdw4","ICHdw4/102","C1"
"8767","BECv10","ICHdw4","ICHdw4/102","B2"
"8768","BECv10","ICHdw4","ICHdw4/102","B1"
"8769","BECv10","ICHdw4","ICHdw4/102","A2"
"8770","BECv10","ICHdw4","ICHdw4/102","A1"
"8771","BECv10","ICHdw4","ICHdw4/103","D2"
"8772","BECv10","ICHdw4","ICHdw4/103","C2"
"8773","BECv10","ICHdw4","ICHdw4/103","C1"
"8774","BECv10","ICHdw4","ICHdw4/103","B2"
"8775","BECv10","ICHdw4","ICHdw4/104","D3"
"8776","BECv10","ICHdw4","ICHdw4/104","D2"
"8777","BECv10","ICHdw4","ICHdw4/104","C3"
"8778","BECv10","ICHdw4","ICHdw4/104","C2"
"8779","BECv10","ICHdw4","ICHdw4/104","B3"
"8780","BECv10","ICHdw4","ICHdw4/110","D6"
"8781","BECv10","ICHdw4","ICHdw4/110","D5"
"8782","BECv10","ICHdw4","ICHdw4/110","C6"
"8783","BECv10","ICHdw4","ICHdw4/110","C5"
"8784","BECv10","ICHdw4","ICHdw4/111","E6"
"8785","BECv10","ICHdw4","ICHdw4/111","D6"
"8786","BECv10","ICHdw4","ICHdw4/111","C6"
"8787","BECv10","ICHdw4","ICHdw4/112","E6"
"8788","BECv10","ICHdw4","ICHdw4/112","D6"
"8789","BECv10","ICHdw4","ICHdw4/112","C6"
"8790","BECv12","ICHdw4","ICHdw4/Fm01","E5"
"8791","BECv12","ICHdw4","ICHdw4/Fm01","E6"
"8792","BECv12","ICHdw4","ICHdw4/Fm02","E5"
"8793","BECv12","ICHdw4","ICHdw4/Fm02","E6"
"8794","BECv12","ICHdw4","ICHdw4/Fm04","E5"
"8795","BECv12","ICHdw4","ICHdw4/Fm04","E6"
"8796","Add_2021","ICHdw4","ICHdw4/Ro","A0"
"8797","Add_2021","ICHdw4","ICHdw4/Ro","B0"
"8798","BECv10","ICHmc1","ICHmc1/01","C4"
"8799","BECv10","ICHmc1","ICHmc1/01","C3"
"8800","BECv10","ICHmc1","ICHmc1/01","B5"
"8801","BECv10","ICHmc1","ICHmc1/01","B4"
"8802","BECv10","ICHmc1","ICHmc1/01","B3"
"8803","BECv10","ICHmc1","ICHmc1/01a","C4"
"8804","BECv10","ICHmc1","ICHmc1/01a","B5"
"8805","BECv10","ICHmc1","ICHmc1/01a","B4"
"8806","BECv10","ICHmc1","ICHmc1/01b","C3"
"8807","BECv10","ICHmc1","ICHmc1/01b","B3"
"8808","BECv10","ICHmc1","ICHmc1/02","C2"
"8809","BECv10","ICHmc1","ICHmc1/02","C1"
"8810","BECv10","ICHmc1","ICHmc1/02","B2"
"8811","BECv10","ICHmc1","ICHmc1/02","B1"
"8812","BECv10","ICHmc1","ICHmc1/02","A3"
"8813","BECv10","ICHmc1","ICHmc1/02","A2"
"8814","BECv10","ICHmc1","ICHmc1/02","A1"
"8815","BECv10","ICHmc1","ICHmc1/03","E4"
"8816","BECv10","ICHmc1","ICHmc1/03","D5"
"8817","BECv10","ICHmc1","ICHmc1/03","D4"
"8818","BECv10","ICHmc1","ICHmc1/03","C5"
"8819","BECv10","ICHmc1","ICHmc1/04","E6"
"8820","BECv10","ICHmc1","ICHmc1/04","E5"
"8821","BECv10","ICHmc1","ICHmc1/04","D6"
"8822","BECv10","ICHmc1","ICHmc1/04","D5"
"8823","BECv10","ICHmc1","ICHmc1/04","C6"
"8824","BECv10","ICHmc1","ICHmc1/05","E6"
"8825","BECv10","ICHmc1","ICHmc1/05","E5"
"8826","BECv10","ICHmc1","ICHmc1/05","E4"
"8827","BECv10","ICHmc1","ICHmc1/06","E7"
"8828","BECv10","ICHmc1","ICHmc1/06","E6"
"8829","BECv10","ICHmc1","ICHmc1/06","D7"
"8830","BECv10","ICHmc1","ICHmc1/06","D6"
"8831","BECv10","ICHmc1","ICHmc1/06","C7"
"8832","BECv10","ICHmc1","ICHmc1/06","C6"
"8833","Add_2021","ICHmc1","ICHmc1/Ro","A0"
"8834","Add_2021","ICHmc1","ICHmc1/Ro","B0"
"8835","BECv10","ICHmc1a","ICHmc1a/01","C4"
"8836","BECv10","ICHmc1a","ICHmc1a/01","C3"
"8837","BECv10","ICHmc1a","ICHmc1a/01","C2"
"8838","BECv10","ICHmc1a","ICHmc1a/01","B4"
"8839","BECv10","ICHmc1a","ICHmc1a/01","B3"
"8840","BECv10","ICHmc1a","ICHmc1a/01","B2"
"8841","BECv10","ICHmc1a","ICHmc1a/01a","C4"
"8842","BECv10","ICHmc1a","ICHmc1a/01a","B4"
"8843","BECv10","ICHmc1a","ICHmc1a/01b","C3"
"8844","BECv10","ICHmc1a","ICHmc1a/01b","C2"
"8845","BECv10","ICHmc1a","ICHmc1a/01b","B3"
"8846","BECv10","ICHmc1a","ICHmc1a/01b","B2"
"8847","BECv10","ICHmc1a","ICHmc1a/02","D5"
"8848","BECv10","ICHmc1a","ICHmc1a/02","D4"
"8849","BECv10","ICHmc1a","ICHmc1a/02","C5"
"8850","BECv10","ICHmc1a","ICHmc1a/03","E6"
"8851","BECv10","ICHmc1a","ICHmc1a/03","E5"
"8852","BECv10","ICHmc1a","ICHmc1a/03","D6"
"8853","Add_2021","ICHmc1a","ICHmc1a/Ro","A0"
"8854","Add_2021","ICHmc1a","ICHmc1a/Ro","B0"
"8855","BECv10","ICHmc2","ICHmc2/01","C4"
"8856","BECv10","ICHmc2","ICHmc2/01","C3"
"8857","BECv10","ICHmc2","ICHmc2/01","B5"
"8858","BECv10","ICHmc2","ICHmc2/01","B4"
"8859","BECv10","ICHmc2","ICHmc2/01","B3"
"8860","BECv10","ICHmc2","ICHmc2/01a.1","C4"
"8861","BECv10","ICHmc2","ICHmc2/01a.1","B5"
"8862","BECv10","ICHmc2","ICHmc2/01a.1","B4"
"8863","BECv10","ICHmc2","ICHmc2/01a.2","C4"
"8864","BECv10","ICHmc2","ICHmc2/01a.2","B5"
"8865","BECv10","ICHmc2","ICHmc2/01a.2","B4"
"8866","BECv10","ICHmc2","ICHmc2/01b.1","C3"
"8867","BECv10","ICHmc2","ICHmc2/01b.1","B3"
"8868","BECv10","ICHmc2","ICHmc2/01b.2","C3"
"8869","BECv10","ICHmc2","ICHmc2/01b.2","B3"
"8870","BECv10","ICHmc2","ICHmc2/02","C2"
"8871","BECv10","ICHmc2","ICHmc2/02","C1"
"8872","BECv10","ICHmc2","ICHmc2/02","B2"
"8873","BECv10","ICHmc2","ICHmc2/02","B1"
"8874","BECv10","ICHmc2","ICHmc2/02","A2"
"8875","BECv10","ICHmc2","ICHmc2/02","A1"
"8876","BECv10","ICHmc2","ICHmc2/03","E4"
"8877","BECv10","ICHmc2","ICHmc2/03","D5"
"8878","BECv10","ICHmc2","ICHmc2/03","D4"
"8879","BECv10","ICHmc2","ICHmc2/03","C5"
"8880","BECv10","ICHmc2","ICHmc2/04","D5"
"8881","BECv10","ICHmc2","ICHmc2/05","E6"
"8882","BECv10","ICHmc2","ICHmc2/05","D6"
"8883","BECv10","ICHmc2","ICHmc2/05","C6"
"8884","BECv10","ICHmc2","ICHmc2/06","E6"
"8885","BECv10","ICHmc2","ICHmc2/06","E5"
"8886","BECv10","ICHmc2","ICHmc2/06","E4"
"8887","BECv10","ICHmc2","ICHmc2/06a","E6"
"8888","BECv10","ICHmc2","ICHmc2/06a","E5"
"8889","BECv10","ICHmc2","ICHmc2/06a","E4"
"8890","BECv10","ICHmc2","ICHmc2/06b","E6"
"8891","BECv10","ICHmc2","ICHmc2/06b","E5"
"8892","BECv10","ICHmc2","ICHmc2/06b","E4"
"8893","BECv10","ICHmc2","ICHmc2/07","E7"
"8894","BECv10","ICHmc2","ICHmc2/07","E6"
"8895","BECv10","ICHmc2","ICHmc2/07","D7"
"8896","BECv10","ICHmc2","ICHmc2/07","D6"
"8897","BECv10","ICHmc2","ICHmc2/07","C7"
"8898","BECv10","ICHmc2","ICHmc2/07","C6"
"8899","BECv10","ICHmc2","ICHmc2/08","E7"
"8900","BECv10","ICHmc2","ICHmc2/08","D7"
"8901","BECv10","ICHmc2","ICHmc2/08","C7"
"8902","Add_2021","ICHmc2","ICHmc2/Ro","A0"
"8903","Add_2021","ICHmc2","ICHmc2/Ro","B0"
"8904","USA_2019","ICHmh_MT","ICHmh_MT/101","D4"
"8905","USA_2019","ICHmh_MT","ICHmh_MT/101","D3"
"8906","USA_2019","ICHmh_MT","ICHmh_MT/101","C4"
"8907","USA_2019","ICHmh_MT","ICHmh_MT/101","C3"
"8908","USA_2019","ICHmh_MT","ICHmh_MT/101","B4"
"8909","USA_2019","ICHmh_MT","ICHmh_MT/101","B3"
"8910","USA_2019","ICHmh_MT","ICHmh_MT/102","D1"
"8911","USA_2019","ICHmh_MT","ICHmh_MT/102","C1"
"8912","USA_2019","ICHmh_MT","ICHmh_MT/102","B1"
"8913","USA_2019","ICHmh_MT","ICHmh_MT/102","A1"
"8914","USA_2019","ICHmh_MT","ICHmh_MT/103","D2"
"8915","USA_2019","ICHmh_MT","ICHmh_MT/103","C2"
"8916","USA_2019","ICHmh_MT","ICHmh_MT/103","B2"
"8917","USA_2019","ICHmh_MT","ICHmh_MT/103","A2"
"8918","USA_2019","ICHmh_MT","ICHmh_MT/110","C5"
"8919","USA_2019","ICHmh_MT","ICHmh_MT/110","B5"
"8920","USA_2019","ICHmh_MT","ICHmh_MT/111","C6"
"8921","USA_2019","ICHmh_MT","ICHmh_MT/111","B6"
"8922","USA_2019","ICHmh_MT","ICHmh_MT/112","E5"
"8923","USA_2019","ICHmh_MT","ICHmh_MT/112","D5"
"8924","USA_2019","ICHmh_MT","ICHmh_MT/113","E6"
"8925","USA_2019","ICHmh_MT","ICHmh_MT/113","D6"
"8926","Add_2021","ICHmh_MT","ICHmh_MT/Ro","A0"
"8927","Add_2021","ICHmh_MT","ICHmh_MT/Ro","B0"
"8928","BECv12","ICHmk1","ICHmk1/101","D4"
"8929","BECv12","ICHmk1","ICHmk1/101","C4"
"8930","BECv12","ICHmk1","ICHmk1/101","B4"
"8931","BECv12","ICHmk1","ICHmk1/102","C1"
"8932","BECv12","ICHmk1","ICHmk1/102","B1"
"8933","BECv12","ICHmk1","ICHmk1/102","A2"
"8934","BECv12","ICHmk1","ICHmk1/102","A1"
"8935","BECv12","ICHmk1","ICHmk1/103","C2"
"8936","BECv12","ICHmk1","ICHmk1/103","B2"
"8937","BECv12","ICHmk1","ICHmk1/104","B3"
"8938","BECv12","ICHmk1","ICHmk1/104","A3"
"8939","BECv12","ICHmk1","ICHmk1/105","C3"
"8940","BECv12","ICHmk1","ICHmk1/105","B3"
"8941","BECv12","ICHmk1","ICHmk1/110","D5"
"8942","BECv12","ICHmk1","ICHmk1/110","C5"
"8943","BECv12","ICHmk1","ICHmk1/111","D6"
"8944","BECv12","ICHmk1","ICHmk1/111","D5"
"8945","BECv12","ICHmk1","ICHmk1/111","C6"
"8946","BECv12","ICHmk1","ICHmk1/111","C5"
"8947","BECv12","ICHmk1","ICHmk1/112","D7"
"8948","BECv12","ICHmk1","ICHmk1/112","D6"
"8949","BECv12","ICHmk1","ICHmk1/112","C7"
"8950","BECv12","ICHmk1","ICHmk1/112","C6"
"8951","Add_2021","ICHmk1","ICHmk1/Ro","A0"
"8952","Add_2021","ICHmk1","ICHmk1/Ro","B0"
"8953","BECv10","ICHmk2","ICHmk2/01","D5"
"8954","BECv10","ICHmk2","ICHmk2/01","D4"
"8955","BECv10","ICHmk2","ICHmk2/01","D3"
"8956","BECv10","ICHmk2","ICHmk2/01","D2"
"8957","BECv10","ICHmk2","ICHmk2/01","C5"
"8958","BECv10","ICHmk2","ICHmk2/01","C4"
"8959","BECv10","ICHmk2","ICHmk2/01","C3"
"8960","BECv10","ICHmk2","ICHmk2/01","C2"
"8961","BECv10","ICHmk2","ICHmk2/01","B5"
"8962","BECv10","ICHmk2","ICHmk2/01","B4"
"8963","BECv10","ICHmk2","ICHmk2/01","B3"
"8964","BECv10","ICHmk2","ICHmk2/01","B2"
"8965","BECv10","ICHmk2","ICHmk2/01","A5"
"8966","BECv10","ICHmk2","ICHmk2/01","A4"
"8967","BECv10","ICHmk2","ICHmk2/01","A3"
"8968","BECv10","ICHmk2","ICHmk2/02","C1"
"8969","BECv10","ICHmk2","ICHmk2/02","C0"
"8970","BECv10","ICHmk2","ICHmk2/02","B2"
"8971","BECv10","ICHmk2","ICHmk2/02","B1"
"8972","BECv10","ICHmk2","ICHmk2/02","B0"
"8973","BECv10","ICHmk2","ICHmk2/02","A2"
"8974","BECv10","ICHmk2","ICHmk2/02","A1"
"8975","BECv10","ICHmk2","ICHmk2/02","A0"
"8976","BECv10","ICHmk2","ICHmk2/03","C2"
"8977","BECv10","ICHmk2","ICHmk2/03","C1"
"8978","BECv10","ICHmk2","ICHmk2/03","B3"
"8979","BECv10","ICHmk2","ICHmk2/03","B2"
"8980","BECv10","ICHmk2","ICHmk2/03","B1"
"8981","BECv10","ICHmk2","ICHmk2/03","A3"
"8982","BECv10","ICHmk2","ICHmk2/03","A2"
"8983","BECv10","ICHmk2","ICHmk2/04","E4"
"8984","BECv10","ICHmk2","ICHmk2/04","E3"
"8985","BECv10","ICHmk2","ICHmk2/04","E2"
"8986","BECv10","ICHmk2","ICHmk2/04","D4"
"8987","BECv10","ICHmk2","ICHmk2/04","D3"
"8988","BECv10","ICHmk2","ICHmk2/04","D2"
"8989","BECv10","ICHmk2","ICHmk2/04","C4"
"8990","BECv10","ICHmk2","ICHmk2/04","C3"
"8991","BECv10","ICHmk2","ICHmk2/04","C2"
"8992","BECv10","ICHmk2","ICHmk2/05","E6"
"8993","BECv10","ICHmk2","ICHmk2/05","E5"
"8994","BECv10","ICHmk2","ICHmk2/05","E4"
"8995","BECv10","ICHmk2","ICHmk2/05","D6"
"8996","BECv10","ICHmk2","ICHmk2/05","D5"
"8997","BECv10","ICHmk2","ICHmk2/05","D4"
"8998","BECv10","ICHmk2","ICHmk2/05","C6"
"8999","BECv10","ICHmk2","ICHmk2/05","C5"
"9000","BECv10","ICHmk2","ICHmk2/05","C4"
"9001","BECv10","ICHmk2","ICHmk2/05","B6"
"9002","BECv10","ICHmk2","ICHmk2/05","B5"
"9003","BECv10","ICHmk2","ICHmk2/05","B4"
"9004","BECv10","ICHmk2","ICHmk2/06","E7"
"9005","BECv10","ICHmk2","ICHmk2/06","E6"
"9006","BECv10","ICHmk2","ICHmk2/06","D7"
"9007","BECv10","ICHmk2","ICHmk2/06","D6"
"9008","BECv10","ICHmk2","ICHmk2/06","C7"
"9009","BECv10","ICHmk2","ICHmk2/06","C6"
"9010","BECv10","ICHmk2","ICHmk2/06","B7"
"9011","BECv10","ICHmk2","ICHmk2/06","B6"
"9012","BECv10","ICHmk3","ICHmk3/01","D4"
"9013","BECv10","ICHmk3","ICHmk3/01","D3"
"9014","BECv10","ICHmk3","ICHmk3/01","C4"
"9015","BECv10","ICHmk3","ICHmk3/01","C3"
"9016","BECv10","ICHmk3","ICHmk3/01","B4"
"9017","BECv10","ICHmk3","ICHmk3/01","B3"
"9018","BECv10","ICHmk3","ICHmk3/02","D2"
"9019","BECv10","ICHmk3","ICHmk3/02","D1"
"9020","BECv10","ICHmk3","ICHmk3/02","C2"
"9021","BECv10","ICHmk3","ICHmk3/02","C1"
"9022","BECv10","ICHmk3","ICHmk3/02","B2"
"9023","BECv10","ICHmk3","ICHmk3/02","B1"
"9024","BECv10","ICHmk3","ICHmk3/03","D3"
"9025","BECv10","ICHmk3","ICHmk3/03","D2"
"9026","BECv10","ICHmk3","ICHmk3/03","C3"
"9027","BECv10","ICHmk3","ICHmk3/03","C2"
"9028","BECv10","ICHmk3","ICHmk3/03","B3"
"9029","BECv10","ICHmk3","ICHmk3/03","B2"
"9030","BECv10","ICHmk3","ICHmk3/04","D5"
"9031","BECv10","ICHmk3","ICHmk3/04","D4"
"9032","BECv10","ICHmk3","ICHmk3/04","C5"
"9033","BECv10","ICHmk3","ICHmk3/05","D5"
"9034","BECv10","ICHmk3","ICHmk3/05","C5"
"9035","BECv10","ICHmk3","ICHmk3/05","B5"
"9036","BECv10","ICHmk3","ICHmk3/06","E6"
"9037","BECv10","ICHmk3","ICHmk3/06","E5"
"9038","BECv10","ICHmk3","ICHmk3/06","D6"
"9039","BECv10","ICHmk3","ICHmk3/06","D5"
"9040","BECv10","ICHmk3","ICHmk3/07","D6"
"9041","BECv10","ICHmk3","ICHmk3/07","C6"
"9042","BECv10","ICHmk3","ICHmk3/07","B6"
"9043","Add_2021","ICHmk3","ICHmk3/Ro","A0"
"9044","Add_2021","ICHmk3","ICHmk3/Ro","B0"
"9045","BECv11","ICHmk4","ICHmk4/101","D4"
"9046","BECv11","ICHmk4","ICHmk4/101","C4"
"9047","BECv11","ICHmk4","ICHmk4/101","B4"
"9048","BECv11","ICHmk4","ICHmk4/102","D1"
"9049","BECv11","ICHmk4","ICHmk4/102","C2"
"9050","BECv11","ICHmk4","ICHmk4/102","C1"
"9051","BECv11","ICHmk4","ICHmk4/102","B2"
"9052","BECv11","ICHmk4","ICHmk4/102","B1"
"9053","BECv11","ICHmk4","ICHmk4/102a","D1"
"9054","BECv11","ICHmk4","ICHmk4/102a","C1"
"9055","BECv11","ICHmk4","ICHmk4/102a","B1"
"9056","BECv11","ICHmk4","ICHmk4/102b","C2"
"9057","BECv11","ICHmk4","ICHmk4/102b","B2"
"9058","BECv11","ICHmk4","ICHmk4/103","D3"
"9059","BECv11","ICHmk4","ICHmk4/103","D2"
"9060","BECv11","ICHmk4","ICHmk4/103","C3"
"9061","BECv11","ICHmk4","ICHmk4/103","B3"
"9062","BECv11","ICHmk4","ICHmk4/110","D5"
"9063","BECv11","ICHmk4","ICHmk4/110","C5"
"9064","BECv11","ICHmk4","ICHmk4/111","E6"
"9065","BECv11","ICHmk4","ICHmk4/111","E5"
"9066","BECv11","ICHmk4","ICHmk4/111","D6"
"9067","BECv11","ICHmk4","ICHmk4/111","D5"
"9068","BECv11","ICHmk4","ICHmk4/111","C6"
"9069","BECv11","ICHmk4","ICHmk4/111","C5"
"9070","BECv11","ICHmk4","ICHmk4/112","E7"
"9071","BECv11","ICHmk4","ICHmk4/112","E6"
"9072","BECv11","ICHmk4","ICHmk4/112","D7"
"9073","BECv11","ICHmk4","ICHmk4/112","D6"
"9074","BECv11","ICHmk4","ICHmk4/112","C7"
"9075","BECv11","ICHmk4","ICHmk4/112","C6"
"9076","BECv12","ICHmk4","ICHmk4/Fm01","E5"
"9077","BECv12","ICHmk4","ICHmk4/Fm01","E6"
"9078","BECv12","ICHmk4","ICHmk4/Fm02","E5"
"9079","BECv12","ICHmk4","ICHmk4/Fm02","E6"
"9080","BECv11","ICHmk4","ICHmk4/Ro","D0"
"9081","BECv11","ICHmk4","ICHmk4/Ro","C0"
"9082","BECv11","ICHmk4","ICHmk4/Ro","B0"
"9083","BECv11","ICHmk4","ICHmk4/Ro","A0"
"9084","BECv11","ICHmk5","ICHmk5/101","D4"
"9085","BECv11","ICHmk5","ICHmk5/101","C4"
"9086","BECv11","ICHmk5","ICHmk5/101","B4"
"9087","BECv11","ICHmk5","ICHmk5/102","D1"
"9088","BECv11","ICHmk5","ICHmk5/102","C1"
"9089","BECv11","ICHmk5","ICHmk5/102","B1"
"9090","BECv11","ICHmk5","ICHmk5/102","A1"
"9091","BECv11","ICHmk5","ICHmk5/103","D2"
"9092","BECv11","ICHmk5","ICHmk5/103","C2"
"9093","BECv11","ICHmk5","ICHmk5/103","B2"
"9094","BECv11","ICHmk5","ICHmk5/104","D3"
"9095","BECv11","ICHmk5","ICHmk5/104","C3"
"9096","BECv11","ICHmk5","ICHmk5/104","B3"
"9097","BECv11","ICHmk5","ICHmk5/110","D6"
"9098","BECv11","ICHmk5","ICHmk5/110","D5"
"9099","BECv11","ICHmk5","ICHmk5/110","C6"
"9100","BECv11","ICHmk5","ICHmk5/110","C5"
"9101","BECv11","ICHmk5","ICHmk5/111","D6"
"9102","BECv11","ICHmk5","ICHmk5/111","D5"
"9103","BECv11","ICHmk5","ICHmk5/111","C6"
"9104","BECv11","ICHmk5","ICHmk5/111","C5"
"9105","BECv11","ICHmk5","ICHmk5/112","E7"
"9106","BECv11","ICHmk5","ICHmk5/112","E6"
"9107","BECv11","ICHmk5","ICHmk5/112","D7"
"9108","BECv11","ICHmk5","ICHmk5/112","D6"
"9109","BECv11","ICHmk5","ICHmk5/112","C7"
"9110","BECv11","ICHmk5","ICHmk5/112","C6"
"9111","Add_2021","ICHmk5","ICHmk5/Ro","A0"
"9112","Add_2021","ICHmk5","ICHmk5/Ro","B0"
"9113","BECv10","ICHmm","ICHmm/01","C4"
"9114","BECv10","ICHmm","ICHmm/01","C3"
"9115","BECv10","ICHmm","ICHmm/01","B4"
"9116","BECv10","ICHmm","ICHmm/01","B3"
"9117","BECv10","ICHmm","ICHmm/02","B1"
"9118","BECv10","ICHmm","ICHmm/02","A1"
"9119","BECv10","ICHmm","ICHmm/03","B3"
"9120","BECv10","ICHmm","ICHmm/03","B2"
"9121","BECv10","ICHmm","ICHmm/04","D5"
"9122","BECv10","ICHmm","ICHmm/04","C5"
"9123","BECv10","ICHmm","ICHmm/04","B5"
"9124","BECv10","ICHmm","ICHmm/04","D4"
"9125","BECv10","ICHmm","ICHmm/05","D6"
"9126","BECv10","ICHmm","ICHmm/05","D5"
"9127","BECv10","ICHmm","ICHmm/05","C6"
"9128","BECv10","ICHmm","ICHmm/05","C5"
"9129","BECv10","ICHmm","ICHmm/05","B6"
"9130","BECv10","ICHmm","ICHmm/05","B5"
"9131","BECv10","ICHmm","ICHmm/06","E6"
"9132","BECv10","ICHmm","ICHmm/06","D6"
"9133","BECv10","ICHmm","ICHmm/07","B7"
"9134","BECv10","ICHmm","ICHmm/07","A7"
"9135","BECv10","ICHmm","ICHmm/08","C7"
"9136","BECv10","ICHmm","ICHmm/08","B7"
"9137","Add_2021","ICHmm","ICHmm/Ro","A0"
"9138","Add_2021","ICHmm","ICHmm/Ro","B0"
"9139","USA_2019","ICHmw_MT","ICHmw_MT/101","D4"
"9140","USA_2019","ICHmw_MT","ICHmw_MT/101","D3"
"9141","USA_2019","ICHmw_MT","ICHmw_MT/101","C4"
"9142","USA_2019","ICHmw_MT","ICHmw_MT/101","C3"
"9143","USA_2019","ICHmw_MT","ICHmw_MT/101","B4"
"9144","USA_2019","ICHmw_MT","ICHmw_MT/101","B3"
"9145","USA_2019","ICHmw_MT","ICHmw_MT/102","D1"
"9146","USA_2019","ICHmw_MT","ICHmw_MT/102","C1"
"9147","USA_2019","ICHmw_MT","ICHmw_MT/102","B1"
"9148","USA_2019","ICHmw_MT","ICHmw_MT/102","A1"
"9149","USA_2019","ICHmw_MT","ICHmw_MT/103","D2"
"9150","USA_2019","ICHmw_MT","ICHmw_MT/103","C2"
"9151","USA_2019","ICHmw_MT","ICHmw_MT/103","B2"
"9152","USA_2019","ICHmw_MT","ICHmw_MT/103","A2"
"9153","USA_2019","ICHmw_MT","ICHmw_MT/110","C5"
"9154","USA_2019","ICHmw_MT","ICHmw_MT/110","B5"
"9155","USA_2019","ICHmw_MT","ICHmw_MT/111","C6"
"9156","USA_2019","ICHmw_MT","ICHmw_MT/111","B6"
"9157","USA_2019","ICHmw_MT","ICHmw_MT/112","E5"
"9158","USA_2019","ICHmw_MT","ICHmw_MT/112","D5"
"9159","USA_2019","ICHmw_MT","ICHmw_MT/113","E6"
"9160","USA_2019","ICHmw_MT","ICHmw_MT/113","D6"
"9161","Add_2021","ICHmw_MT","ICHmw_MT/Ro","A0"
"9162","Add_2021","ICHmw_MT","ICHmw_MT/Ro","B0"
"9163","BECv10","ICHmw1","ICHmw1/01","E4"
"9164","BECv10","ICHmw1","ICHmw1/01","E3"
"9165","BECv10","ICHmw1","ICHmw1/01","D4"
"9166","BECv10","ICHmw1","ICHmw1/01","D3"
"9167","BECv10","ICHmw1","ICHmw1/01","C4"
"9168","BECv10","ICHmw1","ICHmw1/01","C3"
"9169","BECv10","ICHmw1","ICHmw1/01","B4"
"9170","BECv10","ICHmw1","ICHmw1/01","B3"
"9171","BECv10","ICHmw1","ICHmw1/02","E2"
"9172","BECv10","ICHmw1","ICHmw1/02","E1"
"9173","BECv10","ICHmw1","ICHmw1/02","D2"
"9174","BECv10","ICHmw1","ICHmw1/02","D1"
"9175","BECv10","ICHmw1","ICHmw1/02","C2"
"9176","BECv10","ICHmw1","ICHmw1/02","C1"
"9177","BECv10","ICHmw1","ICHmw1/03","C3"
"9178","BECv10","ICHmw1","ICHmw1/03","C2"
"9179","BECv10","ICHmw1","ICHmw1/03","B3"
"9180","BECv10","ICHmw1","ICHmw1/03","B2"
"9181","BECv10","ICHmw1","ICHmw1/04","E3"
"9182","BECv10","ICHmw1","ICHmw1/04","E2"
"9183","BECv10","ICHmw1","ICHmw1/04","D3"
"9184","BECv10","ICHmw1","ICHmw1/04","D2"
"9185","BECv10","ICHmw1","ICHmw1/04","C3"
"9186","BECv10","ICHmw1","ICHmw1/04","C2"
"9187","BECv10","ICHmw1","ICHmw1/05","D5"
"9188","BECv10","ICHmw1","ICHmw1/05","D4"
"9189","BECv10","ICHmw1","ICHmw1/05","C5"
"9190","BECv10","ICHmw1","ICHmw1/05","C4"
"9191","BECv10","ICHmw1","ICHmw1/05","B5"
"9192","BECv10","ICHmw1","ICHmw1/05","B4"
"9193","BECv10","ICHmw1","ICHmw1/06","E5"
"9194","BECv10","ICHmw1","ICHmw1/06","E4"
"9195","BECv10","ICHmw1","ICHmw1/06","D5"
"9196","BECv10","ICHmw1","ICHmw1/06","D4"
"9197","BECv10","ICHmw1","ICHmw1/07","E6"
"9198","BECv10","ICHmw1","ICHmw1/07","E5"
"9199","BECv10","ICHmw1","ICHmw1/07","D6"
"9200","BECv10","ICHmw1","ICHmw1/07","D5"
"9201","BECv10","ICHmw1","ICHmw1/07","C6"
"9202","Add_2021","ICHmw1","ICHmw1/Ro","A0"
"9203","Add_2021","ICHmw1","ICHmw1/Ro","B0"
"9204","BECv10","ICHmw2","ICHmw2/101","D4"
"9205","BECv10","ICHmw2","ICHmw2/101","C4"
"9206","BECv10","ICHmw2","ICHmw2/101","C3"
"9207","BECv10","ICHmw2","ICHmw2/101","B4"
"9208","BECv10","ICHmw2","ICHmw2/102","C1"
"9209","BECv10","ICHmw2","ICHmw2/102","B1"
"9210","BECv10","ICHmw2","ICHmw2/102","A2"
"9211","BECv10","ICHmw2","ICHmw2/102","A1"
"9212","BECv10","ICHmw2","ICHmw2/103","C2"
"9213","BECv10","ICHmw2","ICHmw2/103","C1"
"9214","BECv10","ICHmw2","ICHmw2/103","B2"
"9215","BECv10","ICHmw2","ICHmw2/104","C3"
"9216","BECv10","ICHmw2","ICHmw2/104","C2"
"9217","BECv10","ICHmw2","ICHmw2/104","B3"
"9218","BECv10","ICHmw2","ICHmw2/110","D5"
"9219","BECv10","ICHmw2","ICHmw2/110","D4"
"9220","BECv10","ICHmw2","ICHmw2/110","C5"
"9221","BECv10","ICHmw2","ICHmw2/111","E6"
"9222","BECv10","ICHmw2","ICHmw2/111","E5"
"9223","BECv10","ICHmw2","ICHmw2/111","D6"
"9224","BECv10","ICHmw2","ICHmw2/111","D5"
"9225","BECv10","ICHmw2","ICHmw2/111","C6"
"9226","BECv10","ICHmw2","ICHmw2/112","E6"
"9227","BECv10","ICHmw2","ICHmw2/112","E5"
"9228","BECv10","ICHmw2","ICHmw2/112","D6"
"9229","BECv10","ICHmw2","ICHmw2/112","D5"
"9230","BECv10","ICHmw2","ICHmw2/112","C6"
"9231","BECv10","ICHmw2","ICHmw2/113","D7"
"9232","BECv10","ICHmw2","ICHmw2/113","D6"
"9233","BECv10","ICHmw2","ICHmw2/113","C7"
"9234","BECv10","ICHmw2","ICHmw2/113","C6"
"9235","BECv10","ICHmw2","ICHmw2/114","E7"
"9236","BECv10","ICHmw2","ICHmw2/114","E6"
"9237","BECv10","ICHmw2","ICHmw2/114","D7"
"9238","BECv10","ICHmw2","ICHmw2/114","D6"
"9239","BECv12","ICHmw2","ICHmw2/Fm01","E5"
"9240","BECv12","ICHmw2","ICHmw2/Fm01","E6"
"9241","BECv12","ICHmw2","ICHmw2/Fm02","E5"
"9242","BECv12","ICHmw2","ICHmw2/Fm02","E6"
"9243","BECv12","ICHmw2","ICHmw2/Fm04","E5"
"9244","BECv12","ICHmw2","ICHmw2/Fm04","E6"
"9245","Add_2021","ICHmw2","ICHmw2/Ro","A0"
"9246","Add_2021","ICHmw2","ICHmw2/Ro","B0"
"9247","BECv10","ICHmw3","ICHmw3/01","E4"
"9248","BECv10","ICHmw3","ICHmw3/01","D4"
"9249","BECv10","ICHmw3","ICHmw3/01","C4"
"9250","BECv10","ICHmw3","ICHmw3/01","B4"
"9251","BECv10","ICHmw3","ICHmw3/01","A4"
"9252","BECv10","ICHmw3","ICHmw3/02","C1"
"9253","BECv10","ICHmw3","ICHmw3/02","C0"
"9254","BECv10","ICHmw3","ICHmw3/02","B2"
"9255","BECv10","ICHmw3","ICHmw3/02","B1"
"9256","BECv10","ICHmw3","ICHmw3/02","B0"
"9257","BECv10","ICHmw3","ICHmw3/02","A2"
"9258","BECv10","ICHmw3","ICHmw3/02","A1"
"9259","BECv10","ICHmw3","ICHmw3/02","A0"
"9260","BECv10","ICHmw3","ICHmw3/03","E3"
"9261","BECv10","ICHmw3","ICHmw3/03","E2"
"9262","BECv10","ICHmw3","ICHmw3/03","E1"
"9263","BECv10","ICHmw3","ICHmw3/03","D3"
"9264","BECv10","ICHmw3","ICHmw3/03","D2"
"9265","BECv10","ICHmw3","ICHmw3/03","D1"
"9266","BECv10","ICHmw3","ICHmw3/03","C3"
"9267","BECv10","ICHmw3","ICHmw3/03","C2"
"9268","BECv10","ICHmw3","ICHmw3/03","C1"
"9269","BECv10","ICHmw3","ICHmw3/03","B3"
"9270","BECv10","ICHmw3","ICHmw3/03","B2"
"9271","BECv10","ICHmw3","ICHmw3/03","B1"
"9272","BECv10","ICHmw3","ICHmw3/04","C4"
"9273","BECv10","ICHmw3","ICHmw3/04","C3"
"9274","BECv10","ICHmw3","ICHmw3/04","C2"
"9275","BECv10","ICHmw3","ICHmw3/04","B4"
"9276","BECv10","ICHmw3","ICHmw3/04","B3"
"9277","BECv10","ICHmw3","ICHmw3/04","B2"
"9278","BECv10","ICHmw3","ICHmw3/04","A4"
"9279","BECv10","ICHmw3","ICHmw3/04","A3"
"9280","BECv10","ICHmw3","ICHmw3/04","A2"
"9281","BECv10","ICHmw3","ICHmw3/05","E4"
"9282","BECv10","ICHmw3","ICHmw3/05","E3"
"9283","BECv10","ICHmw3","ICHmw3/05","E2"
"9284","BECv10","ICHmw3","ICHmw3/05","D4"
"9285","BECv10","ICHmw3","ICHmw3/05","D3"
"9286","BECv10","ICHmw3","ICHmw3/05","D2"
"9287","BECv10","ICHmw3","ICHmw3/05","C4"
"9288","BECv10","ICHmw3","ICHmw3/05","C3"
"9289","BECv10","ICHmw3","ICHmw3/05","C2"
"9290","BECv10","ICHmw3","ICHmw3/05","B4"
"9291","BECv10","ICHmw3","ICHmw3/05","B3"
"9292","BECv10","ICHmw3","ICHmw3/05","B2"
"9293","BECv10","ICHmw3","ICHmw3/06","E5"
"9294","BECv10","ICHmw3","ICHmw3/06","E4"
"9295","BECv10","ICHmw3","ICHmw3/06","D5"
"9296","BECv10","ICHmw3","ICHmw3/06","D4"
"9297","BECv10","ICHmw3","ICHmw3/06","C5"
"9298","BECv10","ICHmw3","ICHmw3/06","C4"
"9299","BECv10","ICHmw3","ICHmw3/06","B5"
"9300","BECv10","ICHmw3","ICHmw3/06","B4"
"9301","BECv10","ICHmw3","ICHmw3/07","E6"
"9302","BECv10","ICHmw3","ICHmw3/07","E5"
"9303","BECv10","ICHmw3","ICHmw3/07","D6"
"9304","BECv10","ICHmw3","ICHmw3/07","D5"
"9305","BECv10","ICHmw3","ICHmw3/07","C6"
"9306","BECv10","ICHmw3","ICHmw3/07","C5"
"9307","BECv10","ICHmw3","ICHmw3/07","B5"
"9308","BECv10","ICHmw3","ICHmw3/08","E6"
"9309","BECv10","ICHmw3","ICHmw3/08","D6"
"9310","BECv10","ICHmw3","ICHmw3/08","C6"
"9311","BECv10","ICHmw3","ICHmw3/08","C5"
"9312","BECv10","ICHmw3","ICHmw3/08","B6"
"9313","BECv10","ICHmw3","ICHmw3/08","B5"
"9314","BECv10","ICHmw3","ICHmw3/09","D7"
"9315","BECv10","ICHmw3","ICHmw3/09","D6"
"9316","BECv10","ICHmw3","ICHmw3/09","C7"
"9317","BECv10","ICHmw3","ICHmw3/09","C6"
"9318","BECv10","ICHmw3","ICHmw3/09","B7"
"9319","BECv10","ICHmw3","ICHmw3/09","B6"
"9320","BECv10","ICHmw3","ICHmw3/09","A7"
"9321","BECv10","ICHmw3","ICHmw3/09","A6"
"9322","BECv10","ICHmw4","ICHmw4/101","D4"
"9323","BECv10","ICHmw4","ICHmw4/101","D3"
"9324","BECv10","ICHmw4","ICHmw4/101","C4"
"9325","BECv10","ICHmw4","ICHmw4/101","C3"
"9326","BECv10","ICHmw4","ICHmw4/101","B4"
"9327","BECv10","ICHmw4","ICHmw4/102","B1"
"9328","BECv10","ICHmw4","ICHmw4/102","A2"
"9329","BECv10","ICHmw4","ICHmw4/102","A1"
"9330","BECv10","ICHmw4","ICHmw4/103","C2"
"9331","BECv10","ICHmw4","ICHmw4/103","B2"
"9332","BECv10","ICHmw4","ICHmw4/103","A2"
"9333","BECv10","ICHmw4","ICHmw4/104","D3"
"9334","BECv10","ICHmw4","ICHmw4/104","C3"
"9335","BECv10","ICHmw4","ICHmw4/104","C2"
"9336","BECv10","ICHmw4","ICHmw4/104","B3"
"9337","BECv10","ICHmw4","ICHmw4/110","D5"
"9338","BECv10","ICHmw4","ICHmw4/110","D4"
"9339","BECv10","ICHmw4","ICHmw4/110","C5"
"9340","BECv10","ICHmw4","ICHmw4/111","D5"
"9341","BECv10","ICHmw4","ICHmw4/111","D4"
"9342","BECv10","ICHmw4","ICHmw4/111","C5"
"9343","BECv10","ICHmw4","ICHmw4/112","D6"
"9344","BECv10","ICHmw4","ICHmw4/112","D5"
"9345","BECv10","ICHmw4","ICHmw4/112","C6"
"9346","BECv10","ICHmw4","ICHmw4/112","C5"
"9347","BECv10","ICHmw4","ICHmw4/113","D6"
"9348","BECv10","ICHmw4","ICHmw4/113","D5"
"9349","BECv10","ICHmw4","ICHmw4/113","C6"
"9350","BECv10","ICHmw4","ICHmw4/113","C5"
"9351","BECv10","ICHmw4","ICHmw4/114","E7"
"9352","BECv10","ICHmw4","ICHmw4/114","E6"
"9353","BECv10","ICHmw4","ICHmw4/114","D7"
"9354","BECv10","ICHmw4","ICHmw4/114","D6"
"9355","BECv10","ICHmw4","ICHmw4/114","C7"
"9356","BECv10","ICHmw4","ICHmw4/114","C6"
"9357","BECv12","ICHmw4","ICHmw4/Fm01","E5"
"9358","BECv12","ICHmw4","ICHmw4/Fm01","E6"
"9359","BECv12","ICHmw4","ICHmw4/Fm02","E5"
"9360","BECv12","ICHmw4","ICHmw4/Fm02","E6"
"9361","BECv12","ICHmw4","ICHmw4/Fm04","E5"
"9362","BECv12","ICHmw4","ICHmw4/Fm04","E6"
"9363","Add_2021","ICHmw4","ICHmw4/Ro","A0"
"9364","Add_2021","ICHmw4","ICHmw4/Ro","B0"
"9365","BECv12","ICHmw5","ICHmw5/101","D4"
"9366","BECv12","ICHmw5","ICHmw5/101","C4"
"9367","BECv12","ICHmw5","ICHmw5/101","B4"
"9368","BECv12","ICHmw5","ICHmw5/102","C1"
"9369","BECv12","ICHmw5","ICHmw5/102","B1"
"9370","BECv12","ICHmw5","ICHmw5/102","A2"
"9371","BECv12","ICHmw5","ICHmw5/102","A1"
"9372","BECv12","ICHmw5","ICHmw5/103","C2"
"9373","BECv12","ICHmw5","ICHmw5/103","B2"
"9374","BECv12","ICHmw5","ICHmw5/104","C3"
"9375","BECv12","ICHmw5","ICHmw5/104","C2"
"9376","BECv12","ICHmw5","ICHmw5/104","B3"
"9377","BECv12","ICHmw5","ICHmw5/110","D5"
"9378","BECv12","ICHmw5","ICHmw5/110","D4"
"9379","BECv12","ICHmw5","ICHmw5/110","C5"
"9380","BECv12","ICHmw5","ICHmw5/111","D6"
"9381","BECv12","ICHmw5","ICHmw5/111","D5"
"9382","BECv12","ICHmw5","ICHmw5/111","C6"
"9383","BECv12","ICHmw5","ICHmw5/112","D6"
"9384","BECv12","ICHmw5","ICHmw5/112","D5"
"9385","BECv12","ICHmw5","ICHmw5/112","C6"
"9386","BECv12","ICHmw5","ICHmw5/113","E6"
"9387","BECv12","ICHmw5","ICHmw5/113","D6"
"9388","BECv12","ICHmw5","ICHmw5/113","E7"
"9389","BECv12","ICHmw5","ICHmw5/113","D7"
"9390","BECv12","ICHmw5","ICHmw5/Fm01","E5"
"9391","BECv12","ICHmw5","ICHmw5/Fm01","E6"
"9392","BECv12","ICHmw5","ICHmw5/Fm02","E5"
"9393","BECv12","ICHmw5","ICHmw5/Fm02","E6"
"9394","Add_2021","ICHmw5","ICHmw5/Ro","A0"
"9395","Add_2021","ICHmw5","ICHmw5/Ro","B0"
"9396","Add_2021","ICHmw5","ICHmw5/Ro","C0"
"9397","BECv10","ICHvc","ICHvc/01","D4"
"9398","BECv10","ICHvc","ICHvc/01","C5"
"9399","BECv10","ICHvc","ICHvc/01","C4"
"9400","BECv10","ICHvc","ICHvc/01","B5"
"9401","BECv10","ICHvc","ICHvc/01","B4"
"9402","BECv10","ICHvc","ICHvc/01.1","D4"
"9403","BECv10","ICHvc","ICHvc/01.1","C5"
"9404","BECv10","ICHvc","ICHvc/01.1","C4"
"9405","BECv10","ICHvc","ICHvc/01.1","B5"
"9406","BECv10","ICHvc","ICHvc/01.1","B4"
"9407","BECv10","ICHvc","ICHvc/01.2","D4"
"9408","BECv10","ICHvc","ICHvc/01.2","C5"
"9409","BECv10","ICHvc","ICHvc/01.2","C4"
"9410","BECv10","ICHvc","ICHvc/01.2","B5"
"9411","BECv10","ICHvc","ICHvc/01.2","B4"
"9412","BECv10","ICHvc","ICHvc/02","C3"
"9413","BECv10","ICHvc","ICHvc/02","C2"
"9414","BECv10","ICHvc","ICHvc/02","C1"
"9415","BECv10","ICHvc","ICHvc/02","B3"
"9416","BECv10","ICHvc","ICHvc/02","B2"
"9417","BECv10","ICHvc","ICHvc/02","B1"
"9418","BECv10","ICHvc","ICHvc/02","A4"
"9419","BECv10","ICHvc","ICHvc/02","A3"
"9420","BECv10","ICHvc","ICHvc/02","A2"
"9421","BECv10","ICHvc","ICHvc/02","A1"
"9422","BECv10","ICHvc","ICHvc/02.1","C3"
"9423","BECv10","ICHvc","ICHvc/02.1","C2"
"9424","BECv10","ICHvc","ICHvc/02.1","C1"
"9425","BECv10","ICHvc","ICHvc/02.1","B3"
"9426","BECv10","ICHvc","ICHvc/02.1","B2"
"9427","BECv10","ICHvc","ICHvc/02.1","B1"
"9428","BECv10","ICHvc","ICHvc/02.1","A4"
"9429","BECv10","ICHvc","ICHvc/02.1","A3"
"9430","BECv10","ICHvc","ICHvc/02.1","A2"
"9431","BECv10","ICHvc","ICHvc/02.1","A1"
"9432","BECv10","ICHvc","ICHvc/02.2","C3"
"9433","BECv10","ICHvc","ICHvc/02.2","C2"
"9434","BECv10","ICHvc","ICHvc/02.2","C1"
"9435","BECv10","ICHvc","ICHvc/02.2","B3"
"9436","BECv10","ICHvc","ICHvc/02.2","B2"
"9437","BECv10","ICHvc","ICHvc/02.2","B1"
"9438","BECv10","ICHvc","ICHvc/02.2","A4"
"9439","BECv10","ICHvc","ICHvc/02.2","A3"
"9440","BECv10","ICHvc","ICHvc/02.2","A2"
"9441","BECv10","ICHvc","ICHvc/02.2","A1"
"9442","BECv10","ICHvc","ICHvc/03","E5"
"9443","BECv10","ICHvc","ICHvc/03","E4"
"9444","BECv10","ICHvc","ICHvc/03","D5"
"9445","BECv10","ICHvc","ICHvc/03","D4"
"9446","BECv10","ICHvc","ICHvc/03","C5"
"9447","BECv10","ICHvc","ICHvc/03a","E5"
"9448","BECv10","ICHvc","ICHvc/03a","E4"
"9449","BECv10","ICHvc","ICHvc/03a","D5"
"9450","BECv10","ICHvc","ICHvc/03a","D4"
"9451","BECv10","ICHvc","ICHvc/03b","D5"
"9452","BECv10","ICHvc","ICHvc/03b","D4"
"9453","BECv10","ICHvc","ICHvc/03b","C5"
"9454","BECv10","ICHvc","ICHvc/04","E6"
"9455","BECv10","ICHvc","ICHvc/04","E5"
"9456","BECv10","ICHvc","ICHvc/04","E4"
"9457","BECv10","ICHvc","ICHvc/04","D6"
"9458","BECv10","ICHvc","ICHvc/05","E6"
"9459","BECv10","ICHvc","ICHvc/05","E5"
"9460","BECv10","ICHvc","ICHvc/05","E4"
"9461","BECv10","ICHvc","ICHvc/05","D6"
"9462","BECv10","ICHvc","ICHvc/06","E7"
"9463","BECv10","ICHvc","ICHvc/06","E6"
"9464","BECv10","ICHvc","ICHvc/06","D7"
"9465","BECv10","ICHvc","ICHvc/06","D6"
"9466","BECv10","ICHvc","ICHvc/06","C7"
"9467","BECv10","ICHvc","ICHvc/06","C6"
"9468","Add_2021","ICHvc","ICHvc/Ro","A0"
"9469","Add_2021","ICHvc","ICHvc/Ro","B0"
"9470","BECv10","ICHvk1","ICHvk1/01","E5"
"9471","BECv10","ICHvk1","ICHvk1/01","E4"
"9472","BECv10","ICHvk1","ICHvk1/01","E3"
"9473","BECv10","ICHvk1","ICHvk1/01","D5"
"9474","BECv10","ICHvk1","ICHvk1/01","D4"
"9475","BECv10","ICHvk1","ICHvk1/01","D3"
"9476","BECv10","ICHvk1","ICHvk1/01","C5"
"9477","BECv10","ICHvk1","ICHvk1/01","C4"
"9478","BECv10","ICHvk1","ICHvk1/01","C3"
"9479","BECv10","ICHvk1","ICHvk1/01","B5"
"9480","BECv10","ICHvk1","ICHvk1/01","B4"
"9481","BECv10","ICHvk1","ICHvk1/01","B3"
"9482","BECv10","ICHvk1","ICHvk1/01","A5"
"9483","BECv10","ICHvk1","ICHvk1/01","A4"
"9484","BECv10","ICHvk1","ICHvk1/01","A3"
"9485","BECv10","ICHvk1","ICHvk1/02","D2"
"9486","BECv10","ICHvk1","ICHvk1/02","D1"
"9487","BECv10","ICHvk1","ICHvk1/02","D0"
"9488","BECv10","ICHvk1","ICHvk1/02","C2"
"9489","BECv10","ICHvk1","ICHvk1/02","C1"
"9490","BECv10","ICHvk1","ICHvk1/02","C0"
"9491","BECv10","ICHvk1","ICHvk1/02","B2"
"9492","BECv10","ICHvk1","ICHvk1/02","B1"
"9493","BECv10","ICHvk1","ICHvk1/02","B0"
"9494","BECv10","ICHvk1","ICHvk1/02","A2"
"9495","BECv10","ICHvk1","ICHvk1/02","A1"
"9496","BECv10","ICHvk1","ICHvk1/02","A0"
"9497","BECv10","ICHvk1","ICHvk1/03","D3"
"9498","BECv10","ICHvk1","ICHvk1/03","D2"
"9499","BECv10","ICHvk1","ICHvk1/03","C3"
"9500","BECv10","ICHvk1","ICHvk1/03","C2"
"9501","BECv10","ICHvk1","ICHvk1/03","B3"
"9502","BECv10","ICHvk1","ICHvk1/03","B2"
"9503","BECv10","ICHvk1","ICHvk1/03","A3"
"9504","BECv10","ICHvk1","ICHvk1/03","A2"
"9505","BECv10","ICHvk1","ICHvk1/04","D4"
"9506","BECv10","ICHvk1","ICHvk1/04","D3"
"9507","BECv10","ICHvk1","ICHvk1/04","C4"
"9508","BECv10","ICHvk1","ICHvk1/04","C3"
"9509","BECv10","ICHvk1","ICHvk1/04","B4"
"9510","BECv10","ICHvk1","ICHvk1/04","B3"
"9511","BECv10","ICHvk1","ICHvk1/04","A4"
"9512","BECv10","ICHvk1","ICHvk1/04","A3"
"9513","BECv10","ICHvk1","ICHvk1/05","E6"
"9514","BECv10","ICHvk1","ICHvk1/05","E5"
"9515","BECv10","ICHvk1","ICHvk1/05","D6"
"9516","BECv10","ICHvk1","ICHvk1/05","D5"
"9517","BECv10","ICHvk1","ICHvk1/05","C6"
"9518","BECv10","ICHvk1","ICHvk1/05","C5"
"9519","BECv10","ICHvk1","ICHvk1/05","B6"
"9520","BECv10","ICHvk1","ICHvk1/05","B5"
"9521","BECv10","ICHvk1","ICHvk1/05","A6"
"9522","BECv10","ICHvk1","ICHvk1/05","A5"
"9523","BECv10","ICHvk1","ICHvk1/06","E7"
"9524","BECv10","ICHvk1","ICHvk1/06","E6"
"9525","BECv10","ICHvk1","ICHvk1/06","D7"
"9526","BECv10","ICHvk1","ICHvk1/06","D6"
"9527","BECv10","ICHvk1","ICHvk1/06","C7"
"9528","BECv10","ICHvk1","ICHvk1/06","C6"
"9529","BECv10","ICHvk1","ICHvk1/06","B7"
"9530","BECv10","ICHvk1","ICHvk1/06","B6"
"9531","BECv10","ICHvk2","ICHvk2/01","D5"
"9532","BECv10","ICHvk2","ICHvk2/01","D4"
"9533","BECv10","ICHvk2","ICHvk2/01","C5"
"9534","BECv10","ICHvk2","ICHvk2/01","C4"
"9535","BECv10","ICHvk2","ICHvk2/01","B4"
"9536","BECv10","ICHvk2","ICHvk2/02","B1"
"9537","BECv10","ICHvk2","ICHvk2/02","A1"
"9538","BECv10","ICHvk2","ICHvk2/03","C2"
"9539","BECv10","ICHvk2","ICHvk2/03","C1"
"9540","BECv10","ICHvk2","ICHvk2/03","B2"
"9541","BECv10","ICHvk2","ICHvk2/03","B1"
"9542","BECv10","ICHvk2","ICHvk2/04","D3"
"9543","BECv10","ICHvk2","ICHvk2/04","C3"
"9544","BECv10","ICHvk2","ICHvk2/04","C2"
"9545","BECv10","ICHvk2","ICHvk2/04","B4"
"9546","BECv10","ICHvk2","ICHvk2/04","B3"
"9547","BECv10","ICHvk2","ICHvk2/05","D6"
"9548","BECv10","ICHvk2","ICHvk2/05","D5"
"9549","BECv10","ICHvk2","ICHvk2/05","C6"
"9550","BECv10","ICHvk2","ICHvk2/05","C5"
"9551","BECv10","ICHvk2","ICHvk2/06","D7"
"9552","BECv10","ICHvk2","ICHvk2/06","D6"
"9553","BECv10","ICHvk2","ICHvk2/07","C7"
"9554","BECv10","ICHvk2","ICHvk2/07","B7"
"9555","BECv10","ICHvk2","ICHvk2/07","A7"
"9556","Add_2021","ICHvk2","ICHvk2/Ro","A0"
"9557","Add_2021","ICHvk2","ICHvk2/Ro","B0"
"9558","BECv10","ICHwc","ICHwc/01","D4"
"9559","BECv10","ICHwc","ICHwc/01","C4"
"9560","BECv10","ICHwc","ICHwc/02","C1"
"9561","BECv10","ICHwc","ICHwc/02","B2"
"9562","BECv10","ICHwc","ICHwc/02","B1"
"9563","BECv10","ICHwc","ICHwc/02","A2"
"9564","BECv10","ICHwc","ICHwc/02","A1"
"9565","BECv10","ICHwc","ICHwc/03","C3"
"9566","BECv10","ICHwc","ICHwc/03","C2"
"9567","BECv10","ICHwc","ICHwc/03","B4"
"9568","BECv10","ICHwc","ICHwc/03","B3"
"9569","BECv10","ICHwc","ICHwc/04","E4"
"9570","BECv10","ICHwc","ICHwc/04","D5"
"9571","BECv10","ICHwc","ICHwc/04","D4"
"9572","BECv10","ICHwc","ICHwc/04","C5"
"9573","BECv10","ICHwc","ICHwc/05","E5"
"9574","BECv10","ICHwc","ICHwc/05","D5"
"9575","BECv10","ICHwc","ICHwc/05","C5"
"9576","BECv10","ICHwc","ICHwc/06","E6"
"9577","BECv10","ICHwc","ICHwc/06","E5"
"9578","BECv10","ICHwc","ICHwc/06","E4"
"9579","BECv10","ICHwc","ICHwc/07","B7"
"9580","BECv10","ICHwc","ICHwc/07","B6"
"9581","BECv10","ICHwc","ICHwc/07","B5"
"9582","BECv10","ICHwc","ICHwc/07","A6"
"9583","BECv10","ICHwc","ICHwc/07","A5"
"9584","BECv10","ICHwc","ICHwc/08","E7"
"9585","BECv10","ICHwc","ICHwc/08","E6"
"9586","BECv10","ICHwc","ICHwc/08","D7"
"9587","BECv10","ICHwc","ICHwc/08","D6"
"9588","BECv10","ICHwc","ICHwc/08","C7"
"9589","BECv10","ICHwc","ICHwc/08","C6"
"9590","Add_2021","ICHwc","ICHwc/Ro","A0"
"9591","Add_2021","ICHwc","ICHwc/Ro","B0"
"9592","BECv10","ICHwk1","ICHwk1/01","D4"
"9593","BECv10","ICHwk1","ICHwk1/01","D3"
"9594","BECv10","ICHwk1","ICHwk1/01","C4"
"9595","BECv10","ICHwk1","ICHwk1/01","C3"
"9596","BECv10","ICHwk1","ICHwk1/01","B4"
"9597","BECv10","ICHwk1","ICHwk1/01","B3"
"9598","BECv10","ICHwk1","ICHwk1/01","A4"
"9599","BECv10","ICHwk1","ICHwk1/01","A3"
"9600","BECv10","ICHwk1","ICHwk1/02","B2"
"9601","BECv10","ICHwk1","ICHwk1/02","B1"
"9602","BECv10","ICHwk1","ICHwk1/02","A2"
"9603","BECv10","ICHwk1","ICHwk1/02","A1"
"9604","BECv10","ICHwk1","ICHwk1/03","D2"
"9605","BECv10","ICHwk1","ICHwk1/03","D1"
"9606","BECv10","ICHwk1","ICHwk1/03","C2"
"9607","BECv10","ICHwk1","ICHwk1/03","C1"
"9608","BECv10","ICHwk1","ICHwk1/03","B2"
"9609","BECv10","ICHwk1","ICHwk1/03","B1"
"9610","BECv10","ICHwk1","ICHwk1/04","D3"
"9611","BECv10","ICHwk1","ICHwk1/04","D2"
"9612","BECv10","ICHwk1","ICHwk1/04","C3"
"9613","BECv10","ICHwk1","ICHwk1/04","C2"
"9614","BECv10","ICHwk1","ICHwk1/04","B3"
"9615","BECv10","ICHwk1","ICHwk1/04","B2"
"9616","BECv10","ICHwk1","ICHwk1/04","A3"
"9617","BECv10","ICHwk1","ICHwk1/04","A2"
"9618","BECv10","ICHwk1","ICHwk1/05","E6"
"9619","BECv10","ICHwk1","ICHwk1/05","E5"
"9620","BECv10","ICHwk1","ICHwk1/05","D6"
"9621","BECv10","ICHwk1","ICHwk1/05","D5"
"9622","BECv10","ICHwk1","ICHwk1/05","C6"
"9623","BECv10","ICHwk1","ICHwk1/05","C5"
"9624","BECv10","ICHwk1","ICHwk1/05","B6"
"9625","BECv10","ICHwk1","ICHwk1/05","B5"
"9626","BECv10","ICHwk1","ICHwk1/06","E6"
"9627","BECv10","ICHwk1","ICHwk1/06","E5"
"9628","BECv10","ICHwk1","ICHwk1/06","D6"
"9629","BECv10","ICHwk1","ICHwk1/06","D5"
"9630","BECv10","ICHwk1","ICHwk1/06","C6"
"9631","BECv10","ICHwk1","ICHwk1/06","C5"
"9632","BECv10","ICHwk1","ICHwk1/06","B6"
"9633","BECv10","ICHwk1","ICHwk1/06","B5"
"9634","BECv10","ICHwk1","ICHwk1/07","E7"
"9635","BECv10","ICHwk1","ICHwk1/07","E6"
"9636","BECv10","ICHwk1","ICHwk1/07","D7"
"9637","BECv10","ICHwk1","ICHwk1/07","D6"
"9638","BECv10","ICHwk1","ICHwk1/07","C7"
"9639","BECv10","ICHwk1","ICHwk1/07","C6"
"9640","BECv10","ICHwk1","ICHwk1/07","B7"
"9641","BECv10","ICHwk1","ICHwk1/07","B6"
"9642","BECv10","ICHwk1","ICHwk1/08","D7"
"9643","BECv10","ICHwk1","ICHwk1/08","C7"
"9644","BECv10","ICHwk1","ICHwk1/08","B7"
"9645","BECv10","ICHwk1","ICHwk1/08","B6"
"9646","BECv10","ICHwk1","ICHwk1/08","A7"
"9647","BECv10","ICHwk1","ICHwk1/08","A6"
"9648","Add_2021","ICHwk1","ICHwk1/Ro","A0"
"9649","Add_2021","ICHwk1","ICHwk1/Ro","B0"
"9650","BECv10","ICHwk2","ICHwk2/01","D5"
"9651","BECv10","ICHwk2","ICHwk2/01","D4"
"9652","BECv10","ICHwk2","ICHwk2/01","D3"
"9653","BECv10","ICHwk2","ICHwk2/01","C5"
"9654","BECv10","ICHwk2","ICHwk2/01","C4"
"9655","BECv10","ICHwk2","ICHwk2/01","B5"
"9656","BECv10","ICHwk2","ICHwk2/01","B4"
"9657","BECv10","ICHwk2","ICHwk2/01a","D4"
"9658","BECv10","ICHwk2","ICHwk2/01a","D3"
"9659","BECv10","ICHwk2","ICHwk2/01a","C4"
"9660","BECv10","ICHwk2","ICHwk2/01a","B4"
"9661","BECv10","ICHwk2","ICHwk2/01b","D5"
"9662","BECv10","ICHwk2","ICHwk2/01b","C5"
"9663","BECv10","ICHwk2","ICHwk2/01b","B5"
"9664","BECv10","ICHwk2","ICHwk2/02","B2"
"9665","BECv10","ICHwk2","ICHwk2/02","B1"
"9666","BECv10","ICHwk2","ICHwk2/02","A2"
"9667","BECv10","ICHwk2","ICHwk2/02","A1"
"9668","BECv10","ICHwk2","ICHwk2/03","D2"
"9669","BECv10","ICHwk2","ICHwk2/03","D1"
"9670","BECv10","ICHwk2","ICHwk2/03","C2"
"9671","BECv10","ICHwk2","ICHwk2/03","C1"
"9672","BECv10","ICHwk2","ICHwk2/04","D3"
"9673","BECv10","ICHwk2","ICHwk2/04","C3"
"9674","BECv10","ICHwk2","ICHwk2/04","B4"
"9675","BECv10","ICHwk2","ICHwk2/04","B3"
"9676","BECv10","ICHwk2","ICHwk2/04","B2"
"9677","BECv10","ICHwk2","ICHwk2/04","A3"
"9678","BECv10","ICHwk2","ICHwk2/04","A2"
"9679","BECv10","ICHwk2","ICHwk2/05","D5"
"9680","BECv10","ICHwk2","ICHwk2/05","C5"
"9681","BECv10","ICHwk2","ICHwk2/05","B5"
"9682","BECv10","ICHwk2","ICHwk2/06","D5"
"9683","BECv10","ICHwk2","ICHwk2/06","C5"
"9684","BECv10","ICHwk2","ICHwk2/06","B5"
"9685","BECv10","ICHwk2","ICHwk2/07","E5"
"9686","BECv10","ICHwk2","ICHwk2/07","D5"
"9687","BECv10","ICHwk2","ICHwk2/08","E7"
"9688","BECv10","ICHwk2","ICHwk2/08","E6"
"9689","BECv10","ICHwk2","ICHwk2/08","D7"
"9690","BECv10","ICHwk2","ICHwk2/08","D6"
"9691","BECv10","ICHwk2","ICHwk2/08","C7"
"9692","BECv10","ICHwk2","ICHwk2/08","C6"
"9693","Add_2021","ICHwk2","ICHwk2/Ro","A0"
"9694","Add_2021","ICHwk2","ICHwk2/Ro","B0"
"9695","BECv10","ICHwk3","ICHwk3/01","D5"
"9696","BECv10","ICHwk3","ICHwk3/01","D4"
"9697","BECv10","ICHwk3","ICHwk3/01","C5"
"9698","BECv10","ICHwk3","ICHwk3/01","C4"
"9699","BECv10","ICHwk3","ICHwk3/01","C3"
"9700","BECv10","ICHwk3","ICHwk3/01","B5"
"9701","BECv10","ICHwk3","ICHwk3/01","B4"
"9702","BECv10","ICHwk3","ICHwk3/01","B3"
"9703","BECv10","ICHwk3","ICHwk3/02","B1"
"9704","BECv10","ICHwk3","ICHwk3/02","A1"
"9705","BECv10","ICHwk3","ICHwk3/03","C2"
"9706","BECv10","ICHwk3","ICHwk3/03","B2"
"9707","BECv10","ICHwk3","ICHwk3/04","D3"
"9708","BECv10","ICHwk3","ICHwk3/04","D2"
"9709","BECv10","ICHwk3","ICHwk3/04","C3"
"9710","BECv10","ICHwk3","ICHwk3/04","C2"
"9711","BECv10","ICHwk3","ICHwk3/05","D5"
"9712","BECv10","ICHwk3","ICHwk3/05","C5"
"9713","BECv10","ICHwk3","ICHwk3/05","B5"
"9714","BECv10","ICHwk3","ICHwk3/06","E6"
"9715","BECv10","ICHwk3","ICHwk3/06","D6"
"9716","BECv10","ICHwk3","ICHwk3/06","C6"
"9717","BECv10","ICHwk3","ICHwk3/06","B6"
"9718","BECv10","ICHwk3","ICHwk3/07","C6"
"9719","BECv10","ICHwk3","ICHwk3/07","B6"
"9720","BECv10","ICHwk3","ICHwk3/08","C7"
"9721","BECv10","ICHwk3","ICHwk3/08","B7"
"9722","BECv10","ICHwk3","ICHwk3/08","A7"
"9723","BECv10","ICHwk3","ICHwk3/09","E7"
"9724","BECv10","ICHwk3","ICHwk3/09","D7"
"9725","Add_2021","ICHwk3","ICHwk3/Ro","A0"
"9726","Add_2021","ICHwk3","ICHwk3/Ro","B0"
"9727","BECv10","ICHwk4","ICHwk4/01","D5"
"9728","BECv10","ICHwk4","ICHwk4/01","D4"
"9729","BECv10","ICHwk4","ICHwk4/01","D3"
"9730","BECv10","ICHwk4","ICHwk4/01","C5"
"9731","BECv10","ICHwk4","ICHwk4/01","C4"
"9732","BECv10","ICHwk4","ICHwk4/01","B4"
"9733","BECv10","ICHwk4","ICHwk4/01a","D4"
"9734","BECv10","ICHwk4","ICHwk4/01a","D3"
"9735","BECv10","ICHwk4","ICHwk4/01a","C4"
"9736","BECv10","ICHwk4","ICHwk4/01a","B4"
"9737","BECv10","ICHwk4","ICHwk4/01b","D5"
"9738","BECv10","ICHwk4","ICHwk4/01b","C5"
"9739","BECv10","ICHwk4","ICHwk4/02","B2"
"9740","BECv10","ICHwk4","ICHwk4/02","B1"
"9741","BECv10","ICHwk4","ICHwk4/02","A2"
"9742","BECv10","ICHwk4","ICHwk4/02","A1"
"9743","BECv10","ICHwk4","ICHwk4/03","D2"
"9744","BECv10","ICHwk4","ICHwk4/03","D1"
"9745","BECv10","ICHwk4","ICHwk4/03","C2"
"9746","BECv10","ICHwk4","ICHwk4/03","C1"
"9747","BECv10","ICHwk4","ICHwk4/04","B3"
"9748","BECv10","ICHwk4","ICHwk4/04","B2"
"9749","BECv10","ICHwk4","ICHwk4/04","A3"
"9750","BECv10","ICHwk4","ICHwk4/04","A2"
"9751","BECv10","ICHwk4","ICHwk4/05","D3"
"9752","BECv10","ICHwk4","ICHwk4/05","C3"
"9753","BECv10","ICHwk4","ICHwk4/05","B4"
"9754","BECv10","ICHwk4","ICHwk4/05","B3"
"9755","BECv10","ICHwk4","ICHwk4/05","B2"
"9756","BECv10","ICHwk4","ICHwk4/06","C5"
"9757","BECv10","ICHwk4","ICHwk4/06","B5"
"9758","BECv10","ICHwk4","ICHwk4/07","E5"
"9759","BECv10","ICHwk4","ICHwk4/07","D5"
"9760","BECv10","ICHwk4","ICHwk4/07","C5"
"9761","BECv10","ICHwk4","ICHwk4/08","E7"
"9762","BECv10","ICHwk4","ICHwk4/08","E6"
"9763","BECv10","ICHwk4","ICHwk4/08","D7"
"9764","BECv10","ICHwk4","ICHwk4/08","D6"
"9765","BECv10","ICHwk4","ICHwk4/08","C7"
"9766","BECv10","ICHwk4","ICHwk4/08","C6"
"9767","Add_2021","ICHwk4","ICHwk4/Ro","A0"
"9768","Add_2021","ICHwk4","ICHwk4/Ro","B0"
"9769","USA_2023","ICHxh_ID","ICHxh_ID/101","D4"
"9770","USA_2023","ICHxh_ID","ICHxh_ID/101","D3"
"9771","USA_2023","ICHxh_ID","ICHxh_ID/101","C4"
"9772","USA_2023","ICHxh_ID","ICHxh_ID/101","C3"
"9773","USA_2023","ICHxh_ID","ICHxh_ID/101","B4"
"9774","USA_2023","ICHxh_ID","ICHxh_ID/101","B3"
"9775","USA_2023","ICHxh_ID","ICHxh_ID/102","D1"
"9776","USA_2023","ICHxh_ID","ICHxh_ID/102","C1"
"9777","USA_2023","ICHxh_ID","ICHxh_ID/102","B1"
"9778","USA_2023","ICHxh_ID","ICHxh_ID/102","A1"
"9779","USA_2023","ICHxh_ID","ICHxh_ID/103","D2"
"9780","USA_2023","ICHxh_ID","ICHxh_ID/103","C2"
"9781","USA_2023","ICHxh_ID","ICHxh_ID/103","B2"
"9782","USA_2023","ICHxh_ID","ICHxh_ID/103","A2"
"9783","USA_2023","ICHxh_ID","ICHxh_ID/110","C5"
"9784","USA_2023","ICHxh_ID","ICHxh_ID/110","B5"
"9785","USA_2023","ICHxh_ID","ICHxh_ID/111","C6"
"9786","USA_2023","ICHxh_ID","ICHxh_ID/111","B6"
"9787","USA_2023","ICHxh_ID","ICHxh_ID/112","E5"
"9788","USA_2023","ICHxh_ID","ICHxh_ID/112","D5"
"9789","USA_2023","ICHxh_ID","ICHxh_ID/113","E6"
"9790","USA_2023","ICHxh_ID","ICHxh_ID/113","D6"
"9791","USA_2023","ICHxh_ID","ICHxh_ID/Ro","A0"
"9792","USA_2023","ICHxh_ID","ICHxh_ID/Ro","B0"
"9793","BECv12","ICHxm1","ICHxm1/101","B4"
"9794","BECv12","ICHxm1","ICHxm1/101","C4"
"9795","BECv12","ICHxm1","ICHxm1/102","A1"
"9796","BECv12","ICHxm1","ICHxm1/102","B1"
"9797","BECv12","ICHxm1","ICHxm1/102","C1"
"9798","BECv12","ICHxm1","ICHxm1/103","B2"
"9799","BECv12","ICHxm1","ICHxm1/103","C2"
"9800","BECv12","ICHxm1","ICHxm1/104","B3"
"9801","BECv12","ICHxm1","ICHxm1/104","C3"
"9802","BECv12","ICHxm1","ICHxm1/104.1","B3"
"9803","BECv12","ICHxm1","ICHxm1/104.1","C3"
"9804","BECv12","ICHxm1","ICHxm1/104.2","B3"
"9805","BECv12","ICHxm1","ICHxm1/104.2","C3"
"9806","BECv12","ICHxm1","ICHxm1/110","C5"
"9807","BECv12","ICHxm1","ICHxm1/110","D5"
"9808","BECv12","ICHxm1","ICHxm1/110","B5"
"9809","BECv12","ICHxm1","ICHxm1/110","D4"
"9810","BECv12","ICHxm1","ICHxm1/111","C5"
"9811","BECv12","ICHxm1","ICHxm1/111","C6"
"9812","BECv12","ICHxm1","ICHxm1/111","D5"
"9813","BECv12","ICHxm1","ICHxm1/111","D6"
"9814","BECv12","ICHxm1","ICHxm1/112","B6"
"9815","BECv12","ICHxm1","ICHxm1/112","B7"
"9816","BECv12","ICHxm1","ICHxm1/112","C6"
"9817","BECv12","ICHxm1","ICHxm1/112","C7"
"9818","BECv12","ICHxm1","ICHxm1/112","D6"
"9819","BECv12","ICHxm1","ICHxm1/112","D7"
"9820","Add_2021","ICHxm1","ICHxm1/Ro","A0"
"9821","Add_2021","ICHxm1","ICHxm1/Ro","B0"
"9822","BECv10","ICHxw","ICHxw/101","D4"
"9823","BECv10","ICHxw","ICHxw/101","C4"
"9824","BECv10","ICHxw","ICHxw/101","B4"
"9825","BECv10","ICHxw","ICHxw/102","B1"
"9826","BECv10","ICHxw","ICHxw/102","A1"
"9827","BECv10","ICHxw","ICHxw/103","C2"
"9828","BECv10","ICHxw","ICHxw/103","B2"
"9829","BECv10","ICHxw","ICHxw/104","C3"
"9830","BECv10","ICHxw","ICHxw/104","C2"
"9831","BECv10","ICHxw","ICHxw/104","B3"
"9832","BECv10","ICHxw","ICHxw/110","D5"
"9833","BECv10","ICHxw","ICHxw/110","D4"
"9834","BECv10","ICHxw","ICHxw/110","C5"
"9835","BECv10","ICHxw","ICHxw/111","D6"
"9836","BECv10","ICHxw","ICHxw/111","D5"
"9837","BECv10","ICHxw","ICHxw/111","C6"
"9838","BECv10","ICHxw","ICHxw/111","C5"
"9839","BECv10","ICHxw","ICHxw/112","D7"
"9840","BECv10","ICHxw","ICHxw/112","D6"
"9841","BECv10","ICHxw","ICHxw/112","C7"
"9842","BECv10","ICHxw","ICHxw/112","C6"
"9843","BECv10","ICHxw","ICHxw/113","E7"
"9844","BECv10","ICHxw","ICHxw/113","E6"
"9845","BECv10","ICHxw","ICHxw/113","D7"
"9846","BECv10","ICHxw","ICHxw/113","D6"
"9847","BECv12","ICHxw","ICHxw/Fm01","E5"
"9848","BECv12","ICHxw","ICHxw/Fm01","E6"
"9849","Add_2021","ICHxw","ICHxw/Ro","A0"
"9850","Add_2021","ICHxw","ICHxw/Ro","B0"
"9851","USA_2024","ICHxw_ID","ICHxw_ID/101","D4"
"9852","USA_2024","ICHxw_ID","ICHxw_ID/101","D3"
"9853","USA_2024","ICHxw_ID","ICHxw_ID/101","C4"
"9854","USA_2024","ICHxw_ID","ICHxw_ID/101","C3"
"9855","USA_2024","ICHxw_ID","ICHxw_ID/101","B4"
"9856","USA_2024","ICHxw_ID","ICHxw_ID/101","B3"
"9857","USA_2024","ICHxw_ID","ICHxw_ID/102","D1"
"9858","USA_2024","ICHxw_ID","ICHxw_ID/102","C1"
"9859","USA_2024","ICHxw_ID","ICHxw_ID/102","B1"
"9860","USA_2024","ICHxw_ID","ICHxw_ID/102","A1"
"9861","USA_2024","ICHxw_ID","ICHxw_ID/103","D2"
"9862","USA_2024","ICHxw_ID","ICHxw_ID/103","C2"
"9863","USA_2024","ICHxw_ID","ICHxw_ID/103","B2"
"9864","USA_2024","ICHxw_ID","ICHxw_ID/103","A2"
"9865","USA_2024","ICHxw_ID","ICHxw_ID/110","C5"
"9866","USA_2024","ICHxw_ID","ICHxw_ID/110","B5"
"9867","USA_2024","ICHxw_ID","ICHxw_ID/111","C6"
"9868","USA_2024","ICHxw_ID","ICHxw_ID/111","B6"
"9869","USA_2024","ICHxw_ID","ICHxw_ID/112","E5"
"9870","USA_2024","ICHxw_ID","ICHxw_ID/112","D5"
"9871","USA_2024","ICHxw_ID","ICHxw_ID/113","E6"
"9872","USA_2024","ICHxw_ID","ICHxw_ID/113","D6"
"9873","USA_2024","ICHxw_ID","ICHxw_ID/Ro","A0"
"9874","USA_2024","ICHxw_ID","ICHxw_ID/Ro","B0"
"9875","USA_2019","ICHxw_WA","ICHxw_WA/101","D4"
"9876","USA_2019","ICHxw_WA","ICHxw_WA/101","D3"
"9877","USA_2019","ICHxw_WA","ICHxw_WA/101","C4"
"9878","USA_2019","ICHxw_WA","ICHxw_WA/101","C3"
"9879","USA_2019","ICHxw_WA","ICHxw_WA/101","B4"
"9880","USA_2019","ICHxw_WA","ICHxw_WA/101","B3"
"9881","USA_2019","ICHxw_WA","ICHxw_WA/102","D1"
"9882","USA_2019","ICHxw_WA","ICHxw_WA/102","C1"
"9883","USA_2019","ICHxw_WA","ICHxw_WA/102","B1"
"9884","USA_2019","ICHxw_WA","ICHxw_WA/102","A1"
"9885","USA_2019","ICHxw_WA","ICHxw_WA/103","D2"
"9886","USA_2019","ICHxw_WA","ICHxw_WA/103","C2"
"9887","USA_2019","ICHxw_WA","ICHxw_WA/103","B2"
"9888","USA_2019","ICHxw_WA","ICHxw_WA/103","A2"
"9889","USA_2019","ICHxw_WA","ICHxw_WA/110","C5"
"9890","USA_2019","ICHxw_WA","ICHxw_WA/110","B5"
"9891","USA_2019","ICHxw_WA","ICHxw_WA/111","C6"
"9892","USA_2019","ICHxw_WA","ICHxw_WA/111","B6"
"9893","USA_2019","ICHxw_WA","ICHxw_WA/112","E5"
"9894","USA_2019","ICHxw_WA","ICHxw_WA/112","D5"
"9895","USA_2019","ICHxw_WA","ICHxw_WA/113","E6"
"9896","USA_2019","ICHxw_WA","ICHxw_WA/113","D6"
"9897","Add_2021","ICHxw_WA","ICHxw_WA/Ro","A0"
"9898","Add_2021","ICHxw_WA","ICHxw_WA/Ro","B0"
"9899","BECv10","ICHxwa","ICHxwa/101","D4"
"9900","BECv10","ICHxwa","ICHxwa/101","C4"
"9901","BECv10","ICHxwa","ICHxwa/101","B4"
"9902","BECv10","ICHxwa","ICHxwa/102","B1"
"9903","BECv10","ICHxwa","ICHxwa/102","A1"
"9904","BECv10","ICHxwa","ICHxwa/103","C2"
"9905","BECv10","ICHxwa","ICHxwa/103","B2"
"9906","BECv10","ICHxwa","ICHxwa/104","C3"
"9907","BECv10","ICHxwa","ICHxwa/104","C2"
"9908","BECv10","ICHxwa","ICHxwa/104","B3"
"9909","BECv10","ICHxwa","ICHxwa/110","D5"
"9910","BECv10","ICHxwa","ICHxwa/110","D4"
"9911","BECv10","ICHxwa","ICHxwa/110","C5"
"9912","BECv10","ICHxwa","ICHxwa/111","D6"
"9913","BECv10","ICHxwa","ICHxwa/111","D5"
"9914","BECv10","ICHxwa","ICHxwa/111","C6"
"9915","BECv10","ICHxwa","ICHxwa/111","C5"
"9916","BECv10","ICHxwa","ICHxwa/112","D7"
"9917","BECv10","ICHxwa","ICHxwa/112","D6"
"9918","BECv10","ICHxwa","ICHxwa/112","C7"
"9919","BECv10","ICHxwa","ICHxwa/112","C6"
"9920","BECv10","ICHxwa","ICHxwa/113","E7"
"9921","BECv10","ICHxwa","ICHxwa/113","E6"
"9922","BECv10","ICHxwa","ICHxwa/113","D7"
"9923","BECv10","ICHxwa","ICHxwa/113","D6"
"9924","BECv12","ICHxwa","ICHxwa/Fm01","E5"
"9925","BECv12","ICHxwa","ICHxwa/Fm01","E6"
"9926","Add_2021","ICHxwa","ICHxwa/Ro","A0"
"9927","Add_2021","ICHxwa","ICHxwa/Ro","B0"
"9928","BECv10","IDFdc","IDFdc/01","D4"
"9929","BECv10","IDFdc","IDFdc/01","D3"
"9930","BECv10","IDFdc","IDFdc/01","C4"
"9931","BECv10","IDFdc","IDFdc/01","C3"
"9932","BECv10","IDFdc","IDFdc/01","B4"
"9933","BECv10","IDFdc","IDFdc/01","B3"
"9934","BECv10","IDFdc","IDFdc/01","A4"
"9935","BECv10","IDFdc","IDFdc/01","A3"
"9936","BECv10","IDFdc","IDFdc/02","D2"
"9937","BECv10","IDFdc","IDFdc/02","D1"
"9938","BECv10","IDFdc","IDFdc/02","D0"
"9939","BECv10","IDFdc","IDFdc/02","C2"
"9940","BECv10","IDFdc","IDFdc/02","C1"
"9941","BECv10","IDFdc","IDFdc/02","C0"
"9942","BECv10","IDFdc","IDFdc/02","B2"
"9943","BECv10","IDFdc","IDFdc/02","B1"
"9944","BECv10","IDFdc","IDFdc/02","B0"
"9945","BECv10","IDFdc","IDFdc/02","A2"
"9946","BECv10","IDFdc","IDFdc/02","A1"
"9947","BECv10","IDFdc","IDFdc/02","A0"
"9948","BECv10","IDFdc","IDFdc/03","D4"
"9949","BECv10","IDFdc","IDFdc/03","D3"
"9950","BECv10","IDFdc","IDFdc/03","D2"
"9951","BECv10","IDFdc","IDFdc/03","C4"
"9952","BECv10","IDFdc","IDFdc/03","C3"
"9953","BECv10","IDFdc","IDFdc/03","C2"
"9954","BECv10","IDFdc","IDFdc/03","B3"
"9955","BECv10","IDFdc","IDFdc/03","B2"
"9956","BECv10","IDFdc","IDFdc/03","A3"
"9957","BECv10","IDFdc","IDFdc/03","A2"
"9958","BECv10","IDFdc","IDFdc/04","E5"
"9959","BECv10","IDFdc","IDFdc/04","E4"
"9960","BECv10","IDFdc","IDFdc/04","D5"
"9961","BECv10","IDFdc","IDFdc/04","D4"
"9962","BECv10","IDFdc","IDFdc/04","C5"
"9963","BECv10","IDFdc","IDFdc/04","C4"
"9964","BECv10","IDFdc","IDFdc/04","B5"
"9965","BECv10","IDFdc","IDFdc/04","B4"
"9966","BECv10","IDFdc","IDFdc/04","A5"
"9967","BECv10","IDFdc","IDFdc/04","A4"
"9968","BECv10","IDFdc","IDFdc/05","E6"
"9969","BECv10","IDFdc","IDFdc/05","E5"
"9970","BECv10","IDFdc","IDFdc/05","D6"
"9971","BECv10","IDFdc","IDFdc/05","D5"
"9972","BECv10","IDFdc","IDFdc/05","C6"
"9973","BECv10","IDFdc","IDFdc/05","C5"
"9974","BECv10","IDFdc","IDFdc/05","B5"
"9975","BECv10","IDFdc","IDFdc/06","E7"
"9976","BECv10","IDFdc","IDFdc/06","E6"
"9977","BECv10","IDFdc","IDFdc/06","D6"
"9978","BECv10","IDFdc","IDFdc/06","C6"
"9979","BECv10","IDFdc","IDFdc/06","C5"
"9980","BECv10","IDFdc","IDFdc/06","B6"
"9981","BECv10","IDFdc","IDFdc/06","B5"
"9982","BECv10","IDFdc","IDFdc/07","E7"
"9983","BECv10","IDFdc","IDFdc/07","D7"
"9984","BECv10","IDFdc","IDFdc/07","D6"
"9985","BECv10","IDFdc","IDFdc/07","C7"
"9986","BECv10","IDFdc","IDFdc/07","C6"
"9987","BECv10","IDFdc","IDFdc/07","B7"
"9988","BECv10","IDFdc","IDFdc/07","B6"
"9989","BECv10","IDFdc","IDFdc/08","E7"
"9990","BECv10","IDFdc","IDFdc/08","D7"
"9991","BECv10","IDFdc","IDFdc/08","C7"
"9992","BECv10","IDFdc","IDFdc/08","B7"
"9993","BECv10","IDFdc","IDFdc/Gg","D1"
"9994","BECv10","IDFdc","IDFdc/Gg","C1"
"9995","BECv12","IDFdh","IDFdh/101","D4"
"9996","BECv12","IDFdh","IDFdh/101","C4"
"9997","BECv12","IDFdh","IDFdh/101","B4"
"9998","BECv12","IDFdh","IDFdh/102","C1"
"9999","BECv12","IDFdh","IDFdh/102","B1"
"10000","BECv12","IDFdh","IDFdh/102","A1"
"10001","BECv12","IDFdh","IDFdh/103","D2"
"10002","BECv12","IDFdh","IDFdh/103","C2"
"10003","BECv12","IDFdh","IDFdh/103","B2"
"10004","BECv12","IDFdh","IDFdh/104","D3"
"10005","BECv12","IDFdh","IDFdh/104","C3"
"10006","BECv12","IDFdh","IDFdh/104","B3"
"10007","BECv12","IDFdh","IDFdh/110","D5"
"10008","BECv12","IDFdh","IDFdh/110","C5"
"10009","BECv12","IDFdh","IDFdh/111","D6"
"10010","BECv12","IDFdh","IDFdh/111","D5"
"10011","BECv12","IDFdh","IDFdh/111","C6"
"10012","BECv12","IDFdh","IDFdh/111","C5"
"10013","BECv12","IDFdh","IDFdh/Fm01","E6"
"10014","BECv12","IDFdh","IDFdh/Fm01","E5"
"10015","BECv12","IDFdh","IDFdh/Fm05","E6"
"10016","BECv12","IDFdh","IDFdh/Fm05","E5"
"10017","Add_2021","IDFdh","IDFdh/Ro","A0"
"10018","Add_2021","IDFdh","IDFdh/Ro","B0"
"10019","USA_2019","IDFdh_MT","IDFdh_MT/101","D4"
"10020","USA_2019","IDFdh_MT","IDFdh_MT/101","D3"
"10021","USA_2019","IDFdh_MT","IDFdh_MT/101","C4"
"10022","USA_2019","IDFdh_MT","IDFdh_MT/101","C3"
"10023","USA_2019","IDFdh_MT","IDFdh_MT/101","B4"
"10024","USA_2019","IDFdh_MT","IDFdh_MT/101","B3"
"10025","USA_2019","IDFdh_MT","IDFdh_MT/102","D1"
"10026","USA_2019","IDFdh_MT","IDFdh_MT/102","C1"
"10027","USA_2019","IDFdh_MT","IDFdh_MT/102","B1"
"10028","USA_2019","IDFdh_MT","IDFdh_MT/102","A1"
"10029","USA_2019","IDFdh_MT","IDFdh_MT/103","D2"
"10030","USA_2019","IDFdh_MT","IDFdh_MT/103","C2"
"10031","USA_2019","IDFdh_MT","IDFdh_MT/103","B2"
"10032","USA_2019","IDFdh_MT","IDFdh_MT/103","A2"
"10033","USA_2019","IDFdh_MT","IDFdh_MT/110","C5"
"10034","USA_2019","IDFdh_MT","IDFdh_MT/110","B5"
"10035","USA_2019","IDFdh_MT","IDFdh_MT/111","C6"
"10036","USA_2019","IDFdh_MT","IDFdh_MT/111","B6"
"10037","USA_2019","IDFdh_MT","IDFdh_MT/112","E5"
"10038","USA_2019","IDFdh_MT","IDFdh_MT/112","D5"
"10039","USA_2019","IDFdh_MT","IDFdh_MT/113","E6"
"10040","USA_2019","IDFdh_MT","IDFdh_MT/113","D6"
"10041","Add_2021","IDFdh_MT","IDFdh_MT/Ro","A0"
"10042","Add_2021","IDFdh_MT","IDFdh_MT/Ro","B0"
"10043","USA_2019","IDFdh_UT","IDFdh_UT/101","D4"
"10044","USA_2019","IDFdh_UT","IDFdh_UT/101","D3"
"10045","USA_2019","IDFdh_UT","IDFdh_UT/101","C4"
"10046","USA_2019","IDFdh_UT","IDFdh_UT/101","C3"
"10047","USA_2019","IDFdh_UT","IDFdh_UT/101","B4"
"10048","USA_2019","IDFdh_UT","IDFdh_UT/101","B3"
"10049","USA_2019","IDFdh_UT","IDFdh_UT/102","D2"
"10050","USA_2019","IDFdh_UT","IDFdh_UT/102","C2"
"10051","USA_2019","IDFdh_UT","IDFdh_UT/102","B2"
"10052","USA_2019","IDFdh_UT","IDFdh_UT/102","A2"
"10053","USA_2019","IDFdh_UT","IDFdh_UT/110","C5"
"10054","USA_2019","IDFdh_UT","IDFdh_UT/110","B5"
"10055","USA_2019","IDFdh_UT","IDFdh_UT/111","C6"
"10056","USA_2019","IDFdh_UT","IDFdh_UT/111","B6"
"10057","USA_2019","IDFdh_UT","IDFdh_UT/112","E5"
"10058","USA_2019","IDFdh_UT","IDFdh_UT/112","D5"
"10059","USA_2019","IDFdh_UT","IDFdh_UT/113","E6"
"10060","USA_2019","IDFdh_UT","IDFdh_UT/113","D6"
"10061","USA_2019","IDFdh_UT","IDFdh_UT/Gg","D1"
"10062","USA_2019","IDFdh_UT","IDFdh_UT/Gg","C1"
"10063","USA_2019","IDFdh_UT","IDFdh_UT/Gg","B1"
"10064","USA_2019","IDFdh_UT","IDFdh_UT/Gg","A1"
"10065","Add_2021","IDFdh_UT","IDFdh_UT/Ro","A0"
"10066","Add_2021","IDFdh_UT","IDFdh_UT/Ro","B0"
"10067","USA_2019","IDFdh_WA","IDFdh_WA/101","D4"
"10068","USA_2019","IDFdh_WA","IDFdh_WA/101","D3"
"10069","USA_2019","IDFdh_WA","IDFdh_WA/101","C4"
"10070","USA_2019","IDFdh_WA","IDFdh_WA/101","C3"
"10071","USA_2019","IDFdh_WA","IDFdh_WA/101","B4"
"10072","USA_2019","IDFdh_WA","IDFdh_WA/101","B3"
"10073","USA_2019","IDFdh_WA","IDFdh_WA/101","A4"
"10074","USA_2019","IDFdh_WA","IDFdh_WA/101","A3"
"10075","USA_2019","IDFdh_WA","IDFdh_WA/102","D1"
"10076","USA_2019","IDFdh_WA","IDFdh_WA/102","C1"
"10077","USA_2019","IDFdh_WA","IDFdh_WA/102","B1"
"10078","USA_2019","IDFdh_WA","IDFdh_WA/102","A1"
"10079","USA_2019","IDFdh_WA","IDFdh_WA/103","D2"
"10080","USA_2019","IDFdh_WA","IDFdh_WA/103","C2"
"10081","USA_2019","IDFdh_WA","IDFdh_WA/103","B2"
"10082","USA_2019","IDFdh_WA","IDFdh_WA/103","A2"
"10083","USA_2019","IDFdh_WA","IDFdh_WA/110","C5"
"10084","USA_2019","IDFdh_WA","IDFdh_WA/110","B5"
"10085","USA_2019","IDFdh_WA","IDFdh_WA/111","C6"
"10086","USA_2019","IDFdh_WA","IDFdh_WA/111","B6"
"10087","USA_2019","IDFdh_WA","IDFdh_WA/112","E5"
"10088","USA_2019","IDFdh_WA","IDFdh_WA/112","D5"
"10089","USA_2019","IDFdh_WA","IDFdh_WA/113","E6"
"10090","USA_2019","IDFdh_WA","IDFdh_WA/113","D6"
"10091","Add_2021","IDFdh_WA","IDFdh_WA/Ro","A0"
"10092","Add_2021","IDFdh_WA","IDFdh_WA/Ro","B0"
"10093","USA_2019","IDFdk_MT","IDFdk_MT/101","D4"
"10094","USA_2019","IDFdk_MT","IDFdk_MT/101","D3"
"10095","USA_2019","IDFdk_MT","IDFdk_MT/101","C4"
"10096","USA_2019","IDFdk_MT","IDFdk_MT/101","C3"
"10097","USA_2019","IDFdk_MT","IDFdk_MT/101","B4"
"10098","USA_2019","IDFdk_MT","IDFdk_MT/101","B3"
"10099","USA_2019","IDFdk_MT","IDFdk_MT/102","D1"
"10100","USA_2019","IDFdk_MT","IDFdk_MT/102","C1"
"10101","USA_2019","IDFdk_MT","IDFdk_MT/102","B1"
"10102","USA_2019","IDFdk_MT","IDFdk_MT/102","A1"
"10103","USA_2019","IDFdk_MT","IDFdk_MT/103","D2"
"10104","USA_2019","IDFdk_MT","IDFdk_MT/103","C2"
"10105","USA_2019","IDFdk_MT","IDFdk_MT/103","B2"
"10106","USA_2019","IDFdk_MT","IDFdk_MT/103","A2"
"10107","USA_2019","IDFdk_MT","IDFdk_MT/110","C5"
"10108","USA_2019","IDFdk_MT","IDFdk_MT/110","B5"
"10109","USA_2019","IDFdk_MT","IDFdk_MT/111","C6"
"10110","USA_2019","IDFdk_MT","IDFdk_MT/111","B6"
"10111","USA_2019","IDFdk_MT","IDFdk_MT/112","E5"
"10112","USA_2019","IDFdk_MT","IDFdk_MT/112","D5"
"10113","USA_2019","IDFdk_MT","IDFdk_MT/113","E6"
"10114","USA_2019","IDFdk_MT","IDFdk_MT/113","D6"
"10115","Add_2021","IDFdk_MT","IDFdk_MT/Ro","A0"
"10116","Add_2021","IDFdk_MT","IDFdk_MT/Ro","B0"
"10117","USA_2019","IDFdk_WA","IDFdk_WA/101","D4"
"10118","USA_2019","IDFdk_WA","IDFdk_WA/101","D3"
"10119","USA_2019","IDFdk_WA","IDFdk_WA/101","C4"
"10120","USA_2019","IDFdk_WA","IDFdk_WA/101","C3"
"10121","USA_2019","IDFdk_WA","IDFdk_WA/101","B4"
"10122","USA_2019","IDFdk_WA","IDFdk_WA/101","B3"
"10123","USA_2019","IDFdk_WA","IDFdk_WA/102","D1"
"10124","USA_2019","IDFdk_WA","IDFdk_WA/102","C1"
"10125","USA_2019","IDFdk_WA","IDFdk_WA/102","B1"
"10126","USA_2019","IDFdk_WA","IDFdk_WA/102","A1"
"10127","USA_2019","IDFdk_WA","IDFdk_WA/103","D2"
"10128","USA_2019","IDFdk_WA","IDFdk_WA/103","C2"
"10129","USA_2019","IDFdk_WA","IDFdk_WA/103","B2"
"10130","USA_2019","IDFdk_WA","IDFdk_WA/103","A2"
"10131","USA_2019","IDFdk_WA","IDFdk_WA/110","C5"
"10132","USA_2019","IDFdk_WA","IDFdk_WA/110","B5"
"10133","USA_2019","IDFdk_WA","IDFdk_WA/111","C6"
"10134","USA_2019","IDFdk_WA","IDFdk_WA/111","B6"
"10135","USA_2019","IDFdk_WA","IDFdk_WA/112","E5"
"10136","USA_2019","IDFdk_WA","IDFdk_WA/112","D5"
"10137","USA_2019","IDFdk_WA","IDFdk_WA/113","E6"
"10138","USA_2019","IDFdk_WA","IDFdk_WA/113","D6"
"10139","Add_2021","IDFdk_WA","IDFdk_WA/Ro","A0"
"10140","Add_2021","IDFdk_WA","IDFdk_WA/Ro","B0"
"10141","BECv12","IDFdk1","IDFdk1/101","D4"
"10142","BECv12","IDFdk1","IDFdk1/101","D3"
"10143","BECv12","IDFdk1","IDFdk1/101","C4"
"10144","BECv12","IDFdk1","IDFdk1/101","C3"
"10145","BECv12","IDFdk1","IDFdk1/101","B4"
"10146","BECv12","IDFdk1","IDFdk1/101","B3"
"10147","BECv12","IDFdk1","IDFdk1/102","C1"
"10148","BECv12","IDFdk1","IDFdk1/102","C0"
"10149","BECv12","IDFdk1","IDFdk1/102","B1"
"10150","BECv12","IDFdk1","IDFdk1/102","A1"
"10151","BECv12","IDFdk1","IDFdk1/103","D2"
"10152","BECv12","IDFdk1","IDFdk1/103","C2"
"10153","BECv12","IDFdk1","IDFdk1/103","B2"
"10154","BECv12","IDFdk1","IDFdk1/104","D3"
"10155","BECv12","IDFdk1","IDFdk1/104","D2"
"10156","BECv12","IDFdk1","IDFdk1/104","C3"
"10157","BECv12","IDFdk1","IDFdk1/104","C2"
"10158","BECv12","IDFdk1","IDFdk1/104","B3"
"10159","BECv12","IDFdk1","IDFdk1/104","B2"
"10160","BECv12","IDFdk1","IDFdk1/105","D4"
"10161","BECv12","IDFdk1","IDFdk1/105","D3"
"10162","BECv12","IDFdk1","IDFdk1/105","C4"
"10163","BECv12","IDFdk1","IDFdk1/105","C3"
"10164","BECv12","IDFdk1","IDFdk1/105","B4"
"10165","BECv12","IDFdk1","IDFdk1/105","B3"
"10166","BECv12","IDFdk1","IDFdk1/110","E5"
"10167","BECv12","IDFdk1","IDFdk1/110","D5"
"10168","BECv12","IDFdk1","IDFdk1/111","D5"
"10169","BECv12","IDFdk1","IDFdk1/111","C5"
"10170","BECv12","IDFdk1","IDFdk1/Fm02","E7"
"10171","BECv12","IDFdk1","IDFdk1/Fm02","E6"
"10172","BECv12","IDFdk1","IDFdk1/Fm02","D7"
"10173","BECv12","IDFdk1","IDFdk1/Fm02","D6"
"10174","BECv12","IDFdk1","IDFdk1/Fm02","C7"
"10175","BECv12","IDFdk1","IDFdk1/Fm02","C6"
"10176","BECv12","IDFdk1","IDFdk1/Fm05","E7"
"10177","BECv12","IDFdk1","IDFdk1/Fm05","E6"
"10178","BECv12","IDFdk1","IDFdk1/Fm05","D7"
"10179","BECv12","IDFdk1","IDFdk1/Fm05","D6"
"10180","BECv12","IDFdk1","IDFdk1/Fm05","C7"
"10181","BECv12","IDFdk1","IDFdk1/Fm05","C6"
"10182","BECv10","IDFdk1","IDFdk1/Gg1","C1"
"10183","BECv10","IDFdk1","IDFdk1/Gg1","B1"
"10184","BECv10","IDFdk1","IDFdk1/Gg2","E4"
"10185","BECv10","IDFdk1","IDFdk1/Gg2","E3"
"10186","BECv10","IDFdk1","IDFdk1/Gg2","D4"
"10187","BECv10","IDFdk1","IDFdk1/Gg2","D3"
"10188","BECv10","IDFdk1","IDFdk1/Gg2","C4"
"10189","BECv10","IDFdk1","IDFdk1/Gg2","C3"
"10190","BECv10","IDFdk1","IDFdk1/Gg2","C2"
"10191","BECv10","IDFdk1","IDFdk1/Gg2","B3"
"10192","BECv10","IDFdk1","IDFdk1/Gg2","B2"
"10193","Add_2021","IDFdk1","IDFdk1/Ro","A0"
"10194","Add_2021","IDFdk1","IDFdk1/Ro","B0"
"10195","BECv12","IDFdk2","IDFdk2/101","D4"
"10196","BECv12","IDFdk2","IDFdk2/101","D3"
"10197","BECv12","IDFdk2","IDFdk2/101","C4"
"10198","BECv12","IDFdk2","IDFdk2/101","C3"
"10199","BECv12","IDFdk2","IDFdk2/101","B4"
"10200","BECv12","IDFdk2","IDFdk2/101","B3"
"10201","BECv12","IDFdk2","IDFdk2/102","C1"
"10202","BECv12","IDFdk2","IDFdk2/102","B1"
"10203","BECv12","IDFdk2","IDFdk2/102","A1"
"10204","BECv12","IDFdk2","IDFdk2/103","D2"
"10205","BECv12","IDFdk2","IDFdk2/103","D1"
"10206","BECv12","IDFdk2","IDFdk2/103","C2"
"10207","BECv12","IDFdk2","IDFdk2/103","C1"
"10208","BECv12","IDFdk2","IDFdk2/103","B2"
"10209","BECv12","IDFdk2","IDFdk2/104","D3"
"10210","BECv12","IDFdk2","IDFdk2/104","D2"
"10211","BECv12","IDFdk2","IDFdk2/104","C3"
"10212","BECv12","IDFdk2","IDFdk2/104","C2"
"10213","BECv12","IDFdk2","IDFdk2/104","B3"
"10214","BECv12","IDFdk2","IDFdk2/104","B2"
"10215","BECv12","IDFdk2","IDFdk2/105","D4"
"10216","BECv12","IDFdk2","IDFdk2/105","D3"
"10217","BECv12","IDFdk2","IDFdk2/105","C4"
"10218","BECv12","IDFdk2","IDFdk2/105","C3"
"10219","BECv12","IDFdk2","IDFdk2/105","B4"
"10220","BECv12","IDFdk2","IDFdk2/105","B3"
"10221","BECv12","IDFdk2","IDFdk2/110","D5"
"10222","BECv12","IDFdk2","IDFdk2/110","C5"
"10223","BECv12","IDFdk2","IDFdk2/111","E7"
"10224","BECv12","IDFdk2","IDFdk2/111","D7"
"10225","BECv12","IDFdk2","IDFdk2/111","C7"
"10226","BECv12","IDFdk2","IDFdk2/111","C6"
"10227","BECv12","IDFdk2","IDFdk2/Fm02","E6"
"10228","BECv12","IDFdk2","IDFdk2/Fm02","E5"
"10229","BECv12","IDFdk2","IDFdk2/Fm02","D6"
"10230","BECv10","IDFdk2","IDFdk2/Gg","D1"
"10231","BECv10","IDFdk2","IDFdk2/Gg","C1"
"10232","BECv10","IDFdk2","IDFdk2/Gg","B1"
"10233","BECv10","IDFdk3","IDFdk3/01","D4"
"10234","BECv10","IDFdk3","IDFdk3/01","C4"
"10235","BECv10","IDFdk3","IDFdk3/01","B4"
"10236","BECv10","IDFdk3","IDFdk3/02","B1"
"10237","BECv10","IDFdk3","IDFdk3/02","A1"
"10238","BECv10","IDFdk3","IDFdk3/03","D1"
"10239","BECv10","IDFdk3","IDFdk3/03","C1"
"10240","BECv10","IDFdk3","IDFdk3/04","D2"
"10241","BECv10","IDFdk3","IDFdk3/04","C2"
"10242","BECv10","IDFdk3","IDFdk3/05","C3"
"10243","BECv10","IDFdk3","IDFdk3/05","C2"
"10244","BECv10","IDFdk3","IDFdk3/05","B3"
"10245","BECv10","IDFdk3","IDFdk3/05","B2"
"10246","BECv10","IDFdk3","IDFdk3/05","A3"
"10247","BECv10","IDFdk3","IDFdk3/05","A2"
"10248","BECv10","IDFdk3","IDFdk3/06","D3"
"10249","BECv10","IDFdk3","IDFdk3/06","C3"
"10250","BECv10","IDFdk3","IDFdk3/07","D5"
"10251","BECv10","IDFdk3","IDFdk3/07","C5"
"10252","BECv10","IDFdk3","IDFdk3/08","E5"
"10253","BECv10","IDFdk3","IDFdk3/08","D5"
"10254","BECv10","IDFdk3","IDFdk3/09","E7"
"10255","BECv10","IDFdk3","IDFdk3/09","E6"
"10256","BECv10","IDFdk3","IDFdk3/09","D7"
"10257","BECv10","IDFdk3","IDFdk3/09","D6"
"10258","BECv10","IDFdk3","IDFdk3/09","C7"
"10259","BECv10","IDFdk3","IDFdk3/09","C6"
"10260","BECv10","IDFdk3","IDFdk3/09","B7"
"10261","BECv10","IDFdk3","IDFdk3/09","B6"
"10262","Add_2021","IDFdk3","IDFdk3/Ro","A0"
"10263","Add_2021","IDFdk3","IDFdk3/Ro","B0"
"10264","BECv10","IDFdk4","IDFdk4/01","D4"
"10265","BECv10","IDFdk4","IDFdk4/01","D3"
"10266","BECv10","IDFdk4","IDFdk4/01","C4"
"10267","BECv10","IDFdk4","IDFdk4/01","B4"
"10268","BECv10","IDFdk4","IDFdk4/02","D1"
"10269","BECv10","IDFdk4","IDFdk4/02","C1"
"10270","BECv10","IDFdk4","IDFdk4/02","B1"
"10271","BECv10","IDFdk4","IDFdk4/02","A1"
"10272","BECv10","IDFdk4","IDFdk4/03","B2"
"10273","BECv10","IDFdk4","IDFdk4/03","B1"
"10274","BECv10","IDFdk4","IDFdk4/03","A2"
"10275","BECv10","IDFdk4","IDFdk4/03","A1"
"10276","BECv10","IDFdk4","IDFdk4/04","D2"
"10277","BECv10","IDFdk4","IDFdk4/04","D1"
"10278","BECv10","IDFdk4","IDFdk4/04","C2"
"10279","BECv10","IDFdk4","IDFdk4/04","C1"
"10280","BECv10","IDFdk4","IDFdk4/05","D3"
"10281","BECv10","IDFdk4","IDFdk4/05","D2"
"10282","BECv10","IDFdk4","IDFdk4/05","C3"
"10283","BECv10","IDFdk4","IDFdk4/05","C2"
"10284","BECv10","IDFdk4","IDFdk4/06","B3"
"10285","BECv10","IDFdk4","IDFdk4/06","A3"
"10286","BECv10","IDFdk4","IDFdk4/07","C3"
"10287","BECv10","IDFdk4","IDFdk4/07","B3"
"10288","BECv10","IDFdk4","IDFdk4/08","C5"
"10289","BECv10","IDFdk4","IDFdk4/08","B5"
"10290","BECv10","IDFdk4","IDFdk4/09","E5"
"10291","BECv10","IDFdk4","IDFdk4/09","D5"
"10292","BECv10","IDFdk4","IDFdk4/09","C5"
"10293","BECv10","IDFdk4","IDFdk4/10","E7"
"10294","BECv10","IDFdk4","IDFdk4/10","E6"
"10295","BECv10","IDFdk4","IDFdk4/10","D7"
"10296","BECv10","IDFdk4","IDFdk4/10","D6"
"10297","BECv10","IDFdk4","IDFdk4/10","C7"
"10298","BECv10","IDFdk4","IDFdk4/10","C6"
"10299","BECv10","IDFdk4","IDFdk4/10","B7"
"10300","BECv10","IDFdk4","IDFdk4/10","B6"
"10301","Add_2021","IDFdk4","IDFdk4/Ro","A0"
"10302","Add_2021","IDFdk4","IDFdk4/Ro","B0"
"10303","BECv11","IDFdk5","IDFdk5/101","C4"
"10304","BECv11","IDFdk5","IDFdk5/101","D3"
"10305","BECv11","IDFdk5","IDFdk5/101","D4"
"10306","BECv11","IDFdk5","IDFdk5/101","B4"
"10307","BECv11","IDFdk5","IDFdk5/102","A1"
"10308","BECv11","IDFdk5","IDFdk5/102","B1"
"10309","BECv11","IDFdk5","IDFdk5/102","C1"
"10310","BECv11","IDFdk5","IDFdk5/103","B2"
"10311","BECv11","IDFdk5","IDFdk5/103","C2"
"10312","BECv11","IDFdk5","IDFdk5/103","D2"
"10313","BECv11","IDFdk5","IDFdk5/104","B3"
"10314","BECv11","IDFdk5","IDFdk5/104","C3"
"10315","BECv11","IDFdk5","IDFdk5/104","D3"
"10316","BECv11","IDFdk5","IDFdk5/110","C5"
"10317","BECv11","IDFdk5","IDFdk5/110","C6"
"10318","BECv11","IDFdk5","IDFdk5/110","D5"
"10319","BECv11","IDFdk5","IDFdk5/110","D6"
"10320","BECv11","IDFdk5","IDFdk5/111","C6"
"10321","BECv11","IDFdk5","IDFdk5/111","C7"
"10322","BECv11","IDFdk5","IDFdk5/111","D6"
"10323","BECv11","IDFdk5","IDFdk5/111","D7"
"10324","BECv11","IDFdk5","IDFdk5/111","E7"
"10325","BECv12","IDFdk5","IDFdk5/Fm01","E6"
"10326","BECv12","IDFdk5","IDFdk5/Fm01","E5"
"10327","BECv12","IDFdk5","IDFdk5/Fm02","E6"
"10328","BECv12","IDFdk5","IDFdk5/Fm02","E5"
"10329","BECv12","IDFdk5","IDFdk5/Fm07","E6"
"10330","BECv12","IDFdk5","IDFdk5/Fm07","E5"
"10331","BECv11","IDFdk5","IDFdk5/Ro","A0"
"10332","BECv11","IDFdk5","IDFdk5/Ro","B0"
"10333","BECv11","IDFdk5","IDFdk5/Ro","C0"
"10334","USA_2020","IDFdkx_MT","IDFdkx_MT/101","D4"
"10335","USA_2020","IDFdkx_MT","IDFdkx_MT/101","D3"
"10336","USA_2020","IDFdkx_MT","IDFdkx_MT/101","C4"
"10337","USA_2020","IDFdkx_MT","IDFdkx_MT/101","C3"
"10338","USA_2020","IDFdkx_MT","IDFdkx_MT/101","B4"
"10339","USA_2020","IDFdkx_MT","IDFdkx_MT/101","B3"
"10340","USA_2020","IDFdkx_MT","IDFdkx_MT/102","D1"
"10341","USA_2020","IDFdkx_MT","IDFdkx_MT/102","C1"
"10342","USA_2020","IDFdkx_MT","IDFdkx_MT/102","B1"
"10343","USA_2020","IDFdkx_MT","IDFdkx_MT/102","A1"
"10344","USA_2020","IDFdkx_MT","IDFdkx_MT/103","D2"
"10345","USA_2020","IDFdkx_MT","IDFdkx_MT/103","C2"
"10346","USA_2020","IDFdkx_MT","IDFdkx_MT/103","B2"
"10347","USA_2020","IDFdkx_MT","IDFdkx_MT/103","A2"
"10348","USA_2020","IDFdkx_MT","IDFdkx_MT/110","C5"
"10349","USA_2020","IDFdkx_MT","IDFdkx_MT/110","B5"
"10350","USA_2020","IDFdkx_MT","IDFdkx_MT/111","C6"
"10351","USA_2020","IDFdkx_MT","IDFdkx_MT/111","B6"
"10352","USA_2020","IDFdkx_MT","IDFdkx_MT/112","E5"
"10353","USA_2020","IDFdkx_MT","IDFdkx_MT/112","D5"
"10354","USA_2020","IDFdkx_MT","IDFdkx_MT/113","E6"
"10355","USA_2020","IDFdkx_MT","IDFdkx_MT/113","D6"
"10356","Add_2021","IDFdkx_MT","IDFdkx_MT/Ro","A0"
"10357","Add_2021","IDFdkx_MT","IDFdkx_MT/Ro","B0"
"10358","USA_2019","IDFdm_MT","IDFdm_MT/101","D4"
"10359","USA_2019","IDFdm_MT","IDFdm_MT/101","D3"
"10360","USA_2019","IDFdm_MT","IDFdm_MT/101","C4"
"10361","USA_2019","IDFdm_MT","IDFdm_MT/101","C3"
"10362","USA_2019","IDFdm_MT","IDFdm_MT/101","B4"
"10363","USA_2019","IDFdm_MT","IDFdm_MT/101","B3"
"10364","USA_2019","IDFdm_MT","IDFdm_MT/102","D1"
"10365","USA_2019","IDFdm_MT","IDFdm_MT/102","C1"
"10366","USA_2019","IDFdm_MT","IDFdm_MT/102","B1"
"10367","USA_2019","IDFdm_MT","IDFdm_MT/102","A1"
"10368","USA_2019","IDFdm_MT","IDFdm_MT/103","D2"
"10369","USA_2019","IDFdm_MT","IDFdm_MT/103","C2"
"10370","USA_2019","IDFdm_MT","IDFdm_MT/103","B2"
"10371","USA_2019","IDFdm_MT","IDFdm_MT/103","A2"
"10372","USA_2019","IDFdm_MT","IDFdm_MT/110","C5"
"10373","USA_2019","IDFdm_MT","IDFdm_MT/110","B5"
"10374","USA_2019","IDFdm_MT","IDFdm_MT/111","C6"
"10375","USA_2019","IDFdm_MT","IDFdm_MT/111","B6"
"10376","USA_2019","IDFdm_MT","IDFdm_MT/112","E5"
"10377","USA_2019","IDFdm_MT","IDFdm_MT/112","D5"
"10378","USA_2019","IDFdm_MT","IDFdm_MT/113","E6"
"10379","USA_2019","IDFdm_MT","IDFdm_MT/113","D6"
"10380","Add_2021","IDFdm_MT","IDFdm_MT/Ro","A0"
"10381","Add_2021","IDFdm_MT","IDFdm_MT/Ro","B0"
"10382","USA_2019","IDFdm_WA","IDFdm_WA/101","D4"
"10383","USA_2019","IDFdm_WA","IDFdm_WA/101","D3"
"10384","USA_2019","IDFdm_WA","IDFdm_WA/101","C4"
"10385","USA_2019","IDFdm_WA","IDFdm_WA/101","C3"
"10386","USA_2019","IDFdm_WA","IDFdm_WA/101","B4"
"10387","USA_2019","IDFdm_WA","IDFdm_WA/101","B3"
"10388","USA_2019","IDFdm_WA","IDFdm_WA/101","A4"
"10389","USA_2019","IDFdm_WA","IDFdm_WA/101","A3"
"10390","USA_2019","IDFdm_WA","IDFdm_WA/102","D1"
"10391","USA_2019","IDFdm_WA","IDFdm_WA/102","C1"
"10392","USA_2019","IDFdm_WA","IDFdm_WA/102","B1"
"10393","USA_2019","IDFdm_WA","IDFdm_WA/102","A1"
"10394","USA_2019","IDFdm_WA","IDFdm_WA/103","D2"
"10395","USA_2019","IDFdm_WA","IDFdm_WA/103","C2"
"10396","USA_2019","IDFdm_WA","IDFdm_WA/103","B2"
"10397","USA_2019","IDFdm_WA","IDFdm_WA/103","A2"
"10398","USA_2019","IDFdm_WA","IDFdm_WA/110","C5"
"10399","USA_2019","IDFdm_WA","IDFdm_WA/110","B5"
"10400","USA_2019","IDFdm_WA","IDFdm_WA/111","C6"
"10401","USA_2019","IDFdm_WA","IDFdm_WA/111","B6"
"10402","USA_2019","IDFdm_WA","IDFdm_WA/112","E5"
"10403","USA_2019","IDFdm_WA","IDFdm_WA/112","D5"
"10404","USA_2019","IDFdm_WA","IDFdm_WA/113","E6"
"10405","USA_2019","IDFdm_WA","IDFdm_WA/113","D6"
"10406","Add_2021","IDFdm_WA","IDFdm_WA/Ro","A0"
"10407","Add_2021","IDFdm_WA","IDFdm_WA/Ro","B0"
"10408","BECv12","IDFdm1","IDFdm1/101","D4"
"10409","BECv12","IDFdm1","IDFdm1/101","D3"
"10410","BECv12","IDFdm1","IDFdm1/101","C4"
"10411","BECv12","IDFdm1","IDFdm1/101","B4"
"10412","BECv12","IDFdm1","IDFdm1/102","B1"
"10413","BECv12","IDFdm1","IDFdm1/102","A1"
"10414","BECv12","IDFdm1","IDFdm1/103","D2"
"10415","BECv12","IDFdm1","IDFdm1/103","C2"
"10416","BECv12","IDFdm1","IDFdm1/103","B2"
"10417","BECv12","IDFdm1","IDFdm1/104","D3"
"10418","BECv12","IDFdm1","IDFdm1/104","D2"
"10419","BECv12","IDFdm1","IDFdm1/104","C3"
"10420","BECv12","IDFdm1","IDFdm1/104","B3"
"10421","BECv12","IDFdm1","IDFdm1/110","D5"
"10422","BECv12","IDFdm1","IDFdm1/110","C5"
"10423","BECv12","IDFdm1","IDFdm1/110.1","D5"
"10424","BECv12","IDFdm1","IDFdm1/110.1","C5"
"10425","BECv12","IDFdm1","IDFdm1/110.2","D5"
"10426","BECv12","IDFdm1","IDFdm1/110.2","C5"
"10427","BECv12","IDFdm1","IDFdm1/111","E6"
"10428","BECv12","IDFdm1","IDFdm1/111","D6"
"10429","BECv12","IDFdm1","IDFdm1/111","D5"
"10430","BECv12","IDFdm1","IDFdm1/111","C6"
"10431","BECv12","IDFdm1","IDFdm1/111","C5"
"10432","BECv12","IDFdm1","IDFdm1/112","E7"
"10433","BECv12","IDFdm1","IDFdm1/112","E6"
"10434","BECv12","IDFdm1","IDFdm1/112","D7"
"10435","BECv12","IDFdm1","IDFdm1/112","D6"
"10436","BECv12","IDFdm1","IDFdm1/112","C7"
"10437","BECv12","IDFdm1","IDFdm1/112","C6"
"10438","BECv12","IDFdm1","IDFdm1/Fm01","E5"
"10439","BECv12","IDFdm1","IDFdm1/Fm01","E6"
"10440","BECv12","IDFdm1","IDFdm1/Fm05","E5"
"10441","BECv12","IDFdm1","IDFdm1/Fm05","E6"
"10442","Add_2021","IDFdm1","IDFdm1/Ro","A0"
"10443","Add_2021","IDFdm1","IDFdm1/Ro","B0"
"10444","BECv11","IDFdm2","IDFdm2/101","C4"
"10445","BECv11","IDFdm2","IDFdm2/101","D3"
"10446","BECv11","IDFdm2","IDFdm2/101","D4"
"10447","BECv11","IDFdm2","IDFdm2/101","B4"
"10448","BECv11","IDFdm2","IDFdm2/102","B1"
"10449","BECv11","IDFdm2","IDFdm2/102","C1"
"10450","BECv11","IDFdm2","IDFdm2/103","B2"
"10451","BECv11","IDFdm2","IDFdm2/103","C2"
"10452","BECv11","IDFdm2","IDFdm2/103","D2"
"10453","BECv11","IDFdm2","IDFdm2/104","B3"
"10454","BECv11","IDFdm2","IDFdm2/104","C3"
"10455","BECv11","IDFdm2","IDFdm2/104","D2"
"10456","BECv11","IDFdm2","IDFdm2/104","D3"
"10457","BECv11","IDFdm2","IDFdm2/110","C5"
"10458","BECv11","IDFdm2","IDFdm2/110","D4"
"10459","BECv11","IDFdm2","IDFdm2/110","D5"
"10460","BECv11","IDFdm2","IDFdm2/110","E5"
"10461","BECv11","IDFdm2","IDFdm2/111","C5"
"10462","BECv11","IDFdm2","IDFdm2/111","C6"
"10463","BECv11","IDFdm2","IDFdm2/111","D5"
"10464","BECv11","IDFdm2","IDFdm2/111","D6"
"10465","BECv11","IDFdm2","IDFdm2/111","E5"
"10466","BECv11","IDFdm2","IDFdm2/111","E6"
"10467","BECv11","IDFdm2","IDFdm2/112","C6"
"10468","BECv11","IDFdm2","IDFdm2/112","C7"
"10469","BECv11","IDFdm2","IDFdm2/112","D6"
"10470","BECv11","IDFdm2","IDFdm2/112","D7"
"10471","BECv11","IDFdm2","IDFdm2/112","E6"
"10472","BECv11","IDFdm2","IDFdm2/112","E7"
"10473","BECv11","IDFdm2","IDFdm2/112a","C6"
"10474","BECv11","IDFdm2","IDFdm2/112a","D6"
"10475","BECv11","IDFdm2","IDFdm2/112a","E6"
"10476","BECv11","IDFdm2","IDFdm2/112a","E7"
"10477","BECv11","IDFdm2","IDFdm2/112b","C7"
"10478","BECv11","IDFdm2","IDFdm2/112b","D7"
"10479","BECv11","IDFdm2","IDFdm2/Ro","A0"
"10480","BECv11","IDFdm2","IDFdm2/Ro","B0"
"10481","BECv11","IDFdm2","IDFdm2/Ro","C0"
"10482","BECv13","IDFdw","IDFdw/101","B4"
"10483","BECv13","IDFdw","IDFdw/101","C4"
"10484","BECv13","IDFdw","IDFdw/101","D4"
"10485","BECv13","IDFdw","IDFdw/101","D3"
"10486","BECv13","IDFdw","IDFdw/101","C3"
"10487","BECv13","IDFdw","IDFdw/101","B3"
"10488","BECv13","IDFdw","IDFdw/102","A1"
"10489","BECv13","IDFdw","IDFdw/102","B1"
"10490","BECv13","IDFdw","IDFdw/102","C1"
"10491","BECv13","IDFdw","IDFdw/102","D1"
"10492","BECv13","IDFdw","IDFdw/103","A2"
"10493","BECv13","IDFdw","IDFdw/103","B2"
"10494","BECv13","IDFdw","IDFdw/103","A3"
"10495","BECv13","IDFdw","IDFdw/103","B3"
"10496","BECv13","IDFdw","IDFdw/104","B2"
"10497","BECv13","IDFdw","IDFdw/104","C2"
"10498","BECv13","IDFdw","IDFdw/104","D2"
"10499","BECv13","IDFdw","IDFdw/104","B3"
"10500","BECv13","IDFdw","IDFdw/104","C3"
"10501","BECv13","IDFdw","IDFdw/104","D3"
"10502","BECv13","IDFdw","IDFdw/105","B3"
"10503","BECv13","IDFdw","IDFdw/105","B4"
"10504","BECv13","IDFdw","IDFdw/105","C4"
"10505","BECv13","IDFdw","IDFdw/105","D4"
"10506","BECv13","IDFdw","IDFdw/105","D3"
"10507","BECv13","IDFdw","IDFdw/105","C3"
"10508","BECv13","IDFdw","IDFdw/110","B5"
"10509","BECv13","IDFdw","IDFdw/110","C5"
"10510","BECv13","IDFdw","IDFdw/110","D5"
"10511","BECv13","IDFdw","IDFdw/111","B6"
"10512","BECv13","IDFdw","IDFdw/111","C6"
"10513","BECv13","IDFdw","IDFdw/111","D6"
"10514","BECv13","IDFdw","IDFdw/111","C5"
"10515","BECv13","IDFdw","IDFdw/111","D5"
"10516","BECv13","IDFdw","IDFdw/111","E5"
"10517","BECv13","IDFdw","IDFdw/112","E6"
"10518","BECv13","IDFdw","IDFdw/112","D6"
"10519","BECv13","IDFdw","IDFdw/113","B7"
"10520","BECv13","IDFdw","IDFdw/113","C7"
"10521","BECv13","IDFdw","IDFdw/113","D7"
"10522","BECv13","IDFdw","IDFdw/113","E7"
"10523","BECv13","IDFdw","IDFdw/113","E6"
"10524","BECv13","IDFdw","IDFdw/113","D6"
"10525","BECv13","IDFdw","IDFdw/113","C6"
"10526","BECv13","IDFdw","IDFdw/113","B6"
"10527","BECv13","IDFdw","IDFdw/Fm02","B6"
"10528","BECv13","IDFdw","IDFdw/Fm02","C6"
"10529","BECv13","IDFdw","IDFdw/Fm02","D6"
"10530","BECv13","IDFdw","IDFdw/Fm02","C5"
"10531","BECv13","IDFdw","IDFdw/Fm02","D5"
"10532","BECv13","IDFdw","IDFdw/Fm02","E5"
"10533","USA_2019","IDFdx_MT","IDFdx_MT/101","D4"
"10534","USA_2019","IDFdx_MT","IDFdx_MT/101","D3"
"10535","USA_2019","IDFdx_MT","IDFdx_MT/101","C4"
"10536","USA_2019","IDFdx_MT","IDFdx_MT/101","C3"
"10537","USA_2019","IDFdx_MT","IDFdx_MT/101","B4"
"10538","USA_2019","IDFdx_MT","IDFdx_MT/101","B3"
"10539","USA_2019","IDFdx_MT","IDFdx_MT/102","D2"
"10540","USA_2019","IDFdx_MT","IDFdx_MT/102","C2"
"10541","USA_2019","IDFdx_MT","IDFdx_MT/102","B2"
"10542","USA_2019","IDFdx_MT","IDFdx_MT/102","A2"
"10543","USA_2019","IDFdx_MT","IDFdx_MT/110","C5"
"10544","USA_2019","IDFdx_MT","IDFdx_MT/110","B5"
"10545","USA_2019","IDFdx_MT","IDFdx_MT/111","C6"
"10546","USA_2019","IDFdx_MT","IDFdx_MT/111","B6"
"10547","USA_2019","IDFdx_MT","IDFdx_MT/112","E5"
"10548","USA_2019","IDFdx_MT","IDFdx_MT/112","D5"
"10549","USA_2019","IDFdx_MT","IDFdx_MT/113","E6"
"10550","USA_2019","IDFdx_MT","IDFdx_MT/113","D6"
"10551","USA_2019","IDFdx_MT","IDFdx_MT/Gg","D1"
"10552","USA_2019","IDFdx_MT","IDFdx_MT/Gg","C1"
"10553","USA_2019","IDFdx_MT","IDFdx_MT/Gg","B1"
"10554","USA_2019","IDFdx_MT","IDFdx_MT/Gg","A1"
"10555","Add_2021","IDFdx_MT","IDFdx_MT/Ro","A0"
"10556","Add_2021","IDFdx_MT","IDFdx_MT/Ro","B0"
"10557","USA_2020","IDFdxx_WY","IDFdxx_WY/101","D4"
"10558","USA_2020","IDFdxx_WY","IDFdxx_WY/101","D3"
"10559","USA_2020","IDFdxx_WY","IDFdxx_WY/101","C4"
"10560","USA_2020","IDFdxx_WY","IDFdxx_WY/101","C3"
"10561","USA_2020","IDFdxx_WY","IDFdxx_WY/101","B4"
"10562","USA_2020","IDFdxx_WY","IDFdxx_WY/101","B3"
"10563","USA_2020","IDFdxx_WY","IDFdxx_WY/102","D2"
"10564","USA_2020","IDFdxx_WY","IDFdxx_WY/102","C2"
"10565","USA_2020","IDFdxx_WY","IDFdxx_WY/102","B2"
"10566","USA_2020","IDFdxx_WY","IDFdxx_WY/102","A2"
"10567","USA_2020","IDFdxx_WY","IDFdxx_WY/110","C5"
"10568","USA_2020","IDFdxx_WY","IDFdxx_WY/110","B5"
"10569","USA_2020","IDFdxx_WY","IDFdxx_WY/111","C6"
"10570","USA_2020","IDFdxx_WY","IDFdxx_WY/111","B6"
"10571","USA_2020","IDFdxx_WY","IDFdxx_WY/112","E5"
"10572","USA_2020","IDFdxx_WY","IDFdxx_WY/112","D5"
"10573","USA_2020","IDFdxx_WY","IDFdxx_WY/113","E6"
"10574","USA_2020","IDFdxx_WY","IDFdxx_WY/113","D6"
"10575","USA_2020","IDFdxx_WY","IDFdxx_WY/Gg","D1"
"10576","USA_2020","IDFdxx_WY","IDFdxx_WY/Gg","C1"
"10577","USA_2020","IDFdxx_WY","IDFdxx_WY/Gg","B1"
"10578","USA_2020","IDFdxx_WY","IDFdxx_WY/Gg","A1"
"10579","Add_2021","IDFdxx_WY","IDFdxx_WY/Ro","A0"
"10580","Add_2021","IDFdxx_WY","IDFdxx_WY/Ro","B0"
"10581","BECv10","IDFmw2","IDFmw2/01","D5"
"10582","BECv10","IDFmw2","IDFmw2/01","D4"
"10583","BECv10","IDFmw2","IDFmw2/01","D3"
"10584","BECv10","IDFmw2","IDFmw2/01","C5"
"10585","BECv10","IDFmw2","IDFmw2/01","C4"
"10586","BECv10","IDFmw2","IDFmw2/01","C3"
"10587","BECv10","IDFmw2","IDFmw2/01","B5"
"10588","BECv10","IDFmw2","IDFmw2/01","B4"
"10589","BECv10","IDFmw2","IDFmw2/01","B3"
"10590","BECv10","IDFmw2","IDFmw2/01","A5"
"10591","BECv10","IDFmw2","IDFmw2/01","A4"
"10592","BECv10","IDFmw2","IDFmw2/01","A3"
"10593","BECv10","IDFmw2","IDFmw2/02","C1"
"10594","BECv10","IDFmw2","IDFmw2/02","C0"
"10595","BECv10","IDFmw2","IDFmw2/02","B2"
"10596","BECv10","IDFmw2","IDFmw2/02","B1"
"10597","BECv10","IDFmw2","IDFmw2/02","B0"
"10598","BECv10","IDFmw2","IDFmw2/02","A2"
"10599","BECv10","IDFmw2","IDFmw2/02","A1"
"10600","BECv10","IDFmw2","IDFmw2/02","A0"
"10601","BECv10","IDFmw2","IDFmw2/03","D3"
"10602","BECv10","IDFmw2","IDFmw2/03","D2"
"10603","BECv10","IDFmw2","IDFmw2/03","D1"
"10604","BECv10","IDFmw2","IDFmw2/03","C3"
"10605","BECv10","IDFmw2","IDFmw2/03","C2"
"10606","BECv10","IDFmw2","IDFmw2/03","C1"
"10607","BECv10","IDFmw2","IDFmw2/03","B3"
"10608","BECv10","IDFmw2","IDFmw2/03","B2"
"10609","BECv10","IDFmw2","IDFmw2/03","B1"
"10610","BECv10","IDFmw2","IDFmw2/03","A3"
"10611","BECv10","IDFmw2","IDFmw2/03","A2"
"10612","BECv10","IDFmw2","IDFmw2/04","E6"
"10613","BECv10","IDFmw2","IDFmw2/04","E5"
"10614","BECv10","IDFmw2","IDFmw2/04","E4"
"10615","BECv10","IDFmw2","IDFmw2/04","D6"
"10616","BECv10","IDFmw2","IDFmw2/04","D5"
"10617","BECv10","IDFmw2","IDFmw2/04","D4"
"10618","BECv10","IDFmw2","IDFmw2/04","C6"
"10619","BECv10","IDFmw2","IDFmw2/04","C5"
"10620","BECv10","IDFmw2","IDFmw2/04","C4"
"10621","BECv10","IDFmw2","IDFmw2/04","B6"
"10622","BECv10","IDFmw2","IDFmw2/04","B5"
"10623","BECv10","IDFmw2","IDFmw2/04","B4"
"10624","BECv10","IDFmw2","IDFmw2/05","D7"
"10625","BECv10","IDFmw2","IDFmw2/05","D6"
"10626","BECv10","IDFmw2","IDFmw2/05","C7"
"10627","BECv10","IDFmw2","IDFmw2/05","C6"
"10628","BECv10","IDFmw2","IDFmw2/05","B7"
"10629","BECv10","IDFmw2","IDFmw2/05","B6"
"10630","BECv13","IDFww","IDFww/101","A3"
"10631","BECv13","IDFww","IDFww/101","A4"
"10632","BECv13","IDFww","IDFww/101","B3"
"10633","BECv13","IDFww","IDFww/101","B4"
"10634","BECv13","IDFww","IDFww/101","C4"
"10635","BECv13","IDFww","IDFww/101","D4"
"10636","BECv13","IDFww","IDFww/101","C3"
"10637","BECv13","IDFww","IDFww/101","D3"
"10638","BECv13","IDFww","IDFww/101.1","A3"
"10639","BECv13","IDFww","IDFww/101.1","A4"
"10640","BECv13","IDFww","IDFww/101.1","B4"
"10641","BECv13","IDFww","IDFww/101.1","D3"
"10642","BECv13","IDFww","IDFww/101.1","D4"
"10643","BECv13","IDFww","IDFww/101.1","C4"
"10644","BECv13","IDFww","IDFww/101.1","C3"
"10645","BECv13","IDFww","IDFww/101.1","B3"
"10646","BECv13","IDFww","IDFww/101.2","A3"
"10647","BECv13","IDFww","IDFww/101.2","A4"
"10648","BECv13","IDFww","IDFww/101.2","B3"
"10649","BECv13","IDFww","IDFww/101.2","B4"
"10650","BECv13","IDFww","IDFww/101.2","C3"
"10651","BECv13","IDFww","IDFww/101.2","C4"
"10652","BECv13","IDFww","IDFww/101.2","D3"
"10653","BECv13","IDFww","IDFww/101.2","D4"
"10654","BECv13","IDFww","IDFww/102","A1"
"10655","BECv13","IDFww","IDFww/102","A0"
"10656","BECv13","IDFww","IDFww/102","B0"
"10657","BECv13","IDFww","IDFww/102","B1"
"10658","BECv13","IDFww","IDFww/102","C0"
"10659","BECv13","IDFww","IDFww/102","C1"
"10660","BECv13","IDFww","IDFww/103","A2"
"10661","BECv13","IDFww","IDFww/103","B2"
"10662","BECv13","IDFww","IDFww/104","C2"
"10663","BECv13","IDFww","IDFww/104","D2"
"10664","BECv13","IDFww","IDFww/104","C3"
"10665","BECv13","IDFww","IDFww/104","D3"
"10666","BECv13","IDFww","IDFww/110","B5"
"10667","BECv13","IDFww","IDFww/110","B6"
"10668","BECv13","IDFww","IDFww/110","C5"
"10669","BECv13","IDFww","IDFww/110","D5"
"10670","BECv13","IDFww","IDFww/110","D6"
"10671","BECv13","IDFww","IDFww/110","C6"
"10672","BECv13","IDFww","IDFww/111","D5"
"10673","BECv13","IDFww","IDFww/111","E5"
"10674","BECv13","IDFww","IDFww/111","E6"
"10675","BECv13","IDFww","IDFww/111","D6"
"10676","BECv13","IDFww","IDFww/112","E6"
"10677","BECv13","IDFww","IDFww/112","D6"
"10678","BECv13","IDFww","IDFww/112","D5"
"10679","BECv13","IDFww","IDFww/112","E5"
"10680","BECv13","IDFww","IDFww/Fl","E5"
"10681","BECv13","IDFww","IDFww/Fl","D5"
"10682","BECv13","IDFww","IDFww/Fl","D6"
"10683","BECv13","IDFww","IDFww/Fl","E6"
"10684","BECv13","IDFww","IDFww/Fm01","D5"
"10685","BECv13","IDFww","IDFww/Fm01","E5"
"10686","BECv13","IDFww","IDFww/Fm01","E6"
"10687","BECv13","IDFww","IDFww/Fm01","D6"
"10688","BECv13","IDFww","IDFww/Fm02","D5"
"10689","BECv13","IDFww","IDFww/Fm02","E5"
"10690","BECv13","IDFww","IDFww/Fm02","E6"
"10691","BECv13","IDFww","IDFww/Fm02","D6"
"10692","BECv13","IDFww","IDFww/Ro","A0"
"10693","BECv13","IDFww","IDFww/Ro","B0"
"10694","BECv13","IDFww","IDFww/Ro","C0"
"10695","BECv13","IDFww","IDFww/Wb","A7"
"10696","BECv13","IDFww","IDFww/Wb","B7"
"10697","BECv13","IDFww","IDFww/Ws","E7"
"10698","BECv13","IDFww","IDFww/Ws","D7"
"10699","BECv13","IDFww","IDFww/Ws","C7"
"10700","BECv10","IDFxc","IDFxc/01","D5"
"10701","BECv10","IDFxc","IDFxc/01","D4"
"10702","BECv10","IDFxc","IDFxc/01","D3"
"10703","BECv10","IDFxc","IDFxc/01","D2"
"10704","BECv10","IDFxc","IDFxc/01","C5"
"10705","BECv10","IDFxc","IDFxc/01","C4"
"10706","BECv10","IDFxc","IDFxc/01","C3"
"10707","BECv10","IDFxc","IDFxc/01","B5"
"10708","BECv10","IDFxc","IDFxc/01","B4"
"10709","BECv10","IDFxc","IDFxc/01","B3"
"10710","BECv10","IDFxc","IDFxc/01","A5"
"10711","BECv10","IDFxc","IDFxc/01","A4"
"10712","BECv10","IDFxc","IDFxc/01","A3"
"10713","BECv10","IDFxc","IDFxc/02","C1"
"10714","BECv10","IDFxc","IDFxc/02","C0"
"10715","BECv10","IDFxc","IDFxc/02","B2"
"10716","BECv10","IDFxc","IDFxc/02","B1"
"10717","BECv10","IDFxc","IDFxc/02","B0"
"10718","BECv10","IDFxc","IDFxc/02","A2"
"10719","BECv10","IDFxc","IDFxc/02","A1"
"10720","BECv10","IDFxc","IDFxc/02","A0"
"10721","BECv10","IDFxc","IDFxc/03","D2"
"10722","BECv10","IDFxc","IDFxc/03","D1"
"10723","BECv10","IDFxc","IDFxc/03","C2"
"10724","BECv10","IDFxc","IDFxc/03","C1"
"10725","BECv10","IDFxc","IDFxc/03","B3"
"10726","BECv10","IDFxc","IDFxc/03","B2"
"10727","BECv10","IDFxc","IDFxc/03","B1"
"10728","BECv10","IDFxc","IDFxc/03","A3"
"10729","BECv10","IDFxc","IDFxc/03","A2"
"10730","BECv10","IDFxc","IDFxc/04","D3"
"10731","BECv10","IDFxc","IDFxc/04","D2"
"10732","BECv10","IDFxc","IDFxc/04","C3"
"10733","BECv10","IDFxc","IDFxc/04","C2"
"10734","BECv10","IDFxc","IDFxc/04","B3"
"10735","BECv10","IDFxc","IDFxc/04","B2"
"10736","BECv10","IDFxc","IDFxc/04","A3"
"10737","BECv10","IDFxc","IDFxc/04","A2"
"10738","BECv10","IDFxc","IDFxc/05","C4"
"10739","BECv10","IDFxc","IDFxc/05","C3"
"10740","BECv10","IDFxc","IDFxc/05","B4"
"10741","BECv10","IDFxc","IDFxc/05","B3"
"10742","BECv10","IDFxc","IDFxc/05","A4"
"10743","BECv10","IDFxc","IDFxc/05","A3"
"10744","BECv10","IDFxc","IDFxc/06","E5"
"10745","BECv10","IDFxc","IDFxc/06","E4"
"10746","BECv10","IDFxc","IDFxc/06","E3"
"10747","BECv10","IDFxc","IDFxc/06","D5"
"10748","BECv10","IDFxc","IDFxc/06","D4"
"10749","BECv10","IDFxc","IDFxc/06","D3"
"10750","BECv10","IDFxc","IDFxc/06","C5"
"10751","BECv10","IDFxc","IDFxc/06","C4"
"10752","BECv10","IDFxc","IDFxc/06","B5"
"10753","BECv10","IDFxc","IDFxc/06","B4"
"10754","BECv10","IDFxc","IDFxc/07","E6"
"10755","BECv10","IDFxc","IDFxc/07","E5"
"10756","BECv10","IDFxc","IDFxc/07","D6"
"10757","BECv10","IDFxc","IDFxc/07","D5"
"10758","BECv10","IDFxc","IDFxc/07","C6"
"10759","BECv10","IDFxc","IDFxc/07","C5"
"10760","BECv10","IDFxc","IDFxc/08","E6"
"10761","BECv10","IDFxc","IDFxc/08","D6"
"10762","BECv10","IDFxc","IDFxc/08","C6"
"10763","BECv10","IDFxc","IDFxc/08","C5"
"10764","USA_2019","IDFxh_ID","IDFxh_ID/101","D4"
"10765","USA_2019","IDFxh_ID","IDFxh_ID/101","D3"
"10766","USA_2019","IDFxh_ID","IDFxh_ID/101","C4"
"10767","USA_2019","IDFxh_ID","IDFxh_ID/101","C3"
"10768","USA_2019","IDFxh_ID","IDFxh_ID/101","B4"
"10769","USA_2019","IDFxh_ID","IDFxh_ID/101","B3"
"10770","USA_2019","IDFxh_ID","IDFxh_ID/102","D2"
"10771","USA_2019","IDFxh_ID","IDFxh_ID/102","C2"
"10772","USA_2019","IDFxh_ID","IDFxh_ID/102","B2"
"10773","USA_2019","IDFxh_ID","IDFxh_ID/102","A2"
"10774","USA_2019","IDFxh_ID","IDFxh_ID/110","C5"
"10775","USA_2019","IDFxh_ID","IDFxh_ID/110","B5"
"10776","USA_2019","IDFxh_ID","IDFxh_ID/111","C6"
"10777","USA_2019","IDFxh_ID","IDFxh_ID/111","B6"
"10778","USA_2019","IDFxh_ID","IDFxh_ID/112","E5"
"10779","USA_2019","IDFxh_ID","IDFxh_ID/112","D5"
"10780","USA_2019","IDFxh_ID","IDFxh_ID/113","E6"
"10781","USA_2019","IDFxh_ID","IDFxh_ID/113","D6"
"10782","USA_2019","IDFxh_ID","IDFxh_ID/Gg","D1"
"10783","USA_2019","IDFxh_ID","IDFxh_ID/Gg","C1"
"10784","USA_2019","IDFxh_ID","IDFxh_ID/Gg","B1"
"10785","USA_2019","IDFxh_ID","IDFxh_ID/Gg","A1"
"10786","Add_2021","IDFxh_ID","IDFxh_ID/Ro","A0"
"10787","Add_2021","IDFxh_ID","IDFxh_ID/Ro","B0"
"10788","USA_2023","IDFxh_OR","IDFxh_OR/101","D4"
"10789","USA_2023","IDFxh_OR","IDFxh_OR/101","D3"
"10790","USA_2023","IDFxh_OR","IDFxh_OR/101","C4"
"10791","USA_2023","IDFxh_OR","IDFxh_OR/101","C3"
"10792","USA_2023","IDFxh_OR","IDFxh_OR/101","B4"
"10793","USA_2023","IDFxh_OR","IDFxh_OR/101","B3"
"10794","USA_2023","IDFxh_OR","IDFxh_OR/102","D1"
"10795","USA_2023","IDFxh_OR","IDFxh_OR/102","C1"
"10796","USA_2023","IDFxh_OR","IDFxh_OR/102","B1"
"10797","USA_2023","IDFxh_OR","IDFxh_OR/102","A1"
"10798","USA_2023","IDFxh_OR","IDFxh_OR/103","D2"
"10799","USA_2023","IDFxh_OR","IDFxh_OR/103","C2"
"10800","USA_2023","IDFxh_OR","IDFxh_OR/103","B2"
"10801","USA_2023","IDFxh_OR","IDFxh_OR/103","A2"
"10802","USA_2023","IDFxh_OR","IDFxh_OR/110","C5"
"10803","USA_2023","IDFxh_OR","IDFxh_OR/110","B5"
"10804","USA_2023","IDFxh_OR","IDFxh_OR/111","C6"
"10805","USA_2023","IDFxh_OR","IDFxh_OR/111","B6"
"10806","USA_2023","IDFxh_OR","IDFxh_OR/112","E5"
"10807","USA_2023","IDFxh_OR","IDFxh_OR/112","D5"
"10808","USA_2023","IDFxh_OR","IDFxh_OR/113","E6"
"10809","USA_2023","IDFxh_OR","IDFxh_OR/113","D6"
"10810","USA_2023","IDFxh_OR","IDFxh_OR/Ro","A0"
"10811","USA_2023","IDFxh_OR","IDFxh_OR/Ro","B0"
"10812","USA_2019","IDFxh_WA","IDFxh_WA/101","D4"
"10813","USA_2019","IDFxh_WA","IDFxh_WA/101","D3"
"10814","USA_2019","IDFxh_WA","IDFxh_WA/101","C4"
"10815","USA_2019","IDFxh_WA","IDFxh_WA/101","C3"
"10816","USA_2019","IDFxh_WA","IDFxh_WA/101","B4"
"10817","USA_2019","IDFxh_WA","IDFxh_WA/101","B3"
"10818","USA_2019","IDFxh_WA","IDFxh_WA/102","D1"
"10819","USA_2019","IDFxh_WA","IDFxh_WA/102","C1"
"10820","USA_2019","IDFxh_WA","IDFxh_WA/102","B1"
"10821","USA_2019","IDFxh_WA","IDFxh_WA/102","A1"
"10822","USA_2019","IDFxh_WA","IDFxh_WA/103","D2"
"10823","USA_2019","IDFxh_WA","IDFxh_WA/103","C2"
"10824","USA_2019","IDFxh_WA","IDFxh_WA/103","B2"
"10825","USA_2019","IDFxh_WA","IDFxh_WA/103","A2"
"10826","USA_2019","IDFxh_WA","IDFxh_WA/110","C5"
"10827","USA_2019","IDFxh_WA","IDFxh_WA/110","B5"
"10828","USA_2019","IDFxh_WA","IDFxh_WA/111","C6"
"10829","USA_2019","IDFxh_WA","IDFxh_WA/111","B6"
"10830","USA_2019","IDFxh_WA","IDFxh_WA/112","E5"
"10831","USA_2019","IDFxh_WA","IDFxh_WA/112","D5"
"10832","USA_2019","IDFxh_WA","IDFxh_WA/113","E6"
"10833","USA_2019","IDFxh_WA","IDFxh_WA/113","D6"
"10834","Add_2021","IDFxh_WA","IDFxh_WA/Ro","A0"
"10835","Add_2021","IDFxh_WA","IDFxh_WA/Ro","B0"
"10836","BECv12","IDFxh1","IDFxh1/101","D4"
"10837","BECv12","IDFxh1","IDFxh1/101","D3"
"10838","BECv12","IDFxh1","IDFxh1/101","C4"
"10839","BECv12","IDFxh1","IDFxh1/101","B4"
"10840","BECv12","IDFxh1","IDFxh1/102","C1"
"10841","BECv12","IDFxh1","IDFxh1/102","C0"
"10842","BECv12","IDFxh1","IDFxh1/102","B1"
"10843","BECv12","IDFxh1","IDFxh1/102","B0"
"10844","BECv12","IDFxh1","IDFxh1/102","A1"
"10845","BECv12","IDFxh1","IDFxh1/102","A0"
"10846","BECv12","IDFxh1","IDFxh1/103","C2"
"10847","BECv12","IDFxh1","IDFxh1/103","C1"
"10848","BECv12","IDFxh1","IDFxh1/103","B2"
"10849","BECv12","IDFxh1","IDFxh1/103","B1"
"10850","BECv12","IDFxh1","IDFxh1/103","A2"
"10851","BECv12","IDFxh1","IDFxh1/103","A1"
"10852","BECv12","IDFxh1","IDFxh1/104","C2"
"10853","BECv12","IDFxh1","IDFxh1/104","B3"
"10854","BECv12","IDFxh1","IDFxh1/104","B2"
"10855","BECv12","IDFxh1","IDFxh1/105","C3"
"10856","BECv12","IDFxh1","IDFxh1/105","B3"
"10857","BECv12","IDFxh1","IDFxh1/106","C3"
"10858","BECv12","IDFxh1","IDFxh1/106","B3"
"10859","BECv12","IDFxh1","IDFxh1/110","D5"
"10860","BECv12","IDFxh1","IDFxh1/110","D4"
"10861","BECv12","IDFxh1","IDFxh1/110","C5"
"10862","BECv12","IDFxh1","IDFxh1/110","C4"
"10863","BECv12","IDFxh1","IDFxh1/111","E6"
"10864","BECv12","IDFxh1","IDFxh1/111","E5"
"10865","BECv12","IDFxh1","IDFxh1/111","D6"
"10866","BECv12","IDFxh1","IDFxh1/111","D5"
"10867","BECv12","IDFxh1","IDFxh1/111","C6"
"10868","BECv12","IDFxh1","IDFxh1/111","C5"
"10869","BECv12","IDFxh1","IDFxh1/111.1","E6"
"10870","BECv12","IDFxh1","IDFxh1/111.1","E5"
"10871","BECv12","IDFxh1","IDFxh1/111.1","D6"
"10872","BECv12","IDFxh1","IDFxh1/111.1","D5"
"10873","BECv12","IDFxh1","IDFxh1/111.1","C6"
"10874","BECv12","IDFxh1","IDFxh1/111.1","C5"
"10875","BECv12","IDFxh1","IDFxh1/111.2","E6"
"10876","BECv12","IDFxh1","IDFxh1/111.2","E5"
"10877","BECv12","IDFxh1","IDFxh1/111.2","D6"
"10878","BECv12","IDFxh1","IDFxh1/111.2","D5"
"10879","BECv12","IDFxh1","IDFxh1/111.2","C6"
"10880","BECv12","IDFxh1","IDFxh1/111.2","C5"
"10881","BECv12","IDFxh1","IDFxh1/112","E7"
"10882","BECv12","IDFxh1","IDFxh1/112","E6"
"10883","BECv12","IDFxh1","IDFxh1/112","D7"
"10884","BECv12","IDFxh1","IDFxh1/112","D6"
"10885","BECv12","IDFxh1","IDFxh1/112","C7"
"10886","BECv12","IDFxh1","IDFxh1/112","C6"
"10887","BECv12","IDFxh1","IDFxh1/Fm01","E6"
"10888","BECv12","IDFxh1","IDFxh1/Fm01","E5"
"10889","BECv12","IDFxh1","IDFxh1/Fm01","D6"
"10890","BECv12","IDFxh1","IDFxh1/Fm01","D5"
"10891","BECv12","IDFxh1","IDFxh1/Fm01","C6"
"10892","BECv12","IDFxh1","IDFxh1/Fm01","C5"
"10893","BECv12","IDFxh1","IDFxh1/Fm05","E6"
"10894","BECv12","IDFxh1","IDFxh1/Fm05","E5"
"10895","BECv12","IDFxh1","IDFxh1/Fm05","D6"
"10896","BECv12","IDFxh1","IDFxh1/Fm05","D5"
"10897","BECv12","IDFxh1","IDFxh1/Fm05","C6"
"10898","BECv12","IDFxh1","IDFxh1/Fm05","C5"
"10899","BECv10","IDFxh1","IDFxh1/Gg","D2"
"10900","BECv10","IDFxh1","IDFxh1/Gg","D1"
"10901","BECv10","IDFxh1","IDFxh1/Gg","C2"
"10902","BECv10","IDFxh1","IDFxh1/Gg","C1"
"10903","BECv10","IDFxh1","IDFxh1/Gg","B2"
"10904","BECv10","IDFxh1","IDFxh1/Gg","B1"
"10905","BECv10","IDFxh1","IDFxh1/Gg","A2"
"10906","BECv10","IDFxh1","IDFxh1/Gg","A1"
"10907","BECv12","IDFxh2","IDFxh2/101","D4"
"10908","BECv12","IDFxh2","IDFxh2/101","D3"
"10909","BECv12","IDFxh2","IDFxh2/101","C4"
"10910","BECv12","IDFxh2","IDFxh2/101","C3"
"10911","BECv12","IDFxh2","IDFxh2/101","B4"
"10912","BECv12","IDFxh2","IDFxh2/101","B3"
"10913","BECv12","IDFxh2","IDFxh2/102","C1"
"10914","BECv12","IDFxh2","IDFxh2/102","C0"
"10915","BECv12","IDFxh2","IDFxh2/102","B1"
"10916","BECv12","IDFxh2","IDFxh2/102","B0"
"10917","BECv12","IDFxh2","IDFxh2/102","A1"
"10918","BECv12","IDFxh2","IDFxh2/102","A0"
"10919","BECv12","IDFxh2","IDFxh2/103","C3"
"10920","BECv12","IDFxh2","IDFxh2/103","C2"
"10921","BECv12","IDFxh2","IDFxh2/103","B3"
"10922","BECv12","IDFxh2","IDFxh2/103","B2"
"10923","BECv12","IDFxh2","IDFxh2/103","A3"
"10924","BECv12","IDFxh2","IDFxh2/103","A2"
"10925","BECv12","IDFxh2","IDFxh2/104","D4"
"10926","BECv12","IDFxh2","IDFxh2/104","D3"
"10927","BECv12","IDFxh2","IDFxh2/104","C4"
"10928","BECv12","IDFxh2","IDFxh2/104","C3"
"10929","BECv12","IDFxh2","IDFxh2/104","B4"
"10930","BECv12","IDFxh2","IDFxh2/104","B3"
"10931","BECv12","IDFxh2","IDFxh2/110","D4"
"10932","BECv12","IDFxh2","IDFxh2/110","C5"
"10933","BECv12","IDFxh2","IDFxh2/110","C4"
"10934","BECv12","IDFxh2","IDFxh2/111","D4"
"10935","BECv12","IDFxh2","IDFxh2/111","C5"
"10936","BECv12","IDFxh2","IDFxh2/111","C4"
"10937","BECv12","IDFxh2","IDFxh2/112","E5"
"10938","BECv12","IDFxh2","IDFxh2/112","D5"
"10939","BECv12","IDFxh2","IDFxh2/113","E6"
"10940","BECv12","IDFxh2","IDFxh2/113","E5"
"10941","BECv12","IDFxh2","IDFxh2/113","D6"
"10942","BECv12","IDFxh2","IDFxh2/113","D5"
"10943","BECv12","IDFxh2","IDFxh2/113","C6"
"10944","BECv12","IDFxh2","IDFxh2/113","C5"
"10945","BECv12","IDFxh2","IDFxh2/Fm01","E6"
"10946","BECv12","IDFxh2","IDFxh2/Fm01","E5"
"10947","BECv12","IDFxh2","IDFxh2/Fm01","D6"
"10948","BECv12","IDFxh2","IDFxh2/Fm01","D5"
"10949","BECv12","IDFxh2","IDFxh2/Fm01","C6"
"10950","BECv12","IDFxh2","IDFxh2/Fm01","C5"
"10951","BECv12","IDFxh2","IDFxh2/Fm02","E6"
"10952","BECv12","IDFxh2","IDFxh2/Fm02","E5"
"10953","BECv12","IDFxh2","IDFxh2/Fm02","D6"
"10954","BECv12","IDFxh2","IDFxh2/Fm02","D5"
"10955","BECv12","IDFxh2","IDFxh2/Fm02","C6"
"10956","BECv12","IDFxh2","IDFxh2/Fm02","C5"
"10957","BECv12","IDFxh2","IDFxh2/Fm05","E6"
"10958","BECv12","IDFxh2","IDFxh2/Fm05","E5"
"10959","BECv12","IDFxh2","IDFxh2/Fm05","D6"
"10960","BECv12","IDFxh2","IDFxh2/Fm05","D5"
"10961","BECv12","IDFxh2","IDFxh2/Fm05","C6"
"10962","BECv12","IDFxh2","IDFxh2/Fm05","C5"
"10963","BECv11","IDFxk","IDFxk/101","D4"
"10964","BECv11","IDFxk","IDFxk/101","C4"
"10965","BECv11","IDFxk","IDFxk/101","B4"
"10966","BECv11","IDFxk","IDFxk/102","D2"
"10967","BECv11","IDFxk","IDFxk/102","D1"
"10968","BECv11","IDFxk","IDFxk/102","C2"
"10969","BECv11","IDFxk","IDFxk/102","C1"
"10970","BECv11","IDFxk","IDFxk/102","B2"
"10971","BECv11","IDFxk","IDFxk/102","B1"
"10972","BECv11","IDFxk","IDFxk/102a","D1"
"10973","BECv11","IDFxk","IDFxk/102a","C1"
"10974","BECv11","IDFxk","IDFxk/102a","B1"
"10975","BECv11","IDFxk","IDFxk/102b","D2"
"10976","BECv11","IDFxk","IDFxk/102b","C2"
"10977","BECv11","IDFxk","IDFxk/102b","B2"
"10978","BECv11","IDFxk","IDFxk/103","D3"
"10979","BECv11","IDFxk","IDFxk/103","D2"
"10980","BECv11","IDFxk","IDFxk/103","C3"
"10981","BECv11","IDFxk","IDFxk/103","B3"
"10982","BECv11","IDFxk","IDFxk/110","D4"
"10983","BECv11","IDFxk","IDFxk/110","C4"
"10984","BECv11","IDFxk","IDFxk/111","D5"
"10985","BECv11","IDFxk","IDFxk/111","C5"
"10986","BECv11","IDFxk","IDFxk/112","E6"
"10987","BECv11","IDFxk","IDFxk/112","E5"
"10988","BECv11","IDFxk","IDFxk/112","D6"
"10989","BECv11","IDFxk","IDFxk/112","D5"
"10990","BECv11","IDFxk","IDFxk/112","C6"
"10991","BECv11","IDFxk","IDFxk/113","E6"
"10992","BECv11","IDFxk","IDFxk/113","D7"
"10993","BECv11","IDFxk","IDFxk/113","D6"
"10994","BECv11","IDFxk","IDFxk/113","C7"
"10995","BECv11","IDFxk","IDFxk/113","C6"
"10996","BECv12","IDFxk","IDFxk/Fm01","E6"
"10997","BECv12","IDFxk","IDFxk/Fm01","E5"
"10998","BECv12","IDFxk","IDFxk/Fm02","E6"
"10999","BECv12","IDFxk","IDFxk/Fm02","E5"
"11000","BECv12","IDFxk","IDFxk/Fm07","E6"
"11001","BECv12","IDFxk","IDFxk/Fm07","E5"
"11002","BECv11","IDFxk","IDFxk/Ro","D0"
"11003","BECv11","IDFxk","IDFxk/Ro","C0"
"11004","BECv11","IDFxk","IDFxk/Ro","B0"
"11005","BECv11","IDFxk","IDFxk/Ro","A0"
"11006","BECv10","IDFxm","IDFxm/01","D4"
"11007","BECv10","IDFxm","IDFxm/01","D3"
"11008","BECv10","IDFxm","IDFxm/01","C4"
"11009","BECv10","IDFxm","IDFxm/01","C3"
"11010","BECv10","IDFxm","IDFxm/01","B4"
"11011","BECv10","IDFxm","IDFxm/01","B3"
"11012","BECv10","IDFxm","IDFxm/01a","D4"
"11013","BECv10","IDFxm","IDFxm/01a","D3"
"11014","BECv10","IDFxm","IDFxm/01a","C4"
"11015","BECv10","IDFxm","IDFxm/01a","C3"
"11016","BECv10","IDFxm","IDFxm/01a","B4"
"11017","BECv10","IDFxm","IDFxm/01a","B3"
"11018","BECv10","IDFxm","IDFxm/01b","D4"
"11019","BECv10","IDFxm","IDFxm/01b","D3"
"11020","BECv10","IDFxm","IDFxm/01b","C4"
"11021","BECv10","IDFxm","IDFxm/01b","C3"
"11022","BECv10","IDFxm","IDFxm/01b","B4"
"11023","BECv10","IDFxm","IDFxm/01b","B3"
"11024","BECv10","IDFxm","IDFxm/02","D2"
"11025","BECv10","IDFxm","IDFxm/02","D1"
"11026","BECv10","IDFxm","IDFxm/02","C2"
"11027","BECv10","IDFxm","IDFxm/02","C1"
"11028","BECv10","IDFxm","IDFxm/02","B2"
"11029","BECv10","IDFxm","IDFxm/02","B1"
"11030","BECv10","IDFxm","IDFxm/02","A2"
"11031","BECv10","IDFxm","IDFxm/02","A1"
"11032","BECv10","IDFxm","IDFxm/02a","D2"
"11033","BECv10","IDFxm","IDFxm/02a","D1"
"11034","BECv10","IDFxm","IDFxm/02a","C2"
"11035","BECv10","IDFxm","IDFxm/02a","C1"
"11036","BECv10","IDFxm","IDFxm/02a","B2"
"11037","BECv10","IDFxm","IDFxm/02a","A2"
"11038","BECv10","IDFxm","IDFxm/02b","D1"
"11039","BECv10","IDFxm","IDFxm/02b","C1"
"11040","BECv10","IDFxm","IDFxm/02b","B2"
"11041","BECv10","IDFxm","IDFxm/02b","B1"
"11042","BECv10","IDFxm","IDFxm/02b","A2"
"11043","BECv10","IDFxm","IDFxm/02b","A1"
"11044","BECv10","IDFxm","IDFxm/03","B3"
"11045","BECv10","IDFxm","IDFxm/03","B2"
"11046","BECv10","IDFxm","IDFxm/03","A3"
"11047","BECv10","IDFxm","IDFxm/03","A2"
"11048","BECv10","IDFxm","IDFxm/04","D3"
"11049","BECv10","IDFxm","IDFxm/04","D2"
"11050","BECv10","IDFxm","IDFxm/04","C3"
"11051","BECv10","IDFxm","IDFxm/04","C2"
"11052","BECv10","IDFxm","IDFxm/04","B3"
"11053","BECv10","IDFxm","IDFxm/04","B2"
"11054","BECv10","IDFxm","IDFxm/05","D4"
"11055","BECv10","IDFxm","IDFxm/05","D3"
"11056","BECv10","IDFxm","IDFxm/05","C4"
"11057","BECv10","IDFxm","IDFxm/05","C3"
"11058","BECv10","IDFxm","IDFxm/05","B4"
"11059","BECv10","IDFxm","IDFxm/05","B3"
"11060","BECv10","IDFxm","IDFxm/06","D5"
"11061","BECv10","IDFxm","IDFxm/06","C5"
"11062","BECv10","IDFxm","IDFxm/06","B5"
"11063","BECv10","IDFxm","IDFxm/07","E5"
"11064","BECv10","IDFxm","IDFxm/07","D5"
"11065","BECv10","IDFxm","IDFxm/07","C5"
"11066","BECv10","IDFxm","IDFxm/08","E6"
"11067","BECv10","IDFxm","IDFxm/08","E5"
"11068","BECv10","IDFxm","IDFxm/08","D6"
"11069","BECv10","IDFxm","IDFxm/08","D5"
"11070","BECv10","IDFxm","IDFxm/08","C6"
"11071","BECv10","IDFxm","IDFxm/08","C5"
"11072","BECv10","IDFxm","IDFxm/08","B6"
"11073","BECv10","IDFxm","IDFxm/08","B5"
"11074","BECv10","IDFxm","IDFxm/09","E7"
"11075","BECv10","IDFxm","IDFxm/09","E6"
"11076","BECv10","IDFxm","IDFxm/09","D7"
"11077","BECv10","IDFxm","IDFxm/09","D6"
"11078","BECv10","IDFxm","IDFxm/09","C7"
"11079","BECv10","IDFxm","IDFxm/09","C6"
"11080","BECv10","IDFxm","IDFxm/09","B7"
"11081","BECv10","IDFxm","IDFxm/09","B6"
"11082","BECv10","IDFxm","IDFxm/10","D5"
"11083","BECv10","IDFxm","IDFxm/10","C6"
"11084","BECv10","IDFxm","IDFxm/10","C5"
"11085","BECv10","IDFxm","IDFxm/Gg","D5"
"11086","BECv10","IDFxm","IDFxm/Gg","D4"
"11087","BECv10","IDFxm","IDFxm/Gg","D3"
"11088","BECv10","IDFxm","IDFxm/Gg","D2"
"11089","BECv10","IDFxm","IDFxm/Gg","C6"
"11090","BECv10","IDFxm","IDFxm/Gg","C5"
"11091","BECv10","IDFxm","IDFxm/Gg","C4"
"11092","BECv10","IDFxm","IDFxm/Gg","C3"
"11093","BECv10","IDFxm","IDFxm/Gg","C2"
"11094","Add_2021","IDFxm","IDFxm/Ro","A0"
"11095","Add_2021","IDFxm","IDFxm/Ro","B0"
"11096","USA_2019","IDFxm_CO","IDFxm_CO/101","D4"
"11097","USA_2019","IDFxm_CO","IDFxm_CO/101","D3"
"11098","USA_2019","IDFxm_CO","IDFxm_CO/101","C4"
"11099","USA_2019","IDFxm_CO","IDFxm_CO/101","C3"
"11100","USA_2019","IDFxm_CO","IDFxm_CO/101","B4"
"11101","USA_2019","IDFxm_CO","IDFxm_CO/101","B3"
"11102","USA_2019","IDFxm_CO","IDFxm_CO/102","D2"
"11103","USA_2019","IDFxm_CO","IDFxm_CO/102","C2"
"11104","USA_2019","IDFxm_CO","IDFxm_CO/102","B2"
"11105","USA_2019","IDFxm_CO","IDFxm_CO/102","A2"
"11106","USA_2019","IDFxm_CO","IDFxm_CO/110","C5"
"11107","USA_2019","IDFxm_CO","IDFxm_CO/110","B5"
"11108","USA_2019","IDFxm_CO","IDFxm_CO/111","C6"
"11109","USA_2019","IDFxm_CO","IDFxm_CO/111","B6"
"11110","USA_2019","IDFxm_CO","IDFxm_CO/112","E5"
"11111","USA_2019","IDFxm_CO","IDFxm_CO/112","D5"
"11112","USA_2019","IDFxm_CO","IDFxm_CO/113","E6"
"11113","USA_2019","IDFxm_CO","IDFxm_CO/113","D6"
"11114","USA_2019","IDFxm_CO","IDFxm_CO/Gg","D1"
"11115","USA_2019","IDFxm_CO","IDFxm_CO/Gg","C1"
"11116","USA_2019","IDFxm_CO","IDFxm_CO/Gg","B1"
"11117","USA_2019","IDFxm_CO","IDFxm_CO/Gg","A1"
"11118","Add_2021","IDFxm_CO","IDFxm_CO/Ro","A0"
"11119","Add_2021","IDFxm_CO","IDFxm_CO/Ro","B0"
"11120","BECv10","IDFxw","IDFxw/01","D4"
"11121","BECv10","IDFxw","IDFxw/01","D3"
"11122","BECv10","IDFxw","IDFxw/01","C4"
"11123","BECv10","IDFxw","IDFxw/01","C3"
"11124","BECv10","IDFxw","IDFxw/01","B4"
"11125","BECv10","IDFxw","IDFxw/01","B3"
"11126","BECv10","IDFxw","IDFxw/02","D1"
"11127","BECv10","IDFxw","IDFxw/02","C1"
"11128","BECv10","IDFxw","IDFxw/02","B1"
"11129","BECv10","IDFxw","IDFxw/03","D2"
"11130","BECv10","IDFxw","IDFxw/03","C2"
"11131","BECv10","IDFxw","IDFxw/03","B2"
"11132","BECv10","IDFxw","IDFxw/04","D3"
"11133","BECv10","IDFxw","IDFxw/04","D2"
"11134","BECv10","IDFxw","IDFxw/04","C3"
"11135","BECv10","IDFxw","IDFxw/04","C2"
"11136","BECv10","IDFxw","IDFxw/04","B3"
"11137","BECv10","IDFxw","IDFxw/04","B2"
"11138","BECv10","IDFxw","IDFxw/05","D3"
"11139","BECv10","IDFxw","IDFxw/05","C3"
"11140","BECv10","IDFxw","IDFxw/05","B3"
"11141","BECv10","IDFxw","IDFxw/06","E5"
"11142","BECv10","IDFxw","IDFxw/06","D5"
"11143","BECv10","IDFxw","IDFxw/06","C5"
"11144","BECv10","IDFxw","IDFxw/07","E6"
"11145","BECv10","IDFxw","IDFxw/07","D6"
"11146","BECv10","IDFxw","IDFxw/07","C6"
"11147","Add_2021","IDFxw","IDFxw/Ro","A0"
"11148","Add_2021","IDFxw","IDFxw/Ro","B0"
"11149","USA_2019","IDFxx_MT","IDFxx_MT/101","D4"
"11150","USA_2019","IDFxx_MT","IDFxx_MT/101","D3"
"11151","USA_2019","IDFxx_MT","IDFxx_MT/101","C4"
"11152","USA_2019","IDFxx_MT","IDFxx_MT/101","C3"
"11153","USA_2019","IDFxx_MT","IDFxx_MT/101","B4"
"11154","USA_2019","IDFxx_MT","IDFxx_MT/101","B3"
"11155","USA_2019","IDFxx_MT","IDFxx_MT/101","A4"
"11156","USA_2019","IDFxx_MT","IDFxx_MT/101","A3"
"11157","USA_2019","IDFxx_MT","IDFxx_MT/110","C5"
"11158","USA_2019","IDFxx_MT","IDFxx_MT/110","B5"
"11159","USA_2019","IDFxx_MT","IDFxx_MT/111","C6"
"11160","USA_2019","IDFxx_MT","IDFxx_MT/111","B6"
"11161","USA_2019","IDFxx_MT","IDFxx_MT/112","E5"
"11162","USA_2019","IDFxx_MT","IDFxx_MT/112","D5"
"11163","USA_2019","IDFxx_MT","IDFxx_MT/113","E6"
"11164","USA_2019","IDFxx_MT","IDFxx_MT/113","D6"
"11165","USA_2019","IDFxx_MT","IDFxx_MT/Gg","D2"
"11166","USA_2019","IDFxx_MT","IDFxx_MT/Gg","D1"
"11167","USA_2019","IDFxx_MT","IDFxx_MT/Gg","C2"
"11168","USA_2019","IDFxx_MT","IDFxx_MT/Gg","C1"
"11169","USA_2019","IDFxx_MT","IDFxx_MT/Gg","B2"
"11170","USA_2019","IDFxx_MT","IDFxx_MT/Gg","B1"
"11171","USA_2019","IDFxx_MT","IDFxx_MT/Gg","A2"
"11172","USA_2019","IDFxx_MT","IDFxx_MT/Gg","A1"
"11173","Add_2021","IDFxx_MT","IDFxx_MT/Ro","A0"
"11174","Add_2021","IDFxx_MT","IDFxx_MT/Ro","B0"
"11175","USA_2019","IDFxx_WA","IDFxx_WA/101","D4"
"11176","USA_2019","IDFxx_WA","IDFxx_WA/101","D3"
"11177","USA_2019","IDFxx_WA","IDFxx_WA/101","C4"
"11178","USA_2019","IDFxx_WA","IDFxx_WA/101","C3"
"11179","USA_2019","IDFxx_WA","IDFxx_WA/101","B4"
"11180","USA_2019","IDFxx_WA","IDFxx_WA/101","B3"
"11181","USA_2019","IDFxx_WA","IDFxx_WA/102","D1"
"11182","USA_2019","IDFxx_WA","IDFxx_WA/102","C1"
"11183","USA_2019","IDFxx_WA","IDFxx_WA/102","B1"
"11184","USA_2019","IDFxx_WA","IDFxx_WA/102","A1"
"11185","USA_2019","IDFxx_WA","IDFxx_WA/103","D2"
"11186","USA_2019","IDFxx_WA","IDFxx_WA/103","C2"
"11187","USA_2019","IDFxx_WA","IDFxx_WA/103","B2"
"11188","USA_2019","IDFxx_WA","IDFxx_WA/103","A2"
"11189","USA_2019","IDFxx_WA","IDFxx_WA/110","C5"
"11190","USA_2019","IDFxx_WA","IDFxx_WA/110","B5"
"11191","USA_2019","IDFxx_WA","IDFxx_WA/111","C6"
"11192","USA_2019","IDFxx_WA","IDFxx_WA/111","B6"
"11193","USA_2019","IDFxx_WA","IDFxx_WA/112","E5"
"11194","USA_2019","IDFxx_WA","IDFxx_WA/112","D5"
"11195","USA_2019","IDFxx_WA","IDFxx_WA/113","E6"
"11196","USA_2019","IDFxx_WA","IDFxx_WA/113","D6"
"11197","Add_2021","IDFxx_WA","IDFxx_WA/Ro","A0"
"11198","Add_2021","IDFxx_WA","IDFxx_WA/Ro","B0"
"11199","BECv12","IDFxx1","IDFxx1/101","D4"
"11200","BECv12","IDFxx1","IDFxx1/101","C4"
"11201","BECv12","IDFxx1","IDFxx1/101","B4"
"11202","BECv12","IDFxx1","IDFxx1/102","C1"
"11203","BECv12","IDFxx1","IDFxx1/102","B1"
"11204","BECv12","IDFxx1","IDFxx1/102","A1"
"11205","BECv12","IDFxx1","IDFxx1/103","D2"
"11206","BECv12","IDFxx1","IDFxx1/103","C2"
"11207","BECv12","IDFxx1","IDFxx1/103","B2"
"11208","BECv12","IDFxx1","IDFxx1/104","D3"
"11209","BECv12","IDFxx1","IDFxx1/104","C3"
"11210","BECv12","IDFxx1","IDFxx1/104","B3"
"11211","BECv12","IDFxx1","IDFxx1/110","D5"
"11212","BECv12","IDFxx1","IDFxx1/110","D4"
"11213","BECv12","IDFxx1","IDFxx1/110","C5"
"11214","BECv12","IDFxx1","IDFxx1/111","D6"
"11215","BECv12","IDFxx1","IDFxx1/111","D5"
"11216","BECv12","IDFxx1","IDFxx1/111","C6"
"11217","BECv12","IDFxx1","IDFxx1/111","C5"
"11218","Add_2021","IDFxx1","IDFxx1/Ro","A0"
"11219","Add_2021","IDFxx1","IDFxx1/Ro","B0"
"11220","BECv11","IDFxx2","IDFxx2/101","D4"
"11221","BECv11","IDFxx2","IDFxx2/101","C4"
"11222","BECv11","IDFxx2","IDFxx2/101","B4"
"11223","BECv11","IDFxx2","IDFxx2/102","C1"
"11224","BECv11","IDFxx2","IDFxx2/102","B1"
"11225","BECv11","IDFxx2","IDFxx2/102","A1"
"11226","BECv11","IDFxx2","IDFxx2/103","D2"
"11227","BECv11","IDFxx2","IDFxx2/103","C2"
"11228","BECv11","IDFxx2","IDFxx2/103","B2"
"11229","BECv11","IDFxx2","IDFxx2/104","D3"
"11230","BECv11","IDFxx2","IDFxx2/104","C3"
"11231","BECv11","IDFxx2","IDFxx2/104","B3"
"11232","BECv11","IDFxx2","IDFxx2/110","D4"
"11233","BECv11","IDFxx2","IDFxx2/110","C4"
"11234","BECv11","IDFxx2","IDFxx2/111","E5"
"11235","BECv11","IDFxx2","IDFxx2/111","D5"
"11236","BECv11","IDFxx2","IDFxx2/111","C5"
"11237","BECv11","IDFxx2","IDFxx2/112","E6"
"11238","BECv11","IDFxx2","IDFxx2/112","D7"
"11239","BECv11","IDFxx2","IDFxx2/112","D6"
"11240","BECv11","IDFxx2","IDFxx2/112","C7"
"11241","BECv11","IDFxx2","IDFxx2/112","C6"
"11242","BECv11","IDFxx2","IDFxx2/112a","E6"
"11243","BECv11","IDFxx2","IDFxx2/112a","D6"
"11244","BECv11","IDFxx2","IDFxx2/112a","C6"
"11245","BECv11","IDFxx2","IDFxx2/112b","D7"
"11246","BECv11","IDFxx2","IDFxx2/112b","C7"
"11247","BECv12","IDFxx2","IDFxx2/Fm01","E6"
"11248","BECv12","IDFxx2","IDFxx2/Fm01","E5"
"11249","BECv12","IDFxx2","IDFxx2/Fm02","E6"
"11250","BECv12","IDFxx2","IDFxx2/Fm02","E5"
"11251","BECv12","IDFxx2","IDFxx2/Fm07","E6"
"11252","BECv12","IDFxx2","IDFxx2/Fm07","E5"
"11253","BECv11","IDFxx2","IDFxx2/Ro","C0"
"11254","BECv11","IDFxx2","IDFxx2/Ro","B0"
"11255","BECv11","IDFxx2","IDFxx2/Ro","A0"
"11256","USA_2019","IGFdk_WA","IGFdk_WA/101","D4"
"11257","USA_2019","IGFdk_WA","IGFdk_WA/101","D3"
"11258","USA_2019","IGFdk_WA","IGFdk_WA/101","C4"
"11259","USA_2019","IGFdk_WA","IGFdk_WA/101","C3"
"11260","USA_2019","IGFdk_WA","IGFdk_WA/101","B4"
"11261","USA_2019","IGFdk_WA","IGFdk_WA/101","B3"
"11262","USA_2019","IGFdk_WA","IGFdk_WA/102","D1"
"11263","USA_2019","IGFdk_WA","IGFdk_WA/102","C1"
"11264","USA_2019","IGFdk_WA","IGFdk_WA/102","B1"
"11265","USA_2019","IGFdk_WA","IGFdk_WA/102","A1"
"11266","USA_2019","IGFdk_WA","IGFdk_WA/103","D2"
"11267","USA_2019","IGFdk_WA","IGFdk_WA/103","C2"
"11268","USA_2019","IGFdk_WA","IGFdk_WA/103","B2"
"11269","USA_2019","IGFdk_WA","IGFdk_WA/103","A2"
"11270","USA_2019","IGFdk_WA","IGFdk_WA/110","C5"
"11271","USA_2019","IGFdk_WA","IGFdk_WA/110","B5"
"11272","USA_2019","IGFdk_WA","IGFdk_WA/111","C6"
"11273","USA_2019","IGFdk_WA","IGFdk_WA/111","B6"
"11274","USA_2019","IGFdk_WA","IGFdk_WA/112","E5"
"11275","USA_2019","IGFdk_WA","IGFdk_WA/112","D5"
"11276","USA_2019","IGFdk_WA","IGFdk_WA/113","E6"
"11277","USA_2019","IGFdk_WA","IGFdk_WA/113","D6"
"11278","Add_2021","IGFdk_WA","IGFdk_WA/Ro","A0"
"11279","Add_2021","IGFdk_WA","IGFdk_WA/Ro","B0"
"11280","USA_2019","IGFdw_OR","IGFdw_OR/101","D4"
"11281","USA_2019","IGFdw_OR","IGFdw_OR/101","D3"
"11282","USA_2019","IGFdw_OR","IGFdw_OR/101","C4"
"11283","USA_2019","IGFdw_OR","IGFdw_OR/101","C3"
"11284","USA_2019","IGFdw_OR","IGFdw_OR/101","B4"
"11285","USA_2019","IGFdw_OR","IGFdw_OR/101","B3"
"11286","USA_2019","IGFdw_OR","IGFdw_OR/102","D1"
"11287","USA_2019","IGFdw_OR","IGFdw_OR/102","C1"
"11288","USA_2019","IGFdw_OR","IGFdw_OR/102","B1"
"11289","USA_2019","IGFdw_OR","IGFdw_OR/102","A1"
"11290","USA_2019","IGFdw_OR","IGFdw_OR/103","D2"
"11291","USA_2019","IGFdw_OR","IGFdw_OR/103","C2"
"11292","USA_2019","IGFdw_OR","IGFdw_OR/103","B2"
"11293","USA_2019","IGFdw_OR","IGFdw_OR/103","A2"
"11294","USA_2019","IGFdw_OR","IGFdw_OR/110","C5"
"11295","USA_2019","IGFdw_OR","IGFdw_OR/110","B5"
"11296","USA_2019","IGFdw_OR","IGFdw_OR/111","C6"
"11297","USA_2019","IGFdw_OR","IGFdw_OR/111","B6"
"11298","USA_2019","IGFdw_OR","IGFdw_OR/112","E5"
"11299","USA_2019","IGFdw_OR","IGFdw_OR/112","D5"
"11300","USA_2019","IGFdw_OR","IGFdw_OR/113","E6"
"11301","USA_2019","IGFdw_OR","IGFdw_OR/113","D6"
"11302","Add_2021","IGFdw_OR","IGFdw_OR/Ro","A0"
"11303","Add_2021","IGFdw_OR","IGFdw_OR/Ro","B0"
"11304","USA_2020","IGFmh_OR","IGFmh_OR/101","D4"
"11305","USA_2020","IGFmh_OR","IGFmh_OR/101","D3"
"11306","USA_2020","IGFmh_OR","IGFmh_OR/101","C4"
"11307","USA_2020","IGFmh_OR","IGFmh_OR/101","C3"
"11308","USA_2020","IGFmh_OR","IGFmh_OR/101","B4"
"11309","USA_2020","IGFmh_OR","IGFmh_OR/101","B3"
"11310","USA_2020","IGFmh_OR","IGFmh_OR/102","D1"
"11311","USA_2020","IGFmh_OR","IGFmh_OR/102","C1"
"11312","USA_2020","IGFmh_OR","IGFmh_OR/102","B1"
"11313","USA_2020","IGFmh_OR","IGFmh_OR/102","A1"
"11314","USA_2020","IGFmh_OR","IGFmh_OR/103","D2"
"11315","USA_2020","IGFmh_OR","IGFmh_OR/103","C2"
"11316","USA_2020","IGFmh_OR","IGFmh_OR/103","B2"
"11317","USA_2020","IGFmh_OR","IGFmh_OR/103","A2"
"11318","USA_2020","IGFmh_OR","IGFmh_OR/110","C5"
"11319","USA_2020","IGFmh_OR","IGFmh_OR/110","B5"
"11320","USA_2020","IGFmh_OR","IGFmh_OR/111","C6"
"11321","USA_2020","IGFmh_OR","IGFmh_OR/111","B6"
"11322","USA_2020","IGFmh_OR","IGFmh_OR/112","E5"
"11323","USA_2020","IGFmh_OR","IGFmh_OR/112","D5"
"11324","USA_2020","IGFmh_OR","IGFmh_OR/113","E6"
"11325","USA_2020","IGFmh_OR","IGFmh_OR/113","D6"
"11326","Add_2021","IGFmh_OR","IGFmh_OR/Ro","A0"
"11327","Add_2021","IGFmh_OR","IGFmh_OR/Ro","B0"
"11328","USA_2019","IGFmm_OR","IGFmm_OR/101","D4"
"11329","USA_2019","IGFmm_OR","IGFmm_OR/101","D3"
"11330","USA_2019","IGFmm_OR","IGFmm_OR/101","C4"
"11331","USA_2019","IGFmm_OR","IGFmm_OR/101","C3"
"11332","USA_2019","IGFmm_OR","IGFmm_OR/101","B4"
"11333","USA_2019","IGFmm_OR","IGFmm_OR/101","B3"
"11334","USA_2019","IGFmm_OR","IGFmm_OR/102","D1"
"11335","USA_2019","IGFmm_OR","IGFmm_OR/102","C1"
"11336","USA_2019","IGFmm_OR","IGFmm_OR/102","B1"
"11337","USA_2019","IGFmm_OR","IGFmm_OR/102","A1"
"11338","USA_2019","IGFmm_OR","IGFmm_OR/103","D2"
"11339","USA_2019","IGFmm_OR","IGFmm_OR/103","C2"
"11340","USA_2019","IGFmm_OR","IGFmm_OR/103","B2"
"11341","USA_2019","IGFmm_OR","IGFmm_OR/103","A2"
"11342","USA_2019","IGFmm_OR","IGFmm_OR/110","C5"
"11343","USA_2019","IGFmm_OR","IGFmm_OR/110","B5"
"11344","USA_2019","IGFmm_OR","IGFmm_OR/111","C6"
"11345","USA_2019","IGFmm_OR","IGFmm_OR/111","B6"
"11346","USA_2019","IGFmm_OR","IGFmm_OR/112","E5"
"11347","USA_2019","IGFmm_OR","IGFmm_OR/112","D5"
"11348","USA_2019","IGFmm_OR","IGFmm_OR/113","E6"
"11349","USA_2019","IGFmm_OR","IGFmm_OR/113","D6"
"11350","Add_2021","IGFmm_OR","IGFmm_OR/Ro","A0"
"11351","Add_2021","IGFmm_OR","IGFmm_OR/Ro","B0"
"11352","USA_2020","IGFxm_OR","IGFxm_OR/101","D4"
"11353","USA_2020","IGFxm_OR","IGFxm_OR/101","D3"
"11354","USA_2020","IGFxm_OR","IGFxm_OR/101","C4"
"11355","USA_2020","IGFxm_OR","IGFxm_OR/101","C3"
"11356","USA_2020","IGFxm_OR","IGFxm_OR/101","B4"
"11357","USA_2020","IGFxm_OR","IGFxm_OR/101","B3"
"11358","USA_2020","IGFxm_OR","IGFxm_OR/102","D2"
"11359","USA_2020","IGFxm_OR","IGFxm_OR/102","C2"
"11360","USA_2020","IGFxm_OR","IGFxm_OR/102","B2"
"11361","USA_2020","IGFxm_OR","IGFxm_OR/102","A2"
"11362","USA_2020","IGFxm_OR","IGFxm_OR/110","C5"
"11363","USA_2020","IGFxm_OR","IGFxm_OR/110","B5"
"11364","USA_2020","IGFxm_OR","IGFxm_OR/111","C6"
"11365","USA_2020","IGFxm_OR","IGFxm_OR/111","B6"
"11366","USA_2020","IGFxm_OR","IGFxm_OR/112","E5"
"11367","USA_2020","IGFxm_OR","IGFxm_OR/112","D5"
"11368","USA_2020","IGFxm_OR","IGFxm_OR/113","E6"
"11369","USA_2020","IGFxm_OR","IGFxm_OR/113","D6"
"11370","USA_2020","IGFxm_OR","IGFxm_OR/Gg","D1"
"11371","USA_2020","IGFxm_OR","IGFxm_OR/Gg","C1"
"11372","USA_2020","IGFxm_OR","IGFxm_OR/Gg","B1"
"11373","USA_2020","IGFxm_OR","IGFxm_OR/Gg","A1"
"11374","Add_2021","IGFxm_OR","IGFxm_OR/Ro","A0"
"11375","Add_2021","IGFxm_OR","IGFxm_OR/Ro","B0"
"11376","AB_2018","IMAab","IMAab/00","E7"
"11377","AB_2018","IMAab","IMAab/00","E6"
"11378","AB_2018","IMAab","IMAab/00","E5"
"11379","AB_2018","IMAab","IMAab/00","E4"
"11380","AB_2018","IMAab","IMAab/00","E3"
"11381","AB_2018","IMAab","IMAab/00","E2"
"11382","AB_2018","IMAab","IMAab/00","E1"
"11383","AB_2018","IMAab","IMAab/00","E0"
"11384","AB_2018","IMAab","IMAab/00","D7"
"11385","AB_2018","IMAab","IMAab/00","D6"
"11386","AB_2018","IMAab","IMAab/00","D5"
"11387","AB_2018","IMAab","IMAab/00","D4"
"11388","AB_2018","IMAab","IMAab/00","D3"
"11389","AB_2018","IMAab","IMAab/00","D2"
"11390","AB_2018","IMAab","IMAab/00","D1"
"11391","AB_2018","IMAab","IMAab/00","D0"
"11392","AB_2018","IMAab","IMAab/00","C7"
"11393","AB_2018","IMAab","IMAab/00","C6"
"11394","AB_2018","IMAab","IMAab/00","C5"
"11395","AB_2018","IMAab","IMAab/00","C4"
"11396","AB_2018","IMAab","IMAab/00","C3"
"11397","AB_2018","IMAab","IMAab/00","C2"
"11398","AB_2018","IMAab","IMAab/00","C1"
"11399","AB_2018","IMAab","IMAab/00","C0"
"11400","AB_2018","IMAab","IMAab/00","B7"
"11401","AB_2018","IMAab","IMAab/00","B6"
"11402","AB_2018","IMAab","IMAab/00","B5"
"11403","AB_2018","IMAab","IMAab/00","B4"
"11404","AB_2018","IMAab","IMAab/00","B3"
"11405","AB_2018","IMAab","IMAab/00","B2"
"11406","AB_2018","IMAab","IMAab/00","B1"
"11407","AB_2018","IMAab","IMAab/00","B0"
"11408","AB_2018","IMAab","IMAab/00","A7"
"11409","AB_2018","IMAab","IMAab/00","A6"
"11410","AB_2018","IMAab","IMAab/00","A5"
"11411","AB_2018","IMAab","IMAab/00","A4"
"11412","AB_2018","IMAab","IMAab/00","A3"
"11413","AB_2018","IMAab","IMAab/00","A2"
"11414","AB_2018","IMAab","IMAab/00","A1"
"11415","AB_2018","IMAab","IMAab/00","A0"
"11416","BECv10","IMAun","IMAun/00","E7"
"11417","BECv10","IMAun","IMAun/00","E6"
"11418","BECv10","IMAun","IMAun/00","E5"
"11419","BECv10","IMAun","IMAun/00","E4"
"11420","BECv10","IMAun","IMAun/00","E3"
"11421","BECv10","IMAun","IMAun/00","E2"
"11422","BECv10","IMAun","IMAun/00","E1"
"11423","BECv10","IMAun","IMAun/00","E0"
"11424","BECv10","IMAun","IMAun/00","D7"
"11425","BECv10","IMAun","IMAun/00","D6"
"11426","BECv10","IMAun","IMAun/00","D5"
"11427","BECv10","IMAun","IMAun/00","D4"
"11428","BECv10","IMAun","IMAun/00","D3"
"11429","BECv10","IMAun","IMAun/00","D2"
"11430","BECv10","IMAun","IMAun/00","D1"
"11431","BECv10","IMAun","IMAun/00","D0"
"11432","BECv10","IMAun","IMAun/00","C7"
"11433","BECv10","IMAun","IMAun/00","C6"
"11434","BECv10","IMAun","IMAun/00","C5"
"11435","BECv10","IMAun","IMAun/00","C4"
"11436","BECv10","IMAun","IMAun/00","C3"
"11437","BECv10","IMAun","IMAun/00","C2"
"11438","BECv10","IMAun","IMAun/00","C1"
"11439","BECv10","IMAun","IMAun/00","C0"
"11440","BECv10","IMAun","IMAun/00","B7"
"11441","BECv10","IMAun","IMAun/00","B6"
"11442","BECv10","IMAun","IMAun/00","B5"
"11443","BECv10","IMAun","IMAun/00","B4"
"11444","BECv10","IMAun","IMAun/00","B3"
"11445","BECv10","IMAun","IMAun/00","B2"
"11446","BECv10","IMAun","IMAun/00","B1"
"11447","BECv10","IMAun","IMAun/00","B0"
"11448","BECv10","IMAun","IMAun/00","A7"
"11449","BECv10","IMAun","IMAun/00","A6"
"11450","BECv10","IMAun","IMAun/00","A5"
"11451","BECv10","IMAun","IMAun/00","A4"
"11452","BECv10","IMAun","IMAun/00","A3"
"11453","BECv10","IMAun","IMAun/00","A2"
"11454","BECv10","IMAun","IMAun/00","A1"
"11455","BECv10","IMAun","IMAun/00","A0"
"11456","USA_2019","IMAun_CO","IMAun_CO/00","E7"
"11457","USA_2019","IMAun_CO","IMAun_CO/00","E6"
"11458","USA_2019","IMAun_CO","IMAun_CO/00","E5"
"11459","USA_2019","IMAun_CO","IMAun_CO/00","E4"
"11460","USA_2019","IMAun_CO","IMAun_CO/00","E3"
"11461","USA_2019","IMAun_CO","IMAun_CO/00","E2"
"11462","USA_2019","IMAun_CO","IMAun_CO/00","E1"
"11463","USA_2019","IMAun_CO","IMAun_CO/00","E0"
"11464","USA_2019","IMAun_CO","IMAun_CO/00","D7"
"11465","USA_2019","IMAun_CO","IMAun_CO/00","D6"
"11466","USA_2019","IMAun_CO","IMAun_CO/00","D5"
"11467","USA_2019","IMAun_CO","IMAun_CO/00","D4"
"11468","USA_2019","IMAun_CO","IMAun_CO/00","D3"
"11469","USA_2019","IMAun_CO","IMAun_CO/00","D2"
"11470","USA_2019","IMAun_CO","IMAun_CO/00","D1"
"11471","USA_2019","IMAun_CO","IMAun_CO/00","D0"
"11472","USA_2019","IMAun_CO","IMAun_CO/00","C7"
"11473","USA_2019","IMAun_CO","IMAun_CO/00","C6"
"11474","USA_2019","IMAun_CO","IMAun_CO/00","C5"
"11475","USA_2019","IMAun_CO","IMAun_CO/00","C4"
"11476","USA_2019","IMAun_CO","IMAun_CO/00","C3"
"11477","USA_2019","IMAun_CO","IMAun_CO/00","C2"
"11478","USA_2019","IMAun_CO","IMAun_CO/00","C1"
"11479","USA_2019","IMAun_CO","IMAun_CO/00","C0"
"11480","USA_2019","IMAun_CO","IMAun_CO/00","B7"
"11481","USA_2019","IMAun_CO","IMAun_CO/00","B6"
"11482","USA_2019","IMAun_CO","IMAun_CO/00","B5"
"11483","USA_2019","IMAun_CO","IMAun_CO/00","B4"
"11484","USA_2019","IMAun_CO","IMAun_CO/00","B3"
"11485","USA_2019","IMAun_CO","IMAun_CO/00","B2"
"11486","USA_2019","IMAun_CO","IMAun_CO/00","B1"
"11487","USA_2019","IMAun_CO","IMAun_CO/00","B0"
"11488","USA_2019","IMAun_CO","IMAun_CO/00","A7"
"11489","USA_2019","IMAun_CO","IMAun_CO/00","A6"
"11490","USA_2019","IMAun_CO","IMAun_CO/00","A5"
"11491","USA_2019","IMAun_CO","IMAun_CO/00","A4"
"11492","USA_2019","IMAun_CO","IMAun_CO/00","A3"
"11493","USA_2019","IMAun_CO","IMAun_CO/00","A2"
"11494","USA_2019","IMAun_CO","IMAun_CO/00","A1"
"11495","USA_2019","IMAun_CO","IMAun_CO/00","A0"
"11496","USA_2019","IMAun_ID","IMAun_ID/00","A0"
"11497","USA_2019","IMAun_ID","IMAun_ID/00","A1"
"11498","USA_2019","IMAun_ID","IMAun_ID/00","A2"
"11499","USA_2019","IMAun_ID","IMAun_ID/00","A3"
"11500","USA_2019","IMAun_ID","IMAun_ID/00","A4"
"11501","USA_2019","IMAun_ID","IMAun_ID/00","A5"
"11502","USA_2019","IMAun_ID","IMAun_ID/00","A6"
"11503","USA_2019","IMAun_ID","IMAun_ID/00","A7"
"11504","USA_2019","IMAun_ID","IMAun_ID/00","B0"
"11505","USA_2019","IMAun_ID","IMAun_ID/00","B1"
"11506","USA_2019","IMAun_ID","IMAun_ID/00","B2"
"11507","USA_2019","IMAun_ID","IMAun_ID/00","B3"
"11508","USA_2019","IMAun_ID","IMAun_ID/00","B4"
"11509","USA_2019","IMAun_ID","IMAun_ID/00","B5"
"11510","USA_2019","IMAun_ID","IMAun_ID/00","B6"
"11511","USA_2019","IMAun_ID","IMAun_ID/00","B7"
"11512","USA_2019","IMAun_ID","IMAun_ID/00","C0"
"11513","USA_2019","IMAun_ID","IMAun_ID/00","C1"
"11514","USA_2019","IMAun_ID","IMAun_ID/00","C2"
"11515","USA_2019","IMAun_ID","IMAun_ID/00","C3"
"11516","USA_2019","IMAun_ID","IMAun_ID/00","C4"
"11517","USA_2019","IMAun_ID","IMAun_ID/00","C5"
"11518","USA_2019","IMAun_ID","IMAun_ID/00","C6"
"11519","USA_2019","IMAun_ID","IMAun_ID/00","C7"
"11520","USA_2019","IMAun_ID","IMAun_ID/00","D0"
"11521","USA_2019","IMAun_ID","IMAun_ID/00","D1"
"11522","USA_2019","IMAun_ID","IMAun_ID/00","D2"
"11523","USA_2019","IMAun_ID","IMAun_ID/00","D3"
"11524","USA_2019","IMAun_ID","IMAun_ID/00","D4"
"11525","USA_2019","IMAun_ID","IMAun_ID/00","D5"
"11526","USA_2019","IMAun_ID","IMAun_ID/00","D6"
"11527","USA_2019","IMAun_ID","IMAun_ID/00","D7"
"11528","USA_2019","IMAun_ID","IMAun_ID/00","E0"
"11529","USA_2019","IMAun_ID","IMAun_ID/00","E1"
"11530","USA_2019","IMAun_ID","IMAun_ID/00","E2"
"11531","USA_2019","IMAun_ID","IMAun_ID/00","E3"
"11532","USA_2019","IMAun_ID","IMAun_ID/00","E4"
"11533","USA_2019","IMAun_ID","IMAun_ID/00","E5"
"11534","USA_2019","IMAun_ID","IMAun_ID/00","E6"
"11535","USA_2019","IMAun_ID","IMAun_ID/00","E7"
"11536","USA_2019","IMAun_MT","IMAun_MT/00","A0"
"11537","USA_2019","IMAun_MT","IMAun_MT/00","A1"
"11538","USA_2019","IMAun_MT","IMAun_MT/00","A2"
"11539","USA_2019","IMAun_MT","IMAun_MT/00","A3"
"11540","USA_2019","IMAun_MT","IMAun_MT/00","A4"
"11541","USA_2019","IMAun_MT","IMAun_MT/00","A5"
"11542","USA_2019","IMAun_MT","IMAun_MT/00","A6"
"11543","USA_2019","IMAun_MT","IMAun_MT/00","A7"
"11544","USA_2019","IMAun_MT","IMAun_MT/00","B0"
"11545","USA_2019","IMAun_MT","IMAun_MT/00","B1"
"11546","USA_2019","IMAun_MT","IMAun_MT/00","B2"
"11547","USA_2019","IMAun_MT","IMAun_MT/00","B3"
"11548","USA_2019","IMAun_MT","IMAun_MT/00","B4"
"11549","USA_2019","IMAun_MT","IMAun_MT/00","B5"
"11550","USA_2019","IMAun_MT","IMAun_MT/00","B6"
"11551","USA_2019","IMAun_MT","IMAun_MT/00","B7"
"11552","USA_2019","IMAun_MT","IMAun_MT/00","C0"
"11553","USA_2019","IMAun_MT","IMAun_MT/00","C1"
"11554","USA_2019","IMAun_MT","IMAun_MT/00","C2"
"11555","USA_2019","IMAun_MT","IMAun_MT/00","C3"
"11556","USA_2019","IMAun_MT","IMAun_MT/00","C4"
"11557","USA_2019","IMAun_MT","IMAun_MT/00","C5"
"11558","USA_2019","IMAun_MT","IMAun_MT/00","C6"
"11559","USA_2019","IMAun_MT","IMAun_MT/00","C7"
"11560","USA_2019","IMAun_MT","IMAun_MT/00","D0"
"11561","USA_2019","IMAun_MT","IMAun_MT/00","D1"
"11562","USA_2019","IMAun_MT","IMAun_MT/00","D2"
"11563","USA_2019","IMAun_MT","IMAun_MT/00","D3"
"11564","USA_2019","IMAun_MT","IMAun_MT/00","D4"
"11565","USA_2019","IMAun_MT","IMAun_MT/00","D5"
"11566","USA_2019","IMAun_MT","IMAun_MT/00","D6"
"11567","USA_2019","IMAun_MT","IMAun_MT/00","D7"
"11568","USA_2019","IMAun_MT","IMAun_MT/00","E0"
"11569","USA_2019","IMAun_MT","IMAun_MT/00","E1"
"11570","USA_2019","IMAun_MT","IMAun_MT/00","E2"
"11571","USA_2019","IMAun_MT","IMAun_MT/00","E3"
"11572","USA_2019","IMAun_MT","IMAun_MT/00","E4"
"11573","USA_2019","IMAun_MT","IMAun_MT/00","E5"
"11574","USA_2019","IMAun_MT","IMAun_MT/00","E6"
"11575","USA_2019","IMAun_MT","IMAun_MT/00","E7"
"11576","USA_2019","IMAun_OR","IMAun_OR/00","A0"
"11577","USA_2019","IMAun_OR","IMAun_OR/00","A1"
"11578","USA_2019","IMAun_OR","IMAun_OR/00","A2"
"11579","USA_2019","IMAun_OR","IMAun_OR/00","A3"
"11580","USA_2019","IMAun_OR","IMAun_OR/00","A4"
"11581","USA_2019","IMAun_OR","IMAun_OR/00","A5"
"11582","USA_2019","IMAun_OR","IMAun_OR/00","A6"
"11583","USA_2019","IMAun_OR","IMAun_OR/00","A7"
"11584","USA_2019","IMAun_OR","IMAun_OR/00","B0"
"11585","USA_2019","IMAun_OR","IMAun_OR/00","B1"
"11586","USA_2019","IMAun_OR","IMAun_OR/00","B2"
"11587","USA_2019","IMAun_OR","IMAun_OR/00","B3"
"11588","USA_2019","IMAun_OR","IMAun_OR/00","B4"
"11589","USA_2019","IMAun_OR","IMAun_OR/00","B5"
"11590","USA_2019","IMAun_OR","IMAun_OR/00","B6"
"11591","USA_2019","IMAun_OR","IMAun_OR/00","B7"
"11592","USA_2019","IMAun_OR","IMAun_OR/00","C0"
"11593","USA_2019","IMAun_OR","IMAun_OR/00","C1"
"11594","USA_2019","IMAun_OR","IMAun_OR/00","C2"
"11595","USA_2019","IMAun_OR","IMAun_OR/00","C3"
"11596","USA_2019","IMAun_OR","IMAun_OR/00","C4"
"11597","USA_2019","IMAun_OR","IMAun_OR/00","C5"
"11598","USA_2019","IMAun_OR","IMAun_OR/00","C6"
"11599","USA_2019","IMAun_OR","IMAun_OR/00","C7"
"11600","USA_2019","IMAun_OR","IMAun_OR/00","D0"
"11601","USA_2019","IMAun_OR","IMAun_OR/00","D1"
"11602","USA_2019","IMAun_OR","IMAun_OR/00","D2"
"11603","USA_2019","IMAun_OR","IMAun_OR/00","D3"
"11604","USA_2019","IMAun_OR","IMAun_OR/00","D4"
"11605","USA_2019","IMAun_OR","IMAun_OR/00","D5"
"11606","USA_2019","IMAun_OR","IMAun_OR/00","D6"
"11607","USA_2019","IMAun_OR","IMAun_OR/00","D7"
"11608","USA_2019","IMAun_OR","IMAun_OR/00","E0"
"11609","USA_2019","IMAun_OR","IMAun_OR/00","E1"
"11610","USA_2019","IMAun_OR","IMAun_OR/00","E2"
"11611","USA_2019","IMAun_OR","IMAun_OR/00","E3"
"11612","USA_2019","IMAun_OR","IMAun_OR/00","E4"
"11613","USA_2019","IMAun_OR","IMAun_OR/00","E5"
"11614","USA_2019","IMAun_OR","IMAun_OR/00","E6"
"11615","USA_2019","IMAun_OR","IMAun_OR/00","E7"
"11616","USA_2019","IMAun_WA","IMAun_WA/00","A0"
"11617","USA_2019","IMAun_WA","IMAun_WA/00","A1"
"11618","USA_2019","IMAun_WA","IMAun_WA/00","A2"
"11619","USA_2019","IMAun_WA","IMAun_WA/00","A3"
"11620","USA_2019","IMAun_WA","IMAun_WA/00","A4"
"11621","USA_2019","IMAun_WA","IMAun_WA/00","A5"
"11622","USA_2019","IMAun_WA","IMAun_WA/00","A6"
"11623","USA_2019","IMAun_WA","IMAun_WA/00","A7"
"11624","USA_2019","IMAun_WA","IMAun_WA/00","B0"
"11625","USA_2019","IMAun_WA","IMAun_WA/00","B1"
"11626","USA_2019","IMAun_WA","IMAun_WA/00","B2"
"11627","USA_2019","IMAun_WA","IMAun_WA/00","B3"
"11628","USA_2019","IMAun_WA","IMAun_WA/00","B4"
"11629","USA_2019","IMAun_WA","IMAun_WA/00","B5"
"11630","USA_2019","IMAun_WA","IMAun_WA/00","B6"
"11631","USA_2019","IMAun_WA","IMAun_WA/00","B7"
"11632","USA_2019","IMAun_WA","IMAun_WA/00","C0"
"11633","USA_2019","IMAun_WA","IMAun_WA/00","C1"
"11634","USA_2019","IMAun_WA","IMAun_WA/00","C2"
"11635","USA_2019","IMAun_WA","IMAun_WA/00","C3"
"11636","USA_2019","IMAun_WA","IMAun_WA/00","C4"
"11637","USA_2019","IMAun_WA","IMAun_WA/00","C5"
"11638","USA_2019","IMAun_WA","IMAun_WA/00","C6"
"11639","USA_2019","IMAun_WA","IMAun_WA/00","C7"
"11640","USA_2019","IMAun_WA","IMAun_WA/00","D0"
"11641","USA_2019","IMAun_WA","IMAun_WA/00","D1"
"11642","USA_2019","IMAun_WA","IMAun_WA/00","D2"
"11643","USA_2019","IMAun_WA","IMAun_WA/00","D3"
"11644","USA_2019","IMAun_WA","IMAun_WA/00","D4"
"11645","USA_2019","IMAun_WA","IMAun_WA/00","D5"
"11646","USA_2019","IMAun_WA","IMAun_WA/00","D6"
"11647","USA_2019","IMAun_WA","IMAun_WA/00","D7"
"11648","USA_2019","IMAun_WA","IMAun_WA/00","E0"
"11649","USA_2019","IMAun_WA","IMAun_WA/00","E1"
"11650","USA_2019","IMAun_WA","IMAun_WA/00","E2"
"11651","USA_2019","IMAun_WA","IMAun_WA/00","E3"
"11652","USA_2019","IMAun_WA","IMAun_WA/00","E4"
"11653","USA_2019","IMAun_WA","IMAun_WA/00","E5"
"11654","USA_2019","IMAun_WA","IMAun_WA/00","E6"
"11655","USA_2019","IMAun_WA","IMAun_WA/00","E7"
"11656","USA_2019","IMAun_WY","IMAun_WY/00","E7"
"11657","USA_2019","IMAun_WY","IMAun_WY/00","E6"
"11658","USA_2019","IMAun_WY","IMAun_WY/00","E5"
"11659","USA_2019","IMAun_WY","IMAun_WY/00","E4"
"11660","USA_2019","IMAun_WY","IMAun_WY/00","E3"
"11661","USA_2019","IMAun_WY","IMAun_WY/00","E2"
"11662","USA_2019","IMAun_WY","IMAun_WY/00","E1"
"11663","USA_2019","IMAun_WY","IMAun_WY/00","E0"
"11664","USA_2019","IMAun_WY","IMAun_WY/00","D7"
"11665","USA_2019","IMAun_WY","IMAun_WY/00","D6"
"11666","USA_2019","IMAun_WY","IMAun_WY/00","D5"
"11667","USA_2019","IMAun_WY","IMAun_WY/00","D4"
"11668","USA_2019","IMAun_WY","IMAun_WY/00","D3"
"11669","USA_2019","IMAun_WY","IMAun_WY/00","D2"
"11670","USA_2019","IMAun_WY","IMAun_WY/00","D1"
"11671","USA_2019","IMAun_WY","IMAun_WY/00","D0"
"11672","USA_2019","IMAun_WY","IMAun_WY/00","C7"
"11673","USA_2019","IMAun_WY","IMAun_WY/00","C6"
"11674","USA_2019","IMAun_WY","IMAun_WY/00","C5"
"11675","USA_2019","IMAun_WY","IMAun_WY/00","C4"
"11676","USA_2019","IMAun_WY","IMAun_WY/00","C3"
"11677","USA_2019","IMAun_WY","IMAun_WY/00","C2"
"11678","USA_2019","IMAun_WY","IMAun_WY/00","C1"
"11679","USA_2019","IMAun_WY","IMAun_WY/00","C0"
"11680","USA_2019","IMAun_WY","IMAun_WY/00","B7"
"11681","USA_2019","IMAun_WY","IMAun_WY/00","B6"
"11682","USA_2019","IMAun_WY","IMAun_WY/00","B5"
"11683","USA_2019","IMAun_WY","IMAun_WY/00","B4"
"11684","USA_2019","IMAun_WY","IMAun_WY/00","B3"
"11685","USA_2019","IMAun_WY","IMAun_WY/00","B2"
"11686","USA_2019","IMAun_WY","IMAun_WY/00","B1"
"11687","USA_2019","IMAun_WY","IMAun_WY/00","B0"
"11688","USA_2019","IMAun_WY","IMAun_WY/00","A7"
"11689","USA_2019","IMAun_WY","IMAun_WY/00","A6"
"11690","USA_2019","IMAun_WY","IMAun_WY/00","A5"
"11691","USA_2019","IMAun_WY","IMAun_WY/00","A4"
"11692","USA_2019","IMAun_WY","IMAun_WY/00","A3"
"11693","USA_2019","IMAun_WY","IMAun_WY/00","A2"
"11694","USA_2019","IMAun_WY","IMAun_WY/00","A1"
"11695","USA_2019","IMAun_WY","IMAun_WY/00","A0"
"11696","BECv10","IMAunp","IMAunp/00","E7"
"11697","BECv10","IMAunp","IMAunp/00","E6"
"11698","BECv10","IMAunp","IMAunp/00","E5"
"11699","BECv10","IMAunp","IMAunp/00","E4"
"11700","BECv10","IMAunp","IMAunp/00","E3"
"11701","BECv10","IMAunp","IMAunp/00","E2"
"11702","BECv10","IMAunp","IMAunp/00","E1"
"11703","BECv10","IMAunp","IMAunp/00","E0"
"11704","BECv10","IMAunp","IMAunp/00","D7"
"11705","BECv10","IMAunp","IMAunp/00","D6"
"11706","BECv10","IMAunp","IMAunp/00","D5"
"11707","BECv10","IMAunp","IMAunp/00","D4"
"11708","BECv10","IMAunp","IMAunp/00","D3"
"11709","BECv10","IMAunp","IMAunp/00","D2"
"11710","BECv10","IMAunp","IMAunp/00","D1"
"11711","BECv10","IMAunp","IMAunp/00","D0"
"11712","BECv10","IMAunp","IMAunp/00","C7"
"11713","BECv10","IMAunp","IMAunp/00","C6"
"11714","BECv10","IMAunp","IMAunp/00","C5"
"11715","BECv10","IMAunp","IMAunp/00","C4"
"11716","BECv10","IMAunp","IMAunp/00","C3"
"11717","BECv10","IMAunp","IMAunp/00","C2"
"11718","BECv10","IMAunp","IMAunp/00","C1"
"11719","BECv10","IMAunp","IMAunp/00","C0"
"11720","BECv10","IMAunp","IMAunp/00","B7"
"11721","BECv10","IMAunp","IMAunp/00","B6"
"11722","BECv10","IMAunp","IMAunp/00","B5"
"11723","BECv10","IMAunp","IMAunp/00","B4"
"11724","BECv10","IMAunp","IMAunp/00","B3"
"11725","BECv10","IMAunp","IMAunp/00","B2"
"11726","BECv10","IMAunp","IMAunp/00","B1"
"11727","BECv10","IMAunp","IMAunp/00","B0"
"11728","BECv10","IMAunp","IMAunp/00","A7"
"11729","BECv10","IMAunp","IMAunp/00","A6"
"11730","BECv10","IMAunp","IMAunp/00","A5"
"11731","BECv10","IMAunp","IMAunp/00","A4"
"11732","BECv10","IMAunp","IMAunp/00","A3"
"11733","BECv10","IMAunp","IMAunp/00","A2"
"11734","BECv10","IMAunp","IMAunp/00","A1"
"11735","BECv10","IMAunp","IMAunp/00","A0"
"11736","USA_2019","IWFdm_CO","IWFdm_CO/101","D4"
"11737","USA_2019","IWFdm_CO","IWFdm_CO/101","D3"
"11738","USA_2019","IWFdm_CO","IWFdm_CO/101","C4"
"11739","USA_2019","IWFdm_CO","IWFdm_CO/101","C3"
"11740","USA_2019","IWFdm_CO","IWFdm_CO/101","B4"
"11741","USA_2019","IWFdm_CO","IWFdm_CO/101","B3"
"11742","USA_2019","IWFdm_CO","IWFdm_CO/102","D2"
"11743","USA_2019","IWFdm_CO","IWFdm_CO/102","C2"
"11744","USA_2019","IWFdm_CO","IWFdm_CO/102","B2"
"11745","USA_2019","IWFdm_CO","IWFdm_CO/102","A2"
"11746","USA_2019","IWFdm_CO","IWFdm_CO/110","E5"
"11747","USA_2019","IWFdm_CO","IWFdm_CO/110","D5"
"11748","USA_2019","IWFdm_CO","IWFdm_CO/110","C5"
"11749","USA_2019","IWFdm_CO","IWFdm_CO/110","B5"
"11750","USA_2019","IWFdm_CO","IWFdm_CO/111","C6"
"11751","USA_2019","IWFdm_CO","IWFdm_CO/111","B6"
"11752","USA_2019","IWFdm_CO","IWFdm_CO/113","E6"
"11753","USA_2019","IWFdm_CO","IWFdm_CO/113","D6"
"11754","USA_2020","IWFdm_CO","IWFdm_CO/Gg","A1"
"11755","USA_2020","IWFdm_CO","IWFdm_CO/Gg","B1"
"11756","USA_2020","IWFdm_CO","IWFdm_CO/Gg","C1"
"11757","USA_2020","IWFdm_CO","IWFdm_CO/Gg","D1"
"11758","Add_2021","IWFdm_CO","IWFdm_CO/Ro","A0"
"11759","Add_2021","IWFdm_CO","IWFdm_CO/Ro","B0"
"11760","USA_2019","IWFdw_OR","IWFdw_OR/101","D4"
"11761","USA_2019","IWFdw_OR","IWFdw_OR/101","D3"
"11762","USA_2019","IWFdw_OR","IWFdw_OR/101","C4"
"11763","USA_2019","IWFdw_OR","IWFdw_OR/101","C3"
"11764","USA_2019","IWFdw_OR","IWFdw_OR/101","B4"
"11765","USA_2019","IWFdw_OR","IWFdw_OR/101","B3"
"11766","USA_2019","IWFdw_OR","IWFdw_OR/102","D1"
"11767","USA_2019","IWFdw_OR","IWFdw_OR/102","C1"
"11768","USA_2019","IWFdw_OR","IWFdw_OR/102","B1"
"11769","USA_2019","IWFdw_OR","IWFdw_OR/102","A1"
"11770","USA_2019","IWFdw_OR","IWFdw_OR/103","D2"
"11771","USA_2019","IWFdw_OR","IWFdw_OR/103","C2"
"11772","USA_2019","IWFdw_OR","IWFdw_OR/103","B2"
"11773","USA_2019","IWFdw_OR","IWFdw_OR/103","A2"
"11774","USA_2019","IWFdw_OR","IWFdw_OR/110","C5"
"11775","USA_2019","IWFdw_OR","IWFdw_OR/110","B5"
"11776","USA_2019","IWFdw_OR","IWFdw_OR/111","C6"
"11777","USA_2019","IWFdw_OR","IWFdw_OR/111","B6"
"11778","USA_2019","IWFdw_OR","IWFdw_OR/112","E5"
"11779","USA_2019","IWFdw_OR","IWFdw_OR/112","D5"
"11780","USA_2019","IWFdw_OR","IWFdw_OR/113","E6"
"11781","USA_2019","IWFdw_OR","IWFdw_OR/113","D6"
"11782","Add_2021","IWFdw_OR","IWFdw_OR/Ro","A0"
"11783","Add_2021","IWFdw_OR","IWFdw_OR/Ro","B0"
"11784","USA_2019","IWFxk_NV","IWFxk_NV/101","D4"
"11785","USA_2019","IWFxk_NV","IWFxk_NV/101","D3"
"11786","USA_2019","IWFxk_NV","IWFxk_NV/101","C4"
"11787","USA_2019","IWFxk_NV","IWFxk_NV/101","C3"
"11788","USA_2019","IWFxk_NV","IWFxk_NV/101","B4"
"11789","USA_2019","IWFxk_NV","IWFxk_NV/101","B3"
"11790","USA_2019","IWFxk_NV","IWFxk_NV/102","D1"
"11791","USA_2019","IWFxk_NV","IWFxk_NV/102","C1"
"11792","USA_2019","IWFxk_NV","IWFxk_NV/102","B1"
"11793","USA_2019","IWFxk_NV","IWFxk_NV/102","A1"
"11794","USA_2019","IWFxk_NV","IWFxk_NV/103","D2"
"11795","USA_2019","IWFxk_NV","IWFxk_NV/103","C2"
"11796","USA_2019","IWFxk_NV","IWFxk_NV/103","B2"
"11797","USA_2019","IWFxk_NV","IWFxk_NV/103","A2"
"11798","USA_2019","IWFxk_NV","IWFxk_NV/110","E5"
"11799","USA_2019","IWFxk_NV","IWFxk_NV/110","D5"
"11800","USA_2019","IWFxk_NV","IWFxk_NV/110","C5"
"11801","USA_2019","IWFxk_NV","IWFxk_NV/110","B5"
"11802","USA_2019","IWFxk_NV","IWFxk_NV/111","E6"
"11803","USA_2019","IWFxk_NV","IWFxk_NV/111","D6"
"11804","USA_2019","IWFxk_NV","IWFxk_NV/111","C6"
"11805","USA_2019","IWFxk_NV","IWFxk_NV/111","B6"
"11806","Add_2021","IWFxk_NV","IWFxk_NV/Ro","A0"
"11807","Add_2021","IWFxk_NV","IWFxk_NV/Ro","B0"
"11808","USA_2019","IWFxm_CA","IWFxm_CA/101","D4"
"11809","USA_2019","IWFxm_CA","IWFxm_CA/101","D3"
"11810","USA_2019","IWFxm_CA","IWFxm_CA/101","C4"
"11811","USA_2019","IWFxm_CA","IWFxm_CA/101","C3"
"11812","USA_2019","IWFxm_CA","IWFxm_CA/101","B4"
"11813","USA_2019","IWFxm_CA","IWFxm_CA/101","B3"
"11814","USA_2019","IWFxm_CA","IWFxm_CA/102","D1"
"11815","USA_2019","IWFxm_CA","IWFxm_CA/102","C1"
"11816","USA_2019","IWFxm_CA","IWFxm_CA/102","B1"
"11817","USA_2019","IWFxm_CA","IWFxm_CA/102","A1"
"11818","USA_2019","IWFxm_CA","IWFxm_CA/103","D2"
"11819","USA_2019","IWFxm_CA","IWFxm_CA/103","C2"
"11820","USA_2019","IWFxm_CA","IWFxm_CA/103","B2"
"11821","USA_2019","IWFxm_CA","IWFxm_CA/103","A2"
"11822","USA_2019","IWFxm_CA","IWFxm_CA/110","E5"
"11823","USA_2019","IWFxm_CA","IWFxm_CA/110","D5"
"11824","USA_2019","IWFxm_CA","IWFxm_CA/110","C5"
"11825","USA_2019","IWFxm_CA","IWFxm_CA/110","B5"
"11826","USA_2019","IWFxm_CA","IWFxm_CA/111","C6"
"11827","USA_2019","IWFxm_CA","IWFxm_CA/111","B6"
"11828","USA_2019","IWFxm_CA","IWFxm_CA/112","E6"
"11829","USA_2019","IWFxm_CA","IWFxm_CA/112","D6"
"11830","Add_2021","IWFxm_CA","IWFxm_CA/Ro","A0"
"11831","Add_2021","IWFxm_CA","IWFxm_CA/Ro","B0"
"11832","USA_2019","MDCHun_NV","MDCHun_NV/110","E6"
"11833","USA_2019","MDCHun_NV","MDCHun_NV/110","E5"
"11834","USA_2019","MDCHun_NV","MDCHun_NV/110","D6"
"11835","USA_2019","MDCHun_NV","MDCHun_NV/110","D5"
"11836","USA_2019","MDCHun_NV","MDCHun_NV/110","C6"
"11837","USA_2019","MDCHun_NV","MDCHun_NV/110","C5"
"11838","USA_2019","MDCHun_NV","MDCHun_NV/110","B6"
"11839","USA_2019","MDCHun_NV","MDCHun_NV/110","B5"
"11840","USA_2019","MDCHun_NV","MDCHun_NV/Gs","D4"
"11841","USA_2019","MDCHun_NV","MDCHun_NV/Gs","D3"
"11842","USA_2019","MDCHun_NV","MDCHun_NV/Gs","D2"
"11843","USA_2019","MDCHun_NV","MDCHun_NV/Gs","C4"
"11844","USA_2019","MDCHun_NV","MDCHun_NV/Gs","C3"
"11845","USA_2019","MDCHun_NV","MDCHun_NV/Gs","C2"
"11846","USA_2019","MDCHun_NV","MDCHun_NV/Gs","B4"
"11847","USA_2019","MDCHun_NV","MDCHun_NV/Gs","B3"
"11848","USA_2019","MDCHun_NV","MDCHun_NV/Gs","B2"
"11849","USA_2019","MDCHun_NV","MDCHun_NV/Gs","B1"
"11850","USA_2019","MDCHun_NV","MDCHun_NV/Gs","A2"
"11851","USA_2019","MDCHun_NV","MDCHun_NV/Gs","A1"
"11852","Add_2021","MDCHun_NV","MDCHun_NV/Ro","A0"
"11853","Add_2021","MDCHun_NV","MDCHun_NV/Ro","B0"
"11854","AB_2018","MGPdm","MGPdm/00","E7"
"11855","AB_2018","MGPdm","MGPdm/00","E6"
"11856","AB_2018","MGPdm","MGPdm/00","E5"
"11857","AB_2018","MGPdm","MGPdm/00","E4"
"11858","AB_2018","MGPdm","MGPdm/00","E3"
"11859","AB_2018","MGPdm","MGPdm/00","E2"
"11860","AB_2018","MGPdm","MGPdm/00","E1"
"11861","AB_2018","MGPdm","MGPdm/00","E0"
"11862","AB_2018","MGPdm","MGPdm/00","D7"
"11863","AB_2018","MGPdm","MGPdm/00","D6"
"11864","AB_2018","MGPdm","MGPdm/00","D5"
"11865","AB_2018","MGPdm","MGPdm/00","D4"
"11866","AB_2018","MGPdm","MGPdm/00","D3"
"11867","AB_2018","MGPdm","MGPdm/00","D2"
"11868","AB_2018","MGPdm","MGPdm/00","D1"
"11869","AB_2018","MGPdm","MGPdm/00","D0"
"11870","AB_2018","MGPdm","MGPdm/00","C7"
"11871","AB_2018","MGPdm","MGPdm/00","C6"
"11872","AB_2018","MGPdm","MGPdm/00","C5"
"11873","AB_2018","MGPdm","MGPdm/00","C4"
"11874","AB_2018","MGPdm","MGPdm/00","C3"
"11875","AB_2018","MGPdm","MGPdm/00","C2"
"11876","AB_2018","MGPdm","MGPdm/00","C1"
"11877","AB_2018","MGPdm","MGPdm/00","C0"
"11878","AB_2018","MGPdm","MGPdm/00","B7"
"11879","AB_2018","MGPdm","MGPdm/00","B6"
"11880","AB_2018","MGPdm","MGPdm/00","B5"
"11881","AB_2018","MGPdm","MGPdm/00","B4"
"11882","AB_2018","MGPdm","MGPdm/00","B3"
"11883","AB_2018","MGPdm","MGPdm/00","B2"
"11884","AB_2018","MGPdm","MGPdm/00","B1"
"11885","AB_2018","MGPdm","MGPdm/00","B0"
"11886","AB_2018","MGPdm","MGPdm/00","A7"
"11887","AB_2018","MGPdm","MGPdm/00","A6"
"11888","AB_2018","MGPdm","MGPdm/00","A5"
"11889","AB_2018","MGPdm","MGPdm/00","A4"
"11890","AB_2018","MGPdm","MGPdm/00","A3"
"11891","AB_2018","MGPdm","MGPdm/00","A2"
"11892","AB_2018","MGPdm","MGPdm/00","A1"
"11893","AB_2018","MGPdm","MGPdm/00","A0"
"11894","AB_2018","MGPmg","MGPmg/00","E7"
"11895","AB_2018","MGPmg","MGPmg/00","E6"
"11896","AB_2018","MGPmg","MGPmg/00","E5"
"11897","AB_2018","MGPmg","MGPmg/00","E4"
"11898","AB_2018","MGPmg","MGPmg/00","E3"
"11899","AB_2018","MGPmg","MGPmg/00","E2"
"11900","AB_2018","MGPmg","MGPmg/00","E1"
"11901","AB_2018","MGPmg","MGPmg/00","E0"
"11902","AB_2018","MGPmg","MGPmg/00","D7"
"11903","AB_2018","MGPmg","MGPmg/00","D6"
"11904","AB_2018","MGPmg","MGPmg/00","D5"
"11905","AB_2018","MGPmg","MGPmg/00","D4"
"11906","AB_2018","MGPmg","MGPmg/00","D3"
"11907","AB_2018","MGPmg","MGPmg/00","D2"
"11908","AB_2018","MGPmg","MGPmg/00","D1"
"11909","AB_2018","MGPmg","MGPmg/00","D0"
"11910","AB_2018","MGPmg","MGPmg/00","C7"
"11911","AB_2018","MGPmg","MGPmg/00","C6"
"11912","AB_2018","MGPmg","MGPmg/00","C5"
"11913","AB_2018","MGPmg","MGPmg/00","C4"
"11914","AB_2018","MGPmg","MGPmg/00","C3"
"11915","AB_2018","MGPmg","MGPmg/00","C2"
"11916","AB_2018","MGPmg","MGPmg/00","C1"
"11917","AB_2018","MGPmg","MGPmg/00","C0"
"11918","AB_2018","MGPmg","MGPmg/00","B7"
"11919","AB_2018","MGPmg","MGPmg/00","B6"
"11920","AB_2018","MGPmg","MGPmg/00","B5"
"11921","AB_2018","MGPmg","MGPmg/00","B4"
"11922","AB_2018","MGPmg","MGPmg/00","B3"
"11923","AB_2018","MGPmg","MGPmg/00","B2"
"11924","AB_2018","MGPmg","MGPmg/00","B1"
"11925","AB_2018","MGPmg","MGPmg/00","B0"
"11926","AB_2018","MGPmg","MGPmg/00","A7"
"11927","AB_2018","MGPmg","MGPmg/00","A6"
"11928","AB_2018","MGPmg","MGPmg/00","A5"
"11929","AB_2018","MGPmg","MGPmg/00","A4"
"11930","AB_2018","MGPmg","MGPmg/00","A3"
"11931","AB_2018","MGPmg","MGPmg/00","A2"
"11932","AB_2018","MGPmg","MGPmg/00","A1"
"11933","AB_2018","MGPmg","MGPmg/00","A0"
"11934","USA_2019","MGPmw_MT","MGPmw_MT/110","E5"
"11935","USA_2019","MGPmw_MT","MGPmw_MT/110","D5"
"11936","USA_2019","MGPmw_MT","MGPmw_MT/110","C5"
"11937","USA_2019","MGPmw_MT","MGPmw_MT/110","B5"
"11938","USA_2019","MGPmw_MT","MGPmw_MT/111","E6"
"11939","USA_2019","MGPmw_MT","MGPmw_MT/111","D6"
"11940","USA_2019","MGPmw_MT","MGPmw_MT/111","C6"
"11941","USA_2019","MGPmw_MT","MGPmw_MT/111","B6"
"11942","USA_2019","MGPmw_MT","MGPmw_MT/Gg","D4"
"11943","USA_2019","MGPmw_MT","MGPmw_MT/Gg","D3"
"11944","USA_2019","MGPmw_MT","MGPmw_MT/Gg","D2"
"11945","USA_2019","MGPmw_MT","MGPmw_MT/Gg","D1"
"11946","USA_2019","MGPmw_MT","MGPmw_MT/Gg","C4"
"11947","USA_2019","MGPmw_MT","MGPmw_MT/Gg","C3"
"11948","USA_2019","MGPmw_MT","MGPmw_MT/Gg","C2"
"11949","USA_2019","MGPmw_MT","MGPmw_MT/Gg","C1"
"11950","USA_2019","MGPmw_MT","MGPmw_MT/Gg","B4"
"11951","USA_2019","MGPmw_MT","MGPmw_MT/Gg","B3"
"11952","USA_2019","MGPmw_MT","MGPmw_MT/Gg","B2"
"11953","USA_2019","MGPmw_MT","MGPmw_MT/Gg","B1"
"11954","USA_2019","MGPmw_MT","MGPmw_MT/Gg","A2"
"11955","USA_2019","MGPmw_MT","MGPmw_MT/Gg","A1"
"11956","Add_2021","MGPmw_MT","MGPmw_MT/Ro","A0"
"11957","Add_2021","MGPmw_MT","MGPmw_MT/Ro","B0"
"11958","USA_2019","MHdm_OR","MHdm_OR/101","D4"
"11959","USA_2019","MHdm_OR","MHdm_OR/101","D3"
"11960","USA_2019","MHdm_OR","MHdm_OR/101","C4"
"11961","USA_2019","MHdm_OR","MHdm_OR/101","C3"
"11962","USA_2019","MHdm_OR","MHdm_OR/101","B4"
"11963","USA_2019","MHdm_OR","MHdm_OR/101","B3"
"11964","USA_2019","MHdm_OR","MHdm_OR/102","D1"
"11965","USA_2019","MHdm_OR","MHdm_OR/102","C1"
"11966","USA_2019","MHdm_OR","MHdm_OR/102","B1"
"11967","USA_2019","MHdm_OR","MHdm_OR/102","A1"
"11968","USA_2019","MHdm_OR","MHdm_OR/103","D2"
"11969","USA_2019","MHdm_OR","MHdm_OR/103","C2"
"11970","USA_2019","MHdm_OR","MHdm_OR/103","B2"
"11971","USA_2019","MHdm_OR","MHdm_OR/103","A2"
"11972","USA_2019","MHdm_OR","MHdm_OR/110","C5"
"11973","USA_2019","MHdm_OR","MHdm_OR/110","B5"
"11974","USA_2019","MHdm_OR","MHdm_OR/111","C6"
"11975","USA_2019","MHdm_OR","MHdm_OR/111","B6"
"11976","USA_2019","MHdm_OR","MHdm_OR/112","E5"
"11977","USA_2019","MHdm_OR","MHdm_OR/112","D5"
"11978","USA_2019","MHdm_OR","MHdm_OR/113","E6"
"11979","USA_2019","MHdm_OR","MHdm_OR/113","D6"
"11980","Add_2021","MHdm_OR","MHdm_OR/Ro","A0"
"11981","Add_2021","MHdm_OR","MHdm_OR/Ro","B0"
"11982","USA_2020","MHdmp_OR","MHdmp_OR/00","E7"
"11983","USA_2020","MHdmp_OR","MHdmp_OR/00","E6"
"11984","USA_2020","MHdmp_OR","MHdmp_OR/00","E5"
"11985","USA_2020","MHdmp_OR","MHdmp_OR/00","E4"
"11986","USA_2020","MHdmp_OR","MHdmp_OR/00","E3"
"11987","USA_2020","MHdmp_OR","MHdmp_OR/00","E2"
"11988","USA_2020","MHdmp_OR","MHdmp_OR/00","E1"
"11989","USA_2020","MHdmp_OR","MHdmp_OR/00","E0"
"11990","USA_2020","MHdmp_OR","MHdmp_OR/00","D7"
"11991","USA_2020","MHdmp_OR","MHdmp_OR/00","D6"
"11992","USA_2020","MHdmp_OR","MHdmp_OR/00","D5"
"11993","USA_2020","MHdmp_OR","MHdmp_OR/00","D4"
"11994","USA_2020","MHdmp_OR","MHdmp_OR/00","D3"
"11995","USA_2020","MHdmp_OR","MHdmp_OR/00","D2"
"11996","USA_2020","MHdmp_OR","MHdmp_OR/00","D1"
"11997","USA_2020","MHdmp_OR","MHdmp_OR/00","D0"
"11998","USA_2020","MHdmp_OR","MHdmp_OR/00","C7"
"11999","USA_2020","MHdmp_OR","MHdmp_OR/00","C6"
"12000","USA_2020","MHdmp_OR","MHdmp_OR/00","C5"
"12001","USA_2020","MHdmp_OR","MHdmp_OR/00","C4"
"12002","USA_2020","MHdmp_OR","MHdmp_OR/00","C3"
"12003","USA_2020","MHdmp_OR","MHdmp_OR/00","C2"
"12004","USA_2020","MHdmp_OR","MHdmp_OR/00","C1"
"12005","USA_2020","MHdmp_OR","MHdmp_OR/00","C0"
"12006","USA_2020","MHdmp_OR","MHdmp_OR/00","B7"
"12007","USA_2020","MHdmp_OR","MHdmp_OR/00","B6"
"12008","USA_2020","MHdmp_OR","MHdmp_OR/00","B5"
"12009","USA_2020","MHdmp_OR","MHdmp_OR/00","B4"
"12010","USA_2020","MHdmp_OR","MHdmp_OR/00","B3"
"12011","USA_2020","MHdmp_OR","MHdmp_OR/00","B2"
"12012","USA_2020","MHdmp_OR","MHdmp_OR/00","B1"
"12013","USA_2020","MHdmp_OR","MHdmp_OR/00","B0"
"12014","USA_2020","MHdmp_OR","MHdmp_OR/00","A7"
"12015","USA_2020","MHdmp_OR","MHdmp_OR/00","A6"
"12016","USA_2020","MHdmp_OR","MHdmp_OR/00","A5"
"12017","USA_2020","MHdmp_OR","MHdmp_OR/00","A4"
"12018","USA_2020","MHdmp_OR","MHdmp_OR/00","A3"
"12019","USA_2020","MHdmp_OR","MHdmp_OR/00","A2"
"12020","USA_2020","MHdmp_OR","MHdmp_OR/00","A1"
"12021","USA_2020","MHdmp_OR","MHdmp_OR/00","A0"
"12022","USA_2019","MHds_OR","MHds_OR/101","D4"
"12023","USA_2019","MHds_OR","MHds_OR/101","D3"
"12024","USA_2019","MHds_OR","MHds_OR/101","C4"
"12025","USA_2019","MHds_OR","MHds_OR/101","C3"
"12026","USA_2019","MHds_OR","MHds_OR/101","B4"
"12027","USA_2019","MHds_OR","MHds_OR/101","B3"
"12028","USA_2019","MHds_OR","MHds_OR/102","D1"
"12029","USA_2019","MHds_OR","MHds_OR/102","C1"
"12030","USA_2019","MHds_OR","MHds_OR/102","B1"
"12031","USA_2019","MHds_OR","MHds_OR/102","A1"
"12032","USA_2019","MHds_OR","MHds_OR/103","D2"
"12033","USA_2019","MHds_OR","MHds_OR/103","C2"
"12034","USA_2019","MHds_OR","MHds_OR/103","B2"
"12035","USA_2019","MHds_OR","MHds_OR/103","A2"
"12036","USA_2019","MHds_OR","MHds_OR/110","C5"
"12037","USA_2019","MHds_OR","MHds_OR/110","B5"
"12038","USA_2019","MHds_OR","MHds_OR/111","C6"
"12039","USA_2019","MHds_OR","MHds_OR/111","B6"
"12040","USA_2019","MHds_OR","MHds_OR/112","E5"
"12041","USA_2019","MHds_OR","MHds_OR/112","D5"
"12042","USA_2019","MHds_OR","MHds_OR/113","E6"
"12043","USA_2019","MHds_OR","MHds_OR/113","D6"
"12044","Add_2021","MHds_OR","MHds_OR/Ro","A0"
"12045","Add_2021","MHds_OR","MHds_OR/Ro","B0"
"12046","USA_2020","MHds_WA","MHds_WA/101","D4"
"12047","USA_2020","MHds_WA","MHds_WA/101","D3"
"12048","USA_2020","MHds_WA","MHds_WA/101","C4"
"12049","USA_2020","MHds_WA","MHds_WA/101","C3"
"12050","USA_2020","MHds_WA","MHds_WA/101","B4"
"12051","USA_2020","MHds_WA","MHds_WA/101","B3"
"12052","USA_2020","MHds_WA","MHds_WA/102","D1"
"12053","USA_2020","MHds_WA","MHds_WA/102","C1"
"12054","USA_2020","MHds_WA","MHds_WA/102","B1"
"12055","USA_2020","MHds_WA","MHds_WA/102","A1"
"12056","USA_2020","MHds_WA","MHds_WA/103","D2"
"12057","USA_2020","MHds_WA","MHds_WA/103","C2"
"12058","USA_2020","MHds_WA","MHds_WA/103","B2"
"12059","USA_2020","MHds_WA","MHds_WA/103","A2"
"12060","USA_2020","MHds_WA","MHds_WA/110","C5"
"12061","USA_2020","MHds_WA","MHds_WA/110","B5"
"12062","USA_2020","MHds_WA","MHds_WA/111","C6"
"12063","USA_2020","MHds_WA","MHds_WA/111","B6"
"12064","USA_2020","MHds_WA","MHds_WA/112","E5"
"12065","USA_2020","MHds_WA","MHds_WA/112","D5"
"12066","USA_2020","MHds_WA","MHds_WA/113","E6"
"12067","USA_2020","MHds_WA","MHds_WA/113","D6"
"12068","Add_2021","MHds_WA","MHds_WA/Ro","A0"
"12069","Add_2021","MHds_WA","MHds_WA/Ro","B0"
"12070","USA_2019","MHmm_WA","MHmm_WA/101","D4"
"12071","USA_2019","MHmm_WA","MHmm_WA/101","D3"
"12072","USA_2019","MHmm_WA","MHmm_WA/101","C4"
"12073","USA_2019","MHmm_WA","MHmm_WA/101","C3"
"12074","USA_2019","MHmm_WA","MHmm_WA/101","B4"
"12075","USA_2019","MHmm_WA","MHmm_WA/101","B3"
"12076","USA_2019","MHmm_WA","MHmm_WA/102","D2"
"12077","USA_2019","MHmm_WA","MHmm_WA/102","D1"
"12078","USA_2019","MHmm_WA","MHmm_WA/102","C2"
"12079","USA_2019","MHmm_WA","MHmm_WA/102","C1"
"12080","USA_2019","MHmm_WA","MHmm_WA/102","B2"
"12081","USA_2019","MHmm_WA","MHmm_WA/102","B1"
"12082","USA_2019","MHmm_WA","MHmm_WA/102","A2"
"12083","USA_2019","MHmm_WA","MHmm_WA/102","A1"
"12084","USA_2019","MHmm_WA","MHmm_WA/110","C5"
"12085","USA_2019","MHmm_WA","MHmm_WA/110","B5"
"12086","USA_2019","MHmm_WA","MHmm_WA/111","C6"
"12087","USA_2019","MHmm_WA","MHmm_WA/111","B6"
"12088","USA_2019","MHmm_WA","MHmm_WA/112","E5"
"12089","USA_2019","MHmm_WA","MHmm_WA/112","D5"
"12090","USA_2019","MHmm_WA","MHmm_WA/113","E6"
"12091","USA_2019","MHmm_WA","MHmm_WA/113","D6"
"12092","Add_2021","MHmm_WA","MHmm_WA/Ro","A0"
"12093","Add_2021","MHmm_WA","MHmm_WA/Ro","B0"
"12094","BECv13","MHmm1","MHmm1/101","A2"
"12095","BECv13","MHmm1","MHmm1/101","B2"
"12096","BECv13","MHmm1","MHmm1/101","C2"
"12097","BECv13","MHmm1","MHmm1/101","C3"
"12098","BECv13","MHmm1","MHmm1/101","B3"
"12099","BECv13","MHmm1","MHmm1/101","A3"
"12100","BECv13","MHmm1","MHmm1/101","A4"
"12101","BECv13","MHmm1","MHmm1/101","B4"
"12102","BECv13","MHmm1","MHmm1/101","C4"
"12103","BECv13","MHmm1","MHmm1/101a","A3"
"12104","BECv13","MHmm1","MHmm1/101a","A4"
"12105","BECv13","MHmm1","MHmm1/101a","B4"
"12106","BECv13","MHmm1","MHmm1/101a","C4"
"12107","BECv13","MHmm1","MHmm1/101a","C3"
"12108","BECv13","MHmm1","MHmm1/101a","B3"
"12109","BECv13","MHmm1","MHmm1/101b","A2"
"12110","BECv13","MHmm1","MHmm1/101b","C2"
"12111","BECv13","MHmm1","MHmm1/102","A0"
"12112","BECv13","MHmm1","MHmm1/102","A1"
"12113","BECv13","MHmm1","MHmm1/102","B1"
"12114","BECv13","MHmm1","MHmm1/102","B0"
"12115","BECv13","MHmm1","MHmm1/102","C0"
"12116","BECv13","MHmm1","MHmm1/102","C1"
"12117","BECv13","MHmm1","MHmm1/103","A2"
"12118","BECv13","MHmm1","MHmm1/103","A3"
"12119","BECv13","MHmm1","MHmm1/103","A4"
"12120","BECv13","MHmm1","MHmm1/103","B4"
"12121","BECv13","MHmm1","MHmm1/103","C4"
"12122","BECv13","MHmm1","MHmm1/103","C3"
"12123","BECv13","MHmm1","MHmm1/103","C2"
"12124","BECv13","MHmm1","MHmm1/103","B2"
"12125","BECv13","MHmm1","MHmm1/103","B3"
"12126","BECv13","MHmm1","MHmm1/104","A2"
"12127","BECv13","MHmm1","MHmm1/104","A3"
"12128","BECv13","MHmm1","MHmm1/104","A4"
"12129","BECv13","MHmm1","MHmm1/104","B4"
"12130","BECv13","MHmm1","MHmm1/104","C4"
"12131","BECv13","MHmm1","MHmm1/104","C3"
"12132","BECv13","MHmm1","MHmm1/104","C2"
"12133","BECv13","MHmm1","MHmm1/104","B2"
"12134","BECv13","MHmm1","MHmm1/104","B3"
"12135","BECv13","MHmm1","MHmm1/110","D3"
"12136","BECv13","MHmm1","MHmm1/110","E3"
"12137","BECv13","MHmm1","MHmm1/110","E4"
"12138","BECv13","MHmm1","MHmm1/110","D4"
"12139","BECv13","MHmm1","MHmm1/111","A5"
"12140","BECv13","MHmm1","MHmm1/111","A6"
"12141","BECv13","MHmm1","MHmm1/111","B6"
"12142","BECv13","MHmm1","MHmm1/111","B5"
"12143","BECv13","MHmm1","MHmm1/111","C5"
"12144","BECv13","MHmm1","MHmm1/111","C6"
"12145","BECv13","MHmm1","MHmm1/112","D5"
"12146","BECv13","MHmm1","MHmm1/112","E5"
"12147","BECv13","MHmm1","MHmm1/112","E6"
"12148","BECv13","MHmm1","MHmm1/112","D6"
"12149","BECv13","MHmm1","MHmm1/Wb5X","A7"
"12150","BECv13","MHmm1","MHmm1/Wb5X","B7"
"12151","BECv13","MHmm1","MHmm1/Ws55.1","C7"
"12152","BECv13","MHmm1","MHmm1/Ws55.1","D7"
"12153","BECv13","MHmm1","MHmm1/Ws55.1","E7"
"12154","BECv13","MHmm2","MHmm2/101","A2"
"12155","BECv13","MHmm2","MHmm2/101","A3"
"12156","BECv13","MHmm2","MHmm2/101","A4"
"12157","BECv13","MHmm2","MHmm2/101","B4"
"12158","BECv13","MHmm2","MHmm2/101","B3"
"12159","BECv13","MHmm2","MHmm2/101","B2"
"12160","BECv13","MHmm2","MHmm2/101","C2"
"12161","BECv13","MHmm2","MHmm2/101","C3"
"12162","BECv13","MHmm2","MHmm2/101","C4"
"12163","BECv13","MHmm2","MHmm2/101a","A3"
"12164","BECv13","MHmm2","MHmm2/101a","A4"
"12165","BECv13","MHmm2","MHmm2/101a","B4"
"12166","BECv13","MHmm2","MHmm2/101a","C4"
"12167","BECv13","MHmm2","MHmm2/101a","C3"
"12168","BECv13","MHmm2","MHmm2/101a","B3"
"12169","BECv13","MHmm2","MHmm2/101b","A2"
"12170","BECv13","MHmm2","MHmm2/101b","B2"
"12171","BECv13","MHmm2","MHmm2/101b","C2"
"12172","BECv13","MHmm2","MHmm2/102","A0"
"12173","BECv13","MHmm2","MHmm2/102","A1"
"12174","BECv13","MHmm2","MHmm2/102","B1"
"12175","BECv13","MHmm2","MHmm2/102","C1"
"12176","BECv13","MHmm2","MHmm2/102","C0"
"12177","BECv13","MHmm2","MHmm2/102","B0"
"12178","BECv13","MHmm2","MHmm2/103","A2"
"12179","BECv13","MHmm2","MHmm2/103","B2"
"12180","BECv13","MHmm2","MHmm2/103","C2"
"12181","BECv13","MHmm2","MHmm2/103","C3"
"12182","BECv13","MHmm2","MHmm2/103","C4"
"12183","BECv13","MHmm2","MHmm2/103","B4"
"12184","BECv13","MHmm2","MHmm2/103","A4"
"12185","BECv13","MHmm2","MHmm2/103","A3"
"12186","BECv13","MHmm2","MHmm2/103","B3"
"12187","BECv13","MHmm2","MHmm2/110","D3"
"12188","BECv13","MHmm2","MHmm2/110","D4"
"12189","BECv13","MHmm2","MHmm2/110","E4"
"12190","BECv13","MHmm2","MHmm2/110","E3"
"12191","BECv13","MHmm2","MHmm2/111","A5"
"12192","BECv13","MHmm2","MHmm2/111","A6"
"12193","BECv13","MHmm2","MHmm2/111","B6"
"12194","BECv13","MHmm2","MHmm2/111","C6"
"12195","BECv13","MHmm2","MHmm2/111","C5"
"12196","BECv13","MHmm2","MHmm2/111","B5"
"12197","BECv13","MHmm2","MHmm2/112","D5"
"12198","BECv13","MHmm2","MHmm2/112","E5"
"12199","BECv13","MHmm2","MHmm2/113","D6"
"12200","BECv13","MHmm2","MHmm2/113","E6"
"12201","BECv13","MHmm2","MHmm2/Wb5X","A7"
"12202","BECv13","MHmm2","MHmm2/Wb5X","B7"
"12203","BECv13","MHmm2","MHmm2/Ws55.1","C7"
"12204","BECv13","MHmm2","MHmm2/Ws55.1","D7"
"12205","BECv13","MHmm2","MHmm2/Ws55.1","E7"
"12206","BECv10","MHmmp","MHmmp/h","E7"
"12207","BECv10","MHmmp","MHmmp/h","E6"
"12208","BECv10","MHmmp","MHmmp/h","E5"
"12209","BECv10","MHmmp","MHmmp/h","D7"
"12210","BECv10","MHmmp","MHmmp/h","D6"
"12211","BECv10","MHmmp","MHmmp/h","D5"
"12212","BECv10","MHmmp","MHmmp/h","C7"
"12213","BECv10","MHmmp","MHmmp/h","C6"
"12214","BECv10","MHmmp","MHmmp/h","C5"
"12215","BECv10","MHmmp","MHmmp/h","B7"
"12216","BECv10","MHmmp","MHmmp/h","B6"
"12217","BECv10","MHmmp","MHmmp/h","B5"
"12218","BECv10","MHmmp","MHmmp/h","A7"
"12219","BECv10","MHmmp","MHmmp/h","A6"
"12220","BECv10","MHmmp","MHmmp/h","A5"
"12221","BECv10","MHmmp","MHmmp/m","E4"
"12222","BECv10","MHmmp","MHmmp/m","E3"
"12223","BECv10","MHmmp","MHmmp/m","D4"
"12224","BECv10","MHmmp","MHmmp/m","D3"
"12225","BECv10","MHmmp","MHmmp/m","C4"
"12226","BECv10","MHmmp","MHmmp/m","C3"
"12227","BECv10","MHmmp","MHmmp/m","B4"
"12228","BECv10","MHmmp","MHmmp/m","B3"
"12229","BECv10","MHmmp","MHmmp/m","A4"
"12230","BECv10","MHmmp","MHmmp/m","A3"
"12231","BECv10","MHmmp","MHmmp/x","E2"
"12232","BECv10","MHmmp","MHmmp/x","E1"
"12233","BECv10","MHmmp","MHmmp/x","E0"
"12234","BECv10","MHmmp","MHmmp/x","D2"
"12235","BECv10","MHmmp","MHmmp/x","D1"
"12236","BECv10","MHmmp","MHmmp/x","D0"
"12237","BECv10","MHmmp","MHmmp/x","C2"
"12238","BECv10","MHmmp","MHmmp/x","C1"
"12239","BECv10","MHmmp","MHmmp/x","C0"
"12240","BECv10","MHmmp","MHmmp/x","B2"
"12241","BECv10","MHmmp","MHmmp/x","B1"
"12242","BECv10","MHmmp","MHmmp/x","B0"
"12243","BECv10","MHmmp","MHmmp/x","A2"
"12244","BECv10","MHmmp","MHmmp/x","A1"
"12245","BECv10","MHmmp","MHmmp/x","A0"
"12246","USA_2019","MHmmp_WA","MHmmp_WA/00","E7"
"12247","USA_2019","MHmmp_WA","MHmmp_WA/00","E6"
"12248","USA_2019","MHmmp_WA","MHmmp_WA/00","E5"
"12249","USA_2019","MHmmp_WA","MHmmp_WA/00","E4"
"12250","USA_2019","MHmmp_WA","MHmmp_WA/00","E3"
"12251","USA_2019","MHmmp_WA","MHmmp_WA/00","E2"
"12252","USA_2019","MHmmp_WA","MHmmp_WA/00","E1"
"12253","USA_2019","MHmmp_WA","MHmmp_WA/00","E0"
"12254","USA_2019","MHmmp_WA","MHmmp_WA/00","D7"
"12255","USA_2019","MHmmp_WA","MHmmp_WA/00","D6"
"12256","USA_2019","MHmmp_WA","MHmmp_WA/00","D5"
"12257","USA_2019","MHmmp_WA","MHmmp_WA/00","D4"
"12258","USA_2019","MHmmp_WA","MHmmp_WA/00","D3"
"12259","USA_2019","MHmmp_WA","MHmmp_WA/00","D2"
"12260","USA_2019","MHmmp_WA","MHmmp_WA/00","D1"
"12261","USA_2019","MHmmp_WA","MHmmp_WA/00","D0"
"12262","USA_2019","MHmmp_WA","MHmmp_WA/00","C7"
"12263","USA_2019","MHmmp_WA","MHmmp_WA/00","C6"
"12264","USA_2019","MHmmp_WA","MHmmp_WA/00","C5"
"12265","USA_2019","MHmmp_WA","MHmmp_WA/00","C4"
"12266","USA_2019","MHmmp_WA","MHmmp_WA/00","C3"
"12267","USA_2019","MHmmp_WA","MHmmp_WA/00","C2"
"12268","USA_2019","MHmmp_WA","MHmmp_WA/00","C1"
"12269","USA_2019","MHmmp_WA","MHmmp_WA/00","C0"
"12270","USA_2019","MHmmp_WA","MHmmp_WA/00","B7"
"12271","USA_2019","MHmmp_WA","MHmmp_WA/00","B6"
"12272","USA_2019","MHmmp_WA","MHmmp_WA/00","B5"
"12273","USA_2019","MHmmp_WA","MHmmp_WA/00","B4"
"12274","USA_2019","MHmmp_WA","MHmmp_WA/00","B3"
"12275","USA_2019","MHmmp_WA","MHmmp_WA/00","B2"
"12276","USA_2019","MHmmp_WA","MHmmp_WA/00","B1"
"12277","USA_2019","MHmmp_WA","MHmmp_WA/00","B0"
"12278","USA_2019","MHmmp_WA","MHmmp_WA/00","A7"
"12279","USA_2019","MHmmp_WA","MHmmp_WA/00","A6"
"12280","USA_2019","MHmmp_WA","MHmmp_WA/00","A5"
"12281","USA_2019","MHmmp_WA","MHmmp_WA/00","A4"
"12282","USA_2019","MHmmp_WA","MHmmp_WA/00","A3"
"12283","USA_2019","MHmmp_WA","MHmmp_WA/00","A2"
"12284","USA_2019","MHmmp_WA","MHmmp_WA/00","A1"
"12285","USA_2019","MHmmp_WA","MHmmp_WA/00","A0"
"12286","BECv13","MHms","MHms/101","A3"
"12287","BECv13","MHms","MHms/101","A4"
"12288","BECv13","MHms","MHms/101","B3"
"12289","BECv13","MHms","MHms/101","B4"
"12290","BECv13","MHms","MHms/101","C4"
"12291","BECv13","MHms","MHms/101","C3"
"12292","BECv13","MHms","MHms/102","A0"
"12293","BECv13","MHms","MHms/102","A1"
"12294","BECv13","MHms","MHms/102","B1"
"12295","BECv13","MHms","MHms/102","B0"
"12296","BECv13","MHms","MHms/102","C0"
"12297","BECv13","MHms","MHms/102","C1"
"12298","BECv13","MHms","MHms/103","A3"
"12299","BECv13","MHms","MHms/103","A2"
"12300","BECv13","MHms","MHms/103","B2"
"12301","BECv13","MHms","MHms/103","C2"
"12302","BECv13","MHms","MHms/103","C3"
"12303","BECv13","MHms","MHms/103","B3"
"12304","BECv13","MHms","MHms/104","A2"
"12305","BECv13","MHms","MHms/104","B2"
"12306","BECv13","MHms","MHms/104","C2"
"12307","BECv13","MHms","MHms/104","A4"
"12308","BECv13","MHms","MHms/104","A3"
"12309","BECv13","MHms","MHms/104","B3"
"12310","BECv13","MHms","MHms/104","B4"
"12311","BECv13","MHms","MHms/104","C4"
"12312","BECv13","MHms","MHms/104","C3"
"12313","BECv13","MHms","MHms/110","D4"
"12314","BECv13","MHms","MHms/110","E4"
"12315","BECv13","MHms","MHms/110","D5"
"12316","BECv13","MHms","MHms/110","E5"
"12317","BECv13","MHms","MHms/111","D6"
"12318","BECv13","MHms","MHms/111","E6"
"12319","BECv13","MHms","MHms/112","C6"
"12320","BECv13","MHms","MHms/112","C7"
"12321","BECv13","MHms","MHms/112","D7"
"12322","BECv13","MHms","MHms/112","E7"
"12323","USA_2019","MHms_WA","MHms_WA/101","D4"
"12324","USA_2019","MHms_WA","MHms_WA/101","D3"
"12325","USA_2019","MHms_WA","MHms_WA/101","C4"
"12326","USA_2019","MHms_WA","MHms_WA/101","C3"
"12327","USA_2019","MHms_WA","MHms_WA/101","B4"
"12328","USA_2019","MHms_WA","MHms_WA/101","B3"
"12329","USA_2019","MHms_WA","MHms_WA/102","D1"
"12330","USA_2019","MHms_WA","MHms_WA/102","C1"
"12331","USA_2019","MHms_WA","MHms_WA/102","B1"
"12332","USA_2019","MHms_WA","MHms_WA/102","A1"
"12333","USA_2019","MHms_WA","MHms_WA/103","D2"
"12334","USA_2019","MHms_WA","MHms_WA/103","C2"
"12335","USA_2019","MHms_WA","MHms_WA/103","B2"
"12336","USA_2019","MHms_WA","MHms_WA/103","A2"
"12337","USA_2019","MHms_WA","MHms_WA/110","C5"
"12338","USA_2019","MHms_WA","MHms_WA/110","B5"
"12339","USA_2019","MHms_WA","MHms_WA/111","C6"
"12340","USA_2019","MHms_WA","MHms_WA/111","B6"
"12341","USA_2019","MHms_WA","MHms_WA/112","E5"
"12342","USA_2019","MHms_WA","MHms_WA/112","D5"
"12343","USA_2019","MHms_WA","MHms_WA/113","E6"
"12344","USA_2019","MHms_WA","MHms_WA/113","D6"
"12345","Add_2021","MHms_WA","MHms_WA/Ro","A0"
"12346","Add_2021","MHms_WA","MHms_WA/Ro","B0"
"12347","BECv13","MHmsp","MHmsp/h","E7"
"12348","BECv13","MHmsp","MHmsp/h","E6"
"12349","BECv13","MHmsp","MHmsp/h","E5"
"12350","BECv13","MHmsp","MHmsp/h","D7"
"12351","BECv13","MHmsp","MHmsp/h","D6"
"12352","BECv13","MHmsp","MHmsp/h","D5"
"12353","BECv13","MHmsp","MHmsp/h","C7"
"12354","BECv13","MHmsp","MHmsp/h","C6"
"12355","BECv13","MHmsp","MHmsp/h","C5"
"12356","BECv13","MHmsp","MHmsp/h","B7"
"12357","BECv13","MHmsp","MHmsp/h","B6"
"12358","BECv13","MHmsp","MHmsp/h","B5"
"12359","BECv13","MHmsp","MHmsp/h","A7"
"12360","BECv13","MHmsp","MHmsp/h","A6"
"12361","BECv13","MHmsp","MHmsp/h","A5"
"12362","BECv13","MHmsp","MHmsp/m","E4"
"12363","BECv13","MHmsp","MHmsp/m","E3"
"12364","BECv13","MHmsp","MHmsp/m","D4"
"12365","BECv13","MHmsp","MHmsp/m","D3"
"12366","BECv13","MHmsp","MHmsp/m","C4"
"12367","BECv13","MHmsp","MHmsp/m","C3"
"12368","BECv13","MHmsp","MHmsp/m","B4"
"12369","BECv13","MHmsp","MHmsp/m","B3"
"12370","BECv13","MHmsp","MHmsp/m","A4"
"12371","BECv13","MHmsp","MHmsp/m","A3"
"12372","BECv13","MHmsp","MHmsp/x","E2"
"12373","BECv13","MHmsp","MHmsp/x","E1"
"12374","BECv13","MHmsp","MHmsp/x","E0"
"12375","BECv13","MHmsp","MHmsp/x","D2"
"12376","BECv13","MHmsp","MHmsp/x","D1"
"12377","BECv13","MHmsp","MHmsp/x","D0"
"12378","BECv13","MHmsp","MHmsp/x","C2"
"12379","BECv13","MHmsp","MHmsp/x","C1"
"12380","BECv13","MHmsp","MHmsp/x","C0"
"12381","BECv13","MHmsp","MHmsp/x","B2"
"12382","BECv13","MHmsp","MHmsp/x","B1"
"12383","BECv13","MHmsp","MHmsp/x","B0"
"12384","BECv13","MHmsp","MHmsp/x","A2"
"12385","BECv13","MHmsp","MHmsp/x","A1"
"12386","BECv13","MHmsp","MHmsp/x","A0"
"12387","USA_2019","MHmsp_WA","MHmsp_WA/00","E7"
"12388","USA_2019","MHmsp_WA","MHmsp_WA/00","E6"
"12389","USA_2019","MHmsp_WA","MHmsp_WA/00","E5"
"12390","USA_2019","MHmsp_WA","MHmsp_WA/00","E4"
"12391","USA_2019","MHmsp_WA","MHmsp_WA/00","E3"
"12392","USA_2019","MHmsp_WA","MHmsp_WA/00","E2"
"12393","USA_2019","MHmsp_WA","MHmsp_WA/00","E1"
"12394","USA_2019","MHmsp_WA","MHmsp_WA/00","E0"
"12395","USA_2019","MHmsp_WA","MHmsp_WA/00","D7"
"12396","USA_2019","MHmsp_WA","MHmsp_WA/00","D6"
"12397","USA_2019","MHmsp_WA","MHmsp_WA/00","D5"
"12398","USA_2019","MHmsp_WA","MHmsp_WA/00","D4"
"12399","USA_2019","MHmsp_WA","MHmsp_WA/00","D3"
"12400","USA_2019","MHmsp_WA","MHmsp_WA/00","D2"
"12401","USA_2019","MHmsp_WA","MHmsp_WA/00","D1"
"12402","USA_2019","MHmsp_WA","MHmsp_WA/00","D0"
"12403","USA_2019","MHmsp_WA","MHmsp_WA/00","C7"
"12404","USA_2019","MHmsp_WA","MHmsp_WA/00","C6"
"12405","USA_2019","MHmsp_WA","MHmsp_WA/00","C5"
"12406","USA_2019","MHmsp_WA","MHmsp_WA/00","C4"
"12407","USA_2019","MHmsp_WA","MHmsp_WA/00","C3"
"12408","USA_2019","MHmsp_WA","MHmsp_WA/00","C2"
"12409","USA_2019","MHmsp_WA","MHmsp_WA/00","C1"
"12410","USA_2019","MHmsp_WA","MHmsp_WA/00","C0"
"12411","USA_2019","MHmsp_WA","MHmsp_WA/00","B7"
"12412","USA_2019","MHmsp_WA","MHmsp_WA/00","B6"
"12413","USA_2019","MHmsp_WA","MHmsp_WA/00","B5"
"12414","USA_2019","MHmsp_WA","MHmsp_WA/00","B4"
"12415","USA_2019","MHmsp_WA","MHmsp_WA/00","B3"
"12416","USA_2019","MHmsp_WA","MHmsp_WA/00","B2"
"12417","USA_2019","MHmsp_WA","MHmsp_WA/00","B1"
"12418","USA_2019","MHmsp_WA","MHmsp_WA/00","B0"
"12419","USA_2019","MHmsp_WA","MHmsp_WA/00","A7"
"12420","USA_2019","MHmsp_WA","MHmsp_WA/00","A6"
"12421","USA_2019","MHmsp_WA","MHmsp_WA/00","A5"
"12422","USA_2019","MHmsp_WA","MHmsp_WA/00","A4"
"12423","USA_2019","MHmsp_WA","MHmsp_WA/00","A3"
"12424","USA_2019","MHmsp_WA","MHmsp_WA/00","A2"
"12425","USA_2019","MHmsp_WA","MHmsp_WA/00","A1"
"12426","USA_2019","MHmsp_WA","MHmsp_WA/00","A0"
"12427","USA_2019","MHRFdm_OR","MHRFdm_OR/101","D4"
"12428","USA_2019","MHRFdm_OR","MHRFdm_OR/101","D3"
"12429","USA_2019","MHRFdm_OR","MHRFdm_OR/101","C4"
"12430","USA_2019","MHRFdm_OR","MHRFdm_OR/101","C3"
"12431","USA_2019","MHRFdm_OR","MHRFdm_OR/101","B4"
"12432","USA_2019","MHRFdm_OR","MHRFdm_OR/101","B3"
"12433","USA_2019","MHRFdm_OR","MHRFdm_OR/102","D2"
"12434","USA_2019","MHRFdm_OR","MHRFdm_OR/102","D1"
"12435","USA_2019","MHRFdm_OR","MHRFdm_OR/102","C2"
"12436","USA_2019","MHRFdm_OR","MHRFdm_OR/102","C1"
"12437","USA_2019","MHRFdm_OR","MHRFdm_OR/102","B2"
"12438","USA_2019","MHRFdm_OR","MHRFdm_OR/102","B1"
"12439","USA_2019","MHRFdm_OR","MHRFdm_OR/102","A2"
"12440","USA_2019","MHRFdm_OR","MHRFdm_OR/102","A1"
"12441","USA_2019","MHRFdm_OR","MHRFdm_OR/110","E6"
"12442","USA_2019","MHRFdm_OR","MHRFdm_OR/110","E5"
"12443","USA_2019","MHRFdm_OR","MHRFdm_OR/110","D6"
"12444","USA_2019","MHRFdm_OR","MHRFdm_OR/110","D5"
"12445","USA_2019","MHRFdm_OR","MHRFdm_OR/110","C6"
"12446","USA_2019","MHRFdm_OR","MHRFdm_OR/110","C5"
"12447","USA_2019","MHRFdm_OR","MHRFdm_OR/110","B6"
"12448","USA_2019","MHRFdm_OR","MHRFdm_OR/110","B5"
"12449","Add_2021","MHRFdm_OR","MHRFdm_OR/Ro","A0"
"12450","Add_2021","MHRFdm_OR","MHRFdm_OR/Ro","B0"
"12451","USA_2019","MHRFdmp_OR","MHRFdmp_OR/00","E6"
"12452","USA_2019","MHRFdmp_OR","MHRFdmp_OR/00","E5"
"12453","USA_2019","MHRFdmp_OR","MHRFdmp_OR/00","D6"
"12454","USA_2019","MHRFdmp_OR","MHRFdmp_OR/00","D5"
"12455","USA_2019","MHRFdmp_OR","MHRFdmp_OR/00","D4"
"12456","USA_2019","MHRFdmp_OR","MHRFdmp_OR/00","D3"
"12457","USA_2019","MHRFdmp_OR","MHRFdmp_OR/00","D2"
"12458","USA_2019","MHRFdmp_OR","MHRFdmp_OR/00","D1"
"12459","USA_2019","MHRFdmp_OR","MHRFdmp_OR/00","C6"
"12460","USA_2019","MHRFdmp_OR","MHRFdmp_OR/00","C5"
"12461","USA_2019","MHRFdmp_OR","MHRFdmp_OR/00","C4"
"12462","USA_2019","MHRFdmp_OR","MHRFdmp_OR/00","C3"
"12463","USA_2019","MHRFdmp_OR","MHRFdmp_OR/00","C2"
"12464","USA_2019","MHRFdmp_OR","MHRFdmp_OR/00","C1"
"12465","USA_2019","MHRFdmp_OR","MHRFdmp_OR/00","B6"
"12466","USA_2019","MHRFdmp_OR","MHRFdmp_OR/00","B5"
"12467","USA_2019","MHRFdmp_OR","MHRFdmp_OR/00","B4"
"12468","USA_2019","MHRFdmp_OR","MHRFdmp_OR/00","B3"
"12469","USA_2019","MHRFdmp_OR","MHRFdmp_OR/00","B2"
"12470","USA_2019","MHRFdmp_OR","MHRFdmp_OR/00","B1"
"12471","USA_2019","MHRFdmp_OR","MHRFdmp_OR/00","A2"
"12472","USA_2019","MHRFdmp_OR","MHRFdmp_OR/00","A1"
"12473","Add_2021","MHRFdmp_OR","MHRFdmp_OR/Ro","A0"
"12474","Add_2021","MHRFdmp_OR","MHRFdmp_OR/Ro","B0"
"12475","USA_2019","MHRFds_CA","MHRFds_CA/101","D4"
"12476","USA_2019","MHRFds_CA","MHRFds_CA/101","D3"
"12477","USA_2019","MHRFds_CA","MHRFds_CA/101","C4"
"12478","USA_2019","MHRFds_CA","MHRFds_CA/101","C3"
"12479","USA_2019","MHRFds_CA","MHRFds_CA/101","B4"
"12480","USA_2019","MHRFds_CA","MHRFds_CA/101","B3"
"12481","USA_2019","MHRFds_CA","MHRFds_CA/102","D2"
"12482","USA_2019","MHRFds_CA","MHRFds_CA/102","D1"
"12483","USA_2019","MHRFds_CA","MHRFds_CA/102","C2"
"12484","USA_2019","MHRFds_CA","MHRFds_CA/102","C1"
"12485","USA_2019","MHRFds_CA","MHRFds_CA/102","B2"
"12486","USA_2019","MHRFds_CA","MHRFds_CA/102","B1"
"12487","USA_2019","MHRFds_CA","MHRFds_CA/102","A2"
"12488","USA_2019","MHRFds_CA","MHRFds_CA/102","A1"
"12489","USA_2019","MHRFds_CA","MHRFds_CA/110","E6"
"12490","USA_2019","MHRFds_CA","MHRFds_CA/110","E5"
"12491","USA_2019","MHRFds_CA","MHRFds_CA/110","D6"
"12492","USA_2019","MHRFds_CA","MHRFds_CA/110","D5"
"12493","USA_2019","MHRFds_CA","MHRFds_CA/110","C6"
"12494","USA_2019","MHRFds_CA","MHRFds_CA/110","C5"
"12495","USA_2019","MHRFds_CA","MHRFds_CA/110","B6"
"12496","USA_2019","MHRFds_CA","MHRFds_CA/110","B5"
"12497","Add_2021","MHRFds_CA","MHRFds_CA/Ro","A0"
"12498","Add_2021","MHRFds_CA","MHRFds_CA/Ro","B0"
"12499","USA_2019","MHRFdsp_CA","MHRFdsp_CA/00","E6"
"12500","USA_2019","MHRFdsp_CA","MHRFdsp_CA/00","E5"
"12501","USA_2019","MHRFdsp_CA","MHRFdsp_CA/00","D6"
"12502","USA_2019","MHRFdsp_CA","MHRFdsp_CA/00","D5"
"12503","USA_2019","MHRFdsp_CA","MHRFdsp_CA/00","D4"
"12504","USA_2019","MHRFdsp_CA","MHRFdsp_CA/00","D3"
"12505","USA_2019","MHRFdsp_CA","MHRFdsp_CA/00","D2"
"12506","USA_2019","MHRFdsp_CA","MHRFdsp_CA/00","D1"
"12507","USA_2019","MHRFdsp_CA","MHRFdsp_CA/00","C6"
"12508","USA_2019","MHRFdsp_CA","MHRFdsp_CA/00","C5"
"12509","USA_2019","MHRFdsp_CA","MHRFdsp_CA/00","C4"
"12510","USA_2019","MHRFdsp_CA","MHRFdsp_CA/00","C3"
"12511","USA_2019","MHRFdsp_CA","MHRFdsp_CA/00","C2"
"12512","USA_2019","MHRFdsp_CA","MHRFdsp_CA/00","C1"
"12513","USA_2019","MHRFdsp_CA","MHRFdsp_CA/00","B6"
"12514","USA_2019","MHRFdsp_CA","MHRFdsp_CA/00","B5"
"12515","USA_2019","MHRFdsp_CA","MHRFdsp_CA/00","B4"
"12516","USA_2019","MHRFdsp_CA","MHRFdsp_CA/00","B3"
"12517","USA_2019","MHRFdsp_CA","MHRFdsp_CA/00","B2"
"12518","USA_2019","MHRFdsp_CA","MHRFdsp_CA/00","B1"
"12519","USA_2019","MHRFdsp_CA","MHRFdsp_CA/00","A2"
"12520","USA_2019","MHRFdsp_CA","MHRFdsp_CA/00","A1"
"12521","Add_2021","MHRFdsp_CA","MHRFdsp_CA/Ro","A0"
"12522","Add_2021","MHRFdsp_CA","MHRFdsp_CA/Ro","B0"
"12523","USA_2019","MHRFmm_OR","MHRFmm_OR/101","D4"
"12524","USA_2019","MHRFmm_OR","MHRFmm_OR/101","D3"
"12525","USA_2019","MHRFmm_OR","MHRFmm_OR/101","C4"
"12526","USA_2019","MHRFmm_OR","MHRFmm_OR/101","C3"
"12527","USA_2019","MHRFmm_OR","MHRFmm_OR/101","B4"
"12528","USA_2019","MHRFmm_OR","MHRFmm_OR/101","B3"
"12529","USA_2019","MHRFmm_OR","MHRFmm_OR/102","D2"
"12530","USA_2019","MHRFmm_OR","MHRFmm_OR/102","D1"
"12531","USA_2019","MHRFmm_OR","MHRFmm_OR/102","C2"
"12532","USA_2019","MHRFmm_OR","MHRFmm_OR/102","C1"
"12533","USA_2019","MHRFmm_OR","MHRFmm_OR/102","B2"
"12534","USA_2019","MHRFmm_OR","MHRFmm_OR/102","B1"
"12535","USA_2019","MHRFmm_OR","MHRFmm_OR/102","A2"
"12536","USA_2019","MHRFmm_OR","MHRFmm_OR/102","A1"
"12537","USA_2019","MHRFmm_OR","MHRFmm_OR/110","E6"
"12538","USA_2019","MHRFmm_OR","MHRFmm_OR/110","E5"
"12539","USA_2019","MHRFmm_OR","MHRFmm_OR/110","D6"
"12540","USA_2019","MHRFmm_OR","MHRFmm_OR/110","D5"
"12541","USA_2019","MHRFmm_OR","MHRFmm_OR/110","C6"
"12542","USA_2019","MHRFmm_OR","MHRFmm_OR/110","C5"
"12543","USA_2019","MHRFmm_OR","MHRFmm_OR/110","B6"
"12544","USA_2019","MHRFmm_OR","MHRFmm_OR/110","B5"
"12545","Add_2021","MHRFmm_OR","MHRFmm_OR/Ro","A0"
"12546","Add_2021","MHRFmm_OR","MHRFmm_OR/Ro","B0"
"12547","USA_2019","MHRFmmp_OR","MHRFmmp_OR/00","E6"
"12548","USA_2019","MHRFmmp_OR","MHRFmmp_OR/00","E5"
"12549","USA_2019","MHRFmmp_OR","MHRFmmp_OR/00","D6"
"12550","USA_2019","MHRFmmp_OR","MHRFmmp_OR/00","D5"
"12551","USA_2019","MHRFmmp_OR","MHRFmmp_OR/00","D4"
"12552","USA_2019","MHRFmmp_OR","MHRFmmp_OR/00","D3"
"12553","USA_2019","MHRFmmp_OR","MHRFmmp_OR/00","D2"
"12554","USA_2019","MHRFmmp_OR","MHRFmmp_OR/00","D1"
"12555","USA_2019","MHRFmmp_OR","MHRFmmp_OR/00","C6"
"12556","USA_2019","MHRFmmp_OR","MHRFmmp_OR/00","C5"
"12557","USA_2019","MHRFmmp_OR","MHRFmmp_OR/00","C4"
"12558","USA_2019","MHRFmmp_OR","MHRFmmp_OR/00","C3"
"12559","USA_2019","MHRFmmp_OR","MHRFmmp_OR/00","C2"
"12560","USA_2019","MHRFmmp_OR","MHRFmmp_OR/00","C1"
"12561","USA_2019","MHRFmmp_OR","MHRFmmp_OR/00","B6"
"12562","USA_2019","MHRFmmp_OR","MHRFmmp_OR/00","B5"
"12563","USA_2019","MHRFmmp_OR","MHRFmmp_OR/00","B4"
"12564","USA_2019","MHRFmmp_OR","MHRFmmp_OR/00","B3"
"12565","USA_2019","MHRFmmp_OR","MHRFmmp_OR/00","B2"
"12566","USA_2019","MHRFmmp_OR","MHRFmmp_OR/00","B1"
"12567","USA_2019","MHRFmmp_OR","MHRFmmp_OR/00","A2"
"12568","USA_2019","MHRFmmp_OR","MHRFmmp_OR/00","A1"
"12569","Add_2021","MHRFmmp_OR","MHRFmmp_OR/Ro","A0"
"12570","Add_2021","MHRFmmp_OR","MHRFmmp_OR/Ro","B0"
"12571","BECv10","MHun","MHun/h","E7"
"12572","BECv10","MHun","MHun/h","E6"
"12573","BECv10","MHun","MHun/h","E5"
"12574","BECv10","MHun","MHun/h","D7"
"12575","BECv10","MHun","MHun/h","D6"
"12576","BECv10","MHun","MHun/h","D5"
"12577","BECv10","MHun","MHun/h","C7"
"12578","BECv10","MHun","MHun/h","C6"
"12579","BECv10","MHun","MHun/h","C5"
"12580","BECv10","MHun","MHun/h","B7"
"12581","BECv10","MHun","MHun/h","B6"
"12582","BECv10","MHun","MHun/h","B5"
"12583","BECv10","MHun","MHun/h","A7"
"12584","BECv10","MHun","MHun/h","A6"
"12585","BECv10","MHun","MHun/h","A5"
"12586","BECv10","MHun","MHun/m","E4"
"12587","BECv10","MHun","MHun/m","E3"
"12588","BECv10","MHun","MHun/m","D4"
"12589","BECv10","MHun","MHun/m","D3"
"12590","BECv10","MHun","MHun/m","C4"
"12591","BECv10","MHun","MHun/m","C3"
"12592","BECv10","MHun","MHun/m","B4"
"12593","BECv10","MHun","MHun/m","B3"
"12594","BECv10","MHun","MHun/m","A4"
"12595","BECv10","MHun","MHun/m","A3"
"12596","BECv10","MHun","MHun/x","E2"
"12597","BECv10","MHun","MHun/x","E1"
"12598","BECv10","MHun","MHun/x","E0"
"12599","BECv10","MHun","MHun/x","D2"
"12600","BECv10","MHun","MHun/x","D1"
"12601","BECv10","MHun","MHun/x","D0"
"12602","BECv10","MHun","MHun/x","C2"
"12603","BECv10","MHun","MHun/x","C1"
"12604","BECv10","MHun","MHun/x","C0"
"12605","BECv10","MHun","MHun/x","B2"
"12606","BECv10","MHun","MHun/x","B1"
"12607","BECv10","MHun","MHun/x","B0"
"12608","BECv10","MHun","MHun/x","A2"
"12609","BECv10","MHun","MHun/x","A1"
"12610","BECv10","MHun","MHun/x","A0"
"12611","BECv10","MHunp","MHunp/00","E7"
"12612","BECv10","MHunp","MHunp/00","E6"
"12613","BECv10","MHunp","MHunp/00","E5"
"12614","BECv10","MHunp","MHunp/00","E4"
"12615","BECv10","MHunp","MHunp/00","E3"
"12616","BECv10","MHunp","MHunp/00","E2"
"12617","BECv10","MHunp","MHunp/00","E1"
"12618","BECv10","MHunp","MHunp/00","E0"
"12619","BECv10","MHunp","MHunp/00","D7"
"12620","BECv10","MHunp","MHunp/00","D6"
"12621","BECv10","MHunp","MHunp/00","D5"
"12622","BECv10","MHunp","MHunp/00","D4"
"12623","BECv10","MHunp","MHunp/00","D3"
"12624","BECv10","MHunp","MHunp/00","D2"
"12625","BECv10","MHunp","MHunp/00","D1"
"12626","BECv10","MHunp","MHunp/00","D0"
"12627","BECv10","MHunp","MHunp/00","C7"
"12628","BECv10","MHunp","MHunp/00","C6"
"12629","BECv10","MHunp","MHunp/00","C5"
"12630","BECv10","MHunp","MHunp/00","C4"
"12631","BECv10","MHunp","MHunp/00","C3"
"12632","BECv10","MHunp","MHunp/00","C2"
"12633","BECv10","MHunp","MHunp/00","C1"
"12634","BECv10","MHunp","MHunp/00","C0"
"12635","BECv10","MHunp","MHunp/00","B7"
"12636","BECv10","MHunp","MHunp/00","B6"
"12637","BECv10","MHunp","MHunp/00","B5"
"12638","BECv10","MHunp","MHunp/00","B4"
"12639","BECv10","MHunp","MHunp/00","B3"
"12640","BECv10","MHunp","MHunp/00","B2"
"12641","BECv10","MHunp","MHunp/00","B1"
"12642","BECv10","MHunp","MHunp/00","B0"
"12643","BECv10","MHunp","MHunp/00","A7"
"12644","BECv10","MHunp","MHunp/00","A6"
"12645","BECv10","MHunp","MHunp/00","A5"
"12646","BECv10","MHunp","MHunp/00","A4"
"12647","BECv10","MHunp","MHunp/00","A3"
"12648","BECv10","MHunp","MHunp/00","A2"
"12649","BECv10","MHunp","MHunp/00","A1"
"12650","BECv10","MHunp","MHunp/00","A0"
"12651","BECv13","MHvh","MHvh/101","A2"
"12652","BECv13","MHvh","MHvh/101","A3"
"12653","BECv13","MHvh","MHvh/101","A4"
"12654","BECv13","MHvh","MHvh/101","B4"
"12655","BECv13","MHvh","MHvh/101","C4"
"12656","BECv13","MHvh","MHvh/101","C3"
"12657","BECv13","MHvh","MHvh/101","C2"
"12658","BECv13","MHvh","MHvh/101","B2"
"12659","BECv13","MHvh","MHvh/101","B3"
"12660","BECv13","MHvh","MHvh/101a","A3"
"12661","BECv13","MHvh","MHvh/101a","A4"
"12662","BECv13","MHvh","MHvh/101a","B4"
"12663","BECv13","MHvh","MHvh/101a","C4"
"12664","BECv13","MHvh","MHvh/101a","C3"
"12665","BECv13","MHvh","MHvh/101a","B3"
"12666","BECv13","MHvh","MHvh/101b","A2"
"12667","BECv13","MHvh","MHvh/101b","C2"
"12668","BECv13","MHvh","MHvh/101b","B2"
"12669","BECv13","MHvh","MHvh/102","A0"
"12670","BECv13","MHvh","MHvh/102","B0"
"12671","BECv13","MHvh","MHvh/102","C0"
"12672","BECv13","MHvh","MHvh/102","A1"
"12673","BECv13","MHvh","MHvh/102","B1"
"12674","BECv13","MHvh","MHvh/102","C1"
"12675","BECv13","MHvh","MHvh/110","D2"
"12676","BECv13","MHvh","MHvh/110","D3"
"12677","BECv13","MHvh","MHvh/110","D4"
"12678","BECv13","MHvh","MHvh/110","E2"
"12679","BECv13","MHvh","MHvh/110","E3"
"12680","BECv13","MHvh","MHvh/110","E4"
"12681","BECv13","MHvh","MHvh/111","B5"
"12682","BECv13","MHvh","MHvh/111","C5"
"12683","BECv13","MHvh","MHvh/Wb","A7"
"12684","BECv13","MHvh","MHvh/Wb","B7"
"12685","BECv13","MHvh","MHvh/Wb","C7"
"12686","BECv13","MHvh","MHvh/Wf","E7"
"12687","BECv13","MHvh","MHvh/Wf","D7"
"12688","BECv13","MHvh","MHvh/Wf","C7"
"12689","BECv13","MHvhp","MHvhp/h","E7"
"12690","BECv13","MHvhp","MHvhp/h","E6"
"12691","BECv13","MHvhp","MHvhp/h","E5"
"12692","BECv13","MHvhp","MHvhp/h","D7"
"12693","BECv13","MHvhp","MHvhp/h","D6"
"12694","BECv13","MHvhp","MHvhp/h","D5"
"12695","BECv13","MHvhp","MHvhp/h","C7"
"12696","BECv13","MHvhp","MHvhp/h","C6"
"12697","BECv13","MHvhp","MHvhp/h","C5"
"12698","BECv13","MHvhp","MHvhp/h","B7"
"12699","BECv13","MHvhp","MHvhp/h","B6"
"12700","BECv13","MHvhp","MHvhp/h","B5"
"12701","BECv13","MHvhp","MHvhp/h","A7"
"12702","BECv13","MHvhp","MHvhp/h","A6"
"12703","BECv13","MHvhp","MHvhp/h","A5"
"12704","BECv13","MHvhp","MHvhp/m","E4"
"12705","BECv13","MHvhp","MHvhp/m","E3"
"12706","BECv13","MHvhp","MHvhp/m","D4"
"12707","BECv13","MHvhp","MHvhp/m","D3"
"12708","BECv13","MHvhp","MHvhp/m","C4"
"12709","BECv13","MHvhp","MHvhp/m","C3"
"12710","BECv13","MHvhp","MHvhp/m","B4"
"12711","BECv13","MHvhp","MHvhp/m","B3"
"12712","BECv13","MHvhp","MHvhp/m","A4"
"12713","BECv13","MHvhp","MHvhp/m","A3"
"12714","BECv13","MHvhp","MHvhp/x","E2"
"12715","BECv13","MHvhp","MHvhp/x","E1"
"12716","BECv13","MHvhp","MHvhp/x","E0"
"12717","BECv13","MHvhp","MHvhp/x","D2"
"12718","BECv13","MHvhp","MHvhp/x","D1"
"12719","BECv13","MHvhp","MHvhp/x","D0"
"12720","BECv13","MHvhp","MHvhp/x","C2"
"12721","BECv13","MHvhp","MHvhp/x","C1"
"12722","BECv13","MHvhp","MHvhp/x","C0"
"12723","BECv13","MHvhp","MHvhp/x","B2"
"12724","BECv13","MHvhp","MHvhp/x","B1"
"12725","BECv13","MHvhp","MHvhp/x","B0"
"12726","BECv13","MHvhp","MHvhp/x","A2"
"12727","BECv13","MHvhp","MHvhp/x","A1"
"12728","BECv13","MHvhp","MHvhp/x","A0"
"12729","BECv10","MHwh","MHwh/101","C4"
"12730","BECv10","MHwh","MHwh/101","C3"
"12731","BECv10","MHwh","MHwh/101","C2"
"12732","BECv10","MHwh","MHwh/101","B5"
"12733","BECv10","MHwh","MHwh/101","B4"
"12734","BECv10","MHwh","MHwh/101","B3"
"12735","BECv10","MHwh","MHwh/101","B2"
"12736","BECv10","MHwh","MHwh/101","A5"
"12737","BECv10","MHwh","MHwh/101","A4"
"12738","BECv10","MHwh","MHwh/101","A3"
"12739","BECv10","MHwh","MHwh/101","A2"
"12740","BEC11","MHwh","MHwh/101a","C4"
"12741","BEC11","MHwh","MHwh/101a","C3"
"12742","BEC11","MHwh","MHwh/101a","B4"
"12743","BEC11","MHwh","MHwh/101a","B3"
"12744","BEC11","MHwh","MHwh/101a","A4"
"12745","BEC11","MHwh","MHwh/101a","A3"
"12746","BEC11","MHwh","MHwh/101b","C2"
"12747","BEC11","MHwh","MHwh/101b","B2"
"12748","BEC11","MHwh","MHwh/101b","A2"
"12749","BEC11","MHwh","MHwh/101c","B5"
"12750","BEC11","MHwh","MHwh/101c","A5"
"12751","BECv10","MHwh","MHwh/102","C1"
"12752","BECv10","MHwh","MHwh/102","C0"
"12753","BECv10","MHwh","MHwh/102","B1"
"12754","BECv10","MHwh","MHwh/102","B0"
"12755","BECv10","MHwh","MHwh/102","A1"
"12756","BECv10","MHwh","MHwh/102","A0"
"12757","BECv10","MHwh","MHwh/110","E2"
"12758","BECv10","MHwh","MHwh/110","D4"
"12759","BECv10","MHwh","MHwh/110","D3"
"12760","BECv10","MHwh","MHwh/110","D2"
"12761","BECv10","MHwh","MHwh/111","E6"
"12762","BECv10","MHwh","MHwh/111","E5"
"12763","BECv10","MHwh","MHwh/111","D6"
"12764","BECv10","MHwh","MHwh/111","D5"
"12765","BECv10","MHwh","MHwh/111","C6"
"12766","BECv10","MHwh","MHwh/111","C5"
"12767","BECv10","MHwh","MHwh/Wb53","C7"
"12768","BECv10","MHwh","MHwh/Wb53","B7"
"12769","BECv10","MHwh","MHwh/Wb53","A7"
"12770","BECv10","MHwhp","MHwhp/00","E7"
"12771","BECv10","MHwhp","MHwhp/00","E6"
"12772","BECv10","MHwhp","MHwhp/00","E5"
"12773","BECv10","MHwhp","MHwhp/00","E4"
"12774","BECv10","MHwhp","MHwhp/00","E3"
"12775","BECv10","MHwhp","MHwhp/00","E2"
"12776","BECv10","MHwhp","MHwhp/00","E1"
"12777","BECv10","MHwhp","MHwhp/00","E0"
"12778","BECv10","MHwhp","MHwhp/00","D7"
"12779","BECv10","MHwhp","MHwhp/00","D6"
"12780","BECv10","MHwhp","MHwhp/00","D5"
"12781","BECv10","MHwhp","MHwhp/00","D4"
"12782","BECv10","MHwhp","MHwhp/00","D3"
"12783","BECv10","MHwhp","MHwhp/00","D2"
"12784","BECv10","MHwhp","MHwhp/00","D1"
"12785","BECv10","MHwhp","MHwhp/00","D0"
"12786","BECv10","MHwhp","MHwhp/00","C7"
"12787","BECv10","MHwhp","MHwhp/00","C6"
"12788","BECv10","MHwhp","MHwhp/00","C5"
"12789","BECv10","MHwhp","MHwhp/00","C4"
"12790","BECv10","MHwhp","MHwhp/00","C3"
"12791","BECv10","MHwhp","MHwhp/00","C2"
"12792","BECv10","MHwhp","MHwhp/00","C1"
"12793","BECv10","MHwhp","MHwhp/00","C0"
"12794","BECv10","MHwhp","MHwhp/00","B7"
"12795","BECv10","MHwhp","MHwhp/00","B6"
"12796","BECv10","MHwhp","MHwhp/00","B5"
"12797","BECv10","MHwhp","MHwhp/00","B4"
"12798","BECv10","MHwhp","MHwhp/00","B3"
"12799","BECv10","MHwhp","MHwhp/00","B2"
"12800","BECv10","MHwhp","MHwhp/00","B1"
"12801","BECv10","MHwhp","MHwhp/00","B0"
"12802","BECv10","MHwhp","MHwhp/00","A7"
"12803","BECv10","MHwhp","MHwhp/00","A6"
"12804","BECv10","MHwhp","MHwhp/00","A5"
"12805","BECv10","MHwhp","MHwhp/00","A4"
"12806","BECv10","MHwhp","MHwhp/00","A3"
"12807","BECv10","MHwhp","MHwhp/00","A2"
"12808","BECv10","MHwhp","MHwhp/00","A1"
"12809","BECv10","MHwhp","MHwhp/00","A0"
"12810","ABv12","MSabN","MSabN/a","D2"
"12811","ABv12","MSabN","MSabN/a","D1"
"12812","ABv12","MSabN","MSabN/a","C3"
"12813","ABv12","MSabN","MSabN/a","C2"
"12814","ABv12","MSabN","MSabN/a","C1"
"12815","ABv12","MSabN","MSabN/a","B3"
"12816","ABv12","MSabN","MSabN/a","B2"
"12817","ABv12","MSabN","MSabN/a","B1"
"12818","ABv12","MSabN","MSabN/b","D3"
"12819","ABv12","MSabN","MSabN/b","D2"
"12820","ABv12","MSabN","MSabN/b","C4"
"12821","ABv12","MSabN","MSabN/b","C3"
"12822","ABv12","MSabN","MSabN/b","C2"
"12823","ABv12","MSabN","MSabN/b","B4"
"12824","ABv12","MSabN","MSabN/b","B3"
"12825","ABv12","MSabN","MSabN/b","B2"
"12826","ABv12","MSabN","MSabN/c","D5"
"12827","ABv12","MSabN","MSabN/c","D4"
"12828","ABv12","MSabN","MSabN/c","C5"
"12829","ABv12","MSabN","MSabN/c","C4"
"12830","ABv12","MSabN","MSabN/c","C3"
"12831","ABv12","MSabN","MSabN/c","B5"
"12832","ABv12","MSabN","MSabN/c","B4"
"12833","ABv12","MSabN","MSabN/d","E5"
"12834","ABv12","MSabN","MSabN/d","D6"
"12835","ABv12","MSabN","MSabN/d","D5"
"12836","ABv12","MSabN","MSabN/d","D4"
"12837","ABv12","MSabN","MSabN/d","C6"
"12838","ABv12","MSabN","MSabN/d","C5"
"12839","ABv12","MSabN","MSabN/f","E6"
"12840","ABv12","MSabN","MSabN/f","D7"
"12841","ABv12","MSabN","MSabN/f","D6"
"12842","ABv12","MSabN","MSabN/f","D5"
"12843","ABv12","MSabN","MSabN/f","C6"
"12844","ABv12","MSabN","MSabN/g","E7"
"12845","ABv12","MSabN","MSabN/g","D7"
"12846","ABv12","MSabN","MSabN/g","D6"
"12847","ABv12","MSabN","MSabN/g","C7"
"12848","ABv12","MSabN","MSabN/g","C6"
"12849","Add_2021","MSabN","MSabN/Ro","A0"
"12850","Add_2021","MSabN","MSabN/Ro","B0"
"12851","ABv12","MSabS","MSabS/a","D2"
"12852","ABv12","MSabS","MSabS/a","D1"
"12853","ABv12","MSabS","MSabS/a","C3"
"12854","ABv12","MSabS","MSabS/a","C2"
"12855","ABv12","MSabS","MSabS/a","C1"
"12856","ABv12","MSabS","MSabS/a","B3"
"12857","ABv12","MSabS","MSabS/a","B2"
"12858","ABv12","MSabS","MSabS/a","B1"
"12859","ABv12","MSabS","MSabS/b","D3"
"12860","ABv12","MSabS","MSabS/b","D2"
"12861","ABv12","MSabS","MSabS/b","C4"
"12862","ABv12","MSabS","MSabS/b","C3"
"12863","ABv12","MSabS","MSabS/b","C2"
"12864","ABv12","MSabS","MSabS/b","B4"
"12865","ABv12","MSabS","MSabS/b","B3"
"12866","ABv12","MSabS","MSabS/b","B2"
"12867","ABv12","MSabS","MSabS/c","D5"
"12868","ABv12","MSabS","MSabS/c","D4"
"12869","ABv12","MSabS","MSabS/c","C5"
"12870","ABv12","MSabS","MSabS/c","C4"
"12871","ABv12","MSabS","MSabS/c","C3"
"12872","ABv12","MSabS","MSabS/c","B5"
"12873","ABv12","MSabS","MSabS/c","B4"
"12874","ABv12","MSabS","MSabS/d","E5"
"12875","ABv12","MSabS","MSabS/d","D6"
"12876","ABv12","MSabS","MSabS/d","D5"
"12877","ABv12","MSabS","MSabS/d","D4"
"12878","ABv12","MSabS","MSabS/d","C6"
"12879","ABv12","MSabS","MSabS/d","C5"
"12880","ABv12","MSabS","MSabS/f","E6"
"12881","ABv12","MSabS","MSabS/f","D7"
"12882","ABv12","MSabS","MSabS/f","D6"
"12883","ABv12","MSabS","MSabS/f","D5"
"12884","ABv12","MSabS","MSabS/f","C6"
"12885","ABv12","MSabS","MSabS/g","E7"
"12886","ABv12","MSabS","MSabS/g","D7"
"12887","ABv12","MSabS","MSabS/g","D6"
"12888","ABv12","MSabS","MSabS/g","C7"
"12889","ABv12","MSabS","MSabS/g","C6"
"12890","Add_2021","MSabS","MSabS/Ro","A0"
"12891","Add_2021","MSabS","MSabS/Ro","B0"
"12892","BECv10","MSdc1","MSdc1/01","D4"
"12893","BECv10","MSdc1","MSdc1/01","D3"
"12894","BECv10","MSdc1","MSdc1/01","C4"
"12895","BECv10","MSdc1","MSdc1/01","C3"
"12896","BECv10","MSdc1","MSdc1/01","B4"
"12897","BECv10","MSdc1","MSdc1/01","B3"
"12898","BECv10","MSdc1","MSdc1/01","A4"
"12899","BECv10","MSdc1","MSdc1/01","A3"
"12900","BECv10","MSdc1","MSdc1/02","C1"
"12901","BECv10","MSdc1","MSdc1/02","C0"
"12902","BECv10","MSdc1","MSdc1/02","B1"
"12903","BECv10","MSdc1","MSdc1/02","B0"
"12904","BECv10","MSdc1","MSdc1/02","A1"
"12905","BECv10","MSdc1","MSdc1/02","A0"
"12906","BECv10","MSdc1","MSdc1/03","D3"
"12907","BECv10","MSdc1","MSdc1/03","D2"
"12908","BECv10","MSdc1","MSdc1/03","C3"
"12909","BECv10","MSdc1","MSdc1/03","C2"
"12910","BECv10","MSdc1","MSdc1/03","B3"
"12911","BECv10","MSdc1","MSdc1/03","B2"
"12912","BECv10","MSdc1","MSdc1/03","B1"
"12913","BECv10","MSdc1","MSdc1/03","A3"
"12914","BECv10","MSdc1","MSdc1/03","A2"
"12915","BECv10","MSdc1","MSdc1/03","A1"
"12916","BECv10","MSdc1","MSdc1/04","E5"
"12917","BECv10","MSdc1","MSdc1/04","E4"
"12918","BECv10","MSdc1","MSdc1/04","D5"
"12919","BECv10","MSdc1","MSdc1/04","D4"
"12920","BECv10","MSdc1","MSdc1/04","C5"
"12921","BECv10","MSdc1","MSdc1/04","C4"
"12922","BECv10","MSdc1","MSdc1/04","B5"
"12923","BECv10","MSdc1","MSdc1/04","B4"
"12924","BECv10","MSdc1","MSdc1/05","E7"
"12925","BECv10","MSdc1","MSdc1/05","E6"
"12926","BECv10","MSdc1","MSdc1/05","E5"
"12927","BECv10","MSdc1","MSdc1/05","D7"
"12928","BECv10","MSdc1","MSdc1/05","D6"
"12929","BECv10","MSdc1","MSdc1/05","D5"
"12930","BECv10","MSdc1","MSdc1/05","C7"
"12931","BECv10","MSdc1","MSdc1/05","C6"
"12932","BECv10","MSdc1","MSdc1/05","C5"
"12933","BECv10","MSdc2","MSdc2/01","D4"
"12934","BECv10","MSdc2","MSdc2/01","D3"
"12935","BECv10","MSdc2","MSdc2/01","C4"
"12936","BECv10","MSdc2","MSdc2/01","C3"
"12937","BECv10","MSdc2","MSdc2/01","B4"
"12938","BECv10","MSdc2","MSdc2/01","B3"
"12939","BECv10","MSdc2","MSdc2/02","D2"
"12940","BECv10","MSdc2","MSdc2/02","D1"
"12941","BECv10","MSdc2","MSdc2/02","D0"
"12942","BECv10","MSdc2","MSdc2/02","C2"
"12943","BECv10","MSdc2","MSdc2/02","C1"
"12944","BECv10","MSdc2","MSdc2/02","C0"
"12945","BECv10","MSdc2","MSdc2/02","B2"
"12946","BECv10","MSdc2","MSdc2/02","B1"
"12947","BECv10","MSdc2","MSdc2/02","B0"
"12948","BECv10","MSdc2","MSdc2/02","A1"
"12949","BECv10","MSdc2","MSdc2/02","A0"
"12950","BECv10","MSdc2","MSdc2/03","D3"
"12951","BECv10","MSdc2","MSdc2/03","D2"
"12952","BECv10","MSdc2","MSdc2/03","C3"
"12953","BECv10","MSdc2","MSdc2/03","C2"
"12954","BECv10","MSdc2","MSdc2/03","B3"
"12955","BECv10","MSdc2","MSdc2/03","B2"
"12956","BECv10","MSdc2","MSdc2/04","D3"
"12957","BECv10","MSdc2","MSdc2/04","D2"
"12958","BECv10","MSdc2","MSdc2/04","C3"
"12959","BECv10","MSdc2","MSdc2/04","C2"
"12960","BECv10","MSdc2","MSdc2/04","B3"
"12961","BECv10","MSdc2","MSdc2/04","B2"
"12962","BECv10","MSdc2","MSdc2/05","C6"
"12963","BECv10","MSdc2","MSdc2/05","C5"
"12964","BECv10","MSdc2","MSdc2/05","B6"
"12965","BECv10","MSdc2","MSdc2/05","B5"
"12966","BECv10","MSdc2","MSdc2/06","E6"
"12967","BECv10","MSdc2","MSdc2/06","E5"
"12968","BECv10","MSdc2","MSdc2/06","D6"
"12969","BECv10","MSdc2","MSdc2/06","D5"
"12970","BECv10","MSdc2","MSdc2/06","C6"
"12971","BECv10","MSdc2","MSdc2/06","C5"
"12972","BECv10","MSdc2","MSdc2/07","E6"
"12973","BECv10","MSdc2","MSdc2/07","E5"
"12974","BECv10","MSdc2","MSdc2/07","D6"
"12975","BECv10","MSdc2","MSdc2/07","D5"
"12976","BECv10","MSdc2","MSdc2/07","C6"
"12977","BECv10","MSdc2","MSdc2/07","C5"
"12978","BECv10","MSdc2","MSdc2/08","D7"
"12979","BECv10","MSdc2","MSdc2/08","D6"
"12980","BECv10","MSdc2","MSdc2/08","C7"
"12981","BECv10","MSdc2","MSdc2/08","C6"
"12982","BECv10","MSdc2","MSdc2/08","B7"
"12983","BECv10","MSdc2","MSdc2/08","B6"
"12984","BECv10","MSdc3","MSdc3/01","D4"
"12985","BECv10","MSdc3","MSdc3/01","D3"
"12986","BECv10","MSdc3","MSdc3/01","C4"
"12987","BECv10","MSdc3","MSdc3/01","C3"
"12988","BECv10","MSdc3","MSdc3/01","B4"
"12989","BECv10","MSdc3","MSdc3/01","B3"
"12990","BECv10","MSdc3","MSdc3/02","D2"
"12991","BECv10","MSdc3","MSdc3/02","D1"
"12992","BECv10","MSdc3","MSdc3/02","D0"
"12993","BECv10","MSdc3","MSdc3/02","C2"
"12994","BECv10","MSdc3","MSdc3/02","C1"
"12995","BECv10","MSdc3","MSdc3/02","C0"
"12996","BECv10","MSdc3","MSdc3/02","B2"
"12997","BECv10","MSdc3","MSdc3/02","B1"
"12998","BECv10","MSdc3","MSdc3/02","B0"
"12999","BECv10","MSdc3","MSdc3/02","A1"
"13000","BECv10","MSdc3","MSdc3/02","A0"
"13001","BECv10","MSdc3","MSdc3/03","D3"
"13002","BECv10","MSdc3","MSdc3/03","D2"
"13003","BECv10","MSdc3","MSdc3/03","C3"
"13004","BECv10","MSdc3","MSdc3/03","C2"
"13005","BECv10","MSdc3","MSdc3/03","B3"
"13006","BECv10","MSdc3","MSdc3/03","B2"
"13007","BECv10","MSdc3","MSdc3/04","D3"
"13008","BECv10","MSdc3","MSdc3/04","D2"
"13009","BECv10","MSdc3","MSdc3/04","C3"
"13010","BECv10","MSdc3","MSdc3/04","C2"
"13011","BECv10","MSdc3","MSdc3/04","B3"
"13012","BECv10","MSdc3","MSdc3/04","B2"
"13013","BECv10","MSdc3","MSdc3/05","C6"
"13014","BECv10","MSdc3","MSdc3/05","C5"
"13015","BECv10","MSdc3","MSdc3/05","B6"
"13016","BECv10","MSdc3","MSdc3/05","B5"
"13017","USA_2020","MSdh_MT","MSdh_MT/101","D4"
"13018","USA_2020","MSdh_MT","MSdh_MT/101","D3"
"13019","USA_2020","MSdh_MT","MSdh_MT/101","C4"
"13020","USA_2020","MSdh_MT","MSdh_MT/101","C3"
"13021","USA_2020","MSdh_MT","MSdh_MT/101","B4"
"13022","USA_2020","MSdh_MT","MSdh_MT/101","B3"
"13023","USA_2020","MSdh_MT","MSdh_MT/102","D1"
"13024","USA_2020","MSdh_MT","MSdh_MT/102","C1"
"13025","USA_2020","MSdh_MT","MSdh_MT/102","B1"
"13026","USA_2020","MSdh_MT","MSdh_MT/102","A1"
"13027","USA_2020","MSdh_MT","MSdh_MT/103","D2"
"13028","USA_2020","MSdh_MT","MSdh_MT/103","C2"
"13029","USA_2020","MSdh_MT","MSdh_MT/103","B2"
"13030","USA_2020","MSdh_MT","MSdh_MT/103","A2"
"13031","USA_2020","MSdh_MT","MSdh_MT/110","C5"
"13032","USA_2020","MSdh_MT","MSdh_MT/110","B5"
"13033","USA_2020","MSdh_MT","MSdh_MT/111","C6"
"13034","USA_2020","MSdh_MT","MSdh_MT/111","B6"
"13035","USA_2020","MSdh_MT","MSdh_MT/112","E5"
"13036","USA_2020","MSdh_MT","MSdh_MT/112","D5"
"13037","USA_2020","MSdh_MT","MSdh_MT/113","E6"
"13038","USA_2020","MSdh_MT","MSdh_MT/113","D6"
"13039","Add_2021","MSdh_MT","MSdh_MT/Ro","A0"
"13040","Add_2021","MSdh_MT","MSdh_MT/Ro","B0"
"13041","USA_2019","MSdh_UT","MSdh_UT/101","D4"
"13042","USA_2019","MSdh_UT","MSdh_UT/101","D3"
"13043","USA_2019","MSdh_UT","MSdh_UT/101","C4"
"13044","USA_2019","MSdh_UT","MSdh_UT/101","C3"
"13045","USA_2019","MSdh_UT","MSdh_UT/101","B4"
"13046","USA_2019","MSdh_UT","MSdh_UT/101","B3"
"13047","USA_2019","MSdh_UT","MSdh_UT/102","D1"
"13048","USA_2019","MSdh_UT","MSdh_UT/102","C1"
"13049","USA_2019","MSdh_UT","MSdh_UT/102","B1"
"13050","USA_2019","MSdh_UT","MSdh_UT/102","A1"
"13051","USA_2019","MSdh_UT","MSdh_UT/103","D2"
"13052","USA_2019","MSdh_UT","MSdh_UT/103","C2"
"13053","USA_2019","MSdh_UT","MSdh_UT/103","B2"
"13054","USA_2019","MSdh_UT","MSdh_UT/103","A2"
"13055","USA_2019","MSdh_UT","MSdh_UT/110","E5"
"13056","USA_2019","MSdh_UT","MSdh_UT/110","D5"
"13057","USA_2019","MSdh_UT","MSdh_UT/110","C5"
"13058","USA_2019","MSdh_UT","MSdh_UT/110","B5"
"13059","USA_2019","MSdh_UT","MSdh_UT/111","E6"
"13060","USA_2019","MSdh_UT","MSdh_UT/111","D6"
"13061","USA_2019","MSdh_UT","MSdh_UT/111","C6"
"13062","USA_2019","MSdh_UT","MSdh_UT/111","B6"
"13063","Add_2021","MSdh_UT","MSdh_UT/Ro","A0"
"13064","Add_2021","MSdh_UT","MSdh_UT/Ro","B0"
"13065","USA_2019","MSdh_WY","MSdh_WY/101","D4"
"13066","USA_2019","MSdh_WY","MSdh_WY/101","D3"
"13067","USA_2019","MSdh_WY","MSdh_WY/101","C4"
"13068","USA_2019","MSdh_WY","MSdh_WY/101","C3"
"13069","USA_2019","MSdh_WY","MSdh_WY/101","B4"
"13070","USA_2019","MSdh_WY","MSdh_WY/101","B3"
"13071","USA_2019","MSdh_WY","MSdh_WY/102","D1"
"13072","USA_2019","MSdh_WY","MSdh_WY/102","C1"
"13073","USA_2019","MSdh_WY","MSdh_WY/102","B1"
"13074","USA_2019","MSdh_WY","MSdh_WY/102","A1"
"13075","USA_2019","MSdh_WY","MSdh_WY/103","D2"
"13076","USA_2019","MSdh_WY","MSdh_WY/103","C2"
"13077","USA_2019","MSdh_WY","MSdh_WY/103","B2"
"13078","USA_2019","MSdh_WY","MSdh_WY/103","A2"
"13079","USA_2019","MSdh_WY","MSdh_WY/110","C5"
"13080","USA_2019","MSdh_WY","MSdh_WY/110","B5"
"13081","USA_2019","MSdh_WY","MSdh_WY/111","C6"
"13082","USA_2019","MSdh_WY","MSdh_WY/111","B6"
"13083","USA_2019","MSdh_WY","MSdh_WY/112","E5"
"13084","USA_2019","MSdh_WY","MSdh_WY/112","D5"
"13085","USA_2019","MSdh_WY","MSdh_WY/113","E6"
"13086","USA_2019","MSdh_WY","MSdh_WY/113","D6"
"13087","Add_2021","MSdh_WY","MSdh_WY/Ro","A0"
"13088","Add_2021","MSdh_WY","MSdh_WY/Ro","B0"
"13089","BECv11","MSdk","MSdk/101","D4"
"13090","BECv11","MSdk","MSdk/101","D3"
"13091","BECv11","MSdk","MSdk/101","C4"
"13092","BECv11","MSdk","MSdk/102","C1"
"13093","BECv11","MSdk","MSdk/102","B2"
"13094","BECv11","MSdk","MSdk/102","B1"
"13095","BECv11","MSdk","MSdk/102","A2"
"13096","BECv11","MSdk","MSdk/102","A1"
"13097","BECv11","MSdk","MSdk/103","D2"
"13098","BECv11","MSdk","MSdk/103","C2"
"13099","BECv11","MSdk","MSdk/104","B5"
"13100","BECv11","MSdk","MSdk/104","B4"
"13101","BECv11","MSdk","MSdk/104","B3"
"13102","BECv11","MSdk","MSdk/104","A5"
"13103","BECv11","MSdk","MSdk/104","A4"
"13104","BECv11","MSdk","MSdk/104","A3"
"13105","BECv11","MSdk","MSdk/105","D3"
"13106","BECv11","MSdk","MSdk/105","C3"
"13107","BECv11","MSdk","MSdk/110","E5"
"13108","BECv11","MSdk","MSdk/110","D5"
"13109","BECv11","MSdk","MSdk/110","C5"
"13110","BECv11","MSdk","MSdk/111","E7"
"13111","BECv11","MSdk","MSdk/111","E6"
"13112","BECv11","MSdk","MSdk/111","D7"
"13113","BECv11","MSdk","MSdk/111","D6"
"13114","BECv11","MSdk","MSdk/111","C7"
"13115","BECv11","MSdk","MSdk/111","C6"
"13116","BECv11","MSdk","MSdk/111a","E7"
"13117","BECv11","MSdk","MSdk/111a","E6"
"13118","BECv11","MSdk","MSdk/111a","D6"
"13119","BECv11","MSdk","MSdk/111a","C6"
"13120","BECv11","MSdk","MSdk/111b","D7"
"13121","BECv11","MSdk","MSdk/111b","C7"
"13122","BECv11","MSdk","MSdk/112","B7"
"13123","BECv11","MSdk","MSdk/112","B6"
"13124","BECv11","MSdk","MSdk/112a","B6"
"13125","BECv11","MSdk","MSdk/112b","B7"
"13126","BECv12","MSdk","MSdk/Fm01","E6"
"13127","BECv12","MSdk","MSdk/Fm01","E5"
"13128","BECv12","MSdk","MSdk/Fm02","E6"
"13129","BECv12","MSdk","MSdk/Fm02","E5"
"13130","BECv11","MSdk","MSdk/Ro","C0"
"13131","BECv11","MSdk","MSdk/Ro","B0"
"13132","BECv11","MSdk","MSdk/Ro","A0"
"13133","USA_2019","MSdk_CO","MSdk_CO/101","D4"
"13134","USA_2019","MSdk_CO","MSdk_CO/101","D3"
"13135","USA_2019","MSdk_CO","MSdk_CO/101","C4"
"13136","USA_2019","MSdk_CO","MSdk_CO/101","C3"
"13137","USA_2019","MSdk_CO","MSdk_CO/101","B4"
"13138","USA_2019","MSdk_CO","MSdk_CO/101","B3"
"13139","USA_2019","MSdk_CO","MSdk_CO/102","D1"
"13140","USA_2019","MSdk_CO","MSdk_CO/102","C1"
"13141","USA_2019","MSdk_CO","MSdk_CO/102","B1"
"13142","USA_2019","MSdk_CO","MSdk_CO/102","A1"
"13143","USA_2019","MSdk_CO","MSdk_CO/103","D2"
"13144","USA_2019","MSdk_CO","MSdk_CO/103","C2"
"13145","USA_2019","MSdk_CO","MSdk_CO/103","B2"
"13146","USA_2019","MSdk_CO","MSdk_CO/103","A2"
"13147","USA_2019","MSdk_CO","MSdk_CO/110","C5"
"13148","USA_2019","MSdk_CO","MSdk_CO/110","B5"
"13149","USA_2019","MSdk_CO","MSdk_CO/111","C6"
"13150","USA_2019","MSdk_CO","MSdk_CO/111","B6"
"13151","USA_2019","MSdk_CO","MSdk_CO/112","E5"
"13152","USA_2019","MSdk_CO","MSdk_CO/112","D5"
"13153","USA_2019","MSdk_CO","MSdk_CO/113","E6"
"13154","USA_2019","MSdk_CO","MSdk_CO/113","D6"
"13155","Add_2021","MSdk_CO","MSdk_CO/Ro","A0"
"13156","Add_2021","MSdk_CO","MSdk_CO/Ro","B0"
"13157","USA_2019","MSdm_WA","MSdm_WA/101","D4"
"13158","USA_2019","MSdm_WA","MSdm_WA/101","D3"
"13159","USA_2019","MSdm_WA","MSdm_WA/101","C4"
"13160","USA_2019","MSdm_WA","MSdm_WA/101","C3"
"13161","USA_2019","MSdm_WA","MSdm_WA/101","B4"
"13162","USA_2019","MSdm_WA","MSdm_WA/101","B3"
"13163","USA_2019","MSdm_WA","MSdm_WA/102","D1"
"13164","USA_2019","MSdm_WA","MSdm_WA/102","C1"
"13165","USA_2019","MSdm_WA","MSdm_WA/102","B1"
"13166","USA_2019","MSdm_WA","MSdm_WA/102","A1"
"13167","USA_2019","MSdm_WA","MSdm_WA/103","D2"
"13168","USA_2019","MSdm_WA","MSdm_WA/103","C2"
"13169","USA_2019","MSdm_WA","MSdm_WA/103","B2"
"13170","USA_2019","MSdm_WA","MSdm_WA/103","A2"
"13171","USA_2019","MSdm_WA","MSdm_WA/110","C5"
"13172","USA_2019","MSdm_WA","MSdm_WA/110","B5"
"13173","USA_2019","MSdm_WA","MSdm_WA/111","C6"
"13174","USA_2019","MSdm_WA","MSdm_WA/111","B6"
"13175","USA_2019","MSdm_WA","MSdm_WA/112","E5"
"13176","USA_2019","MSdm_WA","MSdm_WA/112","D5"
"13177","USA_2019","MSdm_WA","MSdm_WA/113","E6"
"13178","USA_2019","MSdm_WA","MSdm_WA/113","D6"
"13179","Add_2021","MSdm_WA","MSdm_WA/Ro","A0"
"13180","Add_2021","MSdm_WA","MSdm_WA/Ro","B0"
"13181","BECv12","MSdm1","MSdm1/101","C4"
"13182","BECv12","MSdm1","MSdm1/101","C3"
"13183","BECv12","MSdm1","MSdm1/101","B4"
"13184","BECv12","MSdm1","MSdm1/102","C1"
"13185","BECv12","MSdm1","MSdm1/102","B1"
"13186","BECv12","MSdm1","MSdm1/102","A2"
"13187","BECv12","MSdm1","MSdm1/102","A1"
"13188","BECv12","MSdm1","MSdm1/103","C3"
"13189","BECv12","MSdm1","MSdm1/103","C2"
"13190","BECv12","MSdm1","MSdm1/103","B2"
"13191","BECv12","MSdm1","MSdm1/104","B3"
"13192","BECv12","MSdm1","MSdm1/104","A3"
"13193","BECv12","MSdm1","MSdm1/110","B6"
"13194","BECv12","MSdm1","MSdm1/110","B5"
"13195","BECv12","MSdm1","MSdm1/111","D5"
"13196","BECv12","MSdm1","MSdm1/111","C5"
"13197","BECv12","MSdm1","MSdm1/112","D6"
"13198","BECv12","MSdm1","MSdm1/112","D5"
"13199","BECv12","MSdm1","MSdm1/112","C6"
"13200","BECv12","MSdm1","MSdm1/112","C5"
"13201","BECv12","MSdm1","MSdm1/113","E7"
"13202","BECv12","MSdm1","MSdm1/113","E6"
"13203","BECv12","MSdm1","MSdm1/113","D7"
"13204","BECv12","MSdm1","MSdm1/113","D6"
"13205","BECv12","MSdm1","MSdm1/113","C7"
"13206","BECv12","MSdm1","MSdm1/113","C6"
"13207","Add_2021","MSdm1","MSdm1/Ro","A0"
"13208","Add_2021","MSdm1","MSdm1/Ro","B0"
"13209","BECv12","MSdm2","MSdm2/101","D4"
"13210","BECv12","MSdm2","MSdm2/101","D3"
"13211","BECv12","MSdm2","MSdm2/101","C4"
"13212","BECv12","MSdm2","MSdm2/101","C3"
"13213","BECv12","MSdm2","MSdm2/101","B4"
"13214","BECv12","MSdm2","MSdm2/101","B3"
"13215","BECv12","MSdm2","MSdm2/102","C1"
"13216","BECv12","MSdm2","MSdm2/102","C0"
"13217","BECv12","MSdm2","MSdm2/102","B1"
"13218","BECv12","MSdm2","MSdm2/102","B0"
"13219","BECv12","MSdm2","MSdm2/102","A1"
"13220","BECv12","MSdm2","MSdm2/102","A0"
"13221","BECv12","MSdm2","MSdm2/103","C2"
"13222","BECv12","MSdm2","MSdm2/103","B2"
"13223","BECv12","MSdm2","MSdm2/104","D3"
"13224","BECv12","MSdm2","MSdm2/104","C3"
"13225","BECv12","MSdm2","MSdm2/104","C2"
"13226","BECv12","MSdm2","MSdm2/104","B3"
"13227","BECv12","MSdm2","MSdm2/104","B2"
"13228","BECv12","MSdm2","MSdm2/105","B4"
"13229","BECv12","MSdm2","MSdm2/105","B3"
"13230","BECv12","MSdm2","MSdm2/105","A4"
"13231","BECv12","MSdm2","MSdm2/105","A3"
"13232","BECv12","MSdm2","MSdm2/110","C5"
"13233","BECv12","MSdm2","MSdm2/110","B5"
"13234","BECv12","MSdm2","MSdm2/110","A5"
"13235","BECv12","MSdm2","MSdm2/111","D5"
"13236","BECv12","MSdm2","MSdm2/111","C5"
"13237","BECv12","MSdm2","MSdm2/112","E6"
"13238","BECv12","MSdm2","MSdm2/112","E5"
"13239","BECv12","MSdm2","MSdm2/112","D6"
"13240","BECv12","MSdm2","MSdm2/112","D5"
"13241","BECv12","MSdm2","MSdm2/112","C6"
"13242","BECv12","MSdm2","MSdm2/113","E7"
"13243","BECv12","MSdm2","MSdm2/113","E6"
"13244","BECv12","MSdm2","MSdm2/113","D7"
"13245","BECv12","MSdm2","MSdm2/113","D6"
"13246","BECv12","MSdm2","MSdm2/113","C7"
"13247","BECv12","MSdm2","MSdm2/113","C6"
"13248","BECv12","MSdm2","MSdm2/Rt07","C0"
"13249","BECv12","MSdm2","MSdm2/Rt07","B0"
"13250","BECv12","MSdm2","MSdm2/Rt07","A0"
"13251","BECv12","MSdm2","MSdm2/Rt08","C0"
"13252","BECv12","MSdm2","MSdm2/Rt08","B0"
"13253","BECv12","MSdm2","MSdm2/Rt08","A0"
"13254","BECv10","MSdm3","MSdm3/01","D5"
"13255","BECv10","MSdm3","MSdm3/01","D4"
"13256","BECv10","MSdm3","MSdm3/01","C5"
"13257","BECv10","MSdm3","MSdm3/01","C4"
"13258","BECv10","MSdm3","MSdm3/01","B5"
"13259","BECv10","MSdm3","MSdm3/01","B4"
"13260","BECv10","MSdm3","MSdm3/01","B3"
"13261","BECv10","MSdm3","MSdm3/01","A5"
"13262","BECv10","MSdm3","MSdm3/01","A4"
"13263","BECv10","MSdm3","MSdm3/01","A3"
"13264","BECv10","MSdm3","MSdm3/02","D2"
"13265","BECv10","MSdm3","MSdm3/02","D1"
"13266","BECv10","MSdm3","MSdm3/02","D0"
"13267","BECv10","MSdm3","MSdm3/02","C2"
"13268","BECv10","MSdm3","MSdm3/02","C1"
"13269","BECv10","MSdm3","MSdm3/02","C0"
"13270","BECv10","MSdm3","MSdm3/02","B2"
"13271","BECv10","MSdm3","MSdm3/02","B1"
"13272","BECv10","MSdm3","MSdm3/02","B0"
"13273","BECv10","MSdm3","MSdm3/02","A2"
"13274","BECv10","MSdm3","MSdm3/02","A1"
"13275","BECv10","MSdm3","MSdm3/02","A0"
"13276","BECv10","MSdm3","MSdm3/03","D3"
"13277","BECv10","MSdm3","MSdm3/03","D2"
"13278","BECv10","MSdm3","MSdm3/03","D1"
"13279","BECv10","MSdm3","MSdm3/03","C3"
"13280","BECv10","MSdm3","MSdm3/03","C2"
"13281","BECv10","MSdm3","MSdm3/03","C1"
"13282","BECv10","MSdm3","MSdm3/03","B3"
"13283","BECv10","MSdm3","MSdm3/03","B2"
"13284","BECv10","MSdm3","MSdm3/03","B1"
"13285","BECv10","MSdm3","MSdm3/03","A3"
"13286","BECv10","MSdm3","MSdm3/03","A2"
"13287","BECv10","MSdm3","MSdm3/03","A1"
"13288","BECv10","MSdm3","MSdm3/04","D4"
"13289","BECv10","MSdm3","MSdm3/04","D3"
"13290","BECv10","MSdm3","MSdm3/04","C4"
"13291","BECv10","MSdm3","MSdm3/04","C3"
"13292","BECv10","MSdm3","MSdm3/04","B4"
"13293","BECv10","MSdm3","MSdm3/04","B3"
"13294","BECv10","MSdm3","MSdm3/04","B2"
"13295","BECv10","MSdm3","MSdm3/04","A3"
"13296","BECv10","MSdm3","MSdm3/04","A2"
"13297","BECv10","MSdm3","MSdm3/05","D6"
"13298","BECv10","MSdm3","MSdm3/05","D5"
"13299","BECv10","MSdm3","MSdm3/05","D4"
"13300","BECv10","MSdm3","MSdm3/05","C6"
"13301","BECv10","MSdm3","MSdm3/05","C5"
"13302","BECv10","MSdm3","MSdm3/05","C4"
"13303","BECv10","MSdm3","MSdm3/05","B6"
"13304","BECv10","MSdm3","MSdm3/05","B5"
"13305","BECv10","MSdm3","MSdm3/05","B4"
"13306","BECv10","MSdm3","MSdm3/05","A6"
"13307","BECv10","MSdm3","MSdm3/05","A5"
"13308","BECv10","MSdm3","MSdm3/05","A4"
"13309","BECv10","MSdm3","MSdm3/06","E6"
"13310","BECv10","MSdm3","MSdm3/06","E5"
"13311","BECv10","MSdm3","MSdm3/06","E4"
"13312","BECv10","MSdm3","MSdm3/06","D6"
"13313","BECv10","MSdm3","MSdm3/06","D5"
"13314","BECv10","MSdm3","MSdm3/06","D4"
"13315","BECv10","MSdm3","MSdm3/06","C6"
"13316","BECv10","MSdm3","MSdm3/06","C5"
"13317","BECv10","MSdm3","MSdm3/07","E7"
"13318","BECv10","MSdm3","MSdm3/07","E6"
"13319","BECv10","MSdm3","MSdm3/07","D7"
"13320","BECv10","MSdm3","MSdm3/07","D6"
"13321","BECv10","MSdm3","MSdm3/07","C7"
"13322","BECv10","MSdm3","MSdm3/07","C6"
"13323","BECv10","MSdm3","MSdm3/07","B7"
"13324","BECv10","MSdm3","MSdm3/07","B6"
"13325","BECv10","MSdv","MSdv/01","D5"
"13326","BECv10","MSdv","MSdv/01","D4"
"13327","BECv10","MSdv","MSdv/01","C5"
"13328","BECv10","MSdv","MSdv/01","C4"
"13329","BECv10","MSdv","MSdv/01","B5"
"13330","BECv10","MSdv","MSdv/01","B4"
"13331","BECv10","MSdv","MSdv/02","D2"
"13332","BECv10","MSdv","MSdv/02","D1"
"13333","BECv10","MSdv","MSdv/02","D0"
"13334","BECv10","MSdv","MSdv/02","C2"
"13335","BECv10","MSdv","MSdv/02","C1"
"13336","BECv10","MSdv","MSdv/02","C0"
"13337","BECv10","MSdv","MSdv/02","B2"
"13338","BECv10","MSdv","MSdv/02","B1"
"13339","BECv10","MSdv","MSdv/02","B0"
"13340","BECv10","MSdv","MSdv/02","A2"
"13341","BECv10","MSdv","MSdv/02","A1"
"13342","BECv10","MSdv","MSdv/02","A0"
"13343","BECv10","MSdv","MSdv/02a","D0"
"13344","BECv10","MSdv","MSdv/02a","C1"
"13345","BECv10","MSdv","MSdv/02a","C0"
"13346","BECv10","MSdv","MSdv/02a","B1"
"13347","BECv10","MSdv","MSdv/02a","B0"
"13348","BECv10","MSdv","MSdv/02a","A2"
"13349","BECv10","MSdv","MSdv/02a","A1"
"13350","BECv10","MSdv","MSdv/02a","A0"
"13351","BECv10","MSdv","MSdv/02b","D2"
"13352","BECv10","MSdv","MSdv/02b","D1"
"13353","BECv10","MSdv","MSdv/02b","C2"
"13354","BECv10","MSdv","MSdv/02b","B2"
"13355","BECv10","MSdv","MSdv/03","B3"
"13356","BECv10","MSdv","MSdv/03","B2"
"13357","BECv10","MSdv","MSdv/03","A3"
"13358","BECv10","MSdv","MSdv/03","A2"
"13359","BECv10","MSdv","MSdv/04","D3"
"13360","BECv10","MSdv","MSdv/04","D2"
"13361","BECv10","MSdv","MSdv/04","C3"
"13362","BECv10","MSdv","MSdv/04","C2"
"13363","BECv10","MSdv","MSdv/04","B3"
"13364","BECv10","MSdv","MSdv/04","B2"
"13365","BECv10","MSdv","MSdv/05","D3"
"13366","BECv10","MSdv","MSdv/05","D2"
"13367","BECv10","MSdv","MSdv/05","C3"
"13368","BECv10","MSdv","MSdv/05","C2"
"13369","BECv10","MSdv","MSdv/05","B3"
"13370","BECv10","MSdv","MSdv/05","B2"
"13371","BECv10","MSdv","MSdv/06","D5"
"13372","BECv10","MSdv","MSdv/06","C5"
"13373","BECv10","MSdv","MSdv/06","B5"
"13374","BECv10","MSdv","MSdv/07","D5"
"13375","BECv10","MSdv","MSdv/07","C5"
"13376","BECv10","MSdv","MSdv/07","B5"
"13377","BECv10","MSdv","MSdv/08","D7"
"13378","BECv10","MSdv","MSdv/08","D6"
"13379","BECv10","MSdv","MSdv/08","C7"
"13380","BECv10","MSdv","MSdv/08","C6"
"13381","BECv10","MSdv","MSdv/08","B7"
"13382","BECv10","MSdv","MSdv/08","B6"
"13383","BECv10","MSdv","MSdv/09","D7"
"13384","BECv10","MSdv","MSdv/09","D6"
"13385","BECv10","MSdv","MSdv/09","C7"
"13386","BECv10","MSdv","MSdv/09","C6"
"13387","BECv10","MSdv","MSdv/09","B7"
"13388","BECv10","MSdv","MSdv/09","B6"
"13389","BECv11","MSdw","MSdw/101","D4"
"13390","BECv11","MSdw","MSdw/101","C4"
"13391","BECv11","MSdw","MSdw/101","B4"
"13392","BECv11","MSdw","MSdw/102","C1"
"13393","BECv11","MSdw","MSdw/102","B2"
"13394","BECv11","MSdw","MSdw/102","B1"
"13395","BECv11","MSdw","MSdw/103","D2"
"13396","BECv11","MSdw","MSdw/103","C2"
"13397","BECv11","MSdw","MSdw/103","B2"
"13398","BECv11","MSdw","MSdw/104","D3"
"13399","BECv11","MSdw","MSdw/104","D2"
"13400","BECv11","MSdw","MSdw/104","C3"
"13401","BECv11","MSdw","MSdw/104","B4"
"13402","BECv11","MSdw","MSdw/104","B3"
"13403","BECv11","MSdw","MSdw/110","E5"
"13404","BECv11","MSdw","MSdw/110","D5"
"13405","BECv11","MSdw","MSdw/110","C5"
"13406","BECv11","MSdw","MSdw/111","E7"
"13407","BECv11","MSdw","MSdw/111","E6"
"13408","BECv11","MSdw","MSdw/111","D7"
"13409","BECv11","MSdw","MSdw/111","D6"
"13410","BECv11","MSdw","MSdw/111","C7"
"13411","BECv11","MSdw","MSdw/111","C6"
"13412","BECv11","MSdw","MSdw/111a","E7"
"13413","BECv11","MSdw","MSdw/111a","E6"
"13414","BECv11","MSdw","MSdw/111a","D6"
"13415","BECv11","MSdw","MSdw/111a","C6"
"13416","BECv11","MSdw","MSdw/111b","D7"
"13417","BECv11","MSdw","MSdw/111b","C7"
"13418","BECv11","MSdw","MSdw/112","B7"
"13419","BECv11","MSdw","MSdw/112","B6"
"13420","BECv12","MSdw","MSdw/Fm01","E6"
"13421","BECv12","MSdw","MSdw/Fm01","E5"
"13422","BECv12","MSdw","MSdw/Fm02","E6"
"13423","BECv12","MSdw","MSdw/Fm02","E5"
"13424","BECv11","MSdw","MSdw/Ro","C0"
"13425","BECv11","MSdw","MSdw/Ro","B0"
"13426","BECv11","MSdw","MSdw/Ro","A0"
"13427","USA_2019","MSdw_MT","MSdw_MT/101","D4"
"13428","USA_2019","MSdw_MT","MSdw_MT/101","D3"
"13429","USA_2019","MSdw_MT","MSdw_MT/101","C4"
"13430","USA_2019","MSdw_MT","MSdw_MT/101","C3"
"13431","USA_2019","MSdw_MT","MSdw_MT/101","B4"
"13432","USA_2019","MSdw_MT","MSdw_MT/101","B3"
"13433","USA_2019","MSdw_MT","MSdw_MT/102","D1"
"13434","USA_2019","MSdw_MT","MSdw_MT/102","C1"
"13435","USA_2019","MSdw_MT","MSdw_MT/102","B1"
"13436","USA_2019","MSdw_MT","MSdw_MT/102","A1"
"13437","USA_2019","MSdw_MT","MSdw_MT/103","D2"
"13438","USA_2019","MSdw_MT","MSdw_MT/103","C2"
"13439","USA_2019","MSdw_MT","MSdw_MT/103","B2"
"13440","USA_2019","MSdw_MT","MSdw_MT/103","A2"
"13441","USA_2019","MSdw_MT","MSdw_MT/110","C5"
"13442","USA_2019","MSdw_MT","MSdw_MT/110","B5"
"13443","USA_2019","MSdw_MT","MSdw_MT/111","C6"
"13444","USA_2019","MSdw_MT","MSdw_MT/111","B6"
"13445","USA_2019","MSdw_MT","MSdw_MT/112","E5"
"13446","USA_2019","MSdw_MT","MSdw_MT/112","D5"
"13447","USA_2019","MSdw_MT","MSdw_MT/113","E6"
"13448","USA_2019","MSdw_MT","MSdw_MT/113","D6"
"13449","Add_2021","MSdw_MT","MSdw_MT/Ro","A0"
"13450","Add_2021","MSdw_MT","MSdw_MT/Ro","B0"
"13451","USA_2019","MSmm_ID","MSmm_ID/101","D4"
"13452","USA_2019","MSmm_ID","MSmm_ID/101","D3"
"13453","USA_2019","MSmm_ID","MSmm_ID/101","C4"
"13454","USA_2019","MSmm_ID","MSmm_ID/101","C3"
"13455","USA_2019","MSmm_ID","MSmm_ID/101","B4"
"13456","USA_2019","MSmm_ID","MSmm_ID/101","B3"
"13457","USA_2019","MSmm_ID","MSmm_ID/102","D1"
"13458","USA_2019","MSmm_ID","MSmm_ID/102","C1"
"13459","USA_2019","MSmm_ID","MSmm_ID/102","B1"
"13460","USA_2019","MSmm_ID","MSmm_ID/102","A1"
"13461","USA_2019","MSmm_ID","MSmm_ID/103","D2"
"13462","USA_2019","MSmm_ID","MSmm_ID/103","C2"
"13463","USA_2019","MSmm_ID","MSmm_ID/103","B2"
"13464","USA_2019","MSmm_ID","MSmm_ID/103","A2"
"13465","USA_2019","MSmm_ID","MSmm_ID/110","C5"
"13466","USA_2019","MSmm_ID","MSmm_ID/110","B5"
"13467","USA_2019","MSmm_ID","MSmm_ID/111","C6"
"13468","USA_2019","MSmm_ID","MSmm_ID/111","B6"
"13469","USA_2019","MSmm_ID","MSmm_ID/112","E5"
"13470","USA_2019","MSmm_ID","MSmm_ID/112","D5"
"13471","USA_2019","MSmm_ID","MSmm_ID/113","E6"
"13472","USA_2019","MSmm_ID","MSmm_ID/113","D6"
"13473","Add_2021","MSmm_ID","MSmm_ID/Ro","A0"
"13474","Add_2021","MSmm_ID","MSmm_ID/Ro","B0"
"13475","USA_2019","MSSDun_NV","MSSDun_NV/110","E5"
"13476","USA_2019","MSSDun_NV","MSSDun_NV/110","D5"
"13477","USA_2019","MSSDun_NV","MSSDun_NV/110","C5"
"13478","USA_2019","MSSDun_NV","MSSDun_NV/110","B5"
"13479","USA_2019","MSSDun_NV","MSSDun_NV/111","E6"
"13480","USA_2019","MSSDun_NV","MSSDun_NV/111","D6"
"13481","USA_2019","MSSDun_NV","MSSDun_NV/111","C6"
"13482","USA_2019","MSSDun_NV","MSSDun_NV/111","B6"
"13483","USA_2019","MSSDun_NV","MSSDun_NV/Gg","D4"
"13484","USA_2019","MSSDun_NV","MSSDun_NV/Gg","D3"
"13485","USA_2019","MSSDun_NV","MSSDun_NV/Gg","D2"
"13486","USA_2019","MSSDun_NV","MSSDun_NV/Gg","D1"
"13487","USA_2019","MSSDun_NV","MSSDun_NV/Gg","C4"
"13488","USA_2019","MSSDun_NV","MSSDun_NV/Gg","C3"
"13489","USA_2019","MSSDun_NV","MSSDun_NV/Gg","C2"
"13490","USA_2019","MSSDun_NV","MSSDun_NV/Gg","C1"
"13491","USA_2019","MSSDun_NV","MSSDun_NV/Gg","B4"
"13492","USA_2019","MSSDun_NV","MSSDun_NV/Gg","B3"
"13493","USA_2019","MSSDun_NV","MSSDun_NV/Gg","B2"
"13494","USA_2019","MSSDun_NV","MSSDun_NV/Gg","B1"
"13495","USA_2019","MSSDun_NV","MSSDun_NV/Gg","A2"
"13496","USA_2019","MSSDun_NV","MSSDun_NV/Gg","A1"
"13497","Add_2021","MSSDun_NV","MSSDun_NV/Ro","A0"
"13498","Add_2021","MSSDun_NV","MSSDun_NV/Ro","B0"
"13499","USA_2019","MSxh_OR","MSxh_OR/101","D4"
"13500","USA_2019","MSxh_OR","MSxh_OR/101","D3"
"13501","USA_2019","MSxh_OR","MSxh_OR/101","C4"
"13502","USA_2019","MSxh_OR","MSxh_OR/101","C3"
"13503","USA_2019","MSxh_OR","MSxh_OR/101","B4"
"13504","USA_2019","MSxh_OR","MSxh_OR/101","B3"
"13505","USA_2019","MSxh_OR","MSxh_OR/102","D1"
"13506","USA_2019","MSxh_OR","MSxh_OR/102","C1"
"13507","USA_2019","MSxh_OR","MSxh_OR/102","B1"
"13508","USA_2019","MSxh_OR","MSxh_OR/102","A1"
"13509","USA_2019","MSxh_OR","MSxh_OR/103","D2"
"13510","USA_2019","MSxh_OR","MSxh_OR/103","C2"
"13511","USA_2019","MSxh_OR","MSxh_OR/103","B2"
"13512","USA_2019","MSxh_OR","MSxh_OR/103","A2"
"13513","USA_2019","MSxh_OR","MSxh_OR/110","C5"
"13514","USA_2019","MSxh_OR","MSxh_OR/110","B5"
"13515","USA_2019","MSxh_OR","MSxh_OR/111","C6"
"13516","USA_2019","MSxh_OR","MSxh_OR/111","B6"
"13517","USA_2019","MSxh_OR","MSxh_OR/112","E5"
"13518","USA_2019","MSxh_OR","MSxh_OR/112","D5"
"13519","USA_2019","MSxh_OR","MSxh_OR/113","E6"
"13520","USA_2019","MSxh_OR","MSxh_OR/113","D6"
"13521","Add_2021","MSxh_OR","MSxh_OR/Ro","A0"
"13522","Add_2021","MSxh_OR","MSxh_OR/Ro","B0"
"13523","USA_2019","MSxk_WA","MSxk_WA/101","D4"
"13524","USA_2019","MSxk_WA","MSxk_WA/101","D3"
"13525","USA_2019","MSxk_WA","MSxk_WA/101","C4"
"13526","USA_2019","MSxk_WA","MSxk_WA/101","C3"
"13527","USA_2019","MSxk_WA","MSxk_WA/101","B4"
"13528","USA_2019","MSxk_WA","MSxk_WA/101","B3"
"13529","USA_2019","MSxk_WA","MSxk_WA/102","D1"
"13530","USA_2019","MSxk_WA","MSxk_WA/102","C1"
"13531","USA_2019","MSxk_WA","MSxk_WA/102","B1"
"13532","USA_2019","MSxk_WA","MSxk_WA/102","A1"
"13533","USA_2019","MSxk_WA","MSxk_WA/103","D2"
"13534","USA_2019","MSxk_WA","MSxk_WA/103","C2"
"13535","USA_2019","MSxk_WA","MSxk_WA/103","B2"
"13536","USA_2019","MSxk_WA","MSxk_WA/103","A2"
"13537","USA_2019","MSxk_WA","MSxk_WA/110","C5"
"13538","USA_2019","MSxk_WA","MSxk_WA/110","B5"
"13539","USA_2019","MSxk_WA","MSxk_WA/111","C6"
"13540","USA_2019","MSxk_WA","MSxk_WA/111","B6"
"13541","USA_2019","MSxk_WA","MSxk_WA/112","E5"
"13542","USA_2019","MSxk_WA","MSxk_WA/112","D5"
"13543","USA_2019","MSxk_WA","MSxk_WA/113","E6"
"13544","USA_2019","MSxk_WA","MSxk_WA/113","D6"
"13545","Add_2021","MSxk_WA","MSxk_WA/Ro","A0"
"13546","Add_2021","MSxk_WA","MSxk_WA/Ro","B0"
"13547","BECv12","MSxk1","MSxk1/101","D4"
"13548","BECv12","MSxk1","MSxk1/101","D3"
"13549","BECv12","MSxk1","MSxk1/101","C4"
"13550","BECv12","MSxk1","MSxk1/101","C3"
"13551","BECv12","MSxk1","MSxk1/101","C2"
"13552","BECv12","MSxk1","MSxk1/101","B4"
"13553","BECv12","MSxk1","MSxk1/101","B3"
"13554","BECv12","MSxk1","MSxk1/101","B2"
"13555","BECv12","MSxk1","MSxk1/101a","D4"
"13556","BECv12","MSxk1","MSxk1/101a","D3"
"13557","BECv12","MSxk1","MSxk1/101a","C4"
"13558","BECv12","MSxk1","MSxk1/101a","C3"
"13559","BECv12","MSxk1","MSxk1/101a","B4"
"13560","BECv12","MSxk1","MSxk1/101a","B3"
"13561","BECv12","MSxk1","MSxk1/101b","C3"
"13562","BECv12","MSxk1","MSxk1/101b","C2"
"13563","BECv12","MSxk1","MSxk1/101b","B3"
"13564","BECv12","MSxk1","MSxk1/101b","B2"
"13565","BECv12","MSxk1","MSxk1/102","B1"
"13566","BECv12","MSxk1","MSxk1/102","B0"
"13567","BECv12","MSxk1","MSxk1/102","A1"
"13568","BECv12","MSxk1","MSxk1/102","A0"
"13569","BECv12","MSxk1","MSxk1/103","B2"
"13570","BECv12","MSxk1","MSxk1/103","B1"
"13571","BECv12","MSxk1","MSxk1/103","A2"
"13572","BECv12","MSxk1","MSxk1/103","A1"
"13573","BECv12","MSxk1","MSxk1/104","D4"
"13574","BECv12","MSxk1","MSxk1/104","D3"
"13575","BECv12","MSxk1","MSxk1/104","C4"
"13576","BECv12","MSxk1","MSxk1/104","C3"
"13577","BECv12","MSxk1","MSxk1/104","C2"
"13578","BECv12","MSxk1","MSxk1/104","B4"
"13579","BECv12","MSxk1","MSxk1/104","B3"
"13580","BECv12","MSxk1","MSxk1/104","B2"
"13581","BECv12","MSxk1","MSxk1/105","B4"
"13582","BECv12","MSxk1","MSxk1/105","B3"
"13583","BECv12","MSxk1","MSxk1/105","A4"
"13584","BECv12","MSxk1","MSxk1/105","A3"
"13585","BECv12","MSxk1","MSxk1/110","C6"
"13586","BECv12","MSxk1","MSxk1/110","C5"
"13587","BECv12","MSxk1","MSxk1/110","B6"
"13588","BECv12","MSxk1","MSxk1/110","B5"
"13589","BECv12","MSxk1","MSxk1/110","A6"
"13590","BECv12","MSxk1","MSxk1/110","A5"
"13591","BECv12","MSxk1","MSxk1/111","E6"
"13592","BECv12","MSxk1","MSxk1/111","E5"
"13593","BECv12","MSxk1","MSxk1/111","D6"
"13594","BECv12","MSxk1","MSxk1/111","D5"
"13595","BECv12","MSxk1","MSxk1/111","C6"
"13596","BECv12","MSxk1","MSxk1/111","C5"
"13597","BECv12","MSxk1","MSxk1/112","E7"
"13598","BECv12","MSxk1","MSxk1/112","E6"
"13599","BECv12","MSxk1","MSxk1/112","D7"
"13600","BECv12","MSxk1","MSxk1/112","D6"
"13601","BECv12","MSxk1","MSxk1/112","C7"
"13602","BECv12","MSxk1","MSxk1/112","C6"
"13603","BECv12","MSxk1","MSxk1/112","B7"
"13604","BECv12","MSxk1","MSxk1/112","B6"
"13605","BECv12","MSxk1","MSxk1/113","E7"
"13606","BECv12","MSxk1","MSxk1/113","D7"
"13607","BECv12","MSxk1","MSxk1/113","C7"
"13608","BECv12","MSxk1","MSxk1/113","B7"
"13609","BECv10","MSxk1","MSxk1/Gg","D3"
"13610","BECv10","MSxk1","MSxk1/Gg","D2"
"13611","BECv10","MSxk1","MSxk1/Gg","C3"
"13612","BECv10","MSxk1","MSxk1/Gg","C2"
"13613","BECv10","MSxk1","MSxk1/Gg","C1"
"13614","BECv10","MSxk1","MSxk1/Gg","B2"
"13615","BECv10","MSxk1","MSxk1/Gg","B1"
"13616","BECv10","MSxk1","MSxk1/Gs","D3"
"13617","BECv10","MSxk1","MSxk1/Gs","D2"
"13618","BECv10","MSxk1","MSxk1/Gs","C3"
"13619","BECv10","MSxk1","MSxk1/Gs","C2"
"13620","BECv10","MSxk1","MSxk1/Gs","C1"
"13621","BECv10","MSxk1","MSxk1/Gs","B2"
"13622","BECv10","MSxk1","MSxk1/Gs","B1"
"13623","BECv12","MSxk1","MSxk1/Rt07","B0"
"13624","BECv12","MSxk1","MSxk1/Rt07","A0"
"13625","BECv12","MSxk2","MSxk2/101","D4"
"13626","BECv12","MSxk2","MSxk2/101","D3"
"13627","BECv12","MSxk2","MSxk2/101","C4"
"13628","BECv12","MSxk2","MSxk2/101","C3"
"13629","BECv12","MSxk2","MSxk2/101","B4"
"13630","BECv12","MSxk2","MSxk2/101","B3"
"13631","BECv12","MSxk2","MSxk2/102","C1"
"13632","BECv12","MSxk2","MSxk2/102","C0"
"13633","BECv12","MSxk2","MSxk2/102","B1"
"13634","BECv12","MSxk2","MSxk2/102","B0"
"13635","BECv12","MSxk2","MSxk2/103","B2"
"13636","BECv12","MSxk2","MSxk2/103","B1"
"13637","BECv12","MSxk2","MSxk2/103","A2"
"13638","BECv12","MSxk2","MSxk2/103","A1"
"13639","BECv12","MSxk2","MSxk2/104","C2"
"13640","BECv12","MSxk2","MSxk2/104","B2"
"13641","BECv12","MSxk2","MSxk2/105","C3"
"13642","BECv12","MSxk2","MSxk2/105","C2"
"13643","BECv12","MSxk2","MSxk2/105","B3"
"13644","BECv12","MSxk2","MSxk2/105","B2"
"13645","BECv12","MSxk2","MSxk2/106","B4"
"13646","BECv12","MSxk2","MSxk2/106","B3"
"13647","BECv12","MSxk2","MSxk2/106","A4"
"13648","BECv12","MSxk2","MSxk2/106","A3"
"13649","BECv12","MSxk2","MSxk2/110","C5"
"13650","BECv12","MSxk2","MSxk2/110","B6"
"13651","BECv12","MSxk2","MSxk2/110","B5"
"13652","BECv12","MSxk2","MSxk2/110","A6"
"13653","BECv12","MSxk2","MSxk2/110","A5"
"13654","BECv12","MSxk2","MSxk2/111","E5"
"13655","BECv12","MSxk2","MSxk2/111","D5"
"13656","BECv12","MSxk2","MSxk2/111","C5"
"13657","BECv12","MSxk2","MSxk2/112","E7"
"13658","BECv12","MSxk2","MSxk2/112","E6"
"13659","BECv12","MSxk2","MSxk2/112","D7"
"13660","BECv12","MSxk2","MSxk2/112","D6"
"13661","BECv12","MSxk2","MSxk2/112","C7"
"13662","BECv12","MSxk2","MSxk2/112","C6"
"13663","BECv10","MSxk2","MSxk2/Gg","D3"
"13664","BECv10","MSxk2","MSxk2/Gg","D2"
"13665","BECv10","MSxk2","MSxk2/Gg","D1"
"13666","BECv10","MSxk2","MSxk2/Gg","C3"
"13667","BECv10","MSxk2","MSxk2/Gg","C2"
"13668","BECv10","MSxk2","MSxk2/Gg","C1"
"13669","BECv12","MSxk2","MSxk2/Rt07","C0"
"13670","BECv12","MSxk2","MSxk2/Rt07","B0"
"13671","BECv12","MSxk2","MSxk2/Rt07","A0"
"13672","BECv12","MSxk2","MSxk2/Rt08","C0"
"13673","BECv12","MSxk2","MSxk2/Rt08","B0"
"13674","BECv12","MSxk2","MSxk2/Rt08","A0"
"13675","BECv10","MSxk3","MSxk3/01","D4"
"13676","BECv10","MSxk3","MSxk3/01","D3"
"13677","BECv10","MSxk3","MSxk3/01","C4"
"13678","BECv10","MSxk3","MSxk3/01","C3"
"13679","BECv10","MSxk3","MSxk3/01","B4"
"13680","BECv10","MSxk3","MSxk3/01","B3"
"13681","BECv10","MSxk3","MSxk3/01","A4"
"13682","BECv10","MSxk3","MSxk3/01","A3"
"13683","BECv10","MSxk3","MSxk3/02","C3"
"13684","BECv10","MSxk3","MSxk3/02","C2"
"13685","BECv10","MSxk3","MSxk3/02","C1"
"13686","BECv10","MSxk3","MSxk3/02","C0"
"13687","BECv10","MSxk3","MSxk3/02","B3"
"13688","BECv10","MSxk3","MSxk3/02","B2"
"13689","BECv10","MSxk3","MSxk3/02","B1"
"13690","BECv10","MSxk3","MSxk3/02","B0"
"13691","BECv10","MSxk3","MSxk3/02","A3"
"13692","BECv10","MSxk3","MSxk3/02","A2"
"13693","BECv10","MSxk3","MSxk3/02","A1"
"13694","BECv10","MSxk3","MSxk3/02","A0"
"13695","BECv10","MSxk3","MSxk3/03","E2"
"13696","BECv10","MSxk3","MSxk3/03","E1"
"13697","BECv10","MSxk3","MSxk3/03","E0"
"13698","BECv10","MSxk3","MSxk3/03","D2"
"13699","BECv10","MSxk3","MSxk3/03","D1"
"13700","BECv10","MSxk3","MSxk3/03","D0"
"13701","BECv10","MSxk3","MSxk3/03","C2"
"13702","BECv10","MSxk3","MSxk3/03","C1"
"13703","BECv10","MSxk3","MSxk3/03","C0"
"13704","BECv10","MSxk3","MSxk3/04","E3"
"13705","BECv10","MSxk3","MSxk3/04","E2"
"13706","BECv10","MSxk3","MSxk3/04","D3"
"13707","BECv10","MSxk3","MSxk3/04","D2"
"13708","BECv10","MSxk3","MSxk3/04","C3"
"13709","BECv10","MSxk3","MSxk3/04","C2"
"13710","BECv10","MSxk3","MSxk3/05","D4"
"13711","BECv10","MSxk3","MSxk3/05","D3"
"13712","BECv10","MSxk3","MSxk3/05","C4"
"13713","BECv10","MSxk3","MSxk3/05","C3"
"13714","BECv10","MSxk3","MSxk3/05","C2"
"13715","BECv10","MSxk3","MSxk3/05","B4"
"13716","BECv10","MSxk3","MSxk3/05","B3"
"13717","BECv10","MSxk3","MSxk3/05","B2"
"13718","BECv10","MSxk3","MSxk3/05","A4"
"13719","BECv10","MSxk3","MSxk3/05","A3"
"13720","BECv10","MSxk3","MSxk3/05","A2"
"13721","BECv10","MSxk3","MSxk3/06","D4"
"13722","BECv10","MSxk3","MSxk3/06","D3"
"13723","BECv10","MSxk3","MSxk3/06","C4"
"13724","BECv10","MSxk3","MSxk3/06","C3"
"13725","BECv10","MSxk3","MSxk3/06","B4"
"13726","BECv10","MSxk3","MSxk3/06","B3"
"13727","BECv10","MSxk3","MSxk3/06","A4"
"13728","BECv10","MSxk3","MSxk3/06","A3"
"13729","BECv10","MSxk3","MSxk3/08","E5"
"13730","BECv10","MSxk3","MSxk3/08","E4"
"13731","BECv10","MSxk3","MSxk3/08","D6"
"13732","BECv10","MSxk3","MSxk3/08","D5"
"13733","BECv10","MSxk3","MSxk3/08","D4"
"13734","BECv10","MSxk3","MSxk3/08","C6"
"13735","BECv10","MSxk3","MSxk3/08","C5"
"13736","BECv10","MSxk3","MSxk3/08","C4"
"13737","BECv10","MSxk3","MSxk3/08","B6"
"13738","BECv10","MSxk3","MSxk3/08","B5"
"13739","BECv10","MSxk3","MSxk3/08","B4"
"13740","BECv10","MSxk3","MSxk3/09","E6"
"13741","BECv10","MSxk3","MSxk3/09","E5"
"13742","BECv10","MSxk3","MSxk3/09","D6"
"13743","BECv10","MSxk3","MSxk3/09","D5"
"13744","BECv10","MSxk3","MSxk3/09","C6"
"13745","BECv10","MSxk3","MSxk3/09","B6"
"13746","USA_2019","MSxm_CO","MSxm_CO/101","D4"
"13747","USA_2019","MSxm_CO","MSxm_CO/101","D3"
"13748","USA_2019","MSxm_CO","MSxm_CO/101","C4"
"13749","USA_2019","MSxm_CO","MSxm_CO/101","C3"
"13750","USA_2019","MSxm_CO","MSxm_CO/101","B4"
"13751","USA_2019","MSxm_CO","MSxm_CO/101","B3"
"13752","USA_2019","MSxm_CO","MSxm_CO/102","D1"
"13753","USA_2019","MSxm_CO","MSxm_CO/102","C1"
"13754","USA_2019","MSxm_CO","MSxm_CO/102","B1"
"13755","USA_2019","MSxm_CO","MSxm_CO/102","A1"
"13756","USA_2019","MSxm_CO","MSxm_CO/103","D2"
"13757","USA_2019","MSxm_CO","MSxm_CO/103","C2"
"13758","USA_2019","MSxm_CO","MSxm_CO/103","B2"
"13759","USA_2019","MSxm_CO","MSxm_CO/103","A2"
"13760","USA_2019","MSxm_CO","MSxm_CO/110","C5"
"13761","USA_2019","MSxm_CO","MSxm_CO/110","B5"
"13762","USA_2019","MSxm_CO","MSxm_CO/111","C6"
"13763","USA_2019","MSxm_CO","MSxm_CO/111","B6"
"13764","USA_2019","MSxm_CO","MSxm_CO/112","E5"
"13765","USA_2019","MSxm_CO","MSxm_CO/112","D5"
"13766","USA_2019","MSxm_CO","MSxm_CO/113","E6"
"13767","USA_2019","MSxm_CO","MSxm_CO/113","D6"
"13768","Add_2021","MSxm_CO","MSxm_CO/Ro","A0"
"13769","Add_2021","MSxm_CO","MSxm_CO/Ro","B0"
"13770","BECv10","MSxv","MSxv/01","D4"
"13771","BECv10","MSxv","MSxv/01","D3"
"13772","BECv10","MSxv","MSxv/01","C4"
"13773","BECv10","MSxv","MSxv/01","C3"
"13774","BECv10","MSxv","MSxv/01","B4"
"13775","BECv10","MSxv","MSxv/02","B2"
"13776","BECv10","MSxv","MSxv/02","B1"
"13777","BECv10","MSxv","MSxv/02","A2"
"13778","BECv10","MSxv","MSxv/02","A1"
"13779","BECv10","MSxv","MSxv/03","D2"
"13780","BECv10","MSxv","MSxv/03","D1"
"13781","BECv10","MSxv","MSxv/03","C2"
"13782","BECv10","MSxv","MSxv/03","C1"
"13783","BECv10","MSxv","MSxv/03","B1"
"13784","BECv10","MSxv","MSxv/03a","D2"
"13785","BECv10","MSxv","MSxv/03a","D1"
"13786","BECv10","MSxv","MSxv/03a","C2"
"13787","BECv10","MSxv","MSxv/03a","C1"
"13788","BECv10","MSxv","MSxv/03a","B1"
"13789","BECv10","MSxv","MSxv/03b","C1"
"13790","BECv10","MSxv","MSxv/03b","B1"
"13791","BECv10","MSxv","MSxv/04","D3"
"13792","BECv10","MSxv","MSxv/04","C3"
"13793","BECv10","MSxv","MSxv/04","B3"
"13794","BECv10","MSxv","MSxv/05","D4"
"13795","BECv10","MSxv","MSxv/05","C4"
"13796","BECv10","MSxv","MSxv/05","B4"
"13797","BECv10","MSxv","MSxv/06","E5"
"13798","BECv10","MSxv","MSxv/06","D5"
"13799","BECv10","MSxv","MSxv/06","C5"
"13800","BECv10","MSxv","MSxv/07","B6"
"13801","BECv10","MSxv","MSxv/07","B5"
"13802","BECv10","MSxv","MSxv/08","E7"
"13803","BECv10","MSxv","MSxv/08","E6"
"13804","BECv10","MSxv","MSxv/08","D7"
"13805","BECv10","MSxv","MSxv/08","D6"
"13806","BECv10","MSxv","MSxv/08","C7"
"13807","BECv10","MSxv","MSxv/08","C6"
"13808","BECv10","MSxv","MSxv/08","B7"
"13809","BECv10","MSxv","MSxv/08","B6"
"13810","BECv10","MSxv","MSxv/09","B7"
"13811","BECv10","MSxv","MSxv/09","B6"
"13812","BECv10","MSxv","MSxv/09","A7"
"13813","BECv10","MSxv","MSxv/09","A6"
"13814","Add_2021","MSxv","MSxv/Ro","A0"
"13815","Add_2021","MSxv","MSxv/Ro","B0"
"13816","USA_2019","MSxx_NV","MSxx_NV/101","D4"
"13817","USA_2019","MSxx_NV","MSxx_NV/101","D3"
"13818","USA_2019","MSxx_NV","MSxx_NV/101","C4"
"13819","USA_2019","MSxx_NV","MSxx_NV/101","C3"
"13820","USA_2019","MSxx_NV","MSxx_NV/101","B4"
"13821","USA_2019","MSxx_NV","MSxx_NV/101","B3"
"13822","USA_2019","MSxx_NV","MSxx_NV/102","D1"
"13823","USA_2019","MSxx_NV","MSxx_NV/102","C1"
"13824","USA_2019","MSxx_NV","MSxx_NV/102","B1"
"13825","USA_2019","MSxx_NV","MSxx_NV/102","A1"
"13826","USA_2019","MSxx_NV","MSxx_NV/103","D2"
"13827","USA_2019","MSxx_NV","MSxx_NV/103","C2"
"13828","USA_2019","MSxx_NV","MSxx_NV/103","B2"
"13829","USA_2019","MSxx_NV","MSxx_NV/103","A2"
"13830","USA_2019","MSxx_NV","MSxx_NV/110","C5"
"13831","USA_2019","MSxx_NV","MSxx_NV/110","B5"
"13832","USA_2019","MSxx_NV","MSxx_NV/110","E5"
"13833","USA_2019","MSxx_NV","MSxx_NV/110","D5"
"13834","USA_2019","MSxx_NV","MSxx_NV/111","C6"
"13835","USA_2019","MSxx_NV","MSxx_NV/111","B6"
"13836","USA_2019","MSxx_NV","MSxx_NV/111","E6"
"13837","USA_2019","MSxx_NV","MSxx_NV/111","D6"
"13838","Add_2021","MSxx_NV","MSxx_NV/Ro","A0"
"13839","Add_2021","MSxx_NV","MSxx_NV/Ro","B0"
"13840","USA_2019","PPmx_WY","PPmx_WY/101","D4"
"13841","USA_2019","PPmx_WY","PPmx_WY/101","D3"
"13842","USA_2019","PPmx_WY","PPmx_WY/101","C4"
"13843","USA_2019","PPmx_WY","PPmx_WY/101","C3"
"13844","USA_2019","PPmx_WY","PPmx_WY/101","B4"
"13845","USA_2019","PPmx_WY","PPmx_WY/101","B3"
"13846","USA_2019","PPmx_WY","PPmx_WY/102","D2"
"13847","USA_2019","PPmx_WY","PPmx_WY/102","C2"
"13848","USA_2019","PPmx_WY","PPmx_WY/102","B2"
"13849","USA_2019","PPmx_WY","PPmx_WY/102","A2"
"13850","USA_2019","PPmx_WY","PPmx_WY/110","C5"
"13851","USA_2019","PPmx_WY","PPmx_WY/110","B5"
"13852","USA_2019","PPmx_WY","PPmx_WY/111","C6"
"13853","USA_2019","PPmx_WY","PPmx_WY/111","B6"
"13854","USA_2019","PPmx_WY","PPmx_WY/112","E5"
"13855","USA_2019","PPmx_WY","PPmx_WY/112","D5"
"13856","USA_2019","PPmx_WY","PPmx_WY/113","E6"
"13857","USA_2019","PPmx_WY","PPmx_WY/113","D6"
"13858","USA_2019","PPmx_WY","PPmx_WY/Gg","D1"
"13859","USA_2019","PPmx_WY","PPmx_WY/Gg","C1"
"13860","USA_2019","PPmx_WY","PPmx_WY/Gg","B1"
"13861","USA_2019","PPmx_WY","PPmx_WY/Gg","A1"
"13862","Add_2021","PPmx_WY","PPmx_WY/Ro","A0"
"13863","Add_2021","PPmx_WY","PPmx_WY/Ro","B0"
"13864","USA_2019","PPxh_CO","PPxh_CO/101","D4"
"13865","USA_2019","PPxh_CO","PPxh_CO/101","D3"
"13866","USA_2019","PPxh_CO","PPxh_CO/101","C4"
"13867","USA_2019","PPxh_CO","PPxh_CO/101","C3"
"13868","USA_2019","PPxh_CO","PPxh_CO/101","B4"
"13869","USA_2019","PPxh_CO","PPxh_CO/101","B3"
"13870","USA_2019","PPxh_CO","PPxh_CO/102","D2"
"13871","USA_2019","PPxh_CO","PPxh_CO/102","C2"
"13872","USA_2019","PPxh_CO","PPxh_CO/102","B2"
"13873","USA_2019","PPxh_CO","PPxh_CO/102","A2"
"13874","USA_2019","PPxh_CO","PPxh_CO/110","C5"
"13875","USA_2019","PPxh_CO","PPxh_CO/110","B5"
"13876","USA_2019","PPxh_CO","PPxh_CO/111","C6"
"13877","USA_2019","PPxh_CO","PPxh_CO/111","B6"
"13878","USA_2019","PPxh_CO","PPxh_CO/112","E5"
"13879","USA_2019","PPxh_CO","PPxh_CO/112","D5"
"13880","USA_2019","PPxh_CO","PPxh_CO/113","E6"
"13881","USA_2019","PPxh_CO","PPxh_CO/113","D6"
"13882","USA_2019","PPxh_CO","PPxh_CO/Gg","D1"
"13883","USA_2019","PPxh_CO","PPxh_CO/Gg","C1"
"13884","USA_2019","PPxh_CO","PPxh_CO/Gg","B1"
"13885","USA_2019","PPxh_CO","PPxh_CO/Gg","A1"
"13886","Add_2021","PPxh_CO","PPxh_CO/Ro","A0"
"13887","Add_2021","PPxh_CO","PPxh_CO/Ro","B0"
"13888","USA_2019","PPxh_WA","PPxh_WA/101","D4"
"13889","USA_2019","PPxh_WA","PPxh_WA/101","D3"
"13890","USA_2019","PPxh_WA","PPxh_WA/101","C4"
"13891","USA_2019","PPxh_WA","PPxh_WA/101","C3"
"13892","USA_2019","PPxh_WA","PPxh_WA/101","B4"
"13893","USA_2019","PPxh_WA","PPxh_WA/101","B3"
"13894","USA_2019","PPxh_WA","PPxh_WA/102","D2"
"13895","USA_2019","PPxh_WA","PPxh_WA/102","C2"
"13896","USA_2019","PPxh_WA","PPxh_WA/102","B2"
"13897","USA_2019","PPxh_WA","PPxh_WA/102","A2"
"13898","USA_2019","PPxh_WA","PPxh_WA/110","E5"
"13899","USA_2019","PPxh_WA","PPxh_WA/110","D5"
"13900","USA_2019","PPxh_WA","PPxh_WA/110","C5"
"13901","USA_2019","PPxh_WA","PPxh_WA/110","B5"
"13902","USA_2019","PPxh_WA","PPxh_WA/111","C6"
"13903","USA_2019","PPxh_WA","PPxh_WA/111","B6"
"13904","USA_2019","PPxh_WA","PPxh_WA/113","E6"
"13905","USA_2019","PPxh_WA","PPxh_WA/113","D6"
"13906","USA_2019","PPxh_WA","PPxh_WA/Gg","D1"
"13907","USA_2019","PPxh_WA","PPxh_WA/Gg","C1"
"13908","USA_2019","PPxh_WA","PPxh_WA/Gg","B1"
"13909","USA_2019","PPxh_WA","PPxh_WA/Gg","A1"
"13910","Add_2021","PPxh_WA","PPxh_WA/Ro","A0"
"13911","Add_2021","PPxh_WA","PPxh_WA/Ro","B0"
"13912","BECv12","PPxh1","PPxh1/101","D4"
"13913","BECv12","PPxh1","PPxh1/101","D3"
"13914","BECv12","PPxh1","PPxh1/101","C4"
"13915","BECv12","PPxh1","PPxh1/101","C3"
"13916","BECv12","PPxh1","PPxh1/101","B4"
"13917","BECv12","PPxh1","PPxh1/102","B1"
"13918","BECv12","PPxh1","PPxh1/102","B0"
"13919","BECv12","PPxh1","PPxh1/102","A2"
"13920","BECv12","PPxh1","PPxh1/102","A1"
"13921","BECv12","PPxh1","PPxh1/102","A0"
"13922","BECv12","PPxh1","PPxh1/103","B2"
"13923","BECv12","PPxh1","PPxh1/103","B1"
"13924","BECv12","PPxh1","PPxh1/104","C3"
"13925","BECv12","PPxh1","PPxh1/104","C2"
"13926","BECv12","PPxh1","PPxh1/104","B3"
"13927","BECv12","PPxh1","PPxh1/104","B2"
"13928","BECv12","PPxh1","PPxh1/110","D4"
"13929","BECv12","PPxh1","PPxh1/110","D3"
"13930","BECv12","PPxh1","PPxh1/110","C4"
"13931","BECv12","PPxh1","PPxh1/110","C3"
"13932","BECv12","PPxh1","PPxh1/111","D5"
"13933","BECv12","PPxh1","PPxh1/111","D4"
"13934","BECv12","PPxh1","PPxh1/111","C5"
"13935","BECv12","PPxh1","PPxh1/111","C4"
"13936","BECv12","PPxh1","PPxh1/Fm01","E6"
"13937","BECv12","PPxh1","PPxh1/Fm01","E5"
"13938","BECv12","PPxh1","PPxh1/Fm01","D6"
"13939","BECv12","PPxh1","PPxh1/Fm05","E6"
"13940","BECv12","PPxh1","PPxh1/Fm05","E5"
"13941","BECv12","PPxh1","PPxh1/Fm05","D6"
"13942","BECv12","PPxh1","PPxh1/Fm06","E6"
"13943","BECv12","PPxh1","PPxh1/Fm06","E5"
"13944","BECv12","PPxh1","PPxh1/Fm06","D6"
"13945","BECv10","PPxh1","PPxh1/Gg","E4"
"13946","BECv10","PPxh1","PPxh1/Gg","E3"
"13947","BECv10","PPxh1","PPxh1/Gg","D4"
"13948","BECv10","PPxh1","PPxh1/Gg","D3"
"13949","BECv10","PPxh1","PPxh1/Gg","D2"
"13950","BECv10","PPxh1","PPxh1/Gg","C4"
"13951","BECv10","PPxh1","PPxh1/Gg","C3"
"13952","BECv10","PPxh1","PPxh1/Gg","C2"
"13953","BECv10","PPxh1","PPxh1/Gg","B3"
"13954","BECv10","PPxh1","PPxh1/Gg","B2"
"13955","BECv10","PPxh1","PPxh1/Gs","B3"
"13956","BECv10","PPxh1","PPxh1/Gs","B2"
"13957","BECv10","PPxh1","PPxh1/Gs","B1"
"13958","BECv10","PPxh1","PPxh1/Gs","A3"
"13959","BECv10","PPxh1","PPxh1/Gs","A2"
"13960","BECv10","PPxh1","PPxh1/Gs","A1"
"13961","BECv12","PPxh1","PPxh1/Ro","A0"
"13962","BECv12","PPxh1","PPxh1/Ro","B0"
"13963","BECv12","PPxh2","PPxh2/101","D4"
"13964","BECv12","PPxh2","PPxh2/101","D3"
"13965","BECv12","PPxh2","PPxh2/101","C4"
"13966","BECv12","PPxh2","PPxh2/101","C3"
"13967","BECv12","PPxh2","PPxh2/101","B4"
"13968","BECv12","PPxh2","PPxh2/101","B3"
"13969","BECv12","PPxh2","PPxh2/102","B1"
"13970","BECv12","PPxh2","PPxh2/102","B0"
"13971","BECv12","PPxh2","PPxh2/102","A1"
"13972","BECv12","PPxh2","PPxh2/102","A0"
"13973","BECv12","PPxh2","PPxh2/103","C3"
"13974","BECv12","PPxh2","PPxh2/103","C2"
"13975","BECv12","PPxh2","PPxh2/103","B3"
"13976","BECv12","PPxh2","PPxh2/103","B2"
"13977","BECv12","PPxh2","PPxh2/110","D4"
"13978","BECv12","PPxh2","PPxh2/110","C5"
"13979","BECv12","PPxh2","PPxh2/110","C4"
"13980","BECv12","PPxh2","PPxh2/110.1","D4"
"13981","BECv12","PPxh2","PPxh2/110.1","C5"
"13982","BECv12","PPxh2","PPxh2/110.1","C4"
"13983","BECv12","PPxh2","PPxh2/110.2","D4"
"13984","BECv12","PPxh2","PPxh2/110.2","C5"
"13985","BECv12","PPxh2","PPxh2/110.2","C4"
"13986","BECv12","PPxh2","PPxh2/111","E5"
"13987","BECv12","PPxh2","PPxh2/111","D5"
"13988","BECv12","PPxh2","PPxh2/111","C5"
"13989","BECv12","PPxh2","PPxh2/Fm01","E6"
"13990","BECv12","PPxh2","PPxh2/Fm01","E5"
"13991","BECv12","PPxh2","PPxh2/Fm01","D6"
"13992","BECv12","PPxh2","PPxh2/Fm05","D6"
"13993","BECv12","PPxh2","PPxh2/Fm05","E6"
"13994","BECv12","PPxh2","PPxh2/Fm05","E5"
"13995","BECv10","PPxh2","PPxh2/Gg","E4"
"13996","BECv10","PPxh2","PPxh2/Gg","E3"
"13997","BECv10","PPxh2","PPxh2/Gg","D4"
"13998","BECv10","PPxh2","PPxh2/Gg","D3"
"13999","BECv10","PPxh2","PPxh2/Gg","D2"
"14000","BECv10","PPxh2","PPxh2/Gg","D1"
"14001","BECv10","PPxh2","PPxh2/Gg","C4"
"14002","BECv10","PPxh2","PPxh2/Gg","C3"
"14003","BECv10","PPxh2","PPxh2/Gg","C2"
"14004","BECv10","PPxh2","PPxh2/Gg","C1"
"14005","BECv10","PPxh2","PPxh2/Gg","B3"
"14006","BECv10","PPxh2","PPxh2/Gg","B2"
"14007","BECv10","PPxh2","PPxh2/Gg","B1"
"14008","USA_2019","PPxk_OR","PPxk_OR/101","D4"
"14009","USA_2019","PPxk_OR","PPxk_OR/101","D3"
"14010","USA_2019","PPxk_OR","PPxk_OR/101","C4"
"14011","USA_2019","PPxk_OR","PPxk_OR/101","C3"
"14012","USA_2019","PPxk_OR","PPxk_OR/101","B4"
"14013","USA_2019","PPxk_OR","PPxk_OR/101","B3"
"14014","USA_2019","PPxk_OR","PPxk_OR/102","D2"
"14015","USA_2019","PPxk_OR","PPxk_OR/102","C2"
"14016","USA_2019","PPxk_OR","PPxk_OR/102","B2"
"14017","USA_2019","PPxk_OR","PPxk_OR/102","A2"
"14018","USA_2019","PPxk_OR","PPxk_OR/110","E5"
"14019","USA_2019","PPxk_OR","PPxk_OR/110","D5"
"14020","USA_2019","PPxk_OR","PPxk_OR/110","C5"
"14021","USA_2019","PPxk_OR","PPxk_OR/110","B5"
"14022","USA_2019","PPxk_OR","PPxk_OR/111","C6"
"14023","USA_2019","PPxk_OR","PPxk_OR/111","B6"
"14024","USA_2019","PPxk_OR","PPxk_OR/113","E6"
"14025","USA_2019","PPxk_OR","PPxk_OR/113","D6"
"14026","USA_2019","PPxk_OR","PPxk_OR/Gg","D1"
"14027","USA_2019","PPxk_OR","PPxk_OR/Gg","C1"
"14028","USA_2019","PPxk_OR","PPxk_OR/Gg","B1"
"14029","USA_2019","PPxk_OR","PPxk_OR/Gg","A1"
"14030","Add_2021","PPxk_OR","PPxk_OR/Ro","A0"
"14031","Add_2021","PPxk_OR","PPxk_OR/Ro","B0"
"14032","USA_2019","PPxm_OR","PPxm_OR/101","D4"
"14033","USA_2019","PPxm_OR","PPxm_OR/101","D3"
"14034","USA_2019","PPxm_OR","PPxm_OR/101","C4"
"14035","USA_2019","PPxm_OR","PPxm_OR/101","C3"
"14036","USA_2019","PPxm_OR","PPxm_OR/101","B4"
"14037","USA_2019","PPxm_OR","PPxm_OR/101","B3"
"14038","USA_2019","PPxm_OR","PPxm_OR/110","C5"
"14039","USA_2019","PPxm_OR","PPxm_OR/110","B5"
"14040","USA_2019","PPxm_OR","PPxm_OR/111","C6"
"14041","USA_2019","PPxm_OR","PPxm_OR/111","B6"
"14042","USA_2019","PPxm_OR","PPxm_OR/112","E5"
"14043","USA_2019","PPxm_OR","PPxm_OR/112","D5"
"14044","USA_2019","PPxm_OR","PPxm_OR/113","E6"
"14045","USA_2019","PPxm_OR","PPxm_OR/113","D6"
"14046","USA_2019","PPxm_OR","PPxm_OR/Gg","D2"
"14047","USA_2019","PPxm_OR","PPxm_OR/Gg","D1"
"14048","USA_2019","PPxm_OR","PPxm_OR/Gg","C2"
"14049","USA_2019","PPxm_OR","PPxm_OR/Gg","C1"
"14050","USA_2019","PPxm_OR","PPxm_OR/Gg","B2"
"14051","USA_2019","PPxm_OR","PPxm_OR/Gg","B1"
"14052","USA_2019","PPxm_OR","PPxm_OR/Gg","A2"
"14053","USA_2019","PPxm_OR","PPxm_OR/Gg","A1"
"14054","Add_2021","PPxm_OR","PPxm_OR/Ro","A0"
"14055","Add_2021","PPxm_OR","PPxm_OR/Ro","B0"
"14056","USA_2019","PPxw_MT","PPxw_MT/101","D4"
"14057","USA_2019","PPxw_MT","PPxw_MT/101","D3"
"14058","USA_2019","PPxw_MT","PPxw_MT/101","C4"
"14059","USA_2019","PPxw_MT","PPxw_MT/101","C3"
"14060","USA_2019","PPxw_MT","PPxw_MT/101","B4"
"14061","USA_2019","PPxw_MT","PPxw_MT/101","B3"
"14062","USA_2019","PPxw_MT","PPxw_MT/102","D2"
"14063","USA_2019","PPxw_MT","PPxw_MT/102","C2"
"14064","USA_2019","PPxw_MT","PPxw_MT/102","B2"
"14065","USA_2019","PPxw_MT","PPxw_MT/102","A2"
"14066","USA_2019","PPxw_MT","PPxw_MT/110","E5"
"14067","USA_2019","PPxw_MT","PPxw_MT/110","D5"
"14068","USA_2019","PPxw_MT","PPxw_MT/110","C5"
"14069","USA_2019","PPxw_MT","PPxw_MT/110","B5"
"14070","USA_2019","PPxw_MT","PPxw_MT/111","C6"
"14071","USA_2019","PPxw_MT","PPxw_MT/111","B6"
"14072","USA_2019","PPxw_MT","PPxw_MT/113","E6"
"14073","USA_2019","PPxw_MT","PPxw_MT/113","D6"
"14074","USA_2019","PPxw_MT","PPxw_MT/Gg","D1"
"14075","USA_2019","PPxw_MT","PPxw_MT/Gg","C1"
"14076","USA_2019","PPxw_MT","PPxw_MT/Gg","B1"
"14077","USA_2019","PPxw_MT","PPxw_MT/Gg","A1"
"14078","Add_2021","PPxw_MT","PPxw_MT/Ro","A0"
"14079","Add_2021","PPxw_MT","PPxw_MT/Ro","B0"
"14080","USA_2020","PPxw_WY","PPxw_WY/101","D4"
"14081","USA_2020","PPxw_WY","PPxw_WY/101","D3"
"14082","USA_2020","PPxw_WY","PPxw_WY/101","C4"
"14083","USA_2020","PPxw_WY","PPxw_WY/101","C3"
"14084","USA_2020","PPxw_WY","PPxw_WY/101","B4"
"14085","USA_2020","PPxw_WY","PPxw_WY/101","B3"
"14086","USA_2020","PPxw_WY","PPxw_WY/102","D2"
"14087","USA_2020","PPxw_WY","PPxw_WY/102","C2"
"14088","USA_2020","PPxw_WY","PPxw_WY/102","B2"
"14089","USA_2020","PPxw_WY","PPxw_WY/102","A2"
"14090","USA_2020","PPxw_WY","PPxw_WY/110","E5"
"14091","USA_2020","PPxw_WY","PPxw_WY/110","D5"
"14092","USA_2020","PPxw_WY","PPxw_WY/110","C5"
"14093","USA_2020","PPxw_WY","PPxw_WY/110","B5"
"14094","USA_2020","PPxw_WY","PPxw_WY/111","C6"
"14095","USA_2020","PPxw_WY","PPxw_WY/111","B6"
"14096","USA_2020","PPxw_WY","PPxw_WY/113","E6"
"14097","USA_2020","PPxw_WY","PPxw_WY/113","D6"
"14098","USA_2020","PPxw_WY","PPxw_WY/Gg","D1"
"14099","USA_2020","PPxw_WY","PPxw_WY/Gg","C1"
"14100","USA_2020","PPxw_WY","PPxw_WY/Gg","B1"
"14101","USA_2020","PPxw_WY","PPxw_WY/Gg","A1"
"14102","Add_2021","PPxw_WY","PPxw_WY/Ro","A0"
"14103","Add_2021","PPxw_WY","PPxw_WY/Ro","B0"
"14104","USA_2019","PPxx_OR","PPxx_OR/101","D4"
"14105","USA_2019","PPxx_OR","PPxx_OR/101","D3"
"14106","USA_2019","PPxx_OR","PPxx_OR/101","C4"
"14107","USA_2019","PPxx_OR","PPxx_OR/101","C3"
"14108","USA_2019","PPxx_OR","PPxx_OR/101","B4"
"14109","USA_2019","PPxx_OR","PPxx_OR/101","B3"
"14110","USA_2019","PPxx_OR","PPxx_OR/102","D2"
"14111","USA_2019","PPxx_OR","PPxx_OR/102","C2"
"14112","USA_2019","PPxx_OR","PPxx_OR/102","B2"
"14113","USA_2019","PPxx_OR","PPxx_OR/102","A2"
"14114","USA_2019","PPxx_OR","PPxx_OR/110","E5"
"14115","USA_2019","PPxx_OR","PPxx_OR/110","D5"
"14116","USA_2019","PPxx_OR","PPxx_OR/110","C5"
"14117","USA_2019","PPxx_OR","PPxx_OR/110","B5"
"14118","USA_2019","PPxx_OR","PPxx_OR/111","C6"
"14119","USA_2019","PPxx_OR","PPxx_OR/111","B6"
"14120","USA_2019","PPxx_OR","PPxx_OR/113","E6"
"14121","USA_2019","PPxx_OR","PPxx_OR/113","D6"
"14122","USA_2019","PPxx_OR","PPxx_OR/Gg","D1"
"14123","USA_2019","PPxx_OR","PPxx_OR/Gg","C1"
"14124","USA_2019","PPxx_OR","PPxx_OR/Gg","B1"
"14125","USA_2019","PPxx_OR","PPxx_OR/Gg","A1"
"14126","Add_2021","PPxx_OR","PPxx_OR/Ro","A0"
"14127","Add_2021","PPxx_OR","PPxx_OR/Ro","B0"
"14128","AB_2018","SASbo","SASbo/a","C2"
"14129","AB_2018","SASbo","SASbo/a","B3"
"14130","AB_2018","SASbo","SASbo/a","B2"
"14131","AB_2018","SASbo","SASbo/a","B1"
"14132","AB_2018","SASbo","SASbo/a","A2"
"14133","AB_2018","SASbo","SASbo/b","D5"
"14134","AB_2018","SASbo","SASbo/b","D4"
"14135","AB_2018","SASbo","SASbo/b","D3"
"14136","AB_2018","SASbo","SASbo/b","C5"
"14137","AB_2018","SASbo","SASbo/b","C4"
"14138","AB_2018","SASbo","SASbo/b","C3"
"14139","AB_2018","SASbo","SASbo/c","C5"
"14140","AB_2018","SASbo","SASbo/c","C4"
"14141","AB_2018","SASbo","SASbo/c","B5"
"14142","AB_2018","SASbo","SASbo/c","B4"
"14143","AB_2018","SASbo","SASbo/c","B3"
"14144","AB_2018","SASbo","SASbo/c","A4"
"14145","AB_2018","SASbo","SASbo/d","E6"
"14146","AB_2018","SASbo","SASbo/d","E5"
"14147","AB_2018","SASbo","SASbo/d","D6"
"14148","AB_2018","SASbo","SASbo/d","D5"
"14149","AB_2018","SASbo","SASbo/d","C6"
"14150","AB_2018","SASbo","SASbo/d","C5"
"14151","AB_2018","SASbo","SASbo/e","C6"
"14152","AB_2018","SASbo","SASbo/e","C5"
"14153","AB_2018","SASbo","SASbo/e","B7"
"14154","AB_2018","SASbo","SASbo/e","B6"
"14155","AB_2018","SASbo","SASbo/e","B5"
"14156","AB_2018","SASbo","SASbo/e","A6"
"14157","AB_2018","SASbo","SASbo/e","A5"
"14158","AB_2018","SASbo","SASbo/f","B7"
"14159","AB_2018","SASbo","SASbo/f","B6"
"14160","AB_2018","SASbo","SASbo/f","A7"
"14161","AB_2018","SASbo","SASbo/f","A6"
"14162","AB_2018","SASbo","SASbo/g","C7"
"14163","AB_2018","SASbo","SASbo/g","C6"
"14164","AB_2018","SASbo","SASbo/g","B7"
"14165","AB_2018","SASbo","SASbo/g","B6"
"14166","AB_2018","SASbo","SASbo/h","E7"
"14167","AB_2018","SASbo","SASbo/h","E6"
"14168","AB_2018","SASbo","SASbo/h","D7"
"14169","AB_2018","SASbo","SASbo/h","D6"
"14170","AB_2018","SASbo","SASbo/h","C7"
"14171","Add_2021","SASbo","SASbo/Ro","A0"
"14172","Add_2021","SASbo","SASbo/Ro","B0"
"14173","ABv12","SBAPcp","SBAPcp/a","B2"
"14174","ABv12","SBAPcp","SBAPcp/a","B1"
"14175","ABv12","SBAPcp","SBAPcp/a","A2"
"14176","ABv12","SBAPcp","SBAPcp/a","A1"
"14177","ABv12","SBAPcp","SBAPcp/b","C3"
"14178","ABv12","SBAPcp","SBAPcp/b","C2"
"14179","ABv12","SBAPcp","SBAPcp/b","B3"
"14180","ABv12","SBAPcp","SBAPcp/b","B2"
"14181","ABv12","SBAPcp","SBAPcp/c","B5"
"14182","ABv12","SBAPcp","SBAPcp/c","B4"
"14183","ABv12","SBAPcp","SBAPcp/c","B3"
"14184","ABv12","SBAPcp","SBAPcp/c","A4"
"14185","ABv12","SBAPcp","SBAPcp/c","A3"
"14186","ABv12","SBAPcp","SBAPcp/d","D4"
"14187","ABv12","SBAPcp","SBAPcp/d","C5"
"14188","ABv12","SBAPcp","SBAPcp/d","C4"
"14189","ABv12","SBAPcp","SBAPcp/d","C3"
"14190","ABv12","SBAPcp","SBAPcp/d","B4"
"14191","ABv12","SBAPcp","SBAPcp/e","D6"
"14192","ABv12","SBAPcp","SBAPcp/e","D5"
"14193","ABv12","SBAPcp","SBAPcp/e","D4"
"14194","ABv12","SBAPcp","SBAPcp/e","C5"
"14195","ABv12","SBAPcp","SBAPcp/f","E6"
"14196","ABv12","SBAPcp","SBAPcp/f","E5"
"14197","ABv12","SBAPcp","SBAPcp/f","D6"
"14198","ABv12","SBAPcp","SBAPcp/f","D5"
"14199","ABv12","SBAPcp","SBAPcp/g","C6"
"14200","ABv12","SBAPcp","SBAPcp/g","C5"
"14201","ABv12","SBAPcp","SBAPcp/g","B6"
"14202","ABv12","SBAPcp","SBAPcp/g","B5"
"14203","ABv12","SBAPcp","SBAPcp/g","A6"
"14204","ABv12","SBAPcp","SBAPcp/g","A5"
"14205","ABv12","SBAPcp","SBAPcp/h","D6"
"14206","ABv12","SBAPcp","SBAPcp/h","D5"
"14207","ABv12","SBAPcp","SBAPcp/h","C6"
"14208","ABv12","SBAPcp","SBAPcp/h","C5"
"14209","ABv12","SBAPcp","SBAPcp/i","B7"
"14210","ABv12","SBAPcp","SBAPcp/i","B6"
"14211","ABv12","SBAPcp","SBAPcp/i","A7"
"14212","ABv12","SBAPcp","SBAPcp/i","A6"
"14213","ABv12","SBAPcp","SBAPcp/j","C7"
"14214","ABv12","SBAPcp","SBAPcp/j","C6"
"14215","ABv12","SBAPcp","SBAPcp/j","B7"
"14216","ABv12","SBAPcp","SBAPcp/j","B6"
"14217","ABv12","SBAPcp","SBAPcp/k","E7"
"14218","ABv12","SBAPcp","SBAPcp/k","D7"
"14219","ABv12","SBAPcp","SBAPcp/k","D6"
"14220","ABv12","SBAPcp","SBAPcp/k","C7"
"14221","Add_2021","SBAPcp","SBAPcp/Ro","A0"
"14222","Add_2021","SBAPcp","SBAPcp/Ro","B0"
"14223","AB_2018","SBAPfp","SBAPfp/d","E2"
"14224","AB_2018","SBAPfp","SBAPfp/d","E1"
"14225","AB_2018","SBAPfp","SBAPfp/d","E0"
"14226","AB_2018","SBAPfp","SBAPfp/d","D2"
"14227","AB_2018","SBAPfp","SBAPfp/d","D1"
"14228","AB_2018","SBAPfp","SBAPfp/d","D0"
"14229","AB_2018","SBAPfp","SBAPfp/d","C2"
"14230","AB_2018","SBAPfp","SBAPfp/d","C1"
"14231","AB_2018","SBAPfp","SBAPfp/d","C0"
"14232","AB_2018","SBAPfp","SBAPfp/d","B2"
"14233","AB_2018","SBAPfp","SBAPfp/d","B1"
"14234","AB_2018","SBAPfp","SBAPfp/d","B0"
"14235","AB_2018","SBAPfp","SBAPfp/d","A2"
"14236","AB_2018","SBAPfp","SBAPfp/d","A1"
"14237","AB_2018","SBAPfp","SBAPfp/d","A0"
"14238","AB_2018","SBAPfp","SBAPfp/h","E7"
"14239","AB_2018","SBAPfp","SBAPfp/h","E6"
"14240","AB_2018","SBAPfp","SBAPfp/h","E5"
"14241","AB_2018","SBAPfp","SBAPfp/h","D7"
"14242","AB_2018","SBAPfp","SBAPfp/h","D6"
"14243","AB_2018","SBAPfp","SBAPfp/h","D5"
"14244","AB_2018","SBAPfp","SBAPfp/h","C7"
"14245","AB_2018","SBAPfp","SBAPfp/h","C6"
"14246","AB_2018","SBAPfp","SBAPfp/h","C5"
"14247","AB_2018","SBAPfp","SBAPfp/h","B7"
"14248","AB_2018","SBAPfp","SBAPfp/h","B6"
"14249","AB_2018","SBAPfp","SBAPfp/h","B5"
"14250","AB_2018","SBAPfp","SBAPfp/h","A7"
"14251","AB_2018","SBAPfp","SBAPfp/h","A6"
"14252","AB_2018","SBAPfp","SBAPfp/h","A5"
"14253","AB_2018","SBAPfp","SBAPfp/m","E4"
"14254","AB_2018","SBAPfp","SBAPfp/m","E3"
"14255","AB_2018","SBAPfp","SBAPfp/m","D4"
"14256","AB_2018","SBAPfp","SBAPfp/m","D3"
"14257","AB_2018","SBAPfp","SBAPfp/m","C4"
"14258","AB_2018","SBAPfp","SBAPfp/m","C3"
"14259","AB_2018","SBAPfp","SBAPfp/m","B4"
"14260","AB_2018","SBAPfp","SBAPfp/m","B3"
"14261","AB_2018","SBAPfp","SBAPfp/m","A4"
"14262","AB_2018","SBAPfp","SBAPfp/m","A3"
"14263","BECv10","SBPSdc","SBPSdc/01","D4"
"14264","BECv10","SBPSdc","SBPSdc/01","C4"
"14265","BECv10","SBPSdc","SBPSdc/01","B4"
"14266","BECv10","SBPSdc","SBPSdc/02","D2"
"14267","BECv10","SBPSdc","SBPSdc/02","D1"
"14268","BECv10","SBPSdc","SBPSdc/02","C2"
"14269","BECv10","SBPSdc","SBPSdc/02","C1"
"14270","BECv10","SBPSdc","SBPSdc/02","B2"
"14271","BECv10","SBPSdc","SBPSdc/02","B1"
"14272","BECv10","SBPSdc","SBPSdc/02","A2"
"14273","BECv10","SBPSdc","SBPSdc/02","A1"
"14274","BECv10","SBPSdc","SBPSdc/02a","D2"
"14275","BECv10","SBPSdc","SBPSdc/02a","D1"
"14276","BECv10","SBPSdc","SBPSdc/02a","C2"
"14277","BECv10","SBPSdc","SBPSdc/02a","C1"
"14278","BECv10","SBPSdc","SBPSdc/02a","B2"
"14279","BECv10","SBPSdc","SBPSdc/02a","B1"
"14280","BECv10","SBPSdc","SBPSdc/02a","A2"
"14281","BECv10","SBPSdc","SBPSdc/02a","A1"
"14282","BECv10","SBPSdc","SBPSdc/02b","D1"
"14283","BECv10","SBPSdc","SBPSdc/02b","C1"
"14284","BECv10","SBPSdc","SBPSdc/02b","B2"
"14285","BECv10","SBPSdc","SBPSdc/02b","B1"
"14286","BECv10","SBPSdc","SBPSdc/02b","A2"
"14287","BECv10","SBPSdc","SBPSdc/02b","A1"
"14288","BECv10","SBPSdc","SBPSdc/03","D3"
"14289","BECv10","SBPSdc","SBPSdc/03","C3"
"14290","BECv10","SBPSdc","SBPSdc/03","C2"
"14291","BECv10","SBPSdc","SBPSdc/03","B3"
"14292","BECv10","SBPSdc","SBPSdc/03","B2"
"14293","BECv10","SBPSdc","SBPSdc/03","A3"
"14294","BECv10","SBPSdc","SBPSdc/03","A2"
"14295","BECv10","SBPSdc","SBPSdc/03a","D3"
"14296","BECv10","SBPSdc","SBPSdc/03a","C3"
"14297","BECv10","SBPSdc","SBPSdc/03a","C2"
"14298","BECv10","SBPSdc","SBPSdc/03a","B3"
"14299","BECv10","SBPSdc","SBPSdc/03a","B2"
"14300","BECv10","SBPSdc","SBPSdc/03a","A3"
"14301","BECv10","SBPSdc","SBPSdc/03a","A2"
"14302","BECv10","SBPSdc","SBPSdc/03b","C3"
"14303","BECv10","SBPSdc","SBPSdc/03b","C2"
"14304","BECv10","SBPSdc","SBPSdc/03b","B2"
"14305","BECv10","SBPSdc","SBPSdc/03b","A2"
"14306","BECv10","SBPSdc","SBPSdc/04","B5"
"14307","BECv10","SBPSdc","SBPSdc/04","B4"
"14308","BECv10","SBPSdc","SBPSdc/05","D5"
"14309","BECv10","SBPSdc","SBPSdc/05","C5"
"14310","BECv10","SBPSdc","SBPSdc/06","E6"
"14311","BECv10","SBPSdc","SBPSdc/06","E5"
"14312","BECv10","SBPSdc","SBPSdc/06","D6"
"14313","BECv10","SBPSdc","SBPSdc/06","D5"
"14314","BECv10","SBPSdc","SBPSdc/06","C6"
"14315","BECv10","SBPSdc","SBPSdc/06","C5"
"14316","BECv10","SBPSdc","SBPSdc/07","B7"
"14317","BECv10","SBPSdc","SBPSdc/07","B6"
"14318","BECv10","SBPSdc","SBPSdc/08","D7"
"14319","BECv10","SBPSdc","SBPSdc/08","D6"
"14320","BECv10","SBPSdc","SBPSdc/08","C7"
"14321","BECv10","SBPSdc","SBPSdc/08","C6"
"14322","Add_2021","SBPSdc","SBPSdc/Ro","A0"
"14323","Add_2021","SBPSdc","SBPSdc/Ro","B0"
"14324","BECv10","SBPSmc","SBPSmc/01","C5"
"14325","BECv10","SBPSmc","SBPSmc/01","C4"
"14326","BECv10","SBPSmc","SBPSmc/01","C3"
"14327","BECv10","SBPSmc","SBPSmc/01","B4"
"14328","BECv10","SBPSmc","SBPSmc/01","B3"
"14329","BECv10","SBPSmc","SBPSmc/01a","C5"
"14330","BECv10","SBPSmc","SBPSmc/01a","C4"
"14331","BECv10","SBPSmc","SBPSmc/01a","B4"
"14332","BECv10","SBPSmc","SBPSmc/01b","C3"
"14333","BECv10","SBPSmc","SBPSmc/01b","B3"
"14334","BECv10","SBPSmc","SBPSmc/02","B2"
"14335","BECv10","SBPSmc","SBPSmc/02","B1"
"14336","BECv10","SBPSmc","SBPSmc/02","A2"
"14337","BECv10","SBPSmc","SBPSmc/02","A1"
"14338","BECv10","SBPSmc","SBPSmc/03","B4"
"14339","BECv10","SBPSmc","SBPSmc/03","B3"
"14340","BECv10","SBPSmc","SBPSmc/03","A4"
"14341","BECv10","SBPSmc","SBPSmc/03","A3"
"14342","BECv10","SBPSmc","SBPSmc/04","B6"
"14343","BECv10","SBPSmc","SBPSmc/04","B5"
"14344","BECv10","SBPSmc","SBPSmc/04","A6"
"14345","BECv10","SBPSmc","SBPSmc/04","A5"
"14346","BECv10","SBPSmc","SBPSmc/05","E6"
"14347","BECv10","SBPSmc","SBPSmc/05","E5"
"14348","BECv10","SBPSmc","SBPSmc/05","D6"
"14349","BECv10","SBPSmc","SBPSmc/05","D5"
"14350","BECv10","SBPSmc","SBPSmc/05","C6"
"14351","BECv10","SBPSmc","SBPSmc/05","C5"
"14352","BECv10","SBPSmc","SBPSmc/06","E7"
"14353","BECv10","SBPSmc","SBPSmc/06","E6"
"14354","BECv10","SBPSmc","SBPSmc/06","D7"
"14355","BECv10","SBPSmc","SBPSmc/06","D6"
"14356","BECv10","SBPSmc","SBPSmc/06","C7"
"14357","BECv10","SBPSmc","SBPSmc/06","C6"
"14358","BECv10","SBPSmc","SBPSmc/07","B7"
"14359","BECv10","SBPSmc","SBPSmc/07","A7"
"14360","Add_2021","SBPSmc","SBPSmc/Ro","A0"
"14361","Add_2021","SBPSmc","SBPSmc/Ro","B0"
"14362","BECv10","SBPSmk","SBPSmk/01","D4"
"14363","BECv10","SBPSmk","SBPSmk/01","D3"
"14364","BECv10","SBPSmk","SBPSmk/01","C4"
"14365","BECv10","SBPSmk","SBPSmk/01","C3"
"14366","BECv10","SBPSmk","SBPSmk/01","B5"
"14367","BECv10","SBPSmk","SBPSmk/01","B4"
"14368","BECv10","SBPSmk","SBPSmk/02","D1"
"14369","BECv10","SBPSmk","SBPSmk/02","C1"
"14370","BECv10","SBPSmk","SBPSmk/02","B1"
"14371","BECv10","SBPSmk","SBPSmk/02","A1"
"14372","BECv10","SBPSmk","SBPSmk/03","D2"
"14373","BECv10","SBPSmk","SBPSmk/03","D1"
"14374","BECv10","SBPSmk","SBPSmk/03","C2"
"14375","BECv10","SBPSmk","SBPSmk/03","C1"
"14376","BECv10","SBPSmk","SBPSmk/03","B2"
"14377","BECv10","SBPSmk","SBPSmk/03","B1"
"14378","BECv10","SBPSmk","SBPSmk/04","D3"
"14379","BECv10","SBPSmk","SBPSmk/04","D2"
"14380","BECv10","SBPSmk","SBPSmk/04","C3"
"14381","BECv10","SBPSmk","SBPSmk/04","C2"
"14382","BECv10","SBPSmk","SBPSmk/04","B4"
"14383","BECv10","SBPSmk","SBPSmk/04","B3"
"14384","BECv10","SBPSmk","SBPSmk/04","B2"
"14385","BECv10","SBPSmk","SBPSmk/04a","D3"
"14386","BECv10","SBPSmk","SBPSmk/04a","D2"
"14387","BECv10","SBPSmk","SBPSmk/04a","C3"
"14388","BECv10","SBPSmk","SBPSmk/04a","C2"
"14389","BECv10","SBPSmk","SBPSmk/04a","B4"
"14390","BECv10","SBPSmk","SBPSmk/04a","B3"
"14391","BECv10","SBPSmk","SBPSmk/04a","B2"
"14392","BECv10","SBPSmk","SBPSmk/04b","D3"
"14393","BECv10","SBPSmk","SBPSmk/04b","D2"
"14394","BECv10","SBPSmk","SBPSmk/04b","C3"
"14395","BECv10","SBPSmk","SBPSmk/04b","C2"
"14396","BECv10","SBPSmk","SBPSmk/04b","B4"
"14397","BECv10","SBPSmk","SBPSmk/04b","B3"
"14398","BECv10","SBPSmk","SBPSmk/04b","B2"
"14399","BECv10","SBPSmk","SBPSmk/05","D3"
"14400","BECv10","SBPSmk","SBPSmk/05","C3"
"14401","BECv10","SBPSmk","SBPSmk/06","E5"
"14402","BECv10","SBPSmk","SBPSmk/06","D5"
"14403","BECv10","SBPSmk","SBPSmk/06","C5"
"14404","BECv10","SBPSmk","SBPSmk/06","B5"
"14405","BECv10","SBPSmk","SBPSmk/07","E6"
"14406","BECv10","SBPSmk","SBPSmk/07","D6"
"14407","BECv10","SBPSmk","SBPSmk/07","C6"
"14408","BECv10","SBPSmk","SBPSmk/07","B6"
"14409","BECv10","SBPSmk","SBPSmk/08","C7"
"14410","BECv10","SBPSmk","SBPSmk/08","B7"
"14411","Add_2021","SBPSmk","SBPSmk/Ro","A0"
"14412","Add_2021","SBPSmk","SBPSmk/Ro","B0"
"14413","BECv10","SBPSxc","SBPSxc/01","D4"
"14414","BECv10","SBPSxc","SBPSxc/01","D3"
"14415","BECv10","SBPSxc","SBPSxc/01","C4"
"14416","BECv10","SBPSxc","SBPSxc/01","C3"
"14417","BECv10","SBPSxc","SBPSxc/01","B4"
"14418","BECv10","SBPSxc","SBPSxc/01","B3"
"14419","BECv10","SBPSxc","SBPSxc/02","D2"
"14420","BECv10","SBPSxc","SBPSxc/02","D1"
"14421","BECv10","SBPSxc","SBPSxc/02","C3"
"14422","BECv10","SBPSxc","SBPSxc/02","C2"
"14423","BECv10","SBPSxc","SBPSxc/02","C1"
"14424","BECv10","SBPSxc","SBPSxc/02","B3"
"14425","BECv10","SBPSxc","SBPSxc/02","B2"
"14426","BECv10","SBPSxc","SBPSxc/02","B1"
"14427","BECv10","SBPSxc","SBPSxc/02","A3"
"14428","BECv10","SBPSxc","SBPSxc/02","A2"
"14429","BECv10","SBPSxc","SBPSxc/02","A1"
"14430","BECv10","SBPSxc","SBPSxc/02a","D2"
"14431","BECv10","SBPSxc","SBPSxc/02a","D1"
"14432","BECv10","SBPSxc","SBPSxc/02a","C3"
"14433","BECv10","SBPSxc","SBPSxc/02a","C2"
"14434","BECv10","SBPSxc","SBPSxc/02a","C1"
"14435","BECv10","SBPSxc","SBPSxc/02a","B3"
"14436","BECv10","SBPSxc","SBPSxc/02a","B2"
"14437","BECv10","SBPSxc","SBPSxc/02a","B1"
"14438","BECv10","SBPSxc","SBPSxc/02a","A3"
"14439","BECv10","SBPSxc","SBPSxc/02a","A2"
"14440","BECv10","SBPSxc","SBPSxc/02a","A1"
"14441","BECv10","SBPSxc","SBPSxc/02b","D2"
"14442","BECv10","SBPSxc","SBPSxc/02b","D1"
"14443","BECv10","SBPSxc","SBPSxc/02b","C3"
"14444","BECv10","SBPSxc","SBPSxc/02b","C2"
"14445","BECv10","SBPSxc","SBPSxc/02b","C1"
"14446","BECv10","SBPSxc","SBPSxc/02b","B3"
"14447","BECv10","SBPSxc","SBPSxc/02b","B2"
"14448","BECv10","SBPSxc","SBPSxc/02b","B1"
"14449","BECv10","SBPSxc","SBPSxc/02b","A3"
"14450","BECv10","SBPSxc","SBPSxc/02b","A2"
"14451","BECv10","SBPSxc","SBPSxc/02b","A1"
"14452","BECv10","SBPSxc","SBPSxc/02c","D2"
"14453","BECv10","SBPSxc","SBPSxc/02c","D1"
"14454","BECv10","SBPSxc","SBPSxc/02c","C3"
"14455","BECv10","SBPSxc","SBPSxc/02c","C2"
"14456","BECv10","SBPSxc","SBPSxc/02c","C1"
"14457","BECv10","SBPSxc","SBPSxc/02c","B3"
"14458","BECv10","SBPSxc","SBPSxc/02c","B2"
"14459","BECv10","SBPSxc","SBPSxc/02c","B1"
"14460","BECv10","SBPSxc","SBPSxc/02c","A3"
"14461","BECv10","SBPSxc","SBPSxc/02c","A2"
"14462","BECv10","SBPSxc","SBPSxc/02c","A1"
"14463","BECv10","SBPSxc","SBPSxc/03","B5"
"14464","BECv10","SBPSxc","SBPSxc/04","D5"
"14465","BECv10","SBPSxc","SBPSxc/04","C5"
"14466","BECv10","SBPSxc","SBPSxc/05","D6"
"14467","BECv10","SBPSxc","SBPSxc/05","D5"
"14468","BECv10","SBPSxc","SBPSxc/05","C6"
"14469","BECv10","SBPSxc","SBPSxc/05","C5"
"14470","BECv10","SBPSxc","SBPSxc/05","B6"
"14471","BECv10","SBPSxc","SBPSxc/06","E6"
"14472","BECv10","SBPSxc","SBPSxc/06","E5"
"14473","BECv10","SBPSxc","SBPSxc/06","D6"
"14474","BECv10","SBPSxc","SBPSxc/06","D5"
"14475","Add_2021","SBPSxc","SBPSxc/Ro","A0"
"14476","Add_2021","SBPSxc","SBPSxc/Ro","B0"
"14477","BECv10","SBSdh1","SBSdh1/01","D4"
"14478","BECv10","SBSdh1","SBSdh1/01","D3"
"14479","BECv10","SBSdh1","SBSdh1/01","C4"
"14480","BECv10","SBSdh1","SBSdh1/01","C3"
"14481","BECv10","SBSdh1","SBSdh1/01","B4"
"14482","BECv10","SBSdh1","SBSdh1/01","B3"
"14483","BECv10","SBSdh1","SBSdh1/02","B2"
"14484","BECv10","SBSdh1","SBSdh1/02","B1"
"14485","BECv10","SBSdh1","SBSdh1/02","A2"
"14486","BECv10","SBSdh1","SBSdh1/02","A1"
"14487","BECv10","SBSdh1","SBSdh1/03","B2"
"14488","BECv10","SBSdh1","SBSdh1/03","B1"
"14489","BECv10","SBSdh1","SBSdh1/04","C3"
"14490","BECv10","SBSdh1","SBSdh1/04","C2"
"14491","BECv10","SBSdh1","SBSdh1/04","B3"
"14492","BECv10","SBSdh1","SBSdh1/04","B2"
"14493","BECv10","SBSdh1","SBSdh1/05","B4"
"14494","BECv10","SBSdh1","SBSdh1/05","B3"
"14495","BECv10","SBSdh1","SBSdh1/05","B2"
"14496","BECv10","SBSdh1","SBSdh1/05","A5"
"14497","BECv10","SBSdh1","SBSdh1/05","A4"
"14498","BECv10","SBSdh1","SBSdh1/05","A3"
"14499","BECv10","SBSdh1","SBSdh1/05","A2"
"14500","BECv10","SBSdh1","SBSdh1/06","D5"
"14501","BECv10","SBSdh1","SBSdh1/06","D4"
"14502","BECv10","SBSdh1","SBSdh1/06","C5"
"14503","BECv10","SBSdh1","SBSdh1/06","C4"
"14504","BECv10","SBSdh1","SBSdh1/06","B5"
"14505","BECv10","SBSdh1","SBSdh1/06","B4"
"14506","BECv10","SBSdh1","SBSdh1/07","E6"
"14507","BECv10","SBSdh1","SBSdh1/07","E5"
"14508","BECv10","SBSdh1","SBSdh1/07","D6"
"14509","BECv10","SBSdh1","SBSdh1/07","D5"
"14510","BECv10","SBSdh1","SBSdh1/07","C6"
"14511","BECv10","SBSdh1","SBSdh1/07","C5"
"14512","BECv10","SBSdh1","SBSdh1/08","B7"
"14513","BECv10","SBSdh1","SBSdh1/08","B6"
"14514","BECv10","SBSdh1","SBSdh1/08","A7"
"14515","Add_2021","SBSdh1","SBSdh1/Ro","A0"
"14516","Add_2021","SBSdh1","SBSdh1/Ro","B0"
"14517","BECv10","SBSdh2","SBSdh2/01","D4"
"14518","BECv10","SBSdh2","SBSdh2/01","D3"
"14519","BECv10","SBSdh2","SBSdh2/01","C4"
"14520","BECv10","SBSdh2","SBSdh2/01","C3"
"14521","BECv10","SBSdh2","SBSdh2/01","B4"
"14522","BECv10","SBSdh2","SBSdh2/01","B3"
"14523","BECv10","SBSdh2","SBSdh2/02","B2"
"14524","BECv10","SBSdh2","SBSdh2/02","B1"
"14525","BECv10","SBSdh2","SBSdh2/02","A2"
"14526","BECv10","SBSdh2","SBSdh2/02","A1"
"14527","BECv10","SBSdh2","SBSdh2/03","B2"
"14528","BECv10","SBSdh2","SBSdh2/03","B1"
"14529","BECv10","SBSdh2","SBSdh2/03","A2"
"14530","BECv10","SBSdh2","SBSdh2/03","A1"
"14531","BECv10","SBSdh2","SBSdh2/04","C3"
"14532","BECv10","SBSdh2","SBSdh2/04","C2"
"14533","BECv10","SBSdh2","SBSdh2/04","B3"
"14534","BECv10","SBSdh2","SBSdh2/04","B2"
"14535","BECv10","SBSdh2","SBSdh2/05","B5"
"14536","BECv10","SBSdh2","SBSdh2/05","B4"
"14537","BECv10","SBSdh2","SBSdh2/05","B3"
"14538","BECv10","SBSdh2","SBSdh2/05","B2"
"14539","BECv10","SBSdh2","SBSdh2/05","A5"
"14540","BECv10","SBSdh2","SBSdh2/05","A4"
"14541","BECv10","SBSdh2","SBSdh2/05","A3"
"14542","BECv10","SBSdh2","SBSdh2/05","A2"
"14543","BECv10","SBSdh2","SBSdh2/06","D5"
"14544","BECv10","SBSdh2","SBSdh2/06","D4"
"14545","BECv10","SBSdh2","SBSdh2/06","C5"
"14546","BECv10","SBSdh2","SBSdh2/06","B5"
"14547","BECv10","SBSdh2","SBSdh2/07","E6"
"14548","BECv10","SBSdh2","SBSdh2/07","E5"
"14549","BECv10","SBSdh2","SBSdh2/07","D6"
"14550","BECv10","SBSdh2","SBSdh2/07","D5"
"14551","BECv10","SBSdh2","SBSdh2/07","C6"
"14552","BECv10","SBSdh2","SBSdh2/07","C5"
"14553","BECv10","SBSdh2","SBSdh2/07","B6"
"14554","BECv10","SBSdh2","SBSdh2/07","B5"
"14555","BECv10","SBSdh2","SBSdh2/07","A6"
"14556","BECv10","SBSdh2","SBSdh2/08","B6"
"14557","BECv10","SBSdh2","SBSdh2/08","A6"
"14558","Add_2021","SBSdh2","SBSdh2/Ro","A0"
"14559","Add_2021","SBSdh2","SBSdh2/Ro","B0"
"14560","BECv10","SBSdk","SBSdk/01","D4"
"14561","BECv10","SBSdk","SBSdk/01","C4"
"14562","BECv10","SBSdk","SBSdk/01","C3"
"14563","BECv10","SBSdk","SBSdk/01","B5"
"14564","BECv10","SBSdk","SBSdk/01","B4"
"14565","BECv10","SBSdk","SBSdk/01a","D4"
"14566","BECv10","SBSdk","SBSdk/01a","C4"
"14567","BECv10","SBSdk","SBSdk/01a","C3"
"14568","BECv10","SBSdk","SBSdk/01b","B5"
"14569","BECv10","SBSdk","SBSdk/01b","B4"
"14570","BECv10","SBSdk","SBSdk/01b","C3"
"14571","BECv10","SBSdk","SBSdk/02","B1"
"14572","BECv10","SBSdk","SBSdk/02","A1"
"14573","BECv10","SBSdk","SBSdk/03","C2"
"14574","BECv10","SBSdk","SBSdk/03","B2"
"14575","BECv10","SBSdk","SBSdk/03","A2"
"14576","BECv10","SBSdk","SBSdk/04","D2"
"14577","BECv10","SBSdk","SBSdk/04","C3"
"14578","BECv10","SBSdk","SBSdk/04","C2"
"14579","BECv10","SBSdk","SBSdk/05","C3"
"14580","BECv10","SBSdk","SBSdk/05","B3"
"14581","BECv10","SBSdk","SBSdk/05","A4"
"14582","BECv10","SBSdk","SBSdk/05","A3"
"14583","BECv10","SBSdk","SBSdk/06","E4"
"14584","BECv10","SBSdk","SBSdk/06","D5"
"14585","BECv10","SBSdk","SBSdk/06","D4"
"14586","BECv10","SBSdk","SBSdk/06","C5"
"14587","BECv10","SBSdk","SBSdk/07","E6"
"14588","BECv10","SBSdk","SBSdk/07","E5"
"14589","BECv10","SBSdk","SBSdk/07","D6"
"14590","BECv10","SBSdk","SBSdk/07","D5"
"14591","BECv10","SBSdk","SBSdk/07","C6"
"14592","BECv10","SBSdk","SBSdk/07a","E6"
"14593","BECv10","SBSdk","SBSdk/07a","E5"
"14594","BECv10","SBSdk","SBSdk/07a","D5"
"14595","BECv10","SBSdk","SBSdk/07b","D6"
"14596","BECv10","SBSdk","SBSdk/07b","C6"
"14597","BECv10","SBSdk","SBSdk/08","E6"
"14598","BECv10","SBSdk","SBSdk/08","E5"
"14599","BECv10","SBSdk","SBSdk/08","D6"
"14600","BECv10","SBSdk","SBSdk/08a","E6"
"14601","BECv10","SBSdk","SBSdk/08a","E5"
"14602","BECv10","SBSdk","SBSdk/08a","D6"
"14603","BECv10","SBSdk","SBSdk/08b","E6"
"14604","BECv10","SBSdk","SBSdk/08b","E5"
"14605","BECv10","SBSdk","SBSdk/08b","D6"
"14606","BECv10","SBSdk","SBSdk/09","B7"
"14607","BECv10","SBSdk","SBSdk/09","B6"
"14608","BECv10","SBSdk","SBSdk/09","A7"
"14609","BECv10","SBSdk","SBSdk/09","A6"
"14610","BECv10","SBSdk","SBSdk/10","E7"
"14611","BECv10","SBSdk","SBSdk/10","D7"
"14612","BECv10","SBSdk","SBSdk/10","C7"
"14613","BECv10","SBSdk","SBSdk/10","C6"
"14614","BECv10","SBSdk","SBSdk/Gg","E3"
"14615","BECv10","SBSdk","SBSdk/Gg","E2"
"14616","BECv10","SBSdk","SBSdk/Gg","E1"
"14617","BECv10","SBSdk","SBSdk/Gg","D3"
"14618","BECv10","SBSdk","SBSdk/Gg","D2"
"14619","BECv10","SBSdk","SBSdk/Gg","D1"
"14620","BECv10","SBSdk","SBSdk/Gg","C1"
"14621","Add_2021","SBSdk","SBSdk/Ro","A0"
"14622","Add_2021","SBSdk","SBSdk/Ro","B0"
"14623","BECv10","SBSdw1","SBSdw1/01","D4"
"14624","BECv10","SBSdw1","SBSdw1/01","D3"
"14625","BECv10","SBSdw1","SBSdw1/01","C4"
"14626","BECv10","SBSdw1","SBSdw1/01","B4"
"14627","BECv10","SBSdw1","SBSdw1/02","D1"
"14628","BECv10","SBSdw1","SBSdw1/02","C1"
"14629","BECv10","SBSdw1","SBSdw1/02","B1"
"14630","BECv10","SBSdw1","SBSdw1/03","D3"
"14631","BECv10","SBSdw1","SBSdw1/03","D2"
"14632","BECv10","SBSdw1","SBSdw1/03","C3"
"14633","BECv10","SBSdw1","SBSdw1/03","C2"
"14634","BECv10","SBSdw1","SBSdw1/03","B3"
"14635","BECv10","SBSdw1","SBSdw1/03","B2"
"14636","BECv10","SBSdw1","SBSdw1/04","C3"
"14637","BECv10","SBSdw1","SBSdw1/04","B3"
"14638","BECv10","SBSdw1","SBSdw1/04","A3"
"14639","BECv10","SBSdw1","SBSdw1/05","D3"
"14640","BECv10","SBSdw1","SBSdw1/05","C3"
"14641","BECv10","SBSdw1","SBSdw1/05","B3"
"14642","BECv10","SBSdw1","SBSdw1/06","D5"
"14643","BECv10","SBSdw1","SBSdw1/06","D4"
"14644","BECv10","SBSdw1","SBSdw1/06","C5"
"14645","BECv10","SBSdw1","SBSdw1/07","D5"
"14646","BECv10","SBSdw1","SBSdw1/07","C5"
"14647","BECv10","SBSdw1","SBSdw1/07","B5"
"14648","BECv10","SBSdw1","SBSdw1/08","E5"
"14649","BECv10","SBSdw1","SBSdw1/08","D5"
"14650","BECv10","SBSdw1","SBSdw1/09","E6"
"14651","BECv10","SBSdw1","SBSdw1/09","D6"
"14652","BECv10","SBSdw1","SBSdw1/09","C6"
"14653","BECv10","SBSdw1","SBSdw1/09","B6"
"14654","Add_2021","SBSdw1","SBSdw1/Ro","A0"
"14655","Add_2021","SBSdw1","SBSdw1/Ro","B0"
"14656","BECv10","SBSdw2","SBSdw2/01","D4"
"14657","BECv10","SBSdw2","SBSdw2/01","D3"
"14658","BECv10","SBSdw2","SBSdw2/01","C4"
"14659","BECv10","SBSdw2","SBSdw2/01","C3"
"14660","BECv10","SBSdw2","SBSdw2/01","B4"
"14661","BECv10","SBSdw2","SBSdw2/02","D1"
"14662","BECv10","SBSdw2","SBSdw2/02","C1"
"14663","BECv10","SBSdw2","SBSdw2/02","B1"
"14664","BECv10","SBSdw2","SBSdw2/03","B2"
"14665","BECv10","SBSdw2","SBSdw2/03","A2"
"14666","BECv10","SBSdw2","SBSdw2/04","D2"
"14667","BECv10","SBSdw2","SBSdw2/04","C2"
"14668","BECv10","SBSdw2","SBSdw2/04","B2"
"14669","BECv10","SBSdw2","SBSdw2/05","C3"
"14670","BECv10","SBSdw2","SBSdw2/05","B3"
"14671","BECv10","SBSdw2","SBSdw2/05","A3"
"14672","BECv10","SBSdw2","SBSdw2/06","D3"
"14673","BECv10","SBSdw2","SBSdw2/06","C3"
"14674","BECv10","SBSdw2","SBSdw2/06","B3"
"14675","BECv10","SBSdw2","SBSdw2/06","A3"
"14676","BECv10","SBSdw2","SBSdw2/07","B4"
"14677","BECv10","SBSdw2","SBSdw2/07","B3"
"14678","BECv10","SBSdw2","SBSdw2/07","A4"
"14679","BECv10","SBSdw2","SBSdw2/07","A3"
"14680","BECv10","SBSdw2","SBSdw2/08","D5"
"14681","BECv10","SBSdw2","SBSdw2/08","C6"
"14682","BECv10","SBSdw2","SBSdw2/08","C5"
"14683","BECv10","SBSdw2","SBSdw2/08","B6"
"14684","BECv10","SBSdw2","SBSdw2/08","B5"
"14685","BECv10","SBSdw2","SBSdw2/09","E6"
"14686","BECv10","SBSdw2","SBSdw2/09","E5"
"14687","BECv10","SBSdw2","SBSdw2/09","D6"
"14688","BECv10","SBSdw2","SBSdw2/09","D5"
"14689","BECv10","SBSdw2","SBSdw2/09","C6"
"14690","BECv10","SBSdw2","SBSdw2/09","C5"
"14691","BECv10","SBSdw2","SBSdw2/10","E6"
"14692","BECv10","SBSdw2","SBSdw2/10","D6"
"14693","BECv10","SBSdw2","SBSdw2/10","C6"
"14694","BECv10","SBSdw2","SBSdw2/11","C7"
"14695","BECv10","SBSdw2","SBSdw2/11","C6"
"14696","BECv10","SBSdw2","SBSdw2/11","B7"
"14697","BECv10","SBSdw2","SBSdw2/11","B6"
"14698","Add_2021","SBSdw2","SBSdw2/Ro","A0"
"14699","Add_2021","SBSdw2","SBSdw2/Ro","B0"
"14700","BECv10","SBSdw3","SBSdw3/01","D4"
"14701","BECv10","SBSdw3","SBSdw3/01","C4"
"14702","BECv10","SBSdw3","SBSdw3/01","B4"
"14703","BECv10","SBSdw3","SBSdw3/02","C2"
"14704","BECv10","SBSdw3","SBSdw3/02","C1"
"14705","BECv10","SBSdw3","SBSdw3/02","B2"
"14706","BECv10","SBSdw3","SBSdw3/02","B1"
"14707","BECv10","SBSdw3","SBSdw3/03","B2"
"14708","BECv10","SBSdw3","SBSdw3/03","A2"
"14709","BECv10","SBSdw3","SBSdw3/04","D3"
"14710","BECv10","SBSdw3","SBSdw3/04","C3"
"14711","BECv10","SBSdw3","SBSdw3/04","B3"
"14712","BECv10","SBSdw3","SBSdw3/05","B5"
"14713","BECv10","SBSdw3","SBSdw3/05","B4"
"14714","BECv10","SBSdw3","SBSdw3/05","B3"
"14715","BECv10","SBSdw3","SBSdw3/05","A5"
"14716","BECv10","SBSdw3","SBSdw3/05","A4"
"14717","BECv10","SBSdw3","SBSdw3/05","A3"
"14718","BECv10","SBSdw3","SBSdw3/06","D4"
"14719","BECv10","SBSdw3","SBSdw3/06","C5"
"14720","BECv10","SBSdw3","SBSdw3/06","C4"
"14721","BECv10","SBSdw3","SBSdw3/06","B5"
"14722","BECv10","SBSdw3","SBSdw3/07","D5"
"14723","BECv10","SBSdw3","SBSdw3/07","C5"
"14724","BECv10","SBSdw3","SBSdw3/08","E6"
"14725","BECv10","SBSdw3","SBSdw3/08","E5"
"14726","BECv10","SBSdw3","SBSdw3/08","D6"
"14727","BECv10","SBSdw3","SBSdw3/08","D5"
"14728","BECv10","SBSdw3","SBSdw3/08","C6"
"14729","BECv10","SBSdw3","SBSdw3/08","C5"
"14730","BECv10","SBSdw3","SBSdw3/09","E6"
"14731","BECv10","SBSdw3","SBSdw3/09","D6"
"14732","BECv10","SBSdw3","SBSdw3/09","C6"
"14733","BECv10","SBSdw3","SBSdw3/09","B6"
"14734","BECv10","SBSdw3","SBSdw3/10","D7"
"14735","BECv10","SBSdw3","SBSdw3/10","C7"
"14736","BECv10","SBSdw3","SBSdw3/10","B7"
"14737","BECv10","SBSdw3","SBSdw3/10","A7"
"14738","Add_2021","SBSdw3","SBSdw3/Ro","A0"
"14739","Add_2021","SBSdw3","SBSdw3/Ro","B0"
"14740","BECv10","SBSmc1","SBSmc1/01","D4"
"14741","BECv10","SBSmc1","SBSmc1/01","D3"
"14742","BECv10","SBSmc1","SBSmc1/01","D2"
"14743","BECv10","SBSmc1","SBSmc1/01","C4"
"14744","BECv10","SBSmc1","SBSmc1/01","C3"
"14745","BECv10","SBSmc1","SBSmc1/01","C2"
"14746","BECv10","SBSmc1","SBSmc1/01","B4"
"14747","BECv10","SBSmc1","SBSmc1/01","B3"
"14748","BECv10","SBSmc1","SBSmc1/01","B2"
"14749","BECv10","SBSmc1","SBSmc1/01a","D4"
"14750","BECv10","SBSmc1","SBSmc1/01a","D3"
"14751","BECv10","SBSmc1","SBSmc1/01a","C4"
"14752","BECv10","SBSmc1","SBSmc1/01a","C3"
"14753","BECv10","SBSmc1","SBSmc1/01a","B4"
"14754","BECv10","SBSmc1","SBSmc1/01a","B3"
"14755","BECv10","SBSmc1","SBSmc1/01b","D3"
"14756","BECv10","SBSmc1","SBSmc1/01b","D2"
"14757","BECv10","SBSmc1","SBSmc1/01b","C3"
"14758","BECv10","SBSmc1","SBSmc1/01b","C2"
"14759","BECv10","SBSmc1","SBSmc1/01b","B3"
"14760","BECv10","SBSmc1","SBSmc1/01b","B2"
"14761","BECv10","SBSmc1","SBSmc1/01c","D3"
"14762","BECv10","SBSmc1","SBSmc1/01c","D2"
"14763","BECv10","SBSmc1","SBSmc1/01c","C3"
"14764","BECv10","SBSmc1","SBSmc1/01c","C2"
"14765","BECv10","SBSmc1","SBSmc1/01c","B3"
"14766","BECv10","SBSmc1","SBSmc1/01c","B2"
"14767","BECv10","SBSmc1","SBSmc1/02","D2"
"14768","BECv10","SBSmc1","SBSmc1/02","D1"
"14769","BECv10","SBSmc1","SBSmc1/02","C2"
"14770","BECv10","SBSmc1","SBSmc1/02","C1"
"14771","BECv10","SBSmc1","SBSmc1/02","B2"
"14772","BECv10","SBSmc1","SBSmc1/02","B1"
"14773","BECv10","SBSmc1","SBSmc1/03","D2"
"14774","BECv10","SBSmc1","SBSmc1/03","D1"
"14775","BECv10","SBSmc1","SBSmc1/03","C2"
"14776","BECv10","SBSmc1","SBSmc1/03","C1"
"14777","BECv10","SBSmc1","SBSmc1/03","B2"
"14778","BECv10","SBSmc1","SBSmc1/03","B1"
"14779","BECv10","SBSmc1","SBSmc1/04","B5"
"14780","BECv10","SBSmc1","SBSmc1/04","B4"
"14781","BECv10","SBSmc1","SBSmc1/04","B3"
"14782","BECv10","SBSmc1","SBSmc1/04","A5"
"14783","BECv10","SBSmc1","SBSmc1/04","A4"
"14784","BECv10","SBSmc1","SBSmc1/04","A3"
"14785","BECv10","SBSmc1","SBSmc1/05","C5"
"14786","BECv10","SBSmc1","SBSmc1/05","B5"
"14787","BECv10","SBSmc1","SBSmc1/06","E5"
"14788","BECv10","SBSmc1","SBSmc1/06","D5"
"14789","BECv10","SBSmc1","SBSmc1/06","C5"
"14790","BECv10","SBSmc1","SBSmc1/07","E5"
"14791","BECv10","SBSmc1","SBSmc1/07","D5"
"14792","BECv10","SBSmc1","SBSmc1/07","C5"
"14793","BECv10","SBSmc1","SBSmc1/08","E7"
"14794","BECv10","SBSmc1","SBSmc1/08","E6"
"14795","BECv10","SBSmc1","SBSmc1/08","D7"
"14796","BECv10","SBSmc1","SBSmc1/08","D6"
"14797","BECv10","SBSmc1","SBSmc1/08","C7"
"14798","BECv10","SBSmc1","SBSmc1/08","C6"
"14799","BECv10","SBSmc1","SBSmc1/08","B7"
"14800","BECv10","SBSmc1","SBSmc1/08","B6"
"14801","Add_2021","SBSmc1","SBSmc1/Ro","A0"
"14802","Add_2021","SBSmc1","SBSmc1/Ro","B0"
"14803","BECv10","SBSmc2","SBSmc2/01","D4"
"14804","BECv10","SBSmc2","SBSmc2/01","D3"
"14805","BECv10","SBSmc2","SBSmc2/01","C4"
"14806","BECv10","SBSmc2","SBSmc2/01","C3"
"14807","BECv10","SBSmc2","SBSmc2/01","B4"
"14808","BECv10","SBSmc2","SBSmc2/01","B3"
"14809","BECv10","SBSmc2","SBSmc2/01a","D4"
"14810","BECv10","SBSmc2","SBSmc2/01a","C4"
"14811","BECv10","SBSmc2","SBSmc2/01b","C4"
"14812","BECv10","SBSmc2","SBSmc2/01b","B4"
"14813","BECv10","SBSmc2","SBSmc2/01c","D3"
"14814","BECv10","SBSmc2","SBSmc2/01c","C3"
"14815","BECv10","SBSmc2","SBSmc2/01c","B3"
"14816","BECv10","SBSmc2","SBSmc2/02","D2"
"14817","BECv10","SBSmc2","SBSmc2/02","D1"
"14818","BECv10","SBSmc2","SBSmc2/02","C2"
"14819","BECv10","SBSmc2","SBSmc2/02","C1"
"14820","BECv10","SBSmc2","SBSmc2/02","B2"
"14821","BECv10","SBSmc2","SBSmc2/02","B1"
"14822","BECv10","SBSmc2","SBSmc2/02","A2"
"14823","BECv10","SBSmc2","SBSmc2/02","A1"
"14824","BECv10","SBSmc2","SBSmc2/02","A3"
"14825","BECv10","SBSmc2","SBSmc2/02","B3"
"14826","BECv10","SBSmc2","SBSmc2/02a","D2"
"14827","BECv10","SBSmc2","SBSmc2/02a","D1"
"14828","BECv10","SBSmc2","SBSmc2/02a","C2"
"14829","BECv10","SBSmc2","SBSmc2/02a","C1"
"14830","BECv10","SBSmc2","SBSmc2/02a","B2"
"14831","BECv10","SBSmc2","SBSmc2/02a","B1"
"14832","BECv10","SBSmc2","SBSmc2/02a","A2"
"14833","BECv10","SBSmc2","SBSmc2/02a","A1"
"14834","BECv10","SBSmc2","SBSmc2/02a","A3"
"14835","BECv10","SBSmc2","SBSmc2/02a","B3"
"14836","BECv10","SBSmc2","SBSmc2/02b","D2"
"14837","BECv10","SBSmc2","SBSmc2/02b","D1"
"14838","BECv10","SBSmc2","SBSmc2/02b","C2"
"14839","BECv10","SBSmc2","SBSmc2/02b","C1"
"14840","BECv10","SBSmc2","SBSmc2/02b","B2"
"14841","BECv10","SBSmc2","SBSmc2/02b","B1"
"14842","BECv10","SBSmc2","SBSmc2/02b","A2"
"14843","BECv10","SBSmc2","SBSmc2/02b","A1"
"14844","BECv10","SBSmc2","SBSmc2/03","B5"
"14845","BECv10","SBSmc2","SBSmc2/03","B4"
"14846","BECv10","SBSmc2","SBSmc2/03","B3"
"14847","BECv10","SBSmc2","SBSmc2/03","A5"
"14848","BECv10","SBSmc2","SBSmc2/03","A4"
"14849","BECv10","SBSmc2","SBSmc2/03","A3"
"14850","BECv10","SBSmc2","SBSmc2/04","D5"
"14851","BECv10","SBSmc2","SBSmc2/04","D4"
"14852","BECv10","SBSmc2","SBSmc2/04","C5"
"14853","BECv10","SBSmc2","SBSmc2/05","D5"
"14854","BECv10","SBSmc2","SBSmc2/05","D4"
"14855","BECv10","SBSmc2","SBSmc2/05","C5"
"14856","BECv10","SBSmc2","SBSmc2/06","E4"
"14857","BECv10","SBSmc2","SBSmc2/06","D5"
"14858","BECv10","SBSmc2","SBSmc2/06","D4"
"14859","BECv10","SBSmc2","SBSmc2/06","C5"
"14860","BECv10","SBSmc2","SBSmc2/07","B6"
"14861","BECv10","SBSmc2","SBSmc2/07","B5"
"14862","BECv10","SBSmc2","SBSmc2/07","A6"
"14863","BECv10","SBSmc2","SBSmc2/07","A5"
"14864","BECv10","SBSmc2","SBSmc2/08","D5"
"14865","BECv10","SBSmc2","SBSmc2/08","C6"
"14866","BECv10","SBSmc2","SBSmc2/08","C5"
"14867","BECv10","SBSmc2","SBSmc2/08","B6"
"14868","BECv10","SBSmc2","SBSmc2/08","B5"
"14869","BECv10","SBSmc2","SBSmc2/09","E6"
"14870","BECv10","SBSmc2","SBSmc2/09","E5"
"14871","BECv10","SBSmc2","SBSmc2/09","D6"
"14872","BECv10","SBSmc2","SBSmc2/09","D5"
"14873","BECv10","SBSmc2","SBSmc2/09a","E5"
"14874","BECv10","SBSmc2","SBSmc2/09a","D5"
"14875","BECv10","SBSmc2","SBSmc2/09b","E6"
"14876","BECv10","SBSmc2","SBSmc2/09b","E5"
"14877","BECv10","SBSmc2","SBSmc2/09b","D6"
"14878","BECv10","SBSmc2","SBSmc2/09b","D5"
"14879","BECv10","SBSmc2","SBSmc2/10","E7"
"14880","BECv10","SBSmc2","SBSmc2/10","E6"
"14881","BECv10","SBSmc2","SBSmc2/10","D7"
"14882","BECv10","SBSmc2","SBSmc2/10","D6"
"14883","BECv10","SBSmc2","SBSmc2/10","C7"
"14884","BECv10","SBSmc2","SBSmc2/10","C6"
"14885","BECv10","SBSmc2","SBSmc2/10","B7"
"14886","BECv10","SBSmc2","SBSmc2/10","B6"
"14887","BECv10","SBSmc2","SBSmc2/10a","E6"
"14888","BECv10","SBSmc2","SBSmc2/10a","D6"
"14889","BECv10","SBSmc2","SBSmc2/10b","E7"
"14890","BECv10","SBSmc2","SBSmc2/10b","E6"
"14891","BECv10","SBSmc2","SBSmc2/10b","D7"
"14892","BECv10","SBSmc2","SBSmc2/10b","D6"
"14893","BECv10","SBSmc2","SBSmc2/10b","C7"
"14894","BECv10","SBSmc2","SBSmc2/10b","C6"
"14895","BECv10","SBSmc2","SBSmc2/10b","B7"
"14896","BECv10","SBSmc2","SBSmc2/10b","B6"
"14897","BECv10","SBSmc2","SBSmc2/11","E7"
"14898","BECv10","SBSmc2","SBSmc2/11","E6"
"14899","BECv10","SBSmc2","SBSmc2/11","D7"
"14900","BECv10","SBSmc2","SBSmc2/11","D6"
"14901","BECv10","SBSmc2","SBSmc2/11","C7"
"14902","BECv10","SBSmc2","SBSmc2/11","C6"
"14903","BECv10","SBSmc2","SBSmc2/11","B7"
"14904","BECv10","SBSmc2","SBSmc2/11","B6"
"14905","BECv10","SBSmc2","SBSmc2/12","E7"
"14906","BECv10","SBSmc2","SBSmc2/12","D7"
"14907","BECv10","SBSmc2","SBSmc2/12","C7"
"14908","BECv10","SBSmc2","SBSmc2/12","B7"
"14909","Add_2021","SBSmc2","SBSmc2/Ro","A0"
"14910","Add_2021","SBSmc2","SBSmc2/Ro","B0"
"14911","BECv10","SBSmc3","SBSmc3/01","D4"
"14912","BECv10","SBSmc3","SBSmc3/01","C4"
"14913","BECv10","SBSmc3","SBSmc3/01","B4"
"14914","BECv10","SBSmc3","SBSmc3/02","B1"
"14915","BECv10","SBSmc3","SBSmc3/02","A1"
"14916","BECv10","SBSmc3","SBSmc3/03","B2"
"14917","BECv10","SBSmc3","SBSmc3/03","A2"
"14918","BECv10","SBSmc3","SBSmc3/04","C3"
"14919","BECv10","SBSmc3","SBSmc3/04","B3"
"14920","BECv10","SBSmc3","SBSmc3/05","B4"
"14921","BECv10","SBSmc3","SBSmc3/05","B3"
"14922","BECv10","SBSmc3","SBSmc3/05","A4"
"14923","BECv10","SBSmc3","SBSmc3/05","A3"
"14924","BECv10","SBSmc3","SBSmc3/06","B5"
"14925","BECv10","SBSmc3","SBSmc3/06","A5"
"14926","BECv10","SBSmc3","SBSmc3/07","D5"
"14927","BECv10","SBSmc3","SBSmc3/07","C5"
"14928","BECv10","SBSmc3","SBSmc3/08","D6"
"14929","BECv10","SBSmc3","SBSmc3/08","C6"
"14930","BECv10","SBSmc3","SBSmc3/09","C7"
"14931","BECv10","SBSmc3","SBSmc3/09","B7"
"14932","Add_2021","SBSmc3","SBSmc3/Ro","A0"
"14933","Add_2021","SBSmc3","SBSmc3/Ro","B0"
"14934","BECv10","SBSmh","SBSmh/01","D5"
"14935","BECv10","SBSmh","SBSmh/01","D4"
"14936","BECv10","SBSmh","SBSmh/01","C5"
"14937","BECv10","SBSmh","SBSmh/01","C4"
"14938","BECv10","SBSmh","SBSmh/01","B5"
"14939","BECv10","SBSmh","SBSmh/01","B4"
"14940","BECv10","SBSmh","SBSmh/02","C1"
"14941","BECv10","SBSmh","SBSmh/02","B1"
"14942","BECv10","SBSmh","SBSmh/02","A1"
"14943","BECv10","SBSmh","SBSmh/03","B2"
"14944","BECv10","SBSmh","SBSmh/03","A2"
"14945","BECv10","SBSmh","SBSmh/04","D3"
"14946","BECv10","SBSmh","SBSmh/04","D2"
"14947","BECv10","SBSmh","SBSmh/04","C3"
"14948","BECv10","SBSmh","SBSmh/04","C2"
"14949","BECv10","SBSmh","SBSmh/04","B3"
"14950","BECv10","SBSmh","SBSmh/05","D3"
"14951","BECv10","SBSmh","SBSmh/05","C4"
"14952","BECv10","SBSmh","SBSmh/05","C3"
"14953","BECv10","SBSmh","SBSmh/05","B4"
"14954","BECv10","SBSmh","SBSmh/05","B3"
"14955","BECv10","SBSmh","SBSmh/06","D5"
"14956","BECv10","SBSmh","SBSmh/06","D4"
"14957","BECv10","SBSmh","SBSmh/06","C5"
"14958","BECv10","SBSmh","SBSmh/06","B5"
"14959","BECv10","SBSmh","SBSmh/07","E5"
"14960","BECv10","SBSmh","SBSmh/07","D6"
"14961","BECv10","SBSmh","SBSmh/07","D5"
"14962","BECv10","SBSmh","SBSmh/08","E5"
"14963","BECv10","SBSmh","SBSmh/08","D6"
"14964","BECv10","SBSmh","SBSmh/08","D5"
"14965","BECv10","SBSmh","SBSmh/09","D6"
"14966","BECv10","SBSmh","SBSmh/09","C6"
"14967","BECv10","SBSmh","SBSmh/09","B6"
"14968","Add_2021","SBSmh","SBSmh/Ro","A0"
"14969","Add_2021","SBSmh","SBSmh/Ro","B0"
"14970","BECv10","SBSmk1","SBSmk1/01","D5"
"14971","BECv10","SBSmk1","SBSmk1/01","D4"
"14972","BECv10","SBSmk1","SBSmk1/01","C5"
"14973","BECv10","SBSmk1","SBSmk1/01","C4"
"14974","BECv10","SBSmk1","SBSmk1/01","B5"
"14975","BECv10","SBSmk1","SBSmk1/01","B4"
"14976","BECv10","SBSmk1","SBSmk1/02","C1"
"14977","BECv10","SBSmk1","SBSmk1/02","B1"
"14978","BECv10","SBSmk1","SBSmk1/02","A1"
"14979","BECv10","SBSmk1","SBSmk1/03","B2"
"14980","BECv10","SBSmk1","SBSmk1/03","A2"
"14981","BECv10","SBSmk1","SBSmk1/04","C3"
"14982","BECv10","SBSmk1","SBSmk1/04","C2"
"14983","BECv10","SBSmk1","SBSmk1/04","B3"
"14984","BECv10","SBSmk1","SBSmk1/04","B2"
"14985","BECv10","SBSmk1","SBSmk1/05","C4"
"14986","BECv10","SBSmk1","SBSmk1/05","C3"
"14987","BECv10","SBSmk1","SBSmk1/05","B4"
"14988","BECv10","SBSmk1","SBSmk1/05","B3"
"14989","BECv10","SBSmk1","SBSmk1/06","B6"
"14990","BECv10","SBSmk1","SBSmk1/06","B5"
"14991","BECv10","SBSmk1","SBSmk1/06","B4"
"14992","BECv10","SBSmk1","SBSmk1/06","B3"
"14993","BECv10","SBSmk1","SBSmk1/06","A6"
"14994","BECv10","SBSmk1","SBSmk1/06","A5"
"14995","BECv10","SBSmk1","SBSmk1/06","A4"
"14996","BECv10","SBSmk1","SBSmk1/06","A3"
"14997","BECv10","SBSmk1","SBSmk1/07","D5"
"14998","BECv10","SBSmk1","SBSmk1/07","C5"
"14999","BECv10","SBSmk1","SBSmk1/07","B5"
"15000","BECv10","SBSmk1","SBSmk1/08","E6"
"15001","BECv10","SBSmk1","SBSmk1/08","E5"
"15002","BECv10","SBSmk1","SBSmk1/08","D6"
"15003","BECv10","SBSmk1","SBSmk1/08","D5"
"15004","BECv10","SBSmk1","SBSmk1/08","C6"
"15005","BECv10","SBSmk1","SBSmk1/08","C5"
"15006","BECv10","SBSmk1","SBSmk1/09","D7"
"15007","BECv10","SBSmk1","SBSmk1/09","D6"
"15008","BECv10","SBSmk1","SBSmk1/09","C7"
"15009","BECv10","SBSmk1","SBSmk1/09","C6"
"15010","BECv10","SBSmk1","SBSmk1/09a","D6"
"15011","BECv10","SBSmk1","SBSmk1/09a","C6"
"15012","BECv10","SBSmk1","SBSmk1/09b","D7"
"15013","BECv10","SBSmk1","SBSmk1/09b","C7"
"15014","BECv10","SBSmk1","SBSmk1/10","D7"
"15015","BECv10","SBSmk1","SBSmk1/10","C7"
"15016","BECv10","SBSmk1","SBSmk1/10","B7"
"15017","Add_2021","SBSmk1","SBSmk1/Ro","A0"
"15018","Add_2021","SBSmk1","SBSmk1/Ro","B0"
"15019","BECv10","SBSmk2","SBSmk2/01","D4"
"15020","BECv10","SBSmk2","SBSmk2/01","C5"
"15021","BECv10","SBSmk2","SBSmk2/01","C4"
"15022","BECv10","SBSmk2","SBSmk2/01","B4"
"15023","BECv10","SBSmk2","SBSmk2/02","B2"
"15024","BECv10","SBSmk2","SBSmk2/02","B1"
"15025","BECv10","SBSmk2","SBSmk2/02","A2"
"15026","BECv10","SBSmk2","SBSmk2/02","A1"
"15027","BECv10","SBSmk2","SBSmk2/03","C4"
"15028","BECv10","SBSmk2","SBSmk2/03","C3"
"15029","BECv10","SBSmk2","SBSmk2/03","B4"
"15030","BECv10","SBSmk2","SBSmk2/03","B3"
"15031","BECv10","SBSmk2","SBSmk2/04","B5"
"15032","BECv10","SBSmk2","SBSmk2/04","B4"
"15033","BECv10","SBSmk2","SBSmk2/04","B3"
"15034","BECv10","SBSmk2","SBSmk2/04","A5"
"15035","BECv10","SBSmk2","SBSmk2/04","A4"
"15036","BECv10","SBSmk2","SBSmk2/04","A3"
"15037","BECv10","SBSmk2","SBSmk2/05","E5"
"15038","BECv10","SBSmk2","SBSmk2/05","D5"
"15039","BECv10","SBSmk2","SBSmk2/05","C5"
"15040","BECv10","SBSmk2","SBSmk2/06","D6"
"15041","BECv10","SBSmk2","SBSmk2/06","C6"
"15042","Add_2021","SBSmk2","SBSmk2/Ro","A0"
"15043","Add_2021","SBSmk2","SBSmk2/Ro","B0"
"15044","BECv10","SBSmm","SBSmm/01","E5"
"15045","BECv10","SBSmm","SBSmm/01","E4"
"15046","BECv10","SBSmm","SBSmm/01","E3"
"15047","BECv10","SBSmm","SBSmm/01","D5"
"15048","BECv10","SBSmm","SBSmm/01","D4"
"15049","BECv10","SBSmm","SBSmm/01","D3"
"15050","BECv10","SBSmm","SBSmm/01","C5"
"15051","BECv10","SBSmm","SBSmm/01","C4"
"15052","BECv10","SBSmm","SBSmm/01","C3"
"15053","BECv10","SBSmm","SBSmm/01","B5"
"15054","BECv10","SBSmm","SBSmm/01","B4"
"15055","BECv10","SBSmm","SBSmm/01","B3"
"15056","BECv10","SBSmm","SBSmm/01","A5"
"15057","BECv10","SBSmm","SBSmm/01","A4"
"15058","BECv10","SBSmm","SBSmm/01","A3"
"15059","BECv10","SBSmm","SBSmm/02","C1"
"15060","BECv10","SBSmm","SBSmm/02","B2"
"15061","BECv10","SBSmm","SBSmm/02","B1"
"15062","BECv10","SBSmm","SBSmm/02","A2"
"15063","BECv10","SBSmm","SBSmm/02","A1"
"15064","BECv10","SBSmm","SBSmm/03","C2"
"15065","BECv10","SBSmm","SBSmm/03","C1"
"15066","BECv10","SBSmm","SBSmm/03","B2"
"15067","BECv10","SBSmm","SBSmm/03","B1"
"15068","BECv10","SBSmm","SBSmm/03","A2"
"15069","BECv10","SBSmm","SBSmm/04","D3"
"15070","BECv10","SBSmm","SBSmm/04","D2"
"15071","BECv10","SBSmm","SBSmm/04","C3"
"15072","BECv10","SBSmm","SBSmm/04","C2"
"15073","BECv10","SBSmm","SBSmm/04","B3"
"15074","BECv10","SBSmm","SBSmm/04","B2"
"15075","BECv10","SBSmm","SBSmm/05","C3"
"15076","BECv10","SBSmm","SBSmm/05","C2"
"15077","BECv10","SBSmm","SBSmm/05","B3"
"15078","BECv10","SBSmm","SBSmm/05","B2"
"15079","BECv10","SBSmm","SBSmm/05","A3"
"15080","BECv10","SBSmm","SBSmm/05","A2"
"15081","BECv10","SBSmm","SBSmm/06","D4"
"15082","BECv10","SBSmm","SBSmm/06","D3"
"15083","BECv10","SBSmm","SBSmm/06","C4"
"15084","BECv10","SBSmm","SBSmm/06","C3"
"15085","BECv10","SBSmm","SBSmm/06","B4"
"15086","BECv10","SBSmm","SBSmm/06","B3"
"15087","BECv10","SBSmm","SBSmm/06","A4"
"15088","BECv10","SBSmm","SBSmm/06","A3"
"15089","BECv10","SBSmm","SBSmm/07","E5"
"15090","BECv10","SBSmm","SBSmm/07","E4"
"15091","BECv10","SBSmm","SBSmm/07","D5"
"15092","BECv10","SBSmm","SBSmm/07","D4"
"15093","BECv10","SBSmm","SBSmm/07","C5"
"15094","BECv10","SBSmm","SBSmm/07","C4"
"15095","BECv10","SBSmm","SBSmm/07","B5"
"15096","BECv10","SBSmm","SBSmm/07","B4"
"15097","BECv10","SBSmm","SBSmm/08","E6"
"15098","BECv10","SBSmm","SBSmm/08","E5"
"15099","BECv10","SBSmm","SBSmm/08","D6"
"15100","BECv10","SBSmm","SBSmm/08","D5"
"15101","BECv10","SBSmm","SBSmm/08","C6"
"15102","BECv10","SBSmm","SBSmm/08","C5"
"15103","BECv10","SBSmm","SBSmm/08","B6"
"15104","BECv10","SBSmm","SBSmm/08","B5"
"15105","BECv10","SBSmm","SBSmm/09","D7"
"15106","BECv10","SBSmm","SBSmm/09","D6"
"15107","BECv10","SBSmm","SBSmm/09","C7"
"15108","BECv10","SBSmm","SBSmm/09","C6"
"15109","BECv10","SBSmm","SBSmm/09","B7"
"15110","BECv10","SBSmm","SBSmm/09","B6"
"15111","BECv10","SBSmm","SBSmm/09","A7"
"15112","BECv10","SBSmm","SBSmm/09","A6"
"15113","Add_2021","SBSmm","SBSmm/Ro","A0"
"15114","Add_2021","SBSmm","SBSmm/Ro","B0"
"15115","BECv10","SBSmw","SBSmw/01","D4"
"15116","BECv10","SBSmw","SBSmw/01","D3"
"15117","BECv10","SBSmw","SBSmw/01","C4"
"15118","BECv10","SBSmw","SBSmw/01","C3"
"15119","BECv10","SBSmw","SBSmw/01","B4"
"15120","BECv10","SBSmw","SBSmw/01","B3"
"15121","BECv10","SBSmw","SBSmw/01","C5"
"15122","BECv10","SBSmw","SBSmw/01","D5"
"15123","BECv10","SBSmw","SBSmw/02","D1"
"15124","BECv10","SBSmw","SBSmw/02","C1"
"15125","BECv10","SBSmw","SBSmw/02","B1"
"15126","BECv10","SBSmw","SBSmw/02","A1"
"15127","BECv10","SBSmw","SBSmw/02","D0"
"15128","BECv10","SBSmw","SBSmw/02","C0"
"15129","BECv10","SBSmw","SBSmw/02","B0"
"15130","BECv10","SBSmw","SBSmw/02","A0"
"15131","BECv10","SBSmw","SBSmw/03","B3"
"15132","BECv10","SBSmw","SBSmw/03","B2"
"15133","BECv10","SBSmw","SBSmw/03","B1"
"15134","BECv10","SBSmw","SBSmw/03","A3"
"15135","BECv10","SBSmw","SBSmw/03","A2"
"15136","BECv10","SBSmw","SBSmw/03","A1"
"15137","BECv10","SBSmw","SBSmw/04","D3"
"15138","BECv10","SBSmw","SBSmw/04","D2"
"15139","BECv10","SBSmw","SBSmw/04","D1"
"15140","BECv10","SBSmw","SBSmw/04","C3"
"15141","BECv10","SBSmw","SBSmw/04","C2"
"15142","BECv10","SBSmw","SBSmw/04","C1"
"15143","BECv10","SBSmw","SBSmw/05","B5"
"15144","BECv10","SBSmw","SBSmw/06","D5"
"15145","BECv10","SBSmw","SBSmw/06","C5"
"15146","BECv10","SBSmw","SBSmw/07","D5"
"15147","BECv10","SBSmw","SBSmw/07","C5"
"15148","BECv10","SBSmw","SBSmw/08","E6"
"15149","BECv10","SBSmw","SBSmw/08","E5"
"15150","BECv10","SBSmw","SBSmw/08","D6"
"15151","BECv10","SBSmw","SBSmw/08","D5"
"15152","BECv10","SBSmw","SBSmw/09","D6"
"15153","BECv10","SBSmw","SBSmw/09","C6"
"15154","BECv10","SBSmw","SBSmw/09","B6"
"15155","BECv10","SBSmw","SBSmw/10","C7"
"15156","BECv10","SBSmw","SBSmw/10","B7"
"15157","BECv10","SBSmw","SBSmw/10","A7"
"15158","BECv10","SBSmw","SBSmw/11","D4"
"15159","BECv10","SBSmw","SBSmw/11","D3"
"15160","BECv10","SBSmw","SBSmw/11","C4"
"15161","BECv10","SBSmw","SBSmw/11","C3"
"15162","BECv10","SBSmw","SBSmw/11","B4"
"15163","BECv10","SBSmw","SBSmw/11","B3"
"15164","BECv10","SBSmw","SBSmw/11","C5"
"15165","BECv10","SBSmw","SBSmw/11","D5"
"15166","BECv10","SBSmw","SBSmw/12","C6"
"15167","BECv10","SBSmw","SBSmw/12","D6"
"15168","BECv10","SBSmw","SBSmw/13","D6"
"15169","BECv10","SBSmw","SBSmw/13","D7"
"15170","Add_2021","SBSmw","SBSmw/Ro","A0"
"15171","Add_2021","SBSmw","SBSmw/Ro","B0"
"15172","BECv10","SBSun","SBSun/h","E7"
"15173","BECv10","SBSun","SBSun/h","E6"
"15174","BECv10","SBSun","SBSun/h","E5"
"15175","BECv10","SBSun","SBSun/h","D7"
"15176","BECv10","SBSun","SBSun/h","D6"
"15177","BECv10","SBSun","SBSun/h","D5"
"15178","BECv10","SBSun","SBSun/h","C7"
"15179","BECv10","SBSun","SBSun/h","C6"
"15180","BECv10","SBSun","SBSun/h","C5"
"15181","BECv10","SBSun","SBSun/h","B7"
"15182","BECv10","SBSun","SBSun/h","B6"
"15183","BECv10","SBSun","SBSun/h","B5"
"15184","BECv10","SBSun","SBSun/h","A7"
"15185","BECv10","SBSun","SBSun/h","A6"
"15186","BECv10","SBSun","SBSun/h","A5"
"15187","BECv10","SBSun","SBSun/m","E4"
"15188","BECv10","SBSun","SBSun/m","E3"
"15189","BECv10","SBSun","SBSun/m","D4"
"15190","BECv10","SBSun","SBSun/m","D3"
"15191","BECv10","SBSun","SBSun/m","C4"
"15192","BECv10","SBSun","SBSun/m","C3"
"15193","BECv10","SBSun","SBSun/m","B4"
"15194","BECv10","SBSun","SBSun/m","B3"
"15195","BECv10","SBSun","SBSun/m","A4"
"15196","BECv10","SBSun","SBSun/m","A3"
"15197","BECv10","SBSun","SBSun/x","E2"
"15198","BECv10","SBSun","SBSun/x","E1"
"15199","BECv10","SBSun","SBSun/x","E0"
"15200","BECv10","SBSun","SBSun/x","D2"
"15201","BECv10","SBSun","SBSun/x","D1"
"15202","BECv10","SBSun","SBSun/x","D0"
"15203","BECv10","SBSun","SBSun/x","C2"
"15204","BECv10","SBSun","SBSun/x","C1"
"15205","BECv10","SBSun","SBSun/x","C0"
"15206","BECv10","SBSun","SBSun/x","B2"
"15207","BECv10","SBSun","SBSun/x","B1"
"15208","BECv10","SBSun","SBSun/x","B0"
"15209","BECv10","SBSun","SBSun/x","A2"
"15210","BECv10","SBSun","SBSun/x","A1"
"15211","BECv10","SBSun","SBSun/x","A0"
"15212","BECv10","SBSvk","SBSvk/01","D5"
"15213","BECv10","SBSvk","SBSvk/01","D4"
"15214","BECv10","SBSvk","SBSvk/01","C5"
"15215","BECv10","SBSvk","SBSvk/01","C4"
"15216","BECv10","SBSvk","SBSvk/01","C3"
"15217","BECv10","SBSvk","SBSvk/01","B5"
"15218","BECv10","SBSvk","SBSvk/01","B4"
"15219","BECv10","SBSvk","SBSvk/01","B3"
"15220","BECv10","SBSvk","SBSvk/02","B2"
"15221","BECv10","SBSvk","SBSvk/02","B1"
"15222","BECv10","SBSvk","SBSvk/02","A2"
"15223","BECv10","SBSvk","SBSvk/02","A1"
"15224","BECv10","SBSvk","SBSvk/03","C3"
"15225","BECv10","SBSvk","SBSvk/03","B3"
"15226","BECv10","SBSvk","SBSvk/03","B2"
"15227","BECv10","SBSvk","SBSvk/04","D3"
"15228","BECv10","SBSvk","SBSvk/04","C3"
"15229","BECv10","SBSvk","SBSvk/04","B3"
"15230","BECv10","SBSvk","SBSvk/05","D5"
"15231","BECv10","SBSvk","SBSvk/05","D4"
"15232","BECv10","SBSvk","SBSvk/05","C5"
"15233","BECv10","SBSvk","SBSvk/05","C4"
"15234","BECv10","SBSvk","SBSvk/06","D5"
"15235","BECv10","SBSvk","SBSvk/06","C6"
"15236","BECv10","SBSvk","SBSvk/06","C5"
"15237","BECv10","SBSvk","SBSvk/07","E6"
"15238","BECv10","SBSvk","SBSvk/07","D6"
"15239","BECv10","SBSvk","SBSvk/07","C6"
"15240","BECv10","SBSvk","SBSvk/08","B7"
"15241","BECv10","SBSvk","SBSvk/08","A7"
"15242","BECv10","SBSvk","SBSvk/09","B1"
"15243","BECv10","SBSvk","SBSvk/09","A1"
"15244","BECv10","SBSvk","SBSvk/10","E7"
"15245","BECv10","SBSvk","SBSvk/10","E6"
"15246","BECv10","SBSvk","SBSvk/10","D7"
"15247","BECv10","SBSvk","SBSvk/10","D6"
"15248","Add_2021","SBSvk","SBSvk/Ro","A0"
"15249","Add_2021","SBSvk","SBSvk/Ro","B0"
"15250","BECv10","SBSwk1","SBSwk1/01","D4"
"15251","BECv10","SBSwk1","SBSwk1/01","C5"
"15252","BECv10","SBSwk1","SBSwk1/01","C4"
"15253","BECv10","SBSwk1","SBSwk1/01","B5"
"15254","BECv10","SBSwk1","SBSwk1/01","B4"
"15255","BECv10","SBSwk1","SBSwk1/02","D1"
"15256","BECv10","SBSwk1","SBSwk1/02","C1"
"15257","BECv10","SBSwk1","SBSwk1/02","B1"
"15258","BECv10","SBSwk1","SBSwk1/02","A1"
"15259","BECv10","SBSwk1","SBSwk1/03","C2"
"15260","BECv10","SBSwk1","SBSwk1/03","C1"
"15261","BECv10","SBSwk1","SBSwk1/03","B3"
"15262","BECv10","SBSwk1","SBSwk1/03","B2"
"15263","BECv10","SBSwk1","SBSwk1/03","B1"
"15264","BECv10","SBSwk1","SBSwk1/03","A3"
"15265","BECv10","SBSwk1","SBSwk1/03","A2"
"15266","BECv10","SBSwk1","SBSwk1/04","D3"
"15267","BECv10","SBSwk1","SBSwk1/04","D2"
"15268","BECv10","SBSwk1","SBSwk1/04","C3"
"15269","BECv10","SBSwk1","SBSwk1/04","C2"
"15270","BECv10","SBSwk1","SBSwk1/04","B3"
"15271","BECv10","SBSwk1","SBSwk1/04","B2"
"15272","BECv10","SBSwk1","SBSwk1/05","D3"
"15273","BECv10","SBSwk1","SBSwk1/05","C4"
"15274","BECv10","SBSwk1","SBSwk1/05","C3"
"15275","BECv10","SBSwk1","SBSwk1/05","B4"
"15276","BECv10","SBSwk1","SBSwk1/05","B3"
"15277","BECv10","SBSwk1","SBSwk1/06","C5"
"15278","BECv10","SBSwk1","SBSwk1/06","B5"
"15279","BECv10","SBSwk1","SBSwk1/07","D5"
"15280","BECv10","SBSwk1","SBSwk1/07","C5"
"15281","BECv10","SBSwk1","SBSwk1/07","B5"
"15282","BECv10","SBSwk1","SBSwk1/08","E5"
"15283","BECv10","SBSwk1","SBSwk1/08","D5"
"15284","BECv10","SBSwk1","SBSwk1/09","D6"
"15285","BECv10","SBSwk1","SBSwk1/09","C6"
"15286","BECv10","SBSwk1","SBSwk1/09","B6"
"15287","BECv10","SBSwk1","SBSwk1/10","E6"
"15288","BECv10","SBSwk1","SBSwk1/10","D6"
"15289","BECv10","SBSwk1","SBSwk1/11","D7"
"15290","BECv10","SBSwk1","SBSwk1/11","C7"
"15291","BECv10","SBSwk1","SBSwk1/11","C6"
"15292","BECv10","SBSwk1","SBSwk1/11","B7"
"15293","BECv10","SBSwk1","SBSwk1/11","B6"
"15294","BECv10","SBSwk1","SBSwk1/12","B5"
"15295","BECv10","SBSwk1","SBSwk1/12","B4"
"15296","BECv10","SBSwk1","SBSwk1/12","B3"
"15297","BECv10","SBSwk1","SBSwk1/12","A5"
"15298","BECv10","SBSwk1","SBSwk1/12","A4"
"15299","BECv10","SBSwk1","SBSwk1/12","A3"
"15300","Add_2021","SBSwk1","SBSwk1/Ro","A0"
"15301","Add_2021","SBSwk1","SBSwk1/Ro","B0"
"15302","BECv10","SBSwk2","SBSwk2/01","D3"
"15303","BECv10","SBSwk2","SBSwk2/01","C4"
"15304","BECv10","SBSwk2","SBSwk2/02","B2"
"15305","BECv10","SBSwk2","SBSwk2/02","B1"
"15306","BECv10","SBSwk2","SBSwk2/02","A2"
"15307","BECv10","SBSwk2","SBSwk2/02","A1"
"15308","BECv10","SBSwk2","SBSwk2/03","C3"
"15309","BECv10","SBSwk2","SBSwk2/03","B3"
"15310","BECv10","SBSwk2","SBSwk2/04","B5"
"15311","BECv10","SBSwk2","SBSwk2/04","B4"
"15312","BECv10","SBSwk2","SBSwk2/04","B3"
"15313","BECv10","SBSwk2","SBSwk2/04","A5"
"15314","BECv10","SBSwk2","SBSwk2/04","A4"
"15315","BECv10","SBSwk2","SBSwk2/04","A3"
"15316","BECv10","SBSwk2","SBSwk2/05","D5"
"15317","BECv10","SBSwk2","SBSwk2/05","C5"
"15318","BECv10","SBSwk2","SBSwk2/06","D6"
"15319","BECv10","SBSwk2","SBSwk2/06","C6"
"15320","Add_2021","SBSwk2","SBSwk2/Ro","A0"
"15321","Add_2021","SBSwk2","SBSwk2/Ro","B0"
"15322","BECv10","SBSwk3","SBSwk3/01","D4"
"15323","BECv10","SBSwk3","SBSwk3/01","C4"
"15324","BECv10","SBSwk3","SBSwk3/01","B4"
"15325","BECv10","SBSwk3","SBSwk3/02","B2"
"15326","BECv10","SBSwk3","SBSwk3/02","B1"
"15327","BECv10","SBSwk3","SBSwk3/02","A2"
"15328","BECv10","SBSwk3","SBSwk3/02","A1"
"15329","BECv10","SBSwk3","SBSwk3/03","C2"
"15330","BECv10","SBSwk3","SBSwk3/03","B2"
"15331","BECv10","SBSwk3","SBSwk3/04","D3"
"15332","BECv10","SBSwk3","SBSwk3/04","C3"
"15333","BECv10","SBSwk3","SBSwk3/05","B5"
"15334","BECv10","SBSwk3","SBSwk3/05","B4"
"15335","BECv10","SBSwk3","SBSwk3/05","B3"
"15336","BECv10","SBSwk3","SBSwk3/05","A5"
"15337","BECv10","SBSwk3","SBSwk3/05","A4"
"15338","BECv10","SBSwk3","SBSwk3/05","A3"
"15339","BECv10","SBSwk3","SBSwk3/06","D5"
"15340","BECv10","SBSwk3","SBSwk3/06","D4"
"15341","BECv10","SBSwk3","SBSwk3/06","C5"
"15342","BECv10","SBSwk3","SBSwk3/06","C4"
"15343","BECv10","SBSwk3","SBSwk3/07","D5"
"15344","BECv10","SBSwk3","SBSwk3/07","C5"
"15345","BECv10","SBSwk3","SBSwk3/08","D6"
"15346","BECv10","SBSwk3","SBSwk3/08","C6"
"15347","Add_2021","SBSwk3","SBSwk3/Ro","A0"
"15348","Add_2021","SBSwk3","SBSwk3/Ro","B0"
"15349","BECv10","SBSwk3a","SBSwk3a/01","C4"
"15350","BECv10","SBSwk3a","SBSwk3a/01","B4"
"15351","BECv10","SBSwk3a","SBSwk3a/02","B2"
"15352","BECv10","SBSwk3a","SBSwk3a/02","B1"
"15353","BECv10","SBSwk3a","SBSwk3a/02","A2"
"15354","BECv10","SBSwk3a","SBSwk3a/02","A1"
"15355","BECv10","SBSwk3a","SBSwk3a/03","C2"
"15356","BECv10","SBSwk3a","SBSwk3a/03","B2"
"15357","BECv10","SBSwk3a","SBSwk3a/04","C3"
"15358","BECv10","SBSwk3a","SBSwk3a/04","B3"
"15359","BECv10","SBSwk3a","SBSwk3a/05","B5"
"15360","BECv10","SBSwk3a","SBSwk3a/05","B4"
"15361","BECv10","SBSwk3a","SBSwk3a/05","B3"
"15362","BECv10","SBSwk3a","SBSwk3a/05","A5"
"15363","BECv10","SBSwk3a","SBSwk3a/05","A4"
"15364","BECv10","SBSwk3a","SBSwk3a/05","A3"
"15365","BECv10","SBSwk3a","SBSwk3a/06","D5"
"15366","BECv10","SBSwk3a","SBSwk3a/06","D4"
"15367","BECv10","SBSwk3a","SBSwk3a/06","C5"
"15368","BECv10","SBSwk3a","SBSwk3a/06","C4"
"15369","BECv10","SBSwk3a","SBSwk3a/07","D6"
"15370","BECv10","SBSwk3a","SBSwk3a/07","D5"
"15371","BECv10","SBSwk3a","SBSwk3a/07","C6"
"15372","BECv10","SBSwk3a","SBSwk3a/07","C5"
"15373","BECv10","SBSwk3a","SBSwk3a/08","D6"
"15374","BECv10","SBSwk3a","SBSwk3a/08","C6"
"15375","Add_2021","SBSwk3a","SBSwk3a/Ro","A0"
"15376","Add_2021","SBSwk3a","SBSwk3a/Ro","B0"
"15377","USA_2019","SGPdm_CO","SGPdm_CO/110","E5"
"15378","USA_2019","SGPdm_CO","SGPdm_CO/110","D5"
"15379","USA_2019","SGPdm_CO","SGPdm_CO/110","C5"
"15380","USA_2019","SGPdm_CO","SGPdm_CO/110","B5"
"15381","USA_2019","SGPdm_CO","SGPdm_CO/111","E6"
"15382","USA_2019","SGPdm_CO","SGPdm_CO/111","D6"
"15383","USA_2019","SGPdm_CO","SGPdm_CO/111","C6"
"15384","USA_2019","SGPdm_CO","SGPdm_CO/111","B6"
"15385","USA_2019","SGPdm_CO","SGPdm_CO/Gg","D4"
"15386","USA_2019","SGPdm_CO","SGPdm_CO/Gg","D3"
"15387","USA_2019","SGPdm_CO","SGPdm_CO/Gg","D2"
"15388","USA_2019","SGPdm_CO","SGPdm_CO/Gg","D1"
"15389","USA_2019","SGPdm_CO","SGPdm_CO/Gg","C4"
"15390","USA_2019","SGPdm_CO","SGPdm_CO/Gg","C3"
"15391","USA_2019","SGPdm_CO","SGPdm_CO/Gg","C2"
"15392","USA_2019","SGPdm_CO","SGPdm_CO/Gg","C1"
"15393","USA_2019","SGPdm_CO","SGPdm_CO/Gg","B4"
"15394","USA_2019","SGPdm_CO","SGPdm_CO/Gg","B3"
"15395","USA_2019","SGPdm_CO","SGPdm_CO/Gg","B2"
"15396","USA_2019","SGPdm_CO","SGPdm_CO/Gg","B1"
"15397","USA_2019","SGPdm_CO","SGPdm_CO/Gg","A2"
"15398","USA_2019","SGPdm_CO","SGPdm_CO/Gg","A1"
"15399","Add_2021","SGPdm_CO","SGPdm_CO/Ro","A0"
"15400","Add_2021","SGPdm_CO","SGPdm_CO/Ro","B0"
"15401","BECv10","SWBmk","SWBmk/01","D4"
"15402","BECv10","SWBmk","SWBmk/01","C4"
"15403","BECv10","SWBmk","SWBmk/01","B4"
"15404","BECv10","SWBmk","SWBmk/02","B2"
"15405","BECv10","SWBmk","SWBmk/02","B1"
"15406","BECv10","SWBmk","SWBmk/02","B0"
"15407","BECv10","SWBmk","SWBmk/02","A2"
"15408","BECv10","SWBmk","SWBmk/02","A1"
"15409","BECv10","SWBmk","SWBmk/02","A0"
"15410","BECv10","SWBmk","SWBmk/03","C2"
"15411","BECv10","SWBmk","SWBmk/03","C1"
"15412","BECv10","SWBmk","SWBmk/03","B2"
"15413","BECv10","SWBmk","SWBmk/03","B1"
"15414","BECv10","SWBmk","SWBmk/04","D3"
"15415","BECv10","SWBmk","SWBmk/04","C4"
"15416","BECv10","SWBmk","SWBmk/04","C3"
"15417","BECv10","SWBmk","SWBmk/04","B4"
"15418","BECv10","SWBmk","SWBmk/04","B3"
"15419","BECv10","SWBmk","SWBmk/05","B5"
"15420","BECv10","SWBmk","SWBmk/05","B3"
"15421","BECv10","SWBmk","SWBmk/05","A5"
"15422","BECv10","SWBmk","SWBmk/05","A4"
"15423","BECv10","SWBmk","SWBmk/05","A3"
"15424","BECv10","SWBmk","SWBmk/06","C5"
"15425","BECv10","SWBmk","SWBmk/06","B5"
"15426","BECv10","SWBmk","SWBmk/07","C6"
"15427","BECv10","SWBmk","SWBmk/07","C5"
"15428","BECv10","SWBmk","SWBmk/07","B6"
"15429","BECv10","SWBmk","SWBmk/07","B5"
"15430","BECv10","SWBmk","SWBmk/08","D6"
"15431","BECv10","SWBmk","SWBmk/08","D5"
"15432","BECv10","SWBmk","SWBmk/08","C6"
"15433","BECv10","SWBmk","SWBmk/08","C5"
"15434","BECv10","SWBmk","SWBmk/09","C7"
"15435","BECv10","SWBmk","SWBmk/09","B7"
"15436","BECv10","SWBmk","SWBmk/09","B6"
"15437","BECv10","SWBmk","SWBmk/09","A7"
"15438","BECv10","SWBmk","SWBmk/09","A6"
"15439","BECv10","SWBmks","SWBmks/00","E7"
"15440","BECv10","SWBmks","SWBmks/00","E6"
"15441","BECv10","SWBmks","SWBmks/00","E5"
"15442","BECv10","SWBmks","SWBmks/00","E4"
"15443","BECv10","SWBmks","SWBmks/00","E3"
"15444","BECv10","SWBmks","SWBmks/00","E2"
"15445","BECv10","SWBmks","SWBmks/00","E1"
"15446","BECv10","SWBmks","SWBmks/00","E0"
"15447","BECv10","SWBmks","SWBmks/00","D7"
"15448","BECv10","SWBmks","SWBmks/00","D6"
"15449","BECv10","SWBmks","SWBmks/00","D5"
"15450","BECv10","SWBmks","SWBmks/00","D4"
"15451","BECv10","SWBmks","SWBmks/00","D3"
"15452","BECv10","SWBmks","SWBmks/00","D2"
"15453","BECv10","SWBmks","SWBmks/00","D1"
"15454","BECv10","SWBmks","SWBmks/00","D0"
"15455","BECv10","SWBmks","SWBmks/00","C7"
"15456","BECv10","SWBmks","SWBmks/00","C6"
"15457","BECv10","SWBmks","SWBmks/00","C5"
"15458","BECv10","SWBmks","SWBmks/00","C4"
"15459","BECv10","SWBmks","SWBmks/00","C3"
"15460","BECv10","SWBmks","SWBmks/00","C2"
"15461","BECv10","SWBmks","SWBmks/00","C1"
"15462","BECv10","SWBmks","SWBmks/00","C0"
"15463","BECv10","SWBmks","SWBmks/00","B7"
"15464","BECv10","SWBmks","SWBmks/00","B6"
"15465","BECv10","SWBmks","SWBmks/00","B5"
"15466","BECv10","SWBmks","SWBmks/00","B4"
"15467","BECv10","SWBmks","SWBmks/00","B3"
"15468","BECv10","SWBmks","SWBmks/00","B2"
"15469","BECv10","SWBmks","SWBmks/00","B1"
"15470","BECv10","SWBmks","SWBmks/00","B0"
"15471","BECv10","SWBmks","SWBmks/00","A7"
"15472","BECv10","SWBmks","SWBmks/00","A6"
"15473","BECv10","SWBmks","SWBmks/00","A5"
"15474","BECv10","SWBmks","SWBmks/00","A4"
"15475","BECv10","SWBmks","SWBmks/00","A3"
"15476","BECv10","SWBmks","SWBmks/00","A2"
"15477","BECv10","SWBmks","SWBmks/00","A1"
"15478","BECv10","SWBmks","SWBmks/00","A0"
"15479","BECv10","SWBun1","SWBun1/h","E7"
"15480","BECv10","SWBun1","SWBun1/h","E6"
"15481","BECv10","SWBun1","SWBun1/h","E5"
"15482","BECv10","SWBun1","SWBun1/h","D7"
"15483","BECv10","SWBun1","SWBun1/h","D6"
"15484","BECv10","SWBun1","SWBun1/h","D5"
"15485","BECv10","SWBun1","SWBun1/h","C7"
"15486","BECv10","SWBun1","SWBun1/h","C6"
"15487","BECv10","SWBun1","SWBun1/h","C5"
"15488","BECv10","SWBun1","SWBun1/h","B7"
"15489","BECv10","SWBun1","SWBun1/h","B6"
"15490","BECv10","SWBun1","SWBun1/h","A7"
"15491","BECv10","SWBun1","SWBun1/h","A6"
"15492","BECv10","SWBun1","SWBun1/h","A5"
"15493","BECv10","SWBun1","SWBun1/m","E4"
"15494","BECv10","SWBun1","SWBun1/m","E3"
"15495","BECv10","SWBun1","SWBun1/m","D4"
"15496","BECv10","SWBun1","SWBun1/m","D3"
"15497","BECv10","SWBun1","SWBun1/m","C4"
"15498","BECv10","SWBun1","SWBun1/m","C3"
"15499","BECv10","SWBun1","SWBun1/m","B5"
"15500","BECv10","SWBun1","SWBun1/m","B4"
"15501","BECv10","SWBun1","SWBun1/m","B3"
"15502","BECv10","SWBun1","SWBun1/m","A4"
"15503","BECv10","SWBun1","SWBun1/m","A3"
"15504","BECv10","SWBun1","SWBun1/x","E2"
"15505","BECv10","SWBun1","SWBun1/x","E1"
"15506","BECv10","SWBun1","SWBun1/x","E0"
"15507","BECv10","SWBun1","SWBun1/x","D2"
"15508","BECv10","SWBun1","SWBun1/x","D1"
"15509","BECv10","SWBun1","SWBun1/x","D0"
"15510","BECv10","SWBun1","SWBun1/x","C2"
"15511","BECv10","SWBun1","SWBun1/x","C1"
"15512","BECv10","SWBun1","SWBun1/x","C0"
"15513","BECv10","SWBun1","SWBun1/x","B2"
"15514","BECv10","SWBun1","SWBun1/x","B1"
"15515","BECv10","SWBun1","SWBun1/x","B0"
"15516","BECv10","SWBun1","SWBun1/x","A2"
"15517","BECv10","SWBun1","SWBun1/x","A1"
"15518","BECv10","SWBun1","SWBun1/x","A0"
"15559","BECv10","SWBvk","SWBvk/h","E7"
"15560","BECv10","SWBvk","SWBvk/h","E6"
"15561","BECv10","SWBvk","SWBvk/h","E5"
"15562","BECv10","SWBvk","SWBvk/h","D7"
"15563","BECv10","SWBvk","SWBvk/h","D6"
"15564","BECv10","SWBvk","SWBvk/h","D5"
"15565","BECv10","SWBvk","SWBvk/h","C7"
"15566","BECv10","SWBvk","SWBvk/h","C6"
"15567","BECv10","SWBvk","SWBvk/h","C5"
"15568","BECv10","SWBvk","SWBvk/h","B7"
"15569","BECv10","SWBvk","SWBvk/h","B6"
"15570","BECv10","SWBvk","SWBvk/h","A7"
"15571","BECv10","SWBvk","SWBvk/h","A6"
"15572","BECv10","SWBvk","SWBvk/h","A5"
"15573","BECv10","SWBvk","SWBvk/m","E4"
"15574","BECv10","SWBvk","SWBvk/m","E3"
"15575","BECv10","SWBvk","SWBvk/m","D4"
"15576","BECv10","SWBvk","SWBvk/m","D3"
"15577","BECv10","SWBvk","SWBvk/m","C4"
"15578","BECv10","SWBvk","SWBvk/m","C3"
"15579","BECv10","SWBvk","SWBvk/m","B5"
"15580","BECv10","SWBvk","SWBvk/m","B4"
"15581","BECv10","SWBvk","SWBvk/m","B3"
"15582","BECv10","SWBvk","SWBvk/m","A4"
"15583","BECv10","SWBvk","SWBvk/m","A3"
"15584","BECv10","SWBvk","SWBvk/x","E2"
"15585","BECv10","SWBvk","SWBvk/x","E1"
"15586","BECv10","SWBvk","SWBvk/x","E0"
"15587","BECv10","SWBvk","SWBvk/x","D2"
"15588","BECv10","SWBvk","SWBvk/x","D1"
"15589","BECv10","SWBvk","SWBvk/x","D0"
"15590","BECv10","SWBvk","SWBvk/x","C2"
"15591","BECv10","SWBvk","SWBvk/x","C1"
"15592","BECv10","SWBvk","SWBvk/x","C0"
"15593","BECv10","SWBvk","SWBvk/x","B2"
"15594","BECv10","SWBvk","SWBvk/x","B1"
"15595","BECv10","SWBvk","SWBvk/x","B0"
"15596","BECv10","SWBvk","SWBvk/x","A2"
"15597","BECv10","SWBvk","SWBvk/x","A1"
"15598","BECv10","SWBvk","SWBvk/x","A0"
"15599","BECv10","SWBvks","SWBvks/00","E7"
"15600","BECv10","SWBvks","SWBvks/00","E6"
"15601","BECv10","SWBvks","SWBvks/00","E5"
"15602","BECv10","SWBvks","SWBvks/00","E4"
"15603","BECv10","SWBvks","SWBvks/00","E3"
"15604","BECv10","SWBvks","SWBvks/00","E2"
"15605","BECv10","SWBvks","SWBvks/00","E1"
"15606","BECv10","SWBvks","SWBvks/00","E0"
"15607","BECv10","SWBvks","SWBvks/00","D7"
"15608","BECv10","SWBvks","SWBvks/00","D6"
"15609","BECv10","SWBvks","SWBvks/00","D5"
"15610","BECv10","SWBvks","SWBvks/00","D4"
"15611","BECv10","SWBvks","SWBvks/00","D3"
"15612","BECv10","SWBvks","SWBvks/00","D2"
"15613","BECv10","SWBvks","SWBvks/00","D1"
"15614","BECv10","SWBvks","SWBvks/00","D0"
"15615","BECv10","SWBvks","SWBvks/00","C7"
"15616","BECv10","SWBvks","SWBvks/00","C6"
"15617","BECv10","SWBvks","SWBvks/00","C5"
"15618","BECv10","SWBvks","SWBvks/00","C4"
"15619","BECv10","SWBvks","SWBvks/00","C3"
"15620","BECv10","SWBvks","SWBvks/00","C2"
"15621","BECv10","SWBvks","SWBvks/00","C1"
"15622","BECv10","SWBvks","SWBvks/00","C0"
"15623","BECv10","SWBvks","SWBvks/00","B7"
"15624","BECv10","SWBvks","SWBvks/00","B6"
"15625","BECv10","SWBvks","SWBvks/00","B5"
"15626","BECv10","SWBvks","SWBvks/00","B4"
"15627","BECv10","SWBvks","SWBvks/00","B3"
"15628","BECv10","SWBvks","SWBvks/00","B2"
"15629","BECv10","SWBvks","SWBvks/00","B1"
"15630","BECv10","SWBvks","SWBvks/00","B0"
"15631","BECv10","SWBvks","SWBvks/00","A7"
"15632","BECv10","SWBvks","SWBvks/00","A6"
"15633","BECv10","SWBvks","SWBvks/00","A5"
"15634","BECv10","SWBvks","SWBvks/00","A4"
"15635","BECv10","SWBvks","SWBvks/00","A3"
"15636","BECv10","SWBvks","SWBvks/00","A2"
"15637","BECv10","SWBvks","SWBvks/00","A1"
"15638","BECv10","SWBvks","SWBvks/00","A0"
"15639","USA_2019","WJPxm_OR","WJPxm_OR/101","D4"
"15640","USA_2019","WJPxm_OR","WJPxm_OR/101","D3"
"15641","USA_2019","WJPxm_OR","WJPxm_OR/101","C4"
"15642","USA_2019","WJPxm_OR","WJPxm_OR/101","C3"
"15643","USA_2019","WJPxm_OR","WJPxm_OR/101","B4"
"15644","USA_2019","WJPxm_OR","WJPxm_OR/101","B3"
"15645","USA_2019","WJPxm_OR","WJPxm_OR/103","D2"
"15646","USA_2019","WJPxm_OR","WJPxm_OR/103","C2"
"15647","USA_2019","WJPxm_OR","WJPxm_OR/103","B2"
"15648","USA_2019","WJPxm_OR","WJPxm_OR/103","A2"
"15649","USA_2019","WJPxm_OR","WJPxm_OR/110","E5"
"15650","USA_2019","WJPxm_OR","WJPxm_OR/110","D5"
"15651","USA_2019","WJPxm_OR","WJPxm_OR/110","C5"
"15652","USA_2019","WJPxm_OR","WJPxm_OR/110","B5"
"15653","USA_2019","WJPxm_OR","WJPxm_OR/111","E6"
"15654","USA_2019","WJPxm_OR","WJPxm_OR/111","D6"
"15655","USA_2019","WJPxm_OR","WJPxm_OR/111","C6"
"15656","USA_2019","WJPxm_OR","WJPxm_OR/111","B6"
"15657","USA_2019","WJPxm_OR","WJPxm_OR/Gg","D1"
"15658","USA_2019","WJPxm_OR","WJPxm_OR/Gg","C1"
"15659","USA_2019","WJPxm_OR","WJPxm_OR/Gg","B1"
"15660","USA_2019","WJPxm_OR","WJPxm_OR/Gg","A1"
"15661","Add_2021","WJPxm_OR","WJPxm_OR/Ro","A0"
"15662","Add_2021","WJPxm_OR","WJPxm_OR/Ro","B0"
"15663","Add_2026","CRFmh_CA","CRFmh_CA/101","B3"
"15664","Add_2026","CRFmh_CA","CRFmh_CA/101","B4"
"15665","Add_2026","CRFmh_CA","CRFmh_CA/101","C3"
"15666","Add_2026","CRFmh_CA","CRFmh_CA/101","C4"
"15667","Add_2026","CRFmh_CA","CRFmh_CA/101","D3"
"15668","Add_2026","CRFmh_CA","CRFmh_CA/101","D4"
"15669","Add_2026","CRFmh_CA","CRFmh_CA/102","A1"
"15670","Add_2026","CRFmh_CA","CRFmh_CA/102","B1"
"15671","Add_2026","CRFmh_CA","CRFmh_CA/102","C1"
"15672","Add_2026","CRFmh_CA","CRFmh_CA/102","D1"
"15673","Add_2026","CRFmh_CA","CRFmh_CA/103","A2"
"15674","Add_2026","CRFmh_CA","CRFmh_CA/103","B2"
"15675","Add_2026","CRFmh_CA","CRFmh_CA/103","C2"
"15676","Add_2026","CRFmh_CA","CRFmh_CA/103","D2"
"15677","Add_2026","CRFmh_CA","CRFmh_CA/110","B5"
"15678","Add_2026","CRFmh_CA","CRFmh_CA/110","C5"
"15679","Add_2026","CRFmh_CA","CRFmh_CA/110","D5"
"15680","Add_2026","CRFmh_CA","CRFmh_CA/110","E5"
"15681","Add_2026","CRFmh_CA","CRFmh_CA/111","B6"
"15682","Add_2026","CRFmh_CA","CRFmh_CA/111","C6"
"15683","Add_2026","CRFmh_CA","CRFmh_CA/111","D6"
"15684","Add_2026","CRFmh_CA","CRFmh_CA/111","E6"
"15685","Add_2026","CRFmh_CA","CRFmh_CA/Ro","A0"
"15686","Add_2026","CRFmh_CA","CRFmh_CA/Ro","B0"
"15687","USA_2026","FGff","FGff/112","B5"
"15688","USA_2026","FGff","FGff/113","B6"
"15689","USA_2026","FGff","FGff/112","C5"
"15690","USA_2026","FGff","FGff/113","C6"
"15691","USA_2026","FGff","FGff/112","D5"
"15692","USA_2026","FGff","FGff/113","D6"
"15693","USA_2026","FGff","FGff/112","E5"
"15694","USA_2026","FGff","FGff/113","E6"
"15695","USA_2026","MDCHun_NV","MDCHun_NV/111","B6"
"15696","USA_2026","MDCHun_NV","MDCHun_NV/111","C6"
"15697","USA_2026","MDCHun_NV","MDCHun_NV/111","D6"
"15698","USA_2026","MDCHun_NV","MDCHun_NV/111","E6"
"15699","USA_2026","MSSDun_NV","MSSDun_NV/101","B3"
"15700","USA_2026","MSSDun_NV","MSSDun_NV/101","B4"
"15701","USA_2026","MSSDun_NV","MSSDun_NV/101","C3"
"15702","USA_2026","MSSDun_NV","MSSDun_NV/101","C4"
"15703","USA_2026","MSSDun_NV","MSSDun_NV/101","D3"
"15704","USA_2026","MSSDun_NV","MSSDun_NV/101","D4"
"15705","USA_2026","OWdm_CA","OWdm_CA/101","B3"
"15706","USA_2026","OWdm_CA","OWdm_CA/101","B4"
"15707","USA_2026","OWdm_CA","OWdm_CA/101","C3"
"15708","USA_2026","OWdm_CA","OWdm_CA/101","C4"
"15709","USA_2026","OWdm_CA","OWdm_CA/101","D3"
"15710","USA_2026","OWdm_CA","OWdm_CA/101","D4"
"15711","USA_2026","OWdm_CA","OWdm_CA/102","A1"
"15712","USA_2026","OWdm_CA","OWdm_CA/102","B1"
"15713","USA_2026","OWdm_CA","OWdm_CA/102","C1"
"15714","USA_2026","OWdm_CA","OWdm_CA/102","D1"
"15715","USA_2026","OWdm_CA","OWdm_CA/103","A2"
"15716","USA_2026","OWdm_CA","OWdm_CA/103","B2"
"15717","USA_2026","OWdm_CA","OWdm_CA/103","C2"
"15718","USA_2026","OWdm_CA","OWdm_CA/103","D2"
"15719","USA_2026","OWdm_CA","OWdm_CA/110","B5"
"15720","USA_2026","OWdm_CA","OWdm_CA/110","C5"
"15721","USA_2026","OWdm_CA","OWdm_CA/110","D5"
"15722","USA_2026","OWdm_CA","OWdm_CA/110","E5"
"15723","USA_2026","OWdm_CA","OWdm_CA/111","B6"
"15724","USA_2026","OWdm_CA","OWdm_CA/111","C6"
"15725","USA_2026","OWdm_CA","OWdm_CA/111","D6"
"15726","USA_2026","OWdm_CA","OWdm_CA/111","E6"
"15727","USA_2026","OWdm_CA","OWdm_CA/Ro","A0"
"15728","USA_2026","OWdm_CA","OWdm_CA/Ro","B0"
"15729","USA_2026","OWmm_OR","OWmm_OR/101","B3"
"15730","USA_2026","OWmm_OR","OWmm_OR/101","B4"
"15731","USA_2026","OWmm_OR","OWmm_OR/101","C3"
"15732","USA_2026","OWmm_OR","OWmm_OR/101","C4"
"15733","USA_2026","OWmm_OR","OWmm_OR/101","D3"
"15734","USA_2026","OWmm_OR","OWmm_OR/101","D4"
"15735","USA_2026","OWmm_OR","OWmm_OR/102","A1"
"15736","USA_2026","OWmm_OR","OWmm_OR/102","B1"
"15737","USA_2026","OWmm_OR","OWmm_OR/102","C1"
"15738","USA_2026","OWmm_OR","OWmm_OR/102","D1"
"15739","USA_2026","OWmm_OR","OWmm_OR/103","A2"
"15740","USA_2026","OWmm_OR","OWmm_OR/103","B2"
"15741","USA_2026","OWmm_OR","OWmm_OR/103","C2"
"15742","USA_2026","OWmm_OR","OWmm_OR/103","D2"
"15743","USA_2026","OWmm_OR","OWmm_OR/110","B5"
"15744","USA_2026","OWmm_OR","OWmm_OR/110","C5"
"15745","USA_2026","OWmm_OR","OWmm_OR/110","D5"
"15746","USA_2026","OWmm_OR","OWmm_OR/110","E5"
"15747","USA_2026","OWmm_OR","OWmm_OR/111","B6"
"15748","USA_2026","OWmm_OR","OWmm_OR/111","C6"
"15749","USA_2026","OWmm_OR","OWmm_OR/111","D6"
"15750","USA_2026","OWmm_OR","OWmm_OR/111","E6"
"15751","USA_2026","OWmm_OR","OWmm_OR/Ro","A0"
"15752","USA_2026","OWmm_OR","OWmm_OR/Ro","B0"
"15753","USA_2026","OWwm_OR","OWwm_OR/101","B3"
"15754","USA_2026","OWwm_OR","OWwm_OR/101","B4"
"15755","USA_2026","OWwm_OR","OWwm_OR/101","C3"
"15756","USA_2026","OWwm_OR","OWwm_OR/101","C4"
"15757","USA_2026","OWwm_OR","OWwm_OR/101","D3"
"15758","USA_2026","OWwm_OR","OWwm_OR/101","D4"
"15759","USA_2026","OWwm_OR","OWwm_OR/102","A1"
"15760","USA_2026","OWwm_OR","OWwm_OR/102","B1"
"15761","USA_2026","OWwm_OR","OWwm_OR/102","C1"
"15762","USA_2026","OWwm_OR","OWwm_OR/102","D1"
"15763","USA_2026","OWwm_OR","OWwm_OR/103","A2"
"15764","USA_2026","OWwm_OR","OWwm_OR/103","B2"
"15765","USA_2026","OWwm_OR","OWwm_OR/103","C2"
"15766","USA_2026","OWwm_OR","OWwm_OR/103","D2"
"15767","USA_2026","OWwm_OR","OWwm_OR/110","B5"
"15768","USA_2026","OWwm_OR","OWwm_OR/110","C5"
"15769","USA_2026","OWwm_OR","OWwm_OR/110","D5"
"15770","USA_2026","OWwm_OR","OWwm_OR/110","E5"
"15771","USA_2026","OWwm_OR","OWwm_OR/111","B6"
"15772","USA_2026","OWwm_OR","OWwm_OR/111","C6"
"15773","USA_2026","OWwm_OR","OWwm_OR/111","D6"
"15774","USA_2026","OWwm_OR","OWwm_OR/111","E6"
"15775","USA_2026","OWwm_OR","OWwm_OR/Ro","A0"
"15776","USA_2026","OWwm_OR","OWwm_OR/Ro","B0"
"15777","USA_2026","OWxm_CA","OWxm_CA/101","B3"
"15778","USA_2026","OWxm_CA","OWxm_CA/101","B4"
"15779","USA_2026","OWxm_CA","OWxm_CA/101","C3"
"15780","USA_2026","OWxm_CA","OWxm_CA/101","C4"
"15781","USA_2026","OWxm_CA","OWxm_CA/101","D3"
"15782","USA_2026","OWxm_CA","OWxm_CA/101","D4"
"15783","USA_2026","OWxm_CA","OWxm_CA/102","A1"
"15784","USA_2026","OWxm_CA","OWxm_CA/102","B1"
"15785","USA_2026","OWxm_CA","OWxm_CA/102","C1"
"15786","USA_2026","OWxm_CA","OWxm_CA/102","D1"
"15787","USA_2026","OWxm_CA","OWxm_CA/103","A2"
"15788","USA_2026","OWxm_CA","OWxm_CA/103","B2"
"15789","USA_2026","OWxm_CA","OWxm_CA/103","C2"
"15790","USA_2026","OWxm_CA","OWxm_CA/103","D2"
"15791","USA_2026","OWxm_CA","OWxm_CA/110","B5"
"15792","USA_2026","OWxm_CA","OWxm_CA/110","C5"
"15793","USA_2026","OWxm_CA","OWxm_CA/110","D5"
"15794","USA_2026","OWxm_CA","OWxm_CA/110","E5"
"15795","USA_2026","OWxm_CA","OWxm_CA/111","B6"
"15796","USA_2026","OWxm_CA","OWxm_CA/111","C6"
"15797","USA_2026","OWxm_CA","OWxm_CA/111","D6"
"15798","USA_2026","OWxm_CA","OWxm_CA/111","E6"
"15799","USA_2026","OWxm_CA","OWxm_CA/Ro","A0"
"15800","USA_2026","OWxm_CA","OWxm_CA/Ro","B0"
"15801","USA_2026","PPJWmw_UT","PPJWmw_UT/101","B3"
"15802","USA_2026","PPJWmw_UT","PPJWmw_UT/101","B4"
"15803","USA_2026","PPJWmw_UT","PPJWmw_UT/101","C3"
"15804","USA_2026","PPJWmw_UT","PPJWmw_UT/101","C4"
"15805","USA_2026","PPJWmw_UT","PPJWmw_UT/101","D3"
"15806","USA_2026","PPJWmw_UT","PPJWmw_UT/101","D4"
"15807","USA_2026","PPJWmw_UT","PPJWmw_UT/103","A2"
"15808","USA_2026","PPJWmw_UT","PPJWmw_UT/103","B2"
"15809","USA_2026","PPJWmw_UT","PPJWmw_UT/103","C2"
"15810","USA_2026","PPJWmw_UT","PPJWmw_UT/103","D2"
"15811","USA_2026","PPJWmw_UT","PPJWmw_UT/110","B5"
"15812","USA_2026","PPJWmw_UT","PPJWmw_UT/110","C5"
"15813","USA_2026","PPJWmw_UT","PPJWmw_UT/110","D5"
"15814","USA_2026","PPJWmw_UT","PPJWmw_UT/110","E5"
"15815","USA_2026","PPJWmw_UT","PPJWmw_UT/111","B6"
"15816","USA_2026","PPJWmw_UT","PPJWmw_UT/111","C6"
"15817","USA_2026","PPJWmw_UT","PPJWmw_UT/111","D6"
"15818","USA_2026","PPJWmw_UT","PPJWmw_UT/111","E6"
"15819","USA_2026","PPJWmw_UT","PPJWmw_UT/Gg","A1"
"15820","USA_2026","PPJWmw_UT","PPJWmw_UT/Gg","B1"
"15821","USA_2026","PPJWmw_UT","PPJWmw_UT/Gg","C1"
"15822","USA_2026","PPJWmw_UT","PPJWmw_UT/Gg","D1"
"15823","USA_2026","PPJWmw_UT","PPJWmw_UT/Ro","A0"
"15824","USA_2026","PPJWmw_UT","PPJWmw_UT/Ro","B0"
"15825","USA_2026","MMMdk_NV","MMMdk_NV/110","B5"
"15826","USA_2026","MMMdk_NV","MMMdk_NV/110","C5"
"15827","USA_2026","MMMdk_NV","MMMdk_NV/110","D5"
"15828","USA_2026","MMMdk_NV","MMMdk_NV/110","E5"
"15829","USA_2026","MMMdk_NV","MMMdk_NV/111","B6"
"15830","USA_2026","MMMdk_NV","MMMdk_NV/111","C6"
"15831","USA_2026","MMMdk_NV","MMMdk_NV/111","D6"
"15832","USA_2026","MMMdk_NV","MMMdk_NV/111","E6"
"15833","USA_2026","MMMdk_NV","MMMdk_NV/102","A1"
"15834","USA_2026","MMMdk_NV","MMMdk_NV/103","A2"
"15835","USA_2026","MMMdk_NV","MMMdk_NV/102","B1"
"15836","USA_2026","MMMdk_NV","MMMdk_NV/103","B2"
"15837","USA_2026","MMMdk_NV","MMMdk_NV/102","C1"
"15838","USA_2026","MMMdk_NV","MMMdk_NV/103","C2"
"15839","USA_2026","MMMdk_NV","MMMdk_NV/102","D1"
"15840","USA_2026","MMMdk_NV","MMMdk_NV/103","D2"
"15841","USA_2026","MMMdk_NV","MMMdk_NV/101","B3"
"15842","USA_2026","MMMdk_NV","MMMdk_NV/101","B4"
"15843","USA_2026","MMMdk_NV","MMMdk_NV/101","C3"
"15844","USA_2026","MMMdk_NV","MMMdk_NV/101","C4"
"15845","USA_2026","MMMdk_NV","MMMdk_NV/101","D3"
"15846","USA_2026","MMMdk_NV","MMMdk_NV/101","D4"
"15847","USA_2026","MMMdk_NV","MMMdk_NV/Ro","A0"
"15848","USA_2026","MMMdk_NV","MMMdk_NV/Ro","B0"
"15849","USA_2026","BGxxx_WY","BGxxx_WY/110","B5"
"15850","USA_2026","BGxxx_WY","BGxxx_WY/110","C5"
"15851","USA_2026","BGxxx_WY","BGxxx_WY/110","D5"
"15852","USA_2026","BGxxx_WY","BGxxx_WY/110","E5"
"15853","USA_2026","BGxxx_WY","BGxxx_WY/111","B6"
"15854","USA_2026","BGxxx_WY","BGxxx_WY/111","C6"
"15855","USA_2026","BGxxx_WY","BGxxx_WY/111","D6"
"15856","USA_2026","BGxxx_WY","BGxxx_WY/111","E6"
"15857","USA_2026","BGxxx_WY","BGxxx_WY/Gg1","A1"
"15858","USA_2026","BGxxx_WY","BGxxx_WY/Gg1","A2"
"15859","USA_2026","BGxxx_WY","BGxxx_WY/Gg1","B1"
"15860","USA_2026","BGxxx_WY","BGxxx_WY/Gg1","B2"
"15861","USA_2026","BGxxx_WY","BGxxx_WY/Gg1","C1"
"15862","USA_2026","BGxxx_WY","BGxxx_WY/Gg1","C2"
"15863","USA_2026","BGxxx_WY","BGxxx_WY/Gg1","D1"
"15864","USA_2026","BGxxx_WY","BGxxx_WY/Gg1","D2"
"15865","USA_2026","BGxxx_WY","BGxxx_WY/Gg2","B3"
"15866","USA_2026","BGxxx_WY","BGxxx_WY/Gg2","B4"
"15867","USA_2026","BGxxx_WY","BGxxx_WY/Gg2","C3"
"15868","USA_2026","BGxxx_WY","BGxxx_WY/Gg2","C4"
"15869","USA_2026","BGxxx_WY","BGxxx_WY/Gg2","D3"
"15870","USA_2026","BGxxx_WY","BGxxx_WY/Gg2","D4"
"15871","USA_2026","BGxxx_WY","BGxxx_WY/Ro","A0"
"15872","USA_2026","BGxxx_WY","BGxxx_WY/Ro","B0"
"15873","USA_2019","PPJWdm_WY","PPJWdm_WY/101","B3"
"15874","USA_2019","PPJWdm_WY","PPJWdm_WY/101","B4"
"15875","USA_2019","PPJWdm_WY","PPJWdm_WY/101","C3"
"15876","USA_2019","PPJWdm_WY","PPJWdm_WY/101","C4"
"15877","USA_2019","PPJWdm_WY","PPJWdm_WY/101","D3"
"15878","USA_2019","PPJWdm_WY","PPJWdm_WY/101","D4"
"15879","USA_2019","PPJWdm_WY","PPJWdm_WY/110","B5"
"15880","USA_2019","PPJWdm_WY","PPJWdm_WY/110","C5"
"15881","USA_2019","PPJWdm_WY","PPJWdm_WY/110","D5"
"15882","USA_2019","PPJWdm_WY","PPJWdm_WY/110","E5"
"15883","USA_2019","PPJWdm_WY","PPJWdm_WY/111","B6"
"15884","USA_2019","PPJWdm_WY","PPJWdm_WY/111","C6"
"15885","USA_2019","PPJWdm_WY","PPJWdm_WY/113","D6"
"15886","USA_2019","PPJWdm_WY","PPJWdm_WY/113","E6"
"15887","USA_2019","PPJWdm_WY","PPJWdm_WY/Gg","A1"
"15888","USA_2019","PPJWdm_WY","PPJWdm_WY/Gg","A2"
"15889","USA_2019","PPJWdm_WY","PPJWdm_WY/Gg","B1"
"15890","USA_2019","PPJWdm_WY","PPJWdm_WY/Gg","B2"
"15891","USA_2019","PPJWdm_WY","PPJWdm_WY/Gg","C1"
"15892","USA_2019","PPJWdm_WY","PPJWdm_WY/Gg","C2"
"15893","USA_2019","PPJWdm_WY","PPJWdm_WY/Gg","D1"
"15894","USA_2019","PPJWdm_WY","PPJWdm_WY/Gg","D2"
"15895","Add_2021","PPJWdm_WY","PPJWdm_WY/Ro","A0"
"15896","Add_2021","PPJWdm_WY","PPJWdm_WY/Ro","B0"
"15897","USA_2019","PPJWdw_UT","PPJWdw_UT/101","B3"
"15898","USA_2019","PPJWdw_UT","PPJWdw_UT/101","B4"
"15899","USA_2019","PPJWdw_UT","PPJWdw_UT/101","C3"
"15900","USA_2019","PPJWdw_UT","PPJWdw_UT/101","C4"
"15901","USA_2019","PPJWdw_UT","PPJWdw_UT/101","D3"
"15902","USA_2019","PPJWdw_UT","PPJWdw_UT/101","D4"
"15903","USA_2019","PPJWdw_UT","PPJWdw_UT/103","A2"
"15904","USA_2019","PPJWdw_UT","PPJWdw_UT/103","B2"
"15905","USA_2019","PPJWdw_UT","PPJWdw_UT/103","C2"
"15906","USA_2019","PPJWdw_UT","PPJWdw_UT/103","D2"
"15907","USA_2019","PPJWdw_UT","PPJWdw_UT/110","B5"
"15908","USA_2019","PPJWdw_UT","PPJWdw_UT/110","C5"
"15909","USA_2019","PPJWdw_UT","PPJWdw_UT/110","D5"
"15910","USA_2019","PPJWdw_UT","PPJWdw_UT/110","E5"
"15911","USA_2019","PPJWdw_UT","PPJWdw_UT/111","B6"
"15912","USA_2019","PPJWdw_UT","PPJWdw_UT/111","C6"
"15913","USA_2019","PPJWdw_UT","PPJWdw_UT/113","D6"
"15914","USA_2019","PPJWdw_UT","PPJWdw_UT/113","E6"
"15915","USA_2019","PPJWdw_UT","PPJWdw_UT/Gg","A1"
"15916","USA_2019","PPJWdw_UT","PPJWdw_UT/Gg","B1"
"15917","USA_2019","PPJWdw_UT","PPJWdw_UT/Gg","C1"
"15918","USA_2019","PPJWdw_UT","PPJWdw_UT/Gg","D1"
"15919","Add_2021","PPJWdw_UT","PPJWdw_UT/Ro","A0"
"15920","Add_2021","PPJWdw_UT","PPJWdw_UT/Ro","B0"
"15921","USA_2019","PPJWwm_CO","PPJWwm_CO/101","B3"
"15922","USA_2019","PPJWwm_CO","PPJWwm_CO/101","B4"
"15923","USA_2019","PPJWwm_CO","PPJWwm_CO/101","C3"
"15924","USA_2019","PPJWwm_CO","PPJWwm_CO/101","C4"
"15925","USA_2019","PPJWwm_CO","PPJWwm_CO/101","D3"
"15926","USA_2019","PPJWwm_CO","PPJWwm_CO/101","D4"
"15927","USA_2019","PPJWwm_CO","PPJWwm_CO/103","A2"
"15928","USA_2019","PPJWwm_CO","PPJWwm_CO/103","B2"
"15929","USA_2019","PPJWwm_CO","PPJWwm_CO/103","C2"
"15930","USA_2019","PPJWwm_CO","PPJWwm_CO/103","D2"
"15931","USA_2019","PPJWwm_CO","PPJWwm_CO/110","B5"
"15932","USA_2019","PPJWwm_CO","PPJWwm_CO/110","C5"
"15933","USA_2019","PPJWwm_CO","PPJWwm_CO/110","D5"
"15934","USA_2019","PPJWwm_CO","PPJWwm_CO/110","E5"
"15935","USA_2019","PPJWwm_CO","PPJWwm_CO/111","B6"
"15936","USA_2019","PPJWwm_CO","PPJWwm_CO/111","C6"
"15937","USA_2019","PPJWwm_CO","PPJWwm_CO/113","D6"
"15938","USA_2019","PPJWwm_CO","PPJWwm_CO/113","E6"
"15939","USA_2019","PPJWwm_CO","PPJWwm_CO/Gg","A1"
"15940","USA_2019","PPJWwm_CO","PPJWwm_CO/Gg","B1"
"15941","USA_2019","PPJWwm_CO","PPJWwm_CO/Gg","C1"
"15942","USA_2019","PPJWwm_CO","PPJWwm_CO/Gg","D1"
"15943","Add_2021","PPJWwm_CO","PPJWwm_CO/Ro","A0"
"15944","Add_2021","PPJWwm_CO","PPJWwm_CO/Ro","B0"
"15945","USA_2019","PPJWxh_CA","PPJWxh_CA/101","B3"
"15946","USA_2019","PPJWxh_CA","PPJWxh_CA/101","B4"
"15947","USA_2019","PPJWxh_CA","PPJWxh_CA/101","C3"
"15948","USA_2019","PPJWxh_CA","PPJWxh_CA/101","C4"
"15949","USA_2019","PPJWxh_CA","PPJWxh_CA/101","D3"
"15950","USA_2019","PPJWxh_CA","PPJWxh_CA/101","D4"
"15951","USA_2019","PPJWxh_CA","PPJWxh_CA/103","A2"
"15952","USA_2019","PPJWxh_CA","PPJWxh_CA/103","B2"
"15953","USA_2019","PPJWxh_CA","PPJWxh_CA/103","C2"
"15954","USA_2019","PPJWxh_CA","PPJWxh_CA/103","D2"
"15955","USA_2019","PPJWxh_CA","PPJWxh_CA/110","B5"
"15956","USA_2019","PPJWxh_CA","PPJWxh_CA/110","C5"
"15957","USA_2019","PPJWxh_CA","PPJWxh_CA/110","D5"
"15958","USA_2019","PPJWxh_CA","PPJWxh_CA/110","E5"
"15959","USA_2019","PPJWxh_CA","PPJWxh_CA/111","B6"
"15960","USA_2019","PPJWxh_CA","PPJWxh_CA/111","C6"
"15961","USA_2019","PPJWxh_CA","PPJWxh_CA/111","D6"
"15962","USA_2019","PPJWxh_CA","PPJWxh_CA/111","E6"
"15963","USA_2019","PPJWxh_CA","PPJWxh_CA/Gg","A1"
"15964","USA_2019","PPJWxh_CA","PPJWxh_CA/Gg","B1"
"15965","USA_2019","PPJWxh_CA","PPJWxh_CA/Gg","C1"
"15966","USA_2019","PPJWxh_CA","PPJWxh_CA/Gg","D1"
"15967","Add_2021","PPJWxh_CA","PPJWxh_CA/Ro","A0"
"15968","Add_2021","PPJWxh_CA","PPJWxh_CA/Ro","B0"
"15969","USA_2019","PPJWxw_NV","PPJWxw_NV/101","B3"
"15970","USA_2019","PPJWxw_NV","PPJWxw_NV/101","B4"
"15971","USA_2019","PPJWxw_NV","PPJWxw_NV/101","C3"
"15972","USA_2019","PPJWxw_NV","PPJWxw_NV/101","C4"
"15973","USA_2019","PPJWxw_NV","PPJWxw_NV/101","D3"
"15974","USA_2019","PPJWxw_NV","PPJWxw_NV/101","D4"
"15975","USA_2019","PPJWxw_NV","PPJWxw_NV/103","A2"
"15976","USA_2019","PPJWxw_NV","PPJWxw_NV/103","B2"
"15977","USA_2019","PPJWxw_NV","PPJWxw_NV/103","C2"
"15978","USA_2019","PPJWxw_NV","PPJWxw_NV/103","D2"
"15979","USA_2019","PPJWxw_NV","PPJWxw_NV/110","B5"
"15980","USA_2019","PPJWxw_NV","PPJWxw_NV/110","C5"
"15981","USA_2019","PPJWxw_NV","PPJWxw_NV/110","D5"
"15982","USA_2019","PPJWxw_NV","PPJWxw_NV/110","E5"
"15983","USA_2019","PPJWxw_NV","PPJWxw_NV/111","B6"
"15984","USA_2019","PPJWxw_NV","PPJWxw_NV/111","C6"
"15985","USA_2019","PPJWxw_NV","PPJWxw_NV/113","D6"
"15986","USA_2019","PPJWxw_NV","PPJWxw_NV/113","E6"
"15987","USA_2019","PPJWxw_NV","PPJWxw_NV/Gg","A1"
"15988","USA_2019","PPJWxw_NV","PPJWxw_NV/Gg","B1"
"15989","USA_2019","PPJWxw_NV","PPJWxw_NV/Gg","C1"
"15990","USA_2019","PPJWxw_NV","PPJWxw_NV/Gg","D1"
"15991","Add_2021","PPJWxw_NV","PPJWxw_NV/Ro","A0"
"15992","Add_2021","PPJWxw_NV","PPJWxw_NV/Ro","B0"
"15993","BECv13","SBSvc","SBSvc/101","B4"
"15994","BECv13","SBSvc","SBSvc/101","C4"
"15995","BECv13","SBSvc","SBSvc/101","D4"
"15996","BECv13","SBSvc","SBSvc/101","B5"
"15997","BECv13","SBSvc","SBSvc/101","C5"
"15998","BECv13","SBSvc","SBSvc/101","D5"
"15999","BECv13","SBSvc","SBSvc/102","A1"
"16000","BECv13","SBSvc","SBSvc/102","B1"
"16001","BECv13","SBSvc","SBSvc/102","C1"
"16002","BECv13","SBSvc","SBSvc/102","A0"
"16003","BECv13","SBSvc","SBSvc/102","B0"
"16004","BECv13","SBSvc","SBSvc/102","C0"
"16005","BECv13","SBSvc","SBSvc/103","B2"
"16006","BECv13","SBSvc","SBSvc/103","B3"
"16007","BECv13","SBSvc","SBSvc/103","C2"
"16008","BECv13","SBSvc","SBSvc/103","C3"
"16009","BECv13","SBSvc","SBSvc/104","A2"
"16010","BECv13","SBSvc","SBSvc/104","A3"
"16011","BECv13","SBSvc","SBSvc/104","A4"
"16012","BECv13","SBSvc","SBSvc/104","B2"
"16013","BECv13","SBSvc","SBSvc/104","B3"
"16014","BECv13","SBSvc","SBSvc/104","B4"
"16015","BECv13","SBSvc","SBSvc/105","B4"
"16016","BECv13","SBSvc","SBSvc/105","C4"
"16017","BECv13","SBSvc","SBSvc/105","D4"
"16018","BECv13","SBSvc","SBSvc/105","B3"
"16019","BECv13","SBSvc","SBSvc/105","C3"
"16020","BECv13","SBSvc","SBSvc/105","D3"
"16021","BECv13","SBSvc","SBSvc/110","B5"
"16022","BECv13","SBSvc","SBSvc/110","C5"
"16023","BECv13","SBSvc","SBSvc/110","D5"
"16024","BECv13","SBSvc","SBSvc/110","B6"
"16025","BECv13","SBSvc","SBSvc/110","C6"
"16026","BECv13","SBSvc","SBSvc/110","D6"
"16027","BECv13","SBSmz","SBSmz/101","B2"
"16028","BECv13","SBSmz","SBSmz/101","B3"
"16029","BECv13","SBSmz","SBSmz/101","B4"
"16030","BECv13","SBSmz","SBSmz/101","C2"
"16031","BECv13","SBSmz","SBSmz/101","C3"
"16032","BECv13","SBSmz","SBSmz/101","C4"
"16033","BECv13","SBSmz","SBSmz/101","D2"
"16034","BECv13","SBSmz","SBSmz/101","D3"
"16035","BECv13","SBSmz","SBSmz/102","A0"
"16036","BECv13","SBSmz","SBSmz/102","A1"
"16037","BECv13","SBSmz","SBSmz/102","B0"
"16038","BECv13","SBSmz","SBSmz/102","B1"
"16039","BECv13","SBSmz","SBSmz/103","B2"
"16040","BECv13","SBSmz","SBSmz/103","C1"
"16041","BECv13","SBSmz","SBSmz/103","C2"
"16042","BECv13","SBSmz","SBSmz/103","D1"
"16043","BECv13","SBSmz","SBSmz/103","D2"
"16044","BECv13","SBSmz","SBSmz/104","A2"
"16045","BECv13","SBSmz","SBSmz/104","A3"
"16046","BECv13","SBSmz","SBSmz/104","A4"
"16047","BECv13","SBSmz","SBSmz/104","A5"
"16048","BECv13","SBSmz","SBSmz/104","B2"
"16049","BECv13","SBSmz","SBSmz/104","B3"
"16050","BECv13","SBSmz","SBSmz/104","B4"
"16051","BECv13","SBSmz","SBSmz/104","B5"
"16052","BECv13","SBSmz","SBSmz/110","D4"
"16053","BECv13","SBSmz","SBSmz/110","D5"
"16054","BECv13","SBSmz","SBSmz/110","C5"
"16055","BECv13","SBSmz","SBSmz/110","B5"
"16056","BECv13","SBSmz","SBSmz/111","D5"
"16057","BECv13","SBSmz","SBSmz/111","D6"
"16058","BECv13","SBSmz","SBSmz/111","E4"
"16059","BECv13","SBSmz","SBSmz/111","E5"
"16060","BECv13","SBSmz","SBSmz/111","E6"
"16061","BECv13","SBSmz","SBSmz/112","B5"
"16062","BECv13","SBSmz","SBSmz/112","B6"
"16063","BECv13","SBSmz","SBSmz/112","C5"
"16064","BECv13","SBSmz","SBSmz/112","C6"
"16065","BECv13","SBSmz","SBSmz/112","D5"
"16066","BECv13","SBSmz","SBSmz/112","D6"
"16067","BECv13","SBSmz","SBSmz/113","B6"
"16068","BECv13","SBSmz","SBSmz/113","B7"
"16069","BECv13","SBSmz","SBSmz/113","C6"
"16070","BECv13","SBSmz","SBSmz/113","C7"
"16071","BECv13","SBSmz","SBSmz/114","C6"
"16072","BECv13","SBSmz","SBSmz/114","C7"
"16073","BECv13","SBSmz","SBSmz/114","D6"
"16074","BECv13","SBSmz","SBSmz/114","D7"
"16075","BECv13","SBSmz","SBSmz/114","E6"
"16076","BECv13","SBSmz","SBSmz/114","E7"
"16077","BECv13","ESSFwc7","ESSFwc7/101","B3"
"16078","BECv13","ESSFwc7","ESSFwc7/101","C3"
"16079","BECv13","ESSFwc7","ESSFwc7/101","D3"
"16080","BECv13","ESSFwc7","ESSFwc7/101","B4"
"16081","BECv13","ESSFwc7","ESSFwc7/101","C4"
"16082","BECv13","ESSFwc7","ESSFwc7/101","D4"
"16083","BECv13","ESSFwc7","ESSFwc7/102","A1"
"16084","BECv13","ESSFwc7","ESSFwc7/102","B1"
"16085","BECv13","ESSFwc7","ESSFwc7/102","C1"
"16086","BECv13","ESSFwc7","ESSFwc7/102","A2"
"16087","BECv13","ESSFwc7","ESSFwc7/102","B2"
"16088","BECv13","ESSFwc7","ESSFwc7/102","C2"
"16089","BECv13","ESSFwc7","ESSFwc7/103","A2"
"16090","BECv13","ESSFwc7","ESSFwc7/103","B2"
"16091","BECv13","ESSFwc7","ESSFwc7/103","C2"
"16092","BECv13","ESSFwc7","ESSFwc7/103","A3"
"16093","BECv13","ESSFwc7","ESSFwc7/103","B3"
"16094","BECv13","ESSFwc7","ESSFwc7/103","C3"
"16095","BECv13","ESSFwc7","ESSFwc7/110","C5"
"16096","BECv13","ESSFwc7","ESSFwc7/110","C6"
"16097","BECv13","ESSFwc7","ESSFwc7/110","D5"
"16098","BECv13","ESSFwc7","ESSFwc7/110","D6"
"16099","BECv13","ESSFwc7","ESSFwc7/111","B6"
"16100","BECv13","ESSFwc7","ESSFwc7/111","C6"
"16101","BECv13","ESSFwc7","ESSFwc7/111","D6"
"16102","BECv13","ESSFwc7","ESSFwc7/111","E6"
"16103","BECv13","ESSFwc7","ESSFwc7/111","B7"
"16104","BECv13","ESSFwc7","ESSFwc7/111","C7"
"16105","BECv13","ESSFwc7","ESSFwc7/111","D7"
"16106","BECv13","ESSFwc7","ESSFwc7/111","E7"
"15519","BECv10","SWBuns","SWBuns/00","E7"
"15520","BECv10","SWBuns","SWBuns/00","E6"
"15521","BECv10","SWBuns","SWBuns/00","E5"
"15522","BECv10","SWBuns","SWBuns/00","E4"
"15523","BECv10","SWBuns","SWBuns/00","E3"
"15524","BECv10","SWBuns","SWBuns/00","E2"
"15525","BECv10","SWBuns","SWBuns/00","E1"
"15526","BECv10","SWBuns","SWBuns/00","E0"
"15527","BECv10","SWBuns","SWBuns/00","D7"
"15528","BECv10","SWBuns","SWBuns/00","D6"
"15529","BECv10","SWBuns","SWBuns/00","D5"
"15530","BECv10","SWBuns","SWBuns/00","D4"
"15531","BECv10","SWBuns","SWBuns/00","D3"
"15532","BECv10","SWBuns","SWBuns/00","D2"
"15533","BECv10","SWBuns","SWBuns/00","D1"
"15534","BECv10","SWBuns","SWBuns/00","D0"
"15535","BECv10","SWBuns","SWBuns/00","C7"
"15536","BECv10","SWBuns","SWBuns/00","C6"
"15537","BECv10","SWBuns","SWBuns/00","C5"
"15538","BECv10","SWBuns","SWBuns/00","C4"
"15539","BECv10","SWBuns","SWBuns/00","C3"
"15540","BECv10","SWBuns","SWBuns/00","C2"
"15541","BECv10","SWBuns","SWBuns/00","C1"
"15542","BECv10","SWBuns","SWBuns/00","C0"
"15543","BECv10","SWBuns","SWBuns/00","B7"
"15544","BECv10","SWBuns","SWBuns/00","B6"
"15545","BECv10","SWBuns","SWBuns/00","B5"
"15546","BECv10","SWBuns","SWBuns/00","B4"
"15547","BECv10","SWBuns","SWBuns/00","B3"
"15548","BECv10","SWBuns","SWBuns/00","B2"
"15549","BECv10","SWBuns","SWBuns/00","B1"
"15550","BECv10","SWBuns","SWBuns/00","B0"
"15551","BECv10","SWBuns","SWBuns/00","A7"
"15552","BECv10","SWBuns","SWBuns/00","A6"
"15553","BECv10","SWBuns","SWBuns/00","A5"
"15554","BECv10","SWBuns","SWBuns/00","A4"
"15555","BECv10","SWBuns","SWBuns/00","A3"
"15556","BECv10","SWBuns","SWBuns/00","A2"
"15557","BECv10","SWBuns","SWBuns/00","A1"
"15558","BECv10","SWBuns","SWBuns/00","A0"
