"","Source","BGC","SS_NoSpace","Edatopic"
"1","BECv10","BAFAun","BAFAun/00","E7"
"2","BECv10","BAFAun","BAFAun/00","E6"
"3","BECv10","BAFAun","BAFAun/00","E5"
"4","BECv10","BAFAun","BAFAun/00","E4"
"5","BECv10","BAFAun","BAFAun/00","E3"
"6","BECv10","BAFAun","BAFAun/00","E2"
"7","BECv10","BAFAun","BAFAun/00","E1"
"8","BECv10","BAFAun","BAFAun/00","E0"
"9","BECv10","BAFAun","BAFAun/00","D7"
"10","BECv10","BAFAun","BAFAun/00","D6"
"11","BECv10","BAFAun","BAFAun/00","D5"
"12","BECv10","BAFAun","BAFAun/00","D4"
"13","BECv10","BAFAun","BAFAun/00","D3"
"14","BECv10","BAFAun","BAFAun/00","D2"
"15","BECv10","BAFAun","BAFAun/00","D1"
"16","BECv10","BAFAun","BAFAun/00","D0"
"17","BECv10","BAFAun","BAFAun/00","C7"
"18","BECv10","BAFAun","BAFAun/00","C6"
"19","BECv10","BAFAun","BAFAun/00","C5"
"20","BECv10","BAFAun","BAFAun/00","C4"
"21","BECv10","BAFAun","BAFAun/00","C3"
"22","BECv10","BAFAun","BAFAun/00","C2"
"23","BECv10","BAFAun","BAFAun/00","C1"
"24","BECv10","BAFAun","BAFAun/00","C0"
"25","BECv10","BAFAun","BAFAun/00","B7"
"26","BECv10","BAFAun","BAFAun/00","B6"
"27","BECv10","BAFAun","BAFAun/00","B5"
"28","BECv10","BAFAun","BAFAun/00","B4"
"29","BECv10","BAFAun","BAFAun/00","B3"
"30","BECv10","BAFAun","BAFAun/00","B2"
"31","BECv10","BAFAun","BAFAun/00","B1"
"32","BECv10","BAFAun","BAFAun/00","B0"
"33","BECv10","BAFAun","BAFAun/00","A7"
"34","BECv10","BAFAun","BAFAun/00","A6"
"35","BECv10","BAFAun","BAFAun/00","A5"
"36","BECv10","BAFAun","BAFAun/00","A4"
"37","BECv10","BAFAun","BAFAun/00","A3"
"38","BECv10","BAFAun","BAFAun/00","A2"
"39","BECv10","BAFAun","BAFAun/00","A1"
"40","BECv10","BAFAun","BAFAun/00","A0"
"41","BECv10","BAFAunp","BAFAunp/00","E7"
"42","BECv10","BAFAunp","BAFAunp/00","E6"
"43","BECv10","BAFAunp","BAFAunp/00","E5"
"44","BECv10","BAFAunp","BAFAunp/00","E4"
"45","BECv10","BAFAunp","BAFAunp/00","E3"
"46","BECv10","BAFAunp","BAFAunp/00","E2"
"47","BECv10","BAFAunp","BAFAunp/00","E1"
"48","BECv10","BAFAunp","BAFAunp/00","E0"
"49","BECv10","BAFAunp","BAFAunp/00","D7"
"50","BECv10","BAFAunp","BAFAunp/00","D6"
"51","BECv10","BAFAunp","BAFAunp/00","D5"
"52","BECv10","BAFAunp","BAFAunp/00","D4"
"53","BECv10","BAFAunp","BAFAunp/00","D3"
"54","BECv10","BAFAunp","BAFAunp/00","D2"
"55","BECv10","BAFAunp","BAFAunp/00","D1"
"56","BECv10","BAFAunp","BAFAunp/00","D0"
"57","BECv10","BAFAunp","BAFAunp/00","C7"
"58","BECv10","BAFAunp","BAFAunp/00","C6"
"59","BECv10","BAFAunp","BAFAunp/00","C5"
"60","BECv10","BAFAunp","BAFAunp/00","C4"
"61","BECv10","BAFAunp","BAFAunp/00","C3"
"62","BECv10","BAFAunp","BAFAunp/00","C2"
"63","BECv10","BAFAunp","BAFAunp/00","C1"
"64","BECv10","BAFAunp","BAFAunp/00","C0"
"65","BECv10","BAFAunp","BAFAunp/00","B7"
"66","BECv10","BAFAunp","BAFAunp/00","B6"
"67","BECv10","BAFAunp","BAFAunp/00","B5"
"68","BECv10","BAFAunp","BAFAunp/00","B4"
"69","BECv10","BAFAunp","BAFAunp/00","B3"
"70","BECv10","BAFAunp","BAFAunp/00","B2"
"71","BECv10","BAFAunp","BAFAunp/00","B1"
"72","BECv10","BAFAunp","BAFAunp/00","B0"
"73","BECv10","BAFAunp","BAFAunp/00","A7"
"74","BECv10","BAFAunp","BAFAunp/00","A6"
"75","BECv10","BAFAunp","BAFAunp/00","A5"
"76","BECv10","BAFAunp","BAFAunp/00","A4"
"77","BECv10","BAFAunp","BAFAunp/00","A3"
"78","BECv10","BAFAunp","BAFAunp/00","A2"
"79","BECv10","BAFAunp","BAFAunp/00","A1"
"80","BECv10","BAFAunp","BAFAunp/00","A0"
"81","USA_2019","BGdh_OR","BGdh_OR/110","E5"
"82","USA_2019","BGdh_OR","BGdh_OR/110","D5"
"83","USA_2019","BGdh_OR","BGdh_OR/110","C5"
"84","USA_2019","BGdh_OR","BGdh_OR/110","B5"
"85","USA_2019","BGdh_OR","BGdh_OR/111","E6"
"86","USA_2019","BGdh_OR","BGdh_OR/111","D6"
"87","USA_2019","BGdh_OR","BGdh_OR/111","C6"
"88","USA_2019","BGdh_OR","BGdh_OR/111","B6"
"89","USA_2019","BGdh_OR","BGdh_OR/Gg1","D2"
"90","USA_2019","BGdh_OR","BGdh_OR/Gg1","D1"
"91","USA_2019","BGdh_OR","BGdh_OR/Gg1","C2"
"92","USA_2019","BGdh_OR","BGdh_OR/Gg1","C1"
"93","USA_2019","BGdh_OR","BGdh_OR/Gg1","B2"
"94","USA_2019","BGdh_OR","BGdh_OR/Gg1","B1"
"95","USA_2019","BGdh_OR","BGdh_OR/Gg1","A2"
"96","USA_2019","BGdh_OR","BGdh_OR/Gg1","A1"
"97","USA_2019","BGdh_OR","BGdh_OR/Gg2","D4"
"98","USA_2019","BGdh_OR","BGdh_OR/Gg2","D3"
"99","USA_2019","BGdh_OR","BGdh_OR/Gg2","C4"
"100","USA_2019","BGdh_OR","BGdh_OR/Gg2","C3"
"101","USA_2019","BGdh_OR","BGdh_OR/Gg2","B4"
"102","USA_2019","BGdh_OR","BGdh_OR/Gg2","B3"
"103","Add_2021","BGdh_OR","BGdh_OR/Ro","A0"
"104","Add_2021","BGdh_OR","BGdh_OR/Ro","B0"
"105","USA_2020","BGdw_OR","BGdw_OR/110","E5"
"106","USA_2020","BGdw_OR","BGdw_OR/110","D5"
"107","USA_2020","BGdw_OR","BGdw_OR/110","C5"
"108","USA_2020","BGdw_OR","BGdw_OR/110","B5"
"109","USA_2020","BGdw_OR","BGdw_OR/111","E6"
"110","USA_2020","BGdw_OR","BGdw_OR/111","D6"
"111","USA_2020","BGdw_OR","BGdw_OR/111","C6"
"112","USA_2020","BGdw_OR","BGdw_OR/111","B6"
"113","USA_2020","BGdw_OR","BGdw_OR/Gg","D4"
"114","USA_2020","BGdw_OR","BGdw_OR/Gg","D3"
"115","USA_2020","BGdw_OR","BGdw_OR/Gg","D2"
"116","USA_2020","BGdw_OR","BGdw_OR/Gg","D1"
"117","USA_2020","BGdw_OR","BGdw_OR/Gg","C4"
"118","USA_2020","BGdw_OR","BGdw_OR/Gg","C3"
"119","USA_2020","BGdw_OR","BGdw_OR/Gg","C2"
"120","USA_2020","BGdw_OR","BGdw_OR/Gg","C1"
"121","USA_2020","BGdw_OR","BGdw_OR/Gg","B4"
"122","USA_2020","BGdw_OR","BGdw_OR/Gg","B3"
"123","USA_2020","BGdw_OR","BGdw_OR/Gg","B2"
"124","USA_2020","BGdw_OR","BGdw_OR/Gg","B1"
"125","USA_2020","BGdw_OR","BGdw_OR/Gg","A2"
"126","USA_2020","BGdw_OR","BGdw_OR/Gg","A1"
"127","Add_2021","BGdw_OR","BGdw_OR/Ro","A0"
"128","Add_2021","BGdw_OR","BGdw_OR/Ro","B0"
"129","USA_2019","BGdw_WA","BGdw_WA/110","E5"
"130","USA_2019","BGdw_WA","BGdw_WA/110","D5"
"131","USA_2019","BGdw_WA","BGdw_WA/110","C5"
"132","USA_2019","BGdw_WA","BGdw_WA/110","B5"
"133","USA_2019","BGdw_WA","BGdw_WA/111","E6"
"134","USA_2019","BGdw_WA","BGdw_WA/111","D6"
"135","USA_2019","BGdw_WA","BGdw_WA/111","C6"
"136","USA_2019","BGdw_WA","BGdw_WA/111","B6"
"137","USA_2019","BGdw_WA","BGdw_WA/Gg","D4"
"138","USA_2019","BGdw_WA","BGdw_WA/Gg","D3"
"139","USA_2019","BGdw_WA","BGdw_WA/Gg","D2"
"140","USA_2019","BGdw_WA","BGdw_WA/Gg","D1"
"141","USA_2019","BGdw_WA","BGdw_WA/Gg","C4"
"142","USA_2019","BGdw_WA","BGdw_WA/Gg","C3"
"143","USA_2019","BGdw_WA","BGdw_WA/Gg","C2"
"144","USA_2019","BGdw_WA","BGdw_WA/Gg","C1"
"145","USA_2019","BGdw_WA","BGdw_WA/Gg","B4"
"146","USA_2019","BGdw_WA","BGdw_WA/Gg","B3"
"147","USA_2019","BGdw_WA","BGdw_WA/Gg","B2"
"148","USA_2019","BGdw_WA","BGdw_WA/Gg","B1"
"149","USA_2019","BGdw_WA","BGdw_WA/Gg","A2"
"150","USA_2019","BGdw_WA","BGdw_WA/Gg","A1"
"151","Add_2021","BGdw_WA","BGdw_WA/Ro","A0"
"152","Add_2021","BGdw_WA","BGdw_WA/Ro","B0"
"177","USA_2019","BGmk_MT","BGmk_MT/110","E5"
"178","USA_2019","BGmk_MT","BGmk_MT/110","D5"
"179","USA_2019","BGmk_MT","BGmk_MT/110","C5"
"180","USA_2019","BGmk_MT","BGmk_MT/110","B5"
"181","USA_2019","BGmk_MT","BGmk_MT/111","E6"
"182","USA_2019","BGmk_MT","BGmk_MT/111","D6"
"183","USA_2019","BGmk_MT","BGmk_MT/111","C6"
"184","USA_2019","BGmk_MT","BGmk_MT/111","B6"
"185","USA_2019","BGmk_MT","BGmk_MT/Gg1","D2"
"186","USA_2019","BGmk_MT","BGmk_MT/Gg1","D1"
"187","USA_2019","BGmk_MT","BGmk_MT/Gg1","C2"
"188","USA_2019","BGmk_MT","BGmk_MT/Gg1","C1"
"189","USA_2019","BGmk_MT","BGmk_MT/Gg1","B2"
"190","USA_2019","BGmk_MT","BGmk_MT/Gg1","B1"
"191","USA_2019","BGmk_MT","BGmk_MT/Gg1","A2"
"192","USA_2019","BGmk_MT","BGmk_MT/Gg1","A1"
"193","USA_2019","BGmk_MT","BGmk_MT/Gg2","D4"
"194","USA_2019","BGmk_MT","BGmk_MT/Gg2","D3"
"195","USA_2019","BGmk_MT","BGmk_MT/Gg2","C4"
"196","USA_2019","BGmk_MT","BGmk_MT/Gg2","C3"
"197","USA_2019","BGmk_MT","BGmk_MT/Gg2","B4"
"198","USA_2019","BGmk_MT","BGmk_MT/Gg2","B3"
"199","Add_2021","BGmk_MT","BGmk_MT/Ro","A0"
"200","Add_2021","BGmk_MT","BGmk_MT/Ro","B0"
"201","USA_2020","BGmk_NV","BGmk_NV/110","E5"
"202","USA_2020","BGmk_NV","BGmk_NV/110","D5"
"203","USA_2020","BGmk_NV","BGmk_NV/110","C5"
"204","USA_2020","BGmk_NV","BGmk_NV/110","B5"
"205","USA_2020","BGmk_NV","BGmk_NV/111","E6"
"206","USA_2020","BGmk_NV","BGmk_NV/111","D6"
"207","USA_2020","BGmk_NV","BGmk_NV/111","C6"
"208","USA_2020","BGmk_NV","BGmk_NV/111","B6"
"209","USA_2020","BGmk_NV","BGmk_NV/Gg1","D2"
"210","USA_2020","BGmk_NV","BGmk_NV/Gg1","D1"
"211","USA_2020","BGmk_NV","BGmk_NV/Gg1","C2"
"212","USA_2020","BGmk_NV","BGmk_NV/Gg1","C1"
"213","USA_2020","BGmk_NV","BGmk_NV/Gg1","B2"
"214","USA_2020","BGmk_NV","BGmk_NV/Gg1","B1"
"215","USA_2020","BGmk_NV","BGmk_NV/Gg1","A2"
"216","USA_2020","BGmk_NV","BGmk_NV/Gg1","A1"
"217","USA_2020","BGmk_NV","BGmk_NV/Gg2","D4"
"218","USA_2020","BGmk_NV","BGmk_NV/Gg2","D3"
"219","USA_2020","BGmk_NV","BGmk_NV/Gg2","C4"
"220","USA_2020","BGmk_NV","BGmk_NV/Gg2","C3"
"221","USA_2020","BGmk_NV","BGmk_NV/Gg2","B4"
"222","USA_2020","BGmk_NV","BGmk_NV/Gg2","B3"
"223","Add_2021","BGmk_NV","BGmk_NV/Ro","A0"
"224","Add_2021","BGmk_NV","BGmk_NV/Ro","B0"
"225","USA_2019","BGmm_MT","BGmm_MT/110","E5"
"226","USA_2019","BGmm_MT","BGmm_MT/110","D5"
"227","USA_2019","BGmm_MT","BGmm_MT/110","C5"
"228","USA_2019","BGmm_MT","BGmm_MT/110","B5"
"229","USA_2019","BGmm_MT","BGmm_MT/111","E6"
"230","USA_2019","BGmm_MT","BGmm_MT/111","D6"
"231","USA_2019","BGmm_MT","BGmm_MT/111","C6"
"232","USA_2019","BGmm_MT","BGmm_MT/111","B6"
"233","USA_2019","BGmm_MT","BGmm_MT/Gg1","D2"
"234","USA_2019","BGmm_MT","BGmm_MT/Gg1","D1"
"235","USA_2019","BGmm_MT","BGmm_MT/Gg1","C2"
"236","USA_2019","BGmm_MT","BGmm_MT/Gg1","C1"
"237","USA_2019","BGmm_MT","BGmm_MT/Gg1","B2"
"238","USA_2019","BGmm_MT","BGmm_MT/Gg1","B1"
"239","USA_2019","BGmm_MT","BGmm_MT/Gg1","A2"
"240","USA_2019","BGmm_MT","BGmm_MT/Gg1","A1"
"241","USA_2019","BGmm_MT","BGmm_MT/Gg2","D4"
"242","USA_2019","BGmm_MT","BGmm_MT/Gg2","D3"
"243","USA_2019","BGmm_MT","BGmm_MT/Gg2","C4"
"244","USA_2019","BGmm_MT","BGmm_MT/Gg2","C3"
"245","USA_2019","BGmm_MT","BGmm_MT/Gg2","B4"
"246","USA_2019","BGmm_MT","BGmm_MT/Gg2","B3"
"247","Add_2021","BGmm_MT","BGmm_MT/Ro","A0"
"248","Add_2021","BGmm_MT","BGmm_MT/Ro","B0"
"249","USA_2020","BGmw_OR","BGmw_OR/110","E5"
"250","USA_2020","BGmw_OR","BGmw_OR/110","D5"
"251","USA_2020","BGmw_OR","BGmw_OR/110","C5"
"252","USA_2020","BGmw_OR","BGmw_OR/110","B5"
"253","USA_2020","BGmw_OR","BGmw_OR/111","E6"
"254","USA_2020","BGmw_OR","BGmw_OR/111","D6"
"255","USA_2020","BGmw_OR","BGmw_OR/111","C6"
"256","USA_2020","BGmw_OR","BGmw_OR/111","B6"
"257","USA_2020","BGmw_OR","BGmw_OR/Gg","D4"
"258","USA_2020","BGmw_OR","BGmw_OR/Gg","D3"
"259","USA_2020","BGmw_OR","BGmw_OR/Gg","D2"
"260","USA_2020","BGmw_OR","BGmw_OR/Gg","D1"
"261","USA_2020","BGmw_OR","BGmw_OR/Gg","C4"
"262","USA_2020","BGmw_OR","BGmw_OR/Gg","C3"
"263","USA_2020","BGmw_OR","BGmw_OR/Gg","C2"
"264","USA_2020","BGmw_OR","BGmw_OR/Gg","C1"
"265","USA_2020","BGmw_OR","BGmw_OR/Gg","B4"
"266","USA_2020","BGmw_OR","BGmw_OR/Gg","B3"
"267","USA_2020","BGmw_OR","BGmw_OR/Gg","B2"
"268","USA_2020","BGmw_OR","BGmw_OR/Gg","B1"
"269","USA_2020","BGmw_OR","BGmw_OR/Gg","A2"
"270","USA_2020","BGmw_OR","BGmw_OR/Gg","A1"
"271","Add_2021","BGmw_OR","BGmw_OR/Ro","A0"
"272","Add_2021","BGmw_OR","BGmw_OR/Ro","B0"
"273","USA_2019","BGmw_WA","BGmw_WA/110","E5"
"274","USA_2019","BGmw_WA","BGmw_WA/110","D5"
"275","USA_2019","BGmw_WA","BGmw_WA/110","C5"
"276","USA_2019","BGmw_WA","BGmw_WA/110","B5"
"277","USA_2019","BGmw_WA","BGmw_WA/111","E6"
"278","USA_2019","BGmw_WA","BGmw_WA/111","D6"
"279","USA_2019","BGmw_WA","BGmw_WA/111","C6"
"280","USA_2019","BGmw_WA","BGmw_WA/111","B6"
"281","USA_2019","BGmw_WA","BGmw_WA/Gg","D4"
"282","USA_2019","BGmw_WA","BGmw_WA/Gg","D3"
"283","USA_2019","BGmw_WA","BGmw_WA/Gg","D2"
"284","USA_2019","BGmw_WA","BGmw_WA/Gg","D1"
"285","USA_2019","BGmw_WA","BGmw_WA/Gg","C4"
"286","USA_2019","BGmw_WA","BGmw_WA/Gg","C3"
"287","USA_2019","BGmw_WA","BGmw_WA/Gg","C2"
"288","USA_2019","BGmw_WA","BGmw_WA/Gg","C1"
"289","USA_2019","BGmw_WA","BGmw_WA/Gg","B4"
"290","USA_2019","BGmw_WA","BGmw_WA/Gg","B3"
"291","USA_2019","BGmw_WA","BGmw_WA/Gg","B2"
"292","USA_2019","BGmw_WA","BGmw_WA/Gg","B1"
"293","USA_2019","BGmw_WA","BGmw_WA/Gg","A2"
"294","USA_2019","BGmw_WA","BGmw_WA/Gg","A1"
"295","Add_2021","BGmw_WA","BGmw_WA/Ro","A0"
"296","Add_2021","BGmw_WA","BGmw_WA/Ro","B0"
"297","USA_2019","BGwm_WA","BGwm_WA/110","E5"
"298","USA_2019","BGwm_WA","BGwm_WA/110","D5"
"299","USA_2019","BGwm_WA","BGwm_WA/110","C5"
"300","USA_2019","BGwm_WA","BGwm_WA/110","B5"
"301","USA_2019","BGwm_WA","BGwm_WA/111","E6"
"302","USA_2019","BGwm_WA","BGwm_WA/111","D6"
"303","USA_2019","BGwm_WA","BGwm_WA/111","C6"
"304","USA_2019","BGwm_WA","BGwm_WA/111","B6"
"305","USA_2019","BGwm_WA","BGwm_WA/Gg","D4"
"306","USA_2019","BGwm_WA","BGwm_WA/Gg","D3"
"307","USA_2019","BGwm_WA","BGwm_WA/Gg","D2"
"308","USA_2019","BGwm_WA","BGwm_WA/Gg","D1"
"309","USA_2019","BGwm_WA","BGwm_WA/Gg","C4"
"310","USA_2019","BGwm_WA","BGwm_WA/Gg","C3"
"311","USA_2019","BGwm_WA","BGwm_WA/Gg","C2"
"312","USA_2019","BGwm_WA","BGwm_WA/Gg","C1"
"313","USA_2019","BGwm_WA","BGwm_WA/Gg","B4"
"314","USA_2019","BGwm_WA","BGwm_WA/Gg","B3"
"315","USA_2019","BGwm_WA","BGwm_WA/Gg","B2"
"316","USA_2019","BGwm_WA","BGwm_WA/Gg","B1"
"317","USA_2019","BGwm_WA","BGwm_WA/Gg","A2"
"318","USA_2019","BGwm_WA","BGwm_WA/Gg","A1"
"319","Add_2021","BGwm_WA","BGwm_WA/Ro","A0"
"320","Add_2021","BGwm_WA","BGwm_WA/Ro","B0"
"321","USA_2019","BGxh_WA","BGxh_WA/110","E5"
"322","USA_2019","BGxh_WA","BGxh_WA/110","D5"
"323","USA_2019","BGxh_WA","BGxh_WA/110","C5"
"324","USA_2019","BGxh_WA","BGxh_WA/110","B5"
"325","USA_2019","BGxh_WA","BGxh_WA/111","E6"
"326","USA_2019","BGxh_WA","BGxh_WA/111","D6"
"327","USA_2019","BGxh_WA","BGxh_WA/111","C6"
"328","USA_2019","BGxh_WA","BGxh_WA/111","B6"
"329","USA_2019","BGxh_WA","BGxh_WA/Gg1","D2"
"330","USA_2019","BGxh_WA","BGxh_WA/Gg1","D1"
"331","USA_2019","BGxh_WA","BGxh_WA/Gg1","C2"
"332","USA_2019","BGxh_WA","BGxh_WA/Gg1","C1"
"333","USA_2019","BGxh_WA","BGxh_WA/Gg1","B2"
"334","USA_2019","BGxh_WA","BGxh_WA/Gg1","B1"
"335","USA_2019","BGxh_WA","BGxh_WA/Gg1","A2"
"336","USA_2019","BGxh_WA","BGxh_WA/Gg1","A1"
"337","USA_2019","BGxh_WA","BGxh_WA/Gg2","D4"
"338","USA_2019","BGxh_WA","BGxh_WA/Gg2","D3"
"339","USA_2019","BGxh_WA","BGxh_WA/Gg2","C4"
"340","USA_2019","BGxh_WA","BGxh_WA/Gg2","C3"
"341","USA_2019","BGxh_WA","BGxh_WA/Gg2","B4"
"342","USA_2019","BGxh_WA","BGxh_WA/Gg2","B3"
"343","Add_2021","BGxh_WA","BGxh_WA/Ro","A0"
"344","Add_2021","BGxh_WA","BGxh_WA/Ro","B0"
"345","BECv12","BGxh1","BGxh1/102","C2"
"346","BECv12","BGxh1","BGxh1/102","C1"
"347","BECv12","BGxh1","BGxh1/102","B2"
"348","BECv12","BGxh1","BGxh1/102","B1"
"349","BECv12","BGxh1","BGxh1/102","A2"
"350","BECv12","BGxh1","BGxh1/102","A1"
"351","BECv12","BGxh1","BGxh1/103","C3"
"352","BECv12","BGxh1","BGxh1/103","B3"
"353","BECv12","BGxh1","BGxh1/103","A3"
"354","BECv12","BGxh1","BGxh1/110","E5"
"355","BECv12","BGxh1","BGxh1/110","E4"
"356","BECv12","BGxh1","BGxh1/110","D5"
"357","BECv12","BGxh1","BGxh1/110","D4"
"358","BECv12","BGxh1","BGxh1/110","C5"
"359","BECv12","BGxh1","BGxh1/110","C4"
"360","BECv12","BGxh1","BGxh1/Fm01","E6"
"361","BECv12","BGxh1","BGxh1/Fm01","E5"
"362","BECv12","BGxh1","BGxh1/Fm01","D6"
"363","BECv12","BGxh1","BGxh1/Fm01","D5"
"364","BECv12","BGxh1","BGxh1/Fm01","C6"
"365","BECv12","BGxh1","BGxh1/Fm01","C5"
"366","BECv12","BGxh1","BGxh1/Fm06","E6"
"367","BECv12","BGxh1","BGxh1/Fm06","E5"
"368","BECv12","BGxh1","BGxh1/Fm06","D6"
"369","BECv12","BGxh1","BGxh1/Fm06","D5"
"370","BECv12","BGxh1","BGxh1/Fm06","C6"
"371","BECv12","BGxh1","BGxh1/Fm06","C5"
"372","BECv10","BGxh1","BGxh1/Gg","E4"
"373","BECv10","BGxh1","BGxh1/Gg","E3"
"374","BECv10","BGxh1","BGxh1/Gg","D4"
"375","BECv10","BGxh1","BGxh1/Gg","D3"
"376","BECv10","BGxh1","BGxh1/Gg","D2"
"377","BECv10","BGxh1","BGxh1/Gg","D1"
"378","BECv10","BGxh1","BGxh1/Gg","C4"
"379","BECv10","BGxh1","BGxh1/Gg","C3"
"380","BECv10","BGxh1","BGxh1/Gg","C2"
"381","BECv10","BGxh1","BGxh1/Gg","C1"
"382","BECv10","BGxh1","BGxh1/Gg","C0"
"383","BECv10","BGxh1","BGxh1/Gg","B4"
"384","BECv10","BGxh1","BGxh1/Gg","B3"
"385","BECv10","BGxh1","BGxh1/Gg","B2"
"386","BECv10","BGxh1","BGxh1/Gg","B1"
"387","BECv10","BGxh1","BGxh1/Gg","B0"
"388","BECv10","BGxh1","BGxh1/Gg","A4"
"389","BECv10","BGxh1","BGxh1/Gg","A3"
"390","BECv10","BGxh1","BGxh1/Gg","A2"
"391","BECv10","BGxh1","BGxh1/Gg","A1"
"392","BECv10","BGxh1","BGxh1/Gg","A0"
"393","BECv12","BGxh2","BGxh2/102","C3"
"394","BECv12","BGxh2","BGxh2/102","C2"
"395","BECv12","BGxh2","BGxh2/102","B3"
"396","BECv12","BGxh2","BGxh2/102","B2"
"397","BECv12","BGxh2","BGxh2/110","E5"
"398","BECv12","BGxh2","BGxh2/110","E4"
"399","BECv12","BGxh2","BGxh2/110","D5"
"400","BECv12","BGxh2","BGxh2/110","D4"
"401","BECv12","BGxh2","BGxh2/110","C5"
"402","BECv12","BGxh2","BGxh2/110","C4"
"403","BECv12","BGxh2","BGxh2/Fm01","E6"
"404","BECv12","BGxh2","BGxh2/Fm01","E5"
"405","BECv12","BGxh2","BGxh2/Fm01","D6"
"406","BECv12","BGxh2","BGxh2/Fm01","D5"
"407","BECv12","BGxh2","BGxh2/Fm05","E6"
"408","BECv12","BGxh2","BGxh2/Fm05","E5"
"409","BECv12","BGxh2","BGxh2/Fm05","D6"
"410","BECv12","BGxh2","BGxh2/Fm05","D5"
"411","BECv12","BGxh2","BGxh2/Fm06","E6"
"412","BECv12","BGxh2","BGxh2/Fm06","E5"
"413","BECv12","BGxh2","BGxh2/Fm06","D6"
"414","BECv12","BGxh2","BGxh2/Fm06","D5"
"415","BECv10","BGxh2","BGxh2/Gg","D4"
"416","BECv10","BGxh2","BGxh2/Gg","D3"
"417","BECv10","BGxh2","BGxh2/Gg","C2"
"418","BECv10","BGxh2","BGxh2/Gg","C1"
"419","BECv10","BGxh2","BGxh2/Gg","B2"
"420","BECv10","BGxh2","BGxh2/Gg","B1"
"421","BECv10","BGxh2","BGxh2/Gg","B0"
"422","BECv10","BGxh2","BGxh2/Gg","A1"
"423","BECv10","BGxh2","BGxh2/Gg","A0"
"424","BECv10","BGxh2","BGxh2/Gs","E5"
"425","BECv10","BGxh2","BGxh2/Gs","E4"
"426","BECv10","BGxh2","BGxh2/Gs","D5"
"427","BECv10","BGxh2","BGxh2/Gs","D4"
"428","BECv10","BGxh2","BGxh2/Gs","D3"
"429","BECv10","BGxh2","BGxh2/Gs","D2"
"430","BECv10","BGxh2","BGxh2/Gs","D1"
"431","BECv10","BGxh2","BGxh2/Gs","C5"
"432","BECv10","BGxh2","BGxh2/Gs","C4"
"433","BECv10","BGxh2","BGxh2/Gs","C3"
"434","BECv10","BGxh2","BGxh2/Gs","C2"
"435","BECv10","BGxh2","BGxh2/Gs","C1"
"436","BECv10","BGxh2","BGxh2/Gs","B4"
"437","BECv10","BGxh2","BGxh2/Gs","B3"
"438","BECv10","BGxh2","BGxh2/Gs","B2"
"439","BECv10","BGxh2","BGxh2/Gs","B1"
"440","BECv10","BGxh3","BGxh3/110","D5"
"441","BECv10","BGxh3","BGxh3/110","D4"
"442","BECv10","BGxh3","BGxh3/110","C5"
"443","BECv10","BGxh3","BGxh3/110","C4"
"444","BECv10","BGxh3","BGxh3/111","D5"
"445","BECv10","BGxh3","BGxh3/111","D4"
"446","BECv10","BGxh3","BGxh3/111","C5"
"447","BECv10","BGxh3","BGxh3/111","C4"
"448","BECv10","BGxh3","BGxh3/112","D6"
"449","BECv10","BGxh3","BGxh3/112","D5"
"450","BECv10","BGxh3","BGxh3/113","C6"
"451","BECv10","BGxh3","BGxh3/113","C5"
"452","Add_2021","BGxh3","BGxh3/Fm01","E5"
"453","Add_2021","BGxh3","BGxh3/Fm01","E6"
"454","BECv10","BGxh3","BGxh3/Gg","D5"
"455","BECv10","BGxh3","BGxh3/Gg","D4"
"456","BECv10","BGxh3","BGxh3/Gg","C5"
"457","BECv10","BGxh3","BGxh3/Gg","C4"
"458","BECv10","BGxh3","BGxh3/Gg","C3"
"459","BECv10","BGxh3","BGxh3/Gg","C2"
"460","BECv10","BGxh3","BGxh3/Gg","B4"
"461","BECv10","BGxh3","BGxh3/Gg","B3"
"462","BECv10","BGxh3","BGxh3/Gg","B2"
"463","Add_2021","BGxh3","BGxh3/Ro","A0"
"464","Add_2021","BGxh3","BGxh3/Ro","B0"
"465","BECv12","BGxw1","BGxw1/102","C2"
"466","BECv12","BGxw1","BGxw1/102","C1"
"467","BECv12","BGxw1","BGxw1/102","B2"
"468","BECv12","BGxw1","BGxw1/102","B1"
"469","BECv12","BGxw1","BGxw1/110","E4"
"470","BECv12","BGxw1","BGxw1/110","D4"
"471","BECv12","BGxw1","BGxw1/111","E5"
"472","BECv12","BGxw1","BGxw1/111","E4"
"473","BECv12","BGxw1","BGxw1/111","D5"
"474","BECv12","BGxw1","BGxw1/111","D4"
"475","BECv12","BGxw1","BGxw1/111","C5"
"476","BECv12","BGxw1","BGxw1/Fm01","E6"
"477","BECv12","BGxw1","BGxw1/Fm01","E5"
"478","BECv12","BGxw1","BGxw1/Fm01","D6"
"479","BECv12","BGxw1","BGxw1/Fm01","D5"
"480","BECv12","BGxw1","BGxw1/Fm05","E6"
"481","BECv12","BGxw1","BGxw1/Fm05","E5"
"482","BECv12","BGxw1","BGxw1/Fm05","D6"
"483","BECv12","BGxw1","BGxw1/Fm05","D5"
"484","BECv10","BGxw1","BGxw1/Gg","E4"
"485","BECv10","BGxw1","BGxw1/Gg","E3"
"486","BECv10","BGxw1","BGxw1/Gg","D4"
"487","BECv10","BGxw1","BGxw1/Gg","D3"
"488","BECv10","BGxw1","BGxw1/Gg","D2"
"489","BECv10","BGxw1","BGxw1/Gg","D1"
"490","BECv10","BGxw1","BGxw1/Gg","C4"
"491","BECv10","BGxw1","BGxw1/Gg","C3"
"492","BECv10","BGxw1","BGxw1/Gg","C2"
"493","BECv10","BGxw1","BGxw1/Gg","C1"
"494","BECv10","BGxw1","BGxw1/Gg","B4"
"495","BECv10","BGxw1","BGxw1/Gg","B3"
"496","BECv10","BGxw1","BGxw1/Gg","B2"
"497","BECv10","BGxw1","BGxw1/Gg","B1"
"498","BECv10","BGxw1","BGxw1/Gg","A2"
"499","BECv10","BGxw1","BGxw1/Gg","A1"
"500","Add_2021","BGxw1","BGxw1/Ro","A0"
"501","Add_2021","BGxw1","BGxw1/Ro","B0"
"502","BECv10","BGxw2","BGxw2/101","D4"
"503","BECv10","BGxw2","BGxw2/101","D3"
"504","BECv10","BGxw2","BGxw2/101","C4"
"505","BECv10","BGxw2","BGxw2/101","C3"
"506","BECv10","BGxw2","BGxw2/101","B4"
"507","BECv10","BGxw2","BGxw2/110","D5"
"508","BECv10","BGxw2","BGxw2/110","D4"
"509","BECv10","BGxw2","BGxw2/110","C5"
"510","BECv10","BGxw2","BGxw2/110","C4"
"511","BECv10","BGxw2","BGxw2/111","D5"
"512","BECv10","BGxw2","BGxw2/111","D4"
"513","BECv10","BGxw2","BGxw2/111","C5"
"514","BECv10","BGxw2","BGxw2/111","C4"
"515","BECv10","BGxw2","BGxw2/112","E6"
"516","BECv10","BGxw2","BGxw2/112","E5"
"517","BECv10","BGxw2","BGxw2/113","D5"
"518","BECv10","BGxw2","BGxw2/113","C5"
"519","BECv10","BGxw2","BGxw2/114","D6"
"520","BECv10","BGxw2","BGxw2/114","D5"
"521","BECv10","BGxw2","BGxw2/114","C6"
"522","BECv10","BGxw2","BGxw2/115","D6"
"523","BECv10","BGxw2","BGxw2/115","D5"
"524","BECv10","BGxw2","BGxw2/115","C6"
"525","BECv10","BGxw2","BGxw2/115","C5"
"526","BECv10","BGxw2","BGxw2/Gg","D5"
"527","BECv10","BGxw2","BGxw2/Gg","D4"
"528","BECv10","BGxw2","BGxw2/Gg","D3"
"529","BECv10","BGxw2","BGxw2/Gg","C5"
"530","BECv10","BGxw2","BGxw2/Gg","C4"
"531","BECv10","BGxw2","BGxw2/Gg","C3"
"532","BECv10","BGxw2","BGxw2/Gg","C2"
"533","BECv10","BGxw2","BGxw2/Gg","B4"
"534","BECv10","BGxw2","BGxw2/Gg","B3"
"535","BECv10","BGxw2","BGxw2/Gg","B2"
"536","Add_2021","BGxw2","BGxw2/Ro","A0"
"537","Add_2021","BGxw2","BGxw2/Ro","B0"
"538","USA_2020","BGxx_WY","BGxx_WY/110","E5"
"539","USA_2020","BGxx_WY","BGxx_WY/110","D5"
"540","USA_2020","BGxx_WY","BGxx_WY/110","C5"
"541","USA_2020","BGxx_WY","BGxx_WY/110","B5"
"542","USA_2020","BGxx_WY","BGxx_WY/111","E6"
"543","USA_2020","BGxx_WY","BGxx_WY/111","D6"
"544","USA_2020","BGxx_WY","BGxx_WY/111","C6"
"545","USA_2020","BGxx_WY","BGxx_WY/111","B6"
"546","USA_2020","BGxx_WY","BGxx_WY/Gg1","D2"
"547","USA_2020","BGxx_WY","BGxx_WY/Gg1","D1"
"548","USA_2020","BGxx_WY","BGxx_WY/Gg1","C2"
"549","USA_2020","BGxx_WY","BGxx_WY/Gg1","C1"
"550","USA_2020","BGxx_WY","BGxx_WY/Gg1","B2"
"551","USA_2020","BGxx_WY","BGxx_WY/Gg1","B1"
"552","USA_2020","BGxx_WY","BGxx_WY/Gg1","A2"
"553","USA_2020","BGxx_WY","BGxx_WY/Gg1","A1"
"554","USA_2020","BGxx_WY","BGxx_WY/Gg2","D4"
"555","USA_2020","BGxx_WY","BGxx_WY/Gg2","D3"
"556","USA_2020","BGxx_WY","BGxx_WY/Gg2","C4"
"557","USA_2020","BGxx_WY","BGxx_WY/Gg2","C3"
"558","USA_2020","BGxx_WY","BGxx_WY/Gg2","B4"
"559","USA_2020","BGxx_WY","BGxx_WY/Gg2","B3"
"560","Add_2021","BGxx_WY","BGxx_WY/Ro","A0"
"561","Add_2021","BGxx_WY","BGxx_WY/Ro","B0"
"562","AB_2018","BSJPap","BSJPap/a","C2"
"563","AB_2018","BSJPap","BSJPap/a","B3"
"564","AB_2018","BSJPap","BSJPap/a","B2"
"565","AB_2018","BSJPap","BSJPap/a","B1"
"566","AB_2018","BSJPap","BSJPap/a","A3"
"567","AB_2018","BSJPap","BSJPap/a","A2"
"568","AB_2018","BSJPap","BSJPap/a","A1"
"569","AB_2018","BSJPap","BSJPap/b","D5"
"570","AB_2018","BSJPap","BSJPap/b","D4"
"571","AB_2018","BSJPap","BSJPap/b","D3"
"572","AB_2018","BSJPap","BSJPap/b","C5"
"573","AB_2018","BSJPap","BSJPap/b","C4"
"574","AB_2018","BSJPap","BSJPap/b","C3"
"575","AB_2018","BSJPap","BSJPap/b","B4"
"576","AB_2018","BSJPap","BSJPap/b","B3"
"577","AB_2018","BSJPap","BSJPap/c","C5"
"578","AB_2018","BSJPap","BSJPap/c","C4"
"579","AB_2018","BSJPap","BSJPap/c","B5"
"580","AB_2018","BSJPap","BSJPap/c","B4"
"581","AB_2018","BSJPap","BSJPap/c","B3"
"582","AB_2018","BSJPap","BSJPap/c","A5"
"583","AB_2018","BSJPap","BSJPap/c","A4"
"584","AB_2018","BSJPap","BSJPap/d","C6"
"585","AB_2018","BSJPap","BSJPap/d","C5"
"586","AB_2018","BSJPap","BSJPap/d","B6"
"587","AB_2018","BSJPap","BSJPap/d","B5"
"588","AB_2018","BSJPap","BSJPap/d","A6"
"589","AB_2018","BSJPap","BSJPap/d","A5"
"590","AB_2018","BSJPap","BSJPap/e","E6"
"591","AB_2018","BSJPap","BSJPap/e","E5"
"592","AB_2018","BSJPap","BSJPap/e","D6"
"593","AB_2018","BSJPap","BSJPap/e","D5"
"594","AB_2018","BSJPap","BSJPap/e","C6"
"595","AB_2018","BSJPap","BSJPap/e","C5"
"596","AB_2018","BSJPap","BSJPap/f","B7"
"597","AB_2018","BSJPap","BSJPap/f","B6"
"598","AB_2018","BSJPap","BSJPap/f","A7"
"599","AB_2018","BSJPap","BSJPap/f","A6"
"600","AB_2018","BSJPap","BSJPap/g","C7"
"601","AB_2018","BSJPap","BSJPap/g","C6"
"602","AB_2018","BSJPap","BSJPap/g","B7"
"603","AB_2018","BSJPap","BSJPap/g","B6"
"604","AB_2018","BSJPap","BSJPap/h","E7"
"605","AB_2018","BSJPap","BSJPap/h","E6"
"606","AB_2018","BSJPap","BSJPap/h","D7"
"607","AB_2018","BSJPap","BSJPap/h","D6"
"608","AB_2018","BSJPap","BSJPap/h","C7"
"609","Add_2021","BSJPap","BSJPap/Ro","A0"
"610","Add_2021","BSJPap","BSJPap/Ro","B0"
"611","AB_2018","BSJPku","BSJPku/a","B3"
"612","AB_2018","BSJPku","BSJPku/a","B2"
"613","AB_2018","BSJPku","BSJPku/a","B1"
"614","AB_2018","BSJPku","BSJPku/a","A3"
"615","AB_2018","BSJPku","BSJPku/a","A2"
"616","AB_2018","BSJPku","BSJPku/a","A1"
"617","AB_2018","BSJPku","BSJPku/b","D5"
"618","AB_2018","BSJPku","BSJPku/b","D4"
"619","AB_2018","BSJPku","BSJPku/b","D3"
"620","AB_2018","BSJPku","BSJPku/b","C5"
"621","AB_2018","BSJPku","BSJPku/b","C4"
"622","AB_2018","BSJPku","BSJPku/b","C3"
"623","AB_2018","BSJPku","BSJPku/b","B4"
"624","AB_2018","BSJPku","BSJPku/b","B3"
"625","AB_2018","BSJPku","BSJPku/c","C5"
"626","AB_2018","BSJPku","BSJPku/c","C4"
"627","AB_2018","BSJPku","BSJPku/c","B5"
"628","AB_2018","BSJPku","BSJPku/c","B4"
"629","AB_2018","BSJPku","BSJPku/c","A5"
"630","AB_2018","BSJPku","BSJPku/c","A4"
"631","AB_2018","BSJPku","BSJPku/d","C6"
"632","AB_2018","BSJPku","BSJPku/d","C5"
"633","AB_2018","BSJPku","BSJPku/d","B6"
"634","AB_2018","BSJPku","BSJPku/d","B5"
"635","AB_2018","BSJPku","BSJPku/d","A6"
"636","AB_2018","BSJPku","BSJPku/d","A5"
"637","AB_2018","BSJPku","BSJPku/e","E6"
"638","AB_2018","BSJPku","BSJPku/e","E5"
"639","AB_2018","BSJPku","BSJPku/e","D6"
"640","AB_2018","BSJPku","BSJPku/e","D5"
"641","AB_2018","BSJPku","BSJPku/e","C6"
"642","AB_2018","BSJPku","BSJPku/e","C5"
"643","AB_2018","BSJPku","BSJPku/f","B7"
"644","AB_2018","BSJPku","BSJPku/f","B6"
"645","AB_2018","BSJPku","BSJPku/f","A7"
"646","AB_2018","BSJPku","BSJPku/f","A6"
"647","AB_2018","BSJPku","BSJPku/g","D7"
"648","AB_2018","BSJPku","BSJPku/g","C7"
"649","AB_2018","BSJPku","BSJPku/g","C6"
"650","AB_2018","BSJPku","BSJPku/g","B7"
"651","AB_2018","BSJPku","BSJPku/g","B6"
"652","AB_2018","BSJPku","BSJPku/h","E7"
"653","AB_2018","BSJPku","BSJPku/h","E6"
"654","AB_2018","BSJPku","BSJPku/h","D7"
"655","AB_2018","BSJPku","BSJPku/h","D6"
"656","Add_2021","BSJPku","BSJPku/Ro","A0"
"657","Add_2021","BSJPku","BSJPku/Ro","B0"
"658","AB_2018","BSJPpa","BSJPpa/a","C3"
"659","AB_2018","BSJPpa","BSJPpa/a","C2"
"660","AB_2018","BSJPpa","BSJPpa/a","B3"
"661","AB_2018","BSJPpa","BSJPpa/a","B2"
"662","AB_2018","BSJPpa","BSJPpa/a","B1"
"663","AB_2018","BSJPpa","BSJPpa/a","A3"
"664","AB_2018","BSJPpa","BSJPpa/a","A2"
"665","AB_2018","BSJPpa","BSJPpa/b","D5"
"666","AB_2018","BSJPpa","BSJPpa/b","D4"
"667","AB_2018","BSJPpa","BSJPpa/b","D3"
"668","AB_2018","BSJPpa","BSJPpa/b","C5"
"669","AB_2018","BSJPpa","BSJPpa/b","C4"
"670","AB_2018","BSJPpa","BSJPpa/b","C3"
"671","AB_2018","BSJPpa","BSJPpa/b","B4"
"672","AB_2018","BSJPpa","BSJPpa/c","C4"
"673","AB_2018","BSJPpa","BSJPpa/c","B5"
"674","AB_2018","BSJPpa","BSJPpa/c","B4"
"675","AB_2018","BSJPpa","BSJPpa/c","B3"
"676","AB_2018","BSJPpa","BSJPpa/c","A5"
"677","AB_2018","BSJPpa","BSJPpa/c","A4"
"678","AB_2018","BSJPpa","BSJPpa/d","C6"
"679","AB_2018","BSJPpa","BSJPpa/d","C5"
"680","AB_2018","BSJPpa","BSJPpa/d","B6"
"681","AB_2018","BSJPpa","BSJPpa/d","B5"
"682","AB_2018","BSJPpa","BSJPpa/d","A6"
"683","AB_2018","BSJPpa","BSJPpa/d","A5"
"684","AB_2018","BSJPpa","BSJPpa/e","E6"
"685","AB_2018","BSJPpa","BSJPpa/e","E5"
"686","AB_2018","BSJPpa","BSJPpa/e","D6"
"687","AB_2018","BSJPpa","BSJPpa/e","D5"
"688","AB_2018","BSJPpa","BSJPpa/e","C6"
"689","AB_2018","BSJPpa","BSJPpa/e","C5"
"690","AB_2018","BSJPpa","BSJPpa/f","B7"
"691","AB_2018","BSJPpa","BSJPpa/f","B6"
"692","AB_2018","BSJPpa","BSJPpa/f","A7"
"693","AB_2018","BSJPpa","BSJPpa/f","A6"
"694","AB_2018","BSJPpa","BSJPpa/g","C7"
"695","AB_2018","BSJPpa","BSJPpa/g","C6"
"696","AB_2018","BSJPpa","BSJPpa/g","B7"
"697","AB_2018","BSJPpa","BSJPpa/g","B6"
"698","AB_2018","BSJPpa","BSJPpa/h","E7"
"699","AB_2018","BSJPpa","BSJPpa/h","E6"
"700","AB_2018","BSJPpa","BSJPpa/h","D7"
"701","AB_2018","BSJPpa","BSJPpa/h","D6"
"702","Add_2021","BSJPpa","BSJPpa/Ro","A0"
"703","Add_2021","BSJPpa","BSJPpa/Ro","B0"
"704","ABv12","BWBScmC","BWBScmC/a","B2"
"705","ABv12","BWBScmC","BWBScmC/a","B1"
"706","ABv12","BWBScmC","BWBScmC/a","A2"
"707","ABv12","BWBScmC","BWBScmC/a","A1"
"708","ABv12","BWBScmC","BWBScmC/b","C3"
"709","ABv12","BWBScmC","BWBScmC/b","C2"
"710","ABv12","BWBScmC","BWBScmC/b","B3"
"711","ABv12","BWBScmC","BWBScmC/b","B2"
"712","ABv12","BWBScmC","BWBScmC/c","B5"
"713","ABv12","BWBScmC","BWBScmC/c","B4"
"714","ABv12","BWBScmC","BWBScmC/c","B3"
"715","ABv12","BWBScmC","BWBScmC/c","A4"
"716","ABv12","BWBScmC","BWBScmC/c","A3"
"717","ABv12","BWBScmC","BWBScmC/d","D4"
"718","ABv12","BWBScmC","BWBScmC/d","C5"
"719","ABv12","BWBScmC","BWBScmC/d","C4"
"720","ABv12","BWBScmC","BWBScmC/d","C3"
"721","ABv12","BWBScmC","BWBScmC/d","B4"
"722","ABv12","BWBScmC","BWBScmC/e","D6"
"723","ABv12","BWBScmC","BWBScmC/e","D5"
"724","ABv12","BWBScmC","BWBScmC/e","D4"
"725","ABv12","BWBScmC","BWBScmC/e","C5"
"726","ABv12","BWBScmC","BWBScmC/f","E6"
"727","ABv12","BWBScmC","BWBScmC/f","E5"
"728","ABv12","BWBScmC","BWBScmC/f","D6"
"729","ABv12","BWBScmC","BWBScmC/f","D5"
"730","ABv12","BWBScmC","BWBScmC/g","C6"
"731","ABv12","BWBScmC","BWBScmC/g","C5"
"732","ABv12","BWBScmC","BWBScmC/g","B6"
"733","ABv12","BWBScmC","BWBScmC/g","B5"
"734","ABv12","BWBScmC","BWBScmC/g","A6"
"735","ABv12","BWBScmC","BWBScmC/g","A5"
"736","ABv12","BWBScmC","BWBScmC/h","D6"
"737","ABv12","BWBScmC","BWBScmC/h","D5"
"738","ABv12","BWBScmC","BWBScmC/h","C6"
"739","ABv12","BWBScmC","BWBScmC/h","C5"
"740","ABv12","BWBScmC","BWBScmC/i","B7"
"741","ABv12","BWBScmC","BWBScmC/i","B6"
"742","ABv12","BWBScmC","BWBScmC/i","A7"
"743","ABv12","BWBScmC","BWBScmC/i","A6"
"744","ABv12","BWBScmC","BWBScmC/j","C7"
"745","ABv12","BWBScmC","BWBScmC/j","C6"
"746","ABv12","BWBScmC","BWBScmC/j","B7"
"747","ABv12","BWBScmC","BWBScmC/j","B6"
"748","ABv12","BWBScmC","BWBScmC/k","E7"
"749","ABv12","BWBScmC","BWBScmC/k","D7"
"750","ABv12","BWBScmC","BWBScmC/k","D6"
"751","ABv12","BWBScmC","BWBScmC/k","C7"
"752","Add_2021","BWBScmC","BWBScmC/Ro","A0"
"753","Add_2021","BWBScmC","BWBScmC/Ro","B0"
"754","ABv12","BWBScmE","BWBScmE/a","B2"
"755","ABv12","BWBScmE","BWBScmE/a","B1"
"756","ABv12","BWBScmE","BWBScmE/a","A2"
"757","ABv12","BWBScmE","BWBScmE/a","A1"
"758","ABv12","BWBScmE","BWBScmE/b","C3"
"759","ABv12","BWBScmE","BWBScmE/b","C2"
"760","ABv12","BWBScmE","BWBScmE/b","B3"
"761","ABv12","BWBScmE","BWBScmE/b","B2"
"762","ABv12","BWBScmE","BWBScmE/c","B5"
"763","ABv12","BWBScmE","BWBScmE/c","B4"
"764","ABv12","BWBScmE","BWBScmE/c","B3"
"765","ABv12","BWBScmE","BWBScmE/c","A4"
"766","ABv12","BWBScmE","BWBScmE/c","A3"
"767","ABv12","BWBScmE","BWBScmE/d","D4"
"768","ABv12","BWBScmE","BWBScmE/d","C5"
"769","ABv12","BWBScmE","BWBScmE/d","C4"
"770","ABv12","BWBScmE","BWBScmE/d","C3"
"771","ABv12","BWBScmE","BWBScmE/d","B4"
"772","ABv12","BWBScmE","BWBScmE/e","D6"
"773","ABv12","BWBScmE","BWBScmE/e","D5"
"774","ABv12","BWBScmE","BWBScmE/e","D4"
"775","ABv12","BWBScmE","BWBScmE/e","C5"
"776","ABv12","BWBScmE","BWBScmE/f","E6"
"777","ABv12","BWBScmE","BWBScmE/f","E5"
"778","ABv12","BWBScmE","BWBScmE/f","D6"
"779","ABv12","BWBScmE","BWBScmE/f","D5"
"780","ABv12","BWBScmE","BWBScmE/g","C6"
"781","ABv12","BWBScmE","BWBScmE/g","C5"
"782","ABv12","BWBScmE","BWBScmE/g","B6"
"783","ABv12","BWBScmE","BWBScmE/g","B5"
"784","ABv12","BWBScmE","BWBScmE/g","A6"
"785","ABv12","BWBScmE","BWBScmE/g","A5"
"786","ABv12","BWBScmE","BWBScmE/h","D6"
"787","ABv12","BWBScmE","BWBScmE/h","D5"
"788","ABv12","BWBScmE","BWBScmE/h","C6"
"789","ABv12","BWBScmE","BWBScmE/h","C5"
"790","ABv12","BWBScmE","BWBScmE/i","B7"
"791","ABv12","BWBScmE","BWBScmE/i","B6"
"792","ABv12","BWBScmE","BWBScmE/i","A7"
"793","ABv12","BWBScmE","BWBScmE/i","A6"
"794","ABv12","BWBScmE","BWBScmE/j","C7"
"795","ABv12","BWBScmE","BWBScmE/j","C6"
"796","ABv12","BWBScmE","BWBScmE/j","B7"
"797","ABv12","BWBScmE","BWBScmE/j","B6"
"798","ABv12","BWBScmE","BWBScmE/k","E7"
"799","ABv12","BWBScmE","BWBScmE/k","D7"
"800","ABv12","BWBScmE","BWBScmE/k","D6"
"801","ABv12","BWBScmE","BWBScmE/k","C7"
"802","Add_2021","BWBScmE","BWBScmE/Ro","A0"
"803","Add_2021","BWBScmE","BWBScmE/Ro","B0"
"804","ABv12","BWBScmNW","BWBScmNW/a","B2"
"805","ABv12","BWBScmNW","BWBScmNW/a","B1"
"806","ABv12","BWBScmNW","BWBScmNW/a","A2"
"807","ABv12","BWBScmNW","BWBScmNW/a","A1"
"808","ABv12","BWBScmNW","BWBScmNW/b","C3"
"809","ABv12","BWBScmNW","BWBScmNW/b","C2"
"810","ABv12","BWBScmNW","BWBScmNW/b","B3"
"811","ABv12","BWBScmNW","BWBScmNW/b","B2"
"812","ABv12","BWBScmNW","BWBScmNW/c","B5"
"813","ABv12","BWBScmNW","BWBScmNW/c","B4"
"814","ABv12","BWBScmNW","BWBScmNW/c","B3"
"815","ABv12","BWBScmNW","BWBScmNW/c","A4"
"816","ABv12","BWBScmNW","BWBScmNW/c","A3"
"817","ABv12","BWBScmNW","BWBScmNW/d","D4"
"818","ABv12","BWBScmNW","BWBScmNW/d","C5"
"819","ABv12","BWBScmNW","BWBScmNW/d","C4"
"820","ABv12","BWBScmNW","BWBScmNW/d","C3"
"821","ABv12","BWBScmNW","BWBScmNW/d","B4"
"822","ABv12","BWBScmNW","BWBScmNW/e","D6"
"823","ABv12","BWBScmNW","BWBScmNW/e","D5"
"824","ABv12","BWBScmNW","BWBScmNW/e","D4"
"825","ABv12","BWBScmNW","BWBScmNW/e","C5"
"826","ABv12","BWBScmNW","BWBScmNW/f","E6"
"827","ABv12","BWBScmNW","BWBScmNW/f","E5"
"828","ABv12","BWBScmNW","BWBScmNW/f","D6"
"829","ABv12","BWBScmNW","BWBScmNW/f","D5"
"830","ABv12","BWBScmNW","BWBScmNW/g","C6"
"831","ABv12","BWBScmNW","BWBScmNW/g","C5"
"832","ABv12","BWBScmNW","BWBScmNW/g","B6"
"833","ABv12","BWBScmNW","BWBScmNW/g","B5"
"834","ABv12","BWBScmNW","BWBScmNW/g","A6"
"835","ABv12","BWBScmNW","BWBScmNW/g","A5"
"836","ABv12","BWBScmNW","BWBScmNW/h","D6"
"837","ABv12","BWBScmNW","BWBScmNW/h","D5"
"838","ABv12","BWBScmNW","BWBScmNW/h","C6"
"839","ABv12","BWBScmNW","BWBScmNW/h","C5"
"840","ABv12","BWBScmNW","BWBScmNW/i","B7"
"841","ABv12","BWBScmNW","BWBScmNW/i","B6"
"842","ABv12","BWBScmNW","BWBScmNW/i","A7"
"843","ABv12","BWBScmNW","BWBScmNW/i","A6"
"844","ABv12","BWBScmNW","BWBScmNW/j","C7"
"845","ABv12","BWBScmNW","BWBScmNW/j","C6"
"846","ABv12","BWBScmNW","BWBScmNW/j","B7"
"847","ABv12","BWBScmNW","BWBScmNW/j","B6"
"848","ABv12","BWBScmNW","BWBScmNW/k","E7"
"849","ABv12","BWBScmNW","BWBScmNW/k","D7"
"850","ABv12","BWBScmNW","BWBScmNW/k","D6"
"851","ABv12","BWBScmNW","BWBScmNW/k","C7"
"852","Add_2021","BWBScmNW","BWBScmNW/Ro","A0"
"853","Add_2021","BWBScmNW","BWBScmNW/Ro","B0"
"854","ABv12","BWBScmW","BWBScmW/a","B2"
"855","ABv12","BWBScmW","BWBScmW/a","B1"
"856","ABv12","BWBScmW","BWBScmW/a","A2"
"857","ABv12","BWBScmW","BWBScmW/a","A1"
"858","ABv12","BWBScmW","BWBScmW/b","C3"
"859","ABv12","BWBScmW","BWBScmW/b","C2"
"860","ABv12","BWBScmW","BWBScmW/b","B3"
"861","ABv12","BWBScmW","BWBScmW/b","B2"
"862","ABv12","BWBScmW","BWBScmW/c","B5"
"863","ABv12","BWBScmW","BWBScmW/c","B4"
"864","ABv12","BWBScmW","BWBScmW/c","B3"
"865","ABv12","BWBScmW","BWBScmW/c","A4"
"866","ABv12","BWBScmW","BWBScmW/c","A3"
"867","ABv12","BWBScmW","BWBScmW/d","D4"
"868","ABv12","BWBScmW","BWBScmW/d","C5"
"869","ABv12","BWBScmW","BWBScmW/d","C4"
"870","ABv12","BWBScmW","BWBScmW/d","C3"
"871","ABv12","BWBScmW","BWBScmW/d","B4"
"872","ABv12","BWBScmW","BWBScmW/e","D6"
"873","ABv12","BWBScmW","BWBScmW/e","D5"
"874","ABv12","BWBScmW","BWBScmW/e","D4"
"875","ABv12","BWBScmW","BWBScmW/e","C5"
"876","ABv12","BWBScmW","BWBScmW/f","E6"
"877","ABv12","BWBScmW","BWBScmW/f","E5"
"878","ABv12","BWBScmW","BWBScmW/f","D6"
"879","ABv12","BWBScmW","BWBScmW/f","D5"
"880","ABv12","BWBScmW","BWBScmW/g","C6"
"881","ABv12","BWBScmW","BWBScmW/g","C5"
"882","ABv12","BWBScmW","BWBScmW/g","B6"
"883","ABv12","BWBScmW","BWBScmW/g","B5"
"884","ABv12","BWBScmW","BWBScmW/g","A6"
"885","ABv12","BWBScmW","BWBScmW/g","A5"
"886","ABv12","BWBScmW","BWBScmW/h","D6"
"887","ABv12","BWBScmW","BWBScmW/h","D5"
"888","ABv12","BWBScmW","BWBScmW/h","C6"
"889","ABv12","BWBScmW","BWBScmW/h","C5"
"890","ABv12","BWBScmW","BWBScmW/i","B7"
"891","ABv12","BWBScmW","BWBScmW/i","B6"
"892","ABv12","BWBScmW","BWBScmW/i","A7"
"893","ABv12","BWBScmW","BWBScmW/i","A6"
"894","ABv12","BWBScmW","BWBScmW/j","C7"
"895","ABv12","BWBScmW","BWBScmW/j","C6"
"896","ABv12","BWBScmW","BWBScmW/j","B7"
"897","ABv12","BWBScmW","BWBScmW/j","B6"
"898","ABv12","BWBScmW","BWBScmW/k","E7"
"899","ABv12","BWBScmW","BWBScmW/k","D7"
"900","ABv12","BWBScmW","BWBScmW/k","D6"
"901","ABv12","BWBScmW","BWBScmW/k","C7"
"902","Add_2021","BWBScmW","BWBScmW/Ro","A0"
"903","Add_2021","BWBScmW","BWBScmW/Ro","B0"
"904","BECv10","BWBSdk","BWBSdk/101","D4"
"905","BECv10","BWBSdk","BWBSdk/101","D3"
"906","BECv10","BWBSdk","BWBSdk/101","C5"
"907","BECv10","BWBSdk","BWBSdk/101","C4"
"908","BECv10","BWBSdk","BWBSdk/101","C3"
"909","BECv10","BWBSdk","BWBSdk/101a","D4"
"910","BECv10","BWBSdk","BWBSdk/101a","D3"
"911","BECv10","BWBSdk","BWBSdk/101a","C4"
"912","BECv10","BWBSdk","BWBSdk/101a","C3"
"913","BECv10","BWBSdk","BWBSdk/101b","C5"
"914","BECv10","BWBSdk","BWBSdk/102","C2"
"915","BECv10","BWBSdk","BWBSdk/102","B2"
"916","BECv10","BWBSdk","BWBSdk/102","B1"
"917","BECv10","BWBSdk","BWBSdk/102","A2"
"918","BECv10","BWBSdk","BWBSdk/102","A1"
"919","BECv10","BWBSdk","BWBSdk/103","D3"
"920","BECv10","BWBSdk","BWBSdk/103","C3"
"921","BECv10","BWBSdk","BWBSdk/103","B3"
"922","BECv10","BWBSdk","BWBSdk/104","B6"
"923","BECv10","BWBSdk","BWBSdk/104","B5"
"924","BECv10","BWBSdk","BWBSdk/104","B4"
"925","BECv10","BWBSdk","BWBSdk/104","B3"
"926","BECv10","BWBSdk","BWBSdk/104","A6"
"927","BECv10","BWBSdk","BWBSdk/104","A5"
"928","BECv10","BWBSdk","BWBSdk/104","A4"
"929","BECv10","BWBSdk","BWBSdk/104","A3"
"930","BECv10","BWBSdk","BWBSdk/104a","B4"
"931","BECv10","BWBSdk","BWBSdk/104a","B3"
"932","BECv10","BWBSdk","BWBSdk/104a","A4"
"933","BECv10","BWBSdk","BWBSdk/104a","A3"
"934","BECv10","BWBSdk","BWBSdk/104b","B6"
"935","BECv10","BWBSdk","BWBSdk/104b","B5"
"936","BECv10","BWBSdk","BWBSdk/104b","A6"
"937","BECv10","BWBSdk","BWBSdk/104b","A5"
"938","BECv10","BWBSdk","BWBSdk/110","D6"
"939","BECv10","BWBSdk","BWBSdk/110","D5"
"940","BECv10","BWBSdk","BWBSdk/110","C6"
"941","BECv10","BWBSdk","BWBSdk/111","E6"
"942","BECv10","BWBSdk","BWBSdk/111","E5"
"943","BECv10","BWBSdk","BWBSdk/112","E6"
"944","BECv10","BWBSdk","BWBSdk/112","E5"
"945","BECv10","BWBSdk","BWBSdk/Gb","C1"
"946","BECv10","BWBSdk","BWBSdk/Gb","C0"
"947","BECv10","BWBSdk","BWBSdk/Gb","B1"
"948","BECv10","BWBSdk","BWBSdk/Gb","B0"
"949","BECv10","BWBSdk","BWBSdk/Gg","E1"
"950","BECv10","BWBSdk","BWBSdk/Gg","D1"
"951","BECv10","BWBSdk","BWBSdk/Gg","D0"
"952","Add_2021","BWBSdk","BWBSdk/Ro","A0"
"953","Add_2021","BWBSdk","BWBSdk/Ro","B0"
"954","ABv12","BWBSdmN","BWBSdmN/a","B2"
"955","ABv12","BWBSdmN","BWBSdmN/a","B1"
"956","ABv12","BWBSdmN","BWBSdmN/a","A2"
"957","ABv12","BWBSdmN","BWBSdmN/a","A1"
"958","ABv12","BWBSdmN","BWBSdmN/b","C3"
"959","ABv12","BWBSdmN","BWBSdmN/b","C2"
"960","ABv12","BWBSdmN","BWBSdmN/b","B3"
"961","ABv12","BWBSdmN","BWBSdmN/b","B2"
"962","ABv12","BWBSdmN","BWBSdmN/c","B5"
"963","ABv12","BWBSdmN","BWBSdmN/c","B4"
"964","ABv12","BWBSdmN","BWBSdmN/c","B3"
"965","ABv12","BWBSdmN","BWBSdmN/c","A4"
"966","ABv12","BWBSdmN","BWBSdmN/c","A3"
"967","ABv12","BWBSdmN","BWBSdmN/d","D4"
"968","ABv12","BWBSdmN","BWBSdmN/d","C5"
"969","ABv12","BWBSdmN","BWBSdmN/d","C4"
"970","ABv12","BWBSdmN","BWBSdmN/d","C3"
"971","ABv12","BWBSdmN","BWBSdmN/d","B4"
"972","ABv12","BWBSdmN","BWBSdmN/e","D5"
"973","ABv12","BWBSdmN","BWBSdmN/e","D4"
"974","ABv12","BWBSdmN","BWBSdmN/e","C5"
"975","ABv12","BWBSdmN","BWBSdmN/f","E6"
"976","ABv12","BWBSdmN","BWBSdmN/f","E5"
"977","ABv12","BWBSdmN","BWBSdmN/f","D6"
"978","ABv12","BWBSdmN","BWBSdmN/f","D5"
"979","ABv12","BWBSdmN","BWBSdmN/g","C6"
"980","ABv12","BWBSdmN","BWBSdmN/g","C5"
"981","ABv12","BWBSdmN","BWBSdmN/g","B6"
"982","ABv12","BWBSdmN","BWBSdmN/g","B5"
"983","ABv12","BWBSdmN","BWBSdmN/g","A6"
"984","ABv12","BWBSdmN","BWBSdmN/g","A5"
"985","ABv12","BWBSdmN","BWBSdmN/h","D6"
"986","ABv12","BWBSdmN","BWBSdmN/h","D5"
"987","ABv12","BWBSdmN","BWBSdmN/h","C6"
"988","ABv12","BWBSdmN","BWBSdmN/h","C5"
"989","ABv12","BWBSdmN","BWBSdmN/i","B7"
"990","ABv12","BWBSdmN","BWBSdmN/i","B6"
"991","ABv12","BWBSdmN","BWBSdmN/i","A7"
"992","ABv12","BWBSdmN","BWBSdmN/i","A6"
"993","ABv12","BWBSdmN","BWBSdmN/j","C7"
"994","ABv12","BWBSdmN","BWBSdmN/j","C6"
"995","ABv12","BWBSdmN","BWBSdmN/j","B7"
"996","ABv12","BWBSdmN","BWBSdmN/j","B6"
"997","ABv12","BWBSdmN","BWBSdmN/k","E7"
"998","ABv12","BWBSdmN","BWBSdmN/k","D7"
"999","ABv12","BWBSdmN","BWBSdmN/k","D6"
"1000","ABv12","BWBSdmN","BWBSdmN/k","C7"
"1001","Add_2021","BWBSdmN","BWBSdmN/Ro","A0"
"1002","Add_2021","BWBSdmN","BWBSdmN/Ro","B0"
"1003","ABv12","BWBSdmS","BWBSdmS/a","B2"
"1004","ABv12","BWBSdmS","BWBSdmS/a","B1"
"1005","ABv12","BWBSdmS","BWBSdmS/a","A2"
"1006","ABv12","BWBSdmS","BWBSdmS/a","A1"
"1007","ABv12","BWBSdmS","BWBSdmS/b","C3"
"1008","ABv12","BWBSdmS","BWBSdmS/b","C2"
"1009","ABv12","BWBSdmS","BWBSdmS/b","B3"
"1010","ABv12","BWBSdmS","BWBSdmS/b","B2"
"1011","ABv12","BWBSdmS","BWBSdmS/c","B5"
"1012","ABv12","BWBSdmS","BWBSdmS/c","B4"
"1013","ABv12","BWBSdmS","BWBSdmS/c","B3"
"1014","ABv12","BWBSdmS","BWBSdmS/c","A4"
"1015","ABv12","BWBSdmS","BWBSdmS/c","A3"
"1016","ABv12","BWBSdmS","BWBSdmS/d","D4"
"1017","ABv12","BWBSdmS","BWBSdmS/d","C5"
"1018","ABv12","BWBSdmS","BWBSdmS/d","C4"
"1019","ABv12","BWBSdmS","BWBSdmS/d","C3"
"1020","ABv12","BWBSdmS","BWBSdmS/d","B4"
"1021","ABv12","BWBSdmS","BWBSdmS/e","D5"
"1022","ABv12","BWBSdmS","BWBSdmS/e","D4"
"1023","ABv12","BWBSdmS","BWBSdmS/e","C5"
"1024","ABv12","BWBSdmS","BWBSdmS/f","E6"
"1025","ABv12","BWBSdmS","BWBSdmS/f","E5"
"1026","ABv12","BWBSdmS","BWBSdmS/f","D6"
"1027","ABv12","BWBSdmS","BWBSdmS/f","D5"
"1028","ABv12","BWBSdmS","BWBSdmS/g","C6"
"1029","ABv12","BWBSdmS","BWBSdmS/g","C5"
"1030","ABv12","BWBSdmS","BWBSdmS/g","B6"
"1031","ABv12","BWBSdmS","BWBSdmS/g","B5"
"1032","ABv12","BWBSdmS","BWBSdmS/g","A6"
"1033","ABv12","BWBSdmS","BWBSdmS/g","A5"
"1034","ABv12","BWBSdmS","BWBSdmS/h","D6"
"1035","ABv12","BWBSdmS","BWBSdmS/h","D5"
"1036","ABv12","BWBSdmS","BWBSdmS/h","C6"
"1037","ABv12","BWBSdmS","BWBSdmS/h","C5"
"1038","ABv12","BWBSdmS","BWBSdmS/i","B7"
"1039","ABv12","BWBSdmS","BWBSdmS/i","B6"
"1040","ABv12","BWBSdmS","BWBSdmS/i","A7"
"1041","ABv12","BWBSdmS","BWBSdmS/i","A6"
"1042","ABv12","BWBSdmS","BWBSdmS/j","C7"
"1043","ABv12","BWBSdmS","BWBSdmS/j","C6"
"1044","ABv12","BWBSdmS","BWBSdmS/j","B7"
"1045","ABv12","BWBSdmS","BWBSdmS/j","B6"
"1046","ABv12","BWBSdmS","BWBSdmS/k","E7"
"1047","ABv12","BWBSdmS","BWBSdmS/k","D7"
"1048","ABv12","BWBSdmS","BWBSdmS/k","D6"
"1049","ABv12","BWBSdmS","BWBSdmS/k","C7"
"1050","Add_2021","BWBSdmS","BWBSdmS/Ro","A0"
"1051","Add_2021","BWBSdmS","BWBSdmS/Ro","B0"
"1052","ABv12","BWBSlbE","BWBSlbE/a","C2"
"1053","ABv12","BWBSlbE","BWBSlbE/a","B3"
"1054","ABv12","BWBSlbE","BWBSlbE/a","B2"
"1055","ABv12","BWBSlbE","BWBSlbE/a","B1"
"1056","ABv12","BWBSlbE","BWBSlbE/a","A2"
"1057","ABv12","BWBSlbE","BWBSlbE/b","C4"
"1058","ABv12","BWBSlbE","BWBSlbE/b","C3"
"1059","ABv12","BWBSlbE","BWBSlbE/b","C2"
"1060","ABv12","BWBSlbE","BWBSlbE/b","B3"
"1061","ABv12","BWBSlbE","BWBSlbE/c","C5"
"1062","ABv12","BWBSlbE","BWBSlbE/c","C4"
"1063","ABv12","BWBSlbE","BWBSlbE/c","C3"
"1064","ABv12","BWBSlbE","BWBSlbE/c","B5"
"1065","ABv12","BWBSlbE","BWBSlbE/c","B4"
"1066","ABv12","BWBSlbE","BWBSlbE/c","B3"
"1067","ABv12","BWBSlbE","BWBSlbE/c","A4"
"1068","ABv12","BWBSlbE","BWBSlbE/d","D5"
"1069","ABv12","BWBSlbE","BWBSlbE/d","D4"
"1070","ABv12","BWBSlbE","BWBSlbE/d","C5"
"1071","ABv12","BWBSlbE","BWBSlbE/d","C4"
"1072","ABv12","BWBSlbE","BWBSlbE/d","C3"
"1073","ABv12","BWBSlbE","BWBSlbE/e","E6"
"1074","ABv12","BWBSlbE","BWBSlbE/e","E5"
"1075","ABv12","BWBSlbE","BWBSlbE/e","D6"
"1076","ABv12","BWBSlbE","BWBSlbE/e","D5"
"1077","ABv12","BWBSlbE","BWBSlbE/f","E6"
"1078","ABv12","BWBSlbE","BWBSlbE/f","D7"
"1079","ABv12","BWBSlbE","BWBSlbE/f","D6"
"1080","ABv12","BWBSlbE","BWBSlbE/f","D5"
"1081","ABv12","BWBSlbE","BWBSlbE/f","C7"
"1082","ABv12","BWBSlbE","BWBSlbE/f","C6"
"1083","ABv12","BWBSlbE","BWBSlbE/g","C6"
"1084","ABv12","BWBSlbE","BWBSlbE/g","C5"
"1085","ABv12","BWBSlbE","BWBSlbE/g","B6"
"1086","ABv12","BWBSlbE","BWBSlbE/g","B5"
"1087","ABv12","BWBSlbE","BWBSlbE/h","B7"
"1088","ABv12","BWBSlbE","BWBSlbE/h","B6"
"1089","ABv12","BWBSlbE","BWBSlbE/h","A7"
"1090","ABv12","BWBSlbE","BWBSlbE/h","A6"
"1091","ABv12","BWBSlbE","BWBSlbE/i","C7"
"1092","ABv12","BWBSlbE","BWBSlbE/i","B7"
"1093","ABv12","BWBSlbE","BWBSlbE/j","E7"
"1094","ABv12","BWBSlbE","BWBSlbE/j","D7"
"1095","ABv12","BWBSlbE","BWBSlbE/j","C7"
"1096","Add_2021","BWBSlbE","BWBSlbE/Ro","A0"
"1097","Add_2021","BWBSlbE","BWBSlbE/Ro","B0"
"1098","ABv12","BWBSlbN","BWBSlbN/a","C2"
"1099","ABv12","BWBSlbN","BWBSlbN/a","B3"
"1100","ABv12","BWBSlbN","BWBSlbN/a","B2"
"1101","ABv12","BWBSlbN","BWBSlbN/a","B1"
"1102","ABv12","BWBSlbN","BWBSlbN/a","A2"
"1103","ABv12","BWBSlbN","BWBSlbN/b","C4"
"1104","ABv12","BWBSlbN","BWBSlbN/b","C3"
"1105","ABv12","BWBSlbN","BWBSlbN/b","C2"
"1106","ABv12","BWBSlbN","BWBSlbN/b","B3"
"1107","ABv12","BWBSlbN","BWBSlbN/c","C5"
"1108","ABv12","BWBSlbN","BWBSlbN/c","C4"
"1109","ABv12","BWBSlbN","BWBSlbN/c","C3"
"1110","ABv12","BWBSlbN","BWBSlbN/c","B5"
"1111","ABv12","BWBSlbN","BWBSlbN/c","B4"
"1112","ABv12","BWBSlbN","BWBSlbN/c","B3"
"1113","ABv12","BWBSlbN","BWBSlbN/c","A4"
"1114","ABv12","BWBSlbN","BWBSlbN/d","D5"
"1115","ABv12","BWBSlbN","BWBSlbN/d","D4"
"1116","ABv12","BWBSlbN","BWBSlbN/d","C5"
"1117","ABv12","BWBSlbN","BWBSlbN/d","C4"
"1118","ABv12","BWBSlbN","BWBSlbN/d","C3"
"1119","ABv12","BWBSlbN","BWBSlbN/e","E6"
"1120","ABv12","BWBSlbN","BWBSlbN/e","E5"
"1121","ABv12","BWBSlbN","BWBSlbN/e","D6"
"1122","ABv12","BWBSlbN","BWBSlbN/e","D5"
"1123","ABv12","BWBSlbN","BWBSlbN/f","E6"
"1124","ABv12","BWBSlbN","BWBSlbN/f","D7"
"1125","ABv12","BWBSlbN","BWBSlbN/f","D6"
"1126","ABv12","BWBSlbN","BWBSlbN/f","D5"
"1127","ABv12","BWBSlbN","BWBSlbN/f","C7"
"1128","ABv12","BWBSlbN","BWBSlbN/f","C6"
"1129","ABv12","BWBSlbN","BWBSlbN/g","C6"
"1130","ABv12","BWBSlbN","BWBSlbN/g","C5"
"1131","ABv12","BWBSlbN","BWBSlbN/g","B6"
"1132","ABv12","BWBSlbN","BWBSlbN/g","B5"
"1133","ABv12","BWBSlbN","BWBSlbN/h","B7"
"1134","ABv12","BWBSlbN","BWBSlbN/h","B6"
"1135","ABv12","BWBSlbN","BWBSlbN/h","A7"
"1136","ABv12","BWBSlbN","BWBSlbN/h","A6"
"1137","ABv12","BWBSlbN","BWBSlbN/i","C7"
"1138","ABv12","BWBSlbN","BWBSlbN/i","B7"
"1139","ABv12","BWBSlbN","BWBSlbN/j","E7"
"1140","ABv12","BWBSlbN","BWBSlbN/j","D7"
"1141","ABv12","BWBSlbN","BWBSlbN/j","C7"
"1142","Add_2021","BWBSlbN","BWBSlbN/Ro","A0"
"1143","Add_2021","BWBSlbN","BWBSlbN/Ro","B0"
"1144","ABv12","BWBSlbW","BWBSlbW/a","C2"
"1145","ABv12","BWBSlbW","BWBSlbW/a","B3"
"1146","ABv12","BWBSlbW","BWBSlbW/a","B2"
"1147","ABv12","BWBSlbW","BWBSlbW/a","B1"
"1148","ABv12","BWBSlbW","BWBSlbW/a","A2"
"1149","ABv12","BWBSlbW","BWBSlbW/b","C4"
"1150","ABv12","BWBSlbW","BWBSlbW/b","C3"
"1151","ABv12","BWBSlbW","BWBSlbW/b","C2"
"1152","ABv12","BWBSlbW","BWBSlbW/b","B3"
"1153","ABv12","BWBSlbW","BWBSlbW/c","C5"
"1154","ABv12","BWBSlbW","BWBSlbW/c","C4"
"1155","ABv12","BWBSlbW","BWBSlbW/c","C3"
"1156","ABv12","BWBSlbW","BWBSlbW/c","B5"
"1157","ABv12","BWBSlbW","BWBSlbW/c","B4"
"1158","ABv12","BWBSlbW","BWBSlbW/c","B3"
"1159","ABv12","BWBSlbW","BWBSlbW/c","A4"
"1160","ABv12","BWBSlbW","BWBSlbW/d","D5"
"1161","ABv12","BWBSlbW","BWBSlbW/d","D4"
"1162","ABv12","BWBSlbW","BWBSlbW/d","C5"
"1163","ABv12","BWBSlbW","BWBSlbW/d","C4"
"1164","ABv12","BWBSlbW","BWBSlbW/d","C3"
"1165","ABv12","BWBSlbW","BWBSlbW/e","E6"
"1166","ABv12","BWBSlbW","BWBSlbW/e","E5"
"1167","ABv12","BWBSlbW","BWBSlbW/e","D6"
"1168","ABv12","BWBSlbW","BWBSlbW/e","D5"
"1169","ABv12","BWBSlbW","BWBSlbW/f","E6"
"1170","ABv12","BWBSlbW","BWBSlbW/f","D7"
"1171","ABv12","BWBSlbW","BWBSlbW/f","D6"
"1172","ABv12","BWBSlbW","BWBSlbW/f","D5"
"1173","ABv12","BWBSlbW","BWBSlbW/f","C7"
"1174","ABv12","BWBSlbW","BWBSlbW/f","C6"
"1175","ABv12","BWBSlbW","BWBSlbW/g","C6"
"1176","ABv12","BWBSlbW","BWBSlbW/g","C5"
"1177","ABv12","BWBSlbW","BWBSlbW/g","B6"
"1178","ABv12","BWBSlbW","BWBSlbW/g","B5"
"1179","ABv12","BWBSlbW","BWBSlbW/h","B7"
"1180","ABv12","BWBSlbW","BWBSlbW/h","B6"
"1181","ABv12","BWBSlbW","BWBSlbW/h","A7"
"1182","ABv12","BWBSlbW","BWBSlbW/h","A6"
"1183","ABv12","BWBSlbW","BWBSlbW/i","C7"
"1184","ABv12","BWBSlbW","BWBSlbW/i","B7"
"1185","ABv12","BWBSlbW","BWBSlbW/j","E7"
"1186","ABv12","BWBSlbW","BWBSlbW/j","D7"
"1187","ABv12","BWBSlbW","BWBSlbW/j","C7"
"1188","Add_2021","BWBSlbW","BWBSlbW/Ro","A0"
"1189","Add_2021","BWBSlbW","BWBSlbW/Ro","B0"
"1190","AB_2018","BWBSlf","BWBSlf/a","C2"
"1191","AB_2018","BWBSlf","BWBSlf/a","C1"
"1192","AB_2018","BWBSlf","BWBSlf/a","B2"
"1193","AB_2018","BWBSlf","BWBSlf/a","B1"
"1194","AB_2018","BWBSlf","BWBSlf/b","B3"
"1195","AB_2018","BWBSlf","BWBSlf/b","B2"
"1196","AB_2018","BWBSlf","BWBSlf/b","B1"
"1197","AB_2018","BWBSlf","BWBSlf/b","A2"
"1198","AB_2018","BWBSlf","BWBSlf/b","A1"
"1199","AB_2018","BWBSlf","BWBSlf/c","C3"
"1200","AB_2018","BWBSlf","BWBSlf/c","C2"
"1201","AB_2018","BWBSlf","BWBSlf/c","B3"
"1202","AB_2018","BWBSlf","BWBSlf/c","B2"
"1203","AB_2018","BWBSlf","BWBSlf/d","B5"
"1204","AB_2018","BWBSlf","BWBSlf/d","B4"
"1205","AB_2018","BWBSlf","BWBSlf/d","B3"
"1206","AB_2018","BWBSlf","BWBSlf/d","A5"
"1207","AB_2018","BWBSlf","BWBSlf/d","A4"
"1208","AB_2018","BWBSlf","BWBSlf/d","A3"
"1209","AB_2018","BWBSlf","BWBSlf/e","D4"
"1210","AB_2018","BWBSlf","BWBSlf/e","C5"
"1211","AB_2018","BWBSlf","BWBSlf/e","C4"
"1212","AB_2018","BWBSlf","BWBSlf/e","C3"
"1213","AB_2018","BWBSlf","BWBSlf/e","B5"
"1214","AB_2018","BWBSlf","BWBSlf/e","B4"
"1215","AB_2018","BWBSlf","BWBSlf/e","B3"
"1216","AB_2018","BWBSlf","BWBSlf/f","E5"
"1217","AB_2018","BWBSlf","BWBSlf/f","D5"
"1218","AB_2018","BWBSlf","BWBSlf/f","D4"
"1219","AB_2018","BWBSlf","BWBSlf/g","E7"
"1220","AB_2018","BWBSlf","BWBSlf/g","E6"
"1221","AB_2018","BWBSlf","BWBSlf/g","E5"
"1222","AB_2018","BWBSlf","BWBSlf/g","D7"
"1223","AB_2018","BWBSlf","BWBSlf/g","D6"
"1224","AB_2018","BWBSlf","BWBSlf/g","D5"
"1225","AB_2018","BWBSlf","BWBSlf/h","B6"
"1226","AB_2018","BWBSlf","BWBSlf/h","B5"
"1227","AB_2018","BWBSlf","BWBSlf/h","A6"
"1228","AB_2018","BWBSlf","BWBSlf/h","A5"
"1229","AB_2018","BWBSlf","BWBSlf/i","E6"
"1230","AB_2018","BWBSlf","BWBSlf/i","E5"
"1231","AB_2018","BWBSlf","BWBSlf/i","D6"
"1232","AB_2018","BWBSlf","BWBSlf/i","D5"
"1233","AB_2018","BWBSlf","BWBSlf/i","C6"
"1234","AB_2018","BWBSlf","BWBSlf/i","C5"
"1235","AB_2018","BWBSlf","BWBSlf/j","D7"
"1236","AB_2018","BWBSlf","BWBSlf/j","D6"
"1237","AB_2018","BWBSlf","BWBSlf/j","C7"
"1238","AB_2018","BWBSlf","BWBSlf/j","C6"
"1239","AB_2018","BWBSlf","BWBSlf/j","B7"
"1240","AB_2018","BWBSlf","BWBSlf/j","B6"
"1241","AB_2018","BWBSlf","BWBSlf/k","B7"
"1242","AB_2018","BWBSlf","BWBSlf/k","B6"
"1243","AB_2018","BWBSlf","BWBSlf/k","A7"
"1244","AB_2018","BWBSlf","BWBSlf/k","A6"
"1245","AB_2018","BWBSlf","BWBSlf/l","D7"
"1246","AB_2018","BWBSlf","BWBSlf/l","C7"
"1247","AB_2018","BWBSlf","BWBSlf/l","C6"
"1248","AB_2018","BWBSlf","BWBSlf/l","B7"
"1249","AB_2018","BWBSlf","BWBSlf/m","E7"
"1250","AB_2018","BWBSlf","BWBSlf/m","E6"
"1251","AB_2018","BWBSlf","BWBSlf/m","D7"
"1252","AB_2018","BWBSlf","BWBSlf/m","D6"
"1253","AB_2018","BWBSlf","BWBSlf/m","C7"
"1254","AB_2018","BWBSlf","BWBSlf/n","E7"
"1255","AB_2018","BWBSlf","BWBSlf/n","D7"
"1256","Add_2021","BWBSlf","BWBSlf/Ro","A0"
"1257","Add_2021","BWBSlf","BWBSlf/Ro","B0"
"1258","BECv10","BWBSmk","BWBSmk/101","D4"
"1259","BECv10","BWBSmk","BWBSmk/101","D3"
"1260","BECv10","BWBSmk","BWBSmk/101","C4"
"1261","BECv10","BWBSmk","BWBSmk/101","C3"
"1262","BECv10","BWBSmk","BWBSmk/102","C2"
"1263","BECv10","BWBSmk","BWBSmk/102","B2"
"1264","BECv10","BWBSmk","BWBSmk/102","B1"
"1265","BECv10","BWBSmk","BWBSmk/102","A2"
"1266","BECv10","BWBSmk","BWBSmk/102","A1"
"1267","BECv10","BWBSmk","BWBSmk/103","D4"
"1268","BECv10","BWBSmk","BWBSmk/103","D3"
"1269","BECv10","BWBSmk","BWBSmk/103","C3"
"1270","BECv10","BWBSmk","BWBSmk/104","B6"
"1271","BECv10","BWBSmk","BWBSmk/104","B5"
"1272","BECv10","BWBSmk","BWBSmk/104","B4"
"1273","BECv10","BWBSmk","BWBSmk/104","B3"
"1274","BECv10","BWBSmk","BWBSmk/104","A6"
"1275","BECv10","BWBSmk","BWBSmk/104","A5"
"1276","BECv10","BWBSmk","BWBSmk/104","A4"
"1277","BECv10","BWBSmk","BWBSmk/104","A3"
"1278","BECv10","BWBSmk","BWBSmk/104a","B4"
"1279","BECv10","BWBSmk","BWBSmk/104a","B3"
"1280","BECv10","BWBSmk","BWBSmk/104a","A4"
"1281","BECv10","BWBSmk","BWBSmk/104a","A3"
"1282","BECv10","BWBSmk","BWBSmk/104b","B6"
"1283","BECv10","BWBSmk","BWBSmk/104b","B5"
"1284","BECv10","BWBSmk","BWBSmk/104b","A6"
"1285","BECv10","BWBSmk","BWBSmk/104b","A5"
"1286","BECv10","BWBSmk","BWBSmk/110","D6"
"1287","BECv10","BWBSmk","BWBSmk/110","D5"
"1288","BECv10","BWBSmk","BWBSmk/110","C6"
"1289","BECv10","BWBSmk","BWBSmk/110","C5"
"1290","BECv10","BWBSmk","BWBSmk/111","E6"
"1291","BECv10","BWBSmk","BWBSmk/111","E5"
"1292","BECv10","BWBSmk","BWBSmk/111","D6"
"1293","BECv10","BWBSmk","BWBSmk/111","D5"
"1294","BECv10","BWBSmk","BWBSmk/112","E6"
"1295","BECv10","BWBSmk","BWBSmk/112","E5"
"1296","BECv10","BWBSmk","BWBSmk/112","D6"
"1297","BECv10","BWBSmk","BWBSmk/112","D5"
"1298","BECv10","BWBSmk","BWBSmk/Gg","E1"
"1299","BECv10","BWBSmk","BWBSmk/Gg","D1"
"1300","BECv10","BWBSmk","BWBSmk/Gg","D0"
"1301","Add_2021","BWBSmk","BWBSmk/Ro","A0"
"1302","Add_2021","BWBSmk","BWBSmk/Ro","B0"
"1303","BECv10","BWBSmw","BWBSmw/101","D5"
"1304","BECv10","BWBSmw","BWBSmw/101","D4"
"1305","BECv10","BWBSmw","BWBSmw/101","C5"
"1306","BECv10","BWBSmw","BWBSmw/101","C4"
"1307","BECv10","BWBSmw","BWBSmw/101","C3"
"1308","BECv10","BWBSmw","BWBSmw/102","C2"
"1309","BECv10","BWBSmw","BWBSmw/102","B2"
"1310","BECv10","BWBSmw","BWBSmw/102","B1"
"1311","BECv10","BWBSmw","BWBSmw/102","A2"
"1312","BECv10","BWBSmw","BWBSmw/102","A1"
"1313","BECv10","BWBSmw","BWBSmw/103","C3"
"1314","BECv10","BWBSmw","BWBSmw/103","B3"
"1315","BECv10","BWBSmw","BWBSmw/104","B6"
"1316","BECv10","BWBSmw","BWBSmw/104","B5"
"1317","BECv10","BWBSmw","BWBSmw/104","B4"
"1318","BECv10","BWBSmw","BWBSmw/104","B3"
"1319","BECv10","BWBSmw","BWBSmw/104","A6"
"1320","BECv10","BWBSmw","BWBSmw/104","A5"
"1321","BECv10","BWBSmw","BWBSmw/104","A4"
"1322","BECv10","BWBSmw","BWBSmw/104","A3"
"1323","BECv10","BWBSmw","BWBSmw/110","D5"
"1324","BECv10","BWBSmw","BWBSmw/110","D4"
"1325","BECv10","BWBSmw","BWBSmw/111","D6"
"1326","BECv10","BWBSmw","BWBSmw/111","D5"
"1327","BECv10","BWBSmw","BWBSmw/111","C6"
"1328","BECv10","BWBSmw","BWBSmw/111","C5"
"1329","BECv10","BWBSmw","BWBSmw/112","E6"
"1330","BECv10","BWBSmw","BWBSmw/112","E5"
"1331","BECv10","BWBSmw","BWBSmw/112","D6"
"1332","BECv10","BWBSmw","BWBSmw/112","D5"
"1333","BECv10","BWBSmw","BWBSmw/Gg","E1"
"1334","BECv10","BWBSmw","BWBSmw/Gg","D1"
"1335","BECv10","BWBSmw","BWBSmw/Gg","D0"
"1336","Add_2021","BWBSmw","BWBSmw/Ro","A0"
"1337","Add_2021","BWBSmw","BWBSmw/Ro","B0"
"1338","AB_2018","BWBSnm","BWBSnm/a","B2"
"1339","AB_2018","BWBSnm","BWBSnm/a","B1"
"1340","AB_2018","BWBSnm","BWBSnm/a","A2"
"1341","AB_2018","BWBSnm","BWBSnm/a","A1"
"1342","AB_2018","BWBSnm","BWBSnm/b","C3"
"1343","AB_2018","BWBSnm","BWBSnm/b","C2"
"1344","AB_2018","BWBSnm","BWBSnm/b","B3"
"1345","AB_2018","BWBSnm","BWBSnm/b","B2"
"1346","AB_2018","BWBSnm","BWBSnm/c","B5"
"1347","AB_2018","BWBSnm","BWBSnm/c","B4"
"1348","AB_2018","BWBSnm","BWBSnm/c","B3"
"1349","AB_2018","BWBSnm","BWBSnm/c","A4"
"1350","AB_2018","BWBSnm","BWBSnm/c","A3"
"1351","AB_2018","BWBSnm","BWBSnm/d","D4"
"1352","AB_2018","BWBSnm","BWBSnm/d","C5"
"1353","AB_2018","BWBSnm","BWBSnm/d","C4"
"1354","AB_2018","BWBSnm","BWBSnm/d","C3"
"1355","AB_2018","BWBSnm","BWBSnm/e","D5"
"1356","AB_2018","BWBSnm","BWBSnm/e","D4"
"1357","AB_2018","BWBSnm","BWBSnm/e","C5"
"1358","AB_2018","BWBSnm","BWBSnm/f","E6"
"1359","AB_2018","BWBSnm","BWBSnm/f","E5"
"1360","AB_2018","BWBSnm","BWBSnm/f","D6"
"1361","AB_2018","BWBSnm","BWBSnm/f","D5"
"1362","AB_2018","BWBSnm","BWBSnm/g","C6"
"1363","AB_2018","BWBSnm","BWBSnm/g","C5"
"1364","AB_2018","BWBSnm","BWBSnm/g","B6"
"1365","AB_2018","BWBSnm","BWBSnm/g","B5"
"1366","AB_2018","BWBSnm","BWBSnm/g","A6"
"1367","AB_2018","BWBSnm","BWBSnm/g","A5"
"1368","AB_2018","BWBSnm","BWBSnm/h","D6"
"1369","AB_2018","BWBSnm","BWBSnm/h","D5"
"1370","AB_2018","BWBSnm","BWBSnm/h","C6"
"1371","AB_2018","BWBSnm","BWBSnm/h","C5"
"1372","AB_2018","BWBSnm","BWBSnm/h","B6"
"1373","AB_2018","BWBSnm","BWBSnm/i","B7"
"1374","AB_2018","BWBSnm","BWBSnm/i","B6"
"1375","AB_2018","BWBSnm","BWBSnm/i","A7"
"1376","AB_2018","BWBSnm","BWBSnm/i","A6"
"1377","AB_2018","BWBSnm","BWBSnm/j","C7"
"1378","AB_2018","BWBSnm","BWBSnm/j","B7"
"1379","AB_2018","BWBSnm","BWBSnm/k","E7"
"1380","AB_2018","BWBSnm","BWBSnm/k","D7"
"1381","AB_2018","BWBSnm","BWBSnm/k","D6"
"1382","AB_2018","BWBSnm","BWBSnm/k","C7"
"1383","AB_2018","BWBSnm","BWBSnm/l","E7"
"1384","AB_2018","BWBSnm","BWBSnm/l","D7"
"1385","Add_2021","BWBSnm","BWBSnm/Ro","A0"
"1386","Add_2021","BWBSnm","BWBSnm/Ro","B0"
"1387","AB_2018","BWBSpp","BWBSpp/a","B2"
"1388","AB_2018","BWBSpp","BWBSpp/a","B1"
"1389","AB_2018","BWBSpp","BWBSpp/a","A2"
"1390","AB_2018","BWBSpp","BWBSpp/a","A1"
"1391","AB_2018","BWBSpp","BWBSpp/b","C3"
"1392","AB_2018","BWBSpp","BWBSpp/b","C2"
"1393","AB_2018","BWBSpp","BWBSpp/b","B3"
"1394","AB_2018","BWBSpp","BWBSpp/b","B2"
"1395","AB_2018","BWBSpp","BWBSpp/c","B5"
"1396","AB_2018","BWBSpp","BWBSpp/c","B4"
"1397","AB_2018","BWBSpp","BWBSpp/c","B3"
"1398","AB_2018","BWBSpp","BWBSpp/c","A4"
"1399","AB_2018","BWBSpp","BWBSpp/c","A3"
"1400","AB_2018","BWBSpp","BWBSpp/d","D4"
"1401","AB_2018","BWBSpp","BWBSpp/d","C5"
"1402","AB_2018","BWBSpp","BWBSpp/d","C4"
"1403","AB_2018","BWBSpp","BWBSpp/d","C3"
"1404","AB_2018","BWBSpp","BWBSpp/d","B4"
"1405","AB_2018","BWBSpp","BWBSpp/e","D6"
"1406","AB_2018","BWBSpp","BWBSpp/e","D5"
"1407","AB_2018","BWBSpp","BWBSpp/e","D4"
"1408","AB_2018","BWBSpp","BWBSpp/e","C5"
"1409","AB_2018","BWBSpp","BWBSpp/f","E6"
"1410","AB_2018","BWBSpp","BWBSpp/f","E5"
"1411","AB_2018","BWBSpp","BWBSpp/f","D6"
"1412","AB_2018","BWBSpp","BWBSpp/f","D5"
"1413","AB_2018","BWBSpp","BWBSpp/g","C6"
"1414","AB_2018","BWBSpp","BWBSpp/g","C5"
"1415","AB_2018","BWBSpp","BWBSpp/g","B6"
"1416","AB_2018","BWBSpp","BWBSpp/g","B5"
"1417","AB_2018","BWBSpp","BWBSpp/g","A6"
"1418","AB_2018","BWBSpp","BWBSpp/g","A5"
"1419","AB_2018","BWBSpp","BWBSpp/h","D6"
"1420","AB_2018","BWBSpp","BWBSpp/h","D5"
"1421","AB_2018","BWBSpp","BWBSpp/h","C6"
"1422","AB_2018","BWBSpp","BWBSpp/h","C5"
"1423","AB_2018","BWBSpp","BWBSpp/i","B7"
"1424","AB_2018","BWBSpp","BWBSpp/i","B6"
"1425","AB_2018","BWBSpp","BWBSpp/i","A7"
"1426","AB_2018","BWBSpp","BWBSpp/i","A6"
"1427","AB_2018","BWBSpp","BWBSpp/j","C7"
"1428","AB_2018","BWBSpp","BWBSpp/j","C6"
"1429","AB_2018","BWBSpp","BWBSpp/j","B7"
"1430","AB_2018","BWBSpp","BWBSpp/j","B6"
"1431","AB_2018","BWBSpp","BWBSpp/k","E7"
"1432","AB_2018","BWBSpp","BWBSpp/k","D7"
"1433","AB_2018","BWBSpp","BWBSpp/k","D6"
"1434","AB_2018","BWBSpp","BWBSpp/k","C7"
"1435","AB_2018","BWBSpp","BWBSpp/l","E7"
"1436","AB_2018","BWBSpp","BWBSpp/l","D7"
"1437","AB_2018","BWBSub","BWBSub/a","C2"
"1438","AB_2018","BWBSub","BWBSub/a","B3"
"1439","AB_2018","BWBSub","BWBSub/a","B2"
"1440","AB_2018","BWBSub","BWBSub/a","B1"
"1441","AB_2018","BWBSub","BWBSub/a","A2"
"1442","AB_2018","BWBSub","BWBSub/b","C4"
"1443","AB_2018","BWBSub","BWBSub/b","C3"
"1444","AB_2018","BWBSub","BWBSub/b","C2"
"1445","AB_2018","BWBSub","BWBSub/b","B3"
"1446","AB_2018","BWBSub","BWBSub/c","C5"
"1447","AB_2018","BWBSub","BWBSub/c","C4"
"1448","AB_2018","BWBSub","BWBSub/c","C3"
"1449","AB_2018","BWBSub","BWBSub/c","B5"
"1450","AB_2018","BWBSub","BWBSub/c","B4"
"1451","AB_2018","BWBSub","BWBSub/c","B3"
"1452","AB_2018","BWBSub","BWBSub/c","A4"
"1453","AB_2018","BWBSub","BWBSub/d","D5"
"1454","AB_2018","BWBSub","BWBSub/d","D4"
"1455","AB_2018","BWBSub","BWBSub/d","C5"
"1456","AB_2018","BWBSub","BWBSub/d","C4"
"1457","AB_2018","BWBSub","BWBSub/d","C3"
"1458","AB_2018","BWBSub","BWBSub/e","E6"
"1459","AB_2018","BWBSub","BWBSub/e","E5"
"1460","AB_2018","BWBSub","BWBSub/e","D6"
"1461","AB_2018","BWBSub","BWBSub/e","D5"
"1462","AB_2018","BWBSub","BWBSub/f","E6"
"1463","AB_2018","BWBSub","BWBSub/f","D7"
"1464","AB_2018","BWBSub","BWBSub/f","D6"
"1465","AB_2018","BWBSub","BWBSub/f","D5"
"1466","AB_2018","BWBSub","BWBSub/f","C7"
"1467","AB_2018","BWBSub","BWBSub/f","C6"
"1468","AB_2018","BWBSub","BWBSub/g","C6"
"1469","AB_2018","BWBSub","BWBSub/g","C5"
"1470","AB_2018","BWBSub","BWBSub/g","B6"
"1471","AB_2018","BWBSub","BWBSub/g","B5"
"1472","AB_2018","BWBSub","BWBSub/h","B7"
"1473","AB_2018","BWBSub","BWBSub/h","B6"
"1474","AB_2018","BWBSub","BWBSub/h","A7"
"1475","AB_2018","BWBSub","BWBSub/h","A6"
"1476","AB_2018","BWBSub","BWBSub/i","C7"
"1477","AB_2018","BWBSub","BWBSub/i","B7"
"1478","AB_2018","BWBSub","BWBSub/j","E7"
"1479","AB_2018","BWBSub","BWBSub/j","D7"
"1480","AB_2018","BWBSub","BWBSub/j","C7"
"1481","Add_2021","BWBSub","BWBSub/Ro","A0"
"1482","Add_2021","BWBSub","BWBSub/Ro","B0"
"1483","AB_2018","BWBSuf","BWBSuf/a","C2"
"1484","AB_2018","BWBSuf","BWBSuf/a","C1"
"1485","AB_2018","BWBSuf","BWBSuf/a","B2"
"1486","AB_2018","BWBSuf","BWBSuf/a","B1"
"1487","AB_2018","BWBSuf","BWBSuf/a","B0"
"1488","AB_2018","BWBSuf","BWBSuf/b","B3"
"1489","AB_2018","BWBSuf","BWBSuf/b","B2"
"1490","AB_2018","BWBSuf","BWBSuf/b","B1"
"1491","AB_2018","BWBSuf","BWBSuf/b","A2"
"1492","AB_2018","BWBSuf","BWBSuf/c","D3"
"1493","AB_2018","BWBSuf","BWBSuf/c","C4"
"1494","AB_2018","BWBSuf","BWBSuf/c","C3"
"1495","AB_2018","BWBSuf","BWBSuf/c","C2"
"1496","AB_2018","BWBSuf","BWBSuf/c","B3"
"1497","AB_2018","BWBSuf","BWBSuf/c","B2"
"1498","AB_2018","BWBSuf","BWBSuf/d","B5"
"1499","AB_2018","BWBSuf","BWBSuf/d","B4"
"1500","AB_2018","BWBSuf","BWBSuf/d","B3"
"1501","AB_2018","BWBSuf","BWBSuf/d","A4"
"1502","AB_2018","BWBSuf","BWBSuf/d","A3"
"1503","AB_2018","BWBSuf","BWBSuf/e","D4"
"1504","AB_2018","BWBSuf","BWBSuf/e","C5"
"1505","AB_2018","BWBSuf","BWBSuf/e","C4"
"1506","AB_2018","BWBSuf","BWBSuf/e","C3"
"1507","AB_2018","BWBSuf","BWBSuf/e","B5"
"1508","AB_2018","BWBSuf","BWBSuf/e","B4"
"1509","AB_2018","BWBSuf","BWBSuf/f","E5"
"1510","AB_2018","BWBSuf","BWBSuf/f","D5"
"1511","AB_2018","BWBSuf","BWBSuf/f","D4"
"1512","AB_2018","BWBSuf","BWBSuf/g","E7"
"1513","AB_2018","BWBSuf","BWBSuf/g","E6"
"1514","AB_2018","BWBSuf","BWBSuf/g","E5"
"1515","AB_2018","BWBSuf","BWBSuf/g","E4"
"1516","AB_2018","BWBSuf","BWBSuf/g","D6"
"1517","AB_2018","BWBSuf","BWBSuf/g","D5"
"1518","AB_2018","BWBSuf","BWBSuf/h","C6"
"1519","AB_2018","BWBSuf","BWBSuf/h","C5"
"1520","AB_2018","BWBSuf","BWBSuf/h","B6"
"1521","AB_2018","BWBSuf","BWBSuf/h","B5"
"1522","AB_2018","BWBSuf","BWBSuf/h","A6"
"1523","AB_2018","BWBSuf","BWBSuf/h","A5"
"1524","AB_2018","BWBSuf","BWBSuf/i","D6"
"1525","AB_2018","BWBSuf","BWBSuf/i","D5"
"1526","AB_2018","BWBSuf","BWBSuf/i","C7"
"1527","AB_2018","BWBSuf","BWBSuf/i","C6"
"1528","AB_2018","BWBSuf","BWBSuf/i","C5"
"1529","AB_2018","BWBSuf","BWBSuf/i","B6"
"1530","AB_2018","BWBSuf","BWBSuf/j","E6"
"1531","AB_2018","BWBSuf","BWBSuf/j","D6"
"1532","AB_2018","BWBSuf","BWBSuf/j","D5"
"1533","AB_2018","BWBSuf","BWBSuf/j","C6"
"1534","AB_2018","BWBSuf","BWBSuf/j","C5"
"1535","AB_2018","BWBSuf","BWBSuf/k","B7"
"1536","AB_2018","BWBSuf","BWBSuf/k","B6"
"1537","AB_2018","BWBSuf","BWBSuf/k","A7"
"1538","AB_2018","BWBSuf","BWBSuf/l","D7"
"1539","AB_2018","BWBSuf","BWBSuf/l","C7"
"1540","AB_2018","BWBSuf","BWBSuf/l","C6"
"1541","AB_2018","BWBSuf","BWBSuf/l","B7"
"1542","AB_2018","BWBSuf","BWBSuf/m","E7"
"1543","AB_2018","BWBSuf","BWBSuf/m","E6"
"1544","AB_2018","BWBSuf","BWBSuf/m","D7"
"1545","AB_2018","BWBSuf","BWBSuf/m","D6"
"1546","AB_2018","BWBSuf","BWBSuf/m","C7"
"1547","Add_2021","BWBSuf","BWBSuf/Ro","A0"
"1548","Add_2021","BWBSuf","BWBSuf/Ro","B0"
"1549","BECv10","BWBSvk","BWBSvk/h","E7"
"1550","BECv10","BWBSvk","BWBSvk/h","E6"
"1551","BECv10","BWBSvk","BWBSvk/h","E5"
"1552","BECv10","BWBSvk","BWBSvk/h","D7"
"1553","BECv10","BWBSvk","BWBSvk/h","D6"
"1554","BECv10","BWBSvk","BWBSvk/h","D5"
"1555","BECv10","BWBSvk","BWBSvk/h","C7"
"1556","BECv10","BWBSvk","BWBSvk/h","C6"
"1557","BECv10","BWBSvk","BWBSvk/h","C5"
"1558","BECv10","BWBSvk","BWBSvk/h","B7"
"1559","BECv10","BWBSvk","BWBSvk/h","B6"
"1560","BECv10","BWBSvk","BWBSvk/h","B5"
"1561","BECv10","BWBSvk","BWBSvk/m","E4"
"1562","BECv10","BWBSvk","BWBSvk/m","E3"
"1563","BECv10","BWBSvk","BWBSvk/m","D4"
"1564","BECv10","BWBSvk","BWBSvk/m","D3"
"1565","BECv10","BWBSvk","BWBSvk/m","C4"
"1566","BECv10","BWBSvk","BWBSvk/m","C3"
"1567","BECv10","BWBSvk","BWBSvk/m","B4"
"1568","BECv10","BWBSvk","BWBSvk/m","B3"
"1569","BECv10","BWBSvk","BWBSvk/m","A4"
"1570","BECv10","BWBSvk","BWBSvk/m","A3"
"1571","BECv10","BWBSvk","BWBSvk/x","E2"
"1572","BECv10","BWBSvk","BWBSvk/x","E1"
"1573","BECv10","BWBSvk","BWBSvk/x","E0"
"1574","BECv10","BWBSvk","BWBSvk/x","D2"
"1575","BECv10","BWBSvk","BWBSvk/x","D1"
"1576","BECv10","BWBSvk","BWBSvk/x","D0"
"1577","BECv10","BWBSvk","BWBSvk/x","C2"
"1578","BECv10","BWBSvk","BWBSvk/x","C1"
"1579","BECv10","BWBSvk","BWBSvk/x","C0"
"1580","BECv10","BWBSvk","BWBSvk/x","B2"
"1581","BECv10","BWBSvk","BWBSvk/x","B1"
"1582","BECv10","BWBSvk","BWBSvk/x","B0"
"1583","BECv10","BWBSvk","BWBSvk/x","A2"
"1584","BECv10","BWBSvk","BWBSvk/x","A1"
"1585","BECv10","BWBSvk","BWBSvk/x","A0"
"1586","BECv10","BWBSwk1","BWBSwk1/101","C4"
"1587","BECv10","BWBSwk1","BWBSwk1/101","C3"
"1588","BECv10","BWBSwk1","BWBSwk1/101","B4"
"1589","BECv10","BWBSwk1","BWBSwk1/101","B3"
"1590","BECv10","BWBSwk1","BWBSwk1/102","C2"
"1591","BECv10","BWBSwk1","BWBSwk1/102","B2"
"1592","BECv10","BWBSwk1","BWBSwk1/102","B1"
"1593","BECv10","BWBSwk1","BWBSwk1/102","A2"
"1594","BECv10","BWBSwk1","BWBSwk1/102","A1"
"1595","BECv10","BWBSwk1","BWBSwk1/103","D3"
"1596","BECv10","BWBSwk1","BWBSwk1/103","C3"
"1597","BECv10","BWBSwk1","BWBSwk1/103","B3"
"1598","BECv10","BWBSwk1","BWBSwk1/104","B5"
"1599","BECv10","BWBSwk1","BWBSwk1/104","B4"
"1600","BECv10","BWBSwk1","BWBSwk1/104","B3"
"1601","BECv10","BWBSwk1","BWBSwk1/104","A5"
"1602","BECv10","BWBSwk1","BWBSwk1/104","A4"
"1603","BECv10","BWBSwk1","BWBSwk1/104","A3"
"1604","BECv10","BWBSwk1","BWBSwk1/110","D6"
"1605","BECv10","BWBSwk1","BWBSwk1/110","D5"
"1606","BECv10","BWBSwk1","BWBSwk1/110","D4"
"1607","BECv10","BWBSwk1","BWBSwk1/110","C6"
"1608","BECv10","BWBSwk1","BWBSwk1/110","C5"
"1609","BECv10","BWBSwk1","BWBSwk1/111","B6"
"1610","BECv10","BWBSwk1","BWBSwk1/111","B5"
"1611","BECv10","BWBSwk1","BWBSwk1/111","A6"
"1612","BECv10","BWBSwk1","BWBSwk1/111","A5"
"1613","Add_2021","BWBSwk1","BWBSwk1/Ro","A0"
"1614","Add_2021","BWBSwk1","BWBSwk1/Ro","B0"
"1615","BECv10","BWBSwk2","BWBSwk2/101","C4"
"1616","BECv10","BWBSwk2","BWBSwk2/101","C3"
"1617","BECv10","BWBSwk2","BWBSwk2/101","B4"
"1618","BECv10","BWBSwk2","BWBSwk2/101","B3"
"1619","BECv10","BWBSwk2","BWBSwk2/102","C2"
"1620","BECv10","BWBSwk2","BWBSwk2/102","C1"
"1621","BECv10","BWBSwk2","BWBSwk2/102","B2"
"1622","BECv10","BWBSwk2","BWBSwk2/102","B1"
"1623","BECv10","BWBSwk2","BWBSwk2/102","A2"
"1624","BECv10","BWBSwk2","BWBSwk2/102","A1"
"1625","BECv10","BWBSwk2","BWBSwk2/103","D3"
"1626","BECv10","BWBSwk2","BWBSwk2/103","C3"
"1627","BECv10","BWBSwk2","BWBSwk2/103","B3"
"1628","BECv10","BWBSwk2","BWBSwk2/104","B6"
"1629","BECv10","BWBSwk2","BWBSwk2/104","B5"
"1630","BECv10","BWBSwk2","BWBSwk2/104","B4"
"1631","BECv10","BWBSwk2","BWBSwk2/104","B3"
"1632","BECv10","BWBSwk2","BWBSwk2/104","A6"
"1633","BECv10","BWBSwk2","BWBSwk2/104","A5"
"1634","BECv10","BWBSwk2","BWBSwk2/104","A4"
"1635","BECv10","BWBSwk2","BWBSwk2/104","A3"
"1636","BECv10","BWBSwk2","BWBSwk2/110","D5"
"1637","BECv10","BWBSwk2","BWBSwk2/110","D4"
"1638","BECv10","BWBSwk2","BWBSwk2/110","C5"
"1639","BECv10","BWBSwk2","BWBSwk2/111","D6"
"1640","BECv10","BWBSwk2","BWBSwk2/111","D5"
"1641","BECv10","BWBSwk2","BWBSwk2/111","C6"
"1642","BECv10","BWBSwk2","BWBSwk2/Gg","E1"
"1643","BECv10","BWBSwk2","BWBSwk2/Gg","D1"
"1644","BECv10","BWBSwk2","BWBSwk2/Gg","D0"
"1645","Add_2021","BWBSwk2","BWBSwk2/Ro","A0"
"1646","Add_2021","BWBSwk2","BWBSwk2/Ro","B0"
"1647","BECv10","BWBSwk3","BWBSwk3/101","D4"
"1648","BECv10","BWBSwk3","BWBSwk3/101","C4"
"1649","BECv10","BWBSwk3","BWBSwk3/101","C3"
"1650","BECv10","BWBSwk3","BWBSwk3/102","C2"
"1651","BECv10","BWBSwk3","BWBSwk3/102","B2"
"1652","BECv10","BWBSwk3","BWBSwk3/102","B1"
"1653","BECv10","BWBSwk3","BWBSwk3/102","A2"
"1654","BECv10","BWBSwk3","BWBSwk3/102","A1"
"1655","BECv10","BWBSwk3","BWBSwk3/103","B5"
"1656","BECv10","BWBSwk3","BWBSwk3/103","B4"
"1657","BECv10","BWBSwk3","BWBSwk3/103","B3"
"1658","BECv10","BWBSwk3","BWBSwk3/103","A5"
"1659","BECv10","BWBSwk3","BWBSwk3/103","A4"
"1660","BECv10","BWBSwk3","BWBSwk3/103","A3"
"1661","BECv10","BWBSwk3","BWBSwk3/110","D6"
"1662","BECv10","BWBSwk3","BWBSwk3/110","D5"
"1663","BECv10","BWBSwk3","BWBSwk3/110","C6"
"1664","BECv10","BWBSwk3","BWBSwk3/110","C5"
"1665","BECv10","BWBSwk3","BWBSwk3/111","B6"
"1666","BECv10","BWBSwk3","BWBSwk3/111","A6"
"1667","Add_2021","BWBSwk3","BWBSwk3/Ro","A0"
"1668","Add_2021","BWBSwk3","BWBSwk3/Ro","B0"
"1669","USA_2019","CCHun_CA","CCHun_CA/101","D4"
"1670","USA_2019","CCHun_CA","CCHun_CA/101","D3"
"1671","USA_2019","CCHun_CA","CCHun_CA/101","C4"
"1672","USA_2019","CCHun_CA","CCHun_CA/101","C3"
"1673","USA_2019","CCHun_CA","CCHun_CA/101","B4"
"1674","USA_2019","CCHun_CA","CCHun_CA/101","B3"
"1675","USA_2019","CCHun_CA","CCHun_CA/110","E5"
"1676","USA_2019","CCHun_CA","CCHun_CA/110","D5"
"1677","USA_2019","CCHun_CA","CCHun_CA/110","C5"
"1678","USA_2019","CCHun_CA","CCHun_CA/110","B5"
"1679","USA_2019","CCHun_CA","CCHun_CA/111","E6"
"1680","USA_2019","CCHun_CA","CCHun_CA/111","D6"
"1681","USA_2019","CCHun_CA","CCHun_CA/111","C6"
"1682","USA_2019","CCHun_CA","CCHun_CA/111","B6"
"1683","USA_2019","CCHun_CA","CCHun_CA/Gs","D2"
"1684","USA_2019","CCHun_CA","CCHun_CA/Gs","D1"
"1685","USA_2019","CCHun_CA","CCHun_CA/Gs","C2"
"1686","USA_2019","CCHun_CA","CCHun_CA/Gs","C1"
"1687","USA_2019","CCHun_CA","CCHun_CA/Gs","B2"
"1688","USA_2019","CCHun_CA","CCHun_CA/Gs","B1"
"1689","USA_2019","CCHun_CA","CCHun_CA/Gs","A2"
"1690","USA_2019","CCHun_CA","CCHun_CA/Gs","A1"
"1691","Add_2021","CCHun_CA","CCHun_CA/Ro","A0"
"1692","Add_2021","CCHun_CA","CCHun_CA/Ro","B0"
"1693","BECv13","CDFmm","CDFmm/101","A3"
"1694","BECv13","CDFmm","CDFmm/101","A4"
"1695","BECv13","CDFmm","CDFmm/101","B4"
"1696","BECv13","CDFmm","CDFmm/101","B3"
"1697","BECv13","CDFmm","CDFmm/101","C3"
"1698","BECv13","CDFmm","CDFmm/101","C4"
"1699","BECv13","CDFmm","CDFmm/102","A0"
"1700","BECv13","CDFmm","CDFmm/102","B0"
"1701","BECv13","CDFmm","CDFmm/102","A1"
"1702","BECv13","CDFmm","CDFmm/102","B1"
"1703","BECv13","CDFmm","CDFmm/102.1","A0"
"1704","BECv13","CDFmm","CDFmm/102.1","B0"
"1705","BECv13","CDFmm","CDFmm/102.1","A1"
"1706","BECv13","CDFmm","CDFmm/102.1","B1"
"1707","BECv13","CDFmm","CDFmm/102.2","A0"
"1708","BECv13","CDFmm","CDFmm/102.2","B0"
"1709","BECv13","CDFmm","CDFmm/102.2","A1"
"1710","BECv13","CDFmm","CDFmm/102.2","B1"
"1711","BECv13","CDFmm","CDFmm/103","C0"
"1712","BECv13","CDFmm","CDFmm/103","D0"
"1713","BECv13","CDFmm","CDFmm/103","E0"
"1714","BECv13","CDFmm","CDFmm/103","C1"
"1715","BECv13","CDFmm","CDFmm/103","D1"
"1716","BECv13","CDFmm","CDFmm/103","E1"
"1717","BECv13","CDFmm","CDFmm/104","A1"
"1718","BECv13","CDFmm","CDFmm/104","B1"
"1719","BECv13","CDFmm","CDFmm/104","A2"
"1720","BECv13","CDFmm","CDFmm/104","B2"
"1721","BECv13","CDFmm","CDFmm/105","C1"
"1722","BECv13","CDFmm","CDFmm/105","D1"
"1723","BECv13","CDFmm","CDFmm/105","C2"
"1724","BECv13","CDFmm","CDFmm/105","D2"
"1725","BECv13","CDFmm","CDFmm/106","D1"
"1726","BECv13","CDFmm","CDFmm/106","E1"
"1727","BECv13","CDFmm","CDFmm/106","D2"
"1728","BECv13","CDFmm","CDFmm/106","E2"
"1729","BECv13","CDFmm","CDFmm/110","D3"
"1730","BECv13","CDFmm","CDFmm/110","E3"
"1731","BECv13","CDFmm","CDFmm/110","D4"
"1732","BECv13","CDFmm","CDFmm/110","E4"
"1733","BECv13","CDFmm","CDFmm/111","A5"
"1734","BECv13","CDFmm","CDFmm/111","B5"
"1735","BECv13","CDFmm","CDFmm/111","C5"
"1736","BECv13","CDFmm","CDFmm/111","A6"
"1737","BECv13","CDFmm","CDFmm/111","B6"
"1738","BECv13","CDFmm","CDFmm/111","C6"
"1739","BECv13","CDFmm","CDFmm/112","D5"
"1740","BECv13","CDFmm","CDFmm/112","D6"
"1741","BECv13","CDFmm","CDFmm/112","E5"
"1742","BECv13","CDFmm","CDFmm/112","E6"
"1743","BECv13","CDFmm","CDFmm/112a","D5"
"1744","BECv13","CDFmm","CDFmm/112a","E5"
"1745","BECv13","CDFmm","CDFmm/112a","D6"
"1746","BECv13","CDFmm","CDFmm/112a","E6"
"1747","BECv13","CDFmm","CDFmm/112b","D5"
"1748","BECv13","CDFmm","CDFmm/112b","E5"
"1749","BECv13","CDFmm","CDFmm/112b","D6"
"1750","BECv13","CDFmm","CDFmm/112b","E6"
"1751","BECv13","CDFmm","CDFmm/Fl51","D5"
"1752","BECv13","CDFmm","CDFmm/Fl51","E5"
"1753","BECv13","CDFmm","CDFmm/Fl51","D6"
"1754","BECv13","CDFmm","CDFmm/Fl51","E6"
"1755","BECv13","CDFmm","CDFmm/Fm51","D5"
"1756","BECv13","CDFmm","CDFmm/Fm51","D6"
"1757","BECv13","CDFmm","CDFmm/Fm51","E5"
"1758","BECv13","CDFmm","CDFmm/Fm51","E6"
"1759","BECv13","CDFmm","CDFmm/Fm52","D5"
"1760","BECv13","CDFmm","CDFmm/Fm52","D6"
"1761","BECv13","CDFmm","CDFmm/Fm52","E5"
"1762","BECv13","CDFmm","CDFmm/Fm52","E6"
"1763","BECv13","CDFmm","CDFmm/Gg","C0"
"1764","BECv13","CDFmm","CDFmm/Gg","D0"
"1765","BECv13","CDFmm","CDFmm/Gg","E0"
"1766","BECv13","CDFmm","CDFmm/Ro","A0"
"1767","BECv13","CDFmm","CDFmm/Ro","B0"
"1768","BECv13","CDFmm","CDFmm/Wb55","A7"
"1769","BECv13","CDFmm","CDFmm/Wb55","B7"
"1770","BECv13","CDFmm","CDFmm/Wf","C7"
"1771","BECv13","CDFmm","CDFmm/Wf","D7"
"1772","BECv13","CDFmm","CDFmm/Wf","E7"
"1773","BECv13","CDFmm","CDFmm/Wm","C7"
"1774","BECv13","CDFmm","CDFmm/Wm","D7"
"1775","BECv13","CDFmm","CDFmm/Wm","E7"
"1776","BECv13","CDFmm","CDFmm/Ws53","C7"
"1777","BECv13","CDFmm","CDFmm/Ws53","D7"
"1778","BECv13","CDFmm","CDFmm/Ws53","E7"
"1779","BECv13","CDFmm","CDFmm/Ws61","C7"
"1780","BECv13","CDFmm","CDFmm/Ws61","D7"
"1781","BECv13","CDFmm","CDFmm/Ws61","E7"
"1782","BECv13","CDFmm","CDFmm/Ws62","C7"
"1783","BECv13","CDFmm","CDFmm/Ws62","D7"
"1784","BECv13","CDFmm","CDFmm/Ws62","E7"
"1785","USA_2019","CDFmm_OR","CDFmm_OR/101","D4"
"1786","USA_2019","CDFmm_OR","CDFmm_OR/101","D3"
"1787","USA_2019","CDFmm_OR","CDFmm_OR/101","C4"
"1788","USA_2019","CDFmm_OR","CDFmm_OR/101","C3"
"1789","USA_2019","CDFmm_OR","CDFmm_OR/101","B4"
"1790","USA_2019","CDFmm_OR","CDFmm_OR/101","B3"
"1791","USA_2019","CDFmm_OR","CDFmm_OR/102","D1"
"1792","USA_2019","CDFmm_OR","CDFmm_OR/102","C1"
"1793","USA_2019","CDFmm_OR","CDFmm_OR/102","B1"
"1794","USA_2019","CDFmm_OR","CDFmm_OR/102","A1"
"1795","USA_2019","CDFmm_OR","CDFmm_OR/103","D2"
"1796","USA_2019","CDFmm_OR","CDFmm_OR/103","C2"
"1797","USA_2019","CDFmm_OR","CDFmm_OR/103","B2"
"1798","USA_2019","CDFmm_OR","CDFmm_OR/103","A2"
"1799","USA_2019","CDFmm_OR","CDFmm_OR/110","C5"
"1800","USA_2019","CDFmm_OR","CDFmm_OR/110","B5"
"1801","USA_2019","CDFmm_OR","CDFmm_OR/111","C6"
"1802","USA_2019","CDFmm_OR","CDFmm_OR/111","B6"
"1803","USA_2019","CDFmm_OR","CDFmm_OR/112","E5"
"1804","USA_2019","CDFmm_OR","CDFmm_OR/112","D5"
"1805","USA_2019","CDFmm_OR","CDFmm_OR/113","E6"
"1806","USA_2019","CDFmm_OR","CDFmm_OR/113","D6"
"1807","Add_2021","CDFmm_OR","CDFmm_OR/Ro","A0"
"1808","Add_2021","CDFmm_OR","CDFmm_OR/Ro","B0"
"1809","USA_2019","CDFmm_WA","CDFmm_WA/101","D4"
"1810","USA_2019","CDFmm_WA","CDFmm_WA/101","D3"
"1811","USA_2019","CDFmm_WA","CDFmm_WA/101","C4"
"1812","USA_2019","CDFmm_WA","CDFmm_WA/101","C3"
"1813","USA_2019","CDFmm_WA","CDFmm_WA/101","B4"
"1814","USA_2019","CDFmm_WA","CDFmm_WA/101","B3"
"1815","USA_2019","CDFmm_WA","CDFmm_WA/102","D1"
"1816","USA_2019","CDFmm_WA","CDFmm_WA/102","C1"
"1817","USA_2019","CDFmm_WA","CDFmm_WA/102","B1"
"1818","USA_2019","CDFmm_WA","CDFmm_WA/102","A1"
"1819","USA_2019","CDFmm_WA","CDFmm_WA/103","D2"
"1820","USA_2019","CDFmm_WA","CDFmm_WA/103","C2"
"1821","USA_2019","CDFmm_WA","CDFmm_WA/103","B2"
"1822","USA_2019","CDFmm_WA","CDFmm_WA/103","A2"
"1823","USA_2019","CDFmm_WA","CDFmm_WA/110","C5"
"1824","USA_2019","CDFmm_WA","CDFmm_WA/110","B5"
"1825","USA_2019","CDFmm_WA","CDFmm_WA/111","C6"
"1826","USA_2019","CDFmm_WA","CDFmm_WA/111","B6"
"1827","USA_2019","CDFmm_WA","CDFmm_WA/112","E5"
"1828","USA_2019","CDFmm_WA","CDFmm_WA/112","D5"
"1829","USA_2019","CDFmm_WA","CDFmm_WA/113","E6"
"1830","USA_2019","CDFmm_WA","CDFmm_WA/113","D6"
"1831","Add_2021","CDFmm_WA","CDFmm_WA/Ro","A0"
"1832","Add_2021","CDFmm_WA","CDFmm_WA/Ro","B0"
"1833","USA_2019","CDFxm_CA","CDFxm_CA/101","D4"
"1834","USA_2019","CDFxm_CA","CDFxm_CA/101","D3"
"1835","USA_2019","CDFxm_CA","CDFxm_CA/101","C4"
"1836","USA_2019","CDFxm_CA","CDFxm_CA/101","C3"
"1837","USA_2019","CDFxm_CA","CDFxm_CA/101","B4"
"1838","USA_2019","CDFxm_CA","CDFxm_CA/101","B3"
"1839","USA_2019","CDFxm_CA","CDFxm_CA/102","D1"
"1840","USA_2019","CDFxm_CA","CDFxm_CA/102","C1"
"1841","USA_2019","CDFxm_CA","CDFxm_CA/102","B1"
"1842","USA_2019","CDFxm_CA","CDFxm_CA/102","A1"
"1843","USA_2019","CDFxm_CA","CDFxm_CA/103","D2"
"1844","USA_2019","CDFxm_CA","CDFxm_CA/103","C2"
"1845","USA_2019","CDFxm_CA","CDFxm_CA/103","B2"
"1846","USA_2019","CDFxm_CA","CDFxm_CA/103","A2"
"1847","USA_2019","CDFxm_CA","CDFxm_CA/110","C5"
"1848","USA_2019","CDFxm_CA","CDFxm_CA/110","B5"
"1849","USA_2019","CDFxm_CA","CDFxm_CA/111","C6"
"1850","USA_2019","CDFxm_CA","CDFxm_CA/111","B6"
"1851","USA_2019","CDFxm_CA","CDFxm_CA/112","E5"
"1852","USA_2019","CDFxm_CA","CDFxm_CA/112","D5"
"1853","USA_2019","CDFxm_CA","CDFxm_CA/113","E6"
"1854","USA_2019","CDFxm_CA","CDFxm_CA/113","D6"
"1855","Add_2021","CDFxm_CA","CDFxm_CA/Ro","A0"
"1856","Add_2021","CDFxm_CA","CDFxm_CA/Ro","B0"
"1857","BECv10","CMAun","CMAun/00","E7"
"1858","BECv10","CMAun","CMAun/00","E6"
"1859","BECv10","CMAun","CMAun/00","E5"
"1860","BECv10","CMAun","CMAun/00","E4"
"1861","BECv10","CMAun","CMAun/00","E3"
"1862","BECv10","CMAun","CMAun/00","E2"
"1863","BECv10","CMAun","CMAun/00","E1"
"1864","BECv10","CMAun","CMAun/00","E0"
"1865","BECv10","CMAun","CMAun/00","D7"
"1866","BECv10","CMAun","CMAun/00","D6"
"1867","BECv10","CMAun","CMAun/00","D5"
"1868","BECv10","CMAun","CMAun/00","D4"
"1869","BECv10","CMAun","CMAun/00","D3"
"1870","BECv10","CMAun","CMAun/00","D2"
"1871","BECv10","CMAun","CMAun/00","D1"
"1872","BECv10","CMAun","CMAun/00","D0"
"1873","BECv10","CMAun","CMAun/00","C7"
"1874","BECv10","CMAun","CMAun/00","C6"
"1875","BECv10","CMAun","CMAun/00","C5"
"1876","BECv10","CMAun","CMAun/00","C4"
"1877","BECv10","CMAun","CMAun/00","C3"
"1878","BECv10","CMAun","CMAun/00","C2"
"1879","BECv10","CMAun","CMAun/00","C1"
"1880","BECv10","CMAun","CMAun/00","C0"
"1881","BECv10","CMAun","CMAun/00","B7"
"1882","BECv10","CMAun","CMAun/00","B6"
"1883","BECv10","CMAun","CMAun/00","B5"
"1884","BECv10","CMAun","CMAun/00","B4"
"1885","BECv10","CMAun","CMAun/00","B3"
"1886","BECv10","CMAun","CMAun/00","B2"
"1887","BECv10","CMAun","CMAun/00","B1"
"1888","BECv10","CMAun","CMAun/00","B0"
"1889","BECv10","CMAun","CMAun/00","A7"
"1890","BECv10","CMAun","CMAun/00","A6"
"1891","BECv10","CMAun","CMAun/00","A5"
"1892","BECv10","CMAun","CMAun/00","A4"
"1893","BECv10","CMAun","CMAun/00","A3"
"1894","BECv10","CMAun","CMAun/00","A2"
"1895","BECv10","CMAun","CMAun/00","A1"
"1896","BECv10","CMAun","CMAun/00","A0"
"1897","USA_2019","CMAun_CA","CMAun_CA/00","E7"
"1898","USA_2019","CMAun_CA","CMAun_CA/00","E6"
"1899","USA_2019","CMAun_CA","CMAun_CA/00","E5"
"1900","USA_2019","CMAun_CA","CMAun_CA/00","E4"
"1901","USA_2019","CMAun_CA","CMAun_CA/00","E3"
"1902","USA_2019","CMAun_CA","CMAun_CA/00","E2"
"1903","USA_2019","CMAun_CA","CMAun_CA/00","E1"
"1904","USA_2019","CMAun_CA","CMAun_CA/00","E0"
"1905","USA_2019","CMAun_CA","CMAun_CA/00","D7"
"1906","USA_2019","CMAun_CA","CMAun_CA/00","D6"
"1907","USA_2019","CMAun_CA","CMAun_CA/00","D5"
"1908","USA_2019","CMAun_CA","CMAun_CA/00","D4"
"1909","USA_2019","CMAun_CA","CMAun_CA/00","D3"
"1910","USA_2019","CMAun_CA","CMAun_CA/00","D2"
"1911","USA_2019","CMAun_CA","CMAun_CA/00","D1"
"1912","USA_2019","CMAun_CA","CMAun_CA/00","D0"
"1913","USA_2019","CMAun_CA","CMAun_CA/00","C7"
"1914","USA_2019","CMAun_CA","CMAun_CA/00","C6"
"1915","USA_2019","CMAun_CA","CMAun_CA/00","C5"
"1916","USA_2019","CMAun_CA","CMAun_CA/00","C4"
"1917","USA_2019","CMAun_CA","CMAun_CA/00","C3"
"1918","USA_2019","CMAun_CA","CMAun_CA/00","C2"
"1919","USA_2019","CMAun_CA","CMAun_CA/00","C1"
"1920","USA_2019","CMAun_CA","CMAun_CA/00","C0"
"1921","USA_2019","CMAun_CA","CMAun_CA/00","B7"
"1922","USA_2019","CMAun_CA","CMAun_CA/00","B6"
"1923","USA_2019","CMAun_CA","CMAun_CA/00","B5"
"1924","USA_2019","CMAun_CA","CMAun_CA/00","B4"
"1925","USA_2019","CMAun_CA","CMAun_CA/00","B3"
"1926","USA_2019","CMAun_CA","CMAun_CA/00","B2"
"1927","USA_2019","CMAun_CA","CMAun_CA/00","B1"
"1928","USA_2019","CMAun_CA","CMAun_CA/00","B0"
"1929","USA_2019","CMAun_CA","CMAun_CA/00","A7"
"1930","USA_2019","CMAun_CA","CMAun_CA/00","A6"
"1931","USA_2019","CMAun_CA","CMAun_CA/00","A5"
"1932","USA_2019","CMAun_CA","CMAun_CA/00","A4"
"1933","USA_2019","CMAun_CA","CMAun_CA/00","A3"
"1934","USA_2019","CMAun_CA","CMAun_CA/00","A2"
"1935","USA_2019","CMAun_CA","CMAun_CA/00","A1"
"1936","USA_2019","CMAun_CA","CMAun_CA/00","A0"
"1937","USA_2019","CMAun_OR","CMAun_OR/00","E7"
"1938","USA_2019","CMAun_OR","CMAun_OR/00","E6"
"1939","USA_2019","CMAun_OR","CMAun_OR/00","E5"
"1940","USA_2019","CMAun_OR","CMAun_OR/00","E4"
"1941","USA_2019","CMAun_OR","CMAun_OR/00","E3"
"1942","USA_2019","CMAun_OR","CMAun_OR/00","E2"
"1943","USA_2019","CMAun_OR","CMAun_OR/00","E1"
"1944","USA_2019","CMAun_OR","CMAun_OR/00","E0"
"1945","USA_2019","CMAun_OR","CMAun_OR/00","D7"
"1946","USA_2019","CMAun_OR","CMAun_OR/00","D6"
"1947","USA_2019","CMAun_OR","CMAun_OR/00","D5"
"1948","USA_2019","CMAun_OR","CMAun_OR/00","D4"
"1949","USA_2019","CMAun_OR","CMAun_OR/00","D3"
"1950","USA_2019","CMAun_OR","CMAun_OR/00","D2"
"1951","USA_2019","CMAun_OR","CMAun_OR/00","D1"
"1952","USA_2019","CMAun_OR","CMAun_OR/00","D0"
"1953","USA_2019","CMAun_OR","CMAun_OR/00","C7"
"1954","USA_2019","CMAun_OR","CMAun_OR/00","C6"
"1955","USA_2019","CMAun_OR","CMAun_OR/00","C5"
"1956","USA_2019","CMAun_OR","CMAun_OR/00","C4"
"1957","USA_2019","CMAun_OR","CMAun_OR/00","C3"
"1958","USA_2019","CMAun_OR","CMAun_OR/00","C2"
"1959","USA_2019","CMAun_OR","CMAun_OR/00","C1"
"1960","USA_2019","CMAun_OR","CMAun_OR/00","C0"
"1961","USA_2019","CMAun_OR","CMAun_OR/00","B7"
"1962","USA_2019","CMAun_OR","CMAun_OR/00","B6"
"1963","USA_2019","CMAun_OR","CMAun_OR/00","B5"
"1964","USA_2019","CMAun_OR","CMAun_OR/00","B4"
"1965","USA_2019","CMAun_OR","CMAun_OR/00","B3"
"1966","USA_2019","CMAun_OR","CMAun_OR/00","B2"
"1967","USA_2019","CMAun_OR","CMAun_OR/00","B1"
"1968","USA_2019","CMAun_OR","CMAun_OR/00","B0"
"1969","USA_2019","CMAun_OR","CMAun_OR/00","A7"
"1970","USA_2019","CMAun_OR","CMAun_OR/00","A6"
"1971","USA_2019","CMAun_OR","CMAun_OR/00","A5"
"1972","USA_2019","CMAun_OR","CMAun_OR/00","A4"
"1973","USA_2019","CMAun_OR","CMAun_OR/00","A3"
"1974","USA_2019","CMAun_OR","CMAun_OR/00","A2"
"1975","USA_2019","CMAun_OR","CMAun_OR/00","A1"
"1976","USA_2019","CMAun_OR","CMAun_OR/00","A0"
"1977","USA_2019","CMAun_WA","CMAun_WA/00","E7"
"1978","USA_2019","CMAun_WA","CMAun_WA/00","E6"
"1979","USA_2019","CMAun_WA","CMAun_WA/00","E5"
"1980","USA_2019","CMAun_WA","CMAun_WA/00","E4"
"1981","USA_2019","CMAun_WA","CMAun_WA/00","E3"
"1982","USA_2019","CMAun_WA","CMAun_WA/00","E2"
"1983","USA_2019","CMAun_WA","CMAun_WA/00","E1"
"1984","USA_2019","CMAun_WA","CMAun_WA/00","E0"
"1985","USA_2019","CMAun_WA","CMAun_WA/00","D7"
"1986","USA_2019","CMAun_WA","CMAun_WA/00","D6"
"1987","USA_2019","CMAun_WA","CMAun_WA/00","D5"
"1988","USA_2019","CMAun_WA","CMAun_WA/00","D4"
"1989","USA_2019","CMAun_WA","CMAun_WA/00","D3"
"1990","USA_2019","CMAun_WA","CMAun_WA/00","D2"
"1991","USA_2019","CMAun_WA","CMAun_WA/00","D1"
"1992","USA_2019","CMAun_WA","CMAun_WA/00","D0"
"1993","USA_2019","CMAun_WA","CMAun_WA/00","C7"
"1994","USA_2019","CMAun_WA","CMAun_WA/00","C6"
"1995","USA_2019","CMAun_WA","CMAun_WA/00","C5"
"1996","USA_2019","CMAun_WA","CMAun_WA/00","C4"
"1997","USA_2019","CMAun_WA","CMAun_WA/00","C3"
"1998","USA_2019","CMAun_WA","CMAun_WA/00","C2"
"1999","USA_2019","CMAun_WA","CMAun_WA/00","C1"
"2000","USA_2019","CMAun_WA","CMAun_WA/00","C0"
"2001","USA_2019","CMAun_WA","CMAun_WA/00","B7"
"2002","USA_2019","CMAun_WA","CMAun_WA/00","B6"
"2003","USA_2019","CMAun_WA","CMAun_WA/00","B5"
"2004","USA_2019","CMAun_WA","CMAun_WA/00","B4"
"2005","USA_2019","CMAun_WA","CMAun_WA/00","B3"
"2006","USA_2019","CMAun_WA","CMAun_WA/00","B2"
"2007","USA_2019","CMAun_WA","CMAun_WA/00","B1"
"2008","USA_2019","CMAun_WA","CMAun_WA/00","B0"
"2009","USA_2019","CMAun_WA","CMAun_WA/00","A7"
"2010","USA_2019","CMAun_WA","CMAun_WA/00","A6"
"2011","USA_2019","CMAun_WA","CMAun_WA/00","A5"
"2012","USA_2019","CMAun_WA","CMAun_WA/00","A4"
"2013","USA_2019","CMAun_WA","CMAun_WA/00","A3"
"2014","USA_2019","CMAun_WA","CMAun_WA/00","A2"
"2015","USA_2019","CMAun_WA","CMAun_WA/00","A1"
"2016","USA_2019","CMAun_WA","CMAun_WA/00","A0"
"2017","BECv10","CMAunp","CMAunp/00","E7"
"2018","BECv10","CMAunp","CMAunp/00","E6"
"2019","BECv10","CMAunp","CMAunp/00","E5"
"2020","BECv10","CMAunp","CMAunp/00","E4"
"2021","BECv10","CMAunp","CMAunp/00","E3"
"2022","BECv10","CMAunp","CMAunp/00","E2"
"2023","BECv10","CMAunp","CMAunp/00","E1"
"2024","BECv10","CMAunp","CMAunp/00","E0"
"2025","BECv10","CMAunp","CMAunp/00","D7"
"2026","BECv10","CMAunp","CMAunp/00","D6"
"2027","BECv10","CMAunp","CMAunp/00","D5"
"2028","BECv10","CMAunp","CMAunp/00","D4"
"2029","BECv10","CMAunp","CMAunp/00","D3"
"2030","BECv10","CMAunp","CMAunp/00","D2"
"2031","BECv10","CMAunp","CMAunp/00","D1"
"2032","BECv10","CMAunp","CMAunp/00","D0"
"2033","BECv10","CMAunp","CMAunp/00","C7"
"2034","BECv10","CMAunp","CMAunp/00","C6"
"2035","BECv10","CMAunp","CMAunp/00","C5"
"2036","BECv10","CMAunp","CMAunp/00","C4"
"2037","BECv10","CMAunp","CMAunp/00","C3"
"2038","BECv10","CMAunp","CMAunp/00","C2"
"2039","BECv10","CMAunp","CMAunp/00","C1"
"2040","BECv10","CMAunp","CMAunp/00","C0"
"2041","BECv10","CMAunp","CMAunp/00","B7"
"2042","BECv10","CMAunp","CMAunp/00","B6"
"2043","BECv10","CMAunp","CMAunp/00","B5"
"2044","BECv10","CMAunp","CMAunp/00","B4"
"2045","BECv10","CMAunp","CMAunp/00","B3"
"2046","BECv10","CMAunp","CMAunp/00","B2"
"2047","BECv10","CMAunp","CMAunp/00","B1"
"2048","BECv10","CMAunp","CMAunp/00","B0"
"2049","BECv10","CMAunp","CMAunp/00","A7"
"2050","BECv10","CMAunp","CMAunp/00","A6"
"2051","BECv10","CMAunp","CMAunp/00","A5"
"2052","BECv10","CMAunp","CMAunp/00","A4"
"2053","BECv10","CMAunp","CMAunp/00","A3"
"2054","BECv10","CMAunp","CMAunp/00","A2"
"2055","BECv10","CMAunp","CMAunp/00","A1"
"2056","BECv10","CMAunp","CMAunp/00","A0"
"2057","BECv10","CMAwh","CMAwh/00","E7"
"2058","BECv10","CMAwh","CMAwh/00","E6"
"2059","BECv10","CMAwh","CMAwh/00","E5"
"2060","BECv10","CMAwh","CMAwh/00","E4"
"2061","BECv10","CMAwh","CMAwh/00","E3"
"2062","BECv10","CMAwh","CMAwh/00","E2"
"2063","BECv10","CMAwh","CMAwh/00","E1"
"2064","BECv10","CMAwh","CMAwh/00","E0"
"2065","BECv10","CMAwh","CMAwh/00","D7"
"2066","BECv10","CMAwh","CMAwh/00","D6"
"2067","BECv10","CMAwh","CMAwh/00","D5"
"2068","BECv10","CMAwh","CMAwh/00","D4"
"2069","BECv10","CMAwh","CMAwh/00","D3"
"2070","BECv10","CMAwh","CMAwh/00","D2"
"2071","BECv10","CMAwh","CMAwh/00","D1"
"2072","BECv10","CMAwh","CMAwh/00","D0"
"2073","BECv10","CMAwh","CMAwh/00","C7"
"2074","BECv10","CMAwh","CMAwh/00","C6"
"2075","BECv10","CMAwh","CMAwh/00","C5"
"2076","BECv10","CMAwh","CMAwh/00","C4"
"2077","BECv10","CMAwh","CMAwh/00","C3"
"2078","BECv10","CMAwh","CMAwh/00","C2"
"2079","BECv10","CMAwh","CMAwh/00","C1"
"2080","BECv10","CMAwh","CMAwh/00","C0"
"2081","BECv10","CMAwh","CMAwh/00","B7"
"2082","BECv10","CMAwh","CMAwh/00","B6"
"2083","BECv10","CMAwh","CMAwh/00","B5"
"2084","BECv10","CMAwh","CMAwh/00","B4"
"2085","BECv10","CMAwh","CMAwh/00","B3"
"2086","BECv10","CMAwh","CMAwh/00","B2"
"2087","BECv10","CMAwh","CMAwh/00","B1"
"2088","BECv10","CMAwh","CMAwh/00","B0"
"2089","BECv10","CMAwh","CMAwh/00","A7"
"2090","BECv10","CMAwh","CMAwh/00","A6"
"2091","BECv10","CMAwh","CMAwh/00","A5"
"2092","BECv10","CMAwh","CMAwh/00","A4"
"2093","BECv10","CMAwh","CMAwh/00","A3"
"2094","BECv10","CMAwh","CMAwh/00","A2"
"2095","BECv10","CMAwh","CMAwh/00","A1"
"2096","BECv10","CMAwh","CMAwh/00","A0"
"2097","USA_2019","CMXdm_OR","CMXdm_OR/101","D4"
"2098","USA_2019","CMXdm_OR","CMXdm_OR/101","D3"
"2099","USA_2019","CMXdm_OR","CMXdm_OR/101","C4"
"2100","USA_2019","CMXdm_OR","CMXdm_OR/101","C3"
"2101","USA_2019","CMXdm_OR","CMXdm_OR/101","B4"
"2102","USA_2019","CMXdm_OR","CMXdm_OR/101","B3"
"2103","USA_2019","CMXdm_OR","CMXdm_OR/102","D1"
"2104","USA_2019","CMXdm_OR","CMXdm_OR/102","C1"
"2105","USA_2019","CMXdm_OR","CMXdm_OR/102","B1"
"2106","USA_2019","CMXdm_OR","CMXdm_OR/102","A1"
"2107","USA_2019","CMXdm_OR","CMXdm_OR/103","D2"
"2108","USA_2019","CMXdm_OR","CMXdm_OR/103","C2"
"2109","USA_2019","CMXdm_OR","CMXdm_OR/103","B2"
"2110","USA_2019","CMXdm_OR","CMXdm_OR/103","A2"
"2111","USA_2019","CMXdm_OR","CMXdm_OR/110","C5"
"2112","USA_2019","CMXdm_OR","CMXdm_OR/110","B5"
"2113","USA_2019","CMXdm_OR","CMXdm_OR/111","C6"
"2114","USA_2019","CMXdm_OR","CMXdm_OR/111","B6"
"2115","USA_2019","CMXdm_OR","CMXdm_OR/112","E5"
"2116","USA_2019","CMXdm_OR","CMXdm_OR/112","D5"
"2117","USA_2019","CMXdm_OR","CMXdm_OR/113","E6"
"2118","USA_2019","CMXdm_OR","CMXdm_OR/113","D6"
"2119","Add_2021","CMXdm_OR","CMXdm_OR/Ro","A0"
"2120","Add_2021","CMXdm_OR","CMXdm_OR/Ro","B0"
"2121","USA_2023","CMXmm_OR","CMXmm_OR/101","D4"
"2122","USA_2023","CMXmm_OR","CMXmm_OR/101","D3"
"2123","USA_2023","CMXmm_OR","CMXmm_OR/101","C4"
"2124","USA_2023","CMXmm_OR","CMXmm_OR/101","C3"
"2125","USA_2023","CMXmm_OR","CMXmm_OR/101","B4"
"2126","USA_2023","CMXmm_OR","CMXmm_OR/101","B3"
"2127","USA_2023","CMXmm_OR","CMXmm_OR/102","D1"
"2128","USA_2023","CMXmm_OR","CMXmm_OR/102","C1"
"2129","USA_2023","CMXmm_OR","CMXmm_OR/102","B1"
"2130","USA_2023","CMXmm_OR","CMXmm_OR/102","A1"
"2131","USA_2023","CMXmm_OR","CMXmm_OR/103","D2"
"2132","USA_2023","CMXmm_OR","CMXmm_OR/103","C2"
"2133","USA_2023","CMXmm_OR","CMXmm_OR/103","B2"
"2134","USA_2023","CMXmm_OR","CMXmm_OR/103","A2"
"2135","USA_2023","CMXmm_OR","CMXmm_OR/110","C5"
"2136","USA_2023","CMXmm_OR","CMXmm_OR/110","B5"
"2137","USA_2023","CMXmm_OR","CMXmm_OR/111","C6"
"2138","USA_2023","CMXmm_OR","CMXmm_OR/111","B6"
"2139","USA_2023","CMXmm_OR","CMXmm_OR/112","E5"
"2140","USA_2023","CMXmm_OR","CMXmm_OR/112","D5"
"2141","USA_2023","CMXmm_OR","CMXmm_OR/113","E6"
"2142","USA_2023","CMXmm_OR","CMXmm_OR/113","D6"
"2143","USA_2023","CMXmm_OR","CMXmm_OR/Ro","A0"
"2144","USA_2023","CMXmm_OR","CMXmm_OR/Ro","B0"
"2145","USA_2019","CMXwm_OR","CMXwm_OR/101","D4"
"2146","USA_2019","CMXwm_OR","CMXwm_OR/101","D3"
"2147","USA_2019","CMXwm_OR","CMXwm_OR/101","C4"
"2148","USA_2019","CMXwm_OR","CMXwm_OR/101","C3"
"2149","USA_2019","CMXwm_OR","CMXwm_OR/101","B4"
"2150","USA_2019","CMXwm_OR","CMXwm_OR/101","B3"
"2151","USA_2019","CMXwm_OR","CMXwm_OR/102","D1"
"2152","USA_2019","CMXwm_OR","CMXwm_OR/102","C1"
"2153","USA_2019","CMXwm_OR","CMXwm_OR/102","B1"
"2154","USA_2019","CMXwm_OR","CMXwm_OR/102","A1"
"2155","USA_2019","CMXwm_OR","CMXwm_OR/103","D2"
"2156","USA_2019","CMXwm_OR","CMXwm_OR/103","C2"
"2157","USA_2019","CMXwm_OR","CMXwm_OR/103","B2"
"2158","USA_2019","CMXwm_OR","CMXwm_OR/103","A2"
"2159","USA_2019","CMXwm_OR","CMXwm_OR/110","C5"
"2160","USA_2019","CMXwm_OR","CMXwm_OR/110","B5"
"2161","USA_2019","CMXwm_OR","CMXwm_OR/111","C6"
"2162","USA_2019","CMXwm_OR","CMXwm_OR/111","B6"
"2163","USA_2019","CMXwm_OR","CMXwm_OR/112","E5"
"2164","USA_2019","CMXwm_OR","CMXwm_OR/112","D5"
"2165","USA_2019","CMXwm_OR","CMXwm_OR/113","E6"
"2166","USA_2019","CMXwm_OR","CMXwm_OR/113","D6"
"2167","Add_2021","CMXwm_OR","CMXwm_OR/Ro","A0"
"2168","Add_2021","CMXwm_OR","CMXwm_OR/Ro","B0"
"2169","USA_2019","CMXxm_CA","CMXxm_CA/101","D4"
"2170","USA_2019","CMXxm_CA","CMXxm_CA/101","D3"
"2171","USA_2019","CMXxm_CA","CMXxm_CA/101","C4"
"2172","USA_2019","CMXxm_CA","CMXxm_CA/101","C3"
"2173","USA_2019","CMXxm_CA","CMXxm_CA/101","B4"
"2174","USA_2019","CMXxm_CA","CMXxm_CA/101","B3"
"2175","USA_2019","CMXxm_CA","CMXxm_CA/102","D1"
"2176","USA_2019","CMXxm_CA","CMXxm_CA/102","C1"
"2177","USA_2019","CMXxm_CA","CMXxm_CA/102","B1"
"2178","USA_2019","CMXxm_CA","CMXxm_CA/102","A1"
"2179","USA_2019","CMXxm_CA","CMXxm_CA/103","D2"
"2180","USA_2019","CMXxm_CA","CMXxm_CA/103","C2"
"2181","USA_2019","CMXxm_CA","CMXxm_CA/103","B2"
"2182","USA_2019","CMXxm_CA","CMXxm_CA/103","A2"
"2183","USA_2019","CMXxm_CA","CMXxm_CA/110","C5"
"2184","USA_2019","CMXxm_CA","CMXxm_CA/110","B5"
"2185","USA_2019","CMXxm_CA","CMXxm_CA/111","C6"
"2186","USA_2019","CMXxm_CA","CMXxm_CA/111","B6"
"2187","USA_2019","CMXxm_CA","CMXxm_CA/112","E5"
"2188","USA_2019","CMXxm_CA","CMXxm_CA/112","D5"
"2189","USA_2019","CMXxm_CA","CMXxm_CA/113","E6"
"2190","USA_2019","CMXxm_CA","CMXxm_CA/113","D6"
"2191","Add_2021","CMXxm_CA","CMXxm_CA/Ro","A0"
"2192","Add_2021","CMXxm_CA","CMXxm_CA/Ro","B0"
"2193","USA_2019","CRFdh_CA","CRFdh_CA/101","D4"
"2194","USA_2019","CRFdh_CA","CRFdh_CA/101","D3"
"2195","USA_2019","CRFdh_CA","CRFdh_CA/101","C4"
"2196","USA_2019","CRFdh_CA","CRFdh_CA/101","C3"
"2197","USA_2019","CRFdh_CA","CRFdh_CA/101","B4"
"2198","USA_2019","CRFdh_CA","CRFdh_CA/101","B3"
"2199","USA_2019","CRFdh_CA","CRFdh_CA/102","D1"
"2200","USA_2019","CRFdh_CA","CRFdh_CA/102","C1"
"2201","USA_2019","CRFdh_CA","CRFdh_CA/102","B1"
"2202","USA_2019","CRFdh_CA","CRFdh_CA/102","A1"
"2203","USA_2019","CRFdh_CA","CRFdh_CA/103","D2"
"2204","USA_2019","CRFdh_CA","CRFdh_CA/103","C2"
"2205","USA_2019","CRFdh_CA","CRFdh_CA/103","B2"
"2206","USA_2019","CRFdh_CA","CRFdh_CA/103","A2"
"2207","USA_2019","CRFdh_CA","CRFdh_CA/110","E5"
"2208","USA_2019","CRFdh_CA","CRFdh_CA/110","D5"
"2209","USA_2019","CRFdh_CA","CRFdh_CA/110","C5"
"2210","USA_2019","CRFdh_CA","CRFdh_CA/110","B5"
"2211","USA_2019","CRFdh_CA","CRFdh_CA/111","E6"
"2212","USA_2019","CRFdh_CA","CRFdh_CA/111","D6"
"2213","USA_2019","CRFdh_CA","CRFdh_CA/111","C6"
"2214","USA_2019","CRFdh_CA","CRFdh_CA/111","B6"
"2215","Add_2021","CRFdh_CA","CRFdh_CA/Ro","A0"
"2216","Add_2021","CRFdh_CA","CRFdh_CA/Ro","B0"
"2217","USA_2019","CVGdm_CA","CVGdm_CA/110","E5"
"2218","USA_2019","CVGdm_CA","CVGdm_CA/110","D5"
"2219","USA_2019","CVGdm_CA","CVGdm_CA/110","C5"
"2220","USA_2019","CVGdm_CA","CVGdm_CA/110","B5"
"2221","USA_2019","CVGdm_CA","CVGdm_CA/111","E6"
"2222","USA_2019","CVGdm_CA","CVGdm_CA/111","D6"
"2223","USA_2019","CVGdm_CA","CVGdm_CA/111","C6"
"2224","USA_2019","CVGdm_CA","CVGdm_CA/111","B6"
"2225","USA_2019","CVGdm_CA","CVGdm_CA/Gg","D4"
"2226","USA_2019","CVGdm_CA","CVGdm_CA/Gg","D3"
"2227","USA_2019","CVGdm_CA","CVGdm_CA/Gg","D2"
"2228","USA_2019","CVGdm_CA","CVGdm_CA/Gg","D1"
"2229","USA_2019","CVGdm_CA","CVGdm_CA/Gg","C4"
"2230","USA_2019","CVGdm_CA","CVGdm_CA/Gg","C3"
"2231","USA_2019","CVGdm_CA","CVGdm_CA/Gg","C2"
"2232","USA_2019","CVGdm_CA","CVGdm_CA/Gg","C1"
"2233","USA_2019","CVGdm_CA","CVGdm_CA/Gg","B4"
"2234","USA_2019","CVGdm_CA","CVGdm_CA/Gg","B3"
"2235","USA_2019","CVGdm_CA","CVGdm_CA/Gg","B2"
"2236","USA_2019","CVGdm_CA","CVGdm_CA/Gg","B1"
"2237","USA_2019","CVGdm_CA","CVGdm_CA/Gg","A2"
"2238","USA_2019","CVGdm_CA","CVGdm_CA/Gg","A1"
"2239","Add_2021","CVGdm_CA","CVGdm_CA/Ro","A0"
"2240","Add_2021","CVGdm_CA","CVGdm_CA/Ro","B0"
"2241","USA_2023","CWFdm_OR","CWFdm_OR/101","D4"
"2242","USA_2023","CWFdm_OR","CWFdm_OR/101","D3"
"2243","USA_2023","CWFdm_OR","CWFdm_OR/101","C4"
"2244","USA_2023","CWFdm_OR","CWFdm_OR/101","C3"
"2245","USA_2023","CWFdm_OR","CWFdm_OR/101","B4"
"2246","USA_2023","CWFdm_OR","CWFdm_OR/101","B3"
"2247","USA_2023","CWFdm_OR","CWFdm_OR/102","D1"
"2248","USA_2023","CWFdm_OR","CWFdm_OR/102","C1"
"2249","USA_2023","CWFdm_OR","CWFdm_OR/102","B1"
"2250","USA_2023","CWFdm_OR","CWFdm_OR/102","A1"
"2251","USA_2023","CWFdm_OR","CWFdm_OR/103","D2"
"2252","USA_2023","CWFdm_OR","CWFdm_OR/103","C2"
"2253","USA_2023","CWFdm_OR","CWFdm_OR/103","B2"
"2254","USA_2023","CWFdm_OR","CWFdm_OR/103","A2"
"2255","USA_2023","CWFdm_OR","CWFdm_OR/110","C5"
"2256","USA_2023","CWFdm_OR","CWFdm_OR/110","B5"
"2257","USA_2023","CWFdm_OR","CWFdm_OR/111","C6"
"2258","USA_2023","CWFdm_OR","CWFdm_OR/111","B6"
"2259","USA_2023","CWFdm_OR","CWFdm_OR/112","E5"
"2260","USA_2023","CWFdm_OR","CWFdm_OR/112","D5"
"2261","USA_2023","CWFdm_OR","CWFdm_OR/113","E6"
"2262","USA_2023","CWFdm_OR","CWFdm_OR/113","D6"
"2263","USA_2023","CWFdm_OR","CWFdm_OR/Ro","A0"
"2264","USA_2023","CWFdm_OR","CWFdm_OR/Ro","B0"
"2265","USA_2019","CWFds_CA","CWFds_CA/101","D4"
"2266","USA_2019","CWFds_CA","CWFds_CA/101","D3"
"2267","USA_2019","CWFds_CA","CWFds_CA/101","C4"
"2268","USA_2019","CWFds_CA","CWFds_CA/101","C3"
"2269","USA_2019","CWFds_CA","CWFds_CA/101","B4"
"2270","USA_2019","CWFds_CA","CWFds_CA/101","B3"
"2271","USA_2019","CWFds_CA","CWFds_CA/102","D2"
"2272","USA_2019","CWFds_CA","CWFds_CA/102","D1"
"2273","USA_2019","CWFds_CA","CWFds_CA/102","C2"
"2274","USA_2019","CWFds_CA","CWFds_CA/102","C1"
"2275","USA_2019","CWFds_CA","CWFds_CA/102","B2"
"2276","USA_2019","CWFds_CA","CWFds_CA/102","B1"
"2277","USA_2019","CWFds_CA","CWFds_CA/102","A2"
"2278","USA_2019","CWFds_CA","CWFds_CA/102","A1"
"2279","USA_2019","CWFds_CA","CWFds_CA/110","E6"
"2280","USA_2019","CWFds_CA","CWFds_CA/110","E5"
"2281","USA_2019","CWFds_CA","CWFds_CA/110","D6"
"2282","USA_2019","CWFds_CA","CWFds_CA/110","D5"
"2283","USA_2019","CWFds_CA","CWFds_CA/110","C6"
"2284","USA_2019","CWFds_CA","CWFds_CA/110","C5"
"2285","USA_2019","CWFds_CA","CWFds_CA/110","B6"
"2286","USA_2019","CWFds_CA","CWFds_CA/110","B5"
"2287","Add_2021","CWFds_CA","CWFds_CA/Ro","A0"
"2288","Add_2021","CWFds_CA","CWFds_CA/Ro","B0"
"2289","USA_2019","CWFmm_OR","CWFmm_OR/101","D4"
"2290","USA_2019","CWFmm_OR","CWFmm_OR/101","D3"
"2291","USA_2019","CWFmm_OR","CWFmm_OR/101","C4"
"2292","USA_2019","CWFmm_OR","CWFmm_OR/101","C3"
"2293","USA_2019","CWFmm_OR","CWFmm_OR/101","B4"
"2294","USA_2019","CWFmm_OR","CWFmm_OR/101","B3"
"2295","USA_2019","CWFmm_OR","CWFmm_OR/102","D1"
"2296","USA_2019","CWFmm_OR","CWFmm_OR/102","C1"
"2297","USA_2019","CWFmm_OR","CWFmm_OR/102","B1"
"2298","USA_2019","CWFmm_OR","CWFmm_OR/102","A1"
"2299","USA_2019","CWFmm_OR","CWFmm_OR/103","D2"
"2300","USA_2019","CWFmm_OR","CWFmm_OR/103","C2"
"2301","USA_2019","CWFmm_OR","CWFmm_OR/103","B2"
"2302","USA_2019","CWFmm_OR","CWFmm_OR/103","A2"
"2303","USA_2019","CWFmm_OR","CWFmm_OR/110","C5"
"2304","USA_2019","CWFmm_OR","CWFmm_OR/110","B5"
"2305","USA_2019","CWFmm_OR","CWFmm_OR/111","C6"
"2306","USA_2019","CWFmm_OR","CWFmm_OR/111","B6"
"2307","USA_2019","CWFmm_OR","CWFmm_OR/112","E5"
"2308","USA_2019","CWFmm_OR","CWFmm_OR/112","D5"
"2309","USA_2019","CWFmm_OR","CWFmm_OR/113","E6"
"2310","USA_2019","CWFmm_OR","CWFmm_OR/113","D6"
"2311","Add_2021","CWFmm_OR","CWFmm_OR/Ro","A0"
"2312","Add_2021","CWFmm_OR","CWFmm_OR/Ro","B0"
"2313","USA_2019","CWFwm_OR","CWFwm_OR/101","D4"
"2314","USA_2019","CWFwm_OR","CWFwm_OR/101","D3"
"2315","USA_2019","CWFwm_OR","CWFwm_OR/101","C4"
"2316","USA_2019","CWFwm_OR","CWFwm_OR/101","C3"
"2317","USA_2019","CWFwm_OR","CWFwm_OR/101","B4"
"2318","USA_2019","CWFwm_OR","CWFwm_OR/101","B3"
"2319","USA_2019","CWFwm_OR","CWFwm_OR/102","D1"
"2320","USA_2019","CWFwm_OR","CWFwm_OR/102","C1"
"2321","USA_2019","CWFwm_OR","CWFwm_OR/102","B1"
"2322","USA_2019","CWFwm_OR","CWFwm_OR/102","A1"
"2323","USA_2019","CWFwm_OR","CWFwm_OR/103","D2"
"2324","USA_2019","CWFwm_OR","CWFwm_OR/103","C2"
"2325","USA_2019","CWFwm_OR","CWFwm_OR/103","B2"
"2326","USA_2019","CWFwm_OR","CWFwm_OR/103","A2"
"2327","USA_2019","CWFwm_OR","CWFwm_OR/110","E5"
"2328","USA_2019","CWFwm_OR","CWFwm_OR/110","D5"
"2329","USA_2019","CWFwm_OR","CWFwm_OR/110","C5"
"2330","USA_2019","CWFwm_OR","CWFwm_OR/110","B5"
"2331","USA_2019","CWFwm_OR","CWFwm_OR/111","C6"
"2332","USA_2019","CWFwm_OR","CWFwm_OR/111","B6"
"2333","USA_2019","CWFwm_OR","CWFwm_OR/113","E6"
"2334","USA_2019","CWFwm_OR","CWFwm_OR/113","D6"
"2335","Add_2021","CWFwm_OR","CWFwm_OR/Ro","A0"
"2336","Add_2021","CWFwm_OR","CWFwm_OR/Ro","B0"
"2337","USA_2023","CWHdm_OC","CWHdm_OC/101","D4"
"2338","USA_2023","CWHdm_OC","CWHdm_OC/101","D3"
"2339","USA_2023","CWHdm_OC","CWHdm_OC/101","C4"
"2340","USA_2023","CWHdm_OC","CWHdm_OC/101","C3"
"2341","USA_2023","CWHdm_OC","CWHdm_OC/101","B4"
"2342","USA_2023","CWHdm_OC","CWHdm_OC/101","B3"
"2343","USA_2023","CWHdm_OC","CWHdm_OC/102","D1"
"2344","USA_2023","CWHdm_OC","CWHdm_OC/102","C1"
"2345","USA_2023","CWHdm_OC","CWHdm_OC/102","B1"
"2346","USA_2023","CWHdm_OC","CWHdm_OC/102","A1"
"2347","USA_2023","CWHdm_OC","CWHdm_OC/103","D2"
"2348","USA_2023","CWHdm_OC","CWHdm_OC/103","C2"
"2349","USA_2023","CWHdm_OC","CWHdm_OC/103","B2"
"2350","USA_2023","CWHdm_OC","CWHdm_OC/103","A2"
"2351","USA_2023","CWHdm_OC","CWHdm_OC/110","C5"
"2352","USA_2023","CWHdm_OC","CWHdm_OC/110","B5"
"2353","USA_2023","CWHdm_OC","CWHdm_OC/111","C6"
"2354","USA_2023","CWHdm_OC","CWHdm_OC/111","B6"
"2355","USA_2023","CWHdm_OC","CWHdm_OC/112","E5"
"2356","USA_2023","CWHdm_OC","CWHdm_OC/112","D5"
"2357","USA_2023","CWHdm_OC","CWHdm_OC/113","E6"
"2358","USA_2023","CWHdm_OC","CWHdm_OC/113","D6"
"2359","USA_2023","CWHdm_OC","CWHdm_OC/Ro","A0"
"2360","USA_2023","CWHdm_OC","CWHdm_OC/Ro","B0"
"2361","USA_2019","CWHdm_OR","CWHdm_OR/101","D4"
"2362","USA_2019","CWHdm_OR","CWHdm_OR/101","D3"
"2363","USA_2019","CWHdm_OR","CWHdm_OR/101","C4"
"2364","USA_2019","CWHdm_OR","CWHdm_OR/101","C3"
"2365","USA_2019","CWHdm_OR","CWHdm_OR/101","B4"
"2366","USA_2019","CWHdm_OR","CWHdm_OR/101","B3"
"2367","USA_2019","CWHdm_OR","CWHdm_OR/102","D1"
"2368","USA_2019","CWHdm_OR","CWHdm_OR/102","C1"
"2369","USA_2019","CWHdm_OR","CWHdm_OR/102","B1"
"2370","USA_2019","CWHdm_OR","CWHdm_OR/102","A1"
"2371","USA_2019","CWHdm_OR","CWHdm_OR/103","D2"
"2372","USA_2019","CWHdm_OR","CWHdm_OR/103","C2"
"2373","USA_2019","CWHdm_OR","CWHdm_OR/103","B2"
"2374","USA_2019","CWHdm_OR","CWHdm_OR/103","A2"
"2375","USA_2019","CWHdm_OR","CWHdm_OR/110","C5"
"2376","USA_2019","CWHdm_OR","CWHdm_OR/110","B5"
"2377","USA_2019","CWHdm_OR","CWHdm_OR/111","C6"
"2378","USA_2019","CWHdm_OR","CWHdm_OR/111","B6"
"2379","USA_2019","CWHdm_OR","CWHdm_OR/112","E5"
"2380","USA_2019","CWHdm_OR","CWHdm_OR/112","D5"
"2381","USA_2019","CWHdm_OR","CWHdm_OR/113","E6"
"2382","USA_2019","CWHdm_OR","CWHdm_OR/113","D6"
"2383","Add_2021","CWHdm_OR","CWHdm_OR/Ro","A0"
"2384","Add_2021","CWHdm_OR","CWHdm_OR/Ro","B0"
"2385","USA_2019","CWHdm_WA","CWHdm_WA/101","D4"
"2386","USA_2019","CWHdm_WA","CWHdm_WA/101","D3"
"2387","USA_2019","CWHdm_WA","CWHdm_WA/101","C4"
"2388","USA_2019","CWHdm_WA","CWHdm_WA/101","C3"
"2389","USA_2019","CWHdm_WA","CWHdm_WA/101","B4"
"2390","USA_2019","CWHdm_WA","CWHdm_WA/101","B3"
"2391","USA_2019","CWHdm_WA","CWHdm_WA/102","D1"
"2392","USA_2019","CWHdm_WA","CWHdm_WA/102","C1"
"2393","USA_2019","CWHdm_WA","CWHdm_WA/102","B1"
"2394","USA_2019","CWHdm_WA","CWHdm_WA/102","A1"
"2395","USA_2019","CWHdm_WA","CWHdm_WA/103","D2"
"2396","USA_2019","CWHdm_WA","CWHdm_WA/103","C2"
"2397","USA_2019","CWHdm_WA","CWHdm_WA/103","B2"
"2398","USA_2019","CWHdm_WA","CWHdm_WA/103","A2"
"2399","USA_2019","CWHdm_WA","CWHdm_WA/110","C5"
"2400","USA_2019","CWHdm_WA","CWHdm_WA/110","B5"
"2401","USA_2019","CWHdm_WA","CWHdm_WA/111","C6"
"2402","USA_2019","CWHdm_WA","CWHdm_WA/111","B6"
"2403","USA_2019","CWHdm_WA","CWHdm_WA/112","E5"
"2404","USA_2019","CWHdm_WA","CWHdm_WA/112","D5"
"2405","USA_2019","CWHdm_WA","CWHdm_WA/113","E6"
"2406","USA_2019","CWHdm_WA","CWHdm_WA/113","D6"
"2407","Add_2021","CWHdm_WA","CWHdm_WA/Ro","A0"
"2408","Add_2021","CWHdm_WA","CWHdm_WA/Ro","B0"
"2409","USA_2023","CWHdm_WC","CWHdm_WC/101","D4"
"2410","USA_2023","CWHdm_WC","CWHdm_WC/101","D3"
"2411","USA_2023","CWHdm_WC","CWHdm_WC/101","C4"
"2412","USA_2023","CWHdm_WC","CWHdm_WC/101","C3"
"2413","USA_2023","CWHdm_WC","CWHdm_WC/101","B4"
"2414","USA_2023","CWHdm_WC","CWHdm_WC/101","B3"
"2415","USA_2023","CWHdm_WC","CWHdm_WC/102","D1"
"2416","USA_2023","CWHdm_WC","CWHdm_WC/102","C1"
"2417","USA_2023","CWHdm_WC","CWHdm_WC/102","B1"
"2418","USA_2023","CWHdm_WC","CWHdm_WC/102","A1"
"2419","USA_2023","CWHdm_WC","CWHdm_WC/103","D2"
"2420","USA_2023","CWHdm_WC","CWHdm_WC/103","C2"
"2421","USA_2023","CWHdm_WC","CWHdm_WC/103","B2"
"2422","USA_2023","CWHdm_WC","CWHdm_WC/103","A2"
"2423","USA_2023","CWHdm_WC","CWHdm_WC/110","C5"
"2424","USA_2023","CWHdm_WC","CWHdm_WC/110","B5"
"2425","USA_2023","CWHdm_WC","CWHdm_WC/111","C6"
"2426","USA_2023","CWHdm_WC","CWHdm_WC/111","B6"
"2427","USA_2023","CWHdm_WC","CWHdm_WC/112","E5"
"2428","USA_2023","CWHdm_WC","CWHdm_WC/112","D5"
"2429","USA_2023","CWHdm_WC","CWHdm_WC/113","E6"
"2430","USA_2023","CWHdm_WC","CWHdm_WC/113","D6"
"2431","USA_2023","CWHdm_WC","CWHdm_WC/Ro","A0"
"2432","USA_2023","CWHdm_WC","CWHdm_WC/Ro","B0"
"2433","BECv13","CWHdm1","CWHdm1/101","A3"
"2434","BECv13","CWHdm1","CWHdm1/101","B3"
"2435","BECv13","CWHdm1","CWHdm1/101","C3"
"2436","BECv13","CWHdm1","CWHdm1/101","C4"
"2437","BECv13","CWHdm1","CWHdm1/101","B4"
"2438","BECv13","CWHdm1","CWHdm1/101","A4"
"2439","BECv13","CWHdm1","CWHdm1/101a","A3"
"2440","BECv13","CWHdm1","CWHdm1/101a","A4"
"2441","BECv13","CWHdm1","CWHdm1/101a","B4"
"2442","BECv13","CWHdm1","CWHdm1/101a","B3"
"2443","BECv13","CWHdm1","CWHdm1/101a","C3"
"2444","BECv13","CWHdm1","CWHdm1/101a","C4"
"2445","BECv13","CWHdm1","CWHdm1/101b","A3"
"2446","BECv13","CWHdm1","CWHdm1/101b","B3"
"2447","BECv13","CWHdm1","CWHdm1/101b","C3"
"2448","BECv13","CWHdm1","CWHdm1/101b","C4"
"2449","BECv13","CWHdm1","CWHdm1/101b","B4"
"2450","BECv13","CWHdm1","CWHdm1/101b","A4"
"2451","BECv13","CWHdm1","CWHdm1/102","A0"
"2452","BECv13","CWHdm1","CWHdm1/102","B0"
"2453","BECv13","CWHdm1","CWHdm1/102","C0"
"2454","BECv13","CWHdm1","CWHdm1/102","C1"
"2455","BECv13","CWHdm1","CWHdm1/102","B1"
"2456","BECv13","CWHdm1","CWHdm1/102","A1"
"2457","BECv13","CWHdm1","CWHdm1/103","A1"
"2458","BECv13","CWHdm1","CWHdm1/103","B1"
"2459","BECv13","CWHdm1","CWHdm1/103","C1"
"2460","BECv13","CWHdm1","CWHdm1/103","C2"
"2461","BECv13","CWHdm1","CWHdm1/103","B2"
"2462","BECv13","CWHdm1","CWHdm1/103","A2"
"2463","BECv13","CWHdm1","CWHdm1/104","D1"
"2464","BECv13","CWHdm1","CWHdm1/104","E1"
"2465","BECv13","CWHdm1","CWHdm1/104","E2"
"2466","BECv13","CWHdm1","CWHdm1/104","D2"
"2467","BECv13","CWHdm1","CWHdm1/110","D3"
"2468","BECv13","CWHdm1","CWHdm1/110","E3"
"2469","BECv13","CWHdm1","CWHdm1/110","E4"
"2470","BECv13","CWHdm1","CWHdm1/110","D4"
"2471","BECv13","CWHdm1","CWHdm1/111","A5"
"2472","BECv13","CWHdm1","CWHdm1/111","A6"
"2473","BECv13","CWHdm1","CWHdm1/111","B5"
"2474","BECv13","CWHdm1","CWHdm1/111","C5"
"2475","BECv13","CWHdm1","CWHdm1/111","C6"
"2476","BECv13","CWHdm1","CWHdm1/111","B6"
"2477","BECv13","CWHdm1","CWHdm1/112","C5"
"2478","BECv13","CWHdm1","CWHdm1/112","D5"
"2479","BECv13","CWHdm1","CWHdm1/112","E5"
"2480","BECv13","CWHdm1","CWHdm1/112","E6"
"2481","BECv13","CWHdm1","CWHdm1/112","D6"
"2482","BECv13","CWHdm1","CWHdm1/112","C6"
"2483","BECv13","CWHdm1","CWHdm1/112a","C5"
"2484","BECv13","CWHdm1","CWHdm1/112a","D5"
"2485","BECv13","CWHdm1","CWHdm1/112a","E5"
"2486","BECv13","CWHdm1","CWHdm1/112a","E6"
"2487","BECv13","CWHdm1","CWHdm1/112a","D6"
"2488","BECv13","CWHdm1","CWHdm1/112a","C6"
"2489","BECv13","CWHdm1","CWHdm1/112b","C5"
"2490","BECv13","CWHdm1","CWHdm1/112b","D5"
"2491","BECv13","CWHdm1","CWHdm1/112b","E5"
"2492","BECv13","CWHdm1","CWHdm1/112b","E6"
"2493","BECv13","CWHdm1","CWHdm1/112b","D6"
"2494","BECv13","CWHdm1","CWHdm1/112b","C6"
"2495","BECv13","CWHdm1","CWHdm1/113","C5"
"2496","BECv13","CWHdm1","CWHdm1/113","D5"
"2497","BECv13","CWHdm1","CWHdm1/113","E5"
"2498","BECv13","CWHdm1","CWHdm1/113","E6"
"2499","BECv13","CWHdm1","CWHdm1/113","D6"
"2500","BECv13","CWHdm1","CWHdm1/113","C6"
"2501","BECv13","CWHdm1","CWHdm1/Fl51","E6"
"2502","BECv13","CWHdm1","CWHdm1/Fl51","E5"
"2503","BECv13","CWHdm1","CWHdm1/Fl51","D5"
"2504","BECv13","CWHdm1","CWHdm1/Fl51","C5"
"2505","BECv13","CWHdm1","CWHdm1/Fl51","C6"
"2506","BECv13","CWHdm1","CWHdm1/Fl51","D6"
"2507","BECv13","CWHdm1","CWHdm1/Fm51","E5"
"2508","BECv13","CWHdm1","CWHdm1/Fm51","D5"
"2509","BECv13","CWHdm1","CWHdm1/Fm51","C5"
"2510","BECv13","CWHdm1","CWHdm1/Fm51","C6"
"2511","BECv13","CWHdm1","CWHdm1/Fm51","D6"
"2512","BECv13","CWHdm1","CWHdm1/Fm51","E6"
"2513","BECv13","CWHdm1","CWHdm1/Fm52","E5"
"2514","BECv13","CWHdm1","CWHdm1/Fm52","D5"
"2515","BECv13","CWHdm1","CWHdm1/Fm52","C5"
"2516","BECv13","CWHdm1","CWHdm1/Fm52","C6"
"2517","BECv13","CWHdm1","CWHdm1/Fm52","D6"
"2518","BECv13","CWHdm1","CWHdm1/Fm52","E6"
"2519","BECv13","CWHdm1","CWHdm1/Ro","A0"
"2520","BECv13","CWHdm1","CWHdm1/Ro","B0"
"2521","BECv13","CWHdm1","CWHdm1/Ro","C0"
"2522","BECv13","CWHdm1","CWHdm1/Wb55","A7"
"2523","BECv13","CWHdm1","CWHdm1/Wb55","B7"
"2524","BECv13","CWHdm1","CWHdm1/Wsxx","E7"
"2525","BECv13","CWHdm1","CWHdm1/Wsxx","D7"
"2526","BECv13","CWHdm1","CWHdm1/Wsxx","C7"
"2527","BECv13","CWHdm1","CWHdm1/Wsxx","C6"
"2528","BECv13","CWHdm1","CWHdm1/Wsxx","D6"
"2529","BECv13","CWHdm1","CWHdm1/Wsxx","E6"
"2530","BECv13","CWHdm1","CWHdm1/Ws57","E7"
"2531","BECv13","CWHdm1","CWHdm1/Ws57","D7"
"2532","BECv13","CWHdm1","CWHdm1/Ws57","C7"
"2533","BECv13","CWHdm1","CWHdm1/Ws57","C6"
"2534","BECv13","CWHdm1","CWHdm1/Ws57","D6"
"2535","BECv13","CWHdm1","CWHdm1/Ws57","E6"
"2536","BECv13","CWHdm1","CWHdm1/Ws60","E7"
"2537","BECv13","CWHdm1","CWHdm1/Ws60","D7"
"2538","BECv13","CWHdm1","CWHdm1/Ws60","C7"
"2539","BECv13","CWHdm1","CWHdm1/Ws60","C6"
"2540","BECv13","CWHdm1","CWHdm1/Ws60","D6"
"2541","BECv13","CWHdm1","CWHdm1/Ws60","E6"
"2542","BECv13","CWHdm1","CWHdm1/Ws61","E7"
"2543","BECv13","CWHdm1","CWHdm1/Ws61","D7"
"2544","BECv13","CWHdm1","CWHdm1/Ws61","C7"
"2545","BECv13","CWHdm1","CWHdm1/Ws61","C6"
"2546","BECv13","CWHdm1","CWHdm1/Ws61","D6"
"2547","BECv13","CWHdm1","CWHdm1/Ws61","E6"
"2548","BECv13","CWHdm1","CWHdm1/Ws62","E7"
"2549","BECv13","CWHdm1","CWHdm1/Ws62","D7"
"2550","BECv13","CWHdm1","CWHdm1/Ws62","C7"
"2551","BECv13","CWHdm1","CWHdm1/Ws62","C6"
"2552","BECv13","CWHdm1","CWHdm1/Ws62","D6"
"2553","BECv13","CWHdm1","CWHdm1/Ws62","E6"
"2554","BECv13","CWHdm2","CWHdm2/101","A3"
"2555","BECv13","CWHdm2","CWHdm2/101","A4"
"2556","BECv13","CWHdm2","CWHdm2/101","B4"
"2557","BECv13","CWHdm2","CWHdm2/101","B3"
"2558","BECv13","CWHdm2","CWHdm2/101","C3"
"2559","BECv13","CWHdm2","CWHdm2/101","C4"
"2560","BECv13","CWHdm2","CWHdm2/102","A0"
"2561","BECv13","CWHdm2","CWHdm2/102","B0"
"2562","BECv13","CWHdm2","CWHdm2/102","C0"
"2563","BECv13","CWHdm2","CWHdm2/103","A1"
"2564","BECv13","CWHdm2","CWHdm2/103","B1"
"2565","BECv13","CWHdm2","CWHdm2/103","C1"
"2566","BECv13","CWHdm2","CWHdm2/104","A1"
"2567","BECv13","CWHdm2","CWHdm2/104","A2"
"2568","BECv13","CWHdm2","CWHdm2/104","B1"
"2569","BECv13","CWHdm2","CWHdm2/104","B2"
"2570","BECv13","CWHdm2","CWHdm2/104","C1"
"2571","BECv13","CWHdm2","CWHdm2/104","C2"
"2572","BECv13","CWHdm2","CWHdm2/105","D1"
"2573","BECv13","CWHdm2","CWHdm2/105","D2"
"2574","BECv13","CWHdm2","CWHdm2/105","E1"
"2575","BECv13","CWHdm2","CWHdm2/105","E2"
"2576","BECv13","CWHdm2","CWHdm2/110","D3"
"2577","BECv13","CWHdm2","CWHdm2/110","E3"
"2578","BECv13","CWHdm2","CWHdm2/110","E4"
"2579","BECv13","CWHdm2","CWHdm2/110","D4"
"2580","BECv13","CWHdm2","CWHdm2/111","A6"
"2581","BECv13","CWHdm2","CWHdm2/111","A5"
"2582","BECv13","CWHdm2","CWHdm2/111","B5"
"2583","BECv13","CWHdm2","CWHdm2/111","B6"
"2584","BECv13","CWHdm2","CWHdm2/111","C5"
"2585","BECv13","CWHdm2","CWHdm2/111","C6"
"2586","BECv13","CWHdm2","CWHdm2/112","E5"
"2587","BECv13","CWHdm2","CWHdm2/112","D5"
"2588","BECv13","CWHdm2","CWHdm2/112","D6"
"2589","BECv13","CWHdm2","CWHdm2/112","E6"
"2590","BECv13","CWHdm2","CWHdm2/112.1","E5"
"2591","BECv13","CWHdm2","CWHdm2/112.1","D5"
"2592","BECv13","CWHdm2","CWHdm2/112.1","D6"
"2593","BECv13","CWHdm2","CWHdm2/112.1","E6"
"2594","BECv13","CWHdm2","CWHdm2/112.2","D5"
"2595","BECv13","CWHdm2","CWHdm2/112.2","E5"
"2596","BECv13","CWHdm2","CWHdm2/112.2","E6"
"2597","BECv13","CWHdm2","CWHdm2/112.2","D6"
"2598","BECv13","CWHdm2","CWHdm2/113","E5"
"2599","BECv13","CWHdm2","CWHdm2/113","E6"
"2600","BECv13","CWHdm2","CWHdm2/113","D6"
"2601","BECv13","CWHdm2","CWHdm2/113","D5"
"2602","BECv13","CWHdm2","CWHdm2/Fl51","E5"
"2603","BECv13","CWHdm2","CWHdm2/Fl51","D5"
"2604","BECv13","CWHdm2","CWHdm2/Fl51","D6"
"2605","BECv13","CWHdm2","CWHdm2/Fl51","E6"
"2606","BECv13","CWHdm2","CWHdm2/Fm51","E5"
"2607","BECv13","CWHdm2","CWHdm2/Fm51","D5"
"2608","BECv13","CWHdm2","CWHdm2/Fm51","D6"
"2609","BECv13","CWHdm2","CWHdm2/Fm51","E6"
"2610","BECv13","CWHdm2","CWHdm2/Fm52","E5"
"2611","BECv13","CWHdm2","CWHdm2/Fm52","D5"
"2612","BECv13","CWHdm2","CWHdm2/Fm52","D6"
"2613","BECv13","CWHdm2","CWHdm2/Fm52","E6"
"2614","BECv13","CWHdm2","CWHdm2/Ro","A0"
"2615","BECv13","CWHdm2","CWHdm2/Ro","B0"
"2616","BECv13","CWHdm2","CWHdm2/Ro","C0"
"2617","BECv13","CWHdm2","CWHdm2/Wb55","A7"
"2618","BECv13","CWHdm2","CWHdm2/Wb55","B7"
"2619","BECv13","CWHdm2","CWHdm2/Ws","E7"
"2620","BECv13","CWHdm2","CWHdm2/Ws","C7"
"2621","BECv13","CWHdm2","CWHdm2/Ws","D7"
"2622","BECv13","CWHdm2","CWHdm2/Ws57","E7"
"2623","BECv13","CWHdm2","CWHdm2/Ws57","C7"
"2624","BECv13","CWHdm2","CWHdm2/Ws57","D7"
"2625","BECv13","CWHdm3","CWHdm3/101","A3"
"2626","BECv13","CWHdm3","CWHdm3/101","B3"
"2627","BECv13","CWHdm3","CWHdm3/101","C3"
"2628","BECv13","CWHdm3","CWHdm3/101","C4"
"2629","BECv13","CWHdm3","CWHdm3/101","B4"
"2630","BECv13","CWHdm3","CWHdm3/101","A4"
"2631","BECv13","CWHdm3","CWHdm3/102","A0"
"2632","BECv13","CWHdm3","CWHdm3/102","B0"
"2633","BECv13","CWHdm3","CWHdm3/102","C0"
"2634","BECv13","CWHdm3","CWHdm3/102","C1"
"2635","BECv13","CWHdm3","CWHdm3/102","B1"
"2636","BECv13","CWHdm3","CWHdm3/102","A1"
"2637","BECv13","CWHdm3","CWHdm3/103","A1"
"2638","BECv13","CWHdm3","CWHdm3/103","C1"
"2639","BECv13","CWHdm3","CWHdm3/103","B1"
"2640","BECv13","CWHdm3","CWHdm3/103","A2"
"2641","BECv13","CWHdm3","CWHdm3/103","C2"
"2642","BECv13","CWHdm3","CWHdm3/103","B2"
"2643","BECv13","CWHdm3","CWHdm3/104","D2"
"2644","BECv13","CWHdm3","CWHdm3/104","D1"
"2645","BECv13","CWHdm3","CWHdm3/104","E1"
"2646","BECv13","CWHdm3","CWHdm3/104","E2"
"2647","BECv13","CWHdm3","CWHdm3/110","D3"
"2648","BECv13","CWHdm3","CWHdm3/110","E3"
"2649","BECv13","CWHdm3","CWHdm3/110","E4"
"2650","BECv13","CWHdm3","CWHdm3/110","D4"
"2651","BECv13","CWHdm3","CWHdm3/111","A5"
"2652","BECv13","CWHdm3","CWHdm3/111","A6"
"2653","BECv13","CWHdm3","CWHdm3/111","B5"
"2654","BECv13","CWHdm3","CWHdm3/111","C5"
"2655","BECv13","CWHdm3","CWHdm3/111","C6"
"2656","BECv13","CWHdm3","CWHdm3/111","B6"
"2657","BECv13","CWHdm3","CWHdm3/112","E5"
"2658","BECv13","CWHdm3","CWHdm3/112","E6"
"2659","BECv13","CWHdm3","CWHdm3/112","D5"
"2660","BECv13","CWHdm3","CWHdm3/112","C5"
"2661","BECv13","CWHdm3","CWHdm3/112","C6"
"2662","BECv13","CWHdm3","CWHdm3/112","D6"
"2663","BECv13","CWHdm3","CWHdm3/113","E5"
"2664","BECv13","CWHdm3","CWHdm3/113","D5"
"2665","BECv13","CWHdm3","CWHdm3/113","C5"
"2666","BECv13","CWHdm3","CWHdm3/113","C6"
"2667","BECv13","CWHdm3","CWHdm3/113","D6"
"2668","BECv13","CWHdm3","CWHdm3/113","E6"
"2669","BECv13","CWHdm3","CWHdm3/Fl50","E6"
"2670","BECv13","CWHdm3","CWHdm3/Fl50","D6"
"2671","BECv13","CWHdm3","CWHdm3/Fl50","D5"
"2672","BECv13","CWHdm3","CWHdm3/Fl50","C5"
"2673","BECv13","CWHdm3","CWHdm3/Fl50","C6"
"2674","BECv13","CWHdm3","CWHdm3/Fl50","E5"
"2675","BECv13","CWHdm3","CWHdm3/Fl51","E6"
"2676","BECv13","CWHdm3","CWHdm3/Fl51","D6"
"2677","BECv13","CWHdm3","CWHdm3/Fl51","D5"
"2678","BECv13","CWHdm3","CWHdm3/Fl51","C5"
"2679","BECv13","CWHdm3","CWHdm3/Fl51","C6"
"2680","BECv13","CWHdm3","CWHdm3/Fl51","E5"
"2681","BECv13","CWHdm3","CWHdm3/Fm51","E5"
"2682","BECv13","CWHdm3","CWHdm3/Fm51","D5"
"2683","BECv13","CWHdm3","CWHdm3/Fm51","C5"
"2684","BECv13","CWHdm3","CWHdm3/Fm51","C6"
"2685","BECv13","CWHdm3","CWHdm3/Fm51","D6"
"2686","BECv13","CWHdm3","CWHdm3/Fm51","E6"
"2687","BECv13","CWHdm3","CWHdm3/Ro","A0"
"2688","BECv13","CWHdm3","CWHdm3/Ro","B0"
"2689","BECv13","CWHdm3","CWHdm3/Ro","C0"
"2690","BECv13","CWHdm3","CWHdm3/Wb55","A7"
"2691","BECv13","CWHdm3","CWHdm3/Wb55","B7"
"2692","BECv13","CWHdm3","CWHdm3/Ws56","C7"
"2693","BECv13","CWHdm3","CWHdm3/Ws56","E7"
"2694","BECv13","CWHdm3","CWHdm3/Ws56","D7"
"2695","USA_2019","CWHds_WA","CWHds_WA/101","D4"
"2696","USA_2019","CWHds_WA","CWHds_WA/101","D3"
"2697","USA_2019","CWHds_WA","CWHds_WA/101","C4"
"2698","USA_2019","CWHds_WA","CWHds_WA/101","C3"
"2699","USA_2019","CWHds_WA","CWHds_WA/101","B4"
"2700","USA_2019","CWHds_WA","CWHds_WA/101","B3"
"2701","USA_2019","CWHds_WA","CWHds_WA/102","D1"
"2702","USA_2019","CWHds_WA","CWHds_WA/102","C1"
"2703","USA_2019","CWHds_WA","CWHds_WA/102","B1"
"2704","USA_2019","CWHds_WA","CWHds_WA/102","A1"
"2705","USA_2019","CWHds_WA","CWHds_WA/103","D2"
"2706","USA_2019","CWHds_WA","CWHds_WA/103","C2"
"2707","USA_2019","CWHds_WA","CWHds_WA/103","B2"
"2708","USA_2019","CWHds_WA","CWHds_WA/103","A2"
"2709","USA_2019","CWHds_WA","CWHds_WA/110","C5"
"2710","USA_2019","CWHds_WA","CWHds_WA/110","B5"
"2711","USA_2019","CWHds_WA","CWHds_WA/111","C6"
"2712","USA_2019","CWHds_WA","CWHds_WA/111","B6"
"2713","USA_2019","CWHds_WA","CWHds_WA/112","E5"
"2714","USA_2019","CWHds_WA","CWHds_WA/112","D5"
"2715","USA_2019","CWHds_WA","CWHds_WA/113","E6"
"2716","USA_2019","CWHds_WA","CWHds_WA/113","D6"
"2717","Add_2021","CWHds_WA","CWHds_WA/Ro","A0"
"2718","Add_2021","CWHds_WA","CWHds_WA/Ro","B0"
"2719","BECv13","CWHds1","CWHds1/101","A1"
"2720","BECv13","CWHds1","CWHds1/101","A2"
"2721","BECv13","CWHds1","CWHds1/101","A3"
"2722","BECv13","CWHds1","CWHds1/101","A4"
"2723","BECv13","CWHds1","CWHds1/101","B1"
"2724","BECv13","CWHds1","CWHds1/101","B2"
"2725","BECv13","CWHds1","CWHds1/101","B3"
"2726","BECv13","CWHds1","CWHds1/101","B4"
"2727","BECv13","CWHds1","CWHds1/101","C1"
"2728","BECv13","CWHds1","CWHds1/101","C2"
"2729","BECv13","CWHds1","CWHds1/101","C3"
"2730","BECv13","CWHds1","CWHds1/101","C4"
"2731","BECv13","CWHds1","CWHds1/101a","A3"
"2732","BECv13","CWHds1","CWHds1/101a","A4"
"2733","BECv13","CWHds1","CWHds1/101a","B3"
"2734","BECv13","CWHds1","CWHds1/101a","B4"
"2735","BECv13","CWHds1","CWHds1/101a","C3"
"2736","BECv13","CWHds1","CWHds1/101a","C4"
"2737","BECv13","CWHds1","CWHds1/101b","A1"
"2738","BECv13","CWHds1","CWHds1/101b","A2"
"2739","BECv13","CWHds1","CWHds1/101b","B1"
"2740","BECv13","CWHds1","CWHds1/101b","B2"
"2741","BECv13","CWHds1","CWHds1/101b","C1"
"2742","BECv13","CWHds1","CWHds1/101b","C2"
"2743","BECv13","CWHds1","CWHds1/102","A0"
"2744","BECv13","CWHds1","CWHds1/102","A1"
"2745","BECv13","CWHds1","CWHds1/102","B0"
"2746","BECv13","CWHds1","CWHds1/102","B1"
"2747","BECv13","CWHds1","CWHds1/102","C0"
"2748","BECv13","CWHds1","CWHds1/102","C1"
"2749","BECv13","CWHds1","CWHds1/103","A1"
"2750","BECv13","CWHds1","CWHds1/103","A2"
"2751","BECv13","CWHds1","CWHds1/103","A3"
"2752","BECv13","CWHds1","CWHds1/103","A4"
"2753","BECv13","CWHds1","CWHds1/103","B1"
"2754","BECv13","CWHds1","CWHds1/103","B2"
"2755","BECv13","CWHds1","CWHds1/103","B3"
"2756","BECv13","CWHds1","CWHds1/103","B4"
"2757","BECv13","CWHds1","CWHds1/103","C1"
"2758","BECv13","CWHds1","CWHds1/103","C2"
"2759","BECv13","CWHds1","CWHds1/103","C3"
"2760","BECv13","CWHds1","CWHds1/103","C4"
"2761","BECv13","CWHds1","CWHds1/104","A1"
"2762","BECv13","CWHds1","CWHds1/104","A2"
"2763","BECv13","CWHds1","CWHds1/104","A3"
"2764","BECv13","CWHds1","CWHds1/104","A4"
"2765","BECv13","CWHds1","CWHds1/104","B1"
"2766","BECv13","CWHds1","CWHds1/104","B2"
"2767","BECv13","CWHds1","CWHds1/104","B3"
"2768","BECv13","CWHds1","CWHds1/104","B4"
"2769","BECv13","CWHds1","CWHds1/104","C1"
"2770","BECv13","CWHds1","CWHds1/104","C2"
"2771","BECv13","CWHds1","CWHds1/104","C3"
"2772","BECv13","CWHds1","CWHds1/104","C4"
"2773","BECv13","CWHds1","CWHds1/110","D3"
"2774","BECv13","CWHds1","CWHds1/110","D4"
"2775","BECv13","CWHds1","CWHds1/110","E3"
"2776","BECv13","CWHds1","CWHds1/110","E4"
"2777","BECv13","CWHds1","CWHds1/111","D5"
"2778","BECv13","CWHds1","CWHds1/111","D6"
"2779","BECv13","CWHds1","CWHds1/111","E5"
"2780","BECv13","CWHds1","CWHds1/111","E6"
"2781","BECv13","CWHds1","CWHds1/112","D5"
"2782","BECv13","CWHds1","CWHds1/112","D6"
"2783","BECv13","CWHds1","CWHds1/112","E5"
"2784","BECv13","CWHds1","CWHds1/112","E6"
"2785","BECv13","CWHds1","CWHds1/Fl51","D5"
"2786","BECv13","CWHds1","CWHds1/Fl51","D6"
"2787","BECv13","CWHds1","CWHds1/Fl51","E5"
"2788","BECv13","CWHds1","CWHds1/Fl51","E6"
"2789","BECv13","CWHds1","CWHds1/Fm51.1","D5"
"2790","BECv13","CWHds1","CWHds1/Fm51.1","D6"
"2791","BECv13","CWHds1","CWHds1/Fm51.1","E5"
"2792","BECv13","CWHds1","CWHds1/Fm51.1","E6"
"2793","BECv13","CWHds1","CWHds1/Ro","A0"
"2794","BECv13","CWHds1","CWHds1/Ro","B0"
"2795","BECv13","CWHds1","CWHds1/Ro","C0"
"2796","BECv13","CWHds1","CWHds1/Wb50.2","A7"
"2797","BECv13","CWHds1","CWHds1/Wb50.2","B7"
"2798","BECv13","CWHds1","CWHds1/Wm","C7"
"2799","BECv13","CWHds1","CWHds1/Wm","D7"
"2800","BECv13","CWHds1","CWHds1/Wm","E7"
"2801","BECv13","CWHds1","CWHds1/Ws56.2","C7"
"2802","BECv13","CWHds1","CWHds1/Ws56.2","D7"
"2803","BECv13","CWHds1","CWHds1/Ws56.2","E7"
"2804","BECv13","CWHds2","CWHds2/101","A3"
"2805","BECv13","CWHds2","CWHds2/101","A4"
"2806","BECv13","CWHds2","CWHds2/101","B4"
"2807","BECv13","CWHds2","CWHds2/101","C4"
"2808","BECv13","CWHds2","CWHds2/101","C3"
"2809","BECv13","CWHds2","CWHds2/101","B3"
"2810","BECv13","CWHds2","CWHds2/102","A0"
"2811","BECv13","CWHds2","CWHds2/102","B0"
"2812","BECv13","CWHds2","CWHds2/102","C0"
"2813","BECv13","CWHds2","CWHds2/102","C1"
"2814","BECv13","CWHds2","CWHds2/102","B1"
"2815","BECv13","CWHds2","CWHds2/102","A1"
"2816","BECv13","CWHds2","CWHds2/103","A2"
"2817","BECv13","CWHds2","CWHds2/103","B2"
"2818","BECv13","CWHds2","CWHds2/103","C2"
"2819","BECv13","CWHds2","CWHds2/104","A2"
"2820","BECv13","CWHds2","CWHds2/104","B2"
"2821","BECv13","CWHds2","CWHds2/104","C2"
"2822","BECv13","CWHds2","CWHds2/110","D3"
"2823","BECv13","CWHds2","CWHds2/110","E3"
"2824","BECv13","CWHds2","CWHds2/110","E4"
"2825","BECv13","CWHds2","CWHds2/110","D4"
"2826","BECv13","CWHds2","CWHds2/111","E5"
"2827","BECv13","CWHds2","CWHds2/111","E6"
"2828","BECv13","CWHds2","CWHds2/111","D6"
"2829","BECv13","CWHds2","CWHds2/111","D5"
"2830","BECv13","CWHds2","CWHds2/111","C5"
"2831","BECv13","CWHds2","CWHds2/111","C6"
"2832","BECv13","CWHds2","CWHds2/112","C6"
"2833","BECv13","CWHds2","CWHds2/112","C5"
"2834","BECv13","CWHds2","CWHds2/112","D5"
"2835","BECv13","CWHds2","CWHds2/112","D6"
"2836","BECv13","CWHds2","CWHds2/112","E6"
"2837","BECv13","CWHds2","CWHds2/112","E5"
"2838","BECv13","CWHds2","CWHds2/Fl","E6"
"2839","BECv13","CWHds2","CWHds2/Fl","D6"
"2840","BECv13","CWHds2","CWHds2/Fl","C6"
"2841","BECv13","CWHds2","CWHds2/Fl","C5"
"2842","BECv13","CWHds2","CWHds2/Fl","D5"
"2843","BECv13","CWHds2","CWHds2/Fl","E5"
"2844","BECv13","CWHds2","CWHds2/Fm","E5"
"2845","BECv13","CWHds2","CWHds2/Fm","D6"
"2846","BECv13","CWHds2","CWHds2/Fm","D5"
"2847","BECv13","CWHds2","CWHds2/Fm","C5"
"2848","BECv13","CWHds2","CWHds2/Fm","C6"
"2849","BECv13","CWHds2","CWHds2/Fm","E6"
"2850","BECv13","CWHds2","CWHds2/Ro","A0"
"2851","BECv13","CWHds2","CWHds2/Ro","B0"
"2852","BECv13","CWHds2","CWHds2/Ro","C0"
"2853","BECv13","CWHds2","CWHds2/Wb51","A7"
"2854","BECv13","CWHds2","CWHds2/Wb51","B7"
"2855","BECv13","CWHds2","CWHds2/Ws56","E7"
"2856","BECv13","CWHds2","CWHds2/Ws56","D7"
"2857","BECv13","CWHds2","CWHds2/Ws56","C7"
"2858","USA_2019","CWHmh_OR","CWHmh_OR/101","D4"
"2859","USA_2019","CWHmh_OR","CWHmh_OR/101","D3"
"2860","USA_2019","CWHmh_OR","CWHmh_OR/101","C4"
"2861","USA_2019","CWHmh_OR","CWHmh_OR/101","C3"
"2862","USA_2019","CWHmh_OR","CWHmh_OR/101","B4"
"2863","USA_2019","CWHmh_OR","CWHmh_OR/101","B3"
"2864","USA_2019","CWHmh_OR","CWHmh_OR/102","D1"
"2865","USA_2019","CWHmh_OR","CWHmh_OR/102","C1"
"2866","USA_2019","CWHmh_OR","CWHmh_OR/102","B1"
"2867","USA_2019","CWHmh_OR","CWHmh_OR/102","A1"
"2868","USA_2019","CWHmh_OR","CWHmh_OR/103","D2"
"2869","USA_2019","CWHmh_OR","CWHmh_OR/103","C2"
"2870","USA_2019","CWHmh_OR","CWHmh_OR/103","B2"
"2871","USA_2019","CWHmh_OR","CWHmh_OR/103","A2"
"2872","USA_2019","CWHmh_OR","CWHmh_OR/110","C5"
"2873","USA_2019","CWHmh_OR","CWHmh_OR/110","B5"
"2874","USA_2019","CWHmh_OR","CWHmh_OR/111","C6"
"2875","USA_2019","CWHmh_OR","CWHmh_OR/111","B6"
"2876","USA_2019","CWHmh_OR","CWHmh_OR/112","E5"
"2877","USA_2019","CWHmh_OR","CWHmh_OR/112","D5"
"2878","USA_2019","CWHmh_OR","CWHmh_OR/113","E6"
"2879","USA_2019","CWHmh_OR","CWHmh_OR/113","D6"
"2880","Add_2021","CWHmh_OR","CWHmh_OR/Ro","A0"
"2881","Add_2021","CWHmh_OR","CWHmh_OR/Ro","B0"
"2882","BECv13","CWHmm1","CWHmm1/101","A3"
"2883","BECv13","CWHmm1","CWHmm1/101","A4"
"2884","BECv13","CWHmm1","CWHmm1/101","B4"
"2885","BECv13","CWHmm1","CWHmm1/101","C3"
"2886","BECv13","CWHmm1","CWHmm1/101","B3"
"2887","BECv13","CWHmm1","CWHmm1/101","C4"
"2888","BECv13","CWHmm1","CWHmm1/101a","A3"
"2889","BECv13","CWHmm1","CWHmm1/101a","A4"
"2890","BECv13","CWHmm1","CWHmm1/101a","C4"
"2891","BECv13","CWHmm1","CWHmm1/101a","C3"
"2892","BECv13","CWHmm1","CWHmm1/101a","B3"
"2893","BECv13","CWHmm1","CWHmm1/101a","B4"
"2894","BECv13","CWHmm1","CWHmm1/101b","A4"
"2895","BECv13","CWHmm1","CWHmm1/101b","B4"
"2896","BECv13","CWHmm1","CWHmm1/101b","C4"
"2897","BECv13","CWHmm1","CWHmm1/101b","C3"
"2898","BECv13","CWHmm1","CWHmm1/101b","B3"
"2899","BECv13","CWHmm1","CWHmm1/101b","A3"
"2900","BECv13","CWHmm1","CWHmm1/102","A1"
"2901","BECv13","CWHmm1","CWHmm1/102","B1"
"2902","BECv13","CWHmm1","CWHmm1/102","C1"
"2903","BECv13","CWHmm1","CWHmm1/102","C0"
"2904","BECv13","CWHmm1","CWHmm1/102","B0"
"2905","BECv13","CWHmm1","CWHmm1/102","A0"
"2906","BECv13","CWHmm1","CWHmm1/103","A1"
"2907","BECv13","CWHmm1","CWHmm1/103","A2"
"2908","BECv13","CWHmm1","CWHmm1/103","B2"
"2909","BECv13","CWHmm1","CWHmm1/103","C2"
"2910","BECv13","CWHmm1","CWHmm1/103","C1"
"2911","BECv13","CWHmm1","CWHmm1/103","B1"
"2912","BECv13","CWHmm1","CWHmm1/104","D2"
"2913","BECv13","CWHmm1","CWHmm1/104","D3"
"2914","BECv13","CWHmm1","CWHmm1/104","E3"
"2915","BECv13","CWHmm1","CWHmm1/104","E2"
"2916","BECv13","CWHmm1","CWHmm1/110","D4"
"2917","BECv13","CWHmm1","CWHmm1/110","E4"
"2918","BECv13","CWHmm1","CWHmm1/110","E5"
"2919","BECv13","CWHmm1","CWHmm1/110","D5"
"2920","BECv13","CWHmm1","CWHmm1/111","A5"
"2921","BECv13","CWHmm1","CWHmm1/111","A6"
"2922","BECv13","CWHmm1","CWHmm1/111","B6"
"2923","BECv13","CWHmm1","CWHmm1/111","C6"
"2924","BECv13","CWHmm1","CWHmm1/111","C5"
"2925","BECv13","CWHmm1","CWHmm1/111","B5"
"2926","BECv13","CWHmm1","CWHmm1/112","D6"
"2927","BECv13","CWHmm1","CWHmm1/112","E6"
"2928","BECv13","CWHmm1","CWHmm1/112","E5"
"2929","BECv13","CWHmm1","CWHmm1/112","D5"
"2930","BECv13","CWHmm1","CWHmm1/113","D5"
"2931","BECv13","CWHmm1","CWHmm1/113","E5"
"2932","BECv13","CWHmm1","CWHmm1/113","E6"
"2933","BECv13","CWHmm1","CWHmm1/113","D6"
"2934","BECv13","CWHmm1","CWHmm1/Fl50","D5"
"2935","BECv13","CWHmm1","CWHmm1/Fl50","D6"
"2936","BECv13","CWHmm1","CWHmm1/Fl50","E6"
"2937","BECv13","CWHmm1","CWHmm1/Fl50","E5"
"2938","BECv13","CWHmm1","CWHmm1/Fm51","D5"
"2939","BECv13","CWHmm1","CWHmm1/Fm51","E5"
"2940","BECv13","CWHmm1","CWHmm1/Fm51","E6"
"2941","BECv13","CWHmm1","CWHmm1/Fm51","D6"
"2942","BECv13","CWHmm1","CWHmm1/Ro","A0"
"2943","BECv13","CWHmm1","CWHmm1/Ro","B0"
"2944","BECv13","CWHmm1","CWHmm1/Ro","C0"
"2945","BECv13","CWHmm1","CWHmm1/Wb51","A7"
"2946","BECv13","CWHmm1","CWHmm1/Wb51","B7"
"2947","BECv13","CWHmm1","CWHmm1/Ws54","C7"
"2948","BECv13","CWHmm1","CWHmm1/Ws54","D7"
"2949","BECv13","CWHmm1","CWHmm1/Ws54","E7"
"2950","BECv13","CWHmm1","CWHmm1/Ws56","C7"
"2951","BECv13","CWHmm1","CWHmm1/Ws56","D7"
"2952","BECv13","CWHmm1","CWHmm1/Ws56","E7"
"2953","BECv13","CWHmm1","CWHmm1/Ws##","C7"
"2954","BECv13","CWHmm1","CWHmm1/Ws##","D7"
"2955","BECv13","CWHmm1","CWHmm1/Ws##","E7"
"2956","BECv13","CWHmm2","CWHmm2/101","A3"
"2957","BECv13","CWHmm2","CWHmm2/101","C4"
"2958","BECv13","CWHmm2","CWHmm2/101","C3"
"2959","BECv13","CWHmm2","CWHmm2/101","B3"
"2960","BECv13","CWHmm2","CWHmm2/101","B4"
"2961","BECv13","CWHmm2","CWHmm2/101","A4"
"2962","BECv13","CWHmm2","CWHmm2/101a","A3"
"2963","BECv13","CWHmm2","CWHmm2/101a","B3"
"2964","BECv13","CWHmm2","CWHmm2/101a","C3"
"2965","BECv13","CWHmm2","CWHmm2/101a","C4"
"2966","BECv13","CWHmm2","CWHmm2/101a","B4"
"2967","BECv13","CWHmm2","CWHmm2/101a","A4"
"2968","BECv13","CWHmm2","CWHmm2/101b","A3"
"2969","BECv13","CWHmm2","CWHmm2/101b","B3"
"2970","BECv13","CWHmm2","CWHmm2/101b","C3"
"2971","BECv13","CWHmm2","CWHmm2/101b","C4"
"2972","BECv13","CWHmm2","CWHmm2/101b","B4"
"2973","BECv13","CWHmm2","CWHmm2/101b","A4"
"2974","BECv13","CWHmm2","CWHmm2/102","A1"
"2975","BECv13","CWHmm2","CWHmm2/102","B1"
"2976","BECv13","CWHmm2","CWHmm2/102","C1"
"2977","BECv13","CWHmm2","CWHmm2/102","C0"
"2978","BECv13","CWHmm2","CWHmm2/102","B0"
"2979","BECv13","CWHmm2","CWHmm2/102","A0"
"2980","BECv13","CWHmm2","CWHmm2/103","A1"
"2981","BECv13","CWHmm2","CWHmm2/103","B1"
"2982","BECv13","CWHmm2","CWHmm2/103","C1"
"2983","BECv13","CWHmm2","CWHmm2/103","C2"
"2984","BECv13","CWHmm2","CWHmm2/103","B2"
"2985","BECv13","CWHmm2","CWHmm2/103","A2"
"2986","BECv13","CWHmm2","CWHmm2/110","D3"
"2987","BECv13","CWHmm2","CWHmm2/110","E3"
"2988","BECv13","CWHmm2","CWHmm2/110","E4"
"2989","BECv13","CWHmm2","CWHmm2/110","D4"
"2990","BECv13","CWHmm2","CWHmm2/111","A5"
"2991","BECv13","CWHmm2","CWHmm2/111","A6"
"2992","BECv13","CWHmm2","CWHmm2/111","B6"
"2993","BECv13","CWHmm2","CWHmm2/111","B5"
"2994","BECv13","CWHmm2","CWHmm2/111","C5"
"2995","BECv13","CWHmm2","CWHmm2/111","C6"
"2996","BECv13","CWHmm2","CWHmm2/112","C5"
"2997","BECv13","CWHmm2","CWHmm2/112","C6"
"2998","BECv13","CWHmm2","CWHmm2/112","D5"
"2999","BECv13","CWHmm2","CWHmm2/112","D6"
"3000","BECv13","CWHmm2","CWHmm2/112","E5"
"3001","BECv13","CWHmm2","CWHmm2/113","E6"
"3002","BECv13","CWHmm2","CWHmm2/113","E5"
"3003","BECv13","CWHmm2","CWHmm2/113","D5"
"3004","BECv13","CWHmm2","CWHmm2/113","D6"
"3005","BECv13","CWHmm2","CWHmm2/Ro","A0"
"3006","BECv13","CWHmm2","CWHmm2/Ro","B0"
"3007","BECv13","CWHmm2","CWHmm2/Ro","C0"
"3008","BECv13","CWHmm2","CWHmm2/Wb51","A7"
"3009","BECv13","CWHmm2","CWHmm2/Wb51","B7"
"3010","BECv13","CWHmm2","CWHmm2/Ws55","C7"
"3011","BECv13","CWHmm2","CWHmm2/Ws55","D7"
"3012","BECv13","CWHmm2","CWHmm2/Ws55","E7"
"3013","USA_2019","CWHms_OR","CWHms_OR/101","D4"
"3014","USA_2019","CWHms_OR","CWHms_OR/101","D3"
"3015","USA_2019","CWHms_OR","CWHms_OR/101","C4"
"3016","USA_2019","CWHms_OR","CWHms_OR/101","C3"
"3017","USA_2019","CWHms_OR","CWHms_OR/101","B4"
"3018","USA_2019","CWHms_OR","CWHms_OR/101","B3"
"3019","USA_2019","CWHms_OR","CWHms_OR/102","D1"
"3020","USA_2019","CWHms_OR","CWHms_OR/102","C1"
"3021","USA_2019","CWHms_OR","CWHms_OR/102","B1"
"3022","USA_2019","CWHms_OR","CWHms_OR/102","A1"
"3023","USA_2019","CWHms_OR","CWHms_OR/103","D2"
"3024","USA_2019","CWHms_OR","CWHms_OR/103","C2"
"3025","USA_2019","CWHms_OR","CWHms_OR/103","B2"
"3026","USA_2019","CWHms_OR","CWHms_OR/103","A2"
"3027","USA_2019","CWHms_OR","CWHms_OR/110","C5"
"3028","USA_2019","CWHms_OR","CWHms_OR/110","B5"
"3029","USA_2019","CWHms_OR","CWHms_OR/111","C6"
"3030","USA_2019","CWHms_OR","CWHms_OR/111","B6"
"3031","USA_2019","CWHms_OR","CWHms_OR/112","E5"
"3032","USA_2019","CWHms_OR","CWHms_OR/112","D5"
"3033","USA_2019","CWHms_OR","CWHms_OR/113","E6"
"3034","USA_2019","CWHms_OR","CWHms_OR/113","D6"
"3035","Add_2021","CWHms_OR","CWHms_OR/Ro","A0"
"3036","Add_2021","CWHms_OR","CWHms_OR/Ro","B0"
"3037","USA_2019","CWHms_WA","CWHms_WA/101","D4"
"3038","USA_2019","CWHms_WA","CWHms_WA/101","D3"
"3039","USA_2019","CWHms_WA","CWHms_WA/101","C4"
"3040","USA_2019","CWHms_WA","CWHms_WA/101","C3"
"3041","USA_2019","CWHms_WA","CWHms_WA/101","B4"
"3042","USA_2019","CWHms_WA","CWHms_WA/101","B3"
"3043","USA_2019","CWHms_WA","CWHms_WA/102","D1"
"3044","USA_2019","CWHms_WA","CWHms_WA/102","C1"
"3045","USA_2019","CWHms_WA","CWHms_WA/102","B1"
"3046","USA_2019","CWHms_WA","CWHms_WA/102","A1"
"3047","USA_2019","CWHms_WA","CWHms_WA/103","D2"
"3048","USA_2019","CWHms_WA","CWHms_WA/103","C2"
"3049","USA_2019","CWHms_WA","CWHms_WA/103","B2"
"3050","USA_2019","CWHms_WA","CWHms_WA/103","A2"
"3051","USA_2019","CWHms_WA","CWHms_WA/110","C5"
"3052","USA_2019","CWHms_WA","CWHms_WA/110","B5"
"3053","USA_2019","CWHms_WA","CWHms_WA/111","C6"
"3054","USA_2019","CWHms_WA","CWHms_WA/111","B6"
"3055","USA_2019","CWHms_WA","CWHms_WA/112","E5"
"3056","USA_2019","CWHms_WA","CWHms_WA/112","D5"
"3057","USA_2019","CWHms_WA","CWHms_WA/113","E6"
"3058","USA_2019","CWHms_WA","CWHms_WA/113","D6"
"3059","Add_2021","CWHms_WA","CWHms_WA/Ro","A0"
"3060","Add_2021","CWHms_WA","CWHms_WA/Ro","B0"
"3061","BECv13","CWHms3","CWHms3/101","A3"
"3062","BECv13","CWHms3","CWHms3/101","A4"
"3063","BECv13","CWHms3","CWHms3/101","B4"
"3064","BECv13","CWHms3","CWHms3/101","B3"
"3065","BECv13","CWHms3","CWHms3/101","C3"
"3066","BECv13","CWHms3","CWHms3/101","C4"
"3067","BECv13","CWHms3","CWHms3/102","A0"
"3068","BECv13","CWHms3","CWHms3/102","A1"
"3069","BECv13","CWHms3","CWHms3/102","B1"
"3070","BECv13","CWHms3","CWHms3/102","B0"
"3071","BECv13","CWHms3","CWHms3/102","C0"
"3072","BECv13","CWHms3","CWHms3/102","C1"
"3073","BECv13","CWHms3","CWHms3/103","A1"
"3074","BECv13","CWHms3","CWHms3/103","B1"
"3075","BECv13","CWHms3","CWHms3/103","B2"
"3076","BECv13","CWHms3","CWHms3/103","C2"
"3077","BECv13","CWHms3","CWHms3/103","C1"
"3078","BECv13","CWHms3","CWHms3/103","A2"
"3079","BECv13","CWHms3","CWHms3/104","A3"
"3080","BECv13","CWHms3","CWHms3/104","A4"
"3081","BECv13","CWHms3","CWHms3/104","B4"
"3082","BECv13","CWHms3","CWHms3/104","B3"
"3083","BECv13","CWHms3","CWHms3/104","C3"
"3084","BECv13","CWHms3","CWHms3/104","C4"
"3085","BECv13","CWHms3","CWHms3/110","D3"
"3086","BECv13","CWHms3","CWHms3/110","D4"
"3087","BECv13","CWHms3","CWHms3/110","E4"
"3088","BECv13","CWHms3","CWHms3/110","E3"
"3089","BECv13","CWHms3","CWHms3/111","A5"
"3090","BECv13","CWHms3","CWHms3/111","B5"
"3091","BECv13","CWHms3","CWHms3/111","C5"
"3092","BECv13","CWHms3","CWHms3/111","C6"
"3093","BECv13","CWHms3","CWHms3/111","B6"
"3094","BECv13","CWHms3","CWHms3/111","A6"
"3095","BECv13","CWHms3","CWHms3/112","D5"
"3096","BECv13","CWHms3","CWHms3/112","E5"
"3097","BECv13","CWHms3","CWHms3/112","D6"
"3098","BECv13","CWHms3","CWHms3/112","E6"
"3099","BECv13","CWHms3","CWHms3/113","D5"
"3100","BECv13","CWHms3","CWHms3/113","E5"
"3101","BECv13","CWHms3","CWHms3/113","E6"
"3102","BECv13","CWHms3","CWHms3/113","D6"
"3103","BECv13","CWHms3","CWHms3/Fl51","D6"
"3104","BECv13","CWHms3","CWHms3/Fl51","D5"
"3105","BECv13","CWHms3","CWHms3/Fl51","E6"
"3106","BECv13","CWHms3","CWHms3/Fl51","E5"
"3107","BECv13","CWHms3","CWHms3/Fm51.1","D5"
"3108","BECv13","CWHms3","CWHms3/Fm51.1","D6"
"3109","BECv13","CWHms3","CWHms3/Fm51.1","E6"
"3110","BECv13","CWHms3","CWHms3/Fm51.1","E5"
"3111","BECv13","CWHms3","CWHms3/Wb50.2","A7"
"3112","BECv13","CWHms3","CWHms3/Wb50.2","B7"
"3113","BECv13","CWHms3","CWHms3/Wf","C7"
"3114","BECv13","CWHms3","CWHms3/Wf","D7"
"3115","BECv13","CWHms3","CWHms3/Wf","E7"
"3116","BECv13","CWHms3","CWHms3/Wm","C7"
"3117","BECv13","CWHms3","CWHms3/Wm","D7"
"3118","BECv13","CWHms3","CWHms3/Wm","E7"
"3119","BECv13","CWHms3","CWHms3/Ws56.1","C7"
"3120","BECv13","CWHms3","CWHms3/Ws56.1","D7"
"3121","BECv13","CWHms3","CWHms3/Ws56.1","E7"
"3122","BECv13","CWHms4","CWHms4/101","A3"
"3123","BECv13","CWHms4","CWHms4/101","A4"
"3124","BECv13","CWHms4","CWHms4/101","B4"
"3125","BECv13","CWHms4","CWHms4/101","B3"
"3126","BECv13","CWHms4","CWHms4/101","C3"
"3127","BECv13","CWHms4","CWHms4/101","C4"
"3128","BECv13","CWHms4","CWHms4/102","A0"
"3129","BECv13","CWHms4","CWHms4/102","A1"
"3130","BECv13","CWHms4","CWHms4/102","B1"
"3131","BECv13","CWHms4","CWHms4/102","B0"
"3132","BECv13","CWHms4","CWHms4/102","C0"
"3133","BECv13","CWHms4","CWHms4/102","C1"
"3134","BECv13","CWHms4","CWHms4/103","A1"
"3135","BECv13","CWHms4","CWHms4/103","A2"
"3136","BECv13","CWHms4","CWHms4/103","B2"
"3137","BECv13","CWHms4","CWHms4/103","B1"
"3138","BECv13","CWHms4","CWHms4/103","C1"
"3139","BECv13","CWHms4","CWHms4/103","C2"
"3140","BECv13","CWHms4","CWHms4/104","A1"
"3141","BECv13","CWHms4","CWHms4/104","A2"
"3142","BECv13","CWHms4","CWHms4/104","B2"
"3143","BECv13","CWHms4","CWHms4/104","B1"
"3144","BECv13","CWHms4","CWHms4/104","C1"
"3145","BECv13","CWHms4","CWHms4/104","C2"
"3146","BECv13","CWHms4","CWHms4/105","A4"
"3147","BECv13","CWHms4","CWHms4/105","A3"
"3148","BECv13","CWHms4","CWHms4/105","B3"
"3149","BECv13","CWHms4","CWHms4/105","C3"
"3150","BECv13","CWHms4","CWHms4/105","C4"
"3151","BECv13","CWHms4","CWHms4/105","B4"
"3152","BECv13","CWHms4","CWHms4/110","D3"
"3153","BECv13","CWHms4","CWHms4/110","D4"
"3154","BECv13","CWHms4","CWHms4/110","E4"
"3155","BECv13","CWHms4","CWHms4/110","E3"
"3156","BECv13","CWHms4","CWHms4/111","A5"
"3157","BECv13","CWHms4","CWHms4/111","A6"
"3158","BECv13","CWHms4","CWHms4/111","B6"
"3159","BECv13","CWHms4","CWHms4/111","C5"
"3160","BECv13","CWHms4","CWHms4/111","C6"
"3161","BECv13","CWHms4","CWHms4/111","B5"
"3162","BECv13","CWHms4","CWHms4/112","D5"
"3163","BECv13","CWHms4","CWHms4/112","D6"
"3164","BECv13","CWHms4","CWHms4/112","E6"
"3165","BECv13","CWHms4","CWHms4/112","E5"
"3166","BECv13","CWHms4","CWHms4/Wb50.2","A7"
"3167","BECv13","CWHms4","CWHms4/Wb50.2","B7"
"3168","BECv13","CWHms4","CWHms4/Ws56.1","C7"
"3169","BECv13","CWHms4","CWHms4/Ws56.1","D7"
"3170","BECv13","CWHms4","CWHms4/Ws56.1","E7"
"3171","BECv13","CWHms5","CWHms5/101","A3"
"3172","BECv13","CWHms5","CWHms5/101","A4"
"3173","BECv13","CWHms5","CWHms5/101","B4"
"3174","BECv13","CWHms5","CWHms5/101","B3"
"3175","BECv13","CWHms5","CWHms5/101","C3"
"3176","BECv13","CWHms5","CWHms5/101","C4"
"3177","BECv13","CWHms5","CWHms5/101.1","A3"
"3178","BECv13","CWHms5","CWHms5/101.1","A4"
"3179","BECv13","CWHms5","CWHms5/101.1","B4"
"3180","BECv13","CWHms5","CWHms5/101.1","B3"
"3181","BECv13","CWHms5","CWHms5/101.1","C3"
"3182","BECv13","CWHms5","CWHms5/101.1","C4"
"3183","BECv13","CWHms5","CWHms5/101.2","A3"
"3184","BECv13","CWHms5","CWHms5/101.2","B3"
"3185","BECv13","CWHms5","CWHms5/101.2","C3"
"3186","BECv13","CWHms5","CWHms5/101.2","C4"
"3187","BECv13","CWHms5","CWHms5/101.2","B4"
"3188","BECv13","CWHms5","CWHms5/101.2","A4"
"3189","BECv13","CWHms5","CWHms5/102","A0"
"3190","BECv13","CWHms5","CWHms5/102","B0"
"3191","BECv13","CWHms5","CWHms5/102","C0"
"3192","BECv13","CWHms5","CWHms5/102","A1"
"3193","BECv13","CWHms5","CWHms5/102","B1"
"3194","BECv13","CWHms5","CWHms5/102","C1"
"3195","BECv13","CWHms5","CWHms5/103","A1"
"3196","BECv13","CWHms5","CWHms5/103","A2"
"3197","BECv13","CWHms5","CWHms5/103","B2"
"3198","BECv13","CWHms5","CWHms5/103","B1"
"3199","BECv13","CWHms5","CWHms5/103","C1"
"3200","BECv13","CWHms5","CWHms5/103","C2"
"3201","BECv13","CWHms5","CWHms5/103.1","A1"
"3202","BECv13","CWHms5","CWHms5/103.1","A2"
"3203","BECv13","CWHms5","CWHms5/103.1","B2"
"3204","BECv13","CWHms5","CWHms5/103.1","B1"
"3205","BECv13","CWHms5","CWHms5/103.1","C2"
"3206","BECv13","CWHms5","CWHms5/103.1","C1"
"3207","BECv13","CWHms5","CWHms5/103.2","A1"
"3208","BECv13","CWHms5","CWHms5/103.2","A2"
"3209","BECv13","CWHms5","CWHms5/103.2","B2"
"3210","BECv13","CWHms5","CWHms5/103.2","B1"
"3211","BECv13","CWHms5","CWHms5/103.2","C1"
"3212","BECv13","CWHms5","CWHms5/103.2","C2"
"3213","BECv13","CWHms5","CWHms5/110","D3"
"3214","BECv13","CWHms5","CWHms5/110","D4"
"3215","BECv13","CWHms5","CWHms5/110","E3"
"3216","BECv13","CWHms5","CWHms5/110","E4"
"3217","BECv13","CWHms5","CWHms5/111","A5"
"3218","BECv13","CWHms5","CWHms5/111","A6"
"3219","BECv13","CWHms5","CWHms5/111","B6"
"3220","BECv13","CWHms5","CWHms5/111","C6"
"3221","BECv13","CWHms5","CWHms5/111","C5"
"3222","BECv13","CWHms5","CWHms5/111","B5"
"3223","BECv13","CWHms5","CWHms5/112","D5"
"3224","BECv13","CWHms5","CWHms5/112","E5"
"3225","BECv13","CWHms5","CWHms5/112","E6"
"3226","BECv13","CWHms5","CWHms5/112","D6"
"3227","BECv13","CWHms5","CWHms5/113","D5"
"3228","BECv13","CWHms5","CWHms5/113","D6"
"3229","BECv13","CWHms5","CWHms5/113","E6"
"3230","BECv13","CWHms5","CWHms5/113","E5"
"3231","BECv13","CWHms5","CWHms5/Fl51","D5"
"3232","BECv13","CWHms5","CWHms5/Fl51","D6"
"3233","BECv13","CWHms5","CWHms5/Fl51","E6"
"3234","BECv13","CWHms5","CWHms5/Fl51","E5"
"3235","BECv13","CWHms5","CWHms5/Fm51.1","D5"
"3236","BECv13","CWHms5","CWHms5/Fm51.1","D6"
"3237","BECv13","CWHms5","CWHms5/Fm51.1","E6"
"3238","BECv13","CWHms5","CWHms5/Fm51.1","E5"
"3239","BECv13","CWHms5","CWHms5/Wb50.2","A7"
"3240","BECv13","CWHms5","CWHms5/Wb50.2","B7"
"3241","BECv13","CWHms5","CWHms5/Wm","C7"
"3242","BECv13","CWHms5","CWHms5/Wm","D7"
"3243","BECv13","CWHms5","CWHms5/Wm","E7"
"3244","BECv13","CWHms5","CWHms5/Ws56.1","C7"
"3245","BECv13","CWHms5","CWHms5/Ws56.1","D7"
"3246","BECv13","CWHms5","CWHms5/Ws56.1","E7"
"3247","USA_2019","CWHvh_WA","CWHvh_WA/101","D4"
"3248","USA_2019","CWHvh_WA","CWHvh_WA/101","D3"
"3249","USA_2019","CWHvh_WA","CWHvh_WA/101","C4"
"3250","USA_2019","CWHvh_WA","CWHvh_WA/101","C3"
"3251","USA_2019","CWHvh_WA","CWHvh_WA/101","B4"
"3252","USA_2019","CWHvh_WA","CWHvh_WA/101","B3"
"3253","USA_2019","CWHvh_WA","CWHvh_WA/102","D1"
"3254","USA_2019","CWHvh_WA","CWHvh_WA/102","C1"
"3255","USA_2019","CWHvh_WA","CWHvh_WA/102","B1"
"3256","USA_2019","CWHvh_WA","CWHvh_WA/102","A1"
"3257","USA_2019","CWHvh_WA","CWHvh_WA/103","D2"
"3258","USA_2019","CWHvh_WA","CWHvh_WA/103","C2"
"3259","USA_2019","CWHvh_WA","CWHvh_WA/103","B2"
"3260","USA_2019","CWHvh_WA","CWHvh_WA/103","A2"
"3261","USA_2019","CWHvh_WA","CWHvh_WA/110","C5"
"3262","USA_2019","CWHvh_WA","CWHvh_WA/110","B5"
"3263","USA_2019","CWHvh_WA","CWHvh_WA/111","C6"
"3264","USA_2019","CWHvh_WA","CWHvh_WA/111","B6"
"3265","USA_2019","CWHvh_WA","CWHvh_WA/112","E5"
"3266","USA_2019","CWHvh_WA","CWHvh_WA/112","D5"
"3267","USA_2019","CWHvh_WA","CWHvh_WA/113","E6"
"3268","USA_2019","CWHvh_WA","CWHvh_WA/113","D6"
"3269","Add_2021","CWHvh_WA","CWHvh_WA/Ro","A0"
"3270","Add_2021","CWHvh_WA","CWHvh_WA/Ro","B0"
"3271","BECv13","CWHvh1","CWHvh1/101","A4"
"3272","BECv13","CWHvh1","CWHvh1/101","B4"
"3273","BECv13","CWHvh1","CWHvh1/101","C4"
"3274","BECv13","CWHvh1","CWHvh1/101","A5"
"3275","BECv13","CWHvh1","CWHvh1/101","B5"
"3276","BECv13","CWHvh1","CWHvh1/101","C5"
"3277","BECv13","CWHvh1","CWHvh1/101","B3"
"3278","BECv13","CWHvh1","CWHvh1/102","A0"
"3279","BECv13","CWHvh1","CWHvh1/102","B0"
"3280","BECv13","CWHvh1","CWHvh1/102","C0"
"3281","BECv13","CWHvh1","CWHvh1/102","C1"
"3282","BECv13","CWHvh1","CWHvh1/102","B1"
"3283","BECv13","CWHvh1","CWHvh1/102","A1"
"3284","BECv13","CWHvh1","CWHvh1/103","A1"
"3285","BECv13","CWHvh1","CWHvh1/103","A2"
"3286","BECv13","CWHvh1","CWHvh1/103","A3"
"3287","BECv13","CWHvh1","CWHvh1/103","B1"
"3288","BECv13","CWHvh1","CWHvh1/103","B2"
"3289","BECv13","CWHvh1","CWHvh1/103","B3"
"3290","BECv13","CWHvh1","CWHvh1/104","C2"
"3291","BECv13","CWHvh1","CWHvh1/104","C3"
"3292","BECv13","CWHvh1","CWHvh1/105","D2"
"3293","BECv13","CWHvh1","CWHvh1/105","D3"
"3294","BECv13","CWHvh1","CWHvh1/105","E3"
"3295","BECv13","CWHvh1","CWHvh1/105","E2"
"3296","BECv13","CWHvh1","CWHvh1/110","D4"
"3297","BECv13","CWHvh1","CWHvh1/110","D5"
"3298","BECv13","CWHvh1","CWHvh1/110","E5"
"3299","BECv13","CWHvh1","CWHvh1/110","E4"
"3300","BECv13","CWHvh1","CWHvh1/111","D4"
"3301","BECv13","CWHvh1","CWHvh1/111","D5"
"3302","BECv13","CWHvh1","CWHvh1/111","E5"
"3303","BECv13","CWHvh1","CWHvh1/111","E4"
"3304","BECv13","CWHvh1","CWHvh1/112","A5"
"3305","BECv13","CWHvh1","CWHvh1/112","A6"
"3306","BECv13","CWHvh1","CWHvh1/112","B6"
"3307","BECv13","CWHvh1","CWHvh1/112","B5"
"3308","BECv13","CWHvh1","CWHvh1/112","C5"
"3309","BECv13","CWHvh1","CWHvh1/112","C6"
"3310","BECv13","CWHvh1","CWHvh1/120","B0"
"3311","BECv13","CWHvh1","CWHvh1/120","B1"
"3312","BECv13","CWHvh1","CWHvh1/120","B2"
"3313","BECv13","CWHvh1","CWHvh1/120","B3"
"3314","BECv13","CWHvh1","CWHvh1/120","C3"
"3315","BECv13","CWHvh1","CWHvh1/120","C2"
"3316","BECv13","CWHvh1","CWHvh1/120","C1"
"3317","BECv13","CWHvh1","CWHvh1/120","C0"
"3318","BECv13","CWHvh1","CWHvh1/120.1","B0"
"3319","BECv13","CWHvh1","CWHvh1/120.1","C0"
"3320","BECv13","CWHvh1","CWHvh1/120.1","C1"
"3321","BECv13","CWHvh1","CWHvh1/120.1","B1"
"3322","BECv13","CWHvh1","CWHvh1/120.1","B2"
"3323","BECv13","CWHvh1","CWHvh1/120.1","C2"
"3324","BECv13","CWHvh1","CWHvh1/120.1","B3"
"3325","BECv13","CWHvh1","CWHvh1/120.1","C3"
"3326","BECv13","CWHvh1","CWHvh1/120.2","B3"
"3327","BECv13","CWHvh1","CWHvh1/120.2","C3"
"3328","BECv13","CWHvh1","CWHvh1/120.2","C2"
"3329","BECv13","CWHvh1","CWHvh1/120.2","B2"
"3330","BECv13","CWHvh1","CWHvh1/120.2","B1"
"3331","BECv13","CWHvh1","CWHvh1/120.2","C1"
"3332","BECv13","CWHvh1","CWHvh1/120.2","B0"
"3333","BECv13","CWHvh1","CWHvh1/120.2","C0"
"3334","BECv13","CWHvh1","CWHvh1/121","B4"
"3335","BECv13","CWHvh1","CWHvh1/121","B5"
"3336","BECv13","CWHvh1","CWHvh1/121","C5"
"3337","BECv13","CWHvh1","CWHvh1/121","C4"
"3338","BECv13","CWHvh1","CWHvh1/Bb","D0"
"3339","BECv13","CWHvh1","CWHvh1/Bb","E0"
"3340","BECv13","CWHvh1","CWHvh1/Bb","E1"
"3341","BECv13","CWHvh1","CWHvh1/Bb","D1"
"3342","BECv13","CWHvh1","CWHvh1/Bb","D2"
"3343","BECv13","CWHvh1","CWHvh1/Bb","E2"
"3344","BECv13","CWHvh1","CWHvh1/Bb","D3"
"3345","BECv13","CWHvh1","CWHvh1/Bb","E3"
"3346","BECv13","CWHvh1","CWHvh1/Br","D0"
"3347","BECv13","CWHvh1","CWHvh1/Br","D1"
"3348","BECv13","CWHvh1","CWHvh1/Br","D2"
"3349","BECv13","CWHvh1","CWHvh1/Br","D3"
"3350","BECv13","CWHvh1","CWHvh1/Br","E3"
"3351","BECv13","CWHvh1","CWHvh1/Br","E2"
"3352","BECv13","CWHvh1","CWHvh1/Br","E1"
"3353","BECv13","CWHvh1","CWHvh1/Br","E0"
"3354","BECv13","CWHvh1","CWHvh1/Em","E7"
"3355","BECv13","CWHvh1","CWHvh1/Em","C7"
"3356","BECv13","CWHvh1","CWHvh1/Em","D7"
"3357","BECv13","CWHvh1","CWHvh1/Fl51","D6"
"3358","BECv13","CWHvh1","CWHvh1/Fl51","D5"
"3359","BECv13","CWHvh1","CWHvh1/Fl51","E5"
"3360","BECv13","CWHvh1","CWHvh1/Fl51","E6"
"3361","BECv13","CWHvh1","CWHvh1/Fm52","D5"
"3362","BECv13","CWHvh1","CWHvh1/Fm52","D6"
"3363","BECv13","CWHvh1","CWHvh1/Fm52","E6"
"3364","BECv13","CWHvh1","CWHvh1/Fm52","E5"
"3365","BECv13","CWHvh1","CWHvh1/Wb53","A6"
"3366","BECv13","CWHvh1","CWHvh1/Wb53","B6"
"3367","BECv13","CWHvh1","CWHvh1/Wb53","B7"
"3368","BECv13","CWHvh1","CWHvh1/Wb53","A7"
"3369","BECv13","CWHvh1","CWHvh1/Ws54","E6"
"3370","BECv13","CWHvh1","CWHvh1/Ws54","E7"
"3371","BECv13","CWHvh1","CWHvh1/Ws54","D6"
"3372","BECv13","CWHvh1","CWHvh1/Ws54","D7"
"3373","BECv13","CWHvh1","CWHvh1/Ws54","C6"
"3374","BECv13","CWHvh1","CWHvh1/Ws54","C7"
"3375","BECv13","CWHvh1","CWHvh1/Ws56","E6"
"3376","BECv13","CWHvh1","CWHvh1/Ws56","E7"
"3377","BECv13","CWHvh1","CWHvh1/Ws56","D6"
"3378","BECv13","CWHvh1","CWHvh1/Ws56","D7"
"3379","BECv13","CWHvh1","CWHvh1/Ws56","C6"
"3380","BECv13","CWHvh1","CWHvh1/Ws56","C7"
"3381","BECv13","CWHvh1","CWHvh1/Ws58","E6"
"3382","BECv13","CWHvh1","CWHvh1/Ws58","E7"
"3383","BECv13","CWHvh1","CWHvh1/Ws58","D6"
"3384","BECv13","CWHvh1","CWHvh1/Ws58","D7"
"3385","BECv13","CWHvh1","CWHvh1/Ws58","C6"
"3386","BECv13","CWHvh1","CWHvh1/Ws58","C7"
"3387","BECv13","CWHvh1","CWHvh1/Ws60","E6"
"3388","BECv13","CWHvh1","CWHvh1/Ws60","E7"
"3389","BECv13","CWHvh1","CWHvh1/Ws60","D6"
"3390","BECv13","CWHvh1","CWHvh1/Ws60","D7"
"3391","BECv13","CWHvh1","CWHvh1/Ws60","C6"
"3392","BECv13","CWHvh1","CWHvh1/Ws60","C7"
"3393","BECv13","CWHvh2","CWHvh2/101","A4"
"3394","BECv13","CWHvh2","CWHvh2/101","A5"
"3395","BECv13","CWHvh2","CWHvh2/101","B5"
"3396","BECv13","CWHvh2","CWHvh2/101","B4"
"3397","BECv13","CWHvh2","CWHvh2/101","C4"
"3398","BECv13","CWHvh2","CWHvh2/101","C5"
"3399","BECv13","CWHvh2","CWHvh2/101","B3"
"3400","BECv13","CWHvh2","CWHvh2/102","A0"
"3401","BECv13","CWHvh2","CWHvh2/102","B0"
"3402","BECv13","CWHvh2","CWHvh2/102","B1"
"3403","BECv13","CWHvh2","CWHvh2/102","A1"
"3404","BECv13","CWHvh2","CWHvh2/103","A1"
"3405","BECv13","CWHvh2","CWHvh2/103","B1"
"3406","BECv13","CWHvh2","CWHvh2/103","A2"
"3407","BECv13","CWHvh2","CWHvh2/103","B2"
"3408","BECv13","CWHvh2","CWHvh2/103","A3"
"3409","BECv13","CWHvh2","CWHvh2/103","B3"
"3410","BECv13","CWHvh2","CWHvh2/104","C2"
"3411","BECv13","CWHvh2","CWHvh2/104","C3"
"3412","BECv13","CWHvh2","CWHvh2/105","D2"
"3413","BECv13","CWHvh2","CWHvh2/105","D3"
"3414","BECv13","CWHvh2","CWHvh2/105","E3"
"3415","BECv13","CWHvh2","CWHvh2/105","E2"
"3416","BECv13","CWHvh2","CWHvh2/110","D4"
"3417","BECv13","CWHvh2","CWHvh2/110","E4"
"3418","BECv13","CWHvh2","CWHvh2/110","E5"
"3419","BECv13","CWHvh2","CWHvh2/110","D5"
"3420","BECv13","CWHvh2","CWHvh2/111","D6"
"3421","BECv13","CWHvh2","CWHvh2/111","E6"
"3422","BECv13","CWHvh2","CWHvh2/111","D5"
"3423","BECv13","CWHvh2","CWHvh2/111","E5"
"3424","BECv13","CWHvh2","CWHvh2/111","E4"
"3425","BECv13","CWHvh2","CWHvh2/112","D4"
"3426","BECv13","CWHvh2","CWHvh2/112","E4"
"3427","BECv13","CWHvh2","CWHvh2/112","E5"
"3428","BECv13","CWHvh2","CWHvh2/112","D5"
"3429","BECv13","CWHvh2","CWHvh2/113","A5"
"3430","BECv13","CWHvh2","CWHvh2/113","B5"
"3431","BECv13","CWHvh2","CWHvh2/113","C5"
"3432","BECv13","CWHvh2","CWHvh2/113","A6"
"3433","BECv13","CWHvh2","CWHvh2/113","B6"
"3434","BECv13","CWHvh2","CWHvh2/113","C6"
"3435","BECv13","CWHvh2","CWHvh2/120","B0"
"3436","BECv13","CWHvh2","CWHvh2/120","C0"
"3437","BECv13","CWHvh2","CWHvh2/120","C1"
"3438","BECv13","CWHvh2","CWHvh2/120","B1"
"3439","BECv13","CWHvh2","CWHvh2/120","B2"
"3440","BECv13","CWHvh2","CWHvh2/120","C2"
"3441","BECv13","CWHvh2","CWHvh2/120","B3"
"3442","BECv13","CWHvh2","CWHvh2/120","C3"
"3443","BECv13","CWHvh2","CWHvh2/120","B4"
"3444","BECv13","CWHvh2","CWHvh2/120","C4"
"3445","BECv13","CWHvh2","CWHvh2/120.1","B4"
"3446","BECv13","CWHvh2","CWHvh2/120.1","B3"
"3447","BECv13","CWHvh2","CWHvh2/120.1","B2"
"3448","BECv13","CWHvh2","CWHvh2/120.1","B1"
"3449","BECv13","CWHvh2","CWHvh2/120.1","B0"
"3450","BECv13","CWHvh2","CWHvh2/120.1","C0"
"3451","BECv13","CWHvh2","CWHvh2/120.1","C1"
"3452","BECv13","CWHvh2","CWHvh2/120.1","C2"
"3453","BECv13","CWHvh2","CWHvh2/120.1","C3"
"3454","BECv13","CWHvh2","CWHvh2/120.1","C4"
"3455","BECv13","CWHvh2","CWHvh2/120.2","B4"
"3456","BECv13","CWHvh2","CWHvh2/120.2","B3"
"3457","BECv13","CWHvh2","CWHvh2/120.2","B2"
"3458","BECv13","CWHvh2","CWHvh2/120.2","B1"
"3459","BECv13","CWHvh2","CWHvh2/120.2","B0"
"3460","BECv13","CWHvh2","CWHvh2/120.2","C0"
"3461","BECv13","CWHvh2","CWHvh2/120.2","C1"
"3462","BECv13","CWHvh2","CWHvh2/120.2","C2"
"3463","BECv13","CWHvh2","CWHvh2/120.2","C3"
"3464","BECv13","CWHvh2","CWHvh2/120.2","C4"
"3465","BECv13","CWHvh2","CWHvh2/Bb","D3"
"3466","BECv13","CWHvh2","CWHvh2/Bb","D2"
"3467","BECv13","CWHvh2","CWHvh2/Bb","D1"
"3468","BECv13","CWHvh2","CWHvh2/Bb","D0"
"3469","BECv13","CWHvh2","CWHvh2/Bb","E0"
"3470","BECv13","CWHvh2","CWHvh2/Bb","E1"
"3471","BECv13","CWHvh2","CWHvh2/Bb","E2"
"3472","BECv13","CWHvh2","CWHvh2/Bb","E3"
"3473","BECv13","CWHvh2","CWHvh2/Br","D0"
"3474","BECv13","CWHvh2","CWHvh2/Br","D3"
"3475","BECv13","CWHvh2","CWHvh2/Br","D2"
"3476","BECv13","CWHvh2","CWHvh2/Br","D1"
"3477","BECv13","CWHvh2","CWHvh2/Br","E0"
"3478","BECv13","CWHvh2","CWHvh2/Br","E1"
"3479","BECv13","CWHvh2","CWHvh2/Br","E2"
"3480","BECv13","CWHvh2","CWHvh2/Br","E3"
"3481","BECv13","CWHvh2","CWHvh2/Em","E7"
"3482","BECv13","CWHvh2","CWHvh2/Em","D7"
"3483","BECv13","CWHvh2","CWHvh2/Em","C7"
"3484","BECv13","CWHvh2","CWHvh2/Fl51","D6"
"3485","BECv13","CWHvh2","CWHvh2/Fl51","D5"
"3486","BECv13","CWHvh2","CWHvh2/Fl51","E5"
"3487","BECv13","CWHvh2","CWHvh2/Fl51","E6"
"3488","BECv13","CWHvh2","CWHvh2/Fm52","D5"
"3489","BECv13","CWHvh2","CWHvh2/Fm52","D6"
"3490","BECv13","CWHvh2","CWHvh2/Fm52","E6"
"3491","BECv13","CWHvh2","CWHvh2/Fm52","E5"
"3492","BECv13","CWHvh2","CWHvh2/Wb53","A7"
"3493","BECv13","CWHvh2","CWHvh2/Wb53","A6"
"3494","BECv13","CWHvh2","CWHvh2/Wb53","B6"
"3495","BECv13","CWHvh2","CWHvh2/Wb53","B7"
"3496","BECv13","CWHvh2","CWHvh2/Ws54","E6"
"3497","BECv13","CWHvh2","CWHvh2/Ws54","E7"
"3498","BECv13","CWHvh2","CWHvh2/Ws54","D7"
"3499","BECv13","CWHvh2","CWHvh2/Ws54","D6"
"3500","BECv13","CWHvh2","CWHvh2/Ws54","C6"
"3501","BECv13","CWHvh2","CWHvh2/Ws54","C7"
"3502","BECv13","CWHvh2","CWHvh2/Ws56","E6"
"3503","BECv13","CWHvh2","CWHvh2/Ws56","E7"
"3504","BECv13","CWHvh2","CWHvh2/Ws56","D7"
"3505","BECv13","CWHvh2","CWHvh2/Ws56","D6"
"3506","BECv13","CWHvh2","CWHvh2/Ws56","C6"
"3507","BECv13","CWHvh2","CWHvh2/Ws56","C7"
"3508","BECv13","CWHvh2","CWHvh2/Ws60","E6"
"3509","BECv13","CWHvh2","CWHvh2/Ws60","E7"
"3510","BECv13","CWHvh2","CWHvh2/Ws60","D7"
"3511","BECv13","CWHvh2","CWHvh2/Ws60","D6"
"3512","BECv13","CWHvh2","CWHvh2/Ws60","C6"
"3513","BECv13","CWHvh2","CWHvh2/Ws60","C7"
"3514","BECv13","CWHvh2","CWHvh2/Ws58","C7"
"3515","BECv13","CWHvh2","CWHvh2/Ws58","E6"
"3516","BECv13","CWHvh2","CWHvh2/Ws58","E7"
"3517","BECv13","CWHvh2","CWHvh2/Ws58","D7"
"3518","BECv13","CWHvh2","CWHvh2/Ws58","D6"
"3519","BECv13","CWHvh2","CWHvh2/Ws58","C6"
"3520","BECv13","CWHvh2","CWHvh2/Ws58","C7"
"3521","BECv10","CWHvh3","CWHvh3/101","C5"
"3522","BECv10","CWHvh3","CWHvh3/101","C4"
"3523","BECv10","CWHvh3","CWHvh3/101","B5"
"3524","BECv10","CWHvh3","CWHvh3/101","B4"
"3525","BECv10","CWHvh3","CWHvh3/101","B3"
"3526","BECv10","CWHvh3","CWHvh3/101","A5"
"3527","BECv10","CWHvh3","CWHvh3/101","A4"
"3528","BECv10","CWHvh3","CWHvh3/101","A3"
"3529","BEC11","CWHvh3","CWHvh3/101a","C5"
"3530","BEC11","CWHvh3","CWHvh3/101a","C4"
"3531","BEC11","CWHvh3","CWHvh3/101a","B5"
"3532","BEC11","CWHvh3","CWHvh3/101a","B4"
"3533","BEC11","CWHvh3","CWHvh3/101a","B3"
"3534","BEC11","CWHvh3","CWHvh3/101a","A5"
"3535","BEC11","CWHvh3","CWHvh3/101a","A4"
"3536","BEC11","CWHvh3","CWHvh3/101a","A3"
"3537","BEC11","CWHvh3","CWHvh3/101b","B4"
"3538","BEC11","CWHvh3","CWHvh3/101b","B3"
"3539","BEC11","CWHvh3","CWHvh3/101b","A4"
"3540","BEC11","CWHvh3","CWHvh3/101b","A3"
"3541","BEC11","CWHvh3","CWHvh3/101c","C5"
"3542","BEC11","CWHvh3","CWHvh3/101c","B5"
"3543","BEC11","CWHvh3","CWHvh3/101c","B4"
"3544","BEC11","CWHvh3","CWHvh3/101c","A5"
"3545","BEC11","CWHvh3","CWHvh3/101c","A4"
"3546","BECv10","CWHvh3","CWHvh3/102","B2"
"3547","BECv10","CWHvh3","CWHvh3/102","B1"
"3548","BECv10","CWHvh3","CWHvh3/102","B0"
"3549","BECv10","CWHvh3","CWHvh3/102","A2"
"3550","BECv10","CWHvh3","CWHvh3/102","A1"
"3551","BECv10","CWHvh3","CWHvh3/102","A0"
"3552","BECv10","CWHvh3","CWHvh3/103","C2"
"3553","BECv10","CWHvh3","CWHvh3/103","C1"
"3554","BECv10","CWHvh3","CWHvh3/103","C0"
"3555","BECv10","CWHvh3","CWHvh3/103","B2"
"3556","BECv10","CWHvh3","CWHvh3/103","B1"
"3557","BECv10","CWHvh3","CWHvh3/103","B0"
"3558","BECv10","CWHvh3","CWHvh3/103","A2"
"3559","BECv10","CWHvh3","CWHvh3/103","A1"
"3560","BECv10","CWHvh3","CWHvh3/103","A0"
"3561","BEC11","CWHvh3","CWHvh3/103.1","C2"
"3562","BEC11","CWHvh3","CWHvh3/103.1","C1"
"3563","BEC11","CWHvh3","CWHvh3/103.1","C0"
"3564","BEC11","CWHvh3","CWHvh3/103.1","B2"
"3565","BEC11","CWHvh3","CWHvh3/103.1","B1"
"3566","BEC11","CWHvh3","CWHvh3/103.1","B0"
"3567","BEC11","CWHvh3","CWHvh3/103.1","A2"
"3568","BEC11","CWHvh3","CWHvh3/103.1","A1"
"3569","BEC11","CWHvh3","CWHvh3/103.1","A0"
"3570","BEC11","CWHvh3","CWHvh3/103.2","C2"
"3571","BEC11","CWHvh3","CWHvh3/103.2","C1"
"3572","BEC11","CWHvh3","CWHvh3/103.2","C0"
"3573","BEC11","CWHvh3","CWHvh3/103.2","B2"
"3574","BEC11","CWHvh3","CWHvh3/103.2","B1"
"3575","BEC11","CWHvh3","CWHvh3/103.2","B0"
"3576","BEC11","CWHvh3","CWHvh3/103.2","A2"
"3577","BEC11","CWHvh3","CWHvh3/103.2","A1"
"3578","BEC11","CWHvh3","CWHvh3/103.2","A0"
"3579","BECv10","CWHvh3","CWHvh3/104","C3"
"3580","BECv10","CWHvh3","CWHvh3/104","C2"
"3581","BECv10","CWHvh3","CWHvh3/104","B3"
"3582","BECv10","CWHvh3","CWHvh3/104","B2"
"3583","BECv10","CWHvh3","CWHvh3/104","A3"
"3584","BECv10","CWHvh3","CWHvh3/104","A2"
"3585","BECv10","CWHvh3","CWHvh3/105","D3"
"3586","BECv10","CWHvh3","CWHvh3/105","D2"
"3587","BECv10","CWHvh3","CWHvh3/105","C3"
"3588","BECv10","CWHvh3","CWHvh3/105","C2"
"3589","BECv10","CWHvh3","CWHvh3/105a","D3"
"3590","BECv10","CWHvh3","CWHvh3/105a","D2"
"3591","BECv10","CWHvh3","CWHvh3/105a","C3"
"3592","BECv10","CWHvh3","CWHvh3/105a","C2"
"3593","BECv10","CWHvh3","CWHvh3/105b","D3"
"3594","BECv10","CWHvh3","CWHvh3/105b","D2"
"3595","BECv10","CWHvh3","CWHvh3/105b","C3"
"3596","BECv10","CWHvh3","CWHvh3/105b","C2"
"3597","BECv10","CWHvh3","CWHvh3/106","E3"
"3598","BECv10","CWHvh3","CWHvh3/106","E2"
"3599","BECv10","CWHvh3","CWHvh3/106","D3"
"3600","BECv10","CWHvh3","CWHvh3/106","D2"
"3601","BECv10","CWHvh3","CWHvh3/106a","E3"
"3602","BECv10","CWHvh3","CWHvh3/106a","E2"
"3603","BECv10","CWHvh3","CWHvh3/106a","D3"
"3604","BECv10","CWHvh3","CWHvh3/106a","D2"
"3605","BECv10","CWHvh3","CWHvh3/106b","D3"
"3606","BECv10","CWHvh3","CWHvh3/106b","D2"
"3607","BECv10","CWHvh3","CWHvh3/106c","E3"
"3608","BECv10","CWHvh3","CWHvh3/106c","E2"
"3609","BECv10","CWHvh3","CWHvh3/106c","D3"
"3610","BECv10","CWHvh3","CWHvh3/106c","D2"
"3611","BECv10","CWHvh3","CWHvh3/110","E4"
"3612","BECv10","CWHvh3","CWHvh3/110","D4"
"3613","BECv10","CWHvh3","CWHvh3/110a","E4"
"3614","BECv10","CWHvh3","CWHvh3/110a","D4"
"3615","BECv10","CWHvh3","CWHvh3/110b","E4"
"3616","BECv10","CWHvh3","CWHvh3/110b","D4"
"3617","BECv10","CWHvh3","CWHvh3/110c","E4"
"3618","BECv10","CWHvh3","CWHvh3/110c","D4"
"3619","BECv10","CWHvh3","CWHvh3/111","E4"
"3620","BECv10","CWHvh3","CWHvh3/111","D4"
"3621","BECv10","CWHvh3","CWHvh3/112","E5"
"3622","BECv10","CWHvh3","CWHvh3/112","E4"
"3623","BECv10","CWHvh3","CWHvh3/112","D5"
"3624","BECv10","CWHvh3","CWHvh3/112","D4"
"3625","BECv10","CWHvh3","CWHvh3/113","E5"
"3626","BECv10","CWHvh3","CWHvh3/113","D5"
"3627","BECv10","CWHvh3","CWHvh3/114","E5"
"3628","BECv10","CWHvh3","CWHvh3/114","D5"
"3629","BECv10","CWHvh3","CWHvh3/115","C6"
"3630","BECv10","CWHvh3","CWHvh3/115","C5"
"3631","BECv10","CWHvh3","CWHvh3/115","B6"
"3632","BECv10","CWHvh3","CWHvh3/115","B5"
"3633","BECv10","CWHvh3","CWHvh3/115","A6"
"3634","BECv10","CWHvh3","CWHvh3/115","A5"
"3635","BECv10","CWHvh3","CWHvh3/116","E6"
"3636","BECv10","CWHvh3","CWHvh3/116","D6"
"3637","BECv10","CWHvh3","CWHvh3/117","E7"
"3638","BECv10","CWHvh3","CWHvh3/117","E6"
"3639","BECv10","CWHvh3","CWHvh3/117","D7"
"3640","BECv10","CWHvh3","CWHvh3/117","D6"
"3641","BEC11","CWHvh3","CWHvh3/117a","E6"
"3642","BEC11","CWHvh3","CWHvh3/117a","D6"
"3643","BEC11","CWHvh3","CWHvh3/117b","E7"
"3644","BEC11","CWHvh3","CWHvh3/117b","D7"
"3645","BECv10","CWHvh3","CWHvh3/Wb53","B7"
"3646","BECv10","CWHvh3","CWHvh3/Wb53","A7"
"3647","USA_2019","CWHvm_OR","CWHvm_OR/101","D4"
"3648","USA_2019","CWHvm_OR","CWHvm_OR/101","D3"
"3649","USA_2019","CWHvm_OR","CWHvm_OR/101","C4"
"3650","USA_2019","CWHvm_OR","CWHvm_OR/101","C3"
"3651","USA_2019","CWHvm_OR","CWHvm_OR/101","B4"
"3652","USA_2019","CWHvm_OR","CWHvm_OR/101","B3"
"3653","USA_2019","CWHvm_OR","CWHvm_OR/102","D1"
"3654","USA_2019","CWHvm_OR","CWHvm_OR/102","C1"
"3655","USA_2019","CWHvm_OR","CWHvm_OR/102","B1"
"3656","USA_2019","CWHvm_OR","CWHvm_OR/102","A1"
"3657","USA_2019","CWHvm_OR","CWHvm_OR/103","D2"
"3658","USA_2019","CWHvm_OR","CWHvm_OR/103","C2"
"3659","USA_2019","CWHvm_OR","CWHvm_OR/103","B2"
"3660","USA_2019","CWHvm_OR","CWHvm_OR/103","A2"
"3661","USA_2019","CWHvm_OR","CWHvm_OR/110","C5"
"3662","USA_2019","CWHvm_OR","CWHvm_OR/110","B5"
"3663","USA_2019","CWHvm_OR","CWHvm_OR/111","C6"
"3664","USA_2019","CWHvm_OR","CWHvm_OR/111","B6"
"3665","USA_2019","CWHvm_OR","CWHvm_OR/112","E5"
"3666","USA_2019","CWHvm_OR","CWHvm_OR/112","D5"
"3667","USA_2019","CWHvm_OR","CWHvm_OR/113","E6"
"3668","USA_2019","CWHvm_OR","CWHvm_OR/113","D6"
"3669","Add_2021","CWHvm_OR","CWHvm_OR/Ro","A0"
"3670","Add_2021","CWHvm_OR","CWHvm_OR/Ro","B0"
"3671","USA_2019","CWHvm_WA","CWHvm_WA/101","D4"
"3672","USA_2019","CWHvm_WA","CWHvm_WA/101","D3"
"3673","USA_2019","CWHvm_WA","CWHvm_WA/101","C4"
"3674","USA_2019","CWHvm_WA","CWHvm_WA/101","C3"
"3675","USA_2019","CWHvm_WA","CWHvm_WA/101","B4"
"3676","USA_2019","CWHvm_WA","CWHvm_WA/101","B3"
"3677","USA_2019","CWHvm_WA","CWHvm_WA/102","D1"
"3678","USA_2019","CWHvm_WA","CWHvm_WA/102","C1"
"3679","USA_2019","CWHvm_WA","CWHvm_WA/102","B1"
"3680","USA_2019","CWHvm_WA","CWHvm_WA/102","A1"
"3681","USA_2019","CWHvm_WA","CWHvm_WA/103","D2"
"3682","USA_2019","CWHvm_WA","CWHvm_WA/103","C2"
"3683","USA_2019","CWHvm_WA","CWHvm_WA/103","B2"
"3684","USA_2019","CWHvm_WA","CWHvm_WA/103","A2"
"3685","USA_2019","CWHvm_WA","CWHvm_WA/110","C5"
"3686","USA_2019","CWHvm_WA","CWHvm_WA/110","B5"
"3687","USA_2019","CWHvm_WA","CWHvm_WA/111","C6"
"3688","USA_2019","CWHvm_WA","CWHvm_WA/111","B6"
"3689","USA_2019","CWHvm_WA","CWHvm_WA/112","E5"
"3690","USA_2019","CWHvm_WA","CWHvm_WA/112","D5"
"3691","USA_2019","CWHvm_WA","CWHvm_WA/113","E6"
"3692","USA_2019","CWHvm_WA","CWHvm_WA/113","D6"
"3693","Add_2021","CWHvm_WA","CWHvm_WA/Ro","A0"
"3694","Add_2021","CWHvm_WA","CWHvm_WA/Ro","B0"
"3695","BECv13","CWHvm1","CWHvm1/101","B3"
"3696","BECv13","CWHvm1","CWHvm1/101","C3"
"3697","BECv13","CWHvm1","CWHvm1/101","B4"
"3698","BECv13","CWHvm1","CWHvm1/101","C4"
"3699","BECv13","CWHvm1","CWHvm1/102","A0"
"3700","BECv13","CWHvm1","CWHvm1/102","A1"
"3701","BECv13","CWHvm1","CWHvm1/102","B1"
"3702","BECv13","CWHvm1","CWHvm1/102","B0"
"3703","BECv13","CWHvm1","CWHvm1/102","C0"
"3704","BECv13","CWHvm1","CWHvm1/102","C1"
"3705","BECv13","CWHvm1","CWHvm1/103","A2"
"3706","BECv13","CWHvm1","CWHvm1/103","B2"
"3707","BECv13","CWHvm1","CWHvm1/103","C2"
"3708","BECv13","CWHvm1","CWHvm1/103","A3"
"3709","BECv13","CWHvm1","CWHvm1/103","B3"
"3710","BECv13","CWHvm1","CWHvm1/104","A2"
"3711","BECv13","CWHvm1","CWHvm1/104","A3"
"3712","BECv13","CWHvm1","CWHvm1/104","B2"
"3713","BECv13","CWHvm1","CWHvm1/104","C2"
"3714","BECv13","CWHvm1","CWHvm1/104","B3"
"3715","BECv13","CWHvm1","CWHvm1/105","D2"
"3716","BECv13","CWHvm1","CWHvm1/105","D3"
"3717","BECv13","CWHvm1","CWHvm1/105","E3"
"3718","BECv13","CWHvm1","CWHvm1/105","E2"
"3719","BECv13","CWHvm1","CWHvm1/110","D4"
"3720","BECv13","CWHvm1","CWHvm1/110","E4"
"3721","BECv13","CWHvm1","CWHvm1/110","E5"
"3722","BECv13","CWHvm1","CWHvm1/110","D5"
"3723","BECv13","CWHvm1","CWHvm1/111","A4"
"3724","BECv13","CWHvm1","CWHvm1/111","A5"
"3725","BECv13","CWHvm1","CWHvm1/111","B5"
"3726","BECv13","CWHvm1","CWHvm1/111","C5"
"3727","BECv13","CWHvm1","CWHvm1/111.1","A4"
"3728","BECv13","CWHvm1","CWHvm1/111.1","A5"
"3729","BECv13","CWHvm1","CWHvm1/111.1","B5"
"3730","BECv13","CWHvm1","CWHvm1/111.1","C5"
"3731","BECv13","CWHvm1","CWHvm1/111.2","A4"
"3732","BECv13","CWHvm1","CWHvm1/111.2","A5"
"3733","BECv13","CWHvm1","CWHvm1/111.2","B5"
"3734","BECv13","CWHvm1","CWHvm1/111.2","C5"
"3735","BECv13","CWHvm1","CWHvm1/112","D5"
"3736","BECv13","CWHvm1","CWHvm1/112","E5"
"3737","BECv13","CWHvm1","CWHvm1/112","E6"
"3738","BECv13","CWHvm1","CWHvm1/112","D6"
"3739","BECv13","CWHvm1","CWHvm1/112.1","D5"
"3740","BECv13","CWHvm1","CWHvm1/112.1","E5"
"3741","BECv13","CWHvm1","CWHvm1/112.1","E6"
"3742","BECv13","CWHvm1","CWHvm1/112.1","D6"
"3743","BECv13","CWHvm1","CWHvm1/112.2","D5"
"3744","BECv13","CWHvm1","CWHvm1/112.2","E5"
"3745","BECv13","CWHvm1","CWHvm1/112.2","E6"
"3746","BECv13","CWHvm1","CWHvm1/112.2","D6"
"3747","BECv13","CWHvm1","CWHvm1/113","A6"
"3748","BECv13","CWHvm1","CWHvm1/113","B6"
"3749","BECv13","CWHvm1","CWHvm1/113","C6"
"3750","BECv13","CWHvm1","CWHvm1/114","D5"
"3751","BECv13","CWHvm1","CWHvm1/114","E5"
"3752","BECv13","CWHvm1","CWHvm1/114","E6"
"3753","BECv13","CWHvm1","CWHvm1/114","D6"
"3754","BECv13","CWHvm1","CWHvm1/Fl50","D5"
"3755","BECv13","CWHvm1","CWHvm1/Fl50","E5"
"3756","BECv13","CWHvm1","CWHvm1/Fl50","E6"
"3757","BECv13","CWHvm1","CWHvm1/Fl50","D6"
"3758","BECv13","CWHvm1","CWHvm1/Fl51","D5"
"3759","BECv13","CWHvm1","CWHvm1/Fl51","E5"
"3760","BECv13","CWHvm1","CWHvm1/Fl51","E6"
"3761","BECv13","CWHvm1","CWHvm1/Fl51","D6"
"3762","BECv13","CWHvm1","CWHvm1/Fm50","D5"
"3763","BECv13","CWHvm1","CWHvm1/Fm50","E5"
"3764","BECv13","CWHvm1","CWHvm1/Fm50","E6"
"3765","BECv13","CWHvm1","CWHvm1/Fm50","D6"
"3766","BECv13","CWHvm1","CWHvm1/Fm52","D5"
"3767","BECv13","CWHvm1","CWHvm1/Fm52","E5"
"3768","BECv13","CWHvm1","CWHvm1/Fm52","E6"
"3769","BECv13","CWHvm1","CWHvm1/Fm52","D6"
"3770","BECv13","CWHvm1","CWHvm1/Wb51","A7"
"3771","BECv13","CWHvm1","CWHvm1/Wb51","B7"
"3772","BECv13","CWHvm1","CWHvm1/Wb55","A7"
"3773","BECv13","CWHvm1","CWHvm1/Wb55","B7"
"3774","BECv13","CWHvm1","CWHvm1/Wf","C7"
"3775","BECv13","CWHvm1","CWHvm1/Wf","D7"
"3776","BECv13","CWHvm1","CWHvm1/Wf","E7"
"3777","BECv13","CWHvm1","CWHvm1/Wm","C7"
"3778","BECv13","CWHvm1","CWHvm1/Wm","D7"
"3779","BECv13","CWHvm1","CWHvm1/Wm","E7"
"3780","BECv13","CWHvm1","CWHvm1/Ws54","E7"
"3781","BECv13","CWHvm1","CWHvm1/Ws54","D7"
"3782","BECv13","CWHvm1","CWHvm1/Ws54","C7"
"3783","BECv13","CWHvm1","CWHvm1/Ws54","D6"
"3784","BECv13","CWHvm1","CWHvm1/Ws54","E6"
"3785","BECv13","CWHvm1","CWHvm1/Ws56","E7"
"3786","BECv13","CWHvm1","CWHvm1/Ws56","D7"
"3787","BECv13","CWHvm1","CWHvm1/Ws56","C7"
"3788","BECv13","CWHvm1","CWHvm1/Ws56","D6"
"3789","BECv13","CWHvm1","CWHvm1/Ws56","E6"
"3790","BECv13","CWHvm1","CWHvm1/Ws58","E7"
"3791","BECv13","CWHvm1","CWHvm1/Ws58","D7"
"3792","BECv13","CWHvm1","CWHvm1/Ws58","C7"
"3793","BECv13","CWHvm1","CWHvm1/Ws58","D6"
"3794","BECv13","CWHvm1","CWHvm1/Ws58","E6"
"3795","BECv13","CWHvm1","CWHvm1/Ws60","E7"
"3796","BECv13","CWHvm1","CWHvm1/Ws60","D7"
"3797","BECv13","CWHvm1","CWHvm1/Ws60","C7"
"3798","BECv13","CWHvm1","CWHvm1/Ws60","D6"
"3799","BECv13","CWHvm1","CWHvm1/Ws60","E6"
"3800","BECv13","CWHvm2","CWHvm2/101","B3"
"3801","BECv13","CWHvm2","CWHvm2/101","B4"
"3802","BECv13","CWHvm2","CWHvm2/101","C4"
"3803","BECv13","CWHvm2","CWHvm2/101","C3"
"3804","BECv13","CWHvm2","CWHvm2/102","A0"
"3805","BECv13","CWHvm2","CWHvm2/102","B0"
"3806","BECv13","CWHvm2","CWHvm2/102","A1"
"3807","BECv13","CWHvm2","CWHvm2/102","B1"
"3808","BECv13","CWHvm2","CWHvm2/102","C0"
"3809","BECv13","CWHvm2","CWHvm2/102","C1"
"3810","BECv13","CWHvm2","CWHvm2/103","A1"
"3811","BECv13","CWHvm2","CWHvm2/103","B1"
"3812","BECv13","CWHvm2","CWHvm2/103","C1"
"3813","BECv13","CWHvm2","CWHvm2/103","C2"
"3814","BECv13","CWHvm2","CWHvm2/103","B2"
"3815","BECv13","CWHvm2","CWHvm2/103","A2"
"3816","BECv13","CWHvm2","CWHvm2/103","A3"
"3817","BECv13","CWHvm2","CWHvm2/103","B3"
"3818","BECv13","CWHvm2","CWHvm2/103","C3"
"3819","BECv13","CWHvm2","CWHvm2/104","A1"
"3820","BECv13","CWHvm2","CWHvm2/104","B1"
"3821","BECv13","CWHvm2","CWHvm2/104","C1"
"3822","BECv13","CWHvm2","CWHvm2/104","C2"
"3823","BECv13","CWHvm2","CWHvm2/104","C3"
"3824","BECv13","CWHvm2","CWHvm2/104","B3"
"3825","BECv13","CWHvm2","CWHvm2/104","A3"
"3826","BECv13","CWHvm2","CWHvm2/104","A2"
"3827","BECv13","CWHvm2","CWHvm2/104","B2"
"3828","BECv13","CWHvm2","CWHvm2/105","A1"
"3829","BECv13","CWHvm2","CWHvm2/105","B1"
"3830","BECv13","CWHvm2","CWHvm2/105","C1"
"3831","BECv13","CWHvm2","CWHvm2/105","C2"
"3832","BECv13","CWHvm2","CWHvm2/105","B2"
"3833","BECv13","CWHvm2","CWHvm2/105","A2"
"3834","BECv13","CWHvm2","CWHvm2/105","A3"
"3835","BECv13","CWHvm2","CWHvm2/105","B3"
"3836","BECv13","CWHvm2","CWHvm2/105","C3"
"3837","BECv13","CWHvm2","CWHvm2/110","D3"
"3838","BECv13","CWHvm2","CWHvm2/110","E3"
"3839","BECv13","CWHvm2","CWHvm2/110","E4"
"3840","BECv13","CWHvm2","CWHvm2/110","D4"
"3841","BECv13","CWHvm2","CWHvm2/110","D5"
"3842","BECv13","CWHvm2","CWHvm2/110","E5"
"3843","BECv13","CWHvm2","CWHvm2/111","A4"
"3844","BECv13","CWHvm2","CWHvm2/111","A5"
"3845","BECv13","CWHvm2","CWHvm2/111","B5"
"3846","BECv13","CWHvm2","CWHvm2/111","C5"
"3847","BECv13","CWHvm2","CWHvm2/111.1","A4"
"3848","BECv13","CWHvm2","CWHvm2/111.1","B5"
"3849","BECv13","CWHvm2","CWHvm2/111.1","A5"
"3850","BECv13","CWHvm2","CWHvm2/111.1","C5"
"3851","BECv13","CWHvm2","CWHvm2/111.2","A4"
"3852","BECv13","CWHvm2","CWHvm2/111.2","A5"
"3853","BECv13","CWHvm2","CWHvm2/111.2","B5"
"3854","BECv13","CWHvm2","CWHvm2/111.2","C5"
"3855","BECv13","CWHvm2","CWHvm2/112","D5"
"3856","BECv13","CWHvm2","CWHvm2/112","E5"
"3857","BECv13","CWHvm2","CWHvm2/112","E6"
"3858","BECv13","CWHvm2","CWHvm2/112","D6"
"3859","BECv13","CWHvm2","CWHvm2/112.1","D5"
"3860","BECv13","CWHvm2","CWHvm2/112.1","D6"
"3861","BECv13","CWHvm2","CWHvm2/112.1","E6"
"3862","BECv13","CWHvm2","CWHvm2/112.1","E5"
"3863","BECv13","CWHvm2","CWHvm2/112.2","D5"
"3864","BECv13","CWHvm2","CWHvm2/112.2","D6"
"3865","BECv13","CWHvm2","CWHvm2/112.2","E6"
"3866","BECv13","CWHvm2","CWHvm2/112.2","E5"
"3867","BECv13","CWHvm2","CWHvm2/113","A6"
"3868","BECv13","CWHvm2","CWHvm2/113","B6"
"3869","BECv13","CWHvm2","CWHvm2/114","C6"
"3870","BECv13","CWHvm2","CWHvm2/114","D6"
"3871","BECv13","CWHvm2","CWHvm2/114","D7"
"3872","BECv13","CWHvm2","CWHvm2/114","C7"
"3873","BECv13","CWHvm2","CWHvm2/115","E7"
"3874","BECv13","CWHvm2","CWHvm2/115","D7"
"3875","BECv13","CWHvm2","CWHvm2/115","D6"
"3876","BECv13","CWHvm2","CWHvm2/115","E6"
"3877","BECv13","CWHvm2","CWHvm2/Wb51","A7"
"3878","BECv13","CWHvm2","CWHvm2/Wb51","B7"
"3879","BECv13","CWHvm2","CWHvm2/Wb53","A7"
"3880","BECv13","CWHvm2","CWHvm2/Wb53","B7"
"3881","BECv13","CWHvm2","CWHvm2/Wf","C7"
"3882","BECv13","CWHvm2","CWHvm2/Wf","D7"
"3883","BECv13","CWHvm2","CWHvm2/Wf","E7"
"3884","BECv13","CWHvm2","CWHvm2/Wm","C7"
"3885","BECv13","CWHvm2","CWHvm2/Wm","D7"
"3886","BECv13","CWHvm2","CWHvm2/Wm","E7"
"3887","BECv13","CWHvm2","CWHvm2/Ws55","E7"
"3888","BECv13","CWHvm2","CWHvm2/Ws55","D7"
"3889","BECv13","CWHvm2","CWHvm2/Ws55","D6"
"3890","BECv13","CWHvm2","CWHvm2/Ws55","E6"
"3891","BECv13","CWHvm3","CWHvm3/101","B4"
"3892","BECv13","CWHvm3","CWHvm3/101","C4"
"3893","BECv13","CWHvm3","CWHvm3/101","C3"
"3894","BECv13","CWHvm3","CWHvm3/102","A0"
"3895","BECv13","CWHvm3","CWHvm3/102","B0"
"3896","BECv13","CWHvm3","CWHvm3/102","A1"
"3897","BECv13","CWHvm3","CWHvm3/102","B1"
"3898","BECv13","CWHvm3","CWHvm3/102","C0"
"3899","BECv13","CWHvm3","CWHvm3/102","C1"
"3900","BECv13","CWHvm3","CWHvm3/103","A1"
"3901","BECv13","CWHvm3","CWHvm3/103","B1"
"3902","BECv13","CWHvm3","CWHvm3/103","C1"
"3903","BECv13","CWHvm3","CWHvm3/103","C2"
"3904","BECv13","CWHvm3","CWHvm3/103","B2"
"3905","BECv13","CWHvm3","CWHvm3/103","A2"
"3906","BECv13","CWHvm3","CWHvm3/103","A3"
"3907","BECv13","CWHvm3","CWHvm3/103","B3"
"3908","BECv13","CWHvm3","CWHvm3/104","D2"
"3909","BECv13","CWHvm3","CWHvm3/104","E2"
"3910","BECv13","CWHvm3","CWHvm3/104","E3"
"3911","BECv13","CWHvm3","CWHvm3/104","D3"
"3912","BECv13","CWHvm3","CWHvm3/110","D4"
"3913","BECv13","CWHvm3","CWHvm3/110","E4"
"3914","BECv13","CWHvm3","CWHvm3/110","D5"
"3915","BECv13","CWHvm3","CWHvm3/110","E5"
"3916","BECv13","CWHvm3","CWHvm3/111","A4"
"3917","BECv13","CWHvm3","CWHvm3/111","A5"
"3918","BECv13","CWHvm3","CWHvm3/111","B5"
"3919","BECv13","CWHvm3","CWHvm3/111","C5"
"3920","BECv13","CWHvm3","CWHvm3/111.1","A4"
"3921","BECv13","CWHvm3","CWHvm3/111.1","A5"
"3922","BECv13","CWHvm3","CWHvm3/111.1","B5"
"3923","BECv13","CWHvm3","CWHvm3/111.1","C5"
"3924","BECv13","CWHvm3","CWHvm3/111.2","A4"
"3925","BECv13","CWHvm3","CWHvm3/111.2","A5"
"3926","BECv13","CWHvm3","CWHvm3/111.2","B5"
"3927","BECv13","CWHvm3","CWHvm3/111.2","C5"
"3928","BECv13","CWHvm3","CWHvm3/112","D6"
"3929","BECv13","CWHvm3","CWHvm3/112","E6"
"3930","BECv13","CWHvm3","CWHvm3/112","D5"
"3931","BECv13","CWHvm3","CWHvm3/112","E5"
"3932","BECv13","CWHvm3","CWHvm3/112.1","D5"
"3933","BECv13","CWHvm3","CWHvm3/112.1","E5"
"3934","BECv13","CWHvm3","CWHvm3/112.1","E6"
"3935","BECv13","CWHvm3","CWHvm3/112.1","D6"
"3936","BECv13","CWHvm3","CWHvm3/112.2","D5"
"3937","BECv13","CWHvm3","CWHvm3/112.2","E5"
"3938","BECv13","CWHvm3","CWHvm3/112.2","E6"
"3939","BECv13","CWHvm3","CWHvm3/112.2","D6"
"3940","BECv13","CWHvm3","CWHvm3/113","A6"
"3941","BECv13","CWHvm3","CWHvm3/113","B6"
"3942","BECv13","CWHvm3","CWHvm3/113","C6"
"3943","BECv13","CWHvm3","CWHvm3/114","D5"
"3944","BECv13","CWHvm3","CWHvm3/114","E5"
"3945","BECv13","CWHvm3","CWHvm3/114","E6"
"3946","BECv13","CWHvm3","CWHvm3/114","D6"
"3947","BECv13","CWHvm3","CWHvm3/Fl50","D6"
"3948","BECv13","CWHvm3","CWHvm3/Fl50","D5"
"3949","BECv13","CWHvm3","CWHvm3/Fl50","E5"
"3950","BECv13","CWHvm3","CWHvm3/Fl50","E6"
"3951","BECv13","CWHvm3","CWHvm3/Fl51","D6"
"3952","BECv13","CWHvm3","CWHvm3/Fl51","D5"
"3953","BECv13","CWHvm3","CWHvm3/Fl51","E5"
"3954","BECv13","CWHvm3","CWHvm3/Fl51","E6"
"3955","BECv13","CWHvm3","CWHvm3/Fm50","D5"
"3956","BECv13","CWHvm3","CWHvm3/Fm50","E5"
"3957","BECv13","CWHvm3","CWHvm3/Fm50","E6"
"3958","BECv13","CWHvm3","CWHvm3/Fm50","D6"
"3959","BECv13","CWHvm3","CWHvm3/Wb51","A7"
"3960","BECv13","CWHvm3","CWHvm3/Wb51","B7"
"3961","BECv13","CWHvm3","CWHvm3/Wb53","A7"
"3962","BECv13","CWHvm3","CWHvm3/Wb53","B7"
"3963","BECv13","CWHvm3","CWHvm3/Wf","C7"
"3964","BECv13","CWHvm3","CWHvm3/Wf","D7"
"3965","BECv13","CWHvm3","CWHvm3/Wf","E7"
"3966","BECv13","CWHvm3","CWHvm3/Wm","C7"
"3967","BECv13","CWHvm3","CWHvm3/Wm","D7"
"3968","BECv13","CWHvm3","CWHvm3/Wm","E7"
"3969","BECv13","CWHvm3","CWHvm3/Ws54","C7"
"3970","BECv13","CWHvm3","CWHvm3/Ws54","D7"
"3971","BECv13","CWHvm3","CWHvm3/Ws54","E7"
"3972","BECv13","CWHvm3","CWHvm3/Ws56","C7"
"3973","BECv13","CWHvm3","CWHvm3/Ws56","D7"
"3974","BECv13","CWHvm3","CWHvm3/Ws56","E7"
"3975","BECv13","CWHvm3","CWHvm3/Ws58","C7"
"3976","BECv13","CWHvm3","CWHvm3/Ws58","D7"
"3977","BECv13","CWHvm3","CWHvm3/Ws58","E7"
"3978","BECv13","CWHvm3","CWHvm3/Ws60","C7"
"3979","BECv13","CWHvm3","CWHvm3/Ws60","D7"
"3980","BECv13","CWHvm3","CWHvm3/Ws60","E7"
"3981","BECv13","CWHvm4","CWHvm4/101","B3"
"3982","BECv13","CWHvm4","CWHvm4/101","C3"
"3983","BECv13","CWHvm4","CWHvm4/101","C4"
"3984","BECv13","CWHvm4","CWHvm4/101","B4"
"3985","BECv13","CWHvm3","CWHvm4/102","C0"
"3986","BECv13","CWHvm3","CWHvm4/102","C1"
"3987","BECv13","CWHvm4","CWHvm4/102","A0"
"3988","BECv13","CWHvm4","CWHvm4/102","B0"
"3989","BECv13","CWHvm4","CWHvm4/102","B1"
"3990","BECv13","CWHvm4","CWHvm4/102","A1"
"3991","BECv13","CWHvm4","CWHvm4/103","A1"
"3992","BECv13","CWHvm4","CWHvm4/103","B1"
"3993","BECv13","CWHvm4","CWHvm4/103","C1"
"3994","BECv13","CWHvm4","CWHvm4/103","C2"
"3995","BECv13","CWHvm4","CWHvm4/103","B2"
"3996","BECv13","CWHvm4","CWHvm4/103","A2"
"3997","BECv13","CWHvm4","CWHvm4/103","A3"
"3998","BECv13","CWHvm4","CWHvm4/103","B3"
"3999","BECv13","CWHvm4","CWHvm4/103","C3"
"4000","BECv13","CWHvm4","CWHvm4/104","A1"
"4001","BECv13","CWHvm4","CWHvm4/104","B1"
"4002","BECv13","CWHvm4","CWHvm4/104","C1"
"4003","BECv13","CWHvm4","CWHvm4/104","C2"
"4004","BECv13","CWHvm4","CWHvm4/104","B2"
"4005","BECv13","CWHvm4","CWHvm4/104","A2"
"4006","BECv13","CWHvm4","CWHvm4/104","A3"
"4007","BECv13","CWHvm4","CWHvm4/104","B3"
"4008","BECv13","CWHvm4","CWHvm4/104","C3"
"4009","BECv13","CWHvm4","CWHvm4/110","D3"
"4010","BECv13","CWHvm4","CWHvm4/110","E3"
"4011","BECv13","CWHvm4","CWHvm4/110","E4"
"4012","BECv13","CWHvm4","CWHvm4/110","D4"
"4013","BECv13","CWHvm4","CWHvm4/110","D5"
"4014","BECv13","CWHvm4","CWHvm4/110","E5"
"4015","BECv13","CWHvm4","CWHvm4/111","A4"
"4016","BECv13","CWHvm4","CWHvm4/111","A5"
"4017","BECv13","CWHvm4","CWHvm4/111","B5"
"4018","BECv13","CWHvm4","CWHvm4/111","C5"
"4019","BECv13","CWHvm4","CWHvm4/112","D5"
"4020","BECv13","CWHvm4","CWHvm4/112","E5"
"4021","BECv13","CWHvm4","CWHvm4/112","E6"
"4022","BECv13","CWHvm4","CWHvm4/112","D6"
"4023","BECv13","CWHvm4","CWHvm4/113","A6"
"4024","BECv13","CWHvm4","CWHvm4/113","B6"
"4025","BECv13","CWHvm4","CWHvm4/Wb51","A7"
"4026","BECv13","CWHvm4","CWHvm4/Wb51","B7"
"4027","BECv13","CWHvm4","CWHvm4/Wb53","A7"
"4028","BECv13","CWHvm4","CWHvm4/Wb53","B7"
"4029","BECv13","CWHvm4","CWHvm4/Wf","C7"
"4030","BECv13","CWHvm4","CWHvm4/Wf","D7"
"4031","BECv13","CWHvm4","CWHvm4/Wf","E7"
"4032","BECv13","CWHvm4","CWHvm4/Wm","C7"
"4033","BECv13","CWHvm4","CWHvm4/Wm","D7"
"4034","BECv13","CWHvm4","CWHvm4/Wm","E7"
"4035","BECv13","CWHvm4","CWHvm4/Ws55","E6"
"4036","BECv13","CWHvm4","CWHvm4/Ws55","C6"
"4037","BECv13","CWHvm4","CWHvm4/Ws55","D6"
"4038","BECv13","CWHvm4","CWHvm4/Ws55","C7"
"4039","BECv13","CWHvm4","CWHvm4/Ws55","D7"
"4040","BECv13","CWHvm4","CWHvm4/Ws55","E7"
"4041","USA_2023","CWHwh_OR","CWHwh_OR/101","D4"
"4042","USA_2023","CWHwh_OR","CWHwh_OR/101","D3"
"4043","USA_2023","CWHwh_OR","CWHwh_OR/101","C4"
"4044","USA_2023","CWHwh_OR","CWHwh_OR/101","C3"
"4045","USA_2023","CWHwh_OR","CWHwh_OR/101","B4"
"4046","USA_2023","CWHwh_OR","CWHwh_OR/101","B3"
"4047","USA_2023","CWHwh_OR","CWHwh_OR/102","D1"
"4048","USA_2023","CWHwh_OR","CWHwh_OR/102","C1"
"4049","USA_2023","CWHwh_OR","CWHwh_OR/102","B1"
"4050","USA_2023","CWHwh_OR","CWHwh_OR/102","A1"
"4051","USA_2023","CWHwh_OR","CWHwh_OR/103","D2"
"4052","USA_2023","CWHwh_OR","CWHwh_OR/103","C2"
"4053","USA_2023","CWHwh_OR","CWHwh_OR/103","B2"
"4054","USA_2023","CWHwh_OR","CWHwh_OR/103","A2"
"4055","USA_2023","CWHwh_OR","CWHwh_OR/110","C5"
"4056","USA_2023","CWHwh_OR","CWHwh_OR/110","B5"
"4057","USA_2023","CWHwh_OR","CWHwh_OR/111","C6"
"4058","USA_2023","CWHwh_OR","CWHwh_OR/111","B6"
"4059","USA_2023","CWHwh_OR","CWHwh_OR/112","E5"
"4060","USA_2023","CWHwh_OR","CWHwh_OR/112","D5"
"4061","USA_2023","CWHwh_OR","CWHwh_OR/113","E6"
"4062","USA_2023","CWHwh_OR","CWHwh_OR/113","D6"
"4063","USA_2023","CWHwh_OR","CWHwh_OR/Ro","A0"
"4064","USA_2023","CWHwh_OR","CWHwh_OR/Ro","B0"
"4065","USA_2019","CWHwh_WA","CWHwh_WA/101","D4"
"4066","USA_2019","CWHwh_WA","CWHwh_WA/101","D3"
"4067","USA_2019","CWHwh_WA","CWHwh_WA/101","C4"
"4068","USA_2019","CWHwh_WA","CWHwh_WA/101","C3"
"4069","USA_2019","CWHwh_WA","CWHwh_WA/101","B4"
"4070","USA_2019","CWHwh_WA","CWHwh_WA/101","B3"
"4071","USA_2019","CWHwh_WA","CWHwh_WA/102","D1"
"4072","USA_2019","CWHwh_WA","CWHwh_WA/102","C1"
"4073","USA_2019","CWHwh_WA","CWHwh_WA/102","B1"
"4074","USA_2019","CWHwh_WA","CWHwh_WA/102","A1"
"4075","USA_2019","CWHwh_WA","CWHwh_WA/103","D2"
"4076","USA_2019","CWHwh_WA","CWHwh_WA/103","C2"
"4077","USA_2019","CWHwh_WA","CWHwh_WA/103","B2"
"4078","USA_2019","CWHwh_WA","CWHwh_WA/103","A2"
"4079","USA_2019","CWHwh_WA","CWHwh_WA/110","C5"
"4080","USA_2019","CWHwh_WA","CWHwh_WA/110","B5"
"4081","USA_2019","CWHwh_WA","CWHwh_WA/111","C6"
"4082","USA_2019","CWHwh_WA","CWHwh_WA/111","B6"
"4083","USA_2019","CWHwh_WA","CWHwh_WA/112","E5"
"4084","USA_2019","CWHwh_WA","CWHwh_WA/112","D5"
"4085","USA_2019","CWHwh_WA","CWHwh_WA/113","E6"
"4086","USA_2019","CWHwh_WA","CWHwh_WA/113","D6"
"4087","Add_2021","CWHwh_WA","CWHwh_WA/Ro","A0"
"4088","Add_2021","CWHwh_WA","CWHwh_WA/Ro","B0"
"4089","BECv10","CWHwh1","CWHwh1/101","C5"
"4090","BECv10","CWHwh1","CWHwh1/101","C4"
"4091","BECv10","CWHwh1","CWHwh1/101","C3"
"4092","BECv10","CWHwh1","CWHwh1/101","B4"
"4093","BECv10","CWHwh1","CWHwh1/101","B3"
"4094","BECv10","CWHwh1","CWHwh1/101a","C4"
"4095","BECv10","CWHwh1","CWHwh1/101a","C3"
"4096","BECv10","CWHwh1","CWHwh1/101a","B4"
"4097","BECv10","CWHwh1","CWHwh1/101a","B3"
"4098","BECv10","CWHwh1","CWHwh1/101b","C5"
"4099","BECv10","CWHwh1","CWHwh1/102","C3"
"4100","BECv10","CWHwh1","CWHwh1/102","C2"
"4101","BECv10","CWHwh1","CWHwh1/102","C1"
"4102","BECv10","CWHwh1","CWHwh1/102","B2"
"4103","BECv10","CWHwh1","CWHwh1/102","B1"
"4104","BECv10","CWHwh1","CWHwh1/102","A3"
"4105","BECv10","CWHwh1","CWHwh1/102","A2"
"4106","BECv10","CWHwh1","CWHwh1/102","A1"
"4107","BECv10","CWHwh1","CWHwh1/102","A0"
"4108","BECv10","CWHwh1","CWHwh1/103","C2"
"4109","BECv10","CWHwh1","CWHwh1/103","C1"
"4110","BECv10","CWHwh1","CWHwh1/103","C0"
"4111","BECv10","CWHwh1","CWHwh1/103","B2"
"4112","BECv10","CWHwh1","CWHwh1/103","B1"
"4113","BECv10","CWHwh1","CWHwh1/103","B0"
"4114","BECv10","CWHwh1","CWHwh1/103","A2"
"4115","BECv10","CWHwh1","CWHwh1/103","A1"
"4116","BEC11","CWHwh1","CWHwh1/103.1","C2"
"4117","BEC11","CWHwh1","CWHwh1/103.1","C1"
"4118","BEC11","CWHwh1","CWHwh1/103.1","C0"
"4119","BEC11","CWHwh1","CWHwh1/103.1","B2"
"4120","BEC11","CWHwh1","CWHwh1/103.1","B1"
"4121","BEC11","CWHwh1","CWHwh1/103.1","B0"
"4122","BEC11","CWHwh1","CWHwh1/103.1","A2"
"4123","BEC11","CWHwh1","CWHwh1/103.1","A1"
"4124","BEC11","CWHwh1","CWHwh1/103.1","A0"
"4125","BEC11","CWHwh1","CWHwh1/103.2","C2"
"4126","BEC11","CWHwh1","CWHwh1/103.2","C1"
"4127","BEC11","CWHwh1","CWHwh1/103.2","C0"
"4128","BEC11","CWHwh1","CWHwh1/103.2","B2"
"4129","BEC11","CWHwh1","CWHwh1/103.2","B1"
"4130","BEC11","CWHwh1","CWHwh1/103.2","B0"
"4131","BEC11","CWHwh1","CWHwh1/103.2","A2"
"4132","BEC11","CWHwh1","CWHwh1/103.2","A1"
"4133","BEC11","CWHwh1","CWHwh1/103.2","A0"
"4134","BECv10","CWHwh1","CWHwh1/104","C3"
"4135","BECv10","CWHwh1","CWHwh1/104","C2"
"4136","BECv10","CWHwh1","CWHwh1/104","B3"
"4137","BECv10","CWHwh1","CWHwh1/104","B2"
"4138","BECv10","CWHwh1","CWHwh1/104","A3"
"4139","BECv10","CWHwh1","CWHwh1/104","A2"
"4140","BECv10","CWHwh1","CWHwh1/105","E3"
"4141","BECv10","CWHwh1","CWHwh1/105","E2"
"4142","BECv10","CWHwh1","CWHwh1/105","D3"
"4143","BECv10","CWHwh1","CWHwh1/105","D2"
"4144","BECv10","CWHwh1","CWHwh1/105a","E3"
"4145","BECv10","CWHwh1","CWHwh1/105a","E2"
"4146","BECv10","CWHwh1","CWHwh1/105a","D3"
"4147","BECv10","CWHwh1","CWHwh1/105a","D2"
"4148","BECv10","CWHwh1","CWHwh1/105b","E3"
"4149","BECv10","CWHwh1","CWHwh1/105b","E2"
"4150","BECv10","CWHwh1","CWHwh1/105b","D3"
"4151","BECv10","CWHwh1","CWHwh1/105b","D2"
"4152","BECv10","CWHwh1","CWHwh1/110","B5"
"4153","BECv10","CWHwh1","CWHwh1/110","A5"
"4154","BECv10","CWHwh1","CWHwh1/110","A4"
"4155","BECv10","CWHwh1","CWHwh1/110a","B5"
"4156","BECv10","CWHwh1","CWHwh1/110a","A5"
"4157","BECv10","CWHwh1","CWHwh1/110a","A4"
"4158","BECv10","CWHwh1","CWHwh1/110b","B5"
"4159","BECv10","CWHwh1","CWHwh1/110b","A5"
"4160","BECv10","CWHwh1","CWHwh1/111","E5"
"4161","BECv10","CWHwh1","CWHwh1/111","E4"
"4162","BECv10","CWHwh1","CWHwh1/111","D5"
"4163","BECv10","CWHwh1","CWHwh1/111","D4"
"4164","BECv10","CWHwh1","CWHwh1/111a","E5"
"4165","BECv10","CWHwh1","CWHwh1/111a","E4"
"4166","BECv10","CWHwh1","CWHwh1/111a","D5"
"4167","BECv10","CWHwh1","CWHwh1/111a","D4"
"4168","BECv10","CWHwh1","CWHwh1/111b","E5"
"4169","BECv10","CWHwh1","CWHwh1/111b","E4"
"4170","BECv10","CWHwh1","CWHwh1/111b","D5"
"4171","BECv10","CWHwh1","CWHwh1/111b","D4"
"4172","BECv10","CWHwh1","CWHwh1/111c","E5"
"4173","BECv10","CWHwh1","CWHwh1/111c","E4"
"4174","BECv10","CWHwh1","CWHwh1/111c","D5"
"4175","BECv10","CWHwh1","CWHwh1/111c","D4"
"4176","BECv10","CWHwh1","CWHwh1/112","E4"
"4177","BECv10","CWHwh1","CWHwh1/112","D4"
"4178","BECv10","CWHwh1","CWHwh1/113","E5"
"4179","BECv10","CWHwh1","CWHwh1/113","E4"
"4180","BECv10","CWHwh1","CWHwh1/113","D5"
"4181","BECv10","CWHwh1","CWHwh1/113","D4"
"4182","BECv10","CWHwh1","CWHwh1/114","E5"
"4183","BECv10","CWHwh1","CWHwh1/114","D5"
"4184","BECv10","CWHwh1","CWHwh1/115","B6"
"4185","BECv10","CWHwh1","CWHwh1/115","A6"
"4186","BECv10","CWHwh1","CWHwh1/116","E6"
"4187","BECv10","CWHwh1","CWHwh1/116","D6"
"4188","BECv10","CWHwh1","CWHwh1/117","E6"
"4189","BECv10","CWHwh1","CWHwh1/117","D6"
"4190","BECv10","CWHwh1","CWHwh1/118","E7"
"4191","BECv10","CWHwh1","CWHwh1/118","E6"
"4192","BECv10","CWHwh1","CWHwh1/118","D7"
"4193","BECv10","CWHwh1","CWHwh1/118","D6"
"4194","BECv10","CWHwh1","CWHwh1/118","C7"
"4195","BECv10","CWHwh1","CWHwh1/118","C6"
"4196","BEC11","CWHwh1","CWHwh1/118a","E6"
"4197","BEC11","CWHwh1","CWHwh1/118a","D6"
"4198","BEC11","CWHwh1","CWHwh1/118a","C6"
"4199","BEC11","CWHwh1","CWHwh1/118b","E7"
"4200","BEC11","CWHwh1","CWHwh1/118b","D7"
"4201","BEC11","CWHwh1","CWHwh1/118b","C7"
"4202","BECv10","CWHwh1","CWHwh1/Wb51","B7"
"4203","BECv10","CWHwh1","CWHwh1/Wb51","A7"
"4204","BECv10","CWHwh2","CWHwh2/101","C5"
"4205","BECv10","CWHwh2","CWHwh2/101","C4"
"4206","BECv10","CWHwh2","CWHwh2/101","C3"
"4207","BECv10","CWHwh2","CWHwh2/101","C2"
"4208","BECv10","CWHwh2","CWHwh2/101","C1"
"4209","BECv10","CWHwh2","CWHwh2/101","B5"
"4210","BECv10","CWHwh2","CWHwh2/101","B4"
"4211","BECv10","CWHwh2","CWHwh2/101","B3"
"4212","BECv10","CWHwh2","CWHwh2/101","B2"
"4213","BECv10","CWHwh2","CWHwh2/101","B1"
"4214","BECv10","CWHwh2","CWHwh2/101","A5"
"4215","BECv10","CWHwh2","CWHwh2/101","A4"
"4216","BECv10","CWHwh2","CWHwh2/101","A3"
"4217","BECv10","CWHwh2","CWHwh2/101","A2"
"4218","BECv10","CWHwh2","CWHwh2/101","A1"
"4219","BEC11","CWHwh2","CWHwh2/101a","C4"
"4220","BEC11","CWHwh2","CWHwh2/101a","C3"
"4221","BEC11","CWHwh2","CWHwh2/101a","B4"
"4222","BEC11","CWHwh2","CWHwh2/101a","B3"
"4223","BEC11","CWHwh2","CWHwh2/101a","A4"
"4224","BEC11","CWHwh2","CWHwh2/101a","A3"
"4225","BEC11","CWHwh2","CWHwh2/101b","C2"
"4226","BEC11","CWHwh2","CWHwh2/101b","C1"
"4227","BEC11","CWHwh2","CWHwh2/101b","B2"
"4228","BEC11","CWHwh2","CWHwh2/101b","B1"
"4229","BEC11","CWHwh2","CWHwh2/101b","A2"
"4230","BEC11","CWHwh2","CWHwh2/101b","A1"
"4231","BEC11","CWHwh2","CWHwh2/101c","C5"
"4232","BEC11","CWHwh2","CWHwh2/101c","B5"
"4233","BEC11","CWHwh2","CWHwh2/101c","A5"
"4234","BECv10","CWHwh2","CWHwh2/110","E5"
"4235","BECv10","CWHwh2","CWHwh2/110","E4"
"4236","BECv10","CWHwh2","CWHwh2/110","D5"
"4237","BECv10","CWHwh2","CWHwh2/110","D4"
"4238","BECv10","CWHwh2","CWHwh2/111","C6"
"4239","BECv10","CWHwh2","CWHwh2/111","B6"
"4240","BECv10","CWHwh2","CWHwh2/111","A6"
"4241","BECv10","CWHwh2","CWHwh2/112","E7"
"4242","BECv10","CWHwh2","CWHwh2/112","E6"
"4243","BECv10","CWHwh2","CWHwh2/112","D7"
"4244","BECv10","CWHwh2","CWHwh2/112","D6"
"4245","BECv10","CWHwh2","CWHwh2/112","C7"
"4246","BEC11","CWHwh2","CWHwh2/112a","E6"
"4247","BEC11","CWHwh2","CWHwh2/112a","D6"
"4248","BEC11","CWHwh2","CWHwh2/112b","E7"
"4249","BEC11","CWHwh2","CWHwh2/112b","D7"
"4250","BEC11","CWHwh2","CWHwh2/112b","C7"
"4251","Add_2021","CWHwh2","CWHwh2/Ro","A0"
"4252","Add_2021","CWHwh2","CWHwh2/Ro","B0"
"4253","BECv13","CWHwm","CWHwm/101","A2"
"4254","BECv13","CWHwm","CWHwm/101","B2"
"4255","BECv13","CWHwm","CWHwm/101","C2"
"4256","BECv13","CWHwm","CWHwm/101","A3"
"4257","BECv13","CWHwm","CWHwm/101","B3"
"4258","BECv13","CWHwm","CWHwm/101","C3"
"4259","BECv13","CWHwm","CWHwm/101","A4"
"4260","BECv13","CWHwm","CWHwm/101","B4"
"4261","BECv13","CWHwm","CWHwm/101","C4"
"4262","BECv13","CWHwm","CWHwm/101a","A2"
"4263","BECv13","CWHwm","CWHwm/101a","B2"
"4264","BECv13","CWHwm","CWHwm/101a","C2"
"4265","BECv13","CWHwm","CWHwm/101a","C3"
"4266","BECv13","CWHwm","CWHwm/101a","A3"
"4267","BECv13","CWHwm","CWHwm/101a","B3"
"4268","BECv13","CWHwm","CWHwm/101a","C4"
"4269","BECv13","CWHwm","CWHwm/101a","B4"
"4270","BECv13","CWHwm","CWHwm/101a","A4"
"4271","BECv13","CWHwm","CWHwm/101b","A2"
"4272","BECv13","CWHwm","CWHwm/101b","A3"
"4273","BECv13","CWHwm","CWHwm/101b","A4"
"4274","BECv13","CWHwm","CWHwm/101b","B4"
"4275","BECv13","CWHwm","CWHwm/101b","B3"
"4276","BECv13","CWHwm","CWHwm/101b","B2"
"4277","BECv13","CWHwm","CWHwm/101b","C2"
"4278","BECv13","CWHwm","CWHwm/101b","C4"
"4279","BECv13","CWHwm","CWHwm/101b","C3"
"4280","BECv13","CWHwm","CWHwm/102","A0"
"4281","BECv13","CWHwm","CWHwm/102","B0"
"4282","BECv13","CWHwm","CWHwm/102","B1"
"4283","BECv13","CWHwm","CWHwm/102","A1"
"4284","BECv13","CWHwm","CWHwm/102","C0"
"4285","BECv13","CWHwm","CWHwm/102","C1"
"4286","BECv13","CWHwm","CWHwm/110","D3"
"4287","BECv13","CWHwm","CWHwm/110","E3"
"4288","BECv13","CWHwm","CWHwm/110","E4"
"4289","BECv13","CWHwm","CWHwm/110","D4"
"4290","BECv13","CWHwm","CWHwm/110","D5"
"4291","BECv13","CWHwm","CWHwm/110","E5"
"4292","BECv13","CWHwm","CWHwm/111","A5"
"4293","BECv13","CWHwm","CWHwm/111","A6"
"4294","BECv13","CWHwm","CWHwm/111","B6"
"4295","BECv13","CWHwm","CWHwm/111","B5"
"4296","BECv13","CWHwm","CWHwm/111","C5"
"4297","BECv13","CWHwm","CWHwm/111","C6"
"4298","BECv13","CWHwm","CWHwm/112","D5"
"4299","BECv13","CWHwm","CWHwm/112","D6"
"4300","BECv13","CWHwm","CWHwm/112","E5"
"4301","BECv13","CWHwm","CWHwm/112","E6"
"4302","BECv13","CWHwm","CWHwm/113","D5"
"4303","BECv13","CWHwm","CWHwm/113","E5"
"4304","BECv13","CWHwm","CWHwm/113","E6"
"4305","BECv13","CWHwm","CWHwm/113","D6"
"4306","BECv13","CWHwm","CWHwm/Fl50","D5"
"4307","BECv13","CWHwm","CWHwm/Fl50","D6"
"4308","BECv13","CWHwm","CWHwm/Fl50","E6"
"4309","BECv13","CWHwm","CWHwm/Fl50","E5"
"4310","BECv13","CWHwm","CWHwm/Fl51","D5"
"4311","BECv13","CWHwm","CWHwm/Fl51","D6"
"4312","BECv13","CWHwm","CWHwm/Fl51","E6"
"4313","BECv13","CWHwm","CWHwm/Fl51","E5"
"4314","BECv13","CWHwm","CWHwm/Fm50","D5"
"4315","BECv13","CWHwm","CWHwm/Fm50","E5"
"4316","BECv13","CWHwm","CWHwm/Fm50","D6"
"4317","BECv13","CWHwm","CWHwm/Fm50","E6"
"4318","BECv13","CWHwm","CWHwm/Wb51","A7"
"4319","BECv13","CWHwm","CWHwm/Wb51","B7"
"4320","BECv13","CWHwm","CWHwm/Wb53","A7"
"4321","BECv13","CWHwm","CWHwm/Wb53","B7"
"4322","BECv13","CWHwm","CWHwm/Wf","C7"
"4323","BECv13","CWHwm","CWHwm/Wf","D7"
"4324","BECv13","CWHwm","CWHwm/Wf","E7"
"4325","BECv13","CWHwm","CWHwm/Wm","C7"
"4326","BECv13","CWHwm","CWHwm/Wm","D7"
"4327","BECv13","CWHwm","CWHwm/Wm","E7"
"4328","BECv13","CWHwm","CWHwm/Ws55","E7"
"4329","BECv13","CWHwm","CWHwm/Ws55","E6"
"4330","BECv13","CWHwm","CWHwm/Ws55","D6"
"4331","BECv13","CWHwm","CWHwm/Ws55","C6"
"4332","BECv13","CWHwm","CWHwm/Ws55","C7"
"4333","BECv13","CWHwm","CWHwm/Ws55","D7"
"4334","BECv13","CWHwm","CWHwm/Ws56","E7"
"4335","BECv13","CWHwm","CWHwm/Ws56","E6"
"4336","BECv13","CWHwm","CWHwm/Ws56","D6"
"4337","BECv13","CWHwm","CWHwm/Ws56","C6"
"4338","BECv13","CWHwm","CWHwm/Ws56","C7"
"4339","BECv13","CWHwm","CWHwm/Ws56","D7"
"4340","BECv13","CWHwm","CWHwm/Ws60","E7"
"4341","BECv13","CWHwm","CWHwm/Ws60","E6"
"4342","BECv13","CWHwm","CWHwm/Ws60","D6"
"4343","BECv13","CWHwm","CWHwm/Ws60","C6"
"4344","BECv13","CWHwm","CWHwm/Ws60","C7"
"4345","BECv13","CWHwm","CWHwm/Ws60","D7"
"4346","BECv13","CWHws1","CWHws1/101","A4"
"4347","BECv13","CWHws1","CWHws1/101","A3"
"4348","BECv13","CWHws1","CWHws1/101","B3"
"4349","BECv13","CWHws1","CWHws1/101","C3"
"4350","BECv13","CWHws1","CWHws1/101","C4"
"4351","BECv13","CWHws1","CWHws1/101","B4"
"4352","BECv13","CWHws1","CWHws1/102","A0"
"4353","BECv13","CWHws1","CWHws1/102","B0"
"4354","BECv13","CWHws1","CWHws1/102","C0"
"4355","BECv13","CWHws1","CWHws1/102","C1"
"4356","BECv13","CWHws1","CWHws1/102","B1"
"4357","BECv13","CWHws1","CWHws1/102","A1"
"4358","BECv13","CWHws1","CWHws1/103","A1"
"4359","BECv13","CWHws1","CWHws1/103","A2"
"4360","BECv13","CWHws1","CWHws1/103","B2"
"4361","BECv13","CWHws1","CWHws1/103","C1"
"4362","BECv13","CWHws1","CWHws1/103","B1"
"4363","BECv13","CWHws1","CWHws1/103","C2"
"4364","BECv13","CWHws1","CWHws1/103","A3"
"4365","BECv13","CWHws1","CWHws1/103","B3"
"4366","BECv13","CWHws1","CWHws1/103","C3"
"4367","BECv13","CWHws1","CWHws1/110","D3"
"4368","BECv13","CWHws1","CWHws1/110","E3"
"4369","BECv13","CWHws1","CWHws1/110","D4"
"4370","BECv13","CWHws1","CWHws1/110","E4"
"4371","BECv13","CWHws1","CWHws1/110","D5"
"4372","BECv13","CWHws1","CWHws1/110","E5"
"4373","BECv13","CWHws1","CWHws1/111","A6"
"4374","BECv13","CWHws1","CWHws1/111","A5"
"4375","BECv13","CWHws1","CWHws1/111","B5"
"4376","BECv13","CWHws1","CWHws1/111","B6"
"4377","BECv13","CWHws1","CWHws1/111","C6"
"4378","BECv13","CWHws1","CWHws1/111","C5"
"4379","BECv13","CWHws1","CWHws1/112","D5"
"4380","BECv13","CWHws1","CWHws1/112","E5"
"4381","BECv13","CWHws1","CWHws1/112","E6"
"4382","BECv13","CWHws1","CWHws1/112","D6"
"4383","BECv13","CWHws1","CWHws1/113","D6"
"4384","BECv13","CWHws1","CWHws1/113","E6"
"4385","BECv13","CWHws1","CWHws1/113","D5"
"4386","BECv13","CWHws1","CWHws1/113","E5"
"4387","BECv13","CWHws1","CWHws1/Fl50","D5"
"4388","BECv13","CWHws1","CWHws1/Fl50","E5"
"4389","BECv13","CWHws1","CWHws1/Fl50","E6"
"4390","BECv13","CWHws1","CWHws1/Fl50","D6"
"4391","BECv13","CWHws1","CWHws1/Fm50","D5"
"4392","BECv13","CWHws1","CWHws1/Fm50","E5"
"4393","BECv13","CWHws1","CWHws1/Fm50","E6"
"4394","BECv13","CWHws1","CWHws1/Fm50","D6"
"4395","BECv13","CWHws1","CWHws1/Ro","A0"
"4396","BECv13","CWHws1","CWHws1/Ro","B0"
"4397","BECv13","CWHws1","CWHws1/Ro","C0"
"4398","BECv13","CWHws1","CWHws1/Wb51","A7"
"4399","BECv13","CWHws1","CWHws1/Wb51","B7"
"4400","BECv13","CWHws1","CWHws1/Ws56","C7"
"4401","BECv13","CWHws1","CWHws1/Ws56","D7"
"4402","BECv13","CWHws1","CWHws1/Ws56","E7"
"4403","BECv13","CWHws2","CWHws2/101","A3"
"4404","BECv13","CWHws2","CWHws2/101","A4"
"4405","BECv13","CWHws2","CWHws2/101","B4"
"4406","BECv13","CWHws2","CWHws2/101","C4"
"4407","BECv13","CWHws2","CWHws2/101","C3"
"4408","BECv13","CWHws2","CWHws2/101","B3"
"4409","BECv13","CWHws2","CWHws2/102","A0"
"4410","BECv13","CWHws2","CWHws2/102","B0"
"4411","BECv13","CWHws2","CWHws2/102","C0"
"4412","BECv13","CWHws2","CWHws2/102","C1"
"4413","BECv13","CWHws2","CWHws2/102","B1"
"4414","BECv13","CWHws2","CWHws2/102","A1"
"4415","BECv13","CWHws2","CWHws2/103","A1"
"4416","BECv13","CWHws2","CWHws2/103","B1"
"4417","BECv13","CWHws2","CWHws2/103","C1"
"4418","BECv13","CWHws2","CWHws2/103","C2"
"4419","BECv13","CWHws2","CWHws2/103","B2"
"4420","BECv13","CWHws2","CWHws2/103","A2"
"4421","BECv13","CWHws2","CWHws2/110","D3"
"4422","BECv13","CWHws2","CWHws2/110","E3"
"4423","BECv13","CWHws2","CWHws2/110","E4"
"4424","BECv13","CWHws2","CWHws2/110","D4"
"4425","BECv13","CWHws2","CWHws2/110","D5"
"4426","BECv13","CWHws2","CWHws2/110","E5"
"4427","BECv13","CWHws2","CWHws2/111","A5"
"4428","BECv13","CWHws2","CWHws2/111","B5"
"4429","BECv13","CWHws2","CWHws2/111","C5"
"4430","BECv13","CWHws2","CWHws2/111","C6"
"4431","BECv13","CWHws2","CWHws2/111","B6"
"4432","BECv13","CWHws2","CWHws2/111","A6"
"4433","BECv13","CWHws2","CWHws2/112","D6"
"4434","BECv13","CWHws2","CWHws2/112","C6"
"4435","BECv13","CWHws2","CWHws2/112","C5"
"4436","BECv13","CWHws2","CWHws2/112","D5"
"4437","BECv13","CWHws2","CWHws2/112","E5"
"4438","BECv13","CWHws2","CWHws2/112","E6"
"4439","BECv13","CWHws2","CWHws2/113","E6"
"4440","BECv13","CWHws2","CWHws2/113","E5"
"4441","BECv13","CWHws2","CWHws2/113","D5"
"4442","BECv13","CWHws2","CWHws2/113","C5"
"4443","BECv13","CWHws2","CWHws2/113","D6"
"4444","BECv13","CWHws2","CWHws2/113","C6"
"4445","BECv13","CWHws2","CWHws2/114","E5"
"4446","BECv13","CWHws2","CWHws2/114","E6"
"4447","BECv13","CWHws2","CWHws2/114","D6"
"4448","BECv13","CWHws2","CWHws2/114","D5"
"4449","BECv13","CWHws2","CWHws2/114","C5"
"4450","BECv13","CWHws2","CWHws2/114","C6"
"4451","BECv13","CWHws2","CWHws2/Fl51","E6"
"4452","BECv13","CWHws2","CWHws2/Fl51","D6"
"4453","BECv13","CWHws2","CWHws2/Fl51","C6"
"4454","BECv13","CWHws2","CWHws2/Fl51","C5"
"4455","BECv13","CWHws2","CWHws2/Fl51","E5"
"4456","BECv13","CWHws2","CWHws2/Fl51","D5"
"4457","BECv13","CWHws2","CWHws2/Fm50","E6"
"4458","BECv13","CWHws2","CWHws2/Fm50","E5"
"4459","BECv13","CWHws2","CWHws2/Fm50","D5"
"4460","BECv13","CWHws2","CWHws2/Fm50","C5"
"4461","BECv13","CWHws2","CWHws2/Fm50","C6"
"4462","BECv13","CWHws2","CWHws2/Fm50","D6"
"4463","BECv13","CWHws2","CWHws2/Ro","A0"
"4464","BECv13","CWHws2","CWHws2/Ro","B0"
"4465","BECv13","CWHws2","CWHws2/Ro","C0"
"4466","BECv13","CWHws2","CWHws2/Wb51","A7"
"4467","BECv13","CWHws2","CWHws2/Wb51","B7"
"4468","BECv13","CWHws2","CWHws2/Ws56","E7"
"4469","BECv13","CWHws2","CWHws2/Ws56","D7"
"4470","BECv13","CWHws2","CWHws2/Ws56","C7"
"4471","BECv13","CWHws3","CWHws3/101","A3"
"4472","BECv13","CWHws3","CWHws3/101","B3"
"4473","BECv13","CWHws3","CWHws3/101","C3"
"4474","BECv13","CWHws3","CWHws3/101","C4"
"4475","BECv13","CWHws3","CWHws3/101","B4"
"4476","BECv13","CWHws3","CWHws3/101","A4"
"4477","BECv13","CWHws3","CWHws3/102","A0"
"4478","BECv13","CWHws3","CWHws3/102","B0"
"4479","BECv13","CWHws3","CWHws3/102","C0"
"4480","BECv13","CWHws3","CWHws3/102","C1"
"4481","BECv13","CWHws3","CWHws3/102","B1"
"4482","BECv13","CWHws3","CWHws3/102","A1"
"4483","BECv13","CWHws3","CWHws3/103","A1"
"4484","BECv13","CWHws3","CWHws3/103","B1"
"4485","BECv13","CWHws3","CWHws3/103","C1"
"4486","BECv13","CWHws3","CWHws3/103","C2"
"4487","BECv13","CWHws3","CWHws3/103","B2"
"4488","BECv13","CWHws3","CWHws3/103","A2"
"4489","BECv13","CWHws3","CWHws3/110","D3"
"4490","BECv13","CWHws3","CWHws3/110","D4"
"4491","BECv13","CWHws3","CWHws3/110","E4"
"4492","BECv13","CWHws3","CWHws3/110","E3"
"4493","BECv13","CWHws3","CWHws3/111","A5"
"4494","BECv13","CWHws3","CWHws3/111","B5"
"4495","BECv13","CWHws3","CWHws3/111","C5"
"4496","BECv13","CWHws3","CWHws3/111","C6"
"4497","BECv13","CWHws3","CWHws3/111","B6"
"4498","BECv13","CWHws3","CWHws3/111","A6"
"4499","BECv13","CWHws3","CWHws3/112","D5"
"4500","BECv13","CWHws3","CWHws3/112","E5"
"4501","BECv13","CWHws3","CWHws3/112","E6"
"4502","BECv13","CWHws3","CWHws3/112","D6"
"4503","BECv13","CWHws3","CWHws3/113","D5"
"4504","BECv13","CWHws3","CWHws3/113","D6"
"4505","BECv13","CWHws3","CWHws3/113","E6"
"4506","BECv13","CWHws3","CWHws3/113","E5"
"4507","BECv13","CWHws3","CWHws3/Fl50","D5"
"4508","BECv13","CWHws3","CWHws3/Fl50","E5"
"4509","BECv13","CWHws3","CWHws3/Fl50","E6"
"4510","BECv13","CWHws3","CWHws3/Fl50","D6"
"4511","BECv13","CWHws3","CWHws3/Fm50","D5"
"4512","BECv13","CWHws3","CWHws3/Fm50","E5"
"4513","BECv13","CWHws3","CWHws3/Fm50","E6"
"4514","BECv13","CWHws3","CWHws3/Fm50","D6"
"4515","BECv13","CWHws3","CWHws3/Wb51","B7"
"4516","BECv13","CWHws3","CWHws3/Wb51","A7"
"4517","BECv13","CWHws3","CWHws3/Ws56","C7"
"4518","BECv13","CWHws3","CWHws3/Ws56","D7"
"4519","BECv13","CWHws3","CWHws3/Ws56","E7"
"4520","USA_2019","CWHxm_OR","CWHxm_OR/101","D4"
"4521","USA_2019","CWHxm_OR","CWHxm_OR/101","D3"
"4522","USA_2019","CWHxm_OR","CWHxm_OR/101","C4"
"4523","USA_2019","CWHxm_OR","CWHxm_OR/101","C3"
"4524","USA_2019","CWHxm_OR","CWHxm_OR/101","B4"
"4525","USA_2019","CWHxm_OR","CWHxm_OR/101","B3"
"4526","USA_2019","CWHxm_OR","CWHxm_OR/102","D1"
"4527","USA_2019","CWHxm_OR","CWHxm_OR/102","C1"
"4528","USA_2019","CWHxm_OR","CWHxm_OR/102","B1"
"4529","USA_2019","CWHxm_OR","CWHxm_OR/102","A1"
"4530","USA_2019","CWHxm_OR","CWHxm_OR/103","D2"
"4531","USA_2019","CWHxm_OR","CWHxm_OR/103","C2"
"4532","USA_2019","CWHxm_OR","CWHxm_OR/103","B2"
"4533","USA_2019","CWHxm_OR","CWHxm_OR/103","A2"
"4534","USA_2019","CWHxm_OR","CWHxm_OR/110","C5"
"4535","USA_2019","CWHxm_OR","CWHxm_OR/110","B5"
"4536","USA_2019","CWHxm_OR","CWHxm_OR/111","C6"
"4537","USA_2019","CWHxm_OR","CWHxm_OR/111","B6"
"4538","USA_2019","CWHxm_OR","CWHxm_OR/112","E5"
"4539","USA_2019","CWHxm_OR","CWHxm_OR/112","D5"
"4540","USA_2019","CWHxm_OR","CWHxm_OR/113","E6"
"4541","USA_2019","CWHxm_OR","CWHxm_OR/113","D6"
"4542","Add_2021","CWHxm_OR","CWHxm_OR/Ro","A0"
"4543","Add_2021","CWHxm_OR","CWHxm_OR/Ro","B0"
"4544","USA_2019","CWHxm_WA","CWHxm_WA/101","D4"
"4545","USA_2019","CWHxm_WA","CWHxm_WA/101","D3"
"4546","USA_2019","CWHxm_WA","CWHxm_WA/101","C4"
"4547","USA_2019","CWHxm_WA","CWHxm_WA/101","C3"
"4548","USA_2019","CWHxm_WA","CWHxm_WA/101","B4"
"4549","USA_2019","CWHxm_WA","CWHxm_WA/101","B3"
"4550","USA_2019","CWHxm_WA","CWHxm_WA/102","D1"
"4551","USA_2019","CWHxm_WA","CWHxm_WA/102","C1"
"4552","USA_2019","CWHxm_WA","CWHxm_WA/102","B1"
"4553","USA_2019","CWHxm_WA","CWHxm_WA/102","A1"
"4554","USA_2019","CWHxm_WA","CWHxm_WA/103","D2"
"4555","USA_2019","CWHxm_WA","CWHxm_WA/103","C2"
"4556","USA_2019","CWHxm_WA","CWHxm_WA/103","B2"
"4557","USA_2019","CWHxm_WA","CWHxm_WA/103","A2"
"4558","USA_2019","CWHxm_WA","CWHxm_WA/110","C5"
"4559","USA_2019","CWHxm_WA","CWHxm_WA/110","B5"
"4560","USA_2019","CWHxm_WA","CWHxm_WA/111","C6"
"4561","USA_2019","CWHxm_WA","CWHxm_WA/111","B6"
"4562","USA_2019","CWHxm_WA","CWHxm_WA/112","E5"
"4563","USA_2019","CWHxm_WA","CWHxm_WA/112","D5"
"4564","USA_2019","CWHxm_WA","CWHxm_WA/113","E6"
"4565","USA_2019","CWHxm_WA","CWHxm_WA/113","D6"
"4566","Add_2021","CWHxm_WA","CWHxm_WA/Ro","A0"
"4567","Add_2021","CWHxm_WA","CWHxm_WA/Ro","B0"
"4568","BECv13","CWHxs","CWHxs/101","A5"
"4569","BECv13","CWHxs","CWHxs/101","A4"
"4570","BECv13","CWHxs","CWHxs/101","A3"
"4571","BECv13","CWHxs","CWHxs/101","A2"
"4572","BECv13","CWHxs","CWHxs/101","B2"
"4573","BECv13","CWHxs","CWHxs/101","B3"
"4574","BECv13","CWHxs","CWHxs/101","B4"
"4575","BECv13","CWHxs","CWHxs/101","B5"
"4576","BECv13","CWHxs","CWHxs/101","C5"
"4577","BECv13","CWHxs","CWHxs/101","C2"
"4578","BECv13","CWHxs","CWHxs/101","C3"
"4579","BECv13","CWHxs","CWHxs/101","C4"
"4580","BECv13","CWHxs","CWHxs/101.1","A2"
"4581","BECv13","CWHxs","CWHxs/101.1","A3"
"4582","BECv13","CWHxs","CWHxs/101.1","A4"
"4583","BECv13","CWHxs","CWHxs/101.1","A5"
"4584","BECv13","CWHxs","CWHxs/101.1","B5"
"4585","BECv13","CWHxs","CWHxs/101.1","C5"
"4586","BECv13","CWHxs","CWHxs/101.1","C4"
"4587","BECv13","CWHxs","CWHxs/101.1","C3"
"4588","BECv13","CWHxs","CWHxs/101.1","C2"
"4589","BECv13","CWHxs","CWHxs/101.1","B2"
"4590","BECv13","CWHxs","CWHxs/101.1","B3"
"4591","BECv13","CWHxs","CWHxs/101.1","B4"
"4592","BECv13","CWHxs","CWHxs/101.2","A2"
"4593","BECv13","CWHxs","CWHxs/101.2","A3"
"4594","BECv13","CWHxs","CWHxs/101.2","A4"
"4595","BECv13","CWHxs","CWHxs/101.2","A5"
"4596","BECv13","CWHxs","CWHxs/101.2","B5"
"4597","BECv13","CWHxs","CWHxs/101.2","B4"
"4598","BECv13","CWHxs","CWHxs/101.2","B3"
"4599","BECv13","CWHxs","CWHxs/101.2","B2"
"4600","BECv13","CWHxs","CWHxs/101.2","C2"
"4601","BECv13","CWHxs","CWHxs/101.2","C3"
"4602","BECv13","CWHxs","CWHxs/101.2","C4"
"4603","BECv13","CWHxs","CWHxs/101.2","C5"
"4604","BECv13","CWHxs","CWHxs/102","A0"
"4605","BECv13","CWHxs","CWHxs/102","A1"
"4606","BECv13","CWHxs","CWHxs/102","B0"
"4607","BECv13","CWHxs","CWHxs/102","B1"
"4608","BECv13","CWHxs","CWHxs/103","A1"
"4609","BECv13","CWHxs","CWHxs/103","A2"
"4610","BECv13","CWHxs","CWHxs/103","B1"
"4611","BECv13","CWHxs","CWHxs/103","C1"
"4612","BECv13","CWHxs","CWHxs/103","C2"
"4613","BECv13","CWHxs","CWHxs/103","B2"
"4614","BECv13","CWHxs","CWHxs/103.1","A1"
"4615","BECv13","CWHxs","CWHxs/103.1","A2"
"4616","BECv13","CWHxs","CWHxs/103.1","B1"
"4617","BECv13","CWHxs","CWHxs/103.1","C1"
"4618","BECv13","CWHxs","CWHxs/103.1","C2"
"4619","BECv13","CWHxs","CWHxs/103.1","B2"
"4620","BECv13","CWHxs","CWHxs/103.2","A1"
"4621","BECv13","CWHxs","CWHxs/103.2","A2"
"4622","BECv13","CWHxs","CWHxs/103.2","B1"
"4623","BECv13","CWHxs","CWHxs/103.2","C1"
"4624","BECv13","CWHxs","CWHxs/103.2","C2"
"4625","BECv13","CWHxs","CWHxs/103.2","B2"
"4626","BECv13","CWHxs","CWHxs/110","C3"
"4627","BECv13","CWHxs","CWHxs/110","D3"
"4628","BECv13","CWHxs","CWHxs/110","E3"
"4629","BECv13","CWHxs","CWHxs/110","E4"
"4630","BECv13","CWHxs","CWHxs/110","D4"
"4631","BECv13","CWHxs","CWHxs/110","C4"
"4632","BECv13","CWHxs","CWHxs/110","C5"
"4633","BECv13","CWHxs","CWHxs/110","D5"
"4634","BECv13","CWHxs","CWHxs/111","E6"
"4635","BECv13","CWHxs","CWHxs/111","D6"
"4636","BECv13","CWHxs","CWHxs/111","C6"
"4637","BECv13","CWHxs","CWHxs/111","E5"
"4638","BECv13","CWHxs","CWHxs/111","D5"
"4639","BECv13","CWHxs","CWHxs/111","C5"
"4640","BECv13","CWHxs","CWHxs/111","E4"
"4641","BECv13","CWHxs","CWHxs/111","D4"
"4642","BECv13","CWHxs","CWHxs/112","E6"
"4643","BECv13","CWHxs","CWHxs/112","D6"
"4644","BECv13","CWHxs","CWHxs/112","C6"
"4645","BECv13","CWHxs","CWHxs/112","E5"
"4646","BECv13","CWHxs","CWHxs/112","D5"
"4647","BECv13","CWHxs","CWHxs/112","C5"
"4648","BECv13","CWHxs","CWHxs/112","E4"
"4649","BECv13","CWHxs","CWHxs/112","D4"
"4650","BECv13","CWHxs","CWHxs/Fl50","E6"
"4651","BECv13","CWHxs","CWHxs/Fl50","D6"
"4652","BECv13","CWHxs","CWHxs/Fl50","C6"
"4653","BECv13","CWHxs","CWHxs/Fl50","E5"
"4654","BECv13","CWHxs","CWHxs/Fl50","D5"
"4655","BECv13","CWHxs","CWHxs/Fl50","C5"
"4656","BECv13","CWHxs","CWHxs/Fl50","E4"
"4657","BECv13","CWHxs","CWHxs/Fl50","D4"
"4658","BECv13","CWHxs","CWHxs/Fm51.2","E6"
"4659","BECv13","CWHxs","CWHxs/Fm51.2","D6"
"4660","BECv13","CWHxs","CWHxs/Fm51.2","C6"
"4661","BECv13","CWHxs","CWHxs/Fm51.2","E5"
"4662","BECv13","CWHxs","CWHxs/Fm51.2","D5"
"4663","BECv13","CWHxs","CWHxs/Fm51.2","C5"
"4664","BECv13","CWHxs","CWHxs/Fm51.2","E4"
"4665","BECv13","CWHxs","CWHxs/Fm51.2","D4"
"4666","BECv13","CWHxs","CWHxs/Ro","A0"
"4667","BECv13","CWHxs","CWHxs/Ro","B0"
"4668","BECv13","CWHxs","CWHxs/Ws57","E7"
"4669","BECv13","CWHxs","CWHxs/Ws57","D7"
"4670","BECv13","CWHxs","CWHxs/Ws57","C7"
"4671","AB_2020","ESSFabC","ESSFabC/a","D2"
"4672","AB_2020","ESSFabC","ESSFabC/a","C2"
"4673","AB_2020","ESSFabC","ESSFabC/a","C1"
"4674","AB_2020","ESSFabC","ESSFabC/a","B2"
"4675","AB_2020","ESSFabC","ESSFabC/a","B1"
"4676","AB_2020","ESSFabC","ESSFabC/b","C2"
"4677","AB_2020","ESSFabC","ESSFabC/b","C1"
"4678","AB_2020","ESSFabC","ESSFabC/b","B3"
"4679","AB_2020","ESSFabC","ESSFabC/b","B2"
"4680","AB_2020","ESSFabC","ESSFabC/b","B1"
"4681","AB_2020","ESSFabC","ESSFabC/b","A2"
"4682","AB_2020","ESSFabC","ESSFabC/b","A1"
"4683","AB_2020","ESSFabC","ESSFabC/c","D4"
"4684","AB_2020","ESSFabC","ESSFabC/c","D3"
"4685","AB_2020","ESSFabC","ESSFabC/c","C4"
"4686","AB_2020","ESSFabC","ESSFabC/c","C3"
"4687","AB_2020","ESSFabC","ESSFabC/c","B3"
"4688","AB_2020","ESSFabC","ESSFabC/d","D4"
"4689","AB_2020","ESSFabC","ESSFabC/d","C4"
"4690","AB_2020","ESSFabC","ESSFabC/d","B4"
"4691","AB_2020","ESSFabC","ESSFabC/d","B3"
"4692","AB_2020","ESSFabC","ESSFabC/d","A4"
"4693","AB_2020","ESSFabC","ESSFabC/d","A3"
"4694","AB_2020","ESSFabC","ESSFabC/e","E6"
"4695","AB_2020","ESSFabC","ESSFabC/e","E5"
"4696","AB_2020","ESSFabC","ESSFabC/e","E4"
"4697","AB_2020","ESSFabC","ESSFabC/e","D6"
"4698","AB_2020","ESSFabC","ESSFabC/e","D5"
"4699","AB_2020","ESSFabC","ESSFabC/e","D4"
"4700","AB_2020","ESSFabC","ESSFabC/f","C6"
"4701","AB_2020","ESSFabC","ESSFabC/f","C5"
"4702","AB_2020","ESSFabC","ESSFabC/f","B6"
"4703","AB_2020","ESSFabC","ESSFabC/f","B5"
"4704","AB_2020","ESSFabC","ESSFabC/f","A6"
"4705","AB_2020","ESSFabC","ESSFabC/f","A5"
"4706","AB_2020","ESSFabC","ESSFabC/g","D7"
"4707","AB_2020","ESSFabC","ESSFabC/g","D6"
"4708","AB_2020","ESSFabC","ESSFabC/g","D5"
"4709","AB_2020","ESSFabC","ESSFabC/g","C6"
"4710","AB_2020","ESSFabC","ESSFabC/g","C5"
"4711","AB_2020","ESSFabC","ESSFabC/h","C7"
"4712","AB_2020","ESSFabC","ESSFabC/h","B7"
"4713","AB_2020","ESSFabC","ESSFabC/h","B6"
"4714","AB_2020","ESSFabC","ESSFabC/h","A7"
"4715","AB_2020","ESSFabC","ESSFabC/i","E7"
"4716","AB_2020","ESSFabC","ESSFabC/i","D7"
"4717","AB_2020","ESSFabC","ESSFabC/i","D6"
"4718","AB_2020","ESSFabC","ESSFabC/i","C7"
"4719","AB_2020","ESSFabC","ESSFabC/i","C6"
"4720","Add_2021","ESSFabC","ESSFabC/Ro","A0"
"4721","Add_2021","ESSFabC","ESSFabC/Ro","B0"
"4722","AB_2020","ESSFabE","ESSFabE/a","D2"
"4723","AB_2020","ESSFabE","ESSFabE/a","C2"
"4724","AB_2020","ESSFabE","ESSFabE/a","C1"
"4725","AB_2020","ESSFabE","ESSFabE/a","B2"
"4726","AB_2020","ESSFabE","ESSFabE/a","B1"
"4727","AB_2020","ESSFabE","ESSFabE/b","C2"
"4728","AB_2020","ESSFabE","ESSFabE/b","C1"
"4729","AB_2020","ESSFabE","ESSFabE/b","B3"
"4730","AB_2020","ESSFabE","ESSFabE/b","B2"
"4731","AB_2020","ESSFabE","ESSFabE/b","B1"
"4732","AB_2020","ESSFabE","ESSFabE/b","A2"
"4733","AB_2020","ESSFabE","ESSFabE/b","A1"
"4734","AB_2020","ESSFabE","ESSFabE/c","D4"
"4735","AB_2020","ESSFabE","ESSFabE/c","D3"
"4736","AB_2020","ESSFabE","ESSFabE/c","C4"
"4737","AB_2020","ESSFabE","ESSFabE/c","C3"
"4738","AB_2020","ESSFabE","ESSFabE/c","B3"
"4739","AB_2020","ESSFabE","ESSFabE/d","D4"
"4740","AB_2020","ESSFabE","ESSFabE/d","C4"
"4741","AB_2020","ESSFabE","ESSFabE/d","B4"
"4742","AB_2020","ESSFabE","ESSFabE/d","B3"
"4743","AB_2020","ESSFabE","ESSFabE/d","A4"
"4744","AB_2020","ESSFabE","ESSFabE/d","A3"
"4745","AB_2020","ESSFabE","ESSFabE/e","E6"
"4746","AB_2020","ESSFabE","ESSFabE/e","E5"
"4747","AB_2020","ESSFabE","ESSFabE/e","E4"
"4748","AB_2020","ESSFabE","ESSFabE/e","D6"
"4749","AB_2020","ESSFabE","ESSFabE/e","D5"
"4750","AB_2020","ESSFabE","ESSFabE/e","D4"
"4751","AB_2020","ESSFabE","ESSFabE/f","C6"
"4752","AB_2020","ESSFabE","ESSFabE/f","C5"
"4753","AB_2020","ESSFabE","ESSFabE/f","B6"
"4754","AB_2020","ESSFabE","ESSFabE/f","B5"
"4755","AB_2020","ESSFabE","ESSFabE/f","A6"
"4756","AB_2020","ESSFabE","ESSFabE/f","A5"
"4757","AB_2020","ESSFabE","ESSFabE/g","D7"
"4758","AB_2020","ESSFabE","ESSFabE/g","D6"
"4759","AB_2020","ESSFabE","ESSFabE/g","D5"
"4760","AB_2020","ESSFabE","ESSFabE/g","C6"
"4761","AB_2020","ESSFabE","ESSFabE/g","C5"
"4762","AB_2020","ESSFabE","ESSFabE/h","C7"
"4763","AB_2020","ESSFabE","ESSFabE/h","B7"
"4764","AB_2020","ESSFabE","ESSFabE/h","B6"
"4765","AB_2020","ESSFabE","ESSFabE/h","A7"
"4766","AB_2020","ESSFabE","ESSFabE/i","E7"
"4767","AB_2020","ESSFabE","ESSFabE/i","D7"
"4768","AB_2020","ESSFabE","ESSFabE/i","D6"
"4769","AB_2020","ESSFabE","ESSFabE/i","C7"
"4770","AB_2020","ESSFabE","ESSFabE/i","C6"
"4771","Add_2021","ESSFabE","ESSFabE/Ro","A0"
"4772","Add_2021","ESSFabE","ESSFabE/Ro","B0"
"4773","AB_2020","ESSFabN","ESSFabN/a","D2"
"4774","AB_2020","ESSFabN","ESSFabN/a","C2"
"4775","AB_2020","ESSFabN","ESSFabN/a","C1"
"4776","AB_2020","ESSFabN","ESSFabN/a","B2"
"4777","AB_2020","ESSFabN","ESSFabN/a","B1"
"4778","AB_2020","ESSFabN","ESSFabN/b","C2"
"4779","AB_2020","ESSFabN","ESSFabN/b","C1"
"4780","AB_2020","ESSFabN","ESSFabN/b","B3"
"4781","AB_2020","ESSFabN","ESSFabN/b","B2"
"4782","AB_2020","ESSFabN","ESSFabN/b","B1"
"4783","AB_2020","ESSFabN","ESSFabN/b","A2"
"4784","AB_2020","ESSFabN","ESSFabN/b","A1"
"4785","AB_2020","ESSFabN","ESSFabN/c","D4"
"4786","AB_2020","ESSFabN","ESSFabN/c","D3"
"4787","AB_2020","ESSFabN","ESSFabN/c","C4"
"4788","AB_2020","ESSFabN","ESSFabN/c","C3"
"4789","AB_2020","ESSFabN","ESSFabN/c","B3"
"4790","AB_2020","ESSFabN","ESSFabN/d","D4"
"4791","AB_2020","ESSFabN","ESSFabN/d","C4"
"4792","AB_2020","ESSFabN","ESSFabN/d","B4"
"4793","AB_2020","ESSFabN","ESSFabN/d","B3"
"4794","AB_2020","ESSFabN","ESSFabN/d","A4"
"4795","AB_2020","ESSFabN","ESSFabN/d","A3"
"4796","AB_2020","ESSFabN","ESSFabN/e","E6"
"4797","AB_2020","ESSFabN","ESSFabN/e","E5"
"4798","AB_2020","ESSFabN","ESSFabN/e","E4"
"4799","AB_2020","ESSFabN","ESSFabN/e","D6"
"4800","AB_2020","ESSFabN","ESSFabN/e","D5"
"4801","AB_2020","ESSFabN","ESSFabN/e","D4"
"4802","AB_2020","ESSFabN","ESSFabN/f","C6"
"4803","AB_2020","ESSFabN","ESSFabN/f","C5"
"4804","AB_2020","ESSFabN","ESSFabN/f","B6"
"4805","AB_2020","ESSFabN","ESSFabN/f","B5"
"4806","AB_2020","ESSFabN","ESSFabN/f","A6"
"4807","AB_2020","ESSFabN","ESSFabN/f","A5"
"4808","AB_2020","ESSFabN","ESSFabN/g","D7"
"4809","AB_2020","ESSFabN","ESSFabN/g","D6"
"4810","AB_2020","ESSFabN","ESSFabN/g","D5"
"4811","AB_2020","ESSFabN","ESSFabN/g","C6"
"4812","AB_2020","ESSFabN","ESSFabN/g","C5"
"4813","AB_2020","ESSFabN","ESSFabN/h","C7"
"4814","AB_2020","ESSFabN","ESSFabN/h","B7"
"4815","AB_2020","ESSFabN","ESSFabN/h","B6"
"4816","AB_2020","ESSFabN","ESSFabN/h","A7"
"4817","AB_2020","ESSFabN","ESSFabN/i","E7"
"4818","AB_2020","ESSFabN","ESSFabN/i","D7"
"4819","AB_2020","ESSFabN","ESSFabN/i","D6"
"4820","AB_2020","ESSFabN","ESSFabN/i","C7"
"4821","AB_2020","ESSFabN","ESSFabN/i","C6"
"4822","Add_2021","ESSFabN","ESSFabN/Ro","A0"
"4823","Add_2021","ESSFabN","ESSFabN/Ro","B0"
"4824","AB_2020","ESSFabS","ESSFabS/a","D2"
"4825","AB_2020","ESSFabS","ESSFabS/a","C2"
"4826","AB_2020","ESSFabS","ESSFabS/a","C1"
"4827","AB_2020","ESSFabS","ESSFabS/a","B2"
"4828","AB_2020","ESSFabS","ESSFabS/a","B1"
"4829","AB_2020","ESSFabS","ESSFabS/b","C2"
"4830","AB_2020","ESSFabS","ESSFabS/b","C1"
"4831","AB_2020","ESSFabS","ESSFabS/b","B3"
"4832","AB_2020","ESSFabS","ESSFabS/b","B2"
"4833","AB_2020","ESSFabS","ESSFabS/b","B1"
"4834","AB_2020","ESSFabS","ESSFabS/b","A2"
"4835","AB_2020","ESSFabS","ESSFabS/b","A1"
"4836","AB_2020","ESSFabS","ESSFabS/c","D4"
"4837","AB_2020","ESSFabS","ESSFabS/c","D3"
"4838","AB_2020","ESSFabS","ESSFabS/c","C4"
"4839","AB_2020","ESSFabS","ESSFabS/c","C3"
"4840","AB_2020","ESSFabS","ESSFabS/c","B3"
"4841","AB_2020","ESSFabS","ESSFabS/d","D4"
"4842","AB_2020","ESSFabS","ESSFabS/d","C4"
"4843","AB_2020","ESSFabS","ESSFabS/d","B4"
"4844","AB_2020","ESSFabS","ESSFabS/d","B3"
"4845","AB_2020","ESSFabS","ESSFabS/d","A4"
"4846","AB_2020","ESSFabS","ESSFabS/d","A3"
"4847","AB_2020","ESSFabS","ESSFabS/e","E6"
"4848","AB_2020","ESSFabS","ESSFabS/e","E5"
"4849","AB_2020","ESSFabS","ESSFabS/e","E4"
"4850","AB_2020","ESSFabS","ESSFabS/e","D6"
"4851","AB_2020","ESSFabS","ESSFabS/e","D5"
"4852","AB_2020","ESSFabS","ESSFabS/e","D4"
"4853","AB_2020","ESSFabS","ESSFabS/f","C6"
"4854","AB_2020","ESSFabS","ESSFabS/f","C5"
"4855","AB_2020","ESSFabS","ESSFabS/f","B6"
"4856","AB_2020","ESSFabS","ESSFabS/f","B5"
"4857","AB_2020","ESSFabS","ESSFabS/f","A6"
"4858","AB_2020","ESSFabS","ESSFabS/f","A5"
"4859","AB_2020","ESSFabS","ESSFabS/g","D7"
"4860","AB_2020","ESSFabS","ESSFabS/g","D6"
"4861","AB_2020","ESSFabS","ESSFabS/g","D5"
"4862","AB_2020","ESSFabS","ESSFabS/g","C6"
"4863","AB_2020","ESSFabS","ESSFabS/g","C5"
"4864","AB_2020","ESSFabS","ESSFabS/h","C7"
"4865","AB_2020","ESSFabS","ESSFabS/h","B7"
"4866","AB_2020","ESSFabS","ESSFabS/h","B6"
"4867","AB_2020","ESSFabS","ESSFabS/h","A7"
"4868","AB_2020","ESSFabS","ESSFabS/i","E7"
"4869","AB_2020","ESSFabS","ESSFabS/i","D7"
"4870","AB_2020","ESSFabS","ESSFabS/i","D6"
"4871","AB_2020","ESSFabS","ESSFabS/i","C7"
"4872","AB_2020","ESSFabS","ESSFabS/i","C6"
"4873","Add_2021","ESSFabS","ESSFabS/Ro","A0"
"4874","Add_2021","ESSFabS","ESSFabS/Ro","B0"
"4875","BECv10","ESSFdc1","ESSFdc1/101","D4"
"4876","BECv10","ESSFdc1","ESSFdc1/101","C4"
"4877","BECv10","ESSFdc1","ESSFdc1/101","C3"
"4878","BECv10","ESSFdc1","ESSFdc1/101","B4"
"4879","BECv10","ESSFdc1","ESSFdc1/102","B1"
"4880","BECv10","ESSFdc1","ESSFdc1/102","A1"
"4881","BECv10","ESSFdc1","ESSFdc1/103","A2"
"4882","BECv10","ESSFdc1","ESSFdc1/103","B2"
"4883","BECv10","ESSFdc1","ESSFdc1/103","C2"
"4884","BECv10","ESSFdc1","ESSFdc1/104","C2"
"4885","BECv10","ESSFdc1","ESSFdc1/104","C3"
"4886","BECv10","ESSFdc1","ESSFdc1/104","B4"
"4887","BECv10","ESSFdc1","ESSFdc1/104","B3"
"4888","BECv10","ESSFdc1","ESSFdc1/110","D5"
"4889","BECv10","ESSFdc1","ESSFdc1/110","D4"
"4890","BECv10","ESSFdc1","ESSFdc1/110","C5"
"4891","BECv10","ESSFdc1","ESSFdc1/111","E6"
"4892","BECv10","ESSFdc1","ESSFdc1/111","E5"
"4893","BECv10","ESSFdc1","ESSFdc1/111","D6"
"4894","BECv10","ESSFdc1","ESSFdc1/111","D5"
"4895","BECv10","ESSFdc1","ESSFdc1/111","C6"
"4896","BECv10","ESSFdc1","ESSFdc1/111","C5"
"4897","BECv10","ESSFdc1","ESSFdc1/112","E6"
"4898","BECv10","ESSFdc1","ESSFdc1/112","D6"
"4899","BECv10","ESSFdc1","ESSFdc1/112","C6"
"4900","BECv10","ESSFdc1","ESSFdc1/112","E7"
"4901","BECv10","ESSFdc1","ESSFdc1/112","D7"
"4902","BECv10","ESSFdc1","ESSFdc1/112","C7"
"4903","Add_2021","ESSFdc1","ESSFdc1/Ro","A0"
"4904","Add_2021","ESSFdc1","ESSFdc1/Ro","B0"
"4905","BECv12","ESSFdc2","ESSFdc2/101","D4"
"4906","BECv12","ESSFdc2","ESSFdc2/101","D3"
"4907","BECv12","ESSFdc2","ESSFdc2/101","C4"
"4908","BECv12","ESSFdc2","ESSFdc2/101","C3"
"4909","BECv12","ESSFdc2","ESSFdc2/101","B4"
"4910","BECv12","ESSFdc2","ESSFdc2/101","B3"
"4911","BECv12","ESSFdc2","ESSFdc2/102","C1"
"4912","BECv12","ESSFdc2","ESSFdc2/102","B1"
"4913","BECv12","ESSFdc2","ESSFdc2/102","A1"
"4914","BECv12","ESSFdc2","ESSFdc2/103","C3"
"4915","BECv12","ESSFdc2","ESSFdc2/103","C2"
"4916","BECv12","ESSFdc2","ESSFdc2/103","B3"
"4917","BECv12","ESSFdc2","ESSFdc2/103","B2"
"4918","BECv12","ESSFdc2","ESSFdc2/104","C3"
"4919","BECv12","ESSFdc2","ESSFdc2/104","C2"
"4920","BECv12","ESSFdc2","ESSFdc2/104","C1"
"4921","BECv12","ESSFdc2","ESSFdc2/104","B3"
"4922","BECv12","ESSFdc2","ESSFdc2/104","B2"
"4923","BECv12","ESSFdc2","ESSFdc2/104","B1"
"4924","BECv12","ESSFdc2","ESSFdc2/104","A1"
"4925","BECv12","ESSFdc2","ESSFdc2/110","E6"
"4926","BECv12","ESSFdc2","ESSFdc2/110","E5"
"4927","BECv12","ESSFdc2","ESSFdc2/110","D6"
"4928","BECv12","ESSFdc2","ESSFdc2/110","D5"
"4929","BECv12","ESSFdc2","ESSFdc2/110","C6"
"4930","BECv12","ESSFdc2","ESSFdc2/110","C5"
"4931","BECv12","ESSFdc2","ESSFdc2/111","E7"
"4932","BECv12","ESSFdc2","ESSFdc2/111","E6"
"4933","BECv12","ESSFdc2","ESSFdc2/111","D7"
"4934","BECv12","ESSFdc2","ESSFdc2/111","D6"
"4935","BECv12","ESSFdc2","ESSFdc2/111","C7"
"4936","BECv12","ESSFdc2","ESSFdc2/111","C6"
"4937","BECv12","ESSFdc2","ESSFdc2/112","E7"
"4938","BECv12","ESSFdc2","ESSFdc2/112","D7"
"4939","BECv12","ESSFdc2","ESSFdc2/112","C7"
"4940","BECv12","ESSFdc2","ESSFdc2/112","B7"
"4941","Add_2021","ESSFdc2","ESSFdc2/Ro","A0"
"4942","Add_2021","ESSFdc2","ESSFdc2/Ro","B0"
"4943","BECv10","ESSFdc3","ESSFdc3/01","D4"
"4944","BECv10","ESSFdc3","ESSFdc3/01","D3"
"4945","BECv10","ESSFdc3","ESSFdc3/01","C4"
"4946","BECv10","ESSFdc3","ESSFdc3/01","C3"
"4947","BECv10","ESSFdc3","ESSFdc3/01","B4"
"4948","BECv10","ESSFdc3","ESSFdc3/01","B3"
"4949","BECv10","ESSFdc3","ESSFdc3/02","D1"
"4950","BECv10","ESSFdc3","ESSFdc3/02","D0"
"4951","BECv10","ESSFdc3","ESSFdc3/02","C1"
"4952","BECv10","ESSFdc3","ESSFdc3/02","C0"
"4953","BECv10","ESSFdc3","ESSFdc3/02","B1"
"4954","BECv10","ESSFdc3","ESSFdc3/02","B0"
"4955","BECv10","ESSFdc3","ESSFdc3/02","A1"
"4956","BECv10","ESSFdc3","ESSFdc3/02","A0"
"4957","BECv10","ESSFdc3","ESSFdc3/03","D3"
"4958","BECv10","ESSFdc3","ESSFdc3/03","D2"
"4959","BECv10","ESSFdc3","ESSFdc3/03","D1"
"4960","BECv10","ESSFdc3","ESSFdc3/03","C3"
"4961","BECv10","ESSFdc3","ESSFdc3/03","C2"
"4962","BECv10","ESSFdc3","ESSFdc3/03","C1"
"4963","BECv10","ESSFdc3","ESSFdc3/03","B3"
"4964","BECv10","ESSFdc3","ESSFdc3/03","B2"
"4965","BECv10","ESSFdc3","ESSFdc3/03","B1"
"4966","BECv10","ESSFdc3","ESSFdc3/05","C4"
"4967","BECv10","ESSFdc3","ESSFdc3/05","C3"
"4968","BECv10","ESSFdc3","ESSFdc3/05","C2"
"4969","BECv10","ESSFdc3","ESSFdc3/05","C1"
"4970","BECv10","ESSFdc3","ESSFdc3/05","B4"
"4971","BECv10","ESSFdc3","ESSFdc3/05","B3"
"4972","BECv10","ESSFdc3","ESSFdc3/05","B2"
"4973","BECv10","ESSFdc3","ESSFdc3/05","B1"
"4974","BECv10","ESSFdc3","ESSFdc3/05","A4"
"4975","BECv10","ESSFdc3","ESSFdc3/05","A3"
"4976","BECv10","ESSFdc3","ESSFdc3/05","A2"
"4977","BECv10","ESSFdc3","ESSFdc3/05","A1"
"4978","BECv10","ESSFdc3","ESSFdc3/06","E5"
"4979","BECv10","ESSFdc3","ESSFdc3/06","E4"
"4980","BECv10","ESSFdc3","ESSFdc3/06","D5"
"4981","BECv10","ESSFdc3","ESSFdc3/06","D4"
"4982","BECv10","ESSFdc3","ESSFdc3/06","C5"
"4983","BECv10","ESSFdc3","ESSFdc3/06","C4"
"4984","BECv10","ESSFdc3","ESSFdc3/06","B5"
"4985","BECv10","ESSFdc3","ESSFdc3/06","B4"
"4986","BECv10","ESSFdc3","ESSFdc3/07","E6"
"4987","BECv10","ESSFdc3","ESSFdc3/07","E5"
"4988","BECv10","ESSFdc3","ESSFdc3/07","D6"
"4989","BECv10","ESSFdc3","ESSFdc3/07","D5"
"4990","BECv10","ESSFdc3","ESSFdc3/07","C6"
"4991","BECv10","ESSFdc3","ESSFdc3/07","C5"
"4992","BECv10","ESSFdc3","ESSFdc3/07","B6"
"4993","BECv10","ESSFdc3","ESSFdc3/07","B5"
"4994","BECv10","ESSFdc3","ESSFdc3/08","E6"
"4995","BECv10","ESSFdc3","ESSFdc3/08","E5"
"4996","BECv10","ESSFdc3","ESSFdc3/08","D6"
"4997","BECv10","ESSFdc3","ESSFdc3/08","D5"
"4998","BECv10","ESSFdc3","ESSFdc3/08","C6"
"4999","BECv10","ESSFdc3","ESSFdc3/08","C5"
"5000","BECv10","ESSFdc3","ESSFdc3/09","D7"
"5001","BECv10","ESSFdc3","ESSFdc3/09","C7"
"5002","BECv10","ESSFdc3","ESSFdc3/09","B7"
"5003","BECv10","ESSFdcp","ESSFdcp/00","E7"
"5004","BECv10","ESSFdcp","ESSFdcp/00","E6"
"5005","BECv10","ESSFdcp","ESSFdcp/00","E5"
"5006","BECv10","ESSFdcp","ESSFdcp/00","E4"
"5007","BECv10","ESSFdcp","ESSFdcp/00","E3"
"5008","BECv10","ESSFdcp","ESSFdcp/00","E2"
"5009","BECv10","ESSFdcp","ESSFdcp/00","E1"
"5010","BECv10","ESSFdcp","ESSFdcp/00","E0"
"5011","BECv10","ESSFdcp","ESSFdcp/00","D7"
"5012","BECv10","ESSFdcp","ESSFdcp/00","D6"
"5013","BECv10","ESSFdcp","ESSFdcp/00","D5"
"5014","BECv10","ESSFdcp","ESSFdcp/00","D4"
"5015","BECv10","ESSFdcp","ESSFdcp/00","D3"
"5016","BECv10","ESSFdcp","ESSFdcp/00","D2"
"5017","BECv10","ESSFdcp","ESSFdcp/00","D1"
"5018","BECv10","ESSFdcp","ESSFdcp/00","D0"
"5019","BECv10","ESSFdcp","ESSFdcp/00","C7"
"5020","BECv10","ESSFdcp","ESSFdcp/00","C6"
"5021","BECv10","ESSFdcp","ESSFdcp/00","C5"
"5022","BECv10","ESSFdcp","ESSFdcp/00","C4"
"5023","BECv10","ESSFdcp","ESSFdcp/00","C3"
"5024","BECv10","ESSFdcp","ESSFdcp/00","C2"
"5025","BECv10","ESSFdcp","ESSFdcp/00","C1"
"5026","BECv10","ESSFdcp","ESSFdcp/00","C0"
"5027","BECv10","ESSFdcp","ESSFdcp/00","B7"
"5028","BECv10","ESSFdcp","ESSFdcp/00","B6"
"5029","BECv10","ESSFdcp","ESSFdcp/00","B5"
"5030","BECv10","ESSFdcp","ESSFdcp/00","B4"
"5031","BECv10","ESSFdcp","ESSFdcp/00","B3"
"5032","BECv10","ESSFdcp","ESSFdcp/00","B2"
"5033","BECv10","ESSFdcp","ESSFdcp/00","B1"
"5034","BECv10","ESSFdcp","ESSFdcp/00","B0"
"5035","BECv10","ESSFdcp","ESSFdcp/00","A7"
"5036","BECv10","ESSFdcp","ESSFdcp/00","A6"
"5037","BECv10","ESSFdcp","ESSFdcp/00","A5"
"5038","BECv10","ESSFdcp","ESSFdcp/00","A4"
"5039","BECv10","ESSFdcp","ESSFdcp/00","A3"
"5040","BECv10","ESSFdcp","ESSFdcp/00","A2"
"5041","BECv10","ESSFdcp","ESSFdcp/00","A1"
"5042","BECv10","ESSFdcp","ESSFdcp/00","A0"
"5043","BECv10","ESSFdcw","ESSFdcw/101","D4"
"5044","BECv10","ESSFdcw","ESSFdcw/101","C4"
"5045","BECv10","ESSFdcw","ESSFdcw/101","C3"
"5046","BECv10","ESSFdcw","ESSFdcw/101","B4"
"5047","BECv10","ESSFdcw","ESSFdcw/102","B2"
"5048","BECv10","ESSFdcw","ESSFdcw/102","B1"
"5049","BECv10","ESSFdcw","ESSFdcw/102","A2"
"5050","BECv10","ESSFdcw","ESSFdcw/102","A1"
"5051","BECv10","ESSFdcw","ESSFdcw/103","C3"
"5052","BECv10","ESSFdcw","ESSFdcw/103","B4"
"5053","BECv10","ESSFdcw","ESSFdcw/103","B3"
"5054","BECv10","ESSFdcw","ESSFdcw/110","D6"
"5055","BECv10","ESSFdcw","ESSFdcw/110","D5"
"5056","BECv10","ESSFdcw","ESSFdcw/110","D4"
"5057","BECv10","ESSFdcw","ESSFdcw/110","C6"
"5058","BECv10","ESSFdcw","ESSFdcw/110","C5"
"5059","Add_2021","ESSFdcw","ESSFdcw/Ro","A0"
"5060","Add_2021","ESSFdcw","ESSFdcw/Ro","B0"
"5061","USA_2019","ESSFdh_WA","ESSFdh_WA/101","D4"
"5062","USA_2019","ESSFdh_WA","ESSFdh_WA/101","D3"
"5063","USA_2019","ESSFdh_WA","ESSFdh_WA/101","C4"
"5064","USA_2019","ESSFdh_WA","ESSFdh_WA/101","C3"
"5065","USA_2019","ESSFdh_WA","ESSFdh_WA/101","B4"
"5066","USA_2019","ESSFdh_WA","ESSFdh_WA/101","B3"
"5067","USA_2019","ESSFdh_WA","ESSFdh_WA/102","D1"
"5068","USA_2019","ESSFdh_WA","ESSFdh_WA/102","C1"
"5069","USA_2019","ESSFdh_WA","ESSFdh_WA/102","B1"
"5070","USA_2019","ESSFdh_WA","ESSFdh_WA/102","A1"
"5071","USA_2019","ESSFdh_WA","ESSFdh_WA/103","D2"
"5072","USA_2019","ESSFdh_WA","ESSFdh_WA/103","C2"
"5073","USA_2019","ESSFdh_WA","ESSFdh_WA/103","B2"
"5074","USA_2019","ESSFdh_WA","ESSFdh_WA/103","A2"
"5075","USA_2019","ESSFdh_WA","ESSFdh_WA/110","E5"
"5076","USA_2019","ESSFdh_WA","ESSFdh_WA/110","D5"
"5077","USA_2019","ESSFdh_WA","ESSFdh_WA/110","C5"
"5078","USA_2019","ESSFdh_WA","ESSFdh_WA/110","B5"
"5079","USA_2019","ESSFdh_WA","ESSFdh_WA/111","E6"
"5080","USA_2019","ESSFdh_WA","ESSFdh_WA/111","D6"
"5081","USA_2019","ESSFdh_WA","ESSFdh_WA/111","C6"
"5082","USA_2019","ESSFdh_WA","ESSFdh_WA/111","B6"
"5083","Add_2021","ESSFdh_WA","ESSFdh_WA/Ro","A0"
"5084","Add_2021","ESSFdh_WA","ESSFdh_WA/Ro","B0"
"5085","BECv12","ESSFdh1","ESSFdh1/101","D4"
"5086","BECv12","ESSFdh1","ESSFdh1/101","D3"
"5087","BECv12","ESSFdh1","ESSFdh1/101","C4"
"5088","BECv12","ESSFdh1","ESSFdh1/101","C3"
"5089","BECv12","ESSFdh1","ESSFdh1/101","B4"
"5090","BECv12","ESSFdh1","ESSFdh1/101","B3"
"5091","BECv12","ESSFdh1","ESSFdh1/102","C1"
"5092","BECv12","ESSFdh1","ESSFdh1/102","C0"
"5093","BECv12","ESSFdh1","ESSFdh1/102","B1"
"5094","BECv12","ESSFdh1","ESSFdh1/102","B0"
"5095","BECv12","ESSFdh1","ESSFdh1/102","A1"
"5096","BECv12","ESSFdh1","ESSFdh1/102","A0"
"5097","BECv12","ESSFdh1","ESSFdh1/103","C2"
"5098","BECv12","ESSFdh1","ESSFdh1/103","B2"
"5099","BECv12","ESSFdh1","ESSFdh1/103","A2"
"5100","BECv12","ESSFdh1","ESSFdh1/104","D3"
"5101","BECv12","ESSFdh1","ESSFdh1/104","D2"
"5102","BECv12","ESSFdh1","ESSFdh1/104","C3"
"5103","BECv12","ESSFdh1","ESSFdh1/104","C2"
"5104","BECv12","ESSFdh1","ESSFdh1/104","B3"
"5105","BECv12","ESSFdh1","ESSFdh1/104","B2"
"5106","BECv12","ESSFdh1","ESSFdh1/110","E5"
"5107","BECv12","ESSFdh1","ESSFdh1/110","D5"
"5108","BECv12","ESSFdh1","ESSFdh1/110","C5"
"5109","BECv12","ESSFdh1","ESSFdh1/111","E7"
"5110","BECv12","ESSFdh1","ESSFdh1/111","E6"
"5111","BECv12","ESSFdh1","ESSFdh1/111","D7"
"5112","BECv12","ESSFdh1","ESSFdh1/111","D6"
"5113","BECv12","ESSFdh1","ESSFdh1/111","C7"
"5114","BECv12","ESSFdh1","ESSFdh1/111","C6"
"5115","BECv12","ESSFdh2","ESSFdh2/01","D4"
"5116","BECv12","ESSFdh2","ESSFdh2/01","D3"
"5117","BECv12","ESSFdh2","ESSFdh2/01","C4"
"5118","BECv12","ESSFdh2","ESSFdh2/01","C3"
"5119","BECv12","ESSFdh2","ESSFdh2/01","B4"
"5120","BECv12","ESSFdh2","ESSFdh2/01","B3"
"5121","BECv12","ESSFdh2","ESSFdh2/01","A4"
"5122","BECv12","ESSFdh2","ESSFdh2/01","A3"
"5123","BECv12","ESSFdh2","ESSFdh2/02","D1"
"5124","BECv12","ESSFdh2","ESSFdh2/02","D0"
"5125","BECv12","ESSFdh2","ESSFdh2/02","C1"
"5126","BECv12","ESSFdh2","ESSFdh2/02","C0"
"5127","BECv12","ESSFdh2","ESSFdh2/02","B1"
"5128","BECv12","ESSFdh2","ESSFdh2/02","B0"
"5129","BECv12","ESSFdh2","ESSFdh2/02","A1"
"5130","BECv12","ESSFdh2","ESSFdh2/02","A0"
"5131","BECv12","ESSFdh2","ESSFdh2/03","D3"
"5132","BECv12","ESSFdh2","ESSFdh2/03","D2"
"5133","BECv12","ESSFdh2","ESSFdh2/03","D1"
"5134","BECv12","ESSFdh2","ESSFdh2/03","C3"
"5135","BECv12","ESSFdh2","ESSFdh2/03","C2"
"5136","BECv12","ESSFdh2","ESSFdh2/03","C1"
"5137","BECv12","ESSFdh2","ESSFdh2/03","B3"
"5138","BECv12","ESSFdh2","ESSFdh2/03","B2"
"5139","BECv12","ESSFdh2","ESSFdh2/03","B1"
"5140","BECv12","ESSFdh2","ESSFdh2/03","A3"
"5141","BECv12","ESSFdh2","ESSFdh2/03","A2"
"5142","BECv12","ESSFdh2","ESSFdh2/03","A1"
"5143","BECv12","ESSFdh2","ESSFdh2/04","C4"
"5144","BECv12","ESSFdh2","ESSFdh2/04","C3"
"5145","BECv12","ESSFdh2","ESSFdh2/04","C2"
"5146","BECv12","ESSFdh2","ESSFdh2/04","B4"
"5147","BECv12","ESSFdh2","ESSFdh2/04","B3"
"5148","BECv12","ESSFdh2","ESSFdh2/04","B2"
"5149","BECv12","ESSFdh2","ESSFdh2/04","A4"
"5150","BECv12","ESSFdh2","ESSFdh2/04","A3"
"5151","BECv12","ESSFdh2","ESSFdh2/04","A2"
"5152","BECv12","ESSFdh2","ESSFdh2/05","C5"
"5153","BECv12","ESSFdh2","ESSFdh2/05","C4"
"5154","BECv12","ESSFdh2","ESSFdh2/05","B5"
"5155","BECv12","ESSFdh2","ESSFdh2/05","B4"
"5156","BECv12","ESSFdh2","ESSFdh2/05","A5"
"5157","BECv12","ESSFdh2","ESSFdh2/05","A4"
"5158","BECv12","ESSFdh2","ESSFdh2/06","E6"
"5159","BECv12","ESSFdh2","ESSFdh2/06","E5"
"5160","BECv12","ESSFdh2","ESSFdh2/06","E4"
"5161","BECv12","ESSFdh2","ESSFdh2/06","D6"
"5162","BECv12","ESSFdh2","ESSFdh2/06","D5"
"5163","BECv12","ESSFdh2","ESSFdh2/06","D4"
"5164","BECv12","ESSFdh2","ESSFdh2/06","C6"
"5165","BECv12","ESSFdh2","ESSFdh2/06","C5"
"5166","BECv12","ESSFdh2","ESSFdh2/06","C4"
"5167","BECv12","ESSFdh2","ESSFdh2/07","E7"
"5168","BECv12","ESSFdh2","ESSFdh2/07","E6"
"5169","BECv12","ESSFdh2","ESSFdh2/07","E5"
"5170","BECv12","ESSFdh2","ESSFdh2/07","D7"
"5171","BECv12","ESSFdh2","ESSFdh2/07","D6"
"5172","BECv12","ESSFdh2","ESSFdh2/07","D5"
"5173","BECv12","ESSFdh2","ESSFdh2/08","E7"
"5174","BECv12","ESSFdh2","ESSFdh2/08","E6"
"5175","BECv12","ESSFdh2","ESSFdh2/08","D7"
"5176","BECv12","ESSFdh2","ESSFdh2/08","D6"
"5177","BECv12","ESSFdh2","ESSFdh2/08","C7"
"5178","BECv12","ESSFdh2","ESSFdh2/08","C6"
"5179","USA_2019","ESSFdk_MT","ESSFdk_MT/101","D4"
"5180","USA_2019","ESSFdk_MT","ESSFdk_MT/101","D3"
"5181","USA_2019","ESSFdk_MT","ESSFdk_MT/101","C4"
"5182","USA_2019","ESSFdk_MT","ESSFdk_MT/101","C3"
"5183","USA_2019","ESSFdk_MT","ESSFdk_MT/101","B4"
"5184","USA_2019","ESSFdk_MT","ESSFdk_MT/101","B3"
"5185","USA_2019","ESSFdk_MT","ESSFdk_MT/102","D2"
"5186","USA_2019","ESSFdk_MT","ESSFdk_MT/102","D1"
"5187","USA_2019","ESSFdk_MT","ESSFdk_MT/102","C2"
"5188","USA_2019","ESSFdk_MT","ESSFdk_MT/102","C1"
"5189","USA_2019","ESSFdk_MT","ESSFdk_MT/102","B2"
"5190","USA_2019","ESSFdk_MT","ESSFdk_MT/102","B1"
"5191","USA_2019","ESSFdk_MT","ESSFdk_MT/102","A2"
"5192","USA_2019","ESSFdk_MT","ESSFdk_MT/102","A1"
"5193","USA_2019","ESSFdk_MT","ESSFdk_MT/110","E5"
"5194","USA_2019","ESSFdk_MT","ESSFdk_MT/110","D5"
"5195","USA_2019","ESSFdk_MT","ESSFdk_MT/110","C5"
"5196","USA_2019","ESSFdk_MT","ESSFdk_MT/110","B5"
"5197","USA_2019","ESSFdk_MT","ESSFdk_MT/111","E6"
"5198","USA_2019","ESSFdk_MT","ESSFdk_MT/111","D6"
"5199","USA_2019","ESSFdk_MT","ESSFdk_MT/111","C6"
"5200","USA_2019","ESSFdk_MT","ESSFdk_MT/111","B6"
"5201","Add_2021","ESSFdk_MT","ESSFdk_MT/Ro","A0"
"5202","Add_2021","ESSFdk_MT","ESSFdk_MT/Ro","B0"
"5203","BECv11","ESSFdk1","ESSFdk1/101","D4"
"5204","BECv11","ESSFdk1","ESSFdk1/101","C4"
"5205","BECv11","ESSFdk1","ESSFdk1/101","B4"
"5206","BECv11","ESSFdk1","ESSFdk1/102","C1"
"5207","BECv11","ESSFdk1","ESSFdk1/102","B2"
"5208","BECv11","ESSFdk1","ESSFdk1/102","B1"
"5209","BECv11","ESSFdk1","ESSFdk1/102","A2"
"5210","BECv11","ESSFdk1","ESSFdk1/102","A1"
"5211","BECv11","ESSFdk1","ESSFdk1/103","D2"
"5212","BECv11","ESSFdk1","ESSFdk1/103","C2"
"5213","BECv11","ESSFdk1","ESSFdk1/103","B2"
"5214","BECv11","ESSFdk1","ESSFdk1/104","D3"
"5215","BECv11","ESSFdk1","ESSFdk1/104","D2"
"5216","BECv11","ESSFdk1","ESSFdk1/104","C3"
"5217","BECv11","ESSFdk1","ESSFdk1/104","B3"
"5218","BECv11","ESSFdk1","ESSFdk1/110","E5"
"5219","BECv11","ESSFdk1","ESSFdk1/110","D5"
"5220","BECv11","ESSFdk1","ESSFdk1/110","C5"
"5221","BECv11","ESSFdk1","ESSFdk1/111","E7"
"5222","BECv11","ESSFdk1","ESSFdk1/111","E6"
"5223","BECv11","ESSFdk1","ESSFdk1/111","D7"
"5224","BECv11","ESSFdk1","ESSFdk1/111","D6"
"5225","BECv11","ESSFdk1","ESSFdk1/111","C7"
"5226","BECv11","ESSFdk1","ESSFdk1/111","C6"
"5227","BECv11","ESSFdk1","ESSFdk1/111a","E7"
"5228","BECv11","ESSFdk1","ESSFdk1/111a","E6"
"5229","BECv11","ESSFdk1","ESSFdk1/111a","D6"
"5230","BECv11","ESSFdk1","ESSFdk1/111b","E7"
"5231","BECv11","ESSFdk1","ESSFdk1/111b","D7"
"5232","BECv11","ESSFdk1","ESSFdk1/111b","C7"
"5233","BECv11","ESSFdk1","ESSFdk1/111b","C6"
"5234","BECv11","ESSFdk1","ESSFdk1/Ro","C0"
"5235","BECv11","ESSFdk1","ESSFdk1/Ro","B0"
"5236","BECv11","ESSFdk1","ESSFdk1/Ro","A0"
"5237","BECv11","ESSFdk2","ESSFdk2/101","D4"
"5238","BECv11","ESSFdk2","ESSFdk2/101","D3"
"5239","BECv11","ESSFdk2","ESSFdk2/101","C4"
"5240","BECv11","ESSFdk2","ESSFdk2/102","C1"
"5241","BECv11","ESSFdk2","ESSFdk2/102","B1"
"5242","BECv11","ESSFdk2","ESSFdk2/102","A1"
"5243","BECv11","ESSFdk2","ESSFdk2/103","D2"
"5244","BECv11","ESSFdk2","ESSFdk2/103","C2"
"5245","BECv11","ESSFdk2","ESSFdk2/103","B3"
"5246","BECv11","ESSFdk2","ESSFdk2/103","B2"
"5247","BECv11","ESSFdk2","ESSFdk2/104","D3"
"5248","BECv11","ESSFdk2","ESSFdk2/104","D2"
"5249","BECv11","ESSFdk2","ESSFdk2/104","C3"
"5250","BECv11","ESSFdk2","ESSFdk2/104","B4"
"5251","BECv11","ESSFdk2","ESSFdk2/104","B3"
"5252","BECv11","ESSFdk2","ESSFdk2/110","D5"
"5253","BECv11","ESSFdk2","ESSFdk2/110","C5"
"5254","BECv11","ESSFdk2","ESSFdk2/111","E5"
"5255","BECv11","ESSFdk2","ESSFdk2/111","D5"
"5256","BECv11","ESSFdk2","ESSFdk2/111","C5"
"5257","BECv11","ESSFdk2","ESSFdk2/112","E7"
"5258","BECv11","ESSFdk2","ESSFdk2/112","E6"
"5259","BECv11","ESSFdk2","ESSFdk2/112","D7"
"5260","BECv11","ESSFdk2","ESSFdk2/112","D6"
"5261","BECv11","ESSFdk2","ESSFdk2/112","C7"
"5262","BECv11","ESSFdk2","ESSFdk2/112","C6"
"5263","BECv11","ESSFdk2","ESSFdk2/112a","E7"
"5264","BECv11","ESSFdk2","ESSFdk2/112a","E6"
"5265","BECv11","ESSFdk2","ESSFdk2/112a","D6"
"5266","BECv11","ESSFdk2","ESSFdk2/112b","E7"
"5267","BECv11","ESSFdk2","ESSFdk2/112b","D7"
"5268","BECv11","ESSFdk2","ESSFdk2/112b","C7"
"5269","BECv11","ESSFdk2","ESSFdk2/112b","C6"
"5270","BECv11","ESSFdk2","ESSFdk2/Ro","D0"
"5271","BECv11","ESSFdk2","ESSFdk2/Ro","C0"
"5272","BECv11","ESSFdk2","ESSFdk2/Ro","B0"
"5273","BECv11","ESSFdk2","ESSFdk2/Ro","A0"
"5274","BECv10","ESSFdkp","ESSFdkp/00","E7"
"5275","BECv10","ESSFdkp","ESSFdkp/00","E6"
"5276","BECv10","ESSFdkp","ESSFdkp/00","E5"
"5277","BECv10","ESSFdkp","ESSFdkp/00","E4"
"5278","BECv10","ESSFdkp","ESSFdkp/00","E3"
"5279","BECv10","ESSFdkp","ESSFdkp/00","E2"
"5280","BECv10","ESSFdkp","ESSFdkp/00","E1"
"5281","BECv10","ESSFdkp","ESSFdkp/00","E0"
"5282","BECv10","ESSFdkp","ESSFdkp/00","D7"
"5283","BECv10","ESSFdkp","ESSFdkp/00","D6"
"5284","BECv10","ESSFdkp","ESSFdkp/00","D5"
"5285","BECv10","ESSFdkp","ESSFdkp/00","D4"
"5286","BECv10","ESSFdkp","ESSFdkp/00","D3"
"5287","BECv10","ESSFdkp","ESSFdkp/00","D2"
"5288","BECv10","ESSFdkp","ESSFdkp/00","D1"
"5289","BECv10","ESSFdkp","ESSFdkp/00","D0"
"5290","BECv10","ESSFdkp","ESSFdkp/00","C7"
"5291","BECv10","ESSFdkp","ESSFdkp/00","C6"
"5292","BECv10","ESSFdkp","ESSFdkp/00","C5"
"5293","BECv10","ESSFdkp","ESSFdkp/00","C4"
"5294","BECv10","ESSFdkp","ESSFdkp/00","C3"
"5295","BECv10","ESSFdkp","ESSFdkp/00","C2"
"5296","BECv10","ESSFdkp","ESSFdkp/00","C1"
"5297","BECv10","ESSFdkp","ESSFdkp/00","C0"
"5298","BECv10","ESSFdkp","ESSFdkp/00","B7"
"5299","BECv10","ESSFdkp","ESSFdkp/00","B6"
"5300","BECv10","ESSFdkp","ESSFdkp/00","B5"
"5301","BECv10","ESSFdkp","ESSFdkp/00","B4"
"5302","BECv10","ESSFdkp","ESSFdkp/00","B3"
"5303","BECv10","ESSFdkp","ESSFdkp/00","B2"
"5304","BECv10","ESSFdkp","ESSFdkp/00","B1"
"5305","BECv10","ESSFdkp","ESSFdkp/00","B0"
"5306","BECv10","ESSFdkp","ESSFdkp/00","A7"
"5307","BECv10","ESSFdkp","ESSFdkp/00","A6"
"5308","BECv10","ESSFdkp","ESSFdkp/00","A5"
"5309","BECv10","ESSFdkp","ESSFdkp/00","A4"
"5310","BECv10","ESSFdkp","ESSFdkp/00","A3"
"5311","BECv10","ESSFdkp","ESSFdkp/00","A2"
"5312","BECv10","ESSFdkp","ESSFdkp/00","A1"
"5313","BECv10","ESSFdkp","ESSFdkp/00","A0"
"5314","USA_2019","ESSFdkp_MT","ESSFdkp_MT/00","E6"
"5315","USA_2019","ESSFdkp_MT","ESSFdkp_MT/00","E5"
"5316","USA_2019","ESSFdkp_MT","ESSFdkp_MT/00","D6"
"5317","USA_2019","ESSFdkp_MT","ESSFdkp_MT/00","D5"
"5318","USA_2019","ESSFdkp_MT","ESSFdkp_MT/00","D4"
"5319","USA_2019","ESSFdkp_MT","ESSFdkp_MT/00","D3"
"5320","USA_2019","ESSFdkp_MT","ESSFdkp_MT/00","D2"
"5321","USA_2019","ESSFdkp_MT","ESSFdkp_MT/00","D1"
"5322","USA_2019","ESSFdkp_MT","ESSFdkp_MT/00","C6"
"5323","USA_2019","ESSFdkp_MT","ESSFdkp_MT/00","C5"
"5324","USA_2019","ESSFdkp_MT","ESSFdkp_MT/00","C4"
"5325","USA_2019","ESSFdkp_MT","ESSFdkp_MT/00","C3"
"5326","USA_2019","ESSFdkp_MT","ESSFdkp_MT/00","C2"
"5327","USA_2019","ESSFdkp_MT","ESSFdkp_MT/00","C1"
"5328","USA_2019","ESSFdkp_MT","ESSFdkp_MT/00","B6"
"5329","USA_2019","ESSFdkp_MT","ESSFdkp_MT/00","B5"
"5330","USA_2019","ESSFdkp_MT","ESSFdkp_MT/00","B4"
"5331","USA_2019","ESSFdkp_MT","ESSFdkp_MT/00","B3"
"5332","USA_2019","ESSFdkp_MT","ESSFdkp_MT/00","B2"
"5333","USA_2019","ESSFdkp_MT","ESSFdkp_MT/00","B1"
"5334","USA_2019","ESSFdkp_MT","ESSFdkp_MT/00","A2"
"5335","USA_2019","ESSFdkp_MT","ESSFdkp_MT/00","A1"
"5336","Add_2021","ESSFdkp_MT","ESSFdkp_MT/Ro","A0"
"5337","Add_2021","ESSFdkp_MT","ESSFdkp_MT/Ro","B0"
"5338","BECv11","ESSFdkw","ESSFdkw/101","D4"
"5339","BECv11","ESSFdkw","ESSFdkw/101","D3"
"5340","BECv11","ESSFdkw","ESSFdkw/101","C4"
"5341","BECv11","ESSFdkw","ESSFdkw/101","C3"
"5342","BECv11","ESSFdkw","ESSFdkw/101","B4"
"5343","BECv11","ESSFdkw","ESSFdkw/101","B3"
"5344","BECv11","ESSFdkw","ESSFdkw/102","C2"
"5345","BECv11","ESSFdkw","ESSFdkw/102","C1"
"5346","BECv11","ESSFdkw","ESSFdkw/102","B2"
"5347","BECv11","ESSFdkw","ESSFdkw/102","B1"
"5348","BECv11","ESSFdkw","ESSFdkw/102","A1"
"5349","BECv11","ESSFdkw","ESSFdkw/103","D3"
"5350","BECv11","ESSFdkw","ESSFdkw/103","D2"
"5351","BECv11","ESSFdkw","ESSFdkw/103","C3"
"5352","BECv11","ESSFdkw","ESSFdkw/103","C2"
"5353","BECv11","ESSFdkw","ESSFdkw/103","B3"
"5354","BECv11","ESSFdkw","ESSFdkw/103","B2"
"5355","BECv11","ESSFdkw","ESSFdkw/110","D6"
"5356","BECv11","ESSFdkw","ESSFdkw/110","D5"
"5357","BECv11","ESSFdkw","ESSFdkw/110","C6"
"5358","BECv11","ESSFdkw","ESSFdkw/110","C5"
"5359","BECv11","ESSFdkw","ESSFdkw/Ro","C0"
"5360","BECv11","ESSFdkw","ESSFdkw/Ro","B0"
"5361","BECv11","ESSFdkw","ESSFdkw/Ro","A0"
"5362","USA_2019","ESSFdm_ID","ESSFdm_ID/101","D4"
"5363","USA_2019","ESSFdm_ID","ESSFdm_ID/101","D3"
"5364","USA_2019","ESSFdm_ID","ESSFdm_ID/101","C4"
"5365","USA_2019","ESSFdm_ID","ESSFdm_ID/101","C3"
"5366","USA_2019","ESSFdm_ID","ESSFdm_ID/101","B4"
"5367","USA_2019","ESSFdm_ID","ESSFdm_ID/101","B3"
"5368","USA_2019","ESSFdm_ID","ESSFdm_ID/102","D1"
"5369","USA_2019","ESSFdm_ID","ESSFdm_ID/102","C1"
"5370","USA_2019","ESSFdm_ID","ESSFdm_ID/102","B1"
"5371","USA_2019","ESSFdm_ID","ESSFdm_ID/102","A1"
"5372","USA_2019","ESSFdm_ID","ESSFdm_ID/103","D2"
"5373","USA_2019","ESSFdm_ID","ESSFdm_ID/103","C2"
"5374","USA_2019","ESSFdm_ID","ESSFdm_ID/103","B2"
"5375","USA_2019","ESSFdm_ID","ESSFdm_ID/103","A2"
"5376","USA_2019","ESSFdm_ID","ESSFdm_ID/110","E5"
"5377","USA_2019","ESSFdm_ID","ESSFdm_ID/110","D5"
"5378","USA_2019","ESSFdm_ID","ESSFdm_ID/110","C5"
"5379","USA_2019","ESSFdm_ID","ESSFdm_ID/110","B5"
"5380","USA_2019","ESSFdm_ID","ESSFdm_ID/111","E6"
"5381","USA_2019","ESSFdm_ID","ESSFdm_ID/111","D6"
"5382","USA_2019","ESSFdm_ID","ESSFdm_ID/111","C6"
"5383","USA_2019","ESSFdm_ID","ESSFdm_ID/111","B6"
"5384","Add_2021","ESSFdm_ID","ESSFdm_ID/Ro","A0"
"5385","Add_2021","ESSFdm_ID","ESSFdm_ID/Ro","B0"
"5386","USA_2019","ESSFdmp_ID","ESSFdmp_ID/00","E6"
"5387","USA_2019","ESSFdmp_ID","ESSFdmp_ID/00","E5"
"5388","USA_2019","ESSFdmp_ID","ESSFdmp_ID/00","D6"
"5389","USA_2019","ESSFdmp_ID","ESSFdmp_ID/00","D5"
"5390","USA_2019","ESSFdmp_ID","ESSFdmp_ID/00","D4"
"5391","USA_2019","ESSFdmp_ID","ESSFdmp_ID/00","D3"
"5392","USA_2019","ESSFdmp_ID","ESSFdmp_ID/00","D2"
"5393","USA_2019","ESSFdmp_ID","ESSFdmp_ID/00","D1"
"5394","USA_2019","ESSFdmp_ID","ESSFdmp_ID/00","C6"
"5395","USA_2019","ESSFdmp_ID","ESSFdmp_ID/00","C5"
"5396","USA_2019","ESSFdmp_ID","ESSFdmp_ID/00","C4"
"5397","USA_2019","ESSFdmp_ID","ESSFdmp_ID/00","C3"
"5398","USA_2019","ESSFdmp_ID","ESSFdmp_ID/00","C2"
"5399","USA_2019","ESSFdmp_ID","ESSFdmp_ID/00","C1"
"5400","USA_2019","ESSFdmp_ID","ESSFdmp_ID/00","B6"
"5401","USA_2019","ESSFdmp_ID","ESSFdmp_ID/00","B5"
"5402","USA_2019","ESSFdmp_ID","ESSFdmp_ID/00","B4"
"5403","USA_2019","ESSFdmp_ID","ESSFdmp_ID/00","B3"
"5404","USA_2019","ESSFdmp_ID","ESSFdmp_ID/00","B2"
"5405","USA_2019","ESSFdmp_ID","ESSFdmp_ID/00","B1"
"5406","USA_2019","ESSFdmp_ID","ESSFdmp_ID/00","A2"
"5407","USA_2019","ESSFdmp_ID","ESSFdmp_ID/00","A1"
"5408","Add_2021","ESSFdmp_ID","ESSFdmp_ID/Ro","A0"
"5409","Add_2021","ESSFdmp_ID","ESSFdmp_ID/Ro","B0"
"5410","BECv10","ESSFdv1","ESSFdv1/01","C5"
"5411","BECv10","ESSFdv1","ESSFdv1/01","C4"
"5412","BECv10","ESSFdv1","ESSFdv1/01","C3"
"5413","BECv10","ESSFdv1","ESSFdv1/01","B5"
"5414","BECv10","ESSFdv1","ESSFdv1/01","B4"
"5415","BECv10","ESSFdv1","ESSFdv1/01","B3"
"5416","BECv10","ESSFdv1","ESSFdv1/01","A5"
"5417","BECv10","ESSFdv1","ESSFdv1/01","A4"
"5418","BECv10","ESSFdv1","ESSFdv1/01","A3"
"5419","BECv10","ESSFdv1","ESSFdv1/02","D2"
"5420","BECv10","ESSFdv1","ESSFdv1/02","D1"
"5421","BECv10","ESSFdv1","ESSFdv1/02","D0"
"5422","BECv10","ESSFdv1","ESSFdv1/02","C2"
"5423","BECv10","ESSFdv1","ESSFdv1/02","C1"
"5424","BECv10","ESSFdv1","ESSFdv1/02","C0"
"5425","BECv10","ESSFdv1","ESSFdv1/02","B0"
"5426","BECv10","ESSFdv1","ESSFdv1/03","C2"
"5427","BECv10","ESSFdv1","ESSFdv1/03","C1"
"5428","BECv10","ESSFdv1","ESSFdv1/03","C0"
"5429","BECv10","ESSFdv1","ESSFdv1/03","B2"
"5430","BECv10","ESSFdv1","ESSFdv1/03","B1"
"5431","BECv10","ESSFdv1","ESSFdv1/03","B0"
"5432","BECv10","ESSFdv1","ESSFdv1/03","A2"
"5433","BECv10","ESSFdv1","ESSFdv1/03","A1"
"5434","BECv10","ESSFdv1","ESSFdv1/03","A0"
"5435","BECv10","ESSFdv1","ESSFdv1/04","D3"
"5436","BECv10","ESSFdv1","ESSFdv1/04","D2"
"5437","BECv10","ESSFdv1","ESSFdv1/04","C3"
"5438","BECv10","ESSFdv1","ESSFdv1/04","C2"
"5439","BECv10","ESSFdv1","ESSFdv1/04","B3"
"5440","BECv10","ESSFdv1","ESSFdv1/04","B2"
"5441","BECv10","ESSFdv1","ESSFdv1/04","A3"
"5442","BECv10","ESSFdv1","ESSFdv1/04","A2"
"5443","BECv10","ESSFdv1","ESSFdv1/05","E6"
"5444","BECv10","ESSFdv1","ESSFdv1/05","E5"
"5445","BECv10","ESSFdv1","ESSFdv1/05","E4"
"5446","BECv10","ESSFdv1","ESSFdv1/05","E3"
"5447","BECv10","ESSFdv1","ESSFdv1/05","D6"
"5448","BECv10","ESSFdv1","ESSFdv1/05","D5"
"5449","BECv10","ESSFdv1","ESSFdv1/05","D4"
"5450","BECv10","ESSFdv1","ESSFdv1/05","D3"
"5451","BECv10","ESSFdv1","ESSFdv1/05","C6"
"5452","BECv10","ESSFdv1","ESSFdv1/05","C5"
"5453","BECv10","ESSFdv1","ESSFdv1/05","C4"
"5454","BECv10","ESSFdv1","ESSFdv1/05","C3"
"5455","BECv10","ESSFdv1","ESSFdv1/05","B6"
"5456","BECv10","ESSFdv1","ESSFdv1/05","B5"
"5457","BECv10","ESSFdv1","ESSFdv1/05","B4"
"5458","BECv10","ESSFdv1","ESSFdv1/06","E7"
"5459","BECv10","ESSFdv1","ESSFdv1/06","E6"
"5460","BECv10","ESSFdv1","ESSFdv1/06","D7"
"5461","BECv10","ESSFdv1","ESSFdv1/06","D6"
"5462","BECv10","ESSFdv1","ESSFdv1/06","C7"
"5463","BECv10","ESSFdv1","ESSFdv1/06","C6"
"5464","BECv10","ESSFdv1","ESSFdv1/06","B7"
"5465","BECv10","ESSFdv1","ESSFdv1/06","B6"
"5466","BECv10","ESSFdv1","ESSFdv1/06","A7"
"5467","BECv10","ESSFdv1","ESSFdv1/06","A6"
"5468","BECv10","ESSFdv2","ESSFdv2/01","C5"
"5469","BECv10","ESSFdv2","ESSFdv2/01","C4"
"5470","BECv10","ESSFdv2","ESSFdv2/01","C3"
"5471","BECv10","ESSFdv2","ESSFdv2/01","B5"
"5472","BECv10","ESSFdv2","ESSFdv2/01","B4"
"5473","BECv10","ESSFdv2","ESSFdv2/01","B3"
"5474","BECv10","ESSFdv2","ESSFdv2/01","A5"
"5475","BECv10","ESSFdv2","ESSFdv2/01","A4"
"5476","BECv10","ESSFdv2","ESSFdv2/01","A3"
"5477","BECv10","ESSFdv2","ESSFdv2/02","D2"
"5478","BECv10","ESSFdv2","ESSFdv2/02","D1"
"5479","BECv10","ESSFdv2","ESSFdv2/02","D0"
"5480","BECv10","ESSFdv2","ESSFdv2/02","C2"
"5481","BECv10","ESSFdv2","ESSFdv2/02","C1"
"5482","BECv10","ESSFdv2","ESSFdv2/02","C0"
"5483","BECv10","ESSFdv2","ESSFdv2/02","B0"
"5484","BECv10","ESSFdv2","ESSFdv2/03","C2"
"5485","BECv10","ESSFdv2","ESSFdv2/03","C1"
"5486","BECv10","ESSFdv2","ESSFdv2/03","C0"
"5487","BECv10","ESSFdv2","ESSFdv2/03","B2"
"5488","BECv10","ESSFdv2","ESSFdv2/03","B1"
"5489","BECv10","ESSFdv2","ESSFdv2/03","B0"
"5490","BECv10","ESSFdv2","ESSFdv2/03","A2"
"5491","BECv10","ESSFdv2","ESSFdv2/03","A1"
"5492","BECv10","ESSFdv2","ESSFdv2/03","A0"
"5493","BECv10","ESSFdv2","ESSFdv2/04","D3"
"5494","BECv10","ESSFdv2","ESSFdv2/04","D2"
"5495","BECv10","ESSFdv2","ESSFdv2/04","C3"
"5496","BECv10","ESSFdv2","ESSFdv2/04","C2"
"5497","BECv10","ESSFdv2","ESSFdv2/04","B3"
"5498","BECv10","ESSFdv2","ESSFdv2/04","B2"
"5499","BECv10","ESSFdv2","ESSFdv2/04","A3"
"5500","BECv10","ESSFdv2","ESSFdv2/04","A2"
"5501","BECv10","ESSFdv2","ESSFdv2/05","E6"
"5502","BECv10","ESSFdv2","ESSFdv2/05","E5"
"5503","BECv10","ESSFdv2","ESSFdv2/05","E4"
"5504","BECv10","ESSFdv2","ESSFdv2/05","E3"
"5505","BECv10","ESSFdv2","ESSFdv2/05","D6"
"5506","BECv10","ESSFdv2","ESSFdv2/05","D5"
"5507","BECv10","ESSFdv2","ESSFdv2/05","D4"
"5508","BECv10","ESSFdv2","ESSFdv2/05","D3"
"5509","BECv10","ESSFdv2","ESSFdv2/05","C6"
"5510","BECv10","ESSFdv2","ESSFdv2/05","C5"
"5511","BECv10","ESSFdv2","ESSFdv2/05","C4"
"5512","BECv10","ESSFdv2","ESSFdv2/05","C3"
"5513","BECv10","ESSFdv2","ESSFdv2/05","B6"
"5514","BECv10","ESSFdv2","ESSFdv2/05","B5"
"5515","BECv10","ESSFdv2","ESSFdv2/05","B4"
"5516","BECv10","ESSFdv2","ESSFdv2/06","E7"
"5517","BECv10","ESSFdv2","ESSFdv2/06","E6"
"5518","BECv10","ESSFdv2","ESSFdv2/06","D7"
"5519","BECv10","ESSFdv2","ESSFdv2/06","D6"
"5520","BECv10","ESSFdv2","ESSFdv2/06","C7"
"5521","BECv10","ESSFdv2","ESSFdv2/06","C6"
"5522","BECv10","ESSFdv2","ESSFdv2/06","B7"
"5523","BECv10","ESSFdv2","ESSFdv2/06","B6"
"5524","BECv10","ESSFdv2","ESSFdv2/06","A7"
"5525","BECv10","ESSFdv2","ESSFdv2/06","A6"
"5526","BECv10","ESSFdvp","ESSFdvp/00","E7"
"5527","BECv10","ESSFdvp","ESSFdvp/00","E6"
"5528","BECv10","ESSFdvp","ESSFdvp/00","E5"
"5529","BECv10","ESSFdvp","ESSFdvp/00","E4"
"5530","BECv10","ESSFdvp","ESSFdvp/00","E3"
"5531","BECv10","ESSFdvp","ESSFdvp/00","E2"
"5532","BECv10","ESSFdvp","ESSFdvp/00","E1"
"5533","BECv10","ESSFdvp","ESSFdvp/00","E0"
"5534","BECv10","ESSFdvp","ESSFdvp/00","D7"
"5535","BECv10","ESSFdvp","ESSFdvp/00","D6"
"5536","BECv10","ESSFdvp","ESSFdvp/00","D5"
"5537","BECv10","ESSFdvp","ESSFdvp/00","D4"
"5538","BECv10","ESSFdvp","ESSFdvp/00","D3"
"5539","BECv10","ESSFdvp","ESSFdvp/00","D2"
"5540","BECv10","ESSFdvp","ESSFdvp/00","D1"
"5541","BECv10","ESSFdvp","ESSFdvp/00","D0"
"5542","BECv10","ESSFdvp","ESSFdvp/00","C7"
"5543","BECv10","ESSFdvp","ESSFdvp/00","C6"
"5544","BECv10","ESSFdvp","ESSFdvp/00","C5"
"5545","BECv10","ESSFdvp","ESSFdvp/00","C4"
"5546","BECv10","ESSFdvp","ESSFdvp/00","C3"
"5547","BECv10","ESSFdvp","ESSFdvp/00","C2"
"5548","BECv10","ESSFdvp","ESSFdvp/00","C1"
"5549","BECv10","ESSFdvp","ESSFdvp/00","C0"
"5550","BECv10","ESSFdvp","ESSFdvp/00","B7"
"5551","BECv10","ESSFdvp","ESSFdvp/00","B6"
"5552","BECv10","ESSFdvp","ESSFdvp/00","B5"
"5553","BECv10","ESSFdvp","ESSFdvp/00","B4"
"5554","BECv10","ESSFdvp","ESSFdvp/00","B3"
"5555","BECv10","ESSFdvp","ESSFdvp/00","B2"
"5556","BECv10","ESSFdvp","ESSFdvp/00","B1"
"5557","BECv10","ESSFdvp","ESSFdvp/00","B0"
"5558","BECv10","ESSFdvp","ESSFdvp/00","A7"
"5559","BECv10","ESSFdvp","ESSFdvp/00","A6"
"5560","BECv10","ESSFdvp","ESSFdvp/00","A5"
"5561","BECv10","ESSFdvp","ESSFdvp/00","A4"
"5562","BECv10","ESSFdvp","ESSFdvp/00","A3"
"5563","BECv10","ESSFdvp","ESSFdvp/00","A2"
"5564","BECv10","ESSFdvp","ESSFdvp/00","A1"
"5565","BECv10","ESSFdvp","ESSFdvp/00","A0"
"5566","BECv10","ESSFdvw","ESSFdvw/01","C5"
"5567","BECv10","ESSFdvw","ESSFdvw/01","C4"
"5568","BECv10","ESSFdvw","ESSFdvw/01","C3"
"5569","BECv10","ESSFdvw","ESSFdvw/01","B5"
"5570","BECv10","ESSFdvw","ESSFdvw/01","B4"
"5571","BECv10","ESSFdvw","ESSFdvw/01","B3"
"5572","BECv10","ESSFdvw","ESSFdvw/01","A5"
"5573","BECv10","ESSFdvw","ESSFdvw/01","A4"
"5574","BECv10","ESSFdvw","ESSFdvw/01","A3"
"5575","BECv10","ESSFdvw","ESSFdvw/02","D2"
"5576","BECv10","ESSFdvw","ESSFdvw/02","D1"
"5577","BECv10","ESSFdvw","ESSFdvw/02","D0"
"5578","BECv10","ESSFdvw","ESSFdvw/02","C2"
"5579","BECv10","ESSFdvw","ESSFdvw/02","C1"
"5580","BECv10","ESSFdvw","ESSFdvw/02","C0"
"5581","BECv10","ESSFdvw","ESSFdvw/02","B0"
"5582","BECv10","ESSFdvw","ESSFdvw/03","C2"
"5583","BECv10","ESSFdvw","ESSFdvw/03","C1"
"5584","BECv10","ESSFdvw","ESSFdvw/03","C0"
"5585","BECv10","ESSFdvw","ESSFdvw/03","B2"
"5586","BECv10","ESSFdvw","ESSFdvw/03","B1"
"5587","BECv10","ESSFdvw","ESSFdvw/03","B0"
"5588","BECv10","ESSFdvw","ESSFdvw/03","A2"
"5589","BECv10","ESSFdvw","ESSFdvw/03","A1"
"5590","BECv10","ESSFdvw","ESSFdvw/03","A0"
"5591","BECv10","ESSFdvw","ESSFdvw/04","D3"
"5592","BECv10","ESSFdvw","ESSFdvw/04","D2"
"5593","BECv10","ESSFdvw","ESSFdvw/04","C3"
"5594","BECv10","ESSFdvw","ESSFdvw/04","C2"
"5595","BECv10","ESSFdvw","ESSFdvw/04","B3"
"5596","BECv10","ESSFdvw","ESSFdvw/04","B2"
"5597","BECv10","ESSFdvw","ESSFdvw/04","A3"
"5598","BECv10","ESSFdvw","ESSFdvw/04","A2"
"5599","BECv10","ESSFdvw","ESSFdvw/05","E6"
"5600","BECv10","ESSFdvw","ESSFdvw/05","E5"
"5601","BECv10","ESSFdvw","ESSFdvw/05","E4"
"5602","BECv10","ESSFdvw","ESSFdvw/05","E3"
"5603","BECv10","ESSFdvw","ESSFdvw/05","D6"
"5604","BECv10","ESSFdvw","ESSFdvw/05","D5"
"5605","BECv10","ESSFdvw","ESSFdvw/05","D4"
"5606","BECv10","ESSFdvw","ESSFdvw/05","D3"
"5607","BECv10","ESSFdvw","ESSFdvw/05","C6"
"5608","BECv10","ESSFdvw","ESSFdvw/05","C5"
"5609","BECv10","ESSFdvw","ESSFdvw/05","C4"
"5610","BECv10","ESSFdvw","ESSFdvw/05","C3"
"5611","BECv10","ESSFdvw","ESSFdvw/05","B6"
"5612","BECv10","ESSFdvw","ESSFdvw/05","B5"
"5613","BECv10","ESSFdvw","ESSFdvw/05","B4"
"5614","BECv10","ESSFdvw","ESSFdvw/06","E7"
"5615","BECv10","ESSFdvw","ESSFdvw/06","E6"
"5616","BECv10","ESSFdvw","ESSFdvw/06","D7"
"5617","BECv10","ESSFdvw","ESSFdvw/06","D6"
"5618","BECv10","ESSFdvw","ESSFdvw/06","C7"
"5619","BECv10","ESSFdvw","ESSFdvw/06","C6"
"5620","BECv10","ESSFdvw","ESSFdvw/06","B7"
"5621","BECv10","ESSFdvw","ESSFdvw/06","B6"
"5622","BECv10","ESSFdvw","ESSFdvw/06","A7"
"5623","BECv10","ESSFdvw","ESSFdvw/06","A6"
"5624","BECv10","ESSFmc","ESSFmc/01","C4"
"5625","BECv10","ESSFmc","ESSFmc/01","B5"
"5626","BECv10","ESSFmc","ESSFmc/01","B4"
"5627","BECv10","ESSFmc","ESSFmc/01a","C4"
"5628","BECv10","ESSFmc","ESSFmc/01a","B5"
"5629","BECv10","ESSFmc","ESSFmc/01a","B4"
"5630","BECv10","ESSFmc","ESSFmc/01b","C4"
"5631","BECv10","ESSFmc","ESSFmc/01b","B5"
"5632","BECv10","ESSFmc","ESSFmc/01b","B4"
"5633","BECv10","ESSFmc","ESSFmc/02","C1"
"5634","BECv10","ESSFmc","ESSFmc/02","C0"
"5635","BECv10","ESSFmc","ESSFmc/02","B1"
"5636","BECv10","ESSFmc","ESSFmc/02","B0"
"5637","BECv10","ESSFmc","ESSFmc/02","A1"
"5638","BECv10","ESSFmc","ESSFmc/02","A0"
"5639","BECv10","ESSFmc","ESSFmc/03","C2"
"5640","BECv10","ESSFmc","ESSFmc/03","B2"
"5641","BECv10","ESSFmc","ESSFmc/03","A2"
"5642","BECv10","ESSFmc","ESSFmc/04","C3"
"5643","BECv10","ESSFmc","ESSFmc/04","B3"
"5644","BECv10","ESSFmc","ESSFmc/04","A4"
"5645","BECv10","ESSFmc","ESSFmc/04","A3"
"5646","BECv10","ESSFmc","ESSFmc/05","E4"
"5647","BECv10","ESSFmc","ESSFmc/05","D4"
"5648","BECv10","ESSFmc","ESSFmc/06","D5"
"5649","BECv10","ESSFmc","ESSFmc/06","C5"
"5650","BECv10","ESSFmc","ESSFmc/07","E6"
"5651","BECv10","ESSFmc","ESSFmc/07","E5"
"5652","BECv10","ESSFmc","ESSFmc/07","D6"
"5653","BECv10","ESSFmc","ESSFmc/07","D5"
"5654","BECv10","ESSFmc","ESSFmc/08","D7"
"5655","BECv10","ESSFmc","ESSFmc/08","D6"
"5656","BECv10","ESSFmc","ESSFmc/08","D5"
"5657","BECv10","ESSFmc","ESSFmc/08","C7"
"5658","BECv10","ESSFmc","ESSFmc/08","C6"
"5659","BECv10","ESSFmc","ESSFmc/09","B7"
"5660","BECv10","ESSFmc","ESSFmc/09","B6"
"5661","BECv10","ESSFmc","ESSFmc/09","A7"
"5662","BECv10","ESSFmc","ESSFmc/09","A6"
"5663","BECv10","ESSFmc","ESSFmc/10","E7"
"5664","BECv10","ESSFmc","ESSFmc/10","D7"
"5665","BECv10","ESSFmc","ESSFmc/10","C7"
"5666","BECv10","ESSFmcp","ESSFmcp/00","E7"
"5667","BECv10","ESSFmcp","ESSFmcp/00","E6"
"5668","BECv10","ESSFmcp","ESSFmcp/00","E5"
"5669","BECv10","ESSFmcp","ESSFmcp/00","E4"
"5670","BECv10","ESSFmcp","ESSFmcp/00","E3"
"5671","BECv10","ESSFmcp","ESSFmcp/00","E2"
"5672","BECv10","ESSFmcp","ESSFmcp/00","E1"
"5673","BECv10","ESSFmcp","ESSFmcp/00","E0"
"5674","BECv10","ESSFmcp","ESSFmcp/00","D7"
"5675","BECv10","ESSFmcp","ESSFmcp/00","D6"
"5676","BECv10","ESSFmcp","ESSFmcp/00","D5"
"5677","BECv10","ESSFmcp","ESSFmcp/00","D4"
"5678","BECv10","ESSFmcp","ESSFmcp/00","D3"
"5679","BECv10","ESSFmcp","ESSFmcp/00","D2"
"5680","BECv10","ESSFmcp","ESSFmcp/00","D1"
"5681","BECv10","ESSFmcp","ESSFmcp/00","D0"
"5682","BECv10","ESSFmcp","ESSFmcp/00","C7"
"5683","BECv10","ESSFmcp","ESSFmcp/00","C6"
"5684","BECv10","ESSFmcp","ESSFmcp/00","C5"
"5685","BECv10","ESSFmcp","ESSFmcp/00","C4"
"5686","BECv10","ESSFmcp","ESSFmcp/00","C3"
"5687","BECv10","ESSFmcp","ESSFmcp/00","C2"
"5688","BECv10","ESSFmcp","ESSFmcp/00","C1"
"5689","BECv10","ESSFmcp","ESSFmcp/00","C0"
"5690","BECv10","ESSFmcp","ESSFmcp/00","B7"
"5691","BECv10","ESSFmcp","ESSFmcp/00","B6"
"5692","BECv10","ESSFmcp","ESSFmcp/00","B5"
"5693","BECv10","ESSFmcp","ESSFmcp/00","B4"
"5694","BECv10","ESSFmcp","ESSFmcp/00","B3"
"5695","BECv10","ESSFmcp","ESSFmcp/00","B2"
"5696","BECv10","ESSFmcp","ESSFmcp/00","B1"
"5697","BECv10","ESSFmcp","ESSFmcp/00","B0"
"5698","BECv10","ESSFmcp","ESSFmcp/00","A7"
"5699","BECv10","ESSFmcp","ESSFmcp/00","A6"
"5700","BECv10","ESSFmcp","ESSFmcp/00","A5"
"5701","BECv10","ESSFmcp","ESSFmcp/00","A4"
"5702","BECv10","ESSFmcp","ESSFmcp/00","A3"
"5703","BECv10","ESSFmcp","ESSFmcp/00","A2"
"5704","BECv10","ESSFmcp","ESSFmcp/00","A1"
"5705","BECv10","ESSFmcp","ESSFmcp/00","A0"
"5706","BECv12","ESSFmcw","ESSFmcw/101","C4"
"5707","BECv12","ESSFmcw","ESSFmcw/101","C3"
"5708","BECv12","ESSFmcw","ESSFmcw/101","B4"
"5709","BECv12","ESSFmcw","ESSFmcw/101","B3"
"5710","BECv12","ESSFmcw","ESSFmcw/101a","C3"
"5711","BECv12","ESSFmcw","ESSFmcw/101a","B3"
"5712","BECv12","ESSFmcw","ESSFmcw/101b","C4"
"5713","BECv12","ESSFmcw","ESSFmcw/101b","B4"
"5714","BECv12","ESSFmcw","ESSFmcw/102","C2"
"5715","BECv12","ESSFmcw","ESSFmcw/102","B2"
"5716","BECv12","ESSFmcw","ESSFmcw/102","B1"
"5717","BECv12","ESSFmcw","ESSFmcw/102","A1"
"5718","BECv12","ESSFmcw","ESSFmcw/103","B4"
"5719","BECv12","ESSFmcw","ESSFmcw/103","B3"
"5720","BECv12","ESSFmcw","ESSFmcw/103","A4"
"5721","BECv12","ESSFmcw","ESSFmcw/103","A3"
"5722","BECv12","ESSFmcw","ESSFmcw/103","A2"
"5723","BECv12","ESSFmcw","ESSFmcw/110","E5"
"5724","BECv12","ESSFmcw","ESSFmcw/110","E4"
"5725","BECv12","ESSFmcw","ESSFmcw/110","E3"
"5726","BECv12","ESSFmcw","ESSFmcw/110","D5"
"5727","BECv12","ESSFmcw","ESSFmcw/110","D4"
"5728","BECv12","ESSFmcw","ESSFmcw/110","D3"
"5729","BECv12","ESSFmcw","ESSFmcw/110","C5"
"5730","BECv12","ESSFmcw","ESSFmcw/110","B5"
"5731","BECv12","ESSFmcw","ESSFmcw/111","E6"
"5732","BECv12","ESSFmcw","ESSFmcw/111","D6"
"5733","BECv12","ESSFmcw","ESSFmcw/111","C6"
"5734","BECv12","ESSFmcw","ESSFmcw/111","B6"
"5735","Add_2021","ESSFmcw","ESSFmcw/Ro","A0"
"5736","Add_2021","ESSFmcw","ESSFmcw/Ro","B0"
"5737","BECv10","ESSFmh","ESSFmh/101","D4"
"5738","BECv10","ESSFmh","ESSFmh/101","C4"
"5739","BECv10","ESSFmh","ESSFmh/101","B4"
"5740","BECv10","ESSFmh","ESSFmh/102","C1"
"5741","BECv10","ESSFmh","ESSFmh/102","B1"
"5742","BECv10","ESSFmh","ESSFmh/102","A1"
"5743","BECv10","ESSFmh","ESSFmh/103","C2"
"5744","BECv10","ESSFmh","ESSFmh/103","B2"
"5745","BECv10","ESSFmh","ESSFmh/103","A2"
"5746","BECv10","ESSFmh","ESSFmh/104","B3"
"5747","BECv10","ESSFmh","ESSFmh/104","B2"
"5748","BECv10","ESSFmh","ESSFmh/104","A3"
"5749","BECv10","ESSFmh","ESSFmh/104","A2"
"5750","BECv10","ESSFmh","ESSFmh/105","C3"
"5751","BECv10","ESSFmh","ESSFmh/105","C2"
"5752","BECv10","ESSFmh","ESSFmh/105","B3"
"5753","BECv10","ESSFmh","ESSFmh/110","E5"
"5754","BECv10","ESSFmh","ESSFmh/110","D5"
"5755","BECv10","ESSFmh","ESSFmh/110","D4"
"5756","BECv10","ESSFmh","ESSFmh/110","C5"
"5757","BECv10","ESSFmh","ESSFmh/111","E6"
"5758","BECv10","ESSFmh","ESSFmh/111","E5"
"5759","BECv10","ESSFmh","ESSFmh/111","D6"
"5760","BECv10","ESSFmh","ESSFmh/111","D5"
"5761","BECv10","ESSFmh","ESSFmh/111","C6"
"5762","BECv10","ESSFmh","ESSFmh/111","C5"
"5763","BECv10","ESSFmh","ESSFmh/112","E6"
"5764","BECv10","ESSFmh","ESSFmh/112","D6"
"5765","BECv10","ESSFmh","ESSFmh/112","C6"
"5766","BECv10","ESSFmh","ESSFmh/112.1","E6"
"5767","BECv10","ESSFmh","ESSFmh/112.1","D6"
"5768","BECv10","ESSFmh","ESSFmh/112.1","C6"
"5769","BECv10","ESSFmh","ESSFmh/112.2","E6"
"5770","BECv10","ESSFmh","ESSFmh/112.2","D6"
"5771","BECv10","ESSFmh","ESSFmh/112.2","C6"
"5772","Add_2021","ESSFmh","ESSFmh/Ro","A0"
"5773","Add_2021","ESSFmh","ESSFmh/Ro","B0"
"5774","BECv10","ESSFmk","ESSFmk/01","C4"
"5775","BECv10","ESSFmk","ESSFmk/01","B5"
"5776","BECv10","ESSFmk","ESSFmk/01","B4"
"5777","BECv10","ESSFmk","ESSFmk/02","C2"
"5778","BECv10","ESSFmk","ESSFmk/02","C1"
"5779","BECv10","ESSFmk","ESSFmk/02","C0"
"5780","BECv10","ESSFmk","ESSFmk/02","B2"
"5781","BECv10","ESSFmk","ESSFmk/02","B1"
"5782","BECv10","ESSFmk","ESSFmk/02","B0"
"5783","BECv10","ESSFmk","ESSFmk/02","A2"
"5784","BECv10","ESSFmk","ESSFmk/02","A1"
"5785","BECv10","ESSFmk","ESSFmk/02","A0"
"5786","BECv10","ESSFmk","ESSFmk/02a","C2"
"5787","BECv10","ESSFmk","ESSFmk/02a","C1"
"5788","BECv10","ESSFmk","ESSFmk/02a","C0"
"5789","BECv10","ESSFmk","ESSFmk/02a","B2"
"5790","BECv10","ESSFmk","ESSFmk/02a","B1"
"5791","BECv10","ESSFmk","ESSFmk/02a","B0"
"5792","BECv10","ESSFmk","ESSFmk/02a","A2"
"5793","BECv10","ESSFmk","ESSFmk/02a","A1"
"5794","BECv10","ESSFmk","ESSFmk/02a","A0"
"5795","BECv10","ESSFmk","ESSFmk/02b","C2"
"5796","BECv10","ESSFmk","ESSFmk/02b","C1"
"5797","BECv10","ESSFmk","ESSFmk/02b","C0"
"5798","BECv10","ESSFmk","ESSFmk/02b","B2"
"5799","BECv10","ESSFmk","ESSFmk/02b","B1"
"5800","BECv10","ESSFmk","ESSFmk/02b","B0"
"5801","BECv10","ESSFmk","ESSFmk/02b","A2"
"5802","BECv10","ESSFmk","ESSFmk/02b","A1"
"5803","BECv10","ESSFmk","ESSFmk/02b","A0"
"5804","BECv10","ESSFmk","ESSFmk/03","C3"
"5805","BECv10","ESSFmk","ESSFmk/03","B3"
"5806","BECv10","ESSFmk","ESSFmk/03","A4"
"5807","BECv10","ESSFmk","ESSFmk/03","A3"
"5808","BECv10","ESSFmk","ESSFmk/04","E4"
"5809","BECv10","ESSFmk","ESSFmk/04","D5"
"5810","BECv10","ESSFmk","ESSFmk/04","D4"
"5811","BECv10","ESSFmk","ESSFmk/04","C5"
"5812","BECv10","ESSFmk","ESSFmk/05","E6"
"5813","BECv10","ESSFmk","ESSFmk/05","E5"
"5814","BECv10","ESSFmk","ESSFmk/05","E4"
"5815","BECv10","ESSFmk","ESSFmk/05","D6"
"5816","BECv10","ESSFmk","ESSFmk/05","D5"
"5817","BECv10","ESSFmk","ESSFmk/06","C7"
"5818","BECv10","ESSFmk","ESSFmk/06","C6"
"5819","BECv10","ESSFmk","ESSFmk/06","B7"
"5820","BECv10","ESSFmk","ESSFmk/06","B6"
"5821","BECv10","ESSFmk","ESSFmk/07","E7"
"5822","BECv10","ESSFmk","ESSFmk/07","E6"
"5823","BECv10","ESSFmk","ESSFmk/07","D7"
"5824","BECv10","ESSFmk","ESSFmk/07","D6"
"5825","BECv10","ESSFmkp","ESSFmkp/00","E7"
"5826","BECv10","ESSFmkp","ESSFmkp/00","E6"
"5827","BECv10","ESSFmkp","ESSFmkp/00","E5"
"5828","BECv10","ESSFmkp","ESSFmkp/00","E4"
"5829","BECv10","ESSFmkp","ESSFmkp/00","E3"
"5830","BECv10","ESSFmkp","ESSFmkp/00","E2"
"5831","BECv10","ESSFmkp","ESSFmkp/00","E1"
"5832","BECv10","ESSFmkp","ESSFmkp/00","E0"
"5833","BECv10","ESSFmkp","ESSFmkp/00","D7"
"5834","BECv10","ESSFmkp","ESSFmkp/00","D6"
"5835","BECv10","ESSFmkp","ESSFmkp/00","D5"
"5836","BECv10","ESSFmkp","ESSFmkp/00","D4"
"5837","BECv10","ESSFmkp","ESSFmkp/00","D3"
"5838","BECv10","ESSFmkp","ESSFmkp/00","D2"
"5839","BECv10","ESSFmkp","ESSFmkp/00","D1"
"5840","BECv10","ESSFmkp","ESSFmkp/00","D0"
"5841","BECv10","ESSFmkp","ESSFmkp/00","C7"
"5842","BECv10","ESSFmkp","ESSFmkp/00","C6"
"5843","BECv10","ESSFmkp","ESSFmkp/00","C5"
"5844","BECv10","ESSFmkp","ESSFmkp/00","C4"
"5845","BECv10","ESSFmkp","ESSFmkp/00","C3"
"5846","BECv10","ESSFmkp","ESSFmkp/00","C2"
"5847","BECv10","ESSFmkp","ESSFmkp/00","C1"
"5848","BECv10","ESSFmkp","ESSFmkp/00","C0"
"5849","BECv10","ESSFmkp","ESSFmkp/00","B7"
"5850","BECv10","ESSFmkp","ESSFmkp/00","B6"
"5851","BECv10","ESSFmkp","ESSFmkp/00","B5"
"5852","BECv10","ESSFmkp","ESSFmkp/00","B4"
"5853","BECv10","ESSFmkp","ESSFmkp/00","B3"
"5854","BECv10","ESSFmkp","ESSFmkp/00","B2"
"5855","BECv10","ESSFmkp","ESSFmkp/00","B1"
"5856","BECv10","ESSFmkp","ESSFmkp/00","B0"
"5857","BECv10","ESSFmkp","ESSFmkp/00","A7"
"5858","BECv10","ESSFmkp","ESSFmkp/00","A6"
"5859","BECv10","ESSFmkp","ESSFmkp/00","A5"
"5860","BECv10","ESSFmkp","ESSFmkp/00","A4"
"5861","BECv10","ESSFmkp","ESSFmkp/00","A3"
"5862","BECv10","ESSFmkp","ESSFmkp/00","A2"
"5863","BECv10","ESSFmkp","ESSFmkp/00","A1"
"5864","BECv10","ESSFmkp","ESSFmkp/00","A0"
"5865","BECv12","ESSFmkw","ESSFmkw/101","C4"
"5866","BECv12","ESSFmkw","ESSFmkw/101","C3"
"5867","BECv12","ESSFmkw","ESSFmkw/101","B4"
"5868","BECv12","ESSFmkw","ESSFmkw/101","B3"
"5869","BECv12","ESSFmkw","ESSFmkw/102","C2"
"5870","BECv12","ESSFmkw","ESSFmkw/102","C1"
"5871","BECv12","ESSFmkw","ESSFmkw/102","B2"
"5872","BECv12","ESSFmkw","ESSFmkw/102","B1"
"5873","BECv12","ESSFmkw","ESSFmkw/102","A1"
"5874","BECv12","ESSFmkw","ESSFmkw/103","B4"
"5875","BECv12","ESSFmkw","ESSFmkw/103","B3"
"5876","BECv12","ESSFmkw","ESSFmkw/103","A4"
"5877","BECv12","ESSFmkw","ESSFmkw/103","A3"
"5878","BECv12","ESSFmkw","ESSFmkw/103","A2"
"5879","BECv12","ESSFmkw","ESSFmkw/104","C4"
"5880","BECv12","ESSFmkw","ESSFmkw/104","B4"
"5881","BECv12","ESSFmkw","ESSFmkw/110","E5"
"5882","BECv12","ESSFmkw","ESSFmkw/110","E4"
"5883","BECv12","ESSFmkw","ESSFmkw/110","E3"
"5884","BECv12","ESSFmkw","ESSFmkw/110","D5"
"5885","BECv12","ESSFmkw","ESSFmkw/110","D4"
"5886","BECv12","ESSFmkw","ESSFmkw/110","D3"
"5887","BECv12","ESSFmkw","ESSFmkw/110","C5"
"5888","BECv12","ESSFmkw","ESSFmkw/110","B5"
"5889","BECv12","ESSFmkw","ESSFmkw/111","E6"
"5890","BECv12","ESSFmkw","ESSFmkw/111","D6"
"5891","BECv12","ESSFmkw","ESSFmkw/111","C6"
"5892","BECv12","ESSFmkw","ESSFmkw/111","B6"
"5893","Add_2021","ESSFmkw","ESSFmkw/Ro","A0"
"5894","Add_2021","ESSFmkw","ESSFmkw/Ro","B0"
"5895","BECv10","ESSFmm1","ESSFmm1/01","D4"
"5896","BECv10","ESSFmm1","ESSFmm1/01","D3"
"5897","BECv10","ESSFmm1","ESSFmm1/01","C4"
"5898","BECv10","ESSFmm1","ESSFmm1/01","C3"
"5899","BECv10","ESSFmm1","ESSFmm1/01","B4"
"5900","BECv10","ESSFmm1","ESSFmm1/01","B3"
"5901","BECv10","ESSFmm1","ESSFmm1/02","B1"
"5902","BECv10","ESSFmm1","ESSFmm1/02","A1"
"5903","BECv10","ESSFmm1","ESSFmm1/03","B2"
"5904","BECv10","ESSFmm1","ESSFmm1/03","B1"
"5905","BECv10","ESSFmm1","ESSFmm1/03","A2"
"5906","BECv10","ESSFmm1","ESSFmm1/04","C2"
"5907","BECv10","ESSFmm1","ESSFmm1/04","B2"
"5908","BECv10","ESSFmm1","ESSFmm1/05","D5"
"5909","BECv10","ESSFmm1","ESSFmm1/05","C5"
"5910","BECv10","ESSFmm1","ESSFmm1/05","B5"
"5911","BECv10","ESSFmm1","ESSFmm1/06","D6"
"5912","BECv10","ESSFmm1","ESSFmm1/06","D5"
"5913","BECv10","ESSFmm1","ESSFmm1/06","C6"
"5914","BECv10","ESSFmm1","ESSFmm1/06","C5"
"5915","BECv10","ESSFmm1","ESSFmm1/06","B7"
"5916","BECv10","ESSFmm1","ESSFmm1/06","B6"
"5917","BECv10","ESSFmm1","ESSFmm1/06","B5"
"5918","BECv10","ESSFmm1","ESSFmm1/06","A7"
"5919","BECv10","ESSFmm1","ESSFmm1/07","B7"
"5920","BECv10","ESSFmm1","ESSFmm1/07","A7"
"5921","Add_2021","ESSFmm1","ESSFmm1/Ro","A0"
"5922","Add_2021","ESSFmm1","ESSFmm1/Ro","B0"
"5923","BECv10","ESSFmm2","ESSFmm2/01","E4"
"5924","BECv10","ESSFmm2","ESSFmm2/01","E3"
"5925","BECv10","ESSFmm2","ESSFmm2/01","D4"
"5926","BECv10","ESSFmm2","ESSFmm2/01","D3"
"5927","BECv10","ESSFmm2","ESSFmm2/01","C4"
"5928","BECv10","ESSFmm2","ESSFmm2/01","C3"
"5929","BECv10","ESSFmm2","ESSFmm2/01","B4"
"5930","BECv10","ESSFmm2","ESSFmm2/01","B3"
"5931","BECv10","ESSFmm2","ESSFmm2/01","A4"
"5932","BECv10","ESSFmm2","ESSFmm2/01","A3"
"5933","BECv10","ESSFmm2","ESSFmm2/02","C2"
"5934","BECv10","ESSFmm2","ESSFmm2/02","C1"
"5935","BECv10","ESSFmm2","ESSFmm2/02","B2"
"5936","BECv10","ESSFmm2","ESSFmm2/02","B1"
"5937","BECv10","ESSFmm2","ESSFmm2/02","A2"
"5938","BECv10","ESSFmm2","ESSFmm2/02","A1"
"5939","BECv10","ESSFmm2","ESSFmm2/03","E3"
"5940","BECv10","ESSFmm2","ESSFmm2/03","E2"
"5941","BECv10","ESSFmm2","ESSFmm2/03","E1"
"5942","BECv10","ESSFmm2","ESSFmm2/03","D3"
"5943","BECv10","ESSFmm2","ESSFmm2/03","D2"
"5944","BECv10","ESSFmm2","ESSFmm2/03","D1"
"5945","BECv10","ESSFmm2","ESSFmm2/03","C3"
"5946","BECv10","ESSFmm2","ESSFmm2/03","C2"
"5947","BECv10","ESSFmm2","ESSFmm2/03","C1"
"5948","BECv10","ESSFmm2","ESSFmm2/03","B3"
"5949","BECv10","ESSFmm2","ESSFmm2/03","B2"
"5950","BECv10","ESSFmm2","ESSFmm2/03","A3"
"5951","BECv10","ESSFmm2","ESSFmm2/03","A2"
"5952","BECv10","ESSFmm2","ESSFmm2/04","E5"
"5953","BECv10","ESSFmm2","ESSFmm2/04","E4"
"5954","BECv10","ESSFmm2","ESSFmm2/04","D5"
"5955","BECv10","ESSFmm2","ESSFmm2/04","D4"
"5956","BECv10","ESSFmm2","ESSFmm2/04","C5"
"5957","BECv10","ESSFmm2","ESSFmm2/04","C4"
"5958","BECv10","ESSFmm2","ESSFmm2/04","B5"
"5959","BECv10","ESSFmm2","ESSFmm2/04","B4"
"5960","BECv10","ESSFmm2","ESSFmm2/04","A5"
"5961","BECv10","ESSFmm2","ESSFmm2/04","A4"
"5962","BECv10","ESSFmm2","ESSFmm2/05","E7"
"5963","BECv10","ESSFmm2","ESSFmm2/05","E6"
"5964","BECv10","ESSFmm2","ESSFmm2/05","E5"
"5965","BECv10","ESSFmm2","ESSFmm2/05","D7"
"5966","BECv10","ESSFmm2","ESSFmm2/05","D6"
"5967","BECv10","ESSFmm2","ESSFmm2/05","D5"
"5968","BECv10","ESSFmm2","ESSFmm2/05","C7"
"5969","BECv10","ESSFmm2","ESSFmm2/05","C6"
"5970","BECv10","ESSFmm2","ESSFmm2/05","C5"
"5971","BECv10","ESSFmm2","ESSFmm2/05","B6"
"5972","BECv10","ESSFmm2","ESSFmm2/05","B5"
"5973","BECv10","ESSFmm2","ESSFmm2/05","A6"
"5974","BECv10","ESSFmm2","ESSFmm2/05","A5"
"5975","BECv10","ESSFmm2","ESSFmm2/06","C7"
"5976","BECv10","ESSFmm2","ESSFmm2/06","C6"
"5977","BECv10","ESSFmm2","ESSFmm2/06","B7"
"5978","BECv10","ESSFmm2","ESSFmm2/06","B6"
"5979","BECv10","ESSFmm2","ESSFmm2/06","A7"
"5980","BECv10","ESSFmm2","ESSFmm2/06","A6"
"5981","BECv10","ESSFmm2","ESSFmm2/07","B7"
"5982","BECv10","ESSFmm2","ESSFmm2/07","A7"
"5983","Add_2021","ESSFmm2","ESSFmm2/Ro","A0"
"5984","Add_2021","ESSFmm2","ESSFmm2/Ro","B0"
"5985","BECv11","ESSFmm3","ESSFmm3/101","D4"
"5986","BECv11","ESSFmm3","ESSFmm3/101","C4"
"5987","BECv11","ESSFmm3","ESSFmm3/101","B4"
"5988","BECv11","ESSFmm3","ESSFmm3/102","D1"
"5989","BECv11","ESSFmm3","ESSFmm3/102","C1"
"5990","BECv11","ESSFmm3","ESSFmm3/102","B1"
"5991","BECv11","ESSFmm3","ESSFmm3/102","A1"
"5992","BECv11","ESSFmm3","ESSFmm3/103","D2"
"5993","BECv11","ESSFmm3","ESSFmm3/103","C2"
"5994","BECv11","ESSFmm3","ESSFmm3/103","B2"
"5995","BECv11","ESSFmm3","ESSFmm3/104","D3"
"5996","BECv11","ESSFmm3","ESSFmm3/104","C3"
"5997","BECv11","ESSFmm3","ESSFmm3/104","B4"
"5998","BECv11","ESSFmm3","ESSFmm3/104","B3"
"5999","BECv11","ESSFmm3","ESSFmm3/110","D5"
"6000","BECv11","ESSFmm3","ESSFmm3/110","C6"
"6001","BECv11","ESSFmm3","ESSFmm3/110","C5"
"6002","BECv11","ESSFmm3","ESSFmm3/111","D6"
"6003","BECv11","ESSFmm3","ESSFmm3/111","D5"
"6004","BECv11","ESSFmm3","ESSFmm3/111","C6"
"6005","BECv11","ESSFmm3","ESSFmm3/111","C5"
"6006","BECv11","ESSFmm3","ESSFmm3/112","E7"
"6007","BECv11","ESSFmm3","ESSFmm3/112","E6"
"6008","BECv11","ESSFmm3","ESSFmm3/112","D7"
"6009","BECv11","ESSFmm3","ESSFmm3/112","D6"
"6010","BECv11","ESSFmm3","ESSFmm3/112","C7"
"6011","BECv11","ESSFmm3","ESSFmm3/112","C6"
"6012","BECv11","ESSFmm3","ESSFmm3/Ro","C0"
"6013","BECv11","ESSFmm3","ESSFmm3/Ro","B0"
"6014","BECv11","ESSFmm3","ESSFmm3/Ro","A0"
"6015","BECv10","ESSFmmp","ESSFmmp/00","E7"
"6016","BECv10","ESSFmmp","ESSFmmp/00","E6"
"6017","BECv10","ESSFmmp","ESSFmmp/00","E5"
"6018","BECv10","ESSFmmp","ESSFmmp/00","E4"
"6019","BECv10","ESSFmmp","ESSFmmp/00","E3"
"6020","BECv10","ESSFmmp","ESSFmmp/00","E2"
"6021","BECv10","ESSFmmp","ESSFmmp/00","E1"
"6022","BECv10","ESSFmmp","ESSFmmp/00","E0"
"6023","BECv10","ESSFmmp","ESSFmmp/00","D7"
"6024","BECv10","ESSFmmp","ESSFmmp/00","D6"
"6025","BECv10","ESSFmmp","ESSFmmp/00","D5"
"6026","BECv10","ESSFmmp","ESSFmmp/00","D4"
"6027","BECv10","ESSFmmp","ESSFmmp/00","D3"
"6028","BECv10","ESSFmmp","ESSFmmp/00","D2"
"6029","BECv10","ESSFmmp","ESSFmmp/00","D1"
"6030","BECv10","ESSFmmp","ESSFmmp/00","D0"
"6031","BECv10","ESSFmmp","ESSFmmp/00","C7"
"6032","BECv10","ESSFmmp","ESSFmmp/00","C6"
"6033","BECv10","ESSFmmp","ESSFmmp/00","C5"
"6034","BECv10","ESSFmmp","ESSFmmp/00","C4"
"6035","BECv10","ESSFmmp","ESSFmmp/00","C3"
"6036","BECv10","ESSFmmp","ESSFmmp/00","C2"
"6037","BECv10","ESSFmmp","ESSFmmp/00","C1"
"6038","BECv10","ESSFmmp","ESSFmmp/00","C0"
"6039","BECv10","ESSFmmp","ESSFmmp/00","B7"
"6040","BECv10","ESSFmmp","ESSFmmp/00","B6"
"6041","BECv10","ESSFmmp","ESSFmmp/00","B5"
"6042","BECv10","ESSFmmp","ESSFmmp/00","B4"
"6043","BECv10","ESSFmmp","ESSFmmp/00","B3"
"6044","BECv10","ESSFmmp","ESSFmmp/00","B2"
"6045","BECv10","ESSFmmp","ESSFmmp/00","B1"
"6046","BECv10","ESSFmmp","ESSFmmp/00","B0"
"6047","BECv10","ESSFmmp","ESSFmmp/00","A7"
"6048","BECv10","ESSFmmp","ESSFmmp/00","A6"
"6049","BECv10","ESSFmmp","ESSFmmp/00","A5"
"6050","BECv10","ESSFmmp","ESSFmmp/00","A4"
"6051","BECv10","ESSFmmp","ESSFmmp/00","A3"
"6052","BECv10","ESSFmmp","ESSFmmp/00","A2"
"6053","BECv10","ESSFmmp","ESSFmmp/00","A1"
"6054","BECv10","ESSFmmp","ESSFmmp/00","A0"
"6055","BECv10","ESSFmmw","ESSFmmw/01","D4"
"6056","BECv10","ESSFmmw","ESSFmmw/01","D3"
"6057","BECv10","ESSFmmw","ESSFmmw/01","C4"
"6058","BECv10","ESSFmmw","ESSFmmw/01","C3"
"6059","BECv10","ESSFmmw","ESSFmmw/01","B4"
"6060","BECv10","ESSFmmw","ESSFmmw/01","B3"
"6061","BECv10","ESSFmmw","ESSFmmw/02","B1"
"6062","BECv10","ESSFmmw","ESSFmmw/02","A1"
"6063","BECv10","ESSFmmw","ESSFmmw/03","B2"
"6064","BECv10","ESSFmmw","ESSFmmw/03","B1"
"6065","BECv10","ESSFmmw","ESSFmmw/03","A2"
"6066","BECv10","ESSFmmw","ESSFmmw/04","C2"
"6067","BECv10","ESSFmmw","ESSFmmw/04","B2"
"6068","BECv10","ESSFmmw","ESSFmmw/05","D5"
"6069","BECv10","ESSFmmw","ESSFmmw/05","C5"
"6070","BECv10","ESSFmmw","ESSFmmw/05","B5"
"6071","BECv10","ESSFmmw","ESSFmmw/06","D6"
"6072","BECv10","ESSFmmw","ESSFmmw/06","D5"
"6073","BECv10","ESSFmmw","ESSFmmw/06","C6"
"6074","BECv10","ESSFmmw","ESSFmmw/06","C5"
"6075","BECv10","ESSFmmw","ESSFmmw/06","B7"
"6076","BECv10","ESSFmmw","ESSFmmw/06","B6"
"6077","BECv10","ESSFmmw","ESSFmmw/06","B5"
"6078","BECv10","ESSFmmw","ESSFmmw/06","A7"
"6079","BECv10","ESSFmmw","ESSFmmw/07","B7"
"6080","BECv10","ESSFmmw","ESSFmmw/07","A7"
"6081","Add_2021","ESSFmmw","ESSFmmw/Ro","A0"
"6082","Add_2021","ESSFmmw","ESSFmmw/Ro","B0"
"6083","BECv10","ESSFmv1","ESSFmv1/01","D4"
"6084","BECv10","ESSFmv1","ESSFmv1/01","C4"
"6085","BECv10","ESSFmv1","ESSFmv1/01","B4"
"6086","BECv10","ESSFmv1","ESSFmv1/02","B2"
"6087","BECv10","ESSFmv1","ESSFmv1/02","B1"
"6088","BECv10","ESSFmv1","ESSFmv1/02","A2"
"6089","BECv10","ESSFmv1","ESSFmv1/02","A1"
"6090","BECv10","ESSFmv1","ESSFmv1/03","C4"
"6091","BECv10","ESSFmv1","ESSFmv1/03","C3"
"6092","BECv10","ESSFmv1","ESSFmv1/03","B4"
"6093","BECv10","ESSFmv1","ESSFmv1/03","B3"
"6094","BECv10","ESSFmv1","ESSFmv1/04","D6"
"6095","BECv10","ESSFmv1","ESSFmv1/04","D5"
"6096","BECv10","ESSFmv1","ESSFmv1/04","C6"
"6097","BECv10","ESSFmv1","ESSFmv1/04","C5"
"6098","BECv10","ESSFmv1","ESSFmv1/05","D7"
"6099","BECv10","ESSFmv1","ESSFmv1/05","D6"
"6100","BECv10","ESSFmv1","ESSFmv1/05","C7"
"6101","BECv10","ESSFmv1","ESSFmv1/05","C6"
"6102","Add_2021","ESSFmv1","ESSFmv1/Ro","A0"
"6103","Add_2021","ESSFmv1","ESSFmv1/Ro","B0"
"6104","BECv10","ESSFmv2","ESSFmv2/01","C4"
"6105","BECv10","ESSFmv2","ESSFmv2/01","C3"
"6106","BECv10","ESSFmv2","ESSFmv2/01","B4"
"6107","BECv10","ESSFmv2","ESSFmv2/01","B3"
"6108","BECv10","ESSFmv2","ESSFmv2/02","C3"
"6109","BECv10","ESSFmv2","ESSFmv2/02","C2"
"6110","BECv10","ESSFmv2","ESSFmv2/02","B3"
"6111","BECv10","ESSFmv2","ESSFmv2/02","B2"
"6112","BECv10","ESSFmv2","ESSFmv2/03","B5"
"6113","BECv10","ESSFmv2","ESSFmv2/03","B4"
"6114","BECv10","ESSFmv2","ESSFmv2/03","B3"
"6115","BECv10","ESSFmv2","ESSFmv2/03","A6"
"6116","BECv10","ESSFmv2","ESSFmv2/03","A5"
"6117","BECv10","ESSFmv2","ESSFmv2/03","A4"
"6118","BECv10","ESSFmv2","ESSFmv2/03","A3"
"6119","BECv10","ESSFmv2","ESSFmv2/04","D5"
"6120","BECv10","ESSFmv2","ESSFmv2/04","D4"
"6121","BECv10","ESSFmv2","ESSFmv2/04","C5"
"6122","BECv10","ESSFmv2","ESSFmv2/04","C4"
"6123","BECv10","ESSFmv2","ESSFmv2/05","E5"
"6124","BECv10","ESSFmv2","ESSFmv2/05","D5"
"6125","BECv10","ESSFmv2","ESSFmv2/06","D6"
"6126","BECv10","ESSFmv2","ESSFmv2/06","D5"
"6127","BECv10","ESSFmv2","ESSFmv2/06","C6"
"6128","BECv10","ESSFmv2","ESSFmv2/06","C5"
"6129","Add_2021","ESSFmv2","ESSFmv2/Ro","A0"
"6130","Add_2021","ESSFmv2","ESSFmv2/Ro","B0"
"6131","BECv10","ESSFmv3","ESSFmv3/01","D4"
"6132","BECv10","ESSFmv3","ESSFmv3/01","D3"
"6133","BECv10","ESSFmv3","ESSFmv3/01","C4"
"6134","BECv10","ESSFmv3","ESSFmv3/01","C3"
"6135","BECv10","ESSFmv3","ESSFmv3/01","B4"
"6136","BECv10","ESSFmv3","ESSFmv3/01","B3"
"6137","BECv10","ESSFmv3","ESSFmv3/02","B3"
"6138","BECv10","ESSFmv3","ESSFmv3/02","B2"
"6139","BECv10","ESSFmv3","ESSFmv3/02","A3"
"6140","BECv10","ESSFmv3","ESSFmv3/02","A2"
"6141","BECv10","ESSFmv3","ESSFmv3/03","B5"
"6142","BECv10","ESSFmv3","ESSFmv3/03","B4"
"6143","BECv10","ESSFmv3","ESSFmv3/03","B3"
"6144","BECv10","ESSFmv3","ESSFmv3/03","A5"
"6145","BECv10","ESSFmv3","ESSFmv3/03","A4"
"6146","BECv10","ESSFmv3","ESSFmv3/03","A3"
"6147","BECv10","ESSFmv3","ESSFmv3/04","D5"
"6148","BECv10","ESSFmv3","ESSFmv3/04","D4"
"6149","BECv10","ESSFmv3","ESSFmv3/04","C5"
"6150","BECv10","ESSFmv3","ESSFmv3/04","C4"
"6151","BECv10","ESSFmv3","ESSFmv3/05","D5"
"6152","BECv10","ESSFmv3","ESSFmv3/05","C5"
"6153","BECv10","ESSFmv3","ESSFmv3/06","D6"
"6154","BECv10","ESSFmv3","ESSFmv3/06","D5"
"6155","BECv10","ESSFmv3","ESSFmv3/06","C6"
"6156","BECv10","ESSFmv3","ESSFmv3/06","C5"
"6157","BECv10","ESSFmv3","ESSFmv3/07","D6"
"6158","BECv10","ESSFmv3","ESSFmv3/07","C6"
"6159","BECv10","ESSFmv3","ESSFmv3/08","C3"
"6160","BECv10","ESSFmv3","ESSFmv3/08","C2"
"6161","BECv10","ESSFmv3","ESSFmv3/08","B3"
"6162","BECv10","ESSFmv3","ESSFmv3/08","B2"
"6163","Add_2021","ESSFmv3","ESSFmv3/Ro","A0"
"6164","Add_2021","ESSFmv3","ESSFmv3/Ro","B0"
"6165","BECv10","ESSFmv4","ESSFmv4/01","D4"
"6166","BECv10","ESSFmv4","ESSFmv4/01","D3"
"6167","BECv10","ESSFmv4","ESSFmv4/01","C4"
"6168","BECv10","ESSFmv4","ESSFmv4/01","C3"
"6169","BECv10","ESSFmv4","ESSFmv4/01","B4"
"6170","BECv10","ESSFmv4","ESSFmv4/02","B3"
"6171","BECv10","ESSFmv4","ESSFmv4/02","B2"
"6172","BECv10","ESSFmv4","ESSFmv4/03","B6"
"6173","BECv10","ESSFmv4","ESSFmv4/03","B5"
"6174","BECv10","ESSFmv4","ESSFmv4/03","B4"
"6175","BECv10","ESSFmv4","ESSFmv4/03","B3"
"6176","BECv10","ESSFmv4","ESSFmv4/03","A6"
"6177","BECv10","ESSFmv4","ESSFmv4/03","A5"
"6178","BECv10","ESSFmv4","ESSFmv4/03","A4"
"6179","BECv10","ESSFmv4","ESSFmv4/03","A3"
"6180","BECv10","ESSFmv4","ESSFmv4/04","E5"
"6181","BECv10","ESSFmv4","ESSFmv4/04","D5"
"6182","BECv10","ESSFmv4","ESSFmv4/04","C5"
"6183","BECv10","ESSFmv4","ESSFmv4/05","D6"
"6184","BECv10","ESSFmv4","ESSFmv4/05","C6"
"6185","BECv10","ESSFmv4","ESSFmv4/05","B6"
"6186","Add_2021","ESSFmv4","ESSFmv4/Ro","A0"
"6187","Add_2021","ESSFmv4","ESSFmv4/Ro","B0"
"6188","BECv10","ESSFmvp","ESSFmvp/00","E7"
"6189","BECv10","ESSFmvp","ESSFmvp/00","E6"
"6190","BECv10","ESSFmvp","ESSFmvp/00","E5"
"6191","BECv10","ESSFmvp","ESSFmvp/00","E4"
"6192","BECv10","ESSFmvp","ESSFmvp/00","E3"
"6193","BECv10","ESSFmvp","ESSFmvp/00","E2"
"6194","BECv10","ESSFmvp","ESSFmvp/00","E1"
"6195","BECv10","ESSFmvp","ESSFmvp/00","E0"
"6196","BECv10","ESSFmvp","ESSFmvp/00","D7"
"6197","BECv10","ESSFmvp","ESSFmvp/00","D6"
"6198","BECv10","ESSFmvp","ESSFmvp/00","D5"
"6199","BECv10","ESSFmvp","ESSFmvp/00","D4"
"6200","BECv10","ESSFmvp","ESSFmvp/00","D3"
"6201","BECv10","ESSFmvp","ESSFmvp/00","D2"
"6202","BECv10","ESSFmvp","ESSFmvp/00","D1"
"6203","BECv10","ESSFmvp","ESSFmvp/00","D0"
"6204","BECv10","ESSFmvp","ESSFmvp/00","C7"
"6205","BECv10","ESSFmvp","ESSFmvp/00","C6"
"6206","BECv10","ESSFmvp","ESSFmvp/00","C5"
"6207","BECv10","ESSFmvp","ESSFmvp/00","C4"
"6208","BECv10","ESSFmvp","ESSFmvp/00","C3"
"6209","BECv10","ESSFmvp","ESSFmvp/00","C2"
"6210","BECv10","ESSFmvp","ESSFmvp/00","C1"
"6211","BECv10","ESSFmvp","ESSFmvp/00","C0"
"6212","BECv10","ESSFmvp","ESSFmvp/00","B7"
"6213","BECv10","ESSFmvp","ESSFmvp/00","B6"
"6214","BECv10","ESSFmvp","ESSFmvp/00","B5"
"6215","BECv10","ESSFmvp","ESSFmvp/00","B4"
"6216","BECv10","ESSFmvp","ESSFmvp/00","B3"
"6217","BECv10","ESSFmvp","ESSFmvp/00","B2"
"6218","BECv10","ESSFmvp","ESSFmvp/00","B1"
"6219","BECv10","ESSFmvp","ESSFmvp/00","B0"
"6220","BECv10","ESSFmvp","ESSFmvp/00","A7"
"6221","BECv10","ESSFmvp","ESSFmvp/00","A6"
"6222","BECv10","ESSFmvp","ESSFmvp/00","A5"
"6223","BECv10","ESSFmvp","ESSFmvp/00","A4"
"6224","BECv10","ESSFmvp","ESSFmvp/00","A3"
"6225","BECv10","ESSFmvp","ESSFmvp/00","A2"
"6226","BECv10","ESSFmvp","ESSFmvp/00","A1"
"6227","BECv10","ESSFmvp","ESSFmvp/00","A0"
"6228","BECv10","ESSFmw","ESSFmw/01","D4"
"6229","BECv10","ESSFmw","ESSFmw/01","D3"
"6230","BECv10","ESSFmw","ESSFmw/01","C4"
"6231","BECv10","ESSFmw","ESSFmw/01","C3"
"6232","BECv10","ESSFmw","ESSFmw/01","B4"
"6233","BECv10","ESSFmw","ESSFmw/01","B3"
"6234","BECv10","ESSFmw","ESSFmw/01","A4"
"6235","BECv10","ESSFmw","ESSFmw/01","A3"
"6236","BECv10","ESSFmw","ESSFmw/02","D1"
"6237","BECv10","ESSFmw","ESSFmw/02","D0"
"6238","BECv10","ESSFmw","ESSFmw/02","C1"
"6239","BECv10","ESSFmw","ESSFmw/02","C0"
"6240","BECv10","ESSFmw","ESSFmw/02","B1"
"6241","BECv10","ESSFmw","ESSFmw/02","B0"
"6242","BECv10","ESSFmw","ESSFmw/02","A1"
"6243","BECv10","ESSFmw","ESSFmw/02","A0"
"6244","BECv10","ESSFmw","ESSFmw/03","D3"
"6245","BECv10","ESSFmw","ESSFmw/03","D2"
"6246","BECv10","ESSFmw","ESSFmw/03","D1"
"6247","BECv10","ESSFmw","ESSFmw/03","C3"
"6248","BECv10","ESSFmw","ESSFmw/03","C2"
"6249","BECv10","ESSFmw","ESSFmw/03","C1"
"6250","BECv10","ESSFmw","ESSFmw/03","B3"
"6251","BECv10","ESSFmw","ESSFmw/03","B2"
"6252","BECv10","ESSFmw","ESSFmw/03","B1"
"6253","BECv10","ESSFmw","ESSFmw/03","A3"
"6254","BECv10","ESSFmw","ESSFmw/03","A2"
"6255","BECv10","ESSFmw","ESSFmw/03","A1"
"6256","BECv10","ESSFmw","ESSFmw/04","C4"
"6257","BECv10","ESSFmw","ESSFmw/04","C3"
"6258","BECv10","ESSFmw","ESSFmw/04","C2"
"6259","BECv10","ESSFmw","ESSFmw/04","B4"
"6260","BECv10","ESSFmw","ESSFmw/04","B3"
"6261","BECv10","ESSFmw","ESSFmw/04","B2"
"6262","BECv10","ESSFmw","ESSFmw/04","A4"
"6263","BECv10","ESSFmw","ESSFmw/04","A3"
"6264","BECv10","ESSFmw","ESSFmw/04","A2"
"6265","BECv10","ESSFmw","ESSFmw/05","C5"
"6266","BECv10","ESSFmw","ESSFmw/05","C4"
"6267","BECv10","ESSFmw","ESSFmw/05","B5"
"6268","BECv10","ESSFmw","ESSFmw/05","B4"
"6269","BECv10","ESSFmw","ESSFmw/05","A5"
"6270","BECv10","ESSFmw","ESSFmw/05","A4"
"6271","BECv10","ESSFmw","ESSFmw/06","E6"
"6272","BECv10","ESSFmw","ESSFmw/06","E5"
"6273","BECv10","ESSFmw","ESSFmw/06","E4"
"6274","BECv10","ESSFmw","ESSFmw/06","D6"
"6275","BECv10","ESSFmw","ESSFmw/06","D5"
"6276","BECv10","ESSFmw","ESSFmw/06","D4"
"6277","BECv10","ESSFmw","ESSFmw/06","C6"
"6278","BECv10","ESSFmw","ESSFmw/06","C5"
"6279","BECv10","ESSFmw","ESSFmw/06","C4"
"6280","BECv10","ESSFmw","ESSFmw/07","E7"
"6281","BECv10","ESSFmw","ESSFmw/07","E6"
"6282","BECv10","ESSFmw","ESSFmw/07","E5"
"6283","BECv10","ESSFmw","ESSFmw/07","D7"
"6284","BECv10","ESSFmw","ESSFmw/07","D6"
"6285","BECv10","ESSFmw","ESSFmw/07","D5"
"6286","BECv10","ESSFmw","ESSFmw/08","E7"
"6287","BECv10","ESSFmw","ESSFmw/08","E6"
"6288","BECv10","ESSFmw","ESSFmw/08","D7"
"6289","BECv10","ESSFmw","ESSFmw/08","D6"
"6290","BECv10","ESSFmw","ESSFmw/08","C7"
"6291","BECv10","ESSFmw","ESSFmw/08","C6"
"6292","USA_2019","ESSFmw_WA","ESSFmw_WA/101","D4"
"6293","USA_2019","ESSFmw_WA","ESSFmw_WA/101","D3"
"6294","USA_2019","ESSFmw_WA","ESSFmw_WA/101","C4"
"6295","USA_2019","ESSFmw_WA","ESSFmw_WA/101","C3"
"6296","USA_2019","ESSFmw_WA","ESSFmw_WA/101","B4"
"6297","USA_2019","ESSFmw_WA","ESSFmw_WA/101","B3"
"6298","USA_2019","ESSFmw_WA","ESSFmw_WA/102","D1"
"6299","USA_2019","ESSFmw_WA","ESSFmw_WA/102","C1"
"6300","USA_2019","ESSFmw_WA","ESSFmw_WA/102","B1"
"6301","USA_2019","ESSFmw_WA","ESSFmw_WA/102","A1"
"6302","USA_2019","ESSFmw_WA","ESSFmw_WA/103","D2"
"6303","USA_2019","ESSFmw_WA","ESSFmw_WA/103","C2"
"6304","USA_2019","ESSFmw_WA","ESSFmw_WA/103","B2"
"6305","USA_2019","ESSFmw_WA","ESSFmw_WA/103","A2"
"6306","USA_2019","ESSFmw_WA","ESSFmw_WA/110","E5"
"6307","USA_2019","ESSFmw_WA","ESSFmw_WA/110","D5"
"6308","USA_2019","ESSFmw_WA","ESSFmw_WA/110","C5"
"6309","USA_2019","ESSFmw_WA","ESSFmw_WA/110","B5"
"6310","USA_2019","ESSFmw_WA","ESSFmw_WA/111","E6"
"6311","USA_2019","ESSFmw_WA","ESSFmw_WA/111","D6"
"6312","USA_2019","ESSFmw_WA","ESSFmw_WA/111","C6"
"6313","USA_2019","ESSFmw_WA","ESSFmw_WA/111","B6"
"6314","Add_2021","ESSFmw_WA","ESSFmw_WA/Ro","A0"
"6315","Add_2021","ESSFmw_WA","ESSFmw_WA/Ro","B0"
"6316","BECv12","ESSFmw1","ESSFmw1/101","D4"
"6317","BECv12","ESSFmw1","ESSFmw1/101","D3"
"6318","BECv12","ESSFmw1","ESSFmw1/101","C4"
"6319","BECv12","ESSFmw1","ESSFmw1/101","C3"
"6320","BECv12","ESSFmw1","ESSFmw1/101","B4"
"6321","BECv12","ESSFmw1","ESSFmw1/101","B3"
"6322","BECv12","ESSFmw1","ESSFmw1/101","C5"
"6323","BECv12","ESSFmw1","ESSFmw1/102","B1"
"6324","BECv12","ESSFmw1","ESSFmw1/102","B0"
"6325","BECv12","ESSFmw1","ESSFmw1/102","A1"
"6326","BECv12","ESSFmw1","ESSFmw1/102","A0"
"6327","BECv12","ESSFmw1","ESSFmw1/102.1","B1"
"6328","BECv12","ESSFmw1","ESSFmw1/102.1","B0"
"6329","BECv12","ESSFmw1","ESSFmw1/102.1","A1"
"6330","BECv12","ESSFmw1","ESSFmw1/102.1","A0"
"6331","BECv12","ESSFmw1","ESSFmw1/102.2","B1"
"6332","BECv12","ESSFmw1","ESSFmw1/102.2","B0"
"6333","BECv12","ESSFmw1","ESSFmw1/102.2","A1"
"6334","BECv12","ESSFmw1","ESSFmw1/102.2","A0"
"6335","BECv12","ESSFmw1","ESSFmw1/103","C2"
"6336","BECv12","ESSFmw1","ESSFmw1/103","C1"
"6337","BECv12","ESSFmw1","ESSFmw1/103","B2"
"6338","BECv12","ESSFmw1","ESSFmw1/104","D3"
"6339","BECv12","ESSFmw1","ESSFmw1/104","D2"
"6340","BECv12","ESSFmw1","ESSFmw1/104","C2"
"6341","BECv12","ESSFmw1","ESSFmw1/105","C3"
"6342","BECv12","ESSFmw1","ESSFmw1/105","B3"
"6343","BECv12","ESSFmw1","ESSFmw1/110","E6"
"6344","BECv12","ESSFmw1","ESSFmw1/110","D6"
"6345","BECv12","ESSFmw1","ESSFmw1/110","D5"
"6346","BECv12","ESSFmw1","ESSFmw1/111","E7"
"6347","BECv12","ESSFmw1","ESSFmw1/111","E6"
"6348","BECv12","ESSFmw1","ESSFmw1/111","D7"
"6349","BECv12","ESSFmw1","ESSFmw1/111","D6"
"6350","BECv10","ESSFmw2","ESSFmw2/01","D4"
"6351","BECv10","ESSFmw2","ESSFmw2/01","D3"
"6352","BECv10","ESSFmw2","ESSFmw2/01","C4"
"6353","BECv10","ESSFmw2","ESSFmw2/01","C3"
"6354","BECv10","ESSFmw2","ESSFmw2/01","B4"
"6355","BECv10","ESSFmw2","ESSFmw2/01","B3"
"6356","BECv10","ESSFmw2","ESSFmw2/01","A4"
"6357","BECv10","ESSFmw2","ESSFmw2/01","A3"
"6358","BECv10","ESSFmw2","ESSFmw2/02","D1"
"6359","BECv10","ESSFmw2","ESSFmw2/02","D0"
"6360","BECv10","ESSFmw2","ESSFmw2/02","C1"
"6361","BECv10","ESSFmw2","ESSFmw2/02","C0"
"6362","BECv10","ESSFmw2","ESSFmw2/02","B1"
"6363","BECv10","ESSFmw2","ESSFmw2/02","B0"
"6364","BECv10","ESSFmw2","ESSFmw2/02","A1"
"6365","BECv10","ESSFmw2","ESSFmw2/02","A0"
"6366","BECv10","ESSFmw2","ESSFmw2/03","D3"
"6367","BECv10","ESSFmw2","ESSFmw2/03","D2"
"6368","BECv10","ESSFmw2","ESSFmw2/03","D1"
"6369","BECv10","ESSFmw2","ESSFmw2/03","C3"
"6370","BECv10","ESSFmw2","ESSFmw2/03","C2"
"6371","BECv10","ESSFmw2","ESSFmw2/03","C1"
"6372","BECv10","ESSFmw2","ESSFmw2/03","B3"
"6373","BECv10","ESSFmw2","ESSFmw2/03","B2"
"6374","BECv10","ESSFmw2","ESSFmw2/03","B1"
"6375","BECv10","ESSFmw2","ESSFmw2/03","A3"
"6376","BECv10","ESSFmw2","ESSFmw2/03","A2"
"6377","BECv10","ESSFmw2","ESSFmw2/03","A1"
"6378","BECv10","ESSFmw2","ESSFmw2/04","C4"
"6379","BECv10","ESSFmw2","ESSFmw2/04","C3"
"6380","BECv10","ESSFmw2","ESSFmw2/04","C2"
"6381","BECv10","ESSFmw2","ESSFmw2/04","B4"
"6382","BECv10","ESSFmw2","ESSFmw2/04","B3"
"6383","BECv10","ESSFmw2","ESSFmw2/04","B2"
"6384","BECv10","ESSFmw2","ESSFmw2/04","A4"
"6385","BECv10","ESSFmw2","ESSFmw2/04","A3"
"6386","BECv10","ESSFmw2","ESSFmw2/04","A2"
"6387","BECv10","ESSFmw2","ESSFmw2/05","C5"
"6388","BECv10","ESSFmw2","ESSFmw2/05","C4"
"6389","BECv10","ESSFmw2","ESSFmw2/05","B5"
"6390","BECv10","ESSFmw2","ESSFmw2/05","B4"
"6391","BECv10","ESSFmw2","ESSFmw2/05","A5"
"6392","BECv10","ESSFmw2","ESSFmw2/05","A4"
"6393","BECv10","ESSFmw2","ESSFmw2/06","E6"
"6394","BECv10","ESSFmw2","ESSFmw2/06","E5"
"6395","BECv10","ESSFmw2","ESSFmw2/06","E4"
"6396","BECv10","ESSFmw2","ESSFmw2/06","D6"
"6397","BECv10","ESSFmw2","ESSFmw2/06","D5"
"6398","BECv10","ESSFmw2","ESSFmw2/06","D4"
"6399","BECv10","ESSFmw2","ESSFmw2/06","C6"
"6400","BECv10","ESSFmw2","ESSFmw2/06","C5"
"6401","BECv10","ESSFmw2","ESSFmw2/06","C4"
"6402","BECv10","ESSFmw2","ESSFmw2/07","E7"
"6403","BECv10","ESSFmw2","ESSFmw2/07","E6"
"6404","BECv10","ESSFmw2","ESSFmw2/07","E5"
"6405","BECv10","ESSFmw2","ESSFmw2/07","D7"
"6406","BECv10","ESSFmw2","ESSFmw2/07","D6"
"6407","BECv10","ESSFmw2","ESSFmw2/07","D5"
"6408","BECv10","ESSFmw2","ESSFmw2/08","E7"
"6409","BECv10","ESSFmw2","ESSFmw2/08","E6"
"6410","BECv10","ESSFmw2","ESSFmw2/08","D7"
"6411","BECv10","ESSFmw2","ESSFmw2/08","D6"
"6412","BECv10","ESSFmw2","ESSFmw2/08","C7"
"6413","BECv10","ESSFmw2","ESSFmw2/08","C6"
"6414","BECv10","ESSFmwp","ESSFmwp/00","E7"
"6415","BECv10","ESSFmwp","ESSFmwp/00","E6"
"6416","BECv10","ESSFmwp","ESSFmwp/00","E5"
"6417","BECv10","ESSFmwp","ESSFmwp/00","E4"
"6418","BECv10","ESSFmwp","ESSFmwp/00","E3"
"6419","BECv10","ESSFmwp","ESSFmwp/00","E2"
"6420","BECv10","ESSFmwp","ESSFmwp/00","E1"
"6421","BECv10","ESSFmwp","ESSFmwp/00","E0"
"6422","BECv10","ESSFmwp","ESSFmwp/00","D7"
"6423","BECv10","ESSFmwp","ESSFmwp/00","D6"
"6424","BECv10","ESSFmwp","ESSFmwp/00","D5"
"6425","BECv10","ESSFmwp","ESSFmwp/00","D4"
"6426","BECv10","ESSFmwp","ESSFmwp/00","D3"
"6427","BECv10","ESSFmwp","ESSFmwp/00","D2"
"6428","BECv10","ESSFmwp","ESSFmwp/00","D1"
"6429","BECv10","ESSFmwp","ESSFmwp/00","D0"
"6430","BECv10","ESSFmwp","ESSFmwp/00","C7"
"6431","BECv10","ESSFmwp","ESSFmwp/00","C6"
"6432","BECv10","ESSFmwp","ESSFmwp/00","C5"
"6433","BECv10","ESSFmwp","ESSFmwp/00","C4"
"6434","BECv10","ESSFmwp","ESSFmwp/00","C3"
"6435","BECv10","ESSFmwp","ESSFmwp/00","C2"
"6436","BECv10","ESSFmwp","ESSFmwp/00","C1"
"6437","BECv10","ESSFmwp","ESSFmwp/00","C0"
"6438","BECv10","ESSFmwp","ESSFmwp/00","B7"
"6439","BECv10","ESSFmwp","ESSFmwp/00","B6"
"6440","BECv10","ESSFmwp","ESSFmwp/00","B5"
"6441","BECv10","ESSFmwp","ESSFmwp/00","B4"
"6442","BECv10","ESSFmwp","ESSFmwp/00","B3"
"6443","BECv10","ESSFmwp","ESSFmwp/00","B2"
"6444","BECv10","ESSFmwp","ESSFmwp/00","B1"
"6445","BECv10","ESSFmwp","ESSFmwp/00","B0"
"6446","BECv10","ESSFmwp","ESSFmwp/00","A7"
"6447","BECv10","ESSFmwp","ESSFmwp/00","A6"
"6448","BECv10","ESSFmwp","ESSFmwp/00","A5"
"6449","BECv10","ESSFmwp","ESSFmwp/00","A4"
"6450","BECv10","ESSFmwp","ESSFmwp/00","A3"
"6451","BECv10","ESSFmwp","ESSFmwp/00","A2"
"6452","BECv10","ESSFmwp","ESSFmwp/00","A1"
"6453","BECv10","ESSFmwp","ESSFmwp/00","A0"
"6454","USA_2019","ESSFmwp_WA","ESSFmwp_WA/00","E7"
"6455","USA_2019","ESSFmwp_WA","ESSFmwp_WA/00","E6"
"6456","USA_2019","ESSFmwp_WA","ESSFmwp_WA/00","E5"
"6457","USA_2019","ESSFmwp_WA","ESSFmwp_WA/00","E4"
"6458","USA_2019","ESSFmwp_WA","ESSFmwp_WA/00","E3"
"6459","USA_2019","ESSFmwp_WA","ESSFmwp_WA/00","E2"
"6460","USA_2019","ESSFmwp_WA","ESSFmwp_WA/00","E1"
"6461","USA_2019","ESSFmwp_WA","ESSFmwp_WA/00","E0"
"6462","USA_2019","ESSFmwp_WA","ESSFmwp_WA/00","D7"
"6463","USA_2019","ESSFmwp_WA","ESSFmwp_WA/00","D6"
"6464","USA_2019","ESSFmwp_WA","ESSFmwp_WA/00","D5"
"6465","USA_2019","ESSFmwp_WA","ESSFmwp_WA/00","D4"
"6466","USA_2019","ESSFmwp_WA","ESSFmwp_WA/00","D3"
"6467","USA_2019","ESSFmwp_WA","ESSFmwp_WA/00","D2"
"6468","USA_2019","ESSFmwp_WA","ESSFmwp_WA/00","D1"
"6469","USA_2019","ESSFmwp_WA","ESSFmwp_WA/00","D0"
"6470","USA_2019","ESSFmwp_WA","ESSFmwp_WA/00","C7"
"6471","USA_2019","ESSFmwp_WA","ESSFmwp_WA/00","C6"
"6472","USA_2019","ESSFmwp_WA","ESSFmwp_WA/00","C5"
"6473","USA_2019","ESSFmwp_WA","ESSFmwp_WA/00","C4"
"6474","USA_2019","ESSFmwp_WA","ESSFmwp_WA/00","C3"
"6475","USA_2019","ESSFmwp_WA","ESSFmwp_WA/00","C2"
"6476","USA_2019","ESSFmwp_WA","ESSFmwp_WA/00","C1"
"6477","USA_2019","ESSFmwp_WA","ESSFmwp_WA/00","C0"
"6478","USA_2019","ESSFmwp_WA","ESSFmwp_WA/00","B7"
"6479","USA_2019","ESSFmwp_WA","ESSFmwp_WA/00","B6"
"6480","USA_2019","ESSFmwp_WA","ESSFmwp_WA/00","B5"
"6481","USA_2019","ESSFmwp_WA","ESSFmwp_WA/00","B4"
"6482","USA_2019","ESSFmwp_WA","ESSFmwp_WA/00","B3"
"6483","USA_2019","ESSFmwp_WA","ESSFmwp_WA/00","B2"
"6484","USA_2019","ESSFmwp_WA","ESSFmwp_WA/00","B1"
"6485","USA_2019","ESSFmwp_WA","ESSFmwp_WA/00","B0"
"6486","USA_2019","ESSFmwp_WA","ESSFmwp_WA/00","A7"
"6487","USA_2019","ESSFmwp_WA","ESSFmwp_WA/00","A6"
"6488","USA_2019","ESSFmwp_WA","ESSFmwp_WA/00","A5"
"6489","USA_2019","ESSFmwp_WA","ESSFmwp_WA/00","A4"
"6490","USA_2019","ESSFmwp_WA","ESSFmwp_WA/00","A3"
"6491","USA_2019","ESSFmwp_WA","ESSFmwp_WA/00","A2"
"6492","USA_2019","ESSFmwp_WA","ESSFmwp_WA/00","A1"
"6493","USA_2019","ESSFmwp_WA","ESSFmwp_WA/00","A0"
"6494","BECv13","ESSFmww","ESSFmww/101","D4"
"6495","BECv13","ESSFmww","ESSFmww/101","D3"
"6496","BECv13","ESSFmww","ESSFmww/101","C4"
"6497","BECv13","ESSFmww","ESSFmww/101","C3"
"6498","BECv13","ESSFmww","ESSFmww/101","B4"
"6499","BECv13","ESSFmww","ESSFmww/101","B3"
"6500","BECv13","ESSFmww","ESSFmww/101","A4"
"6501","BECv13","ESSFmww","ESSFmww/102","D1"
"6502","BECv13","ESSFmww","ESSFmww/102","D0"
"6503","BECv13","ESSFmww","ESSFmww/102","C1"
"6504","BECv13","ESSFmww","ESSFmww/102","C0"
"6505","BECv13","ESSFmww","ESSFmww/102","B1"
"6506","BECv13","ESSFmww","ESSFmww/102","B0"
"6507","BECv13","ESSFmww","ESSFmww/102","A1"
"6508","BECv13","ESSFmww","ESSFmww/102","A0"
"6509","BECv13","ESSFmww","ESSFmww/103","D2"
"6510","BECv13","ESSFmww","ESSFmww/103","C3"
"6511","BECv13","ESSFmww","ESSFmww/103","C2"
"6512","BECv13","ESSFmww","ESSFmww/103","B3"
"6513","BECv13","ESSFmww","ESSFmww/103","B2"
"6514","BECv13","ESSFmww","ESSFmww/103","A3"
"6515","BECv13","ESSFmww","ESSFmww/103","A2"
"6516","BECv13","ESSFmww","ESSFmww/110","E6"
"6517","BECv13","ESSFmww","ESSFmww/110","E5"
"6518","BECv13","ESSFmww","ESSFmww/110","D6"
"6519","BECv13","ESSFmww","ESSFmww/110","D5"
"6520","BECv13","ESSFmww","ESSFmww/110","C6"
"6521","BECv13","ESSFmww","ESSFmww/110","C5"
"6522","BECv10","ESSFun","ESSFun/h","E7"
"6523","BECv10","ESSFun","ESSFun/h","E6"
"6524","BECv10","ESSFun","ESSFun/h","E5"
"6525","BECv10","ESSFun","ESSFun/h","D7"
"6526","BECv10","ESSFun","ESSFun/h","D6"
"6527","BECv10","ESSFun","ESSFun/h","D5"
"6528","BECv10","ESSFun","ESSFun/h","C7"
"6529","BECv10","ESSFun","ESSFun/h","C6"
"6530","BECv10","ESSFun","ESSFun/h","C5"
"6531","BECv10","ESSFun","ESSFun/h","B7"
"6532","BECv10","ESSFun","ESSFun/h","B6"
"6533","BECv10","ESSFun","ESSFun/h","B5"
"6534","BECv10","ESSFun","ESSFun/h","A7"
"6535","BECv10","ESSFun","ESSFun/h","A6"
"6536","BECv10","ESSFun","ESSFun/h","A5"
"6537","BECv10","ESSFun","ESSFun/m","E4"
"6538","BECv10","ESSFun","ESSFun/m","E3"
"6539","BECv10","ESSFun","ESSFun/m","D4"
"6540","BECv10","ESSFun","ESSFun/m","D3"
"6541","BECv10","ESSFun","ESSFun/m","C4"
"6542","BECv10","ESSFun","ESSFun/m","C3"
"6543","BECv10","ESSFun","ESSFun/m","B4"
"6544","BECv10","ESSFun","ESSFun/m","B3"
"6545","BECv10","ESSFun","ESSFun/m","A4"
"6546","BECv10","ESSFun","ESSFun/m","A3"
"6547","BECv10","ESSFun","ESSFun/x","E2"
"6548","BECv10","ESSFun","ESSFun/x","E1"
"6549","BECv10","ESSFun","ESSFun/x","E0"
"6550","BECv10","ESSFun","ESSFun/x","D2"
"6551","BECv10","ESSFun","ESSFun/x","D1"
"6552","BECv10","ESSFun","ESSFun/x","D0"
"6553","BECv10","ESSFun","ESSFun/x","C2"
"6554","BECv10","ESSFun","ESSFun/x","C1"
"6555","BECv10","ESSFun","ESSFun/x","C0"
"6556","BECv10","ESSFun","ESSFun/x","B2"
"6557","BECv10","ESSFun","ESSFun/x","B1"
"6558","BECv10","ESSFun","ESSFun/x","B0"
"6559","BECv10","ESSFun","ESSFun/x","A2"
"6560","BECv10","ESSFun","ESSFun/x","A1"
"6561","BECv10","ESSFun","ESSFun/x","A0"
"6562","BECv10","ESSFunp","ESSFunp/00","E7"
"6563","BECv10","ESSFunp","ESSFunp/00","E6"
"6564","BECv10","ESSFunp","ESSFunp/00","E5"
"6565","BECv10","ESSFunp","ESSFunp/00","E4"
"6566","BECv10","ESSFunp","ESSFunp/00","E3"
"6567","BECv10","ESSFunp","ESSFunp/00","E2"
"6568","BECv10","ESSFunp","ESSFunp/00","E1"
"6569","BECv10","ESSFunp","ESSFunp/00","E0"
"6570","BECv10","ESSFunp","ESSFunp/00","D7"
"6571","BECv10","ESSFunp","ESSFunp/00","D6"
"6572","BECv10","ESSFunp","ESSFunp/00","D5"
"6573","BECv10","ESSFunp","ESSFunp/00","D4"
"6574","BECv10","ESSFunp","ESSFunp/00","D3"
"6575","BECv10","ESSFunp","ESSFunp/00","D2"
"6576","BECv10","ESSFunp","ESSFunp/00","D1"
"6577","BECv10","ESSFunp","ESSFunp/00","D0"
"6578","BECv10","ESSFunp","ESSFunp/00","C7"
"6579","BECv10","ESSFunp","ESSFunp/00","C6"
"6580","BECv10","ESSFunp","ESSFunp/00","C5"
"6581","BECv10","ESSFunp","ESSFunp/00","C4"
"6582","BECv10","ESSFunp","ESSFunp/00","C3"
"6583","BECv10","ESSFunp","ESSFunp/00","C2"
"6584","BECv10","ESSFunp","ESSFunp/00","C1"
"6585","BECv10","ESSFunp","ESSFunp/00","C0"
"6586","BECv10","ESSFunp","ESSFunp/00","B7"
"6587","BECv10","ESSFunp","ESSFunp/00","B6"
"6588","BECv10","ESSFunp","ESSFunp/00","B5"
"6589","BECv10","ESSFunp","ESSFunp/00","B4"
"6590","BECv10","ESSFunp","ESSFunp/00","B3"
"6591","BECv10","ESSFunp","ESSFunp/00","B2"
"6592","BECv10","ESSFunp","ESSFunp/00","B1"
"6593","BECv10","ESSFunp","ESSFunp/00","B0"
"6594","BECv10","ESSFunp","ESSFunp/00","A7"
"6595","BECv10","ESSFunp","ESSFunp/00","A6"
"6596","BECv10","ESSFunp","ESSFunp/00","A5"
"6597","BECv10","ESSFunp","ESSFunp/00","A4"
"6598","BECv10","ESSFunp","ESSFunp/00","A3"
"6599","BECv10","ESSFunp","ESSFunp/00","A2"
"6600","BECv10","ESSFunp","ESSFunp/00","A1"
"6601","BECv10","ESSFunp","ESSFunp/00","A0"
"6602","BECv10","ESSFvc","ESSFvc/01","D4"
"6603","BECv10","ESSFvc","ESSFvc/01","D3"
"6604","BECv10","ESSFvc","ESSFvc/01","D2"
"6605","BECv10","ESSFvc","ESSFvc/01","C4"
"6606","BECv10","ESSFvc","ESSFvc/01","C3"
"6607","BECv10","ESSFvc","ESSFvc/01","C2"
"6608","BECv10","ESSFvc","ESSFvc/01","B4"
"6609","BECv10","ESSFvc","ESSFvc/01","B3"
"6610","BECv10","ESSFvc","ESSFvc/01","B2"
"6611","BECv10","ESSFvc","ESSFvc/01","A4"
"6612","BECv10","ESSFvc","ESSFvc/01","A3"
"6613","BECv10","ESSFvc","ESSFvc/01","A2"
"6614","BECv10","ESSFvc","ESSFvc/02","B2"
"6615","BECv10","ESSFvc","ESSFvc/02","B1"
"6616","BECv10","ESSFvc","ESSFvc/02","B0"
"6617","BECv10","ESSFvc","ESSFvc/02","A2"
"6618","BECv10","ESSFvc","ESSFvc/02","A1"
"6619","BECv10","ESSFvc","ESSFvc/02","A0"
"6620","BECv10","ESSFvc","ESSFvc/03","D3"
"6621","BECv10","ESSFvc","ESSFvc/03","D2"
"6622","BECv10","ESSFvc","ESSFvc/03","D1"
"6623","BECv10","ESSFvc","ESSFvc/03","C3"
"6624","BECv10","ESSFvc","ESSFvc/03","C2"
"6625","BECv10","ESSFvc","ESSFvc/03","C1"
"6626","BECv10","ESSFvc","ESSFvc/03","C0"
"6627","BECv10","ESSFvc","ESSFvc/03","B3"
"6628","BECv10","ESSFvc","ESSFvc/03","B2"
"6629","BECv10","ESSFvc","ESSFvc/03","B1"
"6630","BECv10","ESSFvc","ESSFvc/03","B0"
"6631","BECv10","ESSFvc","ESSFvc/03","A3"
"6632","BECv10","ESSFvc","ESSFvc/03","A2"
"6633","BECv10","ESSFvc","ESSFvc/04","E6"
"6634","BECv10","ESSFvc","ESSFvc/04","E5"
"6635","BECv10","ESSFvc","ESSFvc/04","E4"
"6636","BECv10","ESSFvc","ESSFvc/04","D6"
"6637","BECv10","ESSFvc","ESSFvc/04","D5"
"6638","BECv10","ESSFvc","ESSFvc/04","D4"
"6639","BECv10","ESSFvc","ESSFvc/04","C6"
"6640","BECv10","ESSFvc","ESSFvc/04","C5"
"6641","BECv10","ESSFvc","ESSFvc/04","C4"
"6642","BECv10","ESSFvc","ESSFvc/04","B6"
"6643","BECv10","ESSFvc","ESSFvc/04","B5"
"6644","BECv10","ESSFvc","ESSFvc/04","B4"
"6645","BECv10","ESSFvc","ESSFvc/05","E6"
"6646","BECv10","ESSFvc","ESSFvc/05","E5"
"6647","BECv10","ESSFvc","ESSFvc/05","D6"
"6648","BECv10","ESSFvc","ESSFvc/05","D5"
"6649","BECv10","ESSFvc","ESSFvc/05","C7"
"6650","BECv10","ESSFvc","ESSFvc/05","C6"
"6651","BECv10","ESSFvc","ESSFvc/05","C5"
"6652","BECv10","ESSFvc","ESSFvc/05","B7"
"6653","BECv10","ESSFvc","ESSFvc/05","B6"
"6654","BECv10","ESSFvc","ESSFvc/05","B5"
"6655","BECv10","ESSFvc","ESSFvc/06","E7"
"6656","BECv10","ESSFvc","ESSFvc/06","E6"
"6657","BECv10","ESSFvc","ESSFvc/06","D7"
"6658","BECv10","ESSFvc","ESSFvc/06","D6"
"6659","BECv10","ESSFvc","ESSFvc/06","C7"
"6660","BECv10","ESSFvc","ESSFvc/06","C6"
"6661","BECv10","ESSFvc","ESSFvc/06","B7"
"6662","BECv10","ESSFvc","ESSFvc/06","B6"
"6663","BECv10","ESSFvc","ESSFvc/06","A7"
"6664","BECv10","ESSFvcp","ESSFvcp/00","E7"
"6665","BECv10","ESSFvcp","ESSFvcp/00","E6"
"6666","BECv10","ESSFvcp","ESSFvcp/00","E5"
"6667","BECv10","ESSFvcp","ESSFvcp/00","E4"
"6668","BECv10","ESSFvcp","ESSFvcp/00","E3"
"6669","BECv10","ESSFvcp","ESSFvcp/00","E2"
"6670","BECv10","ESSFvcp","ESSFvcp/00","E1"
"6671","BECv10","ESSFvcp","ESSFvcp/00","E0"
"6672","BECv10","ESSFvcp","ESSFvcp/00","D7"
"6673","BECv10","ESSFvcp","ESSFvcp/00","D6"
"6674","BECv10","ESSFvcp","ESSFvcp/00","D5"
"6675","BECv10","ESSFvcp","ESSFvcp/00","D4"
"6676","BECv10","ESSFvcp","ESSFvcp/00","D3"
"6677","BECv10","ESSFvcp","ESSFvcp/00","D2"
"6678","BECv10","ESSFvcp","ESSFvcp/00","D1"
"6679","BECv10","ESSFvcp","ESSFvcp/00","D0"
"6680","BECv10","ESSFvcp","ESSFvcp/00","C7"
"6681","BECv10","ESSFvcp","ESSFvcp/00","C6"
"6682","BECv10","ESSFvcp","ESSFvcp/00","C5"
"6683","BECv10","ESSFvcp","ESSFvcp/00","C4"
"6684","BECv10","ESSFvcp","ESSFvcp/00","C3"
"6685","BECv10","ESSFvcp","ESSFvcp/00","C2"
"6686","BECv10","ESSFvcp","ESSFvcp/00","C1"
"6687","BECv10","ESSFvcp","ESSFvcp/00","C0"
"6688","BECv10","ESSFvcp","ESSFvcp/00","B7"
"6689","BECv10","ESSFvcp","ESSFvcp/00","B6"
"6690","BECv10","ESSFvcp","ESSFvcp/00","B5"
"6691","BECv10","ESSFvcp","ESSFvcp/00","B4"
"6692","BECv10","ESSFvcp","ESSFvcp/00","B3"
"6693","BECv10","ESSFvcp","ESSFvcp/00","B2"
"6694","BECv10","ESSFvcp","ESSFvcp/00","B1"
"6695","BECv10","ESSFvcp","ESSFvcp/00","B0"
"6696","BECv10","ESSFvcp","ESSFvcp/00","A7"
"6697","BECv10","ESSFvcp","ESSFvcp/00","A6"
"6698","BECv10","ESSFvcp","ESSFvcp/00","A5"
"6699","BECv10","ESSFvcp","ESSFvcp/00","A4"
"6700","BECv10","ESSFvcp","ESSFvcp/00","A3"
"6701","BECv10","ESSFvcp","ESSFvcp/00","A2"
"6702","BECv10","ESSFvcp","ESSFvcp/00","A1"
"6703","BECv10","ESSFvcp","ESSFvcp/00","A0"
"6704","BECv10","ESSFvcw","ESSFvcw/01","D4"
"6705","BECv10","ESSFvcw","ESSFvcw/01","D3"
"6706","BECv10","ESSFvcw","ESSFvcw/01","D2"
"6707","BECv10","ESSFvcw","ESSFvcw/01","C4"
"6708","BECv10","ESSFvcw","ESSFvcw/01","C3"
"6709","BECv10","ESSFvcw","ESSFvcw/01","C2"
"6710","BECv10","ESSFvcw","ESSFvcw/01","B4"
"6711","BECv10","ESSFvcw","ESSFvcw/01","B3"
"6712","BECv10","ESSFvcw","ESSFvcw/01","B2"
"6713","BECv10","ESSFvcw","ESSFvcw/01","A4"
"6714","BECv10","ESSFvcw","ESSFvcw/01","A3"
"6715","BECv10","ESSFvcw","ESSFvcw/01","A2"
"6716","BECv10","ESSFvcw","ESSFvcw/02","B2"
"6717","BECv10","ESSFvcw","ESSFvcw/02","B1"
"6718","BECv10","ESSFvcw","ESSFvcw/02","B0"
"6719","BECv10","ESSFvcw","ESSFvcw/02","A2"
"6720","BECv10","ESSFvcw","ESSFvcw/02","A1"
"6721","BECv10","ESSFvcw","ESSFvcw/02","A0"
"6722","BECv10","ESSFvcw","ESSFvcw/03","D3"
"6723","BECv10","ESSFvcw","ESSFvcw/03","D2"
"6724","BECv10","ESSFvcw","ESSFvcw/03","D1"
"6725","BECv10","ESSFvcw","ESSFvcw/03","C3"
"6726","BECv10","ESSFvcw","ESSFvcw/03","C2"
"6727","BECv10","ESSFvcw","ESSFvcw/03","C1"
"6728","BECv10","ESSFvcw","ESSFvcw/03","C0"
"6729","BECv10","ESSFvcw","ESSFvcw/03","B3"
"6730","BECv10","ESSFvcw","ESSFvcw/03","B2"
"6731","BECv10","ESSFvcw","ESSFvcw/03","B1"
"6732","BECv10","ESSFvcw","ESSFvcw/03","B0"
"6733","BECv10","ESSFvcw","ESSFvcw/03","A3"
"6734","BECv10","ESSFvcw","ESSFvcw/03","A2"
"6735","BECv10","ESSFvcw","ESSFvcw/04","E6"
"6736","BECv10","ESSFvcw","ESSFvcw/04","E5"
"6737","BECv10","ESSFvcw","ESSFvcw/04","E4"
"6738","BECv10","ESSFvcw","ESSFvcw/04","D6"
"6739","BECv10","ESSFvcw","ESSFvcw/04","D5"
"6740","BECv10","ESSFvcw","ESSFvcw/04","D4"
"6741","BECv10","ESSFvcw","ESSFvcw/04","C6"
"6742","BECv10","ESSFvcw","ESSFvcw/04","C5"
"6743","BECv10","ESSFvcw","ESSFvcw/04","C4"
"6744","BECv10","ESSFvcw","ESSFvcw/04","B6"
"6745","BECv10","ESSFvcw","ESSFvcw/04","B5"
"6746","BECv10","ESSFvcw","ESSFvcw/04","B4"
"6747","BECv10","ESSFvcw","ESSFvcw/05","E6"
"6748","BECv10","ESSFvcw","ESSFvcw/05","E5"
"6749","BECv10","ESSFvcw","ESSFvcw/05","D6"
"6750","BECv10","ESSFvcw","ESSFvcw/05","D5"
"6751","BECv10","ESSFvcw","ESSFvcw/05","C7"
"6752","BECv10","ESSFvcw","ESSFvcw/05","C6"
"6753","BECv10","ESSFvcw","ESSFvcw/05","C5"
"6754","BECv10","ESSFvcw","ESSFvcw/05","B7"
"6755","BECv10","ESSFvcw","ESSFvcw/05","B6"
"6756","BECv10","ESSFvcw","ESSFvcw/05","B5"
"6757","BECv10","ESSFvcw","ESSFvcw/06","E7"
"6758","BECv10","ESSFvcw","ESSFvcw/06","E6"
"6759","BECv10","ESSFvcw","ESSFvcw/06","D7"
"6760","BECv10","ESSFvcw","ESSFvcw/06","D6"
"6761","BECv10","ESSFvcw","ESSFvcw/06","C7"
"6762","BECv10","ESSFvcw","ESSFvcw/06","C6"
"6763","BECv10","ESSFvcw","ESSFvcw/06","B7"
"6764","BECv10","ESSFvcw","ESSFvcw/06","B6"
"6765","BECv10","ESSFvcw","ESSFvcw/06","A7"
"6766","USA_2019","ESSFdw_ID","ESSFdw_ID/101","D4"
"6767","USA_2019","ESSFdw_ID","ESSFdw_ID/101","D3"
"6768","USA_2019","ESSFdw_ID","ESSFdw_ID/101","C4"
"6769","USA_2019","ESSFdw_ID","ESSFdw_ID/101","C3"
"6770","USA_2019","ESSFdw_ID","ESSFdw_ID/101","B4"
"6771","USA_2019","ESSFdw_ID","ESSFdw_ID/101","B3"
"6772","USA_2019","ESSFdw_ID","ESSFdw_ID/102","D1"
"6773","USA_2019","ESSFdw_ID","ESSFdw_ID/102","C1"
"6774","USA_2019","ESSFdw_ID","ESSFdw_ID/102","B1"
"6775","USA_2019","ESSFdw_ID","ESSFdw_ID/102","A1"
"6776","USA_2019","ESSFdw_ID","ESSFdw_ID/103","D2"
"6777","USA_2019","ESSFdw_ID","ESSFdw_ID/103","C2"
"6778","USA_2019","ESSFdw_ID","ESSFdw_ID/103","B2"
"6779","USA_2019","ESSFdw_ID","ESSFdw_ID/103","A2"
"6780","USA_2019","ESSFdw_ID","ESSFdw_ID/110","E5"
"6781","USA_2019","ESSFdw_ID","ESSFdw_ID/110","D5"
"6782","USA_2019","ESSFdw_ID","ESSFdw_ID/110","C5"
"6783","USA_2019","ESSFdw_ID","ESSFdw_ID/110","B5"
"6784","USA_2019","ESSFdw_ID","ESSFdw_ID/111","E6"
"6785","USA_2019","ESSFdw_ID","ESSFdw_ID/111","D6"
"6786","USA_2019","ESSFdw_ID","ESSFdw_ID/111","C6"
"6787","USA_2019","ESSFdw_ID","ESSFdw_ID/111","B6"
"6788","Add_2021","ESSFdw_ID","ESSFdw_ID/Ro","A0"
"6789","Add_2021","ESSFdw_ID","ESSFdw_ID/Ro","B0"
"6790","BECv10","ESSFwc2","ESSFwc2/01","C4"
"6791","BECv10","ESSFwc2","ESSFwc2/01","C3"
"6792","BECv10","ESSFwc2","ESSFwc2/01","B4"
"6793","BECv10","ESSFwc2","ESSFwc2/01","B3"
"6794","BECv10","ESSFwc2","ESSFwc2/02","B2"
"6795","BECv10","ESSFwc2","ESSFwc2/02","B1"
"6796","BECv10","ESSFwc2","ESSFwc2/02","A2"
"6797","BECv10","ESSFwc2","ESSFwc2/02","A1"
"6798","BECv10","ESSFwc2","ESSFwc2/03","D2"
"6799","BECv10","ESSFwc2","ESSFwc2/03","C3"
"6800","BECv10","ESSFwc2","ESSFwc2/03","C2"
"6801","BECv10","ESSFwc2","ESSFwc2/03","B3"
"6802","BECv10","ESSFwc2","ESSFwc2/03","B2"
"6803","BECv10","ESSFwc2","ESSFwc2/04","C3"
"6804","BECv10","ESSFwc2","ESSFwc2/04","C2"
"6805","BECv10","ESSFwc2","ESSFwc2/04","B3"
"6806","BECv10","ESSFwc2","ESSFwc2/04","B2"
"6807","BECv10","ESSFwc2","ESSFwc2/05","C3"
"6808","BECv10","ESSFwc2","ESSFwc2/05","C2"
"6809","BECv10","ESSFwc2","ESSFwc2/05","B3"
"6810","BECv10","ESSFwc2","ESSFwc2/05","B2"
"6811","BECv10","ESSFwc2","ESSFwc2/06","C5"
"6812","BECv10","ESSFwc2","ESSFwc2/06","C4"
"6813","BECv10","ESSFwc2","ESSFwc2/06","B5"
"6814","BECv10","ESSFwc2","ESSFwc2/06","B4"
"6815","BECv10","ESSFwc2","ESSFwc2/07","D5"
"6816","BECv10","ESSFwc2","ESSFwc2/07","D4"
"6817","BECv10","ESSFwc2","ESSFwc2/07","C5"
"6818","BECv10","ESSFwc2","ESSFwc2/07","C4"
"6819","BECv10","ESSFwc2","ESSFwc2/08","D6"
"6820","BECv10","ESSFwc2","ESSFwc2/08","D5"
"6821","BECv10","ESSFwc2","ESSFwc2/08","C6"
"6822","BECv10","ESSFwc2","ESSFwc2/08","C5"
"6823","BECv10","ESSFwc2","ESSFwc2/09","C7"
"6824","BECv10","ESSFwc2","ESSFwc2/09","C6"
"6825","BECv10","ESSFwc2","ESSFwc2/09","B7"
"6826","BECv10","ESSFwc2","ESSFwc2/09","B6"
"6827","BECv10","ESSFwc2","ESSFwc2/10","D7"
"6828","BECv10","ESSFwc2","ESSFwc2/10","D6"
"6829","BECv10","ESSFwc2","ESSFwc2/10","C7"
"6830","BECv10","ESSFwc2","ESSFwc2/10","C6"
"6831","BECv10","ESSFwc2","ESSFwc2/10","B7"
"6832","Add_2021","ESSFwc2","ESSFwc2/Ro","A0"
"6833","Add_2021","ESSFwc2","ESSFwc2/Ro","B0"
"6834","BECv13","ESSFwc3","ESSFwc3/101","B3"
"6835","BECv13","ESSFwc3","ESSFwc3/101","B4"
"6836","BECv13","ESSFwc3","ESSFwc3/101","C3"
"6837","BECv13","ESSFwc3","ESSFwc3/101","C4"
"6838","BECv13","ESSFwc3","ESSFwc3/101","D3"
"6839","BECv13","ESSFwc3","ESSFwc3/101","D4"
"6840","BECv13","ESSFwc3","ESSFwc3/102","A1"
"6841","BECv13","ESSFwc3","ESSFwc3/102","A2"
"6842","BECv13","ESSFwc3","ESSFwc3/102","B1"
"6843","BECv13","ESSFwc3","ESSFwc3/102","B2"
"6844","BECv13","ESSFwc3","ESSFwc3/102","C1"
"6845","BECv13","ESSFwc3","ESSFwc3/102","C2"
"6846","BECv13","ESSFwc3","ESSFwc3/102","D1"
"6847","BECv13","ESSFwc3","ESSFwc3/102","D2"
"6848","BECv13","ESSFwc3","ESSFwc3/103","A2"
"6849","BECv13","ESSFwc3","ESSFwc3/103","A3"
"6850","BECv13","ESSFwc3","ESSFwc3/103","B2"
"6851","BECv13","ESSFwc3","ESSFwc3/103","B3"
"6852","BECv13","ESSFwc3","ESSFwc3/103","C2"
"6853","BECv13","ESSFwc3","ESSFwc3/103","C3"
"6854","BECv13","ESSFwc3","ESSFwc3/103","D2"
"6855","BECv13","ESSFwc3","ESSFwc3/103","D3"
"6856","BECv13","ESSFwc3","ESSFwc3/110","B5"
"6857","BECv13","ESSFwc3","ESSFwc3/110","B6"
"6858","BECv13","ESSFwc3","ESSFwc3/110","C5"
"6859","BECv13","ESSFwc3","ESSFwc3/110","C6"
"6860","BECv13","ESSFwc3","ESSFwc3/110","D5"
"6861","BECv13","ESSFwc3","ESSFwc3/110","D6"
"6862","BECv13","ESSFwc3","ESSFwc3/110","E5"
"6863","BECv13","ESSFwc3","ESSFwc3/110","E6"
"6864","BECv13","ESSFwc3","ESSFwc3/111","B6"
"6865","BECv13","ESSFwc3","ESSFwc3/111","B7"
"6866","BECv13","ESSFwc3","ESSFwc3/111","C6"
"6867","BECv13","ESSFwc3","ESSFwc3/111","C7"
"6868","BECv13","ESSFwc3","ESSFwc3/111","D6"
"6869","BECv13","ESSFwc3","ESSFwc3/111","D7"
"6870","BECv13","ESSFwc3","ESSFwc3/111","E6"
"6871","BECv13","ESSFwc3","ESSFwc3/111","E7"
"6872","BECv10","ESSFwc3","ESSFwc3/01","D4"
"6873","BECv10","ESSFwc3","ESSFwc3/01","D3"
"6874","BECv10","ESSFwc3","ESSFwc3/01","C4"
"6875","BECv10","ESSFwc3","ESSFwc3/01","C3"
"6876","BECv10","ESSFwc3","ESSFwc3/01","B4"
"6877","BECv10","ESSFwc3","ESSFwc3/01","B3"
"6878","BECv10","ESSFwc3","ESSFwc3/02","D2"
"6879","BECv10","ESSFwc3","ESSFwc3/02","D1"
"6880","BECv10","ESSFwc3","ESSFwc3/02","C3"
"6881","BECv10","ESSFwc3","ESSFwc3/02","C2"
"6882","BECv10","ESSFwc3","ESSFwc3/02","C1"
"6883","BECv10","ESSFwc3","ESSFwc3/02","B3"
"6884","BECv10","ESSFwc3","ESSFwc3/02","B2"
"6885","BECv10","ESSFwc3","ESSFwc3/02","B1"
"6886","BECv10","ESSFwc3","ESSFwc3/02","A2"
"6887","BECv10","ESSFwc3","ESSFwc3/02","A1"
"6888","BECv10","ESSFwc3","ESSFwc3/03","D6"
"6889","BECv10","ESSFwc3","ESSFwc3/03","D5"
"6890","BECv10","ESSFwc3","ESSFwc3/03","D4"
"6891","BECv10","ESSFwc3","ESSFwc3/03","C6"
"6892","BECv10","ESSFwc3","ESSFwc3/03","C5"
"6893","BECv10","ESSFwc3","ESSFwc3/03","C4"
"6894","BECv10","ESSFwc3","ESSFwc3/03","B6"
"6895","BECv10","ESSFwc3","ESSFwc3/03","B5"
"6896","Add_2021","ESSFwc3","ESSFwc3/Ro","A0"
"6897","Add_2021","ESSFwc3","ESSFwc3/Ro","B0"
"6898","BECv10","ESSFwc4","ESSFwc4/101","C4"
"6899","BECv10","ESSFwc4","ESSFwc4/101","C3"
"6900","BECv10","ESSFwc4","ESSFwc4/101","B4"
"6901","BECv10","ESSFwc4","ESSFwc4/102","B2"
"6902","BECv10","ESSFwc4","ESSFwc4/102","B1"
"6903","BECv10","ESSFwc4","ESSFwc4/102","A2"
"6904","BECv10","ESSFwc4","ESSFwc4/102","A1"
"6905","BECv10","ESSFwc4","ESSFwc4/103","C3"
"6906","BECv10","ESSFwc4","ESSFwc4/103","C2"
"6907","BECv10","ESSFwc4","ESSFwc4/103","B3"
"6908","BECv10","ESSFwc4","ESSFwc4/103","B2"
"6909","BECv10","ESSFwc4","ESSFwc4/103a","C2"
"6910","BECv10","ESSFwc4","ESSFwc4/103a","B2"
"6911","BECv10","ESSFwc4","ESSFwc4/103b","C3"
"6912","BECv10","ESSFwc4","ESSFwc4/103b","B3"
"6913","BECv10","ESSFwc4","ESSFwc4/110","D5"
"6914","BECv10","ESSFwc4","ESSFwc4/110","D4"
"6915","BECv10","ESSFwc4","ESSFwc4/110","C5"
"6916","BECv10","ESSFwc4","ESSFwc4/111","D6"
"6917","BECv10","ESSFwc4","ESSFwc4/111","D5"
"6918","BECv10","ESSFwc4","ESSFwc4/111","C6"
"6919","BECv10","ESSFwc4","ESSFwc4/111","C5"
"6920","BECv10","ESSFwc4","ESSFwc4/112","E7"
"6921","BECv10","ESSFwc4","ESSFwc4/112","E6"
"6922","BECv10","ESSFwc4","ESSFwc4/112","D7"
"6923","BECv10","ESSFwc4","ESSFwc4/112","D6"
"6924","BECv10","ESSFwc4","ESSFwc4/112","C7"
"6925","BECv10","ESSFwc4","ESSFwc4/112a","E7"
"6926","BECv10","ESSFwc4","ESSFwc4/112a","E6"
"6927","BECv10","ESSFwc4","ESSFwc4/112a","D6"
"6928","BECv10","ESSFwc4","ESSFwc4/112b","D7"
"6929","BECv10","ESSFwc4","ESSFwc4/112b","C7"
"6930","Add_2021","ESSFwc4","ESSFwc4/Ro","A0"
"6931","Add_2021","ESSFwc4","ESSFwc4/Ro","B0"
"6932","BECv10","ESSFwcp","ESSFwcp/00","E7"
"6933","BECv10","ESSFwcp","ESSFwcp/00","E6"
"6934","BECv10","ESSFwcp","ESSFwcp/00","E5"
"6935","BECv10","ESSFwcp","ESSFwcp/00","E4"
"6936","BECv10","ESSFwcp","ESSFwcp/00","E3"
"6937","BECv10","ESSFwcp","ESSFwcp/00","E2"
"6938","BECv10","ESSFwcp","ESSFwcp/00","E1"
"6939","BECv10","ESSFwcp","ESSFwcp/00","E0"
"6940","BECv10","ESSFwcp","ESSFwcp/00","D7"
"6941","BECv10","ESSFwcp","ESSFwcp/00","D6"
"6942","BECv10","ESSFwcp","ESSFwcp/00","D5"
"6943","BECv10","ESSFwcp","ESSFwcp/00","D4"
"6944","BECv10","ESSFwcp","ESSFwcp/00","D3"
"6945","BECv10","ESSFwcp","ESSFwcp/00","D2"
"6946","BECv10","ESSFwcp","ESSFwcp/00","D1"
"6947","BECv10","ESSFwcp","ESSFwcp/00","D0"
"6948","BECv10","ESSFwcp","ESSFwcp/00","C7"
"6949","BECv10","ESSFwcp","ESSFwcp/00","C6"
"6950","BECv10","ESSFwcp","ESSFwcp/00","C5"
"6951","BECv10","ESSFwcp","ESSFwcp/00","C4"
"6952","BECv10","ESSFwcp","ESSFwcp/00","C3"
"6953","BECv10","ESSFwcp","ESSFwcp/00","C2"
"6954","BECv10","ESSFwcp","ESSFwcp/00","C1"
"6955","BECv10","ESSFwcp","ESSFwcp/00","C0"
"6956","BECv10","ESSFwcp","ESSFwcp/00","B7"
"6957","BECv10","ESSFwcp","ESSFwcp/00","B6"
"6958","BECv10","ESSFwcp","ESSFwcp/00","B5"
"6959","BECv10","ESSFwcp","ESSFwcp/00","B4"
"6960","BECv10","ESSFwcp","ESSFwcp/00","B3"
"6961","BECv10","ESSFwcp","ESSFwcp/00","B2"
"6962","BECv10","ESSFwcp","ESSFwcp/00","B1"
"6963","BECv10","ESSFwcp","ESSFwcp/00","B0"
"6964","BECv10","ESSFwcp","ESSFwcp/00","A7"
"6965","BECv10","ESSFwcp","ESSFwcp/00","A6"
"6966","BECv10","ESSFwcp","ESSFwcp/00","A5"
"6967","BECv10","ESSFwcp","ESSFwcp/00","A4"
"6968","BECv10","ESSFwcp","ESSFwcp/00","A3"
"6969","BECv10","ESSFwcp","ESSFwcp/00","A2"
"6970","BECv10","ESSFwcp","ESSFwcp/00","A1"
"6971","BECv10","ESSFwcp","ESSFwcp/00","A0"
"6972","BECv10","ESSFwcw","ESSFwcw/101","D4"
"6973","BECv10","ESSFwcw","ESSFwcw/101","D3"
"6974","BECv10","ESSFwcw","ESSFwcw/101","C4"
"6975","BECv10","ESSFwcw","ESSFwcw/101","C3"
"6976","BECv10","ESSFwcw","ESSFwcw/101","B4"
"6977","BECv10","ESSFwcw","ESSFwcw/102","B1"
"6978","BECv10","ESSFwcw","ESSFwcw/102","A1"
"6979","BECv10","ESSFwcw","ESSFwcw/103","C2"
"6980","BECv10","ESSFwcw","ESSFwcw/103","B2"
"6981","BECv10","ESSFwcw","ESSFwcw/103","A3"
"6982","BECv10","ESSFwcw","ESSFwcw/103","A2"
"6983","BECv10","ESSFwcw","ESSFwcw/104","C3"
"6984","BECv10","ESSFwcw","ESSFwcw/104","B4"
"6985","BECv10","ESSFwcw","ESSFwcw/104","B3"
"6986","BECv10","ESSFwcw","ESSFwcw/104","A4"
"6987","BECv10","ESSFwcw","ESSFwcw/104","A3"
"6988","BECv10","ESSFwcw","ESSFwcw/110","E6"
"6989","BECv10","ESSFwcw","ESSFwcw/110","E5"
"6990","BECv10","ESSFwcw","ESSFwcw/110","D6"
"6991","BECv10","ESSFwcw","ESSFwcw/110","D5"
"6992","BECv10","ESSFwcw","ESSFwcw/110","C6"
"6993","BECv10","ESSFwcw","ESSFwcw/110","C5"
"6994","Add_2021","ESSFwcw","ESSFwcw/Ro","A0"
"6995","Add_2021","ESSFwcw","ESSFwcw/Ro","B0"
"6996","USA_2019","ESSFwh_MT","ESSFwh_MT/101","D4"
"6997","USA_2019","ESSFwh_MT","ESSFwh_MT/101","D3"
"6998","USA_2019","ESSFwh_MT","ESSFwh_MT/101","C4"
"6999","USA_2019","ESSFwh_MT","ESSFwh_MT/101","C3"
"7000","USA_2019","ESSFwh_MT","ESSFwh_MT/101","B4"
"7001","USA_2019","ESSFwh_MT","ESSFwh_MT/101","B3"
"7002","USA_2019","ESSFwh_MT","ESSFwh_MT/102","D2"
"7003","USA_2019","ESSFwh_MT","ESSFwh_MT/102","D1"
"7004","USA_2019","ESSFwh_MT","ESSFwh_MT/102","C2"
"7005","USA_2019","ESSFwh_MT","ESSFwh_MT/102","C1"
"7006","USA_2019","ESSFwh_MT","ESSFwh_MT/102","B2"
"7007","USA_2019","ESSFwh_MT","ESSFwh_MT/102","B1"
"7008","USA_2019","ESSFwh_MT","ESSFwh_MT/102","A2"
"7009","USA_2019","ESSFwh_MT","ESSFwh_MT/102","A1"
"7010","USA_2019","ESSFwh_MT","ESSFwh_MT/110","E5"
"7011","USA_2019","ESSFwh_MT","ESSFwh_MT/110","D5"
"7012","USA_2019","ESSFwh_MT","ESSFwh_MT/110","C5"
"7013","USA_2019","ESSFwh_MT","ESSFwh_MT/110","B5"
"7014","USA_2019","ESSFwh_MT","ESSFwh_MT/111","E6"
"7015","USA_2019","ESSFwh_MT","ESSFwh_MT/111","D6"
"7016","USA_2019","ESSFwh_MT","ESSFwh_MT/111","C6"
"7017","USA_2019","ESSFwh_MT","ESSFwh_MT/111","B6"
"7018","Add_2021","ESSFwh_MT","ESSFwh_MT/Ro","A0"
"7019","Add_2021","ESSFwh_MT","ESSFwh_MT/Ro","B0"
"7020","BECv10","ESSFwh1","ESSFwh1/101","D4"
"7021","BECv10","ESSFwh1","ESSFwh1/101","C4"
"7022","BECv10","ESSFwh1","ESSFwh1/101","B4"
"7023","BECv10","ESSFwh1","ESSFwh1/102","C1"
"7024","BECv10","ESSFwh1","ESSFwh1/102","B1"
"7025","BECv10","ESSFwh1","ESSFwh1/102","A1"
"7026","BECv10","ESSFwh1","ESSFwh1/103","C2"
"7027","BECv10","ESSFwh1","ESSFwh1/103","B3"
"7028","BECv10","ESSFwh1","ESSFwh1/103","B2"
"7029","BECv10","ESSFwh1","ESSFwh1/104","C3"
"7030","BECv10","ESSFwh1","ESSFwh1/104","C2"
"7031","BECv10","ESSFwh1","ESSFwh1/104","B3"
"7032","BECv10","ESSFwh1","ESSFwh1/110","D6"
"7033","BECv10","ESSFwh1","ESSFwh1/110","D5"
"7034","BECv10","ESSFwh1","ESSFwh1/110","C6"
"7035","BECv10","ESSFwh1","ESSFwh1/110","C5"
"7036","BECv10","ESSFwh1","ESSFwh1/111","E7"
"7037","BECv10","ESSFwh1","ESSFwh1/111","E6"
"7038","BECv10","ESSFwh1","ESSFwh1/111","D7"
"7039","BECv10","ESSFwh1","ESSFwh1/111","D6"
"7040","BECv10","ESSFwh1","ESSFwh1/111","C7"
"7041","BECv10","ESSFwh1","ESSFwh1/111","C6"
"7042","BECv10","ESSFwh1","ESSFwh1/111a","E7"
"7043","BECv10","ESSFwh1","ESSFwh1/111a","E6"
"7044","BECv10","ESSFwh1","ESSFwh1/111a","D6"
"7045","BECv10","ESSFwh1","ESSFwh1/111b","D7"
"7046","BECv10","ESSFwh1","ESSFwh1/111b","C7"
"7047","BECv10","ESSFwh1","ESSFwh1/111b","C6"
"7048","Add_2021","ESSFwh1","ESSFwh1/Ro","A0"
"7049","Add_2021","ESSFwh1","ESSFwh1/Ro","B0"
"7050","BECv10","ESSFwh2","ESSFwh2/101","D4"
"7051","BECv10","ESSFwh2","ESSFwh2/101","D3"
"7052","BECv10","ESSFwh2","ESSFwh2/101","C4"
"7053","BECv10","ESSFwh2","ESSFwh2/101","C3"
"7054","BECv10","ESSFwh2","ESSFwh2/101","B4"
"7055","BECv10","ESSFwh2","ESSFwh2/102","C1"
"7056","BECv10","ESSFwh2","ESSFwh2/102","B2"
"7057","BECv10","ESSFwh2","ESSFwh2/102","B1"
"7058","BECv10","ESSFwh2","ESSFwh2/102","A2"
"7059","BECv10","ESSFwh2","ESSFwh2/102","A1"
"7060","BECv10","ESSFwh2","ESSFwh2/103","C2"
"7061","BECv10","ESSFwh2","ESSFwh2/103","B2"
"7062","BECv10","ESSFwh2","ESSFwh2/103","A2"
"7063","BECv10","ESSFwh2","ESSFwh2/104","D3"
"7064","BECv10","ESSFwh2","ESSFwh2/104","C3"
"7065","BECv10","ESSFwh2","ESSFwh2/104","B3"
"7066","BECv10","ESSFwh2","ESSFwh2/110","D5"
"7067","BECv10","ESSFwh2","ESSFwh2/110","D4"
"7068","BECv10","ESSFwh2","ESSFwh2/110","C5"
"7069","BECv10","ESSFwh2","ESSFwh2/111","D6"
"7070","BECv10","ESSFwh2","ESSFwh2/111","D5"
"7071","BECv10","ESSFwh2","ESSFwh2/111","C6"
"7072","BECv10","ESSFwh2","ESSFwh2/111","C5"
"7073","BECv10","ESSFwh2","ESSFwh2/112","E7"
"7074","BECv10","ESSFwh2","ESSFwh2/112","E6"
"7075","BECv10","ESSFwh2","ESSFwh2/112","D7"
"7076","BECv10","ESSFwh2","ESSFwh2/112","D6"
"7077","BECv10","ESSFwh2","ESSFwh2/112","C7"
"7078","BECv10","ESSFwh2","ESSFwh2/112","C6"
"7079","BECv10","ESSFwh2","ESSFwh2/112a","E7"
"7080","BECv10","ESSFwh2","ESSFwh2/112a","E6"
"7081","BECv10","ESSFwh2","ESSFwh2/112a","D6"
"7082","BECv10","ESSFwh2","ESSFwh2/112a","C6"
"7083","BECv10","ESSFwh2","ESSFwh2/112b","D7"
"7084","BECv10","ESSFwh2","ESSFwh2/112b","C7"
"7085","Add_2021","ESSFwh2","ESSFwh2/Ro","A0"
"7086","Add_2021","ESSFwh2","ESSFwh2/Ro","B0"
"7087","BECv10","ESSFwh3","ESSFwh3/101","D4"
"7088","BECv10","ESSFwh3","ESSFwh3/101","C4"
"7089","BECv10","ESSFwh3","ESSFwh3/101","C3"
"7090","BECv10","ESSFwh3","ESSFwh3/101","B4"
"7091","BECv10","ESSFwh3","ESSFwh3/102","B1"
"7092","BECv10","ESSFwh3","ESSFwh3/102","A2"
"7093","BECv10","ESSFwh3","ESSFwh3/102","A1"
"7094","BECv10","ESSFwh3","ESSFwh3/103","C2"
"7095","BECv10","ESSFwh3","ESSFwh3/103","B2"
"7096","BECv10","ESSFwh3","ESSFwh3/103","A2"
"7097","BECv10","ESSFwh3","ESSFwh3/104","C3"
"7098","BECv10","ESSFwh3","ESSFwh3/104","C2"
"7099","BECv10","ESSFwh3","ESSFwh3/104","B3"
"7100","BECv10","ESSFwh3","ESSFwh3/110","D5"
"7101","BECv10","ESSFwh3","ESSFwh3/110","D4"
"7102","BECv10","ESSFwh3","ESSFwh3/110","C5"
"7103","BECv10","ESSFwh3","ESSFwh3/111","E5"
"7104","BECv10","ESSFwh3","ESSFwh3/111","D6"
"7105","BECv10","ESSFwh3","ESSFwh3/111","D5"
"7106","BECv10","ESSFwh3","ESSFwh3/111","C6"
"7107","BECv10","ESSFwh3","ESSFwh3/111","C5"
"7108","BECv10","ESSFwh3","ESSFwh3/112","E7"
"7109","BECv10","ESSFwh3","ESSFwh3/112","E6"
"7110","BECv10","ESSFwh3","ESSFwh3/112","D7"
"7111","BECv10","ESSFwh3","ESSFwh3/112","D6"
"7112","BECv10","ESSFwh3","ESSFwh3/112","C7"
"7113","BECv10","ESSFwh3","ESSFwh3/112","C6"
"7114","BECv10","ESSFwh3","ESSFwh3/112a","E7"
"7115","BECv10","ESSFwh3","ESSFwh3/112a","E6"
"7116","BECv10","ESSFwh3","ESSFwh3/112a","D6"
"7117","BECv10","ESSFwh3","ESSFwh3/112a","C6"
"7118","BECv10","ESSFwh3","ESSFwh3/112b","D7"
"7119","BECv10","ESSFwh3","ESSFwh3/112b","C7"
"7120","Add_2021","ESSFwh3","ESSFwh3/Ro","A0"
"7121","Add_2021","ESSFwh3","ESSFwh3/Ro","B0"
"7122","BECv10","ESSFwk1","ESSFwk1/01","D4"
"7123","BECv10","ESSFwk1","ESSFwk1/01","D3"
"7124","BECv10","ESSFwk1","ESSFwk1/01","C5"
"7125","BECv10","ESSFwk1","ESSFwk1/01","C4"
"7126","BECv10","ESSFwk1","ESSFwk1/01","B5"
"7127","BECv10","ESSFwk1","ESSFwk1/01","B4"
"7128","BECv10","ESSFwk1","ESSFwk1/02","D2"
"7129","BECv10","ESSFwk1","ESSFwk1/02","D1"
"7130","BECv10","ESSFwk1","ESSFwk1/02","C2"
"7131","BECv10","ESSFwk1","ESSFwk1/02","C1"
"7132","BECv10","ESSFwk1","ESSFwk1/02","B2"
"7133","BECv10","ESSFwk1","ESSFwk1/02","B1"
"7134","BECv10","ESSFwk1","ESSFwk1/02","A1"
"7135","BECv10","ESSFwk1","ESSFwk1/03","D3"
"7136","BECv10","ESSFwk1","ESSFwk1/03","D2"
"7137","BECv10","ESSFwk1","ESSFwk1/03","C3"
"7138","BECv10","ESSFwk1","ESSFwk1/03","C2"
"7139","BECv10","ESSFwk1","ESSFwk1/03","B4"
"7140","BECv10","ESSFwk1","ESSFwk1/03","B3"
"7141","BECv10","ESSFwk1","ESSFwk1/03","B2"
"7142","BECv10","ESSFwk1","ESSFwk1/04","C5"
"7143","BECv10","ESSFwk1","ESSFwk1/04","B5"
"7144","BECv10","ESSFwk1","ESSFwk1/05","E5"
"7145","BECv10","ESSFwk1","ESSFwk1/05","D5"
"7146","BECv10","ESSFwk1","ESSFwk1/06","C7"
"7147","BECv10","ESSFwk1","ESSFwk1/06","C6"
"7148","BECv10","ESSFwk1","ESSFwk1/06","B7"
"7149","BECv10","ESSFwk1","ESSFwk1/06","B6"
"7150","BECv10","ESSFwk1","ESSFwk1/06","A7"
"7151","BECv10","ESSFwk1","ESSFwk1/06","A6"
"7152","BECv10","ESSFwk1","ESSFwk1/06","A5"
"7153","BECv10","ESSFwk1","ESSFwk1/07","D7"
"7154","BECv10","ESSFwk1","ESSFwk1/07","D6"
"7155","BECv10","ESSFwk1","ESSFwk1/07","D5"
"7156","BECv10","ESSFwk1","ESSFwk1/07","C7"
"7157","BECv10","ESSFwk1","ESSFwk1/07","C6"
"7158","BECv10","ESSFwk1","ESSFwk1/07","C5"
"7159","BECv10","ESSFwk1","ESSFwk1/07","B6"
"7160","BECv10","ESSFwk1","ESSFwk1/07","B5"
"7161","Add_2021","ESSFwk1","ESSFwk1/Ro","A0"
"7162","Add_2021","ESSFwk1","ESSFwk1/Ro","B0"
"7163","BECv10","ESSFwk2","ESSFwk2/01","D4"
"7164","BECv10","ESSFwk2","ESSFwk2/01","D3"
"7165","BECv10","ESSFwk2","ESSFwk2/01","C4"
"7166","BECv10","ESSFwk2","ESSFwk2/01","C3"
"7167","BECv10","ESSFwk2","ESSFwk2/01","B5"
"7168","BECv10","ESSFwk2","ESSFwk2/01","B4"
"7169","BECv10","ESSFwk2","ESSFwk2/01","B3"
"7170","BECv10","ESSFwk2","ESSFwk2/02","C3"
"7171","BECv10","ESSFwk2","ESSFwk2/02","C2"
"7172","BECv10","ESSFwk2","ESSFwk2/02","B3"
"7173","BECv10","ESSFwk2","ESSFwk2/02","B2"
"7174","BECv10","ESSFwk2","ESSFwk2/03","D5"
"7175","BECv10","ESSFwk2","ESSFwk2/03","D4"
"7176","BECv10","ESSFwk2","ESSFwk2/03","C5"
"7177","BECv10","ESSFwk2","ESSFwk2/03","C4"
"7178","BECv10","ESSFwk2","ESSFwk2/04","C6"
"7179","BECv10","ESSFwk2","ESSFwk2/04","C5"
"7180","BECv10","ESSFwk2","ESSFwk2/04","B6"
"7181","BECv10","ESSFwk2","ESSFwk2/04","B5"
"7182","BECv10","ESSFwk2","ESSFwk2/05","E5"
"7183","BECv10","ESSFwk2","ESSFwk2/05","D5"
"7184","BECv10","ESSFwk2","ESSFwk2/05","C5"
"7185","BECv10","ESSFwk2","ESSFwk2/06","D6"
"7186","BECv10","ESSFwk2","ESSFwk2/06","C6"
"7187","Add_2021","ESSFwk2","ESSFwk2/Ro","A0"
"7188","Add_2021","ESSFwk2","ESSFwk2/Ro","B0"
"7189","USA_2019","ESSFwm_MT","ESSFwm_MT/101","D4"
"7190","USA_2019","ESSFwm_MT","ESSFwm_MT/101","D3"
"7191","USA_2019","ESSFwm_MT","ESSFwm_MT/101","C4"
"7192","USA_2019","ESSFwm_MT","ESSFwm_MT/101","C3"
"7193","USA_2019","ESSFwm_MT","ESSFwm_MT/101","B4"
"7194","USA_2019","ESSFwm_MT","ESSFwm_MT/101","B3"
"7195","USA_2019","ESSFwm_MT","ESSFwm_MT/102","D1"
"7196","USA_2019","ESSFwm_MT","ESSFwm_MT/102","C1"
"7197","USA_2019","ESSFwm_MT","ESSFwm_MT/102","B1"
"7198","USA_2019","ESSFwm_MT","ESSFwm_MT/102","A1"
"7199","USA_2019","ESSFwm_MT","ESSFwm_MT/103","D2"
"7200","USA_2019","ESSFwm_MT","ESSFwm_MT/103","C2"
"7201","USA_2019","ESSFwm_MT","ESSFwm_MT/103","B2"
"7202","USA_2019","ESSFwm_MT","ESSFwm_MT/103","A2"
"7203","USA_2019","ESSFwm_MT","ESSFwm_MT/110","E5"
"7204","USA_2019","ESSFwm_MT","ESSFwm_MT/110","D5"
"7205","USA_2019","ESSFwm_MT","ESSFwm_MT/110","C5"
"7206","USA_2019","ESSFwm_MT","ESSFwm_MT/110","B5"
"7207","USA_2019","ESSFwm_MT","ESSFwm_MT/111","E6"
"7208","USA_2019","ESSFwm_MT","ESSFwm_MT/111","D6"
"7209","USA_2019","ESSFwm_MT","ESSFwm_MT/111","C6"
"7210","USA_2019","ESSFwm_MT","ESSFwm_MT/111","B6"
"7211","Add_2021","ESSFwm_MT","ESSFwm_MT/Ro","A0"
"7212","Add_2021","ESSFwm_MT","ESSFwm_MT/Ro","B0"
"7213","BECv11","ESSFwm1","ESSFwm1/101","D4"
"7214","BECv11","ESSFwm1","ESSFwm1/101","C4"
"7215","BECv11","ESSFwm1","ESSFwm1/101","B4"
"7216","BECv11","ESSFwm1","ESSFwm1/102","C1"
"7217","BECv11","ESSFwm1","ESSFwm1/102","B2"
"7218","BECv11","ESSFwm1","ESSFwm1/102","B1"
"7219","BECv11","ESSFwm1","ESSFwm1/102","A2"
"7220","BECv11","ESSFwm1","ESSFwm1/102","A1"
"7221","BECv11","ESSFwm1","ESSFwm1/103","D2"
"7222","BECv11","ESSFwm1","ESSFwm1/103","C2"
"7223","BECv11","ESSFwm1","ESSFwm1/103","B2"
"7224","BECv11","ESSFwm1","ESSFwm1/104","D3"
"7225","BECv11","ESSFwm1","ESSFwm1/104","C3"
"7226","BECv11","ESSFwm1","ESSFwm1/104","B3"
"7227","BECv11","ESSFwm1","ESSFwm1/110","D5"
"7228","BECv11","ESSFwm1","ESSFwm1/110","D4"
"7229","BECv11","ESSFwm1","ESSFwm1/110","C5"
"7230","BECv11","ESSFwm1","ESSFwm1/111","E6"
"7231","BECv11","ESSFwm1","ESSFwm1/111","E5"
"7232","BECv11","ESSFwm1","ESSFwm1/111","D6"
"7233","BECv11","ESSFwm1","ESSFwm1/111","D5"
"7234","BECv11","ESSFwm1","ESSFwm1/112","E7"
"7235","BECv11","ESSFwm1","ESSFwm1/112","E6"
"7236","BECv11","ESSFwm1","ESSFwm1/112","D7"
"7237","BECv11","ESSFwm1","ESSFwm1/112","D6"
"7238","BECv11","ESSFwm1","ESSFwm1/112","C7"
"7239","BECv11","ESSFwm1","ESSFwm1/112","C6"
"7240","BECv11","ESSFwm1","ESSFwm1/Ro","C0"
"7241","BECv11","ESSFwm1","ESSFwm1/Ro","B0"
"7242","BECv11","ESSFwm1","ESSFwm1/Ro","A0"
"7243","BECv10","ESSFwm2","ESSFwm2/101","D4"
"7244","BECv10","ESSFwm2","ESSFwm2/101","C4"
"7245","BECv10","ESSFwm2","ESSFwm2/101","B4"
"7246","BECv10","ESSFwm2","ESSFwm2/102","B1"
"7247","BECv10","ESSFwm2","ESSFwm2/102","A2"
"7248","BECv10","ESSFwm2","ESSFwm2/102","A1"
"7249","BECv10","ESSFwm2","ESSFwm2/103","C3"
"7250","BECv10","ESSFwm2","ESSFwm2/103","C2"
"7251","BECv10","ESSFwm2","ESSFwm2/103","B3"
"7252","BECv10","ESSFwm2","ESSFwm2/103","B2"
"7253","BECv10","ESSFwm2","ESSFwm2/104","C3"
"7254","BECv10","ESSFwm2","ESSFwm2/104","B4"
"7255","BECv10","ESSFwm2","ESSFwm2/104","B3"
"7256","BECv10","ESSFwm2","ESSFwm2/104","A3"
"7257","BECv10","ESSFwm2","ESSFwm2/110","D5"
"7258","BECv10","ESSFwm2","ESSFwm2/110","D4"
"7259","BECv10","ESSFwm2","ESSFwm2/110","C5"
"7260","BECv10","ESSFwm2","ESSFwm2/111","D6"
"7261","BECv10","ESSFwm2","ESSFwm2/111","D5"
"7262","BECv10","ESSFwm2","ESSFwm2/111","C6"
"7263","BECv10","ESSFwm2","ESSFwm2/111","C5"
"7264","BECv10","ESSFwm2","ESSFwm2/112","E7"
"7265","BECv10","ESSFwm2","ESSFwm2/112","E6"
"7266","BECv10","ESSFwm2","ESSFwm2/112","D7"
"7267","BECv10","ESSFwm2","ESSFwm2/112","D6"
"7268","BECv10","ESSFwm2","ESSFwm2/112","C7"
"7269","BECv10","ESSFwm2","ESSFwm2/112","C6"
"7270","BECv10","ESSFwm2","ESSFwm2/112a","E7"
"7271","BECv10","ESSFwm2","ESSFwm2/112a","E6"
"7272","BECv10","ESSFwm2","ESSFwm2/112a","D6"
"7273","BECv10","ESSFwm2","ESSFwm2/112a","C6"
"7274","BECv10","ESSFwm2","ESSFwm2/112b","D7"
"7275","BECv10","ESSFwm2","ESSFwm2/112b","C7"
"7276","Add_2021","ESSFwm2","ESSFwm2/Ro","A0"
"7277","Add_2021","ESSFwm2","ESSFwm2/Ro","B0"
"7278","BECv10","ESSFwm3","ESSFwm3/101","D4"
"7279","BECv10","ESSFwm3","ESSFwm3/101","D3"
"7280","BECv10","ESSFwm3","ESSFwm3/101","C4"
"7281","BECv10","ESSFwm3","ESSFwm3/101","B4"
"7282","BECv10","ESSFwm3","ESSFwm3/102","B2"
"7283","BECv10","ESSFwm3","ESSFwm3/102","B1"
"7284","BECv10","ESSFwm3","ESSFwm3/102","A2"
"7285","BECv10","ESSFwm3","ESSFwm3/102","A1"
"7286","BECv10","ESSFwm3","ESSFwm3/103","C2"
"7287","BECv10","ESSFwm3","ESSFwm3/103","B3"
"7288","BECv10","ESSFwm3","ESSFwm3/103","B2"
"7289","BECv10","ESSFwm3","ESSFwm3/104","B4"
"7290","BECv10","ESSFwm3","ESSFwm3/104","B3"
"7291","BECv10","ESSFwm3","ESSFwm3/104","A4"
"7292","BECv10","ESSFwm3","ESSFwm3/104","A3"
"7293","BECv10","ESSFwm3","ESSFwm3/105","D3"
"7294","BECv10","ESSFwm3","ESSFwm3/105","C3"
"7295","BECv10","ESSFwm3","ESSFwm3/105","B3"
"7296","BECv10","ESSFwm3","ESSFwm3/110","D5"
"7297","BECv10","ESSFwm3","ESSFwm3/110","D4"
"7298","BECv10","ESSFwm3","ESSFwm3/110","C5"
"7299","BECv10","ESSFwm3","ESSFwm3/111","D6"
"7300","BECv10","ESSFwm3","ESSFwm3/111","D5"
"7301","BECv10","ESSFwm3","ESSFwm3/111","C6"
"7302","BECv10","ESSFwm3","ESSFwm3/112","E7"
"7303","BECv10","ESSFwm3","ESSFwm3/112","E6"
"7304","BECv10","ESSFwm3","ESSFwm3/112","D7"
"7305","BECv10","ESSFwm3","ESSFwm3/112","D6"
"7306","BECv10","ESSFwm3","ESSFwm3/112","C7"
"7307","BECv10","ESSFwm3","ESSFwm3/112a","E7"
"7308","BECv10","ESSFwm3","ESSFwm3/112a","E6"
"7309","BECv10","ESSFwm3","ESSFwm3/112a","D6"
"7310","BECv10","ESSFwm3","ESSFwm3/112b","D7"
"7311","BECv10","ESSFwm3","ESSFwm3/112b","C7"
"7312","Add_2021","ESSFwm3","ESSFwm3/Ro","A0"
"7313","Add_2021","ESSFwm3","ESSFwm3/Ro","B0"
"7314","BECv10","ESSFwm4","ESSFwm4/101","D4"
"7315","BECv10","ESSFwm4","ESSFwm4/101","C4"
"7316","BECv10","ESSFwm4","ESSFwm4/101","B4"
"7317","BECv10","ESSFwm4","ESSFwm4/102","C2"
"7318","BECv10","ESSFwm4","ESSFwm4/102","B2"
"7319","BECv10","ESSFwm4","ESSFwm4/102","B1"
"7320","BECv10","ESSFwm4","ESSFwm4/102","A2"
"7321","BECv10","ESSFwm4","ESSFwm4/102","A1"
"7322","BECv10","ESSFwm4","ESSFwm4/102a","B1"
"7323","BECv10","ESSFwm4","ESSFwm4/102a","A1"
"7324","BECv10","ESSFwm4","ESSFwm4/102b","C2"
"7325","BECv10","ESSFwm4","ESSFwm4/102b","B2"
"7326","BECv10","ESSFwm4","ESSFwm4/102b","A2"
"7327","BECv10","ESSFwm4","ESSFwm4/103","C3"
"7328","BECv10","ESSFwm4","ESSFwm4/103","B4"
"7329","BECv10","ESSFwm4","ESSFwm4/103","B3"
"7330","BECv10","ESSFwm4","ESSFwm4/103","A4"
"7331","BECv10","ESSFwm4","ESSFwm4/103","A3"
"7332","BECv10","ESSFwm4","ESSFwm4/110","D5"
"7333","BECv10","ESSFwm4","ESSFwm4/110","D4"
"7334","BECv10","ESSFwm4","ESSFwm4/110","C5"
"7335","BECv10","ESSFwm4","ESSFwm4/111","E7"
"7336","BECv10","ESSFwm4","ESSFwm4/111","E6"
"7337","BECv10","ESSFwm4","ESSFwm4/111","D7"
"7338","BECv10","ESSFwm4","ESSFwm4/111","D6"
"7339","BECv10","ESSFwm4","ESSFwm4/111","D5"
"7340","BECv10","ESSFwm4","ESSFwm4/111","C7"
"7341","BECv10","ESSFwm4","ESSFwm4/111","C6"
"7342","BECv10","ESSFwm4","ESSFwm4/111","C5"
"7343","Add_2021","ESSFwm4","ESSFwm4/Ro","A0"
"7344","Add_2021","ESSFwm4","ESSFwm4/Ro","B0"
"7345","BECv10","ESSFwmp","ESSFwmp/00","E7"
"7346","BECv10","ESSFwmp","ESSFwmp/00","E6"
"7347","BECv10","ESSFwmp","ESSFwmp/00","E5"
"7348","BECv10","ESSFwmp","ESSFwmp/00","E4"
"7349","BECv10","ESSFwmp","ESSFwmp/00","E3"
"7350","BECv10","ESSFwmp","ESSFwmp/00","E2"
"7351","BECv10","ESSFwmp","ESSFwmp/00","E1"
"7352","BECv10","ESSFwmp","ESSFwmp/00","E0"
"7353","BECv10","ESSFwmp","ESSFwmp/00","D7"
"7354","BECv10","ESSFwmp","ESSFwmp/00","D6"
"7355","BECv10","ESSFwmp","ESSFwmp/00","D5"
"7356","BECv10","ESSFwmp","ESSFwmp/00","D4"
"7357","BECv10","ESSFwmp","ESSFwmp/00","D3"
"7358","BECv10","ESSFwmp","ESSFwmp/00","D2"
"7359","BECv10","ESSFwmp","ESSFwmp/00","D1"
"7360","BECv10","ESSFwmp","ESSFwmp/00","D0"
"7361","BECv10","ESSFwmp","ESSFwmp/00","C7"
"7362","BECv10","ESSFwmp","ESSFwmp/00","C6"
"7363","BECv10","ESSFwmp","ESSFwmp/00","C5"
"7364","BECv10","ESSFwmp","ESSFwmp/00","C4"
"7365","BECv10","ESSFwmp","ESSFwmp/00","C3"
"7366","BECv10","ESSFwmp","ESSFwmp/00","C2"
"7367","BECv10","ESSFwmp","ESSFwmp/00","C1"
"7368","BECv10","ESSFwmp","ESSFwmp/00","C0"
"7369","BECv10","ESSFwmp","ESSFwmp/00","B7"
"7370","BECv10","ESSFwmp","ESSFwmp/00","B6"
"7371","BECv10","ESSFwmp","ESSFwmp/00","B5"
"7372","BECv10","ESSFwmp","ESSFwmp/00","B4"
"7373","BECv10","ESSFwmp","ESSFwmp/00","B3"
"7374","BECv10","ESSFwmp","ESSFwmp/00","B2"
"7375","BECv10","ESSFwmp","ESSFwmp/00","B1"
"7376","BECv10","ESSFwmp","ESSFwmp/00","B0"
"7377","BECv10","ESSFwmp","ESSFwmp/00","A7"
"7378","BECv10","ESSFwmp","ESSFwmp/00","A6"
"7379","BECv10","ESSFwmp","ESSFwmp/00","A5"
"7380","BECv10","ESSFwmp","ESSFwmp/00","A4"
"7381","BECv10","ESSFwmp","ESSFwmp/00","A3"
"7382","BECv10","ESSFwmp","ESSFwmp/00","A2"
"7383","BECv10","ESSFwmp","ESSFwmp/00","A1"
"7384","BECv10","ESSFwmp","ESSFwmp/00","A0"
"7385","USA_2019","ESSFwmp_MT","ESSFwmp_MT/00","E7"
"7386","USA_2019","ESSFwmp_MT","ESSFwmp_MT/00","E6"
"7387","USA_2019","ESSFwmp_MT","ESSFwmp_MT/00","E5"
"7388","USA_2019","ESSFwmp_MT","ESSFwmp_MT/00","E4"
"7389","USA_2019","ESSFwmp_MT","ESSFwmp_MT/00","E3"
"7390","USA_2019","ESSFwmp_MT","ESSFwmp_MT/00","E2"
"7391","USA_2019","ESSFwmp_MT","ESSFwmp_MT/00","E1"
"7392","USA_2019","ESSFwmp_MT","ESSFwmp_MT/00","E0"
"7393","USA_2019","ESSFwmp_MT","ESSFwmp_MT/00","D7"
"7394","USA_2019","ESSFwmp_MT","ESSFwmp_MT/00","D6"
"7395","USA_2019","ESSFwmp_MT","ESSFwmp_MT/00","D5"
"7396","USA_2019","ESSFwmp_MT","ESSFwmp_MT/00","D4"
"7397","USA_2019","ESSFwmp_MT","ESSFwmp_MT/00","D3"
"7398","USA_2019","ESSFwmp_MT","ESSFwmp_MT/00","D2"
"7399","USA_2019","ESSFwmp_MT","ESSFwmp_MT/00","D1"
"7400","USA_2019","ESSFwmp_MT","ESSFwmp_MT/00","D0"
"7401","USA_2019","ESSFwmp_MT","ESSFwmp_MT/00","C7"
"7402","USA_2019","ESSFwmp_MT","ESSFwmp_MT/00","C6"
"7403","USA_2019","ESSFwmp_MT","ESSFwmp_MT/00","C5"
"7404","USA_2019","ESSFwmp_MT","ESSFwmp_MT/00","C4"
"7405","USA_2019","ESSFwmp_MT","ESSFwmp_MT/00","C3"
"7406","USA_2019","ESSFwmp_MT","ESSFwmp_MT/00","C2"
"7407","USA_2019","ESSFwmp_MT","ESSFwmp_MT/00","C1"
"7408","USA_2019","ESSFwmp_MT","ESSFwmp_MT/00","C0"
"7409","USA_2019","ESSFwmp_MT","ESSFwmp_MT/00","B7"
"7410","USA_2019","ESSFwmp_MT","ESSFwmp_MT/00","B6"
"7411","USA_2019","ESSFwmp_MT","ESSFwmp_MT/00","B5"
"7412","USA_2019","ESSFwmp_MT","ESSFwmp_MT/00","B4"
"7413","USA_2019","ESSFwmp_MT","ESSFwmp_MT/00","B3"
"7414","USA_2019","ESSFwmp_MT","ESSFwmp_MT/00","B2"
"7415","USA_2019","ESSFwmp_MT","ESSFwmp_MT/00","B1"
"7416","USA_2019","ESSFwmp_MT","ESSFwmp_MT/00","B0"
"7417","USA_2019","ESSFwmp_MT","ESSFwmp_MT/00","A7"
"7418","USA_2019","ESSFwmp_MT","ESSFwmp_MT/00","A6"
"7419","USA_2019","ESSFwmp_MT","ESSFwmp_MT/00","A5"
"7420","USA_2019","ESSFwmp_MT","ESSFwmp_MT/00","A4"
"7421","USA_2019","ESSFwmp_MT","ESSFwmp_MT/00","A3"
"7422","USA_2019","ESSFwmp_MT","ESSFwmp_MT/00","A2"
"7423","USA_2019","ESSFwmp_MT","ESSFwmp_MT/00","A1"
"7424","USA_2019","ESSFwmp_MT","ESSFwmp_MT/00","A0"
"7425","BECv10","ESSFwmw","ESSFwmw/101","D4"
"7426","BECv10","ESSFwmw","ESSFwmw/101","C4"
"7427","BECv10","ESSFwmw","ESSFwmw/101","C3"
"7428","BECv10","ESSFwmw","ESSFwmw/101","B4"
"7429","BECv10","ESSFwmw","ESSFwmw/101","B3"
"7430","BECv10","ESSFwmw","ESSFwmw/102","C1"
"7431","BECv10","ESSFwmw","ESSFwmw/102","B1"
"7432","BECv10","ESSFwmw","ESSFwmw/102","A1"
"7433","BECv10","ESSFwmw","ESSFwmw/103","C2"
"7434","BECv10","ESSFwmw","ESSFwmw/103","B2"
"7435","BECv10","ESSFwmw","ESSFwmw/103","A2"
"7436","BECv10","ESSFwmw","ESSFwmw/110","D6"
"7437","BECv10","ESSFwmw","ESSFwmw/110","D5"
"7438","BECv10","ESSFwmw","ESSFwmw/110","C6"
"7439","BECv10","ESSFwmw","ESSFwmw/110","C5"
"7440","Add_2021","ESSFwmw","ESSFwmw/Ro","A0"
"7441","Add_2021","ESSFwmw","ESSFwmw/Ro","B0"
"7442","BECv10","ESSFwv","ESSFwv/01","C4"
"7443","BECv10","ESSFwv","ESSFwv/01","B5"
"7444","BECv10","ESSFwv","ESSFwv/01","B4"
"7445","BECv10","ESSFwv","ESSFwv/02","C1"
"7446","BECv10","ESSFwv","ESSFwv/02","C0"
"7447","BECv10","ESSFwv","ESSFwv/02","B1"
"7448","BECv10","ESSFwv","ESSFwv/02","B0"
"7449","BECv10","ESSFwv","ESSFwv/02","A2"
"7450","BECv10","ESSFwv","ESSFwv/02","A1"
"7451","BECv10","ESSFwv","ESSFwv/02","A0"
"7452","BECv10","ESSFwv","ESSFwv/03","C3"
"7453","BECv10","ESSFwv","ESSFwv/03","C2"
"7454","BECv10","ESSFwv","ESSFwv/03","B2"
"7455","BECv10","ESSFwv","ESSFwv/04","B3"
"7456","BECv10","ESSFwv","ESSFwv/04","A4"
"7457","BECv10","ESSFwv","ESSFwv/04","A3"
"7458","BECv10","ESSFwv","ESSFwv/05","E4"
"7459","BECv10","ESSFwv","ESSFwv/05","D5"
"7460","BECv10","ESSFwv","ESSFwv/05","D4"
"7461","BECv10","ESSFwv","ESSFwv/05","C5"
"7462","BECv10","ESSFwv","ESSFwv/06","E6"
"7463","BECv10","ESSFwv","ESSFwv/06","E5"
"7464","BECv10","ESSFwv","ESSFwv/06","D6"
"7465","BECv10","ESSFwv","ESSFwv/07","D6"
"7466","BECv10","ESSFwv","ESSFwv/07","D5"
"7467","BECv10","ESSFwv","ESSFwv/07","C6"
"7468","BECv10","ESSFwv","ESSFwv/07","C5"
"7469","BECv10","ESSFwv","ESSFwv/08","B7"
"7470","BECv10","ESSFwv","ESSFwv/08","B6"
"7471","BECv10","ESSFwv","ESSFwv/08","A7"
"7472","BECv10","ESSFwv","ESSFwv/08","A6"
"7473","BECv10","ESSFwv","ESSFwv/09","E7"
"7474","BECv10","ESSFwv","ESSFwv/09","D7"
"7475","BECv10","ESSFwv","ESSFwv/09","C7"
"7476","BECv10","ESSFwvp","ESSFwvp/00","E7"
"7477","BECv10","ESSFwvp","ESSFwvp/00","E6"
"7478","BECv10","ESSFwvp","ESSFwvp/00","E5"
"7479","BECv10","ESSFwvp","ESSFwvp/00","E4"
"7480","BECv10","ESSFwvp","ESSFwvp/00","E3"
"7481","BECv10","ESSFwvp","ESSFwvp/00","E2"
"7482","BECv10","ESSFwvp","ESSFwvp/00","E1"
"7483","BECv10","ESSFwvp","ESSFwvp/00","E0"
"7484","BECv10","ESSFwvp","ESSFwvp/00","D7"
"7485","BECv10","ESSFwvp","ESSFwvp/00","D6"
"7486","BECv10","ESSFwvp","ESSFwvp/00","D5"
"7487","BECv10","ESSFwvp","ESSFwvp/00","D4"
"7488","BECv10","ESSFwvp","ESSFwvp/00","D3"
"7489","BECv10","ESSFwvp","ESSFwvp/00","D2"
"7490","BECv10","ESSFwvp","ESSFwvp/00","D1"
"7491","BECv10","ESSFwvp","ESSFwvp/00","D0"
"7492","BECv10","ESSFwvp","ESSFwvp/00","C7"
"7493","BECv10","ESSFwvp","ESSFwvp/00","C6"
"7494","BECv10","ESSFwvp","ESSFwvp/00","C5"
"7495","BECv10","ESSFwvp","ESSFwvp/00","C4"
"7496","BECv10","ESSFwvp","ESSFwvp/00","C3"
"7497","BECv10","ESSFwvp","ESSFwvp/00","C2"
"7498","BECv10","ESSFwvp","ESSFwvp/00","C1"
"7499","BECv10","ESSFwvp","ESSFwvp/00","C0"
"7500","BECv10","ESSFwvp","ESSFwvp/00","B7"
"7501","BECv10","ESSFwvp","ESSFwvp/00","B6"
"7502","BECv10","ESSFwvp","ESSFwvp/00","B5"
"7503","BECv10","ESSFwvp","ESSFwvp/00","B4"
"7504","BECv10","ESSFwvp","ESSFwvp/00","B3"
"7505","BECv10","ESSFwvp","ESSFwvp/00","B2"
"7506","BECv10","ESSFwvp","ESSFwvp/00","B1"
"7507","BECv10","ESSFwvp","ESSFwvp/00","B0"
"7508","BECv10","ESSFwvp","ESSFwvp/00","A7"
"7509","BECv10","ESSFwvp","ESSFwvp/00","A6"
"7510","BECv10","ESSFwvp","ESSFwvp/00","A5"
"7511","BECv10","ESSFwvp","ESSFwvp/00","A4"
"7512","BECv10","ESSFwvp","ESSFwvp/00","A3"
"7513","BECv10","ESSFwvp","ESSFwvp/00","A2"
"7514","BECv10","ESSFwvp","ESSFwvp/00","A1"
"7515","BECv10","ESSFwvp","ESSFwvp/00","A0"
"7516","BECv12","ESSFwvw","ESSFwvw/101","C4"
"7517","BECv12","ESSFwvw","ESSFwvw/101","C3"
"7518","BECv12","ESSFwvw","ESSFwvw/101","B4"
"7519","BECv12","ESSFwvw","ESSFwvw/101","B3"
"7520","BECv12","ESSFwvw","ESSFwvw/102","B1"
"7521","BECv12","ESSFwvw","ESSFwvw/102","A1"
"7522","BECv12","ESSFwvw","ESSFwvw/103","B4"
"7523","BECv12","ESSFwvw","ESSFwvw/103","B3"
"7524","BECv12","ESSFwvw","ESSFwvw/103","A4"
"7525","BECv12","ESSFwvw","ESSFwvw/103","A3"
"7526","BECv12","ESSFwvw","ESSFwvw/103","A2"
"7527","BECv12","ESSFwvw","ESSFwvw/104","C2"
"7528","BECv12","ESSFwvw","ESSFwvw/104","C1"
"7529","BECv12","ESSFwvw","ESSFwvw/104","B2"
"7530","BECv12","ESSFwvw","ESSFwvw/105","C4"
"7531","BECv12","ESSFwvw","ESSFwvw/105","C3"
"7532","BECv12","ESSFwvw","ESSFwvw/105","B4"
"7533","BECv12","ESSFwvw","ESSFwvw/105","B3"
"7534","BECv12","ESSFwvw","ESSFwvw/110","E5"
"7535","BECv12","ESSFwvw","ESSFwvw/110","E4"
"7536","BECv12","ESSFwvw","ESSFwvw/110","E3"
"7537","BECv12","ESSFwvw","ESSFwvw/110","D5"
"7538","BECv12","ESSFwvw","ESSFwvw/110","D4"
"7539","BECv12","ESSFwvw","ESSFwvw/110","D3"
"7540","BECv12","ESSFwvw","ESSFwvw/110","C5"
"7541","BECv12","ESSFwvw","ESSFwvw/110","B5"
"7542","BECv12","ESSFwvw","ESSFwvw/111","E6"
"7543","BECv12","ESSFwvw","ESSFwvw/111","D6"
"7544","BECv12","ESSFwvw","ESSFwvw/111","C6"
"7545","BECv12","ESSFwvw","ESSFwvw/111","B6"
"7546","Add_2021","ESSFwvw","ESSFwvw/Ro","A0"
"7547","Add_2021","ESSFwvw","ESSFwvw/Ro","B0"
"7548","USA_2019","ESSFxc_CO","ESSFxc_CO/101","D4"
"7549","USA_2019","ESSFxc_CO","ESSFxc_CO/101","D3"
"7550","USA_2019","ESSFxc_CO","ESSFxc_CO/101","C4"
"7551","USA_2019","ESSFxc_CO","ESSFxc_CO/101","C3"
"7552","USA_2019","ESSFxc_CO","ESSFxc_CO/101","B4"
"7553","USA_2019","ESSFxc_CO","ESSFxc_CO/101","B3"
"7554","USA_2019","ESSFxc_CO","ESSFxc_CO/102","D1"
"7555","USA_2019","ESSFxc_CO","ESSFxc_CO/102","C1"
"7556","USA_2019","ESSFxc_CO","ESSFxc_CO/102","B1"
"7557","USA_2019","ESSFxc_CO","ESSFxc_CO/102","A1"
"7558","USA_2019","ESSFxc_CO","ESSFxc_CO/103","D2"
"7559","USA_2019","ESSFxc_CO","ESSFxc_CO/103","C2"
"7560","USA_2019","ESSFxc_CO","ESSFxc_CO/103","B2"
"7561","USA_2019","ESSFxc_CO","ESSFxc_CO/103","A2"
"7562","USA_2019","ESSFxc_CO","ESSFxc_CO/110","E5"
"7563","USA_2019","ESSFxc_CO","ESSFxc_CO/110","D5"
"7564","USA_2019","ESSFxc_CO","ESSFxc_CO/110","C5"
"7565","USA_2019","ESSFxc_CO","ESSFxc_CO/110","B5"
"7566","USA_2019","ESSFxc_CO","ESSFxc_CO/111","E6"
"7567","USA_2019","ESSFxc_CO","ESSFxc_CO/111","D6"
"7568","USA_2019","ESSFxc_CO","ESSFxc_CO/111","C6"
"7569","USA_2019","ESSFxc_CO","ESSFxc_CO/111","B6"
"7570","Add_2021","ESSFxc_CO","ESSFxc_CO/Ro","A0"
"7571","Add_2021","ESSFxc_CO","ESSFxc_CO/Ro","B0"
"7572","USA_2019","ESSFxc_WA","ESSFxc_WA/101","D4"
"7573","USA_2019","ESSFxc_WA","ESSFxc_WA/101","D3"
"7574","USA_2019","ESSFxc_WA","ESSFxc_WA/101","C4"
"7575","USA_2019","ESSFxc_WA","ESSFxc_WA/101","C3"
"7576","USA_2019","ESSFxc_WA","ESSFxc_WA/101","B4"
"7577","USA_2019","ESSFxc_WA","ESSFxc_WA/101","B3"
"7578","USA_2019","ESSFxc_WA","ESSFxc_WA/102","D1"
"7579","USA_2019","ESSFxc_WA","ESSFxc_WA/102","C1"
"7580","USA_2019","ESSFxc_WA","ESSFxc_WA/102","B1"
"7581","USA_2019","ESSFxc_WA","ESSFxc_WA/102","A1"
"7582","USA_2019","ESSFxc_WA","ESSFxc_WA/103","D2"
"7583","USA_2019","ESSFxc_WA","ESSFxc_WA/103","C2"
"7584","USA_2019","ESSFxc_WA","ESSFxc_WA/103","B2"
"7585","USA_2019","ESSFxc_WA","ESSFxc_WA/103","A2"
"7586","USA_2019","ESSFxc_WA","ESSFxc_WA/110","E5"
"7587","USA_2019","ESSFxc_WA","ESSFxc_WA/110","D5"
"7588","USA_2019","ESSFxc_WA","ESSFxc_WA/110","C5"
"7589","USA_2019","ESSFxc_WA","ESSFxc_WA/110","B5"
"7590","USA_2019","ESSFxc_WA","ESSFxc_WA/111","E6"
"7591","USA_2019","ESSFxc_WA","ESSFxc_WA/111","D6"
"7592","USA_2019","ESSFxc_WA","ESSFxc_WA/111","C6"
"7593","USA_2019","ESSFxc_WA","ESSFxc_WA/111","B6"
"7594","Add_2021","ESSFxc_WA","ESSFxc_WA/Ro","A0"
"7595","Add_2021","ESSFxc_WA","ESSFxc_WA/Ro","B0"
"7596","BECv12","ESSFxc1","ESSFxc1/101","D4"
"7597","BECv12","ESSFxc1","ESSFxc1/101","D3"
"7598","BECv12","ESSFxc1","ESSFxc1/101","D2"
"7599","BECv12","ESSFxc1","ESSFxc1/101","C4"
"7600","BECv12","ESSFxc1","ESSFxc1/101","C3"
"7601","BECv12","ESSFxc1","ESSFxc1/101","B4"
"7602","BECv12","ESSFxc1","ESSFxc1/101","B3"
"7603","BECv12","ESSFxc1","ESSFxc1/102","B1"
"7604","BECv12","ESSFxc1","ESSFxc1/102","B0"
"7605","BECv12","ESSFxc1","ESSFxc1/102","A1"
"7606","BECv12","ESSFxc1","ESSFxc1/102","A0"
"7607","BECv12","ESSFxc1","ESSFxc1/103","C2"
"7608","BECv12","ESSFxc1","ESSFxc1/103","C1"
"7609","BECv12","ESSFxc1","ESSFxc1/103","B2"
"7610","BECv12","ESSFxc1","ESSFxc1/104","C3"
"7611","BECv12","ESSFxc1","ESSFxc1/104","C2"
"7612","BECv12","ESSFxc1","ESSFxc1/104","B3"
"7613","BECv12","ESSFxc1","ESSFxc1/105","B4"
"7614","BECv12","ESSFxc1","ESSFxc1/105","B3"
"7615","BECv12","ESSFxc1","ESSFxc1/105","A4"
"7616","BECv12","ESSFxc1","ESSFxc1/105","A3"
"7617","BECv12","ESSFxc1","ESSFxc1/110","D4"
"7618","BECv12","ESSFxc1","ESSFxc1/110","D3"
"7619","BECv12","ESSFxc1","ESSFxc1/110","D2"
"7620","BECv12","ESSFxc1","ESSFxc1/110","C4"
"7621","BECv12","ESSFxc1","ESSFxc1/110","C3"
"7622","BECv12","ESSFxc1","ESSFxc1/110","B4"
"7623","BECv12","ESSFxc1","ESSFxc1/110","B3"
"7624","BECv12","ESSFxc1","ESSFxc1/111","E7"
"7625","BECv12","ESSFxc1","ESSFxc1/111","E6"
"7626","BECv12","ESSFxc1","ESSFxc1/111","D7"
"7627","BECv12","ESSFxc1","ESSFxc1/111","D6"
"7628","BECv12","ESSFxc1","ESSFxc1/111","C7"
"7629","BECv12","ESSFxc1","ESSFxc1/111","C6"
"7630","BECv12","ESSFxc1","ESSFxc1/112","E5"
"7631","BECv12","ESSFxc1","ESSFxc1/112","D5"
"7632","BECv12","ESSFxc1","ESSFxc1/112","C5"
"7633","BECv12","ESSFxc1","ESSFxc1/113","E5"
"7634","BECv12","ESSFxc1","ESSFxc1/113","D5"
"7635","BECv12","ESSFxc1","ESSFxc1/113","C5"
"7636","BECv10","ESSFxc1","ESSFxc1/Gg","D2"
"7637","BECv10","ESSFxc1","ESSFxc1/Gg","D1"
"7638","BECv10","ESSFxc1","ESSFxc1/Gg","C2"
"7639","BECv10","ESSFxc1","ESSFxc1/Gg","C1"
"7640","BECv10","ESSFxc1","ESSFxc1/Gg","B2"
"7641","BECv10","ESSFxc1","ESSFxc1/Gg","B1"
"7642","BECv10","ESSFxc1","ESSFxc1/Ws08","B7"
"7643","BECv10","ESSFxc1","ESSFxc1/Ws08","C7"
"7644","BECv10","ESSFxc1","ESSFxc1/Ws08","D7"
"7645","BECv10","ESSFxc1","ESSFxc1/Ws08","E7"
"7646","BECv10","ESSFxc1","ESSFxc1/Ws12","B7"
"7647","BECv10","ESSFxc1","ESSFxc1/Ws12","C7"
"7648","BECv10","ESSFxc1","ESSFxc1/Ws12","D7"
"7649","BECv10","ESSFxc1","ESSFxc1/Ws12","E7"
"7650","BECv12","ESSFxc2","ESSFxc2/101","D4"
"7651","BECv12","ESSFxc2","ESSFxc2/101","D3"
"7652","BECv12","ESSFxc2","ESSFxc2/101","C4"
"7653","BECv12","ESSFxc2","ESSFxc2/101","C3"
"7654","BECv12","ESSFxc2","ESSFxc2/101","B4"
"7655","BECv12","ESSFxc2","ESSFxc2/101","B3"
"7656","BECv12","ESSFxc2","ESSFxc2/102","C1"
"7657","BECv12","ESSFxc2","ESSFxc2/102","C0"
"7658","BECv12","ESSFxc2","ESSFxc2/102","B1"
"7659","BECv12","ESSFxc2","ESSFxc2/102","B0"
"7660","BECv12","ESSFxc2","ESSFxc2/102","A1"
"7661","BECv12","ESSFxc2","ESSFxc2/102","A0"
"7662","BECv12","ESSFxc2","ESSFxc2/103","C3"
"7663","BECv12","ESSFxc2","ESSFxc2/103","C2"
"7664","BECv12","ESSFxc2","ESSFxc2/103","C1"
"7665","BECv12","ESSFxc2","ESSFxc2/103","B3"
"7666","BECv12","ESSFxc2","ESSFxc2/103","B2"
"7667","BECv12","ESSFxc2","ESSFxc2/103","B1"
"7668","BECv12","ESSFxc2","ESSFxc2/110","D4"
"7669","BECv12","ESSFxc2","ESSFxc2/110","D3"
"7670","BECv12","ESSFxc2","ESSFxc2/110","C4"
"7671","BECv12","ESSFxc2","ESSFxc2/110","C3"
"7672","BECv12","ESSFxc2","ESSFxc2/110","B4"
"7673","BECv12","ESSFxc2","ESSFxc2/110","B3"
"7674","BECv12","ESSFxc2","ESSFxc2/111","E5"
"7675","BECv12","ESSFxc2","ESSFxc2/111","D5"
"7676","BECv12","ESSFxc2","ESSFxc2/111","C5"
"7677","BECv12","ESSFxc2","ESSFxc2/112","E7"
"7678","BECv12","ESSFxc2","ESSFxc2/112","E6"
"7679","BECv12","ESSFxc2","ESSFxc2/112","D7"
"7680","BECv12","ESSFxc2","ESSFxc2/112","D6"
"7681","BECv12","ESSFxc2","ESSFxc2/112","C7"
"7682","BECv12","ESSFxc2","ESSFxc2/112","C6"
"7683","BECv10","ESSFxc2","ESSFxc2/Gg","D3"
"7684","BECv10","ESSFxc2","ESSFxc2/Gg","D2"
"7685","BECv10","ESSFxc2","ESSFxc2/Gg","D1"
"7686","BECv10","ESSFxc2","ESSFxc2/Gg","C3"
"7687","BECv10","ESSFxc2","ESSFxc2/Gg","C2"
"7688","BECv10","ESSFxc2","ESSFxc2/Gg","C1"
"7689","BECv10","ESSFxc2","ESSFxc2/Gg","B2"
"7690","BECv10","ESSFxc2","ESSFxc2/Gg","B1"
"7691","BECv12","ESSFxc2","ESSFxc2/Ws08","E7"
"7692","BECv12","ESSFxc2","ESSFxc2/Ws08","D7"
"7693","BECv12","ESSFxc2","ESSFxc2/Ws08","C7"
"7694","BECv12","ESSFxc2","ESSFxc2/Ws08","B6"
"7695","BECv10","ESSFxc3","ESSFxc3/01","D5"
"7696","BECv10","ESSFxc3","ESSFxc3/01","D4"
"7697","BECv10","ESSFxc3","ESSFxc3/01","C5"
"7698","BECv10","ESSFxc3","ESSFxc3/01","C4"
"7699","BECv10","ESSFxc3","ESSFxc3/01","B5"
"7700","BECv10","ESSFxc3","ESSFxc3/01","B4"
"7701","BECv10","ESSFxc3","ESSFxc3/01","A5"
"7702","BECv10","ESSFxc3","ESSFxc3/01","A4"
"7703","BECv10","ESSFxc3","ESSFxc3/02","C2"
"7704","BECv10","ESSFxc3","ESSFxc3/02","C1"
"7705","BECv10","ESSFxc3","ESSFxc3/02","C0"
"7706","BECv10","ESSFxc3","ESSFxc3/02","B2"
"7707","BECv10","ESSFxc3","ESSFxc3/02","B1"
"7708","BECv10","ESSFxc3","ESSFxc3/02","B0"
"7709","BECv10","ESSFxc3","ESSFxc3/02","A2"
"7710","BECv10","ESSFxc3","ESSFxc3/02","A1"
"7711","BECv10","ESSFxc3","ESSFxc3/02","A0"
"7712","BECv10","ESSFxc3","ESSFxc3/03","D2"
"7713","BECv10","ESSFxc3","ESSFxc3/03","D1"
"7714","BECv10","ESSFxc3","ESSFxc3/03","C2"
"7715","BECv10","ESSFxc3","ESSFxc3/03","C1"
"7716","BECv10","ESSFxc3","ESSFxc3/04","D3"
"7717","BECv10","ESSFxc3","ESSFxc3/04","D2"
"7718","BECv10","ESSFxc3","ESSFxc3/04","C3"
"7719","BECv10","ESSFxc3","ESSFxc3/04","C2"
"7720","BECv10","ESSFxc3","ESSFxc3/05","D4"
"7721","BECv10","ESSFxc3","ESSFxc3/05","D3"
"7722","BECv10","ESSFxc3","ESSFxc3/05","C4"
"7723","BECv10","ESSFxc3","ESSFxc3/05","C3"
"7724","BECv10","ESSFxc3","ESSFxc3/05","C2"
"7725","BECv10","ESSFxc3","ESSFxc3/05","B4"
"7726","BECv10","ESSFxc3","ESSFxc3/05","B3"
"7727","BECv10","ESSFxc3","ESSFxc3/05","B2"
"7728","BECv10","ESSFxc3","ESSFxc3/05","A4"
"7729","BECv10","ESSFxc3","ESSFxc3/05","A3"
"7730","BECv10","ESSFxc3","ESSFxc3/05","A2"
"7731","BECv10","ESSFxc3","ESSFxc3/06","C4"
"7732","BECv10","ESSFxc3","ESSFxc3/06","C3"
"7733","BECv10","ESSFxc3","ESSFxc3/06","B4"
"7734","BECv10","ESSFxc3","ESSFxc3/06","B3"
"7735","BECv10","ESSFxc3","ESSFxc3/06","A4"
"7736","BECv10","ESSFxc3","ESSFxc3/06","A3"
"7737","BECv10","ESSFxc3","ESSFxc3/07","E6"
"7738","BECv10","ESSFxc3","ESSFxc3/07","E5"
"7739","BECv10","ESSFxc3","ESSFxc3/07","D6"
"7740","BECv10","ESSFxc3","ESSFxc3/07","D5"
"7741","BECv10","ESSFxc3","ESSFxc3/07","C6"
"7742","BECv10","ESSFxc3","ESSFxc3/07","C5"
"7743","BECv10","ESSFxc3","ESSFxc3/07","B6"
"7744","BECv10","ESSFxc3","ESSFxc3/07","B5"
"7745","BECv10","ESSFxc3","ESSFxc3/08","E6"
"7746","BECv10","ESSFxc3","ESSFxc3/08","D6"
"7747","BECv10","ESSFxc3","ESSFxc3/08","C6"
"7748","BECv10","ESSFxc3","ESSFxc3/08","B6"
"7749","BECv10","ESSFxc3","ESSFxc3/09","C7"
"7750","BECv10","ESSFxc3","ESSFxc3/09","C6"
"7751","BECv10","ESSFxc3","ESSFxc3/09","B7"
"7752","BECv10","ESSFxc3","ESSFxc3/09","B6"
"7753","BECv10","ESSFxc3","ESSFxc3/10","D7"
"7754","BECv10","ESSFxc3","ESSFxc3/10","D6"
"7755","BECv10","ESSFxc3","ESSFxc3/10","C7"
"7756","BECv10","ESSFxc3","ESSFxc3/10","C6"
"7757","BECv10","ESSFxcp","ESSFxcp/00","E7"
"7758","BECv10","ESSFxcp","ESSFxcp/00","E6"
"7759","BECv10","ESSFxcp","ESSFxcp/00","E5"
"7760","BECv10","ESSFxcp","ESSFxcp/00","E4"
"7761","BECv10","ESSFxcp","ESSFxcp/00","E3"
"7762","BECv10","ESSFxcp","ESSFxcp/00","E2"
"7763","BECv10","ESSFxcp","ESSFxcp/00","E1"
"7764","BECv10","ESSFxcp","ESSFxcp/00","E0"
"7765","BECv10","ESSFxcp","ESSFxcp/00","D7"
"7766","BECv10","ESSFxcp","ESSFxcp/00","D6"
"7767","BECv10","ESSFxcp","ESSFxcp/00","D5"
"7768","BECv10","ESSFxcp","ESSFxcp/00","D4"
"7769","BECv10","ESSFxcp","ESSFxcp/00","D3"
"7770","BECv10","ESSFxcp","ESSFxcp/00","D2"
"7771","BECv10","ESSFxcp","ESSFxcp/00","D1"
"7772","BECv10","ESSFxcp","ESSFxcp/00","D0"
"7773","BECv10","ESSFxcp","ESSFxcp/00","C7"
"7774","BECv10","ESSFxcp","ESSFxcp/00","C6"
"7775","BECv10","ESSFxcp","ESSFxcp/00","C5"
"7776","BECv10","ESSFxcp","ESSFxcp/00","C4"
"7777","BECv10","ESSFxcp","ESSFxcp/00","C3"
"7778","BECv10","ESSFxcp","ESSFxcp/00","C2"
"7779","BECv10","ESSFxcp","ESSFxcp/00","C1"
"7780","BECv10","ESSFxcp","ESSFxcp/00","C0"
"7781","BECv10","ESSFxcp","ESSFxcp/00","B7"
"7782","BECv10","ESSFxcp","ESSFxcp/00","B6"
"7783","BECv10","ESSFxcp","ESSFxcp/00","B5"
"7784","BECv10","ESSFxcp","ESSFxcp/00","B4"
"7785","BECv10","ESSFxcp","ESSFxcp/00","B3"
"7786","BECv10","ESSFxcp","ESSFxcp/00","B2"
"7787","BECv10","ESSFxcp","ESSFxcp/00","B1"
"7788","BECv10","ESSFxcp","ESSFxcp/00","B0"
"7789","BECv10","ESSFxcp","ESSFxcp/00","A7"
"7790","BECv10","ESSFxcp","ESSFxcp/00","A6"
"7791","BECv10","ESSFxcp","ESSFxcp/00","A5"
"7792","BECv10","ESSFxcp","ESSFxcp/00","A4"
"7793","BECv10","ESSFxcp","ESSFxcp/00","A3"
"7794","BECv10","ESSFxcp","ESSFxcp/00","A2"
"7795","BECv10","ESSFxcp","ESSFxcp/00","A1"
"7796","BECv10","ESSFxcp","ESSFxcp/00","A0"
"7797","USA_2019","ESSFxcp_CO","ESSFxcp_CO/00","E6"
"7798","USA_2019","ESSFxcp_CO","ESSFxcp_CO/00","E5"
"7799","USA_2019","ESSFxcp_CO","ESSFxcp_CO/00","D6"
"7800","USA_2019","ESSFxcp_CO","ESSFxcp_CO/00","D5"
"7801","USA_2019","ESSFxcp_CO","ESSFxcp_CO/00","D4"
"7802","USA_2019","ESSFxcp_CO","ESSFxcp_CO/00","D3"
"7803","USA_2019","ESSFxcp_CO","ESSFxcp_CO/00","D2"
"7804","USA_2019","ESSFxcp_CO","ESSFxcp_CO/00","D1"
"7805","USA_2019","ESSFxcp_CO","ESSFxcp_CO/00","C6"
"7806","USA_2019","ESSFxcp_CO","ESSFxcp_CO/00","C5"
"7807","USA_2019","ESSFxcp_CO","ESSFxcp_CO/00","C4"
"7808","USA_2019","ESSFxcp_CO","ESSFxcp_CO/00","C3"
"7809","USA_2019","ESSFxcp_CO","ESSFxcp_CO/00","C2"
"7810","USA_2019","ESSFxcp_CO","ESSFxcp_CO/00","C1"
"7811","USA_2019","ESSFxcp_CO","ESSFxcp_CO/00","B6"
"7812","USA_2019","ESSFxcp_CO","ESSFxcp_CO/00","B5"
"7813","USA_2019","ESSFxcp_CO","ESSFxcp_CO/00","B4"
"7814","USA_2019","ESSFxcp_CO","ESSFxcp_CO/00","B3"
"7815","USA_2019","ESSFxcp_CO","ESSFxcp_CO/00","B2"
"7816","USA_2019","ESSFxcp_CO","ESSFxcp_CO/00","B1"
"7817","USA_2019","ESSFxcp_CO","ESSFxcp_CO/00","A2"
"7818","USA_2019","ESSFxcp_CO","ESSFxcp_CO/00","A1"
"7819","Add_2021","ESSFxcp_CO","ESSFxcp_CO/Ro","A0"
"7820","Add_2021","ESSFxcp_CO","ESSFxcp_CO/Ro","B0"
"7821","USA_2019","ESSFxcp_WA","ESSFxcp_WA/00","E7"
"7822","USA_2019","ESSFxcp_WA","ESSFxcp_WA/00","E6"
"7823","USA_2019","ESSFxcp_WA","ESSFxcp_WA/00","E5"
"7824","USA_2019","ESSFxcp_WA","ESSFxcp_WA/00","E4"
"7825","USA_2019","ESSFxcp_WA","ESSFxcp_WA/00","E3"
"7826","USA_2019","ESSFxcp_WA","ESSFxcp_WA/00","E2"
"7827","USA_2019","ESSFxcp_WA","ESSFxcp_WA/00","E1"
"7828","USA_2019","ESSFxcp_WA","ESSFxcp_WA/00","E0"
"7829","USA_2019","ESSFxcp_WA","ESSFxcp_WA/00","D7"
"7830","USA_2019","ESSFxcp_WA","ESSFxcp_WA/00","D6"
"7831","USA_2019","ESSFxcp_WA","ESSFxcp_WA/00","D5"
"7832","USA_2019","ESSFxcp_WA","ESSFxcp_WA/00","D4"
"7833","USA_2019","ESSFxcp_WA","ESSFxcp_WA/00","D3"
"7834","USA_2019","ESSFxcp_WA","ESSFxcp_WA/00","D2"
"7835","USA_2019","ESSFxcp_WA","ESSFxcp_WA/00","D1"
"7836","USA_2019","ESSFxcp_WA","ESSFxcp_WA/00","D0"
"7837","USA_2019","ESSFxcp_WA","ESSFxcp_WA/00","C7"
"7838","USA_2019","ESSFxcp_WA","ESSFxcp_WA/00","C6"
"7839","USA_2019","ESSFxcp_WA","ESSFxcp_WA/00","C5"
"7840","USA_2019","ESSFxcp_WA","ESSFxcp_WA/00","C4"
"7841","USA_2019","ESSFxcp_WA","ESSFxcp_WA/00","C3"
"7842","USA_2019","ESSFxcp_WA","ESSFxcp_WA/00","C2"
"7843","USA_2019","ESSFxcp_WA","ESSFxcp_WA/00","C1"
"7844","USA_2019","ESSFxcp_WA","ESSFxcp_WA/00","C0"
"7845","USA_2019","ESSFxcp_WA","ESSFxcp_WA/00","B7"
"7846","USA_2019","ESSFxcp_WA","ESSFxcp_WA/00","B6"
"7847","USA_2019","ESSFxcp_WA","ESSFxcp_WA/00","B5"
"7848","USA_2019","ESSFxcp_WA","ESSFxcp_WA/00","B4"
"7849","USA_2019","ESSFxcp_WA","ESSFxcp_WA/00","B3"
"7850","USA_2019","ESSFxcp_WA","ESSFxcp_WA/00","B2"
"7851","USA_2019","ESSFxcp_WA","ESSFxcp_WA/00","B1"
"7852","USA_2019","ESSFxcp_WA","ESSFxcp_WA/00","B0"
"7853","USA_2019","ESSFxcp_WA","ESSFxcp_WA/00","A7"
"7854","USA_2019","ESSFxcp_WA","ESSFxcp_WA/00","A6"
"7855","USA_2019","ESSFxcp_WA","ESSFxcp_WA/00","A5"
"7856","USA_2019","ESSFxcp_WA","ESSFxcp_WA/00","A4"
"7857","USA_2019","ESSFxcp_WA","ESSFxcp_WA/00","A3"
"7858","USA_2019","ESSFxcp_WA","ESSFxcp_WA/00","A2"
"7859","USA_2019","ESSFxcp_WA","ESSFxcp_WA/00","A1"
"7860","USA_2019","ESSFxcp_WA","ESSFxcp_WA/00","A0"
"7861","BECv12","ESSFxcw","ESSFxcw/101","D4"
"7862","BECv12","ESSFxcw","ESSFxcw/101","D3"
"7863","BECv12","ESSFxcw","ESSFxcw/101","C4"
"7864","BECv12","ESSFxcw","ESSFxcw/101","C3"
"7865","BECv12","ESSFxcw","ESSFxcw/101","B4"
"7866","BECv12","ESSFxcw","ESSFxcw/101","B3"
"7867","BECv12","ESSFxcw","ESSFxcw/102","C1"
"7868","BECv12","ESSFxcw","ESSFxcw/102","C0"
"7869","BECv12","ESSFxcw","ESSFxcw/102","B1"
"7870","BECv12","ESSFxcw","ESSFxcw/102","B0"
"7871","BECv12","ESSFxcw","ESSFxcw/102","A1"
"7872","BECv12","ESSFxcw","ESSFxcw/102","A0"
"7873","BECv12","ESSFxcw","ESSFxcw/103","C3"
"7874","BECv12","ESSFxcw","ESSFxcw/103","C2"
"7875","BECv12","ESSFxcw","ESSFxcw/103","C1"
"7876","BECv12","ESSFxcw","ESSFxcw/103","B3"
"7877","BECv12","ESSFxcw","ESSFxcw/103","B2"
"7878","BECv12","ESSFxcw","ESSFxcw/103","B1"
"7879","BECv12","ESSFxcw","ESSFxcw/110","D4"
"7880","BECv12","ESSFxcw","ESSFxcw/110","D3"
"7881","BECv12","ESSFxcw","ESSFxcw/110","C4"
"7882","BECv12","ESSFxcw","ESSFxcw/110","C3"
"7883","BECv12","ESSFxcw","ESSFxcw/110","B4"
"7884","BECv12","ESSFxcw","ESSFxcw/110","B3"
"7885","BECv12","ESSFxcw","ESSFxcw/111","B5"
"7886","BECv12","ESSFxcw","ESSFxcw/111","C5"
"7887","BECv12","ESSFxcw","ESSFxcw/111","D5"
"7888","BECv12","ESSFxcw","ESSFxcw/112","E6"
"7889","BECv12","ESSFxcw","ESSFxcw/112","C6"
"7890","BECv12","ESSFxcw","ESSFxcw/112","D6"
"7891","BECv12","ESSFxcw","ESSFxcw/112","E7"
"7892","BECv12","ESSFxcw","ESSFxcw/112","C7"
"7893","BECv12","ESSFxcw","ESSFxcw/112","D7"
"7894","BECv10","ESSFxcw","ESSFxcw/Gg","D2"
"7895","BECv10","ESSFxcw","ESSFxcw/Gg","D1"
"7896","BECv10","ESSFxcw","ESSFxcw/Gg","C2"
"7897","BECv10","ESSFxcw","ESSFxcw/Gg","C1"
"7898","BECv10","ESSFxcw","ESSFxcw/Gg","B2"
"7899","BECv10","ESSFxcw","ESSFxcw/Gg","B1"
"7900","USA_2019","ESSFxh_WA","ESSFxh_WA/101","D4"
"7901","USA_2019","ESSFxh_WA","ESSFxh_WA/101","D3"
"7902","USA_2019","ESSFxh_WA","ESSFxh_WA/101","C4"
"7903","USA_2019","ESSFxh_WA","ESSFxh_WA/101","C3"
"7904","USA_2019","ESSFxh_WA","ESSFxh_WA/101","B4"
"7905","USA_2019","ESSFxh_WA","ESSFxh_WA/101","B3"
"7906","USA_2019","ESSFxh_WA","ESSFxh_WA/102","D1"
"7907","USA_2019","ESSFxh_WA","ESSFxh_WA/102","C1"
"7908","USA_2019","ESSFxh_WA","ESSFxh_WA/102","B1"
"7909","USA_2019","ESSFxh_WA","ESSFxh_WA/102","A1"
"7910","USA_2019","ESSFxh_WA","ESSFxh_WA/103","D2"
"7911","USA_2019","ESSFxh_WA","ESSFxh_WA/103","C2"
"7912","USA_2019","ESSFxh_WA","ESSFxh_WA/103","B2"
"7913","USA_2019","ESSFxh_WA","ESSFxh_WA/103","A2"
"7914","USA_2019","ESSFxh_WA","ESSFxh_WA/110","E5"
"7915","USA_2019","ESSFxh_WA","ESSFxh_WA/110","D5"
"7916","USA_2019","ESSFxh_WA","ESSFxh_WA/110","C5"
"7917","USA_2019","ESSFxh_WA","ESSFxh_WA/110","B5"
"7918","USA_2019","ESSFxh_WA","ESSFxh_WA/111","E6"
"7919","USA_2019","ESSFxh_WA","ESSFxh_WA/111","D6"
"7920","USA_2019","ESSFxh_WA","ESSFxh_WA/111","C6"
"7921","USA_2019","ESSFxh_WA","ESSFxh_WA/111","B6"
"7922","Add_2021","ESSFxh_WA","ESSFxh_WA/Ro","A0"
"7923","Add_2021","ESSFxh_WA","ESSFxh_WA/Ro","B0"
"7924","USA_2019","ESSFxk_MT","ESSFxk_MT/101","D4"
"7925","USA_2019","ESSFxk_MT","ESSFxk_MT/101","D3"
"7926","USA_2019","ESSFxk_MT","ESSFxk_MT/101","C4"
"7927","USA_2019","ESSFxk_MT","ESSFxk_MT/101","C3"
"7928","USA_2019","ESSFxk_MT","ESSFxk_MT/101","B4"
"7929","USA_2019","ESSFxk_MT","ESSFxk_MT/101","B3"
"7930","USA_2019","ESSFxk_MT","ESSFxk_MT/102","D1"
"7931","USA_2019","ESSFxk_MT","ESSFxk_MT/102","C1"
"7932","USA_2019","ESSFxk_MT","ESSFxk_MT/102","B1"
"7933","USA_2019","ESSFxk_MT","ESSFxk_MT/102","A1"
"7934","USA_2019","ESSFxk_MT","ESSFxk_MT/103","D2"
"7935","USA_2019","ESSFxk_MT","ESSFxk_MT/103","C2"
"7936","USA_2019","ESSFxk_MT","ESSFxk_MT/103","B2"
"7937","USA_2019","ESSFxk_MT","ESSFxk_MT/103","A2"
"7938","USA_2019","ESSFxk_MT","ESSFxk_MT/110","E5"
"7939","USA_2019","ESSFxk_MT","ESSFxk_MT/110","D5"
"7940","USA_2019","ESSFxk_MT","ESSFxk_MT/110","C5"
"7941","USA_2019","ESSFxk_MT","ESSFxk_MT/110","B5"
"7942","USA_2019","ESSFxk_MT","ESSFxk_MT/111","E6"
"7943","USA_2019","ESSFxk_MT","ESSFxk_MT/111","D6"
"7944","USA_2019","ESSFxk_MT","ESSFxk_MT/111","C6"
"7945","USA_2019","ESSFxk_MT","ESSFxk_MT/111","B6"
"7946","Add_2021","ESSFxk_MT","ESSFxk_MT/Ro","A0"
"7947","Add_2021","ESSFxk_MT","ESSFxk_MT/Ro","B0"
"7948","USA_2019","ESSFxk_UT","ESSFxk_UT/101","D4"
"7949","USA_2019","ESSFxk_UT","ESSFxk_UT/101","D3"
"7950","USA_2019","ESSFxk_UT","ESSFxk_UT/101","C4"
"7951","USA_2019","ESSFxk_UT","ESSFxk_UT/101","C3"
"7952","USA_2019","ESSFxk_UT","ESSFxk_UT/101","B4"
"7953","USA_2019","ESSFxk_UT","ESSFxk_UT/101","B3"
"7954","USA_2019","ESSFxk_UT","ESSFxk_UT/102","D1"
"7955","USA_2019","ESSFxk_UT","ESSFxk_UT/102","C1"
"7956","USA_2019","ESSFxk_UT","ESSFxk_UT/102","B1"
"7957","USA_2019","ESSFxk_UT","ESSFxk_UT/102","A1"
"7958","USA_2019","ESSFxk_UT","ESSFxk_UT/103","D2"
"7959","USA_2019","ESSFxk_UT","ESSFxk_UT/103","C2"
"7960","USA_2019","ESSFxk_UT","ESSFxk_UT/103","B2"
"7961","USA_2019","ESSFxk_UT","ESSFxk_UT/103","A2"
"7962","USA_2019","ESSFxk_UT","ESSFxk_UT/110","E5"
"7963","USA_2019","ESSFxk_UT","ESSFxk_UT/110","D5"
"7964","USA_2019","ESSFxk_UT","ESSFxk_UT/110","C5"
"7965","USA_2019","ESSFxk_UT","ESSFxk_UT/110","B5"
"7966","USA_2019","ESSFxk_UT","ESSFxk_UT/111","E6"
"7967","USA_2019","ESSFxk_UT","ESSFxk_UT/111","D6"
"7968","USA_2019","ESSFxk_UT","ESSFxk_UT/111","C6"
"7969","USA_2019","ESSFxk_UT","ESSFxk_UT/111","B6"
"7970","Add_2021","ESSFxk_UT","ESSFxk_UT/Ro","A0"
"7971","Add_2021","ESSFxk_UT","ESSFxk_UT/Ro","B0"
"7972","USA_2020","ESSFxk_WY","ESSFxk_WY/101","D4"
"7973","USA_2020","ESSFxk_WY","ESSFxk_WY/101","D3"
"7974","USA_2020","ESSFxk_WY","ESSFxk_WY/101","C4"
"7975","USA_2020","ESSFxk_WY","ESSFxk_WY/101","C3"
"7976","USA_2020","ESSFxk_WY","ESSFxk_WY/101","B4"
"7977","USA_2020","ESSFxk_WY","ESSFxk_WY/101","B3"
"7978","USA_2020","ESSFxk_WY","ESSFxk_WY/102","D1"
"7979","USA_2020","ESSFxk_WY","ESSFxk_WY/102","C1"
"7980","USA_2020","ESSFxk_WY","ESSFxk_WY/102","B1"
"7981","USA_2020","ESSFxk_WY","ESSFxk_WY/102","A1"
"7982","USA_2020","ESSFxk_WY","ESSFxk_WY/103","D2"
"7983","USA_2020","ESSFxk_WY","ESSFxk_WY/103","C2"
"7984","USA_2020","ESSFxk_WY","ESSFxk_WY/103","B2"
"7985","USA_2020","ESSFxk_WY","ESSFxk_WY/103","A2"
"7986","USA_2020","ESSFxk_WY","ESSFxk_WY/110","E5"
"7987","USA_2020","ESSFxk_WY","ESSFxk_WY/110","D5"
"7988","USA_2020","ESSFxk_WY","ESSFxk_WY/110","C5"
"7989","USA_2020","ESSFxk_WY","ESSFxk_WY/110","B5"
"7990","USA_2020","ESSFxk_WY","ESSFxk_WY/111","E6"
"7991","USA_2020","ESSFxk_WY","ESSFxk_WY/111","D6"
"7992","USA_2020","ESSFxk_WY","ESSFxk_WY/111","C6"
"7993","USA_2020","ESSFxk_WY","ESSFxk_WY/111","B6"
"7994","Add_2021","ESSFxk_WY","ESSFxk_WY/Ro","A0"
"7995","Add_2021","ESSFxk_WY","ESSFxk_WY/Ro","B0"
"7996","USA_2019","ESSFxkp_MT","ESSFxkp_MT/00","E6"
"7997","USA_2019","ESSFxkp_MT","ESSFxkp_MT/00","E5"
"7998","USA_2019","ESSFxkp_MT","ESSFxkp_MT/00","D6"
"7999","USA_2019","ESSFxkp_MT","ESSFxkp_MT/00","D5"
"8000","USA_2019","ESSFxkp_MT","ESSFxkp_MT/00","D4"
"8001","USA_2019","ESSFxkp_MT","ESSFxkp_MT/00","D3"
"8002","USA_2019","ESSFxkp_MT","ESSFxkp_MT/00","D2"
"8003","USA_2019","ESSFxkp_MT","ESSFxkp_MT/00","D1"
"8004","USA_2019","ESSFxkp_MT","ESSFxkp_MT/00","C6"
"8005","USA_2019","ESSFxkp_MT","ESSFxkp_MT/00","C5"
"8006","USA_2019","ESSFxkp_MT","ESSFxkp_MT/00","C4"
"8007","USA_2019","ESSFxkp_MT","ESSFxkp_MT/00","C3"
"8008","USA_2019","ESSFxkp_MT","ESSFxkp_MT/00","C2"
"8009","USA_2019","ESSFxkp_MT","ESSFxkp_MT/00","C1"
"8010","USA_2019","ESSFxkp_MT","ESSFxkp_MT/00","B6"
"8011","USA_2019","ESSFxkp_MT","ESSFxkp_MT/00","B5"
"8012","USA_2019","ESSFxkp_MT","ESSFxkp_MT/00","B4"
"8013","USA_2019","ESSFxkp_MT","ESSFxkp_MT/00","B3"
"8014","USA_2019","ESSFxkp_MT","ESSFxkp_MT/00","B2"
"8015","USA_2019","ESSFxkp_MT","ESSFxkp_MT/00","B1"
"8016","USA_2019","ESSFxkp_MT","ESSFxkp_MT/00","A2"
"8017","USA_2019","ESSFxkp_MT","ESSFxkp_MT/00","A1"
"8018","Add_2021","ESSFxkp_MT","ESSFxkp_MT/Ro","A0"
"8019","Add_2021","ESSFxkp_MT","ESSFxkp_MT/Ro","B0"
"8020","USA_2019","ESSFxkp_UT","ESSFxkp_UT/00","E6"
"8021","USA_2019","ESSFxkp_UT","ESSFxkp_UT/00","E5"
"8022","USA_2019","ESSFxkp_UT","ESSFxkp_UT/00","D6"
"8023","USA_2019","ESSFxkp_UT","ESSFxkp_UT/00","D5"
"8024","USA_2019","ESSFxkp_UT","ESSFxkp_UT/00","D4"
"8025","USA_2019","ESSFxkp_UT","ESSFxkp_UT/00","D3"
"8026","USA_2019","ESSFxkp_UT","ESSFxkp_UT/00","D2"
"8027","USA_2019","ESSFxkp_UT","ESSFxkp_UT/00","D1"
"8028","USA_2019","ESSFxkp_UT","ESSFxkp_UT/00","C6"
"8029","USA_2019","ESSFxkp_UT","ESSFxkp_UT/00","C5"
"8030","USA_2019","ESSFxkp_UT","ESSFxkp_UT/00","C4"
"8031","USA_2019","ESSFxkp_UT","ESSFxkp_UT/00","C3"
"8032","USA_2019","ESSFxkp_UT","ESSFxkp_UT/00","C2"
"8033","USA_2019","ESSFxkp_UT","ESSFxkp_UT/00","C1"
"8034","USA_2019","ESSFxkp_UT","ESSFxkp_UT/00","B6"
"8035","USA_2019","ESSFxkp_UT","ESSFxkp_UT/00","B5"
"8036","USA_2019","ESSFxkp_UT","ESSFxkp_UT/00","B4"
"8037","USA_2019","ESSFxkp_UT","ESSFxkp_UT/00","B3"
"8038","USA_2019","ESSFxkp_UT","ESSFxkp_UT/00","B2"
"8039","USA_2019","ESSFxkp_UT","ESSFxkp_UT/00","B1"
"8040","USA_2019","ESSFxkp_UT","ESSFxkp_UT/00","A2"
"8041","USA_2019","ESSFxkp_UT","ESSFxkp_UT/00","A1"
"8042","Add_2021","ESSFxkp_UT","ESSFxkp_UT/Ro","A0"
"8043","Add_2021","ESSFxkp_UT","ESSFxkp_UT/Ro","B0"
"8044","USA_2020","ESSFxkp_WY","ESSFxkp_WY/00","E6"
"8045","USA_2020","ESSFxkp_WY","ESSFxkp_WY/00","E5"
"8046","USA_2020","ESSFxkp_WY","ESSFxkp_WY/00","D6"
"8047","USA_2020","ESSFxkp_WY","ESSFxkp_WY/00","D5"
"8048","USA_2020","ESSFxkp_WY","ESSFxkp_WY/00","D4"
"8049","USA_2020","ESSFxkp_WY","ESSFxkp_WY/00","D3"
"8050","USA_2020","ESSFxkp_WY","ESSFxkp_WY/00","D2"
"8051","USA_2020","ESSFxkp_WY","ESSFxkp_WY/00","D1"
"8052","USA_2020","ESSFxkp_WY","ESSFxkp_WY/00","C6"
"8053","USA_2020","ESSFxkp_WY","ESSFxkp_WY/00","C5"
"8054","USA_2020","ESSFxkp_WY","ESSFxkp_WY/00","C4"
"8055","USA_2020","ESSFxkp_WY","ESSFxkp_WY/00","C3"
"8056","USA_2020","ESSFxkp_WY","ESSFxkp_WY/00","C2"
"8057","USA_2020","ESSFxkp_WY","ESSFxkp_WY/00","C1"
"8058","USA_2020","ESSFxkp_WY","ESSFxkp_WY/00","B6"
"8059","USA_2020","ESSFxkp_WY","ESSFxkp_WY/00","B5"
"8060","USA_2020","ESSFxkp_WY","ESSFxkp_WY/00","B4"
"8061","USA_2020","ESSFxkp_WY","ESSFxkp_WY/00","B3"
"8062","USA_2020","ESSFxkp_WY","ESSFxkp_WY/00","B2"
"8063","USA_2020","ESSFxkp_WY","ESSFxkp_WY/00","B1"
"8064","USA_2020","ESSFxkp_WY","ESSFxkp_WY/00","A2"
"8065","USA_2020","ESSFxkp_WY","ESSFxkp_WY/00","A1"
"8066","Add_2021","ESSFxkp_WY","ESSFxkp_WY/Ro","A0"
"8067","Add_2021","ESSFxkp_WY","ESSFxkp_WY/Ro","B0"
"8068","BECv10","ESSFxv1","ESSFxv1/01","D4"
"8069","BECv10","ESSFxv1","ESSFxv1/01","D3"
"8070","BECv10","ESSFxv1","ESSFxv1/01","C4"
"8071","BECv10","ESSFxv1","ESSFxv1/01","C3"
"8072","BECv10","ESSFxv1","ESSFxv1/01","B4"
"8073","BECv10","ESSFxv1","ESSFxv1/02","D2"
"8074","BECv10","ESSFxv1","ESSFxv1/02","D1"
"8075","BECv10","ESSFxv1","ESSFxv1/02","D0"
"8076","BECv10","ESSFxv1","ESSFxv1/02","C2"
"8077","BECv10","ESSFxv1","ESSFxv1/02","C1"
"8078","BECv10","ESSFxv1","ESSFxv1/02","C0"
"8079","BECv10","ESSFxv1","ESSFxv1/02","B2"
"8080","BECv10","ESSFxv1","ESSFxv1/02","B1"
"8081","BECv10","ESSFxv1","ESSFxv1/02","B0"
"8082","BECv10","ESSFxv1","ESSFxv1/02","A1"
"8083","BECv10","ESSFxv1","ESSFxv1/02","A0"
"8084","BECv10","ESSFxv1","ESSFxv1/03","B2"
"8085","BECv10","ESSFxv1","ESSFxv1/03","B1"
"8086","BECv10","ESSFxv1","ESSFxv1/03","A2"
"8087","BECv10","ESSFxv1","ESSFxv1/03","A1"
"8088","BECv10","ESSFxv1","ESSFxv1/04","D3"
"8089","BECv10","ESSFxv1","ESSFxv1/04","D2"
"8090","BECv10","ESSFxv1","ESSFxv1/04","C3"
"8091","BECv10","ESSFxv1","ESSFxv1/04","C2"
"8092","BECv10","ESSFxv1","ESSFxv1/04","B3"
"8093","BECv10","ESSFxv1","ESSFxv1/04","B2"
"8094","BECv10","ESSFxv1","ESSFxv1/05","D3"
"8095","BECv10","ESSFxv1","ESSFxv1/05","D2"
"8096","BECv10","ESSFxv1","ESSFxv1/05","C3"
"8097","BECv10","ESSFxv1","ESSFxv1/05","C2"
"8098","BECv10","ESSFxv1","ESSFxv1/05","B3"
"8099","BECv10","ESSFxv1","ESSFxv1/05","B2"
"8100","BECv10","ESSFxv1","ESSFxv1/06","C4"
"8101","BECv10","ESSFxv1","ESSFxv1/06","C3"
"8102","BECv10","ESSFxv1","ESSFxv1/06","B4"
"8103","BECv10","ESSFxv1","ESSFxv1/06","B3"
"8104","BECv10","ESSFxv1","ESSFxv1/07","D5"
"8105","BECv10","ESSFxv1","ESSFxv1/07","D4"
"8106","BECv10","ESSFxv1","ESSFxv1/07","C6"
"8107","BECv10","ESSFxv1","ESSFxv1/07","C5"
"8108","BECv10","ESSFxv1","ESSFxv1/07","C4"
"8109","BECv10","ESSFxv1","ESSFxv1/07","B6"
"8110","BECv10","ESSFxv1","ESSFxv1/07","B5"
"8111","BECv10","ESSFxv1","ESSFxv1/07","B4"
"8112","BECv10","ESSFxv1","ESSFxv1/08","D7"
"8113","BECv10","ESSFxv1","ESSFxv1/08","D6"
"8114","BECv10","ESSFxv1","ESSFxv1/08","C7"
"8115","BECv10","ESSFxv1","ESSFxv1/08","C6"
"8116","BECv10","ESSFxv1","ESSFxv1/08","B7"
"8117","BECv10","ESSFxv1","ESSFxv1/08","B6"
"8118","BECv10","ESSFxv1","ESSFxv1/09","E7"
"8119","BECv10","ESSFxv1","ESSFxv1/09","E6"
"8120","BECv10","ESSFxv1","ESSFxv1/09","D7"
"8121","BECv10","ESSFxv1","ESSFxv1/09","D6"
"8122","BECv10","ESSFxv2","ESSFxv2/01","D4"
"8123","BECv10","ESSFxv2","ESSFxv2/01","D3"
"8124","BECv10","ESSFxv2","ESSFxv2/01","C4"
"8125","BECv10","ESSFxv2","ESSFxv2/01","B4"
"8126","BECv10","ESSFxv2","ESSFxv2/02","C2"
"8127","BECv10","ESSFxv2","ESSFxv2/02","C1"
"8128","BECv10","ESSFxv2","ESSFxv2/02","B2"
"8129","BECv10","ESSFxv2","ESSFxv2/02","B1"
"8130","BECv10","ESSFxv2","ESSFxv2/02","A2"
"8131","BECv10","ESSFxv2","ESSFxv2/02","A1"
"8132","BECv10","ESSFxv2","ESSFxv2/03","D2"
"8133","BECv10","ESSFxv2","ESSFxv2/03","D1"
"8134","BECv10","ESSFxv2","ESSFxv2/03","C2"
"8135","BECv10","ESSFxv2","ESSFxv2/03","C1"
"8136","BECv10","ESSFxv2","ESSFxv2/04","D3"
"8137","BECv10","ESSFxv2","ESSFxv2/04","C3"
"8138","BECv10","ESSFxv2","ESSFxv2/04","B3"
"8139","BECv10","ESSFxv2","ESSFxv2/05","C4"
"8140","BECv10","ESSFxv2","ESSFxv2/05","C3"
"8141","BECv10","ESSFxv2","ESSFxv2/05","B4"
"8142","BECv10","ESSFxv2","ESSFxv2/05","B3"
"8143","BECv10","ESSFxv2","ESSFxv2/06","C4"
"8144","BECv10","ESSFxv2","ESSFxv2/06","C3"
"8145","BECv10","ESSFxv2","ESSFxv2/06","B4"
"8146","BECv10","ESSFxv2","ESSFxv2/06","B3"
"8147","BECv10","ESSFxv2","ESSFxv2/07","D5"
"8148","BECv10","ESSFxv2","ESSFxv2/07","C5"
"8149","BECv10","ESSFxv2","ESSFxv2/07","B5"
"8150","BECv10","ESSFxv2","ESSFxv2/08","D6"
"8151","BECv10","ESSFxv2","ESSFxv2/08","C6"
"8152","BECv10","ESSFxv2","ESSFxv2/08","B6"
"8153","BECv10","ESSFxv2","ESSFxv2/09","C7"
"8154","BECv10","ESSFxv2","ESSFxv2/09","C6"
"8155","BECv10","ESSFxv2","ESSFxv2/09","B7"
"8156","BECv10","ESSFxv2","ESSFxv2/09","B6"
"8157","BECv10","ESSFxv2","ESSFxv2/09","A7"
"8158","BECv10","ESSFxv2","ESSFxv2/09","A6"
"8159","BECv10","ESSFxv2","ESSFxv2/10","E7"
"8160","BECv10","ESSFxv2","ESSFxv2/10","E6"
"8161","BECv10","ESSFxv2","ESSFxv2/10","D7"
"8162","BECv10","ESSFxv2","ESSFxv2/10","D6"
"8163","BECv10","ESSFxv2","ESSFxv2/10","C7"
"8164","BECv10","ESSFxv2","ESSFxv2/10","C6"
"8165","Add_2021","ESSFxv2","ESSFxv2/Ro","A0"
"8166","Add_2021","ESSFxv2","ESSFxv2/Ro","B0"
"8167","BECv10","ESSFxvp","ESSFxvp/00","E7"
"8168","BECv10","ESSFxvp","ESSFxvp/00","E6"
"8169","BECv10","ESSFxvp","ESSFxvp/00","E5"
"8170","BECv10","ESSFxvp","ESSFxvp/00","E4"
"8171","BECv10","ESSFxvp","ESSFxvp/00","E3"
"8172","BECv10","ESSFxvp","ESSFxvp/00","E2"
"8173","BECv10","ESSFxvp","ESSFxvp/00","E1"
"8174","BECv10","ESSFxvp","ESSFxvp/00","E0"
"8175","BECv10","ESSFxvp","ESSFxvp/00","D7"
"8176","BECv10","ESSFxvp","ESSFxvp/00","D6"
"8177","BECv10","ESSFxvp","ESSFxvp/00","D5"
"8178","BECv10","ESSFxvp","ESSFxvp/00","D4"
"8179","BECv10","ESSFxvp","ESSFxvp/00","D3"
"8180","BECv10","ESSFxvp","ESSFxvp/00","D2"
"8181","BECv10","ESSFxvp","ESSFxvp/00","D1"
"8182","BECv10","ESSFxvp","ESSFxvp/00","D0"
"8183","BECv10","ESSFxvp","ESSFxvp/00","C7"
"8184","BECv10","ESSFxvp","ESSFxvp/00","C6"
"8185","BECv10","ESSFxvp","ESSFxvp/00","C5"
"8186","BECv10","ESSFxvp","ESSFxvp/00","C4"
"8187","BECv10","ESSFxvp","ESSFxvp/00","C3"
"8188","BECv10","ESSFxvp","ESSFxvp/00","C2"
"8189","BECv10","ESSFxvp","ESSFxvp/00","C1"
"8190","BECv10","ESSFxvp","ESSFxvp/00","C0"
"8191","BECv10","ESSFxvp","ESSFxvp/00","B7"
"8192","BECv10","ESSFxvp","ESSFxvp/00","B6"
"8193","BECv10","ESSFxvp","ESSFxvp/00","B5"
"8194","BECv10","ESSFxvp","ESSFxvp/00","B4"
"8195","BECv10","ESSFxvp","ESSFxvp/00","B3"
"8196","BECv10","ESSFxvp","ESSFxvp/00","B2"
"8197","BECv10","ESSFxvp","ESSFxvp/00","B1"
"8198","BECv10","ESSFxvp","ESSFxvp/00","B0"
"8199","BECv10","ESSFxvp","ESSFxvp/00","A7"
"8200","BECv10","ESSFxvp","ESSFxvp/00","A6"
"8201","BECv10","ESSFxvp","ESSFxvp/00","A5"
"8202","BECv10","ESSFxvp","ESSFxvp/00","A4"
"8203","BECv10","ESSFxvp","ESSFxvp/00","A3"
"8204","BECv10","ESSFxvp","ESSFxvp/00","A2"
"8205","BECv10","ESSFxvp","ESSFxvp/00","A1"
"8206","BECv10","ESSFxvp","ESSFxvp/00","A0"
"8207","BECv10","ESSFxvw","ESSFxvw/01","D4"
"8208","BECv10","ESSFxvw","ESSFxvw/01","D3"
"8209","BECv10","ESSFxvw","ESSFxvw/01","C4"
"8210","BECv10","ESSFxvw","ESSFxvw/01","C3"
"8211","BECv10","ESSFxvw","ESSFxvw/01","B4"
"8212","BECv10","ESSFxvw","ESSFxvw/02","D2"
"8213","BECv10","ESSFxvw","ESSFxvw/02","D1"
"8214","BECv10","ESSFxvw","ESSFxvw/02","D0"
"8215","BECv10","ESSFxvw","ESSFxvw/02","C2"
"8216","BECv10","ESSFxvw","ESSFxvw/02","C1"
"8217","BECv10","ESSFxvw","ESSFxvw/02","C0"
"8218","BECv10","ESSFxvw","ESSFxvw/02","B2"
"8219","BECv10","ESSFxvw","ESSFxvw/02","B1"
"8220","BECv10","ESSFxvw","ESSFxvw/02","B0"
"8221","BECv10","ESSFxvw","ESSFxvw/02","A1"
"8222","BECv10","ESSFxvw","ESSFxvw/02","A0"
"8223","BECv10","ESSFxvw","ESSFxvw/03","B2"
"8224","BECv10","ESSFxvw","ESSFxvw/03","B1"
"8225","BECv10","ESSFxvw","ESSFxvw/03","A2"
"8226","BECv10","ESSFxvw","ESSFxvw/03","A1"
"8227","BECv10","ESSFxvw","ESSFxvw/04","D3"
"8228","BECv10","ESSFxvw","ESSFxvw/04","D2"
"8229","BECv10","ESSFxvw","ESSFxvw/04","C3"
"8230","BECv10","ESSFxvw","ESSFxvw/04","C2"
"8231","BECv10","ESSFxvw","ESSFxvw/04","B3"
"8232","BECv10","ESSFxvw","ESSFxvw/04","B2"
"8233","BECv10","ESSFxvw","ESSFxvw/05","D3"
"8234","BECv10","ESSFxvw","ESSFxvw/05","D2"
"8235","BECv10","ESSFxvw","ESSFxvw/05","C3"
"8236","BECv10","ESSFxvw","ESSFxvw/05","C2"
"8237","BECv10","ESSFxvw","ESSFxvw/05","B3"
"8238","BECv10","ESSFxvw","ESSFxvw/05","B2"
"8239","BECv10","ESSFxvw","ESSFxvw/06","C4"
"8240","BECv10","ESSFxvw","ESSFxvw/06","C3"
"8241","BECv10","ESSFxvw","ESSFxvw/06","B4"
"8242","BECv10","ESSFxvw","ESSFxvw/06","B3"
"8243","BECv10","ESSFxvw","ESSFxvw/07","D5"
"8244","BECv10","ESSFxvw","ESSFxvw/07","D4"
"8245","BECv10","ESSFxvw","ESSFxvw/07","C6"
"8246","BECv10","ESSFxvw","ESSFxvw/07","C5"
"8247","BECv10","ESSFxvw","ESSFxvw/07","C4"
"8248","BECv10","ESSFxvw","ESSFxvw/07","B6"
"8249","BECv10","ESSFxvw","ESSFxvw/07","B5"
"8250","BECv10","ESSFxvw","ESSFxvw/07","B4"
"8251","BECv10","ESSFxvw","ESSFxvw/08","D7"
"8252","BECv10","ESSFxvw","ESSFxvw/08","D6"
"8253","BECv10","ESSFxvw","ESSFxvw/08","C7"
"8254","BECv10","ESSFxvw","ESSFxvw/08","C6"
"8255","BECv10","ESSFxvw","ESSFxvw/08","B7"
"8256","BECv10","ESSFxvw","ESSFxvw/08","B6"
"8257","BECv10","ESSFxvw","ESSFxvw/09","E7"
"8258","BECv10","ESSFxvw","ESSFxvw/09","E6"
"8259","BECv10","ESSFxvw","ESSFxvw/09","D7"
"8260","BECv10","ESSFxvw","ESSFxvw/09","D6"
"8261","BECv10","ESSFxvw","ESSFxvw/10","E7"
"8262","BECv10","ESSFxvw","ESSFxvw/10","E6"
"8263","BECv10","ESSFxvw","ESSFxvw/10","D7"
"8264","BECv10","ESSFxvw","ESSFxvw/10","D6"
"8265","BECv10","ESSFxvw","ESSFxvw/10","C7"
"8266","BECv10","ESSFxvw","ESSFxvw/10","C6"
"8267","USA_2019","ESSFxw_OR","ESSFxw_OR/101","D4"
"8268","USA_2019","ESSFxw_OR","ESSFxw_OR/101","D3"
"8269","USA_2019","ESSFxw_OR","ESSFxw_OR/101","C4"
"8270","USA_2019","ESSFxw_OR","ESSFxw_OR/101","C3"
"8271","USA_2019","ESSFxw_OR","ESSFxw_OR/101","B4"
"8272","USA_2019","ESSFxw_OR","ESSFxw_OR/101","B3"
"8273","USA_2019","ESSFxw_OR","ESSFxw_OR/102","D1"
"8274","USA_2019","ESSFxw_OR","ESSFxw_OR/102","C1"
"8275","USA_2019","ESSFxw_OR","ESSFxw_OR/102","B1"
"8276","USA_2019","ESSFxw_OR","ESSFxw_OR/102","A1"
"8277","USA_2019","ESSFxw_OR","ESSFxw_OR/103","D2"
"8278","USA_2019","ESSFxw_OR","ESSFxw_OR/103","C2"
"8279","USA_2019","ESSFxw_OR","ESSFxw_OR/103","B2"
"8280","USA_2019","ESSFxw_OR","ESSFxw_OR/103","A2"
"8281","USA_2019","ESSFxw_OR","ESSFxw_OR/110","E5"
"8282","USA_2019","ESSFxw_OR","ESSFxw_OR/110","D5"
"8283","USA_2019","ESSFxw_OR","ESSFxw_OR/110","C5"
"8284","USA_2019","ESSFxw_OR","ESSFxw_OR/110","B5"
"8285","USA_2019","ESSFxw_OR","ESSFxw_OR/111","E6"
"8286","USA_2019","ESSFxw_OR","ESSFxw_OR/111","D6"
"8287","USA_2019","ESSFxw_OR","ESSFxw_OR/111","C6"
"8288","USA_2019","ESSFxw_OR","ESSFxw_OR/111","B6"
"8289","Add_2021","ESSFxw_OR","ESSFxw_OR/Ro","A0"
"8290","Add_2021","ESSFxw_OR","ESSFxw_OR/Ro","B0"
"8291","USA_2019","ESSFxwp_OR","ESSFxwp_OR/00","E7"
"8292","USA_2019","ESSFxwp_OR","ESSFxwp_OR/00","E6"
"8293","USA_2019","ESSFxwp_OR","ESSFxwp_OR/00","E5"
"8294","USA_2019","ESSFxwp_OR","ESSFxwp_OR/00","E4"
"8295","USA_2019","ESSFxwp_OR","ESSFxwp_OR/00","E3"
"8296","USA_2019","ESSFxwp_OR","ESSFxwp_OR/00","E2"
"8297","USA_2019","ESSFxwp_OR","ESSFxwp_OR/00","E1"
"8298","USA_2019","ESSFxwp_OR","ESSFxwp_OR/00","E0"
"8299","USA_2019","ESSFxwp_OR","ESSFxwp_OR/00","D7"
"8300","USA_2019","ESSFxwp_OR","ESSFxwp_OR/00","D6"
"8301","USA_2019","ESSFxwp_OR","ESSFxwp_OR/00","D5"
"8302","USA_2019","ESSFxwp_OR","ESSFxwp_OR/00","D4"
"8303","USA_2019","ESSFxwp_OR","ESSFxwp_OR/00","D3"
"8304","USA_2019","ESSFxwp_OR","ESSFxwp_OR/00","D2"
"8305","USA_2019","ESSFxwp_OR","ESSFxwp_OR/00","D1"
"8306","USA_2019","ESSFxwp_OR","ESSFxwp_OR/00","D0"
"8307","USA_2019","ESSFxwp_OR","ESSFxwp_OR/00","C7"
"8308","USA_2019","ESSFxwp_OR","ESSFxwp_OR/00","C6"
"8309","USA_2019","ESSFxwp_OR","ESSFxwp_OR/00","C5"
"8310","USA_2019","ESSFxwp_OR","ESSFxwp_OR/00","C4"
"8311","USA_2019","ESSFxwp_OR","ESSFxwp_OR/00","C3"
"8312","USA_2019","ESSFxwp_OR","ESSFxwp_OR/00","C2"
"8313","USA_2019","ESSFxwp_OR","ESSFxwp_OR/00","C1"
"8314","USA_2019","ESSFxwp_OR","ESSFxwp_OR/00","C0"
"8315","USA_2019","ESSFxwp_OR","ESSFxwp_OR/00","B7"
"8316","USA_2019","ESSFxwp_OR","ESSFxwp_OR/00","B6"
"8317","USA_2019","ESSFxwp_OR","ESSFxwp_OR/00","B5"
"8318","USA_2019","ESSFxwp_OR","ESSFxwp_OR/00","B4"
"8319","USA_2019","ESSFxwp_OR","ESSFxwp_OR/00","B3"
"8320","USA_2019","ESSFxwp_OR","ESSFxwp_OR/00","B2"
"8321","USA_2019","ESSFxwp_OR","ESSFxwp_OR/00","B1"
"8322","USA_2019","ESSFxwp_OR","ESSFxwp_OR/00","B0"
"8323","USA_2019","ESSFxwp_OR","ESSFxwp_OR/00","A7"
"8324","USA_2019","ESSFxwp_OR","ESSFxwp_OR/00","A6"
"8325","USA_2019","ESSFxwp_OR","ESSFxwp_OR/00","A5"
"8326","USA_2019","ESSFxwp_OR","ESSFxwp_OR/00","A4"
"8327","USA_2019","ESSFxwp_OR","ESSFxwp_OR/00","A3"
"8328","USA_2019","ESSFxwp_OR","ESSFxwp_OR/00","A2"
"8329","USA_2019","ESSFxwp_OR","ESSFxwp_OR/00","A1"
"8330","USA_2019","ESSFxwp_OR","ESSFxwp_OR/00","A0"
"8331","USA_2020","ESSFxx_WY","ESSFxx_WY/101","D4"
"8332","USA_2020","ESSFxx_WY","ESSFxx_WY/101","D3"
"8333","USA_2020","ESSFxx_WY","ESSFxx_WY/101","C4"
"8334","USA_2020","ESSFxx_WY","ESSFxx_WY/101","C3"
"8335","USA_2020","ESSFxx_WY","ESSFxx_WY/101","B4"
"8336","USA_2020","ESSFxx_WY","ESSFxx_WY/101","B3"
"8337","USA_2020","ESSFxx_WY","ESSFxx_WY/102","D1"
"8338","USA_2020","ESSFxx_WY","ESSFxx_WY/102","C1"
"8339","USA_2020","ESSFxx_WY","ESSFxx_WY/102","B1"
"8340","USA_2020","ESSFxx_WY","ESSFxx_WY/102","A1"
"8341","USA_2020","ESSFxx_WY","ESSFxx_WY/103","D2"
"8342","USA_2020","ESSFxx_WY","ESSFxx_WY/103","C2"
"8343","USA_2020","ESSFxx_WY","ESSFxx_WY/103","B2"
"8344","USA_2020","ESSFxx_WY","ESSFxx_WY/103","A2"
"8345","USA_2020","ESSFxx_WY","ESSFxx_WY/110","E5"
"8346","USA_2020","ESSFxx_WY","ESSFxx_WY/110","D5"
"8347","USA_2020","ESSFxx_WY","ESSFxx_WY/110","C5"
"8348","USA_2020","ESSFxx_WY","ESSFxx_WY/110","B5"
"8349","USA_2020","ESSFxx_WY","ESSFxx_WY/111","E6"
"8350","USA_2020","ESSFxx_WY","ESSFxx_WY/111","D6"
"8351","USA_2020","ESSFxx_WY","ESSFxx_WY/111","C6"
"8352","USA_2020","ESSFxx_WY","ESSFxx_WY/111","B6"
"8353","Add_2021","ESSFxx_WY","ESSFxx_WY/Ro","A0"
"8354","Add_2021","ESSFxx_WY","ESSFxx_WY/Ro","B0"
"8355","USA_2020","ESSFxxp_WY","ESSFxxp_WY/00","E6"
"8356","USA_2020","ESSFxxp_WY","ESSFxxp_WY/00","E5"
"8357","USA_2020","ESSFxxp_WY","ESSFxxp_WY/00","D6"
"8358","USA_2020","ESSFxxp_WY","ESSFxxp_WY/00","D5"
"8359","USA_2020","ESSFxxp_WY","ESSFxxp_WY/00","D4"
"8360","USA_2020","ESSFxxp_WY","ESSFxxp_WY/00","D3"
"8361","USA_2020","ESSFxxp_WY","ESSFxxp_WY/00","D2"
"8362","USA_2020","ESSFxxp_WY","ESSFxxp_WY/00","D1"
"8363","USA_2020","ESSFxxp_WY","ESSFxxp_WY/00","C6"
"8364","USA_2020","ESSFxxp_WY","ESSFxxp_WY/00","C5"
"8365","USA_2020","ESSFxxp_WY","ESSFxxp_WY/00","C4"
"8366","USA_2020","ESSFxxp_WY","ESSFxxp_WY/00","C3"
"8367","USA_2020","ESSFxxp_WY","ESSFxxp_WY/00","C2"
"8368","USA_2020","ESSFxxp_WY","ESSFxxp_WY/00","C1"
"8369","USA_2020","ESSFxxp_WY","ESSFxxp_WY/00","B6"
"8370","USA_2020","ESSFxxp_WY","ESSFxxp_WY/00","B5"
"8371","USA_2020","ESSFxxp_WY","ESSFxxp_WY/00","B4"
"8372","USA_2020","ESSFxxp_WY","ESSFxxp_WY/00","B3"
"8373","USA_2020","ESSFxxp_WY","ESSFxxp_WY/00","B2"
"8374","USA_2020","ESSFxxp_WY","ESSFxxp_WY/00","B1"
"8375","USA_2020","ESSFxxp_WY","ESSFxxp_WY/00","A2"
"8376","USA_2020","ESSFxxp_WY","ESSFxxp_WY/00","A1"
"8377","Add_2021","ESSFxxp_WY","ESSFxxp_WY/Ro","A0"
"8378","Add_2021","ESSFxxp_WY","ESSFxxp_WY/Ro","B0"
"8379","AB_2018","FGff","FGff/00","E7"
"8380","AB_2018","FGff","FGff/00","E6"
"8381","AB_2018","FGff","FGff/00","E5"
"8382","AB_2018","FGff","FGff/00","E4"
"8383","AB_2018","FGff","FGff/00","E3"
"8384","AB_2018","FGff","FGff/00","E2"
"8385","AB_2018","FGff","FGff/00","E1"
"8386","AB_2018","FGff","FGff/00","E0"
"8387","AB_2018","FGff","FGff/00","D7"
"8388","AB_2018","FGff","FGff/00","D6"
"8389","AB_2018","FGff","FGff/00","D5"
"8390","AB_2018","FGff","FGff/00","D4"
"8391","AB_2018","FGff","FGff/00","D3"
"8392","AB_2018","FGff","FGff/00","D2"
"8393","AB_2018","FGff","FGff/00","D1"
"8394","AB_2018","FGff","FGff/00","D0"
"8395","AB_2018","FGff","FGff/00","C7"
"8396","AB_2018","FGff","FGff/00","C6"
"8397","AB_2018","FGff","FGff/00","C5"
"8398","AB_2018","FGff","FGff/00","C4"
"8399","AB_2018","FGff","FGff/00","C3"
"8400","AB_2018","FGff","FGff/00","C2"
"8401","AB_2018","FGff","FGff/00","C1"
"8402","AB_2018","FGff","FGff/00","C0"
"8403","AB_2018","FGff","FGff/00","B7"
"8404","AB_2018","FGff","FGff/00","B6"
"8405","AB_2018","FGff","FGff/00","B5"
"8406","AB_2018","FGff","FGff/00","B4"
"8407","AB_2018","FGff","FGff/00","B3"
"8408","AB_2018","FGff","FGff/00","B2"
"8409","AB_2018","FGff","FGff/00","B1"
"8410","AB_2018","FGff","FGff/00","B0"
"8411","AB_2018","FGff","FGff/00","A7"
"8412","AB_2018","FGff","FGff/00","A6"
"8413","AB_2018","FGff","FGff/00","A5"
"8414","AB_2018","FGff","FGff/00","A4"
"8415","AB_2018","FGff","FGff/00","A3"
"8416","AB_2018","FGff","FGff/00","A2"
"8417","AB_2018","FGff","FGff/00","A1"
"8418","AB_2018","FGff","FGff/00","A0"
"8419","AB_2018","FGnf","FGnf/00","E7"
"8420","AB_2018","FGnf","FGnf/00","E6"
"8421","AB_2018","FGnf","FGnf/00","E5"
"8422","AB_2018","FGnf","FGnf/00","E4"
"8423","AB_2018","FGnf","FGnf/00","E3"
"8424","AB_2018","FGnf","FGnf/00","E2"
"8425","AB_2018","FGnf","FGnf/00","E1"
"8426","AB_2018","FGnf","FGnf/00","E0"
"8427","AB_2018","FGnf","FGnf/00","D7"
"8428","AB_2018","FGnf","FGnf/00","D6"
"8429","AB_2018","FGnf","FGnf/00","D5"
"8430","AB_2018","FGnf","FGnf/00","D4"
"8431","AB_2018","FGnf","FGnf/00","D3"
"8432","AB_2018","FGnf","FGnf/00","D2"
"8433","AB_2018","FGnf","FGnf/00","D1"
"8434","AB_2018","FGnf","FGnf/00","D0"
"8435","AB_2018","FGnf","FGnf/00","C7"
"8436","AB_2018","FGnf","FGnf/00","C6"
"8437","AB_2018","FGnf","FGnf/00","C5"
"8438","AB_2018","FGnf","FGnf/00","C4"
"8439","AB_2018","FGnf","FGnf/00","C3"
"8440","AB_2018","FGnf","FGnf/00","C2"
"8441","AB_2018","FGnf","FGnf/00","C1"
"8442","AB_2018","FGnf","FGnf/00","C0"
"8443","AB_2018","FGnf","FGnf/00","B7"
"8444","AB_2018","FGnf","FGnf/00","B6"
"8445","AB_2018","FGnf","FGnf/00","B5"
"8446","AB_2018","FGnf","FGnf/00","B4"
"8447","AB_2018","FGnf","FGnf/00","B3"
"8448","AB_2018","FGnf","FGnf/00","B2"
"8449","AB_2018","FGnf","FGnf/00","B1"
"8450","AB_2018","FGnf","FGnf/00","B0"
"8451","AB_2018","FGnf","FGnf/00","A7"
"8452","AB_2018","FGnf","FGnf/00","A6"
"8453","AB_2018","FGnf","FGnf/00","A5"
"8454","AB_2018","FGnf","FGnf/00","A4"
"8455","AB_2018","FGnf","FGnf/00","A3"
"8456","AB_2018","FGnf","FGnf/00","A2"
"8457","AB_2018","FGnf","FGnf/00","A1"
"8458","AB_2018","FGnf","FGnf/00","A0"
"8459","USA_2019","GBDdw_UT","GBDdw_UT/110","E5"
"8460","USA_2019","GBDdw_UT","GBDdw_UT/110","D5"
"8461","USA_2019","GBDdw_UT","GBDdw_UT/110","C5"
"8462","USA_2019","GBDdw_UT","GBDdw_UT/110","B5"
"8463","USA_2019","GBDdw_UT","GBDdw_UT/111","E6"
"8464","USA_2019","GBDdw_UT","GBDdw_UT/111","D6"
"8465","USA_2019","GBDdw_UT","GBDdw_UT/111","C6"
"8466","USA_2019","GBDdw_UT","GBDdw_UT/111","B6"
"8467","USA_2019","GBDdw_UT","GBDdw_UT/Gg","D4"
"8468","USA_2019","GBDdw_UT","GBDdw_UT/Gg","D3"
"8469","USA_2019","GBDdw_UT","GBDdw_UT/Gg","D2"
"8470","USA_2019","GBDdw_UT","GBDdw_UT/Gg","D1"
"8471","USA_2019","GBDdw_UT","GBDdw_UT/Gg","C4"
"8472","USA_2019","GBDdw_UT","GBDdw_UT/Gg","C3"
"8473","USA_2019","GBDdw_UT","GBDdw_UT/Gg","C2"
"8474","USA_2019","GBDdw_UT","GBDdw_UT/Gg","C1"
"8475","USA_2019","GBDdw_UT","GBDdw_UT/Gg","B4"
"8476","USA_2019","GBDdw_UT","GBDdw_UT/Gg","B3"
"8477","USA_2019","GBDdw_UT","GBDdw_UT/Gg","B2"
"8478","USA_2019","GBDdw_UT","GBDdw_UT/Gg","B1"
"8479","USA_2019","GBDdw_UT","GBDdw_UT/Gg","A2"
"8480","USA_2019","GBDdw_UT","GBDdw_UT/Gg","A1"
"8481","Add_2021","GBDdw_UT","GBDdw_UT/Ro","A0"
"8482","Add_2021","GBDdw_UT","GBDdw_UT/Ro","B0"
"8483","USA_2019","GBDxh_NV","GBDxh_NV/110","E5"
"8484","USA_2019","GBDxh_NV","GBDxh_NV/110","D5"
"8485","USA_2019","GBDxh_NV","GBDxh_NV/110","C5"
"8486","USA_2019","GBDxh_NV","GBDxh_NV/110","B5"
"8487","USA_2019","GBDxh_NV","GBDxh_NV/111","E6"
"8488","USA_2019","GBDxh_NV","GBDxh_NV/111","D6"
"8489","USA_2019","GBDxh_NV","GBDxh_NV/111","C6"
"8490","USA_2019","GBDxh_NV","GBDxh_NV/111","B6"
"8491","USA_2019","GBDxh_NV","GBDxh_NV/Gg","D2"
"8492","USA_2019","GBDxh_NV","GBDxh_NV/Gg","D1"
"8493","USA_2019","GBDxh_NV","GBDxh_NV/Gg","C2"
"8494","USA_2019","GBDxh_NV","GBDxh_NV/Gg","C1"
"8495","USA_2019","GBDxh_NV","GBDxh_NV/Gg","B2"
"8496","USA_2019","GBDxh_NV","GBDxh_NV/Gg","B1"
"8497","USA_2019","GBDxh_NV","GBDxh_NV/Gg","A2"
"8498","USA_2019","GBDxh_NV","GBDxh_NV/Gg","A1"
"8499","USA_2019","GBDxh_NV","GBDxh_NV/Gs","D4"
"8500","USA_2019","GBDxh_NV","GBDxh_NV/Gs","D3"
"8501","USA_2019","GBDxh_NV","GBDxh_NV/Gs","C4"
"8502","USA_2019","GBDxh_NV","GBDxh_NV/Gs","C3"
"8503","USA_2019","GBDxh_NV","GBDxh_NV/Gs","B4"
"8504","USA_2019","GBDxh_NV","GBDxh_NV/Gs","B3"
"8505","Add_2021","GBDxh_NV","GBDxh_NV/Ro","A0"
"8506","Add_2021","GBDxh_NV","GBDxh_NV/Ro","B0"
"8507","USA_2019","GBDxx_UT","GBDxx_UT/110","E5"
"8508","USA_2019","GBDxx_UT","GBDxx_UT/110","D5"
"8509","USA_2019","GBDxx_UT","GBDxx_UT/110","C5"
"8510","USA_2019","GBDxx_UT","GBDxx_UT/110","B5"
"8511","USA_2019","GBDxx_UT","GBDxx_UT/111","E6"
"8512","USA_2019","GBDxx_UT","GBDxx_UT/111","D6"
"8513","USA_2019","GBDxx_UT","GBDxx_UT/111","C6"
"8514","USA_2019","GBDxx_UT","GBDxx_UT/111","B6"
"8515","USA_2019","GBDxx_UT","GBDxx_UT/Gg","D2"
"8516","USA_2019","GBDxx_UT","GBDxx_UT/Gg","D1"
"8517","USA_2019","GBDxx_UT","GBDxx_UT/Gg","C2"
"8518","USA_2019","GBDxx_UT","GBDxx_UT/Gg","C1"
"8519","USA_2019","GBDxx_UT","GBDxx_UT/Gg","B2"
"8520","USA_2019","GBDxx_UT","GBDxx_UT/Gg","B1"
"8521","USA_2019","GBDxx_UT","GBDxx_UT/Gg","A2"
"8522","USA_2019","GBDxx_UT","GBDxx_UT/Gg","A1"
"8523","USA_2019","GBDxx_UT","GBDxx_UT/Gs","D4"
"8524","USA_2019","GBDxx_UT","GBDxx_UT/Gs","D3"
"8525","USA_2019","GBDxx_UT","GBDxx_UT/Gs","C4"
"8526","USA_2019","GBDxx_UT","GBDxx_UT/Gs","C3"
"8527","USA_2019","GBDxx_UT","GBDxx_UT/Gs","B4"
"8528","USA_2019","GBDxx_UT","GBDxx_UT/Gs","B3"
"8529","Add_2021","GBDxx_UT","GBDxx_UT/Ro","A0"
"8530","Add_2021","GBDxx_UT","GBDxx_UT/Ro","B0"
"8555","USA_2019","ICHdh_ID","ICHdh_ID/101","D4"
"8556","USA_2019","ICHdh_ID","ICHdh_ID/101","D3"
"8557","USA_2019","ICHdh_ID","ICHdh_ID/101","C4"
"8558","USA_2019","ICHdh_ID","ICHdh_ID/101","C3"
"8559","USA_2019","ICHdh_ID","ICHdh_ID/101","B4"
"8560","USA_2019","ICHdh_ID","ICHdh_ID/101","B3"
"8561","USA_2019","ICHdh_ID","ICHdh_ID/102","D1"
"8562","USA_2019","ICHdh_ID","ICHdh_ID/102","C1"
"8563","USA_2019","ICHdh_ID","ICHdh_ID/102","B1"
"8564","USA_2019","ICHdh_ID","ICHdh_ID/102","A1"
"8565","USA_2019","ICHdh_ID","ICHdh_ID/103","D2"
"8566","USA_2019","ICHdh_ID","ICHdh_ID/103","C2"
"8567","USA_2019","ICHdh_ID","ICHdh_ID/103","B2"
"8568","USA_2019","ICHdh_ID","ICHdh_ID/103","A2"
"8569","USA_2019","ICHdh_ID","ICHdh_ID/110","C5"
"8570","USA_2019","ICHdh_ID","ICHdh_ID/110","B5"
"8571","USA_2019","ICHdh_ID","ICHdh_ID/111","C6"
"8572","USA_2019","ICHdh_ID","ICHdh_ID/111","B6"
"8573","USA_2019","ICHdh_ID","ICHdh_ID/112","E5"
"8574","USA_2019","ICHdh_ID","ICHdh_ID/112","D5"
"8575","USA_2019","ICHdh_ID","ICHdh_ID/113","E6"
"8576","USA_2019","ICHdh_ID","ICHdh_ID/113","D6"
"8577","Add_2021","ICHdh_ID","ICHdh_ID/Ro","A0"
"8578","Add_2021","ICHdh_ID","ICHdh_ID/Ro","B0"
"8579","BECv10","ICHdk","ICHdk/01","D4"
"8580","BECv10","ICHdk","ICHdk/01","D3"
"8581","BECv10","ICHdk","ICHdk/01","C4"
"8582","BECv10","ICHdk","ICHdk/01","C3"
"8583","BECv10","ICHdk","ICHdk/01","B4"
"8584","BECv10","ICHdk","ICHdk/01","B3"
"8585","BECv10","ICHdk","ICHdk/02","D2"
"8586","BECv10","ICHdk","ICHdk/02","D1"
"8587","BECv10","ICHdk","ICHdk/02","C2"
"8588","BECv10","ICHdk","ICHdk/02","C1"
"8589","BECv10","ICHdk","ICHdk/02","B2"
"8590","BECv10","ICHdk","ICHdk/02","B1"
"8591","BECv10","ICHdk","ICHdk/02","A2"
"8592","BECv10","ICHdk","ICHdk/02","A1"
"8593","BECv10","ICHdk","ICHdk/02a","D2"
"8594","BECv10","ICHdk","ICHdk/02a","D1"
"8595","BECv10","ICHdk","ICHdk/02a","C2"
"8596","BECv10","ICHdk","ICHdk/02a","B2"
"8597","BECv10","ICHdk","ICHdk/02a","A2"
"8598","BECv10","ICHdk","ICHdk/02b","D1"
"8599","BECv10","ICHdk","ICHdk/02b","C1"
"8600","BECv10","ICHdk","ICHdk/02b","B2"
"8601","BECv10","ICHdk","ICHdk/02b","B1"
"8602","BECv10","ICHdk","ICHdk/02b","A2"
"8603","BECv10","ICHdk","ICHdk/02b","A1"
"8604","BECv10","ICHdk","ICHdk/03","B3"
"8605","BECv10","ICHdk","ICHdk/03","B2"
"8606","BECv10","ICHdk","ICHdk/03","A3"
"8607","BECv10","ICHdk","ICHdk/03","A2"
"8608","BECv10","ICHdk","ICHdk/04","D3"
"8609","BECv10","ICHdk","ICHdk/04","C3"
"8610","BECv10","ICHdk","ICHdk/04","B3"
"8611","BECv10","ICHdk","ICHdk/05","E5"
"8612","BECv10","ICHdk","ICHdk/05","D5"
"8613","BECv10","ICHdk","ICHdk/05","C5"
"8614","BECv10","ICHdk","ICHdk/06","E5"
"8615","BECv10","ICHdk","ICHdk/06","D5"
"8616","BECv10","ICHdk","ICHdk/06","C5"
"8617","BECv10","ICHdk","ICHdk/07","C5"
"8618","BECv10","ICHdk","ICHdk/07","B5"
"8619","BECv10","ICHdk","ICHdk/08","E7"
"8620","BECv10","ICHdk","ICHdk/08","E6"
"8621","BECv10","ICHdk","ICHdk/08","E5"
"8622","BECv10","ICHdk","ICHdk/08","D6"
"8623","BECv10","ICHdk","ICHdk/08","D5"
"8624","BECv10","ICHdk","ICHdk/08","C6"
"8625","BECv10","ICHdk","ICHdk/08","C5"
"8626","BECv10","ICHdk","ICHdk/09","E7"
"8627","BECv10","ICHdk","ICHdk/09","D7"
"8628","BECv10","ICHdk","ICHdk/09","D6"
"8629","BECv10","ICHdk","ICHdk/09","C7"
"8630","BECv10","ICHdk","ICHdk/09","C6"
"8631","BECv10","ICHdk","ICHdk/09","B7"
"8632","BECv10","ICHdk","ICHdk/09","B6"
"8633","Add_2021","ICHdk","ICHdk/Ro","A0"
"8634","Add_2021","ICHdk","ICHdk/Ro","B0"
"8635","BECv10","ICHdm","ICHdm/101","D4"
"8636","BECv10","ICHdm","ICHdm/101","C4"
"8637","BECv10","ICHdm","ICHdm/101","C3"
"8638","BECv10","ICHdm","ICHdm/101","B4"
"8639","BECv10","ICHdm","ICHdm/102","B2"
"8640","BECv10","ICHdm","ICHdm/102","B1"
"8641","BECv10","ICHdm","ICHdm/102","A2"
"8642","BECv10","ICHdm","ICHdm/102","A1"
"8643","BECv10","ICHdm","ICHdm/102a","B1"
"8644","BECv10","ICHdm","ICHdm/102a","A1"
"8645","BECv10","ICHdm","ICHdm/102b","B2"
"8646","BECv10","ICHdm","ICHdm/102b","A2"
"8647","BECv10","ICHdm","ICHdm/103","C3"
"8648","BECv10","ICHdm","ICHdm/103","C2"
"8649","BECv10","ICHdm","ICHdm/103","B3"
"8650","BECv10","ICHdm","ICHdm/103","B2"
"8651","BECv10","ICHdm","ICHdm/110","D5"
"8652","BECv10","ICHdm","ICHdm/110","D4"
"8653","BECv10","ICHdm","ICHdm/110","C5"
"8654","BECv10","ICHdm","ICHdm/111","D6"
"8655","BECv10","ICHdm","ICHdm/111","D5"
"8656","BECv10","ICHdm","ICHdm/111","C6"
"8657","BECv10","ICHdm","ICHdm/111","C5"
"8658","BECv10","ICHdm","ICHdm/112","E7"
"8659","BECv10","ICHdm","ICHdm/112","E6"
"8660","BECv10","ICHdm","ICHdm/112","D7"
"8661","BECv10","ICHdm","ICHdm/112","D6"
"8662","BECv10","ICHdm","ICHdm/112","C7"
"8663","BECv10","ICHdm","ICHdm/112","C6"
"8664","BECv12","ICHdm","ICHdm/Fm01","E5"
"8665","BECv12","ICHdm","ICHdm/Fm01","E6"
"8666","BECv12","ICHdm","ICHdm/Fm02","E5"
"8667","BECv12","ICHdm","ICHdm/Fm02","E6"
"8668","BECv12","ICHdm","ICHdm/Fm04","E5"
"8669","BECv12","ICHdm","ICHdm/Fm04","E6"
"8670","Add_2021","ICHdm","ICHdm/Ro","A0"
"8671","Add_2021","ICHdm","ICHdm/Ro","B0"
"8672","USA_2019","ICHdw_ID","ICHdw_ID/101","D4"
"8673","USA_2019","ICHdw_ID","ICHdw_ID/101","D3"
"8674","USA_2019","ICHdw_ID","ICHdw_ID/101","C4"
"8675","USA_2019","ICHdw_ID","ICHdw_ID/101","C3"
"8676","USA_2019","ICHdw_ID","ICHdw_ID/101","B4"
"8677","USA_2019","ICHdw_ID","ICHdw_ID/101","B3"
"8678","USA_2019","ICHdw_ID","ICHdw_ID/102","D1"
"8679","USA_2019","ICHdw_ID","ICHdw_ID/102","C1"
"8680","USA_2019","ICHdw_ID","ICHdw_ID/102","B1"
"8681","USA_2019","ICHdw_ID","ICHdw_ID/102","A1"
"8682","USA_2019","ICHdw_ID","ICHdw_ID/103","D2"
"8683","USA_2019","ICHdw_ID","ICHdw_ID/103","C2"
"8684","USA_2019","ICHdw_ID","ICHdw_ID/103","B2"
"8685","USA_2019","ICHdw_ID","ICHdw_ID/103","A2"
"8686","USA_2019","ICHdw_ID","ICHdw_ID/110","C5"
"8687","USA_2019","ICHdw_ID","ICHdw_ID/110","B5"
"8688","USA_2019","ICHdw_ID","ICHdw_ID/111","C6"
"8689","USA_2019","ICHdw_ID","ICHdw_ID/111","B6"
"8690","USA_2019","ICHdw_ID","ICHdw_ID/112","E5"
"8691","USA_2019","ICHdw_ID","ICHdw_ID/112","D5"
"8692","USA_2019","ICHdw_ID","ICHdw_ID/113","E6"
"8693","USA_2019","ICHdw_ID","ICHdw_ID/113","D6"
"8694","Add_2021","ICHdw_ID","ICHdw_ID/Ro","A0"
"8695","Add_2021","ICHdw_ID","ICHdw_ID/Ro","B0"
"8696","BECv10","ICHdw1","ICHdw1/101","D4"
"8697","BECv10","ICHdw1","ICHdw1/101","D3"
"8698","BECv10","ICHdw1","ICHdw1/101","C4"
"8699","BECv10","ICHdw1","ICHdw1/101","C3"
"8700","BECv10","ICHdw1","ICHdw1/101","B4"
"8701","BECv10","ICHdw1","ICHdw1/102","B2"
"8702","BECv10","ICHdw1","ICHdw1/102","B1"
"8703","BECv10","ICHdw1","ICHdw1/102","A2"
"8704","BECv10","ICHdw1","ICHdw1/102","A1"
"8705","BECv10","ICHdw1","ICHdw1/103","D2"
"8706","BECv10","ICHdw1","ICHdw1/103","C2"
"8707","BECv10","ICHdw1","ICHdw1/103","B2"
"8708","BECv10","ICHdw1","ICHdw1/104","D3"
"8709","BECv10","ICHdw1","ICHdw1/104","D2"
"8710","BECv10","ICHdw1","ICHdw1/104","C3"
"8711","BECv10","ICHdw1","ICHdw1/104","C2"
"8712","BECv10","ICHdw1","ICHdw1/104","B3"
"8713","BECv10","ICHdw1","ICHdw1/110","D5"
"8714","BECv10","ICHdw1","ICHdw1/110","C5"
"8715","BECv10","ICHdw1","ICHdw1/111","D6"
"8716","BECv10","ICHdw1","ICHdw1/111","D5"
"8717","BECv10","ICHdw1","ICHdw1/111","C6"
"8718","BECv10","ICHdw1","ICHdw1/112","D7"
"8719","BECv10","ICHdw1","ICHdw1/112","D6"
"8720","BECv10","ICHdw1","ICHdw1/112","C7"
"8721","BECv10","ICHdw1","ICHdw1/112","C6"
"8722","BECv10","ICHdw1","ICHdw1/113","E7"
"8723","BECv10","ICHdw1","ICHdw1/113","E6"
"8724","BECv10","ICHdw1","ICHdw1/113","D7"
"8725","BECv10","ICHdw1","ICHdw1/113","D6"
"8726","BECv12","ICHdw1","ICHdw1/Fm01","E5"
"8727","BECv12","ICHdw1","ICHdw1/Fm01","E6"
"8728","BECv12","ICHdw1","ICHdw1/Fm02","E5"
"8729","BECv12","ICHdw1","ICHdw1/Fm02","E6"
"8730","BECv12","ICHdw1","ICHdw1/Fm04","E5"
"8731","BECv12","ICHdw1","ICHdw1/Fm04","E6"
"8732","Add_2021","ICHdw1","ICHdw1/Ro","A0"
"8733","Add_2021","ICHdw1","ICHdw1/Ro","B0"
"8734","BECv10","ICHdw3","ICHdw3/01","E4"
"8735","BECv10","ICHdw3","ICHdw3/01","D4"
"8736","BECv10","ICHdw3","ICHdw3/01","C4"
"8737","BECv10","ICHdw3","ICHdw3/01","B4"
"8738","BECv10","ICHdw3","ICHdw3/01","A4"
"8739","BECv10","ICHdw3","ICHdw3/02","C1"
"8740","BECv10","ICHdw3","ICHdw3/02","C0"
"8741","BECv10","ICHdw3","ICHdw3/02","B2"
"8742","BECv10","ICHdw3","ICHdw3/02","B1"
"8743","BECv10","ICHdw3","ICHdw3/02","B0"
"8744","BECv10","ICHdw3","ICHdw3/02","A2"
"8745","BECv10","ICHdw3","ICHdw3/02","A1"
"8746","BECv10","ICHdw3","ICHdw3/02","A0"
"8747","BECv10","ICHdw3","ICHdw3/03","E3"
"8748","BECv10","ICHdw3","ICHdw3/03","E2"
"8749","BECv10","ICHdw3","ICHdw3/03","E1"
"8750","BECv10","ICHdw3","ICHdw3/03","D3"
"8751","BECv10","ICHdw3","ICHdw3/03","D2"
"8752","BECv10","ICHdw3","ICHdw3/03","D1"
"8753","BECv10","ICHdw3","ICHdw3/03","C3"
"8754","BECv10","ICHdw3","ICHdw3/03","C2"
"8755","BECv10","ICHdw3","ICHdw3/03","C1"
"8756","BECv10","ICHdw3","ICHdw3/03","B3"
"8757","BECv10","ICHdw3","ICHdw3/03","B2"
"8758","BECv10","ICHdw3","ICHdw3/03","B1"
"8759","BECv10","ICHdw3","ICHdw3/04","C4"
"8760","BECv10","ICHdw3","ICHdw3/04","C3"
"8761","BECv10","ICHdw3","ICHdw3/04","C2"
"8762","BECv10","ICHdw3","ICHdw3/04","B4"
"8763","BECv10","ICHdw3","ICHdw3/04","B3"
"8764","BECv10","ICHdw3","ICHdw3/04","B2"
"8765","BECv10","ICHdw3","ICHdw3/04","A4"
"8766","BECv10","ICHdw3","ICHdw3/04","A3"
"8767","BECv10","ICHdw3","ICHdw3/04","A2"
"8768","BECv10","ICHdw3","ICHdw3/05","E4"
"8769","BECv10","ICHdw3","ICHdw3/05","E3"
"8770","BECv10","ICHdw3","ICHdw3/05","E2"
"8771","BECv10","ICHdw3","ICHdw3/05","D4"
"8772","BECv10","ICHdw3","ICHdw3/05","D3"
"8773","BECv10","ICHdw3","ICHdw3/05","D2"
"8774","BECv10","ICHdw3","ICHdw3/05","C4"
"8775","BECv10","ICHdw3","ICHdw3/05","C3"
"8776","BECv10","ICHdw3","ICHdw3/05","C2"
"8777","BECv10","ICHdw3","ICHdw3/05","B4"
"8778","BECv10","ICHdw3","ICHdw3/05","B3"
"8779","BECv10","ICHdw3","ICHdw3/05","B2"
"8780","BECv10","ICHdw3","ICHdw3/06","E5"
"8781","BECv10","ICHdw3","ICHdw3/06","E4"
"8782","BECv10","ICHdw3","ICHdw3/06","D5"
"8783","BECv10","ICHdw3","ICHdw3/06","D4"
"8784","BECv10","ICHdw3","ICHdw3/06","C5"
"8785","BECv10","ICHdw3","ICHdw3/06","C4"
"8786","BECv10","ICHdw3","ICHdw3/06","B5"
"8787","BECv10","ICHdw3","ICHdw3/06","B4"
"8788","BECv10","ICHdw3","ICHdw3/07","E6"
"8789","BECv10","ICHdw3","ICHdw3/07","E5"
"8790","BECv10","ICHdw3","ICHdw3/07","D6"
"8791","BECv10","ICHdw3","ICHdw3/07","D5"
"8792","BECv10","ICHdw3","ICHdw3/07","C6"
"8793","BECv10","ICHdw3","ICHdw3/07","C5"
"8794","BECv10","ICHdw3","ICHdw3/07","B5"
"8795","BECv10","ICHdw3","ICHdw3/08","E6"
"8796","BECv10","ICHdw3","ICHdw3/08","D6"
"8797","BECv10","ICHdw3","ICHdw3/08","C6"
"8798","BECv10","ICHdw3","ICHdw3/08","C5"
"8799","BECv10","ICHdw3","ICHdw3/08","B6"
"8800","BECv10","ICHdw3","ICHdw3/08","B5"
"8801","BECv10","ICHdw3","ICHdw3/09","D7"
"8802","BECv10","ICHdw3","ICHdw3/09","D6"
"8803","BECv10","ICHdw3","ICHdw3/09","C7"
"8804","BECv10","ICHdw3","ICHdw3/09","C6"
"8805","BECv10","ICHdw3","ICHdw3/09","B7"
"8806","BECv10","ICHdw3","ICHdw3/09","B6"
"8807","BECv10","ICHdw3","ICHdw3/09","A7"
"8808","BECv10","ICHdw3","ICHdw3/09","A6"
"8809","Add_2021","ICHdw3","ICHdw3/Ro","A0"
"8810","Add_2021","ICHdw3","ICHdw3/Ro","B0"
"8811","BECv10","ICHdw4","ICHdw4/101","D4"
"8812","BECv10","ICHdw4","ICHdw4/101","C4"
"8813","BECv10","ICHdw4","ICHdw4/101","B4"
"8814","BECv10","ICHdw4","ICHdw4/102","C1"
"8815","BECv10","ICHdw4","ICHdw4/102","B2"
"8816","BECv10","ICHdw4","ICHdw4/102","B1"
"8817","BECv10","ICHdw4","ICHdw4/102","A2"
"8818","BECv10","ICHdw4","ICHdw4/102","A1"
"8819","BECv10","ICHdw4","ICHdw4/103","D2"
"8820","BECv10","ICHdw4","ICHdw4/103","C2"
"8821","BECv10","ICHdw4","ICHdw4/103","C1"
"8822","BECv10","ICHdw4","ICHdw4/103","B2"
"8823","BECv10","ICHdw4","ICHdw4/104","D3"
"8824","BECv10","ICHdw4","ICHdw4/104","D2"
"8825","BECv10","ICHdw4","ICHdw4/104","C3"
"8826","BECv10","ICHdw4","ICHdw4/104","C2"
"8827","BECv10","ICHdw4","ICHdw4/104","B3"
"8828","BECv10","ICHdw4","ICHdw4/110","D6"
"8829","BECv10","ICHdw4","ICHdw4/110","D5"
"8830","BECv10","ICHdw4","ICHdw4/110","C6"
"8831","BECv10","ICHdw4","ICHdw4/110","C5"
"8832","BECv10","ICHdw4","ICHdw4/111","E6"
"8833","BECv10","ICHdw4","ICHdw4/111","D6"
"8834","BECv10","ICHdw4","ICHdw4/111","C6"
"8835","BECv10","ICHdw4","ICHdw4/112","E6"
"8836","BECv10","ICHdw4","ICHdw4/112","D6"
"8837","BECv10","ICHdw4","ICHdw4/112","C6"
"8838","BECv12","ICHdw4","ICHdw4/Fm01","E5"
"8839","BECv12","ICHdw4","ICHdw4/Fm01","E6"
"8840","BECv12","ICHdw4","ICHdw4/Fm02","E5"
"8841","BECv12","ICHdw4","ICHdw4/Fm02","E6"
"8842","BECv12","ICHdw4","ICHdw4/Fm04","E5"
"8843","BECv12","ICHdw4","ICHdw4/Fm04","E6"
"8844","Add_2021","ICHdw4","ICHdw4/Ro","A0"
"8845","Add_2021","ICHdw4","ICHdw4/Ro","B0"
"8846","BECv10","ICHmc1","ICHmc1/01","C4"
"8847","BECv10","ICHmc1","ICHmc1/01","C3"
"8848","BECv10","ICHmc1","ICHmc1/01","B5"
"8849","BECv10","ICHmc1","ICHmc1/01","B4"
"8850","BECv10","ICHmc1","ICHmc1/01","B3"
"8851","BECv10","ICHmc1","ICHmc1/01a","C4"
"8852","BECv10","ICHmc1","ICHmc1/01a","B5"
"8853","BECv10","ICHmc1","ICHmc1/01a","B4"
"8854","BECv10","ICHmc1","ICHmc1/01b","C3"
"8855","BECv10","ICHmc1","ICHmc1/01b","B3"
"8856","BECv10","ICHmc1","ICHmc1/02","C2"
"8857","BECv10","ICHmc1","ICHmc1/02","C1"
"8858","BECv10","ICHmc1","ICHmc1/02","B2"
"8859","BECv10","ICHmc1","ICHmc1/02","B1"
"8860","BECv10","ICHmc1","ICHmc1/02","A3"
"8861","BECv10","ICHmc1","ICHmc1/02","A2"
"8862","BECv10","ICHmc1","ICHmc1/02","A1"
"8863","BECv10","ICHmc1","ICHmc1/03","E4"
"8864","BECv10","ICHmc1","ICHmc1/03","D5"
"8865","BECv10","ICHmc1","ICHmc1/03","D4"
"8866","BECv10","ICHmc1","ICHmc1/03","C5"
"8867","BECv10","ICHmc1","ICHmc1/04","E6"
"8868","BECv10","ICHmc1","ICHmc1/04","E5"
"8869","BECv10","ICHmc1","ICHmc1/04","D6"
"8870","BECv10","ICHmc1","ICHmc1/04","D5"
"8871","BECv10","ICHmc1","ICHmc1/04","C6"
"8872","BECv10","ICHmc1","ICHmc1/05","E6"
"8873","BECv10","ICHmc1","ICHmc1/05","E5"
"8874","BECv10","ICHmc1","ICHmc1/05","E4"
"8875","BECv10","ICHmc1","ICHmc1/06","E7"
"8876","BECv10","ICHmc1","ICHmc1/06","E6"
"8877","BECv10","ICHmc1","ICHmc1/06","D7"
"8878","BECv10","ICHmc1","ICHmc1/06","D6"
"8879","BECv10","ICHmc1","ICHmc1/06","C7"
"8880","BECv10","ICHmc1","ICHmc1/06","C6"
"8881","Add_2021","ICHmc1","ICHmc1/Ro","A0"
"8882","Add_2021","ICHmc1","ICHmc1/Ro","B0"
"8883","BECv10","ICHmc1a","ICHmc1a/01","C4"
"8884","BECv10","ICHmc1a","ICHmc1a/01","C3"
"8885","BECv10","ICHmc1a","ICHmc1a/01","C2"
"8886","BECv10","ICHmc1a","ICHmc1a/01","B4"
"8887","BECv10","ICHmc1a","ICHmc1a/01","B3"
"8888","BECv10","ICHmc1a","ICHmc1a/01","B2"
"8889","BECv10","ICHmc1a","ICHmc1a/01a","C4"
"8890","BECv10","ICHmc1a","ICHmc1a/01a","B4"
"8891","BECv10","ICHmc1a","ICHmc1a/01b","C3"
"8892","BECv10","ICHmc1a","ICHmc1a/01b","C2"
"8893","BECv10","ICHmc1a","ICHmc1a/01b","B3"
"8894","BECv10","ICHmc1a","ICHmc1a/01b","B2"
"8895","BECv10","ICHmc1a","ICHmc1a/02","D5"
"8896","BECv10","ICHmc1a","ICHmc1a/02","D4"
"8897","BECv10","ICHmc1a","ICHmc1a/02","C5"
"8898","BECv10","ICHmc1a","ICHmc1a/03","E6"
"8899","BECv10","ICHmc1a","ICHmc1a/03","E5"
"8900","BECv10","ICHmc1a","ICHmc1a/03","D6"
"8901","Add_2021","ICHmc1a","ICHmc1a/Ro","A0"
"8902","Add_2021","ICHmc1a","ICHmc1a/Ro","B0"
"8903","BECv10","ICHmc2","ICHmc2/01","C4"
"8904","BECv10","ICHmc2","ICHmc2/01","C3"
"8905","BECv10","ICHmc2","ICHmc2/01","B5"
"8906","BECv10","ICHmc2","ICHmc2/01","B4"
"8907","BECv10","ICHmc2","ICHmc2/01","B3"
"8908","BECv10","ICHmc2","ICHmc2/01a.1","C4"
"8909","BECv10","ICHmc2","ICHmc2/01a.1","B5"
"8910","BECv10","ICHmc2","ICHmc2/01a.1","B4"
"8911","BECv10","ICHmc2","ICHmc2/01a.2","C4"
"8912","BECv10","ICHmc2","ICHmc2/01a.2","B5"
"8913","BECv10","ICHmc2","ICHmc2/01a.2","B4"
"8914","BECv10","ICHmc2","ICHmc2/01b.1","C3"
"8915","BECv10","ICHmc2","ICHmc2/01b.1","B3"
"8916","BECv10","ICHmc2","ICHmc2/01b.2","C3"
"8917","BECv10","ICHmc2","ICHmc2/01b.2","B3"
"8918","BECv10","ICHmc2","ICHmc2/02","C2"
"8919","BECv10","ICHmc2","ICHmc2/02","C1"
"8920","BECv10","ICHmc2","ICHmc2/02","B2"
"8921","BECv10","ICHmc2","ICHmc2/02","B1"
"8922","BECv10","ICHmc2","ICHmc2/02","A2"
"8923","BECv10","ICHmc2","ICHmc2/02","A1"
"8924","BECv10","ICHmc2","ICHmc2/03","E4"
"8925","BECv10","ICHmc2","ICHmc2/03","D5"
"8926","BECv10","ICHmc2","ICHmc2/03","D4"
"8927","BECv10","ICHmc2","ICHmc2/03","C5"
"8928","BECv10","ICHmc2","ICHmc2/04","D5"
"8929","BECv10","ICHmc2","ICHmc2/05","E6"
"8930","BECv10","ICHmc2","ICHmc2/05","D6"
"8931","BECv10","ICHmc2","ICHmc2/05","C6"
"8932","BECv10","ICHmc2","ICHmc2/06","E6"
"8933","BECv10","ICHmc2","ICHmc2/06","E5"
"8934","BECv10","ICHmc2","ICHmc2/06","E4"
"8935","BECv10","ICHmc2","ICHmc2/06a","E6"
"8936","BECv10","ICHmc2","ICHmc2/06a","E5"
"8937","BECv10","ICHmc2","ICHmc2/06a","E4"
"8938","BECv10","ICHmc2","ICHmc2/06b","E6"
"8939","BECv10","ICHmc2","ICHmc2/06b","E5"
"8940","BECv10","ICHmc2","ICHmc2/06b","E4"
"8941","BECv10","ICHmc2","ICHmc2/07","E7"
"8942","BECv10","ICHmc2","ICHmc2/07","E6"
"8943","BECv10","ICHmc2","ICHmc2/07","D7"
"8944","BECv10","ICHmc2","ICHmc2/07","D6"
"8945","BECv10","ICHmc2","ICHmc2/07","C7"
"8946","BECv10","ICHmc2","ICHmc2/07","C6"
"8947","BECv10","ICHmc2","ICHmc2/08","E7"
"8948","BECv10","ICHmc2","ICHmc2/08","D7"
"8949","BECv10","ICHmc2","ICHmc2/08","C7"
"8950","Add_2021","ICHmc2","ICHmc2/Ro","A0"
"8951","Add_2021","ICHmc2","ICHmc2/Ro","B0"
"8952","USA_2019","ICHmh_MT","ICHmh_MT/101","D4"
"8953","USA_2019","ICHmh_MT","ICHmh_MT/101","D3"
"8954","USA_2019","ICHmh_MT","ICHmh_MT/101","C4"
"8955","USA_2019","ICHmh_MT","ICHmh_MT/101","C3"
"8956","USA_2019","ICHmh_MT","ICHmh_MT/101","B4"
"8957","USA_2019","ICHmh_MT","ICHmh_MT/101","B3"
"8958","USA_2019","ICHmh_MT","ICHmh_MT/102","D1"
"8959","USA_2019","ICHmh_MT","ICHmh_MT/102","C1"
"8960","USA_2019","ICHmh_MT","ICHmh_MT/102","B1"
"8961","USA_2019","ICHmh_MT","ICHmh_MT/102","A1"
"8962","USA_2019","ICHmh_MT","ICHmh_MT/103","D2"
"8963","USA_2019","ICHmh_MT","ICHmh_MT/103","C2"
"8964","USA_2019","ICHmh_MT","ICHmh_MT/103","B2"
"8965","USA_2019","ICHmh_MT","ICHmh_MT/103","A2"
"8966","USA_2019","ICHmh_MT","ICHmh_MT/110","C5"
"8967","USA_2019","ICHmh_MT","ICHmh_MT/110","B5"
"8968","USA_2019","ICHmh_MT","ICHmh_MT/111","C6"
"8969","USA_2019","ICHmh_MT","ICHmh_MT/111","B6"
"8970","USA_2019","ICHmh_MT","ICHmh_MT/112","E5"
"8971","USA_2019","ICHmh_MT","ICHmh_MT/112","D5"
"8972","USA_2019","ICHmh_MT","ICHmh_MT/113","E6"
"8973","USA_2019","ICHmh_MT","ICHmh_MT/113","D6"
"8974","Add_2021","ICHmh_MT","ICHmh_MT/Ro","A0"
"8975","Add_2021","ICHmh_MT","ICHmh_MT/Ro","B0"
"8976","BECv12","ICHmk1","ICHmk1/101","D4"
"8977","BECv12","ICHmk1","ICHmk1/101","C4"
"8978","BECv12","ICHmk1","ICHmk1/101","B4"
"8979","BECv12","ICHmk1","ICHmk1/102","C1"
"8980","BECv12","ICHmk1","ICHmk1/102","B1"
"8981","BECv12","ICHmk1","ICHmk1/102","A2"
"8982","BECv12","ICHmk1","ICHmk1/102","A1"
"8983","BECv12","ICHmk1","ICHmk1/103","C2"
"8984","BECv12","ICHmk1","ICHmk1/103","B2"
"8985","BECv12","ICHmk1","ICHmk1/104","B3"
"8986","BECv12","ICHmk1","ICHmk1/104","A3"
"8987","BECv12","ICHmk1","ICHmk1/105","C3"
"8988","BECv12","ICHmk1","ICHmk1/105","B3"
"8989","BECv12","ICHmk1","ICHmk1/110","D5"
"8990","BECv12","ICHmk1","ICHmk1/110","C5"
"8991","BECv12","ICHmk1","ICHmk1/111","D6"
"8992","BECv12","ICHmk1","ICHmk1/111","D5"
"8993","BECv12","ICHmk1","ICHmk1/111","C6"
"8994","BECv12","ICHmk1","ICHmk1/111","C5"
"8995","BECv12","ICHmk1","ICHmk1/112","D7"
"8996","BECv12","ICHmk1","ICHmk1/112","D6"
"8997","BECv12","ICHmk1","ICHmk1/112","C7"
"8998","BECv12","ICHmk1","ICHmk1/112","C6"
"8999","Add_2021","ICHmk1","ICHmk1/Ro","A0"
"9000","Add_2021","ICHmk1","ICHmk1/Ro","B0"
"9001","BECv10","ICHmk2","ICHmk2/01","D5"
"9002","BECv10","ICHmk2","ICHmk2/01","D4"
"9003","BECv10","ICHmk2","ICHmk2/01","D3"
"9004","BECv10","ICHmk2","ICHmk2/01","D2"
"9005","BECv10","ICHmk2","ICHmk2/01","C5"
"9006","BECv10","ICHmk2","ICHmk2/01","C4"
"9007","BECv10","ICHmk2","ICHmk2/01","C3"
"9008","BECv10","ICHmk2","ICHmk2/01","C2"
"9009","BECv10","ICHmk2","ICHmk2/01","B5"
"9010","BECv10","ICHmk2","ICHmk2/01","B4"
"9011","BECv10","ICHmk2","ICHmk2/01","B3"
"9012","BECv10","ICHmk2","ICHmk2/01","B2"
"9013","BECv10","ICHmk2","ICHmk2/01","A5"
"9014","BECv10","ICHmk2","ICHmk2/01","A4"
"9015","BECv10","ICHmk2","ICHmk2/01","A3"
"9016","BECv10","ICHmk2","ICHmk2/02","C1"
"9017","BECv10","ICHmk2","ICHmk2/02","C0"
"9018","BECv10","ICHmk2","ICHmk2/02","B2"
"9019","BECv10","ICHmk2","ICHmk2/02","B1"
"9020","BECv10","ICHmk2","ICHmk2/02","B0"
"9021","BECv10","ICHmk2","ICHmk2/02","A2"
"9022","BECv10","ICHmk2","ICHmk2/02","A1"
"9023","BECv10","ICHmk2","ICHmk2/02","A0"
"9024","BECv10","ICHmk2","ICHmk2/03","C2"
"9025","BECv10","ICHmk2","ICHmk2/03","C1"
"9026","BECv10","ICHmk2","ICHmk2/03","B3"
"9027","BECv10","ICHmk2","ICHmk2/03","B2"
"9028","BECv10","ICHmk2","ICHmk2/03","B1"
"9029","BECv10","ICHmk2","ICHmk2/03","A3"
"9030","BECv10","ICHmk2","ICHmk2/03","A2"
"9031","BECv10","ICHmk2","ICHmk2/04","E4"
"9032","BECv10","ICHmk2","ICHmk2/04","E3"
"9033","BECv10","ICHmk2","ICHmk2/04","E2"
"9034","BECv10","ICHmk2","ICHmk2/04","D4"
"9035","BECv10","ICHmk2","ICHmk2/04","D3"
"9036","BECv10","ICHmk2","ICHmk2/04","D2"
"9037","BECv10","ICHmk2","ICHmk2/04","C4"
"9038","BECv10","ICHmk2","ICHmk2/04","C3"
"9039","BECv10","ICHmk2","ICHmk2/04","C2"
"9040","BECv10","ICHmk2","ICHmk2/05","E6"
"9041","BECv10","ICHmk2","ICHmk2/05","E5"
"9042","BECv10","ICHmk2","ICHmk2/05","E4"
"9043","BECv10","ICHmk2","ICHmk2/05","D6"
"9044","BECv10","ICHmk2","ICHmk2/05","D5"
"9045","BECv10","ICHmk2","ICHmk2/05","D4"
"9046","BECv10","ICHmk2","ICHmk2/05","C6"
"9047","BECv10","ICHmk2","ICHmk2/05","C5"
"9048","BECv10","ICHmk2","ICHmk2/05","C4"
"9049","BECv10","ICHmk2","ICHmk2/05","B6"
"9050","BECv10","ICHmk2","ICHmk2/05","B5"
"9051","BECv10","ICHmk2","ICHmk2/05","B4"
"9052","BECv10","ICHmk2","ICHmk2/06","E7"
"9053","BECv10","ICHmk2","ICHmk2/06","E6"
"9054","BECv10","ICHmk2","ICHmk2/06","D7"
"9055","BECv10","ICHmk2","ICHmk2/06","D6"
"9056","BECv10","ICHmk2","ICHmk2/06","C7"
"9057","BECv10","ICHmk2","ICHmk2/06","C6"
"9058","BECv10","ICHmk2","ICHmk2/06","B7"
"9059","BECv10","ICHmk2","ICHmk2/06","B6"
"9060","BECv10","ICHmk3","ICHmk3/01","D4"
"9061","BECv10","ICHmk3","ICHmk3/01","D3"
"9062","BECv10","ICHmk3","ICHmk3/01","C4"
"9063","BECv10","ICHmk3","ICHmk3/01","C3"
"9064","BECv10","ICHmk3","ICHmk3/01","B4"
"9065","BECv10","ICHmk3","ICHmk3/01","B3"
"9066","BECv10","ICHmk3","ICHmk3/02","D2"
"9067","BECv10","ICHmk3","ICHmk3/02","D1"
"9068","BECv10","ICHmk3","ICHmk3/02","C2"
"9069","BECv10","ICHmk3","ICHmk3/02","C1"
"9070","BECv10","ICHmk3","ICHmk3/02","B2"
"9071","BECv10","ICHmk3","ICHmk3/02","B1"
"9072","BECv10","ICHmk3","ICHmk3/03","D3"
"9073","BECv10","ICHmk3","ICHmk3/03","D2"
"9074","BECv10","ICHmk3","ICHmk3/03","C3"
"9075","BECv10","ICHmk3","ICHmk3/03","C2"
"9076","BECv10","ICHmk3","ICHmk3/03","B3"
"9077","BECv10","ICHmk3","ICHmk3/03","B2"
"9078","BECv10","ICHmk3","ICHmk3/04","D5"
"9079","BECv10","ICHmk3","ICHmk3/04","D4"
"9080","BECv10","ICHmk3","ICHmk3/04","C5"
"9081","BECv10","ICHmk3","ICHmk3/05","D5"
"9082","BECv10","ICHmk3","ICHmk3/05","C5"
"9083","BECv10","ICHmk3","ICHmk3/05","B5"
"9084","BECv10","ICHmk3","ICHmk3/06","E6"
"9085","BECv10","ICHmk3","ICHmk3/06","E5"
"9086","BECv10","ICHmk3","ICHmk3/06","D6"
"9087","BECv10","ICHmk3","ICHmk3/06","D5"
"9088","BECv10","ICHmk3","ICHmk3/07","D6"
"9089","BECv10","ICHmk3","ICHmk3/07","C6"
"9090","BECv10","ICHmk3","ICHmk3/07","B6"
"9091","Add_2021","ICHmk3","ICHmk3/Ro","A0"
"9092","Add_2021","ICHmk3","ICHmk3/Ro","B0"
"9093","BECv11","ICHmk4","ICHmk4/101","D4"
"9094","BECv11","ICHmk4","ICHmk4/101","C4"
"9095","BECv11","ICHmk4","ICHmk4/101","B4"
"9096","BECv11","ICHmk4","ICHmk4/102","D1"
"9097","BECv11","ICHmk4","ICHmk4/102","C2"
"9098","BECv11","ICHmk4","ICHmk4/102","C1"
"9099","BECv11","ICHmk4","ICHmk4/102","B2"
"9100","BECv11","ICHmk4","ICHmk4/102","B1"
"9101","BECv11","ICHmk4","ICHmk4/102a","D1"
"9102","BECv11","ICHmk4","ICHmk4/102a","C1"
"9103","BECv11","ICHmk4","ICHmk4/102a","B1"
"9104","BECv11","ICHmk4","ICHmk4/102b","C2"
"9105","BECv11","ICHmk4","ICHmk4/102b","B2"
"9106","BECv11","ICHmk4","ICHmk4/103","D3"
"9107","BECv11","ICHmk4","ICHmk4/103","D2"
"9108","BECv11","ICHmk4","ICHmk4/103","C3"
"9109","BECv11","ICHmk4","ICHmk4/103","B3"
"9110","BECv11","ICHmk4","ICHmk4/110","D5"
"9111","BECv11","ICHmk4","ICHmk4/110","C5"
"9112","BECv11","ICHmk4","ICHmk4/111","E6"
"9113","BECv11","ICHmk4","ICHmk4/111","E5"
"9114","BECv11","ICHmk4","ICHmk4/111","D6"
"9115","BECv11","ICHmk4","ICHmk4/111","D5"
"9116","BECv11","ICHmk4","ICHmk4/111","C6"
"9117","BECv11","ICHmk4","ICHmk4/111","C5"
"9118","BECv11","ICHmk4","ICHmk4/112","E7"
"9119","BECv11","ICHmk4","ICHmk4/112","E6"
"9120","BECv11","ICHmk4","ICHmk4/112","D7"
"9121","BECv11","ICHmk4","ICHmk4/112","D6"
"9122","BECv11","ICHmk4","ICHmk4/112","C7"
"9123","BECv11","ICHmk4","ICHmk4/112","C6"
"9124","BECv12","ICHmk4","ICHmk4/Fm01","E5"
"9125","BECv12","ICHmk4","ICHmk4/Fm01","E6"
"9126","BECv12","ICHmk4","ICHmk4/Fm02","E5"
"9127","BECv12","ICHmk4","ICHmk4/Fm02","E6"
"9128","BECv11","ICHmk4","ICHmk4/Ro","D0"
"9129","BECv11","ICHmk4","ICHmk4/Ro","C0"
"9130","BECv11","ICHmk4","ICHmk4/Ro","B0"
"9131","BECv11","ICHmk4","ICHmk4/Ro","A0"
"9132","BECv11","ICHmk5","ICHmk5/101","D4"
"9133","BECv11","ICHmk5","ICHmk5/101","C4"
"9134","BECv11","ICHmk5","ICHmk5/101","B4"
"9135","BECv11","ICHmk5","ICHmk5/102","D1"
"9136","BECv11","ICHmk5","ICHmk5/102","C1"
"9137","BECv11","ICHmk5","ICHmk5/102","B1"
"9138","BECv11","ICHmk5","ICHmk5/102","A1"
"9139","BECv11","ICHmk5","ICHmk5/103","D2"
"9140","BECv11","ICHmk5","ICHmk5/103","C2"
"9141","BECv11","ICHmk5","ICHmk5/103","B2"
"9142","BECv11","ICHmk5","ICHmk5/104","D3"
"9143","BECv11","ICHmk5","ICHmk5/104","C3"
"9144","BECv11","ICHmk5","ICHmk5/104","B3"
"9145","BECv11","ICHmk5","ICHmk5/110","D6"
"9146","BECv11","ICHmk5","ICHmk5/110","D5"
"9147","BECv11","ICHmk5","ICHmk5/110","C6"
"9148","BECv11","ICHmk5","ICHmk5/110","C5"
"9149","BECv11","ICHmk5","ICHmk5/111","D6"
"9150","BECv11","ICHmk5","ICHmk5/111","D5"
"9151","BECv11","ICHmk5","ICHmk5/111","C6"
"9152","BECv11","ICHmk5","ICHmk5/111","C5"
"9153","BECv11","ICHmk5","ICHmk5/112","E7"
"9154","BECv11","ICHmk5","ICHmk5/112","E6"
"9155","BECv11","ICHmk5","ICHmk5/112","D7"
"9156","BECv11","ICHmk5","ICHmk5/112","D6"
"9157","BECv11","ICHmk5","ICHmk5/112","C7"
"9158","BECv11","ICHmk5","ICHmk5/112","C6"
"9159","Add_2021","ICHmk5","ICHmk5/Ro","A0"
"9160","Add_2021","ICHmk5","ICHmk5/Ro","B0"
"9161","BECv10","ICHmm","ICHmm/01","C4"
"9162","BECv10","ICHmm","ICHmm/01","C3"
"9163","BECv10","ICHmm","ICHmm/01","B4"
"9164","BECv10","ICHmm","ICHmm/01","B3"
"9165","BECv10","ICHmm","ICHmm/02","B1"
"9166","BECv10","ICHmm","ICHmm/02","A1"
"9167","BECv10","ICHmm","ICHmm/03","B3"
"9168","BECv10","ICHmm","ICHmm/03","B2"
"9169","BECv10","ICHmm","ICHmm/04","D5"
"9170","BECv10","ICHmm","ICHmm/04","C5"
"9171","BECv10","ICHmm","ICHmm/04","B5"
"9172","BECv10","ICHmm","ICHmm/04","D4"
"9173","BECv10","ICHmm","ICHmm/05","D6"
"9174","BECv10","ICHmm","ICHmm/05","D5"
"9175","BECv10","ICHmm","ICHmm/05","C6"
"9176","BECv10","ICHmm","ICHmm/05","C5"
"9177","BECv10","ICHmm","ICHmm/05","B6"
"9178","BECv10","ICHmm","ICHmm/05","B5"
"9179","BECv10","ICHmm","ICHmm/06","E6"
"9180","BECv10","ICHmm","ICHmm/06","D6"
"9181","BECv10","ICHmm","ICHmm/07","B7"
"9182","BECv10","ICHmm","ICHmm/07","A7"
"9183","BECv10","ICHmm","ICHmm/08","C7"
"9184","BECv10","ICHmm","ICHmm/08","B7"
"9185","Add_2021","ICHmm","ICHmm/Ro","A0"
"9186","Add_2021","ICHmm","ICHmm/Ro","B0"
"9187","USA_2019","ICHmw_MT","ICHmw_MT/101","D4"
"9188","USA_2019","ICHmw_MT","ICHmw_MT/101","D3"
"9189","USA_2019","ICHmw_MT","ICHmw_MT/101","C4"
"9190","USA_2019","ICHmw_MT","ICHmw_MT/101","C3"
"9191","USA_2019","ICHmw_MT","ICHmw_MT/101","B4"
"9192","USA_2019","ICHmw_MT","ICHmw_MT/101","B3"
"9193","USA_2019","ICHmw_MT","ICHmw_MT/102","D1"
"9194","USA_2019","ICHmw_MT","ICHmw_MT/102","C1"
"9195","USA_2019","ICHmw_MT","ICHmw_MT/102","B1"
"9196","USA_2019","ICHmw_MT","ICHmw_MT/102","A1"
"9197","USA_2019","ICHmw_MT","ICHmw_MT/103","D2"
"9198","USA_2019","ICHmw_MT","ICHmw_MT/103","C2"
"9199","USA_2019","ICHmw_MT","ICHmw_MT/103","B2"
"9200","USA_2019","ICHmw_MT","ICHmw_MT/103","A2"
"9201","USA_2019","ICHmw_MT","ICHmw_MT/110","C5"
"9202","USA_2019","ICHmw_MT","ICHmw_MT/110","B5"
"9203","USA_2019","ICHmw_MT","ICHmw_MT/111","C6"
"9204","USA_2019","ICHmw_MT","ICHmw_MT/111","B6"
"9205","USA_2019","ICHmw_MT","ICHmw_MT/112","E5"
"9206","USA_2019","ICHmw_MT","ICHmw_MT/112","D5"
"9207","USA_2019","ICHmw_MT","ICHmw_MT/113","E6"
"9208","USA_2019","ICHmw_MT","ICHmw_MT/113","D6"
"9209","Add_2021","ICHmw_MT","ICHmw_MT/Ro","A0"
"9210","Add_2021","ICHmw_MT","ICHmw_MT/Ro","B0"
"9211","BECv10","ICHmw1","ICHmw1/01","E4"
"9212","BECv10","ICHmw1","ICHmw1/01","E3"
"9213","BECv10","ICHmw1","ICHmw1/01","D4"
"9214","BECv10","ICHmw1","ICHmw1/01","D3"
"9215","BECv10","ICHmw1","ICHmw1/01","C4"
"9216","BECv10","ICHmw1","ICHmw1/01","C3"
"9217","BECv10","ICHmw1","ICHmw1/01","B4"
"9218","BECv10","ICHmw1","ICHmw1/01","B3"
"9219","BECv10","ICHmw1","ICHmw1/02","E2"
"9220","BECv10","ICHmw1","ICHmw1/02","E1"
"9221","BECv10","ICHmw1","ICHmw1/02","D2"
"9222","BECv10","ICHmw1","ICHmw1/02","D1"
"9223","BECv10","ICHmw1","ICHmw1/02","C2"
"9224","BECv10","ICHmw1","ICHmw1/02","C1"
"9225","BECv10","ICHmw1","ICHmw1/03","C3"
"9226","BECv10","ICHmw1","ICHmw1/03","C2"
"9227","BECv10","ICHmw1","ICHmw1/03","B3"
"9228","BECv10","ICHmw1","ICHmw1/03","B2"
"9229","BECv10","ICHmw1","ICHmw1/04","E3"
"9230","BECv10","ICHmw1","ICHmw1/04","E2"
"9231","BECv10","ICHmw1","ICHmw1/04","D3"
"9232","BECv10","ICHmw1","ICHmw1/04","D2"
"9233","BECv10","ICHmw1","ICHmw1/04","C3"
"9234","BECv10","ICHmw1","ICHmw1/04","C2"
"9235","BECv10","ICHmw1","ICHmw1/05","D5"
"9236","BECv10","ICHmw1","ICHmw1/05","D4"
"9237","BECv10","ICHmw1","ICHmw1/05","C5"
"9238","BECv10","ICHmw1","ICHmw1/05","C4"
"9239","BECv10","ICHmw1","ICHmw1/05","B5"
"9240","BECv10","ICHmw1","ICHmw1/05","B4"
"9241","BECv10","ICHmw1","ICHmw1/06","E5"
"9242","BECv10","ICHmw1","ICHmw1/06","E4"
"9243","BECv10","ICHmw1","ICHmw1/06","D5"
"9244","BECv10","ICHmw1","ICHmw1/06","D4"
"9245","BECv10","ICHmw1","ICHmw1/07","E6"
"9246","BECv10","ICHmw1","ICHmw1/07","E5"
"9247","BECv10","ICHmw1","ICHmw1/07","D6"
"9248","BECv10","ICHmw1","ICHmw1/07","D5"
"9249","BECv10","ICHmw1","ICHmw1/07","C6"
"9250","Add_2021","ICHmw1","ICHmw1/Ro","A0"
"9251","Add_2021","ICHmw1","ICHmw1/Ro","B0"
"9252","BECv10","ICHmw2","ICHmw2/101","D4"
"9253","BECv10","ICHmw2","ICHmw2/101","C4"
"9254","BECv10","ICHmw2","ICHmw2/101","C3"
"9255","BECv10","ICHmw2","ICHmw2/101","B4"
"9256","BECv10","ICHmw2","ICHmw2/102","C1"
"9257","BECv10","ICHmw2","ICHmw2/102","B1"
"9258","BECv10","ICHmw2","ICHmw2/102","A2"
"9259","BECv10","ICHmw2","ICHmw2/102","A1"
"9260","BECv10","ICHmw2","ICHmw2/103","C2"
"9261","BECv10","ICHmw2","ICHmw2/103","C1"
"9262","BECv10","ICHmw2","ICHmw2/103","B2"
"9263","BECv10","ICHmw2","ICHmw2/104","C3"
"9264","BECv10","ICHmw2","ICHmw2/104","C2"
"9265","BECv10","ICHmw2","ICHmw2/104","B3"
"9266","BECv10","ICHmw2","ICHmw2/110","D5"
"9267","BECv10","ICHmw2","ICHmw2/110","D4"
"9268","BECv10","ICHmw2","ICHmw2/110","C5"
"9269","BECv10","ICHmw2","ICHmw2/111","E6"
"9270","BECv10","ICHmw2","ICHmw2/111","E5"
"9271","BECv10","ICHmw2","ICHmw2/111","D6"
"9272","BECv10","ICHmw2","ICHmw2/111","D5"
"9273","BECv10","ICHmw2","ICHmw2/111","C6"
"9274","BECv10","ICHmw2","ICHmw2/112","E6"
"9275","BECv10","ICHmw2","ICHmw2/112","E5"
"9276","BECv10","ICHmw2","ICHmw2/112","D6"
"9277","BECv10","ICHmw2","ICHmw2/112","D5"
"9278","BECv10","ICHmw2","ICHmw2/112","C6"
"9279","BECv10","ICHmw2","ICHmw2/113","D7"
"9280","BECv10","ICHmw2","ICHmw2/113","D6"
"9281","BECv10","ICHmw2","ICHmw2/113","C7"
"9282","BECv10","ICHmw2","ICHmw2/113","C6"
"9283","BECv10","ICHmw2","ICHmw2/114","E7"
"9284","BECv10","ICHmw2","ICHmw2/114","E6"
"9285","BECv10","ICHmw2","ICHmw2/114","D7"
"9286","BECv10","ICHmw2","ICHmw2/114","D6"
"9287","BECv12","ICHmw2","ICHmw2/Fm01","E5"
"9288","BECv12","ICHmw2","ICHmw2/Fm01","E6"
"9289","BECv12","ICHmw2","ICHmw2/Fm02","E5"
"9290","BECv12","ICHmw2","ICHmw2/Fm02","E6"
"9291","BECv12","ICHmw2","ICHmw2/Fm04","E5"
"9292","BECv12","ICHmw2","ICHmw2/Fm04","E6"
"9293","Add_2021","ICHmw2","ICHmw2/Ro","A0"
"9294","Add_2021","ICHmw2","ICHmw2/Ro","B0"
"9295","BECv10","ICHmw3","ICHmw3/01","E4"
"9296","BECv10","ICHmw3","ICHmw3/01","D4"
"9297","BECv10","ICHmw3","ICHmw3/01","C4"
"9298","BECv10","ICHmw3","ICHmw3/01","B4"
"9299","BECv10","ICHmw3","ICHmw3/01","A4"
"9300","BECv10","ICHmw3","ICHmw3/02","C1"
"9301","BECv10","ICHmw3","ICHmw3/02","C0"
"9302","BECv10","ICHmw3","ICHmw3/02","B2"
"9303","BECv10","ICHmw3","ICHmw3/02","B1"
"9304","BECv10","ICHmw3","ICHmw3/02","B0"
"9305","BECv10","ICHmw3","ICHmw3/02","A2"
"9306","BECv10","ICHmw3","ICHmw3/02","A1"
"9307","BECv10","ICHmw3","ICHmw3/02","A0"
"9308","BECv10","ICHmw3","ICHmw3/03","E3"
"9309","BECv10","ICHmw3","ICHmw3/03","E2"
"9310","BECv10","ICHmw3","ICHmw3/03","E1"
"9311","BECv10","ICHmw3","ICHmw3/03","D3"
"9312","BECv10","ICHmw3","ICHmw3/03","D2"
"9313","BECv10","ICHmw3","ICHmw3/03","D1"
"9314","BECv10","ICHmw3","ICHmw3/03","C3"
"9315","BECv10","ICHmw3","ICHmw3/03","C2"
"9316","BECv10","ICHmw3","ICHmw3/03","C1"
"9317","BECv10","ICHmw3","ICHmw3/03","B3"
"9318","BECv10","ICHmw3","ICHmw3/03","B2"
"9319","BECv10","ICHmw3","ICHmw3/03","B1"
"9320","BECv10","ICHmw3","ICHmw3/04","C4"
"9321","BECv10","ICHmw3","ICHmw3/04","C3"
"9322","BECv10","ICHmw3","ICHmw3/04","C2"
"9323","BECv10","ICHmw3","ICHmw3/04","B4"
"9324","BECv10","ICHmw3","ICHmw3/04","B3"
"9325","BECv10","ICHmw3","ICHmw3/04","B2"
"9326","BECv10","ICHmw3","ICHmw3/04","A4"
"9327","BECv10","ICHmw3","ICHmw3/04","A3"
"9328","BECv10","ICHmw3","ICHmw3/04","A2"
"9329","BECv10","ICHmw3","ICHmw3/05","E4"
"9330","BECv10","ICHmw3","ICHmw3/05","E3"
"9331","BECv10","ICHmw3","ICHmw3/05","E2"
"9332","BECv10","ICHmw3","ICHmw3/05","D4"
"9333","BECv10","ICHmw3","ICHmw3/05","D3"
"9334","BECv10","ICHmw3","ICHmw3/05","D2"
"9335","BECv10","ICHmw3","ICHmw3/05","C4"
"9336","BECv10","ICHmw3","ICHmw3/05","C3"
"9337","BECv10","ICHmw3","ICHmw3/05","C2"
"9338","BECv10","ICHmw3","ICHmw3/05","B4"
"9339","BECv10","ICHmw3","ICHmw3/05","B3"
"9340","BECv10","ICHmw3","ICHmw3/05","B2"
"9341","BECv10","ICHmw3","ICHmw3/06","E5"
"9342","BECv10","ICHmw3","ICHmw3/06","E4"
"9343","BECv10","ICHmw3","ICHmw3/06","D5"
"9344","BECv10","ICHmw3","ICHmw3/06","D4"
"9345","BECv10","ICHmw3","ICHmw3/06","C5"
"9346","BECv10","ICHmw3","ICHmw3/06","C4"
"9347","BECv10","ICHmw3","ICHmw3/06","B5"
"9348","BECv10","ICHmw3","ICHmw3/06","B4"
"9349","BECv10","ICHmw3","ICHmw3/07","E6"
"9350","BECv10","ICHmw3","ICHmw3/07","E5"
"9351","BECv10","ICHmw3","ICHmw3/07","D6"
"9352","BECv10","ICHmw3","ICHmw3/07","D5"
"9353","BECv10","ICHmw3","ICHmw3/07","C6"
"9354","BECv10","ICHmw3","ICHmw3/07","C5"
"9355","BECv10","ICHmw3","ICHmw3/07","B5"
"9356","BECv10","ICHmw3","ICHmw3/08","E6"
"9357","BECv10","ICHmw3","ICHmw3/08","D6"
"9358","BECv10","ICHmw3","ICHmw3/08","C6"
"9359","BECv10","ICHmw3","ICHmw3/08","C5"
"9360","BECv10","ICHmw3","ICHmw3/08","B6"
"9361","BECv10","ICHmw3","ICHmw3/08","B5"
"9362","BECv10","ICHmw3","ICHmw3/09","D7"
"9363","BECv10","ICHmw3","ICHmw3/09","D6"
"9364","BECv10","ICHmw3","ICHmw3/09","C7"
"9365","BECv10","ICHmw3","ICHmw3/09","C6"
"9366","BECv10","ICHmw3","ICHmw3/09","B7"
"9367","BECv10","ICHmw3","ICHmw3/09","B6"
"9368","BECv10","ICHmw3","ICHmw3/09","A7"
"9369","BECv10","ICHmw3","ICHmw3/09","A6"
"9370","BECv10","ICHmw4","ICHmw4/101","D4"
"9371","BECv10","ICHmw4","ICHmw4/101","D3"
"9372","BECv10","ICHmw4","ICHmw4/101","C4"
"9373","BECv10","ICHmw4","ICHmw4/101","C3"
"9374","BECv10","ICHmw4","ICHmw4/101","B4"
"9375","BECv10","ICHmw4","ICHmw4/102","B1"
"9376","BECv10","ICHmw4","ICHmw4/102","A2"
"9377","BECv10","ICHmw4","ICHmw4/102","A1"
"9378","BECv10","ICHmw4","ICHmw4/103","C2"
"9379","BECv10","ICHmw4","ICHmw4/103","B2"
"9380","BECv10","ICHmw4","ICHmw4/103","A2"
"9381","BECv10","ICHmw4","ICHmw4/104","D3"
"9382","BECv10","ICHmw4","ICHmw4/104","C3"
"9383","BECv10","ICHmw4","ICHmw4/104","C2"
"9384","BECv10","ICHmw4","ICHmw4/104","B3"
"9385","BECv10","ICHmw4","ICHmw4/110","D5"
"9386","BECv10","ICHmw4","ICHmw4/110","D4"
"9387","BECv10","ICHmw4","ICHmw4/110","C5"
"9388","BECv10","ICHmw4","ICHmw4/111","D5"
"9389","BECv10","ICHmw4","ICHmw4/111","D4"
"9390","BECv10","ICHmw4","ICHmw4/111","C5"
"9391","BECv10","ICHmw4","ICHmw4/112","D6"
"9392","BECv10","ICHmw4","ICHmw4/112","D5"
"9393","BECv10","ICHmw4","ICHmw4/112","C6"
"9394","BECv10","ICHmw4","ICHmw4/112","C5"
"9395","BECv10","ICHmw4","ICHmw4/113","D6"
"9396","BECv10","ICHmw4","ICHmw4/113","D5"
"9397","BECv10","ICHmw4","ICHmw4/113","C6"
"9398","BECv10","ICHmw4","ICHmw4/113","C5"
"9399","BECv10","ICHmw4","ICHmw4/114","E7"
"9400","BECv10","ICHmw4","ICHmw4/114","E6"
"9401","BECv10","ICHmw4","ICHmw4/114","D7"
"9402","BECv10","ICHmw4","ICHmw4/114","D6"
"9403","BECv10","ICHmw4","ICHmw4/114","C7"
"9404","BECv10","ICHmw4","ICHmw4/114","C6"
"9405","BECv12","ICHmw4","ICHmw4/Fm01","E5"
"9406","BECv12","ICHmw4","ICHmw4/Fm01","E6"
"9407","BECv12","ICHmw4","ICHmw4/Fm02","E5"
"9408","BECv12","ICHmw4","ICHmw4/Fm02","E6"
"9409","BECv12","ICHmw4","ICHmw4/Fm04","E5"
"9410","BECv12","ICHmw4","ICHmw4/Fm04","E6"
"9411","Add_2021","ICHmw4","ICHmw4/Ro","A0"
"9412","Add_2021","ICHmw4","ICHmw4/Ro","B0"
"9413","BECv12","ICHmw5","ICHmw5/101","D4"
"9414","BECv12","ICHmw5","ICHmw5/101","C4"
"9415","BECv12","ICHmw5","ICHmw5/101","B4"
"9416","BECv12","ICHmw5","ICHmw5/102","C1"
"9417","BECv12","ICHmw5","ICHmw5/102","B1"
"9418","BECv12","ICHmw5","ICHmw5/102","A2"
"9419","BECv12","ICHmw5","ICHmw5/102","A1"
"9420","BECv12","ICHmw5","ICHmw5/103","C2"
"9421","BECv12","ICHmw5","ICHmw5/103","B2"
"9422","BECv12","ICHmw5","ICHmw5/104","C3"
"9423","BECv12","ICHmw5","ICHmw5/104","C2"
"9424","BECv12","ICHmw5","ICHmw5/104","B3"
"9425","BECv12","ICHmw5","ICHmw5/110","D5"
"9426","BECv12","ICHmw5","ICHmw5/110","D4"
"9427","BECv12","ICHmw5","ICHmw5/110","C5"
"9428","BECv12","ICHmw5","ICHmw5/111","D6"
"9429","BECv12","ICHmw5","ICHmw5/111","D5"
"9430","BECv12","ICHmw5","ICHmw5/111","C6"
"9431","BECv12","ICHmw5","ICHmw5/112","D6"
"9432","BECv12","ICHmw5","ICHmw5/112","D5"
"9433","BECv12","ICHmw5","ICHmw5/112","C6"
"9434","BECv12","ICHmw5","ICHmw5/113","E6"
"9435","BECv12","ICHmw5","ICHmw5/113","D6"
"9436","BECv12","ICHmw5","ICHmw5/113","E7"
"9437","BECv12","ICHmw5","ICHmw5/113","D7"
"9438","BECv12","ICHmw5","ICHmw5/Fm01","E5"
"9439","BECv12","ICHmw5","ICHmw5/Fm01","E6"
"9440","BECv12","ICHmw5","ICHmw5/Fm02","E5"
"9441","BECv12","ICHmw5","ICHmw5/Fm02","E6"
"9442","Add_2021","ICHmw5","ICHmw5/Ro","A0"
"9443","Add_2021","ICHmw5","ICHmw5/Ro","B0"
"9444","Add_2021","ICHmw5","ICHmw5/Ro","C0"
"9445","BECv10","ICHvc","ICHvc/01","D4"
"9446","BECv10","ICHvc","ICHvc/01","C5"
"9447","BECv10","ICHvc","ICHvc/01","C4"
"9448","BECv10","ICHvc","ICHvc/01","B5"
"9449","BECv10","ICHvc","ICHvc/01","B4"
"9450","BECv10","ICHvc","ICHvc/01.1","D4"
"9451","BECv10","ICHvc","ICHvc/01.1","C5"
"9452","BECv10","ICHvc","ICHvc/01.1","C4"
"9453","BECv10","ICHvc","ICHvc/01.1","B5"
"9454","BECv10","ICHvc","ICHvc/01.1","B4"
"9455","BECv10","ICHvc","ICHvc/01.2","D4"
"9456","BECv10","ICHvc","ICHvc/01.2","C5"
"9457","BECv10","ICHvc","ICHvc/01.2","C4"
"9458","BECv10","ICHvc","ICHvc/01.2","B5"
"9459","BECv10","ICHvc","ICHvc/01.2","B4"
"9460","BECv10","ICHvc","ICHvc/02","C3"
"9461","BECv10","ICHvc","ICHvc/02","C2"
"9462","BECv10","ICHvc","ICHvc/02","C1"
"9463","BECv10","ICHvc","ICHvc/02","B3"
"9464","BECv10","ICHvc","ICHvc/02","B2"
"9465","BECv10","ICHvc","ICHvc/02","B1"
"9466","BECv10","ICHvc","ICHvc/02","A4"
"9467","BECv10","ICHvc","ICHvc/02","A3"
"9468","BECv10","ICHvc","ICHvc/02","A2"
"9469","BECv10","ICHvc","ICHvc/02","A1"
"9470","BECv10","ICHvc","ICHvc/02.1","C3"
"9471","BECv10","ICHvc","ICHvc/02.1","C2"
"9472","BECv10","ICHvc","ICHvc/02.1","C1"
"9473","BECv10","ICHvc","ICHvc/02.1","B3"
"9474","BECv10","ICHvc","ICHvc/02.1","B2"
"9475","BECv10","ICHvc","ICHvc/02.1","B1"
"9476","BECv10","ICHvc","ICHvc/02.1","A4"
"9477","BECv10","ICHvc","ICHvc/02.1","A3"
"9478","BECv10","ICHvc","ICHvc/02.1","A2"
"9479","BECv10","ICHvc","ICHvc/02.1","A1"
"9480","BECv10","ICHvc","ICHvc/02.2","C3"
"9481","BECv10","ICHvc","ICHvc/02.2","C2"
"9482","BECv10","ICHvc","ICHvc/02.2","C1"
"9483","BECv10","ICHvc","ICHvc/02.2","B3"
"9484","BECv10","ICHvc","ICHvc/02.2","B2"
"9485","BECv10","ICHvc","ICHvc/02.2","B1"
"9486","BECv10","ICHvc","ICHvc/02.2","A4"
"9487","BECv10","ICHvc","ICHvc/02.2","A3"
"9488","BECv10","ICHvc","ICHvc/02.2","A2"
"9489","BECv10","ICHvc","ICHvc/02.2","A1"
"9490","BECv10","ICHvc","ICHvc/03","E5"
"9491","BECv10","ICHvc","ICHvc/03","E4"
"9492","BECv10","ICHvc","ICHvc/03","D5"
"9493","BECv10","ICHvc","ICHvc/03","D4"
"9494","BECv10","ICHvc","ICHvc/03","C5"
"9495","BECv10","ICHvc","ICHvc/03a","E5"
"9496","BECv10","ICHvc","ICHvc/03a","E4"
"9497","BECv10","ICHvc","ICHvc/03a","D5"
"9498","BECv10","ICHvc","ICHvc/03a","D4"
"9499","BECv10","ICHvc","ICHvc/03b","D5"
"9500","BECv10","ICHvc","ICHvc/03b","D4"
"9501","BECv10","ICHvc","ICHvc/03b","C5"
"9502","BECv10","ICHvc","ICHvc/04","E6"
"9503","BECv10","ICHvc","ICHvc/04","E5"
"9504","BECv10","ICHvc","ICHvc/04","E4"
"9505","BECv10","ICHvc","ICHvc/04","D6"
"9506","BECv10","ICHvc","ICHvc/05","E6"
"9507","BECv10","ICHvc","ICHvc/05","E5"
"9508","BECv10","ICHvc","ICHvc/05","E4"
"9509","BECv10","ICHvc","ICHvc/05","D6"
"9510","BECv10","ICHvc","ICHvc/06","E7"
"9511","BECv10","ICHvc","ICHvc/06","E6"
"9512","BECv10","ICHvc","ICHvc/06","D7"
"9513","BECv10","ICHvc","ICHvc/06","D6"
"9514","BECv10","ICHvc","ICHvc/06","C7"
"9515","BECv10","ICHvc","ICHvc/06","C6"
"9516","Add_2021","ICHvc","ICHvc/Ro","A0"
"9517","Add_2021","ICHvc","ICHvc/Ro","B0"
"9542","BECv10","ICHvk1","ICHvk1/01","E5"
"9543","BECv10","ICHvk1","ICHvk1/01","E4"
"9544","BECv10","ICHvk1","ICHvk1/01","E3"
"9545","BECv10","ICHvk1","ICHvk1/01","D5"
"9546","BECv10","ICHvk1","ICHvk1/01","D4"
"9547","BECv10","ICHvk1","ICHvk1/01","D3"
"9548","BECv10","ICHvk1","ICHvk1/01","C5"
"9549","BECv10","ICHvk1","ICHvk1/01","C4"
"9550","BECv10","ICHvk1","ICHvk1/01","C3"
"9551","BECv10","ICHvk1","ICHvk1/01","B5"
"9552","BECv10","ICHvk1","ICHvk1/01","B4"
"9553","BECv10","ICHvk1","ICHvk1/01","B3"
"9554","BECv10","ICHvk1","ICHvk1/01","A5"
"9555","BECv10","ICHvk1","ICHvk1/01","A4"
"9556","BECv10","ICHvk1","ICHvk1/01","A3"
"9557","BECv10","ICHvk1","ICHvk1/02","D2"
"9558","BECv10","ICHvk1","ICHvk1/02","D1"
"9559","BECv10","ICHvk1","ICHvk1/02","D0"
"9560","BECv10","ICHvk1","ICHvk1/02","C2"
"9561","BECv10","ICHvk1","ICHvk1/02","C1"
"9562","BECv10","ICHvk1","ICHvk1/02","C0"
"9563","BECv10","ICHvk1","ICHvk1/02","B2"
"9564","BECv10","ICHvk1","ICHvk1/02","B1"
"9565","BECv10","ICHvk1","ICHvk1/02","B0"
"9566","BECv10","ICHvk1","ICHvk1/02","A2"
"9567","BECv10","ICHvk1","ICHvk1/02","A1"
"9568","BECv10","ICHvk1","ICHvk1/02","A0"
"9569","BECv10","ICHvk1","ICHvk1/03","D3"
"9570","BECv10","ICHvk1","ICHvk1/03","D2"
"9571","BECv10","ICHvk1","ICHvk1/03","C3"
"9572","BECv10","ICHvk1","ICHvk1/03","C2"
"9573","BECv10","ICHvk1","ICHvk1/03","B3"
"9574","BECv10","ICHvk1","ICHvk1/03","B2"
"9575","BECv10","ICHvk1","ICHvk1/03","A3"
"9576","BECv10","ICHvk1","ICHvk1/03","A2"
"9577","BECv10","ICHvk1","ICHvk1/04","D4"
"9578","BECv10","ICHvk1","ICHvk1/04","D3"
"9579","BECv10","ICHvk1","ICHvk1/04","C4"
"9580","BECv10","ICHvk1","ICHvk1/04","C3"
"9581","BECv10","ICHvk1","ICHvk1/04","B4"
"9582","BECv10","ICHvk1","ICHvk1/04","B3"
"9583","BECv10","ICHvk1","ICHvk1/04","A4"
"9584","BECv10","ICHvk1","ICHvk1/04","A3"
"9585","BECv10","ICHvk1","ICHvk1/05","E6"
"9586","BECv10","ICHvk1","ICHvk1/05","E5"
"9587","BECv10","ICHvk1","ICHvk1/05","D6"
"9588","BECv10","ICHvk1","ICHvk1/05","D5"
"9589","BECv10","ICHvk1","ICHvk1/05","C6"
"9590","BECv10","ICHvk1","ICHvk1/05","C5"
"9591","BECv10","ICHvk1","ICHvk1/05","B6"
"9592","BECv10","ICHvk1","ICHvk1/05","B5"
"9593","BECv10","ICHvk1","ICHvk1/05","A6"
"9594","BECv10","ICHvk1","ICHvk1/05","A5"
"9595","BECv10","ICHvk1","ICHvk1/06","E7"
"9596","BECv10","ICHvk1","ICHvk1/06","E6"
"9597","BECv10","ICHvk1","ICHvk1/06","D7"
"9598","BECv10","ICHvk1","ICHvk1/06","D6"
"9599","BECv10","ICHvk1","ICHvk1/06","C7"
"9600","BECv10","ICHvk1","ICHvk1/06","C6"
"9601","BECv10","ICHvk1","ICHvk1/06","B7"
"9602","BECv10","ICHvk1","ICHvk1/06","B6"
"9603","BECv10","ICHvk2","ICHvk2/01","D5"
"9604","BECv10","ICHvk2","ICHvk2/01","D4"
"9605","BECv10","ICHvk2","ICHvk2/01","C5"
"9606","BECv10","ICHvk2","ICHvk2/01","C4"
"9607","BECv10","ICHvk2","ICHvk2/01","B4"
"9608","BECv10","ICHvk2","ICHvk2/02","B1"
"9609","BECv10","ICHvk2","ICHvk2/02","A1"
"9610","BECv10","ICHvk2","ICHvk2/03","C2"
"9611","BECv10","ICHvk2","ICHvk2/03","C1"
"9612","BECv10","ICHvk2","ICHvk2/03","B2"
"9613","BECv10","ICHvk2","ICHvk2/03","B1"
"9614","BECv10","ICHvk2","ICHvk2/04","D3"
"9615","BECv10","ICHvk2","ICHvk2/04","C3"
"9616","BECv10","ICHvk2","ICHvk2/04","C2"
"9617","BECv10","ICHvk2","ICHvk2/04","B4"
"9618","BECv10","ICHvk2","ICHvk2/04","B3"
"9619","BECv10","ICHvk2","ICHvk2/05","D6"
"9620","BECv10","ICHvk2","ICHvk2/05","D5"
"9621","BECv10","ICHvk2","ICHvk2/05","C6"
"9622","BECv10","ICHvk2","ICHvk2/05","C5"
"9623","BECv10","ICHvk2","ICHvk2/06","D7"
"9624","BECv10","ICHvk2","ICHvk2/06","D6"
"9625","BECv10","ICHvk2","ICHvk2/07","C7"
"9626","BECv10","ICHvk2","ICHvk2/07","B7"
"9627","BECv10","ICHvk2","ICHvk2/07","A7"
"9628","Add_2021","ICHvk2","ICHvk2/Ro","A0"
"9629","Add_2021","ICHvk2","ICHvk2/Ro","B0"
"9630","BECv10","ICHwc","ICHwc/01","D4"
"9631","BECv10","ICHwc","ICHwc/01","C4"
"9632","BECv10","ICHwc","ICHwc/02","C1"
"9633","BECv10","ICHwc","ICHwc/02","B2"
"9634","BECv10","ICHwc","ICHwc/02","B1"
"9635","BECv10","ICHwc","ICHwc/02","A2"
"9636","BECv10","ICHwc","ICHwc/02","A1"
"9637","BECv10","ICHwc","ICHwc/03","C3"
"9638","BECv10","ICHwc","ICHwc/03","C2"
"9639","BECv10","ICHwc","ICHwc/03","B4"
"9640","BECv10","ICHwc","ICHwc/03","B3"
"9641","BECv10","ICHwc","ICHwc/04","E4"
"9642","BECv10","ICHwc","ICHwc/04","D5"
"9643","BECv10","ICHwc","ICHwc/04","D4"
"9644","BECv10","ICHwc","ICHwc/04","C5"
"9645","BECv10","ICHwc","ICHwc/05","E5"
"9646","BECv10","ICHwc","ICHwc/05","D5"
"9647","BECv10","ICHwc","ICHwc/05","C5"
"9648","BECv10","ICHwc","ICHwc/06","E6"
"9649","BECv10","ICHwc","ICHwc/06","E5"
"9650","BECv10","ICHwc","ICHwc/06","E4"
"9651","BECv10","ICHwc","ICHwc/07","B7"
"9652","BECv10","ICHwc","ICHwc/07","B6"
"9653","BECv10","ICHwc","ICHwc/07","B5"
"9654","BECv10","ICHwc","ICHwc/07","A6"
"9655","BECv10","ICHwc","ICHwc/07","A5"
"9656","BECv10","ICHwc","ICHwc/08","E7"
"9657","BECv10","ICHwc","ICHwc/08","E6"
"9658","BECv10","ICHwc","ICHwc/08","D7"
"9659","BECv10","ICHwc","ICHwc/08","D6"
"9660","BECv10","ICHwc","ICHwc/08","C7"
"9661","BECv10","ICHwc","ICHwc/08","C6"
"9662","Add_2021","ICHwc","ICHwc/Ro","A0"
"9663","Add_2021","ICHwc","ICHwc/Ro","B0"
"9664","BECv10","ICHwk1","ICHwk1/01","D4"
"9665","BECv10","ICHwk1","ICHwk1/01","D3"
"9666","BECv10","ICHwk1","ICHwk1/01","C4"
"9667","BECv10","ICHwk1","ICHwk1/01","C3"
"9668","BECv10","ICHwk1","ICHwk1/01","B4"
"9669","BECv10","ICHwk1","ICHwk1/01","B3"
"9670","BECv10","ICHwk1","ICHwk1/01","A4"
"9671","BECv10","ICHwk1","ICHwk1/01","A3"
"9672","BECv10","ICHwk1","ICHwk1/02","B2"
"9673","BECv10","ICHwk1","ICHwk1/02","B1"
"9674","BECv10","ICHwk1","ICHwk1/02","A2"
"9675","BECv10","ICHwk1","ICHwk1/02","A1"
"9676","BECv10","ICHwk1","ICHwk1/03","D2"
"9677","BECv10","ICHwk1","ICHwk1/03","D1"
"9678","BECv10","ICHwk1","ICHwk1/03","C2"
"9679","BECv10","ICHwk1","ICHwk1/03","C1"
"9680","BECv10","ICHwk1","ICHwk1/03","B2"
"9681","BECv10","ICHwk1","ICHwk1/03","B1"
"9682","BECv10","ICHwk1","ICHwk1/04","D3"
"9683","BECv10","ICHwk1","ICHwk1/04","D2"
"9684","BECv10","ICHwk1","ICHwk1/04","C3"
"9685","BECv10","ICHwk1","ICHwk1/04","C2"
"9686","BECv10","ICHwk1","ICHwk1/04","B3"
"9687","BECv10","ICHwk1","ICHwk1/04","B2"
"9688","BECv10","ICHwk1","ICHwk1/04","A3"
"9689","BECv10","ICHwk1","ICHwk1/04","A2"
"9690","BECv10","ICHwk1","ICHwk1/05","E6"
"9691","BECv10","ICHwk1","ICHwk1/05","E5"
"9692","BECv10","ICHwk1","ICHwk1/05","D6"
"9693","BECv10","ICHwk1","ICHwk1/05","D5"
"9694","BECv10","ICHwk1","ICHwk1/05","C6"
"9695","BECv10","ICHwk1","ICHwk1/05","C5"
"9696","BECv10","ICHwk1","ICHwk1/05","B6"
"9697","BECv10","ICHwk1","ICHwk1/05","B5"
"9698","BECv10","ICHwk1","ICHwk1/06","E6"
"9699","BECv10","ICHwk1","ICHwk1/06","E5"
"9700","BECv10","ICHwk1","ICHwk1/06","D6"
"9701","BECv10","ICHwk1","ICHwk1/06","D5"
"9702","BECv10","ICHwk1","ICHwk1/06","C6"
"9703","BECv10","ICHwk1","ICHwk1/06","C5"
"9704","BECv10","ICHwk1","ICHwk1/06","B6"
"9705","BECv10","ICHwk1","ICHwk1/06","B5"
"9706","BECv10","ICHwk1","ICHwk1/07","E7"
"9707","BECv10","ICHwk1","ICHwk1/07","E6"
"9708","BECv10","ICHwk1","ICHwk1/07","D7"
"9709","BECv10","ICHwk1","ICHwk1/07","D6"
"9710","BECv10","ICHwk1","ICHwk1/07","C7"
"9711","BECv10","ICHwk1","ICHwk1/07","C6"
"9712","BECv10","ICHwk1","ICHwk1/07","B7"
"9713","BECv10","ICHwk1","ICHwk1/07","B6"
"9714","BECv10","ICHwk1","ICHwk1/08","D7"
"9715","BECv10","ICHwk1","ICHwk1/08","C7"
"9716","BECv10","ICHwk1","ICHwk1/08","B7"
"9717","BECv10","ICHwk1","ICHwk1/08","B6"
"9718","BECv10","ICHwk1","ICHwk1/08","A7"
"9719","BECv10","ICHwk1","ICHwk1/08","A6"
"9720","Add_2021","ICHwk1","ICHwk1/Ro","A0"
"9721","Add_2021","ICHwk1","ICHwk1/Ro","B0"
"9722","BECv10","ICHwk2","ICHwk2/01","D5"
"9723","BECv10","ICHwk2","ICHwk2/01","D4"
"9724","BECv10","ICHwk2","ICHwk2/01","D3"
"9725","BECv10","ICHwk2","ICHwk2/01","C5"
"9726","BECv10","ICHwk2","ICHwk2/01","C4"
"9727","BECv10","ICHwk2","ICHwk2/01","B5"
"9728","BECv10","ICHwk2","ICHwk2/01","B4"
"9729","BECv10","ICHwk2","ICHwk2/01a","D4"
"9730","BECv10","ICHwk2","ICHwk2/01a","D3"
"9731","BECv10","ICHwk2","ICHwk2/01a","C4"
"9732","BECv10","ICHwk2","ICHwk2/01a","B4"
"9733","BECv10","ICHwk2","ICHwk2/01b","D5"
"9734","BECv10","ICHwk2","ICHwk2/01b","C5"
"9735","BECv10","ICHwk2","ICHwk2/01b","B5"
"9736","BECv10","ICHwk2","ICHwk2/02","B2"
"9737","BECv10","ICHwk2","ICHwk2/02","B1"
"9738","BECv10","ICHwk2","ICHwk2/02","A2"
"9739","BECv10","ICHwk2","ICHwk2/02","A1"
"9740","BECv10","ICHwk2","ICHwk2/03","D2"
"9741","BECv10","ICHwk2","ICHwk2/03","D1"
"9742","BECv10","ICHwk2","ICHwk2/03","C2"
"9743","BECv10","ICHwk2","ICHwk2/03","C1"
"9744","BECv10","ICHwk2","ICHwk2/04","D3"
"9745","BECv10","ICHwk2","ICHwk2/04","C3"
"9746","BECv10","ICHwk2","ICHwk2/04","B4"
"9747","BECv10","ICHwk2","ICHwk2/04","B3"
"9748","BECv10","ICHwk2","ICHwk2/04","B2"
"9749","BECv10","ICHwk2","ICHwk2/04","A3"
"9750","BECv10","ICHwk2","ICHwk2/04","A2"
"9751","BECv10","ICHwk2","ICHwk2/05","D5"
"9752","BECv10","ICHwk2","ICHwk2/05","C5"
"9753","BECv10","ICHwk2","ICHwk2/05","B5"
"9754","BECv10","ICHwk2","ICHwk2/06","D5"
"9755","BECv10","ICHwk2","ICHwk2/06","C5"
"9756","BECv10","ICHwk2","ICHwk2/06","B5"
"9757","BECv10","ICHwk2","ICHwk2/07","E5"
"9758","BECv10","ICHwk2","ICHwk2/07","D5"
"9759","BECv10","ICHwk2","ICHwk2/08","E7"
"9760","BECv10","ICHwk2","ICHwk2/08","E6"
"9761","BECv10","ICHwk2","ICHwk2/08","D7"
"9762","BECv10","ICHwk2","ICHwk2/08","D6"
"9763","BECv10","ICHwk2","ICHwk2/08","C7"
"9764","BECv10","ICHwk2","ICHwk2/08","C6"
"9765","Add_2021","ICHwk2","ICHwk2/Ro","A0"
"9766","Add_2021","ICHwk2","ICHwk2/Ro","B0"
"9767","BECv10","ICHwk3","ICHwk3/01","D5"
"9768","BECv10","ICHwk3","ICHwk3/01","D4"
"9769","BECv10","ICHwk3","ICHwk3/01","C5"
"9770","BECv10","ICHwk3","ICHwk3/01","C4"
"9771","BECv10","ICHwk3","ICHwk3/01","C3"
"9772","BECv10","ICHwk3","ICHwk3/01","B5"
"9773","BECv10","ICHwk3","ICHwk3/01","B4"
"9774","BECv10","ICHwk3","ICHwk3/01","B3"
"9775","BECv10","ICHwk3","ICHwk3/02","B1"
"9776","BECv10","ICHwk3","ICHwk3/02","A1"
"9777","BECv10","ICHwk3","ICHwk3/03","C2"
"9778","BECv10","ICHwk3","ICHwk3/03","B2"
"9779","BECv10","ICHwk3","ICHwk3/04","D3"
"9780","BECv10","ICHwk3","ICHwk3/04","D2"
"9781","BECv10","ICHwk3","ICHwk3/04","C3"
"9782","BECv10","ICHwk3","ICHwk3/04","C2"
"9783","BECv10","ICHwk3","ICHwk3/05","D5"
"9784","BECv10","ICHwk3","ICHwk3/05","C5"
"9785","BECv10","ICHwk3","ICHwk3/05","B5"
"9786","BECv10","ICHwk3","ICHwk3/06","E6"
"9787","BECv10","ICHwk3","ICHwk3/06","D6"
"9788","BECv10","ICHwk3","ICHwk3/06","C6"
"9789","BECv10","ICHwk3","ICHwk3/06","B6"
"9790","BECv10","ICHwk3","ICHwk3/07","C6"
"9791","BECv10","ICHwk3","ICHwk3/07","B6"
"9792","BECv10","ICHwk3","ICHwk3/08","C7"
"9793","BECv10","ICHwk3","ICHwk3/08","B7"
"9794","BECv10","ICHwk3","ICHwk3/08","A7"
"9795","BECv10","ICHwk3","ICHwk3/09","E7"
"9796","BECv10","ICHwk3","ICHwk3/09","D7"
"9797","Add_2021","ICHwk3","ICHwk3/Ro","A0"
"9798","Add_2021","ICHwk3","ICHwk3/Ro","B0"
"9799","BECv10","ICHwk4","ICHwk4/01","D5"
"9800","BECv10","ICHwk4","ICHwk4/01","D4"
"9801","BECv10","ICHwk4","ICHwk4/01","D3"
"9802","BECv10","ICHwk4","ICHwk4/01","C5"
"9803","BECv10","ICHwk4","ICHwk4/01","C4"
"9804","BECv10","ICHwk4","ICHwk4/01","B4"
"9805","BECv10","ICHwk4","ICHwk4/01a","D4"
"9806","BECv10","ICHwk4","ICHwk4/01a","D3"
"9807","BECv10","ICHwk4","ICHwk4/01a","C4"
"9808","BECv10","ICHwk4","ICHwk4/01a","B4"
"9809","BECv10","ICHwk4","ICHwk4/01b","D5"
"9810","BECv10","ICHwk4","ICHwk4/01b","C5"
"9811","BECv10","ICHwk4","ICHwk4/02","B2"
"9812","BECv10","ICHwk4","ICHwk4/02","B1"
"9813","BECv10","ICHwk4","ICHwk4/02","A2"
"9814","BECv10","ICHwk4","ICHwk4/02","A1"
"9815","BECv10","ICHwk4","ICHwk4/03","D2"
"9816","BECv10","ICHwk4","ICHwk4/03","D1"
"9817","BECv10","ICHwk4","ICHwk4/03","C2"
"9818","BECv10","ICHwk4","ICHwk4/03","C1"
"9819","BECv10","ICHwk4","ICHwk4/04","B3"
"9820","BECv10","ICHwk4","ICHwk4/04","B2"
"9821","BECv10","ICHwk4","ICHwk4/04","A3"
"9822","BECv10","ICHwk4","ICHwk4/04","A2"
"9823","BECv10","ICHwk4","ICHwk4/05","D3"
"9824","BECv10","ICHwk4","ICHwk4/05","C3"
"9825","BECv10","ICHwk4","ICHwk4/05","B4"
"9826","BECv10","ICHwk4","ICHwk4/05","B3"
"9827","BECv10","ICHwk4","ICHwk4/05","B2"
"9828","BECv10","ICHwk4","ICHwk4/06","C5"
"9829","BECv10","ICHwk4","ICHwk4/06","B5"
"9830","BECv10","ICHwk4","ICHwk4/07","E5"
"9831","BECv10","ICHwk4","ICHwk4/07","D5"
"9832","BECv10","ICHwk4","ICHwk4/07","C5"
"9833","BECv10","ICHwk4","ICHwk4/08","E7"
"9834","BECv10","ICHwk4","ICHwk4/08","E6"
"9835","BECv10","ICHwk4","ICHwk4/08","D7"
"9836","BECv10","ICHwk4","ICHwk4/08","D6"
"9837","BECv10","ICHwk4","ICHwk4/08","C7"
"9838","BECv10","ICHwk4","ICHwk4/08","C6"
"9839","Add_2021","ICHwk4","ICHwk4/Ro","A0"
"9840","Add_2021","ICHwk4","ICHwk4/Ro","B0"
"9841","USA_2023","ICHxh_ID","ICHxh_ID/101","D4"
"9842","USA_2023","ICHxh_ID","ICHxh_ID/101","D3"
"9843","USA_2023","ICHxh_ID","ICHxh_ID/101","C4"
"9844","USA_2023","ICHxh_ID","ICHxh_ID/101","C3"
"9845","USA_2023","ICHxh_ID","ICHxh_ID/101","B4"
"9846","USA_2023","ICHxh_ID","ICHxh_ID/101","B3"
"9847","USA_2023","ICHxh_ID","ICHxh_ID/102","D1"
"9848","USA_2023","ICHxh_ID","ICHxh_ID/102","C1"
"9849","USA_2023","ICHxh_ID","ICHxh_ID/102","B1"
"9850","USA_2023","ICHxh_ID","ICHxh_ID/102","A1"
"9851","USA_2023","ICHxh_ID","ICHxh_ID/103","D2"
"9852","USA_2023","ICHxh_ID","ICHxh_ID/103","C2"
"9853","USA_2023","ICHxh_ID","ICHxh_ID/103","B2"
"9854","USA_2023","ICHxh_ID","ICHxh_ID/103","A2"
"9855","USA_2023","ICHxh_ID","ICHxh_ID/110","C5"
"9856","USA_2023","ICHxh_ID","ICHxh_ID/110","B5"
"9857","USA_2023","ICHxh_ID","ICHxh_ID/111","C6"
"9858","USA_2023","ICHxh_ID","ICHxh_ID/111","B6"
"9859","USA_2023","ICHxh_ID","ICHxh_ID/112","E5"
"9860","USA_2023","ICHxh_ID","ICHxh_ID/112","D5"
"9861","USA_2023","ICHxh_ID","ICHxh_ID/113","E6"
"9862","USA_2023","ICHxh_ID","ICHxh_ID/113","D6"
"9863","USA_2023","ICHxh_ID","ICHxh_ID/Ro","A0"
"9864","USA_2023","ICHxh_ID","ICHxh_ID/Ro","B0"
"9865","BECv12","ICHxm1","ICHxm1/101","B4"
"9866","BECv12","ICHxm1","ICHxm1/101","C4"
"9867","BECv12","ICHxm1","ICHxm1/102","A1"
"9868","BECv12","ICHxm1","ICHxm1/102","B1"
"9869","BECv12","ICHxm1","ICHxm1/102","C1"
"9870","BECv12","ICHxm1","ICHxm1/103","B2"
"9871","BECv12","ICHxm1","ICHxm1/103","C2"
"9872","BECv12","ICHxm1","ICHxm1/104","B3"
"9873","BECv12","ICHxm1","ICHxm1/104","C3"
"9874","BECv12","ICHxm1","ICHxm1/104.1","B3"
"9875","BECv12","ICHxm1","ICHxm1/104.1","C3"
"9876","BECv12","ICHxm1","ICHxm1/104.2","B3"
"9877","BECv12","ICHxm1","ICHxm1/104.2","C3"
"9878","BECv12","ICHxm1","ICHxm1/110","C5"
"9879","BECv12","ICHxm1","ICHxm1/110","D5"
"9880","BECv12","ICHxm1","ICHxm1/110","B5"
"9881","BECv12","ICHxm1","ICHxm1/110","D4"
"9882","BECv12","ICHxm1","ICHxm1/111","C5"
"9883","BECv12","ICHxm1","ICHxm1/111","C6"
"9884","BECv12","ICHxm1","ICHxm1/111","D5"
"9885","BECv12","ICHxm1","ICHxm1/111","D6"
"9886","BECv12","ICHxm1","ICHxm1/112","B6"
"9887","BECv12","ICHxm1","ICHxm1/112","B7"
"9888","BECv12","ICHxm1","ICHxm1/112","C6"
"9889","BECv12","ICHxm1","ICHxm1/112","C7"
"9890","BECv12","ICHxm1","ICHxm1/112","D6"
"9891","BECv12","ICHxm1","ICHxm1/112","D7"
"9892","Add_2021","ICHxm1","ICHxm1/Ro","A0"
"9893","Add_2021","ICHxm1","ICHxm1/Ro","B0"
"9894","BECv10","ICHxw","ICHxw/101","D4"
"9895","BECv10","ICHxw","ICHxw/101","C4"
"9896","BECv10","ICHxw","ICHxw/101","B4"
"9897","BECv10","ICHxw","ICHxw/102","B1"
"9898","BECv10","ICHxw","ICHxw/102","A1"
"9899","BECv10","ICHxw","ICHxw/103","C2"
"9900","BECv10","ICHxw","ICHxw/103","B2"
"9901","BECv10","ICHxw","ICHxw/104","C3"
"9902","BECv10","ICHxw","ICHxw/104","C2"
"9903","BECv10","ICHxw","ICHxw/104","B3"
"9904","BECv10","ICHxw","ICHxw/110","D5"
"9905","BECv10","ICHxw","ICHxw/110","D4"
"9906","BECv10","ICHxw","ICHxw/110","C5"
"9907","BECv10","ICHxw","ICHxw/111","D6"
"9908","BECv10","ICHxw","ICHxw/111","D5"
"9909","BECv10","ICHxw","ICHxw/111","C6"
"9910","BECv10","ICHxw","ICHxw/111","C5"
"9911","BECv10","ICHxw","ICHxw/112","D7"
"9912","BECv10","ICHxw","ICHxw/112","D6"
"9913","BECv10","ICHxw","ICHxw/112","C7"
"9914","BECv10","ICHxw","ICHxw/112","C6"
"9915","BECv10","ICHxw","ICHxw/113","E7"
"9916","BECv10","ICHxw","ICHxw/113","E6"
"9917","BECv10","ICHxw","ICHxw/113","D7"
"9918","BECv10","ICHxw","ICHxw/113","D6"
"9919","BECv12","ICHxw","ICHxw/Fm01","E5"
"9920","BECv12","ICHxw","ICHxw/Fm01","E6"
"9921","Add_2021","ICHxw","ICHxw/Ro","A0"
"9922","Add_2021","ICHxw","ICHxw/Ro","B0"
"9923","USA_2024","ICHxw_ID","ICHxw_ID/101","D4"
"9924","USA_2024","ICHxw_ID","ICHxw_ID/101","D3"
"9925","USA_2024","ICHxw_ID","ICHxw_ID/101","C4"
"9926","USA_2024","ICHxw_ID","ICHxw_ID/101","C3"
"9927","USA_2024","ICHxw_ID","ICHxw_ID/101","B4"
"9928","USA_2024","ICHxw_ID","ICHxw_ID/101","B3"
"9929","USA_2024","ICHxw_ID","ICHxw_ID/102","D1"
"9930","USA_2024","ICHxw_ID","ICHxw_ID/102","C1"
"9931","USA_2024","ICHxw_ID","ICHxw_ID/102","B1"
"9932","USA_2024","ICHxw_ID","ICHxw_ID/102","A1"
"9933","USA_2024","ICHxw_ID","ICHxw_ID/103","D2"
"9934","USA_2024","ICHxw_ID","ICHxw_ID/103","C2"
"9935","USA_2024","ICHxw_ID","ICHxw_ID/103","B2"
"9936","USA_2024","ICHxw_ID","ICHxw_ID/103","A2"
"9937","USA_2024","ICHxw_ID","ICHxw_ID/110","C5"
"9938","USA_2024","ICHxw_ID","ICHxw_ID/110","B5"
"9939","USA_2024","ICHxw_ID","ICHxw_ID/111","C6"
"9940","USA_2024","ICHxw_ID","ICHxw_ID/111","B6"
"9941","USA_2024","ICHxw_ID","ICHxw_ID/112","E5"
"9942","USA_2024","ICHxw_ID","ICHxw_ID/112","D5"
"9943","USA_2024","ICHxw_ID","ICHxw_ID/113","E6"
"9944","USA_2024","ICHxw_ID","ICHxw_ID/113","D6"
"9945","USA_2024","ICHxw_ID","ICHxw_ID/Ro","A0"
"9946","USA_2024","ICHxw_ID","ICHxw_ID/Ro","B0"
"9947","USA_2019","ICHxw_WA","ICHxw_WA/101","D4"
"9948","USA_2019","ICHxw_WA","ICHxw_WA/101","D3"
"9949","USA_2019","ICHxw_WA","ICHxw_WA/101","C4"
"9950","USA_2019","ICHxw_WA","ICHxw_WA/101","C3"
"9951","USA_2019","ICHxw_WA","ICHxw_WA/101","B4"
"9952","USA_2019","ICHxw_WA","ICHxw_WA/101","B3"
"9953","USA_2019","ICHxw_WA","ICHxw_WA/102","D1"
"9954","USA_2019","ICHxw_WA","ICHxw_WA/102","C1"
"9955","USA_2019","ICHxw_WA","ICHxw_WA/102","B1"
"9956","USA_2019","ICHxw_WA","ICHxw_WA/102","A1"
"9957","USA_2019","ICHxw_WA","ICHxw_WA/103","D2"
"9958","USA_2019","ICHxw_WA","ICHxw_WA/103","C2"
"9959","USA_2019","ICHxw_WA","ICHxw_WA/103","B2"
"9960","USA_2019","ICHxw_WA","ICHxw_WA/103","A2"
"9961","USA_2019","ICHxw_WA","ICHxw_WA/110","C5"
"9962","USA_2019","ICHxw_WA","ICHxw_WA/110","B5"
"9963","USA_2019","ICHxw_WA","ICHxw_WA/111","C6"
"9964","USA_2019","ICHxw_WA","ICHxw_WA/111","B6"
"9965","USA_2019","ICHxw_WA","ICHxw_WA/112","E5"
"9966","USA_2019","ICHxw_WA","ICHxw_WA/112","D5"
"9967","USA_2019","ICHxw_WA","ICHxw_WA/113","E6"
"9968","USA_2019","ICHxw_WA","ICHxw_WA/113","D6"
"9969","Add_2021","ICHxw_WA","ICHxw_WA/Ro","A0"
"9970","Add_2021","ICHxw_WA","ICHxw_WA/Ro","B0"
"9971","BECv10","ICHxwa","ICHxwa/101","D4"
"9972","BECv10","ICHxwa","ICHxwa/101","C4"
"9973","BECv10","ICHxwa","ICHxwa/101","B4"
"9974","BECv10","ICHxwa","ICHxwa/102","B1"
"9975","BECv10","ICHxwa","ICHxwa/102","A1"
"9976","BECv10","ICHxwa","ICHxwa/103","C2"
"9977","BECv10","ICHxwa","ICHxwa/103","B2"
"9978","BECv10","ICHxwa","ICHxwa/104","C3"
"9979","BECv10","ICHxwa","ICHxwa/104","C2"
"9980","BECv10","ICHxwa","ICHxwa/104","B3"
"9981","BECv10","ICHxwa","ICHxwa/110","D5"
"9982","BECv10","ICHxwa","ICHxwa/110","D4"
"9983","BECv10","ICHxwa","ICHxwa/110","C5"
"9984","BECv10","ICHxwa","ICHxwa/111","D6"
"9985","BECv10","ICHxwa","ICHxwa/111","D5"
"9986","BECv10","ICHxwa","ICHxwa/111","C6"
"9987","BECv10","ICHxwa","ICHxwa/111","C5"
"9988","BECv10","ICHxwa","ICHxwa/112","D7"
"9989","BECv10","ICHxwa","ICHxwa/112","D6"
"9990","BECv10","ICHxwa","ICHxwa/112","C7"
"9991","BECv10","ICHxwa","ICHxwa/112","C6"
"9992","BECv10","ICHxwa","ICHxwa/113","E7"
"9993","BECv10","ICHxwa","ICHxwa/113","E6"
"9994","BECv10","ICHxwa","ICHxwa/113","D7"
"9995","BECv10","ICHxwa","ICHxwa/113","D6"
"9996","BECv12","ICHxwa","ICHxwa/Fm01","E5"
"9997","BECv12","ICHxwa","ICHxwa/Fm01","E6"
"9998","Add_2021","ICHxwa","ICHxwa/Ro","A0"
"9999","Add_2021","ICHxwa","ICHxwa/Ro","B0"
"10000","BECv10","IDFdc","IDFdc/01","D4"
"10001","BECv10","IDFdc","IDFdc/01","D3"
"10002","BECv10","IDFdc","IDFdc/01","C4"
"10003","BECv10","IDFdc","IDFdc/01","C3"
"10004","BECv10","IDFdc","IDFdc/01","B4"
"10005","BECv10","IDFdc","IDFdc/01","B3"
"10006","BECv10","IDFdc","IDFdc/01","A4"
"10007","BECv10","IDFdc","IDFdc/01","A3"
"10008","BECv10","IDFdc","IDFdc/02","D2"
"10009","BECv10","IDFdc","IDFdc/02","D1"
"10010","BECv10","IDFdc","IDFdc/02","D0"
"10011","BECv10","IDFdc","IDFdc/02","C2"
"10012","BECv10","IDFdc","IDFdc/02","C1"
"10013","BECv10","IDFdc","IDFdc/02","C0"
"10014","BECv10","IDFdc","IDFdc/02","B2"
"10015","BECv10","IDFdc","IDFdc/02","B1"
"10016","BECv10","IDFdc","IDFdc/02","B0"
"10017","BECv10","IDFdc","IDFdc/02","A2"
"10018","BECv10","IDFdc","IDFdc/02","A1"
"10019","BECv10","IDFdc","IDFdc/02","A0"
"10020","BECv10","IDFdc","IDFdc/03","D4"
"10021","BECv10","IDFdc","IDFdc/03","D3"
"10022","BECv10","IDFdc","IDFdc/03","D2"
"10023","BECv10","IDFdc","IDFdc/03","C4"
"10024","BECv10","IDFdc","IDFdc/03","C3"
"10025","BECv10","IDFdc","IDFdc/03","C2"
"10026","BECv10","IDFdc","IDFdc/03","B3"
"10027","BECv10","IDFdc","IDFdc/03","B2"
"10028","BECv10","IDFdc","IDFdc/03","A3"
"10029","BECv10","IDFdc","IDFdc/03","A2"
"10030","BECv10","IDFdc","IDFdc/04","E5"
"10031","BECv10","IDFdc","IDFdc/04","E4"
"10032","BECv10","IDFdc","IDFdc/04","D5"
"10033","BECv10","IDFdc","IDFdc/04","D4"
"10034","BECv10","IDFdc","IDFdc/04","C5"
"10035","BECv10","IDFdc","IDFdc/04","C4"
"10036","BECv10","IDFdc","IDFdc/04","B5"
"10037","BECv10","IDFdc","IDFdc/04","B4"
"10038","BECv10","IDFdc","IDFdc/04","A5"
"10039","BECv10","IDFdc","IDFdc/04","A4"
"10040","BECv10","IDFdc","IDFdc/05","E6"
"10041","BECv10","IDFdc","IDFdc/05","E5"
"10042","BECv10","IDFdc","IDFdc/05","D6"
"10043","BECv10","IDFdc","IDFdc/05","D5"
"10044","BECv10","IDFdc","IDFdc/05","C6"
"10045","BECv10","IDFdc","IDFdc/05","C5"
"10046","BECv10","IDFdc","IDFdc/05","B5"
"10047","BECv10","IDFdc","IDFdc/06","E7"
"10048","BECv10","IDFdc","IDFdc/06","E6"
"10049","BECv10","IDFdc","IDFdc/06","D6"
"10050","BECv10","IDFdc","IDFdc/06","C6"
"10051","BECv10","IDFdc","IDFdc/06","C5"
"10052","BECv10","IDFdc","IDFdc/06","B6"
"10053","BECv10","IDFdc","IDFdc/06","B5"
"10054","BECv10","IDFdc","IDFdc/07","E7"
"10055","BECv10","IDFdc","IDFdc/07","D7"
"10056","BECv10","IDFdc","IDFdc/07","D6"
"10057","BECv10","IDFdc","IDFdc/07","C7"
"10058","BECv10","IDFdc","IDFdc/07","C6"
"10059","BECv10","IDFdc","IDFdc/07","B7"
"10060","BECv10","IDFdc","IDFdc/07","B6"
"10061","BECv10","IDFdc","IDFdc/08","E7"
"10062","BECv10","IDFdc","IDFdc/08","D7"
"10063","BECv10","IDFdc","IDFdc/08","C7"
"10064","BECv10","IDFdc","IDFdc/08","B7"
"10065","BECv10","IDFdc","IDFdc/Gg","D1"
"10066","BECv10","IDFdc","IDFdc/Gg","C1"
"10067","BECv12","IDFdh","IDFdh/101","D4"
"10068","BECv12","IDFdh","IDFdh/101","C4"
"10069","BECv12","IDFdh","IDFdh/101","B4"
"10070","BECv12","IDFdh","IDFdh/102","C1"
"10071","BECv12","IDFdh","IDFdh/102","B1"
"10072","BECv12","IDFdh","IDFdh/102","A1"
"10073","BECv12","IDFdh","IDFdh/103","D2"
"10074","BECv12","IDFdh","IDFdh/103","C2"
"10075","BECv12","IDFdh","IDFdh/103","B2"
"10076","BECv12","IDFdh","IDFdh/104","D3"
"10077","BECv12","IDFdh","IDFdh/104","C3"
"10078","BECv12","IDFdh","IDFdh/104","B3"
"10079","BECv12","IDFdh","IDFdh/110","D5"
"10080","BECv12","IDFdh","IDFdh/110","C5"
"10081","BECv12","IDFdh","IDFdh/111","D6"
"10082","BECv12","IDFdh","IDFdh/111","D5"
"10083","BECv12","IDFdh","IDFdh/111","C6"
"10084","BECv12","IDFdh","IDFdh/111","C5"
"10085","BECv12","IDFdh","IDFdh/Fm01","E6"
"10086","BECv12","IDFdh","IDFdh/Fm01","E5"
"10087","BECv12","IDFdh","IDFdh/Fm05","E6"
"10088","BECv12","IDFdh","IDFdh/Fm05","E5"
"10089","Add_2021","IDFdh","IDFdh/Ro","A0"
"10090","Add_2021","IDFdh","IDFdh/Ro","B0"
"10091","USA_2019","IDFdh_MT","IDFdh_MT/101","D4"
"10092","USA_2019","IDFdh_MT","IDFdh_MT/101","D3"
"10093","USA_2019","IDFdh_MT","IDFdh_MT/101","C4"
"10094","USA_2019","IDFdh_MT","IDFdh_MT/101","C3"
"10095","USA_2019","IDFdh_MT","IDFdh_MT/101","B4"
"10096","USA_2019","IDFdh_MT","IDFdh_MT/101","B3"
"10097","USA_2019","IDFdh_MT","IDFdh_MT/102","D1"
"10098","USA_2019","IDFdh_MT","IDFdh_MT/102","C1"
"10099","USA_2019","IDFdh_MT","IDFdh_MT/102","B1"
"10100","USA_2019","IDFdh_MT","IDFdh_MT/102","A1"
"10101","USA_2019","IDFdh_MT","IDFdh_MT/103","D2"
"10102","USA_2019","IDFdh_MT","IDFdh_MT/103","C2"
"10103","USA_2019","IDFdh_MT","IDFdh_MT/103","B2"
"10104","USA_2019","IDFdh_MT","IDFdh_MT/103","A2"
"10105","USA_2019","IDFdh_MT","IDFdh_MT/110","C5"
"10106","USA_2019","IDFdh_MT","IDFdh_MT/110","B5"
"10107","USA_2019","IDFdh_MT","IDFdh_MT/111","C6"
"10108","USA_2019","IDFdh_MT","IDFdh_MT/111","B6"
"10109","USA_2019","IDFdh_MT","IDFdh_MT/112","E5"
"10110","USA_2019","IDFdh_MT","IDFdh_MT/112","D5"
"10111","USA_2019","IDFdh_MT","IDFdh_MT/113","E6"
"10112","USA_2019","IDFdh_MT","IDFdh_MT/113","D6"
"10113","Add_2021","IDFdh_MT","IDFdh_MT/Ro","A0"
"10114","Add_2021","IDFdh_MT","IDFdh_MT/Ro","B0"
"10115","USA_2019","IDFdh_UT","IDFdh_UT/101","D4"
"10116","USA_2019","IDFdh_UT","IDFdh_UT/101","D3"
"10117","USA_2019","IDFdh_UT","IDFdh_UT/101","C4"
"10118","USA_2019","IDFdh_UT","IDFdh_UT/101","C3"
"10119","USA_2019","IDFdh_UT","IDFdh_UT/101","B4"
"10120","USA_2019","IDFdh_UT","IDFdh_UT/101","B3"
"10121","USA_2019","IDFdh_UT","IDFdh_UT/102","D2"
"10122","USA_2019","IDFdh_UT","IDFdh_UT/102","C2"
"10123","USA_2019","IDFdh_UT","IDFdh_UT/102","B2"
"10124","USA_2019","IDFdh_UT","IDFdh_UT/102","A2"
"10125","USA_2019","IDFdh_UT","IDFdh_UT/110","C5"
"10126","USA_2019","IDFdh_UT","IDFdh_UT/110","B5"
"10127","USA_2019","IDFdh_UT","IDFdh_UT/111","C6"
"10128","USA_2019","IDFdh_UT","IDFdh_UT/111","B6"
"10129","USA_2019","IDFdh_UT","IDFdh_UT/112","E5"
"10130","USA_2019","IDFdh_UT","IDFdh_UT/112","D5"
"10131","USA_2019","IDFdh_UT","IDFdh_UT/113","E6"
"10132","USA_2019","IDFdh_UT","IDFdh_UT/113","D6"
"10133","USA_2019","IDFdh_UT","IDFdh_UT/Gg","D1"
"10134","USA_2019","IDFdh_UT","IDFdh_UT/Gg","C1"
"10135","USA_2019","IDFdh_UT","IDFdh_UT/Gg","B1"
"10136","USA_2019","IDFdh_UT","IDFdh_UT/Gg","A1"
"10137","Add_2021","IDFdh_UT","IDFdh_UT/Ro","A0"
"10138","Add_2021","IDFdh_UT","IDFdh_UT/Ro","B0"
"10139","USA_2019","IDFdh_WA","IDFdh_WA/101","D4"
"10140","USA_2019","IDFdh_WA","IDFdh_WA/101","D3"
"10141","USA_2019","IDFdh_WA","IDFdh_WA/101","C4"
"10142","USA_2019","IDFdh_WA","IDFdh_WA/101","C3"
"10143","USA_2019","IDFdh_WA","IDFdh_WA/101","B4"
"10144","USA_2019","IDFdh_WA","IDFdh_WA/101","B3"
"10145","USA_2019","IDFdh_WA","IDFdh_WA/101","A4"
"10146","USA_2019","IDFdh_WA","IDFdh_WA/101","A3"
"10147","USA_2019","IDFdh_WA","IDFdh_WA/102","D1"
"10148","USA_2019","IDFdh_WA","IDFdh_WA/102","C1"
"10149","USA_2019","IDFdh_WA","IDFdh_WA/102","B1"
"10150","USA_2019","IDFdh_WA","IDFdh_WA/102","A1"
"10151","USA_2019","IDFdh_WA","IDFdh_WA/103","D2"
"10152","USA_2019","IDFdh_WA","IDFdh_WA/103","C2"
"10153","USA_2019","IDFdh_WA","IDFdh_WA/103","B2"
"10154","USA_2019","IDFdh_WA","IDFdh_WA/103","A2"
"10155","USA_2019","IDFdh_WA","IDFdh_WA/110","C5"
"10156","USA_2019","IDFdh_WA","IDFdh_WA/110","B5"
"10157","USA_2019","IDFdh_WA","IDFdh_WA/111","C6"
"10158","USA_2019","IDFdh_WA","IDFdh_WA/111","B6"
"10159","USA_2019","IDFdh_WA","IDFdh_WA/112","E5"
"10160","USA_2019","IDFdh_WA","IDFdh_WA/112","D5"
"10161","USA_2019","IDFdh_WA","IDFdh_WA/113","E6"
"10162","USA_2019","IDFdh_WA","IDFdh_WA/113","D6"
"10163","Add_2021","IDFdh_WA","IDFdh_WA/Ro","A0"
"10164","Add_2021","IDFdh_WA","IDFdh_WA/Ro","B0"
"10165","USA_2019","IDFdk_MT","IDFdk_MT/101","D4"
"10166","USA_2019","IDFdk_MT","IDFdk_MT/101","D3"
"10167","USA_2019","IDFdk_MT","IDFdk_MT/101","C4"
"10168","USA_2019","IDFdk_MT","IDFdk_MT/101","C3"
"10169","USA_2019","IDFdk_MT","IDFdk_MT/101","B4"
"10170","USA_2019","IDFdk_MT","IDFdk_MT/101","B3"
"10171","USA_2019","IDFdk_MT","IDFdk_MT/102","D1"
"10172","USA_2019","IDFdk_MT","IDFdk_MT/102","C1"
"10173","USA_2019","IDFdk_MT","IDFdk_MT/102","B1"
"10174","USA_2019","IDFdk_MT","IDFdk_MT/102","A1"
"10175","USA_2019","IDFdk_MT","IDFdk_MT/103","D2"
"10176","USA_2019","IDFdk_MT","IDFdk_MT/103","C2"
"10177","USA_2019","IDFdk_MT","IDFdk_MT/103","B2"
"10178","USA_2019","IDFdk_MT","IDFdk_MT/103","A2"
"10179","USA_2019","IDFdk_MT","IDFdk_MT/110","C5"
"10180","USA_2019","IDFdk_MT","IDFdk_MT/110","B5"
"10181","USA_2019","IDFdk_MT","IDFdk_MT/111","C6"
"10182","USA_2019","IDFdk_MT","IDFdk_MT/111","B6"
"10183","USA_2019","IDFdk_MT","IDFdk_MT/112","E5"
"10184","USA_2019","IDFdk_MT","IDFdk_MT/112","D5"
"10185","USA_2019","IDFdk_MT","IDFdk_MT/113","E6"
"10186","USA_2019","IDFdk_MT","IDFdk_MT/113","D6"
"10187","Add_2021","IDFdk_MT","IDFdk_MT/Ro","A0"
"10188","Add_2021","IDFdk_MT","IDFdk_MT/Ro","B0"
"10189","USA_2019","IDFdk_WA","IDFdk_WA/101","D4"
"10190","USA_2019","IDFdk_WA","IDFdk_WA/101","D3"
"10191","USA_2019","IDFdk_WA","IDFdk_WA/101","C4"
"10192","USA_2019","IDFdk_WA","IDFdk_WA/101","C3"
"10193","USA_2019","IDFdk_WA","IDFdk_WA/101","B4"
"10194","USA_2019","IDFdk_WA","IDFdk_WA/101","B3"
"10195","USA_2019","IDFdk_WA","IDFdk_WA/102","D1"
"10196","USA_2019","IDFdk_WA","IDFdk_WA/102","C1"
"10197","USA_2019","IDFdk_WA","IDFdk_WA/102","B1"
"10198","USA_2019","IDFdk_WA","IDFdk_WA/102","A1"
"10199","USA_2019","IDFdk_WA","IDFdk_WA/103","D2"
"10200","USA_2019","IDFdk_WA","IDFdk_WA/103","C2"
"10201","USA_2019","IDFdk_WA","IDFdk_WA/103","B2"
"10202","USA_2019","IDFdk_WA","IDFdk_WA/103","A2"
"10203","USA_2019","IDFdk_WA","IDFdk_WA/110","C5"
"10204","USA_2019","IDFdk_WA","IDFdk_WA/110","B5"
"10205","USA_2019","IDFdk_WA","IDFdk_WA/111","C6"
"10206","USA_2019","IDFdk_WA","IDFdk_WA/111","B6"
"10207","USA_2019","IDFdk_WA","IDFdk_WA/112","E5"
"10208","USA_2019","IDFdk_WA","IDFdk_WA/112","D5"
"10209","USA_2019","IDFdk_WA","IDFdk_WA/113","E6"
"10210","USA_2019","IDFdk_WA","IDFdk_WA/113","D6"
"10211","Add_2021","IDFdk_WA","IDFdk_WA/Ro","A0"
"10212","Add_2021","IDFdk_WA","IDFdk_WA/Ro","B0"
"10213","BECv12","IDFdk1","IDFdk1/101","D4"
"10214","BECv12","IDFdk1","IDFdk1/101","D3"
"10215","BECv12","IDFdk1","IDFdk1/101","C4"
"10216","BECv12","IDFdk1","IDFdk1/101","C3"
"10217","BECv12","IDFdk1","IDFdk1/101","B4"
"10218","BECv12","IDFdk1","IDFdk1/101","B3"
"10219","BECv12","IDFdk1","IDFdk1/102","C1"
"10220","BECv12","IDFdk1","IDFdk1/102","C0"
"10221","BECv12","IDFdk1","IDFdk1/102","B1"
"10222","BECv12","IDFdk1","IDFdk1/102","A1"
"10223","BECv12","IDFdk1","IDFdk1/103","D2"
"10224","BECv12","IDFdk1","IDFdk1/103","C2"
"10225","BECv12","IDFdk1","IDFdk1/103","B2"
"10226","BECv12","IDFdk1","IDFdk1/104","D3"
"10227","BECv12","IDFdk1","IDFdk1/104","D2"
"10228","BECv12","IDFdk1","IDFdk1/104","C3"
"10229","BECv12","IDFdk1","IDFdk1/104","C2"
"10230","BECv12","IDFdk1","IDFdk1/104","B3"
"10231","BECv12","IDFdk1","IDFdk1/104","B2"
"10232","BECv12","IDFdk1","IDFdk1/105","D4"
"10233","BECv12","IDFdk1","IDFdk1/105","D3"
"10234","BECv12","IDFdk1","IDFdk1/105","C4"
"10235","BECv12","IDFdk1","IDFdk1/105","C3"
"10236","BECv12","IDFdk1","IDFdk1/105","B4"
"10237","BECv12","IDFdk1","IDFdk1/105","B3"
"10238","BECv12","IDFdk1","IDFdk1/110","E5"
"10239","BECv12","IDFdk1","IDFdk1/110","D5"
"10240","BECv12","IDFdk1","IDFdk1/111","D5"
"10241","BECv12","IDFdk1","IDFdk1/111","C5"
"10242","BECv12","IDFdk1","IDFdk1/Fm02","E7"
"10243","BECv12","IDFdk1","IDFdk1/Fm02","E6"
"10244","BECv12","IDFdk1","IDFdk1/Fm02","D7"
"10245","BECv12","IDFdk1","IDFdk1/Fm02","D6"
"10246","BECv12","IDFdk1","IDFdk1/Fm02","C7"
"10247","BECv12","IDFdk1","IDFdk1/Fm02","C6"
"10248","BECv12","IDFdk1","IDFdk1/Fm05","E7"
"10249","BECv12","IDFdk1","IDFdk1/Fm05","E6"
"10250","BECv12","IDFdk1","IDFdk1/Fm05","D7"
"10251","BECv12","IDFdk1","IDFdk1/Fm05","D6"
"10252","BECv12","IDFdk1","IDFdk1/Fm05","C7"
"10253","BECv12","IDFdk1","IDFdk1/Fm05","C6"
"10254","BECv10","IDFdk1","IDFdk1/Gg1","C1"
"10255","BECv10","IDFdk1","IDFdk1/Gg1","B1"
"10256","BECv10","IDFdk1","IDFdk1/Gg2","E4"
"10257","BECv10","IDFdk1","IDFdk1/Gg2","E3"
"10258","BECv10","IDFdk1","IDFdk1/Gg2","D4"
"10259","BECv10","IDFdk1","IDFdk1/Gg2","D3"
"10260","BECv10","IDFdk1","IDFdk1/Gg2","C4"
"10261","BECv10","IDFdk1","IDFdk1/Gg2","C3"
"10262","BECv10","IDFdk1","IDFdk1/Gg2","C2"
"10263","BECv10","IDFdk1","IDFdk1/Gg2","B3"
"10264","BECv10","IDFdk1","IDFdk1/Gg2","B2"
"10265","Add_2021","IDFdk1","IDFdk1/Ro","A0"
"10266","Add_2021","IDFdk1","IDFdk1/Ro","B0"
"10267","BECv12","IDFdk2","IDFdk2/101","D4"
"10268","BECv12","IDFdk2","IDFdk2/101","D3"
"10269","BECv12","IDFdk2","IDFdk2/101","C4"
"10270","BECv12","IDFdk2","IDFdk2/101","C3"
"10271","BECv12","IDFdk2","IDFdk2/101","B4"
"10272","BECv12","IDFdk2","IDFdk2/101","B3"
"10273","BECv12","IDFdk2","IDFdk2/102","C1"
"10274","BECv12","IDFdk2","IDFdk2/102","B1"
"10275","BECv12","IDFdk2","IDFdk2/102","A1"
"10276","BECv12","IDFdk2","IDFdk2/103","D2"
"10277","BECv12","IDFdk2","IDFdk2/103","D1"
"10278","BECv12","IDFdk2","IDFdk2/103","C2"
"10279","BECv12","IDFdk2","IDFdk2/103","C1"
"10280","BECv12","IDFdk2","IDFdk2/103","B2"
"10281","BECv12","IDFdk2","IDFdk2/104","D3"
"10282","BECv12","IDFdk2","IDFdk2/104","D2"
"10283","BECv12","IDFdk2","IDFdk2/104","C3"
"10284","BECv12","IDFdk2","IDFdk2/104","C2"
"10285","BECv12","IDFdk2","IDFdk2/104","B3"
"10286","BECv12","IDFdk2","IDFdk2/104","B2"
"10287","BECv12","IDFdk2","IDFdk2/105","D4"
"10288","BECv12","IDFdk2","IDFdk2/105","D3"
"10289","BECv12","IDFdk2","IDFdk2/105","C4"
"10290","BECv12","IDFdk2","IDFdk2/105","C3"
"10291","BECv12","IDFdk2","IDFdk2/105","B4"
"10292","BECv12","IDFdk2","IDFdk2/105","B3"
"10293","BECv12","IDFdk2","IDFdk2/110","D5"
"10294","BECv12","IDFdk2","IDFdk2/110","C5"
"10295","BECv12","IDFdk2","IDFdk2/111","E7"
"10296","BECv12","IDFdk2","IDFdk2/111","D7"
"10297","BECv12","IDFdk2","IDFdk2/111","C7"
"10298","BECv12","IDFdk2","IDFdk2/111","C6"
"10299","BECv12","IDFdk2","IDFdk2/Fm02","E6"
"10300","BECv12","IDFdk2","IDFdk2/Fm02","E5"
"10301","BECv12","IDFdk2","IDFdk2/Fm02","D6"
"10302","BECv10","IDFdk2","IDFdk2/Gg","D1"
"10303","BECv10","IDFdk2","IDFdk2/Gg","C1"
"10304","BECv10","IDFdk2","IDFdk2/Gg","B1"
"10305","BECv10","IDFdk3","IDFdk3/01","D4"
"10306","BECv10","IDFdk3","IDFdk3/01","C4"
"10307","BECv10","IDFdk3","IDFdk3/01","B4"
"10308","BECv10","IDFdk3","IDFdk3/02","B1"
"10309","BECv10","IDFdk3","IDFdk3/02","A1"
"10310","BECv10","IDFdk3","IDFdk3/03","D1"
"10311","BECv10","IDFdk3","IDFdk3/03","C1"
"10312","BECv10","IDFdk3","IDFdk3/04","D2"
"10313","BECv10","IDFdk3","IDFdk3/04","C2"
"10314","BECv10","IDFdk3","IDFdk3/05","C3"
"10315","BECv10","IDFdk3","IDFdk3/05","C2"
"10316","BECv10","IDFdk3","IDFdk3/05","B3"
"10317","BECv10","IDFdk3","IDFdk3/05","B2"
"10318","BECv10","IDFdk3","IDFdk3/05","A3"
"10319","BECv10","IDFdk3","IDFdk3/05","A2"
"10320","BECv10","IDFdk3","IDFdk3/06","D3"
"10321","BECv10","IDFdk3","IDFdk3/06","C3"
"10322","BECv10","IDFdk3","IDFdk3/07","D5"
"10323","BECv10","IDFdk3","IDFdk3/07","C5"
"10324","BECv10","IDFdk3","IDFdk3/08","E5"
"10325","BECv10","IDFdk3","IDFdk3/08","D5"
"10326","BECv10","IDFdk3","IDFdk3/09","E7"
"10327","BECv10","IDFdk3","IDFdk3/09","E6"
"10328","BECv10","IDFdk3","IDFdk3/09","D7"
"10329","BECv10","IDFdk3","IDFdk3/09","D6"
"10330","BECv10","IDFdk3","IDFdk3/09","C7"
"10331","BECv10","IDFdk3","IDFdk3/09","C6"
"10332","BECv10","IDFdk3","IDFdk3/09","B7"
"10333","BECv10","IDFdk3","IDFdk3/09","B6"
"10334","Add_2021","IDFdk3","IDFdk3/Ro","A0"
"10335","Add_2021","IDFdk3","IDFdk3/Ro","B0"
"10336","BECv10","IDFdk4","IDFdk4/01","D4"
"10337","BECv10","IDFdk4","IDFdk4/01","D3"
"10338","BECv10","IDFdk4","IDFdk4/01","C4"
"10339","BECv10","IDFdk4","IDFdk4/01","B4"
"10340","BECv10","IDFdk4","IDFdk4/02","D1"
"10341","BECv10","IDFdk4","IDFdk4/02","C1"
"10342","BECv10","IDFdk4","IDFdk4/02","B1"
"10343","BECv10","IDFdk4","IDFdk4/02","A1"
"10344","BECv10","IDFdk4","IDFdk4/03","B2"
"10345","BECv10","IDFdk4","IDFdk4/03","B1"
"10346","BECv10","IDFdk4","IDFdk4/03","A2"
"10347","BECv10","IDFdk4","IDFdk4/03","A1"
"10348","BECv10","IDFdk4","IDFdk4/04","D2"
"10349","BECv10","IDFdk4","IDFdk4/04","D1"
"10350","BECv10","IDFdk4","IDFdk4/04","C2"
"10351","BECv10","IDFdk4","IDFdk4/04","C1"
"10352","BECv10","IDFdk4","IDFdk4/05","D3"
"10353","BECv10","IDFdk4","IDFdk4/05","D2"
"10354","BECv10","IDFdk4","IDFdk4/05","C3"
"10355","BECv10","IDFdk4","IDFdk4/05","C2"
"10356","BECv10","IDFdk4","IDFdk4/06","B3"
"10357","BECv10","IDFdk4","IDFdk4/06","A3"
"10358","BECv10","IDFdk4","IDFdk4/07","C3"
"10359","BECv10","IDFdk4","IDFdk4/07","B3"
"10360","BECv10","IDFdk4","IDFdk4/08","C5"
"10361","BECv10","IDFdk4","IDFdk4/08","B5"
"10362","BECv10","IDFdk4","IDFdk4/09","E5"
"10363","BECv10","IDFdk4","IDFdk4/09","D5"
"10364","BECv10","IDFdk4","IDFdk4/09","C5"
"10365","BECv10","IDFdk4","IDFdk4/10","E7"
"10366","BECv10","IDFdk4","IDFdk4/10","E6"
"10367","BECv10","IDFdk4","IDFdk4/10","D7"
"10368","BECv10","IDFdk4","IDFdk4/10","D6"
"10369","BECv10","IDFdk4","IDFdk4/10","C7"
"10370","BECv10","IDFdk4","IDFdk4/10","C6"
"10371","BECv10","IDFdk4","IDFdk4/10","B7"
"10372","BECv10","IDFdk4","IDFdk4/10","B6"
"10373","Add_2021","IDFdk4","IDFdk4/Ro","A0"
"10374","Add_2021","IDFdk4","IDFdk4/Ro","B0"
"10375","BECv11","IDFdk5","IDFdk5/101","C4"
"10376","BECv11","IDFdk5","IDFdk5/101","D3"
"10377","BECv11","IDFdk5","IDFdk5/101","D4"
"10378","BECv11","IDFdk5","IDFdk5/101","B4"
"10379","BECv11","IDFdk5","IDFdk5/102","A1"
"10380","BECv11","IDFdk5","IDFdk5/102","B1"
"10381","BECv11","IDFdk5","IDFdk5/102","C1"
"10382","BECv11","IDFdk5","IDFdk5/103","B2"
"10383","BECv11","IDFdk5","IDFdk5/103","C2"
"10384","BECv11","IDFdk5","IDFdk5/103","D2"
"10385","BECv11","IDFdk5","IDFdk5/104","B3"
"10386","BECv11","IDFdk5","IDFdk5/104","C3"
"10387","BECv11","IDFdk5","IDFdk5/104","D3"
"10388","BECv11","IDFdk5","IDFdk5/110","C5"
"10389","BECv11","IDFdk5","IDFdk5/110","C6"
"10390","BECv11","IDFdk5","IDFdk5/110","D5"
"10391","BECv11","IDFdk5","IDFdk5/110","D6"
"10392","BECv11","IDFdk5","IDFdk5/111","C6"
"10393","BECv11","IDFdk5","IDFdk5/111","C7"
"10394","BECv11","IDFdk5","IDFdk5/111","D6"
"10395","BECv11","IDFdk5","IDFdk5/111","D7"
"10396","BECv11","IDFdk5","IDFdk5/111","E7"
"10397","BECv12","IDFdk5","IDFdk5/Fm01","E6"
"10398","BECv12","IDFdk5","IDFdk5/Fm01","E5"
"10399","BECv12","IDFdk5","IDFdk5/Fm02","E6"
"10400","BECv12","IDFdk5","IDFdk5/Fm02","E5"
"10401","BECv12","IDFdk5","IDFdk5/Fm07","E6"
"10402","BECv12","IDFdk5","IDFdk5/Fm07","E5"
"10403","BECv11","IDFdk5","IDFdk5/Ro","A0"
"10404","BECv11","IDFdk5","IDFdk5/Ro","B0"
"10405","BECv11","IDFdk5","IDFdk5/Ro","C0"
"10406","USA_2020","IDFdkx_MT","IDFdkx_MT/101","D4"
"10407","USA_2020","IDFdkx_MT","IDFdkx_MT/101","D3"
"10408","USA_2020","IDFdkx_MT","IDFdkx_MT/101","C4"
"10409","USA_2020","IDFdkx_MT","IDFdkx_MT/101","C3"
"10410","USA_2020","IDFdkx_MT","IDFdkx_MT/101","B4"
"10411","USA_2020","IDFdkx_MT","IDFdkx_MT/101","B3"
"10412","USA_2020","IDFdkx_MT","IDFdkx_MT/102","D1"
"10413","USA_2020","IDFdkx_MT","IDFdkx_MT/102","C1"
"10414","USA_2020","IDFdkx_MT","IDFdkx_MT/102","B1"
"10415","USA_2020","IDFdkx_MT","IDFdkx_MT/102","A1"
"10416","USA_2020","IDFdkx_MT","IDFdkx_MT/103","D2"
"10417","USA_2020","IDFdkx_MT","IDFdkx_MT/103","C2"
"10418","USA_2020","IDFdkx_MT","IDFdkx_MT/103","B2"
"10419","USA_2020","IDFdkx_MT","IDFdkx_MT/103","A2"
"10420","USA_2020","IDFdkx_MT","IDFdkx_MT/110","C5"
"10421","USA_2020","IDFdkx_MT","IDFdkx_MT/110","B5"
"10422","USA_2020","IDFdkx_MT","IDFdkx_MT/111","C6"
"10423","USA_2020","IDFdkx_MT","IDFdkx_MT/111","B6"
"10424","USA_2020","IDFdkx_MT","IDFdkx_MT/112","E5"
"10425","USA_2020","IDFdkx_MT","IDFdkx_MT/112","D5"
"10426","USA_2020","IDFdkx_MT","IDFdkx_MT/113","E6"
"10427","USA_2020","IDFdkx_MT","IDFdkx_MT/113","D6"
"10428","Add_2021","IDFdkx_MT","IDFdkx_MT/Ro","A0"
"10429","Add_2021","IDFdkx_MT","IDFdkx_MT/Ro","B0"
"10430","USA_2019","IDFdm_MT","IDFdm_MT/101","D4"
"10431","USA_2019","IDFdm_MT","IDFdm_MT/101","D3"
"10432","USA_2019","IDFdm_MT","IDFdm_MT/101","C4"
"10433","USA_2019","IDFdm_MT","IDFdm_MT/101","C3"
"10434","USA_2019","IDFdm_MT","IDFdm_MT/101","B4"
"10435","USA_2019","IDFdm_MT","IDFdm_MT/101","B3"
"10436","USA_2019","IDFdm_MT","IDFdm_MT/102","D1"
"10437","USA_2019","IDFdm_MT","IDFdm_MT/102","C1"
"10438","USA_2019","IDFdm_MT","IDFdm_MT/102","B1"
"10439","USA_2019","IDFdm_MT","IDFdm_MT/102","A1"
"10440","USA_2019","IDFdm_MT","IDFdm_MT/103","D2"
"10441","USA_2019","IDFdm_MT","IDFdm_MT/103","C2"
"10442","USA_2019","IDFdm_MT","IDFdm_MT/103","B2"
"10443","USA_2019","IDFdm_MT","IDFdm_MT/103","A2"
"10444","USA_2019","IDFdm_MT","IDFdm_MT/110","C5"
"10445","USA_2019","IDFdm_MT","IDFdm_MT/110","B5"
"10446","USA_2019","IDFdm_MT","IDFdm_MT/111","C6"
"10447","USA_2019","IDFdm_MT","IDFdm_MT/111","B6"
"10448","USA_2019","IDFdm_MT","IDFdm_MT/112","E5"
"10449","USA_2019","IDFdm_MT","IDFdm_MT/112","D5"
"10450","USA_2019","IDFdm_MT","IDFdm_MT/113","E6"
"10451","USA_2019","IDFdm_MT","IDFdm_MT/113","D6"
"10452","Add_2021","IDFdm_MT","IDFdm_MT/Ro","A0"
"10453","Add_2021","IDFdm_MT","IDFdm_MT/Ro","B0"
"10454","USA_2019","IDFdm_WA","IDFdm_WA/101","D4"
"10455","USA_2019","IDFdm_WA","IDFdm_WA/101","D3"
"10456","USA_2019","IDFdm_WA","IDFdm_WA/101","C4"
"10457","USA_2019","IDFdm_WA","IDFdm_WA/101","C3"
"10458","USA_2019","IDFdm_WA","IDFdm_WA/101","B4"
"10459","USA_2019","IDFdm_WA","IDFdm_WA/101","B3"
"10460","USA_2019","IDFdm_WA","IDFdm_WA/101","A4"
"10461","USA_2019","IDFdm_WA","IDFdm_WA/101","A3"
"10462","USA_2019","IDFdm_WA","IDFdm_WA/102","D1"
"10463","USA_2019","IDFdm_WA","IDFdm_WA/102","C1"
"10464","USA_2019","IDFdm_WA","IDFdm_WA/102","B1"
"10465","USA_2019","IDFdm_WA","IDFdm_WA/102","A1"
"10466","USA_2019","IDFdm_WA","IDFdm_WA/103","D2"
"10467","USA_2019","IDFdm_WA","IDFdm_WA/103","C2"
"10468","USA_2019","IDFdm_WA","IDFdm_WA/103","B2"
"10469","USA_2019","IDFdm_WA","IDFdm_WA/103","A2"
"10470","USA_2019","IDFdm_WA","IDFdm_WA/110","C5"
"10471","USA_2019","IDFdm_WA","IDFdm_WA/110","B5"
"10472","USA_2019","IDFdm_WA","IDFdm_WA/111","C6"
"10473","USA_2019","IDFdm_WA","IDFdm_WA/111","B6"
"10474","USA_2019","IDFdm_WA","IDFdm_WA/112","E5"
"10475","USA_2019","IDFdm_WA","IDFdm_WA/112","D5"
"10476","USA_2019","IDFdm_WA","IDFdm_WA/113","E6"
"10477","USA_2019","IDFdm_WA","IDFdm_WA/113","D6"
"10478","Add_2021","IDFdm_WA","IDFdm_WA/Ro","A0"
"10479","Add_2021","IDFdm_WA","IDFdm_WA/Ro","B0"
"10480","BECv12","IDFdm1","IDFdm1/101","D4"
"10481","BECv12","IDFdm1","IDFdm1/101","D3"
"10482","BECv12","IDFdm1","IDFdm1/101","C4"
"10483","BECv12","IDFdm1","IDFdm1/101","B4"
"10484","BECv12","IDFdm1","IDFdm1/102","B1"
"10485","BECv12","IDFdm1","IDFdm1/102","A1"
"10486","BECv12","IDFdm1","IDFdm1/103","D2"
"10487","BECv12","IDFdm1","IDFdm1/103","C2"
"10488","BECv12","IDFdm1","IDFdm1/103","B2"
"10489","BECv12","IDFdm1","IDFdm1/104","D3"
"10490","BECv12","IDFdm1","IDFdm1/104","D2"
"10491","BECv12","IDFdm1","IDFdm1/104","C3"
"10492","BECv12","IDFdm1","IDFdm1/104","B3"
"10493","BECv12","IDFdm1","IDFdm1/110","D5"
"10494","BECv12","IDFdm1","IDFdm1/110","C5"
"10495","BECv12","IDFdm1","IDFdm1/110.1","D5"
"10496","BECv12","IDFdm1","IDFdm1/110.1","C5"
"10497","BECv12","IDFdm1","IDFdm1/110.2","D5"
"10498","BECv12","IDFdm1","IDFdm1/110.2","C5"
"10499","BECv12","IDFdm1","IDFdm1/111","E6"
"10500","BECv12","IDFdm1","IDFdm1/111","D6"
"10501","BECv12","IDFdm1","IDFdm1/111","D5"
"10502","BECv12","IDFdm1","IDFdm1/111","C6"
"10503","BECv12","IDFdm1","IDFdm1/111","C5"
"10504","BECv12","IDFdm1","IDFdm1/112","E7"
"10505","BECv12","IDFdm1","IDFdm1/112","E6"
"10506","BECv12","IDFdm1","IDFdm1/112","D7"
"10507","BECv12","IDFdm1","IDFdm1/112","D6"
"10508","BECv12","IDFdm1","IDFdm1/112","C7"
"10509","BECv12","IDFdm1","IDFdm1/112","C6"
"10510","BECv12","IDFdm1","IDFdm1/Fm01","E5"
"10511","BECv12","IDFdm1","IDFdm1/Fm01","E6"
"10512","BECv12","IDFdm1","IDFdm1/Fm05","E5"
"10513","BECv12","IDFdm1","IDFdm1/Fm05","E6"
"10514","Add_2021","IDFdm1","IDFdm1/Ro","A0"
"10515","Add_2021","IDFdm1","IDFdm1/Ro","B0"
"10516","BECv11","IDFdm2","IDFdm2/101","C4"
"10517","BECv11","IDFdm2","IDFdm2/101","D3"
"10518","BECv11","IDFdm2","IDFdm2/101","D4"
"10519","BECv11","IDFdm2","IDFdm2/101","B4"
"10520","BECv11","IDFdm2","IDFdm2/102","B1"
"10521","BECv11","IDFdm2","IDFdm2/102","C1"
"10522","BECv11","IDFdm2","IDFdm2/103","B2"
"10523","BECv11","IDFdm2","IDFdm2/103","C2"
"10524","BECv11","IDFdm2","IDFdm2/103","D2"
"10525","BECv11","IDFdm2","IDFdm2/104","B3"
"10526","BECv11","IDFdm2","IDFdm2/104","C3"
"10527","BECv11","IDFdm2","IDFdm2/104","D2"
"10528","BECv11","IDFdm2","IDFdm2/104","D3"
"10529","BECv11","IDFdm2","IDFdm2/110","C5"
"10530","BECv11","IDFdm2","IDFdm2/110","D4"
"10531","BECv11","IDFdm2","IDFdm2/110","D5"
"10532","BECv11","IDFdm2","IDFdm2/110","E5"
"10533","BECv11","IDFdm2","IDFdm2/111","C5"
"10534","BECv11","IDFdm2","IDFdm2/111","C6"
"10535","BECv11","IDFdm2","IDFdm2/111","D5"
"10536","BECv11","IDFdm2","IDFdm2/111","D6"
"10537","BECv11","IDFdm2","IDFdm2/111","E5"
"10538","BECv11","IDFdm2","IDFdm2/111","E6"
"10539","BECv11","IDFdm2","IDFdm2/112","C6"
"10540","BECv11","IDFdm2","IDFdm2/112","C7"
"10541","BECv11","IDFdm2","IDFdm2/112","D6"
"10542","BECv11","IDFdm2","IDFdm2/112","D7"
"10543","BECv11","IDFdm2","IDFdm2/112","E6"
"10544","BECv11","IDFdm2","IDFdm2/112","E7"
"10545","BECv11","IDFdm2","IDFdm2/112a","C6"
"10546","BECv11","IDFdm2","IDFdm2/112a","D6"
"10547","BECv11","IDFdm2","IDFdm2/112a","E6"
"10548","BECv11","IDFdm2","IDFdm2/112a","E7"
"10549","BECv11","IDFdm2","IDFdm2/112b","C7"
"10550","BECv11","IDFdm2","IDFdm2/112b","D7"
"10551","BECv11","IDFdm2","IDFdm2/Ro","A0"
"10552","BECv11","IDFdm2","IDFdm2/Ro","B0"
"10553","BECv11","IDFdm2","IDFdm2/Ro","C0"
"10554","BECv13","IDFdw","IDFdw/101","B4"
"10555","BECv13","IDFdw","IDFdw/101","C4"
"10556","BECv13","IDFdw","IDFdw/101","D4"
"10557","BECv13","IDFdw","IDFdw/101","D3"
"10558","BECv13","IDFdw","IDFdw/101","C3"
"10559","BECv13","IDFdw","IDFdw/101","B3"
"10560","BECv13","IDFdw","IDFdw/102","A1"
"10561","BECv13","IDFdw","IDFdw/102","B1"
"10562","BECv13","IDFdw","IDFdw/102","C1"
"10563","BECv13","IDFdw","IDFdw/102","D1"
"10564","BECv13","IDFdw","IDFdw/103","A2"
"10565","BECv13","IDFdw","IDFdw/103","B2"
"10566","BECv13","IDFdw","IDFdw/103","A3"
"10567","BECv13","IDFdw","IDFdw/103","B3"
"10568","BECv13","IDFdw","IDFdw/104","B2"
"10569","BECv13","IDFdw","IDFdw/104","C2"
"10570","BECv13","IDFdw","IDFdw/104","D2"
"10571","BECv13","IDFdw","IDFdw/104","B3"
"10572","BECv13","IDFdw","IDFdw/104","C3"
"10573","BECv13","IDFdw","IDFdw/104","D3"
"10574","BECv13","IDFdw","IDFdw/105","B3"
"10575","BECv13","IDFdw","IDFdw/105","B4"
"10576","BECv13","IDFdw","IDFdw/105","C4"
"10577","BECv13","IDFdw","IDFdw/105","D4"
"10578","BECv13","IDFdw","IDFdw/105","D3"
"10579","BECv13","IDFdw","IDFdw/105","C3"
"10580","BECv13","IDFdw","IDFdw/110","B5"
"10581","BECv13","IDFdw","IDFdw/110","C5"
"10582","BECv13","IDFdw","IDFdw/110","D5"
"10583","BECv13","IDFdw","IDFdw/111","B6"
"10584","BECv13","IDFdw","IDFdw/111","C6"
"10585","BECv13","IDFdw","IDFdw/111","D6"
"10586","BECv13","IDFdw","IDFdw/111","C5"
"10587","BECv13","IDFdw","IDFdw/111","D5"
"10588","BECv13","IDFdw","IDFdw/111","E5"
"10589","BECv13","IDFdw","IDFdw/112","E6"
"10590","BECv13","IDFdw","IDFdw/112","D6"
"10591","BECv13","IDFdw","IDFdw/113","B7"
"10592","BECv13","IDFdw","IDFdw/113","C7"
"10593","BECv13","IDFdw","IDFdw/113","D7"
"10594","BECv13","IDFdw","IDFdw/113","E7"
"10595","BECv13","IDFdw","IDFdw/113","E6"
"10596","BECv13","IDFdw","IDFdw/113","D6"
"10597","BECv13","IDFdw","IDFdw/113","C6"
"10598","BECv13","IDFdw","IDFdw/113","B6"
"10599","BECv13","IDFdw","IDFdw/Fm02","B6"
"10600","BECv13","IDFdw","IDFdw/Fm02","C6"
"10601","BECv13","IDFdw","IDFdw/Fm02","D6"
"10602","BECv13","IDFdw","IDFdw/Fm02","C5"
"10603","BECv13","IDFdw","IDFdw/Fm02","D5"
"10604","BECv13","IDFdw","IDFdw/Fm02","E5"
"10605","USA_2019","IDFdx_MT","IDFdx_MT/101","D4"
"10606","USA_2019","IDFdx_MT","IDFdx_MT/101","D3"
"10607","USA_2019","IDFdx_MT","IDFdx_MT/101","C4"
"10608","USA_2019","IDFdx_MT","IDFdx_MT/101","C3"
"10609","USA_2019","IDFdx_MT","IDFdx_MT/101","B4"
"10610","USA_2019","IDFdx_MT","IDFdx_MT/101","B3"
"10611","USA_2019","IDFdx_MT","IDFdx_MT/102","D2"
"10612","USA_2019","IDFdx_MT","IDFdx_MT/102","C2"
"10613","USA_2019","IDFdx_MT","IDFdx_MT/102","B2"
"10614","USA_2019","IDFdx_MT","IDFdx_MT/102","A2"
"10615","USA_2019","IDFdx_MT","IDFdx_MT/110","C5"
"10616","USA_2019","IDFdx_MT","IDFdx_MT/110","B5"
"10617","USA_2019","IDFdx_MT","IDFdx_MT/111","C6"
"10618","USA_2019","IDFdx_MT","IDFdx_MT/111","B6"
"10619","USA_2019","IDFdx_MT","IDFdx_MT/112","E5"
"10620","USA_2019","IDFdx_MT","IDFdx_MT/112","D5"
"10621","USA_2019","IDFdx_MT","IDFdx_MT/113","E6"
"10622","USA_2019","IDFdx_MT","IDFdx_MT/113","D6"
"10623","USA_2019","IDFdx_MT","IDFdx_MT/Gg","D1"
"10624","USA_2019","IDFdx_MT","IDFdx_MT/Gg","C1"
"10625","USA_2019","IDFdx_MT","IDFdx_MT/Gg","B1"
"10626","USA_2019","IDFdx_MT","IDFdx_MT/Gg","A1"
"10627","Add_2021","IDFdx_MT","IDFdx_MT/Ro","A0"
"10628","Add_2021","IDFdx_MT","IDFdx_MT/Ro","B0"
"10629","USA_2020","IDFdxx_WY","IDFdxx_WY/101","D4"
"10630","USA_2020","IDFdxx_WY","IDFdxx_WY/101","D3"
"10631","USA_2020","IDFdxx_WY","IDFdxx_WY/101","C4"
"10632","USA_2020","IDFdxx_WY","IDFdxx_WY/101","C3"
"10633","USA_2020","IDFdxx_WY","IDFdxx_WY/101","B4"
"10634","USA_2020","IDFdxx_WY","IDFdxx_WY/101","B3"
"10635","USA_2020","IDFdxx_WY","IDFdxx_WY/102","D2"
"10636","USA_2020","IDFdxx_WY","IDFdxx_WY/102","C2"
"10637","USA_2020","IDFdxx_WY","IDFdxx_WY/102","B2"
"10638","USA_2020","IDFdxx_WY","IDFdxx_WY/102","A2"
"10639","USA_2020","IDFdxx_WY","IDFdxx_WY/110","C5"
"10640","USA_2020","IDFdxx_WY","IDFdxx_WY/110","B5"
"10641","USA_2020","IDFdxx_WY","IDFdxx_WY/111","C6"
"10642","USA_2020","IDFdxx_WY","IDFdxx_WY/111","B6"
"10643","USA_2020","IDFdxx_WY","IDFdxx_WY/112","E5"
"10644","USA_2020","IDFdxx_WY","IDFdxx_WY/112","D5"
"10645","USA_2020","IDFdxx_WY","IDFdxx_WY/113","E6"
"10646","USA_2020","IDFdxx_WY","IDFdxx_WY/113","D6"
"10647","USA_2020","IDFdxx_WY","IDFdxx_WY/Gg","D1"
"10648","USA_2020","IDFdxx_WY","IDFdxx_WY/Gg","C1"
"10649","USA_2020","IDFdxx_WY","IDFdxx_WY/Gg","B1"
"10650","USA_2020","IDFdxx_WY","IDFdxx_WY/Gg","A1"
"10651","Add_2021","IDFdxx_WY","IDFdxx_WY/Ro","A0"
"10652","Add_2021","IDFdxx_WY","IDFdxx_WY/Ro","B0"
"10653","BECv10","IDFmw2","IDFmw2/01","D5"
"10654","BECv10","IDFmw2","IDFmw2/01","D4"
"10655","BECv10","IDFmw2","IDFmw2/01","D3"
"10656","BECv10","IDFmw2","IDFmw2/01","C5"
"10657","BECv10","IDFmw2","IDFmw2/01","C4"
"10658","BECv10","IDFmw2","IDFmw2/01","C3"
"10659","BECv10","IDFmw2","IDFmw2/01","B5"
"10660","BECv10","IDFmw2","IDFmw2/01","B4"
"10661","BECv10","IDFmw2","IDFmw2/01","B3"
"10662","BECv10","IDFmw2","IDFmw2/01","A5"
"10663","BECv10","IDFmw2","IDFmw2/01","A4"
"10664","BECv10","IDFmw2","IDFmw2/01","A3"
"10665","BECv10","IDFmw2","IDFmw2/02","C1"
"10666","BECv10","IDFmw2","IDFmw2/02","C0"
"10667","BECv10","IDFmw2","IDFmw2/02","B2"
"10668","BECv10","IDFmw2","IDFmw2/02","B1"
"10669","BECv10","IDFmw2","IDFmw2/02","B0"
"10670","BECv10","IDFmw2","IDFmw2/02","A2"
"10671","BECv10","IDFmw2","IDFmw2/02","A1"
"10672","BECv10","IDFmw2","IDFmw2/02","A0"
"10673","BECv10","IDFmw2","IDFmw2/03","D3"
"10674","BECv10","IDFmw2","IDFmw2/03","D2"
"10675","BECv10","IDFmw2","IDFmw2/03","D1"
"10676","BECv10","IDFmw2","IDFmw2/03","C3"
"10677","BECv10","IDFmw2","IDFmw2/03","C2"
"10678","BECv10","IDFmw2","IDFmw2/03","C1"
"10679","BECv10","IDFmw2","IDFmw2/03","B3"
"10680","BECv10","IDFmw2","IDFmw2/03","B2"
"10681","BECv10","IDFmw2","IDFmw2/03","B1"
"10682","BECv10","IDFmw2","IDFmw2/03","A3"
"10683","BECv10","IDFmw2","IDFmw2/03","A2"
"10684","BECv10","IDFmw2","IDFmw2/04","E6"
"10685","BECv10","IDFmw2","IDFmw2/04","E5"
"10686","BECv10","IDFmw2","IDFmw2/04","E4"
"10687","BECv10","IDFmw2","IDFmw2/04","D6"
"10688","BECv10","IDFmw2","IDFmw2/04","D5"
"10689","BECv10","IDFmw2","IDFmw2/04","D4"
"10690","BECv10","IDFmw2","IDFmw2/04","C6"
"10691","BECv10","IDFmw2","IDFmw2/04","C5"
"10692","BECv10","IDFmw2","IDFmw2/04","C4"
"10693","BECv10","IDFmw2","IDFmw2/04","B6"
"10694","BECv10","IDFmw2","IDFmw2/04","B5"
"10695","BECv10","IDFmw2","IDFmw2/04","B4"
"10696","BECv10","IDFmw2","IDFmw2/05","D7"
"10697","BECv10","IDFmw2","IDFmw2/05","D6"
"10698","BECv10","IDFmw2","IDFmw2/05","C7"
"10699","BECv10","IDFmw2","IDFmw2/05","C6"
"10700","BECv10","IDFmw2","IDFmw2/05","B7"
"10701","BECv10","IDFmw2","IDFmw2/05","B6"
"10702","BECv13","IDFww","IDFww/101","A3"
"10703","BECv13","IDFww","IDFww/101","A4"
"10704","BECv13","IDFww","IDFww/101","B3"
"10705","BECv13","IDFww","IDFww/101","B4"
"10706","BECv13","IDFww","IDFww/101","C4"
"10707","BECv13","IDFww","IDFww/101","D4"
"10708","BECv13","IDFww","IDFww/101","C3"
"10709","BECv13","IDFww","IDFww/101","D3"
"10710","BECv13","IDFww","IDFww/101.1","A3"
"10711","BECv13","IDFww","IDFww/101.1","A4"
"10712","BECv13","IDFww","IDFww/101.1","B4"
"10713","BECv13","IDFww","IDFww/101.1","D3"
"10714","BECv13","IDFww","IDFww/101.1","D4"
"10715","BECv13","IDFww","IDFww/101.1","C4"
"10716","BECv13","IDFww","IDFww/101.1","C3"
"10717","BECv13","IDFww","IDFww/101.1","B3"
"10718","BECv13","IDFww","IDFww/101.2","A3"
"10719","BECv13","IDFww","IDFww/101.2","A4"
"10720","BECv13","IDFww","IDFww/101.2","B3"
"10721","BECv13","IDFww","IDFww/101.2","B4"
"10722","BECv13","IDFww","IDFww/101.2","C3"
"10723","BECv13","IDFww","IDFww/101.2","C4"
"10724","BECv13","IDFww","IDFww/101.2","D3"
"10725","BECv13","IDFww","IDFww/101.2","D4"
"10726","BECv13","IDFww","IDFww/102","A1"
"10727","BECv13","IDFww","IDFww/102","A0"
"10728","BECv13","IDFww","IDFww/102","B0"
"10729","BECv13","IDFww","IDFww/102","B1"
"10730","BECv13","IDFww","IDFww/102","C0"
"10731","BECv13","IDFww","IDFww/102","C1"
"10732","BECv13","IDFww","IDFww/103","A2"
"10733","BECv13","IDFww","IDFww/103","B2"
"10734","BECv13","IDFww","IDFww/104","C2"
"10735","BECv13","IDFww","IDFww/104","D2"
"10736","BECv13","IDFww","IDFww/104","C3"
"10737","BECv13","IDFww","IDFww/104","D3"
"10738","BECv13","IDFww","IDFww/110","B5"
"10739","BECv13","IDFww","IDFww/110","B6"
"10740","BECv13","IDFww","IDFww/110","C5"
"10741","BECv13","IDFww","IDFww/110","D5"
"10742","BECv13","IDFww","IDFww/110","D6"
"10743","BECv13","IDFww","IDFww/110","C6"
"10744","BECv13","IDFww","IDFww/111","D5"
"10745","BECv13","IDFww","IDFww/111","E5"
"10746","BECv13","IDFww","IDFww/111","E6"
"10747","BECv13","IDFww","IDFww/111","D6"
"10748","BECv13","IDFww","IDFww/112","E6"
"10749","BECv13","IDFww","IDFww/112","D6"
"10750","BECv13","IDFww","IDFww/112","D5"
"10751","BECv13","IDFww","IDFww/112","E5"
"10752","BECv13","IDFww","IDFww/Fl","E5"
"10753","BECv13","IDFww","IDFww/Fl","D5"
"10754","BECv13","IDFww","IDFww/Fl","D6"
"10755","BECv13","IDFww","IDFww/Fl","E6"
"10756","BECv13","IDFww","IDFww/Fm01","D5"
"10757","BECv13","IDFww","IDFww/Fm01","E5"
"10758","BECv13","IDFww","IDFww/Fm01","E6"
"10759","BECv13","IDFww","IDFww/Fm01","D6"
"10760","BECv13","IDFww","IDFww/Fm02","D5"
"10761","BECv13","IDFww","IDFww/Fm02","E5"
"10762","BECv13","IDFww","IDFww/Fm02","E6"
"10763","BECv13","IDFww","IDFww/Fm02","D6"
"10764","BECv13","IDFww","IDFww/Ro","A0"
"10765","BECv13","IDFww","IDFww/Ro","B0"
"10766","BECv13","IDFww","IDFww/Ro","C0"
"10767","BECv13","IDFww","IDFww/Wb","A7"
"10768","BECv13","IDFww","IDFww/Wb","B7"
"10769","BECv13","IDFww","IDFww/Ws","E7"
"10770","BECv13","IDFww","IDFww/Ws","D7"
"10771","BECv13","IDFww","IDFww/Ws","C7"
"10772","BECv10","IDFxc","IDFxc/01","D5"
"10773","BECv10","IDFxc","IDFxc/01","D4"
"10774","BECv10","IDFxc","IDFxc/01","D3"
"10775","BECv10","IDFxc","IDFxc/01","D2"
"10776","BECv10","IDFxc","IDFxc/01","C5"
"10777","BECv10","IDFxc","IDFxc/01","C4"
"10778","BECv10","IDFxc","IDFxc/01","C3"
"10779","BECv10","IDFxc","IDFxc/01","B5"
"10780","BECv10","IDFxc","IDFxc/01","B4"
"10781","BECv10","IDFxc","IDFxc/01","B3"
"10782","BECv10","IDFxc","IDFxc/01","A5"
"10783","BECv10","IDFxc","IDFxc/01","A4"
"10784","BECv10","IDFxc","IDFxc/01","A3"
"10785","BECv10","IDFxc","IDFxc/02","C1"
"10786","BECv10","IDFxc","IDFxc/02","C0"
"10787","BECv10","IDFxc","IDFxc/02","B2"
"10788","BECv10","IDFxc","IDFxc/02","B1"
"10789","BECv10","IDFxc","IDFxc/02","B0"
"10790","BECv10","IDFxc","IDFxc/02","A2"
"10791","BECv10","IDFxc","IDFxc/02","A1"
"10792","BECv10","IDFxc","IDFxc/02","A0"
"10793","BECv10","IDFxc","IDFxc/03","D2"
"10794","BECv10","IDFxc","IDFxc/03","D1"
"10795","BECv10","IDFxc","IDFxc/03","C2"
"10796","BECv10","IDFxc","IDFxc/03","C1"
"10797","BECv10","IDFxc","IDFxc/03","B3"
"10798","BECv10","IDFxc","IDFxc/03","B2"
"10799","BECv10","IDFxc","IDFxc/03","B1"
"10800","BECv10","IDFxc","IDFxc/03","A3"
"10801","BECv10","IDFxc","IDFxc/03","A2"
"10802","BECv10","IDFxc","IDFxc/04","D3"
"10803","BECv10","IDFxc","IDFxc/04","D2"
"10804","BECv10","IDFxc","IDFxc/04","C3"
"10805","BECv10","IDFxc","IDFxc/04","C2"
"10806","BECv10","IDFxc","IDFxc/04","B3"
"10807","BECv10","IDFxc","IDFxc/04","B2"
"10808","BECv10","IDFxc","IDFxc/04","A3"
"10809","BECv10","IDFxc","IDFxc/04","A2"
"10810","BECv10","IDFxc","IDFxc/05","C4"
"10811","BECv10","IDFxc","IDFxc/05","C3"
"10812","BECv10","IDFxc","IDFxc/05","B4"
"10813","BECv10","IDFxc","IDFxc/05","B3"
"10814","BECv10","IDFxc","IDFxc/05","A4"
"10815","BECv10","IDFxc","IDFxc/05","A3"
"10816","BECv10","IDFxc","IDFxc/06","E5"
"10817","BECv10","IDFxc","IDFxc/06","E4"
"10818","BECv10","IDFxc","IDFxc/06","E3"
"10819","BECv10","IDFxc","IDFxc/06","D5"
"10820","BECv10","IDFxc","IDFxc/06","D4"
"10821","BECv10","IDFxc","IDFxc/06","D3"
"10822","BECv10","IDFxc","IDFxc/06","C5"
"10823","BECv10","IDFxc","IDFxc/06","C4"
"10824","BECv10","IDFxc","IDFxc/06","B5"
"10825","BECv10","IDFxc","IDFxc/06","B4"
"10826","BECv10","IDFxc","IDFxc/07","E6"
"10827","BECv10","IDFxc","IDFxc/07","E5"
"10828","BECv10","IDFxc","IDFxc/07","D6"
"10829","BECv10","IDFxc","IDFxc/07","D5"
"10830","BECv10","IDFxc","IDFxc/07","C6"
"10831","BECv10","IDFxc","IDFxc/07","C5"
"10832","BECv10","IDFxc","IDFxc/08","E6"
"10833","BECv10","IDFxc","IDFxc/08","D6"
"10834","BECv10","IDFxc","IDFxc/08","C6"
"10835","BECv10","IDFxc","IDFxc/08","C5"
"10836","USA_2019","IDFxh_ID","IDFxh_ID/101","D4"
"10837","USA_2019","IDFxh_ID","IDFxh_ID/101","D3"
"10838","USA_2019","IDFxh_ID","IDFxh_ID/101","C4"
"10839","USA_2019","IDFxh_ID","IDFxh_ID/101","C3"
"10840","USA_2019","IDFxh_ID","IDFxh_ID/101","B4"
"10841","USA_2019","IDFxh_ID","IDFxh_ID/101","B3"
"10842","USA_2019","IDFxh_ID","IDFxh_ID/102","D2"
"10843","USA_2019","IDFxh_ID","IDFxh_ID/102","C2"
"10844","USA_2019","IDFxh_ID","IDFxh_ID/102","B2"
"10845","USA_2019","IDFxh_ID","IDFxh_ID/102","A2"
"10846","USA_2019","IDFxh_ID","IDFxh_ID/110","C5"
"10847","USA_2019","IDFxh_ID","IDFxh_ID/110","B5"
"10848","USA_2019","IDFxh_ID","IDFxh_ID/111","C6"
"10849","USA_2019","IDFxh_ID","IDFxh_ID/111","B6"
"10850","USA_2019","IDFxh_ID","IDFxh_ID/112","E5"
"10851","USA_2019","IDFxh_ID","IDFxh_ID/112","D5"
"10852","USA_2019","IDFxh_ID","IDFxh_ID/113","E6"
"10853","USA_2019","IDFxh_ID","IDFxh_ID/113","D6"
"10854","USA_2019","IDFxh_ID","IDFxh_ID/Gg","D1"
"10855","USA_2019","IDFxh_ID","IDFxh_ID/Gg","C1"
"10856","USA_2019","IDFxh_ID","IDFxh_ID/Gg","B1"
"10857","USA_2019","IDFxh_ID","IDFxh_ID/Gg","A1"
"10858","Add_2021","IDFxh_ID","IDFxh_ID/Ro","A0"
"10859","Add_2021","IDFxh_ID","IDFxh_ID/Ro","B0"
"10860","USA_2023","IDFxh_OR","IDFxh_OR/101","D4"
"10861","USA_2023","IDFxh_OR","IDFxh_OR/101","D3"
"10862","USA_2023","IDFxh_OR","IDFxh_OR/101","C4"
"10863","USA_2023","IDFxh_OR","IDFxh_OR/101","C3"
"10864","USA_2023","IDFxh_OR","IDFxh_OR/101","B4"
"10865","USA_2023","IDFxh_OR","IDFxh_OR/101","B3"
"10866","USA_2023","IDFxh_OR","IDFxh_OR/102","D1"
"10867","USA_2023","IDFxh_OR","IDFxh_OR/102","C1"
"10868","USA_2023","IDFxh_OR","IDFxh_OR/102","B1"
"10869","USA_2023","IDFxh_OR","IDFxh_OR/102","A1"
"10870","USA_2023","IDFxh_OR","IDFxh_OR/103","D2"
"10871","USA_2023","IDFxh_OR","IDFxh_OR/103","C2"
"10872","USA_2023","IDFxh_OR","IDFxh_OR/103","B2"
"10873","USA_2023","IDFxh_OR","IDFxh_OR/103","A2"
"10874","USA_2023","IDFxh_OR","IDFxh_OR/110","C5"
"10875","USA_2023","IDFxh_OR","IDFxh_OR/110","B5"
"10876","USA_2023","IDFxh_OR","IDFxh_OR/111","C6"
"10877","USA_2023","IDFxh_OR","IDFxh_OR/111","B6"
"10878","USA_2023","IDFxh_OR","IDFxh_OR/112","E5"
"10879","USA_2023","IDFxh_OR","IDFxh_OR/112","D5"
"10880","USA_2023","IDFxh_OR","IDFxh_OR/113","E6"
"10881","USA_2023","IDFxh_OR","IDFxh_OR/113","D6"
"10882","USA_2023","IDFxh_OR","IDFxh_OR/Ro","A0"
"10883","USA_2023","IDFxh_OR","IDFxh_OR/Ro","B0"
"10884","USA_2019","IDFxh_WA","IDFxh_WA/101","D4"
"10885","USA_2019","IDFxh_WA","IDFxh_WA/101","D3"
"10886","USA_2019","IDFxh_WA","IDFxh_WA/101","C4"
"10887","USA_2019","IDFxh_WA","IDFxh_WA/101","C3"
"10888","USA_2019","IDFxh_WA","IDFxh_WA/101","B4"
"10889","USA_2019","IDFxh_WA","IDFxh_WA/101","B3"
"10890","USA_2019","IDFxh_WA","IDFxh_WA/102","D1"
"10891","USA_2019","IDFxh_WA","IDFxh_WA/102","C1"
"10892","USA_2019","IDFxh_WA","IDFxh_WA/102","B1"
"10893","USA_2019","IDFxh_WA","IDFxh_WA/102","A1"
"10894","USA_2019","IDFxh_WA","IDFxh_WA/103","D2"
"10895","USA_2019","IDFxh_WA","IDFxh_WA/103","C2"
"10896","USA_2019","IDFxh_WA","IDFxh_WA/103","B2"
"10897","USA_2019","IDFxh_WA","IDFxh_WA/103","A2"
"10898","USA_2019","IDFxh_WA","IDFxh_WA/110","C5"
"10899","USA_2019","IDFxh_WA","IDFxh_WA/110","B5"
"10900","USA_2019","IDFxh_WA","IDFxh_WA/111","C6"
"10901","USA_2019","IDFxh_WA","IDFxh_WA/111","B6"
"10902","USA_2019","IDFxh_WA","IDFxh_WA/112","E5"
"10903","USA_2019","IDFxh_WA","IDFxh_WA/112","D5"
"10904","USA_2019","IDFxh_WA","IDFxh_WA/113","E6"
"10905","USA_2019","IDFxh_WA","IDFxh_WA/113","D6"
"10906","Add_2021","IDFxh_WA","IDFxh_WA/Ro","A0"
"10907","Add_2021","IDFxh_WA","IDFxh_WA/Ro","B0"
"10908","BECv12","IDFxh1","IDFxh1/101","D4"
"10909","BECv12","IDFxh1","IDFxh1/101","D3"
"10910","BECv12","IDFxh1","IDFxh1/101","C4"
"10911","BECv12","IDFxh1","IDFxh1/101","B4"
"10912","BECv12","IDFxh1","IDFxh1/102","C1"
"10913","BECv12","IDFxh1","IDFxh1/102","C0"
"10914","BECv12","IDFxh1","IDFxh1/102","B1"
"10915","BECv12","IDFxh1","IDFxh1/102","B0"
"10916","BECv12","IDFxh1","IDFxh1/102","A1"
"10917","BECv12","IDFxh1","IDFxh1/102","A0"
"10918","BECv12","IDFxh1","IDFxh1/103","C2"
"10919","BECv12","IDFxh1","IDFxh1/103","C1"
"10920","BECv12","IDFxh1","IDFxh1/103","B2"
"10921","BECv12","IDFxh1","IDFxh1/103","B1"
"10922","BECv12","IDFxh1","IDFxh1/103","A2"
"10923","BECv12","IDFxh1","IDFxh1/103","A1"
"10924","BECv12","IDFxh1","IDFxh1/104","C2"
"10925","BECv12","IDFxh1","IDFxh1/104","B3"
"10926","BECv12","IDFxh1","IDFxh1/104","B2"
"10927","BECv12","IDFxh1","IDFxh1/105","C3"
"10928","BECv12","IDFxh1","IDFxh1/105","B3"
"10929","BECv12","IDFxh1","IDFxh1/106","C3"
"10930","BECv12","IDFxh1","IDFxh1/106","B3"
"10931","BECv12","IDFxh1","IDFxh1/110","D5"
"10932","BECv12","IDFxh1","IDFxh1/110","D4"
"10933","BECv12","IDFxh1","IDFxh1/110","C5"
"10934","BECv12","IDFxh1","IDFxh1/110","C4"
"10935","BECv12","IDFxh1","IDFxh1/111","E6"
"10936","BECv12","IDFxh1","IDFxh1/111","E5"
"10937","BECv12","IDFxh1","IDFxh1/111","D6"
"10938","BECv12","IDFxh1","IDFxh1/111","D5"
"10939","BECv12","IDFxh1","IDFxh1/111","C6"
"10940","BECv12","IDFxh1","IDFxh1/111","C5"
"10941","BECv12","IDFxh1","IDFxh1/111.1","E6"
"10942","BECv12","IDFxh1","IDFxh1/111.1","E5"
"10943","BECv12","IDFxh1","IDFxh1/111.1","D6"
"10944","BECv12","IDFxh1","IDFxh1/111.1","D5"
"10945","BECv12","IDFxh1","IDFxh1/111.1","C6"
"10946","BECv12","IDFxh1","IDFxh1/111.1","C5"
"10947","BECv12","IDFxh1","IDFxh1/111.2","E6"
"10948","BECv12","IDFxh1","IDFxh1/111.2","E5"
"10949","BECv12","IDFxh1","IDFxh1/111.2","D6"
"10950","BECv12","IDFxh1","IDFxh1/111.2","D5"
"10951","BECv12","IDFxh1","IDFxh1/111.2","C6"
"10952","BECv12","IDFxh1","IDFxh1/111.2","C5"
"10953","BECv12","IDFxh1","IDFxh1/112","E7"
"10954","BECv12","IDFxh1","IDFxh1/112","E6"
"10955","BECv12","IDFxh1","IDFxh1/112","D7"
"10956","BECv12","IDFxh1","IDFxh1/112","D6"
"10957","BECv12","IDFxh1","IDFxh1/112","C7"
"10958","BECv12","IDFxh1","IDFxh1/112","C6"
"10959","BECv12","IDFxh1","IDFxh1/Fm01","E6"
"10960","BECv12","IDFxh1","IDFxh1/Fm01","E5"
"10961","BECv12","IDFxh1","IDFxh1/Fm01","D6"
"10962","BECv12","IDFxh1","IDFxh1/Fm01","D5"
"10963","BECv12","IDFxh1","IDFxh1/Fm01","C6"
"10964","BECv12","IDFxh1","IDFxh1/Fm01","C5"
"10965","BECv12","IDFxh1","IDFxh1/Fm05","E6"
"10966","BECv12","IDFxh1","IDFxh1/Fm05","E5"
"10967","BECv12","IDFxh1","IDFxh1/Fm05","D6"
"10968","BECv12","IDFxh1","IDFxh1/Fm05","D5"
"10969","BECv12","IDFxh1","IDFxh1/Fm05","C6"
"10970","BECv12","IDFxh1","IDFxh1/Fm05","C5"
"10971","BECv10","IDFxh1","IDFxh1/Gg","D2"
"10972","BECv10","IDFxh1","IDFxh1/Gg","D1"
"10973","BECv10","IDFxh1","IDFxh1/Gg","C2"
"10974","BECv10","IDFxh1","IDFxh1/Gg","C1"
"10975","BECv10","IDFxh1","IDFxh1/Gg","B2"
"10976","BECv10","IDFxh1","IDFxh1/Gg","B1"
"10977","BECv10","IDFxh1","IDFxh1/Gg","A2"
"10978","BECv10","IDFxh1","IDFxh1/Gg","A1"
"10979","BECv12","IDFxh2","IDFxh2/101","D4"
"10980","BECv12","IDFxh2","IDFxh2/101","D3"
"10981","BECv12","IDFxh2","IDFxh2/101","C4"
"10982","BECv12","IDFxh2","IDFxh2/101","C3"
"10983","BECv12","IDFxh2","IDFxh2/101","B4"
"10984","BECv12","IDFxh2","IDFxh2/101","B3"
"10985","BECv12","IDFxh2","IDFxh2/102","C1"
"10986","BECv12","IDFxh2","IDFxh2/102","C0"
"10987","BECv12","IDFxh2","IDFxh2/102","B1"
"10988","BECv12","IDFxh2","IDFxh2/102","B0"
"10989","BECv12","IDFxh2","IDFxh2/102","A1"
"10990","BECv12","IDFxh2","IDFxh2/102","A0"
"10991","BECv12","IDFxh2","IDFxh2/103","C3"
"10992","BECv12","IDFxh2","IDFxh2/103","C2"
"10993","BECv12","IDFxh2","IDFxh2/103","B3"
"10994","BECv12","IDFxh2","IDFxh2/103","B2"
"10995","BECv12","IDFxh2","IDFxh2/103","A3"
"10996","BECv12","IDFxh2","IDFxh2/103","A2"
"10997","BECv12","IDFxh2","IDFxh2/104","D4"
"10998","BECv12","IDFxh2","IDFxh2/104","D3"
"10999","BECv12","IDFxh2","IDFxh2/104","C4"
"11000","BECv12","IDFxh2","IDFxh2/104","C3"
"11001","BECv12","IDFxh2","IDFxh2/104","B4"
"11002","BECv12","IDFxh2","IDFxh2/104","B3"
"11003","BECv12","IDFxh2","IDFxh2/110","D4"
"11004","BECv12","IDFxh2","IDFxh2/110","C5"
"11005","BECv12","IDFxh2","IDFxh2/110","C4"
"11006","BECv12","IDFxh2","IDFxh2/111","D4"
"11007","BECv12","IDFxh2","IDFxh2/111","C5"
"11008","BECv12","IDFxh2","IDFxh2/111","C4"
"11009","BECv12","IDFxh2","IDFxh2/112","E5"
"11010","BECv12","IDFxh2","IDFxh2/112","D5"
"11011","BECv12","IDFxh2","IDFxh2/113","E6"
"11012","BECv12","IDFxh2","IDFxh2/113","E5"
"11013","BECv12","IDFxh2","IDFxh2/113","D6"
"11014","BECv12","IDFxh2","IDFxh2/113","D5"
"11015","BECv12","IDFxh2","IDFxh2/113","C6"
"11016","BECv12","IDFxh2","IDFxh2/113","C5"
"11017","BECv12","IDFxh2","IDFxh2/Fm01","E6"
"11018","BECv12","IDFxh2","IDFxh2/Fm01","E5"
"11019","BECv12","IDFxh2","IDFxh2/Fm01","D6"
"11020","BECv12","IDFxh2","IDFxh2/Fm01","D5"
"11021","BECv12","IDFxh2","IDFxh2/Fm01","C6"
"11022","BECv12","IDFxh2","IDFxh2/Fm01","C5"
"11023","BECv12","IDFxh2","IDFxh2/Fm02","E6"
"11024","BECv12","IDFxh2","IDFxh2/Fm02","E5"
"11025","BECv12","IDFxh2","IDFxh2/Fm02","D6"
"11026","BECv12","IDFxh2","IDFxh2/Fm02","D5"
"11027","BECv12","IDFxh2","IDFxh2/Fm02","C6"
"11028","BECv12","IDFxh2","IDFxh2/Fm02","C5"
"11029","BECv12","IDFxh2","IDFxh2/Fm05","E6"
"11030","BECv12","IDFxh2","IDFxh2/Fm05","E5"
"11031","BECv12","IDFxh2","IDFxh2/Fm05","D6"
"11032","BECv12","IDFxh2","IDFxh2/Fm05","D5"
"11033","BECv12","IDFxh2","IDFxh2/Fm05","C6"
"11034","BECv12","IDFxh2","IDFxh2/Fm05","C5"
"11035","BECv11","IDFxk","IDFxk/101","D4"
"11036","BECv11","IDFxk","IDFxk/101","C4"
"11037","BECv11","IDFxk","IDFxk/101","B4"
"11038","BECv11","IDFxk","IDFxk/102","D2"
"11039","BECv11","IDFxk","IDFxk/102","D1"
"11040","BECv11","IDFxk","IDFxk/102","C2"
"11041","BECv11","IDFxk","IDFxk/102","C1"
"11042","BECv11","IDFxk","IDFxk/102","B2"
"11043","BECv11","IDFxk","IDFxk/102","B1"
"11044","BECv11","IDFxk","IDFxk/102a","D1"
"11045","BECv11","IDFxk","IDFxk/102a","C1"
"11046","BECv11","IDFxk","IDFxk/102a","B1"
"11047","BECv11","IDFxk","IDFxk/102b","D2"
"11048","BECv11","IDFxk","IDFxk/102b","C2"
"11049","BECv11","IDFxk","IDFxk/102b","B2"
"11050","BECv11","IDFxk","IDFxk/103","D3"
"11051","BECv11","IDFxk","IDFxk/103","D2"
"11052","BECv11","IDFxk","IDFxk/103","C3"
"11053","BECv11","IDFxk","IDFxk/103","B3"
"11054","BECv11","IDFxk","IDFxk/110","D4"
"11055","BECv11","IDFxk","IDFxk/110","C4"
"11056","BECv11","IDFxk","IDFxk/111","D5"
"11057","BECv11","IDFxk","IDFxk/111","C5"
"11058","BECv11","IDFxk","IDFxk/112","E6"
"11059","BECv11","IDFxk","IDFxk/112","E5"
"11060","BECv11","IDFxk","IDFxk/112","D6"
"11061","BECv11","IDFxk","IDFxk/112","D5"
"11062","BECv11","IDFxk","IDFxk/112","C6"
"11063","BECv11","IDFxk","IDFxk/113","E6"
"11064","BECv11","IDFxk","IDFxk/113","D7"
"11065","BECv11","IDFxk","IDFxk/113","D6"
"11066","BECv11","IDFxk","IDFxk/113","C7"
"11067","BECv11","IDFxk","IDFxk/113","C6"
"11068","BECv12","IDFxk","IDFxk/Fm01","E6"
"11069","BECv12","IDFxk","IDFxk/Fm01","E5"
"11070","BECv12","IDFxk","IDFxk/Fm02","E6"
"11071","BECv12","IDFxk","IDFxk/Fm02","E5"
"11072","BECv12","IDFxk","IDFxk/Fm07","E6"
"11073","BECv12","IDFxk","IDFxk/Fm07","E5"
"11074","BECv11","IDFxk","IDFxk/Ro","D0"
"11075","BECv11","IDFxk","IDFxk/Ro","C0"
"11076","BECv11","IDFxk","IDFxk/Ro","B0"
"11077","BECv11","IDFxk","IDFxk/Ro","A0"
"11078","BECv10","IDFxm","IDFxm/01","D4"
"11079","BECv10","IDFxm","IDFxm/01","D3"
"11080","BECv10","IDFxm","IDFxm/01","C4"
"11081","BECv10","IDFxm","IDFxm/01","C3"
"11082","BECv10","IDFxm","IDFxm/01","B4"
"11083","BECv10","IDFxm","IDFxm/01","B3"
"11084","BECv10","IDFxm","IDFxm/01a","D4"
"11085","BECv10","IDFxm","IDFxm/01a","D3"
"11086","BECv10","IDFxm","IDFxm/01a","C4"
"11087","BECv10","IDFxm","IDFxm/01a","C3"
"11088","BECv10","IDFxm","IDFxm/01a","B4"
"11089","BECv10","IDFxm","IDFxm/01a","B3"
"11090","BECv10","IDFxm","IDFxm/01b","D4"
"11091","BECv10","IDFxm","IDFxm/01b","D3"
"11092","BECv10","IDFxm","IDFxm/01b","C4"
"11093","BECv10","IDFxm","IDFxm/01b","C3"
"11094","BECv10","IDFxm","IDFxm/01b","B4"
"11095","BECv10","IDFxm","IDFxm/01b","B3"
"11096","BECv10","IDFxm","IDFxm/02","D2"
"11097","BECv10","IDFxm","IDFxm/02","D1"
"11098","BECv10","IDFxm","IDFxm/02","C2"
"11099","BECv10","IDFxm","IDFxm/02","C1"
"11100","BECv10","IDFxm","IDFxm/02","B2"
"11101","BECv10","IDFxm","IDFxm/02","B1"
"11102","BECv10","IDFxm","IDFxm/02","A2"
"11103","BECv10","IDFxm","IDFxm/02","A1"
"11104","BECv10","IDFxm","IDFxm/02a","D2"
"11105","BECv10","IDFxm","IDFxm/02a","D1"
"11106","BECv10","IDFxm","IDFxm/02a","C2"
"11107","BECv10","IDFxm","IDFxm/02a","C1"
"11108","BECv10","IDFxm","IDFxm/02a","B2"
"11109","BECv10","IDFxm","IDFxm/02a","A2"
"11110","BECv10","IDFxm","IDFxm/02b","D1"
"11111","BECv10","IDFxm","IDFxm/02b","C1"
"11112","BECv10","IDFxm","IDFxm/02b","B2"
"11113","BECv10","IDFxm","IDFxm/02b","B1"
"11114","BECv10","IDFxm","IDFxm/02b","A2"
"11115","BECv10","IDFxm","IDFxm/02b","A1"
"11116","BECv10","IDFxm","IDFxm/03","B3"
"11117","BECv10","IDFxm","IDFxm/03","B2"
"11118","BECv10","IDFxm","IDFxm/03","A3"
"11119","BECv10","IDFxm","IDFxm/03","A2"
"11120","BECv10","IDFxm","IDFxm/04","D3"
"11121","BECv10","IDFxm","IDFxm/04","D2"
"11122","BECv10","IDFxm","IDFxm/04","C3"
"11123","BECv10","IDFxm","IDFxm/04","C2"
"11124","BECv10","IDFxm","IDFxm/04","B3"
"11125","BECv10","IDFxm","IDFxm/04","B2"
"11126","BECv10","IDFxm","IDFxm/05","D4"
"11127","BECv10","IDFxm","IDFxm/05","D3"
"11128","BECv10","IDFxm","IDFxm/05","C4"
"11129","BECv10","IDFxm","IDFxm/05","C3"
"11130","BECv10","IDFxm","IDFxm/05","B4"
"11131","BECv10","IDFxm","IDFxm/05","B3"
"11132","BECv10","IDFxm","IDFxm/06","D5"
"11133","BECv10","IDFxm","IDFxm/06","C5"
"11134","BECv10","IDFxm","IDFxm/06","B5"
"11135","BECv10","IDFxm","IDFxm/07","E5"
"11136","BECv10","IDFxm","IDFxm/07","D5"
"11137","BECv10","IDFxm","IDFxm/07","C5"
"11138","BECv10","IDFxm","IDFxm/08","E6"
"11139","BECv10","IDFxm","IDFxm/08","E5"
"11140","BECv10","IDFxm","IDFxm/08","D6"
"11141","BECv10","IDFxm","IDFxm/08","D5"
"11142","BECv10","IDFxm","IDFxm/08","C6"
"11143","BECv10","IDFxm","IDFxm/08","C5"
"11144","BECv10","IDFxm","IDFxm/08","B6"
"11145","BECv10","IDFxm","IDFxm/08","B5"
"11146","BECv10","IDFxm","IDFxm/09","E7"
"11147","BECv10","IDFxm","IDFxm/09","E6"
"11148","BECv10","IDFxm","IDFxm/09","D7"
"11149","BECv10","IDFxm","IDFxm/09","D6"
"11150","BECv10","IDFxm","IDFxm/09","C7"
"11151","BECv10","IDFxm","IDFxm/09","C6"
"11152","BECv10","IDFxm","IDFxm/09","B7"
"11153","BECv10","IDFxm","IDFxm/09","B6"
"11154","BECv10","IDFxm","IDFxm/10","D5"
"11155","BECv10","IDFxm","IDFxm/10","C6"
"11156","BECv10","IDFxm","IDFxm/10","C5"
"11157","BECv10","IDFxm","IDFxm/Gg","D5"
"11158","BECv10","IDFxm","IDFxm/Gg","D4"
"11159","BECv10","IDFxm","IDFxm/Gg","D3"
"11160","BECv10","IDFxm","IDFxm/Gg","D2"
"11161","BECv10","IDFxm","IDFxm/Gg","C6"
"11162","BECv10","IDFxm","IDFxm/Gg","C5"
"11163","BECv10","IDFxm","IDFxm/Gg","C4"
"11164","BECv10","IDFxm","IDFxm/Gg","C3"
"11165","BECv10","IDFxm","IDFxm/Gg","C2"
"11166","Add_2021","IDFxm","IDFxm/Ro","A0"
"11167","Add_2021","IDFxm","IDFxm/Ro","B0"
"11168","USA_2019","IDFxm_CO","IDFxm_CO/101","D4"
"11169","USA_2019","IDFxm_CO","IDFxm_CO/101","D3"
"11170","USA_2019","IDFxm_CO","IDFxm_CO/101","C4"
"11171","USA_2019","IDFxm_CO","IDFxm_CO/101","C3"
"11172","USA_2019","IDFxm_CO","IDFxm_CO/101","B4"
"11173","USA_2019","IDFxm_CO","IDFxm_CO/101","B3"
"11174","USA_2019","IDFxm_CO","IDFxm_CO/102","D2"
"11175","USA_2019","IDFxm_CO","IDFxm_CO/102","C2"
"11176","USA_2019","IDFxm_CO","IDFxm_CO/102","B2"
"11177","USA_2019","IDFxm_CO","IDFxm_CO/102","A2"
"11178","USA_2019","IDFxm_CO","IDFxm_CO/110","C5"
"11179","USA_2019","IDFxm_CO","IDFxm_CO/110","B5"
"11180","USA_2019","IDFxm_CO","IDFxm_CO/111","C6"
"11181","USA_2019","IDFxm_CO","IDFxm_CO/111","B6"
"11182","USA_2019","IDFxm_CO","IDFxm_CO/112","E5"
"11183","USA_2019","IDFxm_CO","IDFxm_CO/112","D5"
"11184","USA_2019","IDFxm_CO","IDFxm_CO/113","E6"
"11185","USA_2019","IDFxm_CO","IDFxm_CO/113","D6"
"11186","USA_2019","IDFxm_CO","IDFxm_CO/Gg","D1"
"11187","USA_2019","IDFxm_CO","IDFxm_CO/Gg","C1"
"11188","USA_2019","IDFxm_CO","IDFxm_CO/Gg","B1"
"11189","USA_2019","IDFxm_CO","IDFxm_CO/Gg","A1"
"11190","Add_2021","IDFxm_CO","IDFxm_CO/Ro","A0"
"11191","Add_2021","IDFxm_CO","IDFxm_CO/Ro","B0"
"11192","BECv10","IDFxw","IDFxw/01","D4"
"11193","BECv10","IDFxw","IDFxw/01","D3"
"11194","BECv10","IDFxw","IDFxw/01","C4"
"11195","BECv10","IDFxw","IDFxw/01","C3"
"11196","BECv10","IDFxw","IDFxw/01","B4"
"11197","BECv10","IDFxw","IDFxw/01","B3"
"11198","BECv10","IDFxw","IDFxw/02","D1"
"11199","BECv10","IDFxw","IDFxw/02","C1"
"11200","BECv10","IDFxw","IDFxw/02","B1"
"11201","BECv10","IDFxw","IDFxw/03","D2"
"11202","BECv10","IDFxw","IDFxw/03","C2"
"11203","BECv10","IDFxw","IDFxw/03","B2"
"11204","BECv10","IDFxw","IDFxw/04","D3"
"11205","BECv10","IDFxw","IDFxw/04","D2"
"11206","BECv10","IDFxw","IDFxw/04","C3"
"11207","BECv10","IDFxw","IDFxw/04","C2"
"11208","BECv10","IDFxw","IDFxw/04","B3"
"11209","BECv10","IDFxw","IDFxw/04","B2"
"11210","BECv10","IDFxw","IDFxw/05","D3"
"11211","BECv10","IDFxw","IDFxw/05","C3"
"11212","BECv10","IDFxw","IDFxw/05","B3"
"11213","BECv10","IDFxw","IDFxw/06","E5"
"11214","BECv10","IDFxw","IDFxw/06","D5"
"11215","BECv10","IDFxw","IDFxw/06","C5"
"11216","BECv10","IDFxw","IDFxw/07","E6"
"11217","BECv10","IDFxw","IDFxw/07","D6"
"11218","BECv10","IDFxw","IDFxw/07","C6"
"11219","Add_2021","IDFxw","IDFxw/Ro","A0"
"11220","Add_2021","IDFxw","IDFxw/Ro","B0"
"11221","USA_2019","IDFxx_MT","IDFxx_MT/101","D4"
"11222","USA_2019","IDFxx_MT","IDFxx_MT/101","D3"
"11223","USA_2019","IDFxx_MT","IDFxx_MT/101","C4"
"11224","USA_2019","IDFxx_MT","IDFxx_MT/101","C3"
"11225","USA_2019","IDFxx_MT","IDFxx_MT/101","B4"
"11226","USA_2019","IDFxx_MT","IDFxx_MT/101","B3"
"11227","USA_2019","IDFxx_MT","IDFxx_MT/101","A4"
"11228","USA_2019","IDFxx_MT","IDFxx_MT/101","A3"
"11229","USA_2019","IDFxx_MT","IDFxx_MT/110","C5"
"11230","USA_2019","IDFxx_MT","IDFxx_MT/110","B5"
"11231","USA_2019","IDFxx_MT","IDFxx_MT/111","C6"
"11232","USA_2019","IDFxx_MT","IDFxx_MT/111","B6"
"11233","USA_2019","IDFxx_MT","IDFxx_MT/112","E5"
"11234","USA_2019","IDFxx_MT","IDFxx_MT/112","D5"
"11235","USA_2019","IDFxx_MT","IDFxx_MT/113","E6"
"11236","USA_2019","IDFxx_MT","IDFxx_MT/113","D6"
"11237","USA_2019","IDFxx_MT","IDFxx_MT/Gg","D2"
"11238","USA_2019","IDFxx_MT","IDFxx_MT/Gg","D1"
"11239","USA_2019","IDFxx_MT","IDFxx_MT/Gg","C2"
"11240","USA_2019","IDFxx_MT","IDFxx_MT/Gg","C1"
"11241","USA_2019","IDFxx_MT","IDFxx_MT/Gg","B2"
"11242","USA_2019","IDFxx_MT","IDFxx_MT/Gg","B1"
"11243","USA_2019","IDFxx_MT","IDFxx_MT/Gg","A2"
"11244","USA_2019","IDFxx_MT","IDFxx_MT/Gg","A1"
"11245","Add_2021","IDFxx_MT","IDFxx_MT/Ro","A0"
"11246","Add_2021","IDFxx_MT","IDFxx_MT/Ro","B0"
"11247","USA_2019","IDFxx_WA","IDFxx_WA/101","D4"
"11248","USA_2019","IDFxx_WA","IDFxx_WA/101","D3"
"11249","USA_2019","IDFxx_WA","IDFxx_WA/101","C4"
"11250","USA_2019","IDFxx_WA","IDFxx_WA/101","C3"
"11251","USA_2019","IDFxx_WA","IDFxx_WA/101","B4"
"11252","USA_2019","IDFxx_WA","IDFxx_WA/101","B3"
"11253","USA_2019","IDFxx_WA","IDFxx_WA/102","D1"
"11254","USA_2019","IDFxx_WA","IDFxx_WA/102","C1"
"11255","USA_2019","IDFxx_WA","IDFxx_WA/102","B1"
"11256","USA_2019","IDFxx_WA","IDFxx_WA/102","A1"
"11257","USA_2019","IDFxx_WA","IDFxx_WA/103","D2"
"11258","USA_2019","IDFxx_WA","IDFxx_WA/103","C2"
"11259","USA_2019","IDFxx_WA","IDFxx_WA/103","B2"
"11260","USA_2019","IDFxx_WA","IDFxx_WA/103","A2"
"11261","USA_2019","IDFxx_WA","IDFxx_WA/110","C5"
"11262","USA_2019","IDFxx_WA","IDFxx_WA/110","B5"
"11263","USA_2019","IDFxx_WA","IDFxx_WA/111","C6"
"11264","USA_2019","IDFxx_WA","IDFxx_WA/111","B6"
"11265","USA_2019","IDFxx_WA","IDFxx_WA/112","E5"
"11266","USA_2019","IDFxx_WA","IDFxx_WA/112","D5"
"11267","USA_2019","IDFxx_WA","IDFxx_WA/113","E6"
"11268","USA_2019","IDFxx_WA","IDFxx_WA/113","D6"
"11269","Add_2021","IDFxx_WA","IDFxx_WA/Ro","A0"
"11270","Add_2021","IDFxx_WA","IDFxx_WA/Ro","B0"
"11271","BECv12","IDFxx1","IDFxx1/101","D4"
"11272","BECv12","IDFxx1","IDFxx1/101","C4"
"11273","BECv12","IDFxx1","IDFxx1/101","B4"
"11274","BECv12","IDFxx1","IDFxx1/102","C1"
"11275","BECv12","IDFxx1","IDFxx1/102","B1"
"11276","BECv12","IDFxx1","IDFxx1/102","A1"
"11277","BECv12","IDFxx1","IDFxx1/103","D2"
"11278","BECv12","IDFxx1","IDFxx1/103","C2"
"11279","BECv12","IDFxx1","IDFxx1/103","B2"
"11280","BECv12","IDFxx1","IDFxx1/104","D3"
"11281","BECv12","IDFxx1","IDFxx1/104","C3"
"11282","BECv12","IDFxx1","IDFxx1/104","B3"
"11283","BECv12","IDFxx1","IDFxx1/110","D5"
"11284","BECv12","IDFxx1","IDFxx1/110","D4"
"11285","BECv12","IDFxx1","IDFxx1/110","C5"
"11286","BECv12","IDFxx1","IDFxx1/111","D6"
"11287","BECv12","IDFxx1","IDFxx1/111","D5"
"11288","BECv12","IDFxx1","IDFxx1/111","C6"
"11289","BECv12","IDFxx1","IDFxx1/111","C5"
"11290","Add_2021","IDFxx1","IDFxx1/Ro","A0"
"11291","Add_2021","IDFxx1","IDFxx1/Ro","B0"
"11292","BECv11","IDFxx2","IDFxx2/101","D4"
"11293","BECv11","IDFxx2","IDFxx2/101","C4"
"11294","BECv11","IDFxx2","IDFxx2/101","B4"
"11295","BECv11","IDFxx2","IDFxx2/102","C1"
"11296","BECv11","IDFxx2","IDFxx2/102","B1"
"11297","BECv11","IDFxx2","IDFxx2/102","A1"
"11298","BECv11","IDFxx2","IDFxx2/103","D2"
"11299","BECv11","IDFxx2","IDFxx2/103","C2"
"11300","BECv11","IDFxx2","IDFxx2/103","B2"
"11301","BECv11","IDFxx2","IDFxx2/104","D3"
"11302","BECv11","IDFxx2","IDFxx2/104","C3"
"11303","BECv11","IDFxx2","IDFxx2/104","B3"
"11304","BECv11","IDFxx2","IDFxx2/110","D4"
"11305","BECv11","IDFxx2","IDFxx2/110","C4"
"11306","BECv11","IDFxx2","IDFxx2/111","E5"
"11307","BECv11","IDFxx2","IDFxx2/111","D5"
"11308","BECv11","IDFxx2","IDFxx2/111","C5"
"11309","BECv11","IDFxx2","IDFxx2/112","E6"
"11310","BECv11","IDFxx2","IDFxx2/112","D7"
"11311","BECv11","IDFxx2","IDFxx2/112","D6"
"11312","BECv11","IDFxx2","IDFxx2/112","C7"
"11313","BECv11","IDFxx2","IDFxx2/112","C6"
"11314","BECv11","IDFxx2","IDFxx2/112a","E6"
"11315","BECv11","IDFxx2","IDFxx2/112a","D6"
"11316","BECv11","IDFxx2","IDFxx2/112a","C6"
"11317","BECv11","IDFxx2","IDFxx2/112b","D7"
"11318","BECv11","IDFxx2","IDFxx2/112b","C7"
"11319","BECv12","IDFxx2","IDFxx2/Fm01","E6"
"11320","BECv12","IDFxx2","IDFxx2/Fm01","E5"
"11321","BECv12","IDFxx2","IDFxx2/Fm02","E6"
"11322","BECv12","IDFxx2","IDFxx2/Fm02","E5"
"11323","BECv12","IDFxx2","IDFxx2/Fm07","E6"
"11324","BECv12","IDFxx2","IDFxx2/Fm07","E5"
"11325","BECv11","IDFxx2","IDFxx2/Ro","C0"
"11326","BECv11","IDFxx2","IDFxx2/Ro","B0"
"11327","BECv11","IDFxx2","IDFxx2/Ro","A0"
"11328","USA_2019","IGFdk_WA","IGFdk_WA/101","D4"
"11329","USA_2019","IGFdk_WA","IGFdk_WA/101","D3"
"11330","USA_2019","IGFdk_WA","IGFdk_WA/101","C4"
"11331","USA_2019","IGFdk_WA","IGFdk_WA/101","C3"
"11332","USA_2019","IGFdk_WA","IGFdk_WA/101","B4"
"11333","USA_2019","IGFdk_WA","IGFdk_WA/101","B3"
"11334","USA_2019","IGFdk_WA","IGFdk_WA/102","D1"
"11335","USA_2019","IGFdk_WA","IGFdk_WA/102","C1"
"11336","USA_2019","IGFdk_WA","IGFdk_WA/102","B1"
"11337","USA_2019","IGFdk_WA","IGFdk_WA/102","A1"
"11338","USA_2019","IGFdk_WA","IGFdk_WA/103","D2"
"11339","USA_2019","IGFdk_WA","IGFdk_WA/103","C2"
"11340","USA_2019","IGFdk_WA","IGFdk_WA/103","B2"
"11341","USA_2019","IGFdk_WA","IGFdk_WA/103","A2"
"11342","USA_2019","IGFdk_WA","IGFdk_WA/110","C5"
"11343","USA_2019","IGFdk_WA","IGFdk_WA/110","B5"
"11344","USA_2019","IGFdk_WA","IGFdk_WA/111","C6"
"11345","USA_2019","IGFdk_WA","IGFdk_WA/111","B6"
"11346","USA_2019","IGFdk_WA","IGFdk_WA/112","E5"
"11347","USA_2019","IGFdk_WA","IGFdk_WA/112","D5"
"11348","USA_2019","IGFdk_WA","IGFdk_WA/113","E6"
"11349","USA_2019","IGFdk_WA","IGFdk_WA/113","D6"
"11350","Add_2021","IGFdk_WA","IGFdk_WA/Ro","A0"
"11351","Add_2021","IGFdk_WA","IGFdk_WA/Ro","B0"
"11352","USA_2019","IGFdw_OR","IGFdw_OR/101","D4"
"11353","USA_2019","IGFdw_OR","IGFdw_OR/101","D3"
"11354","USA_2019","IGFdw_OR","IGFdw_OR/101","C4"
"11355","USA_2019","IGFdw_OR","IGFdw_OR/101","C3"
"11356","USA_2019","IGFdw_OR","IGFdw_OR/101","B4"
"11357","USA_2019","IGFdw_OR","IGFdw_OR/101","B3"
"11358","USA_2019","IGFdw_OR","IGFdw_OR/102","D1"
"11359","USA_2019","IGFdw_OR","IGFdw_OR/102","C1"
"11360","USA_2019","IGFdw_OR","IGFdw_OR/102","B1"
"11361","USA_2019","IGFdw_OR","IGFdw_OR/102","A1"
"11362","USA_2019","IGFdw_OR","IGFdw_OR/103","D2"
"11363","USA_2019","IGFdw_OR","IGFdw_OR/103","C2"
"11364","USA_2019","IGFdw_OR","IGFdw_OR/103","B2"
"11365","USA_2019","IGFdw_OR","IGFdw_OR/103","A2"
"11366","USA_2019","IGFdw_OR","IGFdw_OR/110","C5"
"11367","USA_2019","IGFdw_OR","IGFdw_OR/110","B5"
"11368","USA_2019","IGFdw_OR","IGFdw_OR/111","C6"
"11369","USA_2019","IGFdw_OR","IGFdw_OR/111","B6"
"11370","USA_2019","IGFdw_OR","IGFdw_OR/112","E5"
"11371","USA_2019","IGFdw_OR","IGFdw_OR/112","D5"
"11372","USA_2019","IGFdw_OR","IGFdw_OR/113","E6"
"11373","USA_2019","IGFdw_OR","IGFdw_OR/113","D6"
"11374","Add_2021","IGFdw_OR","IGFdw_OR/Ro","A0"
"11375","Add_2021","IGFdw_OR","IGFdw_OR/Ro","B0"
"11376","USA_2020","IGFmh_OR","IGFmh_OR/101","D4"
"11377","USA_2020","IGFmh_OR","IGFmh_OR/101","D3"
"11378","USA_2020","IGFmh_OR","IGFmh_OR/101","C4"
"11379","USA_2020","IGFmh_OR","IGFmh_OR/101","C3"
"11380","USA_2020","IGFmh_OR","IGFmh_OR/101","B4"
"11381","USA_2020","IGFmh_OR","IGFmh_OR/101","B3"
"11382","USA_2020","IGFmh_OR","IGFmh_OR/102","D1"
"11383","USA_2020","IGFmh_OR","IGFmh_OR/102","C1"
"11384","USA_2020","IGFmh_OR","IGFmh_OR/102","B1"
"11385","USA_2020","IGFmh_OR","IGFmh_OR/102","A1"
"11386","USA_2020","IGFmh_OR","IGFmh_OR/103","D2"
"11387","USA_2020","IGFmh_OR","IGFmh_OR/103","C2"
"11388","USA_2020","IGFmh_OR","IGFmh_OR/103","B2"
"11389","USA_2020","IGFmh_OR","IGFmh_OR/103","A2"
"11390","USA_2020","IGFmh_OR","IGFmh_OR/110","C5"
"11391","USA_2020","IGFmh_OR","IGFmh_OR/110","B5"
"11392","USA_2020","IGFmh_OR","IGFmh_OR/111","C6"
"11393","USA_2020","IGFmh_OR","IGFmh_OR/111","B6"
"11394","USA_2020","IGFmh_OR","IGFmh_OR/112","E5"
"11395","USA_2020","IGFmh_OR","IGFmh_OR/112","D5"
"11396","USA_2020","IGFmh_OR","IGFmh_OR/113","E6"
"11397","USA_2020","IGFmh_OR","IGFmh_OR/113","D6"
"11398","Add_2021","IGFmh_OR","IGFmh_OR/Ro","A0"
"11399","Add_2021","IGFmh_OR","IGFmh_OR/Ro","B0"
"11400","USA_2019","IGFmm_OR","IGFmm_OR/101","D4"
"11401","USA_2019","IGFmm_OR","IGFmm_OR/101","D3"
"11402","USA_2019","IGFmm_OR","IGFmm_OR/101","C4"
"11403","USA_2019","IGFmm_OR","IGFmm_OR/101","C3"
"11404","USA_2019","IGFmm_OR","IGFmm_OR/101","B4"
"11405","USA_2019","IGFmm_OR","IGFmm_OR/101","B3"
"11406","USA_2019","IGFmm_OR","IGFmm_OR/102","D1"
"11407","USA_2019","IGFmm_OR","IGFmm_OR/102","C1"
"11408","USA_2019","IGFmm_OR","IGFmm_OR/102","B1"
"11409","USA_2019","IGFmm_OR","IGFmm_OR/102","A1"
"11410","USA_2019","IGFmm_OR","IGFmm_OR/103","D2"
"11411","USA_2019","IGFmm_OR","IGFmm_OR/103","C2"
"11412","USA_2019","IGFmm_OR","IGFmm_OR/103","B2"
"11413","USA_2019","IGFmm_OR","IGFmm_OR/103","A2"
"11414","USA_2019","IGFmm_OR","IGFmm_OR/110","C5"
"11415","USA_2019","IGFmm_OR","IGFmm_OR/110","B5"
"11416","USA_2019","IGFmm_OR","IGFmm_OR/111","C6"
"11417","USA_2019","IGFmm_OR","IGFmm_OR/111","B6"
"11418","USA_2019","IGFmm_OR","IGFmm_OR/112","E5"
"11419","USA_2019","IGFmm_OR","IGFmm_OR/112","D5"
"11420","USA_2019","IGFmm_OR","IGFmm_OR/113","E6"
"11421","USA_2019","IGFmm_OR","IGFmm_OR/113","D6"
"11422","Add_2021","IGFmm_OR","IGFmm_OR/Ro","A0"
"11423","Add_2021","IGFmm_OR","IGFmm_OR/Ro","B0"
"11424","USA_2020","IGFxm_OR","IGFxm_OR/101","D4"
"11425","USA_2020","IGFxm_OR","IGFxm_OR/101","D3"
"11426","USA_2020","IGFxm_OR","IGFxm_OR/101","C4"
"11427","USA_2020","IGFxm_OR","IGFxm_OR/101","C3"
"11428","USA_2020","IGFxm_OR","IGFxm_OR/101","B4"
"11429","USA_2020","IGFxm_OR","IGFxm_OR/101","B3"
"11430","USA_2020","IGFxm_OR","IGFxm_OR/102","D2"
"11431","USA_2020","IGFxm_OR","IGFxm_OR/102","C2"
"11432","USA_2020","IGFxm_OR","IGFxm_OR/102","B2"
"11433","USA_2020","IGFxm_OR","IGFxm_OR/102","A2"
"11434","USA_2020","IGFxm_OR","IGFxm_OR/110","C5"
"11435","USA_2020","IGFxm_OR","IGFxm_OR/110","B5"
"11436","USA_2020","IGFxm_OR","IGFxm_OR/111","C6"
"11437","USA_2020","IGFxm_OR","IGFxm_OR/111","B6"
"11438","USA_2020","IGFxm_OR","IGFxm_OR/112","E5"
"11439","USA_2020","IGFxm_OR","IGFxm_OR/112","D5"
"11440","USA_2020","IGFxm_OR","IGFxm_OR/113","E6"
"11441","USA_2020","IGFxm_OR","IGFxm_OR/113","D6"
"11442","USA_2020","IGFxm_OR","IGFxm_OR/Gg","D1"
"11443","USA_2020","IGFxm_OR","IGFxm_OR/Gg","C1"
"11444","USA_2020","IGFxm_OR","IGFxm_OR/Gg","B1"
"11445","USA_2020","IGFxm_OR","IGFxm_OR/Gg","A1"
"11446","Add_2021","IGFxm_OR","IGFxm_OR/Ro","A0"
"11447","Add_2021","IGFxm_OR","IGFxm_OR/Ro","B0"
"11448","AB_2018","IMAab","IMAab/00","E7"
"11449","AB_2018","IMAab","IMAab/00","E6"
"11450","AB_2018","IMAab","IMAab/00","E5"
"11451","AB_2018","IMAab","IMAab/00","E4"
"11452","AB_2018","IMAab","IMAab/00","E3"
"11453","AB_2018","IMAab","IMAab/00","E2"
"11454","AB_2018","IMAab","IMAab/00","E1"
"11455","AB_2018","IMAab","IMAab/00","E0"
"11456","AB_2018","IMAab","IMAab/00","D7"
"11457","AB_2018","IMAab","IMAab/00","D6"
"11458","AB_2018","IMAab","IMAab/00","D5"
"11459","AB_2018","IMAab","IMAab/00","D4"
"11460","AB_2018","IMAab","IMAab/00","D3"
"11461","AB_2018","IMAab","IMAab/00","D2"
"11462","AB_2018","IMAab","IMAab/00","D1"
"11463","AB_2018","IMAab","IMAab/00","D0"
"11464","AB_2018","IMAab","IMAab/00","C7"
"11465","AB_2018","IMAab","IMAab/00","C6"
"11466","AB_2018","IMAab","IMAab/00","C5"
"11467","AB_2018","IMAab","IMAab/00","C4"
"11468","AB_2018","IMAab","IMAab/00","C3"
"11469","AB_2018","IMAab","IMAab/00","C2"
"11470","AB_2018","IMAab","IMAab/00","C1"
"11471","AB_2018","IMAab","IMAab/00","C0"
"11472","AB_2018","IMAab","IMAab/00","B7"
"11473","AB_2018","IMAab","IMAab/00","B6"
"11474","AB_2018","IMAab","IMAab/00","B5"
"11475","AB_2018","IMAab","IMAab/00","B4"
"11476","AB_2018","IMAab","IMAab/00","B3"
"11477","AB_2018","IMAab","IMAab/00","B2"
"11478","AB_2018","IMAab","IMAab/00","B1"
"11479","AB_2018","IMAab","IMAab/00","B0"
"11480","AB_2018","IMAab","IMAab/00","A7"
"11481","AB_2018","IMAab","IMAab/00","A6"
"11482","AB_2018","IMAab","IMAab/00","A5"
"11483","AB_2018","IMAab","IMAab/00","A4"
"11484","AB_2018","IMAab","IMAab/00","A3"
"11485","AB_2018","IMAab","IMAab/00","A2"
"11486","AB_2018","IMAab","IMAab/00","A1"
"11487","AB_2018","IMAab","IMAab/00","A0"
"11488","BECv10","IMAun","IMAun/00","E7"
"11489","BECv10","IMAun","IMAun/00","E6"
"11490","BECv10","IMAun","IMAun/00","E5"
"11491","BECv10","IMAun","IMAun/00","E4"
"11492","BECv10","IMAun","IMAun/00","E3"
"11493","BECv10","IMAun","IMAun/00","E2"
"11494","BECv10","IMAun","IMAun/00","E1"
"11495","BECv10","IMAun","IMAun/00","E0"
"11496","BECv10","IMAun","IMAun/00","D7"
"11497","BECv10","IMAun","IMAun/00","D6"
"11498","BECv10","IMAun","IMAun/00","D5"
"11499","BECv10","IMAun","IMAun/00","D4"
"11500","BECv10","IMAun","IMAun/00","D3"
"11501","BECv10","IMAun","IMAun/00","D2"
"11502","BECv10","IMAun","IMAun/00","D1"
"11503","BECv10","IMAun","IMAun/00","D0"
"11504","BECv10","IMAun","IMAun/00","C7"
"11505","BECv10","IMAun","IMAun/00","C6"
"11506","BECv10","IMAun","IMAun/00","C5"
"11507","BECv10","IMAun","IMAun/00","C4"
"11508","BECv10","IMAun","IMAun/00","C3"
"11509","BECv10","IMAun","IMAun/00","C2"
"11510","BECv10","IMAun","IMAun/00","C1"
"11511","BECv10","IMAun","IMAun/00","C0"
"11512","BECv10","IMAun","IMAun/00","B7"
"11513","BECv10","IMAun","IMAun/00","B6"
"11514","BECv10","IMAun","IMAun/00","B5"
"11515","BECv10","IMAun","IMAun/00","B4"
"11516","BECv10","IMAun","IMAun/00","B3"
"11517","BECv10","IMAun","IMAun/00","B2"
"11518","BECv10","IMAun","IMAun/00","B1"
"11519","BECv10","IMAun","IMAun/00","B0"
"11520","BECv10","IMAun","IMAun/00","A7"
"11521","BECv10","IMAun","IMAun/00","A6"
"11522","BECv10","IMAun","IMAun/00","A5"
"11523","BECv10","IMAun","IMAun/00","A4"
"11524","BECv10","IMAun","IMAun/00","A3"
"11525","BECv10","IMAun","IMAun/00","A2"
"11526","BECv10","IMAun","IMAun/00","A1"
"11527","BECv10","IMAun","IMAun/00","A0"
"11528","USA_2019","IMAun_CO","IMAun_CO/00","E7"
"11529","USA_2019","IMAun_CO","IMAun_CO/00","E6"
"11530","USA_2019","IMAun_CO","IMAun_CO/00","E5"
"11531","USA_2019","IMAun_CO","IMAun_CO/00","E4"
"11532","USA_2019","IMAun_CO","IMAun_CO/00","E3"
"11533","USA_2019","IMAun_CO","IMAun_CO/00","E2"
"11534","USA_2019","IMAun_CO","IMAun_CO/00","E1"
"11535","USA_2019","IMAun_CO","IMAun_CO/00","E0"
"11536","USA_2019","IMAun_CO","IMAun_CO/00","D7"
"11537","USA_2019","IMAun_CO","IMAun_CO/00","D6"
"11538","USA_2019","IMAun_CO","IMAun_CO/00","D5"
"11539","USA_2019","IMAun_CO","IMAun_CO/00","D4"
"11540","USA_2019","IMAun_CO","IMAun_CO/00","D3"
"11541","USA_2019","IMAun_CO","IMAun_CO/00","D2"
"11542","USA_2019","IMAun_CO","IMAun_CO/00","D1"
"11543","USA_2019","IMAun_CO","IMAun_CO/00","D0"
"11544","USA_2019","IMAun_CO","IMAun_CO/00","C7"
"11545","USA_2019","IMAun_CO","IMAun_CO/00","C6"
"11546","USA_2019","IMAun_CO","IMAun_CO/00","C5"
"11547","USA_2019","IMAun_CO","IMAun_CO/00","C4"
"11548","USA_2019","IMAun_CO","IMAun_CO/00","C3"
"11549","USA_2019","IMAun_CO","IMAun_CO/00","C2"
"11550","USA_2019","IMAun_CO","IMAun_CO/00","C1"
"11551","USA_2019","IMAun_CO","IMAun_CO/00","C0"
"11552","USA_2019","IMAun_CO","IMAun_CO/00","B7"
"11553","USA_2019","IMAun_CO","IMAun_CO/00","B6"
"11554","USA_2019","IMAun_CO","IMAun_CO/00","B5"
"11555","USA_2019","IMAun_CO","IMAun_CO/00","B4"
"11556","USA_2019","IMAun_CO","IMAun_CO/00","B3"
"11557","USA_2019","IMAun_CO","IMAun_CO/00","B2"
"11558","USA_2019","IMAun_CO","IMAun_CO/00","B1"
"11559","USA_2019","IMAun_CO","IMAun_CO/00","B0"
"11560","USA_2019","IMAun_CO","IMAun_CO/00","A7"
"11561","USA_2019","IMAun_CO","IMAun_CO/00","A6"
"11562","USA_2019","IMAun_CO","IMAun_CO/00","A5"
"11563","USA_2019","IMAun_CO","IMAun_CO/00","A4"
"11564","USA_2019","IMAun_CO","IMAun_CO/00","A3"
"11565","USA_2019","IMAun_CO","IMAun_CO/00","A2"
"11566","USA_2019","IMAun_CO","IMAun_CO/00","A1"
"11567","USA_2019","IMAun_CO","IMAun_CO/00","A0"
"11568","USA_2019","IMAun_ID","IMAun_ID/00","A0"
"11569","USA_2019","IMAun_ID","IMAun_ID/00","A1"
"11570","USA_2019","IMAun_ID","IMAun_ID/00","A2"
"11571","USA_2019","IMAun_ID","IMAun_ID/00","A3"
"11572","USA_2019","IMAun_ID","IMAun_ID/00","A4"
"11573","USA_2019","IMAun_ID","IMAun_ID/00","A5"
"11574","USA_2019","IMAun_ID","IMAun_ID/00","A6"
"11575","USA_2019","IMAun_ID","IMAun_ID/00","A7"
"11576","USA_2019","IMAun_ID","IMAun_ID/00","B0"
"11577","USA_2019","IMAun_ID","IMAun_ID/00","B1"
"11578","USA_2019","IMAun_ID","IMAun_ID/00","B2"
"11579","USA_2019","IMAun_ID","IMAun_ID/00","B3"
"11580","USA_2019","IMAun_ID","IMAun_ID/00","B4"
"11581","USA_2019","IMAun_ID","IMAun_ID/00","B5"
"11582","USA_2019","IMAun_ID","IMAun_ID/00","B6"
"11583","USA_2019","IMAun_ID","IMAun_ID/00","B7"
"11584","USA_2019","IMAun_ID","IMAun_ID/00","C0"
"11585","USA_2019","IMAun_ID","IMAun_ID/00","C1"
"11586","USA_2019","IMAun_ID","IMAun_ID/00","C2"
"11587","USA_2019","IMAun_ID","IMAun_ID/00","C3"
"11588","USA_2019","IMAun_ID","IMAun_ID/00","C4"
"11589","USA_2019","IMAun_ID","IMAun_ID/00","C5"
"11590","USA_2019","IMAun_ID","IMAun_ID/00","C6"
"11591","USA_2019","IMAun_ID","IMAun_ID/00","C7"
"11592","USA_2019","IMAun_ID","IMAun_ID/00","D0"
"11593","USA_2019","IMAun_ID","IMAun_ID/00","D1"
"11594","USA_2019","IMAun_ID","IMAun_ID/00","D2"
"11595","USA_2019","IMAun_ID","IMAun_ID/00","D3"
"11596","USA_2019","IMAun_ID","IMAun_ID/00","D4"
"11597","USA_2019","IMAun_ID","IMAun_ID/00","D5"
"11598","USA_2019","IMAun_ID","IMAun_ID/00","D6"
"11599","USA_2019","IMAun_ID","IMAun_ID/00","D7"
"11600","USA_2019","IMAun_ID","IMAun_ID/00","E0"
"11601","USA_2019","IMAun_ID","IMAun_ID/00","E1"
"11602","USA_2019","IMAun_ID","IMAun_ID/00","E2"
"11603","USA_2019","IMAun_ID","IMAun_ID/00","E3"
"11604","USA_2019","IMAun_ID","IMAun_ID/00","E4"
"11605","USA_2019","IMAun_ID","IMAun_ID/00","E5"
"11606","USA_2019","IMAun_ID","IMAun_ID/00","E6"
"11607","USA_2019","IMAun_ID","IMAun_ID/00","E7"
"11608","USA_2019","IMAun_MT","IMAun_MT/00","A0"
"11609","USA_2019","IMAun_MT","IMAun_MT/00","A1"
"11610","USA_2019","IMAun_MT","IMAun_MT/00","A2"
"11611","USA_2019","IMAun_MT","IMAun_MT/00","A3"
"11612","USA_2019","IMAun_MT","IMAun_MT/00","A4"
"11613","USA_2019","IMAun_MT","IMAun_MT/00","A5"
"11614","USA_2019","IMAun_MT","IMAun_MT/00","A6"
"11615","USA_2019","IMAun_MT","IMAun_MT/00","A7"
"11616","USA_2019","IMAun_MT","IMAun_MT/00","B0"
"11617","USA_2019","IMAun_MT","IMAun_MT/00","B1"
"11618","USA_2019","IMAun_MT","IMAun_MT/00","B2"
"11619","USA_2019","IMAun_MT","IMAun_MT/00","B3"
"11620","USA_2019","IMAun_MT","IMAun_MT/00","B4"
"11621","USA_2019","IMAun_MT","IMAun_MT/00","B5"
"11622","USA_2019","IMAun_MT","IMAun_MT/00","B6"
"11623","USA_2019","IMAun_MT","IMAun_MT/00","B7"
"11624","USA_2019","IMAun_MT","IMAun_MT/00","C0"
"11625","USA_2019","IMAun_MT","IMAun_MT/00","C1"
"11626","USA_2019","IMAun_MT","IMAun_MT/00","C2"
"11627","USA_2019","IMAun_MT","IMAun_MT/00","C3"
"11628","USA_2019","IMAun_MT","IMAun_MT/00","C4"
"11629","USA_2019","IMAun_MT","IMAun_MT/00","C5"
"11630","USA_2019","IMAun_MT","IMAun_MT/00","C6"
"11631","USA_2019","IMAun_MT","IMAun_MT/00","C7"
"11632","USA_2019","IMAun_MT","IMAun_MT/00","D0"
"11633","USA_2019","IMAun_MT","IMAun_MT/00","D1"
"11634","USA_2019","IMAun_MT","IMAun_MT/00","D2"
"11635","USA_2019","IMAun_MT","IMAun_MT/00","D3"
"11636","USA_2019","IMAun_MT","IMAun_MT/00","D4"
"11637","USA_2019","IMAun_MT","IMAun_MT/00","D5"
"11638","USA_2019","IMAun_MT","IMAun_MT/00","D6"
"11639","USA_2019","IMAun_MT","IMAun_MT/00","D7"
"11640","USA_2019","IMAun_MT","IMAun_MT/00","E0"
"11641","USA_2019","IMAun_MT","IMAun_MT/00","E1"
"11642","USA_2019","IMAun_MT","IMAun_MT/00","E2"
"11643","USA_2019","IMAun_MT","IMAun_MT/00","E3"
"11644","USA_2019","IMAun_MT","IMAun_MT/00","E4"
"11645","USA_2019","IMAun_MT","IMAun_MT/00","E5"
"11646","USA_2019","IMAun_MT","IMAun_MT/00","E6"
"11647","USA_2019","IMAun_MT","IMAun_MT/00","E7"
"11648","USA_2019","IMAun_OR","IMAun_OR/00","A0"
"11649","USA_2019","IMAun_OR","IMAun_OR/00","A1"
"11650","USA_2019","IMAun_OR","IMAun_OR/00","A2"
"11651","USA_2019","IMAun_OR","IMAun_OR/00","A3"
"11652","USA_2019","IMAun_OR","IMAun_OR/00","A4"
"11653","USA_2019","IMAun_OR","IMAun_OR/00","A5"
"11654","USA_2019","IMAun_OR","IMAun_OR/00","A6"
"11655","USA_2019","IMAun_OR","IMAun_OR/00","A7"
"11656","USA_2019","IMAun_OR","IMAun_OR/00","B0"
"11657","USA_2019","IMAun_OR","IMAun_OR/00","B1"
"11658","USA_2019","IMAun_OR","IMAun_OR/00","B2"
"11659","USA_2019","IMAun_OR","IMAun_OR/00","B3"
"11660","USA_2019","IMAun_OR","IMAun_OR/00","B4"
"11661","USA_2019","IMAun_OR","IMAun_OR/00","B5"
"11662","USA_2019","IMAun_OR","IMAun_OR/00","B6"
"11663","USA_2019","IMAun_OR","IMAun_OR/00","B7"
"11664","USA_2019","IMAun_OR","IMAun_OR/00","C0"
"11665","USA_2019","IMAun_OR","IMAun_OR/00","C1"
"11666","USA_2019","IMAun_OR","IMAun_OR/00","C2"
"11667","USA_2019","IMAun_OR","IMAun_OR/00","C3"
"11668","USA_2019","IMAun_OR","IMAun_OR/00","C4"
"11669","USA_2019","IMAun_OR","IMAun_OR/00","C5"
"11670","USA_2019","IMAun_OR","IMAun_OR/00","C6"
"11671","USA_2019","IMAun_OR","IMAun_OR/00","C7"
"11672","USA_2019","IMAun_OR","IMAun_OR/00","D0"
"11673","USA_2019","IMAun_OR","IMAun_OR/00","D1"
"11674","USA_2019","IMAun_OR","IMAun_OR/00","D2"
"11675","USA_2019","IMAun_OR","IMAun_OR/00","D3"
"11676","USA_2019","IMAun_OR","IMAun_OR/00","D4"
"11677","USA_2019","IMAun_OR","IMAun_OR/00","D5"
"11678","USA_2019","IMAun_OR","IMAun_OR/00","D6"
"11679","USA_2019","IMAun_OR","IMAun_OR/00","D7"
"11680","USA_2019","IMAun_OR","IMAun_OR/00","E0"
"11681","USA_2019","IMAun_OR","IMAun_OR/00","E1"
"11682","USA_2019","IMAun_OR","IMAun_OR/00","E2"
"11683","USA_2019","IMAun_OR","IMAun_OR/00","E3"
"11684","USA_2019","IMAun_OR","IMAun_OR/00","E4"
"11685","USA_2019","IMAun_OR","IMAun_OR/00","E5"
"11686","USA_2019","IMAun_OR","IMAun_OR/00","E6"
"11687","USA_2019","IMAun_OR","IMAun_OR/00","E7"
"11688","USA_2019","IMAun_WA","IMAun_WA/00","A0"
"11689","USA_2019","IMAun_WA","IMAun_WA/00","A1"
"11690","USA_2019","IMAun_WA","IMAun_WA/00","A2"
"11691","USA_2019","IMAun_WA","IMAun_WA/00","A3"
"11692","USA_2019","IMAun_WA","IMAun_WA/00","A4"
"11693","USA_2019","IMAun_WA","IMAun_WA/00","A5"
"11694","USA_2019","IMAun_WA","IMAun_WA/00","A6"
"11695","USA_2019","IMAun_WA","IMAun_WA/00","A7"
"11696","USA_2019","IMAun_WA","IMAun_WA/00","B0"
"11697","USA_2019","IMAun_WA","IMAun_WA/00","B1"
"11698","USA_2019","IMAun_WA","IMAun_WA/00","B2"
"11699","USA_2019","IMAun_WA","IMAun_WA/00","B3"
"11700","USA_2019","IMAun_WA","IMAun_WA/00","B4"
"11701","USA_2019","IMAun_WA","IMAun_WA/00","B5"
"11702","USA_2019","IMAun_WA","IMAun_WA/00","B6"
"11703","USA_2019","IMAun_WA","IMAun_WA/00","B7"
"11704","USA_2019","IMAun_WA","IMAun_WA/00","C0"
"11705","USA_2019","IMAun_WA","IMAun_WA/00","C1"
"11706","USA_2019","IMAun_WA","IMAun_WA/00","C2"
"11707","USA_2019","IMAun_WA","IMAun_WA/00","C3"
"11708","USA_2019","IMAun_WA","IMAun_WA/00","C4"
"11709","USA_2019","IMAun_WA","IMAun_WA/00","C5"
"11710","USA_2019","IMAun_WA","IMAun_WA/00","C6"
"11711","USA_2019","IMAun_WA","IMAun_WA/00","C7"
"11712","USA_2019","IMAun_WA","IMAun_WA/00","D0"
"11713","USA_2019","IMAun_WA","IMAun_WA/00","D1"
"11714","USA_2019","IMAun_WA","IMAun_WA/00","D2"
"11715","USA_2019","IMAun_WA","IMAun_WA/00","D3"
"11716","USA_2019","IMAun_WA","IMAun_WA/00","D4"
"11717","USA_2019","IMAun_WA","IMAun_WA/00","D5"
"11718","USA_2019","IMAun_WA","IMAun_WA/00","D6"
"11719","USA_2019","IMAun_WA","IMAun_WA/00","D7"
"11720","USA_2019","IMAun_WA","IMAun_WA/00","E0"
"11721","USA_2019","IMAun_WA","IMAun_WA/00","E1"
"11722","USA_2019","IMAun_WA","IMAun_WA/00","E2"
"11723","USA_2019","IMAun_WA","IMAun_WA/00","E3"
"11724","USA_2019","IMAun_WA","IMAun_WA/00","E4"
"11725","USA_2019","IMAun_WA","IMAun_WA/00","E5"
"11726","USA_2019","IMAun_WA","IMAun_WA/00","E6"
"11727","USA_2019","IMAun_WA","IMAun_WA/00","E7"
"11728","USA_2019","IMAun_WY","IMAun_WY/00","E7"
"11729","USA_2019","IMAun_WY","IMAun_WY/00","E6"
"11730","USA_2019","IMAun_WY","IMAun_WY/00","E5"
"11731","USA_2019","IMAun_WY","IMAun_WY/00","E4"
"11732","USA_2019","IMAun_WY","IMAun_WY/00","E3"
"11733","USA_2019","IMAun_WY","IMAun_WY/00","E2"
"11734","USA_2019","IMAun_WY","IMAun_WY/00","E1"
"11735","USA_2019","IMAun_WY","IMAun_WY/00","E0"
"11736","USA_2019","IMAun_WY","IMAun_WY/00","D7"
"11737","USA_2019","IMAun_WY","IMAun_WY/00","D6"
"11738","USA_2019","IMAun_WY","IMAun_WY/00","D5"
"11739","USA_2019","IMAun_WY","IMAun_WY/00","D4"
"11740","USA_2019","IMAun_WY","IMAun_WY/00","D3"
"11741","USA_2019","IMAun_WY","IMAun_WY/00","D2"
"11742","USA_2019","IMAun_WY","IMAun_WY/00","D1"
"11743","USA_2019","IMAun_WY","IMAun_WY/00","D0"
"11744","USA_2019","IMAun_WY","IMAun_WY/00","C7"
"11745","USA_2019","IMAun_WY","IMAun_WY/00","C6"
"11746","USA_2019","IMAun_WY","IMAun_WY/00","C5"
"11747","USA_2019","IMAun_WY","IMAun_WY/00","C4"
"11748","USA_2019","IMAun_WY","IMAun_WY/00","C3"
"11749","USA_2019","IMAun_WY","IMAun_WY/00","C2"
"11750","USA_2019","IMAun_WY","IMAun_WY/00","C1"
"11751","USA_2019","IMAun_WY","IMAun_WY/00","C0"
"11752","USA_2019","IMAun_WY","IMAun_WY/00","B7"
"11753","USA_2019","IMAun_WY","IMAun_WY/00","B6"
"11754","USA_2019","IMAun_WY","IMAun_WY/00","B5"
"11755","USA_2019","IMAun_WY","IMAun_WY/00","B4"
"11756","USA_2019","IMAun_WY","IMAun_WY/00","B3"
"11757","USA_2019","IMAun_WY","IMAun_WY/00","B2"
"11758","USA_2019","IMAun_WY","IMAun_WY/00","B1"
"11759","USA_2019","IMAun_WY","IMAun_WY/00","B0"
"11760","USA_2019","IMAun_WY","IMAun_WY/00","A7"
"11761","USA_2019","IMAun_WY","IMAun_WY/00","A6"
"11762","USA_2019","IMAun_WY","IMAun_WY/00","A5"
"11763","USA_2019","IMAun_WY","IMAun_WY/00","A4"
"11764","USA_2019","IMAun_WY","IMAun_WY/00","A3"
"11765","USA_2019","IMAun_WY","IMAun_WY/00","A2"
"11766","USA_2019","IMAun_WY","IMAun_WY/00","A1"
"11767","USA_2019","IMAun_WY","IMAun_WY/00","A0"
"11768","BECv10","IMAunp","IMAunp/00","E7"
"11769","BECv10","IMAunp","IMAunp/00","E6"
"11770","BECv10","IMAunp","IMAunp/00","E5"
"11771","BECv10","IMAunp","IMAunp/00","E4"
"11772","BECv10","IMAunp","IMAunp/00","E3"
"11773","BECv10","IMAunp","IMAunp/00","E2"
"11774","BECv10","IMAunp","IMAunp/00","E1"
"11775","BECv10","IMAunp","IMAunp/00","E0"
"11776","BECv10","IMAunp","IMAunp/00","D7"
"11777","BECv10","IMAunp","IMAunp/00","D6"
"11778","BECv10","IMAunp","IMAunp/00","D5"
"11779","BECv10","IMAunp","IMAunp/00","D4"
"11780","BECv10","IMAunp","IMAunp/00","D3"
"11781","BECv10","IMAunp","IMAunp/00","D2"
"11782","BECv10","IMAunp","IMAunp/00","D1"
"11783","BECv10","IMAunp","IMAunp/00","D0"
"11784","BECv10","IMAunp","IMAunp/00","C7"
"11785","BECv10","IMAunp","IMAunp/00","C6"
"11786","BECv10","IMAunp","IMAunp/00","C5"
"11787","BECv10","IMAunp","IMAunp/00","C4"
"11788","BECv10","IMAunp","IMAunp/00","C3"
"11789","BECv10","IMAunp","IMAunp/00","C2"
"11790","BECv10","IMAunp","IMAunp/00","C1"
"11791","BECv10","IMAunp","IMAunp/00","C0"
"11792","BECv10","IMAunp","IMAunp/00","B7"
"11793","BECv10","IMAunp","IMAunp/00","B6"
"11794","BECv10","IMAunp","IMAunp/00","B5"
"11795","BECv10","IMAunp","IMAunp/00","B4"
"11796","BECv10","IMAunp","IMAunp/00","B3"
"11797","BECv10","IMAunp","IMAunp/00","B2"
"11798","BECv10","IMAunp","IMAunp/00","B1"
"11799","BECv10","IMAunp","IMAunp/00","B0"
"11800","BECv10","IMAunp","IMAunp/00","A7"
"11801","BECv10","IMAunp","IMAunp/00","A6"
"11802","BECv10","IMAunp","IMAunp/00","A5"
"11803","BECv10","IMAunp","IMAunp/00","A4"
"11804","BECv10","IMAunp","IMAunp/00","A3"
"11805","BECv10","IMAunp","IMAunp/00","A2"
"11806","BECv10","IMAunp","IMAunp/00","A1"
"11807","BECv10","IMAunp","IMAunp/00","A0"
"11808","USA_2019","IWFdm_CO","IWFdm_CO/101","D4"
"11809","USA_2019","IWFdm_CO","IWFdm_CO/101","D3"
"11810","USA_2019","IWFdm_CO","IWFdm_CO/101","C4"
"11811","USA_2019","IWFdm_CO","IWFdm_CO/101","C3"
"11812","USA_2019","IWFdm_CO","IWFdm_CO/101","B4"
"11813","USA_2019","IWFdm_CO","IWFdm_CO/101","B3"
"11814","USA_2019","IWFdm_CO","IWFdm_CO/102","D2"
"11815","USA_2019","IWFdm_CO","IWFdm_CO/102","C2"
"11816","USA_2019","IWFdm_CO","IWFdm_CO/102","B2"
"11817","USA_2019","IWFdm_CO","IWFdm_CO/102","A2"
"11818","USA_2019","IWFdm_CO","IWFdm_CO/110","E5"
"11819","USA_2019","IWFdm_CO","IWFdm_CO/110","D5"
"11820","USA_2019","IWFdm_CO","IWFdm_CO/110","C5"
"11821","USA_2019","IWFdm_CO","IWFdm_CO/110","B5"
"11822","USA_2019","IWFdm_CO","IWFdm_CO/111","C6"
"11823","USA_2019","IWFdm_CO","IWFdm_CO/111","B6"
"11824","USA_2019","IWFdm_CO","IWFdm_CO/113","E6"
"11825","USA_2019","IWFdm_CO","IWFdm_CO/113","D6"
"11826","USA_2020","IWFdm_CO","IWFdm_CO/Gg","A1"
"11827","USA_2020","IWFdm_CO","IWFdm_CO/Gg","B1"
"11828","USA_2020","IWFdm_CO","IWFdm_CO/Gg","C1"
"11829","USA_2020","IWFdm_CO","IWFdm_CO/Gg","D1"
"11830","Add_2021","IWFdm_CO","IWFdm_CO/Ro","A0"
"11831","Add_2021","IWFdm_CO","IWFdm_CO/Ro","B0"
"11832","USA_2019","IWFdw_OR","IWFdw_OR/101","D4"
"11833","USA_2019","IWFdw_OR","IWFdw_OR/101","D3"
"11834","USA_2019","IWFdw_OR","IWFdw_OR/101","C4"
"11835","USA_2019","IWFdw_OR","IWFdw_OR/101","C3"
"11836","USA_2019","IWFdw_OR","IWFdw_OR/101","B4"
"11837","USA_2019","IWFdw_OR","IWFdw_OR/101","B3"
"11838","USA_2019","IWFdw_OR","IWFdw_OR/102","D1"
"11839","USA_2019","IWFdw_OR","IWFdw_OR/102","C1"
"11840","USA_2019","IWFdw_OR","IWFdw_OR/102","B1"
"11841","USA_2019","IWFdw_OR","IWFdw_OR/102","A1"
"11842","USA_2019","IWFdw_OR","IWFdw_OR/103","D2"
"11843","USA_2019","IWFdw_OR","IWFdw_OR/103","C2"
"11844","USA_2019","IWFdw_OR","IWFdw_OR/103","B2"
"11845","USA_2019","IWFdw_OR","IWFdw_OR/103","A2"
"11846","USA_2019","IWFdw_OR","IWFdw_OR/110","C5"
"11847","USA_2019","IWFdw_OR","IWFdw_OR/110","B5"
"11848","USA_2019","IWFdw_OR","IWFdw_OR/111","C6"
"11849","USA_2019","IWFdw_OR","IWFdw_OR/111","B6"
"11850","USA_2019","IWFdw_OR","IWFdw_OR/112","E5"
"11851","USA_2019","IWFdw_OR","IWFdw_OR/112","D5"
"11852","USA_2019","IWFdw_OR","IWFdw_OR/113","E6"
"11853","USA_2019","IWFdw_OR","IWFdw_OR/113","D6"
"11854","Add_2021","IWFdw_OR","IWFdw_OR/Ro","A0"
"11855","Add_2021","IWFdw_OR","IWFdw_OR/Ro","B0"
"11856","USA_2019","IWFxk_NV","IWFxk_NV/101","D4"
"11857","USA_2019","IWFxk_NV","IWFxk_NV/101","D3"
"11858","USA_2019","IWFxk_NV","IWFxk_NV/101","C4"
"11859","USA_2019","IWFxk_NV","IWFxk_NV/101","C3"
"11860","USA_2019","IWFxk_NV","IWFxk_NV/101","B4"
"11861","USA_2019","IWFxk_NV","IWFxk_NV/101","B3"
"11862","USA_2019","IWFxk_NV","IWFxk_NV/102","D1"
"11863","USA_2019","IWFxk_NV","IWFxk_NV/102","C1"
"11864","USA_2019","IWFxk_NV","IWFxk_NV/102","B1"
"11865","USA_2019","IWFxk_NV","IWFxk_NV/102","A1"
"11866","USA_2019","IWFxk_NV","IWFxk_NV/103","D2"
"11867","USA_2019","IWFxk_NV","IWFxk_NV/103","C2"
"11868","USA_2019","IWFxk_NV","IWFxk_NV/103","B2"
"11869","USA_2019","IWFxk_NV","IWFxk_NV/103","A2"
"11870","USA_2019","IWFxk_NV","IWFxk_NV/110","E5"
"11871","USA_2019","IWFxk_NV","IWFxk_NV/110","D5"
"11872","USA_2019","IWFxk_NV","IWFxk_NV/110","C5"
"11873","USA_2019","IWFxk_NV","IWFxk_NV/110","B5"
"11874","USA_2019","IWFxk_NV","IWFxk_NV/111","E6"
"11875","USA_2019","IWFxk_NV","IWFxk_NV/111","D6"
"11876","USA_2019","IWFxk_NV","IWFxk_NV/111","C6"
"11877","USA_2019","IWFxk_NV","IWFxk_NV/111","B6"
"11878","Add_2021","IWFxk_NV","IWFxk_NV/Ro","A0"
"11879","Add_2021","IWFxk_NV","IWFxk_NV/Ro","B0"
"11880","USA_2019","IWFxm_CA","IWFxm_CA/101","D4"
"11881","USA_2019","IWFxm_CA","IWFxm_CA/101","D3"
"11882","USA_2019","IWFxm_CA","IWFxm_CA/101","C4"
"11883","USA_2019","IWFxm_CA","IWFxm_CA/101","C3"
"11884","USA_2019","IWFxm_CA","IWFxm_CA/101","B4"
"11885","USA_2019","IWFxm_CA","IWFxm_CA/101","B3"
"11886","USA_2019","IWFxm_CA","IWFxm_CA/102","D1"
"11887","USA_2019","IWFxm_CA","IWFxm_CA/102","C1"
"11888","USA_2019","IWFxm_CA","IWFxm_CA/102","B1"
"11889","USA_2019","IWFxm_CA","IWFxm_CA/102","A1"
"11890","USA_2019","IWFxm_CA","IWFxm_CA/103","D2"
"11891","USA_2019","IWFxm_CA","IWFxm_CA/103","C2"
"11892","USA_2019","IWFxm_CA","IWFxm_CA/103","B2"
"11893","USA_2019","IWFxm_CA","IWFxm_CA/103","A2"
"11894","USA_2019","IWFxm_CA","IWFxm_CA/110","E5"
"11895","USA_2019","IWFxm_CA","IWFxm_CA/110","D5"
"11896","USA_2019","IWFxm_CA","IWFxm_CA/110","C5"
"11897","USA_2019","IWFxm_CA","IWFxm_CA/110","B5"
"11898","USA_2019","IWFxm_CA","IWFxm_CA/111","C6"
"11899","USA_2019","IWFxm_CA","IWFxm_CA/111","B6"
"11900","USA_2019","IWFxm_CA","IWFxm_CA/112","E6"
"11901","USA_2019","IWFxm_CA","IWFxm_CA/112","D6"
"11902","Add_2021","IWFxm_CA","IWFxm_CA/Ro","A0"
"11903","Add_2021","IWFxm_CA","IWFxm_CA/Ro","B0"
"12048","USA_2019","MDCHun_NV","MDCHun_NV/110","E6"
"12049","USA_2019","MDCHun_NV","MDCHun_NV/110","E5"
"12050","USA_2019","MDCHun_NV","MDCHun_NV/110","D6"
"12051","USA_2019","MDCHun_NV","MDCHun_NV/110","D5"
"12052","USA_2019","MDCHun_NV","MDCHun_NV/110","C6"
"12053","USA_2019","MDCHun_NV","MDCHun_NV/110","C5"
"12054","USA_2019","MDCHun_NV","MDCHun_NV/110","B6"
"12055","USA_2019","MDCHun_NV","MDCHun_NV/110","B5"
"12056","USA_2019","MDCHun_NV","MDCHun_NV/Gs","D4"
"12057","USA_2019","MDCHun_NV","MDCHun_NV/Gs","D3"
"12058","USA_2019","MDCHun_NV","MDCHun_NV/Gs","D2"
"12059","USA_2019","MDCHun_NV","MDCHun_NV/Gs","C4"
"12060","USA_2019","MDCHun_NV","MDCHun_NV/Gs","C3"
"12061","USA_2019","MDCHun_NV","MDCHun_NV/Gs","C2"
"12062","USA_2019","MDCHun_NV","MDCHun_NV/Gs","B4"
"12063","USA_2019","MDCHun_NV","MDCHun_NV/Gs","B3"
"12064","USA_2019","MDCHun_NV","MDCHun_NV/Gs","B2"
"12065","USA_2019","MDCHun_NV","MDCHun_NV/Gs","B1"
"12066","USA_2019","MDCHun_NV","MDCHun_NV/Gs","A2"
"12067","USA_2019","MDCHun_NV","MDCHun_NV/Gs","A1"
"12068","Add_2021","MDCHun_NV","MDCHun_NV/Ro","A0"
"12069","Add_2021","MDCHun_NV","MDCHun_NV/Ro","B0"
"12070","AB_2018","MGPdm","MGPdm/00","E7"
"12071","AB_2018","MGPdm","MGPdm/00","E6"
"12072","AB_2018","MGPdm","MGPdm/00","E5"
"12073","AB_2018","MGPdm","MGPdm/00","E4"
"12074","AB_2018","MGPdm","MGPdm/00","E3"
"12075","AB_2018","MGPdm","MGPdm/00","E2"
"12076","AB_2018","MGPdm","MGPdm/00","E1"
"12077","AB_2018","MGPdm","MGPdm/00","E0"
"12078","AB_2018","MGPdm","MGPdm/00","D7"
"12079","AB_2018","MGPdm","MGPdm/00","D6"
"12080","AB_2018","MGPdm","MGPdm/00","D5"
"12081","AB_2018","MGPdm","MGPdm/00","D4"
"12082","AB_2018","MGPdm","MGPdm/00","D3"
"12083","AB_2018","MGPdm","MGPdm/00","D2"
"12084","AB_2018","MGPdm","MGPdm/00","D1"
"12085","AB_2018","MGPdm","MGPdm/00","D0"
"12086","AB_2018","MGPdm","MGPdm/00","C7"
"12087","AB_2018","MGPdm","MGPdm/00","C6"
"12088","AB_2018","MGPdm","MGPdm/00","C5"
"12089","AB_2018","MGPdm","MGPdm/00","C4"
"12090","AB_2018","MGPdm","MGPdm/00","C3"
"12091","AB_2018","MGPdm","MGPdm/00","C2"
"12092","AB_2018","MGPdm","MGPdm/00","C1"
"12093","AB_2018","MGPdm","MGPdm/00","C0"
"12094","AB_2018","MGPdm","MGPdm/00","B7"
"12095","AB_2018","MGPdm","MGPdm/00","B6"
"12096","AB_2018","MGPdm","MGPdm/00","B5"
"12097","AB_2018","MGPdm","MGPdm/00","B4"
"12098","AB_2018","MGPdm","MGPdm/00","B3"
"12099","AB_2018","MGPdm","MGPdm/00","B2"
"12100","AB_2018","MGPdm","MGPdm/00","B1"
"12101","AB_2018","MGPdm","MGPdm/00","B0"
"12102","AB_2018","MGPdm","MGPdm/00","A7"
"12103","AB_2018","MGPdm","MGPdm/00","A6"
"12104","AB_2018","MGPdm","MGPdm/00","A5"
"12105","AB_2018","MGPdm","MGPdm/00","A4"
"12106","AB_2018","MGPdm","MGPdm/00","A3"
"12107","AB_2018","MGPdm","MGPdm/00","A2"
"12108","AB_2018","MGPdm","MGPdm/00","A1"
"12109","AB_2018","MGPdm","MGPdm/00","A0"
"12110","AB_2018","MGPmg","MGPmg/00","E7"
"12111","AB_2018","MGPmg","MGPmg/00","E6"
"12112","AB_2018","MGPmg","MGPmg/00","E5"
"12113","AB_2018","MGPmg","MGPmg/00","E4"
"12114","AB_2018","MGPmg","MGPmg/00","E3"
"12115","AB_2018","MGPmg","MGPmg/00","E2"
"12116","AB_2018","MGPmg","MGPmg/00","E1"
"12117","AB_2018","MGPmg","MGPmg/00","E0"
"12118","AB_2018","MGPmg","MGPmg/00","D7"
"12119","AB_2018","MGPmg","MGPmg/00","D6"
"12120","AB_2018","MGPmg","MGPmg/00","D5"
"12121","AB_2018","MGPmg","MGPmg/00","D4"
"12122","AB_2018","MGPmg","MGPmg/00","D3"
"12123","AB_2018","MGPmg","MGPmg/00","D2"
"12124","AB_2018","MGPmg","MGPmg/00","D1"
"12125","AB_2018","MGPmg","MGPmg/00","D0"
"12126","AB_2018","MGPmg","MGPmg/00","C7"
"12127","AB_2018","MGPmg","MGPmg/00","C6"
"12128","AB_2018","MGPmg","MGPmg/00","C5"
"12129","AB_2018","MGPmg","MGPmg/00","C4"
"12130","AB_2018","MGPmg","MGPmg/00","C3"
"12131","AB_2018","MGPmg","MGPmg/00","C2"
"12132","AB_2018","MGPmg","MGPmg/00","C1"
"12133","AB_2018","MGPmg","MGPmg/00","C0"
"12134","AB_2018","MGPmg","MGPmg/00","B7"
"12135","AB_2018","MGPmg","MGPmg/00","B6"
"12136","AB_2018","MGPmg","MGPmg/00","B5"
"12137","AB_2018","MGPmg","MGPmg/00","B4"
"12138","AB_2018","MGPmg","MGPmg/00","B3"
"12139","AB_2018","MGPmg","MGPmg/00","B2"
"12140","AB_2018","MGPmg","MGPmg/00","B1"
"12141","AB_2018","MGPmg","MGPmg/00","B0"
"12142","AB_2018","MGPmg","MGPmg/00","A7"
"12143","AB_2018","MGPmg","MGPmg/00","A6"
"12144","AB_2018","MGPmg","MGPmg/00","A5"
"12145","AB_2018","MGPmg","MGPmg/00","A4"
"12146","AB_2018","MGPmg","MGPmg/00","A3"
"12147","AB_2018","MGPmg","MGPmg/00","A2"
"12148","AB_2018","MGPmg","MGPmg/00","A1"
"12149","AB_2018","MGPmg","MGPmg/00","A0"
"12150","USA_2019","MGPmw_MT","MGPmw_MT/110","E5"
"12151","USA_2019","MGPmw_MT","MGPmw_MT/110","D5"
"12152","USA_2019","MGPmw_MT","MGPmw_MT/110","C5"
"12153","USA_2019","MGPmw_MT","MGPmw_MT/110","B5"
"12154","USA_2019","MGPmw_MT","MGPmw_MT/111","E6"
"12155","USA_2019","MGPmw_MT","MGPmw_MT/111","D6"
"12156","USA_2019","MGPmw_MT","MGPmw_MT/111","C6"
"12157","USA_2019","MGPmw_MT","MGPmw_MT/111","B6"
"12158","USA_2019","MGPmw_MT","MGPmw_MT/Gg","D4"
"12159","USA_2019","MGPmw_MT","MGPmw_MT/Gg","D3"
"12160","USA_2019","MGPmw_MT","MGPmw_MT/Gg","D2"
"12161","USA_2019","MGPmw_MT","MGPmw_MT/Gg","D1"
"12162","USA_2019","MGPmw_MT","MGPmw_MT/Gg","C4"
"12163","USA_2019","MGPmw_MT","MGPmw_MT/Gg","C3"
"12164","USA_2019","MGPmw_MT","MGPmw_MT/Gg","C2"
"12165","USA_2019","MGPmw_MT","MGPmw_MT/Gg","C1"
"12166","USA_2019","MGPmw_MT","MGPmw_MT/Gg","B4"
"12167","USA_2019","MGPmw_MT","MGPmw_MT/Gg","B3"
"12168","USA_2019","MGPmw_MT","MGPmw_MT/Gg","B2"
"12169","USA_2019","MGPmw_MT","MGPmw_MT/Gg","B1"
"12170","USA_2019","MGPmw_MT","MGPmw_MT/Gg","A2"
"12171","USA_2019","MGPmw_MT","MGPmw_MT/Gg","A1"
"12172","Add_2021","MGPmw_MT","MGPmw_MT/Ro","A0"
"12173","Add_2021","MGPmw_MT","MGPmw_MT/Ro","B0"
"12174","USA_2019","MHdm_OR","MHdm_OR/101","D4"
"12175","USA_2019","MHdm_OR","MHdm_OR/101","D3"
"12176","USA_2019","MHdm_OR","MHdm_OR/101","C4"
"12177","USA_2019","MHdm_OR","MHdm_OR/101","C3"
"12178","USA_2019","MHdm_OR","MHdm_OR/101","B4"
"12179","USA_2019","MHdm_OR","MHdm_OR/101","B3"
"12180","USA_2019","MHdm_OR","MHdm_OR/102","D1"
"12181","USA_2019","MHdm_OR","MHdm_OR/102","C1"
"12182","USA_2019","MHdm_OR","MHdm_OR/102","B1"
"12183","USA_2019","MHdm_OR","MHdm_OR/102","A1"
"12184","USA_2019","MHdm_OR","MHdm_OR/103","D2"
"12185","USA_2019","MHdm_OR","MHdm_OR/103","C2"
"12186","USA_2019","MHdm_OR","MHdm_OR/103","B2"
"12187","USA_2019","MHdm_OR","MHdm_OR/103","A2"
"12188","USA_2019","MHdm_OR","MHdm_OR/110","C5"
"12189","USA_2019","MHdm_OR","MHdm_OR/110","B5"
"12190","USA_2019","MHdm_OR","MHdm_OR/111","C6"
"12191","USA_2019","MHdm_OR","MHdm_OR/111","B6"
"12192","USA_2019","MHdm_OR","MHdm_OR/112","E5"
"12193","USA_2019","MHdm_OR","MHdm_OR/112","D5"
"12194","USA_2019","MHdm_OR","MHdm_OR/113","E6"
"12195","USA_2019","MHdm_OR","MHdm_OR/113","D6"
"12196","Add_2021","MHdm_OR","MHdm_OR/Ro","A0"
"12197","Add_2021","MHdm_OR","MHdm_OR/Ro","B0"
"12198","USA_2020","MHdmp_OR","MHdmp_OR/00","E7"
"12199","USA_2020","MHdmp_OR","MHdmp_OR/00","E6"
"12200","USA_2020","MHdmp_OR","MHdmp_OR/00","E5"
"12201","USA_2020","MHdmp_OR","MHdmp_OR/00","E4"
"12202","USA_2020","MHdmp_OR","MHdmp_OR/00","E3"
"12203","USA_2020","MHdmp_OR","MHdmp_OR/00","E2"
"12204","USA_2020","MHdmp_OR","MHdmp_OR/00","E1"
"12205","USA_2020","MHdmp_OR","MHdmp_OR/00","E0"
"12206","USA_2020","MHdmp_OR","MHdmp_OR/00","D7"
"12207","USA_2020","MHdmp_OR","MHdmp_OR/00","D6"
"12208","USA_2020","MHdmp_OR","MHdmp_OR/00","D5"
"12209","USA_2020","MHdmp_OR","MHdmp_OR/00","D4"
"12210","USA_2020","MHdmp_OR","MHdmp_OR/00","D3"
"12211","USA_2020","MHdmp_OR","MHdmp_OR/00","D2"
"12212","USA_2020","MHdmp_OR","MHdmp_OR/00","D1"
"12213","USA_2020","MHdmp_OR","MHdmp_OR/00","D0"
"12214","USA_2020","MHdmp_OR","MHdmp_OR/00","C7"
"12215","USA_2020","MHdmp_OR","MHdmp_OR/00","C6"
"12216","USA_2020","MHdmp_OR","MHdmp_OR/00","C5"
"12217","USA_2020","MHdmp_OR","MHdmp_OR/00","C4"
"12218","USA_2020","MHdmp_OR","MHdmp_OR/00","C3"
"12219","USA_2020","MHdmp_OR","MHdmp_OR/00","C2"
"12220","USA_2020","MHdmp_OR","MHdmp_OR/00","C1"
"12221","USA_2020","MHdmp_OR","MHdmp_OR/00","C0"
"12222","USA_2020","MHdmp_OR","MHdmp_OR/00","B7"
"12223","USA_2020","MHdmp_OR","MHdmp_OR/00","B6"
"12224","USA_2020","MHdmp_OR","MHdmp_OR/00","B5"
"12225","USA_2020","MHdmp_OR","MHdmp_OR/00","B4"
"12226","USA_2020","MHdmp_OR","MHdmp_OR/00","B3"
"12227","USA_2020","MHdmp_OR","MHdmp_OR/00","B2"
"12228","USA_2020","MHdmp_OR","MHdmp_OR/00","B1"
"12229","USA_2020","MHdmp_OR","MHdmp_OR/00","B0"
"12230","USA_2020","MHdmp_OR","MHdmp_OR/00","A7"
"12231","USA_2020","MHdmp_OR","MHdmp_OR/00","A6"
"12232","USA_2020","MHdmp_OR","MHdmp_OR/00","A5"
"12233","USA_2020","MHdmp_OR","MHdmp_OR/00","A4"
"12234","USA_2020","MHdmp_OR","MHdmp_OR/00","A3"
"12235","USA_2020","MHdmp_OR","MHdmp_OR/00","A2"
"12236","USA_2020","MHdmp_OR","MHdmp_OR/00","A1"
"12237","USA_2020","MHdmp_OR","MHdmp_OR/00","A0"
"12238","USA_2019","MHds_OR","MHds_OR/101","D4"
"12239","USA_2019","MHds_OR","MHds_OR/101","D3"
"12240","USA_2019","MHds_OR","MHds_OR/101","C4"
"12241","USA_2019","MHds_OR","MHds_OR/101","C3"
"12242","USA_2019","MHds_OR","MHds_OR/101","B4"
"12243","USA_2019","MHds_OR","MHds_OR/101","B3"
"12244","USA_2019","MHds_OR","MHds_OR/102","D1"
"12245","USA_2019","MHds_OR","MHds_OR/102","C1"
"12246","USA_2019","MHds_OR","MHds_OR/102","B1"
"12247","USA_2019","MHds_OR","MHds_OR/102","A1"
"12248","USA_2019","MHds_OR","MHds_OR/103","D2"
"12249","USA_2019","MHds_OR","MHds_OR/103","C2"
"12250","USA_2019","MHds_OR","MHds_OR/103","B2"
"12251","USA_2019","MHds_OR","MHds_OR/103","A2"
"12252","USA_2019","MHds_OR","MHds_OR/110","C5"
"12253","USA_2019","MHds_OR","MHds_OR/110","B5"
"12254","USA_2019","MHds_OR","MHds_OR/111","C6"
"12255","USA_2019","MHds_OR","MHds_OR/111","B6"
"12256","USA_2019","MHds_OR","MHds_OR/112","E5"
"12257","USA_2019","MHds_OR","MHds_OR/112","D5"
"12258","USA_2019","MHds_OR","MHds_OR/113","E6"
"12259","USA_2019","MHds_OR","MHds_OR/113","D6"
"12260","Add_2021","MHds_OR","MHds_OR/Ro","A0"
"12261","Add_2021","MHds_OR","MHds_OR/Ro","B0"
"12262","USA_2020","MHds_WA","MHds_WA/101","D4"
"12263","USA_2020","MHds_WA","MHds_WA/101","D3"
"12264","USA_2020","MHds_WA","MHds_WA/101","C4"
"12265","USA_2020","MHds_WA","MHds_WA/101","C3"
"12266","USA_2020","MHds_WA","MHds_WA/101","B4"
"12267","USA_2020","MHds_WA","MHds_WA/101","B3"
"12268","USA_2020","MHds_WA","MHds_WA/102","D1"
"12269","USA_2020","MHds_WA","MHds_WA/102","C1"
"12270","USA_2020","MHds_WA","MHds_WA/102","B1"
"12271","USA_2020","MHds_WA","MHds_WA/102","A1"
"12272","USA_2020","MHds_WA","MHds_WA/103","D2"
"12273","USA_2020","MHds_WA","MHds_WA/103","C2"
"12274","USA_2020","MHds_WA","MHds_WA/103","B2"
"12275","USA_2020","MHds_WA","MHds_WA/103","A2"
"12276","USA_2020","MHds_WA","MHds_WA/110","C5"
"12277","USA_2020","MHds_WA","MHds_WA/110","B5"
"12278","USA_2020","MHds_WA","MHds_WA/111","C6"
"12279","USA_2020","MHds_WA","MHds_WA/111","B6"
"12280","USA_2020","MHds_WA","MHds_WA/112","E5"
"12281","USA_2020","MHds_WA","MHds_WA/112","D5"
"12282","USA_2020","MHds_WA","MHds_WA/113","E6"
"12283","USA_2020","MHds_WA","MHds_WA/113","D6"
"12284","Add_2021","MHds_WA","MHds_WA/Ro","A0"
"12285","Add_2021","MHds_WA","MHds_WA/Ro","B0"
"12286","USA_2019","MHmm_WA","MHmm_WA/101","D4"
"12287","USA_2019","MHmm_WA","MHmm_WA/101","D3"
"12288","USA_2019","MHmm_WA","MHmm_WA/101","C4"
"12289","USA_2019","MHmm_WA","MHmm_WA/101","C3"
"12290","USA_2019","MHmm_WA","MHmm_WA/101","B4"
"12291","USA_2019","MHmm_WA","MHmm_WA/101","B3"
"12292","USA_2019","MHmm_WA","MHmm_WA/102","D2"
"12293","USA_2019","MHmm_WA","MHmm_WA/102","D1"
"12294","USA_2019","MHmm_WA","MHmm_WA/102","C2"
"12295","USA_2019","MHmm_WA","MHmm_WA/102","C1"
"12296","USA_2019","MHmm_WA","MHmm_WA/102","B2"
"12297","USA_2019","MHmm_WA","MHmm_WA/102","B1"
"12298","USA_2019","MHmm_WA","MHmm_WA/102","A2"
"12299","USA_2019","MHmm_WA","MHmm_WA/102","A1"
"12300","USA_2019","MHmm_WA","MHmm_WA/110","C5"
"12301","USA_2019","MHmm_WA","MHmm_WA/110","B5"
"12302","USA_2019","MHmm_WA","MHmm_WA/111","C6"
"12303","USA_2019","MHmm_WA","MHmm_WA/111","B6"
"12304","USA_2019","MHmm_WA","MHmm_WA/112","E5"
"12305","USA_2019","MHmm_WA","MHmm_WA/112","D5"
"12306","USA_2019","MHmm_WA","MHmm_WA/113","E6"
"12307","USA_2019","MHmm_WA","MHmm_WA/113","D6"
"12308","Add_2021","MHmm_WA","MHmm_WA/Ro","A0"
"12309","Add_2021","MHmm_WA","MHmm_WA/Ro","B0"
"12310","BECv13","MHmm1","MHmm1/101","A2"
"12311","BECv13","MHmm1","MHmm1/101","B2"
"12312","BECv13","MHmm1","MHmm1/101","C2"
"12313","BECv13","MHmm1","MHmm1/101","C3"
"12314","BECv13","MHmm1","MHmm1/101","B3"
"12315","BECv13","MHmm1","MHmm1/101","A3"
"12316","BECv13","MHmm1","MHmm1/101","A4"
"12317","BECv13","MHmm1","MHmm1/101","B4"
"12318","BECv13","MHmm1","MHmm1/101","C4"
"12319","BECv13","MHmm1","MHmm1/101a","A3"
"12320","BECv13","MHmm1","MHmm1/101a","A4"
"12321","BECv13","MHmm1","MHmm1/101a","B4"
"12322","BECv13","MHmm1","MHmm1/101a","C4"
"12323","BECv13","MHmm1","MHmm1/101a","C3"
"12324","BECv13","MHmm1","MHmm1/101a","B3"
"12325","BECv13","MHmm1","MHmm1/101b","A2"
"12326","BECv13","MHmm1","MHmm1/101b","C2"
"12327","BECv13","MHmm1","MHmm1/102","A0"
"12328","BECv13","MHmm1","MHmm1/102","A1"
"12329","BECv13","MHmm1","MHmm1/102","B1"
"12330","BECv13","MHmm1","MHmm1/102","B0"
"12331","BECv13","MHmm1","MHmm1/102","C0"
"12332","BECv13","MHmm1","MHmm1/102","C1"
"12333","BECv13","MHmm1","MHmm1/103","A2"
"12334","BECv13","MHmm1","MHmm1/103","A3"
"12335","BECv13","MHmm1","MHmm1/103","A4"
"12336","BECv13","MHmm1","MHmm1/103","B4"
"12337","BECv13","MHmm1","MHmm1/103","C4"
"12338","BECv13","MHmm1","MHmm1/103","C3"
"12339","BECv13","MHmm1","MHmm1/103","C2"
"12340","BECv13","MHmm1","MHmm1/103","B2"
"12341","BECv13","MHmm1","MHmm1/103","B3"
"12342","BECv13","MHmm1","MHmm1/104","A2"
"12343","BECv13","MHmm1","MHmm1/104","A3"
"12344","BECv13","MHmm1","MHmm1/104","A4"
"12345","BECv13","MHmm1","MHmm1/104","B4"
"12346","BECv13","MHmm1","MHmm1/104","C4"
"12347","BECv13","MHmm1","MHmm1/104","C3"
"12348","BECv13","MHmm1","MHmm1/104","C2"
"12349","BECv13","MHmm1","MHmm1/104","B2"
"12350","BECv13","MHmm1","MHmm1/104","B3"
"12351","BECv13","MHmm1","MHmm1/110","D3"
"12352","BECv13","MHmm1","MHmm1/110","E3"
"12353","BECv13","MHmm1","MHmm1/110","E4"
"12354","BECv13","MHmm1","MHmm1/110","D4"
"12355","BECv13","MHmm1","MHmm1/111","A5"
"12356","BECv13","MHmm1","MHmm1/111","A6"
"12357","BECv13","MHmm1","MHmm1/111","B6"
"12358","BECv13","MHmm1","MHmm1/111","B5"
"12359","BECv13","MHmm1","MHmm1/111","C5"
"12360","BECv13","MHmm1","MHmm1/111","C6"
"12361","BECv13","MHmm1","MHmm1/112","D5"
"12362","BECv13","MHmm1","MHmm1/112","E5"
"12363","BECv13","MHmm1","MHmm1/112","E6"
"12364","BECv13","MHmm1","MHmm1/112","D6"
"12365","BECv13","MHmm1","MHmm1/Wb5X","A7"
"12366","BECv13","MHmm1","MHmm1/Wb5X","B7"
"12367","BECv13","MHmm1","MHmm1/Ws55.1","C7"
"12368","BECv13","MHmm1","MHmm1/Ws55.1","D7"
"12369","BECv13","MHmm1","MHmm1/Ws55.1","E7"
"12370","BECv13","MHmm2","MHmm2/101","A2"
"12371","BECv13","MHmm2","MHmm2/101","A3"
"12372","BECv13","MHmm2","MHmm2/101","A4"
"12373","BECv13","MHmm2","MHmm2/101","B4"
"12374","BECv13","MHmm2","MHmm2/101","B3"
"12375","BECv13","MHmm2","MHmm2/101","B2"
"12376","BECv13","MHmm2","MHmm2/101","C2"
"12377","BECv13","MHmm2","MHmm2/101","C3"
"12378","BECv13","MHmm2","MHmm2/101","C4"
"12379","BECv13","MHmm2","MHmm2/101a","A3"
"12380","BECv13","MHmm2","MHmm2/101a","A4"
"12381","BECv13","MHmm2","MHmm2/101a","B4"
"12382","BECv13","MHmm2","MHmm2/101a","C4"
"12383","BECv13","MHmm2","MHmm2/101a","C3"
"12384","BECv13","MHmm2","MHmm2/101a","B3"
"12385","BECv13","MHmm2","MHmm2/101b","A2"
"12386","BECv13","MHmm2","MHmm2/101b","B2"
"12387","BECv13","MHmm2","MHmm2/101b","C2"
"12388","BECv13","MHmm2","MHmm2/102","A0"
"12389","BECv13","MHmm2","MHmm2/102","A1"
"12390","BECv13","MHmm2","MHmm2/102","B1"
"12391","BECv13","MHmm2","MHmm2/102","C1"
"12392","BECv13","MHmm2","MHmm2/102","C0"
"12393","BECv13","MHmm2","MHmm2/102","B0"
"12394","BECv13","MHmm2","MHmm2/103","A2"
"12395","BECv13","MHmm2","MHmm2/103","B2"
"12396","BECv13","MHmm2","MHmm2/103","C2"
"12397","BECv13","MHmm2","MHmm2/103","C3"
"12398","BECv13","MHmm2","MHmm2/103","C4"
"12399","BECv13","MHmm2","MHmm2/103","B4"
"12400","BECv13","MHmm2","MHmm2/103","A4"
"12401","BECv13","MHmm2","MHmm2/103","A3"
"12402","BECv13","MHmm2","MHmm2/103","B3"
"12403","BECv13","MHmm2","MHmm2/110","D3"
"12404","BECv13","MHmm2","MHmm2/110","D4"
"12405","BECv13","MHmm2","MHmm2/110","E4"
"12406","BECv13","MHmm2","MHmm2/110","E3"
"12407","BECv13","MHmm2","MHmm2/111","A5"
"12408","BECv13","MHmm2","MHmm2/111","A6"
"12409","BECv13","MHmm2","MHmm2/111","B6"
"12410","BECv13","MHmm2","MHmm2/111","C6"
"12411","BECv13","MHmm2","MHmm2/111","C5"
"12412","BECv13","MHmm2","MHmm2/111","B5"
"12413","BECv13","MHmm2","MHmm2/112","D5"
"12414","BECv13","MHmm2","MHmm2/112","E5"
"12415","BECv13","MHmm2","MHmm2/113","D6"
"12416","BECv13","MHmm2","MHmm2/113","E6"
"12417","BECv13","MHmm2","MHmm2/Wb5X","A7"
"12418","BECv13","MHmm2","MHmm2/Wb5X","B7"
"12419","BECv13","MHmm2","MHmm2/Ws55.1","C7"
"12420","BECv13","MHmm2","MHmm2/Ws55.1","D7"
"12421","BECv13","MHmm2","MHmm2/Ws55.1","E7"
"12422","BECv10","MHmmp","MHmmp/h","E7"
"12423","BECv10","MHmmp","MHmmp/h","E6"
"12424","BECv10","MHmmp","MHmmp/h","E5"
"12425","BECv10","MHmmp","MHmmp/h","D7"
"12426","BECv10","MHmmp","MHmmp/h","D6"
"12427","BECv10","MHmmp","MHmmp/h","D5"
"12428","BECv10","MHmmp","MHmmp/h","C7"
"12429","BECv10","MHmmp","MHmmp/h","C6"
"12430","BECv10","MHmmp","MHmmp/h","C5"
"12431","BECv10","MHmmp","MHmmp/h","B7"
"12432","BECv10","MHmmp","MHmmp/h","B6"
"12433","BECv10","MHmmp","MHmmp/h","B5"
"12434","BECv10","MHmmp","MHmmp/h","A7"
"12435","BECv10","MHmmp","MHmmp/h","A6"
"12436","BECv10","MHmmp","MHmmp/h","A5"
"12437","BECv10","MHmmp","MHmmp/m","E4"
"12438","BECv10","MHmmp","MHmmp/m","E3"
"12439","BECv10","MHmmp","MHmmp/m","D4"
"12440","BECv10","MHmmp","MHmmp/m","D3"
"12441","BECv10","MHmmp","MHmmp/m","C4"
"12442","BECv10","MHmmp","MHmmp/m","C3"
"12443","BECv10","MHmmp","MHmmp/m","B4"
"12444","BECv10","MHmmp","MHmmp/m","B3"
"12445","BECv10","MHmmp","MHmmp/m","A4"
"12446","BECv10","MHmmp","MHmmp/m","A3"
"12447","BECv10","MHmmp","MHmmp/x","E2"
"12448","BECv10","MHmmp","MHmmp/x","E1"
"12449","BECv10","MHmmp","MHmmp/x","E0"
"12450","BECv10","MHmmp","MHmmp/x","D2"
"12451","BECv10","MHmmp","MHmmp/x","D1"
"12452","BECv10","MHmmp","MHmmp/x","D0"
"12453","BECv10","MHmmp","MHmmp/x","C2"
"12454","BECv10","MHmmp","MHmmp/x","C1"
"12455","BECv10","MHmmp","MHmmp/x","C0"
"12456","BECv10","MHmmp","MHmmp/x","B2"
"12457","BECv10","MHmmp","MHmmp/x","B1"
"12458","BECv10","MHmmp","MHmmp/x","B0"
"12459","BECv10","MHmmp","MHmmp/x","A2"
"12460","BECv10","MHmmp","MHmmp/x","A1"
"12461","BECv10","MHmmp","MHmmp/x","A0"
"12462","USA_2019","MHmmp_WA","MHmmp_WA/00","E7"
"12463","USA_2019","MHmmp_WA","MHmmp_WA/00","E6"
"12464","USA_2019","MHmmp_WA","MHmmp_WA/00","E5"
"12465","USA_2019","MHmmp_WA","MHmmp_WA/00","E4"
"12466","USA_2019","MHmmp_WA","MHmmp_WA/00","E3"
"12467","USA_2019","MHmmp_WA","MHmmp_WA/00","E2"
"12468","USA_2019","MHmmp_WA","MHmmp_WA/00","E1"
"12469","USA_2019","MHmmp_WA","MHmmp_WA/00","E0"
"12470","USA_2019","MHmmp_WA","MHmmp_WA/00","D7"
"12471","USA_2019","MHmmp_WA","MHmmp_WA/00","D6"
"12472","USA_2019","MHmmp_WA","MHmmp_WA/00","D5"
"12473","USA_2019","MHmmp_WA","MHmmp_WA/00","D4"
"12474","USA_2019","MHmmp_WA","MHmmp_WA/00","D3"
"12475","USA_2019","MHmmp_WA","MHmmp_WA/00","D2"
"12476","USA_2019","MHmmp_WA","MHmmp_WA/00","D1"
"12477","USA_2019","MHmmp_WA","MHmmp_WA/00","D0"
"12478","USA_2019","MHmmp_WA","MHmmp_WA/00","C7"
"12479","USA_2019","MHmmp_WA","MHmmp_WA/00","C6"
"12480","USA_2019","MHmmp_WA","MHmmp_WA/00","C5"
"12481","USA_2019","MHmmp_WA","MHmmp_WA/00","C4"
"12482","USA_2019","MHmmp_WA","MHmmp_WA/00","C3"
"12483","USA_2019","MHmmp_WA","MHmmp_WA/00","C2"
"12484","USA_2019","MHmmp_WA","MHmmp_WA/00","C1"
"12485","USA_2019","MHmmp_WA","MHmmp_WA/00","C0"
"12486","USA_2019","MHmmp_WA","MHmmp_WA/00","B7"
"12487","USA_2019","MHmmp_WA","MHmmp_WA/00","B6"
"12488","USA_2019","MHmmp_WA","MHmmp_WA/00","B5"
"12489","USA_2019","MHmmp_WA","MHmmp_WA/00","B4"
"12490","USA_2019","MHmmp_WA","MHmmp_WA/00","B3"
"12491","USA_2019","MHmmp_WA","MHmmp_WA/00","B2"
"12492","USA_2019","MHmmp_WA","MHmmp_WA/00","B1"
"12493","USA_2019","MHmmp_WA","MHmmp_WA/00","B0"
"12494","USA_2019","MHmmp_WA","MHmmp_WA/00","A7"
"12495","USA_2019","MHmmp_WA","MHmmp_WA/00","A6"
"12496","USA_2019","MHmmp_WA","MHmmp_WA/00","A5"
"12497","USA_2019","MHmmp_WA","MHmmp_WA/00","A4"
"12498","USA_2019","MHmmp_WA","MHmmp_WA/00","A3"
"12499","USA_2019","MHmmp_WA","MHmmp_WA/00","A2"
"12500","USA_2019","MHmmp_WA","MHmmp_WA/00","A1"
"12501","USA_2019","MHmmp_WA","MHmmp_WA/00","A0"
"12502","BECv13","MHms","MHms/101","A3"
"12503","BECv13","MHms","MHms/101","A4"
"12504","BECv13","MHms","MHms/101","B3"
"12505","BECv13","MHms","MHms/101","B4"
"12506","BECv13","MHms","MHms/101","C4"
"12507","BECv13","MHms","MHms/101","C3"
"12508","BECv13","MHms","MHms/102","A0"
"12509","BECv13","MHms","MHms/102","A1"
"12510","BECv13","MHms","MHms/102","B1"
"12511","BECv13","MHms","MHms/102","B0"
"12512","BECv13","MHms","MHms/102","C0"
"12513","BECv13","MHms","MHms/102","C1"
"12514","BECv13","MHms","MHms/103","A3"
"12515","BECv13","MHms","MHms/103","A2"
"12516","BECv13","MHms","MHms/103","B2"
"12517","BECv13","MHms","MHms/103","C2"
"12518","BECv13","MHms","MHms/103","C3"
"12519","BECv13","MHms","MHms/103","B3"
"12520","BECv13","MHms","MHms/104","A2"
"12521","BECv13","MHms","MHms/104","B2"
"12522","BECv13","MHms","MHms/104","C2"
"12523","BECv13","MHms","MHms/104","A4"
"12524","BECv13","MHms","MHms/104","A3"
"12525","BECv13","MHms","MHms/104","B3"
"12526","BECv13","MHms","MHms/104","B4"
"12527","BECv13","MHms","MHms/104","C4"
"12528","BECv13","MHms","MHms/104","C3"
"12529","BECv13","MHms","MHms/110","D4"
"12530","BECv13","MHms","MHms/110","E4"
"12531","BECv13","MHms","MHms/110","D5"
"12532","BECv13","MHms","MHms/110","E5"
"12533","BECv13","MHms","MHms/111","D6"
"12534","BECv13","MHms","MHms/111","E6"
"12535","BECv13","MHms","MHms/112","C6"
"12536","BECv13","MHms","MHms/112","C7"
"12537","BECv13","MHms","MHms/112","D7"
"12538","BECv13","MHms","MHms/112","E7"
"12539","USA_2019","MHms_WA","MHms_WA/101","D4"
"12540","USA_2019","MHms_WA","MHms_WA/101","D3"
"12541","USA_2019","MHms_WA","MHms_WA/101","C4"
"12542","USA_2019","MHms_WA","MHms_WA/101","C3"
"12543","USA_2019","MHms_WA","MHms_WA/101","B4"
"12544","USA_2019","MHms_WA","MHms_WA/101","B3"
"12545","USA_2019","MHms_WA","MHms_WA/102","D1"
"12546","USA_2019","MHms_WA","MHms_WA/102","C1"
"12547","USA_2019","MHms_WA","MHms_WA/102","B1"
"12548","USA_2019","MHms_WA","MHms_WA/102","A1"
"12549","USA_2019","MHms_WA","MHms_WA/103","D2"
"12550","USA_2019","MHms_WA","MHms_WA/103","C2"
"12551","USA_2019","MHms_WA","MHms_WA/103","B2"
"12552","USA_2019","MHms_WA","MHms_WA/103","A2"
"12553","USA_2019","MHms_WA","MHms_WA/110","C5"
"12554","USA_2019","MHms_WA","MHms_WA/110","B5"
"12555","USA_2019","MHms_WA","MHms_WA/111","C6"
"12556","USA_2019","MHms_WA","MHms_WA/111","B6"
"12557","USA_2019","MHms_WA","MHms_WA/112","E5"
"12558","USA_2019","MHms_WA","MHms_WA/112","D5"
"12559","USA_2019","MHms_WA","MHms_WA/113","E6"
"12560","USA_2019","MHms_WA","MHms_WA/113","D6"
"12561","Add_2021","MHms_WA","MHms_WA/Ro","A0"
"12562","Add_2021","MHms_WA","MHms_WA/Ro","B0"
"12563","BECv13","MHmsp","MHmsp/h","E7"
"12564","BECv13","MHmsp","MHmsp/h","E6"
"12565","BECv13","MHmsp","MHmsp/h","E5"
"12566","BECv13","MHmsp","MHmsp/h","D7"
"12567","BECv13","MHmsp","MHmsp/h","D6"
"12568","BECv13","MHmsp","MHmsp/h","D5"
"12569","BECv13","MHmsp","MHmsp/h","C7"
"12570","BECv13","MHmsp","MHmsp/h","C6"
"12571","BECv13","MHmsp","MHmsp/h","C5"
"12572","BECv13","MHmsp","MHmsp/h","B7"
"12573","BECv13","MHmsp","MHmsp/h","B6"
"12574","BECv13","MHmsp","MHmsp/h","B5"
"12575","BECv13","MHmsp","MHmsp/h","A7"
"12576","BECv13","MHmsp","MHmsp/h","A6"
"12577","BECv13","MHmsp","MHmsp/h","A5"
"12578","BECv13","MHmsp","MHmsp/m","E4"
"12579","BECv13","MHmsp","MHmsp/m","E3"
"12580","BECv13","MHmsp","MHmsp/m","D4"
"12581","BECv13","MHmsp","MHmsp/m","D3"
"12582","BECv13","MHmsp","MHmsp/m","C4"
"12583","BECv13","MHmsp","MHmsp/m","C3"
"12584","BECv13","MHmsp","MHmsp/m","B4"
"12585","BECv13","MHmsp","MHmsp/m","B3"
"12586","BECv13","MHmsp","MHmsp/m","A4"
"12587","BECv13","MHmsp","MHmsp/m","A3"
"12588","BECv13","MHmsp","MHmsp/x","E2"
"12589","BECv13","MHmsp","MHmsp/x","E1"
"12590","BECv13","MHmsp","MHmsp/x","E0"
"12591","BECv13","MHmsp","MHmsp/x","D2"
"12592","BECv13","MHmsp","MHmsp/x","D1"
"12593","BECv13","MHmsp","MHmsp/x","D0"
"12594","BECv13","MHmsp","MHmsp/x","C2"
"12595","BECv13","MHmsp","MHmsp/x","C1"
"12596","BECv13","MHmsp","MHmsp/x","C0"
"12597","BECv13","MHmsp","MHmsp/x","B2"
"12598","BECv13","MHmsp","MHmsp/x","B1"
"12599","BECv13","MHmsp","MHmsp/x","B0"
"12600","BECv13","MHmsp","MHmsp/x","A2"
"12601","BECv13","MHmsp","MHmsp/x","A1"
"12602","BECv13","MHmsp","MHmsp/x","A0"
"12603","USA_2019","MHmsp_WA","MHmsp_WA/00","E7"
"12604","USA_2019","MHmsp_WA","MHmsp_WA/00","E6"
"12605","USA_2019","MHmsp_WA","MHmsp_WA/00","E5"
"12606","USA_2019","MHmsp_WA","MHmsp_WA/00","E4"
"12607","USA_2019","MHmsp_WA","MHmsp_WA/00","E3"
"12608","USA_2019","MHmsp_WA","MHmsp_WA/00","E2"
"12609","USA_2019","MHmsp_WA","MHmsp_WA/00","E1"
"12610","USA_2019","MHmsp_WA","MHmsp_WA/00","E0"
"12611","USA_2019","MHmsp_WA","MHmsp_WA/00","D7"
"12612","USA_2019","MHmsp_WA","MHmsp_WA/00","D6"
"12613","USA_2019","MHmsp_WA","MHmsp_WA/00","D5"
"12614","USA_2019","MHmsp_WA","MHmsp_WA/00","D4"
"12615","USA_2019","MHmsp_WA","MHmsp_WA/00","D3"
"12616","USA_2019","MHmsp_WA","MHmsp_WA/00","D2"
"12617","USA_2019","MHmsp_WA","MHmsp_WA/00","D1"
"12618","USA_2019","MHmsp_WA","MHmsp_WA/00","D0"
"12619","USA_2019","MHmsp_WA","MHmsp_WA/00","C7"
"12620","USA_2019","MHmsp_WA","MHmsp_WA/00","C6"
"12621","USA_2019","MHmsp_WA","MHmsp_WA/00","C5"
"12622","USA_2019","MHmsp_WA","MHmsp_WA/00","C4"
"12623","USA_2019","MHmsp_WA","MHmsp_WA/00","C3"
"12624","USA_2019","MHmsp_WA","MHmsp_WA/00","C2"
"12625","USA_2019","MHmsp_WA","MHmsp_WA/00","C1"
"12626","USA_2019","MHmsp_WA","MHmsp_WA/00","C0"
"12627","USA_2019","MHmsp_WA","MHmsp_WA/00","B7"
"12628","USA_2019","MHmsp_WA","MHmsp_WA/00","B6"
"12629","USA_2019","MHmsp_WA","MHmsp_WA/00","B5"
"12630","USA_2019","MHmsp_WA","MHmsp_WA/00","B4"
"12631","USA_2019","MHmsp_WA","MHmsp_WA/00","B3"
"12632","USA_2019","MHmsp_WA","MHmsp_WA/00","B2"
"12633","USA_2019","MHmsp_WA","MHmsp_WA/00","B1"
"12634","USA_2019","MHmsp_WA","MHmsp_WA/00","B0"
"12635","USA_2019","MHmsp_WA","MHmsp_WA/00","A7"
"12636","USA_2019","MHmsp_WA","MHmsp_WA/00","A6"
"12637","USA_2019","MHmsp_WA","MHmsp_WA/00","A5"
"12638","USA_2019","MHmsp_WA","MHmsp_WA/00","A4"
"12639","USA_2019","MHmsp_WA","MHmsp_WA/00","A3"
"12640","USA_2019","MHmsp_WA","MHmsp_WA/00","A2"
"12641","USA_2019","MHmsp_WA","MHmsp_WA/00","A1"
"12642","USA_2019","MHmsp_WA","MHmsp_WA/00","A0"
"12643","USA_2019","MHRFdm_OR","MHRFdm_OR/101","D4"
"12644","USA_2019","MHRFdm_OR","MHRFdm_OR/101","D3"
"12645","USA_2019","MHRFdm_OR","MHRFdm_OR/101","C4"
"12646","USA_2019","MHRFdm_OR","MHRFdm_OR/101","C3"
"12647","USA_2019","MHRFdm_OR","MHRFdm_OR/101","B4"
"12648","USA_2019","MHRFdm_OR","MHRFdm_OR/101","B3"
"12649","USA_2019","MHRFdm_OR","MHRFdm_OR/102","D2"
"12650","USA_2019","MHRFdm_OR","MHRFdm_OR/102","D1"
"12651","USA_2019","MHRFdm_OR","MHRFdm_OR/102","C2"
"12652","USA_2019","MHRFdm_OR","MHRFdm_OR/102","C1"
"12653","USA_2019","MHRFdm_OR","MHRFdm_OR/102","B2"
"12654","USA_2019","MHRFdm_OR","MHRFdm_OR/102","B1"
"12655","USA_2019","MHRFdm_OR","MHRFdm_OR/102","A2"
"12656","USA_2019","MHRFdm_OR","MHRFdm_OR/102","A1"
"12657","USA_2019","MHRFdm_OR","MHRFdm_OR/110","E6"
"12658","USA_2019","MHRFdm_OR","MHRFdm_OR/110","E5"
"12659","USA_2019","MHRFdm_OR","MHRFdm_OR/110","D6"
"12660","USA_2019","MHRFdm_OR","MHRFdm_OR/110","D5"
"12661","USA_2019","MHRFdm_OR","MHRFdm_OR/110","C6"
"12662","USA_2019","MHRFdm_OR","MHRFdm_OR/110","C5"
"12663","USA_2019","MHRFdm_OR","MHRFdm_OR/110","B6"
"12664","USA_2019","MHRFdm_OR","MHRFdm_OR/110","B5"
"12665","Add_2021","MHRFdm_OR","MHRFdm_OR/Ro","A0"
"12666","Add_2021","MHRFdm_OR","MHRFdm_OR/Ro","B0"
"12667","USA_2019","MHRFdmp_OR","MHRFdmp_OR/00","E6"
"12668","USA_2019","MHRFdmp_OR","MHRFdmp_OR/00","E5"
"12669","USA_2019","MHRFdmp_OR","MHRFdmp_OR/00","D6"
"12670","USA_2019","MHRFdmp_OR","MHRFdmp_OR/00","D5"
"12671","USA_2019","MHRFdmp_OR","MHRFdmp_OR/00","D4"
"12672","USA_2019","MHRFdmp_OR","MHRFdmp_OR/00","D3"
"12673","USA_2019","MHRFdmp_OR","MHRFdmp_OR/00","D2"
"12674","USA_2019","MHRFdmp_OR","MHRFdmp_OR/00","D1"
"12675","USA_2019","MHRFdmp_OR","MHRFdmp_OR/00","C6"
"12676","USA_2019","MHRFdmp_OR","MHRFdmp_OR/00","C5"
"12677","USA_2019","MHRFdmp_OR","MHRFdmp_OR/00","C4"
"12678","USA_2019","MHRFdmp_OR","MHRFdmp_OR/00","C3"
"12679","USA_2019","MHRFdmp_OR","MHRFdmp_OR/00","C2"
"12680","USA_2019","MHRFdmp_OR","MHRFdmp_OR/00","C1"
"12681","USA_2019","MHRFdmp_OR","MHRFdmp_OR/00","B6"
"12682","USA_2019","MHRFdmp_OR","MHRFdmp_OR/00","B5"
"12683","USA_2019","MHRFdmp_OR","MHRFdmp_OR/00","B4"
"12684","USA_2019","MHRFdmp_OR","MHRFdmp_OR/00","B3"
"12685","USA_2019","MHRFdmp_OR","MHRFdmp_OR/00","B2"
"12686","USA_2019","MHRFdmp_OR","MHRFdmp_OR/00","B1"
"12687","USA_2019","MHRFdmp_OR","MHRFdmp_OR/00","A2"
"12688","USA_2019","MHRFdmp_OR","MHRFdmp_OR/00","A1"
"12689","Add_2021","MHRFdmp_OR","MHRFdmp_OR/Ro","A0"
"12690","Add_2021","MHRFdmp_OR","MHRFdmp_OR/Ro","B0"
"12691","USA_2019","MHRFds_CA","MHRFds_CA/101","D4"
"12692","USA_2019","MHRFds_CA","MHRFds_CA/101","D3"
"12693","USA_2019","MHRFds_CA","MHRFds_CA/101","C4"
"12694","USA_2019","MHRFds_CA","MHRFds_CA/101","C3"
"12695","USA_2019","MHRFds_CA","MHRFds_CA/101","B4"
"12696","USA_2019","MHRFds_CA","MHRFds_CA/101","B3"
"12697","USA_2019","MHRFds_CA","MHRFds_CA/102","D2"
"12698","USA_2019","MHRFds_CA","MHRFds_CA/102","D1"
"12699","USA_2019","MHRFds_CA","MHRFds_CA/102","C2"
"12700","USA_2019","MHRFds_CA","MHRFds_CA/102","C1"
"12701","USA_2019","MHRFds_CA","MHRFds_CA/102","B2"
"12702","USA_2019","MHRFds_CA","MHRFds_CA/102","B1"
"12703","USA_2019","MHRFds_CA","MHRFds_CA/102","A2"
"12704","USA_2019","MHRFds_CA","MHRFds_CA/102","A1"
"12705","USA_2019","MHRFds_CA","MHRFds_CA/110","E6"
"12706","USA_2019","MHRFds_CA","MHRFds_CA/110","E5"
"12707","USA_2019","MHRFds_CA","MHRFds_CA/110","D6"
"12708","USA_2019","MHRFds_CA","MHRFds_CA/110","D5"
"12709","USA_2019","MHRFds_CA","MHRFds_CA/110","C6"
"12710","USA_2019","MHRFds_CA","MHRFds_CA/110","C5"
"12711","USA_2019","MHRFds_CA","MHRFds_CA/110","B6"
"12712","USA_2019","MHRFds_CA","MHRFds_CA/110","B5"
"12713","Add_2021","MHRFds_CA","MHRFds_CA/Ro","A0"
"12714","Add_2021","MHRFds_CA","MHRFds_CA/Ro","B0"
"12715","USA_2019","MHRFdsp_CA","MHRFdsp_CA/00","E6"
"12716","USA_2019","MHRFdsp_CA","MHRFdsp_CA/00","E5"
"12717","USA_2019","MHRFdsp_CA","MHRFdsp_CA/00","D6"
"12718","USA_2019","MHRFdsp_CA","MHRFdsp_CA/00","D5"
"12719","USA_2019","MHRFdsp_CA","MHRFdsp_CA/00","D4"
"12720","USA_2019","MHRFdsp_CA","MHRFdsp_CA/00","D3"
"12721","USA_2019","MHRFdsp_CA","MHRFdsp_CA/00","D2"
"12722","USA_2019","MHRFdsp_CA","MHRFdsp_CA/00","D1"
"12723","USA_2019","MHRFdsp_CA","MHRFdsp_CA/00","C6"
"12724","USA_2019","MHRFdsp_CA","MHRFdsp_CA/00","C5"
"12725","USA_2019","MHRFdsp_CA","MHRFdsp_CA/00","C4"
"12726","USA_2019","MHRFdsp_CA","MHRFdsp_CA/00","C3"
"12727","USA_2019","MHRFdsp_CA","MHRFdsp_CA/00","C2"
"12728","USA_2019","MHRFdsp_CA","MHRFdsp_CA/00","C1"
"12729","USA_2019","MHRFdsp_CA","MHRFdsp_CA/00","B6"
"12730","USA_2019","MHRFdsp_CA","MHRFdsp_CA/00","B5"
"12731","USA_2019","MHRFdsp_CA","MHRFdsp_CA/00","B4"
"12732","USA_2019","MHRFdsp_CA","MHRFdsp_CA/00","B3"
"12733","USA_2019","MHRFdsp_CA","MHRFdsp_CA/00","B2"
"12734","USA_2019","MHRFdsp_CA","MHRFdsp_CA/00","B1"
"12735","USA_2019","MHRFdsp_CA","MHRFdsp_CA/00","A2"
"12736","USA_2019","MHRFdsp_CA","MHRFdsp_CA/00","A1"
"12737","Add_2021","MHRFdsp_CA","MHRFdsp_CA/Ro","A0"
"12738","Add_2021","MHRFdsp_CA","MHRFdsp_CA/Ro","B0"
"12739","USA_2019","MHRFmm_OR","MHRFmm_OR/101","D4"
"12740","USA_2019","MHRFmm_OR","MHRFmm_OR/101","D3"
"12741","USA_2019","MHRFmm_OR","MHRFmm_OR/101","C4"
"12742","USA_2019","MHRFmm_OR","MHRFmm_OR/101","C3"
"12743","USA_2019","MHRFmm_OR","MHRFmm_OR/101","B4"
"12744","USA_2019","MHRFmm_OR","MHRFmm_OR/101","B3"
"12745","USA_2019","MHRFmm_OR","MHRFmm_OR/102","D2"
"12746","USA_2019","MHRFmm_OR","MHRFmm_OR/102","D1"
"12747","USA_2019","MHRFmm_OR","MHRFmm_OR/102","C2"
"12748","USA_2019","MHRFmm_OR","MHRFmm_OR/102","C1"
"12749","USA_2019","MHRFmm_OR","MHRFmm_OR/102","B2"
"12750","USA_2019","MHRFmm_OR","MHRFmm_OR/102","B1"
"12751","USA_2019","MHRFmm_OR","MHRFmm_OR/102","A2"
"12752","USA_2019","MHRFmm_OR","MHRFmm_OR/102","A1"
"12753","USA_2019","MHRFmm_OR","MHRFmm_OR/110","E6"
"12754","USA_2019","MHRFmm_OR","MHRFmm_OR/110","E5"
"12755","USA_2019","MHRFmm_OR","MHRFmm_OR/110","D6"
"12756","USA_2019","MHRFmm_OR","MHRFmm_OR/110","D5"
"12757","USA_2019","MHRFmm_OR","MHRFmm_OR/110","C6"
"12758","USA_2019","MHRFmm_OR","MHRFmm_OR/110","C5"
"12759","USA_2019","MHRFmm_OR","MHRFmm_OR/110","B6"
"12760","USA_2019","MHRFmm_OR","MHRFmm_OR/110","B5"
"12761","Add_2021","MHRFmm_OR","MHRFmm_OR/Ro","A0"
"12762","Add_2021","MHRFmm_OR","MHRFmm_OR/Ro","B0"
"12763","USA_2019","MHRFmmp_OR","MHRFmmp_OR/00","E6"
"12764","USA_2019","MHRFmmp_OR","MHRFmmp_OR/00","E5"
"12765","USA_2019","MHRFmmp_OR","MHRFmmp_OR/00","D6"
"12766","USA_2019","MHRFmmp_OR","MHRFmmp_OR/00","D5"
"12767","USA_2019","MHRFmmp_OR","MHRFmmp_OR/00","D4"
"12768","USA_2019","MHRFmmp_OR","MHRFmmp_OR/00","D3"
"12769","USA_2019","MHRFmmp_OR","MHRFmmp_OR/00","D2"
"12770","USA_2019","MHRFmmp_OR","MHRFmmp_OR/00","D1"
"12771","USA_2019","MHRFmmp_OR","MHRFmmp_OR/00","C6"
"12772","USA_2019","MHRFmmp_OR","MHRFmmp_OR/00","C5"
"12773","USA_2019","MHRFmmp_OR","MHRFmmp_OR/00","C4"
"12774","USA_2019","MHRFmmp_OR","MHRFmmp_OR/00","C3"
"12775","USA_2019","MHRFmmp_OR","MHRFmmp_OR/00","C2"
"12776","USA_2019","MHRFmmp_OR","MHRFmmp_OR/00","C1"
"12777","USA_2019","MHRFmmp_OR","MHRFmmp_OR/00","B6"
"12778","USA_2019","MHRFmmp_OR","MHRFmmp_OR/00","B5"
"12779","USA_2019","MHRFmmp_OR","MHRFmmp_OR/00","B4"
"12780","USA_2019","MHRFmmp_OR","MHRFmmp_OR/00","B3"
"12781","USA_2019","MHRFmmp_OR","MHRFmmp_OR/00","B2"
"12782","USA_2019","MHRFmmp_OR","MHRFmmp_OR/00","B1"
"12783","USA_2019","MHRFmmp_OR","MHRFmmp_OR/00","A2"
"12784","USA_2019","MHRFmmp_OR","MHRFmmp_OR/00","A1"
"12785","Add_2021","MHRFmmp_OR","MHRFmmp_OR/Ro","A0"
"12786","Add_2021","MHRFmmp_OR","MHRFmmp_OR/Ro","B0"
"12787","BECv10","MHun","MHun/h","E7"
"12788","BECv10","MHun","MHun/h","E6"
"12789","BECv10","MHun","MHun/h","E5"
"12790","BECv10","MHun","MHun/h","D7"
"12791","BECv10","MHun","MHun/h","D6"
"12792","BECv10","MHun","MHun/h","D5"
"12793","BECv10","MHun","MHun/h","C7"
"12794","BECv10","MHun","MHun/h","C6"
"12795","BECv10","MHun","MHun/h","C5"
"12796","BECv10","MHun","MHun/h","B7"
"12797","BECv10","MHun","MHun/h","B6"
"12798","BECv10","MHun","MHun/h","B5"
"12799","BECv10","MHun","MHun/h","A7"
"12800","BECv10","MHun","MHun/h","A6"
"12801","BECv10","MHun","MHun/h","A5"
"12802","BECv10","MHun","MHun/m","E4"
"12803","BECv10","MHun","MHun/m","E3"
"12804","BECv10","MHun","MHun/m","D4"
"12805","BECv10","MHun","MHun/m","D3"
"12806","BECv10","MHun","MHun/m","C4"
"12807","BECv10","MHun","MHun/m","C3"
"12808","BECv10","MHun","MHun/m","B4"
"12809","BECv10","MHun","MHun/m","B3"
"12810","BECv10","MHun","MHun/m","A4"
"12811","BECv10","MHun","MHun/m","A3"
"12812","BECv10","MHun","MHun/x","E2"
"12813","BECv10","MHun","MHun/x","E1"
"12814","BECv10","MHun","MHun/x","E0"
"12815","BECv10","MHun","MHun/x","D2"
"12816","BECv10","MHun","MHun/x","D1"
"12817","BECv10","MHun","MHun/x","D0"
"12818","BECv10","MHun","MHun/x","C2"
"12819","BECv10","MHun","MHun/x","C1"
"12820","BECv10","MHun","MHun/x","C0"
"12821","BECv10","MHun","MHun/x","B2"
"12822","BECv10","MHun","MHun/x","B1"
"12823","BECv10","MHun","MHun/x","B0"
"12824","BECv10","MHun","MHun/x","A2"
"12825","BECv10","MHun","MHun/x","A1"
"12826","BECv10","MHun","MHun/x","A0"
"12827","BECv10","MHunp","MHunp/00","E7"
"12828","BECv10","MHunp","MHunp/00","E6"
"12829","BECv10","MHunp","MHunp/00","E5"
"12830","BECv10","MHunp","MHunp/00","E4"
"12831","BECv10","MHunp","MHunp/00","E3"
"12832","BECv10","MHunp","MHunp/00","E2"
"12833","BECv10","MHunp","MHunp/00","E1"
"12834","BECv10","MHunp","MHunp/00","E0"
"12835","BECv10","MHunp","MHunp/00","D7"
"12836","BECv10","MHunp","MHunp/00","D6"
"12837","BECv10","MHunp","MHunp/00","D5"
"12838","BECv10","MHunp","MHunp/00","D4"
"12839","BECv10","MHunp","MHunp/00","D3"
"12840","BECv10","MHunp","MHunp/00","D2"
"12841","BECv10","MHunp","MHunp/00","D1"
"12842","BECv10","MHunp","MHunp/00","D0"
"12843","BECv10","MHunp","MHunp/00","C7"
"12844","BECv10","MHunp","MHunp/00","C6"
"12845","BECv10","MHunp","MHunp/00","C5"
"12846","BECv10","MHunp","MHunp/00","C4"
"12847","BECv10","MHunp","MHunp/00","C3"
"12848","BECv10","MHunp","MHunp/00","C2"
"12849","BECv10","MHunp","MHunp/00","C1"
"12850","BECv10","MHunp","MHunp/00","C0"
"12851","BECv10","MHunp","MHunp/00","B7"
"12852","BECv10","MHunp","MHunp/00","B6"
"12853","BECv10","MHunp","MHunp/00","B5"
"12854","BECv10","MHunp","MHunp/00","B4"
"12855","BECv10","MHunp","MHunp/00","B3"
"12856","BECv10","MHunp","MHunp/00","B2"
"12857","BECv10","MHunp","MHunp/00","B1"
"12858","BECv10","MHunp","MHunp/00","B0"
"12859","BECv10","MHunp","MHunp/00","A7"
"12860","BECv10","MHunp","MHunp/00","A6"
"12861","BECv10","MHunp","MHunp/00","A5"
"12862","BECv10","MHunp","MHunp/00","A4"
"12863","BECv10","MHunp","MHunp/00","A3"
"12864","BECv10","MHunp","MHunp/00","A2"
"12865","BECv10","MHunp","MHunp/00","A1"
"12866","BECv10","MHunp","MHunp/00","A0"
"12867","BECv13","MHvh","MHvh/101","A2"
"12868","BECv13","MHvh","MHvh/101","A3"
"12869","BECv13","MHvh","MHvh/101","A4"
"12870","BECv13","MHvh","MHvh/101","B4"
"12871","BECv13","MHvh","MHvh/101","C4"
"12872","BECv13","MHvh","MHvh/101","C3"
"12873","BECv13","MHvh","MHvh/101","C2"
"12874","BECv13","MHvh","MHvh/101","B2"
"12875","BECv13","MHvh","MHvh/101","B3"
"12876","BECv13","MHvh","MHvh/101a","A3"
"12877","BECv13","MHvh","MHvh/101a","A4"
"12878","BECv13","MHvh","MHvh/101a","B4"
"12879","BECv13","MHvh","MHvh/101a","C4"
"12880","BECv13","MHvh","MHvh/101a","C3"
"12881","BECv13","MHvh","MHvh/101a","B3"
"12882","BECv13","MHvh","MHvh/101b","A2"
"12883","BECv13","MHvh","MHvh/101b","C2"
"12884","BECv13","MHvh","MHvh/101b","B2"
"12885","BECv13","MHvh","MHvh/102","A0"
"12886","BECv13","MHvh","MHvh/102","B0"
"12887","BECv13","MHvh","MHvh/102","C0"
"12888","BECv13","MHvh","MHvh/102","A1"
"12889","BECv13","MHvh","MHvh/102","B1"
"12890","BECv13","MHvh","MHvh/102","C1"
"12891","BECv13","MHvh","MHvh/110","D2"
"12892","BECv13","MHvh","MHvh/110","D3"
"12893","BECv13","MHvh","MHvh/110","D4"
"12894","BECv13","MHvh","MHvh/110","E2"
"12895","BECv13","MHvh","MHvh/110","E3"
"12896","BECv13","MHvh","MHvh/110","E4"
"12897","BECv13","MHvh","MHvh/111","B5"
"12898","BECv13","MHvh","MHvh/111","C5"
"12899","BECv13","MHvh","MHvh/Wb","A7"
"12900","BECv13","MHvh","MHvh/Wb","B7"
"12901","BECv13","MHvh","MHvh/Wb","C7"
"12902","BECv13","MHvh","MHvh/Wf","E7"
"12903","BECv13","MHvh","MHvh/Wf","D7"
"12904","BECv13","MHvh","MHvh/Wf","C7"
"12905","BECv13","MHvhp","MHvhp/h","E7"
"12906","BECv13","MHvhp","MHvhp/h","E6"
"12907","BECv13","MHvhp","MHvhp/h","E5"
"12908","BECv13","MHvhp","MHvhp/h","D7"
"12909","BECv13","MHvhp","MHvhp/h","D6"
"12910","BECv13","MHvhp","MHvhp/h","D5"
"12911","BECv13","MHvhp","MHvhp/h","C7"
"12912","BECv13","MHvhp","MHvhp/h","C6"
"12913","BECv13","MHvhp","MHvhp/h","C5"
"12914","BECv13","MHvhp","MHvhp/h","B7"
"12915","BECv13","MHvhp","MHvhp/h","B6"
"12916","BECv13","MHvhp","MHvhp/h","B5"
"12917","BECv13","MHvhp","MHvhp/h","A7"
"12918","BECv13","MHvhp","MHvhp/h","A6"
"12919","BECv13","MHvhp","MHvhp/h","A5"
"12920","BECv13","MHvhp","MHvhp/m","E4"
"12921","BECv13","MHvhp","MHvhp/m","E3"
"12922","BECv13","MHvhp","MHvhp/m","D4"
"12923","BECv13","MHvhp","MHvhp/m","D3"
"12924","BECv13","MHvhp","MHvhp/m","C4"
"12925","BECv13","MHvhp","MHvhp/m","C3"
"12926","BECv13","MHvhp","MHvhp/m","B4"
"12927","BECv13","MHvhp","MHvhp/m","B3"
"12928","BECv13","MHvhp","MHvhp/m","A4"
"12929","BECv13","MHvhp","MHvhp/m","A3"
"12930","BECv13","MHvhp","MHvhp/x","E2"
"12931","BECv13","MHvhp","MHvhp/x","E1"
"12932","BECv13","MHvhp","MHvhp/x","E0"
"12933","BECv13","MHvhp","MHvhp/x","D2"
"12934","BECv13","MHvhp","MHvhp/x","D1"
"12935","BECv13","MHvhp","MHvhp/x","D0"
"12936","BECv13","MHvhp","MHvhp/x","C2"
"12937","BECv13","MHvhp","MHvhp/x","C1"
"12938","BECv13","MHvhp","MHvhp/x","C0"
"12939","BECv13","MHvhp","MHvhp/x","B2"
"12940","BECv13","MHvhp","MHvhp/x","B1"
"12941","BECv13","MHvhp","MHvhp/x","B0"
"12942","BECv13","MHvhp","MHvhp/x","A2"
"12943","BECv13","MHvhp","MHvhp/x","A1"
"12944","BECv13","MHvhp","MHvhp/x","A0"
"12945","BECv10","MHwh","MHwh/101","C4"
"12946","BECv10","MHwh","MHwh/101","C3"
"12947","BECv10","MHwh","MHwh/101","C2"
"12948","BECv10","MHwh","MHwh/101","B5"
"12949","BECv10","MHwh","MHwh/101","B4"
"12950","BECv10","MHwh","MHwh/101","B3"
"12951","BECv10","MHwh","MHwh/101","B2"
"12952","BECv10","MHwh","MHwh/101","A5"
"12953","BECv10","MHwh","MHwh/101","A4"
"12954","BECv10","MHwh","MHwh/101","A3"
"12955","BECv10","MHwh","MHwh/101","A2"
"12956","BEC11","MHwh","MHwh/101a","C4"
"12957","BEC11","MHwh","MHwh/101a","C3"
"12958","BEC11","MHwh","MHwh/101a","B4"
"12959","BEC11","MHwh","MHwh/101a","B3"
"12960","BEC11","MHwh","MHwh/101a","A4"
"12961","BEC11","MHwh","MHwh/101a","A3"
"12962","BEC11","MHwh","MHwh/101b","C2"
"12963","BEC11","MHwh","MHwh/101b","B2"
"12964","BEC11","MHwh","MHwh/101b","A2"
"12965","BEC11","MHwh","MHwh/101c","B5"
"12966","BEC11","MHwh","MHwh/101c","A5"
"12967","BECv10","MHwh","MHwh/102","C1"
"12968","BECv10","MHwh","MHwh/102","C0"
"12969","BECv10","MHwh","MHwh/102","B1"
"12970","BECv10","MHwh","MHwh/102","B0"
"12971","BECv10","MHwh","MHwh/102","A1"
"12972","BECv10","MHwh","MHwh/102","A0"
"12973","BECv10","MHwh","MHwh/110","E2"
"12974","BECv10","MHwh","MHwh/110","D4"
"12975","BECv10","MHwh","MHwh/110","D3"
"12976","BECv10","MHwh","MHwh/110","D2"
"12977","BECv10","MHwh","MHwh/111","E6"
"12978","BECv10","MHwh","MHwh/111","E5"
"12979","BECv10","MHwh","MHwh/111","D6"
"12980","BECv10","MHwh","MHwh/111","D5"
"12981","BECv10","MHwh","MHwh/111","C6"
"12982","BECv10","MHwh","MHwh/111","C5"
"12983","BECv10","MHwh","MHwh/Wb53","C7"
"12984","BECv10","MHwh","MHwh/Wb53","B7"
"12985","BECv10","MHwh","MHwh/Wb53","A7"
"12986","BECv10","MHwhp","MHwhp/00","E7"
"12987","BECv10","MHwhp","MHwhp/00","E6"
"12988","BECv10","MHwhp","MHwhp/00","E5"
"12989","BECv10","MHwhp","MHwhp/00","E4"
"12990","BECv10","MHwhp","MHwhp/00","E3"
"12991","BECv10","MHwhp","MHwhp/00","E2"
"12992","BECv10","MHwhp","MHwhp/00","E1"
"12993","BECv10","MHwhp","MHwhp/00","E0"
"12994","BECv10","MHwhp","MHwhp/00","D7"
"12995","BECv10","MHwhp","MHwhp/00","D6"
"12996","BECv10","MHwhp","MHwhp/00","D5"
"12997","BECv10","MHwhp","MHwhp/00","D4"
"12998","BECv10","MHwhp","MHwhp/00","D3"
"12999","BECv10","MHwhp","MHwhp/00","D2"
"13000","BECv10","MHwhp","MHwhp/00","D1"
"13001","BECv10","MHwhp","MHwhp/00","D0"
"13002","BECv10","MHwhp","MHwhp/00","C7"
"13003","BECv10","MHwhp","MHwhp/00","C6"
"13004","BECv10","MHwhp","MHwhp/00","C5"
"13005","BECv10","MHwhp","MHwhp/00","C4"
"13006","BECv10","MHwhp","MHwhp/00","C3"
"13007","BECv10","MHwhp","MHwhp/00","C2"
"13008","BECv10","MHwhp","MHwhp/00","C1"
"13009","BECv10","MHwhp","MHwhp/00","C0"
"13010","BECv10","MHwhp","MHwhp/00","B7"
"13011","BECv10","MHwhp","MHwhp/00","B6"
"13012","BECv10","MHwhp","MHwhp/00","B5"
"13013","BECv10","MHwhp","MHwhp/00","B4"
"13014","BECv10","MHwhp","MHwhp/00","B3"
"13015","BECv10","MHwhp","MHwhp/00","B2"
"13016","BECv10","MHwhp","MHwhp/00","B1"
"13017","BECv10","MHwhp","MHwhp/00","B0"
"13018","BECv10","MHwhp","MHwhp/00","A7"
"13019","BECv10","MHwhp","MHwhp/00","A6"
"13020","BECv10","MHwhp","MHwhp/00","A5"
"13021","BECv10","MHwhp","MHwhp/00","A4"
"13022","BECv10","MHwhp","MHwhp/00","A3"
"13023","BECv10","MHwhp","MHwhp/00","A2"
"13024","BECv10","MHwhp","MHwhp/00","A1"
"13025","BECv10","MHwhp","MHwhp/00","A0"
"13026","ABv12","MSabN","MSabN/a","D2"
"13027","ABv12","MSabN","MSabN/a","D1"
"13028","ABv12","MSabN","MSabN/a","C3"
"13029","ABv12","MSabN","MSabN/a","C2"
"13030","ABv12","MSabN","MSabN/a","C1"
"13031","ABv12","MSabN","MSabN/a","B3"
"13032","ABv12","MSabN","MSabN/a","B2"
"13033","ABv12","MSabN","MSabN/a","B1"
"13034","ABv12","MSabN","MSabN/b","D3"
"13035","ABv12","MSabN","MSabN/b","D2"
"13036","ABv12","MSabN","MSabN/b","C4"
"13037","ABv12","MSabN","MSabN/b","C3"
"13038","ABv12","MSabN","MSabN/b","C2"
"13039","ABv12","MSabN","MSabN/b","B4"
"13040","ABv12","MSabN","MSabN/b","B3"
"13041","ABv12","MSabN","MSabN/b","B2"
"13042","ABv12","MSabN","MSabN/c","D5"
"13043","ABv12","MSabN","MSabN/c","D4"
"13044","ABv12","MSabN","MSabN/c","C5"
"13045","ABv12","MSabN","MSabN/c","C4"
"13046","ABv12","MSabN","MSabN/c","C3"
"13047","ABv12","MSabN","MSabN/c","B5"
"13048","ABv12","MSabN","MSabN/c","B4"
"13049","ABv12","MSabN","MSabN/d","E5"
"13050","ABv12","MSabN","MSabN/d","D6"
"13051","ABv12","MSabN","MSabN/d","D5"
"13052","ABv12","MSabN","MSabN/d","D4"
"13053","ABv12","MSabN","MSabN/d","C6"
"13054","ABv12","MSabN","MSabN/d","C5"
"13055","ABv12","MSabN","MSabN/f","E6"
"13056","ABv12","MSabN","MSabN/f","D7"
"13057","ABv12","MSabN","MSabN/f","D6"
"13058","ABv12","MSabN","MSabN/f","D5"
"13059","ABv12","MSabN","MSabN/f","C6"
"13060","ABv12","MSabN","MSabN/g","E7"
"13061","ABv12","MSabN","MSabN/g","D7"
"13062","ABv12","MSabN","MSabN/g","D6"
"13063","ABv12","MSabN","MSabN/g","C7"
"13064","ABv12","MSabN","MSabN/g","C6"
"13065","Add_2021","MSabN","MSabN/Ro","A0"
"13066","Add_2021","MSabN","MSabN/Ro","B0"
"13067","ABv12","MSabS","MSabS/a","D2"
"13068","ABv12","MSabS","MSabS/a","D1"
"13069","ABv12","MSabS","MSabS/a","C3"
"13070","ABv12","MSabS","MSabS/a","C2"
"13071","ABv12","MSabS","MSabS/a","C1"
"13072","ABv12","MSabS","MSabS/a","B3"
"13073","ABv12","MSabS","MSabS/a","B2"
"13074","ABv12","MSabS","MSabS/a","B1"
"13075","ABv12","MSabS","MSabS/b","D3"
"13076","ABv12","MSabS","MSabS/b","D2"
"13077","ABv12","MSabS","MSabS/b","C4"
"13078","ABv12","MSabS","MSabS/b","C3"
"13079","ABv12","MSabS","MSabS/b","C2"
"13080","ABv12","MSabS","MSabS/b","B4"
"13081","ABv12","MSabS","MSabS/b","B3"
"13082","ABv12","MSabS","MSabS/b","B2"
"13083","ABv12","MSabS","MSabS/c","D5"
"13084","ABv12","MSabS","MSabS/c","D4"
"13085","ABv12","MSabS","MSabS/c","C5"
"13086","ABv12","MSabS","MSabS/c","C4"
"13087","ABv12","MSabS","MSabS/c","C3"
"13088","ABv12","MSabS","MSabS/c","B5"
"13089","ABv12","MSabS","MSabS/c","B4"
"13090","ABv12","MSabS","MSabS/d","E5"
"13091","ABv12","MSabS","MSabS/d","D6"
"13092","ABv12","MSabS","MSabS/d","D5"
"13093","ABv12","MSabS","MSabS/d","D4"
"13094","ABv12","MSabS","MSabS/d","C6"
"13095","ABv12","MSabS","MSabS/d","C5"
"13096","ABv12","MSabS","MSabS/f","E6"
"13097","ABv12","MSabS","MSabS/f","D7"
"13098","ABv12","MSabS","MSabS/f","D6"
"13099","ABv12","MSabS","MSabS/f","D5"
"13100","ABv12","MSabS","MSabS/f","C6"
"13101","ABv12","MSabS","MSabS/g","E7"
"13102","ABv12","MSabS","MSabS/g","D7"
"13103","ABv12","MSabS","MSabS/g","D6"
"13104","ABv12","MSabS","MSabS/g","C7"
"13105","ABv12","MSabS","MSabS/g","C6"
"13106","Add_2021","MSabS","MSabS/Ro","A0"
"13107","Add_2021","MSabS","MSabS/Ro","B0"
"13108","BECv10","MSdc1","MSdc1/01","D4"
"13109","BECv10","MSdc1","MSdc1/01","D3"
"13110","BECv10","MSdc1","MSdc1/01","C4"
"13111","BECv10","MSdc1","MSdc1/01","C3"
"13112","BECv10","MSdc1","MSdc1/01","B4"
"13113","BECv10","MSdc1","MSdc1/01","B3"
"13114","BECv10","MSdc1","MSdc1/01","A4"
"13115","BECv10","MSdc1","MSdc1/01","A3"
"13116","BECv10","MSdc1","MSdc1/02","C1"
"13117","BECv10","MSdc1","MSdc1/02","C0"
"13118","BECv10","MSdc1","MSdc1/02","B1"
"13119","BECv10","MSdc1","MSdc1/02","B0"
"13120","BECv10","MSdc1","MSdc1/02","A1"
"13121","BECv10","MSdc1","MSdc1/02","A0"
"13122","BECv10","MSdc1","MSdc1/03","D3"
"13123","BECv10","MSdc1","MSdc1/03","D2"
"13124","BECv10","MSdc1","MSdc1/03","C3"
"13125","BECv10","MSdc1","MSdc1/03","C2"
"13126","BECv10","MSdc1","MSdc1/03","B3"
"13127","BECv10","MSdc1","MSdc1/03","B2"
"13128","BECv10","MSdc1","MSdc1/03","B1"
"13129","BECv10","MSdc1","MSdc1/03","A3"
"13130","BECv10","MSdc1","MSdc1/03","A2"
"13131","BECv10","MSdc1","MSdc1/03","A1"
"13132","BECv10","MSdc1","MSdc1/04","E5"
"13133","BECv10","MSdc1","MSdc1/04","E4"
"13134","BECv10","MSdc1","MSdc1/04","D5"
"13135","BECv10","MSdc1","MSdc1/04","D4"
"13136","BECv10","MSdc1","MSdc1/04","C5"
"13137","BECv10","MSdc1","MSdc1/04","C4"
"13138","BECv10","MSdc1","MSdc1/04","B5"
"13139","BECv10","MSdc1","MSdc1/04","B4"
"13140","BECv10","MSdc1","MSdc1/05","E7"
"13141","BECv10","MSdc1","MSdc1/05","E6"
"13142","BECv10","MSdc1","MSdc1/05","E5"
"13143","BECv10","MSdc1","MSdc1/05","D7"
"13144","BECv10","MSdc1","MSdc1/05","D6"
"13145","BECv10","MSdc1","MSdc1/05","D5"
"13146","BECv10","MSdc1","MSdc1/05","C7"
"13147","BECv10","MSdc1","MSdc1/05","C6"
"13148","BECv10","MSdc1","MSdc1/05","C5"
"13149","BECv10","MSdc2","MSdc2/01","D4"
"13150","BECv10","MSdc2","MSdc2/01","D3"
"13151","BECv10","MSdc2","MSdc2/01","C4"
"13152","BECv10","MSdc2","MSdc2/01","C3"
"13153","BECv10","MSdc2","MSdc2/01","B4"
"13154","BECv10","MSdc2","MSdc2/01","B3"
"13155","BECv10","MSdc2","MSdc2/02","D2"
"13156","BECv10","MSdc2","MSdc2/02","D1"
"13157","BECv10","MSdc2","MSdc2/02","D0"
"13158","BECv10","MSdc2","MSdc2/02","C2"
"13159","BECv10","MSdc2","MSdc2/02","C1"
"13160","BECv10","MSdc2","MSdc2/02","C0"
"13161","BECv10","MSdc2","MSdc2/02","B2"
"13162","BECv10","MSdc2","MSdc2/02","B1"
"13163","BECv10","MSdc2","MSdc2/02","B0"
"13164","BECv10","MSdc2","MSdc2/02","A1"
"13165","BECv10","MSdc2","MSdc2/02","A0"
"13166","BECv10","MSdc2","MSdc2/03","D3"
"13167","BECv10","MSdc2","MSdc2/03","D2"
"13168","BECv10","MSdc2","MSdc2/03","C3"
"13169","BECv10","MSdc2","MSdc2/03","C2"
"13170","BECv10","MSdc2","MSdc2/03","B3"
"13171","BECv10","MSdc2","MSdc2/03","B2"
"13172","BECv10","MSdc2","MSdc2/04","D3"
"13173","BECv10","MSdc2","MSdc2/04","D2"
"13174","BECv10","MSdc2","MSdc2/04","C3"
"13175","BECv10","MSdc2","MSdc2/04","C2"
"13176","BECv10","MSdc2","MSdc2/04","B3"
"13177","BECv10","MSdc2","MSdc2/04","B2"
"13178","BECv10","MSdc2","MSdc2/05","C6"
"13179","BECv10","MSdc2","MSdc2/05","C5"
"13180","BECv10","MSdc2","MSdc2/05","B6"
"13181","BECv10","MSdc2","MSdc2/05","B5"
"13182","BECv10","MSdc2","MSdc2/06","E6"
"13183","BECv10","MSdc2","MSdc2/06","E5"
"13184","BECv10","MSdc2","MSdc2/06","D6"
"13185","BECv10","MSdc2","MSdc2/06","D5"
"13186","BECv10","MSdc2","MSdc2/06","C6"
"13187","BECv10","MSdc2","MSdc2/06","C5"
"13188","BECv10","MSdc2","MSdc2/07","E6"
"13189","BECv10","MSdc2","MSdc2/07","E5"
"13190","BECv10","MSdc2","MSdc2/07","D6"
"13191","BECv10","MSdc2","MSdc2/07","D5"
"13192","BECv10","MSdc2","MSdc2/07","C6"
"13193","BECv10","MSdc2","MSdc2/07","C5"
"13194","BECv10","MSdc2","MSdc2/08","D7"
"13195","BECv10","MSdc2","MSdc2/08","D6"
"13196","BECv10","MSdc2","MSdc2/08","C7"
"13197","BECv10","MSdc2","MSdc2/08","C6"
"13198","BECv10","MSdc2","MSdc2/08","B7"
"13199","BECv10","MSdc2","MSdc2/08","B6"
"13200","BECv10","MSdc3","MSdc3/01","D4"
"13201","BECv10","MSdc3","MSdc3/01","D3"
"13202","BECv10","MSdc3","MSdc3/01","C4"
"13203","BECv10","MSdc3","MSdc3/01","C3"
"13204","BECv10","MSdc3","MSdc3/01","B4"
"13205","BECv10","MSdc3","MSdc3/01","B3"
"13206","BECv10","MSdc3","MSdc3/02","D2"
"13207","BECv10","MSdc3","MSdc3/02","D1"
"13208","BECv10","MSdc3","MSdc3/02","D0"
"13209","BECv10","MSdc3","MSdc3/02","C2"
"13210","BECv10","MSdc3","MSdc3/02","C1"
"13211","BECv10","MSdc3","MSdc3/02","C0"
"13212","BECv10","MSdc3","MSdc3/02","B2"
"13213","BECv10","MSdc3","MSdc3/02","B1"
"13214","BECv10","MSdc3","MSdc3/02","B0"
"13215","BECv10","MSdc3","MSdc3/02","A1"
"13216","BECv10","MSdc3","MSdc3/02","A0"
"13217","BECv10","MSdc3","MSdc3/03","D3"
"13218","BECv10","MSdc3","MSdc3/03","D2"
"13219","BECv10","MSdc3","MSdc3/03","C3"
"13220","BECv10","MSdc3","MSdc3/03","C2"
"13221","BECv10","MSdc3","MSdc3/03","B3"
"13222","BECv10","MSdc3","MSdc3/03","B2"
"13223","BECv10","MSdc3","MSdc3/04","D3"
"13224","BECv10","MSdc3","MSdc3/04","D2"
"13225","BECv10","MSdc3","MSdc3/04","C3"
"13226","BECv10","MSdc3","MSdc3/04","C2"
"13227","BECv10","MSdc3","MSdc3/04","B3"
"13228","BECv10","MSdc3","MSdc3/04","B2"
"13229","BECv10","MSdc3","MSdc3/05","C6"
"13230","BECv10","MSdc3","MSdc3/05","C5"
"13231","BECv10","MSdc3","MSdc3/05","B6"
"13232","BECv10","MSdc3","MSdc3/05","B5"
"13233","USA_2020","MSdh_MT","MSdh_MT/101","D4"
"13234","USA_2020","MSdh_MT","MSdh_MT/101","D3"
"13235","USA_2020","MSdh_MT","MSdh_MT/101","C4"
"13236","USA_2020","MSdh_MT","MSdh_MT/101","C3"
"13237","USA_2020","MSdh_MT","MSdh_MT/101","B4"
"13238","USA_2020","MSdh_MT","MSdh_MT/101","B3"
"13239","USA_2020","MSdh_MT","MSdh_MT/102","D1"
"13240","USA_2020","MSdh_MT","MSdh_MT/102","C1"
"13241","USA_2020","MSdh_MT","MSdh_MT/102","B1"
"13242","USA_2020","MSdh_MT","MSdh_MT/102","A1"
"13243","USA_2020","MSdh_MT","MSdh_MT/103","D2"
"13244","USA_2020","MSdh_MT","MSdh_MT/103","C2"
"13245","USA_2020","MSdh_MT","MSdh_MT/103","B2"
"13246","USA_2020","MSdh_MT","MSdh_MT/103","A2"
"13247","USA_2020","MSdh_MT","MSdh_MT/110","C5"
"13248","USA_2020","MSdh_MT","MSdh_MT/110","B5"
"13249","USA_2020","MSdh_MT","MSdh_MT/111","C6"
"13250","USA_2020","MSdh_MT","MSdh_MT/111","B6"
"13251","USA_2020","MSdh_MT","MSdh_MT/112","E5"
"13252","USA_2020","MSdh_MT","MSdh_MT/112","D5"
"13253","USA_2020","MSdh_MT","MSdh_MT/113","E6"
"13254","USA_2020","MSdh_MT","MSdh_MT/113","D6"
"13255","Add_2021","MSdh_MT","MSdh_MT/Ro","A0"
"13256","Add_2021","MSdh_MT","MSdh_MT/Ro","B0"
"13257","USA_2019","MSdh_UT","MSdh_UT/101","D4"
"13258","USA_2019","MSdh_UT","MSdh_UT/101","D3"
"13259","USA_2019","MSdh_UT","MSdh_UT/101","C4"
"13260","USA_2019","MSdh_UT","MSdh_UT/101","C3"
"13261","USA_2019","MSdh_UT","MSdh_UT/101","B4"
"13262","USA_2019","MSdh_UT","MSdh_UT/101","B3"
"13263","USA_2019","MSdh_UT","MSdh_UT/102","D1"
"13264","USA_2019","MSdh_UT","MSdh_UT/102","C1"
"13265","USA_2019","MSdh_UT","MSdh_UT/102","B1"
"13266","USA_2019","MSdh_UT","MSdh_UT/102","A1"
"13267","USA_2019","MSdh_UT","MSdh_UT/103","D2"
"13268","USA_2019","MSdh_UT","MSdh_UT/103","C2"
"13269","USA_2019","MSdh_UT","MSdh_UT/103","B2"
"13270","USA_2019","MSdh_UT","MSdh_UT/103","A2"
"13271","USA_2019","MSdh_UT","MSdh_UT/110","E5"
"13272","USA_2019","MSdh_UT","MSdh_UT/110","D5"
"13273","USA_2019","MSdh_UT","MSdh_UT/110","C5"
"13274","USA_2019","MSdh_UT","MSdh_UT/110","B5"
"13275","USA_2019","MSdh_UT","MSdh_UT/111","E6"
"13276","USA_2019","MSdh_UT","MSdh_UT/111","D6"
"13277","USA_2019","MSdh_UT","MSdh_UT/111","C6"
"13278","USA_2019","MSdh_UT","MSdh_UT/111","B6"
"13279","Add_2021","MSdh_UT","MSdh_UT/Ro","A0"
"13280","Add_2021","MSdh_UT","MSdh_UT/Ro","B0"
"13281","USA_2019","MSdh_WY","MSdh_WY/101","D4"
"13282","USA_2019","MSdh_WY","MSdh_WY/101","D3"
"13283","USA_2019","MSdh_WY","MSdh_WY/101","C4"
"13284","USA_2019","MSdh_WY","MSdh_WY/101","C3"
"13285","USA_2019","MSdh_WY","MSdh_WY/101","B4"
"13286","USA_2019","MSdh_WY","MSdh_WY/101","B3"
"13287","USA_2019","MSdh_WY","MSdh_WY/102","D1"
"13288","USA_2019","MSdh_WY","MSdh_WY/102","C1"
"13289","USA_2019","MSdh_WY","MSdh_WY/102","B1"
"13290","USA_2019","MSdh_WY","MSdh_WY/102","A1"
"13291","USA_2019","MSdh_WY","MSdh_WY/103","D2"
"13292","USA_2019","MSdh_WY","MSdh_WY/103","C2"
"13293","USA_2019","MSdh_WY","MSdh_WY/103","B2"
"13294","USA_2019","MSdh_WY","MSdh_WY/103","A2"
"13295","USA_2019","MSdh_WY","MSdh_WY/110","C5"
"13296","USA_2019","MSdh_WY","MSdh_WY/110","B5"
"13297","USA_2019","MSdh_WY","MSdh_WY/111","C6"
"13298","USA_2019","MSdh_WY","MSdh_WY/111","B6"
"13299","USA_2019","MSdh_WY","MSdh_WY/112","E5"
"13300","USA_2019","MSdh_WY","MSdh_WY/112","D5"
"13301","USA_2019","MSdh_WY","MSdh_WY/113","E6"
"13302","USA_2019","MSdh_WY","MSdh_WY/113","D6"
"13303","Add_2021","MSdh_WY","MSdh_WY/Ro","A0"
"13304","Add_2021","MSdh_WY","MSdh_WY/Ro","B0"
"13305","BECv11","MSdk","MSdk/101","D4"
"13306","BECv11","MSdk","MSdk/101","D3"
"13307","BECv11","MSdk","MSdk/101","C4"
"13308","BECv11","MSdk","MSdk/102","C1"
"13309","BECv11","MSdk","MSdk/102","B2"
"13310","BECv11","MSdk","MSdk/102","B1"
"13311","BECv11","MSdk","MSdk/102","A2"
"13312","BECv11","MSdk","MSdk/102","A1"
"13313","BECv11","MSdk","MSdk/103","D2"
"13314","BECv11","MSdk","MSdk/103","C2"
"13315","BECv11","MSdk","MSdk/104","B5"
"13316","BECv11","MSdk","MSdk/104","B4"
"13317","BECv11","MSdk","MSdk/104","B3"
"13318","BECv11","MSdk","MSdk/104","A5"
"13319","BECv11","MSdk","MSdk/104","A4"
"13320","BECv11","MSdk","MSdk/104","A3"
"13321","BECv11","MSdk","MSdk/105","D3"
"13322","BECv11","MSdk","MSdk/105","C3"
"13323","BECv11","MSdk","MSdk/110","E5"
"13324","BECv11","MSdk","MSdk/110","D5"
"13325","BECv11","MSdk","MSdk/110","C5"
"13326","BECv11","MSdk","MSdk/111","E7"
"13327","BECv11","MSdk","MSdk/111","E6"
"13328","BECv11","MSdk","MSdk/111","D7"
"13329","BECv11","MSdk","MSdk/111","D6"
"13330","BECv11","MSdk","MSdk/111","C7"
"13331","BECv11","MSdk","MSdk/111","C6"
"13332","BECv11","MSdk","MSdk/111a","E7"
"13333","BECv11","MSdk","MSdk/111a","E6"
"13334","BECv11","MSdk","MSdk/111a","D6"
"13335","BECv11","MSdk","MSdk/111a","C6"
"13336","BECv11","MSdk","MSdk/111b","D7"
"13337","BECv11","MSdk","MSdk/111b","C7"
"13338","BECv11","MSdk","MSdk/112","B7"
"13339","BECv11","MSdk","MSdk/112","B6"
"13340","BECv11","MSdk","MSdk/112a","B6"
"13341","BECv11","MSdk","MSdk/112b","B7"
"13342","BECv12","MSdk","MSdk/Fm01","E6"
"13343","BECv12","MSdk","MSdk/Fm01","E5"
"13344","BECv12","MSdk","MSdk/Fm02","E6"
"13345","BECv12","MSdk","MSdk/Fm02","E5"
"13346","BECv11","MSdk","MSdk/Ro","C0"
"13347","BECv11","MSdk","MSdk/Ro","B0"
"13348","BECv11","MSdk","MSdk/Ro","A0"
"13349","USA_2019","MSdk_CO","MSdk_CO/101","D4"
"13350","USA_2019","MSdk_CO","MSdk_CO/101","D3"
"13351","USA_2019","MSdk_CO","MSdk_CO/101","C4"
"13352","USA_2019","MSdk_CO","MSdk_CO/101","C3"
"13353","USA_2019","MSdk_CO","MSdk_CO/101","B4"
"13354","USA_2019","MSdk_CO","MSdk_CO/101","B3"
"13355","USA_2019","MSdk_CO","MSdk_CO/102","D1"
"13356","USA_2019","MSdk_CO","MSdk_CO/102","C1"
"13357","USA_2019","MSdk_CO","MSdk_CO/102","B1"
"13358","USA_2019","MSdk_CO","MSdk_CO/102","A1"
"13359","USA_2019","MSdk_CO","MSdk_CO/103","D2"
"13360","USA_2019","MSdk_CO","MSdk_CO/103","C2"
"13361","USA_2019","MSdk_CO","MSdk_CO/103","B2"
"13362","USA_2019","MSdk_CO","MSdk_CO/103","A2"
"13363","USA_2019","MSdk_CO","MSdk_CO/110","C5"
"13364","USA_2019","MSdk_CO","MSdk_CO/110","B5"
"13365","USA_2019","MSdk_CO","MSdk_CO/111","C6"
"13366","USA_2019","MSdk_CO","MSdk_CO/111","B6"
"13367","USA_2019","MSdk_CO","MSdk_CO/112","E5"
"13368","USA_2019","MSdk_CO","MSdk_CO/112","D5"
"13369","USA_2019","MSdk_CO","MSdk_CO/113","E6"
"13370","USA_2019","MSdk_CO","MSdk_CO/113","D6"
"13371","Add_2021","MSdk_CO","MSdk_CO/Ro","A0"
"13372","Add_2021","MSdk_CO","MSdk_CO/Ro","B0"
"13373","USA_2019","MSdm_WA","MSdm_WA/101","D4"
"13374","USA_2019","MSdm_WA","MSdm_WA/101","D3"
"13375","USA_2019","MSdm_WA","MSdm_WA/101","C4"
"13376","USA_2019","MSdm_WA","MSdm_WA/101","C3"
"13377","USA_2019","MSdm_WA","MSdm_WA/101","B4"
"13378","USA_2019","MSdm_WA","MSdm_WA/101","B3"
"13379","USA_2019","MSdm_WA","MSdm_WA/102","D1"
"13380","USA_2019","MSdm_WA","MSdm_WA/102","C1"
"13381","USA_2019","MSdm_WA","MSdm_WA/102","B1"
"13382","USA_2019","MSdm_WA","MSdm_WA/102","A1"
"13383","USA_2019","MSdm_WA","MSdm_WA/103","D2"
"13384","USA_2019","MSdm_WA","MSdm_WA/103","C2"
"13385","USA_2019","MSdm_WA","MSdm_WA/103","B2"
"13386","USA_2019","MSdm_WA","MSdm_WA/103","A2"
"13387","USA_2019","MSdm_WA","MSdm_WA/110","C5"
"13388","USA_2019","MSdm_WA","MSdm_WA/110","B5"
"13389","USA_2019","MSdm_WA","MSdm_WA/111","C6"
"13390","USA_2019","MSdm_WA","MSdm_WA/111","B6"
"13391","USA_2019","MSdm_WA","MSdm_WA/112","E5"
"13392","USA_2019","MSdm_WA","MSdm_WA/112","D5"
"13393","USA_2019","MSdm_WA","MSdm_WA/113","E6"
"13394","USA_2019","MSdm_WA","MSdm_WA/113","D6"
"13395","Add_2021","MSdm_WA","MSdm_WA/Ro","A0"
"13396","Add_2021","MSdm_WA","MSdm_WA/Ro","B0"
"13397","BECv12","MSdm1","MSdm1/101","C4"
"13398","BECv12","MSdm1","MSdm1/101","C3"
"13399","BECv12","MSdm1","MSdm1/101","B4"
"13400","BECv12","MSdm1","MSdm1/102","C1"
"13401","BECv12","MSdm1","MSdm1/102","B1"
"13402","BECv12","MSdm1","MSdm1/102","A2"
"13403","BECv12","MSdm1","MSdm1/102","A1"
"13404","BECv12","MSdm1","MSdm1/103","C3"
"13405","BECv12","MSdm1","MSdm1/103","C2"
"13406","BECv12","MSdm1","MSdm1/103","B2"
"13407","BECv12","MSdm1","MSdm1/104","B3"
"13408","BECv12","MSdm1","MSdm1/104","A3"
"13409","BECv12","MSdm1","MSdm1/110","B6"
"13410","BECv12","MSdm1","MSdm1/110","B5"
"13411","BECv12","MSdm1","MSdm1/111","D5"
"13412","BECv12","MSdm1","MSdm1/111","C5"
"13413","BECv12","MSdm1","MSdm1/112","D6"
"13414","BECv12","MSdm1","MSdm1/112","D5"
"13415","BECv12","MSdm1","MSdm1/112","C6"
"13416","BECv12","MSdm1","MSdm1/112","C5"
"13417","BECv12","MSdm1","MSdm1/113","E7"
"13418","BECv12","MSdm1","MSdm1/113","E6"
"13419","BECv12","MSdm1","MSdm1/113","D7"
"13420","BECv12","MSdm1","MSdm1/113","D6"
"13421","BECv12","MSdm1","MSdm1/113","C7"
"13422","BECv12","MSdm1","MSdm1/113","C6"
"13423","Add_2021","MSdm1","MSdm1/Ro","A0"
"13424","Add_2021","MSdm1","MSdm1/Ro","B0"
"13425","BECv12","MSdm2","MSdm2/101","D4"
"13426","BECv12","MSdm2","MSdm2/101","D3"
"13427","BECv12","MSdm2","MSdm2/101","C4"
"13428","BECv12","MSdm2","MSdm2/101","C3"
"13429","BECv12","MSdm2","MSdm2/101","B4"
"13430","BECv12","MSdm2","MSdm2/101","B3"
"13431","BECv12","MSdm2","MSdm2/102","C1"
"13432","BECv12","MSdm2","MSdm2/102","C0"
"13433","BECv12","MSdm2","MSdm2/102","B1"
"13434","BECv12","MSdm2","MSdm2/102","B0"
"13435","BECv12","MSdm2","MSdm2/102","A1"
"13436","BECv12","MSdm2","MSdm2/102","A0"
"13437","BECv12","MSdm2","MSdm2/103","C2"
"13438","BECv12","MSdm2","MSdm2/103","B2"
"13439","BECv12","MSdm2","MSdm2/104","D3"
"13440","BECv12","MSdm2","MSdm2/104","C3"
"13441","BECv12","MSdm2","MSdm2/104","C2"
"13442","BECv12","MSdm2","MSdm2/104","B3"
"13443","BECv12","MSdm2","MSdm2/104","B2"
"13444","BECv12","MSdm2","MSdm2/105","B4"
"13445","BECv12","MSdm2","MSdm2/105","B3"
"13446","BECv12","MSdm2","MSdm2/105","A4"
"13447","BECv12","MSdm2","MSdm2/105","A3"
"13448","BECv12","MSdm2","MSdm2/110","C5"
"13449","BECv12","MSdm2","MSdm2/110","B5"
"13450","BECv12","MSdm2","MSdm2/110","A5"
"13451","BECv12","MSdm2","MSdm2/111","D5"
"13452","BECv12","MSdm2","MSdm2/111","C5"
"13453","BECv12","MSdm2","MSdm2/112","E6"
"13454","BECv12","MSdm2","MSdm2/112","E5"
"13455","BECv12","MSdm2","MSdm2/112","D6"
"13456","BECv12","MSdm2","MSdm2/112","D5"
"13457","BECv12","MSdm2","MSdm2/112","C6"
"13458","BECv12","MSdm2","MSdm2/113","E7"
"13459","BECv12","MSdm2","MSdm2/113","E6"
"13460","BECv12","MSdm2","MSdm2/113","D7"
"13461","BECv12","MSdm2","MSdm2/113","D6"
"13462","BECv12","MSdm2","MSdm2/113","C7"
"13463","BECv12","MSdm2","MSdm2/113","C6"
"13464","BECv12","MSdm2","MSdm2/Rt07","C0"
"13465","BECv12","MSdm2","MSdm2/Rt07","B0"
"13466","BECv12","MSdm2","MSdm2/Rt07","A0"
"13467","BECv12","MSdm2","MSdm2/Rt08","C0"
"13468","BECv12","MSdm2","MSdm2/Rt08","B0"
"13469","BECv12","MSdm2","MSdm2/Rt08","A0"
"13470","BECv10","MSdm3","MSdm3/01","D5"
"13471","BECv10","MSdm3","MSdm3/01","D4"
"13472","BECv10","MSdm3","MSdm3/01","C5"
"13473","BECv10","MSdm3","MSdm3/01","C4"
"13474","BECv10","MSdm3","MSdm3/01","B5"
"13475","BECv10","MSdm3","MSdm3/01","B4"
"13476","BECv10","MSdm3","MSdm3/01","B3"
"13477","BECv10","MSdm3","MSdm3/01","A5"
"13478","BECv10","MSdm3","MSdm3/01","A4"
"13479","BECv10","MSdm3","MSdm3/01","A3"
"13480","BECv10","MSdm3","MSdm3/02","D2"
"13481","BECv10","MSdm3","MSdm3/02","D1"
"13482","BECv10","MSdm3","MSdm3/02","D0"
"13483","BECv10","MSdm3","MSdm3/02","C2"
"13484","BECv10","MSdm3","MSdm3/02","C1"
"13485","BECv10","MSdm3","MSdm3/02","C0"
"13486","BECv10","MSdm3","MSdm3/02","B2"
"13487","BECv10","MSdm3","MSdm3/02","B1"
"13488","BECv10","MSdm3","MSdm3/02","B0"
"13489","BECv10","MSdm3","MSdm3/02","A2"
"13490","BECv10","MSdm3","MSdm3/02","A1"
"13491","BECv10","MSdm3","MSdm3/02","A0"
"13492","BECv10","MSdm3","MSdm3/03","D3"
"13493","BECv10","MSdm3","MSdm3/03","D2"
"13494","BECv10","MSdm3","MSdm3/03","D1"
"13495","BECv10","MSdm3","MSdm3/03","C3"
"13496","BECv10","MSdm3","MSdm3/03","C2"
"13497","BECv10","MSdm3","MSdm3/03","C1"
"13498","BECv10","MSdm3","MSdm3/03","B3"
"13499","BECv10","MSdm3","MSdm3/03","B2"
"13500","BECv10","MSdm3","MSdm3/03","B1"
"13501","BECv10","MSdm3","MSdm3/03","A3"
"13502","BECv10","MSdm3","MSdm3/03","A2"
"13503","BECv10","MSdm3","MSdm3/03","A1"
"13504","BECv10","MSdm3","MSdm3/04","D4"
"13505","BECv10","MSdm3","MSdm3/04","D3"
"13506","BECv10","MSdm3","MSdm3/04","C4"
"13507","BECv10","MSdm3","MSdm3/04","C3"
"13508","BECv10","MSdm3","MSdm3/04","B4"
"13509","BECv10","MSdm3","MSdm3/04","B3"
"13510","BECv10","MSdm3","MSdm3/04","B2"
"13511","BECv10","MSdm3","MSdm3/04","A3"
"13512","BECv10","MSdm3","MSdm3/04","A2"
"13513","BECv10","MSdm3","MSdm3/05","D6"
"13514","BECv10","MSdm3","MSdm3/05","D5"
"13515","BECv10","MSdm3","MSdm3/05","D4"
"13516","BECv10","MSdm3","MSdm3/05","C6"
"13517","BECv10","MSdm3","MSdm3/05","C5"
"13518","BECv10","MSdm3","MSdm3/05","C4"
"13519","BECv10","MSdm3","MSdm3/05","B6"
"13520","BECv10","MSdm3","MSdm3/05","B5"
"13521","BECv10","MSdm3","MSdm3/05","B4"
"13522","BECv10","MSdm3","MSdm3/05","A6"
"13523","BECv10","MSdm3","MSdm3/05","A5"
"13524","BECv10","MSdm3","MSdm3/05","A4"
"13525","BECv10","MSdm3","MSdm3/06","E6"
"13526","BECv10","MSdm3","MSdm3/06","E5"
"13527","BECv10","MSdm3","MSdm3/06","E4"
"13528","BECv10","MSdm3","MSdm3/06","D6"
"13529","BECv10","MSdm3","MSdm3/06","D5"
"13530","BECv10","MSdm3","MSdm3/06","D4"
"13531","BECv10","MSdm3","MSdm3/06","C6"
"13532","BECv10","MSdm3","MSdm3/06","C5"
"13533","BECv10","MSdm3","MSdm3/07","E7"
"13534","BECv10","MSdm3","MSdm3/07","E6"
"13535","BECv10","MSdm3","MSdm3/07","D7"
"13536","BECv10","MSdm3","MSdm3/07","D6"
"13537","BECv10","MSdm3","MSdm3/07","C7"
"13538","BECv10","MSdm3","MSdm3/07","C6"
"13539","BECv10","MSdm3","MSdm3/07","B7"
"13540","BECv10","MSdm3","MSdm3/07","B6"
"13541","BECv10","MSdv","MSdv/01","D5"
"13542","BECv10","MSdv","MSdv/01","D4"
"13543","BECv10","MSdv","MSdv/01","C5"
"13544","BECv10","MSdv","MSdv/01","C4"
"13545","BECv10","MSdv","MSdv/01","B5"
"13546","BECv10","MSdv","MSdv/01","B4"
"13547","BECv10","MSdv","MSdv/02","D2"
"13548","BECv10","MSdv","MSdv/02","D1"
"13549","BECv10","MSdv","MSdv/02","D0"
"13550","BECv10","MSdv","MSdv/02","C2"
"13551","BECv10","MSdv","MSdv/02","C1"
"13552","BECv10","MSdv","MSdv/02","C0"
"13553","BECv10","MSdv","MSdv/02","B2"
"13554","BECv10","MSdv","MSdv/02","B1"
"13555","BECv10","MSdv","MSdv/02","B0"
"13556","BECv10","MSdv","MSdv/02","A2"
"13557","BECv10","MSdv","MSdv/02","A1"
"13558","BECv10","MSdv","MSdv/02","A0"
"13559","BECv10","MSdv","MSdv/02a","D0"
"13560","BECv10","MSdv","MSdv/02a","C1"
"13561","BECv10","MSdv","MSdv/02a","C0"
"13562","BECv10","MSdv","MSdv/02a","B1"
"13563","BECv10","MSdv","MSdv/02a","B0"
"13564","BECv10","MSdv","MSdv/02a","A2"
"13565","BECv10","MSdv","MSdv/02a","A1"
"13566","BECv10","MSdv","MSdv/02a","A0"
"13567","BECv10","MSdv","MSdv/02b","D2"
"13568","BECv10","MSdv","MSdv/02b","D1"
"13569","BECv10","MSdv","MSdv/02b","C2"
"13570","BECv10","MSdv","MSdv/02b","B2"
"13571","BECv10","MSdv","MSdv/03","B3"
"13572","BECv10","MSdv","MSdv/03","B2"
"13573","BECv10","MSdv","MSdv/03","A3"
"13574","BECv10","MSdv","MSdv/03","A2"
"13575","BECv10","MSdv","MSdv/04","D3"
"13576","BECv10","MSdv","MSdv/04","D2"
"13577","BECv10","MSdv","MSdv/04","C3"
"13578","BECv10","MSdv","MSdv/04","C2"
"13579","BECv10","MSdv","MSdv/04","B3"
"13580","BECv10","MSdv","MSdv/04","B2"
"13581","BECv10","MSdv","MSdv/05","D3"
"13582","BECv10","MSdv","MSdv/05","D2"
"13583","BECv10","MSdv","MSdv/05","C3"
"13584","BECv10","MSdv","MSdv/05","C2"
"13585","BECv10","MSdv","MSdv/05","B3"
"13586","BECv10","MSdv","MSdv/05","B2"
"13587","BECv10","MSdv","MSdv/06","D5"
"13588","BECv10","MSdv","MSdv/06","C5"
"13589","BECv10","MSdv","MSdv/06","B5"
"13590","BECv10","MSdv","MSdv/07","D5"
"13591","BECv10","MSdv","MSdv/07","C5"
"13592","BECv10","MSdv","MSdv/07","B5"
"13593","BECv10","MSdv","MSdv/08","D7"
"13594","BECv10","MSdv","MSdv/08","D6"
"13595","BECv10","MSdv","MSdv/08","C7"
"13596","BECv10","MSdv","MSdv/08","C6"
"13597","BECv10","MSdv","MSdv/08","B7"
"13598","BECv10","MSdv","MSdv/08","B6"
"13599","BECv10","MSdv","MSdv/09","D7"
"13600","BECv10","MSdv","MSdv/09","D6"
"13601","BECv10","MSdv","MSdv/09","C7"
"13602","BECv10","MSdv","MSdv/09","C6"
"13603","BECv10","MSdv","MSdv/09","B7"
"13604","BECv10","MSdv","MSdv/09","B6"
"13605","BECv11","MSdw","MSdw/101","D4"
"13606","BECv11","MSdw","MSdw/101","C4"
"13607","BECv11","MSdw","MSdw/101","B4"
"13608","BECv11","MSdw","MSdw/102","C1"
"13609","BECv11","MSdw","MSdw/102","B2"
"13610","BECv11","MSdw","MSdw/102","B1"
"13611","BECv11","MSdw","MSdw/103","D2"
"13612","BECv11","MSdw","MSdw/103","C2"
"13613","BECv11","MSdw","MSdw/103","B2"
"13614","BECv11","MSdw","MSdw/104","D3"
"13615","BECv11","MSdw","MSdw/104","D2"
"13616","BECv11","MSdw","MSdw/104","C3"
"13617","BECv11","MSdw","MSdw/104","B4"
"13618","BECv11","MSdw","MSdw/104","B3"
"13619","BECv11","MSdw","MSdw/110","E5"
"13620","BECv11","MSdw","MSdw/110","D5"
"13621","BECv11","MSdw","MSdw/110","C5"
"13622","BECv11","MSdw","MSdw/111","E7"
"13623","BECv11","MSdw","MSdw/111","E6"
"13624","BECv11","MSdw","MSdw/111","D7"
"13625","BECv11","MSdw","MSdw/111","D6"
"13626","BECv11","MSdw","MSdw/111","C7"
"13627","BECv11","MSdw","MSdw/111","C6"
"13628","BECv11","MSdw","MSdw/111a","E7"
"13629","BECv11","MSdw","MSdw/111a","E6"
"13630","BECv11","MSdw","MSdw/111a","D6"
"13631","BECv11","MSdw","MSdw/111a","C6"
"13632","BECv11","MSdw","MSdw/111b","D7"
"13633","BECv11","MSdw","MSdw/111b","C7"
"13634","BECv11","MSdw","MSdw/112","B7"
"13635","BECv11","MSdw","MSdw/112","B6"
"13636","BECv12","MSdw","MSdw/Fm01","E6"
"13637","BECv12","MSdw","MSdw/Fm01","E5"
"13638","BECv12","MSdw","MSdw/Fm02","E6"
"13639","BECv12","MSdw","MSdw/Fm02","E5"
"13640","BECv11","MSdw","MSdw/Ro","C0"
"13641","BECv11","MSdw","MSdw/Ro","B0"
"13642","BECv11","MSdw","MSdw/Ro","A0"
"13643","USA_2019","MSdw_MT","MSdw_MT/101","D4"
"13644","USA_2019","MSdw_MT","MSdw_MT/101","D3"
"13645","USA_2019","MSdw_MT","MSdw_MT/101","C4"
"13646","USA_2019","MSdw_MT","MSdw_MT/101","C3"
"13647","USA_2019","MSdw_MT","MSdw_MT/101","B4"
"13648","USA_2019","MSdw_MT","MSdw_MT/101","B3"
"13649","USA_2019","MSdw_MT","MSdw_MT/102","D1"
"13650","USA_2019","MSdw_MT","MSdw_MT/102","C1"
"13651","USA_2019","MSdw_MT","MSdw_MT/102","B1"
"13652","USA_2019","MSdw_MT","MSdw_MT/102","A1"
"13653","USA_2019","MSdw_MT","MSdw_MT/103","D2"
"13654","USA_2019","MSdw_MT","MSdw_MT/103","C2"
"13655","USA_2019","MSdw_MT","MSdw_MT/103","B2"
"13656","USA_2019","MSdw_MT","MSdw_MT/103","A2"
"13657","USA_2019","MSdw_MT","MSdw_MT/110","C5"
"13658","USA_2019","MSdw_MT","MSdw_MT/110","B5"
"13659","USA_2019","MSdw_MT","MSdw_MT/111","C6"
"13660","USA_2019","MSdw_MT","MSdw_MT/111","B6"
"13661","USA_2019","MSdw_MT","MSdw_MT/112","E5"
"13662","USA_2019","MSdw_MT","MSdw_MT/112","D5"
"13663","USA_2019","MSdw_MT","MSdw_MT/113","E6"
"13664","USA_2019","MSdw_MT","MSdw_MT/113","D6"
"13665","Add_2021","MSdw_MT","MSdw_MT/Ro","A0"
"13666","Add_2021","MSdw_MT","MSdw_MT/Ro","B0"
"13667","USA_2019","MSmm_ID","MSmm_ID/101","D4"
"13668","USA_2019","MSmm_ID","MSmm_ID/101","D3"
"13669","USA_2019","MSmm_ID","MSmm_ID/101","C4"
"13670","USA_2019","MSmm_ID","MSmm_ID/101","C3"
"13671","USA_2019","MSmm_ID","MSmm_ID/101","B4"
"13672","USA_2019","MSmm_ID","MSmm_ID/101","B3"
"13673","USA_2019","MSmm_ID","MSmm_ID/102","D1"
"13674","USA_2019","MSmm_ID","MSmm_ID/102","C1"
"13675","USA_2019","MSmm_ID","MSmm_ID/102","B1"
"13676","USA_2019","MSmm_ID","MSmm_ID/102","A1"
"13677","USA_2019","MSmm_ID","MSmm_ID/103","D2"
"13678","USA_2019","MSmm_ID","MSmm_ID/103","C2"
"13679","USA_2019","MSmm_ID","MSmm_ID/103","B2"
"13680","USA_2019","MSmm_ID","MSmm_ID/103","A2"
"13681","USA_2019","MSmm_ID","MSmm_ID/110","C5"
"13682","USA_2019","MSmm_ID","MSmm_ID/110","B5"
"13683","USA_2019","MSmm_ID","MSmm_ID/111","C6"
"13684","USA_2019","MSmm_ID","MSmm_ID/111","B6"
"13685","USA_2019","MSmm_ID","MSmm_ID/112","E5"
"13686","USA_2019","MSmm_ID","MSmm_ID/112","D5"
"13687","USA_2019","MSmm_ID","MSmm_ID/113","E6"
"13688","USA_2019","MSmm_ID","MSmm_ID/113","D6"
"13689","Add_2021","MSmm_ID","MSmm_ID/Ro","A0"
"13690","Add_2021","MSmm_ID","MSmm_ID/Ro","B0"
"13691","USA_2019","MSSDun_NV","MSSDun_NV/110","E5"
"13692","USA_2019","MSSDun_NV","MSSDun_NV/110","D5"
"13693","USA_2019","MSSDun_NV","MSSDun_NV/110","C5"
"13694","USA_2019","MSSDun_NV","MSSDun_NV/110","B5"
"13695","USA_2019","MSSDun_NV","MSSDun_NV/111","E6"
"13696","USA_2019","MSSDun_NV","MSSDun_NV/111","D6"
"13697","USA_2019","MSSDun_NV","MSSDun_NV/111","C6"
"13698","USA_2019","MSSDun_NV","MSSDun_NV/111","B6"
"13699","USA_2019","MSSDun_NV","MSSDun_NV/Gg","D4"
"13700","USA_2019","MSSDun_NV","MSSDun_NV/Gg","D3"
"13701","USA_2019","MSSDun_NV","MSSDun_NV/Gg","D2"
"13702","USA_2019","MSSDun_NV","MSSDun_NV/Gg","D1"
"13703","USA_2019","MSSDun_NV","MSSDun_NV/Gg","C4"
"13704","USA_2019","MSSDun_NV","MSSDun_NV/Gg","C3"
"13705","USA_2019","MSSDun_NV","MSSDun_NV/Gg","C2"
"13706","USA_2019","MSSDun_NV","MSSDun_NV/Gg","C1"
"13707","USA_2019","MSSDun_NV","MSSDun_NV/Gg","B4"
"13708","USA_2019","MSSDun_NV","MSSDun_NV/Gg","B3"
"13709","USA_2019","MSSDun_NV","MSSDun_NV/Gg","B2"
"13710","USA_2019","MSSDun_NV","MSSDun_NV/Gg","B1"
"13711","USA_2019","MSSDun_NV","MSSDun_NV/Gg","A2"
"13712","USA_2019","MSSDun_NV","MSSDun_NV/Gg","A1"
"13713","Add_2021","MSSDun_NV","MSSDun_NV/Ro","A0"
"13714","Add_2021","MSSDun_NV","MSSDun_NV/Ro","B0"
"13715","USA_2019","MSxh_OR","MSxh_OR/101","D4"
"13716","USA_2019","MSxh_OR","MSxh_OR/101","D3"
"13717","USA_2019","MSxh_OR","MSxh_OR/101","C4"
"13718","USA_2019","MSxh_OR","MSxh_OR/101","C3"
"13719","USA_2019","MSxh_OR","MSxh_OR/101","B4"
"13720","USA_2019","MSxh_OR","MSxh_OR/101","B3"
"13721","USA_2019","MSxh_OR","MSxh_OR/102","D1"
"13722","USA_2019","MSxh_OR","MSxh_OR/102","C1"
"13723","USA_2019","MSxh_OR","MSxh_OR/102","B1"
"13724","USA_2019","MSxh_OR","MSxh_OR/102","A1"
"13725","USA_2019","MSxh_OR","MSxh_OR/103","D2"
"13726","USA_2019","MSxh_OR","MSxh_OR/103","C2"
"13727","USA_2019","MSxh_OR","MSxh_OR/103","B2"
"13728","USA_2019","MSxh_OR","MSxh_OR/103","A2"
"13729","USA_2019","MSxh_OR","MSxh_OR/110","C5"
"13730","USA_2019","MSxh_OR","MSxh_OR/110","B5"
"13731","USA_2019","MSxh_OR","MSxh_OR/111","C6"
"13732","USA_2019","MSxh_OR","MSxh_OR/111","B6"
"13733","USA_2019","MSxh_OR","MSxh_OR/112","E5"
"13734","USA_2019","MSxh_OR","MSxh_OR/112","D5"
"13735","USA_2019","MSxh_OR","MSxh_OR/113","E6"
"13736","USA_2019","MSxh_OR","MSxh_OR/113","D6"
"13737","Add_2021","MSxh_OR","MSxh_OR/Ro","A0"
"13738","Add_2021","MSxh_OR","MSxh_OR/Ro","B0"
"13739","USA_2019","MSxk_WA","MSxk_WA/101","D4"
"13740","USA_2019","MSxk_WA","MSxk_WA/101","D3"
"13741","USA_2019","MSxk_WA","MSxk_WA/101","C4"
"13742","USA_2019","MSxk_WA","MSxk_WA/101","C3"
"13743","USA_2019","MSxk_WA","MSxk_WA/101","B4"
"13744","USA_2019","MSxk_WA","MSxk_WA/101","B3"
"13745","USA_2019","MSxk_WA","MSxk_WA/102","D1"
"13746","USA_2019","MSxk_WA","MSxk_WA/102","C1"
"13747","USA_2019","MSxk_WA","MSxk_WA/102","B1"
"13748","USA_2019","MSxk_WA","MSxk_WA/102","A1"
"13749","USA_2019","MSxk_WA","MSxk_WA/103","D2"
"13750","USA_2019","MSxk_WA","MSxk_WA/103","C2"
"13751","USA_2019","MSxk_WA","MSxk_WA/103","B2"
"13752","USA_2019","MSxk_WA","MSxk_WA/103","A2"
"13753","USA_2019","MSxk_WA","MSxk_WA/110","C5"
"13754","USA_2019","MSxk_WA","MSxk_WA/110","B5"
"13755","USA_2019","MSxk_WA","MSxk_WA/111","C6"
"13756","USA_2019","MSxk_WA","MSxk_WA/111","B6"
"13757","USA_2019","MSxk_WA","MSxk_WA/112","E5"
"13758","USA_2019","MSxk_WA","MSxk_WA/112","D5"
"13759","USA_2019","MSxk_WA","MSxk_WA/113","E6"
"13760","USA_2019","MSxk_WA","MSxk_WA/113","D6"
"13761","Add_2021","MSxk_WA","MSxk_WA/Ro","A0"
"13762","Add_2021","MSxk_WA","MSxk_WA/Ro","B0"
"13763","BECv12","MSxk1","MSxk1/101","D4"
"13764","BECv12","MSxk1","MSxk1/101","D3"
"13765","BECv12","MSxk1","MSxk1/101","C4"
"13766","BECv12","MSxk1","MSxk1/101","C3"
"13767","BECv12","MSxk1","MSxk1/101","C2"
"13768","BECv12","MSxk1","MSxk1/101","B4"
"13769","BECv12","MSxk1","MSxk1/101","B3"
"13770","BECv12","MSxk1","MSxk1/101","B2"
"13771","BECv12","MSxk1","MSxk1/101a","D4"
"13772","BECv12","MSxk1","MSxk1/101a","D3"
"13773","BECv12","MSxk1","MSxk1/101a","C4"
"13774","BECv12","MSxk1","MSxk1/101a","C3"
"13775","BECv12","MSxk1","MSxk1/101a","B4"
"13776","BECv12","MSxk1","MSxk1/101a","B3"
"13777","BECv12","MSxk1","MSxk1/101b","C3"
"13778","BECv12","MSxk1","MSxk1/101b","C2"
"13779","BECv12","MSxk1","MSxk1/101b","B3"
"13780","BECv12","MSxk1","MSxk1/101b","B2"
"13781","BECv12","MSxk1","MSxk1/102","B1"
"13782","BECv12","MSxk1","MSxk1/102","B0"
"13783","BECv12","MSxk1","MSxk1/102","A1"
"13784","BECv12","MSxk1","MSxk1/102","A0"
"13785","BECv12","MSxk1","MSxk1/103","B2"
"13786","BECv12","MSxk1","MSxk1/103","B1"
"13787","BECv12","MSxk1","MSxk1/103","A2"
"13788","BECv12","MSxk1","MSxk1/103","A1"
"13789","BECv12","MSxk1","MSxk1/104","D4"
"13790","BECv12","MSxk1","MSxk1/104","D3"
"13791","BECv12","MSxk1","MSxk1/104","C4"
"13792","BECv12","MSxk1","MSxk1/104","C3"
"13793","BECv12","MSxk1","MSxk1/104","C2"
"13794","BECv12","MSxk1","MSxk1/104","B4"
"13795","BECv12","MSxk1","MSxk1/104","B3"
"13796","BECv12","MSxk1","MSxk1/104","B2"
"13797","BECv12","MSxk1","MSxk1/105","B4"
"13798","BECv12","MSxk1","MSxk1/105","B3"
"13799","BECv12","MSxk1","MSxk1/105","A4"
"13800","BECv12","MSxk1","MSxk1/105","A3"
"13801","BECv12","MSxk1","MSxk1/110","C6"
"13802","BECv12","MSxk1","MSxk1/110","C5"
"13803","BECv12","MSxk1","MSxk1/110","B6"
"13804","BECv12","MSxk1","MSxk1/110","B5"
"13805","BECv12","MSxk1","MSxk1/110","A6"
"13806","BECv12","MSxk1","MSxk1/110","A5"
"13807","BECv12","MSxk1","MSxk1/111","E6"
"13808","BECv12","MSxk1","MSxk1/111","E5"
"13809","BECv12","MSxk1","MSxk1/111","D6"
"13810","BECv12","MSxk1","MSxk1/111","D5"
"13811","BECv12","MSxk1","MSxk1/111","C6"
"13812","BECv12","MSxk1","MSxk1/111","C5"
"13813","BECv12","MSxk1","MSxk1/112","E7"
"13814","BECv12","MSxk1","MSxk1/112","E6"
"13815","BECv12","MSxk1","MSxk1/112","D7"
"13816","BECv12","MSxk1","MSxk1/112","D6"
"13817","BECv12","MSxk1","MSxk1/112","C7"
"13818","BECv12","MSxk1","MSxk1/112","C6"
"13819","BECv12","MSxk1","MSxk1/112","B7"
"13820","BECv12","MSxk1","MSxk1/112","B6"
"13821","BECv12","MSxk1","MSxk1/113","E7"
"13822","BECv12","MSxk1","MSxk1/113","D7"
"13823","BECv12","MSxk1","MSxk1/113","C7"
"13824","BECv12","MSxk1","MSxk1/113","B7"
"13825","BECv10","MSxk1","MSxk1/Gg","D3"
"13826","BECv10","MSxk1","MSxk1/Gg","D2"
"13827","BECv10","MSxk1","MSxk1/Gg","C3"
"13828","BECv10","MSxk1","MSxk1/Gg","C2"
"13829","BECv10","MSxk1","MSxk1/Gg","C1"
"13830","BECv10","MSxk1","MSxk1/Gg","B2"
"13831","BECv10","MSxk1","MSxk1/Gg","B1"
"13832","BECv10","MSxk1","MSxk1/Gs","D3"
"13833","BECv10","MSxk1","MSxk1/Gs","D2"
"13834","BECv10","MSxk1","MSxk1/Gs","C3"
"13835","BECv10","MSxk1","MSxk1/Gs","C2"
"13836","BECv10","MSxk1","MSxk1/Gs","C1"
"13837","BECv10","MSxk1","MSxk1/Gs","B2"
"13838","BECv10","MSxk1","MSxk1/Gs","B1"
"13839","BECv12","MSxk1","MSxk1/Rt07","B0"
"13840","BECv12","MSxk1","MSxk1/Rt07","A0"
"13841","BECv12","MSxk2","MSxk2/101","D4"
"13842","BECv12","MSxk2","MSxk2/101","D3"
"13843","BECv12","MSxk2","MSxk2/101","C4"
"13844","BECv12","MSxk2","MSxk2/101","C3"
"13845","BECv12","MSxk2","MSxk2/101","B4"
"13846","BECv12","MSxk2","MSxk2/101","B3"
"13847","BECv12","MSxk2","MSxk2/102","C1"
"13848","BECv12","MSxk2","MSxk2/102","C0"
"13849","BECv12","MSxk2","MSxk2/102","B1"
"13850","BECv12","MSxk2","MSxk2/102","B0"
"13851","BECv12","MSxk2","MSxk2/103","B2"
"13852","BECv12","MSxk2","MSxk2/103","B1"
"13853","BECv12","MSxk2","MSxk2/103","A2"
"13854","BECv12","MSxk2","MSxk2/103","A1"
"13855","BECv12","MSxk2","MSxk2/104","C2"
"13856","BECv12","MSxk2","MSxk2/104","B2"
"13857","BECv12","MSxk2","MSxk2/105","C3"
"13858","BECv12","MSxk2","MSxk2/105","C2"
"13859","BECv12","MSxk2","MSxk2/105","B3"
"13860","BECv12","MSxk2","MSxk2/105","B2"
"13861","BECv12","MSxk2","MSxk2/106","B4"
"13862","BECv12","MSxk2","MSxk2/106","B3"
"13863","BECv12","MSxk2","MSxk2/106","A4"
"13864","BECv12","MSxk2","MSxk2/106","A3"
"13865","BECv12","MSxk2","MSxk2/110","C5"
"13866","BECv12","MSxk2","MSxk2/110","B6"
"13867","BECv12","MSxk2","MSxk2/110","B5"
"13868","BECv12","MSxk2","MSxk2/110","A6"
"13869","BECv12","MSxk2","MSxk2/110","A5"
"13870","BECv12","MSxk2","MSxk2/111","E5"
"13871","BECv12","MSxk2","MSxk2/111","D5"
"13872","BECv12","MSxk2","MSxk2/111","C5"
"13873","BECv12","MSxk2","MSxk2/112","E7"
"13874","BECv12","MSxk2","MSxk2/112","E6"
"13875","BECv12","MSxk2","MSxk2/112","D7"
"13876","BECv12","MSxk2","MSxk2/112","D6"
"13877","BECv12","MSxk2","MSxk2/112","C7"
"13878","BECv12","MSxk2","MSxk2/112","C6"
"13879","BECv10","MSxk2","MSxk2/Gg","D3"
"13880","BECv10","MSxk2","MSxk2/Gg","D2"
"13881","BECv10","MSxk2","MSxk2/Gg","D1"
"13882","BECv10","MSxk2","MSxk2/Gg","C3"
"13883","BECv10","MSxk2","MSxk2/Gg","C2"
"13884","BECv10","MSxk2","MSxk2/Gg","C1"
"13885","BECv12","MSxk2","MSxk2/Rt07","C0"
"13886","BECv12","MSxk2","MSxk2/Rt07","B0"
"13887","BECv12","MSxk2","MSxk2/Rt07","A0"
"13888","BECv12","MSxk2","MSxk2/Rt08","C0"
"13889","BECv12","MSxk2","MSxk2/Rt08","B0"
"13890","BECv12","MSxk2","MSxk2/Rt08","A0"
"13891","BECv10","MSxk3","MSxk3/01","D4"
"13892","BECv10","MSxk3","MSxk3/01","D3"
"13893","BECv10","MSxk3","MSxk3/01","C4"
"13894","BECv10","MSxk3","MSxk3/01","C3"
"13895","BECv10","MSxk3","MSxk3/01","B4"
"13896","BECv10","MSxk3","MSxk3/01","B3"
"13897","BECv10","MSxk3","MSxk3/01","A4"
"13898","BECv10","MSxk3","MSxk3/01","A3"
"13899","BECv10","MSxk3","MSxk3/02","C3"
"13900","BECv10","MSxk3","MSxk3/02","C2"
"13901","BECv10","MSxk3","MSxk3/02","C1"
"13902","BECv10","MSxk3","MSxk3/02","C0"
"13903","BECv10","MSxk3","MSxk3/02","B3"
"13904","BECv10","MSxk3","MSxk3/02","B2"
"13905","BECv10","MSxk3","MSxk3/02","B1"
"13906","BECv10","MSxk3","MSxk3/02","B0"
"13907","BECv10","MSxk3","MSxk3/02","A3"
"13908","BECv10","MSxk3","MSxk3/02","A2"
"13909","BECv10","MSxk3","MSxk3/02","A1"
"13910","BECv10","MSxk3","MSxk3/02","A0"
"13911","BECv10","MSxk3","MSxk3/03","E2"
"13912","BECv10","MSxk3","MSxk3/03","E1"
"13913","BECv10","MSxk3","MSxk3/03","E0"
"13914","BECv10","MSxk3","MSxk3/03","D2"
"13915","BECv10","MSxk3","MSxk3/03","D1"
"13916","BECv10","MSxk3","MSxk3/03","D0"
"13917","BECv10","MSxk3","MSxk3/03","C2"
"13918","BECv10","MSxk3","MSxk3/03","C1"
"13919","BECv10","MSxk3","MSxk3/03","C0"
"13920","BECv10","MSxk3","MSxk3/04","E3"
"13921","BECv10","MSxk3","MSxk3/04","E2"
"13922","BECv10","MSxk3","MSxk3/04","D3"
"13923","BECv10","MSxk3","MSxk3/04","D2"
"13924","BECv10","MSxk3","MSxk3/04","C3"
"13925","BECv10","MSxk3","MSxk3/04","C2"
"13926","BECv10","MSxk3","MSxk3/05","D4"
"13927","BECv10","MSxk3","MSxk3/05","D3"
"13928","BECv10","MSxk3","MSxk3/05","C4"
"13929","BECv10","MSxk3","MSxk3/05","C3"
"13930","BECv10","MSxk3","MSxk3/05","C2"
"13931","BECv10","MSxk3","MSxk3/05","B4"
"13932","BECv10","MSxk3","MSxk3/05","B3"
"13933","BECv10","MSxk3","MSxk3/05","B2"
"13934","BECv10","MSxk3","MSxk3/05","A4"
"13935","BECv10","MSxk3","MSxk3/05","A3"
"13936","BECv10","MSxk3","MSxk3/05","A2"
"13937","BECv10","MSxk3","MSxk3/06","D4"
"13938","BECv10","MSxk3","MSxk3/06","D3"
"13939","BECv10","MSxk3","MSxk3/06","C4"
"13940","BECv10","MSxk3","MSxk3/06","C3"
"13941","BECv10","MSxk3","MSxk3/06","B4"
"13942","BECv10","MSxk3","MSxk3/06","B3"
"13943","BECv10","MSxk3","MSxk3/06","A4"
"13944","BECv10","MSxk3","MSxk3/06","A3"
"13945","BECv10","MSxk3","MSxk3/08","E5"
"13946","BECv10","MSxk3","MSxk3/08","E4"
"13947","BECv10","MSxk3","MSxk3/08","D6"
"13948","BECv10","MSxk3","MSxk3/08","D5"
"13949","BECv10","MSxk3","MSxk3/08","D4"
"13950","BECv10","MSxk3","MSxk3/08","C6"
"13951","BECv10","MSxk3","MSxk3/08","C5"
"13952","BECv10","MSxk3","MSxk3/08","C4"
"13953","BECv10","MSxk3","MSxk3/08","B6"
"13954","BECv10","MSxk3","MSxk3/08","B5"
"13955","BECv10","MSxk3","MSxk3/08","B4"
"13956","BECv10","MSxk3","MSxk3/09","E6"
"13957","BECv10","MSxk3","MSxk3/09","E5"
"13958","BECv10","MSxk3","MSxk3/09","D6"
"13959","BECv10","MSxk3","MSxk3/09","D5"
"13960","BECv10","MSxk3","MSxk3/09","C6"
"13961","BECv10","MSxk3","MSxk3/09","B6"
"13962","USA_2019","MSxm_CO","MSxm_CO/101","D4"
"13963","USA_2019","MSxm_CO","MSxm_CO/101","D3"
"13964","USA_2019","MSxm_CO","MSxm_CO/101","C4"
"13965","USA_2019","MSxm_CO","MSxm_CO/101","C3"
"13966","USA_2019","MSxm_CO","MSxm_CO/101","B4"
"13967","USA_2019","MSxm_CO","MSxm_CO/101","B3"
"13968","USA_2019","MSxm_CO","MSxm_CO/102","D1"
"13969","USA_2019","MSxm_CO","MSxm_CO/102","C1"
"13970","USA_2019","MSxm_CO","MSxm_CO/102","B1"
"13971","USA_2019","MSxm_CO","MSxm_CO/102","A1"
"13972","USA_2019","MSxm_CO","MSxm_CO/103","D2"
"13973","USA_2019","MSxm_CO","MSxm_CO/103","C2"
"13974","USA_2019","MSxm_CO","MSxm_CO/103","B2"
"13975","USA_2019","MSxm_CO","MSxm_CO/103","A2"
"13976","USA_2019","MSxm_CO","MSxm_CO/110","C5"
"13977","USA_2019","MSxm_CO","MSxm_CO/110","B5"
"13978","USA_2019","MSxm_CO","MSxm_CO/111","C6"
"13979","USA_2019","MSxm_CO","MSxm_CO/111","B6"
"13980","USA_2019","MSxm_CO","MSxm_CO/112","E5"
"13981","USA_2019","MSxm_CO","MSxm_CO/112","D5"
"13982","USA_2019","MSxm_CO","MSxm_CO/113","E6"
"13983","USA_2019","MSxm_CO","MSxm_CO/113","D6"
"13984","Add_2021","MSxm_CO","MSxm_CO/Ro","A0"
"13985","Add_2021","MSxm_CO","MSxm_CO/Ro","B0"
"13986","BECv10","MSxv","MSxv/01","D4"
"13987","BECv10","MSxv","MSxv/01","D3"
"13988","BECv10","MSxv","MSxv/01","C4"
"13989","BECv10","MSxv","MSxv/01","C3"
"13990","BECv10","MSxv","MSxv/01","B4"
"13991","BECv10","MSxv","MSxv/02","B2"
"13992","BECv10","MSxv","MSxv/02","B1"
"13993","BECv10","MSxv","MSxv/02","A2"
"13994","BECv10","MSxv","MSxv/02","A1"
"13995","BECv10","MSxv","MSxv/03","D2"
"13996","BECv10","MSxv","MSxv/03","D1"
"13997","BECv10","MSxv","MSxv/03","C2"
"13998","BECv10","MSxv","MSxv/03","C1"
"13999","BECv10","MSxv","MSxv/03","B1"
"14000","BECv10","MSxv","MSxv/03a","D2"
"14001","BECv10","MSxv","MSxv/03a","D1"
"14002","BECv10","MSxv","MSxv/03a","C2"
"14003","BECv10","MSxv","MSxv/03a","C1"
"14004","BECv10","MSxv","MSxv/03a","B1"
"14005","BECv10","MSxv","MSxv/03b","C1"
"14006","BECv10","MSxv","MSxv/03b","B1"
"14007","BECv10","MSxv","MSxv/04","D3"
"14008","BECv10","MSxv","MSxv/04","C3"
"14009","BECv10","MSxv","MSxv/04","B3"
"14010","BECv10","MSxv","MSxv/05","D4"
"14011","BECv10","MSxv","MSxv/05","C4"
"14012","BECv10","MSxv","MSxv/05","B4"
"14013","BECv10","MSxv","MSxv/06","E5"
"14014","BECv10","MSxv","MSxv/06","D5"
"14015","BECv10","MSxv","MSxv/06","C5"
"14016","BECv10","MSxv","MSxv/07","B6"
"14017","BECv10","MSxv","MSxv/07","B5"
"14018","BECv10","MSxv","MSxv/08","E7"
"14019","BECv10","MSxv","MSxv/08","E6"
"14020","BECv10","MSxv","MSxv/08","D7"
"14021","BECv10","MSxv","MSxv/08","D6"
"14022","BECv10","MSxv","MSxv/08","C7"
"14023","BECv10","MSxv","MSxv/08","C6"
"14024","BECv10","MSxv","MSxv/08","B7"
"14025","BECv10","MSxv","MSxv/08","B6"
"14026","BECv10","MSxv","MSxv/09","B7"
"14027","BECv10","MSxv","MSxv/09","B6"
"14028","BECv10","MSxv","MSxv/09","A7"
"14029","BECv10","MSxv","MSxv/09","A6"
"14030","Add_2021","MSxv","MSxv/Ro","A0"
"14031","Add_2021","MSxv","MSxv/Ro","B0"
"14032","USA_2019","MSxx_NV","MSxx_NV/101","D4"
"14033","USA_2019","MSxx_NV","MSxx_NV/101","D3"
"14034","USA_2019","MSxx_NV","MSxx_NV/101","C4"
"14035","USA_2019","MSxx_NV","MSxx_NV/101","C3"
"14036","USA_2019","MSxx_NV","MSxx_NV/101","B4"
"14037","USA_2019","MSxx_NV","MSxx_NV/101","B3"
"14038","USA_2019","MSxx_NV","MSxx_NV/102","D1"
"14039","USA_2019","MSxx_NV","MSxx_NV/102","C1"
"14040","USA_2019","MSxx_NV","MSxx_NV/102","B1"
"14041","USA_2019","MSxx_NV","MSxx_NV/102","A1"
"14042","USA_2019","MSxx_NV","MSxx_NV/103","D2"
"14043","USA_2019","MSxx_NV","MSxx_NV/103","C2"
"14044","USA_2019","MSxx_NV","MSxx_NV/103","B2"
"14045","USA_2019","MSxx_NV","MSxx_NV/103","A2"
"14046","USA_2019","MSxx_NV","MSxx_NV/110","C5"
"14047","USA_2019","MSxx_NV","MSxx_NV/110","B5"
"14048","USA_2019","MSxx_NV","MSxx_NV/110","E5"
"14049","USA_2019","MSxx_NV","MSxx_NV/110","D5"
"14050","USA_2019","MSxx_NV","MSxx_NV/111","C6"
"14051","USA_2019","MSxx_NV","MSxx_NV/111","B6"
"14052","USA_2019","MSxx_NV","MSxx_NV/111","E6"
"14053","USA_2019","MSxx_NV","MSxx_NV/111","D6"
"14054","Add_2021","MSxx_NV","MSxx_NV/Ro","A0"
"14055","Add_2021","MSxx_NV","MSxx_NV/Ro","B0"
"14104","USA_2019","PPmx_WY","PPmx_WY/101","D4"
"14105","USA_2019","PPmx_WY","PPmx_WY/101","D3"
"14106","USA_2019","PPmx_WY","PPmx_WY/101","C4"
"14107","USA_2019","PPmx_WY","PPmx_WY/101","C3"
"14108","USA_2019","PPmx_WY","PPmx_WY/101","B4"
"14109","USA_2019","PPmx_WY","PPmx_WY/101","B3"
"14110","USA_2019","PPmx_WY","PPmx_WY/102","D2"
"14111","USA_2019","PPmx_WY","PPmx_WY/102","C2"
"14112","USA_2019","PPmx_WY","PPmx_WY/102","B2"
"14113","USA_2019","PPmx_WY","PPmx_WY/102","A2"
"14114","USA_2019","PPmx_WY","PPmx_WY/110","C5"
"14115","USA_2019","PPmx_WY","PPmx_WY/110","B5"
"14116","USA_2019","PPmx_WY","PPmx_WY/111","C6"
"14117","USA_2019","PPmx_WY","PPmx_WY/111","B6"
"14118","USA_2019","PPmx_WY","PPmx_WY/112","E5"
"14119","USA_2019","PPmx_WY","PPmx_WY/112","D5"
"14120","USA_2019","PPmx_WY","PPmx_WY/113","E6"
"14121","USA_2019","PPmx_WY","PPmx_WY/113","D6"
"14122","USA_2019","PPmx_WY","PPmx_WY/Gg","D1"
"14123","USA_2019","PPmx_WY","PPmx_WY/Gg","C1"
"14124","USA_2019","PPmx_WY","PPmx_WY/Gg","B1"
"14125","USA_2019","PPmx_WY","PPmx_WY/Gg","A1"
"14126","Add_2021","PPmx_WY","PPmx_WY/Ro","A0"
"14127","Add_2021","PPmx_WY","PPmx_WY/Ro","B0"
"14128","USA_2019","PPxh_CO","PPxh_CO/101","D4"
"14129","USA_2019","PPxh_CO","PPxh_CO/101","D3"
"14130","USA_2019","PPxh_CO","PPxh_CO/101","C4"
"14131","USA_2019","PPxh_CO","PPxh_CO/101","C3"
"14132","USA_2019","PPxh_CO","PPxh_CO/101","B4"
"14133","USA_2019","PPxh_CO","PPxh_CO/101","B3"
"14134","USA_2019","PPxh_CO","PPxh_CO/102","D2"
"14135","USA_2019","PPxh_CO","PPxh_CO/102","C2"
"14136","USA_2019","PPxh_CO","PPxh_CO/102","B2"
"14137","USA_2019","PPxh_CO","PPxh_CO/102","A2"
"14138","USA_2019","PPxh_CO","PPxh_CO/110","C5"
"14139","USA_2019","PPxh_CO","PPxh_CO/110","B5"
"14140","USA_2019","PPxh_CO","PPxh_CO/111","C6"
"14141","USA_2019","PPxh_CO","PPxh_CO/111","B6"
"14142","USA_2019","PPxh_CO","PPxh_CO/112","E5"
"14143","USA_2019","PPxh_CO","PPxh_CO/112","D5"
"14144","USA_2019","PPxh_CO","PPxh_CO/113","E6"
"14145","USA_2019","PPxh_CO","PPxh_CO/113","D6"
"14146","USA_2019","PPxh_CO","PPxh_CO/Gg","D1"
"14147","USA_2019","PPxh_CO","PPxh_CO/Gg","C1"
"14148","USA_2019","PPxh_CO","PPxh_CO/Gg","B1"
"14149","USA_2019","PPxh_CO","PPxh_CO/Gg","A1"
"14150","Add_2021","PPxh_CO","PPxh_CO/Ro","A0"
"14151","Add_2021","PPxh_CO","PPxh_CO/Ro","B0"
"14152","USA_2019","PPxh_WA","PPxh_WA/101","D4"
"14153","USA_2019","PPxh_WA","PPxh_WA/101","D3"
"14154","USA_2019","PPxh_WA","PPxh_WA/101","C4"
"14155","USA_2019","PPxh_WA","PPxh_WA/101","C3"
"14156","USA_2019","PPxh_WA","PPxh_WA/101","B4"
"14157","USA_2019","PPxh_WA","PPxh_WA/101","B3"
"14158","USA_2019","PPxh_WA","PPxh_WA/102","D2"
"14159","USA_2019","PPxh_WA","PPxh_WA/102","C2"
"14160","USA_2019","PPxh_WA","PPxh_WA/102","B2"
"14161","USA_2019","PPxh_WA","PPxh_WA/102","A2"
"14162","USA_2019","PPxh_WA","PPxh_WA/110","E5"
"14163","USA_2019","PPxh_WA","PPxh_WA/110","D5"
"14164","USA_2019","PPxh_WA","PPxh_WA/110","C5"
"14165","USA_2019","PPxh_WA","PPxh_WA/110","B5"
"14166","USA_2019","PPxh_WA","PPxh_WA/111","C6"
"14167","USA_2019","PPxh_WA","PPxh_WA/111","B6"
"14168","USA_2019","PPxh_WA","PPxh_WA/113","E6"
"14169","USA_2019","PPxh_WA","PPxh_WA/113","D6"
"14170","USA_2019","PPxh_WA","PPxh_WA/Gg","D1"
"14171","USA_2019","PPxh_WA","PPxh_WA/Gg","C1"
"14172","USA_2019","PPxh_WA","PPxh_WA/Gg","B1"
"14173","USA_2019","PPxh_WA","PPxh_WA/Gg","A1"
"14174","Add_2021","PPxh_WA","PPxh_WA/Ro","A0"
"14175","Add_2021","PPxh_WA","PPxh_WA/Ro","B0"
"14176","BECv12","PPxh1","PPxh1/101","D4"
"14177","BECv12","PPxh1","PPxh1/101","D3"
"14178","BECv12","PPxh1","PPxh1/101","C4"
"14179","BECv12","PPxh1","PPxh1/101","C3"
"14180","BECv12","PPxh1","PPxh1/101","B4"
"14181","BECv12","PPxh1","PPxh1/102","B1"
"14182","BECv12","PPxh1","PPxh1/102","B0"
"14183","BECv12","PPxh1","PPxh1/102","A2"
"14184","BECv12","PPxh1","PPxh1/102","A1"
"14185","BECv12","PPxh1","PPxh1/102","A0"
"14186","BECv12","PPxh1","PPxh1/103","B2"
"14187","BECv12","PPxh1","PPxh1/103","B1"
"14188","BECv12","PPxh1","PPxh1/104","C3"
"14189","BECv12","PPxh1","PPxh1/104","C2"
"14190","BECv12","PPxh1","PPxh1/104","B3"
"14191","BECv12","PPxh1","PPxh1/104","B2"
"14192","BECv12","PPxh1","PPxh1/110","D4"
"14193","BECv12","PPxh1","PPxh1/110","D3"
"14194","BECv12","PPxh1","PPxh1/110","C4"
"14195","BECv12","PPxh1","PPxh1/110","C3"
"14196","BECv12","PPxh1","PPxh1/111","D5"
"14197","BECv12","PPxh1","PPxh1/111","D4"
"14198","BECv12","PPxh1","PPxh1/111","C5"
"14199","BECv12","PPxh1","PPxh1/111","C4"
"14200","BECv12","PPxh1","PPxh1/Fm01","E6"
"14201","BECv12","PPxh1","PPxh1/Fm01","E5"
"14202","BECv12","PPxh1","PPxh1/Fm01","D6"
"14203","BECv12","PPxh1","PPxh1/Fm05","E6"
"14204","BECv12","PPxh1","PPxh1/Fm05","E5"
"14205","BECv12","PPxh1","PPxh1/Fm05","D6"
"14206","BECv12","PPxh1","PPxh1/Fm06","E6"
"14207","BECv12","PPxh1","PPxh1/Fm06","E5"
"14208","BECv12","PPxh1","PPxh1/Fm06","D6"
"14209","BECv10","PPxh1","PPxh1/Gg","E4"
"14210","BECv10","PPxh1","PPxh1/Gg","E3"
"14211","BECv10","PPxh1","PPxh1/Gg","D4"
"14212","BECv10","PPxh1","PPxh1/Gg","D3"
"14213","BECv10","PPxh1","PPxh1/Gg","D2"
"14214","BECv10","PPxh1","PPxh1/Gg","C4"
"14215","BECv10","PPxh1","PPxh1/Gg","C3"
"14216","BECv10","PPxh1","PPxh1/Gg","C2"
"14217","BECv10","PPxh1","PPxh1/Gg","B3"
"14218","BECv10","PPxh1","PPxh1/Gg","B2"
"14219","BECv10","PPxh1","PPxh1/Gs","B3"
"14220","BECv10","PPxh1","PPxh1/Gs","B2"
"14221","BECv10","PPxh1","PPxh1/Gs","B1"
"14222","BECv10","PPxh1","PPxh1/Gs","A3"
"14223","BECv10","PPxh1","PPxh1/Gs","A2"
"14224","BECv10","PPxh1","PPxh1/Gs","A1"
"14225","BECv12","PPxh1","PPxh1/Ro","A0"
"14226","BECv12","PPxh1","PPxh1/Ro","B0"
"14227","BECv12","PPxh2","PPxh2/101","D4"
"14228","BECv12","PPxh2","PPxh2/101","D3"
"14229","BECv12","PPxh2","PPxh2/101","C4"
"14230","BECv12","PPxh2","PPxh2/101","C3"
"14231","BECv12","PPxh2","PPxh2/101","B4"
"14232","BECv12","PPxh2","PPxh2/101","B3"
"14233","BECv12","PPxh2","PPxh2/102","B1"
"14234","BECv12","PPxh2","PPxh2/102","B0"
"14235","BECv12","PPxh2","PPxh2/102","A1"
"14236","BECv12","PPxh2","PPxh2/102","A0"
"14237","BECv12","PPxh2","PPxh2/103","C3"
"14238","BECv12","PPxh2","PPxh2/103","C2"
"14239","BECv12","PPxh2","PPxh2/103","B3"
"14240","BECv12","PPxh2","PPxh2/103","B2"
"14241","BECv12","PPxh2","PPxh2/110","D4"
"14242","BECv12","PPxh2","PPxh2/110","C5"
"14243","BECv12","PPxh2","PPxh2/110","C4"
"14244","BECv12","PPxh2","PPxh2/110.1","D4"
"14245","BECv12","PPxh2","PPxh2/110.1","C5"
"14246","BECv12","PPxh2","PPxh2/110.1","C4"
"14247","BECv12","PPxh2","PPxh2/110.2","D4"
"14248","BECv12","PPxh2","PPxh2/110.2","C5"
"14249","BECv12","PPxh2","PPxh2/110.2","C4"
"14250","BECv12","PPxh2","PPxh2/111","E5"
"14251","BECv12","PPxh2","PPxh2/111","D5"
"14252","BECv12","PPxh2","PPxh2/111","C5"
"14253","BECv12","PPxh2","PPxh2/Fm01","E6"
"14254","BECv12","PPxh2","PPxh2/Fm01","E5"
"14255","BECv12","PPxh2","PPxh2/Fm01","D6"
"14256","BECv12","PPxh2","PPxh2/Fm05","D6"
"14257","BECv12","PPxh2","PPxh2/Fm05","E6"
"14258","BECv12","PPxh2","PPxh2/Fm05","E5"
"14259","BECv10","PPxh2","PPxh2/Gg","E4"
"14260","BECv10","PPxh2","PPxh2/Gg","E3"
"14261","BECv10","PPxh2","PPxh2/Gg","D4"
"14262","BECv10","PPxh2","PPxh2/Gg","D3"
"14263","BECv10","PPxh2","PPxh2/Gg","D2"
"14264","BECv10","PPxh2","PPxh2/Gg","D1"
"14265","BECv10","PPxh2","PPxh2/Gg","C4"
"14266","BECv10","PPxh2","PPxh2/Gg","C3"
"14267","BECv10","PPxh2","PPxh2/Gg","C2"
"14268","BECv10","PPxh2","PPxh2/Gg","C1"
"14269","BECv10","PPxh2","PPxh2/Gg","B3"
"14270","BECv10","PPxh2","PPxh2/Gg","B2"
"14271","BECv10","PPxh2","PPxh2/Gg","B1"
"14272","USA_2019","PPxk_OR","PPxk_OR/101","D4"
"14273","USA_2019","PPxk_OR","PPxk_OR/101","D3"
"14274","USA_2019","PPxk_OR","PPxk_OR/101","C4"
"14275","USA_2019","PPxk_OR","PPxk_OR/101","C3"
"14276","USA_2019","PPxk_OR","PPxk_OR/101","B4"
"14277","USA_2019","PPxk_OR","PPxk_OR/101","B3"
"14278","USA_2019","PPxk_OR","PPxk_OR/102","D2"
"14279","USA_2019","PPxk_OR","PPxk_OR/102","C2"
"14280","USA_2019","PPxk_OR","PPxk_OR/102","B2"
"14281","USA_2019","PPxk_OR","PPxk_OR/102","A2"
"14282","USA_2019","PPxk_OR","PPxk_OR/110","E5"
"14283","USA_2019","PPxk_OR","PPxk_OR/110","D5"
"14284","USA_2019","PPxk_OR","PPxk_OR/110","C5"
"14285","USA_2019","PPxk_OR","PPxk_OR/110","B5"
"14286","USA_2019","PPxk_OR","PPxk_OR/111","C6"
"14287","USA_2019","PPxk_OR","PPxk_OR/111","B6"
"14288","USA_2019","PPxk_OR","PPxk_OR/113","E6"
"14289","USA_2019","PPxk_OR","PPxk_OR/113","D6"
"14290","USA_2019","PPxk_OR","PPxk_OR/Gg","D1"
"14291","USA_2019","PPxk_OR","PPxk_OR/Gg","C1"
"14292","USA_2019","PPxk_OR","PPxk_OR/Gg","B1"
"14293","USA_2019","PPxk_OR","PPxk_OR/Gg","A1"
"14294","Add_2021","PPxk_OR","PPxk_OR/Ro","A0"
"14295","Add_2021","PPxk_OR","PPxk_OR/Ro","B0"
"14296","USA_2019","PPxm_OR","PPxm_OR/101","D4"
"14297","USA_2019","PPxm_OR","PPxm_OR/101","D3"
"14298","USA_2019","PPxm_OR","PPxm_OR/101","C4"
"14299","USA_2019","PPxm_OR","PPxm_OR/101","C3"
"14300","USA_2019","PPxm_OR","PPxm_OR/101","B4"
"14301","USA_2019","PPxm_OR","PPxm_OR/101","B3"
"14302","USA_2019","PPxm_OR","PPxm_OR/110","C5"
"14303","USA_2019","PPxm_OR","PPxm_OR/110","B5"
"14304","USA_2019","PPxm_OR","PPxm_OR/111","C6"
"14305","USA_2019","PPxm_OR","PPxm_OR/111","B6"
"14306","USA_2019","PPxm_OR","PPxm_OR/112","E5"
"14307","USA_2019","PPxm_OR","PPxm_OR/112","D5"
"14308","USA_2019","PPxm_OR","PPxm_OR/113","E6"
"14309","USA_2019","PPxm_OR","PPxm_OR/113","D6"
"14310","USA_2019","PPxm_OR","PPxm_OR/Gg","D2"
"14311","USA_2019","PPxm_OR","PPxm_OR/Gg","D1"
"14312","USA_2019","PPxm_OR","PPxm_OR/Gg","C2"
"14313","USA_2019","PPxm_OR","PPxm_OR/Gg","C1"
"14314","USA_2019","PPxm_OR","PPxm_OR/Gg","B2"
"14315","USA_2019","PPxm_OR","PPxm_OR/Gg","B1"
"14316","USA_2019","PPxm_OR","PPxm_OR/Gg","A2"
"14317","USA_2019","PPxm_OR","PPxm_OR/Gg","A1"
"14318","Add_2021","PPxm_OR","PPxm_OR/Ro","A0"
"14319","Add_2021","PPxm_OR","PPxm_OR/Ro","B0"
"14320","USA_2019","PPxw_MT","PPxw_MT/101","D4"
"14321","USA_2019","PPxw_MT","PPxw_MT/101","D3"
"14322","USA_2019","PPxw_MT","PPxw_MT/101","C4"
"14323","USA_2019","PPxw_MT","PPxw_MT/101","C3"
"14324","USA_2019","PPxw_MT","PPxw_MT/101","B4"
"14325","USA_2019","PPxw_MT","PPxw_MT/101","B3"
"14326","USA_2019","PPxw_MT","PPxw_MT/102","D2"
"14327","USA_2019","PPxw_MT","PPxw_MT/102","C2"
"14328","USA_2019","PPxw_MT","PPxw_MT/102","B2"
"14329","USA_2019","PPxw_MT","PPxw_MT/102","A2"
"14330","USA_2019","PPxw_MT","PPxw_MT/110","E5"
"14331","USA_2019","PPxw_MT","PPxw_MT/110","D5"
"14332","USA_2019","PPxw_MT","PPxw_MT/110","C5"
"14333","USA_2019","PPxw_MT","PPxw_MT/110","B5"
"14334","USA_2019","PPxw_MT","PPxw_MT/111","C6"
"14335","USA_2019","PPxw_MT","PPxw_MT/111","B6"
"14336","USA_2019","PPxw_MT","PPxw_MT/113","E6"
"14337","USA_2019","PPxw_MT","PPxw_MT/113","D6"
"14338","USA_2019","PPxw_MT","PPxw_MT/Gg","D1"
"14339","USA_2019","PPxw_MT","PPxw_MT/Gg","C1"
"14340","USA_2019","PPxw_MT","PPxw_MT/Gg","B1"
"14341","USA_2019","PPxw_MT","PPxw_MT/Gg","A1"
"14342","Add_2021","PPxw_MT","PPxw_MT/Ro","A0"
"14343","Add_2021","PPxw_MT","PPxw_MT/Ro","B0"
"14344","USA_2020","PPxw_WY","PPxw_WY/101","D4"
"14345","USA_2020","PPxw_WY","PPxw_WY/101","D3"
"14346","USA_2020","PPxw_WY","PPxw_WY/101","C4"
"14347","USA_2020","PPxw_WY","PPxw_WY/101","C3"
"14348","USA_2020","PPxw_WY","PPxw_WY/101","B4"
"14349","USA_2020","PPxw_WY","PPxw_WY/101","B3"
"14350","USA_2020","PPxw_WY","PPxw_WY/102","D2"
"14351","USA_2020","PPxw_WY","PPxw_WY/102","C2"
"14352","USA_2020","PPxw_WY","PPxw_WY/102","B2"
"14353","USA_2020","PPxw_WY","PPxw_WY/102","A2"
"14354","USA_2020","PPxw_WY","PPxw_WY/110","E5"
"14355","USA_2020","PPxw_WY","PPxw_WY/110","D5"
"14356","USA_2020","PPxw_WY","PPxw_WY/110","C5"
"14357","USA_2020","PPxw_WY","PPxw_WY/110","B5"
"14358","USA_2020","PPxw_WY","PPxw_WY/111","C6"
"14359","USA_2020","PPxw_WY","PPxw_WY/111","B6"
"14360","USA_2020","PPxw_WY","PPxw_WY/113","E6"
"14361","USA_2020","PPxw_WY","PPxw_WY/113","D6"
"14362","USA_2020","PPxw_WY","PPxw_WY/Gg","D1"
"14363","USA_2020","PPxw_WY","PPxw_WY/Gg","C1"
"14364","USA_2020","PPxw_WY","PPxw_WY/Gg","B1"
"14365","USA_2020","PPxw_WY","PPxw_WY/Gg","A1"
"14366","Add_2021","PPxw_WY","PPxw_WY/Ro","A0"
"14367","Add_2021","PPxw_WY","PPxw_WY/Ro","B0"
"14368","USA_2019","PPxx_OR","PPxx_OR/101","D4"
"14369","USA_2019","PPxx_OR","PPxx_OR/101","D3"
"14370","USA_2019","PPxx_OR","PPxx_OR/101","C4"
"14371","USA_2019","PPxx_OR","PPxx_OR/101","C3"
"14372","USA_2019","PPxx_OR","PPxx_OR/101","B4"
"14373","USA_2019","PPxx_OR","PPxx_OR/101","B3"
"14374","USA_2019","PPxx_OR","PPxx_OR/102","D2"
"14375","USA_2019","PPxx_OR","PPxx_OR/102","C2"
"14376","USA_2019","PPxx_OR","PPxx_OR/102","B2"
"14377","USA_2019","PPxx_OR","PPxx_OR/102","A2"
"14378","USA_2019","PPxx_OR","PPxx_OR/110","E5"
"14379","USA_2019","PPxx_OR","PPxx_OR/110","D5"
"14380","USA_2019","PPxx_OR","PPxx_OR/110","C5"
"14381","USA_2019","PPxx_OR","PPxx_OR/110","B5"
"14382","USA_2019","PPxx_OR","PPxx_OR/111","C6"
"14383","USA_2019","PPxx_OR","PPxx_OR/111","B6"
"14384","USA_2019","PPxx_OR","PPxx_OR/113","E6"
"14385","USA_2019","PPxx_OR","PPxx_OR/113","D6"
"14386","USA_2019","PPxx_OR","PPxx_OR/Gg","D1"
"14387","USA_2019","PPxx_OR","PPxx_OR/Gg","C1"
"14388","USA_2019","PPxx_OR","PPxx_OR/Gg","B1"
"14389","USA_2019","PPxx_OR","PPxx_OR/Gg","A1"
"14390","Add_2021","PPxx_OR","PPxx_OR/Ro","A0"
"14391","Add_2021","PPxx_OR","PPxx_OR/Ro","B0"
"14392","AB_2018","SASbo","SASbo/a","C2"
"14393","AB_2018","SASbo","SASbo/a","B3"
"14394","AB_2018","SASbo","SASbo/a","B2"
"14395","AB_2018","SASbo","SASbo/a","B1"
"14396","AB_2018","SASbo","SASbo/a","A2"
"14397","AB_2018","SASbo","SASbo/b","D5"
"14398","AB_2018","SASbo","SASbo/b","D4"
"14399","AB_2018","SASbo","SASbo/b","D3"
"14400","AB_2018","SASbo","SASbo/b","C5"
"14401","AB_2018","SASbo","SASbo/b","C4"
"14402","AB_2018","SASbo","SASbo/b","C3"
"14403","AB_2018","SASbo","SASbo/c","C5"
"14404","AB_2018","SASbo","SASbo/c","C4"
"14405","AB_2018","SASbo","SASbo/c","B5"
"14406","AB_2018","SASbo","SASbo/c","B4"
"14407","AB_2018","SASbo","SASbo/c","B3"
"14408","AB_2018","SASbo","SASbo/c","A4"
"14409","AB_2018","SASbo","SASbo/d","E6"
"14410","AB_2018","SASbo","SASbo/d","E5"
"14411","AB_2018","SASbo","SASbo/d","D6"
"14412","AB_2018","SASbo","SASbo/d","D5"
"14413","AB_2018","SASbo","SASbo/d","C6"
"14414","AB_2018","SASbo","SASbo/d","C5"
"14415","AB_2018","SASbo","SASbo/e","C6"
"14416","AB_2018","SASbo","SASbo/e","C5"
"14417","AB_2018","SASbo","SASbo/e","B7"
"14418","AB_2018","SASbo","SASbo/e","B6"
"14419","AB_2018","SASbo","SASbo/e","B5"
"14420","AB_2018","SASbo","SASbo/e","A6"
"14421","AB_2018","SASbo","SASbo/e","A5"
"14422","AB_2018","SASbo","SASbo/f","B7"
"14423","AB_2018","SASbo","SASbo/f","B6"
"14424","AB_2018","SASbo","SASbo/f","A7"
"14425","AB_2018","SASbo","SASbo/f","A6"
"14426","AB_2018","SASbo","SASbo/g","C7"
"14427","AB_2018","SASbo","SASbo/g","C6"
"14428","AB_2018","SASbo","SASbo/g","B7"
"14429","AB_2018","SASbo","SASbo/g","B6"
"14430","AB_2018","SASbo","SASbo/h","E7"
"14431","AB_2018","SASbo","SASbo/h","E6"
"14432","AB_2018","SASbo","SASbo/h","D7"
"14433","AB_2018","SASbo","SASbo/h","D6"
"14434","AB_2018","SASbo","SASbo/h","C7"
"14435","Add_2021","SASbo","SASbo/Ro","A0"
"14436","Add_2021","SASbo","SASbo/Ro","B0"
"14437","ABv12","SBAPcp","SBAPcp/a","B2"
"14438","ABv12","SBAPcp","SBAPcp/a","B1"
"14439","ABv12","SBAPcp","SBAPcp/a","A2"
"14440","ABv12","SBAPcp","SBAPcp/a","A1"
"14441","ABv12","SBAPcp","SBAPcp/b","C3"
"14442","ABv12","SBAPcp","SBAPcp/b","C2"
"14443","ABv12","SBAPcp","SBAPcp/b","B3"
"14444","ABv12","SBAPcp","SBAPcp/b","B2"
"14445","ABv12","SBAPcp","SBAPcp/c","B5"
"14446","ABv12","SBAPcp","SBAPcp/c","B4"
"14447","ABv12","SBAPcp","SBAPcp/c","B3"
"14448","ABv12","SBAPcp","SBAPcp/c","A4"
"14449","ABv12","SBAPcp","SBAPcp/c","A3"
"14450","ABv12","SBAPcp","SBAPcp/d","D4"
"14451","ABv12","SBAPcp","SBAPcp/d","C5"
"14452","ABv12","SBAPcp","SBAPcp/d","C4"
"14453","ABv12","SBAPcp","SBAPcp/d","C3"
"14454","ABv12","SBAPcp","SBAPcp/d","B4"
"14455","ABv12","SBAPcp","SBAPcp/e","D6"
"14456","ABv12","SBAPcp","SBAPcp/e","D5"
"14457","ABv12","SBAPcp","SBAPcp/e","D4"
"14458","ABv12","SBAPcp","SBAPcp/e","C5"
"14459","ABv12","SBAPcp","SBAPcp/f","E6"
"14460","ABv12","SBAPcp","SBAPcp/f","E5"
"14461","ABv12","SBAPcp","SBAPcp/f","D6"
"14462","ABv12","SBAPcp","SBAPcp/f","D5"
"14463","ABv12","SBAPcp","SBAPcp/g","C6"
"14464","ABv12","SBAPcp","SBAPcp/g","C5"
"14465","ABv12","SBAPcp","SBAPcp/g","B6"
"14466","ABv12","SBAPcp","SBAPcp/g","B5"
"14467","ABv12","SBAPcp","SBAPcp/g","A6"
"14468","ABv12","SBAPcp","SBAPcp/g","A5"
"14469","ABv12","SBAPcp","SBAPcp/h","D6"
"14470","ABv12","SBAPcp","SBAPcp/h","D5"
"14471","ABv12","SBAPcp","SBAPcp/h","C6"
"14472","ABv12","SBAPcp","SBAPcp/h","C5"
"14473","ABv12","SBAPcp","SBAPcp/i","B7"
"14474","ABv12","SBAPcp","SBAPcp/i","B6"
"14475","ABv12","SBAPcp","SBAPcp/i","A7"
"14476","ABv12","SBAPcp","SBAPcp/i","A6"
"14477","ABv12","SBAPcp","SBAPcp/j","C7"
"14478","ABv12","SBAPcp","SBAPcp/j","C6"
"14479","ABv12","SBAPcp","SBAPcp/j","B7"
"14480","ABv12","SBAPcp","SBAPcp/j","B6"
"14481","ABv12","SBAPcp","SBAPcp/k","E7"
"14482","ABv12","SBAPcp","SBAPcp/k","D7"
"14483","ABv12","SBAPcp","SBAPcp/k","D6"
"14484","ABv12","SBAPcp","SBAPcp/k","C7"
"14485","Add_2021","SBAPcp","SBAPcp/Ro","A0"
"14486","Add_2021","SBAPcp","SBAPcp/Ro","B0"
"14487","AB_2018","SBAPfp","SBAPfp/d","E2"
"14488","AB_2018","SBAPfp","SBAPfp/d","E1"
"14489","AB_2018","SBAPfp","SBAPfp/d","E0"
"14490","AB_2018","SBAPfp","SBAPfp/d","D2"
"14491","AB_2018","SBAPfp","SBAPfp/d","D1"
"14492","AB_2018","SBAPfp","SBAPfp/d","D0"
"14493","AB_2018","SBAPfp","SBAPfp/d","C2"
"14494","AB_2018","SBAPfp","SBAPfp/d","C1"
"14495","AB_2018","SBAPfp","SBAPfp/d","C0"
"14496","AB_2018","SBAPfp","SBAPfp/d","B2"
"14497","AB_2018","SBAPfp","SBAPfp/d","B1"
"14498","AB_2018","SBAPfp","SBAPfp/d","B0"
"14499","AB_2018","SBAPfp","SBAPfp/d","A2"
"14500","AB_2018","SBAPfp","SBAPfp/d","A1"
"14501","AB_2018","SBAPfp","SBAPfp/d","A0"
"14502","AB_2018","SBAPfp","SBAPfp/h","E7"
"14503","AB_2018","SBAPfp","SBAPfp/h","E6"
"14504","AB_2018","SBAPfp","SBAPfp/h","E5"
"14505","AB_2018","SBAPfp","SBAPfp/h","D7"
"14506","AB_2018","SBAPfp","SBAPfp/h","D6"
"14507","AB_2018","SBAPfp","SBAPfp/h","D5"
"14508","AB_2018","SBAPfp","SBAPfp/h","C7"
"14509","AB_2018","SBAPfp","SBAPfp/h","C6"
"14510","AB_2018","SBAPfp","SBAPfp/h","C5"
"14511","AB_2018","SBAPfp","SBAPfp/h","B7"
"14512","AB_2018","SBAPfp","SBAPfp/h","B6"
"14513","AB_2018","SBAPfp","SBAPfp/h","B5"
"14514","AB_2018","SBAPfp","SBAPfp/h","A7"
"14515","AB_2018","SBAPfp","SBAPfp/h","A6"
"14516","AB_2018","SBAPfp","SBAPfp/h","A5"
"14517","AB_2018","SBAPfp","SBAPfp/m","E4"
"14518","AB_2018","SBAPfp","SBAPfp/m","E3"
"14519","AB_2018","SBAPfp","SBAPfp/m","D4"
"14520","AB_2018","SBAPfp","SBAPfp/m","D3"
"14521","AB_2018","SBAPfp","SBAPfp/m","C4"
"14522","AB_2018","SBAPfp","SBAPfp/m","C3"
"14523","AB_2018","SBAPfp","SBAPfp/m","B4"
"14524","AB_2018","SBAPfp","SBAPfp/m","B3"
"14525","AB_2018","SBAPfp","SBAPfp/m","A4"
"14526","AB_2018","SBAPfp","SBAPfp/m","A3"
"14527","BECv10","SBPSdc","SBPSdc/01","D4"
"14528","BECv10","SBPSdc","SBPSdc/01","C4"
"14529","BECv10","SBPSdc","SBPSdc/01","B4"
"14530","BECv10","SBPSdc","SBPSdc/02","D2"
"14531","BECv10","SBPSdc","SBPSdc/02","D1"
"14532","BECv10","SBPSdc","SBPSdc/02","C2"
"14533","BECv10","SBPSdc","SBPSdc/02","C1"
"14534","BECv10","SBPSdc","SBPSdc/02","B2"
"14535","BECv10","SBPSdc","SBPSdc/02","B1"
"14536","BECv10","SBPSdc","SBPSdc/02","A2"
"14537","BECv10","SBPSdc","SBPSdc/02","A1"
"14538","BECv10","SBPSdc","SBPSdc/02a","D2"
"14539","BECv10","SBPSdc","SBPSdc/02a","D1"
"14540","BECv10","SBPSdc","SBPSdc/02a","C2"
"14541","BECv10","SBPSdc","SBPSdc/02a","C1"
"14542","BECv10","SBPSdc","SBPSdc/02a","B2"
"14543","BECv10","SBPSdc","SBPSdc/02a","B1"
"14544","BECv10","SBPSdc","SBPSdc/02a","A2"
"14545","BECv10","SBPSdc","SBPSdc/02a","A1"
"14546","BECv10","SBPSdc","SBPSdc/02b","D1"
"14547","BECv10","SBPSdc","SBPSdc/02b","C1"
"14548","BECv10","SBPSdc","SBPSdc/02b","B2"
"14549","BECv10","SBPSdc","SBPSdc/02b","B1"
"14550","BECv10","SBPSdc","SBPSdc/02b","A2"
"14551","BECv10","SBPSdc","SBPSdc/02b","A1"
"14552","BECv10","SBPSdc","SBPSdc/03","D3"
"14553","BECv10","SBPSdc","SBPSdc/03","C3"
"14554","BECv10","SBPSdc","SBPSdc/03","C2"
"14555","BECv10","SBPSdc","SBPSdc/03","B3"
"14556","BECv10","SBPSdc","SBPSdc/03","B2"
"14557","BECv10","SBPSdc","SBPSdc/03","A3"
"14558","BECv10","SBPSdc","SBPSdc/03","A2"
"14559","BECv10","SBPSdc","SBPSdc/03a","D3"
"14560","BECv10","SBPSdc","SBPSdc/03a","C3"
"14561","BECv10","SBPSdc","SBPSdc/03a","C2"
"14562","BECv10","SBPSdc","SBPSdc/03a","B3"
"14563","BECv10","SBPSdc","SBPSdc/03a","B2"
"14564","BECv10","SBPSdc","SBPSdc/03a","A3"
"14565","BECv10","SBPSdc","SBPSdc/03a","A2"
"14566","BECv10","SBPSdc","SBPSdc/03b","C3"
"14567","BECv10","SBPSdc","SBPSdc/03b","C2"
"14568","BECv10","SBPSdc","SBPSdc/03b","B2"
"14569","BECv10","SBPSdc","SBPSdc/03b","A2"
"14570","BECv10","SBPSdc","SBPSdc/04","B5"
"14571","BECv10","SBPSdc","SBPSdc/04","B4"
"14572","BECv10","SBPSdc","SBPSdc/05","D5"
"14573","BECv10","SBPSdc","SBPSdc/05","C5"
"14574","BECv10","SBPSdc","SBPSdc/06","E6"
"14575","BECv10","SBPSdc","SBPSdc/06","E5"
"14576","BECv10","SBPSdc","SBPSdc/06","D6"
"14577","BECv10","SBPSdc","SBPSdc/06","D5"
"14578","BECv10","SBPSdc","SBPSdc/06","C6"
"14579","BECv10","SBPSdc","SBPSdc/06","C5"
"14580","BECv10","SBPSdc","SBPSdc/07","B7"
"14581","BECv10","SBPSdc","SBPSdc/07","B6"
"14582","BECv10","SBPSdc","SBPSdc/08","D7"
"14583","BECv10","SBPSdc","SBPSdc/08","D6"
"14584","BECv10","SBPSdc","SBPSdc/08","C7"
"14585","BECv10","SBPSdc","SBPSdc/08","C6"
"14586","Add_2021","SBPSdc","SBPSdc/Ro","A0"
"14587","Add_2021","SBPSdc","SBPSdc/Ro","B0"
"14588","BECv10","SBPSmc","SBPSmc/01","C5"
"14589","BECv10","SBPSmc","SBPSmc/01","C4"
"14590","BECv10","SBPSmc","SBPSmc/01","C3"
"14591","BECv10","SBPSmc","SBPSmc/01","B4"
"14592","BECv10","SBPSmc","SBPSmc/01","B3"
"14593","BECv10","SBPSmc","SBPSmc/01a","C5"
"14594","BECv10","SBPSmc","SBPSmc/01a","C4"
"14595","BECv10","SBPSmc","SBPSmc/01a","B4"
"14596","BECv10","SBPSmc","SBPSmc/01b","C3"
"14597","BECv10","SBPSmc","SBPSmc/01b","B3"
"14598","BECv10","SBPSmc","SBPSmc/02","B2"
"14599","BECv10","SBPSmc","SBPSmc/02","B1"
"14600","BECv10","SBPSmc","SBPSmc/02","A2"
"14601","BECv10","SBPSmc","SBPSmc/02","A1"
"14602","BECv10","SBPSmc","SBPSmc/03","B4"
"14603","BECv10","SBPSmc","SBPSmc/03","B3"
"14604","BECv10","SBPSmc","SBPSmc/03","A4"
"14605","BECv10","SBPSmc","SBPSmc/03","A3"
"14606","BECv10","SBPSmc","SBPSmc/04","B6"
"14607","BECv10","SBPSmc","SBPSmc/04","B5"
"14608","BECv10","SBPSmc","SBPSmc/04","A6"
"14609","BECv10","SBPSmc","SBPSmc/04","A5"
"14610","BECv10","SBPSmc","SBPSmc/05","E6"
"14611","BECv10","SBPSmc","SBPSmc/05","E5"
"14612","BECv10","SBPSmc","SBPSmc/05","D6"
"14613","BECv10","SBPSmc","SBPSmc/05","D5"
"14614","BECv10","SBPSmc","SBPSmc/05","C6"
"14615","BECv10","SBPSmc","SBPSmc/05","C5"
"14616","BECv10","SBPSmc","SBPSmc/06","E7"
"14617","BECv10","SBPSmc","SBPSmc/06","E6"
"14618","BECv10","SBPSmc","SBPSmc/06","D7"
"14619","BECv10","SBPSmc","SBPSmc/06","D6"
"14620","BECv10","SBPSmc","SBPSmc/06","C7"
"14621","BECv10","SBPSmc","SBPSmc/06","C6"
"14622","BECv10","SBPSmc","SBPSmc/07","B7"
"14623","BECv10","SBPSmc","SBPSmc/07","A7"
"14624","Add_2021","SBPSmc","SBPSmc/Ro","A0"
"14625","Add_2021","SBPSmc","SBPSmc/Ro","B0"
"14626","BECv10","SBPSmk","SBPSmk/01","D4"
"14627","BECv10","SBPSmk","SBPSmk/01","D3"
"14628","BECv10","SBPSmk","SBPSmk/01","C4"
"14629","BECv10","SBPSmk","SBPSmk/01","C3"
"14630","BECv10","SBPSmk","SBPSmk/01","B5"
"14631","BECv10","SBPSmk","SBPSmk/01","B4"
"14632","BECv10","SBPSmk","SBPSmk/02","D1"
"14633","BECv10","SBPSmk","SBPSmk/02","C1"
"14634","BECv10","SBPSmk","SBPSmk/02","B1"
"14635","BECv10","SBPSmk","SBPSmk/02","A1"
"14636","BECv10","SBPSmk","SBPSmk/03","D2"
"14637","BECv10","SBPSmk","SBPSmk/03","D1"
"14638","BECv10","SBPSmk","SBPSmk/03","C2"
"14639","BECv10","SBPSmk","SBPSmk/03","C1"
"14640","BECv10","SBPSmk","SBPSmk/03","B2"
"14641","BECv10","SBPSmk","SBPSmk/03","B1"
"14642","BECv10","SBPSmk","SBPSmk/04","D3"
"14643","BECv10","SBPSmk","SBPSmk/04","D2"
"14644","BECv10","SBPSmk","SBPSmk/04","C3"
"14645","BECv10","SBPSmk","SBPSmk/04","C2"
"14646","BECv10","SBPSmk","SBPSmk/04","B4"
"14647","BECv10","SBPSmk","SBPSmk/04","B3"
"14648","BECv10","SBPSmk","SBPSmk/04","B2"
"14649","BECv10","SBPSmk","SBPSmk/04a","D3"
"14650","BECv10","SBPSmk","SBPSmk/04a","D2"
"14651","BECv10","SBPSmk","SBPSmk/04a","C3"
"14652","BECv10","SBPSmk","SBPSmk/04a","C2"
"14653","BECv10","SBPSmk","SBPSmk/04a","B4"
"14654","BECv10","SBPSmk","SBPSmk/04a","B3"
"14655","BECv10","SBPSmk","SBPSmk/04a","B2"
"14656","BECv10","SBPSmk","SBPSmk/04b","D3"
"14657","BECv10","SBPSmk","SBPSmk/04b","D2"
"14658","BECv10","SBPSmk","SBPSmk/04b","C3"
"14659","BECv10","SBPSmk","SBPSmk/04b","C2"
"14660","BECv10","SBPSmk","SBPSmk/04b","B4"
"14661","BECv10","SBPSmk","SBPSmk/04b","B3"
"14662","BECv10","SBPSmk","SBPSmk/04b","B2"
"14663","BECv10","SBPSmk","SBPSmk/05","D3"
"14664","BECv10","SBPSmk","SBPSmk/05","C3"
"14665","BECv10","SBPSmk","SBPSmk/06","E5"
"14666","BECv10","SBPSmk","SBPSmk/06","D5"
"14667","BECv10","SBPSmk","SBPSmk/06","C5"
"14668","BECv10","SBPSmk","SBPSmk/06","B5"
"14669","BECv10","SBPSmk","SBPSmk/07","E6"
"14670","BECv10","SBPSmk","SBPSmk/07","D6"
"14671","BECv10","SBPSmk","SBPSmk/07","C6"
"14672","BECv10","SBPSmk","SBPSmk/07","B6"
"14673","BECv10","SBPSmk","SBPSmk/08","C7"
"14674","BECv10","SBPSmk","SBPSmk/08","B7"
"14675","Add_2021","SBPSmk","SBPSmk/Ro","A0"
"14676","Add_2021","SBPSmk","SBPSmk/Ro","B0"
"14677","BECv10","SBPSxc","SBPSxc/01","D4"
"14678","BECv10","SBPSxc","SBPSxc/01","D3"
"14679","BECv10","SBPSxc","SBPSxc/01","C4"
"14680","BECv10","SBPSxc","SBPSxc/01","C3"
"14681","BECv10","SBPSxc","SBPSxc/01","B4"
"14682","BECv10","SBPSxc","SBPSxc/01","B3"
"14683","BECv10","SBPSxc","SBPSxc/02","D2"
"14684","BECv10","SBPSxc","SBPSxc/02","D1"
"14685","BECv10","SBPSxc","SBPSxc/02","C3"
"14686","BECv10","SBPSxc","SBPSxc/02","C2"
"14687","BECv10","SBPSxc","SBPSxc/02","C1"
"14688","BECv10","SBPSxc","SBPSxc/02","B3"
"14689","BECv10","SBPSxc","SBPSxc/02","B2"
"14690","BECv10","SBPSxc","SBPSxc/02","B1"
"14691","BECv10","SBPSxc","SBPSxc/02","A3"
"14692","BECv10","SBPSxc","SBPSxc/02","A2"
"14693","BECv10","SBPSxc","SBPSxc/02","A1"
"14694","BECv10","SBPSxc","SBPSxc/02a","D2"
"14695","BECv10","SBPSxc","SBPSxc/02a","D1"
"14696","BECv10","SBPSxc","SBPSxc/02a","C3"
"14697","BECv10","SBPSxc","SBPSxc/02a","C2"
"14698","BECv10","SBPSxc","SBPSxc/02a","C1"
"14699","BECv10","SBPSxc","SBPSxc/02a","B3"
"14700","BECv10","SBPSxc","SBPSxc/02a","B2"
"14701","BECv10","SBPSxc","SBPSxc/02a","B1"
"14702","BECv10","SBPSxc","SBPSxc/02a","A3"
"14703","BECv10","SBPSxc","SBPSxc/02a","A2"
"14704","BECv10","SBPSxc","SBPSxc/02a","A1"
"14705","BECv10","SBPSxc","SBPSxc/02b","D2"
"14706","BECv10","SBPSxc","SBPSxc/02b","D1"
"14707","BECv10","SBPSxc","SBPSxc/02b","C3"
"14708","BECv10","SBPSxc","SBPSxc/02b","C2"
"14709","BECv10","SBPSxc","SBPSxc/02b","C1"
"14710","BECv10","SBPSxc","SBPSxc/02b","B3"
"14711","BECv10","SBPSxc","SBPSxc/02b","B2"
"14712","BECv10","SBPSxc","SBPSxc/02b","B1"
"14713","BECv10","SBPSxc","SBPSxc/02b","A3"
"14714","BECv10","SBPSxc","SBPSxc/02b","A2"
"14715","BECv10","SBPSxc","SBPSxc/02b","A1"
"14716","BECv10","SBPSxc","SBPSxc/02c","D2"
"14717","BECv10","SBPSxc","SBPSxc/02c","D1"
"14718","BECv10","SBPSxc","SBPSxc/02c","C3"
"14719","BECv10","SBPSxc","SBPSxc/02c","C2"
"14720","BECv10","SBPSxc","SBPSxc/02c","C1"
"14721","BECv10","SBPSxc","SBPSxc/02c","B3"
"14722","BECv10","SBPSxc","SBPSxc/02c","B2"
"14723","BECv10","SBPSxc","SBPSxc/02c","B1"
"14724","BECv10","SBPSxc","SBPSxc/02c","A3"
"14725","BECv10","SBPSxc","SBPSxc/02c","A2"
"14726","BECv10","SBPSxc","SBPSxc/02c","A1"
"14727","BECv10","SBPSxc","SBPSxc/03","B5"
"14728","BECv10","SBPSxc","SBPSxc/04","D5"
"14729","BECv10","SBPSxc","SBPSxc/04","C5"
"14730","BECv10","SBPSxc","SBPSxc/05","D6"
"14731","BECv10","SBPSxc","SBPSxc/05","D5"
"14732","BECv10","SBPSxc","SBPSxc/05","C6"
"14733","BECv10","SBPSxc","SBPSxc/05","C5"
"14734","BECv10","SBPSxc","SBPSxc/05","B6"
"14735","BECv10","SBPSxc","SBPSxc/06","E6"
"14736","BECv10","SBPSxc","SBPSxc/06","E5"
"14737","BECv10","SBPSxc","SBPSxc/06","D6"
"14738","BECv10","SBPSxc","SBPSxc/06","D5"
"14739","Add_2021","SBPSxc","SBPSxc/Ro","A0"
"14740","Add_2021","SBPSxc","SBPSxc/Ro","B0"
"14741","BECv10","SBSdh1","SBSdh1/01","D4"
"14742","BECv10","SBSdh1","SBSdh1/01","D3"
"14743","BECv10","SBSdh1","SBSdh1/01","C4"
"14744","BECv10","SBSdh1","SBSdh1/01","C3"
"14745","BECv10","SBSdh1","SBSdh1/01","B4"
"14746","BECv10","SBSdh1","SBSdh1/01","B3"
"14747","BECv10","SBSdh1","SBSdh1/02","B2"
"14748","BECv10","SBSdh1","SBSdh1/02","B1"
"14749","BECv10","SBSdh1","SBSdh1/02","A2"
"14750","BECv10","SBSdh1","SBSdh1/02","A1"
"14751","BECv10","SBSdh1","SBSdh1/03","B2"
"14752","BECv10","SBSdh1","SBSdh1/03","B1"
"14753","BECv10","SBSdh1","SBSdh1/04","C3"
"14754","BECv10","SBSdh1","SBSdh1/04","C2"
"14755","BECv10","SBSdh1","SBSdh1/04","B3"
"14756","BECv10","SBSdh1","SBSdh1/04","B2"
"14757","BECv10","SBSdh1","SBSdh1/05","B4"
"14758","BECv10","SBSdh1","SBSdh1/05","B3"
"14759","BECv10","SBSdh1","SBSdh1/05","B2"
"14760","BECv10","SBSdh1","SBSdh1/05","A5"
"14761","BECv10","SBSdh1","SBSdh1/05","A4"
"14762","BECv10","SBSdh1","SBSdh1/05","A3"
"14763","BECv10","SBSdh1","SBSdh1/05","A2"
"14764","BECv10","SBSdh1","SBSdh1/06","D5"
"14765","BECv10","SBSdh1","SBSdh1/06","D4"
"14766","BECv10","SBSdh1","SBSdh1/06","C5"
"14767","BECv10","SBSdh1","SBSdh1/06","C4"
"14768","BECv10","SBSdh1","SBSdh1/06","B5"
"14769","BECv10","SBSdh1","SBSdh1/06","B4"
"14770","BECv10","SBSdh1","SBSdh1/07","E6"
"14771","BECv10","SBSdh1","SBSdh1/07","E5"
"14772","BECv10","SBSdh1","SBSdh1/07","D6"
"14773","BECv10","SBSdh1","SBSdh1/07","D5"
"14774","BECv10","SBSdh1","SBSdh1/07","C6"
"14775","BECv10","SBSdh1","SBSdh1/07","C5"
"14776","BECv10","SBSdh1","SBSdh1/08","B7"
"14777","BECv10","SBSdh1","SBSdh1/08","B6"
"14778","BECv10","SBSdh1","SBSdh1/08","A7"
"14779","Add_2021","SBSdh1","SBSdh1/Ro","A0"
"14780","Add_2021","SBSdh1","SBSdh1/Ro","B0"
"14781","BECv10","SBSdh2","SBSdh2/01","D4"
"14782","BECv10","SBSdh2","SBSdh2/01","D3"
"14783","BECv10","SBSdh2","SBSdh2/01","C4"
"14784","BECv10","SBSdh2","SBSdh2/01","C3"
"14785","BECv10","SBSdh2","SBSdh2/01","B4"
"14786","BECv10","SBSdh2","SBSdh2/01","B3"
"14787","BECv10","SBSdh2","SBSdh2/02","B2"
"14788","BECv10","SBSdh2","SBSdh2/02","B1"
"14789","BECv10","SBSdh2","SBSdh2/02","A2"
"14790","BECv10","SBSdh2","SBSdh2/02","A1"
"14791","BECv10","SBSdh2","SBSdh2/03","B2"
"14792","BECv10","SBSdh2","SBSdh2/03","B1"
"14793","BECv10","SBSdh2","SBSdh2/03","A2"
"14794","BECv10","SBSdh2","SBSdh2/03","A1"
"14795","BECv10","SBSdh2","SBSdh2/04","C3"
"14796","BECv10","SBSdh2","SBSdh2/04","C2"
"14797","BECv10","SBSdh2","SBSdh2/04","B3"
"14798","BECv10","SBSdh2","SBSdh2/04","B2"
"14799","BECv10","SBSdh2","SBSdh2/05","B5"
"14800","BECv10","SBSdh2","SBSdh2/05","B4"
"14801","BECv10","SBSdh2","SBSdh2/05","B3"
"14802","BECv10","SBSdh2","SBSdh2/05","B2"
"14803","BECv10","SBSdh2","SBSdh2/05","A5"
"14804","BECv10","SBSdh2","SBSdh2/05","A4"
"14805","BECv10","SBSdh2","SBSdh2/05","A3"
"14806","BECv10","SBSdh2","SBSdh2/05","A2"
"14807","BECv10","SBSdh2","SBSdh2/06","D5"
"14808","BECv10","SBSdh2","SBSdh2/06","D4"
"14809","BECv10","SBSdh2","SBSdh2/06","C5"
"14810","BECv10","SBSdh2","SBSdh2/06","B5"
"14811","BECv10","SBSdh2","SBSdh2/07","E6"
"14812","BECv10","SBSdh2","SBSdh2/07","E5"
"14813","BECv10","SBSdh2","SBSdh2/07","D6"
"14814","BECv10","SBSdh2","SBSdh2/07","D5"
"14815","BECv10","SBSdh2","SBSdh2/07","C6"
"14816","BECv10","SBSdh2","SBSdh2/07","C5"
"14817","BECv10","SBSdh2","SBSdh2/07","B6"
"14818","BECv10","SBSdh2","SBSdh2/07","B5"
"14819","BECv10","SBSdh2","SBSdh2/07","A6"
"14820","BECv10","SBSdh2","SBSdh2/08","B6"
"14821","BECv10","SBSdh2","SBSdh2/08","A6"
"14822","Add_2021","SBSdh2","SBSdh2/Ro","A0"
"14823","Add_2021","SBSdh2","SBSdh2/Ro","B0"
"14824","BECv10","SBSdk","SBSdk/01","D4"
"14825","BECv10","SBSdk","SBSdk/01","C4"
"14826","BECv10","SBSdk","SBSdk/01","C3"
"14827","BECv10","SBSdk","SBSdk/01","B5"
"14828","BECv10","SBSdk","SBSdk/01","B4"
"14829","BECv10","SBSdk","SBSdk/01a","D4"
"14830","BECv10","SBSdk","SBSdk/01a","C4"
"14831","BECv10","SBSdk","SBSdk/01a","C3"
"14832","BECv10","SBSdk","SBSdk/01b","B5"
"14833","BECv10","SBSdk","SBSdk/01b","B4"
"14834","BECv10","SBSdk","SBSdk/01b","C3"
"14835","BECv10","SBSdk","SBSdk/02","B1"
"14836","BECv10","SBSdk","SBSdk/02","A1"
"14837","BECv10","SBSdk","SBSdk/03","C2"
"14838","BECv10","SBSdk","SBSdk/03","B2"
"14839","BECv10","SBSdk","SBSdk/03","A2"
"14840","BECv10","SBSdk","SBSdk/04","D2"
"14841","BECv10","SBSdk","SBSdk/04","C3"
"14842","BECv10","SBSdk","SBSdk/04","C2"
"14843","BECv10","SBSdk","SBSdk/05","C3"
"14844","BECv10","SBSdk","SBSdk/05","B3"
"14845","BECv10","SBSdk","SBSdk/05","A4"
"14846","BECv10","SBSdk","SBSdk/05","A3"
"14847","BECv10","SBSdk","SBSdk/06","E4"
"14848","BECv10","SBSdk","SBSdk/06","D5"
"14849","BECv10","SBSdk","SBSdk/06","D4"
"14850","BECv10","SBSdk","SBSdk/06","C5"
"14851","BECv10","SBSdk","SBSdk/07","E6"
"14852","BECv10","SBSdk","SBSdk/07","E5"
"14853","BECv10","SBSdk","SBSdk/07","D6"
"14854","BECv10","SBSdk","SBSdk/07","D5"
"14855","BECv10","SBSdk","SBSdk/07","C6"
"14856","BECv10","SBSdk","SBSdk/07a","E6"
"14857","BECv10","SBSdk","SBSdk/07a","E5"
"14858","BECv10","SBSdk","SBSdk/07a","D5"
"14859","BECv10","SBSdk","SBSdk/07b","D6"
"14860","BECv10","SBSdk","SBSdk/07b","C6"
"14861","BECv10","SBSdk","SBSdk/08","E6"
"14862","BECv10","SBSdk","SBSdk/08","E5"
"14863","BECv10","SBSdk","SBSdk/08","D6"
"14864","BECv10","SBSdk","SBSdk/08a","E6"
"14865","BECv10","SBSdk","SBSdk/08a","E5"
"14866","BECv10","SBSdk","SBSdk/08a","D6"
"14867","BECv10","SBSdk","SBSdk/08b","E6"
"14868","BECv10","SBSdk","SBSdk/08b","E5"
"14869","BECv10","SBSdk","SBSdk/08b","D6"
"14870","BECv10","SBSdk","SBSdk/09","B7"
"14871","BECv10","SBSdk","SBSdk/09","B6"
"14872","BECv10","SBSdk","SBSdk/09","A7"
"14873","BECv10","SBSdk","SBSdk/09","A6"
"14874","BECv10","SBSdk","SBSdk/10","E7"
"14875","BECv10","SBSdk","SBSdk/10","D7"
"14876","BECv10","SBSdk","SBSdk/10","C7"
"14877","BECv10","SBSdk","SBSdk/10","C6"
"14878","BECv10","SBSdk","SBSdk/Gg","E3"
"14879","BECv10","SBSdk","SBSdk/Gg","E2"
"14880","BECv10","SBSdk","SBSdk/Gg","E1"
"14881","BECv10","SBSdk","SBSdk/Gg","D3"
"14882","BECv10","SBSdk","SBSdk/Gg","D2"
"14883","BECv10","SBSdk","SBSdk/Gg","D1"
"14884","BECv10","SBSdk","SBSdk/Gg","C1"
"14885","Add_2021","SBSdk","SBSdk/Ro","A0"
"14886","Add_2021","SBSdk","SBSdk/Ro","B0"
"14887","BECv10","SBSdw1","SBSdw1/01","D4"
"14888","BECv10","SBSdw1","SBSdw1/01","D3"
"14889","BECv10","SBSdw1","SBSdw1/01","C4"
"14890","BECv10","SBSdw1","SBSdw1/01","B4"
"14891","BECv10","SBSdw1","SBSdw1/02","D1"
"14892","BECv10","SBSdw1","SBSdw1/02","C1"
"14893","BECv10","SBSdw1","SBSdw1/02","B1"
"14894","BECv10","SBSdw1","SBSdw1/03","D3"
"14895","BECv10","SBSdw1","SBSdw1/03","D2"
"14896","BECv10","SBSdw1","SBSdw1/03","C3"
"14897","BECv10","SBSdw1","SBSdw1/03","C2"
"14898","BECv10","SBSdw1","SBSdw1/03","B3"
"14899","BECv10","SBSdw1","SBSdw1/03","B2"
"14900","BECv10","SBSdw1","SBSdw1/04","C3"
"14901","BECv10","SBSdw1","SBSdw1/04","B3"
"14902","BECv10","SBSdw1","SBSdw1/04","A3"
"14903","BECv10","SBSdw1","SBSdw1/05","D3"
"14904","BECv10","SBSdw1","SBSdw1/05","C3"
"14905","BECv10","SBSdw1","SBSdw1/05","B3"
"14906","BECv10","SBSdw1","SBSdw1/06","D5"
"14907","BECv10","SBSdw1","SBSdw1/06","D4"
"14908","BECv10","SBSdw1","SBSdw1/06","C5"
"14909","BECv10","SBSdw1","SBSdw1/07","D5"
"14910","BECv10","SBSdw1","SBSdw1/07","C5"
"14911","BECv10","SBSdw1","SBSdw1/07","B5"
"14912","BECv10","SBSdw1","SBSdw1/08","E5"
"14913","BECv10","SBSdw1","SBSdw1/08","D5"
"14914","BECv10","SBSdw1","SBSdw1/09","E6"
"14915","BECv10","SBSdw1","SBSdw1/09","D6"
"14916","BECv10","SBSdw1","SBSdw1/09","C6"
"14917","BECv10","SBSdw1","SBSdw1/09","B6"
"14918","Add_2021","SBSdw1","SBSdw1/Ro","A0"
"14919","Add_2021","SBSdw1","SBSdw1/Ro","B0"
"14920","BECv10","SBSdw2","SBSdw2/01","D4"
"14921","BECv10","SBSdw2","SBSdw2/01","D3"
"14922","BECv10","SBSdw2","SBSdw2/01","C4"
"14923","BECv10","SBSdw2","SBSdw2/01","C3"
"14924","BECv10","SBSdw2","SBSdw2/01","B4"
"14925","BECv10","SBSdw2","SBSdw2/02","D1"
"14926","BECv10","SBSdw2","SBSdw2/02","C1"
"14927","BECv10","SBSdw2","SBSdw2/02","B1"
"14928","BECv10","SBSdw2","SBSdw2/03","B2"
"14929","BECv10","SBSdw2","SBSdw2/03","A2"
"14930","BECv10","SBSdw2","SBSdw2/04","D2"
"14931","BECv10","SBSdw2","SBSdw2/04","C2"
"14932","BECv10","SBSdw2","SBSdw2/04","B2"
"14933","BECv10","SBSdw2","SBSdw2/05","C3"
"14934","BECv10","SBSdw2","SBSdw2/05","B3"
"14935","BECv10","SBSdw2","SBSdw2/05","A3"
"14936","BECv10","SBSdw2","SBSdw2/06","D3"
"14937","BECv10","SBSdw2","SBSdw2/06","C3"
"14938","BECv10","SBSdw2","SBSdw2/06","B3"
"14939","BECv10","SBSdw2","SBSdw2/06","A3"
"14940","BECv10","SBSdw2","SBSdw2/07","B4"
"14941","BECv10","SBSdw2","SBSdw2/07","B3"
"14942","BECv10","SBSdw2","SBSdw2/07","A4"
"14943","BECv10","SBSdw2","SBSdw2/07","A3"
"14944","BECv10","SBSdw2","SBSdw2/08","D5"
"14945","BECv10","SBSdw2","SBSdw2/08","C6"
"14946","BECv10","SBSdw2","SBSdw2/08","C5"
"14947","BECv10","SBSdw2","SBSdw2/08","B6"
"14948","BECv10","SBSdw2","SBSdw2/08","B5"
"14949","BECv10","SBSdw2","SBSdw2/09","E6"
"14950","BECv10","SBSdw2","SBSdw2/09","E5"
"14951","BECv10","SBSdw2","SBSdw2/09","D6"
"14952","BECv10","SBSdw2","SBSdw2/09","D5"
"14953","BECv10","SBSdw2","SBSdw2/09","C6"
"14954","BECv10","SBSdw2","SBSdw2/09","C5"
"14955","BECv10","SBSdw2","SBSdw2/10","E6"
"14956","BECv10","SBSdw2","SBSdw2/10","D6"
"14957","BECv10","SBSdw2","SBSdw2/10","C6"
"14958","BECv10","SBSdw2","SBSdw2/11","C7"
"14959","BECv10","SBSdw2","SBSdw2/11","C6"
"14960","BECv10","SBSdw2","SBSdw2/11","B7"
"14961","BECv10","SBSdw2","SBSdw2/11","B6"
"14962","Add_2021","SBSdw2","SBSdw2/Ro","A0"
"14963","Add_2021","SBSdw2","SBSdw2/Ro","B0"
"14964","BECv10","SBSdw3","SBSdw3/01","D4"
"14965","BECv10","SBSdw3","SBSdw3/01","C4"
"14966","BECv10","SBSdw3","SBSdw3/01","B4"
"14967","BECv10","SBSdw3","SBSdw3/02","C2"
"14968","BECv10","SBSdw3","SBSdw3/02","C1"
"14969","BECv10","SBSdw3","SBSdw3/02","B2"
"14970","BECv10","SBSdw3","SBSdw3/02","B1"
"14971","BECv10","SBSdw3","SBSdw3/03","B2"
"14972","BECv10","SBSdw3","SBSdw3/03","A2"
"14973","BECv10","SBSdw3","SBSdw3/04","D3"
"14974","BECv10","SBSdw3","SBSdw3/04","C3"
"14975","BECv10","SBSdw3","SBSdw3/04","B3"
"14976","BECv10","SBSdw3","SBSdw3/05","B5"
"14977","BECv10","SBSdw3","SBSdw3/05","B4"
"14978","BECv10","SBSdw3","SBSdw3/05","B3"
"14979","BECv10","SBSdw3","SBSdw3/05","A5"
"14980","BECv10","SBSdw3","SBSdw3/05","A4"
"14981","BECv10","SBSdw3","SBSdw3/05","A3"
"14982","BECv10","SBSdw3","SBSdw3/06","D4"
"14983","BECv10","SBSdw3","SBSdw3/06","C5"
"14984","BECv10","SBSdw3","SBSdw3/06","C4"
"14985","BECv10","SBSdw3","SBSdw3/06","B5"
"14986","BECv10","SBSdw3","SBSdw3/07","D5"
"14987","BECv10","SBSdw3","SBSdw3/07","C5"
"14988","BECv10","SBSdw3","SBSdw3/08","E6"
"14989","BECv10","SBSdw3","SBSdw3/08","E5"
"14990","BECv10","SBSdw3","SBSdw3/08","D6"
"14991","BECv10","SBSdw3","SBSdw3/08","D5"
"14992","BECv10","SBSdw3","SBSdw3/08","C6"
"14993","BECv10","SBSdw3","SBSdw3/08","C5"
"14994","BECv10","SBSdw3","SBSdw3/09","E6"
"14995","BECv10","SBSdw3","SBSdw3/09","D6"
"14996","BECv10","SBSdw3","SBSdw3/09","C6"
"14997","BECv10","SBSdw3","SBSdw3/09","B6"
"14998","BECv10","SBSdw3","SBSdw3/10","D7"
"14999","BECv10","SBSdw3","SBSdw3/10","C7"
"15000","BECv10","SBSdw3","SBSdw3/10","B7"
"15001","BECv10","SBSdw3","SBSdw3/10","A7"
"15002","Add_2021","SBSdw3","SBSdw3/Ro","A0"
"15003","Add_2021","SBSdw3","SBSdw3/Ro","B0"
"15004","BECv10","SBSmc1","SBSmc1/01","D4"
"15005","BECv10","SBSmc1","SBSmc1/01","D3"
"15006","BECv10","SBSmc1","SBSmc1/01","D2"
"15007","BECv10","SBSmc1","SBSmc1/01","C4"
"15008","BECv10","SBSmc1","SBSmc1/01","C3"
"15009","BECv10","SBSmc1","SBSmc1/01","C2"
"15010","BECv10","SBSmc1","SBSmc1/01","B4"
"15011","BECv10","SBSmc1","SBSmc1/01","B3"
"15012","BECv10","SBSmc1","SBSmc1/01","B2"
"15013","BECv10","SBSmc1","SBSmc1/01a","D4"
"15014","BECv10","SBSmc1","SBSmc1/01a","D3"
"15015","BECv10","SBSmc1","SBSmc1/01a","C4"
"15016","BECv10","SBSmc1","SBSmc1/01a","C3"
"15017","BECv10","SBSmc1","SBSmc1/01a","B4"
"15018","BECv10","SBSmc1","SBSmc1/01a","B3"
"15019","BECv10","SBSmc1","SBSmc1/01b","D3"
"15020","BECv10","SBSmc1","SBSmc1/01b","D2"
"15021","BECv10","SBSmc1","SBSmc1/01b","C3"
"15022","BECv10","SBSmc1","SBSmc1/01b","C2"
"15023","BECv10","SBSmc1","SBSmc1/01b","B3"
"15024","BECv10","SBSmc1","SBSmc1/01b","B2"
"15025","BECv10","SBSmc1","SBSmc1/01c","D3"
"15026","BECv10","SBSmc1","SBSmc1/01c","D2"
"15027","BECv10","SBSmc1","SBSmc1/01c","C3"
"15028","BECv10","SBSmc1","SBSmc1/01c","C2"
"15029","BECv10","SBSmc1","SBSmc1/01c","B3"
"15030","BECv10","SBSmc1","SBSmc1/01c","B2"
"15031","BECv10","SBSmc1","SBSmc1/02","D2"
"15032","BECv10","SBSmc1","SBSmc1/02","D1"
"15033","BECv10","SBSmc1","SBSmc1/02","C2"
"15034","BECv10","SBSmc1","SBSmc1/02","C1"
"15035","BECv10","SBSmc1","SBSmc1/02","B2"
"15036","BECv10","SBSmc1","SBSmc1/02","B1"
"15037","BECv10","SBSmc1","SBSmc1/03","D2"
"15038","BECv10","SBSmc1","SBSmc1/03","D1"
"15039","BECv10","SBSmc1","SBSmc1/03","C2"
"15040","BECv10","SBSmc1","SBSmc1/03","C1"
"15041","BECv10","SBSmc1","SBSmc1/03","B2"
"15042","BECv10","SBSmc1","SBSmc1/03","B1"
"15043","BECv10","SBSmc1","SBSmc1/04","B5"
"15044","BECv10","SBSmc1","SBSmc1/04","B4"
"15045","BECv10","SBSmc1","SBSmc1/04","B3"
"15046","BECv10","SBSmc1","SBSmc1/04","A5"
"15047","BECv10","SBSmc1","SBSmc1/04","A4"
"15048","BECv10","SBSmc1","SBSmc1/04","A3"
"15049","BECv10","SBSmc1","SBSmc1/05","C5"
"15050","BECv10","SBSmc1","SBSmc1/05","B5"
"15051","BECv10","SBSmc1","SBSmc1/06","E5"
"15052","BECv10","SBSmc1","SBSmc1/06","D5"
"15053","BECv10","SBSmc1","SBSmc1/06","C5"
"15054","BECv10","SBSmc1","SBSmc1/07","E5"
"15055","BECv10","SBSmc1","SBSmc1/07","D5"
"15056","BECv10","SBSmc1","SBSmc1/07","C5"
"15057","BECv10","SBSmc1","SBSmc1/08","E7"
"15058","BECv10","SBSmc1","SBSmc1/08","E6"
"15059","BECv10","SBSmc1","SBSmc1/08","D7"
"15060","BECv10","SBSmc1","SBSmc1/08","D6"
"15061","BECv10","SBSmc1","SBSmc1/08","C7"
"15062","BECv10","SBSmc1","SBSmc1/08","C6"
"15063","BECv10","SBSmc1","SBSmc1/08","B7"
"15064","BECv10","SBSmc1","SBSmc1/08","B6"
"15065","Add_2021","SBSmc1","SBSmc1/Ro","A0"
"15066","Add_2021","SBSmc1","SBSmc1/Ro","B0"
"15067","BECv10","SBSmc2","SBSmc2/01","D4"
"15068","BECv10","SBSmc2","SBSmc2/01","D3"
"15069","BECv10","SBSmc2","SBSmc2/01","C4"
"15070","BECv10","SBSmc2","SBSmc2/01","C3"
"15071","BECv10","SBSmc2","SBSmc2/01","B4"
"15072","BECv10","SBSmc2","SBSmc2/01","B3"
"15073","BECv10","SBSmc2","SBSmc2/01a","D4"
"15074","BECv10","SBSmc2","SBSmc2/01a","C4"
"15075","BECv10","SBSmc2","SBSmc2/01b","C4"
"15076","BECv10","SBSmc2","SBSmc2/01b","B4"
"15077","BECv10","SBSmc2","SBSmc2/01c","D3"
"15078","BECv10","SBSmc2","SBSmc2/01c","C3"
"15079","BECv10","SBSmc2","SBSmc2/01c","B3"
"15080","BECv10","SBSmc2","SBSmc2/02","D2"
"15081","BECv10","SBSmc2","SBSmc2/02","D1"
"15082","BECv10","SBSmc2","SBSmc2/02","C2"
"15083","BECv10","SBSmc2","SBSmc2/02","C1"
"15084","BECv10","SBSmc2","SBSmc2/02","B2"
"15085","BECv10","SBSmc2","SBSmc2/02","B1"
"15086","BECv10","SBSmc2","SBSmc2/02","A2"
"15087","BECv10","SBSmc2","SBSmc2/02","A1"
"15088","BECv10","SBSmc2","SBSmc2/02","A3"
"15089","BECv10","SBSmc2","SBSmc2/02","B3"
"15090","BECv10","SBSmc2","SBSmc2/02a","D2"
"15091","BECv10","SBSmc2","SBSmc2/02a","D1"
"15092","BECv10","SBSmc2","SBSmc2/02a","C2"
"15093","BECv10","SBSmc2","SBSmc2/02a","C1"
"15094","BECv10","SBSmc2","SBSmc2/02a","B2"
"15095","BECv10","SBSmc2","SBSmc2/02a","B1"
"15096","BECv10","SBSmc2","SBSmc2/02a","A2"
"15097","BECv10","SBSmc2","SBSmc2/02a","A1"
"15098","BECv10","SBSmc2","SBSmc2/02a","A3"
"15099","BECv10","SBSmc2","SBSmc2/02a","B3"
"15100","BECv10","SBSmc2","SBSmc2/02b","D2"
"15101","BECv10","SBSmc2","SBSmc2/02b","D1"
"15102","BECv10","SBSmc2","SBSmc2/02b","C2"
"15103","BECv10","SBSmc2","SBSmc2/02b","C1"
"15104","BECv10","SBSmc2","SBSmc2/02b","B2"
"15105","BECv10","SBSmc2","SBSmc2/02b","B1"
"15106","BECv10","SBSmc2","SBSmc2/02b","A2"
"15107","BECv10","SBSmc2","SBSmc2/02b","A1"
"15108","BECv10","SBSmc2","SBSmc2/03","B5"
"15109","BECv10","SBSmc2","SBSmc2/03","B4"
"15110","BECv10","SBSmc2","SBSmc2/03","B3"
"15111","BECv10","SBSmc2","SBSmc2/03","A5"
"15112","BECv10","SBSmc2","SBSmc2/03","A4"
"15113","BECv10","SBSmc2","SBSmc2/03","A3"
"15114","BECv10","SBSmc2","SBSmc2/04","D5"
"15115","BECv10","SBSmc2","SBSmc2/04","D4"
"15116","BECv10","SBSmc2","SBSmc2/04","C5"
"15117","BECv10","SBSmc2","SBSmc2/05","D5"
"15118","BECv10","SBSmc2","SBSmc2/05","D4"
"15119","BECv10","SBSmc2","SBSmc2/05","C5"
"15120","BECv10","SBSmc2","SBSmc2/06","E4"
"15121","BECv10","SBSmc2","SBSmc2/06","D5"
"15122","BECv10","SBSmc2","SBSmc2/06","D4"
"15123","BECv10","SBSmc2","SBSmc2/06","C5"
"15124","BECv10","SBSmc2","SBSmc2/07","B6"
"15125","BECv10","SBSmc2","SBSmc2/07","B5"
"15126","BECv10","SBSmc2","SBSmc2/07","A6"
"15127","BECv10","SBSmc2","SBSmc2/07","A5"
"15128","BECv10","SBSmc2","SBSmc2/08","D5"
"15129","BECv10","SBSmc2","SBSmc2/08","C6"
"15130","BECv10","SBSmc2","SBSmc2/08","C5"
"15131","BECv10","SBSmc2","SBSmc2/08","B6"
"15132","BECv10","SBSmc2","SBSmc2/08","B5"
"15133","BECv10","SBSmc2","SBSmc2/09","E6"
"15134","BECv10","SBSmc2","SBSmc2/09","E5"
"15135","BECv10","SBSmc2","SBSmc2/09","D6"
"15136","BECv10","SBSmc2","SBSmc2/09","D5"
"15137","BECv10","SBSmc2","SBSmc2/09a","E5"
"15138","BECv10","SBSmc2","SBSmc2/09a","D5"
"15139","BECv10","SBSmc2","SBSmc2/09b","E6"
"15140","BECv10","SBSmc2","SBSmc2/09b","E5"
"15141","BECv10","SBSmc2","SBSmc2/09b","D6"
"15142","BECv10","SBSmc2","SBSmc2/09b","D5"
"15143","BECv10","SBSmc2","SBSmc2/10","E7"
"15144","BECv10","SBSmc2","SBSmc2/10","E6"
"15145","BECv10","SBSmc2","SBSmc2/10","D7"
"15146","BECv10","SBSmc2","SBSmc2/10","D6"
"15147","BECv10","SBSmc2","SBSmc2/10","C7"
"15148","BECv10","SBSmc2","SBSmc2/10","C6"
"15149","BECv10","SBSmc2","SBSmc2/10","B7"
"15150","BECv10","SBSmc2","SBSmc2/10","B6"
"15151","BECv10","SBSmc2","SBSmc2/10a","E6"
"15152","BECv10","SBSmc2","SBSmc2/10a","D6"
"15153","BECv10","SBSmc2","SBSmc2/10b","E7"
"15154","BECv10","SBSmc2","SBSmc2/10b","E6"
"15155","BECv10","SBSmc2","SBSmc2/10b","D7"
"15156","BECv10","SBSmc2","SBSmc2/10b","D6"
"15157","BECv10","SBSmc2","SBSmc2/10b","C7"
"15158","BECv10","SBSmc2","SBSmc2/10b","C6"
"15159","BECv10","SBSmc2","SBSmc2/10b","B7"
"15160","BECv10","SBSmc2","SBSmc2/10b","B6"
"15161","BECv10","SBSmc2","SBSmc2/11","E7"
"15162","BECv10","SBSmc2","SBSmc2/11","E6"
"15163","BECv10","SBSmc2","SBSmc2/11","D7"
"15164","BECv10","SBSmc2","SBSmc2/11","D6"
"15165","BECv10","SBSmc2","SBSmc2/11","C7"
"15166","BECv10","SBSmc2","SBSmc2/11","C6"
"15167","BECv10","SBSmc2","SBSmc2/11","B7"
"15168","BECv10","SBSmc2","SBSmc2/11","B6"
"15169","BECv10","SBSmc2","SBSmc2/12","E7"
"15170","BECv10","SBSmc2","SBSmc2/12","D7"
"15171","BECv10","SBSmc2","SBSmc2/12","C7"
"15172","BECv10","SBSmc2","SBSmc2/12","B7"
"15173","Add_2021","SBSmc2","SBSmc2/Ro","A0"
"15174","Add_2021","SBSmc2","SBSmc2/Ro","B0"
"15175","BECv10","SBSmc3","SBSmc3/01","D4"
"15176","BECv10","SBSmc3","SBSmc3/01","C4"
"15177","BECv10","SBSmc3","SBSmc3/01","B4"
"15178","BECv10","SBSmc3","SBSmc3/02","B1"
"15179","BECv10","SBSmc3","SBSmc3/02","A1"
"15180","BECv10","SBSmc3","SBSmc3/03","B2"
"15181","BECv10","SBSmc3","SBSmc3/03","A2"
"15182","BECv10","SBSmc3","SBSmc3/04","C3"
"15183","BECv10","SBSmc3","SBSmc3/04","B3"
"15184","BECv10","SBSmc3","SBSmc3/05","B4"
"15185","BECv10","SBSmc3","SBSmc3/05","B3"
"15186","BECv10","SBSmc3","SBSmc3/05","A4"
"15187","BECv10","SBSmc3","SBSmc3/05","A3"
"15188","BECv10","SBSmc3","SBSmc3/06","B5"
"15189","BECv10","SBSmc3","SBSmc3/06","A5"
"15190","BECv10","SBSmc3","SBSmc3/07","D5"
"15191","BECv10","SBSmc3","SBSmc3/07","C5"
"15192","BECv10","SBSmc3","SBSmc3/08","D6"
"15193","BECv10","SBSmc3","SBSmc3/08","C6"
"15194","BECv10","SBSmc3","SBSmc3/09","C7"
"15195","BECv10","SBSmc3","SBSmc3/09","B7"
"15196","Add_2021","SBSmc3","SBSmc3/Ro","A0"
"15197","Add_2021","SBSmc3","SBSmc3/Ro","B0"
"15198","BECv10","SBSmh","SBSmh/01","D5"
"15199","BECv10","SBSmh","SBSmh/01","D4"
"15200","BECv10","SBSmh","SBSmh/01","C5"
"15201","BECv10","SBSmh","SBSmh/01","C4"
"15202","BECv10","SBSmh","SBSmh/01","B5"
"15203","BECv10","SBSmh","SBSmh/01","B4"
"15204","BECv10","SBSmh","SBSmh/02","C1"
"15205","BECv10","SBSmh","SBSmh/02","B1"
"15206","BECv10","SBSmh","SBSmh/02","A1"
"15207","BECv10","SBSmh","SBSmh/03","B2"
"15208","BECv10","SBSmh","SBSmh/03","A2"
"15209","BECv10","SBSmh","SBSmh/04","D3"
"15210","BECv10","SBSmh","SBSmh/04","D2"
"15211","BECv10","SBSmh","SBSmh/04","C3"
"15212","BECv10","SBSmh","SBSmh/04","C2"
"15213","BECv10","SBSmh","SBSmh/04","B3"
"15214","BECv10","SBSmh","SBSmh/05","D3"
"15215","BECv10","SBSmh","SBSmh/05","C4"
"15216","BECv10","SBSmh","SBSmh/05","C3"
"15217","BECv10","SBSmh","SBSmh/05","B4"
"15218","BECv10","SBSmh","SBSmh/05","B3"
"15219","BECv10","SBSmh","SBSmh/06","D5"
"15220","BECv10","SBSmh","SBSmh/06","D4"
"15221","BECv10","SBSmh","SBSmh/06","C5"
"15222","BECv10","SBSmh","SBSmh/06","B5"
"15223","BECv10","SBSmh","SBSmh/07","E5"
"15224","BECv10","SBSmh","SBSmh/07","D6"
"15225","BECv10","SBSmh","SBSmh/07","D5"
"15226","BECv10","SBSmh","SBSmh/08","E5"
"15227","BECv10","SBSmh","SBSmh/08","D6"
"15228","BECv10","SBSmh","SBSmh/08","D5"
"15229","BECv10","SBSmh","SBSmh/09","D6"
"15230","BECv10","SBSmh","SBSmh/09","C6"
"15231","BECv10","SBSmh","SBSmh/09","B6"
"15232","Add_2021","SBSmh","SBSmh/Ro","A0"
"15233","Add_2021","SBSmh","SBSmh/Ro","B0"
"15234","BECv10","SBSmk1","SBSmk1/01","D5"
"15235","BECv10","SBSmk1","SBSmk1/01","D4"
"15236","BECv10","SBSmk1","SBSmk1/01","C5"
"15237","BECv10","SBSmk1","SBSmk1/01","C4"
"15238","BECv10","SBSmk1","SBSmk1/01","B5"
"15239","BECv10","SBSmk1","SBSmk1/01","B4"
"15240","BECv10","SBSmk1","SBSmk1/02","C1"
"15241","BECv10","SBSmk1","SBSmk1/02","B1"
"15242","BECv10","SBSmk1","SBSmk1/02","A1"
"15243","BECv10","SBSmk1","SBSmk1/03","B2"
"15244","BECv10","SBSmk1","SBSmk1/03","A2"
"15245","BECv10","SBSmk1","SBSmk1/04","C3"
"15246","BECv10","SBSmk1","SBSmk1/04","C2"
"15247","BECv10","SBSmk1","SBSmk1/04","B3"
"15248","BECv10","SBSmk1","SBSmk1/04","B2"
"15249","BECv10","SBSmk1","SBSmk1/05","C4"
"15250","BECv10","SBSmk1","SBSmk1/05","C3"
"15251","BECv10","SBSmk1","SBSmk1/05","B4"
"15252","BECv10","SBSmk1","SBSmk1/05","B3"
"15253","BECv10","SBSmk1","SBSmk1/06","B6"
"15254","BECv10","SBSmk1","SBSmk1/06","B5"
"15255","BECv10","SBSmk1","SBSmk1/06","B4"
"15256","BECv10","SBSmk1","SBSmk1/06","B3"
"15257","BECv10","SBSmk1","SBSmk1/06","A6"
"15258","BECv10","SBSmk1","SBSmk1/06","A5"
"15259","BECv10","SBSmk1","SBSmk1/06","A4"
"15260","BECv10","SBSmk1","SBSmk1/06","A3"
"15261","BECv10","SBSmk1","SBSmk1/07","D5"
"15262","BECv10","SBSmk1","SBSmk1/07","C5"
"15263","BECv10","SBSmk1","SBSmk1/07","B5"
"15264","BECv10","SBSmk1","SBSmk1/08","E6"
"15265","BECv10","SBSmk1","SBSmk1/08","E5"
"15266","BECv10","SBSmk1","SBSmk1/08","D6"
"15267","BECv10","SBSmk1","SBSmk1/08","D5"
"15268","BECv10","SBSmk1","SBSmk1/08","C6"
"15269","BECv10","SBSmk1","SBSmk1/08","C5"
"15270","BECv10","SBSmk1","SBSmk1/09","D7"
"15271","BECv10","SBSmk1","SBSmk1/09","D6"
"15272","BECv10","SBSmk1","SBSmk1/09","C7"
"15273","BECv10","SBSmk1","SBSmk1/09","C6"
"15274","BECv10","SBSmk1","SBSmk1/09a","D6"
"15275","BECv10","SBSmk1","SBSmk1/09a","C6"
"15276","BECv10","SBSmk1","SBSmk1/09b","D7"
"15277","BECv10","SBSmk1","SBSmk1/09b","C7"
"15278","BECv10","SBSmk1","SBSmk1/10","D7"
"15279","BECv10","SBSmk1","SBSmk1/10","C7"
"15280","BECv10","SBSmk1","SBSmk1/10","B7"
"15281","Add_2021","SBSmk1","SBSmk1/Ro","A0"
"15282","Add_2021","SBSmk1","SBSmk1/Ro","B0"
"15283","BECv10","SBSmk2","SBSmk2/01","D4"
"15284","BECv10","SBSmk2","SBSmk2/01","C5"
"15285","BECv10","SBSmk2","SBSmk2/01","C4"
"15286","BECv10","SBSmk2","SBSmk2/01","B4"
"15287","BECv10","SBSmk2","SBSmk2/02","B2"
"15288","BECv10","SBSmk2","SBSmk2/02","B1"
"15289","BECv10","SBSmk2","SBSmk2/02","A2"
"15290","BECv10","SBSmk2","SBSmk2/02","A1"
"15291","BECv10","SBSmk2","SBSmk2/03","C4"
"15292","BECv10","SBSmk2","SBSmk2/03","C3"
"15293","BECv10","SBSmk2","SBSmk2/03","B4"
"15294","BECv10","SBSmk2","SBSmk2/03","B3"
"15295","BECv10","SBSmk2","SBSmk2/04","B5"
"15296","BECv10","SBSmk2","SBSmk2/04","B4"
"15297","BECv10","SBSmk2","SBSmk2/04","B3"
"15298","BECv10","SBSmk2","SBSmk2/04","A5"
"15299","BECv10","SBSmk2","SBSmk2/04","A4"
"15300","BECv10","SBSmk2","SBSmk2/04","A3"
"15301","BECv10","SBSmk2","SBSmk2/05","E5"
"15302","BECv10","SBSmk2","SBSmk2/05","D5"
"15303","BECv10","SBSmk2","SBSmk2/05","C5"
"15304","BECv10","SBSmk2","SBSmk2/06","D6"
"15305","BECv10","SBSmk2","SBSmk2/06","C6"
"15306","Add_2021","SBSmk2","SBSmk2/Ro","A0"
"15307","Add_2021","SBSmk2","SBSmk2/Ro","B0"
"15308","BECv10","SBSmm","SBSmm/01","E5"
"15309","BECv10","SBSmm","SBSmm/01","E4"
"15310","BECv10","SBSmm","SBSmm/01","E3"
"15311","BECv10","SBSmm","SBSmm/01","D5"
"15312","BECv10","SBSmm","SBSmm/01","D4"
"15313","BECv10","SBSmm","SBSmm/01","D3"
"15314","BECv10","SBSmm","SBSmm/01","C5"
"15315","BECv10","SBSmm","SBSmm/01","C4"
"15316","BECv10","SBSmm","SBSmm/01","C3"
"15317","BECv10","SBSmm","SBSmm/01","B5"
"15318","BECv10","SBSmm","SBSmm/01","B4"
"15319","BECv10","SBSmm","SBSmm/01","B3"
"15320","BECv10","SBSmm","SBSmm/01","A5"
"15321","BECv10","SBSmm","SBSmm/01","A4"
"15322","BECv10","SBSmm","SBSmm/01","A3"
"15323","BECv10","SBSmm","SBSmm/02","C1"
"15324","BECv10","SBSmm","SBSmm/02","B2"
"15325","BECv10","SBSmm","SBSmm/02","B1"
"15326","BECv10","SBSmm","SBSmm/02","A2"
"15327","BECv10","SBSmm","SBSmm/02","A1"
"15328","BECv10","SBSmm","SBSmm/03","C2"
"15329","BECv10","SBSmm","SBSmm/03","C1"
"15330","BECv10","SBSmm","SBSmm/03","B2"
"15331","BECv10","SBSmm","SBSmm/03","B1"
"15332","BECv10","SBSmm","SBSmm/03","A2"
"15333","BECv10","SBSmm","SBSmm/04","D3"
"15334","BECv10","SBSmm","SBSmm/04","D2"
"15335","BECv10","SBSmm","SBSmm/04","C3"
"15336","BECv10","SBSmm","SBSmm/04","C2"
"15337","BECv10","SBSmm","SBSmm/04","B3"
"15338","BECv10","SBSmm","SBSmm/04","B2"
"15339","BECv10","SBSmm","SBSmm/05","C3"
"15340","BECv10","SBSmm","SBSmm/05","C2"
"15341","BECv10","SBSmm","SBSmm/05","B3"
"15342","BECv10","SBSmm","SBSmm/05","B2"
"15343","BECv10","SBSmm","SBSmm/05","A3"
"15344","BECv10","SBSmm","SBSmm/05","A2"
"15345","BECv10","SBSmm","SBSmm/06","D4"
"15346","BECv10","SBSmm","SBSmm/06","D3"
"15347","BECv10","SBSmm","SBSmm/06","C4"
"15348","BECv10","SBSmm","SBSmm/06","C3"
"15349","BECv10","SBSmm","SBSmm/06","B4"
"15350","BECv10","SBSmm","SBSmm/06","B3"
"15351","BECv10","SBSmm","SBSmm/06","A4"
"15352","BECv10","SBSmm","SBSmm/06","A3"
"15353","BECv10","SBSmm","SBSmm/07","E5"
"15354","BECv10","SBSmm","SBSmm/07","E4"
"15355","BECv10","SBSmm","SBSmm/07","D5"
"15356","BECv10","SBSmm","SBSmm/07","D4"
"15357","BECv10","SBSmm","SBSmm/07","C5"
"15358","BECv10","SBSmm","SBSmm/07","C4"
"15359","BECv10","SBSmm","SBSmm/07","B5"
"15360","BECv10","SBSmm","SBSmm/07","B4"
"15361","BECv10","SBSmm","SBSmm/08","E6"
"15362","BECv10","SBSmm","SBSmm/08","E5"
"15363","BECv10","SBSmm","SBSmm/08","D6"
"15364","BECv10","SBSmm","SBSmm/08","D5"
"15365","BECv10","SBSmm","SBSmm/08","C6"
"15366","BECv10","SBSmm","SBSmm/08","C5"
"15367","BECv10","SBSmm","SBSmm/08","B6"
"15368","BECv10","SBSmm","SBSmm/08","B5"
"15369","BECv10","SBSmm","SBSmm/09","D7"
"15370","BECv10","SBSmm","SBSmm/09","D6"
"15371","BECv10","SBSmm","SBSmm/09","C7"
"15372","BECv10","SBSmm","SBSmm/09","C6"
"15373","BECv10","SBSmm","SBSmm/09","B7"
"15374","BECv10","SBSmm","SBSmm/09","B6"
"15375","BECv10","SBSmm","SBSmm/09","A7"
"15376","BECv10","SBSmm","SBSmm/09","A6"
"15377","Add_2021","SBSmm","SBSmm/Ro","A0"
"15378","Add_2021","SBSmm","SBSmm/Ro","B0"
"15379","BECv10","SBSmw","SBSmw/01","D4"
"15380","BECv10","SBSmw","SBSmw/01","D3"
"15381","BECv10","SBSmw","SBSmw/01","C4"
"15382","BECv10","SBSmw","SBSmw/01","C3"
"15383","BECv10","SBSmw","SBSmw/01","B4"
"15384","BECv10","SBSmw","SBSmw/01","B3"
"15385","BECv10","SBSmw","SBSmw/01","C5"
"15386","BECv10","SBSmw","SBSmw/01","D5"
"15387","BECv10","SBSmw","SBSmw/02","D1"
"15388","BECv10","SBSmw","SBSmw/02","C1"
"15389","BECv10","SBSmw","SBSmw/02","B1"
"15390","BECv10","SBSmw","SBSmw/02","A1"
"15391","BECv10","SBSmw","SBSmw/02","D0"
"15392","BECv10","SBSmw","SBSmw/02","C0"
"15393","BECv10","SBSmw","SBSmw/02","B0"
"15394","BECv10","SBSmw","SBSmw/02","A0"
"15395","BECv10","SBSmw","SBSmw/03","B3"
"15396","BECv10","SBSmw","SBSmw/03","B2"
"15397","BECv10","SBSmw","SBSmw/03","B1"
"15398","BECv10","SBSmw","SBSmw/03","A3"
"15399","BECv10","SBSmw","SBSmw/03","A2"
"15400","BECv10","SBSmw","SBSmw/03","A1"
"15401","BECv10","SBSmw","SBSmw/04","D3"
"15402","BECv10","SBSmw","SBSmw/04","D2"
"15403","BECv10","SBSmw","SBSmw/04","D1"
"15404","BECv10","SBSmw","SBSmw/04","C3"
"15405","BECv10","SBSmw","SBSmw/04","C2"
"15406","BECv10","SBSmw","SBSmw/04","C1"
"15407","BECv10","SBSmw","SBSmw/05","B5"
"15408","BECv10","SBSmw","SBSmw/06","D5"
"15409","BECv10","SBSmw","SBSmw/06","C5"
"15410","BECv10","SBSmw","SBSmw/07","D5"
"15411","BECv10","SBSmw","SBSmw/07","C5"
"15412","BECv10","SBSmw","SBSmw/08","E6"
"15413","BECv10","SBSmw","SBSmw/08","E5"
"15414","BECv10","SBSmw","SBSmw/08","D6"
"15415","BECv10","SBSmw","SBSmw/08","D5"
"15416","BECv10","SBSmw","SBSmw/09","D6"
"15417","BECv10","SBSmw","SBSmw/09","C6"
"15418","BECv10","SBSmw","SBSmw/09","B6"
"15419","BECv10","SBSmw","SBSmw/10","C7"
"15420","BECv10","SBSmw","SBSmw/10","B7"
"15421","BECv10","SBSmw","SBSmw/10","A7"
"15422","BECv10","SBSmw","SBSmw/11","D4"
"15423","BECv10","SBSmw","SBSmw/11","D3"
"15424","BECv10","SBSmw","SBSmw/11","C4"
"15425","BECv10","SBSmw","SBSmw/11","C3"
"15426","BECv10","SBSmw","SBSmw/11","B4"
"15427","BECv10","SBSmw","SBSmw/11","B3"
"15428","BECv10","SBSmw","SBSmw/11","C5"
"15429","BECv10","SBSmw","SBSmw/11","D5"
"15430","BECv10","SBSmw","SBSmw/12","C6"
"15431","BECv10","SBSmw","SBSmw/12","D6"
"15432","BECv10","SBSmw","SBSmw/13","D6"
"15433","BECv10","SBSmw","SBSmw/13","D7"
"15434","Add_2021","SBSmw","SBSmw/Ro","A0"
"15435","Add_2021","SBSmw","SBSmw/Ro","B0"
"15436","BECv10","SBSun","SBSun/h","E7"
"15437","BECv10","SBSun","SBSun/h","E6"
"15438","BECv10","SBSun","SBSun/h","E5"
"15439","BECv10","SBSun","SBSun/h","D7"
"15440","BECv10","SBSun","SBSun/h","D6"
"15441","BECv10","SBSun","SBSun/h","D5"
"15442","BECv10","SBSun","SBSun/h","C7"
"15443","BECv10","SBSun","SBSun/h","C6"
"15444","BECv10","SBSun","SBSun/h","C5"
"15445","BECv10","SBSun","SBSun/h","B7"
"15446","BECv10","SBSun","SBSun/h","B6"
"15447","BECv10","SBSun","SBSun/h","B5"
"15448","BECv10","SBSun","SBSun/h","A7"
"15449","BECv10","SBSun","SBSun/h","A6"
"15450","BECv10","SBSun","SBSun/h","A5"
"15451","BECv10","SBSun","SBSun/m","E4"
"15452","BECv10","SBSun","SBSun/m","E3"
"15453","BECv10","SBSun","SBSun/m","D4"
"15454","BECv10","SBSun","SBSun/m","D3"
"15455","BECv10","SBSun","SBSun/m","C4"
"15456","BECv10","SBSun","SBSun/m","C3"
"15457","BECv10","SBSun","SBSun/m","B4"
"15458","BECv10","SBSun","SBSun/m","B3"
"15459","BECv10","SBSun","SBSun/m","A4"
"15460","BECv10","SBSun","SBSun/m","A3"
"15461","BECv10","SBSun","SBSun/x","E2"
"15462","BECv10","SBSun","SBSun/x","E1"
"15463","BECv10","SBSun","SBSun/x","E0"
"15464","BECv10","SBSun","SBSun/x","D2"
"15465","BECv10","SBSun","SBSun/x","D1"
"15466","BECv10","SBSun","SBSun/x","D0"
"15467","BECv10","SBSun","SBSun/x","C2"
"15468","BECv10","SBSun","SBSun/x","C1"
"15469","BECv10","SBSun","SBSun/x","C0"
"15470","BECv10","SBSun","SBSun/x","B2"
"15471","BECv10","SBSun","SBSun/x","B1"
"15472","BECv10","SBSun","SBSun/x","B0"
"15473","BECv10","SBSun","SBSun/x","A2"
"15474","BECv10","SBSun","SBSun/x","A1"
"15475","BECv10","SBSun","SBSun/x","A0"
"15476","BECv10","SBSvk","SBSvk/01","D5"
"15477","BECv10","SBSvk","SBSvk/01","D4"
"15478","BECv10","SBSvk","SBSvk/01","C5"
"15479","BECv10","SBSvk","SBSvk/01","C4"
"15480","BECv10","SBSvk","SBSvk/01","C3"
"15481","BECv10","SBSvk","SBSvk/01","B5"
"15482","BECv10","SBSvk","SBSvk/01","B4"
"15483","BECv10","SBSvk","SBSvk/01","B3"
"15484","BECv10","SBSvk","SBSvk/02","B2"
"15485","BECv10","SBSvk","SBSvk/02","B1"
"15486","BECv10","SBSvk","SBSvk/02","A2"
"15487","BECv10","SBSvk","SBSvk/02","A1"
"15488","BECv10","SBSvk","SBSvk/03","C3"
"15489","BECv10","SBSvk","SBSvk/03","B3"
"15490","BECv10","SBSvk","SBSvk/03","B2"
"15491","BECv10","SBSvk","SBSvk/04","D3"
"15492","BECv10","SBSvk","SBSvk/04","C3"
"15493","BECv10","SBSvk","SBSvk/04","B3"
"15494","BECv10","SBSvk","SBSvk/05","D5"
"15495","BECv10","SBSvk","SBSvk/05","D4"
"15496","BECv10","SBSvk","SBSvk/05","C5"
"15497","BECv10","SBSvk","SBSvk/05","C4"
"15498","BECv10","SBSvk","SBSvk/06","D5"
"15499","BECv10","SBSvk","SBSvk/06","C6"
"15500","BECv10","SBSvk","SBSvk/06","C5"
"15501","BECv10","SBSvk","SBSvk/07","E6"
"15502","BECv10","SBSvk","SBSvk/07","D6"
"15503","BECv10","SBSvk","SBSvk/07","C6"
"15504","BECv10","SBSvk","SBSvk/08","B7"
"15505","BECv10","SBSvk","SBSvk/08","A7"
"15506","BECv10","SBSvk","SBSvk/09","B1"
"15507","BECv10","SBSvk","SBSvk/09","A1"
"15508","BECv10","SBSvk","SBSvk/10","E7"
"15509","BECv10","SBSvk","SBSvk/10","E6"
"15510","BECv10","SBSvk","SBSvk/10","D7"
"15511","BECv10","SBSvk","SBSvk/10","D6"
"15512","Add_2021","SBSvk","SBSvk/Ro","A0"
"15513","Add_2021","SBSvk","SBSvk/Ro","B0"
"15514","BECv10","SBSwk1","SBSwk1/01","D4"
"15515","BECv10","SBSwk1","SBSwk1/01","C5"
"15516","BECv10","SBSwk1","SBSwk1/01","C4"
"15517","BECv10","SBSwk1","SBSwk1/01","B5"
"15518","BECv10","SBSwk1","SBSwk1/01","B4"
"15519","BECv10","SBSwk1","SBSwk1/02","D1"
"15520","BECv10","SBSwk1","SBSwk1/02","C1"
"15521","BECv10","SBSwk1","SBSwk1/02","B1"
"15522","BECv10","SBSwk1","SBSwk1/02","A1"
"15523","BECv10","SBSwk1","SBSwk1/03","C2"
"15524","BECv10","SBSwk1","SBSwk1/03","C1"
"15525","BECv10","SBSwk1","SBSwk1/03","B3"
"15526","BECv10","SBSwk1","SBSwk1/03","B2"
"15527","BECv10","SBSwk1","SBSwk1/03","B1"
"15528","BECv10","SBSwk1","SBSwk1/03","A3"
"15529","BECv10","SBSwk1","SBSwk1/03","A2"
"15530","BECv10","SBSwk1","SBSwk1/04","D3"
"15531","BECv10","SBSwk1","SBSwk1/04","D2"
"15532","BECv10","SBSwk1","SBSwk1/04","C3"
"15533","BECv10","SBSwk1","SBSwk1/04","C2"
"15534","BECv10","SBSwk1","SBSwk1/04","B3"
"15535","BECv10","SBSwk1","SBSwk1/04","B2"
"15536","BECv10","SBSwk1","SBSwk1/05","D3"
"15537","BECv10","SBSwk1","SBSwk1/05","C4"
"15538","BECv10","SBSwk1","SBSwk1/05","C3"
"15539","BECv10","SBSwk1","SBSwk1/05","B4"
"15540","BECv10","SBSwk1","SBSwk1/05","B3"
"15541","BECv10","SBSwk1","SBSwk1/06","C5"
"15542","BECv10","SBSwk1","SBSwk1/06","B5"
"15543","BECv10","SBSwk1","SBSwk1/07","D5"
"15544","BECv10","SBSwk1","SBSwk1/07","C5"
"15545","BECv10","SBSwk1","SBSwk1/07","B5"
"15546","BECv10","SBSwk1","SBSwk1/08","E5"
"15547","BECv10","SBSwk1","SBSwk1/08","D5"
"15548","BECv10","SBSwk1","SBSwk1/09","D6"
"15549","BECv10","SBSwk1","SBSwk1/09","C6"
"15550","BECv10","SBSwk1","SBSwk1/09","B6"
"15551","BECv10","SBSwk1","SBSwk1/10","E6"
"15552","BECv10","SBSwk1","SBSwk1/10","D6"
"15553","BECv10","SBSwk1","SBSwk1/11","D7"
"15554","BECv10","SBSwk1","SBSwk1/11","C7"
"15555","BECv10","SBSwk1","SBSwk1/11","C6"
"15556","BECv10","SBSwk1","SBSwk1/11","B7"
"15557","BECv10","SBSwk1","SBSwk1/11","B6"
"15558","BECv10","SBSwk1","SBSwk1/12","B5"
"15559","BECv10","SBSwk1","SBSwk1/12","B4"
"15560","BECv10","SBSwk1","SBSwk1/12","B3"
"15561","BECv10","SBSwk1","SBSwk1/12","A5"
"15562","BECv10","SBSwk1","SBSwk1/12","A4"
"15563","BECv10","SBSwk1","SBSwk1/12","A3"
"15564","Add_2021","SBSwk1","SBSwk1/Ro","A0"
"15565","Add_2021","SBSwk1","SBSwk1/Ro","B0"
"15566","BECv10","SBSwk2","SBSwk2/01","D3"
"15567","BECv10","SBSwk2","SBSwk2/01","C4"
"15568","BECv10","SBSwk2","SBSwk2/02","B2"
"15569","BECv10","SBSwk2","SBSwk2/02","B1"
"15570","BECv10","SBSwk2","SBSwk2/02","A2"
"15571","BECv10","SBSwk2","SBSwk2/02","A1"
"15572","BECv10","SBSwk2","SBSwk2/03","C3"
"15573","BECv10","SBSwk2","SBSwk2/03","B3"
"15574","BECv10","SBSwk2","SBSwk2/04","B5"
"15575","BECv10","SBSwk2","SBSwk2/04","B4"
"15576","BECv10","SBSwk2","SBSwk2/04","B3"
"15577","BECv10","SBSwk2","SBSwk2/04","A5"
"15578","BECv10","SBSwk2","SBSwk2/04","A4"
"15579","BECv10","SBSwk2","SBSwk2/04","A3"
"15580","BECv10","SBSwk2","SBSwk2/05","D5"
"15581","BECv10","SBSwk2","SBSwk2/05","C5"
"15582","BECv10","SBSwk2","SBSwk2/06","D6"
"15583","BECv10","SBSwk2","SBSwk2/06","C6"
"15584","Add_2021","SBSwk2","SBSwk2/Ro","A0"
"15585","Add_2021","SBSwk2","SBSwk2/Ro","B0"
"15586","BECv10","SBSwk3","SBSwk3/01","D4"
"15587","BECv10","SBSwk3","SBSwk3/01","C4"
"15588","BECv10","SBSwk3","SBSwk3/01","B4"
"15589","BECv10","SBSwk3","SBSwk3/02","B2"
"15590","BECv10","SBSwk3","SBSwk3/02","B1"
"15591","BECv10","SBSwk3","SBSwk3/02","A2"
"15592","BECv10","SBSwk3","SBSwk3/02","A1"
"15593","BECv10","SBSwk3","SBSwk3/03","C2"
"15594","BECv10","SBSwk3","SBSwk3/03","B2"
"15595","BECv10","SBSwk3","SBSwk3/04","D3"
"15596","BECv10","SBSwk3","SBSwk3/04","C3"
"15597","BECv10","SBSwk3","SBSwk3/05","B5"
"15598","BECv10","SBSwk3","SBSwk3/05","B4"
"15599","BECv10","SBSwk3","SBSwk3/05","B3"
"15600","BECv10","SBSwk3","SBSwk3/05","A5"
"15601","BECv10","SBSwk3","SBSwk3/05","A4"
"15602","BECv10","SBSwk3","SBSwk3/05","A3"
"15603","BECv10","SBSwk3","SBSwk3/06","D5"
"15604","BECv10","SBSwk3","SBSwk3/06","D4"
"15605","BECv10","SBSwk3","SBSwk3/06","C5"
"15606","BECv10","SBSwk3","SBSwk3/06","C4"
"15607","BECv10","SBSwk3","SBSwk3/07","D5"
"15608","BECv10","SBSwk3","SBSwk3/07","C5"
"15609","BECv10","SBSwk3","SBSwk3/08","D6"
"15610","BECv10","SBSwk3","SBSwk3/08","C6"
"15611","Add_2021","SBSwk3","SBSwk3/Ro","A0"
"15612","Add_2021","SBSwk3","SBSwk3/Ro","B0"
"15613","BECv10","SBSwk3a","SBSwk3a/01","C4"
"15614","BECv10","SBSwk3a","SBSwk3a/01","B4"
"15615","BECv10","SBSwk3a","SBSwk3a/02","B2"
"15616","BECv10","SBSwk3a","SBSwk3a/02","B1"
"15617","BECv10","SBSwk3a","SBSwk3a/02","A2"
"15618","BECv10","SBSwk3a","SBSwk3a/02","A1"
"15619","BECv10","SBSwk3a","SBSwk3a/03","C2"
"15620","BECv10","SBSwk3a","SBSwk3a/03","B2"
"15621","BECv10","SBSwk3a","SBSwk3a/04","C3"
"15622","BECv10","SBSwk3a","SBSwk3a/04","B3"
"15623","BECv10","SBSwk3a","SBSwk3a/05","B5"
"15624","BECv10","SBSwk3a","SBSwk3a/05","B4"
"15625","BECv10","SBSwk3a","SBSwk3a/05","B3"
"15626","BECv10","SBSwk3a","SBSwk3a/05","A5"
"15627","BECv10","SBSwk3a","SBSwk3a/05","A4"
"15628","BECv10","SBSwk3a","SBSwk3a/05","A3"
"15629","BECv10","SBSwk3a","SBSwk3a/06","D5"
"15630","BECv10","SBSwk3a","SBSwk3a/06","D4"
"15631","BECv10","SBSwk3a","SBSwk3a/06","C5"
"15632","BECv10","SBSwk3a","SBSwk3a/06","C4"
"15633","BECv10","SBSwk3a","SBSwk3a/07","D6"
"15634","BECv10","SBSwk3a","SBSwk3a/07","D5"
"15635","BECv10","SBSwk3a","SBSwk3a/07","C6"
"15636","BECv10","SBSwk3a","SBSwk3a/07","C5"
"15637","BECv10","SBSwk3a","SBSwk3a/08","D6"
"15638","BECv10","SBSwk3a","SBSwk3a/08","C6"
"15639","Add_2021","SBSwk3a","SBSwk3a/Ro","A0"
"15640","Add_2021","SBSwk3a","SBSwk3a/Ro","B0"
"15641","USA_2019","SGPdm_CO","SGPdm_CO/110","E5"
"15642","USA_2019","SGPdm_CO","SGPdm_CO/110","D5"
"15643","USA_2019","SGPdm_CO","SGPdm_CO/110","C5"
"15644","USA_2019","SGPdm_CO","SGPdm_CO/110","B5"
"15645","USA_2019","SGPdm_CO","SGPdm_CO/111","E6"
"15646","USA_2019","SGPdm_CO","SGPdm_CO/111","D6"
"15647","USA_2019","SGPdm_CO","SGPdm_CO/111","C6"
"15648","USA_2019","SGPdm_CO","SGPdm_CO/111","B6"
"15649","USA_2019","SGPdm_CO","SGPdm_CO/Gg","D4"
"15650","USA_2019","SGPdm_CO","SGPdm_CO/Gg","D3"
"15651","USA_2019","SGPdm_CO","SGPdm_CO/Gg","D2"
"15652","USA_2019","SGPdm_CO","SGPdm_CO/Gg","D1"
"15653","USA_2019","SGPdm_CO","SGPdm_CO/Gg","C4"
"15654","USA_2019","SGPdm_CO","SGPdm_CO/Gg","C3"
"15655","USA_2019","SGPdm_CO","SGPdm_CO/Gg","C2"
"15656","USA_2019","SGPdm_CO","SGPdm_CO/Gg","C1"
"15657","USA_2019","SGPdm_CO","SGPdm_CO/Gg","B4"
"15658","USA_2019","SGPdm_CO","SGPdm_CO/Gg","B3"
"15659","USA_2019","SGPdm_CO","SGPdm_CO/Gg","B2"
"15660","USA_2019","SGPdm_CO","SGPdm_CO/Gg","B1"
"15661","USA_2019","SGPdm_CO","SGPdm_CO/Gg","A2"
"15662","USA_2019","SGPdm_CO","SGPdm_CO/Gg","A1"
"15663","Add_2021","SGPdm_CO","SGPdm_CO/Ro","A0"
"15664","Add_2021","SGPdm_CO","SGPdm_CO/Ro","B0"
"15665","BECv10","SWBmk","SWBmk/01","D4"
"15666","BECv10","SWBmk","SWBmk/01","C4"
"15667","BECv10","SWBmk","SWBmk/01","B4"
"15668","BECv10","SWBmk","SWBmk/02","B2"
"15669","BECv10","SWBmk","SWBmk/02","B1"
"15670","BECv10","SWBmk","SWBmk/02","B0"
"15671","BECv10","SWBmk","SWBmk/02","A2"
"15672","BECv10","SWBmk","SWBmk/02","A1"
"15673","BECv10","SWBmk","SWBmk/02","A0"
"15674","BECv10","SWBmk","SWBmk/03","C2"
"15675","BECv10","SWBmk","SWBmk/03","C1"
"15676","BECv10","SWBmk","SWBmk/03","B2"
"15677","BECv10","SWBmk","SWBmk/03","B1"
"15678","BECv10","SWBmk","SWBmk/04","D3"
"15679","BECv10","SWBmk","SWBmk/04","C4"
"15680","BECv10","SWBmk","SWBmk/04","C3"
"15681","BECv10","SWBmk","SWBmk/04","B4"
"15682","BECv10","SWBmk","SWBmk/04","B3"
"15683","BECv10","SWBmk","SWBmk/05","B5"
"15684","BECv10","SWBmk","SWBmk/05","B3"
"15685","BECv10","SWBmk","SWBmk/05","A5"
"15686","BECv10","SWBmk","SWBmk/05","A4"
"15687","BECv10","SWBmk","SWBmk/05","A3"
"15688","BECv10","SWBmk","SWBmk/06","C5"
"15689","BECv10","SWBmk","SWBmk/06","B5"
"15690","BECv10","SWBmk","SWBmk/07","C6"
"15691","BECv10","SWBmk","SWBmk/07","C5"
"15692","BECv10","SWBmk","SWBmk/07","B6"
"15693","BECv10","SWBmk","SWBmk/07","B5"
"15694","BECv10","SWBmk","SWBmk/08","D6"
"15695","BECv10","SWBmk","SWBmk/08","D5"
"15696","BECv10","SWBmk","SWBmk/08","C6"
"15697","BECv10","SWBmk","SWBmk/08","C5"
"15698","BECv10","SWBmk","SWBmk/09","C7"
"15699","BECv10","SWBmk","SWBmk/09","B7"
"15700","BECv10","SWBmk","SWBmk/09","B6"
"15701","BECv10","SWBmk","SWBmk/09","A7"
"15702","BECv10","SWBmk","SWBmk/09","A6"
"15703","BECv10","SWBmks","SWBmks/00","E7"
"15704","BECv10","SWBmks","SWBmks/00","E6"
"15705","BECv10","SWBmks","SWBmks/00","E5"
"15706","BECv10","SWBmks","SWBmks/00","E4"
"15707","BECv10","SWBmks","SWBmks/00","E3"
"15708","BECv10","SWBmks","SWBmks/00","E2"
"15709","BECv10","SWBmks","SWBmks/00","E1"
"15710","BECv10","SWBmks","SWBmks/00","E0"
"15711","BECv10","SWBmks","SWBmks/00","D7"
"15712","BECv10","SWBmks","SWBmks/00","D6"
"15713","BECv10","SWBmks","SWBmks/00","D5"
"15714","BECv10","SWBmks","SWBmks/00","D4"
"15715","BECv10","SWBmks","SWBmks/00","D3"
"15716","BECv10","SWBmks","SWBmks/00","D2"
"15717","BECv10","SWBmks","SWBmks/00","D1"
"15718","BECv10","SWBmks","SWBmks/00","D0"
"15719","BECv10","SWBmks","SWBmks/00","C7"
"15720","BECv10","SWBmks","SWBmks/00","C6"
"15721","BECv10","SWBmks","SWBmks/00","C5"
"15722","BECv10","SWBmks","SWBmks/00","C4"
"15723","BECv10","SWBmks","SWBmks/00","C3"
"15724","BECv10","SWBmks","SWBmks/00","C2"
"15725","BECv10","SWBmks","SWBmks/00","C1"
"15726","BECv10","SWBmks","SWBmks/00","C0"
"15727","BECv10","SWBmks","SWBmks/00","B7"
"15728","BECv10","SWBmks","SWBmks/00","B6"
"15729","BECv10","SWBmks","SWBmks/00","B5"
"15730","BECv10","SWBmks","SWBmks/00","B4"
"15731","BECv10","SWBmks","SWBmks/00","B3"
"15732","BECv10","SWBmks","SWBmks/00","B2"
"15733","BECv10","SWBmks","SWBmks/00","B1"
"15734","BECv10","SWBmks","SWBmks/00","B0"
"15735","BECv10","SWBmks","SWBmks/00","A7"
"15736","BECv10","SWBmks","SWBmks/00","A6"
"15737","BECv10","SWBmks","SWBmks/00","A5"
"15738","BECv10","SWBmks","SWBmks/00","A4"
"15739","BECv10","SWBmks","SWBmks/00","A3"
"15740","BECv10","SWBmks","SWBmks/00","A2"
"15741","BECv10","SWBmks","SWBmks/00","A1"
"15742","BECv10","SWBmks","SWBmks/00","A0"
"15743","BECv10","SWBun","SWBun/h","E7"
"15744","BECv10","SWBun","SWBun/h","E6"
"15745","BECv10","SWBun","SWBun/h","E5"
"15746","BECv10","SWBun","SWBun/h","D7"
"15747","BECv10","SWBun","SWBun/h","D6"
"15748","BECv10","SWBun","SWBun/h","D5"
"15749","BECv10","SWBun","SWBun/h","C7"
"15750","BECv10","SWBun","SWBun/h","C6"
"15751","BECv10","SWBun","SWBun/h","C5"
"15752","BECv10","SWBun","SWBun/h","B7"
"15753","BECv10","SWBun","SWBun/h","B6"
"15754","BECv10","SWBun","SWBun/h","A7"
"15755","BECv10","SWBun","SWBun/h","A6"
"15756","BECv10","SWBun","SWBun/h","A5"
"15757","BECv10","SWBun","SWBun/m","E4"
"15758","BECv10","SWBun","SWBun/m","E3"
"15759","BECv10","SWBun","SWBun/m","D4"
"15760","BECv10","SWBun","SWBun/m","D3"
"15761","BECv10","SWBun","SWBun/m","C4"
"15762","BECv10","SWBun","SWBun/m","C3"
"15763","BECv10","SWBun","SWBun/m","B5"
"15764","BECv10","SWBun","SWBun/m","B4"
"15765","BECv10","SWBun","SWBun/m","B3"
"15766","BECv10","SWBun","SWBun/m","A4"
"15767","BECv10","SWBun","SWBun/m","A3"
"15768","BECv10","SWBun","SWBun/x","E2"
"15769","BECv10","SWBun","SWBun/x","E1"
"15770","BECv10","SWBun","SWBun/x","E0"
"15771","BECv10","SWBun","SWBun/x","D2"
"15772","BECv10","SWBun","SWBun/x","D1"
"15773","BECv10","SWBun","SWBun/x","D0"
"15774","BECv10","SWBun","SWBun/x","C2"
"15775","BECv10","SWBun","SWBun/x","C1"
"15776","BECv10","SWBun","SWBun/x","C0"
"15777","BECv10","SWBun","SWBun/x","B2"
"15778","BECv10","SWBun","SWBun/x","B1"
"15779","BECv10","SWBun","SWBun/x","B0"
"15780","BECv10","SWBun","SWBun/x","A2"
"15781","BECv10","SWBun","SWBun/x","A1"
"15782","BECv10","SWBun","SWBun/x","A0"
"15783","BECv10","SWBuns","SWBuns/00","E7"
"15784","BECv10","SWBuns","SWBuns/00","E6"
"15785","BECv10","SWBuns","SWBuns/00","E5"
"15786","BECv10","SWBuns","SWBuns/00","E4"
"15787","BECv10","SWBuns","SWBuns/00","E3"
"15788","BECv10","SWBuns","SWBuns/00","E2"
"15789","BECv10","SWBuns","SWBuns/00","E1"
"15790","BECv10","SWBuns","SWBuns/00","E0"
"15791","BECv10","SWBuns","SWBuns/00","D7"
"15792","BECv10","SWBuns","SWBuns/00","D6"
"15793","BECv10","SWBuns","SWBuns/00","D5"
"15794","BECv10","SWBuns","SWBuns/00","D4"
"15795","BECv10","SWBuns","SWBuns/00","D3"
"15796","BECv10","SWBuns","SWBuns/00","D2"
"15797","BECv10","SWBuns","SWBuns/00","D1"
"15798","BECv10","SWBuns","SWBuns/00","D0"
"15799","BECv10","SWBuns","SWBuns/00","C7"
"15800","BECv10","SWBuns","SWBuns/00","C6"
"15801","BECv10","SWBuns","SWBuns/00","C5"
"15802","BECv10","SWBuns","SWBuns/00","C4"
"15803","BECv10","SWBuns","SWBuns/00","C3"
"15804","BECv10","SWBuns","SWBuns/00","C2"
"15805","BECv10","SWBuns","SWBuns/00","C1"
"15806","BECv10","SWBuns","SWBuns/00","C0"
"15807","BECv10","SWBuns","SWBuns/00","B7"
"15808","BECv10","SWBuns","SWBuns/00","B6"
"15809","BECv10","SWBuns","SWBuns/00","B5"
"15810","BECv10","SWBuns","SWBuns/00","B4"
"15811","BECv10","SWBuns","SWBuns/00","B3"
"15812","BECv10","SWBuns","SWBuns/00","B2"
"15813","BECv10","SWBuns","SWBuns/00","B1"
"15814","BECv10","SWBuns","SWBuns/00","B0"
"15815","BECv10","SWBuns","SWBuns/00","A7"
"15816","BECv10","SWBuns","SWBuns/00","A6"
"15817","BECv10","SWBuns","SWBuns/00","A5"
"15818","BECv10","SWBuns","SWBuns/00","A4"
"15819","BECv10","SWBuns","SWBuns/00","A3"
"15820","BECv10","SWBuns","SWBuns/00","A2"
"15821","BECv10","SWBuns","SWBuns/00","A1"
"15822","BECv10","SWBuns","SWBuns/00","A0"
"15823","BECv10","SWBvk","SWBvk/h","E7"
"15824","BECv10","SWBvk","SWBvk/h","E6"
"15825","BECv10","SWBvk","SWBvk/h","E5"
"15826","BECv10","SWBvk","SWBvk/h","D7"
"15827","BECv10","SWBvk","SWBvk/h","D6"
"15828","BECv10","SWBvk","SWBvk/h","D5"
"15829","BECv10","SWBvk","SWBvk/h","C7"
"15830","BECv10","SWBvk","SWBvk/h","C6"
"15831","BECv10","SWBvk","SWBvk/h","C5"
"15832","BECv10","SWBvk","SWBvk/h","B7"
"15833","BECv10","SWBvk","SWBvk/h","B6"
"15834","BECv10","SWBvk","SWBvk/h","A7"
"15835","BECv10","SWBvk","SWBvk/h","A6"
"15836","BECv10","SWBvk","SWBvk/h","A5"
"15837","BECv10","SWBvk","SWBvk/m","E4"
"15838","BECv10","SWBvk","SWBvk/m","E3"
"15839","BECv10","SWBvk","SWBvk/m","D4"
"15840","BECv10","SWBvk","SWBvk/m","D3"
"15841","BECv10","SWBvk","SWBvk/m","C4"
"15842","BECv10","SWBvk","SWBvk/m","C3"
"15843","BECv10","SWBvk","SWBvk/m","B5"
"15844","BECv10","SWBvk","SWBvk/m","B4"
"15845","BECv10","SWBvk","SWBvk/m","B3"
"15846","BECv10","SWBvk","SWBvk/m","A4"
"15847","BECv10","SWBvk","SWBvk/m","A3"
"15848","BECv10","SWBvk","SWBvk/x","E2"
"15849","BECv10","SWBvk","SWBvk/x","E1"
"15850","BECv10","SWBvk","SWBvk/x","E0"
"15851","BECv10","SWBvk","SWBvk/x","D2"
"15852","BECv10","SWBvk","SWBvk/x","D1"
"15853","BECv10","SWBvk","SWBvk/x","D0"
"15854","BECv10","SWBvk","SWBvk/x","C2"
"15855","BECv10","SWBvk","SWBvk/x","C1"
"15856","BECv10","SWBvk","SWBvk/x","C0"
"15857","BECv10","SWBvk","SWBvk/x","B2"
"15858","BECv10","SWBvk","SWBvk/x","B1"
"15859","BECv10","SWBvk","SWBvk/x","B0"
"15860","BECv10","SWBvk","SWBvk/x","A2"
"15861","BECv10","SWBvk","SWBvk/x","A1"
"15862","BECv10","SWBvk","SWBvk/x","A0"
"15863","BECv10","SWBvks","SWBvks/00","E7"
"15864","BECv10","SWBvks","SWBvks/00","E6"
"15865","BECv10","SWBvks","SWBvks/00","E5"
"15866","BECv10","SWBvks","SWBvks/00","E4"
"15867","BECv10","SWBvks","SWBvks/00","E3"
"15868","BECv10","SWBvks","SWBvks/00","E2"
"15869","BECv10","SWBvks","SWBvks/00","E1"
"15870","BECv10","SWBvks","SWBvks/00","E0"
"15871","BECv10","SWBvks","SWBvks/00","D7"
"15872","BECv10","SWBvks","SWBvks/00","D6"
"15873","BECv10","SWBvks","SWBvks/00","D5"
"15874","BECv10","SWBvks","SWBvks/00","D4"
"15875","BECv10","SWBvks","SWBvks/00","D3"
"15876","BECv10","SWBvks","SWBvks/00","D2"
"15877","BECv10","SWBvks","SWBvks/00","D1"
"15878","BECv10","SWBvks","SWBvks/00","D0"
"15879","BECv10","SWBvks","SWBvks/00","C7"
"15880","BECv10","SWBvks","SWBvks/00","C6"
"15881","BECv10","SWBvks","SWBvks/00","C5"
"15882","BECv10","SWBvks","SWBvks/00","C4"
"15883","BECv10","SWBvks","SWBvks/00","C3"
"15884","BECv10","SWBvks","SWBvks/00","C2"
"15885","BECv10","SWBvks","SWBvks/00","C1"
"15886","BECv10","SWBvks","SWBvks/00","C0"
"15887","BECv10","SWBvks","SWBvks/00","B7"
"15888","BECv10","SWBvks","SWBvks/00","B6"
"15889","BECv10","SWBvks","SWBvks/00","B5"
"15890","BECv10","SWBvks","SWBvks/00","B4"
"15891","BECv10","SWBvks","SWBvks/00","B3"
"15892","BECv10","SWBvks","SWBvks/00","B2"
"15893","BECv10","SWBvks","SWBvks/00","B1"
"15894","BECv10","SWBvks","SWBvks/00","B0"
"15895","BECv10","SWBvks","SWBvks/00","A7"
"15896","BECv10","SWBvks","SWBvks/00","A6"
"15897","BECv10","SWBvks","SWBvks/00","A5"
"15898","BECv10","SWBvks","SWBvks/00","A4"
"15899","BECv10","SWBvks","SWBvks/00","A3"
"15900","BECv10","SWBvks","SWBvks/00","A2"
"15901","BECv10","SWBvks","SWBvks/00","A1"
"15902","BECv10","SWBvks","SWBvks/00","A0"
"15903","USA_2019","WJPxm_OR","WJPxm_OR/101","D4"
"15904","USA_2019","WJPxm_OR","WJPxm_OR/101","D3"
"15905","USA_2019","WJPxm_OR","WJPxm_OR/101","C4"
"15906","USA_2019","WJPxm_OR","WJPxm_OR/101","C3"
"15907","USA_2019","WJPxm_OR","WJPxm_OR/101","B4"
"15908","USA_2019","WJPxm_OR","WJPxm_OR/101","B3"
"15909","USA_2019","WJPxm_OR","WJPxm_OR/103","D2"
"15910","USA_2019","WJPxm_OR","WJPxm_OR/103","C2"
"15911","USA_2019","WJPxm_OR","WJPxm_OR/103","B2"
"15912","USA_2019","WJPxm_OR","WJPxm_OR/103","A2"
"15913","USA_2019","WJPxm_OR","WJPxm_OR/110","E5"
"15914","USA_2019","WJPxm_OR","WJPxm_OR/110","D5"
"15915","USA_2019","WJPxm_OR","WJPxm_OR/110","C5"
"15916","USA_2019","WJPxm_OR","WJPxm_OR/110","B5"
"15917","USA_2019","WJPxm_OR","WJPxm_OR/111","E6"
"15918","USA_2019","WJPxm_OR","WJPxm_OR/111","D6"
"15919","USA_2019","WJPxm_OR","WJPxm_OR/111","C6"
"15920","USA_2019","WJPxm_OR","WJPxm_OR/111","B6"
"15921","USA_2019","WJPxm_OR","WJPxm_OR/Gg","D1"
"15922","USA_2019","WJPxm_OR","WJPxm_OR/Gg","C1"
"15923","USA_2019","WJPxm_OR","WJPxm_OR/Gg","B1"
"15924","USA_2019","WJPxm_OR","WJPxm_OR/Gg","A1"
"15925","Add_2021","WJPxm_OR","WJPxm_OR/Ro","A0"
"15926","Add_2021","WJPxm_OR","WJPxm_OR/Ro","B0"
"15927","Add_2026","CRFmh_CA","CRFmh_CA/101","B3"
"15928","Add_2026","CRFmh_CA","CRFmh_CA/101","B4"
"15929","Add_2026","CRFmh_CA","CRFmh_CA/101","C3"
"15930","Add_2026","CRFmh_CA","CRFmh_CA/101","C4"
"15931","Add_2026","CRFmh_CA","CRFmh_CA/101","D3"
"15932","Add_2026","CRFmh_CA","CRFmh_CA/101","D4"
"15933","Add_2026","CRFmh_CA","CRFmh_CA/102","A1"
"15934","Add_2026","CRFmh_CA","CRFmh_CA/102","B1"
"15935","Add_2026","CRFmh_CA","CRFmh_CA/102","C1"
"15936","Add_2026","CRFmh_CA","CRFmh_CA/102","D1"
"15937","Add_2026","CRFmh_CA","CRFmh_CA/103","A2"
"15938","Add_2026","CRFmh_CA","CRFmh_CA/103","B2"
"15939","Add_2026","CRFmh_CA","CRFmh_CA/103","C2"
"15940","Add_2026","CRFmh_CA","CRFmh_CA/103","D2"
"15941","Add_2026","CRFmh_CA","CRFmh_CA/110","B5"
"15942","Add_2026","CRFmh_CA","CRFmh_CA/110","C5"
"15943","Add_2026","CRFmh_CA","CRFmh_CA/110","D5"
"15944","Add_2026","CRFmh_CA","CRFmh_CA/110","E5"
"15945","Add_2026","CRFmh_CA","CRFmh_CA/111","B6"
"15946","Add_2026","CRFmh_CA","CRFmh_CA/111","C6"
"15947","Add_2026","CRFmh_CA","CRFmh_CA/111","D6"
"15948","Add_2026","CRFmh_CA","CRFmh_CA/111","E6"
"15949","Add_2026","CRFmh_CA","CRFmh_CA/Ro","A0"
"15950","Add_2026","CRFmh_CA","CRFmh_CA/Ro","B0"
"15951","USA_2026","FGff","FGff/112","B5"
"15952","USA_2026","FGff","FGff/113","B6"
"15953","USA_2026","FGff","FGff/112","C5"
"15954","USA_2026","FGff","FGff/113","C6"
"15955","USA_2026","FGff","FGff/112","D5"
"15956","USA_2026","FGff","FGff/113","D6"
"15957","USA_2026","FGff","FGff/112","E5"
"15958","USA_2026","FGff","FGff/113","E6"
"15959","USA_2026","MDCHun_NV","MDCHun_NV/111","B6"
"15960","USA_2026","MDCHun_NV","MDCHun_NV/111","C6"
"15961","USA_2026","MDCHun_NV","MDCHun_NV/111","D6"
"15962","USA_2026","MDCHun_NV","MDCHun_NV/111","E6"
"15963","USA_2026","MSSDun_NV","MSSDun_NV/101","B3"
"15964","USA_2026","MSSDun_NV","MSSDun_NV/101","B4"
"15965","USA_2026","MSSDun_NV","MSSDun_NV/101","C3"
"15966","USA_2026","MSSDun_NV","MSSDun_NV/101","C4"
"15967","USA_2026","MSSDun_NV","MSSDun_NV/101","D3"
"15968","USA_2026","MSSDun_NV","MSSDun_NV/101","D4"
"15969","USA_2026","OWdm_CA","OWdm_CA/101","B3"
"15970","USA_2026","OWdm_CA","OWdm_CA/101","B4"
"15971","USA_2026","OWdm_CA","OWdm_CA/101","C3"
"15972","USA_2026","OWdm_CA","OWdm_CA/101","C4"
"15973","USA_2026","OWdm_CA","OWdm_CA/101","D3"
"15974","USA_2026","OWdm_CA","OWdm_CA/101","D4"
"15975","USA_2026","OWdm_CA","OWdm_CA/102","A1"
"15976","USA_2026","OWdm_CA","OWdm_CA/102","B1"
"15977","USA_2026","OWdm_CA","OWdm_CA/102","C1"
"15978","USA_2026","OWdm_CA","OWdm_CA/102","D1"
"15979","USA_2026","OWdm_CA","OWdm_CA/103","A2"
"15980","USA_2026","OWdm_CA","OWdm_CA/103","B2"
"15981","USA_2026","OWdm_CA","OWdm_CA/103","C2"
"15982","USA_2026","OWdm_CA","OWdm_CA/103","D2"
"15983","USA_2026","OWdm_CA","OWdm_CA/110","B5"
"15984","USA_2026","OWdm_CA","OWdm_CA/110","C5"
"15985","USA_2026","OWdm_CA","OWdm_CA/110","D5"
"15986","USA_2026","OWdm_CA","OWdm_CA/110","E5"
"15987","USA_2026","OWdm_CA","OWdm_CA/111","B6"
"15988","USA_2026","OWdm_CA","OWdm_CA/111","C6"
"15989","USA_2026","OWdm_CA","OWdm_CA/111","D6"
"15990","USA_2026","OWdm_CA","OWdm_CA/111","E6"
"15991","USA_2026","OWdm_CA","OWdm_CA/Ro","A0"
"15992","USA_2026","OWdm_CA","OWdm_CA/Ro","B0"
"15993","USA_2026","OWmm_OR","OWmm_OR/101","B3"
"15994","USA_2026","OWmm_OR","OWmm_OR/101","B4"
"15995","USA_2026","OWmm_OR","OWmm_OR/101","C3"
"15996","USA_2026","OWmm_OR","OWmm_OR/101","C4"
"15997","USA_2026","OWmm_OR","OWmm_OR/101","D3"
"15998","USA_2026","OWmm_OR","OWmm_OR/101","D4"
"15999","USA_2026","OWmm_OR","OWmm_OR/102","A1"
"16000","USA_2026","OWmm_OR","OWmm_OR/102","B1"
"16001","USA_2026","OWmm_OR","OWmm_OR/102","C1"
"16002","USA_2026","OWmm_OR","OWmm_OR/102","D1"
"16003","USA_2026","OWmm_OR","OWmm_OR/103","A2"
"16004","USA_2026","OWmm_OR","OWmm_OR/103","B2"
"16005","USA_2026","OWmm_OR","OWmm_OR/103","C2"
"16006","USA_2026","OWmm_OR","OWmm_OR/103","D2"
"16007","USA_2026","OWmm_OR","OWmm_OR/110","B5"
"16008","USA_2026","OWmm_OR","OWmm_OR/110","C5"
"16009","USA_2026","OWmm_OR","OWmm_OR/110","D5"
"16010","USA_2026","OWmm_OR","OWmm_OR/110","E5"
"16011","USA_2026","OWmm_OR","OWmm_OR/111","B6"
"16012","USA_2026","OWmm_OR","OWmm_OR/111","C6"
"16013","USA_2026","OWmm_OR","OWmm_OR/111","D6"
"16014","USA_2026","OWmm_OR","OWmm_OR/111","E6"
"16015","USA_2026","OWmm_OR","OWmm_OR/Ro","A0"
"16016","USA_2026","OWmm_OR","OWmm_OR/Ro","B0"
"16017","USA_2026","OWwm_OR","OWwm_OR/101","B3"
"16018","USA_2026","OWwm_OR","OWwm_OR/101","B4"
"16019","USA_2026","OWwm_OR","OWwm_OR/101","C3"
"16020","USA_2026","OWwm_OR","OWwm_OR/101","C4"
"16021","USA_2026","OWwm_OR","OWwm_OR/101","D3"
"16022","USA_2026","OWwm_OR","OWwm_OR/101","D4"
"16023","USA_2026","OWwm_OR","OWwm_OR/102","A1"
"16024","USA_2026","OWwm_OR","OWwm_OR/102","B1"
"16025","USA_2026","OWwm_OR","OWwm_OR/102","C1"
"16026","USA_2026","OWwm_OR","OWwm_OR/102","D1"
"16027","USA_2026","OWwm_OR","OWwm_OR/103","A2"
"16028","USA_2026","OWwm_OR","OWwm_OR/103","B2"
"16029","USA_2026","OWwm_OR","OWwm_OR/103","C2"
"16030","USA_2026","OWwm_OR","OWwm_OR/103","D2"
"16031","USA_2026","OWwm_OR","OWwm_OR/110","B5"
"16032","USA_2026","OWwm_OR","OWwm_OR/110","C5"
"16033","USA_2026","OWwm_OR","OWwm_OR/110","D5"
"16034","USA_2026","OWwm_OR","OWwm_OR/110","E5"
"16035","USA_2026","OWwm_OR","OWwm_OR/111","B6"
"16036","USA_2026","OWwm_OR","OWwm_OR/111","C6"
"16037","USA_2026","OWwm_OR","OWwm_OR/111","D6"
"16038","USA_2026","OWwm_OR","OWwm_OR/111","E6"
"16039","USA_2026","OWwm_OR","OWwm_OR/Ro","A0"
"16040","USA_2026","OWwm_OR","OWwm_OR/Ro","B0"
"16041","USA_2026","OWxm_CA","OWxm_CA/101","B3"
"16042","USA_2026","OWxm_CA","OWxm_CA/101","B4"
"16043","USA_2026","OWxm_CA","OWxm_CA/101","C3"
"16044","USA_2026","OWxm_CA","OWxm_CA/101","C4"
"16045","USA_2026","OWxm_CA","OWxm_CA/101","D3"
"16046","USA_2026","OWxm_CA","OWxm_CA/101","D4"
"16047","USA_2026","OWxm_CA","OWxm_CA/102","A1"
"16048","USA_2026","OWxm_CA","OWxm_CA/102","B1"
"16049","USA_2026","OWxm_CA","OWxm_CA/102","C1"
"16050","USA_2026","OWxm_CA","OWxm_CA/102","D1"
"16051","USA_2026","OWxm_CA","OWxm_CA/103","A2"
"16052","USA_2026","OWxm_CA","OWxm_CA/103","B2"
"16053","USA_2026","OWxm_CA","OWxm_CA/103","C2"
"16054","USA_2026","OWxm_CA","OWxm_CA/103","D2"
"16055","USA_2026","OWxm_CA","OWxm_CA/110","B5"
"16056","USA_2026","OWxm_CA","OWxm_CA/110","C5"
"16057","USA_2026","OWxm_CA","OWxm_CA/110","D5"
"16058","USA_2026","OWxm_CA","OWxm_CA/110","E5"
"16059","USA_2026","OWxm_CA","OWxm_CA/111","B6"
"16060","USA_2026","OWxm_CA","OWxm_CA/111","C6"
"16061","USA_2026","OWxm_CA","OWxm_CA/111","D6"
"16062","USA_2026","OWxm_CA","OWxm_CA/111","E6"
"16063","USA_2026","OWxm_CA","OWxm_CA/Ro","A0"
"16064","USA_2026","OWxm_CA","OWxm_CA/Ro","B0"
"16065","USA_2026","PPJWmw_UT","PPJWmw_UT/101","B3"
"16066","USA_2026","PPJWmw_UT","PPJWmw_UT/101","B4"
"16067","USA_2026","PPJWmw_UT","PPJWmw_UT/101","C3"
"16068","USA_2026","PPJWmw_UT","PPJWmw_UT/101","C4"
"16069","USA_2026","PPJWmw_UT","PPJWmw_UT/101","D3"
"16070","USA_2026","PPJWmw_UT","PPJWmw_UT/101","D4"
"16071","USA_2026","PPJWmw_UT","PPJWmw_UT/103","A2"
"16072","USA_2026","PPJWmw_UT","PPJWmw_UT/103","B2"
"16073","USA_2026","PPJWmw_UT","PPJWmw_UT/103","C2"
"16074","USA_2026","PPJWmw_UT","PPJWmw_UT/103","D2"
"16075","USA_2026","PPJWmw_UT","PPJWmw_UT/110","B5"
"16076","USA_2026","PPJWmw_UT","PPJWmw_UT/110","C5"
"16077","USA_2026","PPJWmw_UT","PPJWmw_UT/110","D5"
"16078","USA_2026","PPJWmw_UT","PPJWmw_UT/110","E5"
"16079","USA_2026","PPJWmw_UT","PPJWmw_UT/111","B6"
"16080","USA_2026","PPJWmw_UT","PPJWmw_UT/111","C6"
"16081","USA_2026","PPJWmw_UT","PPJWmw_UT/111","D6"
"16082","USA_2026","PPJWmw_UT","PPJWmw_UT/111","E6"
"16083","USA_2026","PPJWmw_UT","PPJWmw_UT/Gg","A1"
"16084","USA_2026","PPJWmw_UT","PPJWmw_UT/Gg","B1"
"16085","USA_2026","PPJWmw_UT","PPJWmw_UT/Gg","C1"
"16086","USA_2026","PPJWmw_UT","PPJWmw_UT/Gg","D1"
"16087","USA_2026","PPJWmw_UT","PPJWmw_UT/Ro","A0"
"16088","USA_2026","PPJWmw_UT","PPJWmw_UT/Ro","B0"
"16089","USA_2026","MMMdk_NV","MMMdk_NV/110","B5"
"16090","USA_2026","MMMdk_NV","MMMdk_NV/110","C5"
"16091","USA_2026","MMMdk_NV","MMMdk_NV/110","D5"
"16092","USA_2026","MMMdk_NV","MMMdk_NV/110","E5"
"16093","USA_2026","MMMdk_NV","MMMdk_NV/111","B6"
"16094","USA_2026","MMMdk_NV","MMMdk_NV/111","C6"
"16095","USA_2026","MMMdk_NV","MMMdk_NV/111","D6"
"16096","USA_2026","MMMdk_NV","MMMdk_NV/111","E6"
"16097","USA_2026","MMMdk_NV","MMMdk_NV/102","A1"
"16098","USA_2026","MMMdk_NV","MMMdk_NV/103","A2"
"16099","USA_2026","MMMdk_NV","MMMdk_NV/102","B1"
"16100","USA_2026","MMMdk_NV","MMMdk_NV/103","B2"
"16101","USA_2026","MMMdk_NV","MMMdk_NV/102","C1"
"16102","USA_2026","MMMdk_NV","MMMdk_NV/103","C2"
"16103","USA_2026","MMMdk_NV","MMMdk_NV/102","D1"
"16104","USA_2026","MMMdk_NV","MMMdk_NV/103","D2"
"16105","USA_2026","MMMdk_NV","MMMdk_NV/101","B3"
"16106","USA_2026","MMMdk_NV","MMMdk_NV/101","B4"
"16107","USA_2026","MMMdk_NV","MMMdk_NV/101","C3"
"16108","USA_2026","MMMdk_NV","MMMdk_NV/101","C4"
"16109","USA_2026","MMMdk_NV","MMMdk_NV/101","D3"
"16110","USA_2026","MMMdk_NV","MMMdk_NV/101","D4"
"16111","USA_2026","MMMdk_NV","MMMdk_NV/Ro","A0"
"16112","USA_2026","MMMdk_NV","MMMdk_NV/Ro","B0"
"16113","USA_2026","BGxxx_WY","BGxxx_WY/110","B5"
"16114","USA_2026","BGxxx_WY","BGxxx_WY/110","C5"
"16115","USA_2026","BGxxx_WY","BGxxx_WY/110","D5"
"16116","USA_2026","BGxxx_WY","BGxxx_WY/110","E5"
"16117","USA_2026","BGxxx_WY","BGxxx_WY/111","B6"
"16118","USA_2026","BGxxx_WY","BGxxx_WY/111","C6"
"16119","USA_2026","BGxxx_WY","BGxxx_WY/111","D6"
"16120","USA_2026","BGxxx_WY","BGxxx_WY/111","E6"
"16121","USA_2026","BGxxx_WY","BGxxx_WY/Gg1","A1"
"16122","USA_2026","BGxxx_WY","BGxxx_WY/Gg1","A2"
"16123","USA_2026","BGxxx_WY","BGxxx_WY/Gg1","B1"
"16124","USA_2026","BGxxx_WY","BGxxx_WY/Gg1","B2"
"16125","USA_2026","BGxxx_WY","BGxxx_WY/Gg1","C1"
"16126","USA_2026","BGxxx_WY","BGxxx_WY/Gg1","C2"
"16127","USA_2026","BGxxx_WY","BGxxx_WY/Gg1","D1"
"16128","USA_2026","BGxxx_WY","BGxxx_WY/Gg1","D2"
"16129","USA_2026","BGxxx_WY","BGxxx_WY/Gg2","B3"
"16130","USA_2026","BGxxx_WY","BGxxx_WY/Gg2","B4"
"16131","USA_2026","BGxxx_WY","BGxxx_WY/Gg2","C3"
"16132","USA_2026","BGxxx_WY","BGxxx_WY/Gg2","C4"
"16133","USA_2026","BGxxx_WY","BGxxx_WY/Gg2","D3"
"16134","USA_2026","BGxxx_WY","BGxxx_WY/Gg2","D4"
"16135","USA_2026","BGxxx_WY","BGxxx_WY/Ro","A0"
"16136","USA_2026","BGxxx_WY","BGxxx_WY/Ro","B0"
"16137","USA_2019","PPJWdm_WY","PPJWdm_WY/101","B3"
"16138","USA_2019","PPJWdm_WY","PPJWdm_WY/101","B4"
"16139","USA_2019","PPJWdm_WY","PPJWdm_WY/101","C3"
"16140","USA_2019","PPJWdm_WY","PPJWdm_WY/101","C4"
"16141","USA_2019","PPJWdm_WY","PPJWdm_WY/101","D3"
"16142","USA_2019","PPJWdm_WY","PPJWdm_WY/101","D4"
"16143","USA_2019","PPJWdm_WY","PPJWdm_WY/110","B5"
"16144","USA_2019","PPJWdm_WY","PPJWdm_WY/110","C5"
"16145","USA_2019","PPJWdm_WY","PPJWdm_WY/110","D5"
"16146","USA_2019","PPJWdm_WY","PPJWdm_WY/110","E5"
"16147","USA_2019","PPJWdm_WY","PPJWdm_WY/111","B6"
"16148","USA_2019","PPJWdm_WY","PPJWdm_WY/111","C6"
"16149","USA_2019","PPJWdm_WY","PPJWdm_WY/113","D6"
"16150","USA_2019","PPJWdm_WY","PPJWdm_WY/113","E6"
"16151","USA_2019","PPJWdm_WY","PPJWdm_WY/Gg","A1"
"16152","USA_2019","PPJWdm_WY","PPJWdm_WY/Gg","A2"
"16153","USA_2019","PPJWdm_WY","PPJWdm_WY/Gg","B1"
"16154","USA_2019","PPJWdm_WY","PPJWdm_WY/Gg","B2"
"16155","USA_2019","PPJWdm_WY","PPJWdm_WY/Gg","C1"
"16156","USA_2019","PPJWdm_WY","PPJWdm_WY/Gg","C2"
"16157","USA_2019","PPJWdm_WY","PPJWdm_WY/Gg","D1"
"16158","USA_2019","PPJWdm_WY","PPJWdm_WY/Gg","D2"
"16159","Add_2021","PPJWdm_WY","PPJWdm_WY/Ro","A0"
"16160","Add_2021","PPJWdm_WY","PPJWdm_WY/Ro","B0"
"16161","USA_2019","PPJWdw_UT","PPJWdw_UT/101","B3"
"16162","USA_2019","PPJWdw_UT","PPJWdw_UT/101","B4"
"16163","USA_2019","PPJWdw_UT","PPJWdw_UT/101","C3"
"16164","USA_2019","PPJWdw_UT","PPJWdw_UT/101","C4"
"16165","USA_2019","PPJWdw_UT","PPJWdw_UT/101","D3"
"16166","USA_2019","PPJWdw_UT","PPJWdw_UT/101","D4"
"16167","USA_2019","PPJWdw_UT","PPJWdw_UT/103","A2"
"16168","USA_2019","PPJWdw_UT","PPJWdw_UT/103","B2"
"16169","USA_2019","PPJWdw_UT","PPJWdw_UT/103","C2"
"16170","USA_2019","PPJWdw_UT","PPJWdw_UT/103","D2"
"16171","USA_2019","PPJWdw_UT","PPJWdw_UT/110","B5"
"16172","USA_2019","PPJWdw_UT","PPJWdw_UT/110","C5"
"16173","USA_2019","PPJWdw_UT","PPJWdw_UT/110","D5"
"16174","USA_2019","PPJWdw_UT","PPJWdw_UT/110","E5"
"16175","USA_2019","PPJWdw_UT","PPJWdw_UT/111","B6"
"16176","USA_2019","PPJWdw_UT","PPJWdw_UT/111","C6"
"16177","USA_2019","PPJWdw_UT","PPJWdw_UT/113","D6"
"16178","USA_2019","PPJWdw_UT","PPJWdw_UT/113","E6"
"16179","USA_2019","PPJWdw_UT","PPJWdw_UT/Gg","A1"
"16180","USA_2019","PPJWdw_UT","PPJWdw_UT/Gg","B1"
"16181","USA_2019","PPJWdw_UT","PPJWdw_UT/Gg","C1"
"16182","USA_2019","PPJWdw_UT","PPJWdw_UT/Gg","D1"
"16183","Add_2021","PPJWdw_UT","PPJWdw_UT/Ro","A0"
"16184","Add_2021","PPJWdw_UT","PPJWdw_UT/Ro","B0"
"16185","USA_2019","PPJWwm_CO","PPJWwm_CO/101","B3"
"16186","USA_2019","PPJWwm_CO","PPJWwm_CO/101","B4"
"16187","USA_2019","PPJWwm_CO","PPJWwm_CO/101","C3"
"16188","USA_2019","PPJWwm_CO","PPJWwm_CO/101","C4"
"16189","USA_2019","PPJWwm_CO","PPJWwm_CO/101","D3"
"16190","USA_2019","PPJWwm_CO","PPJWwm_CO/101","D4"
"16191","USA_2019","PPJWwm_CO","PPJWwm_CO/103","A2"
"16192","USA_2019","PPJWwm_CO","PPJWwm_CO/103","B2"
"16193","USA_2019","PPJWwm_CO","PPJWwm_CO/103","C2"
"16194","USA_2019","PPJWwm_CO","PPJWwm_CO/103","D2"
"16195","USA_2019","PPJWwm_CO","PPJWwm_CO/110","B5"
"16196","USA_2019","PPJWwm_CO","PPJWwm_CO/110","C5"
"16197","USA_2019","PPJWwm_CO","PPJWwm_CO/110","D5"
"16198","USA_2019","PPJWwm_CO","PPJWwm_CO/110","E5"
"16199","USA_2019","PPJWwm_CO","PPJWwm_CO/111","B6"
"16200","USA_2019","PPJWwm_CO","PPJWwm_CO/111","C6"
"16201","USA_2019","PPJWwm_CO","PPJWwm_CO/113","D6"
"16202","USA_2019","PPJWwm_CO","PPJWwm_CO/113","E6"
"16203","USA_2019","PPJWwm_CO","PPJWwm_CO/Gg","A1"
"16204","USA_2019","PPJWwm_CO","PPJWwm_CO/Gg","B1"
"16205","USA_2019","PPJWwm_CO","PPJWwm_CO/Gg","C1"
"16206","USA_2019","PPJWwm_CO","PPJWwm_CO/Gg","D1"
"16207","Add_2021","PPJWwm_CO","PPJWwm_CO/Ro","A0"
"16208","Add_2021","PPJWwm_CO","PPJWwm_CO/Ro","B0"
"16209","USA_2019","PPJWxh_CA","PPJWxh_CA/101","B3"
"16210","USA_2019","PPJWxh_CA","PPJWxh_CA/101","B4"
"16211","USA_2019","PPJWxh_CA","PPJWxh_CA/101","C3"
"16212","USA_2019","PPJWxh_CA","PPJWxh_CA/101","C4"
"16213","USA_2019","PPJWxh_CA","PPJWxh_CA/101","D3"
"16214","USA_2019","PPJWxh_CA","PPJWxh_CA/101","D4"
"16215","USA_2019","PPJWxh_CA","PPJWxh_CA/103","A2"
"16216","USA_2019","PPJWxh_CA","PPJWxh_CA/103","B2"
"16217","USA_2019","PPJWxh_CA","PPJWxh_CA/103","C2"
"16218","USA_2019","PPJWxh_CA","PPJWxh_CA/103","D2"
"16219","USA_2019","PPJWxh_CA","PPJWxh_CA/110","B5"
"16220","USA_2019","PPJWxh_CA","PPJWxh_CA/110","C5"
"16221","USA_2019","PPJWxh_CA","PPJWxh_CA/110","D5"
"16222","USA_2019","PPJWxh_CA","PPJWxh_CA/110","E5"
"16223","USA_2019","PPJWxh_CA","PPJWxh_CA/111","B6"
"16224","USA_2019","PPJWxh_CA","PPJWxh_CA/111","C6"
"16225","USA_2019","PPJWxh_CA","PPJWxh_CA/111","D6"
"16226","USA_2019","PPJWxh_CA","PPJWxh_CA/111","E6"
"16227","USA_2019","PPJWxh_CA","PPJWxh_CA/Gg","A1"
"16228","USA_2019","PPJWxh_CA","PPJWxh_CA/Gg","B1"
"16229","USA_2019","PPJWxh_CA","PPJWxh_CA/Gg","C1"
"16230","USA_2019","PPJWxh_CA","PPJWxh_CA/Gg","D1"
"16231","Add_2021","PPJWxh_CA","PPJWxh_CA/Ro","A0"
"16232","Add_2021","PPJWxh_CA","PPJWxh_CA/Ro","B0"
"16233","USA_2019","PPJWxw_NV","PPJWxw_NV/101","B3"
"16234","USA_2019","PPJWxw_NV","PPJWxw_NV/101","B4"
"16235","USA_2019","PPJWxw_NV","PPJWxw_NV/101","C3"
"16236","USA_2019","PPJWxw_NV","PPJWxw_NV/101","C4"
"16237","USA_2019","PPJWxw_NV","PPJWxw_NV/101","D3"
"16238","USA_2019","PPJWxw_NV","PPJWxw_NV/101","D4"
"16239","USA_2019","PPJWxw_NV","PPJWxw_NV/103","A2"
"16240","USA_2019","PPJWxw_NV","PPJWxw_NV/103","B2"
"16241","USA_2019","PPJWxw_NV","PPJWxw_NV/103","C2"
"16242","USA_2019","PPJWxw_NV","PPJWxw_NV/103","D2"
"16243","USA_2019","PPJWxw_NV","PPJWxw_NV/110","B5"
"16244","USA_2019","PPJWxw_NV","PPJWxw_NV/110","C5"
"16245","USA_2019","PPJWxw_NV","PPJWxw_NV/110","D5"
"16246","USA_2019","PPJWxw_NV","PPJWxw_NV/110","E5"
"16247","USA_2019","PPJWxw_NV","PPJWxw_NV/111","B6"
"16248","USA_2019","PPJWxw_NV","PPJWxw_NV/111","C6"
"16249","USA_2019","PPJWxw_NV","PPJWxw_NV/113","D6"
"16250","USA_2019","PPJWxw_NV","PPJWxw_NV/113","E6"
"16251","USA_2019","PPJWxw_NV","PPJWxw_NV/Gg","A1"
"16252","USA_2019","PPJWxw_NV","PPJWxw_NV/Gg","B1"
"16253","USA_2019","PPJWxw_NV","PPJWxw_NV/Gg","C1"
"16254","USA_2019","PPJWxw_NV","PPJWxw_NV/Gg","D1"
"16255","Add_2021","PPJWxw_NV","PPJWxw_NV/Ro","A0"
"16256","Add_2021","PPJWxw_NV","PPJWxw_NV/Ro","B0"
