"","SS_NoSpace","SiteSeriesLongName","SpecialCode","Special"
"1","BGxh1/101","Big sagebrush – Bluebunch wheatgrass",NA,NA
"2","BGxh1/101$2.1","Bluebunch wheatgrass – Sagewort – Sandberg's bluegrass",NA,NA
"3","BGxh1/101$2.2","Needle-and-thread grass – Cheatgrass",NA,NA
"4","BGxh1/101$3.1","Big sagebrush – Needle-and-thread grass",NA,NA
"5","BGxh1/102","Py – Antelope-brush – Three-awn",NA,NA
"6","BGxh1/103","Py(Fd) – Bluebunch wheatgrass – Selaginella",NA,NA
"7","BGxh1/110","Py – Sumac – Mock-orange",NA,NA
"8","BGxh1/Ff01","Water birch – Red-osier dogwood – Rose","Ff","fringe fluvial "
"9","BGxh1/Ff01a","Water birch – Red-osier dogwood – Rose; Fringe phase","Ff","fringe fluvial "
"10","BGxh1/Ff01b","Water birch – Red-osier dogwood – Rose; Grassland draw phase","Ff","fringe fluvial "
"11","BGxh1/Ff04","Aspen – Snowberry – Roses","Ff","fringe fluvial "
"12","BGxh1/Ff05","Aspen – Dogwood – Nootka rose","Ff","fringe fluvial "
"13","BGxh1/Fl07","Water birch – Rose","Fl","low fluvial bench"
"14","BGxh1/Fm01","Cottonwood – Snowberry – Rose","Fm","mid fluvial bench"
"15","BGxh1/Fm05","Cottonwood – Douglas-fir – Douglas' maple – Snowberry","Fm","mid fluvial bench"
"16","BGxh1/Fm06","Cottonwood – Poison ivy – Rose","Fm","mid fluvial bench"
"17","BGxh1/Ga01","Saltgrass","Ga","alkaline meadow"
"18","BGxh1/Ga01.1","Saltgrass","Ga","alkaline meadow"
"19","BGxh1/Ga05","Giant wildrye","Ga","alkaline meadow"
"20","BGxh1/Gb05","Sumac – Bluebunch wheatgrass","Gb","brushland"
"21","BGxh1/Gg11","Idaho fescue – Bluebunch wheatgrass – Junegrass","Gg","grassland "
"22","BGxh1/Gg11$2.1","Bluebunch wheatgrass – Junegrass – Sandberg's bluegrass","Gg","grassland "
"23","BGxh1/Gg11$2.4","Needle-and-thread grass – Cheatgrass","Gg","grassland "
"24","BGxh1/Gg13","Idaho fescue – Silky lupine","Gg","grassland "
"25","BGxh1/Gg13$2.2","Bluebunch wheatgrass – Junegrass – Sandberg's bluegrass","Gg","grassland "
"26","BGxh1/Gg13$2.4","Kentucky bluegrass – Yarrow","Gg","grassland "
"27","BGxh1/Gg13$3.1","Big sagebrush – Kentucky bluegrass","Gg","grassland "
"28","BGxh1/Gg26","Red three-awn – Needle-and-thread grass","Gg","grassland "
"29","BGxh1/Gs01","Big sagebrush – Bluebunch wheatgrass","Gs","shrub-steppe"
"30","BGxh1/Gs01$2.1","Bluebunch wheatgrass – Sagewort – Sandberg's bluegrass","Gs","shrub-steppe"
"31","BGxh1/Gs01$2.2","Needle-and-thread grass – Cheatgrass","Gs","shrub-steppe"
"32","BGxh1/Gs01$3.1","Big sagebrush – Needle-and-thread grass","Gs","shrub-steppe"
"33","BGxh1/Gs10","Antelope-brush – Bluebunch wheatgrass","Gs","shrub-steppe"
"34","BGxh1/Gs10$2.1","Sand dropseed – Cheatgrass – Sandberg's bluegrass","Gs","shrub-steppe"
"35","BGxh1/Gs10$3.1","Antelope-brush – Cheatgrass – Needle-and-thread grass","Gs","shrub-steppe"
"36","BGxh1/Gs11","Antelope-brush – Bluebunch wheatgrass – Red three-awn","Gs","shrub-steppe"
"37","BGxh1/Gs11$2.1","Sand dropseed – Needle-and-thread grass","Gs","shrub-steppe"
"38","BGxh1/Ro01","Selaginella – Bluebunch wheatgrass – Screw moss","Ro","rocky outcrop"
"39","BGxh1/Ro01.1","Selaginella – Bluebunch wheatgrass – Screw moss","Ro","rocky outcrop"
"40","BGxh1/Ro01.2","Selaginella – Screw moss","Ro","rocky outcrop"
"41","BGxh1/Ro03","Antelope-brush – Selaginella – Bluebunch wheatgrass","Ro","rocky outcrop"
"42","BGxh1/Ro04","Big sagebrush – Selaginella – Bluebunch wheatgrass","Ro","rocky outcrop"
"43","BGxh1/Ro04.1","Big sagebrush – Selaginella – Bluebunch wheatgrass","Ro","rocky outcrop"
"44","BGxh1/Ro04.2","Rabbit-brush – Big sagebrush – Selaginella – Bluebunch wheatgrass","Ro","rocky outcrop"
"45","BGxh1/Rt05","Big sagebrush – Saskatoon – Bluebunch wheatgrass","Rt","talus"
"46","BGxh1/Rt06","Saskatoon – Mock-orange – Bluebunch wheatgrass","Rt","talus"
"47","BGxh1/Wm05","Cattail","Wm","wetland marsh"
"48","BGxh1/Wm06","Soft-stemmed bulrush","Wm","wetland marsh"
"49","BGxh1/Wm08","Three-square bulrush","Wm","wetland marsh"
"50","BGxh1/Wm11","Seacoast bulrush","Wm","wetland marsh"
"51","BGxh2/101","Big sagebrush – Bluebunch wheatgrass",NA,NA
"52","BGxh2/102","Py – Rabbit-brush – Bluebunch wheatgrass",NA,NA
"53","BGxh2/110","Fd(Py) – Snowberry – Oregon-grape",NA,NA
"54","BGxh2/Ff04","Aspen – Snowberry – Roses","Ff","fringe fluvial "
"55","BGxh2/Ff05","Aspen – Dogwood – Nootka rose","Ff","fringe fluvial "
"56","BGxh2/Fl05","Drummond's willow – Bluejoint","Fl","low fluvial bench"
"57","BGxh2/Fm01","Cottonwood – Snowberry – Rose","Fm","mid fluvial bench"
"58","BGxh2/Fm06","Cottonwood – Poison ivy – Rose","Fm","mid fluvial bench"
"59","BGxh2/Ga01","Saltgrass","Ga","alkaline meadow"
"60","BGxh2/Ga01.1","Saltgrass","Ga","alkaline meadow"
"61","BGxh2/Ga02","Nuttall's alkaligrass – Foxtail barley","Ga","alkaline meadow"
"62","BGxh2/Ga02.1","Nuttall's alkaligrass – Foxtail barley","Ga","alkaline meadow"
"63","BGxh2/Ga02.2","Foxtail barley – Nuttall's alkaligrass","Ga","alkaline meadow"
"64","BGxh2/Ga05","Giant wildrye","Ga","alkaline meadow"
"65","BGxh2/Ga06","Seablite","Ga","alkaline meadow"
"66","BGxh2/Gb02","Saskatoon – Snowberry – Bluebunch wheatgrass","Gb","brushland"
"67","BGxh2/Gg03","Bluebunch wheatgrass – Selaginella","Gg","grassland "
"68","BGxh2/Gg10","Rough fescue – Bluebunch wheatgrass","Gg","grassland "
"69","BGxh2/Gg10$2.1","Bluebunch wheatgrass – Junegrass – Sandberg's bluegrass","Gg","grassland "
"70","BGxh2/Gg10$3.1","Big sagebrush – Bluebunch wheatgrass – Rough fescue","Gg","grassland "
"71","BGxh2/Gg12","Rough fescue – Yarrow – Three-flowered avens","Gg","grassland "
"72","BGxh2/Gg12$2.1","Rough fescue – Bluebunch wheatgrass – Yellow salsify","Gg","grassland "
"73","BGxh2/Gg12$2.2","Spreading needlegrass – Rough fescue – Kentucky bluegrass","Gg","grassland "
"74","BGxh2/Gg12$2.3","Spreading needlegrass – Columbia needlegrass","Gg","grassland "
"75","BGxh2/Gg12$2.5","Kentucky bluegrass – Yarrow","Gg","grassland "
"76","BGxh2/Gg12.1","Rough fescue – Yarrow – Three-flowered avens","Gg","grassland "
"77","BGxh2/Gg25","Sand dropseed – Needle-and-thread grass","Gg","grassland "
"78","BGxh2/Gg28","Sand needlegrass – Sand dropseed","Gg","grassland "
"79","BGxh2/Gs01","Big sagebrush – Bluebunch wheatgrass","Gs","shrub-steppe"
"80","BGxh2/Gs01$2.1","Bluebunch wheatgrass – Sagewort – Sandberg's bluegrass","Gs","shrub-steppe"
"81","BGxh2/Gs01$2.2","Needle-and-thread grass – Cheatgrass","Gs","shrub-steppe"
"82","BGxh2/Gs01$3.1","Big sagebrush – Needle-and-thread grass","Gs","shrub-steppe"
"83","BGxh2/Gs03","Big sagebrush – Bluebunch wheatgrass – Screw moss","Gs","shrub-steppe"
"84","BGxh2/Gs05","Rocky Mountain juniper – Big sagebrush – Bluebunch wheatgrass","Gs","shrub-steppe"
"85","BGxh2/Ro01","Selaginella – Bluebunch wheatgrass – Screw moss","Ro","rocky outcrop"
"86","BGxh2/Ro01.1","Selaginella – Bluebunch wheatgrass – Screw moss","Ro","rocky outcrop"
"87","BGxh2/Ro01.2","Selaginella – Screw moss","Ro","rocky outcrop"
"88","BGxh2/Ro04","Big sagebrush – Selaginella – Bluebunch wheatgrass","Ro","rocky outcrop"
"89","BGxh2/Ro04.1","Big sagebrush – Selaginella – Bluebunch wheatgrass","Ro","rocky outcrop"
"90","BGxh2/Ro04.2","Rabbit-brush – Big sagebrush – Selaginella – Bluebunch wheatgrass","Ro","rocky outcrop"
"91","BGxh2/Rt05","Big sagebrush – Saskatoon – Bluebunch wheatgrass","Rt","talus"
"92","BGxh2/Wm02","Water horsetail – Beaked sedge","Wm","wetland marsh"
"93","BGxh2/Wm04","Common spikerush","Wm","wetland marsh"
"94","BGxh2/Wm05","Cattail","Wm","wetland marsh"
"95","BGxh2/Wm06","Soft-stemmed bulrush","Wm","wetland marsh"
"96","BGxh2/Wm08","Three-square bulrush","Wm","wetland marsh"
"97","BGxh2/Wm11","Seacoast bulrush","Wm","wetland marsh"
"98","BGxh3/101","Big sagebrush – Bluebunch wheatgrass",NA,NA
"99","BGxh3/110","Fd – Bluebunch wheatgrass – Step moss","CAS","cold aspects"
"100","BGxh3/111","Fd – Rocky Mountain juniper – Bluebunch wheatgrass",NA,NA
"101","BGxh3/112","Act – Snowberry – Rose","Fm","mid fluvial bench"
"102","BGxh3/113","Act(Fd) – Douglas' maple – Snowberry","Fm","mid fluvial bench"
"103","BGxh3/Ff01","Water birch – Red-osier dogwood – Rose","Ff","fringe fluvial "
"104","BGxh3/Ff01a","Water birch – Red-osier dogwood – Rose; Fringe phase","Ff","fringe fluvial "
"105","BGxh3/Ff02","Snowberry – Prairie rose","Ff","fringe fluvial "
"106","BGxh3/Ff03","Water birch – Rose – Giant wildrye","Ff","fringe fluvial "
"107","BGxh3/Fl06","Sandbar willow – Scouring-rush","Fl","low fluvial bench"
"108","BGxh3/Gg03","Bluebunch wheatgrass – Selaginella","Gg","grassland "
"109","BGxh3/Gg04","Bluebunch wheatgrass – Junegrass – Pussytoes","Gg","grassland "
"110","BGxh3/Gg25","Sand dropseed – Needle-and-thread grass","Gg","grassland "
"111","BGxh3/Gg27","Needle-and-thread grass – Prairie sagewort","Gg","grassland "
"112","BGxh3/Gs02","Big sagebrush – Bluebunch wheatgrass – Sand dropseed","Gs","shrub-steppe"
"113","BGxh3/Gs02$2.1","Bluebunch wheatgrass","Gs","shrub-steppe"
"114","BGxh3/Gs02a","Big sagebrush – Bluebunch wheatgrass – Sand dropseed; Cool phase","Gs","shrub-steppe"
"115","BGxh3/Gs02b","Big sagebrush – Bluebunch wheatgrass – Sand dropseed; Warm phase","Gs","shrub-steppe"
"116","BGxh3/Gs05","Rocky Mountain juniper – Big sagebrush – Bluebunch wheatgrass","Gs","shrub-steppe"
"117","BGxh3/Ro04","Big sagebrush – Selaginella – Bluebunch wheatgrass","Ro","rocky outcrop"
"118","BGxh3/Rt04","Saskatoon – Bluebunch wheatgrass","Rt","talus"
"119","BGxh3/Rt04a","Saskatoon – Bluebunch wheatgrass; Cool  phase","Rt","talus"
"120","BGxh3/Rt04b","Saskatoon – Bluebunch wheatgrass; Warm phase","Rt","talus"
"121","BGxh3/Wm04","Common spikerush","Wm","wetland marsh"
"122","BGxh3/Wm05","Cattail","Wm","wetland marsh"
"123","BGxh3/Wm06","Soft-stemmed bulrush","Wm","wetland marsh"
"124","BGxw1/101","Bluebunch wheatgrass – Junegrass – Pussytoes",NA,NA
"125","BGxw1/101$2.1","Needle-and-thread grass – Cheatgrass",NA,NA
"126","BGxw1/101$3.1","Big sagebrush – Bluebunch wheatgrass – Sandberg's bluegrass",NA,NA
"127","BGxw1/102","Py – Rabbit-brush – Bluebunch wheatgrass",NA,NA
"128","BGxw1/110","Py(Fd) – Bluebunch wheatgrass – Rough fescue",NA,NA
"129","BGxw1/111","Fd – Snowberry – Step moss",NA,NA
"130","BGxw1/Ff02","Snowberry – Prairie Rose","Ff","fringe fluvial "
"131","BGxw1/Ff04","Aspen – Snowberry – Roses","Ff","fringe fluvial "
"132","BGxw1/Ff05","Aspen – Dogwood – Nootka rose","Ff","fringe fluvial "
"133","BGxw1/Fl05","Drummond's willow – Bluejoint","Fl","low fluvial bench"
"134","BGxw1/Fm01","Cottonwood – Snowberry – Rose","Fm","mid fluvial bench"
"135","BGxw1/Fm05","Cottonwood – Douglas-fir – Douglas' maple – Snowberry","Fm","mid fluvial bench"
"136","BGxw1/Ga01","Saltgrass","Ga","alkaline meadow"
"137","BGxw1/Ga01.1","Saltgrass","Ga","alkaline meadow"
"138","BGxw1/Ga02","Nuttall's alkaligrass – Foxtail barley","Ga","alkaline meadow"
"139","BGxw1/Ga02.1","Nuttall's alkaligrass – Foxtail barley","Ga","alkaline meadow"
"140","BGxw1/Ga02.2","Foxtail barley – Nuttall's alkaligrass","Ga","alkaline meadow"
"141","BGxw1/Ga05","Giant wildrye","Ga","alkaline meadow"
"142","BGxw1/Ga06","Seablite","Ga","alkaline meadow"
"143","BGxw1/Ga07","Red glasswort","Ga","alkaline meadow"
"144","BGxw1/Gb02","Saskatoon – Snowberry – Bluebunch wheatgrass","Gb","brushland"
"145","BGxw1/Gg01","Bluebunch wheatgrass – Prairie sagewort – Junegrass","Gg","grassland "
"146","BGxw1/Gg03","Bluebunch wheatgrass – Selaginella","Gg","grassland "
"147","BGxw1/Gg04","Bluebunch wheatgrass – Junegrass – Pussytoes","Gg","grassland "
"148","BGxw1/Gg04$2.1","Needle-and-thread grass – Cheatgrass","Gg","grassland "
"149","BGxw1/Gg04$3.1","Big sagebrush – Bluebunch wheatgrass – Sandberg's bluegrass","Gg","grassland "
"150","BGxw1/Gg10","Rough fescue – Bluebunch wheatgrass","Gg","grassland "
"151","BGxw1/Gg10$2.1","Bluebunch wheatgrass – Junegrass – Sandberg's bluegrass","Gg","grassland "
"152","BGxw1/Gg10$3.1","Big sagebrush – Bluebunch wheatgrass – Rough fescue","Gg","grassland "
"153","BGxw1/Gg12","Rough fescue – Yarrow – Three-flowered avens","Gg","grassland "
"154","BGxw1/Gg12$2.1","Rough fescue – Bluebunch wheatgrass – Yellow salsify","Gg","grassland "
"155","BGxw1/Gg12$2.2","Spreading needlegrass – Rough fescue – Kentucky bluegrass","Gg","grassland "
"156","BGxw1/Gg12$2.3","Spreading needlegrass – Columbia needlegrass","Gg","grassland "
"157","BGxw1/Gg12$2.5","Kentucky bluegrass – Yarrow","Gg","grassland "
"158","BGxw1/Gg12.1","Rough fescue – Yarrow – Three-flowered avens","Gg","grassland "
"159","BGxw1/Gg25","Sand dropseed – Needle-and-thread grass","Gg","grassland "
"160","BGxw1/Gs03","Big sagebrush – Bluebunch wheatgrass – Screw moss","Gs","shrub-steppe"
"161","BGxw1/Gs05","Rocky Mountain juniper – Big sagebrush – Bluebunch wheatgrass","Gs","shrub-steppe"
"162","BGxw1/Ro01","Selaginella – Bluebunch wheatgrass – Screw moss","Ro","rocky outcrop"
"163","BGxw1/Ro01.1","Selaginella – Bluebunch wheatgrass – Screw moss","Ro","rocky outcrop"
"164","BGxw1/Ro01.2","Selaginella – Screw moss","Ro","rocky outcrop"
"165","BGxw1/Ro04","Big sagebrush – Selaginella – Bluebunch wheatgrass","Ro","rocky outcrop"
"166","BGxw1/Ro04.1","Big sagebrush – Selaginella – Bluebunch wheatgrass","Ro","rocky outcrop"
"167","BGxw1/Ro04.2","Rabbit-brush – Big sagebrush – Selaginella – Bluebunch wheatgrass","Ro","rocky outcrop"
"168","BGxw1/Rt01","Rocktripe – Green map","Rt","talus"
"169","BGxw1/Rt04","Saskatoon – Bluebunch wheatgrass","Rt","talus"
"170","BGxw1/Rt05","Big sagebrush – Saskatoon – Bluebunch wheatgrass","Rt","talus"
"171","BGxw1/Wm02","Water horsetail – Beaked sedge","Wm","wetland marsh"
"172","BGxw1/Wm03","Awned sedge","Wm","wetland marsh"
"173","BGxw1/Wm04","Common spikerush","Wm","wetland marsh"
"174","BGxw1/Wm05","Cattail","Wm","wetland marsh"
"175","BGxw1/Wm06","Soft-stemmed bulrush","Wm","wetland marsh"
"176","BGxw1/Wm07","Baltic rush","Wm","wetland marsh"
"177","BGxw1/Wm08","Three-square bulrush","Wm","wetland marsh"
"178","BGxw1/Wm11","Seacoast bulrush","Wm","wetland marsh"
"179","BGxw1/Ws03","Bebb's willow – Bluejoint","Ws","wetland swamp"
"180","BGxw2/101","Bluebunch wheatgrass – Junegrass – Pussytoes",NA,NA
"181","BGxw2/101a","Bluebunch wheatgrass – Junegrass – Pussytoes; Typic phase",NA,NA
"182","BGxw2/101b","Bluebunch wheatgrass – Junegrass – Pussytoes; High Elevation phase",NA,NA
"183","BGxw2/101c","Bluebunch wheatgrass – Junegrass – Pussytoes; Steep Cool phase",NA,NA
"184","BGxw2/110","Fd – Rocky Mountain juniper – Bluebunch wheatgrass","CAS","cold aspects"
"185","BGxw2/111","Fd – Bluebunch wheatgrass – Step moss","CAS","cold aspects"
"186","BGxw2/112","Act – Snowberry – Rose","Fm","mid fluvial bench"
"187","BGxw2/113","Fd – Pinegrass – Feather moss",NA,NA
"188","BGxw2/114","At – Douglas' maple – Western snowberry",NA,NA
"189","BGxw2/115","At – Prairie rose – Western snowberry",NA,NA
"190","BGxw2/Ff01","Water birch – Red-osier dogwood – Rose","Ff","fringe fluvial "
"191","BGxw2/Ff01b","Water birch – Red-osier dogwood – Rose; Grassland draw phase","Ff","fringe fluvial "
"192","BGxw2/Ff02","Snowberry – Prairie rose","Ff","fringe fluvial "
"193","BGxw2/Ga01","Saltgrass","Ga","alkaline meadow"
"194","BGxw2/Ga02","Nuttall's alkaligrass – Foxtail barley","Ga","alkaline meadow"
"195","BGxw2/Ga03","Field sedge","Ga","alkaline meadow"
"196","BGxw2/Gg01","Bluebunch wheatgrass – Prairie sagewort","Gg","grassland "
"197","BGxw2/Gg22","Spreading needlegrass – Northern bedstraw","Gg","grassland "
"198","BGxw2/Gg22$2.1","Kentucky bluegrass – Dandelion","Gg","grassland "
"199","BGxw2/Gg22a","Spreading needlegrass – Northern bedstraw; Depression phase","Gg","grassland "
"200","BGxw2/Gg22b","Spreading needlegrass – Northern bedstraw; Forest Edge phase","Gg","grassland "
"201","BGxw2/Gg24","Short-awned pocupinegrass – Junegrass – Clad lichen","Gg","grassland "
"202","BGxw2/Gg27","Needle-and-thread grass – Prairie sagewort","Gg","grassland "
"203","BGxw2/Gs01","Big sagebrush – Bluebunch wheatgrass","Gs","shrub-steppe"
"204","BGxw2/Ro04","Big sagebrush – Selaginella – Bluebunch wheatgrass","Ro","rocky outcrop"
"205","BGxw2/Rt04","Saskatoon – Bluebunch wheatgrass","Rt","talus"
"206","BGxw2/Wm03","Awned sedge","Wm","wetland marsh"
"207","BGxw2/Wm04","Common spikerush","Wm","wetland marsh"
"208","BGxw2/Wm05","Cattail","Wm","wetland marsh"
"209","BGxw2/Wm06","Soft-stemmed bulrush","Wm","wetland marsh"
"210","BGxw2/Wm07","Baltic rush","Wm","wetland marsh"
"211","BGxw2/Wm09","Inflated sedge","Wm","wetland marsh"
"212","BGxw2/Wm12","Woolly sedge","Wm","wetland marsh"
"213","BWBSdk/101","Sw – Soopolallie – Step moss",NA,NA
"214","BWBSdk/101$6B.1","At – Soopolallie – High Bush-cranberry",NA,NA
"215","BWBSdk/101a","Sw – Soopolallie – Step moss; Mesic phase",NA,NA
"216","BWBSdk/101b","Sw – Soopolallie – Step moss; Subhygric phase",NA,NA
"217","BWBSdk/102","Pl – Kinnikinnick – Lingonberry",NA,NA
"218","BWBSdk/102$6B.1","At – Soopolallie – Kinnikinnick",NA,NA
"219","BWBSdk/103","SwPl – Soopolallie – Toad-flax","IN","insolation"
"220","BWBSdk/103$6B.1","At – Kinnikinnick – Fuzzy-spiked wildrye",NA,NA
"221","BWBSdk/104","Sb – Labrador tea – Step moss","CA","cold aspects - cold air"
"222","BWBSdk/104a","Sb – Labrador tea – Step moss; Freely drained phase",NA,NA
"223","BWBSdk/104b","Sw – Soopolallie – Step moss; Imperfectly drained phase",NA,NA
"224","BWBSdk/110","Sw – Currant – Horsetail","Fh","high fluvial bench"
"225","BWBSdk/110$6B.1","At – Horsetail – Step moss",NA,NA
"226","BWBSdk/111","Sw – Mountain alder – Horsetail","Fm","mid fluvial bench"
"227","BWBSdk/112","AcbSw – Mountain alder – Dogwood","Fm","mid fluvial bench"
"228","BWBSdk/Fl01","Mountain alder – Common horsetail","Fl","low fluvial bench"
"229","BWBSdk/Fl03","Pacific willow – Red-osier dogwood – Horsetail","Fl","low fluvial bench"
"230","BWBSdk/Fm20","Balsam Poplar – Spruce – Mountain alder – Dogwood","Fm","mid fluvial bench"
"231","BWBSdk/Ga02","Nuttall's alkaligrass – Foxtail barley","Ga","alkaline meadow"
"232","BWBSdk/Gg51","Slender wildrye – Prairie wormwood","Gg","grassland "
"233","BWBSdk/Ro51","Juniper – Saskatoon – Kinnikinnick","Ro","rocky outcrop"
"234","BWBSdk/Wb03","Sb – Lingonberry – Peat moss","Wb","wetland bog "
"235","BWBSdk/Wb09","Sb – Horsetail – Peat mosses","Wb","wetland bog "
"236","BWBSdk/Wb11","Sb – Buckbean – Peat moss","Wb","wetland bog "
"237","BWBSdk/Wf01","Water sedge – Beaked sedge","Wf","wetland fen"
"238","BWBSdk/Wf02","Scrub birch – Water sedge","Wf","wetland fen"
"239","BWBSdk/Wf05","Slender sedge – Common hook moss","Wf","wetland fen"
"240","BWBSdk/Wf07","Scrub birch – Buckbean – Shore sedge","Wf","wetland fen"
"241","BWBSdk/Wf08","Shore sedge – Buckbean – Hook moss","Wf","wetland fen"
"242","BWBSdk/Wf11","Tufted clubrush – Star moss","Wf","wetland fen"
"243","BWBSdk/Wf14","Tea-leaved willow – Water sedge – Glow moss","Wf","wetland fen"
"244","BWBSdk/Wm01","Beaked sedge – Water sedge","Wm","wetland marsh"
"245","BWBSdk/Wm02","Water horsetail – Beaked sedge","Wm","wetland marsh"
"246","BWBSdk/Ws05","MacCalla's willow – Beaked sedge","Ws","wetland swamp"
"247","BWBSdk/Ws15","SwSb – Labrador tea – Glow moss","Ws","wetland swamp"
"248","BWBSmk/101","Sw – Lingonberry – Step moss",NA,NA
"249","BWBSmk/101$6B.1","At – Green alder – High bush-cranberry",NA,NA
"250","BWBSmk/101$6B.2","EpAt – Sarsaparilla",NA,NA
"251","BWBSmk/102","Pl – Kinnikinnick – Lingonberry",NA,NA
"252","BWBSmk/102$6B.1","At – Soopolallie – Kinnikinnick",NA,NA
"253","BWBSmk/103","SwPl – Soopolallie – Fuzzy-spiked wildrye","IN","insolation"
"254","BWBSmk/103$6B.1","At – Rose – Fuzzy-spiked wildrye",NA,NA
"255","BWBSmk/104","Sb – Labrador tea – Step moss","CA","cold aspects - cold air"
"256","BWBSmk/104$6B.1","At – Labrador tea – Lingonberry",NA,NA
"257","BWBSmk/104a","Sb – Labrador tea – Step moss; Freely drained phase",NA,NA
"258","BWBSmk/104b","Sb – Labrador tea – Step moss; Imperfectly/poorly drained phase",NA,NA
"259","BWBSmk/110","Sw – Currant – Horsetail",NA,NA
"260","BWBSmk/110$6B.1","At – Horsetail – Step moss",NA,NA
"261","BWBSmk/111","Sw – Mountain alder – Horsetail","Fh","high fluvial bench"
"262","BWBSmk/112","AcbSw – Mountain alder – Dogwood","Fm","mid fluvial bench"
"263","BWBSmk/Fl03","Pacific willow – Red-osier dogwood – Horsetail","Fl","low fluvial bench"
"264","BWBSmk/Fl05","Drummond's willow – Bluejoint","Fl","low fluvial bench"
"265","BWBSmk/Fl06","Sandbar willow","Fl","low fluvial bench"
"266","BWBSmk/Fm20","Balsam Poplar – Spruce – Mountain alder – Dogwood","Fm","mid fluvial bench"
"267","BWBSmk/Gb52","Prickly rose – Fuzzy-spiked wildrye","Gb","brushland"
"268","BWBSmk/Wb03","Sb – Lingonberry – Peat moss","Wb","wetland bog "
"269","BWBSmk/Wb05","Sb – Water sedge – Peat moss","Wb","wetland bog "
"270","BWBSmk/Wb06","Lt – Water sedge – Fen moss","Wb","wetland bog "
"271","BWBSmk/Wb09","Sb – Horsetail – Peat mosses","Wb","wetland bog "
"272","BWBSmk/Wb12","Scheuchzeria – Peat moss","Wb","wetland bog "
"273","BWBSmk/Wb14","Leatherleaf – Bog-rosemary – Peat moss","Wb","wetland bog "
"274","BWBSmk/Wf01","Water sedge – Beaked sedge","Wf","wetland fen"
"275","BWBSmk/Wf02","Scrub birch – Water sedge","Wf","wetland fen"
"276","BWBSmk/Wf04","Barclay's willow – Water sedge – Glow moss","Wf","wetland fen"
"277","BWBSmk/Wf05","Slender sedge – Common hook moss","Wf","wetland fen"
"278","BWBSmk/Wf08","Shore sedge – Buckbean – Hook moss","Wf","wetland fen"
"279","BWBSmk/Wf18","Lt – Buckbean – Shore sedge","Wf","wetland fen"
"280","BWBSmk/Wm01","Beaked sedge – Water sedge","Wm","wetland marsh"
"281","BWBSmk/Wm02","Water horsetail – Beaked sedge","Wm","wetland marsh"
"282","BWBSmk/Wm15","Bluejoint – Water sedge","Wm","wetland marsh"
"283","BWBSmk/Ws14","Mountain alder – Willow – Bluejoint","Ws","wetland swamp"
"284","BWBSmk/Ws15","SwSb – Labrador tea – Glow moss","Ws","wetland swamp"
"285","BWBSmw/101","Sw – Trailing raspberry – Step moss",NA,NA
"286","BWBSmw/101$6B.1","At – Rose – Creamy peavine",NA,NA
"287","BWBSmw/102","Pl – Kinnikinnick – Lingonberry",NA,NA
"288","BWBSmw/102$6B.1","At – Soopolallie – Kinnikinnick",NA,NA
"289","BWBSmw/103","SwPl – Soopolallie – Fuzzy-spiked wildrye","IN","insolation"
"290","BWBSmw/103$6B.1","At – Rose – Fuzzy-spiked wildrye",NA,NA
"291","BWBSmw/104","Sb – Labrador tea – Step moss","CA","cold aspects - cold air"
"292","BWBSmw/104$6B.1","At – Labrador tea – Lingonberry",NA,NA
"293","BWBSmw/110","Sw – Oak fern – Sarsaparilla",NA,NA
"294","BWBSmw/110$6B.1","At – High bush-cranberry – Oak fern",NA,NA
"295","BWBSmw/111","Sw – Currant – Horsetail","Fh","high fluvial bench"
"296","BWBSmw/111$6B.1","Acb – Dogwood – High bush-cranberry",NA,NA
"297","BWBSmw/111$6B.2","At – Cow parsnip – Meadowrue",NA,NA
"298","BWBSmw/112","AcbSw – Mountain alder – Dogwood","Fm","mid fluvial bench"
"299","BWBSmw/Fm20","Balsam Poplar – Spruce – Mountain alder – Dogwood","Fm","mid fluvial bench"
"300","BWBSmw/Gb51","Saskatoon – Blue wildrye","Gb","brushland"
"301","BWBSmw/Gg51","Slender wildrye – Prairie wormwood","Gg","grassland "
"302","BWBSmw/Wb01","Sb – Creeping-snowberry – Sphagnum","Wb","wetland bog "
"303","BWBSmw/Wb03","Sb – Lingonberry – Peat moss","Wb","wetland bog "
"304","BWBSmw/Wb05","Sb – Water sedge – Peat moss","Wb","wetland bog "
"305","BWBSmw/Wb06","Lt – Water sedge – Fen moss","Wb","wetland bog "
"306","BWBSmw/Wb09","Sb – Horsetail – Peat mosses","Wb","wetland bog "
"307","BWBSmw/Wf01","Water sedge – Beaked sedge","Wf","wetland fen"
"308","BWBSmw/Wf02","Scrub birch – Water sedge","Wf","wetland fen"
"309","BWBSmw/Wf18","Lt – Buckbean – Shore sedge","Wf","wetland fen"
"310","BWBSmw/Ws15","SwSb – Labrador tea – Glow moss","Ws","wetland swamp"
"311","BWBSwk1/101","SwBl – Huckleberry – Feather moss",NA,NA
"312","BWBSwk1/101$6B.1","At – Birch-leaved spirea – Huckleberry",NA,NA
"313","BWBSwk1/102","Pl – Lingonberry – Reindeer lichens",NA,NA
"314","BWBSwk1/102$6B.1","At – Kinnikinnick – Fuzzy-spiked wildrye",NA,NA
"315","BWBSwk1/103","SwPl – Soopollalie – Showy aster","IN","insolation"
"316","BWBSwk1/103$6B.1","At – Rose – Fuzzy-spiked wildrye",NA,NA
"317","BWBSwk1/104","Sb – Huckleberry – Lingonberry","CA","cold aspects - cold air"
"318","BWBSwk1/104$6B.1","At – Labrador tea – Lingonberry",NA,NA
"319","BWBSwk1/110","Sw – Currant – Horsetail",NA,NA
"320","BWBSwk1/110$6B.1","AcbAt – Cow parsnip",NA,NA
"321","BWBSwk1/110$6B.2","At – High bush-cranberry – Oak fern",NA,NA
"322","BWBSwk1/111","Sb – Horsetail – Step moss","CA","cold aspects - cold air"
"323","BWBSwk1/Gb51","Saskatoon – Blue wildrye","Gb","brushland"
"324","BWBSwk1/Wb06","Lt – Water sedge – Fen moss","Wb","wetland bog "
"325","BWBSwk1/Wb09","Sb – Horsetail – Peat mosses","Wb","wetland bog "
"326","BWBSwk1/Wf01","Water sedge – Beaked sedge","Wf","wetland fen"
"327","BWBSwk1/Wf02","Scrub birch – Water sedge","Wf","wetland fen"
"328","BWBSwk1/Wf14","Tea-leaved willow – Water sedge – Glow moss","Wf","wetland fen"
"329","BWBSwk2/101","SwBl – Huckleberry – Feather moss",NA,NA
"330","BWBSwk2/101$6B.1","At – Sitka alder – High bush-cranberry",NA,NA
"331","BWBSwk2/102","Pl – Lingonberry – Reindeer lichens",NA,NA
"332","BWBSwk2/102$6B.1","At – Kinnikinnick – Fuzzy-spiked wildrye",NA,NA
"333","BWBSwk2/103","SwPl – Soopolallie – Fuzzy-spiked wildrye","IN","insolation"
"334","BWBSwk2/103$6B.1","At – Rose – Fuzzy-spiked wildrye",NA,NA
"335","BWBSwk2/104","Sb – Huckleberry – Lingonberry","CA","cold aspects - cold air"
"336","BWBSwk2/104$6B.1","At – Labrador tea – Lingonberry",NA,NA
"337","BWBSwk2/110","Sw – Currant – Bluebells",NA,NA
"338","BWBSwk2/110$6B.1","At – High bush-cranberry – Bluebells",NA,NA
"339","BWBSwk2/111","Sw – Currant – Horsetail","Fh","high fluvial bench"
"340","BWBSwk2/111$6B.1","AcbAt – Cow parsnip",NA,NA
"341","BWBSwk3/101","SwBl – Huckleberry – Feather moss",NA,NA
"342","BWBSwk3/102","Pl – Crowberry – Lingonberry",NA,NA
"343","BWBSwk3/103","Sb – Huckleberry – Lingonberry","CA","cold aspects - cold air"
"344","BWBSwk3/110","Sw – Currant – Horsetail",NA,NA
"345","BWBSwk3/111","Sb – Horsetail – Step moss",NA,NA
"346","CDFmm/101","Fdc – Salal – Dull Oregon-grape",NA,NA
"347","CDFmm/102","FdcRa – Heron's-bill mosses – Rock mosses",NA,NA
"348","CDFmm/102.1","FdcRa – Heron's-bill mosses – Rock mosses; Typic variation",NA,NA
"349","CDFmm/102.2","FdcRa – Heron's-bill mosses – Rock mosses; Selaginella variation",NA,NA
"350","CDFmm/103","Qg – Broad-leaved stonecrop – Heron's-bill mosses",NA,NA
"351","CDFmm/104","FdcRa – Salal",NA,NA
"352","CDFmm/105","FdcRa – Oceanspray – Oniongrass",NA,NA
"353","CDFmm/106","Qg – Oceanspray – Polypody ferns",NA,NA
"354","CDFmm/110","CwFdc – Dull Oregon-grape – Sword fern",NA,NA
"355","CDFmm/111","FdcHw – Red huckleberry – Salal",NA,NA
"356","CDFmm/112","CwBg – Sword fern – Foamflower",NA,NA
"357","CDFmm/112a","CwBg – Sword fern – Foamflower; Typic phase",NA,NA
"358","CDFmm/112b","CwBg – Sword fern – Foamflower; Fluctuating water table phase",NA,NA
"359","CDFmm/Bb01","American searocket – Seabeach sandwort","Bb","beachland"
"360","CDFmm/Bb02","Dune lymegrass","Bb","beachland"
"361","CDFmm/Bb02.1","Dune lymegrass; Typic variation","Bb","beachland"
"362","CDFmm/Bb02.2","Dune lymegrass; Sparse variation","Bb","beachland"
"363","CDFmm/Bb02.3","Dune lymegrass; Beach peavine variation","Bb","beachland"
"364","CDFmm/Bb03","Large-headed sedge – Dune bluegrass","Bb","beachland"
"365","CDFmm/Bb04","Silver burr ragweed","Bb","beachland"
"366","CDFmm/Bb05","Beach strawberry – Red fescue – Dune tansy","Bb","beachland"
"367","CDFmm/Bb06","Salal – Slender beaked moss","Bb","beachland"
"368","CDFmm/Bb07","Kinnikinnick – Grey rock moss","Bb","beachland"
"369","CDFmm/Bb08","Field wormwood – Red fescue – Grey rock moss","Bb","beachland"
"370","CDFmm/Bb09","Grey rock moss","Bb","beachland"
"371","CDFmm/Bb10","Dune bluegrass","Bb","beachland"
"372","CDFmm/Bb11","Yellow sand-verbena","Bb","beachland"
"373","CDFmm/Ed01","Tufted hairgrass – Meadow barley",NA,NA
"374","CDFmm/Ed03","Arctic rush – Alaska plantain",NA,NA
"375","CDFmm/Ed04","Cow parsnip – Silverweed cinquefoil",NA,NA
"376","CDFmm/Em01","Sea ditch-grass",NA,NA
"377","CDFmm/Em02","Pacific glasswort – Saltgrass",NA,NA
"378","CDFmm/Em03","Saltgrass",NA,NA
"379","CDFmm/Em05","Lyngbye's sedge",NA,NA
"380","CDFmm/Em07","Common spikerush – Lyngbye's sedge",NA,NA
"381","CDFmm/Es01","Crabapple – Lily-of-the-valley – Angelicas",NA,NA
"382","CDFmm/Es02","Sitka willow – Lily-of-the-valley",NA,NA
"383","CDFmm/Fl51","Dr – Salmonberry – Horsetail","Fl","low fluvial bench"
"384","CDFmm/Fm53","ActDr – Salmonberry – Lily-of-the-Valley","Fm","mid fluvial bench"
"385","CDFmm/Fm54","MbDr – Salmonberry – Sword fern","Fm","mid fluvial bench"
"386","CDFmm/Gg60","California oatgrass – Roemer's fescue – Woolly-sunflower","Gg","grassland "
"387","CDFmm/Gg61","California oatgrass – Triteleia – Small-leaved monkeyflower","Gg","grassland "
"388","CDFmm/Gg62","Small-leaved bentgrass – Bear's-foot sanicle – Puget Sound gumweed","Gg","grassland "
"389","CDFmm/Gg63","Purple sanicle – Ross' sedge – Oval sedge","Gg","grassland "
"390","CDFmm/Ro60","Wallace's selaginella – Long rock moss","Ro","rocky outcrop"
"391","CDFmm/Ro60.1","Wallace's selaginella – Long rock moss; Typic variation","Ro","rocky outcrop"
"392","CDFmm/Ro60.2","Wallace's selaginella – Long rock moss; Parsley fern variation","Ro","rocky outcrop"
"393","CDFmm/Ro61","Grey rock moss – Clad lichens","Ro","rocky outcrop"
"394","CDFmm/Ro61.1","Grey rock moss – Clad lichens; Typic variation","Ro","rocky outcrop"
"395","CDFmm/Ro61.2","Grey rock moss – Clad lichens; Parsley fern variation","Ro","rocky outcrop"
"396","CDFmm/Wb50","Labrador tea – Bog-laurel – Peat mosses","Wb","wetland bog "
"397","CDFmm/Wb55","Plc – Labrador tea – Peat mosses","Wb","wetland bog "
"398","CDFmm/Wb55.1","Plc – Labrador tea – Peat mosses; Typic variation","Wb","wetland bog "
"399","CDFmm/Wb55.2","Plc – Labrador tea – Peat mosses; Bog blueberry variation","Wb","wetland bog "
"400","CDFmm/Wb56","PlcHw – Salal – Peat mosses","Wb","wetland bog "
"401","CDFmm/Wf06","Slender sedge – Buckbean","Wf","wetland fen"
"402","CDFmm/Wf51","Sitka sedge – Peat mosses","Wf","wetland fen"
"403","CDFmm/Wf52","Sweet gale – Sitka sedge","Wf","wetland fen"
"404","CDFmm/Wf53","Slender sedge – White beakrush","Wf","wetland fen"
"405","CDFmm/Wm04","Common spikerush","Wm","wetland marsh"
"406","CDFmm/Wm05","Cattail","Wm","wetland marsh"
"407","CDFmm/Wm06","Soft-stemmed bulrush","Wm","wetland marsh"
"408","CDFmm/Wm09","Inflated sedge","Wm","wetland marsh"
"409","CDFmm/Wm11","Seacoast bulrush","Wm","wetland marsh"
"410","CDFmm/Wm50","Sitka sedge – Water-parsley","Wm","wetland marsh"
"411","CDFmm/Wm50.1","Sitka sedge – Water-parsley; Typic variation","Wm","wetland marsh"
"412","CDFmm/Wm51","Three-way marsh-sedge","Wm","wetland marsh"
"413","CDFmm/Wm52","Water horsetail – Sitka sedge","Wm","wetland marsh"
"414","CDFmm/Ws50","Pink spirea – Sitka sedge","Ws","wetland swamp"
"415","CDFmm/Ws51","Sitka willow – Pacific willow – Skunk cabbage","Ws","wetland swamp"
"416","CDFmm/Ws51.1","Sitka willow – Pacific willow – Skunk cabbage; Typic variation","Ws","wetland swamp"
"417","CDFmm/Ws52","Dr – Skunk cabbage","Ws","wetland swamp"
"418","CDFmm/Ws53","Cw – Osoberry – Skunk cabbage","Ws","wetland swamp"
"419","CDFmm/Ws57","CwHw – Skunk cabbage","Ws","wetland swamp"
"420","CDFmm/Ws58","CwHw – Slough sedge","Ws","wetland swamp"
"421","CDFmm/Ws58.1","CwHw – Slough sedge; Typic variation","Ws","wetland swamp"
"422","CDFmm/Ws60","Ss – Crabapple – Slough sedge","SS","salt spray"
"423","CDFmm/Ws61","Dr – Slough sedge","Ws","wetland swamp"
"424","CDFmm/Ws62","ActAt – Slough sedge","Ws","wetland swamp"
"425","CMAwh/Ah33","Alaskan & White Mountain-heathers – Tufted hairgrass","Ah","alpine heath"
"426","CMAwh/Ah34","Yellow mountain-heath– Bog blueberry – Crowberry","Ah","alpine heath"
"427","CMAwh/Am34","Tufted hairgrass – Calder's lovage",NA,NA
"428","CWHdm1/101","FdcHw – Red huckleberry – Salal",NA,NA
"429","CWHdm1/101a","FdcHw – Red Huckleberry – Salal; Typic phase",NA,NA
"430","CWHdm1/101b","FdcHw – Red huckleberry – Salal; Poor phase",NA,NA
"431","CWHdm1/102","FdcRa – Heron's-bill mosses – Rock mosses",NA,NA
"432","CWHdm1/103","FdcHw – Salal – Step moss",NA,NA
"433","CWHdm1/104","FdCw – Dull Oregon-grape – Baldhip rose",NA,NA
"434","CWHdm1/110","FdcHwCw – Sword fern",NA,NA
"435","CWHdm1/111","CwHw – Deer fern – Sword fern",NA,NA
"436","CWHdm1/112","HwCw – Sword fern – Vanilla-leaf",NA,NA
"437","CWHdm1/112a","HwCw – Sword fern – Vanilla-leaf; Typic phase",NA,NA
"438","CWHdm1/112b","HwCw – Sword fern – Vanilla-leaf; Fluctuating water table phase",NA,NA
"439","CWHdm1/113","HwCw – Salmonberry – Sword fern","Fh","high fluvial bench"
"440","CWHdm1/Bb01","American searocket – Seabeach sandwort","Bb","beachland"
"441","CWHdm1/Bb02","Dune lymegrass","Bb","beachland"
"442","CWHdm1/Bb03","Large-headed sedge – Dune bluegrass","Bb","beachland"
"443","CWHdm1/Bb04","Silver burr ragweed","Bb","beachland"
"444","CWHdm1/Bb05","Beach strawberry – Red fescue – Dune tansy","Bb","beachland"
"445","CWHdm1/Bb06","Salal – Slender beaked moss","Bb","beachland"
"446","CWHdm1/Bb07","Kinnikinnick – Grey rock moss","Bb","beachland"
"447","CWHdm1/Bb08","Field wormwood – Red fescue – Grey rock moss","Bb","beachland"
"448","CWHdm1/Bb09","Grey rock moss","Bb","beachland"
"449","CWHdm1/Bb10","Dune bluegrass","Bb","beachland"
"450","CWHdm1/Bb11","Yellow sand-verbena","Bb","beachland"
"451","CWHdm1/Ed01","Tufted hairgrass – Meadow barley",NA,NA
"452","CWHdm1/Ed03","Arctic rush – Alaska plantain",NA,NA
"453","CWHdm1/Ed04","Cow parsnip – Silverweed cinquefoil",NA,NA
"454","CWHdm1/Em01","Sea ditch-grass",NA,NA
"455","CWHdm1/Em02","Pacific glasswort – Saltgrass",NA,NA
"456","CWHdm1/Em03","Saltgrass",NA,NA
"457","CWHdm1/Em05","Lyngbye's sedge",NA,NA
"458","CWHdm1/Em07","Common spikerush – Lyngbye's sedge",NA,NA
"459","CWHdm1/Es01","Crabapple – Lily-of-the-valley – Angelicas",NA,NA
"460","CWHdm1/Es02","Sitka willow – Lily-of-the-valley",NA,NA
"461","CWHdm1/Fl51","Dr – Salmonberry – Horsetail","Fl","low fluvial bench"
"462","CWHdm1/Fl52","Sitka willow – Salmonberry – Horsetail","Fl","low fluvial bench"
"463","CWHdm1/Fm53","ActDr – Salmonberry – Lily-of-the-Valley","Fm","mid fluvial bench"
"464","CWHdm1/Fm54","MbDr – Salmonberry – Sword fern","Fm","mid fluvial bench"
"465","CWHdm1/Gg60","California oatgrass – Roemer's fescue – Woolly-sunflower","Gg","grassland "
"466","CWHdm1/Gg61","California oatgrass – Triteleia – Small-leaved monkeyflower","Gg","grassland "
"467","CWHdm1/Gg63","Purple sanicle – Ross' sedge – Oval sedge","Gg","grassland "
"468","CWHdm1/Ro60","Wallace's selaginella – Long rock moss","Ro","rocky outcrop"
"469","CWHdm1/Ro60.1","Wallace's selaginella – Long rock moss; Typic variation","Ro","rocky outcrop"
"470","CWHdm1/Ro60.2","Wallace's selaginella – Long rock moss; Parsley fern variation","Ro","rocky outcrop"
"471","CWHdm1/Ro61","Grey rock moss – Clad lichens","Ro","rocky outcrop"
"472","CWHdm1/Ro61.1","Grey rock moss – Clad lichens; Typic variation","Ro","rocky outcrop"
"473","CWHdm1/Ro61.2","Grey rock moss – Clad lichens; Parsley fern variation","Ro","rocky outcrop"
"474","CWHdm1/Wb50","Labrador tea – Bog-laurel – Peat mosses","Wb","wetland bog "
"475","CWHdm1/Wb55","Plc – Labrador tea – Peat mosses","Wb","wetland bog "
"476","CWHdm1/Wb55.1","Plc – Labrador tea – Peat mosses; Typic variation","Wb","wetland bog "
"477","CWHdm1/Wb56","PlcHw – Salal – Peat mosses","Wb","wetland bog "
"478","CWHdm1/Wf51","Sitka sedge – Peat mosses","Wf","wetland fen"
"479","CWHdm1/Wf52","Sweet gale – Sitka sedge","Wf","wetland fen"
"480","CWHdm1/Wf52.1","Sweet gale – Sitka sedge; Typic variation","Wf","wetland fen"
"481","CWHdm1/Wf53","Slender sedge – White beakrush","Wf","wetland fen"
"482","CWHdm1/Wm05","Cattail","Wm","wetland marsh"
"483","CWHdm1/Wm06","Soft-stemmed bulrush","Wm","wetland marsh"
"484","CWHdm1/Wm50","Sitka sedge – Water-parsley","Wm","wetland marsh"
"485","CWHdm1/Wm50.1","Sitka sedge – Water-parsley; Typic variation","Wm","wetland marsh"
"486","CWHdm1/Wm50.3","Sitka sedge – Water-parsley; Inflated sedge variation","Wm","wetland marsh"
"487","CWHdm1/Wm51","Three-way marsh-sedge","Wm","wetland marsh"
"488","CWHdm1/Wm52","Water horsetail – Sitka sedge","Wm","wetland marsh"
"489","CWHdm1/Ws50","Pink spirea – Sitka sedge","Ws","wetland swamp"
"490","CWHdm1/Ws51","Sitka willow – Pacific willow – Skunk cabbage","Ws","wetland swamp"
"491","CWHdm1/Ws51.1","Sitka willow – Pacific willow – Skunk cabbage; Typic variation","Ws","wetland swamp"
"492","CWHdm1/Ws51.2","Sitka willow – Pacific willow – Skunk cabbage; Small-flowered bulrush variation","Ws","wetland swamp"
"493","CWHdm1/Ws56","SsHw – Skunk cabbage","Ws","wetland swamp"
"494","CWHdm1/Ws56.1","SsHw – Skunk cabbage; CwHw variation","Ws","wetland swamp"
"495","CWHdm1/Ws57","CwHw – Skunk cabbage","Ws","wetland swamp"
"496","CWHdm1/Ws58","CwHw – Slough sedge","Ws","wetland swamp"
"497","CWHdm1/Ws58.1","CwHw – Slough sedge; Typic variation","Ws","wetland swamp"
"498","CWHdm1/Ws60","Ss – Crabapple – Slough sedge","SS","salt spray"
"499","CWHdm1/Ws61","Dr – Slough sedge","Ws","wetland swamp"
"500","CWHdm1/Ws62","ActAt – Slough sedge","Ws","wetland swamp"
"501","CWHdm2/101","FdcHw – Red huckleberry – Salal",NA,NA
"502","CWHdm2/101a","FdcHw – Red huckleberry – Salal; Typic phase",NA,NA
"503","CWHdm2/101b","FdcHw – Red huckleberry – Salal; Poor phase",NA,NA
"504","CWHdm2/102","PlcFdc – Rock mosses – Clad lichens",NA,NA
"505","CWHdm2/103","FdcPlc – Salal – Step moss",NA,NA
"506","CWHdm2/104","FdcHw – Salal – Step moss",NA,NA
"507","CWHdm2/105","FdcHwCw – Sword fern",NA,NA
"508","CWHdm2/110","HwFdc – Sword fern – Vanilla-leaf",NA,NA
"509","CWHdm2/111","CwHw – Salal – Deer fern",NA,NA
"510","CWHdm2/112","HwCw – Sword fern – Vanilla-leaf",NA,NA
"511","CWHdm2/112.1","HwCw – Sword fern – Vanilla-leaf; Salmonberry variation",NA,NA
"512","CWHdm2/112.2","HwCw – Sword fern – Vanilla-leaf; Devil's club variation",NA,NA
"513","CWHdm2/113","HwCw – Salmonberry – Sword fern","Fh","high fluvial bench"
"514","CWHdm2/Bb01","American searocket – Seabeach sandwort","Bb","beachland"
"515","CWHdm2/Bb02","Dune lymegrass","Bb","beachland"
"516","CWHdm2/Ed01","Tufted hairgrass – Meadow barley",NA,NA
"517","CWHdm2/Ed03","Arctic rush – Alaska plantain",NA,NA
"518","CWHdm2/Ed04","Cow parsnip – Silverweed cinquefoil",NA,NA
"519","CWHdm2/Em01","Sea ditch-grass",NA,NA
"520","CWHdm2/Em02","Pacific glasswort – Saltgrass",NA,NA
"521","CWHdm2/Em03","Saltgrass",NA,NA
"522","CWHdm2/Em05","Lyngbye's sedge",NA,NA
"523","CWHdm2/Em07","Common spikerush – Lyngbye's sedge",NA,NA
"524","CWHdm2/Es01","Crabapple – Lily-of-the-valley – Angelicas",NA,NA
"525","CWHdm2/Es02","Sitka willow – Lily-of-the-valley",NA,NA
"526","CWHdm2/Fl51","Dr – Salmonberry – Horsetail","Fl","low fluvial bench"
"527","CWHdm2/Fl52","Sitka willow – Salmonberry – Horsetail","Fl","low fluvial bench"
"528","CWHdm2/Fm53","ActDr – Salmonberry – Lily-of-the-Valley","Fm","mid fluvial bench"
"529","CWHdm2/Fm54","MbDr – Salmonberry – Sword fern","Fm","mid fluvial bench"
"530","CWHdm2/Gg60","California oatgrass – Roemer's fescue – Woolly-sunflower","Gg","grassland "
"531","CWHdm2/Gg61","California oatgrass – Triteleia – Small-leaved monkeyflower","Gg","grassland "
"532","CWHdm2/Gg62","Small-leaved bentgrass – Bear's-foot sanicle – Puget Sound gumweed","Gg","grassland "
"533","CWHdm2/Ro60","Wallace's selaginella – Long rock moss","Ro","rocky outcrop"
"534","CWHdm2/Ro60.1","Wallace's selaginella – Long rock moss; Typic variation","Ro","rocky outcrop"
"535","CWHdm2/Ro60.2","Wallace's selaginella – Long rock moss; Parsley fern variation","Ro","rocky outcrop"
"536","CWHdm2/Ro61","Grey rock moss – Clad lichens","Ro","rocky outcrop"
"537","CWHdm2/Ro61.1","Grey rock moss – Clad lichens; Typic variation","Ro","rocky outcrop"
"538","CWHdm2/Ro61.2","Grey rock moss – Clad lichens; Parsley fern variation","Ro","rocky outcrop"
"539","CWHdm2/Wb50","Labrador tea – Bog-laurel – Peat mosses","Wb","wetland bog "
"540","CWHdm2/Wb55","Plc – Labrador tea – Peat mosses","Wb","wetland bog "
"541","CWHdm2/Wb55.1","Plc – Labrador tea – Peat mosses; Typic variation","Wb","wetland bog "
"542","CWHdm2/Wb56","PlcHw – Salal – Peat mosses","Wb","wetland bog "
"543","CWHdm2/Wf51","Sitka sedge – Peat mosses","Wf","wetland fen"
"544","CWHdm2/Wf52","Sweet gale – Sitka sedge","Wf","wetland fen"
"545","CWHdm2/Wf52.1","Sweet gale – Sitka sedge; Typic variation","Wf","wetland fen"
"546","CWHdm2/Wf53","Slender sedge – White beakrush","Wf","wetland fen"
"547","CWHdm2/Wm05","Cattail","Wm","wetland marsh"
"548","CWHdm2/Wm06","Soft-stemmed bulrush","Wm","wetland marsh"
"549","CWHdm2/Wm50","Sitka sedge – Water-parsley","Wm","wetland marsh"
"550","CWHdm2/Wm50.1","Sitka sedge – Water-parsley; Typic variation","Wm","wetland marsh"
"551","CWHdm2/Wm50.3","Sitka sedge – Water-parsley; Inflated sedge variation","Wm","wetland marsh"
"552","CWHdm2/Wm51","Three-way marsh-sedge","Wm","wetland marsh"
"553","CWHdm2/Wm52","Water horsetail – Sitka sedge","Wm","wetland marsh"
"554","CWHdm2/Ws50","Pink spirea – Sitka sedge","Ws","wetland swamp"
"555","CWHdm2/Ws51","Sitka willow – Pacific willow – Skunk cabbage","Ws","wetland swamp"
"556","CWHdm2/Ws51.2","Sitka willow – Pacific willow – Skunk cabbage; Small-flowered bulrush variation","Ws","wetland swamp"
"557","CWHdm2/Ws56","SsHw – Skunk cabbage","Ws","wetland swamp"
"558","CWHdm2/Ws56.1","SsHw – Skunk cabbage; CwHw variation","Ws","wetland swamp"
"559","CWHdm2/Ws57","CwHw – Skunk cabbage","Ws","wetland swamp"
"560","CWHdm2/Ws58","CwHw – Slough sedge","Ws","wetland swamp"
"561","CWHdm2/Ws58.1","CwHw – Slough sedge; Typic variation","Ws","wetland swamp"
"562","CWHdm3/101","FdcHw – Red huckleberry – Salal",NA,NA
"563","CWHdm3/102","PlcFdc – Rock mosses – Clad lichens",NA,NA
"564","CWHdm3/103","FdcHw – Salal – Step moss",NA,NA
"565","CWHdm3/104","FdcCw – Vine maple – Sword fern",NA,NA
"566","CWHdm3/110","FdcHwCw – Sword fern",NA,NA
"567","CWHdm3/111","CwFdc – Deer fern – Sword fern",NA,NA
"568","CWHdm3/112","HwCw – Vine maple – Sword fern",NA,NA
"569","CWHdm3/113","SsCw – Salmonberry – Vine maple","Fh","high fluvial bench"
"570","CWHdm3/Ed01","Tufted hairgrass – Meadow barley",NA,NA
"571","CWHdm3/Ed03","Arctic rush – Alaska plantain",NA,NA
"572","CWHdm3/Ed04","Cow parsnip – Silverweed cinquefoil",NA,NA
"573","CWHdm3/Em01","Sea ditch-grass",NA,NA
"574","CWHdm3/Em02","Pacific glasswort – Saltgrass",NA,NA
"575","CWHdm3/Em03","Saltgrass",NA,NA
"576","CWHdm3/Em05","Lyngbye's sedge",NA,NA
"577","CWHdm3/Em07","Common spikerush – Lyngbye's sedge",NA,NA
"578","CWHdm3/Es01","Crabapple – Lily-of-the-valley – Angelicas",NA,NA
"579","CWHdm3/Es02","Sitka willow – Lily-of-the-valley",NA,NA
"580","CWHdm3/Fl51","Dr – Salmonberry – Horsetail","Fl","low fluvial bench"
"581","CWHdm3/Fl52","Sitka willow – Salmonberry – Horsetail","Fl","low fluvial bench"
"582","CWHdm3/Fm53","ActDr – Salmonberry – Lily-of-the-Valley","Fm","mid fluvial bench"
"583","CWHdm3/Ro60","Wallace's selaginella – Long rock moss","Ro","rocky outcrop"
"584","CWHdm3/Ro60.1","Wallace's selaginella – Long rock moss; Typic variation","Ro","rocky outcrop"
"585","CWHdm3/Ro60.2","Wallace's selaginella – Long rock moss; Parsley fern variation","Ro","rocky outcrop"
"586","CWHdm3/Ro61","Grey rock moss – Clad lichens","Ro","rocky outcrop"
"587","CWHdm3/Ro61.1","Grey rock moss – Clad lichens; Typic variation","Ro","rocky outcrop"
"588","CWHdm3/Ro61.2","Grey rock moss – Clad lichens; Parsley fern variation","Ro","rocky outcrop"
"589","CWHdm3/Wb50","Labrador tea – Bog-laurel – Peat mosses","Wb","wetland bog "
"590","CWHdm3/Wb55","Plc – Labrador tea – Peat mosses","Wb","wetland bog "
"591","CWHdm3/Wb55.1","Plc – Labrador tea – Peat mosses; Typic variation","Wb","wetland bog "
"592","CWHdm3/Wb55.2","Plc – Labrador tea – Peat mosses; Bog blueberry variation","Wb","wetland bog "
"593","CWHdm3/Wb56","PlcHw – Salal – Peat mosses","Wb","wetland bog "
"594","CWHdm3/Wf51","Sitka sedge – Peat mosses","Wf","wetland fen"
"595","CWHdm3/Wf52","Sweet gale – Sitka sedge","Wf","wetland fen"
"596","CWHdm3/Wf52.1","Sweet gale – Sitka sedge; Typic variation","Wf","wetland fen"
"597","CWHdm3/Wf52.2","Sweet gale – Sitka sedge; Bluejoint reedgrass variation","Wf","wetland fen"
"598","CWHdm3/Wm05","Cattail","Wm","wetland marsh"
"599","CWHdm3/Wm06","Soft-stemmed bulrush","Wm","wetland marsh"
"600","CWHdm3/Wm50","Sitka sedge – Water-parsley","Wm","wetland marsh"
"601","CWHdm3/Wm50.1","Sitka sedge – Water-parsley; Typic variation","Wm","wetland marsh"
"602","CWHdm3/Wm50.2","Sitka sedge – Water-parsley; Bluejoint reedgrass variation","Wm","wetland marsh"
"603","CWHdm3/Wm51","Three-way marsh-sedge","Wm","wetland marsh"
"604","CWHdm3/Wm52","Water horsetail – Sitka sedge","Wm","wetland marsh"
"605","CWHdm3/Ws50","Pink spirea – Sitka sedge","Ws","wetland swamp"
"606","CWHdm3/Ws51","Sitka willow – Pacific willow – Skunk cabbage","Ws","wetland swamp"
"607","CWHdm3/Ws51.1","Sitka willow – Pacific willow – Skunk cabbage; Typic variation","Ws","wetland swamp"
"608","CWHdm3/Ws56","SsHw – Skunk cabbage","Ws","wetland swamp"
"609","CWHdm3/Ws56.1","SsHw – Skunk cabbage; CwHw variation","Ws","wetland swamp"
"610","CWHdm3/Ws58","CwHw – Slough sedge","Ws","wetland swamp"
"611","CWHdm3/Ws58.1","CwHw – Slough sedge; Typic variation","Ws","wetland swamp"
"612","CWHds1/101","HwFdc – Prince's pine – Step moss",NA,NA
"613","CWHds1/101a","HwFdc – Prince's pine – Step moss; Typic phase",NA,NA
"614","CWHds1/101b","HwFdc – Prince's pine – Step moss; Subxeric phase",NA,NA
"615","CWHds1/102","FdcPl – Rock mosses",NA,NA
"616","CWHds1/103","Fdc – Orange honeysuckle – Tall Oregon-grape","IN","insolation"
"617","CWHds1/104","Fdc – Orange honeysuckle – Cat's-tail moss","IN","insolation"
"618","CWHds1/110","CwFdc – Sword fern – Foamflower",NA,NA
"619","CWHds1/111","Hw – Queen's cup",NA,NA
"620","CWHds1/112","CwFdc – Devil's club – Sword fern",NA,NA
"621","CWHds1/113","CwSs – Devil's club – Lady fern","Fh","high fluvial bench"
"622","CWHds1/Bb01","American searocket – Seabeach sandwort","Bb","beachland"
"623","CWHds1/Bb02","Dune lymegrass","Bb","beachland"
"624","CWHds1/Ed01","Tufted hairgrass – Meadow barley",NA,NA
"625","CWHds1/Ed03","Arctic rush – Alaska plantain",NA,NA
"626","CWHds1/Ed04","Cow parsnip – Silverweed cinquefoil",NA,NA
"627","CWHds1/Em01","Sea ditch-grass",NA,NA
"628","CWHds1/Em02","Pacific glasswort – Saltgrass",NA,NA
"629","CWHds1/Em05","Lyngbye's sedge",NA,NA
"630","CWHds1/Em06","Lyngbye's sedge – Water-hemlock",NA,NA
"631","CWHds1/Em07","Common spikerush – Lyngbye's sedge",NA,NA
"632","CWHds1/Es01","Crabapple – Lily-of-the-valley – Angelicas",NA,NA
"633","CWHds1/Es02","Sitka willow – Lily-of-the-valley",NA,NA
"634","CWHds1/Fl51","Dr – Salmonberry – Horsetail","Fl","low fluvial bench"
"635","CWHds1/Fm50","ActDr – Salmonberry","Fm","mid fluvial bench"
"636","CWHds1/Fm50.1","ActDr – Salmonberry; Salmonberry variation","Fm","mid fluvial bench"
"637","CWHds1/Fm50.2","ActDr – Salmonberry; Devil's club variation","Fm","mid fluvial bench"
"638","CWHds1/Fm53","ActDr – Salmonberry – Lily-of-the-Valley","Fm","mid fluvial bench"
"639","CWHds1/Wb51","Plc – Crowberry – Peat mosses","Wb","wetland bog "
"640","CWHds1/Wf51","Sitka sedge – Peat mosses","Wf","wetland fen"
"641","CWHds1/Wf52","Sweet gale – Sitka sedge","Wf","wetland fen"
"642","CWHds1/Wm05","Cattail","Wm","wetland marsh"
"643","CWHds1/Wm06","Soft-stemmed bulrush","Wm","wetland marsh"
"644","CWHds1/Wm50","Sitka sedge – Water-parsley","Wm","wetland marsh"
"645","CWHds1/Wm51","Three-way marsh-sedge","Wm","wetland marsh"
"646","CWHds1/Wm52","Water horsetail – Sitka sedge","Wm","wetland marsh"
"647","CWHds1/Ws56","SsHw – Skunk cabbage","Ws","wetland swamp"
"648","CWHds1/Ws56.1","SsHw – Skunk cabbage; CwHw variation","Ws","wetland swamp"
"649","CWHds2/101","HwFdc – Prince's pine – Step moss",NA,NA
"650","CWHds2/102","FdcPlHw – Kinnikinnick",NA,NA
"651","CWHds2/103","HwFdc – Twinflower – Cat's-tail moss",NA,NA
"652","CWHds2/104","FdcCw – Douglas' maple – Cat's-tail moss","IN","insolation"
"653","CWHds2/110","HwCwFdc – Oak fern",NA,NA
"654","CWHds2/111","Hw – Queen's cup",NA,NA
"655","CWHds2/112","SsCw – Devil's club",NA,NA
"656","CWHds2/113","CwSs – Devil's club – Lady fern","Fh","high fluvial bench"
"657","CWHds2/Bb01","American searocket – Seabeach sandwort","Bb","beachland"
"658","CWHds2/Bb02","Dune lymegrass","Bb","beachland"
"659","CWHds2/Ed01","Tufted hairgrass – Meadow barley",NA,NA
"660","CWHds2/Ed03","Arctic rush – Alaska plantain",NA,NA
"661","CWHds2/Ed04","Cow parsnip – Silverweed cinquefoil",NA,NA
"662","CWHds2/Em01","Sea ditch-grass",NA,NA
"663","CWHds2/Em02","Pacific glasswort – Saltgrass",NA,NA
"664","CWHds2/Em05","Lyngbye's sedge",NA,NA
"665","CWHds2/Em06","Lyngbye's sedge – Water-hemlock",NA,NA
"666","CWHds2/Em07","Common spikerush – Lyngbye's sedge",NA,NA
"667","CWHds2/Es01","Crabapple – Lily-of-the-valley – Angelicas",NA,NA
"668","CWHds2/Es02","Sitka willow – Lily-of-the-valley",NA,NA
"669","CWHds2/Fl51","Dr – Salmonberry – Horsetail","Fl","low fluvial bench"
"670","CWHds2/Fm50","ActDr – Salmonberry","Fm","mid fluvial bench"
"671","CWHds2/Fm50.1","ActDr – Salmonberry; Salmonberry variation","Fm","mid fluvial bench"
"672","CWHds2/Fm50.2","ActDr – Salmonberry; Devil's club variation","Fm","mid fluvial bench"
"673","CWHds2/Wb51","Plc – Crowberry – Peat mosses","Wb","wetland bog "
"674","CWHds2/Wf51","Sitka sedge – Peat mosses","Wf","wetland fen"
"675","CWHds2/Wf52","Sweet gale – Sitka sedge","Wf","wetland fen"
"676","CWHds2/Ws50","Pink spirea – Sitka sedge","Ws","wetland swamp"
"677","CWHds2/Ws56","SsHw – Skunk cabbage","Ws","wetland swamp"
"678","CWHds2/Ws56.2","SsHw – Skunk cabbage; CwSs variation","Ws","wetland swamp"
"679","CWHmm1/101","HwBa – Blueberry – Pipecleaner moss",NA,NA
"680","CWHmm1/101a","HwBa – Blueberry – Pipecleaner moss; Typic phase",NA,NA
"681","CWHmm1/101b","HwBa – Blueberry – Pipecleaner moss; Poor phase",NA,NA
"682","CWHmm1/102","FdcPlc – Salal – Rock mosses",NA,NA
"683","CWHmm1/103","FdcHw – Salal – Prince's pine",NA,NA
"684","CWHmm1/104","HwFdc – Vanilla-leaf – Twinflower",NA,NA
"685","CWHmm1/110","HwFdc – Sword fern – Vanilla-leaf",NA,NA
"686","CWHmm1/111","HwBa – Blueberry – Deer fern",NA,NA
"687","CWHmm1/112","HwCw – Devil's club – Vanilla-leaf",NA,NA
"688","CWHmm1/113","HwCw – Salmonberry – Sword fern","Fh","high fluvial bench"
"689","CWHmm1/Fl51","Dr – Salmonberry – Horsetail","Fl","low fluvial bench"
"690","CWHmm1/Fl52","Sitka willow – Salmonberry – Horsetail","Fl","low fluvial bench"
"691","CWHmm1/Fm50","ActDr – Salmonberry","Fm","mid fluvial bench"
"692","CWHmm1/Fm50.1","ActDr – Salmonberry; Salmonberry variation","Fm","mid fluvial bench"
"693","CWHmm1/Fm50.2","ActDr – Salmonberry; Devil's club variation","Fm","mid fluvial bench"
"694","CWHmm1/Gg60","California oatgrass – Roemer's fescue – Woolly-sunflower","Gg","grassland "
"695","CWHmm1/Wb50","Labrador tea – Bog-laurel – Peat mosses","Wb","wetland bog "
"696","CWHmm1/Wb51","Plc – Crowberry – Peat mosses","Wb","wetland bog "
"697","CWHmm1/Wb55","Plc – Labrador tea – Peat mosses","Wb","wetland bog "
"698","CWHmm1/Wb55.1","Plc – Labrador tea – Peat mosses; Typic variation","Wb","wetland bog "
"699","CWHmm1/Wf51","Sitka sedge – Peat mosses","Wf","wetland fen"
"700","CWHmm1/Wf52","Sweet gale – Sitka sedge","Wf","wetland fen"
"701","CWHmm1/Wf52.1","Sweet gale – Sitka sedge; Typic variation","Wf","wetland fen"
"702","CWHmm1/Wf53","Slender sedge – White beakrush","Wf","wetland fen"
"703","CWHmm1/Wm09","Inflated sedge","Wm","wetland marsh"
"704","CWHmm1/Wm50","Sitka sedge – Water-parsley","Wm","wetland marsh"
"705","CWHmm1/Wm50.3","Sitka sedge – Water-parsley; Inflated sedge variation","Wm","wetland marsh"
"706","CWHmm1/Wm51","Three-way marsh-sedge","Wm","wetland marsh"
"707","CWHmm1/Ws51","Sitka willow – Pacific willow – Skunk cabbage","Ws","wetland swamp"
"708","CWHmm1/Ws51.1","Sitka willow – Pacific willow – Skunk cabbage; Typic variation","Ws","wetland swamp"
"709","CWHmm1/Ws54","CwHw – Azalea – Skunk cabbage","Ws","wetland swamp"
"710","CWHmm1/Ws54.1","CwHw – Azalea – Skunk cabbage; Typic variation","Ws","wetland swamp"
"711","CWHmm1/Ws56","SsHw – Skunk cabbage","Ws","wetland swamp"
"712","CWHmm1/Ws56.1","SsHw – Skunk cabbage; CwHw variation","Ws","wetland swamp"
"713","CWHmm2/101","HwBa – Blueberry – Pipecleaner moss",NA,NA
"714","CWHmm2/101a","HwBa – Blueberry – Pipecleaner moss; Typic phase",NA,NA
"715","CWHmm2/101b","HwBa – Blueberry – Pipecleaner moss; Poor phase",NA,NA
"716","CWHmm2/102","HwFdc – Salal – Rock mosses",NA,NA
"717","CWHmm2/103","FdcHwYc – Salal – Prince's pine",NA,NA
"718","CWHmm2/110","HwBa – Blueberry – Vanilla-leaf",NA,NA
"719","CWHmm2/111","HmBaYc – Deer fern – Lanky moss",NA,NA
"720","CWHmm2/112","HwBa – Blueberry – Foamflower",NA,NA
"721","CWHmm2/113","BaHw – Devil's club – Lady fern",NA,NA
"722","CWHmm2/Ro62","Mountain-heather – Rock mosses","Ro","rocky outcrop"
"723","CWHmm2/Vh60","Lady fern – Cow parsnip – Goatsbeard","Vh","avalanche herb"
"724","CWHmm2/Vs60","Sitka alder – Salmonberry – Lady fern","Vs","avalanche shrub"
"725","CWHmm2/Vs60.1","Sitka alder – Salmonberry – Lady fern; Typic variation","Vs","avalanche shrub"
"726","CWHmm2/Vs60.2","Sitka alder – Salmonberry – Lady fern; Salmonberry variation","Vs","avalanche shrub"
"727","CWHmm2/Wb51","Plc – Crowberry – Peat mosses","Wb","wetland bog "
"728","CWHmm2/Wb57","PlcYc – Deer cabbage – Peat mosses","Wb","wetland bog "
"729","CWHmm2/Wf50","Narrow-leaved cotton-grass – Peat mosses","Wf","wetland fen"
"730","CWHmm2/Wf52","Sweet gale – Sitka sedge","Wf","wetland fen"
"731","CWHmm2/Wf53","Slender sedge – White beakrush","Wf","wetland fen"
"732","CWHmm2/Ws55","YcHm – Skunk cabbage","Ws","wetland swamp"
"733","CWHmm2/Ws58","CwHw – Slough sedge","Ws","wetland swamp"
"734","CWHmm2/Ws58.1","CwHw – Slough sedge; Typic variation","Ws","wetland swamp"
"735","CWHms3/101","HwBa – Blueberry – Queen's cup",NA,NA
"736","CWHms3/102","FdcPlHw – Feather moss – Rock mosses",NA,NA
"737","CWHms3/103","HwFdc – Huckleberry – Falsebox",NA,NA
"738","CWHms3/104","HwFdc – Falsebox – Twinflower","IN","insolation"
"739","CWHms3/110","CwFdc – Sword fern – Foamflower",NA,NA
"740","CWHms3/111","HwBa – Azalea – Queen's cup",NA,NA
"741","CWHms3/112","BaHw – Devil's club – Oak fern",NA,NA
"742","CWHms3/113","BaHw – Salmonberry – Devil's club","Fh","high fluvial bench"
"743","CWHms3/Fl51","Dr – Salmonberry – Horsetail","Fl","low fluvial bench"
"744","CWHms3/Fm50","ActDr – Salmonberry","Fm","mid fluvial bench"
"745","CWHms3/Fm50.1","ActDr – Salmonberry; Salmonberry variation","Fm","mid fluvial bench"
"746","CWHms3/Fm50.2","ActDr – Salmonberry; Devil's club variation","Fm","mid fluvial bench"
"747","CWHms3/Wb51","Plc – Crowberry – Peat mosses","Wb","wetland bog "
"748","CWHms3/Wf51","Sitka sedge – Peat mosses","Wf","wetland fen"
"749","CWHms3/Wf52","Sweet gale – Sitka sedge","Wf","wetland fen"
"750","CWHms3/Wm05","Cattail","Wm","wetland marsh"
"751","CWHms3/Wm06","Soft-stemmed bulrush","Wm","wetland marsh"
"752","CWHms3/Ws56","SsHw – Skunk cabbage","Ws","wetland swamp"
"753","CWHms3/Ws56.1","SsHw – Skunk cabbage; CwHw variation","Ws","wetland swamp"
"754","CWHms4/101","HwBa – Blueberry – Queen's cup",NA,NA
"755","CWHms4/102","HwPl – Feather moss – Clad lichens",NA,NA
"756","CWHms4/103","HwFdcBa – Blueberry",NA,NA
"757","CWHms4/104","FdcHw – Falsebox – Twinflower","IN","insolation"
"758","CWHms4/105","HwFdc – Blueberry – Falsebox","IN","insolation"
"759","CWHms4/110","HwBa – Foamflower",NA,NA
"760","CWHms4/111","HwBa – Azalea – Queen's cup",NA,NA
"761","CWHms4/112","HwBa – Devil's club – Oak fern",NA,NA
"762","CWHms4/Ro62","Mountain-heather – Rock mosses","Ro","rocky outcrop"
"763","CWHms4/Vh60","Lady fern – Cow parsnip – Goatsbeard","Vh","avalanche herb"
"764","CWHms4/Vs60","Sitka alder – Salmonberry – Lady fern","Vs","avalanche shrub"
"765","CWHms4/Vs60.1","Sitka alder – Salmonberry – Lady fern; Typic variation","Vs","avalanche shrub"
"766","CWHms4/Wb51","Plc – Crowberry – Peat mosses","Wb","wetland bog "
"767","CWHms4/Wf50","Narrow-leaved cotton-grass – Peat mosses","Wf","wetland fen"
"768","CWHms4/Ws50","Pink spirea – Sitka sedge","Ws","wetland swamp"
"769","CWHms4/Ws55","YcHm – Skunk cabbage","Ws","wetland swamp"
"770","CWHms5/101","HwBa – Blueberry – Queen's cup",NA,NA
"771","CWHms5/101.1","HwBa – Blueberry – Queen's cup; Typic variation",NA,NA
"772","CWHms5/101.2","HwBa – Blueberry – Queen's cup; Fd variation",NA,NA
"773","CWHms5/102","FdcPlHw – Kinnikinnick",NA,NA
"774","CWHms5/103","HwFdc – Huckleberry – Falsebox",NA,NA
"775","CWHms5/103.1","HwFdc – Huckleberry – Falsebox; Typic variation",NA,NA
"776","CWHms5/103.2","HwFdc – Huckleberry – Falsebox; Rhododendron variation",NA,NA
"777","CWHms5/110","BaCwFdc – Foamflower",NA,NA
"778","CWHms5/111","HwCw – Azalea – Queen's cup",NA,NA
"779","CWHms5/112","CwHw – Devil's club – Lady fern",NA,NA
"780","CWHms5/113","CwSs – Devil's club – Lady fern","Fh","high fluvial bench"
"781","CWHms5/Fl51","Dr – Salmonberry – Horsetail","Fl","low fluvial bench"
"782","CWHms5/Fm50","ActDr – Salmonberry","Fm","mid fluvial bench"
"783","CWHms5/Fm50.1","ActDr – Salmonberry; Salmonberry variation","Fm","mid fluvial bench"
"784","CWHms5/Fm50.2","ActDr – Salmonberry; Devil's club variation","Fm","mid fluvial bench"
"785","CWHms5/Wb51","Plc – Crowberry – Peat mosses","Wb","wetland bog "
"786","CWHms5/Ws56","SsHw – Skunk cabbage","Ws","wetland swamp"
"787","CWHms5/Ws56.1","SsHw – Skunk cabbage; CwHw variation","Ws","wetland swamp"
"788","CWHvh1/101","CwHw – Salal – Deer fern",NA,NA
"789","CWHvh1/102","PlcYc – Salal – Reindeer lichens",NA,NA
"790","CWHvh1/103","CwHw – Salal – Evergreen huckleberry",NA,NA
"791","CWHvh1/104","HwBa – Deer fern – Oregon beaked moss",NA,NA
"792","CWHvh1/105","HwBa – Deer fern – Sword fern",NA,NA
"793","CWHvh1/110","HwBa – Salmonberry – Foamflower",NA,NA
"794","CWHvh1/111","SsHw – Salmonberry – Lily-of-the-valley","Fh","high fluvial bench"
"795","CWHvh1/112","CwYc – Salal – Deer fern – Peat mosses",NA,NA
"796","CWHvh1/120","Ss – Salal – Beaked mosses","SS","salt spray"
"797","CWHvh1/120.1","Ss – Salal – Beaked mosses; Salal variation",NA,NA
"798","CWHvh1/120.2","Ss – Salal – Beaked mosses; Reedgrass variation",NA,NA
"799","CWHvh1/121","Ss – Salmonberry – Sword fern","SS","salt spray"
"800","CWHvh1/Bb01","American searocket – Seabeach sandwort","Bb","beachland"
"801","CWHvh1/Bb02","Dune lymegrass","Bb","beachland"
"802","CWHvh1/Bb02.1","Dune lymegrass; Typic variation","Bb","beachland"
"803","CWHvh1/Bb02.2","Dune lymegrass; Sparse variation","Bb","beachland"
"804","CWHvh1/Bb02.3","Dune lymegrass; Beach peavine variation","Bb","beachland"
"805","CWHvh1/Bb03","Large-headed sedge – Dune bluegrass","Bb","beachland"
"806","CWHvh1/Bb04","Silver burr ragweed","Bb","beachland"
"807","CWHvh1/Bb05","Beach strawberry – Red fescue – Dune tansy","Bb","beachland"
"808","CWHvh1/Bb06","Salal – Slender beaked moss","Bb","beachland"
"809","CWHvh1/Bb07","Kinnikinnick – Grey rock moss","Bb","beachland"
"810","CWHvh1/Bb07.1","Kinnikinnick – Grey rock moss; Typic variation","Bb","beachland"
"811","CWHvh1/Bb07.2","Kinnikinnick – Grey rock moss; Rock moss variation","Bb","beachland"
"812","CWHvh1/Bb08","Field wormwood – Red fescue – Grey rock moss","Bb","beachland"
"813","CWHvh1/Bb09","Grey rock moss","Bb","beachland"
"814","CWHvh1/Bb10","Dune bluegrass","Bb","beachland"
"815","CWHvh1/Bb11","Yellow sand-verbena","Bb","beachland"
"816","CWHvh1/Ed01","Tufted hairgrass – Meadow barley",NA,NA
"817","CWHvh1/Ed04","Cow parsnip – Silverweed cinquefoil",NA,NA
"818","CWHvh1/Em01","Sea ditch-grass",NA,NA
"819","CWHvh1/Em02","Pacific glasswort – Saltgrass",NA,NA
"820","CWHvh1/Em05","Lyngbye's sedge",NA,NA
"821","CWHvh1/Em07","Common spikerush – Lyngbye's sedge",NA,NA
"822","CWHvh1/Es01","Crabapple – Lily-of-the-valley – Angelicas",NA,NA
"823","CWHvh1/Es02","Sitka willow – Lily-of-the-valley",NA,NA
"824","CWHvh1/Fl51","Dr – Salmonberry – Horsetail","Fl","low fluvial bench"
"825","CWHvh1/Fm54","MbDr – Salmonberry – Sword fern","Fm","mid fluvial bench"
"826","CWHvh1/Ro61","Grey rock moss – Clad lichens","Ro","rocky outcrop"
"827","CWHvh1/Ro61.1","Grey rock moss – Clad lichens; Typic variation","Ro","rocky outcrop"
"828","CWHvh1/Ro61.2","Grey rock moss – Clad lichens; Parsley fern variation","Ro","rocky outcrop"
"829","CWHvh1/Wb51","Plc – Crowberry – Peat mosses","Wb","wetland bog "
"830","CWHvh1/Wb53","PlcYc – Tufted clubrush","Wb","wetland bog "
"831","CWHvh1/Wb53.2","PlcYc – Tufted clubrush; Tall shrub variation","Wb","wetland bog "
"832","CWHvh1/Wb53.3","PlcYc – Tufted clubrush; Low shrub variation","Wb","wetland bog "
"833","CWHvh1/Wf50","Narrow-leaved cotton-grass – Peat mosses","Wf","wetland fen"
"834","CWHvh1/Wf51","Sitka sedge – Peat mosses","Wf","wetland fen"
"835","CWHvh1/Wf52","Sweet gale – Sitka sedge","Wf","wetland fen"
"836","CWHvh1/Wm50","Sitka sedge – Water-parsley","Wm","wetland marsh"
"837","CWHvh1/Ws50","Pink spirea – Sitka sedge","Ws","wetland swamp"
"838","CWHvh1/Ws51","Sitka willow – Pacific willow – Skunk cabbage","Ws","wetland swamp"
"839","CWHvh1/Ws54","CwHw – Azalea – Skunk cabbage","Ws","wetland swamp"
"840","CWHvh1/Ws54.1","CwHw – Azalea – Skunk cabbage; Typic variation","Ws","wetland swamp"
"841","CWHvh1/Ws56","SsHw – Skunk cabbage","Ws","wetland swamp"
"842","CWHvh1/Ws56.2","SsHw – Skunk cabbage; CwSs variation","Ws","wetland swamp"
"843","CWHvh1/Ws58","CwHw – Slough sedge","Ws","wetland swamp"
"844","CWHvh1/Ws58.1","CwHw – Slough sedge; Typic variation","Ws","wetland swamp"
"845","CWHvh1/Ws60","Ss – Crabapple – Slough sedge","SS","salt spray"
"846","CWHvh2/101","CwHw – Salal – Deer fern",NA,NA
"847","CWHvh2/102","PlcYc – Salal – Crowberry",NA,NA
"848","CWHvh2/103","CwHw – Salal – Labrador tea",NA,NA
"849","CWHvh2/104","HwBa – Deer fern – Lanky moss",NA,NA
"850","CWHvh2/105","HwBa – Deer fern – Sword fern",NA,NA
"851","CWHvh2/110","HwBa – Deer fern – Foamflower",NA,NA
"852","CWHvh2/111","BaHwSs – Devil's club – Salmonberry",NA,NA
"853","CWHvh2/112","SsHw – Salmonberry – Lily-of-the-valley","Fh","high fluvial bench"
"854","CWHvh2/113","CwYc – Salal – Deer fern – Peat mosses",NA,NA
"855","CWHvh2/120","Ss – Salal – Beaked mosses","SS","salt spray"
"856","CWHvh2/120.1","Ss – Salal – Beaked mosses; Salal variation","SS","salt spray"
"857","CWHvh2/120.2","Ss – Salal – Beaked mosses; Reedgrass variation","SS","salt spray"
"858","CWHvh2/Bb01","American searocket – Seabeach sandwort","Bb","beachland"
"859","CWHvh2/Bb02","Dune lymegrass","Bb","beachland"
"860","CWHvh2/Bb02.1","Dune lymegrass; Typic variation","Bb","beachland"
"861","CWHvh2/Bb02.2","Dune lymegrass; Sparse variation","Bb","beachland"
"862","CWHvh2/Bb02.3","Dune lymegrass; Beach peavine variation","Bb","beachland"
"863","CWHvh2/Bb03","Large-headed sedge – Dune bluegrass","Bb","beachland"
"864","CWHvh2/Bb04","Silver burr ragweed","Bb","beachland"
"865","CWHvh2/Bb05","Beach strawberry – Red fescue – Dune tansy","Bb","beachland"
"866","CWHvh2/Bb06","Salal – Slender beaked moss","Bb","beachland"
"867","CWHvh2/Bb07","Kinnikinnick – Grey rock moss","Bb","beachland"
"868","CWHvh2/Bb08","Field wormwood – Red fescue – Grey rock moss","Bb","beachland"
"869","CWHvh2/Bb09","Grey rock moss","Bb","beachland"
"870","CWHvh2/Bb10","Dune bluegrass","Bb","beachland"
"871","CWHvh2/Bb11","Yellow sand-verbena","Bb","beachland"
"872","CWHvh2/Ed01","Tufted hairgrass – Meadow barley",NA,NA
"873","CWHvh2/Ed02","Tufted hairgrass – Douglas' neoaster",NA,NA
"874","CWHvh2/Ed04","Cow parsnip – Silverweed cinquefoil",NA,NA
"875","CWHvh2/Em01","Sea ditch-grass",NA,NA
"876","CWHvh2/Em02","Pacific glasswort – Saltgrass",NA,NA
"877","CWHvh2/Em04","Seaside plantain – Dwarf alkaligrass",NA,NA
"878","CWHvh2/Em05","Lyngbye's sedge",NA,NA
"879","CWHvh2/Em06","Lyngbye's sedge – Water-hemlock",NA,NA
"880","CWHvh2/Em07","Common spikerush – Lyngbye's sedge",NA,NA
"881","CWHvh2/Es01","Crabapple – Lily-of-the-valley – Angelicas",NA,NA
"882","CWHvh2/Es02","Sitka willow – Lily-of-the-valley",NA,NA
"883","CWHvh2/Fl51","Dr – Salmonberry – Horsetail","Fl","low fluvial bench"
"884","CWHvh2/Fm54","MbDr – Salmonberry – Sword fern","Fm","mid fluvial bench"
"885","CWHvh2/Ro61","Grey rock moss – Clad lichens","Ro","rocky outcrop"
"886","CWHvh2/Ro61.1","Grey rock moss – Clad lichens; Typic variation","Ro","rocky outcrop"
"887","CWHvh2/Ro61.2","Grey rock moss – Clad lichens; Parsley fern variation","Ro","rocky outcrop"
"888","CWHvh2/Wb51","Plc – Crowberry – Peat mosses","Wb","wetland bog "
"889","CWHvh2/Wb53","PlcYc – Tufted clubrush","Wb","wetland bog "
"890","CWHvh2/Wb53.2","PlcYc – Tufted clubrush; Tall shrub variation","Wb","wetland bog "
"891","CWHvh2/Wb53.3","PlcYc – Tufted clubrush; Low shrub variation","Wb","wetland bog "
"892","CWHvh2/Wb57","PlcYc – Deer cabbage – Peat mosses","Wb","wetland bog "
"893","CWHvh2/Wf50","Narrow-leaved cotton-grass – Peat mosses","Wf","wetland fen"
"894","CWHvh2/Wf51","Sitka sedge – Peat mosses","Wf","wetland fen"
"895","CWHvh2/Wf52","Sweet gale – Sitka sedge","Wf","wetland fen"
"896","CWHvh2/Wf52.1","Sweet gale – Sitka sedge; Typic variation","Wf","wetland fen"
"897","CWHvh2/Wm50","Sitka sedge – Water-parsley","Wm","wetland marsh"
"898","CWHvh2/Wm50.1","Sitka sedge – Water-parsley; Typic variation","Wm","wetland marsh"
"899","CWHvh2/Ws54","CwHw – Azalea – Skunk cabbage","Ws","wetland swamp"
"900","CWHvh2/Ws54.1","CwHw – Azalea – Skunk cabbage; Typic variation","Ws","wetland swamp"
"901","CWHvh2/Ws54.2","CwHw – Azalea – Skunk cabbage; Yc variation","Ws","wetland swamp"
"902","CWHvh2/Ws55","YcHm – Skunk cabbage","Ws","wetland swamp"
"903","CWHvh2/Ws56","SsHw – Skunk cabbage","Ws","wetland swamp"
"904","CWHvh2/Ws56.2","SsHw – Skunk cabbage; CwSs variation","Ws","wetland swamp"
"905","CWHvh2/Ws56.3","SsHw – Skunk cabbage; HwSs variation","Ws","wetland swamp"
"906","CWHvh2/Ws58","CwHw – Slough sedge","Ws","wetland swamp"
"907","CWHvh2/Ws58.1","CwHw – Slough sedge; Typic variation","Ws","wetland swamp"
"908","CWHvh2/Ws58.2","CwHw – Slough sedge; Yc variation","Ws","wetland swamp"
"909","CWHvh2/Ws60","Ss – Crabapple – Slough sedge","SS","salt spray"
"910","CWHvh3/101","CwHw – Salal  – Deer fern",NA,NA
"911","CWHvh3/101a","CwHw – Salal  – Deer fern; Mineral phase",NA,NA
"912","CWHvh3/101b","CwHw – Salal  – Deer fern; Lithic phase",NA,NA
"913","CWHvh3/101c","CwHw – Salal  – Deer fern; Peaty phase",NA,NA
"914","CWHvh3/102","PlcYc – Crowberry – Rock moss",NA,NA
"915","CWHvh3/103","Ss – Salal","SS","salt spray"
"916","CWHvh3/103.1","Ss – Salal; typic variation",NA,NA
"917","CWHvh3/103.2","Ss – Salal; reedgrass variation",NA,NA
"918","CWHvh3/104","SsHw – Oregon beaked moss","SS","salt spray"
"919","CWHvh3/105","HwSs – Lanky moss",NA,NA
"920","CWHvh3/105a","HwSs – Lanky moss; Mineral phase",NA,NA
"921","CWHvh3/105b","HwSs – Lanky moss; Lithic phase",NA,NA
"922","CWHvh3/106","CwSs – Sword fern",NA,NA
"923","CWHvh3/106a","CwSs – Sword fern; Mineral phase",NA,NA
"924","CWHvh3/106b","CwSs – Sword fern; Lithic phase",NA,NA
"925","CWHvh3/106c","CwSs – Sword fern; Limestone phase",NA,NA
"926","CWHvh3/110","CwSs – Foamflower",NA,NA
"927","CWHvh3/110a","CwSs – Foamflower; Colluvial/morainal phase",NA,NA
"928","CWHvh3/110b","CwSs – Foamflower; Alluvial fan phase",NA,NA
"929","CWHvh3/110c","CwSs – Foamflower; Limestone phase",NA,NA
"930","CWHvh3/111","Ss – Lily-of-the-valley","Fh","high fluvial bench"
"931","CWHvh3/112","Ss – Trisetum","Fm","mid fluvial bench"
"932","CWHvh3/113","Dr – Trisetum",NA,NA
"933","CWHvh3/114","CwSs – Devil's club",NA,NA
"934","CWHvh3/115","CwYc – Salal – Goldthread",NA,NA
"935","CWHvh3/116","Ss – Pacific crabapple – Slough sedge","SS","salt spray"
"936","CWHvh3/117","CwSs – Skunk cabbage",NA,NA
"937","CWHvh3/117a","CwSs – Skunk cabbage; Mineral phase",NA,NA
"938","CWHvh3/117b","CwSs – Skunk cabbage; Organic phase",NA,NA
"939","CWHvh3/Bb01","American searocket – Seabeach sandwort","Bb","beachland"
"940","CWHvh3/Bb02","Dune lymegrass","Bb","beachland"
"941","CWHvh3/Ed01","Tufted hairgrass – Meadow barley",NA,NA
"942","CWHvh3/Wb53","PlcYc – Tufted clubrush","Wb","wetland bog "
"943","CWHvh3/Wb53.1","PlcYc – Tufted clubrush; Wooded variation","Wb","wetland bog "
"944","CWHvh3/Wb53.2","PlcYc – Tufted clubrush; Tall shrub variation","Wb","wetland bog "
"945","CWHvh3/Wb54","Yc – Tufted clubrush – Tufted hairgrass","Wb","wetland bog "
"946","CWHvh3/Wf51","Sitka sedge – Peat mosses","Wf","wetland fen"
"947","CWHvh3/Ws58","CwYc – Slough sedge","Ws","wetland swamp"
"948","CWHvm1/101","HwBa – Blueberry – Lanky moss",NA,NA
"949","CWHvm1/102","PlcHw – Salal – Reindeer lichens",NA,NA
"950","CWHvm1/103","CwHw – Salal – Deer fern",NA,NA
"951","CWHvm1/104","FdcHw – Blueberry – Salal","IN","insolation"
"952","CWHvm1/105","HwBa – Deer fern – Sword fern",NA,NA
"953","CWHvm1/110","HwBa – Sword fern – Foamflower",NA,NA
"954","CWHvm1/111","HwCw – Deer fern – Lanky moss",NA,NA
"955","CWHvm1/111.1","HwCw – Deer fern – Lanky moss; Deer fern variation",NA,NA
"956","CWHvm1/111.2","HwCw – Deer fern – Lanky moss; Salal variation",NA,NA
"957","CWHvm1/112","BaHw – Salmonberry – Devil's club",NA,NA
"958","CWHvm1/112.1","BaHw – Salmonberry – Devil's club; Salmonberry variation",NA,NA
"959","CWHvm1/112.2","BaHw – Salmonberry – Devil's club; Devil's club variation",NA,NA
"960","CWHvm1/113","CwHwYc – Goldthread – Peat mosses",NA,NA
"961","CWHvm1/114","SsHw – Salmonberry – Lily-of-the-valley","Fh","high fluvial bench"
"962","CWHvm1/Bb01","American searocket – Seabeach sandwort","Bb","beachland"
"963","CWHvm1/Bb02","Dune lymegrass","Bb","beachland"
"964","CWHvm1/Ed01","Tufted hairgrass – Meadow barley",NA,NA
"965","CWHvm1/Ed02","Tufted hairgrass – Douglas' neoaster",NA,NA
"966","CWHvm1/Ed03","Arctic rush – Alaska plantain",NA,NA
"967","CWHvm1/Ed04","Cow parsnip – Silverweed cinquefoil",NA,NA
"968","CWHvm1/Em01","Sea ditch-grass",NA,NA
"969","CWHvm1/Em02","Pacific glasswort – Saltgrass",NA,NA
"970","CWHvm1/Em04","Seaside plantain – Dwarf alkaligrass",NA,NA
"971","CWHvm1/Em05","Lyngbye's sedge",NA,NA
"972","CWHvm1/Em07","Common spikerush – Lyngbye's sedge",NA,NA
"973","CWHvm1/Es01","Crabapple – Lily-of-the-valley – Angelicas",NA,NA
"974","CWHvm1/Es02","Sitka willow – Lily-of-the-valley",NA,NA
"975","CWHvm1/Fl51","Dr – Salmonberry – Horsetail","Fl","low fluvial bench"
"976","CWHvm1/Fl52","Sitka willow – Salmonberry – Horsetail","Fl","low fluvial bench"
"977","CWHvm1/Fm50","ActDr – Salmonberry","Fm","mid fluvial bench"
"978","CWHvm1/Fm50.1","ActDr – Salmonberry; Salmonberry variation","Fm","mid fluvial bench"
"979","CWHvm1/Fm50.2","ActDr – Salmonberry; Devil's club variation","Fm","mid fluvial bench"
"980","CWHvm1/Fm54","MbDr – Salmonberry – Sword fern","Fm","mid fluvial bench"
"981","CWHvm1/Ro60","Wallace's selaginella – Long rock moss","Ro","rocky outcrop"
"982","CWHvm1/Ro60.2","Wallace's selaginella – Long rock moss; Parsley fern variation","Ro","rocky outcrop"
"983","CWHvm1/Ro61","Grey rock moss – Clad lichens","Ro","rocky outcrop"
"984","CWHvm1/Ro61.1","Grey rock moss – Clad lichens; Typic variation","Ro","rocky outcrop"
"985","CWHvm1/Ro61.2","Grey rock moss – Clad lichens; Parsley fern variation","Ro","rocky outcrop"
"986","CWHvm1/Ro62","Mountain-heather – Rock mosses","Ro","rocky outcrop"
"987","CWHvm1/Vs60","Sitka alder – Salmonberry – Lady fern","Vs","avalanche shrub"
"988","CWHvm1/Vs60.1","Sitka alder – Salmonberry – Lady fern; Typic variation","Vs","avalanche shrub"
"989","CWHvm1/Vs60.2","Sitka alder – Salmonberry – Lady fern; Salmonberry variation","Vs","avalanche shrub"
"990","CWHvm1/Wb50","Labrador tea – Bog-laurel – Peat mosses","Wb","wetland bog "
"991","CWHvm1/Wb51","Plc – Crowberry – Peat mosses","Wb","wetland bog "
"992","CWHvm1/Wb53","PlcYc – Tufted clubrush","Wb","wetland bog "
"993","CWHvm1/Wb53.2","PlcYc – Tufted clubrush; Tall shrub variation","Wb","wetland bog "
"994","CWHvm1/Wb53.3","PlcYc – Tufted clubrush; Low shrub variation","Wb","wetland bog "
"995","CWHvm1/Wb55","Plc – Labrador tea – Peat mosses","Wb","wetland bog "
"996","CWHvm1/Wb55.1","Plc – Labrador tea – Peat mosses; Typic variation","Wb","wetland bog "
"997","CWHvm1/Wb56","PlcHw – Salal – Peat mosses","Wb","wetland bog "
"998","CWHvm1/Wf50","Narrow-leaved cotton-grass – Peat mosses","Wf","wetland fen"
"999","CWHvm1/Wf51","Sitka sedge – Peat mosses","Wf","wetland fen"
"1000","CWHvm1/Wf52","Sweet gale – Sitka sedge","Wf","wetland fen"
"1001","CWHvm1/Wf52.1","Sweet gale – Sitka sedge; Typic variation","Wf","wetland fen"
"1002","CWHvm1/Wf53","Slender sedge – White beakrush","Wf","wetland fen"
"1003","CWHvm1/Wm06","Soft-stemmed bulrush","Wm","wetland marsh"
"1004","CWHvm1/Wm50","Sitka sedge – Water-parsley","Wm","wetland marsh"
"1005","CWHvm1/Wm50.3","Sitka sedge – Water-parsley; Inflated sedge variation","Wm","wetland marsh"
"1006","CWHvm1/Ws50","Pink spirea – Sitka sedge","Ws","wetland swamp"
"1007","CWHvm1/Ws51","Sitka willow – Pacific willow – Skunk cabbage","Ws","wetland swamp"
"1008","CWHvm1/Ws51.2","Sitka willow – Pacific willow – Skunk cabbage; Small-flowered bulrush variation","Ws","wetland swamp"
"1009","CWHvm1/Ws54","CwHw – Azalea – Skunk cabbage","Ws","wetland swamp"
"1010","CWHvm1/Ws54.1","CwHw – Azalea – Skunk cabbage; Typic variation","Ws","wetland swamp"
"1011","CWHvm1/Ws56","SsHw – Skunk cabbage","Ws","wetland swamp"
"1012","CWHvm1/Ws56.1","SsHw – Skunk cabbage; CwHw variation","Ws","wetland swamp"
"1013","CWHvm1/Ws58","CwHw – Slough sedge","Ws","wetland swamp"
"1014","CWHvm1/Ws58.1","CwHw – Slough sedge; Typic variation","Ws","wetland swamp"
"1015","CWHvm1/Ws60","Ss – Crabapple – Slough sedge","SS","salt spray"
"1016","CWHvm2/101","HwBaYc – Blueberry – Lanky moss",NA,NA
"1017","CWHvm2/102","HwFdc – Salal – Rock mosses",NA,NA
"1018","CWHvm2/103","HwYc – Salal – Step moss",NA,NA
"1019","CWHvm2/104","HmYc – Copperbush – Mountain-heaths","SN","late snow"
"1020","CWHvm2/105","FdcHw – Blueberry – Salal","IN","insolation"
"1021","CWHvm2/110","HwBa – Blueberry – Foamflower",NA,NA
"1022","CWHvm2/111","HmBaYc – Deer fern – Lanky moss",NA,NA
"1023","CWHvm2/111.1","HmBaYc – Deer fern – Lanky moss; Deer fern variation",NA,NA
"1024","CWHvm2/111.2","HmBaYc – Deer fern – Lanky moss; Salal variation",NA,NA
"1025","CWHvm2/112","BaHw – Salmonberry – Devil's club",NA,NA
"1026","CWHvm2/112.1","BaHw – Salmonberry – Devil's club; Salmonberry variation",NA,NA
"1027","CWHvm2/112.2","BaHw – Salmonberry – Devil's club; Devil's club variation",NA,NA
"1028","CWHvm2/113","HmYc – Goldthread – Peat mosses",NA,NA
"1029","CWHvm2/114","HmYc – Deer cabbage – Peat mosses",NA,NA
"1030","CWHvm2/115","BaHwHm – Hellebore",NA,NA
"1031","CWHvm2/Es02","Sitka willow – Lily-of-the-valley",NA,NA
"1032","CWHvm2/Ro60","Wallace's selaginella – Long rock moss","Ro","rocky outcrop"
"1033","CWHvm2/Ro61","Grey rock moss – Clad lichens","Ro","rocky outcrop"
"1034","CWHvm2/Ro61.1","Grey rock moss – Clad lichens; Typic variation","Ro","rocky outcrop"
"1035","CWHvm2/Ro62","Mountain-heather – Rock mosses","Ro","rocky outcrop"
"1036","CWHvm2/Vh60","Lady fern – Cow parsnip – Goatsbeard","Vh","avalanche herb"
"1037","CWHvm2/Vs60","Sitka alder – Salmonberry – Lady fern","Vs","avalanche shrub"
"1038","CWHvm2/Vs60.1","Sitka alder – Salmonberry – Lady fern; Typic variation","Vs","avalanche shrub"
"1039","CWHvm2/Vs60.2","Sitka alder – Salmonberry – Lady fern; Salmonberry variation","Vs","avalanche shrub"
"1040","CWHvm2/Wb51","Plc – Crowberry – Peat mosses","Wb","wetland bog "
"1041","CWHvm2/Wb53","PlcYc – Tufted clubrush","Wb","wetland bog "
"1042","CWHvm2/Wb53.2","PlcYc – Tufted clubrush; Tall shrub variation","Wb","wetland bog "
"1043","CWHvm2/Wb53.3","PlcYc – Tufted clubrush; Low shrub variation","Wb","wetland bog "
"1044","CWHvm2/Wb55","Plc – Labrador tea – Peat mosses","Wb","wetland bog "
"1045","CWHvm2/Wb55.1","Plc – Labrador tea – Peat mosses; Typic variation","Wb","wetland bog "
"1046","CWHvm2/Wb58","YcHm – Narrow-leaved cotton-grass – Peat mosses","Wb","wetland bog "
"1047","CWHvm2/Wf50","Narrow-leaved cotton-grass – Peat mosses","Wf","wetland fen"
"1048","CWHvm2/Wf51","Sitka sedge – Peat mosses","Wf","wetland fen"
"1049","CWHvm2/Wf52","Sweet gale – Sitka sedge","Wf","wetland fen"
"1050","CWHvm2/Wf52.1","Sweet gale – Sitka sedge; Typic variation","Wf","wetland fen"
"1051","CWHvm2/Ws54","CwHw – Azalea – Skunk cabbage","Ws","wetland swamp"
"1052","CWHvm2/Ws54.1","CwHw – Azalea – Skunk cabbage; Typic variation","Ws","wetland swamp"
"1053","CWHvm2/Ws55","YcHm – Skunk cabbage","Ws","wetland swamp"
"1054","CWHvm3/101","HwBa – Blueberry – Lanky moss",NA,NA
"1055","CWHvm3/102","PlcHw – Salal – Reindeer lichens",NA,NA
"1056","CWHvm3/103","CwHw – Salal – Deer fern",NA,NA
"1057","CWHvm3/104","HwBa – Deer fern – Sword fern",NA,NA
"1058","CWHvm3/110","HwBa – Wood fern – Foamflower",NA,NA
"1059","CWHvm3/111","HwCw – Deer fern – Lanky moss",NA,NA
"1060","CWHvm3/111.1","HwCw – Deer fern – Lanky moss; Deer fern variation",NA,NA
"1061","CWHvm3/111.2","HwCw – Deer fern – Lanky moss; Salal variation",NA,NA
"1062","CWHvm3/112","BaHwSs – Devil's club – Salmonberry",NA,NA
"1063","CWHvm3/112.1","BaHwSs – Devil's club – Salmonberry; Salmonberry variation",NA,NA
"1064","CWHvm3/112.2","BaHwSs – Devil's club – Salmonberry; Devil's club variation",NA,NA
"1065","CWHvm3/113","CwHwYc – Goldthread – Peat mosses",NA,NA
"1066","CWHvm3/114","SsHw – Salmonberry – Devil's club","Fh","high fluvial bench"
"1067","CWHvm3/Bb01","American searocket – Seabeach sandwort","Bb","beachland"
"1068","CWHvm3/Bb02","Dune lymegrass","Bb","beachland"
"1069","CWHvm3/Ed01","Tufted hairgrass – Meadow barley",NA,NA
"1070","CWHvm3/Ed02","Tufted hairgrass – Douglas' neoaster",NA,NA
"1071","CWHvm3/Ed03","Arctic rush – Alaska plantain",NA,NA
"1072","CWHvm3/Ed04","Cow parsnip – Silverweed cinquefoil",NA,NA
"1073","CWHvm3/Em01","Sea ditch-grass",NA,NA
"1074","CWHvm3/Em02","Pacific glasswort – Saltgrass",NA,NA
"1075","CWHvm3/Em04","Seaside plantain – Dwarf alkaligrass",NA,NA
"1076","CWHvm3/Em05","Lyngbye's sedge",NA,NA
"1077","CWHvm3/Em06","Lyngbye's sedge – Water-hemlock",NA,NA
"1078","CWHvm3/Em07","Common spikerush – Lyngbye's sedge",NA,NA
"1079","CWHvm3/Es01","Crabapple – Lily-of-the-valley – Angelicas",NA,NA
"1080","CWHvm3/Es02","Sitka willow – Lily-of-the-valley",NA,NA
"1081","CWHvm3/Fl51","Dr – Salmonberry – Horsetail","Fl","low fluvial bench"
"1082","CWHvm3/Fl52","Sitka willow – Salmonberry – Horsetail","Fl","low fluvial bench"
"1083","CWHvm3/Fm50","ActDr – Salmonberry","Fm","mid fluvial bench"
"1084","CWHvm3/Fm50.1","ActDr – Salmonberry; Salmonberry variation","Fm","mid fluvial bench"
"1085","CWHvm3/Fm50.2","ActDr – Salmonberry; Devil's club variation","Fm","mid fluvial bench"
"1086","CWHvm3/Ro61","Grey rock moss – Clad lichens","Ro","rocky outcrop"
"1087","CWHvm3/Ro61.1","Grey rock moss – Clad lichens; Typic variation","Ro","rocky outcrop"
"1088","CWHvm3/Ro61.2","Grey rock moss – Clad lichens; Parsley fern variation","Ro","rocky outcrop"
"1089","CWHvm3/Vh60","Lady fern – Cow parsnip – Goatsbeard","Vh","avalanche herb"
"1090","CWHvm3/Vs60","Sitka alder – Salmonberry – Lady fern","Vs","avalanche shrub"
"1091","CWHvm3/Vs60.1","Sitka alder – Salmonberry – Lady fern; Typic variation","Vs","avalanche shrub"
"1092","CWHvm3/Wb51","Plc – Crowberry – Peat mosses","Wb","wetland bog "
"1093","CWHvm3/Wb53","PlcYc – Tufted clubrush","Wb","wetland bog "
"1094","CWHvm3/Wb53.2","PlcYc – Tufted clubrush; Tall shrub variation","Wb","wetland bog "
"1095","CWHvm3/Wb53.3","PlcYc – Tufted clubrush; Low shrub variation","Wb","wetland bog "
"1096","CWHvm3/Wf51","Sitka sedge – Peat mosses","Wf","wetland fen"
"1097","CWHvm3/Wf52","Sweet gale – Sitka sedge","Wf","wetland fen"
"1098","CWHvm3/Wm50","Sitka sedge – Water-parsley","Wm","wetland marsh"
"1099","CWHvm3/Wm50.1","Sitka sedge – Water-parsley; Typic variation","Wm","wetland marsh"
"1100","CWHvm3/Wm52","Water horsetail – Sitka sedge","Wm","wetland marsh"
"1101","CWHvm3/Ws50","Pink spirea – Sitka sedge","Ws","wetland swamp"
"1102","CWHvm3/Ws51","Sitka willow – Pacific willow – Skunk cabbage","Ws","wetland swamp"
"1103","CWHvm3/Ws51.1","Sitka willow – Pacific willow – Skunk cabbage; Typic variation","Ws","wetland swamp"
"1104","CWHvm3/Ws54","CwHw – Azalea – Skunk cabbage","Ws","wetland swamp"
"1105","CWHvm3/Ws54.1","CwHw – Azalea – Skunk cabbage; Typic variation","Ws","wetland swamp"
"1106","CWHvm3/Ws56","SsHw – Skunk cabbage","Ws","wetland swamp"
"1107","CWHvm3/Ws56.3","SsHw – Skunk cabbage; HwSs variation","Ws","wetland swamp"
"1108","CWHvm3/Ws58","CwHw – Slough sedge","Ws","wetland swamp"
"1109","CWHvm3/Ws58.1","CwHw – Slough sedge; Typic variation","Ws","wetland swamp"
"1110","CWHvm3/Ws60","Ss – Crabapple – Slough sedge","SS","salt spray"
"1111","CWHvm4/101","HwBaYc – Blueberry – Lanky moss",NA,NA
"1112","CWHvm4/102","YcHm – Crowberry – Reindeer lichens",NA,NA
"1113","CWHvm4/103","HmBaYc – Salal – Azalea",NA,NA
"1114","CWHvm4/104","HmYc – Copperbush – Mountain-heaths","SN","late snow"
"1115","CWHvm4/110","HwBa – Blueberry – Foamflower",NA,NA
"1116","CWHvm4/111","HmBaYc – Salal – Deer fern",NA,NA
"1117","CWHvm4/112","HwBa – Devil's club – Oak fern",NA,NA
"1118","CWHvm4/113","HmYc – Goldthread – Peat mosses",NA,NA
"1119","CWHvm4/Ed02","Tufted hairgrass – Douglas' neoaster",NA,NA
"1120","CWHvm4/Ed04","Cow parsnip – Silverweed cinquefoil",NA,NA
"1121","CWHvm4/Ro61","Grey rock moss – Clad lichens","Ro","rocky outcrop"
"1122","CWHvm4/Ro61.1","Grey rock moss – Clad lichens; Typic variation","Ro","rocky outcrop"
"1123","CWHvm4/Ro61.2","Grey rock moss – Clad lichens; Parsley fern variation","Ro","rocky outcrop"
"1124","CWHvm4/Ro62","Mountain-heather – Rock mosses","Ro","rocky outcrop"
"1125","CWHvm4/Vh60","Lady fern – Cow parsnip – Goatsbeard","Vh","avalanche herb"
"1126","CWHvm4/Vs60","Sitka alder – Salmonberry – Lady fern","Vs","avalanche shrub"
"1127","CWHvm4/Vs60.1","Sitka alder – Salmonberry – Lady fern; Typic variation","Vs","avalanche shrub"
"1128","CWHvm4/Vs60.2","Sitka alder – Salmonberry – Lady fern; Salmonberry variation","Vs","avalanche shrub"
"1129","CWHvm4/Wb51","Plc – Crowberry – Peat mosses","Wb","wetland bog "
"1130","CWHvm4/Wb53","PlcYc – Tufted clubrush","Wb","wetland bog "
"1131","CWHvm4/Wb53.2","PlcYc – Tufted clubrush; Tall shrub variation","Wb","wetland bog "
"1132","CWHvm4/Wb53.3","PlcYc – Tufted clubrush; Low shrub variation","Wb","wetland bog "
"1133","CWHvm4/Wb58","YcHm – Narrow-leaved cotton-grass – Peat mosses","Wb","wetland bog "
"1134","CWHvm4/Wf50","Narrow-leaved cotton-grass – Peat mosses","Wf","wetland fen"
"1135","CWHvm4/Wf51","Sitka sedge – Peat mosses","Wf","wetland fen"
"1136","CWHvm4/Ws54","CwHw – Azalea – Skunk cabbage","Ws","wetland swamp"
"1137","CWHvm4/Ws54.1","CwHw – Azalea – Skunk cabbage; Typic variation","Ws","wetland swamp"
"1138","CWHvm4/Ws55","YcHm – Skunk cabbage","Ws","wetland swamp"
"1139","CWHvm4/Ws56","SsHw – Skunk cabbage","Ws","wetland swamp"
"1140","CWHvm4/Ws56.2","SsHw – Skunk cabbage; CwSs variation","Ws","wetland swamp"
"1141","CWHvm4/Ws56.3","SsHw – Skunk cabbage; HwSs variation","Ws","wetland swamp"
"1142","CWHwh1/101","HwSs – Lanky moss",NA,NA
"1143","CWHwh1/101a","HwSs – Lanky moss; Mesic phase",NA,NA
"1144","CWHwh1/101b","HwSs – Lanky moss; Moister phase",NA,NA
"1145","CWHwh1/102","CwHw – Salal – Oregon beaked moss",NA,NA
"1146","CWHwh1/103","Ss – Salal","SS","salt spray"
"1147","CWHwh1/103.1","Ss – Salal ; typic variation",NA,NA
"1148","CWHwh1/103.2","Ss – Salal; reedgrass variation",NA,NA
"1149","CWHwh1/104","SsHw – Oregon beaked moss","SS","salt spray"
"1150","CWHwh1/105","CwSs – Sword fern",NA,NA
"1151","CWHwh1/105a","CwSs – Sword fern; Colluvial/morainal phase",NA,NA
"1152","CWHwh1/105b","CwSs – Sword fern; Limestone phase",NA,NA
"1153","CWHwh1/110","CwHw – Salal – Deer fern",NA,NA
"1154","CWHwh1/110a","CwHw – Salal – Deer fern; Podzolic phase",NA,NA
"1155","CWHwh1/110b","CwHw – Salal – Deer fern; Gleysolic/organic phase",NA,NA
"1156","CWHwh1/111","CwSs – Foamflower",NA,NA
"1157","CWHwh1/111a","CwSs – Foamflower; Colluvial/morainal phase",NA,NA
"1158","CWHwh1/111b","CwSs – Foamflower; Alluvial fan phase",NA,NA
"1159","CWHwh1/111c","CwSs – Foamflower; Limestone phase",NA,NA
"1160","CWHwh1/112","Ss – Lily-of-the-valley","Fh","high fluvial bench"
"1161","CWHwh1/113","Ss – Trisetum","Fm","mid fluvial bench"
"1162","CWHwh1/114","Dr – Trisetum",NA,NA
"1163","CWHwh1/115","CwYc – Salal – Goldthread",NA,NA
"1164","CWHwh1/116","CwSs – Snake liverwort",NA,NA
"1165","CWHwh1/117","Ss – Pacific crabapple – Slough sedge","SS","salt spray"
"1166","CWHwh1/118","CwSs – Skunk cabbage",NA,NA
"1167","CWHwh1/118a","CwSs – Skunk cabbage; Mineral phase",NA,NA
"1168","CWHwh1/118b","CwSs – Skunk cabbage; Organic phase",NA,NA
"1169","CWHwh1/Bb01","American searocket – Seabeach sandwort","Bb","beachland"
"1170","CWHwh1/Bb02","Dune lymegrass","Bb","beachland"
"1171","CWHwh1/Bb02$1","European beachgrass","Bb","beachland"
"1172","CWHwh1/Bb03","Large-headed sedge – Dune bluegrass","Bb","beachland"
"1173","CWHwh1/Ed01","Tufted hairgrass – Meadow barley",NA,NA
"1174","CWHwh1/Ed03","Arctic rush – Alaska plantain",NA,NA
"1175","CWHwh1/Em01","Sea ditch-grass",NA,NA
"1176","CWHwh1/Em02","Pacific glasswort – Saltgrass",NA,NA
"1177","CWHwh1/Wb51","Plc – Crowberry – Austin's peat moss","Wb","wetland bog "
"1178","CWHwh1/Wb51.1","Plc – Crowberry – Austin's peat moss; Tall shrub variation","Wb","wetland bog "
"1179","CWHwh1/Wb51.2","Plc – Crowberry – Austin's peat moss; Wooded variation","Wb","wetland bog "
"1180","CWHwh1/Wb53","PlcYc – Tufted clubrush","Wb","wetland bog "
"1181","CWHwh1/Wb53.1","PlcYc – Tufted clubrush; Wooded variation","Wb","wetland bog "
"1182","CWHwh1/Wb53.2","PlcYc – Tufted clubrush; Tall shrub variation","Wb","wetland bog "
"1183","CWHwh1/Wf51","Sitka sedge – Peat mosses","Wf","wetland fen"
"1184","CWHwh1/Wf52","Sweet gale – Sitka sedge","Wf","wetland fen"
"1185","CWHwh1/Wm50","Sitka sedge – Water-parsley","Wm","wetland marsh"
"1186","CWHwh2/101","HwSs – Lanky moss",NA,NA
"1187","CWHwh2/101a","HwSs – Lanky moss; Mesic phase",NA,NA
"1188","CWHwh2/101b","HwSs – Lanky moss; Drier phase",NA,NA
"1189","CWHwh2/101c","HwSs – Lanky moss; Moister phase",NA,NA
"1190","CWHwh2/110","SsYc – Oak fern",NA,NA
"1191","CWHwh2/111","YcHm – Goldthread",NA,NA
"1192","CWHwh2/112","SsYc – Hellebore – Snake liverwort",NA,NA
"1193","CWHwh2/112a","SsYc – Hellebore – Snake liverwort; Hygric phase",NA,NA
"1194","CWHwh2/112b","SsYc – Hellebore – Snake liverwort ; Subhydric phase",NA,NA
"1195","CWHwh2/Wb53","PlcYc – Tufted clubrush","Wb","wetland bog "
"1196","CWHwm/101","HwSs – Blueberry – Lanky moss",NA,NA
"1197","CWHwm/101a","HwSs – Blueberry – Lanky moss; Typic phase",NA,NA
"1198","CWHwm/101b","HwSs – Blueberry – Lanky moss; Subxeric phase",NA,NA
"1199","CWHwm/102","YcHm – Crowberry – Reindeer lichens",NA,NA
"1200","CWHwm/110","HwSs – Wood fern – Oak fern",NA,NA
"1201","CWHwm/111","HmYc – Azalea – Peat mosses",NA,NA
"1202","CWHwm/112","SsHw – Devil's club – Wood fern",NA,NA
"1203","CWHwm/112a","SsHw – Devil's club – Wood fern; Typic phase",NA,NA
"1204","CWHwm/112b","SsHw – Devil's club – Wood fern; Fluvial phase",NA,NA
"1205","CWHwm/113","SsHw – Salmonberry – Devil's club","Fh","high fluvial bench"
"1206","CWHwm/Bb01","American searocket – Seabeach sandwort","Bb","beachland"
"1207","CWHwm/Bb02","Dune lymegrass","Bb","beachland"
"1208","CWHwm/Ed01","Tufted hairgrass – Meadow barley",NA,NA
"1209","CWHwm/Ed02","Tufted hairgrass – Douglas' neoaster",NA,NA
"1210","CWHwm/Em01","Sea ditch-grass",NA,NA
"1211","CWHwm/Em02","Pacific glasswort – Saltgrass",NA,NA
"1212","CWHwm/Em04","Seaside plantain – Dwarf alkaligrass",NA,NA
"1213","CWHwm/Em05","Lyngbye's sedge",NA,NA
"1214","CWHwm/Em06","Lyngbye's sedge – Water-hemlock",NA,NA
"1215","CWHwm/Em07","Common spikerush – Lyngbye's sedge",NA,NA
"1216","CWHwm/Es01","Crabapple – Lily-of-the-valley – Angelicas",NA,NA
"1217","CWHwm/Es02","Sitka willow – Lily-of-the-valley",NA,NA
"1218","CWHwm/Fl51","Dr – Salmonberry – Horsetail","Fl","low fluvial bench"
"1219","CWHwm/Fl52","Sitka willow – Salmonberry – Horsetail","Fl","low fluvial bench"
"1220","CWHwm/Fm50","ActDr – Salmonberry","Fm","mid fluvial bench"
"1221","CWHwm/Fm50.1","ActDr – Salmonberry; Salmonberry variation","Fm","mid fluvial bench"
"1222","CWHwm/Fm50.2","ActDr – Salmonberry; Devil's club variation","Fm","mid fluvial bench"
"1223","CWHwm/Fm51","ActDr – Dogwood – Devil's club","Fm","mid fluvial bench"
"1224","CWHwm/Ro61","Grey rock moss – Clad lichens","Ro","rocky outcrop"
"1225","CWHwm/Ro61.1","Grey rock moss – Clad lichens; Typic variation","Ro","rocky outcrop"
"1226","CWHwm/Ro61.2","Grey rock moss – Clad lichens; Parsley fern variation","Ro","rocky outcrop"
"1227","CWHwm/Ro62","Mountain-heather – Rock mosses","Ro","rocky outcrop"
"1228","CWHwm/Vh60","Lady fern – Cow parsnip – Goatsbeard","Vh","avalanche herb"
"1229","CWHwm/Vs60","Sitka alder – Salmonberry – Lady fern","Vs","avalanche shrub"
"1230","CWHwm/Vs60.1","Sitka alder – Salmonberry – Lady fern; Typic variation","Vs","avalanche shrub"
"1231","CWHwm/Vs60.2","Sitka alder – Salmonberry – Lady fern; Salmonberry variation","Vs","avalanche shrub"
"1232","CWHwm/Wb51","Plc – Crowberry – Peat mosses","Wb","wetland bog "
"1233","CWHwm/Wb53","PlcYc – Tufted clubrush","Wb","wetland bog "
"1234","CWHwm/Wb53.3","PlcYc – Tufted clubrush; Low shrub variation","Wb","wetland bog "
"1235","CWHwm/Wb57","PlcYc – Deer cabbage – Peat mosses","Wb","wetland bog "
"1236","CWHwm/Wf50","Narrow-leaved cotton-grass – Peat mosses","Wf","wetland fen"
"1237","CWHwm/Wf51","Sitka sedge – Peat mosses","Wf","wetland fen"
"1238","CWHwm/Wf52","Sweet gale – Sitka sedge","Wf","wetland fen"
"1239","CWHwm/Wf52.1","Sweet gale – Sitka sedge; Typic variation","Wf","wetland fen"
"1240","CWHwm/Wf52.2","Sweet gale – Sitka sedge; Bluejoint reedgrass variation","Wf","wetland fen"
"1241","CWHwm/Wm50","Sitka sedge – Water-parsley","Wm","wetland marsh"
"1242","CWHwm/Wm50.1","Sitka sedge – Water-parsley; Typic variation","Wm","wetland marsh"
"1243","CWHwm/Wm52","Water horsetail – Sitka sedge","Wm","wetland marsh"
"1244","CWHwm/Ws51","Sitka willow – Pacific willow – Skunk cabbage","Ws","wetland swamp"
"1245","CWHwm/Ws51.1","Sitka willow – Pacific willow – Skunk cabbage; Typic variation","Ws","wetland swamp"
"1246","CWHwm/Ws51.2","Sitka willow – Pacific willow – Skunk cabbage; Small-flowered bulrush variation","Ws","wetland swamp"
"1247","CWHwm/Ws55","YcHm – Skunk cabbage","Ws","wetland swamp"
"1248","CWHwm/Ws56","SsHw – Skunk cabbage","Ws","wetland swamp"
"1249","CWHwm/Ws56.3","SsHw – Skunk cabbage; HwSs variation","Ws","wetland swamp"
"1250","CWHwm/Ws60","Ss – Crabapple – Slough sedge","SS","salt spray"
"1251","CWHws1/101","HwBa – Blueberry – Step moss",NA,NA
"1252","CWHws1/102","HwPl – Feather moss – Clad lichens",NA,NA
"1253","CWHws1/103","HwPl – Feather moss",NA,NA
"1254","CWHws1/110","HwBa – Oak fern – Wood fern",NA,NA
"1255","CWHws1/111","HwBa – Blueberry – Queen's cup",NA,NA
"1256","CWHws1/112","CwHw – Devil's club – Enchanter's-nightshade",NA,NA
"1257","CWHws1/113","SsHw – Salmonberry – Devil's club","Fh","high fluvial bench"
"1258","CWHws1/Ed01","Tufted hairgrass – Meadow barley",NA,NA
"1259","CWHws1/Ed02","Tufted hairgrass – Douglas' neoaster",NA,NA
"1260","CWHws1/Ed04","Cow parsnip – Silverweed cinquefoil",NA,NA
"1261","CWHws1/Em01","Sea ditch-grass",NA,NA
"1262","CWHws1/Em02","Pacific glasswort – Saltgrass",NA,NA
"1263","CWHws1/Em05","Lyngbye's sedge",NA,NA
"1264","CWHws1/Em06","Lyngbye's sedge – Water-hemlock",NA,NA
"1265","CWHws1/Em07","Common spikerush – Lyngbye's sedge",NA,NA
"1266","CWHws1/Es01","Crabapple – Lily-of-the-valley – Angelicas",NA,NA
"1267","CWHws1/Es02","Sitka willow – Lily-of-the-valley",NA,NA
"1268","CWHws1/Fl51","Dr – Salmonberry – Horsetail","Fl","low fluvial bench"
"1269","CWHws1/Fl52","Sitka willow – Salmonberry – Horsetail","Fl","low fluvial bench"
"1270","CWHws1/Fm50","ActDr – Salmonberry","Fm","mid fluvial bench"
"1271","CWHws1/Fm50.1","ActDr – Salmonberry; Salmonberry variation","Fm","mid fluvial bench"
"1272","CWHws1/Ro61","Grey rock moss – Clad lichens","Ro","rocky outcrop"
"1273","CWHws1/Ro61.1","Grey rock moss – Clad lichens; Typic variation","Ro","rocky outcrop"
"1274","CWHws1/Ro61.2","Grey rock moss – Clad lichens; Parsley fern variation","Ro","rocky outcrop"
"1275","CWHws1/Vs60","Sitka alder – Salmonberry – Lady fern","Vs","avalanche shrub"
"1276","CWHws1/Vs60.1","Sitka alder – Salmonberry – Lady fern; Typic variation","Vs","avalanche shrub"
"1277","CWHws1/Vs60.2","Sitka alder – Salmonberry – Lady fern; Salmonberry variation","Vs","avalanche shrub"
"1278","CWHws1/Wb51","Plc – Crowberry – Peat mosses","Wb","wetland bog "
"1279","CWHws1/Wb53","PlcYc – Tufted clubrush","Wb","wetland bog "
"1280","CWHws1/Wb53.3","PlcYc – Tufted clubrush; Low shrub variation","Wb","wetland bog "
"1281","CWHws1/Wf51","Sitka sedge – Peat mosses","Wf","wetland fen"
"1282","CWHws1/Wf52","Sweet gale – Sitka sedge","Wf","wetland fen"
"1283","CWHws1/Wf53","Slender sedge – White beakrush","Wf","wetland fen"
"1284","CWHws1/Ws51","Sitka willow – Pacific willow – Skunk cabbage","Ws","wetland swamp"
"1285","CWHws1/Ws51.1","Sitka willow – Pacific willow – Skunk cabbage; Typic variation","Ws","wetland swamp"
"1286","CWHws1/Ws56","SsHw – Skunk cabbage","Ws","wetland swamp"
"1287","CWHws1/Ws56.2","SsHw – Skunk cabbage; CwSs variation","Ws","wetland swamp"
"1288","CWHws2/101","HwBa – Blueberry – Step moss",NA,NA
"1289","CWHws2/102","HwPl – Feather moss – Clad lichens",NA,NA
"1290","CWHws2/103","Hw – Blueberry – Step moss",NA,NA
"1291","CWHws2/110","HwBa – Oak fern – Wood fern",NA,NA
"1292","CWHws2/111","HwBa – Blueberry – Queen's cup",NA,NA
"1293","CWHws2/112","HwBa – Devil's club – Oak fern",NA,NA
"1294","CWHws2/113","BaHw – Salmonberry – Devil's club","Fh","high fluvial bench"
"1295","CWHws2/114","Bl – Devil's club – Oak fern","FR","frost"
"1296","CWHws2/Es02","Sitka willow – Lily-of-the-valley",NA,NA
"1297","CWHws2/Fl51","Dr – Salmonberry – Horsetail","Fl","low fluvial bench"
"1298","CWHws2/Fm50","ActDr – Salmonberry","Fm","mid fluvial bench"
"1299","CWHws2/Fm50.2","ActDr – Salmonberry; Devil's club variation","Fm","mid fluvial bench"
"1300","CWHws2/Ro61","Grey rock moss – Clad lichens","Ro","rocky outcrop"
"1301","CWHws2/Ro61.1","Grey rock moss – Clad lichens; Typic variation","Ro","rocky outcrop"
"1302","CWHws2/Ro61.2","Grey rock moss – Clad lichens; Parsley fern variation","Ro","rocky outcrop"
"1303","CWHws2/Vh60","Lady fern – Cow parsnip – Goatsbeard","Vh","avalanche herb"
"1304","CWHws2/Vs60","Sitka alder – Salmonberry – Lady fern","Vs","avalanche shrub"
"1305","CWHws2/Vs60.1","Sitka alder – Salmonberry – Lady fern; Typic variation","Vs","avalanche shrub"
"1306","CWHws2/Vs60.2","Sitka alder – Salmonberry – Lady fern; Salmonberry variation","Vs","avalanche shrub"
"1307","CWHws2/Wb51","Plc – Crowberry – Peat mosses","Wb","wetland bog "
"1308","CWHws2/Wf50","Narrow-leaved cotton-grass – Peat mosses","Wf","wetland fen"
"1309","CWHws2/Wf51","Sitka sedge – Peat mosses","Wf","wetland fen"
"1310","CWHws2/Ws56","SsHw – Skunk cabbage","Ws","wetland swamp"
"1311","CWHws2/Ws56.2","SsHw – Skunk cabbage; CwSs variation","Ws","wetland swamp"
"1312","CWHws2/Ws59","HmBl – Skunk cabbage","Ws","wetland swamp"
"1313","CWHws3/101","HwBa – Blueberry – Step moss",NA,NA
"1314","CWHws3/102","FdcPlHw – Kinnikinnick",NA,NA
"1315","CWHws3/103","HwFdc – Azalea – Falsebox",NA,NA
"1316","CWHws3/110","HwBa – Oak fern – Wood fern",NA,NA
"1317","CWHws3/111","HwBa – Azalea – Bunchberry",NA,NA
"1318","CWHws3/112","HwFdc – Devil's club – Oak fern",NA,NA
"1319","CWHws3/113","SsHw – Salmonberry – Devil's club","Fh","high fluvial bench"
"1320","CWHws3/Bb01","American searocket – Seabeach sandwort","Bb","beachland"
"1321","CWHws3/Bb02","Dune lymegrass","Bb","beachland"
"1322","CWHws3/Ed01","Tufted hairgrass – Meadow barley",NA,NA
"1323","CWHws3/Ed02","Tufted hairgrass – Douglas' neoaster",NA,NA
"1324","CWHws3/Ed03","Arctic rush – Alaska plantain",NA,NA
"1325","CWHws3/Ed04","Cow parsnip – Silverweed cinquefoil",NA,NA
"1326","CWHws3/Em01","Sea ditch-grass",NA,NA
"1327","CWHws3/Em02","Pacific glasswort – Saltgrass",NA,NA
"1328","CWHws3/Em05","Lyngbye's sedge",NA,NA
"1329","CWHws3/Em06","Lyngbye's sedge – Water-hemlock",NA,NA
"1330","CWHws3/Em07","Common spikerush – Lyngbye's sedge",NA,NA
"1331","CWHws3/Es01","Crabapple – Lily-of-the-valley – Angelicas",NA,NA
"1332","CWHws3/Es02","Sitka willow – Lily-of-the-valley",NA,NA
"1333","CWHws3/Fl52","Sitka willow – Salmonberry – Horsetail","Fl","low fluvial bench"
"1334","CWHws3/Fm50","ActDr – Salmonberry","Fm","mid fluvial bench"
"1335","CWHws3/Fm50.1","ActDr – Salmonberry; Salmonberry variation","Fm","mid fluvial bench"
"1336","CWHws3/Fm52","ActCw – Vine maple – Devil's club","Fm","mid fluvial bench"
"1337","CWHws3/Ro61","Grey rock moss – Clad lichens","Ro","rocky outcrop"
"1338","CWHws3/Ro61.1","Grey rock moss – Clad lichens; Typic variation","Ro","rocky outcrop"
"1339","CWHws3/Ro61.2","Grey rock moss – Clad lichens; Parsley fern variation","Ro","rocky outcrop"
"1340","CWHws3/Vs60","Sitka alder – Salmonberry – Lady fern","Vs","avalanche shrub"
"1341","CWHws3/Vs60.1","Sitka alder – Salmonberry – Lady fern; Typic variation","Vs","avalanche shrub"
"1342","CWHws3/Vs60.2","Sitka alder – Salmonberry – Lady fern; Salmonberry variation","Vs","avalanche shrub"
"1343","CWHws3/Wb51","Plc – Crowberry – Peat mosses","Wb","wetland bog "
"1344","CWHws3/Wf51","Sitka sedge – Peat mosses","Wf","wetland fen"
"1345","CWHws3/Wf52","Sweet gale – Sitka sedge","Wf","wetland fen"
"1346","CWHws3/Ws50","Pink spirea – Sitka sedge","Ws","wetland swamp"
"1347","CWHws3/Ws51","Sitka willow – Pacific willow – Skunk cabbage","Ws","wetland swamp"
"1348","CWHws3/Ws51.2","Sitka willow – Pacific willow – Skunk cabbage; Small-flowered bulrush variation","Ws","wetland swamp"
"1349","CWHws3/Ws56","SsHw – Skunk cabbage","Ws","wetland swamp"
"1350","CWHws3/Ws56.2","SsHw – Skunk cabbage; CwSs variation","Ws","wetland swamp"
"1351","CWHws3/Ws58","CwHw – Slough sedge","Ws","wetland swamp"
"1352","CWHws3/Ws58.1","CwHw – Slough sedge; Typic variation","Ws","wetland swamp"
"1353","CWHxm1/Wb50","Labrador tea – Bog-laurel – Peat mosses","Wb","wetland bog "
"1354","CWHxm1/Wf53","Slender sedge – White beakrush","Wf","wetland fen"
"1355","CWHxm1/Wm05","Cattail","Wm","wetland marsh"
"1356","CWHxm1/Wm06","Soft-stemmed bulrush","Wm","wetland marsh"
"1357","CWHxm1/Wm09","Inflated sedge","Wm","wetland marsh"
"1358","CWHxm1/Wm50","Sitka sedge – Water-parsley","Wm","wetland marsh"
"1359","CWHxm1/Ws50","Pink spirea – Sitka sedge","Ws","wetland swamp"
"1360","CWHxm2/Wb50","Labrador tea – Bog-laurel – Peat mosses","Wb","wetland bog "
"1361","CWHxm2/Wf53","Slender sedge – White beakrush","Wf","wetland fen"
"1362","CWHxm2/Wm05","Cattail","Wm","wetland marsh"
"1363","CWHxm2/Wm51","Three-way marsh-sedge","Wm","wetland marsh"
"1364","CWHxm2/Ws50","Pink spirea – Sitka sedge","Ws","wetland swamp"
"1365","CWHxs/101","FdcHw – Dull Oregon-grape – Falsebox",NA,NA
"1366","CWHxs/101.1","FdcHw – Dull Oregon-grape – Falsebox; Typic variation",NA,NA
"1367","CWHxs/101.2","FdcHw – Dull Oregon-grape – Falsebox; Rhododendron variation",NA,NA
"1368","CWHxs/102","Fdc – Kinnikinnick – Feather moss – Reindeer lichens",NA,NA
"1369","CWHxs/103","Fdc – Dull Oregon-grape – Feather moss",NA,NA
"1370","CWHxs/103.1","Fdc – Dull Oregon-grape – Feather moss; Typic variation",NA,NA
"1371","CWHxs/103.2","Fdc – Dull Oregon-grape – Feather moss; Rhododendron variation",NA,NA
"1372","CWHxs/110","CwFdc – Vine maple – Dull Oregon-grape",NA,NA
"1373","CWHxs/111","Hw – Queen's cup",NA,NA
"1374","CWHxs/112","CwFdc – Vine maple – Foamflower",NA,NA
"1375","CWHxs/113","CwHw – Vine maple – Dogwood","Fh","high fluvial bench"
"1376","CWHxs/Fl52","Sitka willow – Salmonberry – Horsetail","Fl","low fluvial bench"
"1377","CWHxs/Fm52","ActCw – Vine maple – Devil's club","Fm","mid fluvial bench"
"1378","CWHxs/Ro60","Wallace's selaginella – Long rock moss","Ro","rocky outcrop"
"1379","CWHxs/Ro60.2","Wallace's selaginella – Long rock moss; Parsley fern variation","Ro","rocky outcrop"
"1380","CWHxs/Ro61","Grey rock moss – Clad lichens","Ro","rocky outcrop"
"1381","CWHxs/Ro61.1","Grey rock moss – Clad lichens; Typic variation","Ro","rocky outcrop"
"1382","CWHxs/Ro61.2","Grey rock moss – Clad lichens; Parsley fern variation","Ro","rocky outcrop"
"1383","CWHxs/Wb55","Plc – Labrador tea – Peat mosses","Wb","wetland bog "
"1384","CWHxs/Wf51","Sitka sedge – Peat mosses","Wf","wetland fen"
"1385","CWHxs/Wf52","Sweet gale – Sitka sedge","Wf","wetland fen"
"1386","CWHxs/Ws56","SsHw – Skunk cabbage","Ws","wetland swamp"
"1387","CWHxs/Ws56.1","SsHw – Skunk cabbage; CwHw variation","Ws","wetland swamp"
"1388","ESSFdc1/101","BlSe – Rhododendron – Valerian",NA,NA
"1389","ESSFdc1/102","BlPl – Huckleberry",NA,NA
"1390","ESSFdc1/103","BlPl – Falsebox – Grouseberry",NA,NA
"1391","ESSFdc1/104","Bl – Rhododendron – Grouseberry",NA,NA
"1392","ESSFdc1/110","BlSe – Rhododendron – Hellebore",NA,NA
"1393","ESSFdc1/111","Bl – Valerian – Foamflower",NA,NA
"1394","ESSFdc1/112","Se – Horsetail – Globeflower",NA,NA
"1395","ESSFdc1/112a","Se – Horsetail – Globeflower; Riparian phase",NA,NA
"1396","ESSFdc1/112b","Se – Valerian – Horsetail; Swamp phase",NA,NA
"1397","ESSFdc1/Ff01","Water birch – Red-osier dogwood – Rose","Ff","fringe fluvial "
"1398","ESSFdc1/Ff01a","Water birch – Red-osier dogwood – Rose; Fringe phase","Ff","fringe fluvial "
"1399","ESSFdc1/Fl05","Drummond's willow – Bluejoint","Fl","low fluvial bench"
"1400","ESSFdc1/Ro06","Juniper – Stonecrop – Sandwort","Ro","rocky outcrop"
"1401","ESSFdc1/Ro06.1","Juniper – Stonecrop – Sandwort","Ro","rocky outcrop"
"1402","ESSFdc1/Ro06.2","Juniper – Kinnikinnick – Stonecrop – Sandwort","Ro","rocky outcrop"
"1403","ESSFdc1/Ro10","Huckleberry – Rock moss – Haircap moss","Ro","rocky outcrop"
"1404","ESSFdc1/Ro11","Grouseberry – Clad lichen","Ro","rocky outcrop"
"1405","ESSFdc1/Rt01","Rocktripe – Green map","Rt","talus"
"1406","ESSFdc1/Rt07","Aspen – Juniper – Rocktripe","Rt","talus"
"1407","ESSFdc1/Rt07.1","Aspen – Juniper – Rocktripe; Aspen variation","Rt","talus"
"1408","ESSFdc1/Rt07.2","Juniper – Rocktripe","Rt","talus"
"1409","ESSFdc1/Vh02","Valerian – Hellebore – Fireweed","Vh","avalanche herb"
"1410","ESSFdc1/Vh02.1","Valerian – Hellebore – Fireweed","Vh","avalanche herb"
"1411","ESSFdc1/Vh10","Fireweed – Grouseberry","Vh","avalanche herb"
"1412","ESSFdc1/Vh11","Fireweed – Yarrow – Strawberry","Vh","avalanche herb"
"1413","ESSFdc1/Vs02","Sitka alder – Solomon's-seal","Vs","avalanche shrub"
"1414","ESSFdc1/Vs03","Sitka alder – Hellebore","Vs","avalanche shrub"
"1415","ESSFdc1/Vs10","Willow – Cow parsnip – Fireweed","Vs","avalanche shrub"
"1416","ESSFdc1/Vs10.1","Sitka willow – Cow parsnip – Fireweed","Vs","avalanche shrub"
"1417","ESSFdc1/Vs10.2","Barclay's willow – Cow parsnip – Fireweed","Vs","avalanche shrub"
"1418","ESSFdc1/Vs12","Huckleberry – Rhododendron – Fireweed","Vs","avalanche shrub"
"1419","ESSFdc1/Wb16","Sxw – Trapper's tea – Peat moss","Wb","wetland bog "
"1420","ESSFdc1/Wf01","Water sedge – Beaked sedge","Wf","wetland fen"
"1421","ESSFdc1/Wf03","Water sedge – Peat moss","Wf","wetland fen"
"1422","ESSFdc1/Wf09","Few-flowered spikerush – Hook moss","Wf","wetland fen"
"1423","ESSFdc1/Wf13","Narrow-leaved cotton-grass – Shore sedge","Wf","wetland fen"
"1424","ESSFdc1/Wm01","Beaked sedge – Water sedge","Wm","wetland marsh"
"1425","ESSFdc1/Wm16","Bluejoint – Arrow-leaved groundsel","Wm","wetland marsh"
"1426","ESSFdc1/Ws08","Bl – Valerian – Horsetail","Ws","wetland swamp"
"1427","ESSFdc1/Ws08.1","Bl – Valerian – Horsetail","Ws","wetland swamp"
"1428","ESSFdc1/Ws08.2","SxwBl – Horsetail – Canby's Lovage","Ws","wetland swamp"
"1429","ESSFdc1/Ws13","Barclay's willow – Common horsetail – Arrow-leaved groundsel","Ws","wetland swamp"
"1430","ESSFdc2/101","BlSe – Rhododendron – Valerian",NA,NA
"1431","ESSFdc2/102","Pl – Juniper – Grouseberry – Clad lichens",NA,NA
"1432","ESSFdc2/103","Pl – Pinegrass – Grouseberry","IN","insolation"
"1433","ESSFdc2/104","BlPl – Grouseberry – Clad lichens",NA,NA
"1434","ESSFdc2/110","SeBl – Trapper's tea – Grouseberry","CA","cold aspects - cold air"
"1435","ESSFdc2/111","BlSe – Valerian – Globeflower",NA,NA
"1436","ESSFdc2/112","Se – Horsetail – Valerian",NA,NA
"1437","ESSFdc2/Ro06","Juniper – Stonecrop – Sandwort","Ro","rocky outcrop"
"1438","ESSFdc2/Ro06.1","Juniper – Stonecrop – Sandwort","Ro","rocky outcrop"
"1439","ESSFdc2/Ro06.2","Juniper – Kinnikinnick – Stonecrop – Sandwort","Ro","rocky outcrop"
"1440","ESSFdc2/Ro11","Grouseberry – Clad lichen","Ro","rocky outcrop"
"1441","ESSFdc2/Rt01","Rocktripe – Green map","Rt","talus"
"1442","ESSFdc2/Rt20","Spotted saxifrage – Clad lichen","Rt","talus"
"1443","ESSFdc2/Wb16","Sxw – Trapper's tea – Peat moss","Wb","wetland bog "
"1444","ESSFdc2/Wf01","Water sedge – Beaked sedge","Wf","wetland fen"
"1445","ESSFdc2/Wf02","Scrub birch – Water sedge","Wf","wetland fen"
"1446","ESSFdc2/Wf03","Water sedge – Peat moss","Wf","wetland fen"
"1447","ESSFdc2/Wf04","Barclay's willow – Water sedge – Glow moss","Wf","wetland fen"
"1448","ESSFdc2/Wf06","Slender sedge – Buckbean","Wf","wetland fen"
"1449","ESSFdc2/Wf07","Scrub birch – Buckbean – Shore sedge","Wf","wetland fen"
"1450","ESSFdc2/Wf08","Shore sedge – Buckbean – Hook moss","Wf","wetland fen"
"1451","ESSFdc2/Wf09","Few-flowered spikerush – Hook moss","Wf","wetland fen"
"1452","ESSFdc2/Wf11","Tufted clubrush – Star moss","Wf","wetland fen"
"1453","ESSFdc2/Wf12","Narrow-leaved cotton-grass – Marsh-marigold","Wf","wetland fen"
"1454","ESSFdc2/Wf13","Narrow-leaved cotton-grass – Shore sedge","Wf","wetland fen"
"1455","ESSFdc2/Wm01","Beaked sedge – Water sedge","Wm","wetland marsh"
"1456","ESSFdc2/Wm09","Inflated sedge","Wm","wetland marsh"
"1457","ESSFdc2/Wm16","Bluejoint – Arrow-leaved groundsel","Wm","wetland marsh"
"1458","ESSFdc2/Ws02","Mountain alder – Pink spirea – Sitka sedge","Ws","wetland swamp"
"1459","ESSFdc2/Ws04","Drummond's willow – Beaked sedge","Ws","wetland swamp"
"1460","ESSFdc2/Ws08","Bl – Valerian – Horsetail","Ws","wetland swamp"
"1461","ESSFdc2/Ws08.1","Bl – Valerian – Horsetail","Ws","wetland swamp"
"1462","ESSFdc2/Ws13","Barclay's willow – Common horsetail – Arrow-leaved groundsel","Ws","wetland swamp"
"1463","ESSFdc3/01","Bl – Rhododendron – Grouseberry",NA,NA
"1464","ESSFdc3/02","Juniper – Pinegrass",NA,NA
"1465","ESSFdc3/03","PlSe – Falsebox – Pinegrass",NA,NA
"1466","ESSFdc3/04","Bl – Grouseberry – Cladonia",NA,NA
"1467","ESSFdc3/05","Bl – Huckleberry – Feather moss",NA,NA
"1468","ESSFdc3/06","Bl – Gooseberry – Oak fern",NA,NA
"1469","ESSFdc3/07","Bl – Rhododendron – Valerian",NA,NA
"1470","ESSFdc3/08","Bl – Trapper's tea",NA,NA
"1471","ESSFdc3/09","Sedge – Sphagnum",NA,NA
"1472","ESSFdc3/Fl07","Water birch – Rose","Fl","low fluvial bench"
"1473","ESSFdc3/Wf01","Water sedge – Beaked sedge","Wf","wetland fen"
"1474","ESSFdc3/Wf02","Scrub birch – Water sedge","Wf","wetland fen"
"1475","ESSFdc3/Wf04","Barclay's willow – Water sedge – Glow moss","Wf","wetland fen"
"1476","ESSFdc3/Wf11","Tufted clubrush – Star moss","Wf","wetland fen"
"1477","ESSFdc3/Wf13","Narrow-leaved cotton-grass – Shore sedge","Wf","wetland fen"
"1478","ESSFdcp/Ag01","Timber oatgrass – Grouseberry – Sandwort","Ag","alpine grassland"
"1479","ESSFdcp/Ag03","Timber oatgrass – Kinnikinnick","Ag","alpine grassland"
"1480","ESSFdcp/Ro06","Juniper – Stonecrop – Sandwort","Ro","rocky outcrop"
"1481","ESSFdcp/Ro06.1","Juniper – Stonecrop – Sandwort","Ro","rocky outcrop"
"1482","ESSFdcp/Ro06.2","Juniper – Kinnikinnick – Stonecrop – Sandwort","Ro","rocky outcrop"
"1483","ESSFdcw/101","Bl – Valerian – Woodrush",NA,NA
"1484","ESSFdcw/102","BlPa – Grouseberry",NA,NA
"1485","ESSFdcw/103","Bl – Rhododendron – Grouseberry",NA,NA
"1486","ESSFdcw/110","Bl – Valerian – Hellebore – Globeflower",NA,NA
"1487","ESSFdcw/Ag01","Timber oatgrass – Grouseberry – Sandwort","Ag","alpine grassland"
"1488","ESSFdcw/Ag03","Timber oatgrass – Kinnikinnick","Ag","alpine grassland"
"1489","ESSFdcw/Ro06","Juniper – Stonecrop – Sandwort","Ro","rocky outcrop"
"1490","ESSFdcw/Ro06.1","Juniper – Stonecrop – Sandwort","Ro","rocky outcrop"
"1491","ESSFdcw/Ro06.2","Juniper – Kinnikinnick – Stonecrop – Sandwort","Ro","rocky outcrop"
"1492","ESSFdcw/Ro10","Huckleberry – Rock moss – Haircap moss","Ro","rocky outcrop"
"1493","ESSFdcw/Ro11","Grouseberry – Clad lichen","Ro","rocky outcrop"
"1494","ESSFdcw/Rt01","Rocktripe – Green map","Rt","talus"
"1495","ESSFdcw/Vh02","Valerian – Hellebore – Fireweed","Vh","avalanche herb"
"1496","ESSFdcw/Vh02.1","Valerian – Hellebore – Fireweed","Vh","avalanche herb"
"1497","ESSFdcw/Vh10","Fireweed – Grouseberry","Vh","avalanche herb"
"1498","ESSFdcw/Vh11","Fireweed – Yarrow – Strawberry","Vh","avalanche herb"
"1499","ESSFdcw/Vs03","Sitka alder – Hellebore","Vs","avalanche shrub"
"1500","ESSFdcw/Vs10","Willow – Cow parsnip – Fireweed","Vs","avalanche shrub"
"1501","ESSFdcw/Vs10.1","Sitka willow – Cow parsnip – Fireweed","Vs","avalanche shrub"
"1502","ESSFdcw/Vs10.2","Barclay's willow – Cow parsnip – Fireweed","Vs","avalanche shrub"
"1503","ESSFdcw/Wf01","Water sedge – Beaked sedge","Wf","wetland fen"
"1504","ESSFdcw/Wf03","Water sedge – Peat moss","Wf","wetland fen"
"1505","ESSFdcw/Wf04","Barclay's willow – Water sedge – Glow moss","Wf","wetland fen"
"1506","ESSFdcw/Wf12","Narrow-leaved cotton-grass – Marsh-marigold","Wf","wetland fen"
"1507","ESSFdcw/Wf13","Narrow-leaved cotton-grass – Shore sedge","Wf","wetland fen"
"1508","ESSFdcw/Wm01","Beaked sedge – Water sedge","Wm","wetland marsh"
"1509","ESSFdcw/Wm16","Bluejoint – Arrow-leaved groundsel","Wm","wetland marsh"
"1510","ESSFdcw/Ws08.2","SeBl – Horsetail – Canby's Lovage","Ws","wetland swamp"
"1511","ESSFdcw/Ws13","Barclay's willow – Common horsetail – Arrow-leaved groundsel","Ws","wetland swamp"
"1512","ESSFdh1/101","BlBa – Huckleberry – Pipecleaner moss",NA,NA
"1513","ESSFdh1/102","FdBl – Falsebox – Rock mosses",NA,NA
"1514","ESSFdh1/103","BlPl – Falsebox – Grouseberry",NA,NA
"1515","ESSFdh1/104","FdBl – Falsebox – Pinegrass","IN","insolation"
"1516","ESSFdh1/110","SeBl(Ba) – Oak fern – Bramble",NA,NA
"1517","ESSFdh1/111","SeBl – Horsetail – Oak fern",NA,NA
"1518","ESSFdh1/Ro05","Juniper – Kinnikinnick – Penstemon","Ro","rocky outcrop"
"1519","ESSFdh1/Ro05.1","Juniper – Kinnikinnick – Penstemon","Ro","rocky outcrop"
"1520","ESSFdh1/Ro05.2","Juniper – Kinnikinnick – Penstemon – Screw moss","Ro","rocky outcrop"
"1521","ESSFdh1/Ro06","Juniper – Stonecrop – Sandwort","Ro","rocky outcrop"
"1522","ESSFdh1/Ro06.1","Juniper – Stonecrop – Sandwort","Ro","rocky outcrop"
"1523","ESSFdh1/Ro06.2","Juniper – Kinnikinnick – Stonecrop – Sandwort","Ro","rocky outcrop"
"1524","ESSFdh1/Ro11","Grouseberry – Clad lichen","Ro","rocky outcrop"
"1525","ESSFdh1/Rt01","Rocktripe – Green map","Rt","talus"
"1526","ESSFdh1/Rt02","Rock moss – Clad lichen","Rt","talus"
"1527","ESSFdh1/Vh01","Cow parsnip – Fireweed – Nettle","Vh","avalanche herb"
"1528","ESSFdh1/Vh01.1","Cow parsnip – Fireweed – Nettle","Vh","avalanche herb"
"1529","ESSFdh1/Vh02","Valerian – Hellebore – Fireweed","Vh","avalanche herb"
"1530","ESSFdh1/Vh03","Lady fern – Hellebore – Valerian","Vh","avalanche herb"
"1531","ESSFdh1/Vh04","Valerian – Meadowrue – Waterleaf","Vh","avalanche herb"
"1532","ESSFdh1/Vs01","Sitka alder – Lady fern","Vs","avalanche shrub"
"1533","ESSFdh1/Vs01.1","Sitka alder – Lady fern","Vs","avalanche shrub"
"1534","ESSFdh1/Vs01.2","Sitka alder – Spiny wood fern","Vs","avalanche shrub"
"1535","ESSFdh1/Vs02","Sitka alder – Solomon's-seal","Vs","avalanche shrub"
"1536","ESSFdh1/Vs04","Sitka alder – Devil's club – Oak fern","Vs","avalanche shrub"
"1537","ESSFdh1/Vs05","Sitka alder – Waterleaf","Vs","avalanche shrub"
"1538","ESSFdh1/Vs10","Willow – Cow parsnip – Fireweed","Vs","avalanche shrub"
"1539","ESSFdh1/Vs10.1","Sitka willow – Cow parsnip – Fireweed","Vs","avalanche shrub"
"1540","ESSFdh1/Vs10.2","Barclay's willow – Cow parsnip – Fireweed","Vs","avalanche shrub"
"1541","ESSFdh1/Vs11","Thimbleberry – Cow parsnip – Fireweed","Vs","avalanche shrub"
"1542","ESSFdh1/Vs14","Saskatoon – Snowberry – Strawberry","Vs","avalanche shrub"
"1543","ESSFdh1/Vs50","Sitka alder – Salmonberry","Vs","avalanche shrub"
"1544","ESSFdh1/Wf01","Water sedge – Beaked sedge","Wf","wetland fen"
"1545","ESSFdh1/Wf03","Water sedge – Peat moss","Wf","wetland fen"
"1546","ESSFdh1/Wf04","Barclay's willow – Water sedge – Glow moss","Wf","wetland fen"
"1547","ESSFdh1/Wf05","Slender sedge – Common hook moss","Wf","wetland fen"
"1548","ESSFdh1/Wf06","Slender sedge – Buckbean","Wf","wetland fen"
"1549","ESSFdh1/Wf07","Scrub birch – Buckbean – Shore sedge","Wf","wetland fen"
"1550","ESSFdh1/Wf08","Shore sedge – Buckbean – Hook moss","Wf","wetland fen"
"1551","ESSFdh1/Wf09","Few-flowered spikerush – Hook moss","Wf","wetland fen"
"1552","ESSFdh1/Wf11","Tufted clubrush – Star moss","Wf","wetland fen"
"1553","ESSFdh1/Wf12","Narrow-leaved cotton-grass – Marsh-marigold","Wf","wetland fen"
"1554","ESSFdh1/Wf13","Narrow-leaved cotton-grass – Shore sedge","Wf","wetland fen"
"1555","ESSFdh1/Wm01","Beaked sedge – Water sedge","Wm","wetland marsh"
"1556","ESSFdh1/Wm09","Inflated sedge","Wm","wetland marsh"
"1557","ESSFdh1/Wm16","Bluejoint – Arrow-leaved groundsel","Wm","wetland marsh"
"1558","ESSFdh1/Ws02","Mountain alder – Pink spirea – Sitka sedge","Ws","wetland swamp"
"1559","ESSFdh1/Ws07","Sxw – Horsetail – Leafy moss","Ws","wetland swamp"
"1560","ESSFdh1/Ws07.1","Sxw – Horsetail – Leafy moss; Typic variation","Ws","wetland swamp"
"1561","ESSFdh1/Ws07.2","Sxw – Horsetail – Leafy moss; Soft-leaved sedge variation","Ws","wetland swamp"
"1562","ESSFdh1/Ws13","Barclay's willow – Common horsetail – Arrow-leaved groundsel","Ws","wetland swamp"
"1563","ESSFdk1/101","BlSe – Azalea",NA,NA
"1564","ESSFdk1/102","PlFd – Juniper – Douglas' maple",NA,NA
"1565","ESSFdk1/103","BlPl – Grouseberry","IN","insolation"
"1566","ESSFdk1/104","BlPl – Azalea – Grouseberry",NA,NA
"1567","ESSFdk1/110","BlSe – Azalea – Foamflower",NA,NA
"1568","ESSFdk1/111","Se – Horsetail – Bluejoint",NA,NA
"1569","ESSFdk1/111a","Se – Horsetail – Bluejoint; Riparian phase",NA,NA
"1570","ESSFdk1/111b","Se – Horsetail – Bluejoint; Swamp phase",NA,NA
"1571","ESSFdk1/Ag01","Timber oatgrass – Grouseberry – Sandwort","Ag","alpine grassland"
"1572","ESSFdk1/Fl01","Mountain alder – Common horsetail","Fl","low fluvial bench"
"1573","ESSFdk1/Fl05","Drummond's willow – Bluejoint","Fl","low fluvial bench"
"1574","ESSFdk1/Gb20","Saskatoon – Soopolallie – Juniper","Gb","brushland"
"1575","ESSFdk1/Gg14","Idaho fescue – Sulphur buckwheat – Sandwort","Gg","grassland "
"1576","ESSFdk1/Gg16","Rough fescue – Sulphur buckwheat – Sandwort","Gg","grassland "
"1577","ESSFdk1/Gg17","Idaho fescue – Bluebunch wheatgrass – Sulphur buckwheat","Gg","grassland "
"1578","ESSFdk1/Gg33","Pinegrass – Yellow penstemon","Gg","grassland "
"1579","ESSFdk1/Ro06","Juniper – Stonecrop – Sandwort","Ro","rocky outcrop"
"1580","ESSFdk1/Ro07","Juniper – Soopolallie – Shrubby cinquefoil","Ro","rocky outcrop"
"1581","ESSFdk1/Ro10","Huckleberry – Rock moss – Haircap moss","Ro","rocky outcrop"
"1582","ESSFdk1/Ro11","Grouseberry – Clad lichen","Ro","rocky outcrop"
"1583","ESSFdk1/Rt01","Rocktripe – Green map","Rt","talus"
"1584","ESSFdk1/Rt07","Aspen – Juniper – Rocktripe","Rt","talus"
"1585","ESSFdk1/Rt07.1","Aspen – Juniper – Rocktripe; Aspen variation","Rt","talus"
"1586","ESSFdk1/Rt07.2","Juniper – Rocktripe","Rt","talus"
"1587","ESSFdk1/Rt20","Spotted saxifrage – Clad lichen","Rt","talus"
"1588","ESSFdk1/Rt21","La – Pink mountain-heath – Heron's-bill","Rt","talus"
"1589","ESSFdk1/Vh01","Cow parsnip – Fireweed – Nettle","Vh","avalanche herb"
"1590","ESSFdk1/Vh01.1","Cow parsnip – Fireweed – Nettle","Vh","avalanche herb"
"1591","ESSFdk1/Vh01.2","Cow parsnip – Fireweed – Bluejoint","Vh","avalanche herb"
"1592","ESSFdk1/Vh02","Valerian – Hellebore – Fireweed","Vh","avalanche herb"
"1593","ESSFdk1/Vh02.1","Valerian – Hellebore – Fireweed","Vh","avalanche herb"
"1594","ESSFdk1/Vh02.2","Valerian – Showy sedge – Fireweed","Vh","avalanche herb"
"1595","ESSFdk1/Vh10","Fireweed – Grouseberry","Vh","avalanche herb"
"1596","ESSFdk1/Vh11","Fireweed – Yarrow – Strawberry","Vh","avalanche herb"
"1597","ESSFdk1/Vh12","Idaho fescue – Sulphur buckwheat – Fireweed","Vh","avalanche herb"
"1598","ESSFdk1/Vs02","Sitka alder – Solomon's-seal","Vs","avalanche shrub"
"1599","ESSFdk1/Vs03","Sitka alder – Hellebore","Vs","avalanche shrub"
"1600","ESSFdk1/Vs10","Willow – Cow parsnip – Fireweed","Vs","avalanche shrub"
"1601","ESSFdk1/Vs10.1","Sitka willow – Cow parsnip – Fireweed","Vs","avalanche shrub"
"1602","ESSFdk1/Vs10.2","Barclay's willow – Cow parsnip – Fireweed","Vs","avalanche shrub"
"1603","ESSFdk1/Vs11","Thimbleberry – Cow parsnip – Fireweed","Vs","avalanche shrub"
"1604","ESSFdk1/Vs12","Huckleberry – Rhododendron – Fireweed","Vs","avalanche shrub"
"1605","ESSFdk1/Vs13","Huckleberry – Bear-grass – Fireweed","Vs","avalanche shrub"
"1606","ESSFdk1/Wb15","Sxw – Labrador tea – Peat moss","Wb","wetland bog "
"1607","ESSFdk1/Wb16","Sxw – Trapper's tea – Peat moss","Wb","wetland bog "
"1608","ESSFdk1/Wf01","Water sedge – Beaked sedge","Wf","wetland fen"
"1609","ESSFdk1/Wf02","Scrub birch – Water sedge","Wf","wetland fen"
"1610","ESSFdk1/Wf03","Water sedge – Peat moss","Wf","wetland fen"
"1611","ESSFdk1/Wf04","Barclay's willow – Water sedge – Glow moss","Wf","wetland fen"
"1612","ESSFdk1/Wf11","Tufted clubrush – Star moss","Wf","wetland fen"
"1613","ESSFdk1/Wf12","Narrow-leaved cotton-grass – Marsh-marigold","Wf","wetland fen"
"1614","ESSFdk1/Wf13","Narrow-leaved cotton-grass – Shore sedge","Wf","wetland fen"
"1615","ESSFdk1/Wm01","Beaked sedge – Water sedge","Wm","wetland marsh"
"1616","ESSFdk1/Wm16","Bluejoint – Arrow-leaved groundsel","Wm","wetland marsh"
"1617","ESSFdk1/Ws03","Bebb's willow – Bluejoint","Ws","wetland swamp"
"1618","ESSFdk1/Ws08","Bl – Valerian – Horsetail","Ws","wetland swamp"
"1619","ESSFdk1/Ws13","Barclay's willow – Common horsetail – Arrow-leaved groundsel","Ws","wetland swamp"
"1620","ESSFdk2/101","BlSe – Azalea – Feather moss",NA,NA
"1621","ESSFdk2/102","PlFd – Juniper – Douglas' maple",NA,NA
"1622","ESSFdk2/103","PlBl – Juniper – Showy aster","IN","insolation"
"1623","ESSFdk2/104","BlPl – Azalea – Grouseberry",NA,NA
"1624","ESSFdk2/110","BlSe – Azalea – Oak fern",NA,NA
"1625","ESSFdk2/111","BlSe – Azalea – Foamflower",NA,NA
"1626","ESSFdk2/112","SeBl – Horsetail – Feather moss",NA,NA
"1627","ESSFdk2/112a","SeBl – Horsetail – Feather moss; Riparian phase",NA,NA
"1628","ESSFdk2/112b","SeBl – Horsetail – Feather moss; Swamp phase",NA,NA
"1629","ESSFdk2/Fl01","Mountain alder – Common horsetail","Fl","low fluvial bench"
"1630","ESSFdk2/Fl05","Drummond's willow – Bluejoint","Fl","low fluvial bench"
"1631","ESSFdk2/Gb20","Saskatoon – Soopolallie – Juniper","Gb","brushland"
"1632","ESSFdk2/Ro06","Juniper – Stonecrop – Sandwort","Ro","rocky outcrop"
"1633","ESSFdk2/Ro07","Juniper – Soopolallie – Shrubby cinquefoil","Ro","rocky outcrop"
"1634","ESSFdk2/Ro10","Huckleberry – Rock moss – Haircap moss","Ro","rocky outcrop"
"1635","ESSFdk2/Ro11","Grouseberry – Clad lichen","Ro","rocky outcrop"
"1636","ESSFdk2/Rt01","Rocktripe – Green map","Rt","talus"
"1637","ESSFdk2/Rt07","Aspen – Juniper – Rocktripe","Rt","talus"
"1638","ESSFdk2/Rt07.1","Aspen – Juniper – Rocktripe; Aspen variation","Rt","talus"
"1639","ESSFdk2/Rt07.2","Juniper – Rocktripe","Rt","talus"
"1640","ESSFdk2/Rt20","Spotted saxifrage – Clad lichen","Rt","talus"
"1641","ESSFdk2/Rt21","La – Pink mountain-heath – Heron's-bill","Rt","talus"
"1642","ESSFdk2/Vh01","Cow parsnip – Fireweed – Nettle","Vh","avalanche herb"
"1643","ESSFdk2/Vh01.1","Cow parsnip – Fireweed – Nettle","Vh","avalanche herb"
"1644","ESSFdk2/Vh01.2","Cow parsnip – Fireweed – Bluejoint","Vh","avalanche herb"
"1645","ESSFdk2/Vh02","Valerian – Hellebore – Fireweed","Vh","avalanche herb"
"1646","ESSFdk2/Vh02.1","Valerian – Hellebore – Fireweed","Vh","avalanche herb"
"1647","ESSFdk2/Vh02.2","Valerian – Showy sedge – Fireweed","Vh","avalanche herb"
"1648","ESSFdk2/Vh10","Fireweed – Grouseberry","Vh","avalanche herb"
"1649","ESSFdk2/Vh11","Fireweed – Yarrow – Strawberry","Vh","avalanche herb"
"1650","ESSFdk2/Vs01","Sitka alder – Lady fern","Vs","avalanche shrub"
"1651","ESSFdk2/Vs01.1","Sitka alder – Lady fern","Vs","avalanche shrub"
"1652","ESSFdk2/Vs01.2","Sitka alder – Spiny wood fern","Vs","avalanche shrub"
"1653","ESSFdk2/Vs02","Sitka alder – Solomon's-seal","Vs","avalanche shrub"
"1654","ESSFdk2/Vs03","Sitka alder – Hellebore","Vs","avalanche shrub"
"1655","ESSFdk2/Vs10","Willow – Cow parsnip – Fireweed","Vs","avalanche shrub"
"1656","ESSFdk2/Vs10.1","Sitka willow – Cow parsnip – Fireweed","Vs","avalanche shrub"
"1657","ESSFdk2/Vs10.2","Barclay's willow – Cow parsnip – Fireweed","Vs","avalanche shrub"
"1658","ESSFdk2/Vs11","Thimbleberry – Cow parsnip – Fireweed","Vs","avalanche shrub"
"1659","ESSFdk2/Vs12","Huckleberry – Rhododendron – Fireweed","Vs","avalanche shrub"
"1660","ESSFdk2/Wb15","Sxw – Labrador tea – Peat moss","Wb","wetland bog "
"1661","ESSFdk2/Wf01","Water sedge – Beaked sedge","Wf","wetland fen"
"1662","ESSFdk2/Wf02","Scrub birch – Water sedge","Wf","wetland fen"
"1663","ESSFdk2/Wf03","Water sedge – Peat moss","Wf","wetland fen"
"1664","ESSFdk2/Wf04","Barclay's willow – Water sedge – Glow moss","Wf","wetland fen"
"1665","ESSFdk2/Wf11","Tufted clubrush – Star moss","Wf","wetland fen"
"1666","ESSFdk2/Wf12","Narrow-leaved cotton-grass – Marsh-marigold","Wf","wetland fen"
"1667","ESSFdk2/Wf13","Narrow-leaved cotton-grass – Shore sedge","Wf","wetland fen"
"1668","ESSFdk2/Wm01","Beaked sedge – Water sedge","Wm","wetland marsh"
"1669","ESSFdk2/Wm16","Bluejoint – Arrow-leaved groundsel","Wm","wetland marsh"
"1670","ESSFdk2/Ws03","Bebb's willow – Bluejoint","Ws","wetland swamp"
"1671","ESSFdk2/Ws08","Bl – Valerian – Horsetail","Ws","wetland swamp"
"1672","ESSFdk2/Ws13","Barclay's willow – Common horsetail – Arrow-leaved groundsel","Ws","wetland swamp"
"1673","ESSFdkp/Ag01","Timber oatgrass – Grouseberry – Sandwort","Ag","alpine grassland"
"1674","ESSFdkp/Gg14","Idaho fescue – Sulphur buckwheat – Sandwort","Gg","grassland "
"1675","ESSFdkp/Gg16","Rough fescue – Sulphur buckwheat – Sandwort","Gg","grassland "
"1676","ESSFdkw/101","BlSe – Grouseberry – Leafy liverwort",NA,NA
"1677","ESSFdkw/101.1","BlSe – Grouseberry – Leafy liverwort",NA,NA
"1678","ESSFdkw/101.2","BlSe – Rhododendeon – Grouseberry",NA,NA
"1679","ESSFdkw/102","BlLa – Grouseberry",NA,NA
"1680","ESSFdkw/103","BlSePa – Grouseberry",NA,NA
"1681","ESSFdkw/110","BlSe – Grouseberry – Valerian",NA,NA
"1682","ESSFdkw/Ag01","Timber oatgrass – Grouseberry – Sandwort","Ag","alpine grassland"
"1683","ESSFdkw/Gb20","Saskatoon – Soopolallie – Juniper","Gb","brushland"
"1684","ESSFdkw/Gg14","Idaho fescue – Sulphur buckwheat – Sandwort","Gg","grassland "
"1685","ESSFdkw/Gg16","Rough fescue – Sulphur buckwheat – Sandwort","Gg","grassland "
"1686","ESSFdkw/Gg17","Idaho fescue – Bluebunch wheatgrass – Sulphur buckwheat","Gg","grassland "
"1687","ESSFdkw/Gg33","Pinegrass – Yellow penstemon","Gg","grassland "
"1688","ESSFdkw/Ro06","Juniper – Stonecrop – Sandwort","Ro","rocky outcrop"
"1689","ESSFdkw/Ro07","Juniper – Soopolallie – Shrubby cinquefoil","Ro","rocky outcrop"
"1690","ESSFdkw/Ro10","Huckleberry – Rock moss – Haircap moss","Ro","rocky outcrop"
"1691","ESSFdkw/Ro11","Grouseberry – Clad lichen","Ro","rocky outcrop"
"1692","ESSFdkw/Rt01","Rocktripe – Green map","Rt","talus"
"1693","ESSFdkw/Rt20","Spotted saxifrage – Clad lichen","Rt","talus"
"1694","ESSFdkw/Rt21","La – Pink mountain-heath – Heron's-bill","Rt","talus"
"1695","ESSFdkw/Vh01","Cow parsnip – Fireweed – Nettle","Vh","avalanche herb"
"1696","ESSFdkw/Vh01.1","Cow parsnip – Fireweed – Nettle","Vh","avalanche herb"
"1697","ESSFdkw/Vh01.2","Cow parsnip – Fireweed – Bluejoint","Vh","avalanche herb"
"1698","ESSFdkw/Vh02","Valerian – Hellebore – Fireweed","Vh","avalanche herb"
"1699","ESSFdkw/Vh02.1","Valerian – Hellebore – Fireweed","Vh","avalanche herb"
"1700","ESSFdkw/Vh02.2","Valerian – Showy sedge – Fireweed","Vh","avalanche herb"
"1701","ESSFdkw/Vh10","Fireweed – Grouseberry","Vh","avalanche herb"
"1702","ESSFdkw/Vh11","Fireweed – Yarrow – Strawberry","Vh","avalanche herb"
"1703","ESSFdkw/Vh12","Idaho fescue – Sulphur buckwheat – Fireweed","Vh","avalanche herb"
"1704","ESSFdkw/Vs03","Sitka alder – Hellebore","Vs","avalanche shrub"
"1705","ESSFdkw/Vs12","Huckleberry – Rhododendron – Fireweed","Vs","avalanche shrub"
"1706","ESSFdkw/Vs13","Huckleberry – Bear-grass – Fireweed","Vs","avalanche shrub"
"1707","ESSFdkw/Wf03","Water sedge – Peat moss","Wf","wetland fen"
"1708","ESSFdkw/Wf04","Barclay's willow – Water sedge – Glow moss","Wf","wetland fen"
"1709","ESSFdkw/Wf12","Narrow-leaved cotton-grass – Marsh-marigold","Wf","wetland fen"
"1710","ESSFdkw/Wf13","Narrow-leaved cotton-grass – Shore sedge","Wf","wetland fen"
"1711","ESSFdkw/Wm16","Bluejoint – Arrow-leaved groundsel","Wm","wetland marsh"
"1712","ESSFdkw/Ws13","Barclay's willow – Common horsetail – Arrow-leaved groundsel","Ws","wetland swamp"
"1713","ESSFmc/01","Bl – Huckleberry – Leafy liverwort",NA,NA
"1714","ESSFmc/01a","Bl – Huckleberry – Leafy liverwort; Medium-textured",NA,NA
"1715","ESSFmc/01b","Bl – Huckleberry – Leafy liverwort; Fine-textured",NA,NA
"1716","ESSFmc/02","BlPl – Juniper – Cladonia",NA,NA
"1717","ESSFmc/03","Bl – Huckleberry – Crowberry",NA,NA
"1718","ESSFmc/04","Bl – Huckleberry – Heron's-bill",NA,NA
"1719","ESSFmc/05","Bl – Huckleberry – Thimbleberry",NA,NA
"1720","ESSFmc/06","Bl – Oak fern – Heron's-bill",NA,NA
"1721","ESSFmc/07","Bl – Devil's club – Lady fern",NA,NA
"1722","ESSFmc/08","Bl – Valerian – Sickle moss","SN","late snow"
"1723","ESSFmc/09","Bl – Horsetail – Glow moss",NA,NA
"1724","ESSFmc/10","Bl – Horsetail – Leafy moss",NA,NA
"1725","ESSFmc/11","Pl – Few-flowered sedge – Peat moss",NA,NA
"1726","ESSFmc/Wf01","Water sedge – Beaked sedge","Wf","wetland fen"
"1727","ESSFmc/Wf03","Water sedge – Peat moss","Wf","wetland fen"
"1728","ESSFmc/Wf04","Barclay's willow – Water sedge – Glow moss","Wf","wetland fen"
"1729","ESSFmc/Wf09","Few-flowered spikerush – Hook moss","Wf","wetland fen"
"1730","ESSFmc/Wf12","Narrow-leaved cotton-grass – Marsh-marigold","Wf","wetland fen"
"1731","ESSFmc/Wf13","Narrow-leaved cotton-grass – Shore sedge","Wf","wetland fen"
"1732","ESSFmc/Wm01","Beaked sedge – Water sedge","Wm","wetland marsh"
"1733","ESSFmcw/101","Bl – Huckleberry – (Valerian) – Heron's-bill",NA,NA
"1734","ESSFmcw/101a","Bl – Huckleberry – (Valerian) – Heron's-bill; Mesic phase",NA,NA
"1735","ESSFmcw/101b","Bl – Huckleberry – (Valerian) – Heron's-bill; Submesic phase",NA,NA
"1736","ESSFmcw/102","Bl(Pa) – Crowberry – Heron's-bill",NA,NA
"1737","ESSFmcw/103","Bl – Mountain-heather – Leafy liverwort","SN","late snow"
"1738","ESSFmcw/110","Bl – Valerian – Leafy liverwort",NA,NA
"1739","ESSFmcw/111","Bl – Leatherleaf – Leafy moss",NA,NA
"1740","ESSFmh/101","BlSe – Rhododendron – Foamflower",NA,NA
"1741","ESSFmh/102","FdPl – Juniper – Falsebox",NA,NA
"1742","ESSFmh/103","BlFd – Huckleberry – Falsebox",NA,NA
"1743","ESSFmh/104","BlPl – Falsebox – Grouseberry",NA,NA
"1744","ESSFmh/105","BlCwLw – Queen's cup",NA,NA
"1745","ESSFmh/110","Bl – Rhododendron – Oak fern",NA,NA
"1746","ESSFmh/111","BlSe – Lady fern – Oak fern",NA,NA
"1747","ESSFmh/112","SeBl – Horsetail – Arrow–leaved groundsel",NA,NA
"1748","ESSFmh/112a","SeBl – Horsetail – Arrow–leaved groundsel; Riparian phase",NA,NA
"1749","ESSFmh/112b","SeBl – Horsetail – Arrow–leaved groundsel; Swamp phase",NA,NA
"1750","ESSFmh/Ff01","Water birch – Red-osier dogwood – Rose","Ff","fringe fluvial "
"1751","ESSFmh/Ff01a","Water birch – Red-osier dogwood – Rose; Fringe phase","Ff","fringe fluvial "
"1752","ESSFmh/Fl01","Mountain alder – Common horsetail","Fl","low fluvial bench"
"1753","ESSFmh/Fl02","Mountain alder – Red-osier dogwood – Lady fern","Fl","low fluvial bench"
"1754","ESSFmh/Fl04","Sitka willow – Red-osier dogwood – Horsetail","Fl","low fluvial bench"
"1755","ESSFmh/Fl05","Drummond's willow – Bluejoint","Fl","low fluvial bench"
"1756","ESSFmh/Gb21","Juniper – Kinnikinnick – Strawberry","Gb","brushland"
"1757","ESSFmh/Gg11","Idaho fescue – Bluebunch wheatgrass – Junegrass","Gg","grassland "
"1758","ESSFmh/Gg11$2.4","Needle-and-thread grass – Cheatgrass","Gg","grassland "
"1759","ESSFmh/Ro06","Juniper – Stonecrop – Sandwort","Ro","rocky outcrop"
"1760","ESSFmh/Ro06.1","Juniper – Stonecrop – Sandwort","Ro","rocky outcrop"
"1761","ESSFmh/Ro06.2","Juniper – Kinnikinnick – Stonecrop – Sandwort","Ro","rocky outcrop"
"1762","ESSFmh/Ro09","Saskatoon – Rock moss – Clad lichen","Ro","rocky outcrop"
"1763","ESSFmh/Ro09.1","Saskatoon – Rock moss – Clad lichen","Ro","rocky outcrop"
"1764","ESSFmh/Ro09.2","Saskatoon – Poverty oatgrass – Rock moss – Clad lichen","Ro","rocky outcrop"
"1765","ESSFmh/Ro10","Huckleberry – Rock moss – Haircap moss","Ro","rocky outcrop"
"1766","ESSFmh/Ro11","Grouseberry – Clad lichen","Ro","rocky outcrop"
"1767","ESSFmh/Rt01","Rocktripe – Green map","Rt","talus"
"1768","ESSFmh/Rt02","Rock moss – Clad lichen","Rt","talus"
"1769","ESSFmh/Rt03","Raspberry – Feather moss – Clad lichen","Rt","talus"
"1770","ESSFmh/Rt07","Aspen – Juniper – Rocktripe","Rt","talus"
"1771","ESSFmh/Rt07.1","Aspen – Juniper – Rocktripe; Aspen variation","Rt","talus"
"1772","ESSFmh/Rt07.2","Juniper – Rocktripe","Rt","talus"
"1773","ESSFmh/Vh01","Cow parsnip – Fireweed – Nettle","Vh","avalanche herb"
"1774","ESSFmh/Vh01.1","Cow parsnip – Fireweed – Nettle","Vh","avalanche herb"
"1775","ESSFmh/Vh01.2","Cow parsnip – Fireweed – Bluejoint","Vh","avalanche herb"
"1776","ESSFmh/Vh02","Valerian – Hellebore – Fireweed","Vh","avalanche herb"
"1777","ESSFmh/Vh02.1","Valerian – Hellebore – Fireweed","Vh","avalanche herb"
"1778","ESSFmh/Vh03","Lady fern – Hellebore – Valerian","Vh","avalanche herb"
"1779","ESSFmh/Vh10","Fireweed – Grouseberry","Vh","avalanche herb"
"1780","ESSFmh/Vh11","Fireweed – Yarrow – Strawberry","Vh","avalanche herb"
"1781","ESSFmh/Vs01","Sitka alder – Lady fern","Vs","avalanche shrub"
"1782","ESSFmh/Vs01.1","Sitka alder – Lady fern","Vs","avalanche shrub"
"1783","ESSFmh/Vs01.2","Sitka alder – Spiny wood fern","Vs","avalanche shrub"
"1784","ESSFmh/Vs02","Sitka alder – Solomon's-seal","Vs","avalanche shrub"
"1785","ESSFmh/Vs04","Sitka alder – Devil's club – Oak fern","Vs","avalanche shrub"
"1786","ESSFmh/Vs10","Willow – Cow parsnip – Fireweed","Vs","avalanche shrub"
"1787","ESSFmh/Vs10.1","Sitka willow – Cow parsnip – Fireweed","Vs","avalanche shrub"
"1788","ESSFmh/Vs10.2","Barclay's willow – Cow parsnip – Fireweed","Vs","avalanche shrub"
"1789","ESSFmh/Vs11","Thimbleberry – Cow parsnip – Fireweed","Vs","avalanche shrub"
"1790","ESSFmh/Vs12","Huckleberry – Rhododendron – Fireweed","Vs","avalanche shrub"
"1791","ESSFmh/Vs14","Saskatoon – Snowberry – Strawberry","Vs","avalanche shrub"
"1792","ESSFmh/Wb16","Sxw – Trapper's tea – Peat moss","Wb","wetland bog "
"1793","ESSFmh/Wf01","Water sedge – Beaked sedge","Wf","wetland fen"
"1794","ESSFmh/Wf02","Scrub birch – Water sedge","Wf","wetland fen"
"1795","ESSFmh/Wf03","Water sedge – Peat moss","Wf","wetland fen"
"1796","ESSFmh/Wf04","Barclay's willow – Water sedge – Glow moss","Wf","wetland fen"
"1797","ESSFmh/Wf05","Slender sedge – Common hook moss","Wf","wetland fen"
"1798","ESSFmh/Wf09","Few-flowered spikerush – Hook moss","Wf","wetland fen"
"1799","ESSFmh/Wf11","Tufted clubrush – Star moss","Wf","wetland fen"
"1800","ESSFmh/Wf12","Narrow-leaved cotton-grass – Marsh-marigold","Wf","wetland fen"
"1801","ESSFmh/Wf13","Narrow-leaved cotton-grass – Shore sedge","Wf","wetland fen"
"1802","ESSFmh/Wm01","Beaked sedge – Water sedge","Wm","wetland marsh"
"1803","ESSFmh/Wm16","Bluejoint – Arrow-leaved groundsel","Wm","wetland marsh"
"1804","ESSFmh/Ws04","Drummond's willow – Beaked sedge","Ws","wetland swamp"
"1805","ESSFmh/Ws08","Bl – Valerian – Horsetail","Ws","wetland swamp"
"1806","ESSFmh/Ws08.1","Bl – Valerian – Horsetail","Ws","wetland swamp"
"1807","ESSFmh/Ws08.2","SeBl – Horsetail – Canby's Lovage","Ws","wetland swamp"
"1808","ESSFmh/Ws13","Barclay's willow – Common horsetail – Arrow-leaved groundsel","Ws","wetland swamp"
"1809","ESSFmk/01","BlHm – Twistedstalk",NA,NA
"1810","ESSFmk/02","BlPa – Cladonia",NA,NA
"1811","ESSFmk/02a","BlPa – Cladonia; Lithic",NA,NA
"1812","ESSFmk/02b","BlPa – Cladonia; Fluvial",NA,NA
"1813","ESSFmk/03","BlHm – Cladonia",NA,NA
"1814","ESSFmk/04","BlHm – Oak fern",NA,NA
"1815","ESSFmk/05","Bl – Devil's club – Lady fern",NA,NA
"1816","ESSFmk/06","Bl – Horsetail – Leafy moss",NA,NA
"1817","ESSFmk/07","Bl – Lady fern – Horsetail",NA,NA
"1818","ESSFmkw/101","Bl(Hm) – Huckleberry – (Twistedstalk) – Heron's-bill",NA,NA
"1819","ESSFmkw/102","BlPa(Hm) – Huckleberry – Clad lichens",NA,NA
"1820","ESSFmkw/103","BlHm – Mountain-heather – Leafy liverwort","SN","late snow"
"1821","ESSFmkw/104","BlHm – Huckleberry – Blueberry",NA,NA
"1822","ESSFmkw/110","Bl(Hm) – Huckleberry – Valerian – Leafy moss",NA,NA
"1823","ESSFmkw/111","Bl – Valerian – Sitka burnet – Horsetail",NA,NA
"1824","ESSFmm1/01","Bl – Azalea – Gooseberry",NA,NA
"1825","ESSFmm1/02","Bl – Huckleberry – Feather moss",NA,NA
"1826","ESSFmm1/03","BlPl – Cladina",NA,NA
"1827","ESSFmm1/04","Bl – Azalea – Rhododendron",NA,NA
"1828","ESSFmm1/05","Bl – Oak fern – Bramble",NA,NA
"1829","ESSFmm1/06","Bl – Devil's club – Lady fern",NA,NA
"1830","ESSFmm1/07","Bl – Labrador tea – Horsetail",NA,NA
"1831","ESSFmm3/101","Bl – Azalea – Bramble",NA,NA
"1832","ESSFmm3/102","BlFd – Juniper – Clad lichen",NA,NA
"1833","ESSFmm3/103","Bl – Huckleberry – Clad lichen",NA,NA
"1834","ESSFmm3/104","Bl – Azalea – Feather moss",NA,NA
"1835","ESSFmm3/110","BlSe – Azalea – Oak fern",NA,NA
"1836","ESSFmm3/111","BlSe – Valerian – Leafy liverwort",NA,NA
"1837","ESSFmm3/112","Se – Horsetail – Valerian",NA,NA
"1838","ESSFmv1/01","Bl – Rhododendron – Feather moss",NA,NA
"1839","ESSFmv1/02","Pl – Huckleberry – Cladonia",NA,NA
"1840","ESSFmv1/03","Bl – Huckleberry – Feather moss",NA,NA
"1841","ESSFmv1/04","Bl – Huckleberry – Gooseberry",NA,NA
"1842","ESSFmv1/05","Bl – Horsetail – Glow moss",NA,NA
"1843","ESSFmv2/01","Bl – Rhododendron – Feather moss",NA,NA
"1844","ESSFmv2/02","Bl – Lingonberry",NA,NA
"1845","ESSFmv2/03","BlSb – Labrador tea","CA","cold aspects - cold air"
"1846","ESSFmv2/04","Bl – Oak fern – Knight's plume",NA,NA
"1847","ESSFmv2/05","Bl – Devil's club – Rhododendron",NA,NA
"1848","ESSFmv2/06","Bl – Alder – Horsetail",NA,NA
"1849","ESSFmv2/Wf02","Scrub birch – Water sedge","Wf","wetland fen"
"1850","ESSFmv3/01","Bl – Rhododendron – Feather moss",NA,NA
"1851","ESSFmv3/02","BlPl – Crowberry – Cladina",NA,NA
"1852","ESSFmv3/03","BlSb – Labrador tea","CA","cold aspects - cold air"
"1853","ESSFmv3/04","Bl – Oak fern – Knight's plume",NA,NA
"1854","ESSFmv3/05","Bl – Devil's club – Rhododendron",NA,NA
"1855","ESSFmv3/06","Sxw – Huckleberry – High bush-cranberry",NA,NA
"1856","ESSFmv3/07","Bl – Horsetail – Feather moss",NA,NA
"1857","ESSFmv3/08","BlPl – Rhododendron",NA,NA
"1858","ESSFmv4/01","Bl – Rhododendron – Feather moss",NA,NA
"1859","ESSFmv4/02","BlPl – Crowberry – Cladina",NA,NA
"1860","ESSFmv4/03","BlSb – Labrador tea","CA","cold aspects - cold air"
"1861","ESSFmv4/04","Bl – Rhododendron – Horsetail",NA,NA
"1862","ESSFmv4/05","Bl – Alder – Horsetail",NA,NA
"1863","ESSFmw1/101","BlBa – Rhododendron – Bramble",NA,NA
"1864","ESSFmw1/102","PlBl – Grouseberry – Rock mosses",NA,NA
"1865","ESSFmw1/102.1","PlBl – Grouseberry – Rock mosses",NA,NA
"1866","ESSFmw1/102.2","Bl – Huckleberry – Rock mosses",NA,NA
"1867","ESSFmw1/103","BlPl – Falsebox – Grouseberry",NA,NA
"1868","ESSFmw1/104","FdPl – Falsebox – Pinegrass","IN","insolation"
"1869","ESSFmw1/105","BlBa – Huckleberry – Pipecleaner moss",NA,NA
"1870","ESSFmw1/110","Bl – Valerian – Foamflower","CAS","cold aspects - cold air"
"1871","ESSFmw1/111","Se – Horsetail – Valerian",NA,NA
"1872","ESSFmw1/Ro06","Juniper – Stonecrop – Sandwort","Ro","rocky outcrop"
"1873","ESSFmw1/Ro06.1","Juniper – Stonecrop – Sandwort","Ro","rocky outcrop"
"1874","ESSFmw1/Ro06.2","Juniper – Kinnikinnick – Stonecrop – Sandwort","Ro","rocky outcrop"
"1875","ESSFmw1/Ro11","Grouseberry – Clad lichen","Ro","rocky outcrop"
"1876","ESSFmw1/Rt01","Rocktripe – Green map","Rt","talus"
"1877","ESSFmw1/Rt02","Rock moss – Clad lichen","Rt","talus"
"1878","ESSFmw1/Vh01","Cow parsnip – Fireweed – Nettle","Vh","avalanche herb"
"1879","ESSFmw1/Vh01.1","Cow parsnip – Fireweed – Nettle","Vh","avalanche herb"
"1880","ESSFmw1/Vh02","Valerian – Hellebore – Fireweed","Vh","avalanche herb"
"1881","ESSFmw1/Vh04","Valerian – Meadowrue – Waterleaf","Vh","avalanche herb"
"1882","ESSFmw1/Vs01","Sitka alder – Lady fern","Vs","avalanche shrub"
"1883","ESSFmw1/Vs01.1","Sitka alder – Lady fern","Vs","avalanche shrub"
"1884","ESSFmw1/Vs01.2","Sitka alder – Spiny wood fern","Vs","avalanche shrub"
"1885","ESSFmw1/Vs02","Sitka alder – Solomon's-seal","Vs","avalanche shrub"
"1886","ESSFmw1/Vs03","Sitka alder – Hellebore","Vs","avalanche shrub"
"1887","ESSFmw1/Vs04","Sitka alder – Devil's club – Oak fern","Vs","avalanche shrub"
"1888","ESSFmw1/Vs05","Sitka alder – Waterleaf","Vs","avalanche shrub"
"1889","ESSFmw1/Vs10","Willow – Cow parsnip – Fireweed","Vs","avalanche shrub"
"1890","ESSFmw1/Vs10.1","Sitka willow – Cow parsnip – Fireweed","Vs","avalanche shrub"
"1891","ESSFmw1/Vs10.2","Barclay's willow – Cow parsnip – Fireweed","Vs","avalanche shrub"
"1892","ESSFmw1/Vs11","Thimbleberry – Cow parsnip – Fireweed","Vs","avalanche shrub"
"1893","ESSFmw1/Vs14","Saskatoon – Snowberry – Strawberry","Vs","avalanche shrub"
"1894","ESSFmw1/Vs50","Sitka alder – Salmonberry","Vs","avalanche shrub"
"1895","ESSFmw1/Wf01","Water sedge – Beaked sedge","Wf","wetland fen"
"1896","ESSFmw1/Wf03","Water sedge – Peat moss","Wf","wetland fen"
"1897","ESSFmw1/Wf04","Barclay's willow – Water sedge – Glow moss","Wf","wetland fen"
"1898","ESSFmw1/Wf08","Shore sedge – Buckbean – Hook moss","Wf","wetland fen"
"1899","ESSFmw1/Wf09","Few-flowered spikerush – Hook moss","Wf","wetland fen"
"1900","ESSFmw1/Wf11","Tufted clubrush – Star moss","Wf","wetland fen"
"1901","ESSFmw1/Wf12","Narrow-leaved cotton-grass – Marsh-marigold","Wf","wetland fen"
"1902","ESSFmw1/Wf13","Narrow-leaved cotton-grass – Shore sedge","Wf","wetland fen"
"1903","ESSFmw1/Wm01","Beaked sedge – Water sedge","Wm","wetland marsh"
"1904","ESSFmw1/Wm16","Bluejoint – Arrow-leaved groundsel","Wm","wetland marsh"
"1905","ESSFmw1/Ws08","Bl – Valerian – Horsetail","Ws","wetland swamp"
"1906","ESSFmw1/Ws08.1","Bl – Valerian – Horsetail","Ws","wetland swamp"
"1907","ESSFmw1/Ws13","Barclay's willow – Common horsetail – Arrow-leaved groundsel","Ws","wetland swamp"
"1908","ESSFmw2/Wf01","Water sedge – Beaked sedge","Wf","wetland fen"
"1909","ESSFmw2/Wf03","Water sedge – Peat moss","Wf","wetland fen"
"1910","ESSFmw2/Wf04","Barclay's willow – Water sedge – Glow moss","Wf","wetland fen"
"1911","ESSFmw2/Wf12","Narrow-leaved cotton-grass – Marsh-marigold","Wf","wetland fen"
"1912","ESSFmw2/Wf13","Narrow-leaved cotton-grass – Shore sedge","Wf","wetland fen"
"1913","ESSFmw2/Wm02","Water horsetail – Beaked sedge","Wm","wetland marsh"
"1914","ESSFvc/01","BlHm – Rhododendron – Oak fern",NA,NA
"1915","ESSFvc/02","BlHm – Rhododendron – Leafy liverwort",NA,NA
"1916","ESSFvc/03","BlHm – Rhododendron – Pipecleaner moss",NA,NA
"1917","ESSFvc/04","BlHm – Devil's club – Lady fern",NA,NA
"1918","ESSFvc/05","BlHm – Horsetail",NA,NA
"1919","ESSFvc/06","Sedge – Sphagnum",NA,NA
"1920","ESSFwc2/01","Bl – Azalea – Oak fern",NA,NA
"1921","ESSFwc2/02","Pl – Huckleberry – Cladonia",NA,NA
"1922","ESSFwc2/03","Bl – Huckleberry – Arnica",NA,NA
"1923","ESSFwc2/04","Bl – Rhododendron – Heron's-bill",NA,NA
"1924","ESSFwc2/05","Bl – Azalea – Feather moss",NA,NA
"1925","ESSFwc2/06","Bl – Valerian – Oak fern",NA,NA
"1926","ESSFwc2/07","Bl – Devil's club – Lady fern",NA,NA
"1927","ESSFwc2/08","Bl – Horsetail – Sphagnum",NA,NA
"1928","ESSFwc2/09","Pl – Dwarf blueberry – Sphagnum",NA,NA
"1929","ESSFwc2/10","Sedge – Sphagnum",NA,NA
"1930","ESSFwc2/Wf04","Barclay's willow – Water sedge – Glow moss","Wf","wetland fen"
"1931","ESSFwc2/Wf11","Tufted clubrush – Star moss","Wf","wetland fen"
"1932","ESSFwc2/Wf13","Narrow-leaved cotton-grass – Shore sedge","Wf","wetland fen"
"1933","ESSFwc3/Wf02","Scrub birch – Water sedge","Wf","wetland fen"
"1934","ESSFwc3/Wf03","Water sedge – Peat moss","Wf","wetland fen"
"1935","ESSFwc3/Wf04","Barclay's willow – Water sedge – Glow moss","Wf","wetland fen"
"1936","ESSFwc3/Wf08","Shore sedge – Buckbean – Hook moss","Wf","wetland fen"
"1937","ESSFwc3/Wf11","Tufted clubrush – Star moss","Wf","wetland fen"
"1938","ESSFwc4/101","Bl – Rhododendron – Oak fern",NA,NA
"1939","ESSFwc4/102","BlPa – Huckleberry – Clad lichen",NA,NA
"1940","ESSFwc4/103","Bl – Rhododendron – Huckleberry – Heron's-bill",NA,NA
"1941","ESSFwc4/103a","Bl – Rhododendron – Huckleberry – Heron's-bill; Subxeric phase",NA,NA
"1942","ESSFwc4/103b","Bl – Rhododendron – Huckleberry – Heron's-bill; Submesic phase",NA,NA
"1943","ESSFwc4/110","BlSe – Lady fern – Oak fern",NA,NA
"1944","ESSFwc4/111","Bl – Valerian – Foamflower",NA,NA
"1945","ESSFwc4/112","Se – Horsetail – Valerian",NA,NA
"1946","ESSFwc4/112a","Se – Horsetail – Valerian; Riparian phase",NA,NA
"1947","ESSFwc4/112b","Se – Valerian – Horsetail; Swamp phase",NA,NA
"1948","ESSFwc4/Ro06","Juniper – Stonecrop – Sandwort","Ro","rocky outcrop"
"1949","ESSFwc4/Ro06.1","Juniper – Stonecrop – Sandwort","Ro","rocky outcrop"
"1950","ESSFwc4/Ro10","Huckleberry – Rock moss – Haircap moss","Ro","rocky outcrop"
"1951","ESSFwc4/Ro11","Grouseberry – Clad lichen","Ro","rocky outcrop"
"1952","ESSFwc4/Ro12","Mountain-heather – Alaska saxifrage – Rock moss","Ro","rocky outcrop"
"1953","ESSFwc4/Rt01","Rocktripe – Green map","Rt","talus"
"1954","ESSFwc4/Rt02","Rock moss – Clad lichen","Rt","talus"
"1955","ESSFwc4/Rt07","Aspen – Juniper – Rocktripe","Rt","talus"
"1956","ESSFwc4/Rt07.1","Aspen – Juniper – Rocktripe; Aspen variation","Rt","talus"
"1957","ESSFwc4/Rt07.2","Juniper – Rocktripe","Rt","talus"
"1958","ESSFwc4/Rt21","La – Pink mountain-heath – Heron's-bill","Rt","talus"
"1959","ESSFwc4/Vh01","Cow parsnip – Fireweed – Nettle","Vh","avalanche herb"
"1960","ESSFwc4/Vh01.1","Cow parsnip – Fireweed – Nettle","Vh","avalanche herb"
"1961","ESSFwc4/Vh01.2","Cow parsnip – Fireweed – Bluejoint","Vh","avalanche herb"
"1962","ESSFwc4/Vh02","Valerian – Hellebore – Fireweed","Vh","avalanche herb"
"1963","ESSFwc4/Vh02.1","Valerian – Hellebore – Fireweed","Vh","avalanche herb"
"1964","ESSFwc4/Vh02.2","Valerian – Showy Sedge – Fireweed","Vh","avalanche herb"
"1965","ESSFwc4/Vh11","Fireweed – Yarrow – Strawberry","Vh","avalanche herb"
"1966","ESSFwc4/Vs01","Sitka alder – Lady fern","Vs","avalanche shrub"
"1967","ESSFwc4/Vs01.1","Sitka alder – Lady fern","Vs","avalanche shrub"
"1968","ESSFwc4/Vs01.2","Sitka alder – Spiny wood fern","Vs","avalanche shrub"
"1969","ESSFwc4/Vs02","Sitka alder – Solomon's-seal","Vs","avalanche shrub"
"1970","ESSFwc4/Vs03","Sitka alder – Hellebore","Vs","avalanche shrub"
"1971","ESSFwc4/Vs10","Willow – Cow parsnip – Fireweed","Vs","avalanche shrub"
"1972","ESSFwc4/Vs10.1","Sitka willow – Cow parsnip – Fireweed","Vs","avalanche shrub"
"1973","ESSFwc4/Vs10.2","Barclay's willow – Cow parsnip – Fireweed","Vs","avalanche shrub"
"1974","ESSFwc4/Vs12","Huckleberry – Rhododendron – Fireweed","Vs","avalanche shrub"
"1975","ESSFwc4/Wa01","Alpine sedge – Glow moss","Wa","wetland alpine"
"1976","ESSFwc4/Wa01.1","Alpine sedge – Marsh-marigold – Glow moss","Wa","wetland alpine"
"1977","ESSFwc4/Wa01.2","Alpine sedge – Leatherleaf saxifrage – Glow moss","Wa","wetland alpine"
"1978","ESSFwc4/Wa03","Marsh-marigold – Globeflower – Spring moss","Wa","wetland alpine"
"1979","ESSFwc4/Wf01","Water sedge – Beaked sedge","Wf","wetland fen"
"1980","ESSFwc4/Wf03","Water sedge – Peat moss","Wf","wetland fen"
"1981","ESSFwc4/Wf04","Barclay's willow – Water sedge – Glow moss","Wf","wetland fen"
"1982","ESSFwc4/Wf11","Tufted clubrush – Star moss","Wf","wetland fen"
"1983","ESSFwc4/Wf12","Narrow-leaved cotton-grass – Marsh-marigold","Wf","wetland fen"
"1984","ESSFwc4/Wf13","Narrow-leaved cotton-grass – Shore sedge","Wf","wetland fen"
"1985","ESSFwc4/Wm01","Beaked sedge – Water sedge","Wm","wetland marsh"
"1986","ESSFwc4/Wm16","Bluejoint – Arrow-leaved groundsel","Wm","wetland marsh"
"1987","ESSFwc4/Ws13","Barclay's willow – Common horsetail – Arrow-leaved groundsel","Ws","wetland swamp"
"1988","ESSFwc7/101","Bl – Rhododendron – Oak fern",NA,NA
"1989","ESSFwc7/102","Bl – Huckleberry – Rock mosses",NA,NA
"1990","ESSFwc7/103","Bl – Rhododendron – Bramble – Heron's-bill mosses",NA,NA
"1991","ESSFwc7/110","Bl – Twistedstalks – Leafy mosses",NA,NA
"1992","ESSFwc7/111","Bl – Valerian – Horsetail",NA,NA
"1993","ESSFwcp/Ag01","Timber oatgrass – Grouseberry – Sandwort","Ag","alpine grassland"
"1994","ESSFwcp/Wa01","Alpine sedge – Glow moss","Wa","wetland alpine"
"1995","ESSFwcp/Wa01.1","Alpine sedge – Marsh-marigold – Glow moss","Wa","wetland alpine"
"1996","ESSFwcp/Wa01.2","Alpine sedge – Leatherleaf saxifrage – Glow moss","Wa","wetland alpine"
"1997","ESSFwcp/Wa03","Marsh-marigold – Globeflower – Spring moss","Wa","wetland alpine"
"1998","ESSFwcw/101","Bl – Rhododendron – Valerian",NA,NA
"1999","ESSFwcw/102","BlPa – Huckleberry – Clad lichen",NA,NA
"2000","ESSFwcw/103","Bl – Rhododendron – Woodrush",NA,NA
"2001","ESSFwcw/104","Bl – Mountain-heather","SN","late snow"
"2002","ESSFwcw/104.1","Bl – Mountain-heather – Woodrush",NA,NA
"2003","ESSFwcw/104.2","Bl – Mountain-heather – Partridge-foot",NA,NA
"2004","ESSFwcw/104.3","Bl – Mountain-heather – Mountain sagewort",NA,NA
"2005","ESSFwcw/110","Bl – Valerian – Hellebore – Globeflower",NA,NA
"2006","ESSFwcw/Ag01","Timber oatgrass – Grouseberry – Sandwort","Ag","alpine grassland"
"2007","ESSFwcw/Gg16","Rough fescue – Sulphur buckwheat – Sandwort","Gg","grassland "
"2008","ESSFwcw/Ro06","Juniper – Stonecrop – Sandwort","Ro","rocky outcrop"
"2009","ESSFwcw/Ro06.1","Juniper – Stonecrop – Sandwort","Ro","rocky outcrop"
"2010","ESSFwcw/Ro10","Huckleberry – Rock moss – Haircap moss","Ro","rocky outcrop"
"2011","ESSFwcw/Ro11","Grouseberry – Clad lichen","Ro","rocky outcrop"
"2012","ESSFwcw/Ro12","Mountain-heather – Alaska saxifrage – Rock moss","Ro","rocky outcrop"
"2013","ESSFwcw/Rt01","Rocktripe – Green map","Rt","talus"
"2014","ESSFwcw/Rt21","La – Pink mountain-heath – Heron's-bill","Rt","talus"
"2015","ESSFwcw/Vh01","Cow parsnip – Fireweed – Nettle","Vh","avalanche herb"
"2016","ESSFwcw/Vh01.1","Cow parsnip – Fireweed – Nettle","Vh","avalanche herb"
"2017","ESSFwcw/Vh01.2","Cow parsnip – Fireweed – Bluejoint","Vh","avalanche herb"
"2018","ESSFwcw/Vh02","Valerian – Hellebore – Fireweed","Vh","avalanche herb"
"2019","ESSFwcw/Vh02.1","Valerian – Hellebore – Fireweed","Vh","avalanche herb"
"2020","ESSFwcw/Vh02.2","Valerian – Showy Sedge – Fireweed","Vh","avalanche herb"
"2021","ESSFwcw/Vh10","Fireweed – Grouseberry","Vh","avalanche herb"
"2022","ESSFwcw/Vh11","Fireweed – Yarrow – Strawberry","Vh","avalanche herb"
"2023","ESSFwcw/Vs01","Sitka alder – Lady fern","Vs","avalanche shrub"
"2024","ESSFwcw/Vs01.1","Sitka alder – Lady fern","Vs","avalanche shrub"
"2025","ESSFwcw/Vs01.2","Sitka alder – Spiny wood fern","Vs","avalanche shrub"
"2026","ESSFwcw/Vs03","Sitka alder – Hellebore","Vs","avalanche shrub"
"2027","ESSFwcw/Vs10","Willow – Cow parsnip – Fireweed","Vs","avalanche shrub"
"2028","ESSFwcw/Vs10.2","Barclay's willow – Cow parsnip – Fireweed","Vs","avalanche shrub"
"2029","ESSFwcw/Wa01","Alpine sedge – Glow moss","Wa","wetland alpine"
"2030","ESSFwcw/Wa01.1","Alpine sedge – Marsh-marigold – Glow moss","Wa","wetland alpine"
"2031","ESSFwcw/Wa01.2","Alpine sedge – Leatherleaf saxifrage – Glow moss","Wa","wetland alpine"
"2032","ESSFwcw/Wa03","Marsh-marigold – Globeflower – Spring moss","Wa","wetland alpine"
"2033","ESSFwcw/Wf01","Water sedge – Beaked sedge","Wf","wetland fen"
"2034","ESSFwcw/Wf03","Water sedge – Peat moss","Wf","wetland fen"
"2035","ESSFwcw/Wf04","Barclay's willow – Water sedge – Glow moss","Wf","wetland fen"
"2036","ESSFwcw/Wf12","Narrow-leaved cotton-grass – Marsh-marigold","Wf","wetland fen"
"2037","ESSFwcw/Wf13","Narrow-leaved cotton-grass – Shore sedge","Wf","wetland fen"
"2038","ESSFwcw/Wm01","Beaked sedge – Water sedge","Wm","wetland marsh"
"2039","ESSFwcw/Wm16","Bluejoint – Arrow-leaved groundsel","Wm","wetland marsh"
"2040","ESSFwcw/Ws08.2","SeBl – Horsetail – Canby's Lovage","Ws","wetland swamp"
"2041","ESSFwcw/Ws13","Barclay's willow – Common horsetail – Arrow-leaved groundsel","Ws","wetland swamp"
"2042","ESSFwh1/101","BlHw – Rhododendron – Foamflower",NA,NA
"2043","ESSFwh1/102","Bl – Huckleberry – Rock mosses",NA,NA
"2044","ESSFwh1/103","BlFd – Huckleberry – Falsebox","IN","insolation"
"2045","ESSFwh1/104","BlHw – Huckleberry – Pipecleaner moss",NA,NA
"2046","ESSFwh1/110","Se – Devil's club – Lady fern",NA,NA
"2047","ESSFwh1/110.1","Se – Devil's club – Lady fern",NA,NA
"2048","ESSFwh1/110.2","Se – Lady fern – Oak fern",NA,NA
"2049","ESSFwh1/111","SeBl – Horsetail – Canby's lovage",NA,NA
"2050","ESSFwh1/111a","SeBl – Horsetail – Canby's lovage; Riparian phase",NA,NA
"2051","ESSFwh1/111b","SeBl – Horsetail – Canby's lovage; Swamp phase",NA,NA
"2052","ESSFwh1/Fl01","Mountain alder – Common horsetail","Fl","low fluvial bench"
"2053","ESSFwh1/Fl02","Mountain alder – Red-osier dogwood – Lady fern","Fl","low fluvial bench"
"2054","ESSFwh1/Ro06","Juniper – Stonecrop – Sandwort","Ro","rocky outcrop"
"2055","ESSFwh1/Ro06.1","Juniper – Stonecrop – Sandwort","Ro","rocky outcrop"
"2056","ESSFwh1/Ro09","Saskatoon – Rock moss – Clad lichen","Ro","rocky outcrop"
"2057","ESSFwh1/Ro09.1","Saskatoon – Rock moss – Clad lichen","Ro","rocky outcrop"
"2058","ESSFwh1/Ro09.2","Saskatoon – Poverty oatgrass – Rock moss – Clad lichen","Ro","rocky outcrop"
"2059","ESSFwh1/Ro10","Huckleberry – Rock moss – Haircap moss","Ro","rocky outcrop"
"2060","ESSFwh1/Rt01","Rocktripe – Green map","Rt","talus"
"2061","ESSFwh1/Rt02","Rock moss – Clad lichen","Rt","talus"
"2062","ESSFwh1/Rt03","Raspberry – Feather moss – Clad lichen","Rt","talus"
"2063","ESSFwh1/Rt07","Aspen – Juniper – Rocktripe","Rt","talus"
"2064","ESSFwh1/Rt07.1","Aspen – Juniper – Rocktripe; Aspen variation","Rt","talus"
"2065","ESSFwh1/Rt07.2","Juniper – Rocktripe","Rt","talus"
"2066","ESSFwh1/Vh01","Cow parsnip – Fireweed – Nettle","Vh","avalanche herb"
"2067","ESSFwh1/Vh01.1","Cow parsnip – Fireweed – Nettle","Vh","avalanche herb"
"2068","ESSFwh1/Vh01.2","Cow parsnip – Fireweed – Bluejoint","Vh","avalanche herb"
"2069","ESSFwh1/Vh02","Valerian – Hellebore – Fireweed","Vh","avalanche herb"
"2070","ESSFwh1/Vh02.1","Valerian – Hellebore – Fireweed","Vh","avalanche herb"
"2071","ESSFwh1/Vh02.2","Valerian – Showy Sedge – Fireweed","Vh","avalanche herb"
"2072","ESSFwh1/Vh03","Lady fern – Hellebore – Valerian","Vh","avalanche herb"
"2073","ESSFwh1/Vh11","Fireweed – Yarrow – Strawberry","Vh","avalanche herb"
"2074","ESSFwh1/Vs01","Sitka alder – Lady fern","Vs","avalanche shrub"
"2075","ESSFwh1/Vs01.1","Sitka alder – Lady fern","Vs","avalanche shrub"
"2076","ESSFwh1/Vs01.2","Sitka alder – Spiny wood fern","Vs","avalanche shrub"
"2077","ESSFwh1/Vs02","Sitka alder – Solomon's-seal","Vs","avalanche shrub"
"2078","ESSFwh1/Vs03","Sitka alder – Hellebore","Vs","avalanche shrub"
"2079","ESSFwh1/Vs04","Sitka alder – Devil's club – Oak fern","Vs","avalanche shrub"
"2080","ESSFwh1/Vs10","Willow – Cow parsnip – Fireweed","Vs","avalanche shrub"
"2081","ESSFwh1/Vs10.1","Sitka willow – Cow parsnip – Fireweed","Vs","avalanche shrub"
"2082","ESSFwh1/Vs10.2","Barclay's willow – Cow parsnip – Fireweed","Vs","avalanche shrub"
"2083","ESSFwh1/Vs11","Thimbleberry – Cow parsnip – Fireweed","Vs","avalanche shrub"
"2084","ESSFwh1/Vs12","Huckleberry – Rhododendron – Fireweed","Vs","avalanche shrub"
"2085","ESSFwh1/Wf01","Water sedge – Beaked sedge","Wf","wetland fen"
"2086","ESSFwh1/Wf03","Water sedge – Peat moss","Wf","wetland fen"
"2087","ESSFwh1/Wf04","Barclay's willow – Water sedge – Glow moss","Wf","wetland fen"
"2088","ESSFwh1/Wf11","Tufted clubrush – Star moss","Wf","wetland fen"
"2089","ESSFwh1/Wf12","Narrow-leaved cotton-grass – Marsh-marigold","Wf","wetland fen"
"2090","ESSFwh1/Wf13","Narrow-leaved cotton-grass – Shore sedge","Wf","wetland fen"
"2091","ESSFwh1/Wm01","Beaked sedge – Water sedge","Wm","wetland marsh"
"2092","ESSFwh1/Wm15","Bluejoint – Water sedge","Wm","wetland marsh"
"2093","ESSFwh1/Wm16","Bluejoint – Arrow-leaved groundsel","Wm","wetland marsh"
"2094","ESSFwh1/Ws08.1","Bl – Valerian – Horsetail","Ws","wetland swamp"
"2095","ESSFwh1/Ws08.2","SxwBl – Horsetail – Canby's Lovage","Ws","wetland swamp"
"2096","ESSFwh1/Ws13","Barclay's willow – Common horsetail – Arrow-leaved groundsel","Ws","wetland swamp"
"2097","ESSFwh2/101","BlHw – Rhododendron – Foamflower",NA,NA
"2098","ESSFwh2/102","Bl – Huckleberry – Rock mosses",NA,NA
"2099","ESSFwh2/103","Bl – Huckleberry – Falsebox","IN","insolation"
"2100","ESSFwh2/104","BlHw – Huckleberry – Pipecleaner moss",NA,NA
"2101","ESSFwh2/110","BlSe – Azalea – Oak fern",NA,NA
"2102","ESSFwh2/111","Se – Devil's club – Lady fern",NA,NA
"2103","ESSFwh2/112","SeBl – Horsetail – Canby's lovage",NA,NA
"2104","ESSFwh2/112a","SeBl – Horsetail – Canby's lovage; Riparian phase",NA,NA
"2105","ESSFwh2/112b","SeBl – Horsetail – Canby's lovage; Swamp phase",NA,NA
"2106","ESSFwh2/Fl01","Mountain alder – Common horsetail","Fl","low fluvial bench"
"2107","ESSFwh2/Ro06","Juniper – Stonecrop – Sandwort","Ro","rocky outcrop"
"2108","ESSFwh2/Ro06.1","Juniper – Stonecrop – Sandwort","Ro","rocky outcrop"
"2109","ESSFwh2/Ro09","Saskatoon – Rock moss – Clad lichen","Ro","rocky outcrop"
"2110","ESSFwh2/Ro09.1","Saskatoon – Rock moss – Clad lichen","Ro","rocky outcrop"
"2111","ESSFwh2/Ro09.2","Saskatoon – Poverty oatgrass – Rock moss – Clad lichen","Ro","rocky outcrop"
"2112","ESSFwh2/Ro10","Huckleberry – Rock moss – Haircap moss","Ro","rocky outcrop"
"2113","ESSFwh2/Rt01","Rocktripe – Green map","Rt","talus"
"2114","ESSFwh2/Rt02","Rock moss – Clad lichen","Rt","talus"
"2115","ESSFwh2/Rt03","Raspberry – Feather moss – Clad lichen","Rt","talus"
"2116","ESSFwh2/Rt07","Aspen – Juniper – Rocktripe","Rt","talus"
"2117","ESSFwh2/Rt07.1","Aspen – Juniper – Rocktripe; Aspen variation","Rt","talus"
"2118","ESSFwh2/Rt07.2","Juniper – Rocktripe","Rt","talus"
"2119","ESSFwh2/Vh01","Cow parsnip – Fireweed – Nettle","Vh","avalanche herb"
"2120","ESSFwh2/Vh01.1","Cow parsnip – Fireweed – Nettle","Vh","avalanche herb"
"2121","ESSFwh2/Vh01.2","Cow parsnip – Fireweed – Bluejoint","Vh","avalanche herb"
"2122","ESSFwh2/Vh02","Valerian – Hellebore – Fireweed","Vh","avalanche herb"
"2123","ESSFwh2/Vh02.1","Valerian – Hellebore – Fireweed","Vh","avalanche herb"
"2124","ESSFwh2/Vh02.2","Valerian – Showy Sedge – Fireweed","Vh","avalanche herb"
"2125","ESSFwh2/Vh03","Lady fern – Hellebore – Valerian","Vh","avalanche herb"
"2126","ESSFwh2/Vh11","Fireweed – Yarrow – Strawberry","Vh","avalanche herb"
"2127","ESSFwh2/Vs01","Sitka alder – Lady fern","Vs","avalanche shrub"
"2128","ESSFwh2/Vs01.1","Sitka alder – Lady fern","Vs","avalanche shrub"
"2129","ESSFwh2/Vs01.2","Sitka alder – Spiny wood fern","Vs","avalanche shrub"
"2130","ESSFwh2/Vs02","Sitka alder – Solomon's-seal","Vs","avalanche shrub"
"2131","ESSFwh2/Vs03","Sitka alder – Hellebore","Vs","avalanche shrub"
"2132","ESSFwh2/Vs04","Sitka alder – Devil's club – Oak fern","Vs","avalanche shrub"
"2133","ESSFwh2/Vs10","Willow – Cow parsnip – Fireweed","Vs","avalanche shrub"
"2134","ESSFwh2/Vs10.1","Sitka willow – Cow parsnip – Fireweed","Vs","avalanche shrub"
"2135","ESSFwh2/Vs10.2","Barclay's willow – Cow parsnip – Fireweed","Vs","avalanche shrub"
"2136","ESSFwh2/Vs11","Thimbleberry – Cow parsnip – Fireweed","Vs","avalanche shrub"
"2137","ESSFwh2/Vs13","Huckleberry – Beargrass – Fireweed","Vs","avalanche shrub"
"2138","ESSFwh2/Wf01","Water sedge – Beaked sedge","Wf","wetland fen"
"2139","ESSFwh2/Wf03","Water sedge – Peat moss","Wf","wetland fen"
"2140","ESSFwh2/Wf04","Barclay's willow – Water sedge – Glow moss","Wf","wetland fen"
"2141","ESSFwh2/Wf11","Tufted clubrush – Star moss","Wf","wetland fen"
"2142","ESSFwh2/Wf12","Narrow-leaved cotton-grass – Marsh-marigold","Wf","wetland fen"
"2143","ESSFwh2/Wf13","Narrow-leaved cotton-grass – Shore sedge","Wf","wetland fen"
"2144","ESSFwh2/Wm01","Beaked sedge – Water sedge","Wm","wetland marsh"
"2145","ESSFwh2/Wm16","Bluejoint – Arrow-leaved groundsel","Wm","wetland marsh"
"2146","ESSFwh2/Ws08.1","Bl – Valerian – Horsetail","Ws","wetland swamp"
"2147","ESSFwh2/Ws08.2","SxwBl – Horsetail – Canby's Lovage","Ws","wetland swamp"
"2148","ESSFwh2/Ws13","Barclay's willow – Common horsetail – Arrow-leaved groundsel","Ws","wetland swamp"
"2149","ESSFwh3/101","BlHw – Rhododendron – Foamflower",NA,NA
"2150","ESSFwh3/102","BlFd – Bear-grass – Rock moss",NA,NA
"2151","ESSFwh3/103","BlPl – Huckleberry – Bear-grass","IN","insolation"
"2152","ESSFwh3/104","Bl – Rhododendron – Bear-grass – Pipecleaner moss",NA,NA
"2153","ESSFwh3/104.1","Bl – Rhododendron – Bear-grass – Pipecleaner moss",NA,NA
"2154","ESSFwh3/104.2","Bl – Rhododendron – Pipecleaner moss",NA,NA
"2155","ESSFwh3/110","Bl – Rhododendron – Oak fern",NA,NA
"2156","ESSFwh3/111","Se – Devil's club – Lady fern",NA,NA
"2157","ESSFwh3/112","SeBl – Horsetail – Canby's lovage",NA,NA
"2158","ESSFwh3/112a","SeBl – Horsetail – Canby's lovage; Riparian phase",NA,NA
"2159","ESSFwh3/112b","SeBl – Horsetail – Canby's lovage; Swamp phase",NA,NA
"2160","ESSFwh3/Fl01","Mountain alder – Common horsetail","Fl","low fluvial bench"
"2161","ESSFwh3/Ro06","Juniper – Stonecrop – Sandwort","Ro","rocky outcrop"
"2162","ESSFwh3/Ro06.1","Juniper – Stonecrop – Sandwort","Ro","rocky outcrop"
"2163","ESSFwh3/Ro09","Saskatoon – Rock moss – Clad lichen","Ro","rocky outcrop"
"2164","ESSFwh3/Ro09.1","Saskatoon – Rock moss – Clad lichen","Ro","rocky outcrop"
"2165","ESSFwh3/Ro09.2","Saskatoon – Poverty oatgrass – Rock moss – Clad lichen","Ro","rocky outcrop"
"2166","ESSFwh3/Ro10","Huckleberry – Rock moss – Haircap moss","Ro","rocky outcrop"
"2167","ESSFwh3/Rt01","Rocktripe – Green map","Rt","talus"
"2168","ESSFwh3/Rt02","Rock moss – Clad lichen","Rt","talus"
"2169","ESSFwh3/Rt03","Raspberry – Feather moss – Clad lichen","Rt","talus"
"2170","ESSFwh3/Rt07","Aspen – Juniper – Rocktripe","Rt","talus"
"2171","ESSFwh3/Rt07.1","Aspen – Juniper – Rocktripe; Aspen variation","Rt","talus"
"2172","ESSFwh3/Rt07.2","Juniper – Rocktripe","Rt","talus"
"2173","ESSFwh3/Vh01","Cow parsnip – Fireweed – Nettle","Vh","avalanche herb"
"2174","ESSFwh3/Vh01.1","Cow parsnip – Fireweed – Nettle","Vh","avalanche herb"
"2175","ESSFwh3/Vh01.2","Cow parsnip – Fireweed – Bluejoint","Vh","avalanche herb"
"2176","ESSFwh3/Vh02","Valerian – Hellebore – Fireweed","Vh","avalanche herb"
"2177","ESSFwh3/Vh02.1","Valerian – Hellebore – Fireweed","Vh","avalanche herb"
"2178","ESSFwh3/Vh02.2","Valerian – Showy Sedge – Fireweed","Vh","avalanche herb"
"2179","ESSFwh3/Vh03","Lady fern – Hellebore – Valerian","Vh","avalanche herb"
"2180","ESSFwh3/Vh10","Fireweed – Grouseberry","Vh","avalanche herb"
"2181","ESSFwh3/Vh11","Fireweed – Yarrow – Strawberry","Vh","avalanche herb"
"2182","ESSFwh3/Vs01","Sitka alder – Lady fern","Vs","avalanche shrub"
"2183","ESSFwh3/Vs01.1","Sitka alder – Lady fern","Vs","avalanche shrub"
"2184","ESSFwh3/Vs01.2","Sitka alder – Spiny wood fern","Vs","avalanche shrub"
"2185","ESSFwh3/Vs02","Sitka alder – Solomon's-seal","Vs","avalanche shrub"
"2186","ESSFwh3/Vs03","Sitka alder – Hellebore","Vs","avalanche shrub"
"2187","ESSFwh3/Vs04","Sitka alder – Devil's club – Oak fern","Vs","avalanche shrub"
"2188","ESSFwh3/Vs10","Willow – Cow parsnip – Fireweed","Vs","avalanche shrub"
"2189","ESSFwh3/Vs10.1","Sitka willow – Cow parsnip – Fireweed","Vs","avalanche shrub"
"2190","ESSFwh3/Vs10.2","Barclay's willow – Cow parsnip – Fireweed","Vs","avalanche shrub"
"2191","ESSFwh3/Vs11","Thimbleberry – Cow parsnip – Fireweed","Vs","avalanche shrub"
"2192","ESSFwh3/Vs13","Huckleberry – Beargrass – Fireweed","Vs","avalanche shrub"
"2193","ESSFwh3/Wf01","Water sedge – Beaked sedge","Wf","wetland fen"
"2194","ESSFwh3/Wf03","Water sedge – Peat moss","Wf","wetland fen"
"2195","ESSFwh3/Wf04","Barclay's willow – Water sedge – Glow moss","Wf","wetland fen"
"2196","ESSFwh3/Wf11","Tufted clubrush – Star moss","Wf","wetland fen"
"2197","ESSFwh3/Wf12","Narrow-leaved cotton-grass – Marsh-marigold","Wf","wetland fen"
"2198","ESSFwh3/Wf13","Narrow-leaved cotton-grass – Shore sedge","Wf","wetland fen"
"2199","ESSFwh3/Wm01","Beaked sedge – Water sedge","Wm","wetland marsh"
"2200","ESSFwh3/Wm16","Bluejoint – Arrow-leaved groundsel","Wm","wetland marsh"
"2201","ESSFwh3/Ws08.1","Bl – Valerian – Horsetail","Ws","wetland swamp"
"2202","ESSFwh3/Ws08.2","SxwBl – Horsetail – Canby's Lovage","Ws","wetland swamp"
"2203","ESSFwh3/Ws13","Barclay's willow – Common horsetail – Arrow-leaved groundsel","Ws","wetland swamp"
"2204","ESSFwk1/01","Bl – Oak fern – Brachythecium",NA,NA
"2205","ESSFwk1/02","Bl – Huckleberry – Feather moss",NA,NA
"2206","ESSFwk1/03","Bl – Oak fern – Knight's plume",NA,NA
"2207","ESSFwk1/04","Bl – Twinberry – Lady fern","CA","cold aspects - cold air"
"2208","ESSFwk1/05","Bl – Devil's club – Lady fern",NA,NA
"2209","ESSFwk1/06","Bl – Horsetail – Sphagnum","CA","cold aspects - cold air"
"2210","ESSFwk1/07","Bl – Lady fern – Horsetail",NA,NA
"2211","ESSFwk1/31","Scrub birch – Sedge – Sphagnum",NA,NA
"2212","ESSFwk1/51","Sitka alder – Lady fern",NA,NA
"2213","ESSFwk1/Wf01","Water sedge – Beaked sedge","Wf","wetland fen"
"2214","ESSFwk1/Wf11","Tufted clubrush – Star moss","Wf","wetland fen"
"2215","ESSFwk2/01","Bl – Oak fern – Knight's plume",NA,NA
"2216","ESSFwk2/02","Bl – Oak fern – Sarsaparilla",NA,NA
"2217","ESSFwk2/03","Bl – Oak fern – Bluebells",NA,NA
"2218","ESSFwk2/04","Bl – Devil's club – Rhododendron",NA,NA
"2219","ESSFwk2/05","Bl – Rhododendron – Lady fern",NA,NA
"2220","ESSFwk2/06","Bl – Horsetail – Sphagnum",NA,NA
"2221","ESSFwk2/Wf02","Scrub birch – Water sedge","Wf","wetland fen"
"2222","ESSFwm1/101","Bl – Rhododendron – Azalea – Foamflower",NA,NA
"2223","ESSFwm1/102","BlFd – Douglas' maple",NA,NA
"2224","ESSFwm1/103","Bl – Huckleberry – Falsebox","IN","insolation"
"2225","ESSFwm1/104","Bl – Rhododendron – Azalea","CAS","cold aspects - cold air"
"2226","ESSFwm1/110","BlSe – Azalea – Oak fern",NA,NA
"2227","ESSFwm1/111","Bl – Arrow-leaved groundsel – Canby's lovage",NA,NA
"2228","ESSFwm1/112","SeBl – Horsetail – Canby's lovage",NA,NA
"2229","ESSFwm1/Fl01","Mountain alder – Common horsetail","Fl","low fluvial bench"
"2230","ESSFwm1/Fl05","Drummond's willow – Bluejoint","Fl","low fluvial bench"
"2231","ESSFwm1/Gb20","Saskatoon – Soopolallie – Juniper","Gb","brushland"
"2232","ESSFwm1/Gg14","Idaho fescue – Sulphur buckwheat – Sandwort","Gg","grassland "
"2233","ESSFwm1/Ro06","Juniper – Stonecrop – Sandwort","Ro","rocky outcrop"
"2234","ESSFwm1/Ro07","Juniper – Soopolallie – Shrubby cinquefoil","Ro","rocky outcrop"
"2235","ESSFwm1/Ro10","Huckleberry – Rock moss – Haircap moss","Ro","rocky outcrop"
"2236","ESSFwm1/Ro11","Grouseberry – Clad lichen","Ro","rocky outcrop"
"2237","ESSFwm1/Rt01","Rocktripe – Green map","Rt","talus"
"2238","ESSFwm1/Rt02","Rock moss – Clad lichen","Rt","talus"
"2239","ESSFwm1/Rt07","Aspen – Juniper – Rocktripe","Rt","talus"
"2240","ESSFwm1/Rt07.1","Aspen – Juniper – Rocktripe; Aspen variation","Rt","talus"
"2241","ESSFwm1/Rt07.2","Juniper – Rocktripe","Rt","talus"
"2242","ESSFwm1/Rt20","Spotted saxifrage – Clad lichen","Rt","talus"
"2243","ESSFwm1/Rt21","La – Pink mountain-heath – Heron's-bill","Rt","talus"
"2244","ESSFwm1/Vh01","Cow parsnip – Fireweed – Nettle","Vh","avalanche herb"
"2245","ESSFwm1/Vh01.1","Cow parsnip – Fireweed – Nettle","Vh","avalanche herb"
"2246","ESSFwm1/Vh01.2","Cow parsnip – Fireweed – Bluejoint","Vh","avalanche herb"
"2247","ESSFwm1/Vh02","Valerian – Hellebore – Fireweed","Vh","avalanche herb"
"2248","ESSFwm1/Vh02.1","Valerian – Hellebore – Fireweed","Vh","avalanche herb"
"2249","ESSFwm1/Vh02.2","Valerian – Showy sedge – Fireweed","Vh","avalanche herb"
"2250","ESSFwm1/Vh03","Lady fern – Hellebore – Valerian","Vh","avalanche herb"
"2251","ESSFwm1/Vh10","Fireweed – Grouseberry","Vh","avalanche herb"
"2252","ESSFwm1/Vh11","Fireweed – Yarrow – Strawberry","Vh","avalanche herb"
"2253","ESSFwm1/Vs01","Sitka alder – Lady fern","Vs","avalanche shrub"
"2254","ESSFwm1/Vs01.1","Sitka alder – Lady fern","Vs","avalanche shrub"
"2255","ESSFwm1/Vs01.2","Sitka alder – Spiny wood fern","Vs","avalanche shrub"
"2256","ESSFwm1/Vs02","Sitka alder – Solomon's-seal","Vs","avalanche shrub"
"2257","ESSFwm1/Vs03","Sitka alder – Hellebore","Vs","avalanche shrub"
"2258","ESSFwm1/Vs04","Sitka alder – Devil's club – Oak fern","Vs","avalanche shrub"
"2259","ESSFwm1/Vs10","Willow – Cow parsnip – Fireweed","Vs","avalanche shrub"
"2260","ESSFwm1/Vs10.1","Sitka willow – Cow parsnip – Fireweed","Vs","avalanche shrub"
"2261","ESSFwm1/Vs10.2","Barclay's willow – Cow parsnip – Fireweed","Vs","avalanche shrub"
"2262","ESSFwm1/Vs11","Thimbleberry – Cow parsnip – Fireweed","Vs","avalanche shrub"
"2263","ESSFwm1/Vs12","Huckleberry – Rhododendron – Fireweed","Vs","avalanche shrub"
"2264","ESSFwm1/Vs13","Huckleberry – Bear-grass – Fireweed","Vs","avalanche shrub"
"2265","ESSFwm1/Wf01","Water sedge – Beaked sedge","Wf","wetland fen"
"2266","ESSFwm1/Wf02","Scrub birch – Water sedge","Wf","wetland fen"
"2267","ESSFwm1/Wf03","Water sedge – Peat moss","Wf","wetland fen"
"2268","ESSFwm1/Wf04","Barclay's willow – Water sedge – Glow moss","Wf","wetland fen"
"2269","ESSFwm1/Wf11","Tufted clubrush – Star moss","Wf","wetland fen"
"2270","ESSFwm1/Wf12","Narrow-leaved cotton-grass – Marsh-marigold","Wf","wetland fen"
"2271","ESSFwm1/Wf13","Narrow-leaved cotton-grass – Shore sedge","Wf","wetland fen"
"2272","ESSFwm1/Wm01","Beaked sedge – Water sedge","Wm","wetland marsh"
"2273","ESSFwm1/Wm16","Bluejoint – Arrow-leaved groundsel","Wm","wetland marsh"
"2274","ESSFwm1/Ws08","Bl – Valerian – Horsetail","Ws","wetland swamp"
"2275","ESSFwm1/Ws13","Barclay's willow – Common horsetail – Arrow-leaved groundsel","Ws","wetland swamp"
"2276","ESSFwm2/101","Bl – Rhododendron – Azalea – Foamflower",NA,NA
"2277","ESSFwm2/102","BlPa – Huckleberry – Clad lichen",NA,NA
"2278","ESSFwm2/103","Bl – Azalea – Rhododendron",NA,NA
"2279","ESSFwm2/104","Bl – Rhododendron – Huckleberry – Heron's-bill",NA,NA
"2280","ESSFwm2/110","BlSe – Azalea – Oak fern",NA,NA
"2281","ESSFwm2/111","Bl – Arrow-leaved groundsel – Canby's lovage",NA,NA
"2282","ESSFwm2/112","SeBl – Horsetail – Canby's lovage",NA,NA
"2283","ESSFwm2/112a","SeBl – Horsetail – Canby's lovage; Riparian phase",NA,NA
"2284","ESSFwm2/112b","SeBl – Horsetail – Canby's lovage; Swamp phase",NA,NA
"2285","ESSFwm2/Ro06","Juniper – Stonecrop – Sandwort","Ro","rocky outcrop"
"2286","ESSFwm2/Ro06.1","Juniper – Stonecrop – Sandwort","Ro","rocky outcrop"
"2287","ESSFwm2/Ro10","Huckleberry – Rock moss – Haircap moss","Ro","rocky outcrop"
"2288","ESSFwm2/Ro11","Grouseberry – Clad lichen","Ro","rocky outcrop"
"2289","ESSFwm2/Ro12","Mountain-heather – Alaska saxifrage – Rock moss","Ro","rocky outcrop"
"2290","ESSFwm2/Rt01","Rocktripe – Green map","Rt","talus"
"2291","ESSFwm2/Rt02","Rock moss – Clad lichen","Rt","talus"
"2292","ESSFwm2/Rt07","Aspen – Juniper – Rocktripe","Rt","talus"
"2293","ESSFwm2/Rt07.1","Aspen – Juniper – Rocktripe; Aspen variation","Rt","talus"
"2294","ESSFwm2/Rt07.2","Juniper – Rocktripe","Rt","talus"
"2295","ESSFwm2/Rt21","La – Pink mountain-heath – Heron's-bill","Rt","talus"
"2296","ESSFwm2/Vh01","Cow parsnip – Fireweed – Nettle","Vh","avalanche herb"
"2297","ESSFwm2/Vh01.1","Cow parsnip – Fireweed – Nettle","Vh","avalanche herb"
"2298","ESSFwm2/Vh01.2","Cow parsnip – Fireweed – Bluejoint","Vh","avalanche herb"
"2299","ESSFwm2/Vh02","Valerian – Hellebore – Fireweed","Vh","avalanche herb"
"2300","ESSFwm2/Vh02.1","Valerian – Hellebore – Fireweed","Vh","avalanche herb"
"2301","ESSFwm2/Vh02.2","Valerian – Showy Sedge – Fireweed","Vh","avalanche herb"
"2302","ESSFwm2/Vh10","Fireweed – Grouseberry","Vh","avalanche herb"
"2303","ESSFwm2/Vh11","Fireweed – Yarrow – Strawberry","Vh","avalanche herb"
"2304","ESSFwm2/Vs01","Sitka alder – Lady fern","Vs","avalanche shrub"
"2305","ESSFwm2/Vs01.1","Sitka alder – Lady fern","Vs","avalanche shrub"
"2306","ESSFwm2/Vs01.2","Sitka alder – Spiny wood fern","Vs","avalanche shrub"
"2307","ESSFwm2/Vs02","Sitka alder – Solomon's-seal","Vs","avalanche shrub"
"2308","ESSFwm2/Vs03","Sitka alder – Hellebore","Vs","avalanche shrub"
"2309","ESSFwm2/Vs10","Willow – Cow parsnip – Fireweed","Vs","avalanche shrub"
"2310","ESSFwm2/Vs10.1","Sitka willow – Cow parsnip – Fireweed","Vs","avalanche shrub"
"2311","ESSFwm2/Vs10.2","Barclay's willow – Cow parsnip – Fireweed","Vs","avalanche shrub"
"2312","ESSFwm2/Vs13","Huckleberry – Beargrass – Fireweed","Vs","avalanche shrub"
"2313","ESSFwm2/Wa02","Alpine sedge – Bog-laurel – Peat moss","Wa","wetland alpine"
"2314","ESSFwm2/Wf01","Water sedge – Beaked sedge","Wf","wetland fen"
"2315","ESSFwm2/Wf03","Water sedge – Peat moss","Wf","wetland fen"
"2316","ESSFwm2/Wf04","Barclay's willow – Water sedge – Glow moss","Wf","wetland fen"
"2317","ESSFwm2/Wf11","Tufted clubrush – Star moss","Wf","wetland fen"
"2318","ESSFwm2/Wf12","Narrow-leaved cotton-grass – Marsh-marigold","Wf","wetland fen"
"2319","ESSFwm2/Wf13","Narrow-leaved cotton-grass – Shore sedge","Wf","wetland fen"
"2320","ESSFwm2/Wm01","Beaked sedge – Water sedge","Wm","wetland marsh"
"2321","ESSFwm2/Wm16","Bluejoint – Arrow-leaved groundsel","Wm","wetland marsh"
"2322","ESSFwm2/Ws08.1","Bl – Valerian – Horsetail","Ws","wetland swamp"
"2323","ESSFwm2/Ws08.2","SxwBl – Horsetail – Canby's Lovage","Ws","wetland swamp"
"2324","ESSFwm2/Ws13","Barclay's willow – Common horsetail – Arrow-leaved groundsel","Ws","wetland swamp"
"2325","ESSFwm3/101","Bl – Rhododendron – Azalea – Foamflower",NA,NA
"2326","ESSFwm3/102","Bl – Huckleberry – Bear-grass",NA,NA
"2327","ESSFwm3/103","BlSe – Rhododendron – Bear-grass","IN","insolation"
"2328","ESSFwm3/104","Bl – Rhododendron – Huckleberry – Heron's-bill","CAS","cold aspects - cold air"
"2329","ESSFwm3/105","BlSe – Bear-grass – Arnica",NA,NA
"2330","ESSFwm3/110","Bl – Rhododendron – Foamflower – Arnica",NA,NA
"2331","ESSFwm3/111","Bl – Arrow-leaved groundsel – Canby's lovage",NA,NA
"2332","ESSFwm3/112","SeBl – Horsetail – Canby's lovage",NA,NA
"2333","ESSFwm3/112a","SeBl – Horsetail – Canby's lovage; Riparian phase",NA,NA
"2334","ESSFwm3/112b","SeBl – Horsetail – Canby's lovage; Swamp phase",NA,NA
"2335","ESSFwm3/Ag01","Timber oatgrass – Grouseberry – Sandwort","Ag","alpine grassland"
"2336","ESSFwm3/Gg14","Idaho fescue – Sulphur buckwheat – Sandwort","Gg","grassland "
"2337","ESSFwm3/Gg16","Rough fescue – Sulphur buckwheat – Sandwort","Gg","grassland "
"2338","ESSFwm3/Ro06","Juniper – Stonecrop – Sandwort","Ro","rocky outcrop"
"2339","ESSFwm3/Ro06.1","Juniper – Stonecrop – Sandwort","Ro","rocky outcrop"
"2340","ESSFwm3/Ro10","Huckleberry – Rock moss – Haircap moss","Ro","rocky outcrop"
"2341","ESSFwm3/Ro11","Grouseberry – Clad lichen","Ro","rocky outcrop"
"2342","ESSFwm3/Ro12","Mountain-heather – Alaska saxifrage – Rock moss","Ro","rocky outcrop"
"2343","ESSFwm3/Rt01","Rocktripe – Green map","Rt","talus"
"2344","ESSFwm3/Rt02","Rock moss – Clad lichen","Rt","talus"
"2345","ESSFwm3/Rt07","Aspen – Juniper – Rocktripe","Rt","talus"
"2346","ESSFwm3/Rt07.1","Aspen – Juniper – Rocktripe; Aspen variation","Rt","talus"
"2347","ESSFwm3/Rt07.2","Juniper – Rocktripe","Rt","talus"
"2348","ESSFwm3/Rt21","La – Pink mountain-heath – Heron's-bill","Rt","talus"
"2349","ESSFwm3/Vh01","Cow parsnip – Fireweed – Nettle","Vh","avalanche herb"
"2350","ESSFwm3/Vh01.1","Cow parsnip – Fireweed – Nettle","Vh","avalanche herb"
"2351","ESSFwm3/Vh01.2","Cow parsnip – Fireweed – Bluejoint","Vh","avalanche herb"
"2352","ESSFwm3/Vh02","Valerian – Hellebore – Fireweed","Vh","avalanche herb"
"2353","ESSFwm3/Vh02.1","Valerian – Hellebore – Fireweed","Vh","avalanche herb"
"2354","ESSFwm3/Vh02.2","Valerian – Showy Sedge – Fireweed","Vh","avalanche herb"
"2355","ESSFwm3/Vh10","Fireweed – Grouseberry","Vh","avalanche herb"
"2356","ESSFwm3/Vh11","Fireweed – Yarrow – Strawberry","Vh","avalanche herb"
"2357","ESSFwm3/Vs01","Sitka alder – Lady fern","Vs","avalanche shrub"
"2358","ESSFwm3/Vs01.1","Sitka alder – Lady fern","Vs","avalanche shrub"
"2359","ESSFwm3/Vs01.2","Sitka alder – Spiny wood fern","Vs","avalanche shrub"
"2360","ESSFwm3/Vs02","Sitka alder – Solomon's-seal","Vs","avalanche shrub"
"2361","ESSFwm3/Vs03","Sitka alder – Hellebore","Vs","avalanche shrub"
"2362","ESSFwm3/Vs10","Willow – Cow parsnip – Fireweed","Vs","avalanche shrub"
"2363","ESSFwm3/Vs10.1","Sitka willow – Cow parsnip – Fireweed","Vs","avalanche shrub"
"2364","ESSFwm3/Vs10.2","Barclay's willow – Cow parsnip – Fireweed","Vs","avalanche shrub"
"2365","ESSFwm3/Vs13","Huckleberry – Beargrass – Fireweed","Vs","avalanche shrub"
"2366","ESSFwm3/Wa02","Alpine sedge – Bog-laurel – Peat moss","Wa","wetland alpine"
"2367","ESSFwm3/Wf01","Water sedge – Beaked sedge","Wf","wetland fen"
"2368","ESSFwm3/Wf03","Water sedge – Peat moss","Wf","wetland fen"
"2369","ESSFwm3/Wf04","Barclay's willow – Water sedge – Glow moss","Wf","wetland fen"
"2370","ESSFwm3/Wf11","Tufted clubrush – Star moss","Wf","wetland fen"
"2371","ESSFwm3/Wf12","Narrow-leaved cotton-grass – Marsh-marigold","Wf","wetland fen"
"2372","ESSFwm3/Wf13","Narrow-leaved cotton-grass – Shore sedge","Wf","wetland fen"
"2373","ESSFwm3/Wm01","Beaked sedge – Water sedge","Wm","wetland marsh"
"2374","ESSFwm3/Wm16","Bluejoint – Arrow-leaved groundsel","Wm","wetland marsh"
"2375","ESSFwm3/Ws08.1","Bl – Valerian – Horsetail","Ws","wetland swamp"
"2376","ESSFwm3/Ws08.2","SxwBl – Horsetail – Canby's Lovage","Ws","wetland swamp"
"2377","ESSFwm3/Ws13","Barclay's willow – Common horsetail – Arrow-leaved groundsel","Ws","wetland swamp"
"2378","ESSFwm4/101","Bl – Rhododendron – Azalea – Foamflower",NA,NA
"2379","ESSFwm4/102","BlPl – Low bilberry – Bear-grass",NA,NA
"2380","ESSFwm4/102a","BlPl – Low bilberry – Bear-grass; Xeric phase",NA,NA
"2381","ESSFwm4/102b","BlPl – Low bilberry – Bear-grass; Subxeric phase",NA,NA
"2382","ESSFwm4/103","Bl – Azalea – Low bilberry",NA,NA
"2383","ESSFwm4/103.1","Bl – Azalea – Low bilberry",NA,NA
"2384","ESSFwm4/103.2","Bl – Azalea – Bear-grass",NA,NA
"2385","ESSFwm4/110","BlSe – Azalea – Oak fern",NA,NA
"2386","ESSFwm4/111","Bl – Arrow-leaved groundsel – Canby's lovage",NA,NA
"2387","ESSFwm4/Ag01","Timber oatgrass – Grouseberry – Sandwort","Ag","alpine grassland"
"2388","ESSFwm4/Gg14","Idaho fescue – Sulphur buckwheat – Sandwort","Gg","grassland "
"2389","ESSFwm4/Gg16","Rough fescue – Sulphur buckwheat – Sandwort","Gg","grassland "
"2390","ESSFwm4/Ro06","Juniper – Stonecrop – Sandwort","Ro","rocky outcrop"
"2391","ESSFwm4/Ro06.1","Juniper – Stonecrop – Sandwort","Ro","rocky outcrop"
"2392","ESSFwm4/Ro09","Saskatoon – Rock moss – Clad lichen","Ro","rocky outcrop"
"2393","ESSFwm4/Ro09.1","Saskatoon – Rock moss – Clad lichen","Ro","rocky outcrop"
"2394","ESSFwm4/Ro09.2","Saskatoon – Poverty oatgrass – Rock moss – Clad lichen","Ro","rocky outcrop"
"2395","ESSFwm4/Ro10","Huckleberry – Rock moss – Haircap moss","Ro","rocky outcrop"
"2396","ESSFwm4/Ro11","Grouseberry – Clad lichen","Ro","rocky outcrop"
"2397","ESSFwm4/Ro12","Mountain-heather – Alaska saxifrage – Rock moss","Ro","rocky outcrop"
"2398","ESSFwm4/Rt01","Rocktripe – Green map","Rt","talus"
"2399","ESSFwm4/Rt02","Rock moss – Clad lichen","Rt","talus"
"2400","ESSFwm4/Rt07","Aspen – Juniper – Rocktripe","Rt","talus"
"2401","ESSFwm4/Rt07.1","Aspen – Juniper – Rocktripe; Aspen variation","Rt","talus"
"2402","ESSFwm4/Rt07.2","Juniper – Rocktripe","Rt","talus"
"2403","ESSFwm4/Rt21","La – Pink mountain-heath – Heron's-bill","Rt","talus"
"2404","ESSFwm4/Vh01","Cow parsnip – Fireweed – Nettle","Vh","avalanche herb"
"2405","ESSFwm4/Vh01.1","Cow parsnip – Fireweed – Nettle","Vh","avalanche herb"
"2406","ESSFwm4/Vh01.2","Cow parsnip – Fireweed – Bluejoint","Vh","avalanche herb"
"2407","ESSFwm4/Vh02","Valerian – Hellebore – Fireweed","Vh","avalanche herb"
"2408","ESSFwm4/Vh02.1","Valerian – Hellebore – Fireweed","Vh","avalanche herb"
"2409","ESSFwm4/Vh02.2","Valerian – Showy Sedge – Fireweed","Vh","avalanche herb"
"2410","ESSFwm4/Vh10","Fireweed – Grouseberry","Vh","avalanche herb"
"2411","ESSFwm4/Vs01","Sitka alder – Lady fern","Vs","avalanche shrub"
"2412","ESSFwm4/Vs01.1","Sitka alder – Lady fern","Vs","avalanche shrub"
"2413","ESSFwm4/Vs01.2","Sitka alder – Spiny wood fern","Vs","avalanche shrub"
"2414","ESSFwm4/Vs02","Sitka alder – Solomon's-seal","Vs","avalanche shrub"
"2415","ESSFwm4/Vs03","Sitka alder – Hellebore","Vs","avalanche shrub"
"2416","ESSFwm4/Vs10","Willow – Cow parsnip – Fireweed","Vs","avalanche shrub"
"2417","ESSFwm4/Vs10.1","Sitka willow – Cow parsnip – Fireweed","Vs","avalanche shrub"
"2418","ESSFwm4/Vs10.2","Barclay's willow – Cow parsnip – Fireweed","Vs","avalanche shrub"
"2419","ESSFwm4/Vs11","Thimbleberry – Cow parsnip – Fireweed","Vs","avalanche shrub"
"2420","ESSFwm4/Vs13","Huckleberry – Beargrass – Fireweed","Vs","avalanche shrub"
"2421","ESSFwm4/Wa02","Alpine sedge – Bog-laurel – Peat moss","Wa","wetland alpine"
"2422","ESSFwm4/Wf01","Water sedge – Beaked sedge","Wf","wetland fen"
"2423","ESSFwm4/Wf03","Water sedge – Peat moss","Wf","wetland fen"
"2424","ESSFwm4/Wf04","Barclay's willow – Water sedge – Glow moss","Wf","wetland fen"
"2425","ESSFwm4/Wf11","Tufted clubrush – Star moss","Wf","wetland fen"
"2426","ESSFwm4/Wf12","Narrow-leaved cotton-grass – Marsh-marigold","Wf","wetland fen"
"2427","ESSFwm4/Wf13","Narrow-leaved cotton-grass – Shore sedge","Wf","wetland fen"
"2428","ESSFwm4/Wm01","Beaked sedge – Water sedge","Wm","wetland marsh"
"2429","ESSFwm4/Wm16","Bluejoint – Arrow-leaved groundsel","Wm","wetland marsh"
"2430","ESSFwm4/Ws08.2","SeBl – Horsetail – Canby's Lovage","Ws","wetland swamp"
"2431","ESSFwm4/Ws13","Barclay's willow – Common horsetail – Arrow-leaved groundsel","Ws","wetland swamp"
"2432","ESSFwmp/Ag01","Timber oatgrass – Grouseberry – Sandwort","Ag","alpine grassland"
"2433","ESSFwmp/Gg16","Rough fescue – Sulphur buckwheat – Sandwort","Gg","grassland "
"2434","ESSFwmp/Wa02","Alpine sedge – Bog-laurel – Peat moss","Wa","wetland alpine"
"2435","ESSFwmw/101","Bl – Rhododendron – Woodrush",NA,NA
"2436","ESSFwmw/102","BlLa – Heron's-bill",NA,NA
"2437","ESSFwmw/103","Bl(La) – Huckleberry – Grouseberry",NA,NA
"2438","ESSFwmw/110","Bl – Valerian – Hellebore – Globeflower",NA,NA
"2439","ESSFwmw/Ag01","Timber oatgrass – Grouseberry – Sandwort","Ag","alpine grassland"
"2440","ESSFwmw/Gg14","Idaho fescue – Sulphur buckwheat – Sandwort","Gg","grassland "
"2441","ESSFwmw/Gg16","Rough fescue – Sulphur buckwheat – Sandwort","Gg","grassland "
"2442","ESSFwmw/Ro06","Juniper – Stonecrop – Sandwort","Ro","rocky outcrop"
"2443","ESSFwmw/Ro06.1","Juniper – Stonecrop – Sandwort","Ro","rocky outcrop"
"2444","ESSFwmw/Ro06.2","Juniper – Kinnikinnick – Stonecrop – Sandwort","Ro","rocky outcrop"
"2445","ESSFwmw/Ro07","Juniper – Soopolallie – Shrubby cinquefoil","Ro","rocky outcrop"
"2446","ESSFwmw/Ro10","Huckleberry – Rock moss – Haircap moss","Ro","rocky outcrop"
"2447","ESSFwmw/Ro11","Grouseberry – Clad lichen","Ro","rocky outcrop"
"2448","ESSFwmw/Ro12","Mountain-heather – Alaska saxifrage – Rock moss","Ro","rocky outcrop"
"2449","ESSFwmw/Rt01","Rocktripe – Green map","Rt","talus"
"2450","ESSFwmw/Rt20","Spotted saxifrage – Clad lichen","Rt","talus"
"2451","ESSFwmw/Rt21","La – Pink mountain-heath – Heron's-bill","Rt","talus"
"2452","ESSFwmw/Vh01","Cow parsnip – Fireweed – Nettle","Vh","avalanche herb"
"2453","ESSFwmw/Vh01.1","Cow parsnip – Fireweed – Nettle","Vh","avalanche herb"
"2454","ESSFwmw/Vh01.2","Cow parsnip – Fireweed – Bluejoint","Vh","avalanche herb"
"2455","ESSFwmw/Vh02","Valerian – Hellebore – Fireweed","Vh","avalanche herb"
"2456","ESSFwmw/Vh02.1","Valerian – Hellebore – Fireweed","Vh","avalanche herb"
"2457","ESSFwmw/Vh02.2","Valerian – Showy Sedge – Fireweed","Vh","avalanche herb"
"2458","ESSFwmw/Vh10","Fireweed – Grouseberry","Vh","avalanche herb"
"2459","ESSFwmw/Vh11","Fireweed – Yarrow – Strawberry","Vh","avalanche herb"
"2460","ESSFwmw/Vs01","Sitka alder – Lady fern","Vs","avalanche shrub"
"2461","ESSFwmw/Vs01.1","Sitka alder – Lady fern","Vs","avalanche shrub"
"2462","ESSFwmw/Vs01.2","Sitka alder – Spiny wood fern","Vs","avalanche shrub"
"2463","ESSFwmw/Vs03","Sitka alder – Hellebore","Vs","avalanche shrub"
"2464","ESSFwmw/Vs10","Willow – Cow parsnip – Fireweed","Vs","avalanche shrub"
"2465","ESSFwmw/Vs10.2","Barclay's willow – Cow parsnip – Fireweed","Vs","avalanche shrub"
"2466","ESSFwmw/Vs12","Huckleberry – Rhododendron – Fireweed","Vs","avalanche shrub"
"2467","ESSFwmw/Vs13","Huckleberry – Bear-grass – Fireweed","Vs","avalanche shrub"
"2468","ESSFwmw/Wa02","Alpine sedge – Bog-laurel – Peat moss","Wa","wetland alpine"
"2469","ESSFwmw/Wf01","Water sedge – Beaked sedge","Wf","wetland fen"
"2470","ESSFwmw/Wf03","Water sedge – Peat moss","Wf","wetland fen"
"2471","ESSFwmw/Wf04","Barclay's willow – Water sedge – Glow moss","Wf","wetland fen"
"2472","ESSFwmw/Wf12","Narrow-leaved cotton-grass – Marsh-marigold","Wf","wetland fen"
"2473","ESSFwmw/Wf13","Narrow-leaved cotton-grass – Shore sedge","Wf","wetland fen"
"2474","ESSFwmw/Wm01","Beaked sedge – Water sedge","Wm","wetland marsh"
"2475","ESSFwmw/Wm16","Bluejoint – Arrow-leaved groundsel","Wm","wetland marsh"
"2476","ESSFwmw/Ws08.2","SeBl – Horsetail – Canby's Lovage","Ws","wetland swamp"
"2477","ESSFwmw/Ws13","Barclay's willow – Common horsetail – Arrow-leaved groundsel","Ws","wetland swamp"
"2478","ESSFwv/01","BlHm – Azalea",NA,NA
"2479","ESSFwv/02","BlPl – Cladonia",NA,NA
"2480","ESSFwv/03","BlHm – Feather moss",NA,NA
"2481","ESSFwv/04","BlHm – Heron's-bill",NA,NA
"2482","ESSFwv/05","Bl – Oak fern – Heron's-bill",NA,NA
"2483","ESSFwv/06","Bl – Devil's club – Lady fern",NA,NA
"2484","ESSFwv/07","Bl – Valerian – Sickle moss",NA,NA
"2485","ESSFwv/08","Bl – Horsetail – Glow moss",NA,NA
"2486","ESSFwv/09","Bl – Lady fern – Horsetail",NA,NA
"2487","ESSFwv/Wf03","Water sedge – Peat moss","Wf","wetland fen"
"2488","ESSFwv/Wf04","Barclay's willow – Water sedge – Glow moss","Wf","wetland fen"
"2489","ESSFwv/Ws02","Mountain alder – Pink spirea – Sitka sedge","Ws","wetland swamp"
"2490","ESSFwvw/101","Bl – Huckleberry – Bramble – (Oakfern)",NA,NA
"2491","ESSFwvw/102","Bl – Huckleberry – Bunchberry – Feather moss",NA,NA
"2492","ESSFwvw/103","BlHm – Mountain-heather – Leafy liverwort","SN","late snow"
"2493","ESSFwvw/104","Bl – Huckleberry – Partridge-foot",NA,NA
"2494","ESSFwvw/105","BlHm – Huckleberry – Blueberry","CAS","cold aspects - cold air"
"2495","ESSFwvw/110","Bl – Huckleberry – Valerian – Leafy moss",NA,NA
"2496","ESSFwvw/111","Bl – Valerian – Horsetail – Leafy moss",NA,NA
"2497","ESSFxc1/101","BlSe – Grouseberry – Valerian",NA,NA
"2498","ESSFxc1/102","Pl – Juniper – Grouseberry – Clad lichens",NA,NA
"2499","ESSFxc1/103","Pl – Juniper – Pinegrass",NA,NA
"2500","ESSFxc1/104","BlPl – Grouseberry – Clad lichens",NA,NA
"2501","ESSFxc1/105","PlS – Trapper's tea – Grouseberry",NA,NA
"2502","ESSFxc1/110","Bl – Rhododendron – Grouseberry","CAS","cold aspects - cold air"
"2503","ESSFxc1/111","BlSe – Trapper's tea – Valerian",NA,NA
"2504","ESSFxc1/112","Se – Horsetail – Bluejoint",NA,NA
"2505","ESSFxc1/113","Se – Rocky Mountain sedge – Valerian",NA,NA
"2506","ESSFxc1/Ag03","Timber oatgrass – Kinnikinnick","Ag","alpine grassland"
"2507","ESSFxc1/Gb21","Juniper – Kinnikinnick – Strawberry","Gb","brushland"
"2508","ESSFxc1/Gg14","Idaho fescue – Sulphur buckwheat – Sandwort","Gg","grassland "
"2509","ESSFxc1/Gg32","Pinegrass – Kinnikinnick","Gg","grassland "
"2510","ESSFxc1/Gg34","Junegrass – Kinnikinnick","Gg","grassland "
"2511","ESSFxc1/Gs04","Mountain sagebrush – Bluebunch wheatgrass","Gs","shrub-steppe"
"2512","ESSFxc1/Gs06","Mountain sagebrush – Pinegrass – Idaho fescue","Gs","shrub-steppe"
"2513","ESSFxc1/Gs06$3.2","Mountain sagebrush – Kentucky bluegrass","Gs","shrub-steppe"
"2514","ESSFxc1/Ro06","Juniper – Stonecrop – Sandwort","Ro","rocky outcrop"
"2515","ESSFxc1/Ro06.1","Juniper – Stonecrop – Sandwort","Ro","rocky outcrop"
"2516","ESSFxc1/Ro06.2","Juniper – Kinnikinnick – Stonecrop – Sandwort","Ro","rocky outcrop"
"2517","ESSFxc1/Ro11","Grouseberry – Clad lichen","Ro","rocky outcrop"
"2518","ESSFxc1/Rt01","Rocktripe – Green map","Rt","talus"
"2519","ESSFxc1/Rt07","Aspen – Juniper – Rocktripe","Rt","talus"
"2520","ESSFxc1/Rt07.1","Aspen – Juniper – Rocktripe; Aspen variation","Rt","talus"
"2521","ESSFxc1/Rt07.2","Juniper – Rocktripe","Rt","talus"
"2522","ESSFxc1/Rt20","Spotted saxifrage – Clad lichen","Rt","talus"
"2523","ESSFxc1/Wb16","Sxw – Trapper's tea – Peat moss","Wb","wetland bog "
"2524","ESSFxc1/Wf01","Water sedge – Beaked sedge","Wf","wetland fen"
"2525","ESSFxc1/Wf02","Scrub birch – Water sedge","Wf","wetland fen"
"2526","ESSFxc1/Wf03","Water sedge – Peat moss","Wf","wetland fen"
"2527","ESSFxc1/Wf04","Barclay's willow – Water sedge – Glow moss","Wf","wetland fen"
"2528","ESSFxc1/Wf08","Shore sedge – Buckbean – Hook moss","Wf","wetland fen"
"2529","ESSFxc1/Wf09","Few-flowered spikerush – Hook moss","Wf","wetland fen"
"2530","ESSFxc1/Wf11","Tufted clubrush – Star moss","Wf","wetland fen"
"2531","ESSFxc1/Wf12","Narrow-leaved cotton-grass – Marsh-marigold","Wf","wetland fen"
"2532","ESSFxc1/Wf13","Narrow-leaved cotton-grass – Shore sedge","Wf","wetland fen"
"2533","ESSFxc1/Wf15","Rocky mountain sedge – Glow moss","Wf","wetland fen"
"2534","ESSFxc1/Wm01","Beaked sedge – Water sedge","Wm","wetland marsh"
"2535","ESSFxc1/Wm09","Inflated sedge","Wm","wetland marsh"
"2536","ESSFxc1/Wm16","Bluejoint – Arrow-leaved groundsel","Wm","wetland marsh"
"2537","ESSFxc1/Ws08","Bl – Valerian – Horsetail","Ws","wetland swamp"
"2538","ESSFxc1/Ws08.1","Bl – Valerian – Horsetail","Ws","wetland swamp"
"2539","ESSFxc1/Ws12","Sxw – Rocky Mountain sedge – Glow moss","Ws","wetland swamp"
"2540","ESSFxc1/Ws13","Barclay's willow – Common horsetail – Arrow-leaved groundsel","Ws","wetland swamp"
"2541","ESSFxc2/101","BlSe – Grouseberry – Valerian",NA,NA
"2542","ESSFxc2/102","Pl – Juniper – Grouseberry – Clad lichens",NA,NA
"2543","ESSFxc2/103","BlPl – Grouseberry – Clad lichens",NA,NA
"2544","ESSFxc2/110","Bl – Rhododendron – Grouseberry","CAS","cold aspects - cold air"
"2545","ESSFxc2/111","BlSe – Valerian – Globeflower",NA,NA
"2546","ESSFxc2/112","Se – Horsetail – Bluejoint",NA,NA
"2547","ESSFxc2/Ag03","Timber oatgrass – Kinnikinnick","Ag","alpine grassland"
"2548","ESSFxc2/Gb21","Juniper – Kinnikinnick – Strawberry","Gb","brushland"
"2549","ESSFxc2/Gg12","Rough fescue – Yarrow – Three-flowered avens","Gg","grassland "
"2550","ESSFxc2/Gg12$2.1","Rough fescue – Bluebunch wheatgrass – Yellow salsify","Gg","grassland "
"2551","ESSFxc2/Gg12$2.2","Spreading needlegrass – Rough fescue – Kentucky bluegrass","Gg","grassland "
"2552","ESSFxc2/Gg12$2.3","Spreading needlegrass – Columbia needlegrass","Gg","grassland "
"2553","ESSFxc2/Gg12$2.5","Kentucky bluegrass – Yarrow","Gg","grassland "
"2554","ESSFxc2/Gg12.1","Rough fescue – Yarrow – Three-flowered avens","Gg","grassland "
"2555","ESSFxc2/Gg32","Pinegrass – Kinnikinnick","Gg","grassland "
"2556","ESSFxc2/Gs04","Mountain sagebrush – Bluebunch wheatgrass","Gs","shrub-steppe"
"2557","ESSFxc2/Gs06","Mountain sagebrush – Pinegrass – Idaho fescue","Gs","shrub-steppe"
"2558","ESSFxc2/Gs06$3.2","Mountain sagebrush – Kentucky bluegrass","Gs","shrub-steppe"
"2559","ESSFxc2/Ro06","Juniper – Stonecrop – Sandwort","Ro","rocky outcrop"
"2560","ESSFxc2/Ro06.1","Juniper – Stonecrop – Sandwort","Ro","rocky outcrop"
"2561","ESSFxc2/Ro06.2","Juniper – Kinnikinnick – Stonecrop – Sandwort","Ro","rocky outcrop"
"2562","ESSFxc2/Ro11","Grouseberry – Clad lichen","Ro","rocky outcrop"
"2563","ESSFxc2/Rt01","Rocktripe – Green map","Rt","talus"
"2564","ESSFxc2/Rt07","Aspen – Juniper – Rocktripe","Rt","talus"
"2565","ESSFxc2/Rt07.1","Aspen – Juniper – Rocktripe; Aspen variation","Rt","talus"
"2566","ESSFxc2/Rt07.2","Juniper – Rocktripe","Rt","talus"
"2567","ESSFxc2/Rt20","Spotted saxifrage – Clad lichen","Rt","talus"
"2568","ESSFxc2/Wb16","Sxw – Trapper's tea – Peat moss","Wb","wetland bog "
"2569","ESSFxc2/Wf01","Water sedge – Beaked sedge","Wf","wetland fen"
"2570","ESSFxc2/Wf02","Scrub birch – Water sedge","Wf","wetland fen"
"2571","ESSFxc2/Wf03","Water sedge – Peat moss","Wf","wetland fen"
"2572","ESSFxc2/Wf04","Barclay's willow – Water sedge – Glow moss","Wf","wetland fen"
"2573","ESSFxc2/Wf08","Shore sedge – Buckbean – Hook moss","Wf","wetland fen"
"2574","ESSFxc2/Wf09","Few-flowered spikerush – Hook moss","Wf","wetland fen"
"2575","ESSFxc2/Wf11","Tufted clubrush – Star moss","Wf","wetland fen"
"2576","ESSFxc2/Wf12","Narrow-leaved cotton-grass – Marsh-marigold","Wf","wetland fen"
"2577","ESSFxc2/Wf13","Narrow-leaved cotton-grass – Shore sedge","Wf","wetland fen"
"2578","ESSFxc2/Wm01","Beaked sedge – Water sedge","Wm","wetland marsh"
"2579","ESSFxc2/Wm16","Bluejoint – Arrow-leaved groundsel","Wm","wetland marsh"
"2580","ESSFxc2/Ws08","Bl – Valerian – Horsetail","Ws","wetland swamp"
"2581","ESSFxc2/Ws08.1","Bl – Valerian – Horsetail","Ws","wetland swamp"
"2582","ESSFxc2/Ws13","Barclay's willow – Common horsetail – Arrow-leaved groundsel","Ws","wetland swamp"
"2583","ESSFxc3/01","Bl – Grouseberry – Valerian",NA,NA
"2584","ESSFxc3/02","Pl – Juniper – Lupine",NA,NA
"2585","ESSFxc3/03","Bluebunch wheatgrass – Pasqueflower",NA,NA
"2586","ESSFxc3/04","Pinegrass – Meadowrue",NA,NA
"2587","ESSFxc3/05","Bl – Grouseberry – Cladonia",NA,NA
"2588","ESSFxc3/06","Bl – Rhododendron – Grouseberry",NA,NA
"2589","ESSFxc3/07","Bl – Gooseberry – Foamflower",NA,NA
"2590","ESSFxc3/08","Bl – Horsetail – Glow moss",NA,NA
"2591","ESSFxc3/09","Bluejoint – Sedge",NA,NA
"2592","ESSFxc3/10","Willow – Sedge",NA,NA
"2593","ESSFxc3/11","Sxw – Horsetail – Leafy moss",NA,NA
"2594","ESSFxc3/Wf01","Water sedge – Beaked sedge","Wf","wetland fen"
"2595","ESSFxc3/Wm01","Beaked sedge – Water sedge","Wm","wetland marsh"
"2596","ESSFxv1/01","Bl – Arnica – Cladonia",NA,NA
"2597","ESSFxv1/02","BlPa – Juniper – Cladonia",NA,NA
"2598","ESSFxv1/03","Pl – Cladonia – Stereocaulon",NA,NA
"2599","ESSFxv1/04","BlPa – Juniper – Grouseberry","IN","insolation"
"2600","ESSFxv1/05","BlPa – Arnica – Twinflower","CAS","cold aspects - cold air"
"2601","ESSFxv1/06","Bl – Rhododendron – Crowberry","CAS","cold aspects - cold air"
"2602","ESSFxv1/07","Bl – Valerian – Arnica",NA,NA
"2603","ESSFxv1/08","Bl – Horsetail – Glow moss","CA","cold aspects - cold air"
"2604","ESSFxv1/09","Bl – Twinberry – Hellebore",NA,NA
"2605","ESSFxv1/Wf01","Water sedge – Beaked sedge","Wf","wetland fen"
"2606","ESSFxv1/Wf08","Shore sedge – Buckbean – Hook moss","Wf","wetland fen"
"2607","ESSFxv1/Wf09","Few-flowered spikerush – Hook moss","Wf","wetland fen"
"2608","ESSFxv2/01","Bl – Arnica – Cladonia",NA,NA
"2609","ESSFxv2/02","BlPa – Juniper – Cladonia",NA,NA
"2610","ESSFxv2/03","BlPa – Kinnikinnick",NA,NA
"2611","ESSFxv2/04","BlPa – Juniper – Kinnikinnick",NA,NA
"2612","ESSFxv2/05","BlPa – Grouseberry",NA,NA
"2613","ESSFxv2/06","Bl – Rhododendron – Crowberry",NA,NA
"2614","ESSFxv2/07","Bl – Lousewort – Glow moss",NA,NA
"2615","ESSFxv2/08","Bl – Horsetail – Glow moss",NA,NA
"2616","ESSFxv2/09","Se – Trapper's tea – Glow moss",NA,NA
"2617","ESSFxv2/10","Se – Willow – Glow moss",NA,NA
"2618","ESSFxv2/Sc02","Grey-leaved willow – Glow moss","Sc","subalpine"
"2619","ESSFxv2/Wf01","Water sedge – Beaked sedge","Wf","wetland fen"
"2620","ESSFxv2/Wf02","Scrub birch – Water sedge","Wf","wetland fen"
"2621","ESSFxv2/Wf03","Water sedge – Peat moss","Wf","wetland fen"
"2622","ESSFxv2/Wm01","Beaked sedge – Water sedge","Wm","wetland marsh"
"2623","ICHdk/01","CwSxw – Falsebox – Wintergreen",NA,NA
"2624","ICHdk/02","CwSxw – Soopolallie",NA,NA
"2625","ICHdk/02a","CwSxw – Soopolallie; Typic","IN","insolation"
"2626","ICHdk/02b","CwSxw – Soopolallie; Shallow",NA,NA
"2627","ICHdk/03","CwSxw – Falsebox – Soopolallie","CA","cold aspects - cold air"
"2628","ICHdk/04","CwSxw – Falsebox – Feather moss",NA,NA
"2629","ICHdk/05","CwSxw – Thimbleberry",NA,NA
"2630","ICHdk/06","CwSxw – Raspberry – Oak fern",NA,NA
"2631","ICHdk/07","Sxw – Twinberry – Oak fern","CA","cold aspects - cold air"
"2632","ICHdk/08","Sxw – Devil's club – Lady fern",NA,NA
"2633","ICHdk/09","Sxw – Horsetail",NA,NA
"2634","ICHdk/Wf05","Slender sedge – Common hook moss","Wf","wetland fen"
"2635","ICHdm/101","HwCw – Queen's cup – Pipecleaner moss",NA,NA
"2636","ICHdm/102","Fd – Snowberry – Oregon-grape",NA,NA
"2637","ICHdm/102a","Fd – Snowberry – Oregon-grape; Xeric phase",NA,NA
"2638","ICHdm/102b","Fd – Snowberry – Oregon-grape; Subxeric phase",NA,NA
"2639","ICHdm/103","Pl(Lw) – Pinegrass – Grouseberry",NA,NA
"2640","ICHdm/110","CwHw – Oak fern",NA,NA
"2641","ICHdm/111","CwHw – Devil's club – Lady fern",NA,NA
"2642","ICHdm/112","SxwCw – Horsetail – Lady fern","FR","frost"
"2643","ICHdm/Fl01","Mountain alder – Common horsetail","Fl","low fluvial bench"
"2644","ICHdm/Fl02","Mountain alder – Red-osier dogwood – Lady fern","Fl","low fluvial bench"
"2645","ICHdm/Fl04","Sitka willow – Red-osier dogwood – Horsetail","Fl","low fluvial bench"
"2646","ICHdm/Fm01","Cottonwood – Snowberry – Rose","Fm","mid fluvial bench"
"2647","ICHdm/Fm02","Cottonwood – Spruce – Dogwood","Fm","mid fluvial bench"
"2648","ICHdm/Fm04","Cottonwood – Redcedar – Dogwood – Lady fern","Fm","mid fluvial bench"
"2649","ICHdm/Gb03","Ninebark – Oceanspray – Bluebunch wheatgrass","Gb","brushland"
"2650","ICHdm/Gg11","Idaho fescue – Bluebunch wheatgrass – Junegrass","Gg","grassland "
"2651","ICHdm/Ro05","Juniper – Kinnikinnick – Penstemon","Ro","rocky outcrop"
"2652","ICHdm/Ro05.1","Juniper – Kinnikinnick – Penstemon","Ro","rocky outcrop"
"2653","ICHdm/Ro09","Saskatoon – Rock moss – Clad lichen","Ro","rocky outcrop"
"2654","ICHdm/Ro09.1","Saskatoon – Rock moss – Clad lichen","Ro","rocky outcrop"
"2655","ICHdm/Ro09.2","Saskatoon – Poverty oatgrass – Rock moss – Clad lichen","Ro","rocky outcrop"
"2656","ICHdm/Ro10","Huckleberry – Rock moss – Haircap moss","Ro","rocky outcrop"
"2657","ICHdm/Rt01","Rocktripe – Green map","Rt","talus"
"2658","ICHdm/Rt02","Rock moss – Clad lichen","Rt","talus"
"2659","ICHdm/Rt03","Raspberry – Feather moss – Clad lichen","Rt","talus"
"2660","ICHdm/Rt06","Saskatoon – Mock-orange – Bluebunch wheatgrass","Rt","talus"
"2661","ICHdm/Rt07","Aspen – Juniper – Rocktripe","Rt","talus"
"2662","ICHdm/Rt07.1","Aspen – Juniper – Rocktripe; Aspen variation","Rt","talus"
"2663","ICHdm/Rt07.2","Juniper – Rocktripe","Rt","talus"
"2664","ICHdm/Rt08","Aspen – Douglas' maple – Saskatoon","Rt","talus"
"2665","ICHdm/Vh01","Cow parsnip – Fireweed – Nettle","Vh","avalanche herb"
"2666","ICHdm/Vh01.1","Cow parsnip – Fireweed – Nettle","Vh","avalanche herb"
"2667","ICHdm/Vh01.2","Cow parsnip – Fireweed – Bluejoint","Vh","avalanche herb"
"2668","ICHdm/Vh10","Fireweed – Grouseberry","Vh","avalanche herb"
"2669","ICHdm/Vh11","Fireweed – Yarrow – Strawberry","Vh","avalanche herb"
"2670","ICHdm/Vs01","Sitka alder – Lady fern","Vs","avalanche shrub"
"2671","ICHdm/Vs01.1","Sitka alder – Lady fern","Vs","avalanche shrub"
"2672","ICHdm/Vs01.2","Sitka alder – Spiny wood fern","Vs","avalanche shrub"
"2673","ICHdm/Vs02","Sitka alder – Solomon's-seal","Vs","avalanche shrub"
"2674","ICHdm/Vs10","Willow – Cow parsnip – Fireweed","Vs","avalanche shrub"
"2675","ICHdm/Vs10.1","Sitka willow – Cow parsnip – Fireweed","Vs","avalanche shrub"
"2676","ICHdm/Vs10.2","Barclay's willow – Cow parsnip – Fireweed","Vs","avalanche shrub"
"2677","ICHdm/Vs11","Thimbleberry – Cow parsnip – Fireweed","Vs","avalanche shrub"
"2678","ICHdm/Vs13","Huckleberry – Beargrass – Fireweed","Vs","avalanche shrub"
"2679","ICHdm/Vs14","Saskatoon – Snowberry – Strawberry","Vs","avalanche shrub"
"2680","ICHdm/Wf01","Water sedge – Beaked sedge","Wf","wetland fen"
"2681","ICHdm/Wf05","Slender sedge – Common hook moss","Wf","wetland fen"
"2682","ICHdm/Wm01","Beaked sedge – Water sedge","Wm","wetland marsh"
"2683","ICHdm/Wm02","Water horsetail – Beaked sedge","Wm","wetland marsh"
"2684","ICHdm/Wm04","Common spikerush","Wm","wetland marsh"
"2685","ICHdm/Wm05","Cattail","Wm","wetland marsh"
"2686","ICHdm/Wm06","Soft-stemmed bulrush","Wm","wetland marsh"
"2687","ICHdm/Wm15","Bluejoint – Water sedge","Wm","wetland marsh"
"2688","ICHdm/Ws01","Mountain alder – Skunk cabbage – Lady fern","Ws","wetland swamp"
"2689","ICHdm/Ws06","Sitka willow – Sitka sedge","Ws","wetland swamp"
"2690","ICHdm/Ws10","CwSxw – Skunk cabbage","Ws","wetland swamp"
"2691","ICHdw1/113","CwSxw – Skunk cabbage",NA,NA
"2692","ICHdw1/Fl01","Mountain alder – Common horsetail","Fl","low fluvial bench"
"2693","ICHdw1/Fl02","Mountain alder – Red-osier dogwood – Lady fern","Fl","low fluvial bench"
"2694","ICHdw1/Fl04","Sitka willow – Red-osier dogwood – Horsetail","Fl","low fluvial bench"
"2695","ICHdw1/Fl06","Sandbar willow – Scouring-rush","Fl","low fluvial bench"
"2696","ICHdw1/Fm01","Cottonwood – Snowberry – Rose","Fm","mid fluvial bench"
"2697","ICHdw1/Fm02","Cottonwood – Spruce – Dogwood","Fm","mid fluvial bench"
"2698","ICHdw1/Fm04","Cottonwood – Redcedar – Dogwood – Lady fern","Fm","mid fluvial bench"
"2699","ICHdw1/Gb03","Ninebark – Oceanspray – Bluebunch wheatgrass","Gb","brushland"
"2700","ICHdw1/Gg11","Idaho fescue – Bluebunch wheatgrass – Junegrass","Gg","grassland "
"2701","ICHdw1/Ro05","Juniper – Kinnikinnick – Penstemon","Ro","rocky outcrop"
"2702","ICHdw1/Ro05.1","Juniper – Kinnikinnick – Penstemon","Ro","rocky outcrop"
"2703","ICHdw1/Ro09","Saskatoon – Rock moss – Clad lichen","Ro","rocky outcrop"
"2704","ICHdw1/Ro09.1","Saskatoon – Rock moss – Clad lichen","Ro","rocky outcrop"
"2705","ICHdw1/Ro09.2","Saskatoon – Poverty oatgrass – Rock moss – Clad lichen","Ro","rocky outcrop"
"2706","ICHdw1/Ro10","Huckleberry – Rock moss – Haircap moss","Ro","rocky outcrop"
"2707","ICHdw1/Rt01","Rocktripe – Green map","Rt","talus"
"2708","ICHdw1/Rt02","Rock moss – Clad lichen","Rt","talus"
"2709","ICHdw1/Rt03","Raspberry – Feather moss – Clad lichen","Rt","talus"
"2710","ICHdw1/Rt06","Saskatoon – Mock-orange – Bluebunch wheatgrass","Rt","talus"
"2711","ICHdw1/Rt08","Aspen – Douglas' maple – Saskatoon","Rt","talus"
"2712","ICHdw1/Wf01","Water sedge – Beaked sedge","Wf","wetland fen"
"2713","ICHdw1/Wf05","Slender sedge – Common hook moss","Wf","wetland fen"
"2714","ICHdw1/Wm01","Beaked sedge – Water sedge","Wm","wetland marsh"
"2715","ICHdw1/Wm02","Water horsetail – Beaked sedge","Wm","wetland marsh"
"2716","ICHdw1/Wm04","Common spikerush","Wm","wetland marsh"
"2717","ICHdw1/Wm05","Cattail","Wm","wetland marsh"
"2718","ICHdw1/Wm06","Soft-stemmed bulrush","Wm","wetland marsh"
"2719","ICHdw1/Wm09","Inflated sedge","Wm","wetland marsh"
"2720","ICHdw1/Wm15","Bluejoint – Water sedge","Wm","wetland marsh"
"2721","ICHdw1/Ws01","Mountain alder – Skunk cabbage – Lady fern","Ws","wetland swamp"
"2722","ICHdw1/Ws02","Mountain alder – Pink spirea – Sitka sedge","Ws","wetland swamp"
"2723","ICHdw1/Ws06","Sitka willow – Sitka sedge","Ws","wetland swamp"
"2724","ICHdw1/Ws10","CwSxw – Skunk cabbage","Ws","wetland swamp"
"2725","ICHdw4/101","CwFd – Prince's pine – Twinflower",NA,NA
"2726","ICHdw4/102","FdPl – Juniper – Kinnikinnick",NA,NA
"2727","ICHdw4/103","Fd – Douglas' maple – Pinegrass",NA,NA
"2728","ICHdw4/104","FdCw – Douglas' maple – Prince's pine",NA,NA
"2729","ICHdw4/110","CwHw – Devil's club – Lady fern",NA,NA
"2730","ICHdw4/110.1","CwHw – Devil's club – Lady fern",NA,NA
"2731","ICHdw4/110.2","CwHw – Lady fern – Oak fern",NA,NA
"2732","ICHdw4/111","CwHw – Horsetail – Lady fern",NA,NA
"2733","ICHdw4/112","CwSxw – Skunk cabbage",NA,NA
"2734","ICHdw4/Ff01","Water birch – Red-osier dogwood – Rose","Ff","fringe fluvial "
"2735","ICHdw4/Ff01a","Water birch – Red-osier dogwood – Rose; Fringe phase","Ff","fringe fluvial "
"2736","ICHdw4/Fl01","Mountain alder – Common horsetail","Fl","low fluvial bench"
"2737","ICHdw4/Fl02","Mountain alder – Red-osier dogwood – Lady fern","Fl","low fluvial bench"
"2738","ICHdw4/Fl04","Sitka willow – Red-osier dogwood – Horsetail","Fl","low fluvial bench"
"2739","ICHdw4/Fl05","Drummond's willow – Bluejoint","Fl","low fluvial bench"
"2740","ICHdw4/Fl06","Sandbar willow – Scouring-rush","Fl","low fluvial bench"
"2741","ICHdw4/Fm01","Cottonwood – Snowberry – Rose","Fm","mid fluvial bench"
"2742","ICHdw4/Fm02","Cottonwood – Spruce – Dogwood","Fm","mid fluvial bench"
"2743","ICHdw4/Fm04","Cottonwood – Redcedar – Dogwood – Lady fern","Fm","mid fluvial bench"
"2744","ICHdw4/Gb03","Ninebark – Oceanspray – Bluebunch wheatgrass","Gb","brushland"
"2745","ICHdw4/Gg02","Bluebunch wheatgrass – Balsamroot","Gg","grassland "
"2746","ICHdw4/Gg02$2.3","Needle-and-thread grass – Cheatgrass","Gg","grassland "
"2747","ICHdw4/Gg11","Idaho fescue – Bluebunch wheatgrass – Junegrass","Gg","grassland "
"2748","ICHdw4/Gg11$2.1","Bluebunch wheatgrass – Junegrass – Sandberg's bluegrass","Gg","grassland "
"2749","ICHdw4/Gg11$2.4","Needle-and-thread grass – Cheatgrass","Gg","grassland "
"2750","ICHdw4/Ro05","Juniper – Kinnikinnick – Penstemon","Ro","rocky outcrop"
"2751","ICHdw4/Ro05.1","Juniper – Kinnikinnick – Penstemon","Ro","rocky outcrop"
"2752","ICHdw4/Ro09","Saskatoon – Rock moss – Clad lichen","Ro","rocky outcrop"
"2753","ICHdw4/Ro09.1","Saskatoon – Rock moss – Clad lichen","Ro","rocky outcrop"
"2754","ICHdw4/Ro09.2","Saskatoon – Poverty oatgrass – Rock moss – Clad lichen","Ro","rocky outcrop"
"2755","ICHdw4/Rt01","Rocktripe – Green map","Rt","talus"
"2756","ICHdw4/Rt02","Rock moss – Clad lichen","Rt","talus"
"2757","ICHdw4/Rt03","Raspberry – Feather moss – Clad lichen","Rt","talus"
"2758","ICHdw4/Rt06","Saskatoon – Mock-orange – Bluebunch wheatgrass","Rt","talus"
"2759","ICHdw4/Rt07","Aspen – Juniper – Rocktripe","Rt","talus"
"2760","ICHdw4/Rt07.1","Aspen – Juniper – Rocktripe; Aspen variation","Rt","talus"
"2761","ICHdw4/Rt07.2","Juniper – Rocktripe","Rt","talus"
"2762","ICHdw4/Rt08","Aspen – Douglas' maple – Saskatoon","Rt","talus"
"2763","ICHdw4/Wf01","Water sedge – Beaked sedge","Wf","wetland fen"
"2764","ICHdw4/Wf05","Slender sedge – Common hook moss","Wf","wetland fen"
"2765","ICHdw4/Wf11","Tufted clubrush – Star moss","Wf","wetland fen"
"2766","ICHdw4/Wm01","Beaked sedge – Water sedge","Wm","wetland marsh"
"2767","ICHdw4/Wm02","Water horsetail – Beaked sedge","Wm","wetland marsh"
"2768","ICHdw4/Wm04","Common spikerush","Wm","wetland marsh"
"2769","ICHdw4/Wm05","Cattail","Wm","wetland marsh"
"2770","ICHdw4/Wm06","Soft-stemmed bulrush","Wm","wetland marsh"
"2771","ICHdw4/Wm09","Inflated sedge","Wm","wetland marsh"
"2772","ICHdw4/Wm14","Common reed","Wm","wetland marsh"
"2773","ICHdw4/Wm15","Bluejoint – Water sedge","Wm","wetland marsh"
"2774","ICHdw4/Ws01","Mountain alder – Skunk cabbage – Lady fern","Ws","wetland swamp"
"2775","ICHdw4/Ws02","Mountain alder – Pink spirea – Sitka sedge","Ws","wetland swamp"
"2776","ICHdw4/Ws04","Drummond's willow – Beaked sedge","Ws","wetland swamp"
"2777","ICHdw4/Ws06","Sitka willow – Sitka sedge","Ws","wetland swamp"
"2778","ICHdw4/Ws07","Sxw – Horsetail – Leafy moss","Ws","wetland swamp"
"2779","ICHdw4/Ws07.1","Sxw – Horsetail – Leafy moss; Typic variation","Ws","wetland swamp"
"2780","ICHdw4/Ws07.2","Sxw – Horsetail – Leafy moss; Soft-leaved sedge variation","Ws","wetland swamp"
"2781","ICHdw4/Ws10","CwSxw – Skunk cabbage","Ws","wetland swamp"
"2782","ICHmc1/01","Hw – Step moss",NA,NA
"2783","ICHmc1/01a","Hw – Step moss; Mesic",NA,NA
"2784","ICHmc1/01b","Hw – Step moss; Submesic",NA,NA
"2785","ICHmc1/02","HwPl – Kinnikinnick – Cladonia",NA,NA
"2786","ICHmc1/03","HwBl – Oak fern",NA,NA
"2787","ICHmc1/04","HwBl – Devil's club",NA,NA
"2788","ICHmc1/05","ActSx – Dogwood","Fm","mid fluvial bench"
"2789","ICHmc1/06","Hw – Azalea – Skunk cabbage",NA,NA
"2790","ICHmc1/07","Pl – Bog-rosemary – Peat moss",NA,NA
"2791","ICHmc1/Wb13","Shore sedge – Buckbean – Peat moss","Wb","wetland bog "
"2792","ICHmc1/Wf05","Slender sedge – Common hook moss","Wf","wetland fen"
"2793","ICHmc1/Wm01","Beaked sedge – Water sedge","Wm","wetland marsh"
"2794","ICHmc1/Ws50","Hardhack – Sitka sedge","Ws","wetland swamp"
"2795","ICHmc1a/01","HwBa – Bramble",NA,NA
"2796","ICHmc1a/01a","HwBa – Bramble; Mesic",NA,NA
"2797","ICHmc1a/01b","HwBa – Bramble; Submesic",NA,NA
"2798","ICHmc1a/02","HwBa – Oak fern",NA,NA
"2799","ICHmc1a/03","HwBa – Devil's club – Lady fern",NA,NA
"2800","ICHmc2/01","Hw – Step moss",NA,NA
"2801","ICHmc2/01$Atpw","At – Pink wintergreen",NA,NA
"2802","ICHmc2/01$Atpw.1","At – Pink wintergreen",NA,NA
"2803","ICHmc2/01$Atpw.2","At – Pink wintergreen",NA,NA
"2804","ICHmc2/01$Atss","At – Saskatoon – Snowberry",NA,NA
"2805","ICHmc2/01$Atss.1","At – Saskatoon – Snowberry",NA,NA
"2806","ICHmc2/01$Atss.2","At – Saskatoon – Snowberry",NA,NA
"2807","ICHmc2/01.1","Hw – Step moss; Hw(Cw) variation",NA,NA
"2808","ICHmc2/01.2","Hw – Step moss; BlSx variation",NA,NA
"2809","ICHmc2/01a","Hw – Step moss; Mesic",NA,NA
"2810","ICHmc2/01a$Atpw","At – Pink wintergreen",NA,NA
"2811","ICHmc2/01a$Atpw.1","At – Pink wintergreen",NA,NA
"2812","ICHmc2/01a$Atpw.2","At – Pink wintergreen",NA,NA
"2813","ICHmc2/01a$Atss","At – Saskatoon – Snowberry",NA,NA
"2814","ICHmc2/01a$Atss.1","At – Saskatoon – Snowberry",NA,NA
"2815","ICHmc2/01a$Atss.2","At – Saskatoon – Snowberry",NA,NA
"2816","ICHmc2/01a.1","Hw – Step moss; Mesic; Hw(Cw) variation",NA,NA
"2817","ICHmc2/01a.2","Hw – Step moss; Mesic; BlSx variation",NA,NA
"2818","ICHmc2/01b","Hw – Step moss; Submesic",NA,NA
"2819","ICHmc2/01b$Atpw","At – Pink wintergreen",NA,NA
"2820","ICHmc2/01b$Atpw.1","At – Pink wintergreen",NA,NA
"2821","ICHmc2/01b$Atpw.2","At – Pink wintergreen",NA,NA
"2822","ICHmc2/01b$Atss","At – Saskatoon – Snowberry",NA,NA
"2823","ICHmc2/01b$Atss.1","At – Saskatoon – Snowberry",NA,NA
"2824","ICHmc2/01b$Atss.2","At – Saskatoon – Snowberry",NA,NA
"2825","ICHmc2/01b.1","Hw – Step moss; Submesic; Hw(Cw) variation",NA,NA
"2826","ICHmc2/01b.2","Hw – Step moss; Submesic; BlSx variation",NA,NA
"2827","ICHmc2/02","HwPl – Kinnikinnick – Cladonia",NA,NA
"2828","ICHmc2/02$Atki","At – Kinnikinnick",NA,NA
"2829","ICHmc2/02$Epdh","Ep – Douglas' maple",NA,NA
"2830","ICHmc2/03","HwCw – Oak fern",NA,NA
"2831","ICHmc2/03$Atcv","At – Canada violet",NA,NA
"2832","ICHmc2/03$Atpw","At – Pink wintergreen",NA,NA
"2833","ICHmc2/04","CwHw – Devil's club – Oak fern",NA,NA
"2834","ICHmc2/04$Atcv","At – Canada violet",NA,NA
"2835","ICHmc2/05","Sx – Devil's club – Lady fern","FR","frost"
"2836","ICHmc2/05$Atha","At – Hardhack",NA,NA
"2837","ICHmc2/05$Atlf","At – Lady fern",NA,NA
"2838","ICHmc2/06","ActSx – Dogwood","Fm","mid fluvial bench"
"2839","ICHmc2/06a","ActSx – Dogwood; High-bench",NA,NA
"2840","ICHmc2/06b","ActSx – Dogwood; Medium-bench",NA,NA
"2841","ICHmc2/07","CwSx – Horsetail – Skunk cabbage",NA,NA
"2842","ICHmc2/07$Atha","At – Hardhack",NA,NA
"2843","ICHmc2/07$Atlf","At – Lady fern",NA,NA
"2844","ICHmc2/08","SbSx – Scrub birch – Sedge","CA","cold aspects - cold air"
"2845","ICHmc2/09","Hw – Cloudberry – Peat moss",NA,NA
"2846","ICHmc2/10","Sb – Soft-leaved sedge – Peat moss",NA,NA
"2847","ICHmc2/11","Sb – Buckbean – Peat moss",NA,NA
"2848","ICHmc2/12","Sb – Skunk cabbage – Peat moss",NA,NA
"2849","ICHmc2/51","PlHw – Feather moss",NA,NA
"2850","ICHmc2/52","SxEp – Thimbleberry – Hazelnut",NA,NA
"2851","ICHmc2/53","AtEp – Dogwood",NA,NA
"2852","ICHmc2/54","SxEp – Devil's club",NA,NA
"2853","ICHmc2/55","Mountain alder – Mitrewort",NA,NA
"2854","ICHmc2/56","Drummond's willow – Bluejoint",NA,NA
"2855","ICHmc2/Fl02","Mountain alder – Red-osier dogwood – Lady fern","Fl","low fluvial bench"
"2856","ICHmc2/Wb12","Scheuchzeria – Peat moss","Wb","wetland bog "
"2857","ICHmc2/Wf02","Scrub birch – Water sedge","Wf","wetland fen"
"2858","ICHmc2/Wf05","Slender sedge – Common hook moss","Wf","wetland fen"
"2859","ICHmc2/Wf11","Tufted clubrush – Star moss","Wf","wetland fen"
"2860","ICHmc2/Wm01","Beaked sedge – Water sedge","Wm","wetland marsh"
"2861","ICHmc2/Ws01","Mountain alder – Skunk cabbage – Lady fern","Ws","wetland swamp"
"2862","ICHmc2/Ws02","Mountain alder – Pink spirea – Sitka sedge","Ws","wetland swamp"
"2863","ICHmk1/101","CwSxw – Falsebox",NA,NA
"2864","ICHmk1/102","Fd – Penstemon – Pinegrass",NA,NA
"2865","ICHmk1/103","Fd – Juniper – Pinegrass",NA,NA
"2866","ICHmk1/104","Sxw(Lw) – Grouseberry – Feather moss",NA,NA
"2867","ICHmk1/105","FdLw – Falsebox – Pinegrass",NA,NA
"2868","ICHmk1/110","CwSxw – Gooseberry – Foamflower",NA,NA
"2869","ICHmk1/111","SxwCw – Devil's club – Oak fern",NA,NA
"2870","ICHmk1/112","Sxw(Cw) – Horsetail – Oak fern",NA,NA
"2871","ICHmk1/Ff01","Water birch – Red-osier dogwood – Rose","Ff","fringe fluvial "
"2872","ICHmk1/Ff01a","Water birch – Red-osier dogwood – Rose; Fringe phase","Ff","fringe fluvial "
"2873","ICHmk1/Fl01","Mountain alder – Common horsetail","Fl","low fluvial bench"
"2874","ICHmk1/Fl02","Mountain alder – Red-osier dogwood – Lady fern","Fl","low fluvial bench"
"2875","ICHmk1/Fl04","Sitka willow – Red-osier dogwood – Horsetail","Fl","low fluvial bench"
"2876","ICHmk1/Fl05","Drummond's willow – Bluejoint","Fl","low fluvial bench"
"2877","ICHmk1/Fm01","Cottonwood – Snowberry – Rose","Fm","mid fluvial bench"
"2878","ICHmk1/Fm02","Cottonwood – Spruce – Dogwood","Fm","mid fluvial bench"
"2879","ICHmk1/Gb21","Juniper – Kinnikinnick – Strawberry","Gb","brushland"
"2880","ICHmk1/Gg11","Idaho fescue – Bluebunch wheatgrass – Junegrass","Gg","grassland "
"2881","ICHmk1/Gg11$2.1","Bluebunch wheatgrass – Junegrass – Sandberg's bluegrass","Gg","grassland "
"2882","ICHmk1/Gg11$2.4","Needle-and-thread grass – Cheatgrass","Gg","grassland "
"2883","ICHmk1/Ro05","Juniper – Kinnikinnick – Penstemon","Ro","rocky outcrop"
"2884","ICHmk1/Ro05.1","Juniper – Kinnikinnick – Penstemon","Ro","rocky outcrop"
"2885","ICHmk1/Ro09","Saskatoon – Rock moss – Clad lichen","Ro","rocky outcrop"
"2886","ICHmk1/Ro09.1","Saskatoon – Rock moss – Clad lichen","Ro","rocky outcrop"
"2887","ICHmk1/Ro09.2","Saskatoon – Poverty oatgrass – Rock moss – Clad lichen","Ro","rocky outcrop"
"2888","ICHmk1/Rt01","Rocktripe – Green map","Rt","talus"
"2889","ICHmk1/Rt02","Rock moss – Clad lichen","Rt","talus"
"2890","ICHmk1/Rt03","Raspberry – Feather moss – Clad lichen","Rt","talus"
"2891","ICHmk1/Rt07","Aspen – Juniper – Rocktripe","Rt","talus"
"2892","ICHmk1/Rt07.1","Aspen – Juniper – Rocktripe; Aspen variation","Rt","talus"
"2893","ICHmk1/Rt07.2","Juniper – Rocktripe","Rt","talus"
"2894","ICHmk1/Rt08","Aspen – Douglas' maple – Saskatoon","Rt","talus"
"2895","ICHmk1/Vh01","Cow parsnip – Fireweed – Nettle","Vh","avalanche herb"
"2896","ICHmk1/Vh01.1","Cow parsnip – Fireweed – Nettle","Vh","avalanche herb"
"2897","ICHmk1/Vh01.2","Cow parsnip – Fireweed – Bluejoint","Vh","avalanche herb"
"2898","ICHmk1/Vh11","Fireweed – Yarrow – Strawberry","Vh","avalanche herb"
"2899","ICHmk1/Vs02","Sitka alder – Solomon's-seal","Vs","avalanche shrub"
"2900","ICHmk1/Vs10","Willow – Cow parsnip – Fireweed","Vs","avalanche shrub"
"2901","ICHmk1/Vs10.1","Sitka willow – Cow parsnip – Fireweed","Vs","avalanche shrub"
"2902","ICHmk1/Vs10.2","Barclay's willow – Cow parsnip – Fireweed","Vs","avalanche shrub"
"2903","ICHmk1/Vs11","Thimbleberry – Cow parsnip – Fireweed","Vs","avalanche shrub"
"2904","ICHmk1/Vs14","Saskatoon – Snowberry – Strawberry","Vs","avalanche shrub"
"2905","ICHmk1/Wb16","Sxw – Trapper's tea – Peat moss","Wb","wetland bog "
"2906","ICHmk1/Wf01","Water sedge – Beaked sedge","Wf","wetland fen"
"2907","ICHmk1/Wf02","Scrub birch – Water sedge","Wf","wetland fen"
"2908","ICHmk1/Wf05","Slender sedge – Common hook moss","Wf","wetland fen"
"2909","ICHmk1/Wf07","Scrub birch – Buckbean – Shore sedge","Wf","wetland fen"
"2910","ICHmk1/Wf11","Tufted clubrush – Star moss","Wf","wetland fen"
"2911","ICHmk1/Wm01","Beaked sedge – Water sedge","Wm","wetland marsh"
"2912","ICHmk1/Wm02","Water horsetail – Beaked sedge","Wm","wetland marsh"
"2913","ICHmk1/Wm04","Common spikerush","Wm","wetland marsh"
"2914","ICHmk1/Wm05","Cattail","Wm","wetland marsh"
"2915","ICHmk1/Wm06","Soft-stemmed bulrush","Wm","wetland marsh"
"2916","ICHmk1/Wm09","Inflated sedge","Wm","wetland marsh"
"2917","ICHmk1/Wm15","Bluejoint – Water sedge","Wm","wetland marsh"
"2918","ICHmk1/Ws02","Mountain alder – Pink spirea – Sitka sedge","Ws","wetland swamp"
"2919","ICHmk1/Ws04","Drummond's willow – Beaked sedge","Ws","wetland swamp"
"2920","ICHmk1/Ws06","Sitka willow – Sitka sedge","Ws","wetland swamp"
"2921","ICHmk1/Ws07","Sxw – Horsetail – Leafy moss","Ws","wetland swamp"
"2922","ICHmk1/Ws07.1","Sxw – Horsetail – Leafy moss; Typic variation","Ws","wetland swamp"
"2923","ICHmk1/Ws07.2","Sxw – Horsetail – Leafy moss; Soft-leaved sedge variation","Ws","wetland swamp"
"2924","ICHmk1/Ws10","CwSxw – Skunk cabbage","Ws","wetland swamp"
"2925","ICHmk2/01","CwSxw – Falsebox – Knight's plume",NA,NA
"2926","ICHmk2/02","Fd – Juniper – Pinegrass",NA,NA
"2927","ICHmk2/03","Fd – Falsebox – Pinegrass",NA,NA
"2928","ICHmk2/04","CwSxw – Douglas' maple – Fairybells",NA,NA
"2929","ICHmk2/05","CwSxw – Oak fern – Bunchberry",NA,NA
"2930","ICHmk2/06","Sxw – Horsetail",NA,NA
"2931","ICHmk3/01","CwSxw – Falsebox – Knight's plume",NA,NA
"2932","ICHmk3/02","FdCw – Wavy-leaved moss",NA,NA
"2933","ICHmk3/03","CwSxw – Soopolallie","IN","insolation"
"2934","ICHmk3/04","CwSxw – Oak fern – Cat's-tail moss",NA,NA
"2935","ICHmk3/05","SxwCw – Oak fern","FR","frost"
"2936","ICHmk3/06","CwHw – Devil's club – Lady fern",NA,NA
"2937","ICHmk3/07","CwSxw – Devil's club – Horsetail",NA,NA
"2938","ICHmk3/08","Pl – Water sedge – Peat mosses",NA,NA
"2939","ICHmk3/Wb07","Pl – Water sedge – Peat mosses","Wb","wetland bog "
"2940","ICHmk3/Wb12","Scheuchzeria – Peat moss","Wb","wetland bog "
"2941","ICHmk3/Wf01","Water sedge – Beaked sedge","Wf","wetland fen"
"2942","ICHmk3/Wf02","Scrub birch – Water sedge","Wf","wetland fen"
"2943","ICHmk3/Wf05","Slender sedge – Common hook moss","Wf","wetland fen"
"2944","ICHmk3/Wf06","Slender sedge – Buckbean","Wf","wetland fen"
"2945","ICHmk3/Wf08","Shore sedge – Buckbean – Hook moss","Wf","wetland fen"
"2946","ICHmk3/Wm01","Beaked sedge – Water sedge","Wm","wetland marsh"
"2947","ICHmk4/101","CwSxw – Falsebox",NA,NA
"2948","ICHmk4/102","Fd – Snowberry – Oregon-grape",NA,NA
"2949","ICHmk4/102a","Fd – Snowberry – Oregon-grape; Xeric phase",NA,NA
"2950","ICHmk4/102b","Fd – Snowberry – Oregon-grape; Subxeric phase",NA,NA
"2951","ICHmk4/103","Fd – Douglas' maple – Falsebox",NA,NA
"2952","ICHmk4/110","CwSxw – Oak fern",NA,NA
"2953","ICHmk4/111","CwSxw – Devil's club",NA,NA
"2954","ICHmk4/112","SxwBl – Horsetail","FR","frost"
"2955","ICHmk4/Fl01","Mountain alder – Common horsetail","Fl","low fluvial bench"
"2956","ICHmk4/Fl02","Mountain alder – Red-osier dogwood – Lady fern","Fl","low fluvial bench"
"2957","ICHmk4/Fl04","Sitka willow – Red-osier dogwood – Horsetail","Fl","low fluvial bench"
"2958","ICHmk4/Fl05","Drummond's willow – Bluejoint","Fl","low fluvial bench"
"2959","ICHmk4/Fm01","Cottonwood – Snowberry – Rose","Fm","mid fluvial bench"
"2960","ICHmk4/Fm02","Cottonwood – Spruce – Dogwood","Fm","mid fluvial bench"
"2961","ICHmk4/Ro05","Juniper – Kinnikinnick – Penstemon","Ro","rocky outcrop"
"2962","ICHmk4/Ro05.1","Juniper – Kinnikinnick – Penstemon","Ro","rocky outcrop"
"2963","ICHmk4/Ro09","Saskatoon – Rock moss – Clad lichen","Ro","rocky outcrop"
"2964","ICHmk4/Ro09.1","Saskatoon – Rock moss – Clad lichen","Ro","rocky outcrop"
"2965","ICHmk4/Ro09.2","Saskatoon – Poverty oatgrass – Rock moss – Clad lichen","Ro","rocky outcrop"
"2966","ICHmk4/Ro10","Huckleberry – Rock moss – Haircap moss","Ro","rocky outcrop"
"2967","ICHmk4/Rt01","Rocktripe – Green map","Rt","talus"
"2968","ICHmk4/Rt02","Rock moss – Clad lichen","Rt","talus"
"2969","ICHmk4/Rt03","Raspberry – Feather moss – Clad lichen","Rt","talus"
"2970","ICHmk4/Rt07","Aspen – Juniper – Rocktripe","Rt","talus"
"2971","ICHmk4/Rt07.1","Aspen – Juniper – Rocktripe; Aspen variation","Rt","talus"
"2972","ICHmk4/Rt07.2","Juniper – Rocktripe","Rt","talus"
"2973","ICHmk4/Rt08","Aspen – Douglas' maple – Saskatoon","Rt","talus"
"2974","ICHmk4/Rt20","Spotted saxifrage – Clad lichen","Rt","talus"
"2975","ICHmk4/Vh01","Cow parsnip – Fireweed – Nettle","Vh","avalanche herb"
"2976","ICHmk4/Vh01.1","Cow parsnip – Fireweed – Nettle","Vh","avalanche herb"
"2977","ICHmk4/Vh01.2","Cow parsnip – Fireweed – Bluejoint","Vh","avalanche herb"
"2978","ICHmk4/Vh03","Lady fern – Hellebore – Valerian","Vh","avalanche herb"
"2979","ICHmk4/Vh11","Fireweed – Yarrow – Strawberry","Vh","avalanche herb"
"2980","ICHmk4/Vs01","Sitka alder – Lady fern","Vs","avalanche shrub"
"2981","ICHmk4/Vs01.1","Sitka alder – Lady fern","Vs","avalanche shrub"
"2982","ICHmk4/Vs01.2","Sitka alder – Spiny wood fern","Vs","avalanche shrub"
"2983","ICHmk4/Vs02","Sitka alder – Solomon's-seal","Vs","avalanche shrub"
"2984","ICHmk4/Vs04","Sitka alder – Devil's club – Oak fern","Vs","avalanche shrub"
"2985","ICHmk4/Vs10","Willow – Cow parsnip – Fireweed","Vs","avalanche shrub"
"2986","ICHmk4/Vs10.1","Sitka willow – Cow parsnip – Fireweed","Vs","avalanche shrub"
"2987","ICHmk4/Vs10.2","Barclay's willow – Cow parsnip – Fireweed","Vs","avalanche shrub"
"2988","ICHmk4/Vs11","Thimbleberry – Cow parsnip – Fireweed","Vs","avalanche shrub"
"2989","ICHmk4/Vs12","Huckleberry – Rhododendron – Fireweed","Vs","avalanche shrub"
"2990","ICHmk4/Vs14","Saskatoon – Snowberry – Strawberry","Vs","avalanche shrub"
"2991","ICHmk4/Wf01","Water sedge – Beaked sedge","Wf","wetland fen"
"2992","ICHmk4/Wf02","Scrub birch – Water sedge","Wf","wetland fen"
"2993","ICHmk4/Wf05","Slender sedge – Common hook moss","Wf","wetland fen"
"2994","ICHmk4/Wf11","Tufted clubrush – Star moss","Wf","wetland fen"
"2995","ICHmk4/Wm01","Beaked sedge – Water sedge","Wm","wetland marsh"
"2996","ICHmk4/Wm02","Water horsetail – Beaked sedge","Wm","wetland marsh"
"2997","ICHmk4/Wm04","Common spikerush","Wm","wetland marsh"
"2998","ICHmk4/Wm05","Cattail","Wm","wetland marsh"
"2999","ICHmk4/Wm06","Soft-stemmed bulrush","Wm","wetland marsh"
"3000","ICHmk4/Wm15","Bluejoint – Water sedge","Wm","wetland marsh"
"3001","ICHmk4/Ws02","Mountain alder – Pink spirea – Sitka sedge","Ws","wetland swamp"
"3002","ICHmk4/Ws03","Bebb's willow – Bluejoint","Ws","wetland swamp"
"3003","ICHmk4/Ws06","Sitka willow – Sitka sedge","Ws","wetland swamp"
"3004","ICHmk4/Ws07","Sxw – Horsetail – Leafy moss","Ws","wetland swamp"
"3005","ICHmk4/Ws07.1","Sxw – Horsetail – Leafy moss; Typic variation","Ws","wetland swamp"
"3006","ICHmk4/Ws07.2","Sxw – Horsetail – Leafy moss; Soft-leaved sedge variation","Ws","wetland swamp"
"3007","ICHmk5/101","CwSxw – Falsebox",NA,NA
"3008","ICHmk5/102","Fd – Juniper – Douglas' maple",NA,NA
"3009","ICHmk5/103","Fd – Juniper – Pinegrass – Showy aster",NA,NA
"3010","ICHmk5/104","Fd – Pinegrass – Showy aster",NA,NA
"3011","ICHmk5/110","CwSxw – Devil's club – Oak fern",NA,NA
"3012","ICHmk5/111","SxwBl – Dogwood – Sarsaparilla",NA,NA
"3013","ICHmk5/112","SxwBl(Cw) – Horsetail",NA,NA
"3014","ICHmk5/Fm01","Cottonwood – Snowberry – Rose","Fm","mid fluvial bench"
"3015","ICHmk5/Fm02","Cottonwood – Spruce – Dogwood","Fm","mid fluvial bench"
"3016","ICHmm/01","HwCw – Spruce – Step moss",NA,NA
"3017","ICHmm/02","CwSxw – Soopolallie",NA,NA
"3018","ICHmm/03","HwCw – Step moss",NA,NA
"3019","ICHmm/04","CwHw – Oak fern",NA,NA
"3020","ICHmm/05","CwHw – Devil's club – Oak fern",NA,NA
"3021","ICHmm/06","CwSxw – Devil's club – Horsetail",NA,NA
"3022","ICHmm/07","SbPl – Bog-laurel – Sphagnum",NA,NA
"3023","ICHmm/08","CwSxw – Skunk cabbage – Sphagnum",NA,NA
"3024","ICHmw1/01","HwCw – Falsebox – Feather moss",NA,NA
"3025","ICHmw1/02","Pl – Juniper – Twinflower",NA,NA
"3026","ICHmw1/03","HwCw – Falsebox – Pipecleaner moss",NA,NA
"3027","ICHmw1/04","CwFd – Soopolallie – Douglas' maple",NA,NA
"3028","ICHmw1/05","CwHw – Devil's club – Lady fern",NA,NA
"3029","ICHmw1/06","CwHw – Oval-leaved blueberry – Oak fern",NA,NA
"3030","ICHmw1/07","CwHw – Horsetail",NA,NA
"3031","ICHmw1/Wf05","Slender sedge – Common hook moss","Wf","wetland fen"
"3032","ICHmw1/Wf11","Tufted clubrush – Star moss","Wf","wetland fen"
"3033","ICHmw2/101","HwCw – Falsebox",NA,NA
"3034","ICHmw2/102","Fd(Pl) – Falsebox – Pinegrass",NA,NA
"3035","ICHmw2/103","Fd – Douglas' maple – Falsebox",NA,NA
"3036","ICHmw2/104","FdCw – Falsebox – Prince's pine","IN","insolation"
"3037","ICHmw2/110","CwHw – Oak fern",NA,NA
"3038","ICHmw2/111","CwHw – Devil's club – Lady fern",NA,NA
"3039","ICHmw2/111.1","CwHw – Devil's club – Lady fern",NA,NA
"3040","ICHmw2/111.2","CwHw – Lady fern – Oak fern",NA,NA
"3041","ICHmw2/112","Sxw(Hw) – Huckleberry – Oak fern","FR","frost"
"3042","ICHmw2/113","CwHw – Horsetail – Lady fern",NA,NA
"3043","ICHmw2/114","CwSxw – Skunk cabbage",NA,NA
"3044","ICHmw2/Fl01","Mountain alder – Common horsetail","Fl","low fluvial bench"
"3045","ICHmw2/Fl02","Mountain alder – Red-osier dogwood – Lady fern","Fl","low fluvial bench"
"3046","ICHmw2/Fl04","Sitka willow – Red-osier dogwood – Horsetail","Fl","low fluvial bench"
"3047","ICHmw2/Fl06","Sandbar willow – Scouring-rush","Fl","low fluvial bench"
"3048","ICHmw2/Fm01","Cottonwood – Snowberry – Rose","Fm","mid fluvial bench"
"3049","ICHmw2/Fm02","Cottonwood – Spruce – Dogwood","Fm","mid fluvial bench"
"3050","ICHmw2/Fm04","Cottonwood – Redcedar – Dogwood – Lady fern","Fm","mid fluvial bench"
"3051","ICHmw2/Gb03","Ninebark – Oceanspray – Bluebunch wheatgrass","Gb","brushland"
"3052","ICHmw2/Gg11","Idaho fescue – Bluebunch wheatgrass – Junegrass","Gg","grassland "
"3053","ICHmw2/Ro05","Juniper – Kinnikinnick – Penstemon","Ro","rocky outcrop"
"3054","ICHmw2/Ro05.1","Juniper – Kinnikinnick – Penstemon","Ro","rocky outcrop"
"3055","ICHmw2/Ro09","Saskatoon – Rock moss – Clad lichen","Ro","rocky outcrop"
"3056","ICHmw2/Ro09.1","Saskatoon – Rock moss – Clad lichen","Ro","rocky outcrop"
"3057","ICHmw2/Ro09.2","Saskatoon – Poverty oatgrass – Rock moss – Clad lichen","Ro","rocky outcrop"
"3058","ICHmw2/Ro10","Huckleberry – Rock moss – Haircap moss","Ro","rocky outcrop"
"3059","ICHmw2/Rt01","Rocktripe – Green map","Rt","talus"
"3060","ICHmw2/Rt02","Rock moss – Clad lichen","Rt","talus"
"3061","ICHmw2/Rt03","Raspberry – Feather moss – Clad lichen","Rt","talus"
"3062","ICHmw2/Vh01","Cow parsnip – Fireweed – Nettle","Vh","avalanche herb"
"3063","ICHmw2/Vh01.1","Cow parsnip – Fireweed – Nettle","Vh","avalanche herb"
"3064","ICHmw2/Vh01.2","Cow parsnip – Fireweed – Bluejoint","Vh","avalanche herb"
"3065","ICHmw2/Vh03","Lady fern – Hellebore – Valerian","Vh","avalanche herb"
"3066","ICHmw2/Vh11","Fireweed – Yarrow – Strawberry","Vh","avalanche herb"
"3067","ICHmw2/Vs01","Sitka alder – Lady fern","Vs","avalanche shrub"
"3068","ICHmw2/Vs01.1","Sitka alder – Lady fern","Vs","avalanche shrub"
"3069","ICHmw2/Vs01.2","Sitka alder – Spiny wood fern","Vs","avalanche shrub"
"3070","ICHmw2/Vs02","Sitka alder – Solomon's-seal","Vs","avalanche shrub"
"3071","ICHmw2/Vs04","Sitka alder – Devil's club – Oak fern","Vs","avalanche shrub"
"3072","ICHmw2/Vs10","Willow – Cow parsnip – Fireweed","Vs","avalanche shrub"
"3073","ICHmw2/Vs10.1","Sitka willow – Cow parsnip – Fireweed","Vs","avalanche shrub"
"3074","ICHmw2/Vs10.2","Barclay's willow – Cow parsnip – Fireweed","Vs","avalanche shrub"
"3075","ICHmw2/Vs11","Thimbleberry – Cow parsnip – Fireweed","Vs","avalanche shrub"
"3076","ICHmw2/Vs12","Huckleberry – Rhododendron – Fireweed","Vs","avalanche shrub"
"3077","ICHmw2/Vs14","Saskatoon – Snowberry – Strawberry","Vs","avalanche shrub"
"3078","ICHmw2/Wf01","Water sedge – Beaked sedge","Wf","wetland fen"
"3079","ICHmw2/Wf05","Slender sedge – Common hook moss","Wf","wetland fen"
"3080","ICHmw2/Wm01","Beaked sedge – Water sedge","Wm","wetland marsh"
"3081","ICHmw2/Wm02","Water horsetail – Beaked sedge","Wm","wetland marsh"
"3082","ICHmw2/Wm04","Common spikerush","Wm","wetland marsh"
"3083","ICHmw2/Wm05","Cattail","Wm","wetland marsh"
"3084","ICHmw2/Wm06","Soft-stemmed bulrush","Wm","wetland marsh"
"3085","ICHmw2/Wm09","Inflated sedge","Wm","wetland marsh"
"3086","ICHmw2/Wm15","Bluejoint – Water sedge","Wm","wetland marsh"
"3087","ICHmw2/Ws01","Mountain alder – Skunk cabbage – Lady fern","Ws","wetland swamp"
"3088","ICHmw2/Ws02","Mountain alder – Pink spirea – Sitka sedge","Ws","wetland swamp"
"3089","ICHmw2/Ws06","Sitka willow – Sitka sedge","Ws","wetland swamp"
"3090","ICHmw2/Ws10","CwSxw – Skunk cabbage","Ws","wetland swamp"
"3091","ICHmw3/01","HwCw – Falsebox – Feather moss",NA,NA
"3092","ICHmw3/01$YC","HwCw – Feather moss",NA,NA
"3093","ICHmw3/02","Fd – Juniper – Cladina",NA,NA
"3094","ICHmw3/03","Fd – Pinegrass – Feather moss",NA,NA
"3095","ICHmw3/04","CwFd – Soopolallie – Twinflower",NA,NA
"3096","ICHmw3/05","CwFd – Falsebox",NA,NA
"3097","ICHmw3/06","CwHw – Oak fern",NA,NA
"3098","ICHmw3/07","CwHw – Devil's club – Lady fern","Fh","high fluvial bench"
"3099","ICHmw3/08","CwSxw – Skunk cabbage",NA,NA
"3100","ICHmw3/09","Sedge – Sphagnum",NA,NA
"3101","ICHmw3/10","Sb – Buckbean – Peat moss",NA,NA
"3102","ICHmw3/Wf05","Slender sedge – Common hook moss","Wf","wetland fen"
"3103","ICHmw3/Wf11","Tufted clubrush – Star moss","Wf","wetland fen"
"3104","ICHmw3/Wm02","Water horsetail – Beaked sedge","Wm","wetland marsh"
"3105","ICHmw3/Wm09","Inflated sedge","Wm","wetland marsh"
"3106","ICHmw4/101","HwCw – Falsebox",NA,NA
"3107","ICHmw4/102","FdPl – Juniper – Kinnikinnick",NA,NA
"3108","ICHmw4/103","Fd – Douglas' maple – Falsebox",NA,NA
"3109","ICHmw4/104","FdCw – Falsebox – Prince's pine",NA,NA
"3110","ICHmw4/104.1","FdCw – Falsebox – Prince's pine",NA,NA
"3111","ICHmw4/104.2","FdCw – Falsebox – Bear-grass",NA,NA
"3112","ICHmw4/110","CwHw – Oak fern",NA,NA
"3113","ICHmw4/111","Sxw(Hw) – Huckleberry – Oak fern","FR","frost"
"3114","ICHmw4/112","CwHw – Devil's club – Lady fern",NA,NA
"3115","ICHmw4/113","SxwBl – Devil's club – Lady fern","FR","frost"
"3116","ICHmw4/114","SxwCw – Horsetail – Lady fern",NA,NA
"3117","ICHmw4/Fl01","Mountain alder – Common horsetail","Fl","low fluvial bench"
"3118","ICHmw4/Fl02","Mountain alder – Red-osier dogwood – Lady fern","Fl","low fluvial bench"
"3119","ICHmw4/Fl04","Sitka willow – Red-osier dogwood – Horsetail","Fl","low fluvial bench"
"3120","ICHmw4/Fm01","Cottonwood – Snowberry – Rose","Fm","mid fluvial bench"
"3121","ICHmw4/Fm02","Cottonwood – Spruce – Dogwood","Fm","mid fluvial bench"
"3122","ICHmw4/Fm04","Cottonwood – Redcedar – Dogwood – Lady fern","Fm","mid fluvial bench"
"3123","ICHmw4/Gb03","Ninebark – Oceanspray – Bluebunch wheatgrass","Gb","brushland"
"3124","ICHmw4/Gg11","Idaho fescue – Bluebunch wheatgrass – Junegrass","Gg","grassland "
"3125","ICHmw4/Ro05","Juniper – Kinnikinnick – Penstemon","Ro","rocky outcrop"
"3126","ICHmw4/Ro05.1","Juniper – Kinnikinnick – Penstemon","Ro","rocky outcrop"
"3127","ICHmw4/Ro09","Saskatoon – Rock moss – Clad lichen","Ro","rocky outcrop"
"3128","ICHmw4/Ro09.1","Saskatoon – Rock moss – Clad lichen","Ro","rocky outcrop"
"3129","ICHmw4/Ro09.2","Saskatoon – Poverty oatgrass – Rock moss – Clad lichen","Ro","rocky outcrop"
"3130","ICHmw4/Ro10","Huckleberry – Rock moss – Haircap moss","Ro","rocky outcrop"
"3131","ICHmw4/Rt01","Rocktripe – Green map","Rt","talus"
"3132","ICHmw4/Rt02","Rock moss – Clad lichen","Rt","talus"
"3133","ICHmw4/Rt03","Raspberry – Feather moss – Clad lichen","Rt","talus"
"3134","ICHmw4/Vh01","Cow parsnip – Fireweed – Nettle","Vh","avalanche herb"
"3135","ICHmw4/Vh01.1","Cow parsnip – Fireweed – Nettle","Vh","avalanche herb"
"3136","ICHmw4/Vh01.2","Cow parsnip – Fireweed – Bluejoint","Vh","avalanche herb"
"3137","ICHmw4/Vh03","Lady fern – Hellebore – Valerian","Vh","avalanche herb"
"3138","ICHmw4/Vh10","Fireweed – Grouseberry","Vh","avalanche herb"
"3139","ICHmw4/Vh11","Fireweed – Yarrow – Strawberry","Vh","avalanche herb"
"3140","ICHmw4/Vs01","Sitka alder – Lady fern","Vs","avalanche shrub"
"3141","ICHmw4/Vs01.1","Sitka alder – Lady fern","Vs","avalanche shrub"
"3142","ICHmw4/Vs01.2","Sitka alder – Spiny wood fern","Vs","avalanche shrub"
"3143","ICHmw4/Vs02","Sitka alder – Solomon's-seal","Vs","avalanche shrub"
"3144","ICHmw4/Vs04","Sitka alder – Devil's club – Oak fern","Vs","avalanche shrub"
"3145","ICHmw4/Vs10","Willow – Cow parsnip – Fireweed","Vs","avalanche shrub"
"3146","ICHmw4/Vs10.1","Sitka willow – Cow parsnip – Fireweed","Vs","avalanche shrub"
"3147","ICHmw4/Vs10.2","Barclay's willow – Cow parsnip – Fireweed","Vs","avalanche shrub"
"3148","ICHmw4/Vs11","Thimbleberry – Cow parsnip – Fireweed","Vs","avalanche shrub"
"3149","ICHmw4/Vs13","Huckleberry – Bear-grass – Fireweed","Vs","avalanche shrub"
"3150","ICHmw4/Vs14","Saskatoon – Snowberry – Strawberry","Vs","avalanche shrub"
"3151","ICHmw4/Wf01","Water sedge – Beaked sedge","Wf","wetland fen"
"3152","ICHmw4/Wf05","Slender sedge – Common hook moss","Wf","wetland fen"
"3153","ICHmw4/Wm01","Beaked sedge – Water sedge","Wm","wetland marsh"
"3154","ICHmw4/Wm02","Water horsetail – Beaked sedge","Wm","wetland marsh"
"3155","ICHmw4/Wm04","Common spikerush","Wm","wetland marsh"
"3156","ICHmw4/Wm05","Cattail","Wm","wetland marsh"
"3157","ICHmw4/Wm15","Bluejoint – Water sedge","Wm","wetland marsh"
"3158","ICHmw4/Ws01","Mountain alder – Skunk cabbage – Lady fern","Ws","wetland swamp"
"3159","ICHmw4/Ws06","Sitka willow – Sitka sedge","Ws","wetland swamp"
"3160","ICHmw4/Ws10","CwSxw – Skunk cabbage","Ws","wetland swamp"
"3161","ICHmw5/101","HwCw – Falsebox",NA,NA
"3162","ICHmw5/102","FdPl – Juniper – Kinnikinnick",NA,NA
"3163","ICHmw5/103","Fd – Douglas' maple – Falsebox",NA,NA
"3164","ICHmw5/104","FdCw – Falsebox – Prince's pine",NA,NA
"3165","ICHmw5/110","CwHw – Oak fern",NA,NA
"3166","ICHmw5/111","CwHw – Devil's club – Lady fern",NA,NA
"3167","ICHmw5/111.1","CwHw – Devil's club – Lady fern",NA,NA
"3168","ICHmw5/111.2","CwHw – Lady fern – Oak fern",NA,NA
"3169","ICHmw5/112","Sxw(Hw) – Huckleberry – Oak fern",NA,NA
"3170","ICHmw5/113","CwSxw – Skunk cabbage",NA,NA
"3171","ICHmw5/Ff01","Water birch – Red-osier dogwood – Rose","Ff","fringe fluvial "
"3172","ICHmw5/Ff01a","Water birch – Red-osier dogwood – Rose; Fringe phase","Ff","fringe fluvial "
"3173","ICHmw5/Fl01","Mountain alder – Common horsetail","Fl","low fluvial bench"
"3174","ICHmw5/Fl02","Mountain alder – Red-osier dogwood – Lady fern","Fl","low fluvial bench"
"3175","ICHmw5/Fl04","Sitka willow – Red-osier dogwood – Horsetail","Fl","low fluvial bench"
"3176","ICHmw5/Fl05","Drummond's willow – Bluejoint","Fl","low fluvial bench"
"3177","ICHmw5/Fm01","Cottonwood – Snowberry – Rose","Fm","mid fluvial bench"
"3178","ICHmw5/Fm02","Cottonwood – Spruce – Dogwood","Fm","mid fluvial bench"
"3179","ICHmw5/Fm04","Cottonwood – Redcedar – Dogwood – Lady fern","Fm","mid fluvial bench"
"3180","ICHmw5/Gg11","Idaho fescue – Bluebunch wheatgrass – Junegrass","Gg","grassland "
"3181","ICHmw5/Gg11$2.1","Bluebunch wheatgrass – Junegrass – Sandberg's bluegrass","Gg","grassland "
"3182","ICHmw5/Gg11$2.4","Needle-and-thread grass – Cheatgrass","Gg","grassland "
"3183","ICHmw5/Ro05","Juniper – Kinnikinnick – Penstemon","Ro","rocky outcrop"
"3184","ICHmw5/Ro05.1","Juniper – Kinnikinnick – Penstemon","Ro","rocky outcrop"
"3185","ICHmw5/Ro09","Saskatoon – Rock moss – Clad lichen","Ro","rocky outcrop"
"3186","ICHmw5/Ro09.1","Saskatoon – Rock moss – Clad lichen","Ro","rocky outcrop"
"3187","ICHmw5/Ro09.2","Saskatoon – Poverty oatgrass – Rock moss – Clad lichen","Ro","rocky outcrop"
"3188","ICHmw5/Ro10","Huckleberry – Rock moss – Haircap moss","Ro","rocky outcrop"
"3189","ICHmw5/Rt01","Rocktripe – Green map","Rt","talus"
"3190","ICHmw5/Rt02","Rock moss – Clad lichen","Rt","talus"
"3191","ICHmw5/Rt03","Raspberry – Feather moss – Clad lichen","Rt","talus"
"3192","ICHmw5/Rt07","Aspen – Juniper – Rocktripe","Rt","talus"
"3193","ICHmw5/Rt07.1","Juniper – Rocktripe","Rt","talus"
"3194","ICHmw5/Rt07.2","Aspen – Juniper – Rocktripe; Juniper variation","Rt","talus"
"3195","ICHmw5/Rt08","Aspen – Douglas' maple – Saskatoon","Rt","talus"
"3196","ICHmw5/Vh01","Cow parsnip – Fireweed – Nettle","Vh","avalanche herb"
"3197","ICHmw5/Vh01.1","Cow parsnip – Fireweed – Nettle","Vh","avalanche herb"
"3198","ICHmw5/Vh01.2","Cow parsnip – Fireweed – Bluejoint","Vh","avalanche herb"
"3199","ICHmw5/Vh03","Lady fern – Hellebore – Valerian","Vh","avalanche herb"
"3200","ICHmw5/Vh10","Fireweed – Grouseberry","Vh","avalanche herb"
"3201","ICHmw5/Vh11","Fireweed – Yarrow – Strawberry","Vh","avalanche herb"
"3202","ICHmw5/Vs01","Sitka alder – Lady fern","Vs","avalanche shrub"
"3203","ICHmw5/Vs01.1","Sitka alder – Lady fern","Vs","avalanche shrub"
"3204","ICHmw5/Vs01.2","Sitka alder – Spiny wood fern","Vs","avalanche shrub"
"3205","ICHmw5/Vs02","Sitka alder – Solomon's-seal","Vs","avalanche shrub"
"3206","ICHmw5/Vs04","Sitka alder – Devil's club – Oak fern","Vs","avalanche shrub"
"3207","ICHmw5/Vs10","Willow – Cow parsnip – Fireweed","Vs","avalanche shrub"
"3208","ICHmw5/Vs10.1","Sitka willow – Cow parsnip – Fireweed","Vs","avalanche shrub"
"3209","ICHmw5/Vs10.2","Barclay's willow – Cow parsnip – Fireweed","Vs","avalanche shrub"
"3210","ICHmw5/Vs11","Thimbleberry – Cow parsnip – Fireweed","Vs","avalanche shrub"
"3211","ICHmw5/Vs12","Huckleberry – Rhododendron – Fireweed","Vs","avalanche shrub"
"3212","ICHmw5/Vs14","Saskatoon – Snowberry – Strawberry","Vs","avalanche shrub"
"3213","ICHmw5/Wb16","Sxw – Trapper's tea – Peat moss","Wb","wetland bog "
"3214","ICHmw5/Wf01","Water sedge – Beaked sedge","Wf","wetland fen"
"3215","ICHmw5/Wf04","Barclay's willow – Water sedge – Glow moss","Wf","wetland fen"
"3216","ICHmw5/Wf05","Slender sedge – Common hook moss","Wf","wetland fen"
"3217","ICHmw5/Wf11","Tufted clubrush – Star moss","Wf","wetland fen"
"3218","ICHmw5/Wm01","Beaked sedge – Water sedge","Wm","wetland marsh"
"3219","ICHmw5/Wm02","Water horsetail – Beaked sedge","Wm","wetland marsh"
"3220","ICHmw5/Wm04","Common spikerush","Wm","wetland marsh"
"3221","ICHmw5/Wm05","Cattail","Wm","wetland marsh"
"3222","ICHmw5/Wm06","Soft-stemmed bulrush","Wm","wetland marsh"
"3223","ICHmw5/Wm09","Inflated sedge","Wm","wetland marsh"
"3224","ICHmw5/Wm15","Bluejoint – Water sedge","Wm","wetland marsh"
"3225","ICHmw5/Ws01","Mountain alder – Skunk cabbage – Lady fern","Ws","wetland swamp"
"3226","ICHmw5/Ws02","Mountain alder – Pink spirea – Sitka sedge","Ws","wetland swamp"
"3227","ICHmw5/Ws04","Drummond's willow – Beaked sedge","Ws","wetland swamp"
"3228","ICHmw5/Ws06","Sitka willow – Sitka sedge","Ws","wetland swamp"
"3229","ICHmw5/Ws07","Sxw – Horsetail – Leafy moss","Ws","wetland swamp"
"3230","ICHmw5/Ws07.1","Sxw – Horsetail – Leafy moss; Typic variation","Ws","wetland swamp"
"3231","ICHmw5/Ws07.2","Sxw – Horsetail – Leafy moss; Soft-leaved sedge variation","Ws","wetland swamp"
"3232","ICHmw5/Ws10","CwSxw – Skunk cabbage","Ws","wetland swamp"
"3233","ICHvc/01","HwBl – Devil's club",NA,NA
"3234","ICHvc/01.1","HwBl – Devil's club; Hw variation",NA,NA
"3235","ICHvc/01.2","HwBl – Devil's club; Bl variation",NA,NA
"3236","ICHvc/02","Hw – Step moss",NA,NA
"3237","ICHvc/02.1","Hw – Step moss; Hw variation",NA,NA
"3238","ICHvc/02.2","Hw – Step moss; Bl variation",NA,NA
"3239","ICHvc/03","Sx – Devil's club","CA","cold aspects - cold air"
"3240","ICHvc/03a","Sx – Devil's club; Fluvial",NA,NA
"3241","ICHvc/03b","Sx – Devil's club; Morainal",NA,NA
"3242","ICHvc/04","Sx – Devil's club – Dogwood","Fh","high fluvial bench"
"3243","ICHvc/05","ActSx – Dogwood","Fm","mid fluvial bench"
"3244","ICHvc/06","Sx – Horsetail","CA","cold aspects - cold air"
"3245","ICHvc/07","Hw – Cloudberry – Peat moss",NA,NA
"3246","ICHvc/51","Sitka alder – Devil's club",NA,NA
"3247","ICHvc/52","Mountain alder – Lady fern",NA,NA
"3248","ICHvc/Fl01","Mountain alder – Common horsetail","Fl","low fluvial bench"
"3249","ICHvc/Wb13","Shore sedge – Buckbean – Peat moss","Wb","wetland bog "
"3250","ICHvc/Wf01","Water sedge – Beaked sedge","Wf","wetland fen"
"3251","ICHvc/Wf51","Sitka sedge – Peat mosses","Wf","wetland fen"
"3252","ICHvc/Wm09","Inflated sedge","Wm","wetland marsh"
"3253","ICHvc/Ws02","Mountain alder – Pink spirea – Sitka sedge","Ws","wetland swamp"
"3254","ICHvc/Ws04","Drummond's willow – Beaked sedge","Ws","wetland swamp"
"3255","ICHvk1/01","CwHw – Devil's club – Lady fern",NA,NA
"3256","ICHvk1/02","HwCw – Falsebox – Feather moss",NA,NA
"3257","ICHvk1/03","HwCw – Falsebox – Feather moss",NA,NA
"3258","ICHvk1/04","CwHw – Oak fern – Spiny wood fern",NA,NA
"3259","ICHvk1/05","CwSxw – Devil's club – Horsetail",NA,NA
"3260","ICHvk1/06","CwSxw – Skunk cabbage",NA,NA
"3261","ICHvk1/Fl01","Mountain alder – Common horsetail","Fl","low fluvial bench"
"3262","ICHvk1/Wf05","Slender sedge – Common hook moss","Wf","wetland fen"
"3263","ICHvk1/Wf11","Tufted clubrush – Star moss","Wf","wetland fen"
"3264","ICHvk1/Ws06","Sitka willow – Sitka sedge","Ws","wetland swamp"
"3265","ICHvk2/01","CwHw – Devil's club – Lady fern",NA,NA
"3266","ICHvk2/02","HwCw – Cladonia",NA,NA
"3267","ICHvk2/03","HwCw – Step moss",NA,NA
"3268","ICHvk2/04","CwHw – Oak fern",NA,NA
"3269","ICHvk2/05","Cw – Devil's club – Ostrich fern","Fh","high fluvial bench"
"3270","ICHvk2/06","CwSxw – Skunk cabbage",NA,NA
"3271","ICHvk2/07","Sb – Sphagnum","CA","cold aspects - cold air"
"3272","ICHvk2/08","Pl – Bog-rosemary – Peat moss",NA,NA
"3273","ICHvk2/09","Sb – Buckbean – Peat moss",NA,NA
"3274","ICHvk2/10","Sb – Skunk cabbage – Peat moss",NA,NA
"3275","ICHvk2/Wf02","Scrub birch – Water sedge","Wf","wetland fen"
"3276","ICHvk2/Ws01","Mountain alder – Skunk cabbage – Lady fern","Ws","wetland swamp"
"3277","ICHwc/01","HwBl – Oak fern",NA,NA
"3278","ICHwc/02","HwPl – Feather moss – Cladonia",NA,NA
"3279","ICHwc/03","Hw – Step moss",NA,NA
"3280","ICHwc/04","HwBl – Devil's club",NA,NA
"3281","ICHwc/05","Sx – Devil's club","FR","frost"
"3282","ICHwc/06","ActSx – Dogwood","Fm","mid fluvial bench"
"3283","ICHwc/07","HwSx – Blueberry – Sphagnum","CA","cold aspects - cold air"
"3284","ICHwc/08","Sx – Horsetail",NA,NA
"3285","ICHwc/09","Hw – Cloudberry – Peat moss",NA,NA
"3286","ICHwc/10","Pl – Water sedge – Peat mosses",NA,NA
"3287","ICHwc/51","Sitka alder – Devil's club",NA,NA
"3288","ICHwc/52","Mountain alder – Lady fern",NA,NA
"3289","ICHwc/Wf01","Water sedge – Beaked sedge","Wf","wetland fen"
"3290","ICHwc/Wf51","Sitka sedge – Peat mosses","Wf","wetland fen"
"3291","ICHwk1/01","CwHw – Oak fern",NA,NA
"3292","ICHwk1/02","Racomitrium – Cladonia",NA,NA
"3293","ICHwk1/03","PlHw – Velvet-leaved blueberry",NA,NA
"3294","ICHwk1/04","HwCw – Falsebox – Feather moss",NA,NA
"3295","ICHwk1/05","CwHw – Devil's club – Lady fern",NA,NA
"3296","ICHwk1/06","CwSxw – Devil's club – Horsetail","Fh","high fluvial bench"
"3297","ICHwk1/07","CwSxw – Skunk cabbage",NA,NA
"3298","ICHwk1/08","Sedge – Sphagnum",NA,NA
"3299","ICHwk1/09","Sedge – Sphagnum",NA,NA
"3300","ICHwk1/Fl02","Mountain alder – Red-osier dogwood – Lady fern","Fl","low fluvial bench"
"3301","ICHwk1/Wf05","Slender sedge – Common hook moss","Wf","wetland fen"
"3302","ICHwk1/Wf06","Slender sedge – Buckbean","Wf","wetland fen"
"3303","ICHwk1/Wm01","Beaked sedge – Water sedge","Wm","wetland marsh"
"3304","ICHwk1/Wm06","Soft-stemmed bulrush","Wm","wetland marsh"
"3305","ICHwk1/Wm09","Inflated sedge","Wm","wetland marsh"
"3306","ICHwk1/Wm51","Three-way marsh-sedge","Wm","wetland marsh"
"3307","ICHwk1/Ws02","Mountain alder – Pink spirea – Sitka sedge","Ws","wetland swamp"
"3308","ICHwk2/01","CwHw – Oak fern",NA,NA
"3309","ICHwk2/01a","CwHw – Oak fern; Typic",NA,NA
"3310","ICHwk2/01b","CwHw – Oak fern; Moist",NA,NA
"3311","ICHwk2/02","HwCw – Cladonia",NA,NA
"3312","ICHwk2/03","CwFd – Juniper – Falsebox",NA,NA
"3313","ICHwk2/04","HwCw – Step moss",NA,NA
"3314","ICHwk2/05","SxwCw – Oak fern","FR","frost"
"3315","ICHwk2/06","Sxw – Twinberry – Oak fern","FR","frost"
"3316","ICHwk2/07","CwHw – Devil's club – Lady fern",NA,NA
"3317","ICHwk2/08","CwSxw – Skunk cabbage",NA,NA
"3318","ICHwk2/09","Pl – Water sedge – Peat mosses",NA,NA
"3319","ICHwk2/10","Pl – Few-flowered sedge – Peat moss",NA,NA
"3320","ICHwk2/Wb13","Shore sedge – Buckbean – Peat moss","Wb","wetland bog "
"3321","ICHwk2/Wf02","Scrub birch – Water sedge","Wf","wetland fen"
"3322","ICHwk2/Wf05","Slender sedge – Common hook moss","Wf","wetland fen"
"3323","ICHwk2/Wm01","Beaked sedge – Water sedge","Wm","wetland marsh"
"3324","ICHwk3/01","CwHw – Oak fern",NA,NA
"3325","ICHwk3/02","Hw – Azalea – Cladonia",NA,NA
"3326","ICHwk3/03","CwSxw – Prince's pine – Cat's-tail moss",NA,NA
"3327","ICHwk3/04","HwCw – Step moss",NA,NA
"3328","ICHwk3/05","CwHw – Devil's club – Lady fern",NA,NA
"3329","ICHwk3/06","CwSxw – Devil's club – Horsetail",NA,NA
"3330","ICHwk3/07","Hw – Wood horsetail – Sphagnum",NA,NA
"3331","ICHwk3/08","PlSb – Sedge – Sphagnum",NA,NA
"3332","ICHwk3/09","CwSxw – Skunk cabbage",NA,NA
"3333","ICHwk3/10","Pl – Bog-rosemary – Peat moss",NA,NA
"3334","ICHwk3/11","Sb – Buckbean – Peat moss",NA,NA
"3335","ICHwk3/Wf02","Scrub birch – Water sedge","Wf","wetland fen"
"3336","ICHwk4/01","CwHw – Oak fern",NA,NA
"3337","ICHwk4/01a","CwHw – Oak fern; Typic",NA,NA
"3338","ICHwk4/01b","CwHw – Oak fern; Moist",NA,NA
"3339","ICHwk4/02","HwCw – Cladonia",NA,NA
"3340","ICHwk4/03","CwSxw – Soopolallie",NA,NA
"3341","ICHwk4/04","CwSxw – Velvet-leaved blueberry","CA","cold aspects - cold air"
"3342","ICHwk4/05","HwCw – Step moss",NA,NA
"3343","ICHwk4/06","Sxw – Twinberry – Oak fern","FR","frost"
"3344","ICHwk4/07","CwHw – Devil's club – Lady fern",NA,NA
"3345","ICHwk4/08","Sxw – Devil's club – Lady fern","FR","frost"
"3346","ICHwk4/09","Labrador tea – Sedge – Sphagnum",NA,NA
"3347","ICHwk4/10","ActSxw – Red-osier dogwood","Fm","mid fluvial bench"
"3348","ICHwk4/Fl02","Mountain alder – Red-osier dogwood – Lady fern","Fl","low fluvial bench"
"3349","ICHwk4/Wf02","Scrub birch – Water sedge","Wf","wetland fen"
"3350","ICHwk4/Wm02","Water horsetail – Beaked sedge","Wm","wetland marsh"
"3351","ICHwk4/Wm09","Inflated sedge","Wm","wetland marsh"
"3352","ICHxm1/101","FdCw – Falsebox – Prince's pine",NA,NA
"3353","ICHxm1/102","Py – Juniper – Penstemon – Bluebunch wheatgrass",NA,NA
"3354","ICHxm1/103","FdPy – Oregon-grape – Bluebunch wheatgrass",NA,NA
"3355","ICHxm1/104","Fd – Falsebox – Pinegrass",NA,NA
"3356","ICHxm1/104.1","Fd – Falsebox – Pinegrass",NA,NA
"3357","ICHxm1/104.2","Fd – Oceanspray – Pinegrass",NA,NA
"3358","ICHxm1/110","CwFd – Thimbleberry – Sarsaparilla",NA,NA
"3359","ICHxm1/111","Cw – Devil's club – Baneberry",NA,NA
"3360","ICHxm1/112","CwSxw – Skunk cabbage",NA,NA
"3361","ICHxm1/Ff01","Water birch – Red-osier dogwood – Rose","Ff","fringe fluvial "
"3362","ICHxm1/Ff01a","Water birch – Red-osier dogwood – Rose; Fringe phase","Ff","fringe fluvial "
"3363","ICHxm1/Fl01","Mountain alder – Common horsetail","Fl","low fluvial bench"
"3364","ICHxm1/Fl02","Mountain alder – Red-osier dogwood – Lady fern","Fl","low fluvial bench"
"3365","ICHxm1/Fl04","Sitka willow – Red-osier dogwood – Horsetail","Fl","low fluvial bench"
"3366","ICHxm1/Fl05","Drummond's willow – Bluejoint","Fl","low fluvial bench"
"3367","ICHxm1/Fl06","Sandbar willow – Scouring-rush","Fl","low fluvial bench"
"3368","ICHxm1/Fm01","Cottonwood – Snowberry – Rose","Fm","mid fluvial bench"
"3369","ICHxm1/Fm02","Cottonwood – Spruce – Dogwood","Fm","mid fluvial bench"
"3370","ICHxm1/Fm04","Cottonwood – Redcedar – Dogwood – Lady fern","Fm","mid fluvial bench"
"3371","ICHxm1/Fm05","Cottonwood – Douglas-fir – Douglas' maple – Snowberry","Fm","mid fluvial bench"
"3372","ICHxm1/Gb03","Ninebark – Oceanspray – Bluebunch wheatgrass","Gb","brushland"
"3373","ICHxm1/Gg02","Bluebunch wheatgrass – Balsamroot","Gg","grassland "
"3374","ICHxm1/Gg02$2.3","Needle-and-thread grass – Cheatgrass","Gg","grassland "
"3375","ICHxm1/Gg11","Idaho fescue – Bluebunch wheatgrass – Junegrass","Gg","grassland "
"3376","ICHxm1/Gg11$2.1","Bluebunch wheatgrass – Junegrass – Sandberg's bluegrass","Gg","grassland "
"3377","ICHxm1/Gg11$2.4","Needle-and-thread grass – Cheatgrass","Gg","grassland "
"3378","ICHxm1/Ro01","Selaginella – Bluebunch wheatgrass – Screw moss","Ro","rocky outcrop"
"3379","ICHxm1/Ro01.1","Selaginella – Bluebunch wheatgrass – Screw moss","Ro","rocky outcrop"
"3380","ICHxm1/Ro01.2","Selaginella – Screw moss","Ro","rocky outcrop"
"3381","ICHxm1/Ro05","Juniper – Kinnikinnick – Penstemon","Ro","rocky outcrop"
"3382","ICHxm1/Ro05.1","Juniper – Kinnikinnick – Penstemon","Ro","rocky outcrop"
"3383","ICHxm1/Ro09","Saskatoon – Rock moss – Clad lichen","Ro","rocky outcrop"
"3384","ICHxm1/Ro09.1","Saskatoon – Rock moss – Clad lichen","Ro","rocky outcrop"
"3385","ICHxm1/Ro09.2","Saskatoon – Poverty oatgrass – Rock moss – Clad lichen","Ro","rocky outcrop"
"3386","ICHxm1/Rt02","Rock moss – Clad lichen","Rt","talus"
"3387","ICHxm1/Rt04","Saskatoon – Bluebunch wheatgrass","Rt","talus"
"3388","ICHxm1/Rt06","Saskatoon – Mock-orange – Bluebunch wheatgrass","Rt","talus"
"3389","ICHxm1/Rt07","Aspen – Juniper – Rocktripe","Rt","talus"
"3390","ICHxm1/Rt07.1","Aspen – Juniper – Rocktripe; Aspen variation","Rt","talus"
"3391","ICHxm1/Rt07.2","Juniper – Rocktripe","Rt","talus"
"3392","ICHxm1/Rt08","Aspen – Douglas' maple – Saskatoon","Rt","talus"
"3393","ICHxm1/Wf01","Water sedge – Beaked sedge","Wf","wetland fen"
"3394","ICHxm1/Wf05","Slender sedge – Common hook moss","Wf","wetland fen"
"3395","ICHxm1/Wm01","Beaked sedge – Water sedge","Wm","wetland marsh"
"3396","ICHxm1/Wm02","Water horsetail – Beaked sedge","Wm","wetland marsh"
"3397","ICHxm1/Wm04","Common spikerush","Wm","wetland marsh"
"3398","ICHxm1/Wm05","Cattail","Wm","wetland marsh"
"3399","ICHxm1/Wm06","Soft-stemmed bulrush","Wm","wetland marsh"
"3400","ICHxm1/Wm09","Inflated sedge","Wm","wetland marsh"
"3401","ICHxm1/Wm14","Common reed","Wm","wetland marsh"
"3402","ICHxm1/Ws01","Mountain alder – Skunk cabbage – Lady fern","Ws","wetland swamp"
"3403","ICHxm1/Ws02","Mountain alder – Pink spirea – Sitka sedge","Ws","wetland swamp"
"3404","ICHxm1/Ws04","Drummond's willow – Beaked sedge","Ws","wetland swamp"
"3405","ICHxm1/Ws07","Sxw – Horsetail – Leafy moss","Ws","wetland swamp"
"3406","ICHxm1/Ws07.1","Sxw – Horsetail – Leafy moss; Typic variation","Ws","wetland swamp"
"3407","ICHxm1/Ws07.2","Sxw – Horsetail – Leafy moss; Soft-leaved sedge variation","Ws","wetland swamp"
"3408","ICHxm1/Ws10","CwSxw – Skunk cabbage","Ws","wetland swamp"
"3409","ICHxw/101","CwFd – Hazelnut – Sarsaparilla",NA,NA
"3410","ICHxw/102","FdPy – Oceanspray – Bluebunch wheatgrass",NA,NA
"3411","ICHxw/103","FdPy – Oregon-grape – Pinegrass",NA,NA
"3412","ICHxw/104","Fd(Py) – Douglas' maple – Pinegrass",NA,NA
"3413","ICHxw/110","CwHw – Foamflower",NA,NA
"3414","ICHxw/111","CwHw – Oak fern",NA,NA
"3415","ICHxw/112","CwHw – Horsetail – Lady fern",NA,NA
"3416","ICHxw/113","CwSxw – Skunk cabbage",NA,NA
"3417","ICHxw/Fl06","Sandbar willow – Scouring-rush","Fl","low fluvial bench"
"3418","ICHxw/Fm01","Cottonwood – Snowberry – Rose","Fm","mid fluvial bench"
"3419","ICHxw/Gb03","Ninebark – Oceanspray – Bluebunch wheatgrass","Gb","brushland"
"3420","ICHxw/Gb05","Sumac – Bluebunch wheatgrass","Gb","brushland"
"3421","ICHxw/Gb06","Snowbrush – Poverty oatgrass","Gb","brushland"
"3422","ICHxw/Gg11","Idaho fescue – Bluebunch wheatgrass – Junegrass","Gg","grassland "
"3423","ICHxw/Ro05","Juniper – Kinnikinnick – Penstemon","Ro","rocky outcrop"
"3424","ICHxw/Ro05.1","Juniper – Kinnikinnick – Penstemon","Ro","rocky outcrop"
"3425","ICHxw/Ro09","Saskatoon – Rock moss – Clad lichen","Ro","rocky outcrop"
"3426","ICHxw/Ro09.1","Saskatoon – Rock moss – Clad lichen","Ro","rocky outcrop"
"3427","ICHxw/Ro09.2","Saskatoon – Poverty oatgrass – Rock moss – Clad lichen","Ro","rocky outcrop"
"3428","ICHxw/Rt01","Rocktripe – Green map","Rt","talus"
"3429","ICHxw/Rt02","Rock moss – Clad lichen","Rt","talus"
"3430","ICHxw/Rt03","Raspberry – Feather moss – Clad lichen","Rt","talus"
"3431","ICHxw/Rt06","Saskatoon – Mock-orange – Bluebunch wheatgrass","Rt","talus"
"3432","ICHxw/Rt08","Aspen – Douglas' maple – Saskatoon","Rt","talus"
"3433","ICHxw/Wf01","Water sedge – Beaked sedge","Wf","wetland fen"
"3434","ICHxw/Wf05","Slender sedge – Common hook moss","Wf","wetland fen"
"3435","ICHxw/Wm01","Beaked sedge – Water sedge","Wm","wetland marsh"
"3436","ICHxw/Wm02","Water horsetail – Beaked sedge","Wm","wetland marsh"
"3437","ICHxw/Wm04","Common spikerush","Wm","wetland marsh"
"3438","ICHxw/Wm05","Cattail","Wm","wetland marsh"
"3439","ICHxw/Wm06","Soft-stemmed bulrush","Wm","wetland marsh"
"3440","ICHxw/Wm09","Inflated sedge","Wm","wetland marsh"
"3441","ICHxw/Ws01","Mountain alder – Skunk cabbage – Lady fern","Ws","wetland swamp"
"3442","ICHxw/Ws06","Sitka willow – Sitka sedge","Ws","wetland swamp"
"3443","ICHxw/Ws10","CwSxw – Skunk cabbage","Ws","wetland swamp"
"3444","ICHxwa/101","CwFd – Hazelnut – Sarsaparilla",NA,NA
"3445","ICHxwa/102","FdPy – Oceanspray – Bluebunch wheatgrass",NA,NA
"3446","ICHxwa/103","FdPy – Oregon-grape – Pinegrass",NA,NA
"3447","ICHxwa/104","Fd(Py) – Douglas' maple – Pinegrass",NA,NA
"3448","ICHxwa/110","CwHw – Foamflower",NA,NA
"3449","ICHxwa/111","CwHw – Oak fern",NA,NA
"3450","ICHxwa/112","CwHw – Horsetail – Lady fern",NA,NA
"3451","ICHxwa/113","CwSxw – Skunk cabbage",NA,NA
"3452","ICHxwa/Fl06","Sandbar willow – Scouring-rush","Fl","low fluvial bench"
"3453","ICHxwa/Fm01","Cottonwood – Snowberry – Rose","Fm","mid fluvial bench"
"3454","ICHxwa/Gb03","Ninebark – Oceanspray – Bluebunch wheatgrass","Gb","brushland"
"3455","ICHxwa/Gb05","Sumac – Bluebunch wheatgrass","Gb","brushland"
"3456","ICHxwa/Gb06","Snowbrush – Poverty oatgrass","Gb","brushland"
"3457","ICHxwa/Gg11","Idaho fescue – Bluebunch wheatgrass – Junegrass","Gg","grassland "
"3458","ICHxwa/Ro05","Juniper – Kinnikinnick – Penstemon","Ro","rocky outcrop"
"3459","ICHxwa/Ro05.1","Juniper – Kinnikinnick – Penstemon","Ro","rocky outcrop"
"3460","ICHxwa/Ro09","Saskatoon – Rock moss – Clad lichen","Ro","rocky outcrop"
"3461","ICHxwa/Ro09.1","Saskatoon – Rock moss – Clad lichen","Ro","rocky outcrop"
"3462","ICHxwa/Ro09.2","Saskatoon – Poverty oatgrass – Rock moss – Clad lichen","Ro","rocky outcrop"
"3463","ICHxwa/Rt01","Rocktripe – Green map","Rt","talus"
"3464","ICHxwa/Rt02","Rock moss – Clad lichen","Rt","talus"
"3465","ICHxwa/Rt03","Raspberry – Feather moss – Clad lichen","Rt","talus"
"3466","ICHxwa/Rt06","Saskatoon – Mock-orange – Bluebunch wheatgrass","Rt","talus"
"3467","ICHxwa/Rt08","Aspen – Douglas' maple – Saskatoon","Rt","talus"
"3468","ICHxwa/Wf01","Water sedge – Beaked sedge","Wf","wetland fen"
"3469","ICHxwa/Wf05","Slender sedge – Common hook moss","Wf","wetland fen"
"3470","ICHxwa/Wm01","Beaked sedge – Water sedge","Wm","wetland marsh"
"3471","ICHxwa/Wm02","Water horsetail – Beaked sedge","Wm","wetland marsh"
"3472","ICHxwa/Wm04","Common spikerush","Wm","wetland marsh"
"3473","ICHxwa/Wm05","Cattail","Wm","wetland marsh"
"3474","ICHxwa/Wm06","Soft-stemmed bulrush","Wm","wetland marsh"
"3475","ICHxwa/Wm09","Inflated sedge","Wm","wetland marsh"
"3476","ICHxwa/Ws01","Mountain alder – Skunk cabbage – Lady fern","Ws","wetland swamp"
"3477","ICHxwa/Ws06","Sitka willow – Sitka sedge","Ws","wetland swamp"
"3478","ICHxwa/Ws10","CwSxw – Skunk cabbage","Ws","wetland swamp"
"3479","IDFdh/101","FdLw – Ninebark – Pinegrass",NA,NA
"3480","IDFdh/102","PyFd – Ninebark – Selaginella",NA,NA
"3481","IDFdh/103","PyFd – Snowberry – Bluebunch wheatgrass",NA,NA
"3482","IDFdh/104","FdPy – Snowberry – Pinegrass",NA,NA
"3483","IDFdh/104.1","FdPy – Snowberry – Pinegrass",NA,NA
"3484","IDFdh/104.2","FdPy – Snowberry – Ninebark",NA,NA
"3485","IDFdh/110","Fd(Lw) – Douglas' maple – Sarsaparilla",NA,NA
"3486","IDFdh/111","Sxw – Douglas' maple – Oak fern",NA,NA
"3487","IDFdh/Ff01","Water birch – Red-osier dogwood – Rose","Ff","fringe fluvial "
"3488","IDFdh/Ff01a","Water birch – Red-osier dogwood – Rose; Fringe phase","Ff","fringe fluvial "
"3489","IDFdh/Ff01b","Water birch – Red-osier dogwood – Rose; Grassland draw phase","Ff","fringe fluvial "
"3490","IDFdh/Fl03","Pacific willow – Red-osier dogwood – Horsetail","Fl","low fluvial bench"
"3491","IDFdh/Fl06","Sandbar willow – Scouring-rush","Fl","low fluvial bench"
"3492","IDFdh/Fm01","Cottonwood – Snowberry – Rose","Fm","mid fluvial bench"
"3493","IDFdh/Fm05","Cottonwood – Douglas-fir – Douglas' maple – Snowberry","Fm","mid fluvial bench"
"3494","IDFdh/Ga03","Field sedge","Ga","alkaline meadow"
"3495","IDFdh/Ga03$2","Field sedge","Ga","alkaline meadow"
"3496","IDFdh/Gb03","Ninebark – Oceanspray – Bluebunch wheatgrass","Gb","brushland"
"3497","IDFdh/Gb04","Choke cherry – Snowberry – Bluebunch wheatgrass","Gb","brushland"
"3498","IDFdh/Gg01","Bluebunch wheatgrass – Prairie sagewort – Junegrass","Gg","grassland "
"3499","IDFdh/Gg02","Bluebunch wheatgrass – Balsamroot","Gg","grassland "
"3500","IDFdh/Gg02$2.3","Needle-and-thread grass – Cheatgrass","Gg","grassland "
"3501","IDFdh/Gg10","Rough fescue – Bluebunch wheatgrass","Gg","grassland "
"3502","IDFdh/Gg11","Idaho fescue – Bluebunch wheatgrass – Junegrass","Gg","grassland "
"3503","IDFdh/Gg11$2.1","Bluebunch wheatgrass – Junegrass – Sandberg's bluegrass","Gg","grassland "
"3504","IDFdh/Gg11$2.4","Needle-and-thread grass – Cheatgrass","Gg","grassland "
"3505","IDFdh/Gg13","Idaho fescue – Silky lupine","Gg","grassland "
"3506","IDFdh/Gg13$2.2","Bluebunch wheatgrass – Junegrass – Sandberg's bluegrass","Gg","grassland "
"3507","IDFdh/Gg13$2.3","Needle-and-thread grass – Yellow salsify","Gg","grassland "
"3508","IDFdh/Gg13$2.5","Cheatgrass – Columbia needlegrass","Gg","grassland "
"3509","IDFdh/Gg26","Red three-awn – Needle-and-thread grass","Gg","grassland "
"3510","IDFdh/Ro01","Selaginella – Bluebunch wheatgrass – Screw moss","Ro","rocky outcrop"
"3511","IDFdh/Ro01.1","Selaginella – Bluebunch wheatgrass – Screw moss","Ro","rocky outcrop"
"3512","IDFdh/Ro01.2","Selaginella – Screw moss","Ro","rocky outcrop"
"3513","IDFdh/Ro04","Big sagebrush – Selaginella – Bluebunch wheatgrass","Ro","rocky outcrop"
"3514","IDFdh/Ro04.1","Big sagebrush – Selaginella – Bluebunch wheatgrass","Ro","rocky outcrop"
"3515","IDFdh/Ro04.2","Rabbit-brush – Big sagebrush – Selaginella – Bluebunch wheatgrass","Ro","rocky outcrop"
"3516","IDFdh/Rt01","Rocktripe – Green map","Rt","talus"
"3517","IDFdh/Rt04","Saskatoon – Bluebunch wheatgrass","Rt","talus"
"3518","IDFdh/Rt06","Saskatoon – Mock-orange – Bluebunch wheatgrass","Rt","talus"
"3519","IDFdh/Wm01","Beaked sedge – Water sedge","Wm","wetland marsh"
"3520","IDFdh/Wm03","Awned sedge","Wm","wetland marsh"
"3521","IDFdh/Wm04","Common spikerush","Wm","wetland marsh"
"3522","IDFdh/Wm05","Cattail","Wm","wetland marsh"
"3523","IDFdh/Wm06","Soft-stemmed bulrush","Wm","wetland marsh"
"3524","IDFdh/Wm07","Baltic rush","Wm","wetland marsh"
"3525","IDFdh/Wm12","Woolly sedge","Wm","wetland marsh"
"3526","IDFdh/Wm14","Common reed","Wm","wetland marsh"
"3527","IDFdk1/101","FdPl – Pinegrass – Feather moss",NA,NA
"3528","IDFdk1/102","Fd – Juniper – Kinnikinnick",NA,NA
"3529","IDFdk1/103","Fd(Py) – Bluebunch wheatgrass – Pinegrass","IN","insolation"
"3530","IDFdk1/104","Fd(Pl) – Pinegrass – Kinnikinnick",NA,NA
"3531","IDFdk1/105","Pl – Pinegrass – Grouseberry – Kinnikinnick","CA","cold aspects - cold air"
"3532","IDFdk1/110","SxwFd – Gooseberry – Feather moss",NA,NA
"3533","IDFdk1/111","Sxw – Dogwood – Horsetail",NA,NA
"3534","IDFdk1/Ff04","Aspen – Snowberry – Roses","Ff","fringe fluvial "
"3535","IDFdk1/Fm02","Cottonwood – Spruce – Dogwood","Fm","mid fluvial bench"
"3536","IDFdk1/Fm05","Cottonwood – Douglas-fir – Douglas' maple – Snowberry","Fm","mid fluvial bench"
"3537","IDFdk1/Ga01","Saltgrass","Ga","alkaline meadow"
"3538","IDFdk1/Ga01.1","Saltgrass","Ga","alkaline meadow"
"3539","IDFdk1/Ga02","Nuttall's alkaligrass – Foxtail barley","Ga","alkaline meadow"
"3540","IDFdk1/Ga02.1","Nuttall's alkaligrass – Foxtail barley","Ga","alkaline meadow"
"3541","IDFdk1/Ga02.2","Foxtail barley – Nuttall's alkaligrass","Ga","alkaline meadow"
"3542","IDFdk1/Ga03","Field sedge","Ga","alkaline meadow"
"3543","IDFdk1/Ga03$2","Field sedge","Ga","alkaline meadow"
"3544","IDFdk1/Gb02","Saskatoon – Snowberry – Bluebunch wheatgrass","Gb","brushland"
"3545","IDFdk1/Gg02","Bluebunch wheatgrass – Balsamroot","Gg","grassland "
"3546","IDFdk1/Gg02$2.3","Needle-and-thread grass – Cheatgrass","Gg","grassland "
"3547","IDFdk1/Gg10$2.1","Bluebunch wheatgrass – Junegrass – Sandberg's bluegrass","Gg","grassland "
"3548","IDFdk1/Gg11","Idaho fescue – Bluebunch wheatgrass – Junegrass","Gg","grassland "
"3549","IDFdk1/Gg12","Rough fescue – Yarrow – Three-flowered avens","Gg","grassland "
"3550","IDFdk1/Gg12$2.1","Rough fescue – Bluebunch wheatgrass – Yellow salsify","Gg","grassland "
"3551","IDFdk1/Gg12$2.2","Spreading needlegrass – Rough fescue – Kentucky bluegrass","Gg","grassland "
"3552","IDFdk1/Gg12$2.3","Spreading needlegrass – Columbia needlegrass","Gg","grassland "
"3553","IDFdk1/Gg12$2.5","Kentucky bluegrass – Yarrow","Gg","grassland "
"3554","IDFdk1/Gg12.1","Rough fescue – Yarrow – Three-flowered avens","Gg","grassland "
"3555","IDFdk1/Gg13","Idaho fescue – Silky lupine","Gg","grassland "
"3556","IDFdk1/Gg13$2.1","Spreading needlegrass – Idaho fescue – Pinegrass","Gg","grassland "
"3557","IDFdk1/Ro01","Selaginella – Bluebunch wheatgrass – Screw moss","Ro","rocky outcrop"
"3558","IDFdk1/Ro01.1","Selaginella – Bluebunch wheatgrass – Screw moss","Ro","rocky outcrop"
"3559","IDFdk1/Ro01.2","Selaginella – Screw moss","Ro","rocky outcrop"
"3560","IDFdk1/Ro04","Big sagebrush – Selaginella – Bluebunch wheatgrass","Ro","rocky outcrop"
"3561","IDFdk1/Ro04.1","Big sagebrush – Selaginella – Bluebunch wheatgrass","Ro","rocky outcrop"
"3562","IDFdk1/Ro05","Juniper – Kinnikinnick – Penstemon","Ro","rocky outcrop"
"3563","IDFdk1/Ro05.1","Juniper – Kinnikinnick – Penstemon","Ro","rocky outcrop"
"3564","IDFdk1/Ro05.2","Juniper – Kinnikinnick – Penstemon – Screw moss","Ro","rocky outcrop"
"3565","IDFdk1/Rt01","Rocktripe – Green map","Rt","talus"
"3566","IDFdk1/Rt07","Aspen – Juniper – Rocktripe","Rt","talus"
"3567","IDFdk1/Rt07.1","Aspen – Juniper – Rocktripe; Aspen variation","Rt","talus"
"3568","IDFdk1/Rt07.2","Juniper – Rocktripe","Rt","talus"
"3569","IDFdk1/Wf01","Water sedge – Beaked sedge","Wf","wetland fen"
"3570","IDFdk1/Wf06","Slender sedge – Buckbean","Wf","wetland fen"
"3571","IDFdk1/Wf08","Shore sedge – Buckbean – Hook moss","Wf","wetland fen"
"3572","IDFdk1/Wm02","Water horsetail – Beaked sedge","Wm","wetland marsh"
"3573","IDFdk1/Wm05","Cattail","Wm","wetland marsh"
"3574","IDFdk1/Wm07","Baltic rush","Wm","wetland marsh"
"3575","IDFdk1/Wm08","Three-square bulrush","Wm","wetland marsh"
"3576","IDFdk1/Wm11","Seacoast bulrush","Wm","wetland marsh"
"3577","IDFdk1/Ws03","Bebb's willow – Bluejoint","Ws","wetland swamp"
"3578","IDFdk1/Ws04","Drummond's willow – Beaked sedge","Ws","wetland swamp"
"3579","IDFdk1/Ws07","Sxw – Horsetail – Leafy moss","Ws","wetland swamp"
"3580","IDFdk1/Ws07.1","Sxw – Horsetail – Leafy moss; Typic variation","Ws","wetland swamp"
"3581","IDFdk1/Ws07.2","Sxw – Horsetail – Leafy moss; Soft-leaved sedge variation","Ws","wetland swamp"
"3582","IDFdk2/101","FdPl – Pinegrass – Feather moss",NA,NA
"3583","IDFdk2/102","Fd – Juniper – Kinnikinnick",NA,NA
"3584","IDFdk2/103","FdPy – Spirea – Bluebunch wheatgrass","IN","insolation"
"3585","IDFdk2/104","Fd(Pl) – Pinegrass – Kinnikinnick",NA,NA
"3586","IDFdk2/105","Pl – Pinegrass – Grouseberry – Kinnikinnick","CA","cold aspects - cold air"
"3587","IDFdk2/110","Sxw(Fd) – Dogwood – Gooseberry",NA,NA
"3588","IDFdk2/111","Sxw – Dogwood – Horsetail",NA,NA
"3589","IDFdk2/Ff04","Aspen – Snowberry – Roses","Ff","fringe fluvial "
"3590","IDFdk2/Fm02","Cottonwood – Spruce – Dogwood","Fm","mid fluvial bench"
"3591","IDFdk2/Fm05","Cottonwood – Douglas-fir – Douglas' maple – Snowberry","Fm","mid fluvial bench"
"3592","IDFdk2/Ga01","Saltgrass","Ga","alkaline meadow"
"3593","IDFdk2/Ga01.1","Saltgrass","Ga","alkaline meadow"
"3594","IDFdk2/Gb02","Saskatoon – Snowberry – Bluebunch wheatgrass","Gb","brushland"
"3595","IDFdk2/Gg02","Bluebunch wheatgrass – Balsamroot","Gg","grassland "
"3596","IDFdk2/Ro01","Selaginella – Bluebunch wheatgrass – Screw moss","Ro","rocky outcrop"
"3597","IDFdk2/Ro01.1","Selaginella – Bluebunch wheatgrass – Screw moss","Ro","rocky outcrop"
"3598","IDFdk2/Ro01.2","Selaginella – Screw moss","Ro","rocky outcrop"
"3599","IDFdk2/Ro04","Big sagebrush – Selaginella – Bluebunch wheatgrass","Ro","rocky outcrop"
"3600","IDFdk2/Ro04.1","Big sagebrush – Selaginella – Bluebunch wheatgrass","Ro","rocky outcrop"
"3601","IDFdk2/Ro05","Juniper – Kinnikinnick – Penstemon","Ro","rocky outcrop"
"3602","IDFdk2/Ro05.1","Juniper – Kinnikinnick – Penstemon","Ro","rocky outcrop"
"3603","IDFdk2/Ro05.2","Juniper – Kinnikinnick – Penstemon – Screw moss","Ro","rocky outcrop"
"3604","IDFdk2/Rt01","Rocktripe – Green map","Rt","talus"
"3605","IDFdk2/Rt07","Aspen – Juniper – Rocktripe","Rt","talus"
"3606","IDFdk2/Rt07.1","Aspen – Juniper – Rocktripe; Aspen variation","Rt","talus"
"3607","IDFdk2/Rt07.2","Juniper – Rocktripe","Rt","talus"
"3608","IDFdk2/Wf01","Water sedge – Beaked sedge","Wf","wetland fen"
"3609","IDFdk2/Wf02","Scrub birch – Water sedge","Wf","wetland fen"
"3610","IDFdk2/Wf05","Slender sedge – Common hook moss","Wf","wetland fen"
"3611","IDFdk2/Wm02","Water horsetail – Beaked sedge","Wm","wetland marsh"
"3612","IDFdk2/Wm05","Cattail","Wm","wetland marsh"
"3613","IDFdk2/Wm06","Soft-stemmed bulrush","Wm","wetland marsh"
"3614","IDFdk2/Wm07","Baltic rush","Wm","wetland marsh"
"3615","IDFdk2/Wm11","Seacoast bulrush","Wm","wetland marsh"
"3616","IDFdk2/Ws02","Mountain alder – Pink spirea – Sitka sedge","Ws","wetland swamp"
"3617","IDFdk2/Ws03","Bebb's willow – Bluejoint","Ws","wetland swamp"
"3618","IDFdk2/Ws04","Drummond's willow – Beaked sedge","Ws","wetland swamp"
"3619","IDFdk2/Ws07","Sxw – Horsetail – Leafy moss","Ws","wetland swamp"
"3620","IDFdk2/Ws07.1","Sxw – Horsetail – Leafy moss; Typic variation","Ws","wetland swamp"
"3621","IDFdk2/Ws07.2","Sxw – Horsetail – Leafy moss; Soft-leaved sedge variation","Ws","wetland swamp"
"3622","IDFdk3/01","FdPl – Pinegrass – Feather moss",NA,NA
"3623","IDFdk3/02","Fd – Juniper – Kinnikinnick","IN","insolation"
"3624","IDFdk3/03","Fd – Juniper – Peltigera",NA,NA
"3625","IDFdk3/04","Fd – Bluebunch wheatgrass – Needlegrass","IN","insolation"
"3626","IDFdk3/05","Fd – Feather moss – Step moss","CAS","cold aspects"
"3627","IDFdk3/06","Fd – Pinegrass – Aster","IN","insolation"
"3628","IDFdk3/07","SxwFd – Prickly rose – Sedge",NA,NA
"3629","IDFdk3/08","SxwFd – Prickly rose – Sarsaparilla",NA,NA
"3630","IDFdk3/09","Sxw – Horsetail – Glow moss",NA,NA
"3631","IDFdk3/Sc01","Scrub birch – Kinnikinnick","Sc","subalpine"
"3632","IDFdk3/Wf01","Water sedge – Beaked sedge","Wf","wetland fen"
"3633","IDFdk3/Wf02","Scrub birch – Water sedge","Wf","wetland fen"
"3634","IDFdk3/Wf05","Slender sedge – Common hook moss","Wf","wetland fen"
"3635","IDFdk3/Wf06","Slender sedge – Buckbean","Wf","wetland fen"
"3636","IDFdk3/Wf07","Scrub birch – Buckbean – Shore sedge","Wf","wetland fen"
"3637","IDFdk3/Wf08","Shore sedge – Buckbean – Hook moss","Wf","wetland fen"
"3638","IDFdk3/Wf09","Few-flowered spikerush – Hook moss","Wf","wetland fen"
"3639","IDFdk3/Wm01","Beaked sedge – Water sedge","Wm","wetland marsh"
"3640","IDFdk3/Wm02","Water horsetail – Beaked sedge","Wm","wetland marsh"
"3641","IDFdk3/Wm03","Awned sedge","Wm","wetland marsh"
"3642","IDFdk3/Wm04","Common spikerush","Wm","wetland marsh"
"3643","IDFdk3/Wm05","Cattail","Wm","wetland marsh"
"3644","IDFdk3/Wm06","Soft-stemmed bulrush","Wm","wetland marsh"
"3645","IDFdk3/Wm07","Baltic rush","Wm","wetland marsh"
"3646","IDFdk3/Wm10","Boreal mannagrass","Wm","wetland marsh"
"3647","IDFdk3/Wm11","Seacoast bulrush","Wm","wetland marsh"
"3648","IDFdk3/Wm13","Seaside arrow-grass","Wm","wetland marsh"
"3649","IDFdk3/Ws03","Bebb's willow – Bluejoint","Ws","wetland swamp"
"3650","IDFdk3/Ws05","Maccalla's willow – Beaked sedge","Ws","wetland swamp"
"3651","IDFdk4/01","FdPl – Pinegrass – Feather moss",NA,NA
"3652","IDFdk4/02","Fd – Juniper – Peltigera",NA,NA
"3653","IDFdk4/03","Fd – Juniper – Saskatoon","IN","insolation"
"3654","IDFdk4/04","Fd – Juniper – Pasture sage","IN","insolation"
"3655","IDFdk4/05","Fd – Bluebunch wheatgrass – Pinegrass",NA,NA
"3656","IDFdk4/06","Pl – Kinnikinnick – Cladonia",NA,NA
"3657","IDFdk4/07","Fd – Feather moss – Step moss","CAS","cold aspects"
"3658","IDFdk4/08","Sxw – Scrub birch – Feather moss","CA","cold aspects - cold air"
"3659","IDFdk4/09","Sxw – Feather moss – Brachythecium",NA,NA
"3660","IDFdk4/10","Sxw – Horsetail – Glow moss",NA,NA
"3661","IDFdk4/Sc01","Scrub birch – Kinnikinnick","Sc","subalpine"
"3662","IDFdk4/Wf01","Water sedge – Beaked sedge","Wf","wetland fen"
"3663","IDFdk4/Wf02","Scrub birch – Water sedge","Wf","wetland fen"
"3664","IDFdk4/Wf05","Slender sedge – Common hook moss","Wf","wetland fen"
"3665","IDFdk4/Wm03","Awned sedge","Wm","wetland marsh"
"3666","IDFdk4/Wm06","Soft-stemmed bulrush","Wm","wetland marsh"
"3667","IDFdk4/Wm12","Woolly sedge","Wm","wetland marsh"
"3668","IDFdk4/Ws05","Maccalla's willow – Beaked sedge","Ws","wetland swamp"
"3669","IDFdk5/101","FdPl – Pinegrass – Feather moss",NA,NA
"3670","IDFdk5/102","Fd – Juniper – Pinegrass",NA,NA
"3671","IDFdk5/103","Fd – Saskatoon – Bluebunch wheatgrass","IN","insolation"
"3672","IDFdk5/104","Fd – Spirea – Pinegrass – Kinnikinnick",NA,NA
"3673","IDFdk5/110","Sxw(Fd) – Dogwood – Bunchberry",NA,NA
"3674","IDFdk5/111","Sxw – Dogwood – Horsetail","CA","cold aspects - cold air"
"3675","IDFdk5/111a","Sxw – Dogwood – Horsetail; Riparian phase",NA,NA
"3676","IDFdk5/111b","Sxw – Dogwood – Horsetail; Swamp phase",NA,NA
"3677","IDFdk5/Ff01","Water birch – Red-osier dogwood – Rose","Ff","fringe fluvial "
"3678","IDFdk5/Ff01a","Water birch – Red-osier dogwood – Rose","Ff","fringe fluvial "
"3679","IDFdk5/Ff01b","Water birch – Red-osier dogwood – Rose","Ff","fringe fluvial "
"3680","IDFdk5/Fl01","Mountain alder – Common horsetail","Fl","low fluvial bench"
"3681","IDFdk5/Fl02","Mountain alder – Red-osier dogwood – Lady fern","Fl","low fluvial bench"
"3682","IDFdk5/Fl03","Pacific willow – Red-osier dogwood – Horsetail","Fl","low fluvial bench"
"3683","IDFdk5/Fl05","Drummond's willow – Bluejoint","Fl","low fluvial bench"
"3684","IDFdk5/Fl06","Sandbar willow – Scouring-rush","Fl","low fluvial bench"
"3685","IDFdk5/Fm01","Cottonwood – Snowberry – Rose","Fm","mid fluvial bench"
"3686","IDFdk5/Fm02","Cottonwood – Spruce – Dogwood","Fm","mid fluvial bench"
"3687","IDFdk5/Fm07","Aspen – Dogwood – Sarsaparilla","Fm","mid fluvial bench"
"3688","IDFdk5/Ga03","Field sedge","Ga","alkaline meadow"
"3689","IDFdk5/Ga03$2","Field sedge","Ga","alkaline meadow"
"3690","IDFdk5/Gb01","Juniper – Kinnikinnick – Bluebunch wheatgrass","Gb","brushland"
"3691","IDFdk5/Gg01","Bluebunch wheatgrass – Prairie sagewort – Junegrass","Gg","grassland "
"3692","IDFdk5/Gg01$2.2","Needle-and-thread grass – Cheatgrass","Gg","grassland "
"3693","IDFdk5/Gg02","Bluebunch wheatgrass – Balsamroot","Gg","grassland "
"3694","IDFdk5/Gg02$2.2","Columbia needlegrass – Cheatgrass","Gg","grassland "
"3695","IDFdk5/Gg02$2.3","Needle-and-thread grass – Cheatgrass","Gg","grassland "
"3696","IDFdk5/Gg02$3.2","Antelope-brush – Bluebunch wheatgrass – Needle-and-thread grass","Gg","grassland "
"3697","IDFdk5/Gg10","Rough fescue – Bluebunch wheatgrass","Gg","grassland "
"3698","IDFdk5/Gg10$2.1","Bluebunch wheatgrass – Junegrass – Sandberg's bluegrass","Gg","grassland "
"3699","IDFdk5/Gg10$2.3","Columbia needlegrass – Junegrass","Gg","grassland "
"3700","IDFdk5/Gg12","Rough fescue – Yarrow – Old man's whiskers","Gg","grassland "
"3701","IDFdk5/Gg12$2.3","Spreading needlegrass – Columbia needlegrass","Gg","grassland "
"3702","IDFdk5/Gg12$2.4","Rabbit-brush – Needle-and-thread grass – Junegrass","Gg","grassland "
"3703","IDFdk5/Gg12$2.6","Canada bluegrass – Dandelion","Gg","grassland "
"3704","IDFdk5/Ro01","Selaginella – Bluebunch wheatgrass – Screw moss","Ro","rocky outcrop"
"3705","IDFdk5/Ro01.1","Selaginella – Bluebunch wheatgrass – Screw moss","Ro","rocky outcrop"
"3706","IDFdk5/Ro01.2","Selaginella – Screw moss","Ro","rocky outcrop"
"3707","IDFdk5/Ro02","Rocky Mountain juniper – Selaginella – Bluebunch wheatgrass","Ro","rocky outcrop"
"3708","IDFdk5/Ro05","Juniper – Kinnikinnick – Penstemon","Ro","rocky outcrop"
"3709","IDFdk5/Ro05.1","Juniper – Kinnikinnick – Penstemon","Ro","rocky outcrop"
"3710","IDFdk5/Rt01","Rocktripe – Green map","Rt","talus"
"3711","IDFdk5/Rt03","Raspberry – Feather moss – Clad lichen","Rt","talus"
"3712","IDFdk5/Rt04","Saskatoon – Bluebunch wheatgrass","Rt","talus"
"3713","IDFdk5/Rt06","Saskatoon – Mock-orange – Bluebunch wheatgrass","Rt","talus"
"3714","IDFdk5/Rt07","Aspen – Juniper – Rocktripe","Rt","talus"
"3715","IDFdk5/Rt07.1","Aspen – Juniper – Rocktripe; Aspen variation","Rt","talus"
"3716","IDFdk5/Rt07.2","Juniper – Rocktripe","Rt","talus"
"3717","IDFdk5/Rt08","Aspen – Douglas' maple – Saskatoon","Rt","talus"
"3718","IDFdk5/Wf01","Water sedge – Beaked sedge","Wf","wetland fen"
"3719","IDFdk5/Wf02","Scrub birch – Water sedge","Wf","wetland fen"
"3720","IDFdk5/Wf05","Slender sedge – Common hook moss","Wf","wetland fen"
"3721","IDFdk5/Wm01","Beaked sedge – Water sedge","Wm","wetland marsh"
"3722","IDFdk5/Wm02","Water horsetail – Beaked sedge","Wm","wetland marsh"
"3723","IDFdk5/Wm04","Common spikerush","Wm","wetland marsh"
"3724","IDFdk5/Wm05","Cattail","Wm","wetland marsh"
"3725","IDFdk5/Wm06","Soft-stemmed bulrush","Wm","wetland marsh"
"3726","IDFdk5/Wm07","Baltic rush","Wm","wetland marsh"
"3727","IDFdk5/Wm12","Woolly sedge","Wm","wetland marsh"
"3728","IDFdk5/Wm14","Common reed","Wm","wetland marsh"
"3729","IDFdk5/Wm15","Bluejoint – Water sedge","Wm","wetland marsh"
"3730","IDFdk5/Ws03","Bebb's willow – Bluejoint","Ws","wetland swamp"
"3731","IDFdk5/Ws04","Drummond's willow – Beaked sedge","Ws","wetland swamp"
"3732","IDFdk5/Ws07","Sxw – Horsetail – Leafy moss","Ws","wetland swamp"
"3733","IDFdk5/Ws07.1","Sxw – Horsetail – Leafy moss; Typic variation","Ws","wetland swamp"
"3734","IDFdk5/Ws07.2","Sxw – Horsetail – Leafy moss; Soft-leaved sedge variation","Ws","wetland swamp"
"3735","IDFdm1/101","Fd(Lw) – Pinegrass – Twinflower",NA,NA
"3736","IDFdm1/102","PyFd – Bluebunch wheatgrass – Kinnikinnick",NA,NA
"3737","IDFdm1/103","FdPy – Bluebunch wheatgrass – Pinegrass","IN","insolation"
"3738","IDFdm1/104","Fd(Lw) – Pinegrass – Kinnikinnick",NA,NA
"3739","IDFdm1/110","SwxFd – Snowberry – Sarsaparilla",NA,NA
"3740","IDFdm1/110.1","SwxFd – Snowberry – Sarsaparilla",NA,NA
"3741","IDFdm1/110.2","CwFd – Douglas' maple – Sarsaparilla",NA,NA
"3742","IDFdm1/111","Sxw(Fd) – Dogwood – Gooseberry",NA,NA
"3743","IDFdm1/112","Sxw – Dogwood – Horsetail","CA","cold aspects - cold air"
"3744","IDFdm1/Ff01","Water birch – Red-osier dogwood – Rose","Ff","fringe fluvial "
"3745","IDFdm1/Ff01a","Water birch – Red-osier dogwood – Rose; Fringe phase","Ff","fringe fluvial "
"3746","IDFdm1/Ff01b","Water birch – Red-osier dogwood – Rose; Grassland draw phase","Ff","fringe fluvial "
"3747","IDFdm1/Fl01","Mountain alder – Common horsetail","Fl","low fluvial bench"
"3748","IDFdm1/Fl03","Pacific willow – Red-osier dogwood – Horsetail","Fl","low fluvial bench"
"3749","IDFdm1/Fl05","Drummond's willow – Bluejoint","Fl","low fluvial bench"
"3750","IDFdm1/Fm01","Cottonwood – Snowberry – Rose","Fm","mid fluvial bench"
"3751","IDFdm1/Fm05","Cottonwood – Douglas-fir – Douglas' maple – Snowberry","Fm","mid fluvial bench"
"3752","IDFdm1/Ga03","Field sedge","Ga","alkaline meadow"
"3753","IDFdm1/Ga03$2","Field sedge","Ga","alkaline meadow"
"3754","IDFdm1/Gb03","Ninebark – Oceanspray – Bluebunch wheatgrass","Gb","brushland"
"3755","IDFdm1/Gb04","Choke cherry – Snowberry – Bluebunch wheatgrass","Gb","brushland"
"3756","IDFdm1/Gg02","Bluebunch wheatgrass – Balsamroot","Gg","grassland "
"3757","IDFdm1/Gg02$2.3","Needle-and-thread grass – Cheatgrass","Gg","grassland "
"3758","IDFdm1/Gg11","Idaho fescue – Bluebunch wheatgrass – Junegrass","Gg","grassland "
"3759","IDFdm1/Gg11$2.1","Bluebunch wheatgrass – Junegrass – Sandberg's bluegrass","Gg","grassland "
"3760","IDFdm1/Gg11$2.4","Needle-and-thread grass – Cheatgrass","Gg","grassland "
"3761","IDFdm1/Gg11$3.1","Big sagebrush – Bluebunch wheatgrass – Idaho fescue","Gg","grassland "
"3762","IDFdm1/Gg12","Rough fescue – Yarrow – Three-flowered avens","Gg","grassland "
"3763","IDFdm1/Gg12$2.5","Kentucky bluegrass – Yarrow","Gg","grassland "
"3764","IDFdm1/Gg12.1","Rough fescue – Yarrow – Three-flowered avens","Gg","grassland "
"3765","IDFdm1/Gg13","Idaho fescue – Silky lupine","Gg","grassland "
"3766","IDFdm1/Gg13$2.2","Bluebunch wheatgrass – Junegrass – Sandberg's bluegrass","Gg","grassland "
"3767","IDFdm1/Gg13$2.3","Needle-and-thread grass – Yellow salsify","Gg","grassland "
"3768","IDFdm1/Gg13$2.5","Cheatgrass – Columbia needlegrass","Gg","grassland "
"3769","IDFdm1/Gg18","Idaho fescue – Bluebunch wheatgrass – Selaginella","Gg","grassland "
"3770","IDFdm1/Ro01","Selaginella – Bluebunch wheatgrass – Screw moss","Ro","rocky outcrop"
"3771","IDFdm1/Ro01.1","Selaginella – Bluebunch wheatgrass – Screw moss","Ro","rocky outcrop"
"3772","IDFdm1/Ro01.2","Selaginella – Screw moss","Ro","rocky outcrop"
"3773","IDFdm1/Ro04","Big sagebrush – Selaginella – Bluebunch wheatgrass","Ro","rocky outcrop"
"3774","IDFdm1/Ro04.1","Big sagebrush – Selaginella – Bluebunch wheatgrass","Ro","rocky outcrop"
"3775","IDFdm1/Ro04.2","Rabbit-brush – Big sagebrush – Selaginella – Bluebunch wheatgrass","Ro","rocky outcrop"
"3776","IDFdm1/Ro05","Juniper – Kinnikinnick – Penstemon","Ro","rocky outcrop"
"3777","IDFdm1/Ro05.1","Juniper – Kinnikinnick – Penstemon","Ro","rocky outcrop"
"3778","IDFdm1/Rt01","Rocktripe – Green map","Rt","talus"
"3779","IDFdm1/Rt04","Saskatoon – Bluebunch wheatgrass","Rt","talus"
"3780","IDFdm1/Rt06","Saskatoon – Mock-orange – Bluebunch wheatgrass","Rt","talus"
"3781","IDFdm1/Rt07","Aspen – Juniper – Rocktripe","Rt","talus"
"3782","IDFdm1/Rt07.1","Aspen – Juniper – Rocktripe; Aspen variation","Rt","talus"
"3783","IDFdm1/Rt07.2","Juniper – Rocktripe","Rt","talus"
"3784","IDFdm1/Wf01","Water sedge – Beaked sedge","Wf","wetland fen"
"3785","IDFdm1/Wf05","Slender sedge – Common hook moss","Wf","wetland fen"
"3786","IDFdm1/Wm01","Beaked sedge – Water sedge","Wm","wetland marsh"
"3787","IDFdm1/Wm02","Water horsetail – Beaked sedge","Wm","wetland marsh"
"3788","IDFdm1/Wm03","Awned sedge","Wm","wetland marsh"
"3789","IDFdm1/Wm04","Common spikerush","Wm","wetland marsh"
"3790","IDFdm1/Wm05","Cattail","Wm","wetland marsh"
"3791","IDFdm1/Wm06","Soft-stemmed bulrush","Wm","wetland marsh"
"3792","IDFdm1/Wm07","Baltic rush","Wm","wetland marsh"
"3793","IDFdm1/Wm12","Woolly sedge","Wm","wetland marsh"
"3794","IDFdm1/Wm14","Common reed","Wm","wetland marsh"
"3795","IDFdm1/Wm15","Bluejoint – Water sedge","Wm","wetland marsh"
"3796","IDFdm1/Ws04","Drummond's willow – Beaked sedge","Ws","wetland swamp"
"3797","IDFdm2/101","Fd(Lw) – Pinegrass – Twinflower",NA,NA
"3798","IDFdm2/102","Fd – Rocky Mountain juniper – Kinnikinnick",NA,NA
"3799","IDFdm2/103","Fd(Py) – Bluebunch wheatgrass – Pinegrass",NA,NA
"3800","IDFdm2/104","Fd(Lw) – Pinegrass – Kinnikinnick",NA,NA
"3801","IDFdm2/104.1","Fd(Lw) – Pinegrass – Kinnikinnick",NA,NA
"3802","IDFdm2/104.2","LwFd(Pl) – Pinegrass",NA,NA
"3803","IDFdm2/110","FdLwSxw – Pinegrass",NA,NA
"3804","IDFdm2/111","SxwFd – Snowberry – Sarsaparilla",NA,NA
"3805","IDFdm2/112","Sxw – Dogwood – Horsetail",NA,NA
"3806","IDFdm2/112a","Sxw – Dogwood – Horsetail; Riparian",NA,NA
"3807","IDFdm2/112b","Sxw – Dogwood – Horsetail; Swamp phase",NA,NA
"3808","IDFdm2/Ff01","Water birch – Red-osier dogwood – Rose","Ff","fringe fluvial "
"3809","IDFdm2/Ff01a","Water birch – Red-osier dogwood – Rose","Ff","fringe fluvial "
"3810","IDFdm2/Ff01b","Water birch – Red-osier dogwood – Rose","Ff","fringe fluvial "
"3811","IDFdm2/Fl01","Mountain alder – Common horsetail","Fl","low fluvial bench"
"3812","IDFdm2/Fl03","Pacific willow – Red-osier dogwood – Horsetail","Fl","low fluvial bench"
"3813","IDFdm2/Fl05","Drummond's willow – Bluejoint","Fl","low fluvial bench"
"3814","IDFdm2/Fl06","Sandbar willow – Scouring-rush","Fl","low fluvial bench"
"3815","IDFdm2/Fm01","Cottonwood – Snowberry – Rose","Fm","mid fluvial bench"
"3816","IDFdm2/Fm02","Cottonwood – Spruce – Dogwood","Fm","mid fluvial bench"
"3817","IDFdm2/Fm07","Aspen – Dogwood – Sarsaparilla","Fm","mid fluvial bench"
"3818","IDFdm2/Ga01","Saltgrass","Ga","alkaline meadow"
"3819","IDFdm2/Ga01.1","Saltgrass","Ga","alkaline meadow"
"3820","IDFdm2/Ga01.2","Saltgrass – Spartina","Ga","alkaline meadow"
"3821","IDFdm2/Ga02","Nuttall's alkaligrass – Foxtail barley","Ga","alkaline meadow"
"3822","IDFdm2/Ga02.1","Nuttall's alkaligrass – Foxtail barley","Ga","alkaline meadow"
"3823","IDFdm2/Ga02.2","Foxtail barley – Nuttall's alkaligrass","Ga","alkaline meadow"
"3824","IDFdm2/Ga03","Field sedge","Ga","alkaline meadow"
"3825","IDFdm2/Ga03$2","Field sedge","Ga","alkaline meadow"
"3826","IDFdm2/Gb02","Saskatoon – Snowberry – Bluebunch wheatgrass","Gb","brushland"
"3827","IDFdm2/Gb04","Choke cherry – Snowberry – Bluebunch wheatgrass","Gb","brushland"
"3828","IDFdm2/Gg01","Bluebunch wheatgrass – Prairie sagewort – Junegrass","Gg","grassland "
"3829","IDFdm2/Gg01$2.2","Needle-and-thread grass – Cheatgrass","Gg","grassland "
"3830","IDFdm2/Gg01$3.1","Antelope-brush – Bluebunch wheatgrass – Needle-and-thread grass – Cheatgrass","Gg","grassland "
"3831","IDFdm2/Gg02","Bluebunch wheatgrass – Balsamroot","Gg","grassland "
"3832","IDFdm2/Gg02$2.2","Columbia needlegrass – Cheatgrass","Gg","grassland "
"3833","IDFdm2/Gg02$2.3","Needle-and-thread grass – Cheatgrass","Gg","grassland "
"3834","IDFdm2/Gg02$3.2","Antelope-brush – Bluebunch wheatgrass – Needle-and-thread grass","Gg","grassland "
"3835","IDFdm2/Gg10","Rough fescue – Bluebunch wheatgrass","Gg","grassland "
"3836","IDFdm2/Gg10$2.1","Bluebunch wheatgrass – Junegrass – Sandberg's bluegrass","Gg","grassland "
"3837","IDFdm2/Gg10$2.3","Columbia needlegrass – Junegrass","Gg","grassland "
"3838","IDFdm2/Gg10$3.3","Antelope-brush – Saskatoon – Bluebunch wheatgrass – Kentucky bluegrass","Gg","grassland "
"3839","IDFdm2/Gg12","Rough fescue – Yarrow – Old man's whiskers","Gg","grassland "
"3840","IDFdm2/Gg12$2.3","Spreading needlegrass – Columbia needlegrass","Gg","grassland "
"3841","IDFdm2/Gg12$2.4","Rabbit-brush – Needle-and-thread grass – Junegrass","Gg","grassland "
"3842","IDFdm2/Gg12$2.6","Canada bluegrass – Dandelion","Gg","grassland "
"3843","IDFdm2/Gs12","Antelope-brush – Snowberry – Bluebunch wheatgrass","Gs","shrub-steppe"
"3844","IDFdm2/Ro01","Selaginella – Bluebunch wheatgrass – Screw moss","Ro","rocky outcrop"
"3845","IDFdm2/Ro01.1","Selaginella – Bluebunch wheatgrass – Screw moss","Ro","rocky outcrop"
"3846","IDFdm2/Ro01.2","Selaginella – Screw moss","Ro","rocky outcrop"
"3847","IDFdm2/Ro02","Rocky Mountain juniper – Selaginella – Bluebunch wheatgrass","Ro","rocky outcrop"
"3848","IDFdm2/Ro03","Antelope-brush – Selaginella – Bluebunch wheatgrass","Ro","rocky outcrop"
"3849","IDFdm2/Ro05","Juniper – Kinnikinnick – Penstemon","Ro","rocky outcrop"
"3850","IDFdm2/Ro05.1","Juniper – Kinnikinnick – Penstemon","Ro","rocky outcrop"
"3851","IDFdm2/Rt01","Rocktripe – Green map","Rt","talus"
"3852","IDFdm2/Rt03","Raspberry – Feather moss – Clad lichen","Rt","talus"
"3853","IDFdm2/Rt04","Saskatoon – Bluebunch wheatgrass","Rt","talus"
"3854","IDFdm2/Rt06","Saskatoon – Mock-orange – Bluebunch wheatgrass","Rt","talus"
"3855","IDFdm2/Rt07","Aspen – Juniper – Rocktripe","Rt","talus"
"3856","IDFdm2/Rt07.1","Aspen – Juniper – Rocktripe; Aspen variation","Rt","talus"
"3857","IDFdm2/Rt07.2","Juniper – Rocktripe","Rt","talus"
"3858","IDFdm2/Rt08","Aspen – Douglas' maple – Saskatoon","Rt","talus"
"3859","IDFdm2/Wf01","Water sedge – Beaked sedge","Wf","wetland fen"
"3860","IDFdm2/Wf02","Scrub birch – Water sedge","Wf","wetland fen"
"3861","IDFdm2/Wf05","Slender sedge – Common hook moss","Wf","wetland fen"
"3862","IDFdm2/Wm01","Beaked sedge – Water sedge","Wm","wetland marsh"
"3863","IDFdm2/Wm02","Water horsetail – Beaked sedge","Wm","wetland marsh"
"3864","IDFdm2/Wm03","Awned sedge","Wm","wetland marsh"
"3865","IDFdm2/Wm04","Common spikerush","Wm","wetland marsh"
"3866","IDFdm2/Wm05","Cattail","Wm","wetland marsh"
"3867","IDFdm2/Wm06","Soft-stemmed bulrush","Wm","wetland marsh"
"3868","IDFdm2/Wm07","Baltic rush","Wm","wetland marsh"
"3869","IDFdm2/Wm12","Woolly sedge","Wm","wetland marsh"
"3870","IDFdm2/Wm14","Common reed","Wm","wetland marsh"
"3871","IDFdm2/Ws03","Bebb's willow – Bluejoint","Ws","wetland swamp"
"3872","IDFdm2/Ws04","Drummond's willow – Beaked sedge","Ws","wetland swamp"
"3873","IDFdm2/Ws07","Sxw – Horsetail – Leafy moss","Ws","wetland swamp"
"3874","IDFdm2/Ws07.1","Sxw – Horsetail – Leafy moss; Typic variation","Ws","wetland swamp"
"3875","IDFdm2/Ws07.2","Sxw – Horsetail – Leafy moss; Soft-leaved sedge variation","Ws","wetland swamp"
"3876","IDFdw/101","Fd – Soopolallie – Pinegrass",NA,NA
"3877","IDFdw/102","Fd – Juniper – Kinnikinnick",NA,NA
"3878","IDFdw/103","Pli – Soopolallie – Kinnikinnick – Pixie lichens",NA,NA
"3879","IDFdw/104","Fd – Spirea – Pinegrass","IN","insolation"
"3880","IDFdw/105","BlFd – Falsebox – Feather moss","CAS","cool aspect"
"3881","IDFdw/110","Fd – Thimbleberry – Gooseberry",NA,NA
"3882","IDFdw/111","SxwBl – Twinberry – Gooseberry","FR","frost"
"3883","IDFdw/112","BlFd – Devil's club – Oak fern",NA,NA
"3884","IDFdw/113","Sxw – Mountain alder – Horsetail",NA,NA
"3885","IDFdw/Fm01","Act – Snowberry – Rose","Fm","mid fluvial bench"
"3886","IDFdw/Fm02","ActSxw – Dogwood","Fm","mid fluvial bench"
"3887","IDFmw2/01","FdCw – Falsebox – Prince's pine",NA,NA
"3888","IDFmw2/01$YC","CwFd – Feather moss",NA,NA
"3889","IDFmw2/01$YS","EpAt – Thimbleberry – Falsebox",NA,NA
"3890","IDFmw2/02","Fd – Snowberry – Bluebunch wheatgrass",NA,NA
"3891","IDFmw2/03","Fd – Pinegrass – Feather moss",NA,NA
"3892","IDFmw2/04","CwSxw – Oak fern",NA,NA
"3893","IDFmw2/05","Dogwood – Sedge",NA,NA
"3894","IDFww/101","Fd – Falsebox – Orange honeysuckle",NA,NA
"3895","IDFww/101.1","Fd – Falsebox – Orange honeysuckle; Typic variation",NA,NA
"3896","IDFww/101.2","Fd – Falsebox – Orange honeysuckle; Cw variation",NA,NA
"3897","IDFww/102","Fd – Selaginellas – Bluebunch wheatgrass",NA,NA
"3898","IDFww/103","FdPy – Saskatoon – Screw moss",NA,NA
"3899","IDFww/104","Fd – Falsebox – Pinegrass",NA,NA
"3900","IDFww/110","CwFd – Hooker's fairybells",NA,NA
"3901","IDFww/111","FdSx – Dogwood – Sarsaparilla","CA","cold air"
"3902","IDFww/112","CwBg – Douglas' maple – Devil's club","Fh","high fluvial bench"
"3903","IDFww/Fm53","ActDr – Salmonberry – Lily-of-the-Valley","Fm","mid fluvial bench"
"3904","IDFxh1/101","Fd(Py) – Spirea – Pinegrass",NA,NA
"3905","IDFxh1/102","Py(Fd) – Bluebunch wheatgrass – Selaginella",NA,NA
"3906","IDFxh1/103","FdPy – Pinegrass – Rough fescue",NA,NA
"3907","IDFxh1/104","FdPy – Bluebunch wheatgrass – Balsamroot","IN","insolation"
"3908","IDFxh1/105","Fd(Py) – Bluebunch wheatgrass – Pinegrass",NA,NA
"3909","IDFxh1/106","FdPy – Idaho fescue – Balsamroot",NA,NA
"3910","IDFxh1/110","Fd(Py) – Snowberry – Oregon-grape",NA,NA
"3911","IDFxh1/111","SxwFd – Dogwood – Douglas' maple",NA,NA
"3912","IDFxh1/111.1","SxwFd – Dogwood – Douglas' maple",NA,NA
"3913","IDFxh1/111.2","CwFd – Douglas' maple – Sarasparilla",NA,NA
"3914","IDFxh1/112","Sxw – Dogwood – Horsetail",NA,NA
"3915","IDFxh1/Ff01","Water birch – Red-osier dogwood – Rose","Ff","fringe fluvial "
"3916","IDFxh1/Ff01a","Water birch – Red-osier dogwood – Rose; Fringe phase","Ff","fringe fluvial "
"3917","IDFxh1/Ff01b","Water birch – Red-osier dogwood – Rose; Grassland draw phase","Ff","fringe fluvial "
"3918","IDFxh1/Ff02","Snowberry – Prairie Rose","Ff","fringe fluvial "
"3919","IDFxh1/Ff04","Aspen – Snowberry – Roses","Ff","fringe fluvial "
"3920","IDFxh1/Ff05","Aspen – Dogwood – Nootka rose","Ff","fringe fluvial "
"3921","IDFxh1/Fm01","Cottonwood – Snowberry – Rose","Fm","mid fluvial bench"
"3922","IDFxh1/Fm05","Cottonwood – Douglas-fir – Douglas' maple – Snowberry","Fm","mid fluvial bench"
"3923","IDFxh1/Ga01","Saltgrass","Ga","alkaline meadow"
"3924","IDFxh1/Ga01.1","Saltgrass","Ga","alkaline meadow"
"3925","IDFxh1/Ga02","Nuttall's alkaligrass – Foxtail barley","Ga","alkaline meadow"
"3926","IDFxh1/Ga02.1","Nuttall's alkaligrass – Foxtail barley","Ga","alkaline meadow"
"3927","IDFxh1/Ga02.2","Foxtail barley – Nuttall's alkaligrass","Ga","alkaline meadow"
"3928","IDFxh1/Ga03","Field sedge","Ga","alkaline meadow"
"3929","IDFxh1/Ga03$2","Field sedge","Ga","alkaline meadow"
"3930","IDFxh1/Ga05","Giant wildrye","Ga","alkaline meadow"
"3931","IDFxh1/Gb02","Saskatoon – Snowberry – Bluebunch wheatgrass","Gb","brushland"
"3932","IDFxh1/Gb05","Sumac – Bluebunch wheatgrass","Gb","brushland"
"3933","IDFxh1/Gg01","Bluebunch wheatgrass – Prairie sagewort – Junegrass","Gg","grassland "
"3934","IDFxh1/Gg02","Bluebunch wheatgrass – Balsamroot","Gg","grassland "
"3935","IDFxh1/Gg02$2.3","Needle-and-thread grass – Cheatgrass","Gg","grassland "
"3936","IDFxh1/Gg02$3.1","Big sagebrush – Bluebunch wheatgrass – Sandberg's bluegrass","Gg","grassland "
"3937","IDFxh1/Gg10","Rough fescue – Bluebunch wheatgrass","Gg","grassland "
"3938","IDFxh1/Gg11","Idaho fescue – Bluebunch wheatgrass – Junegrass","Gg","grassland "
"3939","IDFxh1/Gg11$2.1","Bluebunch wheatgrass – Junegrass – Sandberg's bluegrass","Gg","grassland "
"3940","IDFxh1/Gg11$2.3","Columbia needlegrass – Cheatgrass","Gg","grassland "
"3941","IDFxh1/Gg11$2.4","Needle-and-thread grass – Cheatgrass","Gg","grassland "
"3942","IDFxh1/Gg11$3.1","Big sagebrush – Bluebunch wheatgrass – Idaho fescue","Gg","grassland "
"3943","IDFxh1/Gg11$3.2","Big sagebrush – Bluebunch wheatgrass – Sandberg's bluegrass","Gg","grassland "
"3944","IDFxh1/Gg11$3.3","Big sagebrush – Sandberg's bluegrass","Gg","grassland "
"3945","IDFxh1/Gg12","Rough fescue – Yarrow – Three-flowered avens","Gg","grassland "
"3946","IDFxh1/Gg12.1","Rough fescue – Yarrow – Three-flowered avens","Gg","grassland "
"3947","IDFxh1/Gg13","Idaho fescue – Silky lupine","Gg","grassland "
"3948","IDFxh1/Gg13$2.2","Bluebunch wheatgrass – Junegrass – Sandberg's bluegrass","Gg","grassland "
"3949","IDFxh1/Gg13$2.4","Kentucky bluegrass – Yarrow","Gg","grassland "
"3950","IDFxh1/Gg13$3.1","Big sagebrush – Kentucky bluegrass","Gg","grassland "
"3951","IDFxh1/Ro01","Selaginella – Bluebunch wheatgrass – Screw moss","Ro","rocky outcrop"
"3952","IDFxh1/Ro01.1","Selaginella – Bluebunch wheatgrass – Screw moss","Ro","rocky outcrop"
"3953","IDFxh1/Ro01.2","Selaginella – Screw moss","Ro","rocky outcrop"
"3954","IDFxh1/Ro03","Antelope-brush – Selaginella – Bluebunch wheatgrass","Ro","rocky outcrop"
"3955","IDFxh1/Ro04","Big sagebrush – Selaginella – Bluebunch wheatgrass","Ro","rocky outcrop"
"3956","IDFxh1/Ro04.1","Big sagebrush – Selaginella – Bluebunch wheatgrass","Ro","rocky outcrop"
"3957","IDFxh1/Ro04.2","Rabbit-brush – Big sagebrush – Selaginella – Bluebunch wheatgrass","Ro","rocky outcrop"
"3958","IDFxh1/Rt01","Rocktripe – Green map","Rt","talus"
"3959","IDFxh1/Rt04","Saskatoon – Bluebunch wheatgrass","Rt","talus"
"3960","IDFxh1/Rt05","Big sagebrush – Saskatoon – Bluebunch wheatgrass","Rt","talus"
"3961","IDFxh1/Rt06","Saskatoon – Mock-orange – Bluebunch wheatgrass","Rt","talus"
"3962","IDFxh1/Rt07","Aspen – Juniper – Rocktripe","Rt","talus"
"3963","IDFxh1/Rt07.1","Aspen – Juniper – Rocktripe; Aspen variation","Rt","talus"
"3964","IDFxh1/Rt07.2","Juniper – Rocktripe","Rt","talus"
"3965","IDFxh1/Wm01","Beaked sedge – Water sedge","Wm","wetland marsh"
"3966","IDFxh1/Wm02","Water horsetail – Beaked sedge","Wm","wetland marsh"
"3967","IDFxh1/Wm04","Common spikerush","Wm","wetland marsh"
"3968","IDFxh1/Wm05","Cattail","Wm","wetland marsh"
"3969","IDFxh1/Wm06","Soft-stemmed bulrush","Wm","wetland marsh"
"3970","IDFxh1/Wm07","Baltic rush","Wm","wetland marsh"
"3971","IDFxh1/Wm08","Three-square bulrush","Wm","wetland marsh"
"3972","IDFxh1/Wm10","Boreal mannagrass","Wm","wetland marsh"
"3973","IDFxh1/Wm11","Seacoast bulrush","Wm","wetland marsh"
"3974","IDFxh1/Wm12","Woolly sedge","Wm","wetland marsh"
"3975","IDFxh1/Ws03","Bebb's willow – Bluejoint","Ws","wetland swamp"
"3976","IDFxh2/101","Fd(Py) – Spirea – Pinegrass",NA,NA
"3977","IDFxh2/102","PyFd – Bluebunch wheatgrass – Selaginella",NA,NA
"3978","IDFxh2/103","FdPy – Bluebunch wheatgrass – Balsamroot","IN","insolation"
"3979","IDFxh2/104","FdPy – Rough fescue – Bluebunch wheatgrass",NA,NA
"3980","IDFxh2/110","Fd – Feather moss – Step moss","CAS","cold aspects"
"3981","IDFxh2/111","Fd – Snowberry – Oregon-grape",NA,NA
"3982","IDFxh2/112","SxwFd – Dogwood – Douglas' maple",NA,NA
"3983","IDFxh2/113","Sxw – Dogwood – Horsetail",NA,NA
"3984","IDFxh2/Ff01","Water birch – Red-osier dogwood – Rose","Ff","fringe fluvial "
"3985","IDFxh2/Ff01a","Water birch – Red-osier dogwood – Rose; Fringe phase","Ff","fringe fluvial "
"3986","IDFxh2/Ff01b","Water birch – Red-osier dogwood – Rose; Grassland draw phase","Ff","fringe fluvial "
"3987","IDFxh2/Ff02","Snowberry – Prairie Rose","Ff","fringe fluvial "
"3988","IDFxh2/Ff04","Aspen – Snowberry – Roses","Ff","fringe fluvial "
"3989","IDFxh2/Ff05","Aspen – Dogwood – Nootka rose","Ff","fringe fluvial "
"3990","IDFxh2/Fm01","Cottonwood – Snowberry – Rose","Fm","mid fluvial bench"
"3991","IDFxh2/Fm05","Cottonwood – Douglas-fir – Douglas' maple – Snowberry","Fm","mid fluvial bench"
"3992","IDFxh2/Ga01","Saltgrass","Ga","alkaline meadow"
"3993","IDFxh2/Ga01.1","Saltgrass","Ga","alkaline meadow"
"3994","IDFxh2/Ga02","Nuttall's alkaligrass – Foxtail barley","Ga","alkaline meadow"
"3995","IDFxh2/Ga02.1","Nuttall's alkaligrass – Foxtail barley","Ga","alkaline meadow"
"3996","IDFxh2/Ga02.2","Foxtail barley – Nuttall's alkaligrass","Ga","alkaline meadow"
"3997","IDFxh2/Ga03","Field sedge","Ga","alkaline meadow"
"3998","IDFxh2/Ga03$2","Field sedge","Ga","alkaline meadow"
"3999","IDFxh2/Ga05","Giant wildrye","Ga","alkaline meadow"
"4000","IDFxh2/Ga06","Seablite","Ga","alkaline meadow"
"4001","IDFxh2/Gb02","Saskatoon – Snowberry – Bluebunch wheatgrass","Gb","brushland"
"4002","IDFxh2/Gg01","Bluebunch wheatgrass – Prairie sagewort – Junegrass","Gg","grassland "
"4003","IDFxh2/Gg02","Bluebunch wheatgrass – Balsamroot","Gg","grassland "
"4004","IDFxh2/Gg02$2.3","Needle-and-thread grass – Cheatgrass","Gg","grassland "
"4005","IDFxh2/Gg10","Rough fescue – Bluebunch wheatgrass","Gg","grassland "
"4006","IDFxh2/Gg10$2.1","Bluebunch wheatgrass – Junegrass – Sandberg's bluegrass","Gg","grassland "
"4007","IDFxh2/Gg10$3.1","Big sagebrush – Bluebunch wheatgrass – Rough fescue","Gg","grassland "
"4008","IDFxh2/Gg12","Rough fescue – Yarrow – Three-flowered avens","Gg","grassland "
"4009","IDFxh2/Gg12$2.1","Rough fescue – Bluebunch wheatgrass – Yellow salsify","Gg","grassland "
"4010","IDFxh2/Gg12$2.2","Spreading needlegrass – Rough fescue – Kentucky bluegrass","Gg","grassland "
"4011","IDFxh2/Gg12$2.3","Spreading needlegrass – Columbia needlegrass","Gg","grassland "
"4012","IDFxh2/Gg12$2.5","Kentucky bluegrass – Yarrow","Gg","grassland "
"4013","IDFxh2/Gg12.1","Rough fescue – Yarrow – Three-flowered avens","Gg","grassland "
"4014","IDFxh2/Ro01","Selaginella – Bluebunch wheatgrass – Screw moss","Ro","rocky outcrop"
"4015","IDFxh2/Ro01.1","Selaginella – Bluebunch wheatgrass – Screw moss","Ro","rocky outcrop"
"4016","IDFxh2/Ro01.2","Selaginella – Screw moss","Ro","rocky outcrop"
"4017","IDFxh2/Ro04","Big sagebrush – Selaginella – Bluebunch wheatgrass","Ro","rocky outcrop"
"4018","IDFxh2/Ro04.1","Big sagebrush – Selaginella – Bluebunch wheatgrass","Ro","rocky outcrop"
"4019","IDFxh2/Ro04.2","Rabbit-brush – Big sagebrush – Selaginella – Bluebunch wheatgrass","Ro","rocky outcrop"
"4020","IDFxh2/Rt01","Rocktripe – Green map","Rt","talus"
"4021","IDFxh2/Rt04","Saskatoon – Bluebunch wheatgrass","Rt","talus"
"4022","IDFxh2/Rt05","Big sagebrush – Saskatoon – Bluebunch wheatgrass","Rt","talus"
"4023","IDFxh2/Rt07","Aspen – Juniper – Rocktripe","Rt","talus"
"4024","IDFxh2/Rt07.1","Aspen – Juniper – Rocktripe; Aspen variation","Rt","talus"
"4025","IDFxh2/Rt07.2","Juniper – Rocktripe","Rt","talus"
"4026","IDFxh2/Wm01","Beaked sedge – Water sedge","Wm","wetland marsh"
"4027","IDFxh2/Wm02","Water horsetail – Beaked sedge","Wm","wetland marsh"
"4028","IDFxh2/Wm03","Awned sedge","Wm","wetland marsh"
"4029","IDFxh2/Wm04","Common spikerush","Wm","wetland marsh"
"4030","IDFxh2/Wm05","Cattail","Wm","wetland marsh"
"4031","IDFxh2/Wm06","Soft-stemmed bulrush","Wm","wetland marsh"
"4032","IDFxh2/Wm07","Baltic rush","Wm","wetland marsh"
"4033","IDFxh2/Wm08","Three-square bulrush","Wm","wetland marsh"
"4034","IDFxh2/Wm11","Seacoast bulrush","Wm","wetland marsh"
"4035","IDFxh2/Wm12","Woolly sedge","Wm","wetland marsh"
"4036","IDFxh2/Ws03","Bebb's willow – Bluejoint","Ws","wetland swamp"
"4037","IDFxk/101","Fd – Rocky Mountain juniper – Pinegrass",NA,NA
"4038","IDFxk/102","Fd – Rocky Mountain juniper – Bluebunch wheatgrass",NA,NA
"4039","IDFxk/102a","Fd – Rocky Mountain juniper – Bluebunch wheatgrass; Xeric phase",NA,NA
"4040","IDFxk/102b","Fd – Rocky Mountain juniper – Bluebunch wheatgrass; Subxeric phase",NA,NA
"4041","IDFxk/103","Fd – Rocky Mountain juniper – Kinnikinnick",NA,NA
"4042","IDFxk/110","Fd – Feather moss – Step moss","CAS","cold aspects"
"4043","IDFxk/111","At – Prairie rose – Pinegrass",NA,NA
"4044","IDFxk/112","SxwFd – Dogwood – Sarsaparilla","CA","cold aspects - cold air"
"4045","IDFxk/113","Sxw – Dogwood – Horsetail","CA","cold aspects - cold air"
"4046","IDFxk/113a","Sxw – Dogwood – Horsetail; Xeric phase",NA,NA
"4047","IDFxk/113b","Sxw – Dogwood – Horsetail; Subxeric phase",NA,NA
"4048","IDFxk/Ff01","Water birch – Red-osier dogwood – Rose","Ff","fringe fluvial "
"4049","IDFxk/Ff01a","Water birch – Red-osier dogwood – Rose","Ff","fringe fluvial "
"4050","IDFxk/Ff01b","Water birch – Red-osier dogwood – Rose","Ff","fringe fluvial "
"4051","IDFxk/Fl01","Mountain alder – Common horsetail","Fl","low fluvial bench"
"4052","IDFxk/Fl02","Mountain alder – Red-osier dogwood – Lady fern","Fl","low fluvial bench"
"4053","IDFxk/Fl03","Pacific willow – Red-osier dogwood – Horsetail","Fl","low fluvial bench"
"4054","IDFxk/Fl06","Sandbar willow – Scouring-rush","Fl","low fluvial bench"
"4055","IDFxk/Fm01","Cottonwood – Snowberry – Rose","Fm","mid fluvial bench"
"4056","IDFxk/Fm02","Cottonwood – Spruce – Dogwood","Fm","mid fluvial bench"
"4057","IDFxk/Fm07","Aspen – Dogwood – Sarsaparilla","Fm","mid fluvial bench"
"4058","IDFxk/Ga01","Saltgrass","Ga","alkaline meadow"
"4059","IDFxk/Ga01.1","Saltgrass","Ga","alkaline meadow"
"4060","IDFxk/Ga01.2","Saltgrass – Spartina","Ga","alkaline meadow"
"4061","IDFxk/Ga02","Nuttall's alkaligrass – Foxtail barley","Ga","alkaline meadow"
"4062","IDFxk/Ga02.1","Nuttall's alkaligrass – Foxtail barley","Ga","alkaline meadow"
"4063","IDFxk/Ga02.2","Foxtail barley – Nuttall's alkaligrass","Ga","alkaline meadow"
"4064","IDFxk/Ga03","Field sedge","Ga","alkaline meadow"
"4065","IDFxk/Ga03$2","Field sedge","Ga","alkaline meadow"
"4066","IDFxk/Gb01","Juniper – Kinnikinnick – Bluebunch wheatgrass","Gb","brushland"
"4067","IDFxk/Gg01","Bluebunch wheatgrass – Prairie sagewort – Junegrass","Gg","grassland "
"4068","IDFxk/Gg02","Bluebunch wheatgrass – Balsamroot","Gg","grassland "
"4069","IDFxk/Gg02$2.2","Columbia needlegrass – Cheatgrass","Gg","grassland "
"4070","IDFxk/Gg02$2.3","Needle-and-thread grass – Cheatgrass","Gg","grassland "
"4071","IDFxk/Gg02$3.2","Antelope-brush – Bluebunch wheatgrass – Needle-and-thread grass","Gg","grassland "
"4072","IDFxk/Gg10","Rough fescue – Bluebunch wheatgrass","Gg","grassland "
"4073","IDFxk/Gg10$2.1","Bluebunch wheatgrass – Junegrass – Sandberg's bluegrass","Gg","grassland "
"4074","IDFxk/Gg10$2.3","Columbia needlegrass – Junegrass","Gg","grassland "
"4075","IDFxk/Gg12","Rough fescue – Yarrow – Old man's whiskers","Gg","grassland "
"4076","IDFxk/Gg12$2.3","Spreading needlegrass – Columbia needlegrass","Gg","grassland "
"4077","IDFxk/Gg12$2.4","Rabbit-brush – Needle-and-thread grass – Junegrass","Gg","grassland "
"4078","IDFxk/Gg12$2.6","Canada bluegrass – Dandelion","Gg","grassland "
"4079","IDFxk/Ro01","Selaginella – Bluebunch wheatgrass – Screw moss","Ro","rocky outcrop"
"4080","IDFxk/Ro01.1","Selaginella – Bluebunch wheatgrass – Screw moss","Ro","rocky outcrop"
"4081","IDFxk/Ro01.2","Selaginella – Screw moss","Ro","rocky outcrop"
"4082","IDFxk/Ro02","Rocky Mountain juniper – Selaginella – Bluebunch wheatgrass","Ro","rocky outcrop"
"4083","IDFxk/Ro05","Juniper – Kinnikinnick – Penstemon","Ro","rocky outcrop"
"4084","IDFxk/Ro05.1","Juniper – Kinnikinnick – Penstemon","Ro","rocky outcrop"
"4085","IDFxk/Rt01","Rocktripe – Green map","Rt","talus"
"4086","IDFxk/Rt04","Saskatoon – Bluebunch wheatgrass","Rt","talus"
"4087","IDFxk/Wf01","Water sedge – Beaked sedge","Wf","wetland fen"
"4088","IDFxk/Wf02","Scrub birch – Water sedge","Wf","wetland fen"
"4089","IDFxk/Wm01","Beaked sedge – Water sedge","Wm","wetland marsh"
"4090","IDFxk/Wm02","Water horsetail – Beaked sedge","Wm","wetland marsh"
"4091","IDFxk/Wm04","Common spikerush","Wm","wetland marsh"
"4092","IDFxk/Wm05","Cattail","Wm","wetland marsh"
"4093","IDFxk/Wm06","Soft-stemmed bulrush","Wm","wetland marsh"
"4094","IDFxk/Wm07","Baltic rush","Wm","wetland marsh"
"4095","IDFxk/Wm12","Woolly sedge","Wm","wetland marsh"
"4096","IDFxk/Wm14","Common reed","Wm","wetland marsh"
"4097","IDFxk/Ws04","Drummond's willow – Beaked sedge","Ws","wetland swamp"
"4098","IDFxm/01","Fd – Pinegrass – Feather moss",NA,NA
"4099","IDFxm/01a","Fd – Pinegrass – Feather moss; Typic",NA,NA
"4100","IDFxm/01b","Fd – Pinegrass – Feather moss; Cold",NA,NA
"4101","IDFxm/02","Fd – Bluebunch wheatgrass – Penstemon",NA,NA
"4102","IDFxm/02a","Fd – Bluebunch wheatgrass – Penstemon; Typic",NA,NA
"4103","IDFxm/02b","Fd – Bluebunch wheatgrass – Penstemon; Shallow",NA,NA
"4104","IDFxm/03","Fd – Juniper – Cladonia",NA,NA
"4105","IDFxm/04","Fd – Bluebunch wheatgrass – Pasture sage","IN","insolation"
"4106","IDFxm/05","Fd – Feather moss – Step moss","CAS","cold aspects"
"4107","IDFxm/06","Fd – Ricegrass – Feather moss",NA,NA
"4108","IDFxm/07","Fd – Prickly rose – Sarsaparilla",NA,NA
"4109","IDFxm/08","Sxw – Snowberry – Prickly rose",NA,NA
"4110","IDFxm/09","Sxw – Horsetail",NA,NA
"4111","IDFxm/10","At – Prairie rose – Pinegrass",NA,NA
"4112","IDFxm/Ff01","Water birch – Red-osier dogwood – Rose","Ff","fringe fluvial "
"4113","IDFxm/Ga01","Saltgrass","Ga","alkaline meadow"
"4114","IDFxm/Ga02","Nuttall's alkaligrass – Foxtail barley","Ga","alkaline meadow"
"4115","IDFxm/Ga03","Field sedge","Ga","alkaline meadow"
"4116","IDFxm/Gg01","Bluebunch wheatgrass – Prairie sagewort – Junegrass","Gg","grassland "
"4117","IDFxm/Gg04","Bluebunch wheatgrass – Junegrass – Pussytoes","Gg","grassland "
"4118","IDFxm/Gg20","Spreading needlegrass – Short-awned porcupinegrass","Gg","grassland "
"4119","IDFxm/Gg21","Spreading needlegrass – Rocky Mountain fescue","Gg","grassland "
"4120","IDFxm/Gg21a","Spreading needlegrass – Rocky Mountain fescue; Depression phase","Gg","grassland "
"4121","IDFxm/Gg21b","Spreading needlegrass – Rocky Mountain fescue; Forest Edge phase","Gg","grassland "
"4122","IDFxm/Gg21b$2.1","Kentucky bluegrass – Baltic rush","Gg","grassland "
"4123","IDFxm/Gg24","Short-awned pocupinegrass – Junegrass – Clad lichen","Gg","grassland "
"4124","IDFxm/Ro01","Selaginella – Bluebunch wheatgrass – Sidewalk moss","Ro","rocky outcrop"
"4125","IDFxm/Rt04","Saskatoon – Bluebunch wheatgrass","Rt","talus"
"4126","IDFxm/Wm01","Beaked sedge – Water sedge","Wm","wetland marsh"
"4127","IDFxm/Wm03","Awned sedge","Wm","wetland marsh"
"4128","IDFxm/Wm04","Common spikerush","Wm","wetland marsh"
"4129","IDFxm/Wm05","Cattail","Wm","wetland marsh"
"4130","IDFxm/Wm06","Soft-stemmed bulrush","Wm","wetland marsh"
"4131","IDFxm/Wm07","Baltic rush","Wm","wetland marsh"
"4132","IDFxm/Wm08","Three-square bulrush","Wm","wetland marsh"
"4133","IDFxm/Wm10","Boreal mannagrass","Wm","wetland marsh"
"4134","IDFxm/Wm11","Seacoast bulrush","Wm","wetland marsh"
"4135","IDFxm/Wm12","Woolly sedge","Wm","wetland marsh"
"4136","IDFxm/Wm13","Seaside arrow-grass","Wm","wetland marsh"
"4137","IDFxm/Ws03","Bebb's willow – Bluejoint","Ws","wetland swamp"
"4138","IDFxm/Ws05","Maccalla's willow – Beaked sedge","Ws","wetland swamp"
"4139","IDFxw/01","Fd – Juniper – Bluebunch wheatgrass",NA,NA
"4140","IDFxw/02","FdPy – Bluebunch wheatgrass – Pinegrass",NA,NA
"4141","IDFxw/03","FdPy – Western snowberry – Bluebunch wheatgrass","IN","insolation"
"4142","IDFxw/04","FdPy – Bluebunch wheatgrass – Balsamroot","IN","insolation"
"4143","IDFxw/05","Fd – Feather moss","CAS","cold aspects"
"4144","IDFxw/06","Sxw – Water birch",NA,NA
"4145","IDFxw/07","Sxw – Prickly rose – Coltsfoot",NA,NA
"4146","IDFxx1/101","FdPy – Pinegrass – Bluebunch wheatgrass",NA,NA
"4147","IDFxx1/102","Py – Mock-orange – Bluebunch wheatgrass",NA,NA
"4148","IDFxx1/103","Py – Bluebunch wheatgrass – Balsamroot",NA,NA
"4149","IDFxx1/104","Py – Bluebunch wheatgrass – Rough fescue",NA,NA
"4150","IDFxx1/110","Fd – Ninebark – Pinegrass",NA,NA
"4151","IDFxx1/111","Py(Lw) – Snowberry – Kentucky bluegrass",NA,NA
"4152","IDFxx1/Ff01","Water birch – Red-osier dogwood – Rose","Ff","fringe fluvial "
"4153","IDFxx1/Ff01a","Water birch – Red-osier dogwood – Rose; Fringe phase","Ff","fringe fluvial "
"4154","IDFxx1/Ff01b","Water birch – Red-osier dogwood – Rose; Grassland draw phase","Ff","fringe fluvial "
"4155","IDFxx1/Fl03","Pacific willow – Red-osier dogwood – Horsetail","Fl","low fluvial bench"
"4156","IDFxx1/Fl06","Sandbar willow – Scouring-rush","Fl","low fluvial bench"
"4157","IDFxx1/Fm01","Cottonwood – Snowberry – Rose","Fm","mid fluvial bench"
"4158","IDFxx1/Fm05","Cottonwood – Douglas-fir – Douglas' maple – Snowberry","Fm","mid fluvial bench"
"4159","IDFxx1/Ga03","Field sedge","Ga","alkaline meadow"
"4160","IDFxx1/Ga03$2","Field sedge","Ga","alkaline meadow"
"4161","IDFxx1/Gb04","Choke cherry – Snowberry – Bluebunch wheatgrass","Gb","brushland"
"4162","IDFxx1/Gb05","Sumac – Bluebunch wheatgrass","Gb","brushland"
"4163","IDFxx1/Gg01","Bluebunch wheatgrass – Prairie sagewort – Junegrass","Gg","grassland "
"4164","IDFxx1/Gg02","Bluebunch wheatgrass – Balsamroot","Gg","grassland "
"4165","IDFxx1/Gg02$2.3","Needle-and-thread grass – Cheatgrass","Gg","grassland "
"4166","IDFxx1/Gg10","Rough fescue – Bluebunch wheatgrass","Gg","grassland "
"4167","IDFxx1/Gg11","Idaho fescue – Bluebunch wheatgrass – Junegrass","Gg","grassland "
"4168","IDFxx1/Gg11$2.1","Bluebunch wheatgrass – Junegrass – Sandberg's bluegrass","Gg","grassland "
"4169","IDFxx1/Gg11$2.4","Needle-and-thread grass – Cheatgrass","Gg","grassland "
"4170","IDFxx1/Gg13","Idaho fescue – Silky lupine","Gg","grassland "
"4171","IDFxx1/Gg13$2.2","Bluebunch wheatgrass – Junegrass – Sandberg's bluegrass","Gg","grassland "
"4172","IDFxx1/Gg13$2.3","Needle-and-thread grass – Yellow salsify","Gg","grassland "
"4173","IDFxx1/Gg13$2.5","Cheatgrass – Columbia needlegrass","Gg","grassland "
"4174","IDFxx1/Gg26","Red three-awn – Needle-and-thread grass","Gg","grassland "
"4175","IDFxx1/Ro01","Selaginella – Bluebunch wheatgrass – Screw moss","Ro","rocky outcrop"
"4176","IDFxx1/Ro01.1","Selaginella – Bluebunch wheatgrass – Screw moss","Ro","rocky outcrop"
"4177","IDFxx1/Ro01.2","Selaginella – Screw moss","Ro","rocky outcrop"
"4178","IDFxx1/Ro04","Big sagebrush – Selaginella – Bluebunch wheatgrass","Ro","rocky outcrop"
"4179","IDFxx1/Ro04.1","Big sagebrush – Selaginella – Bluebunch wheatgrass","Ro","rocky outcrop"
"4180","IDFxx1/Ro04.2","Rabbit-brush – Big sagebrush – Selaginella – Bluebunch wheatgrass","Ro","rocky outcrop"
"4181","IDFxx1/Rt01","Rocktripe – Green map","Rt","talus"
"4182","IDFxx1/Rt04","Saskatoon – Bluebunch wheatgrass","Rt","talus"
"4183","IDFxx1/Rt06","Saskatoon – Mock-orange – Bluebunch wheatgrass","Rt","talus"
"4184","IDFxx1/Wm01","Beaked sedge – Water sedge","Wm","wetland marsh"
"4185","IDFxx1/Wm03","Awned sedge","Wm","wetland marsh"
"4186","IDFxx1/Wm04","Common spikerush","Wm","wetland marsh"
"4187","IDFxx1/Wm05","Cattail","Wm","wetland marsh"
"4188","IDFxx1/Wm06","Soft-stemmed bulrush","Wm","wetland marsh"
"4189","IDFxx1/Wm07","Baltic rush","Wm","wetland marsh"
"4190","IDFxx1/Wm12","Woolly sedge","Wm","wetland marsh"
"4191","IDFxx1/Wm14","Common reed","Wm","wetland marsh"
"4192","IDFxx2/101","FdPy – Pinegrass – Bluebunch wheatgrass",NA,NA
"4193","IDFxx2/101.1","FdPy – Pinegrass – Bluebunch wheatgrass",NA,NA
"4194","IDFxx2/101.2","FdPy – Pinegrass",NA,NA
"4195","IDFxx2/102","Py – Mock-orange – Bluebunch wheatgrass",NA,NA
"4196","IDFxx2/103","Py(Fd) – Antelope-brush – Bluebunch wheatgrass","IN","insolation"
"4197","IDFxx2/104","Py – Bluebunch wheatgrass – Rough fescue",NA,NA
"4198","IDFxx2/110","Fd – Feather moss – Step moss","CAS","cold aspects"
"4199","IDFxx2/111","FdLw – Snowberry – Pinegrass",NA,NA
"4200","IDFxx2/112","Sxw – Dogwood – Horsetail",NA,NA
"4201","IDFxx2/112a","Sxw – Dogwood – Horsetail; High bench phase",NA,NA
"4202","IDFxx2/112b","Sxw – Dogwood – Horsetail; Swamp phase",NA,NA
"4203","IDFxx2/Ff01","Water birch – Red-osier dogwood – Rose","Ff","fringe fluvial "
"4204","IDFxx2/Ff01a","Water birch – Red-osier dogwood – Rose","Ff","fringe fluvial "
"4205","IDFxx2/Ff01b","Water birch – Red-osier dogwood – Rose","Ff","fringe fluvial "
"4206","IDFxx2/Fl01","Mountain alder – Common horsetail","Fl","low fluvial bench"
"4207","IDFxx2/Fl03","Pacific willow – Red-osier dogwood – Horsetail","Fl","low fluvial bench"
"4208","IDFxx2/Fl06","Sandbar willow – Scouring-rush","Fl","low fluvial bench"
"4209","IDFxx2/Fm01","Cottonwood – Snowberry – Rose","Fm","mid fluvial bench"
"4210","IDFxx2/Fm02","Cottonwood – Spruce – Dogwood","Fm","mid fluvial bench"
"4211","IDFxx2/Fm07","Aspen – Dogwood – Sarsaparilla","Fm","mid fluvial bench"
"4212","IDFxx2/Ga01","Saltgrass","Ga","alkaline meadow"
"4213","IDFxx2/Ga01.1","Saltgrass","Ga","alkaline meadow"
"4214","IDFxx2/Ga01.2","Saltgrass – Spartina","Ga","alkaline meadow"
"4215","IDFxx2/Ga02","Nuttall's alkaligrass – Foxtail barley","Ga","alkaline meadow"
"4216","IDFxx2/Ga02.1","Nuttall's alkaligrass – Foxtail barley","Ga","alkaline meadow"
"4217","IDFxx2/Ga02.2","Foxtail barley – Nuttall's alkaligrass","Ga","alkaline meadow"
"4218","IDFxx2/Ga03","Field sedge","Ga","alkaline meadow"
"4219","IDFxx2/Ga03$2","Field sedge","Ga","alkaline meadow"
"4220","IDFxx2/Ga06","Seablite","Ga","alkaline meadow"
"4221","IDFxx2/Gb04","Choke cherry – Snowberry – Bluebunch wheatgrass","Gb","brushland"
"4222","IDFxx2/Gg01","Bluebunch wheatgrass – Prairie sagewort – Junegrass","Gg","grassland "
"4223","IDFxx2/Gg01$2.2","Needle-and-thread grass – Cheatgrass","Gg","grassland "
"4224","IDFxx2/Gg01$3.1","Antelope-brush – Bluebunch wheatgrass – Needle-and-thread grass – Cheatgrass","Gg","grassland "
"4225","IDFxx2/Gg02","Bluebunch wheatgrass – Balsamroot","Gg","grassland "
"4226","IDFxx2/Gg02$2.2","Columbia needlegrass – Cheatgrass","Gg","grassland "
"4227","IDFxx2/Gg02$2.3","Needle-and-thread grass – Cheatgrass","Gg","grassland "
"4228","IDFxx2/Gg02$3.2","Antelope-brush – Bluebunch wheatgrass – Needle-and-thread grass","Gg","grassland "
"4229","IDFxx2/Gg10","Rough fescue – Bluebunch wheatgrass","Gg","grassland "
"4230","IDFxx2/Gg10$2.1","Bluebunch wheatgrass – Junegrass – Sandberg's bluegrass","Gg","grassland "
"4231","IDFxx2/Gg10$2.3","Columbia needlegrass – Junegrass","Gg","grassland "
"4232","IDFxx2/Gg10$3.3","Antelope-brush – Saskatoon – Bluebunch wheatgrass – Kentucky bluegrass","Gg","grassland "
"4233","IDFxx2/Gg15","Rough fescue – Idaho fescue","Gg","grassland "
"4234","IDFxx2/Gg15$2.1","Idaho fescue – Bluebunch wheatgrass – Yellow salsify","Gg","grassland "
"4235","IDFxx2/Gg15$2.2","Bluebunch wheatgrass – Junegrass – Sandberg's bluegrass","Gg","grassland "
"4236","IDFxx2/Gg15$2.3","Short-awned porcupinegrass – Yarrow","Gg","grassland "
"4237","IDFxx2/Gg15$2.4","Spreading needlegrass – Kentucky bluegrass","Gg","grassland "
"4238","IDFxx2/Gg15$2.5","Needle-and-thread grass – Junegrass","Gg","grassland "
"4239","IDFxx2/Gg15$2.6","Junegrass – Sandberg's bluegrass – Yellow salsify","Gg","grassland "
"4240","IDFxx2/Gg15$2.7","Canada bluegrass – Kentucky bluegrass","Gg","grassland "
"4241","IDFxx2/Gg15a","Rough fescue – Idaho fescue; Dry phase","Gg","grassland "
"4242","IDFxx2/Gg15b","Rough fescue – Idaho fescue; Mesic phase","Gg","grassland "
"4243","IDFxx2/Gs12","Antelope-brush – Snowberry – Bluebunch wheatgrass","Gs","shrub-steppe"
"4244","IDFxx2/Gs13","Antelope-brush – Prairie sandgrass","Gs","shrub-steppe"
"4245","IDFxx2/Ro01","Selaginella – Bluebunch wheatgrass – Screw moss","Ro","rocky outcrop"
"4246","IDFxx2/Ro01.1","Selaginella – Bluebunch wheatgrass – Screw moss","Ro","rocky outcrop"
"4247","IDFxx2/Ro01.2","Selaginella – Screw moss","Ro","rocky outcrop"
"4248","IDFxx2/Ro02","Rocky Mountain juniper – Selaginella – Bluebunch wheatgrass","Ro","rocky outcrop"
"4249","IDFxx2/Ro03","Antelope-brush – Selaginella – Bluebunch wheatgrass","Ro","rocky outcrop"
"4250","IDFxx2/Rt01","Rocktripe – Green map","Rt","talus"
"4251","IDFxx2/Rt04","Saskatoon – Bluebunch wheatgrass","Rt","talus"
"4252","IDFxx2/Wf01","Water sedge – Beaked sedge","Wf","wetland fen"
"4253","IDFxx2/Wm01","Beaked sedge – Water sedge","Wm","wetland marsh"
"4254","IDFxx2/Wm02","Water horsetail – Beaked sedge","Wm","wetland marsh"
"4255","IDFxx2/Wm03","Awned sedge","Wm","wetland marsh"
"4256","IDFxx2/Wm04","Common spikerush","Wm","wetland marsh"
"4257","IDFxx2/Wm05","Cattail","Wm","wetland marsh"
"4258","IDFxx2/Wm06","Soft-stemmed bulrush","Wm","wetland marsh"
"4259","IDFxx2/Wm07","Baltic rush","Wm","wetland marsh"
"4260","IDFxx2/Wm12","Woolly sedge","Wm","wetland marsh"
"4261","IDFxx2/Wm14","Common reed","Wm","wetland marsh"
"4262","IMAun/Ag01","Timber oatgrass – Grouseberry – Sandwort","Ag","alpine grassland"
"4263","MHmm1/101","HmBa – Blueberry – Pipecleaner moss",NA,NA
"4264","MHmm1/101a","HmBa – Blueberry – Pipecleaner moss; Typic phase",NA,NA
"4265","MHmm1/101b","HmBa – Blueberry – Pipecleaner moss; Subxeric phase",NA,NA
"4266","MHmm1/102","YcHm – Mountain-heaths – Clad lichens",NA,NA
"4267","MHmm1/103","HmYc – Blueberry – Pink mountain-heath","SN","late snow"
"4268","MHmm1/104","HmYc – Copperbush – Mountain-heather","SN","late snow"
"4269","MHmm1/110","HmBa – Foamflower",NA,NA
"4270","MHmm1/111","HmYc – Copperbush – Deer cabbage",NA,NA
"4271","MHmm1/112","HmBa – Devil's club – Oak fern",NA,NA
"4272","MHmm1/Ro62","Mountain-heather – Rock mosses","Ro","rocky outcrop"
"4273","MHmm1/Vh60","Lady fern – Cow parsnip – Goatsbeard","Vh","avalanche herb"
"4274","MHmm1/Vs60","Sitka alder – Salmonberry – Lady fern","Vs","avalanche shrub"
"4275","MHmm1/Vs60.1","Sitka alder – Salmonberry – Lady fern; Typic variation","Vs","avalanche shrub"
"4276","MHmm1/Vs60.2","Sitka alder – Salmonberry – Lady fern; Salmonberry variation","Vs","avalanche shrub"
"4277","MHmm1/Wb58","YcHm – Narrow-leaved cotton-grass – Peat mosses","Wb","wetland bog "
"4278","MHmm1/Wf50","Narrow-leaved cotton-grass – Peat mosses","Wf","wetland fen"
"4279","MHmm1/Wf51","Sitka sedge – Peat mosses","Wf","wetland fen"
"4280","MHmm1/Ws55","YcHm – Skunk cabbage","Ws","wetland swamp"
"4281","MHmm2/101","HmBa – Blueberry – Pipecleaner moss",NA,NA
"4282","MHmm2/101a","HmBa – Blueberry – Pipecleaner moss; Typic phase",NA,NA
"4283","MHmm2/101b","HmBa – Blueberry – Pipecleaner moss; Subxeric phase",NA,NA
"4284","MHmm2/102","HmBl – Pink mountain-heath – Reindeer lichens",NA,NA
"4285","MHmm2/103","HmBa – Copperbush – Mountain-heather","SN","late snow"
"4286","MHmm2/110","HmBl – Valerian – Foamflower",NA,NA
"4287","MHmm2/111","HmBa – Deer cabbage – Peat mosses",NA,NA
"4288","MHmm2/112","HmBa – Devil's club – Oak fern",NA,NA
"4289","MHmm2/113","HmBl – Lady fern – Valerian",NA,NA
"4290","MHmm2/Ro62","Mountain-heather – Rock mosses","Ro","rocky outcrop"
"4291","MHmm2/Vh60","Lady fern – Cow parsnip – Goatsbeard","Vh","avalanche herb"
"4292","MHmm2/Vs60","Sitka alder – Salmonberry – Lady fern","Vs","avalanche shrub"
"4293","MHmm2/Vs60.1","Sitka alder – Salmonberry – Lady fern; Typic variation","Vs","avalanche shrub"
"4294","MHmm2/Vs60.2","Sitka alder – Salmonberry – Lady fern; Salmonberry variation","Vs","avalanche shrub"
"4295","MHmm2/Wb57","PlcYc – Deer cabbage – Peat mosses","Wb","wetland bog "
"4296","MHmm2/Wf01","Water sedge – Beaked sedge","Wf","wetland fen"
"4297","MHmm2/Wf50","Narrow-leaved cotton-grass – Peat mosses","Wf","wetland fen"
"4298","MHmm2/Wf51","Sitka sedge – Peat mosses","Wf","wetland fen"
"4299","MHmm2/Ws59","HmBl – Skunk cabbage","Ws","wetland swamp"
"4300","MHmm2/Ws63","HmBl – Lady fern – Horsetail","Ws","wetland swamp"
"4301","MHms/101","HmBl – Huckleberry – Blueberry – Oak fern",NA,NA
"4302","MHms/102","Hm – Huckleberry – Clad lichens",NA,NA
"4303","MHms/103","HmBl – Huckleberry – Heron's-bill mosses",NA,NA
"4304","MHms/104","HmBl – Mountain-heather – Leafy liverworts","SN","late snow"
"4305","MHms/110","HmBl – Lady fern – Valerian",NA,NA
"4306","MHms/111","HmBl – Devil's club – Lady fern",NA,NA
"4307","MHms/112","HmBl – Lady fern – Horsetail",NA,NA
"4308","MHms/Ro62","Mountain-heather – Rock mosses","Ro","rocky outcrop"
"4309","MHms/Vs60","Sitka alder – Salmonberry – Lady fern","Vs","avalanche shrub"
"4310","MHms/Vs60.1","Sitka alder – Salmonberry – Lady fern; Typic variation","Vs","avalanche shrub"
"4311","MHms/Vs60.2","Sitka alder – Salmonberry – Lady fern; Salmonberry variation","Vs","avalanche shrub"
"4312","MHms/Wb57","PlcYc – Deer cabbage – Peat mosses","Wb","wetland bog "
"4313","MHms/Wf50","Narrow-leaved cotton-grass – Peat mosses","Wf","wetland fen"
"4314","MHms/Ws08","Bl – Valerian – Horsetail","Ws","wetland swamp"
"4315","MHms/Ws63","HmBl – Lady fern – Horsetail","Ws","wetland swamp"
"4316","MHvh/101","HmYc – Blueberry – Lanky moss",NA,NA
"4317","MHvh/101a","HmYc – Blueberry – Lanky moss; Typic phase",NA,NA
"4318","MHvh/101b","HmYc – Blueberry – Lanky moss; Subxeric phase",NA,NA
"4319","MHvh/102","YcHm – Crowberry – Lanky moss",NA,NA
"4320","MHvh/110","HmBaYc – Deer fern – Twistedstalks",NA,NA
"4321","MHvh/111","HmYc – Copperbush – Deer cabbage",NA,NA
"4322","MHvh/Vs60","Sitka alder – Salmonberry – Lady fern","Vs","avalanche shrub"
"4323","MHvh/Vs60.1","Sitka alder – Salmonberry – Lady fern; Typic variation","Vs","avalanche shrub"
"4324","MHvh/Vs60.2","Sitka alder – Salmonberry – Lady fern; Salmonberry variation","Vs","avalanche shrub"
"4325","MHvh/Wb51","Plc – Crowberry – Peat mosses","Wb","wetland bog "
"4326","MHvh/Wb53","PlcYc – Tufted clubrush","Wb","wetland bog "
"4327","MHvh/Wb53.2","PlcYc – Tufted clubrush; Tall shrub variation","Wb","wetland bog "
"4328","MHvh/Wb53.3","PlcYc – Tufted clubrush; Low shrub variation","Wb","wetland bog "
"4329","MHvh/Wb57","PlcYc – Deer cabbage – Peat mosses","Wb","wetland bog "
"4330","MHvh/Wf50","Narrow-leaved cotton-grass – Peat mosses","Wf","wetland fen"
"4331","MHvh/Ws55","YcHm – Skunk cabbage","Ws","wetland swamp"
"4332","MHwh/101","HmSs – Blueberry",NA,NA
"4333","MHwh/101a","HmSs – Blueberry; Mesic phase",NA,NA
"4334","MHwh/101b","HmSs – Blueberry; Drier phase",NA,NA
"4335","MHwh/101c","HmSs – Blueberry; Moister phase",NA,NA
"4336","MHwh/102","YcHm – Crowberry – Mountain-heather",NA,NA
"4337","MHwh/110","HmSs – Reedgrass – Lanky moss",NA,NA
"4338","MHwh/111","HmSs – Reedgrass – Deer cabbage",NA,NA
"4339","MHwh/Am33","Arrow-leaved groundsel – Hellebore – Large-awned sedge",NA,NA
"4340","MHwh/Wb53","PlcYc – Tufted clubrush","Wb","wetland bog "
"4341","MHwh/Wb54","Yc – Tufted clubrush – Tufted hairgrass","Wb","wetland bog "
"4342","MHwhp/Am33","Arrow-leaved groundsel – Hellebore – Large-awned sedge",NA,NA
"4343","MHwhp/Am34","Tufted hairgrass – Calder's lovage",NA,NA
"4344","MHwhp/Sk33","Mountain hemlock – Bog blueberry – Crowberry","Sk","subalpine krummholz"
"4345","MHwhp/Sk34","Mountain  hemlock – Pacific reedgrass – Hellebore","Sk","subalpine krummholz"
"4346","MSdc1/01","Sxw – Wintergreen – Feather moss",NA,NA
"4347","MSdc1/02","FdPl – Juniper",NA,NA
"4348","MSdc1/03","Pl – Spirea – Pinegrass",NA,NA
"4349","MSdc1/04","Sxw – Gooseberry",NA,NA
"4350","MSdc1/05","Sedge – Glow moss",NA,NA
"4351","MSdc1/Wf01","Water sedge – Beaked sedge","Wf","wetland fen"
"4352","MSdc1/Wf04","Barclay's willow – Water sedge – Glow moss","Wf","wetland fen"
"4353","MSdc1/Wf08","Shore sedge – Buckbean – Hook moss","Wf","wetland fen"
"4354","MSdc1/Wm01","Beaked sedge – Water sedge","Wm","wetland marsh"
"4355","MSdc1/Ws06","Sitka willow – Sitka sedge","Ws","wetland swamp"
"4356","MSdc2/01","Sxw – Wintergreen – Feather moss",NA,NA
"4357","MSdc2/02","FdBl – Spirea – Stonecrop",NA,NA
"4358","MSdc2/03","FdBl – Soopolallie – Kinnikinnick","IN","insolation"
"4359","MSdc2/04","PlBl – Soopolallie – Kinnikinnick",NA,NA
"4360","MSdc2/05","Sxw – Rhododendron – Crowberry","FR","frost"
"4361","MSdc2/06","Sxw – Twinberry – Reedgrass",NA,NA
"4362","MSdc2/07","Sxw – Gooseberry",NA,NA
"4363","MSdc2/08","Sxw – Horsetail – Leafy moss",NA,NA
"4364","MSdc2/Wf02","Scrub birch – Water sedge","Wf","wetland fen"
"4365","MSdc2/Wm01","Beaked sedge – Water sedge","Wm","wetland marsh"
"4366","MSdc2/Wm02","Water horsetail – Beaked sedge","Wm","wetland marsh"
"4367","MSdk/101","SxwFd – Bunchberry – Feather moss",NA,NA
"4368","MSdk/102","Fd – Juniper – Douglas' maple",NA,NA
"4369","MSdk/103","FdPl – Juniper – Pinegrass","IN","insolation"
"4370","MSdk/104","SxwPl – Labrador tea – Feather moss","CA","cold aspects - cold air"
"4371","MSdk/105","FdPl – Pinegrass – Twinflower",NA,NA
"4372","MSdk/110","SxwBl – Azalea – Bunchberry",NA,NA
"4373","MSdk/110.1","SxwBl – Azalea – Bunchberry",NA,NA
"4374","MSdk/110.2","CwSxw – Bunchberry – Mitreworts",NA,NA
"4375","MSdk/111","SxwBl – Horsetail",NA,NA
"4376","MSdk/111a","SxwBl – Horsetail; Riparian phase",NA,NA
"4377","MSdk/111b","SxwBl – Horsetail; Swamp phase",NA,NA
"4378","MSdk/112","Sxw – Labrador tea – Peat moss",NA,NA
"4379","MSdk/112a","Sxw – Labrador tea – Peat moss; Riparian phase",NA,NA
"4380","MSdk/112b","Sxw – Labrador tea – Peat moss; Bog phase",NA,NA
"4381","MSdk/Ff01","Water birch – Red-osier dogwood – Rose","Ff","fringe fluvial "
"4382","MSdk/Ff01a","Water birch – Red-osier dogwood – Rose","Ff","fringe fluvial "
"4383","MSdk/Fl01","Mountain alder – Common horsetail","Fl","low fluvial bench"
"4384","MSdk/Fl02","Mountain alder – Red-osier dogwood – Lady fern","Fl","low fluvial bench"
"4385","MSdk/Fl04","Sitka willow – Red-osier dogwood – Horsetail","Fl","low fluvial bench"
"4386","MSdk/Fm01","Cottonwood – Snowberry – Rose","Fm","mid fluvial bench"
"4387","MSdk/Fm02","Cottonwood – Spruce – Dogwood","Fm","mid fluvial bench"
"4388","MSdk/Gb01","Juniper – Kinnikinnick – Bluebunch wheatgrass","Gb","brushland"
"4389","MSdk/Gg14","Idaho fescue – Sulphur buckwheat – Sandwort","Gg","grassland "
"4390","MSdk/Ro01","Selaginella – Bluebunch wheatgrass – Screw moss","Ro","rocky outcrop"
"4391","MSdk/Ro01.1","Selaginella – Bluebunch wheatgrass – Screw moss","Ro","rocky outcrop"
"4392","MSdk/Ro01.2","Selaginella – Screw moss","Ro","rocky outcrop"
"4393","MSdk/Ro05","Juniper – Kinnikinnick – Penstemon","Ro","rocky outcrop"
"4394","MSdk/Ro05.1","Juniper – Kinnikinnick – Penstemon","Ro","rocky outcrop"
"4395","MSdk/Ro09","Saskatoon – Rock moss – Clad lichen","Ro","rocky outcrop"
"4396","MSdk/Ro09.1","Saskatoon – Rock moss – Clad lichen","Ro","rocky outcrop"
"4397","MSdk/Ro11","Grouseberry – Clad lichen","Ro","rocky outcrop"
"4398","MSdk/Rt01","Rocktripe – Green map","Rt","talus"
"4399","MSdk/Rt02","Rock moss – Clad lichen","Rt","talus"
"4400","MSdk/Rt03","Raspberry – Feather moss – Clad lichen","Rt","talus"
"4401","MSdk/Rt04","Saskatoon – Bluebunch wheatgrass","Rt","talus"
"4402","MSdk/Rt07","Aspen – Juniper – Rocktripe","Rt","talus"
"4403","MSdk/Rt07.1","Aspen – Juniper – Rocktripe; Aspen variation","Rt","talus"
"4404","MSdk/Rt07.2","Juniper – Rocktripe","Rt","talus"
"4405","MSdk/Rt08","Aspen – Douglas' maple – Saskatoon","Rt","talus"
"4406","MSdk/Rt20","Spotted saxifrage – Clad lichen","Rt","talus"
"4407","MSdk/Vh01","Cow parsnip – Fireweed – Nettle","Vh","avalanche herb"
"4408","MSdk/Vh01.1","Cow parsnip – Fireweed – Nettle","Vh","avalanche herb"
"4409","MSdk/Vh01.2","Cow parsnip – Fireweed – Bluejoint","Vh","avalanche herb"
"4410","MSdk/Vh10","Fireweed – Grouseberry","Vh","avalanche herb"
"4411","MSdk/Vh11","Fireweed – Yarrow – Strawberry","Vh","avalanche herb"
"4412","MSdk/Vs02","Sitka alder – Solomon's-seal","Vs","avalanche shrub"
"4413","MSdk/Vs10","Willow – Cow parsnip – Fireweed","Vs","avalanche shrub"
"4414","MSdk/Vs10.1","Sitka willow – Cow parsnip – Fireweed","Vs","avalanche shrub"
"4415","MSdk/Vs10.2","Barclay's willow – Cow parsnip – Fireweed","Vs","avalanche shrub"
"4416","MSdk/Vs11","Thimbleberry – Cow parsnip – Fireweed","Vs","avalanche shrub"
"4417","MSdk/Vs12","Huckleberry – Rhododendron – Fireweed","Vs","avalanche shrub"
"4418","MSdk/Vs14","Saskatoon – Snowberry – Strawberry","Vs","avalanche shrub"
"4419","MSdk/Wb15","Sxw – Labrador tea – Peat moss","Wb","wetland bog "
"4420","MSdk/Wf01","Water sedge – Beaked sedge","Wf","wetland fen"
"4421","MSdk/Wf06","Slender sedge – Buckbean","Wf","wetland fen"
"4422","MSdk/Wf07","Scrub birch – Buckbean – Shore sedge","Wf","wetland fen"
"4423","MSdk/Wf08","Shore sedge – Buckbean – Hook moss","Wf","wetland fen"
"4424","MSdk/Wf11","Tufted clubrush – Star moss","Wf","wetland fen"
"4425","MSdk/Wm02","Water horsetail – Beaked sedge","Wm","wetland marsh"
"4426","MSdk/Wm04","Common spikerush","Wm","wetland marsh"
"4427","MSdk/Wm05","Cattail","Wm","wetland marsh"
"4428","MSdk/Wm15","Bluejoint – Water sedge","Wm","wetland marsh"
"4429","MSdk/Wm16","Bluejoint – Arrow-leaved groundsel","Wm","wetland marsh"
"4430","MSdk/Ws02","Mountain alder – Pink spirea – Sitka sedge","Ws","wetland swamp"
"4431","MSdk/Ws03","Bebb's willow – Bluejoint","Ws","wetland swamp"
"4432","MSdk/Ws06","Sitka willow – Sitka sedge","Ws","wetland swamp"
"4433","MSdk/Ws07","Sxw – Horsetail – Leafy moss","Ws","wetland swamp"
"4434","MSdk/Ws07.1","Sxw – Horsetail – Leafy moss; Typic variation","Ws","wetland swamp"
"4435","MSdk/Ws07.2","Sxw – Horsetail – Leafy moss; Soft-leaved sedge variation","Ws","wetland swamp"
"4436","MSdm1/101","Sxw – Falsebox – Feather moss",NA,NA
"4437","MSdm1/102","Fd – Douglas' maple – Pentsemon",NA,NA
"4438","MSdm1/103","Fd(Lw) – Pinegrass – Kinnikinnick",NA,NA
"4439","MSdm1/103a","Fd(Lw) – Pinegrass – Kinnikinnick; Subxeric phase",NA,NA
"4440","MSdm1/103b","Fd(Lw) – Pinegrass – Kinnikinnick; Submesic phase",NA,NA
"4441","MSdm1/104","Pl(Lw) – Pinegrass – Grouseberry",NA,NA
"4442","MSdm1/110","SxwBl – Trapper's tea – Grouseberry",NA,NA
"4443","MSdm1/111","SxwBl – Gooseberry",NA,NA
"4444","MSdm1/111.1","SxwBl – Gooseberry",NA,NA
"4445","MSdm1/111.2","SxwBl(Cw) – Thimbleberry",NA,NA
"4446","MSdm1/112","SxwBl – Gooseberry – Oak fern",NA,NA
"4447","MSdm1/113","Sxw(Bl) – Horsetail",NA,NA
"4448","MSdm1/113a","Sxw(Bl) – Horsetail; Riparian phase",NA,NA
"4449","MSdm1/113b","Sxw(Bl) – Horsetail; Swamp phase",NA,NA
"4450","MSdm1/Ff01","Water birch – Red-osier dogwood – Rose","Ff","fringe fluvial "
"4451","MSdm1/Ff01a","Water birch – Red-osier dogwood – Rose; Fringe phase","Ff","fringe fluvial "
"4452","MSdm1/Fl01","Mountain alder – Common horsetail","Fl","low fluvial bench"
"4453","MSdm1/Fl05","Drummond's willow – Bluejoint","Fl","low fluvial bench"
"4454","MSdm1/Fm02","Cottonwood – Spruce – Dogwood","Fm","mid fluvial bench"
"4455","MSdm1/Gb21","Juniper – Kinnikinnick – Strawberry","Gb","brushland"
"4456","MSdm1/Gg11","Idaho fescue – Bluebunch wheatgrass – Junegrass","Gg","grassland "
"4457","MSdm1/Gg11$2.1","Bluebunch wheatgrass – Junegrass – Sandberg's bluegrass","Gg","grassland "
"4458","MSdm1/Gg11$2.4","Needle-and-thread grass – Cheatgrass","Gg","grassland "
"4459","MSdm1/Gg11$3.1","Big sagebrush – Bluebunch wheatgrass – Idaho fescue","Gg","grassland "
"4460","MSdm1/Gg18","Idaho fescue – Bluebunch wheatgrass – Selaginella","Gg","grassland "
"4461","MSdm1/Gs06","Mountain sagebrush – Pinegrass – Idaho Fescue","Gs","shrub-steppe"
"4462","MSdm1/Gs06$3.2","Mountain sagebrush – Kentucky bluegrass","Gs","shrub-steppe"
"4463","MSdm1/Ro01","Selaginella – Bluebunch wheatgrass – Screw moss","Ro","rocky outcrop"
"4464","MSdm1/Ro01.1","Selaginella – Bluebunch wheatgrass – Screw moss","Ro","rocky outcrop"
"4465","MSdm1/Ro01.2","Selaginella – Screw moss","Ro","rocky outcrop"
"4466","MSdm1/Ro05","Juniper – Kinnikinnick – Penstemon","Ro","rocky outcrop"
"4467","MSdm1/Ro05.1","Juniper – Kinnikinnick – Penstemon","Ro","rocky outcrop"
"4468","MSdm1/Ro09","Saskatoon – Rock moss – Clad lichen","Ro","rocky outcrop"
"4469","MSdm1/Ro09.1","Saskatoon – Rock moss – Clad lichen","Ro","rocky outcrop"
"4470","MSdm1/Ro09.2","Saskatoon – Poverty oatgrass – Rock moss – Clad lichen","Ro","rocky outcrop"
"4471","MSdm1/Ro11","Grouseberry – Clad lichen","Ro","rocky outcrop"
"4472","MSdm1/Rt01","Rocktripe – Green map","Rt","talus"
"4473","MSdm1/Rt02","Rock moss – Clad lichen","Rt","talus"
"4474","MSdm1/Rt03","Raspberry – Feather moss – Clad lichen","Rt","talus"
"4475","MSdm1/Rt07","Aspen – Juniper – Rocktripe","Rt","talus"
"4476","MSdm1/Rt07.1","Aspen – Juniper – Rocktripe; Aspen variation","Rt","talus"
"4477","MSdm1/Rt07.2","Juniper – Rocktripe","Rt","talus"
"4478","MSdm1/Rt08","Aspen – Douglas' maple – Saskatoon","Rt","talus"
"4479","MSdm1/Wb16","Sxw – Trapper's tea – Peat moss","Wb","wetland bog "
"4480","MSdm1/Wf01","Water sedge – Beaked sedge","Wf","wetland fen"
"4481","MSdm1/Wf02","Scrub birch – Water sedge","Wf","wetland fen"
"4482","MSdm1/Wf04","Barclay's willow – Water sedge – Glow moss","Wf","wetland fen"
"4483","MSdm1/Wf05","Slender sedge – Common hook moss","Wf","wetland fen"
"4484","MSdm1/Wf07","Scrub birch – Buckbean – Shore sedge","Wf","wetland fen"
"4485","MSdm1/Wf11","Tufted clubrush – Star moss","Wf","wetland fen"
"4486","MSdm1/Wm01","Beaked sedge – Water sedge","Wm","wetland marsh"
"4487","MSdm1/Wm02","Water horsetail – Beaked sedge","Wm","wetland marsh"
"4488","MSdm1/Wm04","Common spikerush","Wm","wetland marsh"
"4489","MSdm1/Wm05","Cattail","Wm","wetland marsh"
"4490","MSdm1/Wm09","Inflated sedge","Wm","wetland marsh"
"4491","MSdm1/Wm15","Bluejoint – Water sedge","Wm","wetland marsh"
"4492","MSdm1/Wm16","Bluejoint – Arrow-leaved groundsel","Wm","wetland marsh"
"4493","MSdm1/Ws02","Mountain alder – Pink spirea – Sitka sedge","Ws","wetland swamp"
"4494","MSdm1/Ws04","Drummond's willow – Beaked sedge","Ws","wetland swamp"
"4495","MSdm1/Ws06","Sitka willow – Sitka sedge","Ws","wetland swamp"
"4496","MSdm1/Ws07","Sxw – Horsetail – Leafy moss","Ws","wetland swamp"
"4497","MSdm1/Ws07.1","Sxw – Horsetail – Leafy moss; Typic variation","Ws","wetland swamp"
"4498","MSdm1/Ws07.2","Sxw – Horsetail – Leafy moss; Soft-leaved sedge variation","Ws","wetland swamp"
"4499","MSdm2/101","Sxw – Falsebox – Feather moss",NA,NA
"4500","MSdm2/102","FdPl – Juniper – Kinnikinnick",NA,NA
"4501","MSdm2/103","FdPl – Falsebox – Pinegrass","IN","insolation"
"4502","MSdm2/104","Pl – Pinegrass – Grouseberry",NA,NA
"4503","MSdm2/105","PlSxw – Trapper's tea – Grouseberry","CA","cold aspects - cold air"
"4504","MSdm2/110","SxwBl – Trapper's tea – Bramble","CA","cold aspects - cold air"
"4505","MSdm2/111","SxwBl – Gooseberry",NA,NA
"4506","MSdm2/112","Sxw – Devil's club",NA,NA
"4507","MSdm2/113","SxwBl – Horsetail",NA,NA
"4508","MSdm2/Gb21","Juniper – Kinnikinnick – Strawberry","Gb","brushland"
"4509","MSdm2/Gg02","Bluebunch wheatgrass – Balsamroot","Gg","grassland "
"4510","MSdm2/Gg11","Idaho fescue – Bluebunch wheatgrass – Junegrass","Gg","grassland "
"4511","MSdm2/Gg11$2.1","Bluebunch wheatgrass – Junegrass – Sandberg's bluegrass","Gg","grassland "
"4512","MSdm2/Gg11$2.3","Columbia needlegrass – Cheatgrass","Gg","grassland "
"4513","MSdm2/Gg11$2.4","Needle-and-thread grass – Cheatgrass","Gg","grassland "
"4514","MSdm2/Gg32","Pinegrass – Kinnikinnick","Gg","grassland "
"4515","MSdm2/Gs04","Mountain sagebrush – Bluebunch wheatgrass","Gs","shrub-steppe"
"4516","MSdm2/Ro01","Selaginella – Bluebunch wheatgrass – Screw moss","Ro","rocky outcrop"
"4517","MSdm2/Ro01.1","Selaginella – Bluebunch wheatgrass – Screw moss","Ro","rocky outcrop"
"4518","MSdm2/Ro01.2","Selaginella – Screw moss","Ro","rocky outcrop"
"4519","MSdm2/Ro05","Juniper – Kinnikinnick – Penstemon","Ro","rocky outcrop"
"4520","MSdm2/Ro05.1","Juniper – Kinnikinnick – Penstemon","Ro","rocky outcrop"
"4521","MSdm2/Ro05.2","Juniper – Kinnikinnick – Penstemon – Screw moss","Ro","rocky outcrop"
"4522","MSdm2/Ro06","Juniper – Stonecrop – Sandwort","Ro","rocky outcrop"
"4523","MSdm2/Ro06.1","Juniper – Stonecrop – Sandwort","Ro","rocky outcrop"
"4524","MSdm2/Ro06.2","Juniper – Kinnikinnick – Stonecrop – Sandwort","Ro","rocky outcrop"
"4525","MSdm2/Ro11","Grouseberry – Clad lichen","Ro","rocky outcrop"
"4526","MSdm2/Rt01","Rocktripe – Green map","Rt","talus"
"4527","MSdm2/Rt07","Aspen – Juniper – Rocktripe","Rt","talus"
"4528","MSdm2/Rt07.1","Aspen – Juniper – Rocktripe; Aspen variation","Rt","talus"
"4529","MSdm2/Rt07.2","Juniper – Rocktripe","Rt","talus"
"4530","MSdm2/Wb16","Sxw – Trapper's tea – Peat moss","Wb","wetland bog "
"4531","MSdm2/Wf01","Water sedge – Beaked sedge","Wf","wetland fen"
"4532","MSdm2/Wf02","Scrub birch – Water sedge","Wf","wetland fen"
"4533","MSdm2/Wf04","Barclay's willow – Water sedge – Glow moss","Wf","wetland fen"
"4534","MSdm2/Wf05","Slender sedge – Common hook moss","Wf","wetland fen"
"4535","MSdm2/Wf06","Slender sedge – Buckbean","Wf","wetland fen"
"4536","MSdm2/Wf07","Scrub birch – Buckbean – Shore sedge","Wf","wetland fen"
"4537","MSdm2/Wf08","Shore sedge – Buckbean – Hook moss","Wf","wetland fen"
"4538","MSdm2/Wf09","Few-flowered spikerush – Hook moss","Wf","wetland fen"
"4539","MSdm2/Wf11","Tufted clubrush – Star moss","Wf","wetland fen"
"4540","MSdm2/Wf12","Narrow-leaved cotton-grass – Marsh-marigold","Wf","wetland fen"
"4541","MSdm2/Wf13","Narrow-leaved cotton-grass – Shore sedge","Wf","wetland fen"
"4542","MSdm2/Wm01","Beaked sedge – Water sedge","Wm","wetland marsh"
"4543","MSdm2/Wm02","Water horsetail – Beaked sedge","Wm","wetland marsh"
"4544","MSdm2/Wm06","Soft-stemmed bulrush","Wm","wetland marsh"
"4545","MSdm2/Wm09","Inflated sedge","Wm","wetland marsh"
"4546","MSdm2/Ws02","Mountain alder – Pink spirea – Sitka sedge","Ws","wetland swamp"
"4547","MSdm2/Ws04","Drummond's willow – Beaked sedge","Ws","wetland swamp"
"4548","MSdm2/Ws07","Sxw – Horsetail – Leafy moss","Ws","wetland swamp"
"4549","MSdm2/Ws07.1","Sxw – Horsetail – Leafy moss; Typic variation","Ws","wetland swamp"
"4550","MSdm2/Ws07.2","Sxw – Horsetail – Leafy moss; Soft-leaved sedge variation","Ws","wetland swamp"
"4551","MSdm3/01","Sxw – Falsebox – Feather moss",NA,NA
"4552","MSdm3/02","Juniper – Bluebunch wheatgrass",NA,NA
"4553","MSdm3/03","Pl – Juniper – Grouseberry",NA,NA
"4554","MSdm3/04","Pl – Grouseberry – Pinegrass",NA,NA
"4555","MSdm3/05","Sxw – Gooseberry – Grouseberry",NA,NA
"4556","MSdm3/06","Sxw – Gooseberry – Devil's club",NA,NA
"4557","MSdm3/07","Sxw – Horsetail – Leafy moss",NA,NA
"4558","MSdm3/Wf04","Barclay's willow – Water sedge – Glow moss","Wf","wetland fen"
"4559","MSdm3/Wf05","Slender sedge – Common hook moss","Wf","wetland fen"
"4560","MSdm3/Wf08","Shore sedge – Buckbean – Hook moss","Wf","wetland fen"
"4561","MSdm3/Wm01","Beaked sedge – Water sedge","Wm","wetland marsh"
"4562","MSdm3/Wm02","Water horsetail – Beaked sedge","Wm","wetland marsh"
"4563","MSdv/01","Pl – Soopolallie – Twinflower",NA,NA
"4564","MSdv/02","Pl – Penstemon – Balsamroot",NA,NA
"4565","MSdv/02a","Pl – Penstemon – Balsamroot; Shallow",NA,NA
"4566","MSdv/02b","Pl – Penstemon – Balsamroot; South slope",NA,NA
"4567","MSdv/03","Pl – Short-awned ricegrass – Peltigera","CA","cold aspects - cold air"
"4568","MSdv/04","Pl – Saskatoon – Kinnikinnick",NA,NA
"4569","MSdv/05","Pl – Soopolallie – Heron's-bill",NA,NA
"4570","MSdv/06","Sxw – Twinberry – Reedgrass",NA,NA
"4571","MSdv/07","Sxw – Dwarf blueberry – Crowberry","FR","frost"
"4572","MSdv/08","Sxw – Soopolallie – Scouring-rush",NA,NA
"4573","MSdv/09","Sxw – Horsetail – Leafy moss",NA,NA
"4574","MSdw/101","Sxw – Arnica – Pinegrass",NA,NA
"4575","MSdw/102","Fd – Juniper",NA,NA
"4576","MSdw/103","Fd(LwPl) – Pinegrass","IN","insolation"
"4577","MSdw/104","Pl(Lw) – Pinegrass – Twinflower",NA,NA
"4578","MSdw/104.1","Pl(Lw) – Pinegrass – Twinflower",NA,NA
"4579","MSdw/104.2","Pl(Lw) – Pinegrass – Grouseberry",NA,NA
"4580","MSdw/110","SxwBl – Azalea – Bunchberry",NA,NA
"4581","MSdw/110.1","SxwBl – Azalea – Bunchberry",NA,NA
"4582","MSdw/110.2","CwSxw – Bunchberry – Mitreworts",NA,NA
"4583","MSdw/111","Sxw – Horsetail",NA,NA
"4584","MSdw/111a","Sxw – Horsetail; Riparian phase",NA,NA
"4585","MSdw/111b","Sxw – Horsetail; Swamp phase",NA,NA
"4586","MSdw/112","Sxw – Trapper's tea – Peat moss","CA","cold aspects - cold air"
"4587","MSdw/Ff01","Water birch – Red-osier dogwood – Rose","Ff","fringe fluvial "
"4588","MSdw/Ff01a","Water birch – Red-osier dogwood – Rose","Ff","fringe fluvial "
"4589","MSdw/Fl01","Mountain alder – Common horsetail","Fl","low fluvial bench"
"4590","MSdw/Fl02","Mountain alder – Red-osier dogwood – Lady fern","Fl","low fluvial bench"
"4591","MSdw/Fl04","Sitka willow – Red-osier dogwood – Horsetail","Fl","low fluvial bench"
"4592","MSdw/Fl05","Drummond's willow – Bluejoint","Fl","low fluvial bench"
"4593","MSdw/Fm01","Cottonwood – Snowberry – Rose","Fm","mid fluvial bench"
"4594","MSdw/Fm02","Cottonwood – Spruce – Dogwood","Fm","mid fluvial bench"
"4595","MSdw/Gb01","Juniper – Kinnikinnick – Bluebunch wheatgrass","Gb","brushland"
"4596","MSdw/Gb04","Choke cherry – Snowberry – Bluebunch wheatgrass","Gb","brushland"
"4597","MSdw/Gg12","Rough fescue – Yarrow – Old man's whiskers","Gg","grassland "
"4598","MSdw/Gg12$2.3","Spreading needlegrass – Columbia needlegrass","Gg","grassland "
"4599","MSdw/Gg12$2.4","Rabbit-brush – Needle-and-thread grass – Junegrass","Gg","grassland "
"4600","MSdw/Gg12$2.6","Canada bluegrass – Dandelion","Gg","grassland "
"4601","MSdw/Gg14","Idaho fescue – Sulphur buckwheat – Sandwort","Gg","grassland "
"4602","MSdw/Gg17","Idaho fescue – Bluebunch wheatgrass – Sulphur buckwheat","Gg","grassland "
"4603","MSdw/Ro01","Selaginella – Bluebunch wheatgrass – Screw moss","Ro","rocky outcrop"
"4604","MSdw/Ro01.1","Selaginella – Bluebunch wheatgrass – Screw moss","Ro","rocky outcrop"
"4605","MSdw/Ro01.2","Selaginella – Screw moss","Ro","rocky outcrop"
"4606","MSdw/Ro05","Juniper – Kinnikinnick – Penstemon","Ro","rocky outcrop"
"4607","MSdw/Ro05.1","Juniper – Kinnikinnick – Penstemon","Ro","rocky outcrop"
"4608","MSdw/Ro09","Saskatoon – Rock moss – Clad lichen","Ro","rocky outcrop"
"4609","MSdw/Ro09.1","Saskatoon – Rock moss – Clad lichen","Ro","rocky outcrop"
"4610","MSdw/Ro11","Grouseberry – Clad lichen","Ro","rocky outcrop"
"4611","MSdw/Rt01","Rocktripe – Green map","Rt","talus"
"4612","MSdw/Rt02","Rock moss – Clad lichen","Rt","talus"
"4613","MSdw/Rt03","Raspberry – Feather moss – Clad lichen","Rt","talus"
"4614","MSdw/Rt04","Saskatoon – Bluebunch wheatgrass","Rt","talus"
"4615","MSdw/Rt07","Aspen – Juniper – Rocktripe","Rt","talus"
"4616","MSdw/Rt07.1","Aspen – Juniper – Rocktripe; Aspen variation","Rt","talus"
"4617","MSdw/Rt07.2","Juniper – Rocktripe","Rt","talus"
"4618","MSdw/Rt08","Aspen – Douglas' maple – Saskatoon","Rt","talus"
"4619","MSdw/Rt20","Spotted saxifrage – Clad lichen","Rt","talus"
"4620","MSdw/Vh01","Cow parsnip – Fireweed – Nettle","Vh","avalanche herb"
"4621","MSdw/Vh01.1","Cow parsnip – Fireweed – Nettle","Vh","avalanche herb"
"4622","MSdw/Vh01.2","Cow parsnip – Fireweed – Bluejoint","Vh","avalanche herb"
"4623","MSdw/Vh10","Fireweed – Grouseberry","Vh","avalanche herb"
"4624","MSdw/Vh11","Fireweed – Yarrow – Strawberry","Vh","avalanche herb"
"4625","MSdw/Vh12","Idaho fescue – Sulphur buckwheat – Fireweed","Vh","avalanche herb"
"4626","MSdw/Vs02","Sitka alder – Solomon's-seal","Vs","avalanche shrub"
"4627","MSdw/Vs10","Willow – Cow parsnip – Fireweed","Vs","avalanche shrub"
"4628","MSdw/Vs10.1","Sitka willow – Cow parsnip – Fireweed","Vs","avalanche shrub"
"4629","MSdw/Vs10.2","Barclay's willow – Cow parsnip – Fireweed","Vs","avalanche shrub"
"4630","MSdw/Vs11","Thimbleberry – Cow parsnip – Fireweed","Vs","avalanche shrub"
"4631","MSdw/Vs12","Huckleberry – Rhododendron – Fireweed","Vs","avalanche shrub"
"4632","MSdw/Vs13","Huckleberry – Bear-grass – Fireweed","Vs","avalanche shrub"
"4633","MSdw/Vs14","Saskatoon – Snowberry – Strawberry","Vs","avalanche shrub"
"4634","MSdw/Wb15","Sxw – Labrador tea – Peat moss","Wb","wetland bog "
"4635","MSdw/Wb16","Sxw – Trapper's tea – Peat moss","Wb","wetland bog "
"4636","MSdw/Wf01","Water sedge – Beaked sedge","Wf","wetland fen"
"4637","MSdw/Wf02","Scrub birch – Water sedge","Wf","wetland fen"
"4638","MSdw/Wf05","Slender sedge – Common hook moss","Wf","wetland fen"
"4639","MSdw/Wf06","Slender sedge – Buckbean","Wf","wetland fen"
"4640","MSdw/Wf07","Scrub birch – Buckbean – Shore sedge","Wf","wetland fen"
"4641","MSdw/Wf08","Shore sedge – Buckbean – Hook moss","Wf","wetland fen"
"4642","MSdw/Wf11","Tufted clubrush – Star moss","Wf","wetland fen"
"4643","MSdw/Wm01","Beaked sedge – Water sedge","Wm","wetland marsh"
"4644","MSdw/Wm02","Water horsetail – Beaked sedge","Wm","wetland marsh"
"4645","MSdw/Wm04","Common spikerush","Wm","wetland marsh"
"4646","MSdw/Wm05","Cattail","Wm","wetland marsh"
"4647","MSdw/Wm06","Soft-stemmed bulrush","Wm","wetland marsh"
"4648","MSdw/Wm15","Bluejoint – Water sedge","Wm","wetland marsh"
"4649","MSdw/Wm16","Bluejoint – Arrow-leaved groundsel","Wm","wetland marsh"
"4650","MSdw/Ws02","Mountain alder – Pink spirea – Sitka sedge","Ws","wetland swamp"
"4651","MSdw/Ws03","Bebb's willow – Bluejoint","Ws","wetland swamp"
"4652","MSdw/Ws04","Drummond's willow – Beaked sedge","Ws","wetland swamp"
"4653","MSdw/Ws06","Sitka willow – Sitka sedge","Ws","wetland swamp"
"4654","MSdw/Ws07","Sxw – Horsetail – Leafy moss","Ws","wetland swamp"
"4655","MSdw/Ws07.1","Sxw – Horsetail – Leafy moss; Typic variation","Ws","wetland swamp"
"4656","MSdw/Ws07.2","Sxw – Horsetail – Leafy moss; Soft-leaved sedge variation","Ws","wetland swamp"
"4657","MSxk1/101","Pl – Pinegrass – Grouseberry – Feather moss",NA,NA
"4658","MSxk1/101a","Pl – Pinegrass – Grouseberry – Feather moss; Typic phase",NA,NA
"4659","MSxk1/101b","Pl – Pinegrass – Grouseberry – Feather moss; Warm phase",NA,NA
"4660","MSxk1/102","Pl – Grouseberry – Clad lichens",NA,NA
"4661","MSxk1/103","Pl – Grouseberry – Kinnikinnick – Clad lichens",NA,NA
"4662","MSxk1/104","Pl – Grouseberry – Feather moss",NA,NA
"4663","MSxk1/105","PlSxw – Trapper's tea – Grouseberry",NA,NA
"4664","MSxk1/110","Sxw – Trapper's tea – Bunchberry – Glow moss",NA,NA
"4665","MSxk1/111","SxwBl – Gooseberry",NA,NA
"4666","MSxk1/112","Sxw – Horsetail – Soft-leaved sedge",NA,NA
"4667","MSxk1/113","Sxw – Rocky Mountain sedge – Leafy mosses",NA,NA
"4668","MSxk1/Ag03","Timber oatgrass – Kinnikinnick","Ag","alpine grassland"
"4669","MSxk1/Fl06","Sandbar willow – Scouring-rush","Fl","low fluvial bench"
"4670","MSxk1/Gb21","Juniper – Kinnikinnick – Strawberry","Gb","brushland"
"4671","MSxk1/Gg02","Bluebunch wheatgrass – Balsamroot","Gg","grassland "
"4672","MSxk1/Gg11","Idaho fescue – Bluebunch wheatgrass – Junegrass","Gg","grassland "
"4673","MSxk1/Gg11$2.1","Bluebunch wheatgrass – Junegrass – Sandberg's bluegrass","Gg","grassland "
"4674","MSxk1/Gg11$2.3","Columbia needlegrass – Cheatgrass","Gg","grassland "
"4675","MSxk1/Gg11$2.4","Needle-and-thread grass – Cheatgrass","Gg","grassland "
"4676","MSxk1/Gg13","Idaho fescue – Silky lupine","Gg","grassland "
"4677","MSxk1/Gg13$2.1","Spreading needlegrass – Idaho fescue – Pinegrass","Gg","grassland "
"4678","MSxk1/Gg14","Idaho fescue – Sulphur buckwheat – Sandwort","Gg","grassland "
"4679","MSxk1/Gg32","Pinegrass – Kinnikinnick","Gg","grassland "
"4680","MSxk1/Gs04","Mountain sagebrush – Bluebunch wheatgrass","Gs","shrub-steppe"
"4681","MSxk1/Ro04","Big sagebrush – Selaginella – Bluebunch wheatgrass","Ro","rocky outcrop"
"4682","MSxk1/Ro04.1","Big sagebrush – Selaginella – Bluebunch wheatgrass","Ro","rocky outcrop"
"4683","MSxk1/Ro05","Juniper – Kinnikinnick – Penstemon","Ro","rocky outcrop"
"4684","MSxk1/Ro05.1","Juniper – Kinnikinnick – Penstemon","Ro","rocky outcrop"
"4685","MSxk1/Ro06","Juniper – Stonecrop – Sandwort","Ro","rocky outcrop"
"4686","MSxk1/Ro06.1","Juniper – Stonecrop – Sandwort","Ro","rocky outcrop"
"4687","MSxk1/Ro06.2","Juniper – Kinnikinnick – Stonecrop – Sandwort","Ro","rocky outcrop"
"4688","MSxk1/Ro11","Grouseberry – Clad lichen","Ro","rocky outcrop"
"4689","MSxk1/Rt01","Rocktripe – Green map","Rt","talus"
"4690","MSxk1/Rt07","Aspen – Juniper – Rocktripe","Rt","talus"
"4691","MSxk1/Rt07.1","Aspen – Juniper – Rocktripe; Aspen variation","Rt","talus"
"4692","MSxk1/Rt07.2","Juniper – Rocktripe","Rt","talus"
"4693","MSxk1/Wb16","Sxw – Trapper's tea – Peat moss","Wb","wetland bog "
"4694","MSxk1/Wf01","Water sedge – Beaked sedge","Wf","wetland fen"
"4695","MSxk1/Wf02","Scrub birch – Water sedge","Wf","wetland fen"
"4696","MSxk1/Wf04","Barclay's willow – Water sedge – Glow moss","Wf","wetland fen"
"4697","MSxk1/Wf05","Slender sedge – Common hook moss","Wf","wetland fen"
"4698","MSxk1/Wf06","Slender sedge – Buckbean","Wf","wetland fen"
"4699","MSxk1/Wf07","Scrub birch – Buckbean – Shore sedge","Wf","wetland fen"
"4700","MSxk1/Wf08","Shore sedge – Buckbean – Hook moss","Wf","wetland fen"
"4701","MSxk1/Wf09","Few-flowered spikerush – Hook moss","Wf","wetland fen"
"4702","MSxk1/Wf11","Tufted clubrush – Star moss","Wf","wetland fen"
"4703","MSxk1/Wf12","Narrow-leaved cotton-grass – Marsh-marigold","Wf","wetland fen"
"4704","MSxk1/Wf13","Narrow-leaved cotton-grass – Shore sedge","Wf","wetland fen"
"4705","MSxk1/Wf15","Rocky mountain sedge – Glow moss","Wf","wetland fen"
"4706","MSxk1/Wm01","Beaked sedge – Water sedge","Wm","wetland marsh"
"4707","MSxk1/Wm02","Water horsetail – Beaked sedge","Wm","wetland marsh"
"4708","MSxk1/Wm06","Soft-stemmed bulrush","Wm","wetland marsh"
"4709","MSxk1/Wm16","Bluejoint – Arrow-leaved groundsel","Wm","wetland marsh"
"4710","MSxk1/Ws04","Drummond's willow – Beaked sedge","Ws","wetland swamp"
"4711","MSxk1/Ws07","Sxw – Horsetail – Leafy moss","Ws","wetland swamp"
"4712","MSxk1/Ws07.1","Sxw – Horsetail – Leafy moss; Typic variation","Ws","wetland swamp"
"4713","MSxk1/Ws07.2","Sxw – Horsetail – Leafy moss; Soft-leaved sedge variation","Ws","wetland swamp"
"4714","MSxk1/Ws12","Sxw – Rocky Mountain sedge – Glow moss","Ws","wetland swamp"
"4715","MSxk2/101","Pl – Pinegrass – Grouseberry – Feather moss",NA,NA
"4716","MSxk2/102","Pl – Grouseberry – Clad lichens",NA,NA
"4717","MSxk2/103","Pl – Grouseberry – Kinnikinnick – Clad lichens",NA,NA
"4718","MSxk2/104","FdPl – Pinegrass – Twinflower","IN","insolation"
"4719","MSxk2/105","Pl – Juniper – Grouseberry – Feather moss",NA,NA
"4720","MSxk2/106","PlSxw – Trapper's tea – Grouseberry",NA,NA
"4721","MSxk2/110","Sxw – Trapper's tea – Bunchberry – Glow moss","CA","cold aspects - cold air"
"4722","MSxk2/111","SxwBl – Gooseberry",NA,NA
"4723","MSxk2/112","Sxw – Horsetail – Soft-leaved sedge",NA,NA
"4724","MSxk2/Ag03","Timber oatgrass – Kinnikinnick","Ag","alpine grassland"
"4725","MSxk2/Fl06","Sandbar willow – Scouring-rush","Fl","low fluvial bench"
"4726","MSxk2/Gb21","Juniper – Kinnikinnick – Strawberry","Gb","brushland"
"4727","MSxk2/Gg02","Bluebunch wheatgrass – Balsamroot","Gg","grassland "
"4728","MSxk2/Gg12","Rough fescue – Yarrow – Three-flowered avens","Gg","grassland "
"4729","MSxk2/Gg12$2.1","Rough fescue – Bluebunch wheatgrass – Yellow salsify","Gg","grassland "
"4730","MSxk2/Gg12$2.2","Spreading needlegrass – Rough fescue – Kentucky bluegrass","Gg","grassland "
"4731","MSxk2/Gg12$2.3","Spreading needlegrass – Columbia needlegrass","Gg","grassland "
"4732","MSxk2/Gg12$2.5","Kentucky bluegrass – Yarrow","Gg","grassland "
"4733","MSxk2/Gg12.1","Rough fescue – Yarrow – Three-flowered avens","Gg","grassland "
"4734","MSxk2/Gg32","Pinegrass – Kinnikinnick","Gg","grassland "
"4735","MSxk2/Gs04","Mountain sagebrush – Bluebunch wheatgrass","Gs","shrub-steppe"
"4736","MSxk2/Ro04","Big sagebrush – Selaginella – Bluebunch wheatgrass","Ro","rocky outcrop"
"4737","MSxk2/Ro04.1","Big sagebrush – Selaginella – Bluebunch wheatgrass","Ro","rocky outcrop"
"4738","MSxk2/Ro05","Juniper – Kinnikinnick – Penstemon","Ro","rocky outcrop"
"4739","MSxk2/Ro05.1","Juniper – Kinnikinnick – Penstemon","Ro","rocky outcrop"
"4740","MSxk2/Ro06","Juniper – Stonecrop – Sandwort","Ro","rocky outcrop"
"4741","MSxk2/Ro06.1","Juniper – Stonecrop – Sandwort","Ro","rocky outcrop"
"4742","MSxk2/Ro06.2","Juniper – Kinnikinnick – Stonecrop – Sandwort","Ro","rocky outcrop"
"4743","MSxk2/Ro11","Grouseberry – Clad lichen","Ro","rocky outcrop"
"4744","MSxk2/Rt01","Rocktripe – Green map","Rt","talus"
"4745","MSxk2/Rt07","Aspen – Juniper – Rocktripe","Rt","talus"
"4746","MSxk2/Rt07.1","Aspen – Juniper – Rocktripe; Aspen variation","Rt","talus"
"4747","MSxk2/Rt07.2","Juniper – Rocktripe","Rt","talus"
"4748","MSxk2/Wb16","Sxw – Trapper's tea – Peat moss","Wb","wetland bog "
"4749","MSxk2/Wf01","Water sedge – Beaked sedge","Wf","wetland fen"
"4750","MSxk2/Wf02","Scrub birch – Water sedge","Wf","wetland fen"
"4751","MSxk2/Wf04","Barclay's willow – Water sedge – Glow moss","Wf","wetland fen"
"4752","MSxk2/Wf05","Slender sedge – Common hook moss","Wf","wetland fen"
"4753","MSxk2/Wf06","Slender sedge – Buckbean","Wf","wetland fen"
"4754","MSxk2/Wf07","Scrub birch – Buckbean – Shore sedge","Wf","wetland fen"
"4755","MSxk2/Wf08","Shore sedge – Buckbean – Hook moss","Wf","wetland fen"
"4756","MSxk2/Wf09","Few-flowered spikerush – Hook moss","Wf","wetland fen"
"4757","MSxk2/Wf11","Tufted clubrush – Star moss","Wf","wetland fen"
"4758","MSxk2/Wf12","Narrow-leaved cotton-grass – Marsh-marigold","Wf","wetland fen"
"4759","MSxk2/Wf13","Narrow-leaved cotton-grass – Shore sedge","Wf","wetland fen"
"4760","MSxk2/Wm01","Beaked sedge – Water sedge","Wm","wetland marsh"
"4761","MSxk2/Wm02","Water horsetail – Beaked sedge","Wm","wetland marsh"
"4762","MSxk2/Wm06","Soft-stemmed bulrush","Wm","wetland marsh"
"4763","MSxk2/Wm16","Bluejoint – Arrow-leaved groundsel","Wm","wetland marsh"
"4764","MSxk2/Ws04","Drummond's willow – Beaked sedge","Ws","wetland swamp"
"4765","MSxk2/Ws05","Maccalla's willow – Beaked sedge","Ws","wetland swamp"
"4766","MSxk2/Ws07","Sxw – Horsetail – Leafy moss","Ws","wetland swamp"
"4767","MSxk2/Ws07.1","Sxw – Horsetail – Leafy moss; Typic variation","Ws","wetland swamp"
"4768","MSxk2/Ws07.2","Sxw – Horsetail – Leafy moss; Soft-leaved sedge variation","Ws","wetland swamp"
"4769","MSxk3/01","Pl – Pinegrass – Lupine",NA,NA
"4770","MSxk3/02","Fd – Juniper – Grouseberry",NA,NA
"4771","MSxk3/03","Bluebunch wheatgrass – Junegrass",NA,NA
"4772","MSxk3/04","Big sage – Pinegrass",NA,NA
"4773","MSxk3/05","FdPl – Pinegrass – Arnica",NA,NA
"4774","MSxk3/06","Pl – Falsebox – Lupine",NA,NA
"4775","MSxk3/07","Sxw – Trapper's tea – Grouseberry",NA,NA
"4776","MSxk3/08","Sxw – Gooseberry – Grouseberry",NA,NA
"4777","MSxk3/09","Sxw – Horsetail – Leafy moss",NA,NA
"4778","MSxk3/10","Pl – Water sedge – Peat mosses",NA,NA
"4779","MSxk3/Wf04","Barclay's willow – Water sedge – Glow moss","Wf","wetland fen"
"4780","MSxk3/Wf12","Narrow-leaved cotton-grass – Marsh-marigold","Wf","wetland fen"
"4781","MSxk3/Wm01","Beaked sedge – Water sedge","Wm","wetland marsh"
"4782","MSxv/01","Pl – Grouseberry – Feather moss",NA,NA
"4783","MSxv/02","Pl – Fescue – Stereocaulon",NA,NA
"4784","MSxv/03","Pl – Kinnikinnick – Cladonia",NA,NA
"4785","MSxv/03a","Pl – Kinnikinnick – Cladonia; Typic",NA,NA
"4786","MSxv/03b","Pl – Kinnikinnick – Cladonia; Shallow",NA,NA
"4787","MSxv/04","Pl – Grouseberry – Kinnikinnick",NA,NA
"4788","MSxv/05","Pl – Trapper's tea – Crowberry",NA,NA
"4789","MSxv/06","Sxw – Crowberry – Knight's plume",NA,NA
"4790","MSxv/07","Sxw – Crowberry – Glow moss","CA","cold aspects - cold air"
"4791","MSxv/08","Sxw – Horsetail – Crowberry",NA,NA
"4792","MSxv/09","Sxw – Labrador tea – Willow","CA","cold aspects - cold air"
"4793","MSxv/10","Sb – Soft-leaved sedge – Peat moss",NA,NA
"4794","MSxv/Fl01","Mountain alder – Common horsetail","Fl","low fluvial bench"
"4795","MSxv/Sc01","Scrub birch – Kinnikinnick","Sc","subalpine"
"4796","MSxv/Wf01","Water sedge – Beaked sedge","Wf","wetland fen"
"4797","MSxv/Wf02","Scrub birch – Water sedge","Wf","wetland fen"
"4798","MSxv/Wf08","Shore sedge – Buckbean – Hook moss","Wf","wetland fen"
"4799","MSxv/Wf09","Few-flowered spikerush – Hook moss","Wf","wetland fen"
"4800","MSxv/Wf14","Tea-leaved willow – Water sedge – Glow moss","Wf","wetland fen"
"4801","MSxv/Wm01","Beaked sedge – Water sedge","Wm","wetland marsh"
"4802","MSxv/Wm02","Water horsetail – Beaked sedge","Wm","wetland marsh"
"4803","MSxv/Wm09","Inflated sedge","Wm","wetland marsh"
"4804","MSxv/Wm10","Boreal mannagrass","Wm","wetland marsh"
"4805","MSxv/Wm13","Seaside arrow-grass","Wm","wetland marsh"
"4806","PPxh1/101","Py(Fd) – Bluebunch wheatgrass – Rough fescue",NA,NA
"4807","PPxh1/102","Py(Fd) – Bluebunch wheatgrass – Selaginella",NA,NA
"4808","PPxh1/103","Py – Antelope-brush – Bluebunch wheatgrass",NA,NA
"4809","PPxh1/104","Py – Bluebunch wheatgrass – Balsamroot",NA,NA
"4810","PPxh1/110","FdPy – Pinegrass","CAS","cold aspects"
"4811","PPxh1/111","Fd(Py) – Snowberry – Oregon-grape",NA,NA
"4812","PPxh1/Ff01","Water birch – Red-osier dogwood – Rose","Ff","fringe fluvial "
"4813","PPxh1/Ff01a","Water birch – Red-osier dogwood – Rose; Fringe phase","Ff","fringe fluvial "
"4814","PPxh1/Ff01b","Water birch – Red-osier dogwood – Rose; Grassland draw phase","Ff","fringe fluvial "
"4815","PPxh1/Ff02","Snowberry – Prairie Rose","Ff","fringe fluvial "
"4816","PPxh1/Ff04","Aspen – Snowberry – Roses","Ff","fringe fluvial "
"4817","PPxh1/Ff05","Aspen – Dogwood – Nootka rose","Ff","fringe fluvial "
"4818","PPxh1/Fm01","Cottonwood – Snowberry – Rose","Fm","mid fluvial bench"
"4819","PPxh1/Fm05","Cottonwood – Douglas-fir – Douglas' maple – Snowberry","Fm","mid fluvial bench"
"4820","PPxh1/Fm06","Cottonwood – Poison ivy – Rose","Fm","mid fluvial bench"
"4821","PPxh1/Ga01","Saltgrass","Ga","alkaline meadow"
"4822","PPxh1/Ga01.1","Saltgrass","Ga","alkaline meadow"
"4823","PPxh1/Ga02","Nuttall's alkaligrass – Foxtail barley","Ga","alkaline meadow"
"4824","PPxh1/Ga02.1","Nuttall's alkaligrass – Foxtail barley","Ga","alkaline meadow"
"4825","PPxh1/Ga02.2","Foxtail barley – Nuttall's alkaligrass","Ga","alkaline meadow"
"4826","PPxh1/Ga03","Field sedge","Ga","alkaline meadow"
"4827","PPxh1/Ga03$2","Field sedge","Ga","alkaline meadow"
"4828","PPxh1/Ga05","Giant wildrye","Ga","alkaline meadow"
"4829","PPxh1/Ga07","Red glasswort","Ga","alkaline meadow"
"4830","PPxh1/Gb02","Saskatoon – Snowberry – Bluebunch wheatgrass","Gb","brushland"
"4831","PPxh1/Gb05","Sumac – Bluebunch wheatgrass","Gb","brushland"
"4832","PPxh1/Gg01","Bluebunch wheatgrass – Prairie sagewort – Junegrass","Gg","grassland "
"4833","PPxh1/Gg02","Bluebunch wheatgrass – Balsamroot","Gg","grassland "
"4834","PPxh1/Gg02$2.3","Needle-and-thread grass – Cheatgrass","Gg","grassland "
"4835","PPxh1/Gg02$3.1","Big sagebrush – Bluebunch wheatgrass – Sandberg's bluegrass","Gg","grassland "
"4836","PPxh1/Gg11","Idaho fescue – Bluebunch wheatgrass – Junegrass","Gg","grassland "
"4837","PPxh1/Gg11$2.1","Bluebunch wheatgrass – Junegrass – Sandberg's bluegrass","Gg","grassland "
"4838","PPxh1/Gg11$2.3","Columbia needlegrass – Cheatgrass","Gg","grassland "
"4839","PPxh1/Gg11$2.4","Needle-and-thread grass – Cheatgrass","Gg","grassland "
"4840","PPxh1/Gg11$3.1","Big sagebrush – Bluebunch wheatgrass – Idaho fescue","Gg","grassland "
"4841","PPxh1/Gg11$3.3","Big sagebrush – Sandberg's bluegrass","Gg","grassland "
"4842","PPxh1/Gg13","Idaho fescue – Silky lupine","Gg","grassland "
"4843","PPxh1/Gg13$2.2","Bluebunch wheatgrass – Junegrass – Sandberg's bluegrass","Gg","grassland "
"4844","PPxh1/Gg13$2.4","Kentucky bluegrass – Yarrow","Gg","grassland "
"4845","PPxh1/Gg13$3.1","Big sagebrush – Kentucky bluegrass","Gg","grassland "
"4846","PPxh1/Gg26","Red three-awn – Needle-and-thread grass","Gg","grassland "
"4847","PPxh1/Gs10","Antelope-brush – Bluebunch wheatgrass","Gs","shrub-steppe"
"4848","PPxh1/Gs10$2.1","Sand dropseed – Cheatgrass – Sandberg's bluegrass","Gs","shrub-steppe"
"4849","PPxh1/Gs10$3.1","Antelope-brush – Cheatgrass – Needle-and-thread grass","Gs","shrub-steppe"
"4850","PPxh1/Ro01","Selaginella – Bluebunch wheatgrass – Screw moss","Ro","rocky outcrop"
"4851","PPxh1/Ro01.1","Selaginella – Bluebunch wheatgrass – Screw moss","Ro","rocky outcrop"
"4852","PPxh1/Ro01.2","Selaginella – Screw moss","Ro","rocky outcrop"
"4853","PPxh1/Ro03","Antelope-brush – Selaginella – Bluebunch wheatgrass","Ro","rocky outcrop"
"4854","PPxh1/Ro04","Big sagebrush – Selaginella – Bluebunch wheatgrass","Ro","rocky outcrop"
"4855","PPxh1/Ro04.1","Big sagebrush – Selaginella – Bluebunch wheatgrass","Ro","rocky outcrop"
"4856","PPxh1/Ro04.2","Rabbit-brush – Big sagebrush – Selaginella – Bluebunch wheatgrass","Ro","rocky outcrop"
"4857","PPxh1/Rt01","Rocktripe – Green map","Rt","talus"
"4858","PPxh1/Rt04","Saskatoon – Bluebunch wheatgrass","Rt","talus"
"4859","PPxh1/Rt05","Big sagebrush – Saskatoon – Bluebunch wheatgrass","Rt","talus"
"4860","PPxh1/Rt06","Saskatoon – Mock-orange – Bluebunch wheatgrass","Rt","talus"
"4861","PPxh1/Wm01","Beaked sedge – Water sedge","Wm","wetland marsh"
"4862","PPxh1/Wm02","Water horsetail – Beaked sedge","Wm","wetland marsh"
"4863","PPxh1/Wm04","Common spikerush","Wm","wetland marsh"
"4864","PPxh1/Wm05","Cattail","Wm","wetland marsh"
"4865","PPxh1/Wm06","Soft-stemmed bulrush","Wm","wetland marsh"
"4866","PPxh1/Wm07","Baltic rush","Wm","wetland marsh"
"4867","PPxh1/Wm08","Three-square bulrush","Wm","wetland marsh"
"4868","PPxh1/Wm11","Seacoast bulrush","Wm","wetland marsh"
"4869","PPxh1/Ws03","Bebb's willow – Bluejoint","Ws","wetland swamp"
"4870","PPxh2/101","Py(Fd) – Bluebunch wheatgrass – Rough fescue",NA,NA
"4871","PPxh2/102","Py(Fd) – Bluebunch wheatgrass – Selaginella",NA,NA
"4872","PPxh2/103","Py – Rabbit-brush – Bluebunch wheatgrass",NA,NA
"4873","PPxh2/110","Fd – Feather moss – Step moss","CAS","cold aspects"
"4874","PPxh2/110.1","Fd – Feather moss – Step moss",NA,NA
"4875","PPxh2/110.2","Fd – Rough fescue – Bluebunch wheatgrass",NA,NA
"4876","PPxh2/111","Fd – Douglas' maple – Saskatoon",NA,NA
"4877","PPxh2/Ff01","Water birch – Red-osier dogwood – Rose","Ff","fringe fluvial "
"4878","PPxh2/Ff01a","Water birch – Red-osier dogwood – Rose; Fringe phase","Ff","fringe fluvial "
"4879","PPxh2/Ff01b","Water birch – Red-osier dogwood – Rose; Grassland draw phase","Ff","fringe fluvial "
"4880","PPxh2/Ff02","Snowberry – Prairie Rose","Ff","fringe fluvial "
"4881","PPxh2/Ff04","Aspen – Snowberry – Roses","Ff","fringe fluvial "
"4882","PPxh2/Ff05","Aspen – Dogwood – Nootka rose","Ff","fringe fluvial "
"4883","PPxh2/Fl05","Drummond's willow – Bluejoint","Fl","low fluvial bench"
"4884","PPxh2/Fm01","Cottonwood – Snowberry – Rose","Fm","mid fluvial bench"
"4885","PPxh2/Fm05","Cottonwood – Douglas-fir – Douglas' maple – Snowberry","Fm","mid fluvial bench"
"4886","PPxh2/Ga01","Saltgrass","Ga","alkaline meadow"
"4887","PPxh2/Ga01.1","Saltgrass","Ga","alkaline meadow"
"4888","PPxh2/Ga02","Nuttall's alkaligrass – Foxtail barley","Ga","alkaline meadow"
"4889","PPxh2/Ga02.1","Nuttall's alkaligrass – Foxtail barley","Ga","alkaline meadow"
"4890","PPxh2/Ga02.2","Foxtail barley – Nuttall's alkaligrass","Ga","alkaline meadow"
"4891","PPxh2/Ga03","Field sedge","Ga","alkaline meadow"
"4892","PPxh2/Ga03$2","Field sedge","Ga","alkaline meadow"
"4893","PPxh2/Ga05","Giant wildrye","Ga","alkaline meadow"
"4894","PPxh2/Ga06","Seablite","Ga","alkaline meadow"
"4895","PPxh2/Ga07","Red glasswort","Ga","alkaline meadow"
"4896","PPxh2/Gb02","Saskatoon – Snowberry – Bluebunch wheatgrass","Gb","brushland"
"4897","PPxh2/Gg01","Bluebunch wheatgrass – Prairie sagewort – Junegrass","Gg","grassland "
"4898","PPxh2/Gg02","Bluebunch wheatgrass – Balsamroot","Gg","grassland "
"4899","PPxh2/Gg02$3.1","Big sagebrush – Bluebunch wheatgrass – Sandberg's bluegrass","Gg","grassland "
"4900","PPxh2/Gg03","Bluebunch wheatgrass – Selaginella","Gg","grassland "
"4901","PPxh2/Gg04","Bluebunch wheatgrass – Junegrass – Pussytoes","Gg","grassland "
"4902","PPxh2/Gg04$2.1","Needle-and-thread grass – Cheatgrass","Gg","grassland "
"4903","PPxh2/Gg04$3.1","Big sagebrush – Bluebunch wheatgrass – Sandberg's bluegrass","Gg","grassland "
"4904","PPxh2/Gg10","Rough fescue – Bluebunch wheatgrass","Gg","grassland "
"4905","PPxh2/Gg10$2.1","Bluebunch wheatgrass – Junegrass – Sandberg's bluegrass","Gg","grassland "
"4906","PPxh2/Gg10$3.1","Big sagebrush – Bluebunch wheatgrass – Rough fescue","Gg","grassland "
"4907","PPxh2/Gg12","Rough fescue – Yarrow – Three-flowered avens","Gg","grassland "
"4908","PPxh2/Gg12$2.1","Rough fescue – Bluebunch wheatgrass – Yellow salsify","Gg","grassland "
"4909","PPxh2/Gg12$2.2","Spreading needlegrass – Rough fescue – Kentucky bluegrass","Gg","grassland "
"4910","PPxh2/Gg12$2.3","Spreading needlegrass – Columbia needlegrass","Gg","grassland "
"4911","PPxh2/Gg12$2.5","Kentucky bluegrass – Yarrow","Gg","grassland "
"4912","PPxh2/Gg12.1","Rough fescue – Yarrow – Three-flowered avens","Gg","grassland "
"4913","PPxh2/Gg25","Sand dropseed – Needle-and-thread grass","Gg","grassland "
"4914","PPxh2/Gs05","Rocky Mountain juniper – Big sagebrush – Bluebunch wheatgrass","Gs","shrub-steppe"
"4915","PPxh2/Ro01","Selaginella – Bluebunch wheatgrass – Screw moss","Ro","rocky outcrop"
"4916","PPxh2/Ro01.1","Selaginella – Bluebunch wheatgrass – Screw moss","Ro","rocky outcrop"
"4917","PPxh2/Ro01.2","Selaginella – Screw moss","Ro","rocky outcrop"
"4918","PPxh2/Ro04","Big sagebrush – Selaginella – Bluebunch wheatgrass","Ro","rocky outcrop"
"4919","PPxh2/Ro04.1","Big sagebrush – Selaginella – Bluebunch wheatgrass","Ro","rocky outcrop"
"4920","PPxh2/Ro04.2","Rabbit-brush – Big sagebrush – Selaginella – Bluebunch wheatgrass","Ro","rocky outcrop"
"4921","PPxh2/Rt01","Rocktripe – Green map","Rt","talus"
"4922","PPxh2/Rt04","Saskatoon – Bluebunch wheatgrass","Rt","talus"
"4923","PPxh2/Rt05","Big sagebrush – Saskatoon – Bluebunch wheatgrass","Rt","talus"
"4924","PPxh2/Wm01","Beaked sedge – Water sedge","Wm","wetland marsh"
"4925","PPxh2/Wm02","Water horsetail – Beaked sedge","Wm","wetland marsh"
"4926","PPxh2/Wm03","Awned sedge","Wm","wetland marsh"
"4927","PPxh2/Wm04","Common spikerush","Wm","wetland marsh"
"4928","PPxh2/Wm05","Cattail","Wm","wetland marsh"
"4929","PPxh2/Wm06","Soft-stemmed bulrush","Wm","wetland marsh"
"4930","PPxh2/Wm07","Baltic rush","Wm","wetland marsh"
"4931","PPxh2/Wm08","Three-square bulrush","Wm","wetland marsh"
"4932","PPxh2/Wm11","Seacoast bulrush","Wm","wetland marsh"
"4933","PPxh2/Wm12","Woolly sedge","Wm","wetland marsh"
"4934","PPxh2/Ws03","Bebb's willow – Bluejoint","Ws","wetland swamp"
"4935","SBPSdc/01","Pl – Juniper – Feather moss",NA,NA
"4936","SBPSdc/02","Pl – Kinnikinnick – Cladonia",NA,NA
"4937","SBPSdc/02a","Pl – Kinnikinnick – Cladonia; Typic",NA,NA
"4938","SBPSdc/02b","Pl – Kinnikinnick – Cladonia; Shallow",NA,NA
"4939","SBPSdc/03","Pl – Kinnikinnick – Feather moss",NA,NA
"4940","SBPSdc/03a","Pl – Kinnikinnick – Feather moss; Typic",NA,NA
"4941","SBPSdc/03b","Pl – Kinnikinnick – Feather moss; Sand",NA,NA
"4942","SBPSdc/04","PlSb – Feather moss","FR","frost"
"4943","SBPSdc/05","Sxw – Scrub birch – Feather moss","FR","frost"
"4944","SBPSdc/06","Sxw – Horsetail – Meadowrue",NA,NA
"4945","SBPSdc/07","Sb – Scrub birch – Sedge","CA","cold aspects - cold air"
"4946","SBPSdc/08","Sxw – Horsetail – Glow moss",NA,NA
"4947","SBPSdc/Fl05","Drummond's willow – Bluejoint","Fl","low fluvial bench"
"4948","SBPSdc/Wf02","Scrub birch – Water sedge","Wf","wetland fen"
"4949","SBPSdc/Wf05","Slender sedge – Common hook moss","Wf","wetland fen"
"4950","SBPSdc/Wf07","Scrub birch – Buckbean – Shore sedge","Wf","wetland fen"
"4951","SBPSdc/Wf08","Shore sedge – Buckbean – Hook moss","Wf","wetland fen"
"4952","SBPSdc/Wm01","Beaked sedge – Water sedge","Wm","wetland marsh"
"4953","SBPSdc/Wm02","Water horsetail – Beaked sedge","Wm","wetland marsh"
"4954","SBPSdc/Wm03","Awned sedge","Wm","wetland marsh"
"4955","SBPSmc/01","Pl – Feather moss – Cladina",NA,NA
"4956","SBPSmc/01a","Pl – Feather moss – Cladina; Mesic",NA,NA
"4957","SBPSmc/01b","Pl – Feather moss – Cladina; Submesic",NA,NA
"4958","SBPSmc/02","Pl – Kinnikinnick – Cladonia",NA,NA
"4959","SBPSmc/03","SbPl – Feather moss","FR","frost"
"4960","SBPSmc/04","Sxw – Scrub birch – Feather moss","FR","frost"
"4961","SBPSmc/05","Sxw – Horsetail",NA,NA
"4962","SBPSmc/06","Sxw – Horsetail – Glow moss",NA,NA
"4963","SBPSmc/07","SbSxw – Scrub birch – Sedge","CA","cold aspects - cold air"
"4964","SBPSmc/08","Sb – Creeping-snowberry – Peat moss",NA,NA
"4965","SBPSmc/Wf02","Scrub birch – Water sedge","Wf","wetland fen"
"4966","SBPSmk/01","Pl – Pinegrass – Arnica",NA,NA
"4967","SBPSmk/02","Pl – Cladonia – Haircap moss",NA,NA
"4968","SBPSmk/03","Fd – Pinegrass – Aster","IN","insolation"
"4969","SBPSmk/04","Pl – Pinegrass – Feather moss",NA,NA
"4970","SBPSmk/04a","Pl – Pinegrass – Feather moss; Typic",NA,NA
"4971","SBPSmk/04b","Pl – Pinegrass – Feather moss; Sand",NA,NA
"4972","SBPSmk/05","SxwFd – Step moss","CAS","cold aspects"
"4973","SBPSmk/06","Sxw – Twinberry","CA","cold aspects - cold air"
"4974","SBPSmk/07","Sxw – Horsetail – Glow moss",NA,NA
"4975","SBPSmk/08","SbSxw – Scrub birch – Sedge",NA,NA
"4976","SBPSmk/Wf01","Water sedge – Beaked sedge","Wf","wetland fen"
"4977","SBPSmk/Wf02","Scrub birch – Water sedge","Wf","wetland fen"
"4978","SBPSmk/Wf03","Water sedge – Peat moss","Wf","wetland fen"
"4979","SBPSmk/Wf05","Slender sedge – Common hook moss","Wf","wetland fen"
"4980","SBPSmk/Wf06","Slender sedge – Buckbean","Wf","wetland fen"
"4981","SBPSmk/Wf07","Scrub birch – Buckbean – Shore sedge","Wf","wetland fen"
"4982","SBPSmk/Wf08","Shore sedge – Buckbean – Hook moss","Wf","wetland fen"
"4983","SBPSmk/Wm01","Beaked sedge – Water sedge","Wm","wetland marsh"
"4984","SBPSmk/Wm02","Water horsetail – Beaked sedge","Wm","wetland marsh"
"4985","SBPSmk/Wm06","Soft-stemmed bulrush","Wm","wetland marsh"
"4986","SBPSmk/Wm10","Boreal mannagrass","Wm","wetland marsh"
"4987","SBPSmk/Ws04","Drummond's willow – Beaked sedge","Ws","wetland swamp"
"4988","SBPSmk/Ws05","Maccalla's willow – Beaked sedge","Ws","wetland swamp"
"4989","SBPSxc/01","Pl – Kinnikinnick – Feather moss",NA,NA
"4990","SBPSxc/02","Pl – Kinnikinnick – Cladonia",NA,NA
"4991","SBPSxc/02a","Pl – Kinnikinnick – Cladonia; Typic",NA,NA
"4992","SBPSxc/02b","Pl – Kinnikinnick – Cladonia; Sand",NA,NA
"4993","SBPSxc/02c","Pl – Kinnikinnick – Cladonia; Shallow",NA,NA
"4994","SBPSxc/03","Sxw – Scrub birch – Fen moss",NA,NA
"4995","SBPSxc/04","Sxw – Scrub birch – Feather moss",NA,NA
"4996","SBPSxc/05","Sxw – Horsetail – Glow moss",NA,NA
"4997","SBPSxc/06","Sxw – Horsetail – Meadowrue",NA,NA
"4998","SBPSxc/Sc01","Scrub birch – Kinnikinnick","Sc","subalpine"
"4999","SBPSxc/Sc02","Grey-leaved willow – Glow moss","Sc","subalpine"
"5000","SBPSxc/Wf01","Water sedge – Beaked sedge","Wf","wetland fen"
"5001","SBPSxc/Wf02","Scrub birch – Water sedge","Wf","wetland fen"
"5002","SBPSxc/Wf05","Slender sedge – Common hook moss","Wf","wetland fen"
"5003","SBPSxc/Wf09","Few-flowered spikerush – Hook moss","Wf","wetland fen"
"5004","SBPSxc/Wm01","Beaked sedge – Water sedge","Wm","wetland marsh"
"5005","SBPSxc/Wm02","Water horsetail – Beaked sedge","Wm","wetland marsh"
"5006","SBPSxc/Wm03","Awned sedge","Wm","wetland marsh"
"5007","SBPSxc/Wm06","Soft-stemmed bulrush","Wm","wetland marsh"
"5008","SBPSxc/Wm07","Baltic rush","Wm","wetland marsh"
"5009","SBPSxc/Wm09","Inflated sedge","Wm","wetland marsh"
"5010","SBPSxc/Wm10","Boreal mannagrass","Wm","wetland marsh"
"5011","SBPSxc/Wm13","Seaside arrow-grass","Wm","wetland marsh"
"5012","SBPSxc/Ws03","Bebb's willow – Bluejoint","Ws","wetland swamp"
"5013","SBPSxc/Ws05","Maccalla's willow – Beaked sedge","Ws","wetland swamp"
"5014","SBSdh1/01","SxwFd – Ricegrass",NA,NA
"5015","SBSdh1/02","Pl – Velvet-leaved blueberry – Cladonia",NA,NA
"5016","SBSdh1/03","FdPl – Pinegrass – Feather moss",NA,NA
"5017","SBSdh1/04","Pl – Pinegrass – Feather moss",NA,NA
"5018","SBSdh1/05","Pl – Labrador tea – Velvet-leaved blueberry",NA,NA
"5019","SBSdh1/06","SxwFd – Thimbleberry",NA,NA
"5020","SBSdh1/07","Sxw – Horsetail",NA,NA
"5021","SBSdh1/08","Sb – Scrub birch – Sedge",NA,NA
"5022","SBSdh1/Ws05","Maccalla's willow – Beaked sedge","Ws","wetland swamp"
"5023","SBSdk/01","Sxw – Spirea – Purple peavine",NA,NA
"5024","SBSdk/01$Atpw","At – Pink wintergreen",NA,NA
"5025","SBSdk/01$Atss","At – Saskatoon – Snowberry",NA,NA
"5026","SBSdk/01a","Sxw – Spirea – Purple peavine; Fine-textured",NA,NA
"5027","SBSdk/01a$Atpw","At – Pink wintergreen",NA,NA
"5028","SBSdk/01a$Atss","At – Saskatoon – Snowberry",NA,NA
"5029","SBSdk/01b","Sxw – Spirea – Purple peavine; Coarse-textured",NA,NA
"5030","SBSdk/01b$Atpw","At – Pink wintergreen",NA,NA
"5031","SBSdk/01b$Atss","At – Saskatoon – Snowberry",NA,NA
"5032","SBSdk/02","Pl – Juniper – Ricegrass",NA,NA
"5033","SBSdk/03","Pl – Feather moss – Cladina",NA,NA
"5034","SBSdk/03$Atki","At – Kinnikinnick",NA,NA
"5035","SBSdk/03$Epdh","Ep – Douglas' maple",NA,NA
"5036","SBSdk/04","Fd – Soopolallie – Feather moss","IN","insolation"
"5037","SBSdk/04$Atki","At – Kinnikinnick",NA,NA
"5038","SBSdk/04$Atss","At – Saskatoon – Snowberry",NA,NA
"5039","SBSdk/04$Epdh","Ep – Douglas' maple",NA,NA
"5040","SBSdk/05","Sxw – Spirea – Feather moss",NA,NA
"5041","SBSdk/05$Atss","At – Saskatoon – Snowberry",NA,NA
"5042","SBSdk/05$Epdh","Ep – Douglas' maple",NA,NA
"5043","SBSdk/06","Sxw – Twinberry – Coltsfoot",NA,NA
"5044","SBSdk/06$Atcv","At – Canada violet",NA,NA
"5045","SBSdk/06$Atlf","At – Lady fern",NA,NA
"5046","SBSdk/07","Sxw – Horsetail",NA,NA
"5047","SBSdk/07$Atcv","At – Canada violet",NA,NA
"5048","SBSdk/07$Atha","At – Hardhack",NA,NA
"5049","SBSdk/07$Atlf","At – Lady fern",NA,NA
"5050","SBSdk/07a","Sxw – Horsetail; Freely drained",NA,NA
"5051","SBSdk/07a$Atcv","At – Canada violet",NA,NA
"5052","SBSdk/07a$Atha","At – Hardhack",NA,NA
"5053","SBSdk/07a$Atlf","At – Lady fern",NA,NA
"5054","SBSdk/07b","Sxw – Horsetail; Poorly drained",NA,NA
"5055","SBSdk/07b$Atcv","At – Canada violet",NA,NA
"5056","SBSdk/07b$Atha","At – Hardhack",NA,NA
"5057","SBSdk/07b$Atlf","At – Lady fern",NA,NA
"5058","SBSdk/08","Act – Dogwood – Prickly rose","Fm","mid fluvial bench"
"5059","SBSdk/08a","Act – Dogwood – Prickly rose; High-bench",NA,NA
"5060","SBSdk/08b","Act – Dogwood – Prickly rose; Medium-bench",NA,NA
"5061","SBSdk/09","Sb – Creeping-snowberry – Sphagnum","CA","cold aspects - cold air"
"5062","SBSdk/10","Sb – Soft-leaved sedge – Sphagnum","CA","cold aspects - cold air"
"5063","SBSdk/10$Atha","At – Hardhack",NA,NA
"5064","SBSdk/50","At – Anenome",NA,NA
"5065","SBSdk/51","Ws – Thimbleberry",NA,NA
"5066","SBSdk/52","Mountain alder – Stinging nettle",NA,NA
"5067","SBSdk/53","Mountain alder – Mitrewort",NA,NA
"5068","SBSdk/54","Drummond's willow – Bluejoint",NA,NA
"5069","SBSdk/81","Saskatoon – slender wildrye",NA,NA
"5070","SBSdk/82","Bluegrass – Slender wildrye",NA,NA
"5071","SBSdk/Fl02","Mountain alder – Red-osier dogwood – Lady fern","Fl","low fluvial bench"
"5072","SBSdk/Fl05","Drummond's willow – Bluejoint","Fl","low fluvial bench"
"5073","SBSdk/Wf02","Scrub birch – Water sedge","Wf","wetland fen"
"5074","SBSdk/Wf05","Slender sedge – Common hook moss","Wf","wetland fen"
"5075","SBSdk/Wf06","Slender sedge – Buckbean","Wf","wetland fen"
"5076","SBSdk/Wf07","Scrub birch – Buckbean – Shore sedge","Wf","wetland fen"
"5077","SBSdk/Wf08","Shore sedge – Buckbean – Hook moss","Wf","wetland fen"
"5078","SBSdk/Wf11","Tufted clubrush – Star moss","Wf","wetland fen"
"5079","SBSdk/Wm01","Beaked sedge – Water sedge","Wm","wetland marsh"
"5080","SBSdk/Wm02","Water horsetail – Beaked sedge","Wm","wetland marsh"
"5081","SBSdk/Wm04","Common spikerush","Wm","wetland marsh"
"5082","SBSdk/Ws03","Bebb's willow – Bluejoint","Ws","wetland swamp"
"5083","SBSdk/Ws04","Drummond's willow – Beaked sedge","Ws","wetland swamp"
"5084","SBSdk/Ws05","Maccalla's willow – Beaked sedge","Ws","wetland swamp"
"5085","SBSdw1/01","SxwFd – Pinegrass",NA,NA
"5086","SBSdw1/02","FdPl – Cladonia",NA,NA
"5087","SBSdw1/03","Fd – Saskatoon – Pinegrass","IN","insolation"
"5088","SBSdw1/04","Pl – Pinegrass – Feather moss",NA,NA
"5089","SBSdw1/05","SxwFd – Ricegrass","CAS","cold aspects"
"5090","SBSdw1/06","SxwFd – Thimbleberry",NA,NA
"5091","SBSdw1/07","Sxw – Twinberry – Coltsfoot","Fh","high fluvial bench"
"5092","SBSdw1/08","Sxw – Twinberry – Oak fern",NA,NA
"5093","SBSdw1/09","Sxw – Horsetail – Glow moss",NA,NA
"5094","SBSdw1/Wb01","Sb – Creeping-snowberry – Sphagnum","Wb","wetland bog "
"5095","SBSdw1/Wb05","Sb – Water sedge – Peat moss","Wb","wetland bog "
"5096","SBSdw1/Wb12","Scheuchzeria – Peat moss","Wb","wetland bog "
"5097","SBSdw1/Wb13","Shore sedge – Buckbean – Peat moss","Wb","wetland bog "
"5098","SBSdw1/Wf01","Water sedge – Beaked sedge","Wf","wetland fen"
"5099","SBSdw1/Wf02","Scrub birch – Water sedge","Wf","wetland fen"
"5100","SBSdw1/Wf05","Slender sedge – Common hook moss","Wf","wetland fen"
"5101","SBSdw1/Wf06","Slender sedge – Buckbean","Wf","wetland fen"
"5102","SBSdw1/Wf07","Scrub birch – Buckbean – Shore sedge","Wf","wetland fen"
"5103","SBSdw1/Wf08","Shore sedge – Buckbean – Hook moss","Wf","wetland fen"
"5104","SBSdw1/Wm01","Beaked sedge – Water sedge","Wm","wetland marsh"
"5105","SBSdw1/Wm02","Water horsetail – Beaked sedge","Wm","wetland marsh"
"5106","SBSdw1/Wm04","Common spikerush","Wm","wetland marsh"
"5107","SBSdw1/Wm05","Cattail","Wm","wetland marsh"
"5108","SBSdw1/Ws02","Mountain alder – Pink spirea – Sitka sedge","Ws","wetland swamp"
"5109","SBSdw1/Ws03","Bebb's willow – Bluejoint","Ws","wetland swamp"
"5110","SBSdw1/Ws05","MacCalla's willow – Beaked sedge","Ws","wetland swamp"
"5111","SBSdw2/01","SxwFd – Pinegrass",NA,NA
"5112","SBSdw2/02","FdPl – Cladonia",NA,NA
"5113","SBSdw2/03","Pl – Kinnikinnick – Wavy-leaved moss",NA,NA
"5114","SBSdw2/04","Fd – Pinegrass – Aster","IN","insolation"
"5115","SBSdw2/05","SxwFd – Cat's-tail moss","CAS","cold aspects"
"5116","SBSdw2/06","Pl – Pinegrass – Feather moss",NA,NA
"5117","SBSdw2/07","PlSb – Feather moss","FR","frost"
"5118","SBSdw2/08","Sxw – Twinberry","CA","cold aspects - cold air"
"5119","SBSdw2/09","Sxw – Devil's club – Knight's plume",NA,NA
"5120","SBSdw2/10","Sxw – Horsetail",NA,NA
"5121","SBSdw2/11","Sb – Soft-leaved sedge – Sphagnum",NA,NA
"5122","SBSdw2/12","Sb – Buckbean – Peat moss",NA,NA
"5123","SBSdw2/Wb01","Sb – Creeping-snowberry – Sphagnum","Wb","wetland bog "
"5124","SBSdw2/Wb05","Sb – Water sedge – Peat moss","Wb","wetland bog "
"5125","SBSdw2/Wf01","Water sedge – Beaked sedge","Wf","wetland fen"
"5126","SBSdw2/Wf02","Scrub birch – Water sedge","Wf","wetland fen"
"5127","SBSdw2/Wf05","Slender sedge – Common hook moss","Wf","wetland fen"
"5128","SBSdw2/Wf06","Slender sedge – Buckbean","Wf","wetland fen"
"5129","SBSdw2/Wf07","Scrub birch – Buckbean – Shore sedge","Wf","wetland fen"
"5130","SBSdw2/Wf08","Shore sedge – Buckbean – Hook moss","Wf","wetland fen"
"5131","SBSdw2/Wm01","Beaked sedge – Water sedge","Wm","wetland marsh"
"5132","SBSdw2/Wm02","Water horsetail – Beaked sedge","Wm","wetland marsh"
"5133","SBSdw2/Wm03","Awned sedge","Wm","wetland marsh"
"5134","SBSdw2/Wm04","Common spikerush","Wm","wetland marsh"
"5135","SBSdw2/Wm05","Cattail","Wm","wetland marsh"
"5136","SBSdw2/Wm10","Boreal mannagrass","Wm","wetland marsh"
"5137","SBSdw2/Ws02","Mountain alder – Pink spirea – Sitka sedge","Ws","wetland swamp"
"5138","SBSdw2/Ws03","Bebb's willow – Bluejoint","Ws","wetland swamp"
"5139","SBSdw2/Ws04","Drummond's willow – Beaked sedge","Ws","wetland swamp"
"5140","SBSdw2/Ws05","MacCalla's willow – Beaked sedge","Ws","wetland swamp"
"5141","SBSdw3/01","SxwFd – Pinegrass",NA,NA
"5142","SBSdw3/02","FdPl – Cladonia",NA,NA
"5143","SBSdw3/03","Pl – Feather moss – Cladina","IN","insolation"
"5144","SBSdw3/04","SxwFd – Ricegrass",NA,NA
"5145","SBSdw3/05","PlSb – Feather moss","FR","frost"
"5146","SBSdw3/06","Sxw – Pink spirea – Prickly rose",NA,NA
"5147","SBSdw3/07","Sxw – Twinberry",NA,NA
"5148","SBSdw3/08","Sxw – Oak fern",NA,NA
"5149","SBSdw3/09","Sxw – Horsetail – Glow moss",NA,NA
"5150","SBSdw3/10","Sb – Soft-leaved sedge – Sphagnum","CA","cold aspects - cold air"
"5151","SBSdw3/11","Sb – Water sedge – Peat moss",NA,NA
"5152","SBSdw3/12","Sb – Horsetail – Peat mosses",NA,NA
"5153","SBSdw3/Fl05","Drummond's willow – Bluejoint","Fl","low fluvial bench"
"5154","SBSdw3/Wb12","Scheuchzeria – Peat moss","Wb","wetland bog "
"5155","SBSdw3/Wm01","Beaked sedge – Water sedge","Wm","wetland marsh"
"5156","SBSdw3/Wm02","Water horsetail – Beaked sedge","Wm","wetland marsh"
"5157","SBSmc1/01","Sxw – Huckleberry",NA,NA
"5158","SBSmc1/01a","Sxw – Huckleberry; Typic",NA,NA
"5159","SBSmc1/01b","Sxw – Huckleberry; Shallow",NA,NA
"5160","SBSmc1/01c","Sxw – Huckleberry; Sand",NA,NA
"5161","SBSmc1/02","Pl – Cladonia – Haircap moss",NA,NA
"5162","SBSmc1/03","Fd – Pinegrass – Aster","IN","insolation"
"5163","SBSmc1/04","Sxw – Huckleberry – Labrador tea","CA","cold aspects - cold air"
"5164","SBSmc1/05","Sxw – Spirea – Glow moss","CA","cold aspects - cold air"
"5165","SBSmc1/06","Sxw – Oak fern",NA,NA
"5166","SBSmc1/07","Sxw – Devil's club – Step moss",NA,NA
"5167","SBSmc1/08","Sxw – Horsetail – Glow moss","CA","cold aspects - cold air"
"5168","SBSmc2/01","Sxw – Huckleberry",NA,NA
"5169","SBSmc2/01a","Sxw – Huckleberry; Typic",NA,NA
"5170","SBSmc2/01b","Sxw – Huckleberry; Shallow",NA,NA
"5171","SBSmc2/01c","Sxw – Huckleberry; Submesic",NA,NA
"5172","SBSmc2/02","Pl – Huckleberry – Cladonia",NA,NA
"5173","SBSmc2/02a","Pl – Huckleberry – Cladonia; Typic",NA,NA
"5174","SBSmc2/02b","Pl – Huckleberry – Cladonia; Sand",NA,NA
"5175","SBSmc2/03","SbPl – Feather moss","FR","frost"
"5176","SBSmc2/04","Sxw – Huckleberry – Dwarf blueberry","CA","cold aspects - cold air"
"5177","SBSmc2/05","Sxw – Twinberry – Coltsfoot",NA,NA
"5178","SBSmc2/06","Sxw – Oak fern",NA,NA
"5179","SBSmc2/07","Sxw – Scrub birch – Feather moss","FR","frost"
"5180","SBSmc2/08","Sxw – Twinberry – Oak fern","CA","cold aspects - cold air"
"5181","SBSmc2/09","Sxw – Devil's club",NA,NA
"5182","SBSmc2/09a","Sxw – Devil's club; Fluvial",NA,NA
"5183","SBSmc2/09b","Sxw – Devil's club; Morainal",NA,NA
"5184","SBSmc2/10","Sxw – Horsetail",NA,NA
"5185","SBSmc2/10a","Sxw – Horsetail; Fluvial",NA,NA
"5186","SBSmc2/10b","Sxw – Horsetail; Lacustrine/morainal",NA,NA
"5187","SBSmc2/11","Sxw – Horsetail – Glow moss",NA,NA
"5188","SBSmc2/12","SbSxw – Scrub birch – Sedge","CA","cold aspects - cold air"
"5189","SBSmc2/13","Sb – Soft-leaved sedge – Peat moss",NA,NA
"5190","SBSmc2/14","Sb – Horsetail – Peat mosses",NA,NA
"5191","SBSmc2/15","Pl – Few-flowered sedge – Peat moss",NA,NA
"5192","SBSmc2/16","Sb – Buckbean – Peat moss",NA,NA
"5193","SBSmc2/Wb12","Scheuchzeria – Peat moss","Wb","wetland bog "
"5194","SBSmc2/Wf02","Scrub birch – Water sedge","Wf","wetland fen"
"5195","SBSmc2/Wf05","Slender sedge – Common hook moss","Wf","wetland fen"
"5196","SBSmc2/Wf07","Scrub birch – Buckbean – Shore sedge","Wf","wetland fen"
"5197","SBSmc2/Wf08","Shore sedge – Buckbean – Hook moss","Wf","wetland fen"
"5198","SBSmc2/Wf09","Few-flowered spikerush – Hook moss","Wf","wetland fen"
"5199","SBSmc2/Wf10","Hudson Bay clubrush – Rusty scorpion moss","Wf","wetland fen"
"5200","SBSmc2/Wm01","Beaked sedge – Water sedge","Wm","wetland marsh"
"5201","SBSmc2/Ws02","Mountain alder – Pink spirea – Sitka sedge","Ws","wetland swamp"
"5202","SBSmc2/Ws04","Drummond's willow – Beaked sedge","Ws","wetland swamp"
"5203","SBSmc3/01","Sxw – Huckleberry",NA,NA
"5204","SBSmc3/02","Pl – Juniper – Dwarf blueberry",NA,NA
"5205","SBSmc3/03","Pl – Feather moss – Cladina",NA,NA
"5206","SBSmc3/04","Sxw – Huckleberry – Soopolallie",NA,NA
"5207","SBSmc3/05","Sb – Huckleberry – Spirea","FR","frost"
"5208","SBSmc3/06","SbPl – Feather moss","FR","frost"
"5209","SBSmc3/07","Sxw – Twinberry",NA,NA
"5210","SBSmc3/08","Sxw – Horsetail",NA,NA
"5211","SBSmc3/09","SbSxw – Scrub birch – Sedge","CA","cold aspects - cold air"
"5212","SBSmh/01","SxwFd – Hazelnut",NA,NA
"5213","SBSmh/02","FdPl – Cladonia",NA,NA
"5214","SBSmh/03","FdPl – Velvet-leaved blueberry – Cladonia",NA,NA
"5215","SBSmh/04","Fd – Douglas' maple – Step moss","IN","insolation"
"5216","SBSmh/05","SxwFd – Feather moss",NA,NA
"5217","SBSmh/06","SxwFd – Coltsfoot",NA,NA
"5218","SBSmh/07","SxwEp – Devil's club",NA,NA
"5219","SBSmh/08","Sxw – Ostrich fern","Fh","high fluvial bench"
"5220","SBSmh/09","Sxw – Horsetail – Glow moss",NA,NA
"5221","SBSmh/Wm01","Beaked sedge – Water sedge","Wm","wetland marsh"
"5222","SBSmh/Wm03","Awned sedge","Wm","wetland marsh"
"5223","SBSmh/Wm05","Cattail","Wm","wetland marsh"
"5224","SBSmh/Wm06","Soft-stemmed bulrush","Wm","wetland marsh"
"5225","SBSmh/Ws03","Bebb's willow – Bluejoint","Ws","wetland swamp"
"5226","SBSmk1/01","Sxw – Huckleberry – High bush-cranberry",NA,NA
"5227","SBSmk1/02","Pl – Cladina – Step moss",NA,NA
"5228","SBSmk1/03","Pl – Feather moss – Cladina",NA,NA
"5229","SBSmk1/04","SxwFd – Knight's plume","IN","insolation"
"5230","SBSmk1/05","SxwFd – Toad-flax",NA,NA
"5231","SBSmk1/06","Sb – Huckleberry – Spirea","FR","frost"
"5232","SBSmk1/07","Sxw – Oak fern",NA,NA
"5233","SBSmk1/08","Sxw – Devil's club","Fh","high fluvial bench"
"5234","SBSmk1/09","Sxw – Horsetail",NA,NA
"5235","SBSmk1/09a","Sxw – Horsetail; Fluvial",NA,NA
"5236","SBSmk1/09b","Sxw – Horsetail; Organic",NA,NA
"5237","SBSmk1/10","Sb – Scrub birch – Sedge",NA,NA
"5238","SBSmk1/Wb13","Shore sedge – Buckbean – Peat moss","Wb","wetland bog "
"5239","SBSmk1/Wf05","Slender sedge – Common hook moss","Wf","wetland fen"
"5240","SBSmk1/Wm01","Beaked sedge – Water sedge","Wm","wetland marsh"
"5241","SBSmk1/Ws04","Drummond's willow – Beaked sedge","Ws","wetland swamp"
"5242","SBSmk1/Ws50","Hardhack – Sitka sedge","Ws","wetland swamp"
"5243","SBSmk2/01","Sxw – Huckleberry – High bush-cranberry",NA,NA
"5244","SBSmk2/02","Pl – Feather moss – Cladina",NA,NA
"5245","SBSmk2/03","Sxw – Huckleberry – Soopolallie",NA,NA
"5246","SBSmk2/04","Sb – Huckleberry – Spirea","FR","frost"
"5247","SBSmk2/05","Sxw – Oak fern",NA,NA
"5248","SBSmk2/06","Sxw – Horsetail","Fh","high fluvial bench"
"5249","SBSmk2/07","Sb – Water sedge – Peat moss",NA,NA
"5250","SBSmk2/Fl02","Mountain alder – Red-osier dogwood – Lady fern","Fl","low fluvial bench"
"5251","SBSmk2/Fl04","Sitka willow – Red-osier dogwood – Horsetail","Fl","low fluvial bench"
"5252","SBSmk2/Wf08","Shore sedge – Buckbean – Hook moss","Wf","wetland fen"
"5253","SBSmk2/Wf10","Hudson Bay clubrush – Rusty scorpion moss","Wf","wetland fen"
"5254","SBSmk2/Wm01","Beaked sedge – Water sedge","Wm","wetland marsh"
"5255","SBSmk2/Wm02","Water horsetail – Beaked sedge","Wm","wetland marsh"
"5256","SBSmk2/Wm04","Common spikerush","Wm","wetland marsh"
"5257","SBSmk2/Wm06","Soft-stemmed bulrush","Wm","wetland marsh"
"5258","SBSmm/01","Sxw – Falsebox – Knight's plume",NA,NA
"5259","SBSmm/02","Pl – Huckleberry – Cladonia",NA,NA
"5260","SBSmm/03","PlFd – Juniper",NA,NA
"5261","SBSmm/04","Pl – Soopolallie – Pinegrass",NA,NA
"5262","SBSmm/05","Sxw – Soopolallie – Falsebox",NA,NA
"5263","SBSmm/06","Sxw – Huckleberry – Falsebox",NA,NA
"5264","SBSmm/07","Sxw – Oak fern",NA,NA
"5265","SBSmm/08","Sxw – Horsetail","Fh","high fluvial bench"
"5266","SBSmm/09","Sedge – Sphagnum",NA,NA
"5267","SBSmm/10","Sb – Water sedge – Peat moss",NA,NA
"5268","SBSmm/Wf02","Scrub birch – Water sedge","Wf","wetland fen"
"5269","SBSmw/01","SxwFd – Falsebox",NA,NA
"5270","SBSmw/02","FdBl – Huckleberry",NA,NA
"5271","SBSmw/03","Pl – Huckleberry – Velvet-leaved blueberry",NA,NA
"5272","SBSmw/04","SxwFd – Knight's plume","IN","insolation"
"5273","SBSmw/05","Sxw – Pink spirea","CA","cold aspects - cold air"
"5274","SBSmw/06","Sxw – Oak fern",NA,NA
"5275","SBSmw/07","Sxw – Twinberry – Oak fern",NA,NA
"5276","SBSmw/08","Sxw – Devil's club",NA,NA
"5277","SBSmw/09","Sxw – Horsetail",NA,NA
"5278","SBSmw/10","SbSxw – Scrub birch – Sedge",NA,NA
"5279","SBSmw/11","Pl – Huckleberry – Knight's plume",NA,NA
"5280","SBSmw/12","Sxw – Pink spirea – Sphagnum",NA,NA
"5281","SBSmw/13","Sxw – Mountain alder – Lady fern",NA,NA
"5282","SBSmw/14","Sb – Creeping-snowberry – Peat moss",NA,NA
"5283","SBSmw/15","Sb – Soft-leaved sedge – Peat moss",NA,NA
"5284","SBSmw/16","Sb – Horsetail – Peat mosses",NA,NA
"5285","SBSmw/Wb07","Pl – Water sedge – Peat mosses","Wb","wetland bog "
"5286","SBSmw/Wf02","Scrub birch – Water sedge","Wf","wetland fen"
"5287","SBSmw/Wf08","Shore sedge – Buckbean – Hook moss","Wf","wetland fen"
"5288","SBSmw/Ws02","Mountain alder – Pink spirea – Sitka sedge","Ws","wetland swamp"
"5289","SBSmz/101","BlPliSxl – Bunchberry – False toadflax",NA,NA
"5290","SBSmz/101a","BlPliSxl – Bunchberry – False toadflax; Mesic phase",NA,NA
"5291","SBSmz/101b","BlPliSxl – Bunchberry – False toadflax; Subxeric phase",NA,NA
"5292","SBSmz/102","PliBl – Kinnikinnick – Clad lichens",NA,NA
"5293","SBSmz/103","AtEp – Juniper – Saskatoon",NA,NA
"5294","SBSmz/104","BlPli – Crowberry – Feather moss",NA,NA
"5295","SBSmz/110","Bl – Oak fern – Bunchberry",NA,NA
"5296","SBSmz/111","BlSxl – Devil's club",NA,NA
"5297","SBSmz/112","BlSxl – High bush-cranberry – Horsetail","Fh","high fluvial bench"
"5298","SBSmz/113","BlSxl – Scrub birch – Peat mosses",NA,NA
"5299","SBSmz/114","BlSxl – Horsetail – Peat mosses",NA,NA
"5300","SBSvc/101","BlSxl – Devil's club – Dogwood",NA,NA
"5301","SBSvc/102","PliBl – Juniper – Kinnikinnick",NA,NA
"5302","SBSvc/103","PliBl – Soopolallie",NA,NA
"5303","SBSvc/103.1","PliBl – Soopolallie; Prince's pine variation",NA,NA
"5304","SBSvc/103.2","PliBl – Soopolallie; Dogbane variation",NA,NA
"5305","SBSvc/104","PliSxlBl – False toadflax",NA,NA
"5306","SBSvc/105","PliBl – High bush-cranberry",NA,NA
"5307","SBSvc/110","BlSxl – Devil's club – Horsetail",NA,NA
"5308","SBSvc/Fm02","ActSxl – Dogwood","Fm","mid fluvial bench"
"5309","SBSvk/01","Sxw – Devil's club",NA,NA
"5310","SBSvk/02","Pl – Huckleberry – Velvet-leaved blueberry",NA,NA
"5311","SBSvk/03","SxwFd – Thimbleberry","IN","insolation"
"5312","SBSvk/04","Sxw – Oak fern",NA,NA
"5313","SBSvk/05","Sxw – Devil's club – Spiny wood fern",NA,NA
"5314","SBSvk/06","Sxw – Horsetail",NA,NA
"5315","SBSvk/07","Sxw – Devil's club – Ostrich fern",NA,NA
"5316","SBSvk/08","SbPl – Bog-laurel – Sphagnum","CA","cold aspects - cold air"
"5317","SBSvk/09","Pl – Huckleberry – Cladina",NA,NA
"5318","SBSvk/10","Sxw – Skunk cabbage",NA,NA
"5319","SBSvk/12","ActBl – Devil's club",NA,NA
"5320","SBSvk/13","Sb – Skunk cabbage – Peat moss",NA,NA
"5321","SBSvk/51","Mountain alder – Lady fern",NA,NA
"5322","SBSvk/Fl01","Mountain alder – Common horsetail","Fl","low fluvial bench"
"5323","SBSvk/Fl02","Mountain alder – Red-osier dogwood – Lady fern","Fl","low fluvial bench"
"5324","SBSvk/Fl04","Sitka willow – Red-osier dogwood – Horsetail","Fl","low fluvial bench"
"5325","SBSvk/Wb12","Scheuchzeria – Peat moss","Wb","wetland bog "
"5326","SBSvk/Wf02","Scrub birch – Water sedge","Wf","wetland fen"
"5327","SBSvk/Wf04","Barclay's willow – Water sedge – Glow moss","Wf","wetland fen"
"5328","SBSvk/Wf07","Scrub birch – Buckbean – Shore sedge","Wf","wetland fen"
"5329","SBSvk/Wm01","Beaked sedge – Water sedge","Wm","wetland marsh"
"5330","SBSvk/Ws01","Mountain alder – Skunk cabbage – Lady fern","Ws","wetland swamp"
"5331","SBSvk/Ws06","Sitka willow – Sitka sedge","Ws","wetland swamp"
"5332","SBSwk1/01","Sxw – Oak fern",NA,NA
"5333","SBSwk1/02","Pl – Huckleberry – Cladina",NA,NA
"5334","SBSwk1/03","Pl – Huckleberry – Velvet-leaved blueberry",NA,NA
"5335","SBSwk1/04","SxwFd – Knight's plume","IN","insolation"
"5336","SBSwk1/05","Sxw – Huckleberry – High bush-cranberry",NA,NA
"5337","SBSwk1/06","Sxw – Pink spirea – Oak fern","CA","cold aspects - cold air"
"5338","SBSwk1/07","Sxw – Twinberry – Oak fern","CA","cold aspects - cold air"
"5339","SBSwk1/08","Sxw – Devil's club",NA,NA
"5340","SBSwk1/09","Sxw – Horsetail",NA,NA
"5341","SBSwk1/10","Sxw – Devil's club – Lady fern",NA,NA
"5342","SBSwk1/11","SbSxw – Scrub birch – Sedge","CA","cold aspects - cold air"
"5343","SBSwk1/12","SbPl – Feather moss","FR","frost"
"5344","SBSwk1/13","ActSxw – Red-osier dogwood","Fm","mid fluvial bench"
"5345","SBSwk1/14","Pl – Bog-rosemary – Peat moss",NA,NA
"5346","SBSwk1/15","Sb – Horsetail – Peat mosses",NA,NA
"5347","SBSwk1/16","Sb – Buckbean – Peat moss",NA,NA
"5348","SBSwk1/17","Sb – Skunk cabbage – Peat moss",NA,NA
"5349","SBSwk1/Fl02","Mountain alder – Red-osier dogwood – Lady fern","Fl","low fluvial bench"
"5350","SBSwk1/Wf02","Scrub birch – Water sedge","Wf","wetland fen"
"5351","SBSwk1/Wf03","Water sedge – Peat moss","Wf","wetland fen"
"5352","SBSwk1/Wf04","Barclay's willow – Water sedge – Glow moss","Wf","wetland fen"
"5353","SBSwk1/Wf05","Slender sedge – Common hook moss","Wf","wetland fen"
"5354","SBSwk1/Wf07","Scrub birch – Buckbean – Shore sedge","Wf","wetland fen"
"5355","SBSwk1/Wf08","Shore sedge – Buckbean – Hook moss","Wf","wetland fen"
"5356","SBSwk1/Wf11","Tufted clubrush – Star moss","Wf","wetland fen"
"5357","SBSwk1/Wm01","Beaked sedge – Water sedge","Wm","wetland marsh"
"5358","SBSwk1/Wm02","Water horsetail – Beaked sedge","Wm","wetland marsh"
"5359","SBSwk1/Ws01","Mountain alder – Skunk cabbage – Lady fern","Ws","wetland swamp"
"5360","SBSwk1/Ws02","Mountain alder – Pink spirea – Sitka sedge","Ws","wetland swamp"
"5361","SBSwk1/Ws04","Drummond's willow – Beaked sedge","Ws","wetland swamp"
"5362","SBSwk1/Ws06","Sitka willow – Sitka sedge","Ws","wetland swamp"
"5363","SBSwk1/Ws50","Hardhack – Sitka sedge","Ws","wetland swamp"
"5364","SBSwk2/01","Sxw – Oak fern",NA,NA
"5365","SBSwk2/02","Pl – Huckleberry – Cladina",NA,NA
"5366","SBSwk2/03","Sxw – Huckleberry – High bush-cranberry",NA,NA
"5367","SBSwk2/04","SbPl – Feather moss","FR","frost"
"5368","SBSwk2/05","Sxw – Devil's club",NA,NA
"5369","SBSwk2/06","Sxw – Horsetail",NA,NA
"5370","SBSwk2/07","Lt – Water sedge – Fen Moss",NA,NA
"5371","SBSwk2/Wf02","Scrub birch – Water sedge","Wf","wetland fen"
"5372","SBSwk2/Wf07","Scrub birch – Buckbean – Shore sedge","Wf","wetland fen"
"5373","SBSwk2/Wf13","Narrow-leaved cotton-grass – Shore sedge","Wf","wetland fen"
"5374","SBSwk3/01","Sxw – Oak fern",NA,NA
"5375","SBSwk3/02","Pl – Huckleberry – Cladina",NA,NA
"5376","SBSwk3/03","SxwFd – Purple peavine",NA,NA
"5377","SBSwk3/04","Sxw – Huckleberry – High bush-cranberry",NA,NA
"5378","SBSwk3/05","Sb – Labrador tea","FR","frost"
"5379","SBSwk3/06","Sxw – Twinberry – Coltsfoot",NA,NA
"5380","SBSwk3/07","Sxw – Devil's club",NA,NA
"5381","SBSwk3/08","Sxw – Horsetail",NA,NA
"5382","SBSwk3/Wf07","Scrub birch – Buckbean – Shore sedge","Wf","wetland fen"
"5383","SBSwk3a/01","Sxw – Dogwood – Fairybells",NA,NA
"5384","SBSwk3a/02","Pl – Huckleberry – Cladina",NA,NA
"5385","SBSwk3a/03","SxwFd – Purple peavine",NA,NA
"5386","SBSwk3a/04","SxwFd – Birch-leaved spirea – Feather moss",NA,NA
"5387","SBSwk3a/05","Sb – Labrador tea","FR","frost"
"5388","SBSwk3a/06","Sxw – Twinberry – Coltsfoot",NA,NA
"5389","SBSwk3a/07","Sxw – Devil's club",NA,NA
"5390","SBSwk3a/08","Sxw – Horsetail","Fh","high fluvial bench"
"5391","SWBmk/01","Sw – Grey-leaved willow – Scrub birch",NA,NA
"5392","SWBmk/02","Sw – Scrub birch – Cladina",NA,NA
"5393","SWBmk/03","Sw – Juniper – Wildrye","CA","cold aspects - cold air"
"5394","SWBmk/04","Sw – Arctic lupine – Step moss","IN","insolation"
"5395","SWBmk/05","Sw – Willow – Crowberry","CAS","cold aspects"
"5396","SWBmk/06","Sw – Willow – Step moss",NA,NA
"5397","SWBmk/07","Sw – Scrub birch – Bluejoint","CAS","cold aspects"
"5398","SWBmk/08","Sw – Shrubby cinquefoil – Horsetail",NA,NA
"5399","SWBmk/09","Sw – Horsetail – Sphagnum",NA,NA
