"","Source","BGC","SS_NoSpace","Edatopic"
"1","BECv10","BAFAun","BAFAun/00","E7"
"2","BECv10","BAFAun","BAFAun/00","E6"
"3","BECv10","BAFAun","BAFAun/00","E5"
"4","BECv10","BAFAun","BAFAun/00","E4"
"5","BECv10","BAFAun","BAFAun/00","E3"
"6","BECv10","BAFAun","BAFAun/00","E2"
"7","BECv10","BAFAun","BAFAun/00","E1"
"8","BECv10","BAFAun","BAFAun/00","E0"
"9","BECv10","BAFAun","BAFAun/00","D7"
"10","BECv10","BAFAun","BAFAun/00","D6"
"11","BECv10","BAFAun","BAFAun/00","D5"
"12","BECv10","BAFAun","BAFAun/00","D4"
"13","BECv10","BAFAun","BAFAun/00","D3"
"14","BECv10","BAFAun","BAFAun/00","D2"
"15","BECv10","BAFAun","BAFAun/00","D1"
"16","BECv10","BAFAun","BAFAun/00","D0"
"17","BECv10","BAFAun","BAFAun/00","C7"
"18","BECv10","BAFAun","BAFAun/00","C6"
"19","BECv10","BAFAun","BAFAun/00","C5"
"20","BECv10","BAFAun","BAFAun/00","C4"
"21","BECv10","BAFAun","BAFAun/00","C3"
"22","BECv10","BAFAun","BAFAun/00","C2"
"23","BECv10","BAFAun","BAFAun/00","C1"
"24","BECv10","BAFAun","BAFAun/00","C0"
"25","BECv10","BAFAun","BAFAun/00","B7"
"26","BECv10","BAFAun","BAFAun/00","B6"
"27","BECv10","BAFAun","BAFAun/00","B5"
"28","BECv10","BAFAun","BAFAun/00","B4"
"29","BECv10","BAFAun","BAFAun/00","B3"
"30","BECv10","BAFAun","BAFAun/00","B2"
"31","BECv10","BAFAun","BAFAun/00","B1"
"32","BECv10","BAFAun","BAFAun/00","B0"
"33","BECv10","BAFAun","BAFAun/00","A7"
"34","BECv10","BAFAun","BAFAun/00","A6"
"35","BECv10","BAFAun","BAFAun/00","A5"
"36","BECv10","BAFAun","BAFAun/00","A4"
"37","BECv10","BAFAun","BAFAun/00","A3"
"38","BECv10","BAFAun","BAFAun/00","A2"
"39","BECv10","BAFAun","BAFAun/00","A1"
"40","BECv10","BAFAun","BAFAun/00","A0"
"41","BECv10","BAFAunp","BAFAunp/00","E7"
"42","BECv10","BAFAunp","BAFAunp/00","E6"
"43","BECv10","BAFAunp","BAFAunp/00","E5"
"44","BECv10","BAFAunp","BAFAunp/00","E4"
"45","BECv10","BAFAunp","BAFAunp/00","E3"
"46","BECv10","BAFAunp","BAFAunp/00","E2"
"47","BECv10","BAFAunp","BAFAunp/00","E1"
"48","BECv10","BAFAunp","BAFAunp/00","E0"
"49","BECv10","BAFAunp","BAFAunp/00","D7"
"50","BECv10","BAFAunp","BAFAunp/00","D6"
"51","BECv10","BAFAunp","BAFAunp/00","D5"
"52","BECv10","BAFAunp","BAFAunp/00","D4"
"53","BECv10","BAFAunp","BAFAunp/00","D3"
"54","BECv10","BAFAunp","BAFAunp/00","D2"
"55","BECv10","BAFAunp","BAFAunp/00","D1"
"56","BECv10","BAFAunp","BAFAunp/00","D0"
"57","BECv10","BAFAunp","BAFAunp/00","C7"
"58","BECv10","BAFAunp","BAFAunp/00","C6"
"59","BECv10","BAFAunp","BAFAunp/00","C5"
"60","BECv10","BAFAunp","BAFAunp/00","C4"
"61","BECv10","BAFAunp","BAFAunp/00","C3"
"62","BECv10","BAFAunp","BAFAunp/00","C2"
"63","BECv10","BAFAunp","BAFAunp/00","C1"
"64","BECv10","BAFAunp","BAFAunp/00","C0"
"65","BECv10","BAFAunp","BAFAunp/00","B7"
"66","BECv10","BAFAunp","BAFAunp/00","B6"
"67","BECv10","BAFAunp","BAFAunp/00","B5"
"68","BECv10","BAFAunp","BAFAunp/00","B4"
"69","BECv10","BAFAunp","BAFAunp/00","B3"
"70","BECv10","BAFAunp","BAFAunp/00","B2"
"71","BECv10","BAFAunp","BAFAunp/00","B1"
"72","BECv10","BAFAunp","BAFAunp/00","B0"
"73","BECv10","BAFAunp","BAFAunp/00","A7"
"74","BECv10","BAFAunp","BAFAunp/00","A6"
"75","BECv10","BAFAunp","BAFAunp/00","A5"
"76","BECv10","BAFAunp","BAFAunp/00","A4"
"77","BECv10","BAFAunp","BAFAunp/00","A3"
"78","BECv10","BAFAunp","BAFAunp/00","A2"
"79","BECv10","BAFAunp","BAFAunp/00","A1"
"80","BECv10","BAFAunp","BAFAunp/00","A0"
"81","USA_2019","BGdh_OR","BGdh_OR/110","E5"
"82","USA_2019","BGdh_OR","BGdh_OR/110","D5"
"83","USA_2019","BGdh_OR","BGdh_OR/110","C5"
"84","USA_2019","BGdh_OR","BGdh_OR/110","B5"
"85","USA_2019","BGdh_OR","BGdh_OR/111","E6"
"86","USA_2019","BGdh_OR","BGdh_OR/111","D6"
"87","USA_2019","BGdh_OR","BGdh_OR/111","C6"
"88","USA_2019","BGdh_OR","BGdh_OR/111","B6"
"89","USA_2019","BGdh_OR","BGdh_OR/Gg1","D2"
"90","USA_2019","BGdh_OR","BGdh_OR/Gg1","D1"
"91","USA_2019","BGdh_OR","BGdh_OR/Gg1","C2"
"92","USA_2019","BGdh_OR","BGdh_OR/Gg1","C1"
"93","USA_2019","BGdh_OR","BGdh_OR/Gg1","B2"
"94","USA_2019","BGdh_OR","BGdh_OR/Gg1","B1"
"95","USA_2019","BGdh_OR","BGdh_OR/Gg1","A2"
"96","USA_2019","BGdh_OR","BGdh_OR/Gg1","A1"
"97","USA_2019","BGdh_OR","BGdh_OR/Gg2","D4"
"98","USA_2019","BGdh_OR","BGdh_OR/Gg2","D3"
"99","USA_2019","BGdh_OR","BGdh_OR/Gg2","C4"
"100","USA_2019","BGdh_OR","BGdh_OR/Gg2","C3"
"101","USA_2019","BGdh_OR","BGdh_OR/Gg2","B4"
"102","USA_2019","BGdh_OR","BGdh_OR/Gg2","B3"
"103","Add_2021","BGdh_OR","BGdh_OR/Ro","A0"
"104","Add_2021","BGdh_OR","BGdh_OR/Ro","B0"
"105","USA_2020","BGdw_OR","BGdw_OR/110","E5"
"106","USA_2020","BGdw_OR","BGdw_OR/110","D5"
"107","USA_2020","BGdw_OR","BGdw_OR/110","C5"
"108","USA_2020","BGdw_OR","BGdw_OR/110","B5"
"109","USA_2020","BGdw_OR","BGdw_OR/111","E6"
"110","USA_2020","BGdw_OR","BGdw_OR/111","D6"
"111","USA_2020","BGdw_OR","BGdw_OR/111","C6"
"112","USA_2020","BGdw_OR","BGdw_OR/111","B6"
"113","USA_2020","BGdw_OR","BGdw_OR/Gg","D4"
"114","USA_2020","BGdw_OR","BGdw_OR/Gg","D3"
"115","USA_2020","BGdw_OR","BGdw_OR/Gg","D2"
"116","USA_2020","BGdw_OR","BGdw_OR/Gg","D1"
"117","USA_2020","BGdw_OR","BGdw_OR/Gg","C4"
"118","USA_2020","BGdw_OR","BGdw_OR/Gg","C3"
"119","USA_2020","BGdw_OR","BGdw_OR/Gg","C2"
"120","USA_2020","BGdw_OR","BGdw_OR/Gg","C1"
"121","USA_2020","BGdw_OR","BGdw_OR/Gg","B4"
"122","USA_2020","BGdw_OR","BGdw_OR/Gg","B3"
"123","USA_2020","BGdw_OR","BGdw_OR/Gg","B2"
"124","USA_2020","BGdw_OR","BGdw_OR/Gg","B1"
"125","USA_2020","BGdw_OR","BGdw_OR/Gg","A2"
"126","USA_2020","BGdw_OR","BGdw_OR/Gg","A1"
"127","Add_2021","BGdw_OR","BGdw_OR/Ro","A0"
"128","Add_2021","BGdw_OR","BGdw_OR/Ro","B0"
"129","USA_2019","BGdw_WA","BGdw_WA/110","E5"
"130","USA_2019","BGdw_WA","BGdw_WA/110","D5"
"131","USA_2019","BGdw_WA","BGdw_WA/110","C5"
"132","USA_2019","BGdw_WA","BGdw_WA/110","B5"
"133","USA_2019","BGdw_WA","BGdw_WA/111","E6"
"134","USA_2019","BGdw_WA","BGdw_WA/111","D6"
"135","USA_2019","BGdw_WA","BGdw_WA/111","C6"
"136","USA_2019","BGdw_WA","BGdw_WA/111","B6"
"137","USA_2019","BGdw_WA","BGdw_WA/Gg","D4"
"138","USA_2019","BGdw_WA","BGdw_WA/Gg","D3"
"139","USA_2019","BGdw_WA","BGdw_WA/Gg","D2"
"140","USA_2019","BGdw_WA","BGdw_WA/Gg","D1"
"141","USA_2019","BGdw_WA","BGdw_WA/Gg","C4"
"142","USA_2019","BGdw_WA","BGdw_WA/Gg","C3"
"143","USA_2019","BGdw_WA","BGdw_WA/Gg","C2"
"144","USA_2019","BGdw_WA","BGdw_WA/Gg","C1"
"145","USA_2019","BGdw_WA","BGdw_WA/Gg","B4"
"146","USA_2019","BGdw_WA","BGdw_WA/Gg","B3"
"147","USA_2019","BGdw_WA","BGdw_WA/Gg","B2"
"148","USA_2019","BGdw_WA","BGdw_WA/Gg","B1"
"149","USA_2019","BGdw_WA","BGdw_WA/Gg","A2"
"150","USA_2019","BGdw_WA","BGdw_WA/Gg","A1"
"151","Add_2021","BGdw_WA","BGdw_WA/Ro","A0"
"152","Add_2021","BGdw_WA","BGdw_WA/Ro","B0"
"153","USA_2019","BGmk_MT","BGmk_MT/110","E5"
"154","USA_2019","BGmk_MT","BGmk_MT/110","D5"
"155","USA_2019","BGmk_MT","BGmk_MT/110","C5"
"156","USA_2019","BGmk_MT","BGmk_MT/110","B5"
"157","USA_2019","BGmk_MT","BGmk_MT/111","E6"
"158","USA_2019","BGmk_MT","BGmk_MT/111","D6"
"159","USA_2019","BGmk_MT","BGmk_MT/111","C6"
"160","USA_2019","BGmk_MT","BGmk_MT/111","B6"
"161","USA_2019","BGmk_MT","BGmk_MT/Gg1","D2"
"162","USA_2019","BGmk_MT","BGmk_MT/Gg1","D1"
"163","USA_2019","BGmk_MT","BGmk_MT/Gg1","C2"
"164","USA_2019","BGmk_MT","BGmk_MT/Gg1","C1"
"165","USA_2019","BGmk_MT","BGmk_MT/Gg1","B2"
"166","USA_2019","BGmk_MT","BGmk_MT/Gg1","B1"
"167","USA_2019","BGmk_MT","BGmk_MT/Gg1","A2"
"168","USA_2019","BGmk_MT","BGmk_MT/Gg1","A1"
"169","USA_2019","BGmk_MT","BGmk_MT/Gg2","D4"
"170","USA_2019","BGmk_MT","BGmk_MT/Gg2","D3"
"171","USA_2019","BGmk_MT","BGmk_MT/Gg2","C4"
"172","USA_2019","BGmk_MT","BGmk_MT/Gg2","C3"
"173","USA_2019","BGmk_MT","BGmk_MT/Gg2","B4"
"174","USA_2019","BGmk_MT","BGmk_MT/Gg2","B3"
"175","Add_2021","BGmk_MT","BGmk_MT/Ro","A0"
"176","Add_2021","BGmk_MT","BGmk_MT/Ro","B0"
"177","USA_2020","BGmk_NV","BGmk_NV/110","E5"
"178","USA_2020","BGmk_NV","BGmk_NV/110","D5"
"179","USA_2020","BGmk_NV","BGmk_NV/110","C5"
"180","USA_2020","BGmk_NV","BGmk_NV/110","B5"
"181","USA_2020","BGmk_NV","BGmk_NV/111","E6"
"182","USA_2020","BGmk_NV","BGmk_NV/111","D6"
"183","USA_2020","BGmk_NV","BGmk_NV/111","C6"
"184","USA_2020","BGmk_NV","BGmk_NV/111","B6"
"185","USA_2020","BGmk_NV","BGmk_NV/Gg1","D2"
"186","USA_2020","BGmk_NV","BGmk_NV/Gg1","D1"
"187","USA_2020","BGmk_NV","BGmk_NV/Gg1","C2"
"188","USA_2020","BGmk_NV","BGmk_NV/Gg1","C1"
"189","USA_2020","BGmk_NV","BGmk_NV/Gg1","B2"
"190","USA_2020","BGmk_NV","BGmk_NV/Gg1","B1"
"191","USA_2020","BGmk_NV","BGmk_NV/Gg1","A2"
"192","USA_2020","BGmk_NV","BGmk_NV/Gg1","A1"
"193","USA_2020","BGmk_NV","BGmk_NV/Gg2","D4"
"194","USA_2020","BGmk_NV","BGmk_NV/Gg2","D3"
"195","USA_2020","BGmk_NV","BGmk_NV/Gg2","C4"
"196","USA_2020","BGmk_NV","BGmk_NV/Gg2","C3"
"197","USA_2020","BGmk_NV","BGmk_NV/Gg2","B4"
"198","USA_2020","BGmk_NV","BGmk_NV/Gg2","B3"
"199","Add_2021","BGmk_NV","BGmk_NV/Ro","A0"
"200","Add_2021","BGmk_NV","BGmk_NV/Ro","B0"
"201","USA_2019","BGmm_MT","BGmm_MT/110","E5"
"202","USA_2019","BGmm_MT","BGmm_MT/110","D5"
"203","USA_2019","BGmm_MT","BGmm_MT/110","C5"
"204","USA_2019","BGmm_MT","BGmm_MT/110","B5"
"205","USA_2019","BGmm_MT","BGmm_MT/111","E6"
"206","USA_2019","BGmm_MT","BGmm_MT/111","D6"
"207","USA_2019","BGmm_MT","BGmm_MT/111","C6"
"208","USA_2019","BGmm_MT","BGmm_MT/111","B6"
"209","USA_2019","BGmm_MT","BGmm_MT/Gg1","D2"
"210","USA_2019","BGmm_MT","BGmm_MT/Gg1","D1"
"211","USA_2019","BGmm_MT","BGmm_MT/Gg1","C2"
"212","USA_2019","BGmm_MT","BGmm_MT/Gg1","C1"
"213","USA_2019","BGmm_MT","BGmm_MT/Gg1","B2"
"214","USA_2019","BGmm_MT","BGmm_MT/Gg1","B1"
"215","USA_2019","BGmm_MT","BGmm_MT/Gg1","A2"
"216","USA_2019","BGmm_MT","BGmm_MT/Gg1","A1"
"217","USA_2019","BGmm_MT","BGmm_MT/Gg2","D4"
"218","USA_2019","BGmm_MT","BGmm_MT/Gg2","D3"
"219","USA_2019","BGmm_MT","BGmm_MT/Gg2","C4"
"220","USA_2019","BGmm_MT","BGmm_MT/Gg2","C3"
"221","USA_2019","BGmm_MT","BGmm_MT/Gg2","B4"
"222","USA_2019","BGmm_MT","BGmm_MT/Gg2","B3"
"223","Add_2021","BGmm_MT","BGmm_MT/Ro","A0"
"224","Add_2021","BGmm_MT","BGmm_MT/Ro","B0"
"225","USA_2020","BGmw_OR","BGmw_OR/110","E5"
"226","USA_2020","BGmw_OR","BGmw_OR/110","D5"
"227","USA_2020","BGmw_OR","BGmw_OR/110","C5"
"228","USA_2020","BGmw_OR","BGmw_OR/110","B5"
"229","USA_2020","BGmw_OR","BGmw_OR/111","E6"
"230","USA_2020","BGmw_OR","BGmw_OR/111","D6"
"231","USA_2020","BGmw_OR","BGmw_OR/111","C6"
"232","USA_2020","BGmw_OR","BGmw_OR/111","B6"
"233","USA_2020","BGmw_OR","BGmw_OR/Gg","D4"
"234","USA_2020","BGmw_OR","BGmw_OR/Gg","D3"
"235","USA_2020","BGmw_OR","BGmw_OR/Gg","D2"
"236","USA_2020","BGmw_OR","BGmw_OR/Gg","D1"
"237","USA_2020","BGmw_OR","BGmw_OR/Gg","C4"
"238","USA_2020","BGmw_OR","BGmw_OR/Gg","C3"
"239","USA_2020","BGmw_OR","BGmw_OR/Gg","C2"
"240","USA_2020","BGmw_OR","BGmw_OR/Gg","C1"
"241","USA_2020","BGmw_OR","BGmw_OR/Gg","B4"
"242","USA_2020","BGmw_OR","BGmw_OR/Gg","B3"
"243","USA_2020","BGmw_OR","BGmw_OR/Gg","B2"
"244","USA_2020","BGmw_OR","BGmw_OR/Gg","B1"
"245","USA_2020","BGmw_OR","BGmw_OR/Gg","A2"
"246","USA_2020","BGmw_OR","BGmw_OR/Gg","A1"
"247","Add_2021","BGmw_OR","BGmw_OR/Ro","A0"
"248","Add_2021","BGmw_OR","BGmw_OR/Ro","B0"
"249","USA_2019","BGmw_WA","BGmw_WA/110","E5"
"250","USA_2019","BGmw_WA","BGmw_WA/110","D5"
"251","USA_2019","BGmw_WA","BGmw_WA/110","C5"
"252","USA_2019","BGmw_WA","BGmw_WA/110","B5"
"253","USA_2019","BGmw_WA","BGmw_WA/111","E6"
"254","USA_2019","BGmw_WA","BGmw_WA/111","D6"
"255","USA_2019","BGmw_WA","BGmw_WA/111","C6"
"256","USA_2019","BGmw_WA","BGmw_WA/111","B6"
"257","USA_2019","BGmw_WA","BGmw_WA/Gg","D4"
"258","USA_2019","BGmw_WA","BGmw_WA/Gg","D3"
"259","USA_2019","BGmw_WA","BGmw_WA/Gg","D2"
"260","USA_2019","BGmw_WA","BGmw_WA/Gg","D1"
"261","USA_2019","BGmw_WA","BGmw_WA/Gg","C4"
"262","USA_2019","BGmw_WA","BGmw_WA/Gg","C3"
"263","USA_2019","BGmw_WA","BGmw_WA/Gg","C2"
"264","USA_2019","BGmw_WA","BGmw_WA/Gg","C1"
"265","USA_2019","BGmw_WA","BGmw_WA/Gg","B4"
"266","USA_2019","BGmw_WA","BGmw_WA/Gg","B3"
"267","USA_2019","BGmw_WA","BGmw_WA/Gg","B2"
"268","USA_2019","BGmw_WA","BGmw_WA/Gg","B1"
"269","USA_2019","BGmw_WA","BGmw_WA/Gg","A2"
"270","USA_2019","BGmw_WA","BGmw_WA/Gg","A1"
"271","Add_2021","BGmw_WA","BGmw_WA/Ro","A0"
"272","Add_2021","BGmw_WA","BGmw_WA/Ro","B0"
"273","USA_2019","BGwm_WA","BGwm_WA/110","E5"
"274","USA_2019","BGwm_WA","BGwm_WA/110","D5"
"275","USA_2019","BGwm_WA","BGwm_WA/110","C5"
"276","USA_2019","BGwm_WA","BGwm_WA/110","B5"
"277","USA_2019","BGwm_WA","BGwm_WA/111","E6"
"278","USA_2019","BGwm_WA","BGwm_WA/111","D6"
"279","USA_2019","BGwm_WA","BGwm_WA/111","C6"
"280","USA_2019","BGwm_WA","BGwm_WA/111","B6"
"281","USA_2019","BGwm_WA","BGwm_WA/Gg","D4"
"282","USA_2019","BGwm_WA","BGwm_WA/Gg","D3"
"283","USA_2019","BGwm_WA","BGwm_WA/Gg","D2"
"284","USA_2019","BGwm_WA","BGwm_WA/Gg","D1"
"285","USA_2019","BGwm_WA","BGwm_WA/Gg","C4"
"286","USA_2019","BGwm_WA","BGwm_WA/Gg","C3"
"287","USA_2019","BGwm_WA","BGwm_WA/Gg","C2"
"288","USA_2019","BGwm_WA","BGwm_WA/Gg","C1"
"289","USA_2019","BGwm_WA","BGwm_WA/Gg","B4"
"290","USA_2019","BGwm_WA","BGwm_WA/Gg","B3"
"291","USA_2019","BGwm_WA","BGwm_WA/Gg","B2"
"292","USA_2019","BGwm_WA","BGwm_WA/Gg","B1"
"293","USA_2019","BGwm_WA","BGwm_WA/Gg","A2"
"294","USA_2019","BGwm_WA","BGwm_WA/Gg","A1"
"295","Add_2021","BGwm_WA","BGwm_WA/Ro","A0"
"296","Add_2021","BGwm_WA","BGwm_WA/Ro","B0"
"297","USA_2019","BGxh_WA","BGxh_WA/110","E5"
"298","USA_2019","BGxh_WA","BGxh_WA/110","D5"
"299","USA_2019","BGxh_WA","BGxh_WA/110","C5"
"300","USA_2019","BGxh_WA","BGxh_WA/110","B5"
"301","USA_2019","BGxh_WA","BGxh_WA/111","E6"
"302","USA_2019","BGxh_WA","BGxh_WA/111","D6"
"303","USA_2019","BGxh_WA","BGxh_WA/111","C6"
"304","USA_2019","BGxh_WA","BGxh_WA/111","B6"
"305","USA_2019","BGxh_WA","BGxh_WA/Gg1","D2"
"306","USA_2019","BGxh_WA","BGxh_WA/Gg1","D1"
"307","USA_2019","BGxh_WA","BGxh_WA/Gg1","C2"
"308","USA_2019","BGxh_WA","BGxh_WA/Gg1","C1"
"309","USA_2019","BGxh_WA","BGxh_WA/Gg1","B2"
"310","USA_2019","BGxh_WA","BGxh_WA/Gg1","B1"
"311","USA_2019","BGxh_WA","BGxh_WA/Gg1","A2"
"312","USA_2019","BGxh_WA","BGxh_WA/Gg1","A1"
"313","USA_2019","BGxh_WA","BGxh_WA/Gg2","D4"
"314","USA_2019","BGxh_WA","BGxh_WA/Gg2","D3"
"315","USA_2019","BGxh_WA","BGxh_WA/Gg2","C4"
"316","USA_2019","BGxh_WA","BGxh_WA/Gg2","C3"
"317","USA_2019","BGxh_WA","BGxh_WA/Gg2","B4"
"318","USA_2019","BGxh_WA","BGxh_WA/Gg2","B3"
"319","Add_2021","BGxh_WA","BGxh_WA/Ro","A0"
"320","Add_2021","BGxh_WA","BGxh_WA/Ro","B0"
"321","BECv12","BGxh1","BGxh1/102","C2"
"322","BECv12","BGxh1","BGxh1/102","C1"
"323","BECv12","BGxh1","BGxh1/102","B2"
"324","BECv12","BGxh1","BGxh1/102","B1"
"325","BECv12","BGxh1","BGxh1/102","A2"
"326","BECv12","BGxh1","BGxh1/102","A1"
"327","BECv12","BGxh1","BGxh1/103","C3"
"328","BECv12","BGxh1","BGxh1/103","B3"
"329","BECv12","BGxh1","BGxh1/103","A3"
"330","BECv12","BGxh1","BGxh1/110","E5"
"331","BECv12","BGxh1","BGxh1/110","E4"
"332","BECv12","BGxh1","BGxh1/110","D5"
"333","BECv12","BGxh1","BGxh1/110","D4"
"334","BECv12","BGxh1","BGxh1/110","C5"
"335","BECv12","BGxh1","BGxh1/110","C4"
"336","BECv12","BGxh1","BGxh1/Fm01","E6"
"337","BECv12","BGxh1","BGxh1/Fm01","E5"
"338","BECv12","BGxh1","BGxh1/Fm01","D6"
"339","BECv12","BGxh1","BGxh1/Fm01","D5"
"340","BECv12","BGxh1","BGxh1/Fm01","C6"
"341","BECv12","BGxh1","BGxh1/Fm01","C5"
"342","BECv12","BGxh1","BGxh1/Fm06","E6"
"343","BECv12","BGxh1","BGxh1/Fm06","E5"
"344","BECv12","BGxh1","BGxh1/Fm06","D6"
"345","BECv12","BGxh1","BGxh1/Fm06","D5"
"346","BECv12","BGxh1","BGxh1/Fm06","C6"
"347","BECv12","BGxh1","BGxh1/Fm06","C5"
"348","BECv10","BGxh1","BGxh1/Gg","E4"
"349","BECv10","BGxh1","BGxh1/Gg","E3"
"350","BECv10","BGxh1","BGxh1/Gg","D4"
"351","BECv10","BGxh1","BGxh1/Gg","D3"
"352","BECv10","BGxh1","BGxh1/Gg","D2"
"353","BECv10","BGxh1","BGxh1/Gg","D1"
"354","BECv10","BGxh1","BGxh1/Gg","C4"
"355","BECv10","BGxh1","BGxh1/Gg","C3"
"356","BECv10","BGxh1","BGxh1/Gg","C2"
"357","BECv10","BGxh1","BGxh1/Gg","C1"
"358","BECv10","BGxh1","BGxh1/Gg","C0"
"359","BECv10","BGxh1","BGxh1/Gg","B4"
"360","BECv10","BGxh1","BGxh1/Gg","B3"
"361","BECv10","BGxh1","BGxh1/Gg","B2"
"362","BECv10","BGxh1","BGxh1/Gg","B1"
"363","BECv10","BGxh1","BGxh1/Gg","B0"
"364","BECv10","BGxh1","BGxh1/Gg","A4"
"365","BECv10","BGxh1","BGxh1/Gg","A3"
"366","BECv10","BGxh1","BGxh1/Gg","A2"
"367","BECv10","BGxh1","BGxh1/Gg","A1"
"368","BECv10","BGxh1","BGxh1/Gg","A0"
"369","BECv12","BGxh2","BGxh2/102","C3"
"370","BECv12","BGxh2","BGxh2/102","C2"
"371","BECv12","BGxh2","BGxh2/102","B3"
"372","BECv12","BGxh2","BGxh2/102","B2"
"373","BECv12","BGxh2","BGxh2/110","E5"
"374","BECv12","BGxh2","BGxh2/110","E4"
"375","BECv12","BGxh2","BGxh2/110","D5"
"376","BECv12","BGxh2","BGxh2/110","D4"
"377","BECv12","BGxh2","BGxh2/110","C5"
"378","BECv12","BGxh2","BGxh2/110","C4"
"379","BECv12","BGxh2","BGxh2/Fm01","E6"
"380","BECv12","BGxh2","BGxh2/Fm01","E5"
"381","BECv12","BGxh2","BGxh2/Fm01","D6"
"382","BECv12","BGxh2","BGxh2/Fm01","D5"
"383","BECv12","BGxh2","BGxh2/Fm05","E6"
"384","BECv12","BGxh2","BGxh2/Fm05","E5"
"385","BECv12","BGxh2","BGxh2/Fm05","D6"
"386","BECv12","BGxh2","BGxh2/Fm05","D5"
"387","BECv12","BGxh2","BGxh2/Fm06","E6"
"388","BECv12","BGxh2","BGxh2/Fm06","E5"
"389","BECv12","BGxh2","BGxh2/Fm06","D6"
"390","BECv12","BGxh2","BGxh2/Fm06","D5"
"391","BECv10","BGxh2","BGxh2/Gg","D4"
"392","BECv10","BGxh2","BGxh2/Gg","D3"
"393","BECv10","BGxh2","BGxh2/Gg","C2"
"394","BECv10","BGxh2","BGxh2/Gg","C1"
"395","BECv10","BGxh2","BGxh2/Gg","B2"
"396","BECv10","BGxh2","BGxh2/Gg","B1"
"397","BECv10","BGxh2","BGxh2/Gg","B0"
"398","BECv10","BGxh2","BGxh2/Gg","A1"
"399","BECv10","BGxh2","BGxh2/Gg","A0"
"400","BECv10","BGxh2","BGxh2/Gs","E5"
"401","BECv10","BGxh2","BGxh2/Gs","E4"
"402","BECv10","BGxh2","BGxh2/Gs","D5"
"403","BECv10","BGxh2","BGxh2/Gs","D4"
"404","BECv10","BGxh2","BGxh2/Gs","D3"
"405","BECv10","BGxh2","BGxh2/Gs","D2"
"406","BECv10","BGxh2","BGxh2/Gs","D1"
"407","BECv10","BGxh2","BGxh2/Gs","C5"
"408","BECv10","BGxh2","BGxh2/Gs","C4"
"409","BECv10","BGxh2","BGxh2/Gs","C3"
"410","BECv10","BGxh2","BGxh2/Gs","C2"
"411","BECv10","BGxh2","BGxh2/Gs","C1"
"412","BECv10","BGxh2","BGxh2/Gs","B4"
"413","BECv10","BGxh2","BGxh2/Gs","B3"
"414","BECv10","BGxh2","BGxh2/Gs","B2"
"415","BECv10","BGxh2","BGxh2/Gs","B1"
"416","BECv10","BGxh3","BGxh3/110","D5"
"417","BECv10","BGxh3","BGxh3/110","D4"
"418","BECv10","BGxh3","BGxh3/110","C5"
"419","BECv10","BGxh3","BGxh3/110","C4"
"420","BECv10","BGxh3","BGxh3/111","D5"
"421","BECv10","BGxh3","BGxh3/111","D4"
"422","BECv10","BGxh3","BGxh3/111","C5"
"423","BECv10","BGxh3","BGxh3/111","C4"
"424","BECv10","BGxh3","BGxh3/112","D6"
"425","BECv10","BGxh3","BGxh3/112","D5"
"426","BECv10","BGxh3","BGxh3/113","C6"
"427","BECv10","BGxh3","BGxh3/113","C5"
"428","Add_2021","BGxh3","BGxh3/Fm01","E5"
"429","Add_2021","BGxh3","BGxh3/Fm01","E6"
"430","BECv10","BGxh3","BGxh3/Gg","D5"
"431","BECv10","BGxh3","BGxh3/Gg","D4"
"432","BECv10","BGxh3","BGxh3/Gg","C5"
"433","BECv10","BGxh3","BGxh3/Gg","C4"
"434","BECv10","BGxh3","BGxh3/Gg","C3"
"435","BECv10","BGxh3","BGxh3/Gg","C2"
"436","BECv10","BGxh3","BGxh3/Gg","B4"
"437","BECv10","BGxh3","BGxh3/Gg","B3"
"438","BECv10","BGxh3","BGxh3/Gg","B2"
"439","Add_2021","BGxh3","BGxh3/Ro","A0"
"440","Add_2021","BGxh3","BGxh3/Ro","B0"
"441","BECv12","BGxw1","BGxw1/102","C2"
"442","BECv12","BGxw1","BGxw1/102","C1"
"443","BECv12","BGxw1","BGxw1/102","B2"
"444","BECv12","BGxw1","BGxw1/102","B1"
"445","BECv12","BGxw1","BGxw1/110","E4"
"446","BECv12","BGxw1","BGxw1/110","D4"
"447","BECv12","BGxw1","BGxw1/111","E5"
"448","BECv12","BGxw1","BGxw1/111","E4"
"449","BECv12","BGxw1","BGxw1/111","D5"
"450","BECv12","BGxw1","BGxw1/111","D4"
"451","BECv12","BGxw1","BGxw1/111","C5"
"452","BECv12","BGxw1","BGxw1/Fm01","E6"
"453","BECv12","BGxw1","BGxw1/Fm01","E5"
"454","BECv12","BGxw1","BGxw1/Fm01","D6"
"455","BECv12","BGxw1","BGxw1/Fm01","D5"
"456","BECv12","BGxw1","BGxw1/Fm05","E6"
"457","BECv12","BGxw1","BGxw1/Fm05","E5"
"458","BECv12","BGxw1","BGxw1/Fm05","D6"
"459","BECv12","BGxw1","BGxw1/Fm05","D5"
"460","BECv10","BGxw1","BGxw1/Gg","E4"
"461","BECv10","BGxw1","BGxw1/Gg","E3"
"462","BECv10","BGxw1","BGxw1/Gg","D4"
"463","BECv10","BGxw1","BGxw1/Gg","D3"
"464","BECv10","BGxw1","BGxw1/Gg","D2"
"465","BECv10","BGxw1","BGxw1/Gg","D1"
"466","BECv10","BGxw1","BGxw1/Gg","C4"
"467","BECv10","BGxw1","BGxw1/Gg","C3"
"468","BECv10","BGxw1","BGxw1/Gg","C2"
"469","BECv10","BGxw1","BGxw1/Gg","C1"
"470","BECv10","BGxw1","BGxw1/Gg","B4"
"471","BECv10","BGxw1","BGxw1/Gg","B3"
"472","BECv10","BGxw1","BGxw1/Gg","B2"
"473","BECv10","BGxw1","BGxw1/Gg","B1"
"474","BECv10","BGxw1","BGxw1/Gg","A2"
"475","BECv10","BGxw1","BGxw1/Gg","A1"
"476","Add_2021","BGxw1","BGxw1/Ro","A0"
"477","Add_2021","BGxw1","BGxw1/Ro","B0"
"478","BECv10","BGxw2","BGxw2/101","D4"
"479","BECv10","BGxw2","BGxw2/101","D3"
"480","BECv10","BGxw2","BGxw2/101","C4"
"481","BECv10","BGxw2","BGxw2/101","C3"
"482","BECv10","BGxw2","BGxw2/101","B4"
"483","BECv10","BGxw2","BGxw2/110","D5"
"484","BECv10","BGxw2","BGxw2/110","D4"
"485","BECv10","BGxw2","BGxw2/110","C5"
"486","BECv10","BGxw2","BGxw2/110","C4"
"487","BECv10","BGxw2","BGxw2/111","D5"
"488","BECv10","BGxw2","BGxw2/111","D4"
"489","BECv10","BGxw2","BGxw2/111","C5"
"490","BECv10","BGxw2","BGxw2/111","C4"
"491","BECv10","BGxw2","BGxw2/112","E6"
"492","BECv10","BGxw2","BGxw2/112","E5"
"493","BECv10","BGxw2","BGxw2/113","D5"
"494","BECv10","BGxw2","BGxw2/113","C5"
"495","BECv10","BGxw2","BGxw2/114","D6"
"496","BECv10","BGxw2","BGxw2/114","D5"
"497","BECv10","BGxw2","BGxw2/114","C6"
"498","BECv10","BGxw2","BGxw2/115","D6"
"499","BECv10","BGxw2","BGxw2/115","D5"
"500","BECv10","BGxw2","BGxw2/115","C6"
"501","BECv10","BGxw2","BGxw2/115","C5"
"502","BECv10","BGxw2","BGxw2/Gg","D5"
"503","BECv10","BGxw2","BGxw2/Gg","D4"
"504","BECv10","BGxw2","BGxw2/Gg","D3"
"505","BECv10","BGxw2","BGxw2/Gg","C5"
"506","BECv10","BGxw2","BGxw2/Gg","C4"
"507","BECv10","BGxw2","BGxw2/Gg","C3"
"508","BECv10","BGxw2","BGxw2/Gg","C2"
"509","BECv10","BGxw2","BGxw2/Gg","B4"
"510","BECv10","BGxw2","BGxw2/Gg","B3"
"511","BECv10","BGxw2","BGxw2/Gg","B2"
"512","Add_2021","BGxw2","BGxw2/Ro","A0"
"513","Add_2021","BGxw2","BGxw2/Ro","B0"
"514","USA_2020","BGxx_WY","BGxx_WY/110","E5"
"515","USA_2020","BGxx_WY","BGxx_WY/110","D5"
"516","USA_2020","BGxx_WY","BGxx_WY/110","C5"
"517","USA_2020","BGxx_WY","BGxx_WY/110","B5"
"518","USA_2020","BGxx_WY","BGxx_WY/111","E6"
"519","USA_2020","BGxx_WY","BGxx_WY/111","D6"
"520","USA_2020","BGxx_WY","BGxx_WY/111","C6"
"521","USA_2020","BGxx_WY","BGxx_WY/111","B6"
"522","USA_2020","BGxx_WY","BGxx_WY/Gg1","D2"
"523","USA_2020","BGxx_WY","BGxx_WY/Gg1","D1"
"524","USA_2020","BGxx_WY","BGxx_WY/Gg1","C2"
"525","USA_2020","BGxx_WY","BGxx_WY/Gg1","C1"
"526","USA_2020","BGxx_WY","BGxx_WY/Gg1","B2"
"527","USA_2020","BGxx_WY","BGxx_WY/Gg1","B1"
"528","USA_2020","BGxx_WY","BGxx_WY/Gg1","A2"
"529","USA_2020","BGxx_WY","BGxx_WY/Gg1","A1"
"530","USA_2020","BGxx_WY","BGxx_WY/Gg2","D4"
"531","USA_2020","BGxx_WY","BGxx_WY/Gg2","D3"
"532","USA_2020","BGxx_WY","BGxx_WY/Gg2","C4"
"533","USA_2020","BGxx_WY","BGxx_WY/Gg2","C3"
"534","USA_2020","BGxx_WY","BGxx_WY/Gg2","B4"
"535","USA_2020","BGxx_WY","BGxx_WY/Gg2","B3"
"536","Add_2021","BGxx_WY","BGxx_WY/Ro","A0"
"537","Add_2021","BGxx_WY","BGxx_WY/Ro","B0"
"538","AB_2018","BSJPap","BSJPap/a","C2"
"539","AB_2018","BSJPap","BSJPap/a","B3"
"540","AB_2018","BSJPap","BSJPap/a","B2"
"541","AB_2018","BSJPap","BSJPap/a","B1"
"542","AB_2018","BSJPap","BSJPap/a","A3"
"543","AB_2018","BSJPap","BSJPap/a","A2"
"544","AB_2018","BSJPap","BSJPap/a","A1"
"545","AB_2018","BSJPap","BSJPap/b","D5"
"546","AB_2018","BSJPap","BSJPap/b","D4"
"547","AB_2018","BSJPap","BSJPap/b","D3"
"548","AB_2018","BSJPap","BSJPap/b","C5"
"549","AB_2018","BSJPap","BSJPap/b","C4"
"550","AB_2018","BSJPap","BSJPap/b","C3"
"551","AB_2018","BSJPap","BSJPap/b","B4"
"552","AB_2018","BSJPap","BSJPap/b","B3"
"553","AB_2018","BSJPap","BSJPap/c","C5"
"554","AB_2018","BSJPap","BSJPap/c","C4"
"555","AB_2018","BSJPap","BSJPap/c","B5"
"556","AB_2018","BSJPap","BSJPap/c","B4"
"557","AB_2018","BSJPap","BSJPap/c","B3"
"558","AB_2018","BSJPap","BSJPap/c","A5"
"559","AB_2018","BSJPap","BSJPap/c","A4"
"560","AB_2018","BSJPap","BSJPap/d","C6"
"561","AB_2018","BSJPap","BSJPap/d","C5"
"562","AB_2018","BSJPap","BSJPap/d","B6"
"563","AB_2018","BSJPap","BSJPap/d","B5"
"564","AB_2018","BSJPap","BSJPap/d","A6"
"565","AB_2018","BSJPap","BSJPap/d","A5"
"566","AB_2018","BSJPap","BSJPap/e","E6"
"567","AB_2018","BSJPap","BSJPap/e","E5"
"568","AB_2018","BSJPap","BSJPap/e","D6"
"569","AB_2018","BSJPap","BSJPap/e","D5"
"570","AB_2018","BSJPap","BSJPap/e","C6"
"571","AB_2018","BSJPap","BSJPap/e","C5"
"572","AB_2018","BSJPap","BSJPap/f","B7"
"573","AB_2018","BSJPap","BSJPap/f","B6"
"574","AB_2018","BSJPap","BSJPap/f","A7"
"575","AB_2018","BSJPap","BSJPap/f","A6"
"576","AB_2018","BSJPap","BSJPap/g","C7"
"577","AB_2018","BSJPap","BSJPap/g","C6"
"578","AB_2018","BSJPap","BSJPap/g","B7"
"579","AB_2018","BSJPap","BSJPap/g","B6"
"580","AB_2018","BSJPap","BSJPap/h","E7"
"581","AB_2018","BSJPap","BSJPap/h","E6"
"582","AB_2018","BSJPap","BSJPap/h","D7"
"583","AB_2018","BSJPap","BSJPap/h","D6"
"584","AB_2018","BSJPap","BSJPap/h","C7"
"585","Add_2021","BSJPap","BSJPap/Ro","A0"
"586","Add_2021","BSJPap","BSJPap/Ro","B0"
"587","AB_2018","BSJPku","BSJPku/a","B3"
"588","AB_2018","BSJPku","BSJPku/a","B2"
"589","AB_2018","BSJPku","BSJPku/a","B1"
"590","AB_2018","BSJPku","BSJPku/a","A3"
"591","AB_2018","BSJPku","BSJPku/a","A2"
"592","AB_2018","BSJPku","BSJPku/a","A1"
"593","AB_2018","BSJPku","BSJPku/b","D5"
"594","AB_2018","BSJPku","BSJPku/b","D4"
"595","AB_2018","BSJPku","BSJPku/b","D3"
"596","AB_2018","BSJPku","BSJPku/b","C5"
"597","AB_2018","BSJPku","BSJPku/b","C4"
"598","AB_2018","BSJPku","BSJPku/b","C3"
"599","AB_2018","BSJPku","BSJPku/b","B4"
"600","AB_2018","BSJPku","BSJPku/b","B3"
"601","AB_2018","BSJPku","BSJPku/c","C5"
"602","AB_2018","BSJPku","BSJPku/c","C4"
"603","AB_2018","BSJPku","BSJPku/c","B5"
"604","AB_2018","BSJPku","BSJPku/c","B4"
"605","AB_2018","BSJPku","BSJPku/c","A5"
"606","AB_2018","BSJPku","BSJPku/c","A4"
"607","AB_2018","BSJPku","BSJPku/d","C6"
"608","AB_2018","BSJPku","BSJPku/d","C5"
"609","AB_2018","BSJPku","BSJPku/d","B6"
"610","AB_2018","BSJPku","BSJPku/d","B5"
"611","AB_2018","BSJPku","BSJPku/d","A6"
"612","AB_2018","BSJPku","BSJPku/d","A5"
"613","AB_2018","BSJPku","BSJPku/e","E6"
"614","AB_2018","BSJPku","BSJPku/e","E5"
"615","AB_2018","BSJPku","BSJPku/e","D6"
"616","AB_2018","BSJPku","BSJPku/e","D5"
"617","AB_2018","BSJPku","BSJPku/e","C6"
"618","AB_2018","BSJPku","BSJPku/e","C5"
"619","AB_2018","BSJPku","BSJPku/f","B7"
"620","AB_2018","BSJPku","BSJPku/f","B6"
"621","AB_2018","BSJPku","BSJPku/f","A7"
"622","AB_2018","BSJPku","BSJPku/f","A6"
"623","AB_2018","BSJPku","BSJPku/g","D7"
"624","AB_2018","BSJPku","BSJPku/g","C7"
"625","AB_2018","BSJPku","BSJPku/g","C6"
"626","AB_2018","BSJPku","BSJPku/g","B7"
"627","AB_2018","BSJPku","BSJPku/g","B6"
"628","AB_2018","BSJPku","BSJPku/h","E7"
"629","AB_2018","BSJPku","BSJPku/h","E6"
"630","AB_2018","BSJPku","BSJPku/h","D7"
"631","AB_2018","BSJPku","BSJPku/h","D6"
"632","Add_2021","BSJPku","BSJPku/Ro","A0"
"633","Add_2021","BSJPku","BSJPku/Ro","B0"
"634","AB_2018","BSJPpa","BSJPpa/a","C3"
"635","AB_2018","BSJPpa","BSJPpa/a","C2"
"636","AB_2018","BSJPpa","BSJPpa/a","B3"
"637","AB_2018","BSJPpa","BSJPpa/a","B2"
"638","AB_2018","BSJPpa","BSJPpa/a","B1"
"639","AB_2018","BSJPpa","BSJPpa/a","A3"
"640","AB_2018","BSJPpa","BSJPpa/a","A2"
"641","AB_2018","BSJPpa","BSJPpa/b","D5"
"642","AB_2018","BSJPpa","BSJPpa/b","D4"
"643","AB_2018","BSJPpa","BSJPpa/b","D3"
"644","AB_2018","BSJPpa","BSJPpa/b","C5"
"645","AB_2018","BSJPpa","BSJPpa/b","C4"
"646","AB_2018","BSJPpa","BSJPpa/b","C3"
"647","AB_2018","BSJPpa","BSJPpa/b","B4"
"648","AB_2018","BSJPpa","BSJPpa/c","C4"
"649","AB_2018","BSJPpa","BSJPpa/c","B5"
"650","AB_2018","BSJPpa","BSJPpa/c","B4"
"651","AB_2018","BSJPpa","BSJPpa/c","B3"
"652","AB_2018","BSJPpa","BSJPpa/c","A5"
"653","AB_2018","BSJPpa","BSJPpa/c","A4"
"654","AB_2018","BSJPpa","BSJPpa/d","C6"
"655","AB_2018","BSJPpa","BSJPpa/d","C5"
"656","AB_2018","BSJPpa","BSJPpa/d","B6"
"657","AB_2018","BSJPpa","BSJPpa/d","B5"
"658","AB_2018","BSJPpa","BSJPpa/d","A6"
"659","AB_2018","BSJPpa","BSJPpa/d","A5"
"660","AB_2018","BSJPpa","BSJPpa/e","E6"
"661","AB_2018","BSJPpa","BSJPpa/e","E5"
"662","AB_2018","BSJPpa","BSJPpa/e","D6"
"663","AB_2018","BSJPpa","BSJPpa/e","D5"
"664","AB_2018","BSJPpa","BSJPpa/e","C6"
"665","AB_2018","BSJPpa","BSJPpa/e","C5"
"666","AB_2018","BSJPpa","BSJPpa/f","B7"
"667","AB_2018","BSJPpa","BSJPpa/f","B6"
"668","AB_2018","BSJPpa","BSJPpa/f","A7"
"669","AB_2018","BSJPpa","BSJPpa/f","A6"
"670","AB_2018","BSJPpa","BSJPpa/g","C7"
"671","AB_2018","BSJPpa","BSJPpa/g","C6"
"672","AB_2018","BSJPpa","BSJPpa/g","B7"
"673","AB_2018","BSJPpa","BSJPpa/g","B6"
"674","AB_2018","BSJPpa","BSJPpa/h","E7"
"675","AB_2018","BSJPpa","BSJPpa/h","E6"
"676","AB_2018","BSJPpa","BSJPpa/h","D7"
"677","AB_2018","BSJPpa","BSJPpa/h","D6"
"678","Add_2021","BSJPpa","BSJPpa/Ro","A0"
"679","Add_2021","BSJPpa","BSJPpa/Ro","B0"
"680","ABv12","BWBScmC","BWBScmC/a","B2"
"681","ABv12","BWBScmC","BWBScmC/a","B1"
"682","ABv12","BWBScmC","BWBScmC/a","A2"
"683","ABv12","BWBScmC","BWBScmC/a","A1"
"684","ABv12","BWBScmC","BWBScmC/b","C3"
"685","ABv12","BWBScmC","BWBScmC/b","C2"
"686","ABv12","BWBScmC","BWBScmC/b","B3"
"687","ABv12","BWBScmC","BWBScmC/b","B2"
"688","ABv12","BWBScmC","BWBScmC/c","B5"
"689","ABv12","BWBScmC","BWBScmC/c","B4"
"690","ABv12","BWBScmC","BWBScmC/c","B3"
"691","ABv12","BWBScmC","BWBScmC/c","A4"
"692","ABv12","BWBScmC","BWBScmC/c","A3"
"693","ABv12","BWBScmC","BWBScmC/d","D4"
"694","ABv12","BWBScmC","BWBScmC/d","C5"
"695","ABv12","BWBScmC","BWBScmC/d","C4"
"696","ABv12","BWBScmC","BWBScmC/d","C3"
"697","ABv12","BWBScmC","BWBScmC/d","B4"
"698","ABv12","BWBScmC","BWBScmC/e","D6"
"699","ABv12","BWBScmC","BWBScmC/e","D5"
"700","ABv12","BWBScmC","BWBScmC/e","D4"
"701","ABv12","BWBScmC","BWBScmC/e","C5"
"702","ABv12","BWBScmC","BWBScmC/f","E6"
"703","ABv12","BWBScmC","BWBScmC/f","E5"
"704","ABv12","BWBScmC","BWBScmC/f","D6"
"705","ABv12","BWBScmC","BWBScmC/f","D5"
"706","ABv12","BWBScmC","BWBScmC/g","C6"
"707","ABv12","BWBScmC","BWBScmC/g","C5"
"708","ABv12","BWBScmC","BWBScmC/g","B6"
"709","ABv12","BWBScmC","BWBScmC/g","B5"
"710","ABv12","BWBScmC","BWBScmC/g","A6"
"711","ABv12","BWBScmC","BWBScmC/g","A5"
"712","ABv12","BWBScmC","BWBScmC/h","D6"
"713","ABv12","BWBScmC","BWBScmC/h","D5"
"714","ABv12","BWBScmC","BWBScmC/h","C6"
"715","ABv12","BWBScmC","BWBScmC/h","C5"
"716","ABv12","BWBScmC","BWBScmC/i","B7"
"717","ABv12","BWBScmC","BWBScmC/i","B6"
"718","ABv12","BWBScmC","BWBScmC/i","A7"
"719","ABv12","BWBScmC","BWBScmC/i","A6"
"720","ABv12","BWBScmC","BWBScmC/j","C7"
"721","ABv12","BWBScmC","BWBScmC/j","C6"
"722","ABv12","BWBScmC","BWBScmC/j","B7"
"723","ABv12","BWBScmC","BWBScmC/j","B6"
"724","ABv12","BWBScmC","BWBScmC/k","E7"
"725","ABv12","BWBScmC","BWBScmC/k","D7"
"726","ABv12","BWBScmC","BWBScmC/k","D6"
"727","ABv12","BWBScmC","BWBScmC/k","C7"
"728","Add_2021","BWBScmC","BWBScmC/Ro","A0"
"729","Add_2021","BWBScmC","BWBScmC/Ro","B0"
"730","ABv12","BWBScmE","BWBScmE/a","B2"
"731","ABv12","BWBScmE","BWBScmE/a","B1"
"732","ABv12","BWBScmE","BWBScmE/a","A2"
"733","ABv12","BWBScmE","BWBScmE/a","A1"
"734","ABv12","BWBScmE","BWBScmE/b","C3"
"735","ABv12","BWBScmE","BWBScmE/b","C2"
"736","ABv12","BWBScmE","BWBScmE/b","B3"
"737","ABv12","BWBScmE","BWBScmE/b","B2"
"738","ABv12","BWBScmE","BWBScmE/c","B5"
"739","ABv12","BWBScmE","BWBScmE/c","B4"
"740","ABv12","BWBScmE","BWBScmE/c","B3"
"741","ABv12","BWBScmE","BWBScmE/c","A4"
"742","ABv12","BWBScmE","BWBScmE/c","A3"
"743","ABv12","BWBScmE","BWBScmE/d","D4"
"744","ABv12","BWBScmE","BWBScmE/d","C5"
"745","ABv12","BWBScmE","BWBScmE/d","C4"
"746","ABv12","BWBScmE","BWBScmE/d","C3"
"747","ABv12","BWBScmE","BWBScmE/d","B4"
"748","ABv12","BWBScmE","BWBScmE/e","D6"
"749","ABv12","BWBScmE","BWBScmE/e","D5"
"750","ABv12","BWBScmE","BWBScmE/e","D4"
"751","ABv12","BWBScmE","BWBScmE/e","C5"
"752","ABv12","BWBScmE","BWBScmE/f","E6"
"753","ABv12","BWBScmE","BWBScmE/f","E5"
"754","ABv12","BWBScmE","BWBScmE/f","D6"
"755","ABv12","BWBScmE","BWBScmE/f","D5"
"756","ABv12","BWBScmE","BWBScmE/g","C6"
"757","ABv12","BWBScmE","BWBScmE/g","C5"
"758","ABv12","BWBScmE","BWBScmE/g","B6"
"759","ABv12","BWBScmE","BWBScmE/g","B5"
"760","ABv12","BWBScmE","BWBScmE/g","A6"
"761","ABv12","BWBScmE","BWBScmE/g","A5"
"762","ABv12","BWBScmE","BWBScmE/h","D6"
"763","ABv12","BWBScmE","BWBScmE/h","D5"
"764","ABv12","BWBScmE","BWBScmE/h","C6"
"765","ABv12","BWBScmE","BWBScmE/h","C5"
"766","ABv12","BWBScmE","BWBScmE/i","B7"
"767","ABv12","BWBScmE","BWBScmE/i","B6"
"768","ABv12","BWBScmE","BWBScmE/i","A7"
"769","ABv12","BWBScmE","BWBScmE/i","A6"
"770","ABv12","BWBScmE","BWBScmE/j","C7"
"771","ABv12","BWBScmE","BWBScmE/j","C6"
"772","ABv12","BWBScmE","BWBScmE/j","B7"
"773","ABv12","BWBScmE","BWBScmE/j","B6"
"774","ABv12","BWBScmE","BWBScmE/k","E7"
"775","ABv12","BWBScmE","BWBScmE/k","D7"
"776","ABv12","BWBScmE","BWBScmE/k","D6"
"777","ABv12","BWBScmE","BWBScmE/k","C7"
"778","Add_2021","BWBScmE","BWBScmE/Ro","A0"
"779","Add_2021","BWBScmE","BWBScmE/Ro","B0"
"780","ABv12","BWBScmNW","BWBScmNW/a","B2"
"781","ABv12","BWBScmNW","BWBScmNW/a","B1"
"782","ABv12","BWBScmNW","BWBScmNW/a","A2"
"783","ABv12","BWBScmNW","BWBScmNW/a","A1"
"784","ABv12","BWBScmNW","BWBScmNW/b","C3"
"785","ABv12","BWBScmNW","BWBScmNW/b","C2"
"786","ABv12","BWBScmNW","BWBScmNW/b","B3"
"787","ABv12","BWBScmNW","BWBScmNW/b","B2"
"788","ABv12","BWBScmNW","BWBScmNW/c","B5"
"789","ABv12","BWBScmNW","BWBScmNW/c","B4"
"790","ABv12","BWBScmNW","BWBScmNW/c","B3"
"791","ABv12","BWBScmNW","BWBScmNW/c","A4"
"792","ABv12","BWBScmNW","BWBScmNW/c","A3"
"793","ABv12","BWBScmNW","BWBScmNW/d","D4"
"794","ABv12","BWBScmNW","BWBScmNW/d","C5"
"795","ABv12","BWBScmNW","BWBScmNW/d","C4"
"796","ABv12","BWBScmNW","BWBScmNW/d","C3"
"797","ABv12","BWBScmNW","BWBScmNW/d","B4"
"798","ABv12","BWBScmNW","BWBScmNW/e","D6"
"799","ABv12","BWBScmNW","BWBScmNW/e","D5"
"800","ABv12","BWBScmNW","BWBScmNW/e","D4"
"801","ABv12","BWBScmNW","BWBScmNW/e","C5"
"802","ABv12","BWBScmNW","BWBScmNW/f","E6"
"803","ABv12","BWBScmNW","BWBScmNW/f","E5"
"804","ABv12","BWBScmNW","BWBScmNW/f","D6"
"805","ABv12","BWBScmNW","BWBScmNW/f","D5"
"806","ABv12","BWBScmNW","BWBScmNW/g","C6"
"807","ABv12","BWBScmNW","BWBScmNW/g","C5"
"808","ABv12","BWBScmNW","BWBScmNW/g","B6"
"809","ABv12","BWBScmNW","BWBScmNW/g","B5"
"810","ABv12","BWBScmNW","BWBScmNW/g","A6"
"811","ABv12","BWBScmNW","BWBScmNW/g","A5"
"812","ABv12","BWBScmNW","BWBScmNW/h","D6"
"813","ABv12","BWBScmNW","BWBScmNW/h","D5"
"814","ABv12","BWBScmNW","BWBScmNW/h","C6"
"815","ABv12","BWBScmNW","BWBScmNW/h","C5"
"816","ABv12","BWBScmNW","BWBScmNW/i","B7"
"817","ABv12","BWBScmNW","BWBScmNW/i","B6"
"818","ABv12","BWBScmNW","BWBScmNW/i","A7"
"819","ABv12","BWBScmNW","BWBScmNW/i","A6"
"820","ABv12","BWBScmNW","BWBScmNW/j","C7"
"821","ABv12","BWBScmNW","BWBScmNW/j","C6"
"822","ABv12","BWBScmNW","BWBScmNW/j","B7"
"823","ABv12","BWBScmNW","BWBScmNW/j","B6"
"824","ABv12","BWBScmNW","BWBScmNW/k","E7"
"825","ABv12","BWBScmNW","BWBScmNW/k","D7"
"826","ABv12","BWBScmNW","BWBScmNW/k","D6"
"827","ABv12","BWBScmNW","BWBScmNW/k","C7"
"828","Add_2021","BWBScmNW","BWBScmNW/Ro","A0"
"829","Add_2021","BWBScmNW","BWBScmNW/Ro","B0"
"830","ABv12","BWBScmW","BWBScmW/a","B2"
"831","ABv12","BWBScmW","BWBScmW/a","B1"
"832","ABv12","BWBScmW","BWBScmW/a","A2"
"833","ABv12","BWBScmW","BWBScmW/a","A1"
"834","ABv12","BWBScmW","BWBScmW/b","C3"
"835","ABv12","BWBScmW","BWBScmW/b","C2"
"836","ABv12","BWBScmW","BWBScmW/b","B3"
"837","ABv12","BWBScmW","BWBScmW/b","B2"
"838","ABv12","BWBScmW","BWBScmW/c","B5"
"839","ABv12","BWBScmW","BWBScmW/c","B4"
"840","ABv12","BWBScmW","BWBScmW/c","B3"
"841","ABv12","BWBScmW","BWBScmW/c","A4"
"842","ABv12","BWBScmW","BWBScmW/c","A3"
"843","ABv12","BWBScmW","BWBScmW/d","D4"
"844","ABv12","BWBScmW","BWBScmW/d","C5"
"845","ABv12","BWBScmW","BWBScmW/d","C4"
"846","ABv12","BWBScmW","BWBScmW/d","C3"
"847","ABv12","BWBScmW","BWBScmW/d","B4"
"848","ABv12","BWBScmW","BWBScmW/e","D6"
"849","ABv12","BWBScmW","BWBScmW/e","D5"
"850","ABv12","BWBScmW","BWBScmW/e","D4"
"851","ABv12","BWBScmW","BWBScmW/e","C5"
"852","ABv12","BWBScmW","BWBScmW/f","E6"
"853","ABv12","BWBScmW","BWBScmW/f","E5"
"854","ABv12","BWBScmW","BWBScmW/f","D6"
"855","ABv12","BWBScmW","BWBScmW/f","D5"
"856","ABv12","BWBScmW","BWBScmW/g","C6"
"857","ABv12","BWBScmW","BWBScmW/g","C5"
"858","ABv12","BWBScmW","BWBScmW/g","B6"
"859","ABv12","BWBScmW","BWBScmW/g","B5"
"860","ABv12","BWBScmW","BWBScmW/g","A6"
"861","ABv12","BWBScmW","BWBScmW/g","A5"
"862","ABv12","BWBScmW","BWBScmW/h","D6"
"863","ABv12","BWBScmW","BWBScmW/h","D5"
"864","ABv12","BWBScmW","BWBScmW/h","C6"
"865","ABv12","BWBScmW","BWBScmW/h","C5"
"866","ABv12","BWBScmW","BWBScmW/i","B7"
"867","ABv12","BWBScmW","BWBScmW/i","B6"
"868","ABv12","BWBScmW","BWBScmW/i","A7"
"869","ABv12","BWBScmW","BWBScmW/i","A6"
"870","ABv12","BWBScmW","BWBScmW/j","C7"
"871","ABv12","BWBScmW","BWBScmW/j","C6"
"872","ABv12","BWBScmW","BWBScmW/j","B7"
"873","ABv12","BWBScmW","BWBScmW/j","B6"
"874","ABv12","BWBScmW","BWBScmW/k","E7"
"875","ABv12","BWBScmW","BWBScmW/k","D7"
"876","ABv12","BWBScmW","BWBScmW/k","D6"
"877","ABv12","BWBScmW","BWBScmW/k","C7"
"878","Add_2021","BWBScmW","BWBScmW/Ro","A0"
"879","Add_2021","BWBScmW","BWBScmW/Ro","B0"
"880","BECv10","BWBSdk","BWBSdk/101","D4"
"881","BECv10","BWBSdk","BWBSdk/101","D3"
"882","BECv10","BWBSdk","BWBSdk/101","C5"
"883","BECv10","BWBSdk","BWBSdk/101","C4"
"884","BECv10","BWBSdk","BWBSdk/101","C3"
"885","BECv10","BWBSdk","BWBSdk/101a","D4"
"886","BECv10","BWBSdk","BWBSdk/101a","D3"
"887","BECv10","BWBSdk","BWBSdk/101a","C4"
"888","BECv10","BWBSdk","BWBSdk/101a","C3"
"889","BECv10","BWBSdk","BWBSdk/101b","C5"
"890","BECv10","BWBSdk","BWBSdk/102","C2"
"891","BECv10","BWBSdk","BWBSdk/102","B2"
"892","BECv10","BWBSdk","BWBSdk/102","B1"
"893","BECv10","BWBSdk","BWBSdk/102","A2"
"894","BECv10","BWBSdk","BWBSdk/102","A1"
"895","BECv10","BWBSdk","BWBSdk/103","D3"
"896","BECv10","BWBSdk","BWBSdk/103","C3"
"897","BECv10","BWBSdk","BWBSdk/103","B3"
"898","BECv10","BWBSdk","BWBSdk/104","B6"
"899","BECv10","BWBSdk","BWBSdk/104","B5"
"900","BECv10","BWBSdk","BWBSdk/104","B4"
"901","BECv10","BWBSdk","BWBSdk/104","B3"
"902","BECv10","BWBSdk","BWBSdk/104","A6"
"903","BECv10","BWBSdk","BWBSdk/104","A5"
"904","BECv10","BWBSdk","BWBSdk/104","A4"
"905","BECv10","BWBSdk","BWBSdk/104","A3"
"906","BECv10","BWBSdk","BWBSdk/104a","B4"
"907","BECv10","BWBSdk","BWBSdk/104a","B3"
"908","BECv10","BWBSdk","BWBSdk/104a","A4"
"909","BECv10","BWBSdk","BWBSdk/104a","A3"
"910","BECv10","BWBSdk","BWBSdk/104b","B6"
"911","BECv10","BWBSdk","BWBSdk/104b","B5"
"912","BECv10","BWBSdk","BWBSdk/104b","A6"
"913","BECv10","BWBSdk","BWBSdk/104b","A5"
"914","BECv10","BWBSdk","BWBSdk/110","D6"
"915","BECv10","BWBSdk","BWBSdk/110","D5"
"916","BECv10","BWBSdk","BWBSdk/110","C6"
"917","BECv10","BWBSdk","BWBSdk/111","E6"
"918","BECv10","BWBSdk","BWBSdk/111","E5"
"919","BECv10","BWBSdk","BWBSdk/112","E6"
"920","BECv10","BWBSdk","BWBSdk/112","E5"
"921","BECv10","BWBSdk","BWBSdk/Gb","C1"
"922","BECv10","BWBSdk","BWBSdk/Gb","C0"
"923","BECv10","BWBSdk","BWBSdk/Gb","B1"
"924","BECv10","BWBSdk","BWBSdk/Gb","B0"
"925","BECv10","BWBSdk","BWBSdk/Gg","E1"
"926","BECv10","BWBSdk","BWBSdk/Gg","D1"
"927","BECv10","BWBSdk","BWBSdk/Gg","D0"
"928","Add_2021","BWBSdk","BWBSdk/Ro","A0"
"929","Add_2021","BWBSdk","BWBSdk/Ro","B0"
"930","ABv12","BWBSdmN","BWBSdmN/a","B2"
"931","ABv12","BWBSdmN","BWBSdmN/a","B1"
"932","ABv12","BWBSdmN","BWBSdmN/a","A2"
"933","ABv12","BWBSdmN","BWBSdmN/a","A1"
"934","ABv12","BWBSdmN","BWBSdmN/b","C3"
"935","ABv12","BWBSdmN","BWBSdmN/b","C2"
"936","ABv12","BWBSdmN","BWBSdmN/b","B3"
"937","ABv12","BWBSdmN","BWBSdmN/b","B2"
"938","ABv12","BWBSdmN","BWBSdmN/c","B5"
"939","ABv12","BWBSdmN","BWBSdmN/c","B4"
"940","ABv12","BWBSdmN","BWBSdmN/c","B3"
"941","ABv12","BWBSdmN","BWBSdmN/c","A4"
"942","ABv12","BWBSdmN","BWBSdmN/c","A3"
"943","ABv12","BWBSdmN","BWBSdmN/d","D4"
"944","ABv12","BWBSdmN","BWBSdmN/d","C5"
"945","ABv12","BWBSdmN","BWBSdmN/d","C4"
"946","ABv12","BWBSdmN","BWBSdmN/d","C3"
"947","ABv12","BWBSdmN","BWBSdmN/d","B4"
"948","ABv12","BWBSdmN","BWBSdmN/e","D5"
"949","ABv12","BWBSdmN","BWBSdmN/e","D4"
"950","ABv12","BWBSdmN","BWBSdmN/e","C5"
"951","ABv12","BWBSdmN","BWBSdmN/f","E6"
"952","ABv12","BWBSdmN","BWBSdmN/f","E5"
"953","ABv12","BWBSdmN","BWBSdmN/f","D6"
"954","ABv12","BWBSdmN","BWBSdmN/f","D5"
"955","ABv12","BWBSdmN","BWBSdmN/g","C6"
"956","ABv12","BWBSdmN","BWBSdmN/g","C5"
"957","ABv12","BWBSdmN","BWBSdmN/g","B6"
"958","ABv12","BWBSdmN","BWBSdmN/g","B5"
"959","ABv12","BWBSdmN","BWBSdmN/g","A6"
"960","ABv12","BWBSdmN","BWBSdmN/g","A5"
"961","ABv12","BWBSdmN","BWBSdmN/h","D6"
"962","ABv12","BWBSdmN","BWBSdmN/h","D5"
"963","ABv12","BWBSdmN","BWBSdmN/h","C6"
"964","ABv12","BWBSdmN","BWBSdmN/h","C5"
"965","ABv12","BWBSdmN","BWBSdmN/i","B7"
"966","ABv12","BWBSdmN","BWBSdmN/i","B6"
"967","ABv12","BWBSdmN","BWBSdmN/i","A7"
"968","ABv12","BWBSdmN","BWBSdmN/i","A6"
"969","ABv12","BWBSdmN","BWBSdmN/j","C7"
"970","ABv12","BWBSdmN","BWBSdmN/j","C6"
"971","ABv12","BWBSdmN","BWBSdmN/j","B7"
"972","ABv12","BWBSdmN","BWBSdmN/j","B6"
"973","ABv12","BWBSdmN","BWBSdmN/k","E7"
"974","ABv12","BWBSdmN","BWBSdmN/k","D7"
"975","ABv12","BWBSdmN","BWBSdmN/k","D6"
"976","ABv12","BWBSdmN","BWBSdmN/k","C7"
"977","Add_2021","BWBSdmN","BWBSdmN/Ro","A0"
"978","Add_2021","BWBSdmN","BWBSdmN/Ro","B0"
"979","ABv12","BWBSdmS","BWBSdmS/a","B2"
"980","ABv12","BWBSdmS","BWBSdmS/a","B1"
"981","ABv12","BWBSdmS","BWBSdmS/a","A2"
"982","ABv12","BWBSdmS","BWBSdmS/a","A1"
"983","ABv12","BWBSdmS","BWBSdmS/b","C3"
"984","ABv12","BWBSdmS","BWBSdmS/b","C2"
"985","ABv12","BWBSdmS","BWBSdmS/b","B3"
"986","ABv12","BWBSdmS","BWBSdmS/b","B2"
"987","ABv12","BWBSdmS","BWBSdmS/c","B5"
"988","ABv12","BWBSdmS","BWBSdmS/c","B4"
"989","ABv12","BWBSdmS","BWBSdmS/c","B3"
"990","ABv12","BWBSdmS","BWBSdmS/c","A4"
"991","ABv12","BWBSdmS","BWBSdmS/c","A3"
"992","ABv12","BWBSdmS","BWBSdmS/d","D4"
"993","ABv12","BWBSdmS","BWBSdmS/d","C5"
"994","ABv12","BWBSdmS","BWBSdmS/d","C4"
"995","ABv12","BWBSdmS","BWBSdmS/d","C3"
"996","ABv12","BWBSdmS","BWBSdmS/d","B4"
"997","ABv12","BWBSdmS","BWBSdmS/e","D5"
"998","ABv12","BWBSdmS","BWBSdmS/e","D4"
"999","ABv12","BWBSdmS","BWBSdmS/e","C5"
"1000","ABv12","BWBSdmS","BWBSdmS/f","E6"
"1001","ABv12","BWBSdmS","BWBSdmS/f","E5"
"1002","ABv12","BWBSdmS","BWBSdmS/f","D6"
"1003","ABv12","BWBSdmS","BWBSdmS/f","D5"
"1004","ABv12","BWBSdmS","BWBSdmS/g","C6"
"1005","ABv12","BWBSdmS","BWBSdmS/g","C5"
"1006","ABv12","BWBSdmS","BWBSdmS/g","B6"
"1007","ABv12","BWBSdmS","BWBSdmS/g","B5"
"1008","ABv12","BWBSdmS","BWBSdmS/g","A6"
"1009","ABv12","BWBSdmS","BWBSdmS/g","A5"
"1010","ABv12","BWBSdmS","BWBSdmS/h","D6"
"1011","ABv12","BWBSdmS","BWBSdmS/h","D5"
"1012","ABv12","BWBSdmS","BWBSdmS/h","C6"
"1013","ABv12","BWBSdmS","BWBSdmS/h","C5"
"1014","ABv12","BWBSdmS","BWBSdmS/i","B7"
"1015","ABv12","BWBSdmS","BWBSdmS/i","B6"
"1016","ABv12","BWBSdmS","BWBSdmS/i","A7"
"1017","ABv12","BWBSdmS","BWBSdmS/i","A6"
"1018","ABv12","BWBSdmS","BWBSdmS/j","C7"
"1019","ABv12","BWBSdmS","BWBSdmS/j","C6"
"1020","ABv12","BWBSdmS","BWBSdmS/j","B7"
"1021","ABv12","BWBSdmS","BWBSdmS/j","B6"
"1022","ABv12","BWBSdmS","BWBSdmS/k","E7"
"1023","ABv12","BWBSdmS","BWBSdmS/k","D7"
"1024","ABv12","BWBSdmS","BWBSdmS/k","D6"
"1025","ABv12","BWBSdmS","BWBSdmS/k","C7"
"1026","Add_2021","BWBSdmS","BWBSdmS/Ro","A0"
"1027","Add_2021","BWBSdmS","BWBSdmS/Ro","B0"
"1028","ABv12","BWBSlbE","BWBSlbE/a","C2"
"1029","ABv12","BWBSlbE","BWBSlbE/a","B3"
"1030","ABv12","BWBSlbE","BWBSlbE/a","B2"
"1031","ABv12","BWBSlbE","BWBSlbE/a","B1"
"1032","ABv12","BWBSlbE","BWBSlbE/a","A2"
"1033","ABv12","BWBSlbE","BWBSlbE/b","C4"
"1034","ABv12","BWBSlbE","BWBSlbE/b","C3"
"1035","ABv12","BWBSlbE","BWBSlbE/b","C2"
"1036","ABv12","BWBSlbE","BWBSlbE/b","B3"
"1037","ABv12","BWBSlbE","BWBSlbE/c","C5"
"1038","ABv12","BWBSlbE","BWBSlbE/c","C4"
"1039","ABv12","BWBSlbE","BWBSlbE/c","C3"
"1040","ABv12","BWBSlbE","BWBSlbE/c","B5"
"1041","ABv12","BWBSlbE","BWBSlbE/c","B4"
"1042","ABv12","BWBSlbE","BWBSlbE/c","B3"
"1043","ABv12","BWBSlbE","BWBSlbE/c","A4"
"1044","ABv12","BWBSlbE","BWBSlbE/d","D5"
"1045","ABv12","BWBSlbE","BWBSlbE/d","D4"
"1046","ABv12","BWBSlbE","BWBSlbE/d","C5"
"1047","ABv12","BWBSlbE","BWBSlbE/d","C4"
"1048","ABv12","BWBSlbE","BWBSlbE/d","C3"
"1049","ABv12","BWBSlbE","BWBSlbE/e","E6"
"1050","ABv12","BWBSlbE","BWBSlbE/e","E5"
"1051","ABv12","BWBSlbE","BWBSlbE/e","D6"
"1052","ABv12","BWBSlbE","BWBSlbE/e","D5"
"1053","ABv12","BWBSlbE","BWBSlbE/f","E6"
"1054","ABv12","BWBSlbE","BWBSlbE/f","D7"
"1055","ABv12","BWBSlbE","BWBSlbE/f","D6"
"1056","ABv12","BWBSlbE","BWBSlbE/f","D5"
"1057","ABv12","BWBSlbE","BWBSlbE/f","C7"
"1058","ABv12","BWBSlbE","BWBSlbE/f","C6"
"1059","ABv12","BWBSlbE","BWBSlbE/g","C6"
"1060","ABv12","BWBSlbE","BWBSlbE/g","C5"
"1061","ABv12","BWBSlbE","BWBSlbE/g","B6"
"1062","ABv12","BWBSlbE","BWBSlbE/g","B5"
"1063","ABv12","BWBSlbE","BWBSlbE/h","B7"
"1064","ABv12","BWBSlbE","BWBSlbE/h","B6"
"1065","ABv12","BWBSlbE","BWBSlbE/h","A7"
"1066","ABv12","BWBSlbE","BWBSlbE/h","A6"
"1067","ABv12","BWBSlbE","BWBSlbE/i","C7"
"1068","ABv12","BWBSlbE","BWBSlbE/i","B7"
"1069","ABv12","BWBSlbE","BWBSlbE/j","E7"
"1070","ABv12","BWBSlbE","BWBSlbE/j","D7"
"1071","ABv12","BWBSlbE","BWBSlbE/j","C7"
"1072","Add_2021","BWBSlbE","BWBSlbE/Ro","A0"
"1073","Add_2021","BWBSlbE","BWBSlbE/Ro","B0"
"1074","ABv12","BWBSlbN","BWBSlbN/a","C2"
"1075","ABv12","BWBSlbN","BWBSlbN/a","B3"
"1076","ABv12","BWBSlbN","BWBSlbN/a","B2"
"1077","ABv12","BWBSlbN","BWBSlbN/a","B1"
"1078","ABv12","BWBSlbN","BWBSlbN/a","A2"
"1079","ABv12","BWBSlbN","BWBSlbN/b","C4"
"1080","ABv12","BWBSlbN","BWBSlbN/b","C3"
"1081","ABv12","BWBSlbN","BWBSlbN/b","C2"
"1082","ABv12","BWBSlbN","BWBSlbN/b","B3"
"1083","ABv12","BWBSlbN","BWBSlbN/c","C5"
"1084","ABv12","BWBSlbN","BWBSlbN/c","C4"
"1085","ABv12","BWBSlbN","BWBSlbN/c","C3"
"1086","ABv12","BWBSlbN","BWBSlbN/c","B5"
"1087","ABv12","BWBSlbN","BWBSlbN/c","B4"
"1088","ABv12","BWBSlbN","BWBSlbN/c","B3"
"1089","ABv12","BWBSlbN","BWBSlbN/c","A4"
"1090","ABv12","BWBSlbN","BWBSlbN/d","D5"
"1091","ABv12","BWBSlbN","BWBSlbN/d","D4"
"1092","ABv12","BWBSlbN","BWBSlbN/d","C5"
"1093","ABv12","BWBSlbN","BWBSlbN/d","C4"
"1094","ABv12","BWBSlbN","BWBSlbN/d","C3"
"1095","ABv12","BWBSlbN","BWBSlbN/e","E6"
"1096","ABv12","BWBSlbN","BWBSlbN/e","E5"
"1097","ABv12","BWBSlbN","BWBSlbN/e","D6"
"1098","ABv12","BWBSlbN","BWBSlbN/e","D5"
"1099","ABv12","BWBSlbN","BWBSlbN/f","E6"
"1100","ABv12","BWBSlbN","BWBSlbN/f","D7"
"1101","ABv12","BWBSlbN","BWBSlbN/f","D6"
"1102","ABv12","BWBSlbN","BWBSlbN/f","D5"
"1103","ABv12","BWBSlbN","BWBSlbN/f","C7"
"1104","ABv12","BWBSlbN","BWBSlbN/f","C6"
"1105","ABv12","BWBSlbN","BWBSlbN/g","C6"
"1106","ABv12","BWBSlbN","BWBSlbN/g","C5"
"1107","ABv12","BWBSlbN","BWBSlbN/g","B6"
"1108","ABv12","BWBSlbN","BWBSlbN/g","B5"
"1109","ABv12","BWBSlbN","BWBSlbN/h","B7"
"1110","ABv12","BWBSlbN","BWBSlbN/h","B6"
"1111","ABv12","BWBSlbN","BWBSlbN/h","A7"
"1112","ABv12","BWBSlbN","BWBSlbN/h","A6"
"1113","ABv12","BWBSlbN","BWBSlbN/i","C7"
"1114","ABv12","BWBSlbN","BWBSlbN/i","B7"
"1115","ABv12","BWBSlbN","BWBSlbN/j","E7"
"1116","ABv12","BWBSlbN","BWBSlbN/j","D7"
"1117","ABv12","BWBSlbN","BWBSlbN/j","C7"
"1118","Add_2021","BWBSlbN","BWBSlbN/Ro","A0"
"1119","Add_2021","BWBSlbN","BWBSlbN/Ro","B0"
"1120","ABv12","BWBSlbW","BWBSlbW/a","C2"
"1121","ABv12","BWBSlbW","BWBSlbW/a","B3"
"1122","ABv12","BWBSlbW","BWBSlbW/a","B2"
"1123","ABv12","BWBSlbW","BWBSlbW/a","B1"
"1124","ABv12","BWBSlbW","BWBSlbW/a","A2"
"1125","ABv12","BWBSlbW","BWBSlbW/b","C4"
"1126","ABv12","BWBSlbW","BWBSlbW/b","C3"
"1127","ABv12","BWBSlbW","BWBSlbW/b","C2"
"1128","ABv12","BWBSlbW","BWBSlbW/b","B3"
"1129","ABv12","BWBSlbW","BWBSlbW/c","C5"
"1130","ABv12","BWBSlbW","BWBSlbW/c","C4"
"1131","ABv12","BWBSlbW","BWBSlbW/c","C3"
"1132","ABv12","BWBSlbW","BWBSlbW/c","B5"
"1133","ABv12","BWBSlbW","BWBSlbW/c","B4"
"1134","ABv12","BWBSlbW","BWBSlbW/c","B3"
"1135","ABv12","BWBSlbW","BWBSlbW/c","A4"
"1136","ABv12","BWBSlbW","BWBSlbW/d","D5"
"1137","ABv12","BWBSlbW","BWBSlbW/d","D4"
"1138","ABv12","BWBSlbW","BWBSlbW/d","C5"
"1139","ABv12","BWBSlbW","BWBSlbW/d","C4"
"1140","ABv12","BWBSlbW","BWBSlbW/d","C3"
"1141","ABv12","BWBSlbW","BWBSlbW/e","E6"
"1142","ABv12","BWBSlbW","BWBSlbW/e","E5"
"1143","ABv12","BWBSlbW","BWBSlbW/e","D6"
"1144","ABv12","BWBSlbW","BWBSlbW/e","D5"
"1145","ABv12","BWBSlbW","BWBSlbW/f","E6"
"1146","ABv12","BWBSlbW","BWBSlbW/f","D7"
"1147","ABv12","BWBSlbW","BWBSlbW/f","D6"
"1148","ABv12","BWBSlbW","BWBSlbW/f","D5"
"1149","ABv12","BWBSlbW","BWBSlbW/f","C7"
"1150","ABv12","BWBSlbW","BWBSlbW/f","C6"
"1151","ABv12","BWBSlbW","BWBSlbW/g","C6"
"1152","ABv12","BWBSlbW","BWBSlbW/g","C5"
"1153","ABv12","BWBSlbW","BWBSlbW/g","B6"
"1154","ABv12","BWBSlbW","BWBSlbW/g","B5"
"1155","ABv12","BWBSlbW","BWBSlbW/h","B7"
"1156","ABv12","BWBSlbW","BWBSlbW/h","B6"
"1157","ABv12","BWBSlbW","BWBSlbW/h","A7"
"1158","ABv12","BWBSlbW","BWBSlbW/h","A6"
"1159","ABv12","BWBSlbW","BWBSlbW/i","C7"
"1160","ABv12","BWBSlbW","BWBSlbW/i","B7"
"1161","ABv12","BWBSlbW","BWBSlbW/j","E7"
"1162","ABv12","BWBSlbW","BWBSlbW/j","D7"
"1163","ABv12","BWBSlbW","BWBSlbW/j","C7"
"1164","Add_2021","BWBSlbW","BWBSlbW/Ro","A0"
"1165","Add_2021","BWBSlbW","BWBSlbW/Ro","B0"
"1166","AB_2018","BWBSlf","BWBSlf/a","C2"
"1167","AB_2018","BWBSlf","BWBSlf/a","C1"
"1168","AB_2018","BWBSlf","BWBSlf/a","B2"
"1169","AB_2018","BWBSlf","BWBSlf/a","B1"
"1170","AB_2018","BWBSlf","BWBSlf/b","B3"
"1171","AB_2018","BWBSlf","BWBSlf/b","B2"
"1172","AB_2018","BWBSlf","BWBSlf/b","B1"
"1173","AB_2018","BWBSlf","BWBSlf/b","A2"
"1174","AB_2018","BWBSlf","BWBSlf/b","A1"
"1175","AB_2018","BWBSlf","BWBSlf/c","C3"
"1176","AB_2018","BWBSlf","BWBSlf/c","C2"
"1177","AB_2018","BWBSlf","BWBSlf/c","B3"
"1178","AB_2018","BWBSlf","BWBSlf/c","B2"
"1179","AB_2018","BWBSlf","BWBSlf/d","B5"
"1180","AB_2018","BWBSlf","BWBSlf/d","B4"
"1181","AB_2018","BWBSlf","BWBSlf/d","B3"
"1182","AB_2018","BWBSlf","BWBSlf/d","A5"
"1183","AB_2018","BWBSlf","BWBSlf/d","A4"
"1184","AB_2018","BWBSlf","BWBSlf/d","A3"
"1185","AB_2018","BWBSlf","BWBSlf/e","D4"
"1186","AB_2018","BWBSlf","BWBSlf/e","C5"
"1187","AB_2018","BWBSlf","BWBSlf/e","C4"
"1188","AB_2018","BWBSlf","BWBSlf/e","C3"
"1189","AB_2018","BWBSlf","BWBSlf/e","B5"
"1190","AB_2018","BWBSlf","BWBSlf/e","B4"
"1191","AB_2018","BWBSlf","BWBSlf/e","B3"
"1192","AB_2018","BWBSlf","BWBSlf/f","E5"
"1193","AB_2018","BWBSlf","BWBSlf/f","D5"
"1194","AB_2018","BWBSlf","BWBSlf/f","D4"
"1195","AB_2018","BWBSlf","BWBSlf/g","E7"
"1196","AB_2018","BWBSlf","BWBSlf/g","E6"
"1197","AB_2018","BWBSlf","BWBSlf/g","E5"
"1198","AB_2018","BWBSlf","BWBSlf/g","D7"
"1199","AB_2018","BWBSlf","BWBSlf/g","D6"
"1200","AB_2018","BWBSlf","BWBSlf/g","D5"
"1201","AB_2018","BWBSlf","BWBSlf/h","B6"
"1202","AB_2018","BWBSlf","BWBSlf/h","B5"
"1203","AB_2018","BWBSlf","BWBSlf/h","A6"
"1204","AB_2018","BWBSlf","BWBSlf/h","A5"
"1205","AB_2018","BWBSlf","BWBSlf/i","E6"
"1206","AB_2018","BWBSlf","BWBSlf/i","E5"
"1207","AB_2018","BWBSlf","BWBSlf/i","D6"
"1208","AB_2018","BWBSlf","BWBSlf/i","D5"
"1209","AB_2018","BWBSlf","BWBSlf/i","C6"
"1210","AB_2018","BWBSlf","BWBSlf/i","C5"
"1211","AB_2018","BWBSlf","BWBSlf/j","D7"
"1212","AB_2018","BWBSlf","BWBSlf/j","D6"
"1213","AB_2018","BWBSlf","BWBSlf/j","C7"
"1214","AB_2018","BWBSlf","BWBSlf/j","C6"
"1215","AB_2018","BWBSlf","BWBSlf/j","B7"
"1216","AB_2018","BWBSlf","BWBSlf/j","B6"
"1217","AB_2018","BWBSlf","BWBSlf/k","B7"
"1218","AB_2018","BWBSlf","BWBSlf/k","B6"
"1219","AB_2018","BWBSlf","BWBSlf/k","A7"
"1220","AB_2018","BWBSlf","BWBSlf/k","A6"
"1221","AB_2018","BWBSlf","BWBSlf/l","D7"
"1222","AB_2018","BWBSlf","BWBSlf/l","C7"
"1223","AB_2018","BWBSlf","BWBSlf/l","C6"
"1224","AB_2018","BWBSlf","BWBSlf/l","B7"
"1225","AB_2018","BWBSlf","BWBSlf/n","E7"
"1226","AB_2018","BWBSlf","BWBSlf/n","D7"
"1227","Add_2021","BWBSlf","BWBSlf/Ro","A0"
"1228","Add_2021","BWBSlf","BWBSlf/Ro","B0"
"1229","BECv10","BWBSmk","BWBSmk/101","D4"
"1230","BECv10","BWBSmk","BWBSmk/101","D3"
"1231","BECv10","BWBSmk","BWBSmk/101","C4"
"1232","BECv10","BWBSmk","BWBSmk/101","C3"
"1233","BECv10","BWBSmk","BWBSmk/102","C2"
"1234","BECv10","BWBSmk","BWBSmk/102","B2"
"1235","BECv10","BWBSmk","BWBSmk/102","B1"
"1236","BECv10","BWBSmk","BWBSmk/102","A2"
"1237","BECv10","BWBSmk","BWBSmk/102","A1"
"1238","BECv10","BWBSmk","BWBSmk/103","D4"
"1239","BECv10","BWBSmk","BWBSmk/103","D3"
"1240","BECv10","BWBSmk","BWBSmk/103","C3"
"1241","BECv10","BWBSmk","BWBSmk/104","B6"
"1242","BECv10","BWBSmk","BWBSmk/104","B5"
"1243","BECv10","BWBSmk","BWBSmk/104","B4"
"1244","BECv10","BWBSmk","BWBSmk/104","B3"
"1245","BECv10","BWBSmk","BWBSmk/104","A6"
"1246","BECv10","BWBSmk","BWBSmk/104","A5"
"1247","BECv10","BWBSmk","BWBSmk/104","A4"
"1248","BECv10","BWBSmk","BWBSmk/104","A3"
"1249","BECv10","BWBSmk","BWBSmk/104a","B4"
"1250","BECv10","BWBSmk","BWBSmk/104a","B3"
"1251","BECv10","BWBSmk","BWBSmk/104a","A4"
"1252","BECv10","BWBSmk","BWBSmk/104a","A3"
"1253","BECv10","BWBSmk","BWBSmk/104b","B6"
"1254","BECv10","BWBSmk","BWBSmk/104b","B5"
"1255","BECv10","BWBSmk","BWBSmk/104b","A6"
"1256","BECv10","BWBSmk","BWBSmk/104b","A5"
"1257","BECv10","BWBSmk","BWBSmk/110","D6"
"1258","BECv10","BWBSmk","BWBSmk/110","D5"
"1259","BECv10","BWBSmk","BWBSmk/110","C6"
"1260","BECv10","BWBSmk","BWBSmk/110","C5"
"1261","BECv10","BWBSmk","BWBSmk/111","E6"
"1262","BECv10","BWBSmk","BWBSmk/111","E5"
"1263","BECv10","BWBSmk","BWBSmk/111","D6"
"1264","BECv10","BWBSmk","BWBSmk/111","D5"
"1265","BECv10","BWBSmk","BWBSmk/112","E6"
"1266","BECv10","BWBSmk","BWBSmk/112","E5"
"1267","BECv10","BWBSmk","BWBSmk/112","D6"
"1268","BECv10","BWBSmk","BWBSmk/112","D5"
"1269","BECv10","BWBSmk","BWBSmk/Gg","E1"
"1270","BECv10","BWBSmk","BWBSmk/Gg","D1"
"1271","BECv10","BWBSmk","BWBSmk/Gg","D0"
"1272","Add_2021","BWBSmk","BWBSmk/Ro","A0"
"1273","Add_2021","BWBSmk","BWBSmk/Ro","B0"
"1274","BECv10","BWBSmw","BWBSmw/101","D5"
"1275","BECv10","BWBSmw","BWBSmw/101","D4"
"1276","BECv10","BWBSmw","BWBSmw/101","C5"
"1277","BECv10","BWBSmw","BWBSmw/101","C4"
"1278","BECv10","BWBSmw","BWBSmw/101","C3"
"1279","BECv10","BWBSmw","BWBSmw/102","C2"
"1280","BECv10","BWBSmw","BWBSmw/102","B2"
"1281","BECv10","BWBSmw","BWBSmw/102","B1"
"1282","BECv10","BWBSmw","BWBSmw/102","A2"
"1283","BECv10","BWBSmw","BWBSmw/102","A1"
"1284","BECv10","BWBSmw","BWBSmw/103","C3"
"1285","BECv10","BWBSmw","BWBSmw/103","B3"
"1286","BECv10","BWBSmw","BWBSmw/104","B6"
"1287","BECv10","BWBSmw","BWBSmw/104","B5"
"1288","BECv10","BWBSmw","BWBSmw/104","B4"
"1289","BECv10","BWBSmw","BWBSmw/104","B3"
"1290","BECv10","BWBSmw","BWBSmw/104","A6"
"1291","BECv10","BWBSmw","BWBSmw/104","A5"
"1292","BECv10","BWBSmw","BWBSmw/104","A4"
"1293","BECv10","BWBSmw","BWBSmw/104","A3"
"1294","BECv10","BWBSmw","BWBSmw/110","D5"
"1295","BECv10","BWBSmw","BWBSmw/110","D4"
"1296","BECv10","BWBSmw","BWBSmw/111","D6"
"1297","BECv10","BWBSmw","BWBSmw/111","D5"
"1298","BECv10","BWBSmw","BWBSmw/111","C6"
"1299","BECv10","BWBSmw","BWBSmw/111","C5"
"1300","BECv10","BWBSmw","BWBSmw/112","E6"
"1301","BECv10","BWBSmw","BWBSmw/112","E5"
"1302","BECv10","BWBSmw","BWBSmw/112","D6"
"1303","BECv10","BWBSmw","BWBSmw/112","D5"
"1304","BECv10","BWBSmw","BWBSmw/Gg","E1"
"1305","BECv10","BWBSmw","BWBSmw/Gg","D1"
"1306","BECv10","BWBSmw","BWBSmw/Gg","D0"
"1307","Add_2021","BWBSmw","BWBSmw/Ro","A0"
"1308","Add_2021","BWBSmw","BWBSmw/Ro","B0"
"1309","AB_2018","BWBSnm","BWBSnm/a","B2"
"1310","AB_2018","BWBSnm","BWBSnm/a","B1"
"1311","AB_2018","BWBSnm","BWBSnm/a","A2"
"1312","AB_2018","BWBSnm","BWBSnm/a","A1"
"1313","AB_2018","BWBSnm","BWBSnm/b","C3"
"1314","AB_2018","BWBSnm","BWBSnm/b","C2"
"1315","AB_2018","BWBSnm","BWBSnm/b","B3"
"1316","AB_2018","BWBSnm","BWBSnm/b","B2"
"1317","AB_2018","BWBSnm","BWBSnm/c","B5"
"1318","AB_2018","BWBSnm","BWBSnm/c","B4"
"1319","AB_2018","BWBSnm","BWBSnm/c","B3"
"1320","AB_2018","BWBSnm","BWBSnm/c","A4"
"1321","AB_2018","BWBSnm","BWBSnm/c","A3"
"1322","AB_2018","BWBSnm","BWBSnm/d","D4"
"1323","AB_2018","BWBSnm","BWBSnm/d","C5"
"1324","AB_2018","BWBSnm","BWBSnm/d","C4"
"1325","AB_2018","BWBSnm","BWBSnm/d","C3"
"1326","AB_2018","BWBSnm","BWBSnm/e","D5"
"1327","AB_2018","BWBSnm","BWBSnm/e","D4"
"1328","AB_2018","BWBSnm","BWBSnm/e","C5"
"1329","AB_2018","BWBSnm","BWBSnm/f","E6"
"1330","AB_2018","BWBSnm","BWBSnm/f","E5"
"1331","AB_2018","BWBSnm","BWBSnm/f","D6"
"1332","AB_2018","BWBSnm","BWBSnm/f","D5"
"1333","AB_2018","BWBSnm","BWBSnm/g","C6"
"1334","AB_2018","BWBSnm","BWBSnm/g","C5"
"1335","AB_2018","BWBSnm","BWBSnm/g","B6"
"1336","AB_2018","BWBSnm","BWBSnm/g","B5"
"1337","AB_2018","BWBSnm","BWBSnm/g","A6"
"1338","AB_2018","BWBSnm","BWBSnm/g","A5"
"1339","AB_2018","BWBSnm","BWBSnm/h","D6"
"1340","AB_2018","BWBSnm","BWBSnm/h","D5"
"1341","AB_2018","BWBSnm","BWBSnm/h","C6"
"1342","AB_2018","BWBSnm","BWBSnm/h","C5"
"1343","AB_2018","BWBSnm","BWBSnm/h","B6"
"1344","AB_2018","BWBSnm","BWBSnm/i","B7"
"1345","AB_2018","BWBSnm","BWBSnm/i","B6"
"1346","AB_2018","BWBSnm","BWBSnm/i","A7"
"1347","AB_2018","BWBSnm","BWBSnm/i","A6"
"1348","AB_2018","BWBSnm","BWBSnm/j","C7"
"1349","AB_2018","BWBSnm","BWBSnm/j","B7"
"1350","AB_2018","BWBSnm","BWBSnm/k","E7"
"1351","AB_2018","BWBSnm","BWBSnm/k","D7"
"1352","AB_2018","BWBSnm","BWBSnm/k","D6"
"1353","AB_2018","BWBSnm","BWBSnm/k","C7"
"1354","AB_2018","BWBSnm","BWBSnm/l","E7"
"1355","AB_2018","BWBSnm","BWBSnm/l","D7"
"1356","Add_2021","BWBSnm","BWBSnm/Ro","A0"
"1357","Add_2021","BWBSnm","BWBSnm/Ro","B0"
"1358","AB_2018","BWBSpp","BWBSpp/a","B2"
"1359","AB_2018","BWBSpp","BWBSpp/a","B1"
"1360","AB_2018","BWBSpp","BWBSpp/a","A2"
"1361","AB_2018","BWBSpp","BWBSpp/a","A1"
"1362","AB_2018","BWBSpp","BWBSpp/b","C3"
"1363","AB_2018","BWBSpp","BWBSpp/b","C2"
"1364","AB_2018","BWBSpp","BWBSpp/b","B3"
"1365","AB_2018","BWBSpp","BWBSpp/b","B2"
"1366","AB_2018","BWBSpp","BWBSpp/c","B5"
"1367","AB_2018","BWBSpp","BWBSpp/c","B4"
"1368","AB_2018","BWBSpp","BWBSpp/c","B3"
"1369","AB_2018","BWBSpp","BWBSpp/c","A4"
"1370","AB_2018","BWBSpp","BWBSpp/c","A3"
"1371","AB_2018","BWBSpp","BWBSpp/d","D4"
"1372","AB_2018","BWBSpp","BWBSpp/d","C5"
"1373","AB_2018","BWBSpp","BWBSpp/d","C4"
"1374","AB_2018","BWBSpp","BWBSpp/d","C3"
"1375","AB_2018","BWBSpp","BWBSpp/d","B4"
"1376","AB_2018","BWBSpp","BWBSpp/e","D6"
"1377","AB_2018","BWBSpp","BWBSpp/e","D5"
"1378","AB_2018","BWBSpp","BWBSpp/e","D4"
"1379","AB_2018","BWBSpp","BWBSpp/e","C5"
"1380","AB_2018","BWBSpp","BWBSpp/f","E6"
"1381","AB_2018","BWBSpp","BWBSpp/f","E5"
"1382","AB_2018","BWBSpp","BWBSpp/f","D6"
"1383","AB_2018","BWBSpp","BWBSpp/f","D5"
"1384","AB_2018","BWBSpp","BWBSpp/g","C6"
"1385","AB_2018","BWBSpp","BWBSpp/g","C5"
"1386","AB_2018","BWBSpp","BWBSpp/g","B6"
"1387","AB_2018","BWBSpp","BWBSpp/g","B5"
"1388","AB_2018","BWBSpp","BWBSpp/g","A6"
"1389","AB_2018","BWBSpp","BWBSpp/g","A5"
"1390","AB_2018","BWBSpp","BWBSpp/h","D6"
"1391","AB_2018","BWBSpp","BWBSpp/h","D5"
"1392","AB_2018","BWBSpp","BWBSpp/h","C6"
"1393","AB_2018","BWBSpp","BWBSpp/h","C5"
"1394","AB_2018","BWBSpp","BWBSpp/i","B7"
"1395","AB_2018","BWBSpp","BWBSpp/i","B6"
"1396","AB_2018","BWBSpp","BWBSpp/i","A7"
"1397","AB_2018","BWBSpp","BWBSpp/i","A6"
"1398","AB_2018","BWBSpp","BWBSpp/j","C7"
"1399","AB_2018","BWBSpp","BWBSpp/j","C6"
"1400","AB_2018","BWBSpp","BWBSpp/j","B7"
"1401","AB_2018","BWBSpp","BWBSpp/j","B6"
"1402","AB_2018","BWBSpp","BWBSpp/k","E7"
"1403","AB_2018","BWBSpp","BWBSpp/k","D7"
"1404","AB_2018","BWBSpp","BWBSpp/k","D6"
"1405","AB_2018","BWBSpp","BWBSpp/k","C7"
"1406","AB_2018","BWBSpp","BWBSpp/l","E7"
"1407","AB_2018","BWBSpp","BWBSpp/l","D7"
"1408","AB_2018","BWBSub","BWBSub/a","C2"
"1409","AB_2018","BWBSub","BWBSub/a","B3"
"1410","AB_2018","BWBSub","BWBSub/a","B2"
"1411","AB_2018","BWBSub","BWBSub/a","B1"
"1412","AB_2018","BWBSub","BWBSub/a","A2"
"1413","AB_2018","BWBSub","BWBSub/b","C4"
"1414","AB_2018","BWBSub","BWBSub/b","C3"
"1415","AB_2018","BWBSub","BWBSub/b","C2"
"1416","AB_2018","BWBSub","BWBSub/b","B3"
"1417","AB_2018","BWBSub","BWBSub/c","C5"
"1418","AB_2018","BWBSub","BWBSub/c","C4"
"1419","AB_2018","BWBSub","BWBSub/c","C3"
"1420","AB_2018","BWBSub","BWBSub/c","B5"
"1421","AB_2018","BWBSub","BWBSub/c","B4"
"1422","AB_2018","BWBSub","BWBSub/c","B3"
"1423","AB_2018","BWBSub","BWBSub/c","A4"
"1424","AB_2018","BWBSub","BWBSub/d","D5"
"1425","AB_2018","BWBSub","BWBSub/d","D4"
"1426","AB_2018","BWBSub","BWBSub/d","C5"
"1427","AB_2018","BWBSub","BWBSub/d","C4"
"1428","AB_2018","BWBSub","BWBSub/d","C3"
"1429","AB_2018","BWBSub","BWBSub/e","E6"
"1430","AB_2018","BWBSub","BWBSub/e","E5"
"1431","AB_2018","BWBSub","BWBSub/e","D6"
"1432","AB_2018","BWBSub","BWBSub/e","D5"
"1433","AB_2018","BWBSub","BWBSub/f","E6"
"1434","AB_2018","BWBSub","BWBSub/f","D7"
"1435","AB_2018","BWBSub","BWBSub/f","D6"
"1436","AB_2018","BWBSub","BWBSub/f","D5"
"1437","AB_2018","BWBSub","BWBSub/f","C7"
"1438","AB_2018","BWBSub","BWBSub/f","C6"
"1439","AB_2018","BWBSub","BWBSub/g","C6"
"1440","AB_2018","BWBSub","BWBSub/g","C5"
"1441","AB_2018","BWBSub","BWBSub/g","B6"
"1442","AB_2018","BWBSub","BWBSub/g","B5"
"1443","AB_2018","BWBSub","BWBSub/h","B7"
"1444","AB_2018","BWBSub","BWBSub/h","B6"
"1445","AB_2018","BWBSub","BWBSub/h","A7"
"1446","AB_2018","BWBSub","BWBSub/h","A6"
"1447","AB_2018","BWBSub","BWBSub/i","C7"
"1448","AB_2018","BWBSub","BWBSub/i","B7"
"1449","AB_2018","BWBSub","BWBSub/j","E7"
"1450","AB_2018","BWBSub","BWBSub/j","D7"
"1451","AB_2018","BWBSub","BWBSub/j","C7"
"1452","Add_2021","BWBSub","BWBSub/Ro","A0"
"1453","Add_2021","BWBSub","BWBSub/Ro","B0"
"1454","AB_2018","BWBSuf","BWBSuf/a","C2"
"1455","AB_2018","BWBSuf","BWBSuf/a","C1"
"1456","AB_2018","BWBSuf","BWBSuf/a","B2"
"1457","AB_2018","BWBSuf","BWBSuf/a","B1"
"1458","AB_2018","BWBSuf","BWBSuf/a","B0"
"1459","AB_2018","BWBSuf","BWBSuf/b","B3"
"1460","AB_2018","BWBSuf","BWBSuf/b","B2"
"1461","AB_2018","BWBSuf","BWBSuf/b","B1"
"1462","AB_2018","BWBSuf","BWBSuf/b","A2"
"1463","AB_2018","BWBSuf","BWBSuf/c","D3"
"1464","AB_2018","BWBSuf","BWBSuf/c","C4"
"1465","AB_2018","BWBSuf","BWBSuf/c","C3"
"1466","AB_2018","BWBSuf","BWBSuf/c","C2"
"1467","AB_2018","BWBSuf","BWBSuf/c","B3"
"1468","AB_2018","BWBSuf","BWBSuf/c","B2"
"1469","AB_2018","BWBSuf","BWBSuf/d","B5"
"1470","AB_2018","BWBSuf","BWBSuf/d","B4"
"1471","AB_2018","BWBSuf","BWBSuf/d","B3"
"1472","AB_2018","BWBSuf","BWBSuf/d","A4"
"1473","AB_2018","BWBSuf","BWBSuf/d","A3"
"1474","AB_2018","BWBSuf","BWBSuf/e","D4"
"1475","AB_2018","BWBSuf","BWBSuf/e","C5"
"1476","AB_2018","BWBSuf","BWBSuf/e","C4"
"1477","AB_2018","BWBSuf","BWBSuf/e","C3"
"1478","AB_2018","BWBSuf","BWBSuf/e","B5"
"1479","AB_2018","BWBSuf","BWBSuf/e","B4"
"1480","AB_2018","BWBSuf","BWBSuf/f","E5"
"1481","AB_2018","BWBSuf","BWBSuf/f","D5"
"1482","AB_2018","BWBSuf","BWBSuf/f","D4"
"1483","AB_2018","BWBSuf","BWBSuf/g","E7"
"1484","AB_2018","BWBSuf","BWBSuf/g","E6"
"1485","AB_2018","BWBSuf","BWBSuf/g","E5"
"1486","AB_2018","BWBSuf","BWBSuf/g","E4"
"1487","AB_2018","BWBSuf","BWBSuf/g","D6"
"1488","AB_2018","BWBSuf","BWBSuf/g","D5"
"1489","AB_2018","BWBSuf","BWBSuf/h","C6"
"1490","AB_2018","BWBSuf","BWBSuf/h","C5"
"1491","AB_2018","BWBSuf","BWBSuf/h","B6"
"1492","AB_2018","BWBSuf","BWBSuf/h","B5"
"1493","AB_2018","BWBSuf","BWBSuf/h","A6"
"1494","AB_2018","BWBSuf","BWBSuf/h","A5"
"1495","AB_2018","BWBSuf","BWBSuf/i","D6"
"1496","AB_2018","BWBSuf","BWBSuf/i","D5"
"1497","AB_2018","BWBSuf","BWBSuf/i","C7"
"1498","AB_2018","BWBSuf","BWBSuf/i","C6"
"1499","AB_2018","BWBSuf","BWBSuf/i","C5"
"1500","AB_2018","BWBSuf","BWBSuf/i","B6"
"1501","AB_2018","BWBSuf","BWBSuf/j","E6"
"1502","AB_2018","BWBSuf","BWBSuf/j","D6"
"1503","AB_2018","BWBSuf","BWBSuf/j","D5"
"1504","AB_2018","BWBSuf","BWBSuf/j","C6"
"1505","AB_2018","BWBSuf","BWBSuf/j","C5"
"1506","AB_2018","BWBSuf","BWBSuf/k","B7"
"1507","AB_2018","BWBSuf","BWBSuf/k","B6"
"1508","AB_2018","BWBSuf","BWBSuf/k","A7"
"1509","AB_2018","BWBSuf","BWBSuf/l","D7"
"1510","AB_2018","BWBSuf","BWBSuf/l","C7"
"1511","AB_2018","BWBSuf","BWBSuf/l","C6"
"1512","AB_2018","BWBSuf","BWBSuf/l","B7"
"1513","Add_2021","BWBSuf","BWBSuf/Ro","A0"
"1514","Add_2021","BWBSuf","BWBSuf/Ro","B0"
"1515","BECv10","BWBSvk","BWBSvk/h","E7"
"1516","BECv10","BWBSvk","BWBSvk/h","E6"
"1517","BECv10","BWBSvk","BWBSvk/h","E5"
"1518","BECv10","BWBSvk","BWBSvk/h","D7"
"1519","BECv10","BWBSvk","BWBSvk/h","D6"
"1520","BECv10","BWBSvk","BWBSvk/h","D5"
"1521","BECv10","BWBSvk","BWBSvk/h","C7"
"1522","BECv10","BWBSvk","BWBSvk/h","C6"
"1523","BECv10","BWBSvk","BWBSvk/h","C5"
"1524","BECv10","BWBSvk","BWBSvk/h","B7"
"1525","BECv10","BWBSvk","BWBSvk/h","B6"
"1526","BECv10","BWBSvk","BWBSvk/h","B5"
"1527","BECv10","BWBSvk","BWBSvk/m","E4"
"1528","BECv10","BWBSvk","BWBSvk/m","E3"
"1529","BECv10","BWBSvk","BWBSvk/m","D4"
"1530","BECv10","BWBSvk","BWBSvk/m","D3"
"1531","BECv10","BWBSvk","BWBSvk/m","C4"
"1532","BECv10","BWBSvk","BWBSvk/m","C3"
"1533","BECv10","BWBSvk","BWBSvk/m","B4"
"1534","BECv10","BWBSvk","BWBSvk/m","B3"
"1535","BECv10","BWBSvk","BWBSvk/m","A4"
"1536","BECv10","BWBSvk","BWBSvk/m","A3"
"1537","BECv10","BWBSvk","BWBSvk/x","E2"
"1538","BECv10","BWBSvk","BWBSvk/x","E1"
"1539","BECv10","BWBSvk","BWBSvk/x","E0"
"1540","BECv10","BWBSvk","BWBSvk/x","D2"
"1541","BECv10","BWBSvk","BWBSvk/x","D1"
"1542","BECv10","BWBSvk","BWBSvk/x","D0"
"1543","BECv10","BWBSvk","BWBSvk/x","C2"
"1544","BECv10","BWBSvk","BWBSvk/x","C1"
"1545","BECv10","BWBSvk","BWBSvk/x","C0"
"1546","BECv10","BWBSvk","BWBSvk/x","B2"
"1547","BECv10","BWBSvk","BWBSvk/x","B1"
"1548","BECv10","BWBSvk","BWBSvk/x","B0"
"1549","BECv10","BWBSvk","BWBSvk/x","A2"
"1550","BECv10","BWBSvk","BWBSvk/x","A1"
"1551","BECv10","BWBSvk","BWBSvk/x","A0"
"1552","BECv10","BWBSwk1","BWBSwk1/101","C4"
"1553","BECv10","BWBSwk1","BWBSwk1/101","C3"
"1554","BECv10","BWBSwk1","BWBSwk1/101","B4"
"1555","BECv10","BWBSwk1","BWBSwk1/101","B3"
"1556","BECv10","BWBSwk1","BWBSwk1/102","C2"
"1557","BECv10","BWBSwk1","BWBSwk1/102","B2"
"1558","BECv10","BWBSwk1","BWBSwk1/102","B1"
"1559","BECv10","BWBSwk1","BWBSwk1/102","A2"
"1560","BECv10","BWBSwk1","BWBSwk1/102","A1"
"1561","BECv10","BWBSwk1","BWBSwk1/103","D3"
"1562","BECv10","BWBSwk1","BWBSwk1/103","C3"
"1563","BECv10","BWBSwk1","BWBSwk1/103","B3"
"1564","BECv10","BWBSwk1","BWBSwk1/104","B5"
"1565","BECv10","BWBSwk1","BWBSwk1/104","B4"
"1566","BECv10","BWBSwk1","BWBSwk1/104","B3"
"1567","BECv10","BWBSwk1","BWBSwk1/104","A5"
"1568","BECv10","BWBSwk1","BWBSwk1/104","A4"
"1569","BECv10","BWBSwk1","BWBSwk1/104","A3"
"1570","BECv10","BWBSwk1","BWBSwk1/110","D6"
"1571","BECv10","BWBSwk1","BWBSwk1/110","D5"
"1572","BECv10","BWBSwk1","BWBSwk1/110","D4"
"1573","BECv10","BWBSwk1","BWBSwk1/110","C6"
"1574","BECv10","BWBSwk1","BWBSwk1/110","C5"
"1575","BECv10","BWBSwk1","BWBSwk1/111","B6"
"1576","BECv10","BWBSwk1","BWBSwk1/111","B5"
"1577","BECv10","BWBSwk1","BWBSwk1/111","A6"
"1578","BECv10","BWBSwk1","BWBSwk1/111","A5"
"1579","Add_2021","BWBSwk1","BWBSwk1/Ro","A0"
"1580","Add_2021","BWBSwk1","BWBSwk1/Ro","B0"
"1581","BECv10","BWBSwk2","BWBSwk2/101","C4"
"1582","BECv10","BWBSwk2","BWBSwk2/101","C3"
"1583","BECv10","BWBSwk2","BWBSwk2/101","B4"
"1584","BECv10","BWBSwk2","BWBSwk2/101","B3"
"1585","BECv10","BWBSwk2","BWBSwk2/102","C2"
"1586","BECv10","BWBSwk2","BWBSwk2/102","C1"
"1587","BECv10","BWBSwk2","BWBSwk2/102","B2"
"1588","BECv10","BWBSwk2","BWBSwk2/102","B1"
"1589","BECv10","BWBSwk2","BWBSwk2/102","A2"
"1590","BECv10","BWBSwk2","BWBSwk2/102","A1"
"1591","BECv10","BWBSwk2","BWBSwk2/103","D3"
"1592","BECv10","BWBSwk2","BWBSwk2/103","C3"
"1593","BECv10","BWBSwk2","BWBSwk2/103","B3"
"1594","BECv10","BWBSwk2","BWBSwk2/104","B6"
"1595","BECv10","BWBSwk2","BWBSwk2/104","B5"
"1596","BECv10","BWBSwk2","BWBSwk2/104","B4"
"1597","BECv10","BWBSwk2","BWBSwk2/104","B3"
"1598","BECv10","BWBSwk2","BWBSwk2/104","A6"
"1599","BECv10","BWBSwk2","BWBSwk2/104","A5"
"1600","BECv10","BWBSwk2","BWBSwk2/104","A4"
"1601","BECv10","BWBSwk2","BWBSwk2/104","A3"
"1602","BECv10","BWBSwk2","BWBSwk2/110","D5"
"1603","BECv10","BWBSwk2","BWBSwk2/110","D4"
"1604","BECv10","BWBSwk2","BWBSwk2/110","C5"
"1605","BECv10","BWBSwk2","BWBSwk2/111","D6"
"1606","BECv10","BWBSwk2","BWBSwk2/111","D5"
"1607","BECv10","BWBSwk2","BWBSwk2/111","C6"
"1608","BECv10","BWBSwk2","BWBSwk2/Gg","E1"
"1609","BECv10","BWBSwk2","BWBSwk2/Gg","D1"
"1610","BECv10","BWBSwk2","BWBSwk2/Gg","D0"
"1611","Add_2021","BWBSwk2","BWBSwk2/Ro","A0"
"1612","Add_2021","BWBSwk2","BWBSwk2/Ro","B0"
"1613","BECv10","BWBSwk3","BWBSwk3/101","D4"
"1614","BECv10","BWBSwk3","BWBSwk3/101","C4"
"1615","BECv10","BWBSwk3","BWBSwk3/101","C3"
"1616","BECv10","BWBSwk3","BWBSwk3/102","C2"
"1617","BECv10","BWBSwk3","BWBSwk3/102","B2"
"1618","BECv10","BWBSwk3","BWBSwk3/102","B1"
"1619","BECv10","BWBSwk3","BWBSwk3/102","A2"
"1620","BECv10","BWBSwk3","BWBSwk3/102","A1"
"1621","BECv10","BWBSwk3","BWBSwk3/103","B5"
"1622","BECv10","BWBSwk3","BWBSwk3/103","B4"
"1623","BECv10","BWBSwk3","BWBSwk3/103","B3"
"1624","BECv10","BWBSwk3","BWBSwk3/103","A5"
"1625","BECv10","BWBSwk3","BWBSwk3/103","A4"
"1626","BECv10","BWBSwk3","BWBSwk3/103","A3"
"1627","BECv10","BWBSwk3","BWBSwk3/110","D6"
"1628","BECv10","BWBSwk3","BWBSwk3/110","D5"
"1629","BECv10","BWBSwk3","BWBSwk3/110","C6"
"1630","BECv10","BWBSwk3","BWBSwk3/110","C5"
"1631","BECv10","BWBSwk3","BWBSwk3/111","B6"
"1632","BECv10","BWBSwk3","BWBSwk3/111","A6"
"1633","Add_2021","BWBSwk3","BWBSwk3/Ro","A0"
"1634","Add_2021","BWBSwk3","BWBSwk3/Ro","B0"
"1635","USA_2019","CCHun_CA","CCHun_CA/101","D4"
"1636","USA_2019","CCHun_CA","CCHun_CA/101","D3"
"1637","USA_2019","CCHun_CA","CCHun_CA/101","C4"
"1638","USA_2019","CCHun_CA","CCHun_CA/101","C3"
"1639","USA_2019","CCHun_CA","CCHun_CA/101","B4"
"1640","USA_2019","CCHun_CA","CCHun_CA/101","B3"
"1641","USA_2019","CCHun_CA","CCHun_CA/110","E5"
"1642","USA_2019","CCHun_CA","CCHun_CA/110","D5"
"1643","USA_2019","CCHun_CA","CCHun_CA/110","C5"
"1644","USA_2019","CCHun_CA","CCHun_CA/110","B5"
"1645","USA_2019","CCHun_CA","CCHun_CA/111","E6"
"1646","USA_2019","CCHun_CA","CCHun_CA/111","D6"
"1647","USA_2019","CCHun_CA","CCHun_CA/111","C6"
"1648","USA_2019","CCHun_CA","CCHun_CA/111","B6"
"1649","USA_2019","CCHun_CA","CCHun_CA/Gs","D2"
"1650","USA_2019","CCHun_CA","CCHun_CA/Gs","D1"
"1651","USA_2019","CCHun_CA","CCHun_CA/Gs","C2"
"1652","USA_2019","CCHun_CA","CCHun_CA/Gs","C1"
"1653","USA_2019","CCHun_CA","CCHun_CA/Gs","B2"
"1654","USA_2019","CCHun_CA","CCHun_CA/Gs","B1"
"1655","USA_2019","CCHun_CA","CCHun_CA/Gs","A2"
"1656","USA_2019","CCHun_CA","CCHun_CA/Gs","A1"
"1657","Add_2021","CCHun_CA","CCHun_CA/Ro","A0"
"1658","Add_2021","CCHun_CA","CCHun_CA/Ro","B0"
"1659","BECv13","CDFmm","CDFmm/101","A3"
"1660","BECv13","CDFmm","CDFmm/101","A4"
"1661","BECv13","CDFmm","CDFmm/101","B4"
"1662","BECv13","CDFmm","CDFmm/101","B3"
"1663","BECv13","CDFmm","CDFmm/101","C3"
"1664","BECv13","CDFmm","CDFmm/101","C4"
"1665","BECv13","CDFmm","CDFmm/102","A0"
"1666","BECv13","CDFmm","CDFmm/102","B0"
"1667","BECv13","CDFmm","CDFmm/102","A1"
"1668","BECv13","CDFmm","CDFmm/102","B1"
"1669","BECv13","CDFmm","CDFmm/102.1","A0"
"1670","BECv13","CDFmm","CDFmm/102.1","B0"
"1671","BECv13","CDFmm","CDFmm/102.1","A1"
"1672","BECv13","CDFmm","CDFmm/102.1","B1"
"1673","BECv13","CDFmm","CDFmm/102.2","A0"
"1674","BECv13","CDFmm","CDFmm/102.2","B0"
"1675","BECv13","CDFmm","CDFmm/102.2","A1"
"1676","BECv13","CDFmm","CDFmm/102.2","B1"
"1677","BECv13","CDFmm","CDFmm/103","C0"
"1678","BECv13","CDFmm","CDFmm/103","D0"
"1679","BECv13","CDFmm","CDFmm/103","E0"
"1680","BECv13","CDFmm","CDFmm/103","C1"
"1681","BECv13","CDFmm","CDFmm/103","D1"
"1682","BECv13","CDFmm","CDFmm/103","E1"
"1683","BECv13","CDFmm","CDFmm/104","A1"
"1684","BECv13","CDFmm","CDFmm/104","B1"
"1685","BECv13","CDFmm","CDFmm/104","A2"
"1686","BECv13","CDFmm","CDFmm/104","B2"
"1687","BECv13","CDFmm","CDFmm/105","C1"
"1688","BECv13","CDFmm","CDFmm/105","D1"
"1689","BECv13","CDFmm","CDFmm/105","C2"
"1690","BECv13","CDFmm","CDFmm/105","D2"
"1691","BECv13","CDFmm","CDFmm/106","D1"
"1692","BECv13","CDFmm","CDFmm/106","E1"
"1693","BECv13","CDFmm","CDFmm/106","D2"
"1694","BECv13","CDFmm","CDFmm/106","E2"
"1695","BECv13","CDFmm","CDFmm/110","D3"
"1696","BECv13","CDFmm","CDFmm/110","E3"
"1697","BECv13","CDFmm","CDFmm/110","D4"
"1698","BECv13","CDFmm","CDFmm/110","E4"
"1699","BECv13","CDFmm","CDFmm/111","A5"
"1700","BECv13","CDFmm","CDFmm/111","B5"
"1701","BECv13","CDFmm","CDFmm/111","C5"
"1702","BECv13","CDFmm","CDFmm/111","A6"
"1703","BECv13","CDFmm","CDFmm/111","B6"
"1704","BECv13","CDFmm","CDFmm/111","C6"
"1705","BECv13","CDFmm","CDFmm/112","D5"
"1706","BECv13","CDFmm","CDFmm/112","D6"
"1707","BECv13","CDFmm","CDFmm/112","E5"
"1708","BECv13","CDFmm","CDFmm/112","E6"
"1709","BECv13","CDFmm","CDFmm/112a","D5"
"1710","BECv13","CDFmm","CDFmm/112a","E5"
"1711","BECv13","CDFmm","CDFmm/112a","D6"
"1712","BECv13","CDFmm","CDFmm/112a","E6"
"1713","BECv13","CDFmm","CDFmm/112b","D5"
"1714","BECv13","CDFmm","CDFmm/112b","E5"
"1715","BECv13","CDFmm","CDFmm/112b","D6"
"1716","BECv13","CDFmm","CDFmm/112b","E6"
"1717","BECv13","CDFmm","CDFmm/Fl51","D5"
"1718","BECv13","CDFmm","CDFmm/Fl51","E5"
"1719","BECv13","CDFmm","CDFmm/Fl51","D6"
"1720","BECv13","CDFmm","CDFmm/Fl51","E6"
"1721","BECv13","CDFmm","CDFmm/Fm51","D5"
"1722","BECv13","CDFmm","CDFmm/Fm51","D6"
"1723","BECv13","CDFmm","CDFmm/Fm51","E5"
"1724","BECv13","CDFmm","CDFmm/Fm51","E6"
"1725","BECv13","CDFmm","CDFmm/Fm52","D5"
"1726","BECv13","CDFmm","CDFmm/Fm52","D6"
"1727","BECv13","CDFmm","CDFmm/Fm52","E5"
"1728","BECv13","CDFmm","CDFmm/Fm52","E6"
"1729","BECv13","CDFmm","CDFmm/Gg","C0"
"1730","BECv13","CDFmm","CDFmm/Gg","D0"
"1731","BECv13","CDFmm","CDFmm/Gg","E0"
"1732","BECv13","CDFmm","CDFmm/Ro","A0"
"1733","BECv13","CDFmm","CDFmm/Ro","B0"
"1734","BECv13","CDFmm","CDFmm/Wb55","A7"
"1735","BECv13","CDFmm","CDFmm/Wb55","B7"
"1736","BECv13","CDFmm","CDFmm/Wf","C7"
"1737","BECv13","CDFmm","CDFmm/Wf","D7"
"1738","BECv13","CDFmm","CDFmm/Wf","E7"
"1739","BECv13","CDFmm","CDFmm/Wm","C7"
"1740","BECv13","CDFmm","CDFmm/Wm","D7"
"1741","BECv13","CDFmm","CDFmm/Wm","E7"
"1742","BECv13","CDFmm","CDFmm/Ws53","C7"
"1743","BECv13","CDFmm","CDFmm/Ws53","D7"
"1744","BECv13","CDFmm","CDFmm/Ws53","E7"
"1745","BECv13","CDFmm","CDFmm/Ws61","C7"
"1746","BECv13","CDFmm","CDFmm/Ws61","D7"
"1747","BECv13","CDFmm","CDFmm/Ws61","E7"
"1748","BECv13","CDFmm","CDFmm/Ws62","C7"
"1749","BECv13","CDFmm","CDFmm/Ws62","D7"
"1750","BECv13","CDFmm","CDFmm/Ws62","E7"
"1751","USA_2019","CDFmm_OR","CDFmm_OR/101","D4"
"1752","USA_2019","CDFmm_OR","CDFmm_OR/101","D3"
"1753","USA_2019","CDFmm_OR","CDFmm_OR/101","C4"
"1754","USA_2019","CDFmm_OR","CDFmm_OR/101","C3"
"1755","USA_2019","CDFmm_OR","CDFmm_OR/101","B4"
"1756","USA_2019","CDFmm_OR","CDFmm_OR/101","B3"
"1757","USA_2019","CDFmm_OR","CDFmm_OR/102","D1"
"1758","USA_2019","CDFmm_OR","CDFmm_OR/102","C1"
"1759","USA_2019","CDFmm_OR","CDFmm_OR/102","B1"
"1760","USA_2019","CDFmm_OR","CDFmm_OR/102","A1"
"1761","USA_2019","CDFmm_OR","CDFmm_OR/103","D2"
"1762","USA_2019","CDFmm_OR","CDFmm_OR/103","C2"
"1763","USA_2019","CDFmm_OR","CDFmm_OR/103","B2"
"1764","USA_2019","CDFmm_OR","CDFmm_OR/103","A2"
"1765","USA_2019","CDFmm_OR","CDFmm_OR/110","C5"
"1766","USA_2019","CDFmm_OR","CDFmm_OR/110","B5"
"1767","USA_2019","CDFmm_OR","CDFmm_OR/111","C6"
"1768","USA_2019","CDFmm_OR","CDFmm_OR/111","B6"
"1769","USA_2019","CDFmm_OR","CDFmm_OR/112","E5"
"1770","USA_2019","CDFmm_OR","CDFmm_OR/112","D5"
"1771","USA_2019","CDFmm_OR","CDFmm_OR/113","E6"
"1772","USA_2019","CDFmm_OR","CDFmm_OR/113","D6"
"1773","Add_2021","CDFmm_OR","CDFmm_OR/Ro","A0"
"1774","Add_2021","CDFmm_OR","CDFmm_OR/Ro","B0"
"1775","USA_2019","CDFmm_WA","CDFmm_WA/101","D4"
"1776","USA_2019","CDFmm_WA","CDFmm_WA/101","D3"
"1777","USA_2019","CDFmm_WA","CDFmm_WA/101","C4"
"1778","USA_2019","CDFmm_WA","CDFmm_WA/101","C3"
"1779","USA_2019","CDFmm_WA","CDFmm_WA/101","B4"
"1780","USA_2019","CDFmm_WA","CDFmm_WA/101","B3"
"1781","USA_2019","CDFmm_WA","CDFmm_WA/102","D1"
"1782","USA_2019","CDFmm_WA","CDFmm_WA/102","C1"
"1783","USA_2019","CDFmm_WA","CDFmm_WA/102","B1"
"1784","USA_2019","CDFmm_WA","CDFmm_WA/102","A1"
"1785","USA_2019","CDFmm_WA","CDFmm_WA/103","D2"
"1786","USA_2019","CDFmm_WA","CDFmm_WA/103","C2"
"1787","USA_2019","CDFmm_WA","CDFmm_WA/103","B2"
"1788","USA_2019","CDFmm_WA","CDFmm_WA/103","A2"
"1789","USA_2019","CDFmm_WA","CDFmm_WA/110","C5"
"1790","USA_2019","CDFmm_WA","CDFmm_WA/110","B5"
"1791","USA_2019","CDFmm_WA","CDFmm_WA/111","C6"
"1792","USA_2019","CDFmm_WA","CDFmm_WA/111","B6"
"1793","USA_2019","CDFmm_WA","CDFmm_WA/112","E5"
"1794","USA_2019","CDFmm_WA","CDFmm_WA/112","D5"
"1795","USA_2019","CDFmm_WA","CDFmm_WA/113","E6"
"1796","USA_2019","CDFmm_WA","CDFmm_WA/113","D6"
"1797","Add_2021","CDFmm_WA","CDFmm_WA/Ro","A0"
"1798","Add_2021","CDFmm_WA","CDFmm_WA/Ro","B0"
"1799","USA_2019","CDFxm_CA","CDFxm_CA/101","D4"
"1800","USA_2019","CDFxm_CA","CDFxm_CA/101","D3"
"1801","USA_2019","CDFxm_CA","CDFxm_CA/101","C4"
"1802","USA_2019","CDFxm_CA","CDFxm_CA/101","C3"
"1803","USA_2019","CDFxm_CA","CDFxm_CA/101","B4"
"1804","USA_2019","CDFxm_CA","CDFxm_CA/101","B3"
"1805","USA_2019","CDFxm_CA","CDFxm_CA/102","D1"
"1806","USA_2019","CDFxm_CA","CDFxm_CA/102","C1"
"1807","USA_2019","CDFxm_CA","CDFxm_CA/102","B1"
"1808","USA_2019","CDFxm_CA","CDFxm_CA/102","A1"
"1809","USA_2019","CDFxm_CA","CDFxm_CA/103","D2"
"1810","USA_2019","CDFxm_CA","CDFxm_CA/103","C2"
"1811","USA_2019","CDFxm_CA","CDFxm_CA/103","B2"
"1812","USA_2019","CDFxm_CA","CDFxm_CA/103","A2"
"1813","USA_2019","CDFxm_CA","CDFxm_CA/110","C5"
"1814","USA_2019","CDFxm_CA","CDFxm_CA/110","B5"
"1815","USA_2019","CDFxm_CA","CDFxm_CA/111","C6"
"1816","USA_2019","CDFxm_CA","CDFxm_CA/111","B6"
"1817","USA_2019","CDFxm_CA","CDFxm_CA/112","E5"
"1818","USA_2019","CDFxm_CA","CDFxm_CA/112","D5"
"1819","USA_2019","CDFxm_CA","CDFxm_CA/113","E6"
"1820","USA_2019","CDFxm_CA","CDFxm_CA/113","D6"
"1821","Add_2021","CDFxm_CA","CDFxm_CA/Ro","A0"
"1822","Add_2021","CDFxm_CA","CDFxm_CA/Ro","B0"
"1823","BECv10","CMAun","CMAun/00","E7"
"1824","BECv10","CMAun","CMAun/00","E6"
"1825","BECv10","CMAun","CMAun/00","E5"
"1826","BECv10","CMAun","CMAun/00","E4"
"1827","BECv10","CMAun","CMAun/00","E3"
"1828","BECv10","CMAun","CMAun/00","E2"
"1829","BECv10","CMAun","CMAun/00","E1"
"1830","BECv10","CMAun","CMAun/00","E0"
"1831","BECv10","CMAun","CMAun/00","D7"
"1832","BECv10","CMAun","CMAun/00","D6"
"1833","BECv10","CMAun","CMAun/00","D5"
"1834","BECv10","CMAun","CMAun/00","D4"
"1835","BECv10","CMAun","CMAun/00","D3"
"1836","BECv10","CMAun","CMAun/00","D2"
"1837","BECv10","CMAun","CMAun/00","D1"
"1838","BECv10","CMAun","CMAun/00","D0"
"1839","BECv10","CMAun","CMAun/00","C7"
"1840","BECv10","CMAun","CMAun/00","C6"
"1841","BECv10","CMAun","CMAun/00","C5"
"1842","BECv10","CMAun","CMAun/00","C4"
"1843","BECv10","CMAun","CMAun/00","C3"
"1844","BECv10","CMAun","CMAun/00","C2"
"1845","BECv10","CMAun","CMAun/00","C1"
"1846","BECv10","CMAun","CMAun/00","C0"
"1847","BECv10","CMAun","CMAun/00","B7"
"1848","BECv10","CMAun","CMAun/00","B6"
"1849","BECv10","CMAun","CMAun/00","B5"
"1850","BECv10","CMAun","CMAun/00","B4"
"1851","BECv10","CMAun","CMAun/00","B3"
"1852","BECv10","CMAun","CMAun/00","B2"
"1853","BECv10","CMAun","CMAun/00","B1"
"1854","BECv10","CMAun","CMAun/00","B0"
"1855","BECv10","CMAun","CMAun/00","A7"
"1856","BECv10","CMAun","CMAun/00","A6"
"1857","BECv10","CMAun","CMAun/00","A5"
"1858","BECv10","CMAun","CMAun/00","A4"
"1859","BECv10","CMAun","CMAun/00","A3"
"1860","BECv10","CMAun","CMAun/00","A2"
"1861","BECv10","CMAun","CMAun/00","A1"
"1862","BECv10","CMAun","CMAun/00","A0"
"1863","USA_2019","CMAun_CA","CMAun_CA/00","E7"
"1864","USA_2019","CMAun_CA","CMAun_CA/00","E6"
"1865","USA_2019","CMAun_CA","CMAun_CA/00","E5"
"1866","USA_2019","CMAun_CA","CMAun_CA/00","E4"
"1867","USA_2019","CMAun_CA","CMAun_CA/00","E3"
"1868","USA_2019","CMAun_CA","CMAun_CA/00","E2"
"1869","USA_2019","CMAun_CA","CMAun_CA/00","E1"
"1870","USA_2019","CMAun_CA","CMAun_CA/00","E0"
"1871","USA_2019","CMAun_CA","CMAun_CA/00","D7"
"1872","USA_2019","CMAun_CA","CMAun_CA/00","D6"
"1873","USA_2019","CMAun_CA","CMAun_CA/00","D5"
"1874","USA_2019","CMAun_CA","CMAun_CA/00","D4"
"1875","USA_2019","CMAun_CA","CMAun_CA/00","D3"
"1876","USA_2019","CMAun_CA","CMAun_CA/00","D2"
"1877","USA_2019","CMAun_CA","CMAun_CA/00","D1"
"1878","USA_2019","CMAun_CA","CMAun_CA/00","D0"
"1879","USA_2019","CMAun_CA","CMAun_CA/00","C7"
"1880","USA_2019","CMAun_CA","CMAun_CA/00","C6"
"1881","USA_2019","CMAun_CA","CMAun_CA/00","C5"
"1882","USA_2019","CMAun_CA","CMAun_CA/00","C4"
"1883","USA_2019","CMAun_CA","CMAun_CA/00","C3"
"1884","USA_2019","CMAun_CA","CMAun_CA/00","C2"
"1885","USA_2019","CMAun_CA","CMAun_CA/00","C1"
"1886","USA_2019","CMAun_CA","CMAun_CA/00","C0"
"1887","USA_2019","CMAun_CA","CMAun_CA/00","B7"
"1888","USA_2019","CMAun_CA","CMAun_CA/00","B6"
"1889","USA_2019","CMAun_CA","CMAun_CA/00","B5"
"1890","USA_2019","CMAun_CA","CMAun_CA/00","B4"
"1891","USA_2019","CMAun_CA","CMAun_CA/00","B3"
"1892","USA_2019","CMAun_CA","CMAun_CA/00","B2"
"1893","USA_2019","CMAun_CA","CMAun_CA/00","B1"
"1894","USA_2019","CMAun_CA","CMAun_CA/00","B0"
"1895","USA_2019","CMAun_CA","CMAun_CA/00","A7"
"1896","USA_2019","CMAun_CA","CMAun_CA/00","A6"
"1897","USA_2019","CMAun_CA","CMAun_CA/00","A5"
"1898","USA_2019","CMAun_CA","CMAun_CA/00","A4"
"1899","USA_2019","CMAun_CA","CMAun_CA/00","A3"
"1900","USA_2019","CMAun_CA","CMAun_CA/00","A2"
"1901","USA_2019","CMAun_CA","CMAun_CA/00","A1"
"1902","USA_2019","CMAun_CA","CMAun_CA/00","A0"
"1903","USA_2019","CMAun_OR","CMAun_OR/00","E7"
"1904","USA_2019","CMAun_OR","CMAun_OR/00","E6"
"1905","USA_2019","CMAun_OR","CMAun_OR/00","E5"
"1906","USA_2019","CMAun_OR","CMAun_OR/00","E4"
"1907","USA_2019","CMAun_OR","CMAun_OR/00","E3"
"1908","USA_2019","CMAun_OR","CMAun_OR/00","E2"
"1909","USA_2019","CMAun_OR","CMAun_OR/00","E1"
"1910","USA_2019","CMAun_OR","CMAun_OR/00","E0"
"1911","USA_2019","CMAun_OR","CMAun_OR/00","D7"
"1912","USA_2019","CMAun_OR","CMAun_OR/00","D6"
"1913","USA_2019","CMAun_OR","CMAun_OR/00","D5"
"1914","USA_2019","CMAun_OR","CMAun_OR/00","D4"
"1915","USA_2019","CMAun_OR","CMAun_OR/00","D3"
"1916","USA_2019","CMAun_OR","CMAun_OR/00","D2"
"1917","USA_2019","CMAun_OR","CMAun_OR/00","D1"
"1918","USA_2019","CMAun_OR","CMAun_OR/00","D0"
"1919","USA_2019","CMAun_OR","CMAun_OR/00","C7"
"1920","USA_2019","CMAun_OR","CMAun_OR/00","C6"
"1921","USA_2019","CMAun_OR","CMAun_OR/00","C5"
"1922","USA_2019","CMAun_OR","CMAun_OR/00","C4"
"1923","USA_2019","CMAun_OR","CMAun_OR/00","C3"
"1924","USA_2019","CMAun_OR","CMAun_OR/00","C2"
"1925","USA_2019","CMAun_OR","CMAun_OR/00","C1"
"1926","USA_2019","CMAun_OR","CMAun_OR/00","C0"
"1927","USA_2019","CMAun_OR","CMAun_OR/00","B7"
"1928","USA_2019","CMAun_OR","CMAun_OR/00","B6"
"1929","USA_2019","CMAun_OR","CMAun_OR/00","B5"
"1930","USA_2019","CMAun_OR","CMAun_OR/00","B4"
"1931","USA_2019","CMAun_OR","CMAun_OR/00","B3"
"1932","USA_2019","CMAun_OR","CMAun_OR/00","B2"
"1933","USA_2019","CMAun_OR","CMAun_OR/00","B1"
"1934","USA_2019","CMAun_OR","CMAun_OR/00","B0"
"1935","USA_2019","CMAun_OR","CMAun_OR/00","A7"
"1936","USA_2019","CMAun_OR","CMAun_OR/00","A6"
"1937","USA_2019","CMAun_OR","CMAun_OR/00","A5"
"1938","USA_2019","CMAun_OR","CMAun_OR/00","A4"
"1939","USA_2019","CMAun_OR","CMAun_OR/00","A3"
"1940","USA_2019","CMAun_OR","CMAun_OR/00","A2"
"1941","USA_2019","CMAun_OR","CMAun_OR/00","A1"
"1942","USA_2019","CMAun_OR","CMAun_OR/00","A0"
"1943","USA_2019","CMAun_WA","CMAun_WA/00","E7"
"1944","USA_2019","CMAun_WA","CMAun_WA/00","E6"
"1945","USA_2019","CMAun_WA","CMAun_WA/00","E5"
"1946","USA_2019","CMAun_WA","CMAun_WA/00","E4"
"1947","USA_2019","CMAun_WA","CMAun_WA/00","E3"
"1948","USA_2019","CMAun_WA","CMAun_WA/00","E2"
"1949","USA_2019","CMAun_WA","CMAun_WA/00","E1"
"1950","USA_2019","CMAun_WA","CMAun_WA/00","E0"
"1951","USA_2019","CMAun_WA","CMAun_WA/00","D7"
"1952","USA_2019","CMAun_WA","CMAun_WA/00","D6"
"1953","USA_2019","CMAun_WA","CMAun_WA/00","D5"
"1954","USA_2019","CMAun_WA","CMAun_WA/00","D4"
"1955","USA_2019","CMAun_WA","CMAun_WA/00","D3"
"1956","USA_2019","CMAun_WA","CMAun_WA/00","D2"
"1957","USA_2019","CMAun_WA","CMAun_WA/00","D1"
"1958","USA_2019","CMAun_WA","CMAun_WA/00","D0"
"1959","USA_2019","CMAun_WA","CMAun_WA/00","C7"
"1960","USA_2019","CMAun_WA","CMAun_WA/00","C6"
"1961","USA_2019","CMAun_WA","CMAun_WA/00","C5"
"1962","USA_2019","CMAun_WA","CMAun_WA/00","C4"
"1963","USA_2019","CMAun_WA","CMAun_WA/00","C3"
"1964","USA_2019","CMAun_WA","CMAun_WA/00","C2"
"1965","USA_2019","CMAun_WA","CMAun_WA/00","C1"
"1966","USA_2019","CMAun_WA","CMAun_WA/00","C0"
"1967","USA_2019","CMAun_WA","CMAun_WA/00","B7"
"1968","USA_2019","CMAun_WA","CMAun_WA/00","B6"
"1969","USA_2019","CMAun_WA","CMAun_WA/00","B5"
"1970","USA_2019","CMAun_WA","CMAun_WA/00","B4"
"1971","USA_2019","CMAun_WA","CMAun_WA/00","B3"
"1972","USA_2019","CMAun_WA","CMAun_WA/00","B2"
"1973","USA_2019","CMAun_WA","CMAun_WA/00","B1"
"1974","USA_2019","CMAun_WA","CMAun_WA/00","B0"
"1975","USA_2019","CMAun_WA","CMAun_WA/00","A7"
"1976","USA_2019","CMAun_WA","CMAun_WA/00","A6"
"1977","USA_2019","CMAun_WA","CMAun_WA/00","A5"
"1978","USA_2019","CMAun_WA","CMAun_WA/00","A4"
"1979","USA_2019","CMAun_WA","CMAun_WA/00","A3"
"1980","USA_2019","CMAun_WA","CMAun_WA/00","A2"
"1981","USA_2019","CMAun_WA","CMAun_WA/00","A1"
"1982","USA_2019","CMAun_WA","CMAun_WA/00","A0"
"1983","BECv10","CMAunp","CMAunp/00","E7"
"1984","BECv10","CMAunp","CMAunp/00","E6"
"1985","BECv10","CMAunp","CMAunp/00","E5"
"1986","BECv10","CMAunp","CMAunp/00","E4"
"1987","BECv10","CMAunp","CMAunp/00","E3"
"1988","BECv10","CMAunp","CMAunp/00","E2"
"1989","BECv10","CMAunp","CMAunp/00","E1"
"1990","BECv10","CMAunp","CMAunp/00","E0"
"1991","BECv10","CMAunp","CMAunp/00","D7"
"1992","BECv10","CMAunp","CMAunp/00","D6"
"1993","BECv10","CMAunp","CMAunp/00","D5"
"1994","BECv10","CMAunp","CMAunp/00","D4"
"1995","BECv10","CMAunp","CMAunp/00","D3"
"1996","BECv10","CMAunp","CMAunp/00","D2"
"1997","BECv10","CMAunp","CMAunp/00","D1"
"1998","BECv10","CMAunp","CMAunp/00","D0"
"1999","BECv10","CMAunp","CMAunp/00","C7"
"2000","BECv10","CMAunp","CMAunp/00","C6"
"2001","BECv10","CMAunp","CMAunp/00","C5"
"2002","BECv10","CMAunp","CMAunp/00","C4"
"2003","BECv10","CMAunp","CMAunp/00","C3"
"2004","BECv10","CMAunp","CMAunp/00","C2"
"2005","BECv10","CMAunp","CMAunp/00","C1"
"2006","BECv10","CMAunp","CMAunp/00","C0"
"2007","BECv10","CMAunp","CMAunp/00","B7"
"2008","BECv10","CMAunp","CMAunp/00","B6"
"2009","BECv10","CMAunp","CMAunp/00","B5"
"2010","BECv10","CMAunp","CMAunp/00","B4"
"2011","BECv10","CMAunp","CMAunp/00","B3"
"2012","BECv10","CMAunp","CMAunp/00","B2"
"2013","BECv10","CMAunp","CMAunp/00","B1"
"2014","BECv10","CMAunp","CMAunp/00","B0"
"2015","BECv10","CMAunp","CMAunp/00","A7"
"2016","BECv10","CMAunp","CMAunp/00","A6"
"2017","BECv10","CMAunp","CMAunp/00","A5"
"2018","BECv10","CMAunp","CMAunp/00","A4"
"2019","BECv10","CMAunp","CMAunp/00","A3"
"2020","BECv10","CMAunp","CMAunp/00","A2"
"2021","BECv10","CMAunp","CMAunp/00","A1"
"2022","BECv10","CMAunp","CMAunp/00","A0"
"2023","BECv10","CMAwh","CMAwh/00","E7"
"2024","BECv10","CMAwh","CMAwh/00","E6"
"2025","BECv10","CMAwh","CMAwh/00","E5"
"2026","BECv10","CMAwh","CMAwh/00","E4"
"2027","BECv10","CMAwh","CMAwh/00","E3"
"2028","BECv10","CMAwh","CMAwh/00","E2"
"2029","BECv10","CMAwh","CMAwh/00","E1"
"2030","BECv10","CMAwh","CMAwh/00","E0"
"2031","BECv10","CMAwh","CMAwh/00","D7"
"2032","BECv10","CMAwh","CMAwh/00","D6"
"2033","BECv10","CMAwh","CMAwh/00","D5"
"2034","BECv10","CMAwh","CMAwh/00","D4"
"2035","BECv10","CMAwh","CMAwh/00","D3"
"2036","BECv10","CMAwh","CMAwh/00","D2"
"2037","BECv10","CMAwh","CMAwh/00","D1"
"2038","BECv10","CMAwh","CMAwh/00","D0"
"2039","BECv10","CMAwh","CMAwh/00","C7"
"2040","BECv10","CMAwh","CMAwh/00","C6"
"2041","BECv10","CMAwh","CMAwh/00","C5"
"2042","BECv10","CMAwh","CMAwh/00","C4"
"2043","BECv10","CMAwh","CMAwh/00","C3"
"2044","BECv10","CMAwh","CMAwh/00","C2"
"2045","BECv10","CMAwh","CMAwh/00","C1"
"2046","BECv10","CMAwh","CMAwh/00","C0"
"2047","BECv10","CMAwh","CMAwh/00","B7"
"2048","BECv10","CMAwh","CMAwh/00","B6"
"2049","BECv10","CMAwh","CMAwh/00","B5"
"2050","BECv10","CMAwh","CMAwh/00","B4"
"2051","BECv10","CMAwh","CMAwh/00","B3"
"2052","BECv10","CMAwh","CMAwh/00","B2"
"2053","BECv10","CMAwh","CMAwh/00","B1"
"2054","BECv10","CMAwh","CMAwh/00","B0"
"2055","BECv10","CMAwh","CMAwh/00","A7"
"2056","BECv10","CMAwh","CMAwh/00","A6"
"2057","BECv10","CMAwh","CMAwh/00","A5"
"2058","BECv10","CMAwh","CMAwh/00","A4"
"2059","BECv10","CMAwh","CMAwh/00","A3"
"2060","BECv10","CMAwh","CMAwh/00","A2"
"2061","BECv10","CMAwh","CMAwh/00","A1"
"2062","BECv10","CMAwh","CMAwh/00","A0"
"2063","USA_2019","CMXdm_OR","CMXdm_OR/101","D4"
"2064","USA_2019","CMXdm_OR","CMXdm_OR/101","D3"
"2065","USA_2019","CMXdm_OR","CMXdm_OR/101","C4"
"2066","USA_2019","CMXdm_OR","CMXdm_OR/101","C3"
"2067","USA_2019","CMXdm_OR","CMXdm_OR/101","B4"
"2068","USA_2019","CMXdm_OR","CMXdm_OR/101","B3"
"2069","USA_2019","CMXdm_OR","CMXdm_OR/102","D1"
"2070","USA_2019","CMXdm_OR","CMXdm_OR/102","C1"
"2071","USA_2019","CMXdm_OR","CMXdm_OR/102","B1"
"2072","USA_2019","CMXdm_OR","CMXdm_OR/102","A1"
"2073","USA_2019","CMXdm_OR","CMXdm_OR/103","D2"
"2074","USA_2019","CMXdm_OR","CMXdm_OR/103","C2"
"2075","USA_2019","CMXdm_OR","CMXdm_OR/103","B2"
"2076","USA_2019","CMXdm_OR","CMXdm_OR/103","A2"
"2077","USA_2019","CMXdm_OR","CMXdm_OR/110","C5"
"2078","USA_2019","CMXdm_OR","CMXdm_OR/110","B5"
"2079","USA_2019","CMXdm_OR","CMXdm_OR/111","C6"
"2080","USA_2019","CMXdm_OR","CMXdm_OR/111","B6"
"2081","USA_2019","CMXdm_OR","CMXdm_OR/112","E5"
"2082","USA_2019","CMXdm_OR","CMXdm_OR/112","D5"
"2083","USA_2019","CMXdm_OR","CMXdm_OR/113","E6"
"2084","USA_2019","CMXdm_OR","CMXdm_OR/113","D6"
"2085","Add_2021","CMXdm_OR","CMXdm_OR/Ro","A0"
"2086","Add_2021","CMXdm_OR","CMXdm_OR/Ro","B0"
"2087","USA_2023","CMXmm_OR","CMXmm_OR/101","D4"
"2088","USA_2023","CMXmm_OR","CMXmm_OR/101","D3"
"2089","USA_2023","CMXmm_OR","CMXmm_OR/101","C4"
"2090","USA_2023","CMXmm_OR","CMXmm_OR/101","C3"
"2091","USA_2023","CMXmm_OR","CMXmm_OR/101","B4"
"2092","USA_2023","CMXmm_OR","CMXmm_OR/101","B3"
"2093","USA_2023","CMXmm_OR","CMXmm_OR/102","D1"
"2094","USA_2023","CMXmm_OR","CMXmm_OR/102","C1"
"2095","USA_2023","CMXmm_OR","CMXmm_OR/102","B1"
"2096","USA_2023","CMXmm_OR","CMXmm_OR/102","A1"
"2097","USA_2023","CMXmm_OR","CMXmm_OR/103","D2"
"2098","USA_2023","CMXmm_OR","CMXmm_OR/103","C2"
"2099","USA_2023","CMXmm_OR","CMXmm_OR/103","B2"
"2100","USA_2023","CMXmm_OR","CMXmm_OR/103","A2"
"2101","USA_2023","CMXmm_OR","CMXmm_OR/110","C5"
"2102","USA_2023","CMXmm_OR","CMXmm_OR/110","B5"
"2103","USA_2023","CMXmm_OR","CMXmm_OR/111","C6"
"2104","USA_2023","CMXmm_OR","CMXmm_OR/111","B6"
"2105","USA_2023","CMXmm_OR","CMXmm_OR/112","E5"
"2106","USA_2023","CMXmm_OR","CMXmm_OR/112","D5"
"2107","USA_2023","CMXmm_OR","CMXmm_OR/113","E6"
"2108","USA_2023","CMXmm_OR","CMXmm_OR/113","D6"
"2109","USA_2023","CMXmm_OR","CMXmm_OR/Ro","A0"
"2110","USA_2023","CMXmm_OR","CMXmm_OR/Ro","B0"
"2111","USA_2019","CMXwm_OR","CMXwm_OR/101","D4"
"2112","USA_2019","CMXwm_OR","CMXwm_OR/101","D3"
"2113","USA_2019","CMXwm_OR","CMXwm_OR/101","C4"
"2114","USA_2019","CMXwm_OR","CMXwm_OR/101","C3"
"2115","USA_2019","CMXwm_OR","CMXwm_OR/101","B4"
"2116","USA_2019","CMXwm_OR","CMXwm_OR/101","B3"
"2117","USA_2019","CMXwm_OR","CMXwm_OR/102","D1"
"2118","USA_2019","CMXwm_OR","CMXwm_OR/102","C1"
"2119","USA_2019","CMXwm_OR","CMXwm_OR/102","B1"
"2120","USA_2019","CMXwm_OR","CMXwm_OR/102","A1"
"2121","USA_2019","CMXwm_OR","CMXwm_OR/103","D2"
"2122","USA_2019","CMXwm_OR","CMXwm_OR/103","C2"
"2123","USA_2019","CMXwm_OR","CMXwm_OR/103","B2"
"2124","USA_2019","CMXwm_OR","CMXwm_OR/103","A2"
"2125","USA_2019","CMXwm_OR","CMXwm_OR/110","C5"
"2126","USA_2019","CMXwm_OR","CMXwm_OR/110","B5"
"2127","USA_2019","CMXwm_OR","CMXwm_OR/111","C6"
"2128","USA_2019","CMXwm_OR","CMXwm_OR/111","B6"
"2129","USA_2019","CMXwm_OR","CMXwm_OR/112","E5"
"2130","USA_2019","CMXwm_OR","CMXwm_OR/112","D5"
"2131","USA_2019","CMXwm_OR","CMXwm_OR/113","E6"
"2132","USA_2019","CMXwm_OR","CMXwm_OR/113","D6"
"2133","Add_2021","CMXwm_OR","CMXwm_OR/Ro","A0"
"2134","Add_2021","CMXwm_OR","CMXwm_OR/Ro","B0"
"2135","USA_2019","CMXxm_CA","CMXxm_CA/101","D4"
"2136","USA_2019","CMXxm_CA","CMXxm_CA/101","D3"
"2137","USA_2019","CMXxm_CA","CMXxm_CA/101","C4"
"2138","USA_2019","CMXxm_CA","CMXxm_CA/101","C3"
"2139","USA_2019","CMXxm_CA","CMXxm_CA/101","B4"
"2140","USA_2019","CMXxm_CA","CMXxm_CA/101","B3"
"2141","USA_2019","CMXxm_CA","CMXxm_CA/102","D1"
"2142","USA_2019","CMXxm_CA","CMXxm_CA/102","C1"
"2143","USA_2019","CMXxm_CA","CMXxm_CA/102","B1"
"2144","USA_2019","CMXxm_CA","CMXxm_CA/102","A1"
"2145","USA_2019","CMXxm_CA","CMXxm_CA/103","D2"
"2146","USA_2019","CMXxm_CA","CMXxm_CA/103","C2"
"2147","USA_2019","CMXxm_CA","CMXxm_CA/103","B2"
"2148","USA_2019","CMXxm_CA","CMXxm_CA/103","A2"
"2149","USA_2019","CMXxm_CA","CMXxm_CA/110","C5"
"2150","USA_2019","CMXxm_CA","CMXxm_CA/110","B5"
"2151","USA_2019","CMXxm_CA","CMXxm_CA/111","C6"
"2152","USA_2019","CMXxm_CA","CMXxm_CA/111","B6"
"2153","USA_2019","CMXxm_CA","CMXxm_CA/112","E5"
"2154","USA_2019","CMXxm_CA","CMXxm_CA/112","D5"
"2155","USA_2019","CMXxm_CA","CMXxm_CA/113","E6"
"2156","USA_2019","CMXxm_CA","CMXxm_CA/113","D6"
"2157","Add_2021","CMXxm_CA","CMXxm_CA/Ro","A0"
"2158","Add_2021","CMXxm_CA","CMXxm_CA/Ro","B0"
"2159","USA_2019","CRFdh_CA","CRFdh_CA/101","D4"
"2160","USA_2019","CRFdh_CA","CRFdh_CA/101","D3"
"2161","USA_2019","CRFdh_CA","CRFdh_CA/101","C4"
"2162","USA_2019","CRFdh_CA","CRFdh_CA/101","C3"
"2163","USA_2019","CRFdh_CA","CRFdh_CA/101","B4"
"2164","USA_2019","CRFdh_CA","CRFdh_CA/101","B3"
"2165","USA_2019","CRFdh_CA","CRFdh_CA/102","D1"
"2166","USA_2019","CRFdh_CA","CRFdh_CA/102","C1"
"2167","USA_2019","CRFdh_CA","CRFdh_CA/102","B1"
"2168","USA_2019","CRFdh_CA","CRFdh_CA/102","A1"
"2169","USA_2019","CRFdh_CA","CRFdh_CA/103","D2"
"2170","USA_2019","CRFdh_CA","CRFdh_CA/103","C2"
"2171","USA_2019","CRFdh_CA","CRFdh_CA/103","B2"
"2172","USA_2019","CRFdh_CA","CRFdh_CA/103","A2"
"2173","USA_2019","CRFdh_CA","CRFdh_CA/110","E5"
"2174","USA_2019","CRFdh_CA","CRFdh_CA/110","D5"
"2175","USA_2019","CRFdh_CA","CRFdh_CA/110","C5"
"2176","USA_2019","CRFdh_CA","CRFdh_CA/110","B5"
"2177","USA_2019","CRFdh_CA","CRFdh_CA/111","E6"
"2178","USA_2019","CRFdh_CA","CRFdh_CA/111","D6"
"2179","USA_2019","CRFdh_CA","CRFdh_CA/111","C6"
"2180","USA_2019","CRFdh_CA","CRFdh_CA/111","B6"
"2181","Add_2021","CRFdh_CA","CRFdh_CA/Ro","A0"
"2182","Add_2021","CRFdh_CA","CRFdh_CA/Ro","B0"
"2183","USA_2019","CVGdm_CA","CVGdm_CA/110","E5"
"2184","USA_2019","CVGdm_CA","CVGdm_CA/110","D5"
"2185","USA_2019","CVGdm_CA","CVGdm_CA/110","C5"
"2186","USA_2019","CVGdm_CA","CVGdm_CA/110","B5"
"2187","USA_2019","CVGdm_CA","CVGdm_CA/111","E6"
"2188","USA_2019","CVGdm_CA","CVGdm_CA/111","D6"
"2189","USA_2019","CVGdm_CA","CVGdm_CA/111","C6"
"2190","USA_2019","CVGdm_CA","CVGdm_CA/111","B6"
"2191","USA_2019","CVGdm_CA","CVGdm_CA/Gg","D4"
"2192","USA_2019","CVGdm_CA","CVGdm_CA/Gg","D3"
"2193","USA_2019","CVGdm_CA","CVGdm_CA/Gg","D2"
"2194","USA_2019","CVGdm_CA","CVGdm_CA/Gg","D1"
"2195","USA_2019","CVGdm_CA","CVGdm_CA/Gg","C4"
"2196","USA_2019","CVGdm_CA","CVGdm_CA/Gg","C3"
"2197","USA_2019","CVGdm_CA","CVGdm_CA/Gg","C2"
"2198","USA_2019","CVGdm_CA","CVGdm_CA/Gg","C1"
"2199","USA_2019","CVGdm_CA","CVGdm_CA/Gg","B4"
"2200","USA_2019","CVGdm_CA","CVGdm_CA/Gg","B3"
"2201","USA_2019","CVGdm_CA","CVGdm_CA/Gg","B2"
"2202","USA_2019","CVGdm_CA","CVGdm_CA/Gg","B1"
"2203","USA_2019","CVGdm_CA","CVGdm_CA/Gg","A2"
"2204","USA_2019","CVGdm_CA","CVGdm_CA/Gg","A1"
"2205","Add_2021","CVGdm_CA","CVGdm_CA/Ro","A0"
"2206","Add_2021","CVGdm_CA","CVGdm_CA/Ro","B0"
"2207","USA_2023","CWFdm_OR","CWFdm_OR/101","D4"
"2208","USA_2023","CWFdm_OR","CWFdm_OR/101","D3"
"2209","USA_2023","CWFdm_OR","CWFdm_OR/101","C4"
"2210","USA_2023","CWFdm_OR","CWFdm_OR/101","C3"
"2211","USA_2023","CWFdm_OR","CWFdm_OR/101","B4"
"2212","USA_2023","CWFdm_OR","CWFdm_OR/101","B3"
"2213","USA_2023","CWFdm_OR","CWFdm_OR/102","D1"
"2214","USA_2023","CWFdm_OR","CWFdm_OR/102","C1"
"2215","USA_2023","CWFdm_OR","CWFdm_OR/102","B1"
"2216","USA_2023","CWFdm_OR","CWFdm_OR/102","A1"
"2217","USA_2023","CWFdm_OR","CWFdm_OR/103","D2"
"2218","USA_2023","CWFdm_OR","CWFdm_OR/103","C2"
"2219","USA_2023","CWFdm_OR","CWFdm_OR/103","B2"
"2220","USA_2023","CWFdm_OR","CWFdm_OR/103","A2"
"2221","USA_2023","CWFdm_OR","CWFdm_OR/110","C5"
"2222","USA_2023","CWFdm_OR","CWFdm_OR/110","B5"
"2223","USA_2023","CWFdm_OR","CWFdm_OR/111","C6"
"2224","USA_2023","CWFdm_OR","CWFdm_OR/111","B6"
"2225","USA_2023","CWFdm_OR","CWFdm_OR/112","E5"
"2226","USA_2023","CWFdm_OR","CWFdm_OR/112","D5"
"2227","USA_2023","CWFdm_OR","CWFdm_OR/113","E6"
"2228","USA_2023","CWFdm_OR","CWFdm_OR/113","D6"
"2229","USA_2023","CWFdm_OR","CWFdm_OR/Ro","A0"
"2230","USA_2023","CWFdm_OR","CWFdm_OR/Ro","B0"
"2231","USA_2019","CWFds_CA","CWFds_CA/101","D4"
"2232","USA_2019","CWFds_CA","CWFds_CA/101","D3"
"2233","USA_2019","CWFds_CA","CWFds_CA/101","C4"
"2234","USA_2019","CWFds_CA","CWFds_CA/101","C3"
"2235","USA_2019","CWFds_CA","CWFds_CA/101","B4"
"2236","USA_2019","CWFds_CA","CWFds_CA/101","B3"
"2237","USA_2019","CWFds_CA","CWFds_CA/102","D2"
"2238","USA_2019","CWFds_CA","CWFds_CA/102","D1"
"2239","USA_2019","CWFds_CA","CWFds_CA/102","C2"
"2240","USA_2019","CWFds_CA","CWFds_CA/102","C1"
"2241","USA_2019","CWFds_CA","CWFds_CA/102","B2"
"2242","USA_2019","CWFds_CA","CWFds_CA/102","B1"
"2243","USA_2019","CWFds_CA","CWFds_CA/102","A2"
"2244","USA_2019","CWFds_CA","CWFds_CA/102","A1"
"2245","USA_2019","CWFds_CA","CWFds_CA/110","E6"
"2246","USA_2019","CWFds_CA","CWFds_CA/110","E5"
"2247","USA_2019","CWFds_CA","CWFds_CA/110","D6"
"2248","USA_2019","CWFds_CA","CWFds_CA/110","D5"
"2249","USA_2019","CWFds_CA","CWFds_CA/110","C6"
"2250","USA_2019","CWFds_CA","CWFds_CA/110","C5"
"2251","USA_2019","CWFds_CA","CWFds_CA/110","B6"
"2252","USA_2019","CWFds_CA","CWFds_CA/110","B5"
"2253","Add_2021","CWFds_CA","CWFds_CA/Ro","A0"
"2254","Add_2021","CWFds_CA","CWFds_CA/Ro","B0"
"2255","USA_2019","CWFmm_OR","CWFmm_OR/101","D4"
"2256","USA_2019","CWFmm_OR","CWFmm_OR/101","D3"
"2257","USA_2019","CWFmm_OR","CWFmm_OR/101","C4"
"2258","USA_2019","CWFmm_OR","CWFmm_OR/101","C3"
"2259","USA_2019","CWFmm_OR","CWFmm_OR/101","B4"
"2260","USA_2019","CWFmm_OR","CWFmm_OR/101","B3"
"2261","USA_2019","CWFmm_OR","CWFmm_OR/102","D1"
"2262","USA_2019","CWFmm_OR","CWFmm_OR/102","C1"
"2263","USA_2019","CWFmm_OR","CWFmm_OR/102","B1"
"2264","USA_2019","CWFmm_OR","CWFmm_OR/102","A1"
"2265","USA_2019","CWFmm_OR","CWFmm_OR/103","D2"
"2266","USA_2019","CWFmm_OR","CWFmm_OR/103","C2"
"2267","USA_2019","CWFmm_OR","CWFmm_OR/103","B2"
"2268","USA_2019","CWFmm_OR","CWFmm_OR/103","A2"
"2269","USA_2019","CWFmm_OR","CWFmm_OR/110","C5"
"2270","USA_2019","CWFmm_OR","CWFmm_OR/110","B5"
"2271","USA_2019","CWFmm_OR","CWFmm_OR/111","C6"
"2272","USA_2019","CWFmm_OR","CWFmm_OR/111","B6"
"2273","USA_2019","CWFmm_OR","CWFmm_OR/112","E5"
"2274","USA_2019","CWFmm_OR","CWFmm_OR/112","D5"
"2275","USA_2019","CWFmm_OR","CWFmm_OR/113","E6"
"2276","USA_2019","CWFmm_OR","CWFmm_OR/113","D6"
"2277","Add_2021","CWFmm_OR","CWFmm_OR/Ro","A0"
"2278","Add_2021","CWFmm_OR","CWFmm_OR/Ro","B0"
"2279","USA_2019","CWFwm_OR","CWFwm_OR/101","D4"
"2280","USA_2019","CWFwm_OR","CWFwm_OR/101","D3"
"2281","USA_2019","CWFwm_OR","CWFwm_OR/101","C4"
"2282","USA_2019","CWFwm_OR","CWFwm_OR/101","C3"
"2283","USA_2019","CWFwm_OR","CWFwm_OR/101","B4"
"2284","USA_2019","CWFwm_OR","CWFwm_OR/101","B3"
"2285","USA_2019","CWFwm_OR","CWFwm_OR/102","D1"
"2286","USA_2019","CWFwm_OR","CWFwm_OR/102","C1"
"2287","USA_2019","CWFwm_OR","CWFwm_OR/102","B1"
"2288","USA_2019","CWFwm_OR","CWFwm_OR/102","A1"
"2289","USA_2019","CWFwm_OR","CWFwm_OR/103","D2"
"2290","USA_2019","CWFwm_OR","CWFwm_OR/103","C2"
"2291","USA_2019","CWFwm_OR","CWFwm_OR/103","B2"
"2292","USA_2019","CWFwm_OR","CWFwm_OR/103","A2"
"2293","USA_2019","CWFwm_OR","CWFwm_OR/110","E5"
"2294","USA_2019","CWFwm_OR","CWFwm_OR/110","D5"
"2295","USA_2019","CWFwm_OR","CWFwm_OR/110","C5"
"2296","USA_2019","CWFwm_OR","CWFwm_OR/110","B5"
"2297","USA_2019","CWFwm_OR","CWFwm_OR/111","C6"
"2298","USA_2019","CWFwm_OR","CWFwm_OR/111","B6"
"2299","USA_2019","CWFwm_OR","CWFwm_OR/113","E6"
"2300","USA_2019","CWFwm_OR","CWFwm_OR/113","D6"
"2301","Add_2021","CWFwm_OR","CWFwm_OR/Ro","A0"
"2302","Add_2021","CWFwm_OR","CWFwm_OR/Ro","B0"
"2303","USA_2023","CWHdm_OC","CWHdm_OC/101","D4"
"2304","USA_2023","CWHdm_OC","CWHdm_OC/101","D3"
"2305","USA_2023","CWHdm_OC","CWHdm_OC/101","C4"
"2306","USA_2023","CWHdm_OC","CWHdm_OC/101","C3"
"2307","USA_2023","CWHdm_OC","CWHdm_OC/101","B4"
"2308","USA_2023","CWHdm_OC","CWHdm_OC/101","B3"
"2309","USA_2023","CWHdm_OC","CWHdm_OC/102","D1"
"2310","USA_2023","CWHdm_OC","CWHdm_OC/102","C1"
"2311","USA_2023","CWHdm_OC","CWHdm_OC/102","B1"
"2312","USA_2023","CWHdm_OC","CWHdm_OC/102","A1"
"2313","USA_2023","CWHdm_OC","CWHdm_OC/103","D2"
"2314","USA_2023","CWHdm_OC","CWHdm_OC/103","C2"
"2315","USA_2023","CWHdm_OC","CWHdm_OC/103","B2"
"2316","USA_2023","CWHdm_OC","CWHdm_OC/103","A2"
"2317","USA_2023","CWHdm_OC","CWHdm_OC/110","C5"
"2318","USA_2023","CWHdm_OC","CWHdm_OC/110","B5"
"2319","USA_2023","CWHdm_OC","CWHdm_OC/111","C6"
"2320","USA_2023","CWHdm_OC","CWHdm_OC/111","B6"
"2321","USA_2023","CWHdm_OC","CWHdm_OC/112","E5"
"2322","USA_2023","CWHdm_OC","CWHdm_OC/112","D5"
"2323","USA_2023","CWHdm_OC","CWHdm_OC/113","E6"
"2324","USA_2023","CWHdm_OC","CWHdm_OC/113","D6"
"2325","USA_2023","CWHdm_OC","CWHdm_OC/Ro","A0"
"2326","USA_2023","CWHdm_OC","CWHdm_OC/Ro","B0"
"2327","USA_2019","CWHdm_OR","CWHdm_OR/101","D4"
"2328","USA_2019","CWHdm_OR","CWHdm_OR/101","D3"
"2329","USA_2019","CWHdm_OR","CWHdm_OR/101","C4"
"2330","USA_2019","CWHdm_OR","CWHdm_OR/101","C3"
"2331","USA_2019","CWHdm_OR","CWHdm_OR/101","B4"
"2332","USA_2019","CWHdm_OR","CWHdm_OR/101","B3"
"2333","USA_2019","CWHdm_OR","CWHdm_OR/102","D1"
"2334","USA_2019","CWHdm_OR","CWHdm_OR/102","C1"
"2335","USA_2019","CWHdm_OR","CWHdm_OR/102","B1"
"2336","USA_2019","CWHdm_OR","CWHdm_OR/102","A1"
"2337","USA_2019","CWHdm_OR","CWHdm_OR/103","D2"
"2338","USA_2019","CWHdm_OR","CWHdm_OR/103","C2"
"2339","USA_2019","CWHdm_OR","CWHdm_OR/103","B2"
"2340","USA_2019","CWHdm_OR","CWHdm_OR/103","A2"
"2341","USA_2019","CWHdm_OR","CWHdm_OR/110","C5"
"2342","USA_2019","CWHdm_OR","CWHdm_OR/110","B5"
"2343","USA_2019","CWHdm_OR","CWHdm_OR/111","C6"
"2344","USA_2019","CWHdm_OR","CWHdm_OR/111","B6"
"2345","USA_2019","CWHdm_OR","CWHdm_OR/112","E5"
"2346","USA_2019","CWHdm_OR","CWHdm_OR/112","D5"
"2347","USA_2019","CWHdm_OR","CWHdm_OR/113","E6"
"2348","USA_2019","CWHdm_OR","CWHdm_OR/113","D6"
"2349","Add_2021","CWHdm_OR","CWHdm_OR/Ro","A0"
"2350","Add_2021","CWHdm_OR","CWHdm_OR/Ro","B0"
"2351","USA_2019","CWHdm_WA","CWHdm_WA/101","D4"
"2352","USA_2019","CWHdm_WA","CWHdm_WA/101","D3"
"2353","USA_2019","CWHdm_WA","CWHdm_WA/101","C4"
"2354","USA_2019","CWHdm_WA","CWHdm_WA/101","C3"
"2355","USA_2019","CWHdm_WA","CWHdm_WA/101","B4"
"2356","USA_2019","CWHdm_WA","CWHdm_WA/101","B3"
"2357","USA_2019","CWHdm_WA","CWHdm_WA/102","D1"
"2358","USA_2019","CWHdm_WA","CWHdm_WA/102","C1"
"2359","USA_2019","CWHdm_WA","CWHdm_WA/102","B1"
"2360","USA_2019","CWHdm_WA","CWHdm_WA/102","A1"
"2361","USA_2019","CWHdm_WA","CWHdm_WA/103","D2"
"2362","USA_2019","CWHdm_WA","CWHdm_WA/103","C2"
"2363","USA_2019","CWHdm_WA","CWHdm_WA/103","B2"
"2364","USA_2019","CWHdm_WA","CWHdm_WA/103","A2"
"2365","USA_2019","CWHdm_WA","CWHdm_WA/110","C5"
"2366","USA_2019","CWHdm_WA","CWHdm_WA/110","B5"
"2367","USA_2019","CWHdm_WA","CWHdm_WA/111","C6"
"2368","USA_2019","CWHdm_WA","CWHdm_WA/111","B6"
"2369","USA_2019","CWHdm_WA","CWHdm_WA/112","E5"
"2370","USA_2019","CWHdm_WA","CWHdm_WA/112","D5"
"2371","USA_2019","CWHdm_WA","CWHdm_WA/113","E6"
"2372","USA_2019","CWHdm_WA","CWHdm_WA/113","D6"
"2373","Add_2021","CWHdm_WA","CWHdm_WA/Ro","A0"
"2374","Add_2021","CWHdm_WA","CWHdm_WA/Ro","B0"
"2375","USA_2023","CWHdm_WC","CWHdm_WC/101","D4"
"2376","USA_2023","CWHdm_WC","CWHdm_WC/101","D3"
"2377","USA_2023","CWHdm_WC","CWHdm_WC/101","C4"
"2378","USA_2023","CWHdm_WC","CWHdm_WC/101","C3"
"2379","USA_2023","CWHdm_WC","CWHdm_WC/101","B4"
"2380","USA_2023","CWHdm_WC","CWHdm_WC/101","B3"
"2381","USA_2023","CWHdm_WC","CWHdm_WC/102","D1"
"2382","USA_2023","CWHdm_WC","CWHdm_WC/102","C1"
"2383","USA_2023","CWHdm_WC","CWHdm_WC/102","B1"
"2384","USA_2023","CWHdm_WC","CWHdm_WC/102","A1"
"2385","USA_2023","CWHdm_WC","CWHdm_WC/103","D2"
"2386","USA_2023","CWHdm_WC","CWHdm_WC/103","C2"
"2387","USA_2023","CWHdm_WC","CWHdm_WC/103","B2"
"2388","USA_2023","CWHdm_WC","CWHdm_WC/103","A2"
"2389","USA_2023","CWHdm_WC","CWHdm_WC/110","C5"
"2390","USA_2023","CWHdm_WC","CWHdm_WC/110","B5"
"2391","USA_2023","CWHdm_WC","CWHdm_WC/111","C6"
"2392","USA_2023","CWHdm_WC","CWHdm_WC/111","B6"
"2393","USA_2023","CWHdm_WC","CWHdm_WC/112","E5"
"2394","USA_2023","CWHdm_WC","CWHdm_WC/112","D5"
"2395","USA_2023","CWHdm_WC","CWHdm_WC/113","E6"
"2396","USA_2023","CWHdm_WC","CWHdm_WC/113","D6"
"2397","USA_2023","CWHdm_WC","CWHdm_WC/Ro","A0"
"2398","USA_2023","CWHdm_WC","CWHdm_WC/Ro","B0"
"2399","BECv13","CWHdm1","CWHdm1/101","A3"
"2400","BECv13","CWHdm1","CWHdm1/101","B3"
"2401","BECv13","CWHdm1","CWHdm1/101","C3"
"2402","BECv13","CWHdm1","CWHdm1/101","C4"
"2403","BECv13","CWHdm1","CWHdm1/101","B4"
"2404","BECv13","CWHdm1","CWHdm1/101","A4"
"2405","BECv13","CWHdm1","CWHdm1/101a","A3"
"2406","BECv13","CWHdm1","CWHdm1/101a","A4"
"2407","BECv13","CWHdm1","CWHdm1/101a","B4"
"2408","BECv13","CWHdm1","CWHdm1/101a","B3"
"2409","BECv13","CWHdm1","CWHdm1/101a","C3"
"2410","BECv13","CWHdm1","CWHdm1/101a","C4"
"2411","BECv13","CWHdm1","CWHdm1/101b","A3"
"2412","BECv13","CWHdm1","CWHdm1/101b","B3"
"2413","BECv13","CWHdm1","CWHdm1/101b","C3"
"2414","BECv13","CWHdm1","CWHdm1/101b","C4"
"2415","BECv13","CWHdm1","CWHdm1/101b","B4"
"2416","BECv13","CWHdm1","CWHdm1/101b","A4"
"2417","BECv13","CWHdm1","CWHdm1/102","A0"
"2418","BECv13","CWHdm1","CWHdm1/102","B0"
"2419","BECv13","CWHdm1","CWHdm1/102","C0"
"2420","BECv13","CWHdm1","CWHdm1/102","C1"
"2421","BECv13","CWHdm1","CWHdm1/102","B1"
"2422","BECv13","CWHdm1","CWHdm1/102","A1"
"2423","BECv13","CWHdm1","CWHdm1/103","A1"
"2424","BECv13","CWHdm1","CWHdm1/103","B1"
"2425","BECv13","CWHdm1","CWHdm1/103","C1"
"2426","BECv13","CWHdm1","CWHdm1/103","C2"
"2427","BECv13","CWHdm1","CWHdm1/103","B2"
"2428","BECv13","CWHdm1","CWHdm1/103","A2"
"2429","BECv13","CWHdm1","CWHdm1/104","D1"
"2430","BECv13","CWHdm1","CWHdm1/104","E1"
"2431","BECv13","CWHdm1","CWHdm1/104","E2"
"2432","BECv13","CWHdm1","CWHdm1/104","D2"
"2433","BECv13","CWHdm1","CWHdm1/110","D3"
"2434","BECv13","CWHdm1","CWHdm1/110","E3"
"2435","BECv13","CWHdm1","CWHdm1/110","E4"
"2436","BECv13","CWHdm1","CWHdm1/110","D4"
"2437","BECv13","CWHdm1","CWHdm1/111","A5"
"2438","BECv13","CWHdm1","CWHdm1/111","A6"
"2439","BECv13","CWHdm1","CWHdm1/111","B5"
"2440","BECv13","CWHdm1","CWHdm1/111","C5"
"2441","BECv13","CWHdm1","CWHdm1/111","C6"
"2442","BECv13","CWHdm1","CWHdm1/111","B6"
"2443","BECv13","CWHdm1","CWHdm1/112","C5"
"2444","BECv13","CWHdm1","CWHdm1/112","D5"
"2445","BECv13","CWHdm1","CWHdm1/112","E5"
"2446","BECv13","CWHdm1","CWHdm1/112","E6"
"2447","BECv13","CWHdm1","CWHdm1/112","D6"
"2448","BECv13","CWHdm1","CWHdm1/112","C6"
"2449","BECv13","CWHdm1","CWHdm1/112a","C5"
"2450","BECv13","CWHdm1","CWHdm1/112a","D5"
"2451","BECv13","CWHdm1","CWHdm1/112a","E5"
"2452","BECv13","CWHdm1","CWHdm1/112a","E6"
"2453","BECv13","CWHdm1","CWHdm1/112a","D6"
"2454","BECv13","CWHdm1","CWHdm1/112a","C6"
"2455","BECv13","CWHdm1","CWHdm1/112b","C5"
"2456","BECv13","CWHdm1","CWHdm1/112b","D5"
"2457","BECv13","CWHdm1","CWHdm1/112b","E5"
"2458","BECv13","CWHdm1","CWHdm1/112b","E6"
"2459","BECv13","CWHdm1","CWHdm1/112b","D6"
"2460","BECv13","CWHdm1","CWHdm1/112b","C6"
"2461","BECv13","CWHdm1","CWHdm1/113","C5"
"2462","BECv13","CWHdm1","CWHdm1/113","D5"
"2463","BECv13","CWHdm1","CWHdm1/113","E5"
"2464","BECv13","CWHdm1","CWHdm1/113","E6"
"2465","BECv13","CWHdm1","CWHdm1/113","D6"
"2466","BECv13","CWHdm1","CWHdm1/113","C6"
"2467","BECv13","CWHdm1","CWHdm1/Fl51","E6"
"2468","BECv13","CWHdm1","CWHdm1/Fl51","E5"
"2469","BECv13","CWHdm1","CWHdm1/Fl51","D5"
"2470","BECv13","CWHdm1","CWHdm1/Fl51","C5"
"2471","BECv13","CWHdm1","CWHdm1/Fl51","C6"
"2472","BECv13","CWHdm1","CWHdm1/Fl51","D6"
"2473","BECv13","CWHdm1","CWHdm1/Fm51","E5"
"2474","BECv13","CWHdm1","CWHdm1/Fm51","D5"
"2475","BECv13","CWHdm1","CWHdm1/Fm51","C5"
"2476","BECv13","CWHdm1","CWHdm1/Fm51","C6"
"2477","BECv13","CWHdm1","CWHdm1/Fm51","D6"
"2478","BECv13","CWHdm1","CWHdm1/Fm51","E6"
"2479","BECv13","CWHdm1","CWHdm1/Fm52","E5"
"2480","BECv13","CWHdm1","CWHdm1/Fm52","D5"
"2481","BECv13","CWHdm1","CWHdm1/Fm52","C5"
"2482","BECv13","CWHdm1","CWHdm1/Fm52","C6"
"2483","BECv13","CWHdm1","CWHdm1/Fm52","D6"
"2484","BECv13","CWHdm1","CWHdm1/Fm52","E6"
"2485","BECv13","CWHdm1","CWHdm1/Ro","A0"
"2486","BECv13","CWHdm1","CWHdm1/Ro","B0"
"2487","BECv13","CWHdm1","CWHdm1/Ro","C0"
"2488","BECv13","CWHdm1","CWHdm1/Wb55","A7"
"2489","BECv13","CWHdm1","CWHdm1/Wb55","B7"
"2490","BECv13","CWHdm1","CWHdm1/Wsxx","E7"
"2491","BECv13","CWHdm1","CWHdm1/Wsxx","D7"
"2492","BECv13","CWHdm1","CWHdm1/Wsxx","C7"
"2493","BECv13","CWHdm1","CWHdm1/Wsxx","C6"
"2494","BECv13","CWHdm1","CWHdm1/Wsxx","D6"
"2495","BECv13","CWHdm1","CWHdm1/Wsxx","E6"
"2496","BECv13","CWHdm1","CWHdm1/Ws57","E7"
"2497","BECv13","CWHdm1","CWHdm1/Ws57","D7"
"2498","BECv13","CWHdm1","CWHdm1/Ws57","C7"
"2499","BECv13","CWHdm1","CWHdm1/Ws57","C6"
"2500","BECv13","CWHdm1","CWHdm1/Ws57","D6"
"2501","BECv13","CWHdm1","CWHdm1/Ws57","E6"
"2502","BECv13","CWHdm1","CWHdm1/Ws60","E7"
"2503","BECv13","CWHdm1","CWHdm1/Ws60","D7"
"2504","BECv13","CWHdm1","CWHdm1/Ws60","C7"
"2505","BECv13","CWHdm1","CWHdm1/Ws60","C6"
"2506","BECv13","CWHdm1","CWHdm1/Ws60","D6"
"2507","BECv13","CWHdm1","CWHdm1/Ws60","E6"
"2508","BECv13","CWHdm1","CWHdm1/Ws61","E7"
"2509","BECv13","CWHdm1","CWHdm1/Ws61","D7"
"2510","BECv13","CWHdm1","CWHdm1/Ws61","C7"
"2511","BECv13","CWHdm1","CWHdm1/Ws61","C6"
"2512","BECv13","CWHdm1","CWHdm1/Ws61","D6"
"2513","BECv13","CWHdm1","CWHdm1/Ws61","E6"
"2514","BECv13","CWHdm1","CWHdm1/Ws62","E7"
"2515","BECv13","CWHdm1","CWHdm1/Ws62","D7"
"2516","BECv13","CWHdm1","CWHdm1/Ws62","C7"
"2517","BECv13","CWHdm1","CWHdm1/Ws62","C6"
"2518","BECv13","CWHdm1","CWHdm1/Ws62","D6"
"2519","BECv13","CWHdm1","CWHdm1/Ws62","E6"
"2520","BECv13","CWHdm2","CWHdm2/101","A3"
"2521","BECv13","CWHdm2","CWHdm2/101","A4"
"2522","BECv13","CWHdm2","CWHdm2/101","B4"
"2523","BECv13","CWHdm2","CWHdm2/101","B3"
"2524","BECv13","CWHdm2","CWHdm2/101","C3"
"2525","BECv13","CWHdm2","CWHdm2/101","C4"
"2526","BECv13","CWHdm2","CWHdm2/102","A0"
"2527","BECv13","CWHdm2","CWHdm2/102","B0"
"2528","BECv13","CWHdm2","CWHdm2/102","C0"
"2529","BECv13","CWHdm2","CWHdm2/103","A1"
"2530","BECv13","CWHdm2","CWHdm2/103","B1"
"2531","BECv13","CWHdm2","CWHdm2/103","C1"
"2532","BECv13","CWHdm2","CWHdm2/104","A1"
"2533","BECv13","CWHdm2","CWHdm2/104","A2"
"2534","BECv13","CWHdm2","CWHdm2/104","B1"
"2535","BECv13","CWHdm2","CWHdm2/104","B2"
"2536","BECv13","CWHdm2","CWHdm2/104","C1"
"2537","BECv13","CWHdm2","CWHdm2/104","C2"
"2538","BECv13","CWHdm2","CWHdm2/105","D1"
"2539","BECv13","CWHdm2","CWHdm2/105","D2"
"2540","BECv13","CWHdm2","CWHdm2/105","E1"
"2541","BECv13","CWHdm2","CWHdm2/105","E2"
"2542","BECv13","CWHdm2","CWHdm2/110","D3"
"2543","BECv13","CWHdm2","CWHdm2/110","E3"
"2544","BECv13","CWHdm2","CWHdm2/110","E4"
"2545","BECv13","CWHdm2","CWHdm2/110","D4"
"2546","BECv13","CWHdm2","CWHdm2/111","A6"
"2547","BECv13","CWHdm2","CWHdm2/111","A5"
"2548","BECv13","CWHdm2","CWHdm2/111","B5"
"2549","BECv13","CWHdm2","CWHdm2/111","B6"
"2550","BECv13","CWHdm2","CWHdm2/111","C5"
"2551","BECv13","CWHdm2","CWHdm2/111","C6"
"2552","BECv13","CWHdm2","CWHdm2/112","E5"
"2553","BECv13","CWHdm2","CWHdm2/112","D5"
"2554","BECv13","CWHdm2","CWHdm2/112","D6"
"2555","BECv13","CWHdm2","CWHdm2/112","E6"
"2556","BECv13","CWHdm2","CWHdm2/112.1","E5"
"2557","BECv13","CWHdm2","CWHdm2/112.1","D5"
"2558","BECv13","CWHdm2","CWHdm2/112.1","D6"
"2559","BECv13","CWHdm2","CWHdm2/112.1","E6"
"2560","BECv13","CWHdm2","CWHdm2/112.2","D5"
"2561","BECv13","CWHdm2","CWHdm2/112.2","E5"
"2562","BECv13","CWHdm2","CWHdm2/112.2","E6"
"2563","BECv13","CWHdm2","CWHdm2/112.2","D6"
"2564","BECv13","CWHdm2","CWHdm2/113","E5"
"2565","BECv13","CWHdm2","CWHdm2/113","E6"
"2566","BECv13","CWHdm2","CWHdm2/113","D6"
"2567","BECv13","CWHdm2","CWHdm2/113","D5"
"2568","BECv13","CWHdm2","CWHdm2/Fl51","E5"
"2569","BECv13","CWHdm2","CWHdm2/Fl51","D5"
"2570","BECv13","CWHdm2","CWHdm2/Fl51","D6"
"2571","BECv13","CWHdm2","CWHdm2/Fl51","E6"
"2572","BECv13","CWHdm2","CWHdm2/Fm51","E5"
"2573","BECv13","CWHdm2","CWHdm2/Fm51","D5"
"2574","BECv13","CWHdm2","CWHdm2/Fm51","D6"
"2575","BECv13","CWHdm2","CWHdm2/Fm51","E6"
"2576","BECv13","CWHdm2","CWHdm2/Fm52","E5"
"2577","BECv13","CWHdm2","CWHdm2/Fm52","D5"
"2578","BECv13","CWHdm2","CWHdm2/Fm52","D6"
"2579","BECv13","CWHdm2","CWHdm2/Fm52","E6"
"2580","BECv13","CWHdm2","CWHdm2/Ro","A0"
"2581","BECv13","CWHdm2","CWHdm2/Ro","B0"
"2582","BECv13","CWHdm2","CWHdm2/Ro","C0"
"2583","BECv13","CWHdm2","CWHdm2/Wb55","A7"
"2584","BECv13","CWHdm2","CWHdm2/Wb55","B7"
"2585","BECv13","CWHdm2","CWHdm2/Ws","E7"
"2586","BECv13","CWHdm2","CWHdm2/Ws","C7"
"2587","BECv13","CWHdm2","CWHdm2/Ws","D7"
"2588","BECv13","CWHdm2","CWHdm2/Ws57","E7"
"2589","BECv13","CWHdm2","CWHdm2/Ws57","C7"
"2590","BECv13","CWHdm2","CWHdm2/Ws57","D7"
"2591","BECv13","CWHdm3","CWHdm3/101","A3"
"2592","BECv13","CWHdm3","CWHdm3/101","B3"
"2593","BECv13","CWHdm3","CWHdm3/101","C3"
"2594","BECv13","CWHdm3","CWHdm3/101","C4"
"2595","BECv13","CWHdm3","CWHdm3/101","B4"
"2596","BECv13","CWHdm3","CWHdm3/101","A4"
"2597","BECv13","CWHdm3","CWHdm3/102","A0"
"2598","BECv13","CWHdm3","CWHdm3/102","B0"
"2599","BECv13","CWHdm3","CWHdm3/102","C0"
"2600","BECv13","CWHdm3","CWHdm3/102","C1"
"2601","BECv13","CWHdm3","CWHdm3/102","B1"
"2602","BECv13","CWHdm3","CWHdm3/102","A1"
"2603","BECv13","CWHdm3","CWHdm3/103","A1"
"2604","BECv13","CWHdm3","CWHdm3/103","C1"
"2605","BECv13","CWHdm3","CWHdm3/103","B1"
"2606","BECv13","CWHdm3","CWHdm3/103","A2"
"2607","BECv13","CWHdm3","CWHdm3/103","C2"
"2608","BECv13","CWHdm3","CWHdm3/103","B2"
"2609","BECv13","CWHdm3","CWHdm3/104","D2"
"2610","BECv13","CWHdm3","CWHdm3/104","D1"
"2611","BECv13","CWHdm3","CWHdm3/104","E1"
"2612","BECv13","CWHdm3","CWHdm3/104","E2"
"2613","BECv13","CWHdm3","CWHdm3/110","D3"
"2614","BECv13","CWHdm3","CWHdm3/110","E3"
"2615","BECv13","CWHdm3","CWHdm3/110","E4"
"2616","BECv13","CWHdm3","CWHdm3/110","D4"
"2617","BECv13","CWHdm3","CWHdm3/111","A5"
"2618","BECv13","CWHdm3","CWHdm3/111","A6"
"2619","BECv13","CWHdm3","CWHdm3/111","B5"
"2620","BECv13","CWHdm3","CWHdm3/111","C5"
"2621","BECv13","CWHdm3","CWHdm3/111","C6"
"2622","BECv13","CWHdm3","CWHdm3/111","B6"
"2623","BECv13","CWHdm3","CWHdm3/112","E5"
"2624","BECv13","CWHdm3","CWHdm3/112","E6"
"2625","BECv13","CWHdm3","CWHdm3/112","D5"
"2626","BECv13","CWHdm3","CWHdm3/112","C5"
"2627","BECv13","CWHdm3","CWHdm3/112","C6"
"2628","BECv13","CWHdm3","CWHdm3/112","D6"
"2629","BECv13","CWHdm3","CWHdm3/113","E5"
"2630","BECv13","CWHdm3","CWHdm3/113","D5"
"2631","BECv13","CWHdm3","CWHdm3/113","C5"
"2632","BECv13","CWHdm3","CWHdm3/113","C6"
"2633","BECv13","CWHdm3","CWHdm3/113","D6"
"2634","BECv13","CWHdm3","CWHdm3/113","E6"
"2635","BECv13","CWHdm3","CWHdm3/Fl50","E6"
"2636","BECv13","CWHdm3","CWHdm3/Fl50","D6"
"2637","BECv13","CWHdm3","CWHdm3/Fl50","D5"
"2638","BECv13","CWHdm3","CWHdm3/Fl50","C5"
"2639","BECv13","CWHdm3","CWHdm3/Fl50","C6"
"2640","BECv13","CWHdm3","CWHdm3/Fl50","E5"
"2641","BECv13","CWHdm3","CWHdm3/Fl51","E6"
"2642","BECv13","CWHdm3","CWHdm3/Fl51","D6"
"2643","BECv13","CWHdm3","CWHdm3/Fl51","D5"
"2644","BECv13","CWHdm3","CWHdm3/Fl51","C5"
"2645","BECv13","CWHdm3","CWHdm3/Fl51","C6"
"2646","BECv13","CWHdm3","CWHdm3/Fl51","E5"
"2647","BECv13","CWHdm3","CWHdm3/Fm51","E5"
"2648","BECv13","CWHdm3","CWHdm3/Fm51","D5"
"2649","BECv13","CWHdm3","CWHdm3/Fm51","C5"
"2650","BECv13","CWHdm3","CWHdm3/Fm51","C6"
"2651","BECv13","CWHdm3","CWHdm3/Fm51","D6"
"2652","BECv13","CWHdm3","CWHdm3/Fm51","E6"
"2653","BECv13","CWHdm3","CWHdm3/Ro","A0"
"2654","BECv13","CWHdm3","CWHdm3/Ro","B0"
"2655","BECv13","CWHdm3","CWHdm3/Ro","C0"
"2656","BECv13","CWHdm3","CWHdm3/Wb55","A7"
"2657","BECv13","CWHdm3","CWHdm3/Wb55","B7"
"2658","BECv13","CWHdm3","CWHdm3/Ws56","C7"
"2659","BECv13","CWHdm3","CWHdm3/Ws56","E7"
"2660","BECv13","CWHdm3","CWHdm3/Ws56","D7"
"2661","USA_2019","CWHds_WA","CWHds_WA/101","D4"
"2662","USA_2019","CWHds_WA","CWHds_WA/101","D3"
"2663","USA_2019","CWHds_WA","CWHds_WA/101","C4"
"2664","USA_2019","CWHds_WA","CWHds_WA/101","C3"
"2665","USA_2019","CWHds_WA","CWHds_WA/101","B4"
"2666","USA_2019","CWHds_WA","CWHds_WA/101","B3"
"2667","USA_2019","CWHds_WA","CWHds_WA/102","D1"
"2668","USA_2019","CWHds_WA","CWHds_WA/102","C1"
"2669","USA_2019","CWHds_WA","CWHds_WA/102","B1"
"2670","USA_2019","CWHds_WA","CWHds_WA/102","A1"
"2671","USA_2019","CWHds_WA","CWHds_WA/103","D2"
"2672","USA_2019","CWHds_WA","CWHds_WA/103","C2"
"2673","USA_2019","CWHds_WA","CWHds_WA/103","B2"
"2674","USA_2019","CWHds_WA","CWHds_WA/103","A2"
"2675","USA_2019","CWHds_WA","CWHds_WA/110","C5"
"2676","USA_2019","CWHds_WA","CWHds_WA/110","B5"
"2677","USA_2019","CWHds_WA","CWHds_WA/111","C6"
"2678","USA_2019","CWHds_WA","CWHds_WA/111","B6"
"2679","USA_2019","CWHds_WA","CWHds_WA/112","E5"
"2680","USA_2019","CWHds_WA","CWHds_WA/112","D5"
"2681","USA_2019","CWHds_WA","CWHds_WA/113","E6"
"2682","USA_2019","CWHds_WA","CWHds_WA/113","D6"
"2683","Add_2021","CWHds_WA","CWHds_WA/Ro","A0"
"2684","Add_2021","CWHds_WA","CWHds_WA/Ro","B0"
"2685","BECv13","CWHds1","CWHds1/101","A1"
"2686","BECv13","CWHds1","CWHds1/101","A2"
"2687","BECv13","CWHds1","CWHds1/101","A3"
"2688","BECv13","CWHds1","CWHds1/101","A4"
"2689","BECv13","CWHds1","CWHds1/101","B1"
"2690","BECv13","CWHds1","CWHds1/101","B2"
"2691","BECv13","CWHds1","CWHds1/101","B3"
"2692","BECv13","CWHds1","CWHds1/101","B4"
"2693","BECv13","CWHds1","CWHds1/101","C1"
"2694","BECv13","CWHds1","CWHds1/101","C2"
"2695","BECv13","CWHds1","CWHds1/101","C3"
"2696","BECv13","CWHds1","CWHds1/101","C4"
"2697","BECv13","CWHds1","CWHds1/101a","A3"
"2698","BECv13","CWHds1","CWHds1/101a","A4"
"2699","BECv13","CWHds1","CWHds1/101a","B3"
"2700","BECv13","CWHds1","CWHds1/101a","B4"
"2701","BECv13","CWHds1","CWHds1/101a","C3"
"2702","BECv13","CWHds1","CWHds1/101a","C4"
"2703","BECv13","CWHds1","CWHds1/101b","A1"
"2704","BECv13","CWHds1","CWHds1/101b","A2"
"2705","BECv13","CWHds1","CWHds1/101b","B1"
"2706","BECv13","CWHds1","CWHds1/101b","B2"
"2707","BECv13","CWHds1","CWHds1/101b","C1"
"2708","BECv13","CWHds1","CWHds1/101b","C2"
"2709","BECv13","CWHds1","CWHds1/102","A0"
"2710","BECv13","CWHds1","CWHds1/102","A1"
"2711","BECv13","CWHds1","CWHds1/102","B0"
"2712","BECv13","CWHds1","CWHds1/102","B1"
"2713","BECv13","CWHds1","CWHds1/102","C0"
"2714","BECv13","CWHds1","CWHds1/102","C1"
"2715","BECv13","CWHds1","CWHds1/103","A1"
"2716","BECv13","CWHds1","CWHds1/103","A2"
"2717","BECv13","CWHds1","CWHds1/103","A3"
"2718","BECv13","CWHds1","CWHds1/103","A4"
"2719","BECv13","CWHds1","CWHds1/103","B1"
"2720","BECv13","CWHds1","CWHds1/103","B2"
"2721","BECv13","CWHds1","CWHds1/103","B3"
"2722","BECv13","CWHds1","CWHds1/103","B4"
"2723","BECv13","CWHds1","CWHds1/103","C1"
"2724","BECv13","CWHds1","CWHds1/103","C2"
"2725","BECv13","CWHds1","CWHds1/103","C3"
"2726","BECv13","CWHds1","CWHds1/103","C4"
"2727","BECv13","CWHds1","CWHds1/104","A1"
"2728","BECv13","CWHds1","CWHds1/104","A2"
"2729","BECv13","CWHds1","CWHds1/104","A3"
"2730","BECv13","CWHds1","CWHds1/104","A4"
"2731","BECv13","CWHds1","CWHds1/104","B1"
"2732","BECv13","CWHds1","CWHds1/104","B2"
"2733","BECv13","CWHds1","CWHds1/104","B3"
"2734","BECv13","CWHds1","CWHds1/104","B4"
"2735","BECv13","CWHds1","CWHds1/104","C1"
"2736","BECv13","CWHds1","CWHds1/104","C2"
"2737","BECv13","CWHds1","CWHds1/104","C3"
"2738","BECv13","CWHds1","CWHds1/104","C4"
"2739","BECv13","CWHds1","CWHds1/110","D3"
"2740","BECv13","CWHds1","CWHds1/110","D4"
"2741","BECv13","CWHds1","CWHds1/110","E3"
"2742","BECv13","CWHds1","CWHds1/110","E4"
"2743","BECv13","CWHds1","CWHds1/111","D5"
"2744","BECv13","CWHds1","CWHds1/111","D6"
"2745","BECv13","CWHds1","CWHds1/111","E5"
"2746","BECv13","CWHds1","CWHds1/111","E6"
"2747","BECv13","CWHds1","CWHds1/112","D5"
"2748","BECv13","CWHds1","CWHds1/112","D6"
"2749","BECv13","CWHds1","CWHds1/112","E5"
"2750","BECv13","CWHds1","CWHds1/112","E6"
"2751","BECv13","CWHds1","CWHds1/Fl51","D5"
"2752","BECv13","CWHds1","CWHds1/Fl51","D6"
"2753","BECv13","CWHds1","CWHds1/Fl51","E5"
"2754","BECv13","CWHds1","CWHds1/Fl51","E6"
"2755","BECv13","CWHds1","CWHds1/Fm51.1","D5"
"2756","BECv13","CWHds1","CWHds1/Fm51.1","D6"
"2757","BECv13","CWHds1","CWHds1/Fm51.1","E5"
"2758","BECv13","CWHds1","CWHds1/Fm51.1","E6"
"2759","BECv13","CWHds1","CWHds1/Ro","A0"
"2760","BECv13","CWHds1","CWHds1/Ro","B0"
"2761","BECv13","CWHds1","CWHds1/Ro","C0"
"2762","BECv13","CWHds1","CWHds1/Wb50.2","A7"
"2763","BECv13","CWHds1","CWHds1/Wb50.2","B7"
"2764","BECv13","CWHds1","CWHds1/Wm","C7"
"2765","BECv13","CWHds1","CWHds1/Wm","D7"
"2766","BECv13","CWHds1","CWHds1/Wm","E7"
"2767","BECv13","CWHds1","CWHds1/Ws56.2","C7"
"2768","BECv13","CWHds1","CWHds1/Ws56.2","D7"
"2769","BECv13","CWHds1","CWHds1/Ws56.2","E7"
"2770","BECv13","CWHds2","CWHds2/101","A3"
"2771","BECv13","CWHds2","CWHds2/101","A4"
"2772","BECv13","CWHds2","CWHds2/101","B4"
"2773","BECv13","CWHds2","CWHds2/101","C4"
"2774","BECv13","CWHds2","CWHds2/101","C3"
"2775","BECv13","CWHds2","CWHds2/101","B3"
"2776","BECv13","CWHds2","CWHds2/102","A0"
"2777","BECv13","CWHds2","CWHds2/102","B0"
"2778","BECv13","CWHds2","CWHds2/102","C0"
"2779","BECv13","CWHds2","CWHds2/102","C1"
"2780","BECv13","CWHds2","CWHds2/102","B1"
"2781","BECv13","CWHds2","CWHds2/102","A1"
"2782","BECv13","CWHds2","CWHds2/103","A2"
"2783","BECv13","CWHds2","CWHds2/103","B2"
"2784","BECv13","CWHds2","CWHds2/103","C2"
"2785","BECv13","CWHds2","CWHds2/104","A2"
"2786","BECv13","CWHds2","CWHds2/104","B2"
"2787","BECv13","CWHds2","CWHds2/104","C2"
"2788","BECv13","CWHds2","CWHds2/110","D3"
"2789","BECv13","CWHds2","CWHds2/110","E3"
"2790","BECv13","CWHds2","CWHds2/110","E4"
"2791","BECv13","CWHds2","CWHds2/110","D4"
"2792","BECv13","CWHds2","CWHds2/111","E5"
"2793","BECv13","CWHds2","CWHds2/111","E6"
"2794","BECv13","CWHds2","CWHds2/111","D6"
"2795","BECv13","CWHds2","CWHds2/111","D5"
"2796","BECv13","CWHds2","CWHds2/111","C5"
"2797","BECv13","CWHds2","CWHds2/111","C6"
"2798","BECv13","CWHds2","CWHds2/112","C6"
"2799","BECv13","CWHds2","CWHds2/112","C5"
"2800","BECv13","CWHds2","CWHds2/112","D5"
"2801","BECv13","CWHds2","CWHds2/112","D6"
"2802","BECv13","CWHds2","CWHds2/112","E6"
"2803","BECv13","CWHds2","CWHds2/112","E5"
"2804","BECv13","CWHds2","CWHds2/Fl","E6"
"2805","BECv13","CWHds2","CWHds2/Fl","D6"
"2806","BECv13","CWHds2","CWHds2/Fl","C6"
"2807","BECv13","CWHds2","CWHds2/Fl","C5"
"2808","BECv13","CWHds2","CWHds2/Fl","D5"
"2809","BECv13","CWHds2","CWHds2/Fl","E5"
"2810","BECv13","CWHds2","CWHds2/Fm","E5"
"2811","BECv13","CWHds2","CWHds2/Fm","D6"
"2812","BECv13","CWHds2","CWHds2/Fm","D5"
"2813","BECv13","CWHds2","CWHds2/Fm","C5"
"2814","BECv13","CWHds2","CWHds2/Fm","C6"
"2815","BECv13","CWHds2","CWHds2/Fm","E6"
"2816","BECv13","CWHds2","CWHds2/Ro","A0"
"2817","BECv13","CWHds2","CWHds2/Ro","B0"
"2818","BECv13","CWHds2","CWHds2/Ro","C0"
"2819","BECv13","CWHds2","CWHds2/Wb51","A7"
"2820","BECv13","CWHds2","CWHds2/Wb51","B7"
"2821","BECv13","CWHds2","CWHds2/Ws56","E7"
"2822","BECv13","CWHds2","CWHds2/Ws56","D7"
"2823","BECv13","CWHds2","CWHds2/Ws56","C7"
"2824","USA_2019","CWHmh_OR","CWHmh_OR/101","D4"
"2825","USA_2019","CWHmh_OR","CWHmh_OR/101","D3"
"2826","USA_2019","CWHmh_OR","CWHmh_OR/101","C4"
"2827","USA_2019","CWHmh_OR","CWHmh_OR/101","C3"
"2828","USA_2019","CWHmh_OR","CWHmh_OR/101","B4"
"2829","USA_2019","CWHmh_OR","CWHmh_OR/101","B3"
"2830","USA_2019","CWHmh_OR","CWHmh_OR/102","D1"
"2831","USA_2019","CWHmh_OR","CWHmh_OR/102","C1"
"2832","USA_2019","CWHmh_OR","CWHmh_OR/102","B1"
"2833","USA_2019","CWHmh_OR","CWHmh_OR/102","A1"
"2834","USA_2019","CWHmh_OR","CWHmh_OR/103","D2"
"2835","USA_2019","CWHmh_OR","CWHmh_OR/103","C2"
"2836","USA_2019","CWHmh_OR","CWHmh_OR/103","B2"
"2837","USA_2019","CWHmh_OR","CWHmh_OR/103","A2"
"2838","USA_2019","CWHmh_OR","CWHmh_OR/110","C5"
"2839","USA_2019","CWHmh_OR","CWHmh_OR/110","B5"
"2840","USA_2019","CWHmh_OR","CWHmh_OR/111","C6"
"2841","USA_2019","CWHmh_OR","CWHmh_OR/111","B6"
"2842","USA_2019","CWHmh_OR","CWHmh_OR/112","E5"
"2843","USA_2019","CWHmh_OR","CWHmh_OR/112","D5"
"2844","USA_2019","CWHmh_OR","CWHmh_OR/113","E6"
"2845","USA_2019","CWHmh_OR","CWHmh_OR/113","D6"
"2846","Add_2021","CWHmh_OR","CWHmh_OR/Ro","A0"
"2847","Add_2021","CWHmh_OR","CWHmh_OR/Ro","B0"
"2848","BECv13","CWHmm1","CWHmm1/101","A3"
"2849","BECv13","CWHmm1","CWHmm1/101","A4"
"2850","BECv13","CWHmm1","CWHmm1/101","B4"
"2851","BECv13","CWHmm1","CWHmm1/101","C3"
"2852","BECv13","CWHmm1","CWHmm1/101","B3"
"2853","BECv13","CWHmm1","CWHmm1/101","C4"
"2854","BECv13","CWHmm1","CWHmm1/101a","A3"
"2855","BECv13","CWHmm1","CWHmm1/101a","A4"
"2856","BECv13","CWHmm1","CWHmm1/101a","C4"
"2857","BECv13","CWHmm1","CWHmm1/101a","C3"
"2858","BECv13","CWHmm1","CWHmm1/101a","B3"
"2859","BECv13","CWHmm1","CWHmm1/101a","B4"
"2860","BECv13","CWHmm1","CWHmm1/101b","A4"
"2861","BECv13","CWHmm1","CWHmm1/101b","B4"
"2862","BECv13","CWHmm1","CWHmm1/101b","C4"
"2863","BECv13","CWHmm1","CWHmm1/101b","C3"
"2864","BECv13","CWHmm1","CWHmm1/101b","B3"
"2865","BECv13","CWHmm1","CWHmm1/101b","A3"
"2866","BECv13","CWHmm1","CWHmm1/102","A1"
"2867","BECv13","CWHmm1","CWHmm1/102","B1"
"2868","BECv13","CWHmm1","CWHmm1/102","C1"
"2869","BECv13","CWHmm1","CWHmm1/102","C0"
"2870","BECv13","CWHmm1","CWHmm1/102","B0"
"2871","BECv13","CWHmm1","CWHmm1/102","A0"
"2872","BECv13","CWHmm1","CWHmm1/103","A1"
"2873","BECv13","CWHmm1","CWHmm1/103","A2"
"2874","BECv13","CWHmm1","CWHmm1/103","B2"
"2875","BECv13","CWHmm1","CWHmm1/103","C2"
"2876","BECv13","CWHmm1","CWHmm1/103","C1"
"2877","BECv13","CWHmm1","CWHmm1/103","B1"
"2878","BECv13","CWHmm1","CWHmm1/104","D2"
"2879","BECv13","CWHmm1","CWHmm1/104","D3"
"2880","BECv13","CWHmm1","CWHmm1/104","E3"
"2881","BECv13","CWHmm1","CWHmm1/104","E2"
"2882","BECv13","CWHmm1","CWHmm1/110","D4"
"2883","BECv13","CWHmm1","CWHmm1/110","E4"
"2884","BECv13","CWHmm1","CWHmm1/110","E5"
"2885","BECv13","CWHmm1","CWHmm1/110","D5"
"2886","BECv13","CWHmm1","CWHmm1/111","A5"
"2887","BECv13","CWHmm1","CWHmm1/111","A6"
"2888","BECv13","CWHmm1","CWHmm1/111","B6"
"2889","BECv13","CWHmm1","CWHmm1/111","C6"
"2890","BECv13","CWHmm1","CWHmm1/111","C5"
"2891","BECv13","CWHmm1","CWHmm1/111","B5"
"2892","BECv13","CWHmm1","CWHmm1/112","D6"
"2893","BECv13","CWHmm1","CWHmm1/112","E6"
"2894","BECv13","CWHmm1","CWHmm1/112","E5"
"2895","BECv13","CWHmm1","CWHmm1/112","D5"
"2896","BECv13","CWHmm1","CWHmm1/113","D5"
"2897","BECv13","CWHmm1","CWHmm1/113","E5"
"2898","BECv13","CWHmm1","CWHmm1/113","E6"
"2899","BECv13","CWHmm1","CWHmm1/113","D6"
"2900","BECv13","CWHmm1","CWHmm1/Fl50","D5"
"2901","BECv13","CWHmm1","CWHmm1/Fl50","D6"
"2902","BECv13","CWHmm1","CWHmm1/Fl50","E6"
"2903","BECv13","CWHmm1","CWHmm1/Fl50","E5"
"2904","BECv13","CWHmm1","CWHmm1/Fm51","D5"
"2905","BECv13","CWHmm1","CWHmm1/Fm51","E5"
"2906","BECv13","CWHmm1","CWHmm1/Fm51","E6"
"2907","BECv13","CWHmm1","CWHmm1/Fm51","D6"
"2908","BECv13","CWHmm1","CWHmm1/Ro","A0"
"2909","BECv13","CWHmm1","CWHmm1/Ro","B0"
"2910","BECv13","CWHmm1","CWHmm1/Ro","C0"
"2911","BECv13","CWHmm1","CWHmm1/Wb51","A7"
"2912","BECv13","CWHmm1","CWHmm1/Wb51","B7"
"2913","BECv13","CWHmm1","CWHmm1/Ws54","C7"
"2914","BECv13","CWHmm1","CWHmm1/Ws54","D7"
"2915","BECv13","CWHmm1","CWHmm1/Ws54","E7"
"2916","BECv13","CWHmm1","CWHmm1/Ws56","C7"
"2917","BECv13","CWHmm1","CWHmm1/Ws56","D7"
"2918","BECv13","CWHmm1","CWHmm1/Ws56","E7"
"2919","BECv13","CWHmm1","CWHmm1/Ws##","C7"
"2920","BECv13","CWHmm1","CWHmm1/Ws##","D7"
"2921","BECv13","CWHmm1","CWHmm1/Ws##","E7"
"2922","BECv13","CWHmm2","CWHmm2/101","A3"
"2923","BECv13","CWHmm2","CWHmm2/101","C4"
"2924","BECv13","CWHmm2","CWHmm2/101","C3"
"2925","BECv13","CWHmm2","CWHmm2/101","B3"
"2926","BECv13","CWHmm2","CWHmm2/101","B4"
"2927","BECv13","CWHmm2","CWHmm2/101","A4"
"2928","BECv13","CWHmm2","CWHmm2/101a","A3"
"2929","BECv13","CWHmm2","CWHmm2/101a","B3"
"2930","BECv13","CWHmm2","CWHmm2/101a","C3"
"2931","BECv13","CWHmm2","CWHmm2/101a","C4"
"2932","BECv13","CWHmm2","CWHmm2/101a","B4"
"2933","BECv13","CWHmm2","CWHmm2/101a","A4"
"2934","BECv13","CWHmm2","CWHmm2/101b","A3"
"2935","BECv13","CWHmm2","CWHmm2/101b","B3"
"2936","BECv13","CWHmm2","CWHmm2/101b","C3"
"2937","BECv13","CWHmm2","CWHmm2/101b","C4"
"2938","BECv13","CWHmm2","CWHmm2/101b","B4"
"2939","BECv13","CWHmm2","CWHmm2/101b","A4"
"2940","BECv13","CWHmm2","CWHmm2/102","A1"
"2941","BECv13","CWHmm2","CWHmm2/102","B1"
"2942","BECv13","CWHmm2","CWHmm2/102","C1"
"2943","BECv13","CWHmm2","CWHmm2/102","C0"
"2944","BECv13","CWHmm2","CWHmm2/102","B0"
"2945","BECv13","CWHmm2","CWHmm2/102","A0"
"2946","BECv13","CWHmm2","CWHmm2/103","A1"
"2947","BECv13","CWHmm2","CWHmm2/103","B1"
"2948","BECv13","CWHmm2","CWHmm2/103","C1"
"2949","BECv13","CWHmm2","CWHmm2/103","C2"
"2950","BECv13","CWHmm2","CWHmm2/103","B2"
"2951","BECv13","CWHmm2","CWHmm2/103","A2"
"2952","BECv13","CWHmm2","CWHmm2/110","D3"
"2953","BECv13","CWHmm2","CWHmm2/110","E3"
"2954","BECv13","CWHmm2","CWHmm2/110","E4"
"2955","BECv13","CWHmm2","CWHmm2/110","D4"
"2956","BECv13","CWHmm2","CWHmm2/111","A5"
"2957","BECv13","CWHmm2","CWHmm2/111","A6"
"2958","BECv13","CWHmm2","CWHmm2/111","B6"
"2959","BECv13","CWHmm2","CWHmm2/111","B5"
"2960","BECv13","CWHmm2","CWHmm2/111","C5"
"2961","BECv13","CWHmm2","CWHmm2/111","C6"
"2962","BECv13","CWHmm2","CWHmm2/112","C5"
"2963","BECv13","CWHmm2","CWHmm2/112","C6"
"2964","BECv13","CWHmm2","CWHmm2/112","D5"
"2965","BECv13","CWHmm2","CWHmm2/112","D6"
"2966","BECv13","CWHmm2","CWHmm2/112","E5"
"2967","BECv13","CWHmm2","CWHmm2/113","E6"
"2968","BECv13","CWHmm2","CWHmm2/113","E5"
"2969","BECv13","CWHmm2","CWHmm2/113","D5"
"2970","BECv13","CWHmm2","CWHmm2/113","D6"
"2971","BECv13","CWHmm2","CWHmm2/Ro","A0"
"2972","BECv13","CWHmm2","CWHmm2/Ro","B0"
"2973","BECv13","CWHmm2","CWHmm2/Ro","C0"
"2974","BECv13","CWHmm2","CWHmm2/Wb51","A7"
"2975","BECv13","CWHmm2","CWHmm2/Wb51","B7"
"2976","BECv13","CWHmm2","CWHmm2/Ws55","C7"
"2977","BECv13","CWHmm2","CWHmm2/Ws55","D7"
"2978","BECv13","CWHmm2","CWHmm2/Ws55","E7"
"2979","USA_2019","CWHms_OR","CWHms_OR/101","D4"
"2980","USA_2019","CWHms_OR","CWHms_OR/101","D3"
"2981","USA_2019","CWHms_OR","CWHms_OR/101","C4"
"2982","USA_2019","CWHms_OR","CWHms_OR/101","C3"
"2983","USA_2019","CWHms_OR","CWHms_OR/101","B4"
"2984","USA_2019","CWHms_OR","CWHms_OR/101","B3"
"2985","USA_2019","CWHms_OR","CWHms_OR/102","D1"
"2986","USA_2019","CWHms_OR","CWHms_OR/102","C1"
"2987","USA_2019","CWHms_OR","CWHms_OR/102","B1"
"2988","USA_2019","CWHms_OR","CWHms_OR/102","A1"
"2989","USA_2019","CWHms_OR","CWHms_OR/103","D2"
"2990","USA_2019","CWHms_OR","CWHms_OR/103","C2"
"2991","USA_2019","CWHms_OR","CWHms_OR/103","B2"
"2992","USA_2019","CWHms_OR","CWHms_OR/103","A2"
"2993","USA_2019","CWHms_OR","CWHms_OR/110","C5"
"2994","USA_2019","CWHms_OR","CWHms_OR/110","B5"
"2995","USA_2019","CWHms_OR","CWHms_OR/111","C6"
"2996","USA_2019","CWHms_OR","CWHms_OR/111","B6"
"2997","USA_2019","CWHms_OR","CWHms_OR/112","E5"
"2998","USA_2019","CWHms_OR","CWHms_OR/112","D5"
"2999","USA_2019","CWHms_OR","CWHms_OR/113","E6"
"3000","USA_2019","CWHms_OR","CWHms_OR/113","D6"
"3001","Add_2021","CWHms_OR","CWHms_OR/Ro","A0"
"3002","Add_2021","CWHms_OR","CWHms_OR/Ro","B0"
"3003","USA_2019","CWHms_WA","CWHms_WA/101","D4"
"3004","USA_2019","CWHms_WA","CWHms_WA/101","D3"
"3005","USA_2019","CWHms_WA","CWHms_WA/101","C4"
"3006","USA_2019","CWHms_WA","CWHms_WA/101","C3"
"3007","USA_2019","CWHms_WA","CWHms_WA/101","B4"
"3008","USA_2019","CWHms_WA","CWHms_WA/101","B3"
"3009","USA_2019","CWHms_WA","CWHms_WA/102","D1"
"3010","USA_2019","CWHms_WA","CWHms_WA/102","C1"
"3011","USA_2019","CWHms_WA","CWHms_WA/102","B1"
"3012","USA_2019","CWHms_WA","CWHms_WA/102","A1"
"3013","USA_2019","CWHms_WA","CWHms_WA/103","D2"
"3014","USA_2019","CWHms_WA","CWHms_WA/103","C2"
"3015","USA_2019","CWHms_WA","CWHms_WA/103","B2"
"3016","USA_2019","CWHms_WA","CWHms_WA/103","A2"
"3017","USA_2019","CWHms_WA","CWHms_WA/110","C5"
"3018","USA_2019","CWHms_WA","CWHms_WA/110","B5"
"3019","USA_2019","CWHms_WA","CWHms_WA/111","C6"
"3020","USA_2019","CWHms_WA","CWHms_WA/111","B6"
"3021","USA_2019","CWHms_WA","CWHms_WA/112","E5"
"3022","USA_2019","CWHms_WA","CWHms_WA/112","D5"
"3023","USA_2019","CWHms_WA","CWHms_WA/113","E6"
"3024","USA_2019","CWHms_WA","CWHms_WA/113","D6"
"3025","Add_2021","CWHms_WA","CWHms_WA/Ro","A0"
"3026","Add_2021","CWHms_WA","CWHms_WA/Ro","B0"
"3027","BECv13","CWHms3","CWHms3/101","A3"
"3028","BECv13","CWHms3","CWHms3/101","A4"
"3029","BECv13","CWHms3","CWHms3/101","B4"
"3030","BECv13","CWHms3","CWHms3/101","B3"
"3031","BECv13","CWHms3","CWHms3/101","C3"
"3032","BECv13","CWHms3","CWHms3/101","C4"
"3033","BECv13","CWHms3","CWHms3/102","A0"
"3034","BECv13","CWHms3","CWHms3/102","A1"
"3035","BECv13","CWHms3","CWHms3/102","B1"
"3036","BECv13","CWHms3","CWHms3/102","B0"
"3037","BECv13","CWHms3","CWHms3/102","C0"
"3038","BECv13","CWHms3","CWHms3/102","C1"
"3039","BECv13","CWHms3","CWHms3/103","A1"
"3040","BECv13","CWHms3","CWHms3/103","B1"
"3041","BECv13","CWHms3","CWHms3/103","B2"
"3042","BECv13","CWHms3","CWHms3/103","C2"
"3043","BECv13","CWHms3","CWHms3/103","C1"
"3044","BECv13","CWHms3","CWHms3/103","A2"
"3045","BECv13","CWHms3","CWHms3/104","A3"
"3046","BECv13","CWHms3","CWHms3/104","A4"
"3047","BECv13","CWHms3","CWHms3/104","B4"
"3048","BECv13","CWHms3","CWHms3/104","B3"
"3049","BECv13","CWHms3","CWHms3/104","C3"
"3050","BECv13","CWHms3","CWHms3/104","C4"
"3051","BECv13","CWHms3","CWHms3/110","D3"
"3052","BECv13","CWHms3","CWHms3/110","D4"
"3053","BECv13","CWHms3","CWHms3/110","E4"
"3054","BECv13","CWHms3","CWHms3/110","E3"
"3055","BECv13","CWHms3","CWHms3/111","A5"
"3056","BECv13","CWHms3","CWHms3/111","B5"
"3057","BECv13","CWHms3","CWHms3/111","C5"
"3058","BECv13","CWHms3","CWHms3/111","C6"
"3059","BECv13","CWHms3","CWHms3/111","B6"
"3060","BECv13","CWHms3","CWHms3/111","A6"
"3061","BECv13","CWHms3","CWHms3/112","D5"
"3062","BECv13","CWHms3","CWHms3/112","E5"
"3063","BECv13","CWHms3","CWHms3/112","D6"
"3064","BECv13","CWHms3","CWHms3/112","E6"
"3065","BECv13","CWHms3","CWHms3/113","D5"
"3066","BECv13","CWHms3","CWHms3/113","E5"
"3067","BECv13","CWHms3","CWHms3/113","E6"
"3068","BECv13","CWHms3","CWHms3/113","D6"
"3069","BECv13","CWHms3","CWHms3/Fl51","D6"
"3070","BECv13","CWHms3","CWHms3/Fl51","D5"
"3071","BECv13","CWHms3","CWHms3/Fl51","E6"
"3072","BECv13","CWHms3","CWHms3/Fl51","E5"
"3073","BECv13","CWHms3","CWHms3/Fm51.1","D5"
"3074","BECv13","CWHms3","CWHms3/Fm51.1","D6"
"3075","BECv13","CWHms3","CWHms3/Fm51.1","E6"
"3076","BECv13","CWHms3","CWHms3/Fm51.1","E5"
"3077","BECv13","CWHms3","CWHms3/Wb50.2","A7"
"3078","BECv13","CWHms3","CWHms3/Wb50.2","B7"
"3079","BECv13","CWHms3","CWHms3/Wf","C7"
"3080","BECv13","CWHms3","CWHms3/Wf","D7"
"3081","BECv13","CWHms3","CWHms3/Wf","E7"
"3082","BECv13","CWHms3","CWHms3/Wm","C7"
"3083","BECv13","CWHms3","CWHms3/Wm","D7"
"3084","BECv13","CWHms3","CWHms3/Wm","E7"
"3085","BECv13","CWHms3","CWHms3/Ws56.1","C7"
"3086","BECv13","CWHms3","CWHms3/Ws56.1","D7"
"3087","BECv13","CWHms3","CWHms3/Ws56.1","E7"
"3088","BECv13","CWHms4","CWHms4/101","A3"
"3089","BECv13","CWHms4","CWHms4/101","A4"
"3090","BECv13","CWHms4","CWHms4/101","B4"
"3091","BECv13","CWHms4","CWHms4/101","B3"
"3092","BECv13","CWHms4","CWHms4/101","C3"
"3093","BECv13","CWHms4","CWHms4/101","C4"
"3094","BECv13","CWHms4","CWHms4/102","A0"
"3095","BECv13","CWHms4","CWHms4/102","A1"
"3096","BECv13","CWHms4","CWHms4/102","B1"
"3097","BECv13","CWHms4","CWHms4/102","B0"
"3098","BECv13","CWHms4","CWHms4/102","C0"
"3099","BECv13","CWHms4","CWHms4/102","C1"
"3100","BECv13","CWHms4","CWHms4/103","A1"
"3101","BECv13","CWHms4","CWHms4/103","A2"
"3102","BECv13","CWHms4","CWHms4/103","B2"
"3103","BECv13","CWHms4","CWHms4/103","B1"
"3104","BECv13","CWHms4","CWHms4/103","C1"
"3105","BECv13","CWHms4","CWHms4/103","C2"
"3106","BECv13","CWHms4","CWHms4/104","A1"
"3107","BECv13","CWHms4","CWHms4/104","A2"
"3108","BECv13","CWHms4","CWHms4/104","B2"
"3109","BECv13","CWHms4","CWHms4/104","B1"
"3110","BECv13","CWHms4","CWHms4/104","C1"
"3111","BECv13","CWHms4","CWHms4/104","C2"
"3112","BECv13","CWHms4","CWHms4/105","A4"
"3113","BECv13","CWHms4","CWHms4/105","A3"
"3114","BECv13","CWHms4","CWHms4/105","B3"
"3115","BECv13","CWHms4","CWHms4/105","C3"
"3116","BECv13","CWHms4","CWHms4/105","C4"
"3117","BECv13","CWHms4","CWHms4/105","B4"
"3118","BECv13","CWHms4","CWHms4/110","D3"
"3119","BECv13","CWHms4","CWHms4/110","D4"
"3120","BECv13","CWHms4","CWHms4/110","E4"
"3121","BECv13","CWHms4","CWHms4/110","E3"
"3122","BECv13","CWHms4","CWHms4/111","A5"
"3123","BECv13","CWHms4","CWHms4/111","A6"
"3124","BECv13","CWHms4","CWHms4/111","B6"
"3125","BECv13","CWHms4","CWHms4/111","C5"
"3126","BECv13","CWHms4","CWHms4/111","C6"
"3127","BECv13","CWHms4","CWHms4/111","B5"
"3128","BECv13","CWHms4","CWHms4/112","D5"
"3129","BECv13","CWHms4","CWHms4/112","D6"
"3130","BECv13","CWHms4","CWHms4/112","E6"
"3131","BECv13","CWHms4","CWHms4/112","E5"
"3132","BECv13","CWHms4","CWHms4/Wb50.2","A7"
"3133","BECv13","CWHms4","CWHms4/Wb50.2","B7"
"3134","BECv13","CWHms4","CWHms4/Ws56.1","C7"
"3135","BECv13","CWHms4","CWHms4/Ws56.1","D7"
"3136","BECv13","CWHms4","CWHms4/Ws56.1","E7"
"3137","BECv13","CWHms5","CWHms5/101","A3"
"3138","BECv13","CWHms5","CWHms5/101","A4"
"3139","BECv13","CWHms5","CWHms5/101","B4"
"3140","BECv13","CWHms5","CWHms5/101","B3"
"3141","BECv13","CWHms5","CWHms5/101","C3"
"3142","BECv13","CWHms5","CWHms5/101","C4"
"3143","BECv13","CWHms5","CWHms5/101.1","A3"
"3144","BECv13","CWHms5","CWHms5/101.1","A4"
"3145","BECv13","CWHms5","CWHms5/101.1","B4"
"3146","BECv13","CWHms5","CWHms5/101.1","B3"
"3147","BECv13","CWHms5","CWHms5/101.1","C3"
"3148","BECv13","CWHms5","CWHms5/101.1","C4"
"3149","BECv13","CWHms5","CWHms5/101.2","A3"
"3150","BECv13","CWHms5","CWHms5/101.2","B3"
"3151","BECv13","CWHms5","CWHms5/101.2","C3"
"3152","BECv13","CWHms5","CWHms5/101.2","C4"
"3153","BECv13","CWHms5","CWHms5/101.2","B4"
"3154","BECv13","CWHms5","CWHms5/101.2","A4"
"3155","BECv13","CWHms5","CWHms5/102","A0"
"3156","BECv13","CWHms5","CWHms5/102","B0"
"3157","BECv13","CWHms5","CWHms5/102","C0"
"3158","BECv13","CWHms5","CWHms5/102","A1"
"3159","BECv13","CWHms5","CWHms5/102","B1"
"3160","BECv13","CWHms5","CWHms5/102","C1"
"3161","BECv13","CWHms5","CWHms5/103","A1"
"3162","BECv13","CWHms5","CWHms5/103","A2"
"3163","BECv13","CWHms5","CWHms5/103","B2"
"3164","BECv13","CWHms5","CWHms5/103","B1"
"3165","BECv13","CWHms5","CWHms5/103","C1"
"3166","BECv13","CWHms5","CWHms5/103","C2"
"3167","BECv13","CWHms5","CWHms5/103.1","A1"
"3168","BECv13","CWHms5","CWHms5/103.1","A2"
"3169","BECv13","CWHms5","CWHms5/103.1","B2"
"3170","BECv13","CWHms5","CWHms5/103.1","B1"
"3171","BECv13","CWHms5","CWHms5/103.1","C2"
"3172","BECv13","CWHms5","CWHms5/103.1","C1"
"3173","BECv13","CWHms5","CWHms5/103.2","A1"
"3174","BECv13","CWHms5","CWHms5/103.2","A2"
"3175","BECv13","CWHms5","CWHms5/103.2","B2"
"3176","BECv13","CWHms5","CWHms5/103.2","B1"
"3177","BECv13","CWHms5","CWHms5/103.2","C1"
"3178","BECv13","CWHms5","CWHms5/103.2","C2"
"3179","BECv13","CWHms5","CWHms5/110","D3"
"3180","BECv13","CWHms5","CWHms5/110","D4"
"3181","BECv13","CWHms5","CWHms5/110","E3"
"3182","BECv13","CWHms5","CWHms5/110","E4"
"3183","BECv13","CWHms5","CWHms5/111","A5"
"3184","BECv13","CWHms5","CWHms5/111","A6"
"3185","BECv13","CWHms5","CWHms5/111","B6"
"3186","BECv13","CWHms5","CWHms5/111","C6"
"3187","BECv13","CWHms5","CWHms5/111","C5"
"3188","BECv13","CWHms5","CWHms5/111","B5"
"3189","BECv13","CWHms5","CWHms5/112","D5"
"3190","BECv13","CWHms5","CWHms5/112","E5"
"3191","BECv13","CWHms5","CWHms5/112","E6"
"3192","BECv13","CWHms5","CWHms5/112","D6"
"3193","BECv13","CWHms5","CWHms5/113","D5"
"3194","BECv13","CWHms5","CWHms5/113","D6"
"3195","BECv13","CWHms5","CWHms5/113","E6"
"3196","BECv13","CWHms5","CWHms5/113","E5"
"3197","BECv13","CWHms5","CWHms5/Fl51","D5"
"3198","BECv13","CWHms5","CWHms5/Fl51","D6"
"3199","BECv13","CWHms5","CWHms5/Fl51","E6"
"3200","BECv13","CWHms5","CWHms5/Fl51","E5"
"3201","BECv13","CWHms5","CWHms5/Fm51.1","D5"
"3202","BECv13","CWHms5","CWHms5/Fm51.1","D6"
"3203","BECv13","CWHms5","CWHms5/Fm51.1","E6"
"3204","BECv13","CWHms5","CWHms5/Fm51.1","E5"
"3205","BECv13","CWHms5","CWHms5/Wb50.2","A7"
"3206","BECv13","CWHms5","CWHms5/Wb50.2","B7"
"3207","BECv13","CWHms5","CWHms5/Wm","C7"
"3208","BECv13","CWHms5","CWHms5/Wm","D7"
"3209","BECv13","CWHms5","CWHms5/Wm","E7"
"3210","BECv13","CWHms5","CWHms5/Ws56.1","C7"
"3211","BECv13","CWHms5","CWHms5/Ws56.1","D7"
"3212","BECv13","CWHms5","CWHms5/Ws56.1","E7"
"3213","USA_2019","CWHvh_WA","CWHvh_WA/101","D4"
"3214","USA_2019","CWHvh_WA","CWHvh_WA/101","D3"
"3215","USA_2019","CWHvh_WA","CWHvh_WA/101","C4"
"3216","USA_2019","CWHvh_WA","CWHvh_WA/101","C3"
"3217","USA_2019","CWHvh_WA","CWHvh_WA/101","B4"
"3218","USA_2019","CWHvh_WA","CWHvh_WA/101","B3"
"3219","USA_2019","CWHvh_WA","CWHvh_WA/102","D1"
"3220","USA_2019","CWHvh_WA","CWHvh_WA/102","C1"
"3221","USA_2019","CWHvh_WA","CWHvh_WA/102","B1"
"3222","USA_2019","CWHvh_WA","CWHvh_WA/102","A1"
"3223","USA_2019","CWHvh_WA","CWHvh_WA/103","D2"
"3224","USA_2019","CWHvh_WA","CWHvh_WA/103","C2"
"3225","USA_2019","CWHvh_WA","CWHvh_WA/103","B2"
"3226","USA_2019","CWHvh_WA","CWHvh_WA/103","A2"
"3227","USA_2019","CWHvh_WA","CWHvh_WA/110","C5"
"3228","USA_2019","CWHvh_WA","CWHvh_WA/110","B5"
"3229","USA_2019","CWHvh_WA","CWHvh_WA/111","C6"
"3230","USA_2019","CWHvh_WA","CWHvh_WA/111","B6"
"3231","USA_2019","CWHvh_WA","CWHvh_WA/112","E5"
"3232","USA_2019","CWHvh_WA","CWHvh_WA/112","D5"
"3233","USA_2019","CWHvh_WA","CWHvh_WA/113","E6"
"3234","USA_2019","CWHvh_WA","CWHvh_WA/113","D6"
"3235","Add_2021","CWHvh_WA","CWHvh_WA/Ro","A0"
"3236","Add_2021","CWHvh_WA","CWHvh_WA/Ro","B0"
"3237","BECv13","CWHvh1","CWHvh1/101","A4"
"3238","BECv13","CWHvh1","CWHvh1/101","B4"
"3239","BECv13","CWHvh1","CWHvh1/101","C4"
"3240","BECv13","CWHvh1","CWHvh1/101","A5"
"3241","BECv13","CWHvh1","CWHvh1/101","B5"
"3242","BECv13","CWHvh1","CWHvh1/101","C5"
"3243","BECv13","CWHvh1","CWHvh1/101","B3"
"3244","BECv13","CWHvh1","CWHvh1/102","A0"
"3245","BECv13","CWHvh1","CWHvh1/102","B0"
"3246","BECv13","CWHvh1","CWHvh1/102","C0"
"3247","BECv13","CWHvh1","CWHvh1/102","C1"
"3248","BECv13","CWHvh1","CWHvh1/102","B1"
"3249","BECv13","CWHvh1","CWHvh1/102","A1"
"3250","BECv13","CWHvh1","CWHvh1/103","A1"
"3251","BECv13","CWHvh1","CWHvh1/103","A2"
"3252","BECv13","CWHvh1","CWHvh1/103","A3"
"3253","BECv13","CWHvh1","CWHvh1/103","B1"
"3254","BECv13","CWHvh1","CWHvh1/103","B2"
"3255","BECv13","CWHvh1","CWHvh1/103","B3"
"3256","BECv13","CWHvh1","CWHvh1/104","C2"
"3257","BECv13","CWHvh1","CWHvh1/104","C3"
"3258","BECv13","CWHvh1","CWHvh1/105","D2"
"3259","BECv13","CWHvh1","CWHvh1/105","D3"
"3260","BECv13","CWHvh1","CWHvh1/105","E3"
"3261","BECv13","CWHvh1","CWHvh1/105","E2"
"3262","BECv13","CWHvh1","CWHvh1/110","D4"
"3263","BECv13","CWHvh1","CWHvh1/110","D5"
"3264","BECv13","CWHvh1","CWHvh1/110","E5"
"3265","BECv13","CWHvh1","CWHvh1/110","E4"
"3266","BECv13","CWHvh1","CWHvh1/111","D4"
"3267","BECv13","CWHvh1","CWHvh1/111","D5"
"3268","BECv13","CWHvh1","CWHvh1/111","E5"
"3269","BECv13","CWHvh1","CWHvh1/111","E4"
"3270","BECv13","CWHvh1","CWHvh1/112","A5"
"3271","BECv13","CWHvh1","CWHvh1/112","A6"
"3272","BECv13","CWHvh1","CWHvh1/112","B6"
"3273","BECv13","CWHvh1","CWHvh1/112","B5"
"3274","BECv13","CWHvh1","CWHvh1/112","C5"
"3275","BECv13","CWHvh1","CWHvh1/112","C6"
"3276","BECv13","CWHvh1","CWHvh1/120","B0"
"3277","BECv13","CWHvh1","CWHvh1/120","B1"
"3278","BECv13","CWHvh1","CWHvh1/120","B2"
"3279","BECv13","CWHvh1","CWHvh1/120","B3"
"3280","BECv13","CWHvh1","CWHvh1/120","C3"
"3281","BECv13","CWHvh1","CWHvh1/120","C2"
"3282","BECv13","CWHvh1","CWHvh1/120","C1"
"3283","BECv13","CWHvh1","CWHvh1/120","C0"
"3284","BECv13","CWHvh1","CWHvh1/120.1","B0"
"3285","BECv13","CWHvh1","CWHvh1/120.1","C0"
"3286","BECv13","CWHvh1","CWHvh1/120.1","C1"
"3287","BECv13","CWHvh1","CWHvh1/120.1","B1"
"3288","BECv13","CWHvh1","CWHvh1/120.1","B2"
"3289","BECv13","CWHvh1","CWHvh1/120.1","C2"
"3290","BECv13","CWHvh1","CWHvh1/120.1","B3"
"3291","BECv13","CWHvh1","CWHvh1/120.1","C3"
"3292","BECv13","CWHvh1","CWHvh1/120.2","B3"
"3293","BECv13","CWHvh1","CWHvh1/120.2","C3"
"3294","BECv13","CWHvh1","CWHvh1/120.2","C2"
"3295","BECv13","CWHvh1","CWHvh1/120.2","B2"
"3296","BECv13","CWHvh1","CWHvh1/120.2","B1"
"3297","BECv13","CWHvh1","CWHvh1/120.2","C1"
"3298","BECv13","CWHvh1","CWHvh1/120.2","B0"
"3299","BECv13","CWHvh1","CWHvh1/120.2","C0"
"3300","BECv13","CWHvh1","CWHvh1/121","B4"
"3301","BECv13","CWHvh1","CWHvh1/121","B5"
"3302","BECv13","CWHvh1","CWHvh1/121","C5"
"3303","BECv13","CWHvh1","CWHvh1/121","C4"
"3304","BECv13","CWHvh1","CWHvh1/Bb","D0"
"3305","BECv13","CWHvh1","CWHvh1/Bb","E0"
"3306","BECv13","CWHvh1","CWHvh1/Bb","E1"
"3307","BECv13","CWHvh1","CWHvh1/Bb","D1"
"3308","BECv13","CWHvh1","CWHvh1/Bb","D2"
"3309","BECv13","CWHvh1","CWHvh1/Bb","E2"
"3310","BECv13","CWHvh1","CWHvh1/Bb","D3"
"3311","BECv13","CWHvh1","CWHvh1/Bb","E3"
"3312","BECv13","CWHvh1","CWHvh1/Br","D0"
"3313","BECv13","CWHvh1","CWHvh1/Br","D1"
"3314","BECv13","CWHvh1","CWHvh1/Br","D2"
"3315","BECv13","CWHvh1","CWHvh1/Br","D3"
"3316","BECv13","CWHvh1","CWHvh1/Br","E3"
"3317","BECv13","CWHvh1","CWHvh1/Br","E2"
"3318","BECv13","CWHvh1","CWHvh1/Br","E1"
"3319","BECv13","CWHvh1","CWHvh1/Br","E0"
"3320","BECv13","CWHvh1","CWHvh1/Em","E7"
"3321","BECv13","CWHvh1","CWHvh1/Em","C7"
"3322","BECv13","CWHvh1","CWHvh1/Em","D7"
"3323","BECv13","CWHvh1","CWHvh1/Fl51","D6"
"3324","BECv13","CWHvh1","CWHvh1/Fl51","D5"
"3325","BECv13","CWHvh1","CWHvh1/Fl51","E5"
"3326","BECv13","CWHvh1","CWHvh1/Fl51","E6"
"3327","BECv13","CWHvh1","CWHvh1/Fm52","D5"
"3328","BECv13","CWHvh1","CWHvh1/Fm52","D6"
"3329","BECv13","CWHvh1","CWHvh1/Fm52","E6"
"3330","BECv13","CWHvh1","CWHvh1/Fm52","E5"
"3331","BECv13","CWHvh1","CWHvh1/Wb53","A6"
"3332","BECv13","CWHvh1","CWHvh1/Wb53","B6"
"3333","BECv13","CWHvh1","CWHvh1/Wb53","B7"
"3334","BECv13","CWHvh1","CWHvh1/Wb53","A7"
"3335","BECv13","CWHvh1","CWHvh1/Ws54","E6"
"3336","BECv13","CWHvh1","CWHvh1/Ws54","E7"
"3337","BECv13","CWHvh1","CWHvh1/Ws54","D6"
"3338","BECv13","CWHvh1","CWHvh1/Ws54","D7"
"3339","BECv13","CWHvh1","CWHvh1/Ws54","C6"
"3340","BECv13","CWHvh1","CWHvh1/Ws54","C7"
"3341","BECv13","CWHvh1","CWHvh1/Ws56","E6"
"3342","BECv13","CWHvh1","CWHvh1/Ws56","E7"
"3343","BECv13","CWHvh1","CWHvh1/Ws56","D6"
"3344","BECv13","CWHvh1","CWHvh1/Ws56","D7"
"3345","BECv13","CWHvh1","CWHvh1/Ws56","C6"
"3346","BECv13","CWHvh1","CWHvh1/Ws56","C7"
"3347","BECv13","CWHvh1","CWHvh1/Ws58","E6"
"3348","BECv13","CWHvh1","CWHvh1/Ws58","E7"
"3349","BECv13","CWHvh1","CWHvh1/Ws58","D6"
"3350","BECv13","CWHvh1","CWHvh1/Ws58","D7"
"3351","BECv13","CWHvh1","CWHvh1/Ws58","C6"
"3352","BECv13","CWHvh1","CWHvh1/Ws58","C7"
"3353","BECv13","CWHvh1","CWHvh1/Ws60","E6"
"3354","BECv13","CWHvh1","CWHvh1/Ws60","E7"
"3355","BECv13","CWHvh1","CWHvh1/Ws60","D6"
"3356","BECv13","CWHvh1","CWHvh1/Ws60","D7"
"3357","BECv13","CWHvh1","CWHvh1/Ws60","C6"
"3358","BECv13","CWHvh1","CWHvh1/Ws60","C7"
"3359","BECv13","CWHvh2","CWHvh2/101","A4"
"3360","BECv13","CWHvh2","CWHvh2/101","A5"
"3361","BECv13","CWHvh2","CWHvh2/101","B5"
"3362","BECv13","CWHvh2","CWHvh2/101","B4"
"3363","BECv13","CWHvh2","CWHvh2/101","C4"
"3364","BECv13","CWHvh2","CWHvh2/101","C5"
"3365","BECv13","CWHvh2","CWHvh2/101","B3"
"3366","BECv13","CWHvh2","CWHvh2/102","A0"
"3367","BECv13","CWHvh2","CWHvh2/102","B0"
"3368","BECv13","CWHvh2","CWHvh2/102","B1"
"3369","BECv13","CWHvh2","CWHvh2/102","A1"
"3370","BECv13","CWHvh2","CWHvh2/103","A1"
"3371","BECv13","CWHvh2","CWHvh2/103","B1"
"3372","BECv13","CWHvh2","CWHvh2/103","A2"
"3373","BECv13","CWHvh2","CWHvh2/103","B2"
"3374","BECv13","CWHvh2","CWHvh2/103","A3"
"3375","BECv13","CWHvh2","CWHvh2/103","B3"
"3376","BECv13","CWHvh2","CWHvh2/104","C2"
"3377","BECv13","CWHvh2","CWHvh2/104","C3"
"3378","BECv13","CWHvh2","CWHvh2/105","D2"
"3379","BECv13","CWHvh2","CWHvh2/105","D3"
"3380","BECv13","CWHvh2","CWHvh2/105","E3"
"3381","BECv13","CWHvh2","CWHvh2/105","E2"
"3382","BECv13","CWHvh2","CWHvh2/110","D4"
"3383","BECv13","CWHvh2","CWHvh2/110","E4"
"3384","BECv13","CWHvh2","CWHvh2/110","E5"
"3385","BECv13","CWHvh2","CWHvh2/110","D5"
"3386","BECv13","CWHvh2","CWHvh2/111","D6"
"3387","BECv13","CWHvh2","CWHvh2/111","E6"
"3388","BECv13","CWHvh2","CWHvh2/111","D5"
"3389","BECv13","CWHvh2","CWHvh2/111","E5"
"3390","BECv13","CWHvh2","CWHvh2/111","E4"
"3391","BECv13","CWHvh2","CWHvh2/112","D4"
"3392","BECv13","CWHvh2","CWHvh2/112","E4"
"3393","BECv13","CWHvh2","CWHvh2/112","E5"
"3394","BECv13","CWHvh2","CWHvh2/112","D5"
"3395","BECv13","CWHvh2","CWHvh2/113","A5"
"3396","BECv13","CWHvh2","CWHvh2/113","B5"
"3397","BECv13","CWHvh2","CWHvh2/113","C5"
"3398","BECv13","CWHvh2","CWHvh2/113","A6"
"3399","BECv13","CWHvh2","CWHvh2/113","B6"
"3400","BECv13","CWHvh2","CWHvh2/113","C6"
"3401","BECv13","CWHvh2","CWHvh2/120","B0"
"3402","BECv13","CWHvh2","CWHvh2/120","C0"
"3403","BECv13","CWHvh2","CWHvh2/120","C1"
"3404","BECv13","CWHvh2","CWHvh2/120","B1"
"3405","BECv13","CWHvh2","CWHvh2/120","B2"
"3406","BECv13","CWHvh2","CWHvh2/120","C2"
"3407","BECv13","CWHvh2","CWHvh2/120","B3"
"3408","BECv13","CWHvh2","CWHvh2/120","C3"
"3409","BECv13","CWHvh2","CWHvh2/120","B4"
"3410","BECv13","CWHvh2","CWHvh2/120","C4"
"3411","BECv13","CWHvh2","CWHvh2/120.1","B4"
"3412","BECv13","CWHvh2","CWHvh2/120.1","B3"
"3413","BECv13","CWHvh2","CWHvh2/120.1","B2"
"3414","BECv13","CWHvh2","CWHvh2/120.1","B1"
"3415","BECv13","CWHvh2","CWHvh2/120.1","B0"
"3416","BECv13","CWHvh2","CWHvh2/120.1","C0"
"3417","BECv13","CWHvh2","CWHvh2/120.1","C1"
"3418","BECv13","CWHvh2","CWHvh2/120.1","C2"
"3419","BECv13","CWHvh2","CWHvh2/120.1","C3"
"3420","BECv13","CWHvh2","CWHvh2/120.1","C4"
"3421","BECv13","CWHvh2","CWHvh2/120.2","B4"
"3422","BECv13","CWHvh2","CWHvh2/120.2","B3"
"3423","BECv13","CWHvh2","CWHvh2/120.2","B2"
"3424","BECv13","CWHvh2","CWHvh2/120.2","B1"
"3425","BECv13","CWHvh2","CWHvh2/120.2","B0"
"3426","BECv13","CWHvh2","CWHvh2/120.2","C0"
"3427","BECv13","CWHvh2","CWHvh2/120.2","C1"
"3428","BECv13","CWHvh2","CWHvh2/120.2","C2"
"3429","BECv13","CWHvh2","CWHvh2/120.2","C3"
"3430","BECv13","CWHvh2","CWHvh2/120.2","C4"
"3431","BECv13","CWHvh2","CWHvh2/Bb","D3"
"3432","BECv13","CWHvh2","CWHvh2/Bb","D2"
"3433","BECv13","CWHvh2","CWHvh2/Bb","D1"
"3434","BECv13","CWHvh2","CWHvh2/Bb","D0"
"3435","BECv13","CWHvh2","CWHvh2/Bb","E0"
"3436","BECv13","CWHvh2","CWHvh2/Bb","E1"
"3437","BECv13","CWHvh2","CWHvh2/Bb","E2"
"3438","BECv13","CWHvh2","CWHvh2/Bb","E3"
"3439","BECv13","CWHvh2","CWHvh2/Br","D0"
"3440","BECv13","CWHvh2","CWHvh2/Br","D3"
"3441","BECv13","CWHvh2","CWHvh2/Br","D2"
"3442","BECv13","CWHvh2","CWHvh2/Br","D1"
"3443","BECv13","CWHvh2","CWHvh2/Br","E0"
"3444","BECv13","CWHvh2","CWHvh2/Br","E1"
"3445","BECv13","CWHvh2","CWHvh2/Br","E2"
"3446","BECv13","CWHvh2","CWHvh2/Br","E3"
"3447","BECv13","CWHvh2","CWHvh2/Em","E7"
"3448","BECv13","CWHvh2","CWHvh2/Em","D7"
"3449","BECv13","CWHvh2","CWHvh2/Em","C7"
"3450","BECv13","CWHvh2","CWHvh2/Fl51","D6"
"3451","BECv13","CWHvh2","CWHvh2/Fl51","D5"
"3452","BECv13","CWHvh2","CWHvh2/Fl51","E5"
"3453","BECv13","CWHvh2","CWHvh2/Fl51","E6"
"3454","BECv13","CWHvh2","CWHvh2/Fm52","D5"
"3455","BECv13","CWHvh2","CWHvh2/Fm52","D6"
"3456","BECv13","CWHvh2","CWHvh2/Fm52","E6"
"3457","BECv13","CWHvh2","CWHvh2/Fm52","E5"
"3458","BECv13","CWHvh2","CWHvh2/Wb53","A7"
"3459","BECv13","CWHvh2","CWHvh2/Wb53","A6"
"3460","BECv13","CWHvh2","CWHvh2/Wb53","B6"
"3461","BECv13","CWHvh2","CWHvh2/Wb53","B7"
"3462","BECv13","CWHvh2","CWHvh2/Ws54","E6"
"3463","BECv13","CWHvh2","CWHvh2/Ws54","E7"
"3464","BECv13","CWHvh2","CWHvh2/Ws54","D7"
"3465","BECv13","CWHvh2","CWHvh2/Ws54","D6"
"3466","BECv13","CWHvh2","CWHvh2/Ws54","C6"
"3467","BECv13","CWHvh2","CWHvh2/Ws54","C7"
"3468","BECv13","CWHvh2","CWHvh2/Ws56","E6"
"3469","BECv13","CWHvh2","CWHvh2/Ws56","E7"
"3470","BECv13","CWHvh2","CWHvh2/Ws56","D7"
"3471","BECv13","CWHvh2","CWHvh2/Ws56","D6"
"3472","BECv13","CWHvh2","CWHvh2/Ws56","C6"
"3473","BECv13","CWHvh2","CWHvh2/Ws56","C7"
"3474","BECv13","CWHvh2","CWHvh2/Ws60","E6"
"3475","BECv13","CWHvh2","CWHvh2/Ws60","E7"
"3476","BECv13","CWHvh2","CWHvh2/Ws60","D7"
"3477","BECv13","CWHvh2","CWHvh2/Ws60","D6"
"3478","BECv13","CWHvh2","CWHvh2/Ws60","C6"
"3479","BECv13","CWHvh2","CWHvh2/Ws60","C7"
"3480","BECv13","CWHvh2","CWHvh2/Ws58","C7"
"3481","BECv13","CWHvh2","CWHvh2/Ws58","E6"
"3482","BECv13","CWHvh2","CWHvh2/Ws58","E7"
"3483","BECv13","CWHvh2","CWHvh2/Ws58","D7"
"3484","BECv13","CWHvh2","CWHvh2/Ws58","D6"
"3485","BECv13","CWHvh2","CWHvh2/Ws58","C6"
"3486","BECv13","CWHvh2","CWHvh2/Ws58","C7"
"3487","BECv10","CWHvh3","CWHvh3/101","C5"
"3488","BECv10","CWHvh3","CWHvh3/101","C4"
"3489","BECv10","CWHvh3","CWHvh3/101","B5"
"3490","BECv10","CWHvh3","CWHvh3/101","B4"
"3491","BECv10","CWHvh3","CWHvh3/101","B3"
"3492","BECv10","CWHvh3","CWHvh3/101","A5"
"3493","BECv10","CWHvh3","CWHvh3/101","A4"
"3494","BECv10","CWHvh3","CWHvh3/101","A3"
"3495","BEC11","CWHvh3","CWHvh3/101a","C5"
"3496","BEC11","CWHvh3","CWHvh3/101a","C4"
"3497","BEC11","CWHvh3","CWHvh3/101a","B5"
"3498","BEC11","CWHvh3","CWHvh3/101a","B4"
"3499","BEC11","CWHvh3","CWHvh3/101a","B3"
"3500","BEC11","CWHvh3","CWHvh3/101a","A5"
"3501","BEC11","CWHvh3","CWHvh3/101a","A4"
"3502","BEC11","CWHvh3","CWHvh3/101a","A3"
"3503","BEC11","CWHvh3","CWHvh3/101b","B4"
"3504","BEC11","CWHvh3","CWHvh3/101b","B3"
"3505","BEC11","CWHvh3","CWHvh3/101b","A4"
"3506","BEC11","CWHvh3","CWHvh3/101b","A3"
"3507","BEC11","CWHvh3","CWHvh3/101c","C5"
"3508","BEC11","CWHvh3","CWHvh3/101c","B5"
"3509","BEC11","CWHvh3","CWHvh3/101c","B4"
"3510","BEC11","CWHvh3","CWHvh3/101c","A5"
"3511","BEC11","CWHvh3","CWHvh3/101c","A4"
"3512","BECv10","CWHvh3","CWHvh3/102","B2"
"3513","BECv10","CWHvh3","CWHvh3/102","B1"
"3514","BECv10","CWHvh3","CWHvh3/102","B0"
"3515","BECv10","CWHvh3","CWHvh3/102","A2"
"3516","BECv10","CWHvh3","CWHvh3/102","A1"
"3517","BECv10","CWHvh3","CWHvh3/102","A0"
"3518","BECv10","CWHvh3","CWHvh3/103","C2"
"3519","BECv10","CWHvh3","CWHvh3/103","C1"
"3520","BECv10","CWHvh3","CWHvh3/103","C0"
"3521","BECv10","CWHvh3","CWHvh3/103","B2"
"3522","BECv10","CWHvh3","CWHvh3/103","B1"
"3523","BECv10","CWHvh3","CWHvh3/103","B0"
"3524","BECv10","CWHvh3","CWHvh3/103","A2"
"3525","BECv10","CWHvh3","CWHvh3/103","A1"
"3526","BECv10","CWHvh3","CWHvh3/103","A0"
"3527","BEC11","CWHvh3","CWHvh3/103.1","C2"
"3528","BEC11","CWHvh3","CWHvh3/103.1","C1"
"3529","BEC11","CWHvh3","CWHvh3/103.1","C0"
"3530","BEC11","CWHvh3","CWHvh3/103.1","B2"
"3531","BEC11","CWHvh3","CWHvh3/103.1","B1"
"3532","BEC11","CWHvh3","CWHvh3/103.1","B0"
"3533","BEC11","CWHvh3","CWHvh3/103.1","A2"
"3534","BEC11","CWHvh3","CWHvh3/103.1","A1"
"3535","BEC11","CWHvh3","CWHvh3/103.1","A0"
"3536","BEC11","CWHvh3","CWHvh3/103.2","C2"
"3537","BEC11","CWHvh3","CWHvh3/103.2","C1"
"3538","BEC11","CWHvh3","CWHvh3/103.2","C0"
"3539","BEC11","CWHvh3","CWHvh3/103.2","B2"
"3540","BEC11","CWHvh3","CWHvh3/103.2","B1"
"3541","BEC11","CWHvh3","CWHvh3/103.2","B0"
"3542","BEC11","CWHvh3","CWHvh3/103.2","A2"
"3543","BEC11","CWHvh3","CWHvh3/103.2","A1"
"3544","BEC11","CWHvh3","CWHvh3/103.2","A0"
"3545","BECv10","CWHvh3","CWHvh3/104","C3"
"3546","BECv10","CWHvh3","CWHvh3/104","C2"
"3547","BECv10","CWHvh3","CWHvh3/104","B3"
"3548","BECv10","CWHvh3","CWHvh3/104","B2"
"3549","BECv10","CWHvh3","CWHvh3/104","A3"
"3550","BECv10","CWHvh3","CWHvh3/104","A2"
"3551","BECv10","CWHvh3","CWHvh3/105","D3"
"3552","BECv10","CWHvh3","CWHvh3/105","D2"
"3553","BECv10","CWHvh3","CWHvh3/105","C3"
"3554","BECv10","CWHvh3","CWHvh3/105","C2"
"3555","BECv10","CWHvh3","CWHvh3/105a","D3"
"3556","BECv10","CWHvh3","CWHvh3/105a","D2"
"3557","BECv10","CWHvh3","CWHvh3/105a","C3"
"3558","BECv10","CWHvh3","CWHvh3/105a","C2"
"3559","BECv10","CWHvh3","CWHvh3/105b","D3"
"3560","BECv10","CWHvh3","CWHvh3/105b","D2"
"3561","BECv10","CWHvh3","CWHvh3/105b","C3"
"3562","BECv10","CWHvh3","CWHvh3/105b","C2"
"3563","BECv10","CWHvh3","CWHvh3/106","E3"
"3564","BECv10","CWHvh3","CWHvh3/106","E2"
"3565","BECv10","CWHvh3","CWHvh3/106","D3"
"3566","BECv10","CWHvh3","CWHvh3/106","D2"
"3567","BECv10","CWHvh3","CWHvh3/106a","E3"
"3568","BECv10","CWHvh3","CWHvh3/106a","E2"
"3569","BECv10","CWHvh3","CWHvh3/106a","D3"
"3570","BECv10","CWHvh3","CWHvh3/106a","D2"
"3571","BECv10","CWHvh3","CWHvh3/106b","D3"
"3572","BECv10","CWHvh3","CWHvh3/106b","D2"
"3573","BECv10","CWHvh3","CWHvh3/106c","E3"
"3574","BECv10","CWHvh3","CWHvh3/106c","E2"
"3575","BECv10","CWHvh3","CWHvh3/106c","D3"
"3576","BECv10","CWHvh3","CWHvh3/106c","D2"
"3577","BECv10","CWHvh3","CWHvh3/110","E4"
"3578","BECv10","CWHvh3","CWHvh3/110","D4"
"3579","BECv10","CWHvh3","CWHvh3/110a","E4"
"3580","BECv10","CWHvh3","CWHvh3/110a","D4"
"3581","BECv10","CWHvh3","CWHvh3/110b","E4"
"3582","BECv10","CWHvh3","CWHvh3/110b","D4"
"3583","BECv10","CWHvh3","CWHvh3/110c","E4"
"3584","BECv10","CWHvh3","CWHvh3/110c","D4"
"3585","BECv10","CWHvh3","CWHvh3/111","E4"
"3586","BECv10","CWHvh3","CWHvh3/111","D4"
"3587","BECv10","CWHvh3","CWHvh3/112","E5"
"3588","BECv10","CWHvh3","CWHvh3/112","E4"
"3589","BECv10","CWHvh3","CWHvh3/112","D5"
"3590","BECv10","CWHvh3","CWHvh3/112","D4"
"3591","BECv10","CWHvh3","CWHvh3/113","E5"
"3592","BECv10","CWHvh3","CWHvh3/113","D5"
"3593","BECv10","CWHvh3","CWHvh3/114","E5"
"3594","BECv10","CWHvh3","CWHvh3/114","D5"
"3595","BECv10","CWHvh3","CWHvh3/115","C6"
"3596","BECv10","CWHvh3","CWHvh3/115","C5"
"3597","BECv10","CWHvh3","CWHvh3/115","B6"
"3598","BECv10","CWHvh3","CWHvh3/115","B5"
"3599","BECv10","CWHvh3","CWHvh3/115","A6"
"3600","BECv10","CWHvh3","CWHvh3/115","A5"
"3601","BECv10","CWHvh3","CWHvh3/116","E6"
"3602","BECv10","CWHvh3","CWHvh3/116","D6"
"3603","BECv10","CWHvh3","CWHvh3/117","E7"
"3604","BECv10","CWHvh3","CWHvh3/117","E6"
"3605","BECv10","CWHvh3","CWHvh3/117","D7"
"3606","BECv10","CWHvh3","CWHvh3/117","D6"
"3607","BEC11","CWHvh3","CWHvh3/117a","E6"
"3608","BEC11","CWHvh3","CWHvh3/117a","D6"
"3609","BEC11","CWHvh3","CWHvh3/117b","E7"
"3610","BEC11","CWHvh3","CWHvh3/117b","D7"
"3611","BECv10","CWHvh3","CWHvh3/Wb53","B7"
"3612","BECv10","CWHvh3","CWHvh3/Wb53","A7"
"3613","USA_2019","CWHvm_OR","CWHvm_OR/101","D4"
"3614","USA_2019","CWHvm_OR","CWHvm_OR/101","D3"
"3615","USA_2019","CWHvm_OR","CWHvm_OR/101","C4"
"3616","USA_2019","CWHvm_OR","CWHvm_OR/101","C3"
"3617","USA_2019","CWHvm_OR","CWHvm_OR/101","B4"
"3618","USA_2019","CWHvm_OR","CWHvm_OR/101","B3"
"3619","USA_2019","CWHvm_OR","CWHvm_OR/102","D1"
"3620","USA_2019","CWHvm_OR","CWHvm_OR/102","C1"
"3621","USA_2019","CWHvm_OR","CWHvm_OR/102","B1"
"3622","USA_2019","CWHvm_OR","CWHvm_OR/102","A1"
"3623","USA_2019","CWHvm_OR","CWHvm_OR/103","D2"
"3624","USA_2019","CWHvm_OR","CWHvm_OR/103","C2"
"3625","USA_2019","CWHvm_OR","CWHvm_OR/103","B2"
"3626","USA_2019","CWHvm_OR","CWHvm_OR/103","A2"
"3627","USA_2019","CWHvm_OR","CWHvm_OR/110","C5"
"3628","USA_2019","CWHvm_OR","CWHvm_OR/110","B5"
"3629","USA_2019","CWHvm_OR","CWHvm_OR/111","C6"
"3630","USA_2019","CWHvm_OR","CWHvm_OR/111","B6"
"3631","USA_2019","CWHvm_OR","CWHvm_OR/112","E5"
"3632","USA_2019","CWHvm_OR","CWHvm_OR/112","D5"
"3633","USA_2019","CWHvm_OR","CWHvm_OR/113","E6"
"3634","USA_2019","CWHvm_OR","CWHvm_OR/113","D6"
"3635","Add_2021","CWHvm_OR","CWHvm_OR/Ro","A0"
"3636","Add_2021","CWHvm_OR","CWHvm_OR/Ro","B0"
"3637","USA_2019","CWHvm_WA","CWHvm_WA/101","D4"
"3638","USA_2019","CWHvm_WA","CWHvm_WA/101","D3"
"3639","USA_2019","CWHvm_WA","CWHvm_WA/101","C4"
"3640","USA_2019","CWHvm_WA","CWHvm_WA/101","C3"
"3641","USA_2019","CWHvm_WA","CWHvm_WA/101","B4"
"3642","USA_2019","CWHvm_WA","CWHvm_WA/101","B3"
"3643","USA_2019","CWHvm_WA","CWHvm_WA/102","D1"
"3644","USA_2019","CWHvm_WA","CWHvm_WA/102","C1"
"3645","USA_2019","CWHvm_WA","CWHvm_WA/102","B1"
"3646","USA_2019","CWHvm_WA","CWHvm_WA/102","A1"
"3647","USA_2019","CWHvm_WA","CWHvm_WA/103","D2"
"3648","USA_2019","CWHvm_WA","CWHvm_WA/103","C2"
"3649","USA_2019","CWHvm_WA","CWHvm_WA/103","B2"
"3650","USA_2019","CWHvm_WA","CWHvm_WA/103","A2"
"3651","USA_2019","CWHvm_WA","CWHvm_WA/110","C5"
"3652","USA_2019","CWHvm_WA","CWHvm_WA/110","B5"
"3653","USA_2019","CWHvm_WA","CWHvm_WA/111","C6"
"3654","USA_2019","CWHvm_WA","CWHvm_WA/111","B6"
"3655","USA_2019","CWHvm_WA","CWHvm_WA/112","E5"
"3656","USA_2019","CWHvm_WA","CWHvm_WA/112","D5"
"3657","USA_2019","CWHvm_WA","CWHvm_WA/113","E6"
"3658","USA_2019","CWHvm_WA","CWHvm_WA/113","D6"
"3659","Add_2021","CWHvm_WA","CWHvm_WA/Ro","A0"
"3660","Add_2021","CWHvm_WA","CWHvm_WA/Ro","B0"
"3661","BECv13","CWHvm1","CWHvm1/101","B3"
"3662","BECv13","CWHvm1","CWHvm1/101","C3"
"3663","BECv13","CWHvm1","CWHvm1/101","B4"
"3664","BECv13","CWHvm1","CWHvm1/101","C4"
"3665","BECv13","CWHvm1","CWHvm1/102","A0"
"3666","BECv13","CWHvm1","CWHvm1/102","A1"
"3667","BECv13","CWHvm1","CWHvm1/102","B1"
"3668","BECv13","CWHvm1","CWHvm1/102","B0"
"3669","BECv13","CWHvm1","CWHvm1/102","C0"
"3670","BECv13","CWHvm1","CWHvm1/102","C1"
"3671","BECv13","CWHvm1","CWHvm1/103","A2"
"3672","BECv13","CWHvm1","CWHvm1/103","B2"
"3673","BECv13","CWHvm1","CWHvm1/103","C2"
"3674","BECv13","CWHvm1","CWHvm1/103","A3"
"3675","BECv13","CWHvm1","CWHvm1/103","B3"
"3676","BECv13","CWHvm1","CWHvm1/104","A2"
"3677","BECv13","CWHvm1","CWHvm1/104","A3"
"3678","BECv13","CWHvm1","CWHvm1/104","B2"
"3679","BECv13","CWHvm1","CWHvm1/104","C2"
"3680","BECv13","CWHvm1","CWHvm1/104","B3"
"3681","BECv13","CWHvm1","CWHvm1/105","D2"
"3682","BECv13","CWHvm1","CWHvm1/105","D3"
"3683","BECv13","CWHvm1","CWHvm1/105","E3"
"3684","BECv13","CWHvm1","CWHvm1/105","E2"
"3685","BECv13","CWHvm1","CWHvm1/110","D4"
"3686","BECv13","CWHvm1","CWHvm1/110","E4"
"3687","BECv13","CWHvm1","CWHvm1/110","E5"
"3688","BECv13","CWHvm1","CWHvm1/110","D5"
"3689","BECv13","CWHvm1","CWHvm1/111","A4"
"3690","BECv13","CWHvm1","CWHvm1/111","A5"
"3691","BECv13","CWHvm1","CWHvm1/111","B5"
"3692","BECv13","CWHvm1","CWHvm1/111","C5"
"3693","BECv13","CWHvm1","CWHvm1/111.1","A4"
"3694","BECv13","CWHvm1","CWHvm1/111.1","A5"
"3695","BECv13","CWHvm1","CWHvm1/111.1","B5"
"3696","BECv13","CWHvm1","CWHvm1/111.1","C5"
"3697","BECv13","CWHvm1","CWHvm1/111.2","A4"
"3698","BECv13","CWHvm1","CWHvm1/111.2","A5"
"3699","BECv13","CWHvm1","CWHvm1/111.2","B5"
"3700","BECv13","CWHvm1","CWHvm1/111.2","C5"
"3701","BECv13","CWHvm1","CWHvm1/112","D5"
"3702","BECv13","CWHvm1","CWHvm1/112","E5"
"3703","BECv13","CWHvm1","CWHvm1/112","E6"
"3704","BECv13","CWHvm1","CWHvm1/112","D6"
"3705","BECv13","CWHvm1","CWHvm1/112.1","D5"
"3706","BECv13","CWHvm1","CWHvm1/112.1","E5"
"3707","BECv13","CWHvm1","CWHvm1/112.1","E6"
"3708","BECv13","CWHvm1","CWHvm1/112.1","D6"
"3709","BECv13","CWHvm1","CWHvm1/112.2","D5"
"3710","BECv13","CWHvm1","CWHvm1/112.2","E5"
"3711","BECv13","CWHvm1","CWHvm1/112.2","E6"
"3712","BECv13","CWHvm1","CWHvm1/112.2","D6"
"3713","BECv13","CWHvm1","CWHvm1/113","A6"
"3714","BECv13","CWHvm1","CWHvm1/113","B6"
"3715","BECv13","CWHvm1","CWHvm1/113","C6"
"3716","BECv13","CWHvm1","CWHvm1/114","D5"
"3717","BECv13","CWHvm1","CWHvm1/114","E5"
"3718","BECv13","CWHvm1","CWHvm1/114","E6"
"3719","BECv13","CWHvm1","CWHvm1/114","D6"
"3720","BECv13","CWHvm1","CWHvm1/Fl50","D5"
"3721","BECv13","CWHvm1","CWHvm1/Fl50","E5"
"3722","BECv13","CWHvm1","CWHvm1/Fl50","E6"
"3723","BECv13","CWHvm1","CWHvm1/Fl50","D6"
"3724","BECv13","CWHvm1","CWHvm1/Fl51","D5"
"3725","BECv13","CWHvm1","CWHvm1/Fl51","E5"
"3726","BECv13","CWHvm1","CWHvm1/Fl51","E6"
"3727","BECv13","CWHvm1","CWHvm1/Fl51","D6"
"3728","BECv13","CWHvm1","CWHvm1/Fm50","D5"
"3729","BECv13","CWHvm1","CWHvm1/Fm50","E5"
"3730","BECv13","CWHvm1","CWHvm1/Fm50","E6"
"3731","BECv13","CWHvm1","CWHvm1/Fm50","D6"
"3732","BECv13","CWHvm1","CWHvm1/Fm52","D5"
"3733","BECv13","CWHvm1","CWHvm1/Fm52","E5"
"3734","BECv13","CWHvm1","CWHvm1/Fm52","E6"
"3735","BECv13","CWHvm1","CWHvm1/Fm52","D6"
"3736","BECv13","CWHvm1","CWHvm1/Wb51","A7"
"3737","BECv13","CWHvm1","CWHvm1/Wb51","B7"
"3738","BECv13","CWHvm1","CWHvm1/Wb55","A7"
"3739","BECv13","CWHvm1","CWHvm1/Wb55","B7"
"3740","BECv13","CWHvm1","CWHvm1/Wf","C7"
"3741","BECv13","CWHvm1","CWHvm1/Wf","D7"
"3742","BECv13","CWHvm1","CWHvm1/Wf","E7"
"3743","BECv13","CWHvm1","CWHvm1/Wm","C7"
"3744","BECv13","CWHvm1","CWHvm1/Wm","D7"
"3745","BECv13","CWHvm1","CWHvm1/Wm","E7"
"3746","BECv13","CWHvm1","CWHvm1/Ws54","E7"
"3747","BECv13","CWHvm1","CWHvm1/Ws54","D7"
"3748","BECv13","CWHvm1","CWHvm1/Ws54","C7"
"3749","BECv13","CWHvm1","CWHvm1/Ws54","D6"
"3750","BECv13","CWHvm1","CWHvm1/Ws54","E6"
"3751","BECv13","CWHvm1","CWHvm1/Ws56","E7"
"3752","BECv13","CWHvm1","CWHvm1/Ws56","D7"
"3753","BECv13","CWHvm1","CWHvm1/Ws56","C7"
"3754","BECv13","CWHvm1","CWHvm1/Ws56","D6"
"3755","BECv13","CWHvm1","CWHvm1/Ws56","E6"
"3756","BECv13","CWHvm1","CWHvm1/Ws58","E7"
"3757","BECv13","CWHvm1","CWHvm1/Ws58","D7"
"3758","BECv13","CWHvm1","CWHvm1/Ws58","C7"
"3759","BECv13","CWHvm1","CWHvm1/Ws58","D6"
"3760","BECv13","CWHvm1","CWHvm1/Ws58","E6"
"3761","BECv13","CWHvm1","CWHvm1/Ws60","E7"
"3762","BECv13","CWHvm1","CWHvm1/Ws60","D7"
"3763","BECv13","CWHvm1","CWHvm1/Ws60","C7"
"3764","BECv13","CWHvm1","CWHvm1/Ws60","D6"
"3765","BECv13","CWHvm1","CWHvm1/Ws60","E6"
"3766","BECv13","CWHvm2","CWHvm2/101","B3"
"3767","BECv13","CWHvm2","CWHvm2/101","B4"
"3768","BECv13","CWHvm2","CWHvm2/101","C4"
"3769","BECv13","CWHvm2","CWHvm2/101","C3"
"3770","BECv13","CWHvm2","CWHvm2/102","A0"
"3771","BECv13","CWHvm2","CWHvm2/102","B0"
"3772","BECv13","CWHvm2","CWHvm2/102","A1"
"3773","BECv13","CWHvm2","CWHvm2/102","B1"
"3774","BECv13","CWHvm2","CWHvm2/102","C0"
"3775","BECv13","CWHvm2","CWHvm2/102","C1"
"3776","BECv13","CWHvm2","CWHvm2/103","A1"
"3777","BECv13","CWHvm2","CWHvm2/103","B1"
"3778","BECv13","CWHvm2","CWHvm2/103","C1"
"3779","BECv13","CWHvm2","CWHvm2/103","C2"
"3780","BECv13","CWHvm2","CWHvm2/103","B2"
"3781","BECv13","CWHvm2","CWHvm2/103","A2"
"3782","BECv13","CWHvm2","CWHvm2/103","A3"
"3783","BECv13","CWHvm2","CWHvm2/103","B3"
"3784","BECv13","CWHvm2","CWHvm2/103","C3"
"3785","BECv13","CWHvm2","CWHvm2/104","A1"
"3786","BECv13","CWHvm2","CWHvm2/104","B1"
"3787","BECv13","CWHvm2","CWHvm2/104","C1"
"3788","BECv13","CWHvm2","CWHvm2/104","C2"
"3789","BECv13","CWHvm2","CWHvm2/104","C3"
"3790","BECv13","CWHvm2","CWHvm2/104","B3"
"3791","BECv13","CWHvm2","CWHvm2/104","A3"
"3792","BECv13","CWHvm2","CWHvm2/104","A2"
"3793","BECv13","CWHvm2","CWHvm2/104","B2"
"3794","BECv13","CWHvm2","CWHvm2/105","A1"
"3795","BECv13","CWHvm2","CWHvm2/105","B1"
"3796","BECv13","CWHvm2","CWHvm2/105","C1"
"3797","BECv13","CWHvm2","CWHvm2/105","C2"
"3798","BECv13","CWHvm2","CWHvm2/105","B2"
"3799","BECv13","CWHvm2","CWHvm2/105","A2"
"3800","BECv13","CWHvm2","CWHvm2/105","A3"
"3801","BECv13","CWHvm2","CWHvm2/105","B3"
"3802","BECv13","CWHvm2","CWHvm2/105","C3"
"3803","BECv13","CWHvm2","CWHvm2/110","D3"
"3804","BECv13","CWHvm2","CWHvm2/110","E3"
"3805","BECv13","CWHvm2","CWHvm2/110","E4"
"3806","BECv13","CWHvm2","CWHvm2/110","D4"
"3807","BECv13","CWHvm2","CWHvm2/110","D5"
"3808","BECv13","CWHvm2","CWHvm2/110","E5"
"3809","BECv13","CWHvm2","CWHvm2/111","A4"
"3810","BECv13","CWHvm2","CWHvm2/111","A5"
"3811","BECv13","CWHvm2","CWHvm2/111","B5"
"3812","BECv13","CWHvm2","CWHvm2/111","C5"
"3813","BECv13","CWHvm2","CWHvm2/111.1","A4"
"3814","BECv13","CWHvm2","CWHvm2/111.1","B5"
"3815","BECv13","CWHvm2","CWHvm2/111.1","A5"
"3816","BECv13","CWHvm2","CWHvm2/111.1","C5"
"3817","BECv13","CWHvm2","CWHvm2/111.2","A4"
"3818","BECv13","CWHvm2","CWHvm2/111.2","A5"
"3819","BECv13","CWHvm2","CWHvm2/111.2","B5"
"3820","BECv13","CWHvm2","CWHvm2/111.2","C5"
"3821","BECv13","CWHvm2","CWHvm2/112","D5"
"3822","BECv13","CWHvm2","CWHvm2/112","E5"
"3823","BECv13","CWHvm2","CWHvm2/112","E6"
"3824","BECv13","CWHvm2","CWHvm2/112","D6"
"3825","BECv13","CWHvm2","CWHvm2/112.1","D5"
"3826","BECv13","CWHvm2","CWHvm2/112.1","D6"
"3827","BECv13","CWHvm2","CWHvm2/112.1","E6"
"3828","BECv13","CWHvm2","CWHvm2/112.1","E5"
"3829","BECv13","CWHvm2","CWHvm2/112.2","D5"
"3830","BECv13","CWHvm2","CWHvm2/112.2","D6"
"3831","BECv13","CWHvm2","CWHvm2/112.2","E6"
"3832","BECv13","CWHvm2","CWHvm2/112.2","E5"
"3833","BECv13","CWHvm2","CWHvm2/113","A6"
"3834","BECv13","CWHvm2","CWHvm2/113","B6"
"3835","BECv13","CWHvm2","CWHvm2/114","C6"
"3836","BECv13","CWHvm2","CWHvm2/114","D6"
"3837","BECv13","CWHvm2","CWHvm2/114","D7"
"3838","BECv13","CWHvm2","CWHvm2/114","C7"
"3839","BECv13","CWHvm2","CWHvm2/115","E7"
"3840","BECv13","CWHvm2","CWHvm2/115","D7"
"3841","BECv13","CWHvm2","CWHvm2/115","D6"
"3842","BECv13","CWHvm2","CWHvm2/115","E6"
"3843","BECv13","CWHvm2","CWHvm2/Wb51","A7"
"3844","BECv13","CWHvm2","CWHvm2/Wb51","B7"
"3845","BECv13","CWHvm2","CWHvm2/Wb53","A7"
"3846","BECv13","CWHvm2","CWHvm2/Wb53","B7"
"3847","BECv13","CWHvm2","CWHvm2/Wf","C7"
"3848","BECv13","CWHvm2","CWHvm2/Wf","D7"
"3849","BECv13","CWHvm2","CWHvm2/Wf","E7"
"3850","BECv13","CWHvm2","CWHvm2/Wm","C7"
"3851","BECv13","CWHvm2","CWHvm2/Wm","D7"
"3852","BECv13","CWHvm2","CWHvm2/Wm","E7"
"3853","BECv13","CWHvm2","CWHvm2/Ws55","E7"
"3854","BECv13","CWHvm2","CWHvm2/Ws55","D7"
"3855","BECv13","CWHvm2","CWHvm2/Ws55","D6"
"3856","BECv13","CWHvm2","CWHvm2/Ws55","E6"
"3857","BECv13","CWHvm3","CWHvm3/101","B4"
"3858","BECv13","CWHvm3","CWHvm3/101","C4"
"3859","BECv13","CWHvm3","CWHvm3/101","C3"
"3860","BECv13","CWHvm3","CWHvm3/102","A0"
"3861","BECv13","CWHvm3","CWHvm3/102","B0"
"3862","BECv13","CWHvm3","CWHvm3/102","A1"
"3863","BECv13","CWHvm3","CWHvm3/102","B1"
"3864","BECv13","CWHvm3","CWHvm3/102","C0"
"3865","BECv13","CWHvm3","CWHvm3/102","C1"
"3866","BECv13","CWHvm3","CWHvm3/103","A1"
"3867","BECv13","CWHvm3","CWHvm3/103","B1"
"3868","BECv13","CWHvm3","CWHvm3/103","C1"
"3869","BECv13","CWHvm3","CWHvm3/103","C2"
"3870","BECv13","CWHvm3","CWHvm3/103","B2"
"3871","BECv13","CWHvm3","CWHvm3/103","A2"
"3872","BECv13","CWHvm3","CWHvm3/103","A3"
"3873","BECv13","CWHvm3","CWHvm3/103","B3"
"3874","BECv13","CWHvm3","CWHvm3/104","D2"
"3875","BECv13","CWHvm3","CWHvm3/104","E2"
"3876","BECv13","CWHvm3","CWHvm3/104","E3"
"3877","BECv13","CWHvm3","CWHvm3/104","D3"
"3878","BECv13","CWHvm3","CWHvm3/110","D4"
"3879","BECv13","CWHvm3","CWHvm3/110","E4"
"3880","BECv13","CWHvm3","CWHvm3/110","D5"
"3881","BECv13","CWHvm3","CWHvm3/110","E5"
"3882","BECv13","CWHvm3","CWHvm3/111","A4"
"3883","BECv13","CWHvm3","CWHvm3/111","A5"
"3884","BECv13","CWHvm3","CWHvm3/111","B5"
"3885","BECv13","CWHvm3","CWHvm3/111","C5"
"3886","BECv13","CWHvm3","CWHvm3/111.1","A4"
"3887","BECv13","CWHvm3","CWHvm3/111.1","A5"
"3888","BECv13","CWHvm3","CWHvm3/111.1","B5"
"3889","BECv13","CWHvm3","CWHvm3/111.1","C5"
"3890","BECv13","CWHvm3","CWHvm3/111.2","A4"
"3891","BECv13","CWHvm3","CWHvm3/111.2","A5"
"3892","BECv13","CWHvm3","CWHvm3/111.2","B5"
"3893","BECv13","CWHvm3","CWHvm3/111.2","C5"
"3894","BECv13","CWHvm3","CWHvm3/112","D6"
"3895","BECv13","CWHvm3","CWHvm3/112","E6"
"3896","BECv13","CWHvm3","CWHvm3/112","D5"
"3897","BECv13","CWHvm3","CWHvm3/112","E5"
"3898","BECv13","CWHvm3","CWHvm3/112.1","D5"
"3899","BECv13","CWHvm3","CWHvm3/112.1","E5"
"3900","BECv13","CWHvm3","CWHvm3/112.1","E6"
"3901","BECv13","CWHvm3","CWHvm3/112.1","D6"
"3902","BECv13","CWHvm3","CWHvm3/112.2","D5"
"3903","BECv13","CWHvm3","CWHvm3/112.2","E5"
"3904","BECv13","CWHvm3","CWHvm3/112.2","E6"
"3905","BECv13","CWHvm3","CWHvm3/112.2","D6"
"3906","BECv13","CWHvm3","CWHvm3/113","A6"
"3907","BECv13","CWHvm3","CWHvm3/113","B6"
"3908","BECv13","CWHvm3","CWHvm3/113","C6"
"3909","BECv13","CWHvm3","CWHvm3/114","D5"
"3910","BECv13","CWHvm3","CWHvm3/114","E5"
"3911","BECv13","CWHvm3","CWHvm3/114","E6"
"3912","BECv13","CWHvm3","CWHvm3/114","D6"
"3913","BECv13","CWHvm3","CWHvm3/Fl50","D6"
"3914","BECv13","CWHvm3","CWHvm3/Fl50","D5"
"3915","BECv13","CWHvm3","CWHvm3/Fl50","E5"
"3916","BECv13","CWHvm3","CWHvm3/Fl50","E6"
"3917","BECv13","CWHvm3","CWHvm3/Fl51","D6"
"3918","BECv13","CWHvm3","CWHvm3/Fl51","D5"
"3919","BECv13","CWHvm3","CWHvm3/Fl51","E5"
"3920","BECv13","CWHvm3","CWHvm3/Fl51","E6"
"3921","BECv13","CWHvm3","CWHvm3/Fm50","D5"
"3922","BECv13","CWHvm3","CWHvm3/Fm50","E5"
"3923","BECv13","CWHvm3","CWHvm3/Fm50","E6"
"3924","BECv13","CWHvm3","CWHvm3/Fm50","D6"
"3925","BECv13","CWHvm3","CWHvm3/Wb51","A7"
"3926","BECv13","CWHvm3","CWHvm3/Wb51","B7"
"3927","BECv13","CWHvm3","CWHvm3/Wb53","A7"
"3928","BECv13","CWHvm3","CWHvm3/Wb53","B7"
"3929","BECv13","CWHvm3","CWHvm3/Wf","C7"
"3930","BECv13","CWHvm3","CWHvm3/Wf","D7"
"3931","BECv13","CWHvm3","CWHvm3/Wf","E7"
"3932","BECv13","CWHvm3","CWHvm3/Wm","C7"
"3933","BECv13","CWHvm3","CWHvm3/Wm","D7"
"3934","BECv13","CWHvm3","CWHvm3/Wm","E7"
"3935","BECv13","CWHvm3","CWHvm3/Ws54","C7"
"3936","BECv13","CWHvm3","CWHvm3/Ws54","D7"
"3937","BECv13","CWHvm3","CWHvm3/Ws54","E7"
"3938","BECv13","CWHvm3","CWHvm3/Ws56","C7"
"3939","BECv13","CWHvm3","CWHvm3/Ws56","D7"
"3940","BECv13","CWHvm3","CWHvm3/Ws56","E7"
"3941","BECv13","CWHvm3","CWHvm3/Ws58","C7"
"3942","BECv13","CWHvm3","CWHvm3/Ws58","D7"
"3943","BECv13","CWHvm3","CWHvm3/Ws58","E7"
"3944","BECv13","CWHvm3","CWHvm3/Ws60","C7"
"3945","BECv13","CWHvm3","CWHvm3/Ws60","D7"
"3946","BECv13","CWHvm3","CWHvm3/Ws60","E7"
"3947","BECv13","CWHvm4","CWHvm4/101","B3"
"3948","BECv13","CWHvm4","CWHvm4/101","C3"
"3949","BECv13","CWHvm4","CWHvm4/101","C4"
"3950","BECv13","CWHvm4","CWHvm4/101","B4"
"3951","BECv13","CWHvm3","CWHvm4/102","C0"
"3952","BECv13","CWHvm3","CWHvm4/102","C1"
"3953","BECv13","CWHvm4","CWHvm4/102","A0"
"3954","BECv13","CWHvm4","CWHvm4/102","B0"
"3955","BECv13","CWHvm4","CWHvm4/102","B1"
"3956","BECv13","CWHvm4","CWHvm4/102","A1"
"3957","BECv13","CWHvm4","CWHvm4/103","A1"
"3958","BECv13","CWHvm4","CWHvm4/103","B1"
"3959","BECv13","CWHvm4","CWHvm4/103","C1"
"3960","BECv13","CWHvm4","CWHvm4/103","C2"
"3961","BECv13","CWHvm4","CWHvm4/103","B2"
"3962","BECv13","CWHvm4","CWHvm4/103","A2"
"3963","BECv13","CWHvm4","CWHvm4/103","A3"
"3964","BECv13","CWHvm4","CWHvm4/103","B3"
"3965","BECv13","CWHvm4","CWHvm4/103","C3"
"3966","BECv13","CWHvm4","CWHvm4/104","A1"
"3967","BECv13","CWHvm4","CWHvm4/104","B1"
"3968","BECv13","CWHvm4","CWHvm4/104","C1"
"3969","BECv13","CWHvm4","CWHvm4/104","C2"
"3970","BECv13","CWHvm4","CWHvm4/104","B2"
"3971","BECv13","CWHvm4","CWHvm4/104","A2"
"3972","BECv13","CWHvm4","CWHvm4/104","A3"
"3973","BECv13","CWHvm4","CWHvm4/104","B3"
"3974","BECv13","CWHvm4","CWHvm4/104","C3"
"3975","BECv13","CWHvm4","CWHvm4/110","D3"
"3976","BECv13","CWHvm4","CWHvm4/110","E3"
"3977","BECv13","CWHvm4","CWHvm4/110","E4"
"3978","BECv13","CWHvm4","CWHvm4/110","D4"
"3979","BECv13","CWHvm4","CWHvm4/110","D5"
"3980","BECv13","CWHvm4","CWHvm4/110","E5"
"3981","BECv13","CWHvm4","CWHvm4/111","A4"
"3982","BECv13","CWHvm4","CWHvm4/111","A5"
"3983","BECv13","CWHvm4","CWHvm4/111","B5"
"3984","BECv13","CWHvm4","CWHvm4/111","C5"
"3985","BECv13","CWHvm4","CWHvm4/112","D5"
"3986","BECv13","CWHvm4","CWHvm4/112","E5"
"3987","BECv13","CWHvm4","CWHvm4/112","E6"
"3988","BECv13","CWHvm4","CWHvm4/112","D6"
"3989","BECv13","CWHvm4","CWHvm4/113","A6"
"3990","BECv13","CWHvm4","CWHvm4/113","B6"
"3991","BECv13","CWHvm4","CWHvm4/Wb51","A7"
"3992","BECv13","CWHvm4","CWHvm4/Wb51","B7"
"3993","BECv13","CWHvm4","CWHvm4/Wb53","A7"
"3994","BECv13","CWHvm4","CWHvm4/Wb53","B7"
"3995","BECv13","CWHvm4","CWHvm4/Wf","C7"
"3996","BECv13","CWHvm4","CWHvm4/Wf","D7"
"3997","BECv13","CWHvm4","CWHvm4/Wf","E7"
"3998","BECv13","CWHvm4","CWHvm4/Wm","C7"
"3999","BECv13","CWHvm4","CWHvm4/Wm","D7"
"4000","BECv13","CWHvm4","CWHvm4/Wm","E7"
"4001","BECv13","CWHvm4","CWHvm4/Ws55","E6"
"4002","BECv13","CWHvm4","CWHvm4/Ws55","C6"
"4003","BECv13","CWHvm4","CWHvm4/Ws55","D6"
"4004","BECv13","CWHvm4","CWHvm4/Ws55","C7"
"4005","BECv13","CWHvm4","CWHvm4/Ws55","D7"
"4006","BECv13","CWHvm4","CWHvm4/Ws55","E7"
"4007","USA_2023","CWHwh_OR","CWHwh_OR/101","D4"
"4008","USA_2023","CWHwh_OR","CWHwh_OR/101","D3"
"4009","USA_2023","CWHwh_OR","CWHwh_OR/101","C4"
"4010","USA_2023","CWHwh_OR","CWHwh_OR/101","C3"
"4011","USA_2023","CWHwh_OR","CWHwh_OR/101","B4"
"4012","USA_2023","CWHwh_OR","CWHwh_OR/101","B3"
"4013","USA_2023","CWHwh_OR","CWHwh_OR/102","D1"
"4014","USA_2023","CWHwh_OR","CWHwh_OR/102","C1"
"4015","USA_2023","CWHwh_OR","CWHwh_OR/102","B1"
"4016","USA_2023","CWHwh_OR","CWHwh_OR/102","A1"
"4017","USA_2023","CWHwh_OR","CWHwh_OR/103","D2"
"4018","USA_2023","CWHwh_OR","CWHwh_OR/103","C2"
"4019","USA_2023","CWHwh_OR","CWHwh_OR/103","B2"
"4020","USA_2023","CWHwh_OR","CWHwh_OR/103","A2"
"4021","USA_2023","CWHwh_OR","CWHwh_OR/110","C5"
"4022","USA_2023","CWHwh_OR","CWHwh_OR/110","B5"
"4023","USA_2023","CWHwh_OR","CWHwh_OR/111","C6"
"4024","USA_2023","CWHwh_OR","CWHwh_OR/111","B6"
"4025","USA_2023","CWHwh_OR","CWHwh_OR/112","E5"
"4026","USA_2023","CWHwh_OR","CWHwh_OR/112","D5"
"4027","USA_2023","CWHwh_OR","CWHwh_OR/113","E6"
"4028","USA_2023","CWHwh_OR","CWHwh_OR/113","D6"
"4029","USA_2023","CWHwh_OR","CWHwh_OR/Ro","A0"
"4030","USA_2023","CWHwh_OR","CWHwh_OR/Ro","B0"
"4031","USA_2019","CWHwh_WA","CWHwh_WA/101","D4"
"4032","USA_2019","CWHwh_WA","CWHwh_WA/101","D3"
"4033","USA_2019","CWHwh_WA","CWHwh_WA/101","C4"
"4034","USA_2019","CWHwh_WA","CWHwh_WA/101","C3"
"4035","USA_2019","CWHwh_WA","CWHwh_WA/101","B4"
"4036","USA_2019","CWHwh_WA","CWHwh_WA/101","B3"
"4037","USA_2019","CWHwh_WA","CWHwh_WA/102","D1"
"4038","USA_2019","CWHwh_WA","CWHwh_WA/102","C1"
"4039","USA_2019","CWHwh_WA","CWHwh_WA/102","B1"
"4040","USA_2019","CWHwh_WA","CWHwh_WA/102","A1"
"4041","USA_2019","CWHwh_WA","CWHwh_WA/103","D2"
"4042","USA_2019","CWHwh_WA","CWHwh_WA/103","C2"
"4043","USA_2019","CWHwh_WA","CWHwh_WA/103","B2"
"4044","USA_2019","CWHwh_WA","CWHwh_WA/103","A2"
"4045","USA_2019","CWHwh_WA","CWHwh_WA/110","C5"
"4046","USA_2019","CWHwh_WA","CWHwh_WA/110","B5"
"4047","USA_2019","CWHwh_WA","CWHwh_WA/111","C6"
"4048","USA_2019","CWHwh_WA","CWHwh_WA/111","B6"
"4049","USA_2019","CWHwh_WA","CWHwh_WA/112","E5"
"4050","USA_2019","CWHwh_WA","CWHwh_WA/112","D5"
"4051","USA_2019","CWHwh_WA","CWHwh_WA/113","E6"
"4052","USA_2019","CWHwh_WA","CWHwh_WA/113","D6"
"4053","Add_2021","CWHwh_WA","CWHwh_WA/Ro","A0"
"4054","Add_2021","CWHwh_WA","CWHwh_WA/Ro","B0"
"4055","BECv10","CWHwh1","CWHwh1/101","C5"
"4056","BECv10","CWHwh1","CWHwh1/101","C4"
"4057","BECv10","CWHwh1","CWHwh1/101","C3"
"4058","BECv10","CWHwh1","CWHwh1/101","B4"
"4059","BECv10","CWHwh1","CWHwh1/101","B3"
"4060","BECv10","CWHwh1","CWHwh1/101a","C4"
"4061","BECv10","CWHwh1","CWHwh1/101a","C3"
"4062","BECv10","CWHwh1","CWHwh1/101a","B4"
"4063","BECv10","CWHwh1","CWHwh1/101a","B3"
"4064","BECv10","CWHwh1","CWHwh1/101b","C5"
"4065","BECv10","CWHwh1","CWHwh1/102","C3"
"4066","BECv10","CWHwh1","CWHwh1/102","C2"
"4067","BECv10","CWHwh1","CWHwh1/102","C1"
"4068","BECv10","CWHwh1","CWHwh1/102","B2"
"4069","BECv10","CWHwh1","CWHwh1/102","B1"
"4070","BECv10","CWHwh1","CWHwh1/102","A3"
"4071","BECv10","CWHwh1","CWHwh1/102","A2"
"4072","BECv10","CWHwh1","CWHwh1/102","A1"
"4073","BECv10","CWHwh1","CWHwh1/102","A0"
"4074","BECv10","CWHwh1","CWHwh1/103","C2"
"4075","BECv10","CWHwh1","CWHwh1/103","C1"
"4076","BECv10","CWHwh1","CWHwh1/103","C0"
"4077","BECv10","CWHwh1","CWHwh1/103","B2"
"4078","BECv10","CWHwh1","CWHwh1/103","B1"
"4079","BECv10","CWHwh1","CWHwh1/103","B0"
"4080","BECv10","CWHwh1","CWHwh1/103","A2"
"4081","BECv10","CWHwh1","CWHwh1/103","A1"
"4082","BEC11","CWHwh1","CWHwh1/103.1","C2"
"4083","BEC11","CWHwh1","CWHwh1/103.1","C1"
"4084","BEC11","CWHwh1","CWHwh1/103.1","C0"
"4085","BEC11","CWHwh1","CWHwh1/103.1","B2"
"4086","BEC11","CWHwh1","CWHwh1/103.1","B1"
"4087","BEC11","CWHwh1","CWHwh1/103.1","B0"
"4088","BEC11","CWHwh1","CWHwh1/103.1","A2"
"4089","BEC11","CWHwh1","CWHwh1/103.1","A1"
"4090","BEC11","CWHwh1","CWHwh1/103.1","A0"
"4091","BEC11","CWHwh1","CWHwh1/103.2","C2"
"4092","BEC11","CWHwh1","CWHwh1/103.2","C1"
"4093","BEC11","CWHwh1","CWHwh1/103.2","C0"
"4094","BEC11","CWHwh1","CWHwh1/103.2","B2"
"4095","BEC11","CWHwh1","CWHwh1/103.2","B1"
"4096","BEC11","CWHwh1","CWHwh1/103.2","B0"
"4097","BEC11","CWHwh1","CWHwh1/103.2","A2"
"4098","BEC11","CWHwh1","CWHwh1/103.2","A1"
"4099","BEC11","CWHwh1","CWHwh1/103.2","A0"
"4100","BECv10","CWHwh1","CWHwh1/104","C3"
"4101","BECv10","CWHwh1","CWHwh1/104","C2"
"4102","BECv10","CWHwh1","CWHwh1/104","B3"
"4103","BECv10","CWHwh1","CWHwh1/104","B2"
"4104","BECv10","CWHwh1","CWHwh1/104","A3"
"4105","BECv10","CWHwh1","CWHwh1/104","A2"
"4106","BECv10","CWHwh1","CWHwh1/105","E3"
"4107","BECv10","CWHwh1","CWHwh1/105","E2"
"4108","BECv10","CWHwh1","CWHwh1/105","D3"
"4109","BECv10","CWHwh1","CWHwh1/105","D2"
"4110","BECv10","CWHwh1","CWHwh1/105a","E3"
"4111","BECv10","CWHwh1","CWHwh1/105a","E2"
"4112","BECv10","CWHwh1","CWHwh1/105a","D3"
"4113","BECv10","CWHwh1","CWHwh1/105a","D2"
"4114","BECv10","CWHwh1","CWHwh1/105b","E3"
"4115","BECv10","CWHwh1","CWHwh1/105b","E2"
"4116","BECv10","CWHwh1","CWHwh1/105b","D3"
"4117","BECv10","CWHwh1","CWHwh1/105b","D2"
"4118","BECv10","CWHwh1","CWHwh1/110","B5"
"4119","BECv10","CWHwh1","CWHwh1/110","A5"
"4120","BECv10","CWHwh1","CWHwh1/110","A4"
"4121","BECv10","CWHwh1","CWHwh1/110a","B5"
"4122","BECv10","CWHwh1","CWHwh1/110a","A5"
"4123","BECv10","CWHwh1","CWHwh1/110a","A4"
"4124","BECv10","CWHwh1","CWHwh1/110b","B5"
"4125","BECv10","CWHwh1","CWHwh1/110b","A5"
"4126","BECv10","CWHwh1","CWHwh1/111","E5"
"4127","BECv10","CWHwh1","CWHwh1/111","E4"
"4128","BECv10","CWHwh1","CWHwh1/111","D5"
"4129","BECv10","CWHwh1","CWHwh1/111","D4"
"4130","BECv10","CWHwh1","CWHwh1/111a","E5"
"4131","BECv10","CWHwh1","CWHwh1/111a","E4"
"4132","BECv10","CWHwh1","CWHwh1/111a","D5"
"4133","BECv10","CWHwh1","CWHwh1/111a","D4"
"4134","BECv10","CWHwh1","CWHwh1/111b","E5"
"4135","BECv10","CWHwh1","CWHwh1/111b","E4"
"4136","BECv10","CWHwh1","CWHwh1/111b","D5"
"4137","BECv10","CWHwh1","CWHwh1/111b","D4"
"4138","BECv10","CWHwh1","CWHwh1/111c","E5"
"4139","BECv10","CWHwh1","CWHwh1/111c","E4"
"4140","BECv10","CWHwh1","CWHwh1/111c","D5"
"4141","BECv10","CWHwh1","CWHwh1/111c","D4"
"4142","BECv10","CWHwh1","CWHwh1/112","E4"
"4143","BECv10","CWHwh1","CWHwh1/112","D4"
"4144","BECv10","CWHwh1","CWHwh1/113","E5"
"4145","BECv10","CWHwh1","CWHwh1/113","E4"
"4146","BECv10","CWHwh1","CWHwh1/113","D5"
"4147","BECv10","CWHwh1","CWHwh1/113","D4"
"4148","BECv10","CWHwh1","CWHwh1/114","E5"
"4149","BECv10","CWHwh1","CWHwh1/114","D5"
"4150","BECv10","CWHwh1","CWHwh1/115","B6"
"4151","BECv10","CWHwh1","CWHwh1/115","A6"
"4152","BECv10","CWHwh1","CWHwh1/116","E6"
"4153","BECv10","CWHwh1","CWHwh1/116","D6"
"4154","BECv10","CWHwh1","CWHwh1/117","E6"
"4155","BECv10","CWHwh1","CWHwh1/117","D6"
"4156","BECv10","CWHwh1","CWHwh1/118","E7"
"4157","BECv10","CWHwh1","CWHwh1/118","E6"
"4158","BECv10","CWHwh1","CWHwh1/118","D7"
"4159","BECv10","CWHwh1","CWHwh1/118","D6"
"4160","BECv10","CWHwh1","CWHwh1/118","C7"
"4161","BECv10","CWHwh1","CWHwh1/118","C6"
"4162","BEC11","CWHwh1","CWHwh1/118a","E6"
"4163","BEC11","CWHwh1","CWHwh1/118a","D6"
"4164","BEC11","CWHwh1","CWHwh1/118a","C6"
"4165","BEC11","CWHwh1","CWHwh1/118b","E7"
"4166","BEC11","CWHwh1","CWHwh1/118b","D7"
"4167","BEC11","CWHwh1","CWHwh1/118b","C7"
"4168","BECv10","CWHwh1","CWHwh1/Wb51","B7"
"4169","BECv10","CWHwh1","CWHwh1/Wb51","A7"
"4170","BECv10","CWHwh2","CWHwh2/101","C5"
"4171","BECv10","CWHwh2","CWHwh2/101","C4"
"4172","BECv10","CWHwh2","CWHwh2/101","C3"
"4173","BECv10","CWHwh2","CWHwh2/101","C2"
"4174","BECv10","CWHwh2","CWHwh2/101","C1"
"4175","BECv10","CWHwh2","CWHwh2/101","B5"
"4176","BECv10","CWHwh2","CWHwh2/101","B4"
"4177","BECv10","CWHwh2","CWHwh2/101","B3"
"4178","BECv10","CWHwh2","CWHwh2/101","B2"
"4179","BECv10","CWHwh2","CWHwh2/101","B1"
"4180","BECv10","CWHwh2","CWHwh2/101","A5"
"4181","BECv10","CWHwh2","CWHwh2/101","A4"
"4182","BECv10","CWHwh2","CWHwh2/101","A3"
"4183","BECv10","CWHwh2","CWHwh2/101","A2"
"4184","BECv10","CWHwh2","CWHwh2/101","A1"
"4185","BEC11","CWHwh2","CWHwh2/101a","C4"
"4186","BEC11","CWHwh2","CWHwh2/101a","C3"
"4187","BEC11","CWHwh2","CWHwh2/101a","B4"
"4188","BEC11","CWHwh2","CWHwh2/101a","B3"
"4189","BEC11","CWHwh2","CWHwh2/101a","A4"
"4190","BEC11","CWHwh2","CWHwh2/101a","A3"
"4191","BEC11","CWHwh2","CWHwh2/101b","C2"
"4192","BEC11","CWHwh2","CWHwh2/101b","C1"
"4193","BEC11","CWHwh2","CWHwh2/101b","B2"
"4194","BEC11","CWHwh2","CWHwh2/101b","B1"
"4195","BEC11","CWHwh2","CWHwh2/101b","A2"
"4196","BEC11","CWHwh2","CWHwh2/101b","A1"
"4197","BEC11","CWHwh2","CWHwh2/101c","C5"
"4198","BEC11","CWHwh2","CWHwh2/101c","B5"
"4199","BEC11","CWHwh2","CWHwh2/101c","A5"
"4200","BECv10","CWHwh2","CWHwh2/110","E5"
"4201","BECv10","CWHwh2","CWHwh2/110","E4"
"4202","BECv10","CWHwh2","CWHwh2/110","D5"
"4203","BECv10","CWHwh2","CWHwh2/110","D4"
"4204","BECv10","CWHwh2","CWHwh2/111","C6"
"4205","BECv10","CWHwh2","CWHwh2/111","B6"
"4206","BECv10","CWHwh2","CWHwh2/111","A6"
"4207","BECv10","CWHwh2","CWHwh2/112","E7"
"4208","BECv10","CWHwh2","CWHwh2/112","E6"
"4209","BECv10","CWHwh2","CWHwh2/112","D7"
"4210","BECv10","CWHwh2","CWHwh2/112","D6"
"4211","BECv10","CWHwh2","CWHwh2/112","C7"
"4212","BEC11","CWHwh2","CWHwh2/112a","E6"
"4213","BEC11","CWHwh2","CWHwh2/112a","D6"
"4214","BEC11","CWHwh2","CWHwh2/112b","E7"
"4215","BEC11","CWHwh2","CWHwh2/112b","D7"
"4216","BEC11","CWHwh2","CWHwh2/112b","C7"
"4217","Add_2021","CWHwh2","CWHwh2/Ro","A0"
"4218","Add_2021","CWHwh2","CWHwh2/Ro","B0"
"4219","BECv13","CWHwm","CWHwm/101","A2"
"4220","BECv13","CWHwm","CWHwm/101","B2"
"4221","BECv13","CWHwm","CWHwm/101","C2"
"4222","BECv13","CWHwm","CWHwm/101","A3"
"4223","BECv13","CWHwm","CWHwm/101","B3"
"4224","BECv13","CWHwm","CWHwm/101","C3"
"4225","BECv13","CWHwm","CWHwm/101","A4"
"4226","BECv13","CWHwm","CWHwm/101","B4"
"4227","BECv13","CWHwm","CWHwm/101","C4"
"4228","BECv13","CWHwm","CWHwm/101a","A2"
"4229","BECv13","CWHwm","CWHwm/101a","B2"
"4230","BECv13","CWHwm","CWHwm/101a","C2"
"4231","BECv13","CWHwm","CWHwm/101a","C3"
"4232","BECv13","CWHwm","CWHwm/101a","A3"
"4233","BECv13","CWHwm","CWHwm/101a","B3"
"4234","BECv13","CWHwm","CWHwm/101a","C4"
"4235","BECv13","CWHwm","CWHwm/101a","B4"
"4236","BECv13","CWHwm","CWHwm/101a","A4"
"4237","BECv13","CWHwm","CWHwm/101b","A2"
"4238","BECv13","CWHwm","CWHwm/101b","A3"
"4239","BECv13","CWHwm","CWHwm/101b","A4"
"4240","BECv13","CWHwm","CWHwm/101b","B4"
"4241","BECv13","CWHwm","CWHwm/101b","B3"
"4242","BECv13","CWHwm","CWHwm/101b","B2"
"4243","BECv13","CWHwm","CWHwm/101b","C2"
"4244","BECv13","CWHwm","CWHwm/101b","C4"
"4245","BECv13","CWHwm","CWHwm/101b","C3"
"4246","BECv13","CWHwm","CWHwm/102","A0"
"4247","BECv13","CWHwm","CWHwm/102","B0"
"4248","BECv13","CWHwm","CWHwm/102","B1"
"4249","BECv13","CWHwm","CWHwm/102","A1"
"4250","BECv13","CWHwm","CWHwm/102","C0"
"4251","BECv13","CWHwm","CWHwm/102","C1"
"4252","BECv13","CWHwm","CWHwm/110","D3"
"4253","BECv13","CWHwm","CWHwm/110","E3"
"4254","BECv13","CWHwm","CWHwm/110","E4"
"4255","BECv13","CWHwm","CWHwm/110","D4"
"4256","BECv13","CWHwm","CWHwm/110","D5"
"4257","BECv13","CWHwm","CWHwm/110","E5"
"4258","BECv13","CWHwm","CWHwm/111","A5"
"4259","BECv13","CWHwm","CWHwm/111","A6"
"4260","BECv13","CWHwm","CWHwm/111","B6"
"4261","BECv13","CWHwm","CWHwm/111","B5"
"4262","BECv13","CWHwm","CWHwm/111","C5"
"4263","BECv13","CWHwm","CWHwm/111","C6"
"4264","BECv13","CWHwm","CWHwm/112","D5"
"4265","BECv13","CWHwm","CWHwm/112","D6"
"4266","BECv13","CWHwm","CWHwm/112","E5"
"4267","BECv13","CWHwm","CWHwm/112","E6"
"4268","BECv13","CWHwm","CWHwm/113","D5"
"4269","BECv13","CWHwm","CWHwm/113","E5"
"4270","BECv13","CWHwm","CWHwm/113","E6"
"4271","BECv13","CWHwm","CWHwm/113","D6"
"4272","BECv13","CWHwm","CWHwm/Fl50","D5"
"4273","BECv13","CWHwm","CWHwm/Fl50","D6"
"4274","BECv13","CWHwm","CWHwm/Fl50","E6"
"4275","BECv13","CWHwm","CWHwm/Fl50","E5"
"4276","BECv13","CWHwm","CWHwm/Fl51","D5"
"4277","BECv13","CWHwm","CWHwm/Fl51","D6"
"4278","BECv13","CWHwm","CWHwm/Fl51","E6"
"4279","BECv13","CWHwm","CWHwm/Fl51","E5"
"4280","BECv13","CWHwm","CWHwm/Fm50","D5"
"4281","BECv13","CWHwm","CWHwm/Fm50","E5"
"4282","BECv13","CWHwm","CWHwm/Fm50","D6"
"4283","BECv13","CWHwm","CWHwm/Fm50","E6"
"4284","BECv13","CWHwm","CWHwm/Wb51","A7"
"4285","BECv13","CWHwm","CWHwm/Wb51","B7"
"4286","BECv13","CWHwm","CWHwm/Wb53","A7"
"4287","BECv13","CWHwm","CWHwm/Wb53","B7"
"4288","BECv13","CWHwm","CWHwm/Wf","C7"
"4289","BECv13","CWHwm","CWHwm/Wf","D7"
"4290","BECv13","CWHwm","CWHwm/Wf","E7"
"4291","BECv13","CWHwm","CWHwm/Wm","C7"
"4292","BECv13","CWHwm","CWHwm/Wm","D7"
"4293","BECv13","CWHwm","CWHwm/Wm","E7"
"4294","BECv13","CWHwm","CWHwm/Ws55","E7"
"4295","BECv13","CWHwm","CWHwm/Ws55","E6"
"4296","BECv13","CWHwm","CWHwm/Ws55","D6"
"4297","BECv13","CWHwm","CWHwm/Ws55","C6"
"4298","BECv13","CWHwm","CWHwm/Ws55","C7"
"4299","BECv13","CWHwm","CWHwm/Ws55","D7"
"4300","BECv13","CWHwm","CWHwm/Ws56","E7"
"4301","BECv13","CWHwm","CWHwm/Ws56","E6"
"4302","BECv13","CWHwm","CWHwm/Ws56","D6"
"4303","BECv13","CWHwm","CWHwm/Ws56","C6"
"4304","BECv13","CWHwm","CWHwm/Ws56","C7"
"4305","BECv13","CWHwm","CWHwm/Ws56","D7"
"4306","BECv13","CWHwm","CWHwm/Ws60","E7"
"4307","BECv13","CWHwm","CWHwm/Ws60","E6"
"4308","BECv13","CWHwm","CWHwm/Ws60","D6"
"4309","BECv13","CWHwm","CWHwm/Ws60","C6"
"4310","BECv13","CWHwm","CWHwm/Ws60","C7"
"4311","BECv13","CWHwm","CWHwm/Ws60","D7"
"4312","BECv13","CWHws1","CWHws1/101","A4"
"4313","BECv13","CWHws1","CWHws1/101","A3"
"4314","BECv13","CWHws1","CWHws1/101","B3"
"4315","BECv13","CWHws1","CWHws1/101","C3"
"4316","BECv13","CWHws1","CWHws1/101","C4"
"4317","BECv13","CWHws1","CWHws1/101","B4"
"4318","BECv13","CWHws1","CWHws1/102","A0"
"4319","BECv13","CWHws1","CWHws1/102","B0"
"4320","BECv13","CWHws1","CWHws1/102","C0"
"4321","BECv13","CWHws1","CWHws1/102","C1"
"4322","BECv13","CWHws1","CWHws1/102","B1"
"4323","BECv13","CWHws1","CWHws1/102","A1"
"4324","BECv13","CWHws1","CWHws1/103","A1"
"4325","BECv13","CWHws1","CWHws1/103","A2"
"4326","BECv13","CWHws1","CWHws1/103","B2"
"4327","BECv13","CWHws1","CWHws1/103","C1"
"4328","BECv13","CWHws1","CWHws1/103","B1"
"4329","BECv13","CWHws1","CWHws1/103","C2"
"4330","BECv13","CWHws1","CWHws1/103","A3"
"4331","BECv13","CWHws1","CWHws1/103","B3"
"4332","BECv13","CWHws1","CWHws1/103","C3"
"4333","BECv13","CWHws1","CWHws1/110","D3"
"4334","BECv13","CWHws1","CWHws1/110","E3"
"4335","BECv13","CWHws1","CWHws1/110","D4"
"4336","BECv13","CWHws1","CWHws1/110","E4"
"4337","BECv13","CWHws1","CWHws1/110","D5"
"4338","BECv13","CWHws1","CWHws1/110","E5"
"4339","BECv13","CWHws1","CWHws1/111","A6"
"4340","BECv13","CWHws1","CWHws1/111","A5"
"4341","BECv13","CWHws1","CWHws1/111","B5"
"4342","BECv13","CWHws1","CWHws1/111","B6"
"4343","BECv13","CWHws1","CWHws1/111","C6"
"4344","BECv13","CWHws1","CWHws1/111","C5"
"4345","BECv13","CWHws1","CWHws1/112","D5"
"4346","BECv13","CWHws1","CWHws1/112","E5"
"4347","BECv13","CWHws1","CWHws1/112","E6"
"4348","BECv13","CWHws1","CWHws1/112","D6"
"4349","BECv13","CWHws1","CWHws1/113","D6"
"4350","BECv13","CWHws1","CWHws1/113","E6"
"4351","BECv13","CWHws1","CWHws1/113","D5"
"4352","BECv13","CWHws1","CWHws1/113","E5"
"4353","BECv13","CWHws1","CWHws1/Fl50","D5"
"4354","BECv13","CWHws1","CWHws1/Fl50","E5"
"4355","BECv13","CWHws1","CWHws1/Fl50","E6"
"4356","BECv13","CWHws1","CWHws1/Fl50","D6"
"4357","BECv13","CWHws1","CWHws1/Fm50","D5"
"4358","BECv13","CWHws1","CWHws1/Fm50","E5"
"4359","BECv13","CWHws1","CWHws1/Fm50","E6"
"4360","BECv13","CWHws1","CWHws1/Fm50","D6"
"4361","BECv13","CWHws1","CWHws1/Ro","A0"
"4362","BECv13","CWHws1","CWHws1/Ro","B0"
"4363","BECv13","CWHws1","CWHws1/Ro","C0"
"4364","BECv13","CWHws1","CWHws1/Wb51","A7"
"4365","BECv13","CWHws1","CWHws1/Wb51","B7"
"4366","BECv13","CWHws1","CWHws1/Ws56","C7"
"4367","BECv13","CWHws1","CWHws1/Ws56","D7"
"4368","BECv13","CWHws1","CWHws1/Ws56","E7"
"4369","BECv13","CWHws2","CWHws2/101","A3"
"4370","BECv13","CWHws2","CWHws2/101","A4"
"4371","BECv13","CWHws2","CWHws2/101","B4"
"4372","BECv13","CWHws2","CWHws2/101","C4"
"4373","BECv13","CWHws2","CWHws2/101","C3"
"4374","BECv13","CWHws2","CWHws2/101","B3"
"4375","BECv13","CWHws2","CWHws2/102","A0"
"4376","BECv13","CWHws2","CWHws2/102","B0"
"4377","BECv13","CWHws2","CWHws2/102","C0"
"4378","BECv13","CWHws2","CWHws2/102","C1"
"4379","BECv13","CWHws2","CWHws2/102","B1"
"4380","BECv13","CWHws2","CWHws2/102","A1"
"4381","BECv13","CWHws2","CWHws2/103","A1"
"4382","BECv13","CWHws2","CWHws2/103","B1"
"4383","BECv13","CWHws2","CWHws2/103","C1"
"4384","BECv13","CWHws2","CWHws2/103","C2"
"4385","BECv13","CWHws2","CWHws2/103","B2"
"4386","BECv13","CWHws2","CWHws2/103","A2"
"4387","BECv13","CWHws2","CWHws2/110","D3"
"4388","BECv13","CWHws2","CWHws2/110","E3"
"4389","BECv13","CWHws2","CWHws2/110","E4"
"4390","BECv13","CWHws2","CWHws2/110","D4"
"4391","BECv13","CWHws2","CWHws2/110","D5"
"4392","BECv13","CWHws2","CWHws2/110","E5"
"4393","BECv13","CWHws2","CWHws2/111","A5"
"4394","BECv13","CWHws2","CWHws2/111","B5"
"4395","BECv13","CWHws2","CWHws2/111","C5"
"4396","BECv13","CWHws2","CWHws2/111","C6"
"4397","BECv13","CWHws2","CWHws2/111","B6"
"4398","BECv13","CWHws2","CWHws2/111","A6"
"4399","BECv13","CWHws2","CWHws2/112","D6"
"4400","BECv13","CWHws2","CWHws2/112","C6"
"4401","BECv13","CWHws2","CWHws2/112","C5"
"4402","BECv13","CWHws2","CWHws2/112","D5"
"4403","BECv13","CWHws2","CWHws2/112","E5"
"4404","BECv13","CWHws2","CWHws2/112","E6"
"4405","BECv13","CWHws2","CWHws2/113","E6"
"4406","BECv13","CWHws2","CWHws2/113","E5"
"4407","BECv13","CWHws2","CWHws2/113","D5"
"4408","BECv13","CWHws2","CWHws2/113","C5"
"4409","BECv13","CWHws2","CWHws2/113","D6"
"4410","BECv13","CWHws2","CWHws2/113","C6"
"4411","BECv13","CWHws2","CWHws2/114","E5"
"4412","BECv13","CWHws2","CWHws2/114","E6"
"4413","BECv13","CWHws2","CWHws2/114","D6"
"4414","BECv13","CWHws2","CWHws2/114","D5"
"4415","BECv13","CWHws2","CWHws2/114","C5"
"4416","BECv13","CWHws2","CWHws2/114","C6"
"4417","BECv13","CWHws2","CWHws2/Fl51","E6"
"4418","BECv13","CWHws2","CWHws2/Fl51","D6"
"4419","BECv13","CWHws2","CWHws2/Fl51","C6"
"4420","BECv13","CWHws2","CWHws2/Fl51","C5"
"4421","BECv13","CWHws2","CWHws2/Fl51","E5"
"4422","BECv13","CWHws2","CWHws2/Fl51","D5"
"4423","BECv13","CWHws2","CWHws2/Fm50","E6"
"4424","BECv13","CWHws2","CWHws2/Fm50","E5"
"4425","BECv13","CWHws2","CWHws2/Fm50","D5"
"4426","BECv13","CWHws2","CWHws2/Fm50","C5"
"4427","BECv13","CWHws2","CWHws2/Fm50","C6"
"4428","BECv13","CWHws2","CWHws2/Fm50","D6"
"4429","BECv13","CWHws2","CWHws2/Ro","A0"
"4430","BECv13","CWHws2","CWHws2/Ro","B0"
"4431","BECv13","CWHws2","CWHws2/Ro","C0"
"4432","BECv13","CWHws2","CWHws2/Wb51","A7"
"4433","BECv13","CWHws2","CWHws2/Wb51","B7"
"4434","BECv13","CWHws2","CWHws2/Ws56","E7"
"4435","BECv13","CWHws2","CWHws2/Ws56","D7"
"4436","BECv13","CWHws2","CWHws2/Ws56","C7"
"4437","BECv13","CWHws3","CWHws3/101","A3"
"4438","BECv13","CWHws3","CWHws3/101","B3"
"4439","BECv13","CWHws3","CWHws3/101","C3"
"4440","BECv13","CWHws3","CWHws3/101","C4"
"4441","BECv13","CWHws3","CWHws3/101","B4"
"4442","BECv13","CWHws3","CWHws3/101","A4"
"4443","BECv13","CWHws3","CWHws3/102","A0"
"4444","BECv13","CWHws3","CWHws3/102","B0"
"4445","BECv13","CWHws3","CWHws3/102","C0"
"4446","BECv13","CWHws3","CWHws3/102","C1"
"4447","BECv13","CWHws3","CWHws3/102","B1"
"4448","BECv13","CWHws3","CWHws3/102","A1"
"4449","BECv13","CWHws3","CWHws3/103","A1"
"4450","BECv13","CWHws3","CWHws3/103","B1"
"4451","BECv13","CWHws3","CWHws3/103","C1"
"4452","BECv13","CWHws3","CWHws3/103","C2"
"4453","BECv13","CWHws3","CWHws3/103","B2"
"4454","BECv13","CWHws3","CWHws3/103","A2"
"4455","BECv13","CWHws3","CWHws3/110","D3"
"4456","BECv13","CWHws3","CWHws3/110","D4"
"4457","BECv13","CWHws3","CWHws3/110","E4"
"4458","BECv13","CWHws3","CWHws3/110","E3"
"4459","BECv13","CWHws3","CWHws3/111","A5"
"4460","BECv13","CWHws3","CWHws3/111","B5"
"4461","BECv13","CWHws3","CWHws3/111","C5"
"4462","BECv13","CWHws3","CWHws3/111","C6"
"4463","BECv13","CWHws3","CWHws3/111","B6"
"4464","BECv13","CWHws3","CWHws3/111","A6"
"4465","BECv13","CWHws3","CWHws3/112","D5"
"4466","BECv13","CWHws3","CWHws3/112","E5"
"4467","BECv13","CWHws3","CWHws3/112","E6"
"4468","BECv13","CWHws3","CWHws3/112","D6"
"4469","BECv13","CWHws3","CWHws3/113","D5"
"4470","BECv13","CWHws3","CWHws3/113","D6"
"4471","BECv13","CWHws3","CWHws3/113","E6"
"4472","BECv13","CWHws3","CWHws3/113","E5"
"4473","BECv13","CWHws3","CWHws3/Fl50","D5"
"4474","BECv13","CWHws3","CWHws3/Fl50","E5"
"4475","BECv13","CWHws3","CWHws3/Fl50","E6"
"4476","BECv13","CWHws3","CWHws3/Fl50","D6"
"4477","BECv13","CWHws3","CWHws3/Fm50","D5"
"4478","BECv13","CWHws3","CWHws3/Fm50","E5"
"4479","BECv13","CWHws3","CWHws3/Fm50","E6"
"4480","BECv13","CWHws3","CWHws3/Fm50","D6"
"4481","BECv13","CWHws3","CWHws3/Wb51","B7"
"4482","BECv13","CWHws3","CWHws3/Wb51","A7"
"4483","BECv13","CWHws3","CWHws3/Ws56","C7"
"4484","BECv13","CWHws3","CWHws3/Ws56","D7"
"4485","BECv13","CWHws3","CWHws3/Ws56","E7"
"4486","USA_2019","CWHxm_OR","CWHxm_OR/101","D4"
"4487","USA_2019","CWHxm_OR","CWHxm_OR/101","D3"
"4488","USA_2019","CWHxm_OR","CWHxm_OR/101","C4"
"4489","USA_2019","CWHxm_OR","CWHxm_OR/101","C3"
"4490","USA_2019","CWHxm_OR","CWHxm_OR/101","B4"
"4491","USA_2019","CWHxm_OR","CWHxm_OR/101","B3"
"4492","USA_2019","CWHxm_OR","CWHxm_OR/102","D1"
"4493","USA_2019","CWHxm_OR","CWHxm_OR/102","C1"
"4494","USA_2019","CWHxm_OR","CWHxm_OR/102","B1"
"4495","USA_2019","CWHxm_OR","CWHxm_OR/102","A1"
"4496","USA_2019","CWHxm_OR","CWHxm_OR/103","D2"
"4497","USA_2019","CWHxm_OR","CWHxm_OR/103","C2"
"4498","USA_2019","CWHxm_OR","CWHxm_OR/103","B2"
"4499","USA_2019","CWHxm_OR","CWHxm_OR/103","A2"
"4500","USA_2019","CWHxm_OR","CWHxm_OR/110","C5"
"4501","USA_2019","CWHxm_OR","CWHxm_OR/110","B5"
"4502","USA_2019","CWHxm_OR","CWHxm_OR/111","C6"
"4503","USA_2019","CWHxm_OR","CWHxm_OR/111","B6"
"4504","USA_2019","CWHxm_OR","CWHxm_OR/112","E5"
"4505","USA_2019","CWHxm_OR","CWHxm_OR/112","D5"
"4506","USA_2019","CWHxm_OR","CWHxm_OR/113","E6"
"4507","USA_2019","CWHxm_OR","CWHxm_OR/113","D6"
"4508","Add_2021","CWHxm_OR","CWHxm_OR/Ro","A0"
"4509","Add_2021","CWHxm_OR","CWHxm_OR/Ro","B0"
"4510","USA_2019","CWHxm_WA","CWHxm_WA/101","D4"
"4511","USA_2019","CWHxm_WA","CWHxm_WA/101","D3"
"4512","USA_2019","CWHxm_WA","CWHxm_WA/101","C4"
"4513","USA_2019","CWHxm_WA","CWHxm_WA/101","C3"
"4514","USA_2019","CWHxm_WA","CWHxm_WA/101","B4"
"4515","USA_2019","CWHxm_WA","CWHxm_WA/101","B3"
"4516","USA_2019","CWHxm_WA","CWHxm_WA/102","D1"
"4517","USA_2019","CWHxm_WA","CWHxm_WA/102","C1"
"4518","USA_2019","CWHxm_WA","CWHxm_WA/102","B1"
"4519","USA_2019","CWHxm_WA","CWHxm_WA/102","A1"
"4520","USA_2019","CWHxm_WA","CWHxm_WA/103","D2"
"4521","USA_2019","CWHxm_WA","CWHxm_WA/103","C2"
"4522","USA_2019","CWHxm_WA","CWHxm_WA/103","B2"
"4523","USA_2019","CWHxm_WA","CWHxm_WA/103","A2"
"4524","USA_2019","CWHxm_WA","CWHxm_WA/110","C5"
"4525","USA_2019","CWHxm_WA","CWHxm_WA/110","B5"
"4526","USA_2019","CWHxm_WA","CWHxm_WA/111","C6"
"4527","USA_2019","CWHxm_WA","CWHxm_WA/111","B6"
"4528","USA_2019","CWHxm_WA","CWHxm_WA/112","E5"
"4529","USA_2019","CWHxm_WA","CWHxm_WA/112","D5"
"4530","USA_2019","CWHxm_WA","CWHxm_WA/113","E6"
"4531","USA_2019","CWHxm_WA","CWHxm_WA/113","D6"
"4532","Add_2021","CWHxm_WA","CWHxm_WA/Ro","A0"
"4533","Add_2021","CWHxm_WA","CWHxm_WA/Ro","B0"
"4534","BECv13","CWHxs","CWHxs/101","A5"
"4535","BECv13","CWHxs","CWHxs/101","A4"
"4536","BECv13","CWHxs","CWHxs/101","A3"
"4537","BECv13","CWHxs","CWHxs/101","A2"
"4538","BECv13","CWHxs","CWHxs/101","B2"
"4539","BECv13","CWHxs","CWHxs/101","B3"
"4540","BECv13","CWHxs","CWHxs/101","B4"
"4541","BECv13","CWHxs","CWHxs/101","B5"
"4542","BECv13","CWHxs","CWHxs/101","C5"
"4543","BECv13","CWHxs","CWHxs/101","C2"
"4544","BECv13","CWHxs","CWHxs/101","C3"
"4545","BECv13","CWHxs","CWHxs/101","C4"
"4546","BECv13","CWHxs","CWHxs/101.1","A2"
"4547","BECv13","CWHxs","CWHxs/101.1","A3"
"4548","BECv13","CWHxs","CWHxs/101.1","A4"
"4549","BECv13","CWHxs","CWHxs/101.1","A5"
"4550","BECv13","CWHxs","CWHxs/101.1","B5"
"4551","BECv13","CWHxs","CWHxs/101.1","C5"
"4552","BECv13","CWHxs","CWHxs/101.1","C4"
"4553","BECv13","CWHxs","CWHxs/101.1","C3"
"4554","BECv13","CWHxs","CWHxs/101.1","C2"
"4555","BECv13","CWHxs","CWHxs/101.1","B2"
"4556","BECv13","CWHxs","CWHxs/101.1","B3"
"4557","BECv13","CWHxs","CWHxs/101.1","B4"
"4558","BECv13","CWHxs","CWHxs/101.2","A2"
"4559","BECv13","CWHxs","CWHxs/101.2","A3"
"4560","BECv13","CWHxs","CWHxs/101.2","A4"
"4561","BECv13","CWHxs","CWHxs/101.2","A5"
"4562","BECv13","CWHxs","CWHxs/101.2","B5"
"4563","BECv13","CWHxs","CWHxs/101.2","B4"
"4564","BECv13","CWHxs","CWHxs/101.2","B3"
"4565","BECv13","CWHxs","CWHxs/101.2","B2"
"4566","BECv13","CWHxs","CWHxs/101.2","C2"
"4567","BECv13","CWHxs","CWHxs/101.2","C3"
"4568","BECv13","CWHxs","CWHxs/101.2","C4"
"4569","BECv13","CWHxs","CWHxs/101.2","C5"
"4570","BECv13","CWHxs","CWHxs/102","A0"
"4571","BECv13","CWHxs","CWHxs/102","A1"
"4572","BECv13","CWHxs","CWHxs/102","B0"
"4573","BECv13","CWHxs","CWHxs/102","B1"
"4574","BECv13","CWHxs","CWHxs/103","A1"
"4575","BECv13","CWHxs","CWHxs/103","A2"
"4576","BECv13","CWHxs","CWHxs/103","B1"
"4577","BECv13","CWHxs","CWHxs/103","C1"
"4578","BECv13","CWHxs","CWHxs/103","C2"
"4579","BECv13","CWHxs","CWHxs/103","B2"
"4580","BECv13","CWHxs","CWHxs/103.1","A1"
"4581","BECv13","CWHxs","CWHxs/103.1","A2"
"4582","BECv13","CWHxs","CWHxs/103.1","B1"
"4583","BECv13","CWHxs","CWHxs/103.1","C1"
"4584","BECv13","CWHxs","CWHxs/103.1","C2"
"4585","BECv13","CWHxs","CWHxs/103.1","B2"
"4586","BECv13","CWHxs","CWHxs/103.2","A1"
"4587","BECv13","CWHxs","CWHxs/103.2","A2"
"4588","BECv13","CWHxs","CWHxs/103.2","B1"
"4589","BECv13","CWHxs","CWHxs/103.2","C1"
"4590","BECv13","CWHxs","CWHxs/103.2","C2"
"4591","BECv13","CWHxs","CWHxs/103.2","B2"
"4592","BECv13","CWHxs","CWHxs/110","C3"
"4593","BECv13","CWHxs","CWHxs/110","D3"
"4594","BECv13","CWHxs","CWHxs/110","E3"
"4595","BECv13","CWHxs","CWHxs/110","E4"
"4596","BECv13","CWHxs","CWHxs/110","D4"
"4597","BECv13","CWHxs","CWHxs/110","C4"
"4598","BECv13","CWHxs","CWHxs/110","C5"
"4599","BECv13","CWHxs","CWHxs/110","D5"
"4600","BECv13","CWHxs","CWHxs/111","E6"
"4601","BECv13","CWHxs","CWHxs/111","D6"
"4602","BECv13","CWHxs","CWHxs/111","C6"
"4603","BECv13","CWHxs","CWHxs/111","E5"
"4604","BECv13","CWHxs","CWHxs/111","D5"
"4605","BECv13","CWHxs","CWHxs/111","C5"
"4606","BECv13","CWHxs","CWHxs/111","E4"
"4607","BECv13","CWHxs","CWHxs/111","D4"
"4608","BECv13","CWHxs","CWHxs/112","E6"
"4609","BECv13","CWHxs","CWHxs/112","D6"
"4610","BECv13","CWHxs","CWHxs/112","C6"
"4611","BECv13","CWHxs","CWHxs/112","E5"
"4612","BECv13","CWHxs","CWHxs/112","D5"
"4613","BECv13","CWHxs","CWHxs/112","C5"
"4614","BECv13","CWHxs","CWHxs/112","E4"
"4615","BECv13","CWHxs","CWHxs/112","D4"
"4616","BECv13","CWHxs","CWHxs/Fl50","E6"
"4617","BECv13","CWHxs","CWHxs/Fl50","D6"
"4618","BECv13","CWHxs","CWHxs/Fl50","C6"
"4619","BECv13","CWHxs","CWHxs/Fl50","E5"
"4620","BECv13","CWHxs","CWHxs/Fl50","D5"
"4621","BECv13","CWHxs","CWHxs/Fl50","C5"
"4622","BECv13","CWHxs","CWHxs/Fl50","E4"
"4623","BECv13","CWHxs","CWHxs/Fl50","D4"
"4624","BECv13","CWHxs","CWHxs/Fm51.2","E6"
"4625","BECv13","CWHxs","CWHxs/Fm51.2","D6"
"4626","BECv13","CWHxs","CWHxs/Fm51.2","C6"
"4627","BECv13","CWHxs","CWHxs/Fm51.2","E5"
"4628","BECv13","CWHxs","CWHxs/Fm51.2","D5"
"4629","BECv13","CWHxs","CWHxs/Fm51.2","C5"
"4630","BECv13","CWHxs","CWHxs/Fm51.2","E4"
"4631","BECv13","CWHxs","CWHxs/Fm51.2","D4"
"4632","BECv13","CWHxs","CWHxs/Ro","A0"
"4633","BECv13","CWHxs","CWHxs/Ro","B0"
"4634","BECv13","CWHxs","CWHxs/Ws57","E7"
"4635","BECv13","CWHxs","CWHxs/Ws57","D7"
"4636","BECv13","CWHxs","CWHxs/Ws57","C7"
"4637","AB_2020","ESSFabC","ESSFabC/a","D2"
"4638","AB_2020","ESSFabC","ESSFabC/a","C2"
"4639","AB_2020","ESSFabC","ESSFabC/a","C1"
"4640","AB_2020","ESSFabC","ESSFabC/a","B2"
"4641","AB_2020","ESSFabC","ESSFabC/a","B1"
"4642","AB_2020","ESSFabC","ESSFabC/b","C2"
"4643","AB_2020","ESSFabC","ESSFabC/b","C1"
"4644","AB_2020","ESSFabC","ESSFabC/b","B3"
"4645","AB_2020","ESSFabC","ESSFabC/b","B2"
"4646","AB_2020","ESSFabC","ESSFabC/b","B1"
"4647","AB_2020","ESSFabC","ESSFabC/b","A2"
"4648","AB_2020","ESSFabC","ESSFabC/b","A1"
"4649","AB_2020","ESSFabC","ESSFabC/c","D4"
"4650","AB_2020","ESSFabC","ESSFabC/c","D3"
"4651","AB_2020","ESSFabC","ESSFabC/c","C4"
"4652","AB_2020","ESSFabC","ESSFabC/c","C3"
"4653","AB_2020","ESSFabC","ESSFabC/c","B3"
"4654","AB_2020","ESSFabC","ESSFabC/d","D4"
"4655","AB_2020","ESSFabC","ESSFabC/d","C4"
"4656","AB_2020","ESSFabC","ESSFabC/d","B4"
"4657","AB_2020","ESSFabC","ESSFabC/d","B3"
"4658","AB_2020","ESSFabC","ESSFabC/d","A4"
"4659","AB_2020","ESSFabC","ESSFabC/d","A3"
"4660","AB_2020","ESSFabC","ESSFabC/e","E6"
"4661","AB_2020","ESSFabC","ESSFabC/e","E5"
"4662","AB_2020","ESSFabC","ESSFabC/e","E4"
"4663","AB_2020","ESSFabC","ESSFabC/e","D6"
"4664","AB_2020","ESSFabC","ESSFabC/e","D5"
"4665","AB_2020","ESSFabC","ESSFabC/e","D4"
"4666","AB_2020","ESSFabC","ESSFabC/f","C6"
"4667","AB_2020","ESSFabC","ESSFabC/f","C5"
"4668","AB_2020","ESSFabC","ESSFabC/f","B6"
"4669","AB_2020","ESSFabC","ESSFabC/f","B5"
"4670","AB_2020","ESSFabC","ESSFabC/f","A6"
"4671","AB_2020","ESSFabC","ESSFabC/f","A5"
"4672","AB_2020","ESSFabC","ESSFabC/g","D7"
"4673","AB_2020","ESSFabC","ESSFabC/g","D6"
"4674","AB_2020","ESSFabC","ESSFabC/g","D5"
"4675","AB_2020","ESSFabC","ESSFabC/g","C6"
"4676","AB_2020","ESSFabC","ESSFabC/g","C5"
"4677","AB_2020","ESSFabC","ESSFabC/h","C7"
"4678","AB_2020","ESSFabC","ESSFabC/h","B7"
"4679","AB_2020","ESSFabC","ESSFabC/h","B6"
"4680","AB_2020","ESSFabC","ESSFabC/h","A7"
"4681","AB_2020","ESSFabC","ESSFabC/i","E7"
"4682","AB_2020","ESSFabC","ESSFabC/i","D7"
"4683","AB_2020","ESSFabC","ESSFabC/i","D6"
"4684","AB_2020","ESSFabC","ESSFabC/i","C7"
"4685","AB_2020","ESSFabC","ESSFabC/i","C6"
"4686","Add_2021","ESSFabC","ESSFabC/Ro","A0"
"4687","Add_2021","ESSFabC","ESSFabC/Ro","B0"
"4688","AB_2020","ESSFabE","ESSFabE/a","D2"
"4689","AB_2020","ESSFabE","ESSFabE/a","C2"
"4690","AB_2020","ESSFabE","ESSFabE/a","C1"
"4691","AB_2020","ESSFabE","ESSFabE/a","B2"
"4692","AB_2020","ESSFabE","ESSFabE/a","B1"
"4693","AB_2020","ESSFabE","ESSFabE/b","C2"
"4694","AB_2020","ESSFabE","ESSFabE/b","C1"
"4695","AB_2020","ESSFabE","ESSFabE/b","B3"
"4696","AB_2020","ESSFabE","ESSFabE/b","B2"
"4697","AB_2020","ESSFabE","ESSFabE/b","B1"
"4698","AB_2020","ESSFabE","ESSFabE/b","A2"
"4699","AB_2020","ESSFabE","ESSFabE/b","A1"
"4700","AB_2020","ESSFabE","ESSFabE/c","D4"
"4701","AB_2020","ESSFabE","ESSFabE/c","D3"
"4702","AB_2020","ESSFabE","ESSFabE/c","C4"
"4703","AB_2020","ESSFabE","ESSFabE/c","C3"
"4704","AB_2020","ESSFabE","ESSFabE/c","B3"
"4705","AB_2020","ESSFabE","ESSFabE/d","D4"
"4706","AB_2020","ESSFabE","ESSFabE/d","C4"
"4707","AB_2020","ESSFabE","ESSFabE/d","B4"
"4708","AB_2020","ESSFabE","ESSFabE/d","B3"
"4709","AB_2020","ESSFabE","ESSFabE/d","A4"
"4710","AB_2020","ESSFabE","ESSFabE/d","A3"
"4711","AB_2020","ESSFabE","ESSFabE/e","E6"
"4712","AB_2020","ESSFabE","ESSFabE/e","E5"
"4713","AB_2020","ESSFabE","ESSFabE/e","E4"
"4714","AB_2020","ESSFabE","ESSFabE/e","D6"
"4715","AB_2020","ESSFabE","ESSFabE/e","D5"
"4716","AB_2020","ESSFabE","ESSFabE/e","D4"
"4717","AB_2020","ESSFabE","ESSFabE/f","C6"
"4718","AB_2020","ESSFabE","ESSFabE/f","C5"
"4719","AB_2020","ESSFabE","ESSFabE/f","B6"
"4720","AB_2020","ESSFabE","ESSFabE/f","B5"
"4721","AB_2020","ESSFabE","ESSFabE/f","A6"
"4722","AB_2020","ESSFabE","ESSFabE/f","A5"
"4723","AB_2020","ESSFabE","ESSFabE/g","D7"
"4724","AB_2020","ESSFabE","ESSFabE/g","D6"
"4725","AB_2020","ESSFabE","ESSFabE/g","D5"
"4726","AB_2020","ESSFabE","ESSFabE/g","C6"
"4727","AB_2020","ESSFabE","ESSFabE/g","C5"
"4728","AB_2020","ESSFabE","ESSFabE/h","C7"
"4729","AB_2020","ESSFabE","ESSFabE/h","B7"
"4730","AB_2020","ESSFabE","ESSFabE/h","B6"
"4731","AB_2020","ESSFabE","ESSFabE/h","A7"
"4732","AB_2020","ESSFabE","ESSFabE/i","E7"
"4733","AB_2020","ESSFabE","ESSFabE/i","D7"
"4734","AB_2020","ESSFabE","ESSFabE/i","D6"
"4735","AB_2020","ESSFabE","ESSFabE/i","C7"
"4736","AB_2020","ESSFabE","ESSFabE/i","C6"
"4737","Add_2021","ESSFabE","ESSFabE/Ro","A0"
"4738","Add_2021","ESSFabE","ESSFabE/Ro","B0"
"4739","AB_2020","ESSFabN","ESSFabN/a","D2"
"4740","AB_2020","ESSFabN","ESSFabN/a","C2"
"4741","AB_2020","ESSFabN","ESSFabN/a","C1"
"4742","AB_2020","ESSFabN","ESSFabN/a","B2"
"4743","AB_2020","ESSFabN","ESSFabN/a","B1"
"4744","AB_2020","ESSFabN","ESSFabN/b","C2"
"4745","AB_2020","ESSFabN","ESSFabN/b","C1"
"4746","AB_2020","ESSFabN","ESSFabN/b","B3"
"4747","AB_2020","ESSFabN","ESSFabN/b","B2"
"4748","AB_2020","ESSFabN","ESSFabN/b","B1"
"4749","AB_2020","ESSFabN","ESSFabN/b","A2"
"4750","AB_2020","ESSFabN","ESSFabN/b","A1"
"4751","AB_2020","ESSFabN","ESSFabN/c","D4"
"4752","AB_2020","ESSFabN","ESSFabN/c","D3"
"4753","AB_2020","ESSFabN","ESSFabN/c","C4"
"4754","AB_2020","ESSFabN","ESSFabN/c","C3"
"4755","AB_2020","ESSFabN","ESSFabN/c","B3"
"4756","AB_2020","ESSFabN","ESSFabN/d","D4"
"4757","AB_2020","ESSFabN","ESSFabN/d","C4"
"4758","AB_2020","ESSFabN","ESSFabN/d","B4"
"4759","AB_2020","ESSFabN","ESSFabN/d","B3"
"4760","AB_2020","ESSFabN","ESSFabN/d","A4"
"4761","AB_2020","ESSFabN","ESSFabN/d","A3"
"4762","AB_2020","ESSFabN","ESSFabN/e","E6"
"4763","AB_2020","ESSFabN","ESSFabN/e","E5"
"4764","AB_2020","ESSFabN","ESSFabN/e","E4"
"4765","AB_2020","ESSFabN","ESSFabN/e","D6"
"4766","AB_2020","ESSFabN","ESSFabN/e","D5"
"4767","AB_2020","ESSFabN","ESSFabN/e","D4"
"4768","AB_2020","ESSFabN","ESSFabN/f","C6"
"4769","AB_2020","ESSFabN","ESSFabN/f","C5"
"4770","AB_2020","ESSFabN","ESSFabN/f","B6"
"4771","AB_2020","ESSFabN","ESSFabN/f","B5"
"4772","AB_2020","ESSFabN","ESSFabN/f","A6"
"4773","AB_2020","ESSFabN","ESSFabN/f","A5"
"4774","AB_2020","ESSFabN","ESSFabN/g","D7"
"4775","AB_2020","ESSFabN","ESSFabN/g","D6"
"4776","AB_2020","ESSFabN","ESSFabN/g","D5"
"4777","AB_2020","ESSFabN","ESSFabN/g","C6"
"4778","AB_2020","ESSFabN","ESSFabN/g","C5"
"4779","AB_2020","ESSFabN","ESSFabN/h","C7"
"4780","AB_2020","ESSFabN","ESSFabN/h","B7"
"4781","AB_2020","ESSFabN","ESSFabN/h","B6"
"4782","AB_2020","ESSFabN","ESSFabN/h","A7"
"4783","AB_2020","ESSFabN","ESSFabN/i","E7"
"4784","AB_2020","ESSFabN","ESSFabN/i","D7"
"4785","AB_2020","ESSFabN","ESSFabN/i","D6"
"4786","AB_2020","ESSFabN","ESSFabN/i","C7"
"4787","AB_2020","ESSFabN","ESSFabN/i","C6"
"4788","Add_2021","ESSFabN","ESSFabN/Ro","A0"
"4789","Add_2021","ESSFabN","ESSFabN/Ro","B0"
"4790","AB_2020","ESSFabS","ESSFabS/a","D2"
"4791","AB_2020","ESSFabS","ESSFabS/a","C2"
"4792","AB_2020","ESSFabS","ESSFabS/a","C1"
"4793","AB_2020","ESSFabS","ESSFabS/a","B2"
"4794","AB_2020","ESSFabS","ESSFabS/a","B1"
"4795","AB_2020","ESSFabS","ESSFabS/b","C2"
"4796","AB_2020","ESSFabS","ESSFabS/b","C1"
"4797","AB_2020","ESSFabS","ESSFabS/b","B3"
"4798","AB_2020","ESSFabS","ESSFabS/b","B2"
"4799","AB_2020","ESSFabS","ESSFabS/b","B1"
"4800","AB_2020","ESSFabS","ESSFabS/b","A2"
"4801","AB_2020","ESSFabS","ESSFabS/b","A1"
"4802","AB_2020","ESSFabS","ESSFabS/c","D4"
"4803","AB_2020","ESSFabS","ESSFabS/c","D3"
"4804","AB_2020","ESSFabS","ESSFabS/c","C4"
"4805","AB_2020","ESSFabS","ESSFabS/c","C3"
"4806","AB_2020","ESSFabS","ESSFabS/c","B3"
"4807","AB_2020","ESSFabS","ESSFabS/d","D4"
"4808","AB_2020","ESSFabS","ESSFabS/d","C4"
"4809","AB_2020","ESSFabS","ESSFabS/d","B4"
"4810","AB_2020","ESSFabS","ESSFabS/d","B3"
"4811","AB_2020","ESSFabS","ESSFabS/d","A4"
"4812","AB_2020","ESSFabS","ESSFabS/d","A3"
"4813","AB_2020","ESSFabS","ESSFabS/e","E6"
"4814","AB_2020","ESSFabS","ESSFabS/e","E5"
"4815","AB_2020","ESSFabS","ESSFabS/e","E4"
"4816","AB_2020","ESSFabS","ESSFabS/e","D6"
"4817","AB_2020","ESSFabS","ESSFabS/e","D5"
"4818","AB_2020","ESSFabS","ESSFabS/e","D4"
"4819","AB_2020","ESSFabS","ESSFabS/f","C6"
"4820","AB_2020","ESSFabS","ESSFabS/f","C5"
"4821","AB_2020","ESSFabS","ESSFabS/f","B6"
"4822","AB_2020","ESSFabS","ESSFabS/f","B5"
"4823","AB_2020","ESSFabS","ESSFabS/f","A6"
"4824","AB_2020","ESSFabS","ESSFabS/f","A5"
"4825","AB_2020","ESSFabS","ESSFabS/g","D7"
"4826","AB_2020","ESSFabS","ESSFabS/g","D6"
"4827","AB_2020","ESSFabS","ESSFabS/g","D5"
"4828","AB_2020","ESSFabS","ESSFabS/g","C6"
"4829","AB_2020","ESSFabS","ESSFabS/g","C5"
"4830","AB_2020","ESSFabS","ESSFabS/h","C7"
"4831","AB_2020","ESSFabS","ESSFabS/h","B7"
"4832","AB_2020","ESSFabS","ESSFabS/h","B6"
"4833","AB_2020","ESSFabS","ESSFabS/h","A7"
"4834","AB_2020","ESSFabS","ESSFabS/i","E7"
"4835","AB_2020","ESSFabS","ESSFabS/i","D7"
"4836","AB_2020","ESSFabS","ESSFabS/i","D6"
"4837","AB_2020","ESSFabS","ESSFabS/i","C7"
"4838","AB_2020","ESSFabS","ESSFabS/i","C6"
"4839","Add_2021","ESSFabS","ESSFabS/Ro","A0"
"4840","Add_2021","ESSFabS","ESSFabS/Ro","B0"
"4841","BECv10","ESSFdc1","ESSFdc1/101","D4"
"4842","BECv10","ESSFdc1","ESSFdc1/101","C4"
"4843","BECv10","ESSFdc1","ESSFdc1/101","C3"
"4844","BECv10","ESSFdc1","ESSFdc1/101","B4"
"4845","BECv10","ESSFdc1","ESSFdc1/102","B1"
"4846","BECv10","ESSFdc1","ESSFdc1/102","A1"
"4847","BECv10","ESSFdc1","ESSFdc1/103","A2"
"4848","BECv10","ESSFdc1","ESSFdc1/103","B2"
"4849","BECv10","ESSFdc1","ESSFdc1/103","C2"
"4850","BECv10","ESSFdc1","ESSFdc1/104","C2"
"4851","BECv10","ESSFdc1","ESSFdc1/104","C3"
"4852","BECv10","ESSFdc1","ESSFdc1/104","B4"
"4853","BECv10","ESSFdc1","ESSFdc1/104","B3"
"4854","BECv10","ESSFdc1","ESSFdc1/110","D5"
"4855","BECv10","ESSFdc1","ESSFdc1/110","D4"
"4856","BECv10","ESSFdc1","ESSFdc1/110","C5"
"4857","BECv10","ESSFdc1","ESSFdc1/111","E6"
"4858","BECv10","ESSFdc1","ESSFdc1/111","E5"
"4859","BECv10","ESSFdc1","ESSFdc1/111","D6"
"4860","BECv10","ESSFdc1","ESSFdc1/111","D5"
"4861","BECv10","ESSFdc1","ESSFdc1/111","C6"
"4862","BECv10","ESSFdc1","ESSFdc1/111","C5"
"4863","BECv10","ESSFdc1","ESSFdc1/112","E6"
"4864","BECv10","ESSFdc1","ESSFdc1/112","D6"
"4865","BECv10","ESSFdc1","ESSFdc1/112","C6"
"4866","BECv10","ESSFdc1","ESSFdc1/112","E7"
"4867","BECv10","ESSFdc1","ESSFdc1/112","D7"
"4868","BECv10","ESSFdc1","ESSFdc1/112","C7"
"4869","Add_2021","ESSFdc1","ESSFdc1/Ro","A0"
"4870","Add_2021","ESSFdc1","ESSFdc1/Ro","B0"
"4871","BECv12","ESSFdc2","ESSFdc2/101","D4"
"4872","BECv12","ESSFdc2","ESSFdc2/101","D3"
"4873","BECv12","ESSFdc2","ESSFdc2/101","C4"
"4874","BECv12","ESSFdc2","ESSFdc2/101","C3"
"4875","BECv12","ESSFdc2","ESSFdc2/101","B4"
"4876","BECv12","ESSFdc2","ESSFdc2/101","B3"
"4877","BECv12","ESSFdc2","ESSFdc2/102","C1"
"4878","BECv12","ESSFdc2","ESSFdc2/102","B1"
"4879","BECv12","ESSFdc2","ESSFdc2/102","A1"
"4880","BECv12","ESSFdc2","ESSFdc2/103","C3"
"4881","BECv12","ESSFdc2","ESSFdc2/103","C2"
"4882","BECv12","ESSFdc2","ESSFdc2/103","B3"
"4883","BECv12","ESSFdc2","ESSFdc2/103","B2"
"4884","BECv12","ESSFdc2","ESSFdc2/104","C3"
"4885","BECv12","ESSFdc2","ESSFdc2/104","C2"
"4886","BECv12","ESSFdc2","ESSFdc2/104","C1"
"4887","BECv12","ESSFdc2","ESSFdc2/104","B3"
"4888","BECv12","ESSFdc2","ESSFdc2/104","B2"
"4889","BECv12","ESSFdc2","ESSFdc2/104","B1"
"4890","BECv12","ESSFdc2","ESSFdc2/104","A1"
"4891","BECv12","ESSFdc2","ESSFdc2/110","E6"
"4892","BECv12","ESSFdc2","ESSFdc2/110","E5"
"4893","BECv12","ESSFdc2","ESSFdc2/110","D6"
"4894","BECv12","ESSFdc2","ESSFdc2/110","D5"
"4895","BECv12","ESSFdc2","ESSFdc2/110","C6"
"4896","BECv12","ESSFdc2","ESSFdc2/110","C5"
"4897","BECv12","ESSFdc2","ESSFdc2/111","E7"
"4898","BECv12","ESSFdc2","ESSFdc2/111","E6"
"4899","BECv12","ESSFdc2","ESSFdc2/111","D7"
"4900","BECv12","ESSFdc2","ESSFdc2/111","D6"
"4901","BECv12","ESSFdc2","ESSFdc2/111","C7"
"4902","BECv12","ESSFdc2","ESSFdc2/111","C6"
"4903","BECv12","ESSFdc2","ESSFdc2/112","E7"
"4904","BECv12","ESSFdc2","ESSFdc2/112","D7"
"4905","BECv12","ESSFdc2","ESSFdc2/112","C7"
"4906","BECv12","ESSFdc2","ESSFdc2/112","B7"
"4907","Add_2021","ESSFdc2","ESSFdc2/Ro","A0"
"4908","Add_2021","ESSFdc2","ESSFdc2/Ro","B0"
"4909","BECv10","ESSFdc3","ESSFdc3/01","D4"
"4910","BECv10","ESSFdc3","ESSFdc3/01","D3"
"4911","BECv10","ESSFdc3","ESSFdc3/01","C4"
"4912","BECv10","ESSFdc3","ESSFdc3/01","C3"
"4913","BECv10","ESSFdc3","ESSFdc3/01","B4"
"4914","BECv10","ESSFdc3","ESSFdc3/01","B3"
"4915","BECv10","ESSFdc3","ESSFdc3/02","D1"
"4916","BECv10","ESSFdc3","ESSFdc3/02","D0"
"4917","BECv10","ESSFdc3","ESSFdc3/02","C1"
"4918","BECv10","ESSFdc3","ESSFdc3/02","C0"
"4919","BECv10","ESSFdc3","ESSFdc3/02","B1"
"4920","BECv10","ESSFdc3","ESSFdc3/02","B0"
"4921","BECv10","ESSFdc3","ESSFdc3/02","A1"
"4922","BECv10","ESSFdc3","ESSFdc3/02","A0"
"4923","BECv10","ESSFdc3","ESSFdc3/03","D3"
"4924","BECv10","ESSFdc3","ESSFdc3/03","D2"
"4925","BECv10","ESSFdc3","ESSFdc3/03","D1"
"4926","BECv10","ESSFdc3","ESSFdc3/03","C3"
"4927","BECv10","ESSFdc3","ESSFdc3/03","C2"
"4928","BECv10","ESSFdc3","ESSFdc3/03","C1"
"4929","BECv10","ESSFdc3","ESSFdc3/03","B3"
"4930","BECv10","ESSFdc3","ESSFdc3/03","B2"
"4931","BECv10","ESSFdc3","ESSFdc3/03","B1"
"4932","BECv10","ESSFdc3","ESSFdc3/05","C4"
"4933","BECv10","ESSFdc3","ESSFdc3/05","C3"
"4934","BECv10","ESSFdc3","ESSFdc3/05","C2"
"4935","BECv10","ESSFdc3","ESSFdc3/05","C1"
"4936","BECv10","ESSFdc3","ESSFdc3/05","B4"
"4937","BECv10","ESSFdc3","ESSFdc3/05","B3"
"4938","BECv10","ESSFdc3","ESSFdc3/05","B2"
"4939","BECv10","ESSFdc3","ESSFdc3/05","B1"
"4940","BECv10","ESSFdc3","ESSFdc3/05","A4"
"4941","BECv10","ESSFdc3","ESSFdc3/05","A3"
"4942","BECv10","ESSFdc3","ESSFdc3/05","A2"
"4943","BECv10","ESSFdc3","ESSFdc3/05","A1"
"4944","BECv10","ESSFdc3","ESSFdc3/06","E5"
"4945","BECv10","ESSFdc3","ESSFdc3/06","E4"
"4946","BECv10","ESSFdc3","ESSFdc3/06","D5"
"4947","BECv10","ESSFdc3","ESSFdc3/06","D4"
"4948","BECv10","ESSFdc3","ESSFdc3/06","C5"
"4949","BECv10","ESSFdc3","ESSFdc3/06","C4"
"4950","BECv10","ESSFdc3","ESSFdc3/06","B5"
"4951","BECv10","ESSFdc3","ESSFdc3/06","B4"
"4952","BECv10","ESSFdc3","ESSFdc3/07","E6"
"4953","BECv10","ESSFdc3","ESSFdc3/07","E5"
"4954","BECv10","ESSFdc3","ESSFdc3/07","D6"
"4955","BECv10","ESSFdc3","ESSFdc3/07","D5"
"4956","BECv10","ESSFdc3","ESSFdc3/07","C6"
"4957","BECv10","ESSFdc3","ESSFdc3/07","C5"
"4958","BECv10","ESSFdc3","ESSFdc3/07","B6"
"4959","BECv10","ESSFdc3","ESSFdc3/07","B5"
"4960","BECv10","ESSFdc3","ESSFdc3/08","E6"
"4961","BECv10","ESSFdc3","ESSFdc3/08","E5"
"4962","BECv10","ESSFdc3","ESSFdc3/08","D6"
"4963","BECv10","ESSFdc3","ESSFdc3/08","D5"
"4964","BECv10","ESSFdc3","ESSFdc3/08","C6"
"4965","BECv10","ESSFdc3","ESSFdc3/08","C5"
"4966","BECv10","ESSFdc3","ESSFdc3/09","D7"
"4967","BECv10","ESSFdc3","ESSFdc3/09","C7"
"4968","BECv10","ESSFdc3","ESSFdc3/09","B7"
"4969","BECv10","ESSFdcp","ESSFdcp/00","E7"
"4970","BECv10","ESSFdcp","ESSFdcp/00","E6"
"4971","BECv10","ESSFdcp","ESSFdcp/00","E5"
"4972","BECv10","ESSFdcp","ESSFdcp/00","E4"
"4973","BECv10","ESSFdcp","ESSFdcp/00","E3"
"4974","BECv10","ESSFdcp","ESSFdcp/00","E2"
"4975","BECv10","ESSFdcp","ESSFdcp/00","E1"
"4976","BECv10","ESSFdcp","ESSFdcp/00","E0"
"4977","BECv10","ESSFdcp","ESSFdcp/00","D7"
"4978","BECv10","ESSFdcp","ESSFdcp/00","D6"
"4979","BECv10","ESSFdcp","ESSFdcp/00","D5"
"4980","BECv10","ESSFdcp","ESSFdcp/00","D4"
"4981","BECv10","ESSFdcp","ESSFdcp/00","D3"
"4982","BECv10","ESSFdcp","ESSFdcp/00","D2"
"4983","BECv10","ESSFdcp","ESSFdcp/00","D1"
"4984","BECv10","ESSFdcp","ESSFdcp/00","D0"
"4985","BECv10","ESSFdcp","ESSFdcp/00","C7"
"4986","BECv10","ESSFdcp","ESSFdcp/00","C6"
"4987","BECv10","ESSFdcp","ESSFdcp/00","C5"
"4988","BECv10","ESSFdcp","ESSFdcp/00","C4"
"4989","BECv10","ESSFdcp","ESSFdcp/00","C3"
"4990","BECv10","ESSFdcp","ESSFdcp/00","C2"
"4991","BECv10","ESSFdcp","ESSFdcp/00","C1"
"4992","BECv10","ESSFdcp","ESSFdcp/00","C0"
"4993","BECv10","ESSFdcp","ESSFdcp/00","B7"
"4994","BECv10","ESSFdcp","ESSFdcp/00","B6"
"4995","BECv10","ESSFdcp","ESSFdcp/00","B5"
"4996","BECv10","ESSFdcp","ESSFdcp/00","B4"
"4997","BECv10","ESSFdcp","ESSFdcp/00","B3"
"4998","BECv10","ESSFdcp","ESSFdcp/00","B2"
"4999","BECv10","ESSFdcp","ESSFdcp/00","B1"
"5000","BECv10","ESSFdcp","ESSFdcp/00","B0"
"5001","BECv10","ESSFdcp","ESSFdcp/00","A7"
"5002","BECv10","ESSFdcp","ESSFdcp/00","A6"
"5003","BECv10","ESSFdcp","ESSFdcp/00","A5"
"5004","BECv10","ESSFdcp","ESSFdcp/00","A4"
"5005","BECv10","ESSFdcp","ESSFdcp/00","A3"
"5006","BECv10","ESSFdcp","ESSFdcp/00","A2"
"5007","BECv10","ESSFdcp","ESSFdcp/00","A1"
"5008","BECv10","ESSFdcp","ESSFdcp/00","A0"
"5009","BECv10","ESSFdcw","ESSFdcw/101","D4"
"5010","BECv10","ESSFdcw","ESSFdcw/101","C4"
"5011","BECv10","ESSFdcw","ESSFdcw/101","C3"
"5012","BECv10","ESSFdcw","ESSFdcw/101","B4"
"5013","BECv10","ESSFdcw","ESSFdcw/102","B2"
"5014","BECv10","ESSFdcw","ESSFdcw/102","B1"
"5015","BECv10","ESSFdcw","ESSFdcw/102","A2"
"5016","BECv10","ESSFdcw","ESSFdcw/102","A1"
"5017","BECv10","ESSFdcw","ESSFdcw/103","C3"
"5018","BECv10","ESSFdcw","ESSFdcw/103","B4"
"5019","BECv10","ESSFdcw","ESSFdcw/103","B3"
"5020","BECv10","ESSFdcw","ESSFdcw/110","D6"
"5021","BECv10","ESSFdcw","ESSFdcw/110","D5"
"5022","BECv10","ESSFdcw","ESSFdcw/110","D4"
"5023","BECv10","ESSFdcw","ESSFdcw/110","C6"
"5024","BECv10","ESSFdcw","ESSFdcw/110","C5"
"5025","Add_2021","ESSFdcw","ESSFdcw/Ro","A0"
"5026","Add_2021","ESSFdcw","ESSFdcw/Ro","B0"
"5027","USA_2019","ESSFdh_WA","ESSFdh_WA/101","D4"
"5028","USA_2019","ESSFdh_WA","ESSFdh_WA/101","D3"
"5029","USA_2019","ESSFdh_WA","ESSFdh_WA/101","C4"
"5030","USA_2019","ESSFdh_WA","ESSFdh_WA/101","C3"
"5031","USA_2019","ESSFdh_WA","ESSFdh_WA/101","B4"
"5032","USA_2019","ESSFdh_WA","ESSFdh_WA/101","B3"
"5033","USA_2019","ESSFdh_WA","ESSFdh_WA/102","D1"
"5034","USA_2019","ESSFdh_WA","ESSFdh_WA/102","C1"
"5035","USA_2019","ESSFdh_WA","ESSFdh_WA/102","B1"
"5036","USA_2019","ESSFdh_WA","ESSFdh_WA/102","A1"
"5037","USA_2019","ESSFdh_WA","ESSFdh_WA/103","D2"
"5038","USA_2019","ESSFdh_WA","ESSFdh_WA/103","C2"
"5039","USA_2019","ESSFdh_WA","ESSFdh_WA/103","B2"
"5040","USA_2019","ESSFdh_WA","ESSFdh_WA/103","A2"
"5041","USA_2019","ESSFdh_WA","ESSFdh_WA/110","E5"
"5042","USA_2019","ESSFdh_WA","ESSFdh_WA/110","D5"
"5043","USA_2019","ESSFdh_WA","ESSFdh_WA/110","C5"
"5044","USA_2019","ESSFdh_WA","ESSFdh_WA/110","B5"
"5045","USA_2019","ESSFdh_WA","ESSFdh_WA/111","E6"
"5046","USA_2019","ESSFdh_WA","ESSFdh_WA/111","D6"
"5047","USA_2019","ESSFdh_WA","ESSFdh_WA/111","C6"
"5048","USA_2019","ESSFdh_WA","ESSFdh_WA/111","B6"
"5049","Add_2021","ESSFdh_WA","ESSFdh_WA/Ro","A0"
"5050","Add_2021","ESSFdh_WA","ESSFdh_WA/Ro","B0"
"5051","BECv12","ESSFdh1","ESSFdh1/101","D4"
"5052","BECv12","ESSFdh1","ESSFdh1/101","D3"
"5053","BECv12","ESSFdh1","ESSFdh1/101","C4"
"5054","BECv12","ESSFdh1","ESSFdh1/101","C3"
"5055","BECv12","ESSFdh1","ESSFdh1/101","B4"
"5056","BECv12","ESSFdh1","ESSFdh1/101","B3"
"5057","BECv12","ESSFdh1","ESSFdh1/102","C1"
"5058","BECv12","ESSFdh1","ESSFdh1/102","C0"
"5059","BECv12","ESSFdh1","ESSFdh1/102","B1"
"5060","BECv12","ESSFdh1","ESSFdh1/102","B0"
"5061","BECv12","ESSFdh1","ESSFdh1/102","A1"
"5062","BECv12","ESSFdh1","ESSFdh1/102","A0"
"5063","BECv12","ESSFdh1","ESSFdh1/103","C2"
"5064","BECv12","ESSFdh1","ESSFdh1/103","B2"
"5065","BECv12","ESSFdh1","ESSFdh1/103","A2"
"5066","BECv12","ESSFdh1","ESSFdh1/104","D3"
"5067","BECv12","ESSFdh1","ESSFdh1/104","D2"
"5068","BECv12","ESSFdh1","ESSFdh1/104","C3"
"5069","BECv12","ESSFdh1","ESSFdh1/104","C2"
"5070","BECv12","ESSFdh1","ESSFdh1/104","B3"
"5071","BECv12","ESSFdh1","ESSFdh1/104","B2"
"5072","BECv12","ESSFdh1","ESSFdh1/110","E5"
"5073","BECv12","ESSFdh1","ESSFdh1/110","D5"
"5074","BECv12","ESSFdh1","ESSFdh1/110","C5"
"5075","BECv12","ESSFdh1","ESSFdh1/111","E7"
"5076","BECv12","ESSFdh1","ESSFdh1/111","E6"
"5077","BECv12","ESSFdh1","ESSFdh1/111","D7"
"5078","BECv12","ESSFdh1","ESSFdh1/111","D6"
"5079","BECv12","ESSFdh1","ESSFdh1/111","C7"
"5080","BECv12","ESSFdh1","ESSFdh1/111","C6"
"5081","BECv12","ESSFdh2","ESSFdh2/01","D4"
"5082","BECv12","ESSFdh2","ESSFdh2/01","D3"
"5083","BECv12","ESSFdh2","ESSFdh2/01","C4"
"5084","BECv12","ESSFdh2","ESSFdh2/01","C3"
"5085","BECv12","ESSFdh2","ESSFdh2/01","B4"
"5086","BECv12","ESSFdh2","ESSFdh2/01","B3"
"5087","BECv12","ESSFdh2","ESSFdh2/01","A4"
"5088","BECv12","ESSFdh2","ESSFdh2/01","A3"
"5089","BECv12","ESSFdh2","ESSFdh2/02","D1"
"5090","BECv12","ESSFdh2","ESSFdh2/02","D0"
"5091","BECv12","ESSFdh2","ESSFdh2/02","C1"
"5092","BECv12","ESSFdh2","ESSFdh2/02","C0"
"5093","BECv12","ESSFdh2","ESSFdh2/02","B1"
"5094","BECv12","ESSFdh2","ESSFdh2/02","B0"
"5095","BECv12","ESSFdh2","ESSFdh2/02","A1"
"5096","BECv12","ESSFdh2","ESSFdh2/02","A0"
"5097","BECv12","ESSFdh2","ESSFdh2/03","D3"
"5098","BECv12","ESSFdh2","ESSFdh2/03","D2"
"5099","BECv12","ESSFdh2","ESSFdh2/03","D1"
"5100","BECv12","ESSFdh2","ESSFdh2/03","C3"
"5101","BECv12","ESSFdh2","ESSFdh2/03","C2"
"5102","BECv12","ESSFdh2","ESSFdh2/03","C1"
"5103","BECv12","ESSFdh2","ESSFdh2/03","B3"
"5104","BECv12","ESSFdh2","ESSFdh2/03","B2"
"5105","BECv12","ESSFdh2","ESSFdh2/03","B1"
"5106","BECv12","ESSFdh2","ESSFdh2/03","A3"
"5107","BECv12","ESSFdh2","ESSFdh2/03","A2"
"5108","BECv12","ESSFdh2","ESSFdh2/03","A1"
"5109","BECv12","ESSFdh2","ESSFdh2/04","C4"
"5110","BECv12","ESSFdh2","ESSFdh2/04","C3"
"5111","BECv12","ESSFdh2","ESSFdh2/04","C2"
"5112","BECv12","ESSFdh2","ESSFdh2/04","B4"
"5113","BECv12","ESSFdh2","ESSFdh2/04","B3"
"5114","BECv12","ESSFdh2","ESSFdh2/04","B2"
"5115","BECv12","ESSFdh2","ESSFdh2/04","A4"
"5116","BECv12","ESSFdh2","ESSFdh2/04","A3"
"5117","BECv12","ESSFdh2","ESSFdh2/04","A2"
"5118","BECv12","ESSFdh2","ESSFdh2/05","C5"
"5119","BECv12","ESSFdh2","ESSFdh2/05","C4"
"5120","BECv12","ESSFdh2","ESSFdh2/05","B5"
"5121","BECv12","ESSFdh2","ESSFdh2/05","B4"
"5122","BECv12","ESSFdh2","ESSFdh2/05","A5"
"5123","BECv12","ESSFdh2","ESSFdh2/05","A4"
"5124","BECv12","ESSFdh2","ESSFdh2/06","E6"
"5125","BECv12","ESSFdh2","ESSFdh2/06","E5"
"5126","BECv12","ESSFdh2","ESSFdh2/06","E4"
"5127","BECv12","ESSFdh2","ESSFdh2/06","D6"
"5128","BECv12","ESSFdh2","ESSFdh2/06","D5"
"5129","BECv12","ESSFdh2","ESSFdh2/06","D4"
"5130","BECv12","ESSFdh2","ESSFdh2/06","C6"
"5131","BECv12","ESSFdh2","ESSFdh2/06","C5"
"5132","BECv12","ESSFdh2","ESSFdh2/06","C4"
"5133","BECv12","ESSFdh2","ESSFdh2/07","E7"
"5134","BECv12","ESSFdh2","ESSFdh2/07","E6"
"5135","BECv12","ESSFdh2","ESSFdh2/07","E5"
"5136","BECv12","ESSFdh2","ESSFdh2/07","D7"
"5137","BECv12","ESSFdh2","ESSFdh2/07","D6"
"5138","BECv12","ESSFdh2","ESSFdh2/07","D5"
"5139","BECv12","ESSFdh2","ESSFdh2/08","E7"
"5140","BECv12","ESSFdh2","ESSFdh2/08","E6"
"5141","BECv12","ESSFdh2","ESSFdh2/08","D7"
"5142","BECv12","ESSFdh2","ESSFdh2/08","D6"
"5143","BECv12","ESSFdh2","ESSFdh2/08","C7"
"5144","BECv12","ESSFdh2","ESSFdh2/08","C6"
"5145","USA_2019","ESSFdk_MT","ESSFdk_MT/101","D4"
"5146","USA_2019","ESSFdk_MT","ESSFdk_MT/101","D3"
"5147","USA_2019","ESSFdk_MT","ESSFdk_MT/101","C4"
"5148","USA_2019","ESSFdk_MT","ESSFdk_MT/101","C3"
"5149","USA_2019","ESSFdk_MT","ESSFdk_MT/101","B4"
"5150","USA_2019","ESSFdk_MT","ESSFdk_MT/101","B3"
"5151","USA_2019","ESSFdk_MT","ESSFdk_MT/102","D2"
"5152","USA_2019","ESSFdk_MT","ESSFdk_MT/102","D1"
"5153","USA_2019","ESSFdk_MT","ESSFdk_MT/102","C2"
"5154","USA_2019","ESSFdk_MT","ESSFdk_MT/102","C1"
"5155","USA_2019","ESSFdk_MT","ESSFdk_MT/102","B2"
"5156","USA_2019","ESSFdk_MT","ESSFdk_MT/102","B1"
"5157","USA_2019","ESSFdk_MT","ESSFdk_MT/102","A2"
"5158","USA_2019","ESSFdk_MT","ESSFdk_MT/102","A1"
"5159","USA_2019","ESSFdk_MT","ESSFdk_MT/110","E5"
"5160","USA_2019","ESSFdk_MT","ESSFdk_MT/110","D5"
"5161","USA_2019","ESSFdk_MT","ESSFdk_MT/110","C5"
"5162","USA_2019","ESSFdk_MT","ESSFdk_MT/110","B5"
"5163","USA_2019","ESSFdk_MT","ESSFdk_MT/111","E6"
"5164","USA_2019","ESSFdk_MT","ESSFdk_MT/111","D6"
"5165","USA_2019","ESSFdk_MT","ESSFdk_MT/111","C6"
"5166","USA_2019","ESSFdk_MT","ESSFdk_MT/111","B6"
"5167","Add_2021","ESSFdk_MT","ESSFdk_MT/Ro","A0"
"5168","Add_2021","ESSFdk_MT","ESSFdk_MT/Ro","B0"
"5169","BECv11","ESSFdk1","ESSFdk1/101","D4"
"5170","BECv11","ESSFdk1","ESSFdk1/101","C4"
"5171","BECv11","ESSFdk1","ESSFdk1/101","B4"
"5172","BECv11","ESSFdk1","ESSFdk1/102","C1"
"5173","BECv11","ESSFdk1","ESSFdk1/102","B2"
"5174","BECv11","ESSFdk1","ESSFdk1/102","B1"
"5175","BECv11","ESSFdk1","ESSFdk1/102","A2"
"5176","BECv11","ESSFdk1","ESSFdk1/102","A1"
"5177","BECv11","ESSFdk1","ESSFdk1/103","D2"
"5178","BECv11","ESSFdk1","ESSFdk1/103","C2"
"5179","BECv11","ESSFdk1","ESSFdk1/103","B2"
"5180","BECv11","ESSFdk1","ESSFdk1/104","D3"
"5181","BECv11","ESSFdk1","ESSFdk1/104","D2"
"5182","BECv11","ESSFdk1","ESSFdk1/104","C3"
"5183","BECv11","ESSFdk1","ESSFdk1/104","B3"
"5184","BECv11","ESSFdk1","ESSFdk1/110","E5"
"5185","BECv11","ESSFdk1","ESSFdk1/110","D5"
"5186","BECv11","ESSFdk1","ESSFdk1/110","C5"
"5187","BECv11","ESSFdk1","ESSFdk1/111","E7"
"5188","BECv11","ESSFdk1","ESSFdk1/111","E6"
"5189","BECv11","ESSFdk1","ESSFdk1/111","D7"
"5190","BECv11","ESSFdk1","ESSFdk1/111","D6"
"5191","BECv11","ESSFdk1","ESSFdk1/111","C7"
"5192","BECv11","ESSFdk1","ESSFdk1/111","C6"
"5193","BECv11","ESSFdk1","ESSFdk1/111a","E7"
"5194","BECv11","ESSFdk1","ESSFdk1/111a","E6"
"5195","BECv11","ESSFdk1","ESSFdk1/111a","D6"
"5196","BECv11","ESSFdk1","ESSFdk1/111b","E7"
"5197","BECv11","ESSFdk1","ESSFdk1/111b","D7"
"5198","BECv11","ESSFdk1","ESSFdk1/111b","C7"
"5199","BECv11","ESSFdk1","ESSFdk1/111b","C6"
"5200","BECv11","ESSFdk1","ESSFdk1/Ro","C0"
"5201","BECv11","ESSFdk1","ESSFdk1/Ro","B0"
"5202","BECv11","ESSFdk1","ESSFdk1/Ro","A0"
"5203","BECv11","ESSFdk2","ESSFdk2/101","D4"
"5204","BECv11","ESSFdk2","ESSFdk2/101","D3"
"5205","BECv11","ESSFdk2","ESSFdk2/101","C4"
"5206","BECv11","ESSFdk2","ESSFdk2/102","C1"
"5207","BECv11","ESSFdk2","ESSFdk2/102","B1"
"5208","BECv11","ESSFdk2","ESSFdk2/102","A1"
"5209","BECv11","ESSFdk2","ESSFdk2/103","D2"
"5210","BECv11","ESSFdk2","ESSFdk2/103","C2"
"5211","BECv11","ESSFdk2","ESSFdk2/103","B3"
"5212","BECv11","ESSFdk2","ESSFdk2/103","B2"
"5213","BECv11","ESSFdk2","ESSFdk2/104","D3"
"5214","BECv11","ESSFdk2","ESSFdk2/104","D2"
"5215","BECv11","ESSFdk2","ESSFdk2/104","C3"
"5216","BECv11","ESSFdk2","ESSFdk2/104","B4"
"5217","BECv11","ESSFdk2","ESSFdk2/104","B3"
"5218","BECv11","ESSFdk2","ESSFdk2/110","D5"
"5219","BECv11","ESSFdk2","ESSFdk2/110","C5"
"5220","BECv11","ESSFdk2","ESSFdk2/111","E5"
"5221","BECv11","ESSFdk2","ESSFdk2/111","D5"
"5222","BECv11","ESSFdk2","ESSFdk2/111","C5"
"5223","BECv11","ESSFdk2","ESSFdk2/112","E7"
"5224","BECv11","ESSFdk2","ESSFdk2/112","E6"
"5225","BECv11","ESSFdk2","ESSFdk2/112","D7"
"5226","BECv11","ESSFdk2","ESSFdk2/112","D6"
"5227","BECv11","ESSFdk2","ESSFdk2/112","C7"
"5228","BECv11","ESSFdk2","ESSFdk2/112","C6"
"5229","BECv11","ESSFdk2","ESSFdk2/112a","E7"
"5230","BECv11","ESSFdk2","ESSFdk2/112a","E6"
"5231","BECv11","ESSFdk2","ESSFdk2/112a","D6"
"5232","BECv11","ESSFdk2","ESSFdk2/112b","E7"
"5233","BECv11","ESSFdk2","ESSFdk2/112b","D7"
"5234","BECv11","ESSFdk2","ESSFdk2/112b","C7"
"5235","BECv11","ESSFdk2","ESSFdk2/112b","C6"
"5236","BECv11","ESSFdk2","ESSFdk2/Ro","D0"
"5237","BECv11","ESSFdk2","ESSFdk2/Ro","C0"
"5238","BECv11","ESSFdk2","ESSFdk2/Ro","B0"
"5239","BECv11","ESSFdk2","ESSFdk2/Ro","A0"
"5240","BECv10","ESSFdkp","ESSFdkp/00","E7"
"5241","BECv10","ESSFdkp","ESSFdkp/00","E6"
"5242","BECv10","ESSFdkp","ESSFdkp/00","E5"
"5243","BECv10","ESSFdkp","ESSFdkp/00","E4"
"5244","BECv10","ESSFdkp","ESSFdkp/00","E3"
"5245","BECv10","ESSFdkp","ESSFdkp/00","E2"
"5246","BECv10","ESSFdkp","ESSFdkp/00","E1"
"5247","BECv10","ESSFdkp","ESSFdkp/00","E0"
"5248","BECv10","ESSFdkp","ESSFdkp/00","D7"
"5249","BECv10","ESSFdkp","ESSFdkp/00","D6"
"5250","BECv10","ESSFdkp","ESSFdkp/00","D5"
"5251","BECv10","ESSFdkp","ESSFdkp/00","D4"
"5252","BECv10","ESSFdkp","ESSFdkp/00","D3"
"5253","BECv10","ESSFdkp","ESSFdkp/00","D2"
"5254","BECv10","ESSFdkp","ESSFdkp/00","D1"
"5255","BECv10","ESSFdkp","ESSFdkp/00","D0"
"5256","BECv10","ESSFdkp","ESSFdkp/00","C7"
"5257","BECv10","ESSFdkp","ESSFdkp/00","C6"
"5258","BECv10","ESSFdkp","ESSFdkp/00","C5"
"5259","BECv10","ESSFdkp","ESSFdkp/00","C4"
"5260","BECv10","ESSFdkp","ESSFdkp/00","C3"
"5261","BECv10","ESSFdkp","ESSFdkp/00","C2"
"5262","BECv10","ESSFdkp","ESSFdkp/00","C1"
"5263","BECv10","ESSFdkp","ESSFdkp/00","C0"
"5264","BECv10","ESSFdkp","ESSFdkp/00","B7"
"5265","BECv10","ESSFdkp","ESSFdkp/00","B6"
"5266","BECv10","ESSFdkp","ESSFdkp/00","B5"
"5267","BECv10","ESSFdkp","ESSFdkp/00","B4"
"5268","BECv10","ESSFdkp","ESSFdkp/00","B3"
"5269","BECv10","ESSFdkp","ESSFdkp/00","B2"
"5270","BECv10","ESSFdkp","ESSFdkp/00","B1"
"5271","BECv10","ESSFdkp","ESSFdkp/00","B0"
"5272","BECv10","ESSFdkp","ESSFdkp/00","A7"
"5273","BECv10","ESSFdkp","ESSFdkp/00","A6"
"5274","BECv10","ESSFdkp","ESSFdkp/00","A5"
"5275","BECv10","ESSFdkp","ESSFdkp/00","A4"
"5276","BECv10","ESSFdkp","ESSFdkp/00","A3"
"5277","BECv10","ESSFdkp","ESSFdkp/00","A2"
"5278","BECv10","ESSFdkp","ESSFdkp/00","A1"
"5279","BECv10","ESSFdkp","ESSFdkp/00","A0"
"5280","USA_2019","ESSFdkp_MT","ESSFdkp_MT/00","E6"
"5281","USA_2019","ESSFdkp_MT","ESSFdkp_MT/00","E5"
"5282","USA_2019","ESSFdkp_MT","ESSFdkp_MT/00","D6"
"5283","USA_2019","ESSFdkp_MT","ESSFdkp_MT/00","D5"
"5284","USA_2019","ESSFdkp_MT","ESSFdkp_MT/00","D4"
"5285","USA_2019","ESSFdkp_MT","ESSFdkp_MT/00","D3"
"5286","USA_2019","ESSFdkp_MT","ESSFdkp_MT/00","D2"
"5287","USA_2019","ESSFdkp_MT","ESSFdkp_MT/00","D1"
"5288","USA_2019","ESSFdkp_MT","ESSFdkp_MT/00","C6"
"5289","USA_2019","ESSFdkp_MT","ESSFdkp_MT/00","C5"
"5290","USA_2019","ESSFdkp_MT","ESSFdkp_MT/00","C4"
"5291","USA_2019","ESSFdkp_MT","ESSFdkp_MT/00","C3"
"5292","USA_2019","ESSFdkp_MT","ESSFdkp_MT/00","C2"
"5293","USA_2019","ESSFdkp_MT","ESSFdkp_MT/00","C1"
"5294","USA_2019","ESSFdkp_MT","ESSFdkp_MT/00","B6"
"5295","USA_2019","ESSFdkp_MT","ESSFdkp_MT/00","B5"
"5296","USA_2019","ESSFdkp_MT","ESSFdkp_MT/00","B4"
"5297","USA_2019","ESSFdkp_MT","ESSFdkp_MT/00","B3"
"5298","USA_2019","ESSFdkp_MT","ESSFdkp_MT/00","B2"
"5299","USA_2019","ESSFdkp_MT","ESSFdkp_MT/00","B1"
"5300","USA_2019","ESSFdkp_MT","ESSFdkp_MT/00","A2"
"5301","USA_2019","ESSFdkp_MT","ESSFdkp_MT/00","A1"
"5302","Add_2021","ESSFdkp_MT","ESSFdkp_MT/Ro","A0"
"5303","Add_2021","ESSFdkp_MT","ESSFdkp_MT/Ro","B0"
"5304","BECv11","ESSFdkw","ESSFdkw/101","D4"
"5305","BECv11","ESSFdkw","ESSFdkw/101","D3"
"5306","BECv11","ESSFdkw","ESSFdkw/101","C4"
"5307","BECv11","ESSFdkw","ESSFdkw/101","C3"
"5308","BECv11","ESSFdkw","ESSFdkw/101","B4"
"5309","BECv11","ESSFdkw","ESSFdkw/101","B3"
"5310","BECv11","ESSFdkw","ESSFdkw/102","C2"
"5311","BECv11","ESSFdkw","ESSFdkw/102","C1"
"5312","BECv11","ESSFdkw","ESSFdkw/102","B2"
"5313","BECv11","ESSFdkw","ESSFdkw/102","B1"
"5314","BECv11","ESSFdkw","ESSFdkw/102","A1"
"5315","BECv11","ESSFdkw","ESSFdkw/103","D3"
"5316","BECv11","ESSFdkw","ESSFdkw/103","D2"
"5317","BECv11","ESSFdkw","ESSFdkw/103","C3"
"5318","BECv11","ESSFdkw","ESSFdkw/103","C2"
"5319","BECv11","ESSFdkw","ESSFdkw/103","B3"
"5320","BECv11","ESSFdkw","ESSFdkw/103","B2"
"5321","BECv11","ESSFdkw","ESSFdkw/110","D6"
"5322","BECv11","ESSFdkw","ESSFdkw/110","D5"
"5323","BECv11","ESSFdkw","ESSFdkw/110","C6"
"5324","BECv11","ESSFdkw","ESSFdkw/110","C5"
"5325","BECv11","ESSFdkw","ESSFdkw/Ro","C0"
"5326","BECv11","ESSFdkw","ESSFdkw/Ro","B0"
"5327","BECv11","ESSFdkw","ESSFdkw/Ro","A0"
"5328","USA_2019","ESSFdm_ID","ESSFdm_ID/101","D4"
"5329","USA_2019","ESSFdm_ID","ESSFdm_ID/101","D3"
"5330","USA_2019","ESSFdm_ID","ESSFdm_ID/101","C4"
"5331","USA_2019","ESSFdm_ID","ESSFdm_ID/101","C3"
"5332","USA_2019","ESSFdm_ID","ESSFdm_ID/101","B4"
"5333","USA_2019","ESSFdm_ID","ESSFdm_ID/101","B3"
"5334","USA_2019","ESSFdm_ID","ESSFdm_ID/102","D1"
"5335","USA_2019","ESSFdm_ID","ESSFdm_ID/102","C1"
"5336","USA_2019","ESSFdm_ID","ESSFdm_ID/102","B1"
"5337","USA_2019","ESSFdm_ID","ESSFdm_ID/102","A1"
"5338","USA_2019","ESSFdm_ID","ESSFdm_ID/103","D2"
"5339","USA_2019","ESSFdm_ID","ESSFdm_ID/103","C2"
"5340","USA_2019","ESSFdm_ID","ESSFdm_ID/103","B2"
"5341","USA_2019","ESSFdm_ID","ESSFdm_ID/103","A2"
"5342","USA_2019","ESSFdm_ID","ESSFdm_ID/110","E5"
"5343","USA_2019","ESSFdm_ID","ESSFdm_ID/110","D5"
"5344","USA_2019","ESSFdm_ID","ESSFdm_ID/110","C5"
"5345","USA_2019","ESSFdm_ID","ESSFdm_ID/110","B5"
"5346","USA_2019","ESSFdm_ID","ESSFdm_ID/111","E6"
"5347","USA_2019","ESSFdm_ID","ESSFdm_ID/111","D6"
"5348","USA_2019","ESSFdm_ID","ESSFdm_ID/111","C6"
"5349","USA_2019","ESSFdm_ID","ESSFdm_ID/111","B6"
"5350","Add_2021","ESSFdm_ID","ESSFdm_ID/Ro","A0"
"5351","Add_2021","ESSFdm_ID","ESSFdm_ID/Ro","B0"
"5352","USA_2019","ESSFdmp_ID","ESSFdmp_ID/00","E6"
"5353","USA_2019","ESSFdmp_ID","ESSFdmp_ID/00","E5"
"5354","USA_2019","ESSFdmp_ID","ESSFdmp_ID/00","D6"
"5355","USA_2019","ESSFdmp_ID","ESSFdmp_ID/00","D5"
"5356","USA_2019","ESSFdmp_ID","ESSFdmp_ID/00","D4"
"5357","USA_2019","ESSFdmp_ID","ESSFdmp_ID/00","D3"
"5358","USA_2019","ESSFdmp_ID","ESSFdmp_ID/00","D2"
"5359","USA_2019","ESSFdmp_ID","ESSFdmp_ID/00","D1"
"5360","USA_2019","ESSFdmp_ID","ESSFdmp_ID/00","C6"
"5361","USA_2019","ESSFdmp_ID","ESSFdmp_ID/00","C5"
"5362","USA_2019","ESSFdmp_ID","ESSFdmp_ID/00","C4"
"5363","USA_2019","ESSFdmp_ID","ESSFdmp_ID/00","C3"
"5364","USA_2019","ESSFdmp_ID","ESSFdmp_ID/00","C2"
"5365","USA_2019","ESSFdmp_ID","ESSFdmp_ID/00","C1"
"5366","USA_2019","ESSFdmp_ID","ESSFdmp_ID/00","B6"
"5367","USA_2019","ESSFdmp_ID","ESSFdmp_ID/00","B5"
"5368","USA_2019","ESSFdmp_ID","ESSFdmp_ID/00","B4"
"5369","USA_2019","ESSFdmp_ID","ESSFdmp_ID/00","B3"
"5370","USA_2019","ESSFdmp_ID","ESSFdmp_ID/00","B2"
"5371","USA_2019","ESSFdmp_ID","ESSFdmp_ID/00","B1"
"5372","USA_2019","ESSFdmp_ID","ESSFdmp_ID/00","A2"
"5373","USA_2019","ESSFdmp_ID","ESSFdmp_ID/00","A1"
"5374","Add_2021","ESSFdmp_ID","ESSFdmp_ID/Ro","A0"
"5375","Add_2021","ESSFdmp_ID","ESSFdmp_ID/Ro","B0"
"5376","BECv10","ESSFdv1","ESSFdv1/01","C5"
"5377","BECv10","ESSFdv1","ESSFdv1/01","C4"
"5378","BECv10","ESSFdv1","ESSFdv1/01","C3"
"5379","BECv10","ESSFdv1","ESSFdv1/01","B5"
"5380","BECv10","ESSFdv1","ESSFdv1/01","B4"
"5381","BECv10","ESSFdv1","ESSFdv1/01","B3"
"5382","BECv10","ESSFdv1","ESSFdv1/01","A5"
"5383","BECv10","ESSFdv1","ESSFdv1/01","A4"
"5384","BECv10","ESSFdv1","ESSFdv1/01","A3"
"5385","BECv10","ESSFdv1","ESSFdv1/02","D2"
"5386","BECv10","ESSFdv1","ESSFdv1/02","D1"
"5387","BECv10","ESSFdv1","ESSFdv1/02","D0"
"5388","BECv10","ESSFdv1","ESSFdv1/02","C2"
"5389","BECv10","ESSFdv1","ESSFdv1/02","C1"
"5390","BECv10","ESSFdv1","ESSFdv1/02","C0"
"5391","BECv10","ESSFdv1","ESSFdv1/02","B0"
"5392","BECv10","ESSFdv1","ESSFdv1/03","C2"
"5393","BECv10","ESSFdv1","ESSFdv1/03","C1"
"5394","BECv10","ESSFdv1","ESSFdv1/03","C0"
"5395","BECv10","ESSFdv1","ESSFdv1/03","B2"
"5396","BECv10","ESSFdv1","ESSFdv1/03","B1"
"5397","BECv10","ESSFdv1","ESSFdv1/03","B0"
"5398","BECv10","ESSFdv1","ESSFdv1/03","A2"
"5399","BECv10","ESSFdv1","ESSFdv1/03","A1"
"5400","BECv10","ESSFdv1","ESSFdv1/03","A0"
"5401","BECv10","ESSFdv1","ESSFdv1/04","D3"
"5402","BECv10","ESSFdv1","ESSFdv1/04","D2"
"5403","BECv10","ESSFdv1","ESSFdv1/04","C3"
"5404","BECv10","ESSFdv1","ESSFdv1/04","C2"
"5405","BECv10","ESSFdv1","ESSFdv1/04","B3"
"5406","BECv10","ESSFdv1","ESSFdv1/04","B2"
"5407","BECv10","ESSFdv1","ESSFdv1/04","A3"
"5408","BECv10","ESSFdv1","ESSFdv1/04","A2"
"5409","BECv10","ESSFdv1","ESSFdv1/05","E6"
"5410","BECv10","ESSFdv1","ESSFdv1/05","E5"
"5411","BECv10","ESSFdv1","ESSFdv1/05","E4"
"5412","BECv10","ESSFdv1","ESSFdv1/05","E3"
"5413","BECv10","ESSFdv1","ESSFdv1/05","D6"
"5414","BECv10","ESSFdv1","ESSFdv1/05","D5"
"5415","BECv10","ESSFdv1","ESSFdv1/05","D4"
"5416","BECv10","ESSFdv1","ESSFdv1/05","D3"
"5417","BECv10","ESSFdv1","ESSFdv1/05","C6"
"5418","BECv10","ESSFdv1","ESSFdv1/05","C5"
"5419","BECv10","ESSFdv1","ESSFdv1/05","C4"
"5420","BECv10","ESSFdv1","ESSFdv1/05","C3"
"5421","BECv10","ESSFdv1","ESSFdv1/05","B6"
"5422","BECv10","ESSFdv1","ESSFdv1/05","B5"
"5423","BECv10","ESSFdv1","ESSFdv1/05","B4"
"5424","BECv10","ESSFdv1","ESSFdv1/06","E7"
"5425","BECv10","ESSFdv1","ESSFdv1/06","E6"
"5426","BECv10","ESSFdv1","ESSFdv1/06","D7"
"5427","BECv10","ESSFdv1","ESSFdv1/06","D6"
"5428","BECv10","ESSFdv1","ESSFdv1/06","C7"
"5429","BECv10","ESSFdv1","ESSFdv1/06","C6"
"5430","BECv10","ESSFdv1","ESSFdv1/06","B7"
"5431","BECv10","ESSFdv1","ESSFdv1/06","B6"
"5432","BECv10","ESSFdv1","ESSFdv1/06","A7"
"5433","BECv10","ESSFdv1","ESSFdv1/06","A6"
"5434","BECv10","ESSFdv2","ESSFdv2/01","C5"
"5435","BECv10","ESSFdv2","ESSFdv2/01","C4"
"5436","BECv10","ESSFdv2","ESSFdv2/01","C3"
"5437","BECv10","ESSFdv2","ESSFdv2/01","B5"
"5438","BECv10","ESSFdv2","ESSFdv2/01","B4"
"5439","BECv10","ESSFdv2","ESSFdv2/01","B3"
"5440","BECv10","ESSFdv2","ESSFdv2/01","A5"
"5441","BECv10","ESSFdv2","ESSFdv2/01","A4"
"5442","BECv10","ESSFdv2","ESSFdv2/01","A3"
"5443","BECv10","ESSFdv2","ESSFdv2/02","D2"
"5444","BECv10","ESSFdv2","ESSFdv2/02","D1"
"5445","BECv10","ESSFdv2","ESSFdv2/02","D0"
"5446","BECv10","ESSFdv2","ESSFdv2/02","C2"
"5447","BECv10","ESSFdv2","ESSFdv2/02","C1"
"5448","BECv10","ESSFdv2","ESSFdv2/02","C0"
"5449","BECv10","ESSFdv2","ESSFdv2/02","B0"
"5450","BECv10","ESSFdv2","ESSFdv2/03","C2"
"5451","BECv10","ESSFdv2","ESSFdv2/03","C1"
"5452","BECv10","ESSFdv2","ESSFdv2/03","C0"
"5453","BECv10","ESSFdv2","ESSFdv2/03","B2"
"5454","BECv10","ESSFdv2","ESSFdv2/03","B1"
"5455","BECv10","ESSFdv2","ESSFdv2/03","B0"
"5456","BECv10","ESSFdv2","ESSFdv2/03","A2"
"5457","BECv10","ESSFdv2","ESSFdv2/03","A1"
"5458","BECv10","ESSFdv2","ESSFdv2/03","A0"
"5459","BECv10","ESSFdv2","ESSFdv2/04","D3"
"5460","BECv10","ESSFdv2","ESSFdv2/04","D2"
"5461","BECv10","ESSFdv2","ESSFdv2/04","C3"
"5462","BECv10","ESSFdv2","ESSFdv2/04","C2"
"5463","BECv10","ESSFdv2","ESSFdv2/04","B3"
"5464","BECv10","ESSFdv2","ESSFdv2/04","B2"
"5465","BECv10","ESSFdv2","ESSFdv2/04","A3"
"5466","BECv10","ESSFdv2","ESSFdv2/04","A2"
"5467","BECv10","ESSFdv2","ESSFdv2/05","E6"
"5468","BECv10","ESSFdv2","ESSFdv2/05","E5"
"5469","BECv10","ESSFdv2","ESSFdv2/05","E4"
"5470","BECv10","ESSFdv2","ESSFdv2/05","E3"
"5471","BECv10","ESSFdv2","ESSFdv2/05","D6"
"5472","BECv10","ESSFdv2","ESSFdv2/05","D5"
"5473","BECv10","ESSFdv2","ESSFdv2/05","D4"
"5474","BECv10","ESSFdv2","ESSFdv2/05","D3"
"5475","BECv10","ESSFdv2","ESSFdv2/05","C6"
"5476","BECv10","ESSFdv2","ESSFdv2/05","C5"
"5477","BECv10","ESSFdv2","ESSFdv2/05","C4"
"5478","BECv10","ESSFdv2","ESSFdv2/05","C3"
"5479","BECv10","ESSFdv2","ESSFdv2/05","B6"
"5480","BECv10","ESSFdv2","ESSFdv2/05","B5"
"5481","BECv10","ESSFdv2","ESSFdv2/05","B4"
"5482","BECv10","ESSFdv2","ESSFdv2/06","E7"
"5483","BECv10","ESSFdv2","ESSFdv2/06","E6"
"5484","BECv10","ESSFdv2","ESSFdv2/06","D7"
"5485","BECv10","ESSFdv2","ESSFdv2/06","D6"
"5486","BECv10","ESSFdv2","ESSFdv2/06","C7"
"5487","BECv10","ESSFdv2","ESSFdv2/06","C6"
"5488","BECv10","ESSFdv2","ESSFdv2/06","B7"
"5489","BECv10","ESSFdv2","ESSFdv2/06","B6"
"5490","BECv10","ESSFdv2","ESSFdv2/06","A7"
"5491","BECv10","ESSFdv2","ESSFdv2/06","A6"
"5492","BECv10","ESSFdvp","ESSFdvp/00","E7"
"5493","BECv10","ESSFdvp","ESSFdvp/00","E6"
"5494","BECv10","ESSFdvp","ESSFdvp/00","E5"
"5495","BECv10","ESSFdvp","ESSFdvp/00","E4"
"5496","BECv10","ESSFdvp","ESSFdvp/00","E3"
"5497","BECv10","ESSFdvp","ESSFdvp/00","E2"
"5498","BECv10","ESSFdvp","ESSFdvp/00","E1"
"5499","BECv10","ESSFdvp","ESSFdvp/00","E0"
"5500","BECv10","ESSFdvp","ESSFdvp/00","D7"
"5501","BECv10","ESSFdvp","ESSFdvp/00","D6"
"5502","BECv10","ESSFdvp","ESSFdvp/00","D5"
"5503","BECv10","ESSFdvp","ESSFdvp/00","D4"
"5504","BECv10","ESSFdvp","ESSFdvp/00","D3"
"5505","BECv10","ESSFdvp","ESSFdvp/00","D2"
"5506","BECv10","ESSFdvp","ESSFdvp/00","D1"
"5507","BECv10","ESSFdvp","ESSFdvp/00","D0"
"5508","BECv10","ESSFdvp","ESSFdvp/00","C7"
"5509","BECv10","ESSFdvp","ESSFdvp/00","C6"
"5510","BECv10","ESSFdvp","ESSFdvp/00","C5"
"5511","BECv10","ESSFdvp","ESSFdvp/00","C4"
"5512","BECv10","ESSFdvp","ESSFdvp/00","C3"
"5513","BECv10","ESSFdvp","ESSFdvp/00","C2"
"5514","BECv10","ESSFdvp","ESSFdvp/00","C1"
"5515","BECv10","ESSFdvp","ESSFdvp/00","C0"
"5516","BECv10","ESSFdvp","ESSFdvp/00","B7"
"5517","BECv10","ESSFdvp","ESSFdvp/00","B6"
"5518","BECv10","ESSFdvp","ESSFdvp/00","B5"
"5519","BECv10","ESSFdvp","ESSFdvp/00","B4"
"5520","BECv10","ESSFdvp","ESSFdvp/00","B3"
"5521","BECv10","ESSFdvp","ESSFdvp/00","B2"
"5522","BECv10","ESSFdvp","ESSFdvp/00","B1"
"5523","BECv10","ESSFdvp","ESSFdvp/00","B0"
"5524","BECv10","ESSFdvp","ESSFdvp/00","A7"
"5525","BECv10","ESSFdvp","ESSFdvp/00","A6"
"5526","BECv10","ESSFdvp","ESSFdvp/00","A5"
"5527","BECv10","ESSFdvp","ESSFdvp/00","A4"
"5528","BECv10","ESSFdvp","ESSFdvp/00","A3"
"5529","BECv10","ESSFdvp","ESSFdvp/00","A2"
"5530","BECv10","ESSFdvp","ESSFdvp/00","A1"
"5531","BECv10","ESSFdvp","ESSFdvp/00","A0"
"5532","BECv10","ESSFdvw","ESSFdvw/01","C5"
"5533","BECv10","ESSFdvw","ESSFdvw/01","C4"
"5534","BECv10","ESSFdvw","ESSFdvw/01","C3"
"5535","BECv10","ESSFdvw","ESSFdvw/01","B5"
"5536","BECv10","ESSFdvw","ESSFdvw/01","B4"
"5537","BECv10","ESSFdvw","ESSFdvw/01","B3"
"5538","BECv10","ESSFdvw","ESSFdvw/01","A5"
"5539","BECv10","ESSFdvw","ESSFdvw/01","A4"
"5540","BECv10","ESSFdvw","ESSFdvw/01","A3"
"5541","BECv10","ESSFdvw","ESSFdvw/02","D2"
"5542","BECv10","ESSFdvw","ESSFdvw/02","D1"
"5543","BECv10","ESSFdvw","ESSFdvw/02","D0"
"5544","BECv10","ESSFdvw","ESSFdvw/02","C2"
"5545","BECv10","ESSFdvw","ESSFdvw/02","C1"
"5546","BECv10","ESSFdvw","ESSFdvw/02","C0"
"5547","BECv10","ESSFdvw","ESSFdvw/02","B0"
"5548","BECv10","ESSFdvw","ESSFdvw/03","C2"
"5549","BECv10","ESSFdvw","ESSFdvw/03","C1"
"5550","BECv10","ESSFdvw","ESSFdvw/03","C0"
"5551","BECv10","ESSFdvw","ESSFdvw/03","B2"
"5552","BECv10","ESSFdvw","ESSFdvw/03","B1"
"5553","BECv10","ESSFdvw","ESSFdvw/03","B0"
"5554","BECv10","ESSFdvw","ESSFdvw/03","A2"
"5555","BECv10","ESSFdvw","ESSFdvw/03","A1"
"5556","BECv10","ESSFdvw","ESSFdvw/03","A0"
"5557","BECv10","ESSFdvw","ESSFdvw/04","D3"
"5558","BECv10","ESSFdvw","ESSFdvw/04","D2"
"5559","BECv10","ESSFdvw","ESSFdvw/04","C3"
"5560","BECv10","ESSFdvw","ESSFdvw/04","C2"
"5561","BECv10","ESSFdvw","ESSFdvw/04","B3"
"5562","BECv10","ESSFdvw","ESSFdvw/04","B2"
"5563","BECv10","ESSFdvw","ESSFdvw/04","A3"
"5564","BECv10","ESSFdvw","ESSFdvw/04","A2"
"5565","BECv10","ESSFdvw","ESSFdvw/05","E6"
"5566","BECv10","ESSFdvw","ESSFdvw/05","E5"
"5567","BECv10","ESSFdvw","ESSFdvw/05","E4"
"5568","BECv10","ESSFdvw","ESSFdvw/05","E3"
"5569","BECv10","ESSFdvw","ESSFdvw/05","D6"
"5570","BECv10","ESSFdvw","ESSFdvw/05","D5"
"5571","BECv10","ESSFdvw","ESSFdvw/05","D4"
"5572","BECv10","ESSFdvw","ESSFdvw/05","D3"
"5573","BECv10","ESSFdvw","ESSFdvw/05","C6"
"5574","BECv10","ESSFdvw","ESSFdvw/05","C5"
"5575","BECv10","ESSFdvw","ESSFdvw/05","C4"
"5576","BECv10","ESSFdvw","ESSFdvw/05","C3"
"5577","BECv10","ESSFdvw","ESSFdvw/05","B6"
"5578","BECv10","ESSFdvw","ESSFdvw/05","B5"
"5579","BECv10","ESSFdvw","ESSFdvw/05","B4"
"5580","BECv10","ESSFdvw","ESSFdvw/06","E7"
"5581","BECv10","ESSFdvw","ESSFdvw/06","E6"
"5582","BECv10","ESSFdvw","ESSFdvw/06","D7"
"5583","BECv10","ESSFdvw","ESSFdvw/06","D6"
"5584","BECv10","ESSFdvw","ESSFdvw/06","C7"
"5585","BECv10","ESSFdvw","ESSFdvw/06","C6"
"5586","BECv10","ESSFdvw","ESSFdvw/06","B7"
"5587","BECv10","ESSFdvw","ESSFdvw/06","B6"
"5588","BECv10","ESSFdvw","ESSFdvw/06","A7"
"5589","BECv10","ESSFdvw","ESSFdvw/06","A6"
"5590","BECv10","ESSFmc","ESSFmc/01","C4"
"5591","BECv10","ESSFmc","ESSFmc/01","B5"
"5592","BECv10","ESSFmc","ESSFmc/01","B4"
"5593","BECv10","ESSFmc","ESSFmc/01a","C4"
"5594","BECv10","ESSFmc","ESSFmc/01a","B5"
"5595","BECv10","ESSFmc","ESSFmc/01a","B4"
"5596","BECv10","ESSFmc","ESSFmc/01b","C4"
"5597","BECv10","ESSFmc","ESSFmc/01b","B5"
"5598","BECv10","ESSFmc","ESSFmc/01b","B4"
"5599","BECv10","ESSFmc","ESSFmc/02","C1"
"5600","BECv10","ESSFmc","ESSFmc/02","C0"
"5601","BECv10","ESSFmc","ESSFmc/02","B1"
"5602","BECv10","ESSFmc","ESSFmc/02","B0"
"5603","BECv10","ESSFmc","ESSFmc/02","A1"
"5604","BECv10","ESSFmc","ESSFmc/02","A0"
"5605","BECv10","ESSFmc","ESSFmc/03","C2"
"5606","BECv10","ESSFmc","ESSFmc/03","B2"
"5607","BECv10","ESSFmc","ESSFmc/03","A2"
"5608","BECv10","ESSFmc","ESSFmc/04","C3"
"5609","BECv10","ESSFmc","ESSFmc/04","B3"
"5610","BECv10","ESSFmc","ESSFmc/04","A4"
"5611","BECv10","ESSFmc","ESSFmc/04","A3"
"5612","BECv10","ESSFmc","ESSFmc/05","E4"
"5613","BECv10","ESSFmc","ESSFmc/05","D4"
"5614","BECv10","ESSFmc","ESSFmc/06","D5"
"5615","BECv10","ESSFmc","ESSFmc/06","C5"
"5616","BECv10","ESSFmc","ESSFmc/07","E6"
"5617","BECv10","ESSFmc","ESSFmc/07","E5"
"5618","BECv10","ESSFmc","ESSFmc/07","D6"
"5619","BECv10","ESSFmc","ESSFmc/07","D5"
"5620","BECv10","ESSFmc","ESSFmc/08","D7"
"5621","BECv10","ESSFmc","ESSFmc/08","D6"
"5622","BECv10","ESSFmc","ESSFmc/08","D5"
"5623","BECv10","ESSFmc","ESSFmc/08","C7"
"5624","BECv10","ESSFmc","ESSFmc/08","C6"
"5625","BECv10","ESSFmc","ESSFmc/09","B7"
"5626","BECv10","ESSFmc","ESSFmc/09","B6"
"5627","BECv10","ESSFmc","ESSFmc/09","A7"
"5628","BECv10","ESSFmc","ESSFmc/09","A6"
"5629","BECv10","ESSFmc","ESSFmc/10","E7"
"5630","BECv10","ESSFmc","ESSFmc/10","D7"
"5631","BECv10","ESSFmc","ESSFmc/10","C7"
"5632","BECv10","ESSFmcp","ESSFmcp/00","E7"
"5633","BECv10","ESSFmcp","ESSFmcp/00","E6"
"5634","BECv10","ESSFmcp","ESSFmcp/00","E5"
"5635","BECv10","ESSFmcp","ESSFmcp/00","E4"
"5636","BECv10","ESSFmcp","ESSFmcp/00","E3"
"5637","BECv10","ESSFmcp","ESSFmcp/00","E2"
"5638","BECv10","ESSFmcp","ESSFmcp/00","E1"
"5639","BECv10","ESSFmcp","ESSFmcp/00","E0"
"5640","BECv10","ESSFmcp","ESSFmcp/00","D7"
"5641","BECv10","ESSFmcp","ESSFmcp/00","D6"
"5642","BECv10","ESSFmcp","ESSFmcp/00","D5"
"5643","BECv10","ESSFmcp","ESSFmcp/00","D4"
"5644","BECv10","ESSFmcp","ESSFmcp/00","D3"
"5645","BECv10","ESSFmcp","ESSFmcp/00","D2"
"5646","BECv10","ESSFmcp","ESSFmcp/00","D1"
"5647","BECv10","ESSFmcp","ESSFmcp/00","D0"
"5648","BECv10","ESSFmcp","ESSFmcp/00","C7"
"5649","BECv10","ESSFmcp","ESSFmcp/00","C6"
"5650","BECv10","ESSFmcp","ESSFmcp/00","C5"
"5651","BECv10","ESSFmcp","ESSFmcp/00","C4"
"5652","BECv10","ESSFmcp","ESSFmcp/00","C3"
"5653","BECv10","ESSFmcp","ESSFmcp/00","C2"
"5654","BECv10","ESSFmcp","ESSFmcp/00","C1"
"5655","BECv10","ESSFmcp","ESSFmcp/00","C0"
"5656","BECv10","ESSFmcp","ESSFmcp/00","B7"
"5657","BECv10","ESSFmcp","ESSFmcp/00","B6"
"5658","BECv10","ESSFmcp","ESSFmcp/00","B5"
"5659","BECv10","ESSFmcp","ESSFmcp/00","B4"
"5660","BECv10","ESSFmcp","ESSFmcp/00","B3"
"5661","BECv10","ESSFmcp","ESSFmcp/00","B2"
"5662","BECv10","ESSFmcp","ESSFmcp/00","B1"
"5663","BECv10","ESSFmcp","ESSFmcp/00","B0"
"5664","BECv10","ESSFmcp","ESSFmcp/00","A7"
"5665","BECv10","ESSFmcp","ESSFmcp/00","A6"
"5666","BECv10","ESSFmcp","ESSFmcp/00","A5"
"5667","BECv10","ESSFmcp","ESSFmcp/00","A4"
"5668","BECv10","ESSFmcp","ESSFmcp/00","A3"
"5669","BECv10","ESSFmcp","ESSFmcp/00","A2"
"5670","BECv10","ESSFmcp","ESSFmcp/00","A1"
"5671","BECv10","ESSFmcp","ESSFmcp/00","A0"
"5672","BECv12","ESSFmcw","ESSFmcw/101","C4"
"5673","BECv12","ESSFmcw","ESSFmcw/101","C3"
"5674","BECv12","ESSFmcw","ESSFmcw/101","B4"
"5675","BECv12","ESSFmcw","ESSFmcw/101","B3"
"5676","BECv12","ESSFmcw","ESSFmcw/101a","C3"
"5677","BECv12","ESSFmcw","ESSFmcw/101a","B3"
"5678","BECv12","ESSFmcw","ESSFmcw/101b","C4"
"5679","BECv12","ESSFmcw","ESSFmcw/101b","B4"
"5680","BECv12","ESSFmcw","ESSFmcw/102","C2"
"5681","BECv12","ESSFmcw","ESSFmcw/102","B2"
"5682","BECv12","ESSFmcw","ESSFmcw/102","B1"
"5683","BECv12","ESSFmcw","ESSFmcw/102","A1"
"5684","BECv12","ESSFmcw","ESSFmcw/103","B4"
"5685","BECv12","ESSFmcw","ESSFmcw/103","B3"
"5686","BECv12","ESSFmcw","ESSFmcw/103","A4"
"5687","BECv12","ESSFmcw","ESSFmcw/103","A3"
"5688","BECv12","ESSFmcw","ESSFmcw/103","A2"
"5689","BECv12","ESSFmcw","ESSFmcw/110","E5"
"5690","BECv12","ESSFmcw","ESSFmcw/110","E4"
"5691","BECv12","ESSFmcw","ESSFmcw/110","E3"
"5692","BECv12","ESSFmcw","ESSFmcw/110","D5"
"5693","BECv12","ESSFmcw","ESSFmcw/110","D4"
"5694","BECv12","ESSFmcw","ESSFmcw/110","D3"
"5695","BECv12","ESSFmcw","ESSFmcw/110","C5"
"5696","BECv12","ESSFmcw","ESSFmcw/110","B5"
"5697","BECv12","ESSFmcw","ESSFmcw/111","E6"
"5698","BECv12","ESSFmcw","ESSFmcw/111","D6"
"5699","BECv12","ESSFmcw","ESSFmcw/111","C6"
"5700","BECv12","ESSFmcw","ESSFmcw/111","B6"
"5701","Add_2021","ESSFmcw","ESSFmcw/Ro","A0"
"5702","Add_2021","ESSFmcw","ESSFmcw/Ro","B0"
"5703","BECv10","ESSFmh","ESSFmh/101","D4"
"5704","BECv10","ESSFmh","ESSFmh/101","C4"
"5705","BECv10","ESSFmh","ESSFmh/101","B4"
"5706","BECv10","ESSFmh","ESSFmh/102","C1"
"5707","BECv10","ESSFmh","ESSFmh/102","B1"
"5708","BECv10","ESSFmh","ESSFmh/102","A1"
"5709","BECv10","ESSFmh","ESSFmh/103","C2"
"5710","BECv10","ESSFmh","ESSFmh/103","B2"
"5711","BECv10","ESSFmh","ESSFmh/103","A2"
"5712","BECv10","ESSFmh","ESSFmh/104","B3"
"5713","BECv10","ESSFmh","ESSFmh/104","B2"
"5714","BECv10","ESSFmh","ESSFmh/104","A3"
"5715","BECv10","ESSFmh","ESSFmh/104","A2"
"5716","BECv10","ESSFmh","ESSFmh/105","C3"
"5717","BECv10","ESSFmh","ESSFmh/105","C2"
"5718","BECv10","ESSFmh","ESSFmh/105","B3"
"5719","BECv10","ESSFmh","ESSFmh/110","E5"
"5720","BECv10","ESSFmh","ESSFmh/110","D5"
"5721","BECv10","ESSFmh","ESSFmh/110","D4"
"5722","BECv10","ESSFmh","ESSFmh/110","C5"
"5723","BECv10","ESSFmh","ESSFmh/111","E6"
"5724","BECv10","ESSFmh","ESSFmh/111","E5"
"5725","BECv10","ESSFmh","ESSFmh/111","D6"
"5726","BECv10","ESSFmh","ESSFmh/111","D5"
"5727","BECv10","ESSFmh","ESSFmh/111","C6"
"5728","BECv10","ESSFmh","ESSFmh/111","C5"
"5729","BECv10","ESSFmh","ESSFmh/112","E6"
"5730","BECv10","ESSFmh","ESSFmh/112","D6"
"5731","BECv10","ESSFmh","ESSFmh/112","C6"
"5732","BECv10","ESSFmh","ESSFmh/112.1","E6"
"5733","BECv10","ESSFmh","ESSFmh/112.1","D6"
"5734","BECv10","ESSFmh","ESSFmh/112.1","C6"
"5735","BECv10","ESSFmh","ESSFmh/112.2","E6"
"5736","BECv10","ESSFmh","ESSFmh/112.2","D6"
"5737","BECv10","ESSFmh","ESSFmh/112.2","C6"
"5738","Add_2021","ESSFmh","ESSFmh/Ro","A0"
"5739","Add_2021","ESSFmh","ESSFmh/Ro","B0"
"5740","BECv10","ESSFmk","ESSFmk/01","C4"
"5741","BECv10","ESSFmk","ESSFmk/01","B5"
"5742","BECv10","ESSFmk","ESSFmk/01","B4"
"5743","BECv10","ESSFmk","ESSFmk/02","C2"
"5744","BECv10","ESSFmk","ESSFmk/02","C1"
"5745","BECv10","ESSFmk","ESSFmk/02","C0"
"5746","BECv10","ESSFmk","ESSFmk/02","B2"
"5747","BECv10","ESSFmk","ESSFmk/02","B1"
"5748","BECv10","ESSFmk","ESSFmk/02","B0"
"5749","BECv10","ESSFmk","ESSFmk/02","A2"
"5750","BECv10","ESSFmk","ESSFmk/02","A1"
"5751","BECv10","ESSFmk","ESSFmk/02","A0"
"5752","BECv10","ESSFmk","ESSFmk/02a","C2"
"5753","BECv10","ESSFmk","ESSFmk/02a","C1"
"5754","BECv10","ESSFmk","ESSFmk/02a","C0"
"5755","BECv10","ESSFmk","ESSFmk/02a","B2"
"5756","BECv10","ESSFmk","ESSFmk/02a","B1"
"5757","BECv10","ESSFmk","ESSFmk/02a","B0"
"5758","BECv10","ESSFmk","ESSFmk/02a","A2"
"5759","BECv10","ESSFmk","ESSFmk/02a","A1"
"5760","BECv10","ESSFmk","ESSFmk/02a","A0"
"5761","BECv10","ESSFmk","ESSFmk/02b","C2"
"5762","BECv10","ESSFmk","ESSFmk/02b","C1"
"5763","BECv10","ESSFmk","ESSFmk/02b","C0"
"5764","BECv10","ESSFmk","ESSFmk/02b","B2"
"5765","BECv10","ESSFmk","ESSFmk/02b","B1"
"5766","BECv10","ESSFmk","ESSFmk/02b","B0"
"5767","BECv10","ESSFmk","ESSFmk/02b","A2"
"5768","BECv10","ESSFmk","ESSFmk/02b","A1"
"5769","BECv10","ESSFmk","ESSFmk/02b","A0"
"5770","BECv10","ESSFmk","ESSFmk/03","C3"
"5771","BECv10","ESSFmk","ESSFmk/03","B3"
"5772","BECv10","ESSFmk","ESSFmk/03","A4"
"5773","BECv10","ESSFmk","ESSFmk/03","A3"
"5774","BECv10","ESSFmk","ESSFmk/04","E4"
"5775","BECv10","ESSFmk","ESSFmk/04","D5"
"5776","BECv10","ESSFmk","ESSFmk/04","D4"
"5777","BECv10","ESSFmk","ESSFmk/04","C5"
"5778","BECv10","ESSFmk","ESSFmk/05","E6"
"5779","BECv10","ESSFmk","ESSFmk/05","E5"
"5780","BECv10","ESSFmk","ESSFmk/05","E4"
"5781","BECv10","ESSFmk","ESSFmk/05","D6"
"5782","BECv10","ESSFmk","ESSFmk/05","D5"
"5783","BECv10","ESSFmk","ESSFmk/06","C7"
"5784","BECv10","ESSFmk","ESSFmk/06","C6"
"5785","BECv10","ESSFmk","ESSFmk/06","B7"
"5786","BECv10","ESSFmk","ESSFmk/06","B6"
"5787","BECv10","ESSFmk","ESSFmk/07","E7"
"5788","BECv10","ESSFmk","ESSFmk/07","E6"
"5789","BECv10","ESSFmk","ESSFmk/07","D7"
"5790","BECv10","ESSFmk","ESSFmk/07","D6"
"5791","BECv10","ESSFmkp","ESSFmkp/00","E7"
"5792","BECv10","ESSFmkp","ESSFmkp/00","E6"
"5793","BECv10","ESSFmkp","ESSFmkp/00","E5"
"5794","BECv10","ESSFmkp","ESSFmkp/00","E4"
"5795","BECv10","ESSFmkp","ESSFmkp/00","E3"
"5796","BECv10","ESSFmkp","ESSFmkp/00","E2"
"5797","BECv10","ESSFmkp","ESSFmkp/00","E1"
"5798","BECv10","ESSFmkp","ESSFmkp/00","E0"
"5799","BECv10","ESSFmkp","ESSFmkp/00","D7"
"5800","BECv10","ESSFmkp","ESSFmkp/00","D6"
"5801","BECv10","ESSFmkp","ESSFmkp/00","D5"
"5802","BECv10","ESSFmkp","ESSFmkp/00","D4"
"5803","BECv10","ESSFmkp","ESSFmkp/00","D3"
"5804","BECv10","ESSFmkp","ESSFmkp/00","D2"
"5805","BECv10","ESSFmkp","ESSFmkp/00","D1"
"5806","BECv10","ESSFmkp","ESSFmkp/00","D0"
"5807","BECv10","ESSFmkp","ESSFmkp/00","C7"
"5808","BECv10","ESSFmkp","ESSFmkp/00","C6"
"5809","BECv10","ESSFmkp","ESSFmkp/00","C5"
"5810","BECv10","ESSFmkp","ESSFmkp/00","C4"
"5811","BECv10","ESSFmkp","ESSFmkp/00","C3"
"5812","BECv10","ESSFmkp","ESSFmkp/00","C2"
"5813","BECv10","ESSFmkp","ESSFmkp/00","C1"
"5814","BECv10","ESSFmkp","ESSFmkp/00","C0"
"5815","BECv10","ESSFmkp","ESSFmkp/00","B7"
"5816","BECv10","ESSFmkp","ESSFmkp/00","B6"
"5817","BECv10","ESSFmkp","ESSFmkp/00","B5"
"5818","BECv10","ESSFmkp","ESSFmkp/00","B4"
"5819","BECv10","ESSFmkp","ESSFmkp/00","B3"
"5820","BECv10","ESSFmkp","ESSFmkp/00","B2"
"5821","BECv10","ESSFmkp","ESSFmkp/00","B1"
"5822","BECv10","ESSFmkp","ESSFmkp/00","B0"
"5823","BECv10","ESSFmkp","ESSFmkp/00","A7"
"5824","BECv10","ESSFmkp","ESSFmkp/00","A6"
"5825","BECv10","ESSFmkp","ESSFmkp/00","A5"
"5826","BECv10","ESSFmkp","ESSFmkp/00","A4"
"5827","BECv10","ESSFmkp","ESSFmkp/00","A3"
"5828","BECv10","ESSFmkp","ESSFmkp/00","A2"
"5829","BECv10","ESSFmkp","ESSFmkp/00","A1"
"5830","BECv10","ESSFmkp","ESSFmkp/00","A0"
"5831","BECv12","ESSFmkw","ESSFmkw/101","C4"
"5832","BECv12","ESSFmkw","ESSFmkw/101","C3"
"5833","BECv12","ESSFmkw","ESSFmkw/101","B4"
"5834","BECv12","ESSFmkw","ESSFmkw/101","B3"
"5835","BECv12","ESSFmkw","ESSFmkw/102","C2"
"5836","BECv12","ESSFmkw","ESSFmkw/102","C1"
"5837","BECv12","ESSFmkw","ESSFmkw/102","B2"
"5838","BECv12","ESSFmkw","ESSFmkw/102","B1"
"5839","BECv12","ESSFmkw","ESSFmkw/102","A1"
"5840","BECv12","ESSFmkw","ESSFmkw/103","B4"
"5841","BECv12","ESSFmkw","ESSFmkw/103","B3"
"5842","BECv12","ESSFmkw","ESSFmkw/103","A4"
"5843","BECv12","ESSFmkw","ESSFmkw/103","A3"
"5844","BECv12","ESSFmkw","ESSFmkw/103","A2"
"5845","BECv12","ESSFmkw","ESSFmkw/104","C4"
"5846","BECv12","ESSFmkw","ESSFmkw/104","B4"
"5847","BECv12","ESSFmkw","ESSFmkw/110","E5"
"5848","BECv12","ESSFmkw","ESSFmkw/110","E4"
"5849","BECv12","ESSFmkw","ESSFmkw/110","E3"
"5850","BECv12","ESSFmkw","ESSFmkw/110","D5"
"5851","BECv12","ESSFmkw","ESSFmkw/110","D4"
"5852","BECv12","ESSFmkw","ESSFmkw/110","D3"
"5853","BECv12","ESSFmkw","ESSFmkw/110","C5"
"5854","BECv12","ESSFmkw","ESSFmkw/110","B5"
"5855","BECv12","ESSFmkw","ESSFmkw/111","E6"
"5856","BECv12","ESSFmkw","ESSFmkw/111","D6"
"5857","BECv12","ESSFmkw","ESSFmkw/111","C6"
"5858","BECv12","ESSFmkw","ESSFmkw/111","B6"
"5859","Add_2021","ESSFmkw","ESSFmkw/Ro","A0"
"5860","Add_2021","ESSFmkw","ESSFmkw/Ro","B0"
"5861","BECv10","ESSFmm1","ESSFmm1/01","D4"
"5862","BECv10","ESSFmm1","ESSFmm1/01","D3"
"5863","BECv10","ESSFmm1","ESSFmm1/01","C4"
"5864","BECv10","ESSFmm1","ESSFmm1/01","C3"
"5865","BECv10","ESSFmm1","ESSFmm1/01","B4"
"5866","BECv10","ESSFmm1","ESSFmm1/01","B3"
"5867","BECv10","ESSFmm1","ESSFmm1/02","B1"
"5868","BECv10","ESSFmm1","ESSFmm1/02","A1"
"5869","BECv10","ESSFmm1","ESSFmm1/03","B2"
"5870","BECv10","ESSFmm1","ESSFmm1/03","B1"
"5871","BECv10","ESSFmm1","ESSFmm1/03","A2"
"5872","BECv10","ESSFmm1","ESSFmm1/04","C2"
"5873","BECv10","ESSFmm1","ESSFmm1/04","B2"
"5874","BECv10","ESSFmm1","ESSFmm1/05","D5"
"5875","BECv10","ESSFmm1","ESSFmm1/05","C5"
"5876","BECv10","ESSFmm1","ESSFmm1/05","B5"
"5877","BECv10","ESSFmm1","ESSFmm1/06","D6"
"5878","BECv10","ESSFmm1","ESSFmm1/06","D5"
"5879","BECv10","ESSFmm1","ESSFmm1/06","C6"
"5880","BECv10","ESSFmm1","ESSFmm1/06","C5"
"5881","BECv10","ESSFmm1","ESSFmm1/06","B7"
"5882","BECv10","ESSFmm1","ESSFmm1/06","B6"
"5883","BECv10","ESSFmm1","ESSFmm1/06","B5"
"5884","BECv10","ESSFmm1","ESSFmm1/06","A7"
"5885","BECv10","ESSFmm1","ESSFmm1/07","B7"
"5886","BECv10","ESSFmm1","ESSFmm1/07","A7"
"5887","Add_2021","ESSFmm1","ESSFmm1/Ro","A0"
"5888","Add_2021","ESSFmm1","ESSFmm1/Ro","B0"
"5889","BECv10","ESSFmm2","ESSFmm2/01","E4"
"5890","BECv10","ESSFmm2","ESSFmm2/01","E3"
"5891","BECv10","ESSFmm2","ESSFmm2/01","D4"
"5892","BECv10","ESSFmm2","ESSFmm2/01","D3"
"5893","BECv10","ESSFmm2","ESSFmm2/01","C4"
"5894","BECv10","ESSFmm2","ESSFmm2/01","C3"
"5895","BECv10","ESSFmm2","ESSFmm2/01","B4"
"5896","BECv10","ESSFmm2","ESSFmm2/01","B3"
"5897","BECv10","ESSFmm2","ESSFmm2/01","A4"
"5898","BECv10","ESSFmm2","ESSFmm2/01","A3"
"5899","BECv10","ESSFmm2","ESSFmm2/02","C2"
"5900","BECv10","ESSFmm2","ESSFmm2/02","C1"
"5901","BECv10","ESSFmm2","ESSFmm2/02","B2"
"5902","BECv10","ESSFmm2","ESSFmm2/02","B1"
"5903","BECv10","ESSFmm2","ESSFmm2/02","A2"
"5904","BECv10","ESSFmm2","ESSFmm2/02","A1"
"5905","BECv10","ESSFmm2","ESSFmm2/03","E3"
"5906","BECv10","ESSFmm2","ESSFmm2/03","E2"
"5907","BECv10","ESSFmm2","ESSFmm2/03","E1"
"5908","BECv10","ESSFmm2","ESSFmm2/03","D3"
"5909","BECv10","ESSFmm2","ESSFmm2/03","D2"
"5910","BECv10","ESSFmm2","ESSFmm2/03","D1"
"5911","BECv10","ESSFmm2","ESSFmm2/03","C3"
"5912","BECv10","ESSFmm2","ESSFmm2/03","C2"
"5913","BECv10","ESSFmm2","ESSFmm2/03","C1"
"5914","BECv10","ESSFmm2","ESSFmm2/03","B3"
"5915","BECv10","ESSFmm2","ESSFmm2/03","B2"
"5916","BECv10","ESSFmm2","ESSFmm2/03","A3"
"5917","BECv10","ESSFmm2","ESSFmm2/03","A2"
"5918","BECv10","ESSFmm2","ESSFmm2/04","E5"
"5919","BECv10","ESSFmm2","ESSFmm2/04","E4"
"5920","BECv10","ESSFmm2","ESSFmm2/04","D5"
"5921","BECv10","ESSFmm2","ESSFmm2/04","D4"
"5922","BECv10","ESSFmm2","ESSFmm2/04","C5"
"5923","BECv10","ESSFmm2","ESSFmm2/04","C4"
"5924","BECv10","ESSFmm2","ESSFmm2/04","B5"
"5925","BECv10","ESSFmm2","ESSFmm2/04","B4"
"5926","BECv10","ESSFmm2","ESSFmm2/04","A5"
"5927","BECv10","ESSFmm2","ESSFmm2/04","A4"
"5928","BECv10","ESSFmm2","ESSFmm2/05","E7"
"5929","BECv10","ESSFmm2","ESSFmm2/05","E6"
"5930","BECv10","ESSFmm2","ESSFmm2/05","E5"
"5931","BECv10","ESSFmm2","ESSFmm2/05","D7"
"5932","BECv10","ESSFmm2","ESSFmm2/05","D6"
"5933","BECv10","ESSFmm2","ESSFmm2/05","D5"
"5934","BECv10","ESSFmm2","ESSFmm2/05","C7"
"5935","BECv10","ESSFmm2","ESSFmm2/05","C6"
"5936","BECv10","ESSFmm2","ESSFmm2/05","C5"
"5937","BECv10","ESSFmm2","ESSFmm2/05","B6"
"5938","BECv10","ESSFmm2","ESSFmm2/05","B5"
"5939","BECv10","ESSFmm2","ESSFmm2/05","A6"
"5940","BECv10","ESSFmm2","ESSFmm2/05","A5"
"5941","BECv10","ESSFmm2","ESSFmm2/06","C7"
"5942","BECv10","ESSFmm2","ESSFmm2/06","C6"
"5943","BECv10","ESSFmm2","ESSFmm2/06","B7"
"5944","BECv10","ESSFmm2","ESSFmm2/06","B6"
"5945","BECv10","ESSFmm2","ESSFmm2/06","A7"
"5946","BECv10","ESSFmm2","ESSFmm2/06","A6"
"5947","BECv10","ESSFmm2","ESSFmm2/07","B7"
"5948","BECv10","ESSFmm2","ESSFmm2/07","A7"
"5949","Add_2021","ESSFmm2","ESSFmm2/Ro","A0"
"5950","Add_2021","ESSFmm2","ESSFmm2/Ro","B0"
"5951","BECv11","ESSFmm3","ESSFmm3/101","D4"
"5952","BECv11","ESSFmm3","ESSFmm3/101","C4"
"5953","BECv11","ESSFmm3","ESSFmm3/101","B4"
"5954","BECv11","ESSFmm3","ESSFmm3/102","D1"
"5955","BECv11","ESSFmm3","ESSFmm3/102","C1"
"5956","BECv11","ESSFmm3","ESSFmm3/102","B1"
"5957","BECv11","ESSFmm3","ESSFmm3/102","A1"
"5958","BECv11","ESSFmm3","ESSFmm3/103","D2"
"5959","BECv11","ESSFmm3","ESSFmm3/103","C2"
"5960","BECv11","ESSFmm3","ESSFmm3/103","B2"
"5961","BECv11","ESSFmm3","ESSFmm3/104","D3"
"5962","BECv11","ESSFmm3","ESSFmm3/104","C3"
"5963","BECv11","ESSFmm3","ESSFmm3/104","B4"
"5964","BECv11","ESSFmm3","ESSFmm3/104","B3"
"5965","BECv11","ESSFmm3","ESSFmm3/110","D5"
"5966","BECv11","ESSFmm3","ESSFmm3/110","C6"
"5967","BECv11","ESSFmm3","ESSFmm3/110","C5"
"5968","BECv11","ESSFmm3","ESSFmm3/111","D6"
"5969","BECv11","ESSFmm3","ESSFmm3/111","D5"
"5970","BECv11","ESSFmm3","ESSFmm3/111","C6"
"5971","BECv11","ESSFmm3","ESSFmm3/111","C5"
"5972","BECv11","ESSFmm3","ESSFmm3/112","E7"
"5973","BECv11","ESSFmm3","ESSFmm3/112","E6"
"5974","BECv11","ESSFmm3","ESSFmm3/112","D7"
"5975","BECv11","ESSFmm3","ESSFmm3/112","D6"
"5976","BECv11","ESSFmm3","ESSFmm3/112","C7"
"5977","BECv11","ESSFmm3","ESSFmm3/112","C6"
"5978","BECv11","ESSFmm3","ESSFmm3/Ro","C0"
"5979","BECv11","ESSFmm3","ESSFmm3/Ro","B0"
"5980","BECv11","ESSFmm3","ESSFmm3/Ro","A0"
"5981","BECv10","ESSFmmp","ESSFmmp/00","E7"
"5982","BECv10","ESSFmmp","ESSFmmp/00","E6"
"5983","BECv10","ESSFmmp","ESSFmmp/00","E5"
"5984","BECv10","ESSFmmp","ESSFmmp/00","E4"
"5985","BECv10","ESSFmmp","ESSFmmp/00","E3"
"5986","BECv10","ESSFmmp","ESSFmmp/00","E2"
"5987","BECv10","ESSFmmp","ESSFmmp/00","E1"
"5988","BECv10","ESSFmmp","ESSFmmp/00","E0"
"5989","BECv10","ESSFmmp","ESSFmmp/00","D7"
"5990","BECv10","ESSFmmp","ESSFmmp/00","D6"
"5991","BECv10","ESSFmmp","ESSFmmp/00","D5"
"5992","BECv10","ESSFmmp","ESSFmmp/00","D4"
"5993","BECv10","ESSFmmp","ESSFmmp/00","D3"
"5994","BECv10","ESSFmmp","ESSFmmp/00","D2"
"5995","BECv10","ESSFmmp","ESSFmmp/00","D1"
"5996","BECv10","ESSFmmp","ESSFmmp/00","D0"
"5997","BECv10","ESSFmmp","ESSFmmp/00","C7"
"5998","BECv10","ESSFmmp","ESSFmmp/00","C6"
"5999","BECv10","ESSFmmp","ESSFmmp/00","C5"
"6000","BECv10","ESSFmmp","ESSFmmp/00","C4"
"6001","BECv10","ESSFmmp","ESSFmmp/00","C3"
"6002","BECv10","ESSFmmp","ESSFmmp/00","C2"
"6003","BECv10","ESSFmmp","ESSFmmp/00","C1"
"6004","BECv10","ESSFmmp","ESSFmmp/00","C0"
"6005","BECv10","ESSFmmp","ESSFmmp/00","B7"
"6006","BECv10","ESSFmmp","ESSFmmp/00","B6"
"6007","BECv10","ESSFmmp","ESSFmmp/00","B5"
"6008","BECv10","ESSFmmp","ESSFmmp/00","B4"
"6009","BECv10","ESSFmmp","ESSFmmp/00","B3"
"6010","BECv10","ESSFmmp","ESSFmmp/00","B2"
"6011","BECv10","ESSFmmp","ESSFmmp/00","B1"
"6012","BECv10","ESSFmmp","ESSFmmp/00","B0"
"6013","BECv10","ESSFmmp","ESSFmmp/00","A7"
"6014","BECv10","ESSFmmp","ESSFmmp/00","A6"
"6015","BECv10","ESSFmmp","ESSFmmp/00","A5"
"6016","BECv10","ESSFmmp","ESSFmmp/00","A4"
"6017","BECv10","ESSFmmp","ESSFmmp/00","A3"
"6018","BECv10","ESSFmmp","ESSFmmp/00","A2"
"6019","BECv10","ESSFmmp","ESSFmmp/00","A1"
"6020","BECv10","ESSFmmp","ESSFmmp/00","A0"
"6021","BECv10","ESSFmmw","ESSFmmw/01","D4"
"6022","BECv10","ESSFmmw","ESSFmmw/01","D3"
"6023","BECv10","ESSFmmw","ESSFmmw/01","C4"
"6024","BECv10","ESSFmmw","ESSFmmw/01","C3"
"6025","BECv10","ESSFmmw","ESSFmmw/01","B4"
"6026","BECv10","ESSFmmw","ESSFmmw/01","B3"
"6027","BECv10","ESSFmmw","ESSFmmw/02","B1"
"6028","BECv10","ESSFmmw","ESSFmmw/02","A1"
"6029","BECv10","ESSFmmw","ESSFmmw/03","B2"
"6030","BECv10","ESSFmmw","ESSFmmw/03","B1"
"6031","BECv10","ESSFmmw","ESSFmmw/03","A2"
"6032","BECv10","ESSFmmw","ESSFmmw/04","C2"
"6033","BECv10","ESSFmmw","ESSFmmw/04","B2"
"6034","BECv10","ESSFmmw","ESSFmmw/05","D5"
"6035","BECv10","ESSFmmw","ESSFmmw/05","C5"
"6036","BECv10","ESSFmmw","ESSFmmw/05","B5"
"6037","BECv10","ESSFmmw","ESSFmmw/06","D6"
"6038","BECv10","ESSFmmw","ESSFmmw/06","D5"
"6039","BECv10","ESSFmmw","ESSFmmw/06","C6"
"6040","BECv10","ESSFmmw","ESSFmmw/06","C5"
"6041","BECv10","ESSFmmw","ESSFmmw/06","B7"
"6042","BECv10","ESSFmmw","ESSFmmw/06","B6"
"6043","BECv10","ESSFmmw","ESSFmmw/06","B5"
"6044","BECv10","ESSFmmw","ESSFmmw/06","A7"
"6045","BECv10","ESSFmmw","ESSFmmw/07","B7"
"6046","BECv10","ESSFmmw","ESSFmmw/07","A7"
"6047","Add_2021","ESSFmmw","ESSFmmw/Ro","A0"
"6048","Add_2021","ESSFmmw","ESSFmmw/Ro","B0"
"6049","BECv10","ESSFmv1","ESSFmv1/01","D4"
"6050","BECv10","ESSFmv1","ESSFmv1/01","C4"
"6051","BECv10","ESSFmv1","ESSFmv1/01","B4"
"6052","BECv10","ESSFmv1","ESSFmv1/02","B2"
"6053","BECv10","ESSFmv1","ESSFmv1/02","B1"
"6054","BECv10","ESSFmv1","ESSFmv1/02","A2"
"6055","BECv10","ESSFmv1","ESSFmv1/02","A1"
"6056","BECv10","ESSFmv1","ESSFmv1/03","C4"
"6057","BECv10","ESSFmv1","ESSFmv1/03","C3"
"6058","BECv10","ESSFmv1","ESSFmv1/03","B4"
"6059","BECv10","ESSFmv1","ESSFmv1/03","B3"
"6060","BECv10","ESSFmv1","ESSFmv1/04","D6"
"6061","BECv10","ESSFmv1","ESSFmv1/04","D5"
"6062","BECv10","ESSFmv1","ESSFmv1/04","C6"
"6063","BECv10","ESSFmv1","ESSFmv1/04","C5"
"6064","BECv10","ESSFmv1","ESSFmv1/05","D7"
"6065","BECv10","ESSFmv1","ESSFmv1/05","D6"
"6066","BECv10","ESSFmv1","ESSFmv1/05","C7"
"6067","BECv10","ESSFmv1","ESSFmv1/05","C6"
"6068","Add_2021","ESSFmv1","ESSFmv1/Ro","A0"
"6069","Add_2021","ESSFmv1","ESSFmv1/Ro","B0"
"6070","BECv10","ESSFmv2","ESSFmv2/01","C4"
"6071","BECv10","ESSFmv2","ESSFmv2/01","C3"
"6072","BECv10","ESSFmv2","ESSFmv2/01","B4"
"6073","BECv10","ESSFmv2","ESSFmv2/01","B3"
"6074","BECv10","ESSFmv2","ESSFmv2/02","C3"
"6075","BECv10","ESSFmv2","ESSFmv2/02","C2"
"6076","BECv10","ESSFmv2","ESSFmv2/02","B3"
"6077","BECv10","ESSFmv2","ESSFmv2/02","B2"
"6078","BECv10","ESSFmv2","ESSFmv2/03","B5"
"6079","BECv10","ESSFmv2","ESSFmv2/03","B4"
"6080","BECv10","ESSFmv2","ESSFmv2/03","B3"
"6081","BECv10","ESSFmv2","ESSFmv2/03","A6"
"6082","BECv10","ESSFmv2","ESSFmv2/03","A5"
"6083","BECv10","ESSFmv2","ESSFmv2/03","A4"
"6084","BECv10","ESSFmv2","ESSFmv2/03","A3"
"6085","BECv10","ESSFmv2","ESSFmv2/04","D5"
"6086","BECv10","ESSFmv2","ESSFmv2/04","D4"
"6087","BECv10","ESSFmv2","ESSFmv2/04","C5"
"6088","BECv10","ESSFmv2","ESSFmv2/04","C4"
"6089","BECv10","ESSFmv2","ESSFmv2/05","E5"
"6090","BECv10","ESSFmv2","ESSFmv2/05","D5"
"6091","BECv10","ESSFmv2","ESSFmv2/06","D6"
"6092","BECv10","ESSFmv2","ESSFmv2/06","D5"
"6093","BECv10","ESSFmv2","ESSFmv2/06","C6"
"6094","BECv10","ESSFmv2","ESSFmv2/06","C5"
"6095","Add_2021","ESSFmv2","ESSFmv2/Ro","A0"
"6096","Add_2021","ESSFmv2","ESSFmv2/Ro","B0"
"6097","BECv10","ESSFmv3","ESSFmv3/01","D4"
"6098","BECv10","ESSFmv3","ESSFmv3/01","D3"
"6099","BECv10","ESSFmv3","ESSFmv3/01","C4"
"6100","BECv10","ESSFmv3","ESSFmv3/01","C3"
"6101","BECv10","ESSFmv3","ESSFmv3/01","B4"
"6102","BECv10","ESSFmv3","ESSFmv3/01","B3"
"6103","BECv10","ESSFmv3","ESSFmv3/02","B3"
"6104","BECv10","ESSFmv3","ESSFmv3/02","B2"
"6105","BECv10","ESSFmv3","ESSFmv3/02","A3"
"6106","BECv10","ESSFmv3","ESSFmv3/02","A2"
"6107","BECv10","ESSFmv3","ESSFmv3/03","B5"
"6108","BECv10","ESSFmv3","ESSFmv3/03","B4"
"6109","BECv10","ESSFmv3","ESSFmv3/03","B3"
"6110","BECv10","ESSFmv3","ESSFmv3/03","A5"
"6111","BECv10","ESSFmv3","ESSFmv3/03","A4"
"6112","BECv10","ESSFmv3","ESSFmv3/03","A3"
"6113","BECv10","ESSFmv3","ESSFmv3/04","D5"
"6114","BECv10","ESSFmv3","ESSFmv3/04","D4"
"6115","BECv10","ESSFmv3","ESSFmv3/04","C5"
"6116","BECv10","ESSFmv3","ESSFmv3/04","C4"
"6117","BECv10","ESSFmv3","ESSFmv3/05","D5"
"6118","BECv10","ESSFmv3","ESSFmv3/05","C5"
"6119","BECv10","ESSFmv3","ESSFmv3/06","D6"
"6120","BECv10","ESSFmv3","ESSFmv3/06","D5"
"6121","BECv10","ESSFmv3","ESSFmv3/06","C6"
"6122","BECv10","ESSFmv3","ESSFmv3/06","C5"
"6123","BECv10","ESSFmv3","ESSFmv3/07","D6"
"6124","BECv10","ESSFmv3","ESSFmv3/07","C6"
"6125","BECv10","ESSFmv3","ESSFmv3/08","C3"
"6126","BECv10","ESSFmv3","ESSFmv3/08","C2"
"6127","BECv10","ESSFmv3","ESSFmv3/08","B3"
"6128","BECv10","ESSFmv3","ESSFmv3/08","B2"
"6129","Add_2021","ESSFmv3","ESSFmv3/Ro","A0"
"6130","Add_2021","ESSFmv3","ESSFmv3/Ro","B0"
"6131","BECv10","ESSFmv4","ESSFmv4/01","D4"
"6132","BECv10","ESSFmv4","ESSFmv4/01","D3"
"6133","BECv10","ESSFmv4","ESSFmv4/01","C4"
"6134","BECv10","ESSFmv4","ESSFmv4/01","C3"
"6135","BECv10","ESSFmv4","ESSFmv4/01","B4"
"6136","BECv10","ESSFmv4","ESSFmv4/02","B3"
"6137","BECv10","ESSFmv4","ESSFmv4/02","B2"
"6138","BECv10","ESSFmv4","ESSFmv4/03","B6"
"6139","BECv10","ESSFmv4","ESSFmv4/03","B5"
"6140","BECv10","ESSFmv4","ESSFmv4/03","B4"
"6141","BECv10","ESSFmv4","ESSFmv4/03","B3"
"6142","BECv10","ESSFmv4","ESSFmv4/03","A6"
"6143","BECv10","ESSFmv4","ESSFmv4/03","A5"
"6144","BECv10","ESSFmv4","ESSFmv4/03","A4"
"6145","BECv10","ESSFmv4","ESSFmv4/03","A3"
"6146","BECv10","ESSFmv4","ESSFmv4/04","E5"
"6147","BECv10","ESSFmv4","ESSFmv4/04","D5"
"6148","BECv10","ESSFmv4","ESSFmv4/04","C5"
"6149","BECv10","ESSFmv4","ESSFmv4/05","D6"
"6150","BECv10","ESSFmv4","ESSFmv4/05","C6"
"6151","BECv10","ESSFmv4","ESSFmv4/05","B6"
"6152","Add_2021","ESSFmv4","ESSFmv4/Ro","A0"
"6153","Add_2021","ESSFmv4","ESSFmv4/Ro","B0"
"6154","BECv10","ESSFmvp","ESSFmvp/00","E7"
"6155","BECv10","ESSFmvp","ESSFmvp/00","E6"
"6156","BECv10","ESSFmvp","ESSFmvp/00","E5"
"6157","BECv10","ESSFmvp","ESSFmvp/00","E4"
"6158","BECv10","ESSFmvp","ESSFmvp/00","E3"
"6159","BECv10","ESSFmvp","ESSFmvp/00","E2"
"6160","BECv10","ESSFmvp","ESSFmvp/00","E1"
"6161","BECv10","ESSFmvp","ESSFmvp/00","E0"
"6162","BECv10","ESSFmvp","ESSFmvp/00","D7"
"6163","BECv10","ESSFmvp","ESSFmvp/00","D6"
"6164","BECv10","ESSFmvp","ESSFmvp/00","D5"
"6165","BECv10","ESSFmvp","ESSFmvp/00","D4"
"6166","BECv10","ESSFmvp","ESSFmvp/00","D3"
"6167","BECv10","ESSFmvp","ESSFmvp/00","D2"
"6168","BECv10","ESSFmvp","ESSFmvp/00","D1"
"6169","BECv10","ESSFmvp","ESSFmvp/00","D0"
"6170","BECv10","ESSFmvp","ESSFmvp/00","C7"
"6171","BECv10","ESSFmvp","ESSFmvp/00","C6"
"6172","BECv10","ESSFmvp","ESSFmvp/00","C5"
"6173","BECv10","ESSFmvp","ESSFmvp/00","C4"
"6174","BECv10","ESSFmvp","ESSFmvp/00","C3"
"6175","BECv10","ESSFmvp","ESSFmvp/00","C2"
"6176","BECv10","ESSFmvp","ESSFmvp/00","C1"
"6177","BECv10","ESSFmvp","ESSFmvp/00","C0"
"6178","BECv10","ESSFmvp","ESSFmvp/00","B7"
"6179","BECv10","ESSFmvp","ESSFmvp/00","B6"
"6180","BECv10","ESSFmvp","ESSFmvp/00","B5"
"6181","BECv10","ESSFmvp","ESSFmvp/00","B4"
"6182","BECv10","ESSFmvp","ESSFmvp/00","B3"
"6183","BECv10","ESSFmvp","ESSFmvp/00","B2"
"6184","BECv10","ESSFmvp","ESSFmvp/00","B1"
"6185","BECv10","ESSFmvp","ESSFmvp/00","B0"
"6186","BECv10","ESSFmvp","ESSFmvp/00","A7"
"6187","BECv10","ESSFmvp","ESSFmvp/00","A6"
"6188","BECv10","ESSFmvp","ESSFmvp/00","A5"
"6189","BECv10","ESSFmvp","ESSFmvp/00","A4"
"6190","BECv10","ESSFmvp","ESSFmvp/00","A3"
"6191","BECv10","ESSFmvp","ESSFmvp/00","A2"
"6192","BECv10","ESSFmvp","ESSFmvp/00","A1"
"6193","BECv10","ESSFmvp","ESSFmvp/00","A0"
"6194","USA_2019","ESSFmw_WA","ESSFmw_WA/101","D4"
"6195","USA_2019","ESSFmw_WA","ESSFmw_WA/101","D3"
"6196","USA_2019","ESSFmw_WA","ESSFmw_WA/101","C4"
"6197","USA_2019","ESSFmw_WA","ESSFmw_WA/101","C3"
"6198","USA_2019","ESSFmw_WA","ESSFmw_WA/101","B4"
"6199","USA_2019","ESSFmw_WA","ESSFmw_WA/101","B3"
"6200","USA_2019","ESSFmw_WA","ESSFmw_WA/102","D1"
"6201","USA_2019","ESSFmw_WA","ESSFmw_WA/102","C1"
"6202","USA_2019","ESSFmw_WA","ESSFmw_WA/102","B1"
"6203","USA_2019","ESSFmw_WA","ESSFmw_WA/102","A1"
"6204","USA_2019","ESSFmw_WA","ESSFmw_WA/103","D2"
"6205","USA_2019","ESSFmw_WA","ESSFmw_WA/103","C2"
"6206","USA_2019","ESSFmw_WA","ESSFmw_WA/103","B2"
"6207","USA_2019","ESSFmw_WA","ESSFmw_WA/103","A2"
"6208","USA_2019","ESSFmw_WA","ESSFmw_WA/110","E5"
"6209","USA_2019","ESSFmw_WA","ESSFmw_WA/110","D5"
"6210","USA_2019","ESSFmw_WA","ESSFmw_WA/110","C5"
"6211","USA_2019","ESSFmw_WA","ESSFmw_WA/110","B5"
"6212","USA_2019","ESSFmw_WA","ESSFmw_WA/111","E6"
"6213","USA_2019","ESSFmw_WA","ESSFmw_WA/111","D6"
"6214","USA_2019","ESSFmw_WA","ESSFmw_WA/111","C6"
"6215","USA_2019","ESSFmw_WA","ESSFmw_WA/111","B6"
"6216","Add_2021","ESSFmw_WA","ESSFmw_WA/Ro","A0"
"6217","Add_2021","ESSFmw_WA","ESSFmw_WA/Ro","B0"
"6218","BECv12","ESSFmw1","ESSFmw1/101","D4"
"6219","BECv12","ESSFmw1","ESSFmw1/101","D3"
"6220","BECv12","ESSFmw1","ESSFmw1/101","C4"
"6221","BECv12","ESSFmw1","ESSFmw1/101","C3"
"6222","BECv12","ESSFmw1","ESSFmw1/101","B4"
"6223","BECv12","ESSFmw1","ESSFmw1/101","B3"
"6224","BECv12","ESSFmw1","ESSFmw1/101","C5"
"6225","BECv12","ESSFmw1","ESSFmw1/102","B1"
"6226","BECv12","ESSFmw1","ESSFmw1/102","B0"
"6227","BECv12","ESSFmw1","ESSFmw1/102","A1"
"6228","BECv12","ESSFmw1","ESSFmw1/102","A0"
"6229","BECv12","ESSFmw1","ESSFmw1/102.1","B1"
"6230","BECv12","ESSFmw1","ESSFmw1/102.1","B0"
"6231","BECv12","ESSFmw1","ESSFmw1/102.1","A1"
"6232","BECv12","ESSFmw1","ESSFmw1/102.1","A0"
"6233","BECv12","ESSFmw1","ESSFmw1/102.2","B1"
"6234","BECv12","ESSFmw1","ESSFmw1/102.2","B0"
"6235","BECv12","ESSFmw1","ESSFmw1/102.2","A1"
"6236","BECv12","ESSFmw1","ESSFmw1/102.2","A0"
"6237","BECv12","ESSFmw1","ESSFmw1/103","C2"
"6238","BECv12","ESSFmw1","ESSFmw1/103","C1"
"6239","BECv12","ESSFmw1","ESSFmw1/103","B2"
"6240","BECv12","ESSFmw1","ESSFmw1/104","D3"
"6241","BECv12","ESSFmw1","ESSFmw1/104","D2"
"6242","BECv12","ESSFmw1","ESSFmw1/104","C2"
"6243","BECv12","ESSFmw1","ESSFmw1/105","C3"
"6244","BECv12","ESSFmw1","ESSFmw1/105","B3"
"6245","BECv12","ESSFmw1","ESSFmw1/110","E6"
"6246","BECv12","ESSFmw1","ESSFmw1/110","D6"
"6247","BECv12","ESSFmw1","ESSFmw1/110","D5"
"6248","BECv12","ESSFmw1","ESSFmw1/111","E7"
"6249","BECv12","ESSFmw1","ESSFmw1/111","E6"
"6250","BECv12","ESSFmw1","ESSFmw1/111","D7"
"6251","BECv12","ESSFmw1","ESSFmw1/111","D6"
"6252","BECv10","ESSFmw2","ESSFmw2/01","D4"
"6253","BECv10","ESSFmw2","ESSFmw2/01","D3"
"6254","BECv10","ESSFmw2","ESSFmw2/01","C4"
"6255","BECv10","ESSFmw2","ESSFmw2/01","C3"
"6256","BECv10","ESSFmw2","ESSFmw2/01","B4"
"6257","BECv10","ESSFmw2","ESSFmw2/01","B3"
"6258","BECv10","ESSFmw2","ESSFmw2/01","A4"
"6259","BECv10","ESSFmw2","ESSFmw2/01","A3"
"6260","BECv10","ESSFmw2","ESSFmw2/02","D1"
"6261","BECv10","ESSFmw2","ESSFmw2/02","D0"
"6262","BECv10","ESSFmw2","ESSFmw2/02","C1"
"6263","BECv10","ESSFmw2","ESSFmw2/02","C0"
"6264","BECv10","ESSFmw2","ESSFmw2/02","B1"
"6265","BECv10","ESSFmw2","ESSFmw2/02","B0"
"6266","BECv10","ESSFmw2","ESSFmw2/02","A1"
"6267","BECv10","ESSFmw2","ESSFmw2/02","A0"
"6268","BECv10","ESSFmw2","ESSFmw2/03","D3"
"6269","BECv10","ESSFmw2","ESSFmw2/03","D2"
"6270","BECv10","ESSFmw2","ESSFmw2/03","D1"
"6271","BECv10","ESSFmw2","ESSFmw2/03","C3"
"6272","BECv10","ESSFmw2","ESSFmw2/03","C2"
"6273","BECv10","ESSFmw2","ESSFmw2/03","C1"
"6274","BECv10","ESSFmw2","ESSFmw2/03","B3"
"6275","BECv10","ESSFmw2","ESSFmw2/03","B2"
"6276","BECv10","ESSFmw2","ESSFmw2/03","B1"
"6277","BECv10","ESSFmw2","ESSFmw2/03","A3"
"6278","BECv10","ESSFmw2","ESSFmw2/03","A2"
"6279","BECv10","ESSFmw2","ESSFmw2/03","A1"
"6280","BECv10","ESSFmw2","ESSFmw2/04","C4"
"6281","BECv10","ESSFmw2","ESSFmw2/04","C3"
"6282","BECv10","ESSFmw2","ESSFmw2/04","C2"
"6283","BECv10","ESSFmw2","ESSFmw2/04","B4"
"6284","BECv10","ESSFmw2","ESSFmw2/04","B3"
"6285","BECv10","ESSFmw2","ESSFmw2/04","B2"
"6286","BECv10","ESSFmw2","ESSFmw2/04","A4"
"6287","BECv10","ESSFmw2","ESSFmw2/04","A3"
"6288","BECv10","ESSFmw2","ESSFmw2/04","A2"
"6289","BECv10","ESSFmw2","ESSFmw2/05","C5"
"6290","BECv10","ESSFmw2","ESSFmw2/05","C4"
"6291","BECv10","ESSFmw2","ESSFmw2/05","B5"
"6292","BECv10","ESSFmw2","ESSFmw2/05","B4"
"6293","BECv10","ESSFmw2","ESSFmw2/05","A5"
"6294","BECv10","ESSFmw2","ESSFmw2/05","A4"
"6295","BECv10","ESSFmw2","ESSFmw2/06","E6"
"6296","BECv10","ESSFmw2","ESSFmw2/06","E5"
"6297","BECv10","ESSFmw2","ESSFmw2/06","E4"
"6298","BECv10","ESSFmw2","ESSFmw2/06","D6"
"6299","BECv10","ESSFmw2","ESSFmw2/06","D5"
"6300","BECv10","ESSFmw2","ESSFmw2/06","D4"
"6301","BECv10","ESSFmw2","ESSFmw2/06","C6"
"6302","BECv10","ESSFmw2","ESSFmw2/06","C5"
"6303","BECv10","ESSFmw2","ESSFmw2/06","C4"
"6304","BECv10","ESSFmw2","ESSFmw2/07","E7"
"6305","BECv10","ESSFmw2","ESSFmw2/07","E6"
"6306","BECv10","ESSFmw2","ESSFmw2/07","E5"
"6307","BECv10","ESSFmw2","ESSFmw2/07","D7"
"6308","BECv10","ESSFmw2","ESSFmw2/07","D6"
"6309","BECv10","ESSFmw2","ESSFmw2/07","D5"
"6310","BECv10","ESSFmw2","ESSFmw2/08","E7"
"6311","BECv10","ESSFmw2","ESSFmw2/08","E6"
"6312","BECv10","ESSFmw2","ESSFmw2/08","D7"
"6313","BECv10","ESSFmw2","ESSFmw2/08","D6"
"6314","BECv10","ESSFmw2","ESSFmw2/08","C7"
"6315","BECv10","ESSFmw2","ESSFmw2/08","C6"
"6316","BECv10","ESSFmwp","ESSFmwp/00","E7"
"6317","BECv10","ESSFmwp","ESSFmwp/00","E6"
"6318","BECv10","ESSFmwp","ESSFmwp/00","E5"
"6319","BECv10","ESSFmwp","ESSFmwp/00","E4"
"6320","BECv10","ESSFmwp","ESSFmwp/00","E3"
"6321","BECv10","ESSFmwp","ESSFmwp/00","E2"
"6322","BECv10","ESSFmwp","ESSFmwp/00","E1"
"6323","BECv10","ESSFmwp","ESSFmwp/00","E0"
"6324","BECv10","ESSFmwp","ESSFmwp/00","D7"
"6325","BECv10","ESSFmwp","ESSFmwp/00","D6"
"6326","BECv10","ESSFmwp","ESSFmwp/00","D5"
"6327","BECv10","ESSFmwp","ESSFmwp/00","D4"
"6328","BECv10","ESSFmwp","ESSFmwp/00","D3"
"6329","BECv10","ESSFmwp","ESSFmwp/00","D2"
"6330","BECv10","ESSFmwp","ESSFmwp/00","D1"
"6331","BECv10","ESSFmwp","ESSFmwp/00","D0"
"6332","BECv10","ESSFmwp","ESSFmwp/00","C7"
"6333","BECv10","ESSFmwp","ESSFmwp/00","C6"
"6334","BECv10","ESSFmwp","ESSFmwp/00","C5"
"6335","BECv10","ESSFmwp","ESSFmwp/00","C4"
"6336","BECv10","ESSFmwp","ESSFmwp/00","C3"
"6337","BECv10","ESSFmwp","ESSFmwp/00","C2"
"6338","BECv10","ESSFmwp","ESSFmwp/00","C1"
"6339","BECv10","ESSFmwp","ESSFmwp/00","C0"
"6340","BECv10","ESSFmwp","ESSFmwp/00","B7"
"6341","BECv10","ESSFmwp","ESSFmwp/00","B6"
"6342","BECv10","ESSFmwp","ESSFmwp/00","B5"
"6343","BECv10","ESSFmwp","ESSFmwp/00","B4"
"6344","BECv10","ESSFmwp","ESSFmwp/00","B3"
"6345","BECv10","ESSFmwp","ESSFmwp/00","B2"
"6346","BECv10","ESSFmwp","ESSFmwp/00","B1"
"6347","BECv10","ESSFmwp","ESSFmwp/00","B0"
"6348","BECv10","ESSFmwp","ESSFmwp/00","A7"
"6349","BECv10","ESSFmwp","ESSFmwp/00","A6"
"6350","BECv10","ESSFmwp","ESSFmwp/00","A5"
"6351","BECv10","ESSFmwp","ESSFmwp/00","A4"
"6352","BECv10","ESSFmwp","ESSFmwp/00","A3"
"6353","BECv10","ESSFmwp","ESSFmwp/00","A2"
"6354","BECv10","ESSFmwp","ESSFmwp/00","A1"
"6355","BECv10","ESSFmwp","ESSFmwp/00","A0"
"6356","USA_2019","ESSFmwp_WA","ESSFmwp_WA/00","E7"
"6357","USA_2019","ESSFmwp_WA","ESSFmwp_WA/00","E6"
"6358","USA_2019","ESSFmwp_WA","ESSFmwp_WA/00","E5"
"6359","USA_2019","ESSFmwp_WA","ESSFmwp_WA/00","E4"
"6360","USA_2019","ESSFmwp_WA","ESSFmwp_WA/00","E3"
"6361","USA_2019","ESSFmwp_WA","ESSFmwp_WA/00","E2"
"6362","USA_2019","ESSFmwp_WA","ESSFmwp_WA/00","E1"
"6363","USA_2019","ESSFmwp_WA","ESSFmwp_WA/00","E0"
"6364","USA_2019","ESSFmwp_WA","ESSFmwp_WA/00","D7"
"6365","USA_2019","ESSFmwp_WA","ESSFmwp_WA/00","D6"
"6366","USA_2019","ESSFmwp_WA","ESSFmwp_WA/00","D5"
"6367","USA_2019","ESSFmwp_WA","ESSFmwp_WA/00","D4"
"6368","USA_2019","ESSFmwp_WA","ESSFmwp_WA/00","D3"
"6369","USA_2019","ESSFmwp_WA","ESSFmwp_WA/00","D2"
"6370","USA_2019","ESSFmwp_WA","ESSFmwp_WA/00","D1"
"6371","USA_2019","ESSFmwp_WA","ESSFmwp_WA/00","D0"
"6372","USA_2019","ESSFmwp_WA","ESSFmwp_WA/00","C7"
"6373","USA_2019","ESSFmwp_WA","ESSFmwp_WA/00","C6"
"6374","USA_2019","ESSFmwp_WA","ESSFmwp_WA/00","C5"
"6375","USA_2019","ESSFmwp_WA","ESSFmwp_WA/00","C4"
"6376","USA_2019","ESSFmwp_WA","ESSFmwp_WA/00","C3"
"6377","USA_2019","ESSFmwp_WA","ESSFmwp_WA/00","C2"
"6378","USA_2019","ESSFmwp_WA","ESSFmwp_WA/00","C1"
"6379","USA_2019","ESSFmwp_WA","ESSFmwp_WA/00","C0"
"6380","USA_2019","ESSFmwp_WA","ESSFmwp_WA/00","B7"
"6381","USA_2019","ESSFmwp_WA","ESSFmwp_WA/00","B6"
"6382","USA_2019","ESSFmwp_WA","ESSFmwp_WA/00","B5"
"6383","USA_2019","ESSFmwp_WA","ESSFmwp_WA/00","B4"
"6384","USA_2019","ESSFmwp_WA","ESSFmwp_WA/00","B3"
"6385","USA_2019","ESSFmwp_WA","ESSFmwp_WA/00","B2"
"6386","USA_2019","ESSFmwp_WA","ESSFmwp_WA/00","B1"
"6387","USA_2019","ESSFmwp_WA","ESSFmwp_WA/00","B0"
"6388","USA_2019","ESSFmwp_WA","ESSFmwp_WA/00","A7"
"6389","USA_2019","ESSFmwp_WA","ESSFmwp_WA/00","A6"
"6390","USA_2019","ESSFmwp_WA","ESSFmwp_WA/00","A5"
"6391","USA_2019","ESSFmwp_WA","ESSFmwp_WA/00","A4"
"6392","USA_2019","ESSFmwp_WA","ESSFmwp_WA/00","A3"
"6393","USA_2019","ESSFmwp_WA","ESSFmwp_WA/00","A2"
"6394","USA_2019","ESSFmwp_WA","ESSFmwp_WA/00","A1"
"6395","USA_2019","ESSFmwp_WA","ESSFmwp_WA/00","A0"
"6396","BECv13","ESSFmww","ESSFmww/101","D4"
"6397","BECv13","ESSFmww","ESSFmww/101","D3"
"6398","BECv13","ESSFmww","ESSFmww/101","C4"
"6399","BECv13","ESSFmww","ESSFmww/101","C3"
"6400","BECv13","ESSFmww","ESSFmww/101","B4"
"6401","BECv13","ESSFmww","ESSFmww/101","B3"
"6402","BECv13","ESSFmww","ESSFmww/101","A4"
"6403","BECv13","ESSFmww","ESSFmww/102","D1"
"6404","BECv13","ESSFmww","ESSFmww/102","D0"
"6405","BECv13","ESSFmww","ESSFmww/102","C1"
"6406","BECv13","ESSFmww","ESSFmww/102","C0"
"6407","BECv13","ESSFmww","ESSFmww/102","B1"
"6408","BECv13","ESSFmww","ESSFmww/102","B0"
"6409","BECv13","ESSFmww","ESSFmww/102","A1"
"6410","BECv13","ESSFmww","ESSFmww/102","A0"
"6411","BECv13","ESSFmww","ESSFmww/103","D2"
"6412","BECv13","ESSFmww","ESSFmww/103","C3"
"6413","BECv13","ESSFmww","ESSFmww/103","C2"
"6414","BECv13","ESSFmww","ESSFmww/103","B3"
"6415","BECv13","ESSFmww","ESSFmww/103","B2"
"6416","BECv13","ESSFmww","ESSFmww/103","A3"
"6417","BECv13","ESSFmww","ESSFmww/103","A2"
"6418","BECv13","ESSFmww","ESSFmww/110","E6"
"6419","BECv13","ESSFmww","ESSFmww/110","E5"
"6420","BECv13","ESSFmww","ESSFmww/110","D6"
"6421","BECv13","ESSFmww","ESSFmww/110","D5"
"6422","BECv13","ESSFmww","ESSFmww/110","C6"
"6423","BECv13","ESSFmww","ESSFmww/110","C5"
"6424","BECv10","ESSFunp","ESSFunp/00","E7"
"6425","BECv10","ESSFunp","ESSFunp/00","E6"
"6426","BECv10","ESSFunp","ESSFunp/00","E5"
"6427","BECv10","ESSFunp","ESSFunp/00","E4"
"6428","BECv10","ESSFunp","ESSFunp/00","E3"
"6429","BECv10","ESSFunp","ESSFunp/00","E2"
"6430","BECv10","ESSFunp","ESSFunp/00","E1"
"6431","BECv10","ESSFunp","ESSFunp/00","E0"
"6432","BECv10","ESSFunp","ESSFunp/00","D7"
"6433","BECv10","ESSFunp","ESSFunp/00","D6"
"6434","BECv10","ESSFunp","ESSFunp/00","D5"
"6435","BECv10","ESSFunp","ESSFunp/00","D4"
"6436","BECv10","ESSFunp","ESSFunp/00","D3"
"6437","BECv10","ESSFunp","ESSFunp/00","D2"
"6438","BECv10","ESSFunp","ESSFunp/00","D1"
"6439","BECv10","ESSFunp","ESSFunp/00","D0"
"6440","BECv10","ESSFunp","ESSFunp/00","C7"
"6441","BECv10","ESSFunp","ESSFunp/00","C6"
"6442","BECv10","ESSFunp","ESSFunp/00","C5"
"6443","BECv10","ESSFunp","ESSFunp/00","C4"
"6444","BECv10","ESSFunp","ESSFunp/00","C3"
"6445","BECv10","ESSFunp","ESSFunp/00","C2"
"6446","BECv10","ESSFunp","ESSFunp/00","C1"
"6447","BECv10","ESSFunp","ESSFunp/00","C0"
"6448","BECv10","ESSFunp","ESSFunp/00","B7"
"6449","BECv10","ESSFunp","ESSFunp/00","B6"
"6450","BECv10","ESSFunp","ESSFunp/00","B5"
"6451","BECv10","ESSFunp","ESSFunp/00","B4"
"6452","BECv10","ESSFunp","ESSFunp/00","B3"
"6453","BECv10","ESSFunp","ESSFunp/00","B2"
"6454","BECv10","ESSFunp","ESSFunp/00","B1"
"6455","BECv10","ESSFunp","ESSFunp/00","B0"
"6456","BECv10","ESSFunp","ESSFunp/00","A7"
"6457","BECv10","ESSFunp","ESSFunp/00","A6"
"6458","BECv10","ESSFunp","ESSFunp/00","A5"
"6459","BECv10","ESSFunp","ESSFunp/00","A4"
"6460","BECv10","ESSFunp","ESSFunp/00","A3"
"6461","BECv10","ESSFunp","ESSFunp/00","A2"
"6462","BECv10","ESSFunp","ESSFunp/00","A1"
"6463","BECv10","ESSFunp","ESSFunp/00","A0"
"6464","BECv10","ESSFvc","ESSFvc/01","D4"
"6465","BECv10","ESSFvc","ESSFvc/01","D3"
"6466","BECv10","ESSFvc","ESSFvc/01","D2"
"6467","BECv10","ESSFvc","ESSFvc/01","C4"
"6468","BECv10","ESSFvc","ESSFvc/01","C3"
"6469","BECv10","ESSFvc","ESSFvc/01","C2"
"6470","BECv10","ESSFvc","ESSFvc/01","B4"
"6471","BECv10","ESSFvc","ESSFvc/01","B3"
"6472","BECv10","ESSFvc","ESSFvc/01","B2"
"6473","BECv10","ESSFvc","ESSFvc/01","A4"
"6474","BECv10","ESSFvc","ESSFvc/01","A3"
"6475","BECv10","ESSFvc","ESSFvc/01","A2"
"6476","BECv10","ESSFvc","ESSFvc/02","B2"
"6477","BECv10","ESSFvc","ESSFvc/02","B1"
"6478","BECv10","ESSFvc","ESSFvc/02","B0"
"6479","BECv10","ESSFvc","ESSFvc/02","A2"
"6480","BECv10","ESSFvc","ESSFvc/02","A1"
"6481","BECv10","ESSFvc","ESSFvc/02","A0"
"6482","BECv10","ESSFvc","ESSFvc/03","D3"
"6483","BECv10","ESSFvc","ESSFvc/03","D2"
"6484","BECv10","ESSFvc","ESSFvc/03","D1"
"6485","BECv10","ESSFvc","ESSFvc/03","C3"
"6486","BECv10","ESSFvc","ESSFvc/03","C2"
"6487","BECv10","ESSFvc","ESSFvc/03","C1"
"6488","BECv10","ESSFvc","ESSFvc/03","C0"
"6489","BECv10","ESSFvc","ESSFvc/03","B3"
"6490","BECv10","ESSFvc","ESSFvc/03","B2"
"6491","BECv10","ESSFvc","ESSFvc/03","B1"
"6492","BECv10","ESSFvc","ESSFvc/03","B0"
"6493","BECv10","ESSFvc","ESSFvc/03","A3"
"6494","BECv10","ESSFvc","ESSFvc/03","A2"
"6495","BECv10","ESSFvc","ESSFvc/04","E6"
"6496","BECv10","ESSFvc","ESSFvc/04","E5"
"6497","BECv10","ESSFvc","ESSFvc/04","E4"
"6498","BECv10","ESSFvc","ESSFvc/04","D6"
"6499","BECv10","ESSFvc","ESSFvc/04","D5"
"6500","BECv10","ESSFvc","ESSFvc/04","D4"
"6501","BECv10","ESSFvc","ESSFvc/04","C6"
"6502","BECv10","ESSFvc","ESSFvc/04","C5"
"6503","BECv10","ESSFvc","ESSFvc/04","C4"
"6504","BECv10","ESSFvc","ESSFvc/04","B6"
"6505","BECv10","ESSFvc","ESSFvc/04","B5"
"6506","BECv10","ESSFvc","ESSFvc/04","B4"
"6507","BECv10","ESSFvc","ESSFvc/05","E6"
"6508","BECv10","ESSFvc","ESSFvc/05","E5"
"6509","BECv10","ESSFvc","ESSFvc/05","D6"
"6510","BECv10","ESSFvc","ESSFvc/05","D5"
"6511","BECv10","ESSFvc","ESSFvc/05","C7"
"6512","BECv10","ESSFvc","ESSFvc/05","C6"
"6513","BECv10","ESSFvc","ESSFvc/05","C5"
"6514","BECv10","ESSFvc","ESSFvc/05","B7"
"6515","BECv10","ESSFvc","ESSFvc/05","B6"
"6516","BECv10","ESSFvc","ESSFvc/05","B5"
"6517","BECv10","ESSFvc","ESSFvc/06","E7"
"6518","BECv10","ESSFvc","ESSFvc/06","E6"
"6519","BECv10","ESSFvc","ESSFvc/06","D7"
"6520","BECv10","ESSFvc","ESSFvc/06","D6"
"6521","BECv10","ESSFvc","ESSFvc/06","C7"
"6522","BECv10","ESSFvc","ESSFvc/06","C6"
"6523","BECv10","ESSFvc","ESSFvc/06","B7"
"6524","BECv10","ESSFvc","ESSFvc/06","B6"
"6525","BECv10","ESSFvc","ESSFvc/06","A7"
"6526","BECv10","ESSFvcp","ESSFvcp/00","E7"
"6527","BECv10","ESSFvcp","ESSFvcp/00","E6"
"6528","BECv10","ESSFvcp","ESSFvcp/00","E5"
"6529","BECv10","ESSFvcp","ESSFvcp/00","E4"
"6530","BECv10","ESSFvcp","ESSFvcp/00","E3"
"6531","BECv10","ESSFvcp","ESSFvcp/00","E2"
"6532","BECv10","ESSFvcp","ESSFvcp/00","E1"
"6533","BECv10","ESSFvcp","ESSFvcp/00","E0"
"6534","BECv10","ESSFvcp","ESSFvcp/00","D7"
"6535","BECv10","ESSFvcp","ESSFvcp/00","D6"
"6536","BECv10","ESSFvcp","ESSFvcp/00","D5"
"6537","BECv10","ESSFvcp","ESSFvcp/00","D4"
"6538","BECv10","ESSFvcp","ESSFvcp/00","D3"
"6539","BECv10","ESSFvcp","ESSFvcp/00","D2"
"6540","BECv10","ESSFvcp","ESSFvcp/00","D1"
"6541","BECv10","ESSFvcp","ESSFvcp/00","D0"
"6542","BECv10","ESSFvcp","ESSFvcp/00","C7"
"6543","BECv10","ESSFvcp","ESSFvcp/00","C6"
"6544","BECv10","ESSFvcp","ESSFvcp/00","C5"
"6545","BECv10","ESSFvcp","ESSFvcp/00","C4"
"6546","BECv10","ESSFvcp","ESSFvcp/00","C3"
"6547","BECv10","ESSFvcp","ESSFvcp/00","C2"
"6548","BECv10","ESSFvcp","ESSFvcp/00","C1"
"6549","BECv10","ESSFvcp","ESSFvcp/00","C0"
"6550","BECv10","ESSFvcp","ESSFvcp/00","B7"
"6551","BECv10","ESSFvcp","ESSFvcp/00","B6"
"6552","BECv10","ESSFvcp","ESSFvcp/00","B5"
"6553","BECv10","ESSFvcp","ESSFvcp/00","B4"
"6554","BECv10","ESSFvcp","ESSFvcp/00","B3"
"6555","BECv10","ESSFvcp","ESSFvcp/00","B2"
"6556","BECv10","ESSFvcp","ESSFvcp/00","B1"
"6557","BECv10","ESSFvcp","ESSFvcp/00","B0"
"6558","BECv10","ESSFvcp","ESSFvcp/00","A7"
"6559","BECv10","ESSFvcp","ESSFvcp/00","A6"
"6560","BECv10","ESSFvcp","ESSFvcp/00","A5"
"6561","BECv10","ESSFvcp","ESSFvcp/00","A4"
"6562","BECv10","ESSFvcp","ESSFvcp/00","A3"
"6563","BECv10","ESSFvcp","ESSFvcp/00","A2"
"6564","BECv10","ESSFvcp","ESSFvcp/00","A1"
"6565","BECv10","ESSFvcp","ESSFvcp/00","A0"
"6566","BECv10","ESSFvcw","ESSFvcw/01","D4"
"6567","BECv10","ESSFvcw","ESSFvcw/01","D3"
"6568","BECv10","ESSFvcw","ESSFvcw/01","D2"
"6569","BECv10","ESSFvcw","ESSFvcw/01","C4"
"6570","BECv10","ESSFvcw","ESSFvcw/01","C3"
"6571","BECv10","ESSFvcw","ESSFvcw/01","C2"
"6572","BECv10","ESSFvcw","ESSFvcw/01","B4"
"6573","BECv10","ESSFvcw","ESSFvcw/01","B3"
"6574","BECv10","ESSFvcw","ESSFvcw/01","B2"
"6575","BECv10","ESSFvcw","ESSFvcw/01","A4"
"6576","BECv10","ESSFvcw","ESSFvcw/01","A3"
"6577","BECv10","ESSFvcw","ESSFvcw/01","A2"
"6578","BECv10","ESSFvcw","ESSFvcw/02","B2"
"6579","BECv10","ESSFvcw","ESSFvcw/02","B1"
"6580","BECv10","ESSFvcw","ESSFvcw/02","B0"
"6581","BECv10","ESSFvcw","ESSFvcw/02","A2"
"6582","BECv10","ESSFvcw","ESSFvcw/02","A1"
"6583","BECv10","ESSFvcw","ESSFvcw/02","A0"
"6584","BECv10","ESSFvcw","ESSFvcw/03","D3"
"6585","BECv10","ESSFvcw","ESSFvcw/03","D2"
"6586","BECv10","ESSFvcw","ESSFvcw/03","D1"
"6587","BECv10","ESSFvcw","ESSFvcw/03","C3"
"6588","BECv10","ESSFvcw","ESSFvcw/03","C2"
"6589","BECv10","ESSFvcw","ESSFvcw/03","C1"
"6590","BECv10","ESSFvcw","ESSFvcw/03","C0"
"6591","BECv10","ESSFvcw","ESSFvcw/03","B3"
"6592","BECv10","ESSFvcw","ESSFvcw/03","B2"
"6593","BECv10","ESSFvcw","ESSFvcw/03","B1"
"6594","BECv10","ESSFvcw","ESSFvcw/03","B0"
"6595","BECv10","ESSFvcw","ESSFvcw/03","A3"
"6596","BECv10","ESSFvcw","ESSFvcw/03","A2"
"6597","BECv10","ESSFvcw","ESSFvcw/04","E6"
"6598","BECv10","ESSFvcw","ESSFvcw/04","E5"
"6599","BECv10","ESSFvcw","ESSFvcw/04","E4"
"6600","BECv10","ESSFvcw","ESSFvcw/04","D6"
"6601","BECv10","ESSFvcw","ESSFvcw/04","D5"
"6602","BECv10","ESSFvcw","ESSFvcw/04","D4"
"6603","BECv10","ESSFvcw","ESSFvcw/04","C6"
"6604","BECv10","ESSFvcw","ESSFvcw/04","C5"
"6605","BECv10","ESSFvcw","ESSFvcw/04","C4"
"6606","BECv10","ESSFvcw","ESSFvcw/04","B6"
"6607","BECv10","ESSFvcw","ESSFvcw/04","B5"
"6608","BECv10","ESSFvcw","ESSFvcw/04","B4"
"6609","BECv10","ESSFvcw","ESSFvcw/05","E6"
"6610","BECv10","ESSFvcw","ESSFvcw/05","E5"
"6611","BECv10","ESSFvcw","ESSFvcw/05","D6"
"6612","BECv10","ESSFvcw","ESSFvcw/05","D5"
"6613","BECv10","ESSFvcw","ESSFvcw/05","C7"
"6614","BECv10","ESSFvcw","ESSFvcw/05","C6"
"6615","BECv10","ESSFvcw","ESSFvcw/05","C5"
"6616","BECv10","ESSFvcw","ESSFvcw/05","B7"
"6617","BECv10","ESSFvcw","ESSFvcw/05","B6"
"6618","BECv10","ESSFvcw","ESSFvcw/05","B5"
"6619","BECv10","ESSFvcw","ESSFvcw/06","E7"
"6620","BECv10","ESSFvcw","ESSFvcw/06","E6"
"6621","BECv10","ESSFvcw","ESSFvcw/06","D7"
"6622","BECv10","ESSFvcw","ESSFvcw/06","D6"
"6623","BECv10","ESSFvcw","ESSFvcw/06","C7"
"6624","BECv10","ESSFvcw","ESSFvcw/06","C6"
"6625","BECv10","ESSFvcw","ESSFvcw/06","B7"
"6626","BECv10","ESSFvcw","ESSFvcw/06","B6"
"6627","BECv10","ESSFvcw","ESSFvcw/06","A7"
"6628","USA_2019","ESSFdw_ID","ESSFdw_ID/101","D4"
"6629","USA_2019","ESSFdw_ID","ESSFdw_ID/101","D3"
"6630","USA_2019","ESSFdw_ID","ESSFdw_ID/101","C4"
"6631","USA_2019","ESSFdw_ID","ESSFdw_ID/101","C3"
"6632","USA_2019","ESSFdw_ID","ESSFdw_ID/101","B4"
"6633","USA_2019","ESSFdw_ID","ESSFdw_ID/101","B3"
"6634","USA_2019","ESSFdw_ID","ESSFdw_ID/102","D1"
"6635","USA_2019","ESSFdw_ID","ESSFdw_ID/102","C1"
"6636","USA_2019","ESSFdw_ID","ESSFdw_ID/102","B1"
"6637","USA_2019","ESSFdw_ID","ESSFdw_ID/102","A1"
"6638","USA_2019","ESSFdw_ID","ESSFdw_ID/103","D2"
"6639","USA_2019","ESSFdw_ID","ESSFdw_ID/103","C2"
"6640","USA_2019","ESSFdw_ID","ESSFdw_ID/103","B2"
"6641","USA_2019","ESSFdw_ID","ESSFdw_ID/103","A2"
"6642","USA_2019","ESSFdw_ID","ESSFdw_ID/110","E5"
"6643","USA_2019","ESSFdw_ID","ESSFdw_ID/110","D5"
"6644","USA_2019","ESSFdw_ID","ESSFdw_ID/110","C5"
"6645","USA_2019","ESSFdw_ID","ESSFdw_ID/110","B5"
"6646","USA_2019","ESSFdw_ID","ESSFdw_ID/111","E6"
"6647","USA_2019","ESSFdw_ID","ESSFdw_ID/111","D6"
"6648","USA_2019","ESSFdw_ID","ESSFdw_ID/111","C6"
"6649","USA_2019","ESSFdw_ID","ESSFdw_ID/111","B6"
"6650","Add_2021","ESSFdw_ID","ESSFdw_ID/Ro","A0"
"6651","Add_2021","ESSFdw_ID","ESSFdw_ID/Ro","B0"
"6652","BECv10","ESSFwc2","ESSFwc2/01","C4"
"6653","BECv10","ESSFwc2","ESSFwc2/01","C3"
"6654","BECv10","ESSFwc2","ESSFwc2/01","B4"
"6655","BECv10","ESSFwc2","ESSFwc2/01","B3"
"6656","BECv10","ESSFwc2","ESSFwc2/02","B2"
"6657","BECv10","ESSFwc2","ESSFwc2/02","B1"
"6658","BECv10","ESSFwc2","ESSFwc2/02","A2"
"6659","BECv10","ESSFwc2","ESSFwc2/02","A1"
"6660","BECv10","ESSFwc2","ESSFwc2/03","D2"
"6661","BECv10","ESSFwc2","ESSFwc2/03","C3"
"6662","BECv10","ESSFwc2","ESSFwc2/03","C2"
"6663","BECv10","ESSFwc2","ESSFwc2/03","B3"
"6664","BECv10","ESSFwc2","ESSFwc2/03","B2"
"6665","BECv10","ESSFwc2","ESSFwc2/04","C3"
"6666","BECv10","ESSFwc2","ESSFwc2/04","C2"
"6667","BECv10","ESSFwc2","ESSFwc2/04","B3"
"6668","BECv10","ESSFwc2","ESSFwc2/04","B2"
"6669","BECv10","ESSFwc2","ESSFwc2/05","C3"
"6670","BECv10","ESSFwc2","ESSFwc2/05","C2"
"6671","BECv10","ESSFwc2","ESSFwc2/05","B3"
"6672","BECv10","ESSFwc2","ESSFwc2/05","B2"
"6673","BECv10","ESSFwc2","ESSFwc2/06","C5"
"6674","BECv10","ESSFwc2","ESSFwc2/06","C4"
"6675","BECv10","ESSFwc2","ESSFwc2/06","B5"
"6676","BECv10","ESSFwc2","ESSFwc2/06","B4"
"6677","BECv10","ESSFwc2","ESSFwc2/07","D5"
"6678","BECv10","ESSFwc2","ESSFwc2/07","D4"
"6679","BECv10","ESSFwc2","ESSFwc2/07","C5"
"6680","BECv10","ESSFwc2","ESSFwc2/07","C4"
"6681","BECv10","ESSFwc2","ESSFwc2/08","D6"
"6682","BECv10","ESSFwc2","ESSFwc2/08","D5"
"6683","BECv10","ESSFwc2","ESSFwc2/08","C6"
"6684","BECv10","ESSFwc2","ESSFwc2/08","C5"
"6685","BECv10","ESSFwc2","ESSFwc2/09","C7"
"6686","BECv10","ESSFwc2","ESSFwc2/09","C6"
"6687","BECv10","ESSFwc2","ESSFwc2/09","B7"
"6688","BECv10","ESSFwc2","ESSFwc2/09","B6"
"6689","BECv10","ESSFwc2","ESSFwc2/10","D7"
"6690","BECv10","ESSFwc2","ESSFwc2/10","D6"
"6691","BECv10","ESSFwc2","ESSFwc2/10","C7"
"6692","BECv10","ESSFwc2","ESSFwc2/10","C6"
"6693","BECv10","ESSFwc2","ESSFwc2/10","B7"
"6694","Add_2021","ESSFwc2","ESSFwc2/Ro","A0"
"6695","Add_2021","ESSFwc2","ESSFwc2/Ro","B0"
"6696","BECv13","ESSFwc3","ESSFwc3/101","B3"
"6697","BECv13","ESSFwc3","ESSFwc3/101","B4"
"6698","BECv13","ESSFwc3","ESSFwc3/101","C3"
"6699","BECv13","ESSFwc3","ESSFwc3/101","C4"
"6700","BECv13","ESSFwc3","ESSFwc3/101","D3"
"6701","BECv13","ESSFwc3","ESSFwc3/101","D4"
"6702","BECv13","ESSFwc3","ESSFwc3/102","A1"
"6703","BECv13","ESSFwc3","ESSFwc3/102","A2"
"6704","BECv13","ESSFwc3","ESSFwc3/102","B1"
"6705","BECv13","ESSFwc3","ESSFwc3/102","B2"
"6706","BECv13","ESSFwc3","ESSFwc3/102","C1"
"6707","BECv13","ESSFwc3","ESSFwc3/102","C2"
"6708","BECv13","ESSFwc3","ESSFwc3/102","D1"
"6709","BECv13","ESSFwc3","ESSFwc3/102","D2"
"6710","BECv13","ESSFwc3","ESSFwc3/103","A2"
"6711","BECv13","ESSFwc3","ESSFwc3/103","A3"
"6712","BECv13","ESSFwc3","ESSFwc3/103","B2"
"6713","BECv13","ESSFwc3","ESSFwc3/103","B3"
"6714","BECv13","ESSFwc3","ESSFwc3/103","C2"
"6715","BECv13","ESSFwc3","ESSFwc3/103","C3"
"6716","BECv13","ESSFwc3","ESSFwc3/103","D2"
"6717","BECv13","ESSFwc3","ESSFwc3/103","D3"
"6718","BECv13","ESSFwc3","ESSFwc3/110","B5"
"6719","BECv13","ESSFwc3","ESSFwc3/110","B6"
"6720","BECv13","ESSFwc3","ESSFwc3/110","C5"
"6721","BECv13","ESSFwc3","ESSFwc3/110","C6"
"6722","BECv13","ESSFwc3","ESSFwc3/110","D5"
"6723","BECv13","ESSFwc3","ESSFwc3/110","D6"
"6724","BECv13","ESSFwc3","ESSFwc3/110","E5"
"6725","BECv13","ESSFwc3","ESSFwc3/110","E6"
"6726","BECv13","ESSFwc3","ESSFwc3/111","B6"
"6727","BECv13","ESSFwc3","ESSFwc3/111","B7"
"6728","BECv13","ESSFwc3","ESSFwc3/111","C6"
"6729","BECv13","ESSFwc3","ESSFwc3/111","C7"
"6730","BECv13","ESSFwc3","ESSFwc3/111","D6"
"6731","BECv13","ESSFwc3","ESSFwc3/111","D7"
"6732","BECv13","ESSFwc3","ESSFwc3/111","E6"
"6733","BECv13","ESSFwc3","ESSFwc3/111","E7"
"6734","BECv10","ESSFwc3","ESSFwc3/01","D4"
"6735","BECv10","ESSFwc3","ESSFwc3/01","D3"
"6736","BECv10","ESSFwc3","ESSFwc3/01","C4"
"6737","BECv10","ESSFwc3","ESSFwc3/01","C3"
"6738","BECv10","ESSFwc3","ESSFwc3/01","B4"
"6739","BECv10","ESSFwc3","ESSFwc3/01","B3"
"6740","BECv10","ESSFwc3","ESSFwc3/02","D2"
"6741","BECv10","ESSFwc3","ESSFwc3/02","D1"
"6742","BECv10","ESSFwc3","ESSFwc3/02","C3"
"6743","BECv10","ESSFwc3","ESSFwc3/02","C2"
"6744","BECv10","ESSFwc3","ESSFwc3/02","C1"
"6745","BECv10","ESSFwc3","ESSFwc3/02","B3"
"6746","BECv10","ESSFwc3","ESSFwc3/02","B2"
"6747","BECv10","ESSFwc3","ESSFwc3/02","B1"
"6748","BECv10","ESSFwc3","ESSFwc3/02","A2"
"6749","BECv10","ESSFwc3","ESSFwc3/02","A1"
"6750","BECv10","ESSFwc3","ESSFwc3/03","D6"
"6751","BECv10","ESSFwc3","ESSFwc3/03","D5"
"6752","BECv10","ESSFwc3","ESSFwc3/03","D4"
"6753","BECv10","ESSFwc3","ESSFwc3/03","C6"
"6754","BECv10","ESSFwc3","ESSFwc3/03","C5"
"6755","BECv10","ESSFwc3","ESSFwc3/03","C4"
"6756","BECv10","ESSFwc3","ESSFwc3/03","B6"
"6757","BECv10","ESSFwc3","ESSFwc3/03","B5"
"6758","Add_2021","ESSFwc3","ESSFwc3/Ro","A0"
"6759","Add_2021","ESSFwc3","ESSFwc3/Ro","B0"
"6760","BECv10","ESSFwc4","ESSFwc4/101","C4"
"6761","BECv10","ESSFwc4","ESSFwc4/101","C3"
"6762","BECv10","ESSFwc4","ESSFwc4/101","B4"
"6763","BECv10","ESSFwc4","ESSFwc4/102","B2"
"6764","BECv10","ESSFwc4","ESSFwc4/102","B1"
"6765","BECv10","ESSFwc4","ESSFwc4/102","A2"
"6766","BECv10","ESSFwc4","ESSFwc4/102","A1"
"6767","BECv10","ESSFwc4","ESSFwc4/103","C3"
"6768","BECv10","ESSFwc4","ESSFwc4/103","C2"
"6769","BECv10","ESSFwc4","ESSFwc4/103","B3"
"6770","BECv10","ESSFwc4","ESSFwc4/103","B2"
"6771","BECv10","ESSFwc4","ESSFwc4/103a","C2"
"6772","BECv10","ESSFwc4","ESSFwc4/103a","B2"
"6773","BECv10","ESSFwc4","ESSFwc4/103b","C3"
"6774","BECv10","ESSFwc4","ESSFwc4/103b","B3"
"6775","BECv10","ESSFwc4","ESSFwc4/110","D5"
"6776","BECv10","ESSFwc4","ESSFwc4/110","D4"
"6777","BECv10","ESSFwc4","ESSFwc4/110","C5"
"6778","BECv10","ESSFwc4","ESSFwc4/111","D6"
"6779","BECv10","ESSFwc4","ESSFwc4/111","D5"
"6780","BECv10","ESSFwc4","ESSFwc4/111","C6"
"6781","BECv10","ESSFwc4","ESSFwc4/111","C5"
"6782","BECv10","ESSFwc4","ESSFwc4/112","E7"
"6783","BECv10","ESSFwc4","ESSFwc4/112","E6"
"6784","BECv10","ESSFwc4","ESSFwc4/112","D7"
"6785","BECv10","ESSFwc4","ESSFwc4/112","D6"
"6786","BECv10","ESSFwc4","ESSFwc4/112","C7"
"6787","BECv10","ESSFwc4","ESSFwc4/112a","E7"
"6788","BECv10","ESSFwc4","ESSFwc4/112a","E6"
"6789","BECv10","ESSFwc4","ESSFwc4/112a","D6"
"6790","BECv10","ESSFwc4","ESSFwc4/112b","D7"
"6791","BECv10","ESSFwc4","ESSFwc4/112b","C7"
"6792","Add_2021","ESSFwc4","ESSFwc4/Ro","A0"
"6793","Add_2021","ESSFwc4","ESSFwc4/Ro","B0"
"6794","BECv10","ESSFwcp","ESSFwcp/00","E7"
"6795","BECv10","ESSFwcp","ESSFwcp/00","E6"
"6796","BECv10","ESSFwcp","ESSFwcp/00","E5"
"6797","BECv10","ESSFwcp","ESSFwcp/00","E4"
"6798","BECv10","ESSFwcp","ESSFwcp/00","E3"
"6799","BECv10","ESSFwcp","ESSFwcp/00","E2"
"6800","BECv10","ESSFwcp","ESSFwcp/00","E1"
"6801","BECv10","ESSFwcp","ESSFwcp/00","E0"
"6802","BECv10","ESSFwcp","ESSFwcp/00","D7"
"6803","BECv10","ESSFwcp","ESSFwcp/00","D6"
"6804","BECv10","ESSFwcp","ESSFwcp/00","D5"
"6805","BECv10","ESSFwcp","ESSFwcp/00","D4"
"6806","BECv10","ESSFwcp","ESSFwcp/00","D3"
"6807","BECv10","ESSFwcp","ESSFwcp/00","D2"
"6808","BECv10","ESSFwcp","ESSFwcp/00","D1"
"6809","BECv10","ESSFwcp","ESSFwcp/00","D0"
"6810","BECv10","ESSFwcp","ESSFwcp/00","C7"
"6811","BECv10","ESSFwcp","ESSFwcp/00","C6"
"6812","BECv10","ESSFwcp","ESSFwcp/00","C5"
"6813","BECv10","ESSFwcp","ESSFwcp/00","C4"
"6814","BECv10","ESSFwcp","ESSFwcp/00","C3"
"6815","BECv10","ESSFwcp","ESSFwcp/00","C2"
"6816","BECv10","ESSFwcp","ESSFwcp/00","C1"
"6817","BECv10","ESSFwcp","ESSFwcp/00","C0"
"6818","BECv10","ESSFwcp","ESSFwcp/00","B7"
"6819","BECv10","ESSFwcp","ESSFwcp/00","B6"
"6820","BECv10","ESSFwcp","ESSFwcp/00","B5"
"6821","BECv10","ESSFwcp","ESSFwcp/00","B4"
"6822","BECv10","ESSFwcp","ESSFwcp/00","B3"
"6823","BECv10","ESSFwcp","ESSFwcp/00","B2"
"6824","BECv10","ESSFwcp","ESSFwcp/00","B1"
"6825","BECv10","ESSFwcp","ESSFwcp/00","B0"
"6826","BECv10","ESSFwcp","ESSFwcp/00","A7"
"6827","BECv10","ESSFwcp","ESSFwcp/00","A6"
"6828","BECv10","ESSFwcp","ESSFwcp/00","A5"
"6829","BECv10","ESSFwcp","ESSFwcp/00","A4"
"6830","BECv10","ESSFwcp","ESSFwcp/00","A3"
"6831","BECv10","ESSFwcp","ESSFwcp/00","A2"
"6832","BECv10","ESSFwcp","ESSFwcp/00","A1"
"6833","BECv10","ESSFwcp","ESSFwcp/00","A0"
"6834","BECv10","ESSFwcw","ESSFwcw/101","D4"
"6835","BECv10","ESSFwcw","ESSFwcw/101","D3"
"6836","BECv10","ESSFwcw","ESSFwcw/101","C4"
"6837","BECv10","ESSFwcw","ESSFwcw/101","C3"
"6838","BECv10","ESSFwcw","ESSFwcw/101","B4"
"6839","BECv10","ESSFwcw","ESSFwcw/102","B1"
"6840","BECv10","ESSFwcw","ESSFwcw/102","A1"
"6841","BECv10","ESSFwcw","ESSFwcw/103","C2"
"6842","BECv10","ESSFwcw","ESSFwcw/103","B2"
"6843","BECv10","ESSFwcw","ESSFwcw/103","A3"
"6844","BECv10","ESSFwcw","ESSFwcw/103","A2"
"6845","BECv10","ESSFwcw","ESSFwcw/104","C3"
"6846","BECv10","ESSFwcw","ESSFwcw/104","B4"
"6847","BECv10","ESSFwcw","ESSFwcw/104","B3"
"6848","BECv10","ESSFwcw","ESSFwcw/104","A4"
"6849","BECv10","ESSFwcw","ESSFwcw/104","A3"
"6850","BECv10","ESSFwcw","ESSFwcw/110","E6"
"6851","BECv10","ESSFwcw","ESSFwcw/110","E5"
"6852","BECv10","ESSFwcw","ESSFwcw/110","D6"
"6853","BECv10","ESSFwcw","ESSFwcw/110","D5"
"6854","BECv10","ESSFwcw","ESSFwcw/110","C6"
"6855","BECv10","ESSFwcw","ESSFwcw/110","C5"
"6856","Add_2021","ESSFwcw","ESSFwcw/Ro","A0"
"6857","Add_2021","ESSFwcw","ESSFwcw/Ro","B0"
"6858","USA_2019","ESSFwh_MT","ESSFwh_MT/101","D4"
"6859","USA_2019","ESSFwh_MT","ESSFwh_MT/101","D3"
"6860","USA_2019","ESSFwh_MT","ESSFwh_MT/101","C4"
"6861","USA_2019","ESSFwh_MT","ESSFwh_MT/101","C3"
"6862","USA_2019","ESSFwh_MT","ESSFwh_MT/101","B4"
"6863","USA_2019","ESSFwh_MT","ESSFwh_MT/101","B3"
"6864","USA_2019","ESSFwh_MT","ESSFwh_MT/102","D2"
"6865","USA_2019","ESSFwh_MT","ESSFwh_MT/102","D1"
"6866","USA_2019","ESSFwh_MT","ESSFwh_MT/102","C2"
"6867","USA_2019","ESSFwh_MT","ESSFwh_MT/102","C1"
"6868","USA_2019","ESSFwh_MT","ESSFwh_MT/102","B2"
"6869","USA_2019","ESSFwh_MT","ESSFwh_MT/102","B1"
"6870","USA_2019","ESSFwh_MT","ESSFwh_MT/102","A2"
"6871","USA_2019","ESSFwh_MT","ESSFwh_MT/102","A1"
"6872","USA_2019","ESSFwh_MT","ESSFwh_MT/110","E5"
"6873","USA_2019","ESSFwh_MT","ESSFwh_MT/110","D5"
"6874","USA_2019","ESSFwh_MT","ESSFwh_MT/110","C5"
"6875","USA_2019","ESSFwh_MT","ESSFwh_MT/110","B5"
"6876","USA_2019","ESSFwh_MT","ESSFwh_MT/111","E6"
"6877","USA_2019","ESSFwh_MT","ESSFwh_MT/111","D6"
"6878","USA_2019","ESSFwh_MT","ESSFwh_MT/111","C6"
"6879","USA_2019","ESSFwh_MT","ESSFwh_MT/111","B6"
"6880","Add_2021","ESSFwh_MT","ESSFwh_MT/Ro","A0"
"6881","Add_2021","ESSFwh_MT","ESSFwh_MT/Ro","B0"
"6882","BECv10","ESSFwh1","ESSFwh1/101","D4"
"6883","BECv10","ESSFwh1","ESSFwh1/101","C4"
"6884","BECv10","ESSFwh1","ESSFwh1/101","B4"
"6885","BECv10","ESSFwh1","ESSFwh1/102","C1"
"6886","BECv10","ESSFwh1","ESSFwh1/102","B1"
"6887","BECv10","ESSFwh1","ESSFwh1/102","A1"
"6888","BECv10","ESSFwh1","ESSFwh1/103","C2"
"6889","BECv10","ESSFwh1","ESSFwh1/103","B3"
"6890","BECv10","ESSFwh1","ESSFwh1/103","B2"
"6891","BECv10","ESSFwh1","ESSFwh1/104","C3"
"6892","BECv10","ESSFwh1","ESSFwh1/104","C2"
"6893","BECv10","ESSFwh1","ESSFwh1/104","B3"
"6894","BECv10","ESSFwh1","ESSFwh1/110","D6"
"6895","BECv10","ESSFwh1","ESSFwh1/110","D5"
"6896","BECv10","ESSFwh1","ESSFwh1/110","C6"
"6897","BECv10","ESSFwh1","ESSFwh1/110","C5"
"6898","BECv10","ESSFwh1","ESSFwh1/111","E7"
"6899","BECv10","ESSFwh1","ESSFwh1/111","E6"
"6900","BECv10","ESSFwh1","ESSFwh1/111","D7"
"6901","BECv10","ESSFwh1","ESSFwh1/111","D6"
"6902","BECv10","ESSFwh1","ESSFwh1/111","C7"
"6903","BECv10","ESSFwh1","ESSFwh1/111","C6"
"6904","BECv10","ESSFwh1","ESSFwh1/111a","E7"
"6905","BECv10","ESSFwh1","ESSFwh1/111a","E6"
"6906","BECv10","ESSFwh1","ESSFwh1/111a","D6"
"6907","BECv10","ESSFwh1","ESSFwh1/111b","D7"
"6908","BECv10","ESSFwh1","ESSFwh1/111b","C7"
"6909","BECv10","ESSFwh1","ESSFwh1/111b","C6"
"6910","Add_2021","ESSFwh1","ESSFwh1/Ro","A0"
"6911","Add_2021","ESSFwh1","ESSFwh1/Ro","B0"
"6912","BECv10","ESSFwh2","ESSFwh2/101","D4"
"6913","BECv10","ESSFwh2","ESSFwh2/101","D3"
"6914","BECv10","ESSFwh2","ESSFwh2/101","C4"
"6915","BECv10","ESSFwh2","ESSFwh2/101","C3"
"6916","BECv10","ESSFwh2","ESSFwh2/101","B4"
"6917","BECv10","ESSFwh2","ESSFwh2/102","C1"
"6918","BECv10","ESSFwh2","ESSFwh2/102","B2"
"6919","BECv10","ESSFwh2","ESSFwh2/102","B1"
"6920","BECv10","ESSFwh2","ESSFwh2/102","A2"
"6921","BECv10","ESSFwh2","ESSFwh2/102","A1"
"6922","BECv10","ESSFwh2","ESSFwh2/103","C2"
"6923","BECv10","ESSFwh2","ESSFwh2/103","B2"
"6924","BECv10","ESSFwh2","ESSFwh2/103","A2"
"6925","BECv10","ESSFwh2","ESSFwh2/104","D3"
"6926","BECv10","ESSFwh2","ESSFwh2/104","C3"
"6927","BECv10","ESSFwh2","ESSFwh2/104","B3"
"6928","BECv10","ESSFwh2","ESSFwh2/110","D5"
"6929","BECv10","ESSFwh2","ESSFwh2/110","D4"
"6930","BECv10","ESSFwh2","ESSFwh2/110","C5"
"6931","BECv10","ESSFwh2","ESSFwh2/111","D6"
"6932","BECv10","ESSFwh2","ESSFwh2/111","D5"
"6933","BECv10","ESSFwh2","ESSFwh2/111","C6"
"6934","BECv10","ESSFwh2","ESSFwh2/111","C5"
"6935","BECv10","ESSFwh2","ESSFwh2/112","E7"
"6936","BECv10","ESSFwh2","ESSFwh2/112","E6"
"6937","BECv10","ESSFwh2","ESSFwh2/112","D7"
"6938","BECv10","ESSFwh2","ESSFwh2/112","D6"
"6939","BECv10","ESSFwh2","ESSFwh2/112","C7"
"6940","BECv10","ESSFwh2","ESSFwh2/112","C6"
"6941","BECv10","ESSFwh2","ESSFwh2/112a","E7"
"6942","BECv10","ESSFwh2","ESSFwh2/112a","E6"
"6943","BECv10","ESSFwh2","ESSFwh2/112a","D6"
"6944","BECv10","ESSFwh2","ESSFwh2/112a","C6"
"6945","BECv10","ESSFwh2","ESSFwh2/112b","D7"
"6946","BECv10","ESSFwh2","ESSFwh2/112b","C7"
"6947","Add_2021","ESSFwh2","ESSFwh2/Ro","A0"
"6948","Add_2021","ESSFwh2","ESSFwh2/Ro","B0"
"6949","BECv10","ESSFwh3","ESSFwh3/101","D4"
"6950","BECv10","ESSFwh3","ESSFwh3/101","C4"
"6951","BECv10","ESSFwh3","ESSFwh3/101","C3"
"6952","BECv10","ESSFwh3","ESSFwh3/101","B4"
"6953","BECv10","ESSFwh3","ESSFwh3/102","B1"
"6954","BECv10","ESSFwh3","ESSFwh3/102","A2"
"6955","BECv10","ESSFwh3","ESSFwh3/102","A1"
"6956","BECv10","ESSFwh3","ESSFwh3/103","C2"
"6957","BECv10","ESSFwh3","ESSFwh3/103","B2"
"6958","BECv10","ESSFwh3","ESSFwh3/103","A2"
"6959","BECv10","ESSFwh3","ESSFwh3/104","C3"
"6960","BECv10","ESSFwh3","ESSFwh3/104","C2"
"6961","BECv10","ESSFwh3","ESSFwh3/104","B3"
"6962","BECv10","ESSFwh3","ESSFwh3/110","D5"
"6963","BECv10","ESSFwh3","ESSFwh3/110","D4"
"6964","BECv10","ESSFwh3","ESSFwh3/110","C5"
"6965","BECv10","ESSFwh3","ESSFwh3/111","E5"
"6966","BECv10","ESSFwh3","ESSFwh3/111","D6"
"6967","BECv10","ESSFwh3","ESSFwh3/111","D5"
"6968","BECv10","ESSFwh3","ESSFwh3/111","C6"
"6969","BECv10","ESSFwh3","ESSFwh3/111","C5"
"6970","BECv10","ESSFwh3","ESSFwh3/112","E7"
"6971","BECv10","ESSFwh3","ESSFwh3/112","E6"
"6972","BECv10","ESSFwh3","ESSFwh3/112","D7"
"6973","BECv10","ESSFwh3","ESSFwh3/112","D6"
"6974","BECv10","ESSFwh3","ESSFwh3/112","C7"
"6975","BECv10","ESSFwh3","ESSFwh3/112","C6"
"6976","BECv10","ESSFwh3","ESSFwh3/112a","E7"
"6977","BECv10","ESSFwh3","ESSFwh3/112a","E6"
"6978","BECv10","ESSFwh3","ESSFwh3/112a","D6"
"6979","BECv10","ESSFwh3","ESSFwh3/112a","C6"
"6980","BECv10","ESSFwh3","ESSFwh3/112b","D7"
"6981","BECv10","ESSFwh3","ESSFwh3/112b","C7"
"6982","Add_2021","ESSFwh3","ESSFwh3/Ro","A0"
"6983","Add_2021","ESSFwh3","ESSFwh3/Ro","B0"
"6984","BECv10","ESSFwk1","ESSFwk1/01","D4"
"6985","BECv10","ESSFwk1","ESSFwk1/01","D3"
"6986","BECv10","ESSFwk1","ESSFwk1/01","C5"
"6987","BECv10","ESSFwk1","ESSFwk1/01","C4"
"6988","BECv10","ESSFwk1","ESSFwk1/01","B5"
"6989","BECv10","ESSFwk1","ESSFwk1/01","B4"
"6990","BECv10","ESSFwk1","ESSFwk1/02","D2"
"6991","BECv10","ESSFwk1","ESSFwk1/02","D1"
"6992","BECv10","ESSFwk1","ESSFwk1/02","C2"
"6993","BECv10","ESSFwk1","ESSFwk1/02","C1"
"6994","BECv10","ESSFwk1","ESSFwk1/02","B2"
"6995","BECv10","ESSFwk1","ESSFwk1/02","B1"
"6996","BECv10","ESSFwk1","ESSFwk1/02","A1"
"6997","BECv10","ESSFwk1","ESSFwk1/03","D3"
"6998","BECv10","ESSFwk1","ESSFwk1/03","D2"
"6999","BECv10","ESSFwk1","ESSFwk1/03","C3"
"7000","BECv10","ESSFwk1","ESSFwk1/03","C2"
"7001","BECv10","ESSFwk1","ESSFwk1/03","B4"
"7002","BECv10","ESSFwk1","ESSFwk1/03","B3"
"7003","BECv10","ESSFwk1","ESSFwk1/03","B2"
"7004","BECv10","ESSFwk1","ESSFwk1/04","C5"
"7005","BECv10","ESSFwk1","ESSFwk1/04","B5"
"7006","BECv10","ESSFwk1","ESSFwk1/05","E5"
"7007","BECv10","ESSFwk1","ESSFwk1/05","D5"
"7008","BECv10","ESSFwk1","ESSFwk1/06","C7"
"7009","BECv10","ESSFwk1","ESSFwk1/06","C6"
"7010","BECv10","ESSFwk1","ESSFwk1/06","B7"
"7011","BECv10","ESSFwk1","ESSFwk1/06","B6"
"7012","BECv10","ESSFwk1","ESSFwk1/06","A7"
"7013","BECv10","ESSFwk1","ESSFwk1/06","A6"
"7014","BECv10","ESSFwk1","ESSFwk1/06","A5"
"7015","BECv10","ESSFwk1","ESSFwk1/07","D7"
"7016","BECv10","ESSFwk1","ESSFwk1/07","D6"
"7017","BECv10","ESSFwk1","ESSFwk1/07","D5"
"7018","BECv10","ESSFwk1","ESSFwk1/07","C7"
"7019","BECv10","ESSFwk1","ESSFwk1/07","C6"
"7020","BECv10","ESSFwk1","ESSFwk1/07","C5"
"7021","BECv10","ESSFwk1","ESSFwk1/07","B6"
"7022","BECv10","ESSFwk1","ESSFwk1/07","B5"
"7023","Add_2021","ESSFwk1","ESSFwk1/Ro","A0"
"7024","Add_2021","ESSFwk1","ESSFwk1/Ro","B0"
"7025","BECv10","ESSFwk2","ESSFwk2/01","D4"
"7026","BECv10","ESSFwk2","ESSFwk2/01","D3"
"7027","BECv10","ESSFwk2","ESSFwk2/01","C4"
"7028","BECv10","ESSFwk2","ESSFwk2/01","C3"
"7029","BECv10","ESSFwk2","ESSFwk2/01","B5"
"7030","BECv10","ESSFwk2","ESSFwk2/01","B4"
"7031","BECv10","ESSFwk2","ESSFwk2/01","B3"
"7032","BECv10","ESSFwk2","ESSFwk2/02","C3"
"7033","BECv10","ESSFwk2","ESSFwk2/02","C2"
"7034","BECv10","ESSFwk2","ESSFwk2/02","B3"
"7035","BECv10","ESSFwk2","ESSFwk2/02","B2"
"7036","BECv10","ESSFwk2","ESSFwk2/03","D5"
"7037","BECv10","ESSFwk2","ESSFwk2/03","D4"
"7038","BECv10","ESSFwk2","ESSFwk2/03","C5"
"7039","BECv10","ESSFwk2","ESSFwk2/03","C4"
"7040","BECv10","ESSFwk2","ESSFwk2/04","C6"
"7041","BECv10","ESSFwk2","ESSFwk2/04","C5"
"7042","BECv10","ESSFwk2","ESSFwk2/04","B6"
"7043","BECv10","ESSFwk2","ESSFwk2/04","B5"
"7044","BECv10","ESSFwk2","ESSFwk2/05","E5"
"7045","BECv10","ESSFwk2","ESSFwk2/05","D5"
"7046","BECv10","ESSFwk2","ESSFwk2/05","C5"
"7047","BECv10","ESSFwk2","ESSFwk2/06","D6"
"7048","BECv10","ESSFwk2","ESSFwk2/06","C6"
"7049","Add_2021","ESSFwk2","ESSFwk2/Ro","A0"
"7050","Add_2021","ESSFwk2","ESSFwk2/Ro","B0"
"7051","USA_2019","ESSFwm_MT","ESSFwm_MT/101","D4"
"7052","USA_2019","ESSFwm_MT","ESSFwm_MT/101","D3"
"7053","USA_2019","ESSFwm_MT","ESSFwm_MT/101","C4"
"7054","USA_2019","ESSFwm_MT","ESSFwm_MT/101","C3"
"7055","USA_2019","ESSFwm_MT","ESSFwm_MT/101","B4"
"7056","USA_2019","ESSFwm_MT","ESSFwm_MT/101","B3"
"7057","USA_2019","ESSFwm_MT","ESSFwm_MT/102","D1"
"7058","USA_2019","ESSFwm_MT","ESSFwm_MT/102","C1"
"7059","USA_2019","ESSFwm_MT","ESSFwm_MT/102","B1"
"7060","USA_2019","ESSFwm_MT","ESSFwm_MT/102","A1"
"7061","USA_2019","ESSFwm_MT","ESSFwm_MT/103","D2"
"7062","USA_2019","ESSFwm_MT","ESSFwm_MT/103","C2"
"7063","USA_2019","ESSFwm_MT","ESSFwm_MT/103","B2"
"7064","USA_2019","ESSFwm_MT","ESSFwm_MT/103","A2"
"7065","USA_2019","ESSFwm_MT","ESSFwm_MT/110","E5"
"7066","USA_2019","ESSFwm_MT","ESSFwm_MT/110","D5"
"7067","USA_2019","ESSFwm_MT","ESSFwm_MT/110","C5"
"7068","USA_2019","ESSFwm_MT","ESSFwm_MT/110","B5"
"7069","USA_2019","ESSFwm_MT","ESSFwm_MT/111","E6"
"7070","USA_2019","ESSFwm_MT","ESSFwm_MT/111","D6"
"7071","USA_2019","ESSFwm_MT","ESSFwm_MT/111","C6"
"7072","USA_2019","ESSFwm_MT","ESSFwm_MT/111","B6"
"7073","Add_2021","ESSFwm_MT","ESSFwm_MT/Ro","A0"
"7074","Add_2021","ESSFwm_MT","ESSFwm_MT/Ro","B0"
"7075","BECv11","ESSFwm1","ESSFwm1/101","D4"
"7076","BECv11","ESSFwm1","ESSFwm1/101","C4"
"7077","BECv11","ESSFwm1","ESSFwm1/101","B4"
"7078","BECv11","ESSFwm1","ESSFwm1/102","C1"
"7079","BECv11","ESSFwm1","ESSFwm1/102","B2"
"7080","BECv11","ESSFwm1","ESSFwm1/102","B1"
"7081","BECv11","ESSFwm1","ESSFwm1/102","A2"
"7082","BECv11","ESSFwm1","ESSFwm1/102","A1"
"7083","BECv11","ESSFwm1","ESSFwm1/103","D2"
"7084","BECv11","ESSFwm1","ESSFwm1/103","C2"
"7085","BECv11","ESSFwm1","ESSFwm1/103","B2"
"7086","BECv11","ESSFwm1","ESSFwm1/104","D3"
"7087","BECv11","ESSFwm1","ESSFwm1/104","C3"
"7088","BECv11","ESSFwm1","ESSFwm1/104","B3"
"7089","BECv11","ESSFwm1","ESSFwm1/110","D5"
"7090","BECv11","ESSFwm1","ESSFwm1/110","D4"
"7091","BECv11","ESSFwm1","ESSFwm1/110","C5"
"7092","BECv11","ESSFwm1","ESSFwm1/111","E6"
"7093","BECv11","ESSFwm1","ESSFwm1/111","E5"
"7094","BECv11","ESSFwm1","ESSFwm1/111","D6"
"7095","BECv11","ESSFwm1","ESSFwm1/111","D5"
"7096","BECv11","ESSFwm1","ESSFwm1/112","E7"
"7097","BECv11","ESSFwm1","ESSFwm1/112","E6"
"7098","BECv11","ESSFwm1","ESSFwm1/112","D7"
"7099","BECv11","ESSFwm1","ESSFwm1/112","D6"
"7100","BECv11","ESSFwm1","ESSFwm1/112","C7"
"7101","BECv11","ESSFwm1","ESSFwm1/112","C6"
"7102","BECv11","ESSFwm1","ESSFwm1/Ro","C0"
"7103","BECv11","ESSFwm1","ESSFwm1/Ro","B0"
"7104","BECv11","ESSFwm1","ESSFwm1/Ro","A0"
"7105","BECv10","ESSFwm2","ESSFwm2/101","D4"
"7106","BECv10","ESSFwm2","ESSFwm2/101","C4"
"7107","BECv10","ESSFwm2","ESSFwm2/101","B4"
"7108","BECv10","ESSFwm2","ESSFwm2/102","B1"
"7109","BECv10","ESSFwm2","ESSFwm2/102","A2"
"7110","BECv10","ESSFwm2","ESSFwm2/102","A1"
"7111","BECv10","ESSFwm2","ESSFwm2/103","C3"
"7112","BECv10","ESSFwm2","ESSFwm2/103","C2"
"7113","BECv10","ESSFwm2","ESSFwm2/103","B3"
"7114","BECv10","ESSFwm2","ESSFwm2/103","B2"
"7115","BECv10","ESSFwm2","ESSFwm2/104","C3"
"7116","BECv10","ESSFwm2","ESSFwm2/104","B4"
"7117","BECv10","ESSFwm2","ESSFwm2/104","B3"
"7118","BECv10","ESSFwm2","ESSFwm2/104","A3"
"7119","BECv10","ESSFwm2","ESSFwm2/110","D5"
"7120","BECv10","ESSFwm2","ESSFwm2/110","D4"
"7121","BECv10","ESSFwm2","ESSFwm2/110","C5"
"7122","BECv10","ESSFwm2","ESSFwm2/111","D6"
"7123","BECv10","ESSFwm2","ESSFwm2/111","D5"
"7124","BECv10","ESSFwm2","ESSFwm2/111","C6"
"7125","BECv10","ESSFwm2","ESSFwm2/111","C5"
"7126","BECv10","ESSFwm2","ESSFwm2/112","E7"
"7127","BECv10","ESSFwm2","ESSFwm2/112","E6"
"7128","BECv10","ESSFwm2","ESSFwm2/112","D7"
"7129","BECv10","ESSFwm2","ESSFwm2/112","D6"
"7130","BECv10","ESSFwm2","ESSFwm2/112","C7"
"7131","BECv10","ESSFwm2","ESSFwm2/112","C6"
"7132","BECv10","ESSFwm2","ESSFwm2/112a","E7"
"7133","BECv10","ESSFwm2","ESSFwm2/112a","E6"
"7134","BECv10","ESSFwm2","ESSFwm2/112a","D6"
"7135","BECv10","ESSFwm2","ESSFwm2/112a","C6"
"7136","BECv10","ESSFwm2","ESSFwm2/112b","D7"
"7137","BECv10","ESSFwm2","ESSFwm2/112b","C7"
"7138","Add_2021","ESSFwm2","ESSFwm2/Ro","A0"
"7139","Add_2021","ESSFwm2","ESSFwm2/Ro","B0"
"7140","BECv10","ESSFwm3","ESSFwm3/101","D4"
"7141","BECv10","ESSFwm3","ESSFwm3/101","D3"
"7142","BECv10","ESSFwm3","ESSFwm3/101","C4"
"7143","BECv10","ESSFwm3","ESSFwm3/101","B4"
"7144","BECv10","ESSFwm3","ESSFwm3/102","B2"
"7145","BECv10","ESSFwm3","ESSFwm3/102","B1"
"7146","BECv10","ESSFwm3","ESSFwm3/102","A2"
"7147","BECv10","ESSFwm3","ESSFwm3/102","A1"
"7148","BECv10","ESSFwm3","ESSFwm3/103","C2"
"7149","BECv10","ESSFwm3","ESSFwm3/103","B3"
"7150","BECv10","ESSFwm3","ESSFwm3/103","B2"
"7151","BECv10","ESSFwm3","ESSFwm3/104","B4"
"7152","BECv10","ESSFwm3","ESSFwm3/104","B3"
"7153","BECv10","ESSFwm3","ESSFwm3/104","A4"
"7154","BECv10","ESSFwm3","ESSFwm3/104","A3"
"7155","BECv10","ESSFwm3","ESSFwm3/105","D3"
"7156","BECv10","ESSFwm3","ESSFwm3/105","C3"
"7157","BECv10","ESSFwm3","ESSFwm3/105","B3"
"7158","BECv10","ESSFwm3","ESSFwm3/110","D5"
"7159","BECv10","ESSFwm3","ESSFwm3/110","D4"
"7160","BECv10","ESSFwm3","ESSFwm3/110","C5"
"7161","BECv10","ESSFwm3","ESSFwm3/111","D6"
"7162","BECv10","ESSFwm3","ESSFwm3/111","D5"
"7163","BECv10","ESSFwm3","ESSFwm3/111","C6"
"7164","BECv10","ESSFwm3","ESSFwm3/112","E7"
"7165","BECv10","ESSFwm3","ESSFwm3/112","E6"
"7166","BECv10","ESSFwm3","ESSFwm3/112","D7"
"7167","BECv10","ESSFwm3","ESSFwm3/112","D6"
"7168","BECv10","ESSFwm3","ESSFwm3/112","C7"
"7169","BECv10","ESSFwm3","ESSFwm3/112a","E7"
"7170","BECv10","ESSFwm3","ESSFwm3/112a","E6"
"7171","BECv10","ESSFwm3","ESSFwm3/112a","D6"
"7172","BECv10","ESSFwm3","ESSFwm3/112b","D7"
"7173","BECv10","ESSFwm3","ESSFwm3/112b","C7"
"7174","Add_2021","ESSFwm3","ESSFwm3/Ro","A0"
"7175","Add_2021","ESSFwm3","ESSFwm3/Ro","B0"
"7176","BECv10","ESSFwm4","ESSFwm4/101","D4"
"7177","BECv10","ESSFwm4","ESSFwm4/101","C4"
"7178","BECv10","ESSFwm4","ESSFwm4/101","B4"
"7179","BECv10","ESSFwm4","ESSFwm4/102","C2"
"7180","BECv10","ESSFwm4","ESSFwm4/102","B2"
"7181","BECv10","ESSFwm4","ESSFwm4/102","B1"
"7182","BECv10","ESSFwm4","ESSFwm4/102","A2"
"7183","BECv10","ESSFwm4","ESSFwm4/102","A1"
"7184","BECv10","ESSFwm4","ESSFwm4/102a","B1"
"7185","BECv10","ESSFwm4","ESSFwm4/102a","A1"
"7186","BECv10","ESSFwm4","ESSFwm4/102b","C2"
"7187","BECv10","ESSFwm4","ESSFwm4/102b","B2"
"7188","BECv10","ESSFwm4","ESSFwm4/102b","A2"
"7189","BECv10","ESSFwm4","ESSFwm4/103","C3"
"7190","BECv10","ESSFwm4","ESSFwm4/103","B4"
"7191","BECv10","ESSFwm4","ESSFwm4/103","B3"
"7192","BECv10","ESSFwm4","ESSFwm4/103","A4"
"7193","BECv10","ESSFwm4","ESSFwm4/103","A3"
"7194","BECv10","ESSFwm4","ESSFwm4/110","D5"
"7195","BECv10","ESSFwm4","ESSFwm4/110","D4"
"7196","BECv10","ESSFwm4","ESSFwm4/110","C5"
"7197","BECv10","ESSFwm4","ESSFwm4/111","E7"
"7198","BECv10","ESSFwm4","ESSFwm4/111","E6"
"7199","BECv10","ESSFwm4","ESSFwm4/111","D7"
"7200","BECv10","ESSFwm4","ESSFwm4/111","D6"
"7201","BECv10","ESSFwm4","ESSFwm4/111","D5"
"7202","BECv10","ESSFwm4","ESSFwm4/111","C7"
"7203","BECv10","ESSFwm4","ESSFwm4/111","C6"
"7204","BECv10","ESSFwm4","ESSFwm4/111","C5"
"7205","Add_2021","ESSFwm4","ESSFwm4/Ro","A0"
"7206","Add_2021","ESSFwm4","ESSFwm4/Ro","B0"
"7207","BECv10","ESSFwmp","ESSFwmp/00","E7"
"7208","BECv10","ESSFwmp","ESSFwmp/00","E6"
"7209","BECv10","ESSFwmp","ESSFwmp/00","E5"
"7210","BECv10","ESSFwmp","ESSFwmp/00","E4"
"7211","BECv10","ESSFwmp","ESSFwmp/00","E3"
"7212","BECv10","ESSFwmp","ESSFwmp/00","E2"
"7213","BECv10","ESSFwmp","ESSFwmp/00","E1"
"7214","BECv10","ESSFwmp","ESSFwmp/00","E0"
"7215","BECv10","ESSFwmp","ESSFwmp/00","D7"
"7216","BECv10","ESSFwmp","ESSFwmp/00","D6"
"7217","BECv10","ESSFwmp","ESSFwmp/00","D5"
"7218","BECv10","ESSFwmp","ESSFwmp/00","D4"
"7219","BECv10","ESSFwmp","ESSFwmp/00","D3"
"7220","BECv10","ESSFwmp","ESSFwmp/00","D2"
"7221","BECv10","ESSFwmp","ESSFwmp/00","D1"
"7222","BECv10","ESSFwmp","ESSFwmp/00","D0"
"7223","BECv10","ESSFwmp","ESSFwmp/00","C7"
"7224","BECv10","ESSFwmp","ESSFwmp/00","C6"
"7225","BECv10","ESSFwmp","ESSFwmp/00","C5"
"7226","BECv10","ESSFwmp","ESSFwmp/00","C4"
"7227","BECv10","ESSFwmp","ESSFwmp/00","C3"
"7228","BECv10","ESSFwmp","ESSFwmp/00","C2"
"7229","BECv10","ESSFwmp","ESSFwmp/00","C1"
"7230","BECv10","ESSFwmp","ESSFwmp/00","C0"
"7231","BECv10","ESSFwmp","ESSFwmp/00","B7"
"7232","BECv10","ESSFwmp","ESSFwmp/00","B6"
"7233","BECv10","ESSFwmp","ESSFwmp/00","B5"
"7234","BECv10","ESSFwmp","ESSFwmp/00","B4"
"7235","BECv10","ESSFwmp","ESSFwmp/00","B3"
"7236","BECv10","ESSFwmp","ESSFwmp/00","B2"
"7237","BECv10","ESSFwmp","ESSFwmp/00","B1"
"7238","BECv10","ESSFwmp","ESSFwmp/00","B0"
"7239","BECv10","ESSFwmp","ESSFwmp/00","A7"
"7240","BECv10","ESSFwmp","ESSFwmp/00","A6"
"7241","BECv10","ESSFwmp","ESSFwmp/00","A5"
"7242","BECv10","ESSFwmp","ESSFwmp/00","A4"
"7243","BECv10","ESSFwmp","ESSFwmp/00","A3"
"7244","BECv10","ESSFwmp","ESSFwmp/00","A2"
"7245","BECv10","ESSFwmp","ESSFwmp/00","A1"
"7246","BECv10","ESSFwmp","ESSFwmp/00","A0"
"7247","USA_2019","ESSFwmp_MT","ESSFwmp_MT/00","E7"
"7248","USA_2019","ESSFwmp_MT","ESSFwmp_MT/00","E6"
"7249","USA_2019","ESSFwmp_MT","ESSFwmp_MT/00","E5"
"7250","USA_2019","ESSFwmp_MT","ESSFwmp_MT/00","E4"
"7251","USA_2019","ESSFwmp_MT","ESSFwmp_MT/00","E3"
"7252","USA_2019","ESSFwmp_MT","ESSFwmp_MT/00","E2"
"7253","USA_2019","ESSFwmp_MT","ESSFwmp_MT/00","E1"
"7254","USA_2019","ESSFwmp_MT","ESSFwmp_MT/00","E0"
"7255","USA_2019","ESSFwmp_MT","ESSFwmp_MT/00","D7"
"7256","USA_2019","ESSFwmp_MT","ESSFwmp_MT/00","D6"
"7257","USA_2019","ESSFwmp_MT","ESSFwmp_MT/00","D5"
"7258","USA_2019","ESSFwmp_MT","ESSFwmp_MT/00","D4"
"7259","USA_2019","ESSFwmp_MT","ESSFwmp_MT/00","D3"
"7260","USA_2019","ESSFwmp_MT","ESSFwmp_MT/00","D2"
"7261","USA_2019","ESSFwmp_MT","ESSFwmp_MT/00","D1"
"7262","USA_2019","ESSFwmp_MT","ESSFwmp_MT/00","D0"
"7263","USA_2019","ESSFwmp_MT","ESSFwmp_MT/00","C7"
"7264","USA_2019","ESSFwmp_MT","ESSFwmp_MT/00","C6"
"7265","USA_2019","ESSFwmp_MT","ESSFwmp_MT/00","C5"
"7266","USA_2019","ESSFwmp_MT","ESSFwmp_MT/00","C4"
"7267","USA_2019","ESSFwmp_MT","ESSFwmp_MT/00","C3"
"7268","USA_2019","ESSFwmp_MT","ESSFwmp_MT/00","C2"
"7269","USA_2019","ESSFwmp_MT","ESSFwmp_MT/00","C1"
"7270","USA_2019","ESSFwmp_MT","ESSFwmp_MT/00","C0"
"7271","USA_2019","ESSFwmp_MT","ESSFwmp_MT/00","B7"
"7272","USA_2019","ESSFwmp_MT","ESSFwmp_MT/00","B6"
"7273","USA_2019","ESSFwmp_MT","ESSFwmp_MT/00","B5"
"7274","USA_2019","ESSFwmp_MT","ESSFwmp_MT/00","B4"
"7275","USA_2019","ESSFwmp_MT","ESSFwmp_MT/00","B3"
"7276","USA_2019","ESSFwmp_MT","ESSFwmp_MT/00","B2"
"7277","USA_2019","ESSFwmp_MT","ESSFwmp_MT/00","B1"
"7278","USA_2019","ESSFwmp_MT","ESSFwmp_MT/00","B0"
"7279","USA_2019","ESSFwmp_MT","ESSFwmp_MT/00","A7"
"7280","USA_2019","ESSFwmp_MT","ESSFwmp_MT/00","A6"
"7281","USA_2019","ESSFwmp_MT","ESSFwmp_MT/00","A5"
"7282","USA_2019","ESSFwmp_MT","ESSFwmp_MT/00","A4"
"7283","USA_2019","ESSFwmp_MT","ESSFwmp_MT/00","A3"
"7284","USA_2019","ESSFwmp_MT","ESSFwmp_MT/00","A2"
"7285","USA_2019","ESSFwmp_MT","ESSFwmp_MT/00","A1"
"7286","USA_2019","ESSFwmp_MT","ESSFwmp_MT/00","A0"
"7287","BECv10","ESSFwmw","ESSFwmw/101","D4"
"7288","BECv10","ESSFwmw","ESSFwmw/101","C4"
"7289","BECv10","ESSFwmw","ESSFwmw/101","C3"
"7290","BECv10","ESSFwmw","ESSFwmw/101","B4"
"7291","BECv10","ESSFwmw","ESSFwmw/101","B3"
"7292","BECv10","ESSFwmw","ESSFwmw/102","C1"
"7293","BECv10","ESSFwmw","ESSFwmw/102","B1"
"7294","BECv10","ESSFwmw","ESSFwmw/102","A1"
"7295","BECv10","ESSFwmw","ESSFwmw/103","C2"
"7296","BECv10","ESSFwmw","ESSFwmw/103","B2"
"7297","BECv10","ESSFwmw","ESSFwmw/103","A2"
"7298","BECv10","ESSFwmw","ESSFwmw/110","D6"
"7299","BECv10","ESSFwmw","ESSFwmw/110","D5"
"7300","BECv10","ESSFwmw","ESSFwmw/110","C6"
"7301","BECv10","ESSFwmw","ESSFwmw/110","C5"
"7302","Add_2021","ESSFwmw","ESSFwmw/Ro","A0"
"7303","Add_2021","ESSFwmw","ESSFwmw/Ro","B0"
"7304","BECv10","ESSFwv","ESSFwv/01","C4"
"7305","BECv10","ESSFwv","ESSFwv/01","B5"
"7306","BECv10","ESSFwv","ESSFwv/01","B4"
"7307","BECv10","ESSFwv","ESSFwv/02","C1"
"7308","BECv10","ESSFwv","ESSFwv/02","C0"
"7309","BECv10","ESSFwv","ESSFwv/02","B1"
"7310","BECv10","ESSFwv","ESSFwv/02","B0"
"7311","BECv10","ESSFwv","ESSFwv/02","A2"
"7312","BECv10","ESSFwv","ESSFwv/02","A1"
"7313","BECv10","ESSFwv","ESSFwv/02","A0"
"7314","BECv10","ESSFwv","ESSFwv/03","C3"
"7315","BECv10","ESSFwv","ESSFwv/03","C2"
"7316","BECv10","ESSFwv","ESSFwv/03","B2"
"7317","BECv10","ESSFwv","ESSFwv/04","B3"
"7318","BECv10","ESSFwv","ESSFwv/04","A4"
"7319","BECv10","ESSFwv","ESSFwv/04","A3"
"7320","BECv10","ESSFwv","ESSFwv/05","E4"
"7321","BECv10","ESSFwv","ESSFwv/05","D5"
"7322","BECv10","ESSFwv","ESSFwv/05","D4"
"7323","BECv10","ESSFwv","ESSFwv/05","C5"
"7324","BECv10","ESSFwv","ESSFwv/06","E6"
"7325","BECv10","ESSFwv","ESSFwv/06","E5"
"7326","BECv10","ESSFwv","ESSFwv/06","D6"
"7327","BECv10","ESSFwv","ESSFwv/07","D6"
"7328","BECv10","ESSFwv","ESSFwv/07","D5"
"7329","BECv10","ESSFwv","ESSFwv/07","C6"
"7330","BECv10","ESSFwv","ESSFwv/07","C5"
"7331","BECv10","ESSFwv","ESSFwv/08","B7"
"7332","BECv10","ESSFwv","ESSFwv/08","B6"
"7333","BECv10","ESSFwv","ESSFwv/08","A7"
"7334","BECv10","ESSFwv","ESSFwv/08","A6"
"7335","BECv10","ESSFwv","ESSFwv/09","E7"
"7336","BECv10","ESSFwv","ESSFwv/09","D7"
"7337","BECv10","ESSFwv","ESSFwv/09","C7"
"7338","BECv10","ESSFwvp","ESSFwvp/00","E7"
"7339","BECv10","ESSFwvp","ESSFwvp/00","E6"
"7340","BECv10","ESSFwvp","ESSFwvp/00","E5"
"7341","BECv10","ESSFwvp","ESSFwvp/00","E4"
"7342","BECv10","ESSFwvp","ESSFwvp/00","E3"
"7343","BECv10","ESSFwvp","ESSFwvp/00","E2"
"7344","BECv10","ESSFwvp","ESSFwvp/00","E1"
"7345","BECv10","ESSFwvp","ESSFwvp/00","E0"
"7346","BECv10","ESSFwvp","ESSFwvp/00","D7"
"7347","BECv10","ESSFwvp","ESSFwvp/00","D6"
"7348","BECv10","ESSFwvp","ESSFwvp/00","D5"
"7349","BECv10","ESSFwvp","ESSFwvp/00","D4"
"7350","BECv10","ESSFwvp","ESSFwvp/00","D3"
"7351","BECv10","ESSFwvp","ESSFwvp/00","D2"
"7352","BECv10","ESSFwvp","ESSFwvp/00","D1"
"7353","BECv10","ESSFwvp","ESSFwvp/00","D0"
"7354","BECv10","ESSFwvp","ESSFwvp/00","C7"
"7355","BECv10","ESSFwvp","ESSFwvp/00","C6"
"7356","BECv10","ESSFwvp","ESSFwvp/00","C5"
"7357","BECv10","ESSFwvp","ESSFwvp/00","C4"
"7358","BECv10","ESSFwvp","ESSFwvp/00","C3"
"7359","BECv10","ESSFwvp","ESSFwvp/00","C2"
"7360","BECv10","ESSFwvp","ESSFwvp/00","C1"
"7361","BECv10","ESSFwvp","ESSFwvp/00","C0"
"7362","BECv10","ESSFwvp","ESSFwvp/00","B7"
"7363","BECv10","ESSFwvp","ESSFwvp/00","B6"
"7364","BECv10","ESSFwvp","ESSFwvp/00","B5"
"7365","BECv10","ESSFwvp","ESSFwvp/00","B4"
"7366","BECv10","ESSFwvp","ESSFwvp/00","B3"
"7367","BECv10","ESSFwvp","ESSFwvp/00","B2"
"7368","BECv10","ESSFwvp","ESSFwvp/00","B1"
"7369","BECv10","ESSFwvp","ESSFwvp/00","B0"
"7370","BECv10","ESSFwvp","ESSFwvp/00","A7"
"7371","BECv10","ESSFwvp","ESSFwvp/00","A6"
"7372","BECv10","ESSFwvp","ESSFwvp/00","A5"
"7373","BECv10","ESSFwvp","ESSFwvp/00","A4"
"7374","BECv10","ESSFwvp","ESSFwvp/00","A3"
"7375","BECv10","ESSFwvp","ESSFwvp/00","A2"
"7376","BECv10","ESSFwvp","ESSFwvp/00","A1"
"7377","BECv10","ESSFwvp","ESSFwvp/00","A0"
"7378","BECv12","ESSFwvw","ESSFwvw/101","C4"
"7379","BECv12","ESSFwvw","ESSFwvw/101","C3"
"7380","BECv12","ESSFwvw","ESSFwvw/101","B4"
"7381","BECv12","ESSFwvw","ESSFwvw/101","B3"
"7382","BECv12","ESSFwvw","ESSFwvw/102","B1"
"7383","BECv12","ESSFwvw","ESSFwvw/102","A1"
"7384","BECv12","ESSFwvw","ESSFwvw/103","B4"
"7385","BECv12","ESSFwvw","ESSFwvw/103","B3"
"7386","BECv12","ESSFwvw","ESSFwvw/103","A4"
"7387","BECv12","ESSFwvw","ESSFwvw/103","A3"
"7388","BECv12","ESSFwvw","ESSFwvw/103","A2"
"7389","BECv12","ESSFwvw","ESSFwvw/104","C2"
"7390","BECv12","ESSFwvw","ESSFwvw/104","C1"
"7391","BECv12","ESSFwvw","ESSFwvw/104","B2"
"7392","BECv12","ESSFwvw","ESSFwvw/105","C4"
"7393","BECv12","ESSFwvw","ESSFwvw/105","C3"
"7394","BECv12","ESSFwvw","ESSFwvw/105","B4"
"7395","BECv12","ESSFwvw","ESSFwvw/105","B3"
"7396","BECv12","ESSFwvw","ESSFwvw/110","E5"
"7397","BECv12","ESSFwvw","ESSFwvw/110","E4"
"7398","BECv12","ESSFwvw","ESSFwvw/110","E3"
"7399","BECv12","ESSFwvw","ESSFwvw/110","D5"
"7400","BECv12","ESSFwvw","ESSFwvw/110","D4"
"7401","BECv12","ESSFwvw","ESSFwvw/110","D3"
"7402","BECv12","ESSFwvw","ESSFwvw/110","C5"
"7403","BECv12","ESSFwvw","ESSFwvw/110","B5"
"7404","BECv12","ESSFwvw","ESSFwvw/111","E6"
"7405","BECv12","ESSFwvw","ESSFwvw/111","D6"
"7406","BECv12","ESSFwvw","ESSFwvw/111","C6"
"7407","BECv12","ESSFwvw","ESSFwvw/111","B6"
"7408","Add_2021","ESSFwvw","ESSFwvw/Ro","A0"
"7409","Add_2021","ESSFwvw","ESSFwvw/Ro","B0"
"7410","USA_2019","ESSFxc_CO","ESSFxc_CO/101","D4"
"7411","USA_2019","ESSFxc_CO","ESSFxc_CO/101","D3"
"7412","USA_2019","ESSFxc_CO","ESSFxc_CO/101","C4"
"7413","USA_2019","ESSFxc_CO","ESSFxc_CO/101","C3"
"7414","USA_2019","ESSFxc_CO","ESSFxc_CO/101","B4"
"7415","USA_2019","ESSFxc_CO","ESSFxc_CO/101","B3"
"7416","USA_2019","ESSFxc_CO","ESSFxc_CO/102","D1"
"7417","USA_2019","ESSFxc_CO","ESSFxc_CO/102","C1"
"7418","USA_2019","ESSFxc_CO","ESSFxc_CO/102","B1"
"7419","USA_2019","ESSFxc_CO","ESSFxc_CO/102","A1"
"7420","USA_2019","ESSFxc_CO","ESSFxc_CO/103","D2"
"7421","USA_2019","ESSFxc_CO","ESSFxc_CO/103","C2"
"7422","USA_2019","ESSFxc_CO","ESSFxc_CO/103","B2"
"7423","USA_2019","ESSFxc_CO","ESSFxc_CO/103","A2"
"7424","USA_2019","ESSFxc_CO","ESSFxc_CO/110","E5"
"7425","USA_2019","ESSFxc_CO","ESSFxc_CO/110","D5"
"7426","USA_2019","ESSFxc_CO","ESSFxc_CO/110","C5"
"7427","USA_2019","ESSFxc_CO","ESSFxc_CO/110","B5"
"7428","USA_2019","ESSFxc_CO","ESSFxc_CO/111","E6"
"7429","USA_2019","ESSFxc_CO","ESSFxc_CO/111","D6"
"7430","USA_2019","ESSFxc_CO","ESSFxc_CO/111","C6"
"7431","USA_2019","ESSFxc_CO","ESSFxc_CO/111","B6"
"7432","Add_2021","ESSFxc_CO","ESSFxc_CO/Ro","A0"
"7433","Add_2021","ESSFxc_CO","ESSFxc_CO/Ro","B0"
"7434","USA_2019","ESSFxc_WA","ESSFxc_WA/101","D4"
"7435","USA_2019","ESSFxc_WA","ESSFxc_WA/101","D3"
"7436","USA_2019","ESSFxc_WA","ESSFxc_WA/101","C4"
"7437","USA_2019","ESSFxc_WA","ESSFxc_WA/101","C3"
"7438","USA_2019","ESSFxc_WA","ESSFxc_WA/101","B4"
"7439","USA_2019","ESSFxc_WA","ESSFxc_WA/101","B3"
"7440","USA_2019","ESSFxc_WA","ESSFxc_WA/102","D1"
"7441","USA_2019","ESSFxc_WA","ESSFxc_WA/102","C1"
"7442","USA_2019","ESSFxc_WA","ESSFxc_WA/102","B1"
"7443","USA_2019","ESSFxc_WA","ESSFxc_WA/102","A1"
"7444","USA_2019","ESSFxc_WA","ESSFxc_WA/103","D2"
"7445","USA_2019","ESSFxc_WA","ESSFxc_WA/103","C2"
"7446","USA_2019","ESSFxc_WA","ESSFxc_WA/103","B2"
"7447","USA_2019","ESSFxc_WA","ESSFxc_WA/103","A2"
"7448","USA_2019","ESSFxc_WA","ESSFxc_WA/110","E5"
"7449","USA_2019","ESSFxc_WA","ESSFxc_WA/110","D5"
"7450","USA_2019","ESSFxc_WA","ESSFxc_WA/110","C5"
"7451","USA_2019","ESSFxc_WA","ESSFxc_WA/110","B5"
"7452","USA_2019","ESSFxc_WA","ESSFxc_WA/111","E6"
"7453","USA_2019","ESSFxc_WA","ESSFxc_WA/111","D6"
"7454","USA_2019","ESSFxc_WA","ESSFxc_WA/111","C6"
"7455","USA_2019","ESSFxc_WA","ESSFxc_WA/111","B6"
"7456","Add_2021","ESSFxc_WA","ESSFxc_WA/Ro","A0"
"7457","Add_2021","ESSFxc_WA","ESSFxc_WA/Ro","B0"
"7458","BECv12","ESSFxc1","ESSFxc1/101","D4"
"7459","BECv12","ESSFxc1","ESSFxc1/101","D3"
"7460","BECv12","ESSFxc1","ESSFxc1/101","D2"
"7461","BECv12","ESSFxc1","ESSFxc1/101","C4"
"7462","BECv12","ESSFxc1","ESSFxc1/101","C3"
"7463","BECv12","ESSFxc1","ESSFxc1/101","B4"
"7464","BECv12","ESSFxc1","ESSFxc1/101","B3"
"7465","BECv12","ESSFxc1","ESSFxc1/102","B1"
"7466","BECv12","ESSFxc1","ESSFxc1/102","B0"
"7467","BECv12","ESSFxc1","ESSFxc1/102","A1"
"7468","BECv12","ESSFxc1","ESSFxc1/102","A0"
"7469","BECv12","ESSFxc1","ESSFxc1/103","C2"
"7470","BECv12","ESSFxc1","ESSFxc1/103","C1"
"7471","BECv12","ESSFxc1","ESSFxc1/103","B2"
"7472","BECv12","ESSFxc1","ESSFxc1/104","C3"
"7473","BECv12","ESSFxc1","ESSFxc1/104","C2"
"7474","BECv12","ESSFxc1","ESSFxc1/104","B3"
"7475","BECv12","ESSFxc1","ESSFxc1/105","B4"
"7476","BECv12","ESSFxc1","ESSFxc1/105","B3"
"7477","BECv12","ESSFxc1","ESSFxc1/105","A4"
"7478","BECv12","ESSFxc1","ESSFxc1/105","A3"
"7479","BECv12","ESSFxc1","ESSFxc1/110","D4"
"7480","BECv12","ESSFxc1","ESSFxc1/110","D3"
"7481","BECv12","ESSFxc1","ESSFxc1/110","D2"
"7482","BECv12","ESSFxc1","ESSFxc1/110","C4"
"7483","BECv12","ESSFxc1","ESSFxc1/110","C3"
"7484","BECv12","ESSFxc1","ESSFxc1/110","B4"
"7485","BECv12","ESSFxc1","ESSFxc1/110","B3"
"7486","BECv12","ESSFxc1","ESSFxc1/111","E7"
"7487","BECv12","ESSFxc1","ESSFxc1/111","E6"
"7488","BECv12","ESSFxc1","ESSFxc1/111","D7"
"7489","BECv12","ESSFxc1","ESSFxc1/111","D6"
"7490","BECv12","ESSFxc1","ESSFxc1/111","C7"
"7491","BECv12","ESSFxc1","ESSFxc1/111","C6"
"7492","BECv12","ESSFxc1","ESSFxc1/112","E5"
"7493","BECv12","ESSFxc1","ESSFxc1/112","D5"
"7494","BECv12","ESSFxc1","ESSFxc1/112","C5"
"7495","BECv12","ESSFxc1","ESSFxc1/113","E5"
"7496","BECv12","ESSFxc1","ESSFxc1/113","D5"
"7497","BECv12","ESSFxc1","ESSFxc1/113","C5"
"7498","BECv10","ESSFxc1","ESSFxc1/Gg","D2"
"7499","BECv10","ESSFxc1","ESSFxc1/Gg","D1"
"7500","BECv10","ESSFxc1","ESSFxc1/Gg","C2"
"7501","BECv10","ESSFxc1","ESSFxc1/Gg","C1"
"7502","BECv10","ESSFxc1","ESSFxc1/Gg","B2"
"7503","BECv10","ESSFxc1","ESSFxc1/Gg","B1"
"7504","BECv10","ESSFxc1","ESSFxc1/Ws08","B7"
"7505","BECv10","ESSFxc1","ESSFxc1/Ws08","C7"
"7506","BECv10","ESSFxc1","ESSFxc1/Ws08","D7"
"7507","BECv10","ESSFxc1","ESSFxc1/Ws08","E7"
"7508","BECv10","ESSFxc1","ESSFxc1/Ws12","B7"
"7509","BECv10","ESSFxc1","ESSFxc1/Ws12","C7"
"7510","BECv10","ESSFxc1","ESSFxc1/Ws12","D7"
"7511","BECv10","ESSFxc1","ESSFxc1/Ws12","E7"
"7512","BECv12","ESSFxc2","ESSFxc2/101","D4"
"7513","BECv12","ESSFxc2","ESSFxc2/101","D3"
"7514","BECv12","ESSFxc2","ESSFxc2/101","C4"
"7515","BECv12","ESSFxc2","ESSFxc2/101","C3"
"7516","BECv12","ESSFxc2","ESSFxc2/101","B4"
"7517","BECv12","ESSFxc2","ESSFxc2/101","B3"
"7518","BECv12","ESSFxc2","ESSFxc2/102","C1"
"7519","BECv12","ESSFxc2","ESSFxc2/102","C0"
"7520","BECv12","ESSFxc2","ESSFxc2/102","B1"
"7521","BECv12","ESSFxc2","ESSFxc2/102","B0"
"7522","BECv12","ESSFxc2","ESSFxc2/102","A1"
"7523","BECv12","ESSFxc2","ESSFxc2/102","A0"
"7524","BECv12","ESSFxc2","ESSFxc2/103","C3"
"7525","BECv12","ESSFxc2","ESSFxc2/103","C2"
"7526","BECv12","ESSFxc2","ESSFxc2/103","C1"
"7527","BECv12","ESSFxc2","ESSFxc2/103","B3"
"7528","BECv12","ESSFxc2","ESSFxc2/103","B2"
"7529","BECv12","ESSFxc2","ESSFxc2/103","B1"
"7530","BECv12","ESSFxc2","ESSFxc2/110","D4"
"7531","BECv12","ESSFxc2","ESSFxc2/110","D3"
"7532","BECv12","ESSFxc2","ESSFxc2/110","C4"
"7533","BECv12","ESSFxc2","ESSFxc2/110","C3"
"7534","BECv12","ESSFxc2","ESSFxc2/110","B4"
"7535","BECv12","ESSFxc2","ESSFxc2/110","B3"
"7536","BECv12","ESSFxc2","ESSFxc2/111","E5"
"7537","BECv12","ESSFxc2","ESSFxc2/111","D5"
"7538","BECv12","ESSFxc2","ESSFxc2/111","C5"
"7539","BECv12","ESSFxc2","ESSFxc2/112","E7"
"7540","BECv12","ESSFxc2","ESSFxc2/112","E6"
"7541","BECv12","ESSFxc2","ESSFxc2/112","D7"
"7542","BECv12","ESSFxc2","ESSFxc2/112","D6"
"7543","BECv12","ESSFxc2","ESSFxc2/112","C7"
"7544","BECv12","ESSFxc2","ESSFxc2/112","C6"
"7545","BECv10","ESSFxc2","ESSFxc2/Gg","D3"
"7546","BECv10","ESSFxc2","ESSFxc2/Gg","D2"
"7547","BECv10","ESSFxc2","ESSFxc2/Gg","D1"
"7548","BECv10","ESSFxc2","ESSFxc2/Gg","C3"
"7549","BECv10","ESSFxc2","ESSFxc2/Gg","C2"
"7550","BECv10","ESSFxc2","ESSFxc2/Gg","C1"
"7551","BECv10","ESSFxc2","ESSFxc2/Gg","B2"
"7552","BECv10","ESSFxc2","ESSFxc2/Gg","B1"
"7553","BECv12","ESSFxc2","ESSFxc2/Ws08","E7"
"7554","BECv12","ESSFxc2","ESSFxc2/Ws08","D7"
"7555","BECv12","ESSFxc2","ESSFxc2/Ws08","C7"
"7556","BECv12","ESSFxc2","ESSFxc2/Ws08","B6"
"7557","BECv10","ESSFxc3","ESSFxc3/01","D5"
"7558","BECv10","ESSFxc3","ESSFxc3/01","D4"
"7559","BECv10","ESSFxc3","ESSFxc3/01","C5"
"7560","BECv10","ESSFxc3","ESSFxc3/01","C4"
"7561","BECv10","ESSFxc3","ESSFxc3/01","B5"
"7562","BECv10","ESSFxc3","ESSFxc3/01","B4"
"7563","BECv10","ESSFxc3","ESSFxc3/01","A5"
"7564","BECv10","ESSFxc3","ESSFxc3/01","A4"
"7565","BECv10","ESSFxc3","ESSFxc3/02","C2"
"7566","BECv10","ESSFxc3","ESSFxc3/02","C1"
"7567","BECv10","ESSFxc3","ESSFxc3/02","C0"
"7568","BECv10","ESSFxc3","ESSFxc3/02","B2"
"7569","BECv10","ESSFxc3","ESSFxc3/02","B1"
"7570","BECv10","ESSFxc3","ESSFxc3/02","B0"
"7571","BECv10","ESSFxc3","ESSFxc3/02","A2"
"7572","BECv10","ESSFxc3","ESSFxc3/02","A1"
"7573","BECv10","ESSFxc3","ESSFxc3/02","A0"
"7574","BECv10","ESSFxc3","ESSFxc3/03","D2"
"7575","BECv10","ESSFxc3","ESSFxc3/03","D1"
"7576","BECv10","ESSFxc3","ESSFxc3/03","C2"
"7577","BECv10","ESSFxc3","ESSFxc3/03","C1"
"7578","BECv10","ESSFxc3","ESSFxc3/04","D3"
"7579","BECv10","ESSFxc3","ESSFxc3/04","D2"
"7580","BECv10","ESSFxc3","ESSFxc3/04","C3"
"7581","BECv10","ESSFxc3","ESSFxc3/04","C2"
"7582","BECv10","ESSFxc3","ESSFxc3/05","D4"
"7583","BECv10","ESSFxc3","ESSFxc3/05","D3"
"7584","BECv10","ESSFxc3","ESSFxc3/05","C4"
"7585","BECv10","ESSFxc3","ESSFxc3/05","C3"
"7586","BECv10","ESSFxc3","ESSFxc3/05","C2"
"7587","BECv10","ESSFxc3","ESSFxc3/05","B4"
"7588","BECv10","ESSFxc3","ESSFxc3/05","B3"
"7589","BECv10","ESSFxc3","ESSFxc3/05","B2"
"7590","BECv10","ESSFxc3","ESSFxc3/05","A4"
"7591","BECv10","ESSFxc3","ESSFxc3/05","A3"
"7592","BECv10","ESSFxc3","ESSFxc3/05","A2"
"7593","BECv10","ESSFxc3","ESSFxc3/06","C4"
"7594","BECv10","ESSFxc3","ESSFxc3/06","C3"
"7595","BECv10","ESSFxc3","ESSFxc3/06","B4"
"7596","BECv10","ESSFxc3","ESSFxc3/06","B3"
"7597","BECv10","ESSFxc3","ESSFxc3/06","A4"
"7598","BECv10","ESSFxc3","ESSFxc3/06","A3"
"7599","BECv10","ESSFxc3","ESSFxc3/07","E6"
"7600","BECv10","ESSFxc3","ESSFxc3/07","E5"
"7601","BECv10","ESSFxc3","ESSFxc3/07","D6"
"7602","BECv10","ESSFxc3","ESSFxc3/07","D5"
"7603","BECv10","ESSFxc3","ESSFxc3/07","C6"
"7604","BECv10","ESSFxc3","ESSFxc3/07","C5"
"7605","BECv10","ESSFxc3","ESSFxc3/07","B6"
"7606","BECv10","ESSFxc3","ESSFxc3/07","B5"
"7607","BECv10","ESSFxc3","ESSFxc3/08","E6"
"7608","BECv10","ESSFxc3","ESSFxc3/08","D6"
"7609","BECv10","ESSFxc3","ESSFxc3/08","C6"
"7610","BECv10","ESSFxc3","ESSFxc3/08","B6"
"7611","BECv10","ESSFxc3","ESSFxc3/09","C7"
"7612","BECv10","ESSFxc3","ESSFxc3/09","C6"
"7613","BECv10","ESSFxc3","ESSFxc3/09","B7"
"7614","BECv10","ESSFxc3","ESSFxc3/09","B6"
"7615","BECv10","ESSFxc3","ESSFxc3/10","D7"
"7616","BECv10","ESSFxc3","ESSFxc3/10","D6"
"7617","BECv10","ESSFxc3","ESSFxc3/10","C7"
"7618","BECv10","ESSFxc3","ESSFxc3/10","C6"
"7619","BECv10","ESSFxcp","ESSFxcp/00","E7"
"7620","BECv10","ESSFxcp","ESSFxcp/00","E6"
"7621","BECv10","ESSFxcp","ESSFxcp/00","E5"
"7622","BECv10","ESSFxcp","ESSFxcp/00","E4"
"7623","BECv10","ESSFxcp","ESSFxcp/00","E3"
"7624","BECv10","ESSFxcp","ESSFxcp/00","E2"
"7625","BECv10","ESSFxcp","ESSFxcp/00","E1"
"7626","BECv10","ESSFxcp","ESSFxcp/00","E0"
"7627","BECv10","ESSFxcp","ESSFxcp/00","D7"
"7628","BECv10","ESSFxcp","ESSFxcp/00","D6"
"7629","BECv10","ESSFxcp","ESSFxcp/00","D5"
"7630","BECv10","ESSFxcp","ESSFxcp/00","D4"
"7631","BECv10","ESSFxcp","ESSFxcp/00","D3"
"7632","BECv10","ESSFxcp","ESSFxcp/00","D2"
"7633","BECv10","ESSFxcp","ESSFxcp/00","D1"
"7634","BECv10","ESSFxcp","ESSFxcp/00","D0"
"7635","BECv10","ESSFxcp","ESSFxcp/00","C7"
"7636","BECv10","ESSFxcp","ESSFxcp/00","C6"
"7637","BECv10","ESSFxcp","ESSFxcp/00","C5"
"7638","BECv10","ESSFxcp","ESSFxcp/00","C4"
"7639","BECv10","ESSFxcp","ESSFxcp/00","C3"
"7640","BECv10","ESSFxcp","ESSFxcp/00","C2"
"7641","BECv10","ESSFxcp","ESSFxcp/00","C1"
"7642","BECv10","ESSFxcp","ESSFxcp/00","C0"
"7643","BECv10","ESSFxcp","ESSFxcp/00","B7"
"7644","BECv10","ESSFxcp","ESSFxcp/00","B6"
"7645","BECv10","ESSFxcp","ESSFxcp/00","B5"
"7646","BECv10","ESSFxcp","ESSFxcp/00","B4"
"7647","BECv10","ESSFxcp","ESSFxcp/00","B3"
"7648","BECv10","ESSFxcp","ESSFxcp/00","B2"
"7649","BECv10","ESSFxcp","ESSFxcp/00","B1"
"7650","BECv10","ESSFxcp","ESSFxcp/00","B0"
"7651","BECv10","ESSFxcp","ESSFxcp/00","A7"
"7652","BECv10","ESSFxcp","ESSFxcp/00","A6"
"7653","BECv10","ESSFxcp","ESSFxcp/00","A5"
"7654","BECv10","ESSFxcp","ESSFxcp/00","A4"
"7655","BECv10","ESSFxcp","ESSFxcp/00","A3"
"7656","BECv10","ESSFxcp","ESSFxcp/00","A2"
"7657","BECv10","ESSFxcp","ESSFxcp/00","A1"
"7658","BECv10","ESSFxcp","ESSFxcp/00","A0"
"7659","USA_2019","ESSFxcp_CO","ESSFxcp_CO/00","E6"
"7660","USA_2019","ESSFxcp_CO","ESSFxcp_CO/00","E5"
"7661","USA_2019","ESSFxcp_CO","ESSFxcp_CO/00","D6"
"7662","USA_2019","ESSFxcp_CO","ESSFxcp_CO/00","D5"
"7663","USA_2019","ESSFxcp_CO","ESSFxcp_CO/00","D4"
"7664","USA_2019","ESSFxcp_CO","ESSFxcp_CO/00","D3"
"7665","USA_2019","ESSFxcp_CO","ESSFxcp_CO/00","D2"
"7666","USA_2019","ESSFxcp_CO","ESSFxcp_CO/00","D1"
"7667","USA_2019","ESSFxcp_CO","ESSFxcp_CO/00","C6"
"7668","USA_2019","ESSFxcp_CO","ESSFxcp_CO/00","C5"
"7669","USA_2019","ESSFxcp_CO","ESSFxcp_CO/00","C4"
"7670","USA_2019","ESSFxcp_CO","ESSFxcp_CO/00","C3"
"7671","USA_2019","ESSFxcp_CO","ESSFxcp_CO/00","C2"
"7672","USA_2019","ESSFxcp_CO","ESSFxcp_CO/00","C1"
"7673","USA_2019","ESSFxcp_CO","ESSFxcp_CO/00","B6"
"7674","USA_2019","ESSFxcp_CO","ESSFxcp_CO/00","B5"
"7675","USA_2019","ESSFxcp_CO","ESSFxcp_CO/00","B4"
"7676","USA_2019","ESSFxcp_CO","ESSFxcp_CO/00","B3"
"7677","USA_2019","ESSFxcp_CO","ESSFxcp_CO/00","B2"
"7678","USA_2019","ESSFxcp_CO","ESSFxcp_CO/00","B1"
"7679","USA_2019","ESSFxcp_CO","ESSFxcp_CO/00","A2"
"7680","USA_2019","ESSFxcp_CO","ESSFxcp_CO/00","A1"
"7681","Add_2021","ESSFxcp_CO","ESSFxcp_CO/Ro","A0"
"7682","Add_2021","ESSFxcp_CO","ESSFxcp_CO/Ro","B0"
"7683","USA_2019","ESSFxcp_WA","ESSFxcp_WA/00","E7"
"7684","USA_2019","ESSFxcp_WA","ESSFxcp_WA/00","E6"
"7685","USA_2019","ESSFxcp_WA","ESSFxcp_WA/00","E5"
"7686","USA_2019","ESSFxcp_WA","ESSFxcp_WA/00","E4"
"7687","USA_2019","ESSFxcp_WA","ESSFxcp_WA/00","E3"
"7688","USA_2019","ESSFxcp_WA","ESSFxcp_WA/00","E2"
"7689","USA_2019","ESSFxcp_WA","ESSFxcp_WA/00","E1"
"7690","USA_2019","ESSFxcp_WA","ESSFxcp_WA/00","E0"
"7691","USA_2019","ESSFxcp_WA","ESSFxcp_WA/00","D7"
"7692","USA_2019","ESSFxcp_WA","ESSFxcp_WA/00","D6"
"7693","USA_2019","ESSFxcp_WA","ESSFxcp_WA/00","D5"
"7694","USA_2019","ESSFxcp_WA","ESSFxcp_WA/00","D4"
"7695","USA_2019","ESSFxcp_WA","ESSFxcp_WA/00","D3"
"7696","USA_2019","ESSFxcp_WA","ESSFxcp_WA/00","D2"
"7697","USA_2019","ESSFxcp_WA","ESSFxcp_WA/00","D1"
"7698","USA_2019","ESSFxcp_WA","ESSFxcp_WA/00","D0"
"7699","USA_2019","ESSFxcp_WA","ESSFxcp_WA/00","C7"
"7700","USA_2019","ESSFxcp_WA","ESSFxcp_WA/00","C6"
"7701","USA_2019","ESSFxcp_WA","ESSFxcp_WA/00","C5"
"7702","USA_2019","ESSFxcp_WA","ESSFxcp_WA/00","C4"
"7703","USA_2019","ESSFxcp_WA","ESSFxcp_WA/00","C3"
"7704","USA_2019","ESSFxcp_WA","ESSFxcp_WA/00","C2"
"7705","USA_2019","ESSFxcp_WA","ESSFxcp_WA/00","C1"
"7706","USA_2019","ESSFxcp_WA","ESSFxcp_WA/00","C0"
"7707","USA_2019","ESSFxcp_WA","ESSFxcp_WA/00","B7"
"7708","USA_2019","ESSFxcp_WA","ESSFxcp_WA/00","B6"
"7709","USA_2019","ESSFxcp_WA","ESSFxcp_WA/00","B5"
"7710","USA_2019","ESSFxcp_WA","ESSFxcp_WA/00","B4"
"7711","USA_2019","ESSFxcp_WA","ESSFxcp_WA/00","B3"
"7712","USA_2019","ESSFxcp_WA","ESSFxcp_WA/00","B2"
"7713","USA_2019","ESSFxcp_WA","ESSFxcp_WA/00","B1"
"7714","USA_2019","ESSFxcp_WA","ESSFxcp_WA/00","B0"
"7715","USA_2019","ESSFxcp_WA","ESSFxcp_WA/00","A7"
"7716","USA_2019","ESSFxcp_WA","ESSFxcp_WA/00","A6"
"7717","USA_2019","ESSFxcp_WA","ESSFxcp_WA/00","A5"
"7718","USA_2019","ESSFxcp_WA","ESSFxcp_WA/00","A4"
"7719","USA_2019","ESSFxcp_WA","ESSFxcp_WA/00","A3"
"7720","USA_2019","ESSFxcp_WA","ESSFxcp_WA/00","A2"
"7721","USA_2019","ESSFxcp_WA","ESSFxcp_WA/00","A1"
"7722","USA_2019","ESSFxcp_WA","ESSFxcp_WA/00","A0"
"7723","BECv12","ESSFxcw","ESSFxcw/101","D4"
"7724","BECv12","ESSFxcw","ESSFxcw/101","D3"
"7725","BECv12","ESSFxcw","ESSFxcw/101","C4"
"7726","BECv12","ESSFxcw","ESSFxcw/101","C3"
"7727","BECv12","ESSFxcw","ESSFxcw/101","B4"
"7728","BECv12","ESSFxcw","ESSFxcw/101","B3"
"7729","BECv12","ESSFxcw","ESSFxcw/102","C1"
"7730","BECv12","ESSFxcw","ESSFxcw/102","C0"
"7731","BECv12","ESSFxcw","ESSFxcw/102","B1"
"7732","BECv12","ESSFxcw","ESSFxcw/102","B0"
"7733","BECv12","ESSFxcw","ESSFxcw/102","A1"
"7734","BECv12","ESSFxcw","ESSFxcw/102","A0"
"7735","BECv12","ESSFxcw","ESSFxcw/103","C3"
"7736","BECv12","ESSFxcw","ESSFxcw/103","C2"
"7737","BECv12","ESSFxcw","ESSFxcw/103","C1"
"7738","BECv12","ESSFxcw","ESSFxcw/103","B3"
"7739","BECv12","ESSFxcw","ESSFxcw/103","B2"
"7740","BECv12","ESSFxcw","ESSFxcw/103","B1"
"7741","BECv12","ESSFxcw","ESSFxcw/110","D4"
"7742","BECv12","ESSFxcw","ESSFxcw/110","D3"
"7743","BECv12","ESSFxcw","ESSFxcw/110","C4"
"7744","BECv12","ESSFxcw","ESSFxcw/110","C3"
"7745","BECv12","ESSFxcw","ESSFxcw/110","B4"
"7746","BECv12","ESSFxcw","ESSFxcw/110","B3"
"7747","BECv12","ESSFxcw","ESSFxcw/111","B5"
"7748","BECv12","ESSFxcw","ESSFxcw/111","C5"
"7749","BECv12","ESSFxcw","ESSFxcw/111","D5"
"7750","BECv12","ESSFxcw","ESSFxcw/112","E6"
"7751","BECv12","ESSFxcw","ESSFxcw/112","C6"
"7752","BECv12","ESSFxcw","ESSFxcw/112","D6"
"7753","BECv12","ESSFxcw","ESSFxcw/112","E7"
"7754","BECv12","ESSFxcw","ESSFxcw/112","C7"
"7755","BECv12","ESSFxcw","ESSFxcw/112","D7"
"7756","BECv10","ESSFxcw","ESSFxcw/Gg","D2"
"7757","BECv10","ESSFxcw","ESSFxcw/Gg","D1"
"7758","BECv10","ESSFxcw","ESSFxcw/Gg","C2"
"7759","BECv10","ESSFxcw","ESSFxcw/Gg","C1"
"7760","BECv10","ESSFxcw","ESSFxcw/Gg","B2"
"7761","BECv10","ESSFxcw","ESSFxcw/Gg","B1"
"7762","USA_2019","ESSFxh_WA","ESSFxh_WA/101","D4"
"7763","USA_2019","ESSFxh_WA","ESSFxh_WA/101","D3"
"7764","USA_2019","ESSFxh_WA","ESSFxh_WA/101","C4"
"7765","USA_2019","ESSFxh_WA","ESSFxh_WA/101","C3"
"7766","USA_2019","ESSFxh_WA","ESSFxh_WA/101","B4"
"7767","USA_2019","ESSFxh_WA","ESSFxh_WA/101","B3"
"7768","USA_2019","ESSFxh_WA","ESSFxh_WA/102","D1"
"7769","USA_2019","ESSFxh_WA","ESSFxh_WA/102","C1"
"7770","USA_2019","ESSFxh_WA","ESSFxh_WA/102","B1"
"7771","USA_2019","ESSFxh_WA","ESSFxh_WA/102","A1"
"7772","USA_2019","ESSFxh_WA","ESSFxh_WA/103","D2"
"7773","USA_2019","ESSFxh_WA","ESSFxh_WA/103","C2"
"7774","USA_2019","ESSFxh_WA","ESSFxh_WA/103","B2"
"7775","USA_2019","ESSFxh_WA","ESSFxh_WA/103","A2"
"7776","USA_2019","ESSFxh_WA","ESSFxh_WA/110","E5"
"7777","USA_2019","ESSFxh_WA","ESSFxh_WA/110","D5"
"7778","USA_2019","ESSFxh_WA","ESSFxh_WA/110","C5"
"7779","USA_2019","ESSFxh_WA","ESSFxh_WA/110","B5"
"7780","USA_2019","ESSFxh_WA","ESSFxh_WA/111","E6"
"7781","USA_2019","ESSFxh_WA","ESSFxh_WA/111","D6"
"7782","USA_2019","ESSFxh_WA","ESSFxh_WA/111","C6"
"7783","USA_2019","ESSFxh_WA","ESSFxh_WA/111","B6"
"7784","Add_2021","ESSFxh_WA","ESSFxh_WA/Ro","A0"
"7785","Add_2021","ESSFxh_WA","ESSFxh_WA/Ro","B0"
"7786","USA_2019","ESSFxk_MT","ESSFxk_MT/101","D4"
"7787","USA_2019","ESSFxk_MT","ESSFxk_MT/101","D3"
"7788","USA_2019","ESSFxk_MT","ESSFxk_MT/101","C4"
"7789","USA_2019","ESSFxk_MT","ESSFxk_MT/101","C3"
"7790","USA_2019","ESSFxk_MT","ESSFxk_MT/101","B4"
"7791","USA_2019","ESSFxk_MT","ESSFxk_MT/101","B3"
"7792","USA_2019","ESSFxk_MT","ESSFxk_MT/102","D1"
"7793","USA_2019","ESSFxk_MT","ESSFxk_MT/102","C1"
"7794","USA_2019","ESSFxk_MT","ESSFxk_MT/102","B1"
"7795","USA_2019","ESSFxk_MT","ESSFxk_MT/102","A1"
"7796","USA_2019","ESSFxk_MT","ESSFxk_MT/103","D2"
"7797","USA_2019","ESSFxk_MT","ESSFxk_MT/103","C2"
"7798","USA_2019","ESSFxk_MT","ESSFxk_MT/103","B2"
"7799","USA_2019","ESSFxk_MT","ESSFxk_MT/103","A2"
"7800","USA_2019","ESSFxk_MT","ESSFxk_MT/110","E5"
"7801","USA_2019","ESSFxk_MT","ESSFxk_MT/110","D5"
"7802","USA_2019","ESSFxk_MT","ESSFxk_MT/110","C5"
"7803","USA_2019","ESSFxk_MT","ESSFxk_MT/110","B5"
"7804","USA_2019","ESSFxk_MT","ESSFxk_MT/111","E6"
"7805","USA_2019","ESSFxk_MT","ESSFxk_MT/111","D6"
"7806","USA_2019","ESSFxk_MT","ESSFxk_MT/111","C6"
"7807","USA_2019","ESSFxk_MT","ESSFxk_MT/111","B6"
"7808","Add_2021","ESSFxk_MT","ESSFxk_MT/Ro","A0"
"7809","Add_2021","ESSFxk_MT","ESSFxk_MT/Ro","B0"
"7810","USA_2019","ESSFxk_UT","ESSFxk_UT/101","D4"
"7811","USA_2019","ESSFxk_UT","ESSFxk_UT/101","D3"
"7812","USA_2019","ESSFxk_UT","ESSFxk_UT/101","C4"
"7813","USA_2019","ESSFxk_UT","ESSFxk_UT/101","C3"
"7814","USA_2019","ESSFxk_UT","ESSFxk_UT/101","B4"
"7815","USA_2019","ESSFxk_UT","ESSFxk_UT/101","B3"
"7816","USA_2019","ESSFxk_UT","ESSFxk_UT/102","D1"
"7817","USA_2019","ESSFxk_UT","ESSFxk_UT/102","C1"
"7818","USA_2019","ESSFxk_UT","ESSFxk_UT/102","B1"
"7819","USA_2019","ESSFxk_UT","ESSFxk_UT/102","A1"
"7820","USA_2019","ESSFxk_UT","ESSFxk_UT/103","D2"
"7821","USA_2019","ESSFxk_UT","ESSFxk_UT/103","C2"
"7822","USA_2019","ESSFxk_UT","ESSFxk_UT/103","B2"
"7823","USA_2019","ESSFxk_UT","ESSFxk_UT/103","A2"
"7824","USA_2019","ESSFxk_UT","ESSFxk_UT/110","E5"
"7825","USA_2019","ESSFxk_UT","ESSFxk_UT/110","D5"
"7826","USA_2019","ESSFxk_UT","ESSFxk_UT/110","C5"
"7827","USA_2019","ESSFxk_UT","ESSFxk_UT/110","B5"
"7828","USA_2019","ESSFxk_UT","ESSFxk_UT/111","E6"
"7829","USA_2019","ESSFxk_UT","ESSFxk_UT/111","D6"
"7830","USA_2019","ESSFxk_UT","ESSFxk_UT/111","C6"
"7831","USA_2019","ESSFxk_UT","ESSFxk_UT/111","B6"
"7832","Add_2021","ESSFxk_UT","ESSFxk_UT/Ro","A0"
"7833","Add_2021","ESSFxk_UT","ESSFxk_UT/Ro","B0"
"7834","USA_2020","ESSFxk_WY","ESSFxk_WY/101","D4"
"7835","USA_2020","ESSFxk_WY","ESSFxk_WY/101","D3"
"7836","USA_2020","ESSFxk_WY","ESSFxk_WY/101","C4"
"7837","USA_2020","ESSFxk_WY","ESSFxk_WY/101","C3"
"7838","USA_2020","ESSFxk_WY","ESSFxk_WY/101","B4"
"7839","USA_2020","ESSFxk_WY","ESSFxk_WY/101","B3"
"7840","USA_2020","ESSFxk_WY","ESSFxk_WY/102","D1"
"7841","USA_2020","ESSFxk_WY","ESSFxk_WY/102","C1"
"7842","USA_2020","ESSFxk_WY","ESSFxk_WY/102","B1"
"7843","USA_2020","ESSFxk_WY","ESSFxk_WY/102","A1"
"7844","USA_2020","ESSFxk_WY","ESSFxk_WY/103","D2"
"7845","USA_2020","ESSFxk_WY","ESSFxk_WY/103","C2"
"7846","USA_2020","ESSFxk_WY","ESSFxk_WY/103","B2"
"7847","USA_2020","ESSFxk_WY","ESSFxk_WY/103","A2"
"7848","USA_2020","ESSFxk_WY","ESSFxk_WY/110","E5"
"7849","USA_2020","ESSFxk_WY","ESSFxk_WY/110","D5"
"7850","USA_2020","ESSFxk_WY","ESSFxk_WY/110","C5"
"7851","USA_2020","ESSFxk_WY","ESSFxk_WY/110","B5"
"7852","USA_2020","ESSFxk_WY","ESSFxk_WY/111","E6"
"7853","USA_2020","ESSFxk_WY","ESSFxk_WY/111","D6"
"7854","USA_2020","ESSFxk_WY","ESSFxk_WY/111","C6"
"7855","USA_2020","ESSFxk_WY","ESSFxk_WY/111","B6"
"7856","Add_2021","ESSFxk_WY","ESSFxk_WY/Ro","A0"
"7857","Add_2021","ESSFxk_WY","ESSFxk_WY/Ro","B0"
"7858","USA_2019","ESSFxkp_MT","ESSFxkp_MT/00","E6"
"7859","USA_2019","ESSFxkp_MT","ESSFxkp_MT/00","E5"
"7860","USA_2019","ESSFxkp_MT","ESSFxkp_MT/00","D6"
"7861","USA_2019","ESSFxkp_MT","ESSFxkp_MT/00","D5"
"7862","USA_2019","ESSFxkp_MT","ESSFxkp_MT/00","D4"
"7863","USA_2019","ESSFxkp_MT","ESSFxkp_MT/00","D3"
"7864","USA_2019","ESSFxkp_MT","ESSFxkp_MT/00","D2"
"7865","USA_2019","ESSFxkp_MT","ESSFxkp_MT/00","D1"
"7866","USA_2019","ESSFxkp_MT","ESSFxkp_MT/00","C6"
"7867","USA_2019","ESSFxkp_MT","ESSFxkp_MT/00","C5"
"7868","USA_2019","ESSFxkp_MT","ESSFxkp_MT/00","C4"
"7869","USA_2019","ESSFxkp_MT","ESSFxkp_MT/00","C3"
"7870","USA_2019","ESSFxkp_MT","ESSFxkp_MT/00","C2"
"7871","USA_2019","ESSFxkp_MT","ESSFxkp_MT/00","C1"
"7872","USA_2019","ESSFxkp_MT","ESSFxkp_MT/00","B6"
"7873","USA_2019","ESSFxkp_MT","ESSFxkp_MT/00","B5"
"7874","USA_2019","ESSFxkp_MT","ESSFxkp_MT/00","B4"
"7875","USA_2019","ESSFxkp_MT","ESSFxkp_MT/00","B3"
"7876","USA_2019","ESSFxkp_MT","ESSFxkp_MT/00","B2"
"7877","USA_2019","ESSFxkp_MT","ESSFxkp_MT/00","B1"
"7878","USA_2019","ESSFxkp_MT","ESSFxkp_MT/00","A2"
"7879","USA_2019","ESSFxkp_MT","ESSFxkp_MT/00","A1"
"7880","Add_2021","ESSFxkp_MT","ESSFxkp_MT/Ro","A0"
"7881","Add_2021","ESSFxkp_MT","ESSFxkp_MT/Ro","B0"
"7882","USA_2019","ESSFxkp_UT","ESSFxkp_UT/00","E6"
"7883","USA_2019","ESSFxkp_UT","ESSFxkp_UT/00","E5"
"7884","USA_2019","ESSFxkp_UT","ESSFxkp_UT/00","D6"
"7885","USA_2019","ESSFxkp_UT","ESSFxkp_UT/00","D5"
"7886","USA_2019","ESSFxkp_UT","ESSFxkp_UT/00","D4"
"7887","USA_2019","ESSFxkp_UT","ESSFxkp_UT/00","D3"
"7888","USA_2019","ESSFxkp_UT","ESSFxkp_UT/00","D2"
"7889","USA_2019","ESSFxkp_UT","ESSFxkp_UT/00","D1"
"7890","USA_2019","ESSFxkp_UT","ESSFxkp_UT/00","C6"
"7891","USA_2019","ESSFxkp_UT","ESSFxkp_UT/00","C5"
"7892","USA_2019","ESSFxkp_UT","ESSFxkp_UT/00","C4"
"7893","USA_2019","ESSFxkp_UT","ESSFxkp_UT/00","C3"
"7894","USA_2019","ESSFxkp_UT","ESSFxkp_UT/00","C2"
"7895","USA_2019","ESSFxkp_UT","ESSFxkp_UT/00","C1"
"7896","USA_2019","ESSFxkp_UT","ESSFxkp_UT/00","B6"
"7897","USA_2019","ESSFxkp_UT","ESSFxkp_UT/00","B5"
"7898","USA_2019","ESSFxkp_UT","ESSFxkp_UT/00","B4"
"7899","USA_2019","ESSFxkp_UT","ESSFxkp_UT/00","B3"
"7900","USA_2019","ESSFxkp_UT","ESSFxkp_UT/00","B2"
"7901","USA_2019","ESSFxkp_UT","ESSFxkp_UT/00","B1"
"7902","USA_2019","ESSFxkp_UT","ESSFxkp_UT/00","A2"
"7903","USA_2019","ESSFxkp_UT","ESSFxkp_UT/00","A1"
"7904","Add_2021","ESSFxkp_UT","ESSFxkp_UT/Ro","A0"
"7905","Add_2021","ESSFxkp_UT","ESSFxkp_UT/Ro","B0"
"7906","USA_2020","ESSFxkp_WY","ESSFxkp_WY/00","E6"
"7907","USA_2020","ESSFxkp_WY","ESSFxkp_WY/00","E5"
"7908","USA_2020","ESSFxkp_WY","ESSFxkp_WY/00","D6"
"7909","USA_2020","ESSFxkp_WY","ESSFxkp_WY/00","D5"
"7910","USA_2020","ESSFxkp_WY","ESSFxkp_WY/00","D4"
"7911","USA_2020","ESSFxkp_WY","ESSFxkp_WY/00","D3"
"7912","USA_2020","ESSFxkp_WY","ESSFxkp_WY/00","D2"
"7913","USA_2020","ESSFxkp_WY","ESSFxkp_WY/00","D1"
"7914","USA_2020","ESSFxkp_WY","ESSFxkp_WY/00","C6"
"7915","USA_2020","ESSFxkp_WY","ESSFxkp_WY/00","C5"
"7916","USA_2020","ESSFxkp_WY","ESSFxkp_WY/00","C4"
"7917","USA_2020","ESSFxkp_WY","ESSFxkp_WY/00","C3"
"7918","USA_2020","ESSFxkp_WY","ESSFxkp_WY/00","C2"
"7919","USA_2020","ESSFxkp_WY","ESSFxkp_WY/00","C1"
"7920","USA_2020","ESSFxkp_WY","ESSFxkp_WY/00","B6"
"7921","USA_2020","ESSFxkp_WY","ESSFxkp_WY/00","B5"
"7922","USA_2020","ESSFxkp_WY","ESSFxkp_WY/00","B4"
"7923","USA_2020","ESSFxkp_WY","ESSFxkp_WY/00","B3"
"7924","USA_2020","ESSFxkp_WY","ESSFxkp_WY/00","B2"
"7925","USA_2020","ESSFxkp_WY","ESSFxkp_WY/00","B1"
"7926","USA_2020","ESSFxkp_WY","ESSFxkp_WY/00","A2"
"7927","USA_2020","ESSFxkp_WY","ESSFxkp_WY/00","A1"
"7928","Add_2021","ESSFxkp_WY","ESSFxkp_WY/Ro","A0"
"7929","Add_2021","ESSFxkp_WY","ESSFxkp_WY/Ro","B0"
"7930","BECv10","ESSFxv1","ESSFxv1/01","D4"
"7931","BECv10","ESSFxv1","ESSFxv1/01","D3"
"7932","BECv10","ESSFxv1","ESSFxv1/01","C4"
"7933","BECv10","ESSFxv1","ESSFxv1/01","C3"
"7934","BECv10","ESSFxv1","ESSFxv1/01","B4"
"7935","BECv10","ESSFxv1","ESSFxv1/02","D2"
"7936","BECv10","ESSFxv1","ESSFxv1/02","D1"
"7937","BECv10","ESSFxv1","ESSFxv1/02","D0"
"7938","BECv10","ESSFxv1","ESSFxv1/02","C2"
"7939","BECv10","ESSFxv1","ESSFxv1/02","C1"
"7940","BECv10","ESSFxv1","ESSFxv1/02","C0"
"7941","BECv10","ESSFxv1","ESSFxv1/02","B2"
"7942","BECv10","ESSFxv1","ESSFxv1/02","B1"
"7943","BECv10","ESSFxv1","ESSFxv1/02","B0"
"7944","BECv10","ESSFxv1","ESSFxv1/02","A1"
"7945","BECv10","ESSFxv1","ESSFxv1/02","A0"
"7946","BECv10","ESSFxv1","ESSFxv1/03","B2"
"7947","BECv10","ESSFxv1","ESSFxv1/03","B1"
"7948","BECv10","ESSFxv1","ESSFxv1/03","A2"
"7949","BECv10","ESSFxv1","ESSFxv1/03","A1"
"7950","BECv10","ESSFxv1","ESSFxv1/04","D3"
"7951","BECv10","ESSFxv1","ESSFxv1/04","D2"
"7952","BECv10","ESSFxv1","ESSFxv1/04","C3"
"7953","BECv10","ESSFxv1","ESSFxv1/04","C2"
"7954","BECv10","ESSFxv1","ESSFxv1/04","B3"
"7955","BECv10","ESSFxv1","ESSFxv1/04","B2"
"7956","BECv10","ESSFxv1","ESSFxv1/05","D3"
"7957","BECv10","ESSFxv1","ESSFxv1/05","D2"
"7958","BECv10","ESSFxv1","ESSFxv1/05","C3"
"7959","BECv10","ESSFxv1","ESSFxv1/05","C2"
"7960","BECv10","ESSFxv1","ESSFxv1/05","B3"
"7961","BECv10","ESSFxv1","ESSFxv1/05","B2"
"7962","BECv10","ESSFxv1","ESSFxv1/06","C4"
"7963","BECv10","ESSFxv1","ESSFxv1/06","C3"
"7964","BECv10","ESSFxv1","ESSFxv1/06","B4"
"7965","BECv10","ESSFxv1","ESSFxv1/06","B3"
"7966","BECv10","ESSFxv1","ESSFxv1/07","D5"
"7967","BECv10","ESSFxv1","ESSFxv1/07","D4"
"7968","BECv10","ESSFxv1","ESSFxv1/07","C6"
"7969","BECv10","ESSFxv1","ESSFxv1/07","C5"
"7970","BECv10","ESSFxv1","ESSFxv1/07","C4"
"7971","BECv10","ESSFxv1","ESSFxv1/07","B6"
"7972","BECv10","ESSFxv1","ESSFxv1/07","B5"
"7973","BECv10","ESSFxv1","ESSFxv1/07","B4"
"7974","BECv10","ESSFxv1","ESSFxv1/08","D7"
"7975","BECv10","ESSFxv1","ESSFxv1/08","D6"
"7976","BECv10","ESSFxv1","ESSFxv1/08","C7"
"7977","BECv10","ESSFxv1","ESSFxv1/08","C6"
"7978","BECv10","ESSFxv1","ESSFxv1/08","B7"
"7979","BECv10","ESSFxv1","ESSFxv1/08","B6"
"7980","BECv10","ESSFxv1","ESSFxv1/09","E7"
"7981","BECv10","ESSFxv1","ESSFxv1/09","E6"
"7982","BECv10","ESSFxv1","ESSFxv1/09","D7"
"7983","BECv10","ESSFxv1","ESSFxv1/09","D6"
"7984","BECv10","ESSFxv2","ESSFxv2/01","D4"
"7985","BECv10","ESSFxv2","ESSFxv2/01","D3"
"7986","BECv10","ESSFxv2","ESSFxv2/01","C4"
"7987","BECv10","ESSFxv2","ESSFxv2/01","B4"
"7988","BECv10","ESSFxv2","ESSFxv2/02","C2"
"7989","BECv10","ESSFxv2","ESSFxv2/02","C1"
"7990","BECv10","ESSFxv2","ESSFxv2/02","B2"
"7991","BECv10","ESSFxv2","ESSFxv2/02","B1"
"7992","BECv10","ESSFxv2","ESSFxv2/02","A2"
"7993","BECv10","ESSFxv2","ESSFxv2/02","A1"
"7994","BECv10","ESSFxv2","ESSFxv2/03","D2"
"7995","BECv10","ESSFxv2","ESSFxv2/03","D1"
"7996","BECv10","ESSFxv2","ESSFxv2/03","C2"
"7997","BECv10","ESSFxv2","ESSFxv2/03","C1"
"7998","BECv10","ESSFxv2","ESSFxv2/04","D3"
"7999","BECv10","ESSFxv2","ESSFxv2/04","C3"
"8000","BECv10","ESSFxv2","ESSFxv2/04","B3"
"8001","BECv10","ESSFxv2","ESSFxv2/05","C4"
"8002","BECv10","ESSFxv2","ESSFxv2/05","C3"
"8003","BECv10","ESSFxv2","ESSFxv2/05","B4"
"8004","BECv10","ESSFxv2","ESSFxv2/05","B3"
"8005","BECv10","ESSFxv2","ESSFxv2/06","C4"
"8006","BECv10","ESSFxv2","ESSFxv2/06","C3"
"8007","BECv10","ESSFxv2","ESSFxv2/06","B4"
"8008","BECv10","ESSFxv2","ESSFxv2/06","B3"
"8009","BECv10","ESSFxv2","ESSFxv2/07","D5"
"8010","BECv10","ESSFxv2","ESSFxv2/07","C5"
"8011","BECv10","ESSFxv2","ESSFxv2/07","B5"
"8012","BECv10","ESSFxv2","ESSFxv2/08","D6"
"8013","BECv10","ESSFxv2","ESSFxv2/08","C6"
"8014","BECv10","ESSFxv2","ESSFxv2/08","B6"
"8015","BECv10","ESSFxv2","ESSFxv2/09","C7"
"8016","BECv10","ESSFxv2","ESSFxv2/09","C6"
"8017","BECv10","ESSFxv2","ESSFxv2/09","B7"
"8018","BECv10","ESSFxv2","ESSFxv2/09","B6"
"8019","BECv10","ESSFxv2","ESSFxv2/09","A7"
"8020","BECv10","ESSFxv2","ESSFxv2/09","A6"
"8021","BECv10","ESSFxv2","ESSFxv2/10","E7"
"8022","BECv10","ESSFxv2","ESSFxv2/10","E6"
"8023","BECv10","ESSFxv2","ESSFxv2/10","D7"
"8024","BECv10","ESSFxv2","ESSFxv2/10","D6"
"8025","BECv10","ESSFxv2","ESSFxv2/10","C7"
"8026","BECv10","ESSFxv2","ESSFxv2/10","C6"
"8027","Add_2021","ESSFxv2","ESSFxv2/Ro","A0"
"8028","Add_2021","ESSFxv2","ESSFxv2/Ro","B0"
"8029","BECv10","ESSFxvp","ESSFxvp/00","E7"
"8030","BECv10","ESSFxvp","ESSFxvp/00","E6"
"8031","BECv10","ESSFxvp","ESSFxvp/00","E5"
"8032","BECv10","ESSFxvp","ESSFxvp/00","E4"
"8033","BECv10","ESSFxvp","ESSFxvp/00","E3"
"8034","BECv10","ESSFxvp","ESSFxvp/00","E2"
"8035","BECv10","ESSFxvp","ESSFxvp/00","E1"
"8036","BECv10","ESSFxvp","ESSFxvp/00","E0"
"8037","BECv10","ESSFxvp","ESSFxvp/00","D7"
"8038","BECv10","ESSFxvp","ESSFxvp/00","D6"
"8039","BECv10","ESSFxvp","ESSFxvp/00","D5"
"8040","BECv10","ESSFxvp","ESSFxvp/00","D4"
"8041","BECv10","ESSFxvp","ESSFxvp/00","D3"
"8042","BECv10","ESSFxvp","ESSFxvp/00","D2"
"8043","BECv10","ESSFxvp","ESSFxvp/00","D1"
"8044","BECv10","ESSFxvp","ESSFxvp/00","D0"
"8045","BECv10","ESSFxvp","ESSFxvp/00","C7"
"8046","BECv10","ESSFxvp","ESSFxvp/00","C6"
"8047","BECv10","ESSFxvp","ESSFxvp/00","C5"
"8048","BECv10","ESSFxvp","ESSFxvp/00","C4"
"8049","BECv10","ESSFxvp","ESSFxvp/00","C3"
"8050","BECv10","ESSFxvp","ESSFxvp/00","C2"
"8051","BECv10","ESSFxvp","ESSFxvp/00","C1"
"8052","BECv10","ESSFxvp","ESSFxvp/00","C0"
"8053","BECv10","ESSFxvp","ESSFxvp/00","B7"
"8054","BECv10","ESSFxvp","ESSFxvp/00","B6"
"8055","BECv10","ESSFxvp","ESSFxvp/00","B5"
"8056","BECv10","ESSFxvp","ESSFxvp/00","B4"
"8057","BECv10","ESSFxvp","ESSFxvp/00","B3"
"8058","BECv10","ESSFxvp","ESSFxvp/00","B2"
"8059","BECv10","ESSFxvp","ESSFxvp/00","B1"
"8060","BECv10","ESSFxvp","ESSFxvp/00","B0"
"8061","BECv10","ESSFxvp","ESSFxvp/00","A7"
"8062","BECv10","ESSFxvp","ESSFxvp/00","A6"
"8063","BECv10","ESSFxvp","ESSFxvp/00","A5"
"8064","BECv10","ESSFxvp","ESSFxvp/00","A4"
"8065","BECv10","ESSFxvp","ESSFxvp/00","A3"
"8066","BECv10","ESSFxvp","ESSFxvp/00","A2"
"8067","BECv10","ESSFxvp","ESSFxvp/00","A1"
"8068","BECv10","ESSFxvp","ESSFxvp/00","A0"
"8069","BECv10","ESSFxvw","ESSFxvw/01","D4"
"8070","BECv10","ESSFxvw","ESSFxvw/01","D3"
"8071","BECv10","ESSFxvw","ESSFxvw/01","C4"
"8072","BECv10","ESSFxvw","ESSFxvw/01","C3"
"8073","BECv10","ESSFxvw","ESSFxvw/01","B4"
"8074","BECv10","ESSFxvw","ESSFxvw/02","D2"
"8075","BECv10","ESSFxvw","ESSFxvw/02","D1"
"8076","BECv10","ESSFxvw","ESSFxvw/02","D0"
"8077","BECv10","ESSFxvw","ESSFxvw/02","C2"
"8078","BECv10","ESSFxvw","ESSFxvw/02","C1"
"8079","BECv10","ESSFxvw","ESSFxvw/02","C0"
"8080","BECv10","ESSFxvw","ESSFxvw/02","B2"
"8081","BECv10","ESSFxvw","ESSFxvw/02","B1"
"8082","BECv10","ESSFxvw","ESSFxvw/02","B0"
"8083","BECv10","ESSFxvw","ESSFxvw/02","A1"
"8084","BECv10","ESSFxvw","ESSFxvw/02","A0"
"8085","BECv10","ESSFxvw","ESSFxvw/03","B2"
"8086","BECv10","ESSFxvw","ESSFxvw/03","B1"
"8087","BECv10","ESSFxvw","ESSFxvw/03","A2"
"8088","BECv10","ESSFxvw","ESSFxvw/03","A1"
"8089","BECv10","ESSFxvw","ESSFxvw/04","D3"
"8090","BECv10","ESSFxvw","ESSFxvw/04","D2"
"8091","BECv10","ESSFxvw","ESSFxvw/04","C3"
"8092","BECv10","ESSFxvw","ESSFxvw/04","C2"
"8093","BECv10","ESSFxvw","ESSFxvw/04","B3"
"8094","BECv10","ESSFxvw","ESSFxvw/04","B2"
"8095","BECv10","ESSFxvw","ESSFxvw/05","D3"
"8096","BECv10","ESSFxvw","ESSFxvw/05","D2"
"8097","BECv10","ESSFxvw","ESSFxvw/05","C3"
"8098","BECv10","ESSFxvw","ESSFxvw/05","C2"
"8099","BECv10","ESSFxvw","ESSFxvw/05","B3"
"8100","BECv10","ESSFxvw","ESSFxvw/05","B2"
"8101","BECv10","ESSFxvw","ESSFxvw/06","C4"
"8102","BECv10","ESSFxvw","ESSFxvw/06","C3"
"8103","BECv10","ESSFxvw","ESSFxvw/06","B4"
"8104","BECv10","ESSFxvw","ESSFxvw/06","B3"
"8105","BECv10","ESSFxvw","ESSFxvw/07","D5"
"8106","BECv10","ESSFxvw","ESSFxvw/07","D4"
"8107","BECv10","ESSFxvw","ESSFxvw/07","C6"
"8108","BECv10","ESSFxvw","ESSFxvw/07","C5"
"8109","BECv10","ESSFxvw","ESSFxvw/07","C4"
"8110","BECv10","ESSFxvw","ESSFxvw/07","B6"
"8111","BECv10","ESSFxvw","ESSFxvw/07","B5"
"8112","BECv10","ESSFxvw","ESSFxvw/07","B4"
"8113","BECv10","ESSFxvw","ESSFxvw/08","D7"
"8114","BECv10","ESSFxvw","ESSFxvw/08","D6"
"8115","BECv10","ESSFxvw","ESSFxvw/08","C7"
"8116","BECv10","ESSFxvw","ESSFxvw/08","C6"
"8117","BECv10","ESSFxvw","ESSFxvw/08","B7"
"8118","BECv10","ESSFxvw","ESSFxvw/08","B6"
"8119","BECv10","ESSFxvw","ESSFxvw/09","E7"
"8120","BECv10","ESSFxvw","ESSFxvw/09","E6"
"8121","BECv10","ESSFxvw","ESSFxvw/09","D7"
"8122","BECv10","ESSFxvw","ESSFxvw/09","D6"
"8123","BECv10","ESSFxvw","ESSFxvw/10","E7"
"8124","BECv10","ESSFxvw","ESSFxvw/10","E6"
"8125","BECv10","ESSFxvw","ESSFxvw/10","D7"
"8126","BECv10","ESSFxvw","ESSFxvw/10","D6"
"8127","BECv10","ESSFxvw","ESSFxvw/10","C7"
"8128","BECv10","ESSFxvw","ESSFxvw/10","C6"
"8129","USA_2019","ESSFxw_OR","ESSFxw_OR/101","D4"
"8130","USA_2019","ESSFxw_OR","ESSFxw_OR/101","D3"
"8131","USA_2019","ESSFxw_OR","ESSFxw_OR/101","C4"
"8132","USA_2019","ESSFxw_OR","ESSFxw_OR/101","C3"
"8133","USA_2019","ESSFxw_OR","ESSFxw_OR/101","B4"
"8134","USA_2019","ESSFxw_OR","ESSFxw_OR/101","B3"
"8135","USA_2019","ESSFxw_OR","ESSFxw_OR/102","D1"
"8136","USA_2019","ESSFxw_OR","ESSFxw_OR/102","C1"
"8137","USA_2019","ESSFxw_OR","ESSFxw_OR/102","B1"
"8138","USA_2019","ESSFxw_OR","ESSFxw_OR/102","A1"
"8139","USA_2019","ESSFxw_OR","ESSFxw_OR/103","D2"
"8140","USA_2019","ESSFxw_OR","ESSFxw_OR/103","C2"
"8141","USA_2019","ESSFxw_OR","ESSFxw_OR/103","B2"
"8142","USA_2019","ESSFxw_OR","ESSFxw_OR/103","A2"
"8143","USA_2019","ESSFxw_OR","ESSFxw_OR/110","E5"
"8144","USA_2019","ESSFxw_OR","ESSFxw_OR/110","D5"
"8145","USA_2019","ESSFxw_OR","ESSFxw_OR/110","C5"
"8146","USA_2019","ESSFxw_OR","ESSFxw_OR/110","B5"
"8147","USA_2019","ESSFxw_OR","ESSFxw_OR/111","E6"
"8148","USA_2019","ESSFxw_OR","ESSFxw_OR/111","D6"
"8149","USA_2019","ESSFxw_OR","ESSFxw_OR/111","C6"
"8150","USA_2019","ESSFxw_OR","ESSFxw_OR/111","B6"
"8151","Add_2021","ESSFxw_OR","ESSFxw_OR/Ro","A0"
"8152","Add_2021","ESSFxw_OR","ESSFxw_OR/Ro","B0"
"8153","USA_2019","ESSFxwp_OR","ESSFxwp_OR/00","E7"
"8154","USA_2019","ESSFxwp_OR","ESSFxwp_OR/00","E6"
"8155","USA_2019","ESSFxwp_OR","ESSFxwp_OR/00","E5"
"8156","USA_2019","ESSFxwp_OR","ESSFxwp_OR/00","E4"
"8157","USA_2019","ESSFxwp_OR","ESSFxwp_OR/00","E3"
"8158","USA_2019","ESSFxwp_OR","ESSFxwp_OR/00","E2"
"8159","USA_2019","ESSFxwp_OR","ESSFxwp_OR/00","E1"
"8160","USA_2019","ESSFxwp_OR","ESSFxwp_OR/00","E0"
"8161","USA_2019","ESSFxwp_OR","ESSFxwp_OR/00","D7"
"8162","USA_2019","ESSFxwp_OR","ESSFxwp_OR/00","D6"
"8163","USA_2019","ESSFxwp_OR","ESSFxwp_OR/00","D5"
"8164","USA_2019","ESSFxwp_OR","ESSFxwp_OR/00","D4"
"8165","USA_2019","ESSFxwp_OR","ESSFxwp_OR/00","D3"
"8166","USA_2019","ESSFxwp_OR","ESSFxwp_OR/00","D2"
"8167","USA_2019","ESSFxwp_OR","ESSFxwp_OR/00","D1"
"8168","USA_2019","ESSFxwp_OR","ESSFxwp_OR/00","D0"
"8169","USA_2019","ESSFxwp_OR","ESSFxwp_OR/00","C7"
"8170","USA_2019","ESSFxwp_OR","ESSFxwp_OR/00","C6"
"8171","USA_2019","ESSFxwp_OR","ESSFxwp_OR/00","C5"
"8172","USA_2019","ESSFxwp_OR","ESSFxwp_OR/00","C4"
"8173","USA_2019","ESSFxwp_OR","ESSFxwp_OR/00","C3"
"8174","USA_2019","ESSFxwp_OR","ESSFxwp_OR/00","C2"
"8175","USA_2019","ESSFxwp_OR","ESSFxwp_OR/00","C1"
"8176","USA_2019","ESSFxwp_OR","ESSFxwp_OR/00","C0"
"8177","USA_2019","ESSFxwp_OR","ESSFxwp_OR/00","B7"
"8178","USA_2019","ESSFxwp_OR","ESSFxwp_OR/00","B6"
"8179","USA_2019","ESSFxwp_OR","ESSFxwp_OR/00","B5"
"8180","USA_2019","ESSFxwp_OR","ESSFxwp_OR/00","B4"
"8181","USA_2019","ESSFxwp_OR","ESSFxwp_OR/00","B3"
"8182","USA_2019","ESSFxwp_OR","ESSFxwp_OR/00","B2"
"8183","USA_2019","ESSFxwp_OR","ESSFxwp_OR/00","B1"
"8184","USA_2019","ESSFxwp_OR","ESSFxwp_OR/00","B0"
"8185","USA_2019","ESSFxwp_OR","ESSFxwp_OR/00","A7"
"8186","USA_2019","ESSFxwp_OR","ESSFxwp_OR/00","A6"
"8187","USA_2019","ESSFxwp_OR","ESSFxwp_OR/00","A5"
"8188","USA_2019","ESSFxwp_OR","ESSFxwp_OR/00","A4"
"8189","USA_2019","ESSFxwp_OR","ESSFxwp_OR/00","A3"
"8190","USA_2019","ESSFxwp_OR","ESSFxwp_OR/00","A2"
"8191","USA_2019","ESSFxwp_OR","ESSFxwp_OR/00","A1"
"8192","USA_2019","ESSFxwp_OR","ESSFxwp_OR/00","A0"
"8193","USA_2020","ESSFxx_WY","ESSFxx_WY/101","D4"
"8194","USA_2020","ESSFxx_WY","ESSFxx_WY/101","D3"
"8195","USA_2020","ESSFxx_WY","ESSFxx_WY/101","C4"
"8196","USA_2020","ESSFxx_WY","ESSFxx_WY/101","C3"
"8197","USA_2020","ESSFxx_WY","ESSFxx_WY/101","B4"
"8198","USA_2020","ESSFxx_WY","ESSFxx_WY/101","B3"
"8199","USA_2020","ESSFxx_WY","ESSFxx_WY/102","D1"
"8200","USA_2020","ESSFxx_WY","ESSFxx_WY/102","C1"
"8201","USA_2020","ESSFxx_WY","ESSFxx_WY/102","B1"
"8202","USA_2020","ESSFxx_WY","ESSFxx_WY/102","A1"
"8203","USA_2020","ESSFxx_WY","ESSFxx_WY/103","D2"
"8204","USA_2020","ESSFxx_WY","ESSFxx_WY/103","C2"
"8205","USA_2020","ESSFxx_WY","ESSFxx_WY/103","B2"
"8206","USA_2020","ESSFxx_WY","ESSFxx_WY/103","A2"
"8207","USA_2020","ESSFxx_WY","ESSFxx_WY/110","E5"
"8208","USA_2020","ESSFxx_WY","ESSFxx_WY/110","D5"
"8209","USA_2020","ESSFxx_WY","ESSFxx_WY/110","C5"
"8210","USA_2020","ESSFxx_WY","ESSFxx_WY/110","B5"
"8211","USA_2020","ESSFxx_WY","ESSFxx_WY/111","E6"
"8212","USA_2020","ESSFxx_WY","ESSFxx_WY/111","D6"
"8213","USA_2020","ESSFxx_WY","ESSFxx_WY/111","C6"
"8214","USA_2020","ESSFxx_WY","ESSFxx_WY/111","B6"
"8215","Add_2021","ESSFxx_WY","ESSFxx_WY/Ro","A0"
"8216","Add_2021","ESSFxx_WY","ESSFxx_WY/Ro","B0"
"8217","USA_2020","ESSFxxp_WY","ESSFxxp_WY/00","E6"
"8218","USA_2020","ESSFxxp_WY","ESSFxxp_WY/00","E5"
"8219","USA_2020","ESSFxxp_WY","ESSFxxp_WY/00","D6"
"8220","USA_2020","ESSFxxp_WY","ESSFxxp_WY/00","D5"
"8221","USA_2020","ESSFxxp_WY","ESSFxxp_WY/00","D4"
"8222","USA_2020","ESSFxxp_WY","ESSFxxp_WY/00","D3"
"8223","USA_2020","ESSFxxp_WY","ESSFxxp_WY/00","D2"
"8224","USA_2020","ESSFxxp_WY","ESSFxxp_WY/00","D1"
"8225","USA_2020","ESSFxxp_WY","ESSFxxp_WY/00","C6"
"8226","USA_2020","ESSFxxp_WY","ESSFxxp_WY/00","C5"
"8227","USA_2020","ESSFxxp_WY","ESSFxxp_WY/00","C4"
"8228","USA_2020","ESSFxxp_WY","ESSFxxp_WY/00","C3"
"8229","USA_2020","ESSFxxp_WY","ESSFxxp_WY/00","C2"
"8230","USA_2020","ESSFxxp_WY","ESSFxxp_WY/00","C1"
"8231","USA_2020","ESSFxxp_WY","ESSFxxp_WY/00","B6"
"8232","USA_2020","ESSFxxp_WY","ESSFxxp_WY/00","B5"
"8233","USA_2020","ESSFxxp_WY","ESSFxxp_WY/00","B4"
"8234","USA_2020","ESSFxxp_WY","ESSFxxp_WY/00","B3"
"8235","USA_2020","ESSFxxp_WY","ESSFxxp_WY/00","B2"
"8236","USA_2020","ESSFxxp_WY","ESSFxxp_WY/00","B1"
"8237","USA_2020","ESSFxxp_WY","ESSFxxp_WY/00","A2"
"8238","USA_2020","ESSFxxp_WY","ESSFxxp_WY/00","A1"
"8239","Add_2021","ESSFxxp_WY","ESSFxxp_WY/Ro","A0"
"8240","Add_2021","ESSFxxp_WY","ESSFxxp_WY/Ro","B0"
"8241","AB_2018","FGff","FGff/00","E7"
"8242","AB_2018","FGff","FGff/00","E6"
"8243","AB_2018","FGff","FGff/00","E5"
"8244","AB_2018","FGff","FGff/00","E4"
"8245","AB_2018","FGff","FGff/00","E3"
"8246","AB_2018","FGff","FGff/00","E2"
"8247","AB_2018","FGff","FGff/00","E1"
"8248","AB_2018","FGff","FGff/00","E0"
"8249","AB_2018","FGff","FGff/00","D7"
"8250","AB_2018","FGff","FGff/00","D6"
"8251","AB_2018","FGff","FGff/00","D5"
"8252","AB_2018","FGff","FGff/00","D4"
"8253","AB_2018","FGff","FGff/00","D3"
"8254","AB_2018","FGff","FGff/00","D2"
"8255","AB_2018","FGff","FGff/00","D1"
"8256","AB_2018","FGff","FGff/00","D0"
"8257","AB_2018","FGff","FGff/00","C7"
"8258","AB_2018","FGff","FGff/00","C6"
"8259","AB_2018","FGff","FGff/00","C5"
"8260","AB_2018","FGff","FGff/00","C4"
"8261","AB_2018","FGff","FGff/00","C3"
"8262","AB_2018","FGff","FGff/00","C2"
"8263","AB_2018","FGff","FGff/00","C1"
"8264","AB_2018","FGff","FGff/00","C0"
"8265","AB_2018","FGff","FGff/00","B7"
"8266","AB_2018","FGff","FGff/00","B6"
"8267","AB_2018","FGff","FGff/00","B5"
"8268","AB_2018","FGff","FGff/00","B4"
"8269","AB_2018","FGff","FGff/00","B3"
"8270","AB_2018","FGff","FGff/00","B2"
"8271","AB_2018","FGff","FGff/00","B1"
"8272","AB_2018","FGff","FGff/00","B0"
"8273","AB_2018","FGff","FGff/00","A7"
"8274","AB_2018","FGff","FGff/00","A6"
"8275","AB_2018","FGff","FGff/00","A5"
"8276","AB_2018","FGff","FGff/00","A4"
"8277","AB_2018","FGff","FGff/00","A3"
"8278","AB_2018","FGff","FGff/00","A2"
"8279","AB_2018","FGff","FGff/00","A1"
"8280","AB_2018","FGff","FGff/00","A0"
"8281","AB_2018","FGnf","FGnf/00","E7"
"8282","AB_2018","FGnf","FGnf/00","E6"
"8283","AB_2018","FGnf","FGnf/00","E5"
"8284","AB_2018","FGnf","FGnf/00","E4"
"8285","AB_2018","FGnf","FGnf/00","E3"
"8286","AB_2018","FGnf","FGnf/00","E2"
"8287","AB_2018","FGnf","FGnf/00","E1"
"8288","AB_2018","FGnf","FGnf/00","E0"
"8289","AB_2018","FGnf","FGnf/00","D7"
"8290","AB_2018","FGnf","FGnf/00","D6"
"8291","AB_2018","FGnf","FGnf/00","D5"
"8292","AB_2018","FGnf","FGnf/00","D4"
"8293","AB_2018","FGnf","FGnf/00","D3"
"8294","AB_2018","FGnf","FGnf/00","D2"
"8295","AB_2018","FGnf","FGnf/00","D1"
"8296","AB_2018","FGnf","FGnf/00","D0"
"8297","AB_2018","FGnf","FGnf/00","C7"
"8298","AB_2018","FGnf","FGnf/00","C6"
"8299","AB_2018","FGnf","FGnf/00","C5"
"8300","AB_2018","FGnf","FGnf/00","C4"
"8301","AB_2018","FGnf","FGnf/00","C3"
"8302","AB_2018","FGnf","FGnf/00","C2"
"8303","AB_2018","FGnf","FGnf/00","C1"
"8304","AB_2018","FGnf","FGnf/00","C0"
"8305","AB_2018","FGnf","FGnf/00","B7"
"8306","AB_2018","FGnf","FGnf/00","B6"
"8307","AB_2018","FGnf","FGnf/00","B5"
"8308","AB_2018","FGnf","FGnf/00","B4"
"8309","AB_2018","FGnf","FGnf/00","B3"
"8310","AB_2018","FGnf","FGnf/00","B2"
"8311","AB_2018","FGnf","FGnf/00","B1"
"8312","AB_2018","FGnf","FGnf/00","B0"
"8313","AB_2018","FGnf","FGnf/00","A7"
"8314","AB_2018","FGnf","FGnf/00","A6"
"8315","AB_2018","FGnf","FGnf/00","A5"
"8316","AB_2018","FGnf","FGnf/00","A4"
"8317","AB_2018","FGnf","FGnf/00","A3"
"8318","AB_2018","FGnf","FGnf/00","A2"
"8319","AB_2018","FGnf","FGnf/00","A1"
"8320","AB_2018","FGnf","FGnf/00","A0"
"8321","USA_2019","GBDdw_UT","GBDdw_UT/110","E5"
"8322","USA_2019","GBDdw_UT","GBDdw_UT/110","D5"
"8323","USA_2019","GBDdw_UT","GBDdw_UT/110","C5"
"8324","USA_2019","GBDdw_UT","GBDdw_UT/110","B5"
"8325","USA_2019","GBDdw_UT","GBDdw_UT/111","E6"
"8326","USA_2019","GBDdw_UT","GBDdw_UT/111","D6"
"8327","USA_2019","GBDdw_UT","GBDdw_UT/111","C6"
"8328","USA_2019","GBDdw_UT","GBDdw_UT/111","B6"
"8329","USA_2019","GBDdw_UT","GBDdw_UT/Gg","D4"
"8330","USA_2019","GBDdw_UT","GBDdw_UT/Gg","D3"
"8331","USA_2019","GBDdw_UT","GBDdw_UT/Gg","D2"
"8332","USA_2019","GBDdw_UT","GBDdw_UT/Gg","D1"
"8333","USA_2019","GBDdw_UT","GBDdw_UT/Gg","C4"
"8334","USA_2019","GBDdw_UT","GBDdw_UT/Gg","C3"
"8335","USA_2019","GBDdw_UT","GBDdw_UT/Gg","C2"
"8336","USA_2019","GBDdw_UT","GBDdw_UT/Gg","C1"
"8337","USA_2019","GBDdw_UT","GBDdw_UT/Gg","B4"
"8338","USA_2019","GBDdw_UT","GBDdw_UT/Gg","B3"
"8339","USA_2019","GBDdw_UT","GBDdw_UT/Gg","B2"
"8340","USA_2019","GBDdw_UT","GBDdw_UT/Gg","B1"
"8341","USA_2019","GBDdw_UT","GBDdw_UT/Gg","A2"
"8342","USA_2019","GBDdw_UT","GBDdw_UT/Gg","A1"
"8343","Add_2021","GBDdw_UT","GBDdw_UT/Ro","A0"
"8344","Add_2021","GBDdw_UT","GBDdw_UT/Ro","B0"
"8345","USA_2019","GBDxh_NV","GBDxh_NV/110","E5"
"8346","USA_2019","GBDxh_NV","GBDxh_NV/110","D5"
"8347","USA_2019","GBDxh_NV","GBDxh_NV/110","C5"
"8348","USA_2019","GBDxh_NV","GBDxh_NV/110","B5"
"8349","USA_2019","GBDxh_NV","GBDxh_NV/111","E6"
"8350","USA_2019","GBDxh_NV","GBDxh_NV/111","D6"
"8351","USA_2019","GBDxh_NV","GBDxh_NV/111","C6"
"8352","USA_2019","GBDxh_NV","GBDxh_NV/111","B6"
"8353","USA_2019","GBDxh_NV","GBDxh_NV/Gg","D2"
"8354","USA_2019","GBDxh_NV","GBDxh_NV/Gg","D1"
"8355","USA_2019","GBDxh_NV","GBDxh_NV/Gg","C2"
"8356","USA_2019","GBDxh_NV","GBDxh_NV/Gg","C1"
"8357","USA_2019","GBDxh_NV","GBDxh_NV/Gg","B2"
"8358","USA_2019","GBDxh_NV","GBDxh_NV/Gg","B1"
"8359","USA_2019","GBDxh_NV","GBDxh_NV/Gg","A2"
"8360","USA_2019","GBDxh_NV","GBDxh_NV/Gg","A1"
"8361","USA_2019","GBDxh_NV","GBDxh_NV/Gs","D4"
"8362","USA_2019","GBDxh_NV","GBDxh_NV/Gs","D3"
"8363","USA_2019","GBDxh_NV","GBDxh_NV/Gs","C4"
"8364","USA_2019","GBDxh_NV","GBDxh_NV/Gs","C3"
"8365","USA_2019","GBDxh_NV","GBDxh_NV/Gs","B4"
"8366","USA_2019","GBDxh_NV","GBDxh_NV/Gs","B3"
"8367","Add_2021","GBDxh_NV","GBDxh_NV/Ro","A0"
"8368","Add_2021","GBDxh_NV","GBDxh_NV/Ro","B0"
"8369","USA_2019","GBDxx_UT","GBDxx_UT/110","E5"
"8370","USA_2019","GBDxx_UT","GBDxx_UT/110","D5"
"8371","USA_2019","GBDxx_UT","GBDxx_UT/110","C5"
"8372","USA_2019","GBDxx_UT","GBDxx_UT/110","B5"
"8373","USA_2019","GBDxx_UT","GBDxx_UT/111","E6"
"8374","USA_2019","GBDxx_UT","GBDxx_UT/111","D6"
"8375","USA_2019","GBDxx_UT","GBDxx_UT/111","C6"
"8376","USA_2019","GBDxx_UT","GBDxx_UT/111","B6"
"8377","USA_2019","GBDxx_UT","GBDxx_UT/Gg","D2"
"8378","USA_2019","GBDxx_UT","GBDxx_UT/Gg","D1"
"8379","USA_2019","GBDxx_UT","GBDxx_UT/Gg","C2"
"8380","USA_2019","GBDxx_UT","GBDxx_UT/Gg","C1"
"8381","USA_2019","GBDxx_UT","GBDxx_UT/Gg","B2"
"8382","USA_2019","GBDxx_UT","GBDxx_UT/Gg","B1"
"8383","USA_2019","GBDxx_UT","GBDxx_UT/Gg","A2"
"8384","USA_2019","GBDxx_UT","GBDxx_UT/Gg","A1"
"8385","USA_2019","GBDxx_UT","GBDxx_UT/Gs","D4"
"8386","USA_2019","GBDxx_UT","GBDxx_UT/Gs","D3"
"8387","USA_2019","GBDxx_UT","GBDxx_UT/Gs","C4"
"8388","USA_2019","GBDxx_UT","GBDxx_UT/Gs","C3"
"8389","USA_2019","GBDxx_UT","GBDxx_UT/Gs","B4"
"8390","USA_2019","GBDxx_UT","GBDxx_UT/Gs","B3"
"8391","Add_2021","GBDxx_UT","GBDxx_UT/Ro","A0"
"8392","Add_2021","GBDxx_UT","GBDxx_UT/Ro","B0"
"8393","USA_2019","ICHdh_ID","ICHdh_ID/101","D4"
"8394","USA_2019","ICHdh_ID","ICHdh_ID/101","D3"
"8395","USA_2019","ICHdh_ID","ICHdh_ID/101","C4"
"8396","USA_2019","ICHdh_ID","ICHdh_ID/101","C3"
"8397","USA_2019","ICHdh_ID","ICHdh_ID/101","B4"
"8398","USA_2019","ICHdh_ID","ICHdh_ID/101","B3"
"8399","USA_2019","ICHdh_ID","ICHdh_ID/102","D1"
"8400","USA_2019","ICHdh_ID","ICHdh_ID/102","C1"
"8401","USA_2019","ICHdh_ID","ICHdh_ID/102","B1"
"8402","USA_2019","ICHdh_ID","ICHdh_ID/102","A1"
"8403","USA_2019","ICHdh_ID","ICHdh_ID/103","D2"
"8404","USA_2019","ICHdh_ID","ICHdh_ID/103","C2"
"8405","USA_2019","ICHdh_ID","ICHdh_ID/103","B2"
"8406","USA_2019","ICHdh_ID","ICHdh_ID/103","A2"
"8407","USA_2019","ICHdh_ID","ICHdh_ID/110","C5"
"8408","USA_2019","ICHdh_ID","ICHdh_ID/110","B5"
"8409","USA_2019","ICHdh_ID","ICHdh_ID/111","C6"
"8410","USA_2019","ICHdh_ID","ICHdh_ID/111","B6"
"8411","USA_2019","ICHdh_ID","ICHdh_ID/112","E5"
"8412","USA_2019","ICHdh_ID","ICHdh_ID/112","D5"
"8413","USA_2019","ICHdh_ID","ICHdh_ID/113","E6"
"8414","USA_2019","ICHdh_ID","ICHdh_ID/113","D6"
"8415","Add_2021","ICHdh_ID","ICHdh_ID/Ro","A0"
"8416","Add_2021","ICHdh_ID","ICHdh_ID/Ro","B0"
"8417","BECv10","ICHdk","ICHdk/01","D4"
"8418","BECv10","ICHdk","ICHdk/01","D3"
"8419","BECv10","ICHdk","ICHdk/01","C4"
"8420","BECv10","ICHdk","ICHdk/01","C3"
"8421","BECv10","ICHdk","ICHdk/01","B4"
"8422","BECv10","ICHdk","ICHdk/01","B3"
"8423","BECv10","ICHdk","ICHdk/02","D2"
"8424","BECv10","ICHdk","ICHdk/02","D1"
"8425","BECv10","ICHdk","ICHdk/02","C2"
"8426","BECv10","ICHdk","ICHdk/02","C1"
"8427","BECv10","ICHdk","ICHdk/02","B2"
"8428","BECv10","ICHdk","ICHdk/02","B1"
"8429","BECv10","ICHdk","ICHdk/02","A2"
"8430","BECv10","ICHdk","ICHdk/02","A1"
"8431","BECv10","ICHdk","ICHdk/02a","D2"
"8432","BECv10","ICHdk","ICHdk/02a","D1"
"8433","BECv10","ICHdk","ICHdk/02a","C2"
"8434","BECv10","ICHdk","ICHdk/02a","B2"
"8435","BECv10","ICHdk","ICHdk/02a","A2"
"8436","BECv10","ICHdk","ICHdk/02b","D1"
"8437","BECv10","ICHdk","ICHdk/02b","C1"
"8438","BECv10","ICHdk","ICHdk/02b","B2"
"8439","BECv10","ICHdk","ICHdk/02b","B1"
"8440","BECv10","ICHdk","ICHdk/02b","A2"
"8441","BECv10","ICHdk","ICHdk/02b","A1"
"8442","BECv10","ICHdk","ICHdk/03","B3"
"8443","BECv10","ICHdk","ICHdk/03","B2"
"8444","BECv10","ICHdk","ICHdk/03","A3"
"8445","BECv10","ICHdk","ICHdk/03","A2"
"8446","BECv10","ICHdk","ICHdk/04","D3"
"8447","BECv10","ICHdk","ICHdk/04","C3"
"8448","BECv10","ICHdk","ICHdk/04","B3"
"8449","BECv10","ICHdk","ICHdk/05","E5"
"8450","BECv10","ICHdk","ICHdk/05","D5"
"8451","BECv10","ICHdk","ICHdk/05","C5"
"8452","BECv10","ICHdk","ICHdk/06","E5"
"8453","BECv10","ICHdk","ICHdk/06","D5"
"8454","BECv10","ICHdk","ICHdk/06","C5"
"8455","BECv10","ICHdk","ICHdk/07","C5"
"8456","BECv10","ICHdk","ICHdk/07","B5"
"8457","BECv10","ICHdk","ICHdk/08","E7"
"8458","BECv10","ICHdk","ICHdk/08","E6"
"8459","BECv10","ICHdk","ICHdk/08","E5"
"8460","BECv10","ICHdk","ICHdk/08","D6"
"8461","BECv10","ICHdk","ICHdk/08","D5"
"8462","BECv10","ICHdk","ICHdk/08","C6"
"8463","BECv10","ICHdk","ICHdk/08","C5"
"8464","BECv10","ICHdk","ICHdk/09","E7"
"8465","BECv10","ICHdk","ICHdk/09","D7"
"8466","BECv10","ICHdk","ICHdk/09","D6"
"8467","BECv10","ICHdk","ICHdk/09","C7"
"8468","BECv10","ICHdk","ICHdk/09","C6"
"8469","BECv10","ICHdk","ICHdk/09","B7"
"8470","BECv10","ICHdk","ICHdk/09","B6"
"8471","Add_2021","ICHdk","ICHdk/Ro","A0"
"8472","Add_2021","ICHdk","ICHdk/Ro","B0"
"8473","BECv10","ICHdm","ICHdm/101","D4"
"8474","BECv10","ICHdm","ICHdm/101","C4"
"8475","BECv10","ICHdm","ICHdm/101","C3"
"8476","BECv10","ICHdm","ICHdm/101","B4"
"8477","BECv10","ICHdm","ICHdm/102","B2"
"8478","BECv10","ICHdm","ICHdm/102","B1"
"8479","BECv10","ICHdm","ICHdm/102","A2"
"8480","BECv10","ICHdm","ICHdm/102","A1"
"8481","BECv10","ICHdm","ICHdm/102a","B1"
"8482","BECv10","ICHdm","ICHdm/102a","A1"
"8483","BECv10","ICHdm","ICHdm/102b","B2"
"8484","BECv10","ICHdm","ICHdm/102b","A2"
"8485","BECv10","ICHdm","ICHdm/103","C3"
"8486","BECv10","ICHdm","ICHdm/103","C2"
"8487","BECv10","ICHdm","ICHdm/103","B3"
"8488","BECv10","ICHdm","ICHdm/103","B2"
"8489","BECv10","ICHdm","ICHdm/110","D5"
"8490","BECv10","ICHdm","ICHdm/110","D4"
"8491","BECv10","ICHdm","ICHdm/110","C5"
"8492","BECv10","ICHdm","ICHdm/111","D6"
"8493","BECv10","ICHdm","ICHdm/111","D5"
"8494","BECv10","ICHdm","ICHdm/111","C6"
"8495","BECv10","ICHdm","ICHdm/111","C5"
"8496","BECv10","ICHdm","ICHdm/112","E7"
"8497","BECv10","ICHdm","ICHdm/112","E6"
"8498","BECv10","ICHdm","ICHdm/112","D7"
"8499","BECv10","ICHdm","ICHdm/112","D6"
"8500","BECv10","ICHdm","ICHdm/112","C7"
"8501","BECv10","ICHdm","ICHdm/112","C6"
"8502","BECv12","ICHdm","ICHdm/Fm01","E5"
"8503","BECv12","ICHdm","ICHdm/Fm01","E6"
"8504","BECv12","ICHdm","ICHdm/Fm02","E5"
"8505","BECv12","ICHdm","ICHdm/Fm02","E6"
"8506","BECv12","ICHdm","ICHdm/Fm04","E5"
"8507","BECv12","ICHdm","ICHdm/Fm04","E6"
"8508","Add_2021","ICHdm","ICHdm/Ro","A0"
"8509","Add_2021","ICHdm","ICHdm/Ro","B0"
"8510","USA_2019","ICHdw_ID","ICHdw_ID/101","D4"
"8511","USA_2019","ICHdw_ID","ICHdw_ID/101","D3"
"8512","USA_2019","ICHdw_ID","ICHdw_ID/101","C4"
"8513","USA_2019","ICHdw_ID","ICHdw_ID/101","C3"
"8514","USA_2019","ICHdw_ID","ICHdw_ID/101","B4"
"8515","USA_2019","ICHdw_ID","ICHdw_ID/101","B3"
"8516","USA_2019","ICHdw_ID","ICHdw_ID/102","D1"
"8517","USA_2019","ICHdw_ID","ICHdw_ID/102","C1"
"8518","USA_2019","ICHdw_ID","ICHdw_ID/102","B1"
"8519","USA_2019","ICHdw_ID","ICHdw_ID/102","A1"
"8520","USA_2019","ICHdw_ID","ICHdw_ID/103","D2"
"8521","USA_2019","ICHdw_ID","ICHdw_ID/103","C2"
"8522","USA_2019","ICHdw_ID","ICHdw_ID/103","B2"
"8523","USA_2019","ICHdw_ID","ICHdw_ID/103","A2"
"8524","USA_2019","ICHdw_ID","ICHdw_ID/110","C5"
"8525","USA_2019","ICHdw_ID","ICHdw_ID/110","B5"
"8526","USA_2019","ICHdw_ID","ICHdw_ID/111","C6"
"8527","USA_2019","ICHdw_ID","ICHdw_ID/111","B6"
"8528","USA_2019","ICHdw_ID","ICHdw_ID/112","E5"
"8529","USA_2019","ICHdw_ID","ICHdw_ID/112","D5"
"8530","USA_2019","ICHdw_ID","ICHdw_ID/113","E6"
"8531","USA_2019","ICHdw_ID","ICHdw_ID/113","D6"
"8532","Add_2021","ICHdw_ID","ICHdw_ID/Ro","A0"
"8533","Add_2021","ICHdw_ID","ICHdw_ID/Ro","B0"
"8534","BECv10","ICHdw1","ICHdw1/101","D4"
"8535","BECv10","ICHdw1","ICHdw1/101","D3"
"8536","BECv10","ICHdw1","ICHdw1/101","C4"
"8537","BECv10","ICHdw1","ICHdw1/101","C3"
"8538","BECv10","ICHdw1","ICHdw1/101","B4"
"8539","BECv10","ICHdw1","ICHdw1/102","B2"
"8540","BECv10","ICHdw1","ICHdw1/102","B1"
"8541","BECv10","ICHdw1","ICHdw1/102","A2"
"8542","BECv10","ICHdw1","ICHdw1/102","A1"
"8543","BECv10","ICHdw1","ICHdw1/103","D2"
"8544","BECv10","ICHdw1","ICHdw1/103","C2"
"8545","BECv10","ICHdw1","ICHdw1/103","B2"
"8546","BECv10","ICHdw1","ICHdw1/104","D3"
"8547","BECv10","ICHdw1","ICHdw1/104","D2"
"8548","BECv10","ICHdw1","ICHdw1/104","C3"
"8549","BECv10","ICHdw1","ICHdw1/104","C2"
"8550","BECv10","ICHdw1","ICHdw1/104","B3"
"8551","BECv10","ICHdw1","ICHdw1/110","D5"
"8552","BECv10","ICHdw1","ICHdw1/110","C5"
"8553","BECv10","ICHdw1","ICHdw1/111","D6"
"8554","BECv10","ICHdw1","ICHdw1/111","D5"
"8555","BECv10","ICHdw1","ICHdw1/111","C6"
"8556","BECv10","ICHdw1","ICHdw1/112","D7"
"8557","BECv10","ICHdw1","ICHdw1/112","D6"
"8558","BECv10","ICHdw1","ICHdw1/112","C7"
"8559","BECv10","ICHdw1","ICHdw1/112","C6"
"8560","BECv10","ICHdw1","ICHdw1/113","E7"
"8561","BECv10","ICHdw1","ICHdw1/113","E6"
"8562","BECv10","ICHdw1","ICHdw1/113","D7"
"8563","BECv10","ICHdw1","ICHdw1/113","D6"
"8564","BECv12","ICHdw1","ICHdw1/Fm01","E5"
"8565","BECv12","ICHdw1","ICHdw1/Fm01","E6"
"8566","BECv12","ICHdw1","ICHdw1/Fm02","E5"
"8567","BECv12","ICHdw1","ICHdw1/Fm02","E6"
"8568","BECv12","ICHdw1","ICHdw1/Fm04","E5"
"8569","BECv12","ICHdw1","ICHdw1/Fm04","E6"
"8570","Add_2021","ICHdw1","ICHdw1/Ro","A0"
"8571","Add_2021","ICHdw1","ICHdw1/Ro","B0"
"8572","BECv10","ICHdw3","ICHdw3/01","E4"
"8573","BECv10","ICHdw3","ICHdw3/01","D4"
"8574","BECv10","ICHdw3","ICHdw3/01","C4"
"8575","BECv10","ICHdw3","ICHdw3/01","B4"
"8576","BECv10","ICHdw3","ICHdw3/01","A4"
"8577","BECv10","ICHdw3","ICHdw3/02","C1"
"8578","BECv10","ICHdw3","ICHdw3/02","C0"
"8579","BECv10","ICHdw3","ICHdw3/02","B2"
"8580","BECv10","ICHdw3","ICHdw3/02","B1"
"8581","BECv10","ICHdw3","ICHdw3/02","B0"
"8582","BECv10","ICHdw3","ICHdw3/02","A2"
"8583","BECv10","ICHdw3","ICHdw3/02","A1"
"8584","BECv10","ICHdw3","ICHdw3/02","A0"
"8585","BECv10","ICHdw3","ICHdw3/03","E3"
"8586","BECv10","ICHdw3","ICHdw3/03","E2"
"8587","BECv10","ICHdw3","ICHdw3/03","E1"
"8588","BECv10","ICHdw3","ICHdw3/03","D3"
"8589","BECv10","ICHdw3","ICHdw3/03","D2"
"8590","BECv10","ICHdw3","ICHdw3/03","D1"
"8591","BECv10","ICHdw3","ICHdw3/03","C3"
"8592","BECv10","ICHdw3","ICHdw3/03","C2"
"8593","BECv10","ICHdw3","ICHdw3/03","C1"
"8594","BECv10","ICHdw3","ICHdw3/03","B3"
"8595","BECv10","ICHdw3","ICHdw3/03","B2"
"8596","BECv10","ICHdw3","ICHdw3/03","B1"
"8597","BECv10","ICHdw3","ICHdw3/04","C4"
"8598","BECv10","ICHdw3","ICHdw3/04","C3"
"8599","BECv10","ICHdw3","ICHdw3/04","C2"
"8600","BECv10","ICHdw3","ICHdw3/04","B4"
"8601","BECv10","ICHdw3","ICHdw3/04","B3"
"8602","BECv10","ICHdw3","ICHdw3/04","B2"
"8603","BECv10","ICHdw3","ICHdw3/04","A4"
"8604","BECv10","ICHdw3","ICHdw3/04","A3"
"8605","BECv10","ICHdw3","ICHdw3/04","A2"
"8606","BECv10","ICHdw3","ICHdw3/05","E4"
"8607","BECv10","ICHdw3","ICHdw3/05","E3"
"8608","BECv10","ICHdw3","ICHdw3/05","E2"
"8609","BECv10","ICHdw3","ICHdw3/05","D4"
"8610","BECv10","ICHdw3","ICHdw3/05","D3"
"8611","BECv10","ICHdw3","ICHdw3/05","D2"
"8612","BECv10","ICHdw3","ICHdw3/05","C4"
"8613","BECv10","ICHdw3","ICHdw3/05","C3"
"8614","BECv10","ICHdw3","ICHdw3/05","C2"
"8615","BECv10","ICHdw3","ICHdw3/05","B4"
"8616","BECv10","ICHdw3","ICHdw3/05","B3"
"8617","BECv10","ICHdw3","ICHdw3/05","B2"
"8618","BECv10","ICHdw3","ICHdw3/06","E5"
"8619","BECv10","ICHdw3","ICHdw3/06","E4"
"8620","BECv10","ICHdw3","ICHdw3/06","D5"
"8621","BECv10","ICHdw3","ICHdw3/06","D4"
"8622","BECv10","ICHdw3","ICHdw3/06","C5"
"8623","BECv10","ICHdw3","ICHdw3/06","C4"
"8624","BECv10","ICHdw3","ICHdw3/06","B5"
"8625","BECv10","ICHdw3","ICHdw3/06","B4"
"8626","BECv10","ICHdw3","ICHdw3/07","E6"
"8627","BECv10","ICHdw3","ICHdw3/07","E5"
"8628","BECv10","ICHdw3","ICHdw3/07","D6"
"8629","BECv10","ICHdw3","ICHdw3/07","D5"
"8630","BECv10","ICHdw3","ICHdw3/07","C6"
"8631","BECv10","ICHdw3","ICHdw3/07","C5"
"8632","BECv10","ICHdw3","ICHdw3/07","B5"
"8633","BECv10","ICHdw3","ICHdw3/08","E6"
"8634","BECv10","ICHdw3","ICHdw3/08","D6"
"8635","BECv10","ICHdw3","ICHdw3/08","C6"
"8636","BECv10","ICHdw3","ICHdw3/08","C5"
"8637","BECv10","ICHdw3","ICHdw3/08","B6"
"8638","BECv10","ICHdw3","ICHdw3/08","B5"
"8639","BECv10","ICHdw3","ICHdw3/09","D7"
"8640","BECv10","ICHdw3","ICHdw3/09","D6"
"8641","BECv10","ICHdw3","ICHdw3/09","C7"
"8642","BECv10","ICHdw3","ICHdw3/09","C6"
"8643","BECv10","ICHdw3","ICHdw3/09","B7"
"8644","BECv10","ICHdw3","ICHdw3/09","B6"
"8645","BECv10","ICHdw3","ICHdw3/09","A7"
"8646","BECv10","ICHdw3","ICHdw3/09","A6"
"8647","Add_2021","ICHdw3","ICHdw3/Ro","A0"
"8648","Add_2021","ICHdw3","ICHdw3/Ro","B0"
"8649","BECv10","ICHdw4","ICHdw4/101","D4"
"8650","BECv10","ICHdw4","ICHdw4/101","C4"
"8651","BECv10","ICHdw4","ICHdw4/101","B4"
"8652","BECv10","ICHdw4","ICHdw4/102","C1"
"8653","BECv10","ICHdw4","ICHdw4/102","B2"
"8654","BECv10","ICHdw4","ICHdw4/102","B1"
"8655","BECv10","ICHdw4","ICHdw4/102","A2"
"8656","BECv10","ICHdw4","ICHdw4/102","A1"
"8657","BECv10","ICHdw4","ICHdw4/103","D2"
"8658","BECv10","ICHdw4","ICHdw4/103","C2"
"8659","BECv10","ICHdw4","ICHdw4/103","C1"
"8660","BECv10","ICHdw4","ICHdw4/103","B2"
"8661","BECv10","ICHdw4","ICHdw4/104","D3"
"8662","BECv10","ICHdw4","ICHdw4/104","D2"
"8663","BECv10","ICHdw4","ICHdw4/104","C3"
"8664","BECv10","ICHdw4","ICHdw4/104","C2"
"8665","BECv10","ICHdw4","ICHdw4/104","B3"
"8666","BECv10","ICHdw4","ICHdw4/110","D6"
"8667","BECv10","ICHdw4","ICHdw4/110","D5"
"8668","BECv10","ICHdw4","ICHdw4/110","C6"
"8669","BECv10","ICHdw4","ICHdw4/110","C5"
"8670","BECv10","ICHdw4","ICHdw4/111","E6"
"8671","BECv10","ICHdw4","ICHdw4/111","D6"
"8672","BECv10","ICHdw4","ICHdw4/111","C6"
"8673","BECv10","ICHdw4","ICHdw4/112","E6"
"8674","BECv10","ICHdw4","ICHdw4/112","D6"
"8675","BECv10","ICHdw4","ICHdw4/112","C6"
"8676","BECv12","ICHdw4","ICHdw4/Fm01","E5"
"8677","BECv12","ICHdw4","ICHdw4/Fm01","E6"
"8678","BECv12","ICHdw4","ICHdw4/Fm02","E5"
"8679","BECv12","ICHdw4","ICHdw4/Fm02","E6"
"8680","BECv12","ICHdw4","ICHdw4/Fm04","E5"
"8681","BECv12","ICHdw4","ICHdw4/Fm04","E6"
"8682","Add_2021","ICHdw4","ICHdw4/Ro","A0"
"8683","Add_2021","ICHdw4","ICHdw4/Ro","B0"
"8684","BECv10","ICHmc1","ICHmc1/01","C4"
"8685","BECv10","ICHmc1","ICHmc1/01","C3"
"8686","BECv10","ICHmc1","ICHmc1/01","B5"
"8687","BECv10","ICHmc1","ICHmc1/01","B4"
"8688","BECv10","ICHmc1","ICHmc1/01","B3"
"8689","BECv10","ICHmc1","ICHmc1/01a","C4"
"8690","BECv10","ICHmc1","ICHmc1/01a","B5"
"8691","BECv10","ICHmc1","ICHmc1/01a","B4"
"8692","BECv10","ICHmc1","ICHmc1/01b","C3"
"8693","BECv10","ICHmc1","ICHmc1/01b","B3"
"8694","BECv10","ICHmc1","ICHmc1/02","C2"
"8695","BECv10","ICHmc1","ICHmc1/02","C1"
"8696","BECv10","ICHmc1","ICHmc1/02","B2"
"8697","BECv10","ICHmc1","ICHmc1/02","B1"
"8698","BECv10","ICHmc1","ICHmc1/02","A3"
"8699","BECv10","ICHmc1","ICHmc1/02","A2"
"8700","BECv10","ICHmc1","ICHmc1/02","A1"
"8701","BECv10","ICHmc1","ICHmc1/03","E4"
"8702","BECv10","ICHmc1","ICHmc1/03","D5"
"8703","BECv10","ICHmc1","ICHmc1/03","D4"
"8704","BECv10","ICHmc1","ICHmc1/03","C5"
"8705","BECv10","ICHmc1","ICHmc1/04","E6"
"8706","BECv10","ICHmc1","ICHmc1/04","E5"
"8707","BECv10","ICHmc1","ICHmc1/04","D6"
"8708","BECv10","ICHmc1","ICHmc1/04","D5"
"8709","BECv10","ICHmc1","ICHmc1/04","C6"
"8710","BECv10","ICHmc1","ICHmc1/05","E6"
"8711","BECv10","ICHmc1","ICHmc1/05","E5"
"8712","BECv10","ICHmc1","ICHmc1/05","E4"
"8713","BECv10","ICHmc1","ICHmc1/06","E7"
"8714","BECv10","ICHmc1","ICHmc1/06","E6"
"8715","BECv10","ICHmc1","ICHmc1/06","D7"
"8716","BECv10","ICHmc1","ICHmc1/06","D6"
"8717","BECv10","ICHmc1","ICHmc1/06","C7"
"8718","BECv10","ICHmc1","ICHmc1/06","C6"
"8719","Add_2021","ICHmc1","ICHmc1/Ro","A0"
"8720","Add_2021","ICHmc1","ICHmc1/Ro","B0"
"8721","BECv10","ICHmc1a","ICHmc1a/01","C4"
"8722","BECv10","ICHmc1a","ICHmc1a/01","C3"
"8723","BECv10","ICHmc1a","ICHmc1a/01","C2"
"8724","BECv10","ICHmc1a","ICHmc1a/01","B4"
"8725","BECv10","ICHmc1a","ICHmc1a/01","B3"
"8726","BECv10","ICHmc1a","ICHmc1a/01","B2"
"8727","BECv10","ICHmc1a","ICHmc1a/01a","C4"
"8728","BECv10","ICHmc1a","ICHmc1a/01a","B4"
"8729","BECv10","ICHmc1a","ICHmc1a/01b","C3"
"8730","BECv10","ICHmc1a","ICHmc1a/01b","C2"
"8731","BECv10","ICHmc1a","ICHmc1a/01b","B3"
"8732","BECv10","ICHmc1a","ICHmc1a/01b","B2"
"8733","BECv10","ICHmc1a","ICHmc1a/02","D5"
"8734","BECv10","ICHmc1a","ICHmc1a/02","D4"
"8735","BECv10","ICHmc1a","ICHmc1a/02","C5"
"8736","BECv10","ICHmc1a","ICHmc1a/03","E6"
"8737","BECv10","ICHmc1a","ICHmc1a/03","E5"
"8738","BECv10","ICHmc1a","ICHmc1a/03","D6"
"8739","Add_2021","ICHmc1a","ICHmc1a/Ro","A0"
"8740","Add_2021","ICHmc1a","ICHmc1a/Ro","B0"
"8741","BECv10","ICHmc2","ICHmc2/01","C4"
"8742","BECv10","ICHmc2","ICHmc2/01","C3"
"8743","BECv10","ICHmc2","ICHmc2/01","B5"
"8744","BECv10","ICHmc2","ICHmc2/01","B4"
"8745","BECv10","ICHmc2","ICHmc2/01","B3"
"8746","BECv10","ICHmc2","ICHmc2/01a.1","C4"
"8747","BECv10","ICHmc2","ICHmc2/01a.1","B5"
"8748","BECv10","ICHmc2","ICHmc2/01a.1","B4"
"8749","BECv10","ICHmc2","ICHmc2/01a.2","C4"
"8750","BECv10","ICHmc2","ICHmc2/01a.2","B5"
"8751","BECv10","ICHmc2","ICHmc2/01a.2","B4"
"8752","BECv10","ICHmc2","ICHmc2/01b.1","C3"
"8753","BECv10","ICHmc2","ICHmc2/01b.1","B3"
"8754","BECv10","ICHmc2","ICHmc2/01b.2","C3"
"8755","BECv10","ICHmc2","ICHmc2/01b.2","B3"
"8756","BECv10","ICHmc2","ICHmc2/02","C2"
"8757","BECv10","ICHmc2","ICHmc2/02","C1"
"8758","BECv10","ICHmc2","ICHmc2/02","B2"
"8759","BECv10","ICHmc2","ICHmc2/02","B1"
"8760","BECv10","ICHmc2","ICHmc2/02","A2"
"8761","BECv10","ICHmc2","ICHmc2/02","A1"
"8762","BECv10","ICHmc2","ICHmc2/03","E4"
"8763","BECv10","ICHmc2","ICHmc2/03","D5"
"8764","BECv10","ICHmc2","ICHmc2/03","D4"
"8765","BECv10","ICHmc2","ICHmc2/03","C5"
"8766","BECv10","ICHmc2","ICHmc2/04","D5"
"8767","BECv10","ICHmc2","ICHmc2/05","E6"
"8768","BECv10","ICHmc2","ICHmc2/05","D6"
"8769","BECv10","ICHmc2","ICHmc2/05","C6"
"8770","BECv10","ICHmc2","ICHmc2/06","E6"
"8771","BECv10","ICHmc2","ICHmc2/06","E5"
"8772","BECv10","ICHmc2","ICHmc2/06","E4"
"8773","BECv10","ICHmc2","ICHmc2/06a","E6"
"8774","BECv10","ICHmc2","ICHmc2/06a","E5"
"8775","BECv10","ICHmc2","ICHmc2/06a","E4"
"8776","BECv10","ICHmc2","ICHmc2/06b","E6"
"8777","BECv10","ICHmc2","ICHmc2/06b","E5"
"8778","BECv10","ICHmc2","ICHmc2/06b","E4"
"8779","BECv10","ICHmc2","ICHmc2/07","E7"
"8780","BECv10","ICHmc2","ICHmc2/07","E6"
"8781","BECv10","ICHmc2","ICHmc2/07","D7"
"8782","BECv10","ICHmc2","ICHmc2/07","D6"
"8783","BECv10","ICHmc2","ICHmc2/07","C7"
"8784","BECv10","ICHmc2","ICHmc2/07","C6"
"8785","BECv10","ICHmc2","ICHmc2/08","E7"
"8786","BECv10","ICHmc2","ICHmc2/08","D7"
"8787","BECv10","ICHmc2","ICHmc2/08","C7"
"8788","Add_2021","ICHmc2","ICHmc2/Ro","A0"
"8789","Add_2021","ICHmc2","ICHmc2/Ro","B0"
"8790","USA_2019","ICHmh_MT","ICHmh_MT/101","D4"
"8791","USA_2019","ICHmh_MT","ICHmh_MT/101","D3"
"8792","USA_2019","ICHmh_MT","ICHmh_MT/101","C4"
"8793","USA_2019","ICHmh_MT","ICHmh_MT/101","C3"
"8794","USA_2019","ICHmh_MT","ICHmh_MT/101","B4"
"8795","USA_2019","ICHmh_MT","ICHmh_MT/101","B3"
"8796","USA_2019","ICHmh_MT","ICHmh_MT/102","D1"
"8797","USA_2019","ICHmh_MT","ICHmh_MT/102","C1"
"8798","USA_2019","ICHmh_MT","ICHmh_MT/102","B1"
"8799","USA_2019","ICHmh_MT","ICHmh_MT/102","A1"
"8800","USA_2019","ICHmh_MT","ICHmh_MT/103","D2"
"8801","USA_2019","ICHmh_MT","ICHmh_MT/103","C2"
"8802","USA_2019","ICHmh_MT","ICHmh_MT/103","B2"
"8803","USA_2019","ICHmh_MT","ICHmh_MT/103","A2"
"8804","USA_2019","ICHmh_MT","ICHmh_MT/110","C5"
"8805","USA_2019","ICHmh_MT","ICHmh_MT/110","B5"
"8806","USA_2019","ICHmh_MT","ICHmh_MT/111","C6"
"8807","USA_2019","ICHmh_MT","ICHmh_MT/111","B6"
"8808","USA_2019","ICHmh_MT","ICHmh_MT/112","E5"
"8809","USA_2019","ICHmh_MT","ICHmh_MT/112","D5"
"8810","USA_2019","ICHmh_MT","ICHmh_MT/113","E6"
"8811","USA_2019","ICHmh_MT","ICHmh_MT/113","D6"
"8812","Add_2021","ICHmh_MT","ICHmh_MT/Ro","A0"
"8813","Add_2021","ICHmh_MT","ICHmh_MT/Ro","B0"
"8814","BECv12","ICHmk1","ICHmk1/101","D4"
"8815","BECv12","ICHmk1","ICHmk1/101","C4"
"8816","BECv12","ICHmk1","ICHmk1/101","B4"
"8817","BECv12","ICHmk1","ICHmk1/102","C1"
"8818","BECv12","ICHmk1","ICHmk1/102","B1"
"8819","BECv12","ICHmk1","ICHmk1/102","A2"
"8820","BECv12","ICHmk1","ICHmk1/102","A1"
"8821","BECv12","ICHmk1","ICHmk1/103","C2"
"8822","BECv12","ICHmk1","ICHmk1/103","B2"
"8823","BECv12","ICHmk1","ICHmk1/104","B3"
"8824","BECv12","ICHmk1","ICHmk1/104","A3"
"8825","BECv12","ICHmk1","ICHmk1/105","C3"
"8826","BECv12","ICHmk1","ICHmk1/105","B3"
"8827","BECv12","ICHmk1","ICHmk1/110","D5"
"8828","BECv12","ICHmk1","ICHmk1/110","C5"
"8829","BECv12","ICHmk1","ICHmk1/111","D6"
"8830","BECv12","ICHmk1","ICHmk1/111","D5"
"8831","BECv12","ICHmk1","ICHmk1/111","C6"
"8832","BECv12","ICHmk1","ICHmk1/111","C5"
"8833","BECv12","ICHmk1","ICHmk1/112","D7"
"8834","BECv12","ICHmk1","ICHmk1/112","D6"
"8835","BECv12","ICHmk1","ICHmk1/112","C7"
"8836","BECv12","ICHmk1","ICHmk1/112","C6"
"8837","Add_2021","ICHmk1","ICHmk1/Ro","A0"
"8838","Add_2021","ICHmk1","ICHmk1/Ro","B0"
"8839","BECv10","ICHmk2","ICHmk2/01","D5"
"8840","BECv10","ICHmk2","ICHmk2/01","D4"
"8841","BECv10","ICHmk2","ICHmk2/01","D3"
"8842","BECv10","ICHmk2","ICHmk2/01","D2"
"8843","BECv10","ICHmk2","ICHmk2/01","C5"
"8844","BECv10","ICHmk2","ICHmk2/01","C4"
"8845","BECv10","ICHmk2","ICHmk2/01","C3"
"8846","BECv10","ICHmk2","ICHmk2/01","C2"
"8847","BECv10","ICHmk2","ICHmk2/01","B5"
"8848","BECv10","ICHmk2","ICHmk2/01","B4"
"8849","BECv10","ICHmk2","ICHmk2/01","B3"
"8850","BECv10","ICHmk2","ICHmk2/01","B2"
"8851","BECv10","ICHmk2","ICHmk2/01","A5"
"8852","BECv10","ICHmk2","ICHmk2/01","A4"
"8853","BECv10","ICHmk2","ICHmk2/01","A3"
"8854","BECv10","ICHmk2","ICHmk2/02","C1"
"8855","BECv10","ICHmk2","ICHmk2/02","C0"
"8856","BECv10","ICHmk2","ICHmk2/02","B2"
"8857","BECv10","ICHmk2","ICHmk2/02","B1"
"8858","BECv10","ICHmk2","ICHmk2/02","B0"
"8859","BECv10","ICHmk2","ICHmk2/02","A2"
"8860","BECv10","ICHmk2","ICHmk2/02","A1"
"8861","BECv10","ICHmk2","ICHmk2/02","A0"
"8862","BECv10","ICHmk2","ICHmk2/03","C2"
"8863","BECv10","ICHmk2","ICHmk2/03","C1"
"8864","BECv10","ICHmk2","ICHmk2/03","B3"
"8865","BECv10","ICHmk2","ICHmk2/03","B2"
"8866","BECv10","ICHmk2","ICHmk2/03","B1"
"8867","BECv10","ICHmk2","ICHmk2/03","A3"
"8868","BECv10","ICHmk2","ICHmk2/03","A2"
"8869","BECv10","ICHmk2","ICHmk2/04","E4"
"8870","BECv10","ICHmk2","ICHmk2/04","E3"
"8871","BECv10","ICHmk2","ICHmk2/04","E2"
"8872","BECv10","ICHmk2","ICHmk2/04","D4"
"8873","BECv10","ICHmk2","ICHmk2/04","D3"
"8874","BECv10","ICHmk2","ICHmk2/04","D2"
"8875","BECv10","ICHmk2","ICHmk2/04","C4"
"8876","BECv10","ICHmk2","ICHmk2/04","C3"
"8877","BECv10","ICHmk2","ICHmk2/04","C2"
"8878","BECv10","ICHmk2","ICHmk2/05","E6"
"8879","BECv10","ICHmk2","ICHmk2/05","E5"
"8880","BECv10","ICHmk2","ICHmk2/05","E4"
"8881","BECv10","ICHmk2","ICHmk2/05","D6"
"8882","BECv10","ICHmk2","ICHmk2/05","D5"
"8883","BECv10","ICHmk2","ICHmk2/05","D4"
"8884","BECv10","ICHmk2","ICHmk2/05","C6"
"8885","BECv10","ICHmk2","ICHmk2/05","C5"
"8886","BECv10","ICHmk2","ICHmk2/05","C4"
"8887","BECv10","ICHmk2","ICHmk2/05","B6"
"8888","BECv10","ICHmk2","ICHmk2/05","B5"
"8889","BECv10","ICHmk2","ICHmk2/05","B4"
"8890","BECv10","ICHmk2","ICHmk2/06","E7"
"8891","BECv10","ICHmk2","ICHmk2/06","E6"
"8892","BECv10","ICHmk2","ICHmk2/06","D7"
"8893","BECv10","ICHmk2","ICHmk2/06","D6"
"8894","BECv10","ICHmk2","ICHmk2/06","C7"
"8895","BECv10","ICHmk2","ICHmk2/06","C6"
"8896","BECv10","ICHmk2","ICHmk2/06","B7"
"8897","BECv10","ICHmk2","ICHmk2/06","B6"
"8898","BECv10","ICHmk3","ICHmk3/01","D4"
"8899","BECv10","ICHmk3","ICHmk3/01","D3"
"8900","BECv10","ICHmk3","ICHmk3/01","C4"
"8901","BECv10","ICHmk3","ICHmk3/01","C3"
"8902","BECv10","ICHmk3","ICHmk3/01","B4"
"8903","BECv10","ICHmk3","ICHmk3/01","B3"
"8904","BECv10","ICHmk3","ICHmk3/02","D2"
"8905","BECv10","ICHmk3","ICHmk3/02","D1"
"8906","BECv10","ICHmk3","ICHmk3/02","C2"
"8907","BECv10","ICHmk3","ICHmk3/02","C1"
"8908","BECv10","ICHmk3","ICHmk3/02","B2"
"8909","BECv10","ICHmk3","ICHmk3/02","B1"
"8910","BECv10","ICHmk3","ICHmk3/03","D3"
"8911","BECv10","ICHmk3","ICHmk3/03","D2"
"8912","BECv10","ICHmk3","ICHmk3/03","C3"
"8913","BECv10","ICHmk3","ICHmk3/03","C2"
"8914","BECv10","ICHmk3","ICHmk3/03","B3"
"8915","BECv10","ICHmk3","ICHmk3/03","B2"
"8916","BECv10","ICHmk3","ICHmk3/04","D5"
"8917","BECv10","ICHmk3","ICHmk3/04","D4"
"8918","BECv10","ICHmk3","ICHmk3/04","C5"
"8919","BECv10","ICHmk3","ICHmk3/05","D5"
"8920","BECv10","ICHmk3","ICHmk3/05","C5"
"8921","BECv10","ICHmk3","ICHmk3/05","B5"
"8922","BECv10","ICHmk3","ICHmk3/06","E6"
"8923","BECv10","ICHmk3","ICHmk3/06","E5"
"8924","BECv10","ICHmk3","ICHmk3/06","D6"
"8925","BECv10","ICHmk3","ICHmk3/06","D5"
"8926","BECv10","ICHmk3","ICHmk3/07","D6"
"8927","BECv10","ICHmk3","ICHmk3/07","C6"
"8928","BECv10","ICHmk3","ICHmk3/07","B6"
"8929","Add_2021","ICHmk3","ICHmk3/Ro","A0"
"8930","Add_2021","ICHmk3","ICHmk3/Ro","B0"
"8931","BECv11","ICHmk4","ICHmk4/101","D4"
"8932","BECv11","ICHmk4","ICHmk4/101","C4"
"8933","BECv11","ICHmk4","ICHmk4/101","B4"
"8934","BECv11","ICHmk4","ICHmk4/102","D1"
"8935","BECv11","ICHmk4","ICHmk4/102","C2"
"8936","BECv11","ICHmk4","ICHmk4/102","C1"
"8937","BECv11","ICHmk4","ICHmk4/102","B2"
"8938","BECv11","ICHmk4","ICHmk4/102","B1"
"8939","BECv11","ICHmk4","ICHmk4/102a","D1"
"8940","BECv11","ICHmk4","ICHmk4/102a","C1"
"8941","BECv11","ICHmk4","ICHmk4/102a","B1"
"8942","BECv11","ICHmk4","ICHmk4/102b","C2"
"8943","BECv11","ICHmk4","ICHmk4/102b","B2"
"8944","BECv11","ICHmk4","ICHmk4/103","D3"
"8945","BECv11","ICHmk4","ICHmk4/103","D2"
"8946","BECv11","ICHmk4","ICHmk4/103","C3"
"8947","BECv11","ICHmk4","ICHmk4/103","B3"
"8948","BECv11","ICHmk4","ICHmk4/110","D5"
"8949","BECv11","ICHmk4","ICHmk4/110","C5"
"8950","BECv11","ICHmk4","ICHmk4/111","E6"
"8951","BECv11","ICHmk4","ICHmk4/111","E5"
"8952","BECv11","ICHmk4","ICHmk4/111","D6"
"8953","BECv11","ICHmk4","ICHmk4/111","D5"
"8954","BECv11","ICHmk4","ICHmk4/111","C6"
"8955","BECv11","ICHmk4","ICHmk4/111","C5"
"8956","BECv11","ICHmk4","ICHmk4/112","E7"
"8957","BECv11","ICHmk4","ICHmk4/112","E6"
"8958","BECv11","ICHmk4","ICHmk4/112","D7"
"8959","BECv11","ICHmk4","ICHmk4/112","D6"
"8960","BECv11","ICHmk4","ICHmk4/112","C7"
"8961","BECv11","ICHmk4","ICHmk4/112","C6"
"8962","BECv12","ICHmk4","ICHmk4/Fm01","E5"
"8963","BECv12","ICHmk4","ICHmk4/Fm01","E6"
"8964","BECv12","ICHmk4","ICHmk4/Fm02","E5"
"8965","BECv12","ICHmk4","ICHmk4/Fm02","E6"
"8966","BECv11","ICHmk4","ICHmk4/Ro","D0"
"8967","BECv11","ICHmk4","ICHmk4/Ro","C0"
"8968","BECv11","ICHmk4","ICHmk4/Ro","B0"
"8969","BECv11","ICHmk4","ICHmk4/Ro","A0"
"8970","BECv11","ICHmk5","ICHmk5/101","D4"
"8971","BECv11","ICHmk5","ICHmk5/101","C4"
"8972","BECv11","ICHmk5","ICHmk5/101","B4"
"8973","BECv11","ICHmk5","ICHmk5/102","D1"
"8974","BECv11","ICHmk5","ICHmk5/102","C1"
"8975","BECv11","ICHmk5","ICHmk5/102","B1"
"8976","BECv11","ICHmk5","ICHmk5/102","A1"
"8977","BECv11","ICHmk5","ICHmk5/103","D2"
"8978","BECv11","ICHmk5","ICHmk5/103","C2"
"8979","BECv11","ICHmk5","ICHmk5/103","B2"
"8980","BECv11","ICHmk5","ICHmk5/104","D3"
"8981","BECv11","ICHmk5","ICHmk5/104","C3"
"8982","BECv11","ICHmk5","ICHmk5/104","B3"
"8983","BECv11","ICHmk5","ICHmk5/110","D6"
"8984","BECv11","ICHmk5","ICHmk5/110","D5"
"8985","BECv11","ICHmk5","ICHmk5/110","C6"
"8986","BECv11","ICHmk5","ICHmk5/110","C5"
"8987","BECv11","ICHmk5","ICHmk5/111","D6"
"8988","BECv11","ICHmk5","ICHmk5/111","D5"
"8989","BECv11","ICHmk5","ICHmk5/111","C6"
"8990","BECv11","ICHmk5","ICHmk5/111","C5"
"8991","BECv11","ICHmk5","ICHmk5/112","E7"
"8992","BECv11","ICHmk5","ICHmk5/112","E6"
"8993","BECv11","ICHmk5","ICHmk5/112","D7"
"8994","BECv11","ICHmk5","ICHmk5/112","D6"
"8995","BECv11","ICHmk5","ICHmk5/112","C7"
"8996","BECv11","ICHmk5","ICHmk5/112","C6"
"8997","Add_2021","ICHmk5","ICHmk5/Ro","A0"
"8998","Add_2021","ICHmk5","ICHmk5/Ro","B0"
"8999","BECv10","ICHmm","ICHmm/01","C4"
"9000","BECv10","ICHmm","ICHmm/01","C3"
"9001","BECv10","ICHmm","ICHmm/01","B4"
"9002","BECv10","ICHmm","ICHmm/01","B3"
"9003","BECv10","ICHmm","ICHmm/02","B1"
"9004","BECv10","ICHmm","ICHmm/02","A1"
"9005","BECv10","ICHmm","ICHmm/03","B3"
"9006","BECv10","ICHmm","ICHmm/03","B2"
"9007","BECv10","ICHmm","ICHmm/04","D5"
"9008","BECv10","ICHmm","ICHmm/04","C5"
"9009","BECv10","ICHmm","ICHmm/04","B5"
"9010","BECv10","ICHmm","ICHmm/04","D4"
"9011","BECv10","ICHmm","ICHmm/05","D6"
"9012","BECv10","ICHmm","ICHmm/05","D5"
"9013","BECv10","ICHmm","ICHmm/05","C6"
"9014","BECv10","ICHmm","ICHmm/05","C5"
"9015","BECv10","ICHmm","ICHmm/05","B6"
"9016","BECv10","ICHmm","ICHmm/05","B5"
"9017","BECv10","ICHmm","ICHmm/06","E6"
"9018","BECv10","ICHmm","ICHmm/06","D6"
"9019","BECv10","ICHmm","ICHmm/07","B7"
"9020","BECv10","ICHmm","ICHmm/07","A7"
"9021","BECv10","ICHmm","ICHmm/08","C7"
"9022","BECv10","ICHmm","ICHmm/08","B7"
"9023","Add_2021","ICHmm","ICHmm/Ro","A0"
"9024","Add_2021","ICHmm","ICHmm/Ro","B0"
"9025","USA_2019","ICHmw_MT","ICHmw_MT/101","D4"
"9026","USA_2019","ICHmw_MT","ICHmw_MT/101","D3"
"9027","USA_2019","ICHmw_MT","ICHmw_MT/101","C4"
"9028","USA_2019","ICHmw_MT","ICHmw_MT/101","C3"
"9029","USA_2019","ICHmw_MT","ICHmw_MT/101","B4"
"9030","USA_2019","ICHmw_MT","ICHmw_MT/101","B3"
"9031","USA_2019","ICHmw_MT","ICHmw_MT/102","D1"
"9032","USA_2019","ICHmw_MT","ICHmw_MT/102","C1"
"9033","USA_2019","ICHmw_MT","ICHmw_MT/102","B1"
"9034","USA_2019","ICHmw_MT","ICHmw_MT/102","A1"
"9035","USA_2019","ICHmw_MT","ICHmw_MT/103","D2"
"9036","USA_2019","ICHmw_MT","ICHmw_MT/103","C2"
"9037","USA_2019","ICHmw_MT","ICHmw_MT/103","B2"
"9038","USA_2019","ICHmw_MT","ICHmw_MT/103","A2"
"9039","USA_2019","ICHmw_MT","ICHmw_MT/110","C5"
"9040","USA_2019","ICHmw_MT","ICHmw_MT/110","B5"
"9041","USA_2019","ICHmw_MT","ICHmw_MT/111","C6"
"9042","USA_2019","ICHmw_MT","ICHmw_MT/111","B6"
"9043","USA_2019","ICHmw_MT","ICHmw_MT/112","E5"
"9044","USA_2019","ICHmw_MT","ICHmw_MT/112","D5"
"9045","USA_2019","ICHmw_MT","ICHmw_MT/113","E6"
"9046","USA_2019","ICHmw_MT","ICHmw_MT/113","D6"
"9047","Add_2021","ICHmw_MT","ICHmw_MT/Ro","A0"
"9048","Add_2021","ICHmw_MT","ICHmw_MT/Ro","B0"
"9049","BECv10","ICHmw1","ICHmw1/01","E4"
"9050","BECv10","ICHmw1","ICHmw1/01","E3"
"9051","BECv10","ICHmw1","ICHmw1/01","D4"
"9052","BECv10","ICHmw1","ICHmw1/01","D3"
"9053","BECv10","ICHmw1","ICHmw1/01","C4"
"9054","BECv10","ICHmw1","ICHmw1/01","C3"
"9055","BECv10","ICHmw1","ICHmw1/01","B4"
"9056","BECv10","ICHmw1","ICHmw1/01","B3"
"9057","BECv10","ICHmw1","ICHmw1/02","E2"
"9058","BECv10","ICHmw1","ICHmw1/02","E1"
"9059","BECv10","ICHmw1","ICHmw1/02","D2"
"9060","BECv10","ICHmw1","ICHmw1/02","D1"
"9061","BECv10","ICHmw1","ICHmw1/02","C2"
"9062","BECv10","ICHmw1","ICHmw1/02","C1"
"9063","BECv10","ICHmw1","ICHmw1/03","C3"
"9064","BECv10","ICHmw1","ICHmw1/03","C2"
"9065","BECv10","ICHmw1","ICHmw1/03","B3"
"9066","BECv10","ICHmw1","ICHmw1/03","B2"
"9067","BECv10","ICHmw1","ICHmw1/04","E3"
"9068","BECv10","ICHmw1","ICHmw1/04","E2"
"9069","BECv10","ICHmw1","ICHmw1/04","D3"
"9070","BECv10","ICHmw1","ICHmw1/04","D2"
"9071","BECv10","ICHmw1","ICHmw1/04","C3"
"9072","BECv10","ICHmw1","ICHmw1/04","C2"
"9073","BECv10","ICHmw1","ICHmw1/05","D5"
"9074","BECv10","ICHmw1","ICHmw1/05","D4"
"9075","BECv10","ICHmw1","ICHmw1/05","C5"
"9076","BECv10","ICHmw1","ICHmw1/05","C4"
"9077","BECv10","ICHmw1","ICHmw1/05","B5"
"9078","BECv10","ICHmw1","ICHmw1/05","B4"
"9079","BECv10","ICHmw1","ICHmw1/06","E5"
"9080","BECv10","ICHmw1","ICHmw1/06","E4"
"9081","BECv10","ICHmw1","ICHmw1/06","D5"
"9082","BECv10","ICHmw1","ICHmw1/06","D4"
"9083","BECv10","ICHmw1","ICHmw1/07","E6"
"9084","BECv10","ICHmw1","ICHmw1/07","E5"
"9085","BECv10","ICHmw1","ICHmw1/07","D6"
"9086","BECv10","ICHmw1","ICHmw1/07","D5"
"9087","BECv10","ICHmw1","ICHmw1/07","C6"
"9088","Add_2021","ICHmw1","ICHmw1/Ro","A0"
"9089","Add_2021","ICHmw1","ICHmw1/Ro","B0"
"9090","BECv10","ICHmw2","ICHmw2/101","D4"
"9091","BECv10","ICHmw2","ICHmw2/101","C4"
"9092","BECv10","ICHmw2","ICHmw2/101","C3"
"9093","BECv10","ICHmw2","ICHmw2/101","B4"
"9094","BECv10","ICHmw2","ICHmw2/102","C1"
"9095","BECv10","ICHmw2","ICHmw2/102","B1"
"9096","BECv10","ICHmw2","ICHmw2/102","A2"
"9097","BECv10","ICHmw2","ICHmw2/102","A1"
"9098","BECv10","ICHmw2","ICHmw2/103","C2"
"9099","BECv10","ICHmw2","ICHmw2/103","C1"
"9100","BECv10","ICHmw2","ICHmw2/103","B2"
"9101","BECv10","ICHmw2","ICHmw2/104","C3"
"9102","BECv10","ICHmw2","ICHmw2/104","C2"
"9103","BECv10","ICHmw2","ICHmw2/104","B3"
"9104","BECv10","ICHmw2","ICHmw2/110","D5"
"9105","BECv10","ICHmw2","ICHmw2/110","D4"
"9106","BECv10","ICHmw2","ICHmw2/110","C5"
"9107","BECv10","ICHmw2","ICHmw2/111","E6"
"9108","BECv10","ICHmw2","ICHmw2/111","E5"
"9109","BECv10","ICHmw2","ICHmw2/111","D6"
"9110","BECv10","ICHmw2","ICHmw2/111","D5"
"9111","BECv10","ICHmw2","ICHmw2/111","C6"
"9112","BECv10","ICHmw2","ICHmw2/112","E6"
"9113","BECv10","ICHmw2","ICHmw2/112","E5"
"9114","BECv10","ICHmw2","ICHmw2/112","D6"
"9115","BECv10","ICHmw2","ICHmw2/112","D5"
"9116","BECv10","ICHmw2","ICHmw2/112","C6"
"9117","BECv10","ICHmw2","ICHmw2/113","D7"
"9118","BECv10","ICHmw2","ICHmw2/113","D6"
"9119","BECv10","ICHmw2","ICHmw2/113","C7"
"9120","BECv10","ICHmw2","ICHmw2/113","C6"
"9121","BECv10","ICHmw2","ICHmw2/114","E7"
"9122","BECv10","ICHmw2","ICHmw2/114","E6"
"9123","BECv10","ICHmw2","ICHmw2/114","D7"
"9124","BECv10","ICHmw2","ICHmw2/114","D6"
"9125","BECv12","ICHmw2","ICHmw2/Fm01","E5"
"9126","BECv12","ICHmw2","ICHmw2/Fm01","E6"
"9127","BECv12","ICHmw2","ICHmw2/Fm02","E5"
"9128","BECv12","ICHmw2","ICHmw2/Fm02","E6"
"9129","BECv12","ICHmw2","ICHmw2/Fm04","E5"
"9130","BECv12","ICHmw2","ICHmw2/Fm04","E6"
"9131","Add_2021","ICHmw2","ICHmw2/Ro","A0"
"9132","Add_2021","ICHmw2","ICHmw2/Ro","B0"
"9133","BECv10","ICHmw3","ICHmw3/01","E4"
"9134","BECv10","ICHmw3","ICHmw3/01","D4"
"9135","BECv10","ICHmw3","ICHmw3/01","C4"
"9136","BECv10","ICHmw3","ICHmw3/01","B4"
"9137","BECv10","ICHmw3","ICHmw3/01","A4"
"9138","BECv10","ICHmw3","ICHmw3/02","C1"
"9139","BECv10","ICHmw3","ICHmw3/02","C0"
"9140","BECv10","ICHmw3","ICHmw3/02","B2"
"9141","BECv10","ICHmw3","ICHmw3/02","B1"
"9142","BECv10","ICHmw3","ICHmw3/02","B0"
"9143","BECv10","ICHmw3","ICHmw3/02","A2"
"9144","BECv10","ICHmw3","ICHmw3/02","A1"
"9145","BECv10","ICHmw3","ICHmw3/02","A0"
"9146","BECv10","ICHmw3","ICHmw3/03","E3"
"9147","BECv10","ICHmw3","ICHmw3/03","E2"
"9148","BECv10","ICHmw3","ICHmw3/03","E1"
"9149","BECv10","ICHmw3","ICHmw3/03","D3"
"9150","BECv10","ICHmw3","ICHmw3/03","D2"
"9151","BECv10","ICHmw3","ICHmw3/03","D1"
"9152","BECv10","ICHmw3","ICHmw3/03","C3"
"9153","BECv10","ICHmw3","ICHmw3/03","C2"
"9154","BECv10","ICHmw3","ICHmw3/03","C1"
"9155","BECv10","ICHmw3","ICHmw3/03","B3"
"9156","BECv10","ICHmw3","ICHmw3/03","B2"
"9157","BECv10","ICHmw3","ICHmw3/03","B1"
"9158","BECv10","ICHmw3","ICHmw3/04","C4"
"9159","BECv10","ICHmw3","ICHmw3/04","C3"
"9160","BECv10","ICHmw3","ICHmw3/04","C2"
"9161","BECv10","ICHmw3","ICHmw3/04","B4"
"9162","BECv10","ICHmw3","ICHmw3/04","B3"
"9163","BECv10","ICHmw3","ICHmw3/04","B2"
"9164","BECv10","ICHmw3","ICHmw3/04","A4"
"9165","BECv10","ICHmw3","ICHmw3/04","A3"
"9166","BECv10","ICHmw3","ICHmw3/04","A2"
"9167","BECv10","ICHmw3","ICHmw3/05","E4"
"9168","BECv10","ICHmw3","ICHmw3/05","E3"
"9169","BECv10","ICHmw3","ICHmw3/05","E2"
"9170","BECv10","ICHmw3","ICHmw3/05","D4"
"9171","BECv10","ICHmw3","ICHmw3/05","D3"
"9172","BECv10","ICHmw3","ICHmw3/05","D2"
"9173","BECv10","ICHmw3","ICHmw3/05","C4"
"9174","BECv10","ICHmw3","ICHmw3/05","C3"
"9175","BECv10","ICHmw3","ICHmw3/05","C2"
"9176","BECv10","ICHmw3","ICHmw3/05","B4"
"9177","BECv10","ICHmw3","ICHmw3/05","B3"
"9178","BECv10","ICHmw3","ICHmw3/05","B2"
"9179","BECv10","ICHmw3","ICHmw3/06","E5"
"9180","BECv10","ICHmw3","ICHmw3/06","E4"
"9181","BECv10","ICHmw3","ICHmw3/06","D5"
"9182","BECv10","ICHmw3","ICHmw3/06","D4"
"9183","BECv10","ICHmw3","ICHmw3/06","C5"
"9184","BECv10","ICHmw3","ICHmw3/06","C4"
"9185","BECv10","ICHmw3","ICHmw3/06","B5"
"9186","BECv10","ICHmw3","ICHmw3/06","B4"
"9187","BECv10","ICHmw3","ICHmw3/07","E6"
"9188","BECv10","ICHmw3","ICHmw3/07","E5"
"9189","BECv10","ICHmw3","ICHmw3/07","D6"
"9190","BECv10","ICHmw3","ICHmw3/07","D5"
"9191","BECv10","ICHmw3","ICHmw3/07","C6"
"9192","BECv10","ICHmw3","ICHmw3/07","C5"
"9193","BECv10","ICHmw3","ICHmw3/07","B5"
"9194","BECv10","ICHmw3","ICHmw3/08","E6"
"9195","BECv10","ICHmw3","ICHmw3/08","D6"
"9196","BECv10","ICHmw3","ICHmw3/08","C6"
"9197","BECv10","ICHmw3","ICHmw3/08","C5"
"9198","BECv10","ICHmw3","ICHmw3/08","B6"
"9199","BECv10","ICHmw3","ICHmw3/08","B5"
"9200","BECv10","ICHmw3","ICHmw3/09","D7"
"9201","BECv10","ICHmw3","ICHmw3/09","D6"
"9202","BECv10","ICHmw3","ICHmw3/09","C7"
"9203","BECv10","ICHmw3","ICHmw3/09","C6"
"9204","BECv10","ICHmw3","ICHmw3/09","B7"
"9205","BECv10","ICHmw3","ICHmw3/09","B6"
"9206","BECv10","ICHmw3","ICHmw3/09","A7"
"9207","BECv10","ICHmw3","ICHmw3/09","A6"
"9208","BECv10","ICHmw4","ICHmw4/101","D4"
"9209","BECv10","ICHmw4","ICHmw4/101","D3"
"9210","BECv10","ICHmw4","ICHmw4/101","C4"
"9211","BECv10","ICHmw4","ICHmw4/101","C3"
"9212","BECv10","ICHmw4","ICHmw4/101","B4"
"9213","BECv10","ICHmw4","ICHmw4/102","B1"
"9214","BECv10","ICHmw4","ICHmw4/102","A2"
"9215","BECv10","ICHmw4","ICHmw4/102","A1"
"9216","BECv10","ICHmw4","ICHmw4/103","C2"
"9217","BECv10","ICHmw4","ICHmw4/103","B2"
"9218","BECv10","ICHmw4","ICHmw4/103","A2"
"9219","BECv10","ICHmw4","ICHmw4/104","D3"
"9220","BECv10","ICHmw4","ICHmw4/104","C3"
"9221","BECv10","ICHmw4","ICHmw4/104","C2"
"9222","BECv10","ICHmw4","ICHmw4/104","B3"
"9223","BECv10","ICHmw4","ICHmw4/110","D5"
"9224","BECv10","ICHmw4","ICHmw4/110","D4"
"9225","BECv10","ICHmw4","ICHmw4/110","C5"
"9226","BECv10","ICHmw4","ICHmw4/111","D5"
"9227","BECv10","ICHmw4","ICHmw4/111","D4"
"9228","BECv10","ICHmw4","ICHmw4/111","C5"
"9229","BECv10","ICHmw4","ICHmw4/112","D6"
"9230","BECv10","ICHmw4","ICHmw4/112","D5"
"9231","BECv10","ICHmw4","ICHmw4/112","C6"
"9232","BECv10","ICHmw4","ICHmw4/112","C5"
"9233","BECv10","ICHmw4","ICHmw4/113","D6"
"9234","BECv10","ICHmw4","ICHmw4/113","D5"
"9235","BECv10","ICHmw4","ICHmw4/113","C6"
"9236","BECv10","ICHmw4","ICHmw4/113","C5"
"9237","BECv10","ICHmw4","ICHmw4/114","E7"
"9238","BECv10","ICHmw4","ICHmw4/114","E6"
"9239","BECv10","ICHmw4","ICHmw4/114","D7"
"9240","BECv10","ICHmw4","ICHmw4/114","D6"
"9241","BECv10","ICHmw4","ICHmw4/114","C7"
"9242","BECv10","ICHmw4","ICHmw4/114","C6"
"9243","BECv12","ICHmw4","ICHmw4/Fm01","E5"
"9244","BECv12","ICHmw4","ICHmw4/Fm01","E6"
"9245","BECv12","ICHmw4","ICHmw4/Fm02","E5"
"9246","BECv12","ICHmw4","ICHmw4/Fm02","E6"
"9247","BECv12","ICHmw4","ICHmw4/Fm04","E5"
"9248","BECv12","ICHmw4","ICHmw4/Fm04","E6"
"9249","Add_2021","ICHmw4","ICHmw4/Ro","A0"
"9250","Add_2021","ICHmw4","ICHmw4/Ro","B0"
"9251","BECv12","ICHmw5","ICHmw5/101","D4"
"9252","BECv12","ICHmw5","ICHmw5/101","C4"
"9253","BECv12","ICHmw5","ICHmw5/101","B4"
"9254","BECv12","ICHmw5","ICHmw5/102","C1"
"9255","BECv12","ICHmw5","ICHmw5/102","B1"
"9256","BECv12","ICHmw5","ICHmw5/102","A2"
"9257","BECv12","ICHmw5","ICHmw5/102","A1"
"9258","BECv12","ICHmw5","ICHmw5/103","C2"
"9259","BECv12","ICHmw5","ICHmw5/103","B2"
"9260","BECv12","ICHmw5","ICHmw5/104","C3"
"9261","BECv12","ICHmw5","ICHmw5/104","C2"
"9262","BECv12","ICHmw5","ICHmw5/104","B3"
"9263","BECv12","ICHmw5","ICHmw5/110","D5"
"9264","BECv12","ICHmw5","ICHmw5/110","D4"
"9265","BECv12","ICHmw5","ICHmw5/110","C5"
"9266","BECv12","ICHmw5","ICHmw5/111","D6"
"9267","BECv12","ICHmw5","ICHmw5/111","D5"
"9268","BECv12","ICHmw5","ICHmw5/111","C6"
"9269","BECv12","ICHmw5","ICHmw5/112","D6"
"9270","BECv12","ICHmw5","ICHmw5/112","D5"
"9271","BECv12","ICHmw5","ICHmw5/112","C6"
"9272","BECv12","ICHmw5","ICHmw5/113","E6"
"9273","BECv12","ICHmw5","ICHmw5/113","D6"
"9274","BECv12","ICHmw5","ICHmw5/113","E7"
"9275","BECv12","ICHmw5","ICHmw5/113","D7"
"9276","BECv12","ICHmw5","ICHmw5/Fm01","E5"
"9277","BECv12","ICHmw5","ICHmw5/Fm01","E6"
"9278","BECv12","ICHmw5","ICHmw5/Fm02","E5"
"9279","BECv12","ICHmw5","ICHmw5/Fm02","E6"
"9280","Add_2021","ICHmw5","ICHmw5/Ro","A0"
"9281","Add_2021","ICHmw5","ICHmw5/Ro","B0"
"9282","Add_2021","ICHmw5","ICHmw5/Ro","C0"
"9283","BECv10","ICHvc","ICHvc/01","D4"
"9284","BECv10","ICHvc","ICHvc/01","C5"
"9285","BECv10","ICHvc","ICHvc/01","C4"
"9286","BECv10","ICHvc","ICHvc/01","B5"
"9287","BECv10","ICHvc","ICHvc/01","B4"
"9288","BECv10","ICHvc","ICHvc/01.1","D4"
"9289","BECv10","ICHvc","ICHvc/01.1","C5"
"9290","BECv10","ICHvc","ICHvc/01.1","C4"
"9291","BECv10","ICHvc","ICHvc/01.1","B5"
"9292","BECv10","ICHvc","ICHvc/01.1","B4"
"9293","BECv10","ICHvc","ICHvc/01.2","D4"
"9294","BECv10","ICHvc","ICHvc/01.2","C5"
"9295","BECv10","ICHvc","ICHvc/01.2","C4"
"9296","BECv10","ICHvc","ICHvc/01.2","B5"
"9297","BECv10","ICHvc","ICHvc/01.2","B4"
"9298","BECv10","ICHvc","ICHvc/02","C3"
"9299","BECv10","ICHvc","ICHvc/02","C2"
"9300","BECv10","ICHvc","ICHvc/02","C1"
"9301","BECv10","ICHvc","ICHvc/02","B3"
"9302","BECv10","ICHvc","ICHvc/02","B2"
"9303","BECv10","ICHvc","ICHvc/02","B1"
"9304","BECv10","ICHvc","ICHvc/02","A4"
"9305","BECv10","ICHvc","ICHvc/02","A3"
"9306","BECv10","ICHvc","ICHvc/02","A2"
"9307","BECv10","ICHvc","ICHvc/02","A1"
"9308","BECv10","ICHvc","ICHvc/02.1","C3"
"9309","BECv10","ICHvc","ICHvc/02.1","C2"
"9310","BECv10","ICHvc","ICHvc/02.1","C1"
"9311","BECv10","ICHvc","ICHvc/02.1","B3"
"9312","BECv10","ICHvc","ICHvc/02.1","B2"
"9313","BECv10","ICHvc","ICHvc/02.1","B1"
"9314","BECv10","ICHvc","ICHvc/02.1","A4"
"9315","BECv10","ICHvc","ICHvc/02.1","A3"
"9316","BECv10","ICHvc","ICHvc/02.1","A2"
"9317","BECv10","ICHvc","ICHvc/02.1","A1"
"9318","BECv10","ICHvc","ICHvc/02.2","C3"
"9319","BECv10","ICHvc","ICHvc/02.2","C2"
"9320","BECv10","ICHvc","ICHvc/02.2","C1"
"9321","BECv10","ICHvc","ICHvc/02.2","B3"
"9322","BECv10","ICHvc","ICHvc/02.2","B2"
"9323","BECv10","ICHvc","ICHvc/02.2","B1"
"9324","BECv10","ICHvc","ICHvc/02.2","A4"
"9325","BECv10","ICHvc","ICHvc/02.2","A3"
"9326","BECv10","ICHvc","ICHvc/02.2","A2"
"9327","BECv10","ICHvc","ICHvc/02.2","A1"
"9328","BECv10","ICHvc","ICHvc/03","E5"
"9329","BECv10","ICHvc","ICHvc/03","E4"
"9330","BECv10","ICHvc","ICHvc/03","D5"
"9331","BECv10","ICHvc","ICHvc/03","D4"
"9332","BECv10","ICHvc","ICHvc/03","C5"
"9333","BECv10","ICHvc","ICHvc/03a","E5"
"9334","BECv10","ICHvc","ICHvc/03a","E4"
"9335","BECv10","ICHvc","ICHvc/03a","D5"
"9336","BECv10","ICHvc","ICHvc/03a","D4"
"9337","BECv10","ICHvc","ICHvc/03b","D5"
"9338","BECv10","ICHvc","ICHvc/03b","D4"
"9339","BECv10","ICHvc","ICHvc/03b","C5"
"9340","BECv10","ICHvc","ICHvc/04","E6"
"9341","BECv10","ICHvc","ICHvc/04","E5"
"9342","BECv10","ICHvc","ICHvc/04","E4"
"9343","BECv10","ICHvc","ICHvc/04","D6"
"9344","BECv10","ICHvc","ICHvc/05","E6"
"9345","BECv10","ICHvc","ICHvc/05","E5"
"9346","BECv10","ICHvc","ICHvc/05","E4"
"9347","BECv10","ICHvc","ICHvc/05","D6"
"9348","BECv10","ICHvc","ICHvc/06","E7"
"9349","BECv10","ICHvc","ICHvc/06","E6"
"9350","BECv10","ICHvc","ICHvc/06","D7"
"9351","BECv10","ICHvc","ICHvc/06","D6"
"9352","BECv10","ICHvc","ICHvc/06","C7"
"9353","BECv10","ICHvc","ICHvc/06","C6"
"9354","Add_2021","ICHvc","ICHvc/Ro","A0"
"9355","Add_2021","ICHvc","ICHvc/Ro","B0"
"9356","BECv10","ICHvk1","ICHvk1/01","E5"
"9357","BECv10","ICHvk1","ICHvk1/01","E4"
"9358","BECv10","ICHvk1","ICHvk1/01","E3"
"9359","BECv10","ICHvk1","ICHvk1/01","D5"
"9360","BECv10","ICHvk1","ICHvk1/01","D4"
"9361","BECv10","ICHvk1","ICHvk1/01","D3"
"9362","BECv10","ICHvk1","ICHvk1/01","C5"
"9363","BECv10","ICHvk1","ICHvk1/01","C4"
"9364","BECv10","ICHvk1","ICHvk1/01","C3"
"9365","BECv10","ICHvk1","ICHvk1/01","B5"
"9366","BECv10","ICHvk1","ICHvk1/01","B4"
"9367","BECv10","ICHvk1","ICHvk1/01","B3"
"9368","BECv10","ICHvk1","ICHvk1/01","A5"
"9369","BECv10","ICHvk1","ICHvk1/01","A4"
"9370","BECv10","ICHvk1","ICHvk1/01","A3"
"9371","BECv10","ICHvk1","ICHvk1/02","D2"
"9372","BECv10","ICHvk1","ICHvk1/02","D1"
"9373","BECv10","ICHvk1","ICHvk1/02","D0"
"9374","BECv10","ICHvk1","ICHvk1/02","C2"
"9375","BECv10","ICHvk1","ICHvk1/02","C1"
"9376","BECv10","ICHvk1","ICHvk1/02","C0"
"9377","BECv10","ICHvk1","ICHvk1/02","B2"
"9378","BECv10","ICHvk1","ICHvk1/02","B1"
"9379","BECv10","ICHvk1","ICHvk1/02","B0"
"9380","BECv10","ICHvk1","ICHvk1/02","A2"
"9381","BECv10","ICHvk1","ICHvk1/02","A1"
"9382","BECv10","ICHvk1","ICHvk1/02","A0"
"9383","BECv10","ICHvk1","ICHvk1/03","D3"
"9384","BECv10","ICHvk1","ICHvk1/03","D2"
"9385","BECv10","ICHvk1","ICHvk1/03","C3"
"9386","BECv10","ICHvk1","ICHvk1/03","C2"
"9387","BECv10","ICHvk1","ICHvk1/03","B3"
"9388","BECv10","ICHvk1","ICHvk1/03","B2"
"9389","BECv10","ICHvk1","ICHvk1/03","A3"
"9390","BECv10","ICHvk1","ICHvk1/03","A2"
"9391","BECv10","ICHvk1","ICHvk1/04","D4"
"9392","BECv10","ICHvk1","ICHvk1/04","D3"
"9393","BECv10","ICHvk1","ICHvk1/04","C4"
"9394","BECv10","ICHvk1","ICHvk1/04","C3"
"9395","BECv10","ICHvk1","ICHvk1/04","B4"
"9396","BECv10","ICHvk1","ICHvk1/04","B3"
"9397","BECv10","ICHvk1","ICHvk1/04","A4"
"9398","BECv10","ICHvk1","ICHvk1/04","A3"
"9399","BECv10","ICHvk1","ICHvk1/05","E6"
"9400","BECv10","ICHvk1","ICHvk1/05","E5"
"9401","BECv10","ICHvk1","ICHvk1/05","D6"
"9402","BECv10","ICHvk1","ICHvk1/05","D5"
"9403","BECv10","ICHvk1","ICHvk1/05","C6"
"9404","BECv10","ICHvk1","ICHvk1/05","C5"
"9405","BECv10","ICHvk1","ICHvk1/05","B6"
"9406","BECv10","ICHvk1","ICHvk1/05","B5"
"9407","BECv10","ICHvk1","ICHvk1/05","A6"
"9408","BECv10","ICHvk1","ICHvk1/05","A5"
"9409","BECv10","ICHvk1","ICHvk1/06","E7"
"9410","BECv10","ICHvk1","ICHvk1/06","E6"
"9411","BECv10","ICHvk1","ICHvk1/06","D7"
"9412","BECv10","ICHvk1","ICHvk1/06","D6"
"9413","BECv10","ICHvk1","ICHvk1/06","C7"
"9414","BECv10","ICHvk1","ICHvk1/06","C6"
"9415","BECv10","ICHvk1","ICHvk1/06","B7"
"9416","BECv10","ICHvk1","ICHvk1/06","B6"
"9417","BECv10","ICHvk2","ICHvk2/01","D5"
"9418","BECv10","ICHvk2","ICHvk2/01","D4"
"9419","BECv10","ICHvk2","ICHvk2/01","C5"
"9420","BECv10","ICHvk2","ICHvk2/01","C4"
"9421","BECv10","ICHvk2","ICHvk2/01","B4"
"9422","BECv10","ICHvk2","ICHvk2/02","B1"
"9423","BECv10","ICHvk2","ICHvk2/02","A1"
"9424","BECv10","ICHvk2","ICHvk2/03","C2"
"9425","BECv10","ICHvk2","ICHvk2/03","C1"
"9426","BECv10","ICHvk2","ICHvk2/03","B2"
"9427","BECv10","ICHvk2","ICHvk2/03","B1"
"9428","BECv10","ICHvk2","ICHvk2/04","D3"
"9429","BECv10","ICHvk2","ICHvk2/04","C3"
"9430","BECv10","ICHvk2","ICHvk2/04","C2"
"9431","BECv10","ICHvk2","ICHvk2/04","B4"
"9432","BECv10","ICHvk2","ICHvk2/04","B3"
"9433","BECv10","ICHvk2","ICHvk2/05","D6"
"9434","BECv10","ICHvk2","ICHvk2/05","D5"
"9435","BECv10","ICHvk2","ICHvk2/05","C6"
"9436","BECv10","ICHvk2","ICHvk2/05","C5"
"9437","BECv10","ICHvk2","ICHvk2/06","D7"
"9438","BECv10","ICHvk2","ICHvk2/06","D6"
"9439","BECv10","ICHvk2","ICHvk2/07","C7"
"9440","BECv10","ICHvk2","ICHvk2/07","B7"
"9441","BECv10","ICHvk2","ICHvk2/07","A7"
"9442","Add_2021","ICHvk2","ICHvk2/Ro","A0"
"9443","Add_2021","ICHvk2","ICHvk2/Ro","B0"
"9444","BECv10","ICHwc","ICHwc/01","D4"
"9445","BECv10","ICHwc","ICHwc/01","C4"
"9446","BECv10","ICHwc","ICHwc/02","C1"
"9447","BECv10","ICHwc","ICHwc/02","B2"
"9448","BECv10","ICHwc","ICHwc/02","B1"
"9449","BECv10","ICHwc","ICHwc/02","A2"
"9450","BECv10","ICHwc","ICHwc/02","A1"
"9451","BECv10","ICHwc","ICHwc/03","C3"
"9452","BECv10","ICHwc","ICHwc/03","C2"
"9453","BECv10","ICHwc","ICHwc/03","B4"
"9454","BECv10","ICHwc","ICHwc/03","B3"
"9455","BECv10","ICHwc","ICHwc/04","E4"
"9456","BECv10","ICHwc","ICHwc/04","D5"
"9457","BECv10","ICHwc","ICHwc/04","D4"
"9458","BECv10","ICHwc","ICHwc/04","C5"
"9459","BECv10","ICHwc","ICHwc/05","E5"
"9460","BECv10","ICHwc","ICHwc/05","D5"
"9461","BECv10","ICHwc","ICHwc/05","C5"
"9462","BECv10","ICHwc","ICHwc/06","E6"
"9463","BECv10","ICHwc","ICHwc/06","E5"
"9464","BECv10","ICHwc","ICHwc/06","E4"
"9465","BECv10","ICHwc","ICHwc/07","B7"
"9466","BECv10","ICHwc","ICHwc/07","B6"
"9467","BECv10","ICHwc","ICHwc/07","B5"
"9468","BECv10","ICHwc","ICHwc/07","A6"
"9469","BECv10","ICHwc","ICHwc/07","A5"
"9470","BECv10","ICHwc","ICHwc/08","E7"
"9471","BECv10","ICHwc","ICHwc/08","E6"
"9472","BECv10","ICHwc","ICHwc/08","D7"
"9473","BECv10","ICHwc","ICHwc/08","D6"
"9474","BECv10","ICHwc","ICHwc/08","C7"
"9475","BECv10","ICHwc","ICHwc/08","C6"
"9476","Add_2021","ICHwc","ICHwc/Ro","A0"
"9477","Add_2021","ICHwc","ICHwc/Ro","B0"
"9478","BECv10","ICHwk1","ICHwk1/01","D4"
"9479","BECv10","ICHwk1","ICHwk1/01","D3"
"9480","BECv10","ICHwk1","ICHwk1/01","C4"
"9481","BECv10","ICHwk1","ICHwk1/01","C3"
"9482","BECv10","ICHwk1","ICHwk1/01","B4"
"9483","BECv10","ICHwk1","ICHwk1/01","B3"
"9484","BECv10","ICHwk1","ICHwk1/01","A4"
"9485","BECv10","ICHwk1","ICHwk1/01","A3"
"9486","BECv10","ICHwk1","ICHwk1/02","B2"
"9487","BECv10","ICHwk1","ICHwk1/02","B1"
"9488","BECv10","ICHwk1","ICHwk1/02","A2"
"9489","BECv10","ICHwk1","ICHwk1/02","A1"
"9490","BECv10","ICHwk1","ICHwk1/03","D2"
"9491","BECv10","ICHwk1","ICHwk1/03","D1"
"9492","BECv10","ICHwk1","ICHwk1/03","C2"
"9493","BECv10","ICHwk1","ICHwk1/03","C1"
"9494","BECv10","ICHwk1","ICHwk1/03","B2"
"9495","BECv10","ICHwk1","ICHwk1/03","B1"
"9496","BECv10","ICHwk1","ICHwk1/04","D3"
"9497","BECv10","ICHwk1","ICHwk1/04","D2"
"9498","BECv10","ICHwk1","ICHwk1/04","C3"
"9499","BECv10","ICHwk1","ICHwk1/04","C2"
"9500","BECv10","ICHwk1","ICHwk1/04","B3"
"9501","BECv10","ICHwk1","ICHwk1/04","B2"
"9502","BECv10","ICHwk1","ICHwk1/04","A3"
"9503","BECv10","ICHwk1","ICHwk1/04","A2"
"9504","BECv10","ICHwk1","ICHwk1/05","E6"
"9505","BECv10","ICHwk1","ICHwk1/05","E5"
"9506","BECv10","ICHwk1","ICHwk1/05","D6"
"9507","BECv10","ICHwk1","ICHwk1/05","D5"
"9508","BECv10","ICHwk1","ICHwk1/05","C6"
"9509","BECv10","ICHwk1","ICHwk1/05","C5"
"9510","BECv10","ICHwk1","ICHwk1/05","B6"
"9511","BECv10","ICHwk1","ICHwk1/05","B5"
"9512","BECv10","ICHwk1","ICHwk1/06","E6"
"9513","BECv10","ICHwk1","ICHwk1/06","E5"
"9514","BECv10","ICHwk1","ICHwk1/06","D6"
"9515","BECv10","ICHwk1","ICHwk1/06","D5"
"9516","BECv10","ICHwk1","ICHwk1/06","C6"
"9517","BECv10","ICHwk1","ICHwk1/06","C5"
"9518","BECv10","ICHwk1","ICHwk1/06","B6"
"9519","BECv10","ICHwk1","ICHwk1/06","B5"
"9520","BECv10","ICHwk1","ICHwk1/07","E7"
"9521","BECv10","ICHwk1","ICHwk1/07","E6"
"9522","BECv10","ICHwk1","ICHwk1/07","D7"
"9523","BECv10","ICHwk1","ICHwk1/07","D6"
"9524","BECv10","ICHwk1","ICHwk1/07","C7"
"9525","BECv10","ICHwk1","ICHwk1/07","C6"
"9526","BECv10","ICHwk1","ICHwk1/07","B7"
"9527","BECv10","ICHwk1","ICHwk1/07","B6"
"9528","BECv10","ICHwk1","ICHwk1/08","D7"
"9529","BECv10","ICHwk1","ICHwk1/08","C7"
"9530","BECv10","ICHwk1","ICHwk1/08","B7"
"9531","BECv10","ICHwk1","ICHwk1/08","B6"
"9532","BECv10","ICHwk1","ICHwk1/08","A7"
"9533","BECv10","ICHwk1","ICHwk1/08","A6"
"9534","Add_2021","ICHwk1","ICHwk1/Ro","A0"
"9535","Add_2021","ICHwk1","ICHwk1/Ro","B0"
"9536","BECv10","ICHwk2","ICHwk2/01","D5"
"9537","BECv10","ICHwk2","ICHwk2/01","D4"
"9538","BECv10","ICHwk2","ICHwk2/01","D3"
"9539","BECv10","ICHwk2","ICHwk2/01","C5"
"9540","BECv10","ICHwk2","ICHwk2/01","C4"
"9541","BECv10","ICHwk2","ICHwk2/01","B5"
"9542","BECv10","ICHwk2","ICHwk2/01","B4"
"9543","BECv10","ICHwk2","ICHwk2/01a","D4"
"9544","BECv10","ICHwk2","ICHwk2/01a","D3"
"9545","BECv10","ICHwk2","ICHwk2/01a","C4"
"9546","BECv10","ICHwk2","ICHwk2/01a","B4"
"9547","BECv10","ICHwk2","ICHwk2/01b","D5"
"9548","BECv10","ICHwk2","ICHwk2/01b","C5"
"9549","BECv10","ICHwk2","ICHwk2/01b","B5"
"9550","BECv10","ICHwk2","ICHwk2/02","B2"
"9551","BECv10","ICHwk2","ICHwk2/02","B1"
"9552","BECv10","ICHwk2","ICHwk2/02","A2"
"9553","BECv10","ICHwk2","ICHwk2/02","A1"
"9554","BECv10","ICHwk2","ICHwk2/03","D2"
"9555","BECv10","ICHwk2","ICHwk2/03","D1"
"9556","BECv10","ICHwk2","ICHwk2/03","C2"
"9557","BECv10","ICHwk2","ICHwk2/03","C1"
"9558","BECv10","ICHwk2","ICHwk2/04","D3"
"9559","BECv10","ICHwk2","ICHwk2/04","C3"
"9560","BECv10","ICHwk2","ICHwk2/04","B4"
"9561","BECv10","ICHwk2","ICHwk2/04","B3"
"9562","BECv10","ICHwk2","ICHwk2/04","B2"
"9563","BECv10","ICHwk2","ICHwk2/04","A3"
"9564","BECv10","ICHwk2","ICHwk2/04","A2"
"9565","BECv10","ICHwk2","ICHwk2/05","D5"
"9566","BECv10","ICHwk2","ICHwk2/05","C5"
"9567","BECv10","ICHwk2","ICHwk2/05","B5"
"9568","BECv10","ICHwk2","ICHwk2/06","D5"
"9569","BECv10","ICHwk2","ICHwk2/06","C5"
"9570","BECv10","ICHwk2","ICHwk2/06","B5"
"9571","BECv10","ICHwk2","ICHwk2/07","E5"
"9572","BECv10","ICHwk2","ICHwk2/07","D5"
"9573","BECv10","ICHwk2","ICHwk2/08","E7"
"9574","BECv10","ICHwk2","ICHwk2/08","E6"
"9575","BECv10","ICHwk2","ICHwk2/08","D7"
"9576","BECv10","ICHwk2","ICHwk2/08","D6"
"9577","BECv10","ICHwk2","ICHwk2/08","C7"
"9578","BECv10","ICHwk2","ICHwk2/08","C6"
"9579","Add_2021","ICHwk2","ICHwk2/Ro","A0"
"9580","Add_2021","ICHwk2","ICHwk2/Ro","B0"
"9581","BECv10","ICHwk3","ICHwk3/01","D5"
"9582","BECv10","ICHwk3","ICHwk3/01","D4"
"9583","BECv10","ICHwk3","ICHwk3/01","C5"
"9584","BECv10","ICHwk3","ICHwk3/01","C4"
"9585","BECv10","ICHwk3","ICHwk3/01","C3"
"9586","BECv10","ICHwk3","ICHwk3/01","B5"
"9587","BECv10","ICHwk3","ICHwk3/01","B4"
"9588","BECv10","ICHwk3","ICHwk3/01","B3"
"9589","BECv10","ICHwk3","ICHwk3/02","B1"
"9590","BECv10","ICHwk3","ICHwk3/02","A1"
"9591","BECv10","ICHwk3","ICHwk3/03","C2"
"9592","BECv10","ICHwk3","ICHwk3/03","B2"
"9593","BECv10","ICHwk3","ICHwk3/04","D3"
"9594","BECv10","ICHwk3","ICHwk3/04","D2"
"9595","BECv10","ICHwk3","ICHwk3/04","C3"
"9596","BECv10","ICHwk3","ICHwk3/04","C2"
"9597","BECv10","ICHwk3","ICHwk3/05","D5"
"9598","BECv10","ICHwk3","ICHwk3/05","C5"
"9599","BECv10","ICHwk3","ICHwk3/05","B5"
"9600","BECv10","ICHwk3","ICHwk3/06","E6"
"9601","BECv10","ICHwk3","ICHwk3/06","D6"
"9602","BECv10","ICHwk3","ICHwk3/06","C6"
"9603","BECv10","ICHwk3","ICHwk3/06","B6"
"9604","BECv10","ICHwk3","ICHwk3/07","C6"
"9605","BECv10","ICHwk3","ICHwk3/07","B6"
"9606","BECv10","ICHwk3","ICHwk3/08","C7"
"9607","BECv10","ICHwk3","ICHwk3/08","B7"
"9608","BECv10","ICHwk3","ICHwk3/08","A7"
"9609","BECv10","ICHwk3","ICHwk3/09","E7"
"9610","BECv10","ICHwk3","ICHwk3/09","D7"
"9611","Add_2021","ICHwk3","ICHwk3/Ro","A0"
"9612","Add_2021","ICHwk3","ICHwk3/Ro","B0"
"9613","BECv10","ICHwk4","ICHwk4/01","D5"
"9614","BECv10","ICHwk4","ICHwk4/01","D4"
"9615","BECv10","ICHwk4","ICHwk4/01","D3"
"9616","BECv10","ICHwk4","ICHwk4/01","C5"
"9617","BECv10","ICHwk4","ICHwk4/01","C4"
"9618","BECv10","ICHwk4","ICHwk4/01","B4"
"9619","BECv10","ICHwk4","ICHwk4/01a","D4"
"9620","BECv10","ICHwk4","ICHwk4/01a","D3"
"9621","BECv10","ICHwk4","ICHwk4/01a","C4"
"9622","BECv10","ICHwk4","ICHwk4/01a","B4"
"9623","BECv10","ICHwk4","ICHwk4/01b","D5"
"9624","BECv10","ICHwk4","ICHwk4/01b","C5"
"9625","BECv10","ICHwk4","ICHwk4/02","B2"
"9626","BECv10","ICHwk4","ICHwk4/02","B1"
"9627","BECv10","ICHwk4","ICHwk4/02","A2"
"9628","BECv10","ICHwk4","ICHwk4/02","A1"
"9629","BECv10","ICHwk4","ICHwk4/03","D2"
"9630","BECv10","ICHwk4","ICHwk4/03","D1"
"9631","BECv10","ICHwk4","ICHwk4/03","C2"
"9632","BECv10","ICHwk4","ICHwk4/03","C1"
"9633","BECv10","ICHwk4","ICHwk4/04","B3"
"9634","BECv10","ICHwk4","ICHwk4/04","B2"
"9635","BECv10","ICHwk4","ICHwk4/04","A3"
"9636","BECv10","ICHwk4","ICHwk4/04","A2"
"9637","BECv10","ICHwk4","ICHwk4/05","D3"
"9638","BECv10","ICHwk4","ICHwk4/05","C3"
"9639","BECv10","ICHwk4","ICHwk4/05","B4"
"9640","BECv10","ICHwk4","ICHwk4/05","B3"
"9641","BECv10","ICHwk4","ICHwk4/05","B2"
"9642","BECv10","ICHwk4","ICHwk4/06","C5"
"9643","BECv10","ICHwk4","ICHwk4/06","B5"
"9644","BECv10","ICHwk4","ICHwk4/07","E5"
"9645","BECv10","ICHwk4","ICHwk4/07","D5"
"9646","BECv10","ICHwk4","ICHwk4/07","C5"
"9647","BECv10","ICHwk4","ICHwk4/08","E7"
"9648","BECv10","ICHwk4","ICHwk4/08","E6"
"9649","BECv10","ICHwk4","ICHwk4/08","D7"
"9650","BECv10","ICHwk4","ICHwk4/08","D6"
"9651","BECv10","ICHwk4","ICHwk4/08","C7"
"9652","BECv10","ICHwk4","ICHwk4/08","C6"
"9653","Add_2021","ICHwk4","ICHwk4/Ro","A0"
"9654","Add_2021","ICHwk4","ICHwk4/Ro","B0"
"9655","USA_2023","ICHxh_ID","ICHxh_ID/101","D4"
"9656","USA_2023","ICHxh_ID","ICHxh_ID/101","D3"
"9657","USA_2023","ICHxh_ID","ICHxh_ID/101","C4"
"9658","USA_2023","ICHxh_ID","ICHxh_ID/101","C3"
"9659","USA_2023","ICHxh_ID","ICHxh_ID/101","B4"
"9660","USA_2023","ICHxh_ID","ICHxh_ID/101","B3"
"9661","USA_2023","ICHxh_ID","ICHxh_ID/102","D1"
"9662","USA_2023","ICHxh_ID","ICHxh_ID/102","C1"
"9663","USA_2023","ICHxh_ID","ICHxh_ID/102","B1"
"9664","USA_2023","ICHxh_ID","ICHxh_ID/102","A1"
"9665","USA_2023","ICHxh_ID","ICHxh_ID/103","D2"
"9666","USA_2023","ICHxh_ID","ICHxh_ID/103","C2"
"9667","USA_2023","ICHxh_ID","ICHxh_ID/103","B2"
"9668","USA_2023","ICHxh_ID","ICHxh_ID/103","A2"
"9669","USA_2023","ICHxh_ID","ICHxh_ID/110","C5"
"9670","USA_2023","ICHxh_ID","ICHxh_ID/110","B5"
"9671","USA_2023","ICHxh_ID","ICHxh_ID/111","C6"
"9672","USA_2023","ICHxh_ID","ICHxh_ID/111","B6"
"9673","USA_2023","ICHxh_ID","ICHxh_ID/112","E5"
"9674","USA_2023","ICHxh_ID","ICHxh_ID/112","D5"
"9675","USA_2023","ICHxh_ID","ICHxh_ID/113","E6"
"9676","USA_2023","ICHxh_ID","ICHxh_ID/113","D6"
"9677","USA_2023","ICHxh_ID","ICHxh_ID/Ro","A0"
"9678","USA_2023","ICHxh_ID","ICHxh_ID/Ro","B0"
"9679","BECv12","ICHxm1","ICHxm1/101","B4"
"9680","BECv12","ICHxm1","ICHxm1/101","C4"
"9681","BECv12","ICHxm1","ICHxm1/102","A1"
"9682","BECv12","ICHxm1","ICHxm1/102","B1"
"9683","BECv12","ICHxm1","ICHxm1/102","C1"
"9684","BECv12","ICHxm1","ICHxm1/103","B2"
"9685","BECv12","ICHxm1","ICHxm1/103","C2"
"9686","BECv12","ICHxm1","ICHxm1/104","B3"
"9687","BECv12","ICHxm1","ICHxm1/104","C3"
"9688","BECv12","ICHxm1","ICHxm1/104.1","B3"
"9689","BECv12","ICHxm1","ICHxm1/104.1","C3"
"9690","BECv12","ICHxm1","ICHxm1/104.2","B3"
"9691","BECv12","ICHxm1","ICHxm1/104.2","C3"
"9692","BECv12","ICHxm1","ICHxm1/110","C5"
"9693","BECv12","ICHxm1","ICHxm1/110","D5"
"9694","BECv12","ICHxm1","ICHxm1/110","B5"
"9695","BECv12","ICHxm1","ICHxm1/110","D4"
"9696","BECv12","ICHxm1","ICHxm1/111","C5"
"9697","BECv12","ICHxm1","ICHxm1/111","C6"
"9698","BECv12","ICHxm1","ICHxm1/111","D5"
"9699","BECv12","ICHxm1","ICHxm1/111","D6"
"9700","BECv12","ICHxm1","ICHxm1/112","B6"
"9701","BECv12","ICHxm1","ICHxm1/112","B7"
"9702","BECv12","ICHxm1","ICHxm1/112","C6"
"9703","BECv12","ICHxm1","ICHxm1/112","C7"
"9704","BECv12","ICHxm1","ICHxm1/112","D6"
"9705","BECv12","ICHxm1","ICHxm1/112","D7"
"9706","Add_2021","ICHxm1","ICHxm1/Ro","A0"
"9707","Add_2021","ICHxm1","ICHxm1/Ro","B0"
"9708","BECv10","ICHxw","ICHxw/101","D4"
"9709","BECv10","ICHxw","ICHxw/101","C4"
"9710","BECv10","ICHxw","ICHxw/101","B4"
"9711","BECv10","ICHxw","ICHxw/102","B1"
"9712","BECv10","ICHxw","ICHxw/102","A1"
"9713","BECv10","ICHxw","ICHxw/103","C2"
"9714","BECv10","ICHxw","ICHxw/103","B2"
"9715","BECv10","ICHxw","ICHxw/104","C3"
"9716","BECv10","ICHxw","ICHxw/104","C2"
"9717","BECv10","ICHxw","ICHxw/104","B3"
"9718","BECv10","ICHxw","ICHxw/110","D5"
"9719","BECv10","ICHxw","ICHxw/110","D4"
"9720","BECv10","ICHxw","ICHxw/110","C5"
"9721","BECv10","ICHxw","ICHxw/111","D6"
"9722","BECv10","ICHxw","ICHxw/111","D5"
"9723","BECv10","ICHxw","ICHxw/111","C6"
"9724","BECv10","ICHxw","ICHxw/111","C5"
"9725","BECv10","ICHxw","ICHxw/112","D7"
"9726","BECv10","ICHxw","ICHxw/112","D6"
"9727","BECv10","ICHxw","ICHxw/112","C7"
"9728","BECv10","ICHxw","ICHxw/112","C6"
"9729","BECv10","ICHxw","ICHxw/113","E7"
"9730","BECv10","ICHxw","ICHxw/113","E6"
"9731","BECv10","ICHxw","ICHxw/113","D7"
"9732","BECv10","ICHxw","ICHxw/113","D6"
"9733","BECv12","ICHxw","ICHxw/Fm01","E5"
"9734","BECv12","ICHxw","ICHxw/Fm01","E6"
"9735","Add_2021","ICHxw","ICHxw/Ro","A0"
"9736","Add_2021","ICHxw","ICHxw/Ro","B0"
"9737","USA_2024","ICHxw_ID","ICHxw_ID/101","D4"
"9738","USA_2024","ICHxw_ID","ICHxw_ID/101","D3"
"9739","USA_2024","ICHxw_ID","ICHxw_ID/101","C4"
"9740","USA_2024","ICHxw_ID","ICHxw_ID/101","C3"
"9741","USA_2024","ICHxw_ID","ICHxw_ID/101","B4"
"9742","USA_2024","ICHxw_ID","ICHxw_ID/101","B3"
"9743","USA_2024","ICHxw_ID","ICHxw_ID/102","D1"
"9744","USA_2024","ICHxw_ID","ICHxw_ID/102","C1"
"9745","USA_2024","ICHxw_ID","ICHxw_ID/102","B1"
"9746","USA_2024","ICHxw_ID","ICHxw_ID/102","A1"
"9747","USA_2024","ICHxw_ID","ICHxw_ID/103","D2"
"9748","USA_2024","ICHxw_ID","ICHxw_ID/103","C2"
"9749","USA_2024","ICHxw_ID","ICHxw_ID/103","B2"
"9750","USA_2024","ICHxw_ID","ICHxw_ID/103","A2"
"9751","USA_2024","ICHxw_ID","ICHxw_ID/110","C5"
"9752","USA_2024","ICHxw_ID","ICHxw_ID/110","B5"
"9753","USA_2024","ICHxw_ID","ICHxw_ID/111","C6"
"9754","USA_2024","ICHxw_ID","ICHxw_ID/111","B6"
"9755","USA_2024","ICHxw_ID","ICHxw_ID/112","E5"
"9756","USA_2024","ICHxw_ID","ICHxw_ID/112","D5"
"9757","USA_2024","ICHxw_ID","ICHxw_ID/113","E6"
"9758","USA_2024","ICHxw_ID","ICHxw_ID/113","D6"
"9759","USA_2024","ICHxw_ID","ICHxw_ID/Ro","A0"
"9760","USA_2024","ICHxw_ID","ICHxw_ID/Ro","B0"
"9761","USA_2019","ICHxw_WA","ICHxw_WA/101","D4"
"9762","USA_2019","ICHxw_WA","ICHxw_WA/101","D3"
"9763","USA_2019","ICHxw_WA","ICHxw_WA/101","C4"
"9764","USA_2019","ICHxw_WA","ICHxw_WA/101","C3"
"9765","USA_2019","ICHxw_WA","ICHxw_WA/101","B4"
"9766","USA_2019","ICHxw_WA","ICHxw_WA/101","B3"
"9767","USA_2019","ICHxw_WA","ICHxw_WA/102","D1"
"9768","USA_2019","ICHxw_WA","ICHxw_WA/102","C1"
"9769","USA_2019","ICHxw_WA","ICHxw_WA/102","B1"
"9770","USA_2019","ICHxw_WA","ICHxw_WA/102","A1"
"9771","USA_2019","ICHxw_WA","ICHxw_WA/103","D2"
"9772","USA_2019","ICHxw_WA","ICHxw_WA/103","C2"
"9773","USA_2019","ICHxw_WA","ICHxw_WA/103","B2"
"9774","USA_2019","ICHxw_WA","ICHxw_WA/103","A2"
"9775","USA_2019","ICHxw_WA","ICHxw_WA/110","C5"
"9776","USA_2019","ICHxw_WA","ICHxw_WA/110","B5"
"9777","USA_2019","ICHxw_WA","ICHxw_WA/111","C6"
"9778","USA_2019","ICHxw_WA","ICHxw_WA/111","B6"
"9779","USA_2019","ICHxw_WA","ICHxw_WA/112","E5"
"9780","USA_2019","ICHxw_WA","ICHxw_WA/112","D5"
"9781","USA_2019","ICHxw_WA","ICHxw_WA/113","E6"
"9782","USA_2019","ICHxw_WA","ICHxw_WA/113","D6"
"9783","Add_2021","ICHxw_WA","ICHxw_WA/Ro","A0"
"9784","Add_2021","ICHxw_WA","ICHxw_WA/Ro","B0"
"9785","BECv10","ICHxwa","ICHxwa/101","D4"
"9786","BECv10","ICHxwa","ICHxwa/101","C4"
"9787","BECv10","ICHxwa","ICHxwa/101","B4"
"9788","BECv10","ICHxwa","ICHxwa/102","B1"
"9789","BECv10","ICHxwa","ICHxwa/102","A1"
"9790","BECv10","ICHxwa","ICHxwa/103","C2"
"9791","BECv10","ICHxwa","ICHxwa/103","B2"
"9792","BECv10","ICHxwa","ICHxwa/104","C3"
"9793","BECv10","ICHxwa","ICHxwa/104","C2"
"9794","BECv10","ICHxwa","ICHxwa/104","B3"
"9795","BECv10","ICHxwa","ICHxwa/110","D5"
"9796","BECv10","ICHxwa","ICHxwa/110","D4"
"9797","BECv10","ICHxwa","ICHxwa/110","C5"
"9798","BECv10","ICHxwa","ICHxwa/111","D6"
"9799","BECv10","ICHxwa","ICHxwa/111","D5"
"9800","BECv10","ICHxwa","ICHxwa/111","C6"
"9801","BECv10","ICHxwa","ICHxwa/111","C5"
"9802","BECv10","ICHxwa","ICHxwa/112","D7"
"9803","BECv10","ICHxwa","ICHxwa/112","D6"
"9804","BECv10","ICHxwa","ICHxwa/112","C7"
"9805","BECv10","ICHxwa","ICHxwa/112","C6"
"9806","BECv10","ICHxwa","ICHxwa/113","E7"
"9807","BECv10","ICHxwa","ICHxwa/113","E6"
"9808","BECv10","ICHxwa","ICHxwa/113","D7"
"9809","BECv10","ICHxwa","ICHxwa/113","D6"
"9810","BECv12","ICHxwa","ICHxwa/Fm01","E5"
"9811","BECv12","ICHxwa","ICHxwa/Fm01","E6"
"9812","Add_2021","ICHxwa","ICHxwa/Ro","A0"
"9813","Add_2021","ICHxwa","ICHxwa/Ro","B0"
"9814","BECv10","IDFdc","IDFdc/01","D4"
"9815","BECv10","IDFdc","IDFdc/01","D3"
"9816","BECv10","IDFdc","IDFdc/01","C4"
"9817","BECv10","IDFdc","IDFdc/01","C3"
"9818","BECv10","IDFdc","IDFdc/01","B4"
"9819","BECv10","IDFdc","IDFdc/01","B3"
"9820","BECv10","IDFdc","IDFdc/01","A4"
"9821","BECv10","IDFdc","IDFdc/01","A3"
"9822","BECv10","IDFdc","IDFdc/02","D2"
"9823","BECv10","IDFdc","IDFdc/02","D1"
"9824","BECv10","IDFdc","IDFdc/02","D0"
"9825","BECv10","IDFdc","IDFdc/02","C2"
"9826","BECv10","IDFdc","IDFdc/02","C1"
"9827","BECv10","IDFdc","IDFdc/02","C0"
"9828","BECv10","IDFdc","IDFdc/02","B2"
"9829","BECv10","IDFdc","IDFdc/02","B1"
"9830","BECv10","IDFdc","IDFdc/02","B0"
"9831","BECv10","IDFdc","IDFdc/02","A2"
"9832","BECv10","IDFdc","IDFdc/02","A1"
"9833","BECv10","IDFdc","IDFdc/02","A0"
"9834","BECv10","IDFdc","IDFdc/03","D4"
"9835","BECv10","IDFdc","IDFdc/03","D3"
"9836","BECv10","IDFdc","IDFdc/03","D2"
"9837","BECv10","IDFdc","IDFdc/03","C4"
"9838","BECv10","IDFdc","IDFdc/03","C3"
"9839","BECv10","IDFdc","IDFdc/03","C2"
"9840","BECv10","IDFdc","IDFdc/03","B3"
"9841","BECv10","IDFdc","IDFdc/03","B2"
"9842","BECv10","IDFdc","IDFdc/03","A3"
"9843","BECv10","IDFdc","IDFdc/03","A2"
"9844","BECv10","IDFdc","IDFdc/04","E5"
"9845","BECv10","IDFdc","IDFdc/04","E4"
"9846","BECv10","IDFdc","IDFdc/04","D5"
"9847","BECv10","IDFdc","IDFdc/04","D4"
"9848","BECv10","IDFdc","IDFdc/04","C5"
"9849","BECv10","IDFdc","IDFdc/04","C4"
"9850","BECv10","IDFdc","IDFdc/04","B5"
"9851","BECv10","IDFdc","IDFdc/04","B4"
"9852","BECv10","IDFdc","IDFdc/04","A5"
"9853","BECv10","IDFdc","IDFdc/04","A4"
"9854","BECv10","IDFdc","IDFdc/05","E6"
"9855","BECv10","IDFdc","IDFdc/05","E5"
"9856","BECv10","IDFdc","IDFdc/05","D6"
"9857","BECv10","IDFdc","IDFdc/05","D5"
"9858","BECv10","IDFdc","IDFdc/05","C6"
"9859","BECv10","IDFdc","IDFdc/05","C5"
"9860","BECv10","IDFdc","IDFdc/05","B5"
"9861","BECv10","IDFdc","IDFdc/06","E7"
"9862","BECv10","IDFdc","IDFdc/06","E6"
"9863","BECv10","IDFdc","IDFdc/06","D6"
"9864","BECv10","IDFdc","IDFdc/06","C6"
"9865","BECv10","IDFdc","IDFdc/06","C5"
"9866","BECv10","IDFdc","IDFdc/06","B6"
"9867","BECv10","IDFdc","IDFdc/06","B5"
"9868","BECv10","IDFdc","IDFdc/07","E7"
"9869","BECv10","IDFdc","IDFdc/07","D7"
"9870","BECv10","IDFdc","IDFdc/07","D6"
"9871","BECv10","IDFdc","IDFdc/07","C7"
"9872","BECv10","IDFdc","IDFdc/07","C6"
"9873","BECv10","IDFdc","IDFdc/07","B7"
"9874","BECv10","IDFdc","IDFdc/07","B6"
"9875","BECv10","IDFdc","IDFdc/08","E7"
"9876","BECv10","IDFdc","IDFdc/08","D7"
"9877","BECv10","IDFdc","IDFdc/08","C7"
"9878","BECv10","IDFdc","IDFdc/08","B7"
"9879","BECv10","IDFdc","IDFdc/Gg","D1"
"9880","BECv10","IDFdc","IDFdc/Gg","C1"
"9881","BECv12","IDFdh","IDFdh/101","D4"
"9882","BECv12","IDFdh","IDFdh/101","C4"
"9883","BECv12","IDFdh","IDFdh/101","B4"
"9884","BECv12","IDFdh","IDFdh/102","C1"
"9885","BECv12","IDFdh","IDFdh/102","B1"
"9886","BECv12","IDFdh","IDFdh/102","A1"
"9887","BECv12","IDFdh","IDFdh/103","D2"
"9888","BECv12","IDFdh","IDFdh/103","C2"
"9889","BECv12","IDFdh","IDFdh/103","B2"
"9890","BECv12","IDFdh","IDFdh/104","D3"
"9891","BECv12","IDFdh","IDFdh/104","C3"
"9892","BECv12","IDFdh","IDFdh/104","B3"
"9893","BECv12","IDFdh","IDFdh/110","D5"
"9894","BECv12","IDFdh","IDFdh/110","C5"
"9895","BECv12","IDFdh","IDFdh/111","D6"
"9896","BECv12","IDFdh","IDFdh/111","D5"
"9897","BECv12","IDFdh","IDFdh/111","C6"
"9898","BECv12","IDFdh","IDFdh/111","C5"
"9899","BECv12","IDFdh","IDFdh/Fm01","E6"
"9900","BECv12","IDFdh","IDFdh/Fm01","E5"
"9901","BECv12","IDFdh","IDFdh/Fm05","E6"
"9902","BECv12","IDFdh","IDFdh/Fm05","E5"
"9903","Add_2021","IDFdh","IDFdh/Ro","A0"
"9904","Add_2021","IDFdh","IDFdh/Ro","B0"
"9905","USA_2019","IDFdh_MT","IDFdh_MT/101","D4"
"9906","USA_2019","IDFdh_MT","IDFdh_MT/101","D3"
"9907","USA_2019","IDFdh_MT","IDFdh_MT/101","C4"
"9908","USA_2019","IDFdh_MT","IDFdh_MT/101","C3"
"9909","USA_2019","IDFdh_MT","IDFdh_MT/101","B4"
"9910","USA_2019","IDFdh_MT","IDFdh_MT/101","B3"
"9911","USA_2019","IDFdh_MT","IDFdh_MT/102","D1"
"9912","USA_2019","IDFdh_MT","IDFdh_MT/102","C1"
"9913","USA_2019","IDFdh_MT","IDFdh_MT/102","B1"
"9914","USA_2019","IDFdh_MT","IDFdh_MT/102","A1"
"9915","USA_2019","IDFdh_MT","IDFdh_MT/103","D2"
"9916","USA_2019","IDFdh_MT","IDFdh_MT/103","C2"
"9917","USA_2019","IDFdh_MT","IDFdh_MT/103","B2"
"9918","USA_2019","IDFdh_MT","IDFdh_MT/103","A2"
"9919","USA_2019","IDFdh_MT","IDFdh_MT/110","C5"
"9920","USA_2019","IDFdh_MT","IDFdh_MT/110","B5"
"9921","USA_2019","IDFdh_MT","IDFdh_MT/111","C6"
"9922","USA_2019","IDFdh_MT","IDFdh_MT/111","B6"
"9923","USA_2019","IDFdh_MT","IDFdh_MT/112","E5"
"9924","USA_2019","IDFdh_MT","IDFdh_MT/112","D5"
"9925","USA_2019","IDFdh_MT","IDFdh_MT/113","E6"
"9926","USA_2019","IDFdh_MT","IDFdh_MT/113","D6"
"9927","Add_2021","IDFdh_MT","IDFdh_MT/Ro","A0"
"9928","Add_2021","IDFdh_MT","IDFdh_MT/Ro","B0"
"9929","USA_2019","IDFdh_UT","IDFdh_UT/101","D4"
"9930","USA_2019","IDFdh_UT","IDFdh_UT/101","D3"
"9931","USA_2019","IDFdh_UT","IDFdh_UT/101","C4"
"9932","USA_2019","IDFdh_UT","IDFdh_UT/101","C3"
"9933","USA_2019","IDFdh_UT","IDFdh_UT/101","B4"
"9934","USA_2019","IDFdh_UT","IDFdh_UT/101","B3"
"9935","USA_2019","IDFdh_UT","IDFdh_UT/102","D2"
"9936","USA_2019","IDFdh_UT","IDFdh_UT/102","C2"
"9937","USA_2019","IDFdh_UT","IDFdh_UT/102","B2"
"9938","USA_2019","IDFdh_UT","IDFdh_UT/102","A2"
"9939","USA_2019","IDFdh_UT","IDFdh_UT/110","C5"
"9940","USA_2019","IDFdh_UT","IDFdh_UT/110","B5"
"9941","USA_2019","IDFdh_UT","IDFdh_UT/111","C6"
"9942","USA_2019","IDFdh_UT","IDFdh_UT/111","B6"
"9943","USA_2019","IDFdh_UT","IDFdh_UT/112","E5"
"9944","USA_2019","IDFdh_UT","IDFdh_UT/112","D5"
"9945","USA_2019","IDFdh_UT","IDFdh_UT/113","E6"
"9946","USA_2019","IDFdh_UT","IDFdh_UT/113","D6"
"9947","USA_2019","IDFdh_UT","IDFdh_UT/Gg","D1"
"9948","USA_2019","IDFdh_UT","IDFdh_UT/Gg","C1"
"9949","USA_2019","IDFdh_UT","IDFdh_UT/Gg","B1"
"9950","USA_2019","IDFdh_UT","IDFdh_UT/Gg","A1"
"9951","Add_2021","IDFdh_UT","IDFdh_UT/Ro","A0"
"9952","Add_2021","IDFdh_UT","IDFdh_UT/Ro","B0"
"9953","USA_2019","IDFdh_WA","IDFdh_WA/101","D4"
"9954","USA_2019","IDFdh_WA","IDFdh_WA/101","D3"
"9955","USA_2019","IDFdh_WA","IDFdh_WA/101","C4"
"9956","USA_2019","IDFdh_WA","IDFdh_WA/101","C3"
"9957","USA_2019","IDFdh_WA","IDFdh_WA/101","B4"
"9958","USA_2019","IDFdh_WA","IDFdh_WA/101","B3"
"9959","USA_2019","IDFdh_WA","IDFdh_WA/101","A4"
"9960","USA_2019","IDFdh_WA","IDFdh_WA/101","A3"
"9961","USA_2019","IDFdh_WA","IDFdh_WA/102","D1"
"9962","USA_2019","IDFdh_WA","IDFdh_WA/102","C1"
"9963","USA_2019","IDFdh_WA","IDFdh_WA/102","B1"
"9964","USA_2019","IDFdh_WA","IDFdh_WA/102","A1"
"9965","USA_2019","IDFdh_WA","IDFdh_WA/103","D2"
"9966","USA_2019","IDFdh_WA","IDFdh_WA/103","C2"
"9967","USA_2019","IDFdh_WA","IDFdh_WA/103","B2"
"9968","USA_2019","IDFdh_WA","IDFdh_WA/103","A2"
"9969","USA_2019","IDFdh_WA","IDFdh_WA/110","C5"
"9970","USA_2019","IDFdh_WA","IDFdh_WA/110","B5"
"9971","USA_2019","IDFdh_WA","IDFdh_WA/111","C6"
"9972","USA_2019","IDFdh_WA","IDFdh_WA/111","B6"
"9973","USA_2019","IDFdh_WA","IDFdh_WA/112","E5"
"9974","USA_2019","IDFdh_WA","IDFdh_WA/112","D5"
"9975","USA_2019","IDFdh_WA","IDFdh_WA/113","E6"
"9976","USA_2019","IDFdh_WA","IDFdh_WA/113","D6"
"9977","Add_2021","IDFdh_WA","IDFdh_WA/Ro","A0"
"9978","Add_2021","IDFdh_WA","IDFdh_WA/Ro","B0"
"9979","USA_2019","IDFdk_MT","IDFdk_MT/101","D4"
"9980","USA_2019","IDFdk_MT","IDFdk_MT/101","D3"
"9981","USA_2019","IDFdk_MT","IDFdk_MT/101","C4"
"9982","USA_2019","IDFdk_MT","IDFdk_MT/101","C3"
"9983","USA_2019","IDFdk_MT","IDFdk_MT/101","B4"
"9984","USA_2019","IDFdk_MT","IDFdk_MT/101","B3"
"9985","USA_2019","IDFdk_MT","IDFdk_MT/102","D1"
"9986","USA_2019","IDFdk_MT","IDFdk_MT/102","C1"
"9987","USA_2019","IDFdk_MT","IDFdk_MT/102","B1"
"9988","USA_2019","IDFdk_MT","IDFdk_MT/102","A1"
"9989","USA_2019","IDFdk_MT","IDFdk_MT/103","D2"
"9990","USA_2019","IDFdk_MT","IDFdk_MT/103","C2"
"9991","USA_2019","IDFdk_MT","IDFdk_MT/103","B2"
"9992","USA_2019","IDFdk_MT","IDFdk_MT/103","A2"
"9993","USA_2019","IDFdk_MT","IDFdk_MT/110","C5"
"9994","USA_2019","IDFdk_MT","IDFdk_MT/110","B5"
"9995","USA_2019","IDFdk_MT","IDFdk_MT/111","C6"
"9996","USA_2019","IDFdk_MT","IDFdk_MT/111","B6"
"9997","USA_2019","IDFdk_MT","IDFdk_MT/112","E5"
"9998","USA_2019","IDFdk_MT","IDFdk_MT/112","D5"
"9999","USA_2019","IDFdk_MT","IDFdk_MT/113","E6"
"10000","USA_2019","IDFdk_MT","IDFdk_MT/113","D6"
"10001","Add_2021","IDFdk_MT","IDFdk_MT/Ro","A0"
"10002","Add_2021","IDFdk_MT","IDFdk_MT/Ro","B0"
"10003","USA_2019","IDFdk_WA","IDFdk_WA/101","D4"
"10004","USA_2019","IDFdk_WA","IDFdk_WA/101","D3"
"10005","USA_2019","IDFdk_WA","IDFdk_WA/101","C4"
"10006","USA_2019","IDFdk_WA","IDFdk_WA/101","C3"
"10007","USA_2019","IDFdk_WA","IDFdk_WA/101","B4"
"10008","USA_2019","IDFdk_WA","IDFdk_WA/101","B3"
"10009","USA_2019","IDFdk_WA","IDFdk_WA/102","D1"
"10010","USA_2019","IDFdk_WA","IDFdk_WA/102","C1"
"10011","USA_2019","IDFdk_WA","IDFdk_WA/102","B1"
"10012","USA_2019","IDFdk_WA","IDFdk_WA/102","A1"
"10013","USA_2019","IDFdk_WA","IDFdk_WA/103","D2"
"10014","USA_2019","IDFdk_WA","IDFdk_WA/103","C2"
"10015","USA_2019","IDFdk_WA","IDFdk_WA/103","B2"
"10016","USA_2019","IDFdk_WA","IDFdk_WA/103","A2"
"10017","USA_2019","IDFdk_WA","IDFdk_WA/110","C5"
"10018","USA_2019","IDFdk_WA","IDFdk_WA/110","B5"
"10019","USA_2019","IDFdk_WA","IDFdk_WA/111","C6"
"10020","USA_2019","IDFdk_WA","IDFdk_WA/111","B6"
"10021","USA_2019","IDFdk_WA","IDFdk_WA/112","E5"
"10022","USA_2019","IDFdk_WA","IDFdk_WA/112","D5"
"10023","USA_2019","IDFdk_WA","IDFdk_WA/113","E6"
"10024","USA_2019","IDFdk_WA","IDFdk_WA/113","D6"
"10025","Add_2021","IDFdk_WA","IDFdk_WA/Ro","A0"
"10026","Add_2021","IDFdk_WA","IDFdk_WA/Ro","B0"
"10027","BECv12","IDFdk1","IDFdk1/101","D4"
"10028","BECv12","IDFdk1","IDFdk1/101","D3"
"10029","BECv12","IDFdk1","IDFdk1/101","C4"
"10030","BECv12","IDFdk1","IDFdk1/101","C3"
"10031","BECv12","IDFdk1","IDFdk1/101","B4"
"10032","BECv12","IDFdk1","IDFdk1/101","B3"
"10033","BECv12","IDFdk1","IDFdk1/102","C1"
"10034","BECv12","IDFdk1","IDFdk1/102","C0"
"10035","BECv12","IDFdk1","IDFdk1/102","B1"
"10036","BECv12","IDFdk1","IDFdk1/102","A1"
"10037","BECv12","IDFdk1","IDFdk1/103","D2"
"10038","BECv12","IDFdk1","IDFdk1/103","C2"
"10039","BECv12","IDFdk1","IDFdk1/103","B2"
"10040","BECv12","IDFdk1","IDFdk1/104","D3"
"10041","BECv12","IDFdk1","IDFdk1/104","D2"
"10042","BECv12","IDFdk1","IDFdk1/104","C3"
"10043","BECv12","IDFdk1","IDFdk1/104","C2"
"10044","BECv12","IDFdk1","IDFdk1/104","B3"
"10045","BECv12","IDFdk1","IDFdk1/104","B2"
"10046","BECv12","IDFdk1","IDFdk1/105","D4"
"10047","BECv12","IDFdk1","IDFdk1/105","D3"
"10048","BECv12","IDFdk1","IDFdk1/105","C4"
"10049","BECv12","IDFdk1","IDFdk1/105","C3"
"10050","BECv12","IDFdk1","IDFdk1/105","B4"
"10051","BECv12","IDFdk1","IDFdk1/105","B3"
"10052","BECv12","IDFdk1","IDFdk1/110","E5"
"10053","BECv12","IDFdk1","IDFdk1/110","D5"
"10054","BECv12","IDFdk1","IDFdk1/111","D5"
"10055","BECv12","IDFdk1","IDFdk1/111","C5"
"10056","BECv12","IDFdk1","IDFdk1/Fm02","E7"
"10057","BECv12","IDFdk1","IDFdk1/Fm02","E6"
"10058","BECv12","IDFdk1","IDFdk1/Fm02","D7"
"10059","BECv12","IDFdk1","IDFdk1/Fm02","D6"
"10060","BECv12","IDFdk1","IDFdk1/Fm02","C7"
"10061","BECv12","IDFdk1","IDFdk1/Fm02","C6"
"10062","BECv12","IDFdk1","IDFdk1/Fm05","E7"
"10063","BECv12","IDFdk1","IDFdk1/Fm05","E6"
"10064","BECv12","IDFdk1","IDFdk1/Fm05","D7"
"10065","BECv12","IDFdk1","IDFdk1/Fm05","D6"
"10066","BECv12","IDFdk1","IDFdk1/Fm05","C7"
"10067","BECv12","IDFdk1","IDFdk1/Fm05","C6"
"10068","BECv10","IDFdk1","IDFdk1/Gg1","C1"
"10069","BECv10","IDFdk1","IDFdk1/Gg1","B1"
"10070","BECv10","IDFdk1","IDFdk1/Gg2","E4"
"10071","BECv10","IDFdk1","IDFdk1/Gg2","E3"
"10072","BECv10","IDFdk1","IDFdk1/Gg2","D4"
"10073","BECv10","IDFdk1","IDFdk1/Gg2","D3"
"10074","BECv10","IDFdk1","IDFdk1/Gg2","C4"
"10075","BECv10","IDFdk1","IDFdk1/Gg2","C3"
"10076","BECv10","IDFdk1","IDFdk1/Gg2","C2"
"10077","BECv10","IDFdk1","IDFdk1/Gg2","B3"
"10078","BECv10","IDFdk1","IDFdk1/Gg2","B2"
"10079","Add_2021","IDFdk1","IDFdk1/Ro","A0"
"10080","Add_2021","IDFdk1","IDFdk1/Ro","B0"
"10081","BECv12","IDFdk2","IDFdk2/101","D4"
"10082","BECv12","IDFdk2","IDFdk2/101","D3"
"10083","BECv12","IDFdk2","IDFdk2/101","C4"
"10084","BECv12","IDFdk2","IDFdk2/101","C3"
"10085","BECv12","IDFdk2","IDFdk2/101","B4"
"10086","BECv12","IDFdk2","IDFdk2/101","B3"
"10087","BECv12","IDFdk2","IDFdk2/102","C1"
"10088","BECv12","IDFdk2","IDFdk2/102","B1"
"10089","BECv12","IDFdk2","IDFdk2/102","A1"
"10090","BECv12","IDFdk2","IDFdk2/103","D2"
"10091","BECv12","IDFdk2","IDFdk2/103","D1"
"10092","BECv12","IDFdk2","IDFdk2/103","C2"
"10093","BECv12","IDFdk2","IDFdk2/103","C1"
"10094","BECv12","IDFdk2","IDFdk2/103","B2"
"10095","BECv12","IDFdk2","IDFdk2/104","D3"
"10096","BECv12","IDFdk2","IDFdk2/104","D2"
"10097","BECv12","IDFdk2","IDFdk2/104","C3"
"10098","BECv12","IDFdk2","IDFdk2/104","C2"
"10099","BECv12","IDFdk2","IDFdk2/104","B3"
"10100","BECv12","IDFdk2","IDFdk2/104","B2"
"10101","BECv12","IDFdk2","IDFdk2/105","D4"
"10102","BECv12","IDFdk2","IDFdk2/105","D3"
"10103","BECv12","IDFdk2","IDFdk2/105","C4"
"10104","BECv12","IDFdk2","IDFdk2/105","C3"
"10105","BECv12","IDFdk2","IDFdk2/105","B4"
"10106","BECv12","IDFdk2","IDFdk2/105","B3"
"10107","BECv12","IDFdk2","IDFdk2/110","D5"
"10108","BECv12","IDFdk2","IDFdk2/110","C5"
"10109","BECv12","IDFdk2","IDFdk2/111","E7"
"10110","BECv12","IDFdk2","IDFdk2/111","D7"
"10111","BECv12","IDFdk2","IDFdk2/111","C7"
"10112","BECv12","IDFdk2","IDFdk2/111","C6"
"10113","BECv12","IDFdk2","IDFdk2/Fm02","E6"
"10114","BECv12","IDFdk2","IDFdk2/Fm02","E5"
"10115","BECv12","IDFdk2","IDFdk2/Fm02","D6"
"10116","BECv10","IDFdk2","IDFdk2/Gg","D1"
"10117","BECv10","IDFdk2","IDFdk2/Gg","C1"
"10118","BECv10","IDFdk2","IDFdk2/Gg","B1"
"10119","BECv10","IDFdk3","IDFdk3/01","D4"
"10120","BECv10","IDFdk3","IDFdk3/01","C4"
"10121","BECv10","IDFdk3","IDFdk3/01","B4"
"10122","BECv10","IDFdk3","IDFdk3/02","B1"
"10123","BECv10","IDFdk3","IDFdk3/02","A1"
"10124","BECv10","IDFdk3","IDFdk3/03","D1"
"10125","BECv10","IDFdk3","IDFdk3/03","C1"
"10126","BECv10","IDFdk3","IDFdk3/04","D2"
"10127","BECv10","IDFdk3","IDFdk3/04","C2"
"10128","BECv10","IDFdk3","IDFdk3/05","C3"
"10129","BECv10","IDFdk3","IDFdk3/05","C2"
"10130","BECv10","IDFdk3","IDFdk3/05","B3"
"10131","BECv10","IDFdk3","IDFdk3/05","B2"
"10132","BECv10","IDFdk3","IDFdk3/05","A3"
"10133","BECv10","IDFdk3","IDFdk3/05","A2"
"10134","BECv10","IDFdk3","IDFdk3/06","D3"
"10135","BECv10","IDFdk3","IDFdk3/06","C3"
"10136","BECv10","IDFdk3","IDFdk3/07","D5"
"10137","BECv10","IDFdk3","IDFdk3/07","C5"
"10138","BECv10","IDFdk3","IDFdk3/08","E5"
"10139","BECv10","IDFdk3","IDFdk3/08","D5"
"10140","BECv10","IDFdk3","IDFdk3/09","E7"
"10141","BECv10","IDFdk3","IDFdk3/09","E6"
"10142","BECv10","IDFdk3","IDFdk3/09","D7"
"10143","BECv10","IDFdk3","IDFdk3/09","D6"
"10144","BECv10","IDFdk3","IDFdk3/09","C7"
"10145","BECv10","IDFdk3","IDFdk3/09","C6"
"10146","BECv10","IDFdk3","IDFdk3/09","B7"
"10147","BECv10","IDFdk3","IDFdk3/09","B6"
"10148","Add_2021","IDFdk3","IDFdk3/Ro","A0"
"10149","Add_2021","IDFdk3","IDFdk3/Ro","B0"
"10150","BECv10","IDFdk4","IDFdk4/01","D4"
"10151","BECv10","IDFdk4","IDFdk4/01","D3"
"10152","BECv10","IDFdk4","IDFdk4/01","C4"
"10153","BECv10","IDFdk4","IDFdk4/01","B4"
"10154","BECv10","IDFdk4","IDFdk4/02","D1"
"10155","BECv10","IDFdk4","IDFdk4/02","C1"
"10156","BECv10","IDFdk4","IDFdk4/02","B1"
"10157","BECv10","IDFdk4","IDFdk4/02","A1"
"10158","BECv10","IDFdk4","IDFdk4/03","B2"
"10159","BECv10","IDFdk4","IDFdk4/03","B1"
"10160","BECv10","IDFdk4","IDFdk4/03","A2"
"10161","BECv10","IDFdk4","IDFdk4/03","A1"
"10162","BECv10","IDFdk4","IDFdk4/04","D2"
"10163","BECv10","IDFdk4","IDFdk4/04","D1"
"10164","BECv10","IDFdk4","IDFdk4/04","C2"
"10165","BECv10","IDFdk4","IDFdk4/04","C1"
"10166","BECv10","IDFdk4","IDFdk4/05","D3"
"10167","BECv10","IDFdk4","IDFdk4/05","D2"
"10168","BECv10","IDFdk4","IDFdk4/05","C3"
"10169","BECv10","IDFdk4","IDFdk4/05","C2"
"10170","BECv10","IDFdk4","IDFdk4/06","B3"
"10171","BECv10","IDFdk4","IDFdk4/06","A3"
"10172","BECv10","IDFdk4","IDFdk4/07","C3"
"10173","BECv10","IDFdk4","IDFdk4/07","B3"
"10174","BECv10","IDFdk4","IDFdk4/08","C5"
"10175","BECv10","IDFdk4","IDFdk4/08","B5"
"10176","BECv10","IDFdk4","IDFdk4/09","E5"
"10177","BECv10","IDFdk4","IDFdk4/09","D5"
"10178","BECv10","IDFdk4","IDFdk4/09","C5"
"10179","BECv10","IDFdk4","IDFdk4/10","E7"
"10180","BECv10","IDFdk4","IDFdk4/10","E6"
"10181","BECv10","IDFdk4","IDFdk4/10","D7"
"10182","BECv10","IDFdk4","IDFdk4/10","D6"
"10183","BECv10","IDFdk4","IDFdk4/10","C7"
"10184","BECv10","IDFdk4","IDFdk4/10","C6"
"10185","BECv10","IDFdk4","IDFdk4/10","B7"
"10186","BECv10","IDFdk4","IDFdk4/10","B6"
"10187","Add_2021","IDFdk4","IDFdk4/Ro","A0"
"10188","Add_2021","IDFdk4","IDFdk4/Ro","B0"
"10189","BECv11","IDFdk5","IDFdk5/101","C4"
"10190","BECv11","IDFdk5","IDFdk5/101","D3"
"10191","BECv11","IDFdk5","IDFdk5/101","D4"
"10192","BECv11","IDFdk5","IDFdk5/101","B4"
"10193","BECv11","IDFdk5","IDFdk5/102","A1"
"10194","BECv11","IDFdk5","IDFdk5/102","B1"
"10195","BECv11","IDFdk5","IDFdk5/102","C1"
"10196","BECv11","IDFdk5","IDFdk5/103","B2"
"10197","BECv11","IDFdk5","IDFdk5/103","C2"
"10198","BECv11","IDFdk5","IDFdk5/103","D2"
"10199","BECv11","IDFdk5","IDFdk5/104","B3"
"10200","BECv11","IDFdk5","IDFdk5/104","C3"
"10201","BECv11","IDFdk5","IDFdk5/104","D3"
"10202","BECv11","IDFdk5","IDFdk5/110","C5"
"10203","BECv11","IDFdk5","IDFdk5/110","C6"
"10204","BECv11","IDFdk5","IDFdk5/110","D5"
"10205","BECv11","IDFdk5","IDFdk5/110","D6"
"10206","BECv11","IDFdk5","IDFdk5/111","C6"
"10207","BECv11","IDFdk5","IDFdk5/111","C7"
"10208","BECv11","IDFdk5","IDFdk5/111","D6"
"10209","BECv11","IDFdk5","IDFdk5/111","D7"
"10210","BECv11","IDFdk5","IDFdk5/111","E7"
"10211","BECv12","IDFdk5","IDFdk5/Fm01","E6"
"10212","BECv12","IDFdk5","IDFdk5/Fm01","E5"
"10213","BECv12","IDFdk5","IDFdk5/Fm02","E6"
"10214","BECv12","IDFdk5","IDFdk5/Fm02","E5"
"10215","BECv12","IDFdk5","IDFdk5/Fm07","E6"
"10216","BECv12","IDFdk5","IDFdk5/Fm07","E5"
"10217","BECv11","IDFdk5","IDFdk5/Ro","A0"
"10218","BECv11","IDFdk5","IDFdk5/Ro","B0"
"10219","BECv11","IDFdk5","IDFdk5/Ro","C0"
"10220","USA_2020","IDFdkx_MT","IDFdkx_MT/101","D4"
"10221","USA_2020","IDFdkx_MT","IDFdkx_MT/101","D3"
"10222","USA_2020","IDFdkx_MT","IDFdkx_MT/101","C4"
"10223","USA_2020","IDFdkx_MT","IDFdkx_MT/101","C3"
"10224","USA_2020","IDFdkx_MT","IDFdkx_MT/101","B4"
"10225","USA_2020","IDFdkx_MT","IDFdkx_MT/101","B3"
"10226","USA_2020","IDFdkx_MT","IDFdkx_MT/102","D1"
"10227","USA_2020","IDFdkx_MT","IDFdkx_MT/102","C1"
"10228","USA_2020","IDFdkx_MT","IDFdkx_MT/102","B1"
"10229","USA_2020","IDFdkx_MT","IDFdkx_MT/102","A1"
"10230","USA_2020","IDFdkx_MT","IDFdkx_MT/103","D2"
"10231","USA_2020","IDFdkx_MT","IDFdkx_MT/103","C2"
"10232","USA_2020","IDFdkx_MT","IDFdkx_MT/103","B2"
"10233","USA_2020","IDFdkx_MT","IDFdkx_MT/103","A2"
"10234","USA_2020","IDFdkx_MT","IDFdkx_MT/110","C5"
"10235","USA_2020","IDFdkx_MT","IDFdkx_MT/110","B5"
"10236","USA_2020","IDFdkx_MT","IDFdkx_MT/111","C6"
"10237","USA_2020","IDFdkx_MT","IDFdkx_MT/111","B6"
"10238","USA_2020","IDFdkx_MT","IDFdkx_MT/112","E5"
"10239","USA_2020","IDFdkx_MT","IDFdkx_MT/112","D5"
"10240","USA_2020","IDFdkx_MT","IDFdkx_MT/113","E6"
"10241","USA_2020","IDFdkx_MT","IDFdkx_MT/113","D6"
"10242","Add_2021","IDFdkx_MT","IDFdkx_MT/Ro","A0"
"10243","Add_2021","IDFdkx_MT","IDFdkx_MT/Ro","B0"
"10244","USA_2019","IDFdm_MT","IDFdm_MT/101","D4"
"10245","USA_2019","IDFdm_MT","IDFdm_MT/101","D3"
"10246","USA_2019","IDFdm_MT","IDFdm_MT/101","C4"
"10247","USA_2019","IDFdm_MT","IDFdm_MT/101","C3"
"10248","USA_2019","IDFdm_MT","IDFdm_MT/101","B4"
"10249","USA_2019","IDFdm_MT","IDFdm_MT/101","B3"
"10250","USA_2019","IDFdm_MT","IDFdm_MT/102","D1"
"10251","USA_2019","IDFdm_MT","IDFdm_MT/102","C1"
"10252","USA_2019","IDFdm_MT","IDFdm_MT/102","B1"
"10253","USA_2019","IDFdm_MT","IDFdm_MT/102","A1"
"10254","USA_2019","IDFdm_MT","IDFdm_MT/103","D2"
"10255","USA_2019","IDFdm_MT","IDFdm_MT/103","C2"
"10256","USA_2019","IDFdm_MT","IDFdm_MT/103","B2"
"10257","USA_2019","IDFdm_MT","IDFdm_MT/103","A2"
"10258","USA_2019","IDFdm_MT","IDFdm_MT/110","C5"
"10259","USA_2019","IDFdm_MT","IDFdm_MT/110","B5"
"10260","USA_2019","IDFdm_MT","IDFdm_MT/111","C6"
"10261","USA_2019","IDFdm_MT","IDFdm_MT/111","B6"
"10262","USA_2019","IDFdm_MT","IDFdm_MT/112","E5"
"10263","USA_2019","IDFdm_MT","IDFdm_MT/112","D5"
"10264","USA_2019","IDFdm_MT","IDFdm_MT/113","E6"
"10265","USA_2019","IDFdm_MT","IDFdm_MT/113","D6"
"10266","Add_2021","IDFdm_MT","IDFdm_MT/Ro","A0"
"10267","Add_2021","IDFdm_MT","IDFdm_MT/Ro","B0"
"10268","USA_2019","IDFdm_WA","IDFdm_WA/101","D4"
"10269","USA_2019","IDFdm_WA","IDFdm_WA/101","D3"
"10270","USA_2019","IDFdm_WA","IDFdm_WA/101","C4"
"10271","USA_2019","IDFdm_WA","IDFdm_WA/101","C3"
"10272","USA_2019","IDFdm_WA","IDFdm_WA/101","B4"
"10273","USA_2019","IDFdm_WA","IDFdm_WA/101","B3"
"10274","USA_2019","IDFdm_WA","IDFdm_WA/101","A4"
"10275","USA_2019","IDFdm_WA","IDFdm_WA/101","A3"
"10276","USA_2019","IDFdm_WA","IDFdm_WA/102","D1"
"10277","USA_2019","IDFdm_WA","IDFdm_WA/102","C1"
"10278","USA_2019","IDFdm_WA","IDFdm_WA/102","B1"
"10279","USA_2019","IDFdm_WA","IDFdm_WA/102","A1"
"10280","USA_2019","IDFdm_WA","IDFdm_WA/103","D2"
"10281","USA_2019","IDFdm_WA","IDFdm_WA/103","C2"
"10282","USA_2019","IDFdm_WA","IDFdm_WA/103","B2"
"10283","USA_2019","IDFdm_WA","IDFdm_WA/103","A2"
"10284","USA_2019","IDFdm_WA","IDFdm_WA/110","C5"
"10285","USA_2019","IDFdm_WA","IDFdm_WA/110","B5"
"10286","USA_2019","IDFdm_WA","IDFdm_WA/111","C6"
"10287","USA_2019","IDFdm_WA","IDFdm_WA/111","B6"
"10288","USA_2019","IDFdm_WA","IDFdm_WA/112","E5"
"10289","USA_2019","IDFdm_WA","IDFdm_WA/112","D5"
"10290","USA_2019","IDFdm_WA","IDFdm_WA/113","E6"
"10291","USA_2019","IDFdm_WA","IDFdm_WA/113","D6"
"10292","Add_2021","IDFdm_WA","IDFdm_WA/Ro","A0"
"10293","Add_2021","IDFdm_WA","IDFdm_WA/Ro","B0"
"10294","BECv12","IDFdm1","IDFdm1/101","D4"
"10295","BECv12","IDFdm1","IDFdm1/101","D3"
"10296","BECv12","IDFdm1","IDFdm1/101","C4"
"10297","BECv12","IDFdm1","IDFdm1/101","B4"
"10298","BECv12","IDFdm1","IDFdm1/102","B1"
"10299","BECv12","IDFdm1","IDFdm1/102","A1"
"10300","BECv12","IDFdm1","IDFdm1/103","D2"
"10301","BECv12","IDFdm1","IDFdm1/103","C2"
"10302","BECv12","IDFdm1","IDFdm1/103","B2"
"10303","BECv12","IDFdm1","IDFdm1/104","D3"
"10304","BECv12","IDFdm1","IDFdm1/104","D2"
"10305","BECv12","IDFdm1","IDFdm1/104","C3"
"10306","BECv12","IDFdm1","IDFdm1/104","B3"
"10307","BECv12","IDFdm1","IDFdm1/110","D5"
"10308","BECv12","IDFdm1","IDFdm1/110","C5"
"10309","BECv12","IDFdm1","IDFdm1/110.1","D5"
"10310","BECv12","IDFdm1","IDFdm1/110.1","C5"
"10311","BECv12","IDFdm1","IDFdm1/110.2","D5"
"10312","BECv12","IDFdm1","IDFdm1/110.2","C5"
"10313","BECv12","IDFdm1","IDFdm1/111","E6"
"10314","BECv12","IDFdm1","IDFdm1/111","D6"
"10315","BECv12","IDFdm1","IDFdm1/111","D5"
"10316","BECv12","IDFdm1","IDFdm1/111","C6"
"10317","BECv12","IDFdm1","IDFdm1/111","C5"
"10318","BECv12","IDFdm1","IDFdm1/112","E7"
"10319","BECv12","IDFdm1","IDFdm1/112","E6"
"10320","BECv12","IDFdm1","IDFdm1/112","D7"
"10321","BECv12","IDFdm1","IDFdm1/112","D6"
"10322","BECv12","IDFdm1","IDFdm1/112","C7"
"10323","BECv12","IDFdm1","IDFdm1/112","C6"
"10324","BECv12","IDFdm1","IDFdm1/Fm01","E5"
"10325","BECv12","IDFdm1","IDFdm1/Fm01","E6"
"10326","BECv12","IDFdm1","IDFdm1/Fm05","E5"
"10327","BECv12","IDFdm1","IDFdm1/Fm05","E6"
"10328","Add_2021","IDFdm1","IDFdm1/Ro","A0"
"10329","Add_2021","IDFdm1","IDFdm1/Ro","B0"
"10330","BECv11","IDFdm2","IDFdm2/101","C4"
"10331","BECv11","IDFdm2","IDFdm2/101","D3"
"10332","BECv11","IDFdm2","IDFdm2/101","D4"
"10333","BECv11","IDFdm2","IDFdm2/101","B4"
"10334","BECv11","IDFdm2","IDFdm2/102","B1"
"10335","BECv11","IDFdm2","IDFdm2/102","C1"
"10336","BECv11","IDFdm2","IDFdm2/103","B2"
"10337","BECv11","IDFdm2","IDFdm2/103","C2"
"10338","BECv11","IDFdm2","IDFdm2/103","D2"
"10339","BECv11","IDFdm2","IDFdm2/104","B3"
"10340","BECv11","IDFdm2","IDFdm2/104","C3"
"10341","BECv11","IDFdm2","IDFdm2/104","D2"
"10342","BECv11","IDFdm2","IDFdm2/104","D3"
"10343","BECv11","IDFdm2","IDFdm2/110","C5"
"10344","BECv11","IDFdm2","IDFdm2/110","D4"
"10345","BECv11","IDFdm2","IDFdm2/110","D5"
"10346","BECv11","IDFdm2","IDFdm2/110","E5"
"10347","BECv11","IDFdm2","IDFdm2/111","C5"
"10348","BECv11","IDFdm2","IDFdm2/111","C6"
"10349","BECv11","IDFdm2","IDFdm2/111","D5"
"10350","BECv11","IDFdm2","IDFdm2/111","D6"
"10351","BECv11","IDFdm2","IDFdm2/111","E5"
"10352","BECv11","IDFdm2","IDFdm2/111","E6"
"10353","BECv11","IDFdm2","IDFdm2/112","C6"
"10354","BECv11","IDFdm2","IDFdm2/112","C7"
"10355","BECv11","IDFdm2","IDFdm2/112","D6"
"10356","BECv11","IDFdm2","IDFdm2/112","D7"
"10357","BECv11","IDFdm2","IDFdm2/112","E6"
"10358","BECv11","IDFdm2","IDFdm2/112","E7"
"10359","BECv11","IDFdm2","IDFdm2/112a","C6"
"10360","BECv11","IDFdm2","IDFdm2/112a","D6"
"10361","BECv11","IDFdm2","IDFdm2/112a","E6"
"10362","BECv11","IDFdm2","IDFdm2/112a","E7"
"10363","BECv11","IDFdm2","IDFdm2/112b","C7"
"10364","BECv11","IDFdm2","IDFdm2/112b","D7"
"10365","BECv11","IDFdm2","IDFdm2/Ro","A0"
"10366","BECv11","IDFdm2","IDFdm2/Ro","B0"
"10367","BECv11","IDFdm2","IDFdm2/Ro","C0"
"10368","BECv13","IDFdw","IDFdw/101","B4"
"10369","BECv13","IDFdw","IDFdw/101","C4"
"10370","BECv13","IDFdw","IDFdw/101","D4"
"10371","BECv13","IDFdw","IDFdw/101","D3"
"10372","BECv13","IDFdw","IDFdw/101","C3"
"10373","BECv13","IDFdw","IDFdw/101","B3"
"10374","BECv13","IDFdw","IDFdw/102","A1"
"10375","BECv13","IDFdw","IDFdw/102","B1"
"10376","BECv13","IDFdw","IDFdw/102","C1"
"10377","BECv13","IDFdw","IDFdw/102","D1"
"10378","BECv13","IDFdw","IDFdw/103","A2"
"10379","BECv13","IDFdw","IDFdw/103","B2"
"10380","BECv13","IDFdw","IDFdw/103","A3"
"10381","BECv13","IDFdw","IDFdw/103","B3"
"10382","BECv13","IDFdw","IDFdw/104","B2"
"10383","BECv13","IDFdw","IDFdw/104","C2"
"10384","BECv13","IDFdw","IDFdw/104","D2"
"10385","BECv13","IDFdw","IDFdw/104","B3"
"10386","BECv13","IDFdw","IDFdw/104","C3"
"10387","BECv13","IDFdw","IDFdw/104","D3"
"10388","BECv13","IDFdw","IDFdw/105","B3"
"10389","BECv13","IDFdw","IDFdw/105","B4"
"10390","BECv13","IDFdw","IDFdw/105","C4"
"10391","BECv13","IDFdw","IDFdw/105","D4"
"10392","BECv13","IDFdw","IDFdw/105","D3"
"10393","BECv13","IDFdw","IDFdw/105","C3"
"10394","BECv13","IDFdw","IDFdw/110","B5"
"10395","BECv13","IDFdw","IDFdw/110","C5"
"10396","BECv13","IDFdw","IDFdw/110","D5"
"10397","BECv13","IDFdw","IDFdw/111","B6"
"10398","BECv13","IDFdw","IDFdw/111","C6"
"10399","BECv13","IDFdw","IDFdw/111","D6"
"10400","BECv13","IDFdw","IDFdw/111","C5"
"10401","BECv13","IDFdw","IDFdw/111","D5"
"10402","BECv13","IDFdw","IDFdw/111","E5"
"10403","BECv13","IDFdw","IDFdw/112","E6"
"10404","BECv13","IDFdw","IDFdw/112","D6"
"10405","BECv13","IDFdw","IDFdw/113","B7"
"10406","BECv13","IDFdw","IDFdw/113","C7"
"10407","BECv13","IDFdw","IDFdw/113","D7"
"10408","BECv13","IDFdw","IDFdw/113","E7"
"10409","BECv13","IDFdw","IDFdw/113","E6"
"10410","BECv13","IDFdw","IDFdw/113","D6"
"10411","BECv13","IDFdw","IDFdw/113","C6"
"10412","BECv13","IDFdw","IDFdw/113","B6"
"10413","BECv13","IDFdw","IDFdw/Fm02","B6"
"10414","BECv13","IDFdw","IDFdw/Fm02","C6"
"10415","BECv13","IDFdw","IDFdw/Fm02","D6"
"10416","BECv13","IDFdw","IDFdw/Fm02","C5"
"10417","BECv13","IDFdw","IDFdw/Fm02","D5"
"10418","BECv13","IDFdw","IDFdw/Fm02","E5"
"10419","USA_2019","IDFdx_MT","IDFdx_MT/101","D4"
"10420","USA_2019","IDFdx_MT","IDFdx_MT/101","D3"
"10421","USA_2019","IDFdx_MT","IDFdx_MT/101","C4"
"10422","USA_2019","IDFdx_MT","IDFdx_MT/101","C3"
"10423","USA_2019","IDFdx_MT","IDFdx_MT/101","B4"
"10424","USA_2019","IDFdx_MT","IDFdx_MT/101","B3"
"10425","USA_2019","IDFdx_MT","IDFdx_MT/102","D2"
"10426","USA_2019","IDFdx_MT","IDFdx_MT/102","C2"
"10427","USA_2019","IDFdx_MT","IDFdx_MT/102","B2"
"10428","USA_2019","IDFdx_MT","IDFdx_MT/102","A2"
"10429","USA_2019","IDFdx_MT","IDFdx_MT/110","C5"
"10430","USA_2019","IDFdx_MT","IDFdx_MT/110","B5"
"10431","USA_2019","IDFdx_MT","IDFdx_MT/111","C6"
"10432","USA_2019","IDFdx_MT","IDFdx_MT/111","B6"
"10433","USA_2019","IDFdx_MT","IDFdx_MT/112","E5"
"10434","USA_2019","IDFdx_MT","IDFdx_MT/112","D5"
"10435","USA_2019","IDFdx_MT","IDFdx_MT/113","E6"
"10436","USA_2019","IDFdx_MT","IDFdx_MT/113","D6"
"10437","USA_2019","IDFdx_MT","IDFdx_MT/Gg","D1"
"10438","USA_2019","IDFdx_MT","IDFdx_MT/Gg","C1"
"10439","USA_2019","IDFdx_MT","IDFdx_MT/Gg","B1"
"10440","USA_2019","IDFdx_MT","IDFdx_MT/Gg","A1"
"10441","Add_2021","IDFdx_MT","IDFdx_MT/Ro","A0"
"10442","Add_2021","IDFdx_MT","IDFdx_MT/Ro","B0"
"10443","USA_2020","IDFdxx_WY","IDFdxx_WY/101","D4"
"10444","USA_2020","IDFdxx_WY","IDFdxx_WY/101","D3"
"10445","USA_2020","IDFdxx_WY","IDFdxx_WY/101","C4"
"10446","USA_2020","IDFdxx_WY","IDFdxx_WY/101","C3"
"10447","USA_2020","IDFdxx_WY","IDFdxx_WY/101","B4"
"10448","USA_2020","IDFdxx_WY","IDFdxx_WY/101","B3"
"10449","USA_2020","IDFdxx_WY","IDFdxx_WY/102","D2"
"10450","USA_2020","IDFdxx_WY","IDFdxx_WY/102","C2"
"10451","USA_2020","IDFdxx_WY","IDFdxx_WY/102","B2"
"10452","USA_2020","IDFdxx_WY","IDFdxx_WY/102","A2"
"10453","USA_2020","IDFdxx_WY","IDFdxx_WY/110","C5"
"10454","USA_2020","IDFdxx_WY","IDFdxx_WY/110","B5"
"10455","USA_2020","IDFdxx_WY","IDFdxx_WY/111","C6"
"10456","USA_2020","IDFdxx_WY","IDFdxx_WY/111","B6"
"10457","USA_2020","IDFdxx_WY","IDFdxx_WY/112","E5"
"10458","USA_2020","IDFdxx_WY","IDFdxx_WY/112","D5"
"10459","USA_2020","IDFdxx_WY","IDFdxx_WY/113","E6"
"10460","USA_2020","IDFdxx_WY","IDFdxx_WY/113","D6"
"10461","USA_2020","IDFdxx_WY","IDFdxx_WY/Gg","D1"
"10462","USA_2020","IDFdxx_WY","IDFdxx_WY/Gg","C1"
"10463","USA_2020","IDFdxx_WY","IDFdxx_WY/Gg","B1"
"10464","USA_2020","IDFdxx_WY","IDFdxx_WY/Gg","A1"
"10465","Add_2021","IDFdxx_WY","IDFdxx_WY/Ro","A0"
"10466","Add_2021","IDFdxx_WY","IDFdxx_WY/Ro","B0"
"10467","BECv10","IDFmw2","IDFmw2/01","D5"
"10468","BECv10","IDFmw2","IDFmw2/01","D4"
"10469","BECv10","IDFmw2","IDFmw2/01","D3"
"10470","BECv10","IDFmw2","IDFmw2/01","C5"
"10471","BECv10","IDFmw2","IDFmw2/01","C4"
"10472","BECv10","IDFmw2","IDFmw2/01","C3"
"10473","BECv10","IDFmw2","IDFmw2/01","B5"
"10474","BECv10","IDFmw2","IDFmw2/01","B4"
"10475","BECv10","IDFmw2","IDFmw2/01","B3"
"10476","BECv10","IDFmw2","IDFmw2/01","A5"
"10477","BECv10","IDFmw2","IDFmw2/01","A4"
"10478","BECv10","IDFmw2","IDFmw2/01","A3"
"10479","BECv10","IDFmw2","IDFmw2/02","C1"
"10480","BECv10","IDFmw2","IDFmw2/02","C0"
"10481","BECv10","IDFmw2","IDFmw2/02","B2"
"10482","BECv10","IDFmw2","IDFmw2/02","B1"
"10483","BECv10","IDFmw2","IDFmw2/02","B0"
"10484","BECv10","IDFmw2","IDFmw2/02","A2"
"10485","BECv10","IDFmw2","IDFmw2/02","A1"
"10486","BECv10","IDFmw2","IDFmw2/02","A0"
"10487","BECv10","IDFmw2","IDFmw2/03","D3"
"10488","BECv10","IDFmw2","IDFmw2/03","D2"
"10489","BECv10","IDFmw2","IDFmw2/03","D1"
"10490","BECv10","IDFmw2","IDFmw2/03","C3"
"10491","BECv10","IDFmw2","IDFmw2/03","C2"
"10492","BECv10","IDFmw2","IDFmw2/03","C1"
"10493","BECv10","IDFmw2","IDFmw2/03","B3"
"10494","BECv10","IDFmw2","IDFmw2/03","B2"
"10495","BECv10","IDFmw2","IDFmw2/03","B1"
"10496","BECv10","IDFmw2","IDFmw2/03","A3"
"10497","BECv10","IDFmw2","IDFmw2/03","A2"
"10498","BECv10","IDFmw2","IDFmw2/04","E6"
"10499","BECv10","IDFmw2","IDFmw2/04","E5"
"10500","BECv10","IDFmw2","IDFmw2/04","E4"
"10501","BECv10","IDFmw2","IDFmw2/04","D6"
"10502","BECv10","IDFmw2","IDFmw2/04","D5"
"10503","BECv10","IDFmw2","IDFmw2/04","D4"
"10504","BECv10","IDFmw2","IDFmw2/04","C6"
"10505","BECv10","IDFmw2","IDFmw2/04","C5"
"10506","BECv10","IDFmw2","IDFmw2/04","C4"
"10507","BECv10","IDFmw2","IDFmw2/04","B6"
"10508","BECv10","IDFmw2","IDFmw2/04","B5"
"10509","BECv10","IDFmw2","IDFmw2/04","B4"
"10510","BECv10","IDFmw2","IDFmw2/05","D7"
"10511","BECv10","IDFmw2","IDFmw2/05","D6"
"10512","BECv10","IDFmw2","IDFmw2/05","C7"
"10513","BECv10","IDFmw2","IDFmw2/05","C6"
"10514","BECv10","IDFmw2","IDFmw2/05","B7"
"10515","BECv10","IDFmw2","IDFmw2/05","B6"
"10516","BECv13","IDFww","IDFww/101","A3"
"10517","BECv13","IDFww","IDFww/101","A4"
"10518","BECv13","IDFww","IDFww/101","B3"
"10519","BECv13","IDFww","IDFww/101","B4"
"10520","BECv13","IDFww","IDFww/101","C4"
"10521","BECv13","IDFww","IDFww/101","D4"
"10522","BECv13","IDFww","IDFww/101","C3"
"10523","BECv13","IDFww","IDFww/101","D3"
"10524","BECv13","IDFww","IDFww/101.1","A3"
"10525","BECv13","IDFww","IDFww/101.1","A4"
"10526","BECv13","IDFww","IDFww/101.1","B4"
"10527","BECv13","IDFww","IDFww/101.1","D3"
"10528","BECv13","IDFww","IDFww/101.1","D4"
"10529","BECv13","IDFww","IDFww/101.1","C4"
"10530","BECv13","IDFww","IDFww/101.1","C3"
"10531","BECv13","IDFww","IDFww/101.1","B3"
"10532","BECv13","IDFww","IDFww/101.2","A3"
"10533","BECv13","IDFww","IDFww/101.2","A4"
"10534","BECv13","IDFww","IDFww/101.2","B3"
"10535","BECv13","IDFww","IDFww/101.2","B4"
"10536","BECv13","IDFww","IDFww/101.2","C3"
"10537","BECv13","IDFww","IDFww/101.2","C4"
"10538","BECv13","IDFww","IDFww/101.2","D3"
"10539","BECv13","IDFww","IDFww/101.2","D4"
"10540","BECv13","IDFww","IDFww/102","A1"
"10541","BECv13","IDFww","IDFww/102","A0"
"10542","BECv13","IDFww","IDFww/102","B0"
"10543","BECv13","IDFww","IDFww/102","B1"
"10544","BECv13","IDFww","IDFww/102","C0"
"10545","BECv13","IDFww","IDFww/102","C1"
"10546","BECv13","IDFww","IDFww/103","A2"
"10547","BECv13","IDFww","IDFww/103","B2"
"10548","BECv13","IDFww","IDFww/104","C2"
"10549","BECv13","IDFww","IDFww/104","D2"
"10550","BECv13","IDFww","IDFww/104","C3"
"10551","BECv13","IDFww","IDFww/104","D3"
"10552","BECv13","IDFww","IDFww/110","B5"
"10553","BECv13","IDFww","IDFww/110","B6"
"10554","BECv13","IDFww","IDFww/110","C5"
"10555","BECv13","IDFww","IDFww/110","D5"
"10556","BECv13","IDFww","IDFww/110","D6"
"10557","BECv13","IDFww","IDFww/110","C6"
"10558","BECv13","IDFww","IDFww/111","D5"
"10559","BECv13","IDFww","IDFww/111","E5"
"10560","BECv13","IDFww","IDFww/111","E6"
"10561","BECv13","IDFww","IDFww/111","D6"
"10562","BECv13","IDFww","IDFww/112","E6"
"10563","BECv13","IDFww","IDFww/112","D6"
"10564","BECv13","IDFww","IDFww/112","D5"
"10565","BECv13","IDFww","IDFww/112","E5"
"10566","BECv13","IDFww","IDFww/Fl","E5"
"10567","BECv13","IDFww","IDFww/Fl","D5"
"10568","BECv13","IDFww","IDFww/Fl","D6"
"10569","BECv13","IDFww","IDFww/Fl","E6"
"10570","BECv13","IDFww","IDFww/Fm01","D5"
"10571","BECv13","IDFww","IDFww/Fm01","E5"
"10572","BECv13","IDFww","IDFww/Fm01","E6"
"10573","BECv13","IDFww","IDFww/Fm01","D6"
"10574","BECv13","IDFww","IDFww/Fm02","D5"
"10575","BECv13","IDFww","IDFww/Fm02","E5"
"10576","BECv13","IDFww","IDFww/Fm02","E6"
"10577","BECv13","IDFww","IDFww/Fm02","D6"
"10578","BECv13","IDFww","IDFww/Ro","A0"
"10579","BECv13","IDFww","IDFww/Ro","B0"
"10580","BECv13","IDFww","IDFww/Ro","C0"
"10581","BECv13","IDFww","IDFww/Wb","A7"
"10582","BECv13","IDFww","IDFww/Wb","B7"
"10583","BECv13","IDFww","IDFww/Ws","E7"
"10584","BECv13","IDFww","IDFww/Ws","D7"
"10585","BECv13","IDFww","IDFww/Ws","C7"
"10586","BECv10","IDFxc","IDFxc/01","D5"
"10587","BECv10","IDFxc","IDFxc/01","D4"
"10588","BECv10","IDFxc","IDFxc/01","D3"
"10589","BECv10","IDFxc","IDFxc/01","D2"
"10590","BECv10","IDFxc","IDFxc/01","C5"
"10591","BECv10","IDFxc","IDFxc/01","C4"
"10592","BECv10","IDFxc","IDFxc/01","C3"
"10593","BECv10","IDFxc","IDFxc/01","B5"
"10594","BECv10","IDFxc","IDFxc/01","B4"
"10595","BECv10","IDFxc","IDFxc/01","B3"
"10596","BECv10","IDFxc","IDFxc/01","A5"
"10597","BECv10","IDFxc","IDFxc/01","A4"
"10598","BECv10","IDFxc","IDFxc/01","A3"
"10599","BECv10","IDFxc","IDFxc/02","C1"
"10600","BECv10","IDFxc","IDFxc/02","C0"
"10601","BECv10","IDFxc","IDFxc/02","B2"
"10602","BECv10","IDFxc","IDFxc/02","B1"
"10603","BECv10","IDFxc","IDFxc/02","B0"
"10604","BECv10","IDFxc","IDFxc/02","A2"
"10605","BECv10","IDFxc","IDFxc/02","A1"
"10606","BECv10","IDFxc","IDFxc/02","A0"
"10607","BECv10","IDFxc","IDFxc/03","D2"
"10608","BECv10","IDFxc","IDFxc/03","D1"
"10609","BECv10","IDFxc","IDFxc/03","C2"
"10610","BECv10","IDFxc","IDFxc/03","C1"
"10611","BECv10","IDFxc","IDFxc/03","B3"
"10612","BECv10","IDFxc","IDFxc/03","B2"
"10613","BECv10","IDFxc","IDFxc/03","B1"
"10614","BECv10","IDFxc","IDFxc/03","A3"
"10615","BECv10","IDFxc","IDFxc/03","A2"
"10616","BECv10","IDFxc","IDFxc/04","D3"
"10617","BECv10","IDFxc","IDFxc/04","D2"
"10618","BECv10","IDFxc","IDFxc/04","C3"
"10619","BECv10","IDFxc","IDFxc/04","C2"
"10620","BECv10","IDFxc","IDFxc/04","B3"
"10621","BECv10","IDFxc","IDFxc/04","B2"
"10622","BECv10","IDFxc","IDFxc/04","A3"
"10623","BECv10","IDFxc","IDFxc/04","A2"
"10624","BECv10","IDFxc","IDFxc/05","C4"
"10625","BECv10","IDFxc","IDFxc/05","C3"
"10626","BECv10","IDFxc","IDFxc/05","B4"
"10627","BECv10","IDFxc","IDFxc/05","B3"
"10628","BECv10","IDFxc","IDFxc/05","A4"
"10629","BECv10","IDFxc","IDFxc/05","A3"
"10630","BECv10","IDFxc","IDFxc/06","E5"
"10631","BECv10","IDFxc","IDFxc/06","E4"
"10632","BECv10","IDFxc","IDFxc/06","E3"
"10633","BECv10","IDFxc","IDFxc/06","D5"
"10634","BECv10","IDFxc","IDFxc/06","D4"
"10635","BECv10","IDFxc","IDFxc/06","D3"
"10636","BECv10","IDFxc","IDFxc/06","C5"
"10637","BECv10","IDFxc","IDFxc/06","C4"
"10638","BECv10","IDFxc","IDFxc/06","B5"
"10639","BECv10","IDFxc","IDFxc/06","B4"
"10640","BECv10","IDFxc","IDFxc/07","E6"
"10641","BECv10","IDFxc","IDFxc/07","E5"
"10642","BECv10","IDFxc","IDFxc/07","D6"
"10643","BECv10","IDFxc","IDFxc/07","D5"
"10644","BECv10","IDFxc","IDFxc/07","C6"
"10645","BECv10","IDFxc","IDFxc/07","C5"
"10646","BECv10","IDFxc","IDFxc/08","E6"
"10647","BECv10","IDFxc","IDFxc/08","D6"
"10648","BECv10","IDFxc","IDFxc/08","C6"
"10649","BECv10","IDFxc","IDFxc/08","C5"
"10650","USA_2019","IDFxh_ID","IDFxh_ID/101","D4"
"10651","USA_2019","IDFxh_ID","IDFxh_ID/101","D3"
"10652","USA_2019","IDFxh_ID","IDFxh_ID/101","C4"
"10653","USA_2019","IDFxh_ID","IDFxh_ID/101","C3"
"10654","USA_2019","IDFxh_ID","IDFxh_ID/101","B4"
"10655","USA_2019","IDFxh_ID","IDFxh_ID/101","B3"
"10656","USA_2019","IDFxh_ID","IDFxh_ID/102","D2"
"10657","USA_2019","IDFxh_ID","IDFxh_ID/102","C2"
"10658","USA_2019","IDFxh_ID","IDFxh_ID/102","B2"
"10659","USA_2019","IDFxh_ID","IDFxh_ID/102","A2"
"10660","USA_2019","IDFxh_ID","IDFxh_ID/110","C5"
"10661","USA_2019","IDFxh_ID","IDFxh_ID/110","B5"
"10662","USA_2019","IDFxh_ID","IDFxh_ID/111","C6"
"10663","USA_2019","IDFxh_ID","IDFxh_ID/111","B6"
"10664","USA_2019","IDFxh_ID","IDFxh_ID/112","E5"
"10665","USA_2019","IDFxh_ID","IDFxh_ID/112","D5"
"10666","USA_2019","IDFxh_ID","IDFxh_ID/113","E6"
"10667","USA_2019","IDFxh_ID","IDFxh_ID/113","D6"
"10668","USA_2019","IDFxh_ID","IDFxh_ID/Gg","D1"
"10669","USA_2019","IDFxh_ID","IDFxh_ID/Gg","C1"
"10670","USA_2019","IDFxh_ID","IDFxh_ID/Gg","B1"
"10671","USA_2019","IDFxh_ID","IDFxh_ID/Gg","A1"
"10672","Add_2021","IDFxh_ID","IDFxh_ID/Ro","A0"
"10673","Add_2021","IDFxh_ID","IDFxh_ID/Ro","B0"
"10674","USA_2023","IDFxh_OR","IDFxh_OR/101","D4"
"10675","USA_2023","IDFxh_OR","IDFxh_OR/101","D3"
"10676","USA_2023","IDFxh_OR","IDFxh_OR/101","C4"
"10677","USA_2023","IDFxh_OR","IDFxh_OR/101","C3"
"10678","USA_2023","IDFxh_OR","IDFxh_OR/101","B4"
"10679","USA_2023","IDFxh_OR","IDFxh_OR/101","B3"
"10680","USA_2023","IDFxh_OR","IDFxh_OR/102","D1"
"10681","USA_2023","IDFxh_OR","IDFxh_OR/102","C1"
"10682","USA_2023","IDFxh_OR","IDFxh_OR/102","B1"
"10683","USA_2023","IDFxh_OR","IDFxh_OR/102","A1"
"10684","USA_2023","IDFxh_OR","IDFxh_OR/103","D2"
"10685","USA_2023","IDFxh_OR","IDFxh_OR/103","C2"
"10686","USA_2023","IDFxh_OR","IDFxh_OR/103","B2"
"10687","USA_2023","IDFxh_OR","IDFxh_OR/103","A2"
"10688","USA_2023","IDFxh_OR","IDFxh_OR/110","C5"
"10689","USA_2023","IDFxh_OR","IDFxh_OR/110","B5"
"10690","USA_2023","IDFxh_OR","IDFxh_OR/111","C6"
"10691","USA_2023","IDFxh_OR","IDFxh_OR/111","B6"
"10692","USA_2023","IDFxh_OR","IDFxh_OR/112","E5"
"10693","USA_2023","IDFxh_OR","IDFxh_OR/112","D5"
"10694","USA_2023","IDFxh_OR","IDFxh_OR/113","E6"
"10695","USA_2023","IDFxh_OR","IDFxh_OR/113","D6"
"10696","USA_2023","IDFxh_OR","IDFxh_OR/Ro","A0"
"10697","USA_2023","IDFxh_OR","IDFxh_OR/Ro","B0"
"10698","USA_2019","IDFxh_WA","IDFxh_WA/101","D4"
"10699","USA_2019","IDFxh_WA","IDFxh_WA/101","D3"
"10700","USA_2019","IDFxh_WA","IDFxh_WA/101","C4"
"10701","USA_2019","IDFxh_WA","IDFxh_WA/101","C3"
"10702","USA_2019","IDFxh_WA","IDFxh_WA/101","B4"
"10703","USA_2019","IDFxh_WA","IDFxh_WA/101","B3"
"10704","USA_2019","IDFxh_WA","IDFxh_WA/102","D1"
"10705","USA_2019","IDFxh_WA","IDFxh_WA/102","C1"
"10706","USA_2019","IDFxh_WA","IDFxh_WA/102","B1"
"10707","USA_2019","IDFxh_WA","IDFxh_WA/102","A1"
"10708","USA_2019","IDFxh_WA","IDFxh_WA/103","D2"
"10709","USA_2019","IDFxh_WA","IDFxh_WA/103","C2"
"10710","USA_2019","IDFxh_WA","IDFxh_WA/103","B2"
"10711","USA_2019","IDFxh_WA","IDFxh_WA/103","A2"
"10712","USA_2019","IDFxh_WA","IDFxh_WA/110","C5"
"10713","USA_2019","IDFxh_WA","IDFxh_WA/110","B5"
"10714","USA_2019","IDFxh_WA","IDFxh_WA/111","C6"
"10715","USA_2019","IDFxh_WA","IDFxh_WA/111","B6"
"10716","USA_2019","IDFxh_WA","IDFxh_WA/112","E5"
"10717","USA_2019","IDFxh_WA","IDFxh_WA/112","D5"
"10718","USA_2019","IDFxh_WA","IDFxh_WA/113","E6"
"10719","USA_2019","IDFxh_WA","IDFxh_WA/113","D6"
"10720","Add_2021","IDFxh_WA","IDFxh_WA/Ro","A0"
"10721","Add_2021","IDFxh_WA","IDFxh_WA/Ro","B0"
"10722","BECv12","IDFxh1","IDFxh1/101","D4"
"10723","BECv12","IDFxh1","IDFxh1/101","D3"
"10724","BECv12","IDFxh1","IDFxh1/101","C4"
"10725","BECv12","IDFxh1","IDFxh1/101","B4"
"10726","BECv12","IDFxh1","IDFxh1/102","C1"
"10727","BECv12","IDFxh1","IDFxh1/102","C0"
"10728","BECv12","IDFxh1","IDFxh1/102","B1"
"10729","BECv12","IDFxh1","IDFxh1/102","B0"
"10730","BECv12","IDFxh1","IDFxh1/102","A1"
"10731","BECv12","IDFxh1","IDFxh1/102","A0"
"10732","BECv12","IDFxh1","IDFxh1/103","C2"
"10733","BECv12","IDFxh1","IDFxh1/103","C1"
"10734","BECv12","IDFxh1","IDFxh1/103","B2"
"10735","BECv12","IDFxh1","IDFxh1/103","B1"
"10736","BECv12","IDFxh1","IDFxh1/103","A2"
"10737","BECv12","IDFxh1","IDFxh1/103","A1"
"10738","BECv12","IDFxh1","IDFxh1/104","C2"
"10739","BECv12","IDFxh1","IDFxh1/104","B3"
"10740","BECv12","IDFxh1","IDFxh1/104","B2"
"10741","BECv12","IDFxh1","IDFxh1/105","C3"
"10742","BECv12","IDFxh1","IDFxh1/105","B3"
"10743","BECv12","IDFxh1","IDFxh1/106","C3"
"10744","BECv12","IDFxh1","IDFxh1/106","B3"
"10745","BECv12","IDFxh1","IDFxh1/110","D5"
"10746","BECv12","IDFxh1","IDFxh1/110","D4"
"10747","BECv12","IDFxh1","IDFxh1/110","C5"
"10748","BECv12","IDFxh1","IDFxh1/110","C4"
"10749","BECv12","IDFxh1","IDFxh1/111","E6"
"10750","BECv12","IDFxh1","IDFxh1/111","E5"
"10751","BECv12","IDFxh1","IDFxh1/111","D6"
"10752","BECv12","IDFxh1","IDFxh1/111","D5"
"10753","BECv12","IDFxh1","IDFxh1/111","C6"
"10754","BECv12","IDFxh1","IDFxh1/111","C5"
"10755","BECv12","IDFxh1","IDFxh1/111.1","E6"
"10756","BECv12","IDFxh1","IDFxh1/111.1","E5"
"10757","BECv12","IDFxh1","IDFxh1/111.1","D6"
"10758","BECv12","IDFxh1","IDFxh1/111.1","D5"
"10759","BECv12","IDFxh1","IDFxh1/111.1","C6"
"10760","BECv12","IDFxh1","IDFxh1/111.1","C5"
"10761","BECv12","IDFxh1","IDFxh1/111.2","E6"
"10762","BECv12","IDFxh1","IDFxh1/111.2","E5"
"10763","BECv12","IDFxh1","IDFxh1/111.2","D6"
"10764","BECv12","IDFxh1","IDFxh1/111.2","D5"
"10765","BECv12","IDFxh1","IDFxh1/111.2","C6"
"10766","BECv12","IDFxh1","IDFxh1/111.2","C5"
"10767","BECv12","IDFxh1","IDFxh1/112","E7"
"10768","BECv12","IDFxh1","IDFxh1/112","E6"
"10769","BECv12","IDFxh1","IDFxh1/112","D7"
"10770","BECv12","IDFxh1","IDFxh1/112","D6"
"10771","BECv12","IDFxh1","IDFxh1/112","C7"
"10772","BECv12","IDFxh1","IDFxh1/112","C6"
"10773","BECv12","IDFxh1","IDFxh1/Fm01","E6"
"10774","BECv12","IDFxh1","IDFxh1/Fm01","E5"
"10775","BECv12","IDFxh1","IDFxh1/Fm01","D6"
"10776","BECv12","IDFxh1","IDFxh1/Fm01","D5"
"10777","BECv12","IDFxh1","IDFxh1/Fm01","C6"
"10778","BECv12","IDFxh1","IDFxh1/Fm01","C5"
"10779","BECv12","IDFxh1","IDFxh1/Fm05","E6"
"10780","BECv12","IDFxh1","IDFxh1/Fm05","E5"
"10781","BECv12","IDFxh1","IDFxh1/Fm05","D6"
"10782","BECv12","IDFxh1","IDFxh1/Fm05","D5"
"10783","BECv12","IDFxh1","IDFxh1/Fm05","C6"
"10784","BECv12","IDFxh1","IDFxh1/Fm05","C5"
"10785","BECv10","IDFxh1","IDFxh1/Gg","D2"
"10786","BECv10","IDFxh1","IDFxh1/Gg","D1"
"10787","BECv10","IDFxh1","IDFxh1/Gg","C2"
"10788","BECv10","IDFxh1","IDFxh1/Gg","C1"
"10789","BECv10","IDFxh1","IDFxh1/Gg","B2"
"10790","BECv10","IDFxh1","IDFxh1/Gg","B1"
"10791","BECv10","IDFxh1","IDFxh1/Gg","A2"
"10792","BECv10","IDFxh1","IDFxh1/Gg","A1"
"10793","BECv12","IDFxh2","IDFxh2/101","D4"
"10794","BECv12","IDFxh2","IDFxh2/101","D3"
"10795","BECv12","IDFxh2","IDFxh2/101","C4"
"10796","BECv12","IDFxh2","IDFxh2/101","C3"
"10797","BECv12","IDFxh2","IDFxh2/101","B4"
"10798","BECv12","IDFxh2","IDFxh2/101","B3"
"10799","BECv12","IDFxh2","IDFxh2/102","C1"
"10800","BECv12","IDFxh2","IDFxh2/102","C0"
"10801","BECv12","IDFxh2","IDFxh2/102","B1"
"10802","BECv12","IDFxh2","IDFxh2/102","B0"
"10803","BECv12","IDFxh2","IDFxh2/102","A1"
"10804","BECv12","IDFxh2","IDFxh2/102","A0"
"10805","BECv12","IDFxh2","IDFxh2/103","C3"
"10806","BECv12","IDFxh2","IDFxh2/103","C2"
"10807","BECv12","IDFxh2","IDFxh2/103","B3"
"10808","BECv12","IDFxh2","IDFxh2/103","B2"
"10809","BECv12","IDFxh2","IDFxh2/103","A3"
"10810","BECv12","IDFxh2","IDFxh2/103","A2"
"10811","BECv12","IDFxh2","IDFxh2/104","D4"
"10812","BECv12","IDFxh2","IDFxh2/104","D3"
"10813","BECv12","IDFxh2","IDFxh2/104","C4"
"10814","BECv12","IDFxh2","IDFxh2/104","C3"
"10815","BECv12","IDFxh2","IDFxh2/104","B4"
"10816","BECv12","IDFxh2","IDFxh2/104","B3"
"10817","BECv12","IDFxh2","IDFxh2/110","D4"
"10818","BECv12","IDFxh2","IDFxh2/110","C5"
"10819","BECv12","IDFxh2","IDFxh2/110","C4"
"10820","BECv12","IDFxh2","IDFxh2/111","D4"
"10821","BECv12","IDFxh2","IDFxh2/111","C5"
"10822","BECv12","IDFxh2","IDFxh2/111","C4"
"10823","BECv12","IDFxh2","IDFxh2/112","E5"
"10824","BECv12","IDFxh2","IDFxh2/112","D5"
"10825","BECv12","IDFxh2","IDFxh2/113","E6"
"10826","BECv12","IDFxh2","IDFxh2/113","E5"
"10827","BECv12","IDFxh2","IDFxh2/113","D6"
"10828","BECv12","IDFxh2","IDFxh2/113","D5"
"10829","BECv12","IDFxh2","IDFxh2/113","C6"
"10830","BECv12","IDFxh2","IDFxh2/113","C5"
"10831","BECv12","IDFxh2","IDFxh2/Fm01","E6"
"10832","BECv12","IDFxh2","IDFxh2/Fm01","E5"
"10833","BECv12","IDFxh2","IDFxh2/Fm01","D6"
"10834","BECv12","IDFxh2","IDFxh2/Fm01","D5"
"10835","BECv12","IDFxh2","IDFxh2/Fm01","C6"
"10836","BECv12","IDFxh2","IDFxh2/Fm01","C5"
"10837","BECv12","IDFxh2","IDFxh2/Fm02","E6"
"10838","BECv12","IDFxh2","IDFxh2/Fm02","E5"
"10839","BECv12","IDFxh2","IDFxh2/Fm02","D6"
"10840","BECv12","IDFxh2","IDFxh2/Fm02","D5"
"10841","BECv12","IDFxh2","IDFxh2/Fm02","C6"
"10842","BECv12","IDFxh2","IDFxh2/Fm02","C5"
"10843","BECv12","IDFxh2","IDFxh2/Fm05","E6"
"10844","BECv12","IDFxh2","IDFxh2/Fm05","E5"
"10845","BECv12","IDFxh2","IDFxh2/Fm05","D6"
"10846","BECv12","IDFxh2","IDFxh2/Fm05","D5"
"10847","BECv12","IDFxh2","IDFxh2/Fm05","C6"
"10848","BECv12","IDFxh2","IDFxh2/Fm05","C5"
"10849","BECv11","IDFxk","IDFxk/101","D4"
"10850","BECv11","IDFxk","IDFxk/101","C4"
"10851","BECv11","IDFxk","IDFxk/101","B4"
"10852","BECv11","IDFxk","IDFxk/102","D2"
"10853","BECv11","IDFxk","IDFxk/102","D1"
"10854","BECv11","IDFxk","IDFxk/102","C2"
"10855","BECv11","IDFxk","IDFxk/102","C1"
"10856","BECv11","IDFxk","IDFxk/102","B2"
"10857","BECv11","IDFxk","IDFxk/102","B1"
"10858","BECv11","IDFxk","IDFxk/102a","D1"
"10859","BECv11","IDFxk","IDFxk/102a","C1"
"10860","BECv11","IDFxk","IDFxk/102a","B1"
"10861","BECv11","IDFxk","IDFxk/102b","D2"
"10862","BECv11","IDFxk","IDFxk/102b","C2"
"10863","BECv11","IDFxk","IDFxk/102b","B2"
"10864","BECv11","IDFxk","IDFxk/103","D3"
"10865","BECv11","IDFxk","IDFxk/103","D2"
"10866","BECv11","IDFxk","IDFxk/103","C3"
"10867","BECv11","IDFxk","IDFxk/103","B3"
"10868","BECv11","IDFxk","IDFxk/110","D4"
"10869","BECv11","IDFxk","IDFxk/110","C4"
"10870","BECv11","IDFxk","IDFxk/111","D5"
"10871","BECv11","IDFxk","IDFxk/111","C5"
"10872","BECv11","IDFxk","IDFxk/112","E6"
"10873","BECv11","IDFxk","IDFxk/112","E5"
"10874","BECv11","IDFxk","IDFxk/112","D6"
"10875","BECv11","IDFxk","IDFxk/112","D5"
"10876","BECv11","IDFxk","IDFxk/112","C6"
"10877","BECv11","IDFxk","IDFxk/113","E6"
"10878","BECv11","IDFxk","IDFxk/113","D7"
"10879","BECv11","IDFxk","IDFxk/113","D6"
"10880","BECv11","IDFxk","IDFxk/113","C7"
"10881","BECv11","IDFxk","IDFxk/113","C6"
"10882","BECv12","IDFxk","IDFxk/Fm01","E6"
"10883","BECv12","IDFxk","IDFxk/Fm01","E5"
"10884","BECv12","IDFxk","IDFxk/Fm02","E6"
"10885","BECv12","IDFxk","IDFxk/Fm02","E5"
"10886","BECv12","IDFxk","IDFxk/Fm07","E6"
"10887","BECv12","IDFxk","IDFxk/Fm07","E5"
"10888","BECv11","IDFxk","IDFxk/Ro","D0"
"10889","BECv11","IDFxk","IDFxk/Ro","C0"
"10890","BECv11","IDFxk","IDFxk/Ro","B0"
"10891","BECv11","IDFxk","IDFxk/Ro","A0"
"10892","BECv10","IDFxm","IDFxm/01","D4"
"10893","BECv10","IDFxm","IDFxm/01","D3"
"10894","BECv10","IDFxm","IDFxm/01","C4"
"10895","BECv10","IDFxm","IDFxm/01","C3"
"10896","BECv10","IDFxm","IDFxm/01","B4"
"10897","BECv10","IDFxm","IDFxm/01","B3"
"10898","BECv10","IDFxm","IDFxm/01a","D4"
"10899","BECv10","IDFxm","IDFxm/01a","D3"
"10900","BECv10","IDFxm","IDFxm/01a","C4"
"10901","BECv10","IDFxm","IDFxm/01a","C3"
"10902","BECv10","IDFxm","IDFxm/01a","B4"
"10903","BECv10","IDFxm","IDFxm/01a","B3"
"10904","BECv10","IDFxm","IDFxm/01b","D4"
"10905","BECv10","IDFxm","IDFxm/01b","D3"
"10906","BECv10","IDFxm","IDFxm/01b","C4"
"10907","BECv10","IDFxm","IDFxm/01b","C3"
"10908","BECv10","IDFxm","IDFxm/01b","B4"
"10909","BECv10","IDFxm","IDFxm/01b","B3"
"10910","BECv10","IDFxm","IDFxm/02","D2"
"10911","BECv10","IDFxm","IDFxm/02","D1"
"10912","BECv10","IDFxm","IDFxm/02","C2"
"10913","BECv10","IDFxm","IDFxm/02","C1"
"10914","BECv10","IDFxm","IDFxm/02","B2"
"10915","BECv10","IDFxm","IDFxm/02","B1"
"10916","BECv10","IDFxm","IDFxm/02","A2"
"10917","BECv10","IDFxm","IDFxm/02","A1"
"10918","BECv10","IDFxm","IDFxm/02a","D2"
"10919","BECv10","IDFxm","IDFxm/02a","D1"
"10920","BECv10","IDFxm","IDFxm/02a","C2"
"10921","BECv10","IDFxm","IDFxm/02a","C1"
"10922","BECv10","IDFxm","IDFxm/02a","B2"
"10923","BECv10","IDFxm","IDFxm/02a","A2"
"10924","BECv10","IDFxm","IDFxm/02b","D1"
"10925","BECv10","IDFxm","IDFxm/02b","C1"
"10926","BECv10","IDFxm","IDFxm/02b","B2"
"10927","BECv10","IDFxm","IDFxm/02b","B1"
"10928","BECv10","IDFxm","IDFxm/02b","A2"
"10929","BECv10","IDFxm","IDFxm/02b","A1"
"10930","BECv10","IDFxm","IDFxm/03","B3"
"10931","BECv10","IDFxm","IDFxm/03","B2"
"10932","BECv10","IDFxm","IDFxm/03","A3"
"10933","BECv10","IDFxm","IDFxm/03","A2"
"10934","BECv10","IDFxm","IDFxm/04","D3"
"10935","BECv10","IDFxm","IDFxm/04","D2"
"10936","BECv10","IDFxm","IDFxm/04","C3"
"10937","BECv10","IDFxm","IDFxm/04","C2"
"10938","BECv10","IDFxm","IDFxm/04","B3"
"10939","BECv10","IDFxm","IDFxm/04","B2"
"10940","BECv10","IDFxm","IDFxm/05","D4"
"10941","BECv10","IDFxm","IDFxm/05","D3"
"10942","BECv10","IDFxm","IDFxm/05","C4"
"10943","BECv10","IDFxm","IDFxm/05","C3"
"10944","BECv10","IDFxm","IDFxm/05","B4"
"10945","BECv10","IDFxm","IDFxm/05","B3"
"10946","BECv10","IDFxm","IDFxm/06","D5"
"10947","BECv10","IDFxm","IDFxm/06","C5"
"10948","BECv10","IDFxm","IDFxm/06","B5"
"10949","BECv10","IDFxm","IDFxm/07","E5"
"10950","BECv10","IDFxm","IDFxm/07","D5"
"10951","BECv10","IDFxm","IDFxm/07","C5"
"10952","BECv10","IDFxm","IDFxm/08","E6"
"10953","BECv10","IDFxm","IDFxm/08","E5"
"10954","BECv10","IDFxm","IDFxm/08","D6"
"10955","BECv10","IDFxm","IDFxm/08","D5"
"10956","BECv10","IDFxm","IDFxm/08","C6"
"10957","BECv10","IDFxm","IDFxm/08","C5"
"10958","BECv10","IDFxm","IDFxm/08","B6"
"10959","BECv10","IDFxm","IDFxm/08","B5"
"10960","BECv10","IDFxm","IDFxm/09","E7"
"10961","BECv10","IDFxm","IDFxm/09","E6"
"10962","BECv10","IDFxm","IDFxm/09","D7"
"10963","BECv10","IDFxm","IDFxm/09","D6"
"10964","BECv10","IDFxm","IDFxm/09","C7"
"10965","BECv10","IDFxm","IDFxm/09","C6"
"10966","BECv10","IDFxm","IDFxm/09","B7"
"10967","BECv10","IDFxm","IDFxm/09","B6"
"10968","BECv10","IDFxm","IDFxm/10","D5"
"10969","BECv10","IDFxm","IDFxm/10","C6"
"10970","BECv10","IDFxm","IDFxm/10","C5"
"10971","BECv10","IDFxm","IDFxm/Gg","D5"
"10972","BECv10","IDFxm","IDFxm/Gg","D4"
"10973","BECv10","IDFxm","IDFxm/Gg","D3"
"10974","BECv10","IDFxm","IDFxm/Gg","D2"
"10975","BECv10","IDFxm","IDFxm/Gg","C6"
"10976","BECv10","IDFxm","IDFxm/Gg","C5"
"10977","BECv10","IDFxm","IDFxm/Gg","C4"
"10978","BECv10","IDFxm","IDFxm/Gg","C3"
"10979","BECv10","IDFxm","IDFxm/Gg","C2"
"10980","Add_2021","IDFxm","IDFxm/Ro","A0"
"10981","Add_2021","IDFxm","IDFxm/Ro","B0"
"10982","USA_2019","IDFxm_CO","IDFxm_CO/101","D4"
"10983","USA_2019","IDFxm_CO","IDFxm_CO/101","D3"
"10984","USA_2019","IDFxm_CO","IDFxm_CO/101","C4"
"10985","USA_2019","IDFxm_CO","IDFxm_CO/101","C3"
"10986","USA_2019","IDFxm_CO","IDFxm_CO/101","B4"
"10987","USA_2019","IDFxm_CO","IDFxm_CO/101","B3"
"10988","USA_2019","IDFxm_CO","IDFxm_CO/102","D2"
"10989","USA_2019","IDFxm_CO","IDFxm_CO/102","C2"
"10990","USA_2019","IDFxm_CO","IDFxm_CO/102","B2"
"10991","USA_2019","IDFxm_CO","IDFxm_CO/102","A2"
"10992","USA_2019","IDFxm_CO","IDFxm_CO/110","C5"
"10993","USA_2019","IDFxm_CO","IDFxm_CO/110","B5"
"10994","USA_2019","IDFxm_CO","IDFxm_CO/111","C6"
"10995","USA_2019","IDFxm_CO","IDFxm_CO/111","B6"
"10996","USA_2019","IDFxm_CO","IDFxm_CO/112","E5"
"10997","USA_2019","IDFxm_CO","IDFxm_CO/112","D5"
"10998","USA_2019","IDFxm_CO","IDFxm_CO/113","E6"
"10999","USA_2019","IDFxm_CO","IDFxm_CO/113","D6"
"11000","USA_2019","IDFxm_CO","IDFxm_CO/Gg","D1"
"11001","USA_2019","IDFxm_CO","IDFxm_CO/Gg","C1"
"11002","USA_2019","IDFxm_CO","IDFxm_CO/Gg","B1"
"11003","USA_2019","IDFxm_CO","IDFxm_CO/Gg","A1"
"11004","Add_2021","IDFxm_CO","IDFxm_CO/Ro","A0"
"11005","Add_2021","IDFxm_CO","IDFxm_CO/Ro","B0"
"11006","BECv10","IDFxw","IDFxw/01","D4"
"11007","BECv10","IDFxw","IDFxw/01","D3"
"11008","BECv10","IDFxw","IDFxw/01","C4"
"11009","BECv10","IDFxw","IDFxw/01","C3"
"11010","BECv10","IDFxw","IDFxw/01","B4"
"11011","BECv10","IDFxw","IDFxw/01","B3"
"11012","BECv10","IDFxw","IDFxw/02","D1"
"11013","BECv10","IDFxw","IDFxw/02","C1"
"11014","BECv10","IDFxw","IDFxw/02","B1"
"11015","BECv10","IDFxw","IDFxw/03","D2"
"11016","BECv10","IDFxw","IDFxw/03","C2"
"11017","BECv10","IDFxw","IDFxw/03","B2"
"11018","BECv10","IDFxw","IDFxw/04","D3"
"11019","BECv10","IDFxw","IDFxw/04","D2"
"11020","BECv10","IDFxw","IDFxw/04","C3"
"11021","BECv10","IDFxw","IDFxw/04","C2"
"11022","BECv10","IDFxw","IDFxw/04","B3"
"11023","BECv10","IDFxw","IDFxw/04","B2"
"11024","BECv10","IDFxw","IDFxw/05","D3"
"11025","BECv10","IDFxw","IDFxw/05","C3"
"11026","BECv10","IDFxw","IDFxw/05","B3"
"11027","BECv10","IDFxw","IDFxw/06","E5"
"11028","BECv10","IDFxw","IDFxw/06","D5"
"11029","BECv10","IDFxw","IDFxw/06","C5"
"11030","BECv10","IDFxw","IDFxw/07","E6"
"11031","BECv10","IDFxw","IDFxw/07","D6"
"11032","BECv10","IDFxw","IDFxw/07","C6"
"11033","Add_2021","IDFxw","IDFxw/Ro","A0"
"11034","Add_2021","IDFxw","IDFxw/Ro","B0"
"11035","USA_2019","IDFxx_MT","IDFxx_MT/101","D4"
"11036","USA_2019","IDFxx_MT","IDFxx_MT/101","D3"
"11037","USA_2019","IDFxx_MT","IDFxx_MT/101","C4"
"11038","USA_2019","IDFxx_MT","IDFxx_MT/101","C3"
"11039","USA_2019","IDFxx_MT","IDFxx_MT/101","B4"
"11040","USA_2019","IDFxx_MT","IDFxx_MT/101","B3"
"11041","USA_2019","IDFxx_MT","IDFxx_MT/101","A4"
"11042","USA_2019","IDFxx_MT","IDFxx_MT/101","A3"
"11043","USA_2019","IDFxx_MT","IDFxx_MT/110","C5"
"11044","USA_2019","IDFxx_MT","IDFxx_MT/110","B5"
"11045","USA_2019","IDFxx_MT","IDFxx_MT/111","C6"
"11046","USA_2019","IDFxx_MT","IDFxx_MT/111","B6"
"11047","USA_2019","IDFxx_MT","IDFxx_MT/112","E5"
"11048","USA_2019","IDFxx_MT","IDFxx_MT/112","D5"
"11049","USA_2019","IDFxx_MT","IDFxx_MT/113","E6"
"11050","USA_2019","IDFxx_MT","IDFxx_MT/113","D6"
"11051","USA_2019","IDFxx_MT","IDFxx_MT/Gg","D2"
"11052","USA_2019","IDFxx_MT","IDFxx_MT/Gg","D1"
"11053","USA_2019","IDFxx_MT","IDFxx_MT/Gg","C2"
"11054","USA_2019","IDFxx_MT","IDFxx_MT/Gg","C1"
"11055","USA_2019","IDFxx_MT","IDFxx_MT/Gg","B2"
"11056","USA_2019","IDFxx_MT","IDFxx_MT/Gg","B1"
"11057","USA_2019","IDFxx_MT","IDFxx_MT/Gg","A2"
"11058","USA_2019","IDFxx_MT","IDFxx_MT/Gg","A1"
"11059","Add_2021","IDFxx_MT","IDFxx_MT/Ro","A0"
"11060","Add_2021","IDFxx_MT","IDFxx_MT/Ro","B0"
"11061","USA_2019","IDFxx_WA","IDFxx_WA/101","D4"
"11062","USA_2019","IDFxx_WA","IDFxx_WA/101","D3"
"11063","USA_2019","IDFxx_WA","IDFxx_WA/101","C4"
"11064","USA_2019","IDFxx_WA","IDFxx_WA/101","C3"
"11065","USA_2019","IDFxx_WA","IDFxx_WA/101","B4"
"11066","USA_2019","IDFxx_WA","IDFxx_WA/101","B3"
"11067","USA_2019","IDFxx_WA","IDFxx_WA/102","D1"
"11068","USA_2019","IDFxx_WA","IDFxx_WA/102","C1"
"11069","USA_2019","IDFxx_WA","IDFxx_WA/102","B1"
"11070","USA_2019","IDFxx_WA","IDFxx_WA/102","A1"
"11071","USA_2019","IDFxx_WA","IDFxx_WA/103","D2"
"11072","USA_2019","IDFxx_WA","IDFxx_WA/103","C2"
"11073","USA_2019","IDFxx_WA","IDFxx_WA/103","B2"
"11074","USA_2019","IDFxx_WA","IDFxx_WA/103","A2"
"11075","USA_2019","IDFxx_WA","IDFxx_WA/110","C5"
"11076","USA_2019","IDFxx_WA","IDFxx_WA/110","B5"
"11077","USA_2019","IDFxx_WA","IDFxx_WA/111","C6"
"11078","USA_2019","IDFxx_WA","IDFxx_WA/111","B6"
"11079","USA_2019","IDFxx_WA","IDFxx_WA/112","E5"
"11080","USA_2019","IDFxx_WA","IDFxx_WA/112","D5"
"11081","USA_2019","IDFxx_WA","IDFxx_WA/113","E6"
"11082","USA_2019","IDFxx_WA","IDFxx_WA/113","D6"
"11083","Add_2021","IDFxx_WA","IDFxx_WA/Ro","A0"
"11084","Add_2021","IDFxx_WA","IDFxx_WA/Ro","B0"
"11085","BECv12","IDFxx1","IDFxx1/101","D4"
"11086","BECv12","IDFxx1","IDFxx1/101","C4"
"11087","BECv12","IDFxx1","IDFxx1/101","B4"
"11088","BECv12","IDFxx1","IDFxx1/102","C1"
"11089","BECv12","IDFxx1","IDFxx1/102","B1"
"11090","BECv12","IDFxx1","IDFxx1/102","A1"
"11091","BECv12","IDFxx1","IDFxx1/103","D2"
"11092","BECv12","IDFxx1","IDFxx1/103","C2"
"11093","BECv12","IDFxx1","IDFxx1/103","B2"
"11094","BECv12","IDFxx1","IDFxx1/104","D3"
"11095","BECv12","IDFxx1","IDFxx1/104","C3"
"11096","BECv12","IDFxx1","IDFxx1/104","B3"
"11097","BECv12","IDFxx1","IDFxx1/110","D5"
"11098","BECv12","IDFxx1","IDFxx1/110","D4"
"11099","BECv12","IDFxx1","IDFxx1/110","C5"
"11100","BECv12","IDFxx1","IDFxx1/111","D6"
"11101","BECv12","IDFxx1","IDFxx1/111","D5"
"11102","BECv12","IDFxx1","IDFxx1/111","C6"
"11103","BECv12","IDFxx1","IDFxx1/111","C5"
"11104","Add_2021","IDFxx1","IDFxx1/Ro","A0"
"11105","Add_2021","IDFxx1","IDFxx1/Ro","B0"
"11106","BECv11","IDFxx2","IDFxx2/101","D4"
"11107","BECv11","IDFxx2","IDFxx2/101","C4"
"11108","BECv11","IDFxx2","IDFxx2/101","B4"
"11109","BECv11","IDFxx2","IDFxx2/102","C1"
"11110","BECv11","IDFxx2","IDFxx2/102","B1"
"11111","BECv11","IDFxx2","IDFxx2/102","A1"
"11112","BECv11","IDFxx2","IDFxx2/103","D2"
"11113","BECv11","IDFxx2","IDFxx2/103","C2"
"11114","BECv11","IDFxx2","IDFxx2/103","B2"
"11115","BECv11","IDFxx2","IDFxx2/104","D3"
"11116","BECv11","IDFxx2","IDFxx2/104","C3"
"11117","BECv11","IDFxx2","IDFxx2/104","B3"
"11118","BECv11","IDFxx2","IDFxx2/110","D4"
"11119","BECv11","IDFxx2","IDFxx2/110","C4"
"11120","BECv11","IDFxx2","IDFxx2/111","E5"
"11121","BECv11","IDFxx2","IDFxx2/111","D5"
"11122","BECv11","IDFxx2","IDFxx2/111","C5"
"11123","BECv11","IDFxx2","IDFxx2/112","E6"
"11124","BECv11","IDFxx2","IDFxx2/112","D7"
"11125","BECv11","IDFxx2","IDFxx2/112","D6"
"11126","BECv11","IDFxx2","IDFxx2/112","C7"
"11127","BECv11","IDFxx2","IDFxx2/112","C6"
"11128","BECv11","IDFxx2","IDFxx2/112a","E6"
"11129","BECv11","IDFxx2","IDFxx2/112a","D6"
"11130","BECv11","IDFxx2","IDFxx2/112a","C6"
"11131","BECv11","IDFxx2","IDFxx2/112b","D7"
"11132","BECv11","IDFxx2","IDFxx2/112b","C7"
"11133","BECv12","IDFxx2","IDFxx2/Fm01","E6"
"11134","BECv12","IDFxx2","IDFxx2/Fm01","E5"
"11135","BECv12","IDFxx2","IDFxx2/Fm02","E6"
"11136","BECv12","IDFxx2","IDFxx2/Fm02","E5"
"11137","BECv12","IDFxx2","IDFxx2/Fm07","E6"
"11138","BECv12","IDFxx2","IDFxx2/Fm07","E5"
"11139","BECv11","IDFxx2","IDFxx2/Ro","C0"
"11140","BECv11","IDFxx2","IDFxx2/Ro","B0"
"11141","BECv11","IDFxx2","IDFxx2/Ro","A0"
"11142","USA_2019","IGFdk_WA","IGFdk_WA/101","D4"
"11143","USA_2019","IGFdk_WA","IGFdk_WA/101","D3"
"11144","USA_2019","IGFdk_WA","IGFdk_WA/101","C4"
"11145","USA_2019","IGFdk_WA","IGFdk_WA/101","C3"
"11146","USA_2019","IGFdk_WA","IGFdk_WA/101","B4"
"11147","USA_2019","IGFdk_WA","IGFdk_WA/101","B3"
"11148","USA_2019","IGFdk_WA","IGFdk_WA/102","D1"
"11149","USA_2019","IGFdk_WA","IGFdk_WA/102","C1"
"11150","USA_2019","IGFdk_WA","IGFdk_WA/102","B1"
"11151","USA_2019","IGFdk_WA","IGFdk_WA/102","A1"
"11152","USA_2019","IGFdk_WA","IGFdk_WA/103","D2"
"11153","USA_2019","IGFdk_WA","IGFdk_WA/103","C2"
"11154","USA_2019","IGFdk_WA","IGFdk_WA/103","B2"
"11155","USA_2019","IGFdk_WA","IGFdk_WA/103","A2"
"11156","USA_2019","IGFdk_WA","IGFdk_WA/110","C5"
"11157","USA_2019","IGFdk_WA","IGFdk_WA/110","B5"
"11158","USA_2019","IGFdk_WA","IGFdk_WA/111","C6"
"11159","USA_2019","IGFdk_WA","IGFdk_WA/111","B6"
"11160","USA_2019","IGFdk_WA","IGFdk_WA/112","E5"
"11161","USA_2019","IGFdk_WA","IGFdk_WA/112","D5"
"11162","USA_2019","IGFdk_WA","IGFdk_WA/113","E6"
"11163","USA_2019","IGFdk_WA","IGFdk_WA/113","D6"
"11164","Add_2021","IGFdk_WA","IGFdk_WA/Ro","A0"
"11165","Add_2021","IGFdk_WA","IGFdk_WA/Ro","B0"
"11166","USA_2019","IGFdw_OR","IGFdw_OR/101","D4"
"11167","USA_2019","IGFdw_OR","IGFdw_OR/101","D3"
"11168","USA_2019","IGFdw_OR","IGFdw_OR/101","C4"
"11169","USA_2019","IGFdw_OR","IGFdw_OR/101","C3"
"11170","USA_2019","IGFdw_OR","IGFdw_OR/101","B4"
"11171","USA_2019","IGFdw_OR","IGFdw_OR/101","B3"
"11172","USA_2019","IGFdw_OR","IGFdw_OR/102","D1"
"11173","USA_2019","IGFdw_OR","IGFdw_OR/102","C1"
"11174","USA_2019","IGFdw_OR","IGFdw_OR/102","B1"
"11175","USA_2019","IGFdw_OR","IGFdw_OR/102","A1"
"11176","USA_2019","IGFdw_OR","IGFdw_OR/103","D2"
"11177","USA_2019","IGFdw_OR","IGFdw_OR/103","C2"
"11178","USA_2019","IGFdw_OR","IGFdw_OR/103","B2"
"11179","USA_2019","IGFdw_OR","IGFdw_OR/103","A2"
"11180","USA_2019","IGFdw_OR","IGFdw_OR/110","C5"
"11181","USA_2019","IGFdw_OR","IGFdw_OR/110","B5"
"11182","USA_2019","IGFdw_OR","IGFdw_OR/111","C6"
"11183","USA_2019","IGFdw_OR","IGFdw_OR/111","B6"
"11184","USA_2019","IGFdw_OR","IGFdw_OR/112","E5"
"11185","USA_2019","IGFdw_OR","IGFdw_OR/112","D5"
"11186","USA_2019","IGFdw_OR","IGFdw_OR/113","E6"
"11187","USA_2019","IGFdw_OR","IGFdw_OR/113","D6"
"11188","Add_2021","IGFdw_OR","IGFdw_OR/Ro","A0"
"11189","Add_2021","IGFdw_OR","IGFdw_OR/Ro","B0"
"11190","USA_2020","IGFmh_OR","IGFmh_OR/101","D4"
"11191","USA_2020","IGFmh_OR","IGFmh_OR/101","D3"
"11192","USA_2020","IGFmh_OR","IGFmh_OR/101","C4"
"11193","USA_2020","IGFmh_OR","IGFmh_OR/101","C3"
"11194","USA_2020","IGFmh_OR","IGFmh_OR/101","B4"
"11195","USA_2020","IGFmh_OR","IGFmh_OR/101","B3"
"11196","USA_2020","IGFmh_OR","IGFmh_OR/102","D1"
"11197","USA_2020","IGFmh_OR","IGFmh_OR/102","C1"
"11198","USA_2020","IGFmh_OR","IGFmh_OR/102","B1"
"11199","USA_2020","IGFmh_OR","IGFmh_OR/102","A1"
"11200","USA_2020","IGFmh_OR","IGFmh_OR/103","D2"
"11201","USA_2020","IGFmh_OR","IGFmh_OR/103","C2"
"11202","USA_2020","IGFmh_OR","IGFmh_OR/103","B2"
"11203","USA_2020","IGFmh_OR","IGFmh_OR/103","A2"
"11204","USA_2020","IGFmh_OR","IGFmh_OR/110","C5"
"11205","USA_2020","IGFmh_OR","IGFmh_OR/110","B5"
"11206","USA_2020","IGFmh_OR","IGFmh_OR/111","C6"
"11207","USA_2020","IGFmh_OR","IGFmh_OR/111","B6"
"11208","USA_2020","IGFmh_OR","IGFmh_OR/112","E5"
"11209","USA_2020","IGFmh_OR","IGFmh_OR/112","D5"
"11210","USA_2020","IGFmh_OR","IGFmh_OR/113","E6"
"11211","USA_2020","IGFmh_OR","IGFmh_OR/113","D6"
"11212","Add_2021","IGFmh_OR","IGFmh_OR/Ro","A0"
"11213","Add_2021","IGFmh_OR","IGFmh_OR/Ro","B0"
"11214","USA_2019","IGFmm_OR","IGFmm_OR/101","D4"
"11215","USA_2019","IGFmm_OR","IGFmm_OR/101","D3"
"11216","USA_2019","IGFmm_OR","IGFmm_OR/101","C4"
"11217","USA_2019","IGFmm_OR","IGFmm_OR/101","C3"
"11218","USA_2019","IGFmm_OR","IGFmm_OR/101","B4"
"11219","USA_2019","IGFmm_OR","IGFmm_OR/101","B3"
"11220","USA_2019","IGFmm_OR","IGFmm_OR/102","D1"
"11221","USA_2019","IGFmm_OR","IGFmm_OR/102","C1"
"11222","USA_2019","IGFmm_OR","IGFmm_OR/102","B1"
"11223","USA_2019","IGFmm_OR","IGFmm_OR/102","A1"
"11224","USA_2019","IGFmm_OR","IGFmm_OR/103","D2"
"11225","USA_2019","IGFmm_OR","IGFmm_OR/103","C2"
"11226","USA_2019","IGFmm_OR","IGFmm_OR/103","B2"
"11227","USA_2019","IGFmm_OR","IGFmm_OR/103","A2"
"11228","USA_2019","IGFmm_OR","IGFmm_OR/110","C5"
"11229","USA_2019","IGFmm_OR","IGFmm_OR/110","B5"
"11230","USA_2019","IGFmm_OR","IGFmm_OR/111","C6"
"11231","USA_2019","IGFmm_OR","IGFmm_OR/111","B6"
"11232","USA_2019","IGFmm_OR","IGFmm_OR/112","E5"
"11233","USA_2019","IGFmm_OR","IGFmm_OR/112","D5"
"11234","USA_2019","IGFmm_OR","IGFmm_OR/113","E6"
"11235","USA_2019","IGFmm_OR","IGFmm_OR/113","D6"
"11236","Add_2021","IGFmm_OR","IGFmm_OR/Ro","A0"
"11237","Add_2021","IGFmm_OR","IGFmm_OR/Ro","B0"
"11238","USA_2020","IGFxm_OR","IGFxm_OR/101","D4"
"11239","USA_2020","IGFxm_OR","IGFxm_OR/101","D3"
"11240","USA_2020","IGFxm_OR","IGFxm_OR/101","C4"
"11241","USA_2020","IGFxm_OR","IGFxm_OR/101","C3"
"11242","USA_2020","IGFxm_OR","IGFxm_OR/101","B4"
"11243","USA_2020","IGFxm_OR","IGFxm_OR/101","B3"
"11244","USA_2020","IGFxm_OR","IGFxm_OR/102","D2"
"11245","USA_2020","IGFxm_OR","IGFxm_OR/102","C2"
"11246","USA_2020","IGFxm_OR","IGFxm_OR/102","B2"
"11247","USA_2020","IGFxm_OR","IGFxm_OR/102","A2"
"11248","USA_2020","IGFxm_OR","IGFxm_OR/110","C5"
"11249","USA_2020","IGFxm_OR","IGFxm_OR/110","B5"
"11250","USA_2020","IGFxm_OR","IGFxm_OR/111","C6"
"11251","USA_2020","IGFxm_OR","IGFxm_OR/111","B6"
"11252","USA_2020","IGFxm_OR","IGFxm_OR/112","E5"
"11253","USA_2020","IGFxm_OR","IGFxm_OR/112","D5"
"11254","USA_2020","IGFxm_OR","IGFxm_OR/113","E6"
"11255","USA_2020","IGFxm_OR","IGFxm_OR/113","D6"
"11256","USA_2020","IGFxm_OR","IGFxm_OR/Gg","D1"
"11257","USA_2020","IGFxm_OR","IGFxm_OR/Gg","C1"
"11258","USA_2020","IGFxm_OR","IGFxm_OR/Gg","B1"
"11259","USA_2020","IGFxm_OR","IGFxm_OR/Gg","A1"
"11260","Add_2021","IGFxm_OR","IGFxm_OR/Ro","A0"
"11261","Add_2021","IGFxm_OR","IGFxm_OR/Ro","B0"
"11262","AB_2018","IMAab","IMAab/00","E7"
"11263","AB_2018","IMAab","IMAab/00","E6"
"11264","AB_2018","IMAab","IMAab/00","E5"
"11265","AB_2018","IMAab","IMAab/00","E4"
"11266","AB_2018","IMAab","IMAab/00","E3"
"11267","AB_2018","IMAab","IMAab/00","E2"
"11268","AB_2018","IMAab","IMAab/00","E1"
"11269","AB_2018","IMAab","IMAab/00","E0"
"11270","AB_2018","IMAab","IMAab/00","D7"
"11271","AB_2018","IMAab","IMAab/00","D6"
"11272","AB_2018","IMAab","IMAab/00","D5"
"11273","AB_2018","IMAab","IMAab/00","D4"
"11274","AB_2018","IMAab","IMAab/00","D3"
"11275","AB_2018","IMAab","IMAab/00","D2"
"11276","AB_2018","IMAab","IMAab/00","D1"
"11277","AB_2018","IMAab","IMAab/00","D0"
"11278","AB_2018","IMAab","IMAab/00","C7"
"11279","AB_2018","IMAab","IMAab/00","C6"
"11280","AB_2018","IMAab","IMAab/00","C5"
"11281","AB_2018","IMAab","IMAab/00","C4"
"11282","AB_2018","IMAab","IMAab/00","C3"
"11283","AB_2018","IMAab","IMAab/00","C2"
"11284","AB_2018","IMAab","IMAab/00","C1"
"11285","AB_2018","IMAab","IMAab/00","C0"
"11286","AB_2018","IMAab","IMAab/00","B7"
"11287","AB_2018","IMAab","IMAab/00","B6"
"11288","AB_2018","IMAab","IMAab/00","B5"
"11289","AB_2018","IMAab","IMAab/00","B4"
"11290","AB_2018","IMAab","IMAab/00","B3"
"11291","AB_2018","IMAab","IMAab/00","B2"
"11292","AB_2018","IMAab","IMAab/00","B1"
"11293","AB_2018","IMAab","IMAab/00","B0"
"11294","AB_2018","IMAab","IMAab/00","A7"
"11295","AB_2018","IMAab","IMAab/00","A6"
"11296","AB_2018","IMAab","IMAab/00","A5"
"11297","AB_2018","IMAab","IMAab/00","A4"
"11298","AB_2018","IMAab","IMAab/00","A3"
"11299","AB_2018","IMAab","IMAab/00","A2"
"11300","AB_2018","IMAab","IMAab/00","A1"
"11301","AB_2018","IMAab","IMAab/00","A0"
"11302","BECv10","IMAun","IMAun/00","E7"
"11303","BECv10","IMAun","IMAun/00","E6"
"11304","BECv10","IMAun","IMAun/00","E5"
"11305","BECv10","IMAun","IMAun/00","E4"
"11306","BECv10","IMAun","IMAun/00","E3"
"11307","BECv10","IMAun","IMAun/00","E2"
"11308","BECv10","IMAun","IMAun/00","E1"
"11309","BECv10","IMAun","IMAun/00","E0"
"11310","BECv10","IMAun","IMAun/00","D7"
"11311","BECv10","IMAun","IMAun/00","D6"
"11312","BECv10","IMAun","IMAun/00","D5"
"11313","BECv10","IMAun","IMAun/00","D4"
"11314","BECv10","IMAun","IMAun/00","D3"
"11315","BECv10","IMAun","IMAun/00","D2"
"11316","BECv10","IMAun","IMAun/00","D1"
"11317","BECv10","IMAun","IMAun/00","D0"
"11318","BECv10","IMAun","IMAun/00","C7"
"11319","BECv10","IMAun","IMAun/00","C6"
"11320","BECv10","IMAun","IMAun/00","C5"
"11321","BECv10","IMAun","IMAun/00","C4"
"11322","BECv10","IMAun","IMAun/00","C3"
"11323","BECv10","IMAun","IMAun/00","C2"
"11324","BECv10","IMAun","IMAun/00","C1"
"11325","BECv10","IMAun","IMAun/00","C0"
"11326","BECv10","IMAun","IMAun/00","B7"
"11327","BECv10","IMAun","IMAun/00","B6"
"11328","BECv10","IMAun","IMAun/00","B5"
"11329","BECv10","IMAun","IMAun/00","B4"
"11330","BECv10","IMAun","IMAun/00","B3"
"11331","BECv10","IMAun","IMAun/00","B2"
"11332","BECv10","IMAun","IMAun/00","B1"
"11333","BECv10","IMAun","IMAun/00","B0"
"11334","BECv10","IMAun","IMAun/00","A7"
"11335","BECv10","IMAun","IMAun/00","A6"
"11336","BECv10","IMAun","IMAun/00","A5"
"11337","BECv10","IMAun","IMAun/00","A4"
"11338","BECv10","IMAun","IMAun/00","A3"
"11339","BECv10","IMAun","IMAun/00","A2"
"11340","BECv10","IMAun","IMAun/00","A1"
"11341","BECv10","IMAun","IMAun/00","A0"
"11342","USA_2019","IMAun_CO","IMAun_CO/00","E7"
"11343","USA_2019","IMAun_CO","IMAun_CO/00","E6"
"11344","USA_2019","IMAun_CO","IMAun_CO/00","E5"
"11345","USA_2019","IMAun_CO","IMAun_CO/00","E4"
"11346","USA_2019","IMAun_CO","IMAun_CO/00","E3"
"11347","USA_2019","IMAun_CO","IMAun_CO/00","E2"
"11348","USA_2019","IMAun_CO","IMAun_CO/00","E1"
"11349","USA_2019","IMAun_CO","IMAun_CO/00","E0"
"11350","USA_2019","IMAun_CO","IMAun_CO/00","D7"
"11351","USA_2019","IMAun_CO","IMAun_CO/00","D6"
"11352","USA_2019","IMAun_CO","IMAun_CO/00","D5"
"11353","USA_2019","IMAun_CO","IMAun_CO/00","D4"
"11354","USA_2019","IMAun_CO","IMAun_CO/00","D3"
"11355","USA_2019","IMAun_CO","IMAun_CO/00","D2"
"11356","USA_2019","IMAun_CO","IMAun_CO/00","D1"
"11357","USA_2019","IMAun_CO","IMAun_CO/00","D0"
"11358","USA_2019","IMAun_CO","IMAun_CO/00","C7"
"11359","USA_2019","IMAun_CO","IMAun_CO/00","C6"
"11360","USA_2019","IMAun_CO","IMAun_CO/00","C5"
"11361","USA_2019","IMAun_CO","IMAun_CO/00","C4"
"11362","USA_2019","IMAun_CO","IMAun_CO/00","C3"
"11363","USA_2019","IMAun_CO","IMAun_CO/00","C2"
"11364","USA_2019","IMAun_CO","IMAun_CO/00","C1"
"11365","USA_2019","IMAun_CO","IMAun_CO/00","C0"
"11366","USA_2019","IMAun_CO","IMAun_CO/00","B7"
"11367","USA_2019","IMAun_CO","IMAun_CO/00","B6"
"11368","USA_2019","IMAun_CO","IMAun_CO/00","B5"
"11369","USA_2019","IMAun_CO","IMAun_CO/00","B4"
"11370","USA_2019","IMAun_CO","IMAun_CO/00","B3"
"11371","USA_2019","IMAun_CO","IMAun_CO/00","B2"
"11372","USA_2019","IMAun_CO","IMAun_CO/00","B1"
"11373","USA_2019","IMAun_CO","IMAun_CO/00","B0"
"11374","USA_2019","IMAun_CO","IMAun_CO/00","A7"
"11375","USA_2019","IMAun_CO","IMAun_CO/00","A6"
"11376","USA_2019","IMAun_CO","IMAun_CO/00","A5"
"11377","USA_2019","IMAun_CO","IMAun_CO/00","A4"
"11378","USA_2019","IMAun_CO","IMAun_CO/00","A3"
"11379","USA_2019","IMAun_CO","IMAun_CO/00","A2"
"11380","USA_2019","IMAun_CO","IMAun_CO/00","A1"
"11381","USA_2019","IMAun_CO","IMAun_CO/00","A0"
"11382","USA_2019","IMAun_ID","IMAun_ID/00","A0"
"11383","USA_2019","IMAun_ID","IMAun_ID/00","A1"
"11384","USA_2019","IMAun_ID","IMAun_ID/00","A2"
"11385","USA_2019","IMAun_ID","IMAun_ID/00","A3"
"11386","USA_2019","IMAun_ID","IMAun_ID/00","A4"
"11387","USA_2019","IMAun_ID","IMAun_ID/00","A5"
"11388","USA_2019","IMAun_ID","IMAun_ID/00","A6"
"11389","USA_2019","IMAun_ID","IMAun_ID/00","A7"
"11390","USA_2019","IMAun_ID","IMAun_ID/00","B0"
"11391","USA_2019","IMAun_ID","IMAun_ID/00","B1"
"11392","USA_2019","IMAun_ID","IMAun_ID/00","B2"
"11393","USA_2019","IMAun_ID","IMAun_ID/00","B3"
"11394","USA_2019","IMAun_ID","IMAun_ID/00","B4"
"11395","USA_2019","IMAun_ID","IMAun_ID/00","B5"
"11396","USA_2019","IMAun_ID","IMAun_ID/00","B6"
"11397","USA_2019","IMAun_ID","IMAun_ID/00","B7"
"11398","USA_2019","IMAun_ID","IMAun_ID/00","C0"
"11399","USA_2019","IMAun_ID","IMAun_ID/00","C1"
"11400","USA_2019","IMAun_ID","IMAun_ID/00","C2"
"11401","USA_2019","IMAun_ID","IMAun_ID/00","C3"
"11402","USA_2019","IMAun_ID","IMAun_ID/00","C4"
"11403","USA_2019","IMAun_ID","IMAun_ID/00","C5"
"11404","USA_2019","IMAun_ID","IMAun_ID/00","C6"
"11405","USA_2019","IMAun_ID","IMAun_ID/00","C7"
"11406","USA_2019","IMAun_ID","IMAun_ID/00","D0"
"11407","USA_2019","IMAun_ID","IMAun_ID/00","D1"
"11408","USA_2019","IMAun_ID","IMAun_ID/00","D2"
"11409","USA_2019","IMAun_ID","IMAun_ID/00","D3"
"11410","USA_2019","IMAun_ID","IMAun_ID/00","D4"
"11411","USA_2019","IMAun_ID","IMAun_ID/00","D5"
"11412","USA_2019","IMAun_ID","IMAun_ID/00","D6"
"11413","USA_2019","IMAun_ID","IMAun_ID/00","D7"
"11414","USA_2019","IMAun_ID","IMAun_ID/00","E0"
"11415","USA_2019","IMAun_ID","IMAun_ID/00","E1"
"11416","USA_2019","IMAun_ID","IMAun_ID/00","E2"
"11417","USA_2019","IMAun_ID","IMAun_ID/00","E3"
"11418","USA_2019","IMAun_ID","IMAun_ID/00","E4"
"11419","USA_2019","IMAun_ID","IMAun_ID/00","E5"
"11420","USA_2019","IMAun_ID","IMAun_ID/00","E6"
"11421","USA_2019","IMAun_ID","IMAun_ID/00","E7"
"11422","USA_2019","IMAun_MT","IMAun_MT/00","A0"
"11423","USA_2019","IMAun_MT","IMAun_MT/00","A1"
"11424","USA_2019","IMAun_MT","IMAun_MT/00","A2"
"11425","USA_2019","IMAun_MT","IMAun_MT/00","A3"
"11426","USA_2019","IMAun_MT","IMAun_MT/00","A4"
"11427","USA_2019","IMAun_MT","IMAun_MT/00","A5"
"11428","USA_2019","IMAun_MT","IMAun_MT/00","A6"
"11429","USA_2019","IMAun_MT","IMAun_MT/00","A7"
"11430","USA_2019","IMAun_MT","IMAun_MT/00","B0"
"11431","USA_2019","IMAun_MT","IMAun_MT/00","B1"
"11432","USA_2019","IMAun_MT","IMAun_MT/00","B2"
"11433","USA_2019","IMAun_MT","IMAun_MT/00","B3"
"11434","USA_2019","IMAun_MT","IMAun_MT/00","B4"
"11435","USA_2019","IMAun_MT","IMAun_MT/00","B5"
"11436","USA_2019","IMAun_MT","IMAun_MT/00","B6"
"11437","USA_2019","IMAun_MT","IMAun_MT/00","B7"
"11438","USA_2019","IMAun_MT","IMAun_MT/00","C0"
"11439","USA_2019","IMAun_MT","IMAun_MT/00","C1"
"11440","USA_2019","IMAun_MT","IMAun_MT/00","C2"
"11441","USA_2019","IMAun_MT","IMAun_MT/00","C3"
"11442","USA_2019","IMAun_MT","IMAun_MT/00","C4"
"11443","USA_2019","IMAun_MT","IMAun_MT/00","C5"
"11444","USA_2019","IMAun_MT","IMAun_MT/00","C6"
"11445","USA_2019","IMAun_MT","IMAun_MT/00","C7"
"11446","USA_2019","IMAun_MT","IMAun_MT/00","D0"
"11447","USA_2019","IMAun_MT","IMAun_MT/00","D1"
"11448","USA_2019","IMAun_MT","IMAun_MT/00","D2"
"11449","USA_2019","IMAun_MT","IMAun_MT/00","D3"
"11450","USA_2019","IMAun_MT","IMAun_MT/00","D4"
"11451","USA_2019","IMAun_MT","IMAun_MT/00","D5"
"11452","USA_2019","IMAun_MT","IMAun_MT/00","D6"
"11453","USA_2019","IMAun_MT","IMAun_MT/00","D7"
"11454","USA_2019","IMAun_MT","IMAun_MT/00","E0"
"11455","USA_2019","IMAun_MT","IMAun_MT/00","E1"
"11456","USA_2019","IMAun_MT","IMAun_MT/00","E2"
"11457","USA_2019","IMAun_MT","IMAun_MT/00","E3"
"11458","USA_2019","IMAun_MT","IMAun_MT/00","E4"
"11459","USA_2019","IMAun_MT","IMAun_MT/00","E5"
"11460","USA_2019","IMAun_MT","IMAun_MT/00","E6"
"11461","USA_2019","IMAun_MT","IMAun_MT/00","E7"
"11462","USA_2019","IMAun_OR","IMAun_OR/00","A0"
"11463","USA_2019","IMAun_OR","IMAun_OR/00","A1"
"11464","USA_2019","IMAun_OR","IMAun_OR/00","A2"
"11465","USA_2019","IMAun_OR","IMAun_OR/00","A3"
"11466","USA_2019","IMAun_OR","IMAun_OR/00","A4"
"11467","USA_2019","IMAun_OR","IMAun_OR/00","A5"
"11468","USA_2019","IMAun_OR","IMAun_OR/00","A6"
"11469","USA_2019","IMAun_OR","IMAun_OR/00","A7"
"11470","USA_2019","IMAun_OR","IMAun_OR/00","B0"
"11471","USA_2019","IMAun_OR","IMAun_OR/00","B1"
"11472","USA_2019","IMAun_OR","IMAun_OR/00","B2"
"11473","USA_2019","IMAun_OR","IMAun_OR/00","B3"
"11474","USA_2019","IMAun_OR","IMAun_OR/00","B4"
"11475","USA_2019","IMAun_OR","IMAun_OR/00","B5"
"11476","USA_2019","IMAun_OR","IMAun_OR/00","B6"
"11477","USA_2019","IMAun_OR","IMAun_OR/00","B7"
"11478","USA_2019","IMAun_OR","IMAun_OR/00","C0"
"11479","USA_2019","IMAun_OR","IMAun_OR/00","C1"
"11480","USA_2019","IMAun_OR","IMAun_OR/00","C2"
"11481","USA_2019","IMAun_OR","IMAun_OR/00","C3"
"11482","USA_2019","IMAun_OR","IMAun_OR/00","C4"
"11483","USA_2019","IMAun_OR","IMAun_OR/00","C5"
"11484","USA_2019","IMAun_OR","IMAun_OR/00","C6"
"11485","USA_2019","IMAun_OR","IMAun_OR/00","C7"
"11486","USA_2019","IMAun_OR","IMAun_OR/00","D0"
"11487","USA_2019","IMAun_OR","IMAun_OR/00","D1"
"11488","USA_2019","IMAun_OR","IMAun_OR/00","D2"
"11489","USA_2019","IMAun_OR","IMAun_OR/00","D3"
"11490","USA_2019","IMAun_OR","IMAun_OR/00","D4"
"11491","USA_2019","IMAun_OR","IMAun_OR/00","D5"
"11492","USA_2019","IMAun_OR","IMAun_OR/00","D6"
"11493","USA_2019","IMAun_OR","IMAun_OR/00","D7"
"11494","USA_2019","IMAun_OR","IMAun_OR/00","E0"
"11495","USA_2019","IMAun_OR","IMAun_OR/00","E1"
"11496","USA_2019","IMAun_OR","IMAun_OR/00","E2"
"11497","USA_2019","IMAun_OR","IMAun_OR/00","E3"
"11498","USA_2019","IMAun_OR","IMAun_OR/00","E4"
"11499","USA_2019","IMAun_OR","IMAun_OR/00","E5"
"11500","USA_2019","IMAun_OR","IMAun_OR/00","E6"
"11501","USA_2019","IMAun_OR","IMAun_OR/00","E7"
"11502","USA_2019","IMAun_WA","IMAun_WA/00","A0"
"11503","USA_2019","IMAun_WA","IMAun_WA/00","A1"
"11504","USA_2019","IMAun_WA","IMAun_WA/00","A2"
"11505","USA_2019","IMAun_WA","IMAun_WA/00","A3"
"11506","USA_2019","IMAun_WA","IMAun_WA/00","A4"
"11507","USA_2019","IMAun_WA","IMAun_WA/00","A5"
"11508","USA_2019","IMAun_WA","IMAun_WA/00","A6"
"11509","USA_2019","IMAun_WA","IMAun_WA/00","A7"
"11510","USA_2019","IMAun_WA","IMAun_WA/00","B0"
"11511","USA_2019","IMAun_WA","IMAun_WA/00","B1"
"11512","USA_2019","IMAun_WA","IMAun_WA/00","B2"
"11513","USA_2019","IMAun_WA","IMAun_WA/00","B3"
"11514","USA_2019","IMAun_WA","IMAun_WA/00","B4"
"11515","USA_2019","IMAun_WA","IMAun_WA/00","B5"
"11516","USA_2019","IMAun_WA","IMAun_WA/00","B6"
"11517","USA_2019","IMAun_WA","IMAun_WA/00","B7"
"11518","USA_2019","IMAun_WA","IMAun_WA/00","C0"
"11519","USA_2019","IMAun_WA","IMAun_WA/00","C1"
"11520","USA_2019","IMAun_WA","IMAun_WA/00","C2"
"11521","USA_2019","IMAun_WA","IMAun_WA/00","C3"
"11522","USA_2019","IMAun_WA","IMAun_WA/00","C4"
"11523","USA_2019","IMAun_WA","IMAun_WA/00","C5"
"11524","USA_2019","IMAun_WA","IMAun_WA/00","C6"
"11525","USA_2019","IMAun_WA","IMAun_WA/00","C7"
"11526","USA_2019","IMAun_WA","IMAun_WA/00","D0"
"11527","USA_2019","IMAun_WA","IMAun_WA/00","D1"
"11528","USA_2019","IMAun_WA","IMAun_WA/00","D2"
"11529","USA_2019","IMAun_WA","IMAun_WA/00","D3"
"11530","USA_2019","IMAun_WA","IMAun_WA/00","D4"
"11531","USA_2019","IMAun_WA","IMAun_WA/00","D5"
"11532","USA_2019","IMAun_WA","IMAun_WA/00","D6"
"11533","USA_2019","IMAun_WA","IMAun_WA/00","D7"
"11534","USA_2019","IMAun_WA","IMAun_WA/00","E0"
"11535","USA_2019","IMAun_WA","IMAun_WA/00","E1"
"11536","USA_2019","IMAun_WA","IMAun_WA/00","E2"
"11537","USA_2019","IMAun_WA","IMAun_WA/00","E3"
"11538","USA_2019","IMAun_WA","IMAun_WA/00","E4"
"11539","USA_2019","IMAun_WA","IMAun_WA/00","E5"
"11540","USA_2019","IMAun_WA","IMAun_WA/00","E6"
"11541","USA_2019","IMAun_WA","IMAun_WA/00","E7"
"11542","USA_2019","IMAun_WY","IMAun_WY/00","E7"
"11543","USA_2019","IMAun_WY","IMAun_WY/00","E6"
"11544","USA_2019","IMAun_WY","IMAun_WY/00","E5"
"11545","USA_2019","IMAun_WY","IMAun_WY/00","E4"
"11546","USA_2019","IMAun_WY","IMAun_WY/00","E3"
"11547","USA_2019","IMAun_WY","IMAun_WY/00","E2"
"11548","USA_2019","IMAun_WY","IMAun_WY/00","E1"
"11549","USA_2019","IMAun_WY","IMAun_WY/00","E0"
"11550","USA_2019","IMAun_WY","IMAun_WY/00","D7"
"11551","USA_2019","IMAun_WY","IMAun_WY/00","D6"
"11552","USA_2019","IMAun_WY","IMAun_WY/00","D5"
"11553","USA_2019","IMAun_WY","IMAun_WY/00","D4"
"11554","USA_2019","IMAun_WY","IMAun_WY/00","D3"
"11555","USA_2019","IMAun_WY","IMAun_WY/00","D2"
"11556","USA_2019","IMAun_WY","IMAun_WY/00","D1"
"11557","USA_2019","IMAun_WY","IMAun_WY/00","D0"
"11558","USA_2019","IMAun_WY","IMAun_WY/00","C7"
"11559","USA_2019","IMAun_WY","IMAun_WY/00","C6"
"11560","USA_2019","IMAun_WY","IMAun_WY/00","C5"
"11561","USA_2019","IMAun_WY","IMAun_WY/00","C4"
"11562","USA_2019","IMAun_WY","IMAun_WY/00","C3"
"11563","USA_2019","IMAun_WY","IMAun_WY/00","C2"
"11564","USA_2019","IMAun_WY","IMAun_WY/00","C1"
"11565","USA_2019","IMAun_WY","IMAun_WY/00","C0"
"11566","USA_2019","IMAun_WY","IMAun_WY/00","B7"
"11567","USA_2019","IMAun_WY","IMAun_WY/00","B6"
"11568","USA_2019","IMAun_WY","IMAun_WY/00","B5"
"11569","USA_2019","IMAun_WY","IMAun_WY/00","B4"
"11570","USA_2019","IMAun_WY","IMAun_WY/00","B3"
"11571","USA_2019","IMAun_WY","IMAun_WY/00","B2"
"11572","USA_2019","IMAun_WY","IMAun_WY/00","B1"
"11573","USA_2019","IMAun_WY","IMAun_WY/00","B0"
"11574","USA_2019","IMAun_WY","IMAun_WY/00","A7"
"11575","USA_2019","IMAun_WY","IMAun_WY/00","A6"
"11576","USA_2019","IMAun_WY","IMAun_WY/00","A5"
"11577","USA_2019","IMAun_WY","IMAun_WY/00","A4"
"11578","USA_2019","IMAun_WY","IMAun_WY/00","A3"
"11579","USA_2019","IMAun_WY","IMAun_WY/00","A2"
"11580","USA_2019","IMAun_WY","IMAun_WY/00","A1"
"11581","USA_2019","IMAun_WY","IMAun_WY/00","A0"
"11582","BECv10","IMAunp","IMAunp/00","E7"
"11583","BECv10","IMAunp","IMAunp/00","E6"
"11584","BECv10","IMAunp","IMAunp/00","E5"
"11585","BECv10","IMAunp","IMAunp/00","E4"
"11586","BECv10","IMAunp","IMAunp/00","E3"
"11587","BECv10","IMAunp","IMAunp/00","E2"
"11588","BECv10","IMAunp","IMAunp/00","E1"
"11589","BECv10","IMAunp","IMAunp/00","E0"
"11590","BECv10","IMAunp","IMAunp/00","D7"
"11591","BECv10","IMAunp","IMAunp/00","D6"
"11592","BECv10","IMAunp","IMAunp/00","D5"
"11593","BECv10","IMAunp","IMAunp/00","D4"
"11594","BECv10","IMAunp","IMAunp/00","D3"
"11595","BECv10","IMAunp","IMAunp/00","D2"
"11596","BECv10","IMAunp","IMAunp/00","D1"
"11597","BECv10","IMAunp","IMAunp/00","D0"
"11598","BECv10","IMAunp","IMAunp/00","C7"
"11599","BECv10","IMAunp","IMAunp/00","C6"
"11600","BECv10","IMAunp","IMAunp/00","C5"
"11601","BECv10","IMAunp","IMAunp/00","C4"
"11602","BECv10","IMAunp","IMAunp/00","C3"
"11603","BECv10","IMAunp","IMAunp/00","C2"
"11604","BECv10","IMAunp","IMAunp/00","C1"
"11605","BECv10","IMAunp","IMAunp/00","C0"
"11606","BECv10","IMAunp","IMAunp/00","B7"
"11607","BECv10","IMAunp","IMAunp/00","B6"
"11608","BECv10","IMAunp","IMAunp/00","B5"
"11609","BECv10","IMAunp","IMAunp/00","B4"
"11610","BECv10","IMAunp","IMAunp/00","B3"
"11611","BECv10","IMAunp","IMAunp/00","B2"
"11612","BECv10","IMAunp","IMAunp/00","B1"
"11613","BECv10","IMAunp","IMAunp/00","B0"
"11614","BECv10","IMAunp","IMAunp/00","A7"
"11615","BECv10","IMAunp","IMAunp/00","A6"
"11616","BECv10","IMAunp","IMAunp/00","A5"
"11617","BECv10","IMAunp","IMAunp/00","A4"
"11618","BECv10","IMAunp","IMAunp/00","A3"
"11619","BECv10","IMAunp","IMAunp/00","A2"
"11620","BECv10","IMAunp","IMAunp/00","A1"
"11621","BECv10","IMAunp","IMAunp/00","A0"
"11622","USA_2019","IWFdm_CO","IWFdm_CO/101","D4"
"11623","USA_2019","IWFdm_CO","IWFdm_CO/101","D3"
"11624","USA_2019","IWFdm_CO","IWFdm_CO/101","C4"
"11625","USA_2019","IWFdm_CO","IWFdm_CO/101","C3"
"11626","USA_2019","IWFdm_CO","IWFdm_CO/101","B4"
"11627","USA_2019","IWFdm_CO","IWFdm_CO/101","B3"
"11628","USA_2019","IWFdm_CO","IWFdm_CO/102","D2"
"11629","USA_2019","IWFdm_CO","IWFdm_CO/102","C2"
"11630","USA_2019","IWFdm_CO","IWFdm_CO/102","B2"
"11631","USA_2019","IWFdm_CO","IWFdm_CO/102","A2"
"11632","USA_2019","IWFdm_CO","IWFdm_CO/110","E5"
"11633","USA_2019","IWFdm_CO","IWFdm_CO/110","D5"
"11634","USA_2019","IWFdm_CO","IWFdm_CO/110","C5"
"11635","USA_2019","IWFdm_CO","IWFdm_CO/110","B5"
"11636","USA_2019","IWFdm_CO","IWFdm_CO/111","C6"
"11637","USA_2019","IWFdm_CO","IWFdm_CO/111","B6"
"11638","USA_2019","IWFdm_CO","IWFdm_CO/113","E6"
"11639","USA_2019","IWFdm_CO","IWFdm_CO/113","D6"
"11640","USA_2020","IWFdm_CO","IWFdm_CO/Gg","A1"
"11641","USA_2020","IWFdm_CO","IWFdm_CO/Gg","B1"
"11642","USA_2020","IWFdm_CO","IWFdm_CO/Gg","C1"
"11643","USA_2020","IWFdm_CO","IWFdm_CO/Gg","D1"
"11644","Add_2021","IWFdm_CO","IWFdm_CO/Ro","A0"
"11645","Add_2021","IWFdm_CO","IWFdm_CO/Ro","B0"
"11646","USA_2019","IWFdw_OR","IWFdw_OR/101","D4"
"11647","USA_2019","IWFdw_OR","IWFdw_OR/101","D3"
"11648","USA_2019","IWFdw_OR","IWFdw_OR/101","C4"
"11649","USA_2019","IWFdw_OR","IWFdw_OR/101","C3"
"11650","USA_2019","IWFdw_OR","IWFdw_OR/101","B4"
"11651","USA_2019","IWFdw_OR","IWFdw_OR/101","B3"
"11652","USA_2019","IWFdw_OR","IWFdw_OR/102","D1"
"11653","USA_2019","IWFdw_OR","IWFdw_OR/102","C1"
"11654","USA_2019","IWFdw_OR","IWFdw_OR/102","B1"
"11655","USA_2019","IWFdw_OR","IWFdw_OR/102","A1"
"11656","USA_2019","IWFdw_OR","IWFdw_OR/103","D2"
"11657","USA_2019","IWFdw_OR","IWFdw_OR/103","C2"
"11658","USA_2019","IWFdw_OR","IWFdw_OR/103","B2"
"11659","USA_2019","IWFdw_OR","IWFdw_OR/103","A2"
"11660","USA_2019","IWFdw_OR","IWFdw_OR/110","C5"
"11661","USA_2019","IWFdw_OR","IWFdw_OR/110","B5"
"11662","USA_2019","IWFdw_OR","IWFdw_OR/111","C6"
"11663","USA_2019","IWFdw_OR","IWFdw_OR/111","B6"
"11664","USA_2019","IWFdw_OR","IWFdw_OR/112","E5"
"11665","USA_2019","IWFdw_OR","IWFdw_OR/112","D5"
"11666","USA_2019","IWFdw_OR","IWFdw_OR/113","E6"
"11667","USA_2019","IWFdw_OR","IWFdw_OR/113","D6"
"11668","Add_2021","IWFdw_OR","IWFdw_OR/Ro","A0"
"11669","Add_2021","IWFdw_OR","IWFdw_OR/Ro","B0"
"11670","USA_2019","IWFxk_NV","IWFxk_NV/101","D4"
"11671","USA_2019","IWFxk_NV","IWFxk_NV/101","D3"
"11672","USA_2019","IWFxk_NV","IWFxk_NV/101","C4"
"11673","USA_2019","IWFxk_NV","IWFxk_NV/101","C3"
"11674","USA_2019","IWFxk_NV","IWFxk_NV/101","B4"
"11675","USA_2019","IWFxk_NV","IWFxk_NV/101","B3"
"11676","USA_2019","IWFxk_NV","IWFxk_NV/102","D1"
"11677","USA_2019","IWFxk_NV","IWFxk_NV/102","C1"
"11678","USA_2019","IWFxk_NV","IWFxk_NV/102","B1"
"11679","USA_2019","IWFxk_NV","IWFxk_NV/102","A1"
"11680","USA_2019","IWFxk_NV","IWFxk_NV/103","D2"
"11681","USA_2019","IWFxk_NV","IWFxk_NV/103","C2"
"11682","USA_2019","IWFxk_NV","IWFxk_NV/103","B2"
"11683","USA_2019","IWFxk_NV","IWFxk_NV/103","A2"
"11684","USA_2019","IWFxk_NV","IWFxk_NV/110","E5"
"11685","USA_2019","IWFxk_NV","IWFxk_NV/110","D5"
"11686","USA_2019","IWFxk_NV","IWFxk_NV/110","C5"
"11687","USA_2019","IWFxk_NV","IWFxk_NV/110","B5"
"11688","USA_2019","IWFxk_NV","IWFxk_NV/111","E6"
"11689","USA_2019","IWFxk_NV","IWFxk_NV/111","D6"
"11690","USA_2019","IWFxk_NV","IWFxk_NV/111","C6"
"11691","USA_2019","IWFxk_NV","IWFxk_NV/111","B6"
"11692","Add_2021","IWFxk_NV","IWFxk_NV/Ro","A0"
"11693","Add_2021","IWFxk_NV","IWFxk_NV/Ro","B0"
"11694","USA_2019","IWFxm_CA","IWFxm_CA/101","D4"
"11695","USA_2019","IWFxm_CA","IWFxm_CA/101","D3"
"11696","USA_2019","IWFxm_CA","IWFxm_CA/101","C4"
"11697","USA_2019","IWFxm_CA","IWFxm_CA/101","C3"
"11698","USA_2019","IWFxm_CA","IWFxm_CA/101","B4"
"11699","USA_2019","IWFxm_CA","IWFxm_CA/101","B3"
"11700","USA_2019","IWFxm_CA","IWFxm_CA/102","D1"
"11701","USA_2019","IWFxm_CA","IWFxm_CA/102","C1"
"11702","USA_2019","IWFxm_CA","IWFxm_CA/102","B1"
"11703","USA_2019","IWFxm_CA","IWFxm_CA/102","A1"
"11704","USA_2019","IWFxm_CA","IWFxm_CA/103","D2"
"11705","USA_2019","IWFxm_CA","IWFxm_CA/103","C2"
"11706","USA_2019","IWFxm_CA","IWFxm_CA/103","B2"
"11707","USA_2019","IWFxm_CA","IWFxm_CA/103","A2"
"11708","USA_2019","IWFxm_CA","IWFxm_CA/110","E5"
"11709","USA_2019","IWFxm_CA","IWFxm_CA/110","D5"
"11710","USA_2019","IWFxm_CA","IWFxm_CA/110","C5"
"11711","USA_2019","IWFxm_CA","IWFxm_CA/110","B5"
"11712","USA_2019","IWFxm_CA","IWFxm_CA/111","C6"
"11713","USA_2019","IWFxm_CA","IWFxm_CA/111","B6"
"11714","USA_2019","IWFxm_CA","IWFxm_CA/112","E6"
"11715","USA_2019","IWFxm_CA","IWFxm_CA/112","D6"
"11716","Add_2021","IWFxm_CA","IWFxm_CA/Ro","A0"
"11717","Add_2021","IWFxm_CA","IWFxm_CA/Ro","B0"
"11718","USA_2019","MDCHun_NV","MDCHun_NV/110","E6"
"11719","USA_2019","MDCHun_NV","MDCHun_NV/110","E5"
"11720","USA_2019","MDCHun_NV","MDCHun_NV/110","D6"
"11721","USA_2019","MDCHun_NV","MDCHun_NV/110","D5"
"11722","USA_2019","MDCHun_NV","MDCHun_NV/110","C6"
"11723","USA_2019","MDCHun_NV","MDCHun_NV/110","C5"
"11724","USA_2019","MDCHun_NV","MDCHun_NV/110","B6"
"11725","USA_2019","MDCHun_NV","MDCHun_NV/110","B5"
"11726","USA_2019","MDCHun_NV","MDCHun_NV/Gs","D4"
"11727","USA_2019","MDCHun_NV","MDCHun_NV/Gs","D3"
"11728","USA_2019","MDCHun_NV","MDCHun_NV/Gs","D2"
"11729","USA_2019","MDCHun_NV","MDCHun_NV/Gs","C4"
"11730","USA_2019","MDCHun_NV","MDCHun_NV/Gs","C3"
"11731","USA_2019","MDCHun_NV","MDCHun_NV/Gs","C2"
"11732","USA_2019","MDCHun_NV","MDCHun_NV/Gs","B4"
"11733","USA_2019","MDCHun_NV","MDCHun_NV/Gs","B3"
"11734","USA_2019","MDCHun_NV","MDCHun_NV/Gs","B2"
"11735","USA_2019","MDCHun_NV","MDCHun_NV/Gs","B1"
"11736","USA_2019","MDCHun_NV","MDCHun_NV/Gs","A2"
"11737","USA_2019","MDCHun_NV","MDCHun_NV/Gs","A1"
"11738","Add_2021","MDCHun_NV","MDCHun_NV/Ro","A0"
"11739","Add_2021","MDCHun_NV","MDCHun_NV/Ro","B0"
"11740","AB_2018","MGPdm","MGPdm/00","E7"
"11741","AB_2018","MGPdm","MGPdm/00","E6"
"11742","AB_2018","MGPdm","MGPdm/00","E5"
"11743","AB_2018","MGPdm","MGPdm/00","E4"
"11744","AB_2018","MGPdm","MGPdm/00","E3"
"11745","AB_2018","MGPdm","MGPdm/00","E2"
"11746","AB_2018","MGPdm","MGPdm/00","E1"
"11747","AB_2018","MGPdm","MGPdm/00","E0"
"11748","AB_2018","MGPdm","MGPdm/00","D7"
"11749","AB_2018","MGPdm","MGPdm/00","D6"
"11750","AB_2018","MGPdm","MGPdm/00","D5"
"11751","AB_2018","MGPdm","MGPdm/00","D4"
"11752","AB_2018","MGPdm","MGPdm/00","D3"
"11753","AB_2018","MGPdm","MGPdm/00","D2"
"11754","AB_2018","MGPdm","MGPdm/00","D1"
"11755","AB_2018","MGPdm","MGPdm/00","D0"
"11756","AB_2018","MGPdm","MGPdm/00","C7"
"11757","AB_2018","MGPdm","MGPdm/00","C6"
"11758","AB_2018","MGPdm","MGPdm/00","C5"
"11759","AB_2018","MGPdm","MGPdm/00","C4"
"11760","AB_2018","MGPdm","MGPdm/00","C3"
"11761","AB_2018","MGPdm","MGPdm/00","C2"
"11762","AB_2018","MGPdm","MGPdm/00","C1"
"11763","AB_2018","MGPdm","MGPdm/00","C0"
"11764","AB_2018","MGPdm","MGPdm/00","B7"
"11765","AB_2018","MGPdm","MGPdm/00","B6"
"11766","AB_2018","MGPdm","MGPdm/00","B5"
"11767","AB_2018","MGPdm","MGPdm/00","B4"
"11768","AB_2018","MGPdm","MGPdm/00","B3"
"11769","AB_2018","MGPdm","MGPdm/00","B2"
"11770","AB_2018","MGPdm","MGPdm/00","B1"
"11771","AB_2018","MGPdm","MGPdm/00","B0"
"11772","AB_2018","MGPdm","MGPdm/00","A7"
"11773","AB_2018","MGPdm","MGPdm/00","A6"
"11774","AB_2018","MGPdm","MGPdm/00","A5"
"11775","AB_2018","MGPdm","MGPdm/00","A4"
"11776","AB_2018","MGPdm","MGPdm/00","A3"
"11777","AB_2018","MGPdm","MGPdm/00","A2"
"11778","AB_2018","MGPdm","MGPdm/00","A1"
"11779","AB_2018","MGPdm","MGPdm/00","A0"
"11780","AB_2018","MGPmg","MGPmg/00","E7"
"11781","AB_2018","MGPmg","MGPmg/00","E6"
"11782","AB_2018","MGPmg","MGPmg/00","E5"
"11783","AB_2018","MGPmg","MGPmg/00","E4"
"11784","AB_2018","MGPmg","MGPmg/00","E3"
"11785","AB_2018","MGPmg","MGPmg/00","E2"
"11786","AB_2018","MGPmg","MGPmg/00","E1"
"11787","AB_2018","MGPmg","MGPmg/00","E0"
"11788","AB_2018","MGPmg","MGPmg/00","D7"
"11789","AB_2018","MGPmg","MGPmg/00","D6"
"11790","AB_2018","MGPmg","MGPmg/00","D5"
"11791","AB_2018","MGPmg","MGPmg/00","D4"
"11792","AB_2018","MGPmg","MGPmg/00","D3"
"11793","AB_2018","MGPmg","MGPmg/00","D2"
"11794","AB_2018","MGPmg","MGPmg/00","D1"
"11795","AB_2018","MGPmg","MGPmg/00","D0"
"11796","AB_2018","MGPmg","MGPmg/00","C7"
"11797","AB_2018","MGPmg","MGPmg/00","C6"
"11798","AB_2018","MGPmg","MGPmg/00","C5"
"11799","AB_2018","MGPmg","MGPmg/00","C4"
"11800","AB_2018","MGPmg","MGPmg/00","C3"
"11801","AB_2018","MGPmg","MGPmg/00","C2"
"11802","AB_2018","MGPmg","MGPmg/00","C1"
"11803","AB_2018","MGPmg","MGPmg/00","C0"
"11804","AB_2018","MGPmg","MGPmg/00","B7"
"11805","AB_2018","MGPmg","MGPmg/00","B6"
"11806","AB_2018","MGPmg","MGPmg/00","B5"
"11807","AB_2018","MGPmg","MGPmg/00","B4"
"11808","AB_2018","MGPmg","MGPmg/00","B3"
"11809","AB_2018","MGPmg","MGPmg/00","B2"
"11810","AB_2018","MGPmg","MGPmg/00","B1"
"11811","AB_2018","MGPmg","MGPmg/00","B0"
"11812","AB_2018","MGPmg","MGPmg/00","A7"
"11813","AB_2018","MGPmg","MGPmg/00","A6"
"11814","AB_2018","MGPmg","MGPmg/00","A5"
"11815","AB_2018","MGPmg","MGPmg/00","A4"
"11816","AB_2018","MGPmg","MGPmg/00","A3"
"11817","AB_2018","MGPmg","MGPmg/00","A2"
"11818","AB_2018","MGPmg","MGPmg/00","A1"
"11819","AB_2018","MGPmg","MGPmg/00","A0"
"11820","USA_2019","MGPmw_MT","MGPmw_MT/110","E5"
"11821","USA_2019","MGPmw_MT","MGPmw_MT/110","D5"
"11822","USA_2019","MGPmw_MT","MGPmw_MT/110","C5"
"11823","USA_2019","MGPmw_MT","MGPmw_MT/110","B5"
"11824","USA_2019","MGPmw_MT","MGPmw_MT/111","E6"
"11825","USA_2019","MGPmw_MT","MGPmw_MT/111","D6"
"11826","USA_2019","MGPmw_MT","MGPmw_MT/111","C6"
"11827","USA_2019","MGPmw_MT","MGPmw_MT/111","B6"
"11828","USA_2019","MGPmw_MT","MGPmw_MT/Gg","D4"
"11829","USA_2019","MGPmw_MT","MGPmw_MT/Gg","D3"
"11830","USA_2019","MGPmw_MT","MGPmw_MT/Gg","D2"
"11831","USA_2019","MGPmw_MT","MGPmw_MT/Gg","D1"
"11832","USA_2019","MGPmw_MT","MGPmw_MT/Gg","C4"
"11833","USA_2019","MGPmw_MT","MGPmw_MT/Gg","C3"
"11834","USA_2019","MGPmw_MT","MGPmw_MT/Gg","C2"
"11835","USA_2019","MGPmw_MT","MGPmw_MT/Gg","C1"
"11836","USA_2019","MGPmw_MT","MGPmw_MT/Gg","B4"
"11837","USA_2019","MGPmw_MT","MGPmw_MT/Gg","B3"
"11838","USA_2019","MGPmw_MT","MGPmw_MT/Gg","B2"
"11839","USA_2019","MGPmw_MT","MGPmw_MT/Gg","B1"
"11840","USA_2019","MGPmw_MT","MGPmw_MT/Gg","A2"
"11841","USA_2019","MGPmw_MT","MGPmw_MT/Gg","A1"
"11842","Add_2021","MGPmw_MT","MGPmw_MT/Ro","A0"
"11843","Add_2021","MGPmw_MT","MGPmw_MT/Ro","B0"
"11844","USA_2019","MHdm_OR","MHdm_OR/101","D4"
"11845","USA_2019","MHdm_OR","MHdm_OR/101","D3"
"11846","USA_2019","MHdm_OR","MHdm_OR/101","C4"
"11847","USA_2019","MHdm_OR","MHdm_OR/101","C3"
"11848","USA_2019","MHdm_OR","MHdm_OR/101","B4"
"11849","USA_2019","MHdm_OR","MHdm_OR/101","B3"
"11850","USA_2019","MHdm_OR","MHdm_OR/102","D1"
"11851","USA_2019","MHdm_OR","MHdm_OR/102","C1"
"11852","USA_2019","MHdm_OR","MHdm_OR/102","B1"
"11853","USA_2019","MHdm_OR","MHdm_OR/102","A1"
"11854","USA_2019","MHdm_OR","MHdm_OR/103","D2"
"11855","USA_2019","MHdm_OR","MHdm_OR/103","C2"
"11856","USA_2019","MHdm_OR","MHdm_OR/103","B2"
"11857","USA_2019","MHdm_OR","MHdm_OR/103","A2"
"11858","USA_2019","MHdm_OR","MHdm_OR/110","C5"
"11859","USA_2019","MHdm_OR","MHdm_OR/110","B5"
"11860","USA_2019","MHdm_OR","MHdm_OR/111","C6"
"11861","USA_2019","MHdm_OR","MHdm_OR/111","B6"
"11862","USA_2019","MHdm_OR","MHdm_OR/112","E5"
"11863","USA_2019","MHdm_OR","MHdm_OR/112","D5"
"11864","USA_2019","MHdm_OR","MHdm_OR/113","E6"
"11865","USA_2019","MHdm_OR","MHdm_OR/113","D6"
"11866","Add_2021","MHdm_OR","MHdm_OR/Ro","A0"
"11867","Add_2021","MHdm_OR","MHdm_OR/Ro","B0"
"11868","USA_2020","MHdmp_OR","MHdmp_OR/00","E7"
"11869","USA_2020","MHdmp_OR","MHdmp_OR/00","E6"
"11870","USA_2020","MHdmp_OR","MHdmp_OR/00","E5"
"11871","USA_2020","MHdmp_OR","MHdmp_OR/00","E4"
"11872","USA_2020","MHdmp_OR","MHdmp_OR/00","E3"
"11873","USA_2020","MHdmp_OR","MHdmp_OR/00","E2"
"11874","USA_2020","MHdmp_OR","MHdmp_OR/00","E1"
"11875","USA_2020","MHdmp_OR","MHdmp_OR/00","E0"
"11876","USA_2020","MHdmp_OR","MHdmp_OR/00","D7"
"11877","USA_2020","MHdmp_OR","MHdmp_OR/00","D6"
"11878","USA_2020","MHdmp_OR","MHdmp_OR/00","D5"
"11879","USA_2020","MHdmp_OR","MHdmp_OR/00","D4"
"11880","USA_2020","MHdmp_OR","MHdmp_OR/00","D3"
"11881","USA_2020","MHdmp_OR","MHdmp_OR/00","D2"
"11882","USA_2020","MHdmp_OR","MHdmp_OR/00","D1"
"11883","USA_2020","MHdmp_OR","MHdmp_OR/00","D0"
"11884","USA_2020","MHdmp_OR","MHdmp_OR/00","C7"
"11885","USA_2020","MHdmp_OR","MHdmp_OR/00","C6"
"11886","USA_2020","MHdmp_OR","MHdmp_OR/00","C5"
"11887","USA_2020","MHdmp_OR","MHdmp_OR/00","C4"
"11888","USA_2020","MHdmp_OR","MHdmp_OR/00","C3"
"11889","USA_2020","MHdmp_OR","MHdmp_OR/00","C2"
"11890","USA_2020","MHdmp_OR","MHdmp_OR/00","C1"
"11891","USA_2020","MHdmp_OR","MHdmp_OR/00","C0"
"11892","USA_2020","MHdmp_OR","MHdmp_OR/00","B7"
"11893","USA_2020","MHdmp_OR","MHdmp_OR/00","B6"
"11894","USA_2020","MHdmp_OR","MHdmp_OR/00","B5"
"11895","USA_2020","MHdmp_OR","MHdmp_OR/00","B4"
"11896","USA_2020","MHdmp_OR","MHdmp_OR/00","B3"
"11897","USA_2020","MHdmp_OR","MHdmp_OR/00","B2"
"11898","USA_2020","MHdmp_OR","MHdmp_OR/00","B1"
"11899","USA_2020","MHdmp_OR","MHdmp_OR/00","B0"
"11900","USA_2020","MHdmp_OR","MHdmp_OR/00","A7"
"11901","USA_2020","MHdmp_OR","MHdmp_OR/00","A6"
"11902","USA_2020","MHdmp_OR","MHdmp_OR/00","A5"
"11903","USA_2020","MHdmp_OR","MHdmp_OR/00","A4"
"11904","USA_2020","MHdmp_OR","MHdmp_OR/00","A3"
"11905","USA_2020","MHdmp_OR","MHdmp_OR/00","A2"
"11906","USA_2020","MHdmp_OR","MHdmp_OR/00","A1"
"11907","USA_2020","MHdmp_OR","MHdmp_OR/00","A0"
"11908","USA_2019","MHds_OR","MHds_OR/101","D4"
"11909","USA_2019","MHds_OR","MHds_OR/101","D3"
"11910","USA_2019","MHds_OR","MHds_OR/101","C4"
"11911","USA_2019","MHds_OR","MHds_OR/101","C3"
"11912","USA_2019","MHds_OR","MHds_OR/101","B4"
"11913","USA_2019","MHds_OR","MHds_OR/101","B3"
"11914","USA_2019","MHds_OR","MHds_OR/102","D1"
"11915","USA_2019","MHds_OR","MHds_OR/102","C1"
"11916","USA_2019","MHds_OR","MHds_OR/102","B1"
"11917","USA_2019","MHds_OR","MHds_OR/102","A1"
"11918","USA_2019","MHds_OR","MHds_OR/103","D2"
"11919","USA_2019","MHds_OR","MHds_OR/103","C2"
"11920","USA_2019","MHds_OR","MHds_OR/103","B2"
"11921","USA_2019","MHds_OR","MHds_OR/103","A2"
"11922","USA_2019","MHds_OR","MHds_OR/110","C5"
"11923","USA_2019","MHds_OR","MHds_OR/110","B5"
"11924","USA_2019","MHds_OR","MHds_OR/111","C6"
"11925","USA_2019","MHds_OR","MHds_OR/111","B6"
"11926","USA_2019","MHds_OR","MHds_OR/112","E5"
"11927","USA_2019","MHds_OR","MHds_OR/112","D5"
"11928","USA_2019","MHds_OR","MHds_OR/113","E6"
"11929","USA_2019","MHds_OR","MHds_OR/113","D6"
"11930","Add_2021","MHds_OR","MHds_OR/Ro","A0"
"11931","Add_2021","MHds_OR","MHds_OR/Ro","B0"
"11932","USA_2020","MHds_WA","MHds_WA/101","D4"
"11933","USA_2020","MHds_WA","MHds_WA/101","D3"
"11934","USA_2020","MHds_WA","MHds_WA/101","C4"
"11935","USA_2020","MHds_WA","MHds_WA/101","C3"
"11936","USA_2020","MHds_WA","MHds_WA/101","B4"
"11937","USA_2020","MHds_WA","MHds_WA/101","B3"
"11938","USA_2020","MHds_WA","MHds_WA/102","D1"
"11939","USA_2020","MHds_WA","MHds_WA/102","C1"
"11940","USA_2020","MHds_WA","MHds_WA/102","B1"
"11941","USA_2020","MHds_WA","MHds_WA/102","A1"
"11942","USA_2020","MHds_WA","MHds_WA/103","D2"
"11943","USA_2020","MHds_WA","MHds_WA/103","C2"
"11944","USA_2020","MHds_WA","MHds_WA/103","B2"
"11945","USA_2020","MHds_WA","MHds_WA/103","A2"
"11946","USA_2020","MHds_WA","MHds_WA/110","C5"
"11947","USA_2020","MHds_WA","MHds_WA/110","B5"
"11948","USA_2020","MHds_WA","MHds_WA/111","C6"
"11949","USA_2020","MHds_WA","MHds_WA/111","B6"
"11950","USA_2020","MHds_WA","MHds_WA/112","E5"
"11951","USA_2020","MHds_WA","MHds_WA/112","D5"
"11952","USA_2020","MHds_WA","MHds_WA/113","E6"
"11953","USA_2020","MHds_WA","MHds_WA/113","D6"
"11954","Add_2021","MHds_WA","MHds_WA/Ro","A0"
"11955","Add_2021","MHds_WA","MHds_WA/Ro","B0"
"11956","USA_2019","MHmm_WA","MHmm_WA/101","D4"
"11957","USA_2019","MHmm_WA","MHmm_WA/101","D3"
"11958","USA_2019","MHmm_WA","MHmm_WA/101","C4"
"11959","USA_2019","MHmm_WA","MHmm_WA/101","C3"
"11960","USA_2019","MHmm_WA","MHmm_WA/101","B4"
"11961","USA_2019","MHmm_WA","MHmm_WA/101","B3"
"11962","USA_2019","MHmm_WA","MHmm_WA/102","D2"
"11963","USA_2019","MHmm_WA","MHmm_WA/102","D1"
"11964","USA_2019","MHmm_WA","MHmm_WA/102","C2"
"11965","USA_2019","MHmm_WA","MHmm_WA/102","C1"
"11966","USA_2019","MHmm_WA","MHmm_WA/102","B2"
"11967","USA_2019","MHmm_WA","MHmm_WA/102","B1"
"11968","USA_2019","MHmm_WA","MHmm_WA/102","A2"
"11969","USA_2019","MHmm_WA","MHmm_WA/102","A1"
"11970","USA_2019","MHmm_WA","MHmm_WA/110","C5"
"11971","USA_2019","MHmm_WA","MHmm_WA/110","B5"
"11972","USA_2019","MHmm_WA","MHmm_WA/111","C6"
"11973","USA_2019","MHmm_WA","MHmm_WA/111","B6"
"11974","USA_2019","MHmm_WA","MHmm_WA/112","E5"
"11975","USA_2019","MHmm_WA","MHmm_WA/112","D5"
"11976","USA_2019","MHmm_WA","MHmm_WA/113","E6"
"11977","USA_2019","MHmm_WA","MHmm_WA/113","D6"
"11978","Add_2021","MHmm_WA","MHmm_WA/Ro","A0"
"11979","Add_2021","MHmm_WA","MHmm_WA/Ro","B0"
"11980","BECv13","MHmm1","MHmm1/101","A2"
"11981","BECv13","MHmm1","MHmm1/101","B2"
"11982","BECv13","MHmm1","MHmm1/101","C2"
"11983","BECv13","MHmm1","MHmm1/101","C3"
"11984","BECv13","MHmm1","MHmm1/101","B3"
"11985","BECv13","MHmm1","MHmm1/101","A3"
"11986","BECv13","MHmm1","MHmm1/101","A4"
"11987","BECv13","MHmm1","MHmm1/101","B4"
"11988","BECv13","MHmm1","MHmm1/101","C4"
"11989","BECv13","MHmm1","MHmm1/101a","A3"
"11990","BECv13","MHmm1","MHmm1/101a","A4"
"11991","BECv13","MHmm1","MHmm1/101a","B4"
"11992","BECv13","MHmm1","MHmm1/101a","C4"
"11993","BECv13","MHmm1","MHmm1/101a","C3"
"11994","BECv13","MHmm1","MHmm1/101a","B3"
"11995","BECv13","MHmm1","MHmm1/101b","A2"
"11996","BECv13","MHmm1","MHmm1/101b","C2"
"11997","BECv13","MHmm1","MHmm1/102","A0"
"11998","BECv13","MHmm1","MHmm1/102","A1"
"11999","BECv13","MHmm1","MHmm1/102","B1"
"12000","BECv13","MHmm1","MHmm1/102","B0"
"12001","BECv13","MHmm1","MHmm1/102","C0"
"12002","BECv13","MHmm1","MHmm1/102","C1"
"12003","BECv13","MHmm1","MHmm1/103","A2"
"12004","BECv13","MHmm1","MHmm1/103","A3"
"12005","BECv13","MHmm1","MHmm1/103","A4"
"12006","BECv13","MHmm1","MHmm1/103","B4"
"12007","BECv13","MHmm1","MHmm1/103","C4"
"12008","BECv13","MHmm1","MHmm1/103","C3"
"12009","BECv13","MHmm1","MHmm1/103","C2"
"12010","BECv13","MHmm1","MHmm1/103","B2"
"12011","BECv13","MHmm1","MHmm1/103","B3"
"12012","BECv13","MHmm1","MHmm1/104","A2"
"12013","BECv13","MHmm1","MHmm1/104","A3"
"12014","BECv13","MHmm1","MHmm1/104","A4"
"12015","BECv13","MHmm1","MHmm1/104","B4"
"12016","BECv13","MHmm1","MHmm1/104","C4"
"12017","BECv13","MHmm1","MHmm1/104","C3"
"12018","BECv13","MHmm1","MHmm1/104","C2"
"12019","BECv13","MHmm1","MHmm1/104","B2"
"12020","BECv13","MHmm1","MHmm1/104","B3"
"12021","BECv13","MHmm1","MHmm1/110","D3"
"12022","BECv13","MHmm1","MHmm1/110","E3"
"12023","BECv13","MHmm1","MHmm1/110","E4"
"12024","BECv13","MHmm1","MHmm1/110","D4"
"12025","BECv13","MHmm1","MHmm1/111","A5"
"12026","BECv13","MHmm1","MHmm1/111","A6"
"12027","BECv13","MHmm1","MHmm1/111","B6"
"12028","BECv13","MHmm1","MHmm1/111","B5"
"12029","BECv13","MHmm1","MHmm1/111","C5"
"12030","BECv13","MHmm1","MHmm1/111","C6"
"12031","BECv13","MHmm1","MHmm1/112","D5"
"12032","BECv13","MHmm1","MHmm1/112","E5"
"12033","BECv13","MHmm1","MHmm1/112","E6"
"12034","BECv13","MHmm1","MHmm1/112","D6"
"12035","BECv13","MHmm1","MHmm1/Wb5X","A7"
"12036","BECv13","MHmm1","MHmm1/Wb5X","B7"
"12037","BECv13","MHmm1","MHmm1/Ws55.1","C7"
"12038","BECv13","MHmm1","MHmm1/Ws55.1","D7"
"12039","BECv13","MHmm1","MHmm1/Ws55.1","E7"
"12040","BECv13","MHmm2","MHmm2/101","A2"
"12041","BECv13","MHmm2","MHmm2/101","A3"
"12042","BECv13","MHmm2","MHmm2/101","A4"
"12043","BECv13","MHmm2","MHmm2/101","B4"
"12044","BECv13","MHmm2","MHmm2/101","B3"
"12045","BECv13","MHmm2","MHmm2/101","B2"
"12046","BECv13","MHmm2","MHmm2/101","C2"
"12047","BECv13","MHmm2","MHmm2/101","C3"
"12048","BECv13","MHmm2","MHmm2/101","C4"
"12049","BECv13","MHmm2","MHmm2/101a","A3"
"12050","BECv13","MHmm2","MHmm2/101a","A4"
"12051","BECv13","MHmm2","MHmm2/101a","B4"
"12052","BECv13","MHmm2","MHmm2/101a","C4"
"12053","BECv13","MHmm2","MHmm2/101a","C3"
"12054","BECv13","MHmm2","MHmm2/101a","B3"
"12055","BECv13","MHmm2","MHmm2/101b","A2"
"12056","BECv13","MHmm2","MHmm2/101b","B2"
"12057","BECv13","MHmm2","MHmm2/101b","C2"
"12058","BECv13","MHmm2","MHmm2/102","A0"
"12059","BECv13","MHmm2","MHmm2/102","A1"
"12060","BECv13","MHmm2","MHmm2/102","B1"
"12061","BECv13","MHmm2","MHmm2/102","C1"
"12062","BECv13","MHmm2","MHmm2/102","C0"
"12063","BECv13","MHmm2","MHmm2/102","B0"
"12064","BECv13","MHmm2","MHmm2/103","A2"
"12065","BECv13","MHmm2","MHmm2/103","B2"
"12066","BECv13","MHmm2","MHmm2/103","C2"
"12067","BECv13","MHmm2","MHmm2/103","C3"
"12068","BECv13","MHmm2","MHmm2/103","C4"
"12069","BECv13","MHmm2","MHmm2/103","B4"
"12070","BECv13","MHmm2","MHmm2/103","A4"
"12071","BECv13","MHmm2","MHmm2/103","A3"
"12072","BECv13","MHmm2","MHmm2/103","B3"
"12073","BECv13","MHmm2","MHmm2/110","D3"
"12074","BECv13","MHmm2","MHmm2/110","D4"
"12075","BECv13","MHmm2","MHmm2/110","E4"
"12076","BECv13","MHmm2","MHmm2/110","E3"
"12077","BECv13","MHmm2","MHmm2/111","A5"
"12078","BECv13","MHmm2","MHmm2/111","A6"
"12079","BECv13","MHmm2","MHmm2/111","B6"
"12080","BECv13","MHmm2","MHmm2/111","C6"
"12081","BECv13","MHmm2","MHmm2/111","C5"
"12082","BECv13","MHmm2","MHmm2/111","B5"
"12083","BECv13","MHmm2","MHmm2/112","D5"
"12084","BECv13","MHmm2","MHmm2/112","E5"
"12085","BECv13","MHmm2","MHmm2/113","D6"
"12086","BECv13","MHmm2","MHmm2/113","E6"
"12087","BECv13","MHmm2","MHmm2/Wb5X","A7"
"12088","BECv13","MHmm2","MHmm2/Wb5X","B7"
"12089","BECv13","MHmm2","MHmm2/Ws55.1","C7"
"12090","BECv13","MHmm2","MHmm2/Ws55.1","D7"
"12091","BECv13","MHmm2","MHmm2/Ws55.1","E7"
"12092","BECv10","MHmmp","MHmmp/h","E7"
"12093","BECv10","MHmmp","MHmmp/h","E6"
"12094","BECv10","MHmmp","MHmmp/h","E5"
"12095","BECv10","MHmmp","MHmmp/h","D7"
"12096","BECv10","MHmmp","MHmmp/h","D6"
"12097","BECv10","MHmmp","MHmmp/h","D5"
"12098","BECv10","MHmmp","MHmmp/h","C7"
"12099","BECv10","MHmmp","MHmmp/h","C6"
"12100","BECv10","MHmmp","MHmmp/h","C5"
"12101","BECv10","MHmmp","MHmmp/h","B7"
"12102","BECv10","MHmmp","MHmmp/h","B6"
"12103","BECv10","MHmmp","MHmmp/h","B5"
"12104","BECv10","MHmmp","MHmmp/h","A7"
"12105","BECv10","MHmmp","MHmmp/h","A6"
"12106","BECv10","MHmmp","MHmmp/h","A5"
"12107","BECv10","MHmmp","MHmmp/m","E4"
"12108","BECv10","MHmmp","MHmmp/m","E3"
"12109","BECv10","MHmmp","MHmmp/m","D4"
"12110","BECv10","MHmmp","MHmmp/m","D3"
"12111","BECv10","MHmmp","MHmmp/m","C4"
"12112","BECv10","MHmmp","MHmmp/m","C3"
"12113","BECv10","MHmmp","MHmmp/m","B4"
"12114","BECv10","MHmmp","MHmmp/m","B3"
"12115","BECv10","MHmmp","MHmmp/m","A4"
"12116","BECv10","MHmmp","MHmmp/m","A3"
"12117","BECv10","MHmmp","MHmmp/x","E2"
"12118","BECv10","MHmmp","MHmmp/x","E1"
"12119","BECv10","MHmmp","MHmmp/x","E0"
"12120","BECv10","MHmmp","MHmmp/x","D2"
"12121","BECv10","MHmmp","MHmmp/x","D1"
"12122","BECv10","MHmmp","MHmmp/x","D0"
"12123","BECv10","MHmmp","MHmmp/x","C2"
"12124","BECv10","MHmmp","MHmmp/x","C1"
"12125","BECv10","MHmmp","MHmmp/x","C0"
"12126","BECv10","MHmmp","MHmmp/x","B2"
"12127","BECv10","MHmmp","MHmmp/x","B1"
"12128","BECv10","MHmmp","MHmmp/x","B0"
"12129","BECv10","MHmmp","MHmmp/x","A2"
"12130","BECv10","MHmmp","MHmmp/x","A1"
"12131","BECv10","MHmmp","MHmmp/x","A0"
"12132","USA_2019","MHmmp_WA","MHmmp_WA/00","E7"
"12133","USA_2019","MHmmp_WA","MHmmp_WA/00","E6"
"12134","USA_2019","MHmmp_WA","MHmmp_WA/00","E5"
"12135","USA_2019","MHmmp_WA","MHmmp_WA/00","E4"
"12136","USA_2019","MHmmp_WA","MHmmp_WA/00","E3"
"12137","USA_2019","MHmmp_WA","MHmmp_WA/00","E2"
"12138","USA_2019","MHmmp_WA","MHmmp_WA/00","E1"
"12139","USA_2019","MHmmp_WA","MHmmp_WA/00","E0"
"12140","USA_2019","MHmmp_WA","MHmmp_WA/00","D7"
"12141","USA_2019","MHmmp_WA","MHmmp_WA/00","D6"
"12142","USA_2019","MHmmp_WA","MHmmp_WA/00","D5"
"12143","USA_2019","MHmmp_WA","MHmmp_WA/00","D4"
"12144","USA_2019","MHmmp_WA","MHmmp_WA/00","D3"
"12145","USA_2019","MHmmp_WA","MHmmp_WA/00","D2"
"12146","USA_2019","MHmmp_WA","MHmmp_WA/00","D1"
"12147","USA_2019","MHmmp_WA","MHmmp_WA/00","D0"
"12148","USA_2019","MHmmp_WA","MHmmp_WA/00","C7"
"12149","USA_2019","MHmmp_WA","MHmmp_WA/00","C6"
"12150","USA_2019","MHmmp_WA","MHmmp_WA/00","C5"
"12151","USA_2019","MHmmp_WA","MHmmp_WA/00","C4"
"12152","USA_2019","MHmmp_WA","MHmmp_WA/00","C3"
"12153","USA_2019","MHmmp_WA","MHmmp_WA/00","C2"
"12154","USA_2019","MHmmp_WA","MHmmp_WA/00","C1"
"12155","USA_2019","MHmmp_WA","MHmmp_WA/00","C0"
"12156","USA_2019","MHmmp_WA","MHmmp_WA/00","B7"
"12157","USA_2019","MHmmp_WA","MHmmp_WA/00","B6"
"12158","USA_2019","MHmmp_WA","MHmmp_WA/00","B5"
"12159","USA_2019","MHmmp_WA","MHmmp_WA/00","B4"
"12160","USA_2019","MHmmp_WA","MHmmp_WA/00","B3"
"12161","USA_2019","MHmmp_WA","MHmmp_WA/00","B2"
"12162","USA_2019","MHmmp_WA","MHmmp_WA/00","B1"
"12163","USA_2019","MHmmp_WA","MHmmp_WA/00","B0"
"12164","USA_2019","MHmmp_WA","MHmmp_WA/00","A7"
"12165","USA_2019","MHmmp_WA","MHmmp_WA/00","A6"
"12166","USA_2019","MHmmp_WA","MHmmp_WA/00","A5"
"12167","USA_2019","MHmmp_WA","MHmmp_WA/00","A4"
"12168","USA_2019","MHmmp_WA","MHmmp_WA/00","A3"
"12169","USA_2019","MHmmp_WA","MHmmp_WA/00","A2"
"12170","USA_2019","MHmmp_WA","MHmmp_WA/00","A1"
"12171","USA_2019","MHmmp_WA","MHmmp_WA/00","A0"
"12172","BECv13","MHms","MHms/101","A3"
"12173","BECv13","MHms","MHms/101","A4"
"12174","BECv13","MHms","MHms/101","B3"
"12175","BECv13","MHms","MHms/101","B4"
"12176","BECv13","MHms","MHms/101","C4"
"12177","BECv13","MHms","MHms/101","C3"
"12178","BECv13","MHms","MHms/102","A0"
"12179","BECv13","MHms","MHms/102","A1"
"12180","BECv13","MHms","MHms/102","B1"
"12181","BECv13","MHms","MHms/102","B0"
"12182","BECv13","MHms","MHms/102","C0"
"12183","BECv13","MHms","MHms/102","C1"
"12184","BECv13","MHms","MHms/103","A3"
"12185","BECv13","MHms","MHms/103","A2"
"12186","BECv13","MHms","MHms/103","B2"
"12187","BECv13","MHms","MHms/103","C2"
"12188","BECv13","MHms","MHms/103","C3"
"12189","BECv13","MHms","MHms/103","B3"
"12190","BECv13","MHms","MHms/104","A2"
"12191","BECv13","MHms","MHms/104","B2"
"12192","BECv13","MHms","MHms/104","C2"
"12193","BECv13","MHms","MHms/104","A4"
"12194","BECv13","MHms","MHms/104","A3"
"12195","BECv13","MHms","MHms/104","B3"
"12196","BECv13","MHms","MHms/104","B4"
"12197","BECv13","MHms","MHms/104","C4"
"12198","BECv13","MHms","MHms/104","C3"
"12199","BECv13","MHms","MHms/110","D4"
"12200","BECv13","MHms","MHms/110","E4"
"12201","BECv13","MHms","MHms/110","D5"
"12202","BECv13","MHms","MHms/110","E5"
"12203","BECv13","MHms","MHms/111","D6"
"12204","BECv13","MHms","MHms/111","E6"
"12205","BECv13","MHms","MHms/112","C6"
"12206","BECv13","MHms","MHms/112","C7"
"12207","BECv13","MHms","MHms/112","D7"
"12208","BECv13","MHms","MHms/112","E7"
"12209","USA_2019","MHms_WA","MHms_WA/101","D4"
"12210","USA_2019","MHms_WA","MHms_WA/101","D3"
"12211","USA_2019","MHms_WA","MHms_WA/101","C4"
"12212","USA_2019","MHms_WA","MHms_WA/101","C3"
"12213","USA_2019","MHms_WA","MHms_WA/101","B4"
"12214","USA_2019","MHms_WA","MHms_WA/101","B3"
"12215","USA_2019","MHms_WA","MHms_WA/102","D1"
"12216","USA_2019","MHms_WA","MHms_WA/102","C1"
"12217","USA_2019","MHms_WA","MHms_WA/102","B1"
"12218","USA_2019","MHms_WA","MHms_WA/102","A1"
"12219","USA_2019","MHms_WA","MHms_WA/103","D2"
"12220","USA_2019","MHms_WA","MHms_WA/103","C2"
"12221","USA_2019","MHms_WA","MHms_WA/103","B2"
"12222","USA_2019","MHms_WA","MHms_WA/103","A2"
"12223","USA_2019","MHms_WA","MHms_WA/110","C5"
"12224","USA_2019","MHms_WA","MHms_WA/110","B5"
"12225","USA_2019","MHms_WA","MHms_WA/111","C6"
"12226","USA_2019","MHms_WA","MHms_WA/111","B6"
"12227","USA_2019","MHms_WA","MHms_WA/112","E5"
"12228","USA_2019","MHms_WA","MHms_WA/112","D5"
"12229","USA_2019","MHms_WA","MHms_WA/113","E6"
"12230","USA_2019","MHms_WA","MHms_WA/113","D6"
"12231","Add_2021","MHms_WA","MHms_WA/Ro","A0"
"12232","Add_2021","MHms_WA","MHms_WA/Ro","B0"
"12233","BECv13","MHmsp","MHmsp/h","E7"
"12234","BECv13","MHmsp","MHmsp/h","E6"
"12235","BECv13","MHmsp","MHmsp/h","E5"
"12236","BECv13","MHmsp","MHmsp/h","D7"
"12237","BECv13","MHmsp","MHmsp/h","D6"
"12238","BECv13","MHmsp","MHmsp/h","D5"
"12239","BECv13","MHmsp","MHmsp/h","C7"
"12240","BECv13","MHmsp","MHmsp/h","C6"
"12241","BECv13","MHmsp","MHmsp/h","C5"
"12242","BECv13","MHmsp","MHmsp/h","B7"
"12243","BECv13","MHmsp","MHmsp/h","B6"
"12244","BECv13","MHmsp","MHmsp/h","B5"
"12245","BECv13","MHmsp","MHmsp/h","A7"
"12246","BECv13","MHmsp","MHmsp/h","A6"
"12247","BECv13","MHmsp","MHmsp/h","A5"
"12248","BECv13","MHmsp","MHmsp/m","E4"
"12249","BECv13","MHmsp","MHmsp/m","E3"
"12250","BECv13","MHmsp","MHmsp/m","D4"
"12251","BECv13","MHmsp","MHmsp/m","D3"
"12252","BECv13","MHmsp","MHmsp/m","C4"
"12253","BECv13","MHmsp","MHmsp/m","C3"
"12254","BECv13","MHmsp","MHmsp/m","B4"
"12255","BECv13","MHmsp","MHmsp/m","B3"
"12256","BECv13","MHmsp","MHmsp/m","A4"
"12257","BECv13","MHmsp","MHmsp/m","A3"
"12258","BECv13","MHmsp","MHmsp/x","E2"
"12259","BECv13","MHmsp","MHmsp/x","E1"
"12260","BECv13","MHmsp","MHmsp/x","E0"
"12261","BECv13","MHmsp","MHmsp/x","D2"
"12262","BECv13","MHmsp","MHmsp/x","D1"
"12263","BECv13","MHmsp","MHmsp/x","D0"
"12264","BECv13","MHmsp","MHmsp/x","C2"
"12265","BECv13","MHmsp","MHmsp/x","C1"
"12266","BECv13","MHmsp","MHmsp/x","C0"
"12267","BECv13","MHmsp","MHmsp/x","B2"
"12268","BECv13","MHmsp","MHmsp/x","B1"
"12269","BECv13","MHmsp","MHmsp/x","B0"
"12270","BECv13","MHmsp","MHmsp/x","A2"
"12271","BECv13","MHmsp","MHmsp/x","A1"
"12272","BECv13","MHmsp","MHmsp/x","A0"
"12273","USA_2019","MHmsp_WA","MHmsp_WA/00","E7"
"12274","USA_2019","MHmsp_WA","MHmsp_WA/00","E6"
"12275","USA_2019","MHmsp_WA","MHmsp_WA/00","E5"
"12276","USA_2019","MHmsp_WA","MHmsp_WA/00","E4"
"12277","USA_2019","MHmsp_WA","MHmsp_WA/00","E3"
"12278","USA_2019","MHmsp_WA","MHmsp_WA/00","E2"
"12279","USA_2019","MHmsp_WA","MHmsp_WA/00","E1"
"12280","USA_2019","MHmsp_WA","MHmsp_WA/00","E0"
"12281","USA_2019","MHmsp_WA","MHmsp_WA/00","D7"
"12282","USA_2019","MHmsp_WA","MHmsp_WA/00","D6"
"12283","USA_2019","MHmsp_WA","MHmsp_WA/00","D5"
"12284","USA_2019","MHmsp_WA","MHmsp_WA/00","D4"
"12285","USA_2019","MHmsp_WA","MHmsp_WA/00","D3"
"12286","USA_2019","MHmsp_WA","MHmsp_WA/00","D2"
"12287","USA_2019","MHmsp_WA","MHmsp_WA/00","D1"
"12288","USA_2019","MHmsp_WA","MHmsp_WA/00","D0"
"12289","USA_2019","MHmsp_WA","MHmsp_WA/00","C7"
"12290","USA_2019","MHmsp_WA","MHmsp_WA/00","C6"
"12291","USA_2019","MHmsp_WA","MHmsp_WA/00","C5"
"12292","USA_2019","MHmsp_WA","MHmsp_WA/00","C4"
"12293","USA_2019","MHmsp_WA","MHmsp_WA/00","C3"
"12294","USA_2019","MHmsp_WA","MHmsp_WA/00","C2"
"12295","USA_2019","MHmsp_WA","MHmsp_WA/00","C1"
"12296","USA_2019","MHmsp_WA","MHmsp_WA/00","C0"
"12297","USA_2019","MHmsp_WA","MHmsp_WA/00","B7"
"12298","USA_2019","MHmsp_WA","MHmsp_WA/00","B6"
"12299","USA_2019","MHmsp_WA","MHmsp_WA/00","B5"
"12300","USA_2019","MHmsp_WA","MHmsp_WA/00","B4"
"12301","USA_2019","MHmsp_WA","MHmsp_WA/00","B3"
"12302","USA_2019","MHmsp_WA","MHmsp_WA/00","B2"
"12303","USA_2019","MHmsp_WA","MHmsp_WA/00","B1"
"12304","USA_2019","MHmsp_WA","MHmsp_WA/00","B0"
"12305","USA_2019","MHmsp_WA","MHmsp_WA/00","A7"
"12306","USA_2019","MHmsp_WA","MHmsp_WA/00","A6"
"12307","USA_2019","MHmsp_WA","MHmsp_WA/00","A5"
"12308","USA_2019","MHmsp_WA","MHmsp_WA/00","A4"
"12309","USA_2019","MHmsp_WA","MHmsp_WA/00","A3"
"12310","USA_2019","MHmsp_WA","MHmsp_WA/00","A2"
"12311","USA_2019","MHmsp_WA","MHmsp_WA/00","A1"
"12312","USA_2019","MHmsp_WA","MHmsp_WA/00","A0"
"12313","USA_2019","MHRFdm_OR","MHRFdm_OR/101","D4"
"12314","USA_2019","MHRFdm_OR","MHRFdm_OR/101","D3"
"12315","USA_2019","MHRFdm_OR","MHRFdm_OR/101","C4"
"12316","USA_2019","MHRFdm_OR","MHRFdm_OR/101","C3"
"12317","USA_2019","MHRFdm_OR","MHRFdm_OR/101","B4"
"12318","USA_2019","MHRFdm_OR","MHRFdm_OR/101","B3"
"12319","USA_2019","MHRFdm_OR","MHRFdm_OR/102","D2"
"12320","USA_2019","MHRFdm_OR","MHRFdm_OR/102","D1"
"12321","USA_2019","MHRFdm_OR","MHRFdm_OR/102","C2"
"12322","USA_2019","MHRFdm_OR","MHRFdm_OR/102","C1"
"12323","USA_2019","MHRFdm_OR","MHRFdm_OR/102","B2"
"12324","USA_2019","MHRFdm_OR","MHRFdm_OR/102","B1"
"12325","USA_2019","MHRFdm_OR","MHRFdm_OR/102","A2"
"12326","USA_2019","MHRFdm_OR","MHRFdm_OR/102","A1"
"12327","USA_2019","MHRFdm_OR","MHRFdm_OR/110","E6"
"12328","USA_2019","MHRFdm_OR","MHRFdm_OR/110","E5"
"12329","USA_2019","MHRFdm_OR","MHRFdm_OR/110","D6"
"12330","USA_2019","MHRFdm_OR","MHRFdm_OR/110","D5"
"12331","USA_2019","MHRFdm_OR","MHRFdm_OR/110","C6"
"12332","USA_2019","MHRFdm_OR","MHRFdm_OR/110","C5"
"12333","USA_2019","MHRFdm_OR","MHRFdm_OR/110","B6"
"12334","USA_2019","MHRFdm_OR","MHRFdm_OR/110","B5"
"12335","Add_2021","MHRFdm_OR","MHRFdm_OR/Ro","A0"
"12336","Add_2021","MHRFdm_OR","MHRFdm_OR/Ro","B0"
"12337","USA_2019","MHRFdmp_OR","MHRFdmp_OR/00","E6"
"12338","USA_2019","MHRFdmp_OR","MHRFdmp_OR/00","E5"
"12339","USA_2019","MHRFdmp_OR","MHRFdmp_OR/00","D6"
"12340","USA_2019","MHRFdmp_OR","MHRFdmp_OR/00","D5"
"12341","USA_2019","MHRFdmp_OR","MHRFdmp_OR/00","D4"
"12342","USA_2019","MHRFdmp_OR","MHRFdmp_OR/00","D3"
"12343","USA_2019","MHRFdmp_OR","MHRFdmp_OR/00","D2"
"12344","USA_2019","MHRFdmp_OR","MHRFdmp_OR/00","D1"
"12345","USA_2019","MHRFdmp_OR","MHRFdmp_OR/00","C6"
"12346","USA_2019","MHRFdmp_OR","MHRFdmp_OR/00","C5"
"12347","USA_2019","MHRFdmp_OR","MHRFdmp_OR/00","C4"
"12348","USA_2019","MHRFdmp_OR","MHRFdmp_OR/00","C3"
"12349","USA_2019","MHRFdmp_OR","MHRFdmp_OR/00","C2"
"12350","USA_2019","MHRFdmp_OR","MHRFdmp_OR/00","C1"
"12351","USA_2019","MHRFdmp_OR","MHRFdmp_OR/00","B6"
"12352","USA_2019","MHRFdmp_OR","MHRFdmp_OR/00","B5"
"12353","USA_2019","MHRFdmp_OR","MHRFdmp_OR/00","B4"
"12354","USA_2019","MHRFdmp_OR","MHRFdmp_OR/00","B3"
"12355","USA_2019","MHRFdmp_OR","MHRFdmp_OR/00","B2"
"12356","USA_2019","MHRFdmp_OR","MHRFdmp_OR/00","B1"
"12357","USA_2019","MHRFdmp_OR","MHRFdmp_OR/00","A2"
"12358","USA_2019","MHRFdmp_OR","MHRFdmp_OR/00","A1"
"12359","Add_2021","MHRFdmp_OR","MHRFdmp_OR/Ro","A0"
"12360","Add_2021","MHRFdmp_OR","MHRFdmp_OR/Ro","B0"
"12361","USA_2019","MHRFds_CA","MHRFds_CA/101","D4"
"12362","USA_2019","MHRFds_CA","MHRFds_CA/101","D3"
"12363","USA_2019","MHRFds_CA","MHRFds_CA/101","C4"
"12364","USA_2019","MHRFds_CA","MHRFds_CA/101","C3"
"12365","USA_2019","MHRFds_CA","MHRFds_CA/101","B4"
"12366","USA_2019","MHRFds_CA","MHRFds_CA/101","B3"
"12367","USA_2019","MHRFds_CA","MHRFds_CA/102","D2"
"12368","USA_2019","MHRFds_CA","MHRFds_CA/102","D1"
"12369","USA_2019","MHRFds_CA","MHRFds_CA/102","C2"
"12370","USA_2019","MHRFds_CA","MHRFds_CA/102","C1"
"12371","USA_2019","MHRFds_CA","MHRFds_CA/102","B2"
"12372","USA_2019","MHRFds_CA","MHRFds_CA/102","B1"
"12373","USA_2019","MHRFds_CA","MHRFds_CA/102","A2"
"12374","USA_2019","MHRFds_CA","MHRFds_CA/102","A1"
"12375","USA_2019","MHRFds_CA","MHRFds_CA/110","E6"
"12376","USA_2019","MHRFds_CA","MHRFds_CA/110","E5"
"12377","USA_2019","MHRFds_CA","MHRFds_CA/110","D6"
"12378","USA_2019","MHRFds_CA","MHRFds_CA/110","D5"
"12379","USA_2019","MHRFds_CA","MHRFds_CA/110","C6"
"12380","USA_2019","MHRFds_CA","MHRFds_CA/110","C5"
"12381","USA_2019","MHRFds_CA","MHRFds_CA/110","B6"
"12382","USA_2019","MHRFds_CA","MHRFds_CA/110","B5"
"12383","Add_2021","MHRFds_CA","MHRFds_CA/Ro","A0"
"12384","Add_2021","MHRFds_CA","MHRFds_CA/Ro","B0"
"12385","USA_2019","MHRFdsp_CA","MHRFdsp_CA/00","E6"
"12386","USA_2019","MHRFdsp_CA","MHRFdsp_CA/00","E5"
"12387","USA_2019","MHRFdsp_CA","MHRFdsp_CA/00","D6"
"12388","USA_2019","MHRFdsp_CA","MHRFdsp_CA/00","D5"
"12389","USA_2019","MHRFdsp_CA","MHRFdsp_CA/00","D4"
"12390","USA_2019","MHRFdsp_CA","MHRFdsp_CA/00","D3"
"12391","USA_2019","MHRFdsp_CA","MHRFdsp_CA/00","D2"
"12392","USA_2019","MHRFdsp_CA","MHRFdsp_CA/00","D1"
"12393","USA_2019","MHRFdsp_CA","MHRFdsp_CA/00","C6"
"12394","USA_2019","MHRFdsp_CA","MHRFdsp_CA/00","C5"
"12395","USA_2019","MHRFdsp_CA","MHRFdsp_CA/00","C4"
"12396","USA_2019","MHRFdsp_CA","MHRFdsp_CA/00","C3"
"12397","USA_2019","MHRFdsp_CA","MHRFdsp_CA/00","C2"
"12398","USA_2019","MHRFdsp_CA","MHRFdsp_CA/00","C1"
"12399","USA_2019","MHRFdsp_CA","MHRFdsp_CA/00","B6"
"12400","USA_2019","MHRFdsp_CA","MHRFdsp_CA/00","B5"
"12401","USA_2019","MHRFdsp_CA","MHRFdsp_CA/00","B4"
"12402","USA_2019","MHRFdsp_CA","MHRFdsp_CA/00","B3"
"12403","USA_2019","MHRFdsp_CA","MHRFdsp_CA/00","B2"
"12404","USA_2019","MHRFdsp_CA","MHRFdsp_CA/00","B1"
"12405","USA_2019","MHRFdsp_CA","MHRFdsp_CA/00","A2"
"12406","USA_2019","MHRFdsp_CA","MHRFdsp_CA/00","A1"
"12407","Add_2021","MHRFdsp_CA","MHRFdsp_CA/Ro","A0"
"12408","Add_2021","MHRFdsp_CA","MHRFdsp_CA/Ro","B0"
"12409","USA_2019","MHRFmm_OR","MHRFmm_OR/101","D4"
"12410","USA_2019","MHRFmm_OR","MHRFmm_OR/101","D3"
"12411","USA_2019","MHRFmm_OR","MHRFmm_OR/101","C4"
"12412","USA_2019","MHRFmm_OR","MHRFmm_OR/101","C3"
"12413","USA_2019","MHRFmm_OR","MHRFmm_OR/101","B4"
"12414","USA_2019","MHRFmm_OR","MHRFmm_OR/101","B3"
"12415","USA_2019","MHRFmm_OR","MHRFmm_OR/102","D2"
"12416","USA_2019","MHRFmm_OR","MHRFmm_OR/102","D1"
"12417","USA_2019","MHRFmm_OR","MHRFmm_OR/102","C2"
"12418","USA_2019","MHRFmm_OR","MHRFmm_OR/102","C1"
"12419","USA_2019","MHRFmm_OR","MHRFmm_OR/102","B2"
"12420","USA_2019","MHRFmm_OR","MHRFmm_OR/102","B1"
"12421","USA_2019","MHRFmm_OR","MHRFmm_OR/102","A2"
"12422","USA_2019","MHRFmm_OR","MHRFmm_OR/102","A1"
"12423","USA_2019","MHRFmm_OR","MHRFmm_OR/110","E6"
"12424","USA_2019","MHRFmm_OR","MHRFmm_OR/110","E5"
"12425","USA_2019","MHRFmm_OR","MHRFmm_OR/110","D6"
"12426","USA_2019","MHRFmm_OR","MHRFmm_OR/110","D5"
"12427","USA_2019","MHRFmm_OR","MHRFmm_OR/110","C6"
"12428","USA_2019","MHRFmm_OR","MHRFmm_OR/110","C5"
"12429","USA_2019","MHRFmm_OR","MHRFmm_OR/110","B6"
"12430","USA_2019","MHRFmm_OR","MHRFmm_OR/110","B5"
"12431","Add_2021","MHRFmm_OR","MHRFmm_OR/Ro","A0"
"12432","Add_2021","MHRFmm_OR","MHRFmm_OR/Ro","B0"
"12433","USA_2019","MHRFmmp_OR","MHRFmmp_OR/00","E6"
"12434","USA_2019","MHRFmmp_OR","MHRFmmp_OR/00","E5"
"12435","USA_2019","MHRFmmp_OR","MHRFmmp_OR/00","D6"
"12436","USA_2019","MHRFmmp_OR","MHRFmmp_OR/00","D5"
"12437","USA_2019","MHRFmmp_OR","MHRFmmp_OR/00","D4"
"12438","USA_2019","MHRFmmp_OR","MHRFmmp_OR/00","D3"
"12439","USA_2019","MHRFmmp_OR","MHRFmmp_OR/00","D2"
"12440","USA_2019","MHRFmmp_OR","MHRFmmp_OR/00","D1"
"12441","USA_2019","MHRFmmp_OR","MHRFmmp_OR/00","C6"
"12442","USA_2019","MHRFmmp_OR","MHRFmmp_OR/00","C5"
"12443","USA_2019","MHRFmmp_OR","MHRFmmp_OR/00","C4"
"12444","USA_2019","MHRFmmp_OR","MHRFmmp_OR/00","C3"
"12445","USA_2019","MHRFmmp_OR","MHRFmmp_OR/00","C2"
"12446","USA_2019","MHRFmmp_OR","MHRFmmp_OR/00","C1"
"12447","USA_2019","MHRFmmp_OR","MHRFmmp_OR/00","B6"
"12448","USA_2019","MHRFmmp_OR","MHRFmmp_OR/00","B5"
"12449","USA_2019","MHRFmmp_OR","MHRFmmp_OR/00","B4"
"12450","USA_2019","MHRFmmp_OR","MHRFmmp_OR/00","B3"
"12451","USA_2019","MHRFmmp_OR","MHRFmmp_OR/00","B2"
"12452","USA_2019","MHRFmmp_OR","MHRFmmp_OR/00","B1"
"12453","USA_2019","MHRFmmp_OR","MHRFmmp_OR/00","A2"
"12454","USA_2019","MHRFmmp_OR","MHRFmmp_OR/00","A1"
"12455","Add_2021","MHRFmmp_OR","MHRFmmp_OR/Ro","A0"
"12456","Add_2021","MHRFmmp_OR","MHRFmmp_OR/Ro","B0"
"12457","BECv10","MHun1","MHun1/h","E7"
"12458","BECv10","MHun1","MHun1/h","E6"
"12459","BECv10","MHun1","MHun1/h","E5"
"12460","BECv10","MHun1","MHun1/h","D7"
"12461","BECv10","MHun1","MHun1/h","D6"
"12462","BECv10","MHun1","MHun1/h","D5"
"12463","BECv10","MHun1","MHun1/h","C7"
"12464","BECv10","MHun1","MHun1/h","C6"
"12465","BECv10","MHun1","MHun1/h","C5"
"12466","BECv10","MHun1","MHun1/h","B7"
"12467","BECv10","MHun1","MHun1/h","B6"
"12468","BECv10","MHun1","MHun1/h","B5"
"12469","BECv10","MHun1","MHun1/h","A7"
"12470","BECv10","MHun1","MHun1/h","A6"
"12471","BECv10","MHun1","MHun1/h","A5"
"12472","BECv10","MHun1","MHun1/m","E4"
"12473","BECv10","MHun1","MHun1/m","E3"
"12474","BECv10","MHun1","MHun1/m","D4"
"12475","BECv10","MHun1","MHun1/m","D3"
"12476","BECv10","MHun1","MHun1/m","C4"
"12477","BECv10","MHun1","MHun1/m","C3"
"12478","BECv10","MHun1","MHun1/m","B4"
"12479","BECv10","MHun1","MHun1/m","B3"
"12480","BECv10","MHun1","MHun1/m","A4"
"12481","BECv10","MHun1","MHun1/m","A3"
"12482","BECv10","MHun1","MHun1/x","E2"
"12483","BECv10","MHun1","MHun1/x","E1"
"12484","BECv10","MHun1","MHun1/x","E0"
"12485","BECv10","MHun1","MHun1/x","D2"
"12486","BECv10","MHun1","MHun1/x","D1"
"12487","BECv10","MHun1","MHun1/x","D0"
"12488","BECv10","MHun1","MHun1/x","C2"
"12489","BECv10","MHun1","MHun1/x","C1"
"12490","BECv10","MHun1","MHun1/x","C0"
"12491","BECv10","MHun1","MHun1/x","B2"
"12492","BECv10","MHun1","MHun1/x","B1"
"12493","BECv10","MHun1","MHun1/x","B0"
"12494","BECv10","MHun1","MHun1/x","A2"
"12495","BECv10","MHun1","MHun1/x","A1"
"12496","BECv10","MHun1","MHun1/x","A0"
"12497","BECv13","MHvh","MHvh/101","A2"
"12498","BECv13","MHvh","MHvh/101","A3"
"12499","BECv13","MHvh","MHvh/101","A4"
"12500","BECv13","MHvh","MHvh/101","B4"
"12501","BECv13","MHvh","MHvh/101","C4"
"12502","BECv13","MHvh","MHvh/101","C3"
"12503","BECv13","MHvh","MHvh/101","C2"
"12504","BECv13","MHvh","MHvh/101","B2"
"12505","BECv13","MHvh","MHvh/101","B3"
"12506","BECv13","MHvh","MHvh/101a","A3"
"12507","BECv13","MHvh","MHvh/101a","A4"
"12508","BECv13","MHvh","MHvh/101a","B4"
"12509","BECv13","MHvh","MHvh/101a","C4"
"12510","BECv13","MHvh","MHvh/101a","C3"
"12511","BECv13","MHvh","MHvh/101a","B3"
"12512","BECv13","MHvh","MHvh/101b","A2"
"12513","BECv13","MHvh","MHvh/101b","C2"
"12514","BECv13","MHvh","MHvh/101b","B2"
"12515","BECv13","MHvh","MHvh/102","A0"
"12516","BECv13","MHvh","MHvh/102","B0"
"12517","BECv13","MHvh","MHvh/102","C0"
"12518","BECv13","MHvh","MHvh/102","A1"
"12519","BECv13","MHvh","MHvh/102","B1"
"12520","BECv13","MHvh","MHvh/102","C1"
"12521","BECv13","MHvh","MHvh/110","D2"
"12522","BECv13","MHvh","MHvh/110","D3"
"12523","BECv13","MHvh","MHvh/110","D4"
"12524","BECv13","MHvh","MHvh/110","E2"
"12525","BECv13","MHvh","MHvh/110","E3"
"12526","BECv13","MHvh","MHvh/110","E4"
"12527","BECv13","MHvh","MHvh/111","B5"
"12528","BECv13","MHvh","MHvh/111","C5"
"12529","BECv13","MHvh","MHvh/Wb","A7"
"12530","BECv13","MHvh","MHvh/Wb","B7"
"12531","BECv13","MHvh","MHvh/Wb","C7"
"12532","BECv13","MHvh","MHvh/Wf","E7"
"12533","BECv13","MHvh","MHvh/Wf","D7"
"12534","BECv13","MHvh","MHvh/Wf","C7"
"12535","BECv13","MHvhp","MHvhp/h","E7"
"12536","BECv13","MHvhp","MHvhp/h","E6"
"12537","BECv13","MHvhp","MHvhp/h","E5"
"12538","BECv13","MHvhp","MHvhp/h","D7"
"12539","BECv13","MHvhp","MHvhp/h","D6"
"12540","BECv13","MHvhp","MHvhp/h","D5"
"12541","BECv13","MHvhp","MHvhp/h","C7"
"12542","BECv13","MHvhp","MHvhp/h","C6"
"12543","BECv13","MHvhp","MHvhp/h","C5"
"12544","BECv13","MHvhp","MHvhp/h","B7"
"12545","BECv13","MHvhp","MHvhp/h","B6"
"12546","BECv13","MHvhp","MHvhp/h","B5"
"12547","BECv13","MHvhp","MHvhp/h","A7"
"12548","BECv13","MHvhp","MHvhp/h","A6"
"12549","BECv13","MHvhp","MHvhp/h","A5"
"12550","BECv13","MHvhp","MHvhp/m","E4"
"12551","BECv13","MHvhp","MHvhp/m","E3"
"12552","BECv13","MHvhp","MHvhp/m","D4"
"12553","BECv13","MHvhp","MHvhp/m","D3"
"12554","BECv13","MHvhp","MHvhp/m","C4"
"12555","BECv13","MHvhp","MHvhp/m","C3"
"12556","BECv13","MHvhp","MHvhp/m","B4"
"12557","BECv13","MHvhp","MHvhp/m","B3"
"12558","BECv13","MHvhp","MHvhp/m","A4"
"12559","BECv13","MHvhp","MHvhp/m","A3"
"12560","BECv13","MHvhp","MHvhp/x","E2"
"12561","BECv13","MHvhp","MHvhp/x","E1"
"12562","BECv13","MHvhp","MHvhp/x","E0"
"12563","BECv13","MHvhp","MHvhp/x","D2"
"12564","BECv13","MHvhp","MHvhp/x","D1"
"12565","BECv13","MHvhp","MHvhp/x","D0"
"12566","BECv13","MHvhp","MHvhp/x","C2"
"12567","BECv13","MHvhp","MHvhp/x","C1"
"12568","BECv13","MHvhp","MHvhp/x","C0"
"12569","BECv13","MHvhp","MHvhp/x","B2"
"12570","BECv13","MHvhp","MHvhp/x","B1"
"12571","BECv13","MHvhp","MHvhp/x","B0"
"12572","BECv13","MHvhp","MHvhp/x","A2"
"12573","BECv13","MHvhp","MHvhp/x","A1"
"12574","BECv13","MHvhp","MHvhp/x","A0"
"12575","BECv10","MHwh","MHwh/101","C4"
"12576","BECv10","MHwh","MHwh/101","C3"
"12577","BECv10","MHwh","MHwh/101","C2"
"12578","BECv10","MHwh","MHwh/101","B5"
"12579","BECv10","MHwh","MHwh/101","B4"
"12580","BECv10","MHwh","MHwh/101","B3"
"12581","BECv10","MHwh","MHwh/101","B2"
"12582","BECv10","MHwh","MHwh/101","A5"
"12583","BECv10","MHwh","MHwh/101","A4"
"12584","BECv10","MHwh","MHwh/101","A3"
"12585","BECv10","MHwh","MHwh/101","A2"
"12586","BEC11","MHwh","MHwh/101a","C4"
"12587","BEC11","MHwh","MHwh/101a","C3"
"12588","BEC11","MHwh","MHwh/101a","B4"
"12589","BEC11","MHwh","MHwh/101a","B3"
"12590","BEC11","MHwh","MHwh/101a","A4"
"12591","BEC11","MHwh","MHwh/101a","A3"
"12592","BEC11","MHwh","MHwh/101b","C2"
"12593","BEC11","MHwh","MHwh/101b","B2"
"12594","BEC11","MHwh","MHwh/101b","A2"
"12595","BEC11","MHwh","MHwh/101c","B5"
"12596","BEC11","MHwh","MHwh/101c","A5"
"12597","BECv10","MHwh","MHwh/102","C1"
"12598","BECv10","MHwh","MHwh/102","C0"
"12599","BECv10","MHwh","MHwh/102","B1"
"12600","BECv10","MHwh","MHwh/102","B0"
"12601","BECv10","MHwh","MHwh/102","A1"
"12602","BECv10","MHwh","MHwh/102","A0"
"12603","BECv10","MHwh","MHwh/110","E2"
"12604","BECv10","MHwh","MHwh/110","D4"
"12605","BECv10","MHwh","MHwh/110","D3"
"12606","BECv10","MHwh","MHwh/110","D2"
"12607","BECv10","MHwh","MHwh/111","E6"
"12608","BECv10","MHwh","MHwh/111","E5"
"12609","BECv10","MHwh","MHwh/111","D6"
"12610","BECv10","MHwh","MHwh/111","D5"
"12611","BECv10","MHwh","MHwh/111","C6"
"12612","BECv10","MHwh","MHwh/111","C5"
"12613","BECv10","MHwh","MHwh/Wb53","C7"
"12614","BECv10","MHwh","MHwh/Wb53","B7"
"12615","BECv10","MHwh","MHwh/Wb53","A7"
"12616","BECv10","MHwhp","MHwhp/00","E7"
"12617","BECv10","MHwhp","MHwhp/00","E6"
"12618","BECv10","MHwhp","MHwhp/00","E5"
"12619","BECv10","MHwhp","MHwhp/00","E4"
"12620","BECv10","MHwhp","MHwhp/00","E3"
"12621","BECv10","MHwhp","MHwhp/00","E2"
"12622","BECv10","MHwhp","MHwhp/00","E1"
"12623","BECv10","MHwhp","MHwhp/00","E0"
"12624","BECv10","MHwhp","MHwhp/00","D7"
"12625","BECv10","MHwhp","MHwhp/00","D6"
"12626","BECv10","MHwhp","MHwhp/00","D5"
"12627","BECv10","MHwhp","MHwhp/00","D4"
"12628","BECv10","MHwhp","MHwhp/00","D3"
"12629","BECv10","MHwhp","MHwhp/00","D2"
"12630","BECv10","MHwhp","MHwhp/00","D1"
"12631","BECv10","MHwhp","MHwhp/00","D0"
"12632","BECv10","MHwhp","MHwhp/00","C7"
"12633","BECv10","MHwhp","MHwhp/00","C6"
"12634","BECv10","MHwhp","MHwhp/00","C5"
"12635","BECv10","MHwhp","MHwhp/00","C4"
"12636","BECv10","MHwhp","MHwhp/00","C3"
"12637","BECv10","MHwhp","MHwhp/00","C2"
"12638","BECv10","MHwhp","MHwhp/00","C1"
"12639","BECv10","MHwhp","MHwhp/00","C0"
"12640","BECv10","MHwhp","MHwhp/00","B7"
"12641","BECv10","MHwhp","MHwhp/00","B6"
"12642","BECv10","MHwhp","MHwhp/00","B5"
"12643","BECv10","MHwhp","MHwhp/00","B4"
"12644","BECv10","MHwhp","MHwhp/00","B3"
"12645","BECv10","MHwhp","MHwhp/00","B2"
"12646","BECv10","MHwhp","MHwhp/00","B1"
"12647","BECv10","MHwhp","MHwhp/00","B0"
"12648","BECv10","MHwhp","MHwhp/00","A7"
"12649","BECv10","MHwhp","MHwhp/00","A6"
"12650","BECv10","MHwhp","MHwhp/00","A5"
"12651","BECv10","MHwhp","MHwhp/00","A4"
"12652","BECv10","MHwhp","MHwhp/00","A3"
"12653","BECv10","MHwhp","MHwhp/00","A2"
"12654","BECv10","MHwhp","MHwhp/00","A1"
"12655","BECv10","MHwhp","MHwhp/00","A0"
"12656","ABv12","MSabN","MSabN/a","D2"
"12657","ABv12","MSabN","MSabN/a","D1"
"12658","ABv12","MSabN","MSabN/a","C3"
"12659","ABv12","MSabN","MSabN/a","C2"
"12660","ABv12","MSabN","MSabN/a","C1"
"12661","ABv12","MSabN","MSabN/a","B3"
"12662","ABv12","MSabN","MSabN/a","B2"
"12663","ABv12","MSabN","MSabN/a","B1"
"12664","ABv12","MSabN","MSabN/b","D3"
"12665","ABv12","MSabN","MSabN/b","D2"
"12666","ABv12","MSabN","MSabN/b","C4"
"12667","ABv12","MSabN","MSabN/b","C3"
"12668","ABv12","MSabN","MSabN/b","C2"
"12669","ABv12","MSabN","MSabN/b","B4"
"12670","ABv12","MSabN","MSabN/b","B3"
"12671","ABv12","MSabN","MSabN/b","B2"
"12672","ABv12","MSabN","MSabN/c","D5"
"12673","ABv12","MSabN","MSabN/c","D4"
"12674","ABv12","MSabN","MSabN/c","C5"
"12675","ABv12","MSabN","MSabN/c","C4"
"12676","ABv12","MSabN","MSabN/c","C3"
"12677","ABv12","MSabN","MSabN/c","B5"
"12678","ABv12","MSabN","MSabN/c","B4"
"12679","ABv12","MSabN","MSabN/d","E5"
"12680","ABv12","MSabN","MSabN/d","D6"
"12681","ABv12","MSabN","MSabN/d","D5"
"12682","ABv12","MSabN","MSabN/d","D4"
"12683","ABv12","MSabN","MSabN/d","C6"
"12684","ABv12","MSabN","MSabN/d","C5"
"12685","ABv12","MSabN","MSabN/f","E6"
"12686","ABv12","MSabN","MSabN/f","D7"
"12687","ABv12","MSabN","MSabN/f","D6"
"12688","ABv12","MSabN","MSabN/f","D5"
"12689","ABv12","MSabN","MSabN/f","C6"
"12690","ABv12","MSabN","MSabN/g","E7"
"12691","ABv12","MSabN","MSabN/g","D7"
"12692","ABv12","MSabN","MSabN/g","D6"
"12693","ABv12","MSabN","MSabN/g","C7"
"12694","ABv12","MSabN","MSabN/g","C6"
"12695","Add_2021","MSabN","MSabN/Ro","A0"
"12696","Add_2021","MSabN","MSabN/Ro","B0"
"12697","ABv12","MSabS","MSabS/a","D2"
"12698","ABv12","MSabS","MSabS/a","D1"
"12699","ABv12","MSabS","MSabS/a","C3"
"12700","ABv12","MSabS","MSabS/a","C2"
"12701","ABv12","MSabS","MSabS/a","C1"
"12702","ABv12","MSabS","MSabS/a","B3"
"12703","ABv12","MSabS","MSabS/a","B2"
"12704","ABv12","MSabS","MSabS/a","B1"
"12705","ABv12","MSabS","MSabS/b","D3"
"12706","ABv12","MSabS","MSabS/b","D2"
"12707","ABv12","MSabS","MSabS/b","C4"
"12708","ABv12","MSabS","MSabS/b","C3"
"12709","ABv12","MSabS","MSabS/b","C2"
"12710","ABv12","MSabS","MSabS/b","B4"
"12711","ABv12","MSabS","MSabS/b","B3"
"12712","ABv12","MSabS","MSabS/b","B2"
"12713","ABv12","MSabS","MSabS/c","D5"
"12714","ABv12","MSabS","MSabS/c","D4"
"12715","ABv12","MSabS","MSabS/c","C5"
"12716","ABv12","MSabS","MSabS/c","C4"
"12717","ABv12","MSabS","MSabS/c","C3"
"12718","ABv12","MSabS","MSabS/c","B5"
"12719","ABv12","MSabS","MSabS/c","B4"
"12720","ABv12","MSabS","MSabS/d","E5"
"12721","ABv12","MSabS","MSabS/d","D6"
"12722","ABv12","MSabS","MSabS/d","D5"
"12723","ABv12","MSabS","MSabS/d","D4"
"12724","ABv12","MSabS","MSabS/d","C6"
"12725","ABv12","MSabS","MSabS/d","C5"
"12726","ABv12","MSabS","MSabS/f","E6"
"12727","ABv12","MSabS","MSabS/f","D7"
"12728","ABv12","MSabS","MSabS/f","D6"
"12729","ABv12","MSabS","MSabS/f","D5"
"12730","ABv12","MSabS","MSabS/f","C6"
"12731","ABv12","MSabS","MSabS/g","E7"
"12732","ABv12","MSabS","MSabS/g","D7"
"12733","ABv12","MSabS","MSabS/g","D6"
"12734","ABv12","MSabS","MSabS/g","C7"
"12735","ABv12","MSabS","MSabS/g","C6"
"12736","Add_2021","MSabS","MSabS/Ro","A0"
"12737","Add_2021","MSabS","MSabS/Ro","B0"
"12738","BECv10","MSdc1","MSdc1/01","D4"
"12739","BECv10","MSdc1","MSdc1/01","D3"
"12740","BECv10","MSdc1","MSdc1/01","C4"
"12741","BECv10","MSdc1","MSdc1/01","C3"
"12742","BECv10","MSdc1","MSdc1/01","B4"
"12743","BECv10","MSdc1","MSdc1/01","B3"
"12744","BECv10","MSdc1","MSdc1/01","A4"
"12745","BECv10","MSdc1","MSdc1/01","A3"
"12746","BECv10","MSdc1","MSdc1/02","C1"
"12747","BECv10","MSdc1","MSdc1/02","C0"
"12748","BECv10","MSdc1","MSdc1/02","B1"
"12749","BECv10","MSdc1","MSdc1/02","B0"
"12750","BECv10","MSdc1","MSdc1/02","A1"
"12751","BECv10","MSdc1","MSdc1/02","A0"
"12752","BECv10","MSdc1","MSdc1/03","D3"
"12753","BECv10","MSdc1","MSdc1/03","D2"
"12754","BECv10","MSdc1","MSdc1/03","C3"
"12755","BECv10","MSdc1","MSdc1/03","C2"
"12756","BECv10","MSdc1","MSdc1/03","B3"
"12757","BECv10","MSdc1","MSdc1/03","B2"
"12758","BECv10","MSdc1","MSdc1/03","B1"
"12759","BECv10","MSdc1","MSdc1/03","A3"
"12760","BECv10","MSdc1","MSdc1/03","A2"
"12761","BECv10","MSdc1","MSdc1/03","A1"
"12762","BECv10","MSdc1","MSdc1/04","E5"
"12763","BECv10","MSdc1","MSdc1/04","E4"
"12764","BECv10","MSdc1","MSdc1/04","D5"
"12765","BECv10","MSdc1","MSdc1/04","D4"
"12766","BECv10","MSdc1","MSdc1/04","C5"
"12767","BECv10","MSdc1","MSdc1/04","C4"
"12768","BECv10","MSdc1","MSdc1/04","B5"
"12769","BECv10","MSdc1","MSdc1/04","B4"
"12770","BECv10","MSdc1","MSdc1/05","E7"
"12771","BECv10","MSdc1","MSdc1/05","E6"
"12772","BECv10","MSdc1","MSdc1/05","E5"
"12773","BECv10","MSdc1","MSdc1/05","D7"
"12774","BECv10","MSdc1","MSdc1/05","D6"
"12775","BECv10","MSdc1","MSdc1/05","D5"
"12776","BECv10","MSdc1","MSdc1/05","C7"
"12777","BECv10","MSdc1","MSdc1/05","C6"
"12778","BECv10","MSdc1","MSdc1/05","C5"
"12779","BECv10","MSdc2","MSdc2/01","D4"
"12780","BECv10","MSdc2","MSdc2/01","D3"
"12781","BECv10","MSdc2","MSdc2/01","C4"
"12782","BECv10","MSdc2","MSdc2/01","C3"
"12783","BECv10","MSdc2","MSdc2/01","B4"
"12784","BECv10","MSdc2","MSdc2/01","B3"
"12785","BECv10","MSdc2","MSdc2/02","D2"
"12786","BECv10","MSdc2","MSdc2/02","D1"
"12787","BECv10","MSdc2","MSdc2/02","D0"
"12788","BECv10","MSdc2","MSdc2/02","C2"
"12789","BECv10","MSdc2","MSdc2/02","C1"
"12790","BECv10","MSdc2","MSdc2/02","C0"
"12791","BECv10","MSdc2","MSdc2/02","B2"
"12792","BECv10","MSdc2","MSdc2/02","B1"
"12793","BECv10","MSdc2","MSdc2/02","B0"
"12794","BECv10","MSdc2","MSdc2/02","A1"
"12795","BECv10","MSdc2","MSdc2/02","A0"
"12796","BECv10","MSdc2","MSdc2/03","D3"
"12797","BECv10","MSdc2","MSdc2/03","D2"
"12798","BECv10","MSdc2","MSdc2/03","C3"
"12799","BECv10","MSdc2","MSdc2/03","C2"
"12800","BECv10","MSdc2","MSdc2/03","B3"
"12801","BECv10","MSdc2","MSdc2/03","B2"
"12802","BECv10","MSdc2","MSdc2/04","D3"
"12803","BECv10","MSdc2","MSdc2/04","D2"
"12804","BECv10","MSdc2","MSdc2/04","C3"
"12805","BECv10","MSdc2","MSdc2/04","C2"
"12806","BECv10","MSdc2","MSdc2/04","B3"
"12807","BECv10","MSdc2","MSdc2/04","B2"
"12808","BECv10","MSdc2","MSdc2/05","C6"
"12809","BECv10","MSdc2","MSdc2/05","C5"
"12810","BECv10","MSdc2","MSdc2/05","B6"
"12811","BECv10","MSdc2","MSdc2/05","B5"
"12812","BECv10","MSdc2","MSdc2/06","E6"
"12813","BECv10","MSdc2","MSdc2/06","E5"
"12814","BECv10","MSdc2","MSdc2/06","D6"
"12815","BECv10","MSdc2","MSdc2/06","D5"
"12816","BECv10","MSdc2","MSdc2/06","C6"
"12817","BECv10","MSdc2","MSdc2/06","C5"
"12818","BECv10","MSdc2","MSdc2/07","E6"
"12819","BECv10","MSdc2","MSdc2/07","E5"
"12820","BECv10","MSdc2","MSdc2/07","D6"
"12821","BECv10","MSdc2","MSdc2/07","D5"
"12822","BECv10","MSdc2","MSdc2/07","C6"
"12823","BECv10","MSdc2","MSdc2/07","C5"
"12824","BECv10","MSdc2","MSdc2/08","D7"
"12825","BECv10","MSdc2","MSdc2/08","D6"
"12826","BECv10","MSdc2","MSdc2/08","C7"
"12827","BECv10","MSdc2","MSdc2/08","C6"
"12828","BECv10","MSdc2","MSdc2/08","B7"
"12829","BECv10","MSdc2","MSdc2/08","B6"
"12830","BECv10","MSdc3","MSdc3/01","D4"
"12831","BECv10","MSdc3","MSdc3/01","D3"
"12832","BECv10","MSdc3","MSdc3/01","C4"
"12833","BECv10","MSdc3","MSdc3/01","C3"
"12834","BECv10","MSdc3","MSdc3/01","B4"
"12835","BECv10","MSdc3","MSdc3/01","B3"
"12836","BECv10","MSdc3","MSdc3/02","D2"
"12837","BECv10","MSdc3","MSdc3/02","D1"
"12838","BECv10","MSdc3","MSdc3/02","D0"
"12839","BECv10","MSdc3","MSdc3/02","C2"
"12840","BECv10","MSdc3","MSdc3/02","C1"
"12841","BECv10","MSdc3","MSdc3/02","C0"
"12842","BECv10","MSdc3","MSdc3/02","B2"
"12843","BECv10","MSdc3","MSdc3/02","B1"
"12844","BECv10","MSdc3","MSdc3/02","B0"
"12845","BECv10","MSdc3","MSdc3/02","A1"
"12846","BECv10","MSdc3","MSdc3/02","A0"
"12847","BECv10","MSdc3","MSdc3/03","D3"
"12848","BECv10","MSdc3","MSdc3/03","D2"
"12849","BECv10","MSdc3","MSdc3/03","C3"
"12850","BECv10","MSdc3","MSdc3/03","C2"
"12851","BECv10","MSdc3","MSdc3/03","B3"
"12852","BECv10","MSdc3","MSdc3/03","B2"
"12853","BECv10","MSdc3","MSdc3/04","D3"
"12854","BECv10","MSdc3","MSdc3/04","D2"
"12855","BECv10","MSdc3","MSdc3/04","C3"
"12856","BECv10","MSdc3","MSdc3/04","C2"
"12857","BECv10","MSdc3","MSdc3/04","B3"
"12858","BECv10","MSdc3","MSdc3/04","B2"
"12859","BECv10","MSdc3","MSdc3/05","C6"
"12860","BECv10","MSdc3","MSdc3/05","C5"
"12861","BECv10","MSdc3","MSdc3/05","B6"
"12862","BECv10","MSdc3","MSdc3/05","B5"
"12863","USA_2020","MSdh_MT","MSdh_MT/101","D4"
"12864","USA_2020","MSdh_MT","MSdh_MT/101","D3"
"12865","USA_2020","MSdh_MT","MSdh_MT/101","C4"
"12866","USA_2020","MSdh_MT","MSdh_MT/101","C3"
"12867","USA_2020","MSdh_MT","MSdh_MT/101","B4"
"12868","USA_2020","MSdh_MT","MSdh_MT/101","B3"
"12869","USA_2020","MSdh_MT","MSdh_MT/102","D1"
"12870","USA_2020","MSdh_MT","MSdh_MT/102","C1"
"12871","USA_2020","MSdh_MT","MSdh_MT/102","B1"
"12872","USA_2020","MSdh_MT","MSdh_MT/102","A1"
"12873","USA_2020","MSdh_MT","MSdh_MT/103","D2"
"12874","USA_2020","MSdh_MT","MSdh_MT/103","C2"
"12875","USA_2020","MSdh_MT","MSdh_MT/103","B2"
"12876","USA_2020","MSdh_MT","MSdh_MT/103","A2"
"12877","USA_2020","MSdh_MT","MSdh_MT/110","C5"
"12878","USA_2020","MSdh_MT","MSdh_MT/110","B5"
"12879","USA_2020","MSdh_MT","MSdh_MT/111","C6"
"12880","USA_2020","MSdh_MT","MSdh_MT/111","B6"
"12881","USA_2020","MSdh_MT","MSdh_MT/112","E5"
"12882","USA_2020","MSdh_MT","MSdh_MT/112","D5"
"12883","USA_2020","MSdh_MT","MSdh_MT/113","E6"
"12884","USA_2020","MSdh_MT","MSdh_MT/113","D6"
"12885","Add_2021","MSdh_MT","MSdh_MT/Ro","A0"
"12886","Add_2021","MSdh_MT","MSdh_MT/Ro","B0"
"12887","USA_2019","MSdh_UT","MSdh_UT/101","D4"
"12888","USA_2019","MSdh_UT","MSdh_UT/101","D3"
"12889","USA_2019","MSdh_UT","MSdh_UT/101","C4"
"12890","USA_2019","MSdh_UT","MSdh_UT/101","C3"
"12891","USA_2019","MSdh_UT","MSdh_UT/101","B4"
"12892","USA_2019","MSdh_UT","MSdh_UT/101","B3"
"12893","USA_2019","MSdh_UT","MSdh_UT/102","D1"
"12894","USA_2019","MSdh_UT","MSdh_UT/102","C1"
"12895","USA_2019","MSdh_UT","MSdh_UT/102","B1"
"12896","USA_2019","MSdh_UT","MSdh_UT/102","A1"
"12897","USA_2019","MSdh_UT","MSdh_UT/103","D2"
"12898","USA_2019","MSdh_UT","MSdh_UT/103","C2"
"12899","USA_2019","MSdh_UT","MSdh_UT/103","B2"
"12900","USA_2019","MSdh_UT","MSdh_UT/103","A2"
"12901","USA_2019","MSdh_UT","MSdh_UT/110","E5"
"12902","USA_2019","MSdh_UT","MSdh_UT/110","D5"
"12903","USA_2019","MSdh_UT","MSdh_UT/110","C5"
"12904","USA_2019","MSdh_UT","MSdh_UT/110","B5"
"12905","USA_2019","MSdh_UT","MSdh_UT/111","E6"
"12906","USA_2019","MSdh_UT","MSdh_UT/111","D6"
"12907","USA_2019","MSdh_UT","MSdh_UT/111","C6"
"12908","USA_2019","MSdh_UT","MSdh_UT/111","B6"
"12909","Add_2021","MSdh_UT","MSdh_UT/Ro","A0"
"12910","Add_2021","MSdh_UT","MSdh_UT/Ro","B0"
"12911","USA_2019","MSdh_WY","MSdh_WY/101","D4"
"12912","USA_2019","MSdh_WY","MSdh_WY/101","D3"
"12913","USA_2019","MSdh_WY","MSdh_WY/101","C4"
"12914","USA_2019","MSdh_WY","MSdh_WY/101","C3"
"12915","USA_2019","MSdh_WY","MSdh_WY/101","B4"
"12916","USA_2019","MSdh_WY","MSdh_WY/101","B3"
"12917","USA_2019","MSdh_WY","MSdh_WY/102","D1"
"12918","USA_2019","MSdh_WY","MSdh_WY/102","C1"
"12919","USA_2019","MSdh_WY","MSdh_WY/102","B1"
"12920","USA_2019","MSdh_WY","MSdh_WY/102","A1"
"12921","USA_2019","MSdh_WY","MSdh_WY/103","D2"
"12922","USA_2019","MSdh_WY","MSdh_WY/103","C2"
"12923","USA_2019","MSdh_WY","MSdh_WY/103","B2"
"12924","USA_2019","MSdh_WY","MSdh_WY/103","A2"
"12925","USA_2019","MSdh_WY","MSdh_WY/110","C5"
"12926","USA_2019","MSdh_WY","MSdh_WY/110","B5"
"12927","USA_2019","MSdh_WY","MSdh_WY/111","C6"
"12928","USA_2019","MSdh_WY","MSdh_WY/111","B6"
"12929","USA_2019","MSdh_WY","MSdh_WY/112","E5"
"12930","USA_2019","MSdh_WY","MSdh_WY/112","D5"
"12931","USA_2019","MSdh_WY","MSdh_WY/113","E6"
"12932","USA_2019","MSdh_WY","MSdh_WY/113","D6"
"12933","Add_2021","MSdh_WY","MSdh_WY/Ro","A0"
"12934","Add_2021","MSdh_WY","MSdh_WY/Ro","B0"
"12935","BECv11","MSdk","MSdk/101","D4"
"12936","BECv11","MSdk","MSdk/101","D3"
"12937","BECv11","MSdk","MSdk/101","C4"
"12938","BECv11","MSdk","MSdk/102","C1"
"12939","BECv11","MSdk","MSdk/102","B2"
"12940","BECv11","MSdk","MSdk/102","B1"
"12941","BECv11","MSdk","MSdk/102","A2"
"12942","BECv11","MSdk","MSdk/102","A1"
"12943","BECv11","MSdk","MSdk/103","D2"
"12944","BECv11","MSdk","MSdk/103","C2"
"12945","BECv11","MSdk","MSdk/104","B5"
"12946","BECv11","MSdk","MSdk/104","B4"
"12947","BECv11","MSdk","MSdk/104","B3"
"12948","BECv11","MSdk","MSdk/104","A5"
"12949","BECv11","MSdk","MSdk/104","A4"
"12950","BECv11","MSdk","MSdk/104","A3"
"12951","BECv11","MSdk","MSdk/105","D3"
"12952","BECv11","MSdk","MSdk/105","C3"
"12953","BECv11","MSdk","MSdk/110","E5"
"12954","BECv11","MSdk","MSdk/110","D5"
"12955","BECv11","MSdk","MSdk/110","C5"
"12956","BECv11","MSdk","MSdk/111","E7"
"12957","BECv11","MSdk","MSdk/111","E6"
"12958","BECv11","MSdk","MSdk/111","D7"
"12959","BECv11","MSdk","MSdk/111","D6"
"12960","BECv11","MSdk","MSdk/111","C7"
"12961","BECv11","MSdk","MSdk/111","C6"
"12962","BECv11","MSdk","MSdk/111a","E7"
"12963","BECv11","MSdk","MSdk/111a","E6"
"12964","BECv11","MSdk","MSdk/111a","D6"
"12965","BECv11","MSdk","MSdk/111a","C6"
"12966","BECv11","MSdk","MSdk/111b","D7"
"12967","BECv11","MSdk","MSdk/111b","C7"
"12968","BECv11","MSdk","MSdk/112","B7"
"12969","BECv11","MSdk","MSdk/112","B6"
"12970","BECv11","MSdk","MSdk/112a","B6"
"12971","BECv11","MSdk","MSdk/112b","B7"
"12972","BECv12","MSdk","MSdk/Fm01","E6"
"12973","BECv12","MSdk","MSdk/Fm01","E5"
"12974","BECv12","MSdk","MSdk/Fm02","E6"
"12975","BECv12","MSdk","MSdk/Fm02","E5"
"12976","BECv11","MSdk","MSdk/Ro","C0"
"12977","BECv11","MSdk","MSdk/Ro","B0"
"12978","BECv11","MSdk","MSdk/Ro","A0"
"12979","USA_2019","MSdk_CO","MSdk_CO/101","D4"
"12980","USA_2019","MSdk_CO","MSdk_CO/101","D3"
"12981","USA_2019","MSdk_CO","MSdk_CO/101","C4"
"12982","USA_2019","MSdk_CO","MSdk_CO/101","C3"
"12983","USA_2019","MSdk_CO","MSdk_CO/101","B4"
"12984","USA_2019","MSdk_CO","MSdk_CO/101","B3"
"12985","USA_2019","MSdk_CO","MSdk_CO/102","D1"
"12986","USA_2019","MSdk_CO","MSdk_CO/102","C1"
"12987","USA_2019","MSdk_CO","MSdk_CO/102","B1"
"12988","USA_2019","MSdk_CO","MSdk_CO/102","A1"
"12989","USA_2019","MSdk_CO","MSdk_CO/103","D2"
"12990","USA_2019","MSdk_CO","MSdk_CO/103","C2"
"12991","USA_2019","MSdk_CO","MSdk_CO/103","B2"
"12992","USA_2019","MSdk_CO","MSdk_CO/103","A2"
"12993","USA_2019","MSdk_CO","MSdk_CO/110","C5"
"12994","USA_2019","MSdk_CO","MSdk_CO/110","B5"
"12995","USA_2019","MSdk_CO","MSdk_CO/111","C6"
"12996","USA_2019","MSdk_CO","MSdk_CO/111","B6"
"12997","USA_2019","MSdk_CO","MSdk_CO/112","E5"
"12998","USA_2019","MSdk_CO","MSdk_CO/112","D5"
"12999","USA_2019","MSdk_CO","MSdk_CO/113","E6"
"13000","USA_2019","MSdk_CO","MSdk_CO/113","D6"
"13001","Add_2021","MSdk_CO","MSdk_CO/Ro","A0"
"13002","Add_2021","MSdk_CO","MSdk_CO/Ro","B0"
"13003","USA_2019","MSdm_WA","MSdm_WA/101","D4"
"13004","USA_2019","MSdm_WA","MSdm_WA/101","D3"
"13005","USA_2019","MSdm_WA","MSdm_WA/101","C4"
"13006","USA_2019","MSdm_WA","MSdm_WA/101","C3"
"13007","USA_2019","MSdm_WA","MSdm_WA/101","B4"
"13008","USA_2019","MSdm_WA","MSdm_WA/101","B3"
"13009","USA_2019","MSdm_WA","MSdm_WA/102","D1"
"13010","USA_2019","MSdm_WA","MSdm_WA/102","C1"
"13011","USA_2019","MSdm_WA","MSdm_WA/102","B1"
"13012","USA_2019","MSdm_WA","MSdm_WA/102","A1"
"13013","USA_2019","MSdm_WA","MSdm_WA/103","D2"
"13014","USA_2019","MSdm_WA","MSdm_WA/103","C2"
"13015","USA_2019","MSdm_WA","MSdm_WA/103","B2"
"13016","USA_2019","MSdm_WA","MSdm_WA/103","A2"
"13017","USA_2019","MSdm_WA","MSdm_WA/110","C5"
"13018","USA_2019","MSdm_WA","MSdm_WA/110","B5"
"13019","USA_2019","MSdm_WA","MSdm_WA/111","C6"
"13020","USA_2019","MSdm_WA","MSdm_WA/111","B6"
"13021","USA_2019","MSdm_WA","MSdm_WA/112","E5"
"13022","USA_2019","MSdm_WA","MSdm_WA/112","D5"
"13023","USA_2019","MSdm_WA","MSdm_WA/113","E6"
"13024","USA_2019","MSdm_WA","MSdm_WA/113","D6"
"13025","Add_2021","MSdm_WA","MSdm_WA/Ro","A0"
"13026","Add_2021","MSdm_WA","MSdm_WA/Ro","B0"
"13027","BECv12","MSdm1","MSdm1/101","C4"
"13028","BECv12","MSdm1","MSdm1/101","C3"
"13029","BECv12","MSdm1","MSdm1/101","B4"
"13030","BECv12","MSdm1","MSdm1/102","C1"
"13031","BECv12","MSdm1","MSdm1/102","B1"
"13032","BECv12","MSdm1","MSdm1/102","A2"
"13033","BECv12","MSdm1","MSdm1/102","A1"
"13034","BECv12","MSdm1","MSdm1/103","C3"
"13035","BECv12","MSdm1","MSdm1/103","C2"
"13036","BECv12","MSdm1","MSdm1/103","B2"
"13037","BECv12","MSdm1","MSdm1/104","B3"
"13038","BECv12","MSdm1","MSdm1/104","A3"
"13039","BECv12","MSdm1","MSdm1/110","B6"
"13040","BECv12","MSdm1","MSdm1/110","B5"
"13041","BECv12","MSdm1","MSdm1/111","D5"
"13042","BECv12","MSdm1","MSdm1/111","C5"
"13043","BECv12","MSdm1","MSdm1/112","D6"
"13044","BECv12","MSdm1","MSdm1/112","D5"
"13045","BECv12","MSdm1","MSdm1/112","C6"
"13046","BECv12","MSdm1","MSdm1/112","C5"
"13047","BECv12","MSdm1","MSdm1/113","E7"
"13048","BECv12","MSdm1","MSdm1/113","E6"
"13049","BECv12","MSdm1","MSdm1/113","D7"
"13050","BECv12","MSdm1","MSdm1/113","D6"
"13051","BECv12","MSdm1","MSdm1/113","C7"
"13052","BECv12","MSdm1","MSdm1/113","C6"
"13053","Add_2021","MSdm1","MSdm1/Ro","A0"
"13054","Add_2021","MSdm1","MSdm1/Ro","B0"
"13055","BECv12","MSdm2","MSdm2/101","D4"
"13056","BECv12","MSdm2","MSdm2/101","D3"
"13057","BECv12","MSdm2","MSdm2/101","C4"
"13058","BECv12","MSdm2","MSdm2/101","C3"
"13059","BECv12","MSdm2","MSdm2/101","B4"
"13060","BECv12","MSdm2","MSdm2/101","B3"
"13061","BECv12","MSdm2","MSdm2/102","C1"
"13062","BECv12","MSdm2","MSdm2/102","C0"
"13063","BECv12","MSdm2","MSdm2/102","B1"
"13064","BECv12","MSdm2","MSdm2/102","B0"
"13065","BECv12","MSdm2","MSdm2/102","A1"
"13066","BECv12","MSdm2","MSdm2/102","A0"
"13067","BECv12","MSdm2","MSdm2/103","C2"
"13068","BECv12","MSdm2","MSdm2/103","B2"
"13069","BECv12","MSdm2","MSdm2/104","D3"
"13070","BECv12","MSdm2","MSdm2/104","C3"
"13071","BECv12","MSdm2","MSdm2/104","C2"
"13072","BECv12","MSdm2","MSdm2/104","B3"
"13073","BECv12","MSdm2","MSdm2/104","B2"
"13074","BECv12","MSdm2","MSdm2/105","B4"
"13075","BECv12","MSdm2","MSdm2/105","B3"
"13076","BECv12","MSdm2","MSdm2/105","A4"
"13077","BECv12","MSdm2","MSdm2/105","A3"
"13078","BECv12","MSdm2","MSdm2/110","C5"
"13079","BECv12","MSdm2","MSdm2/110","B5"
"13080","BECv12","MSdm2","MSdm2/110","A5"
"13081","BECv12","MSdm2","MSdm2/111","D5"
"13082","BECv12","MSdm2","MSdm2/111","C5"
"13083","BECv12","MSdm2","MSdm2/112","E6"
"13084","BECv12","MSdm2","MSdm2/112","E5"
"13085","BECv12","MSdm2","MSdm2/112","D6"
"13086","BECv12","MSdm2","MSdm2/112","D5"
"13087","BECv12","MSdm2","MSdm2/112","C6"
"13088","BECv12","MSdm2","MSdm2/113","E7"
"13089","BECv12","MSdm2","MSdm2/113","E6"
"13090","BECv12","MSdm2","MSdm2/113","D7"
"13091","BECv12","MSdm2","MSdm2/113","D6"
"13092","BECv12","MSdm2","MSdm2/113","C7"
"13093","BECv12","MSdm2","MSdm2/113","C6"
"13094","BECv12","MSdm2","MSdm2/Rt07","C0"
"13095","BECv12","MSdm2","MSdm2/Rt07","B0"
"13096","BECv12","MSdm2","MSdm2/Rt07","A0"
"13097","BECv12","MSdm2","MSdm2/Rt08","C0"
"13098","BECv12","MSdm2","MSdm2/Rt08","B0"
"13099","BECv12","MSdm2","MSdm2/Rt08","A0"
"13100","BECv10","MSdm3","MSdm3/01","D5"
"13101","BECv10","MSdm3","MSdm3/01","D4"
"13102","BECv10","MSdm3","MSdm3/01","C5"
"13103","BECv10","MSdm3","MSdm3/01","C4"
"13104","BECv10","MSdm3","MSdm3/01","B5"
"13105","BECv10","MSdm3","MSdm3/01","B4"
"13106","BECv10","MSdm3","MSdm3/01","B3"
"13107","BECv10","MSdm3","MSdm3/01","A5"
"13108","BECv10","MSdm3","MSdm3/01","A4"
"13109","BECv10","MSdm3","MSdm3/01","A3"
"13110","BECv10","MSdm3","MSdm3/02","D2"
"13111","BECv10","MSdm3","MSdm3/02","D1"
"13112","BECv10","MSdm3","MSdm3/02","D0"
"13113","BECv10","MSdm3","MSdm3/02","C2"
"13114","BECv10","MSdm3","MSdm3/02","C1"
"13115","BECv10","MSdm3","MSdm3/02","C0"
"13116","BECv10","MSdm3","MSdm3/02","B2"
"13117","BECv10","MSdm3","MSdm3/02","B1"
"13118","BECv10","MSdm3","MSdm3/02","B0"
"13119","BECv10","MSdm3","MSdm3/02","A2"
"13120","BECv10","MSdm3","MSdm3/02","A1"
"13121","BECv10","MSdm3","MSdm3/02","A0"
"13122","BECv10","MSdm3","MSdm3/03","D3"
"13123","BECv10","MSdm3","MSdm3/03","D2"
"13124","BECv10","MSdm3","MSdm3/03","D1"
"13125","BECv10","MSdm3","MSdm3/03","C3"
"13126","BECv10","MSdm3","MSdm3/03","C2"
"13127","BECv10","MSdm3","MSdm3/03","C1"
"13128","BECv10","MSdm3","MSdm3/03","B3"
"13129","BECv10","MSdm3","MSdm3/03","B2"
"13130","BECv10","MSdm3","MSdm3/03","B1"
"13131","BECv10","MSdm3","MSdm3/03","A3"
"13132","BECv10","MSdm3","MSdm3/03","A2"
"13133","BECv10","MSdm3","MSdm3/03","A1"
"13134","BECv10","MSdm3","MSdm3/04","D4"
"13135","BECv10","MSdm3","MSdm3/04","D3"
"13136","BECv10","MSdm3","MSdm3/04","C4"
"13137","BECv10","MSdm3","MSdm3/04","C3"
"13138","BECv10","MSdm3","MSdm3/04","B4"
"13139","BECv10","MSdm3","MSdm3/04","B3"
"13140","BECv10","MSdm3","MSdm3/04","B2"
"13141","BECv10","MSdm3","MSdm3/04","A3"
"13142","BECv10","MSdm3","MSdm3/04","A2"
"13143","BECv10","MSdm3","MSdm3/05","D6"
"13144","BECv10","MSdm3","MSdm3/05","D5"
"13145","BECv10","MSdm3","MSdm3/05","D4"
"13146","BECv10","MSdm3","MSdm3/05","C6"
"13147","BECv10","MSdm3","MSdm3/05","C5"
"13148","BECv10","MSdm3","MSdm3/05","C4"
"13149","BECv10","MSdm3","MSdm3/05","B6"
"13150","BECv10","MSdm3","MSdm3/05","B5"
"13151","BECv10","MSdm3","MSdm3/05","B4"
"13152","BECv10","MSdm3","MSdm3/05","A6"
"13153","BECv10","MSdm3","MSdm3/05","A5"
"13154","BECv10","MSdm3","MSdm3/05","A4"
"13155","BECv10","MSdm3","MSdm3/06","E6"
"13156","BECv10","MSdm3","MSdm3/06","E5"
"13157","BECv10","MSdm3","MSdm3/06","E4"
"13158","BECv10","MSdm3","MSdm3/06","D6"
"13159","BECv10","MSdm3","MSdm3/06","D5"
"13160","BECv10","MSdm3","MSdm3/06","D4"
"13161","BECv10","MSdm3","MSdm3/06","C6"
"13162","BECv10","MSdm3","MSdm3/06","C5"
"13163","BECv10","MSdm3","MSdm3/07","E7"
"13164","BECv10","MSdm3","MSdm3/07","E6"
"13165","BECv10","MSdm3","MSdm3/07","D7"
"13166","BECv10","MSdm3","MSdm3/07","D6"
"13167","BECv10","MSdm3","MSdm3/07","C7"
"13168","BECv10","MSdm3","MSdm3/07","C6"
"13169","BECv10","MSdm3","MSdm3/07","B7"
"13170","BECv10","MSdm3","MSdm3/07","B6"
"13171","BECv10","MSdv","MSdv/01","D5"
"13172","BECv10","MSdv","MSdv/01","D4"
"13173","BECv10","MSdv","MSdv/01","C5"
"13174","BECv10","MSdv","MSdv/01","C4"
"13175","BECv10","MSdv","MSdv/01","B5"
"13176","BECv10","MSdv","MSdv/01","B4"
"13177","BECv10","MSdv","MSdv/02","D2"
"13178","BECv10","MSdv","MSdv/02","D1"
"13179","BECv10","MSdv","MSdv/02","D0"
"13180","BECv10","MSdv","MSdv/02","C2"
"13181","BECv10","MSdv","MSdv/02","C1"
"13182","BECv10","MSdv","MSdv/02","C0"
"13183","BECv10","MSdv","MSdv/02","B2"
"13184","BECv10","MSdv","MSdv/02","B1"
"13185","BECv10","MSdv","MSdv/02","B0"
"13186","BECv10","MSdv","MSdv/02","A2"
"13187","BECv10","MSdv","MSdv/02","A1"
"13188","BECv10","MSdv","MSdv/02","A0"
"13189","BECv10","MSdv","MSdv/02a","D0"
"13190","BECv10","MSdv","MSdv/02a","C1"
"13191","BECv10","MSdv","MSdv/02a","C0"
"13192","BECv10","MSdv","MSdv/02a","B1"
"13193","BECv10","MSdv","MSdv/02a","B0"
"13194","BECv10","MSdv","MSdv/02a","A2"
"13195","BECv10","MSdv","MSdv/02a","A1"
"13196","BECv10","MSdv","MSdv/02a","A0"
"13197","BECv10","MSdv","MSdv/02b","D2"
"13198","BECv10","MSdv","MSdv/02b","D1"
"13199","BECv10","MSdv","MSdv/02b","C2"
"13200","BECv10","MSdv","MSdv/02b","B2"
"13201","BECv10","MSdv","MSdv/03","B3"
"13202","BECv10","MSdv","MSdv/03","B2"
"13203","BECv10","MSdv","MSdv/03","A3"
"13204","BECv10","MSdv","MSdv/03","A2"
"13205","BECv10","MSdv","MSdv/04","D3"
"13206","BECv10","MSdv","MSdv/04","D2"
"13207","BECv10","MSdv","MSdv/04","C3"
"13208","BECv10","MSdv","MSdv/04","C2"
"13209","BECv10","MSdv","MSdv/04","B3"
"13210","BECv10","MSdv","MSdv/04","B2"
"13211","BECv10","MSdv","MSdv/05","D3"
"13212","BECv10","MSdv","MSdv/05","D2"
"13213","BECv10","MSdv","MSdv/05","C3"
"13214","BECv10","MSdv","MSdv/05","C2"
"13215","BECv10","MSdv","MSdv/05","B3"
"13216","BECv10","MSdv","MSdv/05","B2"
"13217","BECv10","MSdv","MSdv/06","D5"
"13218","BECv10","MSdv","MSdv/06","C5"
"13219","BECv10","MSdv","MSdv/06","B5"
"13220","BECv10","MSdv","MSdv/07","D5"
"13221","BECv10","MSdv","MSdv/07","C5"
"13222","BECv10","MSdv","MSdv/07","B5"
"13223","BECv10","MSdv","MSdv/08","D7"
"13224","BECv10","MSdv","MSdv/08","D6"
"13225","BECv10","MSdv","MSdv/08","C7"
"13226","BECv10","MSdv","MSdv/08","C6"
"13227","BECv10","MSdv","MSdv/08","B7"
"13228","BECv10","MSdv","MSdv/08","B6"
"13229","BECv10","MSdv","MSdv/09","D7"
"13230","BECv10","MSdv","MSdv/09","D6"
"13231","BECv10","MSdv","MSdv/09","C7"
"13232","BECv10","MSdv","MSdv/09","C6"
"13233","BECv10","MSdv","MSdv/09","B7"
"13234","BECv10","MSdv","MSdv/09","B6"
"13235","BECv11","MSdw","MSdw/101","D4"
"13236","BECv11","MSdw","MSdw/101","C4"
"13237","BECv11","MSdw","MSdw/101","B4"
"13238","BECv11","MSdw","MSdw/102","C1"
"13239","BECv11","MSdw","MSdw/102","B2"
"13240","BECv11","MSdw","MSdw/102","B1"
"13241","BECv11","MSdw","MSdw/103","D2"
"13242","BECv11","MSdw","MSdw/103","C2"
"13243","BECv11","MSdw","MSdw/103","B2"
"13244","BECv11","MSdw","MSdw/104","D3"
"13245","BECv11","MSdw","MSdw/104","D2"
"13246","BECv11","MSdw","MSdw/104","C3"
"13247","BECv11","MSdw","MSdw/104","B4"
"13248","BECv11","MSdw","MSdw/104","B3"
"13249","BECv11","MSdw","MSdw/110","E5"
"13250","BECv11","MSdw","MSdw/110","D5"
"13251","BECv11","MSdw","MSdw/110","C5"
"13252","BECv11","MSdw","MSdw/111","E7"
"13253","BECv11","MSdw","MSdw/111","E6"
"13254","BECv11","MSdw","MSdw/111","D7"
"13255","BECv11","MSdw","MSdw/111","D6"
"13256","BECv11","MSdw","MSdw/111","C7"
"13257","BECv11","MSdw","MSdw/111","C6"
"13258","BECv11","MSdw","MSdw/111a","E7"
"13259","BECv11","MSdw","MSdw/111a","E6"
"13260","BECv11","MSdw","MSdw/111a","D6"
"13261","BECv11","MSdw","MSdw/111a","C6"
"13262","BECv11","MSdw","MSdw/111b","D7"
"13263","BECv11","MSdw","MSdw/111b","C7"
"13264","BECv11","MSdw","MSdw/112","B7"
"13265","BECv11","MSdw","MSdw/112","B6"
"13266","BECv12","MSdw","MSdw/Fm01","E6"
"13267","BECv12","MSdw","MSdw/Fm01","E5"
"13268","BECv12","MSdw","MSdw/Fm02","E6"
"13269","BECv12","MSdw","MSdw/Fm02","E5"
"13270","BECv11","MSdw","MSdw/Ro","C0"
"13271","BECv11","MSdw","MSdw/Ro","B0"
"13272","BECv11","MSdw","MSdw/Ro","A0"
"13273","USA_2019","MSdw_MT","MSdw_MT/101","D4"
"13274","USA_2019","MSdw_MT","MSdw_MT/101","D3"
"13275","USA_2019","MSdw_MT","MSdw_MT/101","C4"
"13276","USA_2019","MSdw_MT","MSdw_MT/101","C3"
"13277","USA_2019","MSdw_MT","MSdw_MT/101","B4"
"13278","USA_2019","MSdw_MT","MSdw_MT/101","B3"
"13279","USA_2019","MSdw_MT","MSdw_MT/102","D1"
"13280","USA_2019","MSdw_MT","MSdw_MT/102","C1"
"13281","USA_2019","MSdw_MT","MSdw_MT/102","B1"
"13282","USA_2019","MSdw_MT","MSdw_MT/102","A1"
"13283","USA_2019","MSdw_MT","MSdw_MT/103","D2"
"13284","USA_2019","MSdw_MT","MSdw_MT/103","C2"
"13285","USA_2019","MSdw_MT","MSdw_MT/103","B2"
"13286","USA_2019","MSdw_MT","MSdw_MT/103","A2"
"13287","USA_2019","MSdw_MT","MSdw_MT/110","C5"
"13288","USA_2019","MSdw_MT","MSdw_MT/110","B5"
"13289","USA_2019","MSdw_MT","MSdw_MT/111","C6"
"13290","USA_2019","MSdw_MT","MSdw_MT/111","B6"
"13291","USA_2019","MSdw_MT","MSdw_MT/112","E5"
"13292","USA_2019","MSdw_MT","MSdw_MT/112","D5"
"13293","USA_2019","MSdw_MT","MSdw_MT/113","E6"
"13294","USA_2019","MSdw_MT","MSdw_MT/113","D6"
"13295","Add_2021","MSdw_MT","MSdw_MT/Ro","A0"
"13296","Add_2021","MSdw_MT","MSdw_MT/Ro","B0"
"13297","USA_2019","MSmm_ID","MSmm_ID/101","D4"
"13298","USA_2019","MSmm_ID","MSmm_ID/101","D3"
"13299","USA_2019","MSmm_ID","MSmm_ID/101","C4"
"13300","USA_2019","MSmm_ID","MSmm_ID/101","C3"
"13301","USA_2019","MSmm_ID","MSmm_ID/101","B4"
"13302","USA_2019","MSmm_ID","MSmm_ID/101","B3"
"13303","USA_2019","MSmm_ID","MSmm_ID/102","D1"
"13304","USA_2019","MSmm_ID","MSmm_ID/102","C1"
"13305","USA_2019","MSmm_ID","MSmm_ID/102","B1"
"13306","USA_2019","MSmm_ID","MSmm_ID/102","A1"
"13307","USA_2019","MSmm_ID","MSmm_ID/103","D2"
"13308","USA_2019","MSmm_ID","MSmm_ID/103","C2"
"13309","USA_2019","MSmm_ID","MSmm_ID/103","B2"
"13310","USA_2019","MSmm_ID","MSmm_ID/103","A2"
"13311","USA_2019","MSmm_ID","MSmm_ID/110","C5"
"13312","USA_2019","MSmm_ID","MSmm_ID/110","B5"
"13313","USA_2019","MSmm_ID","MSmm_ID/111","C6"
"13314","USA_2019","MSmm_ID","MSmm_ID/111","B6"
"13315","USA_2019","MSmm_ID","MSmm_ID/112","E5"
"13316","USA_2019","MSmm_ID","MSmm_ID/112","D5"
"13317","USA_2019","MSmm_ID","MSmm_ID/113","E6"
"13318","USA_2019","MSmm_ID","MSmm_ID/113","D6"
"13319","Add_2021","MSmm_ID","MSmm_ID/Ro","A0"
"13320","Add_2021","MSmm_ID","MSmm_ID/Ro","B0"
"13321","USA_2019","MSSDun_NV","MSSDun_NV/110","E5"
"13322","USA_2019","MSSDun_NV","MSSDun_NV/110","D5"
"13323","USA_2019","MSSDun_NV","MSSDun_NV/110","C5"
"13324","USA_2019","MSSDun_NV","MSSDun_NV/110","B5"
"13325","USA_2019","MSSDun_NV","MSSDun_NV/111","E6"
"13326","USA_2019","MSSDun_NV","MSSDun_NV/111","D6"
"13327","USA_2019","MSSDun_NV","MSSDun_NV/111","C6"
"13328","USA_2019","MSSDun_NV","MSSDun_NV/111","B6"
"13329","USA_2019","MSSDun_NV","MSSDun_NV/Gg","D4"
"13330","USA_2019","MSSDun_NV","MSSDun_NV/Gg","D3"
"13331","USA_2019","MSSDun_NV","MSSDun_NV/Gg","D2"
"13332","USA_2019","MSSDun_NV","MSSDun_NV/Gg","D1"
"13333","USA_2019","MSSDun_NV","MSSDun_NV/Gg","C4"
"13334","USA_2019","MSSDun_NV","MSSDun_NV/Gg","C3"
"13335","USA_2019","MSSDun_NV","MSSDun_NV/Gg","C2"
"13336","USA_2019","MSSDun_NV","MSSDun_NV/Gg","C1"
"13337","USA_2019","MSSDun_NV","MSSDun_NV/Gg","B4"
"13338","USA_2019","MSSDun_NV","MSSDun_NV/Gg","B3"
"13339","USA_2019","MSSDun_NV","MSSDun_NV/Gg","B2"
"13340","USA_2019","MSSDun_NV","MSSDun_NV/Gg","B1"
"13341","USA_2019","MSSDun_NV","MSSDun_NV/Gg","A2"
"13342","USA_2019","MSSDun_NV","MSSDun_NV/Gg","A1"
"13343","Add_2021","MSSDun_NV","MSSDun_NV/Ro","A0"
"13344","Add_2021","MSSDun_NV","MSSDun_NV/Ro","B0"
"13345","USA_2019","MSxh_OR","MSxh_OR/101","D4"
"13346","USA_2019","MSxh_OR","MSxh_OR/101","D3"
"13347","USA_2019","MSxh_OR","MSxh_OR/101","C4"
"13348","USA_2019","MSxh_OR","MSxh_OR/101","C3"
"13349","USA_2019","MSxh_OR","MSxh_OR/101","B4"
"13350","USA_2019","MSxh_OR","MSxh_OR/101","B3"
"13351","USA_2019","MSxh_OR","MSxh_OR/102","D1"
"13352","USA_2019","MSxh_OR","MSxh_OR/102","C1"
"13353","USA_2019","MSxh_OR","MSxh_OR/102","B1"
"13354","USA_2019","MSxh_OR","MSxh_OR/102","A1"
"13355","USA_2019","MSxh_OR","MSxh_OR/103","D2"
"13356","USA_2019","MSxh_OR","MSxh_OR/103","C2"
"13357","USA_2019","MSxh_OR","MSxh_OR/103","B2"
"13358","USA_2019","MSxh_OR","MSxh_OR/103","A2"
"13359","USA_2019","MSxh_OR","MSxh_OR/110","C5"
"13360","USA_2019","MSxh_OR","MSxh_OR/110","B5"
"13361","USA_2019","MSxh_OR","MSxh_OR/111","C6"
"13362","USA_2019","MSxh_OR","MSxh_OR/111","B6"
"13363","USA_2019","MSxh_OR","MSxh_OR/112","E5"
"13364","USA_2019","MSxh_OR","MSxh_OR/112","D5"
"13365","USA_2019","MSxh_OR","MSxh_OR/113","E6"
"13366","USA_2019","MSxh_OR","MSxh_OR/113","D6"
"13367","Add_2021","MSxh_OR","MSxh_OR/Ro","A0"
"13368","Add_2021","MSxh_OR","MSxh_OR/Ro","B0"
"13369","USA_2019","MSxk_WA","MSxk_WA/101","D4"
"13370","USA_2019","MSxk_WA","MSxk_WA/101","D3"
"13371","USA_2019","MSxk_WA","MSxk_WA/101","C4"
"13372","USA_2019","MSxk_WA","MSxk_WA/101","C3"
"13373","USA_2019","MSxk_WA","MSxk_WA/101","B4"
"13374","USA_2019","MSxk_WA","MSxk_WA/101","B3"
"13375","USA_2019","MSxk_WA","MSxk_WA/102","D1"
"13376","USA_2019","MSxk_WA","MSxk_WA/102","C1"
"13377","USA_2019","MSxk_WA","MSxk_WA/102","B1"
"13378","USA_2019","MSxk_WA","MSxk_WA/102","A1"
"13379","USA_2019","MSxk_WA","MSxk_WA/103","D2"
"13380","USA_2019","MSxk_WA","MSxk_WA/103","C2"
"13381","USA_2019","MSxk_WA","MSxk_WA/103","B2"
"13382","USA_2019","MSxk_WA","MSxk_WA/103","A2"
"13383","USA_2019","MSxk_WA","MSxk_WA/110","C5"
"13384","USA_2019","MSxk_WA","MSxk_WA/110","B5"
"13385","USA_2019","MSxk_WA","MSxk_WA/111","C6"
"13386","USA_2019","MSxk_WA","MSxk_WA/111","B6"
"13387","USA_2019","MSxk_WA","MSxk_WA/112","E5"
"13388","USA_2019","MSxk_WA","MSxk_WA/112","D5"
"13389","USA_2019","MSxk_WA","MSxk_WA/113","E6"
"13390","USA_2019","MSxk_WA","MSxk_WA/113","D6"
"13391","Add_2021","MSxk_WA","MSxk_WA/Ro","A0"
"13392","Add_2021","MSxk_WA","MSxk_WA/Ro","B0"
"13393","BECv12","MSxk1","MSxk1/101","D4"
"13394","BECv12","MSxk1","MSxk1/101","D3"
"13395","BECv12","MSxk1","MSxk1/101","C4"
"13396","BECv12","MSxk1","MSxk1/101","C3"
"13397","BECv12","MSxk1","MSxk1/101","C2"
"13398","BECv12","MSxk1","MSxk1/101","B4"
"13399","BECv12","MSxk1","MSxk1/101","B3"
"13400","BECv12","MSxk1","MSxk1/101","B2"
"13401","BECv12","MSxk1","MSxk1/101a","D4"
"13402","BECv12","MSxk1","MSxk1/101a","D3"
"13403","BECv12","MSxk1","MSxk1/101a","C4"
"13404","BECv12","MSxk1","MSxk1/101a","C3"
"13405","BECv12","MSxk1","MSxk1/101a","B4"
"13406","BECv12","MSxk1","MSxk1/101a","B3"
"13407","BECv12","MSxk1","MSxk1/101b","C3"
"13408","BECv12","MSxk1","MSxk1/101b","C2"
"13409","BECv12","MSxk1","MSxk1/101b","B3"
"13410","BECv12","MSxk1","MSxk1/101b","B2"
"13411","BECv12","MSxk1","MSxk1/102","B1"
"13412","BECv12","MSxk1","MSxk1/102","B0"
"13413","BECv12","MSxk1","MSxk1/102","A1"
"13414","BECv12","MSxk1","MSxk1/102","A0"
"13415","BECv12","MSxk1","MSxk1/103","B2"
"13416","BECv12","MSxk1","MSxk1/103","B1"
"13417","BECv12","MSxk1","MSxk1/103","A2"
"13418","BECv12","MSxk1","MSxk1/103","A1"
"13419","BECv12","MSxk1","MSxk1/104","D4"
"13420","BECv12","MSxk1","MSxk1/104","D3"
"13421","BECv12","MSxk1","MSxk1/104","C4"
"13422","BECv12","MSxk1","MSxk1/104","C3"
"13423","BECv12","MSxk1","MSxk1/104","C2"
"13424","BECv12","MSxk1","MSxk1/104","B4"
"13425","BECv12","MSxk1","MSxk1/104","B3"
"13426","BECv12","MSxk1","MSxk1/104","B2"
"13427","BECv12","MSxk1","MSxk1/105","B4"
"13428","BECv12","MSxk1","MSxk1/105","B3"
"13429","BECv12","MSxk1","MSxk1/105","A4"
"13430","BECv12","MSxk1","MSxk1/105","A3"
"13431","BECv12","MSxk1","MSxk1/110","C6"
"13432","BECv12","MSxk1","MSxk1/110","C5"
"13433","BECv12","MSxk1","MSxk1/110","B6"
"13434","BECv12","MSxk1","MSxk1/110","B5"
"13435","BECv12","MSxk1","MSxk1/110","A6"
"13436","BECv12","MSxk1","MSxk1/110","A5"
"13437","BECv12","MSxk1","MSxk1/111","E6"
"13438","BECv12","MSxk1","MSxk1/111","E5"
"13439","BECv12","MSxk1","MSxk1/111","D6"
"13440","BECv12","MSxk1","MSxk1/111","D5"
"13441","BECv12","MSxk1","MSxk1/111","C6"
"13442","BECv12","MSxk1","MSxk1/111","C5"
"13443","BECv12","MSxk1","MSxk1/112","E7"
"13444","BECv12","MSxk1","MSxk1/112","E6"
"13445","BECv12","MSxk1","MSxk1/112","D7"
"13446","BECv12","MSxk1","MSxk1/112","D6"
"13447","BECv12","MSxk1","MSxk1/112","C7"
"13448","BECv12","MSxk1","MSxk1/112","C6"
"13449","BECv12","MSxk1","MSxk1/112","B7"
"13450","BECv12","MSxk1","MSxk1/112","B6"
"13451","BECv12","MSxk1","MSxk1/113","E7"
"13452","BECv12","MSxk1","MSxk1/113","D7"
"13453","BECv12","MSxk1","MSxk1/113","C7"
"13454","BECv12","MSxk1","MSxk1/113","B7"
"13455","BECv10","MSxk1","MSxk1/Gg","D3"
"13456","BECv10","MSxk1","MSxk1/Gg","D2"
"13457","BECv10","MSxk1","MSxk1/Gg","C3"
"13458","BECv10","MSxk1","MSxk1/Gg","C2"
"13459","BECv10","MSxk1","MSxk1/Gg","C1"
"13460","BECv10","MSxk1","MSxk1/Gg","B2"
"13461","BECv10","MSxk1","MSxk1/Gg","B1"
"13462","BECv10","MSxk1","MSxk1/Gs","D3"
"13463","BECv10","MSxk1","MSxk1/Gs","D2"
"13464","BECv10","MSxk1","MSxk1/Gs","C3"
"13465","BECv10","MSxk1","MSxk1/Gs","C2"
"13466","BECv10","MSxk1","MSxk1/Gs","C1"
"13467","BECv10","MSxk1","MSxk1/Gs","B2"
"13468","BECv10","MSxk1","MSxk1/Gs","B1"
"13469","BECv12","MSxk1","MSxk1/Rt07","B0"
"13470","BECv12","MSxk1","MSxk1/Rt07","A0"
"13471","BECv12","MSxk2","MSxk2/101","D4"
"13472","BECv12","MSxk2","MSxk2/101","D3"
"13473","BECv12","MSxk2","MSxk2/101","C4"
"13474","BECv12","MSxk2","MSxk2/101","C3"
"13475","BECv12","MSxk2","MSxk2/101","B4"
"13476","BECv12","MSxk2","MSxk2/101","B3"
"13477","BECv12","MSxk2","MSxk2/102","C1"
"13478","BECv12","MSxk2","MSxk2/102","C0"
"13479","BECv12","MSxk2","MSxk2/102","B1"
"13480","BECv12","MSxk2","MSxk2/102","B0"
"13481","BECv12","MSxk2","MSxk2/103","B2"
"13482","BECv12","MSxk2","MSxk2/103","B1"
"13483","BECv12","MSxk2","MSxk2/103","A2"
"13484","BECv12","MSxk2","MSxk2/103","A1"
"13485","BECv12","MSxk2","MSxk2/104","C2"
"13486","BECv12","MSxk2","MSxk2/104","B2"
"13487","BECv12","MSxk2","MSxk2/105","C3"
"13488","BECv12","MSxk2","MSxk2/105","C2"
"13489","BECv12","MSxk2","MSxk2/105","B3"
"13490","BECv12","MSxk2","MSxk2/105","B2"
"13491","BECv12","MSxk2","MSxk2/106","B4"
"13492","BECv12","MSxk2","MSxk2/106","B3"
"13493","BECv12","MSxk2","MSxk2/106","A4"
"13494","BECv12","MSxk2","MSxk2/106","A3"
"13495","BECv12","MSxk2","MSxk2/110","C5"
"13496","BECv12","MSxk2","MSxk2/110","B6"
"13497","BECv12","MSxk2","MSxk2/110","B5"
"13498","BECv12","MSxk2","MSxk2/110","A6"
"13499","BECv12","MSxk2","MSxk2/110","A5"
"13500","BECv12","MSxk2","MSxk2/111","E5"
"13501","BECv12","MSxk2","MSxk2/111","D5"
"13502","BECv12","MSxk2","MSxk2/111","C5"
"13503","BECv12","MSxk2","MSxk2/112","E7"
"13504","BECv12","MSxk2","MSxk2/112","E6"
"13505","BECv12","MSxk2","MSxk2/112","D7"
"13506","BECv12","MSxk2","MSxk2/112","D6"
"13507","BECv12","MSxk2","MSxk2/112","C7"
"13508","BECv12","MSxk2","MSxk2/112","C6"
"13509","BECv10","MSxk2","MSxk2/Gg","D3"
"13510","BECv10","MSxk2","MSxk2/Gg","D2"
"13511","BECv10","MSxk2","MSxk2/Gg","D1"
"13512","BECv10","MSxk2","MSxk2/Gg","C3"
"13513","BECv10","MSxk2","MSxk2/Gg","C2"
"13514","BECv10","MSxk2","MSxk2/Gg","C1"
"13515","BECv12","MSxk2","MSxk2/Rt07","C0"
"13516","BECv12","MSxk2","MSxk2/Rt07","B0"
"13517","BECv12","MSxk2","MSxk2/Rt07","A0"
"13518","BECv12","MSxk2","MSxk2/Rt08","C0"
"13519","BECv12","MSxk2","MSxk2/Rt08","B0"
"13520","BECv12","MSxk2","MSxk2/Rt08","A0"
"13521","BECv10","MSxk3","MSxk3/01","D4"
"13522","BECv10","MSxk3","MSxk3/01","D3"
"13523","BECv10","MSxk3","MSxk3/01","C4"
"13524","BECv10","MSxk3","MSxk3/01","C3"
"13525","BECv10","MSxk3","MSxk3/01","B4"
"13526","BECv10","MSxk3","MSxk3/01","B3"
"13527","BECv10","MSxk3","MSxk3/01","A4"
"13528","BECv10","MSxk3","MSxk3/01","A3"
"13529","BECv10","MSxk3","MSxk3/02","C3"
"13530","BECv10","MSxk3","MSxk3/02","C2"
"13531","BECv10","MSxk3","MSxk3/02","C1"
"13532","BECv10","MSxk3","MSxk3/02","C0"
"13533","BECv10","MSxk3","MSxk3/02","B3"
"13534","BECv10","MSxk3","MSxk3/02","B2"
"13535","BECv10","MSxk3","MSxk3/02","B1"
"13536","BECv10","MSxk3","MSxk3/02","B0"
"13537","BECv10","MSxk3","MSxk3/02","A3"
"13538","BECv10","MSxk3","MSxk3/02","A2"
"13539","BECv10","MSxk3","MSxk3/02","A1"
"13540","BECv10","MSxk3","MSxk3/02","A0"
"13541","BECv10","MSxk3","MSxk3/03","E2"
"13542","BECv10","MSxk3","MSxk3/03","E1"
"13543","BECv10","MSxk3","MSxk3/03","E0"
"13544","BECv10","MSxk3","MSxk3/03","D2"
"13545","BECv10","MSxk3","MSxk3/03","D1"
"13546","BECv10","MSxk3","MSxk3/03","D0"
"13547","BECv10","MSxk3","MSxk3/03","C2"
"13548","BECv10","MSxk3","MSxk3/03","C1"
"13549","BECv10","MSxk3","MSxk3/03","C0"
"13550","BECv10","MSxk3","MSxk3/04","E3"
"13551","BECv10","MSxk3","MSxk3/04","E2"
"13552","BECv10","MSxk3","MSxk3/04","D3"
"13553","BECv10","MSxk3","MSxk3/04","D2"
"13554","BECv10","MSxk3","MSxk3/04","C3"
"13555","BECv10","MSxk3","MSxk3/04","C2"
"13556","BECv10","MSxk3","MSxk3/05","D4"
"13557","BECv10","MSxk3","MSxk3/05","D3"
"13558","BECv10","MSxk3","MSxk3/05","C4"
"13559","BECv10","MSxk3","MSxk3/05","C3"
"13560","BECv10","MSxk3","MSxk3/05","C2"
"13561","BECv10","MSxk3","MSxk3/05","B4"
"13562","BECv10","MSxk3","MSxk3/05","B3"
"13563","BECv10","MSxk3","MSxk3/05","B2"
"13564","BECv10","MSxk3","MSxk3/05","A4"
"13565","BECv10","MSxk3","MSxk3/05","A3"
"13566","BECv10","MSxk3","MSxk3/05","A2"
"13567","BECv10","MSxk3","MSxk3/06","D4"
"13568","BECv10","MSxk3","MSxk3/06","D3"
"13569","BECv10","MSxk3","MSxk3/06","C4"
"13570","BECv10","MSxk3","MSxk3/06","C3"
"13571","BECv10","MSxk3","MSxk3/06","B4"
"13572","BECv10","MSxk3","MSxk3/06","B3"
"13573","BECv10","MSxk3","MSxk3/06","A4"
"13574","BECv10","MSxk3","MSxk3/06","A3"
"13575","BECv10","MSxk3","MSxk3/08","E5"
"13576","BECv10","MSxk3","MSxk3/08","E4"
"13577","BECv10","MSxk3","MSxk3/08","D6"
"13578","BECv10","MSxk3","MSxk3/08","D5"
"13579","BECv10","MSxk3","MSxk3/08","D4"
"13580","BECv10","MSxk3","MSxk3/08","C6"
"13581","BECv10","MSxk3","MSxk3/08","C5"
"13582","BECv10","MSxk3","MSxk3/08","C4"
"13583","BECv10","MSxk3","MSxk3/08","B6"
"13584","BECv10","MSxk3","MSxk3/08","B5"
"13585","BECv10","MSxk3","MSxk3/08","B4"
"13586","BECv10","MSxk3","MSxk3/09","E6"
"13587","BECv10","MSxk3","MSxk3/09","E5"
"13588","BECv10","MSxk3","MSxk3/09","D6"
"13589","BECv10","MSxk3","MSxk3/09","D5"
"13590","BECv10","MSxk3","MSxk3/09","C6"
"13591","BECv10","MSxk3","MSxk3/09","B6"
"13592","USA_2019","MSxm_CO","MSxm_CO/101","D4"
"13593","USA_2019","MSxm_CO","MSxm_CO/101","D3"
"13594","USA_2019","MSxm_CO","MSxm_CO/101","C4"
"13595","USA_2019","MSxm_CO","MSxm_CO/101","C3"
"13596","USA_2019","MSxm_CO","MSxm_CO/101","B4"
"13597","USA_2019","MSxm_CO","MSxm_CO/101","B3"
"13598","USA_2019","MSxm_CO","MSxm_CO/102","D1"
"13599","USA_2019","MSxm_CO","MSxm_CO/102","C1"
"13600","USA_2019","MSxm_CO","MSxm_CO/102","B1"
"13601","USA_2019","MSxm_CO","MSxm_CO/102","A1"
"13602","USA_2019","MSxm_CO","MSxm_CO/103","D2"
"13603","USA_2019","MSxm_CO","MSxm_CO/103","C2"
"13604","USA_2019","MSxm_CO","MSxm_CO/103","B2"
"13605","USA_2019","MSxm_CO","MSxm_CO/103","A2"
"13606","USA_2019","MSxm_CO","MSxm_CO/110","C5"
"13607","USA_2019","MSxm_CO","MSxm_CO/110","B5"
"13608","USA_2019","MSxm_CO","MSxm_CO/111","C6"
"13609","USA_2019","MSxm_CO","MSxm_CO/111","B6"
"13610","USA_2019","MSxm_CO","MSxm_CO/112","E5"
"13611","USA_2019","MSxm_CO","MSxm_CO/112","D5"
"13612","USA_2019","MSxm_CO","MSxm_CO/113","E6"
"13613","USA_2019","MSxm_CO","MSxm_CO/113","D6"
"13614","Add_2021","MSxm_CO","MSxm_CO/Ro","A0"
"13615","Add_2021","MSxm_CO","MSxm_CO/Ro","B0"
"13616","BECv10","MSxv","MSxv/01","D4"
"13617","BECv10","MSxv","MSxv/01","D3"
"13618","BECv10","MSxv","MSxv/01","C4"
"13619","BECv10","MSxv","MSxv/01","C3"
"13620","BECv10","MSxv","MSxv/01","B4"
"13621","BECv10","MSxv","MSxv/02","B2"
"13622","BECv10","MSxv","MSxv/02","B1"
"13623","BECv10","MSxv","MSxv/02","A2"
"13624","BECv10","MSxv","MSxv/02","A1"
"13625","BECv10","MSxv","MSxv/03","D2"
"13626","BECv10","MSxv","MSxv/03","D1"
"13627","BECv10","MSxv","MSxv/03","C2"
"13628","BECv10","MSxv","MSxv/03","C1"
"13629","BECv10","MSxv","MSxv/03","B1"
"13630","BECv10","MSxv","MSxv/03a","D2"
"13631","BECv10","MSxv","MSxv/03a","D1"
"13632","BECv10","MSxv","MSxv/03a","C2"
"13633","BECv10","MSxv","MSxv/03a","C1"
"13634","BECv10","MSxv","MSxv/03a","B1"
"13635","BECv10","MSxv","MSxv/03b","C1"
"13636","BECv10","MSxv","MSxv/03b","B1"
"13637","BECv10","MSxv","MSxv/04","D3"
"13638","BECv10","MSxv","MSxv/04","C3"
"13639","BECv10","MSxv","MSxv/04","B3"
"13640","BECv10","MSxv","MSxv/05","D4"
"13641","BECv10","MSxv","MSxv/05","C4"
"13642","BECv10","MSxv","MSxv/05","B4"
"13643","BECv10","MSxv","MSxv/06","E5"
"13644","BECv10","MSxv","MSxv/06","D5"
"13645","BECv10","MSxv","MSxv/06","C5"
"13646","BECv10","MSxv","MSxv/07","B6"
"13647","BECv10","MSxv","MSxv/07","B5"
"13648","BECv10","MSxv","MSxv/08","E7"
"13649","BECv10","MSxv","MSxv/08","E6"
"13650","BECv10","MSxv","MSxv/08","D7"
"13651","BECv10","MSxv","MSxv/08","D6"
"13652","BECv10","MSxv","MSxv/08","C7"
"13653","BECv10","MSxv","MSxv/08","C6"
"13654","BECv10","MSxv","MSxv/08","B7"
"13655","BECv10","MSxv","MSxv/08","B6"
"13656","BECv10","MSxv","MSxv/09","B7"
"13657","BECv10","MSxv","MSxv/09","B6"
"13658","BECv10","MSxv","MSxv/09","A7"
"13659","BECv10","MSxv","MSxv/09","A6"
"13660","Add_2021","MSxv","MSxv/Ro","A0"
"13661","Add_2021","MSxv","MSxv/Ro","B0"
"13662","USA_2019","MSxx_NV","MSxx_NV/101","D4"
"13663","USA_2019","MSxx_NV","MSxx_NV/101","D3"
"13664","USA_2019","MSxx_NV","MSxx_NV/101","C4"
"13665","USA_2019","MSxx_NV","MSxx_NV/101","C3"
"13666","USA_2019","MSxx_NV","MSxx_NV/101","B4"
"13667","USA_2019","MSxx_NV","MSxx_NV/101","B3"
"13668","USA_2019","MSxx_NV","MSxx_NV/102","D1"
"13669","USA_2019","MSxx_NV","MSxx_NV/102","C1"
"13670","USA_2019","MSxx_NV","MSxx_NV/102","B1"
"13671","USA_2019","MSxx_NV","MSxx_NV/102","A1"
"13672","USA_2019","MSxx_NV","MSxx_NV/103","D2"
"13673","USA_2019","MSxx_NV","MSxx_NV/103","C2"
"13674","USA_2019","MSxx_NV","MSxx_NV/103","B2"
"13675","USA_2019","MSxx_NV","MSxx_NV/103","A2"
"13676","USA_2019","MSxx_NV","MSxx_NV/110","C5"
"13677","USA_2019","MSxx_NV","MSxx_NV/110","B5"
"13678","USA_2019","MSxx_NV","MSxx_NV/110","E5"
"13679","USA_2019","MSxx_NV","MSxx_NV/110","D5"
"13680","USA_2019","MSxx_NV","MSxx_NV/111","C6"
"13681","USA_2019","MSxx_NV","MSxx_NV/111","B6"
"13682","USA_2019","MSxx_NV","MSxx_NV/111","E6"
"13683","USA_2019","MSxx_NV","MSxx_NV/111","D6"
"13684","Add_2021","MSxx_NV","MSxx_NV/Ro","A0"
"13685","Add_2021","MSxx_NV","MSxx_NV/Ro","B0"
"13686","USA_2019","PPmx_WY","PPmx_WY/101","D4"
"13687","USA_2019","PPmx_WY","PPmx_WY/101","D3"
"13688","USA_2019","PPmx_WY","PPmx_WY/101","C4"
"13689","USA_2019","PPmx_WY","PPmx_WY/101","C3"
"13690","USA_2019","PPmx_WY","PPmx_WY/101","B4"
"13691","USA_2019","PPmx_WY","PPmx_WY/101","B3"
"13692","USA_2019","PPmx_WY","PPmx_WY/102","D2"
"13693","USA_2019","PPmx_WY","PPmx_WY/102","C2"
"13694","USA_2019","PPmx_WY","PPmx_WY/102","B2"
"13695","USA_2019","PPmx_WY","PPmx_WY/102","A2"
"13696","USA_2019","PPmx_WY","PPmx_WY/110","C5"
"13697","USA_2019","PPmx_WY","PPmx_WY/110","B5"
"13698","USA_2019","PPmx_WY","PPmx_WY/111","C6"
"13699","USA_2019","PPmx_WY","PPmx_WY/111","B6"
"13700","USA_2019","PPmx_WY","PPmx_WY/112","E5"
"13701","USA_2019","PPmx_WY","PPmx_WY/112","D5"
"13702","USA_2019","PPmx_WY","PPmx_WY/113","E6"
"13703","USA_2019","PPmx_WY","PPmx_WY/113","D6"
"13704","USA_2019","PPmx_WY","PPmx_WY/Gg","D1"
"13705","USA_2019","PPmx_WY","PPmx_WY/Gg","C1"
"13706","USA_2019","PPmx_WY","PPmx_WY/Gg","B1"
"13707","USA_2019","PPmx_WY","PPmx_WY/Gg","A1"
"13708","Add_2021","PPmx_WY","PPmx_WY/Ro","A0"
"13709","Add_2021","PPmx_WY","PPmx_WY/Ro","B0"
"13710","USA_2019","PPxh_CO","PPxh_CO/101","D4"
"13711","USA_2019","PPxh_CO","PPxh_CO/101","D3"
"13712","USA_2019","PPxh_CO","PPxh_CO/101","C4"
"13713","USA_2019","PPxh_CO","PPxh_CO/101","C3"
"13714","USA_2019","PPxh_CO","PPxh_CO/101","B4"
"13715","USA_2019","PPxh_CO","PPxh_CO/101","B3"
"13716","USA_2019","PPxh_CO","PPxh_CO/102","D2"
"13717","USA_2019","PPxh_CO","PPxh_CO/102","C2"
"13718","USA_2019","PPxh_CO","PPxh_CO/102","B2"
"13719","USA_2019","PPxh_CO","PPxh_CO/102","A2"
"13720","USA_2019","PPxh_CO","PPxh_CO/110","C5"
"13721","USA_2019","PPxh_CO","PPxh_CO/110","B5"
"13722","USA_2019","PPxh_CO","PPxh_CO/111","C6"
"13723","USA_2019","PPxh_CO","PPxh_CO/111","B6"
"13724","USA_2019","PPxh_CO","PPxh_CO/112","E5"
"13725","USA_2019","PPxh_CO","PPxh_CO/112","D5"
"13726","USA_2019","PPxh_CO","PPxh_CO/113","E6"
"13727","USA_2019","PPxh_CO","PPxh_CO/113","D6"
"13728","USA_2019","PPxh_CO","PPxh_CO/Gg","D1"
"13729","USA_2019","PPxh_CO","PPxh_CO/Gg","C1"
"13730","USA_2019","PPxh_CO","PPxh_CO/Gg","B1"
"13731","USA_2019","PPxh_CO","PPxh_CO/Gg","A1"
"13732","Add_2021","PPxh_CO","PPxh_CO/Ro","A0"
"13733","Add_2021","PPxh_CO","PPxh_CO/Ro","B0"
"13734","USA_2019","PPxh_WA","PPxh_WA/101","D4"
"13735","USA_2019","PPxh_WA","PPxh_WA/101","D3"
"13736","USA_2019","PPxh_WA","PPxh_WA/101","C4"
"13737","USA_2019","PPxh_WA","PPxh_WA/101","C3"
"13738","USA_2019","PPxh_WA","PPxh_WA/101","B4"
"13739","USA_2019","PPxh_WA","PPxh_WA/101","B3"
"13740","USA_2019","PPxh_WA","PPxh_WA/102","D2"
"13741","USA_2019","PPxh_WA","PPxh_WA/102","C2"
"13742","USA_2019","PPxh_WA","PPxh_WA/102","B2"
"13743","USA_2019","PPxh_WA","PPxh_WA/102","A2"
"13744","USA_2019","PPxh_WA","PPxh_WA/110","E5"
"13745","USA_2019","PPxh_WA","PPxh_WA/110","D5"
"13746","USA_2019","PPxh_WA","PPxh_WA/110","C5"
"13747","USA_2019","PPxh_WA","PPxh_WA/110","B5"
"13748","USA_2019","PPxh_WA","PPxh_WA/111","C6"
"13749","USA_2019","PPxh_WA","PPxh_WA/111","B6"
"13750","USA_2019","PPxh_WA","PPxh_WA/113","E6"
"13751","USA_2019","PPxh_WA","PPxh_WA/113","D6"
"13752","USA_2019","PPxh_WA","PPxh_WA/Gg","D1"
"13753","USA_2019","PPxh_WA","PPxh_WA/Gg","C1"
"13754","USA_2019","PPxh_WA","PPxh_WA/Gg","B1"
"13755","USA_2019","PPxh_WA","PPxh_WA/Gg","A1"
"13756","Add_2021","PPxh_WA","PPxh_WA/Ro","A0"
"13757","Add_2021","PPxh_WA","PPxh_WA/Ro","B0"
"13758","BECv12","PPxh1","PPxh1/101","D4"
"13759","BECv12","PPxh1","PPxh1/101","D3"
"13760","BECv12","PPxh1","PPxh1/101","C4"
"13761","BECv12","PPxh1","PPxh1/101","C3"
"13762","BECv12","PPxh1","PPxh1/101","B4"
"13763","BECv12","PPxh1","PPxh1/102","B1"
"13764","BECv12","PPxh1","PPxh1/102","B0"
"13765","BECv12","PPxh1","PPxh1/102","A2"
"13766","BECv12","PPxh1","PPxh1/102","A1"
"13767","BECv12","PPxh1","PPxh1/102","A0"
"13768","BECv12","PPxh1","PPxh1/103","B2"
"13769","BECv12","PPxh1","PPxh1/103","B1"
"13770","BECv12","PPxh1","PPxh1/104","C3"
"13771","BECv12","PPxh1","PPxh1/104","C2"
"13772","BECv12","PPxh1","PPxh1/104","B3"
"13773","BECv12","PPxh1","PPxh1/104","B2"
"13774","BECv12","PPxh1","PPxh1/110","D4"
"13775","BECv12","PPxh1","PPxh1/110","D3"
"13776","BECv12","PPxh1","PPxh1/110","C4"
"13777","BECv12","PPxh1","PPxh1/110","C3"
"13778","BECv12","PPxh1","PPxh1/111","D5"
"13779","BECv12","PPxh1","PPxh1/111","D4"
"13780","BECv12","PPxh1","PPxh1/111","C5"
"13781","BECv12","PPxh1","PPxh1/111","C4"
"13782","BECv12","PPxh1","PPxh1/Fm01","E6"
"13783","BECv12","PPxh1","PPxh1/Fm01","E5"
"13784","BECv12","PPxh1","PPxh1/Fm01","D6"
"13785","BECv12","PPxh1","PPxh1/Fm05","E6"
"13786","BECv12","PPxh1","PPxh1/Fm05","E5"
"13787","BECv12","PPxh1","PPxh1/Fm05","D6"
"13788","BECv12","PPxh1","PPxh1/Fm06","E6"
"13789","BECv12","PPxh1","PPxh1/Fm06","E5"
"13790","BECv12","PPxh1","PPxh1/Fm06","D6"
"13791","BECv10","PPxh1","PPxh1/Gg","E4"
"13792","BECv10","PPxh1","PPxh1/Gg","E3"
"13793","BECv10","PPxh1","PPxh1/Gg","D4"
"13794","BECv10","PPxh1","PPxh1/Gg","D3"
"13795","BECv10","PPxh1","PPxh1/Gg","D2"
"13796","BECv10","PPxh1","PPxh1/Gg","C4"
"13797","BECv10","PPxh1","PPxh1/Gg","C3"
"13798","BECv10","PPxh1","PPxh1/Gg","C2"
"13799","BECv10","PPxh1","PPxh1/Gg","B3"
"13800","BECv10","PPxh1","PPxh1/Gg","B2"
"13801","BECv10","PPxh1","PPxh1/Gs","B3"
"13802","BECv10","PPxh1","PPxh1/Gs","B2"
"13803","BECv10","PPxh1","PPxh1/Gs","B1"
"13804","BECv10","PPxh1","PPxh1/Gs","A3"
"13805","BECv10","PPxh1","PPxh1/Gs","A2"
"13806","BECv10","PPxh1","PPxh1/Gs","A1"
"13807","BECv12","PPxh1","PPxh1/Ro","A0"
"13808","BECv12","PPxh1","PPxh1/Ro","B0"
"13809","BECv12","PPxh2","PPxh2/101","D4"
"13810","BECv12","PPxh2","PPxh2/101","D3"
"13811","BECv12","PPxh2","PPxh2/101","C4"
"13812","BECv12","PPxh2","PPxh2/101","C3"
"13813","BECv12","PPxh2","PPxh2/101","B4"
"13814","BECv12","PPxh2","PPxh2/101","B3"
"13815","BECv12","PPxh2","PPxh2/102","B1"
"13816","BECv12","PPxh2","PPxh2/102","B0"
"13817","BECv12","PPxh2","PPxh2/102","A1"
"13818","BECv12","PPxh2","PPxh2/102","A0"
"13819","BECv12","PPxh2","PPxh2/103","C3"
"13820","BECv12","PPxh2","PPxh2/103","C2"
"13821","BECv12","PPxh2","PPxh2/103","B3"
"13822","BECv12","PPxh2","PPxh2/103","B2"
"13823","BECv12","PPxh2","PPxh2/110","D4"
"13824","BECv12","PPxh2","PPxh2/110","C5"
"13825","BECv12","PPxh2","PPxh2/110","C4"
"13826","BECv12","PPxh2","PPxh2/110.1","D4"
"13827","BECv12","PPxh2","PPxh2/110.1","C5"
"13828","BECv12","PPxh2","PPxh2/110.1","C4"
"13829","BECv12","PPxh2","PPxh2/110.2","D4"
"13830","BECv12","PPxh2","PPxh2/110.2","C5"
"13831","BECv12","PPxh2","PPxh2/110.2","C4"
"13832","BECv12","PPxh2","PPxh2/111","E5"
"13833","BECv12","PPxh2","PPxh2/111","D5"
"13834","BECv12","PPxh2","PPxh2/111","C5"
"13835","BECv12","PPxh2","PPxh2/Fm01","E6"
"13836","BECv12","PPxh2","PPxh2/Fm01","E5"
"13837","BECv12","PPxh2","PPxh2/Fm01","D6"
"13838","BECv12","PPxh2","PPxh2/Fm05","D6"
"13839","BECv12","PPxh2","PPxh2/Fm05","E6"
"13840","BECv12","PPxh2","PPxh2/Fm05","E5"
"13841","BECv10","PPxh2","PPxh2/Gg","E4"
"13842","BECv10","PPxh2","PPxh2/Gg","E3"
"13843","BECv10","PPxh2","PPxh2/Gg","D4"
"13844","BECv10","PPxh2","PPxh2/Gg","D3"
"13845","BECv10","PPxh2","PPxh2/Gg","D2"
"13846","BECv10","PPxh2","PPxh2/Gg","D1"
"13847","BECv10","PPxh2","PPxh2/Gg","C4"
"13848","BECv10","PPxh2","PPxh2/Gg","C3"
"13849","BECv10","PPxh2","PPxh2/Gg","C2"
"13850","BECv10","PPxh2","PPxh2/Gg","C1"
"13851","BECv10","PPxh2","PPxh2/Gg","B3"
"13852","BECv10","PPxh2","PPxh2/Gg","B2"
"13853","BECv10","PPxh2","PPxh2/Gg","B1"
"13854","USA_2019","PPxk_OR","PPxk_OR/101","D4"
"13855","USA_2019","PPxk_OR","PPxk_OR/101","D3"
"13856","USA_2019","PPxk_OR","PPxk_OR/101","C4"
"13857","USA_2019","PPxk_OR","PPxk_OR/101","C3"
"13858","USA_2019","PPxk_OR","PPxk_OR/101","B4"
"13859","USA_2019","PPxk_OR","PPxk_OR/101","B3"
"13860","USA_2019","PPxk_OR","PPxk_OR/102","D2"
"13861","USA_2019","PPxk_OR","PPxk_OR/102","C2"
"13862","USA_2019","PPxk_OR","PPxk_OR/102","B2"
"13863","USA_2019","PPxk_OR","PPxk_OR/102","A2"
"13864","USA_2019","PPxk_OR","PPxk_OR/110","E5"
"13865","USA_2019","PPxk_OR","PPxk_OR/110","D5"
"13866","USA_2019","PPxk_OR","PPxk_OR/110","C5"
"13867","USA_2019","PPxk_OR","PPxk_OR/110","B5"
"13868","USA_2019","PPxk_OR","PPxk_OR/111","C6"
"13869","USA_2019","PPxk_OR","PPxk_OR/111","B6"
"13870","USA_2019","PPxk_OR","PPxk_OR/113","E6"
"13871","USA_2019","PPxk_OR","PPxk_OR/113","D6"
"13872","USA_2019","PPxk_OR","PPxk_OR/Gg","D1"
"13873","USA_2019","PPxk_OR","PPxk_OR/Gg","C1"
"13874","USA_2019","PPxk_OR","PPxk_OR/Gg","B1"
"13875","USA_2019","PPxk_OR","PPxk_OR/Gg","A1"
"13876","Add_2021","PPxk_OR","PPxk_OR/Ro","A0"
"13877","Add_2021","PPxk_OR","PPxk_OR/Ro","B0"
"13878","USA_2019","PPxm_OR","PPxm_OR/101","D4"
"13879","USA_2019","PPxm_OR","PPxm_OR/101","D3"
"13880","USA_2019","PPxm_OR","PPxm_OR/101","C4"
"13881","USA_2019","PPxm_OR","PPxm_OR/101","C3"
"13882","USA_2019","PPxm_OR","PPxm_OR/101","B4"
"13883","USA_2019","PPxm_OR","PPxm_OR/101","B3"
"13884","USA_2019","PPxm_OR","PPxm_OR/110","C5"
"13885","USA_2019","PPxm_OR","PPxm_OR/110","B5"
"13886","USA_2019","PPxm_OR","PPxm_OR/111","C6"
"13887","USA_2019","PPxm_OR","PPxm_OR/111","B6"
"13888","USA_2019","PPxm_OR","PPxm_OR/112","E5"
"13889","USA_2019","PPxm_OR","PPxm_OR/112","D5"
"13890","USA_2019","PPxm_OR","PPxm_OR/113","E6"
"13891","USA_2019","PPxm_OR","PPxm_OR/113","D6"
"13892","USA_2019","PPxm_OR","PPxm_OR/Gg","D2"
"13893","USA_2019","PPxm_OR","PPxm_OR/Gg","D1"
"13894","USA_2019","PPxm_OR","PPxm_OR/Gg","C2"
"13895","USA_2019","PPxm_OR","PPxm_OR/Gg","C1"
"13896","USA_2019","PPxm_OR","PPxm_OR/Gg","B2"
"13897","USA_2019","PPxm_OR","PPxm_OR/Gg","B1"
"13898","USA_2019","PPxm_OR","PPxm_OR/Gg","A2"
"13899","USA_2019","PPxm_OR","PPxm_OR/Gg","A1"
"13900","Add_2021","PPxm_OR","PPxm_OR/Ro","A0"
"13901","Add_2021","PPxm_OR","PPxm_OR/Ro","B0"
"13902","USA_2019","PPxw_MT","PPxw_MT/101","D4"
"13903","USA_2019","PPxw_MT","PPxw_MT/101","D3"
"13904","USA_2019","PPxw_MT","PPxw_MT/101","C4"
"13905","USA_2019","PPxw_MT","PPxw_MT/101","C3"
"13906","USA_2019","PPxw_MT","PPxw_MT/101","B4"
"13907","USA_2019","PPxw_MT","PPxw_MT/101","B3"
"13908","USA_2019","PPxw_MT","PPxw_MT/102","D2"
"13909","USA_2019","PPxw_MT","PPxw_MT/102","C2"
"13910","USA_2019","PPxw_MT","PPxw_MT/102","B2"
"13911","USA_2019","PPxw_MT","PPxw_MT/102","A2"
"13912","USA_2019","PPxw_MT","PPxw_MT/110","E5"
"13913","USA_2019","PPxw_MT","PPxw_MT/110","D5"
"13914","USA_2019","PPxw_MT","PPxw_MT/110","C5"
"13915","USA_2019","PPxw_MT","PPxw_MT/110","B5"
"13916","USA_2019","PPxw_MT","PPxw_MT/111","C6"
"13917","USA_2019","PPxw_MT","PPxw_MT/111","B6"
"13918","USA_2019","PPxw_MT","PPxw_MT/113","E6"
"13919","USA_2019","PPxw_MT","PPxw_MT/113","D6"
"13920","USA_2019","PPxw_MT","PPxw_MT/Gg","D1"
"13921","USA_2019","PPxw_MT","PPxw_MT/Gg","C1"
"13922","USA_2019","PPxw_MT","PPxw_MT/Gg","B1"
"13923","USA_2019","PPxw_MT","PPxw_MT/Gg","A1"
"13924","Add_2021","PPxw_MT","PPxw_MT/Ro","A0"
"13925","Add_2021","PPxw_MT","PPxw_MT/Ro","B0"
"13926","USA_2020","PPxw_WY","PPxw_WY/101","D4"
"13927","USA_2020","PPxw_WY","PPxw_WY/101","D3"
"13928","USA_2020","PPxw_WY","PPxw_WY/101","C4"
"13929","USA_2020","PPxw_WY","PPxw_WY/101","C3"
"13930","USA_2020","PPxw_WY","PPxw_WY/101","B4"
"13931","USA_2020","PPxw_WY","PPxw_WY/101","B3"
"13932","USA_2020","PPxw_WY","PPxw_WY/102","D2"
"13933","USA_2020","PPxw_WY","PPxw_WY/102","C2"
"13934","USA_2020","PPxw_WY","PPxw_WY/102","B2"
"13935","USA_2020","PPxw_WY","PPxw_WY/102","A2"
"13936","USA_2020","PPxw_WY","PPxw_WY/110","E5"
"13937","USA_2020","PPxw_WY","PPxw_WY/110","D5"
"13938","USA_2020","PPxw_WY","PPxw_WY/110","C5"
"13939","USA_2020","PPxw_WY","PPxw_WY/110","B5"
"13940","USA_2020","PPxw_WY","PPxw_WY/111","C6"
"13941","USA_2020","PPxw_WY","PPxw_WY/111","B6"
"13942","USA_2020","PPxw_WY","PPxw_WY/113","E6"
"13943","USA_2020","PPxw_WY","PPxw_WY/113","D6"
"13944","USA_2020","PPxw_WY","PPxw_WY/Gg","D1"
"13945","USA_2020","PPxw_WY","PPxw_WY/Gg","C1"
"13946","USA_2020","PPxw_WY","PPxw_WY/Gg","B1"
"13947","USA_2020","PPxw_WY","PPxw_WY/Gg","A1"
"13948","Add_2021","PPxw_WY","PPxw_WY/Ro","A0"
"13949","Add_2021","PPxw_WY","PPxw_WY/Ro","B0"
"13950","USA_2019","PPxx_OR","PPxx_OR/101","D4"
"13951","USA_2019","PPxx_OR","PPxx_OR/101","D3"
"13952","USA_2019","PPxx_OR","PPxx_OR/101","C4"
"13953","USA_2019","PPxx_OR","PPxx_OR/101","C3"
"13954","USA_2019","PPxx_OR","PPxx_OR/101","B4"
"13955","USA_2019","PPxx_OR","PPxx_OR/101","B3"
"13956","USA_2019","PPxx_OR","PPxx_OR/102","D2"
"13957","USA_2019","PPxx_OR","PPxx_OR/102","C2"
"13958","USA_2019","PPxx_OR","PPxx_OR/102","B2"
"13959","USA_2019","PPxx_OR","PPxx_OR/102","A2"
"13960","USA_2019","PPxx_OR","PPxx_OR/110","E5"
"13961","USA_2019","PPxx_OR","PPxx_OR/110","D5"
"13962","USA_2019","PPxx_OR","PPxx_OR/110","C5"
"13963","USA_2019","PPxx_OR","PPxx_OR/110","B5"
"13964","USA_2019","PPxx_OR","PPxx_OR/111","C6"
"13965","USA_2019","PPxx_OR","PPxx_OR/111","B6"
"13966","USA_2019","PPxx_OR","PPxx_OR/113","E6"
"13967","USA_2019","PPxx_OR","PPxx_OR/113","D6"
"13968","USA_2019","PPxx_OR","PPxx_OR/Gg","D1"
"13969","USA_2019","PPxx_OR","PPxx_OR/Gg","C1"
"13970","USA_2019","PPxx_OR","PPxx_OR/Gg","B1"
"13971","USA_2019","PPxx_OR","PPxx_OR/Gg","A1"
"13972","Add_2021","PPxx_OR","PPxx_OR/Ro","A0"
"13973","Add_2021","PPxx_OR","PPxx_OR/Ro","B0"
"13974","AB_2018","SASbo","SASbo/a","C2"
"13975","AB_2018","SASbo","SASbo/a","B3"
"13976","AB_2018","SASbo","SASbo/a","B2"
"13977","AB_2018","SASbo","SASbo/a","B1"
"13978","AB_2018","SASbo","SASbo/a","A2"
"13979","AB_2018","SASbo","SASbo/b","D5"
"13980","AB_2018","SASbo","SASbo/b","D4"
"13981","AB_2018","SASbo","SASbo/b","D3"
"13982","AB_2018","SASbo","SASbo/b","C5"
"13983","AB_2018","SASbo","SASbo/b","C4"
"13984","AB_2018","SASbo","SASbo/b","C3"
"13985","AB_2018","SASbo","SASbo/c","C5"
"13986","AB_2018","SASbo","SASbo/c","C4"
"13987","AB_2018","SASbo","SASbo/c","B5"
"13988","AB_2018","SASbo","SASbo/c","B4"
"13989","AB_2018","SASbo","SASbo/c","B3"
"13990","AB_2018","SASbo","SASbo/c","A4"
"13991","AB_2018","SASbo","SASbo/d","E6"
"13992","AB_2018","SASbo","SASbo/d","E5"
"13993","AB_2018","SASbo","SASbo/d","D6"
"13994","AB_2018","SASbo","SASbo/d","D5"
"13995","AB_2018","SASbo","SASbo/d","C6"
"13996","AB_2018","SASbo","SASbo/d","C5"
"13997","AB_2018","SASbo","SASbo/e","C6"
"13998","AB_2018","SASbo","SASbo/e","C5"
"13999","AB_2018","SASbo","SASbo/e","B7"
"14000","AB_2018","SASbo","SASbo/e","B6"
"14001","AB_2018","SASbo","SASbo/e","B5"
"14002","AB_2018","SASbo","SASbo/e","A6"
"14003","AB_2018","SASbo","SASbo/e","A5"
"14004","AB_2018","SASbo","SASbo/f","B7"
"14005","AB_2018","SASbo","SASbo/f","B6"
"14006","AB_2018","SASbo","SASbo/f","A7"
"14007","AB_2018","SASbo","SASbo/f","A6"
"14008","AB_2018","SASbo","SASbo/g","C7"
"14009","AB_2018","SASbo","SASbo/g","C6"
"14010","AB_2018","SASbo","SASbo/g","B7"
"14011","AB_2018","SASbo","SASbo/g","B6"
"14012","AB_2018","SASbo","SASbo/h","E7"
"14013","AB_2018","SASbo","SASbo/h","E6"
"14014","AB_2018","SASbo","SASbo/h","D7"
"14015","AB_2018","SASbo","SASbo/h","D6"
"14016","AB_2018","SASbo","SASbo/h","C7"
"14017","Add_2021","SASbo","SASbo/Ro","A0"
"14018","Add_2021","SASbo","SASbo/Ro","B0"
"14019","ABv12","SBAPcp","SBAPcp/a","B2"
"14020","ABv12","SBAPcp","SBAPcp/a","B1"
"14021","ABv12","SBAPcp","SBAPcp/a","A2"
"14022","ABv12","SBAPcp","SBAPcp/a","A1"
"14023","ABv12","SBAPcp","SBAPcp/b","C3"
"14024","ABv12","SBAPcp","SBAPcp/b","C2"
"14025","ABv12","SBAPcp","SBAPcp/b","B3"
"14026","ABv12","SBAPcp","SBAPcp/b","B2"
"14027","ABv12","SBAPcp","SBAPcp/c","B5"
"14028","ABv12","SBAPcp","SBAPcp/c","B4"
"14029","ABv12","SBAPcp","SBAPcp/c","B3"
"14030","ABv12","SBAPcp","SBAPcp/c","A4"
"14031","ABv12","SBAPcp","SBAPcp/c","A3"
"14032","ABv12","SBAPcp","SBAPcp/d","D4"
"14033","ABv12","SBAPcp","SBAPcp/d","C5"
"14034","ABv12","SBAPcp","SBAPcp/d","C4"
"14035","ABv12","SBAPcp","SBAPcp/d","C3"
"14036","ABv12","SBAPcp","SBAPcp/d","B4"
"14037","ABv12","SBAPcp","SBAPcp/e","D6"
"14038","ABv12","SBAPcp","SBAPcp/e","D5"
"14039","ABv12","SBAPcp","SBAPcp/e","D4"
"14040","ABv12","SBAPcp","SBAPcp/e","C5"
"14041","ABv12","SBAPcp","SBAPcp/f","E6"
"14042","ABv12","SBAPcp","SBAPcp/f","E5"
"14043","ABv12","SBAPcp","SBAPcp/f","D6"
"14044","ABv12","SBAPcp","SBAPcp/f","D5"
"14045","ABv12","SBAPcp","SBAPcp/g","C6"
"14046","ABv12","SBAPcp","SBAPcp/g","C5"
"14047","ABv12","SBAPcp","SBAPcp/g","B6"
"14048","ABv12","SBAPcp","SBAPcp/g","B5"
"14049","ABv12","SBAPcp","SBAPcp/g","A6"
"14050","ABv12","SBAPcp","SBAPcp/g","A5"
"14051","ABv12","SBAPcp","SBAPcp/h","D6"
"14052","ABv12","SBAPcp","SBAPcp/h","D5"
"14053","ABv12","SBAPcp","SBAPcp/h","C6"
"14054","ABv12","SBAPcp","SBAPcp/h","C5"
"14055","ABv12","SBAPcp","SBAPcp/i","B7"
"14056","ABv12","SBAPcp","SBAPcp/i","B6"
"14057","ABv12","SBAPcp","SBAPcp/i","A7"
"14058","ABv12","SBAPcp","SBAPcp/i","A6"
"14059","ABv12","SBAPcp","SBAPcp/j","C7"
"14060","ABv12","SBAPcp","SBAPcp/j","C6"
"14061","ABv12","SBAPcp","SBAPcp/j","B7"
"14062","ABv12","SBAPcp","SBAPcp/j","B6"
"14063","ABv12","SBAPcp","SBAPcp/k","E7"
"14064","ABv12","SBAPcp","SBAPcp/k","D7"
"14065","ABv12","SBAPcp","SBAPcp/k","D6"
"14066","ABv12","SBAPcp","SBAPcp/k","C7"
"14067","Add_2021","SBAPcp","SBAPcp/Ro","A0"
"14068","Add_2021","SBAPcp","SBAPcp/Ro","B0"
"14069","AB_2018","SBAPfp","SBAPfp/d","E2"
"14070","AB_2018","SBAPfp","SBAPfp/d","E1"
"14071","AB_2018","SBAPfp","SBAPfp/d","E0"
"14072","AB_2018","SBAPfp","SBAPfp/d","D2"
"14073","AB_2018","SBAPfp","SBAPfp/d","D1"
"14074","AB_2018","SBAPfp","SBAPfp/d","D0"
"14075","AB_2018","SBAPfp","SBAPfp/d","C2"
"14076","AB_2018","SBAPfp","SBAPfp/d","C1"
"14077","AB_2018","SBAPfp","SBAPfp/d","C0"
"14078","AB_2018","SBAPfp","SBAPfp/d","B2"
"14079","AB_2018","SBAPfp","SBAPfp/d","B1"
"14080","AB_2018","SBAPfp","SBAPfp/d","B0"
"14081","AB_2018","SBAPfp","SBAPfp/d","A2"
"14082","AB_2018","SBAPfp","SBAPfp/d","A1"
"14083","AB_2018","SBAPfp","SBAPfp/d","A0"
"14084","AB_2018","SBAPfp","SBAPfp/h","E7"
"14085","AB_2018","SBAPfp","SBAPfp/h","E6"
"14086","AB_2018","SBAPfp","SBAPfp/h","E5"
"14087","AB_2018","SBAPfp","SBAPfp/h","D7"
"14088","AB_2018","SBAPfp","SBAPfp/h","D6"
"14089","AB_2018","SBAPfp","SBAPfp/h","D5"
"14090","AB_2018","SBAPfp","SBAPfp/h","C7"
"14091","AB_2018","SBAPfp","SBAPfp/h","C6"
"14092","AB_2018","SBAPfp","SBAPfp/h","C5"
"14093","AB_2018","SBAPfp","SBAPfp/h","B7"
"14094","AB_2018","SBAPfp","SBAPfp/h","B6"
"14095","AB_2018","SBAPfp","SBAPfp/h","B5"
"14096","AB_2018","SBAPfp","SBAPfp/h","A7"
"14097","AB_2018","SBAPfp","SBAPfp/h","A6"
"14098","AB_2018","SBAPfp","SBAPfp/h","A5"
"14099","AB_2018","SBAPfp","SBAPfp/m","E4"
"14100","AB_2018","SBAPfp","SBAPfp/m","E3"
"14101","AB_2018","SBAPfp","SBAPfp/m","D4"
"14102","AB_2018","SBAPfp","SBAPfp/m","D3"
"14103","AB_2018","SBAPfp","SBAPfp/m","C4"
"14104","AB_2018","SBAPfp","SBAPfp/m","C3"
"14105","AB_2018","SBAPfp","SBAPfp/m","B4"
"14106","AB_2018","SBAPfp","SBAPfp/m","B3"
"14107","AB_2018","SBAPfp","SBAPfp/m","A4"
"14108","AB_2018","SBAPfp","SBAPfp/m","A3"
"14109","BECv10","SBPSdc","SBPSdc/01","D4"
"14110","BECv10","SBPSdc","SBPSdc/01","C4"
"14111","BECv10","SBPSdc","SBPSdc/01","B4"
"14112","BECv10","SBPSdc","SBPSdc/02","D2"
"14113","BECv10","SBPSdc","SBPSdc/02","D1"
"14114","BECv10","SBPSdc","SBPSdc/02","C2"
"14115","BECv10","SBPSdc","SBPSdc/02","C1"
"14116","BECv10","SBPSdc","SBPSdc/02","B2"
"14117","BECv10","SBPSdc","SBPSdc/02","B1"
"14118","BECv10","SBPSdc","SBPSdc/02","A2"
"14119","BECv10","SBPSdc","SBPSdc/02","A1"
"14120","BECv10","SBPSdc","SBPSdc/02a","D2"
"14121","BECv10","SBPSdc","SBPSdc/02a","D1"
"14122","BECv10","SBPSdc","SBPSdc/02a","C2"
"14123","BECv10","SBPSdc","SBPSdc/02a","C1"
"14124","BECv10","SBPSdc","SBPSdc/02a","B2"
"14125","BECv10","SBPSdc","SBPSdc/02a","B1"
"14126","BECv10","SBPSdc","SBPSdc/02a","A2"
"14127","BECv10","SBPSdc","SBPSdc/02a","A1"
"14128","BECv10","SBPSdc","SBPSdc/02b","D1"
"14129","BECv10","SBPSdc","SBPSdc/02b","C1"
"14130","BECv10","SBPSdc","SBPSdc/02b","B2"
"14131","BECv10","SBPSdc","SBPSdc/02b","B1"
"14132","BECv10","SBPSdc","SBPSdc/02b","A2"
"14133","BECv10","SBPSdc","SBPSdc/02b","A1"
"14134","BECv10","SBPSdc","SBPSdc/03","D3"
"14135","BECv10","SBPSdc","SBPSdc/03","C3"
"14136","BECv10","SBPSdc","SBPSdc/03","C2"
"14137","BECv10","SBPSdc","SBPSdc/03","B3"
"14138","BECv10","SBPSdc","SBPSdc/03","B2"
"14139","BECv10","SBPSdc","SBPSdc/03","A3"
"14140","BECv10","SBPSdc","SBPSdc/03","A2"
"14141","BECv10","SBPSdc","SBPSdc/03a","D3"
"14142","BECv10","SBPSdc","SBPSdc/03a","C3"
"14143","BECv10","SBPSdc","SBPSdc/03a","C2"
"14144","BECv10","SBPSdc","SBPSdc/03a","B3"
"14145","BECv10","SBPSdc","SBPSdc/03a","B2"
"14146","BECv10","SBPSdc","SBPSdc/03a","A3"
"14147","BECv10","SBPSdc","SBPSdc/03a","A2"
"14148","BECv10","SBPSdc","SBPSdc/03b","C3"
"14149","BECv10","SBPSdc","SBPSdc/03b","C2"
"14150","BECv10","SBPSdc","SBPSdc/03b","B2"
"14151","BECv10","SBPSdc","SBPSdc/03b","A2"
"14152","BECv10","SBPSdc","SBPSdc/04","B5"
"14153","BECv10","SBPSdc","SBPSdc/04","B4"
"14154","BECv10","SBPSdc","SBPSdc/05","D5"
"14155","BECv10","SBPSdc","SBPSdc/05","C5"
"14156","BECv10","SBPSdc","SBPSdc/06","E6"
"14157","BECv10","SBPSdc","SBPSdc/06","E5"
"14158","BECv10","SBPSdc","SBPSdc/06","D6"
"14159","BECv10","SBPSdc","SBPSdc/06","D5"
"14160","BECv10","SBPSdc","SBPSdc/06","C6"
"14161","BECv10","SBPSdc","SBPSdc/06","C5"
"14162","BECv10","SBPSdc","SBPSdc/07","B7"
"14163","BECv10","SBPSdc","SBPSdc/07","B6"
"14164","BECv10","SBPSdc","SBPSdc/08","D7"
"14165","BECv10","SBPSdc","SBPSdc/08","D6"
"14166","BECv10","SBPSdc","SBPSdc/08","C7"
"14167","BECv10","SBPSdc","SBPSdc/08","C6"
"14168","Add_2021","SBPSdc","SBPSdc/Ro","A0"
"14169","Add_2021","SBPSdc","SBPSdc/Ro","B0"
"14170","BECv10","SBPSmc","SBPSmc/01","C5"
"14171","BECv10","SBPSmc","SBPSmc/01","C4"
"14172","BECv10","SBPSmc","SBPSmc/01","C3"
"14173","BECv10","SBPSmc","SBPSmc/01","B4"
"14174","BECv10","SBPSmc","SBPSmc/01","B3"
"14175","BECv10","SBPSmc","SBPSmc/01a","C5"
"14176","BECv10","SBPSmc","SBPSmc/01a","C4"
"14177","BECv10","SBPSmc","SBPSmc/01a","B4"
"14178","BECv10","SBPSmc","SBPSmc/01b","C3"
"14179","BECv10","SBPSmc","SBPSmc/01b","B3"
"14180","BECv10","SBPSmc","SBPSmc/02","B2"
"14181","BECv10","SBPSmc","SBPSmc/02","B1"
"14182","BECv10","SBPSmc","SBPSmc/02","A2"
"14183","BECv10","SBPSmc","SBPSmc/02","A1"
"14184","BECv10","SBPSmc","SBPSmc/03","B4"
"14185","BECv10","SBPSmc","SBPSmc/03","B3"
"14186","BECv10","SBPSmc","SBPSmc/03","A4"
"14187","BECv10","SBPSmc","SBPSmc/03","A3"
"14188","BECv10","SBPSmc","SBPSmc/04","B6"
"14189","BECv10","SBPSmc","SBPSmc/04","B5"
"14190","BECv10","SBPSmc","SBPSmc/04","A6"
"14191","BECv10","SBPSmc","SBPSmc/04","A5"
"14192","BECv10","SBPSmc","SBPSmc/05","E6"
"14193","BECv10","SBPSmc","SBPSmc/05","E5"
"14194","BECv10","SBPSmc","SBPSmc/05","D6"
"14195","BECv10","SBPSmc","SBPSmc/05","D5"
"14196","BECv10","SBPSmc","SBPSmc/05","C6"
"14197","BECv10","SBPSmc","SBPSmc/05","C5"
"14198","BECv10","SBPSmc","SBPSmc/06","E7"
"14199","BECv10","SBPSmc","SBPSmc/06","E6"
"14200","BECv10","SBPSmc","SBPSmc/06","D7"
"14201","BECv10","SBPSmc","SBPSmc/06","D6"
"14202","BECv10","SBPSmc","SBPSmc/06","C7"
"14203","BECv10","SBPSmc","SBPSmc/06","C6"
"14204","BECv10","SBPSmc","SBPSmc/07","B7"
"14205","BECv10","SBPSmc","SBPSmc/07","A7"
"14206","Add_2021","SBPSmc","SBPSmc/Ro","A0"
"14207","Add_2021","SBPSmc","SBPSmc/Ro","B0"
"14208","BECv10","SBPSmk","SBPSmk/01","D4"
"14209","BECv10","SBPSmk","SBPSmk/01","D3"
"14210","BECv10","SBPSmk","SBPSmk/01","C4"
"14211","BECv10","SBPSmk","SBPSmk/01","C3"
"14212","BECv10","SBPSmk","SBPSmk/01","B5"
"14213","BECv10","SBPSmk","SBPSmk/01","B4"
"14214","BECv10","SBPSmk","SBPSmk/02","D1"
"14215","BECv10","SBPSmk","SBPSmk/02","C1"
"14216","BECv10","SBPSmk","SBPSmk/02","B1"
"14217","BECv10","SBPSmk","SBPSmk/02","A1"
"14218","BECv10","SBPSmk","SBPSmk/03","D2"
"14219","BECv10","SBPSmk","SBPSmk/03","D1"
"14220","BECv10","SBPSmk","SBPSmk/03","C2"
"14221","BECv10","SBPSmk","SBPSmk/03","C1"
"14222","BECv10","SBPSmk","SBPSmk/03","B2"
"14223","BECv10","SBPSmk","SBPSmk/03","B1"
"14224","BECv10","SBPSmk","SBPSmk/04","D3"
"14225","BECv10","SBPSmk","SBPSmk/04","D2"
"14226","BECv10","SBPSmk","SBPSmk/04","C3"
"14227","BECv10","SBPSmk","SBPSmk/04","C2"
"14228","BECv10","SBPSmk","SBPSmk/04","B4"
"14229","BECv10","SBPSmk","SBPSmk/04","B3"
"14230","BECv10","SBPSmk","SBPSmk/04","B2"
"14231","BECv10","SBPSmk","SBPSmk/04a","D3"
"14232","BECv10","SBPSmk","SBPSmk/04a","D2"
"14233","BECv10","SBPSmk","SBPSmk/04a","C3"
"14234","BECv10","SBPSmk","SBPSmk/04a","C2"
"14235","BECv10","SBPSmk","SBPSmk/04a","B4"
"14236","BECv10","SBPSmk","SBPSmk/04a","B3"
"14237","BECv10","SBPSmk","SBPSmk/04a","B2"
"14238","BECv10","SBPSmk","SBPSmk/04b","D3"
"14239","BECv10","SBPSmk","SBPSmk/04b","D2"
"14240","BECv10","SBPSmk","SBPSmk/04b","C3"
"14241","BECv10","SBPSmk","SBPSmk/04b","C2"
"14242","BECv10","SBPSmk","SBPSmk/04b","B4"
"14243","BECv10","SBPSmk","SBPSmk/04b","B3"
"14244","BECv10","SBPSmk","SBPSmk/04b","B2"
"14245","BECv10","SBPSmk","SBPSmk/05","D3"
"14246","BECv10","SBPSmk","SBPSmk/05","C3"
"14247","BECv10","SBPSmk","SBPSmk/06","E5"
"14248","BECv10","SBPSmk","SBPSmk/06","D5"
"14249","BECv10","SBPSmk","SBPSmk/06","C5"
"14250","BECv10","SBPSmk","SBPSmk/06","B5"
"14251","BECv10","SBPSmk","SBPSmk/07","E6"
"14252","BECv10","SBPSmk","SBPSmk/07","D6"
"14253","BECv10","SBPSmk","SBPSmk/07","C6"
"14254","BECv10","SBPSmk","SBPSmk/07","B6"
"14255","BECv10","SBPSmk","SBPSmk/08","C7"
"14256","BECv10","SBPSmk","SBPSmk/08","B7"
"14257","Add_2021","SBPSmk","SBPSmk/Ro","A0"
"14258","Add_2021","SBPSmk","SBPSmk/Ro","B0"
"14259","BECv10","SBPSxc","SBPSxc/01","D4"
"14260","BECv10","SBPSxc","SBPSxc/01","D3"
"14261","BECv10","SBPSxc","SBPSxc/01","C4"
"14262","BECv10","SBPSxc","SBPSxc/01","C3"
"14263","BECv10","SBPSxc","SBPSxc/01","B4"
"14264","BECv10","SBPSxc","SBPSxc/01","B3"
"14265","BECv10","SBPSxc","SBPSxc/02","D2"
"14266","BECv10","SBPSxc","SBPSxc/02","D1"
"14267","BECv10","SBPSxc","SBPSxc/02","C3"
"14268","BECv10","SBPSxc","SBPSxc/02","C2"
"14269","BECv10","SBPSxc","SBPSxc/02","C1"
"14270","BECv10","SBPSxc","SBPSxc/02","B3"
"14271","BECv10","SBPSxc","SBPSxc/02","B2"
"14272","BECv10","SBPSxc","SBPSxc/02","B1"
"14273","BECv10","SBPSxc","SBPSxc/02","A3"
"14274","BECv10","SBPSxc","SBPSxc/02","A2"
"14275","BECv10","SBPSxc","SBPSxc/02","A1"
"14276","BECv10","SBPSxc","SBPSxc/02a","D2"
"14277","BECv10","SBPSxc","SBPSxc/02a","D1"
"14278","BECv10","SBPSxc","SBPSxc/02a","C3"
"14279","BECv10","SBPSxc","SBPSxc/02a","C2"
"14280","BECv10","SBPSxc","SBPSxc/02a","C1"
"14281","BECv10","SBPSxc","SBPSxc/02a","B3"
"14282","BECv10","SBPSxc","SBPSxc/02a","B2"
"14283","BECv10","SBPSxc","SBPSxc/02a","B1"
"14284","BECv10","SBPSxc","SBPSxc/02a","A3"
"14285","BECv10","SBPSxc","SBPSxc/02a","A2"
"14286","BECv10","SBPSxc","SBPSxc/02a","A1"
"14287","BECv10","SBPSxc","SBPSxc/02b","D2"
"14288","BECv10","SBPSxc","SBPSxc/02b","D1"
"14289","BECv10","SBPSxc","SBPSxc/02b","C3"
"14290","BECv10","SBPSxc","SBPSxc/02b","C2"
"14291","BECv10","SBPSxc","SBPSxc/02b","C1"
"14292","BECv10","SBPSxc","SBPSxc/02b","B3"
"14293","BECv10","SBPSxc","SBPSxc/02b","B2"
"14294","BECv10","SBPSxc","SBPSxc/02b","B1"
"14295","BECv10","SBPSxc","SBPSxc/02b","A3"
"14296","BECv10","SBPSxc","SBPSxc/02b","A2"
"14297","BECv10","SBPSxc","SBPSxc/02b","A1"
"14298","BECv10","SBPSxc","SBPSxc/02c","D2"
"14299","BECv10","SBPSxc","SBPSxc/02c","D1"
"14300","BECv10","SBPSxc","SBPSxc/02c","C3"
"14301","BECv10","SBPSxc","SBPSxc/02c","C2"
"14302","BECv10","SBPSxc","SBPSxc/02c","C1"
"14303","BECv10","SBPSxc","SBPSxc/02c","B3"
"14304","BECv10","SBPSxc","SBPSxc/02c","B2"
"14305","BECv10","SBPSxc","SBPSxc/02c","B1"
"14306","BECv10","SBPSxc","SBPSxc/02c","A3"
"14307","BECv10","SBPSxc","SBPSxc/02c","A2"
"14308","BECv10","SBPSxc","SBPSxc/02c","A1"
"14309","BECv10","SBPSxc","SBPSxc/03","B5"
"14310","BECv10","SBPSxc","SBPSxc/04","D5"
"14311","BECv10","SBPSxc","SBPSxc/04","C5"
"14312","BECv10","SBPSxc","SBPSxc/05","D6"
"14313","BECv10","SBPSxc","SBPSxc/05","D5"
"14314","BECv10","SBPSxc","SBPSxc/05","C6"
"14315","BECv10","SBPSxc","SBPSxc/05","C5"
"14316","BECv10","SBPSxc","SBPSxc/05","B6"
"14317","BECv10","SBPSxc","SBPSxc/06","E6"
"14318","BECv10","SBPSxc","SBPSxc/06","E5"
"14319","BECv10","SBPSxc","SBPSxc/06","D6"
"14320","BECv10","SBPSxc","SBPSxc/06","D5"
"14321","Add_2021","SBPSxc","SBPSxc/Ro","A0"
"14322","Add_2021","SBPSxc","SBPSxc/Ro","B0"
"14323","BECv10","SBSdh1","SBSdh1/01","D4"
"14324","BECv10","SBSdh1","SBSdh1/01","D3"
"14325","BECv10","SBSdh1","SBSdh1/01","C4"
"14326","BECv10","SBSdh1","SBSdh1/01","C3"
"14327","BECv10","SBSdh1","SBSdh1/01","B4"
"14328","BECv10","SBSdh1","SBSdh1/01","B3"
"14329","BECv10","SBSdh1","SBSdh1/02","B2"
"14330","BECv10","SBSdh1","SBSdh1/02","B1"
"14331","BECv10","SBSdh1","SBSdh1/02","A2"
"14332","BECv10","SBSdh1","SBSdh1/02","A1"
"14333","BECv10","SBSdh1","SBSdh1/03","B2"
"14334","BECv10","SBSdh1","SBSdh1/03","B1"
"14335","BECv10","SBSdh1","SBSdh1/04","C3"
"14336","BECv10","SBSdh1","SBSdh1/04","C2"
"14337","BECv10","SBSdh1","SBSdh1/04","B3"
"14338","BECv10","SBSdh1","SBSdh1/04","B2"
"14339","BECv10","SBSdh1","SBSdh1/05","B4"
"14340","BECv10","SBSdh1","SBSdh1/05","B3"
"14341","BECv10","SBSdh1","SBSdh1/05","B2"
"14342","BECv10","SBSdh1","SBSdh1/05","A5"
"14343","BECv10","SBSdh1","SBSdh1/05","A4"
"14344","BECv10","SBSdh1","SBSdh1/05","A3"
"14345","BECv10","SBSdh1","SBSdh1/05","A2"
"14346","BECv10","SBSdh1","SBSdh1/06","D5"
"14347","BECv10","SBSdh1","SBSdh1/06","D4"
"14348","BECv10","SBSdh1","SBSdh1/06","C5"
"14349","BECv10","SBSdh1","SBSdh1/06","C4"
"14350","BECv10","SBSdh1","SBSdh1/06","B5"
"14351","BECv10","SBSdh1","SBSdh1/06","B4"
"14352","BECv10","SBSdh1","SBSdh1/07","E6"
"14353","BECv10","SBSdh1","SBSdh1/07","E5"
"14354","BECv10","SBSdh1","SBSdh1/07","D6"
"14355","BECv10","SBSdh1","SBSdh1/07","D5"
"14356","BECv10","SBSdh1","SBSdh1/07","C6"
"14357","BECv10","SBSdh1","SBSdh1/07","C5"
"14358","BECv10","SBSdh1","SBSdh1/08","B7"
"14359","BECv10","SBSdh1","SBSdh1/08","B6"
"14360","BECv10","SBSdh1","SBSdh1/08","A7"
"14361","Add_2021","SBSdh1","SBSdh1/Ro","A0"
"14362","Add_2021","SBSdh1","SBSdh1/Ro","B0"
"14363","BECv10","SBSdh2","SBSdh2/01","D4"
"14364","BECv10","SBSdh2","SBSdh2/01","D3"
"14365","BECv10","SBSdh2","SBSdh2/01","C4"
"14366","BECv10","SBSdh2","SBSdh2/01","C3"
"14367","BECv10","SBSdh2","SBSdh2/01","B4"
"14368","BECv10","SBSdh2","SBSdh2/01","B3"
"14369","BECv10","SBSdh2","SBSdh2/02","B2"
"14370","BECv10","SBSdh2","SBSdh2/02","B1"
"14371","BECv10","SBSdh2","SBSdh2/02","A2"
"14372","BECv10","SBSdh2","SBSdh2/02","A1"
"14373","BECv10","SBSdh2","SBSdh2/03","B2"
"14374","BECv10","SBSdh2","SBSdh2/03","B1"
"14375","BECv10","SBSdh2","SBSdh2/03","A2"
"14376","BECv10","SBSdh2","SBSdh2/03","A1"
"14377","BECv10","SBSdh2","SBSdh2/04","C3"
"14378","BECv10","SBSdh2","SBSdh2/04","C2"
"14379","BECv10","SBSdh2","SBSdh2/04","B3"
"14380","BECv10","SBSdh2","SBSdh2/04","B2"
"14381","BECv10","SBSdh2","SBSdh2/05","B5"
"14382","BECv10","SBSdh2","SBSdh2/05","B4"
"14383","BECv10","SBSdh2","SBSdh2/05","B3"
"14384","BECv10","SBSdh2","SBSdh2/05","B2"
"14385","BECv10","SBSdh2","SBSdh2/05","A5"
"14386","BECv10","SBSdh2","SBSdh2/05","A4"
"14387","BECv10","SBSdh2","SBSdh2/05","A3"
"14388","BECv10","SBSdh2","SBSdh2/05","A2"
"14389","BECv10","SBSdh2","SBSdh2/06","D5"
"14390","BECv10","SBSdh2","SBSdh2/06","D4"
"14391","BECv10","SBSdh2","SBSdh2/06","C5"
"14392","BECv10","SBSdh2","SBSdh2/06","B5"
"14393","BECv10","SBSdh2","SBSdh2/07","E6"
"14394","BECv10","SBSdh2","SBSdh2/07","E5"
"14395","BECv10","SBSdh2","SBSdh2/07","D6"
"14396","BECv10","SBSdh2","SBSdh2/07","D5"
"14397","BECv10","SBSdh2","SBSdh2/07","C6"
"14398","BECv10","SBSdh2","SBSdh2/07","C5"
"14399","BECv10","SBSdh2","SBSdh2/07","B6"
"14400","BECv10","SBSdh2","SBSdh2/07","B5"
"14401","BECv10","SBSdh2","SBSdh2/07","A6"
"14402","BECv10","SBSdh2","SBSdh2/08","B6"
"14403","BECv10","SBSdh2","SBSdh2/08","A6"
"14404","Add_2021","SBSdh2","SBSdh2/Ro","A0"
"14405","Add_2021","SBSdh2","SBSdh2/Ro","B0"
"14406","BECv10","SBSdk","SBSdk/01","D4"
"14407","BECv10","SBSdk","SBSdk/01","C4"
"14408","BECv10","SBSdk","SBSdk/01","C3"
"14409","BECv10","SBSdk","SBSdk/01","B5"
"14410","BECv10","SBSdk","SBSdk/01","B4"
"14411","BECv10","SBSdk","SBSdk/01a","D4"
"14412","BECv10","SBSdk","SBSdk/01a","C4"
"14413","BECv10","SBSdk","SBSdk/01a","C3"
"14414","BECv10","SBSdk","SBSdk/01b","B5"
"14415","BECv10","SBSdk","SBSdk/01b","B4"
"14416","BECv10","SBSdk","SBSdk/01b","C3"
"14417","BECv10","SBSdk","SBSdk/02","B1"
"14418","BECv10","SBSdk","SBSdk/02","A1"
"14419","BECv10","SBSdk","SBSdk/03","C2"
"14420","BECv10","SBSdk","SBSdk/03","B2"
"14421","BECv10","SBSdk","SBSdk/03","A2"
"14422","BECv10","SBSdk","SBSdk/04","D2"
"14423","BECv10","SBSdk","SBSdk/04","C3"
"14424","BECv10","SBSdk","SBSdk/04","C2"
"14425","BECv10","SBSdk","SBSdk/05","C3"
"14426","BECv10","SBSdk","SBSdk/05","B3"
"14427","BECv10","SBSdk","SBSdk/05","A4"
"14428","BECv10","SBSdk","SBSdk/05","A3"
"14429","BECv10","SBSdk","SBSdk/06","E4"
"14430","BECv10","SBSdk","SBSdk/06","D5"
"14431","BECv10","SBSdk","SBSdk/06","D4"
"14432","BECv10","SBSdk","SBSdk/06","C5"
"14433","BECv10","SBSdk","SBSdk/07","E6"
"14434","BECv10","SBSdk","SBSdk/07","E5"
"14435","BECv10","SBSdk","SBSdk/07","D6"
"14436","BECv10","SBSdk","SBSdk/07","D5"
"14437","BECv10","SBSdk","SBSdk/07","C6"
"14438","BECv10","SBSdk","SBSdk/07a","E6"
"14439","BECv10","SBSdk","SBSdk/07a","E5"
"14440","BECv10","SBSdk","SBSdk/07a","D5"
"14441","BECv10","SBSdk","SBSdk/07b","D6"
"14442","BECv10","SBSdk","SBSdk/07b","C6"
"14443","BECv10","SBSdk","SBSdk/08","E6"
"14444","BECv10","SBSdk","SBSdk/08","E5"
"14445","BECv10","SBSdk","SBSdk/08","D6"
"14446","BECv10","SBSdk","SBSdk/08a","E6"
"14447","BECv10","SBSdk","SBSdk/08a","E5"
"14448","BECv10","SBSdk","SBSdk/08a","D6"
"14449","BECv10","SBSdk","SBSdk/08b","E6"
"14450","BECv10","SBSdk","SBSdk/08b","E5"
"14451","BECv10","SBSdk","SBSdk/08b","D6"
"14452","BECv10","SBSdk","SBSdk/09","B7"
"14453","BECv10","SBSdk","SBSdk/09","B6"
"14454","BECv10","SBSdk","SBSdk/09","A7"
"14455","BECv10","SBSdk","SBSdk/09","A6"
"14456","BECv10","SBSdk","SBSdk/10","E7"
"14457","BECv10","SBSdk","SBSdk/10","D7"
"14458","BECv10","SBSdk","SBSdk/10","C7"
"14459","BECv10","SBSdk","SBSdk/10","C6"
"14460","BECv10","SBSdk","SBSdk/Gg","E3"
"14461","BECv10","SBSdk","SBSdk/Gg","E2"
"14462","BECv10","SBSdk","SBSdk/Gg","E1"
"14463","BECv10","SBSdk","SBSdk/Gg","D3"
"14464","BECv10","SBSdk","SBSdk/Gg","D2"
"14465","BECv10","SBSdk","SBSdk/Gg","D1"
"14466","BECv10","SBSdk","SBSdk/Gg","C1"
"14467","Add_2021","SBSdk","SBSdk/Ro","A0"
"14468","Add_2021","SBSdk","SBSdk/Ro","B0"
"14469","BECv10","SBSdw1","SBSdw1/01","D4"
"14470","BECv10","SBSdw1","SBSdw1/01","D3"
"14471","BECv10","SBSdw1","SBSdw1/01","C4"
"14472","BECv10","SBSdw1","SBSdw1/01","B4"
"14473","BECv10","SBSdw1","SBSdw1/02","D1"
"14474","BECv10","SBSdw1","SBSdw1/02","C1"
"14475","BECv10","SBSdw1","SBSdw1/02","B1"
"14476","BECv10","SBSdw1","SBSdw1/03","D3"
"14477","BECv10","SBSdw1","SBSdw1/03","D2"
"14478","BECv10","SBSdw1","SBSdw1/03","C3"
"14479","BECv10","SBSdw1","SBSdw1/03","C2"
"14480","BECv10","SBSdw1","SBSdw1/03","B3"
"14481","BECv10","SBSdw1","SBSdw1/03","B2"
"14482","BECv10","SBSdw1","SBSdw1/04","C3"
"14483","BECv10","SBSdw1","SBSdw1/04","B3"
"14484","BECv10","SBSdw1","SBSdw1/04","A3"
"14485","BECv10","SBSdw1","SBSdw1/05","D3"
"14486","BECv10","SBSdw1","SBSdw1/05","C3"
"14487","BECv10","SBSdw1","SBSdw1/05","B3"
"14488","BECv10","SBSdw1","SBSdw1/06","D5"
"14489","BECv10","SBSdw1","SBSdw1/06","D4"
"14490","BECv10","SBSdw1","SBSdw1/06","C5"
"14491","BECv10","SBSdw1","SBSdw1/07","D5"
"14492","BECv10","SBSdw1","SBSdw1/07","C5"
"14493","BECv10","SBSdw1","SBSdw1/07","B5"
"14494","BECv10","SBSdw1","SBSdw1/08","E5"
"14495","BECv10","SBSdw1","SBSdw1/08","D5"
"14496","BECv10","SBSdw1","SBSdw1/09","E6"
"14497","BECv10","SBSdw1","SBSdw1/09","D6"
"14498","BECv10","SBSdw1","SBSdw1/09","C6"
"14499","BECv10","SBSdw1","SBSdw1/09","B6"
"14500","Add_2021","SBSdw1","SBSdw1/Ro","A0"
"14501","Add_2021","SBSdw1","SBSdw1/Ro","B0"
"14502","BECv10","SBSdw2","SBSdw2/01","D4"
"14503","BECv10","SBSdw2","SBSdw2/01","D3"
"14504","BECv10","SBSdw2","SBSdw2/01","C4"
"14505","BECv10","SBSdw2","SBSdw2/01","C3"
"14506","BECv10","SBSdw2","SBSdw2/01","B4"
"14507","BECv10","SBSdw2","SBSdw2/02","D1"
"14508","BECv10","SBSdw2","SBSdw2/02","C1"
"14509","BECv10","SBSdw2","SBSdw2/02","B1"
"14510","BECv10","SBSdw2","SBSdw2/03","B2"
"14511","BECv10","SBSdw2","SBSdw2/03","A2"
"14512","BECv10","SBSdw2","SBSdw2/04","D2"
"14513","BECv10","SBSdw2","SBSdw2/04","C2"
"14514","BECv10","SBSdw2","SBSdw2/04","B2"
"14515","BECv10","SBSdw2","SBSdw2/05","C3"
"14516","BECv10","SBSdw2","SBSdw2/05","B3"
"14517","BECv10","SBSdw2","SBSdw2/05","A3"
"14518","BECv10","SBSdw2","SBSdw2/06","D3"
"14519","BECv10","SBSdw2","SBSdw2/06","C3"
"14520","BECv10","SBSdw2","SBSdw2/06","B3"
"14521","BECv10","SBSdw2","SBSdw2/06","A3"
"14522","BECv10","SBSdw2","SBSdw2/07","B4"
"14523","BECv10","SBSdw2","SBSdw2/07","B3"
"14524","BECv10","SBSdw2","SBSdw2/07","A4"
"14525","BECv10","SBSdw2","SBSdw2/07","A3"
"14526","BECv10","SBSdw2","SBSdw2/08","D5"
"14527","BECv10","SBSdw2","SBSdw2/08","C6"
"14528","BECv10","SBSdw2","SBSdw2/08","C5"
"14529","BECv10","SBSdw2","SBSdw2/08","B6"
"14530","BECv10","SBSdw2","SBSdw2/08","B5"
"14531","BECv10","SBSdw2","SBSdw2/09","E6"
"14532","BECv10","SBSdw2","SBSdw2/09","E5"
"14533","BECv10","SBSdw2","SBSdw2/09","D6"
"14534","BECv10","SBSdw2","SBSdw2/09","D5"
"14535","BECv10","SBSdw2","SBSdw2/09","C6"
"14536","BECv10","SBSdw2","SBSdw2/09","C5"
"14537","BECv10","SBSdw2","SBSdw2/10","E6"
"14538","BECv10","SBSdw2","SBSdw2/10","D6"
"14539","BECv10","SBSdw2","SBSdw2/10","C6"
"14540","BECv10","SBSdw2","SBSdw2/11","C7"
"14541","BECv10","SBSdw2","SBSdw2/11","C6"
"14542","BECv10","SBSdw2","SBSdw2/11","B7"
"14543","BECv10","SBSdw2","SBSdw2/11","B6"
"14544","Add_2021","SBSdw2","SBSdw2/Ro","A0"
"14545","Add_2021","SBSdw2","SBSdw2/Ro","B0"
"14546","BECv10","SBSdw3","SBSdw3/01","D4"
"14547","BECv10","SBSdw3","SBSdw3/01","C4"
"14548","BECv10","SBSdw3","SBSdw3/01","B4"
"14549","BECv10","SBSdw3","SBSdw3/02","C2"
"14550","BECv10","SBSdw3","SBSdw3/02","C1"
"14551","BECv10","SBSdw3","SBSdw3/02","B2"
"14552","BECv10","SBSdw3","SBSdw3/02","B1"
"14553","BECv10","SBSdw3","SBSdw3/03","B2"
"14554","BECv10","SBSdw3","SBSdw3/03","A2"
"14555","BECv10","SBSdw3","SBSdw3/04","D3"
"14556","BECv10","SBSdw3","SBSdw3/04","C3"
"14557","BECv10","SBSdw3","SBSdw3/04","B3"
"14558","BECv10","SBSdw3","SBSdw3/05","B5"
"14559","BECv10","SBSdw3","SBSdw3/05","B4"
"14560","BECv10","SBSdw3","SBSdw3/05","B3"
"14561","BECv10","SBSdw3","SBSdw3/05","A5"
"14562","BECv10","SBSdw3","SBSdw3/05","A4"
"14563","BECv10","SBSdw3","SBSdw3/05","A3"
"14564","BECv10","SBSdw3","SBSdw3/06","D4"
"14565","BECv10","SBSdw3","SBSdw3/06","C5"
"14566","BECv10","SBSdw3","SBSdw3/06","C4"
"14567","BECv10","SBSdw3","SBSdw3/06","B5"
"14568","BECv10","SBSdw3","SBSdw3/07","D5"
"14569","BECv10","SBSdw3","SBSdw3/07","C5"
"14570","BECv10","SBSdw3","SBSdw3/08","E6"
"14571","BECv10","SBSdw3","SBSdw3/08","E5"
"14572","BECv10","SBSdw3","SBSdw3/08","D6"
"14573","BECv10","SBSdw3","SBSdw3/08","D5"
"14574","BECv10","SBSdw3","SBSdw3/08","C6"
"14575","BECv10","SBSdw3","SBSdw3/08","C5"
"14576","BECv10","SBSdw3","SBSdw3/09","E6"
"14577","BECv10","SBSdw3","SBSdw3/09","D6"
"14578","BECv10","SBSdw3","SBSdw3/09","C6"
"14579","BECv10","SBSdw3","SBSdw3/09","B6"
"14580","BECv10","SBSdw3","SBSdw3/10","D7"
"14581","BECv10","SBSdw3","SBSdw3/10","C7"
"14582","BECv10","SBSdw3","SBSdw3/10","B7"
"14583","BECv10","SBSdw3","SBSdw3/10","A7"
"14584","Add_2021","SBSdw3","SBSdw3/Ro","A0"
"14585","Add_2021","SBSdw3","SBSdw3/Ro","B0"
"14586","BECv10","SBSmc1","SBSmc1/01","D4"
"14587","BECv10","SBSmc1","SBSmc1/01","D3"
"14588","BECv10","SBSmc1","SBSmc1/01","D2"
"14589","BECv10","SBSmc1","SBSmc1/01","C4"
"14590","BECv10","SBSmc1","SBSmc1/01","C3"
"14591","BECv10","SBSmc1","SBSmc1/01","C2"
"14592","BECv10","SBSmc1","SBSmc1/01","B4"
"14593","BECv10","SBSmc1","SBSmc1/01","B3"
"14594","BECv10","SBSmc1","SBSmc1/01","B2"
"14595","BECv10","SBSmc1","SBSmc1/01a","D4"
"14596","BECv10","SBSmc1","SBSmc1/01a","D3"
"14597","BECv10","SBSmc1","SBSmc1/01a","C4"
"14598","BECv10","SBSmc1","SBSmc1/01a","C3"
"14599","BECv10","SBSmc1","SBSmc1/01a","B4"
"14600","BECv10","SBSmc1","SBSmc1/01a","B3"
"14601","BECv10","SBSmc1","SBSmc1/01b","D3"
"14602","BECv10","SBSmc1","SBSmc1/01b","D2"
"14603","BECv10","SBSmc1","SBSmc1/01b","C3"
"14604","BECv10","SBSmc1","SBSmc1/01b","C2"
"14605","BECv10","SBSmc1","SBSmc1/01b","B3"
"14606","BECv10","SBSmc1","SBSmc1/01b","B2"
"14607","BECv10","SBSmc1","SBSmc1/01c","D3"
"14608","BECv10","SBSmc1","SBSmc1/01c","D2"
"14609","BECv10","SBSmc1","SBSmc1/01c","C3"
"14610","BECv10","SBSmc1","SBSmc1/01c","C2"
"14611","BECv10","SBSmc1","SBSmc1/01c","B3"
"14612","BECv10","SBSmc1","SBSmc1/01c","B2"
"14613","BECv10","SBSmc1","SBSmc1/02","D2"
"14614","BECv10","SBSmc1","SBSmc1/02","D1"
"14615","BECv10","SBSmc1","SBSmc1/02","C2"
"14616","BECv10","SBSmc1","SBSmc1/02","C1"
"14617","BECv10","SBSmc1","SBSmc1/02","B2"
"14618","BECv10","SBSmc1","SBSmc1/02","B1"
"14619","BECv10","SBSmc1","SBSmc1/03","D2"
"14620","BECv10","SBSmc1","SBSmc1/03","D1"
"14621","BECv10","SBSmc1","SBSmc1/03","C2"
"14622","BECv10","SBSmc1","SBSmc1/03","C1"
"14623","BECv10","SBSmc1","SBSmc1/03","B2"
"14624","BECv10","SBSmc1","SBSmc1/03","B1"
"14625","BECv10","SBSmc1","SBSmc1/04","B5"
"14626","BECv10","SBSmc1","SBSmc1/04","B4"
"14627","BECv10","SBSmc1","SBSmc1/04","B3"
"14628","BECv10","SBSmc1","SBSmc1/04","A5"
"14629","BECv10","SBSmc1","SBSmc1/04","A4"
"14630","BECv10","SBSmc1","SBSmc1/04","A3"
"14631","BECv10","SBSmc1","SBSmc1/05","C5"
"14632","BECv10","SBSmc1","SBSmc1/05","B5"
"14633","BECv10","SBSmc1","SBSmc1/06","E5"
"14634","BECv10","SBSmc1","SBSmc1/06","D5"
"14635","BECv10","SBSmc1","SBSmc1/06","C5"
"14636","BECv10","SBSmc1","SBSmc1/07","E5"
"14637","BECv10","SBSmc1","SBSmc1/07","D5"
"14638","BECv10","SBSmc1","SBSmc1/07","C5"
"14639","BECv10","SBSmc1","SBSmc1/08","E7"
"14640","BECv10","SBSmc1","SBSmc1/08","E6"
"14641","BECv10","SBSmc1","SBSmc1/08","D7"
"14642","BECv10","SBSmc1","SBSmc1/08","D6"
"14643","BECv10","SBSmc1","SBSmc1/08","C7"
"14644","BECv10","SBSmc1","SBSmc1/08","C6"
"14645","BECv10","SBSmc1","SBSmc1/08","B7"
"14646","BECv10","SBSmc1","SBSmc1/08","B6"
"14647","Add_2021","SBSmc1","SBSmc1/Ro","A0"
"14648","Add_2021","SBSmc1","SBSmc1/Ro","B0"
"14649","BECv10","SBSmc2","SBSmc2/01","D4"
"14650","BECv10","SBSmc2","SBSmc2/01","D3"
"14651","BECv10","SBSmc2","SBSmc2/01","C4"
"14652","BECv10","SBSmc2","SBSmc2/01","C3"
"14653","BECv10","SBSmc2","SBSmc2/01","B4"
"14654","BECv10","SBSmc2","SBSmc2/01","B3"
"14655","BECv10","SBSmc2","SBSmc2/01a","D4"
"14656","BECv10","SBSmc2","SBSmc2/01a","C4"
"14657","BECv10","SBSmc2","SBSmc2/01b","C4"
"14658","BECv10","SBSmc2","SBSmc2/01b","B4"
"14659","BECv10","SBSmc2","SBSmc2/01c","D3"
"14660","BECv10","SBSmc2","SBSmc2/01c","C3"
"14661","BECv10","SBSmc2","SBSmc2/01c","B3"
"14662","BECv10","SBSmc2","SBSmc2/02","D2"
"14663","BECv10","SBSmc2","SBSmc2/02","D1"
"14664","BECv10","SBSmc2","SBSmc2/02","C2"
"14665","BECv10","SBSmc2","SBSmc2/02","C1"
"14666","BECv10","SBSmc2","SBSmc2/02","B2"
"14667","BECv10","SBSmc2","SBSmc2/02","B1"
"14668","BECv10","SBSmc2","SBSmc2/02","A2"
"14669","BECv10","SBSmc2","SBSmc2/02","A1"
"14670","BECv10","SBSmc2","SBSmc2/02","A3"
"14671","BECv10","SBSmc2","SBSmc2/02","B3"
"14672","BECv10","SBSmc2","SBSmc2/02a","D2"
"14673","BECv10","SBSmc2","SBSmc2/02a","D1"
"14674","BECv10","SBSmc2","SBSmc2/02a","C2"
"14675","BECv10","SBSmc2","SBSmc2/02a","C1"
"14676","BECv10","SBSmc2","SBSmc2/02a","B2"
"14677","BECv10","SBSmc2","SBSmc2/02a","B1"
"14678","BECv10","SBSmc2","SBSmc2/02a","A2"
"14679","BECv10","SBSmc2","SBSmc2/02a","A1"
"14680","BECv10","SBSmc2","SBSmc2/02a","A3"
"14681","BECv10","SBSmc2","SBSmc2/02a","B3"
"14682","BECv10","SBSmc2","SBSmc2/02b","D2"
"14683","BECv10","SBSmc2","SBSmc2/02b","D1"
"14684","BECv10","SBSmc2","SBSmc2/02b","C2"
"14685","BECv10","SBSmc2","SBSmc2/02b","C1"
"14686","BECv10","SBSmc2","SBSmc2/02b","B2"
"14687","BECv10","SBSmc2","SBSmc2/02b","B1"
"14688","BECv10","SBSmc2","SBSmc2/02b","A2"
"14689","BECv10","SBSmc2","SBSmc2/02b","A1"
"14690","BECv10","SBSmc2","SBSmc2/03","B5"
"14691","BECv10","SBSmc2","SBSmc2/03","B4"
"14692","BECv10","SBSmc2","SBSmc2/03","B3"
"14693","BECv10","SBSmc2","SBSmc2/03","A5"
"14694","BECv10","SBSmc2","SBSmc2/03","A4"
"14695","BECv10","SBSmc2","SBSmc2/03","A3"
"14696","BECv10","SBSmc2","SBSmc2/04","D5"
"14697","BECv10","SBSmc2","SBSmc2/04","D4"
"14698","BECv10","SBSmc2","SBSmc2/04","C5"
"14699","BECv10","SBSmc2","SBSmc2/05","D5"
"14700","BECv10","SBSmc2","SBSmc2/05","D4"
"14701","BECv10","SBSmc2","SBSmc2/05","C5"
"14702","BECv10","SBSmc2","SBSmc2/06","E4"
"14703","BECv10","SBSmc2","SBSmc2/06","D5"
"14704","BECv10","SBSmc2","SBSmc2/06","D4"
"14705","BECv10","SBSmc2","SBSmc2/06","C5"
"14706","BECv10","SBSmc2","SBSmc2/07","B6"
"14707","BECv10","SBSmc2","SBSmc2/07","B5"
"14708","BECv10","SBSmc2","SBSmc2/07","A6"
"14709","BECv10","SBSmc2","SBSmc2/07","A5"
"14710","BECv10","SBSmc2","SBSmc2/08","D5"
"14711","BECv10","SBSmc2","SBSmc2/08","C6"
"14712","BECv10","SBSmc2","SBSmc2/08","C5"
"14713","BECv10","SBSmc2","SBSmc2/08","B6"
"14714","BECv10","SBSmc2","SBSmc2/08","B5"
"14715","BECv10","SBSmc2","SBSmc2/09","E6"
"14716","BECv10","SBSmc2","SBSmc2/09","E5"
"14717","BECv10","SBSmc2","SBSmc2/09","D6"
"14718","BECv10","SBSmc2","SBSmc2/09","D5"
"14719","BECv10","SBSmc2","SBSmc2/09a","E5"
"14720","BECv10","SBSmc2","SBSmc2/09a","D5"
"14721","BECv10","SBSmc2","SBSmc2/09b","E6"
"14722","BECv10","SBSmc2","SBSmc2/09b","E5"
"14723","BECv10","SBSmc2","SBSmc2/09b","D6"
"14724","BECv10","SBSmc2","SBSmc2/09b","D5"
"14725","BECv10","SBSmc2","SBSmc2/10","E7"
"14726","BECv10","SBSmc2","SBSmc2/10","E6"
"14727","BECv10","SBSmc2","SBSmc2/10","D7"
"14728","BECv10","SBSmc2","SBSmc2/10","D6"
"14729","BECv10","SBSmc2","SBSmc2/10","C7"
"14730","BECv10","SBSmc2","SBSmc2/10","C6"
"14731","BECv10","SBSmc2","SBSmc2/10","B7"
"14732","BECv10","SBSmc2","SBSmc2/10","B6"
"14733","BECv10","SBSmc2","SBSmc2/10a","E6"
"14734","BECv10","SBSmc2","SBSmc2/10a","D6"
"14735","BECv10","SBSmc2","SBSmc2/10b","E7"
"14736","BECv10","SBSmc2","SBSmc2/10b","E6"
"14737","BECv10","SBSmc2","SBSmc2/10b","D7"
"14738","BECv10","SBSmc2","SBSmc2/10b","D6"
"14739","BECv10","SBSmc2","SBSmc2/10b","C7"
"14740","BECv10","SBSmc2","SBSmc2/10b","C6"
"14741","BECv10","SBSmc2","SBSmc2/10b","B7"
"14742","BECv10","SBSmc2","SBSmc2/10b","B6"
"14743","BECv10","SBSmc2","SBSmc2/11","E7"
"14744","BECv10","SBSmc2","SBSmc2/11","E6"
"14745","BECv10","SBSmc2","SBSmc2/11","D7"
"14746","BECv10","SBSmc2","SBSmc2/11","D6"
"14747","BECv10","SBSmc2","SBSmc2/11","C7"
"14748","BECv10","SBSmc2","SBSmc2/11","C6"
"14749","BECv10","SBSmc2","SBSmc2/11","B7"
"14750","BECv10","SBSmc2","SBSmc2/11","B6"
"14751","BECv10","SBSmc2","SBSmc2/12","E7"
"14752","BECv10","SBSmc2","SBSmc2/12","D7"
"14753","BECv10","SBSmc2","SBSmc2/12","C7"
"14754","BECv10","SBSmc2","SBSmc2/12","B7"
"14755","Add_2021","SBSmc2","SBSmc2/Ro","A0"
"14756","Add_2021","SBSmc2","SBSmc2/Ro","B0"
"14757","BECv10","SBSmc3","SBSmc3/01","D4"
"14758","BECv10","SBSmc3","SBSmc3/01","C4"
"14759","BECv10","SBSmc3","SBSmc3/01","B4"
"14760","BECv10","SBSmc3","SBSmc3/02","B1"
"14761","BECv10","SBSmc3","SBSmc3/02","A1"
"14762","BECv10","SBSmc3","SBSmc3/03","B2"
"14763","BECv10","SBSmc3","SBSmc3/03","A2"
"14764","BECv10","SBSmc3","SBSmc3/04","C3"
"14765","BECv10","SBSmc3","SBSmc3/04","B3"
"14766","BECv10","SBSmc3","SBSmc3/05","B4"
"14767","BECv10","SBSmc3","SBSmc3/05","B3"
"14768","BECv10","SBSmc3","SBSmc3/05","A4"
"14769","BECv10","SBSmc3","SBSmc3/05","A3"
"14770","BECv10","SBSmc3","SBSmc3/06","B5"
"14771","BECv10","SBSmc3","SBSmc3/06","A5"
"14772","BECv10","SBSmc3","SBSmc3/07","D5"
"14773","BECv10","SBSmc3","SBSmc3/07","C5"
"14774","BECv10","SBSmc3","SBSmc3/08","D6"
"14775","BECv10","SBSmc3","SBSmc3/08","C6"
"14776","BECv10","SBSmc3","SBSmc3/09","C7"
"14777","BECv10","SBSmc3","SBSmc3/09","B7"
"14778","Add_2021","SBSmc3","SBSmc3/Ro","A0"
"14779","Add_2021","SBSmc3","SBSmc3/Ro","B0"
"14780","BECv10","SBSmh","SBSmh/01","D5"
"14781","BECv10","SBSmh","SBSmh/01","D4"
"14782","BECv10","SBSmh","SBSmh/01","C5"
"14783","BECv10","SBSmh","SBSmh/01","C4"
"14784","BECv10","SBSmh","SBSmh/01","B5"
"14785","BECv10","SBSmh","SBSmh/01","B4"
"14786","BECv10","SBSmh","SBSmh/02","C1"
"14787","BECv10","SBSmh","SBSmh/02","B1"
"14788","BECv10","SBSmh","SBSmh/02","A1"
"14789","BECv10","SBSmh","SBSmh/03","B2"
"14790","BECv10","SBSmh","SBSmh/03","A2"
"14791","BECv10","SBSmh","SBSmh/04","D3"
"14792","BECv10","SBSmh","SBSmh/04","D2"
"14793","BECv10","SBSmh","SBSmh/04","C3"
"14794","BECv10","SBSmh","SBSmh/04","C2"
"14795","BECv10","SBSmh","SBSmh/04","B3"
"14796","BECv10","SBSmh","SBSmh/05","D3"
"14797","BECv10","SBSmh","SBSmh/05","C4"
"14798","BECv10","SBSmh","SBSmh/05","C3"
"14799","BECv10","SBSmh","SBSmh/05","B4"
"14800","BECv10","SBSmh","SBSmh/05","B3"
"14801","BECv10","SBSmh","SBSmh/06","D5"
"14802","BECv10","SBSmh","SBSmh/06","D4"
"14803","BECv10","SBSmh","SBSmh/06","C5"
"14804","BECv10","SBSmh","SBSmh/06","B5"
"14805","BECv10","SBSmh","SBSmh/07","E5"
"14806","BECv10","SBSmh","SBSmh/07","D6"
"14807","BECv10","SBSmh","SBSmh/07","D5"
"14808","BECv10","SBSmh","SBSmh/08","E5"
"14809","BECv10","SBSmh","SBSmh/08","D6"
"14810","BECv10","SBSmh","SBSmh/08","D5"
"14811","BECv10","SBSmh","SBSmh/09","D6"
"14812","BECv10","SBSmh","SBSmh/09","C6"
"14813","BECv10","SBSmh","SBSmh/09","B6"
"14814","Add_2021","SBSmh","SBSmh/Ro","A0"
"14815","Add_2021","SBSmh","SBSmh/Ro","B0"
"14816","BECv10","SBSmk1","SBSmk1/01","D5"
"14817","BECv10","SBSmk1","SBSmk1/01","D4"
"14818","BECv10","SBSmk1","SBSmk1/01","C5"
"14819","BECv10","SBSmk1","SBSmk1/01","C4"
"14820","BECv10","SBSmk1","SBSmk1/01","B5"
"14821","BECv10","SBSmk1","SBSmk1/01","B4"
"14822","BECv10","SBSmk1","SBSmk1/02","C1"
"14823","BECv10","SBSmk1","SBSmk1/02","B1"
"14824","BECv10","SBSmk1","SBSmk1/02","A1"
"14825","BECv10","SBSmk1","SBSmk1/03","B2"
"14826","BECv10","SBSmk1","SBSmk1/03","A2"
"14827","BECv10","SBSmk1","SBSmk1/04","C3"
"14828","BECv10","SBSmk1","SBSmk1/04","C2"
"14829","BECv10","SBSmk1","SBSmk1/04","B3"
"14830","BECv10","SBSmk1","SBSmk1/04","B2"
"14831","BECv10","SBSmk1","SBSmk1/05","C4"
"14832","BECv10","SBSmk1","SBSmk1/05","C3"
"14833","BECv10","SBSmk1","SBSmk1/05","B4"
"14834","BECv10","SBSmk1","SBSmk1/05","B3"
"14835","BECv10","SBSmk1","SBSmk1/06","B6"
"14836","BECv10","SBSmk1","SBSmk1/06","B5"
"14837","BECv10","SBSmk1","SBSmk1/06","B4"
"14838","BECv10","SBSmk1","SBSmk1/06","B3"
"14839","BECv10","SBSmk1","SBSmk1/06","A6"
"14840","BECv10","SBSmk1","SBSmk1/06","A5"
"14841","BECv10","SBSmk1","SBSmk1/06","A4"
"14842","BECv10","SBSmk1","SBSmk1/06","A3"
"14843","BECv10","SBSmk1","SBSmk1/07","D5"
"14844","BECv10","SBSmk1","SBSmk1/07","C5"
"14845","BECv10","SBSmk1","SBSmk1/07","B5"
"14846","BECv10","SBSmk1","SBSmk1/08","E6"
"14847","BECv10","SBSmk1","SBSmk1/08","E5"
"14848","BECv10","SBSmk1","SBSmk1/08","D6"
"14849","BECv10","SBSmk1","SBSmk1/08","D5"
"14850","BECv10","SBSmk1","SBSmk1/08","C6"
"14851","BECv10","SBSmk1","SBSmk1/08","C5"
"14852","BECv10","SBSmk1","SBSmk1/09","D7"
"14853","BECv10","SBSmk1","SBSmk1/09","D6"
"14854","BECv10","SBSmk1","SBSmk1/09","C7"
"14855","BECv10","SBSmk1","SBSmk1/09","C6"
"14856","BECv10","SBSmk1","SBSmk1/09a","D6"
"14857","BECv10","SBSmk1","SBSmk1/09a","C6"
"14858","BECv10","SBSmk1","SBSmk1/09b","D7"
"14859","BECv10","SBSmk1","SBSmk1/09b","C7"
"14860","BECv10","SBSmk1","SBSmk1/10","D7"
"14861","BECv10","SBSmk1","SBSmk1/10","C7"
"14862","BECv10","SBSmk1","SBSmk1/10","B7"
"14863","Add_2021","SBSmk1","SBSmk1/Ro","A0"
"14864","Add_2021","SBSmk1","SBSmk1/Ro","B0"
"14865","BECv10","SBSmk2","SBSmk2/01","D4"
"14866","BECv10","SBSmk2","SBSmk2/01","C5"
"14867","BECv10","SBSmk2","SBSmk2/01","C4"
"14868","BECv10","SBSmk2","SBSmk2/01","B4"
"14869","BECv10","SBSmk2","SBSmk2/02","B2"
"14870","BECv10","SBSmk2","SBSmk2/02","B1"
"14871","BECv10","SBSmk2","SBSmk2/02","A2"
"14872","BECv10","SBSmk2","SBSmk2/02","A1"
"14873","BECv10","SBSmk2","SBSmk2/03","C4"
"14874","BECv10","SBSmk2","SBSmk2/03","C3"
"14875","BECv10","SBSmk2","SBSmk2/03","B4"
"14876","BECv10","SBSmk2","SBSmk2/03","B3"
"14877","BECv10","SBSmk2","SBSmk2/04","B5"
"14878","BECv10","SBSmk2","SBSmk2/04","B4"
"14879","BECv10","SBSmk2","SBSmk2/04","B3"
"14880","BECv10","SBSmk2","SBSmk2/04","A5"
"14881","BECv10","SBSmk2","SBSmk2/04","A4"
"14882","BECv10","SBSmk2","SBSmk2/04","A3"
"14883","BECv10","SBSmk2","SBSmk2/05","E5"
"14884","BECv10","SBSmk2","SBSmk2/05","D5"
"14885","BECv10","SBSmk2","SBSmk2/05","C5"
"14886","BECv10","SBSmk2","SBSmk2/06","D6"
"14887","BECv10","SBSmk2","SBSmk2/06","C6"
"14888","Add_2021","SBSmk2","SBSmk2/Ro","A0"
"14889","Add_2021","SBSmk2","SBSmk2/Ro","B0"
"14890","BECv10","SBSmm","SBSmm/01","E5"
"14891","BECv10","SBSmm","SBSmm/01","E4"
"14892","BECv10","SBSmm","SBSmm/01","E3"
"14893","BECv10","SBSmm","SBSmm/01","D5"
"14894","BECv10","SBSmm","SBSmm/01","D4"
"14895","BECv10","SBSmm","SBSmm/01","D3"
"14896","BECv10","SBSmm","SBSmm/01","C5"
"14897","BECv10","SBSmm","SBSmm/01","C4"
"14898","BECv10","SBSmm","SBSmm/01","C3"
"14899","BECv10","SBSmm","SBSmm/01","B5"
"14900","BECv10","SBSmm","SBSmm/01","B4"
"14901","BECv10","SBSmm","SBSmm/01","B3"
"14902","BECv10","SBSmm","SBSmm/01","A5"
"14903","BECv10","SBSmm","SBSmm/01","A4"
"14904","BECv10","SBSmm","SBSmm/01","A3"
"14905","BECv10","SBSmm","SBSmm/02","C1"
"14906","BECv10","SBSmm","SBSmm/02","B2"
"14907","BECv10","SBSmm","SBSmm/02","B1"
"14908","BECv10","SBSmm","SBSmm/02","A2"
"14909","BECv10","SBSmm","SBSmm/02","A1"
"14910","BECv10","SBSmm","SBSmm/03","C2"
"14911","BECv10","SBSmm","SBSmm/03","C1"
"14912","BECv10","SBSmm","SBSmm/03","B2"
"14913","BECv10","SBSmm","SBSmm/03","B1"
"14914","BECv10","SBSmm","SBSmm/03","A2"
"14915","BECv10","SBSmm","SBSmm/04","D3"
"14916","BECv10","SBSmm","SBSmm/04","D2"
"14917","BECv10","SBSmm","SBSmm/04","C3"
"14918","BECv10","SBSmm","SBSmm/04","C2"
"14919","BECv10","SBSmm","SBSmm/04","B3"
"14920","BECv10","SBSmm","SBSmm/04","B2"
"14921","BECv10","SBSmm","SBSmm/05","C3"
"14922","BECv10","SBSmm","SBSmm/05","C2"
"14923","BECv10","SBSmm","SBSmm/05","B3"
"14924","BECv10","SBSmm","SBSmm/05","B2"
"14925","BECv10","SBSmm","SBSmm/05","A3"
"14926","BECv10","SBSmm","SBSmm/05","A2"
"14927","BECv10","SBSmm","SBSmm/06","D4"
"14928","BECv10","SBSmm","SBSmm/06","D3"
"14929","BECv10","SBSmm","SBSmm/06","C4"
"14930","BECv10","SBSmm","SBSmm/06","C3"
"14931","BECv10","SBSmm","SBSmm/06","B4"
"14932","BECv10","SBSmm","SBSmm/06","B3"
"14933","BECv10","SBSmm","SBSmm/06","A4"
"14934","BECv10","SBSmm","SBSmm/06","A3"
"14935","BECv10","SBSmm","SBSmm/07","E5"
"14936","BECv10","SBSmm","SBSmm/07","E4"
"14937","BECv10","SBSmm","SBSmm/07","D5"
"14938","BECv10","SBSmm","SBSmm/07","D4"
"14939","BECv10","SBSmm","SBSmm/07","C5"
"14940","BECv10","SBSmm","SBSmm/07","C4"
"14941","BECv10","SBSmm","SBSmm/07","B5"
"14942","BECv10","SBSmm","SBSmm/07","B4"
"14943","BECv10","SBSmm","SBSmm/08","E6"
"14944","BECv10","SBSmm","SBSmm/08","E5"
"14945","BECv10","SBSmm","SBSmm/08","D6"
"14946","BECv10","SBSmm","SBSmm/08","D5"
"14947","BECv10","SBSmm","SBSmm/08","C6"
"14948","BECv10","SBSmm","SBSmm/08","C5"
"14949","BECv10","SBSmm","SBSmm/08","B6"
"14950","BECv10","SBSmm","SBSmm/08","B5"
"14951","BECv10","SBSmm","SBSmm/09","D7"
"14952","BECv10","SBSmm","SBSmm/09","D6"
"14953","BECv10","SBSmm","SBSmm/09","C7"
"14954","BECv10","SBSmm","SBSmm/09","C6"
"14955","BECv10","SBSmm","SBSmm/09","B7"
"14956","BECv10","SBSmm","SBSmm/09","B6"
"14957","BECv10","SBSmm","SBSmm/09","A7"
"14958","BECv10","SBSmm","SBSmm/09","A6"
"14959","Add_2021","SBSmm","SBSmm/Ro","A0"
"14960","Add_2021","SBSmm","SBSmm/Ro","B0"
"14961","BECv10","SBSmw","SBSmw/01","D4"
"14962","BECv10","SBSmw","SBSmw/01","D3"
"14963","BECv10","SBSmw","SBSmw/01","C4"
"14964","BECv10","SBSmw","SBSmw/01","C3"
"14965","BECv10","SBSmw","SBSmw/01","B4"
"14966","BECv10","SBSmw","SBSmw/01","B3"
"14967","BECv10","SBSmw","SBSmw/01","C5"
"14968","BECv10","SBSmw","SBSmw/01","D5"
"14969","BECv10","SBSmw","SBSmw/02","D1"
"14970","BECv10","SBSmw","SBSmw/02","C1"
"14971","BECv10","SBSmw","SBSmw/02","B1"
"14972","BECv10","SBSmw","SBSmw/02","A1"
"14973","BECv10","SBSmw","SBSmw/02","D0"
"14974","BECv10","SBSmw","SBSmw/02","C0"
"14975","BECv10","SBSmw","SBSmw/02","B0"
"14976","BECv10","SBSmw","SBSmw/02","A0"
"14977","BECv10","SBSmw","SBSmw/03","B3"
"14978","BECv10","SBSmw","SBSmw/03","B2"
"14979","BECv10","SBSmw","SBSmw/03","B1"
"14980","BECv10","SBSmw","SBSmw/03","A3"
"14981","BECv10","SBSmw","SBSmw/03","A2"
"14982","BECv10","SBSmw","SBSmw/03","A1"
"14983","BECv10","SBSmw","SBSmw/04","D3"
"14984","BECv10","SBSmw","SBSmw/04","D2"
"14985","BECv10","SBSmw","SBSmw/04","D1"
"14986","BECv10","SBSmw","SBSmw/04","C3"
"14987","BECv10","SBSmw","SBSmw/04","C2"
"14988","BECv10","SBSmw","SBSmw/04","C1"
"14989","BECv10","SBSmw","SBSmw/05","B5"
"14990","BECv10","SBSmw","SBSmw/06","D5"
"14991","BECv10","SBSmw","SBSmw/06","C5"
"14992","BECv10","SBSmw","SBSmw/07","D5"
"14993","BECv10","SBSmw","SBSmw/07","C5"
"14994","BECv10","SBSmw","SBSmw/08","E6"
"14995","BECv10","SBSmw","SBSmw/08","E5"
"14996","BECv10","SBSmw","SBSmw/08","D6"
"14997","BECv10","SBSmw","SBSmw/08","D5"
"14998","BECv10","SBSmw","SBSmw/09","D6"
"14999","BECv10","SBSmw","SBSmw/09","C6"
"15000","BECv10","SBSmw","SBSmw/09","B6"
"15001","BECv10","SBSmw","SBSmw/10","C7"
"15002","BECv10","SBSmw","SBSmw/10","B7"
"15003","BECv10","SBSmw","SBSmw/10","A7"
"15004","BECv10","SBSmw","SBSmw/11","D4"
"15005","BECv10","SBSmw","SBSmw/11","D3"
"15006","BECv10","SBSmw","SBSmw/11","C4"
"15007","BECv10","SBSmw","SBSmw/11","C3"
"15008","BECv10","SBSmw","SBSmw/11","B4"
"15009","BECv10","SBSmw","SBSmw/11","B3"
"15010","BECv10","SBSmw","SBSmw/11","C5"
"15011","BECv10","SBSmw","SBSmw/11","D5"
"15012","BECv10","SBSmw","SBSmw/12","C6"
"15013","BECv10","SBSmw","SBSmw/12","D6"
"15014","BECv10","SBSmw","SBSmw/13","D6"
"15015","BECv10","SBSmw","SBSmw/13","D7"
"15016","Add_2021","SBSmw","SBSmw/Ro","A0"
"15017","Add_2021","SBSmw","SBSmw/Ro","B0"
"15018","BECv10","SBSun","SBSun/h","E7"
"15019","BECv10","SBSun","SBSun/h","E6"
"15020","BECv10","SBSun","SBSun/h","E5"
"15021","BECv10","SBSun","SBSun/h","D7"
"15022","BECv10","SBSun","SBSun/h","D6"
"15023","BECv10","SBSun","SBSun/h","D5"
"15024","BECv10","SBSun","SBSun/h","C7"
"15025","BECv10","SBSun","SBSun/h","C6"
"15026","BECv10","SBSun","SBSun/h","C5"
"15027","BECv10","SBSun","SBSun/h","B7"
"15028","BECv10","SBSun","SBSun/h","B6"
"15029","BECv10","SBSun","SBSun/h","B5"
"15030","BECv10","SBSun","SBSun/h","A7"
"15031","BECv10","SBSun","SBSun/h","A6"
"15032","BECv10","SBSun","SBSun/h","A5"
"15033","BECv10","SBSun","SBSun/m","E4"
"15034","BECv10","SBSun","SBSun/m","E3"
"15035","BECv10","SBSun","SBSun/m","D4"
"15036","BECv10","SBSun","SBSun/m","D3"
"15037","BECv10","SBSun","SBSun/m","C4"
"15038","BECv10","SBSun","SBSun/m","C3"
"15039","BECv10","SBSun","SBSun/m","B4"
"15040","BECv10","SBSun","SBSun/m","B3"
"15041","BECv10","SBSun","SBSun/m","A4"
"15042","BECv10","SBSun","SBSun/m","A3"
"15043","BECv10","SBSun","SBSun/x","E2"
"15044","BECv10","SBSun","SBSun/x","E1"
"15045","BECv10","SBSun","SBSun/x","E0"
"15046","BECv10","SBSun","SBSun/x","D2"
"15047","BECv10","SBSun","SBSun/x","D1"
"15048","BECv10","SBSun","SBSun/x","D0"
"15049","BECv10","SBSun","SBSun/x","C2"
"15050","BECv10","SBSun","SBSun/x","C1"
"15051","BECv10","SBSun","SBSun/x","C0"
"15052","BECv10","SBSun","SBSun/x","B2"
"15053","BECv10","SBSun","SBSun/x","B1"
"15054","BECv10","SBSun","SBSun/x","B0"
"15055","BECv10","SBSun","SBSun/x","A2"
"15056","BECv10","SBSun","SBSun/x","A1"
"15057","BECv10","SBSun","SBSun/x","A0"
"15058","BECv10","SBSvk","SBSvk/01","D5"
"15059","BECv10","SBSvk","SBSvk/01","D4"
"15060","BECv10","SBSvk","SBSvk/01","C5"
"15061","BECv10","SBSvk","SBSvk/01","C4"
"15062","BECv10","SBSvk","SBSvk/01","C3"
"15063","BECv10","SBSvk","SBSvk/01","B5"
"15064","BECv10","SBSvk","SBSvk/01","B4"
"15065","BECv10","SBSvk","SBSvk/01","B3"
"15066","BECv10","SBSvk","SBSvk/02","B2"
"15067","BECv10","SBSvk","SBSvk/02","B1"
"15068","BECv10","SBSvk","SBSvk/02","A2"
"15069","BECv10","SBSvk","SBSvk/02","A1"
"15070","BECv10","SBSvk","SBSvk/03","C3"
"15071","BECv10","SBSvk","SBSvk/03","B3"
"15072","BECv10","SBSvk","SBSvk/03","B2"
"15073","BECv10","SBSvk","SBSvk/04","D3"
"15074","BECv10","SBSvk","SBSvk/04","C3"
"15075","BECv10","SBSvk","SBSvk/04","B3"
"15076","BECv10","SBSvk","SBSvk/05","D5"
"15077","BECv10","SBSvk","SBSvk/05","D4"
"15078","BECv10","SBSvk","SBSvk/05","C5"
"15079","BECv10","SBSvk","SBSvk/05","C4"
"15080","BECv10","SBSvk","SBSvk/06","D5"
"15081","BECv10","SBSvk","SBSvk/06","C6"
"15082","BECv10","SBSvk","SBSvk/06","C5"
"15083","BECv10","SBSvk","SBSvk/07","E6"
"15084","BECv10","SBSvk","SBSvk/07","D6"
"15085","BECv10","SBSvk","SBSvk/07","C6"
"15086","BECv10","SBSvk","SBSvk/08","B7"
"15087","BECv10","SBSvk","SBSvk/08","A7"
"15088","BECv10","SBSvk","SBSvk/09","B1"
"15089","BECv10","SBSvk","SBSvk/09","A1"
"15090","BECv10","SBSvk","SBSvk/10","E7"
"15091","BECv10","SBSvk","SBSvk/10","E6"
"15092","BECv10","SBSvk","SBSvk/10","D7"
"15093","BECv10","SBSvk","SBSvk/10","D6"
"15094","Add_2021","SBSvk","SBSvk/Ro","A0"
"15095","Add_2021","SBSvk","SBSvk/Ro","B0"
"15096","BECv10","SBSwk1","SBSwk1/01","D4"
"15097","BECv10","SBSwk1","SBSwk1/01","C5"
"15098","BECv10","SBSwk1","SBSwk1/01","C4"
"15099","BECv10","SBSwk1","SBSwk1/01","B5"
"15100","BECv10","SBSwk1","SBSwk1/01","B4"
"15101","BECv10","SBSwk1","SBSwk1/02","D1"
"15102","BECv10","SBSwk1","SBSwk1/02","C1"
"15103","BECv10","SBSwk1","SBSwk1/02","B1"
"15104","BECv10","SBSwk1","SBSwk1/02","A1"
"15105","BECv10","SBSwk1","SBSwk1/03","C2"
"15106","BECv10","SBSwk1","SBSwk1/03","C1"
"15107","BECv10","SBSwk1","SBSwk1/03","B3"
"15108","BECv10","SBSwk1","SBSwk1/03","B2"
"15109","BECv10","SBSwk1","SBSwk1/03","B1"
"15110","BECv10","SBSwk1","SBSwk1/03","A3"
"15111","BECv10","SBSwk1","SBSwk1/03","A2"
"15112","BECv10","SBSwk1","SBSwk1/04","D3"
"15113","BECv10","SBSwk1","SBSwk1/04","D2"
"15114","BECv10","SBSwk1","SBSwk1/04","C3"
"15115","BECv10","SBSwk1","SBSwk1/04","C2"
"15116","BECv10","SBSwk1","SBSwk1/04","B3"
"15117","BECv10","SBSwk1","SBSwk1/04","B2"
"15118","BECv10","SBSwk1","SBSwk1/05","D3"
"15119","BECv10","SBSwk1","SBSwk1/05","C4"
"15120","BECv10","SBSwk1","SBSwk1/05","C3"
"15121","BECv10","SBSwk1","SBSwk1/05","B4"
"15122","BECv10","SBSwk1","SBSwk1/05","B3"
"15123","BECv10","SBSwk1","SBSwk1/06","C5"
"15124","BECv10","SBSwk1","SBSwk1/06","B5"
"15125","BECv10","SBSwk1","SBSwk1/07","D5"
"15126","BECv10","SBSwk1","SBSwk1/07","C5"
"15127","BECv10","SBSwk1","SBSwk1/07","B5"
"15128","BECv10","SBSwk1","SBSwk1/08","E5"
"15129","BECv10","SBSwk1","SBSwk1/08","D5"
"15130","BECv10","SBSwk1","SBSwk1/09","D6"
"15131","BECv10","SBSwk1","SBSwk1/09","C6"
"15132","BECv10","SBSwk1","SBSwk1/09","B6"
"15133","BECv10","SBSwk1","SBSwk1/10","E6"
"15134","BECv10","SBSwk1","SBSwk1/10","D6"
"15135","BECv10","SBSwk1","SBSwk1/11","D7"
"15136","BECv10","SBSwk1","SBSwk1/11","C7"
"15137","BECv10","SBSwk1","SBSwk1/11","C6"
"15138","BECv10","SBSwk1","SBSwk1/11","B7"
"15139","BECv10","SBSwk1","SBSwk1/11","B6"
"15140","BECv10","SBSwk1","SBSwk1/12","B5"
"15141","BECv10","SBSwk1","SBSwk1/12","B4"
"15142","BECv10","SBSwk1","SBSwk1/12","B3"
"15143","BECv10","SBSwk1","SBSwk1/12","A5"
"15144","BECv10","SBSwk1","SBSwk1/12","A4"
"15145","BECv10","SBSwk1","SBSwk1/12","A3"
"15146","Add_2021","SBSwk1","SBSwk1/Ro","A0"
"15147","Add_2021","SBSwk1","SBSwk1/Ro","B0"
"15148","BECv10","SBSwk2","SBSwk2/01","D3"
"15149","BECv10","SBSwk2","SBSwk2/01","C4"
"15150","BECv10","SBSwk2","SBSwk2/02","B2"
"15151","BECv10","SBSwk2","SBSwk2/02","B1"
"15152","BECv10","SBSwk2","SBSwk2/02","A2"
"15153","BECv10","SBSwk2","SBSwk2/02","A1"
"15154","BECv10","SBSwk2","SBSwk2/03","C3"
"15155","BECv10","SBSwk2","SBSwk2/03","B3"
"15156","BECv10","SBSwk2","SBSwk2/04","B5"
"15157","BECv10","SBSwk2","SBSwk2/04","B4"
"15158","BECv10","SBSwk2","SBSwk2/04","B3"
"15159","BECv10","SBSwk2","SBSwk2/04","A5"
"15160","BECv10","SBSwk2","SBSwk2/04","A4"
"15161","BECv10","SBSwk2","SBSwk2/04","A3"
"15162","BECv10","SBSwk2","SBSwk2/05","D5"
"15163","BECv10","SBSwk2","SBSwk2/05","C5"
"15164","BECv10","SBSwk2","SBSwk2/06","D6"
"15165","BECv10","SBSwk2","SBSwk2/06","C6"
"15166","Add_2021","SBSwk2","SBSwk2/Ro","A0"
"15167","Add_2021","SBSwk2","SBSwk2/Ro","B0"
"15168","BECv10","SBSwk3","SBSwk3/01","D4"
"15169","BECv10","SBSwk3","SBSwk3/01","C4"
"15170","BECv10","SBSwk3","SBSwk3/01","B4"
"15171","BECv10","SBSwk3","SBSwk3/02","B2"
"15172","BECv10","SBSwk3","SBSwk3/02","B1"
"15173","BECv10","SBSwk3","SBSwk3/02","A2"
"15174","BECv10","SBSwk3","SBSwk3/02","A1"
"15175","BECv10","SBSwk3","SBSwk3/03","C2"
"15176","BECv10","SBSwk3","SBSwk3/03","B2"
"15177","BECv10","SBSwk3","SBSwk3/04","D3"
"15178","BECv10","SBSwk3","SBSwk3/04","C3"
"15179","BECv10","SBSwk3","SBSwk3/05","B5"
"15180","BECv10","SBSwk3","SBSwk3/05","B4"
"15181","BECv10","SBSwk3","SBSwk3/05","B3"
"15182","BECv10","SBSwk3","SBSwk3/05","A5"
"15183","BECv10","SBSwk3","SBSwk3/05","A4"
"15184","BECv10","SBSwk3","SBSwk3/05","A3"
"15185","BECv10","SBSwk3","SBSwk3/06","D5"
"15186","BECv10","SBSwk3","SBSwk3/06","D4"
"15187","BECv10","SBSwk3","SBSwk3/06","C5"
"15188","BECv10","SBSwk3","SBSwk3/06","C4"
"15189","BECv10","SBSwk3","SBSwk3/07","D5"
"15190","BECv10","SBSwk3","SBSwk3/07","C5"
"15191","BECv10","SBSwk3","SBSwk3/08","D6"
"15192","BECv10","SBSwk3","SBSwk3/08","C6"
"15193","Add_2021","SBSwk3","SBSwk3/Ro","A0"
"15194","Add_2021","SBSwk3","SBSwk3/Ro","B0"
"15195","BECv10","SBSwk3a","SBSwk3a/01","C4"
"15196","BECv10","SBSwk3a","SBSwk3a/01","B4"
"15197","BECv10","SBSwk3a","SBSwk3a/02","B2"
"15198","BECv10","SBSwk3a","SBSwk3a/02","B1"
"15199","BECv10","SBSwk3a","SBSwk3a/02","A2"
"15200","BECv10","SBSwk3a","SBSwk3a/02","A1"
"15201","BECv10","SBSwk3a","SBSwk3a/03","C2"
"15202","BECv10","SBSwk3a","SBSwk3a/03","B2"
"15203","BECv10","SBSwk3a","SBSwk3a/04","C3"
"15204","BECv10","SBSwk3a","SBSwk3a/04","B3"
"15205","BECv10","SBSwk3a","SBSwk3a/05","B5"
"15206","BECv10","SBSwk3a","SBSwk3a/05","B4"
"15207","BECv10","SBSwk3a","SBSwk3a/05","B3"
"15208","BECv10","SBSwk3a","SBSwk3a/05","A5"
"15209","BECv10","SBSwk3a","SBSwk3a/05","A4"
"15210","BECv10","SBSwk3a","SBSwk3a/05","A3"
"15211","BECv10","SBSwk3a","SBSwk3a/06","D5"
"15212","BECv10","SBSwk3a","SBSwk3a/06","D4"
"15213","BECv10","SBSwk3a","SBSwk3a/06","C5"
"15214","BECv10","SBSwk3a","SBSwk3a/06","C4"
"15215","BECv10","SBSwk3a","SBSwk3a/07","D6"
"15216","BECv10","SBSwk3a","SBSwk3a/07","D5"
"15217","BECv10","SBSwk3a","SBSwk3a/07","C6"
"15218","BECv10","SBSwk3a","SBSwk3a/07","C5"
"15219","BECv10","SBSwk3a","SBSwk3a/08","D6"
"15220","BECv10","SBSwk3a","SBSwk3a/08","C6"
"15221","Add_2021","SBSwk3a","SBSwk3a/Ro","A0"
"15222","Add_2021","SBSwk3a","SBSwk3a/Ro","B0"
"15223","USA_2019","SGPdm_CO","SGPdm_CO/110","E5"
"15224","USA_2019","SGPdm_CO","SGPdm_CO/110","D5"
"15225","USA_2019","SGPdm_CO","SGPdm_CO/110","C5"
"15226","USA_2019","SGPdm_CO","SGPdm_CO/110","B5"
"15227","USA_2019","SGPdm_CO","SGPdm_CO/111","E6"
"15228","USA_2019","SGPdm_CO","SGPdm_CO/111","D6"
"15229","USA_2019","SGPdm_CO","SGPdm_CO/111","C6"
"15230","USA_2019","SGPdm_CO","SGPdm_CO/111","B6"
"15231","USA_2019","SGPdm_CO","SGPdm_CO/Gg","D4"
"15232","USA_2019","SGPdm_CO","SGPdm_CO/Gg","D3"
"15233","USA_2019","SGPdm_CO","SGPdm_CO/Gg","D2"
"15234","USA_2019","SGPdm_CO","SGPdm_CO/Gg","D1"
"15235","USA_2019","SGPdm_CO","SGPdm_CO/Gg","C4"
"15236","USA_2019","SGPdm_CO","SGPdm_CO/Gg","C3"
"15237","USA_2019","SGPdm_CO","SGPdm_CO/Gg","C2"
"15238","USA_2019","SGPdm_CO","SGPdm_CO/Gg","C1"
"15239","USA_2019","SGPdm_CO","SGPdm_CO/Gg","B4"
"15240","USA_2019","SGPdm_CO","SGPdm_CO/Gg","B3"
"15241","USA_2019","SGPdm_CO","SGPdm_CO/Gg","B2"
"15242","USA_2019","SGPdm_CO","SGPdm_CO/Gg","B1"
"15243","USA_2019","SGPdm_CO","SGPdm_CO/Gg","A2"
"15244","USA_2019","SGPdm_CO","SGPdm_CO/Gg","A1"
"15245","Add_2021","SGPdm_CO","SGPdm_CO/Ro","A0"
"15246","Add_2021","SGPdm_CO","SGPdm_CO/Ro","B0"
"15247","BECv10","SWBmk","SWBmk/01","D4"
"15248","BECv10","SWBmk","SWBmk/01","C4"
"15249","BECv10","SWBmk","SWBmk/01","B4"
"15250","BECv10","SWBmk","SWBmk/02","B2"
"15251","BECv10","SWBmk","SWBmk/02","B1"
"15252","BECv10","SWBmk","SWBmk/02","B0"
"15253","BECv10","SWBmk","SWBmk/02","A2"
"15254","BECv10","SWBmk","SWBmk/02","A1"
"15255","BECv10","SWBmk","SWBmk/02","A0"
"15256","BECv10","SWBmk","SWBmk/03","C2"
"15257","BECv10","SWBmk","SWBmk/03","C1"
"15258","BECv10","SWBmk","SWBmk/03","B2"
"15259","BECv10","SWBmk","SWBmk/03","B1"
"15260","BECv10","SWBmk","SWBmk/04","D3"
"15261","BECv10","SWBmk","SWBmk/04","C4"
"15262","BECv10","SWBmk","SWBmk/04","C3"
"15263","BECv10","SWBmk","SWBmk/04","B4"
"15264","BECv10","SWBmk","SWBmk/04","B3"
"15265","BECv10","SWBmk","SWBmk/05","B5"
"15266","BECv10","SWBmk","SWBmk/05","B3"
"15267","BECv10","SWBmk","SWBmk/05","A5"
"15268","BECv10","SWBmk","SWBmk/05","A4"
"15269","BECv10","SWBmk","SWBmk/05","A3"
"15270","BECv10","SWBmk","SWBmk/06","C5"
"15271","BECv10","SWBmk","SWBmk/06","B5"
"15272","BECv10","SWBmk","SWBmk/07","C6"
"15273","BECv10","SWBmk","SWBmk/07","C5"
"15274","BECv10","SWBmk","SWBmk/07","B6"
"15275","BECv10","SWBmk","SWBmk/07","B5"
"15276","BECv10","SWBmk","SWBmk/08","D6"
"15277","BECv10","SWBmk","SWBmk/08","D5"
"15278","BECv10","SWBmk","SWBmk/08","C6"
"15279","BECv10","SWBmk","SWBmk/08","C5"
"15280","BECv10","SWBmk","SWBmk/09","C7"
"15281","BECv10","SWBmk","SWBmk/09","B7"
"15282","BECv10","SWBmk","SWBmk/09","B6"
"15283","BECv10","SWBmk","SWBmk/09","A7"
"15284","BECv10","SWBmk","SWBmk/09","A6"
"15285","BECv10","SWBmks","SWBmks/00","E7"
"15286","BECv10","SWBmks","SWBmks/00","E6"
"15287","BECv10","SWBmks","SWBmks/00","E5"
"15288","BECv10","SWBmks","SWBmks/00","E4"
"15289","BECv10","SWBmks","SWBmks/00","E3"
"15290","BECv10","SWBmks","SWBmks/00","E2"
"15291","BECv10","SWBmks","SWBmks/00","E1"
"15292","BECv10","SWBmks","SWBmks/00","E0"
"15293","BECv10","SWBmks","SWBmks/00","D7"
"15294","BECv10","SWBmks","SWBmks/00","D6"
"15295","BECv10","SWBmks","SWBmks/00","D5"
"15296","BECv10","SWBmks","SWBmks/00","D4"
"15297","BECv10","SWBmks","SWBmks/00","D3"
"15298","BECv10","SWBmks","SWBmks/00","D2"
"15299","BECv10","SWBmks","SWBmks/00","D1"
"15300","BECv10","SWBmks","SWBmks/00","D0"
"15301","BECv10","SWBmks","SWBmks/00","C7"
"15302","BECv10","SWBmks","SWBmks/00","C6"
"15303","BECv10","SWBmks","SWBmks/00","C5"
"15304","BECv10","SWBmks","SWBmks/00","C4"
"15305","BECv10","SWBmks","SWBmks/00","C3"
"15306","BECv10","SWBmks","SWBmks/00","C2"
"15307","BECv10","SWBmks","SWBmks/00","C1"
"15308","BECv10","SWBmks","SWBmks/00","C0"
"15309","BECv10","SWBmks","SWBmks/00","B7"
"15310","BECv10","SWBmks","SWBmks/00","B6"
"15311","BECv10","SWBmks","SWBmks/00","B5"
"15312","BECv10","SWBmks","SWBmks/00","B4"
"15313","BECv10","SWBmks","SWBmks/00","B3"
"15314","BECv10","SWBmks","SWBmks/00","B2"
"15315","BECv10","SWBmks","SWBmks/00","B1"
"15316","BECv10","SWBmks","SWBmks/00","B0"
"15317","BECv10","SWBmks","SWBmks/00","A7"
"15318","BECv10","SWBmks","SWBmks/00","A6"
"15319","BECv10","SWBmks","SWBmks/00","A5"
"15320","BECv10","SWBmks","SWBmks/00","A4"
"15321","BECv10","SWBmks","SWBmks/00","A3"
"15322","BECv10","SWBmks","SWBmks/00","A2"
"15323","BECv10","SWBmks","SWBmks/00","A1"
"15324","BECv10","SWBmks","SWBmks/00","A0"
"15325","BECv10","SWBun1","SWBun1/h","E7"
"15326","BECv10","SWBun1","SWBun1/h","E6"
"15327","BECv10","SWBun1","SWBun1/h","E5"
"15328","BECv10","SWBun1","SWBun1/h","D7"
"15329","BECv10","SWBun1","SWBun1/h","D6"
"15330","BECv10","SWBun1","SWBun1/h","D5"
"15331","BECv10","SWBun1","SWBun1/h","C7"
"15332","BECv10","SWBun1","SWBun1/h","C6"
"15333","BECv10","SWBun1","SWBun1/h","C5"
"15334","BECv10","SWBun1","SWBun1/h","B7"
"15335","BECv10","SWBun1","SWBun1/h","B6"
"15336","BECv10","SWBun1","SWBun1/h","A7"
"15337","BECv10","SWBun1","SWBun1/h","A6"
"15338","BECv10","SWBun1","SWBun1/h","A5"
"15339","BECv10","SWBun1","SWBun1/m","E4"
"15340","BECv10","SWBun1","SWBun1/m","E3"
"15341","BECv10","SWBun1","SWBun1/m","D4"
"15342","BECv10","SWBun1","SWBun1/m","D3"
"15343","BECv10","SWBun1","SWBun1/m","C4"
"15344","BECv10","SWBun1","SWBun1/m","C3"
"15345","BECv10","SWBun1","SWBun1/m","B5"
"15346","BECv10","SWBun1","SWBun1/m","B4"
"15347","BECv10","SWBun1","SWBun1/m","B3"
"15348","BECv10","SWBun1","SWBun1/m","A4"
"15349","BECv10","SWBun1","SWBun1/m","A3"
"15350","BECv10","SWBun1","SWBun1/x","E2"
"15351","BECv10","SWBun1","SWBun1/x","E1"
"15352","BECv10","SWBun1","SWBun1/x","E0"
"15353","BECv10","SWBun1","SWBun1/x","D2"
"15354","BECv10","SWBun1","SWBun1/x","D1"
"15355","BECv10","SWBun1","SWBun1/x","D0"
"15356","BECv10","SWBun1","SWBun1/x","C2"
"15357","BECv10","SWBun1","SWBun1/x","C1"
"15358","BECv10","SWBun1","SWBun1/x","C0"
"15359","BECv10","SWBun1","SWBun1/x","B2"
"15360","BECv10","SWBun1","SWBun1/x","B1"
"15361","BECv10","SWBun1","SWBun1/x","B0"
"15362","BECv10","SWBun1","SWBun1/x","A2"
"15363","BECv10","SWBun1","SWBun1/x","A1"
"15364","BECv10","SWBun1","SWBun1/x","A0"
"15365","BECv10","SWBvk","SWBvk/h","E7"
"15366","BECv10","SWBvk","SWBvk/h","E6"
"15367","BECv10","SWBvk","SWBvk/h","E5"
"15368","BECv10","SWBvk","SWBvk/h","D7"
"15369","BECv10","SWBvk","SWBvk/h","D6"
"15370","BECv10","SWBvk","SWBvk/h","D5"
"15371","BECv10","SWBvk","SWBvk/h","C7"
"15372","BECv10","SWBvk","SWBvk/h","C6"
"15373","BECv10","SWBvk","SWBvk/h","C5"
"15374","BECv10","SWBvk","SWBvk/h","B7"
"15375","BECv10","SWBvk","SWBvk/h","B6"
"15376","BECv10","SWBvk","SWBvk/h","A7"
"15377","BECv10","SWBvk","SWBvk/h","A6"
"15378","BECv10","SWBvk","SWBvk/h","A5"
"15379","BECv10","SWBvk","SWBvk/m","E4"
"15380","BECv10","SWBvk","SWBvk/m","E3"
"15381","BECv10","SWBvk","SWBvk/m","D4"
"15382","BECv10","SWBvk","SWBvk/m","D3"
"15383","BECv10","SWBvk","SWBvk/m","C4"
"15384","BECv10","SWBvk","SWBvk/m","C3"
"15385","BECv10","SWBvk","SWBvk/m","B5"
"15386","BECv10","SWBvk","SWBvk/m","B4"
"15387","BECv10","SWBvk","SWBvk/m","B3"
"15388","BECv10","SWBvk","SWBvk/m","A4"
"15389","BECv10","SWBvk","SWBvk/m","A3"
"15390","BECv10","SWBvk","SWBvk/x","E2"
"15391","BECv10","SWBvk","SWBvk/x","E1"
"15392","BECv10","SWBvk","SWBvk/x","E0"
"15393","BECv10","SWBvk","SWBvk/x","D2"
"15394","BECv10","SWBvk","SWBvk/x","D1"
"15395","BECv10","SWBvk","SWBvk/x","D0"
"15396","BECv10","SWBvk","SWBvk/x","C2"
"15397","BECv10","SWBvk","SWBvk/x","C1"
"15398","BECv10","SWBvk","SWBvk/x","C0"
"15399","BECv10","SWBvk","SWBvk/x","B2"
"15400","BECv10","SWBvk","SWBvk/x","B1"
"15401","BECv10","SWBvk","SWBvk/x","B0"
"15402","BECv10","SWBvk","SWBvk/x","A2"
"15403","BECv10","SWBvk","SWBvk/x","A1"
"15404","BECv10","SWBvk","SWBvk/x","A0"
"15405","BECv10","SWBvks","SWBvks/00","E7"
"15406","BECv10","SWBvks","SWBvks/00","E6"
"15407","BECv10","SWBvks","SWBvks/00","E5"
"15408","BECv10","SWBvks","SWBvks/00","E4"
"15409","BECv10","SWBvks","SWBvks/00","E3"
"15410","BECv10","SWBvks","SWBvks/00","E2"
"15411","BECv10","SWBvks","SWBvks/00","E1"
"15412","BECv10","SWBvks","SWBvks/00","E0"
"15413","BECv10","SWBvks","SWBvks/00","D7"
"15414","BECv10","SWBvks","SWBvks/00","D6"
"15415","BECv10","SWBvks","SWBvks/00","D5"
"15416","BECv10","SWBvks","SWBvks/00","D4"
"15417","BECv10","SWBvks","SWBvks/00","D3"
"15418","BECv10","SWBvks","SWBvks/00","D2"
"15419","BECv10","SWBvks","SWBvks/00","D1"
"15420","BECv10","SWBvks","SWBvks/00","D0"
"15421","BECv10","SWBvks","SWBvks/00","C7"
"15422","BECv10","SWBvks","SWBvks/00","C6"
"15423","BECv10","SWBvks","SWBvks/00","C5"
"15424","BECv10","SWBvks","SWBvks/00","C4"
"15425","BECv10","SWBvks","SWBvks/00","C3"
"15426","BECv10","SWBvks","SWBvks/00","C2"
"15427","BECv10","SWBvks","SWBvks/00","C1"
"15428","BECv10","SWBvks","SWBvks/00","C0"
"15429","BECv10","SWBvks","SWBvks/00","B7"
"15430","BECv10","SWBvks","SWBvks/00","B6"
"15431","BECv10","SWBvks","SWBvks/00","B5"
"15432","BECv10","SWBvks","SWBvks/00","B4"
"15433","BECv10","SWBvks","SWBvks/00","B3"
"15434","BECv10","SWBvks","SWBvks/00","B2"
"15435","BECv10","SWBvks","SWBvks/00","B1"
"15436","BECv10","SWBvks","SWBvks/00","B0"
"15437","BECv10","SWBvks","SWBvks/00","A7"
"15438","BECv10","SWBvks","SWBvks/00","A6"
"15439","BECv10","SWBvks","SWBvks/00","A5"
"15440","BECv10","SWBvks","SWBvks/00","A4"
"15441","BECv10","SWBvks","SWBvks/00","A3"
"15442","BECv10","SWBvks","SWBvks/00","A2"
"15443","BECv10","SWBvks","SWBvks/00","A1"
"15444","BECv10","SWBvks","SWBvks/00","A0"
"15445","USA_2019","WJPxm_OR","WJPxm_OR/101","D4"
"15446","USA_2019","WJPxm_OR","WJPxm_OR/101","D3"
"15447","USA_2019","WJPxm_OR","WJPxm_OR/101","C4"
"15448","USA_2019","WJPxm_OR","WJPxm_OR/101","C3"
"15449","USA_2019","WJPxm_OR","WJPxm_OR/101","B4"
"15450","USA_2019","WJPxm_OR","WJPxm_OR/101","B3"
"15451","USA_2019","WJPxm_OR","WJPxm_OR/103","D2"
"15452","USA_2019","WJPxm_OR","WJPxm_OR/103","C2"
"15453","USA_2019","WJPxm_OR","WJPxm_OR/103","B2"
"15454","USA_2019","WJPxm_OR","WJPxm_OR/103","A2"
"15455","USA_2019","WJPxm_OR","WJPxm_OR/110","E5"
"15456","USA_2019","WJPxm_OR","WJPxm_OR/110","D5"
"15457","USA_2019","WJPxm_OR","WJPxm_OR/110","C5"
"15458","USA_2019","WJPxm_OR","WJPxm_OR/110","B5"
"15459","USA_2019","WJPxm_OR","WJPxm_OR/111","E6"
"15460","USA_2019","WJPxm_OR","WJPxm_OR/111","D6"
"15461","USA_2019","WJPxm_OR","WJPxm_OR/111","C6"
"15462","USA_2019","WJPxm_OR","WJPxm_OR/111","B6"
"15463","USA_2019","WJPxm_OR","WJPxm_OR/Gg","D1"
"15464","USA_2019","WJPxm_OR","WJPxm_OR/Gg","C1"
"15465","USA_2019","WJPxm_OR","WJPxm_OR/Gg","B1"
"15466","USA_2019","WJPxm_OR","WJPxm_OR/Gg","A1"
"15467","Add_2021","WJPxm_OR","WJPxm_OR/Ro","A0"
"15468","Add_2021","WJPxm_OR","WJPxm_OR/Ro","B0"
"15469","Add_2026","CRFmh_CA","CRFmh_CA/101","B3"
"15470","Add_2026","CRFmh_CA","CRFmh_CA/101","B4"
"15471","Add_2026","CRFmh_CA","CRFmh_CA/101","C3"
"15472","Add_2026","CRFmh_CA","CRFmh_CA/101","C4"
"15473","Add_2026","CRFmh_CA","CRFmh_CA/101","D3"
"15474","Add_2026","CRFmh_CA","CRFmh_CA/101","D4"
"15475","Add_2026","CRFmh_CA","CRFmh_CA/102","A1"
"15476","Add_2026","CRFmh_CA","CRFmh_CA/102","B1"
"15477","Add_2026","CRFmh_CA","CRFmh_CA/102","C1"
"15478","Add_2026","CRFmh_CA","CRFmh_CA/102","D1"
"15479","Add_2026","CRFmh_CA","CRFmh_CA/103","A2"
"15480","Add_2026","CRFmh_CA","CRFmh_CA/103","B2"
"15481","Add_2026","CRFmh_CA","CRFmh_CA/103","C2"
"15482","Add_2026","CRFmh_CA","CRFmh_CA/103","D2"
"15483","Add_2026","CRFmh_CA","CRFmh_CA/110","B5"
"15484","Add_2026","CRFmh_CA","CRFmh_CA/110","C5"
"15485","Add_2026","CRFmh_CA","CRFmh_CA/110","D5"
"15486","Add_2026","CRFmh_CA","CRFmh_CA/110","E5"
"15487","Add_2026","CRFmh_CA","CRFmh_CA/111","B6"
"15488","Add_2026","CRFmh_CA","CRFmh_CA/111","C6"
"15489","Add_2026","CRFmh_CA","CRFmh_CA/111","D6"
"15490","Add_2026","CRFmh_CA","CRFmh_CA/111","E6"
"15491","Add_2026","CRFmh_CA","CRFmh_CA/Ro","A0"
"15492","Add_2026","CRFmh_CA","CRFmh_CA/Ro","B0"
"15493","USA_2026","FGff","FGff/112","B5"
"15494","USA_2026","FGff","FGff/113","B6"
"15495","USA_2026","FGff","FGff/112","C5"
"15496","USA_2026","FGff","FGff/113","C6"
"15497","USA_2026","FGff","FGff/112","D5"
"15498","USA_2026","FGff","FGff/113","D6"
"15499","USA_2026","FGff","FGff/112","E5"
"15500","USA_2026","FGff","FGff/113","E6"
"15501","USA_2026","MDCHun_NV","MDCHun_NV/111","B6"
"15502","USA_2026","MDCHun_NV","MDCHun_NV/111","C6"
"15503","USA_2026","MDCHun_NV","MDCHun_NV/111","D6"
"15504","USA_2026","MDCHun_NV","MDCHun_NV/111","E6"
"15505","USA_2026","MSSDun_NV","MSSDun_NV/101","B3"
"15506","USA_2026","MSSDun_NV","MSSDun_NV/101","B4"
"15507","USA_2026","MSSDun_NV","MSSDun_NV/101","C3"
"15508","USA_2026","MSSDun_NV","MSSDun_NV/101","C4"
"15509","USA_2026","MSSDun_NV","MSSDun_NV/101","D3"
"15510","USA_2026","MSSDun_NV","MSSDun_NV/101","D4"
"15511","USA_2026","OWdm_CA","OWdm_CA/101","B3"
"15512","USA_2026","OWdm_CA","OWdm_CA/101","B4"
"15513","USA_2026","OWdm_CA","OWdm_CA/101","C3"
"15514","USA_2026","OWdm_CA","OWdm_CA/101","C4"
"15515","USA_2026","OWdm_CA","OWdm_CA/101","D3"
"15516","USA_2026","OWdm_CA","OWdm_CA/101","D4"
"15517","USA_2026","OWdm_CA","OWdm_CA/102","A1"
"15518","USA_2026","OWdm_CA","OWdm_CA/102","B1"
"15519","USA_2026","OWdm_CA","OWdm_CA/102","C1"
"15520","USA_2026","OWdm_CA","OWdm_CA/102","D1"
"15521","USA_2026","OWdm_CA","OWdm_CA/103","A2"
"15522","USA_2026","OWdm_CA","OWdm_CA/103","B2"
"15523","USA_2026","OWdm_CA","OWdm_CA/103","C2"
"15524","USA_2026","OWdm_CA","OWdm_CA/103","D2"
"15525","USA_2026","OWdm_CA","OWdm_CA/110","B5"
"15526","USA_2026","OWdm_CA","OWdm_CA/110","C5"
"15527","USA_2026","OWdm_CA","OWdm_CA/110","D5"
"15528","USA_2026","OWdm_CA","OWdm_CA/110","E5"
"15529","USA_2026","OWdm_CA","OWdm_CA/111","B6"
"15530","USA_2026","OWdm_CA","OWdm_CA/111","C6"
"15531","USA_2026","OWdm_CA","OWdm_CA/111","D6"
"15532","USA_2026","OWdm_CA","OWdm_CA/111","E6"
"15533","USA_2026","OWdm_CA","OWdm_CA/Ro","A0"
"15534","USA_2026","OWdm_CA","OWdm_CA/Ro","B0"
"15535","USA_2026","OWmm_OR","OWmm_OR/101","B3"
"15536","USA_2026","OWmm_OR","OWmm_OR/101","B4"
"15537","USA_2026","OWmm_OR","OWmm_OR/101","C3"
"15538","USA_2026","OWmm_OR","OWmm_OR/101","C4"
"15539","USA_2026","OWmm_OR","OWmm_OR/101","D3"
"15540","USA_2026","OWmm_OR","OWmm_OR/101","D4"
"15541","USA_2026","OWmm_OR","OWmm_OR/102","A1"
"15542","USA_2026","OWmm_OR","OWmm_OR/102","B1"
"15543","USA_2026","OWmm_OR","OWmm_OR/102","C1"
"15544","USA_2026","OWmm_OR","OWmm_OR/102","D1"
"15545","USA_2026","OWmm_OR","OWmm_OR/103","A2"
"15546","USA_2026","OWmm_OR","OWmm_OR/103","B2"
"15547","USA_2026","OWmm_OR","OWmm_OR/103","C2"
"15548","USA_2026","OWmm_OR","OWmm_OR/103","D2"
"15549","USA_2026","OWmm_OR","OWmm_OR/110","B5"
"15550","USA_2026","OWmm_OR","OWmm_OR/110","C5"
"15551","USA_2026","OWmm_OR","OWmm_OR/110","D5"
"15552","USA_2026","OWmm_OR","OWmm_OR/110","E5"
"15553","USA_2026","OWmm_OR","OWmm_OR/111","B6"
"15554","USA_2026","OWmm_OR","OWmm_OR/111","C6"
"15555","USA_2026","OWmm_OR","OWmm_OR/111","D6"
"15556","USA_2026","OWmm_OR","OWmm_OR/111","E6"
"15557","USA_2026","OWmm_OR","OWmm_OR/Ro","A0"
"15558","USA_2026","OWmm_OR","OWmm_OR/Ro","B0"
"15559","USA_2026","OWwm_OR","OWwm_OR/101","B3"
"15560","USA_2026","OWwm_OR","OWwm_OR/101","B4"
"15561","USA_2026","OWwm_OR","OWwm_OR/101","C3"
"15562","USA_2026","OWwm_OR","OWwm_OR/101","C4"
"15563","USA_2026","OWwm_OR","OWwm_OR/101","D3"
"15564","USA_2026","OWwm_OR","OWwm_OR/101","D4"
"15565","USA_2026","OWwm_OR","OWwm_OR/102","A1"
"15566","USA_2026","OWwm_OR","OWwm_OR/102","B1"
"15567","USA_2026","OWwm_OR","OWwm_OR/102","C1"
"15568","USA_2026","OWwm_OR","OWwm_OR/102","D1"
"15569","USA_2026","OWwm_OR","OWwm_OR/103","A2"
"15570","USA_2026","OWwm_OR","OWwm_OR/103","B2"
"15571","USA_2026","OWwm_OR","OWwm_OR/103","C2"
"15572","USA_2026","OWwm_OR","OWwm_OR/103","D2"
"15573","USA_2026","OWwm_OR","OWwm_OR/110","B5"
"15574","USA_2026","OWwm_OR","OWwm_OR/110","C5"
"15575","USA_2026","OWwm_OR","OWwm_OR/110","D5"
"15576","USA_2026","OWwm_OR","OWwm_OR/110","E5"
"15577","USA_2026","OWwm_OR","OWwm_OR/111","B6"
"15578","USA_2026","OWwm_OR","OWwm_OR/111","C6"
"15579","USA_2026","OWwm_OR","OWwm_OR/111","D6"
"15580","USA_2026","OWwm_OR","OWwm_OR/111","E6"
"15581","USA_2026","OWwm_OR","OWwm_OR/Ro","A0"
"15582","USA_2026","OWwm_OR","OWwm_OR/Ro","B0"
"15583","USA_2026","OWxm_CA","OWxm_CA/101","B3"
"15584","USA_2026","OWxm_CA","OWxm_CA/101","B4"
"15585","USA_2026","OWxm_CA","OWxm_CA/101","C3"
"15586","USA_2026","OWxm_CA","OWxm_CA/101","C4"
"15587","USA_2026","OWxm_CA","OWxm_CA/101","D3"
"15588","USA_2026","OWxm_CA","OWxm_CA/101","D4"
"15589","USA_2026","OWxm_CA","OWxm_CA/102","A1"
"15590","USA_2026","OWxm_CA","OWxm_CA/102","B1"
"15591","USA_2026","OWxm_CA","OWxm_CA/102","C1"
"15592","USA_2026","OWxm_CA","OWxm_CA/102","D1"
"15593","USA_2026","OWxm_CA","OWxm_CA/103","A2"
"15594","USA_2026","OWxm_CA","OWxm_CA/103","B2"
"15595","USA_2026","OWxm_CA","OWxm_CA/103","C2"
"15596","USA_2026","OWxm_CA","OWxm_CA/103","D2"
"15597","USA_2026","OWxm_CA","OWxm_CA/110","B5"
"15598","USA_2026","OWxm_CA","OWxm_CA/110","C5"
"15599","USA_2026","OWxm_CA","OWxm_CA/110","D5"
"15600","USA_2026","OWxm_CA","OWxm_CA/110","E5"
"15601","USA_2026","OWxm_CA","OWxm_CA/111","B6"
"15602","USA_2026","OWxm_CA","OWxm_CA/111","C6"
"15603","USA_2026","OWxm_CA","OWxm_CA/111","D6"
"15604","USA_2026","OWxm_CA","OWxm_CA/111","E6"
"15605","USA_2026","OWxm_CA","OWxm_CA/Ro","A0"
"15606","USA_2026","OWxm_CA","OWxm_CA/Ro","B0"
"15607","USA_2026","PPJWmw_UT","PPJWmw_UT/101","B3"
"15608","USA_2026","PPJWmw_UT","PPJWmw_UT/101","B4"
"15609","USA_2026","PPJWmw_UT","PPJWmw_UT/101","C3"
"15610","USA_2026","PPJWmw_UT","PPJWmw_UT/101","C4"
"15611","USA_2026","PPJWmw_UT","PPJWmw_UT/101","D3"
"15612","USA_2026","PPJWmw_UT","PPJWmw_UT/101","D4"
"15613","USA_2026","PPJWmw_UT","PPJWmw_UT/103","A2"
"15614","USA_2026","PPJWmw_UT","PPJWmw_UT/103","B2"
"15615","USA_2026","PPJWmw_UT","PPJWmw_UT/103","C2"
"15616","USA_2026","PPJWmw_UT","PPJWmw_UT/103","D2"
"15617","USA_2026","PPJWmw_UT","PPJWmw_UT/110","B5"
"15618","USA_2026","PPJWmw_UT","PPJWmw_UT/110","C5"
"15619","USA_2026","PPJWmw_UT","PPJWmw_UT/110","D5"
"15620","USA_2026","PPJWmw_UT","PPJWmw_UT/110","E5"
"15621","USA_2026","PPJWmw_UT","PPJWmw_UT/111","B6"
"15622","USA_2026","PPJWmw_UT","PPJWmw_UT/111","C6"
"15623","USA_2026","PPJWmw_UT","PPJWmw_UT/111","D6"
"15624","USA_2026","PPJWmw_UT","PPJWmw_UT/111","E6"
"15625","USA_2026","PPJWmw_UT","PPJWmw_UT/Gg","A1"
"15626","USA_2026","PPJWmw_UT","PPJWmw_UT/Gg","B1"
"15627","USA_2026","PPJWmw_UT","PPJWmw_UT/Gg","C1"
"15628","USA_2026","PPJWmw_UT","PPJWmw_UT/Gg","D1"
"15629","USA_2026","PPJWmw_UT","PPJWmw_UT/Ro","A0"
"15630","USA_2026","PPJWmw_UT","PPJWmw_UT/Ro","B0"
"15631","USA_2026","MMMdk_NV","MMMdk_NV/110","B5"
"15632","USA_2026","MMMdk_NV","MMMdk_NV/110","C5"
"15633","USA_2026","MMMdk_NV","MMMdk_NV/110","D5"
"15634","USA_2026","MMMdk_NV","MMMdk_NV/110","E5"
"15635","USA_2026","MMMdk_NV","MMMdk_NV/111","B6"
"15636","USA_2026","MMMdk_NV","MMMdk_NV/111","C6"
"15637","USA_2026","MMMdk_NV","MMMdk_NV/111","D6"
"15638","USA_2026","MMMdk_NV","MMMdk_NV/111","E6"
"15639","USA_2026","MMMdk_NV","MMMdk_NV/102","A1"
"15640","USA_2026","MMMdk_NV","MMMdk_NV/103","A2"
"15641","USA_2026","MMMdk_NV","MMMdk_NV/102","B1"
"15642","USA_2026","MMMdk_NV","MMMdk_NV/103","B2"
"15643","USA_2026","MMMdk_NV","MMMdk_NV/102","C1"
"15644","USA_2026","MMMdk_NV","MMMdk_NV/103","C2"
"15645","USA_2026","MMMdk_NV","MMMdk_NV/102","D1"
"15646","USA_2026","MMMdk_NV","MMMdk_NV/103","D2"
"15647","USA_2026","MMMdk_NV","MMMdk_NV/101","B3"
"15648","USA_2026","MMMdk_NV","MMMdk_NV/101","B4"
"15649","USA_2026","MMMdk_NV","MMMdk_NV/101","C3"
"15650","USA_2026","MMMdk_NV","MMMdk_NV/101","C4"
"15651","USA_2026","MMMdk_NV","MMMdk_NV/101","D3"
"15652","USA_2026","MMMdk_NV","MMMdk_NV/101","D4"
"15653","USA_2026","MMMdk_NV","MMMdk_NV/Ro","A0"
"15654","USA_2026","MMMdk_NV","MMMdk_NV/Ro","B0"
"15655","USA_2026","BGxxx_WY","BGxxx_WY/110","B5"
"15656","USA_2026","BGxxx_WY","BGxxx_WY/110","C5"
"15657","USA_2026","BGxxx_WY","BGxxx_WY/110","D5"
"15658","USA_2026","BGxxx_WY","BGxxx_WY/110","E5"
"15659","USA_2026","BGxxx_WY","BGxxx_WY/111","B6"
"15660","USA_2026","BGxxx_WY","BGxxx_WY/111","C6"
"15661","USA_2026","BGxxx_WY","BGxxx_WY/111","D6"
"15662","USA_2026","BGxxx_WY","BGxxx_WY/111","E6"
"15663","USA_2026","BGxxx_WY","BGxxx_WY/Gg1","A1"
"15664","USA_2026","BGxxx_WY","BGxxx_WY/Gg1","A2"
"15665","USA_2026","BGxxx_WY","BGxxx_WY/Gg1","B1"
"15666","USA_2026","BGxxx_WY","BGxxx_WY/Gg1","B2"
"15667","USA_2026","BGxxx_WY","BGxxx_WY/Gg1","C1"
"15668","USA_2026","BGxxx_WY","BGxxx_WY/Gg1","C2"
"15669","USA_2026","BGxxx_WY","BGxxx_WY/Gg1","D1"
"15670","USA_2026","BGxxx_WY","BGxxx_WY/Gg1","D2"
"15671","USA_2026","BGxxx_WY","BGxxx_WY/Gg2","B3"
"15672","USA_2026","BGxxx_WY","BGxxx_WY/Gg2","B4"
"15673","USA_2026","BGxxx_WY","BGxxx_WY/Gg2","C3"
"15674","USA_2026","BGxxx_WY","BGxxx_WY/Gg2","C4"
"15675","USA_2026","BGxxx_WY","BGxxx_WY/Gg2","D3"
"15676","USA_2026","BGxxx_WY","BGxxx_WY/Gg2","D4"
"15677","USA_2026","BGxxx_WY","BGxxx_WY/Ro","A0"
"15678","USA_2026","BGxxx_WY","BGxxx_WY/Ro","B0"
"15679","USA_2019","PPJWdm_WY","PPJWdm_WY/101","B3"
"15680","USA_2019","PPJWdm_WY","PPJWdm_WY/101","B4"
"15681","USA_2019","PPJWdm_WY","PPJWdm_WY/101","C3"
"15682","USA_2019","PPJWdm_WY","PPJWdm_WY/101","C4"
"15683","USA_2019","PPJWdm_WY","PPJWdm_WY/101","D3"
"15684","USA_2019","PPJWdm_WY","PPJWdm_WY/101","D4"
"15685","USA_2019","PPJWdm_WY","PPJWdm_WY/110","B5"
"15686","USA_2019","PPJWdm_WY","PPJWdm_WY/110","C5"
"15687","USA_2019","PPJWdm_WY","PPJWdm_WY/110","D5"
"15688","USA_2019","PPJWdm_WY","PPJWdm_WY/110","E5"
"15689","USA_2019","PPJWdm_WY","PPJWdm_WY/111","B6"
"15690","USA_2019","PPJWdm_WY","PPJWdm_WY/111","C6"
"15691","USA_2019","PPJWdm_WY","PPJWdm_WY/113","D6"
"15692","USA_2019","PPJWdm_WY","PPJWdm_WY/113","E6"
"15693","USA_2019","PPJWdm_WY","PPJWdm_WY/Gg","A1"
"15694","USA_2019","PPJWdm_WY","PPJWdm_WY/Gg","A2"
"15695","USA_2019","PPJWdm_WY","PPJWdm_WY/Gg","B1"
"15696","USA_2019","PPJWdm_WY","PPJWdm_WY/Gg","B2"
"15697","USA_2019","PPJWdm_WY","PPJWdm_WY/Gg","C1"
"15698","USA_2019","PPJWdm_WY","PPJWdm_WY/Gg","C2"
"15699","USA_2019","PPJWdm_WY","PPJWdm_WY/Gg","D1"
"15700","USA_2019","PPJWdm_WY","PPJWdm_WY/Gg","D2"
"15701","Add_2021","PPJWdm_WY","PPJWdm_WY/Ro","A0"
"15702","Add_2021","PPJWdm_WY","PPJWdm_WY/Ro","B0"
"15703","USA_2019","PPJWdw_UT","PPJWdw_UT/101","B3"
"15704","USA_2019","PPJWdw_UT","PPJWdw_UT/101","B4"
"15705","USA_2019","PPJWdw_UT","PPJWdw_UT/101","C3"
"15706","USA_2019","PPJWdw_UT","PPJWdw_UT/101","C4"
"15707","USA_2019","PPJWdw_UT","PPJWdw_UT/101","D3"
"15708","USA_2019","PPJWdw_UT","PPJWdw_UT/101","D4"
"15709","USA_2019","PPJWdw_UT","PPJWdw_UT/103","A2"
"15710","USA_2019","PPJWdw_UT","PPJWdw_UT/103","B2"
"15711","USA_2019","PPJWdw_UT","PPJWdw_UT/103","C2"
"15712","USA_2019","PPJWdw_UT","PPJWdw_UT/103","D2"
"15713","USA_2019","PPJWdw_UT","PPJWdw_UT/110","B5"
"15714","USA_2019","PPJWdw_UT","PPJWdw_UT/110","C5"
"15715","USA_2019","PPJWdw_UT","PPJWdw_UT/110","D5"
"15716","USA_2019","PPJWdw_UT","PPJWdw_UT/110","E5"
"15717","USA_2019","PPJWdw_UT","PPJWdw_UT/111","B6"
"15718","USA_2019","PPJWdw_UT","PPJWdw_UT/111","C6"
"15719","USA_2019","PPJWdw_UT","PPJWdw_UT/113","D6"
"15720","USA_2019","PPJWdw_UT","PPJWdw_UT/113","E6"
"15721","USA_2019","PPJWdw_UT","PPJWdw_UT/Gg","A1"
"15722","USA_2019","PPJWdw_UT","PPJWdw_UT/Gg","B1"
"15723","USA_2019","PPJWdw_UT","PPJWdw_UT/Gg","C1"
"15724","USA_2019","PPJWdw_UT","PPJWdw_UT/Gg","D1"
"15725","Add_2021","PPJWdw_UT","PPJWdw_UT/Ro","A0"
"15726","Add_2021","PPJWdw_UT","PPJWdw_UT/Ro","B0"
"15727","USA_2019","PPJWwm_CO","PPJWwm_CO/101","B3"
"15728","USA_2019","PPJWwm_CO","PPJWwm_CO/101","B4"
"15729","USA_2019","PPJWwm_CO","PPJWwm_CO/101","C3"
"15730","USA_2019","PPJWwm_CO","PPJWwm_CO/101","C4"
"15731","USA_2019","PPJWwm_CO","PPJWwm_CO/101","D3"
"15732","USA_2019","PPJWwm_CO","PPJWwm_CO/101","D4"
"15733","USA_2019","PPJWwm_CO","PPJWwm_CO/103","A2"
"15734","USA_2019","PPJWwm_CO","PPJWwm_CO/103","B2"
"15735","USA_2019","PPJWwm_CO","PPJWwm_CO/103","C2"
"15736","USA_2019","PPJWwm_CO","PPJWwm_CO/103","D2"
"15737","USA_2019","PPJWwm_CO","PPJWwm_CO/110","B5"
"15738","USA_2019","PPJWwm_CO","PPJWwm_CO/110","C5"
"15739","USA_2019","PPJWwm_CO","PPJWwm_CO/110","D5"
"15740","USA_2019","PPJWwm_CO","PPJWwm_CO/110","E5"
"15741","USA_2019","PPJWwm_CO","PPJWwm_CO/111","B6"
"15742","USA_2019","PPJWwm_CO","PPJWwm_CO/111","C6"
"15743","USA_2019","PPJWwm_CO","PPJWwm_CO/113","D6"
"15744","USA_2019","PPJWwm_CO","PPJWwm_CO/113","E6"
"15745","USA_2019","PPJWwm_CO","PPJWwm_CO/Gg","A1"
"15746","USA_2019","PPJWwm_CO","PPJWwm_CO/Gg","B1"
"15747","USA_2019","PPJWwm_CO","PPJWwm_CO/Gg","C1"
"15748","USA_2019","PPJWwm_CO","PPJWwm_CO/Gg","D1"
"15749","Add_2021","PPJWwm_CO","PPJWwm_CO/Ro","A0"
"15750","Add_2021","PPJWwm_CO","PPJWwm_CO/Ro","B0"
"15751","USA_2019","PPJWxh_CA","PPJWxh_CA/101","B3"
"15752","USA_2019","PPJWxh_CA","PPJWxh_CA/101","B4"
"15753","USA_2019","PPJWxh_CA","PPJWxh_CA/101","C3"
"15754","USA_2019","PPJWxh_CA","PPJWxh_CA/101","C4"
"15755","USA_2019","PPJWxh_CA","PPJWxh_CA/101","D3"
"15756","USA_2019","PPJWxh_CA","PPJWxh_CA/101","D4"
"15757","USA_2019","PPJWxh_CA","PPJWxh_CA/103","A2"
"15758","USA_2019","PPJWxh_CA","PPJWxh_CA/103","B2"
"15759","USA_2019","PPJWxh_CA","PPJWxh_CA/103","C2"
"15760","USA_2019","PPJWxh_CA","PPJWxh_CA/103","D2"
"15761","USA_2019","PPJWxh_CA","PPJWxh_CA/110","B5"
"15762","USA_2019","PPJWxh_CA","PPJWxh_CA/110","C5"
"15763","USA_2019","PPJWxh_CA","PPJWxh_CA/110","D5"
"15764","USA_2019","PPJWxh_CA","PPJWxh_CA/110","E5"
"15765","USA_2019","PPJWxh_CA","PPJWxh_CA/111","B6"
"15766","USA_2019","PPJWxh_CA","PPJWxh_CA/111","C6"
"15767","USA_2019","PPJWxh_CA","PPJWxh_CA/111","D6"
"15768","USA_2019","PPJWxh_CA","PPJWxh_CA/111","E6"
"15769","USA_2019","PPJWxh_CA","PPJWxh_CA/Gg","A1"
"15770","USA_2019","PPJWxh_CA","PPJWxh_CA/Gg","B1"
"15771","USA_2019","PPJWxh_CA","PPJWxh_CA/Gg","C1"
"15772","USA_2019","PPJWxh_CA","PPJWxh_CA/Gg","D1"
"15773","Add_2021","PPJWxh_CA","PPJWxh_CA/Ro","A0"
"15774","Add_2021","PPJWxh_CA","PPJWxh_CA/Ro","B0"
"15775","USA_2019","PPJWxw_NV","PPJWxw_NV/101","B3"
"15776","USA_2019","PPJWxw_NV","PPJWxw_NV/101","B4"
"15777","USA_2019","PPJWxw_NV","PPJWxw_NV/101","C3"
"15778","USA_2019","PPJWxw_NV","PPJWxw_NV/101","C4"
"15779","USA_2019","PPJWxw_NV","PPJWxw_NV/101","D3"
"15780","USA_2019","PPJWxw_NV","PPJWxw_NV/101","D4"
"15781","USA_2019","PPJWxw_NV","PPJWxw_NV/103","A2"
"15782","USA_2019","PPJWxw_NV","PPJWxw_NV/103","B2"
"15783","USA_2019","PPJWxw_NV","PPJWxw_NV/103","C2"
"15784","USA_2019","PPJWxw_NV","PPJWxw_NV/103","D2"
"15785","USA_2019","PPJWxw_NV","PPJWxw_NV/110","B5"
"15786","USA_2019","PPJWxw_NV","PPJWxw_NV/110","C5"
"15787","USA_2019","PPJWxw_NV","PPJWxw_NV/110","D5"
"15788","USA_2019","PPJWxw_NV","PPJWxw_NV/110","E5"
"15789","USA_2019","PPJWxw_NV","PPJWxw_NV/111","B6"
"15790","USA_2019","PPJWxw_NV","PPJWxw_NV/111","C6"
"15791","USA_2019","PPJWxw_NV","PPJWxw_NV/113","D6"
"15792","USA_2019","PPJWxw_NV","PPJWxw_NV/113","E6"
"15793","USA_2019","PPJWxw_NV","PPJWxw_NV/Gg","A1"
"15794","USA_2019","PPJWxw_NV","PPJWxw_NV/Gg","B1"
"15795","USA_2019","PPJWxw_NV","PPJWxw_NV/Gg","C1"
"15796","USA_2019","PPJWxw_NV","PPJWxw_NV/Gg","D1"
"15797","Add_2021","PPJWxw_NV","PPJWxw_NV/Ro","A0"
"15798","Add_2021","PPJWxw_NV","PPJWxw_NV/Ro","B0"
"15799","BECv13","SBSvc","SBSvc/101","B4"
"15800","BECv13","SBSvc","SBSvc/101","C4"
"15801","BECv13","SBSvc","SBSvc/101","D4"
"15802","BECv13","SBSvc","SBSvc/101","B5"
"15803","BECv13","SBSvc","SBSvc/101","C5"
"15804","BECv13","SBSvc","SBSvc/101","D5"
"15805","BECv13","SBSvc","SBSvc/102","A1"
"15806","BECv13","SBSvc","SBSvc/102","B1"
"15807","BECv13","SBSvc","SBSvc/102","C1"
"15808","BECv13","SBSvc","SBSvc/102","A0"
"15809","BECv13","SBSvc","SBSvc/102","B0"
"15810","BECv13","SBSvc","SBSvc/102","C0"
"15811","BECv13","SBSvc","SBSvc/103","B2"
"15812","BECv13","SBSvc","SBSvc/103","B3"
"15813","BECv13","SBSvc","SBSvc/103","C2"
"15814","BECv13","SBSvc","SBSvc/103","C3"
"15815","BECv13","SBSvc","SBSvc/104","A2"
"15816","BECv13","SBSvc","SBSvc/104","A3"
"15817","BECv13","SBSvc","SBSvc/104","A4"
"15818","BECv13","SBSvc","SBSvc/104","B2"
"15819","BECv13","SBSvc","SBSvc/104","B3"
"15820","BECv13","SBSvc","SBSvc/104","B4"
"15821","BECv13","SBSvc","SBSvc/105","B4"
"15822","BECv13","SBSvc","SBSvc/105","C4"
"15823","BECv13","SBSvc","SBSvc/105","D4"
"15824","BECv13","SBSvc","SBSvc/105","B3"
"15825","BECv13","SBSvc","SBSvc/105","C3"
"15826","BECv13","SBSvc","SBSvc/105","D3"
"15827","BECv13","SBSvc","SBSvc/110","B5"
"15828","BECv13","SBSvc","SBSvc/110","C5"
"15829","BECv13","SBSvc","SBSvc/110","D5"
"15830","BECv13","SBSvc","SBSvc/110","B6"
"15831","BECv13","SBSvc","SBSvc/110","C6"
"15832","BECv13","SBSvc","SBSvc/110","D6"
"15833","BECv13","SBSmz","SBSmz/101","B2"
"15834","BECv13","SBSmz","SBSmz/101","B3"
"15835","BECv13","SBSmz","SBSmz/101","B4"
"15836","BECv13","SBSmz","SBSmz/101","C2"
"15837","BECv13","SBSmz","SBSmz/101","C3"
"15838","BECv13","SBSmz","SBSmz/101","C4"
"15839","BECv13","SBSmz","SBSmz/101","D2"
"15840","BECv13","SBSmz","SBSmz/101","D3"
"15841","BECv13","SBSmz","SBSmz/102","A0"
"15842","BECv13","SBSmz","SBSmz/102","A1"
"15843","BECv13","SBSmz","SBSmz/102","B0"
"15844","BECv13","SBSmz","SBSmz/102","B1"
"15845","BECv13","SBSmz","SBSmz/103","B2"
"15846","BECv13","SBSmz","SBSmz/103","C1"
"15847","BECv13","SBSmz","SBSmz/103","C2"
"15848","BECv13","SBSmz","SBSmz/103","D1"
"15849","BECv13","SBSmz","SBSmz/103","D2"
"15850","BECv13","SBSmz","SBSmz/104","A2"
"15851","BECv13","SBSmz","SBSmz/104","A3"
"15852","BECv13","SBSmz","SBSmz/104","A4"
"15853","BECv13","SBSmz","SBSmz/104","A5"
"15854","BECv13","SBSmz","SBSmz/104","B2"
"15855","BECv13","SBSmz","SBSmz/104","B3"
"15856","BECv13","SBSmz","SBSmz/104","B4"
"15857","BECv13","SBSmz","SBSmz/104","B5"
"15858","BECv13","SBSmz","SBSmz/110","D4"
"15859","BECv13","SBSmz","SBSmz/110","D5"
"15860","BECv13","SBSmz","SBSmz/110","C5"
"15861","BECv13","SBSmz","SBSmz/110","B5"
"15862","BECv13","SBSmz","SBSmz/111","D5"
"15863","BECv13","SBSmz","SBSmz/111","D6"
"15864","BECv13","SBSmz","SBSmz/111","E4"
"15865","BECv13","SBSmz","SBSmz/111","E5"
"15866","BECv13","SBSmz","SBSmz/111","E6"
"15867","BECv13","SBSmz","SBSmz/112","B5"
"15868","BECv13","SBSmz","SBSmz/112","B6"
"15869","BECv13","SBSmz","SBSmz/112","C5"
"15870","BECv13","SBSmz","SBSmz/112","C6"
"15871","BECv13","SBSmz","SBSmz/112","D5"
"15872","BECv13","SBSmz","SBSmz/112","D6"
"15873","BECv13","SBSmz","SBSmz/113","B6"
"15874","BECv13","SBSmz","SBSmz/113","B7"
"15875","BECv13","SBSmz","SBSmz/113","C6"
"15876","BECv13","SBSmz","SBSmz/113","C7"
"15877","BECv13","SBSmz","SBSmz/114","C6"
"15878","BECv13","SBSmz","SBSmz/114","C7"
"15879","BECv13","SBSmz","SBSmz/114","D6"
"15880","BECv13","SBSmz","SBSmz/114","D7"
"15881","BECv13","SBSmz","SBSmz/114","E6"
"15882","BECv13","SBSmz","SBSmz/114","E7"
"15883","BECv13","ESSFwc7","ESSFwc7/101","B3"
"15884","BECv13","ESSFwc7","ESSFwc7/101","C3"
"15885","BECv13","ESSFwc7","ESSFwc7/101","D3"
"15886","BECv13","ESSFwc7","ESSFwc7/101","B4"
"15887","BECv13","ESSFwc7","ESSFwc7/101","C4"
"15888","BECv13","ESSFwc7","ESSFwc7/101","D4"
"15889","BECv13","ESSFwc7","ESSFwc7/102","A1"
"15890","BECv13","ESSFwc7","ESSFwc7/102","B1"
"15891","BECv13","ESSFwc7","ESSFwc7/102","C1"
"15892","BECv13","ESSFwc7","ESSFwc7/102","A2"
"15893","BECv13","ESSFwc7","ESSFwc7/102","B2"
"15894","BECv13","ESSFwc7","ESSFwc7/102","C2"
"15895","BECv13","ESSFwc7","ESSFwc7/103","A2"
"15896","BECv13","ESSFwc7","ESSFwc7/103","B2"
"15897","BECv13","ESSFwc7","ESSFwc7/103","C2"
"15898","BECv13","ESSFwc7","ESSFwc7/103","A3"
"15899","BECv13","ESSFwc7","ESSFwc7/103","B3"
"15900","BECv13","ESSFwc7","ESSFwc7/103","C3"
"15901","BECv13","ESSFwc7","ESSFwc7/110","C5"
"15902","BECv13","ESSFwc7","ESSFwc7/110","C6"
"15903","BECv13","ESSFwc7","ESSFwc7/110","D5"
"15904","BECv13","ESSFwc7","ESSFwc7/110","D6"
"15905","BECv13","ESSFwc7","ESSFwc7/111","B6"
"15906","BECv13","ESSFwc7","ESSFwc7/111","C6"
"15907","BECv13","ESSFwc7","ESSFwc7/111","D6"
"15908","BECv13","ESSFwc7","ESSFwc7/111","E6"
"15909","BECv13","ESSFwc7","ESSFwc7/111","B7"
"15910","BECv13","ESSFwc7","ESSFwc7/111","C7"
"15911","BECv13","ESSFwc7","ESSFwc7/111","D7"
"15912","BECv13","ESSFwc7","ESSFwc7/111","E7"
"15913","BECv10","SWBuns","SWBuns/00","E7"
"15914","BECv10","SWBuns","SWBuns/00","E6"
"15915","BECv10","SWBuns","SWBuns/00","E5"
"15916","BECv10","SWBuns","SWBuns/00","E4"
"15917","BECv10","SWBuns","SWBuns/00","E3"
"15918","BECv10","SWBuns","SWBuns/00","E2"
"15919","BECv10","SWBuns","SWBuns/00","E1"
"15920","BECv10","SWBuns","SWBuns/00","E0"
"15921","BECv10","SWBuns","SWBuns/00","D7"
"15922","BECv10","SWBuns","SWBuns/00","D6"
"15923","BECv10","SWBuns","SWBuns/00","D5"
"15924","BECv10","SWBuns","SWBuns/00","D4"
"15925","BECv10","SWBuns","SWBuns/00","D3"
"15926","BECv10","SWBuns","SWBuns/00","D2"
"15927","BECv10","SWBuns","SWBuns/00","D1"
"15928","BECv10","SWBuns","SWBuns/00","D0"
"15929","BECv10","SWBuns","SWBuns/00","C7"
"15930","BECv10","SWBuns","SWBuns/00","C6"
"15931","BECv10","SWBuns","SWBuns/00","C5"
"15932","BECv10","SWBuns","SWBuns/00","C4"
"15933","BECv10","SWBuns","SWBuns/00","C3"
"15934","BECv10","SWBuns","SWBuns/00","C2"
"15935","BECv10","SWBuns","SWBuns/00","C1"
"15936","BECv10","SWBuns","SWBuns/00","C0"
"15937","BECv10","SWBuns","SWBuns/00","B7"
"15938","BECv10","SWBuns","SWBuns/00","B6"
"15939","BECv10","SWBuns","SWBuns/00","B5"
"15940","BECv10","SWBuns","SWBuns/00","B4"
"15941","BECv10","SWBuns","SWBuns/00","B3"
"15942","BECv10","SWBuns","SWBuns/00","B2"
"15943","BECv10","SWBuns","SWBuns/00","B1"
"15944","BECv10","SWBuns","SWBuns/00","B0"
"15945","BECv10","SWBuns","SWBuns/00","A7"
"15946","BECv10","SWBuns","SWBuns/00","A6"
"15947","BECv10","SWBuns","SWBuns/00","A5"
"15948","BECv10","SWBuns","SWBuns/00","A4"
"15949","BECv10","SWBuns","SWBuns/00","A3"
"15950","BECv10","SWBuns","SWBuns/00","A2"
"15951","BECv10","SWBuns","SWBuns/00","A1"
"15952","BECv10","SWBuns","SWBuns/00","A0"
"15953","BECv10","MHunp","MHunp/00","E7"
"15954","BECv10","MHunp","MHunp/00","E6"
"15955","BECv10","MHunp","MHunp/00","E5"
"15956","BECv10","MHunp","MHunp/00","E4"
"15957","BECv10","MHunp","MHunp/00","E3"
"15958","BECv10","MHunp","MHunp/00","E2"
"15959","BECv10","MHunp","MHunp/00","E1"
"15960","BECv10","MHunp","MHunp/00","E0"
"15961","BECv10","MHunp","MHunp/00","D7"
"15962","BECv10","MHunp","MHunp/00","D6"
"15963","BECv10","MHunp","MHunp/00","D5"
"15964","BECv10","MHunp","MHunp/00","D4"
"15965","BECv10","MHunp","MHunp/00","D3"
"15966","BECv10","MHunp","MHunp/00","D2"
"15967","BECv10","MHunp","MHunp/00","D1"
"15968","BECv10","MHunp","MHunp/00","D0"
"15969","BECv10","MHunp","MHunp/00","C7"
"15970","BECv10","MHunp","MHunp/00","C6"
"15971","BECv10","MHunp","MHunp/00","C5"
"15972","BECv10","MHunp","MHunp/00","C4"
"15973","BECv10","MHunp","MHunp/00","C3"
"15974","BECv10","MHunp","MHunp/00","C2"
"15975","BECv10","MHunp","MHunp/00","C1"
"15976","BECv10","MHunp","MHunp/00","C0"
"15977","BECv10","MHunp","MHunp/00","B7"
"15978","BECv10","MHunp","MHunp/00","B6"
"15979","BECv10","MHunp","MHunp/00","B5"
"15980","BECv10","MHunp","MHunp/00","B4"
"15981","BECv10","MHunp","MHunp/00","B3"
"15982","BECv10","MHunp","MHunp/00","B2"
"15983","BECv10","MHunp","MHunp/00","B1"
"15984","BECv10","MHunp","MHunp/00","B0"
"15985","BECv10","MHunp","MHunp/00","A7"
"15986","BECv10","MHunp","MHunp/00","A6"
"15987","BECv10","MHunp","MHunp/00","A5"
"15988","BECv10","MHunp","MHunp/00","A4"
"15989","BECv10","MHunp","MHunp/00","A3"
"15990","BECv10","MHunp","MHunp/00","A2"
"15991","BECv10","MHunp","MHunp/00","A1"
"15992","BECv10","MHunp","MHunp/00","A0"
"15993","BECv13","ESSFun1","ESSFun1/m","E5"
"15994","BECv13","ESSFun1","ESSFun1/m","E4"
"15995","BECv13","ESSFun1","ESSFun1/m","E3"
"15996","BECv13","ESSFun1","ESSFun1/m","D5"
"15997","BECv13","ESSFun1","ESSFun1/m","D4"
"15998","BECv13","ESSFun1","ESSFun1/m","D3"
"15999","BECv13","ESSFun1","ESSFun1/m","C5"
"16000","BECv13","ESSFun1","ESSFun1/m","C4"
"16001","BECv13","ESSFun1","ESSFun1/m","C3"
"16002","BECv13","ESSFun1","ESSFun1/m","B5"
"16003","BECv13","ESSFun1","ESSFun1/m","B4"
"16004","BECv13","ESSFun1","ESSFun1/m","B3"
"16005","BECv13","ESSFun1","ESSFun1/m","A5"
"16006","BECv13","ESSFun1","ESSFun1/m","A4"
"16007","BECv13","ESSFun1","ESSFun1/m","A3"
"16008","BECv13","ESSFun1","ESSFun1/h","E7"
"16009","BECv13","ESSFun1","ESSFun1/h","E6"
"16010","BECv13","ESSFun1","ESSFun1/h","D7"
"16011","BECv13","ESSFun1","ESSFun1/h","D6"
"16012","BECv13","ESSFun1","ESSFun1/h","C7"
"16013","BECv13","ESSFun1","ESSFun1/h","C6"
"16014","BECv13","ESSFun1","ESSFun1/h","B7"
"16015","BECv13","ESSFun1","ESSFun1/h","B6"
"16016","BECv13","ESSFun1","ESSFun1/h","A7"
"16017","BECv13","ESSFun1","ESSFun1/h","A6"
"16018","BECv13","ESSFun1","ESSFun1/x","E2"
"16019","BECv13","ESSFun1","ESSFun1/x","E1"
"16020","BECv13","ESSFun1","ESSFun1/x","E0"
"16021","BECv13","ESSFun1","ESSFun1/x","D2"
"16022","BECv13","ESSFun1","ESSFun1/x","D1"
"16023","BECv13","ESSFun1","ESSFun1/x","D0"
"16024","BECv13","ESSFun1","ESSFun1/x","C2"
"16025","BECv13","ESSFun1","ESSFun1/x","C1"
"16026","BECv13","ESSFun1","ESSFun1/x","C0"
"16027","BECv13","ESSFun1","ESSFun1/x","B2"
"16028","BECv13","ESSFun1","ESSFun1/x","B1"
"16029","BECv13","ESSFun1","ESSFun1/x","B0"
"16030","BECv13","ESSFun1","ESSFun1/x","A2"
"16031","BECv13","ESSFun1","ESSFun1/x","A1"
"16032","BECv13","ESSFun1","ESSFun1/x","A0"
"16033","BECv13","ESSFun2","ESSFun2/m","E5"
"16034","BECv13","ESSFun2","ESSFun2/m","E4"
"16035","BECv13","ESSFun2","ESSFun2/m","E3"
"16036","BECv13","ESSFun2","ESSFun2/m","D5"
"16037","BECv13","ESSFun2","ESSFun2/m","D4"
"16038","BECv13","ESSFun2","ESSFun2/m","D3"
"16039","BECv13","ESSFun2","ESSFun2/m","C5"
"16040","BECv13","ESSFun2","ESSFun2/m","C4"
"16041","BECv13","ESSFun2","ESSFun2/m","C3"
"16042","BECv13","ESSFun2","ESSFun2/m","B5"
"16043","BECv13","ESSFun2","ESSFun2/m","B4"
"16044","BECv13","ESSFun2","ESSFun2/m","B3"
"16045","BECv13","ESSFun2","ESSFun2/m","A5"
"16046","BECv13","ESSFun2","ESSFun2/m","A4"
"16047","BECv13","ESSFun2","ESSFun2/m","A3"
"16048","BECv13","ESSFun2","ESSFun2/x","E2"
"16049","BECv13","ESSFun2","ESSFun2/x","E1"
"16050","BECv13","ESSFun2","ESSFun2/x","E0"
"16051","BECv13","ESSFun2","ESSFun2/x","D2"
"16052","BECv13","ESSFun2","ESSFun2/x","D1"
"16053","BECv13","ESSFun2","ESSFun2/x","D0"
"16054","BECv13","ESSFun2","ESSFun2/x","C2"
"16055","BECv13","ESSFun2","ESSFun2/x","C1"
"16056","BECv13","ESSFun2","ESSFun2/x","C0"
"16057","BECv13","ESSFun2","ESSFun2/x","B2"
"16058","BECv13","ESSFun2","ESSFun2/x","B1"
"16059","BECv13","ESSFun2","ESSFun2/x","B0"
"16060","BECv13","ESSFun2","ESSFun2/x","A2"
"16061","BECv13","ESSFun2","ESSFun2/x","A1"
"16062","BECv13","ESSFun2","ESSFun2/x","A0"
"16063","BECv13","ESSFun2","ESSFun2/h","E7"
"16064","BECv13","ESSFun2","ESSFun2/h","E6"
"16065","BECv13","ESSFun2","ESSFun2/h","D7"
"16066","BECv13","ESSFun2","ESSFun2/h","D6"
"16067","BECv13","ESSFun2","ESSFun2/h","C7"
"16068","BECv13","ESSFun2","ESSFun2/h","C6"
"16069","BECv13","ESSFun2","ESSFun2/h","B7"
"16070","BECv13","ESSFun2","ESSFun2/h","B6"
"16071","BECv13","ESSFun2","ESSFun2/h","A7"
"16072","BECv13","ESSFun2","ESSFun2/h","A6"
"16073","BECv13","ICHun1","ICHun1/m","E5"
"16074","BECv13","ICHun1","ICHun1/m","E4"
"16075","BECv13","ICHun1","ICHun1/m","E3"
"16076","BECv13","ICHun1","ICHun1/m","D5"
"16077","BECv13","ICHun1","ICHun1/m","D4"
"16078","BECv13","ICHun1","ICHun1/m","D3"
"16079","BECv13","ICHun1","ICHun1/m","C5"
"16080","BECv13","ICHun1","ICHun1/m","C4"
"16081","BECv13","ICHun1","ICHun1/m","C3"
"16082","BECv13","ICHun1","ICHun1/m","B5"
"16083","BECv13","ICHun1","ICHun1/m","B4"
"16084","BECv13","ICHun1","ICHun1/m","B3"
"16085","BECv13","ICHun1","ICHun1/m","A5"
"16086","BECv13","ICHun1","ICHun1/m","A4"
"16087","BECv13","ICHun1","ICHun1/m","A3"
"16088","BECv13","ICHun1","ICHun1/x","E2"
"16089","BECv13","ICHun1","ICHun1/x","E1"
"16090","BECv13","ICHun1","ICHun1/x","E0"
"16091","BECv13","ICHun1","ICHun1/x","D2"
"16092","BECv13","ICHun1","ICHun1/x","D1"
"16093","BECv13","ICHun1","ICHun1/x","D0"
"16094","BECv13","ICHun1","ICHun1/x","C2"
"16095","BECv13","ICHun1","ICHun1/x","C1"
"16096","BECv13","ICHun1","ICHun1/x","C0"
"16097","BECv13","ICHun1","ICHun1/x","B2"
"16098","BECv13","ICHun1","ICHun1/x","B1"
"16099","BECv13","ICHun1","ICHun1/x","B0"
"16100","BECv13","ICHun1","ICHun1/x","A2"
"16101","BECv13","ICHun1","ICHun1/x","A1"
"16102","BECv13","ICHun1","ICHun1/x","A0"
"16103","BECv13","ICHun1","ICHun1/h","E7"
"16104","BECv13","ICHun1","ICHun1/h","E6"
"16105","BECv13","ICHun1","ICHun1/h","D7"
"16106","BECv13","ICHun1","ICHun1/h","D6"
"16107","BECv13","ICHun1","ICHun1/h","C7"
"16108","BECv13","ICHun1","ICHun1/h","C6"
"16109","BECv13","ICHun1","ICHun1/h","B7"
"16110","BECv13","ICHun1","ICHun1/h","B6"
"16111","BECv13","ICHun1","ICHun1/h","A7"
"16112","BECv13","ICHun1","ICHun1/h","A6"
"16113","BECv13","MSun1","MSun1/m","E5"
"16114","BECv13","MSun1","MSun1/m","E4"
"16115","BECv13","MSun1","MSun1/m","E3"
"16116","BECv13","MSun1","MSun1/m","D5"
"16117","BECv13","MSun1","MSun1/m","D4"
"16118","BECv13","MSun1","MSun1/m","D3"
"16119","BECv13","MSun1","MSun1/m","C5"
"16120","BECv13","MSun1","MSun1/m","C4"
"16121","BECv13","MSun1","MSun1/m","C3"
"16122","BECv13","MSun1","MSun1/m","B5"
"16123","BECv13","MSun1","MSun1/m","B4"
"16124","BECv13","MSun1","MSun1/m","B3"
"16125","BECv13","MSun1","MSun1/m","A5"
"16126","BECv13","MSun1","MSun1/m","A4"
"16127","BECv13","MSun1","MSun1/m","A3"
"16128","BECv13","MSun1","MSun1/x","E2"
"16129","BECv13","MSun1","MSun1/x","E1"
"16130","BECv13","MSun1","MSun1/x","E0"
"16131","BECv13","MSun1","MSun1/x","D2"
"16132","BECv13","MSun1","MSun1/x","D1"
"16133","BECv13","MSun1","MSun1/x","D0"
"16134","BECv13","MSun1","MSun1/x","C2"
"16135","BECv13","MSun1","MSun1/x","C1"
"16136","BECv13","MSun1","MSun1/x","C0"
"16137","BECv13","MSun1","MSun1/x","B2"
"16138","BECv13","MSun1","MSun1/x","B1"
"16139","BECv13","MSun1","MSun1/x","B0"
"16140","BECv13","MSun1","MSun1/x","A2"
"16141","BECv13","MSun1","MSun1/x","A1"
"16142","BECv13","MSun1","MSun1/x","A0"
"16143","BECv13","MSun1","MSun1/h","E7"
"16144","BECv13","MSun1","MSun1/h","E6"
"16145","BECv13","MSun1","MSun1/h","D7"
"16146","BECv13","MSun1","MSun1/h","D6"
"16147","BECv13","MSun1","MSun1/h","C7"
"16148","BECv13","MSun1","MSun1/h","C6"
"16149","BECv13","MSun1","MSun1/h","B7"
"16150","BECv13","MSun1","MSun1/h","B6"
"16151","BECv13","MSun1","MSun1/h","A7"
"16152","BECv13","MSun1","MSun1/h","A6"
