"","SS_NoSpace","SiteSeriesLongName","SpecialCode","Special"
"1","BGxh1/102","Py – Antelope-brush – Three-awn","",""
"2","BGxh1/103","Py(Fd) – Bluebunch wheatgrass – Selaginella","",""
"3","BGxh1/110","Py – Sumac – Mock-orange","",""
"4","BGxh1/Fm01","Cottonwood – Snowberry – Rose","Fm","mid fluvial bench"
"5","BGxh1/Fm05","Cottonwood – Douglas-fir – Douglas maple – Snowberry","Fm","mid fluvial bench"
"6","BGxh1/Fm06","Cottonwood – Poison ivy – Rose","Fm","mid fluvial bench"
"7","BGxh2/102","Py – Rabbit-brush – Bluebunch wheatgrass","",""
"8","BGxh2/110","Fd(Py) – Snowberry – Oregon-grape","",""
"9","BGxh2/Fm01","Cottonwood – Snowberry – Rose","Fm","mid fluvial bench"
"10","BGxh2/Fm06","Cottonwood – Poison ivy – Rose","Fm","mid fluvial bench"
"11","BGxh3/110","Fd – Bluebunch wheatgrass – Step moss","CAS","cold aspects"
"12","BGxh3/111","Fd – Rocky Mountain juniper – Bluebunch wheatgrass","",""
"13","BGxh3/112","Act – Snowberry – Rose","Fm","mid fluvial bench"
"14","BGxh3/113","Act(Fd) – Douglas maple – Snowberry","Fm","mid fluvial bench"
"15","BGxw1/102","Py – Rabbit-brush – Bluebunch wheatgrass","",""
"16","BGxw1/110","Py(Fd) – Bluebunch wheatgrass – Rough fescue","",""
"17","BGxw1/111","Fd – Snowberry – Step moss","",""
"18","BGxw1/Fm01","Cottonwood – Snowberry – Rose","Fm","mid fluvial bench"
"19","BGxw1/Fm05","Cottonwood – Douglas-fir – Douglas maple – Snowberry","Fm","mid fluvial bench"
"20","BGxw2/110","Fd – Rocky Mountain juniper – Bluebunch wheatgrass","CAS","cold aspects"
"21","BGxw2/111","Fd – Bluebunch wheatgrass – Step moss","CAS","cold aspects"
"22","BGxw2/112","Act – Snowberry – Rose","Fm","mid fluvial bench"
"23","BGxw2/113","Fd – Pinegrass – Feathermoss","",""
"24","BWBSdk/101","Sw – Soopolallie – Step moss","",""
"25","BWBSdk/101a","Sw – Soopolallie – Step moss; Mesic phase","",""
"26","BWBSdk/101b","Sw – Soopolallie – Step moss; Subhygric phase","",""
"27","BWBSdk/102","Pl – Kinnikinnick – Lingonberry","",""
"28","BWBSdk/103","SwPl – Soopolallie – Toad-flax","IN","insolation"
"29","BWBSdk/104","Sb – Labrador tea – Step moss","CA","cold aspects - cold air"
"30","BWBSdk/104a","Sb – Labrador tea – Step moss; Freely drained phase","CA","cold aspects - cold air"
"31","BWBSdk/104b","Sw – Soopolallie – Step moss; Imperfectly drained phase","CA","cold aspects - cold air"
"32","BWBSdk/110","Sw – Currant – Horsetail","Fh","high fluvial bench"
"33","BWBSdk/111","Sw – Mountain alder – Horsetail","Fm","mid fluvial bench"
"34","BWBSdk/112","AcbSw – Mountain alder – Dogwood","Fm","mid fluvial bench"
"35","BWBSdk/Fm20","Balsam Poplar – Spruce – Mountain alder – Dogwood","Fm","mid fluvial bench"
"36","BWBSdk/Wb03","Sb – Lingonberry – Peat moss","",""
"37","BWBSdk/Wb09","Sb – Horsetail – Peat moss","",""
"38","BWBSdk/Wb11","Sb – Buckbean – Peat moss","",""
"39","BWBSdk/Ws15","SwSb – Labrador tea – Glow moss","",""
"40","BWBSmk/101","Sw – Lingonberry – Step moss","",""
"41","BWBSmk/102","Pl – Kinnikinnick – Lingonberry","",""
"42","BWBSmk/103","SwPl – Soopolallie – Fuzzy-spiked wildrye","IN","insolation"
"43","BWBSmk/104","Sb – Labrador tea – Step moss","CA","cold aspects - cold air"
"44","BWBSmk/104a","Sb – Labrador tea – Step moss; Freely drained phase","CA","cold aspects - cold air"
"45","BWBSmk/104b","Sb – Labrador tea – Step moss; Imperfectly/poorly drained phase","CA","cold aspects - cold air"
"46","BWBSmk/110","Sw – Currant – Horsetail","",""
"47","BWBSmk/111","Sw – Mountain alder – Horsetail","Fh","high fluvial bench"
"48","BWBSmk/112","AcbSw – Mountain alder – Dogwood","Fm","mid fluvial bench"
"49","BWBSmk/Fm20","Balsam Poplar – Spruce – Mountain alder – Dogwood","Fm","mid fluvial bench"
"50","BWBSmk/Wb03","Sb – Lingonberry – Peat moss","",""
"51","BWBSmk/Wb05","Sb – Water sedge – Peat moss","",""
"52","BWBSmk/Wb06","Lt – Water sedge – Fen moss","",""
"53","BWBSmk/Wb09","Sb – Common horsetail – Peat moss","",""
"54","BWBSmk/Wf18","Lt – Buckbean – Shore sedge","",""
"55","BWBSmk/Ws15","SwSb – Labrador tea – Glow moss","",""
"56","BWBSmw/101","Sw – Trailing raspberry – Step moss","",""
"57","BWBSmw/102","Pl – Kinnikinnick – Lingonberry","",""
"58","BWBSmw/103","SwPl – Soopolallie – Fuzzy-spiked wildrye","IN","insolation"
"59","BWBSmw/104","Sb – Labrador tea – Step moss","CA","cold aspects - cold air"
"60","BWBSmw/110","Sw – Oak fern – Sarsaparilla","",""
"61","BWBSmw/111","Sw – Currant – Horsetail","Fh","high fluvial bench"
"62","BWBSmw/112","AcbSw – Mountain alder – Dogwood","Fm","mid fluvial bench"
"63","BWBSmw/Fm20","Balsam Poplar – Spruce – Mountain alder – Dogwood","Fm","mid fluvial bench"
"64","BWBSmw/Wb01","Sb – Creeping-snowberry – Sphagnum","",""
"65","BWBSmw/Wb03","Sb – Lingonberry – Peat moss","",""
"66","BWBSmw/Wb05","Sb – Water sedge – Peat moss","",""
"67","BWBSmw/Wb06","Lt – Water sedge – Fen moss","",""
"68","BWBSmw/Wb09","Sb – Common horsetail – Peat moss","",""
"69","BWBSmw/Wf18","Lt – Buckbean – Shore sedge","",""
"70","BWBSmw/Ws15","SwSb – Labrador tea – Glow moss","",""
"71","BWBSwk1/101","SwBl – Huckleberry – Feathermoss","",""
"72","BWBSwk1/102","Pl – Lingonberry – Reindeer lichen","",""
"73","BWBSwk1/103","SwPl – Soopollalie – Showy aster","IN","insolation"
"74","BWBSwk1/104","Sb – Huckleberry – Lingonberry","CA","cold aspects - cold air"
"75","BWBSwk1/110","Sw – Currant – Horsetail","",""
"76","BWBSwk1/111","Sb – Horsetail – Step moss","CA","cold aspects - cold air"
"77","BWBSwk1/Wb06","Lt – Water sedge – Fen moss","",""
"78","BWBSwk1/Wb09","Sb – Common horsetail – Peat moss","",""
"79","BWBSwk2/101","SwBl – Huckleberry – Feathermoss","",""
"80","BWBSwk2/102","Pl – Lingonberry – Reindeer lichen","",""
"81","BWBSwk2/103","SwPl – Soopolallie – Fuzzy-spiked wildrye","IN","insolation"
"82","BWBSwk2/104","Sb – Huckleberry – Lingonberry","CA","cold aspects - cold air"
"83","BWBSwk2/110","Sw – Currant – Bluebells","",""
"84","BWBSwk2/111","Sw – Currant – Horsetail","Fh","high fluvial bench"
"85","BWBSwk3/101","SwBl – Huckleberry – Feathermoss","",""
"86","BWBSwk3/102","Pl – Crowberry – Lingonberry","",""
"87","BWBSwk3/103","Sb – Huckleberry – Lingonberry","CA","cold aspects - cold air"
"88","BWBSwk3/110","Sw – Currant – Horsetail","",""
"89","BWBSwk3/111","Sb – Horsetail – Step moss","",""
"90","CDFmm/101","Fdc – Salal – Dull Oregon-grape","",""
"91","CDFmm/102","FdcRa – Heron's-bill mosses – Rock mosses","",""
"92","CDFmm/102.1","FdcRa – Heron's-bill mosses – Rock mosses; Typic variation","",""
"93","CDFmm/102.2","FdcRa – Heron's-bill mosses – Rock mosses; Selaginella variation","",""
"94","CDFmm/104","FdcRa – Salal","",""
"95","CDFmm/105","FdcRa – Oceanspray – Oniongrass","",""
"96","CDFmm/110","CwFdc – Dull Oregon-grape – Sword fern","",""
"97","CDFmm/111","FdcHw – Red huckleberry – Salal","",""
"98","CDFmm/112","CwBg – Sword fern – Foamflower","",""
"99","CDFmm/112a","CwBg – Sword fern – Foamflower; Typic phase","",""
"100","CDFmm/112b","CwBg – Sword fern – Foamflower; Fluctuating water table phase","FWT","fluctuating water table"
"101","CDFmm/Fm53","ActDr – Salmonberry – Lily-of-the-Valley","Fm","mid fluvial bench"
"102","CDFmm/Fm54","MbDr – Salmonberry – Sword fern","Fm","mid fluvial bench"
"103","CDFmm/Wb55","Plc – Labrador tea – Peat mosses","",""
"104","CDFmm/Wb55.1","Plc – Labrador tea – Peat mosses; Typic variation","",""
"105","CDFmm/Wb55.2","Plc – Labrador tea – Peat mosses; Bog blueberry variation","",""
"106","CDFmm/Wb56","PlcHw – Salal – Peat mosses","",""
"107","CDFmm/Ws53","Cw – Osoberry – Skunk cabbage","",""
"108","CDFmm/Ws57","CwHw – Skunk cabbage","",""
"109","CDFmm/Ws58","CwHw – Slough sedge","",""
"110","CDFmm/Ws58.1","CwHw – Slough sedge; Typic variation","",""
"111","CDFmm/Ws60","Ss – Crabapple – Slough sedge","SS","salt spray"
"112","CWHdm1/101","FdcHw – Red huckleberry – Salal","",""
"113","CWHdm1/101a","FdcHw – Red Huckleberry – Salal; Typic phase","",""
"114","CWHdm1/101b","FdcHw – Red huckleberry – Salal; Poor phase","",""
"115","CWHdm1/102","FdcRa – Heron's-bill mosses – Rock mosses","",""
"116","CWHdm1/103","FdcHw – Salal – Step moss","",""
"117","CWHdm1/104","FdCw – Dull Oregon-grape – Baldhip rose","",""
"118","CWHdm1/110","FdcHwCw – Sword fern","",""
"119","CWHdm1/111","CwHw – Deer fern – Sword fern","",""
"120","CWHdm1/112","HwCw – Sword fern – Vanilla-leaf","",""
"121","CWHdm1/112a","HwCw – Sword fern – Vanilla-leaf; Typic phase","",""
"122","CWHdm1/112b","HwCw – Sword fern – Vanilla-leaf; Fluctuating water table phase","FWT","fluctuating water table"
"123","CWHdm1/113","HwCw – Salmonberry – Sword fern","Fh","high fluvial bench"
"124","CWHdm1/Fm53","ActDr – Salmonberry – Lily-of-the-Valley","Fm","mid fluvial bench"
"125","CWHdm1/Fm54","MbDr – Salmonberry – Sword fern","Fm","mid fluvial bench"
"126","CWHdm1/Wb55","Plc – Labrador tea – Peat mosses","",""
"127","CWHdm1/Wb55.1","Plc – Labrador tea – Peat mosses; Typic variation","",""
"128","CWHdm1/Wb56","PlcHw – Salal – Peat mosses","",""
"129","CWHdm1/Ws56","SsHw – Skunk cabbage","",""
"130","CWHdm1/Ws56.1","SsHw – Skunk cabbage; CwHw variation","",""
"131","CWHdm1/Ws57","CwHw – Skunk cabbage","",""
"132","CWHdm1/Ws58","CwHw – Slough sedge","",""
"133","CWHdm1/Ws58.1","CwHw – Slough sedge; Typic variation","",""
"134","CWHdm1/Ws60","Ss – Crabapple – Slough sedge","SS","salt spray"
"135","CWHdm2/101","FdcHw – Red huckleberry – Salal","",""
"136","CWHdm2/101a","FdcHw – Red huckleberry – Salal; Typic phase","",""
"137","CWHdm2/101b","FdcHw – Red huckleberry – Salal; Poor phase","",""
"138","CWHdm2/102","PlcFdc – Rock mosses – Clad lichens","",""
"139","CWHdm2/103","FdcPlc – Salal – Step moss","",""
"140","CWHdm2/104","FdcHw – Salal – Step moss","",""
"141","CWHdm2/105","FdcHwCw – Sword fern","",""
"142","CWHdm2/110","HwFdc – Sword fern – Vanilla-leaf","",""
"143","CWHdm2/111","CwHw – Salal – Deer fern","",""
"144","CWHdm2/112","HwCw – Sword fern – Vanilla-leaf","",""
"145","CWHdm2/112.1","HwCw – Sword fern – Vanilla-leaf; Salmonberry variation","",""
"146","CWHdm2/112.2","HwCw – Sword fern – Vanilla-leaf; Devil's club variation","",""
"147","CWHdm2/113","HwCw – Salmonberry – Sword fern","Fh","high fluvial bench"
"148","CWHdm2/Fm53","ActDr – Salmonberry – Lily-of-the-Valley","Fm","mid fluvial bench"
"149","CWHdm2/Fm54","MbDr – Salmonberry – Sword fern","Fm","mid fluvial bench"
"150","CWHdm2/Wb55","Plc – Labrador tea – Peat mosses","",""
"151","CWHdm2/Wb55.1","Plc – Labrador tea – Peat mosses; Typic variation","",""
"152","CWHdm2/Wb56","PlcHw – Salal – Peat mosses","",""
"153","CWHdm2/Ws56","SsHw – Skunk cabbage","",""
"154","CWHdm2/Ws56.1","SsHw – Skunk cabbage; CwHw variation","",""
"155","CWHdm2/Ws57","CwHw – Skunk cabbage","",""
"156","CWHdm2/Ws58","CwHw – Slough sedge","",""
"157","CWHdm2/Ws58.1","CwHw – Slough sedge; Typic variation","",""
"158","CWHdm3/101","FdcHw – Red huckleberry – Salal","",""
"159","CWHdm3/102","PlcFdc – Rock mosses – Clad lichens","",""
"160","CWHdm3/103","FdcHw – Salal – Step moss","",""
"161","CWHdm3/104","FdcCw – Vine maple – Sword fern","",""
"162","CWHdm3/110","FdcHwCw – Sword fern","",""
"163","CWHdm3/111","CwFdc – Deer fern – Sword fern","",""
"164","CWHdm3/112","HwCw – Vine maple – Sword fern","",""
"165","CWHdm3/113","SsCw – Salmonberry – Vine maple","Fh","high fluvial bench"
"166","CWHdm3/Fm53","ActDr – Salmonberry – Lily-of-the-Valley","Fm","mid fluvial bench"
"167","CWHdm3/Wb55","Plc – Labrador tea – Peat mosses","",""
"168","CWHdm3/Wb55.1","Plc – Labrador tea – Peat mosses; Typic variation","",""
"169","CWHdm3/Wb55.2","Plc – Labrador tea – Peat mosses; Bog blueberry variation","",""
"170","CWHdm3/Wb56","PlcHw – Salal – Peat mosses","",""
"171","CWHdm3/Ws56","SsHw – Skunk cabbage","",""
"172","CWHdm3/Ws56.1","SsHw – Skunk cabbage; CwHw variation","",""
"173","CWHdm3/Ws58","CwHw – Slough sedge","",""
"174","CWHdm3/Ws58.1","CwHw – Slough sedge; Typic variation","",""
"175","CWHds1/101","HwFdc – Prince's pine – Step moss","",""
"176","CWHds1/101a","HwFdc – Prince's pine – Step moss; Typic phase","",""
"177","CWHds1/101b","HwFdc – Prince's pine – Step moss; Subxeric phase","",""
"178","CWHds1/102","FdcPl – Rock mosses","",""
"179","CWHds1/103","Fdc – Orange honeysuckle – Tall Oregon-grape","IN","insolation"
"180","CWHds1/104","Fdc – Orange honeysuckle – Cat's-tail moss","IN","insolation"
"181","CWHds1/110","CwFdc – Sword fern – Foamflower","",""
"182","CWHds1/111","Hw – Queen's cup","",""
"183","CWHds1/112","CwFdc – Devil's club – Sword fern","",""
"184","CWHds1/113","CwSs – Devil's club – Lady fern","Fh","high fluvial bench"
"185","CWHds1/Fm50","ActDr – Salmonberry","Fm","mid fluvial bench"
"186","CWHds1/Fm50.1","ActDr – Salmonberry; Salmonberry variation","Fm","mid fluvial bench"
"187","CWHds1/Fm50.2","ActDr – Salmonberry; Devil's club variation","Fm","mid fluvial bench"
"188","CWHds1/Fm53","ActDr – Salmonberry – Lily-of-the-Valley","Fm","mid fluvial bench"
"189","CWHds1/Wb51","Plc – Crowberry – Peat mosses","",""
"190","CWHds1/Ws56","SsHw – Skunk cabbage","",""
"191","CWHds1/Ws56.1","SsHw – Skunk cabbage; CwHw variation","",""
"192","CWHds2/101","HwFdc – Prince's pine – Step moss","",""
"193","CWHds2/102","FdcPlHw – Kinnikinnick","",""
"194","CWHds2/103","HwFdc – Twinflower – Cat's-tail moss","",""
"195","CWHds2/104","FdcCw – Douglas' maple – Cat's-tail moss","IN","insolation"
"196","CWHds2/110","HwCwFdc – Oak fern","",""
"197","CWHds2/111","Hw – Queen's cup","",""
"198","CWHds2/112","SsCw – Devil's club","",""
"199","CWHds2/113","CwSs – Devil's club – Lady fern","Fh","high fluvial bench"
"200","CWHds2/Fm50","ActDr – Salmonberry","Fm","mid fluvial bench"
"201","CWHds2/Fm50.1","ActDr – Salmonberry; Salmonberry variation","Fm","mid fluvial bench"
"202","CWHds2/Fm50.2","ActDr – Salmonberry; Devil's club variation","Fm","mid fluvial bench"
"203","CWHds2/Wb51","Plc – Crowberry – Peat mosses","",""
"204","CWHds2/Ws56","SsHw – Skunk cabbage","",""
"205","CWHds2/Ws56.2","SsHw – Skunk cabbage; CwSs variation","",""
"206","CWHmm1/101","HwBa – Blueberry – Pipecleaner moss","",""
"207","CWHmm1/101a","HwBa – Blueberry – Pipecleaner moss; Typic phase","",""
"208","CWHmm1/101b","HwBa – Blueberry – Pipecleaner moss; Poor phase","",""
"209","CWHmm1/102","FdcPlc – Salal – Rock mosses","",""
"210","CWHmm1/103","FdcHw – Salal – Prince's pine","",""
"211","CWHmm1/104","HwFdc – Vanilla-leaf – Twinflower","",""
"212","CWHmm1/110","HwFdc – Sword fern – Vanilla-leaf","",""
"213","CWHmm1/111","HwBa – Blueberry – Deer fern","",""
"214","CWHmm1/112","HwCw – Devil's club – Vanilla-leaf","",""
"215","CWHmm1/113","HwCw – Salmonberry – Sword fern","Fh","high fluvial bench"
"216","CWHmm1/Fm50","ActDr – Salmonberry","Fm","mid fluvial bench"
"217","CWHmm1/Fm50.1","ActDr – Salmonberry; Salmonberry variation","Fm","mid fluvial bench"
"218","CWHmm1/Fm50.2","ActDr – Salmonberry; Devil's club variation","Fm","mid fluvial bench"
"219","CWHmm1/Wb51","Plc – Crowberry – Peat mosses","",""
"220","CWHmm1/Wb55","Plc – Labrador tea – Peat mosses","",""
"221","CWHmm1/Wb55.1","Plc – Labrador tea – Peat mosses; Typic variation","",""
"222","CWHmm1/Ws54","CwHw – Azalea – Skunk cabbage","",""
"223","CWHmm1/Ws54.1","CwHw – Azalea – Skunk cabbage; Typic variation","",""
"224","CWHmm1/Ws56","SsHw – Skunk cabbage","",""
"225","CWHmm1/Ws56.1","SsHw – Skunk cabbage; CwHw variation","",""
"226","CWHmm2/101","HwBa – Blueberry – Pipecleaner moss","",""
"227","CWHmm2/101a","HwBa – Blueberry – Pipecleaner moss; Typic phase","",""
"228","CWHmm2/101b","HwBa – Blueberry – Pipecleaner moss; Poor phase","",""
"229","CWHmm2/102","HwFdc – Salal – Rock mosses","",""
"230","CWHmm2/103","FdcHwYc – Salal – Prince's pine","",""
"231","CWHmm2/110","HwBa – Blueberry – Vanilla-leaf","",""
"232","CWHmm2/111","HmBaYc – Deer fern – Lanky moss","",""
"233","CWHmm2/112","HwBa – Blueberry – Foamflower","",""
"234","CWHmm2/113","BaHw – Devil's club – Lady fern","",""
"235","CWHmm2/Wb51","Plc – Crowberry – Peat mosses","",""
"236","CWHmm2/Wb57","PlcYc – Deer cabbage – Peat mosses","",""
"237","CWHmm2/Ws55","YcHm – Skunk cabbage","",""
"238","CWHmm2/Ws58","CwHw – Slough sedge","",""
"239","CWHmm2/Ws58.1","CwHw – Slough sedge; Typic variation","",""
"240","CWHms3/101","HwBa – Blueberry – Queen's cup","",""
"241","CWHms3/102","FdcPlHw – Feather moss – Rock mosses","",""
"242","CWHms3/103","HwFdc – Huckleberry – Falsebox","",""
"243","CWHms3/104","HwFdc – Falsebox – Twinflower","IN","insolation"
"244","CWHms3/110","CwFdc – Sword fern – Foamflower","",""
"245","CWHms3/111","HwBa – Azalea – Queen's cup","",""
"246","CWHms3/112","BaHw – Devil's club – Oak fern","",""
"247","CWHms3/113","BaHw – Salmonberry – Devil's club","Fh","high fluvial bench"
"248","CWHms3/Fm50","ActDr – Salmonberry","Fm","mid fluvial bench"
"249","CWHms3/Fm50.1","ActDr – Salmonberry; Salmonberry variation","Fm","mid fluvial bench"
"250","CWHms3/Wb51","Plc – Crowberry – Peat mosses","",""
"251","CWHms3/Ws56","SsHw – Skunk cabbage","",""
"252","CWHms3/Ws56.1","SsHw – Skunk cabbage; CwHw variation","",""
"253","CWHms4/101","HwBa – Blueberry – Queen's cup","",""
"254","CWHms4/102","HwPl – Feather moss – Clad lichens","",""
"255","CWHms4/103","HwFdcBa – Blueberry","",""
"256","CWHms4/104","FdcHw – Falsebox – Twinflower","IN","insolation"
"257","CWHms4/105","HwFdc – Blueberry – Falsebox","IN","insolation"
"258","CWHms4/110","HwBa – Foamflower","",""
"259","CWHms4/111","HwBa – Azalea – Queen's cup","",""
"260","CWHms4/112","HwBa – Devil's club – Oak fern","",""
"261","CWHms4/Wb51","Plc – Crowberry – Peat mosses","",""
"262","CWHms4/Ws55","YcHm – Skunk cabbage","",""
"263","CWHms5/101","HwBa – Blueberry – Queen's cup","",""
"264","CWHms5/101.1","HwBa – Blueberry – Queen's cup; Typic variation","",""
"265","CWHms5/101.2","HwBa – Blueberry – Queen's cup; Fd variation","",""
"266","CWHms5/102","FdcPlHw – Kinnikinnick","",""
"267","CWHms5/103","HwFdc – Huckleberry – Falsebox","",""
"268","CWHms5/103.1","HwFdc – Huckleberry – Falsebox; Typic variation","",""
"269","CWHms5/103.2","HwFdc – Huckleberry – Falsebox; Rhododendron variation","",""
"270","CWHms5/110","BaCwFdc – Foamflower","",""
"271","CWHms5/111","HwCw – Azalea – Queen's cup","",""
"272","CWHms5/112","CwHw – Devil's club – Lady fern","",""
"273","CWHms5/113","CwSs – Devil's club – Lady fern","Fh","high fluvial bench"
"274","CWHms5/Fm50","ActDr – Salmonberry","Fm","mid fluvial bench"
"275","CWHms5/Fm50.1","ActDr – Salmonberry; Salmonberry variation","Fm","mid fluvial bench"
"276","CWHms5/Fm50.2","ActDr – Salmonberry; Devil's club variation","Fm","mid fluvial bench"
"277","CWHms5/Wb51","Plc – Crowberry – Peat mosses","",""
"278","CWHms5/Ws56","SsHw – Skunk cabbage","",""
"279","CWHms5/Ws56.1","SsHw – Skunk cabbage; CwHw variation","",""
"280","CWHvh1/101","CwHw – Salal – Deer fern","",""
"281","CWHvh1/102","PlcYc – Salal – Reindeer lichens","",""
"282","CWHvh1/103","CwHw – Salal – Evergreen huckleberry","",""
"283","CWHvh1/104","HwBa – Deer fern – Oregon beaked moss","",""
"284","CWHvh1/105","HwBa – Deer fern – Sword fern","",""
"285","CWHvh1/110","HwBa – Salmonberry – Foamflower","",""
"286","CWHvh1/111","SsHw – Salmonberry – Lily-of-the-valley","Fh","high fluvial bench"
"287","CWHvh1/112","CwYc – Salal – Deer fern – Peat mosses","",""
"288","CWHvh1/120","Ss – Salal – Beaked mosses","SS","salt spray"
"289","CWHvh1/120.1","Ss – Salal – Beaked mosses; Salal variation","SS","salt spray"
"290","CWHvh1/120.2","Ss – Salal – Beaked mosses; Reedgrass variation","SS","salt spray"
"291","CWHvh1/121","Ss – Salmonberry – Sword fern","SS","salt spray"
"292","CWHvh1/Fm54","MbDr – Salmonberry – Sword fern","Fm","mid fluvial bench"
"293","CWHvh1/Wb51","Plc – Crowberry – Peat mosses","",""
"294","CWHvh1/Wb53","PlcYc – Tufted clubrush","",""
"295","CWHvh1/Wb53.2","PlcYc – Tufted clubrush; Tall shrub variation","",""
"296","CWHvh1/Wb53.3","PlcYc – Tufted clubrush; Low shrub variation","",""
"297","CWHvh1/Ws54","CwHw – Azalea – Skunk cabbage","",""
"298","CWHvh1/Ws54.1","CwHw – Azalea – Skunk cabbage; Typic variation","",""
"299","CWHvh1/Ws56","SsHw – Skunk cabbage","",""
"300","CWHvh1/Ws56.2","SsHw – Skunk cabbage; CwSs variation","",""
"301","CWHvh1/Ws58","CwHw – Slough sedge","",""
"302","CWHvh1/Ws58.1","CwHw – Slough sedge; Typic variation","",""
"303","CWHvh1/Ws60","Ss – Crabapple – Slough sedge","SS","salt spray"
"304","CWHvh2/101","CwHw – Salal – Deer fern","",""
"305","CWHvh2/102","PlcYc – Salal – Crowberry","",""
"306","CWHvh2/103","CwHw – Salal – Labrador tea","",""
"307","CWHvh2/104","HwBa – Deer fern – Lanky moss","",""
"308","CWHvh2/105","HwBa – Deer fern – Sword fern","",""
"309","CWHvh2/110","HwBa – Deer fern – Foamflower","",""
"310","CWHvh2/111","BaHwSs – Devil's club – Salmonberry","",""
"311","CWHvh2/112","SsHw – Salmonberry – Lily-of-the-valley","Fh","high fluvial bench"
"312","CWHvh2/113","CwYc – Salal – Deer fern – Peat mosses","",""
"313","CWHvh2/120","Ss – Salal – Beaked mosses","",""
"314","CWHvh2/120.1","Ss – Salal – Beaked mosses; Salal variation","SS","salt spray"
"315","CWHvh2/120.2","Ss – Salal – Beaked mosses; Reedgrass variation","SS","salt spray"
"316","CWHvh2/Fm54","MbDr – Salmonberry – Sword fern","Fm","mid fluvial bench"
"317","CWHvh2/Wb51","Plc – Crowberry – Peat mosses","",""
"318","CWHvh2/Wb53","PlcYc – Tufted clubrush","",""
"319","CWHvh2/Wb53.2","PlcYc – Tufted clubrush; Tall shrub variation","",""
"320","CWHvh2/Wb53.3","PlcYc – Tufted clubrush; Low shrub variation","",""
"321","CWHvh2/Wb57","PlcYc – Deer cabbage – Peat mosses","",""
"322","CWHvh2/Ws54","CwHw – Azalea – Skunk cabbage","",""
"323","CWHvh2/Ws54.1","CwHw – Azalea – Skunk cabbage; Typic variation","",""
"324","CWHvh2/Ws54.2","CwHw – Azalea – Skunk cabbage; Yc variation","",""
"325","CWHvh2/Ws55","YcHm – Skunk cabbage","",""
"326","CWHvh2/Ws56","SsHw – Skunk cabbage","",""
"327","CWHvh2/Ws56.2","SsHw – Skunk cabbage; CwSs variation","",""
"328","CWHvh2/Ws56.3","SsHw – Skunk cabbage; HwSs variation","",""
"329","CWHvh2/Ws58","CwHw – Slough sedge","",""
"330","CWHvh2/Ws58.1","CwHw – Slough sedge; Typic variation","",""
"331","CWHvh2/Ws58.2","CwHw – Slough sedge; Yc variation","",""
"332","CWHvh2/Ws60","Ss – Crabapple – Slough sedge","SS","salt spray"
"333","CWHvh3/101","CwHw – Salal  – Deer fern","",""
"334","CWHvh3/101a","CwHw – Salal  – Deer fern; Mineral phase","",""
"335","CWHvh3/101b","CwHw – Salal  – Deer fern; Lithic phase","",""
"336","CWHvh3/101c","CwHw – Salal  – Deer fern; Peaty phase","",""
"337","CWHvh3/102","PlcYc – Crowberry – Rock moss","",""
"338","CWHvh3/103","Ss – Salal","SS","salt spray"
"339","CWHvh3/103.1","Ss – Salal; typic variation","SS","salt spray"
"340","CWHvh3/103.2","Ss – Salal; reedgrass variation","SS","salt spray"
"341","CWHvh3/104","SsHw – Oregon beaked moss","SS","salt spray"
"342","CWHvh3/105","HwSs – Lanky moss","",""
"343","CWHvh3/105a","HwSs – Lanky moss; Mineral phase","",""
"344","CWHvh3/105b","HwSs – Lanky moss; Lithic phase","",""
"345","CWHvh3/106","CwSs – Sword fern","",""
"346","CWHvh3/106a","CwSs – Sword fern; Mineral phase","",""
"347","CWHvh3/106b","CwSs – Sword fern; Lithic phase","",""
"348","CWHvh3/106c","CwSs – Sword fern; Limestone phase","",""
"349","CWHvh3/110","CwSs – Foamflower","",""
"350","CWHvh3/110a","CwSs – Foamflower; Colluvial/morainal phase","",""
"351","CWHvh3/110b","CwSs – Foamflower; Alluvial fan phase","Fh","high fluvial bench"
"352","CWHvh3/110c","CwSs – Foamflower; Limestone phase","",""
"353","CWHvh3/111","Ss – False lily-of-the-Valley","Fh","high fluvial bench"
"354","CWHvh3/112","Ss – Trisetum","Fm","mid fluvial bench"
"355","CWHvh3/114","CwSs – Devil’s club","",""
"356","CWHvh3/115","CwYc – Salal – Goldthread","",""
"357","CWHvh3/116","Ss – Pacific crabapple – Slough sedge","SS","salt spray"
"358","CWHvh3/117","CwSs – Skunk cabbage","",""
"359","CWHvh3/117a","CwSs – Skunk cabbage; Mineral phase","",""
"360","CWHvh3/117b","CwSs – Skunk cabbage; Organic phase","",""
"361","CWHvh3/Wb53","PlcYc – Tufted clubrush","",""
"362","CWHvh3/Wb53.1","PlcYc – Tufted clubrush; Wooded variation","",""
"363","CWHvh3/Wb53.2","PlcYc – Tufted clubrush; Tall shrub variation","",""
"364","CWHvh3/Wb54","Yc – Tufted clubrush – Tufted hairgrass","",""
"365","CWHvh3/Ws58","CwYc – Slough sedge","",""
"366","CWHvm1/101","HwBa – Blueberry – Lanky moss","",""
"367","CWHvm1/102","PlcHw – Salal – Reindeer lichens","",""
"368","CWHvm1/103","CwHw – Salal – Deer fern","",""
"369","CWHvm1/104","FdcHw – Blueberry – Salal","IN","insolation"
"370","CWHvm1/105","HwBa – Deer fern – Sword fern","",""
"371","CWHvm1/110","HwBa – Sword fern – Foamflower","",""
"372","CWHvm1/111","HwCw – Deer fern – Lanky moss","",""
"373","CWHvm1/111.1","HwCw – Deer fern – Lanky moss; Deer fern variation","",""
"374","CWHvm1/111.2","HwCw – Deer fern – Lanky moss; Salal variation","",""
"375","CWHvm1/112","BaHw – Salmonberry – Devil's club","",""
"376","CWHvm1/112.1","BaHw – Salmonberry – Devil's club; Salmonberry variation","",""
"377","CWHvm1/112.2","BaHw – Salmonberry – Devil's club; Devil's club variation","",""
"378","CWHvm1/113","CwHwYc – Goldthread – Peat mosses","",""
"379","CWHvm1/114","SsHw – Salmonberry – Lily-of-the-valley","Fh","high fluvial bench"
"380","CWHvm1/Fm50","ActDr – Salmonberry","Fm","mid fluvial bench"
"381","CWHvm1/Fm50.1","ActDr – Salmonberry; Salmonberry variation","Fm","mid fluvial bench"
"382","CWHvm1/Fm50.2","ActDr – Salmonberry; Devil's club variation","Fm","mid fluvial bench"
"383","CWHvm1/Fm54","MbDr – Salmonberry – Sword fern","Fm","mid fluvial bench"
"384","CWHvm1/Wb51","Plc – Crowberry – Peat mosses","",""
"385","CWHvm1/Wb53","PlcYc – Tufted clubrush","",""
"386","CWHvm1/Wb53.2","PlcYc – Tufted clubrush; Tall shrub variation","",""
"387","CWHvm1/Wb53.3","PlcYc – Tufted clubrush; Low shrub variation","",""
"388","CWHvm1/Wb55","Plc – Labrador tea – Peat mosses","",""
"389","CWHvm1/Wb55.1","Plc – Labrador tea – Peat mosses; Typic variation","",""
"390","CWHvm1/Wb56","PlcHw – Salal – Peat mosses","",""
"391","CWHvm1/Ws54","CwHw – Azalea – Skunk cabbage","",""
"392","CWHvm1/Ws54.1","CwHw – Azalea – Skunk cabbage; Typic variation","",""
"393","CWHvm1/Ws56","SsHw – Skunk cabbage","",""
"394","CWHvm1/Ws56.1","SsHw – Skunk cabbage; CwHw variation","",""
"395","CWHvm1/Ws58","CwHw – Slough sedge","",""
"396","CWHvm1/Ws58.1","CwHw – Slough sedge; Typic variation","",""
"397","CWHvm1/Ws60","Ss – Crabapple – Slough sedge","SS","salt spray"
"398","CWHvm2/101","HwBaYc – Blueberry – Lanky moss","",""
"399","CWHvm2/102","HwFdc – Salal – Rock mosses","",""
"400","CWHvm2/103","HwYc – Salal – Step moss","",""
"401","CWHvm2/104","HmYc – Copperbush – Mountain-heaths","SN","late snow"
"402","CWHvm2/105","FdcHw – Blueberry – Salal","IN","insolation"
"403","CWHvm2/110","HwBa – Blueberry – Foamflower","",""
"404","CWHvm2/111","HmBaYc – Deer fern – Lanky moss","",""
"405","CWHvm2/111.1","HmBaYc – Deer fern – Lanky moss; Deer fern variation","",""
"406","CWHvm2/111.2","HmBaYc – Deer fern – Lanky moss; Salal variation","",""
"407","CWHvm2/112","BaHw – Salmonberry – Devil's club","",""
"408","CWHvm2/112.1","BaHw – Salmonberry – Devil's club; Salmonberry variation","",""
"409","CWHvm2/112.2","BaHw – Salmonberry – Devil's club; Devil's club variation","",""
"410","CWHvm2/113","HmYc – Goldthread – Peat mosses","",""
"411","CWHvm2/114","HmYc – Deer cabbage – Peat mosses","",""
"412","CWHvm2/115","BaHwHm – Hellebore","",""
"413","CWHvm2/Wb51","Plc – Crowberry – Peat mosses","",""
"414","CWHvm2/Wb53","PlcYc – Tufted clubrush","",""
"415","CWHvm2/Wb53.2","PlcYc – Tufted clubrush; Tall shrub variation","",""
"416","CWHvm2/Wb53.3","PlcYc – Tufted clubrush; Low shrub variation","",""
"417","CWHvm2/Wb55","Plc – Labrador tea – Peat mosses","",""
"418","CWHvm2/Wb55.1","Plc – Labrador tea – Peat mosses; Typic variation","",""
"419","CWHvm2/Wb58","YcHm – Narrow-leaved cotton-grass – Peat mosses","",""
"420","CWHvm2/Ws54","CwHw – Azalea – Skunk cabbage","",""
"421","CWHvm2/Ws54.1","CwHw – Azalea – Skunk cabbage; Typic variation","",""
"422","CWHvm2/Ws55","YcHm – Skunk cabbage","",""
"423","CWHvm3/101","HwBa – Blueberry – Lanky moss","",""
"424","CWHvm3/102","PlcHw – Salal – Reindeer lichens","",""
"425","CWHvm3/103","CwHw – Salal – Deer fern","",""
"426","CWHvm3/104","HwBa – Deer fern – Sword fern","",""
"427","CWHvm3/110","HwBa – Wood fern – Foamflower","",""
"428","CWHvm3/111","HwCw – Deer fern – Lanky moss","",""
"429","CWHvm3/111.1","HwCw – Deer fern – Lanky moss; Deer fern variation","",""
"430","CWHvm3/111.2","HwCw – Deer fern – Lanky moss; Salal variation","",""
"431","CWHvm3/112","BaHwSs – Devil's club – Salmonberry","",""
"432","CWHvm3/112.1","BaHwSs – Devil's club – Salmonberry; Salmonberry variation","",""
"433","CWHvm3/112.2","BaHwSs – Devil's club – Salmonberry; Devil's club variation","",""
"434","CWHvm3/113","CwHwYc – Goldthread – Peat mosses","",""
"435","CWHvm3/114","SsHw – Salmonberry – Devil's club","Fh","high fluvial bench"
"436","CWHvm3/Fm50","ActDr – Salmonberry","Fm","mid fluvial bench"
"437","CWHvm3/Fm50.2","ActDr – Salmonberry; Devil's club variation","Fm","mid fluvial bench"
"438","CWHvm3/Wb51","Plc – Crowberry – Peat mosses","",""
"439","CWHvm3/Wb53","PlcYc – Tufted clubrush","",""
"440","CWHvm3/Wb53.2","PlcYc – Tufted clubrush; Tall shrub variation","",""
"441","CWHvm3/Wb53.3","PlcYc – Tufted clubrush; Low shrub variation","",""
"442","CWHvm3/Ws54","CwHw – Azalea – Skunk cabbage","",""
"443","CWHvm3/Ws54.1","CwHw – Azalea – Skunk cabbage; Typic variation","",""
"444","CWHvm3/Ws56","SsHw – Skunk cabbage","",""
"445","CWHvm3/Ws56.3","SsHw – Skunk cabbage; HwSs variation","",""
"446","CWHvm3/Ws58","CwHw – Slough sedge","",""
"447","CWHvm3/Ws58.1","CwHw – Slough sedge; Typic variation","",""
"448","CWHvm3/Ws60","Ss – Crabapple – Slough sedge","SS","salt spray"
"449","CWHvm4/101","HwBaYc – Blueberry – Lanky moss","",""
"450","CWHvm4/102","YcHm – Crowberry – Reindeer lichens","",""
"451","CWHvm4/103","HmBaYc – Salal – Azalea","",""
"452","CWHvm4/104","HmYc – Copperbush – Mountain-heaths","SN","late snow"
"453","CWHvm4/110","HwBa – Blueberry – Foamflower","",""
"454","CWHvm4/111","HmBaYc – Salal – Deer fern","",""
"455","CWHvm4/112","HwBa – Devil's club – Oak fern","",""
"456","CWHvm4/113","HmYc – Goldthread – Peat mosses","",""
"457","CWHvm4/Wb51","Plc – Crowberry – Peat mosses","",""
"458","CWHvm4/Wb53","PlcYc – Tufted clubrush","",""
"459","CWHvm4/Wb53.2","PlcYc – Tufted clubrush; Tall shrub variation","",""
"460","CWHvm4/Wb53.3","PlcYc – Tufted clubrush; Low shrub variation","",""
"461","CWHvm4/Wb58","YcHm – Narrow-leaved cotton-grass – Peat mosses","",""
"462","CWHvm4/Ws54","CwHw – Azalea – Skunk cabbage","",""
"463","CWHvm4/Ws54.1","CwHw – Azalea – Skunk cabbage; Typic variation","",""
"464","CWHvm4/Ws55","YcHm – Skunk cabbage","",""
"465","CWHvm4/Ws56","SsHw – Skunk cabbage","",""
"466","CWHvm4/Ws56.2","SsHw – Skunk cabbage; CwSs variation","",""
"467","CWHvm4/Ws56.3","SsHw – Skunk cabbage; HwSs variation","",""
"468","CWHwh1/101","HwSs – Lanky moss","",""
"469","CWHwh1/101a","HwSs – Lanky moss; Mesic phase","",""
"470","CWHwh1/101b","HwSs – Lanky moss; Moister phase","",""
"471","CWHwh1/102","CwHw – Salal – Oregon beaked moss","",""
"472","CWHwh1/103","Ss – Salal","SS","salt spray"
"473","CWHwh1/103.1","Ss – Salal ; typic variation","SS","salt spray"
"474","CWHwh1/103.2","Ss – Salal; reedgrass variation","SS","salt spray"
"475","CWHwh1/104","SsHw – Oregon beaked moss","SS","salt spray"
"476","CWHwh1/105","CwSs – Sword fern","",""
"477","CWHwh1/105a","CwSs – Sword fern; Colluvial/morainal phase","",""
"478","CWHwh1/105b","CwSs – Sword fern; Limestone phase","",""
"479","CWHwh1/110","CwHw – Salal – Deer fern","",""
"480","CWHwh1/110a","CwHw – Salal – Deer fern; Podzolic phase","",""
"481","CWHwh1/110b","CwHw – Salal – Deer fern; Gleysolic/organic phase","",""
"482","CWHwh1/111","CwSs – Foamflower","",""
"483","CWHwh1/111a","CwSs – Foamflower; Colluvial/morainal phase","",""
"484","CWHwh1/111b","CwSs – Foamflower; Alluvial fan phase","Fh","high fluvial bench"
"485","CWHwh1/111c","CwSs – Foamflower; Limestone phase","",""
"486","CWHwh1/112","Ss – Lily-of-the-valley","Fh","high fluvial bench"
"487","CWHwh1/113","Ss – Trisetum","Fm","mid fluvial bench"
"488","CWHwh1/115","CwYc – Salal – Goldthread","",""
"489","CWHwh1/116","CwSs – Snake liverwort","",""
"490","CWHwh1/117","Ss – Pacific crabapple – Slough sedge","SS","salt spray"
"491","CWHwh1/118","CwSs – Skunk cabbage","",""
"492","CWHwh1/118a","CwSs – Skunk cabbage; Mineral phase","",""
"493","CWHwh1/118b","CwSs – Skunk cabbage; Organic phase","",""
"494","CWHwh1/Wb51","Plc – Crowberry – Austin's Peat moss","",""
"495","CWHwh1/Wb51.1","Plc – Crowberry – Austin's Peat moss; Tall shrub variation","",""
"496","CWHwh1/Wb51.2","Plc – Crowberry – Austin's Peat moss; Wooded variation","",""
"497","CWHwh1/Wb53","PlcYc – Tufted clubrush","",""
"498","CWHwh1/Wb53.1","PlcYc – Tufted clubrush; Wooded variation","",""
"499","CWHwh1/Wb53.2","PlcYc – Tufted clubrush; Tall shrub variation","",""
"500","CWHwh2/101","HwSs – Lanky moss","",""
"501","CWHwh2/101a","HwSs – Lanky moss; Mesic phase","",""
"502","CWHwh2/101b","HwSs – Lanky moss; Drier phase","",""
"503","CWHwh2/101c","HwSs – Lanky moss; Moister phase","",""
"504","CWHwh2/110","SsYc – Oak fern","",""
"505","CWHwh2/111","YcHm – Goldthread","",""
"506","CWHwh2/112","SsYc – Hellebore – Snake liverwort","",""
"507","CWHwh2/112a","SsYc – Hellebore – Snake liverwort; Hygric phase","Fh","high fluvial bench"
"508","CWHwh2/112b","SsYc – Hellebore – Snake liverwort ; Subhydric phase","",""
"509","CWHwh2/Wb53","PlcYc – Tufted clubrush","",""
"510","CWHwm/101","HwSs – Blueberry – Lanky moss","",""
"511","CWHwm/101a","HwSs – Blueberry – Lanky moss; Typic phase","",""
"512","CWHwm/101b","HwSs – Blueberry – Lanky moss; Subxeric phase","",""
"513","CWHwm/102","YcHm – Crowberry – Reindeer lichens","",""
"514","CWHwm/110","HwSs – Wood fern – Oak fern","",""
"515","CWHwm/111","HmYc – Azalea – Peat mosses","",""
"516","CWHwm/112","SsHw – Devil's club – Wood fern","",""
"517","CWHwm/112a","SsHw – Devil's club – Wood fern; Typic phase","",""
"518","CWHwm/112b","SsHw – Devil's club – Wood fern; Fluvial phase","Fh","high fluvial bench"
"519","CWHwm/113","SsHw – Salmonberry – Devil's club","Fh","high fluvial bench"
"520","CWHwm/Fm50","ActDr – Salmonberry","Fm","mid fluvial bench"
"521","CWHwm/Fm50.1","ActDr – Salmonberry; Salmonberry variation","Fm","mid fluvial bench"
"522","CWHwm/Fm50.2","ActDr – Salmonberry; Devil's club variation","Fm","mid fluvial bench"
"523","CWHwm/Wb51","Plc – Crowberry – Peat mosses","",""
"524","CWHwm/Wb53","PlcYc – Tufted clubrush","",""
"525","CWHwm/Wb53.3","PlcYc – Tufted clubrush; Low shrub variation","",""
"526","CWHwm/Wb57","PlcYc – Deer cabbage – Peat mosses","",""
"527","CWHwm/Ws55","YcHm – Skunk cabbage","",""
"528","CWHwm/Ws56","SsHw – Skunk cabbage","",""
"529","CWHwm/Ws56.3","SsHw – Skunk cabbage; HwSs variation","",""
"530","CWHwm/Ws60","Ss – Crabapple – Slough sedge","SS","salt spray"
"531","CWHws1/101","HwBa – Blueberry – Step moss","",""
"532","CWHws1/102","HwPl – Feather moss – Clad lichens","",""
"533","CWHws1/103","HwPl – Feather moss","",""
"534","CWHws1/110","HwBa – Oak fern – Wood fern","",""
"535","CWHws1/111","HwBa – Blueberry – Queen's cup","",""
"536","CWHws1/112","CwHw – Devil's club – Enchanter's-nightshade","",""
"537","CWHws1/113","SsHw – Salmonberry – Devil's club","Fh","high fluvial bench"
"538","CWHws1/Fm50","ActDr – Salmonberry","Fm","mid fluvial bench"
"539","CWHws1/Fm50.1","ActDr – Salmonberry; Salmonberry variation","Fm","mid fluvial bench"
"540","CWHws1/Wb51","Plc – Crowberry – Peat mosses","",""
"541","CWHws1/Wb53","PlcYc – Tufted clubrush","",""
"542","CWHws1/Wb53.3","PlcYc – Tufted clubrush; Low shrub variation","",""
"543","CWHws1/Ws56","SsHw – Skunk cabbage","",""
"544","CWHws1/Ws56.2","SsHw – Skunk cabbage; CwSs variation","",""
"545","CWHws2/101","HwBa – Blueberry – Step moss","",""
"546","CWHws2/102","HwPl – Feather moss – Clad lichens","",""
"547","CWHws2/103","Hw – Blueberry – Step moss","",""
"548","CWHws2/110","HwBa – Oak fern – Wood fern","",""
"549","CWHws2/111","HwBa – Blueberry – Queen's cup","",""
"550","CWHws2/112","HwBa – Devil's club – Oak fern","",""
"551","CWHws2/113","BaHw – Salmonberry – Devil's club","Fh","high fluvial bench"
"552","CWHws2/114","Bl – Devil's club – Oak fern","FR","frost"
"553","CWHws2/Fm50","ActDr – Salmonberry","Fm","mid fluvial bench"
"554","CWHws2/Fm50.2","ActDr – Salmonberry; Devil's club variation","Fm","mid fluvial bench"
"555","CWHws2/Wb51","Plc – Crowberry – Peat mosses","",""
"556","CWHws2/Ws56","SsHw – Skunk cabbage","",""
"557","CWHws2/Ws56.2","SsHw – Skunk cabbage; CwSs variation","",""
"558","CWHws2/Ws59","HmBl – Skunk cabbage","",""
"559","CWHws3/101","HwBa – Blueberry – Step moss","",""
"560","CWHws3/102","FdcPlHw – Kinnikinnick","",""
"561","CWHws3/103","HwFdc – Azalea – Falsebox","",""
"562","CWHws3/110","HwBa – Oak fern – Wood fern","",""
"563","CWHws3/111","HwBa – Azalea – Bunchberry","",""
"564","CWHws3/112","HwFdc – Devil's club – Oak fern","",""
"565","CWHws3/113","SsHw – Salmonberry – Devil's club","Fh","high fluvial bench"
"566","CWHws3/Wb51","Plc – Crowberry – Peat mosses","",""
"567","CWHws3/Ws56","SsHw – Skunk cabbage","",""
"568","CWHws3/Ws56.2","SsHw – Skunk cabbage; CwSs variation","",""
"569","CWHws3/Ws58","CwHw – Slough sedge","",""
"570","CWHws3/Ws58.1","CwHw – Slough sedge; Typic variation","",""
"571","CWHxs/101","FdcHw – Dull Oregon-grape – Falsebox","",""
"572","CWHxs/101.1","FdcHw – Dull Oregon-grape – Falsebox; Typic variation","",""
"573","CWHxs/101.2","FdcHw – Dull Oregon-grape – Falsebox; Rhododendron variation","",""
"574","CWHxs/102","Fdc – Kinnikinnick – Feather moss – Reindeer lichens","",""
"575","CWHxs/103","Fdc – Dull Oregon-grape – Feather moss","",""
"576","CWHxs/103.1","Fdc – Dull Oregon-grape – Feather moss; Typic variation","",""
"577","CWHxs/103.2","Fdc – Dull Oregon-grape – Feather moss; Rhododendron variation","",""
"578","CWHxs/110","CwFdc – Vine maple – Dull Oregon-grape","",""
"579","CWHxs/111","Hw – Queen's cup","",""
"580","CWHxs/112","CwFdc – Vine maple – Foamflower","",""
"581","CWHxs/113","CwHw – Vine maple – Dogwood","Fh","high fluvial bench"
"582","CWHxs/Wb55","Plc – Labrador tea – Peat mosses","",""
"583","CWHxs/Ws56","SsHw – Skunk cabbage","",""
"584","CWHxs/Ws56.1","SsHw – Skunk cabbage; CwHw variation","",""
"585","ESSFdc1/101","BlSe – Rhododendron – Valerian","",""
"586","ESSFdc1/102","BlPl – Huckleberry","",""
"587","ESSFdc1/103","BlPl – Falsebox – Grouseberry","",""
"588","ESSFdc1/104","Bl – Rhododendron – Grouseberry","",""
"589","ESSFdc1/110","BlSe – Rhododendron – Hellebore","",""
"590","ESSFdc1/111","Bl – Valerian – Foamflower","",""
"591","ESSFdc1/112","Se – Horsetail – Globeflower","",""
"592","ESSFdc1/112a","Se – Horsetail – Globeflower; Riparian phase","",""
"593","ESSFdc1/112b","Se – Valerian – Horsetail; Swamp phase","",""
"594","ESSFdc1/Wb16","Sxw – Trapper's tea – Peat moss","",""
"595","ESSFdc1/Ws08","Bl – Sitka valerian – Horsetail","",""
"596","ESSFdc1/Ws08.1","Bl – Sitka valerian – Horsetail","",""
"597","ESSFdc1/Ws08.2","SxwBl – Horsetail – Canby's Lovage","",""
"598","ESSFdc2/101","BlSe – Rhododendron – Valerian","",""
"599","ESSFdc2/102","Pl – Juniper – Grouseberry – Clad lichens","",""
"600","ESSFdc2/103","Pl – Pinegrass – Grouseberry","IN","insolation"
"601","ESSFdc2/104","BlPl – Grouseberry – Clad lichens","",""
"602","ESSFdc2/110","SeBl – Trapper's tea – Grouseberry","CA","cold aspects - cold air"
"603","ESSFdc2/111","BlSe – Valerian – Globeflower","",""
"604","ESSFdc2/112","Se – Horsetail – Valerian","",""
"605","ESSFdc2/Wb16","Sxw – Trapper's tea – Peat moss","",""
"606","ESSFdc2/Ws08","Bl – Sitka valerian – Horsetail","",""
"607","ESSFdc2/Ws08.1","Bl – Sitka valerian – Horsetail","",""
"608","ESSFdc3/01","Bl – Rhododendron – Grouseberry","",""
"609","ESSFdc3/03","PlSe – Falsebox – Pinegrass","",""
"610","ESSFdc3/04","Bl – Grouseberry – Cladonia","",""
"611","ESSFdc3/05","Bl – Huckleberry – Feathermoss","",""
"612","ESSFdc3/06","Bl – Gooseberry – Oak fern","",""
"613","ESSFdc3/07","Bl – Rhododendron – Valerian","",""
"614","ESSFdc3/08","Bl – Trapper's tea","",""
"615","ESSFdcw/101","Bl – Valerian – Woodrush","",""
"616","ESSFdcw/102","BlPa – Grouseberry","",""
"617","ESSFdcw/103","Bl – Rhododendron – Grouseberry","",""
"618","ESSFdcw/110","Bl – Valerian – Hellebore – Globeflower","",""
"619","ESSFdcw/Ws08.2","SeBl – Horsetail – Canby's Lovage","",""
"620","ESSFdh1/101","BlBa – Huckleberry – Pipecleaner moss","",""
"621","ESSFdh1/102","FdBl – Falsebox – Rock mosses","",""
"622","ESSFdh1/103","BlPl – Falsebox – Grouseberry","",""
"623","ESSFdh1/104","FdBl – Falsebox – Pinegrass","IN","insolation"
"624","ESSFdh1/110","SeBl(Ba) – Oak fern – Bramble","",""
"625","ESSFdh1/111","SeBl – Horsetail – Oak fern","",""
"626","ESSFdh1/Ws07","Sxw – Horsetail – Leafy moss","",""
"627","ESSFdh1/Ws07.1","Sxw – Horsetail – Leafy moss; Typic variation","",""
"628","ESSFdh1/Ws07.2","Sxw – Horsetail – Leafy moss; Soft-leaved sedge variation","",""
"629","ESSFdk1/101","BlSe – Azalea","",""
"630","ESSFdk1/102","PlFd – Juniper – Douglas maple","",""
"631","ESSFdk1/103","BlPl – Grouseberry","IN","insolation"
"632","ESSFdk1/104","BlPl – Azalea – Grouseberry","",""
"633","ESSFdk1/110","BlSe – Azalea – Foamflower","",""
"634","ESSFdk1/111","Se – Horsetail – Bluejoint","",""
"635","ESSFdk1/111a","Se – Horsetail – Bluejoint; Riparian phase","Fh","high fluvial bench"
"636","ESSFdk1/111b","Se – Horsetail – Bluejoint; Swamp phase","",""
"637","ESSFdk1/Wb15","Sxw – Labrador tea – Peat moss","",""
"638","ESSFdk1/Wb16","Sxw – Trapper’s tea – Peat moss","",""
"639","ESSFdk1/Ws08","Bl – Sitka valerian – Common horsetail","",""
"640","ESSFdk2/101","BlSe – Azalea – Feathermoss","",""
"641","ESSFdk2/102","PlFd – Juniper – Douglas maple","",""
"642","ESSFdk2/103","PlBl – Juniper – Showy aster","IN","insolation"
"643","ESSFdk2/104","BlPl – Azalea – Grouseberry","",""
"644","ESSFdk2/110","BlSe – Azalea – Oak fern","",""
"645","ESSFdk2/111","BlSe – Azalea – Foamflower","",""
"646","ESSFdk2/112","SeBl – Horsetail – Feathermoss","",""
"647","ESSFdk2/112a","SeBl – Horsetail – Feathermoss; Riparian phase","Fh","high fluvial bench"
"648","ESSFdk2/112b","SeBl – Horsetail – Feathermoss; Swamp phase","",""
"649","ESSFdk2/Wb15","Sxw – Labrador tea – Peat moss","",""
"650","ESSFdk2/Ws08","Bl – Sitka valerian – Common horsetail","",""
"651","ESSFdkw/101","BlSe – Grouseberry – Leafy liverwort","",""
"652","ESSFdkw/101.1","BlSe – Grouseberry – Leafy liverwort","",""
"653","ESSFdkw/101.2","BlSe – Rhododendeon – Grouseberry","",""
"654","ESSFdkw/102","BlLa – Grouseberry","",""
"655","ESSFdkw/103","BlSePa – Grouseberry","",""
"656","ESSFdkw/110","BlSe – Grouseberry – Valerian","",""
"657","ESSFmc/01","Bl – Huckleberry – Leafy liverwort","",""
"658","ESSFmc/01a","Bl – Huckleberry – Leafy liverwort; Medium-textured","",""
"659","ESSFmc/01b","Bl – Huckleberry – Leafy liverwort; Fine-textured","",""
"660","ESSFmc/02","BlPl – Juniper – Cladonia","",""
"661","ESSFmc/03","Bl – Huckleberry – Crowberry","",""
"662","ESSFmc/04","Bl – Huckleberry – Heron's-bill","",""
"663","ESSFmc/05","Bl – Huckleberry – Thimbleberry","",""
"664","ESSFmc/06","Bl – Oak fern – Heron's-bill","",""
"665","ESSFmc/07","Bl – Devil's club – Lady fern","",""
"666","ESSFmc/08","Bl – Valerian – Sickle moss","SN","late snow"
"667","ESSFmc/09","Bl – Horsetail – Glow moss","",""
"668","ESSFmc/10","Bl – Horsetail – Leafy moss","",""
"669","ESSFmc/11","Pl – Few-flowered sedge – Peat moss","",""
"670","ESSFmcw/101","Bl – Huckleberry – (Valerian) – Heron's-bill","",""
"671","ESSFmcw/101a","Bl – Huckleberry – (Valerian) – Heron's-bill; Mesic phase","",""
"672","ESSFmcw/101b","Bl – Huckleberry – (Valerian) – Heron's-bill; Submesic phase","",""
"673","ESSFmcw/102","Bl(Pa) – Crowberry – Heron's-bill","",""
"674","ESSFmcw/103","Bl – Mountain-heather – Leafy liverwort","SN","late snow"
"675","ESSFmcw/110","Bl – Valerian – Leafy liverwort","",""
"676","ESSFmcw/111","Bl – Leatherleaf – Leafy moss","",""
"677","ESSFmh/101","BlSe – Rhododendron – Foamflower","",""
"678","ESSFmh/102","FdPl – Juniper – Falsebox","",""
"679","ESSFmh/103","BlFd – Huckleberry – Falsebox","",""
"680","ESSFmh/104","BlPl – Falsebox – Grouseberry","",""
"681","ESSFmh/105","BlCwLw – Queen's cup","",""
"682","ESSFmh/110","Bl – Rhododendron – Oak fern","",""
"683","ESSFmh/111","BlSe – Lady fern – Oak fern","",""
"684","ESSFmh/112","SeBl – Horsetail – Arrow–leaved groundsel","",""
"685","ESSFmh/112a","SeBl – Horsetail – Arrow–leaved groundsel; Riparian phase","",""
"686","ESSFmh/112b","SeBl – Horsetail – Canby's lovage; Swamp phase","",""
"687","ESSFmh/Wb16","Sxw – Trapper's tea – Peat moss","",""
"688","ESSFmh/Ws08","Bl – Sitka valerian – Horsetail","",""
"689","ESSFmh/Ws08.1","Bl – Sitka valerian – Horsetail","",""
"690","ESSFmh/Ws08.2","SeBl – Horsetail – Canby's Lovage","",""
"691","ESSFmk/01","BlHm – Twistedstalk","",""
"692","ESSFmk/02","BlPa – Cladonia","",""
"693","ESSFmk/02a","BlPa – Cladonia; Lithic","",""
"694","ESSFmk/02b","BlPa – Cladonia; Fluvial","Fh","high fluvial bench"
"695","ESSFmk/03","BlHm – Cladonia","",""
"696","ESSFmk/04","BlHm – Oak fern","",""
"697","ESSFmk/05","Bl – Devil's club – Lady fern","",""
"698","ESSFmk/06","Bl – Horsetail – Leafy moss","",""
"699","ESSFmk/07","Bl – Lady fern – Horsetail","",""
"700","ESSFmkw/101","Bl(Hm) – Huckleberry – (Twistedstalk) – Heron's-bill","",""
"701","ESSFmkw/102","BlPa(Hm) – Huckleberry – Clad lichens","",""
"702","ESSFmkw/103","BlHm – Mountain-heather – Leafy liverwort","SN","late snow"
"703","ESSFmkw/104","BlHm – Huckleberry – Blueberry","",""
"704","ESSFmkw/110","Bl(Hm) – Huckleberry – Valerian – Leafy moss","",""
"705","ESSFmkw/111","Bl – Valerian – Sitka burnet – Horsetail","",""
"706","ESSFmm1/01","Bl – Azalea – Gooseberry","",""
"707","ESSFmm1/02","Bl – Huckleberry – Feathermoss","",""
"708","ESSFmm1/03","BlPl – Cladina","",""
"709","ESSFmm1/04","Bl – Azalea – Rhododendron","",""
"710","ESSFmm1/05","Bl – Oak fern – Bramble","",""
"711","ESSFmm1/06","Bl – Devil's club – Lady fern","",""
"712","ESSFmm1/07","Bl – Labrador tea – Horsetail","",""
"713","ESSFmm3/101","Bl – Azalea – Bramble","",""
"714","ESSFmm3/102","BlFd – Juniper – Clad lichen","",""
"715","ESSFmm3/103","Bl – Huckleberry – Clad lichen","",""
"716","ESSFmm3/104","Bl – Azalea – Feathermoss","",""
"717","ESSFmm3/110","BlSe – Azalea – Oak fern","",""
"718","ESSFmm3/111","BlSe – Valerian – Leafy liverwort","",""
"719","ESSFmm3/112","Se – Horsetail – Valerian","",""
"720","ESSFmv1/01","Bl – Rhododendron – Feathermoss","",""
"721","ESSFmv1/02","Pl – Huckleberry – Cladonia","",""
"722","ESSFmv1/03","Bl – Huckleberry – Feathermoss","",""
"723","ESSFmv1/04","Bl – Huckleberry – Gooseberry","",""
"724","ESSFmv1/05","Bl – Horsetail – Glow moss","",""
"725","ESSFmv2/01","Bl – Rhododendron – Feathermoss","",""
"726","ESSFmv2/02","Bl – Lingonberry","",""
"727","ESSFmv2/03","BlSb – Labrador tea","CA","cold aspects - cold air"
"728","ESSFmv2/04","Bl – Oak fern – Knight's plume","",""
"729","ESSFmv2/05","Bl – Devil's club – Rhododendron","",""
"730","ESSFmv2/06","Bl – Alder – Horsetail","",""
"731","ESSFmv3/01","Bl – Rhododendron – Feathermoss","",""
"732","ESSFmv3/02","BlPl – Crowberry – Cladina","",""
"733","ESSFmv3/03","BlSb – Labrador tea","CA","cold aspects - cold air"
"734","ESSFmv3/04","Bl – Oak fern – Knight's plume","",""
"735","ESSFmv3/05","Bl – Devil's club – Rhododendron","",""
"736","ESSFmv3/06","Sxw – Huckleberry – High bush-cranberry","",""
"737","ESSFmv3/07","Bl – Horsetail – Feathermoss","",""
"738","ESSFmv3/08","BlPl – Rhododendron","",""
"739","ESSFmv4/01","Bl – Rhododendron – Feathermoss","",""
"740","ESSFmv4/02","BlPl – Crowberry – Cladina","",""
"741","ESSFmv4/03","BlSb – Labrador tea","CA","cold aspects - cold air"
"742","ESSFmv4/04","Bl – Rhododendron – Horsetail","",""
"743","ESSFmv4/05","Bl – Alder – Horsetail","",""
"744","ESSFmw/01","BlBa – Rhododendron","",""
"745","ESSFmw/02","BlPl – Juniper – Racomitrium","",""
"746","ESSFmw/03","Fd – Falsebox – Pinegrass","",""
"747","ESSFmw/04","Bl – Huckleberry – Falsebox","",""
"748","ESSFmw/05","BlBa – Azalea – Pipecleaner moss","",""
"749","ESSFmw/06","Bl – Gooseberry – Valerian","",""
"750","ESSFmw/07","BlBa – Oak fern – Lady fern","",""
"751","ESSFmw/08","Bl – Gooseberry – Horsetail","",""
"752","ESSFmw1/101","BlBa – Rhododendron – Bramble","",""
"753","ESSFmw1/102","PlBl – Grouseberry – Rock mosses","",""
"754","ESSFmw1/102.1","PlBl – Grouseberry – Rock mosses","",""
"755","ESSFmw1/102.2","Bl – Huckleberry – Rock mosses","",""
"756","ESSFmw1/103","BlPl – Falsebox – Grouseberry","",""
"757","ESSFmw1/104","FdPl – Falsebox – Pinegrass","IN","insolation"
"758","ESSFmw1/105","BlBa – Huckleberry – Pipecleaner moss","",""
"759","ESSFmw1/110","Bl – Valerian – Foamflower","CAS","cold aspects - cold air"
"760","ESSFmw1/111","Se – Horsetail – Valerian","",""
"761","ESSFmw1/Ws08","Bl – Sitka valerian – Horsetail","",""
"762","ESSFmw1/Ws08.1","Bl – Sitka valerian – Horsetail","",""
"763","ESSFvc/01","BlHm – Rhododendron – Oak fern","",""
"764","ESSFvc/02","BlHm – Rhododendron – Leafy liverwort","",""
"765","ESSFvc/03","BlHm – Rhododendron – Pipecleaner moss","",""
"766","ESSFvc/04","BlHm – Devil's club – Lady fern","",""
"767","ESSFvc/05","BlHm – Horsetail","",""
"768","ESSFwc2/01","Bl – Azalea – Oak fern","",""
"769","ESSFwc2/02","Pl – Huckleberry – Cladonia","",""
"770","ESSFwc2/03","Bl – Huckleberry – Arnica","",""
"771","ESSFwc2/04","Bl – Rhododendron – Heron's-bill","",""
"772","ESSFwc2/05","Bl – Azalea – Feathermoss","",""
"773","ESSFwc2/06","Bl – Valerian – Oak fern","",""
"774","ESSFwc2/07","Bl – Devil's club – Lady fern","",""
"775","ESSFwc2/08","Bl – Horsetail – Sphagnum","",""
"776","ESSFwc2/09","Pl – Dwarf blueberry – Sphagnum","",""
"777","ESSFwc4/101","Bl – Rhododendron – Oak fern","",""
"778","ESSFwc4/102","BlPa – Huckleberry – Clad lichen","",""
"779","ESSFwc4/103","Bl – Rhododendron – Huckleberry – Heron's-bill","",""
"780","ESSFwc4/103a","Bl – Rhododendron – Huckleberry – Heron's-bill; Subxeric phase","",""
"781","ESSFwc4/103b","Bl – Rhododendron – Huckleberry – Heron's-bill; Submesic phase","",""
"782","ESSFwc4/110","BlSe – Lady fern – Oak fern","",""
"783","ESSFwc4/111","Bl – Valerian – Foamflower","",""
"784","ESSFwc4/112","Se – Horsetail – Valerian","",""
"785","ESSFwc4/112a","Se – Horsetail – Valerian; Riparian phase","Fh","high fluvial bench"
"786","ESSFwc4/112b","Se – Valerian – Horsetail; Swamp phase","",""
"787","ESSFwc7/101","Bl – Rhododendron – Oak fern","",""
"788","ESSFwc7/102","Bl – Huckleberry – Rock mosses","",""
"789","ESSFwc7/103","Bl – Rhododendron – Bramble – Heron's-bill mosses","",""
"790","ESSFwc7/110","Bl – Twistedstalks – Leafy mosses","",""
"791","ESSFwc7/111","Bl – Valerian – Horsetail","",""
"792","ESSFwcw/101","Bl – Rhododendron – Valerian","",""
"793","ESSFwcw/102","BlPa – Huckleberry – Clad lichen","",""
"794","ESSFwcw/103","Bl – Rhododendron – Woodrush","",""
"795","ESSFwcw/104","Bl – Mountain-heather","SN","late snow"
"796","ESSFwcw/104.1","Bl – Mountain-heather – Woodrush","SN","late snow"
"797","ESSFwcw/104.2","Bl – Mountain-heather – Partridge-foot","SN","late snow"
"798","ESSFwcw/104.3","Bl – Mountain-heather – Mountain sagewort","SN","late snow"
"799","ESSFwcw/110","Bl – Valerian – Hellebore – Globeflower","",""
"800","ESSFwcw/Ws08.2","SeBl – Horsetail – Canby's Lovage","",""
"801","ESSFwh1/101","BlHw – Rhododendron – Foamflower","",""
"802","ESSFwh1/102","Bl – Huckleberry – Rock moss","",""
"803","ESSFwh1/103","BlFd – Huckleberry – Falsebox","IN","insolation"
"804","ESSFwh1/104","BlHw – Huckleberry – Pipecleaner moss","",""
"805","ESSFwh1/110","Se – Devil's club – Lady fern","",""
"806","ESSFwh1/110.1","Se – Devil's club – Lady fern","",""
"807","ESSFwh1/110.2","Se – Lady fern – Oak fern","",""
"808","ESSFwh1/111","SeBl – Horsetail – Canby's lovage","",""
"809","ESSFwh1/111a","SeBl – Horsetail – Canby's lovage; Riparian phase","Fh","high fluvial bench"
"810","ESSFwh1/111b","SeBl – Horsetail – Canby's lovage; Swamp phase","",""
"811","ESSFwh1/Ws08.1","Bl – Sitka valerian – Horsetail","",""
"812","ESSFwh1/Ws08.2","SxwBl – Horsetail – Canby's Lovage","",""
"813","ESSFwh2/101","BlHw – Rhododendron – Foamflower","",""
"814","ESSFwh2/102","Bl – Huckleberry – Rock moss","",""
"815","ESSFwh2/103","Bl – Huckleberry – Falsebox","IN","insolation"
"816","ESSFwh2/104","BlHw – Huckleberry – Pipecleaner moss","",""
"817","ESSFwh2/110","BlSe – Azalea – Oak fern","",""
"818","ESSFwh2/111","Se – Devil's club – Lady fern","",""
"819","ESSFwh2/112","SeBl – Horsetail – Canby's lovage","",""
"820","ESSFwh2/112a","SeBl – Horsetail – Canby's lovage; Riparian phase","Fh","high fluvial bench"
"821","ESSFwh2/112b","SeBl – Horsetail – Canby's lovage; Swamp phase","",""
"822","ESSFwh2/Ws08.1","Bl – Sitka valerian – Horsetail","",""
"823","ESSFwh2/Ws08.2","SxwBl – Horsetail – Canby's Lovage","",""
"824","ESSFwh3/101","BlHw – Rhododendron – Foamflower","",""
"825","ESSFwh3/102","BlFd – Bear-grass – Rock moss","",""
"826","ESSFwh3/103","BlPl – Huckleberry – Bear-grass","IN","insolation"
"827","ESSFwh3/104","Bl – Rhododendron – Bear-grass – Pipecleaner moss","",""
"828","ESSFwh3/104.1","Bl – Rhododendron – Bear-grass – Pipecleaner moss","",""
"829","ESSFwh3/104.2","Bl – Rhododendron – Pipecleaner moss","",""
"830","ESSFwh3/110","Bl – Rhododendron – Oak fern","",""
"831","ESSFwh3/111","Se – Devil's club – Lady fern","",""
"832","ESSFwh3/112","SeBl – Horsetail – Canby's lovage","",""
"833","ESSFwh3/112a","SeBl – Horsetail – Canby's lovage; Riparian phase","Fh","high fluvial bench"
"834","ESSFwh3/112b","SeBl – Horsetail – Canby's lovage; Swamp phase","",""
"835","ESSFwh3/Ws08.1","Bl – Sitka valerian – Horsetail","",""
"836","ESSFwh3/Ws08.2","SxwBl – Horsetail – Canby's Lovage","",""
"837","ESSFwk1/01","Bl – Oak fern – Brachythecium","",""
"838","ESSFwk1/02","Bl – Huckleberry – Feathermoss","",""
"839","ESSFwk1/03","Bl – Oak fern – Knight's plume","",""
"840","ESSFwk1/04","Bl – Twinberry – Lady fern","CA","cold aspects - cold air"
"841","ESSFwk1/05","Bl – Devil's club – Lady fern","",""
"842","ESSFwk1/06","Bl – Horsetail – Sphagnum","CA","cold aspects - cold air"
"843","ESSFwk1/07","Bl – Lady fern – Horsetail","",""
"844","ESSFwk2/01","Bl – Oak fern – Knight's plume","",""
"845","ESSFwk2/02","Bl – Oak fern – Sarsaparilla","",""
"846","ESSFwk2/03","Bl – Oak fern – Bluebells","",""
"847","ESSFwk2/04","Bl – Devil's club – Rhododendron","",""
"848","ESSFwk2/05","Bl – Rhododendron – Lady fern","",""
"849","ESSFwk2/06","Bl – Horsetail – Sphagnum","",""
"850","ESSFwm1/101","Bl – Rhododendron – Azalea – Foamflower","",""
"851","ESSFwm1/102","BlFd – Douglas maple","",""
"852","ESSFwm1/103","Bl – Huckleberry – Falsebox","IN","insolation"
"853","ESSFwm1/104","Bl – Rhododendron – Azalea","CAS","cold aspects - cold air"
"854","ESSFwm1/110","BlSe – Azalea – Oak fern","",""
"855","ESSFwm1/111","Bl – Arrow-leaved groundsel – Canby's lovage","",""
"856","ESSFwm1/112","SeBl – Horsetail – Canby's lovage","",""
"857","ESSFwm1/Ws08","Bl – Sitka valerian – Common horsetail","",""
"858","ESSFwm2/101","Bl – Rhododendron – Azalea – Foamflower","",""
"859","ESSFwm2/102","BlPa – Huckleberry – Clad lichen","",""
"860","ESSFwm2/103","Bl – Azalea – Rhododendron","",""
"861","ESSFwm2/104","Bl – Rhododendron – Huckleberry – Heron's-bill","",""
"862","ESSFwm2/110","BlSe – Azalea – Oak fern","",""
"863","ESSFwm2/111","Bl – Arrow-leaved groundsel – Canby's lovage","",""
"864","ESSFwm2/112","SeBl – Horsetail – Canby's lovage","",""
"865","ESSFwm2/112a","SeBl – Horsetail – Canby's lovage; Riparian phase","Fh","high fluvial bench"
"866","ESSFwm2/112b","SeBl – Horsetail – Canby's lovage; Swamp phase","",""
"867","ESSFwm2/Ws08.1","Bl – Sitka valerian – Horsetail","",""
"868","ESSFwm2/Ws08.2","SxwBl – Horsetail – Canby's Lovage","",""
"869","ESSFwm3/101","Bl – Rhododendron – Azalea – Foamflower","",""
"870","ESSFwm3/102","Bl – Huckleberry – Bear-grass","",""
"871","ESSFwm3/103","BlSe – Rhododendron – Bear-grass","IN","insolation"
"872","ESSFwm3/104","Bl – Rhododendron – Huckleberry – Heron's-bill","CAS","cold aspects - cold air"
"873","ESSFwm3/105","BlSe – Bear-grass – Arnica","",""
"874","ESSFwm3/110","Bl – Rhododendron – Foamflower – Arnica","",""
"875","ESSFwm3/111","Bl – Arrow-leaved groundsel – Canby's lovage","",""
"876","ESSFwm3/112","SeBl – Horsetail – Canby's lovage","",""
"877","ESSFwm3/112a","SeBl – Horsetail – Canby's lovage; Riparian phase","Fh","high fluvial bench"
"878","ESSFwm3/112b","SeBl – Horsetail – Canby's lovage; Swamp phase","",""
"879","ESSFwm3/Ws08.1","Bl – Sitka valerian – Horsetail","",""
"880","ESSFwm3/Ws08.2","SxwBl – Horsetail – Canby's Lovage","",""
"881","ESSFwm4/101","Bl – Rhododendron – Azalea – Foamflower","",""
"882","ESSFwm4/102","BlPl – Low bilberry – Bear-grass","",""
"883","ESSFwm4/102a","BlPl – Low bilberry – Bear-grass; Xeric phase","",""
"884","ESSFwm4/102b","BlPl – Low bilberry – Bear-grass; Subxeric phase","",""
"885","ESSFwm4/103","Bl – Azalea – Low bilberry","",""
"886","ESSFwm4/103.1","Bl – Azalea – Low bilberry","",""
"887","ESSFwm4/103.2","Bl – Azalea – Bear-grass","",""
"888","ESSFwm4/110","BlSe – Azalea – Oak fern","",""
"889","ESSFwm4/111","Bl – Arrow-leaved groundsel – Canby's lovage","",""
"890","ESSFwm4/Ws08.2","SeBl – Horsetail – Canby's Lovage","",""
"891","ESSFwmw/101","Bl – Rhododendron – Woodrush","",""
"892","ESSFwmw/102","BlLa – Heron's-bill","",""
"893","ESSFwmw/103","Bl(La) – Huckleberry – Grouseberry","",""
"894","ESSFwmw/110","Bl – Valerian – Hellebore – Globeflower","",""
"895","ESSFwmw/Ws08.2","SeBl – Horsetail – Canby's Lovage","",""
"896","ESSFwv/01","BlHm – Azalea","",""
"897","ESSFwv/02","BlPl – Cladonia","",""
"898","ESSFwv/03","BlHm – Feathermoss","",""
"899","ESSFwv/04","BlHm – Heron's-bill","",""
"900","ESSFwv/05","Bl – Oak fern – Heron's-bill","",""
"901","ESSFwv/06","Bl – Devil's club – Lady fern","",""
"902","ESSFwv/07","Bl – Valerian – Sickle moss","",""
"903","ESSFwv/08","Bl – Horsetail – Glow moss","",""
"904","ESSFwv/09","Bl – Lady fern – Horsetail","",""
"905","ESSFwvw/101","Bl – Huckleberry – Bramble – (Oakfern)","",""
"906","ESSFwvw/102","Bl – Huckleberry – Bunchberry – Feather moss","",""
"907","ESSFwvw/103","BlHm – Mountain-heather – Leafy liverwort","SN","late snow"
"908","ESSFwvw/104","Bl – Huckleberry – Partridge-foot","",""
"909","ESSFwvw/105","BlHm – Huckleberry – Blueberry","CAS","cold aspects - cold air"
"910","ESSFwvw/110","Bl – Huckleberry – Valerian – Leafy moss","",""
"911","ESSFwvw/111","Bl – Valerian – Horsetail – Leafy moss","",""
"912","ESSFxc1/101","BlSe – Grouseberry – Valerian","",""
"913","ESSFxc1/102","Pl – Juniper – Grouseberry – Clad lichens","",""
"914","ESSFxc1/103","Pl – Juniper – Pinegrass","",""
"915","ESSFxc1/104","BlPl – Grouseberry – Clad lichens","",""
"916","ESSFxc1/105","PlS – Trapper's tea – Grouseberry","",""
"917","ESSFxc1/110","Bl – Rhododendron – Grouseberry","CAS","cold aspects - cold air"
"918","ESSFxc1/111","BlSe – Trapper's tea – Valerian","",""
"919","ESSFxc1/112","Se – Horsetail – Bluejoint","",""
"920","ESSFxc1/113","Se – Rocky Mountain sedge – Valerian","",""
"921","ESSFxc1/Wb16","Sxw – Trapper's tea – Peat moss","",""
"922","ESSFxc1/Ws08","Bl – Sitka valerian – Horsetail","",""
"923","ESSFxc1/Ws08.1","Bl – Sitka valerian – Horsetail","",""
"924","ESSFxc1/Ws12","Sxw – Rocky Mountain sedge – Glow moss","",""
"925","ESSFxc2/101","BlSe – Grouseberry – Valerian","",""
"926","ESSFxc2/102","Pl – Juniper – Grouseberry – Clad lichens","",""
"927","ESSFxc2/103","BlPl – Grouseberry – Clad lichens","",""
"928","ESSFxc2/110","Bl – Rhododendron – Grouseberry","CAS","cold aspects - cold air"
"929","ESSFxc2/111","BlSe – Valerian – Globeflower","",""
"930","ESSFxc2/112","Se – Horsetail – Bluejoint","",""
"931","ESSFxc2/Wb16","Sxw – Trapper's tea – Peat moss","",""
"932","ESSFxc2/Ws08","Bl – Sitka valerian – Horsetail","",""
"933","ESSFxc2/Ws08.1","Bl – Sitka valerian – Horsetail","",""
"934","ESSFxc3/01","Bl – Grouseberry – Valerian","",""
"935","ESSFxc3/02","Pl – Juniper – Lupine","",""
"936","ESSFxc3/05","Bl – Grouseberry – Cladonia","",""
"937","ESSFxc3/06","Bl – Rhododendron – Grouseberry","",""
"938","ESSFxc3/07","Bl – Gooseberry – Foamflower","",""
"939","ESSFxc3/08","Bl – Horsetail – Glow moss","",""
"940","ESSFxc3/11","Sxw – Common horsetail – Leafy moss","",""
"941","ESSFxv1/01","Bl – Arnica – Cladonia","",""
"942","ESSFxv1/02","BlPa – Juniper – Cladonia","",""
"943","ESSFxv1/03","Pl – Cladonia – Stereocaulon","",""
"944","ESSFxv1/04","BlPa – Juniper – Grouseberry","IN","insolation"
"945","ESSFxv1/05","BlPa – Arnica – Twinflower","CAS","cold aspects - cold air"
"946","ESSFxv1/06","Bl – Rhododendron – Crowberry","CAS","cold aspects - cold air"
"947","ESSFxv1/07","Bl – Valerian – Arnica","",""
"948","ESSFxv1/08","Bl – Horsetail – Glow moss","CA","cold aspects - cold air"
"949","ESSFxv1/09","Bl – Twinberry – Hellebore","",""
"950","ESSFxv2/01","Bl – Arnica – Cladonia","",""
"951","ESSFxv2/02","BlPa – Juniper – Cladonia","",""
"952","ESSFxv2/03","BlPa – Kinnikinnick","",""
"953","ESSFxv2/04","BlPa – Juniper – Kinnikinnick","",""
"954","ESSFxv2/05","BlPa – Grouseberry","",""
"955","ESSFxv2/06","Bl – Rhododendron – Crowberry","",""
"956","ESSFxv2/07","Bl – Lousewort – Glow moss","",""
"957","ESSFxv2/08","Bl – Horsetail – Glow moss","",""
"958","ESSFxv2/09","Se – Trapper's tea – Glow moss","",""
"959","ESSFxv2/10","Se – Willow – Glow moss","",""
"960","ICHdk/01","CwSxw – Falsebox – Wintergreen","",""
"961","ICHdk/02","CwSxw – Soopolallie","",""
"962","ICHdk/02a","CwSxw – Soopolallie; Typic","IN","insolation"
"963","ICHdk/02b","CwSxw – Soopolallie; Shallow","",""
"964","ICHdk/03","CwSxw – Falsebox – Soopolallie","CA","cold aspects - cold air"
"965","ICHdk/04","CwSxw – Falsebox – Feathermoss","",""
"966","ICHdk/05","CwSxw – Thimbleberry","",""
"967","ICHdk/06","CwSxw – Raspberry – Oak fern","",""
"968","ICHdk/07","Sxw – Twinberry – Oak fern","CA","cold aspects - cold air"
"969","ICHdk/08","Sxw – Devil's club – Lady fern","",""
"970","ICHdk/09","Sxw – Horsetail","",""
"971","ICHdm/101","HwCw – Queen's cup – Pipecleaner moss","",""
"972","ICHdm/102","Fd – Snowberry – Oregon-grape","",""
"973","ICHdm/102a","Fd – Snowberry – Oregon-grape; Xeric phase","",""
"974","ICHdm/102b","Fd – Snowberry – Oregon-grape; Subxeric phase","",""
"975","ICHdm/103","Pl(Lw) – Pinegrass – Grouseberry","",""
"976","ICHdm/110","CwHw – Oak fern","",""
"977","ICHdm/111","CwHw – Devil's club – Lady fern","",""
"978","ICHdm/112","SxwCw – Horsetail – Lady fern","FR","frost"
"979","ICHdm/Fm01","Cottonwood – Snowberry – Rose","Fm","mid fluvial bench"
"980","ICHdm/Fm02","Cottonwood – Spruce – Dogwood","Fm","mid fluvial bench"
"981","ICHdm/Fm04","Cottonwood – Redcedar – Dogwood – Lady fern","Fm","mid fluvial bench"
"982","ICHdm/Ws10","CwSxw– Skunk cabbage","",""
"983","ICHdw1/113","CwSxw – Skunk cabbage","",""
"984","ICHdw1/Fm01","Cottonwood – Snowberry – Rose","Fm","mid fluvial bench"
"985","ICHdw1/Fm02","Cottonwood – Spruce – Dogwood","Fm","mid fluvial bench"
"986","ICHdw1/Fm04","Cottonwood – Redcedar – Dogwood – Lady fern","Fm","mid fluvial bench"
"987","ICHdw1/Ws10","CwSxw– Skunk cabbage","",""
"988","ICHdw4/101","CwFd – Prince's pine – Twinflower","",""
"989","ICHdw4/102","FdPl – Juniper – Kinnikinnick","",""
"990","ICHdw4/103","Fd – Douglas maple – Pinegrass","",""
"991","ICHdw4/104","FdCw – Douglas maple – Prince's pine","",""
"992","ICHdw4/110","CwHw – Devil's club – Lady fern","",""
"993","ICHdw4/110.1","CwHw – Devil's club – Lady fern","",""
"994","ICHdw4/110.2","CwHw – Lady fern – Oak fern","",""
"995","ICHdw4/111","CwHw – Horsetail – Lady fern","",""
"996","ICHdw4/112","CwSxw – Skunk cabbage","",""
"997","ICHdw4/Fm01","Cottonwood – Snowberry – Rose","Fm","mid fluvial bench"
"998","ICHdw4/Fm02","Cottonwood – Spruce – Dogwood","Fm","mid fluvial bench"
"999","ICHdw4/Fm04","Cottonwood – Redcedar – Dogwood – Lady fern","Fm","mid fluvial bench"
"1000","ICHdw4/Ws07","Sxw – Horsetail – Leafy moss","",""
"1001","ICHdw4/Ws07.1","Sxw – Horsetail – Leafy moss; Typic variation","",""
"1002","ICHdw4/Ws07.2","Sxw – Horsetail – Leafy moss; Soft-leaved sedge variation","",""
"1003","ICHdw4/Ws10","CwSxw– Skunk cabbage","",""
"1004","ICHmc1/01","Hw – Step moss","",""
"1005","ICHmc1/01a","Hw – Step moss; Mesic","",""
"1006","ICHmc1/01b","Hw – Step moss; Submesic","",""
"1007","ICHmc1/02","HwPl – Kinnikinnick – Cladonia","",""
"1008","ICHmc1/03","HwBl – Oak fern","",""
"1009","ICHmc1/04","HwBl – Devil's club","",""
"1010","ICHmc1/05","ActSx – Dogwood","Fm","mid fluvial bench"
"1011","ICHmc1/06","Hw – Azalea – Skunk cabbage","",""
"1012","ICHmc1/07","Pl – Bog-rosemary – Peat moss","",""
"1013","ICHmc1a/01","HwBa – Bramble","",""
"1014","ICHmc1a/01a","HwBa – Bramble; Mesic","",""
"1015","ICHmc1a/01b","HwBa – Bramble; Submesic","",""
"1016","ICHmc1a/02","HwBa – Oak fern","",""
"1017","ICHmc1a/03","HwBa – Devil's club – Lady fern","",""
"1018","ICHmc2/01","Hw – Step moss","",""
"1019","ICHmc2/01.1","Hw – Step moss; Hw(Cw) variation","",""
"1020","ICHmc2/01.2","Hw – Step moss; BlSx variation","",""
"1021","ICHmc2/01a","Hw – Step moss; Mesic","",""
"1022","ICHmc2/01a.1","Hw – Step moss; Mesic; Hw(Cw) variation","",""
"1023","ICHmc2/01a.2","Hw – Step moss; Mesic; BlSx variation","CA","cold aspects - cold air"
"1024","ICHmc2/01b","Hw – Step moss; Submesic","",""
"1025","ICHmc2/01b.1","Hw – Step moss; Submesic; Hw(Cw) variation","",""
"1026","ICHmc2/01b.2","Hw – Step moss; Submesic; BlSx variation","CA","cold aspects - cold air"
"1027","ICHmc2/02","HwPl – Kinnikinnick – Cladonia","",""
"1028","ICHmc2/03","HwCw – Oak fern","",""
"1029","ICHmc2/04","CwHw – Devil's club – Oak fern","",""
"1030","ICHmc2/05","Sx – Devil's club – Lady fern","FR","frost"
"1031","ICHmc2/06","ActSx – Dogwood","Fm","mid fluvial bench"
"1032","ICHmc2/06a","ActSx – Dogwood; High-bench","Fm","mid fluvial bench"
"1033","ICHmc2/06b","ActSx – Dogwood; Medium-bench","Fm","mid fluvial bench"
"1034","ICHmc2/07","CwSx – Horsetail – Skunk cabbage","",""
"1035","ICHmc2/08","SbSx – Scrub birch – Sedge","CA","cold aspects - cold air"
"1036","ICHmc2/09","Hw – Cloudberry – Peat moss","",""
"1037","ICHmc2/10","Sb – Soft-leaved sedge – Peat moss","",""
"1038","ICHmc2/11","Sb – Buckbean – Peat moss","",""
"1039","ICHmc2/12","Sb – Skunk cabbage – Peat moss","",""
"1040","ICHmk1/101","CwSxw – Falsebox","",""
"1041","ICHmk1/102","Fd – Penstemon – Pinegrass","",""
"1042","ICHmk1/103","Fd – Juniper – Pinegrass","",""
"1043","ICHmk1/104","Sxw(Lw) – Grouseberry – Feather moss","",""
"1044","ICHmk1/105","FdLw – Falsebox – Pinegrass","",""
"1045","ICHmk1/110","CwSxw – Gooseberry – Foamflower","",""
"1046","ICHmk1/111","SxwCw – Devil's club – Oak fern","",""
"1047","ICHmk1/112","Sxw(Cw) – Horsetail – Oak fern","",""
"1048","ICHmk1/Fm01","Cottonwood – Snowberry – Rose","Fm","mid fluvial bench"
"1049","ICHmk1/Fm02","Cottonwood – Spruce – Dogwood","Fm","mid fluvial bench"
"1050","ICHmk1/Wb16","Sxw – Trapper's tea – Peat moss","",""
"1051","ICHmk1/Ws07","Sxw – Horsetail – Leafy moss","",""
"1052","ICHmk1/Ws07.1","Sxw – Horsetail – Leafy moss; Typic variation","",""
"1053","ICHmk1/Ws07.2","Sxw – Horsetail – Leafy moss; Soft-leaved sedge variation","",""
"1054","ICHmk1/Ws10","CwSxw– Skunk cabbage","",""
"1055","ICHmk2/01","CwSxw – Falsebox – Knight's plume","",""
"1056","ICHmk2/02","Fd – Juniper – Pinegrass","",""
"1057","ICHmk2/03","Fd – Falsebox – Pinegrass","",""
"1058","ICHmk2/04","CwSxw – Douglas maple – Fairybells","",""
"1059","ICHmk2/05","CwSxw – Oak fern – Bunchberry","",""
"1060","ICHmk2/06","Sxw – Horsetail","",""
"1061","ICHmk3/01","CwSxw – Falsebox – Knight's plume","",""
"1062","ICHmk3/02","FdCw – Wavy-leaved moss","",""
"1063","ICHmk3/03","CwSxw – Soopolallie","IN","insolation"
"1064","ICHmk3/04","CwSxw – Oak fern – Cat's-tail moss","",""
"1065","ICHmk3/05","SxwCw – Oak fern","FR","frost"
"1066","ICHmk3/06","CwHw – Devil's club – Lady fern","",""
"1067","ICHmk3/07","CwSxw – Devil's club – Horsetail","",""
"1068","ICHmk3/08","Pl  – Water sedge – Peat moss","",""
"1069","ICHmk3/Wb07","Pl – Water sedge – Peat moss","",""
"1070","ICHmk4/101","CwSxw – Falsebox","",""
"1071","ICHmk4/102","Fd – Snowberry – Oregon-grape","",""
"1072","ICHmk4/102a","Fd – Snowberry – Oregon-grape; Xeric phase","",""
"1073","ICHmk4/102b","Fd – Snowberry – Oregon-grape; Subxeric phase","",""
"1074","ICHmk4/103","Fd – Douglas maple – Falsebox","",""
"1075","ICHmk4/110","CwSxw – Oak fern","",""
"1076","ICHmk4/111","CwSxw – Devil's club","",""
"1077","ICHmk4/112","SxwBl – Horsetail","FR","frost"
"1078","ICHmk4/Fm01","Cottonwood – Snowberry – Rose","Fm","mid fluvial bench"
"1079","ICHmk4/Fm02","Cottonwood – Spruce – Dogwood","Fm","mid fluvial bench"
"1080","ICHmk4/Ws07","Sxw – Horsetail – Leafy moss","",""
"1081","ICHmk4/Ws07.1","Sxw – Horsetail – Leafy moss; Typic variation","",""
"1082","ICHmk4/Ws07.2","Sxw – Horsetail – Leafy moss; Soft-leaved sedge variation","",""
"1083","ICHmk5/101","CwSxw – Falsebox","",""
"1084","ICHmk5/102","Fd – Juniper – Douglas maple","",""
"1085","ICHmk5/103","Fd – Juniper – Pinegrass – Showy aster","",""
"1086","ICHmk5/104","Fd – Pinegrass – Showy aster","",""
"1087","ICHmk5/110","CwSxw – Devil's club – Oak fern","",""
"1088","ICHmk5/111","SxwBl – Dogwood – Sarsaparilla","",""
"1089","ICHmk5/112","SxwBl(Cw) – Horsetail","",""
"1090","ICHmk5/Fm01","Cottonwood – Snowberry – Rose","Fm","mid fluvial bench"
"1091","ICHmk5/Fm02","Cottonwood – Spruce – Dogwood","Fm","mid fluvial bench"
"1092","ICHmm/01","HwCw – Spruce – Step moss","",""
"1093","ICHmm/02","CwSxw – Soopolallie","",""
"1094","ICHmm/03","HwCw – Step moss","",""
"1095","ICHmm/04","CwHw – Oak fern","",""
"1096","ICHmm/05","CwHw – Devil's club – Oak fern","",""
"1097","ICHmm/06","CwSxw – Devil's club – Horsetail","",""
"1098","ICHmm/07","SbPl – Bog-laurel – Sphagnum","",""
"1099","ICHmm/08","CwSxw – Skunk cabbage – Sphagnum","",""
"1100","ICHmw1/01","HwCw – Falsebox – Feathermoss","",""
"1101","ICHmw1/02","Pl – Juniper – Twinflower","",""
"1102","ICHmw1/03","HwCw – Falsebox – Pipecleaner moss","",""
"1103","ICHmw1/04","CwFd – Soopolallie – Douglas maple","",""
"1104","ICHmw1/05","CwHw – Devil's club – Lady fern","",""
"1105","ICHmw1/06","CwHw – Oval-leaved blueberry – Oak fern","",""
"1106","ICHmw1/07","CwHw – Horsetail","",""
"1107","ICHmw2/101","HwCw – Falsebox","",""
"1108","ICHmw2/102","Fd(Pl) – Falsebox – Pinegrass","",""
"1109","ICHmw2/103","Fd – Douglas maple – Falsebox","",""
"1110","ICHmw2/104","FdCw – Falsebox – Prince's pine","IN","insolation"
"1111","ICHmw2/110","CwHw – Oak fern","",""
"1112","ICHmw2/111","CwHw – Devil's club – Lady fern","",""
"1113","ICHmw2/111.1","CwHw – Devil's club – Lady fern","",""
"1114","ICHmw2/111.2","CwHw – Lady fern – Oak fern","",""
"1115","ICHmw2/112","Sxw(Hw) – Huckleberry – Oak fern","FR","frost"
"1116","ICHmw2/113","CwHw – Horsetail – Lady fern","",""
"1117","ICHmw2/114","CwSxw – Skunk cabbage","",""
"1118","ICHmw2/Fm01","Cottonwood – Snowberry – Rose","Fm","mid fluvial bench"
"1119","ICHmw2/Fm02","Cottonwood – Spruce – Dogwood","Fm","mid fluvial bench"
"1120","ICHmw2/Fm04","Cottonwood – Redcedar – Dogwood – Lady fern","Fm","mid fluvial bench"
"1121","ICHmw2/Ws10","CwSxw– Skunk cabbage","",""
"1122","ICHmw3/01","HwCw – Falsebox – Feathermoss","",""
"1123","ICHmw3/02","Fd – Juniper – Cladina","",""
"1124","ICHmw3/03","Fd – Pinegrass – Feathermoss","",""
"1125","ICHmw3/04","CwFd – Soopolallie – Twinflower","",""
"1126","ICHmw3/05","CwFd – Falsebox","",""
"1127","ICHmw3/06","CwHw – Oak fern","",""
"1128","ICHmw3/07","CwHw – Devil's club – Lady fern","Fh","high fluvial bench"
"1129","ICHmw3/08","CwSxw – Skunk cabbage","",""
"1130","ICHmw3/10","Sb – Buckbean – Peat moss","",""
"1131","ICHmw4/101","HwCw – Falsebox","",""
"1132","ICHmw4/102","FdPl – Juniper – Kinnikinnick","",""
"1133","ICHmw4/103","Fd – Douglas maple – Falsebox","",""
"1134","ICHmw4/104","FdCw – Falsebox – Prince's pine","",""
"1135","ICHmw4/104.1","FdCw – Falsebox – Prince's pine","",""
"1136","ICHmw4/104.2","FdCw – Falsebox – Bear-grass","",""
"1137","ICHmw4/110","CwHw – Oak fern","",""
"1138","ICHmw4/111","Sxw(Hw) – Huckleberry – Oak fern","FR","frost"
"1139","ICHmw4/112","CwHw – Devil's club – Lady fern","",""
"1140","ICHmw4/113","SxwBl – Devil's club – Lady fern","FR","frost"
"1141","ICHmw4/114","SxwCw – Horsetail – Lady fern","",""
"1142","ICHmw4/Fm01","Cottonwood – Snowberry – Rose","Fm","mid fluvial bench"
"1143","ICHmw4/Fm02","Cottonwood – Spruce – Dogwood","Fm","mid fluvial bench"
"1144","ICHmw4/Fm04","Cottonwood – Redcedar – Dogwood – Lady fern","Fm","mid fluvial bench"
"1145","ICHmw4/Ws10","CwSxw– Skunk cabbage","",""
"1146","ICHmw5/101","HwCw – Falsebox","",""
"1147","ICHmw5/102","FdPl – Juniper – Kinnikinnick","",""
"1148","ICHmw5/103","Fd – Douglas maple – Falsebox","",""
"1149","ICHmw5/104","FdCw – Falsebox – Prince's pine","",""
"1150","ICHmw5/110","CwHw – Oak fern","",""
"1151","ICHmw5/111","CwHw – Devil's club – Lady fern","",""
"1152","ICHmw5/111.1","CwHw – Devil's club – Lady fern","",""
"1153","ICHmw5/111.2","CwHw – Lady fern – Oak fern","",""
"1154","ICHmw5/112","Sxw(Hw) – Huckleberry – Oak fern","",""
"1155","ICHmw5/113","CwSxw – Skunk cabbage","",""
"1156","ICHmw5/Fm01","Cottonwood – Snowberry – Rose","Fm","mid fluvial bench"
"1157","ICHmw5/Fm02","Cottonwood – Spruce – Dogwood","Fm","mid fluvial bench"
"1158","ICHmw5/Fm04","Cottonwood – Redcedar – Dogwood – Lady fern","Fm","mid fluvial bench"
"1159","ICHmw5/Wb16","Sxw – Trapper's tea – Peat moss","",""
"1160","ICHmw5/Ws07","Sxw – Horsetail – Leafy moss","",""
"1161","ICHmw5/Ws07.1","Sxw – Horsetail – Leafy moss; Typic variation","",""
"1162","ICHmw5/Ws07.2","Sxw – Horsetail – Leafy moss; Soft-leaved sedge variation","",""
"1163","ICHmw5/Ws10","CwSxw– Skunk cabbage","",""
"1164","ICHvc/01","HwBl – Devil's club","",""
"1165","ICHvc/01.1","HwBl – Devil's club; Hw variation","",""
"1166","ICHvc/01.2","HwBl – Devil's club; Bl variation","FR","frost"
"1167","ICHvc/02","Hw – Step moss","",""
"1168","ICHvc/02.1","Hw – Step moss; Hw variation","",""
"1169","ICHvc/02.2","Hw – Step moss; Bl variation","FR","frost"
"1170","ICHvc/03","Sx – Devil's club","CA","cold aspects - cold air"
"1171","ICHvc/03a","Sx – Devil's club; Fluvial","CA","cold aspects - cold air"
"1172","ICHvc/03b","Sx – Devil's club; Morainal","CA","cold aspects - cold air"
"1173","ICHvc/04","Sx – Devil's club – Dogwood","Fh","high fluvial bench"
"1174","ICHvc/05","ActSx – Dogwood","Fm","mid fluvial bench"
"1175","ICHvc/06","Sx – Horsetail","CA","cold aspects - cold air"
"1176","ICHvc/07","Hw – Cloudberry – Peat moss","",""
"1177","ICHvk1/01","CwHw – Devil's club – Lady fern","",""
"1178","ICHvk1/02","HwCw – Falsebox – Feathermoss","",""
"1179","ICHvk1/03","HwCw – Falsebox – Feathermoss","",""
"1180","ICHvk1/04","CwHw – Oak fern – Spiny wood fern","",""
"1181","ICHvk1/05","CwSxw – Devil's club – Horsetail","",""
"1182","ICHvk1/06","CwSxw – Skunk cabbage","",""
"1183","ICHvk2/01","CwHw – Devil's club – Lady fern","",""
"1184","ICHvk2/02","HwCw – Cladonia","",""
"1185","ICHvk2/03","HwCw – Step moss","",""
"1186","ICHvk2/04","CwHw – Oak fern","",""
"1187","ICHvk2/05","Cw – Devil's club – Ostrich fern","Fh","high fluvial bench"
"1188","ICHvk2/06","CwSxw – Skunk cabbage","",""
"1189","ICHvk2/07","Sb – Sphagnum","CA","cold aspects - cold air"
"1190","ICHvk2/08","Pl – Bog-rosemary – Peat moss","",""
"1191","ICHvk2/09","Sb – Buckbean – Peat moss","",""
"1192","ICHvk2/10","Sb – Skunk cabbage – Peat moss","",""
"1193","ICHwc/01","HwBl – Oak fern","",""
"1194","ICHwc/02","HwPl – Feathermoss – Cladonia","",""
"1195","ICHwc/03","Hw – Step moss","",""
"1196","ICHwc/04","HwBl – Devil's club","",""
"1197","ICHwc/05","Sx – Devil's club","FR","frost"
"1198","ICHwc/06","ActSx – Dogwood","Fm","mid fluvial bench"
"1199","ICHwc/07","HwSx – Blueberry – Sphagnum","CA","cold aspects - cold air"
"1200","ICHwc/08","Sx – Horsetail","",""
"1201","ICHwc/09","Hw – Cloudberry – Peat moss","",""
"1202","ICHwc/10","Pl  – Water sedge – Peat moss","",""
"1203","ICHwk1/01","CwHw – Oak fern","",""
"1204","ICHwk1/03","PlHw – Velvet-leaved blueberry","",""
"1205","ICHwk1/04","HwCw – Falsebox – Feathermoss","",""
"1206","ICHwk1/05","CwHw – Devil's club – Lady fern","",""
"1207","ICHwk1/06","CwSxw – Devil's club – Horsetail","Fh","high fluvial bench"
"1208","ICHwk1/07","CwSxw – Skunk cabbage","",""
"1209","ICHwk2/01","CwHw – Oak fern","",""
"1210","ICHwk2/01a","CwHw – Oak fern; Typic","",""
"1211","ICHwk2/01b","CwHw – Oak fern; Moist","",""
"1212","ICHwk2/02","HwCw – Cladonia","",""
"1213","ICHwk2/03","CwFd – Juniper – Falsebox","",""
"1214","ICHwk2/04","HwCw – Step moss","",""
"1215","ICHwk2/05","SxwCw – Oak fern","FR","frost"
"1216","ICHwk2/06","Sxw – Twinberry – Oak fern","FR","frost"
"1217","ICHwk2/07","CwHw – Devil's club – Lady fern","",""
"1218","ICHwk2/08","CwSxw – Skunk cabbage","",""
"1219","ICHwk2/09","Pl  – Water sedge – Peat moss","",""
"1220","ICHwk2/10","Pl – Few-flowered sedge – Peat moss","",""
"1221","ICHwk3/01","CwHw – Oak fern","",""
"1222","ICHwk3/02","Hw – Azalea – Cladonia","",""
"1223","ICHwk3/03","CwSxw – Prince's pine – Cat's-tail moss","",""
"1224","ICHwk3/04","HwCw – Step moss","",""
"1225","ICHwk3/05","CwHw – Devil's club – Lady fern","",""
"1226","ICHwk3/06","CwSxw – Devil's club – Horsetail","",""
"1227","ICHwk3/07","Hw – Wood horsetail – Sphagnum","",""
"1228","ICHwk3/08","PlSb – Sedge – Sphagnum","",""
"1229","ICHwk3/09","CwSxw – Skunk cabbage","",""
"1230","ICHwk3/10","Pl – Bog-rosemary – Peat moss","",""
"1231","ICHwk3/11","Sb – Buckbean – Peat moss","",""
"1232","ICHwk4/01","CwHw – Oak fern","",""
"1233","ICHwk4/01a","CwHw – Oak fern; Typic","",""
"1234","ICHwk4/01b","CwHw – Oak fern; Moist","",""
"1235","ICHwk4/02","HwCw – Cladonia","",""
"1236","ICHwk4/03","CwSxw – Soopolallie","",""
"1237","ICHwk4/04","CwSxw – Velvet-leaved blueberry","CA","cold aspects - cold air"
"1238","ICHwk4/05","HwCw – Step moss","",""
"1239","ICHwk4/06","Sxw – Twinberry – Oak fern","FR","frost"
"1240","ICHwk4/07","CwHw – Devil's club – Lady fern","",""
"1241","ICHwk4/08","Sxw – Devil's club – Lady fern","FR","frost"
"1242","ICHwk4/10","ActSxw – Red-osier dogwood","Fm","mid fluvial bench"
"1243","ICHxm1/101","FdCw – Falsebox – Prince's pine","",""
"1244","ICHxm1/102","Py – Juniper – Penstemon – Bluebunch wheatgrass","",""
"1245","ICHxm1/103","FdPy – Oregon-grape – Bluebunch wheatgrass","",""
"1246","ICHxm1/104","Fd – Falsebox – Pinegrass","",""
"1247","ICHxm1/104.1","Fd – Falsebox – Pinegrass","",""
"1248","ICHxm1/104.2","Fd – Oceanspray – Pinegrass","",""
"1249","ICHxm1/110","CwFd – Thimbleberry – Sarsaparilla","",""
"1250","ICHxm1/111","Cw – Devil's club – Baneberry","",""
"1251","ICHxm1/112","CwSxw – Skunk cabbage","",""
"1252","ICHxm1/Fm01","Cottonwood – Snowberry – Rose","Fm","mid fluvial bench"
"1253","ICHxm1/Fm02","Cottonwood – Spruce – Dogwood","Fm","mid fluvial bench"
"1254","ICHxm1/Fm04","Cottonwood – Redcedar – Dogwood – Lady fern","Fm","mid fluvial bench"
"1255","ICHxm1/Fm05","Cottonwood – Douglas-fir – Douglas maple – Snowberry","Fm","mid fluvial bench"
"1256","ICHxm1/Ws07","Sxw – Horsetail – Leafy moss","",""
"1257","ICHxm1/Ws07.1","Sxw – Horsetail – Leafy moss; Typic variation","",""
"1258","ICHxm1/Ws07.2","Sxw – Horsetail – Leafy moss; Soft-leaved sedge variation","",""
"1259","ICHxm1/Ws10","CwSxw– Skunk cabbage","",""
"1260","ICHxw/101","CwFd – Hazelnut – Sarsaparilla","",""
"1261","ICHxw/102","FdPy – Oceanspray – Bluebunch wheatgrass","",""
"1262","ICHxw/103","FdPy – Oregon-grape – Pinegrass","",""
"1263","ICHxw/104","Fd(Py) – Douglas maple – Pinegrass","",""
"1264","ICHxw/110","CwHw – Foamflower","",""
"1265","ICHxw/111","CwHw – Oak fern","",""
"1266","ICHxw/112","CwHw – Horsetail – Lady fern","",""
"1267","ICHxw/113","CwSxw – Skunk cabbage","",""
"1268","ICHxw/Fm01","Cottonwood – Snowberry – Rose","Fm","mid fluvial bench"
"1269","ICHxw/Ws10","CwSxw– Skunk cabbage","",""
"1270","ICHxwa/101","CwFd – Hazelnut – Sarsaparilla","",""
"1271","ICHxwa/102","FdPy – Oceanspray – Bluebunch wheatgrass","",""
"1272","ICHxwa/103","FdPy – Oregon-grape – Pinegrass","",""
"1273","ICHxwa/104","Fd(Py) – Douglas maple – Pinegrass","",""
"1274","ICHxwa/110","CwHw – Foamflower","",""
"1275","ICHxwa/111","CwHw – Oak fern","",""
"1276","ICHxwa/112","CwHw – Horsetail – Lady fern","",""
"1277","ICHxwa/113","CwSxw – Skunk cabbage","",""
"1278","ICHxwa/Fm01","Cottonwood – Snowberry – Rose","Fm","mid fluvial bench"
"1279","ICHxwa/Ws10","CwSxw– Skunk cabbage","",""
"1280","IDFdh/101","FdLw – Ninebark – Pinegrass","",""
"1281","IDFdh/102","PyFd – Ninebark – Selaginella","",""
"1282","IDFdh/103","PyFd – Snowberry – Bluebunch wheatgrass","",""
"1283","IDFdh/104","FdPy – Snowberry – Pinegrass","",""
"1284","IDFdh/104.1","FdPy – Snowberry – Pinegrass","",""
"1285","IDFdh/104.2","FdPy – Snowberry – Ninebark","",""
"1286","IDFdh/110","Fd(Lw) – Douglas maple – Sarsaparilla","",""
"1287","IDFdh/111","Sxw – Douglas maple – Oak fern","",""
"1288","IDFdh/Fm01","Cottonwood – Snowberry – Rose","Fm","mid fluvial bench"
"1289","IDFdh/Fm05","Cottonwood – Douglas-fir – Douglas maple – Snowberry","Fm","mid fluvial bench"
"1290","IDFdk1/101","FdPl – Pinegrass – Feather moss","",""
"1291","IDFdk1/102","Fd – Juniper – Kinnikinnick","",""
"1292","IDFdk1/103","Fd(Py) – Bluebunch wheatgrass – Pinegrass","IN","insolation"
"1293","IDFdk1/104","Fd(Pl) – Pinegrass – Kinnikinnick","",""
"1294","IDFdk1/105","Pl – Pinegrass – Grouseberry – Kinnikinnick","CA","cold aspects - cold air"
"1295","IDFdk1/110","SxwFd – Gooseberry – Feather moss","",""
"1296","IDFdk1/111","Sxw – Dogwood – Horsetail","",""
"1297","IDFdk1/Fm02","Cottonwood – Spruce – Dogwood","Fm","mid fluvial bench"
"1298","IDFdk1/Fm05","Cottonwood – Douglas-fir – Douglas maple – Snowberry","Fm","mid fluvial bench"
"1299","IDFdk1/Ws07","Sxw – Horsetail – Leafy moss","",""
"1300","IDFdk1/Ws07.1","Sxw – Horsetail – Leafy moss; Typic variation","",""
"1301","IDFdk1/Ws07.2","Sxw – Horsetail – Leafy moss; Soft-leaved sedge variation","",""
"1302","IDFdk2/101","FdPl – Pinegrass – Feather moss","",""
"1303","IDFdk2/102","Fd – Juniper – Kinnikinnick","",""
"1304","IDFdk2/103","FdPy – Spirea – Bluebunch wheatgrass","IN","insolation"
"1305","IDFdk2/104","Fd(Pl) – Pinegrass – Kinnikinnick","",""
"1306","IDFdk2/105","Pl – Pinegrass – Grouseberry – Kinnikinnick","CA","cold aspects - cold air"
"1307","IDFdk2/110","Sxw(Fd) – Dogwood – Gooseberry","",""
"1308","IDFdk2/111","Sxw – Dogwood – Horsetail","",""
"1309","IDFdk2/Fm02","Cottonwood – Spruce – Dogwood","Fm","mid fluvial bench"
"1310","IDFdk2/Fm05","Cottonwood – Douglas-fir – Douglas maple – Snowberry","Fm","mid fluvial bench"
"1311","IDFdk2/Ws07","Sxw – Horsetail – Leafy moss","",""
"1312","IDFdk2/Ws07.1","Sxw – Horsetail – Leafy moss; Typic variation","",""
"1313","IDFdk2/Ws07.2","Sxw – Horsetail – Leafy moss; Soft-leaved sedge variation","",""
"1314","IDFdk3/01","FdPl – Pinegrass – Feathermoss","",""
"1315","IDFdk3/02","Fd – Juniper – Kinnikinnick","IN","insolation"
"1316","IDFdk3/03","Fd – Juniper – Peltigera","",""
"1317","IDFdk3/04","Fd – Bluebunch wheatgrass – Needlegrass","IN","insolation"
"1318","IDFdk3/05","Fd – Feathermoss – Step moss","CAS","cold aspects"
"1319","IDFdk3/06","Fd – Pinegrass – Aster","IN","insolation"
"1320","IDFdk3/07","SxwFd – Prickly rose – Sedge","",""
"1321","IDFdk3/08","SxwFd – Prickly rose – Sarsaparilla","",""
"1322","IDFdk3/09","Sxw – Horsetail – Glow moss","",""
"1323","IDFdk4/01","FdPl – Pinegrass – Feathermoss","",""
"1324","IDFdk4/02","Fd – Juniper – Peltigera","",""
"1325","IDFdk4/03","Fd – Juniper – Saskatoon","IN","insolation"
"1326","IDFdk4/04","Fd – Juniper – Pasture sage","IN","insolation"
"1327","IDFdk4/05","Fd – Bluebunch wheatgrass – Pinegrass","",""
"1328","IDFdk4/06","Pl – Kinnikinnick – Cladonia","",""
"1329","IDFdk4/07","Fd – Feathermoss – Step moss","CAS","cold aspects"
"1330","IDFdk4/08","Sxw – Scrub birch – Feathermoss","CA","cold aspects - cold air"
"1331","IDFdk4/09","Sxw – Feathermoss – Brachythecium","",""
"1332","IDFdk4/10","Sxw – Horsetail – Glow moss","",""
"1333","IDFdk5/101","FdPl – Pinegrass – Feathermoss","",""
"1334","IDFdk5/102","Fd – Juniper – Pinegrass","",""
"1335","IDFdk5/103","Fd – Saskatoon – Bluebunch wheatgrass","IN","insolation"
"1336","IDFdk5/104","Fd – Spirea – Pinegrass – Kinnikinnick","",""
"1337","IDFdk5/110","Sxw(Fd) – Dogwood – Bunchberry","",""
"1338","IDFdk5/111","Sxw – Dogwood – Horsetail","CA","cold aspects - cold air"
"1339","IDFdk5/111a","Sxw – Dogwood – Horsetail; Riparian phase","",""
"1340","IDFdk5/111b","Sxw – Dogwood – Horsetail; Swamp phase","",""
"1341","IDFdk5/Fm01","Cottonwood – Snowberry – Rose","Fm","mid fluvial bench"
"1342","IDFdk5/Fm02","Cottonwood – Spruce – Dogwood","Fm","mid fluvial bench"
"1343","IDFdk5/Fm07","Aspen – Dogwood – Sarsaparilla","Fm","mid fluvial bench"
"1344","IDFdk5/Ws07","Sxw – Horsetail – Leafy moss","",""
"1345","IDFdk5/Ws07.1","Sxw – Horsetail – Leafy moss; Typic variation","",""
"1346","IDFdk5/Ws07.2","Sxw – Horsetail – Leafy moss; Soft-leaved sedge variation","",""
"1347","IDFdm1/101","Fd(Lw) – Pinegrass – Twinflower","",""
"1348","IDFdm1/102","PyFd – Bluebunch wheatgrass – Kinnikinnick","",""
"1349","IDFdm1/103","FdPy – Bluebunch wheatgrass – Pinegrass","IN","insolation"
"1350","IDFdm1/104","Fd(Lw) – Pinegrass – Kinnikinnick","",""
"1351","IDFdm1/110","SwxFd – Snowberry – Sarsaparilla","",""
"1352","IDFdm1/110.1","SwxFd – Snowberry – Sarsaparilla","",""
"1353","IDFdm1/110.2","CwFd – Douglas maple – Sarsaparilla","",""
"1354","IDFdm1/111","Sxw(Fd) – Dogwood – Gooseberry","",""
"1355","IDFdm1/112","Sxw – Dogwood – Horsetail","CA","cold aspects - cold air"
"1356","IDFdm1/Fm01","Cottonwood – Snowberry – Rose","Fm","mid fluvial bench"
"1357","IDFdm1/Fm05","Cottonwood – Douglas-fir – Douglas maple – Snowberry","Fm","mid fluvial bench"
"1358","IDFdm2/101","Fd(Lw) – Pinegrass – Twinflower","",""
"1359","IDFdm2/102","Fd – Rocky Mountain juniper – Kinnikinnick","",""
"1360","IDFdm2/103","Fd(Py) – Bluebunch wheatgrass – Pinegrass","",""
"1361","IDFdm2/104","Fd(Lw) – Pinegrass – Kinnikinnick","",""
"1362","IDFdm2/104.1","Fd(Lw) – Pinegrass – Kinnikinnick","",""
"1363","IDFdm2/104.2","LwFd(Pl) – Pinegrass","",""
"1364","IDFdm2/110","FdLwSxw – Pinegrass","",""
"1365","IDFdm2/111","SxwFd – Snowberry – Sarsaparilla","",""
"1366","IDFdm2/112","Sxw – Dogwood – Horsetail","",""
"1367","IDFdm2/112a","Sxw – Dogwood – Horsetail; Riparian","Fh","mid fluvial bench"
"1368","IDFdm2/112b","Sxw – Dogwood – Horsetail; Swamp phase","",""
"1369","IDFdm2/Fm01","Cottonwood – Snowberry – Rose","Fm","mid fluvial bench"
"1370","IDFdm2/Fm02","Cottonwood – Spruce – Dogwood","Fm","mid fluvial bench"
"1371","IDFdm2/Fm07","Aspen – Dogwood – Sarsaparilla","Fm","mid fluvial bench"
"1372","IDFdm2/Ws07","Sxw – Horsetail – Leafy moss","",""
"1373","IDFdm2/Ws07.1","Sxw – Horsetail – Leafy moss; Typic variation","",""
"1374","IDFdm2/Ws07.2","Sxw – Horsetail – Leafy moss; Soft-leaved sedge variation","",""
"1375","IDFdw/101","Fd – Soopolallie – Pinegrass","",""
"1376","IDFdw/102","Fd – Juniper – Kinnikinnick","",""
"1377","IDFdw/103","Pli – Soopolallie – Kinnikinnick – Pixie lichens","",""
"1378","IDFdw/104","Fd – Spirea – Pinegrass","IN","insolation"
"1379","IDFdw/105","BlFd – Falsebox – Feather moss","CAS","cool aspect"
"1380","IDFdw/110","Fd – Thimbleberry – Gooseberry","",""
"1381","IDFdw/111","SxwBl – Twinberry – Gooseberry","FR","frost"
"1382","IDFdw/112","BlFd – Devil's club – Oak fern","",""
"1383","IDFdw/113","Sxw – Mountain alder – Horsetail","",""
"1384","IDFdw/Fm01","Act – Snowberry – Rose","Fm","mid fluvial bench"
"1385","IDFdw/Fm02","ActSxw – Dogwood","Fm","mid fluvial bench"
"1386","IDFmw2/01","FdCw – Falsebox – Prince's pine","",""
"1387","IDFmw2/02","Fd – Snowberry – Bluebunch wheatgrass","",""
"1388","IDFmw2/03","Fd – Pinegrass – Feathermoss","",""
"1389","IDFmw2/04","CwSxw – Oak fern","",""
"1390","IDFww/101","Fd – Falsebox – Orange honeysuckle","",""
"1391","IDFww/101.1","Fd – Falsebox – Orange honeysuckle; Typic variation","",""
"1392","IDFww/101.2","Fd – Falsebox – Orange honeysuckle; Cw variation","",""
"1393","IDFww/102","Fd – Selaginellas – Bluebunch wheatgrass","",""
"1394","IDFww/103","FdPy – Saskatoon – Screw moss","",""
"1395","IDFww/104","Fd – Falsebox – Pinegrass","",""
"1396","IDFww/110","CwFd – Hooker's fairybells","",""
"1397","IDFww/111","FdSx – Dogwood – Sarsaparilla","CA","cold air"
"1398","IDFww/112","CwBg – Douglas' maple – Devil's club","Fh","high fluvial bench"
"1399","IDFxh1/101","Fd(Py) – Spirea – Pinegrass","",""
"1400","IDFxh1/102","Py(Fd) – Bluebunch wheatgrass – Selaginella","",""
"1401","IDFxh1/103","FdPy – Pinegrass – Rough fescue","",""
"1402","IDFxh1/104","FdPy – Bluebunch wheatgrass – Balsamroot","IN","insolation"
"1403","IDFxh1/105","Fd(Py) – Bluebunch wheatgrass – Pinegrass","",""
"1404","IDFxh1/106","FdPy – Idaho fescue – Balsamroot","",""
"1405","IDFxh1/110","Fd(Py) – Snowberry – Oregon-grape","",""
"1406","IDFxh1/111","SxwFd – Dogwood – Douglas maple","",""
"1407","IDFxh1/111.1","SxwFd – Dogwood – Douglas maple","",""
"1408","IDFxh1/111.2","CwFd – Douglas maple – Sarasparilla","",""
"1409","IDFxh1/112","Sxw – Dogwood – Horsetail","",""
"1410","IDFxh1/Fm01","Cottonwood – Snowberry – Rose","Fm","mid fluvial bench"
"1411","IDFxh1/Fm05","Cottonwood – Douglas-fir – Douglas maple – Snowberry","Fm","mid fluvial bench"
"1412","IDFxh2/101","Fd(Py) – Spirea – Pinegrass","",""
"1413","IDFxh2/102","PyFd – Bluebunch wheatgrass – Selaginella","",""
"1414","IDFxh2/103","FdPy – Bluebunch wheatgrass – Balsamroot","IN","insolation"
"1415","IDFxh2/104","FdPy – Rough fescue – Bluebunch wheatgrass","",""
"1416","IDFxh2/110","Fd – Feather moss – Step moss","CAS","cold aspects"
"1417","IDFxh2/111","Fd – Snowberry – Oregon-grape","",""
"1418","IDFxh2/112","SxwFd – Dogwood – Douglas maple","",""
"1419","IDFxh2/113","Sxw – Dogwood – Horsetail","",""
"1420","IDFxh2/Fm01","Cottonwood – Snowberry – Rose","Fm","mid fluvial bench"
"1421","IDFxh2/Fm05","Cottonwood – Douglas-fir – Douglas maple – Snowberry","Fm","mid fluvial bench"
"1422","IDFxk/101","Fd – Rocky Mountain juniper – Pinegrass","",""
"1423","IDFxk/102","Fd – Rocky Mountain juniper – Bluebunch wheatgrass","",""
"1424","IDFxk/102a","Fd – Rocky Mountain juniper – Bluebunch wheatgrass; Xeric phase","",""
"1425","IDFxk/102b","Fd – Rocky Mountain juniper – Bluebunch wheatgrass; Subxeric phase","",""
"1426","IDFxk/103","Fd – Rocky Mountain juniper – Kinnikinnick","",""
"1427","IDFxk/110","Fd – Feathermoss – Step moss","CAS","cold aspects"
"1428","IDFxk/112","SxwFd – Dogwood – Sarsaparilla","CA","cold aspects - cold air"
"1429","IDFxk/113","Sxw – Dogwood – Horsetail","CA","cold aspects - cold air"
"1430","IDFxk/113a","Sxw – Dogwood – Horsetail; Xeric phase","",""
"1431","IDFxk/113b","Sxw – Dogwood – Horsetail; Subxeric phase","CA","cold aspects - cold air"
"1432","IDFxk/Fm01","Cottonwood – Snowberry – Rose","Fm","mid fluvial bench"
"1433","IDFxk/Fm02","Cottonwood – Spruce – Dogwood","Fm","mid fluvial bench"
"1434","IDFxk/Fm07","Aspen – Dogwood – Sarsaparilla","Fm","mid fluvial bench"
"1435","IDFxm/01","Fd – Pinegrass – Feathermoss","",""
"1436","IDFxm/01a","Fd – Pinegrass – Feathermoss; Typic","",""
"1437","IDFxm/01b","Fd – Pinegrass – Feathermoss; Cold","CA","cold aspects - cold air"
"1438","IDFxm/02","Fd – Bluebunch wheatgrass – Penstemon","",""
"1439","IDFxm/02a","Fd – Bluebunch wheatgrass – Penstemon; Typic","IN","insolation"
"1440","IDFxm/02b","Fd – Bluebunch wheatgrass – Penstemon; Shallow","",""
"1441","IDFxm/03","Fd – Juniper – Cladonia","",""
"1442","IDFxm/04","Fd – Bluebunch wheatgrass – Pasture sage","IN","insolation"
"1443","IDFxm/05","Fd – Feathermoss – Step moss","CAS","cold aspects"
"1444","IDFxm/06","Fd – Ricegrass – Feathermoss","",""
"1445","IDFxm/07","Fd – Prickly rose – Sarsaparilla","",""
"1446","IDFxm/08","Sxw – Snowberry – Prickly rose","",""
"1447","IDFxm/09","Sxw – Horsetail","",""
"1448","IDFxw/01","Fd – Juniper – Bluebunch wheatgrass","",""
"1449","IDFxw/02","FdPy – Bluebunch wheatgrass – Pinegrass","",""
"1450","IDFxw/03","FdPy – Western snowberry – Bluebunch wheatgrass","IN","insolation"
"1451","IDFxw/04","FdPy – Bluebunch wheatgrass – Balsamroot","IN","insolation"
"1452","IDFxw/05","Fd – Feathermoss","CAS","cold aspects"
"1453","IDFxw/06","Sxw – Water birch","",""
"1454","IDFxw/07","Sxw – Prickly rose – Coltsfoot","",""
"1455","IDFxx1/101","FdPy – Pinegrass – Bluebunch wheatgrass","",""
"1456","IDFxx1/102","Py – Mock-orange – Bluebunch wheatgrass","",""
"1457","IDFxx1/103","Py – Bluebunch wheatgrass – Balsamroot","",""
"1458","IDFxx1/104","Py – Bluebunch wheatgrass – Rough fescue","",""
"1459","IDFxx1/110","Fd – Ninebark – Pinegrass","",""
"1460","IDFxx1/111","Py(Lw) – Snowberry – Kentucky bluegrass","",""
"1461","IDFxx1/Fm01","Cottonwood – Snowberry – Rose","Fm","mid fluvial bench"
"1462","IDFxx1/Fm05","Cottonwood – Douglas-fir – Douglas maple – Snowberry","Fm","mid fluvial bench"
"1463","IDFxx2/101","FdPy – Pinegrass – Bluebunch wheatgrass","",""
"1464","IDFxx2/101.1","FdPy – Pinegrass – Bluebunch wheatgrass","",""
"1465","IDFxx2/101.2","FdPy – Pinegrass","",""
"1466","IDFxx2/102","Py – Mock-orange – Bluebunch wheatgrass","",""
"1467","IDFxx2/103","Py(Fd) – Antelope-brush – Bluebunch wheatgrass","IN","insolation"
"1468","IDFxx2/104","Py – Bluebunch wheatgrass – Rough fescue","",""
"1469","IDFxx2/110","Fd – Feathermoss – Step moss","CAS","cold aspects"
"1470","IDFxx2/111","FdLw – Snowberry – Pinegrass","",""
"1471","IDFxx2/112","Sxw – Dogwood – Horsetail","",""
"1472","IDFxx2/112a","Sxw – Dogwood – Horsetail; High bench phase","Fh","high fluvial bench"
"1473","IDFxx2/112b","Sxw – Dogwood – Horsetail; Swamp phase","CA",""
"1474","IDFxx2/Fm01","Cottonwood – Snowberry – Rose","Fm","mid fluvial bench"
"1475","IDFxx2/Fm02","Cottonwood – Spruce – Dogwood","Fm","mid fluvial bench"
"1476","IDFxx2/Fm07","Aspen – Dogwood – Sarsaparilla","Fm","mid fluvial bench"
"1477","MHmm1/101","HmBa – Blueberry – Pipecleaner moss","",""
"1478","MHmm1/101a","HmBa – Blueberry – Pipecleaner moss; Typic phase","",""
"1479","MHmm1/101b","HmBa – Blueberry – Pipecleaner moss; Subxeric phase","",""
"1480","MHmm1/102","YcHm – Mountain-heaths – Clad lichens","",""
"1481","MHmm1/103","HmYc – Blueberry – Pink mountain-heath","SN","late snow"
"1482","MHmm1/104","HmYc – Copperbush – Mountain-heather","SN","late snow"
"1483","MHmm1/110","HmBa – Foamflower","",""
"1484","MHmm1/111","HmYc – Copperbush – Deer cabbage","",""
"1485","MHmm1/112","HmBa – Devil's club – Oak fern","",""
"1486","MHmm1/Wb58","YcHm – Narrow-leaved cotton-grass – Peat mosses","",""
"1487","MHmm1/Ws55","YcHm – Skunk cabbage","",""
"1488","MHmm2/101","HmBa – Blueberry – Pipecleaner moss","",""
"1489","MHmm2/101a","HmBa – Blueberry – Pipecleaner moss; Typic phase","",""
"1490","MHmm2/101b","HmBa – Blueberry – Pipecleaner moss; Subxeric phase","",""
"1491","MHmm2/102","HmBl – Pink mountain-heath – Reindeer lichens","",""
"1492","MHmm2/103","HmBa – Copperbush – Mountain-heather","SN","late snow"
"1493","MHmm2/110","HmBl – Valerian – Foamflower","",""
"1494","MHmm2/111","HmBa – Deer cabbage – Peat mosses","",""
"1495","MHmm2/112","HmBa – Devil's club – Oak fern","",""
"1496","MHmm2/113","HmBl – Lady fern – Valerian","",""
"1497","MHmm2/Wb57","PlcYc – Deer cabbage – Peat mosses","",""
"1498","MHmm2/Ws59","HmBl – Skunk cabbage","",""
"1499","MHmm2/Ws63","HmBl – Lady fern – Horsetail","",""
"1500","MHms/101","HmBl – Huckleberry – Blueberry – Oak fern","",""
"1501","MHms/102","Hm – Huckleberry – Clad lichens","",""
"1502","MHms/103","HmBl – Huckleberry – Heron's-bill mosses","",""
"1503","MHms/104","HmBl – Mountain-heather – Leafy liverworts","SN","late snow"
"1504","MHms/110","HmBl – Lady fern – Valerian","",""
"1505","MHms/111","HmBl – Devil's club – Lady fern","",""
"1506","MHms/112","HmBl – Lady fern – Horsetail","",""
"1507","MHms/Wb57","PlcYc – Deer cabbage – Peat mosses","",""
"1508","MHms/Ws08","Bl – Valerian – Horsetail","",""
"1509","MHms/Ws63","HmBl – Lady fern – Horsetail","",""
"1510","MHvh/101","HmYc – Blueberry – Lanky moss","",""
"1511","MHvh/101a","HmYc – Blueberry – Lanky moss; Typic phase","",""
"1512","MHvh/101b","HmYc – Blueberry – Lanky moss; Subxeric phase","",""
"1513","MHvh/102","YcHm – Crowberry – Lanky moss","",""
"1514","MHvh/110","HmBaYc – Deer fern – Twistedstalks","",""
"1515","MHvh/111","HmYc – Copperbush – Deer cabbage","",""
"1516","MHvh/Wb51","Plc – Crowberry – Peat mosses","",""
"1517","MHvh/Wb53","PlcYc – Tufted clubrush","",""
"1518","MHvh/Wb53.2","PlcYc – Tufted clubrush; Tall shrub variation","",""
"1519","MHvh/Wb53.3","PlcYc – Tufted clubrush; Low shrub variation","",""
"1520","MHvh/Wb57","PlcYc – Deer cabbage – Peat mosses","",""
"1521","MHvh/Ws55","YcHm – Skunk cabbage","",""
"1522","MHwh/101","HmSs – Blueberry","",""
"1523","MHwh/101a","HmSs – Blueberry; Mesic phase","",""
"1524","MHwh/101b","HmSs – Blueberry; Drier phase","",""
"1525","MHwh/101c","HmSs – Blueberry; Moister phase","",""
"1526","MHwh/102","YcHm – Crowberry – Mountain-heather","",""
"1527","MHwh/110","HmSs – Reedgrass – Lanky moss","",""
"1528","MHwh/111","HmSs – Reedgrass – Deer cabbage","",""
"1529","MHwh/Wb53","PlcYc – Tufted clubrush","",""
"1530","MHwh/Wb54","Yc – Tufted clubrush – Tufted hairgrass","",""
"1531","MHwhp/Sk33","Mountain hemlock – Bog blueberry – Crowberry","",""
"1532","MSdc1/01","Sxw – Wintergreen – Feathermoss","",""
"1533","MSdc1/02","FdPl – Juniper","",""
"1534","MSdc1/03","Pl – Spirea – Pinegrass","",""
"1535","MSdc1/04","Sxw – Gooseberry","",""
"1536","MSdc2/01","Sxw – Wintergreen – Feathermoss","",""
"1537","MSdc2/02","FdBl – Spirea – Stonecrop","",""
"1538","MSdc2/03","FdBl – Soopolallie – Kinnikinnick","IN","insolation"
"1539","MSdc2/04","PlBl – Soopolallie – Kinnikinnick","",""
"1540","MSdc2/05","Sxw – Rhododendron – Crowberry","FR","frost"
"1541","MSdc2/06","Sxw – Twinberry – Reedgrass","",""
"1542","MSdc2/07","Sxw – Gooseberry","",""
"1543","MSdc2/08","Sxw – Horsetail – Leafy moss","",""
"1544","MSdk/101","SxwFd – Bunchberry – Feathermoss","",""
"1545","MSdk/102","Fd – Juniper – Douglas maple","",""
"1546","MSdk/103","FdPl – Juniper – Pinegrass","IN","insolation"
"1547","MSdk/104","SxwPl – Labrador tea – Feathermoss","CA","cold aspects - cold air"
"1548","MSdk/105","FdPl – Pinegrass – Twinflower","",""
"1549","MSdk/110","SxwBl – Azalea – Bunchberry","",""
"1550","MSdk/110.1","SxwBl – Azalea – Bunchberry","",""
"1551","MSdk/110.2","CwSxw – Bunchberry – Mitreworts","",""
"1552","MSdk/111","SxwBl – Horsetail","",""
"1553","MSdk/111a","SxwBl – Horsetail; Riparian phase","Fh","high fluvial bench"
"1554","MSdk/111b","SxwBl – Horsetail; Swamp phase","",""
"1555","MSdk/112","Sxw – Labrador tea – Peat moss","",""
"1556","MSdk/112a","Sxw – Labrador tea – Peat moss; Riparian phase","Fh","high fluvial bench"
"1557","MSdk/112b","Sxw – Labrador tea – Peat moss; Bog phase","",""
"1558","MSdk/Fm01","Cottonwood – Snowberry – Rose","Fm","mid fluvial bench"
"1559","MSdk/Fm02","Cottonwood – Spruce – Dogwood","Fm","mid fluvial bench"
"1560","MSdk/Wb15","Sxw – Labrador tea – Peat moss","",""
"1561","MSdk/Ws07","Sxw – Horsetail – Leafy moss","",""
"1562","MSdk/Ws07.1","Sxw – Horsetail – Leafy moss; Typic variation","",""
"1563","MSdk/Ws07.2","Sxw – Horsetail – Leafy moss; Soft-leaved sedge variation","",""
"1564","MSdm1/101","Sxw – Falsebox – Feather moss","",""
"1565","MSdm1/102","Fd – Douglas maple – Pentsemon","",""
"1566","MSdm1/103","Fd(Lw) – Pinegrass – Kinnikinnick","",""
"1567","MSdm1/103a","Fd(Lw) – Pinegrass – Kinnikinnick; Subxeric phase","",""
"1568","MSdm1/103b","Fd(Lw) – Pinegrass – Kinnikinnick; Submesic phase","",""
"1569","MSdm1/104","Pl(Lw) – Pinegrass – Grouseberry","",""
"1570","MSdm1/110","SxwBl – Trapper's tea – Grouseberry","",""
"1571","MSdm1/111","SxwBl – Gooseberry","",""
"1572","MSdm1/111.1","SxwBl – Gooseberry","",""
"1573","MSdm1/111.2","SxwBl(Cw) – Thimbleberry","",""
"1574","MSdm1/112","SxwBl – Gooseberry – Oak fern","",""
"1575","MSdm1/113","Sxw(Bl) – Horsetail","",""
"1576","MSdm1/113a","Sxw(Bl) – Horsetail; Riparian phase","Fh","high fluvial bench"
"1577","MSdm1/113b","Sxw(Bl) – Horsetail; Swamp phase","",""
"1578","MSdm1/Fm02","Cottonwood – Spruce – Dogwood","Fm","mid fluvial bench"
"1579","MSdm1/Wb16","Sxw – Trapper's tea – Peat moss","",""
"1580","MSdm1/Ws07","Sxw – Horsetail – Leafy moss","",""
"1581","MSdm1/Ws07.1","Sxw – Horsetail – Leafy moss; Typic variation","",""
"1582","MSdm1/Ws07.2","Sxw – Horsetail – Leafy moss; Soft-leaved sedge variation","",""
"1583","MSdm2/101","Sxw – Falsebox – Feather moss","",""
"1584","MSdm2/102","FdPl – Juniper – Kinnikinnick","",""
"1585","MSdm2/103","FdPl – Falsebox – Pinegrass","IN","insolation"
"1586","MSdm2/104","Pl – Pinegrass – Grouseberry","",""
"1587","MSdm2/105","PlSxw – Trapper's tea – Grouseberry","CA","cold aspects - cold air"
"1588","MSdm2/110","SxwBl – Trapper's tea – Bramble","CA","cold aspects - cold air"
"1589","MSdm2/111","SxwBl – Gooseberry","",""
"1590","MSdm2/112","Sxw – Devil's club","",""
"1591","MSdm2/113","SxwBl – Horsetail","",""
"1592","MSdm2/Wb16","Sxw – Trapper's tea – Peat moss","",""
"1593","MSdm2/Ws07","Sxw – Horsetail – Leafy moss","",""
"1594","MSdm2/Ws07.1","Sxw – Horsetail – Leafy moss; Typic variation","",""
"1595","MSdm2/Ws07.2","Sxw – Horsetail – Leafy moss; Soft-leaved sedge variation","",""
"1596","MSdm3/01","Sxw – Falsebox – Feathermoss","",""
"1597","MSdm3/03","Pl – Juniper – Grouseberry","",""
"1598","MSdm3/04","Pl – Grouseberry – Pinegrass","",""
"1599","MSdm3/05","Sxw – Gooseberry – Grouseberry","",""
"1600","MSdm3/06","Sxw – Gooseberry – Devil's club","",""
"1601","MSdm3/07","Sxw – Horsetail – Leafy moss","",""
"1602","MSdv/01","Pl – Soopolallie – Twinflower","",""
"1603","MSdv/02","Pl – Penstemon – Balsamroot","",""
"1604","MSdv/02a","Pl – Penstemon – Balsamroot; Shallow","",""
"1605","MSdv/02b","Pl – Penstemon – Balsamroot; South slope","IN","insolation"
"1606","MSdv/03","Pl – Short-awned ricegrass – Peltigera","CA","cold aspects - cold air"
"1607","MSdv/04","Pl – Saskatoon – Kinnikinnick","",""
"1608","MSdv/05","Pl – Soopolallie – Heron's-bill","",""
"1609","MSdv/06","Sxw – Twinberry – Reedgrass","",""
"1610","MSdv/07","Sxw – Dwarf blueberry – Crowberry","FR","frost"
"1611","MSdv/08","Sxw – Soopolallie – Scouring-rush","",""
"1612","MSdv/09","Sxw – Horsetail – Leafy moss","",""
"1613","MSdw/101","Sxw – Arnica – Pinegrass","",""
"1614","MSdw/102","Fd – Juniper","",""
"1615","MSdw/103","Fd(LwPl) – Pinegrass","IN","insolation"
"1616","MSdw/104","Pl(Lw) – Pinegrass – Twinflower","",""
"1617","MSdw/104.1","Pl(Lw) – Pinegrass – Twinflower","",""
"1618","MSdw/104.2","Pl(Lw) – Pinegrass – Grouseberry","",""
"1619","MSdw/110","SxwBl – Azalea – Bunchberry","",""
"1620","MSdw/110.1","SxwBl – Azalea – Bunchberry","",""
"1621","MSdw/110.2","CwSxw – Bunchberry – Mitreworts","",""
"1622","MSdw/111","Sxw – Horsetail","",""
"1623","MSdw/111a","Sxw – Horsetail; Riparian phase","Fh","high fluvial bench"
"1624","MSdw/111b","Sxw – Horsetail; Swamp phase","",""
"1625","MSdw/112","Sxw – Trapper's tea – Peat moss","CA","cold aspects - cold air"
"1626","MSdw/Fm01","Cottonwood – Snowberry – Rose","Fm","mid fluvial bench"
"1627","MSdw/Fm02","Cottonwood – Spruce – Dogwood","Fm","mid fluvial bench"
"1628","MSdw/Wb15","Sxw – Labrador tea – Peat moss","",""
"1629","MSdw/Wb16","Sxw – Trapper’s tea – Peat moss","",""
"1630","MSdw/Ws07","Sxw – Horsetail – Leafy moss","",""
"1631","MSdw/Ws07.1","Sxw – Horsetail – Leafy moss; Typic variation","",""
"1632","MSdw/Ws07.2","Sxw – Horsetail – Leafy moss; Soft-leaved sedge variation","",""
"1633","MSxk1/101","Pl – Pinegrass – Grouseberry – Feather moss","",""
"1634","MSxk1/101a","Pl – Pinegrass – Grouseberry – Feather moss; Typic phase","",""
"1635","MSxk1/101b","Pl – Pinegrass – Grouseberry – Feather moss; Warm phase","",""
"1636","MSxk1/102","Pl – Grouseberry – Clad lichens","",""
"1637","MSxk1/103","Pl – Grouseberry – Kinnikinnick – Clad lichens","",""
"1638","MSxk1/104","Pl – Grouseberry – Feather moss","",""
"1639","MSxk1/105","PlSxw – Trapper's tea – Grouseberry","",""
"1640","MSxk1/110","Sxw – Trapper's tea – Bunchberry – Glow moss","",""
"1641","MSxk1/111","SxwBl – Gooseberry","",""
"1642","MSxk1/112","Sxw – Horsetail – Soft-leaved sedge","",""
"1643","MSxk1/113","Sxw – Rocky Mountain sedge – Leafy mosses","",""
"1644","MSxk1/Wb16","Sxw – Trapper's tea – Peat moss","",""
"1645","MSxk1/Ws07","Sxw – Horsetail – Leafy moss","",""
"1646","MSxk1/Ws07.1","Sxw – Horsetail – Leafy moss; Typic variation","",""
"1647","MSxk1/Ws07.2","Sxw – Horsetail – Leafy moss; Soft-leaved sedge variation","",""
"1648","MSxk1/Ws12","Sxw – Rocky Mountain sedge – Glow moss","",""
"1649","MSxk2/101","Pl – Pinegrass – Grouseberry – Feather moss","",""
"1650","MSxk2/102","Pl – Grouseberry – Clad lichens","",""
"1651","MSxk2/103","Pl – Grouseberry – Kinnikinnick – Clad lichens","",""
"1652","MSxk2/104","FdPl – Pinegrass – Twinflower","IN","insolation"
"1653","MSxk2/105","Pl – Juniper – Grouseberry – Feather moss","",""
"1654","MSxk2/106","PlSxw – Trapper's tea – Grouseberry","",""
"1655","MSxk2/110","Sxw – Trapper's tea – Bunchberry – Glow moss","CA","cold aspects - cold air"
"1656","MSxk2/111","SxwBl – Gooseberry","",""
"1657","MSxk2/112","Sxw – Horsetail – Soft-leaved sedge","",""
"1658","MSxk2/Wb16","Sxw – Trapper's tea – Peat moss","",""
"1659","MSxk2/Ws07","Sxw – Horsetail – Leafy moss","",""
"1660","MSxk2/Ws07.1","Sxw – Horsetail – Leafy moss; Typic variation","",""
"1661","MSxk2/Ws07.2","Sxw – Horsetail – Leafy moss; Soft-leaved sedge variation","",""
"1662","MSxk3/01","Pl – Pinegrass – Lupine","",""
"1663","MSxk3/02","Fd – Juniper – Grouseberry","",""
"1664","MSxk3/05","FdPl – Pinegrass – Arnica","",""
"1665","MSxk3/06","Pl – Falsebox – Lupine","",""
"1666","MSxk3/07","Sxw – Trapper's tea – Grouseberry","",""
"1667","MSxk3/08","Sxw – Gooseberry – Grouseberry","",""
"1668","MSxk3/09","Sxw – Horsetail – Leafy moss","",""
"1669","MSxk3/10","Pl – Water sedge – Peat moss","",""
"1670","MSxv/01","Pl – Grouseberry – Feathermoss","",""
"1671","MSxv/02","Pl – Fescue – Stereocaulon","",""
"1672","MSxv/03","Pl – Kinnikinnick – Cladonia","",""
"1673","MSxv/03a","Pl – Kinnikinnick – Cladonia; Typic","",""
"1674","MSxv/03b","Pl – Kinnikinnick – Cladonia; Shallow","IN","insolation"
"1675","MSxv/04","Pl – Grouseberry – Kinnikinnick","",""
"1676","MSxv/05","Pl – Trapper's tea – Crowberry","",""
"1677","MSxv/06","Sxw – Crowberry – Knight's plume","",""
"1678","MSxv/07","Sxw – Crowberry – Glow moss","CA","cold aspects - cold air"
"1679","MSxv/08","Sxw – Horsetail – Crowberry","",""
"1680","MSxv/09","Sxw – Labrador tea – Willow","CA","cold aspects - cold air"
"1681","MSxv/10","Sb – Soft-leaved sedge – Peat moss","",""
"1682","PPxh1/101","Py(Fd) – Bluebunch wheatgrass – Rough fescue","",""
"1683","PPxh1/102","Py(Fd) – Bluebunch wheatgrass – Selaginella","",""
"1684","PPxh1/103","Py – Antelope-brush – Bluebunch wheatgrass","",""
"1685","PPxh1/104","Py – Bluebunch wheatgrass – Balsamroot","",""
"1686","PPxh1/110","FdPy – Pinegrass","CAS","cold aspects"
"1687","PPxh1/111","Fd(Py) – Snowberry – Oregon-grape","",""
"1688","PPxh1/Fm01","Cottonwood – Snowberry – Rose","Fm","mid fluvial bench"
"1689","PPxh1/Fm05","Cottonwood – Douglas-fir – Douglas maple – Snowberry","Fm","mid fluvial bench"
"1690","PPxh1/Fm06","Cottonwood – Poison ivy – Rose","Fm","mid fluvial bench"
"1691","PPxh2/101","Py(Fd) – Bluebunch wheatgrass – Rough fescue","",""
"1692","PPxh2/102","Py(Fd) – Bluebunch wheatgrass – Selaginella","",""
"1693","PPxh2/103","Py – Rabbit-brush – Bluebunch wheatgrass","",""
"1694","PPxh2/110","Fd – Feather moss – Step moss","CAS","cold aspects"
"1695","PPxh2/110.1","Fd – Feather moss – Step moss","CAS","cold aspects"
"1696","PPxh2/110.2","Fd – Rough fescue – Bluebunch wheatgrass","CAS","cold aspects"
"1697","PPxh2/111","Fd – Douglas maple – Saskatoon","",""
"1698","PPxh2/Fm01","Cottonwood – Snowberry – Rose","Fm","mid fluvial bench"
"1699","PPxh2/Fm05","Cottonwood – Douglas-fir – Douglas maple – Snowberry","Fm","mid fluvial bench"
"1700","SBPSdc/01","Pl – Juniper – Feathermoss","",""
"1701","SBPSdc/02","Pl – Kinnikinnick – Cladonia","",""
"1702","SBPSdc/02a","Pl – Kinnikinnick – Cladonia; Typic","IN","insolation"
"1703","SBPSdc/02b","Pl – Kinnikinnick – Cladonia; Shallow","",""
"1704","SBPSdc/03","Pl – Kinnikinnick – Feathermoss","",""
"1705","SBPSdc/03a","Pl – Kinnikinnick – Feathermoss; Typic","",""
"1706","SBPSdc/03b","Pl – Kinnikinnick – Feathermoss; Sand","",""
"1707","SBPSdc/04","PlSb – Feathermoss","FR","frost"
"1708","SBPSdc/05","Sxw – Scrub birch – Feathermoss","FR","frost"
"1709","SBPSdc/06","Sxw – Horsetail – Meadowrue","",""
"1710","SBPSdc/07","Sb – Scrub birch – Sedge","CA","cold aspects - cold air"
"1711","SBPSdc/08","Sxw – Horsetail – Glow moss","",""
"1712","SBPSmc/01","Pl – Feathermoss – Cladina","",""
"1713","SBPSmc/01a","Pl – Feathermoss – Cladina; Mesic","",""
"1714","SBPSmc/01b","Pl – Feathermoss – Cladina; Submesic","",""
"1715","SBPSmc/02","Pl – Kinnikinnick – Cladonia","",""
"1716","SBPSmc/03","SbPl – Feathermoss","FR","frost"
"1717","SBPSmc/04","Sxw – Scrub birch – Feathermoss","FR","frost"
"1718","SBPSmc/05","Sxw – Horsetail","",""
"1719","SBPSmc/06","Sxw – Horsetail – Glow moss","",""
"1720","SBPSmc/07","SbSxw – Scrub birch – Sedge","CA","cold aspects - cold air"
"1721","SBPSmc/08","Sb  – Creeping-snowberry – Peat moss","",""
"1722","SBPSmk/01","Pl – Pinegrass – Arnica","",""
"1723","SBPSmk/02","Pl – Cladonia – Haircap moss","",""
"1724","SBPSmk/03","Fd – Pinegrass – Aster","IN","insolation"
"1725","SBPSmk/04","Pl – Pinegrass – Feathermoss","",""
"1726","SBPSmk/04a","Pl – Pinegrass – Feathermoss; Typic","",""
"1727","SBPSmk/04b","Pl – Pinegrass – Feathermoss; Sand","",""
"1728","SBPSmk/05","SxwFd – Step moss","CAS","cold aspects"
"1729","SBPSmk/06","Sxw – Twinberry","CA","cold aspects - cold air"
"1730","SBPSmk/07","Sxw – Horsetail – Glow moss","",""
"1731","SBPSmk/08","SbSxw – Scrub birch – Sedge","",""
"1732","SBPSxc/01","Pl – Kinnikinnick – Feathermoss","",""
"1733","SBPSxc/02","Pl – Kinnikinnick – Cladonia","",""
"1734","SBPSxc/02a","Pl – Kinnikinnick – Cladonia; Typic","",""
"1735","SBPSxc/02b","Pl – Kinnikinnick – Cladonia; Sand","",""
"1736","SBPSxc/02c","Pl – Kinnikinnick – Cladonia; Shallow","",""
"1737","SBPSxc/03","Sxw – Scrub birch – Fen moss","",""
"1738","SBPSxc/04","Sxw – Scrub birch – Feathermoss","",""
"1739","SBPSxc/05","Sxw – Horsetail – Glow moss","",""
"1740","SBPSxc/06","Sxw – Horsetail – Meadowrue","",""
"1741","SBSdh1/01","SxwFd – Ricegrass","",""
"1742","SBSdh1/02","Pl – Velvet-leaved blueberry – Cladonia","",""
"1743","SBSdh1/03","FdPl – Pinegrass – Feathermoss","",""
"1744","SBSdh1/04","Pl – Pinegrass – Feathermoss","",""
"1745","SBSdh1/05","Pl – Labrador tea – Velvet-leaved blueberry","",""
"1746","SBSdh1/06","SxwFd – Thimbleberry","",""
"1747","SBSdh1/07","Sxw – Horsetail","",""
"1748","SBSdh1/08","Sb – Scrub birch – Sedge","",""
"1749","SBSdk/01","Sxw – Spirea – Purple peavine","",""
"1750","SBSdk/01a","Sxw – Spirea – Purple peavine; Fine-textured","",""
"1751","SBSdk/01b","Sxw – Spirea – Purple peavine; Coarse-textured","",""
"1752","SBSdk/02","Pl – Juniper – Ricegrass","",""
"1753","SBSdk/03","Pl – Feathermoss – Cladina","",""
"1754","SBSdk/04","Fd – Soopolallie – Feathermoss","IN","insolation"
"1755","SBSdk/05","Sxw – Spirea – Feathermoss","",""
"1756","SBSdk/06","Sxw – Twinberry – Coltsfoot","",""
"1757","SBSdk/07","Sxw – Horsetail","",""
"1758","SBSdk/07a","Sxw – Horsetail; Freely drained","Fh","high fluvial bench"
"1759","SBSdk/07b","Sxw – Horsetail; Poorly drained","",""
"1760","SBSdk/08","Act – Dogwood – Prickly rose","Fm","mid fluvial bench"
"1761","SBSdk/08b","Act – Dogwood – Prickly rose; Medium-bench","Fm","mid fluvial bench"
"1762","SBSdk/09","Sb – Creeping-snowberry – Sphagnum","CA","cold aspects - cold air"
"1763","SBSdk/10","Sb – Soft-leaved sedge – Sphagnum","CA","cold aspects - cold air"
"1764","SBSdw1/01","SxwFd – Pinegrass","",""
"1765","SBSdw1/02","FdPl – Cladonia","",""
"1766","SBSdw1/03","Fd – Saskatoon – Pinegrass","IN","insolation"
"1767","SBSdw1/04","Pl – Pinegrass – Feathermoss","",""
"1768","SBSdw1/05","SxwFd – Ricegrass","CAS","cold aspects"
"1769","SBSdw1/06","SxwFd – Thimbleberry","",""
"1770","SBSdw1/07","Sxw – Twinberry – Coltsfoot","Fh","high fluvial bench"
"1771","SBSdw1/08","Sxw – Twinberry – Oak fern","",""
"1772","SBSdw1/09","Sxw – Horsetail – Glow moss","",""
"1773","SBSdw1/Wb01","Sb – Creeping-snowberry – Sphagnum","",""
"1774","SBSdw1/Wb05","Sb – Water sedge – Peat moss","",""
"1775","SBSdw2/01","SxwFd – Pinegrass","",""
"1776","SBSdw2/02","FdPl – Cladonia","",""
"1777","SBSdw2/03","Pl – Kinnikinnick – Wavy-leaved moss","",""
"1778","SBSdw2/04","Fd – Pinegrass – Aster","IN","insolation"
"1779","SBSdw2/05","SxwFd – Cat's-tail moss","CAS","cold aspects"
"1780","SBSdw2/06","Pl – Pinegrass – Feathermoss","",""
"1781","SBSdw2/07","PlSb – Feathermoss","FR","frost"
"1782","SBSdw2/08","Sxw – Twinberry","CA","cold aspects - cold air"
"1783","SBSdw2/09","Sxw – Devil's club – Knight's plume","",""
"1784","SBSdw2/10","Sxw – Horsetail","",""
"1785","SBSdw2/11","Sb – Soft-leaved sedge – Sphagnum","",""
"1786","SBSdw2/12","Sb – Buckbean – Peat moss","",""
"1787","SBSdw2/Wb01","Sb – Creeping-snowberry – Sphagnum","",""
"1788","SBSdw2/Wb05","Sb – Water sedge – Peat moss","",""
"1789","SBSdw3/01","SxwFd – Pinegrass","",""
"1790","SBSdw3/02","FdPl – Cladonia","",""
"1791","SBSdw3/03","Pl – Feathermoss – Cladina","IN","insolation"
"1792","SBSdw3/04","SxwFd – Ricegrass","",""
"1793","SBSdw3/05","PlSb – Feathermoss","FR","frost"
"1794","SBSdw3/06","Sxw – Pink spirea – Prickly rose","",""
"1795","SBSdw3/07","Sxw – Twinberry","",""
"1796","SBSdw3/08","Sxw – Oak fern","",""
"1797","SBSdw3/09","Sxw – Horsetail – Glow moss","",""
"1798","SBSdw3/10","Sb – Soft-leaved sedge – Sphagnum","CA","cold aspects - cold air"
"1799","SBSdw3/11","Sb – Water sedge – Peat moss","",""
"1800","SBSdw3/12","Sb – Common horsetail – Peat moss","",""
"1801","SBSmc1/01","Sxw – Huckleberry","",""
"1802","SBSmc1/01a","Sxw – Huckleberry; Typic","",""
"1803","SBSmc1/01b","Sxw – Huckleberry; Shallow","",""
"1804","SBSmc1/01c","Sxw – Huckleberry; Sand","",""
"1805","SBSmc1/02","Pl – Cladonia – Haircap moss","",""
"1806","SBSmc1/03","Fd – Pinegrass – Aster","IN","insolation"
"1807","SBSmc1/04","Sxw – Huckleberry – Labrador tea","CA","cold aspects - cold air"
"1808","SBSmc1/05","Sxw – Spirea – Glow moss","CA","cold aspects - cold air"
"1809","SBSmc1/06","Sxw – Oak fern","",""
"1810","SBSmc1/07","Sxw – Devil's club – Step moss","",""
"1811","SBSmc1/08","Sxw – Horsetail – Glow moss","CA","cold aspects - cold air"
"1812","SBSmc2/01","Sxw – Huckleberry","",""
"1813","SBSmc2/01a","Sxw – Huckleberry; Typic","",""
"1814","SBSmc2/01b","Sxw – Huckleberry; Shallow","",""
"1815","SBSmc2/01c","Sxw – Huckleberry; Submesic","",""
"1816","SBSmc2/02","Pl – Huckleberry – Cladonia","",""
"1817","SBSmc2/02a","Pl – Huckleberry – Cladonia; Typic","",""
"1818","SBSmc2/02b","Pl – Huckleberry – Cladonia; Sand","",""
"1819","SBSmc2/03","SbPl – Feathermoss","FR","frost"
"1820","SBSmc2/04","Sxw – Huckleberry – Dwarf blueberry","CA","cold aspects - cold air"
"1821","SBSmc2/05","Sxw – Twinberry – Coltsfoot","",""
"1822","SBSmc2/06","Sxw – Oak fern","",""
"1823","SBSmc2/07","Sxw – Scrub birch – Feathermoss","FR","frost"
"1824","SBSmc2/08","Sxw – Twinberry – Oak fern","CA","cold aspects - cold air"
"1825","SBSmc2/09","Sxw – Devil's club","",""
"1826","SBSmc2/09a","Sxw – Devil's club; Fluvial","Fh","high fluvial bench"
"1827","SBSmc2/09b","Sxw – Devil's club; Morainal","",""
"1828","SBSmc2/10","Sxw – Horsetail","",""
"1829","SBSmc2/10a","Sxw – Horsetail; Fluvial","Fh","high fluvial bench"
"1830","SBSmc2/10b","Sxw – Horsetail; Lacustrine/morainal","",""
"1831","SBSmc2/11","Sxw – Horsetail – Glow moss","",""
"1832","SBSmc2/12","SbSxw – Scrub birch – Sedge","CA","cold aspects - cold air"
"1833","SBSmc2/13","Sb – Soft-leaved sedge – Peat moss","",""
"1834","SBSmc2/14","Sb – Common horsetail – Peat moss","",""
"1835","SBSmc2/15","Pl – Few-flowered sedge – Peat moss","",""
"1836","SBSmc2/16","Sb – Buckbean – Peat moss","",""
"1837","SBSmc3/01","Sxw – Huckleberry","",""
"1838","SBSmc3/02","Pl – Juniper – Dwarf blueberry","",""
"1839","SBSmc3/03","Pl – Feathermoss – Cladina","",""
"1840","SBSmc3/04","Sxw – Huckleberry – Soopolallie","",""
"1841","SBSmc3/05","Sb – Huckleberry – Spirea","FR","frost"
"1842","SBSmc3/06","SbPl – Feathermoss","FR","frost"
"1843","SBSmc3/07","Sxw – Twinberry","",""
"1844","SBSmc3/08","Sxw – Horsetail","",""
"1845","SBSmc3/09","SbSxw – Scrub birch – Sedge","CA","cold aspects - cold air"
"1846","SBSmh/01","SxwFd – Hazelnut","",""
"1847","SBSmh/02","FdPl – Cladonia","",""
"1848","SBSmh/03","FdPl – Velvet-leaved blueberry – Cladonia","",""
"1849","SBSmh/04","Fd – Douglas maple – Step moss","IN","insolation"
"1850","SBSmh/05","SxwFd – Feathermoss","",""
"1851","SBSmh/06","SxwFd – Coltsfoot","",""
"1852","SBSmh/07","SxwEp – Devil's club","",""
"1853","SBSmh/08","Sxw – Ostrich fern","Fh","high fluvial bench"
"1854","SBSmh/09","Sxw – Horsetail – Glow moss","",""
"1855","SBSmk1/01","Sxw – Huckleberry – High bush-cranberry","",""
"1856","SBSmk1/02","Pl – Cladina – Step moss","",""
"1857","SBSmk1/03","Pl – Feathermoss – Cladina","",""
"1858","SBSmk1/04","SxwFd – Knight's plume","IN","insolation"
"1859","SBSmk1/05","SxwFd – Toad-flax","",""
"1860","SBSmk1/06","Sb – Huckleberry – Spirea","FR","frost"
"1861","SBSmk1/07","Sxw – Oak fern","",""
"1862","SBSmk1/08","Sxw – Devil's club","Fh","high fluvial bench"
"1863","SBSmk1/09","Sxw – Horsetail","",""
"1864","SBSmk1/09a","Sxw – Horsetail; Fluvial","Fh","high fluvial bench"
"1865","SBSmk1/09b","Sxw – Horsetail; Organic","",""
"1866","SBSmk1/10","Sb – Scrub birch – Sedge","",""
"1867","SBSmk2/01","Sxw – Huckleberry – High bush-cranberry","",""
"1868","SBSmk2/02","Pl – Feathermoss – Cladina","",""
"1869","SBSmk2/03","Sxw – Huckleberry – Soopolallie","",""
"1870","SBSmk2/04","Sb – Huckleberry – Spirea","FR","frost"
"1871","SBSmk2/05","Sxw – Oak fern","",""
"1872","SBSmk2/06","Sxw – Horsetail","Fh","high fluvial bench"
"1873","SBSmk2/07","Sb – Water sedge – Peat moss","",""
"1874","SBSmm/01","Sxw – Falsebox – Knight's plume","",""
"1875","SBSmm/02","Pl – Huckleberry – Cladonia","",""
"1876","SBSmm/03","PlFd – Juniper","",""
"1877","SBSmm/04","Pl – Soopolallie – Pinegrass","",""
"1878","SBSmm/05","Sxw – Soopolallie – Falsebox","",""
"1879","SBSmm/06","Sxw – Huckleberry – Falsebox","",""
"1880","SBSmm/07","Sxw – Oak fern","",""
"1881","SBSmm/08","Sxw – Horsetail","Fh","high fluvial bench"
"1882","SBSmm/10","Sb – Water sedge – Peat moss","",""
"1883","SBSmw/01","SxwFd – Falsebox","",""
"1884","SBSmw/02","FdBl – Huckleberry","",""
"1885","SBSmw/03","Pl – Huckleberry – Velvet-leaved blueberry","",""
"1886","SBSmw/04","SxwFd – Knight's plume","IN","insolation"
"1887","SBSmw/05","Sxw – Pink spirea","CA","cold aspects - cold air"
"1888","SBSmw/06","Sxw – Oak fern","",""
"1889","SBSmw/07","Sxw – Twinberry – Oak fern","",""
"1890","SBSmw/08","Sxw – Devil's club","",""
"1891","SBSmw/09","Sxw – Horsetail","",""
"1892","SBSmw/10","SbSxw – Scrub birch – Sedge","",""
"1893","SBSmw/11","Pl – Huckleberry – Knight's plume","",""
"1894","SBSmw/12","Sxw – Pink spirea – Sphagnum","",""
"1895","SBSmw/13","Sxw – Mountain alder – Lady fern","",""
"1896","SBSmw/14","Sb  – Creeping-snowberry – Peat moss","",""
"1897","SBSmw/15","Sb – Soft-leaved sedge – Peat moss","",""
"1898","SBSmw/16","Sb – Common horsetail – Peat moss","",""
"1899","SBSmw/Wb07","Pl – Water sedge – Peat moss","",""
"1900","SBSmz/101","BlPliSxl – Bunchberry – False toadflax","",""
"1901","SBSmz/101a","BlPliSxl – Bunchberry – False toadflax; Mesic phase","",""
"1902","SBSmz/101b","BlPliSxl – Bunchberry – False toadflax; Subxeric phase","",""
"1903","SBSmz/102","PliBl – Kinnikinnick – Clad lichens","",""
"1904","SBSmz/104","BlPli – Crowberry – Feather moss","",""
"1905","SBSmz/110","Bl – Oak fern – Bunchberry","",""
"1906","SBSmz/111","BlSxl – Devil's club","",""
"1907","SBSmz/112","BlSxl – High bush-cranberry – Horsetail","Fh","high fluvial bench"
"1908","SBSmz/113","BlSxl – Scrub birch – Peat mosses","",""
"1909","SBSmz/114","BlSxl – Horsetail – Peat mosses","",""
"1910","SBSvc/101","BlSxl – Devil's club – Dogwood","",""
"1911","SBSvc/102","PliBl – Juniper – Kinnikinnick","",""
"1912","SBSvc/103","PliBl – Soopolallie","",""
"1913","SBSvc/103.1","PliBl – Soopolallie; Prince's pine variation","",""
"1914","SBSvc/103.2","PliBl – Soopolallie; Dogbane variation","",""
"1915","SBSvc/104","PliSxlBl – False toadflax","",""
"1916","SBSvc/105","PliBl – High bush-cranberry","",""
"1917","SBSvc/110","BlSxl – Devil's club – Horsetail","",""
"1918","SBSvc/Fm02","ActSxl – Dogwood","Fm","mid fluvial bench"
"1919","SBSvk/01","Sxw – Devil's club","",""
"1920","SBSvk/02","Pl – Huckleberry – Velvet-leaved blueberry","",""
"1921","SBSvk/03","SxwFd – Thimbleberry","IN","insolation"
"1922","SBSvk/04","Sxw – Oak fern","",""
"1923","SBSvk/05","Sxw – Devil's club – Spiny wood fern","",""
"1924","SBSvk/06","Sxw – Horsetail","",""
"1925","SBSvk/07","Sxw – Devil's club – Ostrich fern","",""
"1926","SBSvk/08","SbPl – Bog-laurel – Sphagnum","CA","cold aspects - cold air"
"1927","SBSvk/09","Pl – Huckleberry – Cladina","",""
"1928","SBSvk/10","Sxw – Skunk cabbage","",""
"1929","SBSvk/13","Sb – Skunk cabbage – Peat moss","",""
"1930","SBSwk1/01","Sxw – Oak fern","",""
"1931","SBSwk1/02","Pl – Huckleberry – Cladina","",""
"1932","SBSwk1/03","Pl – Huckleberry – Velvet-leaved blueberry","",""
"1933","SBSwk1/04","SxwFd – Knight's plume","IN","insolation"
"1934","SBSwk1/05","Sxw – Huckleberry – High bush-cranberry","",""
"1935","SBSwk1/06","Sxw – Pink spirea – Oak fern","CA","cold aspects - cold air"
"1936","SBSwk1/07","Sxw – Twinberry – Oak fern","CA","cold aspects - cold air"
"1937","SBSwk1/08","Sxw – Devil's club","",""
"1938","SBSwk1/09","Sxw – Horsetail","",""
"1939","SBSwk1/10","Sxw – Devil's club – Lady fern","",""
"1940","SBSwk1/11","SbSxw – Scrub birch – Sedge","CA","cold aspects - cold air"
"1941","SBSwk1/12","SbPl – Feathermoss","FR","frost"
"1942","SBSwk1/13","ActSxw – Red-osier dogwood","Fm","mid fluvial bench"
"1943","SBSwk1/14","Pl – Bog-rosemary – Peat moss","",""
"1944","SBSwk1/15","Sb – Common horsetail – Peat moss","",""
"1945","SBSwk1/16","Sb – Buckbean – Peat moss","",""
"1946","SBSwk1/17","Sb – Skunk cabbage – Peat moss","",""
"1947","SBSwk2/01","Sxw – Oak fern","",""
"1948","SBSwk2/02","Pl – Huckleberry – Cladina","",""
"1949","SBSwk2/03","Sxw – Huckleberry – High bush-cranberry","",""
"1950","SBSwk2/04","SbPl – Feathermoss","FR","frost"
"1951","SBSwk2/05","Sxw – Devil's club","",""
"1952","SBSwk2/06","Sxw – Horsetail","",""
"1953","SBSwk2/07","Lt – Water sedge – Fen Moss","",""
"1954","SBSwk3/01","Sxw – Oak fern","",""
"1955","SBSwk3/02","Pl – Huckleberry – Cladina","",""
"1956","SBSwk3/03","SxwFd – Purple peavine","",""
"1957","SBSwk3/04","Sxw – Huckleberry – High bush-cranberry","",""
"1958","SBSwk3/05","Sb – Labrador tea","FR","frost"
"1959","SBSwk3/06","Sxw – Twinberry – Coltsfoot","",""
"1960","SBSwk3/07","Sxw – Devil's club","",""
"1961","SBSwk3/08","Sxw – Horsetail","",""
"1962","SBSwk3a/01","Sxw – Dogwood – Fairybells","",""
"1963","SBSwk3a/02","Pl – Huckleberry – Cladina","",""
"1964","SBSwk3a/03","SxwFd – Purple peavine","",""
"1965","SBSwk3a/04","SxwFd – Birch-leaved spirea – Feathermoss","",""
"1966","SBSwk3a/05","Sb – Labrador tea","FR","frost"
"1967","SBSwk3a/06","Sxw – Twinberry – Coltsfoot","",""
"1968","SBSwk3a/07","Sxw – Devil's club","",""
"1969","SBSwk3a/08","Sxw – Horsetail","Fh","high fluvial bench"
"1970","SWBmk/01","Sw – Grey-leaved willow – Scrub birch","",""
"1971","SWBmk/02","Sw – Scrub birch – Cladina","",""
"1972","SWBmk/03","Sw – Juniper – Wildrye","CA","cold aspects - cold air"
"1973","SWBmk/04","Sw – Arctic lupine – Step moss","IN","insolation"
"1974","SWBmk/05","Sw – Willow – Crowberry","CAS","cold aspects"
"1975","SWBmk/06","Sw – Willow – Step moss","",""
"1976","SWBmk/07","Sw – Scrub birch – Bluejoint","CAS","cold aspects"
"1977","SWBmk/08","Sw – Shrubby cinquefoil – Horsetail","",""
"1978","SWBmk/09","Sw – Horsetail – Sphagnum","",""
