,bgc,ss_nospace,sppsplit,suitability,spp,newsuit,mod,outrange
1,BGxh3,BGxh3/110,Fdi,2,Fd,3,KI,FALSE
2,BGxh3,BGxh3/111,Fdi,2,Fd,3,KI,FALSE
3,BGxh3,BGxh3/112,Act,1,Ac,2,KI,FALSE
4,BGxh3,BGxh3/112,Fdi,4,Fd,4,KI,FALSE
5,BGxh3,BGxh3/113,Act,1,Ac,1,KI,FALSE
6,BGxh3,BGxh3/113,Fdi,2,Fd,3,KI,FALSE
7,BGxh3,BGxh3/Fm01,X,NA,X,NA,VC,FALSE
8,BGxw2,BGxw2/110,Fdi,2,Fd,3,KI,FALSE
9,BGxw2,BGxw2/111,Fdi,2,Fd,3,KI,FALSE
10,BGxw2,BGxw2/112,Act,2,Ac,2,KI,FALSE
11,BGxw2,BGxw2/112,At,4,At,4,KI,FALSE
12,BGxw2,BGxw2/113,Fdi,1,Fd,2,KI,FALSE
13,BGxw2,BGxw2/113,At,4,At,4,KI,FALSE
14,BGxw2,BGxw2/114,At,1,At,1,KI,FALSE
15,BGxw2,BGxw2/115,At,1,At,1,KI,FALSE
16,BWBSdk,BWBSdk/101,Acb,3,Ac,3,DS,FALSE
17,BWBSdk,BWBSdk/101,At,1,At,1,DS,FALSE
18,BWBSdk,BWBSdk/101,Bl,2,Bl,2,DS,FALSE
19,BWBSdk,BWBSdk/101,Ep,3,Ep,3,DS,FALSE
20,BWBSdk,BWBSdk/101,Pli,1,Pl,1,DS,FALSE
21,BWBSdk,BWBSdk/101,Sb,3,Sb,3,DS,FALSE
22,BWBSdk,BWBSdk/101,Sw,1,Sx,1,DS,FALSE
23,BWBSdk,BWBSdk/101,Sw,1,Sx,1,DS,FALSE
24,BWBSdk,BWBSdk/101a,Acb,3,Ac,3,WHM,FALSE
25,BWBSdk,BWBSdk/101a,At,1,At,1,WHM,FALSE
26,BWBSdk,BWBSdk/101a,Bl,2,Bl,2,WHM,FALSE
27,BWBSdk,BWBSdk/101a,Ep,3,Ep,3,WHM,FALSE
28,BWBSdk,BWBSdk/101a,Pli,1,Pl,1,WHM,FALSE
29,BWBSdk,BWBSdk/101a,Sb,3,Sb,3,WHM,FALSE
30,BWBSdk,BWBSdk/101a,Sw,1,Sx,1,WHM,FALSE
31,BWBSdk,BWBSdk/101b,Acb,2,Ac,2,WHM,FALSE
32,BWBSdk,BWBSdk/101b,At,2,At,2,WHM,FALSE
33,BWBSdk,BWBSdk/101b,Bl,2,Bl,2,WHM,FALSE
34,BWBSdk,BWBSdk/101b,Ep,3,Ep,3,WHM,FALSE
35,BWBSdk,BWBSdk/101b,Pli,1,Pl,1,WHM,FALSE
36,BWBSdk,BWBSdk/101b,Sb,2,Sb,2,WHM,FALSE
37,BWBSdk,BWBSdk/101b,Sw,1,Sx,1,WHM,FALSE
38,BWBSdk,BWBSdk/102,At,3,At,3,DS,FALSE
39,BWBSdk,BWBSdk/102,Bl,3,Bl,3,DS,FALSE
40,BWBSdk,BWBSdk/102,Pli,2,Pl,2,DS,FALSE
41,BWBSdk,BWBSdk/102,Sw,3,Sx,3,DS,FALSE
42,BWBSdk,BWBSdk/103,At,2,At,2,DS,FALSE
43,BWBSdk,BWBSdk/103,Bl,2,Bl,3,DS,FALSE
44,BWBSdk,BWBSdk/103,Ep,3,Ep,3,DS,FALSE
45,BWBSdk,BWBSdk/103,Pli,1,Pl,1,DS,FALSE
46,BWBSdk,BWBSdk/103,Sb,3,Sb,3,DS,FALSE
47,BWBSdk,BWBSdk/103,Sw,1,Sx,1,DS,FALSE
48,BWBSdk,BWBSdk/104,At,2,At,2,DS,FALSE
49,BWBSdk,BWBSdk/104,Bl,3,Bl,3,DS,FALSE
50,BWBSdk,BWBSdk/104,Pli,2,Pl,1,DS,FALSE
51,BWBSdk,BWBSdk/104,Sb,2,Sb,2,DS,FALSE
52,BWBSdk,BWBSdk/104,Sw,1,Sx,2,DS,FALSE
53,BWBSdk,BWBSdk/104,Sw,1,Sx,2,DS,FALSE
54,BWBSdk,BWBSdk/104a,At,2,At,2,WHM,FALSE
55,BWBSdk,BWBSdk/104a,Bl,3,Bl,3,WHM,FALSE
56,BWBSdk,BWBSdk/104a,Pli,2,Pl,2,WHM,FALSE
57,BWBSdk,BWBSdk/104a,Sb,2,Sb,2,WHM,FALSE
58,BWBSdk,BWBSdk/104a,Sw,1,Sx,1,WHM,FALSE
59,BWBSdk,BWBSdk/104b,At,3,At,3,WHM,FALSE
60,BWBSdk,BWBSdk/104b,Bl,5,Bl,5,WHM,FALSE
61,BWBSdk,BWBSdk/104b,Pli,2,Pl,2,WHM,FALSE
62,BWBSdk,BWBSdk/104b,Sb,2,Sb,2,WHM,FALSE
63,BWBSdk,BWBSdk/104b,Sw,2,Sx,2,WHM,FALSE
64,BWBSdk,BWBSdk/110,Acb,2,Ac,2,DS,FALSE
65,BWBSdk,BWBSdk/110,At,2,At,2,DS,FALSE
66,BWBSdk,BWBSdk/110,Bl,3,Bl,3,DS,FALSE
67,BWBSdk,BWBSdk/110,Ep,3,Ep,3,DS,FALSE
68,BWBSdk,BWBSdk/110,Pli,2,Pl,2,DS,FALSE
69,BWBSdk,BWBSdk/110,Sb,5,Sb,4,DS,FALSE
70,BWBSdk,BWBSdk/110,Sw,1,Sx,1,DS,FALSE
71,BWBSdk,BWBSdk/111,Acb,2,Ac,2,DS,FALSE
72,BWBSdk,BWBSdk/111,At,3,At,3,DS,FALSE
73,BWBSdk,BWBSdk/111,Bl,3,Bl,3,DS,FALSE
74,BWBSdk,BWBSdk/111,Ep,3,Ep,3,DS,FALSE
75,BWBSdk,BWBSdk/111,Pli,2,Pl,2,DS,FALSE
76,BWBSdk,BWBSdk/111,Sb,3,Sb,3,DS,FALSE
77,BWBSdk,BWBSdk/111,Sw,1,Sx,1,DS,FALSE
78,BWBSdk,BWBSdk/112,Acb,1,Ac,1,DS,FALSE
79,BWBSdk,BWBSdk/112,Sw,2,Sx,2,DS,FALSE
80,BWBSmk,BWBSmk/101,Acb,3,Ac,3,DS,FALSE
81,BWBSmk,BWBSmk/101,At,1,At,2,DS,FALSE
82,BWBSmk,BWBSmk/101,Ep,2,Ep,2,DS,FALSE
83,BWBSmk,BWBSmk/101,Pli,1,Pl,2,DS,FALSE
84,BWBSmk,BWBSmk/101,Sb,3,Sb,3,DS,FALSE
85,BWBSmk,BWBSmk/101,Sw,1,Sx,1,DS,FALSE
86,BWBSmk,BWBSmk/101,Sw,1,Sx,1,DS,FALSE
87,BWBSmk,BWBSmk/102,At,3,At,3,DS,FALSE
88,BWBSmk,BWBSmk/102,Pli,2,Pl,2,DS,TRUE
89,BWBSmk,BWBSmk/102,Sb,5,Sb,4,DS,FALSE
90,BWBSmk,BWBSmk/103,At,2,At,2,DS,FALSE
91,BWBSmk,BWBSmk/103,Ep,2,Ep,2,DS,FALSE
92,BWBSmk,BWBSmk/103,Pli,1,Pl,1,DS,FALSE
93,BWBSmk,BWBSmk/103,Sw,1,Sx,1,DS,FALSE
94,BWBSmk,BWBSmk/104,At,3,At,3,DS,FALSE
95,BWBSmk,BWBSmk/104,Pli,2,Pl,2,DS,FALSE
96,BWBSmk,BWBSmk/104,Sb,1,Sb,2,DS,FALSE
97,BWBSmk,BWBSmk/104,Sw,3,Sx,3,DS,FALSE
98,BWBSmk,BWBSmk/104,Sw,3,Sx,3,DS,FALSE
99,BWBSmk,BWBSmk/104a,At,3,At,3,DS,FALSE
100,BWBSmk,BWBSmk/104a,Pli,2,Pl,2,DS,FALSE
101,BWBSmk,BWBSmk/104a,Sb,1,Sb,2,DS,FALSE
102,BWBSmk,BWBSmk/104a,Sw,3,Sx,3,DS,FALSE
103,BWBSmk,BWBSmk/104b,At,3,At,3,DS,FALSE
104,BWBSmk,BWBSmk/104b,Pli,2,Pl,2,DS,FALSE
105,BWBSmk,BWBSmk/104b,Sb,1,Sb,2,DS,FALSE
106,BWBSmk,BWBSmk/104b,Sw,3,Sx,3,DS,FALSE
107,BWBSmk,BWBSmk/110,Acb,2,Ac,2,DS,FALSE
108,BWBSmk,BWBSmk/110,At,3,At,3,DS,FALSE
109,BWBSmk,BWBSmk/110,Ep,3,Ep,3,DS,FALSE
110,BWBSmk,BWBSmk/110,Pli,3,Pl,3,DS,FALSE
111,BWBSmk,BWBSmk/110,Sb,5,Sb,4,DS,FALSE
112,BWBSmk,BWBSmk/110,Sw,1,Sx,1,DS,FALSE
113,BWBSmk,BWBSmk/111,Acb,2,Ac,2,DS,FALSE
114,BWBSmk,BWBSmk/111,At,3,At,3,DS,FALSE
115,BWBSmk,BWBSmk/111,Ep,3,Ep,2,DS,FALSE
116,BWBSmk,BWBSmk/111,Pli,2,Pl,3,DS,FALSE
117,BWBSmk,BWBSmk/111,Sb,3,Sb,3,DS,FALSE
118,BWBSmk,BWBSmk/111,Sw,1,Sx,1,DS,FALSE
119,BWBSmk,BWBSmk/111,Sw,1,Sx,1,DS,FALSE
120,BWBSmk,BWBSmk/112,Acb,1,Ac,1,DS,FALSE
121,BWBSmk,BWBSmk/112,Sw,2,Sx,2,DS,FALSE
122,BWBSmw,BWBSmw/101,Acb,3,Ac,2,DS,FALSE
123,BWBSmw,BWBSmw/101,At,1,At,1,DS,FALSE
124,BWBSmw,BWBSmw/101,Ep,3,Ep,2,DS,FALSE
125,BWBSmw,BWBSmw/101,Pli,1,Pl,1,DS,FALSE
126,BWBSmw,BWBSmw/101,Sb,3,Sb,3,DS,FALSE
127,BWBSmw,BWBSmw/101,Sw,1,Sx,1,DS,FALSE
128,BWBSmw,BWBSmw/102,At,3,At,3,DS,FALSE
129,BWBSmw,BWBSmw/102,Pli,2,Pl,2,DS,FALSE
130,BWBSmw,BWBSmw/103,At,1,At,1,DS,FALSE
131,BWBSmw,BWBSmw/103,Pli,1,Pl,1,DS,FALSE
132,BWBSmw,BWBSmw/103,Sw,2,Sx,2,DS,FALSE
133,BWBSmw,BWBSmw/104,At,3,At,3,DS,FALSE
134,BWBSmw,BWBSmw/104,Pli,1,Pl,1,DS,FALSE
135,BWBSmw,BWBSmw/104,Sb,2,Sb,2,DS,FALSE
136,BWBSmw,BWBSmw/104,Sw,3,Sx,3,DS,FALSE
137,BWBSmw,BWBSmw/104,Sw,3,Sx,3,DS,FALSE
138,BWBSmw,BWBSmw/110,Acb,2,Ac,2,DS,FALSE
139,BWBSmw,BWBSmw/110,At,2,At,2,DS,FALSE
140,BWBSmw,BWBSmw/110,Ep,3,Ep,2,DS,FALSE
141,BWBSmw,BWBSmw/110,Pli,2,Pl,2,DS,FALSE
142,BWBSmw,BWBSmw/110,Sw,1,Sx,1,DS,FALSE
143,BWBSmw,BWBSmw/111,Acb,2,Ac,2,DS,FALSE
144,BWBSmw,BWBSmw/111,At,3,At,3,DS,FALSE
145,BWBSmw,BWBSmw/111,Ep,3,Ep,3,DS,FALSE
146,BWBSmw,BWBSmw/111,Pli,3,Pl,2,DS,FALSE
147,BWBSmw,BWBSmw/111,Sw,1,Sx,1,DS,FALSE
148,BWBSmw,BWBSmw/112,Acb,1,Ac,1,DS,FALSE
149,BWBSmw,BWBSmw/112,Acb,1,Ac,1,DS,FALSE
150,BWBSmw,BWBSmw/112,Sw,2,Sx,2,DS,FALSE
151,BWBSmw,BWBSmw/112,Sw,2,Sx,2,DS,FALSE
152,BWBSwk1,BWBSwk1/101,At,2,At,2,DS,FALSE
153,BWBSwk1,BWBSwk1/101,Bl,3,Bl,3,DS,FALSE
154,BWBSwk1,BWBSwk1/101,Pli,1,Pl,1,DS,FALSE
155,BWBSwk1,BWBSwk1/101,Sw,1,Sx,1,DS,FALSE
156,BWBSwk1,BWBSwk1/102,Pli,2,Pl,2,DS,FALSE
157,BWBSwk1,BWBSwk1/102,Sw,3,Sx,3,DS,FALSE
158,BWBSwk1,BWBSwk1/103,At,3,At,3,DS,FALSE
159,BWBSwk1,BWBSwk1/103,Pli,1,Pl,1,DS,FALSE
160,BWBSwk1,BWBSwk1/103,Sw,2,Sx,2,DS,FALSE
161,BWBSwk1,BWBSwk1/104,At,3,At,3,DS,FALSE
162,BWBSwk1,BWBSwk1/104,Pli,2,Pl,2,DS,FALSE
163,BWBSwk1,BWBSwk1/104,Sb,2,Sb,2,DS,FALSE
164,BWBSwk1,BWBSwk1/104,Sw,3,Sx,3,DS,FALSE
165,BWBSwk1,BWBSwk1/110,Acb,2,Ac,2,DS,FALSE
166,BWBSwk1,BWBSwk1/110,Pli,2,Pl,2,DS,FALSE
167,BWBSwk1,BWBSwk1/110,Sw,1,Sx,1,DS,FALSE
168,BWBSwk1,BWBSwk1/111,Pli,1,Pl,2,DS,FALSE
169,BWBSwk1,BWBSwk1/111,Sb,1,Sb,1,DS,FALSE
170,BWBSwk1,BWBSwk1/111,Sw,1,Sx,3,DS,FALSE
171,BWBSwk2,BWBSwk2/101,Acb,3,Ac,3,DS,FALSE
172,BWBSwk2,BWBSwk2/101,At,2,At,2,DS,FALSE
173,BWBSwk2,BWBSwk2/101,Bl,3,Bl,2,DS,FALSE
174,BWBSwk2,BWBSwk2/101,Ep,3,Ep,3,DS,FALSE
175,BWBSwk2,BWBSwk2/101,Pli,1,Pl,1,DS,FALSE
176,BWBSwk2,BWBSwk2/101,Sw,1,Sx,1,DS,FALSE
177,BWBSwk2,BWBSwk2/101,Sw,1,Sx,1,DS,FALSE
178,BWBSwk2,BWBSwk2/102,Pli,2,Pl,2,DS,FALSE
179,BWBSwk2,BWBSwk2/102,Sw,3,Sx,3,DS,FALSE
180,BWBSwk2,BWBSwk2/103,At,3,At,2,DS,FALSE
181,BWBSwk2,BWBSwk2/103,Pli,1,Pl,1,DS,FALSE
182,BWBSwk2,BWBSwk2/103,Sb,3,Sb,3,DS,FALSE
183,BWBSwk2,BWBSwk2/103,Sw,3,Sx,1,DS,FALSE
184,BWBSwk2,BWBSwk2/104,At,3,At,3,DS,FALSE
185,BWBSwk2,BWBSwk2/104,Pli,2,Pl,2,DS,FALSE
186,BWBSwk2,BWBSwk2/104,Sw,2,Sx,2,DS,FALSE
187,BWBSwk2,BWBSwk2/110,Acb,3,Ac,3,DS,FALSE
188,BWBSwk2,BWBSwk2/110,At,3,At,3,DS,FALSE
189,BWBSwk2,BWBSwk2/110,Ep,3,Ep,3,DS,FALSE
190,BWBSwk2,BWBSwk2/110,Pli,2,Pl,2,DS,FALSE
191,BWBSwk2,BWBSwk2/110,Sw,1,Sx,1,DS,FALSE
192,BWBSwk2,BWBSwk2/111,Acb,3,Ac,3,DS,FALSE
193,BWBSwk2,BWBSwk2/111,Pli,2,Pl,2,DS,FALSE
194,BWBSwk2,BWBSwk2/111,Sw,1,Sx,1,DS,FALSE
195,BWBSwk3,BWBSwk3/101,Acb,3,Ac,3,DS,FALSE
196,BWBSwk3,BWBSwk3/101,At,3,At,3,DS,FALSE
197,BWBSwk3,BWBSwk3/101,Bl,2,Bl,1,DS,FALSE
198,BWBSwk3,BWBSwk3/101,Ep,3,Ep,3,DS,FALSE
199,BWBSwk3,BWBSwk3/101,Pli,2,Pl,2,DS,FALSE
200,BWBSwk3,BWBSwk3/101,Sb,3,Sb,3,DS,FALSE
201,BWBSwk3,BWBSwk3/101,Sw,1,Sx,1,DS,FALSE
202,BWBSwk3,BWBSwk3/101,Sw,1,Sx,1,DS,FALSE
203,BWBSwk3,BWBSwk3/102,At,3,At,3,DS,FALSE
204,BWBSwk3,BWBSwk3/102,Bl,3,Bl,3,DS,FALSE
205,BWBSwk3,BWBSwk3/102,Pli,3,Pl,2,DS,FALSE
206,BWBSwk3,BWBSwk3/102,Sb,3,Sb,3,DS,FALSE
207,BWBSwk3,BWBSwk3/102,Sw,2,Sx,3,DS,FALSE
208,BWBSwk3,BWBSwk3/103,At,3,At,3,DS,FALSE
209,BWBSwk3,BWBSwk3/103,Bl,3,Bl,3,DS,FALSE
210,BWBSwk3,BWBSwk3/103,Pli,3,Pl,2,DS,FALSE
211,BWBSwk3,BWBSwk3/103,Sb,2,Sb,2,DS,FALSE
212,BWBSwk3,BWBSwk3/103,Sw,2,Sx,3,DS,FALSE
213,BWBSwk3,BWBSwk3/103,Sw,2,Sx,3,DS,FALSE
214,BWBSwk3,BWBSwk3/110,Acb,3,Ac,3,DS,FALSE
215,BWBSwk3,BWBSwk3/110,Bl,2,Bl,2,DS,FALSE
216,BWBSwk3,BWBSwk3/110,Pli,3,Pl,3,DS,FALSE
217,BWBSwk3,BWBSwk3/110,Sb,2,Sb,3,DS,FALSE
218,BWBSwk3,BWBSwk3/110,Sw,1,Sx,1,DS,FALSE
219,BWBSwk3,BWBSwk3/110,Sw,1,Sx,1,DS,FALSE
220,BWBSwk3,BWBSwk3/111,Acb,3,Ac,3,DS,FALSE
221,BWBSwk3,BWBSwk3/111,Pli,2,Pl,2,DS,FALSE
222,BWBSwk3,BWBSwk3/111,Sb,2,Sb,2,DS,FALSE
223,CDFmm,CDFmm/101,Fdc,1,Fd,1,DVM,FALSE
224,CDFmm,CDFmm/101,Bg,3,Bg,2,DVM,FALSE
225,CDFmm,CDFmm/101,Mb,2,Mb,2,DVM,FALSE
226,CDFmm,CDFmm/101,Cw,3,Cw,3,DVM,FALSE
227,CDFmm,CDFmm/101,Dr,3,Dr,3,DVM,FALSE
228,CDFmm,CDFmm/101,Gp,NA,Gp,3,DVM,FALSE
229,CDFmm,CDFmm/101,Kc,NA,Kc,3,DVM,FALSE
230,CDFmm,CDFmm/101,Plc,3,Pl,3,DVM,FALSE
231,CDFmm,CDFmm/101,Qg,5,Qg,3,DVM,FALSE
232,CDFmm,CDFmm/101,Ra,2,Ra,3,DVM,FALSE
233,CDFmm,CDFmm/101,Tw,NA,Tw,3,DVM,FALSE
234,CDFmm,CDFmm/101,Pw,3,Pw,5,DVM,FALSE
235,CDFmm,CDFmm/102,Ra,2,Ra,2,DVM,FALSE
236,CDFmm,CDFmm/102,Fdc,3,Fd,3,DVM,FALSE
237,CDFmm,CDFmm/102,Js,NA,Js,3,DVM,FALSE
238,CDFmm,CDFmm/102,Plc,3,Pl,3,DVM,FALSE
239,CDFmm,CDFmm/102,Qg,3,Qg,3,DVM,FALSE
240,CDFmm,CDFmm/102.1,Ra,NA,Ra,2,DVM,FALSE
241,CDFmm,CDFmm/102.1,Fd,NA,Fd,3,DVM,FALSE
242,CDFmm,CDFmm/102.1,Js,NA,Js,3,DVM,FALSE
243,CDFmm,CDFmm/102.1,Pl,NA,Pl,3,DVM,FALSE
244,CDFmm,CDFmm/102.1,Qg,NA,Qg,3,DVM,FALSE
245,CDFmm,CDFmm/102.2,Ra,NA,Ra,2,DVM,FALSE
246,CDFmm,CDFmm/102.2,Fd,NA,Fd,3,DVM,FALSE
247,CDFmm,CDFmm/102.2,Js,NA,Js,3,DVM,FALSE
248,CDFmm,CDFmm/102.2,Pl,NA,Pl,3,DVM,FALSE
249,CDFmm,CDFmm/102.2,Qg,NA,Qg,3,DVM,FALSE
250,CDFmm,CDFmm/103,Qg,3,Qg,2,DVM,FALSE
251,CDFmm,CDFmm/103,Ra,2,Ra,2,DVM,FALSE
252,CDFmm,CDFmm/103,Fdc,3,Fd,3,DVM,FALSE
253,CDFmm,CDFmm/103,Plc,3,Pl,3,DVM,FALSE
254,CDFmm,CDFmm/104,Fdc,3,Fd,2,DVM,FALSE
255,CDFmm,CDFmm/104,Ra,2,Ra,2,DVM,FALSE
256,CDFmm,CDFmm/104,Plc,3,Pl,3,DVM,FALSE
257,CDFmm,CDFmm/104,Qg,3,Qg,3,DVM,FALSE
258,CDFmm,CDFmm/105,Fdc,1,Fd,1,DVM,FALSE
259,CDFmm,CDFmm/105,Qg,2,Qg,2,DVM,FALSE
260,CDFmm,CDFmm/105,Ra,3,Ra,2,DVM,FALSE
261,CDFmm,CDFmm/105,Plc,3,Pl,3,DVM,FALSE
262,CDFmm,CDFmm/106,Qg,2,Qg,1,DVM,FALSE
263,CDFmm,CDFmm/106,Fdc,1,Fd,2,DVM,FALSE
264,CDFmm,CDFmm/106,Plc,3,Pl,3,DVM,FALSE
265,CDFmm,CDFmm/106,Ra,3,Ra,3,DVM,FALSE
266,CDFmm,CDFmm/110,Fdc,1,Fd,1,DVM,FALSE
267,CDFmm,CDFmm/110,Bg,2,Bg,2,DVM,FALSE
268,CDFmm,CDFmm/110,Cw,2,Cw,2,DVM,FALSE
269,CDFmm,CDFmm/110,Dr,3,Dr,2,DVM,FALSE
270,CDFmm,CDFmm/110,Mb,2,Mb,2,DVM,FALSE
271,CDFmm,CDFmm/110,Ac,3,Ac,3,DVM,FALSE
272,CDFmm,CDFmm/110,Gp,NA,Gp,3,DVM,FALSE
273,CDFmm,CDFmm/110,Hw,NA,Hw,3,DVM,FALSE
274,CDFmm,CDFmm/110,Kc,NA,Kc,3,DVM,FALSE
275,CDFmm,CDFmm/110,Qg,3,Qg,3,DVM,FALSE
276,CDFmm,CDFmm/110,Ra,3,Ra,3,DVM,FALSE
277,CDFmm,CDFmm/110,Tw,NA,Tw,3,DVM,FALSE
278,CDFmm,CDFmm/110,Pw,3,Pw,5,DVM,FALSE
279,CDFmm,CDFmm/111,Fdc,1,Fd,1,DVM,FALSE
280,CDFmm,CDFmm/111,Cw,2,Cw,2,DVM,FALSE
281,CDFmm,CDFmm/111,Ac,3,Ac,3,DVM,FALSE
282,CDFmm,CDFmm/111,Dr,3,Dr,3,DVM,FALSE
283,CDFmm,CDFmm/111,Hw,3,Hw,3,DVM,FALSE
284,CDFmm,CDFmm/111,Mb,3,Mb,3,DVM,FALSE
285,CDFmm,CDFmm/111,Plc,3,Pl,3,DVM,FALSE
286,CDFmm,CDFmm/111,Tw,NA,Tw,3,DVM,FALSE
287,CDFmm,CDFmm/111,Pw,3,Pw,5,DVM,FALSE
288,CDFmm,CDFmm/111,Qg,5,Qg,5,DVM,FALSE
289,CDFmm,CDFmm/111,Ra,5,Ra,5,DVM,FALSE
290,CDFmm,CDFmm/112,Bg,1,Bg,1,DVM,FALSE
291,CDFmm,CDFmm/112,Cw,1,Cw,1,DVM,FALSE
292,CDFmm,CDFmm/112,Fdc,1,Fd,1,DVM,FALSE
293,CDFmm,CDFmm/112,Mb,2,Mb,1,DVM,FALSE
294,CDFmm,CDFmm/112,Ac,1,Ac,2,DVM,FALSE
295,CDFmm,CDFmm/112,Dr,2,Dr,2,DVM,FALSE
296,CDFmm,CDFmm/112,Gp,NA,Gp,3,DVM,FALSE
297,CDFmm,CDFmm/112,Hw,3,Hw,3,DVM,FALSE
298,CDFmm,CDFmm/112,Kc,NA,Kc,3,DVM,FALSE
299,CDFmm,CDFmm/112,Tw,NA,Tw,3,DVM,FALSE
300,CDFmm,CDFmm/112,Pw,3,Pw,5,DVM,FALSE
301,CDFmm,CDFmm/112,Qg,5,Qg,5,DVM,FALSE
302,CDFmm,CDFmm/112,Ra,5,Ra,5,DVM,FALSE
303,CDFmm,CDFmm/112a,Bg,1,Bg,1,DVM,FALSE
304,CDFmm,CDFmm/112a,Cw,1,Cw,1,DVM,FALSE
305,CDFmm,CDFmm/112a,Fdc,1,Fd,1,DVM,FALSE
306,CDFmm,CDFmm/112a,Mb,2,Mb,1,DVM,FALSE
307,CDFmm,CDFmm/112a,Ac,1,Ac,2,DVM,FALSE
308,CDFmm,CDFmm/112a,Dr,2,Dr,2,DVM,FALSE
309,CDFmm,CDFmm/112a,Gp,NA,Gp,3,DVM,FALSE
310,CDFmm,CDFmm/112a,Hw,3,Hw,3,DVM,FALSE
311,CDFmm,CDFmm/112a,Kc,NA,Kc,3,DVM,FALSE
312,CDFmm,CDFmm/112a,Tw,NA,Tw,3,DVM,FALSE
313,CDFmm,CDFmm/112a,Pw,3,Pw,5,DVM,FALSE
314,CDFmm,CDFmm/112a,Qg,5,Qg,5,DVM,FALSE
315,CDFmm,CDFmm/112a,Ra,5,Ra,5,DVM,FALSE
316,CDFmm,CDFmm/112b,Ac,1,Ac,1,DVM,FALSE
317,CDFmm,CDFmm/112b,Bg,1,Bg,1,DVM,FALSE
318,CDFmm,CDFmm/112b,Cw,1,Cw,1,DVM,FALSE
319,CDFmm,CDFmm/112b,Mb,2,Mb,1,DVM,FALSE
320,CDFmm,CDFmm/112b,Dr,2,Dr,2,DVM,FALSE
321,CDFmm,CDFmm/112b,Fdc,1,Fd,2,DVM,FALSE
322,CDFmm,CDFmm/112b,Gp,NA,Gp,3,DVM,FALSE
323,CDFmm,CDFmm/112b,Hw,3,Hw,3,DVM,FALSE
324,CDFmm,CDFmm/112b,Kc,NA,Kc,3,DVM,FALSE
325,CDFmm,CDFmm/112b,Tw,NA,Tw,3,DVM,FALSE
326,CDFmm,CDFmm/112b,Pw,3,Pw,5,DVM,FALSE
327,CDFmm,CDFmm/112b,Qg,5,Qg,5,DVM,FALSE
328,CDFmm,CDFmm/112b,Ra,5,Ra,5,DVM,FALSE
329,CDFmm,CDFmm/Fl51,Dr,1,Dr,1,DVM,FALSE
330,CDFmm,CDFmm/Fl51,Ac,2,Ac,2,DVM,FALSE
331,CDFmm,CDFmm/Fl51,Mb,3,Mb,3,SAS-HAK,FALSE
332,CDFmm,CDFmm/Fm51,Ac,NA,Ac,1,DVM,NA
333,CDFmm,CDFmm/Fm51,Dr,NA,Dr,1,DVM,NA
334,CDFmm,CDFmm/Fm51,Mb,NA,Mb,1,DVM,NA
335,CDFmm,CDFmm/Fm51,Bg,NA,Bg,2,DVM,NA
336,CDFmm,CDFmm/Fm51,Cw,NA,Cw,2,DVM,NA
337,CDFmm,CDFmm/Fm51,Hw,NA,Hw,3,DVM,NA
338,CDFmm,CDFmm/Fm51,Qg,NA,Qg,5,DVM,NA
339,CDFmm,CDFmm/Fm51,Ra,NA,Ra,5,DVM,NA
340,CDFmm,CDFmm/Fm52,Ac,1,Ac,1,DVM,FALSE
341,CDFmm,CDFmm/Fm52,Bg,1,Bg,1,DVM,FALSE
342,CDFmm,CDFmm/Fm52,Cw,1,Cw,1,DVM,FALSE
343,CDFmm,CDFmm/Fm52,Dr,1,Dr,1,DVM,FALSE
344,CDFmm,CDFmm/Fm52,Mb,2,Mb,2,DVM,FALSE
345,CDFmm,CDFmm/Fm52,Hw,3,Hw,3,DVM,FALSE
346,CDFmm,CDFmm/Fm52,Fdc,1,Fd,5,DVM,FALSE
347,CDFmm,CDFmm/Fm52,Qg,5,Qg,5,DVM,FALSE
348,CDFmm,CDFmm/Fm52,Ra,5,Ra,5,DVM,FALSE
349,CDFmm,CDFmm/Gg,X,NA,X,NA,VC,FALSE
350,CDFmm,CDFmm/Ro,X,NA,X,NA,VC,FALSE
351,CDFmm,CDFmm/Wb55,Plc,2,Pl,2,DVM,FALSE
352,CDFmm,CDFmm/Wb55,Cw,3,Cw,3,DVM,FALSE
353,CDFmm,CDFmm/Wb55,Ep,NA,Ep,3,DVM,FALSE
354,CDFmm,CDFmm/Wb55,Hw,3,Hw,3,DVM,FALSE
355,CDFmm,CDFmm/Wf,X,NA,X,NA,VC,FALSE
356,CDFmm,CDFmm/Wm,X,NA,X,NA,VC,FALSE
357,CDFmm,CDFmm/Ws53,Cw,1,Cw,1,DVM,FALSE
358,CDFmm,CDFmm/Ws53,Dr,1,Dr,1,DVM,FALSE
359,CDFmm,CDFmm/Ws53,Mb,2,Mb,2,DVM,FALSE
360,CDFmm,CDFmm/Ws53,Ac,3,Ac,3,DVM,FALSE
361,CDFmm,CDFmm/Ws53,Hw,3,Hw,3,DVM,FALSE
362,CDFmm,CDFmm/Ws53,,NA,Ss,3,DVM,FALSE
363,CDFmm,CDFmm/Ws61,Cw,1,Cw,1,DVM,FALSE
364,CDFmm,CDFmm/Ws61,Dr,1,Dr,1,DVM,FALSE
365,CDFmm,CDFmm/Ws61,Ac,1,Ac,2,DVM,FALSE
366,CDFmm,CDFmm/Ws61,Bg,2,Bg,2,DVM,FALSE
367,CDFmm,CDFmm/Ws61,At,NA,At,3,DVM,FALSE
368,CDFmm,CDFmm/Ws61,Hw,3,Hw,5,DVM,FALSE
369,CDFmm,CDFmm/Ws61,Mb,5,Mb,5,DVM,FALSE
370,CDFmm,CDFmm/Ws62,Cw,1,Cw,1,DVM,FALSE
371,CDFmm,CDFmm/Ws62,Ac,1,Ac,2,DVM,FALSE
372,CDFmm,CDFmm/Ws62,At,NA,At,2,DVM,FALSE
373,CDFmm,CDFmm/Ws62,Bg,2,Bg,2,DVM,FALSE
374,CDFmm,CDFmm/Ws62,Dr,1,Dr,2,DVM,FALSE
375,CDFmm,CDFmm/Ws62,Up,NA,Up,2,DVM,FALSE
376,CDFmm,CDFmm/Ws62,Kc,NA,Kc,3,DVM,FALSE
377,CDFmm,CDFmm/Ws62,Hw,3,Hw,5,DVM,FALSE
378,CDFmm,CDFmm/Ws62,Mb,5,Mb,5,DVM,FALSE
379,CWHdm1,CWHdm1/101,Fdc,1,Fd,1,DVM,FALSE
380,CWHdm1,CWHdm1/101,Cw,2,Cw,2,DVM,FALSE
381,CWHdm1,CWHdm1/101,Dr,2,Dr,2,DVM,FALSE
382,CWHdm1,CWHdm1/101,Hw,2,Hw,2,DVM,FALSE
383,CWHdm1,CWHdm1/101,Mb,2,Mb,2,DVM,FALSE
384,CWHdm1,CWHdm1/101,Ac,3,Ac,3,DVM,FALSE
385,CWHdm1,CWHdm1/101,Bg,3,Bg,3,DVM,FALSE
386,CWHdm1,CWHdm1/101,Gp,NA,Gp,3,DVM,FALSE
387,CWHdm1,CWHdm1/101,Kc,NA,Kc,3,DVM,FALSE
388,CWHdm1,CWHdm1/101,Plc,NA,Pl,3,DVM,FALSE
389,CWHdm1,CWHdm1/101,Pw,3,Pw,3,DVM,FALSE
390,CWHdm1,CWHdm1/101,Ep,3,Ep,5,DVM,FALSE
391,CWHdm1,CWHdm1/101,Ra,5,Ra,5,DVM,FALSE
392,CWHdm1,CWHdm1/101a,Fdc,1,Fd,1,DVM,FALSE
393,CWHdm1,CWHdm1/101a,Cw,2,Cw,2,DVM,FALSE
394,CWHdm1,CWHdm1/101a,Dr,2,Dr,2,DVM,FALSE
395,CWHdm1,CWHdm1/101a,Hw,2,Hw,2,DVM,FALSE
396,CWHdm1,CWHdm1/101a,Mb,2,Mb,2,DVM,FALSE
397,CWHdm1,CWHdm1/101a,Ac,3,Ac,3,DVM,FALSE
398,CWHdm1,CWHdm1/101a,Bg,3,Bg,3,DVM,FALSE
399,CWHdm1,CWHdm1/101a,Gp,NA,Gp,3,DVM,FALSE
400,CWHdm1,CWHdm1/101a,Kc,NA,Kc,3,DVM,FALSE
401,CWHdm1,CWHdm1/101a,Plc,NA,Pl,3,DVM,FALSE
402,CWHdm1,CWHdm1/101a,Pw,3,Pw,3,DVM,FALSE
403,CWHdm1,CWHdm1/101a,Ep,3,Ep,5,DVM,FALSE
404,CWHdm1,CWHdm1/101a,Ra,5,Ra,5,DVM,FALSE
405,CWHdm1,CWHdm1/101b,Fdc,1,Fd,1,DVM,FALSE
406,CWHdm1,CWHdm1/101b,Cw,2,Cw,2,DVM,FALSE
407,CWHdm1,CWHdm1/101b,Dr,2,Dr,2,DVM,FALSE
408,CWHdm1,CWHdm1/101b,Hw,2,Hw,2,DVM,FALSE
409,CWHdm1,CWHdm1/101b,Mb,2,Mb,2,DVM,FALSE
410,CWHdm1,CWHdm1/101b,Plc,NA,Pl,2,DVM,FALSE
411,CWHdm1,CWHdm1/101b,Ac,3,Ac,3,DVM,FALSE
412,CWHdm1,CWHdm1/101b,Bg,3,Bg,3,DVM,FALSE
413,CWHdm1,CWHdm1/101b,Gp,NA,Gp,3,DVM,FALSE
414,CWHdm1,CWHdm1/101b,Kc,NA,Kc,3,DVM,FALSE
415,CWHdm1,CWHdm1/101b,Pw,3,Pw,3,DVM,FALSE
416,CWHdm1,CWHdm1/101b,Ep,3,Ep,5,DVM,FALSE
417,CWHdm1,CWHdm1/101b,Ra,5,Ra,5,DVM,FALSE
418,CWHdm1,CWHdm1/102,Fdc,3,Fd,2,DVM,FALSE
419,CWHdm1,CWHdm1/102,Ra,2,Ra,2,DVM,FALSE
420,CWHdm1,CWHdm1/102,Plc,3,Pl,3,DVM,FALSE
421,CWHdm1,CWHdm1/102,Qg,3,Qg,3,DVM,FALSE
422,CWHdm1,CWHdm1/103,Fdc,1,Fd,1,DVM,FALSE
423,CWHdm1,CWHdm1/103,Mb,2,Mb,2,DVM,FALSE
424,CWHdm1,CWHdm1/103,Plc,2,Pl,2,DVM,FALSE
425,CWHdm1,CWHdm1/103,Bg,NA,Bg,3,DVM,FALSE
426,CWHdm1,CWHdm1/103,Cw,3,Cw,3,DVM,FALSE
427,CWHdm1,CWHdm1/103,Dr,3,Dr,3,DVM,FALSE
428,CWHdm1,CWHdm1/103,Gp,NA,Gp,3,DVM,FALSE
429,CWHdm1,CWHdm1/103,Hw,3,Hw,3,DVM,FALSE
430,CWHdm1,CWHdm1/103,Kc,NA,Kc,3,DVM,FALSE
431,CWHdm1,CWHdm1/103,Lw,3,Lw,3,SAS-HAK,FALSE
432,CWHdm1,CWHdm1/103,Pw,3,Pw,3,DVM,FALSE
433,CWHdm1,CWHdm1/103,Ra,3,Ra,3,DVM,FALSE
434,CWHdm1,CWHdm1/103,Tw,NA,Tw,3,DVM,FALSE
435,CWHdm1,CWHdm1/103,Ac,4,Ac,4,DVM,FALSE
436,CWHdm1,CWHdm1/103,Ep,3,Ep,5,DVM,FALSE
437,CWHdm1,CWHdm1/104,Fdc,1,Fd,1,DVM,FALSE
438,CWHdm1,CWHdm1/104,Cw,3,Cw,2,DVM,FALSE
439,CWHdm1,CWHdm1/104,Mb,2,Mb,2,DVM,FALSE
440,CWHdm1,CWHdm1/104,Bg,NA,Bg,3,DVM,FALSE
441,CWHdm1,CWHdm1/104,Dr,3,Dr,3,DVM,FALSE
442,CWHdm1,CWHdm1/104,Hw,3,Hw,3,DVM,FALSE
443,CWHdm1,CWHdm1/104,Kc,NA,Kc,3,DVM,FALSE
444,CWHdm1,CWHdm1/104,Lw,3,Lw,3,SAS-HAK,FALSE
445,CWHdm1,CWHdm1/104,Pw,3,Pw,3,SAS-HAK,FALSE
446,CWHdm1,CWHdm1/104,Ra,NA,Ra,3,DVM,FALSE
447,CWHdm1,CWHdm1/104,Ac,4,Ac,4,DVM,FALSE
448,CWHdm1,CWHdm1/104,Ep,3,Ep,5,DVM,FALSE
449,CWHdm1,CWHdm1/110,Fdc,1,Fd,1,DVM,FALSE
450,CWHdm1,CWHdm1/110,Ac,2,Ac,2,DVM,FALSE
451,CWHdm1,CWHdm1/110,Bg,2,Bg,2,DVM,FALSE
452,CWHdm1,CWHdm1/110,Cw,2,Cw,2,DVM,FALSE
453,CWHdm1,CWHdm1/110,Dr,2,Dr,2,DVM,FALSE
454,CWHdm1,CWHdm1/110,Hw,2,Hw,2,DVM,FALSE
455,CWHdm1,CWHdm1/110,Mb,2,Mb,2,DVM,FALSE
456,CWHdm1,CWHdm1/110,Pw,2,Pw,2,DVM,FALSE
457,CWHdm1,CWHdm1/110,Vb,NA,Vb,3,DVM,FALSE
458,CWHdm1,CWHdm1/110,Ep,3,Ep,5,DVM,FALSE
459,CWHdm1,CWHdm1/111,Cw,1,Cw,1,DVM,FALSE
460,CWHdm1,CWHdm1/111,Fdc,1,Fd,1,DVM,FALSE
461,CWHdm1,CWHdm1/111,Hw,1,Hw,1,DVM,FALSE
462,CWHdm1,CWHdm1/111,Dr,2,Dr,2,DVM,FALSE
463,CWHdm1,CWHdm1/111,Mb,2,Mb,2,DVM,FALSE
464,CWHdm1,CWHdm1/111,Ac,3,Ac,3,DVM,FALSE
465,CWHdm1,CWHdm1/111,Bg,3,Bg,3,DVM,FALSE
466,CWHdm1,CWHdm1/111,Kc,NA,Kc,3,DVM,FALSE
467,CWHdm1,CWHdm1/111,Ep,3,Ep,5,DVM,FALSE
468,CWHdm1,CWHdm1/112,Ac,1,Ac,1,DVM,FALSE
469,CWHdm1,CWHdm1/112,Bg,1,Bg,1,DVM,FALSE
470,CWHdm1,CWHdm1/112,Cw,1,Cw,1,DVM,FALSE
471,CWHdm1,CWHdm1/112,Fdc,1,Fd,1,DVM,FALSE
472,CWHdm1,CWHdm1/112,Hw,2,Hw,1,DVM,FALSE
473,CWHdm1,CWHdm1/112,Mb,2,Mb,1,DVM,FALSE
474,CWHdm1,CWHdm1/112,Dr,2,Dr,2,DVM,FALSE
475,CWHdm1,CWHdm1/112,Pw,2,Pw,2,DVM,FALSE
476,CWHdm1,CWHdm1/112,Gp,NA,Gp,3,DVM,FALSE
477,CWHdm1,CWHdm1/112,Kc,NA,Kc,3,DVM,FALSE
478,CWHdm1,CWHdm1/112,Ss,NA,Ss,3,DVM,FALSE
479,CWHdm1,CWHdm1/112,Up,NA,Up,3,DVM,FALSE
480,CWHdm1,CWHdm1/112,Ep,3,Ep,5,DVM,FALSE
481,CWHdm1,CWHdm1/112a,Ac,1,Ac,1,DVM,FALSE
482,CWHdm1,CWHdm1/112a,Bg,1,Bg,1,DVM,FALSE
483,CWHdm1,CWHdm1/112a,Cw,1,Cw,1,DVM,FALSE
484,CWHdm1,CWHdm1/112a,Fdc,1,Fd,1,DVM,FALSE
485,CWHdm1,CWHdm1/112a,Hw,2,Hw,1,DVM,FALSE
486,CWHdm1,CWHdm1/112a,Mb,2,Mb,1,DVM,FALSE
487,CWHdm1,CWHdm1/112a,Dr,2,Dr,2,DVM,FALSE
488,CWHdm1,CWHdm1/112a,Pw,2,Pw,2,DVM,FALSE
489,CWHdm1,CWHdm1/112a,Gp,NA,Gp,3,DVM,FALSE
490,CWHdm1,CWHdm1/112a,Kc,NA,Kc,3,DVM,FALSE
491,CWHdm1,CWHdm1/112a,Ss,NA,Ss,3,DVM,FALSE
492,CWHdm1,CWHdm1/112a,Up,NA,Up,3,DVM,FALSE
493,CWHdm1,CWHdm1/112a,Ep,3,Ep,5,DVM,FALSE
494,CWHdm1,CWHdm1/112b,Ac,2,Ac,1,DVM,FALSE
495,CWHdm1,CWHdm1/112b,Cw,1,Cw,1,DVM,FALSE
496,CWHdm1,CWHdm1/112b,Dr,1,Dr,1,DVM,FALSE
497,CWHdm1,CWHdm1/112b,Hw,NA,Hw,1,DVM,FALSE
498,CWHdm1,CWHdm1/112b,Mb,2,Mb,1,DVM,FALSE
499,CWHdm1,CWHdm1/112b,Bg,2,Bg,2,DVM,FALSE
500,CWHdm1,CWHdm1/112b,Fdc,2,Fd,2,DVM,FALSE
501,CWHdm1,CWHdm1/112b,Gp,NA,Gp,3,DVM,FALSE
502,CWHdm1,CWHdm1/112b,Kc,NA,Kc,3,DVM,FALSE
503,CWHdm1,CWHdm1/112b,Up,NA,Up,3,DVM,FALSE
504,CWHdm1,CWHdm1/112b,Ep,3,Ep,5,DVM,FALSE
505,CWHdm1,CWHdm1/113,Ac,1,Ac,1,DVM,FALSE
506,CWHdm1,CWHdm1/113,Cw,1,Cw,1,DVM,FALSE
507,CWHdm1,CWHdm1/113,Dr,1,Dr,1,DVM,FALSE
508,CWHdm1,CWHdm1/113,Bg,1,Bg,2,DVM,FALSE
509,CWHdm1,CWHdm1/113,Hw,3,Hw,2,DVM,FALSE
510,CWHdm1,CWHdm1/113,Mb,2,Mb,2,DVM,FALSE
511,CWHdm1,CWHdm1/113,Ss,2,Ss,2,DVM,FALSE
512,CWHdm1,CWHdm1/113,Gp,NA,Gp,3,DVM,FALSE
513,CWHdm1,CWHdm1/113,Kc,NA,Kc,3,DVM,FALSE
514,CWHdm1,CWHdm1/113,Ep,3,Ep,5,DVM,FALSE
515,CWHdm1,CWHdm1/Fl51,Dr,1,Dr,1,SAS-HAK,FALSE
516,CWHdm1,CWHdm1/Fl51,Mb,3,Mb,3,SAS-HAK,FALSE
517,CWHdm1,CWHdm1/Fm51,Ac,1,Ac,1,DVM,FALSE
518,CWHdm1,CWHdm1/Fm51,Dr,1,Dr,1,DVM,FALSE
519,CWHdm1,CWHdm1/Fm51,Bg,2,Bg,2,DVM,FALSE
520,CWHdm1,CWHdm1/Fm51,Cw,2,Cw,2,DVM,FALSE
521,CWHdm1,CWHdm1/Fm51,Mb,2,Mb,2,DVM,FALSE
522,CWHdm1,CWHdm1/Fm51,Wp,NA,Wp,2,DVM,FALSE
523,CWHdm1,CWHdm1/Fm51,Wt,NA,Wt,2,DVM,FALSE
524,CWHdm1,CWHdm1/Fm51,Hw,3,Hw,3,DVM,FALSE
525,CWHdm1,CWHdm1/Fm51,Kc,NA,Kc,3,DVM,FALSE
526,CWHdm1,CWHdm1/Fm51,Ss,NA,Ss,3,DVM,FALSE
527,CWHdm1,CWHdm1/Fm51,Ep,3,Ep,5,DVM,FALSE
528,CWHdm1,CWHdm1/Fm52,Dr,1,Dr,1,DVM,FALSE
529,CWHdm1,CWHdm1/Fm52,Mb,2,Mb,1,DVM,FALSE
530,CWHdm1,CWHdm1/Fm52,Ac,1,Ac,2,DVM,FALSE
531,CWHdm1,CWHdm1/Fm52,Bg,2,Bg,2,DVM,FALSE
532,CWHdm1,CWHdm1/Fm52,Cw,2,Cw,2,DVM,FALSE
533,CWHdm1,CWHdm1/Fm52,Hw,3,Hw,2,DVM,FALSE
534,CWHdm1,CWHdm1/Fm52,Gp,NA,Gp,3,DVM,FALSE
535,CWHdm1,CWHdm1/Fm52,Kc,NA,Kc,3,DVM,FALSE
536,CWHdm1,CWHdm1/Fm52,Ss,NA,Ss,3,DVM,FALSE
537,CWHdm1,CWHdm1/Fm52,Ep,3,Ep,5,DVM,FALSE
538,CWHdm1,CWHdm1/Ro,X,NA,X,NA,VC,FALSE
539,CWHdm1,CWHdm1/Wb55,Plc,1,Pl,1,DVM,FALSE
540,CWHdm1,CWHdm1/Wb55,Hw,NA,Hw,2,DVM,FALSE
541,CWHdm1,CWHdm1/Wb55,Cw,3,Cw,3,DVM,FALSE
542,CWHdm1,CWHdm1/Wb55,Pw,NA,Pw,3,DVM,FALSE
543,CWHdm1,CWHdm1/Ws57,Cw,1,Cw,1,DVM,FALSE
544,CWHdm1,CWHdm1/Ws57,Dr,3,Dr,2,DVM,FALSE
545,CWHdm1,CWHdm1/Ws57,Hw,3,Hw,2,DVM,FALSE
546,CWHdm1,CWHdm1/Ws57,Mb,2,Mb,2,DVM,FALSE
547,CWHdm1,CWHdm1/Ws57,Ac,3,Ac,3,DVM,FALSE
548,CWHdm1,CWHdm1/Ws57,Kc,NA,Kc,3,DVM,FALSE
549,CWHdm1,CWHdm1/Ws57,Pw,3,Pw,3,DVM,FALSE
550,CWHdm1,CWHdm1/Ws57,Ss,3,Ss,3,DVM,FALSE
551,CWHdm1,CWHdm1/Ws57,Up,NA,Up,3,DVM,FALSE
552,CWHdm1,CWHdm1/Ws57,Ep,3,Ep,5,DVM,FALSE
553,CWHdm1,CWHdm1/Ws60,Ac,1,Ac,1,DVM,FALSE
554,CWHdm1,CWHdm1/Ws60,Cw,1,Cw,1,DVM,FALSE
555,CWHdm1,CWHdm1/Ws60,Dr,1,Dr,1,DVM,FALSE
556,CWHdm1,CWHdm1/Ws60,Ss,NA,Ss,2,DVM,FALSE
557,CWHdm1,CWHdm1/Ws60,Up,NA,Up,2,DVM,FALSE
558,CWHdm1,CWHdm1/Ws60,At,NA,At,3,DVM,FALSE
559,CWHdm1,CWHdm1/Ws60,Ep,3,Ep,5,DVM,FALSE
560,CWHdm1,CWHdm1/Ws60,Mb,5,Mb,5,DVM,FALSE
561,CWHdm1,CWHdm1/Ws61,Dr,1,Dr,1,DVM,FALSE
562,CWHdm1,CWHdm1/Ws61,Ac,1,Ac,2,DVM,FALSE
563,CWHdm1,CWHdm1/Ws61,Cw,1,Cw,2,DVM,FALSE
564,CWHdm1,CWHdm1/Ws61,Up,NA,Up,2,DVM,FALSE
565,CWHdm1,CWHdm1/Ws61,Ss,NA,Ss,3,DVM,FALSE
566,CWHdm1,CWHdm1/Ws61,Ep,3,Ep,5,DVM,FALSE
567,CWHdm1,CWHdm1/Ws61,Mb,5,Mb,5,DVM,FALSE
568,CWHdm1,CWHdm1/Ws62,Ac,1,Ac,1,DVM,FALSE
569,CWHdm1,CWHdm1/Ws62,At,NA,At,1,DVM,FALSE
570,CWHdm1,CWHdm1/Ws62,Cw,1,Cw,1,DVM,FALSE
571,CWHdm1,CWHdm1/Ws62,Dr,1,Dr,2,DVM,FALSE
572,CWHdm1,CWHdm1/Ws62,Up,NA,Up,2,DVM,FALSE
573,CWHdm1,CWHdm1/Ws62,Ss,NA,Ss,3,DVM,FALSE
574,CWHdm1,CWHdm1/Ws62,Wt,NA,Wt,3,DVM,FALSE
575,CWHdm1,CWHdm1/Ws62,Ep,3,Ep,5,DVM,FALSE
576,CWHdm1,CWHdm1/Ws62,Mb,5,Mb,5,DVM,FALSE
577,CWHdm1,CWHdm1/Wsxx,Cw,1,Cw,1,DVM,FALSE
578,CWHdm1,CWHdm1/Wsxx,Dr,1,Dr,1,DVM,FALSE
579,CWHdm1,CWHdm1/Wsxx,Ac,1,Ac,2,DVM,FALSE
580,CWHdm1,CWHdm1/Wsxx,Mb,2,Mb,2,DVM,FALSE
581,CWHdm1,CWHdm1/Wsxx,At,NA,At,3,DVM,FALSE
582,CWHdm1,CWHdm1/Wsxx,Bg,3,Bg,3,DVM,FALSE
583,CWHdm1,CWHdm1/Wsxx,Fdc,NA,Fd,3,DVM,FALSE
584,CWHdm1,CWHdm1/Wsxx,Hw,NA,Hw,3,DVM,FALSE
585,CWHdm1,CWHdm1/Wsxx,Kc,NA,Kc,3,DVM,FALSE
586,CWHdm1,CWHdm1/Wsxx,Pw,NA,Pw,3,DVM,FALSE
587,CWHdm1,CWHdm1/Wsxx,Ss,NA,Ss,3,DVM,FALSE
588,CWHdm1,CWHdm1/Wsxx,Up,NA,Up,3,DVM,FALSE
589,CWHdm1,CWHdm1/Wsxx,Wt,NA,Wt,3,DVM,FALSE
590,CWHdm1,CWHdm1/Wsxx,Ep,3,Ep,5,DVM,FALSE
591,CWHdm2,CWHdm2/101,Fdc,1,Fd,1,DVM,FALSE
592,CWHdm2,CWHdm2/101,Hw,1,Hw,1,DVM,FALSE
593,CWHdm2,CWHdm2/101,Cw,2,Cw,2,DVM,FALSE
594,CWHdm2,CWHdm2/101,Dr,2,Dr,2,DVM,FALSE
595,CWHdm2,CWHdm2/101,Mb,2,Mb,2,DVM,FALSE
596,CWHdm2,CWHdm2/101,Ac,3,Ac,3,DVM,FALSE
597,CWHdm2,CWHdm2/101,Bg,NA,Bg,3,DVM,FALSE
598,CWHdm2,CWHdm2/101,Ep,3,Ep,3,DVM,FALSE
599,CWHdm2,CWHdm2/101,Gp,NA,Gp,3,DVM,FALSE
600,CWHdm2,CWHdm2/101,Kc,NA,Kc,3,DVM,FALSE
601,CWHdm2,CWHdm2/101,Pw,3,Pw,3,DVM,FALSE
602,CWHdm2,CWHdm2/101,Ra,5,Ra,5,DVM,FALSE
603,CWHdm2,CWHdm2/102,Fdc,3,Fd,2,DVM,FALSE
604,CWHdm2,CWHdm2/102,Plc,3,Pl,2,DVM,FALSE
605,CWHdm2,CWHdm2/102,Pw,NA,Pw,3,DVM,FALSE
606,CWHdm2,CWHdm2/102,Ra,3,Ra,3,DVM,FALSE
607,CWHdm2,CWHdm2/102,Qg,5,Qg,5,DVM,FALSE
608,CWHdm2,CWHdm2/103,Fdc,3,Fd,2,DVM,FALSE
609,CWHdm2,CWHdm2/103,Plc,3,Pl,2,DVM,FALSE
610,CWHdm2,CWHdm2/103,Hw,NA,Hw,3,DVM,FALSE
611,CWHdm2,CWHdm2/103,Pw,NA,Pw,3,DVM,FALSE
612,CWHdm2,CWHdm2/103,Ra,3,Ra,3,DVM,FALSE
613,CWHdm2,CWHdm2/103,Qg,5,Qg,5,DVM,FALSE
614,CWHdm2,CWHdm2/104,Fdc,1,Fd,1,DVM,FALSE
615,CWHdm2,CWHdm2/104,Hw,2,Hw,2,DVM,FALSE
616,CWHdm2,CWHdm2/104,Mb,2,Mb,2,DVM,FALSE
617,CWHdm2,CWHdm2/104,Plc,2,Pl,2,DVM,FALSE
618,CWHdm2,CWHdm2/104,Ac,3,Ac,3,DVM,FALSE
619,CWHdm2,CWHdm2/104,Cw,3,Cw,3,DVM,FALSE
620,CWHdm2,CWHdm2/104,Dr,3,Dr,3,DVM,FALSE
621,CWHdm2,CWHdm2/104,Ep,3,Ep,3,SAS-HAK,FALSE
622,CWHdm2,CWHdm2/104,Gp,NA,Gp,3,DVM,FALSE
623,CWHdm2,CWHdm2/104,Lw,3,Lw,3,SAS-HAK,FALSE
624,CWHdm2,CWHdm2/104,Pw,3,Pw,3,DVM,FALSE
625,CWHdm2,CWHdm2/104,Ra,5,Ra,5,DVM,FALSE
626,CWHdm2,CWHdm2/105,Fdc,1,Fd,1,DVM,FALSE
627,CWHdm2,CWHdm2/105,Cw,3,Cw,2,DVM,FALSE
628,CWHdm2,CWHdm2/105,Hw,3,Hw,2,DVM,FALSE
629,CWHdm2,CWHdm2/105,Mb,2,Mb,2,DVM,FALSE
630,CWHdm2,CWHdm2/105,Ac,3,Ac,3,DVM,FALSE
631,CWHdm2,CWHdm2/105,Dr,3,Dr,3,DVM,FALSE
632,CWHdm2,CWHdm2/105,Ep,3,Ep,3,SAS-HAK,FALSE
633,CWHdm2,CWHdm2/105,Gp,NA,Gp,3,DVM,FALSE
634,CWHdm2,CWHdm2/105,Lw,3,Lw,3,SAS-HAK,FALSE
635,CWHdm2,CWHdm2/105,Pw,3,Pw,3,DVM,FALSE
636,CWHdm2,CWHdm2/110,Dr,1,Dr,1,DVM,FALSE
637,CWHdm2,CWHdm2/110,Fdc,2,Fd,1,DVM,FALSE
638,CWHdm2,CWHdm2/110,Hw,2,Hw,1,DVM,FALSE
639,CWHdm2,CWHdm2/110,Ac,2,Ac,2,DVM,FALSE
640,CWHdm2,CWHdm2/110,Bg,2,Bg,2,DVM,FALSE
641,CWHdm2,CWHdm2/110,Cw,2,Cw,2,DVM,FALSE
642,CWHdm2,CWHdm2/110,Mb,2,Mb,2,DVM,FALSE
643,CWHdm2,CWHdm2/110,Pw,2,Pw,2,DVM,FALSE
644,CWHdm2,CWHdm2/110,Gp,NA,Gp,3,DVM,FALSE
645,CWHdm2,CWHdm2/110,Kc,NA,Kc,3,DVM,FALSE
646,CWHdm2,CWHdm2/110,Tw,NA,Tw,3,DVM,FALSE
647,CWHdm2,CWHdm2/111,Cw,1,Cw,1,DVM,FALSE
648,CWHdm2,CWHdm2/111,Hw,1,Hw,1,DVM,FALSE
649,CWHdm2,CWHdm2/111,Dr,2,Dr,2,DVM,FALSE
650,CWHdm2,CWHdm2/111,Fdc,2,Fd,2,DVM,FALSE
651,CWHdm2,CWHdm2/111,Mb,2,Mb,2,DVM,FALSE
652,CWHdm2,CWHdm2/111,Ac,3,Ac,3,DVM,FALSE
653,CWHdm2,CWHdm2/111,Bg,3,Bg,3,SAS-HAK,FALSE
654,CWHdm2,CWHdm2/111,Ep,3,Ep,3,SAS-HAK,FALSE
655,CWHdm2,CWHdm2/111,Kc,NA,Kc,3,DVM,FALSE
656,CWHdm2,CWHdm2/111,Pw,3,Pw,3,DVM,FALSE
657,CWHdm2,CWHdm2/111,Tw,NA,Tw,3,DVM,FALSE
658,CWHdm2,CWHdm2/112,Cw,1,Cw,1,DVM,FALSE
659,CWHdm2,CWHdm2/112,Hw,2,Hw,1,DVM,FALSE
660,CWHdm2,CWHdm2/112,Mb,2,Mb,1,DVM,FALSE
661,CWHdm2,CWHdm2/112,Ac,1,Ac,2,DVM,FALSE
662,CWHdm2,CWHdm2/112,Bg,1,Bg,2,DVM,FALSE
663,CWHdm2,CWHdm2/112,Dr,2,Dr,2,DVM,FALSE
664,CWHdm2,CWHdm2/112,Fdc,2,Fd,2,DVM,FALSE
665,CWHdm2,CWHdm2/112,Pw,2,Pw,2,DVM,FALSE
666,CWHdm2,CWHdm2/112,Ep,3,Ep,3,SAS-HAK,FALSE
667,CWHdm2,CWHdm2/112,Gp,NA,Gp,3,DVM,FALSE
668,CWHdm2,CWHdm2/112.1,Cw,1,Cw,1,DVM,FALSE
669,CWHdm2,CWHdm2/112.1,Hw,2,Hw,1,DVM,FALSE
670,CWHdm2,CWHdm2/112.1,Mb,2,Mb,1,DVM,FALSE
671,CWHdm2,CWHdm2/112.1,Ac,1,Ac,2,DVM,FALSE
672,CWHdm2,CWHdm2/112.1,Bg,1,Bg,2,DVM,FALSE
673,CWHdm2,CWHdm2/112.1,Dr,2,Dr,2,DVM,FALSE
674,CWHdm2,CWHdm2/112.1,Fdc,2,Fd,2,DVM,FALSE
675,CWHdm2,CWHdm2/112.1,Pw,2,Pw,2,DVM,FALSE
676,CWHdm2,CWHdm2/112.1,Ep,3,Ep,3,SAS-HAK,FALSE
677,CWHdm2,CWHdm2/112.1,Gp,NA,Gp,3,DVM,FALSE
678,CWHdm2,CWHdm2/112.2,Cw,1,Cw,1,DVM,FALSE
679,CWHdm2,CWHdm2/112.2,Hw,2,Hw,1,DVM,FALSE
680,CWHdm2,CWHdm2/112.2,Mb,2,Mb,1,DVM,FALSE
681,CWHdm2,CWHdm2/112.2,Ac,1,Ac,2,DVM,FALSE
682,CWHdm2,CWHdm2/112.2,Bg,1,Bg,2,DVM,FALSE
683,CWHdm2,CWHdm2/112.2,Dr,2,Dr,2,DVM,FALSE
684,CWHdm2,CWHdm2/112.2,Pw,2,Pw,2,DVM,FALSE
685,CWHdm2,CWHdm2/112.2,Ep,3,Ep,3,SAS-HAK,FALSE
686,CWHdm2,CWHdm2/112.2,Fdc,2,Fd,3,DVM,FALSE
687,CWHdm2,CWHdm2/112.2,Gp,NA,Gp,3,DVM,FALSE
688,CWHdm2,CWHdm2/113,Cw,1,Cw,1,DVM,FALSE
689,CWHdm2,CWHdm2/113,Dr,1,Dr,1,DVM,FALSE
690,CWHdm2,CWHdm2/113,Ac,1,Ac,2,DVM,FALSE
691,CWHdm2,CWHdm2/113,Fdc,NA,Fd,2,DVM,FALSE
692,CWHdm2,CWHdm2/113,Mb,2,Mb,2,DVM,FALSE
693,CWHdm2,CWHdm2/113,Ss,2,Ss,2,DVM,FALSE
694,CWHdm2,CWHdm2/113,Bg,1,Bg,3,DVM,FALSE
695,CWHdm2,CWHdm2/113,Ep,3,Ep,3,SAS-HAK,FALSE
696,CWHdm2,CWHdm2/113,Hw,3,Hw,3,DVM,FALSE
697,CWHdm2,CWHdm2/113,Kc,NA,Kc,3,DVM,FALSE
698,CWHdm2,CWHdm2/113,Tw,NA,Tw,3,DVM,FALSE
699,CWHdm2,CWHdm2/Fl51,Dr,1,Dr,1,DVM,FALSE
700,CWHdm2,CWHdm2/Fl51,Ac,2,Ac,2,DVM,FALSE
701,CWHdm2,CWHdm2/Fl51,Ep,3,Ep,3,SAS-HAK,FALSE
702,CWHdm2,CWHdm2/Fl51,Mb,3,Mb,3,DVM,FALSE
703,CWHdm2,CWHdm2/Fl51,Ws,NA,Ws,3,DVM,FALSE
704,CWHdm2,CWHdm2/Fl51,Wt,NA,Wt,3,DVM,FALSE
705,CWHdm2,CWHdm2/Fm51,Ac,1,Ac,1,DVM,FALSE
706,CWHdm2,CWHdm2/Fm51,Dr,1,Dr,1,DVM,FALSE
707,CWHdm2,CWHdm2/Fm51,Cw,2,Cw,2,DVM,FALSE
708,CWHdm2,CWHdm2/Fm51,Mb,2,Mb,2,DVM,FALSE
709,CWHdm2,CWHdm2/Fm51,Wp,NA,Wp,2,SAS-HAK,FALSE
710,CWHdm2,CWHdm2/Fm51,Wt,NA,Wt,2,SAS-HAK,FALSE
711,CWHdm2,CWHdm2/Fm51,Bg,2,Bg,2,DVM,FALSE
712,CWHdm2,CWHdm2/Fm51,Hw,3,Hw,3,DVM,FALSE
713,CWHdm2,CWHdm2/Fm51,Kc,NA,Kc,3,DVM,FALSE
714,CWHdm2,CWHdm2/Fm51,Ss,NA,Ss,3,DVM,FALSE
715,CWHdm2,CWHdm2/Fm52,Dr,NA,Dr,1,SAS-HAK,FALSE
716,CWHdm2,CWHdm2/Fm52,Mb,NA,Mb,1,SAS-HAK,FALSE
717,CWHdm2,CWHdm2/Fm52,Ac,NA,Ac,2,SAS-HAK,FALSE
718,CWHdm2,CWHdm2/Fm52,Bg,NA,Bg,2,SAS-HAK,FALSE
719,CWHdm2,CWHdm2/Fm52,Cw,NA,Cw,2,SAS-HAK,FALSE
720,CWHdm2,CWHdm2/Fm52,Hw,NA,Hw,2,SAS-HAK,FALSE
721,CWHdm2,CWHdm2/Fm52,Gp,NA,Gp,3,SAS-HAK,FALSE
722,CWHdm2,CWHdm2/Fm52,Kc,NA,Kc,3,SAS-HAK,FALSE
723,CWHdm2,CWHdm2/Fm52,Ss,NA,Ss,3,SAS-HAK,FALSE
724,CWHdm2,CWHdm2/Fm52,Ep,NA,Ep,5,SAS-HAK,FALSE
725,CWHdm2,CWHdm2/Ro,X,NA,X,NA,VC,FALSE
726,CWHdm2,CWHdm2/Wb55,Plc,1,Pl,1,DVM,FALSE
727,CWHdm2,CWHdm2/Wb55,Hw,NA,Hw,2,DVM,FALSE
728,CWHdm2,CWHdm2/Wb55,Cw,3,Cw,3,DVM,FALSE
729,CWHdm2,CWHdm2/Ws,Ac,1,Ac,1,DVM,FALSE
730,CWHdm2,CWHdm2/Ws,Cw,1,Cw,1,DVM,FALSE
731,CWHdm2,CWHdm2/Ws,Dr,1,Dr,1,DVM,FALSE
732,CWHdm2,CWHdm2/Ws,Ep,3,Ep,3,SAS-HAK,FALSE
733,CWHdm2,CWHdm2/Ws,Hw,NA,Hw,3,DVM,FALSE
734,CWHdm2,CWHdm2/Ws,Up,NA,Up,3,DVM,FALSE
735,CWHdm2,CWHdm2/Ws,Mb,5,Mb,5,DVM,FALSE
736,CWHdm2,CWHdm2/Ws57,Cw,1,Cw,1,DVM,FALSE
737,CWHdm2,CWHdm2/Ws57,Dr,3,Dr,1,DVM,FALSE
738,CWHdm2,CWHdm2/Ws57,Hw,3,Hw,2,DVM,FALSE
739,CWHdm2,CWHdm2/Ws57,Ac,3,Ac,3,SAS-HAK,FALSE
740,CWHdm2,CWHdm2/Ws57,Ep,3,Ep,3,SAS-HAK,FALSE
741,CWHdm2,CWHdm2/Ws57,Mb,2,Mb,3,DVM,FALSE
742,CWHdm2,CWHdm2/Ws57,Pw,3,Pw,3,DVM,FALSE
743,CWHdm2,CWHdm2/Ws57,Ss,3,Ss,3,DVM,FALSE
744,CWHdm3,CWHdm3/101,Fdc,1,Fd,1,DVM,FALSE
745,CWHdm3,CWHdm3/101,Cw,2,Cw,2,DVM,FALSE
746,CWHdm3,CWHdm3/101,Dr,2,Dr,2,DVM,FALSE
747,CWHdm3,CWHdm3/101,Hw,2,Hw,2,DVM,FALSE
748,CWHdm3,CWHdm3/101,Mb,2,Mb,2,DVM,FALSE
749,CWHdm3,CWHdm3/101,Ac,3,Ac,3,DVM,FALSE
750,CWHdm3,CWHdm3/101,Ep,3,Ep,3,DVM,FALSE
751,CWHdm3,CWHdm3/101,Gp,NA,Gp,3,DVM,FALSE
752,CWHdm3,CWHdm3/101,Kc,NA,Kc,3,DVM,FALSE
753,CWHdm3,CWHdm3/101,Mv,NA,Mv,3,DVM,FALSE
754,CWHdm3,CWHdm3/101,Pw,3,Pw,3,DVM,FALSE
755,CWHdm3,CWHdm3/101,Tw,NA,Tw,3,DVM,FALSE
756,CWHdm3,CWHdm3/101,Ra,5,Ra,5,DVM,FALSE
757,CWHdm3,CWHdm3/102,Fdc,3,Fd,2,DVM,FALSE
758,CWHdm3,CWHdm3/102,Plc,3,Pl,2,DVM,FALSE
759,CWHdm3,CWHdm3/102,Cw,3,Cw,3,DVM,FALSE
760,CWHdm3,CWHdm3/102,Hw,NA,Hw,3,DVM,FALSE
761,CWHdm3,CWHdm3/102,Ra,3,Ra,3,SAS-HAK,FALSE
762,CWHdm3,CWHdm3/102,Mb,5,Mb,5,DVM,FALSE
763,CWHdm3,CWHdm3/102,Qg,5,Qg,5,DVM,FALSE
764,CWHdm3,CWHdm3/103,Fdc,1,Fd,1,DVM,FALSE
765,CWHdm3,CWHdm3/103,Cw,2,Cw,2,DVM,FALSE
766,CWHdm3,CWHdm3/103,Hw,2,Hw,2,DVM,FALSE
767,CWHdm3,CWHdm3/103,Dr,3,Dr,3,DVM,FALSE
768,CWHdm3,CWHdm3/103,Ep,3,Ep,3,DVM,FALSE
769,CWHdm3,CWHdm3/103,Gp,NA,Gp,3,DVM,FALSE
770,CWHdm3,CWHdm3/103,Kc,NA,Kc,3,DVM,FALSE
771,CWHdm3,CWHdm3/103,Lw,3,Lw,3,SAS-HAK,FALSE
772,CWHdm3,CWHdm3/103,Mb,3,Mb,3,DVM,FALSE
773,CWHdm3,CWHdm3/103,Mv,NA,Mv,3,DVM,FALSE
774,CWHdm3,CWHdm3/103,Plc,3,Pl,3,DVM,FALSE
775,CWHdm3,CWHdm3/103,Pw,NA,Pw,3,DVM,FALSE
776,CWHdm3,CWHdm3/103,Ra,3,Ra,3,DVM,FALSE
777,CWHdm3,CWHdm3/103,Tw,NA,Tw,3,DVM,FALSE
778,CWHdm3,CWHdm3/103,Vb,NA,Vb,3,DVM,FALSE
779,CWHdm3,CWHdm3/103,Ac,4,Ac,4,DVM,FALSE
780,CWHdm3,CWHdm3/104,Fdc,1,Fd,1,DVM,FALSE
781,CWHdm3,CWHdm3/104,Cw,2,Cw,2,DVM,FALSE
782,CWHdm3,CWHdm3/104,Dr,2,Dr,2,DVM,FALSE
783,CWHdm3,CWHdm3/104,Hw,NA,Hw,2,DVM,FALSE
784,CWHdm3,CWHdm3/104,Mb,2,Mb,2,DVM,FALSE
785,CWHdm3,CWHdm3/104,Ep,3,Ep,3,DVM,FALSE
786,CWHdm3,CWHdm3/104,Gp,NA,Gp,3,DVM,FALSE
787,CWHdm3,CWHdm3/104,Kc,NA,Kc,3,DVM,FALSE
788,CWHdm3,CWHdm3/104,Lw,3,Lw,3,SAS-HAK,FALSE
789,CWHdm3,CWHdm3/104,Mv,NA,Mv,3,DVM,FALSE
790,CWHdm3,CWHdm3/104,Pw,3,Pw,3,SAS-HAK,FALSE
791,CWHdm3,CWHdm3/104,Ac,4,Ac,4,DVM,FALSE
792,CWHdm3,CWHdm3/104,Qg,5,Qg,5,DVM,FALSE
793,CWHdm3,CWHdm3/104,Ra,5,Ra,5,DVM,FALSE
794,CWHdm3,CWHdm3/110,Cw,1,Cw,1,DVM,FALSE
795,CWHdm3,CWHdm3/110,Fdc,1,Fd,1,DVM,FALSE
796,CWHdm3,CWHdm3/110,Dr,2,Dr,2,DVM,FALSE
797,CWHdm3,CWHdm3/110,Hw,2,Hw,2,DVM,FALSE
798,CWHdm3,CWHdm3/110,Mb,2,Mb,2,DVM,FALSE
799,CWHdm3,CWHdm3/110,Mv,NA,Mv,2,DVM,FALSE
800,CWHdm3,CWHdm3/110,Ac,2,Ac,3,DVM,FALSE
801,CWHdm3,CWHdm3/110,Bg,3,Bg,3,DVM,FALSE
802,CWHdm3,CWHdm3/110,Ep,3,Ep,3,DVM,FALSE
803,CWHdm3,CWHdm3/110,Gp,NA,Gp,3,DVM,FALSE
804,CWHdm3,CWHdm3/110,Kc,NA,Kc,3,DVM,FALSE
805,CWHdm3,CWHdm3/110,Pw,3,Pw,3,SAS-HAK,FALSE
806,CWHdm3,CWHdm3/110,Tw,NA,Tw,3,DVM,FALSE
807,CWHdm3,CWHdm3/111,Cw,1,Cw,1,DVM,FALSE
808,CWHdm3,CWHdm3/111,Hw,1,Hw,1,DVM,FALSE
809,CWHdm3,CWHdm3/111,Ac,2,Ac,2,DVM,FALSE
810,CWHdm3,CWHdm3/111,Dr,2,Dr,2,DVM,FALSE
811,CWHdm3,CWHdm3/111,Fdc,2,Fd,2,DVM,FALSE
812,CWHdm3,CWHdm3/111,Ep,3,Ep,3,DVM,FALSE
813,CWHdm3,CWHdm3/111,Mb,3,Mb,3,DVM,FALSE
814,CWHdm3,CWHdm3/111,Mv,NA,Mv,3,DVM,FALSE
815,CWHdm3,CWHdm3/112,Cw,1,Cw,1,DVM,FALSE
816,CWHdm3,CWHdm3/112,Hw,1,Hw,1,DVM,FALSE
817,CWHdm3,CWHdm3/112,Ac,1,Ac,2,DVM,FALSE
818,CWHdm3,CWHdm3/112,Dr,2,Dr,2,DVM,FALSE
819,CWHdm3,CWHdm3/112,Fdc,2,Fd,2,DVM,FALSE
820,CWHdm3,CWHdm3/112,Mb,2,Mb,2,DVM,FALSE
821,CWHdm3,CWHdm3/112,Mv,NA,Mv,2,DVM,FALSE
822,CWHdm3,CWHdm3/112,Bg,1,Bg,3,DVM,FALSE
823,CWHdm3,CWHdm3/112,Ep,3,Ep,3,DVM,FALSE
824,CWHdm3,CWHdm3/112,Gp,NA,Gp,3,DVM,FALSE
825,CWHdm3,CWHdm3/112,Kc,NA,Kc,3,DVM,FALSE
826,CWHdm3,CWHdm3/112,Pw,3,Pw,3,SAS-HAK,FALSE
827,CWHdm3,CWHdm3/112,Tw,NA,Tw,3,DVM,FALSE
828,CWHdm3,CWHdm3/112,Vb,NA,Vb,3,DVM,FALSE
829,CWHdm3,CWHdm3/113,Ac,1,Ac,1,DVM,FALSE
830,CWHdm3,CWHdm3/113,Cw,1,Cw,1,DVM,FALSE
831,CWHdm3,CWHdm3/113,Dr,1,Dr,1,DVM,FALSE
832,CWHdm3,CWHdm3/113,Mb,2,Mb,1,DVM,FALSE
833,CWHdm3,CWHdm3/113,Bg,1,Bg,2,DVM,FALSE
834,CWHdm3,CWHdm3/113,Mv,NA,Mv,2,DVM,FALSE
835,CWHdm3,CWHdm3/113,Ss,2,Ss,2,DVM,FALSE
836,CWHdm3,CWHdm3/113,Ep,3,Ep,3,DVM,FALSE
837,CWHdm3,CWHdm3/113,Hw,2,Hw,3,DVM,FALSE
838,CWHdm3,CWHdm3/113,Kc,NA,Kc,3,DVM,FALSE
839,CWHdm3,CWHdm3/Fl50,Ac,2,Ac,1,DVM,FALSE
840,CWHdm3,CWHdm3/Fl50,Wt,NA,Wt,1,DVM,FALSE
841,CWHdm3,CWHdm3/Fl50,Dr,1,Dr,2,DVM,FALSE
842,CWHdm3,CWHdm3/Fl50,Ep,3,Ep,3,DVM,FALSE
843,CWHdm3,CWHdm3/Fl50,Mb,3,Mb,3,DVM,FALSE
844,CWHdm3,CWHdm3/Fl51,Dr,NA,Dr,1,SAS-HAK,NA
845,CWHdm3,CWHdm3/Fl51,Ac,NA,Ac,2,SAS-HAK,NA
846,CWHdm3,CWHdm3/Fl51,Ep,NA,Ep,3,SAS-HAK,NA
847,CWHdm3,CWHdm3/Fl51,Mb,NA,Mb,3,SAS-HAK,NA
848,CWHdm3,CWHdm3/Fl51,Ws,NA,Ws,3,SAS-HAK,NA
849,CWHdm3,CWHdm3/Fl51,Wt,NA,Wt,3,SAS-HAK,NA
850,CWHdm3,CWHdm3/Fm51,Ac,1,Ac,1,DVM,FALSE
851,CWHdm3,CWHdm3/Fm51,Cw,1,Cw,1,DVM,FALSE
852,CWHdm3,CWHdm3/Fm51,Dr,1,Dr,1,DVM,FALSE
853,CWHdm3,CWHdm3/Fm51,Mb,2,Mb,2,DVM,FALSE
854,CWHdm3,CWHdm3/Fm51,Bg,2,Bg,3,DVM,FALSE
855,CWHdm3,CWHdm3/Fm51,Ep,3,Ep,3,DVM,FALSE
856,CWHdm3,CWHdm3/Fm51,Ss,3,Ss,3,DVM,FALSE
857,CWHdm3,CWHdm3/Fm51,Wt,NA,Wt,3,DVM,FALSE
858,CWHdm3,CWHdm3/Ro,X,NA,X,NA,VC,FALSE
859,CWHdm3,CWHdm3/Wb55,Hw,NA,Hw,2,DVM,FALSE
860,CWHdm3,CWHdm3/Wb55,Plc,2,Pl,2,DVM,FALSE
861,CWHdm3,CWHdm3/Wb55,Cw,3,Cw,3,DVM,FALSE
862,CWHdm3,CWHdm3/Ws56,Cw,1,Cw,1,DVM,FALSE
863,CWHdm3,CWHdm3/Ws56,Dr,2,Dr,2,DVM,FALSE
864,CWHdm3,CWHdm3/Ws56,Hw,2,Hw,2,DVM,FALSE
865,CWHdm3,CWHdm3/Ws56,Ac,3,Ac,3,DVM,FALSE
866,CWHdm3,CWHdm3/Ws56,Ep,3,Ep,3,DVM,FALSE
867,CWHdm3,CWHdm3/Ws56,Mb,3,Mb,3,DVM,FALSE
868,CWHdm3,CWHdm3/Ws56,Pw,3,Pw,3,SAS-HAK,FALSE
869,CWHdm3,CWHdm3/Ws56,Ss,3,Ss,3,DVM,FALSE
870,CWHds1,CWHds1/101,Fdc,1,Fd,1,BG,FALSE
871,CWHds1,CWHds1/101,Cw,2,Cw,2,BG,FALSE
872,CWHds1,CWHds1/101,Hw,2,Hw,2,BG,FALSE
873,CWHds1,CWHds1/101,Act,3,Ac,3,BG,FALSE
874,CWHds1,CWHds1/101,Mb,2,Mb,3,BG,FALSE
875,CWHds1,CWHds1/101,Plc,2,Pl,3,BG,FALSE
876,CWHds1,CWHds1/101,Bg,3,Bg,3,BG,FALSE
877,CWHds1,CWHds1/101,Dr,3,Dr,3,BG,FALSE
878,CWHds1,CWHds1/101,Ep,3,Ep,3,BG,FALSE
879,CWHds1,CWHds1/101,Lw,3,Lw,3,BG,TRUE
880,CWHds1,CWHds1/101,Pw,3,Pw,3,BG,FALSE
881,CWHds1,CWHds1/101,Sxw,NA,Sx,3,BG,FALSE
882,CWHds1,CWHds1/101,Pyc,4,Py,4,BG,TRUE
883,CWHds1,CWHds1/101a,Fdc,1,Fd,1,BG,FALSE
884,CWHds1,CWHds1/101a,Cw,2,Cw,2,BG,FALSE
885,CWHds1,CWHds1/101a,Hw,2,Hw,2,BG,FALSE
886,CWHds1,CWHds1/101a,Act,3,Ac,3,BG,FALSE
887,CWHds1,CWHds1/101a,Mb,2,Mb,3,BG,FALSE
888,CWHds1,CWHds1/101a,Plc,2,Pl,3,BG,FALSE
889,CWHds1,CWHds1/101a,Bg,3,Bg,3,BG,FALSE
890,CWHds1,CWHds1/101a,Dr,3,Dr,3,BG,FALSE
891,CWHds1,CWHds1/101a,Ep,3,Ep,3,BG,FALSE
892,CWHds1,CWHds1/101a,Pw,3,Pw,3,BG,FALSE
893,CWHds1,CWHds1/101a,Sxw,NA,Sx,3,BG,FALSE
894,CWHds1,CWHds1/101a,Lw,3,Lw,3,BG,TRUE
895,CWHds1,CWHds1/101a,Pyc,4,Py,4,BG,TRUE
896,CWHds1,CWHds1/101b,Fdc,1,Fd,1,BG,FALSE
897,CWHds1,CWHds1/101b,Plc,2,Pl,2,BG,FALSE
898,CWHds1,CWHds1/101b,Cw,3,Cw,3,BG,FALSE
899,CWHds1,CWHds1/101b,Hw,3,Hw,3,BG,FALSE
900,CWHds1,CWHds1/101b,Mb,3,Mb,3,BG,FALSE
901,CWHds1,CWHds1/101b,Pw,3,Pw,3,BG,FALSE
902,CWHds1,CWHds1/101b,Pyc,3,Py,3,BG,TRUE
903,CWHds1,CWHds1/101b,Ep,3,Ep,4,BG,FALSE
904,CWHds1,CWHds1/101b,Dr,5,Dr,4,BG,FALSE
905,CWHds1,CWHds1/101b,Act,5,Ac,4,BG,FALSE
906,CWHds1,CWHds1/102,Fdc,2,Fd,2,BG,FALSE
907,CWHds1,CWHds1/102,Plc,2,Pl,2,BG,FALSE
908,CWHds1,CWHds1/102,Cw,NA,Cw,3,BG,FALSE
909,CWHds1,CWHds1/102,Hw,NA,Hw,3,BG,FALSE
910,CWHds1,CWHds1/102,Ep,NA,Ep,4,SAS-HAK,NA
911,CWHds1,CWHds1/102,Pw,NA,Pw,4,SAS-HAK,NA
912,CWHds1,CWHds1/103,Fdc,NA,Fd,1,BG,FALSE
913,CWHds1,CWHds1/103,Plc,NA,Pl,2,BG,FALSE
914,CWHds1,CWHds1/103,Cw,NA,Cw,4,SAS-HAK,NA
915,CWHds1,CWHds1/103,Ep,NA,Ep,4,SAS-HAK,NA
916,CWHds1,CWHds1/103,Hw,NA,Hw,4,SAS-HAK,NA
917,CWHds1,CWHds1/103,Mb,NA,Mb,4,SAS-HAK,NA
918,CWHds1,CWHds1/103,Pw,NA,Pw,4,SAS-HAK,NA
919,CWHds1,CWHds1/103,Pyc,NA,Py,5,BG,TRUE
920,CWHds1,CWHds1/103,Ac,NA,Ac,5,SAS-HAK,NA
921,CWHds1,CWHds1/103,Bg,NA,Bg,5,SAS-HAK,NA
922,CWHds1,CWHds1/104,Fdc,NA,Fd,1,BG,FALSE
923,CWHds1,CWHds1/104,Cw,NA,Cw,3,BG,FALSE
924,CWHds1,CWHds1/104,Ep,NA,Ep,3,BG,FALSE
925,CWHds1,CWHds1/104,Hw,NA,Hw,3,BG,FALSE
926,CWHds1,CWHds1/104,Pli,NA,Pl,3,SAS-HAK,NA
927,CWHds1,CWHds1/104,Lw,NA,Lw,4,BG,TRUE
928,CWHds1,CWHds1/104,Bg,NA,Bg,4,SAS-HAK,NA
929,CWHds1,CWHds1/104,Mb,NA,Mb,4,SAS-HAK,NA
930,CWHds1,CWHds1/104,Pw,NA,Pw,4,SAS-HAK,NA
931,CWHds1,CWHds1/110,Fdc,1,Fd,1,BG,FALSE
932,CWHds1,CWHds1/110,Cw,2,Cw,2,BG,FALSE
933,CWHds1,CWHds1/110,Hw,2,Hw,2,BG,FALSE
934,CWHds1,CWHds1/110,Mb,1,Mb,2,BG,FALSE
935,CWHds1,CWHds1/110,Act,3,Ac,3,BG,FALSE
936,CWHds1,CWHds1/110,Dr,2,Dr,3,BG,FALSE
937,CWHds1,CWHds1/110,Bg,3,Bg,3,BG,FALSE
938,CWHds1,CWHds1/110,Ep,3,Ep,3,BG,FALSE
939,CWHds1,CWHds1/110,Pw,2,Pw,3,BG,FALSE
940,CWHds1,CWHds1/110,Plc,3,Pl,4,BG,FALSE
941,CWHds1,CWHds1/110,Sxw,NA,Sx,4,BG,FALSE
942,CWHds1,CWHds1/110,Bp,4,Bp,4,BG,TRUE
943,CWHds1,CWHds1/110,Pyc,4,Py,4,BG,TRUE
944,CWHds1,CWHds1/110,Ss,4,Ss,4,BG,FALSE
945,CWHds1,CWHds1/110,Sxl,4,Ss,4,BG,FALSE
946,CWHds1,CWHds1/110,Ba,NA,Ba,5,BG,FALSE
947,CWHds1,CWHds1/111,Bg,1,Bg,1,BG,FALSE
948,CWHds1,CWHds1/111,Cw,1,Cw,1,BG,FALSE
949,CWHds1,CWHds1/111,Dr,1,Dr,1,BG,FALSE
950,CWHds1,CWHds1/111,Act,1,Ac,2,BG,FALSE
951,CWHds1,CWHds1/111,Fdc,2,Fd,2,BG,FALSE
952,CWHds1,CWHds1/111,Hw,1,Hw,2,BG,FALSE
953,CWHds1,CWHds1/111,Mb,1,Mb,2,BG,FALSE
954,CWHds1,CWHds1/111,Bp,3,Bp,3,BG,TRUE
955,CWHds1,CWHds1/111,Ep,3,Ep,3,BG,FALSE
956,CWHds1,CWHds1/111,Pw,2,Pw,3,BG,FALSE
957,CWHds1,CWHds1/111,Ss,NA,Ss,3,BG,FALSE
958,CWHds1,CWHds1/111,Sxl,NA,Ss,3,BG,FALSE
959,CWHds1,CWHds1/111,Plc,3,Pl,4,BG,FALSE
960,CWHds1,CWHds1/112,Act,1,Ac,1,BG,FALSE
961,CWHds1,CWHds1/112,Bg,1,Bg,1,BG,FALSE
962,CWHds1,CWHds1/112,Cw,1,Cw,1,BG,FALSE
963,CWHds1,CWHds1/112,Dr,1,Dr,1,BG,FALSE
964,CWHds1,CWHds1/112,Hw,2,Hw,2,BG,FALSE
965,CWHds1,CWHds1/112,Mb,2,Mb,2,BG,FALSE
966,CWHds1,CWHds1/112,Ss,2,Ss,2,BG,FALSE
967,CWHds1,CWHds1/112,Sxl,2,Ss,2,BG,FALSE
968,CWHds1,CWHds1/112,Ep,3,Ep,3,BG,FALSE
969,CWHds1,CWHds1/112,Pw,NA,Pw,3,BG,FALSE
970,CWHds1,CWHds1/112,Ba,NA,Ba,4,BG,FALSE
971,CWHds1,CWHds1/Fl51,Dr,1,Dr,1,BG,FALSE
972,CWHds1,CWHds1/Fl51,Act,1,Ac,2,BG,FALSE
973,CWHds1,CWHds1/Fl51,Ep,3,Ep,3,BG,FALSE
974,CWHds1,CWHds1/Fl51,Mb,3,Mb,3,BG,FALSE
975,CWHds1,CWHds1/Fm51.1,Act,1,Ac,1,BG,FALSE
976,CWHds1,CWHds1/Fm51.1,Dr,1,Dr,1,BG,FALSE
977,CWHds1,CWHds1/Fm51.1,Bg,2,Bg,2,BG,FALSE
978,CWHds1,CWHds1/Fm51.1,Cw,2,Cw,2,BG,FALSE
979,CWHds1,CWHds1/Fm51.1,Mb,2,Mb,2,BG,FALSE
980,CWHds1,CWHds1/Fm51.1,Ep,3,Ep,3,BG,FALSE
981,CWHds1,CWHds1/Fm51.1,Hw,3,Hw,3,BG,FALSE
982,CWHds1,CWHds1/Fm51.1,Ss,3,Ss,3,BG,FALSE
983,CWHds1,CWHds1/Fm51.1,Sxl,3,Ss,3,BG,FALSE
984,CWHds1,CWHds1/Ro,X,NA,X,NA,VC,FALSE
985,CWHds1,CWHds1/Wb50.2,Plc,1,Pl,2,BG,FALSE
986,CWHds1,CWHds1/Wb50.2,Cw,3,Cw,3,BG,FALSE
987,CWHds1,CWHds1/Wb50.2,Hw,3,Hw,3,BG,FALSE
988,CWHds1,CWHds1/Wm,X,NA,X,NA,VC,FALSE
989,CWHds1,CWHds1/Ws56.2,Cw,1,Cw,1,BG,FALSE
990,CWHds1,CWHds1/Ws56.2,Dr,1,Dr,1,BG,FALSE
991,CWHds1,CWHds1/Ws56.2,Act,3,Ac,3,BG,FALSE
992,CWHds1,CWHds1/Ws56.2,Ep,3,Ep,3,BG,FALSE
993,CWHds1,CWHds1/Ws56.2,Hw,3,Hw,3,BG,FALSE
994,CWHds1,CWHds1/Ws56.2,Mb,3,Mb,3,BG,FALSE
995,CWHds1,CWHds1/Ws56.2,Pw,NA,Pw,3,BG,FALSE
996,CWHds1,CWHds1/Ws56.2,Sxl,NA,Ss,3,BG,FALSE
997,CWHds1,CWHds1/Ws56.2,Plc,3,Pl,5,BG,FALSE
998,CWHds2,CWHds2/101,Fdc,1,Fd,1,DVM,FALSE
999,CWHds2,CWHds2/101,Cw,2,Cw,2,DVM,FALSE
1000,CWHds2,CWHds2/101,Ep,2,Ep,2,DVM,FALSE
1001,CWHds2,CWHds2/101,Hw,2,Hw,2,DVM,FALSE
1002,CWHds2,CWHds2/101,Ac,2,Ac,3,DVM,FALSE
1003,CWHds2,CWHds2/101,Dr,2,Dr,3,DVM,FALSE
1004,CWHds2,CWHds2/101,Mb,3,Mb,4,DVM,FALSE
1005,CWHds2,CWHds2/101,Ss,NA,Ss,4,DVM,FALSE
1006,CWHds2,CWHds2/102,Fdc,3,Fd,2,DVM,FALSE
1007,CWHds2,CWHds2/102,Plc,3,Pl,2,DVM,FALSE
1008,CWHds2,CWHds2/102,Ac,NA,Ac,3,DVM,FALSE
1009,CWHds2,CWHds2/102,Cw,NA,Cw,3,DVM,FALSE
1010,CWHds2,CWHds2/102,Ep,NA,Ep,3,DVM,FALSE
1011,CWHds2,CWHds2/102,Hw,NA,Hw,3,DVM,FALSE
1012,CWHds2,CWHds2/102,Pw,NA,Pw,3,DVM,FALSE
1013,CWHds2,CWHds2/102,Bl,NA,Bl,4,DVM,FALSE
1014,CWHds2,CWHds2/103,Fdc,NA,Fd,1,DVM,FALSE
1015,CWHds2,CWHds2/103,Ep,NA,Ep,2,DVM,FALSE
1016,CWHds2,CWHds2/103,Cw,NA,Cw,3,DVM,FALSE
1017,CWHds2,CWHds2/103,Hw,NA,Hw,3,DVM,FALSE
1018,CWHds2,CWHds2/103,Pl,NA,Pl,3,DVM,FALSE
1019,CWHds2,CWHds2/104,Fdc,1,Fd,1,DVM,FALSE
1020,CWHds2,CWHds2/104,Hw,3,Hw,2,DVM,FALSE
1021,CWHds2,CWHds2/104,Ac,3,Ac,3,DVM,FALSE
1022,CWHds2,CWHds2/104,Cw,3,Cw,3,DVM,FALSE
1023,CWHds2,CWHds2/104,Dr,3,Dr,3,DVM,FALSE
1024,CWHds2,CWHds2/104,Ep,3,Ep,3,DVM,FALSE
1025,CWHds2,CWHds2/104,Mb,3,Mb,3,DVM,FALSE
1026,CWHds2,CWHds2/104,Plc,3,Pl,3,DVM,FALSE
1027,CWHds2,CWHds2/104,Ss,NA,Ss,5,DVM,FALSE
1028,CWHds2,CWHds2/110,Cw,2,Cw,1,DVM,FALSE
1029,CWHds2,CWHds2/110,Fdc,1,Fd,1,DVM,FALSE
1030,CWHds2,CWHds2/110,Hw,2,Hw,1,DVM,FALSE
1031,CWHds2,CWHds2/110,Ac,2,Ac,2,DVM,FALSE
1032,CWHds2,CWHds2/110,Dr,2,Dr,2,DVM,FALSE
1033,CWHds2,CWHds2/110,Ep,2,Ep,2,DVM,FALSE
1034,CWHds2,CWHds2/110,Mb,3,Mb,3,DVM,FALSE
1035,CWHds2,CWHds2/110,Ss,3,Ss,3,DVM,FALSE
1036,CWHds2,CWHds2/110,Sx,3,Sx,3,DVM,FALSE
1037,CWHds2,CWHds2/111,Ac,1,Ac,1,DVM,FALSE
1038,CWHds2,CWHds2/111,Cw,1,Cw,1,DVM,FALSE
1039,CWHds2,CWHds2/111,Hw,1,Hw,1,DVM,FALSE
1040,CWHds2,CWHds2/111,Dr,2,Dr,2,DVM,FALSE
1041,CWHds2,CWHds2/111,Ss,3,Ss,2,DVM,FALSE
1042,CWHds2,CWHds2/111,Ep,3,Ep,3,DVM,FALSE
1043,CWHds2,CWHds2/111,Fdc,2,Fd,3,DVM,FALSE
1044,CWHds2,CWHds2/111,Mb,3,Mb,3,DVM,FALSE
1045,CWHds2,CWHds2/111,Up,NA,Up,3,DVM,FALSE
1046,CWHds2,CWHds2/112,Ac,1,Ac,1,DVM,FALSE
1047,CWHds2,CWHds2/112,Cw,1,Cw,1,DVM,FALSE
1048,CWHds2,CWHds2/112,Dr,1,Dr,1,DVM,FALSE
1049,CWHds2,CWHds2/112,Ss,2,Ss,1,DVM,FALSE
1050,CWHds2,CWHds2/112,Hw,2,Hw,2,DVM,FALSE
1051,CWHds2,CWHds2/112,Ep,3,Ep,3,DVM,FALSE
1052,CWHds2,CWHds2/112,Mb,3,Mb,3,DVM,FALSE
1053,CWHds2,CWHds2/Fl,Dr,1,Dr,1,SAS-HAK,FALSE
1054,CWHds2,CWHds2/Fl,Ac,2,Ac,2,SAS-HAK,FALSE
1055,CWHds2,CWHds2/Fl,Ep,3,Ep,3,SAS-HAK,FALSE
1056,CWHds2,CWHds2/Fm,Ac,1,Ac,1,DVM,FALSE
1057,CWHds2,CWHds2/Fm,Dr,1,Dr,1,DVM,FALSE
1058,CWHds2,CWHds2/Fm,Cw,2,Cw,2,DVM,FALSE
1059,CWHds2,CWHds2/Fm,Ep,3,Ep,3,DVM,FALSE
1060,CWHds2,CWHds2/Fm,Hw,3,Hw,3,DVM,FALSE
1061,CWHds2,CWHds2/Fm,Mb,3,Mb,3,DVM,FALSE
1062,CWHds2,CWHds2/Fm,Ss,3,Ss,3,DVM,FALSE
1063,CWHds2,CWHds2/Ro,X,NA,X,NA,VC,FALSE
1064,CWHds2,CWHds2/Wb51,Plc,2,Pl,2,SAS-HAK,FALSE
1065,CWHds2,CWHds2/Wb51,Cw,3,Cw,3,SAS-HAK,FALSE
1066,CWHds2,CWHds2/Wb51,Hw,3,Hw,3,SAS-HAK,FALSE
1067,CWHds2,CWHds2/Ws56,Cw,1,Cw,1,DVM,FALSE
1068,CWHds2,CWHds2/Ws56,Dr,3,Dr,2,DVM,FALSE
1069,CWHds2,CWHds2/Ws56,Ac,3,Ac,3,DVM,FALSE
1070,CWHds2,CWHds2/Ws56,Ep,3,Ep,3,DVM,FALSE
1071,CWHds2,CWHds2/Ws56,Hw,3,Hw,3,DVM,FALSE
1072,CWHds2,CWHds2/Ws56,Mb,3,Mb,3,DVM,FALSE
1073,CWHds2,CWHds2/Ws56,Ss,3,Ss,3,DVM,FALSE
1074,CWHds2,CWHds2/Ws56,Up,NA,Up,3,DVM,FALSE
1075,CWHmm1,CWHmm1/101,Ba,1,Ba,1,DVM,FALSE
1076,CWHmm1,CWHmm1/101,Fdc,1,Fd,1,DVM,FALSE
1077,CWHmm1,CWHmm1/101,Hw,1,Hw,1,DVM,FALSE
1078,CWHmm1,CWHmm1/101,Cw,2,Cw,2,DVM,FALSE
1079,CWHmm1,CWHmm1/101,Dr,2,Dr,2,DVM,FALSE
1080,CWHmm1,CWHmm1/101,Ac,3,Ac,3,DVM,FALSE
1081,CWHmm1,CWHmm1/101,Mb,3,Mb,3,DVM,FALSE
1082,CWHmm1,CWHmm1/101,Pw,3,Pw,3,DVM,FALSE
1083,CWHmm1,CWHmm1/101,Tw,NA,Tw,3,DVM,FALSE
1084,CWHmm1,CWHmm1/101a,Ba,1,Ba,1,DVM,FALSE
1085,CWHmm1,CWHmm1/101a,Fdc,1,Fd,1,DVM,FALSE
1086,CWHmm1,CWHmm1/101a,Hw,1,Hw,1,DVM,FALSE
1087,CWHmm1,CWHmm1/101a,Cw,2,Cw,2,DVM,FALSE
1088,CWHmm1,CWHmm1/101a,Dr,2,Dr,2,DVM,FALSE
1089,CWHmm1,CWHmm1/101a,Ac,3,Ac,3,DVM,FALSE
1090,CWHmm1,CWHmm1/101a,Mb,3,Mb,3,DVM,FALSE
1091,CWHmm1,CWHmm1/101a,Pw,3,Pw,3,DVM,FALSE
1092,CWHmm1,CWHmm1/101a,Tw,NA,Tw,3,DVM,FALSE
1093,CWHmm1,CWHmm1/101b,Fdc,1,Fd,1,DVM,FALSE
1094,CWHmm1,CWHmm1/101b,Hw,1,Hw,1,DVM,FALSE
1095,CWHmm1,CWHmm1/101b,Cw,2,Cw,2,DVM,FALSE
1096,CWHmm1,CWHmm1/101b,Dr,2,Dr,2,DVM,FALSE
1097,CWHmm1,CWHmm1/101b,Ac,3,Ac,3,DVM,FALSE
1098,CWHmm1,CWHmm1/101b,Ba,1,Ba,3,DVM,FALSE
1099,CWHmm1,CWHmm1/101b,Mb,3,Mb,3,DVM,FALSE
1100,CWHmm1,CWHmm1/101b,Pw,3,Pw,3,DVM,FALSE
1101,CWHmm1,CWHmm1/102,Fdc,3,Fd,2,DVM,FALSE
1102,CWHmm1,CWHmm1/102,Pw,3,Pw,2,DVM,FALSE
1103,CWHmm1,CWHmm1/102,Cw,3,Cw,3,DVM,FALSE
1104,CWHmm1,CWHmm1/102,Hw,NA,Hw,3,DVM,FALSE
1105,CWHmm1,CWHmm1/102,Plc,3,Pl,3,DVM,FALSE
1106,CWHmm1,CWHmm1/102,Mb,3,Mb,5,DVM,FALSE
1107,CWHmm1,CWHmm1/103,Fdc,1,Fd,1,DVM,FALSE
1108,CWHmm1,CWHmm1/103,Hw,1,Hw,1,DVM,FALSE
1109,CWHmm1,CWHmm1/103,Cw,3,Cw,2,DVM,FALSE
1110,CWHmm1,CWHmm1/103,Ac,3,Ac,3,DVM,FALSE
1111,CWHmm1,CWHmm1/103,Ba,3,Ba,3,DVM,FALSE
1112,CWHmm1,CWHmm1/103,Dr,3,Dr,3,DVM,FALSE
1113,CWHmm1,CWHmm1/103,Lw,3,Lw,3,DVM,FALSE
1114,CWHmm1,CWHmm1/103,Mb,3,Mb,3,DVM,FALSE
1115,CWHmm1,CWHmm1/103,Plc,3,Pl,3,DVM,FALSE
1116,CWHmm1,CWHmm1/103,Pw,NA,Pw,3,DVM,FALSE
1117,CWHmm1,CWHmm1/104,Fdc,1,Fd,1,DVM,FALSE
1118,CWHmm1,CWHmm1/104,Hw,1,Hw,1,DVM,FALSE
1119,CWHmm1,CWHmm1/104,Ac,2,Ac,2,DVM,FALSE
1120,CWHmm1,CWHmm1/104,Cw,3,Cw,2,DVM,FALSE
1121,CWHmm1,CWHmm1/104,Dr,2,Dr,2,DVM,FALSE
1122,CWHmm1,CWHmm1/104,Ba,3,Ba,3,DVM,FALSE
1123,CWHmm1,CWHmm1/104,Lw,3,Lw,3,DVM,FALSE
1124,CWHmm1,CWHmm1/104,Mb,3,Mb,3,DVM,FALSE
1125,CWHmm1,CWHmm1/104,Pw,3,Pw,3,DVM,FALSE
1126,CWHmm1,CWHmm1/110,Cw,1,Cw,1,DVM,FALSE
1127,CWHmm1,CWHmm1/110,Fdc,1,Fd,1,DVM,FALSE
1128,CWHmm1,CWHmm1/110,Hw,1,Hw,1,DVM,FALSE
1129,CWHmm1,CWHmm1/110,Ba,1,Ba,2,DVM,FALSE
1130,CWHmm1,CWHmm1/110,Dr,2,Dr,2,DVM,FALSE
1131,CWHmm1,CWHmm1/110,Pw,2,Pw,2,DVM,FALSE
1132,CWHmm1,CWHmm1/110,Ac,2,Ac,3,DVM,FALSE
1133,CWHmm1,CWHmm1/110,Mb,3,Mb,3,DVM,FALSE
1134,CWHmm1,CWHmm1/111,Cw,1,Cw,1,SAS-HAK,FALSE
1135,CWHmm1,CWHmm1/111,Hw,1,Hw,1,SAS-HAK,FALSE
1136,CWHmm1,CWHmm1/111,Dr,2,Dr,2,SAS-HAK,FALSE
1137,CWHmm1,CWHmm1/111,Fdc,2,Fd,2,SAS-HAK,FALSE
1138,CWHmm1,CWHmm1/111,Ac,3,Ac,3,SAS-HAK,FALSE
1139,CWHmm1,CWHmm1/111,Mb,3,Mb,3,SAS-HAK,FALSE
1140,CWHmm1,CWHmm1/112,Cw,1,Cw,1,DVM,FALSE
1141,CWHmm1,CWHmm1/112,Hw,1,Hw,1,DVM,FALSE
1142,CWHmm1,CWHmm1/112,Ac,1,Ac,2,DVM,FALSE
1143,CWHmm1,CWHmm1/112,Ba,1,Ba,2,DVM,FALSE
1144,CWHmm1,CWHmm1/112,Dr,2,Dr,2,DVM,FALSE
1145,CWHmm1,CWHmm1/112,Fdc,2,Fd,2,DVM,FALSE
1146,CWHmm1,CWHmm1/112,Mb,2,Mb,2,DVM,FALSE
1147,CWHmm1,CWHmm1/112,Pw,2,Pw,2,DVM,FALSE
1148,CWHmm1,CWHmm1/113,Ac,1,Ac,1,DVM,FALSE
1149,CWHmm1,CWHmm1/113,Cw,1,Cw,1,DVM,FALSE
1150,CWHmm1,CWHmm1/113,Dr,1,Dr,1,DVM,FALSE
1151,CWHmm1,CWHmm1/113,Ss,1,Ss,1,DVM,FALSE
1152,CWHmm1,CWHmm1/113,Ba,1,Ba,2,DVM,FALSE
1153,CWHmm1,CWHmm1/113,Fdc,NA,Fd,2,DVM,FALSE
1154,CWHmm1,CWHmm1/113,Hw,2,Hw,2,DVM,FALSE
1155,CWHmm1,CWHmm1/113,Mb,3,Mb,3,DVM,FALSE
1156,CWHmm1,CWHmm1/113,Up,NA,Up,3,DVM,FALSE
1157,CWHmm1,CWHmm1/Fl50,Dr,1,Dr,1,SAS-HAK,FALSE
1158,CWHmm1,CWHmm1/Fl50,Ac,2,Ac,2,SAS-HAK,FALSE
1159,CWHmm1,CWHmm1/Fl50,Mb,3,Mb,3,SAS-HAK,FALSE
1160,CWHmm1,CWHmm1/Fm51,Ac,1,Ac,1,SAS-HAK,FALSE
1161,CWHmm1,CWHmm1/Fm51,Dr,1,Dr,1,DVM,FALSE
1162,CWHmm1,CWHmm1/Fm51,Ss,1,Ss,1,DVM,FALSE
1163,CWHmm1,CWHmm1/Fm51,Ba,2,Ba,2,DVM,FALSE
1164,CWHmm1,CWHmm1/Fm51,Cw,2,Cw,2,DVM,FALSE
1165,CWHmm1,CWHmm1/Fm51,Mb,2,Mb,2,DVM,FALSE
1166,CWHmm1,CWHmm1/Fm51,Hw,3,Hw,3,DVM,FALSE
1167,CWHmm1,CWHmm1/Fm51,Kc,NA,Kc,3,DVM,FALSE
1168,CWHmm1,CWHmm1/Fm51,Wt,NA,Wt,3,DVM,FALSE
1169,CWHmm1,CWHmm1/Ro,X,NA,X,NA,VC,FALSE
1170,CWHmm1,CWHmm1/Wb51,Hw,2,Hw,2,SAS-HAK,FALSE
1171,CWHmm1,CWHmm1/Wb51,Plc,2,Pl,2,SAS-HAK,FALSE
1172,CWHmm1,CWHmm1/Wb51,Cw,3,Cw,3,SAS-HAK,FALSE
1173,CWHmm1,CWHmm1/Ws##,Cw,NA,Cw,1,DVM,FALSE
1174,CWHmm1,CWHmm1/Ws##,Dr,NA,Dr,1,DVM,FALSE
1175,CWHmm1,CWHmm1/Ws##,Hw,NA,Hw,2,DVM,FALSE
1176,CWHmm1,CWHmm1/Ws##,Ba,NA,Ba,3,DVM,FALSE
1177,CWHmm1,CWHmm1/Ws##,Fdc,NA,Fd,3,DVM,FALSE
1178,CWHmm1,CWHmm1/Ws##,Pw,NA,Pw,3,DVM,FALSE
1179,CWHmm1,CWHmm1/Ws##,Yc,NA,Yc,3,DVM,FALSE
1180,CWHmm1,CWHmm1/Ws54,Cw,1,Cw,1,DVM,FALSE
1181,CWHmm1,CWHmm1/Ws54,Dr,3,Dr,2,DVM,FALSE
1182,CWHmm1,CWHmm1/Ws54,Ac,3,Ac,3,SAS-HAK,FALSE
1183,CWHmm1,CWHmm1/Ws54,Hw,3,Hw,3,DVM,FALSE
1184,CWHmm1,CWHmm1/Ws54,Mb,3,Mb,3,SAS-HAK,FALSE
1185,CWHmm1,CWHmm1/Ws54,Pw,3,Pw,3,SAS-HAK,FALSE
1186,CWHmm1,CWHmm1/Ws54,Ss,3,Ss,3,SAS-HAK,FALSE
1187,CWHmm1,CWHmm1/Ws54,Up,NA,Up,3,DVM,FALSE
1188,CWHmm1,CWHmm1/Ws56,Cw,1,Cw,1,DVM,FALSE
1189,CWHmm1,CWHmm1/Ws56,Dr,3,Dr,2,DVM,FALSE
1190,CWHmm1,CWHmm1/Ws56,Ac,3,Ac,3,SAS-HAK,FALSE
1191,CWHmm1,CWHmm1/Ws56,Hw,3,Hw,3,DVM,FALSE
1192,CWHmm1,CWHmm1/Ws56,Mb,3,Mb,3,SAS-HAK,FALSE
1193,CWHmm1,CWHmm1/Ws56,Pw,3,Pw,3,SAS-HAK,FALSE
1194,CWHmm1,CWHmm1/Ws56,Ss,3,Ss,3,SAS-HAK,FALSE
1195,CWHmm1,CWHmm1/Ws56,Up,NA,Up,3,DVM,FALSE
1196,CWHmm2,CWHmm2/101,Ba,1,Ba,1,DVM,FALSE
1197,CWHmm2,CWHmm2/101,Hw,1,Hw,1,DVM,FALSE
1198,CWHmm2,CWHmm2/101,Fdc,2,Fd,2,DVM,FALSE
1199,CWHmm2,CWHmm2/101,Hm,2,Hm,2,DVM,FALSE
1200,CWHmm2,CWHmm2/101,Yc,2,Yc,2,DVM,FALSE
1201,CWHmm2,CWHmm2/101,Cw,2,Cw,3,DVM,FALSE
1202,CWHmm2,CWHmm2/101,Pw,3,Pw,3,DVM,FALSE
1203,CWHmm2,CWHmm2/101,Ss,4,Ss,3,DVM,FALSE
1204,CWHmm2,CWHmm2/101,Sx,5,Sx,5,DVM,FALSE
1205,CWHmm2,CWHmm2/101a,Ba,NA,Ba,1,SAS-HAK,NA
1206,CWHmm2,CWHmm2/101a,Hw,NA,Hw,1,SAS-HAK,NA
1207,CWHmm2,CWHmm2/101a,Cw,NA,Cw,2,SAS-HAK,NA
1208,CWHmm2,CWHmm2/101a,Fdc,NA,Fd,2,SAS-HAK,NA
1209,CWHmm2,CWHmm2/101a,Hm,NA,Hm,2,SAS-HAK,NA
1210,CWHmm2,CWHmm2/101a,Yc,NA,Yc,2,SAS-HAK,NA
1211,CWHmm2,CWHmm2/101a,Pw,NA,Pw,3,SAS-HAK,NA
1212,CWHmm2,CWHmm2/101a,Ss,NA,Ss,3,SAS-HAK,NA
1213,CWHmm2,CWHmm2/101a,Sx,NA,Sx,5,SAS-HAK,NA
1214,CWHmm2,CWHmm2/101b,Ba,NA,Ba,1,SAS-HAK,NA
1215,CWHmm2,CWHmm2/101b,Hw,NA,Hw,1,SAS-HAK,NA
1216,CWHmm2,CWHmm2/101b,Cw,NA,Cw,3,SAS-HAK,NA
1217,CWHmm2,CWHmm2/101b,Fdc,NA,Fd,2,SAS-HAK,NA
1218,CWHmm2,CWHmm2/101b,Hm,NA,Hm,2,SAS-HAK,NA
1219,CWHmm2,CWHmm2/101b,Yc,NA,Yc,2,SAS-HAK,NA
1220,CWHmm2,CWHmm2/101b,Pw,NA,Pw,3,SAS-HAK,NA
1221,CWHmm2,CWHmm2/101b,Ss,NA,Ss,4,SAS-HAK,NA
1222,CWHmm2,CWHmm2/101b,Sx,NA,Sx,5,SAS-HAK,NA
1223,CWHmm2,CWHmm2/102,Fdc,3,Fd,2,DVM,FALSE
1224,CWHmm2,CWHmm2/102,Hm,3,Hm,3,DVM,FALSE
1225,CWHmm2,CWHmm2/102,Hw,NA,Hw,3,DVM,FALSE
1226,CWHmm2,CWHmm2/102,Plc,3,Pl,3,DVM,FALSE
1227,CWHmm2,CWHmm2/102,Pw,3,Pw,3,DVM,FALSE
1228,CWHmm2,CWHmm2/102,Yc,3,Yc,3,DVM,FALSE
1229,CWHmm2,CWHmm2/102,Cw,3,Cw,3,DVM,FALSE
1230,CWHmm2,CWHmm2/102,Lw,NA,Lw,5,SAS-HAK,NA
1231,CWHmm2,CWHmm2/102,Ss,NA,Ss,4,SAS-HAK,NA
1232,CWHmm2,CWHmm2/103,Hw,1,Hw,1,DVM,FALSE
1233,CWHmm2,CWHmm2/103,Fdc,2,Fd,1,DVM,FALSE
1234,CWHmm2,CWHmm2/103,Hm,2,Hm,2,DVM,FALSE
1235,CWHmm2,CWHmm2/103,Yc,2,Yc,2,DVM,FALSE
1236,CWHmm2,CWHmm2/103,Ba,3,Ba,3,DVM,FALSE
1237,CWHmm2,CWHmm2/103,Bl,NA,Bl,4,DVM,FALSE
1238,CWHmm2,CWHmm2/103,Cw,3,Cw,3,DVM,FALSE
1239,CWHmm2,CWHmm2/103,Plc,3,Pl,3,DVM,FALSE
1240,CWHmm2,CWHmm2/103,Pw,3,Pw,3,DVM,FALSE
1241,CWHmm2,CWHmm2/103,Ss,4,Ss,4,SAS-HAK,FALSE
1242,CWHmm2,CWHmm2/103,Sx,5,Sx,5,SAS-HAK,FALSE
1243,CWHmm2,CWHmm2/110,Ba,1,Ba,1,DVM,FALSE
1244,CWHmm2,CWHmm2/110,Hw,1,Hw,1,DVM,FALSE
1245,CWHmm2,CWHmm2/110,Cw,2,Cw,2,DVM,FALSE
1246,CWHmm2,CWHmm2/110,Fdc,2,Fd,2,DVM,FALSE
1247,CWHmm2,CWHmm2/110,Hm,NA,Hm,2,DVM,FALSE
1248,CWHmm2,CWHmm2/110,Pw,2,Pw,2,DVM,FALSE
1249,CWHmm2,CWHmm2/110,Yc,2,Yc,2,DVM,FALSE
1250,CWHmm2,CWHmm2/110,Bp,3,Bp,3,SAS-HAK,FALSE
1251,CWHmm2,CWHmm2/110,Ss,4,Ss,3,DVM,FALSE
1252,CWHmm2,CWHmm2/110,Sx,5,Sx,5,DVM,FALSE
1253,CWHmm2,CWHmm2/111,Ba,1,Ba,1,DVM,FALSE
1254,CWHmm2,CWHmm2/111,Hw,1,Hw,1,DVM,FALSE
1255,CWHmm2,CWHmm2/111,Cw,2,Cw,2,DVM,FALSE
1256,CWHmm2,CWHmm2/111,Hm,2,Hm,2,DVM,FALSE
1257,CWHmm2,CWHmm2/111,Yc,2,Yc,2,DVM,FALSE
1258,CWHmm2,CWHmm2/111,Fdc,3,Fd,3,DVM,FALSE
1259,CWHmm2,CWHmm2/111,Pw,NA,Pw,4,SAS-HAK,NA
1260,CWHmm2,CWHmm2/111,Ss,NA,Ss,4,SAS-HAK,NA
1261,CWHmm2,CWHmm2/112,Ba,1,Ba,1,DVM,FALSE
1262,CWHmm2,CWHmm2/112,Hw,2,Hw,1,DVM,FALSE
1263,CWHmm2,CWHmm2/112,Cw,2,Cw,2,DVM,FALSE
1264,CWHmm2,CWHmm2/112,Hm,NA,Hm,2,DVM,FALSE
1265,CWHmm2,CWHmm2/112,Yc,2,Yc,2,DVM,FALSE
1266,CWHmm2,CWHmm2/112,Bl,NA,Bl,4,DVM,FALSE
1267,CWHmm2,CWHmm2/112,Fdc,3,Fd,4,DVM,FALSE
1268,CWHmm2,CWHmm2/112,Pw,3,Pw,3,DVM,FALSE
1269,CWHmm2,CWHmm2/112,Tw,NA,Tw,3,DVM,FALSE
1270,CWHmm2,CWHmm2/112,Ss,NA,Ss,4,SAS-HAK,NA
1271,CWHmm2,CWHmm2/113,Ba,NA,Ba,1,DVM,FALSE
1272,CWHmm2,CWHmm2/113,Hw,NA,Hw,1,DVM,FALSE
1273,CWHmm2,CWHmm2/113,Cw,NA,Cw,2,DVM,FALSE
1274,CWHmm2,CWHmm2/113,Hm,NA,Hm,2,DVM,FALSE
1275,CWHmm2,CWHmm2/113,Pw,NA,Pw,3,DVM,FALSE
1276,CWHmm2,CWHmm2/113,Yc,NA,Yc,3,DVM,FALSE
1277,CWHmm2,CWHmm2/113,Fd,NA,Fd,5,SAS-HAK,NA
1278,CWHmm2,CWHmm2/113,Ss,NA,Ss,4,SAS-HAK,NA
1279,CWHmm2,CWHmm2/Ro,X,NA,X,NA,VC,FALSE
1280,CWHmm2,CWHmm2/Wb51,Plc,2,Pl,2,SAS-HAK,FALSE
1281,CWHmm2,CWHmm2/Wb51,Yc,2,Yc,2,SAS-HAK,FALSE
1282,CWHmm2,CWHmm2/Wb51,Hm,3,Hm,3,SAS-HAK,FALSE
1283,CWHmm2,CWHmm2/Wb51,Hw,3,Hw,3,SAS-HAK,FALSE
1284,CWHmm2,CWHmm2/Ws55,Ba,NA,Ba,2,DVM,FALSE
1285,CWHmm2,CWHmm2/Ws55,Cw,2,Cw,2,DVM,FALSE
1286,CWHmm2,CWHmm2/Ws55,Hm,NA,Hm,2,DVM,FALSE
1287,CWHmm2,CWHmm2/Ws55,Hw,3,Hw,2,DVM,FALSE
1288,CWHmm2,CWHmm2/Ws55,Yc,2,Yc,2,DVM,FALSE
1289,CWHmm2,CWHmm2/Ws55,Pw,3,Pw,3,SAS-HAK,FALSE
1290,CWHmm2,CWHmm2/Ws55,Wt,NA,Wt,3,DVM,FALSE
1291,CWHms3,CWHms3/101,Fdc,1,Fd,1,BG,FALSE
1292,CWHms3,CWHms3/101,Ba,2,Ba,2,BG,FALSE
1293,CWHms3,CWHms3/101,Cw,2,Cw,2,BG,FALSE
1294,CWHms3,CWHms3/101,Hw,2,Hw,2,BG,FALSE
1295,CWHms3,CWHms3/101,Act,3,Ac,3,BG,FALSE
1296,CWHms3,CWHms3/101,Dr,3,Dr,3,BG,FALSE
1297,CWHms3,CWHms3/101,Ep,3,Ep,3,BG,FALSE
1298,CWHms3,CWHms3/101,Sxw,NA,Sx,3,BG,FALSE
1299,CWHms3,CWHms3/101,Bp,4,Bp,4,BG,TRUE
1300,CWHms3,CWHms3/101,Ss,4,Ss,4,BG,FALSE
1301,CWHms3,CWHms3/101,Sxl,4,Ss,4,BG,FALSE
1302,CWHms3,CWHms3/101,Mb,5,Mb,5,BG,FALSE
1303,CWHms3,CWHms3/101,Yc,3,Yc,5,BG,FALSE
1304,CWHms3,CWHms3/102,Fdc,2,Fd,3,BG,FALSE
1305,CWHms3,CWHms3/102,Hw,3,Hw,3,BG,FALSE
1306,CWHms3,CWHms3/102,Plc,2,Pl,3,BG,FALSE
1307,CWHms3,CWHms3/102,Pw,NA,Pw,3,BG,FALSE
1308,CWHms3,CWHms3/102,Ep,3,Ep,5,BG,FALSE
1309,CWHms3,CWHms3/103,Fdc,1,Fd,1,BG,FALSE
1310,CWHms3,CWHms3/103,Ba,3,Ba,3,BG,FALSE
1311,CWHms3,CWHms3/103,Cw,3,Cw,3,BG,FALSE
1312,CWHms3,CWHms3/103,Ep,3,Ep,3,BG,FALSE
1313,CWHms3,CWHms3/103,Hw,3,Hw,3,BG,FALSE
1314,CWHms3,CWHms3/103,Lw,3,Lw,3,BG,TRUE
1315,CWHms3,CWHms3/103,Plc,NA,Pl,3,BG,FALSE
1316,CWHms3,CWHms3/103,Pw,NA,Pw,3,BG,FALSE
1317,CWHms3,CWHms3/103,Sxw,NA,Sx,3,BG,FALSE
1318,CWHms3,CWHms3/103,Act,3,Ac,4,BG,FALSE
1319,CWHms3,CWHms3/103,Dr,3,Dr,4,BG,FALSE
1320,CWHms3,CWHms3/103,Mb,5,Mb,5,BG,FALSE
1321,CWHms3,CWHms3/103,Ss,4,Ss,5,BG,FALSE
1322,CWHms3,CWHms3/103,Sxl,4,Ss,5,BG,FALSE
1323,CWHms3,CWHms3/104,Fdc,NA,Fd,1,BG,FALSE
1324,CWHms3,CWHms3/104,Cw,NA,Cw,2,BG,FALSE
1325,CWHms3,CWHms3/104,Hw,NA,Hw,2,BG,FALSE
1326,CWHms3,CWHms3/104,Ba,NA,Ba,3,BG,FALSE
1327,CWHms3,CWHms3/104,Lw,NA,Lw,3,BG,TRUE
1328,CWHms3,CWHms3/110,Fdc,1,Fd,1,BG,FALSE
1329,CWHms3,CWHms3/110,Cw,2,Cw,1,BG,FALSE
1330,CWHms3,CWHms3/110,Hw,2,Hw,1,BG,FALSE
1331,CWHms3,CWHms3/110,Act,2,Ac,2,BG,FALSE
1332,CWHms3,CWHms3/110,Ba,2,Ba,2,BG,FALSE
1333,CWHms3,CWHms3/110,Bg,3,Bg,3,BG,FALSE
1334,CWHms3,CWHms3/110,Dr,3,Dr,3,BG,FALSE
1335,CWHms3,CWHms3/110,Ep,3,Ep,3,BG,FALSE
1336,CWHms3,CWHms3/110,Lw,3,Lw,3,BG,TRUE
1337,CWHms3,CWHms3/110,Mb,3,Mb,3,BG,FALSE
1338,CWHms3,CWHms3/110,Pw,2,Pw,3,BG,FALSE
1339,CWHms3,CWHms3/110,Sxw,NA,Sx,3,BG,FALSE
1340,CWHms3,CWHms3/110,Bp,4,Bp,4,BG,TRUE
1341,CWHms3,CWHms3/110,Ss,4,Ss,4,BG,FALSE
1342,CWHms3,CWHms3/110,Sxl,4,Ss,4,BG,FALSE
1343,CWHms3,CWHms3/110,Yc,2,Yc,5,BG,FALSE
1344,CWHms3,CWHms3/111,Hw,1,Hw,1,BG,FALSE
1345,CWHms3,CWHms3/111,Ba,2,Ba,2,BG,FALSE
1346,CWHms3,CWHms3/111,Cw,2,Cw,2,BG,FALSE
1347,CWHms3,CWHms3/111,Act,3,Ac,3,BG,FALSE
1348,CWHms3,CWHms3/111,Dr,3,Dr,3,BG,FALSE
1349,CWHms3,CWHms3/111,Ep,3,Ep,3,BG,FALSE
1350,CWHms3,CWHms3/111,Fdc,NA,Fd,4,BG,FALSE
1351,CWHms3,CWHms3/111,Mb,5,Mb,5,BG,FALSE
1352,CWHms3,CWHms3/111,Yc,2,Yc,5,BG,FALSE
1353,CWHms3,CWHms3/112,Ba,2,Ba,1,BG,FALSE
1354,CWHms3,CWHms3/112,Hw,1,Hw,1,BG,FALSE
1355,CWHms3,CWHms3/112,Act,2,Ac,2,BG,FALSE
1356,CWHms3,CWHms3/112,Cw,2,Cw,2,BG,FALSE
1357,CWHms3,CWHms3/112,Dr,2,Dr,2,BG,FALSE
1358,CWHms3,CWHms3/112,Fdc,2,Fd,2,BG,FALSE
1359,CWHms3,CWHms3/112,Bg,2,Bg,3,BG,FALSE
1360,CWHms3,CWHms3/112,Ep,3,Ep,3,BG,FALSE
1361,CWHms3,CWHms3/112,Mb,3,Mb,3,BG,FALSE
1362,CWHms3,CWHms3/112,Pw,2,Pw,3,BG,FALSE
1363,CWHms3,CWHms3/112,Sxw,NA,Sx,3,BG,FALSE
1364,CWHms3,CWHms3/112,Sxl,4,Ss,3,BG,FALSE
1365,CWHms3,CWHms3/112,Bp,4,Bp,4,BG,TRUE
1366,CWHms3,CWHms3/112,Ss,4,Ss,4,BG,FALSE
1367,CWHms3,CWHms3/112,Yc,2,Yc,5,BG,FALSE
1368,CWHms3,CWHms3/113,Act,2,Ac,1,BG,FALSE
1369,CWHms3,CWHms3/113,Cw,2,Cw,1,BG,FALSE
1370,CWHms3,CWHms3/113,Hw,2,Hw,1,BG,FALSE
1371,CWHms3,CWHms3/113,Ba,1,Ba,2,BG,FALSE
1372,CWHms3,CWHms3/113,Dr,2,Dr,2,BG,FALSE
1373,CWHms3,CWHms3/113,Fdc,2,Fd,2,BG,FALSE
1374,CWHms3,CWHms3/113,Ss,4,Ss,2,BG,FALSE
1375,CWHms3,CWHms3/113,Sxl,4,Ss,2,BG,FALSE
1376,CWHms3,CWHms3/113,Sxw,NA,Sx,2,BG,FALSE
1377,CWHms3,CWHms3/113,Bl,NA,Bl,3,BG,FALSE
1378,CWHms3,CWHms3/113,Ep,3,Ep,3,BG,FALSE
1379,CWHms3,CWHms3/113,Mb,3,Mb,3,BG,FALSE
1380,CWHms3,CWHms3/Fl51,Act,1,Ac,1,BG,FALSE
1381,CWHms3,CWHms3/Fl51,Dr,3,Dr,2,BG,FALSE
1382,CWHms3,CWHms3/Fl51,Ep,3,Ep,3,BG,FALSE
1383,CWHms3,CWHms3/Fl51,Mb,3,Mb,3,BG,FALSE
1384,CWHms3,CWHms3/Fl51,Sxl,NA,Ss,3,BG,FALSE
1385,CWHms3,CWHms3/Fm51.1,Act,1,Ac,1,BG,FALSE
1386,CWHms3,CWHms3/Fm51.1,Dr,2,Dr,2,BG,FALSE
1387,CWHms3,CWHms3/Fm51.1,Ba,2,Ba,3,BG,FALSE
1388,CWHms3,CWHms3/Fm51.1,Cw,3,Cw,3,BG,FALSE
1389,CWHms3,CWHms3/Fm51.1,Ep,3,Ep,3,BG,FALSE
1390,CWHms3,CWHms3/Fm51.1,Hw,3,Hw,3,BG,FALSE
1391,CWHms3,CWHms3/Fm51.1,Mb,3,Mb,3,BG,FALSE
1392,CWHms3,CWHms3/Fm51.1,Sxl,NA,Ss,3,BG,FALSE
1393,CWHms3,CWHms3/Wb50.2,Plc,2,Pl,2,BG,FALSE
1394,CWHms3,CWHms3/Wb50.2,Cw,3,Cw,3,BG,FALSE
1395,CWHms3,CWHms3/Wb50.2,Hw,3,Hw,3,BG,FALSE
1396,CWHms3,CWHms3/Wf,X,NA,X,NA,VC,FALSE
1397,CWHms3,CWHms3/Wm,X,NA,X,NA,VC,FALSE
1398,CWHms3,CWHms3/Ws56.1,Cw,2,Cw,2,BG,FALSE
1399,CWHms3,CWHms3/Ws56.1,Ba,NA,Ba,2,BG,FALSE
1400,CWHms3,CWHms3/Ws56.1,Hw,3,Hw,2,BG,FALSE
1401,CWHms3,CWHms3/Ws56.1,Ss,4,Ss,2,BG,FALSE
1402,CWHms3,CWHms3/Ws56.1,Act,3,Ac,3,BG,FALSE
1403,CWHms3,CWHms3/Ws56.1,Dr,3,Dr,3,BG,FALSE
1404,CWHms3,CWHms3/Ws56.1,Ep,3,Ep,3,BG,FALSE
1405,CWHms3,CWHms3/Ws56.1,Pw,3,Pw,3,BG,FALSE
1406,CWHms3,CWHms3/Ws56.1,Sxl,4,Ss,3,BG,FALSE
1407,CWHms3,CWHms3/Ws56.1,Sxw,NA,Sx,3,BG,FALSE
1408,CWHms3,CWHms3/Ws56.1,Mb,5,Mb,5,BG,FALSE
1409,CWHms3,CWHms3/Ws56.1,Yc,2,Yc,5,BG,FALSE
1410,CWHms4,CWHms4/101,Ba,2,Ba,1,BG,FALSE
1411,CWHms4,CWHms4/101,Hw,2,Hw,1,BG,FALSE
1412,CWHms4,CWHms4/101,Cw,2,Cw,2,BG,FALSE
1413,CWHms4,CWHms4/101,Fdc,1,Fd,2,BG,FALSE
1414,CWHms4,CWHms4/101,Hm,NA,Hm,3,BG,FALSE
1415,CWHms4,CWHms4/101,Pw,NA,Pw,3,BG,FALSE
1416,CWHms4,CWHms4/101,Sxw,NA,Sx,3,BG,FALSE
1417,CWHms4,CWHms4/101,Yc,3,Yc,4,BG,FALSE
1418,CWHms4,CWHms4/101,Act,3,Ac,4,BG,FALSE
1419,CWHms4,CWHms4/101,Bp,4,Bp,4,BG,TRUE
1420,CWHms4,CWHms4/101,Sx,4,Ss,4,BG,FALSE
1421,CWHms4,CWHms4/101,Dr,3,Dr,5,BG,FALSE
1422,CWHms4,CWHms4/101,Ep,3,Ep,5,BG,FALSE
1423,CWHms4,CWHms4/101,Mb,5,Mb,5,BG,FALSE
1424,CWHms4,CWHms4/101,Ss,4,Ss,5,BG,FALSE
1425,CWHms4,CWHms4/102,Bl,NA,Bl,3,BG,FALSE
1426,CWHms4,CWHms4/102,Fdc,2,Fd,3,BG,FALSE
1427,CWHms4,CWHms4/102,Hw,3,Hw,3,BG,FALSE
1428,CWHms4,CWHms4/102,Plc,2,Pl,3,BG,FALSE
1429,CWHms4,CWHms4/102,Pw,NA,Pw,3,BG,FALSE
1430,CWHms4,CWHms4/102,Yc,NA,Yc,3,BG,FALSE
1431,CWHms4,CWHms4/102,Hm,NA,Hm,3,SAS-HAK,NA
1432,CWHms4,CWHms4/102,Ep,3,Ep,5,BG,FALSE
1433,CWHms4,CWHms4/103,Fdc,1,Fd,2,BG,FALSE
1434,CWHms4,CWHms4/103,Hw,3,Hw,2,BG,FALSE
1435,CWHms4,CWHms4/103,Ba,3,Ba,3,BG,FALSE
1436,CWHms4,CWHms4/103,Bl,NA,Bl,3,BG,FALSE
1437,CWHms4,CWHms4/103,Cw,3,Cw,3,BG,FALSE
1438,CWHms4,CWHms4/103,Lw,3,Lw,3,BG,TRUE
1439,CWHms4,CWHms4/103,Plc,NA,Pl,3,BG,FALSE
1440,CWHms4,CWHms4/103,Pw,NA,Pw,3,BG,FALSE
1441,CWHms4,CWHms4/103,Sx,NA,Sx,3,BG,FALSE
1442,CWHms4,CWHms4/103,Yc,NA,Yc,3,BG,FALSE
1443,CWHms4,CWHms4/103,Hm,NA,Hm,3,BG,FALSE
1444,CWHms4,CWHms4/103,Act,3,Ac,5,BG,FALSE
1445,CWHms4,CWHms4/103,Dr,3,Dr,5,BG,FALSE
1446,CWHms4,CWHms4/103,Ep,3,Ep,5,BG,FALSE
1447,CWHms4,CWHms4/103,Mb,5,Mb,5,BG,FALSE
1448,CWHms4,CWHms4/103,Ss,4,Ss,5,BG,FALSE
1449,CWHms4,CWHms4/103,Sxl,4,Ss,5,BG,FALSE
1450,CWHms4,CWHms4/104,Fdc,NA,Fd,2,BG,FALSE
1451,CWHms4,CWHms4/104,Hw,NA,Hw,2,BG,FALSE
1452,CWHms4,CWHms4/104,Cw,NA,Cw,3,BG,FALSE
1453,CWHms4,CWHms4/104,Bl,NA,Bl,3,BG,FALSE
1454,CWHms4,CWHms4/104,Pw,NA,Pw,3,BG,FALSE
1455,CWHms4,CWHms4/105,Fdc,NA,Fd,1,BG,FALSE
1456,CWHms4,CWHms4/105,Ba,NA,Ba,2,BG,FALSE
1457,CWHms4,CWHms4/105,Cw,NA,Cw,2,BG,FALSE
1458,CWHms4,CWHms4/105,Hw,NA,Hw,2,BG,FALSE
1459,CWHms4,CWHms4/105,Sxl,NA,Sx,3,BG,FALSE
1460,CWHms4,CWHms4/110,Ba,2,Ba,1,BG,FALSE
1461,CWHms4,CWHms4/110,Cw,2,Cw,2,BG,FALSE
1462,CWHms4,CWHms4/110,Fdc,1,Fd,2,BG,FALSE
1463,CWHms4,CWHms4/110,Hw,2,Hw,2,BG,FALSE
1464,CWHms4,CWHms4/110,Act,2,Ac,3,BG,FALSE
1465,CWHms4,CWHms4/110,Hm,NA,Hm,3,BG,FALSE
1466,CWHms4,CWHms4/110,Lw,3,Lw,3,BG,TRUE
1467,CWHms4,CWHms4/110,Pw,2,Pw,3,BG,FALSE
1468,CWHms4,CWHms4/110,Sxw,NA,Sx,3,BG,FALSE
1469,CWHms4,CWHms4/110,Yc,2,Yc,4,BG,FALSE
1470,CWHms4,CWHms4/110,Bp,4,Bp,4,BG,TRUE
1471,CWHms4,CWHms4/110,Ss,4,Ss,4,BG,FALSE
1472,CWHms4,CWHms4/110,Sx,4,Ss,4,BG,FALSE
1473,CWHms4,CWHms4/110,Bg,3,Bg,5,BG,FALSE
1474,CWHms4,CWHms4/110,Dr,3,Dr,5,BG,FALSE
1475,CWHms4,CWHms4/110,Ep,3,Ep,5,BG,FALSE
1476,CWHms4,CWHms4/110,Mb,3,Mb,5,BG,FALSE
1477,CWHms4,CWHms4/111,Ba,2,Ba,1,BG,FALSE
1478,CWHms4,CWHms4/111,Hw,1,Hw,1,BG,FALSE
1479,CWHms4,CWHms4/111,Cw,2,Cw,2,BG,FALSE
1480,CWHms4,CWHms4/111,Hm,NA,Hm,3,BG,FALSE
1481,CWHms4,CWHms4/111,Yc,2,Yc,4,BG,FALSE
1482,CWHms4,CWHms4/111,Act,3,Ac,4,BG,FALSE
1483,CWHms4,CWHms4/111,Dr,3,Dr,5,BG,FALSE
1484,CWHms4,CWHms4/111,Ep,3,Ep,5,BG,FALSE
1485,CWHms4,CWHms4/111,Mb,5,Mb,5,BG,FALSE
1486,CWHms4,CWHms4/112,Ba,2,Ba,1,BG,FALSE
1487,CWHms4,CWHms4/112,Hw,1,Hw,1,BG,FALSE
1488,CWHms4,CWHms4/112,Cw,2,Cw,2,BG,FALSE
1489,CWHms4,CWHms4/112,Act,2,Ac,3,BG,FALSE
1490,CWHms4,CWHms4/112,Fdc,2,Fd,3,BG,FALSE
1491,CWHms4,CWHms4/112,Pw,2,Pw,3,BG,FALSE
1492,CWHms4,CWHms4/112,Sxw,NA,Sx,3,BG,FALSE
1493,CWHms4,CWHms4/112,Yc,2,Yc,4,BG,FALSE
1494,CWHms4,CWHms4/112,Bp,4,Bp,4,BG,TRUE
1495,CWHms4,CWHms4/112,Ss,4,Ss,4,BG,FALSE
1496,CWHms4,CWHms4/112,Sx,4,Ss,4,BG,FALSE
1497,CWHms4,CWHms4/112,Bg,2,Bg,5,BG,FALSE
1498,CWHms4,CWHms4/112,Dr,2,Dr,5,BG,FALSE
1499,CWHms4,CWHms4/112,Ep,3,Ep,5,BG,FALSE
1500,CWHms4,CWHms4/112,Mb,3,Mb,5,BG,FALSE
1501,CWHms4,CWHms4/Wb50.2,Plc,2,Pl,2,BG,FALSE
1502,CWHms4,CWHms4/Wb50.2,Cw,3,Cw,3,BG,FALSE
1503,CWHms4,CWHms4/Wb50.2,Hm,NA,Hm,3,BG,FALSE
1504,CWHms4,CWHms4/Wb50.2,Hw,3,Hw,3,BG,FALSE
1505,CWHms4,CWHms4/Wb50.2,Yc,NA,Yc,3,BG,FALSE
1506,CWHms4,CWHms4/Ws56.1,Ba,NA,Ba,2,BG,FALSE
1507,CWHms4,CWHms4/Ws56.1,Cw,2,Cw,2,BG,FALSE
1508,CWHms4,CWHms4/Ws56.1,Hm,NA,Hm,3,BG,FALSE
1509,CWHms4,CWHms4/Ws56.1,Hw,3,Hw,3,BG,FALSE
1510,CWHms4,CWHms4/Ws56.1,Pw,3,Pw,3,BG,FALSE
1511,CWHms4,CWHms4/Ws56.1,Sxw,NA,Sx,3,BG,FALSE
1512,CWHms4,CWHms4/Ws56.1,Yc,2,Yc,3,BG,FALSE
1513,CWHms4,CWHms4/Ws56.1,Act,3,Ac,4,BG,FALSE
1514,CWHms4,CWHms4/Ws56.1,Ss,4,Ss,4,BG,FALSE
1515,CWHms4,CWHms4/Ws56.1,Sxl,4,Ss,4,BG,FALSE
1516,CWHms4,CWHms4/Ws56.1,Dr,3,Dr,5,BG,FALSE
1517,CWHms4,CWHms4/Ws56.1,Ep,3,Ep,5,BG,FALSE
1518,CWHms4,CWHms4/Ws56.1,Mb,5,Mb,5,BG,FALSE
1519,CWHms5,CWHms5/101,Ba,2,Ba,1,BG,FALSE
1520,CWHms5,CWHms5/101,Hw,2,Hw,1,BG,FALSE
1521,CWHms5,CWHms5/101,Cw,2,Cw,2,BG,FALSE
1522,CWHms5,CWHms5/101,Fdc,1,Fd,2,BG,FALSE
1523,CWHms5,CWHms5/101,Act,3,Ac,3,BG,FALSE
1524,CWHms5,CWHms5/101,Bl,NA,Bl,3,BG,FALSE
1525,CWHms5,CWHms5/101,Ep,3,Ep,3,BG,FALSE
1526,CWHms5,CWHms5/101,Hm,NA,Hm,3,BG,FALSE
1527,CWHms5,CWHms5/101,Sx,NA,Sx,3,BG,FALSE
1528,CWHms5,CWHms5/101,Bp,4,Bp,4,BG,TRUE
1529,CWHms5,CWHms5/101,Dr,3,Dr,4,BG,FALSE
1530,CWHms5,CWHms5/101,Ss,4,Ss,4,BG,FALSE
1531,CWHms5,CWHms5/101,Yc,3,Yc,5,BG,FALSE
1532,CWHms5,CWHms5/101,Mb,5,Mb,5,BG,FALSE
1533,CWHms5,CWHms5/101.1,Ba,2,Ba,1,BG,FALSE
1534,CWHms5,CWHms5/101.1,Hw,2,Hw,1,BG,FALSE
1535,CWHms5,CWHms5/101.1,Cw,2,Cw,2,BG,FALSE
1536,CWHms5,CWHms5/101.1,Fdc,1,Fd,2,BG,FALSE
1537,CWHms5,CWHms5/101.1,Act,3,Ac,3,BG,FALSE
1538,CWHms5,CWHms5/101.1,Bl,NA,Bl,3,BG,FALSE
1539,CWHms5,CWHms5/101.1,Ep,3,Ep,3,BG,FALSE
1540,CWHms5,CWHms5/101.1,Hm,NA,Hm,3,BG,FALSE
1541,CWHms5,CWHms5/101.1,Sx,NA,Sx,3,BG,FALSE
1542,CWHms5,CWHms5/101.1,Bp,4,Bp,4,BG,TRUE
1543,CWHms5,CWHms5/101.1,Dr,3,Dr,4,BG,FALSE
1544,CWHms5,CWHms5/101.1,Ss,4,Ss,4,BG,FALSE
1545,CWHms5,CWHms5/101.1,Yc,3,Yc,5,BG,FALSE
1546,CWHms5,CWHms5/101.1,Mb,5,Mb,5,BG,FALSE
1547,CWHms5,CWHms5/101.2,Fdc,NA,Fd,1,BG,FALSE
1548,CWHms5,CWHms5/101.2,Hw,NA,Hw,1,BG,FALSE
1549,CWHms5,CWHms5/101.2,Ba,NA,Ba,2,BG,FALSE
1550,CWHms5,CWHms5/101.2,Cw,NA,Cw,2,BG,FALSE
1551,CWHms5,CWHms5/101.2,Bl,NA,Bl,3,BG,FALSE
1552,CWHms5,CWHms5/101.2,Hm,NA,Hm,3,BG,FALSE
1553,CWHms5,CWHms5/101.2,Pw,NA,Pw,3,BG,FALSE
1554,CWHms5,CWHms5/101.2,Sx,NA,Sx,3,BG,FALSE
1555,CWHms5,CWHms5/102,Fdc,2,Fd,2,BG,FALSE
1556,CWHms5,CWHms5/102,Pl,2,Pl,2,BG,FALSE
1557,CWHms5,CWHms5/102,Ep,3,Ep,3,BG,FALSE
1558,CWHms5,CWHms5/102,Hw,3,Hw,3,BG,FALSE
1559,CWHms5,CWHms5/103,Fdc,1,Fd,1,BG,FALSE
1560,CWHms5,CWHms5/103,Hw,3,Hw,1,BG,FALSE
1561,CWHms5,CWHms5/103,Act,3,Ac,3,BG,FALSE
1562,CWHms5,CWHms5/103,Ba,3,Ba,3,BG,FALSE
1563,CWHms5,CWHms5/103,Bl,NA,Bl,3,BG,FALSE
1564,CWHms5,CWHms5/103,Cw,3,Cw,3,BG,FALSE
1565,CWHms5,CWHms5/103,Lw,3,Lw,3,BG,TRUE
1566,CWHms5,CWHms5/103,Plc,NA,Pl,3,BG,FALSE
1567,CWHms5,CWHms5/103,Pw,NA,Pw,3,BG,FALSE
1568,CWHms5,CWHms5/103,Sx,NA,Sx,3,BG,FALSE
1569,CWHms5,CWHms5/103,Ep,3,Ep,4,BG,FALSE
1570,CWHms5,CWHms5/103,Dr,3,Dr,5,BG,FALSE
1571,CWHms5,CWHms5/103,Mb,5,Mb,5,BG,FALSE
1572,CWHms5,CWHms5/103,Ss,4,Ss,5,BG,FALSE
1573,CWHms5,CWHms5/103,Sxl,4,Ss,5,BG,FALSE
1574,CWHms5,CWHms5/103.1,Fdc,1,Fd,1,BG,FALSE
1575,CWHms5,CWHms5/103.1,Hw,3,Hw,1,BG,FALSE
1576,CWHms5,CWHms5/103.1,Act,3,Ac,3,BG,FALSE
1577,CWHms5,CWHms5/103.1,Ba,3,Ba,3,BG,FALSE
1578,CWHms5,CWHms5/103.1,Bl,NA,Bl,3,BG,FALSE
1579,CWHms5,CWHms5/103.1,Cw,3,Cw,3,BG,FALSE
1580,CWHms5,CWHms5/103.1,Lw,3,Lw,3,BG,TRUE
1581,CWHms5,CWHms5/103.1,Plc,NA,Pl,3,BG,FALSE
1582,CWHms5,CWHms5/103.1,Pw,NA,Pw,3,BG,FALSE
1583,CWHms5,CWHms5/103.1,Sx,NA,Sx,3,BG,FALSE
1584,CWHms5,CWHms5/103.1,Ep,3,Ep,4,BG,FALSE
1585,CWHms5,CWHms5/103.1,Dr,3,Dr,5,BG,FALSE
1586,CWHms5,CWHms5/103.1,Mb,5,Mb,5,BG,FALSE
1587,CWHms5,CWHms5/103.1,Ss,4,Ss,5,BG,FALSE
1588,CWHms5,CWHms5/103.1,Sxl,4,Ss,5,BG,FALSE
1589,CWHms5,CWHms5/103.2,Fdc,NA,Fd,1,BG,FALSE
1590,CWHms5,CWHms5/103.2,Hw,NA,Hw,1,BG,FALSE
1591,CWHms5,CWHms5/103.2,Ba,NA,Ba,3,BG,FALSE
1592,CWHms5,CWHms5/103.2,Bl,NA,Bl,3,BG,FALSE
1593,CWHms5,CWHms5/103.2,Cw,NA,Cw,3,BG,FALSE
1594,CWHms5,CWHms5/103.2,Plc,NA,Pl,3,BG,FALSE
1595,CWHms5,CWHms5/103.2,Pw,NA,Pw,3,BG,FALSE
1596,CWHms5,CWHms5/103.2,Sx,NA,Sx,4,BG,FALSE
1597,CWHms5,CWHms5/110,Cw,2,Cw,1,BG,FALSE
1598,CWHms5,CWHms5/110,Hw,2,Hw,1,BG,FALSE
1599,CWHms5,CWHms5/110,Act,2,Ac,2,BG,FALSE
1600,CWHms5,CWHms5/110,Ba,2,Ba,2,BG,FALSE
1601,CWHms5,CWHms5/110,Fdc,1,Fd,2,BG,FALSE
1602,CWHms5,CWHms5/110,Pw,2,Pw,2,BG,FALSE
1603,CWHms5,CWHms5/110,Bg,3,Bg,3,BG,FALSE
1604,CWHms5,CWHms5/110,Ep,3,Ep,3,BG,FALSE
1605,CWHms5,CWHms5/110,Lw,3,Lw,3,BG,TRUE
1606,CWHms5,CWHms5/110,Sxw,NA,Sx,3,BG,FALSE
1607,CWHms5,CWHms5/110,Bp,4,Bp,4,BG,TRUE
1608,CWHms5,CWHms5/110,Dr,3,Dr,4,BG,FALSE
1609,CWHms5,CWHms5/110,Mb,3,Mb,4,BG,FALSE
1610,CWHms5,CWHms5/110,Ss,4,Ss,4,BG,FALSE
1611,CWHms5,CWHms5/110,Sxl,4,Ss,4,BG,FALSE
1612,CWHms5,CWHms5/110,Yc,2,Yc,5,BG,FALSE
1613,CWHms5,CWHms5/111,Ba,2,Ba,1,BG,FALSE
1614,CWHms5,CWHms5/111,Cw,2,Cw,2,BG,FALSE
1615,CWHms5,CWHms5/111,Hw,1,Hw,2,BG,FALSE
1616,CWHms5,CWHms5/111,Act,3,Ac,3,BG,FALSE
1617,CWHms5,CWHms5/111,Ep,3,Ep,3,BG,FALSE
1618,CWHms5,CWHms5/111,Dr,3,Dr,4,BG,FALSE
1619,CWHms5,CWHms5/111,Yc,2,Yc,4,BG,FALSE
1620,CWHms5,CWHms5/111,Mb,5,Mb,5,BG,FALSE
1621,CWHms5,CWHms5/112,Hw,1,Hw,1,BG,FALSE
1622,CWHms5,CWHms5/112,Act,2,Ac,2,BG,FALSE
1623,CWHms5,CWHms5/112,Ba,2,Ba,2,BG,FALSE
1624,CWHms5,CWHms5/112,Bg,2,Bg,2,BG,FALSE
1625,CWHms5,CWHms5/112,Cw,2,Cw,2,BG,FALSE
1626,CWHms5,CWHms5/112,Fdc,2,Fd,2,BG,FALSE
1627,CWHms5,CWHms5/112,Dr,2,Dr,3,BG,FALSE
1628,CWHms5,CWHms5/112,Ep,3,Ep,3,BG,FALSE
1629,CWHms5,CWHms5/112,Mb,3,Mb,3,BG,FALSE
1630,CWHms5,CWHms5/112,Pw,2,Pw,3,BG,FALSE
1631,CWHms5,CWHms5/112,Sx,NA,Sx,3,BG,FALSE
1632,CWHms5,CWHms5/112,Bp,4,Bp,4,BG,TRUE
1633,CWHms5,CWHms5/112,Ss,4,Ss,4,BG,FALSE
1634,CWHms5,CWHms5/112,Sxl,4,Ss,4,BG,FALSE
1635,CWHms5,CWHms5/112,Yc,2,Yc,4,BG,FALSE
1636,CWHms5,CWHms5/113,Act,2,Ac,1,BG,FALSE
1637,CWHms5,CWHms5/113,Ba,1,Ba,2,BG,FALSE
1638,CWHms5,CWHms5/113,Cw,2,Cw,2,BG,FALSE
1639,CWHms5,CWHms5/113,Fdc,2,Fd,2,BG,FALSE
1640,CWHms5,CWHms5/113,Hw,2,Hw,2,BG,FALSE
1641,CWHms5,CWHms5/113,Ss,4,Ss,2,BG,FALSE
1642,CWHms5,CWHms5/113,Sxl,4,Ss,2,BG,FALSE
1643,CWHms5,CWHms5/113,Sxw,NA,Sx,2,BG,FALSE
1644,CWHms5,CWHms5/113,Dr,2,Dr,3,BG,FALSE
1645,CWHms5,CWHms5/113,Ep,3,Ep,3,BG,FALSE
1646,CWHms5,CWHms5/113,Mb,3,Mb,3,BG,FALSE
1647,CWHms5,CWHms5/Fl51,Act,1,Ac,2,BG,FALSE
1648,CWHms5,CWHms5/Fl51,Dr,3,Dr,3,BG,FALSE
1649,CWHms5,CWHms5/Fl51,Ep,3,Ep,3,BG,FALSE
1650,CWHms5,CWHms5/Fl51,Mb,3,Mb,3,BG,FALSE
1651,CWHms5,CWHms5/Fl51,Ss,NA,Ss,3,BG,FALSE
1652,CWHms5,CWHms5/Fl51,Sx,NA,Sx,3,BG,FALSE
1653,CWHms5,CWHms5/Fm51.1,Act,1,Ac,1,BG,FALSE
1654,CWHms5,CWHms5/Fm51.1,Ba,2,Ba,3,BG,FALSE
1655,CWHms5,CWHms5/Fm51.1,Cw,3,Cw,3,BG,FALSE
1656,CWHms5,CWHms5/Fm51.1,Dr,2,Dr,3,BG,FALSE
1657,CWHms5,CWHms5/Fm51.1,Ep,3,Ep,3,BG,FALSE
1658,CWHms5,CWHms5/Fm51.1,Hw,3,Hw,3,BG,FALSE
1659,CWHms5,CWHms5/Fm51.1,Mb,3,Mb,3,BG,FALSE
1660,CWHms5,CWHms5/Fm51.1,Sxl,NA,Ss,3,BG,FALSE
1661,CWHms5,CWHms5/Fm51.1,Sxw,NA,Sx,3,BG,FALSE
1662,CWHms5,CWHms5/Wb50.2,Plc,2,Pl,2,BG,FALSE
1663,CWHms5,CWHms5/Wb50.2,Cw,3,Cw,3,BG,FALSE
1664,CWHms5,CWHms5/Wb50.2,Hw,3,Hw,3,BG,FALSE
1665,CWHms5,CWHms5/Wm,X,NA,X,NA,VC,FALSE
1666,CWHms5,CWHms5/Ws56.1,Ba,NA,Ba,2,BG,FALSE
1667,CWHms5,CWHms5/Ws56.1,Cw,2,Cw,2,BG,FALSE
1668,CWHms5,CWHms5/Ws56.1,Act,3,Ac,3,BG,FALSE
1669,CWHms5,CWHms5/Ws56.1,Dr,3,Dr,3,BG,FALSE
1670,CWHms5,CWHms5/Ws56.1,Ep,3,Ep,3,BG,FALSE
1671,CWHms5,CWHms5/Ws56.1,Hm,NA,Hm,3,BG,FALSE
1672,CWHms5,CWHms5/Ws56.1,Hw,3,Hw,3,BG,FALSE
1673,CWHms5,CWHms5/Ws56.1,Pw,3,Pw,3,BG,FALSE
1674,CWHms5,CWHms5/Ws56.1,Ss,4,Ss,3,BG,FALSE
1675,CWHms5,CWHms5/Ws56.1,Sxl,4,Ss,3,BG,FALSE
1676,CWHms5,CWHms5/Ws56.1,Sxw,NA,Sx,3,BG,FALSE
1677,CWHms5,CWHms5/Ws56.1,Yc,2,Yc,5,BG,FALSE
1678,CWHms5,CWHms5/Ws56.1,Mb,5,Mb,5,BG,FALSE
1679,CWHvh1,CWHvh1/101,Cw,1,Cw,1,AB,FALSE
1680,CWHvh1,CWHvh1/101,Hw,1,Hw,1,AB,FALSE
1681,CWHvh1,CWHvh1/101,Ba,2,Ba,2,AB,FALSE
1682,CWHvh1,CWHvh1/101,Plc,2,Pl,2,AB,FALSE
1683,CWHvh1,CWHvh1/101,Yc,2,Yc,2,AB,FALSE
1684,CWHvh1,CWHvh1/101,Dr,3,Dr,3,AB,FALSE
1685,CWHvh1,CWHvh1/101,Ss,3,Ss,3,AB,FALSE
1686,CWHvh1,CWHvh1/101,Mb,5,Mb,5,AB,FALSE
1687,CWHvh1,CWHvh1/102,Plc,2,Pl,2,AB,FALSE
1688,CWHvh1,CWHvh1/102,Cw,3,Cw,3,AB,FALSE
1689,CWHvh1,CWHvh1/102,Hw,3,Hw,3,AB,FALSE
1690,CWHvh1,CWHvh1/102,Yc,3,Yc,3,AB,FALSE
1691,CWHvh1,CWHvh1/102,Dr,5,Dr,5,AB,FALSE
1692,CWHvh1,CWHvh1/103,Hw,1,Hw,1,AB,FALSE
1693,CWHvh1,CWHvh1/103,Cw,2,Cw,2,AB,FALSE
1694,CWHvh1,CWHvh1/103,Plc,2,Pl,2,AB,FALSE
1695,CWHvh1,CWHvh1/103,Yc,2,Yc,2,AB,FALSE
1696,CWHvh1,CWHvh1/103,Ba,NA,Ba,3,AB,FALSE
1697,CWHvh1,CWHvh1/103,Dr,3,Dr,3,AB,FALSE
1698,CWHvh1,CWHvh1/103,Ss,NA,Ss,4,AB,FALSE
1699,CWHvh1,CWHvh1/103,Mb,5,Mb,5,AB,FALSE
1700,CWHvh1,CWHvh1/104,Hw,1,Hw,1,AB,FALSE
1701,CWHvh1,CWHvh1/104,Cw,1,Cw,2,AB,FALSE
1702,CWHvh1,CWHvh1/104,Ba,2,Ba,2,AB,FALSE
1703,CWHvh1,CWHvh1/104,Ss,3,Ss,3,AB,FALSE
1704,CWHvh1,CWHvh1/104,Yc,3,Yc,3,AB,FALSE
1705,CWHvh1,CWHvh1/104,Dr,3,Dr,3,AB,FALSE
1706,CWHvh1,CWHvh1/104,Mb,5,Mb,5,AB,FALSE
1707,CWHvh1,CWHvh1/105,Ba,1,Ba,1,AB,FALSE
1708,CWHvh1,CWHvh1/105,Cw,1,Cw,1,AB,FALSE
1709,CWHvh1,CWHvh1/105,Hw,1,Hw,1,AB,FALSE
1710,CWHvh1,CWHvh1/105,Ss,1,Ss,2,AB,FALSE
1711,CWHvh1,CWHvh1/105,Dr,2,Dr,2,AB,FALSE
1712,CWHvh1,CWHvh1/105,Yc,2,Yc,3,AB,FALSE
1713,CWHvh1,CWHvh1/105,Mb,5,Mb,5,AB,FALSE
1714,CWHvh1,CWHvh1/110,Ba,1,Ba,1,AB,FALSE
1715,CWHvh1,CWHvh1/110,Cw,1,Cw,1,AB,FALSE
1716,CWHvh1,CWHvh1/110,Hw,1,Hw,1,AB,FALSE
1717,CWHvh1,CWHvh1/110,Ss,1,Ss,1,AB,FALSE
1718,CWHvh1,CWHvh1/110,Dr,2,Dr,2,AB,FALSE
1719,CWHvh1,CWHvh1/110,Yc,2,Yc,2,AB,FALSE
1720,CWHvh1,CWHvh1/110,Mb,5,Mb,5,AB,FALSE
1721,CWHvh1,CWHvh1/111,Ba,1,Ba,1,AB,FALSE
1722,CWHvh1,CWHvh1/111,Cw,1,Cw,1,AB,FALSE
1723,CWHvh1,CWHvh1/111,Dr,1,Dr,1,AB,FALSE
1724,CWHvh1,CWHvh1/111,Ss,1,Ss,1,AB,FALSE
1725,CWHvh1,CWHvh1/111,Hw,2,Hw,2,AB,FALSE
1726,CWHvh1,CWHvh1/111,Mb,3,Mb,3,AB,FALSE
1727,CWHvh1,CWHvh1/112,Cw,2,Cw,2,AB,FALSE
1728,CWHvh1,CWHvh1/112,Hw,2,Hw,2,AB,FALSE
1729,CWHvh1,CWHvh1/112,Plc,2,Pl,2,AB,FALSE
1730,CWHvh1,CWHvh1/112,Yc,2,Yc,2,AB,FALSE
1731,CWHvh1,CWHvh1/112,Ba,NA,Ba,3,AB,FALSE
1732,CWHvh1,CWHvh1/112,Dr,3,Dr,3,AB,FALSE
1733,CWHvh1,CWHvh1/112,Ss,3,Ss,3,AB,FALSE
1734,CWHvh1,CWHvh1/120,Plc,2,Pl,2,AB,FALSE
1735,CWHvh1,CWHvh1/120,Ss,1,Ss,2,AB,FALSE
1736,CWHvh1,CWHvh1/120,Cw,3,Cw,3,AB,FALSE
1737,CWHvh1,CWHvh1/120,Dr,3,Dr,3,AB,FALSE
1738,CWHvh1,CWHvh1/120,Hw,3,Hw,3,AB,FALSE
1739,CWHvh1,CWHvh1/120.1,Plc,2,Pl,2,AB,FALSE
1740,CWHvh1,CWHvh1/120.1,Ss,1,Ss,2,AB,FALSE
1741,CWHvh1,CWHvh1/120.1,Cw,3,Cw,3,AB,FALSE
1742,CWHvh1,CWHvh1/120.1,Dr,3,Dr,3,AB,FALSE
1743,CWHvh1,CWHvh1/120.1,Hw,3,Hw,3,AB,FALSE
1744,CWHvh1,CWHvh1/120.2,Dr,2,Dr,2,AB,FALSE
1745,CWHvh1,CWHvh1/120.2,Plc,2,Pl,2,AB,FALSE
1746,CWHvh1,CWHvh1/120.2,Ss,1,Ss,2,AB,FALSE
1747,CWHvh1,CWHvh1/120.2,Cw,3,Cw,3,AB,FALSE
1748,CWHvh1,CWHvh1/120.2,Hw,3,Hw,3,AB,FALSE
1749,CWHvh1,CWHvh1/121,Dr,2,Dr,2,AB,FALSE
1750,CWHvh1,CWHvh1/121,Plc,NA,Pl,2,AB,FALSE
1751,CWHvh1,CWHvh1/121,Ss,1,Ss,2,AB,FALSE
1752,CWHvh1,CWHvh1/121,Cw,2,Cw,3,AB,FALSE
1753,CWHvh1,CWHvh1/121,Hw,3,Hw,3,AB,FALSE
1754,CWHvh1,CWHvh1/Bb,X,NA,X,NA,VC,FALSE
1755,CWHvh1,CWHvh1/Br,X,NA,X,NA,VC,FALSE
1756,CWHvh1,CWHvh1/Em,X,NA,X,NA,VC,FALSE
1757,CWHvh1,CWHvh1/Fl51,Dr,1,Dr,1,AB,FALSE
1758,CWHvh1,CWHvh1/Fl51,Mb,5,Mb,3,AB,FALSE
1759,CWHvh1,CWHvh1/Fm52,Dr,1,Dr,1,AB,FALSE
1760,CWHvh1,CWHvh1/Fm52,Ss,1,Ss,1,AB,FALSE
1761,CWHvh1,CWHvh1/Fm52,Mb,3,Mb,2,AB,FALSE
1762,CWHvh1,CWHvh1/Fm52,Ba,2,Ba,2,AB,FALSE
1763,CWHvh1,CWHvh1/Fm52,Cw,2,Cw,2,AB,FALSE
1764,CWHvh1,CWHvh1/Fm52,Hw,2,Hw,2,AB,FALSE
1765,CWHvh1,CWHvh1/Wb53,Plc,1,Pl,2,AB,FALSE
1766,CWHvh1,CWHvh1/Wb53,Yc,2,Yc,2,AB,FALSE
1767,CWHvh1,CWHvh1/Wb53,Cw,3,Cw,3,AB,FALSE
1768,CWHvh1,CWHvh1/Wb53,Hw,3,Hw,3,AB,FALSE
1769,CWHvh1,CWHvh1/Ws54,Cw,1,Cw,1,AB,FALSE
1770,CWHvh1,CWHvh1/Ws54,Dr,2,Dr,2,AB,FALSE
1771,CWHvh1,CWHvh1/Ws54,Ss,2,Ss,2,AB,FALSE
1772,CWHvh1,CWHvh1/Ws54,Yc,2,Yc,2,AB,FALSE
1773,CWHvh1,CWHvh1/Ws54,Hw,3,Hw,3,AB,FALSE
1774,CWHvh1,CWHvh1/Ws54,Plc,3,Pl,3,AB,FALSE
1775,CWHvh1,CWHvh1/Ws54,Mb,5,Mb,5,AB,FALSE
1776,CWHvh1,CWHvh1/Ws56,Cw,NA,Cw,1,AB,FALSE
1777,CWHvh1,CWHvh1/Ws56,Ss,NA,Ss,1,AB,FALSE
1778,CWHvh1,CWHvh1/Ws56,Dr,NA,Dr,2,AB,FALSE
1779,CWHvh1,CWHvh1/Ws56,Yc,NA,Yc,2,AB,FALSE
1780,CWHvh1,CWHvh1/Ws56,Hw,NA,Hw,3,AB,FALSE
1781,CWHvh1,CWHvh1/Ws56,Plc,NA,Pl,3,AB,FALSE
1782,CWHvh1,CWHvh1/Ws56,Mb,NA,Mb,5,AB,FALSE
1783,CWHvh1,CWHvh1/Ws58,Yc,NA,Yc,1,AB,FALSE
1784,CWHvh1,CWHvh1/Ws58,Cw,NA,Cw,2,AB,FALSE
1785,CWHvh1,CWHvh1/Ws58,Dr,NA,Dr,2,AB,FALSE
1786,CWHvh1,CWHvh1/Ws58,Plc,NA,Pl,2,AB,FALSE
1787,CWHvh1,CWHvh1/Ws58,Hw,NA,Hw,3,AB,FALSE
1788,CWHvh1,CWHvh1/Ws58,Ss,NA,Ss,3,AB,FALSE
1789,CWHvh1,CWHvh1/Ws60,Dr,NA,Dr,2,AB,FALSE
1790,CWHvh1,CWHvh1/Ws60,Ss,1,Ss,2,AB,FALSE
1791,CWHvh1,CWHvh1/Ws60,Up,NA,Up,2,SAS-HAK,FALSE
1792,CWHvh1,CWHvh1/Ws60,Cw,3,Cw,3,AB,FALSE
1793,CWHvh2,CWHvh2/101,Cw,1,Cw,1,AB,FALSE
1794,CWHvh2,CWHvh2/101,Hw,1,Hw,1,AB,FALSE
1795,CWHvh2,CWHvh2/101,Yc,2,Yc,1,AB,FALSE
1796,CWHvh2,CWHvh2/101,Plc,2,Pl,2,AB,FALSE
1797,CWHvh2,CWHvh2/101,Ba,3,Ba,3,AB,FALSE
1798,CWHvh2,CWHvh2/101,Dr,3,Dr,3,AB,FALSE
1799,CWHvh2,CWHvh2/101,Ss,5,Ss,3,AB,FALSE
1800,CWHvh2,CWHvh2/102,Plc,2,Pl,2,AB,FALSE
1801,CWHvh2,CWHvh2/102,Cw,2,Cw,3,AB,FALSE
1802,CWHvh2,CWHvh2/102,Hw,3,Hw,3,AB,FALSE
1803,CWHvh2,CWHvh2/102,Yc,2,Yc,3,AB,FALSE
1804,CWHvh2,CWHvh2/102,Dr,3,Dr,4,AB,FALSE
1805,CWHvh2,CWHvh2/103,Cw,1,Cw,1,AB,FALSE
1806,CWHvh2,CWHvh2/103,Hw,1,Hw,1,AB,FALSE
1807,CWHvh2,CWHvh2/103,Plc,1,Pl,1,AB,FALSE
1808,CWHvh2,CWHvh2/103,Yc,3,Yc,2,AB,FALSE
1809,CWHvh2,CWHvh2/103,Ba,NA,Ba,3,AB,FALSE
1810,CWHvh2,CWHvh2/103,Dr,3,Dr,3,AB,FALSE
1811,CWHvh2,CWHvh2/103,Ss,5,Ss,3,AB,FALSE
1812,CWHvh2,CWHvh2/104,Cw,1,Cw,1,AB,FALSE
1813,CWHvh2,CWHvh2/104,Hw,1,Hw,1,AB,FALSE
1814,CWHvh2,CWHvh2/104,Ba,1,Ba,2,AB,FALSE
1815,CWHvh2,CWHvh2/104,Dr,2,Dr,2,AB,FALSE
1816,CWHvh2,CWHvh2/104,Ss,1,Ss,2,AB,FALSE
1817,CWHvh2,CWHvh2/104,Yc,3,Yc,3,AB,FALSE
1818,CWHvh2,CWHvh2/105,Ba,1,Ba,1,AB,FALSE
1819,CWHvh2,CWHvh2/105,Cw,1,Cw,1,AB,FALSE
1820,CWHvh2,CWHvh2/105,Hw,1,Hw,1,AB,FALSE
1821,CWHvh2,CWHvh2/105,Ss,1,Ss,1,AB,FALSE
1822,CWHvh2,CWHvh2/105,Dr,2,Dr,2,AB,FALSE
1823,CWHvh2,CWHvh2/105,Yc,3,Yc,3,AB,FALSE
1824,CWHvh2,CWHvh2/110,Ba,1,Ba,1,AB,FALSE
1825,CWHvh2,CWHvh2/110,Cw,1,Cw,1,AB,FALSE
1826,CWHvh2,CWHvh2/110,Hw,1,Hw,1,AB,FALSE
1827,CWHvh2,CWHvh2/110,Ss,1,Ss,1,AB,FALSE
1828,CWHvh2,CWHvh2/110,Dr,2,Dr,2,AB,FALSE
1829,CWHvh2,CWHvh2/110,Yc,3,Yc,3,AB,FALSE
1830,CWHvh2,CWHvh2/111,Ba,1,Ba,1,AB,FALSE
1831,CWHvh2,CWHvh2/111,Cw,1,Cw,1,AB,FALSE
1832,CWHvh2,CWHvh2/111,Ss,1,Ss,1,AB,FALSE
1833,CWHvh2,CWHvh2/111,Dr,2,Dr,2,AB,FALSE
1834,CWHvh2,CWHvh2/111,Hw,2,Hw,2,AB,FALSE
1835,CWHvh2,CWHvh2/111,Yc,3,Yc,3,AB,FALSE
1836,CWHvh2,CWHvh2/112,Cw,1,Cw,1,AB,FALSE
1837,CWHvh2,CWHvh2/112,Ss,1,Ss,1,AB,FALSE
1838,CWHvh2,CWHvh2/112,Dr,2,Dr,1,AB,FALSE
1839,CWHvh2,CWHvh2/112,Ba,2,Ba,2,AB,FALSE
1840,CWHvh2,CWHvh2/112,Hw,2,Hw,2,AB,FALSE
1841,CWHvh2,CWHvh2/113,Cw,2,Cw,2,AB,FALSE
1842,CWHvh2,CWHvh2/113,Hw,2,Hw,2,AB,FALSE
1843,CWHvh2,CWHvh2/113,Plc,2,Pl,2,AB,FALSE
1844,CWHvh2,CWHvh2/113,Yc,3,Yc,2,AB,FALSE
1845,CWHvh2,CWHvh2/113,Dr,3,Dr,3,AB,FALSE
1846,CWHvh2,CWHvh2/113,Hm,3,Hm,3,AB,FALSE
1847,CWHvh2,CWHvh2/120,Ss,2,Ss,2,AB,FALSE
1848,CWHvh2,CWHvh2/120,Cw,3,Cw,3,AB,FALSE
1849,CWHvh2,CWHvh2/120,Dr,3,Dr,3,AB,FALSE
1850,CWHvh2,CWHvh2/120,Hw,3,Hw,3,AB,FALSE
1851,CWHvh2,CWHvh2/120,Plc,3,Pl,3,AB,FALSE
1852,CWHvh2,CWHvh2/120.1,Ss,2,Ss,2,AB,FALSE
1853,CWHvh2,CWHvh2/120.1,Cw,3,Cw,3,AB,FALSE
1854,CWHvh2,CWHvh2/120.1,Dr,3,Dr,3,AB,FALSE
1855,CWHvh2,CWHvh2/120.1,Hw,3,Hw,3,AB,FALSE
1856,CWHvh2,CWHvh2/120.1,Plc,3,Pl,3,AB,FALSE
1857,CWHvh2,CWHvh2/120.2,Ss,2,Ss,2,AB,FALSE
1858,CWHvh2,CWHvh2/120.2,Cw,3,Cw,3,AB,FALSE
1859,CWHvh2,CWHvh2/120.2,Dr,3,Dr,3,AB,FALSE
1860,CWHvh2,CWHvh2/120.2,Hw,3,Hw,3,AB,FALSE
1861,CWHvh2,CWHvh2/120.2,Plc,3,Pl,3,AB,FALSE
1862,CWHvh2,CWHvh2/Bb,X,NA,X,NA,VC,FALSE
1863,CWHvh2,CWHvh2/Br,X,NA,X,NA,VC,FALSE
1864,CWHvh2,CWHvh2/Em,X,NA,X,NA,VC,FALSE
1865,CWHvh2,CWHvh2/Fl51,Dr,1,Dr,1,AB,FALSE
1866,CWHvh2,CWHvh2/Fm52,Dr,1,Dr,1,AB,FALSE
1867,CWHvh2,CWHvh2/Fm52,Ss,1,Ss,1,AB,FALSE
1868,CWHvh2,CWHvh2/Fm52,Ba,2,Ba,2,AB,FALSE
1869,CWHvh2,CWHvh2/Fm52,Cw,2,Cw,2,AB,FALSE
1870,CWHvh2,CWHvh2/Fm52,Hw,3,Hw,3,AB,FALSE
1871,CWHvh2,CWHvh2/Wb53,Plc,2,Pl,2,AB,FALSE
1872,CWHvh2,CWHvh2/Wb53,Yc,3,Yc,2,AB,FALSE
1873,CWHvh2,CWHvh2/Wb53,Cw,3,Cw,3,AB,FALSE
1874,CWHvh2,CWHvh2/Wb53,Hw,3,Hw,3,AB,FALSE
1875,CWHvh2,CWHvh2/Ws54,Cw,1,Cw,1,AB,FALSE
1876,CWHvh2,CWHvh2/Ws54,Ss,2,Ss,2,AB,FALSE
1877,CWHvh2,CWHvh2/Ws54,Yc,3,Yc,2,AB,FALSE
1878,CWHvh2,CWHvh2/Ws54,Ba,3,Ba,3,AB,FALSE
1879,CWHvh2,CWHvh2/Ws54,Dr,3,Dr,3,AB,FALSE
1880,CWHvh2,CWHvh2/Ws54,Hm,3,Hm,3,AB,FALSE
1881,CWHvh2,CWHvh2/Ws54,Hw,3,Hw,3,AB,FALSE
1882,CWHvh2,CWHvh2/Ws54,Plc,3,Pl,3,AB,FALSE
1883,CWHvh2,CWHvh2/Ws56,Cw,NA,Cw,1,AB,FALSE
1884,CWHvh2,CWHvh2/Ws56,Ss,NA,Ss,2,AB,FALSE
1885,CWHvh2,CWHvh2/Ws56,Yc,NA,Yc,2,AB,FALSE
1886,CWHvh2,CWHvh2/Ws56,Ba,NA,Ba,3,AB,FALSE
1887,CWHvh2,CWHvh2/Ws56,Dr,NA,Dr,3,AB,FALSE
1888,CWHvh2,CWHvh2/Ws56,Hm,NA,Hm,3,AB,FALSE
1889,CWHvh2,CWHvh2/Ws56,Hw,NA,Hw,3,AB,FALSE
1890,CWHvh2,CWHvh2/Ws56,Plc,NA,Pl,3,AB,FALSE
1891,CWHvh2,CWHvh2/Ws58,Cw,NA,Cw,2,SAS-HAK,NA
1892,CWHvh2,CWHvh2/Ws58,Dr,NA,Dr,2,SAS-HAK,NA
1893,CWHvh2,CWHvh2/Ws58,Plc,NA,Pl,2,SAS-HAK,NA
1894,CWHvh2,CWHvh2/Ws58,Yc,NA,Yc,2,SAS-HAK,NA
1895,CWHvh2,CWHvh2/Ws58,Hw,NA,Hw,3,SAS-HAK,NA
1896,CWHvh2,CWHvh2/Ws58,Ss,NA,Ss,3,SAS-HAK,NA
1897,CWHvh2,CWHvh2/Ws60,Ss,2,Ss,2,AB,FALSE
1898,CWHvh2,CWHvh2/Ws60,Up,NA,Up,2,SAS-HAK,NA
1899,CWHvh2,CWHvh2/Ws60,Cw,3,Cw,3,AB,FALSE
1900,CWHvh2,CWHvh2/Ws60,Dr,3,Dr,3,AB,FALSE
1901,CWHvh2,CWHvh2/Ws60,Act,NA,Ac,5,AB,FALSE
1902,CWHvh3,CWHvh3/103.1,Cw,NA,Cw,3,SAS-HAK,FALSE
1903,CWHvh3,CWHvh3/103.2,Cw,NA,Cw,5,SAS-HAK,FALSE
1904,CWHvm1,CWHvm1/101,Ba,1,Ba,1,AB,FALSE
1905,CWHvm1,CWHvm1/101,Cw,1,Cw,1,AB,FALSE
1906,CWHvm1,CWHvm1/101,Hw,1,Hw,1,AB,FALSE
1907,CWHvm1,CWHvm1/101,Dr,2,Dr,2,AB,FALSE
1908,CWHvm1,CWHvm1/101,Fdc,2,Fd,2,AB,FALSE
1909,CWHvm1,CWHvm1/101,Act,3,Ac,3,AB,FALSE
1910,CWHvm1,CWHvm1/101,Mb,3,Mb,3,AB,FALSE
1911,CWHvm1,CWHvm1/101,Plc,3,Pl,3,AB,FALSE
1912,CWHvm1,CWHvm1/101,Ss,3,Ss,4,AB,FALSE
1913,CWHvm1,CWHvm1/102,Plc,2,Pl,2,AB,FALSE
1914,CWHvm1,CWHvm1/102,Cw,3,Cw,3,AB,FALSE
1915,CWHvm1,CWHvm1/102,Fdc,2,Fd,3,AB,FALSE
1916,CWHvm1,CWHvm1/102,Hw,3,Hw,3,AB,FALSE
1917,CWHvm1,CWHvm1/102,Yc,3,Yc,4,AB,FALSE
1918,CWHvm1,CWHvm1/103,Hw,1,Hw,1,AB,FALSE
1919,CWHvm1,CWHvm1/103,Cw,2,Cw,2,AB,FALSE
1920,CWHvm1,CWHvm1/103,Fdc,2,Fd,2,AB,FALSE
1921,CWHvm1,CWHvm1/103,Plc,2,Pl,2,AB,FALSE
1922,CWHvm1,CWHvm1/103,Act,3,Ac,3,AB,FALSE
1923,CWHvm1,CWHvm1/103,Ba,NA,Ba,3,AB,FALSE
1924,CWHvm1,CWHvm1/103,Dr,3,Dr,3,AB,FALSE
1925,CWHvm1,CWHvm1/103,Mb,3,Mb,3,AB,FALSE
1926,CWHvm1,CWHvm1/104,Hw,1,Hw,1,AB,FALSE
1927,CWHvm1,CWHvm1/104,Cw,2,Cw,2,AB,FALSE
1928,CWHvm1,CWHvm1/104,Fdc,2,Fd,2,AB,FALSE
1929,CWHvm1,CWHvm1/104,Plc,2,Pl,2,AB,FALSE
1930,CWHvm1,CWHvm1/104,Act,3,Ac,3,AB,FALSE
1931,CWHvm1,CWHvm1/104,Ba,NA,Ba,3,AB,FALSE
1932,CWHvm1,CWHvm1/104,Dr,3,Dr,3,AB,FALSE
1933,CWHvm1,CWHvm1/104,Mb,3,Mb,3,AB,FALSE
1934,CWHvm1,CWHvm1/105,Hw,1,Hw,1,AB,FALSE
1935,CWHvm1,CWHvm1/105,Ba,3,Ba,2,AB,FALSE
1936,CWHvm1,CWHvm1/105,Cw,2,Cw,2,AB,FALSE
1937,CWHvm1,CWHvm1/105,Dr,2,Dr,2,AB,FALSE
1938,CWHvm1,CWHvm1/105,Fdc,2,Fd,2,AB,FALSE
1939,CWHvm1,CWHvm1/105,Act,3,Ac,3,AB,FALSE
1940,CWHvm1,CWHvm1/105,Mb,3,Mb,3,AB,FALSE
1941,CWHvm1,CWHvm1/105,Pw,3,Pw,3,AB,FALSE
1942,CWHvm1,CWHvm1/105,Ss,2,Ss,4,AB,FALSE
1943,CWHvm1,CWHvm1/110,Ba,1,Ba,1,AB,FALSE
1944,CWHvm1,CWHvm1/110,Cw,1,Cw,1,AB,FALSE
1945,CWHvm1,CWHvm1/110,Hw,2,Hw,1,AB,FALSE
1946,CWHvm1,CWHvm1/110,Act,2,Ac,2,AB,FALSE
1947,CWHvm1,CWHvm1/110,Dr,2,Dr,2,AB,FALSE
1948,CWHvm1,CWHvm1/110,Fdc,2,Fd,2,AB,FALSE
1949,CWHvm1,CWHvm1/110,Mb,2,Mb,2,AB,FALSE
1950,CWHvm1,CWHvm1/110,Pw,3,Pw,3,AB,FALSE
1951,CWHvm1,CWHvm1/110,Ss,2,Ss,4,AB,FALSE
1952,CWHvm1,CWHvm1/111,Ba,1,Ba,1,AB,FALSE
1953,CWHvm1,CWHvm1/111,Cw,1,Cw,1,AB,FALSE
1954,CWHvm1,CWHvm1/111,Hw,1,Hw,1,AB,FALSE
1955,CWHvm1,CWHvm1/111,Dr,2,Dr,2,AB,FALSE
1956,CWHvm1,CWHvm1/111,Act,3,Ac,3,AB,FALSE
1957,CWHvm1,CWHvm1/111,Mb,3,Mb,3,AB,FALSE
1958,CWHvm1,CWHvm1/111,Ss,3,Ss,4,AB,FALSE
1959,CWHvm1,CWHvm1/111,Yc,3,Yc,5,AB,FALSE
1960,CWHvm1,CWHvm1/111.1,Ba,1,Ba,1,AB,FALSE
1961,CWHvm1,CWHvm1/111.1,Cw,1,Cw,1,AB,FALSE
1962,CWHvm1,CWHvm1/111.1,Hw,1,Hw,1,AB,FALSE
1963,CWHvm1,CWHvm1/111.1,Dr,2,Dr,2,AB,FALSE
1964,CWHvm1,CWHvm1/111.1,Act,3,Ac,3,AB,FALSE
1965,CWHvm1,CWHvm1/111.1,Mb,3,Mb,3,AB,FALSE
1966,CWHvm1,CWHvm1/111.1,Ss,3,Ss,4,AB,FALSE
1967,CWHvm1,CWHvm1/111.1,Yc,3,Yc,5,AB,FALSE
1968,CWHvm1,CWHvm1/111.2,Cw,1,Cw,1,AB,FALSE
1969,CWHvm1,CWHvm1/111.2,Hw,1,Hw,1,AB,FALSE
1970,CWHvm1,CWHvm1/111.2,Ba,1,Ba,2,AB,FALSE
1971,CWHvm1,CWHvm1/111.2,Dr,2,Dr,2,AB,FALSE
1972,CWHvm1,CWHvm1/111.2,Act,3,Ac,3,AB,FALSE
1973,CWHvm1,CWHvm1/111.2,Mb,3,Mb,3,AB,FALSE
1974,CWHvm1,CWHvm1/111.2,Ss,3,Ss,4,AB,FALSE
1975,CWHvm1,CWHvm1/111.2,Yc,3,Yc,5,AB,FALSE
1976,CWHvm1,CWHvm1/112,Ba,1,Ba,1,AB,FALSE
1977,CWHvm1,CWHvm1/112,Cw,1,Cw,1,AB,FALSE
1978,CWHvm1,CWHvm1/112,Act,2,Ac,2,AB,FALSE
1979,CWHvm1,CWHvm1/112,Dr,2,Dr,2,AB,FALSE
1980,CWHvm1,CWHvm1/112,Hw,2,Hw,2,AB,FALSE
1981,CWHvm1,CWHvm1/112,Mb,2,Mb,2,AB,FALSE
1982,CWHvm1,CWHvm1/112,Ss,2,Ss,4,AB,FALSE
1983,CWHvm1,CWHvm1/112,Fdc,4,Fd,4,AB,FALSE
1984,CWHvm1,CWHvm1/112.1,Ba,1,Ba,1,AB,FALSE
1985,CWHvm1,CWHvm1/112.1,Cw,1,Cw,1,AB,FALSE
1986,CWHvm1,CWHvm1/112.1,Act,2,Ac,2,AB,FALSE
1987,CWHvm1,CWHvm1/112.1,Dr,2,Dr,2,AB,FALSE
1988,CWHvm1,CWHvm1/112.1,Hw,2,Hw,2,AB,FALSE
1989,CWHvm1,CWHvm1/112.1,Mb,2,Mb,2,AB,FALSE
1990,CWHvm1,CWHvm1/112.1,Ss,2,Ss,4,AB,FALSE
1991,CWHvm1,CWHvm1/112.1,Fdc,4,Fd,5,AB,FALSE
1992,CWHvm1,CWHvm1/112.2,Ba,1,Ba,1,AB,FALSE
1993,CWHvm1,CWHvm1/112.2,Cw,1,Cw,1,AB,FALSE
1994,CWHvm1,CWHvm1/112.2,Act,2,Ac,2,AB,FALSE
1995,CWHvm1,CWHvm1/112.2,Dr,2,Dr,2,AB,FALSE
1996,CWHvm1,CWHvm1/112.2,Hw,2,Hw,2,AB,FALSE
1997,CWHvm1,CWHvm1/112.2,Mb,NA,Mb,3,SAS-HAK,FALSE
1998,CWHvm1,CWHvm1/112.2,Ss,2,Ss,4,AB,FALSE
1999,CWHvm1,CWHvm1/113,Cw,NA,Cw,2,SAS-HAK,FALSE
2000,CWHvm1,CWHvm1/113,Hw,NA,Hw,2,SAS-HAK,FALSE
2001,CWHvm1,CWHvm1/113,Hm,NA,Hm,3,SAS-HAK,FALSE
2002,CWHvm1,CWHvm1/113,Yc,NA,Yc,3,SAS-HAK,FALSE
2003,CWHvm1,CWHvm1/114,Act,1,Ac,1,AB,FALSE
2004,CWHvm1,CWHvm1/114,Ba,1,Ba,1,AB,FALSE
2005,CWHvm1,CWHvm1/114,Cw,1,Cw,1,AB,FALSE
2006,CWHvm1,CWHvm1/114,Dr,1,Dr,1,AB,FALSE
2007,CWHvm1,CWHvm1/114,Mb,3,Mb,1,AB,FALSE
2008,CWHvm1,CWHvm1/114,Ss,1,Ss,1,AB,FALSE
2009,CWHvm1,CWHvm1/114,Hw,1,Hw,2,AB,FALSE
2010,CWHvm1,CWHvm1/Fl50,Act,NA,Act,2,SAS-HAK,FALSE
2011,CWHvm1,CWHvm1/Fl50,Dr,NA,Dr,2,SAS-HAK,FALSE
2012,CWHvm1,CWHvm1/Fl50,Mb,NA,Mb,3,SAS-HAK,FALSE
2013,CWHvm1,CWHvm1/Fl51,Dr,NA,Dr,1,SAS-HAK,FALSE
2014,CWHvm1,CWHvm1/Fl51,Act,NA,Act,2,SAS-HAK,FALSE
2015,CWHvm1,CWHvm1/Fl51,Mb,NA,Mb,3,SAS-HAK,FALSE
2016,CWHvm1,CWHvm1/Fm50,Act,1,Ac,1,AB,FALSE
2017,CWHvm1,CWHvm1/Fm50,Dr,1,Dr,1,AB,FALSE
2018,CWHvm1,CWHvm1/Fm50,Ba,1,Ba,2,AB,FALSE
2019,CWHvm1,CWHvm1/Fm50,Cw,2,Cw,2,AB,FALSE
2020,CWHvm1,CWHvm1/Fm50,Hw,2,Hw,2,AB,FALSE
2021,CWHvm1,CWHvm1/Fm50,Mb,3,Mb,2,AB,FALSE
2022,CWHvm1,CWHvm1/Fm50,Ss,2,Ss,2,AB,FALSE
2023,CWHvm1,CWHvm1/Fm52,Act,1,Ac,1,AB,FALSE
2024,CWHvm1,CWHvm1/Fm52,Mb,NA,Dr,1,AB,FALSE
2025,CWHvm1,CWHvm1/Fm52,Mb,NA,Mb,1,AB,FALSE
2026,CWHvm1,CWHvm1/Fm52,Ba,1,Ba,2,AB,FALSE
2027,CWHvm1,CWHvm1/Fm52,Cw,2,Cw,2,AB,FALSE
2028,CWHvm1,CWHvm1/Fm52,Hw,NA,Hw,2,AB,FALSE
2029,CWHvm1,CWHvm1/Fm52,Ss,NA,Ss,2,AB,FALSE
2030,CWHvm1,CWHvm1/Wb51,Plc,1,Pl,2,AB,FALSE
2031,CWHvm1,CWHvm1/Wb51,Cw,NA,Cw,3,AB,FALSE
2032,CWHvm1,CWHvm1/Wb51,Hm,3,Hm,3,AB,FALSE
2033,CWHvm1,CWHvm1/Wb51,Hw,NA,Hw,3,AB,FALSE
2034,CWHvm1,CWHvm1/Wb51,Yc,3,Yc,3,AB,FALSE
2035,CWHvm1,CWHvm1/Wb55,Plc,1,Pl,2,AB,FALSE
2036,CWHvm1,CWHvm1/Wb55,Cw,3,Cw,3,AB,FALSE
2037,CWHvm1,CWHvm1/Wb55,Hm,3,Hm,3,AB,FALSE
2038,CWHvm1,CWHvm1/Wb55,Hw,NA,Hw,3,AB,FALSE
2039,CWHvm1,CWHvm1/Wb55,Yc,3,Yc,3,AB,FALSE
2040,CWHvm1,CWHvm1/Wf,X,NA,X,NA,VC,FALSE
2041,CWHvm1,CWHvm1/Wm,X,NA,X,NA,VC,FALSE
2042,CWHvm1,CWHvm1/Ws54,Cw,1,Cw,1,AB,FALSE
2043,CWHvm1,CWHvm1/Ws54,Hw,2,Hw,2,AB,FALSE
2044,CWHvm1,CWHvm1/Ws54,Act,3,Ac,3,AB,FALSE
2045,CWHvm1,CWHvm1/Ws54,Ba,3,Ba,3,AB,FALSE
2046,CWHvm1,CWHvm1/Ws54,Dr,3,Dr,3,AB,FALSE
2047,CWHvm1,CWHvm1/Ws54,Mb,3,Mb,3,AB,FALSE
2048,CWHvm1,CWHvm1/Ws54,Plc,3,Pl,3,AB,FALSE
2049,CWHvm1,CWHvm1/Ws54,Ss,2,Ss,4,AB,FALSE
2050,CWHvm1,CWHvm1/Ws54,Hm,3,Hm,4,AB,FALSE
2051,CWHvm1,CWHvm1/Ws56,Cw,NA,Cw,1,AB,FALSE
2052,CWHvm1,CWHvm1/Ws56,Hw,NA,Hw,2,AB,FALSE
2053,CWHvm1,CWHvm1/Ws56,Ss,NA,Ss,2,AB,FALSE
2054,CWHvm1,CWHvm1/Ws56,Act,NA,Ac,3,AB,FALSE
2055,CWHvm1,CWHvm1/Ws56,Ba,NA,Ba,3,AB,FALSE
2056,CWHvm1,CWHvm1/Ws56,Dr,NA,Dr,3,AB,FALSE
2057,CWHvm1,CWHvm1/Ws56,Mb,NA,Mb,3,AB,FALSE
2058,CWHvm1,CWHvm1/Ws56,Plc,NA,Pl,3,AB,FALSE
2059,CWHvm1,CWHvm1/Ws56,Hm,NA,Hm,4,AB,FALSE
2060,CWHvm1,CWHvm1/Ws58,Cw,NA,Cw,2,AB,FALSE
2061,CWHvm1,CWHvm1/Ws58,Hw,NA,Hw,2,AB,FALSE
2062,CWHvm1,CWHvm1/Ws58,Plc,NA,Pl,2,AB,FALSE
2063,CWHvm1,CWHvm1/Ws58,Ss,NA,Ss,3,AB,FALSE
2064,CWHvm1,CWHvm1/Ws58,Hm,NA,Hm,4,AB,FALSE
2065,CWHvm1,CWHvm1/Ws60,Ss,NA,Ss,2,AB,FALSE
2066,CWHvm1,CWHvm1/Ws60,Cw,NA,Cw,3,AB,FALSE
2067,CWHvm1,CWHvm1/Ws60,Dr,NA,Dr,3,AB,FALSE
2068,CWHvm2,CWHvm2/101,Ba,1,Ba,1,AB,FALSE
2069,CWHvm2,CWHvm2/101,Hw,1,Hw,1,AB,FALSE
2070,CWHvm2,CWHvm2/101,Cw,2,Cw,2,AB,FALSE
2071,CWHvm2,CWHvm2/101,Hm,2,Hm,2,AB,FALSE
2072,CWHvm2,CWHvm2/101,Yc,2,Yc,2,AB,FALSE
2073,CWHvm2,CWHvm2/101,Fdc,3,Fd,3,AB,FALSE
2074,CWHvm2,CWHvm2/101,Ss,2,Ss,4,AB,FALSE
2075,CWHvm2,CWHvm2/102,Plc,2,Pl,2,AB,FALSE
2076,CWHvm2,CWHvm2/102,Cw,3,Cw,3,AB,FALSE
2077,CWHvm2,CWHvm2/102,Fdc,3,Fd,3,AB,FALSE
2078,CWHvm2,CWHvm2/102,Hm,3,Hm,3,AB,FALSE
2079,CWHvm2,CWHvm2/102,Hw,3,Hw,3,AB,FALSE
2080,CWHvm2,CWHvm2/102,Yc,2,Yc,4,AB,FALSE
2081,CWHvm2,CWHvm2/103,Hw,1,Hw,1,AB,FALSE
2082,CWHvm2,CWHvm2/103,Cw,2,Cw,2,AB,FALSE
2083,CWHvm2,CWHvm2/103,Hm,2,Hm,2,AB,FALSE
2084,CWHvm2,CWHvm2/103,Yc,3,Yc,2,AB,FALSE
2085,CWHvm2,CWHvm2/103,Ba,NA,Ba,3,AB,FALSE
2086,CWHvm2,CWHvm2/103,Fdc,3,Fd,3,AB,FALSE
2087,CWHvm2,CWHvm2/103,Plc,3,Pl,3,AB,FALSE
2088,CWHvm2,CWHvm2/103,Pw,5,Pw,5,AB,FALSE
2089,CWHvm2,CWHvm2/104,Hm,NA,Hm,2,AB,FALSE
2090,CWHvm2,CWHvm2/104,Yc,NA,Yc,2,AB,FALSE
2091,CWHvm2,CWHvm2/104,Ba,NA,Ba,3,AB,FALSE
2092,CWHvm2,CWHvm2/104,Cw,NA,Cw,3,AB,FALSE
2093,CWHvm2,CWHvm2/104,Hw,NA,Hw,3,AB,FALSE
2094,CWHvm2,CWHvm2/104,Plc,NA,Pl,3,AB,FALSE
2095,CWHvm2,CWHvm2/104,Fdc,NA,Fd,5,AB,FALSE
2096,CWHvm2,CWHvm2/104,Pw,NA,Pw,5,AB,FALSE
2097,CWHvm2,CWHvm2/105,Hw,NA,Hw,1,AB,FALSE
2098,CWHvm2,CWHvm2/105,Ba,NA,Ba,2,AB,FALSE
2099,CWHvm2,CWHvm2/105,Cw,NA,Cw,2,AB,FALSE
2100,CWHvm2,CWHvm2/105,Fdc,NA,Fd,2,AB,FALSE
2101,CWHvm2,CWHvm2/105,Hm,NA,Hm,2,AB,FALSE
2102,CWHvm2,CWHvm2/105,Yc,NA,Yc,2,AB,FALSE
2103,CWHvm2,CWHvm2/105,Plc,NA,Pl,3,AB,FALSE
2104,CWHvm2,CWHvm2/105,Pw,NA,Pw,5,AB,FALSE
2105,CWHvm2,CWHvm2/110,Ba,1,Ba,1,AB,FALSE
2106,CWHvm2,CWHvm2/110,Cw,1,Cw,2,AB,FALSE
2107,CWHvm2,CWHvm2/110,Hw,2,Hw,2,AB,FALSE
2108,CWHvm2,CWHvm2/110,Yc,2,Yc,3,AB,FALSE
2109,CWHvm2,CWHvm2/110,Fdc,3,Fd,3,AB,FALSE
2110,CWHvm2,CWHvm2/110,Hm,3,Hm,3,AB,FALSE
2111,CWHvm2,CWHvm2/110,Pw,3,Pw,3,AB,FALSE
2112,CWHvm2,CWHvm2/110,Ss,2,Ss,4,AB,FALSE
2113,CWHvm2,CWHvm2/111,Ba,1,Ba,1,AB,FALSE
2114,CWHvm2,CWHvm2/111,Hw,1,Hw,1,AB,FALSE
2115,CWHvm2,CWHvm2/111,Cw,1,Cw,2,AB,FALSE
2116,CWHvm2,CWHvm2/111,Hm,2,Hm,2,AB,FALSE
2117,CWHvm2,CWHvm2/111,Yc,2,Yc,2,AB,FALSE
2118,CWHvm2,CWHvm2/111,Ss,3,Ss,4,AB,FALSE
2119,CWHvm2,CWHvm2/111,Fdc,4,Fd,4,AB,FALSE
2120,CWHvm2,CWHvm2/111.1,Ba,1,Ba,1,AB,FALSE
2121,CWHvm2,CWHvm2/111.1,Hw,1,Hw,1,AB,FALSE
2122,CWHvm2,CWHvm2/111.1,Cw,1,Cw,2,AB,FALSE
2123,CWHvm2,CWHvm2/111.1,Hm,2,Hm,2,AB,FALSE
2124,CWHvm2,CWHvm2/111.1,Yc,2,Yc,2,AB,FALSE
2125,CWHvm2,CWHvm2/111.1,Ss,3,Ss,4,AB,FALSE
2126,CWHvm2,CWHvm2/111.1,Fdc,4,Fd,4,AB,FALSE
2127,CWHvm2,CWHvm2/111.2,Hw,1,Hw,1,AB,FALSE
2128,CWHvm2,CWHvm2/111.2,Ba,1,Ba,2,AB,FALSE
2129,CWHvm2,CWHvm2/111.2,Cw,1,Cw,2,AB,FALSE
2130,CWHvm2,CWHvm2/111.2,Hm,2,Hm,2,AB,FALSE
2131,CWHvm2,CWHvm2/111.2,Yc,2,Yc,2,AB,FALSE
2132,CWHvm2,CWHvm2/111.2,Ss,3,Ss,4,AB,FALSE
2133,CWHvm2,CWHvm2/111.2,Fdc,4,Fd,4,AB,FALSE
2134,CWHvm2,CWHvm2/112,Ba,1,Ba,1,AB,FALSE
2135,CWHvm2,CWHvm2/112,Cw,1,Cw,2,AB,FALSE
2136,CWHvm2,CWHvm2/112,Hw,2,Hw,2,AB,FALSE
2137,CWHvm2,CWHvm2/112,Yc,2,Yc,2,AB,FALSE
2138,CWHvm2,CWHvm2/112,Hm,3,Hm,3,AB,FALSE
2139,CWHvm2,CWHvm2/112,Ss,2,Ss,4,AB,FALSE
2140,CWHvm2,CWHvm2/112,Fdc,4,Fd,4,AB,FALSE
2141,CWHvm2,CWHvm2/112.1,Ba,1,Ba,1,AB,FALSE
2142,CWHvm2,CWHvm2/112.1,Cw,1,Cw,2,AB,FALSE
2143,CWHvm2,CWHvm2/112.1,Hw,2,Hw,2,AB,FALSE
2144,CWHvm2,CWHvm2/112.1,Yc,2,Yc,2,AB,FALSE
2145,CWHvm2,CWHvm2/112.1,Hm,3,Hm,3,AB,FALSE
2146,CWHvm2,CWHvm2/112.1,Ss,2,Ss,4,AB,FALSE
2147,CWHvm2,CWHvm2/112.1,Fdc,4,Fd,4,AB,FALSE
2148,CWHvm2,CWHvm2/112.2,Ba,1,Ba,1,AB,FALSE
2149,CWHvm2,CWHvm2/112.2,Cw,2,Cw,2,AB,FALSE
2150,CWHvm2,CWHvm2/112.2,Hw,2,Hw,2,AB,FALSE
2151,CWHvm2,CWHvm2/112.2,Hm,3,Hm,3,AB,FALSE
2152,CWHvm2,CWHvm2/112.2,Yc,2,Yc,3,AB,FALSE
2153,CWHvm2,CWHvm2/112.2,Ss,2,Ss,4,AB,FALSE
2154,CWHvm2,CWHvm2/113,Ba,1,Ba,2,AB,FALSE
2155,CWHvm2,CWHvm2/113,Cw,2,Cw,2,AB,FALSE
2156,CWHvm2,CWHvm2/113,Hm,2,Hm,2,AB,FALSE
2157,CWHvm2,CWHvm2/113,Hw,2,Hw,2,AB,FALSE
2158,CWHvm2,CWHvm2/113,Yc,3,Yc,2,AB,FALSE
2159,CWHvm2,CWHvm2/113,Plc,2,Pl,3,AB,FALSE
2160,CWHvm2,CWHvm2/114,Cw,NA,Cw,2,AB,FALSE
2161,CWHvm2,CWHvm2/114,Hm,NA,Hm,2,AB,FALSE
2162,CWHvm2,CWHvm2/114,Yc,NA,Yc,2,AB,FALSE
2163,CWHvm2,CWHvm2/114,Ba,NA,Ba,3,AB,FALSE
2164,CWHvm2,CWHvm2/114,Hw,NA,Hw,3,AB,FALSE
2165,CWHvm2,CWHvm2/114,Plc,NA,Pl,3,AB,FALSE
2166,CWHvm2,CWHvm2/115,Yc,NA,Yc,2,AB,FALSE
2167,CWHvm2,CWHvm2/115,Ba,NA,Ba,3,AB,FALSE
2168,CWHvm2,CWHvm2/115,Cw,NA,Cw,3,AB,FALSE
2169,CWHvm2,CWHvm2/115,Hm,NA,Hm,3,AB,FALSE
2170,CWHvm2,CWHvm2/115,Hw,NA,Hw,3,AB,FALSE
2171,CWHvm2,CWHvm2/115,Plc,NA,Pl,3,AB,FALSE
2172,CWHvm2,CWHvm2/Wb51,Ba,NA,Ba,3,AB,FALSE
2173,CWHvm2,CWHvm2/Wb51,Hm,2,Hm,3,AB,FALSE
2174,CWHvm2,CWHvm2/Wb51,Hw,NA,Hw,3,AB,FALSE
2175,CWHvm2,CWHvm2/Wb51,Plc,2,Pl,3,AB,FALSE
2176,CWHvm2,CWHvm2/Wb51,Yc,2,Yc,3,AB,FALSE
2177,CWHvm2,CWHvm2/Wb53,Ba,NA,Ba,3,AB,FALSE
2178,CWHvm2,CWHvm2/Wb53,Hm,NA,Hm,3,AB,FALSE
2179,CWHvm2,CWHvm2/Wb53,Hw,NA,Hw,3,AB,FALSE
2180,CWHvm2,CWHvm2/Wb53,Plc,NA,Pl,3,AB,FALSE
2181,CWHvm2,CWHvm2/Wb53,Yc,NA,Yc,3,AB,FALSE
2182,CWHvm2,CWHvm2/Wf,X,NA,X,NA,VC,FALSE
2183,CWHvm2,CWHvm2/Wm,X,NA,X,NA,VC,FALSE
2184,CWHvm2,CWHvm2/Ws55,Cw,1,Cw,2,AB,FALSE
2185,CWHvm2,CWHvm2/Ws55,Yc,3,Yc,2,AB,FALSE
2186,CWHvm2,CWHvm2/Ws55,Ba,NA,Ba,3,AB,FALSE
2187,CWHvm2,CWHvm2/Ws55,Hm,2,Hm,3,AB,FALSE
2188,CWHvm2,CWHvm2/Ws55,Hw,2,Hw,3,AB,FALSE
2189,CWHvm2,CWHvm2/Ws55,Ss,3,Ss,4,AB,FALSE
2190,CWHvm3,CWHvm3/101,Ba,1,Ba,1,AB,FALSE
2191,CWHvm3,CWHvm3/101,Cw,1,Cw,1,AB,FALSE
2192,CWHvm3,CWHvm3/101,Hw,1,Hw,1,AB,FALSE
2193,CWHvm3,CWHvm3/101,Dr,2,Dr,2,AB,FALSE
2194,CWHvm3,CWHvm3/101,Ss,3,Ss,2,AB,FALSE
2195,CWHvm3,CWHvm3/101,Act,3,Ac,3,AB,FALSE
2196,CWHvm3,CWHvm3/101,Plc,3,Pl,3,AB,FALSE
2197,CWHvm3,CWHvm3/101,Fdc,2,Fd,4,AB,FALSE
2198,CWHvm3,CWHvm3/101,Mb,3,Mb,4,AB,FALSE
2199,CWHvm3,CWHvm3/102,Cw,3,Cw,3,AB,FALSE
2200,CWHvm3,CWHvm3/102,Hw,3,Hw,3,AB,FALSE
2201,CWHvm3,CWHvm3/102,Plc,2,Pl,3,AB,FALSE
2202,CWHvm3,CWHvm3/102,Yc,3,Yc,3,AB,FALSE
2203,CWHvm3,CWHvm3/102,Fdc,2,Fd,4,AB,FALSE
2204,CWHvm3,CWHvm3/103,Hw,1,Hw,1,AB,FALSE
2205,CWHvm3,CWHvm3/103,Cw,2,Cw,2,AB,FALSE
2206,CWHvm3,CWHvm3/103,Plc,2,Pl,3,AB,FALSE
2207,CWHvm3,CWHvm3/103,Act,3,Ac,3,AB,FALSE
2208,CWHvm3,CWHvm3/103,Ba,NA,Ba,3,AB,FALSE
2209,CWHvm3,CWHvm3/103,Dr,3,Dr,3,AB,FALSE
2210,CWHvm3,CWHvm3/103,Fdc,2,Fd,4,AB,FALSE
2211,CWHvm3,CWHvm3/103,Mb,3,Mb,5,AB,FALSE
2212,CWHvm3,CWHvm3/104,Hw,1,Hw,1,AB,FALSE
2213,CWHvm3,CWHvm3/104,Ba,3,Ba,2,AB,FALSE
2214,CWHvm3,CWHvm3/104,Cw,2,Cw,2,AB,FALSE
2215,CWHvm3,CWHvm3/104,Dr,2,Dr,2,AB,FALSE
2216,CWHvm3,CWHvm3/104,Ss,2,Ss,2,AB,FALSE
2217,CWHvm3,CWHvm3/104,Act,3,Ac,3,AB,FALSE
2218,CWHvm3,CWHvm3/104,Mb,3,Mb,3,AB,FALSE
2219,CWHvm3,CWHvm3/104,Fdc,2,Fd,4,AB,FALSE
2220,CWHvm3,CWHvm3/104,Pw,3,Pw,5,AB,FALSE
2221,CWHvm3,CWHvm3/110,Ba,1,Ba,1,AB,FALSE
2222,CWHvm3,CWHvm3/110,Cw,1,Cw,1,AB,FALSE
2223,CWHvm3,CWHvm3/110,Act,2,Ac,2,AB,FALSE
2224,CWHvm3,CWHvm3/110,Dr,2,Dr,2,AB,FALSE
2225,CWHvm3,CWHvm3/110,Hw,2,Hw,2,AB,FALSE
2226,CWHvm3,CWHvm3/110,Ss,2,Ss,2,AB,FALSE
2227,CWHvm3,CWHvm3/110,Fdc,2,Fd,4,AB,FALSE
2228,CWHvm3,CWHvm3/110,Mb,2,Mb,5,AB,FALSE
2229,CWHvm3,CWHvm3/110,Pw,3,Pw,5,AB,FALSE
2230,CWHvm3,CWHvm3/111,Ba,1,Ba,1,AB,FALSE
2231,CWHvm3,CWHvm3/111,Cw,1,Cw,1,AB,FALSE
2232,CWHvm3,CWHvm3/111,Hw,1,Hw,1,AB,FALSE
2233,CWHvm3,CWHvm3/111,Dr,2,Dr,2,AB,FALSE
2234,CWHvm3,CWHvm3/111,Ss,3,Ss,2,AB,FALSE
2235,CWHvm3,CWHvm3/111,Act,3,Ac,3,AB,FALSE
2236,CWHvm3,CWHvm3/111,Mb,3,Mb,5,AB,FALSE
2237,CWHvm3,CWHvm3/111,Yc,3,Yc,5,AB,FALSE
2238,CWHvm3,CWHvm3/111.1,Ba,1,Ba,1,AB,FALSE
2239,CWHvm3,CWHvm3/111.1,Cw,1,Cw,1,AB,FALSE
2240,CWHvm3,CWHvm3/111.1,Hw,1,Hw,1,AB,FALSE
2241,CWHvm3,CWHvm3/111.1,Dr,2,Dr,2,AB,FALSE
2242,CWHvm3,CWHvm3/111.1,Ss,3,Ss,2,AB,FALSE
2243,CWHvm3,CWHvm3/111.1,Act,3,Ac,3,AB,FALSE
2244,CWHvm3,CWHvm3/111.1,Mb,3,Mb,5,AB,FALSE
2245,CWHvm3,CWHvm3/111.1,Yc,3,Yc,5,AB,FALSE
2246,CWHvm3,CWHvm3/111.2,Cw,1,Cw,1,AB,FALSE
2247,CWHvm3,CWHvm3/111.2,Hw,1,Hw,1,AB,FALSE
2248,CWHvm3,CWHvm3/111.2,Ba,1,Ba,2,AB,FALSE
2249,CWHvm3,CWHvm3/111.2,Dr,2,Dr,2,AB,FALSE
2250,CWHvm3,CWHvm3/111.2,Act,3,Ac,3,AB,FALSE
2251,CWHvm3,CWHvm3/111.2,Ss,3,Ss,3,AB,FALSE
2252,CWHvm3,CWHvm3/111.2,Yc,3,Yc,4,AB,FALSE
2253,CWHvm3,CWHvm3/111.2,Mb,3,Mb,5,AB,FALSE
2254,CWHvm3,CWHvm3/112,Ba,1,Ba,1,AB,FALSE
2255,CWHvm3,CWHvm3/112,Cw,1,Cw,1,AB,FALSE
2256,CWHvm3,CWHvm3/112,Ss,2,Ss,1,AB,FALSE
2257,CWHvm3,CWHvm3/112,Act,2,Ac,2,AB,FALSE
2258,CWHvm3,CWHvm3/112,Dr,2,Dr,2,AB,FALSE
2259,CWHvm3,CWHvm3/112,Hw,2,Hw,2,AB,FALSE
2260,CWHvm3,CWHvm3/112,Mb,2,Mb,5,AB,FALSE
2261,CWHvm3,CWHvm3/112,Fdc,4,Fd,5,AB,FALSE
2262,CWHvm3,CWHvm3/112.1,Ba,1,Ba,1,AB,FALSE
2263,CWHvm3,CWHvm3/112.1,Cw,1,Cw,1,AB,FALSE
2264,CWHvm3,CWHvm3/112.1,Ss,2,Ss,1,AB,FALSE
2265,CWHvm3,CWHvm3/112.1,Act,2,Ac,2,AB,FALSE
2266,CWHvm3,CWHvm3/112.1,Dr,2,Dr,2,AB,FALSE
2267,CWHvm3,CWHvm3/112.1,Hw,2,Hw,2,AB,FALSE
2268,CWHvm3,CWHvm3/112.1,Mb,2,Mb,5,AB,FALSE
2269,CWHvm3,CWHvm3/112.1,Fdc,4,Fd,5,AB,FALSE
2270,CWHvm3,CWHvm3/112.2,Ba,1,Ba,1,AB,FALSE
2271,CWHvm3,CWHvm3/112.2,Cw,1,Cw,1,AB,FALSE
2272,CWHvm3,CWHvm3/112.2,Ss,2,Ss,1,AB,FALSE
2273,CWHvm3,CWHvm3/112.2,Act,2,Ac,2,AB,FALSE
2274,CWHvm3,CWHvm3/112.2,Dr,2,Dr,2,AB,FALSE
2275,CWHvm3,CWHvm3/112.2,Hw,2,Hw,2,AB,FALSE
2276,CWHvm3,CWHvm3/113,Cw,2,Cw,2,AB,FALSE
2277,CWHvm3,CWHvm3/113,Hw,1,Hw,2,AB,FALSE
2278,CWHvm3,CWHvm3/113,Plc,2,Pl,2,AB,FALSE
2279,CWHvm3,CWHvm3/113,Yc,2,Yc,2,AB,FALSE
2280,CWHvm3,CWHvm3/113,Dr,3,Dr,3,AB,FALSE
2281,CWHvm3,CWHvm3/113,Hm,3,Hm,3,AB,FALSE
2282,CWHvm3,CWHvm3/114,Act,1,Ac,1,AB,FALSE
2283,CWHvm3,CWHvm3/114,Ba,1,Ba,1,AB,FALSE
2284,CWHvm3,CWHvm3/114,Cw,1,Cw,1,AB,FALSE
2285,CWHvm3,CWHvm3/114,Dr,1,Dr,1,AB,FALSE
2286,CWHvm3,CWHvm3/114,Ss,1,Ss,1,AB,FALSE
2287,CWHvm3,CWHvm3/114,Hw,1,Hw,1,AB,FALSE
2288,CWHvm3,CWHvm3/114,Mb,3,Mb,5,AB,FALSE
2289,CWHvm3,CWHvm3/Fl50,Dr,1,Dr,1,AB,FALSE
2290,CWHvm3,CWHvm3/Fl50,Act,1,Ac,2,AB,FALSE
2291,CWHvm3,CWHvm3/Fl50,Mb,3,Mb,5,AB,FALSE
2292,CWHvm3,CWHvm3/Fl51,Dr,1,Dr,1,AB,FALSE
2293,CWHvm3,CWHvm3/Fl51,Act,1,Ac,2,AB,FALSE
2294,CWHvm3,CWHvm3/Fl51,Mb,3,Mb,5,AB,FALSE
2295,CWHvm3,CWHvm3/Fm50,Act,1,Ac,1,AB,FALSE
2296,CWHvm3,CWHvm3/Fm50,Dr,1,Dr,1,AB,FALSE
2297,CWHvm3,CWHvm3/Fm50,Ba,1,Ba,1,AB,FALSE
2298,CWHvm3,CWHvm3/Fm50,Cw,2,Cw,2,AB,FALSE
2299,CWHvm3,CWHvm3/Fm50,Hw,2,Hw,2,AB,FALSE
2300,CWHvm3,CWHvm3/Fm50,Ss,2,Ss,2,AB,FALSE
2301,CWHvm3,CWHvm3/Fm50,Mb,3,Mb,5,AB,FALSE
2302,CWHvm3,CWHvm3/Wb51,Plc,1,Pl,2,AB,FALSE
2303,CWHvm3,CWHvm3/Wb51,Cw,3,Cw,3,AB,FALSE
2304,CWHvm3,CWHvm3/Wb51,Hm,3,Hm,3,AB,FALSE
2305,CWHvm3,CWHvm3/Wb51,Hw,NA,Hw,3,AB,FALSE
2306,CWHvm3,CWHvm3/Wb51,Yc,3,Yc,3,AB,FALSE
2307,CWHvm3,CWHvm3/Wb53,Plc,NA,Pl,2,SAS-HAK,FALSE
2308,CWHvm3,CWHvm3/Wb53,Cw,NA,Cw,3,SAS-HAK,FALSE
2309,CWHvm3,CWHvm3/Wb53,Hm,NA,Hm,3,SAS-HAK,FALSE
2310,CWHvm3,CWHvm3/Wb53,Hw,NA,Hw,3,SAS-HAK,FALSE
2311,CWHvm3,CWHvm3/Wb53,Yc,NA,Yc,3,SAS-HAK,FALSE
2312,CWHvm3,CWHvm3/Wf,X,NA,X,NA,VC,FALSE
2313,CWHvm3,CWHvm3/Wm,X,NA,X,NA,VC,FALSE
2314,CWHvm3,CWHvm3/Ws54,Cw,1,Cw,1,AB,FALSE
2315,CWHvm3,CWHvm3/Ws54,Hw,2,Hw,2,AB,FALSE
2316,CWHvm3,CWHvm3/Ws54,Ss,2,Ss,2,AB,FALSE
2317,CWHvm3,CWHvm3/Ws54,Act,3,Ac,3,AB,FALSE
2318,CWHvm3,CWHvm3/Ws54,Ba,3,Ba,3,AB,FALSE
2319,CWHvm3,CWHvm3/Ws54,Dr,3,Dr,3,AB,FALSE
2320,CWHvm3,CWHvm3/Ws54,Hm,3,Hm,3,AB,FALSE
2321,CWHvm3,CWHvm3/Ws54,Plc,3,Pl,3,AB,FALSE
2322,CWHvm3,CWHvm3/Ws54,Mb,3,Mb,5,AB,FALSE
2323,CWHvm3,CWHvm3/Ws56,Cw,NA,Cw,1,AB,FALSE
2324,CWHvm3,CWHvm3/Ws56,Hw,NA,Hw,2,AB,FALSE
2325,CWHvm3,CWHvm3/Ws56,Ss,NA,Ss,2,AB,FALSE
2326,CWHvm3,CWHvm3/Ws56,Dr,NA,Dr,3,AB,FALSE
2327,CWHvm3,CWHvm3/Ws56,Plc,NA,Pl,3,AB,FALSE
2328,CWHvm3,CWHvm3/Ws58,Cw,NA,Cw,2,AB,FALSE
2329,CWHvm3,CWHvm3/Ws58,Hw,NA,Hw,2,AB,FALSE
2330,CWHvm3,CWHvm3/Ws58,Plc,NA,Pl,2,AB,FALSE
2331,CWHvm3,CWHvm3/Ws58,Hm,NA,Hm,3,AB,FALSE
2332,CWHvm3,CWHvm3/Ws58,Ss,NA,Ss,3,AB,FALSE
2333,CWHvm3,CWHvm3/Ws60,Cw,NA,Cw,1,AB,FALSE
2334,CWHvm3,CWHvm3/Ws60,Ss,NA,Ss,2,AB,FALSE
2335,CWHvm3,CWHvm3/Ws60,Dr,NA,Dr,3,AB,FALSE
2336,CWHvm4,CWHvm4/101,Ba,1,Ba,1,AB,FALSE
2337,CWHvm4,CWHvm4/101,Hw,1,Hw,1,AB,FALSE
2338,CWHvm4,CWHvm4/101,Yc,2,Yc,1,AB,FALSE
2339,CWHvm4,CWHvm4/101,Cw,2,Cw,2,AB,FALSE
2340,CWHvm4,CWHvm4/101,Hm,2,Hm,2,AB,FALSE
2341,CWHvm4,CWHvm4/101,Ss,2,Ss,2,AB,FALSE
2342,CWHvm4,CWHvm4/101,Fdc,3,Fd,5,AB,FALSE
2343,CWHvm4,CWHvm4/102,Hw,3,Hw,2,AB,FALSE
2344,CWHvm4,CWHvm4/102,Plc,2,Pl,2,AB,FALSE
2345,CWHvm4,CWHvm4/102,Cw,3,Cw,3,AB,FALSE
2346,CWHvm4,CWHvm4/102,Hm,3,Hm,3,AB,FALSE
2347,CWHvm4,CWHvm4/102,Yc,2,Yc,3,AB,FALSE
2348,CWHvm4,CWHvm4/102,Fdc,3,Fd,5,AB,FALSE
2349,CWHvm4,CWHvm4/103,Cw,2,Cw,2,AB,FALSE
2350,CWHvm4,CWHvm4/103,Hm,2,Hm,2,AB,FALSE
2351,CWHvm4,CWHvm4/103,Hw,1,Hw,2,AB,FALSE
2352,CWHvm4,CWHvm4/103,Plc,3,Pl,2,AB,FALSE
2353,CWHvm4,CWHvm4/103,Yc,3,Yc,2,AB,FALSE
2354,CWHvm4,CWHvm4/103,Ba,NA,Ba,3,AB,FALSE
2355,CWHvm4,CWHvm4/103,Fdc,3,Fd,5,AB,FALSE
2356,CWHvm4,CWHvm4/103,Pw,5,Pw,5,AB,FALSE
2357,CWHvm4,CWHvm4/104,Hm,NA,Hm,3,SAS-HAK,FALSE
2358,CWHvm4,CWHvm4/104,Yc,NA,Yc,3,SAS-HAK,FALSE
2359,CWHvm4,CWHvm4/110,Ba,1,Ba,1,AB,FALSE
2360,CWHvm4,CWHvm4/110,Cw,1,Cw,2,AB,FALSE
2361,CWHvm4,CWHvm4/110,Hw,2,Hw,2,AB,FALSE
2362,CWHvm4,CWHvm4/110,Ss,2,Ss,2,AB,FALSE
2363,CWHvm4,CWHvm4/110,Yc,2,Yc,2,AB,FALSE
2364,CWHvm4,CWHvm4/110,Hm,3,Hm,3,AB,FALSE
2365,CWHvm4,CWHvm4/110,Fdc,3,Fd,5,AB,FALSE
2366,CWHvm4,CWHvm4/110,Pw,3,Pw,5,AB,FALSE
2367,CWHvm4,CWHvm4/111,Ba,1,Ba,1,AB,FALSE
2368,CWHvm4,CWHvm4/111,Hw,1,Hw,1,AB,FALSE
2369,CWHvm4,CWHvm4/111,Cw,1,Cw,1,AB,FALSE
2370,CWHvm4,CWHvm4/111,Hm,2,Hm,2,AB,FALSE
2371,CWHvm4,CWHvm4/111,Ss,3,Ss,2,AB,FALSE
2372,CWHvm4,CWHvm4/111,Yc,2,Yc,2,AB,FALSE
2373,CWHvm4,CWHvm4/111,Fdc,4,Fd,5,AB,FALSE
2374,CWHvm4,CWHvm4/112,Ba,1,Ba,1,AB,FALSE
2375,CWHvm4,CWHvm4/112,Cw,1,Cw,2,AB,FALSE
2376,CWHvm4,CWHvm4/112,Hw,2,Hw,2,AB,FALSE
2377,CWHvm4,CWHvm4/112,Ss,2,Ss,2,AB,FALSE
2378,CWHvm4,CWHvm4/112,Yc,2,Yc,3,AB,FALSE
2379,CWHvm4,CWHvm4/112,Hm,3,Hm,3,AB,FALSE
2380,CWHvm4,CWHvm4/112,Fdc,4,Fd,5,AB,FALSE
2381,CWHvm4,CWHvm4/113,Ba,1,Ba,2,AB,FALSE
2382,CWHvm4,CWHvm4/113,Cw,2,Cw,2,AB,FALSE
2383,CWHvm4,CWHvm4/113,Hm,2,Hm,2,AB,FALSE
2384,CWHvm4,CWHvm4/113,Hw,2,Hw,2,AB,FALSE
2385,CWHvm4,CWHvm4/113,Yc,3,Yc,2,AB,FALSE
2386,CWHvm4,CWHvm4/113,Plc,2,Pl,3,AB,FALSE
2387,CWHvm4,CWHvm4/Wb51,Hm,2,Hm,3,AB,FALSE
2388,CWHvm4,CWHvm4/Wb51,Hw,NA,Hw,3,AB,FALSE
2389,CWHvm4,CWHvm4/Wb51,Plc,2,Pl,3,AB,FALSE
2390,CWHvm4,CWHvm4/Wb51,Yc,2,Yc,3,AB,FALSE
2391,CWHvm4,CWHvm4/Wb51,Ba,NA,Ba,4,AB,FALSE
2392,CWHvm4,CWHvm4/Wb53,Hm,2,Hm,3,AB,FALSE
2393,CWHvm4,CWHvm4/Wb53,Hw,NA,Hw,3,AB,FALSE
2394,CWHvm4,CWHvm4/Wb53,Plc,2,Pl,3,AB,FALSE
2395,CWHvm4,CWHvm4/Wb53,Yc,2,Yc,3,AB,FALSE
2396,CWHvm4,CWHvm4/Wb53,Ba,NA,Ba,4,AB,FALSE
2397,CWHvm3,CWHvm4/Wf,X,NA,X,NA,VC,FALSE
2398,CWHvm3,CWHvm4/Wm,X,NA,X,NA,VC,FALSE
2399,CWHvm4,CWHvm4/Ws55,Cw,1,Cw,2,AB,FALSE
2400,CWHvm4,CWHvm4/Ws55,Yc,3,Yc,2,AB,FALSE
2401,CWHvm4,CWHvm4/Ws55,Ba,NA,Ba,3,AB,FALSE
2402,CWHvm4,CWHvm4/Ws55,Hm,2,Hm,3,AB,FALSE
2403,CWHvm4,CWHvm4/Ws55,Hw,2,Hw,3,AB,FALSE
2404,CWHvm4,CWHvm4/Ws55,Ss,3,Ss,3,AB,FALSE
2405,CWHwh1,CWHwh1/101,Cw,1,Cw,1,SAS-HAK,FALSE
2406,CWHwh1,CWHwh1/101a,Cw,1,Cw,1,SAS-HAK,FALSE
2407,CWHwh1,CWHwh1/101b,Cw,1,Cw,1,SAS-HAK,FALSE
2408,CWHwh1,CWHwh1/102,Cw,2,Cw,2,SAS-HAK,FALSE
2409,CWHwh1,CWHwh1/103.1,Cw,NA,Cw,3,SAS-HAK,FALSE
2410,CWHwh1,CWHwh1/103.2,Cw,NA,Cw,5,SAS-HAK,FALSE
2411,CWHwh1,CWHwh1/104,Cw,3,Cw,3,SAS-HAK,FALSE
2412,CWHwh1,CWHwh1/105,Cw,1,Cw,1,SAS-HAK,FALSE
2413,CWHwh1,CWHwh1/105,Cw,1,Cw,1,SAS-HAK,FALSE
2414,CWHwh1,CWHwh1/105a,Cw,1,Cw,1,SAS-HAK,FALSE
2415,CWHwh1,CWHwh1/105b,Cw,1,Cw,1,SAS-HAK,FALSE
2416,CWHwh1,CWHwh1/110,Cw,1,Cw,1,SAS-HAK,FALSE
2417,CWHwh1,CWHwh1/110a,Cw,1,Cw,1,SAS-HAK,FALSE
2418,CWHwh1,CWHwh1/110b,Cw,1,Cw,1,SAS-HAK,FALSE
2419,CWHwh1,CWHwh1/111,Cw,1,Cw,1,SAS-HAK,FALSE
2420,CWHwh1,CWHwh1/111a,Cw,1,Cw,1,SAS-HAK,FALSE
2421,CWHwh1,CWHwh1/111b,Cw,1,Cw,1,SAS-HAK,FALSE
2422,CWHwh1,CWHwh1/111c,Cw,1,Cw,1,SAS-HAK,FALSE
2423,CWHwh1,CWHwh1/112,Cw,2,Cw,2,SAS-HAK,FALSE
2424,CWHwh1,CWHwh1/113,Cw,2,Cw,2,SAS-HAK,FALSE
2425,CWHwh1,CWHwh1/115,Cw,1,Cw,1,SAS-HAK,FALSE
2426,CWHwh1,CWHwh1/116,Cw,1,Cw,1,SAS-HAK,FALSE
2427,CWHwh1,CWHwh1/117,Cw,3,Cw,3,SAS-HAK,FALSE
2428,CWHwh1,CWHwh1/117,Cw,3,Cw,3,SAS-HAK,FALSE
2429,CWHwh1,CWHwh1/117,Cw,3,Cw,3,SAS-HAK,FALSE
2430,CWHwh1,CWHwh1/117,Cw,3,Cw,3,SAS-HAK,FALSE
2431,CWHwh1,CWHwh1/118,Cw,1,Cw,1,SAS-HAK,FALSE
2432,CWHwh1,CWHwh1/118a,Cw,1,Cw,1,SAS-HAK,FALSE
2433,CWHwh1,CWHwh1/118b,Cw,1,Cw,1,SAS-HAK,FALSE
2434,CWHwh1,CWHwh1/Wb51,Cw,3,Cw,3,SAS-HAK,FALSE
2435,CWHwh2,CWHwh2/101,Cw,2,Cw,2,SAS-HAK,FALSE
2436,CWHwh2,CWHwh2/101,Cw,2,Cw,2,SAS-HAK,FALSE
2437,CWHwh2,CWHwh2/101,Cw,2,Cw,2,SAS-HAK,FALSE
2438,CWHwh2,CWHwh2/101,Cw,2,Cw,2,SAS-HAK,FALSE
2439,CWHwh2,CWHwh2/101,Cw,2,Cw,2,SAS-HAK,FALSE
2440,CWHwh2,CWHwh2/101a,Cw,2,Cw,2,SAS-HAK,FALSE
2441,CWHwh2,CWHwh2/101b,Cw,2,Cw,2,SAS-HAK,FALSE
2442,CWHwh2,CWHwh2/101c,Cw,2,Cw,2,SAS-HAK,FALSE
2443,CWHwh2,CWHwh2/110,Cw,2,Cw,2,SAS-HAK,FALSE
2444,CWHwh2,CWHwh2/111,Cw,3,Cw,3,SAS-HAK,FALSE
2445,CWHwh2,CWHwh2/111,Yc,1,Yc,1,WHM,FALSE
2446,CWHwh2,CWHwh2/112,Cw,2,Cw,2,SAS-HAK,FALSE
2447,CWHwh2,CWHwh2/112a,Cw,2,Cw,2,SAS-HAK,FALSE
2448,CWHwh2,CWHwh2/112b,Cw,2,Cw,2,SAS-HAK,FALSE
2449,CWHwm,CWHwm/101,Hw,1,Hw,1,AB,FALSE
2450,CWHwm,CWHwm/101,Ss,1,Ss,1,AB,FALSE
2451,CWHwm,CWHwm/101,Dr,2,Dr,2,AB,FALSE
2452,CWHwm,CWHwm/101,Hm,3,Hm,3,AB,FALSE
2453,CWHwm,CWHwm/101,Yc,3,Yc,3,AB,FALSE
2454,CWHwm,CWHwm/101,Ba,3,Ba,4,AB,FALSE
2455,CWHwm,CWHwm/101,Cw,4,Cw,4,AB,FALSE
2456,CWHwm,CWHwm/101a,Hw,1,Hw,1,AB,FALSE
2457,CWHwm,CWHwm/101a,Ss,1,Ss,1,AB,FALSE
2458,CWHwm,CWHwm/101a,Dr,2,Dr,2,AB,FALSE
2459,CWHwm,CWHwm/101a,Hm,3,Hm,3,AB,FALSE
2460,CWHwm,CWHwm/101a,Yc,3,Yc,3,AB,FALSE
2461,CWHwm,CWHwm/101a,Ba,3,Ba,4,AB,FALSE
2462,CWHwm,CWHwm/101a,Cw,4,Cw,4,AB,FALSE
2463,CWHwm,CWHwm/101b,Hw,1,Hw,1,AB,FALSE
2464,CWHwm,CWHwm/101b,Plc,1,Pl,2,AB,FALSE
2465,CWHwm,CWHwm/101b,Ss,3,Ss,2,AB,FALSE
2466,CWHwm,CWHwm/101b,Dr,3,Dr,3,AB,FALSE
2467,CWHwm,CWHwm/101b,Hm,3,Hm,3,AB,FALSE
2468,CWHwm,CWHwm/101b,Cw,4,Cw,4,AB,FALSE
2469,CWHwm,CWHwm/102,Plc,NA,Pl,2,AB,FALSE
2470,CWHwm,CWHwm/102,Hm,NA,Hm,3,AB,FALSE
2471,CWHwm,CWHwm/102,Hw,NA,Hw,3,AB,FALSE
2472,CWHwm,CWHwm/102,Ss,NA,Ss,3,AB,FALSE
2473,CWHwm,CWHwm/102,Yc,NA,Yc,3,SAS-HAK,FALSE
2474,CWHwm,CWHwm/110,Ss,1,Ss,1,AB,FALSE
2475,CWHwm,CWHwm/110,Dr,2,Dr,2,AB,FALSE
2476,CWHwm,CWHwm/110,Hw,2,Hw,2,AB,FALSE
2477,CWHwm,CWHwm/110,Act,3,Ac,3,AB,FALSE
2478,CWHwm,CWHwm/110,Yc,3,Yc,3,AB,FALSE
2479,CWHwm,CWHwm/110,Ba,3,Ba,4,AB,FALSE
2480,CWHwm,CWHwm/110,Cw,4,Cw,4,AB,FALSE
2481,CWHwm,CWHwm/111,Hm,3,Hm,3,AB,FALSE
2482,CWHwm,CWHwm/111,Hw,3,Hw,3,AB,FALSE
2483,CWHwm,CWHwm/111,Yc,NA,Yc,3,AB,FALSE
2484,CWHwm,CWHwm/112,Ss,1,Ss,1,AB,FALSE
2485,CWHwm,CWHwm/112,Act,2,Ac,2,AB,FALSE
2486,CWHwm,CWHwm/112,Dr,2,Dr,2,AB,FALSE
2487,CWHwm,CWHwm/112,Hw,2,Hw,2,AB,FALSE
2488,CWHwm,CWHwm/112,Yc,3,Yc,3,AB,FALSE
2489,CWHwm,CWHwm/112,Ba,3,Ba,4,AB,FALSE
2490,CWHwm,CWHwm/112,Cw,4,Cw,4,AB,FALSE
2491,CWHwm,CWHwm/113,Act,1,Ac,1,AB,FALSE
2492,CWHwm,CWHwm/113,Dr,1,Dr,1,AB,FALSE
2493,CWHwm,CWHwm/113,Ss,1,Ss,1,AB,FALSE
2494,CWHwm,CWHwm/113,Hw,2,Hw,2,AB,FALSE
2495,CWHwm,CWHwm/113,Ba,3,Ba,4,AB,FALSE
2496,CWHwm,CWHwm/113,Cw,4,Cw,4,AB,FALSE
2497,CWHwm,CWHwm/Fl50,Dr,1,Dr,1,AB,FALSE
2498,CWHwm,CWHwm/Fl50,Act,3,Ac,2,AB,FALSE
2499,CWHwm,CWHwm/Fl51,Dr,1,Dr,1,AB,FALSE
2500,CWHwm,CWHwm/Fl51,Act,3,Ac,2,AB,FALSE
2501,CWHwm,CWHwm/Fm50,Act,1,Ac,1,AB,FALSE
2502,CWHwm,CWHwm/Fm50,Dr,1,Dr,1,AB,FALSE
2503,CWHwm,CWHwm/Fm50,Ss,2,Ss,2,AB,FALSE
2504,CWHwm,CWHwm/Fm50,Cw,4,Cw,4,AB,FALSE
2505,CWHwm,CWHwm/Fm50,Ba,3,Ba,4,AB,FALSE
2506,CWHwm,CWHwm/Wb51,Hw,3,Hw,3,AB,FALSE
2507,CWHwm,CWHwm/Wb51,Plc,2,Pl,3,AB,FALSE
2508,CWHwm,CWHwm/Wb51,Yc,3,Yc,3,AB,FALSE
2509,CWHwm,CWHwm/Wb51,Cw,4,Cw,4,AB,FALSE
2510,CWHwm,CWHwm/Wb53,Plc,NA,Pl,2,SAS-HAK,FALSE
2511,CWHwm,CWHwm/Wb53,Yc,NA,Yc,2,SAS-HAK,FALSE
2512,CWHwm,CWHwm/Wb53,Hw,NA,Hw,3,SAS-HAK,FALSE
2513,CWHwm,CWHwm/Wb53,Cw,NA,Cw,4,SAS-HAK,FALSE
2514,CWHwm,CWHwm/Wf,X,NA,X,NA,VC,FALSE
2515,CWHwm,CWHwm/Wm,X,NA,X,NA,VC,FALSE
2516,CWHwm,CWHwm/Ws55,Dr,2,Dr,2,AB,FALSE
2517,CWHwm,CWHwm/Ws55,Hw,2,Hw,2,AB,FALSE
2518,CWHwm,CWHwm/Ws55,Ss,1,Ss,2,AB,FALSE
2519,CWHwm,CWHwm/Ws55,Act,3,Ac,3,AB,FALSE
2520,CWHwm,CWHwm/Ws55,Hm,3,Hm,3,AB,FALSE
2521,CWHwm,CWHwm/Ws55,Yc,3,Yc,3,AB,FALSE
2522,CWHwm,CWHwm/Ws55,Cw,4,Cw,4,AB,FALSE
2523,CWHwm,CWHwm/Ws56,Dr,2,Dr,2,AB,FALSE
2524,CWHwm,CWHwm/Ws56,Hw,2,Hw,2,AB,FALSE
2525,CWHwm,CWHwm/Ws56,Ss,1,Ss,2,AB,FALSE
2526,CWHwm,CWHwm/Ws56,Act,3,Ac,3,AB,FALSE
2527,CWHwm,CWHwm/Ws56,Hm,3,Hm,3,AB,FALSE
2528,CWHwm,CWHwm/Ws56,Yc,3,Yc,3,AB,FALSE
2529,CWHwm,CWHwm/Ws56,Cw,4,Cw,4,AB,FALSE
2530,CWHwm,CWHwm/Ws60,Ss,NA,Ss,2,SAS-HAK,FALSE
2531,CWHwm,CWHwm/Ws60,Dr,NA,Dr,3,SAS-HAK,FALSE
2532,CWHwm,CWHwm/Ws60,Cw,NA,Cw,4,SAS-HAK,FALSE
2533,CWHws1,CWHws1/101,Ba,1,Ba,1,DVM,FALSE
2534,CWHws1,CWHws1/101,Hw,1,Hw,1,DVM,FALSE
2535,CWHws1,CWHws1/101,Cw,2,Cw,2,DVM,FALSE
2536,CWHws1,CWHws1/101,Dr,2,Dr,2,DVM,FALSE
2537,CWHws1,CWHws1/101,Ep,NA,Ep,2,DVM,FALSE
2538,CWHws1,CWHws1/101,Ss,2,Ss,2,DVM,FALSE
2539,CWHws1,CWHws1/101,Plc,2,Pl,3,DVM,FALSE
2540,CWHws1,CWHws1/101,Act,NA,Ac,3,DVM,FALSE
2541,CWHws1,CWHws1/101,At,NA,At,3,DVM,FALSE
2542,CWHws1,CWHws1/101,Sx,NA,Sx,3,DVM,FALSE
2543,CWHws1,CWHws1/102,Plc,2,Pl,1,DVM,FALSE
2544,CWHws1,CWHws1/102,Ep,NA,Ep,2,DVM,FALSE
2545,CWHws1,CWHws1/102,Hw,2,Hw,2,DVM,FALSE
2546,CWHws1,CWHws1/102,Act,NA,Ac,3,DVM,FALSE
2547,CWHws1,CWHws1/102,At,NA,At,3,DVM,FALSE
2548,CWHws1,CWHws1/102,Cw,3,Cw,3,DVM,FALSE
2549,CWHws1,CWHws1/102,Ba,NA,Ba,4,DVM,FALSE
2550,CWHws1,CWHws1/102,Ss,NA,Ss,4,DVM,FALSE
2551,CWHws1,CWHws1/102,Sx,NA,Sx,4,SAS-HAK,FALSE
2552,CWHws1,CWHws1/103,Hw,1,Hw,1,DVM,FALSE
2553,CWHws1,CWHws1/103,Plc,1,Pl,1,DVM,FALSE
2554,CWHws1,CWHws1/103,Cw,2,Cw,2,DVM,FALSE
2555,CWHws1,CWHws1/103,Ep,NA,Ep,2,DVM,FALSE
2556,CWHws1,CWHws1/103,Act,NA,Ac,3,DVM,FALSE
2557,CWHws1,CWHws1/103,At,NA,At,3,DVM,FALSE
2558,CWHws1,CWHws1/103,Ba,3,Ba,3,DVM,FALSE
2559,CWHws1,CWHws1/103,Dr,NA,Dr,3,DVM,FALSE
2560,CWHws1,CWHws1/103,Ss,NA,Ss,3,DVM,FALSE
2561,CWHws1,CWHws1/103,Sx,NA,Sx,3,DVM,FALSE
2562,CWHws1,CWHws1/110,Ba,1,Ba,1,DVM,FALSE
2563,CWHws1,CWHws1/110,Ac,2,Ac,2,DVM,FALSE
2564,CWHws1,CWHws1/110,Cw,1,Cw,2,DVM,FALSE
2565,CWHws1,CWHws1/110,Ep,NA,Ep,2,DVM,FALSE
2566,CWHws1,CWHws1/110,Hw,2,Hw,2,DVM,FALSE
2567,CWHws1,CWHws1/110,Ss,1,Ss,3,DVM,FALSE
2568,CWHws1,CWHws1/110,At,NA,At,3,DVM,FALSE
2569,CWHws1,CWHws1/110,Dr,2,Dr,3,DVM,FALSE
2570,CWHws1,CWHws1/110,Plc,3,Pl,3,DVM,FALSE
2571,CWHws1,CWHws1/110,Sx,NA,Sx,3,SAS-HAK,FALSE
2572,CWHws1,CWHws1/111,Ba,1,Ba,1,DVM,FALSE
2573,CWHws1,CWHws1/111,Hw,1,Hw,1,DVM,FALSE
2574,CWHws1,CWHws1/111,Cw,1,Cw,2,DVM,FALSE
2575,CWHws1,CWHws1/111,Dr,2,Dr,2,DVM,FALSE
2576,CWHws1,CWHws1/111,Ep,NA,Ep,2,DVM,FALSE
2577,CWHws1,CWHws1/111,Plc,NA,Pl,2,DVM,FALSE
2578,CWHws1,CWHws1/111,Sx,NA,Sx,2,SAS-HAK,FALSE
2579,CWHws1,CWHws1/111,Ss,2,Ss,3,DVM,FALSE
2580,CWHws1,CWHws1/111,Act,NA,Ac,3,DVM,FALSE
2581,CWHws1,CWHws1/111,At,NA,At,3,DVM,FALSE
2582,CWHws1,CWHws1/112,Cw,1,Cw,1,DVM,FALSE
2583,CWHws1,CWHws1/112,Hw,2,Hw,1,DVM,FALSE
2584,CWHws1,CWHws1/112,Ac,2,Ac,2,DVM,FALSE
2585,CWHws1,CWHws1/112,Ba,1,Ba,2,DVM,FALSE
2586,CWHws1,CWHws1/112,Dr,2,Dr,2,DVM,FALSE
2587,CWHws1,CWHws1/112,Ss,2,Ss,2,DVM,FALSE
2588,CWHws1,CWHws1/112,Sx,NA,Sx,2,SAS-HAK,FALSE
2589,CWHws1,CWHws1/112,At,NA,At,3,DVM,FALSE
2590,CWHws1,CWHws1/113,Ac,1,Ac,1,DVM,FALSE
2591,CWHws1,CWHws1/113,Cw,1,Cw,1,DVM,FALSE
2592,CWHws1,CWHws1/113,Dr,1,Dr,1,DVM,FALSE
2593,CWHws1,CWHws1/113,Ss,2,Ss,1,DVM,FALSE
2594,CWHws1,CWHws1/113,Hw,2,Hw,2,DVM,FALSE
2595,CWHws1,CWHws1/113,Ba,1,Ba,3,DVM,FALSE
2596,CWHws1,CWHws1/113,Up,NA,Up,3,DVM,FALSE
2597,CWHws1,CWHws1/Fl50,Ac,1,Ac,1,SAS-HAK,FALSE
2598,CWHws1,CWHws1/Fl50,Dr,1,Dr,1,SAS-HAK,FALSE
2599,CWHws1,CWHws1/Fm50,Ac,1,Ac,1,DVM,FALSE
2600,CWHws1,CWHws1/Fm50,Cw,2,Cw,2,DVM,FALSE
2601,CWHws1,CWHws1/Fm50,Dr,1,Dr,2,DVM,FALSE
2602,CWHws1,CWHws1/Fm50,Ss,2,Ss,2,DVM,FALSE
2603,CWHws1,CWHws1/Fm50,Ba,2,Ba,3,DVM,FALSE
2604,CWHws1,CWHws1/Fm50,Hw,3,Hw,3,DVM,FALSE
2605,CWHws1,CWHws1/Fm50,Up,NA,Up,3,DVM,FALSE
2606,CWHws1,CWHws1/Ro,X,NA,X,NA,VC,FALSE
2607,CWHws1,CWHws1/Wb51,Plc,2,Pl,2,SAS-HAK,FALSE
2608,CWHws1,CWHws1/Wb51,Cw,3,Cw,3,SAS-HAK,FALSE
2609,CWHws1,CWHws1/Wb51,Hw,3,Hw,3,SAS-HAK,FALSE
2610,CWHws1,CWHws1/Ws56,Cw,1,Cw,1,DVM,FALSE
2611,CWHws1,CWHws1/Ws56,Hw,3,Hw,1,DVM,FALSE
2612,CWHws1,CWHws1/Ws56,Dr,2,Dr,2,DVM,FALSE
2613,CWHws1,CWHws1/Ws56,Ss,2,Ss,2,DVM,FALSE
2614,CWHws1,CWHws1/Ws56,Ac,3,Ac,3,DVM,FALSE
2615,CWHws1,CWHws1/Ws56,Ba,3,Ba,3,DVM,FALSE
2616,CWHws2,CWHws2/101,Ba,1,Ba,1,DVM,FALSE
2617,CWHws2,CWHws2/101,Hw,1,Hw,1,DVM,FALSE
2618,CWHws2,CWHws2/101,Plc,2,Pl,2,DVM,FALSE
2619,CWHws2,CWHws2/101,Bl,2,Bl,3,DVM,FALSE
2620,CWHws2,CWHws2/101,Ac,3,Ac,3,DVM,FALSE
2621,CWHws2,CWHws2/101,Cw,2,Cw,3,DVM,FALSE
2622,CWHws2,CWHws2/101,Dr,2,Dr,3,DVM,FALSE
2623,CWHws2,CWHws2/101,Hm,3,Hm,3,DVM,FALSE
2624,CWHws2,CWHws2/101,Sxw,NA,Sx,3,DVM,FALSE
2625,CWHws2,CWHws2/101,Ss,5,Ss,4,DVM,FALSE
2626,CWHws2,CWHws2/101,Ep,3,Ep,4,DVM,FALSE
2627,CWHws2,CWHws2/102,Hw,3,Hw,2,DVM,FALSE
2628,CWHws2,CWHws2/102,Hm,3,Hm,2,DVM,FALSE
2629,CWHws2,CWHws2/102,Plc,1,Pl,2,DVM,FALSE
2630,CWHws2,CWHws2/102,Ba,NA,Ba,3,DVM,FALSE
2631,CWHws2,CWHws2/102,Bl,NA,Bl,3,DVM,FALSE
2632,CWHws2,CWHws2/102,Cw,3,Cw,3,DVM,FALSE
2633,CWHws2,CWHws2/102,Ep,3,Ep,4,DVM,FALSE
2634,CWHws2,CWHws2/103,Hw,2,Hw,1,DVM,FALSE
2635,CWHws2,CWHws2/103,Plc,1,Pl,2,DVM,FALSE
2636,CWHws2,CWHws2/103,Ac,3,Ac,3,DVM,FALSE
2637,CWHws2,CWHws2/103,Ba,3,Ba,3,DVM,FALSE
2638,CWHws2,CWHws2/103,Cw,2,Cw,3,DVM,FALSE
2639,CWHws2,CWHws2/103,Dr,2,Dr,3,DVM,FALSE
2640,CWHws2,CWHws2/103,Fdc,3,Fd,3,DVM,FALSE
2641,CWHws2,CWHws2/103,Hm,3,Hm,3,DVM,FALSE
2642,CWHws2,CWHws2/103,Sx,NA,Sx,3,SAS-HAK,FALSE
2643,CWHws2,CWHws2/103,Bl,NA,Bl,4,DVM,FALSE
2644,CWHws2,CWHws2/103,Ss,NA,Ss,4,DVM,FALSE
2645,CWHws2,CWHws2/103,Ep,3,Ep,4,DVM,FALSE
2646,CWHws2,CWHws2/110,Ba,1,Ba,1,DVM,FALSE
2647,CWHws2,CWHws2/110,Hw,2,Hw,1,DVM,FALSE
2648,CWHws2,CWHws2/110,Bl,2,Bl,2,DVM,FALSE
2649,CWHws2,CWHws2/110,Ss,2,Ss,2,DVM,FALSE
2650,CWHws2,CWHws2/110,Ac,3,Ac,3,SAS-HAK,FALSE
2651,CWHws2,CWHws2/110,Cw,2,Cw,3,DVM,FALSE
2652,CWHws2,CWHws2/110,Dr,2,Dr,3,DVM,FALSE
2653,CWHws2,CWHws2/110,Hm,3,Hm,3,DVM,FALSE
2654,CWHws2,CWHws2/110,Sx,NA,Sx,3,SAS-HAK,FALSE
2655,CWHws2,CWHws2/110,Ep,3,Ep,4,DVM,FALSE
2656,CWHws2,CWHws2/111,Ba,1,Ba,1,SAS-HAK,FALSE
2657,CWHws2,CWHws2/111,Hw,1,Hw,1,SAS-HAK,FALSE
2658,CWHws2,CWHws2/111,Bl,2,Bl,2,SAS-HAK,FALSE
2659,CWHws2,CWHws2/111,Ac,3,Ac,3,SAS-HAK,FALSE
2660,CWHws2,CWHws2/111,Cw,2,Cw,3,DVM,FALSE
2661,CWHws2,CWHws2/111,Dr,2,Dr,3,DVM,FALSE
2662,CWHws2,CWHws2/111,Hm,3,Hm,3,SAS-HAK,FALSE
2663,CWHws2,CWHws2/111,Ss,3,Ss,3,SAS-HAK,FALSE
2664,CWHws2,CWHws2/111,Sx,NA,Sx,3,SAS-HAK,FALSE
2665,CWHws2,CWHws2/111,Ep,3,Ep,4,DVM,FALSE
2666,CWHws2,CWHws2/112,Ba,1,Ba,1,DVM,FALSE
2667,CWHws2,CWHws2/112,Ac,2,Ac,2,DVM,FALSE
2668,CWHws2,CWHws2/112,Bl,2,Bl,2,DVM,FALSE
2669,CWHws2,CWHws2/112,Hw,2,Hw,2,DVM,FALSE
2670,CWHws2,CWHws2/112,Ss,2,Ss,2,DVM,FALSE
2671,CWHws2,CWHws2/112,Sx,NA,Sx,2,SAS-HAK,NA
2672,CWHws2,CWHws2/112,At,NA,At,3,DVM,FALSE
2673,CWHws2,CWHws2/112,Cw,2,Cw,3,DVM,FALSE
2674,CWHws2,CWHws2/112,Dr,2,Dr,3,DVM,FALSE
2675,CWHws2,CWHws2/112,Hm,NA,Hm,3,DVM,FALSE
2676,CWHws2,CWHws2/112,Ep,3,Ep,4,DVM,FALSE
2677,CWHws2,CWHws2/113,Ac,1,Ac,1,DVM,FALSE
2678,CWHws2,CWHws2/113,Ba,1,Ba,1,DVM,FALSE
2679,CWHws2,CWHws2/113,Dr,1,Dr,1,DVM,FALSE
2680,CWHws2,CWHws2/113,Hw,2,Hw,2,DVM,FALSE
2681,CWHws2,CWHws2/113,Ss,2,Ss,2,DVM,FALSE
2682,CWHws2,CWHws2/113,Bl,2,Bl,3,DVM,FALSE
2683,CWHws2,CWHws2/113,Cw,2,Cw,3,DVM,FALSE
2684,CWHws2,CWHws2/113,Hm,NA,Hm,3,DVM,FALSE
2685,CWHws2,CWHws2/113,Ep,3,Ep,4,DVM,FALSE
2686,CWHws2,CWHws2/114,Bl,NA,Bl,1,DVM,FALSE
2687,CWHws2,CWHws2/114,Hw,NA,Hw,2,DVM,FALSE
2688,CWHws2,CWHws2/114,Ac,NA,Ac,3,DVM,FALSE
2689,CWHws2,CWHws2/114,Ba,NA,Ba,3,DVM,FALSE
2690,CWHws2,CWHws2/114,Cw,NA,Cw,3,DVM,FALSE
2691,CWHws2,CWHws2/114,Dr,NA,Dr,3,DVM,FALSE
2692,CWHws2,CWHws2/114,Hm,NA,Hm,3,DVM,FALSE
2693,CWHws2,CWHws2/114,Sxw,NA,Sx,3,DVM,FALSE
2694,CWHws2,CWHws2/Fl51,Dr,1,Dr,1,DVM,FALSE
2695,CWHws2,CWHws2/Fl51,Ac,2,Ac,2,DVM,FALSE
2696,CWHws2,CWHws2/Fl51,Wt,NA,Wt,2,DVM,FALSE
2697,CWHws2,CWHws2/Fl51,Ss,3,Ss,3,DVM,FALSE
2698,CWHws2,CWHws2/Fl51,Ep,3,Ep,4,DVM,FALSE
2699,CWHws2,CWHws2/Fm50,Ac,1,Ac,1,DVM,FALSE
2700,CWHws2,CWHws2/Fm50,Dr,1,Dr,1,DVM,FALSE
2701,CWHws2,CWHws2/Fm50,Ss,2,Ss,2,DVM,FALSE
2702,CWHws2,CWHws2/Fm50,Ba,2,Ba,3,DVM,FALSE
2703,CWHws2,CWHws2/Fm50,Cw,2,Cw,3,DVM,FALSE
2704,CWHws2,CWHws2/Fm50,Hw,3,Hw,3,DVM,FALSE
2705,CWHws2,CWHws2/Fm50,Wt,NA,Wt,3,DVM,FALSE
2706,CWHws2,CWHws2/Fm50,Bl,2,Bl,4,DVM,FALSE
2707,CWHws2,CWHws2/Fm50,Ep,3,Ep,4,DVM,FALSE
2708,CWHws2,CWHws2/Ro,X,NA,X,NA,VC,FALSE
2709,CWHws2,CWHws2/Wb51,Ba,3,Ba,3,SAS-HAK,FALSE
2710,CWHws2,CWHws2/Wb51,Cw,3,Cw,3,SAS-HAK,FALSE
2711,CWHws2,CWHws2/Wb51,Hm,3,Hm,3,SAS-HAK,FALSE
2712,CWHws2,CWHws2/Wb51,Hw,3,Hw,3,SAS-HAK,FALSE
2713,CWHws2,CWHws2/Ws56,Ba,2,Ba,2,DVM,FALSE
2714,CWHws2,CWHws2/Ws56,Cw,2,Cw,2,DVM,FALSE
2715,CWHws2,CWHws2/Ws56,Dr,2,Dr,2,DVM,FALSE
2716,CWHws2,CWHws2/Ws56,Hw,3,Hw,2,DVM,FALSE
2717,CWHws2,CWHws2/Ws56,Ss,2,Ss,2,DVM,FALSE
2718,CWHws2,CWHws2/Ws56,Ac,3,Ac,3,DVM,FALSE
2719,CWHws2,CWHws2/Ws56,Ep,3,Ep,4,DVM,FALSE
2720,CWHws3,CWHws3/101,Hw,1,Hw,1,DVM,FALSE
2721,CWHws3,CWHws3/101,Ba,2,Ba,2,DVM,FALSE
2722,CWHws3,CWHws3/101,Cw,2,Cw,2,DVM,FALSE
2723,CWHws3,CWHws3/101,Fdc,2,Fd,2,DVM,FALSE
2724,CWHws3,CWHws3/101,Ac,3,Ac,3,DVM,FALSE
2725,CWHws3,CWHws3/101,Dr,3,Dr,3,SAS-HAK,FALSE
2726,CWHws3,CWHws3/101,Ep,3,Ep,3,SAS-HAK,FALSE
2727,CWHws3,CWHws3/101,Sx,NA,Sx,3,DVM,FALSE
2728,CWHws3,CWHws3/101,Mb,5,Mb,5,DVM,FALSE
2729,CWHws3,CWHws3/102,Fdc,3,Fd,2,DVM,FALSE
2730,CWHws3,CWHws3/102,Plc,3,Pl,2,DVM,FALSE
2731,CWHws3,CWHws3/102,Cw,NA,Cw,3,DVM,FALSE
2732,CWHws3,CWHws3/102,Ep,3,Ep,3,DVM,FALSE
2733,CWHws3,CWHws3/102,Hw,NA,Hw,3,DVM,FALSE
2734,CWHws3,CWHws3/103,Fdc,2,Fd,1,DVM,FALSE
2735,CWHws3,CWHws3/103,Hw,3,Hw,1,DVM,FALSE
2736,CWHws3,CWHws3/103,Cw,3,Cw,2,DVM,FALSE
2737,CWHws3,CWHws3/103,Ac,3,Ac,3,SAS-HAK,FALSE
2738,CWHws3,CWHws3/103,Ba,NA,Ba,3,DVM,FALSE
2739,CWHws3,CWHws3/103,Dr,3,Dr,3,SAS-HAK,FALSE
2740,CWHws3,CWHws3/103,Ep,3,Ep,3,DVM,FALSE
2741,CWHws3,CWHws3/103,Plc,3,Pl,3,DVM,FALSE
2742,CWHws3,CWHws3/103,Sx,3,Sx,3,DVM,FALSE
2743,CWHws3,CWHws3/103,Mb,5,Mb,5,DVM,FALSE
2744,CWHws3,CWHws3/110,Hw,1,Hw,1,DVM,FALSE
2745,CWHws3,CWHws3/110,Ba,1,Ba,2,DVM,FALSE
2746,CWHws3,CWHws3/110,Cw,2,Cw,2,DVM,FALSE
2747,CWHws3,CWHws3/110,Dr,2,Dr,2,DVM,FALSE
2748,CWHws3,CWHws3/110,Fdc,2,Fd,2,DVM,FALSE
2749,CWHws3,CWHws3/110,Ss,2,Ss,2,DVM,FALSE
2750,CWHws3,CWHws3/110,Ac,2,Ac,3,DVM,FALSE
2751,CWHws3,CWHws3/110,Ep,3,Ep,3,DVM,FALSE
2752,CWHws3,CWHws3/110,Sx,3,Sx,3,SAS-HAK,FALSE
2753,CWHws3,CWHws3/110,Mb,3,Mb,5,DVM,FALSE
2754,CWHws3,CWHws3/111,Hw,1,Hw,1,DVM,FALSE
2755,CWHws3,CWHws3/111,Ba,1,Ba,2,DVM,FALSE
2756,CWHws3,CWHws3/111,Cw,2,Cw,2,DVM,FALSE
2757,CWHws3,CWHws3/111,Dr,2,Dr,2,SAS-HAK,FALSE
2758,CWHws3,CWHws3/111,Ss,2,Ss,2,DVM,FALSE
2759,CWHws3,CWHws3/111,Ac,3,Ac,3,DVM,FALSE
2760,CWHws3,CWHws3/111,Bl,3,Bl,3,DVM,FALSE
2761,CWHws3,CWHws3/111,Ep,3,Ep,3,SAS-HAK,FALSE
2762,CWHws3,CWHws3/111,Mb,5,Mb,5,DVM,FALSE
2763,CWHws3,CWHws3/112,Ba,1,Ba,1,DVM,FALSE
2764,CWHws3,CWHws3/112,Hw,1,Hw,1,DVM,FALSE
2765,CWHws3,CWHws3/112,Ac,2,Ac,2,SAS-HAK,FALSE
2766,CWHws3,CWHws3/112,Cw,2,Cw,2,DVM,FALSE
2767,CWHws3,CWHws3/112,Dr,2,Dr,2,SAS-HAK,FALSE
2768,CWHws3,CWHws3/112,Ss,2,Ss,2,DVM,FALSE
2769,CWHws3,CWHws3/112,Ep,3,Ep,3,DVM,FALSE
2770,CWHws3,CWHws3/112,Fdc,3,Fd,3,DVM,FALSE
2771,CWHws3,CWHws3/112,Sx,3,Sx,3,DVM,FALSE
2772,CWHws3,CWHws3/112,Mb,3,Mb,5,DVM,FALSE
2773,CWHws3,CWHws3/113,Ac,1,Ac,1,DVM,FALSE
2774,CWHws3,CWHws3/113,Dr,1,Dr,1,DVM,FALSE
2775,CWHws3,CWHws3/113,Ss,2,Ss,1,DVM,FALSE
2776,CWHws3,CWHws3/113,Ba,2,Ba,2,DVM,FALSE
2777,CWHws3,CWHws3/113,Cw,2,Cw,2,DVM,FALSE
2778,CWHws3,CWHws3/113,Hw,NA,Hw,2,DVM,FALSE
2779,CWHws3,CWHws3/113,Sx,2,Sx,2,SAS-HAK,FALSE
2780,CWHws3,CWHws3/113,Ep,3,Ep,3,DVM,FALSE
2781,CWHws3,CWHws3/113,Mb,3,Mb,5,DVM,FALSE
2782,CWHws3,CWHws3/Fl50,Dr,1,Dr,1,DVM,FALSE
2783,CWHws3,CWHws3/Fl50,Ac,2,Ac,2,DVM,FALSE
2784,CWHws3,CWHws3/Fl50,Wt,NA,Wt,2,DVM,FALSE
2785,CWHws3,CWHws3/Fl50,Ep,3,Ep,3,SAS-HAK,FALSE
2786,CWHws3,CWHws3/Fl50,Ss,3,Ss,3,DVM,FALSE
2787,CWHws3,CWHws3/Fl50,Mb,3,Mb,5,DVM,FALSE
2788,CWHws3,CWHws3/Fm50,Ac,1,Ac,1,DVM,FALSE
2789,CWHws3,CWHws3/Fm50,Dr,1,Dr,1,DVM,FALSE
2790,CWHws3,CWHws3/Fm50,Ss,3,Ss,2,DVM,FALSE
2791,CWHws3,CWHws3/Fm50,Ba,3,Ba,3,DVM,FALSE
2792,CWHws3,CWHws3/Fm50,Cw,3,Cw,3,DVM,FALSE
2793,CWHws3,CWHws3/Fm50,Ep,3,Ep,3,DVM,FALSE
2794,CWHws3,CWHws3/Fm50,Mb,3,Mb,5,DVM,FALSE
2795,CWHws3,CWHws3/Wb51,Plc,2,Pl,2,SAS-HAK,FALSE
2796,CWHws3,CWHws3/Wb51,Cw,3,Cw,3,SAS-HAK,FALSE
2797,CWHws3,CWHws3/Wb51,Ep,3,Ep,3,SAS-HAK,FALSE
2798,CWHws3,CWHws3/Wb51,Hw,3,Hw,3,SAS-HAK,FALSE
2799,CWHws3,CWHws3/Ws56,Cw,2,Cw,1,DVM,FALSE
2800,CWHws3,CWHws3/Ws56,Hw,3,Hw,1,DVM,FALSE
2801,CWHws3,CWHws3/Ws56,Ss,3,Ss,2,DVM,FALSE
2802,CWHws3,CWHws3/Ws56,Ac,3,Ac,3,DVM,FALSE
2803,CWHws3,CWHws3/Ws56,Ba,NA,Ba,3,DVM,FALSE
2804,CWHws3,CWHws3/Ws56,Dr,3,Dr,3,DVM,FALSE
2805,CWHws3,CWHws3/Ws56,Ep,3,Ep,3,DVM,FALSE
2806,CWHws3,CWHws3/Ws56,Sx,3,Sx,3,SAS-HAK,FALSE
2807,CWHws3,CWHws3/Ws56,Mb,5,Mb,5,DVM,FALSE
2808,CWHxs,CWHxs/101,Fdc,NA,Fd,1,HK,FALSE
2809,CWHxs,CWHxs/101,Hw,NA,Hw,1,HK,FALSE
2810,CWHxs,CWHxs/101,Cw,NA,Cw,2,HK,FALSE
2811,CWHxs,CWHxs/101,Bg,NA,Bg,3,HK,FALSE
2812,CWHxs,CWHxs/101,Ep,NA,Ep,3,HK,FALSE
2813,CWHxs,CWHxs/101,Pw,NA,Pw,3,HK,FALSE
2814,CWHxs,CWHxs/101,Sxw,NA,Sx,3,HK,FALSE
2815,CWHxs,CWHxs/101.1,Fdc,NA,Fd,1,HK,FALSE
2816,CWHxs,CWHxs/101.1,Hw,NA,Hw,1,HK,FALSE
2817,CWHxs,CWHxs/101.1,Cw,NA,Cw,2,HK,FALSE
2818,CWHxs,CWHxs/101.1,Bg,NA,Bg,3,HK,FALSE
2819,CWHxs,CWHxs/101.1,Ep,NA,Ep,3,HK,FALSE
2820,CWHxs,CWHxs/101.1,Pw,NA,Pw,3,HK,FALSE
2821,CWHxs,CWHxs/101.1,Sxw,NA,Sx,3,HK,FALSE
2822,CWHxs,CWHxs/101.2,Fdc,NA,Fd,1,HK,FALSE
2823,CWHxs,CWHxs/101.2,Hw,NA,Hw,1,HK,FALSE
2824,CWHxs,CWHxs/101.2,Cw,NA,Cw,3,HK,FALSE
2825,CWHxs,CWHxs/101.2,Plc,NA,Pl,3,HK,FALSE
2826,CWHxs,CWHxs/101.2,Pw,NA,Pw,3,HK,FALSE
2827,CWHxs,CWHxs/102,Fdc,NA,Fd,1,HK,FALSE
2828,CWHxs,CWHxs/102,Plc,NA,Pl,2,HK,FALSE
2829,CWHxs,CWHxs/103,Fdc,NA,Fd,1,HK,FALSE
2830,CWHxs,CWHxs/103,Hw,NA,Hw,2,HK,FALSE
2831,CWHxs,CWHxs/103,Cw,NA,Cw,3,HK,FALSE
2832,CWHxs,CWHxs/103,Plc,NA,Pl,3,HK,FALSE
2833,CWHxs,CWHxs/103,Sxw,NA,Sx,3,HK,FALSE
2834,CWHxs,CWHxs/103.1,Fdc,NA,Fd,1,HK,FALSE
2835,CWHxs,CWHxs/103.1,Hw,NA,Hw,2,HK,FALSE
2836,CWHxs,CWHxs/103.1,Cw,NA,Cw,3,HK,FALSE
2837,CWHxs,CWHxs/103.1,Plc,NA,Pl,3,HK,FALSE
2838,CWHxs,CWHxs/103.1,Sxw,NA,Sx,3,HK,FALSE
2839,CWHxs,CWHxs/103.2,Fdc,NA,Fd,1,HK,FALSE
2840,CWHxs,CWHxs/103.2,Hw,NA,Hw,2,HK,FALSE
2841,CWHxs,CWHxs/103.2,Cw,NA,Cw,3,HK,FALSE
2842,CWHxs,CWHxs/103.2,Plc,NA,Pl,3,HK,FALSE
2843,CWHxs,CWHxs/103.2,Pw,NA,Pw,3,HK,FALSE
2844,CWHxs,CWHxs/103.2,Sxw,NA,Sx,3,HK,FALSE
2845,CWHxs,CWHxs/110,Cw,NA,Cw,1,HK,FALSE
2846,CWHxs,CWHxs/110,Fdc,NA,Fd,1,HK,FALSE
2847,CWHxs,CWHxs/110,Hw,NA,Hw,1,HK,FALSE
2848,CWHxs,CWHxs/110,Bg,NA,Bg,2,HK,FALSE
2849,CWHxs,CWHxs/110,Ac,NA,Ac,3,HK,FALSE
2850,CWHxs,CWHxs/110,Ep,NA,Ep,3,HK,FALSE
2851,CWHxs,CWHxs/111,Cw,NA,Cw,1,HK,FALSE
2852,CWHxs,CWHxs/111,Hw,NA,Hw,1,HK,FALSE
2853,CWHxs,CWHxs/111,Bg,NA,Bg,2,HK,FALSE
2854,CWHxs,CWHxs/111,Fdc,NA,Fd,2,HK,FALSE
2855,CWHxs,CWHxs/111,Ac,NA,Ac,3,HK,FALSE
2856,CWHxs,CWHxs/111,Ep,NA,Ep,3,HK,FALSE
2857,CWHxs,CWHxs/112,Cw,NA,Cw,1,HK,FALSE
2858,CWHxs,CWHxs/112,Hw,NA,Hw,1,HK,FALSE
2859,CWHxs,CWHxs/112,Bg,NA,Bg,2,HK,FALSE
2860,CWHxs,CWHxs/112,Fdc,NA,Fd,2,HK,FALSE
2861,CWHxs,CWHxs/112,Ac,NA,Ac,3,HK,FALSE
2862,CWHxs,CWHxs/112,Dr,NA,Dr,3,HK,FALSE
2863,CWHxs,CWHxs/Fl50,Ac,NA,Ac,1,HK,FALSE
2864,CWHxs,CWHxs/Fl50,Dr,NA,Dr,1,HK,FALSE
2865,CWHxs,CWHxs/Fm51.2,Ac,NA,Ac,1,HK,FALSE
2866,CWHxs,CWHxs/Fm51.2,Cw,NA,Cw,1,HK,FALSE
2867,CWHxs,CWHxs/Fm51.2,Dr,NA,Dr,1,HK,FALSE
2868,CWHxs,CWHxs/Fm51.2,Bg,NA,Bg,3,HK,FALSE
2869,CWHxs,CWHxs/Ro,X,NA,X,NA,VC,FALSE
2870,CWHxs,CWHxs/Ro,X,NA,X,NA,VC,FALSE
2871,CWHxs,CWHxs/Ws57,Cw,NA,Cw,1,HK,FALSE
2872,CWHxs,CWHxs/Ws57,Hw,NA,Hw,1,HK,FALSE
2873,CWHxs,CWHxs/Ws57,Ac,NA,Ac,2,HK,FALSE
2874,CWHxs,CWHxs/Ws57,Dr,NA,Dr,2,HK,FALSE
2875,CWHxs,CWHxs/Ws57,Bg,NA,Bg,3,HK,FALSE
2876,ESSFdc1,ESSFdc1/101,Bl,1,Bl,1,DJM,FALSE
2877,ESSFdc1,ESSFdc1/101,Pli,2,Pl,3,DJM,FALSE
2878,ESSFdc1,ESSFdc1/101,Se,1,Sx,1,DJM,FALSE
2879,ESSFdc1,ESSFdc1/102,Bl,2,Bl,2,DJM,FALSE
2880,ESSFdc1,ESSFdc1/102,Pa,3,Pa,3,DJM,FALSE
2881,ESSFdc1,ESSFdc1/102,Pli,2,Pl,2,DJM,FALSE
2882,ESSFdc1,ESSFdc1/102,Se,2,Sx,3,DJM,FALSE
2883,ESSFdc1,ESSFdc1/103,Bl,2,Bl,1,DJM,FALSE
2884,ESSFdc1,ESSFdc1/103,Pa,3,Pa,3,DJM,FALSE
2885,ESSFdc1,ESSFdc1/103,Pli,1,Pl,1,DJM,FALSE
2886,ESSFdc1,ESSFdc1/103,Se,2,Sx,2,DJM,FALSE
2887,ESSFdc1,ESSFdc1/104,Bl,1,Bl,1,DJM,FALSE
2888,ESSFdc1,ESSFdc1/104,Pli,2,Pl,2,DJM,FALSE
2889,ESSFdc1,ESSFdc1/104,Se,1,Sx,1,DJM,FALSE
2890,ESSFdc1,ESSFdc1/110,Bl,1,Bl,1,DJM,FALSE
2891,ESSFdc1,ESSFdc1/110,Se,1,Sx,1,DJM,FALSE
2892,ESSFdc1,ESSFdc1/111,Bl,1,Bl,1,DJM,FALSE
2893,ESSFdc1,ESSFdc1/111,Se,1,Sx,1,DJM,FALSE
2894,ESSFdc1,ESSFdc1/112,Bl,2,Bl,2,DJM,FALSE
2895,ESSFdc1,ESSFdc1/112,Se,1,Sx,1,DJM,FALSE
2896,ESSFdcw,ESSFdcw/101,Bl,2,Bl,2,DJM,FALSE
2897,ESSFdcw,ESSFdcw/101,Se,1,Sx,2,DJM,FALSE
2898,ESSFdcw,ESSFdcw/102,Bl,2,Bl,2,DJM,FALSE
2899,ESSFdcw,ESSFdcw/102,Pa,2,Pa,2,DJM,FALSE
2900,ESSFdcw,ESSFdcw/102,Pli,3,Pl,3,DJM,FALSE
2901,ESSFdcw,ESSFdcw/102,Se,3,Sx,2,DJM,FALSE
2902,ESSFdcw,ESSFdcw/103,Bl,1,Bl,2,DJM,FALSE
2903,ESSFdcw,ESSFdcw/103,Pa,2,Pa,3,DJM,FALSE
2904,ESSFdcw,ESSFdcw/103,Pli,3,Pl,3,DJM,FALSE
2905,ESSFdcw,ESSFdcw/103,Se,1,Sx,2,DJM,FALSE
2906,ESSFdcw,ESSFdcw/110,Bl,2,Bl,2,DJM,FALSE
2907,ESSFdcw,ESSFdcw/110,Se,1,Sx,2,DJM,FALSE
2908,ESSFdk1,ESSFdk1/101,Bl,1,Bl,1,DJM,FALSE
2909,ESSFdk1,ESSFdk1/101,Fdi,2,Fd,3,DJM,FALSE
2910,ESSFdk1,ESSFdk1/101,Lw,2,Lw,3,DJM,FALSE
2911,ESSFdk1,ESSFdk1/101,Pa,3,Pa,3,DJM,FALSE
2912,ESSFdk1,ESSFdk1/101,Pli,2,Pl,2,DJM,FALSE
2913,ESSFdk1,ESSFdk1/101,Se,1,Sx,1,DJM,FALSE
2914,ESSFdk1,ESSFdk1/102,Bl,3,Bl,3,DJM,FALSE
2915,ESSFdk1,ESSFdk1/102,Fdi,2,Fd,2,DJM,FALSE
2916,ESSFdk1,ESSFdk1/102,Pa,2,Pa,2,DJM,FALSE
2917,ESSFdk1,ESSFdk1/102,Pf,3,Pf,3,DJM,FALSE
2918,ESSFdk1,ESSFdk1/102,Pli,2,Pl,3,DJM,FALSE
2919,ESSFdk1,ESSFdk1/102,Se,3,Sx,3,DJM,FALSE
2920,ESSFdk1,ESSFdk1/103,Bl,3,Bl,3,DJM,FALSE
2921,ESSFdk1,ESSFdk1/103,Fdi,2,Fd,2,DJM,FALSE
2922,ESSFdk1,ESSFdk1/103,Lw,3,Lw,3,DJM,FALSE
2923,ESSFdk1,ESSFdk1/103,Pa,2,Pa,2,DJM,FALSE
2924,ESSFdk1,ESSFdk1/103,Pli,1,Pl,1,DJM,FALSE
2925,ESSFdk1,ESSFdk1/103,Se,3,Sx,3,DJM,FALSE
2926,ESSFdk1,ESSFdk1/104,Bl,1,Bl,1,DJM,FALSE
2927,ESSFdk1,ESSFdk1/104,Fdi,2,Fd,2,DJM,FALSE
2928,ESSFdk1,ESSFdk1/104,Lw,3,Lw,3,DJM,FALSE
2929,ESSFdk1,ESSFdk1/104,Pa,3,Pa,3,DJM,FALSE
2930,ESSFdk1,ESSFdk1/104,Pli,1,Pl,1,DJM,FALSE
2931,ESSFdk1,ESSFdk1/104,Se,1,Sx,1,DJM,FALSE
2932,ESSFdk1,ESSFdk1/110,Act,3,Ac,3,DJM,FALSE
2933,ESSFdk1,ESSFdk1/110,Bl,1,Bl,1,DJM,FALSE
2934,ESSFdk1,ESSFdk1/110,Pli,3,Pl,3,DJM,FALSE
2935,ESSFdk1,ESSFdk1/110,Se,1,Sx,1,DJM,FALSE
2936,ESSFdk1,ESSFdk1/111,Bl,3,Bl,3,DJM,FALSE
2937,ESSFdk1,ESSFdk1/111,Se,2,Sx,2,DJM,FALSE
2938,ESSFdk1,ESSFdk1/111a,Bl,3,Bl,3,DJM,FALSE
2939,ESSFdk1,ESSFdk1/111a,Se,2,Sx,2,DJM,FALSE
2940,ESSFdk1,ESSFdk1/111b,Bl,3,Bl,3,DJM,FALSE
2941,ESSFdk1,ESSFdk1/111b,Se,2,Sx,2,DJM,FALSE
2942,ESSFdk2,ESSFdk2/112a,Bl,2,Bl,2,WHM,FALSE
2943,ESSFdk2,ESSFdk2/112a,Pli,3,Pl,3,WHM,FALSE
2944,ESSFdk2,ESSFdk2/112a,Se,1,Sx,1,WHM,FALSE
2945,ESSFdk2,ESSFdk2/112b,Bl,3,Bl,3,WHM,FALSE
2946,ESSFdk2,ESSFdk2/112b,Pli,5,Pl,5,WHM,FALSE
2947,ESSFdk2,ESSFdk2/112b,Se,3,Sx,3,WHM,FALSE
2948,ESSFmc,ESSFmc/01,Bl,1,Bl,1,EBL,FALSE
2949,ESSFmc,ESSFmc/01,Pli,2,Pl,2,EBL,FALSE
2950,ESSFmc,ESSFmc/01,Sxw,1,Sx,1,EBL,FALSE
2951,ESSFmc,ESSFmc/01a,Bl,1,Bl,1,EBL,FALSE
2952,ESSFmc,ESSFmc/01a,Pli,2,Pl,2,EBL,FALSE
2953,ESSFmc,ESSFmc/01a,Sxw,1,Sx,1,EBL,FALSE
2954,ESSFmc,ESSFmc/01b,Bl,1,Bl,1,EBL,FALSE
2955,ESSFmc,ESSFmc/01b,Pli,2,Pl,2,EBL,FALSE
2956,ESSFmc,ESSFmc/01b,Sxw,1,Sx,1,EBL,FALSE
2957,ESSFmc,ESSFmc/02,Bl,3,Bl,2,EBL,FALSE
2958,ESSFmc,ESSFmc/02,Pli,3,Pl,2,EBL,FALSE
2959,ESSFmc,ESSFmc/02,Sxw,3,Sx,3,EBL,FALSE
2960,ESSFmc,ESSFmc/03,Bl,3,Bl,2,EBL,FALSE
2961,ESSFmc,ESSFmc/03,Pli,2,Pl,2,EBL,FALSE
2962,ESSFmc,ESSFmc/03,Sxw,3,Sx,3,EBL,FALSE
2963,ESSFmc,ESSFmc/04,Bl,2,Bl,2,EBL,FALSE
2964,ESSFmc,ESSFmc/04,Pli,2,Pl,2,EBL,FALSE
2965,ESSFmc,ESSFmc/04,Sxw,2,Sx,2,EBL,FALSE
2966,ESSFmc,ESSFmc/05,Bl,1,Bl,1,EBL,FALSE
2967,ESSFmc,ESSFmc/05,Pli,3,Pl,3,EBL,FALSE
2968,ESSFmc,ESSFmc/05,Sxw,1,Sx,1,EBL,FALSE
2969,ESSFmc,ESSFmc/06,Bl,1,Bl,1,EBL,FALSE
2970,ESSFmc,ESSFmc/06,Pli,3,Pl,3,EBL,FALSE
2971,ESSFmc,ESSFmc/06,Sxw,1,Sx,1,EBL,FALSE
2972,ESSFmc,ESSFmc/07,Bl,1,Bl,1,EBL,FALSE
2973,ESSFmc,ESSFmc/07,Pli,3,Pl,3,EBL,FALSE
2974,ESSFmc,ESSFmc/07,Sxw,1,Sx,1,EBL,FALSE
2975,ESSFmc,ESSFmc/08,Bl,3,Bl,2,EBL,FALSE
2976,ESSFmc,ESSFmc/08,Sxw,3,Sx,2,EBL,FALSE
2977,ESSFmc,ESSFmc/09,Bl,3,Bl,2,EBL,FALSE
2978,ESSFmc,ESSFmc/09,Sxw,3,Sx,2,EBL,FALSE
2979,ESSFmc,ESSFmc/10,Bl,3,Bl,2,EBL,FALSE
2980,ESSFmc,ESSFmc/10,Sxw,3,Sx,2,EBL,FALSE
2981,ESSFmcp,ESSFmcp/00,Bl,3,Bl,3,EBL,FALSE
2982,ESSFmcw,ESSFmcw/101,Bl,2,Bl,2,EBL,FALSE
2983,ESSFmcw,ESSFmcw/101a,Bl,2,Bl,2,EBL,FALSE
2984,ESSFmcw,ESSFmcw/101b,Bl,2,Bl,2,EBL,FALSE
2985,ESSFmcw,ESSFmcw/102,Bl,3,Bl,3,EBL,FALSE
2986,ESSFmcw,ESSFmcw/102,Pa,3,Pa,3,EBL,FALSE
2987,ESSFmcw,ESSFmcw/102,Pli,3,Pl,4,EBL,FALSE
2988,ESSFmcw,ESSFmcw/103,Bl,3,Bl,3,EBL,FALSE
2989,ESSFmcw,ESSFmcw/110,Bl,2,Bl,2,EBL,FALSE
2990,ESSFmcw,ESSFmcw/111,Bl,3,Bl,2,EBL,FALSE
2991,ESSFmh,ESSFmh/101,Act,3,Ac,3,DJM,FALSE
2992,ESSFmh,ESSFmh/101,At,3,At,3,DJM,FALSE
2993,ESSFmh,ESSFmh/101,Bl,1,Bl,1,DJM,FALSE
2994,ESSFmh,ESSFmh/101,Cw,2,Cw,2,DJM,FALSE
2995,ESSFmh,ESSFmh/101,Fdi,3,Fd,3,DJM,FALSE
2996,ESSFmh,ESSFmh/101,Hw,2,Hw,2,DJM,FALSE
2997,ESSFmh,ESSFmh/101,Lw,2,Lw,3,DJM,FALSE
2998,ESSFmh,ESSFmh/101,Pli,2,Pl,3,DJM,FALSE
2999,ESSFmh,ESSFmh/101,Pw,3,Pw,3,DJM,FALSE
3000,ESSFmh,ESSFmh/101,Sxw,1,Sx,1,DJM,FALSE
3001,ESSFmh,ESSFmh/102,Bl,2,Bl,2,DJM,FALSE
3002,ESSFmh,ESSFmh/102,Fdi,3,Fd,2,DJM,FALSE
3003,ESSFmh,ESSFmh/102,Lw,3,Lw,3,DJM,TRUE
3004,ESSFmh,ESSFmh/102,Pa,3,Pa,3,DJM,FALSE
3005,ESSFmh,ESSFmh/102,Pli,2,Pl,2,DJM,FALSE
3006,ESSFmh,ESSFmh/102,Sxw,3,Sx,3,DJM,FALSE
3007,ESSFmh,ESSFmh/103,Bl,1,Bl,1,DJM,FALSE
3008,ESSFmh,ESSFmh/103,Cw,3,Cw,3,DJM,FALSE
3009,ESSFmh,ESSFmh/103,Fdi,1,Fd,1,DJM,FALSE
3010,ESSFmh,ESSFmh/103,Hw,3,Hw,3,DJM,FALSE
3011,ESSFmh,ESSFmh/103,Lw,2,Lw,2,DJM,FALSE
3012,ESSFmh,ESSFmh/103,Pli,1,Pl,1,DJM,FALSE
3013,ESSFmh,ESSFmh/103,Pw,3,Pw,3,DJM,FALSE
3014,ESSFmh,ESSFmh/103,Sxw,2,Sx,1,DJM,FALSE
3015,ESSFmh,ESSFmh/104,Bl,1,Bl,2,DJM,FALSE
3016,ESSFmh,ESSFmh/104,Pli,1,Pl,2,DJM,FALSE
3017,ESSFmh,ESSFmh/104,Sxw,1,Sx,2,DJM,FALSE
3018,ESSFmh,ESSFmh/105,Bl,1,Bl,1,DJM,FALSE
3019,ESSFmh,ESSFmh/105,Cw,2,Cw,2,DJM,FALSE
3020,ESSFmh,ESSFmh/105,Fdi,2,Fd,1,DJM,FALSE
3021,ESSFmh,ESSFmh/105,Lw,2,Lw,1,DJM,FALSE
3022,ESSFmh,ESSFmh/105,Pli,1,Pl,1,DJM,FALSE
3023,ESSFmh,ESSFmh/105,Pw,3,Pw,3,DJM,FALSE
3024,ESSFmh,ESSFmh/105,Sxw,1,Sx,1,DJM,FALSE
3025,ESSFmh,ESSFmh/110,Act,3,Ac,4,DJM,FALSE
3026,ESSFmh,ESSFmh/110,Bl,1,Bl,1,DJM,FALSE
3027,ESSFmh,ESSFmh/110,Cw,2,Cw,2,DJM,FALSE
3028,ESSFmh,ESSFmh/110,Hw,2,Hw,2,DJM,FALSE
3029,ESSFmh,ESSFmh/110,Sxw,1,Sx,1,DJM,FALSE
3030,ESSFmh,ESSFmh/111,Act,3,Ac,3,DJM,FALSE
3031,ESSFmh,ESSFmh/111,Bl,1,Bl,1,DJM,FALSE
3032,ESSFmh,ESSFmh/111,Cw,2,Cw,2,DJM,FALSE
3033,ESSFmh,ESSFmh/111,Hw,2,Hw,2,DJM,FALSE
3034,ESSFmh,ESSFmh/111,Sxw,1,Sx,1,DJM,FALSE
3035,ESSFmh,ESSFmh/112,Act,3,Ac,3,DJM,FALSE
3036,ESSFmh,ESSFmh/112,Bl,2,Bl,2,DJM,FALSE
3037,ESSFmh,ESSFmh/112,Sxw,1,Sx,1,DJM,FALSE
3038,ESSFmk,ESSFmk/01,Ba,3,Ba,3,EBL,FALSE
3039,ESSFmk,ESSFmk/01,Bl,1,Bl,1,EBL,FALSE
3040,ESSFmk,ESSFmk/01,Hm,2,Hm,2,EBL,FALSE
3041,ESSFmk,ESSFmk/01,Pli,2,Pl,3,EBL,FALSE
3042,ESSFmk,ESSFmk/01,Sxw,1,Sx,1,EBL,FALSE
3043,ESSFmk,ESSFmk/02,Bl,3,Bl,2,EBL,FALSE
3044,ESSFmk,ESSFmk/02,Hm,3,Hm,2,EBL,FALSE
3045,ESSFmk,ESSFmk/02,Pa,3,Pa,2,EBL,FALSE
3046,ESSFmk,ESSFmk/02,Pli,3,Pl,2,EBL,FALSE
3047,ESSFmk,ESSFmk/02,Sxw,2,Sx,3,EBL,FALSE
3048,ESSFmk,ESSFmk/02a,Bl,3,Bl,2,EBL,FALSE
3049,ESSFmk,ESSFmk/02a,Hm,3,Hm,2,EBL,FALSE
3050,ESSFmk,ESSFmk/02a,Pa,3,Pa,2,EBL,FALSE
3051,ESSFmk,ESSFmk/02a,Pli,3,Pl,2,EBL,FALSE
3052,ESSFmk,ESSFmk/02a,Sxw,2,Sx,3,EBL,FALSE
3053,ESSFmk,ESSFmk/02b,Bl,3,Bl,2,EBL,FALSE
3054,ESSFmk,ESSFmk/02b,Hm,3,Hm,2,EBL,FALSE
3055,ESSFmk,ESSFmk/02b,Pa,3,Pa,2,EBL,FALSE
3056,ESSFmk,ESSFmk/02b,Pli,3,Pl,2,EBL,FALSE
3057,ESSFmk,ESSFmk/02b,Sxw,2,Sx,3,EBL,FALSE
3058,ESSFmk,ESSFmk/03,Ba,3,Ba,3,EBL,FALSE
3059,ESSFmk,ESSFmk/03,Bl,3,Bl,2,EBL,FALSE
3060,ESSFmk,ESSFmk/03,Hm,3,Hm,2,EBL,FALSE
3061,ESSFmk,ESSFmk/03,Pa,3,Pa,2,EBL,FALSE
3062,ESSFmk,ESSFmk/03,Pli,3,Pl,2,EBL,FALSE
3063,ESSFmk,ESSFmk/03,Sxw,2,Sx,2,EBL,FALSE
3064,ESSFmk,ESSFmk/04,Ba,3,Ba,3,EBL,FALSE
3065,ESSFmk,ESSFmk/04,Bl,2,Bl,1,EBL,FALSE
3066,ESSFmk,ESSFmk/04,Hm,2,Hm,2,EBL,FALSE
3067,ESSFmk,ESSFmk/04,Pli,2,Pl,2,EBL,FALSE
3068,ESSFmk,ESSFmk/04,Sxw,1,Sx,1,EBL,FALSE
3069,ESSFmk,ESSFmk/05,Ba,3,Ba,3,EBL,FALSE
3070,ESSFmk,ESSFmk/05,Bl,2,Bl,1,EBL,FALSE
3071,ESSFmk,ESSFmk/05,Hm,2,Hm,2,EBL,FALSE
3072,ESSFmk,ESSFmk/05,Pli,3,Pl,3,EBL,FALSE
3073,ESSFmk,ESSFmk/05,Sxw,1,Sx,1,EBL,FALSE
3074,ESSFmk,ESSFmk/06,Ba,3,Ba,3,EBL,FALSE
3075,ESSFmk,ESSFmk/06,Bl,3,Bl,2,EBL,FALSE
3076,ESSFmk,ESSFmk/06,Hm,3,Hm,3,EBL,FALSE
3077,ESSFmk,ESSFmk/06,Sxw,1,Sx,2,EBL,FALSE
3078,ESSFmk,ESSFmk/07,Ba,3,Ba,3,EBL,FALSE
3079,ESSFmk,ESSFmk/07,Bl,3,Bl,2,EBL,FALSE
3080,ESSFmk,ESSFmk/07,Sxw,1,Sx,2,EBL,FALSE
3081,ESSFmkp,ESSFmkp/00,Bl,3,Bl,3,EBL,FALSE
3082,ESSFmkp,ESSFmkp/00,Pa,3,Pa,3,EBL,FALSE
3083,ESSFmkw,ESSFmkw/101,Bl,2,Bl,2,EBL,FALSE
3084,ESSFmkw,ESSFmkw/101,Hm,3,Hm,3,EBL,FALSE
3085,ESSFmkw,ESSFmkw/102,Bl,3,Bl,3,EBL,FALSE
3086,ESSFmkw,ESSFmkw/102,Hm,3,Hm,3,EBL,FALSE
3087,ESSFmkw,ESSFmkw/102,Pa,3,Pa,3,EBL,FALSE
3088,ESSFmkw,ESSFmkw/103,Bl,3,Bl,3,EBL,FALSE
3089,ESSFmkw,ESSFmkw/103,Hm,3,Hm,3,EBL,FALSE
3090,ESSFmkw,ESSFmkw/104,Bl,2,Bl,2,EBL,FALSE
3091,ESSFmkw,ESSFmkw/104,Hm,2,Hm,2,EBL,FALSE
3092,ESSFmkw,ESSFmkw/110,Bl,2,Bl,2,EBL,FALSE
3093,ESSFmkw,ESSFmkw/110,Hm,3,Hm,3,EBL,FALSE
3094,ESSFmkw,ESSFmkw/111,Bl,3,Bl,2,EBL,FALSE
3095,ESSFmm1,ESSFmm1/01,Bl,1,Bl,1,DS,FALSE
3096,ESSFmm1,ESSFmm1/01,Pli,2,Pl,2,DS,FALSE
3097,ESSFmm1,ESSFmm1/01,Sxw,1,Sx,1,DS,FALSE
3098,ESSFmm1,ESSFmm1/02,Bl,3,Bl,3,DS,FALSE
3099,ESSFmm1,ESSFmm1/02,Pli,3,Pl,3,DS,FALSE
3100,ESSFmm1,ESSFmm1/02,Sxw,3,Sx,3,DS,FALSE
3101,ESSFmm1,ESSFmm1/03,Bl,2,Bl,2,DS,FALSE
3102,ESSFmm1,ESSFmm1/03,Pli,2,Pl,2,DS,FALSE
3103,ESSFmm1,ESSFmm1/03,Sxw,2,Sx,2,DS,FALSE
3104,ESSFmm1,ESSFmm1/04,Bl,2,Bl,2,DS,FALSE
3105,ESSFmm1,ESSFmm1/04,Pli,2,Pl,2,DS,FALSE
3106,ESSFmm1,ESSFmm1/04,Sxw,2,Sx,2,DS,FALSE
3107,ESSFmm1,ESSFmm1/05,Bl,1,Bl,1,DS,FALSE
3108,ESSFmm1,ESSFmm1/05,Pli,2,Pl,2,DS,FALSE
3109,ESSFmm1,ESSFmm1/05,Sxw,1,Sx,1,DS,FALSE
3110,ESSFmm1,ESSFmm1/06,Bl,1,Bl,1,DS,FALSE
3111,ESSFmm1,ESSFmm1/06,Pli,2,Pl,2,DS,FALSE
3112,ESSFmm1,ESSFmm1/06,Sxw,1,Sx,1,DS,FALSE
3113,ESSFmm1,ESSFmm1/07,Bl,3,Bl,2,DS,FALSE
3114,ESSFmm1,ESSFmm1/07,Pli,3,Pl,2,DS,FALSE
3115,ESSFmm1,ESSFmm1/07,Sxw,3,Sx,2,DS,FALSE
3116,ESSFmm2,ESSFmm2/01,Bl,1,Bl,1,DS,FALSE
3117,ESSFmm2,ESSFmm2/01,Pli,2,Pl,2,DS,FALSE
3118,ESSFmm2,ESSFmm2/01,Sxw,1,Sx,1,DS,FALSE
3119,ESSFmm2,ESSFmm2/02,Bl,3,Bl,3,DS,FALSE
3120,ESSFmm2,ESSFmm2/02,Pli,3,Pl,3,DS,FALSE
3121,ESSFmm2,ESSFmm2/02,Sxw,2,Sx,2,DS,FALSE
3122,ESSFmm2,ESSFmm2/03,Bl,2,Bl,2,DS,FALSE
3123,ESSFmm2,ESSFmm2/03,Pli,2,Pl,2,DS,FALSE
3124,ESSFmm2,ESSFmm2/03,Sxw,2,Sx,2,DS,FALSE
3125,ESSFmm2,ESSFmm2/04,Bl,2,Bl,2,DS,FALSE
3126,ESSFmm2,ESSFmm2/04,Pli,2,Pl,2,DS,FALSE
3127,ESSFmm2,ESSFmm2/04,Sxw,1,Sx,1,DS,FALSE
3128,ESSFmm2,ESSFmm2/05,Bl,1,Bl,1,DS,FALSE
3129,ESSFmm2,ESSFmm2/05,Pli,2,Pl,2,DS,FALSE
3130,ESSFmm2,ESSFmm2/05,Sxw,1,Sx,1,DS,FALSE
3131,ESSFmm2,ESSFmm2/06,Bl,1,Bl,1,DS,FALSE
3132,ESSFmm2,ESSFmm2/06,Pli,2,Pl,2,DS,FALSE
3133,ESSFmm2,ESSFmm2/06,Sxw,1,Sx,1,DS,FALSE
3134,ESSFmm2,ESSFmm2/07,Bl,2,Bl,2,DS,FALSE
3135,ESSFmm2,ESSFmm2/07,Pli,2,Pl,2,DS,FALSE
3136,ESSFmm2,ESSFmm2/07,Sxw,1,Sx,1,DS,FALSE
3137,ESSFmv1,ESSFmv1/01,At,3,At,3,DS,FALSE
3138,ESSFmv1,ESSFmv1/01,Bl,1,Bl,1,DS,FALSE
3139,ESSFmv1,ESSFmv1/01,Ep,3,Ep,3,DS,FALSE
3140,ESSFmv1,ESSFmv1/01,Pli,2,Pl,1,DS,FALSE
3141,ESSFmv1,ESSFmv1/01,Sxw,1,Sx,1,DS,FALSE
3142,ESSFmv1,ESSFmv1/02,Bl,3,Bl,3,DS,FALSE
3143,ESSFmv1,ESSFmv1/02,Pli,2,Pl,2,DS,FALSE
3144,ESSFmv1,ESSFmv1/03,Bl,3,Bl,3,DS,FALSE
3145,ESSFmv1,ESSFmv1/03,Pli,2,Pl,2,DS,FALSE
3146,ESSFmv1,ESSFmv1/03,Sxw,1,Sx,2,DS,FALSE
3147,ESSFmv1,ESSFmv1/04,Bl,1,Bl,1,DS,FALSE
3148,ESSFmv1,ESSFmv1/04,Pli,2,Pl,2,DS,FALSE
3149,ESSFmv1,ESSFmv1/04,Sxw,1,Sx,1,DS,FALSE
3150,ESSFmv1,ESSFmv1/05,Bl,1,Bl,1,DS,FALSE
3151,ESSFmv1,ESSFmv1/05,Pli,2,Pl,2,DS,FALSE
3152,ESSFmv1,ESSFmv1/05,Sxw,1,Sx,1,DS,FALSE
3153,ESSFmv2,ESSFmv2/01,Bl,1,Bl,1,DS,FALSE
3154,ESSFmv2,ESSFmv2/01,Pli,2,Pl,2,DS,FALSE
3155,ESSFmv2,ESSFmv2/01,Sxw,1,Sx,1,DS,FALSE
3156,ESSFmv2,ESSFmv2/01,Sxw,1,Sx,1,DS,FALSE
3157,ESSFmv2,ESSFmv2/02,Bl,3,Bl,3,DS,FALSE
3158,ESSFmv2,ESSFmv2/02,Pli,2,Pl,2,DS,FALSE
3159,ESSFmv2,ESSFmv2/02,Sxw,2,Sx,2,DS,FALSE
3160,ESSFmv2,ESSFmv2/02,Sxw,2,Sx,2,DS,FALSE
3161,ESSFmv2,ESSFmv2/03,Bl,3,Bl,3,DS,FALSE
3162,ESSFmv2,ESSFmv2/03,Pli,3,Pl,3,DS,FALSE
3163,ESSFmv2,ESSFmv2/03,Sb,3,Sb,2,DS,FALSE
3164,ESSFmv2,ESSFmv2/03,Sxw,1,Sx,2,DS,FALSE
3165,ESSFmv2,ESSFmv2/03,Sxw,1,Sx,2,DS,FALSE
3166,ESSFmv2,ESSFmv2/04,Bl,1,Bl,1,DS,FALSE
3167,ESSFmv2,ESSFmv2/04,Pli,2,Pl,2,DS,FALSE
3168,ESSFmv2,ESSFmv2/04,Sxw,1,Sx,1,DS,FALSE
3169,ESSFmv2,ESSFmv2/04,Sxw,1,Sx,1,DS,FALSE
3170,ESSFmv2,ESSFmv2/05,Bl,1,Bl,1,DS,FALSE
3171,ESSFmv2,ESSFmv2/05,Pli,2,Pl,2,DS,FALSE
3172,ESSFmv2,ESSFmv2/05,Sxw,1,Sx,1,DS,FALSE
3173,ESSFmv2,ESSFmv2/06,Bl,2,Bl,2,DS,FALSE
3174,ESSFmv2,ESSFmv2/06,Pli,2,Pl,2,DS,FALSE
3175,ESSFmv2,ESSFmv2/06,Sxw,1,Sx,1,DS,FALSE
3176,ESSFmv3,ESSFmv3/01,Bl,1,Bl,1,DS,FALSE
3177,ESSFmv3,ESSFmv3/01,Pli,3,Pl,2,DS,FALSE
3178,ESSFmv3,ESSFmv3/01,Sxw,1,Sx,1,DS,FALSE
3179,ESSFmv3,ESSFmv3/01,Sxw,1,Sx,1,DS,FALSE
3180,ESSFmv3,ESSFmv3/02,Bl,3,Bl,3,DS,FALSE
3181,ESSFmv3,ESSFmv3/02,Pli,2,Pl,2,DS,FALSE
3182,ESSFmv3,ESSFmv3/02,Sxw,3,Sx,3,DS,FALSE
3183,ESSFmv3,ESSFmv3/03,Bl,3,Bl,3,DS,FALSE
3184,ESSFmv3,ESSFmv3/03,Pli,2,Pl,2,DS,FALSE
3185,ESSFmv3,ESSFmv3/03,Sb,3,Sb,3,DS,FALSE
3186,ESSFmv3,ESSFmv3/03,Sxw,3,Sx,3,DS,FALSE
3187,ESSFmv3,ESSFmv3/04,Bl,1,Bl,1,DS,FALSE
3188,ESSFmv3,ESSFmv3/04,Pli,3,Pl,3,DS,FALSE
3189,ESSFmv3,ESSFmv3/04,Sxw,1,Sx,1,DS,FALSE
3190,ESSFmv3,ESSFmv3/04,Sxw,1,Sx,1,DS,FALSE
3191,ESSFmv3,ESSFmv3/05,Bl,1,Bl,1,DS,FALSE
3192,ESSFmv3,ESSFmv3/05,Pli,3,Pl,3,DS,FALSE
3193,ESSFmv3,ESSFmv3/05,Sxw,1,Sx,1,DS,FALSE
3194,ESSFmv3,ESSFmv3/06,Bl,1,Bl,1,DS,FALSE
3195,ESSFmv3,ESSFmv3/06,Pli,3,Pl,3,DS,FALSE
3196,ESSFmv3,ESSFmv3/06,Sxw,1,Sx,1,DS,FALSE
3197,ESSFmv3,ESSFmv3/07,Bl,1,Bl,1,DS,FALSE
3198,ESSFmv3,ESSFmv3/07,Bl,1,Bl,1,DS,FALSE
3199,ESSFmv3,ESSFmv3/07,Pli,3,Pl,3,DS,FALSE
3200,ESSFmv3,ESSFmv3/07,Sxw,1,Sx,1,DS,FALSE
3201,ESSFmv3,ESSFmv3/07,Sxw,1,Sx,1,DS,FALSE
3202,ESSFmv3,ESSFmv3/08,Bl,1,Bl,1,DS,FALSE
3203,ESSFmv3,ESSFmv3/08,Pli,2,Pl,2,DS,FALSE
3204,ESSFmv3,ESSFmv3/08,Sxw,1,Sx,1,DS,FALSE
3205,ESSFmv4,ESSFmv4/01,Bl,1,Bl,1,DS,FALSE
3206,ESSFmv4,ESSFmv4/01,Pli,2,Pl,2,DS,FALSE
3207,ESSFmv4,ESSFmv4/01,Sxw,1,Sx,1,DS,FALSE
3208,ESSFmv4,ESSFmv4/01,Sxw,1,Sx,1,DS,FALSE
3209,ESSFmv4,ESSFmv4/02,Bl,3,Bl,3,DS,FALSE
3210,ESSFmv4,ESSFmv4/02,Pli,2,Pl,2,DS,FALSE
3211,ESSFmv4,ESSFmv4/02,Sxw,2,Sx,2,DS,FALSE
3212,ESSFmv4,ESSFmv4/03,Bl,3,Bl,3,DS,FALSE
3213,ESSFmv4,ESSFmv4/03,Pli,3,Pl,2,DS,FALSE
3214,ESSFmv4,ESSFmv4/03,Sb,3,Sb,2,DS,FALSE
3215,ESSFmv4,ESSFmv4/03,Sxw,1,Sx,3,DS,FALSE
3216,ESSFmv4,ESSFmv4/03,Sxw,1,Sx,3,DS,FALSE
3217,ESSFmv4,ESSFmv4/04,Bl,1,Bl,1,DS,FALSE
3218,ESSFmv4,ESSFmv4/04,Pli,1,Pl,1,DS,FALSE
3219,ESSFmv4,ESSFmv4/04,Sxw,1,Sx,1,DS,FALSE
3220,ESSFmv4,ESSFmv4/04,Sxw,1,Sx,1,DS,FALSE
3221,ESSFmv4,ESSFmv4/05,Bl,2,Bl,2,DS,FALSE
3222,ESSFmv4,ESSFmv4/05,Pli,2,Pl,2,DS,FALSE
3223,ESSFmv4,ESSFmv4/05,Sxw,1,Sx,1,DS,FALSE
3224,ESSFmvp,ESSFmvp/00,Bl,3,Bl,3,DS,FALSE
3225,ESSFmww,ESSFmww/101,Ba,2,Ba,2,MR,FALSE
3226,ESSFmww,ESSFmww/101,Bl,1,Bl,1,MR,FALSE
3227,ESSFmww,ESSFmww/101,Hm,3,Hm,3,MR,FALSE
3228,ESSFmww,ESSFmww/101,Pa,2,Pa,2,MR,FALSE
3229,ESSFmww,ESSFmww/101,Pli,3,Pl,3,MR,FALSE
3230,ESSFmww,ESSFmww/101,Se,2,Sx,2,MR,FALSE
3231,ESSFmww,ESSFmww/101,Yc,3,Yc,3,MR,FALSE
3232,ESSFmww,ESSFmww/102,Ba,3,Ba,3,MR,FALSE
3233,ESSFmww,ESSFmww/102,Bl,2,Bl,2,MR,FALSE
3234,ESSFmww,ESSFmww/102,Hm,3,Hm,3,MR,FALSE
3235,ESSFmww,ESSFmww/102,Pa,2,Pa,2,MR,FALSE
3236,ESSFmww,ESSFmww/102,Pli,3,Pl,3,MR,FALSE
3237,ESSFmww,ESSFmww/102,Se,2,Sx,2,MR,FALSE
3238,ESSFmww,ESSFmww/102,Yc,3,Yc,3,MR,FALSE
3239,ESSFmww,ESSFmww/103,Ba,3,Ba,3,MR,FALSE
3240,ESSFmww,ESSFmww/103,Bl,2,Bl,2,MR,FALSE
3241,ESSFmww,ESSFmww/103,Hm,3,Hm,3,MR,FALSE
3242,ESSFmww,ESSFmww/103,Pli,3,Pl,3,MR,FALSE
3243,ESSFmww,ESSFmww/103,Se,2,Sx,2,MR,FALSE
3244,ESSFmww,ESSFmww/103,Yc,3,Yc,3,MR,FALSE
3245,ESSFmww,ESSFmww/110,Bl,2,Bl,2,MR,FALSE
3246,ESSFmww,ESSFmww/110,Se,2,Sx,2,MR,FALSE
3247,ESSFvc,ESSFvc/06,Bl,NA,Bl,4,VC,FALSE
3248,ESSFvc,ESSFvc/06,Hm,NA,Hm,4,VC,FALSE
3249,ESSFvc,ESSFvc/06,Se,NA,Sx,4,VC,FALSE
3250,ESSFvcw,ESSFvcw/06,Bl,NA,Bl,4,VC,FALSE
3251,ESSFvcw,ESSFvcw/06,Hm,NA,Hm,4,VC,FALSE
3252,ESSFvcw,ESSFvcw/06,Se,NA,Sx,4,VC,FALSE
3253,ESSFwc3,ESSFwc3/01,Bl,1,Bl,1,KI,FALSE
3254,ESSFwc3,ESSFwc3/01,Pli,3,Pl,3,KI,FALSE
3255,ESSFwc3,ESSFwc3/01,Pli,3,Pl,3,KI,FALSE
3256,ESSFwc3,ESSFwc3/01,Se,1,Sx,1,KI,FALSE
3257,ESSFwc3,ESSFwc3/02,Bl,3,Bl,2,KI,FALSE
3258,ESSFwc3,ESSFwc3/02,Pli,3,Pl,3,KI,FALSE
3259,ESSFwc3,ESSFwc3/02,Pli,3,Pl,3,KI,FALSE
3260,ESSFwc3,ESSFwc3/02,Se,2,Sx,2,KI,FALSE
3261,ESSFwc3,ESSFwc3/03,Bl,2,Bl,1,KI,FALSE
3262,ESSFwc3,ESSFwc3/03,Se,1,Sx,1,KI,FALSE
3263,ESSFwc7,ESSFwc7/101,Pli,NA,Pl,3,KI,FALSE
3264,ESSFwc7,ESSFwc7/101,Bl,NA,Bl,1,KI,FALSE
3265,ESSFwc7,ESSFwc7/101,Sx,NA,Sx,1,KI,FALSE
3266,ESSFwc7,ESSFwc7/102,Bl,NA,Bl,3,KI,FALSE
3267,ESSFwc7,ESSFwc7/102,Pli,NA,Pl,3,KI,FALSE
3268,ESSFwc7,ESSFwc7/102,Sx,NA,Sx,3,KI,FALSE
3269,ESSFwc7,ESSFwc7/103,Pli,NA,Pl,3,KI,FALSE
3270,ESSFwc7,ESSFwc7/103,Bl,NA,Bl,1,KI,FALSE
3271,ESSFwc7,ESSFwc7/103,Sx,NA,Sx,1,KI,FALSE
3272,ESSFwc7,ESSFwc7/110,Bl,NA,Bl,1,KI,FALSE
3273,ESSFwc7,ESSFwc7/110,Sx,NA,Sx,1,KI,FALSE
3274,ESSFwc7,ESSFwc7/111,Bl,NA,Bl,1,KI,FALSE
3275,ESSFwc7,ESSFwc7/111,Sx,NA,Sx,1,KI,FALSE
3276,ESSFwc4,ESSFwc4/101,Yc,NA,Yc,3,WHM,FALSE
3277,ESSFwc4,ESSFwc4/103a,Bl,2,Bl,2,WHM,FALSE
3278,ESSFwc4,ESSFwc4/103a,La,3,La,3,WHM,FALSE
3279,ESSFwc4,ESSFwc4/103a,Pa,2,Pa,2,WHM,FALSE
3280,ESSFwc4,ESSFwc4/103a,Pli,2,Pl,2,WHM,FALSE
3281,ESSFwc4,ESSFwc4/103a,Se,2,Sx,2,WHM,FALSE
3282,ESSFwc4,ESSFwc4/103b,Bl,1,Bl,1,WHM,FALSE
3283,ESSFwc4,ESSFwc4/103b,La,3,La,3,WHM,FALSE
3284,ESSFwc4,ESSFwc4/103b,Pa,2,Pa,2,WHM,FALSE
3285,ESSFwc4,ESSFwc4/103b,Pli,2,Pl,2,WHM,FALSE
3286,ESSFwc4,ESSFwc4/103b,Se,1,Sx,1,WHM,FALSE
3287,ESSFwc4,ESSFwc4/112,Bl,2,Bl,2,WHM,FALSE
3288,ESSFwc4,ESSFwc4/112,Pli,3,Pl,3,WHM,FALSE
3289,ESSFwc4,ESSFwc4/112,Se,1,Sx,1,WHM,FALSE
3290,ESSFwc4,ESSFwc4/112a,Bl,2,Bl,2,WHM,FALSE
3291,ESSFwc4,ESSFwc4/112a,Pli,3,Pl,3,WHM,FALSE
3292,ESSFwc4,ESSFwc4/112a,Se,1,Sx,1,WHM,FALSE
3293,ESSFwc4,ESSFwc4/112b,Bl,3,Bl,3,WHM,FALSE
3294,ESSFwc4,ESSFwc4/112b,Pli,5,Pl,5,WHM,FALSE
3295,ESSFwc4,ESSFwc4/112b,Se,2,Sx,2,WHM,FALSE
3296,ESSFwh1,ESSFwh1/111,Act,3,Ac,3,WHM,FALSE
3297,ESSFwh1,ESSFwh1/111,Bl,2,Bl,2,WHM,FALSE
3298,ESSFwh1,ESSFwh1/111,Hw,3,Hw,3,WHM,FALSE
3299,ESSFwh1,ESSFwh1/111,Se,1,Sx,1,WHM,FALSE
3300,ESSFwh1,ESSFwh1/111a,Act,3,Ac,3,WHM,FALSE
3301,ESSFwh1,ESSFwh1/111a,Bl,2,Bl,2,WHM,FALSE
3302,ESSFwh1,ESSFwh1/111a,Hw,3,Hw,3,WHM,FALSE
3303,ESSFwh1,ESSFwh1/111a,Se,1,Sx,1,WHM,FALSE
3304,ESSFwh1,ESSFwh1/111b,Act,5,Ac,5,WHM,FALSE
3305,ESSFwh1,ESSFwh1/111b,Bl,3,Bl,3,WHM,FALSE
3306,ESSFwh1,ESSFwh1/111b,Hw,3,Hw,3,WHM,FALSE
3307,ESSFwh1,ESSFwh1/111b,Se,3,Sx,3,WHM,FALSE
3308,ESSFwh2,ESSFwh2/112,Bl,2,Bl,2,WHM,FALSE
3309,ESSFwh2,ESSFwh2/112,Hw,3,Hw,3,WHM,FALSE
3310,ESSFwh2,ESSFwh2/112,Se,1,Sx,1,WHM,FALSE
3311,ESSFwh2,ESSFwh2/112a,Bl,2,Bl,2,WHM,FALSE
3312,ESSFwh2,ESSFwh2/112a,Hw,3,Hw,3,WHM,FALSE
3313,ESSFwh2,ESSFwh2/112a,Se,1,Sx,1,WHM,FALSE
3314,ESSFwh2,ESSFwh2/112b,Bl,3,Bl,3,WHM,FALSE
3315,ESSFwh2,ESSFwh2/112b,Hw,3,Hw,3,WHM,FALSE
3316,ESSFwh2,ESSFwh2/112b,Se,3,Sx,3,WHM,FALSE
3317,ESSFwh3,ESSFwh3/112,Act,3,Ac,3,WHM,FALSE
3318,ESSFwh3,ESSFwh3/112,Bl,2,Bl,2,WHM,FALSE
3319,ESSFwh3,ESSFwh3/112,Hw,3,Hw,3,WHM,FALSE
3320,ESSFwh3,ESSFwh3/112,Se,1,Sx,1,WHM,FALSE
3321,ESSFwh3,ESSFwh3/112a,Act,3,Ac,3,WHM,FALSE
3322,ESSFwh3,ESSFwh3/112a,Bl,2,Bl,2,WHM,FALSE
3323,ESSFwh3,ESSFwh3/112a,Hw,3,Hw,3,WHM,FALSE
3324,ESSFwh3,ESSFwh3/112a,Se,1,Sx,1,WHM,FALSE
3325,ESSFwh3,ESSFwh3/112b,Act,5,Ac,5,WHM,FALSE
3326,ESSFwh3,ESSFwh3/112b,Bl,3,Bl,3,WHM,FALSE
3327,ESSFwh3,ESSFwh3/112b,Hw,3,Hw,3,WHM,FALSE
3328,ESSFwh3,ESSFwh3/112b,Se,2,Sx,2,WHM,FALSE
3329,ESSFwk1,ESSFwk1/01,Bl,1,Bl,1,KI,FALSE
3330,ESSFwk1,ESSFwk1/01,Pli,2,Pl,2,KI,FALSE
3331,ESSFwk1,ESSFwk1/01,Se,1,Sx,1,KI,FALSE
3332,ESSFwk1,ESSFwk1/02,Bl,3,Bl,3,KI,FALSE
3333,ESSFwk1,ESSFwk1/02,Pli,2,Pl,2,KI,FALSE
3334,ESSFwk1,ESSFwk1/02,Se,2,Sx,3,KI,FALSE
3335,ESSFwk1,ESSFwk1/02,Fdi,4,Fd,4,KI,FALSE
3336,ESSFwk1,ESSFwk1/03,Bl,2,Bl,1,KI,FALSE
3337,ESSFwk1,ESSFwk1/03,Pli,2,Pl,2,KI,FALSE
3338,ESSFwk1,ESSFwk1/03,Pli,2,Pl,2,KI,FALSE
3339,ESSFwk1,ESSFwk1/03,Se,1,Sx,1,KI,FALSE
3340,ESSFwk1,ESSFwk1/04,Bl,1,Bl,1,KI,FALSE
3341,ESSFwk1,ESSFwk1/04,Pli,2,Pl,2,KI,FALSE
3342,ESSFwk1,ESSFwk1/04,Se,1,Sx,1,KI,FALSE
3343,ESSFwk1,ESSFwk1/05,Bl,1,Bl,1,KI,FALSE
3344,ESSFwk1,ESSFwk1/05,Pli,2,Pl,2,KI,FALSE
3345,ESSFwk1,ESSFwk1/05,Se,1,Sx,1,KI,FALSE
3346,ESSFwk1,ESSFwk1/06,Bl,2,Bl,2,KI,FALSE
3347,ESSFwk1,ESSFwk1/06,Se,1,Sx,2,KI,FALSE
3348,ESSFwk1,ESSFwk1/07,Bl,2,Bl,2,KI,FALSE
3349,ESSFwk1,ESSFwk1/07,Se,1,Sx,1,KI,FALSE
3350,ESSFwk2,ESSFwk2/01,Bl,1,Bl,1,DS,FALSE
3351,ESSFwk2,ESSFwk2/01,Se,1,Sx,1,DS,FALSE
3352,ESSFwk2,ESSFwk2/02,Bl,3,Bl,2,DS,FALSE
3353,ESSFwk2,ESSFwk2/02,Se,2,Sx,2,DS,FALSE
3354,ESSFwk2,ESSFwk2/03,Bl,2,Bl,1,DS,FALSE
3355,ESSFwk2,ESSFwk2/03,Pli,3,Pl,3,DS,FALSE
3356,ESSFwk2,ESSFwk2/03,Se,1,Sx,1,DS,FALSE
3357,ESSFwk2,ESSFwk2/04,Bl,1,Bl,1,DS,FALSE
3358,ESSFwk2,ESSFwk2/04,Se,1,Sx,1,DS,FALSE
3359,ESSFwk2,ESSFwk2/05,Bl,1,Bl,1,DS,FALSE
3360,ESSFwk2,ESSFwk2/05,Se,1,Sx,1,DS,FALSE
3361,ESSFwk2,ESSFwk2/06,Bl,2,Bl,2,DS,FALSE
3362,ESSFwk2,ESSFwk2/06,Se,1,Sx,2,DS,FALSE
3363,ESSFwm2,ESSFwm2/112,Bl,2,Bl,2,WHM,FALSE
3364,ESSFwm2,ESSFwm2/112,Se,2,Sx,2,WHM,FALSE
3365,ESSFwm2,ESSFwm2/112a,Bl,2,Bl,2,WHM,FALSE
3366,ESSFwm2,ESSFwm2/112a,Se,2,Sx,2,WHM,FALSE
3367,ESSFwm2,ESSFwm2/112b,Bl,3,Bl,3,WHM,FALSE
3368,ESSFwm2,ESSFwm2/112b,Se,3,Sx,3,WHM,FALSE
3369,ESSFwv,ESSFwv/01,Bl,1,Bl,1,EBL,FALSE
3370,ESSFwv,ESSFwv/01,Hm,3,Hm,3,EBL,FALSE
3371,ESSFwv,ESSFwv/01,Hw,3,Hw,3,EBL,FALSE
3372,ESSFwv,ESSFwv/01,Pli,2,Pl,3,EBL,FALSE
3373,ESSFwv,ESSFwv/01,Sxw,1,Sx,1,EBL,FALSE
3374,ESSFwv,ESSFwv/02,Bl,2,Bl,2,EBL,FALSE
3375,ESSFwv,ESSFwv/02,Hm,2,Hm,3,EBL,FALSE
3376,ESSFwv,ESSFwv/02,Pli,3,Pl,3,EBL,FALSE
3377,ESSFwv,ESSFwv/02,Sxw,2,Sx,3,EBL,FALSE
3378,ESSFwv,ESSFwv/03,Bl,2,Bl,1,EBL,FALSE
3379,ESSFwv,ESSFwv/03,Hm,2,Hm,2,EBL,FALSE
3380,ESSFwv,ESSFwv/03,Hw,3,Hw,3,EBL,FALSE
3381,ESSFwv,ESSFwv/03,Pli,3,Pl,3,EBL,FALSE
3382,ESSFwv,ESSFwv/03,Sxw,2,Sx,2,EBL,FALSE
3383,ESSFwv,ESSFwv/04,Bl,2,Bl,2,EBL,FALSE
3384,ESSFwv,ESSFwv/04,Hm,2,Hm,2,EBL,FALSE
3385,ESSFwv,ESSFwv/04,Pli,2,Pl,3,EBL,FALSE
3386,ESSFwv,ESSFwv/04,Sxw,2,Sx,2,EBL,FALSE
3387,ESSFwv,ESSFwv/05,Bl,1,Bl,1,EBL,FALSE
3388,ESSFwv,ESSFwv/05,Hm,3,Hm,3,EBL,FALSE
3389,ESSFwv,ESSFwv/05,Hw,3,Hw,3,EBL,FALSE
3390,ESSFwv,ESSFwv/05,Pli,2,Pl,3,EBL,FALSE
3391,ESSFwv,ESSFwv/05,Sxw,1,Sx,1,EBL,FALSE
3392,ESSFwv,ESSFwv/06,Bl,1,Bl,1,EBL,FALSE
3393,ESSFwv,ESSFwv/06,Hm,3,Hm,3,EBL,FALSE
3394,ESSFwv,ESSFwv/06,Hw,3,Hw,3,EBL,FALSE
3395,ESSFwv,ESSFwv/06,Pli,3,Pl,3,EBL,FALSE
3396,ESSFwv,ESSFwv/06,Sxw,1,Sx,1,EBL,FALSE
3397,ESSFwv,ESSFwv/07,Bl,2,Bl,1,EBL,FALSE
3398,ESSFwv,ESSFwv/07,Hm,3,Hm,3,EBL,FALSE
3399,ESSFwv,ESSFwv/07,Hw,3,Hw,3,EBL,FALSE
3400,ESSFwv,ESSFwv/07,Sxw,1,Sx,1,EBL,FALSE
3401,ESSFwv,ESSFwv/08,Bl,2,Bl,2,EBL,FALSE
3402,ESSFwv,ESSFwv/08,Sxw,1,Sx,2,EBL,FALSE
3403,ESSFwv,ESSFwv/09,Bl,2,Bl,2,EBL,FALSE
3404,ESSFwv,ESSFwv/09,Sxw,1,Sx,2,EBL,FALSE
3405,ESSFwvp,ESSFwvp/00,Bl,3,Bl,3,EBL,FALSE
3406,ESSFwvw,ESSFwvw/101,Bl,2,Bl,2,EBL,FALSE
3407,ESSFwvw,ESSFwvw/101,Hm,3,Hm,3,EBL,FALSE
3408,ESSFwvw,ESSFwvw/102,Bl,3,Bl,3,EBL,FALSE
3409,ESSFwvw,ESSFwvw/102,Hm,3,Hm,3,EBL,FALSE
3410,ESSFwvw,ESSFwvw/102,Pli,3,Pl,4,EBL,FALSE
3411,ESSFwvw,ESSFwvw/103,Bl,3,Bl,3,EBL,FALSE
3412,ESSFwvw,ESSFwvw/103,Hm,3,Hm,3,EBL,FALSE
3413,ESSFwvw,ESSFwvw/104,Bl,2,Bl,2,EBL,FALSE
3414,ESSFwvw,ESSFwvw/104,Hm,3,Hm,3,EBL,FALSE
3415,ESSFwvw,ESSFwvw/105,Bl,2,Bl,2,EBL,FALSE
3416,ESSFwvw,ESSFwvw/105,Hm,2,Hm,2,EBL,FALSE
3417,ESSFwvw,ESSFwvw/110,Bl,2,Bl,2,EBL,FALSE
3418,ESSFwvw,ESSFwvw/110,Hm,3,Hm,3,EBL,FALSE
3419,ESSFwvw,ESSFwvw/111,Bl,3,Bl,2,EBL,FALSE
3420,ESSFwvw,ESSFwvw/111,Hm,3,Hm,4,EBL,FALSE
3421,ESSFxcw,ESSFxcw/101,Bl,2,Bl,2,WHM,FALSE
3422,ESSFxcw,ESSFxcw/101,Pa,2,Pa,2,WHM,FALSE
3423,ESSFxcw,ESSFxcw/101,Pli,2,Pl,2,WHM,FALSE
3424,ESSFxcw,ESSFxcw/101,Se,2,Sx,2,WHM,FALSE
3425,ESSFxcw,ESSFxcw/102,Bl,2,Bl,2,MR,FALSE
3426,ESSFxcw,ESSFxcw/102,Pa,2,Pa,2,MR,FALSE
3427,ESSFxcw,ESSFxcw/102,Pli,2,Pl,2,MR,FALSE
3428,ESSFxcw,ESSFxcw/102,Se,3,Sx,3,MR,FALSE
3429,ESSFxcw,ESSFxcw/103,Bl,2,Bl,2,MR,FALSE
3430,ESSFxcw,ESSFxcw/103,Pli,2,Pl,2,MR,FALSE
3431,ESSFxcw,ESSFxcw/103,Se,2,Sx,2,MR,FALSE
3432,ESSFxcw,ESSFxcw/110,Bl,2,Bl,2,MR,FALSE
3433,ESSFxcw,ESSFxcw/110,Pli,2,Pl,2,MR,FALSE
3434,ESSFxcw,ESSFxcw/110,Se,2,Sx,2,MR,FALSE
3435,ESSFxv1,ESSFxv1/01,Bl,3,Bl,3,KI,FALSE
3436,ESSFxv1,ESSFxv1/01,Pa,2,Pa,2,KI,FALSE
3437,ESSFxv1,ESSFxv1/01,Pli,1,Pl,1,KI,FALSE
3438,ESSFxv1,ESSFxv1/01,Sxw,2,Sx,2,KI,FALSE
3439,ESSFxv1,ESSFxv1/02,Bl,3,Bl,3,KI,FALSE
3440,ESSFxv1,ESSFxv1/02,Pa,2,Pa,2,KI,FALSE
3441,ESSFxv1,ESSFxv1/02,Pli,3,Pl,3,KI,FALSE
3442,ESSFxv1,ESSFxv1/03,Pa,2,Pa,2,KI,FALSE
3443,ESSFxv1,ESSFxv1/03,Pli,2,Pl,2,KI,FALSE
3444,ESSFxv1,ESSFxv1/03,Bl,4,Bl,4,KI,FALSE
3445,ESSFxv1,ESSFxv1/04,Bl,3,Bl,3,KI,FALSE
3446,ESSFxv1,ESSFxv1/04,Pa,1,Pa,1,KI,FALSE
3447,ESSFxv1,ESSFxv1/04,Pli,1,Pl,1,KI,FALSE
3448,ESSFxv1,ESSFxv1/04,Sxw,3,Sx,3,KI,FALSE
3449,ESSFxv1,ESSFxv1/05,Bl,2,Bl,2,KI,FALSE
3450,ESSFxv1,ESSFxv1/05,Pa,1,Pa,2,KI,FALSE
3451,ESSFxv1,ESSFxv1/05,Pli,1,Pl,1,KI,FALSE
3452,ESSFxv1,ESSFxv1/05,Sxw,2,Sx,2,KI,FALSE
3453,ESSFxv1,ESSFxv1/06,Bl,1,Bl,1,KI,FALSE
3454,ESSFxv1,ESSFxv1/06,Pa,1,Pa,2,KI,FALSE
3455,ESSFxv1,ESSFxv1/06,Pli,1,Pl,1,KI,FALSE
3456,ESSFxv1,ESSFxv1/06,Sxw,2,Sx,2,KI,FALSE
3457,ESSFxv1,ESSFxv1/07,Bl,1,Bl,1,KI,FALSE
3458,ESSFxv1,ESSFxv1/07,Pa,3,Pa,3,KI,FALSE
3459,ESSFxv1,ESSFxv1/07,Pli,2,Pl,2,KI,FALSE
3460,ESSFxv1,ESSFxv1/07,Sxw,1,Sx,1,KI,FALSE
3461,ESSFxv1,ESSFxv1/08,Bl,3,Bl,3,KI,FALSE
3462,ESSFxv1,ESSFxv1/08,Pli,3,Pl,2,KI,FALSE
3463,ESSFxv1,ESSFxv1/08,Sxw,3,Sx,3,KI,FALSE
3464,ESSFxv1,ESSFxv1/09,Bl,2,Bl,2,KI,FALSE
3465,ESSFxv1,ESSFxv1/09,Pli,2,Pl,2,KI,FALSE
3466,ESSFxv1,ESSFxv1/09,Sxw,2,Sx,2,KI,FALSE
3467,ESSFxv2,ESSFxv2/01,Bl,2,Bl,2,KI,FALSE
3468,ESSFxv2,ESSFxv2/01,Pa,3,Pa,3,KI,FALSE
3469,ESSFxv2,ESSFxv2/01,Pli,1,Pl,1,KI,FALSE
3470,ESSFxv2,ESSFxv2/01,Sxw,1,Sx,2,KI,FALSE
3471,ESSFxv2,ESSFxv2/02,Bl,3,Bl,3,KI,FALSE
3472,ESSFxv2,ESSFxv2/02,Pa,2,Pa,2,KI,FALSE
3473,ESSFxv2,ESSFxv2/02,Pli,2,Pl,2,KI,FALSE
3474,ESSFxv2,ESSFxv2/03,Pa,2,Pa,2,KI,FALSE
3475,ESSFxv2,ESSFxv2/03,Pli,1,Pl,2,KI,FALSE
3476,ESSFxv2,ESSFxv2/03,Bl,4,Bl,4,KI,FALSE
3477,ESSFxv2,ESSFxv2/04,Bl,2,Bl,3,KI,FALSE
3478,ESSFxv2,ESSFxv2/04,Pa,3,Pa,2,KI,FALSE
3479,ESSFxv2,ESSFxv2/04,Pli,1,Pl,1,KI,FALSE
3480,ESSFxv2,ESSFxv2/04,Sx,4,Sx,4,KI,FALSE
3481,ESSFxv2,ESSFxv2/05,Bl,2,Bl,2,KI,FALSE
3482,ESSFxv2,ESSFxv2/05,Pa,3,Pa,3,KI,FALSE
3483,ESSFxv2,ESSFxv2/05,Pli,1,Pl,1,KI,FALSE
3484,ESSFxv2,ESSFxv2/05,Sxw,2,Sx,2,KI,FALSE
3485,ESSFxv2,ESSFxv2/06,Bl,2,Bl,2,KI,FALSE
3486,ESSFxv2,ESSFxv2/06,Pa,3,Pa,3,KI,FALSE
3487,ESSFxv2,ESSFxv2/06,Pli,1,Pl,1,KI,FALSE
3488,ESSFxv2,ESSFxv2/06,Sxw,2,Sx,3,KI,FALSE
3489,ESSFxv2,ESSFxv2/07,Bl,2,Bl,3,KI,FALSE
3490,ESSFxv2,ESSFxv2/07,Pli,1,Pl,1,KI,FALSE
3491,ESSFxv2,ESSFxv2/07,Sxw,1,Sx,1,KI,FALSE
3492,ESSFxv2,ESSFxv2/08,Bl,2,Bl,2,KI,FALSE
3493,ESSFxv2,ESSFxv2/08,Pli,2,Pl,2,KI,FALSE
3494,ESSFxv2,ESSFxv2/08,Sxw,1,Sx,1,KI,FALSE
3495,ESSFxv2,ESSFxv2/09,Bl,2,Bl,2,KI,FALSE
3496,ESSFxv2,ESSFxv2/09,Pli,2,Pl,2,KI,FALSE
3497,ESSFxv2,ESSFxv2/09,Sxw,1,Sx,1,KI,FALSE
3498,ESSFxv2,ESSFxv2/10,Bl,2,Bl,2,KI,FALSE
3499,ESSFxv2,ESSFxv2/10,Pli,2,Pl,2,KI,FALSE
3500,ESSFxv2,ESSFxv2/10,Sxw,1,Sx,1,KI,FALSE
3501,ICHdk,ICHdk/01,At,2,At,2,KI,FALSE
3502,ICHdk,ICHdk/01,Bl,2,Bl,3,KI,FALSE
3503,ICHdk,ICHdk/01,Cw,3,Cw,3,KI,FALSE
3504,ICHdk,ICHdk/01,Ep,2,Ep,2,KI,FALSE
3505,ICHdk,ICHdk/01,Fdi,1,Fd,1,KI,FALSE
3506,ICHdk,ICHdk/01,Pli,1,Pl,1,KI,FALSE
3507,ICHdk,ICHdk/01,Sxw,1,Sx,2,KI,FALSE
3508,ICHdk,ICHdk/02,At,3,At,3,KI,FALSE
3509,ICHdk,ICHdk/02,Bl,3,Bl,3,KI,FALSE
3510,ICHdk,ICHdk/02,Cw,3,Cw,3,KI,FALSE
3511,ICHdk,ICHdk/02,Fdi,2,Fd,2,KI,FALSE
3512,ICHdk,ICHdk/02,Pli,1,Pl,2,KI,FALSE
3513,ICHdk,ICHdk/02,Sxw,3,Sx,3,KI,FALSE
3514,ICHdk,ICHdk/02a,At,3,At,3,KI,FALSE
3515,ICHdk,ICHdk/02a,Bl,3,Bl,3,KI,FALSE
3516,ICHdk,ICHdk/02a,Cw,3,Cw,3,KI,FALSE
3517,ICHdk,ICHdk/02a,Fdi,2,Fd,2,KI,FALSE
3518,ICHdk,ICHdk/02a,Pli,1,Pl,2,KI,FALSE
3519,ICHdk,ICHdk/02a,Sxw,3,Sx,3,KI,FALSE
3520,ICHdk,ICHdk/02b,At,3,At,3,KI,FALSE
3521,ICHdk,ICHdk/02b,Bl,3,Bl,3,KI,FALSE
3522,ICHdk,ICHdk/02b,Cw,3,Cw,3,KI,FALSE
3523,ICHdk,ICHdk/02b,Fdi,2,Fd,2,KI,FALSE
3524,ICHdk,ICHdk/02b,Pli,1,Pl,2,KI,FALSE
3525,ICHdk,ICHdk/02b,Sxw,3,Sx,3,KI,FALSE
3526,ICHdk,ICHdk/03,At,3,At,3,KI,FALSE
3527,ICHdk,ICHdk/03,Cw,3,Cw,3,KI,FALSE
3528,ICHdk,ICHdk/03,Fdi,2,Fd,3,KI,FALSE
3529,ICHdk,ICHdk/03,Pli,1,Pl,2,KI,FALSE
3530,ICHdk,ICHdk/03,Sxw,3,Sx,3,KI,FALSE
3531,ICHdk,ICHdk/03,Bl,4,Bl,4,KI,FALSE
3532,ICHdk,ICHdk/04,At,3,At,3,KI,FALSE
3533,ICHdk,ICHdk/04,Bl,2,Bl,3,KI,FALSE
3534,ICHdk,ICHdk/04,Cw,3,Cw,3,KI,FALSE
3535,ICHdk,ICHdk/04,Ep,2,Ep,3,KI,FALSE
3536,ICHdk,ICHdk/04,Fdi,1,Fd,1,KI,FALSE
3537,ICHdk,ICHdk/04,Pli,1,Pl,1,KI,FALSE
3538,ICHdk,ICHdk/04,Sxw,2,Sx,2,KI,FALSE
3539,ICHdk,ICHdk/05,Act,3,Ac,3,KI,FALSE
3540,ICHdk,ICHdk/05,At,2,At,2,KI,FALSE
3541,ICHdk,ICHdk/05,Bl,2,Bl,2,KI,FALSE
3542,ICHdk,ICHdk/05,Cw,2,Cw,2,KI,FALSE
3543,ICHdk,ICHdk/05,Ep,2,Ep,2,KI,FALSE
3544,ICHdk,ICHdk/05,Fdi,1,Fd,1,KI,FALSE
3545,ICHdk,ICHdk/05,Pli,1,Pl,1,KI,FALSE
3546,ICHdk,ICHdk/05,Sxw,1,Sx,1,KI,FALSE
3547,ICHdk,ICHdk/06,Act,3,Ac,3,KI,FALSE
3548,ICHdk,ICHdk/06,At,2,At,2,KI,FALSE
3549,ICHdk,ICHdk/06,Bl,2,Bl,2,KI,FALSE
3550,ICHdk,ICHdk/06,Cw,2,Cw,2,KI,FALSE
3551,ICHdk,ICHdk/06,Ep,2,Ep,2,KI,FALSE
3552,ICHdk,ICHdk/06,Fdi,1,Fd,2,KI,FALSE
3553,ICHdk,ICHdk/06,Pli,1,Pl,1,KI,FALSE
3554,ICHdk,ICHdk/06,Sxw,1,Sx,1,KI,FALSE
3555,ICHdk,ICHdk/07,Act,3,Ac,3,KI,FALSE
3556,ICHdk,ICHdk/07,At,2,At,2,KI,FALSE
3557,ICHdk,ICHdk/07,Bl,2,Bl,2,KI,FALSE
3558,ICHdk,ICHdk/07,Fdi,2,Fd,3,KI,FALSE
3559,ICHdk,ICHdk/07,Pli,1,Pl,1,KI,FALSE
3560,ICHdk,ICHdk/07,Sxw,1,Sx,1,KI,FALSE
3561,ICHdk,ICHdk/07,Cw,4,Cw,4,KI,FALSE
3562,ICHdk,ICHdk/08,Act,2,Ac,2,KI,FALSE
3563,ICHdk,ICHdk/08,At,2,At,2,KI,FALSE
3564,ICHdk,ICHdk/08,Bl,1,Bl,1,KI,FALSE
3565,ICHdk,ICHdk/08,Cw,2,Cw,2,KI,FALSE
3566,ICHdk,ICHdk/08,Ep,3,Ep,2,KI,FALSE
3567,ICHdk,ICHdk/08,Fdi,2,Fd,3,KI,FALSE
3568,ICHdk,ICHdk/08,Pli,2,Pl,2,KI,FALSE
3569,ICHdk,ICHdk/08,Sxw,1,Sx,1,KI,FALSE
3570,ICHdk,ICHdk/09,Act,2,Ac,2,KI,FALSE
3571,ICHdk,ICHdk/09,Bl,2,Bl,2,KI,FALSE
3572,ICHdk,ICHdk/09,Pli,2,Pl,2,KI,FALSE
3573,ICHdk,ICHdk/09,Sxw,1,Sx,1,KI,FALSE
3574,ICHdk,ICHdk/09,Cw,4,Cw,4,KI,FALSE
3575,ICHdm,ICHdm/101,Act,3,Ac,3,DJM,FALSE
3576,ICHdm,ICHdm/101,At,2,At,2,DJM,FALSE
3577,ICHdm,ICHdm/101,Bg,3,Bg,3,DJM,FALSE
3578,ICHdm,ICHdm/101,Bl,2,Bl,2,DJM,FALSE
3579,ICHdm,ICHdm/101,Cw,1,Cw,1,DJM,FALSE
3580,ICHdm,ICHdm/101,Ep,2,Ep,2,DJM,FALSE
3581,ICHdm,ICHdm/101,Fdi,2,Fd,2,DJM,FALSE
3582,ICHdm,ICHdm/101,Hw,1,Hw,1,DJM,FALSE
3583,ICHdm,ICHdm/101,Lw,2,Lw,2,DJM,FALSE
3584,ICHdm,ICHdm/101,Pli,2,Pl,2,DJM,FALSE
3585,ICHdm,ICHdm/101,Pw,2,Pw,2,DJM,FALSE
3586,ICHdm,ICHdm/101,Sxw,2,Sx,2,DJM,FALSE
3587,ICHdm,ICHdm/102,At,3,At,2,DJM,FALSE
3588,ICHdm,ICHdm/102,Fdi,1,Fd,1,DJM,FALSE
3589,ICHdm,ICHdm/102,Lw,2,Lw,2,DJM,FALSE
3590,ICHdm,ICHdm/102,Pli,3,Pl,3,DJM,FALSE
3591,ICHdm,ICHdm/102,Pyi,3,Py,4,DJM,FALSE
3592,ICHdm,ICHdm/102a,At,3,At,3,DJM,FALSE
3593,ICHdm,ICHdm/102a,Fdi,1,Fd,1,DJM,FALSE
3594,ICHdm,ICHdm/102a,Lw,2,Lw,2,DJM,FALSE
3595,ICHdm,ICHdm/102a,Pli,3,Pl,3,DJM,FALSE
3596,ICHdm,ICHdm/102a,Pyi,3,Py,4,DJM,FALSE
3597,ICHdm,ICHdm/102b,At,3,At,3,DJM,FALSE
3598,ICHdm,ICHdm/102b,Fdi,1,Fd,1,DJM,FALSE
3599,ICHdm,ICHdm/102b,Lw,2,Lw,2,DJM,FALSE
3600,ICHdm,ICHdm/102b,Pli,3,Pl,3,DJM,FALSE
3601,ICHdm,ICHdm/102b,Pyi,3,Py,4,DJM,FALSE
3602,ICHdm,ICHdm/103,At,3,At,3,DJM,FALSE
3603,ICHdm,ICHdm/103,Bg,3,Bg,4,DJM,FALSE
3604,ICHdm,ICHdm/103,Bl,3,Bl,2,DJM,FALSE
3605,ICHdm,ICHdm/103,Ep,3,Ep,3,DJM,FALSE
3606,ICHdm,ICHdm/103,Fdi,2,Fd,1,DJM,FALSE
3607,ICHdm,ICHdm/103,Lw,1,Lw,1,DJM,FALSE
3608,ICHdm,ICHdm/103,Pli,1,Pl,1,DJM,FALSE
3609,ICHdm,ICHdm/103,Pw,3,Pw,3,DJM,FALSE
3610,ICHdm,ICHdm/103,Sxw,2,Sx,2,DJM,FALSE
3611,ICHdm,ICHdm/110,Act,2,Ac,2,DJM,FALSE
3612,ICHdm,ICHdm/110,At,2,At,2,DJM,FALSE
3613,ICHdm,ICHdm/110,Bg,3,Bg,3,DJM,FALSE
3614,ICHdm,ICHdm/110,Bl,2,Bl,2,DJM,FALSE
3615,ICHdm,ICHdm/110,Cw,1,Cw,1,DJM,FALSE
3616,ICHdm,ICHdm/110,Ep,2,Ep,2,DJM,FALSE
3617,ICHdm,ICHdm/110,Fdi,3,Fd,3,DJM,FALSE
3618,ICHdm,ICHdm/110,Hw,1,Hw,1,DJM,FALSE
3619,ICHdm,ICHdm/110,Lw,3,Lw,3,DJM,FALSE
3620,ICHdm,ICHdm/110,Pw,3,Pw,3,DJM,FALSE
3621,ICHdm,ICHdm/110,Sxw,1,Sx,2,DJM,FALSE
3622,ICHdm,ICHdm/111,Act,2,Ac,2,DJM,FALSE
3623,ICHdm,ICHdm/111,At,3,At,3,DJM,FALSE
3624,ICHdm,ICHdm/111,Bl,1,Bl,2,DJM,FALSE
3625,ICHdm,ICHdm/111,Cw,1,Cw,1,DJM,FALSE
3626,ICHdm,ICHdm/111,Ep,2,Ep,2,DJM,FALSE
3627,ICHdm,ICHdm/111,Hw,1,Hw,1,DJM,FALSE
3628,ICHdm,ICHdm/111,Sxw,1,Sx,1,DJM,FALSE
3629,ICHdm,ICHdm/112,Act,2,Ac,2,DJM,FALSE
3630,ICHdm,ICHdm/112,Bl,1,Bl,2,DJM,FALSE
3631,ICHdm,ICHdm/112,Cw,2,Cw,3,DJM,FALSE
3632,ICHdm,ICHdm/112,Hw,2,Hw,3,DJM,FALSE
3633,ICHdm,ICHdm/112,Sxw,1,Sx,1,DJM,FALSE
3634,ICHdm,ICHdm/Fm01,Act,NA,Ac,1,VC,FALSE
3635,ICHdm,ICHdm/Fm02,Act,NA,Ac,1,VC,FALSE
3636,ICHdm,ICHdm/Fm02,Sx,NA,Sx,2,VC,FALSE
3637,ICHdm,ICHdm/Fm04,Act,NA,Ac,1,VC,FALSE
3638,ICHdm,ICHdm/Fm04,Sx,NA,Sx,2,VC,FALSE
3639,ICHdm,ICHdm/Fm04,Cw,NA,Cw,3,VC,FALSE
3640,ICHdm,ICHdm/Fm04,Ep,NA,Ep,3,VC,FALSE
3641,ICHdw1,ICHdw1/101,At,1,At,2,DJM,FALSE
3642,ICHdw1,ICHdw1/101,Bg,2,Bg,2,DJM,FALSE
3643,ICHdw1,ICHdw1/101,Bl,3,Bl,4,DJM,FALSE
3644,ICHdw1,ICHdw1/101,Cw,1,Cw,1,DJM,FALSE
3645,ICHdw1,ICHdw1/101,Ep,1,Ep,2,DJM,FALSE
3646,ICHdw1,ICHdw1/101,Fdi,1,Fd,1,DJM,FALSE
3647,ICHdw1,ICHdw1/101,Hw,2,Hw,2,DJM,FALSE
3648,ICHdw1,ICHdw1/101,Lw,1,Lw,1,DJM,FALSE
3649,ICHdw1,ICHdw1/101,Pli,2,Pl,3,DJM,FALSE
3650,ICHdw1,ICHdw1/101,Pw,2,Pw,2,DJM,FALSE
3651,ICHdw1,ICHdw1/101,Pyi,3,Py,4,DJM,FALSE
3652,ICHdw1,ICHdw1/101,Sxw,3,Sx,4,DJM,FALSE
3653,ICHdw1,ICHdw1/102,Ep,3,Ep,4,DJM,FALSE
3654,ICHdw1,ICHdw1/102,Fdi,1,Fd,1,DJM,FALSE
3655,ICHdw1,ICHdw1/102,Lw,3,Lw,3,DJM,FALSE
3656,ICHdw1,ICHdw1/102,Pli,2,Pl,2,DJM,FALSE
3657,ICHdw1,ICHdw1/102,Pyi,1,Py,1,DJM,FALSE
3658,ICHdw1,ICHdw1/103,At,2,At,2,DJM,FALSE
3659,ICHdw1,ICHdw1/103,Ep,2,Ep,2,DJM,FALSE
3660,ICHdw1,ICHdw1/103,Fdi,1,Fd,1,DJM,FALSE
3661,ICHdw1,ICHdw1/103,Lw,2,Lw,3,DJM,FALSE
3662,ICHdw1,ICHdw1/103,Pli,2,Pl,3,DJM,FALSE
3663,ICHdw1,ICHdw1/103,Pw,3,Pw,3,DJM,FALSE
3664,ICHdw1,ICHdw1/103,Pyi,1,Py,1,DJM,FALSE
3665,ICHdw1,ICHdw1/104,At,2,At,2,DJM,FALSE
3666,ICHdw1,ICHdw1/104,Bg,3,Bg,3,DJM,FALSE
3667,ICHdw1,ICHdw1/104,Cw,3,Cw,2,DJM,FALSE
3668,ICHdw1,ICHdw1/104,Ep,2,Ep,2,DJM,FALSE
3669,ICHdw1,ICHdw1/104,Fdi,1,Fd,1,DJM,FALSE
3670,ICHdw1,ICHdw1/104,Hw,3,Hw,3,DJM,FALSE
3671,ICHdw1,ICHdw1/104,Lw,1,Lw,1,DJM,FALSE
3672,ICHdw1,ICHdw1/104,Pli,2,Pl,2,DJM,FALSE
3673,ICHdw1,ICHdw1/104,Pw,2,Pw,2,DJM,FALSE
3674,ICHdw1,ICHdw1/104,Pyi,3,Py,3,DJM,FALSE
3675,ICHdw1,ICHdw1/104,Sxw,3,Sx,4,DJM,FALSE
3676,ICHdw1,ICHdw1/110,Act,2,Ac,2,DJM,FALSE
3677,ICHdw1,ICHdw1/110,At,2,At,2,DJM,FALSE
3678,ICHdw1,ICHdw1/110,Bg,2,Bg,2,DJM,FALSE
3679,ICHdw1,ICHdw1/110,Bl,3,Bl,4,DJM,FALSE
3680,ICHdw1,ICHdw1/110,Cw,1,Cw,1,DJM,FALSE
3681,ICHdw1,ICHdw1/110,Ep,2,Ep,2,DJM,FALSE
3682,ICHdw1,ICHdw1/110,Fdi,2,Fd,2,DJM,FALSE
3683,ICHdw1,ICHdw1/110,Hw,1,Hw,1,DJM,FALSE
3684,ICHdw1,ICHdw1/110,Lw,2,Lw,2,DJM,FALSE
3685,ICHdw1,ICHdw1/110,Pli,3,Pl,4,DJM,FALSE
3686,ICHdw1,ICHdw1/110,Pw,2,Pw,2,DJM,FALSE
3687,ICHdw1,ICHdw1/110,Sxw,2,Sx,2,DJM,FALSE
3688,ICHdw1,ICHdw1/111,Act,1,Ac,2,DJM,FALSE
3689,ICHdw1,ICHdw1/111,At,3,At,3,DJM,FALSE
3690,ICHdw1,ICHdw1/111,Bg,3,Bg,3,DJM,FALSE
3691,ICHdw1,ICHdw1/111,Bl,3,Bl,4,DJM,FALSE
3692,ICHdw1,ICHdw1/111,Cw,1,Cw,1,DJM,FALSE
3693,ICHdw1,ICHdw1/111,Ep,2,Ep,2,DJM,FALSE
3694,ICHdw1,ICHdw1/111,Fdi,3,Fd,3,DJM,FALSE
3695,ICHdw1,ICHdw1/111,Hw,1,Hw,1,DJM,FALSE
3696,ICHdw1,ICHdw1/111,Lw,3,Lw,3,DJM,FALSE
3697,ICHdw1,ICHdw1/111,Pli,3,Pl,3,DJM,FALSE
3698,ICHdw1,ICHdw1/111,Pw,3,Pw,3,DJM,FALSE
3699,ICHdw1,ICHdw1/111,Sxw,1,Sx,2,DJM,FALSE
3700,ICHdw1,ICHdw1/112,Act,1,Ac,2,DJM,FALSE
3701,ICHdw1,ICHdw1/112,At,3,At,3,DJM,FALSE
3702,ICHdw1,ICHdw1/112,Bl,3,Bl,4,DJM,FALSE
3703,ICHdw1,ICHdw1/112,Cw,1,Cw,1,DJM,FALSE
3704,ICHdw1,ICHdw1/112,Ep,3,Ep,3,DJM,FALSE
3705,ICHdw1,ICHdw1/112,Hw,2,Hw,2,DJM,FALSE
3706,ICHdw1,ICHdw1/112,Pw,3,Pw,3,DJM,FALSE
3707,ICHdw1,ICHdw1/112,Sxw,2,Sx,3,DJM,FALSE
3708,ICHdw1,ICHdw1/113,Act,2,Ac,2,DJM,FALSE
3709,ICHdw1,ICHdw1/113,At,2,At,2,DJM,FALSE
3710,ICHdw1,ICHdw1/113,Bl,3,Bl,4,DJM,FALSE
3711,ICHdw1,ICHdw1/113,Cw,1,Cw,1,DJM,FALSE
3712,ICHdw1,ICHdw1/113,Ep,2,Ep,2,DJM,FALSE
3713,ICHdw1,ICHdw1/113,Hw,1,Hw,1,DJM,FALSE
3714,ICHdw1,ICHdw1/113,Sxw,2,Sx,2,DJM,FALSE
3715,ICHdw1,ICHdw1/Fm01,Act,NA,Ac,1,VC,FALSE
3716,ICHdw1,ICHdw1/Fm02,Act,NA,Ac,1,VC,FALSE
3717,ICHdw1,ICHdw1/Fm02,Sx,NA,Sx,2,VC,FALSE
3718,ICHdw1,ICHdw1/Fm04,Act,NA,Ac,1,VC,FALSE
3719,ICHdw1,ICHdw1/Fm04,Sx,NA,Sx,2,VC,FALSE
3720,ICHdw1,ICHdw1/Fm04,Cw,NA,Cw,3,VC,FALSE
3721,ICHdw1,ICHdw1/Fm04,Ep,NA,Ep,3,VC,FALSE
3722,ICHdw4,ICHdw4/101,At,2,At,3,DJM,FALSE
3723,ICHdw4,ICHdw4/101,Bl,4,Bl,4,DJM,FALSE
3724,ICHdw4,ICHdw4/101,Cw,1,Cw,1,DJM,FALSE
3725,ICHdw4,ICHdw4/101,Ep,2,Ep,2,DJM,FALSE
3726,ICHdw4,ICHdw4/101,Fdi,1,Fd,1,DJM,FALSE
3727,ICHdw4,ICHdw4/101,Hw,1,Hw,1,DJM,FALSE
3728,ICHdw4,ICHdw4/101,Lw,2,Lw,2,DJM,TRUE
3729,ICHdw4,ICHdw4/101,Pli,3,Pl,3,DJM,FALSE
3730,ICHdw4,ICHdw4/101,Pw,2,Pw,2,DJM,FALSE
3731,ICHdw4,ICHdw4/101,Pyi,3,Py,4,DJM,FALSE
3732,ICHdw4,ICHdw4/101,Sxw,3,Sx,4,DJM,FALSE
3733,ICHdw4,ICHdw4/102,Cw,3,Cw,3,DJM,FALSE
3734,ICHdw4,ICHdw4/102,Ep,3,Ep,4,DJM,FALSE
3735,ICHdw4,ICHdw4/102,Fdi,1,Fd,1,DJM,FALSE
3736,ICHdw4,ICHdw4/102,Pli,2,Pl,3,DJM,FALSE
3737,ICHdw4,ICHdw4/102,Pyi,2,Py,2,DJM,FALSE
3738,ICHdw4,ICHdw4/103,Ep,3,Ep,3,DJM,FALSE
3739,ICHdw4,ICHdw4/103,Fdi,1,Fd,1,DJM,FALSE
3740,ICHdw4,ICHdw4/103,Lw,3,Lw,3,DJM,TRUE
3741,ICHdw4,ICHdw4/103,Pli,3,Pl,3,DJM,FALSE
3742,ICHdw4,ICHdw4/103,Pw,3,Pw,3,DJM,FALSE
3743,ICHdw4,ICHdw4/103,Pyi,2,Py,2,DJM,FALSE
3744,ICHdw4,ICHdw4/104,At,2,At,2,DJM,FALSE
3745,ICHdw4,ICHdw4/104,Cw,2,Cw,2,DJM,FALSE
3746,ICHdw4,ICHdw4/104,Ep,2,Ep,2,DJM,FALSE
3747,ICHdw4,ICHdw4/104,Fdi,1,Fd,1,DJM,FALSE
3748,ICHdw4,ICHdw4/104,Hw,3,Hw,3,DJM,FALSE
3749,ICHdw4,ICHdw4/104,Lw,2,Lw,1,DJM,TRUE
3750,ICHdw4,ICHdw4/104,Pli,2,Pl,2,DJM,FALSE
3751,ICHdw4,ICHdw4/104,Pw,2,Pw,2,DJM,FALSE
3752,ICHdw4,ICHdw4/104,Pyi,3,Py,3,DJM,FALSE
3753,ICHdw4,ICHdw4/104,Sxw,3,Sx,4,DJM,FALSE
3754,ICHdw4,ICHdw4/110,Act,2,Ac,3,DJM,FALSE
3755,ICHdw4,ICHdw4/110,At,2,At,3,DJM,FALSE
3756,ICHdw4,ICHdw4/110,Bl,3,Bl,4,DJM,FALSE
3757,ICHdw4,ICHdw4/110,Cw,1,Cw,1,DJM,FALSE
3758,ICHdw4,ICHdw4/110,Ep,2,Ep,2,DJM,FALSE
3759,ICHdw4,ICHdw4/110,Hw,1,Hw,1,DJM,FALSE
3760,ICHdw4,ICHdw4/110,Lw,2,Lw,2,DJM,TRUE
3761,ICHdw4,ICHdw4/110,Pli,2,Pl,3,DJM,FALSE
3762,ICHdw4,ICHdw4/110,Pw,2,Pw,3,DJM,FALSE
3763,ICHdw4,ICHdw4/110,Sxw,2,Sx,2,DJM,FALSE
3764,ICHdw4,ICHdw4/111,Act,2,Ac,2,DJM,FALSE
3765,ICHdw4,ICHdw4/111,At,3,At,3,DJM,FALSE
3766,ICHdw4,ICHdw4/111,Bl,3,Bl,4,DJM,FALSE
3767,ICHdw4,ICHdw4/111,Cw,1,Cw,1,DJM,FALSE
3768,ICHdw4,ICHdw4/111,Ep,2,Ep,2,DJM,FALSE
3769,ICHdw4,ICHdw4/111,Hw,2,Hw,2,DJM,FALSE
3770,ICHdw4,ICHdw4/111,Pw,3,Pw,3,DJM,FALSE
3771,ICHdw4,ICHdw4/111,Sxw,1,Sx,1,DJM,FALSE
3772,ICHdw4,ICHdw4/112,Act,2,Ac,2,DJM,FALSE
3773,ICHdw4,ICHdw4/112,At,5,At,4,DJM,FALSE
3774,ICHdw4,ICHdw4/112,Bl,3,Bl,4,DJM,FALSE
3775,ICHdw4,ICHdw4/112,Cw,1,Cw,1,DJM,FALSE
3776,ICHdw4,ICHdw4/112,Ep,2,Ep,2,DJM,FALSE
3777,ICHdw4,ICHdw4/112,Hw,2,Hw,2,DJM,FALSE
3778,ICHdw4,ICHdw4/112,Pw,5,Pw,4,DJM,FALSE
3779,ICHdw4,ICHdw4/112,Sxw,2,Sx,1,DJM,FALSE
3780,ICHdw4,ICHdw4/Fm01,Act,NA,Ac,1,VC,FALSE
3781,ICHdw4,ICHdw4/Fm02,Act,NA,Ac,1,VC,FALSE
3782,ICHdw4,ICHdw4/Fm02,Sx,NA,Sx,2,VC,FALSE
3783,ICHdw4,ICHdw4/Fm04,Act,NA,Ac,1,VC,FALSE
3784,ICHdw4,ICHdw4/Fm04,Sx,NA,Sx,2,VC,FALSE
3785,ICHdw4,ICHdw4/Fm04,Cw,NA,Cw,3,VC,FALSE
3786,ICHdw4,ICHdw4/Fm04,Ep,NA,Ep,3,VC,FALSE
3787,ICHmc1,ICHmc1/01,Ba,3,Ba,3,EBL,FALSE
3788,ICHmc1,ICHmc1/01,Bl,2,Bl,2,EBL,FALSE
3789,ICHmc1,ICHmc1/01,Hw,1,Hw,1,EBL,FALSE
3790,ICHmc1,ICHmc1/01,Pli,2,Pl,2,EBL,FALSE
3791,ICHmc1,ICHmc1/01,Sxw,1,Sx,1,EBL,FALSE
3792,ICHmc1,ICHmc1/01a,Ba,3,Ba,3,EBL,FALSE
3793,ICHmc1,ICHmc1/01a,Bl,2,Bl,2,EBL,FALSE
3794,ICHmc1,ICHmc1/01a,Hw,1,Hw,1,EBL,FALSE
3795,ICHmc1,ICHmc1/01a,Pli,2,Pl,2,EBL,FALSE
3796,ICHmc1,ICHmc1/01a,Pw,2,Pw,2,WHM,TRUE
3797,ICHmc1,ICHmc1/01a,Sxw,1,Sx,1,EBL,FALSE
3798,ICHmc1,ICHmc1/01b,Ba,3,Ba,3,EBL,FALSE
3799,ICHmc1,ICHmc1/01b,Bl,2,Bl,2,EBL,FALSE
3800,ICHmc1,ICHmc1/01b,Hw,1,Hw,1,EBL,FALSE
3801,ICHmc1,ICHmc1/01b,Pli,2,Pl,2,EBL,FALSE
3802,ICHmc1,ICHmc1/01b,Pw,2,Pw,2,WHM,TRUE
3803,ICHmc1,ICHmc1/01b,Sxw,1,Sx,1,EBL,FALSE
3804,ICHmc1,ICHmc1/02,Bl,3,Bl,3,EBL,FALSE
3805,ICHmc1,ICHmc1/02,Hw,3,Hw,3,EBL,FALSE
3806,ICHmc1,ICHmc1/02,Pli,2,Pl,2,EBL,FALSE
3807,ICHmc1,ICHmc1/03,Act,3,Ac,3,EBL,FALSE
3808,ICHmc1,ICHmc1/03,Ba,3,Ba,3,EBL,FALSE
3809,ICHmc1,ICHmc1/03,Bl,1,Bl,1,EBL,FALSE
3810,ICHmc1,ICHmc1/03,Hw,1,Hw,1,EBL,FALSE
3811,ICHmc1,ICHmc1/03,Pli,3,Pl,3,EBL,FALSE
3812,ICHmc1,ICHmc1/03,Pw,3,Pw,2,WHM,TRUE
3813,ICHmc1,ICHmc1/03,Sxw,1,Sx,1,EBL,FALSE
3814,ICHmc1,ICHmc1/04,Act,2,Ac,2,EBL,FALSE
3815,ICHmc1,ICHmc1/04,Ba,3,Ba,3,EBL,FALSE
3816,ICHmc1,ICHmc1/04,Bl,1,Bl,1,EBL,FALSE
3817,ICHmc1,ICHmc1/04,Hw,2,Hw,2,EBL,FALSE
3818,ICHmc1,ICHmc1/04,Pli,3,Pl,3,EBL,FALSE
3819,ICHmc1,ICHmc1/04,Pw,3,Pw,3,WHM,TRUE
3820,ICHmc1,ICHmc1/04,Sxw,1,Sx,1,EBL,FALSE
3821,ICHmc1,ICHmc1/04,Sxw,1,Sx,1,EBL,FALSE
3822,ICHmc1,ICHmc1/05,Act,1,Ac,1,EBL,FALSE
3823,ICHmc1,ICHmc1/05,Ba,3,Ba,3,EBL,FALSE
3824,ICHmc1,ICHmc1/05,Bl,2,Bl,2,EBL,FALSE
3825,ICHmc1,ICHmc1/05,Pli,3,Pl,3,EBL,FALSE
3826,ICHmc1,ICHmc1/05,Sxw,1,Sx,1,EBL,FALSE
3827,ICHmc1,ICHmc1/06,Act,2,Ac,2,EBL,FALSE
3828,ICHmc1,ICHmc1/06,Ba,3,Ba,3,EBL,FALSE
3829,ICHmc1,ICHmc1/06,Bl,2,Bl,2,EBL,FALSE
3830,ICHmc1,ICHmc1/06,Hw,3,Hw,3,EBL,FALSE
3831,ICHmc1,ICHmc1/06,Sxw,1,Sx,1,EBL,FALSE
3832,ICHmc2,ICHmc2/01,At,2,At,1,WHM,FALSE
3833,ICHmc2,ICHmc2/01,Bl,2,Bl,2,EBL,FALSE
3834,ICHmc2,ICHmc2/01,Cw,2,Cw,1,EBL,FALSE
3835,ICHmc2,ICHmc2/01,Fdi,2,Fd,2,WHM,TRUE
3836,ICHmc2,ICHmc2/01,Hw,1,Hw,1,EBL,FALSE
3837,ICHmc2,ICHmc2/01,Lw,2,Lw,2,WHM,TRUE
3838,ICHmc2,ICHmc2/01,Pli,1,Pl,1,EBL,FALSE
3839,ICHmc2,ICHmc2/01,Pw,1,Pw,1,WHM,TRUE
3840,ICHmc2,ICHmc2/01,Sxw,1,Sx,1,EBL,FALSE
3841,ICHmc2,ICHmc2/01a.1,Bl,2,Bl,2,EBL,FALSE
3842,ICHmc2,ICHmc2/01a.1,Cw,2,Cw,1,EBL,FALSE
3843,ICHmc2,ICHmc2/01a.1,Ep,2,Ep,2,WHM,FALSE
3844,ICHmc2,ICHmc2/01a.1,Fdi,2,Fd,2,WHM,TRUE
3845,ICHmc2,ICHmc2/01a.1,Hw,1,Hw,1,EBL,FALSE
3846,ICHmc2,ICHmc2/01a.1,Lw,2,Lw,2,WHM,TRUE
3847,ICHmc2,ICHmc2/01a.1,Pli,1,Pl,1,EBL,FALSE
3848,ICHmc2,ICHmc2/01a.1,Pw,1,Pw,1,WHM,TRUE
3849,ICHmc2,ICHmc2/01a.1,Sxw,1,Sx,1,EBL,FALSE
3850,ICHmc2,ICHmc2/01a.2,Bl,2,Bl,2,EBL,FALSE
3851,ICHmc2,ICHmc2/01a.2,Cw,5,Cw,4,EBL,FALSE
3852,ICHmc2,ICHmc2/01a.2,Ep,2,Ep,2,WHM,FALSE
3853,ICHmc2,ICHmc2/01a.2,Fdi,5,Fd,5,WHM,TRUE
3854,ICHmc2,ICHmc2/01a.2,Hw,3,Hw,3,EBL,FALSE
3855,ICHmc2,ICHmc2/01a.2,Lw,5,Lw,5,WHM,TRUE
3856,ICHmc2,ICHmc2/01a.2,Pli,1,Pl,1,EBL,FALSE
3857,ICHmc2,ICHmc2/01a.2,Pw,2,Pw,2,WHM,TRUE
3858,ICHmc2,ICHmc2/01a.2,Sxw,1,Sx,1,EBL,FALSE
3859,ICHmc2,ICHmc2/01b.1,Bl,2,Bl,2,EBL,FALSE
3860,ICHmc2,ICHmc2/01b.1,Cw,2,Cw,2,EBL,FALSE
3861,ICHmc2,ICHmc2/01b.1,Ep,2,Ep,2,WHM,FALSE
3862,ICHmc2,ICHmc2/01b.1,Fdi,2,Fd,2,WHM,TRUE
3863,ICHmc2,ICHmc2/01b.1,Hw,1,Hw,1,EBL,FALSE
3864,ICHmc2,ICHmc2/01b.1,Lw,2,Lw,2,WHM,TRUE
3865,ICHmc2,ICHmc2/01b.1,Pli,1,Pl,1,EBL,FALSE
3866,ICHmc2,ICHmc2/01b.1,Pw,1,Pw,1,WHM,TRUE
3867,ICHmc2,ICHmc2/01b.1,Sxw,1,Sx,1,EBL,FALSE
3868,ICHmc2,ICHmc2/01b.2,Bl,2,Bl,2,EBL,FALSE
3869,ICHmc2,ICHmc2/01b.2,Cw,5,Cw,4,EBL,FALSE
3870,ICHmc2,ICHmc2/01b.2,Ep,2,Ep,2,WHM,FALSE
3871,ICHmc2,ICHmc2/01b.2,Fdi,5,Fd,5,WHM,TRUE
3872,ICHmc2,ICHmc2/01b.2,Hw,1,Hw,1,EBL,FALSE
3873,ICHmc2,ICHmc2/01b.2,Lw,5,Lw,5,WHM,TRUE
3874,ICHmc2,ICHmc2/01b.2,Pli,1,Pl,1,EBL,FALSE
3875,ICHmc2,ICHmc2/01b.2,Pw,2,Pw,2,WHM,TRUE
3876,ICHmc2,ICHmc2/01b.2,Sxw,2,Sx,2,EBL,FALSE
3877,ICHmc2,ICHmc2/02,Bl,3,Bl,3,EBL,FALSE
3878,ICHmc2,ICHmc2/02,Hw,3,Hw,3,EBL,FALSE
3879,ICHmc2,ICHmc2/02,Pli,2,Pl,2,EBL,FALSE
3880,ICHmc2,ICHmc2/03,Act,3,Ac,3,EBL,FALSE
3881,ICHmc2,ICHmc2/03,At,2,At,2,WHM,FALSE
3882,ICHmc2,ICHmc2/03,Ba,3,Ba,3,EBL,FALSE
3883,ICHmc2,ICHmc2/03,Bl,2,Bl,2,EBL,FALSE
3884,ICHmc2,ICHmc2/03,Cw,1,Cw,1,EBL,FALSE
3885,ICHmc2,ICHmc2/03,Ep,2,Ep,2,WHM,FALSE
3886,ICHmc2,ICHmc2/03,Fdi,2,Fd,2,WHM,TRUE
3887,ICHmc2,ICHmc2/03,Hw,1,Hw,1,EBL,FALSE
3888,ICHmc2,ICHmc2/03,Lw,2,Lw,2,WHM,TRUE
3889,ICHmc2,ICHmc2/03,Pli,2,Pl,2,EBL,FALSE
3890,ICHmc2,ICHmc2/03,Pw,1,Pw,1,WHM,TRUE
3891,ICHmc2,ICHmc2/03,Sxw,1,Sx,1,EBL,FALSE
3892,ICHmc2,ICHmc2/04,Act,3,Ac,3,EBL,FALSE
3893,ICHmc2,ICHmc2/04,At,3,At,3,WHM,FALSE
3894,ICHmc2,ICHmc2/04,Ba,3,Ba,3,EBL,FALSE
3895,ICHmc2,ICHmc2/04,Bl,2,Bl,2,EBL,FALSE
3896,ICHmc2,ICHmc2/04,Cw,1,Cw,1,EBL,FALSE
3897,ICHmc2,ICHmc2/04,Ep,3,Ep,3,WHM,FALSE
3898,ICHmc2,ICHmc2/04,Fdi,3,Fd,3,WHM,TRUE
3899,ICHmc2,ICHmc2/04,Hw,2,Hw,1,EBL,FALSE
3900,ICHmc2,ICHmc2/04,Lw,2,Lw,2,WHM,TRUE
3901,ICHmc2,ICHmc2/04,Pli,2,Pl,2,EBL,FALSE
3902,ICHmc2,ICHmc2/04,Pw,1,Pw,1,WHM,TRUE
3903,ICHmc2,ICHmc2/04,Sxw,1,Sx,1,EBL,FALSE
3904,ICHmc2,ICHmc2/05,Act,3,Ac,3,EBL,FALSE
3905,ICHmc2,ICHmc2/05,Ba,3,Ba,3,EBL,FALSE
3906,ICHmc2,ICHmc2/05,Bl,2,Bl,2,EBL,FALSE
3907,ICHmc2,ICHmc2/05,Cw,1,Cw,1,EBL,FALSE
3908,ICHmc2,ICHmc2/05,Hw,2,Hw,2,EBL,FALSE
3909,ICHmc2,ICHmc2/05,Pli,2,Pl,2,EBL,FALSE
3910,ICHmc2,ICHmc2/05,Pw,2,Pw,2,WHM,TRUE
3911,ICHmc2,ICHmc2/05,Sxw,1,Sx,1,EBL,FALSE
3912,ICHmc2,ICHmc2/06,Act,1,Ac,1,EBL,FALSE
3913,ICHmc2,ICHmc2/06,At,3,At,3,WHM,FALSE
3914,ICHmc2,ICHmc2/06,Ba,3,Ba,3,EBL,FALSE
3915,ICHmc2,ICHmc2/06,Bl,2,Bl,2,EBL,FALSE
3916,ICHmc2,ICHmc2/06,Cw,1,Cw,1,EBL,FALSE
3917,ICHmc2,ICHmc2/06,Ep,3,Ep,3,WHM,FALSE
3918,ICHmc2,ICHmc2/06,Hw,3,Hw,3,EBL,FALSE
3919,ICHmc2,ICHmc2/06,Pli,2,Pl,2,EBL,FALSE
3920,ICHmc2,ICHmc2/06,Sxw,1,Sx,1,EBL,FALSE
3921,ICHmc2,ICHmc2/06a,Act,1,Ac,1,WHM,FALSE
3922,ICHmc2,ICHmc2/06a,At,3,At,3,WHM,FALSE
3923,ICHmc2,ICHmc2/06a,Ba,3,Ba,3,WHM,FALSE
3924,ICHmc2,ICHmc2/06a,Bl,2,Bl,2,WHM,FALSE
3925,ICHmc2,ICHmc2/06a,Cw,1,Cw,1,WHM,FALSE
3926,ICHmc2,ICHmc2/06a,Ep,3,Ep,3,WHM,FALSE
3927,ICHmc2,ICHmc2/06a,Hw,3,Hw,3,WHM,FALSE
3928,ICHmc2,ICHmc2/06a,Pli,2,Pl,2,WHM,FALSE
3929,ICHmc2,ICHmc2/06a,Sxw,1,Sx,1,WHM,FALSE
3930,ICHmc2,ICHmc2/06b,Act,1,Ac,1,WHM,FALSE
3931,ICHmc2,ICHmc2/06b,At,3,At,3,WHM,FALSE
3932,ICHmc2,ICHmc2/06b,Ba,3,Ba,3,WHM,FALSE
3933,ICHmc2,ICHmc2/06b,Bl,2,Bl,2,WHM,FALSE
3934,ICHmc2,ICHmc2/06b,Cw,1,Cw,1,WHM,FALSE
3935,ICHmc2,ICHmc2/06b,Ep,3,Ep,3,WHM,FALSE
3936,ICHmc2,ICHmc2/06b,Hw,3,Hw,3,WHM,FALSE
3937,ICHmc2,ICHmc2/06b,Pli,2,Pl,2,WHM,FALSE
3938,ICHmc2,ICHmc2/06b,Sxw,1,Sx,1,WHM,FALSE
3939,ICHmc2,ICHmc2/07,Act,3,Ac,3,EBL,FALSE
3940,ICHmc2,ICHmc2/07,At,3,At,3,WHM,FALSE
3941,ICHmc2,ICHmc2/07,Ba,3,Ba,3,EBL,FALSE
3942,ICHmc2,ICHmc2/07,Bl,2,Bl,2,EBL,FALSE
3943,ICHmc2,ICHmc2/07,Cw,2,Cw,2,EBL,FALSE
3944,ICHmc2,ICHmc2/07,Ep,3,Ep,3,WHM,FALSE
3945,ICHmc2,ICHmc2/07,Hw,3,Hw,3,EBL,FALSE
3946,ICHmc2,ICHmc2/07,Pli,3,Pl,3,EBL,FALSE
3947,ICHmc2,ICHmc2/07,Sxw,1,Sx,1,EBL,FALSE
3948,ICHmc2,ICHmc2/08,Pli,3,Pl,3,EBL,FALSE
3949,ICHmc2,ICHmc2/08,Sb,3,Sb,3,EBL,FALSE
3950,ICHmc2,ICHmc2/08,Sxw,3,Sx,3,EBL,FALSE
3951,ICHmk3,ICHmk3/01,Act,3,Ac,3,KI,FALSE
3952,ICHmk3,ICHmk3/01,At,2,At,2,KI,FALSE
3953,ICHmk3,ICHmk3/01,Bl,1,Bl,2,KI,FALSE
3954,ICHmk3,ICHmk3/01,Cw,2,Cw,2,KI,FALSE
3955,ICHmk3,ICHmk3/01,Ep,2,Ep,2,KI,FALSE
3956,ICHmk3,ICHmk3/01,Fdi,1,Fd,1,KI,FALSE
3957,ICHmk3,ICHmk3/01,Pli,1,Pl,1,KI,FALSE
3958,ICHmk3,ICHmk3/01,Sxw,1,Sx,2,KI,FALSE
3959,ICHmk3,ICHmk3/02,At,3,At,3,KI,FALSE
3960,ICHmk3,ICHmk3/02,Bl,3,Bl,3,KI,FALSE
3961,ICHmk3,ICHmk3/02,Fdi,2,Fd,2,KI,FALSE
3962,ICHmk3,ICHmk3/02,Pli,2,Pl,3,KI,FALSE
3963,ICHmk3,ICHmk3/02,Sxw,3,Sx,3,KI,FALSE
3964,ICHmk3,ICHmk3/02,Cw,4,Cw,4,KI,FALSE
3965,ICHmk3,ICHmk3/03,At,3,At,3,KI,FALSE
3966,ICHmk3,ICHmk3/03,Bl,3,Bl,3,KI,FALSE
3967,ICHmk3,ICHmk3/03,Cw,3,Cw,3,KI,FALSE
3968,ICHmk3,ICHmk3/03,Fdi,1,Fd,1,KI,FALSE
3969,ICHmk3,ICHmk3/03,Pli,1,Pl,1,KI,FALSE
3970,ICHmk3,ICHmk3/03,Sxw,3,Sx,3,KI,FALSE
3971,ICHmk3,ICHmk3/04,Act,3,Ac,2,KI,FALSE
3972,ICHmk3,ICHmk3/04,At,2,At,2,KI,FALSE
3973,ICHmk3,ICHmk3/04,Bl,1,Bl,1,KI,FALSE
3974,ICHmk3,ICHmk3/04,Cw,1,Cw,1,KI,FALSE
3975,ICHmk3,ICHmk3/04,Ep,2,Ep,2,KI,FALSE
3976,ICHmk3,ICHmk3/04,Fdi,1,Fd,1,KI,FALSE
3977,ICHmk3,ICHmk3/04,Pli,2,Pl,2,KI,FALSE
3978,ICHmk3,ICHmk3/04,Sxw,1,Sx,1,KI,FALSE
3979,ICHmk3,ICHmk3/05,Act,3,Ac,3,KI,FALSE
3980,ICHmk3,ICHmk3/05,At,2,At,2,KI,FALSE
3981,ICHmk3,ICHmk3/05,Bl,1,Bl,1,KI,FALSE
3982,ICHmk3,ICHmk3/05,Cw,1,Cw,1,KI,FALSE
3983,ICHmk3,ICHmk3/05,Pli,1,Pl,1,KI,FALSE
3984,ICHmk3,ICHmk3/05,Sxw,1,Sx,1,KI,FALSE
3985,ICHmk3,ICHmk3/05,Ep,4,Ep,4,KI,FALSE
3986,ICHmk3,ICHmk3/05,Fdi,4,Fd,4,KI,FALSE
3987,ICHmk3,ICHmk3/06,Act,3,Ac,2,KI,FALSE
3988,ICHmk3,ICHmk3/06,At,2,At,2,KI,FALSE
3989,ICHmk3,ICHmk3/06,Bl,1,Bl,1,KI,FALSE
3990,ICHmk3,ICHmk3/06,Cw,2,Cw,1,KI,FALSE
3991,ICHmk3,ICHmk3/06,Ep,2,Ep,1,KI,FALSE
3992,ICHmk3,ICHmk3/06,Fdi,2,Fd,2,KI,FALSE
3993,ICHmk3,ICHmk3/06,Pli,2,Pl,2,KI,FALSE
3994,ICHmk3,ICHmk3/06,Sxw,1,Sx,1,KI,FALSE
3995,ICHmk3,ICHmk3/07,Act,2,Ac,2,KI,FALSE
3996,ICHmk3,ICHmk3/07,Bl,1,Bl,1,KI,FALSE
3997,ICHmk3,ICHmk3/07,Cw,1,Cw,2,KI,FALSE
3998,ICHmk3,ICHmk3/07,Pli,2,Pl,3,KI,FALSE
3999,ICHmk3,ICHmk3/07,Sxw,1,Sx,1,KI,FALSE
4000,ICHmk3,ICHmk3/07,At,4,At,4,KI,FALSE
4001,ICHmk4,ICHmk4/Fm01,Act,NA,Ac,1,VC,FALSE
4002,ICHmk4,ICHmk4/Fm02,Act,NA,Ac,1,VC,FALSE
4003,ICHmk4,ICHmk4/Fm02,Sx,NA,Sx,2,VC,FALSE
4004,ICHmm,ICHmm/01,At,1,At,1,DS,FALSE
4005,ICHmm,ICHmm/01,Bl,2,Bl,2,DS,FALSE
4006,ICHmm,ICHmm/01,Cw,2,Cw,1,DS,FALSE
4007,ICHmm,ICHmm/01,Ep,3,Ep,2,DS,FALSE
4008,ICHmm,ICHmm/01,Fdi,1,Fd,1,DS,FALSE
4009,ICHmm,ICHmm/01,Hw,1,Hw,1,DS,FALSE
4010,ICHmm,ICHmm/01,Pli,1,Pl,1,DS,FALSE
4011,ICHmm,ICHmm/01,Sxw,1,Sx,1,DS,FALSE
4012,ICHmm,ICHmm/02,At,3,At,3,DS,FALSE
4013,ICHmm,ICHmm/02,Bl,3,Bl,3,DS,FALSE
4014,ICHmm,ICHmm/02,Cw,3,Cw,3,DS,FALSE
4015,ICHmm,ICHmm/02,Ep,3,Ep,3,DS,FALSE
4016,ICHmm,ICHmm/02,Fdi,1,Fd,1,DS,FALSE
4017,ICHmm,ICHmm/02,Hw,2,Hw,2,DS,FALSE
4018,ICHmm,ICHmm/02,Pli,1,Pl,1,DS,FALSE
4019,ICHmm,ICHmm/02,Sxw,3,Sx,3,DS,FALSE
4020,ICHmm,ICHmm/03,At,3,At,3,DS,FALSE
4021,ICHmm,ICHmm/03,Bl,2,Bl,2,DS,FALSE
4022,ICHmm,ICHmm/03,Cw,2,Cw,2,DS,FALSE
4023,ICHmm,ICHmm/03,Ep,3,Ep,3,DS,FALSE
4024,ICHmm,ICHmm/03,Fdi,1,Fd,1,DS,FALSE
4025,ICHmm,ICHmm/03,Hw,1,Hw,1,DS,FALSE
4026,ICHmm,ICHmm/03,Pli,1,Pl,1,DS,FALSE
4027,ICHmm,ICHmm/03,Sxw,2,Sx,2,DS,FALSE
4028,ICHmm,ICHmm/04,Act,3,Ac,3,DS,FALSE
4029,ICHmm,ICHmm/04,At,3,At,2,DS,FALSE
4030,ICHmm,ICHmm/04,Bl,1,Bl,1,DS,FALSE
4031,ICHmm,ICHmm/04,Cw,1,Cw,1,DS,FALSE
4032,ICHmm,ICHmm/04,Ep,3,Ep,2,DS,FALSE
4033,ICHmm,ICHmm/04,Fdi,2,Fd,2,DS,FALSE
4034,ICHmm,ICHmm/04,Hw,1,Hw,1,DS,FALSE
4035,ICHmm,ICHmm/04,Pli,2,Pl,2,DS,FALSE
4036,ICHmm,ICHmm/04,Pw,3,Pw,3,DS,FALSE
4037,ICHmm,ICHmm/04,Sxw,1,Sx,1,DS,FALSE
4038,ICHmm,ICHmm/05,Act,3,Ac,3,DS,FALSE
4039,ICHmm,ICHmm/05,At,3,At,3,DS,FALSE
4040,ICHmm,ICHmm/05,Bl,1,Bl,1,DS,FALSE
4041,ICHmm,ICHmm/05,Cw,1,Cw,1,DS,FALSE
4042,ICHmm,ICHmm/05,Ep,3,Ep,3,DS,FALSE
4043,ICHmm,ICHmm/05,Fdi,3,Fd,3,DS,FALSE
4044,ICHmm,ICHmm/05,Hw,1,Hw,1,DS,FALSE
4045,ICHmm,ICHmm/05,Pli,2,Pl,2,DS,FALSE
4046,ICHmm,ICHmm/05,Sxw,1,Sx,1,DS,FALSE
4047,ICHmm,ICHmm/06,Act,3,Ac,3,DS,FALSE
4048,ICHmm,ICHmm/06,Bl,1,Bl,1,DS,FALSE
4049,ICHmm,ICHmm/06,Cw,1,Cw,1,DS,FALSE
4050,ICHmm,ICHmm/06,Hw,1,Hw,1,DS,FALSE
4051,ICHmm,ICHmm/06,Pli,2,Pl,2,DS,FALSE
4052,ICHmm,ICHmm/06,Sxw,1,Sx,1,DS,FALSE
4053,ICHmm,ICHmm/07,Pli,2,Pl,2,DS,FALSE
4054,ICHmm,ICHmm/07,Sb,2,Sb,2,DS,FALSE
4055,ICHmm,ICHmm/07,Sxw,2,Sx,2,DS,FALSE
4056,ICHmm,ICHmm/08,Bl,2,Bl,2,DS,FALSE
4057,ICHmm,ICHmm/08,Cw,2,Cw,2,DS,FALSE
4058,ICHmm,ICHmm/08,Hw,2,Hw,2,DS,FALSE
4059,ICHmm,ICHmm/08,Pli,2,Pl,2,DS,FALSE
4060,ICHmm,ICHmm/08,Sxw,2,Sx,2,DS,FALSE
4061,ICHmw2,ICHmw2/101,At,2,At,2,DJM,FALSE
4062,ICHmw2,ICHmw2/101,Bl,3,Bl,3,DJM,FALSE
4063,ICHmw2,ICHmw2/101,Cw,1,Cw,1,DJM,FALSE
4064,ICHmw2,ICHmw2/101,Ep,2,Ep,2,DJM,FALSE
4065,ICHmw2,ICHmw2/101,Fdi,2,Fd,2,DJM,FALSE
4066,ICHmw2,ICHmw2/101,Hw,1,Hw,1,DJM,FALSE
4067,ICHmw2,ICHmw2/101,Lw,2,Lw,2,DJM,FALSE
4068,ICHmw2,ICHmw2/101,Pw,2,Pw,2,DJM,FALSE
4069,ICHmw2,ICHmw2/101,Sxw,3,Sx,3,DJM,FALSE
4070,ICHmw2,ICHmw2/102,At,3,At,3,DJM,FALSE
4071,ICHmw2,ICHmw2/102,Cw,3,Cw,3,DJM,FALSE
4072,ICHmw2,ICHmw2/102,Ep,3,Ep,3,DJM,FALSE
4073,ICHmw2,ICHmw2/102,Fdi,1,Fd,1,DJM,FALSE
4074,ICHmw2,ICHmw2/102,Hw,3,Hw,3,DJM,FALSE
4075,ICHmw2,ICHmw2/102,Lw,3,Lw,3,DJM,FALSE
4076,ICHmw2,ICHmw2/102,Pli,1,Pl,1,DJM,FALSE
4077,ICHmw2,ICHmw2/102,Pyi,4,Py,3,DJM,FALSE
4078,ICHmw2,ICHmw2/103,At,2,At,2,DJM,FALSE
4079,ICHmw2,ICHmw2/103,Cw,3,Cw,3,DJM,FALSE
4080,ICHmw2,ICHmw2/103,Ep,2,Ep,2,DJM,FALSE
4081,ICHmw2,ICHmw2/103,Fdi,1,Fd,1,DJM,FALSE
4082,ICHmw2,ICHmw2/103,Lw,2,Lw,2,DJM,FALSE
4083,ICHmw2,ICHmw2/103,Pli,2,Pl,2,DJM,FALSE
4084,ICHmw2,ICHmw2/103,Pw,3,Pw,3,DJM,FALSE
4085,ICHmw2,ICHmw2/103,Pyi,4,Py,3,DJM,FALSE
4086,ICHmw2,ICHmw2/104,At,2,At,2,DJM,FALSE
4087,ICHmw2,ICHmw2/104,Bl,3,Bl,3,DJM,FALSE
4088,ICHmw2,ICHmw2/104,Cw,1,Cw,1,DJM,FALSE
4089,ICHmw2,ICHmw2/104,Ep,2,Ep,2,DJM,FALSE
4090,ICHmw2,ICHmw2/104,Fdi,1,Fd,1,DJM,FALSE
4091,ICHmw2,ICHmw2/104,Hw,2,Hw,2,DJM,FALSE
4092,ICHmw2,ICHmw2/104,Lw,2,Lw,2,DJM,FALSE
4093,ICHmw2,ICHmw2/104,Pli,3,Pl,3,DJM,FALSE
4094,ICHmw2,ICHmw2/104,Pw,2,Pw,2,DJM,FALSE
4095,ICHmw2,ICHmw2/104,Pyi,4,Py,3,DJM,FALSE
4096,ICHmw2,ICHmw2/104,Sxw,3,Sx,3,DJM,FALSE
4097,ICHmw2,ICHmw2/110,Act,2,Ac,2,DJM,FALSE
4098,ICHmw2,ICHmw2/110,At,3,At,3,DJM,FALSE
4099,ICHmw2,ICHmw2/110,Bl,3,Bl,3,DJM,FALSE
4100,ICHmw2,ICHmw2/110,Cw,1,Cw,1,DJM,FALSE
4101,ICHmw2,ICHmw2/110,Ep,2,Ep,2,DJM,FALSE
4102,ICHmw2,ICHmw2/110,Fdi,3,Fd,3,DJM,FALSE
4103,ICHmw2,ICHmw2/110,Hw,1,Hw,1,DJM,FALSE
4104,ICHmw2,ICHmw2/110,Lw,3,Lw,3,DJM,FALSE
4105,ICHmw2,ICHmw2/110,Pw,3,Pw,3,DJM,FALSE
4106,ICHmw2,ICHmw2/110,Sxw,2,Sx,2,DJM,FALSE
4107,ICHmw2,ICHmw2/111,Act,2,Ac,2,DJM,FALSE
4108,ICHmw2,ICHmw2/111,At,3,At,3,DJM,FALSE
4109,ICHmw2,ICHmw2/111,Bl,3,Bl,3,DJM,FALSE
4110,ICHmw2,ICHmw2/111,Cw,1,Cw,1,DJM,FALSE
4111,ICHmw2,ICHmw2/111,Ep,3,Ep,3,DJM,FALSE
4112,ICHmw2,ICHmw2/111,Hw,1,Hw,1,DJM,FALSE
4113,ICHmw2,ICHmw2/111,Sxw,2,Sx,2,DJM,FALSE
4114,ICHmw2,ICHmw2/112,Act,2,Ac,2,DJM,FALSE
4115,ICHmw2,ICHmw2/112,Bl,1,Bl,1,DJM,FALSE
4116,ICHmw2,ICHmw2/112,Cw,3,Cw,3,DJM,FALSE
4117,ICHmw2,ICHmw2/112,Hw,2,Hw,2,DJM,FALSE
4118,ICHmw2,ICHmw2/112,Sxw,1,Sx,1,DJM,FALSE
4119,ICHmw2,ICHmw2/113,Act,2,Ac,2,DJM,FALSE
4120,ICHmw2,ICHmw2/113,Bl,3,Bl,3,DJM,FALSE
4121,ICHmw2,ICHmw2/113,Cw,1,Cw,1,DJM,FALSE
4122,ICHmw2,ICHmw2/113,Hw,1,Hw,1,DJM,FALSE
4123,ICHmw2,ICHmw2/113,Sxw,2,Sx,2,DJM,FALSE
4124,ICHmw2,ICHmw2/114,Act,2,Ac,2,DJM,FALSE
4125,ICHmw2,ICHmw2/114,Bl,3,Bl,3,DJM,FALSE
4126,ICHmw2,ICHmw2/114,Cw,1,Cw,1,DJM,FALSE
4127,ICHmw2,ICHmw2/114,Hw,1,Hw,1,DJM,FALSE
4128,ICHmw2,ICHmw2/114,Sxw,2,Sx,2,DJM,FALSE
4129,ICHmw2,ICHmw2/Fm01,Act,NA,Ac,1,VC,FALSE
4130,ICHmw2,ICHmw2/Fm02,Act,NA,Ac,1,VC,FALSE
4131,ICHmw2,ICHmw2/Fm02,Sx,NA,Sx,2,VC,FALSE
4132,ICHmw2,ICHmw2/Fm04,Act,NA,Ac,1,VC,FALSE
4133,ICHmw2,ICHmw2/Fm04,Sx,NA,Sx,2,VC,FALSE
4134,ICHmw2,ICHmw2/Fm04,Cw,NA,Cw,3,VC,FALSE
4135,ICHmw2,ICHmw2/Fm04,Ep,NA,Ep,3,VC,FALSE
4136,ICHmw4,ICHmw4/101,Act,3,Ac,3,DJM,FALSE
4137,ICHmw4,ICHmw4/101,At,3,At,3,DJM,FALSE
4138,ICHmw4,ICHmw4/101,Bg,3,Bg,3,DJM,FALSE
4139,ICHmw4,ICHmw4/101,Bl,2,Bl,3,DJM,FALSE
4140,ICHmw4,ICHmw4/101,Cw,1,Cw,1,DJM,FALSE
4141,ICHmw4,ICHmw4/101,Ep,2,Ep,2,DJM,FALSE
4142,ICHmw4,ICHmw4/101,Fdi,2,Fd,2,DJM,FALSE
4143,ICHmw4,ICHmw4/101,Hw,1,Hw,1,DJM,FALSE
4144,ICHmw4,ICHmw4/101,Lw,2,Lw,2,DJM,FALSE
4145,ICHmw4,ICHmw4/101,Pli,2,Pl,2,DJM,FALSE
4146,ICHmw4,ICHmw4/101,Pw,2,Pw,2,DJM,FALSE
4147,ICHmw4,ICHmw4/101,Sxw,2,Sx,3,DJM,FALSE
4148,ICHmw4,ICHmw4/102,Fdi,1,Fd,2,DJM,FALSE
4149,ICHmw4,ICHmw4/102,Lw,2,Lw,3,DJM,FALSE
4150,ICHmw4,ICHmw4/102,Pli,1,Pl,2,DJM,FALSE
4151,ICHmw4,ICHmw4/102,Pyi,4,Py,3,DJM,FALSE
4152,ICHmw4,ICHmw4/103,At,2,At,2,DJM,FALSE
4153,ICHmw4,ICHmw4/103,Bl,3,Bl,3,DJM,FALSE
4154,ICHmw4,ICHmw4/103,Cw,3,Cw,3,DJM,FALSE
4155,ICHmw4,ICHmw4/103,Ep,2,Ep,2,DJM,FALSE
4156,ICHmw4,ICHmw4/103,Fdi,1,Fd,1,DJM,FALSE
4157,ICHmw4,ICHmw4/103,Lw,2,Lw,2,DJM,FALSE
4158,ICHmw4,ICHmw4/103,Pli,2,Pl,2,DJM,FALSE
4159,ICHmw4,ICHmw4/103,Pw,3,Pw,3,DJM,FALSE
4160,ICHmw4,ICHmw4/103,Pyi,4,Py,4,DJM,FALSE
4161,ICHmw4,ICHmw4/104,At,2,At,2,DJM,FALSE
4162,ICHmw4,ICHmw4/104,Bg,3,Bg,3,DJM,FALSE
4163,ICHmw4,ICHmw4/104,Bl,3,Bl,3,DJM,FALSE
4164,ICHmw4,ICHmw4/104,Cw,1,Cw,1,DJM,FALSE
4165,ICHmw4,ICHmw4/104,Ep,2,Ep,2,DJM,FALSE
4166,ICHmw4,ICHmw4/104,Fdi,1,Fd,1,DJM,FALSE
4167,ICHmw4,ICHmw4/104,Hw,2,Hw,2,DJM,FALSE
4168,ICHmw4,ICHmw4/104,Lw,1,Lw,1,DJM,FALSE
4169,ICHmw4,ICHmw4/104,Pli,2,Pl,2,DJM,FALSE
4170,ICHmw4,ICHmw4/104,Pw,2,Pw,2,DJM,FALSE
4171,ICHmw4,ICHmw4/104,Pyi,4,Py,3,DJM,FALSE
4172,ICHmw4,ICHmw4/104,Sxw,3,Sx,3,DJM,FALSE
4173,ICHmw4,ICHmw4/110,Act,2,Ac,2,DJM,FALSE
4174,ICHmw4,ICHmw4/110,At,3,At,3,DJM,FALSE
4175,ICHmw4,ICHmw4/110,Bg,3,Bg,3,DJM,FALSE
4176,ICHmw4,ICHmw4/110,Bl,2,Bl,3,DJM,FALSE
4177,ICHmw4,ICHmw4/110,Cw,1,Cw,1,DJM,FALSE
4178,ICHmw4,ICHmw4/110,Ep,2,Ep,2,DJM,FALSE
4179,ICHmw4,ICHmw4/110,Fdi,3,Fd,3,DJM,FALSE
4180,ICHmw4,ICHmw4/110,Hw,1,Hw,1,DJM,FALSE
4181,ICHmw4,ICHmw4/110,Lw,3,Lw,3,DJM,FALSE
4182,ICHmw4,ICHmw4/110,Pw,3,Pw,3,DJM,FALSE
4183,ICHmw4,ICHmw4/110,Sxw,2,Sx,3,DJM,FALSE
4184,ICHmw4,ICHmw4/111,Act,3,Ac,3,DJM,FALSE
4185,ICHmw4,ICHmw4/111,Bl,1,Bl,1,DJM,FALSE
4186,ICHmw4,ICHmw4/111,Cw,2,Cw,2,DJM,FALSE
4187,ICHmw4,ICHmw4/111,Hw,2,Hw,2,DJM,FALSE
4188,ICHmw4,ICHmw4/111,Sxw,1,Sx,1,DJM,FALSE
4189,ICHmw4,ICHmw4/112,Act,2,Ac,2,DJM,FALSE
4190,ICHmw4,ICHmw4/112,At,3,At,3,DJM,FALSE
4191,ICHmw4,ICHmw4/112,Bl,2,Bl,3,DJM,FALSE
4192,ICHmw4,ICHmw4/112,Cw,1,Cw,1,DJM,FALSE
4193,ICHmw4,ICHmw4/112,Ep,3,Ep,3,DJM,FALSE
4194,ICHmw4,ICHmw4/112,Fdi,5,Fd,4,DJM,FALSE
4195,ICHmw4,ICHmw4/112,Hw,1,Hw,1,DJM,FALSE
4196,ICHmw4,ICHmw4/112,Lw,5,Lw,4,DJM,FALSE
4197,ICHmw4,ICHmw4/112,Sxw,2,Sx,3,DJM,FALSE
4198,ICHmw4,ICHmw4/113,Act,2,Ac,3,DJM,FALSE
4199,ICHmw4,ICHmw4/113,At,3,At,3,DJM,FALSE
4200,ICHmw4,ICHmw4/113,Bl,1,Bl,1,DJM,FALSE
4201,ICHmw4,ICHmw4/113,Cw,2,Cw,2,DJM,FALSE
4202,ICHmw4,ICHmw4/113,Ep,3,Ep,3,DJM,FALSE
4203,ICHmw4,ICHmw4/113,Hw,2,Hw,2,DJM,FALSE
4204,ICHmw4,ICHmw4/113,Sxw,1,Sx,1,DJM,FALSE
4205,ICHmw4,ICHmw4/114,Act,2,Ac,3,DJM,FALSE
4206,ICHmw4,ICHmw4/114,At,5,At,4,DJM,FALSE
4207,ICHmw4,ICHmw4/114,Bl,2,Bl,2,DJM,FALSE
4208,ICHmw4,ICHmw4/114,Cw,2,Cw,2,DJM,FALSE
4209,ICHmw4,ICHmw4/114,Ep,5,Ep,4,DJM,FALSE
4210,ICHmw4,ICHmw4/114,Hw,2,Hw,2,DJM,FALSE
4211,ICHmw4,ICHmw4/114,Sxw,1,Sx,1,DJM,FALSE
4212,ICHmw4,ICHmw4/Fm01,Act,NA,Ac,1,VC,FALSE
4213,ICHmw4,ICHmw4/Fm02,Act,NA,Ac,1,VC,FALSE
4214,ICHmw4,ICHmw4/Fm02,Sx,NA,Sx,2,VC,FALSE
4215,ICHmw4,ICHmw4/Fm04,Act,NA,Ac,1,VC,FALSE
4216,ICHmw4,ICHmw4/Fm04,Sx,NA,Sx,2,VC,FALSE
4217,ICHmw4,ICHmw4/Fm04,Cw,NA,Cw,3,VC,FALSE
4218,ICHmw4,ICHmw4/Fm04,Ep,NA,Ep,3,VC,FALSE
4219,ICHmw5,ICHmw5/101,Act,3,Ac,3,DJM,FALSE
4220,ICHmw5,ICHmw5/101,At,2,At,2,DJM,FALSE
4221,ICHmw5,ICHmw5/101,Bg,4,Bg,3,DJM,FALSE
4222,ICHmw5,ICHmw5/101,Bl,2,Bl,2,DJM,FALSE
4223,ICHmw5,ICHmw5/101,Cw,1,Cw,1,DJM,FALSE
4224,ICHmw5,ICHmw5/101,Ep,2,Ep,2,DJM,FALSE
4225,ICHmw5,ICHmw5/101,Fdi,2,Fd,2,DJM,FALSE
4226,ICHmw5,ICHmw5/101,Hw,1,Hw,1,DJM,FALSE
4227,ICHmw5,ICHmw5/101,Lw,2,Lw,2,DJM,FALSE
4228,ICHmw5,ICHmw5/101,Pli,2,Pl,3,DJM,FALSE
4229,ICHmw5,ICHmw5/101,Pw,2,Pw,3,DJM,FALSE
4230,ICHmw5,ICHmw5/101,Sxw,2,Sx,2,DJM,FALSE
4231,ICHmw5,ICHmw5/102,At,3,At,3,DJM,FALSE
4232,ICHmw5,ICHmw5/102,Cw,3,Cw,3,DJM,FALSE
4233,ICHmw5,ICHmw5/102,Ep,3,Ep,3,DJM,FALSE
4234,ICHmw5,ICHmw5/102,Fdi,1,Fd,2,DJM,FALSE
4235,ICHmw5,ICHmw5/102,Lw,2,Lw,2,DJM,FALSE
4236,ICHmw5,ICHmw5/102,Pli,2,Pl,2,DJM,FALSE
4237,ICHmw5,ICHmw5/102,Pyi,3,Py,4,DJM,FALSE
4238,ICHmw5,ICHmw5/103,At,2,At,2,DJM,FALSE
4239,ICHmw5,ICHmw5/103,Cw,3,Cw,3,DJM,FALSE
4240,ICHmw5,ICHmw5/103,Ep,2,Ep,2,DJM,FALSE
4241,ICHmw5,ICHmw5/103,Fdi,1,Fd,1,DJM,FALSE
4242,ICHmw5,ICHmw5/103,Lw,2,Lw,3,DJM,FALSE
4243,ICHmw5,ICHmw5/103,Pli,2,Pl,3,DJM,FALSE
4244,ICHmw5,ICHmw5/103,Pw,3,Pw,3,DJM,FALSE
4245,ICHmw5,ICHmw5/103,Pyi,3,Py,3,DJM,FALSE
4246,ICHmw5,ICHmw5/104,At,2,At,2,DJM,FALSE
4247,ICHmw5,ICHmw5/104,Bg,4,Bg,3,DJM,FALSE
4248,ICHmw5,ICHmw5/104,Bl,2,Bl,2,DJM,FALSE
4249,ICHmw5,ICHmw5/104,Cw,2,Cw,2,DJM,FALSE
4250,ICHmw5,ICHmw5/104,Ep,2,Ep,2,DJM,FALSE
4251,ICHmw5,ICHmw5/104,Fdi,1,Fd,1,DJM,FALSE
4252,ICHmw5,ICHmw5/104,Hw,3,Hw,3,DJM,FALSE
4253,ICHmw5,ICHmw5/104,Lw,1,Lw,1,DJM,FALSE
4254,ICHmw5,ICHmw5/104,Pli,2,Pl,2,DJM,FALSE
4255,ICHmw5,ICHmw5/104,Pw,2,Pw,2,DJM,FALSE
4256,ICHmw5,ICHmw5/104,Pyi,3,Py,4,DJM,FALSE
4257,ICHmw5,ICHmw5/104,Sxw,2,Sx,2,DJM,FALSE
4258,ICHmw5,ICHmw5/110,Act,2,Ac,2,DJM,FALSE
4259,ICHmw5,ICHmw5/110,At,2,At,2,DJM,FALSE
4260,ICHmw5,ICHmw5/110,Bl,2,Bl,2,DJM,FALSE
4261,ICHmw5,ICHmw5/110,Cw,1,Cw,1,DJM,FALSE
4262,ICHmw5,ICHmw5/110,Ep,2,Ep,2,DJM,FALSE
4263,ICHmw5,ICHmw5/110,Fdi,2,Fd,3,DJM,FALSE
4264,ICHmw5,ICHmw5/110,Hw,1,Hw,1,DJM,FALSE
4265,ICHmw5,ICHmw5/110,Lw,2,Lw,3,DJM,FALSE
4266,ICHmw5,ICHmw5/110,Pli,2,Pl,3,DJM,FALSE
4267,ICHmw5,ICHmw5/110,Pw,3,Pw,3,DJM,FALSE
4268,ICHmw5,ICHmw5/110,Sxw,2,Sx,2,DJM,FALSE
4269,ICHmw5,ICHmw5/111,Act,2,Ac,2,DJM,FALSE
4270,ICHmw5,ICHmw5/111,At,3,At,3,DJM,FALSE
4271,ICHmw5,ICHmw5/111,Bl,2,Bl,3,DJM,FALSE
4272,ICHmw5,ICHmw5/111,Cw,1,Cw,1,DJM,FALSE
4273,ICHmw5,ICHmw5/111,Ep,3,Ep,3,DJM,FALSE
4274,ICHmw5,ICHmw5/111,Fdi,3,Fd,3,DJM,FALSE
4275,ICHmw5,ICHmw5/111,Hw,1,Hw,1,DJM,FALSE
4276,ICHmw5,ICHmw5/111,Lw,3,Lw,3,DJM,FALSE
4277,ICHmw5,ICHmw5/111,Pw,3,Pw,3,DJM,FALSE
4278,ICHmw5,ICHmw5/111,Sxw,2,Sx,2,DJM,FALSE
4279,ICHmw5,ICHmw5/112,Act,2,Ac,2,DJM,FALSE
4280,ICHmw5,ICHmw5/112,At,3,At,3,DJM,FALSE
4281,ICHmw5,ICHmw5/112,Bl,2,Bl,2,DJM,FALSE
4282,ICHmw5,ICHmw5/112,Cw,2,Cw,2,DJM,FALSE
4283,ICHmw5,ICHmw5/112,Ep,3,Ep,3,DJM,FALSE
4284,ICHmw5,ICHmw5/112,Hw,2,Hw,2,DJM,FALSE
4285,ICHmw5,ICHmw5/112,Sxw,1,Sx,1,DJM,FALSE
4286,ICHmw5,ICHmw5/113,Act,2,Ac,2,DJM,FALSE
4287,ICHmw5,ICHmw5/113,At,2,At,2,DJM,FALSE
4288,ICHmw5,ICHmw5/113,Bl,2,Bl,2,DJM,FALSE
4289,ICHmw5,ICHmw5/113,Cw,1,Cw,1,DJM,FALSE
4290,ICHmw5,ICHmw5/113,Ep,2,Ep,2,DJM,FALSE
4291,ICHmw5,ICHmw5/113,Hw,2,Hw,2,DJM,FALSE
4292,ICHmw5,ICHmw5/113,Sxw,2,Sx,2,DJM,FALSE
4293,ICHmw5,ICHmw5/Fm01,Act,NA,Ac,1,VC,FALSE
4294,ICHmw5,ICHmw5/Fm02,Act,NA,Ac,1,VC,FALSE
4295,ICHmw5,ICHmw5/Fm02,Sx,NA,Sx,2,VC,FALSE
4296,ICHvc,ICHvc/01,Act,3,Ac,3,EBL,FALSE
4297,ICHvc,ICHvc/01,Bl,1,Bl,1,EBL,FALSE
4298,ICHvc,ICHvc/01,Hm,3,Hm,3,EBL,FALSE
4299,ICHvc,ICHvc/01,Hw,2,Hw,2,EBL,FALSE
4300,ICHvc,ICHvc/01,Sxw,2,Sx,1,EBL,FALSE
4301,ICHvc,ICHvc/01.1,Act,3,Ac,3,EBL,FALSE
4302,ICHvc,ICHvc/01.1,Bl,1,Bl,1,EBL,FALSE
4303,ICHvc,ICHvc/01.1,Hm,3,Hm,3,EBL,FALSE
4304,ICHvc,ICHvc/01.1,Hw,1,Hw,1,EBL,FALSE
4305,ICHvc,ICHvc/01.1,Sxw,1,Sx,1,EBL,FALSE
4306,ICHvc,ICHvc/01.2,Act,3,Ac,3,EBL,FALSE
4307,ICHvc,ICHvc/01.2,Bl,1,Bl,1,EBL,FALSE
4308,ICHvc,ICHvc/01.2,Hm,3,Hm,3,EBL,FALSE
4309,ICHvc,ICHvc/01.2,Hw,3,Hw,3,EBL,FALSE
4310,ICHvc,ICHvc/01.2,Sxw,1,Sx,1,EBL,FALSE
4311,ICHvc,ICHvc/02,Bl,1,Bl,1,EBL,FALSE
4312,ICHvc,ICHvc/02,Hm,3,Hm,3,EBL,FALSE
4313,ICHvc,ICHvc/02,Hw,1,Hw,1,EBL,FALSE
4314,ICHvc,ICHvc/02,Pli,3,Pl,3,EBL,FALSE
4315,ICHvc,ICHvc/02,Sxw,2,Sx,2,EBL,FALSE
4316,ICHvc,ICHvc/02.1,Bl,1,Bl,1,EBL,FALSE
4317,ICHvc,ICHvc/02.1,Hm,3,Hm,3,EBL,FALSE
4318,ICHvc,ICHvc/02.1,Hw,1,Hw,1,EBL,FALSE
4319,ICHvc,ICHvc/02.1,Pli,3,Pl,3,EBL,FALSE
4320,ICHvc,ICHvc/02.1,Sxw,2,Sx,2,EBL,FALSE
4321,ICHvc,ICHvc/02.2,Bl,1,Bl,1,EBL,FALSE
4322,ICHvc,ICHvc/02.2,Hm,3,Hm,3,EBL,FALSE
4323,ICHvc,ICHvc/02.2,Hw,3,Hw,3,EBL,FALSE
4324,ICHvc,ICHvc/02.2,Pli,3,Pl,3,EBL,FALSE
4325,ICHvc,ICHvc/02.2,Sxw,2,Sx,2,EBL,FALSE
4326,ICHvc,ICHvc/03,Act,3,Ac,3,EBL,FALSE
4327,ICHvc,ICHvc/03,Bl,1,Bl,1,EBL,FALSE
4328,ICHvc,ICHvc/03,Hw,3,Hw,3,EBL,FALSE
4329,ICHvc,ICHvc/03,Sxw,2,Sx,2,EBL,FALSE
4330,ICHvc,ICHvc/03a,Act,1,Ac,1,EBL,FALSE
4331,ICHvc,ICHvc/03a,Bl,1,Bl,1,EBL,FALSE
4332,ICHvc,ICHvc/03a,Hw,3,Hw,3,EBL,FALSE
4333,ICHvc,ICHvc/03a,Sxw,1,Sx,1,EBL,FALSE
4334,ICHvc,ICHvc/03b,Act,3,Ac,3,EBL,FALSE
4335,ICHvc,ICHvc/03b,Bl,1,Bl,1,EBL,FALSE
4336,ICHvc,ICHvc/03b,Hw,3,Hw,3,EBL,FALSE
4337,ICHvc,ICHvc/03b,Sxw,2,Sx,2,EBL,FALSE
4338,ICHvc,ICHvc/04,Act,3,Ac,3,EBL,FALSE
4339,ICHvc,ICHvc/04,Bl,1,Bl,1,EBL,FALSE
4340,ICHvc,ICHvc/04,Sxw,2,Sx,2,EBL,FALSE
4341,ICHvc,ICHvc/05,Act,1,Ac,1,EBL,FALSE
4342,ICHvc,ICHvc/05,Bl,1,Bl,1,EBL,FALSE
4343,ICHvc,ICHvc/05,Sxw,2,Sx,2,EBL,FALSE
4344,ICHvc,ICHvc/06,Act,3,Ac,3,EBL,FALSE
4345,ICHvc,ICHvc/06,Bl,1,Bl,1,EBL,FALSE
4346,ICHvc,ICHvc/06,Sxw,2,Sx,2,EBL,FALSE
4347,ICHwk2,ICHwk2/01,Act,3,Ac,3,KI,FALSE
4348,ICHwk2,ICHwk2/01,Act,3,Ac,3,KI,FALSE
4349,ICHwk2,ICHwk2/01,At,2,At,2,KI,FALSE
4350,ICHwk2,ICHwk2/01,Bl,2,Bl,2,KI,FALSE
4351,ICHwk2,ICHwk2/01,Cw,2,Cw,1,KI,FALSE
4352,ICHwk2,ICHwk2/01,Ep,2,Ep,2,KI,FALSE
4353,ICHwk2,ICHwk2/01,Fdi,2,Fd,1,KI,FALSE
4354,ICHwk2,ICHwk2/01,Hw,1,Hw,1,KI,FALSE
4355,ICHwk2,ICHwk2/01,Pli,1,Pl,1,KI,FALSE
4356,ICHwk2,ICHwk2/01,Sxw,1,Sx,1,KI,FALSE
4357,ICHwk2,ICHwk2/01a,At,2,At,2,KI,FALSE
4358,ICHwk2,ICHwk2/01a,Bl,2,Bl,2,KI,FALSE
4359,ICHwk2,ICHwk2/01a,Cw,2,Cw,1,KI,FALSE
4360,ICHwk2,ICHwk2/01a,Ep,2,Ep,2,KI,FALSE
4361,ICHwk2,ICHwk2/01a,Fdi,2,Fd,1,KI,FALSE
4362,ICHwk2,ICHwk2/01a,Hw,1,Hw,1,KI,FALSE
4363,ICHwk2,ICHwk2/01a,Pli,1,Pl,1,KI,FALSE
4364,ICHwk2,ICHwk2/01a,Sxw,1,Sx,1,KI,FALSE
4365,ICHwk2,ICHwk2/01a,Ac,4,Ac,3,KI,FALSE
4366,ICHwk2,ICHwk2/01b,Act,3,Ac,2,KI,FALSE
4367,ICHwk2,ICHwk2/01b,At,2,At,2,KI,FALSE
4368,ICHwk2,ICHwk2/01b,Bl,2,Bl,2,KI,FALSE
4369,ICHwk2,ICHwk2/01b,Cw,2,Cw,2,KI,FALSE
4370,ICHwk2,ICHwk2/01b,Ep,2,Ep,2,KI,FALSE
4371,ICHwk2,ICHwk2/01b,Fdi,2,Fd,2,KI,FALSE
4372,ICHwk2,ICHwk2/01b,Hw,1,Hw,1,KI,FALSE
4373,ICHwk2,ICHwk2/01b,Pli,1,Pl,1,KI,FALSE
4374,ICHwk2,ICHwk2/01b,Sxw,1,Sx,1,KI,FALSE
4375,ICHwk2,ICHwk2/02,At,3,At,3,KI,FALSE
4376,ICHwk2,ICHwk2/02,Bl,3,Bl,3,KI,FALSE
4377,ICHwk2,ICHwk2/02,Cw,3,Cw,3,KI,FALSE
4378,ICHwk2,ICHwk2/02,Fdi,2,Fd,3,KI,FALSE
4379,ICHwk2,ICHwk2/02,Hw,3,Hw,4,KI,FALSE
4380,ICHwk2,ICHwk2/02,Pli,2,Pl,2,KI,FALSE
4381,ICHwk2,ICHwk2/03,At,3,At,3,KI,FALSE
4382,ICHwk2,ICHwk2/03,Bl,3,Bl,3,KI,FALSE
4383,ICHwk2,ICHwk2/03,Cw,3,Cw,3,KI,FALSE
4384,ICHwk2,ICHwk2/03,Fdi,2,Fd,2,KI,FALSE
4385,ICHwk2,ICHwk2/03,Hw,3,Hw,2,KI,FALSE
4386,ICHwk2,ICHwk2/03,Pli,2,Pl,2,KI,FALSE
4387,ICHwk2,ICHwk2/03,Ep,4,Ep,4,KI,FALSE
4388,ICHwk2,ICHwk2/04,At,3,At,3,KI,FALSE
4389,ICHwk2,ICHwk2/04,Bl,3,Bl,3,KI,FALSE
4390,ICHwk2,ICHwk2/04,Cw,2,Cw,1,KI,FALSE
4391,ICHwk2,ICHwk2/04,Ep,2,Ep,2,KI,FALSE
4392,ICHwk2,ICHwk2/04,Fdi,1,Fd,1,KI,FALSE
4393,ICHwk2,ICHwk2/04,Hw,1,Hw,1,KI,FALSE
4394,ICHwk2,ICHwk2/04,Pli,1,Pl,1,KI,FALSE
4395,ICHwk2,ICHwk2/04,Sxw,3,Sx,3,KI,FALSE
4396,ICHwk2,ICHwk2/05,Act,3,Ac,3,KI,FALSE
4397,ICHwk2,ICHwk2/05,Bl,1,Bl,1,KI,FALSE
4398,ICHwk2,ICHwk2/05,Cw,2,Cw,3,KI,FALSE
4399,ICHwk2,ICHwk2/05,Pli,1,Pl,1,KI,FALSE
4400,ICHwk2,ICHwk2/05,Sxw,1,Sx,1,KI,FALSE
4401,ICHwk2,ICHwk2/05,Ep,4,Ep,4,KI,FALSE
4402,ICHwk2,ICHwk2/05,Fdi,4,Fd,4,KI,FALSE
4403,ICHwk2,ICHwk2/05,Hw,4,Hw,4,KI,FALSE
4404,ICHwk2,ICHwk2/06,Act,3,Ac,3,KI,FALSE
4405,ICHwk2,ICHwk2/06,Bl,1,Bl,1,KI,FALSE
4406,ICHwk2,ICHwk2/06,Pli,2,Pl,2,KI,FALSE
4407,ICHwk2,ICHwk2/06,Sxw,1,Sx,1,KI,FALSE
4408,ICHwk2,ICHwk2/06,At,4,At,4,KI,FALSE
4409,ICHwk2,ICHwk2/06,Ep,4,Ep,4,KI,FALSE
4410,ICHwk2,ICHwk2/06,Fdi,4,Fd,4,KI,FALSE
4411,ICHwk2,ICHwk2/06,Hw,4,Hw,4,KI,FALSE
4412,ICHwk2,ICHwk2/06,Cw,4,Cw,3,KI,FALSE
4413,ICHwk2,ICHwk2/07,Act,2,Ac,2,KI,FALSE
4414,ICHwk2,ICHwk2/07,At,3,At,3,KI,FALSE
4415,ICHwk2,ICHwk2/07,Bl,2,Bl,2,KI,FALSE
4416,ICHwk2,ICHwk2/07,Cw,2,Cw,1,KI,FALSE
4417,ICHwk2,ICHwk2/07,Ep,3,Ep,2,KI,FALSE
4418,ICHwk2,ICHwk2/07,Fdi,2,Fd,3,KI,FALSE
4419,ICHwk2,ICHwk2/07,Hw,2,Hw,2,KI,FALSE
4420,ICHwk2,ICHwk2/07,Pli,3,Pl,3,KI,FALSE
4421,ICHwk2,ICHwk2/07,Sxw,1,Sx,1,KI,FALSE
4422,ICHwk2,ICHwk2/08,Act,2,Ac,2,KI,FALSE
4423,ICHwk2,ICHwk2/08,Bl,2,Bl,2,KI,FALSE
4424,ICHwk2,ICHwk2/08,Cw,2,Cw,2,KI,FALSE
4425,ICHwk2,ICHwk2/08,Hw,3,Hw,2,KI,FALSE
4426,ICHwk2,ICHwk2/08,Sxw,1,Sx,1,KI,FALSE
4427,ICHwk2,ICHwk2/08,Ep,4,Ep,4,KI,FALSE
4428,ICHwk2,ICHwk2/08,Pli,4,Pl,4,KI,FALSE
4429,ICHwk3,ICHwk3/01,Act,3,Ac,3,DS,FALSE
4430,ICHwk3,ICHwk3/01,At,2,At,2,DS,FALSE
4431,ICHwk3,ICHwk3/01,Bl,2,Bl,2,DS,FALSE
4432,ICHwk3,ICHwk3/01,Cw,1,Cw,1,DS,FALSE
4433,ICHwk3,ICHwk3/01,Ep,2,Ep,2,DS,FALSE
4434,ICHwk3,ICHwk3/01,Fdi,2,Fd,2,DS,FALSE
4435,ICHwk3,ICHwk3/01,Hw,1,Hw,1,DS,FALSE
4436,ICHwk3,ICHwk3/01,Pli,2,Pl,2,DS,FALSE
4437,ICHwk3,ICHwk3/01,Sxw,1,Sx,1,DS,FALSE
4438,ICHwk3,ICHwk3/02,Hw,2,Hw,2,DS,FALSE
4439,ICHwk3,ICHwk3/02,Pli,2,Pl,2,DS,FALSE
4440,ICHwk3,ICHwk3/02,Sxw,3,Sx,3,DS,FALSE
4441,ICHwk3,ICHwk3/03,At,3,At,3,DS,FALSE
4442,ICHwk3,ICHwk3/03,Bl,3,Bl,3,DS,FALSE
4443,ICHwk3,ICHwk3/03,Cw,3,Cw,2,DS,FALSE
4444,ICHwk3,ICHwk3/03,Ep,3,Ep,3,DS,FALSE
4445,ICHwk3,ICHwk3/03,Fdi,1,Fd,2,DS,FALSE
4446,ICHwk3,ICHwk3/03,Hw,2,Hw,2,DS,FALSE
4447,ICHwk3,ICHwk3/03,Pli,2,Pl,2,DS,FALSE
4448,ICHwk3,ICHwk3/03,Sxw,3,Sx,2,DS,FALSE
4449,ICHwk3,ICHwk3/04,At,3,At,3,DS,FALSE
4450,ICHwk3,ICHwk3/04,Bl,3,Bl,3,DS,FALSE
4451,ICHwk3,ICHwk3/04,Cw,2,Cw,2,DS,FALSE
4452,ICHwk3,ICHwk3/04,Ep,2,Ep,2,DS,FALSE
4453,ICHwk3,ICHwk3/04,Fdi,1,Fd,1,DS,FALSE
4454,ICHwk3,ICHwk3/04,Hw,1,Hw,1,DS,FALSE
4455,ICHwk3,ICHwk3/04,Pli,1,Pl,1,DS,FALSE
4456,ICHwk3,ICHwk3/04,Sxw,3,Sx,2,DS,FALSE
4457,ICHwk3,ICHwk3/05,Act,2,Ac,2,DS,FALSE
4458,ICHwk3,ICHwk3/05,At,2,At,2,DS,FALSE
4459,ICHwk3,ICHwk3/05,Bl,2,Bl,2,DS,FALSE
4460,ICHwk3,ICHwk3/05,Cw,1,Cw,1,DS,FALSE
4461,ICHwk3,ICHwk3/05,Ep,2,Ep,2,DS,FALSE
4462,ICHwk3,ICHwk3/05,Fdi,2,Fd,2,DS,FALSE
4463,ICHwk3,ICHwk3/05,Hw,1,Hw,1,DS,FALSE
4464,ICHwk3,ICHwk3/05,Pli,2,Pl,2,DS,FALSE
4465,ICHwk3,ICHwk3/05,Sxw,1,Sx,1,DS,FALSE
4466,ICHwk3,ICHwk3/06,Act,2,Ac,2,DS,FALSE
4467,ICHwk3,ICHwk3/06,At,2,At,2,DS,FALSE
4468,ICHwk3,ICHwk3/06,Bl,2,Bl,2,DS,FALSE
4469,ICHwk3,ICHwk3/06,Cw,1,Cw,1,DS,FALSE
4470,ICHwk3,ICHwk3/06,Ep,2,Ep,2,DS,FALSE
4471,ICHwk3,ICHwk3/06,Hw,3,Hw,2,DS,FALSE
4472,ICHwk3,ICHwk3/06,Pli,2,Pl,2,DS,FALSE
4473,ICHwk3,ICHwk3/06,Sxw,1,Sx,1,DS,FALSE
4474,ICHwk3,ICHwk3/07,Act,3,Ac,3,DS,FALSE
4475,ICHwk3,ICHwk3/07,At,3,At,3,DS,FALSE
4476,ICHwk3,ICHwk3/07,Cw,3,Cw,3,DS,FALSE
4477,ICHwk3,ICHwk3/07,Ep,3,Ep,3,DS,FALSE
4478,ICHwk3,ICHwk3/07,Hw,2,Hw,2,DS,FALSE
4479,ICHwk3,ICHwk3/07,Pli,2,Pl,2,DS,FALSE
4480,ICHwk3,ICHwk3/07,Sxw,2,Sx,2,DS,FALSE
4481,ICHwk3,ICHwk3/08,Act,3,Ac,3,DS,FALSE
4482,ICHwk3,ICHwk3/08,Bl,2,Bl,2,DS,FALSE
4483,ICHwk3,ICHwk3/08,Cw,2,Cw,2,DS,FALSE
4484,ICHwk3,ICHwk3/08,Hw,2,Hw,2,DS,FALSE
4485,ICHwk3,ICHwk3/08,Sxw,2,Sx,2,DS,FALSE
4486,ICHwk3,ICHwk3/09,Bl,2,Bl,2,DS,FALSE
4487,ICHwk3,ICHwk3/09,Pli,3,Pl,3,DS,FALSE
4488,ICHwk3,ICHwk3/09,Sb,3,Sb,5,DS,FALSE
4489,ICHwk4,ICHwk4/01,Act,2,Ac,2,KI,FALSE
4490,ICHwk4,ICHwk4/01,Act,2,Ac,2,KI,FALSE
4491,ICHwk4,ICHwk4/01,Act,2,Ac,2,KI,FALSE
4492,ICHwk4,ICHwk4/01,Act,2,Ac,2,KI,FALSE
4493,ICHwk4,ICHwk4/01,At,2,At,2,KI,FALSE
4494,ICHwk4,ICHwk4/01,Bl,1,Bl,1,KI,FALSE
4495,ICHwk4,ICHwk4/01,Cw,1,Cw,1,KI,FALSE
4496,ICHwk4,ICHwk4/01,Ep,1,Ep,1,KI,FALSE
4497,ICHwk4,ICHwk4/01,Fdi,1,Fd,1,KI,FALSE
4498,ICHwk4,ICHwk4/01,Hw,1,Hw,1,KI,FALSE
4499,ICHwk4,ICHwk4/01,Lw,3,Lw,3,WHM,TRUE
4500,ICHwk4,ICHwk4/01,Pli,1,Pl,1,KI,FALSE
4501,ICHwk4,ICHwk4/01,Pw,4,Pw,3,KI,FALSE
4502,ICHwk4,ICHwk4/01,Sxw,1,Sx,1,KI,FALSE
4503,ICHwk4,ICHwk4/01a,Act,2,Ac,2,KI,FALSE
4504,ICHwk4,ICHwk4/01a,At,2,At,2,KI,FALSE
4505,ICHwk4,ICHwk4/01a,Bl,1,Bl,1,KI,FALSE
4506,ICHwk4,ICHwk4/01a,Cw,1,Cw,1,KI,FALSE
4507,ICHwk4,ICHwk4/01a,Ep,1,Ep,1,KI,FALSE
4508,ICHwk4,ICHwk4/01a,Fdi,1,Fd,1,KI,FALSE
4509,ICHwk4,ICHwk4/01a,Hw,1,Hw,1,KI,FALSE
4510,ICHwk4,ICHwk4/01a,Lw,3,Lw,3,WHM,TRUE
4511,ICHwk4,ICHwk4/01a,Pli,1,Pl,1,KI,FALSE
4512,ICHwk4,ICHwk4/01a,Pw,4,Pw,3,KI,FALSE
4513,ICHwk4,ICHwk4/01a,Sxw,1,Sx,1,KI,FALSE
4514,ICHwk4,ICHwk4/01b,Act,2,Ac,2,KI,FALSE
4515,ICHwk4,ICHwk4/01b,At,2,At,2,KI,FALSE
4516,ICHwk4,ICHwk4/01b,Bl,1,Bl,1,KI,FALSE
4517,ICHwk4,ICHwk4/01b,Cw,1,Cw,1,KI,FALSE
4518,ICHwk4,ICHwk4/01b,Ep,1,Ep,1,KI,FALSE
4519,ICHwk4,ICHwk4/01b,Fdi,1,Fd,2,KI,FALSE
4520,ICHwk4,ICHwk4/01b,Hw,1,Hw,1,KI,FALSE
4521,ICHwk4,ICHwk4/01b,Lw,3,Lw,3,WHM,TRUE
4522,ICHwk4,ICHwk4/01b,Pli,1,Pl,1,KI,FALSE
4523,ICHwk4,ICHwk4/01b,Pw,4,Pw,3,KI,FALSE
4524,ICHwk4,ICHwk4/01b,Sxw,1,Sx,1,KI,FALSE
4525,ICHwk4,ICHwk4/02,At,3,At,3,KI,FALSE
4526,ICHwk4,ICHwk4/02,Bl,3,Bl,3,KI,FALSE
4527,ICHwk4,ICHwk4/02,Fdi,3,Fd,3,KI,FALSE
4528,ICHwk4,ICHwk4/02,Hw,3,Hw,3,KI,FALSE
4529,ICHwk4,ICHwk4/02,Pli,2,Pl,2,KI,FALSE
4530,ICHwk4,ICHwk4/02,Sx,4,Sx,4,KI,FALSE
4531,ICHwk4,ICHwk4/03,At,3,At,3,KI,FALSE
4532,ICHwk4,ICHwk4/03,Fdi,2,Fd,2,KI,FALSE
4533,ICHwk4,ICHwk4/03,Hw,3,Hw,3,KI,FALSE
4534,ICHwk4,ICHwk4/03,Pli,2,Pl,2,KI,FALSE
4535,ICHwk4,ICHwk4/03,Sxw,5,Sx,4,KI,FALSE
4536,ICHwk4,ICHwk4/03,Bl,4,Bl,4,KI,FALSE
4537,ICHwk4,ICHwk4/03,Ep,4,Ep,4,KI,FALSE
4538,ICHwk4,ICHwk4/04,At,3,At,3,KI,FALSE
4539,ICHwk4,ICHwk4/04,Bl,2,Bl,2,KI,FALSE
4540,ICHwk4,ICHwk4/04,Fdi,1,Fd,2,KI,FALSE
4541,ICHwk4,ICHwk4/04,Hw,2,Hw,2,KI,FALSE
4542,ICHwk4,ICHwk4/04,Pli,1,Pl,1,KI,FALSE
4543,ICHwk4,ICHwk4/04,Sxw,2,Sx,2,KI,FALSE
4544,ICHwk4,ICHwk4/05,At,1,At,1,KI,FALSE
4545,ICHwk4,ICHwk4/05,Bl,3,Bl,3,KI,FALSE
4546,ICHwk4,ICHwk4/05,Cw,3,Cw,3,KI,FALSE
4547,ICHwk4,ICHwk4/05,Ep,1,Ep,2,KI,FALSE
4548,ICHwk4,ICHwk4/05,Fdi,1,Fd,2,KI,FALSE
4549,ICHwk4,ICHwk4/05,Hw,1,Hw,1,KI,FALSE
4550,ICHwk4,ICHwk4/05,Pli,1,Pl,1,KI,FALSE
4551,ICHwk4,ICHwk4/05,Sxw,3,Sx,3,KI,FALSE
4552,ICHwk4,ICHwk4/05,Pw,4,Pw,4,KI,FALSE
4553,ICHwk4,ICHwk4/05,Ac,4,Ac,3,KI,FALSE
4554,ICHwk4,ICHwk4/06,Act,2,Ac,2,KI,FALSE
4555,ICHwk4,ICHwk4/06,At,3,At,3,KI,FALSE
4556,ICHwk4,ICHwk4/06,Bl,1,Bl,1,KI,FALSE
4557,ICHwk4,ICHwk4/06,Ep,3,Ep,3,KI,FALSE
4558,ICHwk4,ICHwk4/06,Hw,3,Hw,3,KI,FALSE
4559,ICHwk4,ICHwk4/06,Hw,3,Hw,3,KI,FALSE
4560,ICHwk4,ICHwk4/06,Hw,3,Hw,3,KI,FALSE
4561,ICHwk4,ICHwk4/06,Hw,3,Hw,3,KI,FALSE
4562,ICHwk4,ICHwk4/06,Pli,2,Pl,2,KI,FALSE
4563,ICHwk4,ICHwk4/06,Sxw,1,Sx,1,KI,FALSE
4564,ICHwk4,ICHwk4/06,Cw,4,Cw,4,KI,FALSE
4565,ICHwk4,ICHwk4/06,Fdi,4,Fd,4,KI,FALSE
4566,ICHwk4,ICHwk4/06,Pw,4,Pw,4,KI,FALSE
4567,ICHwk4,ICHwk4/07,Act,1,Ac,1,KI,FALSE
4568,ICHwk4,ICHwk4/07,At,3,At,3,KI,FALSE
4569,ICHwk4,ICHwk4/07,At,3,At,3,KI,FALSE
4570,ICHwk4,ICHwk4/07,At,3,At,3,KI,FALSE
4571,ICHwk4,ICHwk4/07,At,3,At,3,KI,FALSE
4572,ICHwk4,ICHwk4/07,Bl,1,Bl,1,KI,FALSE
4573,ICHwk4,ICHwk4/07,Cw,2,Cw,2,KI,FALSE
4574,ICHwk4,ICHwk4/07,Ep,2,Ep,2,KI,FALSE
4575,ICHwk4,ICHwk4/07,Fdi,2,Fd,3,KI,FALSE
4576,ICHwk4,ICHwk4/07,Hw,2,Hw,2,KI,FALSE
4577,ICHwk4,ICHwk4/07,Pli,3,Pl,3,KI,FALSE
4578,ICHwk4,ICHwk4/07,Sxw,1,Sx,1,KI,FALSE
4579,ICHwk4,ICHwk4/07,Pw,4,Pw,4,KI,FALSE
4580,ICHwk4,ICHwk4/08,Act,3,Ac,3,KI,FALSE
4581,ICHwk4,ICHwk4/08,Bl,2,Bl,2,KI,FALSE
4582,ICHwk4,ICHwk4/08,Cw,2,Cw,2,KI,FALSE
4583,ICHwk4,ICHwk4/08,Pli,3,Pl,3,KI,FALSE
4584,ICHwk4,ICHwk4/08,Sxw,2,Sx,2,KI,FALSE
4585,ICHwk4,ICHwk4/08,Ep,4,Ep,4,KI,FALSE
4586,ICHwk4,ICHwk4/08,Hw,4,Hw,4,KI,FALSE
4587,ICHwk4,ICHwk4/08,Pw,4,Pw,4,KI,FALSE
4588,ICHxm1,ICHxm1/101,At,NA,At,3,DJM,FALSE
4589,ICHxm1,ICHxm1/101,Cw,2,Cw,2,DJM,FALSE
4590,ICHxm1,ICHxm1/101,Ep,1,Ep,2,DJM,FALSE
4591,ICHxm1,ICHxm1/101,Fdi,1,Fd,1,DJM,FALSE
4592,ICHxm1,ICHxm1/101,Lw,2,Lw,2,DJM,FALSE
4593,ICHxm1,ICHxm1/101,Pli,2,Pl,2,DJM,FALSE
4594,ICHxm1,ICHxm1/102,Fdi,3,Fd,2,DJM,FALSE
4595,ICHxm1,ICHxm1/102,Pyi,2,Py,2,DJM,FALSE
4596,ICHxm1,ICHxm1/103,Fdi,2,Fd,1,DJM,FALSE
4597,ICHxm1,ICHxm1/103,Pyi,2,Py,2,DJM,FALSE
4598,ICHxm1,ICHxm1/104,Fdi,1,Fd,1,DJM,FALSE
4599,ICHxm1,ICHxm1/104,Lw,2,Lw,2,DJM,FALSE
4600,ICHxm1,ICHxm1/104,Pli,3,Pl,3,DJM,FALSE
4601,ICHxm1,ICHxm1/104.1,Fdi,1,Fd,1,DJM,FALSE
4602,ICHxm1,ICHxm1/104.1,Lw,2,Lw,2,DJM,FALSE
4603,ICHxm1,ICHxm1/104.1,Pli,3,Pl,3,DJM,FALSE
4604,ICHxm1,ICHxm1/104.2,Fdi,1,Fd,1,DJM,FALSE
4605,ICHxm1,ICHxm1/104.2,Lw,2,Lw,2,DJM,FALSE
4606,ICHxm1,ICHxm1/104.2,Pli,3,Pl,3,DJM,FALSE
4607,ICHxm1,ICHxm1/110,Cw,1,Cw,1,DJM,FALSE
4608,ICHxm1,ICHxm1/110,Ep,1,Ep,2,DJM,FALSE
4609,ICHxm1,ICHxm1/110,Fdi,1,Fd,1,DJM,FALSE
4610,ICHxm1,ICHxm1/110,Lw,2,Lw,2,DJM,FALSE
4611,ICHxm1,ICHxm1/110,Pli,3,Pl,3,DJM,FALSE
4612,ICHxm1,ICHxm1/110,Sxw,2,Sx,2,DJM,FALSE
4613,ICHxm1,ICHxm1/111,Cw,1,Cw,1,DJM,FALSE
4614,ICHxm1,ICHxm1/111,Ep,2,Ep,2,DJM,FALSE
4615,ICHxm1,ICHxm1/111,Fdi,3,Fd,3,DJM,FALSE
4616,ICHxm1,ICHxm1/111,Sxw,2,Sx,2,DJM,FALSE
4617,ICHxm1,ICHxm1/112,Cw,2,Cw,2,DJM,FALSE
4618,ICHxm1,ICHxm1/112,Ep,2,Ep,2,DJM,FALSE
4619,ICHxm1,ICHxm1/112,Fdi,4,Fd,3,DJM,FALSE
4620,ICHxm1,ICHxm1/112,Sxw,2,Sx,2,DJM,FALSE
4621,ICHxw,ICHxw/101,At,2,At,3,DJM,FALSE
4622,ICHxw,ICHxw/101,Bg,2,Bg,2,DJM,FALSE
4623,ICHxw,ICHxw/101,Cw,2,Cw,2,DJM,FALSE
4624,ICHxw,ICHxw/101,Ep,2,Ep,2,DJM,FALSE
4625,ICHxw,ICHxw/101,Fdi,1,Fd,1,DJM,FALSE
4626,ICHxw,ICHxw/101,Hw,3,Hw,3,DJM,FALSE
4627,ICHxw,ICHxw/101,Lw,2,Lw,2,DJM,FALSE
4628,ICHxw,ICHxw/101,Pli,3,Pl,2,DJM,FALSE
4629,ICHxw,ICHxw/101,Pw,2,Pw,2,DJM,FALSE
4630,ICHxw,ICHxw/101,Pyi,3,Py,3,DJM,FALSE
4631,ICHxw,ICHxw/102,Ep,3,Ep,3,DJM,FALSE
4632,ICHxw,ICHxw/102,Fdi,1,Fd,1,DJM,FALSE
4633,ICHxw,ICHxw/102,Pyi,1,Py,1,DJM,FALSE
4634,ICHxw,ICHxw/103,At,2,At,2,DJM,FALSE
4635,ICHxw,ICHxw/103,Ep,2,Ep,2,DJM,FALSE
4636,ICHxw,ICHxw/103,Fdi,1,Fd,1,DJM,FALSE
4637,ICHxw,ICHxw/103,Lw,2,Lw,2,DJM,FALSE
4638,ICHxw,ICHxw/103,Pli,2,Pl,2,DJM,FALSE
4639,ICHxw,ICHxw/103,Pyi,1,Py,1,DJM,FALSE
4640,ICHxw,ICHxw/104,At,2,At,2,DJM,FALSE
4641,ICHxw,ICHxw/104,Bg,3,Bg,3,DJM,FALSE
4642,ICHxw,ICHxw/104,Cw,3,Cw,3,DJM,FALSE
4643,ICHxw,ICHxw/104,Ep,2,Ep,2,DJM,FALSE
4644,ICHxw,ICHxw/104,Fdi,1,Fd,1,DJM,FALSE
4645,ICHxw,ICHxw/104,Lw,2,Lw,2,DJM,FALSE
4646,ICHxw,ICHxw/104,Pli,2,Pl,2,DJM,FALSE
4647,ICHxw,ICHxw/104,Pw,3,Pw,3,DJM,FALSE
4648,ICHxw,ICHxw/104,Pyi,2,Py,2,DJM,FALSE
4649,ICHxw,ICHxw/110,Act,2,Ac,2,DJM,FALSE
4650,ICHxw,ICHxw/110,At,2,At,2,DJM,FALSE
4651,ICHxw,ICHxw/110,Bg,2,Bg,2,DJM,FALSE
4652,ICHxw,ICHxw/110,Cw,1,Cw,1,DJM,FALSE
4653,ICHxw,ICHxw/110,Ep,2,Ep,2,DJM,FALSE
4654,ICHxw,ICHxw/110,Fdi,2,Fd,2,DJM,FALSE
4655,ICHxw,ICHxw/110,Hw,1,Hw,1,DJM,FALSE
4656,ICHxw,ICHxw/110,Lw,2,Lw,2,DJM,FALSE
4657,ICHxw,ICHxw/110,Pw,2,Pw,2,DJM,FALSE
4658,ICHxw,ICHxw/110,Sxw,3,Sx,4,DJM,FALSE
4659,ICHxw,ICHxw/111,Act,2,Ac,2,DJM,FALSE
4660,ICHxw,ICHxw/111,At,3,At,3,DJM,FALSE
4661,ICHxw,ICHxw/111,Bg,2,Bg,2,DJM,FALSE
4662,ICHxw,ICHxw/111,Cw,1,Cw,1,DJM,FALSE
4663,ICHxw,ICHxw/111,Ep,2,Ep,2,DJM,FALSE
4664,ICHxw,ICHxw/111,Fdi,2,Fd,2,DJM,FALSE
4665,ICHxw,ICHxw/111,Hw,1,Hw,1,DJM,FALSE
4666,ICHxw,ICHxw/111,Lw,2,Lw,2,DJM,FALSE
4667,ICHxw,ICHxw/111,Pw,2,Pw,2,DJM,FALSE
4668,ICHxw,ICHxw/111,Sxw,3,Sx,3,DJM,FALSE
4669,ICHxw,ICHxw/112,Act,1,Ac,2,DJM,FALSE
4670,ICHxw,ICHxw/112,At,2,At,3,DJM,FALSE
4671,ICHxw,ICHxw/112,Cw,1,Cw,1,DJM,FALSE
4672,ICHxw,ICHxw/112,Hw,1,Hw,1,DJM,FALSE
4673,ICHxw,ICHxw/112,Pw,3,Pw,3,DJM,FALSE
4674,ICHxw,ICHxw/112,Sxw,1,Sx,1,DJM,FALSE
4675,ICHxw,ICHxw/113,Act,2,Ac,2,DJM,FALSE
4676,ICHxw,ICHxw/113,At,2,At,3,DJM,FALSE
4677,ICHxw,ICHxw/113,Cw,1,Cw,1,DJM,FALSE
4678,ICHxw,ICHxw/113,Ep,2,Ep,3,DJM,FALSE
4679,ICHxw,ICHxw/113,Hw,1,Hw,1,DJM,FALSE
4680,ICHxw,ICHxw/113,Pw,5,Pw,4,DJM,FALSE
4681,ICHxw,ICHxw/113,Sxw,1,Sx,1,DJM,FALSE
4682,ICHxw,ICHxw/Fm01,Act,NA,Ac,1,VC,FALSE
4683,ICHxwa,ICHxwa/Fm01,Act,NA,Ac,1,VC,FALSE
4684,IDFdh,IDFdh/Fm01,Act,NA,Ac,1,VC,FALSE
4685,IDFdh,IDFdh/Fm05,Act,NA,Ac,1,VC,FALSE
4686,IDFdh,IDFdh/Fm05,Fdi,NA,Fd,2,VC,FALSE
4687,IDFdh,IDFdh/Fm05,Ep,NA,Ep,3,VC,FALSE
4688,IDFdk3,IDFdk3/01,At,1,At,2,KI,FALSE
4689,IDFdk3,IDFdk3/01,Fdi,2,Fd,2,KI,FALSE
4690,IDFdk3,IDFdk3/01,Pli,1,Pl,2,KI,FALSE
4691,IDFdk3,IDFdk3/01,Sxw,3,Sx,3,KI,FALSE
4692,IDFdk3,IDFdk3/02,At,3,At,3,KI,FALSE
4693,IDFdk3,IDFdk3/02,Fdi,3,Fd,2,KI,FALSE
4694,IDFdk3,IDFdk3/02,Pli,4,Pl,3,KI,FALSE
4695,IDFdk3,IDFdk3/03,Fdi,3,Fd,3,KI,FALSE
4696,IDFdk3,IDFdk3/03,Pli,3,Pl,3,KI,FALSE
4697,IDFdk3,IDFdk3/03,At,4,At,4,KI,FALSE
4698,IDFdk3,IDFdk3/04,At,3,At,3,KI,FALSE
4699,IDFdk3,IDFdk3/04,Fdi,2,Fd,2,KI,FALSE
4700,IDFdk3,IDFdk3/04,Pli,3,Pl,3,KI,FALSE
4701,IDFdk3,IDFdk3/05,At,3,At,2,KI,FALSE
4702,IDFdk3,IDFdk3/05,Fdi,2,Fd,1,KI,FALSE
4703,IDFdk3,IDFdk3/05,Lw,3,Lw,3,WHM,TRUE
4704,IDFdk3,IDFdk3/05,Pli,2,Pl,2,KI,FALSE
4705,IDFdk3,IDFdk3/06,At,3,At,3,KI,FALSE
4706,IDFdk3,IDFdk3/06,Fdi,2,Fd,2,KI,FALSE
4707,IDFdk3,IDFdk3/06,Pli,1,Pl,2,KI,FALSE
4708,IDFdk3,IDFdk3/07,At,1,At,1,KI,FALSE
4709,IDFdk3,IDFdk3/07,Ep,2,Ep,2,KI,FALSE
4710,IDFdk3,IDFdk3/07,Fdi,1,Fd,2,KI,FALSE
4711,IDFdk3,IDFdk3/07,Lw,3,Lw,3,WHM,TRUE
4712,IDFdk3,IDFdk3/07,Pli,1,Pl,1,KI,FALSE
4713,IDFdk3,IDFdk3/07,Sxw,3,Sx,2,KI,FALSE
4714,IDFdk3,IDFdk3/07,Ac,4,Ac,4,KI,FALSE
4715,IDFdk3,IDFdk3/08,Act,3,Ac,2,KI,FALSE
4716,IDFdk3,IDFdk3/08,At,2,At,2,KI,FALSE
4717,IDFdk3,IDFdk3/08,Ep,2,Ep,2,KI,FALSE
4718,IDFdk3,IDFdk3/08,Fdi,2,Fd,2,KI,FALSE
4719,IDFdk3,IDFdk3/08,Pli,2,Pl,2,KI,FALSE
4720,IDFdk3,IDFdk3/08,Sxw,1,Sx,1,KI,FALSE
4721,IDFdk3,IDFdk3/09,Act,3,Ac,3,KI,FALSE
4722,IDFdk3,IDFdk3/09,Pli,3,Pl,3,KI,FALSE
4723,IDFdk3,IDFdk3/09,Sxw,2,Sx,2,KI,FALSE
4724,IDFdk4,IDFdk4/01,At,2,At,2,KI,FALSE
4725,IDFdk4,IDFdk4/01,Fdi,2,Fd,2,KI,FALSE
4726,IDFdk4,IDFdk4/01,Pli,1,Pl,1,KI,FALSE
4727,IDFdk4,IDFdk4/02,At,3,At,3,KI,FALSE
4728,IDFdk4,IDFdk4/02,Fdi,3,Fd,3,KI,FALSE
4729,IDFdk4,IDFdk4/02,Jr,2,Jr,2,KI,FALSE
4730,IDFdk4,IDFdk4/02,Pli,5,Pl,5,WHM,FALSE
4731,IDFdk4,IDFdk4/03,Fdi,2,Fd,2,KI,FALSE
4732,IDFdk4,IDFdk4/03,At,4,At,4,KI,FALSE
4733,IDFdk4,IDFdk4/04,At,5,At,4,KI,FALSE
4734,IDFdk4,IDFdk4/04,Fdi,2,Fd,2,KI,FALSE
4735,IDFdk4,IDFdk4/04,Jr,2,Jr,2,KI,FALSE
4736,IDFdk4,IDFdk4/04,Pli,5,Pl,5,WHM,FALSE
4737,IDFdk4,IDFdk4/05,At,3,At,3,KI,FALSE
4738,IDFdk4,IDFdk4/05,Fdi,1,Fd,1,KI,FALSE
4739,IDFdk4,IDFdk4/05,Pli,3,Pl,3,KI,FALSE
4740,IDFdk4,IDFdk4/06,At,3,At,3,KI,FALSE
4741,IDFdk4,IDFdk4/06,Fdi,3,Fd,3,KI,FALSE
4742,IDFdk4,IDFdk4/06,Pli,2,Pl,2,KI,FALSE
4743,IDFdk4,IDFdk4/06,Sxw,5,Sx,5,WHM,FALSE
4744,IDFdk4,IDFdk4/07,At,3,At,3,KI,FALSE
4745,IDFdk4,IDFdk4/07,Fdi,1,Fd,1,KI,FALSE
4746,IDFdk4,IDFdk4/07,Lw,3,Lw,3,WHM,TRUE
4747,IDFdk4,IDFdk4/07,Pli,2,Pl,2,KI,FALSE
4748,IDFdk4,IDFdk4/08,At,3,At,3,KI,FALSE
4749,IDFdk4,IDFdk4/08,Pli,2,Pl,2,KI,FALSE
4750,IDFdk4,IDFdk4/08,Sxw,2,Sx,2,KI,FALSE
4751,IDFdk4,IDFdk4/08,Fdi,4,Fd,4,KI,FALSE
4752,IDFdk4,IDFdk4/09,At,3,At,2,KI,FALSE
4753,IDFdk4,IDFdk4/09,Fdi,3,Fd,3,KI,FALSE
4754,IDFdk4,IDFdk4/09,Pli,2,Pl,2,KI,FALSE
4755,IDFdk4,IDFdk4/09,Sxw,1,Sx,1,KI,FALSE
4756,IDFdk4,IDFdk4/10,Pli,3,Pl,3,KI,FALSE
4757,IDFdk4,IDFdk4/10,Sxw,2,Sx,2,KI,FALSE
4758,IDFdk5,IDFdk5/101,At,2,At,1,WHM,FALSE
4759,IDFdk5,IDFdk5/Fm01,Act,NA,Ac,1,VC,FALSE
4760,IDFdk5,IDFdk5/Fm02,Act,NA,Ac,1,VC,FALSE
4761,IDFdk5,IDFdk5/Fm02,Sx,NA,Sx,2,VC,FALSE
4762,IDFdk5,IDFdk5/Fm07,Act,NA,Ac,1,VC,FALSE
4763,IDFdm1,IDFdm1/Fm01,Act,NA,Ac,1,VC,FALSE
4764,IDFdm1,IDFdm1/Fm05,Act,NA,Ac,1,VC,FALSE
4765,IDFdm1,IDFdm1/Fm05,Fdi,NA,Fd,2,VC,FALSE
4766,IDFdm1,IDFdm1/Fm05,Ep,NA,Ep,3,VC,FALSE
4767,IDFdw,IDFdw/101,At,NA,At,2,KI,FALSE
4768,IDFdw,IDFdw/101,Fdi,NA,Fd,2,KI,FALSE
4769,IDFdw,IDFdw/101,Pli,NA,Pl,1,KI,FALSE
4770,IDFdw,IDFdw/101,Ep,NA,Ep,3,KI,FALSE
4771,IDFdw,IDFdw/101,Bl,NA,Bl,3,KI,FALSE
4772,IDFdw,IDFdw/101,Cw,NA,Cw,4,KI,FALSE
4773,IDFdw,IDFdw/102,Pli,NA,Pl,3,KI,FALSE
4774,IDFdw,IDFdw/102,Fdi,NA,Fd,2,KI,FALSE
4775,IDFdw,IDFdw/102,Pa,NA,Pa,3,KI,FALSE
4776,IDFdw,IDFdw/103,Pli,NA,Pl,1,KI,FALSE
4777,IDFdw,IDFdw/103,Fdi,NA,Fd,3,KI,FALSE
4778,IDFdw,IDFdw/103,At,NA,At,2,KI,FALSE
4779,IDFdw,IDFdw/104,Fdi,NA,Fd,1,KI,FALSE
4780,IDFdw,IDFdw/104,Pli,NA,Pl,3,KI,FALSE
4781,IDFdw,IDFdw/104,At,NA,At,3,KI,FALSE
4782,IDFdw,IDFdw/105,Fdi,NA,Fd,2,KI,FALSE
4783,IDFdw,IDFdw/105,Pli,NA,Pl,1,KI,FALSE
4784,IDFdw,IDFdw/105,Bl,NA,Bl,2,KI,FALSE
4785,IDFdw,IDFdw/105,At,NA,At,3,KI,FALSE
4786,IDFdw,IDFdw/105,Sxw,NA,Sx,3,KI,FALSE
4787,IDFdw,IDFdw/110,Fdi,NA,Fd,2,KI,FALSE
4788,IDFdw,IDFdw/110,Pli,NA,Pl,1,KI,FALSE
4789,IDFdw,IDFdw/110,Sxw,NA,Sx,3,KI,FALSE
4790,IDFdw,IDFdw/110,At,NA,At,1,KI,FALSE
4791,IDFdw,IDFdw/110,Act,NA,Act,2,KI,FALSE
4792,IDFdw,IDFdw/110,Bl,NA,Bl,3,KI,FALSE
4793,IDFdw,IDFdw/110,Ep,NA,Ep,2,KI,FALSE
4794,IDFdw,IDFdw/111,Sxw,NA,Sx,1,KI,FALSE
4795,IDFdw,IDFdw/111,Bl,NA,Bl,3,KI,FALSE
4796,IDFdw,IDFdw/111,Ep,NA,Ep,3,KI,FALSE
4797,IDFdw,IDFdw/111,Pli,NA,Pl,2,KI,FALSE
4798,IDFdw,IDFdw/111,Fdi,NA,Fd,4,KI,FALSE
4799,IDFdw,IDFdw/111,Fdi,NA,Fd,4,KI,FALSE
4800,IDFdw,IDFdw/111,Fdi,NA,Fd,3,KI,FALSE
4801,IDFdw,IDFdw/111,Fdi,NA,Fd,3,KI,FALSE
4802,IDFdw,IDFdw/111,At,NA,At,3,KI,FALSE
4803,IDFdw,IDFdw/111,Act,NA,Act,3,KI,FALSE
4804,IDFdw,IDFdw/111,Fdi,NA,Fd,4,KI,FALSE
4805,IDFdw,IDFdw/111,Fdi,NA,Fd,4,KI,FALSE
4806,IDFdw,IDFdw/111,Fdi,NA,Fd,3,KI,FALSE
4807,IDFdw,IDFdw/111,Fdi,NA,Fd,3,KI,FALSE
4808,IDFdw,IDFdw/112,Fdi,NA,Fd,2,KI,FALSE
4809,IDFdw,IDFdw/112,Sxw,NA,Sx,2,KI,FALSE
4810,IDFdw,IDFdw/112,Bl,NA,Bl,2,KI,FALSE
4811,IDFdw,IDFdw/112,Cw,NA,Cw,3,KI,FALSE
4812,IDFdw,IDFdw/112,At,NA,At,3,KI,FALSE
4813,IDFdw,IDFdw/112,Ep,NA,Ep,2,KI,FALSE
4814,IDFdw,IDFdw/112,Act,NA,Act,2,KI,FALSE
4815,IDFdw,IDFdw/112,Pli,NA,Pl,3,KI,FALSE
4816,IDFdw,IDFdw/113,Sxw,NA,Sx,2,KI,FALSE
4817,IDFdw,IDFdw/113,Bl,NA,Bl,3,KI,FALSE
4818,IDFdw,IDFdw/113,At,NA,At,4,KI,FALSE
4819,IDFdw,IDFdw/113,Act,NA,Act,3,KI,FALSE
4820,IDFdw,IDFdw/Fm02,Act,NA,Ac,1,VC,FALSE
4821,IDFdw,IDFdw/Fm02,Sx,NA,Sx,1,VC,FALSE
4822,IDFww,IDFww/101,Fdc,1,Fd,1,DVM,FALSE
4823,IDFww,IDFww/101,Plc,2,Pl,2,DVM,FALSE
4824,IDFww,IDFww/101,Cw,3,Cw,3,DVM,FALSE
4825,IDFww,IDFww/101,Ep,3,Ep,3,DVM,FALSE
4826,IDFww,IDFww/101,Hw,3,Hw,3,DVM,FALSE
4827,IDFww,IDFww/101,Lw,3,Lw,3,SAS-HAK,FALSE
4828,IDFww,IDFww/101,Pyc,4,Py,3,DVM,FALSE
4829,IDFww,IDFww/101,Pw,4,Pw,4,DVM,FALSE
4830,IDFww,IDFww/101,Ac,3,Ac,5,DVM,FALSE
4831,IDFww,IDFww/101,Mb,3,Mb,5,DVM,FALSE
4832,IDFww,IDFww/101,Sx,5,Sx,5,DVM,FALSE
4833,IDFww,IDFww/101.1,Fdc,1,Fd,1,DVM,FALSE
4834,IDFww,IDFww/101.1,Plc,2,Pl,2,DVM,FALSE
4835,IDFww,IDFww/101.1,Cw,3,Cw,3,DVM,FALSE
4836,IDFww,IDFww/101.1,Ep,3,Ep,3,DVM,FALSE
4837,IDFww,IDFww/101.1,Hw,3,Hw,3,DVM,FALSE
4838,IDFww,IDFww/101.1,Lw,3,Lw,3,SAS-HAK,FALSE
4839,IDFww,IDFww/101.1,Pyc,4,Py,3,DVM,FALSE
4840,IDFww,IDFww/101.1,Pw,4,Pw,4,DVM,FALSE
4841,IDFww,IDFww/101.1,Ac,3,Ac,5,DVM,FALSE
4842,IDFww,IDFww/101.1,Mb,3,Mb,5,DVM,FALSE
4843,IDFww,IDFww/101.1,Sx,5,Sx,5,DVM,FALSE
4844,IDFww,IDFww/101.2,Cw,3,Cw,1,DVM,FALSE
4845,IDFww,IDFww/101.2,Fdc,1,Fd,1,DVM,FALSE
4846,IDFww,IDFww/101.2,Ep,3,Ep,2,DVM,FALSE
4847,IDFww,IDFww/101.2,Plc,2,Pl,2,DVM,FALSE
4848,IDFww,IDFww/101.2,Ac,3,Ac,3,DVM,FALSE
4849,IDFww,IDFww/101.2,Hw,3,Hw,3,DVM,FALSE
4850,IDFww,IDFww/101.2,Lw,3,Lw,3,DVM,FALSE
4851,IDFww,IDFww/101.2,Pyc,4,Py,3,DVM,FALSE
4852,IDFww,IDFww/101.2,Bg,NA,Bg,3,DVM,FALSE
4853,IDFww,IDFww/101.2,Pw,4,Pw,4,DVM,FALSE
4854,IDFww,IDFww/101.2,Mb,3,Mb,5,DVM,FALSE
4855,IDFww,IDFww/101.2,Sx,5,Sx,5,DVM,FALSE
4856,IDFww,IDFww/102,Fdc,3,Fd,2,DVM,FALSE
4857,IDFww,IDFww/102,Pyc,4,Py,3,DVM,FALSE
4858,IDFww,IDFww/102,Bl,3,Bl,5,DVM,FALSE
4859,IDFww,IDFww/102,Cw,3,Cw,5,DVM,FALSE
4860,IDFww,IDFww/102,Lw,5,Lw,5,DVM,FALSE
4861,IDFww,IDFww/102,Mb,5,Mb,5,DVM,FALSE
4862,IDFww,IDFww/102,Plc,1,Pl,5,DVM,FALSE
4863,IDFww,IDFww/102,Sx,3,Sx,5,DVM,FALSE
4864,IDFww,IDFww/103,Fdc,2,Fd,1,DVM,FALSE
4865,IDFww,IDFww/103,Pyc,4,Py,2,DVM,FALSE
4866,IDFww,IDFww/103,Ac,3,Ac,3,DVM,FALSE
4867,IDFww,IDFww/103,Ep,3,Ep,3,DVM,FALSE
4868,IDFww,IDFww/103,Lw,3,Lw,3,SAS-HAK,FALSE
4869,IDFww,IDFww/103,Mb,3,Mb,3,DVM,FALSE
4870,IDFww,IDFww/103,Cw,2,Cw,5,DVM,FALSE
4871,IDFww,IDFww/103,Plc,1,Pl,5,DVM,FALSE
4872,IDFww,IDFww/103,Sx,3,Sx,5,DVM,FALSE
4873,IDFww,IDFww/104,Fdc,2,Fd,1,DVM,FALSE
4874,IDFww,IDFww/104,Ac,3,Ac,3,DVM,FALSE
4875,IDFww,IDFww/104,Ep,3,Ep,3,DVM,FALSE
4876,IDFww,IDFww/104,Lw,3,Lw,3,SAS-HAK,FALSE
4877,IDFww,IDFww/104,Mb,3,Mb,3,DVM,FALSE
4878,IDFww,IDFww/104,Plc,1,Pl,3,DVM,FALSE
4879,IDFww,IDFww/104,Pyc,4,Py,3,DVM,FALSE
4880,IDFww,IDFww/104,Cw,2,Cw,5,DVM,FALSE
4881,IDFww,IDFww/104,Sx,3,Sx,5,DVM,FALSE
4882,IDFww,IDFww/110,Cw,3,Cw,1,DVM,FALSE
4883,IDFww,IDFww/110,Fdc,1,Fd,1,DVM,FALSE
4884,IDFww,IDFww/110,Ep,3,Ep,2,DVM,FALSE
4885,IDFww,IDFww/110,Ac,3,Ac,3,DVM,FALSE
4886,IDFww,IDFww/110,Bg,NA,Bg,3,DVM,FALSE
4887,IDFww,IDFww/110,Lw,3,Lw,3,SAS-HAK,FALSE
4888,IDFww,IDFww/110,Mb,2,Mb,3,DVM,FALSE
4889,IDFww,IDFww/110,Plc,3,Pl,3,DVM,FALSE
4890,IDFww,IDFww/110,Pw,4,Pw,4,DVM,FALSE
4891,IDFww,IDFww/110,Pyc,4,Py,5,DVM,FALSE
4892,IDFww,IDFww/110,Sx,2,Sx,5,DVM,FALSE
4893,IDFww,IDFww/111,Ac,1,Ac,1,DVM,FALSE
4894,IDFww,IDFww/111,Sx,3,Sx,1,DVM,FALSE
4895,IDFww,IDFww/111,Ep,3,Ep,2,DVM,FALSE
4896,IDFww,IDFww/111,Fdc,2,Fd,2,DVM,FALSE
4897,IDFww,IDFww/111,Lw,3,Lw,3,SAS-HAK,FALSE
4898,IDFww,IDFww/111,Mb,2,Mb,3,DVM,FALSE
4899,IDFww,IDFww/111,Bg,3,Bg,5,DVM,FALSE
4900,IDFww,IDFww/111,Cw,1,Cw,5,DVM,FALSE
4901,IDFww,IDFww/111,Hw,3,Hw,5,DVM,FALSE
4902,IDFww,IDFww/111,Ss,5,Ss,5,DVM,FALSE
4903,IDFww,IDFww/112,Ac,1,Ac,1,DVM,FALSE
4904,IDFww,IDFww/112,Cw,1,Cw,1,DVM,FALSE
4905,IDFww,IDFww/112,Ep,3,Ep,2,DVM,FALSE
4906,IDFww,IDFww/112,Bg,3,Bg,3,DVM,FALSE
4907,IDFww,IDFww/112,Fdc,2,Fd,3,DVM,FALSE
4908,IDFww,IDFww/112,Lw,3,Lw,3,SAS-HAK,FALSE
4909,IDFww,IDFww/112,Mb,2,Mb,3,DVM,FALSE
4910,IDFww,IDFww/112,Sx,3,Sx,3,DVM,FALSE
4911,IDFww,IDFww/112,Hw,3,Hw,5,DVM,FALSE
4912,IDFww,IDFww/112,Ss,5,Ss,5,DVM,FALSE
4913,IDFww,IDFww/Fl,Ac,NA,Ac,1,DVM,FALSE
4914,IDFww,IDFww/Fm01,Ac,NA,Ac,1,DVM,FALSE
4915,IDFww,IDFww/Fm01,Sxw,NA,Sx,3,DVM,FALSE
4916,IDFww,IDFww/Fm02,Ac,NA,Ac,1,DVM,FALSE
4917,IDFww,IDFww/Fm02,Bl,NA,Bl,3,DVM,FALSE
4918,IDFww,IDFww/Fm02,Sxw,NA,Sx,3,DVM,FALSE
4919,IDFww,IDFww/Ro,X,NA,X,NA,VC,FALSE
4920,IDFxk,IDFxk/Fm01,Act,NA,Ac,1,VC,FALSE
4921,IDFxk,IDFxk/Fm02,Act,NA,Ac,1,VC,FALSE
4922,IDFxk,IDFxk/Fm02,Sx,NA,Sx,2,VC,FALSE
4923,IDFxk,IDFxk/Fm07,Act,NA,Ac,1,VC,FALSE
4924,IDFxm,IDFxm/01,At,1,At,1,KI,FALSE
4925,IDFxm,IDFxm/01,Fdi,2,Fd,2,KI,FALSE
4926,IDFxm,IDFxm/01,Pli,2,Pl,2,KI,FALSE
4927,IDFxm,IDFxm/01a,At,2,At,2,KI,FALSE
4928,IDFxm,IDFxm/01a,Fdi,2,Fd,2,KI,FALSE
4929,IDFxm,IDFxm/01b,At,2,At,2,KI,FALSE
4930,IDFxm,IDFxm/01b,Fdi,3,Fd,3,KI,FALSE
4931,IDFxm,IDFxm/01b,Pli,1,Pl,2,KI,FALSE
4932,IDFxm,IDFxm/02,Fdi,3,Fd,3,KI,FALSE
4933,IDFxm,IDFxm/02a,Fdi,3,Fd,3,KI,FALSE
4934,IDFxm,IDFxm/02b,Fdi,3,Fd,3,KI,FALSE
4935,IDFxm,IDFxm/03,Fdi,3,Fd,3,KI,FALSE
4936,IDFxm,IDFxm/03,Pli,2,Pl,2,KI,FALSE
4937,IDFxm,IDFxm/04,At,3,At,3,KI,FALSE
4938,IDFxm,IDFxm/04,Fdi,3,Fd,2,KI,FALSE
4939,IDFxm,IDFxm/05,At,3,At,3,KI,FALSE
4940,IDFxm,IDFxm/05,Fdi,2,Fd,2,KI,FALSE
4941,IDFxm,IDFxm/05,Pli,4,Pl,4,KI,FALSE
4942,IDFxm,IDFxm/06,At,2,At,2,KI,FALSE
4943,IDFxm,IDFxm/06,Fdi,2,Fd,2,KI,FALSE
4944,IDFxm,IDFxm/06,Pli,4,Pl,4,KI,FALSE
4945,IDFxm,IDFxm/07,At,2,At,2,KI,FALSE
4946,IDFxm,IDFxm/07,Ep,2,Ep,2,KI,FALSE
4947,IDFxm,IDFxm/07,Fdi,1,Fd,1,KI,FALSE
4948,IDFxm,IDFxm/08,Act,3,Ac,2,KI,FALSE
4949,IDFxm,IDFxm/08,At,2,At,2,KI,FALSE
4950,IDFxm,IDFxm/08,Fdi,2,Fd,2,KI,FALSE
4951,IDFxm,IDFxm/08,Pli,3,Pl,3,KI,FALSE
4952,IDFxm,IDFxm/08,Sxw,1,Sx,1,KI,FALSE
4953,IDFxm,IDFxm/09,Act,3,Ac,3,KI,FALSE
4954,IDFxm,IDFxm/09,At,3,At,3,KI,FALSE
4955,IDFxm,IDFxm/09,Pli,2,Pl,3,KI,FALSE
4956,IDFxm,IDFxm/09,Sxw,2,Sx,2,KI,FALSE
4957,IDFxm,IDFxm/10,At,NA,At,1,VC,FALSE
4958,IDFxw,IDFxw/01,At,3,At,3,KI,FALSE
4959,IDFxw,IDFxw/01,Fdi,1,Fd,2,KI,FALSE
4960,IDFxw,IDFxw/01,Pyi,2,Py,2,KI,FALSE
4961,IDFxw,IDFxw/02,Fdi,3,Fd,3,KI,FALSE
4962,IDFxw,IDFxw/02,Pyi,3,Py,3,KI,FALSE
4963,IDFxw,IDFxw/03,Fdi,3,Fd,3,KI,FALSE
4964,IDFxw,IDFxw/03,Pyi,3,Py,3,KI,FALSE
4965,IDFxw,IDFxw/04,At,3,At,3,KI,FALSE
4966,IDFxw,IDFxw/04,Fdi,3,Fd,3,KI,FALSE
4967,IDFxw,IDFxw/04,Pyi,2,Py,3,KI,FALSE
4968,IDFxw,IDFxw/05,At,3,At,3,KI,FALSE
4969,IDFxw,IDFxw/05,Fdi,1,Fd,1,KI,FALSE
4970,IDFxw,IDFxw/05,Pyi,4,Py,3,KI,FALSE
4971,IDFxw,IDFxw/06,Act,3,Ac,2,KI,FALSE
4972,IDFxw,IDFxw/06,At,3,At,2,KI,FALSE
4973,IDFxw,IDFxw/06,Ep,3,Ep,3,KI,FALSE
4974,IDFxw,IDFxw/06,Fdi,1,Fd,1,KI,FALSE
4975,IDFxw,IDFxw/06,Sxw,1,Sx,1,KI,FALSE
4976,IDFxw,IDFxw/07,Act,3,Ac,3,KI,FALSE
4977,IDFxw,IDFxw/07,At,3,At,3,KI,FALSE
4978,IDFxw,IDFxw/07,Ep,3,Ep,2,KI,FALSE
4979,IDFxw,IDFxw/07,Fdi,2,Fd,2,KI,FALSE
4980,IDFxw,IDFxw/07,Sxw,1,Sx,1,KI,FALSE
4981,IDFxx2,IDFxx2/Fm01,Act,NA,Ac,1,VC,FALSE
4982,IDFxx2,IDFxx2/Fm02,Act,NA,Ac,1,VC,FALSE
4983,IDFxx2,IDFxx2/Fm02,Sx,NA,Sx,2,VC,FALSE
4984,IDFxx2,IDFxx2/Fm07,Act,NA,Ac,1,VC,FALSE
4985,MHmm1,MHmm1/101,Ba,1,Ba,1,BG,FALSE
4986,MHmm1,MHmm1/101,Hm,1,Hm,1,BG,FALSE
4987,MHmm1,MHmm1/101,Yc,1,Yc,1,BG,FALSE
4988,MHmm1,MHmm1/101,Hw,3,Hw,3,BG,FALSE
4989,MHmm1,MHmm1/101,Ss,3,Ss,4,BG,FALSE
4990,MHmm1,MHmm1/101,Bp,4,Bp,4,BG,TRUE
4991,MHmm1,MHmm1/101,Sxw,NA,Sx,4,BG,FALSE
4992,MHmm1,MHmm1/101,Cw,5,Cw,5,BG,FALSE
4993,MHmm1,MHmm1/101,Fdc,5,Fd,5,BG,FALSE
4994,MHmm1,MHmm1/101a,Ba,1,Ba,1,BG,FALSE
4995,MHmm1,MHmm1/101a,Hm,1,Hm,1,BG,FALSE
4996,MHmm1,MHmm1/101a,Yc,1,Yc,1,BG,FALSE
4997,MHmm1,MHmm1/101a,Hw,3,Hw,3,BG,FALSE
4998,MHmm1,MHmm1/101a,Ss,3,Ss,3,BG,FALSE
4999,MHmm1,MHmm1/101a,Bp,4,Bp,4,BG,TRUE
5000,MHmm1,MHmm1/101a,Sxw,NA,Sx,4,BG,FALSE
5001,MHmm1,MHmm1/101a,Cw,5,Cw,5,BG,FALSE
5002,MHmm1,MHmm1/101a,Fdc,5,Fd,5,BG,FALSE
5003,MHmm1,MHmm1/101b,Ba,1,Ba,2,BG,FALSE
5004,MHmm1,MHmm1/101b,Hm,1,Hm,2,BG,FALSE
5005,MHmm1,MHmm1/101b,Yc,1,Yc,2,BG,FALSE
5006,MHmm1,MHmm1/101b,Hw,3,Hw,3,BG,FALSE
5007,MHmm1,MHmm1/101b,Ss,3,Ss,4,BG,FALSE
5008,MHmm1,MHmm1/101b,Bp,4,Bp,4,BG,TRUE
5009,MHmm1,MHmm1/101b,Sxw,NA,Sx,4,BG,FALSE
5010,MHmm1,MHmm1/101b,Cw,5,Cw,5,BG,FALSE
5011,MHmm1,MHmm1/101b,Fdc,5,Fd,5,BG,FALSE
5012,MHmm1,MHmm1/102,Ba,2,Ba,3,BG,FALSE
5013,MHmm1,MHmm1/102,Hm,3,Hm,3,BG,FALSE
5014,MHmm1,MHmm1/102,Hw,NA,Hw,4,BG,FALSE
5015,MHmm1,MHmm1/102,Yc,2,Yc,3,BG,FALSE
5016,MHmm1,MHmm1/102,Ss,4,Ss,5,BG,FALSE
5017,MHmm1,MHmm1/102,Sxw,NA,Sx,5,BG,FALSE
5018,MHmm1,MHmm1/103,Ba,NA,Ba,3,BG,FALSE
5019,MHmm1,MHmm1/103,Hm,NA,Hm,3,BG,FALSE
5020,MHmm1,MHmm1/103,Yc,NA,Yc,3,BG,FALSE
5021,MHmm1,MHmm1/103,Hw,NA,Hw,4,SAS-HAK,FALSE
5022,MHmm1,MHmm1/103,Sx,NA,Sx,4,SAS-HAK,FALSE
5023,MHmm1,MHmm1/104,Ba,NA,Ba,2,BG,FALSE
5024,MHmm1,MHmm1/104,Hm,NA,Hm,2,BG,FALSE
5025,MHmm1,MHmm1/104,Yc,NA,Yc,2,BG,FALSE
5026,MHmm1,MHmm1/104,Hw,NA,Hw,4,SAS-HAK,FALSE
5027,MHmm1,MHmm1/104,Ss,NA,Ss,4,SAS-HAK,FALSE
5028,MHmm1,MHmm1/104,Sx,NA,Sx,4,SAS-HAK,FALSE
5029,MHmm1,MHmm1/110,Ba,1,Ba,1,BG,FALSE
5030,MHmm1,MHmm1/110,Hm,1,Hm,2,BG,FALSE
5031,MHmm1,MHmm1/110,Yc,1,Yc,2,BG,FALSE
5032,MHmm1,MHmm1/110,Hw,3,Hw,3,BG,FALSE
5033,MHmm1,MHmm1/110,Bp,4,Bp,4,BG,TRUE
5034,MHmm1,MHmm1/110,Ss,4,Ss,4,BG,FALSE
5035,MHmm1,MHmm1/110,Sxw,NA,Sx,4,BG,FALSE
5036,MHmm1,MHmm1/111,Hm,1,Hm,1,BG,FALSE
5037,MHmm1,MHmm1/111,Yc,1,Yc,1,BG,FALSE
5038,MHmm1,MHmm1/111,Ba,1,Ba,2,BG,FALSE
5039,MHmm1,MHmm1/111,Hw,3,Hw,3,BG,FALSE
5040,MHmm1,MHmm1/111,Bp,4,Bp,5,BG,TRUE
5041,MHmm1,MHmm1/111,Ss,NA,Ss,4,SAS-HAK,FALSE
5042,MHmm1,MHmm1/111,Sx,NA,Sx,4,SAS-HAK,FALSE
5043,MHmm1,MHmm1/112,Ba,1,Ba,1,BG,FALSE
5044,MHmm1,MHmm1/112,Yc,1,Yc,1,BG,FALSE
5045,MHmm1,MHmm1/112,Hm,2,Hm,2,BG,FALSE
5046,MHmm1,MHmm1/112,Hw,3,Hw,3,BG,FALSE
5047,MHmm1,MHmm1/112,Bp,4,Bp,4,BG,TRUE
5048,MHmm1,MHmm1/112,Ss,NA,Ss,4,BG,FALSE
5049,MHmm1,MHmm1/112,Sxw,NA,Sx,4,BG,FALSE
5050,MHmm1,MHmm1/Wb5X,Ba,3,Ba,3,BG,FALSE
5051,MHmm1,MHmm1/Wb5X,Hm,3,Hm,3,BG,FALSE
5052,MHmm1,MHmm1/Wb5X,Hw,3,Hw,3,BG,FALSE
5053,MHmm1,MHmm1/Wb5X,Yc,2,Yc,3,BG,FALSE
5054,MHmm1,MHmm1/Ws55.1,Ba,3,Ba,3,BG,FALSE
5055,MHmm1,MHmm1/Ws55.1,Hm,3,Hm,3,BG,FALSE
5056,MHmm1,MHmm1/Ws55.1,Hw,3,Hw,3,BG,FALSE
5057,MHmm1,MHmm1/Ws55.1,Yc,2,Yc,3,BG,FALSE
5058,MHmm2,MHmm2/101,Ba,2,Ba,1,BG,FALSE
5059,MHmm2,MHmm2/101,Hm,1,Hm,1,BG,FALSE
5060,MHmm2,MHmm2/101,Bl,3,Bl,2,BG,FALSE
5061,MHmm2,MHmm2/101,Hw,3,Hw,3,BG,FALSE
5062,MHmm2,MHmm2/101,Sxw,NA,Sx,3,BG,FALSE
5063,MHmm2,MHmm2/101,Yc,3,Yc,3,BG,FALSE
5064,MHmm2,MHmm2/101,Bp,4,Bp,4,BG,TRUE
5065,MHmm2,MHmm2/101,Cw,5,Cw,5,BG,FALSE
5066,MHmm2,MHmm2/101,Fdc,5,Fd,5,BG,FALSE
5067,MHmm2,MHmm2/101,Sxl,3,Ss,5,BG,FALSE
5068,MHmm2,MHmm2/101a,Yc,3,Yc,4,BG,FALSE
5069,MHmm2,MHmm2/101a,Ba,2,Ba,1,BG,FALSE
5070,MHmm2,MHmm2/101a,Hm,1,Hm,1,BG,FALSE
5071,MHmm2,MHmm2/101a,Bl,3,Bl,2,BG,FALSE
5072,MHmm2,MHmm2/101a,Hw,3,Hw,3,BG,FALSE
5073,MHmm2,MHmm2/101a,Sxw,NA,Sx,3,BG,FALSE
5074,MHmm2,MHmm2/101a,Bp,4,Bp,4,BG,TRUE
5075,MHmm2,MHmm2/101a,Cw,5,Cw,5,BG,FALSE
5076,MHmm2,MHmm2/101a,Fdc,5,Fd,5,BG,FALSE
5077,MHmm2,MHmm2/101a,Sxl,3,Ss,5,BG,FALSE
5078,MHmm2,MHmm2/101b,Yc,3,Yc,4,BG,FALSE
5079,MHmm2,MHmm2/101b,Ba,2,Ba,1,BG,FALSE
5080,MHmm2,MHmm2/101b,Hm,1,Hm,1,BG,FALSE
5081,MHmm2,MHmm2/101b,Bl,3,Bl,2,BG,FALSE
5082,MHmm2,MHmm2/101b,Hw,3,Hw,3,BG,FALSE
5083,MHmm2,MHmm2/101b,Sxw,NA,Sx,3,BG,FALSE
5084,MHmm2,MHmm2/101b,Bp,4,Bp,4,BG,TRUE
5085,MHmm2,MHmm2/101b,Cw,5,Cw,5,BG,FALSE
5086,MHmm2,MHmm2/101b,Fdc,5,Fd,5,BG,FALSE
5087,MHmm2,MHmm2/101b,Sxl,3,Ss,5,BG,FALSE
5088,MHmm2,MHmm2/102,Yc,3,Yc,4,BG,FALSE
5089,MHmm2,MHmm2/102,Hm,2,Hm,2,BG,FALSE
5090,MHmm2,MHmm2/102,Ba,2,Ba,3,BG,FALSE
5091,MHmm2,MHmm2/102,Bl,3,Bl,3,BG,FALSE
5092,MHmm2,MHmm2/102,Hw,3,Hw,3,BG,FALSE
5093,MHmm2,MHmm2/102,Sxw,NA,Sx,3,BG,FALSE
5094,MHmm2,MHmm2/102,Sxl,2,Ss,5,BG,FALSE
5095,MHmm2,MHmm2/103,Yc,NA,Yc,4,BG,FALSE
5096,MHmm2,MHmm2/103,Ba,NA,Ba,1,BG,FALSE
5097,MHmm2,MHmm2/103,Hm,NA,Hm,1,BG,FALSE
5098,MHmm2,MHmm2/103,Bl,NA,Bl,2,BG,FALSE
5099,MHmm2,MHmm2/103,Hw,NA,Hw,3,BG,FALSE
5100,MHmm2,MHmm2/103,,NA,Sx,3,BG,FALSE
5101,MHmm2,MHmm2/110,Yc,3,Yc,4,BG,FALSE
5102,MHmm2,MHmm2/110,Ba,2,Ba,1,BG,FALSE
5103,MHmm2,MHmm2/110,Hm,1,Hm,2,BG,FALSE
5104,MHmm2,MHmm2/110,Sxw,NA,Sx,2,BG,FALSE
5105,MHmm2,MHmm2/110,Bl,3,Bl,3,BG,FALSE
5106,MHmm2,MHmm2/110,Hw,3,Hw,3,BG,FALSE
5107,MHmm2,MHmm2/110,Bp,4,Bp,4,BG,TRUE
5108,MHmm2,MHmm2/110,Sxl,1,Ss,5,BG,FALSE
5109,MHmm2,MHmm2/111,Yc,2,Yc,4,BG,FALSE
5110,MHmm2,MHmm2/111,Hm,1,Hm,1,BG,FALSE
5111,MHmm2,MHmm2/111,Ba,2,Ba,2,BG,FALSE
5112,MHmm2,MHmm2/111,Bl,3,Bl,3,BG,FALSE
5113,MHmm2,MHmm2/111,Hw,3,Hw,3,BG,FALSE
5114,MHmm2,MHmm2/112,Yc,2,Yc,4,BG,FALSE
5115,MHmm2,MHmm2/112,Ba,2,Ba,1,BG,FALSE
5116,MHmm2,MHmm2/112,Hm,2,Hm,2,BG,FALSE
5117,MHmm2,MHmm2/112,Sxw,NA,Sx,2,BG,FALSE
5118,MHmm2,MHmm2/112,Bl,3,Bl,3,BG,FALSE
5119,MHmm2,MHmm2/112,Hw,3,Hw,3,BG,FALSE
5120,MHmm2,MHmm2/112,Bp,4,Bp,4,BG,TRUE
5121,MHmm2,MHmm2/112,Sxl,1,Ss,5,BG,FALSE
5122,MHmm2,MHmm2/113,Yc,3,Yc,4,BG,FALSE
5123,MHmm2,MHmm2/113,Ba,2,Ba,2,BG,FALSE
5124,MHmm2,MHmm2/113,Hm,2,Hm,2,BG,FALSE
5125,MHmm2,MHmm2/113,Sxw,NA,Sx,2,BG,FALSE
5126,MHmm2,MHmm2/113,Hw,3,Hw,3,BG,FALSE
5127,MHmm2,MHmm2/113,Sxl,1,Ss,5,BG,FALSE
5128,MHmm2,MHmm2/Wb5X,Ba,3,Ba,3,BG,FALSE
5129,MHmm2,MHmm2/Wb5X,Hm,3,Hm,3,BG,FALSE
5130,MHmm2,MHmm2/Wb5X,Hw,3,Hw,3,BG,FALSE
5131,MHmm2,MHmm2/Wb5X,Yc,2,Yc,3,BG,FALSE
5132,MHmm2,MHmm2/Wb5X,Bl,5,Bl,5,BG,FALSE
5133,MHmm2,MHmm2/Ws55.1,Ba,3,Ba,3,BG,FALSE
5134,MHmm2,MHmm2/Ws55.1,Hm,3,Hm,3,BG,FALSE
5135,MHmm2,MHmm2/Ws55.1,Hw,3,Hw,3,BG,FALSE
5136,MHmm2,MHmm2/Ws55.1,Sxw,NA,Sx,3,BG,FALSE
5137,MHmm2,MHmm2/Ws55.1,Yc,3,Yc,3,BG,FALSE
5138,MHmm2,MHmm2/Ws55.1,Sxl,3,Ss,5,BG,FALSE
5139,MHmmp,MHmmp/h,Hm,3,Hm,3,BG,FALSE
5140,MHmmp,MHmmp/m,Hm,3,Hm,3,BG,FALSE
5141,MHmmp,MHmmp/x,Hm,3,Hm,3,BG,FALSE
5142,MHms,MHms/101,Bl,NA,Bl,1,BG,FALSE
5143,MHms,MHms/101,Hm,NA,Hm,1,BG,FALSE
5144,MHms,MHms/101,Hw,NA,Hw,3,BG,FALSE
5145,MHms,MHms/101,Ba,NA,Ba,4,BG,FALSE
5146,MHms,MHms/102,Ba,NA,Ba,3,BG,FALSE
5147,MHms,MHms/102,Bl,NA,Bl,3,BG,FALSE
5148,MHms,MHms/102,Hm,NA,Hm,3,BG,FALSE
5149,MHms,MHms/102,Hw,NA,Hw,5,BG,FALSE
5150,MHms,MHms/103,Bl,NA,Bl,1,BG,FALSE
5151,MHms,MHms/103,Hm,NA,Hm,1,BG,FALSE
5152,MHms,MHms/103,Hw,NA,Hw,3,BG,FALSE
5153,MHms,MHms/103,Ba,NA,Ba,4,BG,FALSE
5154,MHms,MHms/104,Bl,NA,Bl,1,BG,FALSE
5155,MHms,MHms/104,Hm,NA,Hm,1,BG,FALSE
5156,MHms,MHms/104,Hw,NA,Hw,3,BG,FALSE
5157,MHms,MHms/104,Ba,NA,Ba,4,BG,FALSE
5158,MHms,MHms/110,Bl,NA,Bl,1,BG,FALSE
5159,MHms,MHms/110,Hm,NA,Hm,2,BG,FALSE
5160,MHms,MHms/110,Hw,NA,Hw,3,BG,FALSE
5161,MHms,MHms/110,Ba,NA,Ba,4,BG,FALSE
5162,MHms,MHms/111,Bl,NA,Bl,2,BG,FALSE
5163,MHms,MHms/111,Hm,NA,Hm,2,BG,FALSE
5164,MHms,MHms/111,Ba,NA,Ba,4,BG,FALSE
5165,MHms,MHms/111,Hw,NA,Hw,5,BG,FALSE
5166,MHms,MHms/112,Bl,NA,Bl,3,BG,FALSE
5167,MHms,MHms/112,Hm,NA,Hm,3,BG,FALSE
5168,MHms,MHms/112,Ba,NA,Ba,4,BG,FALSE
5169,MHms,MHms/112,Hw,NA,Hw,5,BG,FALSE
5170,MHmsp,MHmsp/h,Bl,NA,Bl,2,SAS-HAK,FALSE
5171,MHmsp,MHmsp/h,Hm,NA,Hm,2,SAS-HAK,FALSE
5172,MHmsp,MHmsp/h,Ba,NA,Ba,3,SAS-HAK,FALSE
5173,MHmsp,MHmsp/h,Hw,NA,Hw,5,SAS-HAK,FALSE
5174,MHmsp,MHmsp/m,Bl,NA,Bl,1,SAS-HAK,FALSE
5175,MHmsp,MHmsp/m,Hm,NA,Hm,1,SAS-HAK,FALSE
5176,MHmsp,MHmsp/m,Ba,NA,Ba,3,SAS-HAK,FALSE
5177,MHmsp,MHmsp/m,Hw,NA,Hw,3,SAS-HAK,FALSE
5178,MHmsp,MHmsp/x,Bl,NA,Bl,3,SAS-HAK,FALSE
5179,MHmsp,MHmsp/x,Hm,NA,Hm,3,SAS-HAK,FALSE
5180,MHmsp,MHmsp/x,Ba,NA,Ba,4,SAS-HAK,FALSE
5181,MHmsp,MHmsp/x,Hw,NA,Hw,5,SAS-HAK,FALSE
5182,MHun1,MHun1/h,Hm,3,Hm,3,BG,FALSE
5183,MHun1,MHun1/m,Hm,1,Hm,1,BG,FALSE
5184,MHun1,MHun1/x,Hm,2,Hm,2,BG,FALSE
5185,MHvh,MHvh/101,Hm,1,Hm,1,BG,FALSE
5186,MHvh,MHvh/101,Yc,2,Yc,1,BG,FALSE
5187,MHvh,MHvh/101,Ba,2,Ba,2,BG,FALSE
5188,MHvh,MHvh/101,Cw,3,Cw,3,BG,FALSE
5189,MHvh,MHvh/101,Hw,2,Hw,3,BG,FALSE
5190,MHvh,MHvh/101,Ss,2,Ss,3,BG,FALSE
5191,MHvh,MHvh/101a,Hm,1,Hm,1,BG,FALSE
5192,MHvh,MHvh/101a,Yc,2,Yc,1,BG,FALSE
5193,MHvh,MHvh/101a,Ba,2,Ba,2,BG,FALSE
5194,MHvh,MHvh/101a,Cw,3,Cw,3,BG,FALSE
5195,MHvh,MHvh/101a,Hw,2,Hw,3,BG,FALSE
5196,MHvh,MHvh/101a,Ss,2,Ss,3,BG,FALSE
5197,MHvh,MHvh/101b,Hm,1,Hm,1,BG,FALSE
5198,MHvh,MHvh/101b,Yc,2,Yc,1,BG,FALSE
5199,MHvh,MHvh/101b,Ba,2,Ba,2,BG,FALSE
5200,MHvh,MHvh/101b,Cw,3,Cw,3,BG,FALSE
5201,MHvh,MHvh/101b,Hw,2,Hw,3,BG,FALSE
5202,MHvh,MHvh/101b,Ss,2,Ss,3,BG,FALSE
5203,MHvh,MHvh/102,Hm,2,Hm,2,BG,FALSE
5204,MHvh,MHvh/102,Ba,3,Ba,3,BG,FALSE
5205,MHvh,MHvh/102,Cw,3,Cw,3,BG,FALSE
5206,MHvh,MHvh/102,Yc,3,Yc,3,BG,FALSE
5207,MHvh,MHvh/110,Ba,NA,Ba,1,BG,FALSE
5208,MHvh,MHvh/110,Hm,1,Hm,1,BG,FALSE
5209,MHvh,MHvh/110,Yc,1,Yc,1,BG,FALSE
5210,MHvh,MHvh/110,Cw,3,Cw,3,BG,FALSE
5211,MHvh,MHvh/110,Hw,3,Hw,3,BG,FALSE
5212,MHvh,MHvh/110,Ss,2,Ss,3,BG,FALSE
5213,MHvh,MHvh/110,Plc,5,Pl,5,BG,FALSE
5214,MHvh,MHvh/111,Yc,3,Yc,2,BG,FALSE
5215,MHvh,MHvh/111,Ba,3,Ba,3,BG,FALSE
5216,MHvh,MHvh/111,Cw,2,Cw,3,BG,FALSE
5217,MHvh,MHvh/111,Hm,2,Hm,3,BG,FALSE
5218,MHvh,MHvh/111,Hw,3,Hw,3,BG,FALSE
5219,MHvh,MHvh/111,Ss,3,Ss,3,BG,FALSE
5220,MHvh,MHvh/Wb,Plc,NA,Pl,2,SAS-HAK,FALSE
5221,MHvh,MHvh/Wb,Yc,NA,Yc,2,SAS-HAK,FALSE
5222,MHvh,MHvh/Wb,Cw,NA,Cw,3,SAS-HAK,FALSE
5223,MHvh,MHvh/Wb,Hm,NA,Hm,3,SAS-HAK,FALSE
5224,MHvh,MHvh/Wb,Hw,NA,Hw,3,SAS-HAK,FALSE
5225,MHvh,MHvh/Wf,X,NA,X,NA,SAS-HAK,FALSE
5226,MHvhp,MHvhp/h,Yc,NA,Yc,2,SAS-HAK,FALSE
5227,MHvhp,MHvhp/h,Ba,NA,Ba,3,SAS-HAK,FALSE
5228,MHvhp,MHvhp/h,Cw,NA,Cw,3,SAS-HAK,FALSE
5229,MHvhp,MHvhp/h,Hm,NA,Hm,3,SAS-HAK,FALSE
5230,MHvhp,MHvhp/h,Hw,NA,Hw,3,SAS-HAK,FALSE
5231,MHvhp,MHvhp/h,Ss,NA,Ss,3,SAS-HAK,FALSE
5232,MHvhp,MHvhp/m,Hm,NA,Hm,1,SAS-HAK,FALSE
5233,MHvhp,MHvhp/m,Yc,NA,Yc,1,SAS-HAK,FALSE
5234,MHvhp,MHvhp/m,Ba,NA,Ba,2,SAS-HAK,FALSE
5235,MHvhp,MHvhp/m,Cw,NA,Cw,3,SAS-HAK,FALSE
5236,MHvhp,MHvhp/m,Hw,NA,Hw,3,SAS-HAK,FALSE
5237,MHvhp,MHvhp/m,Ss,NA,Ss,3,SAS-HAK,FALSE
5238,MHvhp,MHvhp/x,Hm,NA,Hm,2,SAS-HAK,FALSE
5239,MHvhp,MHvhp/x,Ba,NA,Ba,3,SAS-HAK,FALSE
5240,MHvhp,MHvhp/x,Cw,NA,Cw,3,SAS-HAK,FALSE
5241,MHvhp,MHvhp/x,Yc,NA,Yc,3,SAS-HAK,FALSE
5242,MSdk,MSdk/Fm01,Act,NA,Ac,1,VC,FALSE
5243,MSdk,MSdk/Fm02,Act,NA,Ac,1,VC,FALSE
5244,MSdk,MSdk/Fm02,Sx,NA,Sx,2,VC,FALSE
5245,MSdv,MSdv/02,Pa,2,Pa,2,WHM,FALSE
5246,MSdv,MSdv/02a,Pa,2,Pa,2,WHM,FALSE
5247,MSdv,MSdv/02a,Pli,2,Pl,2,WHM,FALSE
5248,MSdv,MSdv/02b,Pa,2,Pa,2,WHM,FALSE
5249,MSdv,MSdv/02b,Pli,2,Pl,2,WHM,FALSE
5250,MSdw,MSdw/101,At,2,At,1,WHM,FALSE
5251,MSdw,MSdw/111a,Act,1,Ac,1,WHM,FALSE
5252,MSdw,MSdw/111a,At,3,At,3,WHM,FALSE
5253,MSdw,MSdw/111a,Bl,2,Bl,2,WHM,FALSE
5254,MSdw,MSdw/111a,Ep,3,Ep,3,WHM,FALSE
5255,MSdw,MSdw/111a,Sxw,1,Sx,1,WHM,FALSE
5256,MSdw,MSdw/111b,Act,5,Ac,5,WHM,FALSE
5257,MSdw,MSdw/111b,At,5,At,5,WHM,FALSE
5258,MSdw,MSdw/111b,Bl,3,Bl,3,WHM,FALSE
5259,MSdw,MSdw/111b,Ep,5,Ep,5,WHM,FALSE
5260,MSdw,MSdw/111b,Sxw,2,Sx,2,WHM,FALSE
5261,MSdw,MSdw/Fm01,Act,NA,Ac,1,VC,FALSE
5262,MSdw,MSdw/Fm02,Act,NA,Ac,1,VC,FALSE
5263,MSdw,MSdw/Fm02,Sx,NA,Sx,2,VC,FALSE
5264,MSxv,MSxv/01,Bl,3,Bl,3,KI,FALSE
5265,MSxv,MSxv/01,Pli,1,Pl,1,KI,FALSE
5266,MSxv,MSxv/01,Sxw,2,Sx,2,KI,FALSE
5267,MSxv,MSxv/02,Pli,3,Pl,3,KI,FALSE
5268,MSxv,MSxv/03,Pli,2,Pl,2,KI,FALSE
5269,MSxv,MSxv/03a,Pli,2,Pl,2,KI,FALSE
5270,MSxv,MSxv/03b,Pli,2,Pl,2,KI,FALSE
5271,MSxv,MSxv/04,Bl,3,Bl,3,KI,FALSE
5272,MSxv,MSxv/04,Pli,1,Pl,1,KI,FALSE
5273,MSxv,MSxv/04,Sxw,3,Sx,3,KI,FALSE
5274,MSxv,MSxv/05,Bl,3,Bl,3,KI,FALSE
5275,MSxv,MSxv/05,Lw,5,Lw,5,WHM,TRUE
5276,MSxv,MSxv/05,Pli,1,Pl,1,KI,FALSE
5277,MSxv,MSxv/05,Sxw,2,Sx,2,KI,FALSE
5278,MSxv,MSxv/06,Bl,3,Bl,3,KI,FALSE
5279,MSxv,MSxv/06,Pli,1,Pl,1,KI,FALSE
5280,MSxv,MSxv/06,Sxw,2,Sx,2,KI,FALSE
5281,MSxv,MSxv/07,Bl,3,Bl,3,KI,FALSE
5282,MSxv,MSxv/07,Pli,2,Pl,2,KI,FALSE
5283,MSxv,MSxv/07,Sxw,2,Sx,2,KI,FALSE
5284,MSxv,MSxv/08,Bl,3,Bl,3,KI,FALSE
5285,MSxv,MSxv/08,Pli,3,Pl,3,KI,FALSE
5286,MSxv,MSxv/08,Sxw,2,Sx,2,KI,FALSE
5287,MSxv,MSxv/09,Bl,3,Bl,3,KI,FALSE
5288,MSxv,MSxv/09,Pli,3,Pl,3,KI,FALSE
5289,MSxv,MSxv/09,Sxw,3,Sx,2,KI,FALSE
5290,SBPSdc,SBPSdc/01,At,3,At,3,KI,FALSE
5291,SBPSdc,SBPSdc/01,Pli,1,Pl,1,KI,FALSE
5292,SBPSdc,SBPSdc/01,Sb,3,Sb,3,KI,FALSE
5293,SBPSdc,SBPSdc/01,Sxw,2,Sx,2,KI,FALSE
5294,SBPSdc,SBPSdc/02,At,3,At,3,KI,FALSE
5295,SBPSdc,SBPSdc/02,Pli,2,Pl,2,KI,FALSE
5296,SBPSdc,SBPSdc/02a,At,3,At,3,KI,FALSE
5297,SBPSdc,SBPSdc/02a,Pli,2,Pl,2,KI,FALSE
5298,SBPSdc,SBPSdc/02b,At,3,At,3,KI,FALSE
5299,SBPSdc,SBPSdc/02b,Pli,2,Pl,2,KI,FALSE
5300,SBPSdc,SBPSdc/02b,Sb,4,Sb,4,KI,FALSE
5301,SBPSdc,SBPSdc/03,At,3,At,3,KI,FALSE
5302,SBPSdc,SBPSdc/03,Pli,1,Pl,1,KI,FALSE
5303,SBPSdc,SBPSdc/03,Sb,3,Sb,3,KI,FALSE
5304,SBPSdc,SBPSdc/03,Sxw,3,Sx,3,KI,FALSE
5305,SBPSdc,SBPSdc/04,At,3,At,3,KI,FALSE
5306,SBPSdc,SBPSdc/04,Pli,1,Pl,1,KI,FALSE
5307,SBPSdc,SBPSdc/04,Sb,2,Sb,2,KI,FALSE
5308,SBPSdc,SBPSdc/04,Sxw,2,Sx,2,KI,FALSE
5309,SBPSdc,SBPSdc/05,At,3,At,3,KI,FALSE
5310,SBPSdc,SBPSdc/05,Pli,1,Pl,1,KI,FALSE
5311,SBPSdc,SBPSdc/05,Sb,3,Sb,3,KI,FALSE
5312,SBPSdc,SBPSdc/05,Sxw,1,Sx,1,KI,FALSE
5313,SBPSdc,SBPSdc/05,Ac,4,Ac,4,KI,FALSE
5314,SBPSdc,SBPSdc/06,Act,3,Ac,3,KI,FALSE
5315,SBPSdc,SBPSdc/06,At,3,At,3,KI,FALSE
5316,SBPSdc,SBPSdc/06,Pli,2,Pl,2,KI,FALSE
5317,SBPSdc,SBPSdc/06,Sb,3,Sb,3,KI,FALSE
5318,SBPSdc,SBPSdc/06,Sxw,1,Sx,1,KI,FALSE
5319,SBPSdc,SBPSdc/07,Pli,3,Pl,3,KI,FALSE
5320,SBPSdc,SBPSdc/07,Sb,1,Sb,1,KI,FALSE
5321,SBPSdc,SBPSdc/07,Sxw,2,Sx,2,KI,FALSE
5322,SBPSdc,SBPSdc/08,Act,3,Ac,3,KI,FALSE
5323,SBPSdc,SBPSdc/08,Pli,2,Pl,3,KI,FALSE
5324,SBPSdc,SBPSdc/08,Sb,3,Sb,3,KI,FALSE
5325,SBPSdc,SBPSdc/08,Sxw,1,Sx,1,KI,FALSE
5326,SBPSmk,SBPSmk/01,At,1,At,1,KI,FALSE
5327,SBPSmk,SBPSmk/01,Bl,3,Bl,3,KI,FALSE
5328,SBPSmk,SBPSmk/01,Fdi,3,Fd,3,WHM,TRUE
5329,SBPSmk,SBPSmk/01,Pli,1,Pl,1,KI,FALSE
5330,SBPSmk,SBPSmk/01,Sxw,2,Sx,2,KI,FALSE
5331,SBPSmk,SBPSmk/02,Fdi,3,Fd,3,WHM,TRUE
5332,SBPSmk,SBPSmk/02,Pli,2,Pl,2,KI,FALSE
5333,SBPSmk,SBPSmk/02,Sxw,5,Sx,5,WHM,FALSE
5334,SBPSmk,SBPSmk/02,At,4,At,4,KI,FALSE
5335,SBPSmk,SBPSmk/03,At,2,At,2,KI,FALSE
5336,SBPSmk,SBPSmk/03,Fdi,1,Fd,2,KI,TRUE
5337,SBPSmk,SBPSmk/03,Pli,3,Pl,3,KI,FALSE
5338,SBPSmk,SBPSmk/04,At,2,At,2,KI,FALSE
5339,SBPSmk,SBPSmk/04,Fdi,2,Fd,2,WHM,TRUE
5340,SBPSmk,SBPSmk/04,Pli,1,Pl,1,KI,FALSE
5341,SBPSmk,SBPSmk/04,Sb,5,Sb,5,WHM,FALSE
5342,SBPSmk,SBPSmk/04,Sxw,2,Sx,3,KI,FALSE
5343,SBPSmk,SBPSmk/04a,At,2,At,2,KI,FALSE
5344,SBPSmk,SBPSmk/04a,Fdi,2,Fd,2,WHM,TRUE
5345,SBPSmk,SBPSmk/04a,Pli,1,Pl,1,KI,FALSE
5346,SBPSmk,SBPSmk/04a,Sb,5,Sb,5,WHM,FALSE
5347,SBPSmk,SBPSmk/04a,Sxw,2,Sx,3,KI,FALSE
5348,SBPSmk,SBPSmk/04b,At,2,At,2,KI,FALSE
5349,SBPSmk,SBPSmk/04b,Fdi,2,Fd,2,WHM,TRUE
5350,SBPSmk,SBPSmk/04b,Pli,1,Pl,1,KI,FALSE
5351,SBPSmk,SBPSmk/04b,Sb,5,Sb,5,WHM,FALSE
5352,SBPSmk,SBPSmk/04b,Sxw,2,Sx,2,KI,FALSE
5353,SBPSmk,SBPSmk/05,At,3,At,2,KI,FALSE
5354,SBPSmk,SBPSmk/05,Fdi,2,Fd,2,KI,TRUE
5355,SBPSmk,SBPSmk/05,Lw,3,Lw,3,WHM,TRUE
5356,SBPSmk,SBPSmk/05,Pli,1,Pl,1,KI,FALSE
5357,SBPSmk,SBPSmk/05,Sxw,2,Sx,2,KI,FALSE
5358,SBPSmk,SBPSmk/06,At,3,At,3,KI,FALSE
5359,SBPSmk,SBPSmk/06,Bl,3,Bl,3,KI,FALSE
5360,SBPSmk,SBPSmk/06,Lw,5,Lw,5,WHM,TRUE
5361,SBPSmk,SBPSmk/06,Pli,1,Pl,1,KI,FALSE
5362,SBPSmk,SBPSmk/06,Sxw,1,Sx,1,KI,FALSE
5363,SBPSmk,SBPSmk/07,Act,5,Ac,5,WHM,FALSE
5364,SBPSmk,SBPSmk/07,At,3,At,3,KI,FALSE
5365,SBPSmk,SBPSmk/07,Bl,3,Bl,3,KI,FALSE
5366,SBPSmk,SBPSmk/07,Pli,3,Pl,3,KI,FALSE
5367,SBPSmk,SBPSmk/07,Sxw,2,Sx,2,KI,FALSE
5368,SBPSmk,SBPSmk/08,Pli,5,Pl,4,KI,FALSE
5369,SBPSmk,SBPSmk/08,Sb,3,Sb,3,KI,FALSE
5370,SBPSmk,SBPSmk/08,Sxw,3,Sx,3,KI,FALSE
5371,SBPSmk,SBPSmk/08,Bl,4,Bl,4,KI,FALSE
5372,SBPSxc,SBPSxc/01,At,3,At,2,KI,FALSE
5373,SBPSxc,SBPSxc/01,Fdi,4,Fd,4,KI,FALSE
5374,SBPSxc,SBPSxc/01,Pli,1,Pl,1,KI,FALSE
5375,SBPSxc,SBPSxc/02,At,3,At,4,KI,FALSE
5376,SBPSxc,SBPSxc/02,Pli,2,Pl,2,KI,FALSE
5377,SBPSxc,SBPSxc/02a,At,3,At,4,KI,FALSE
5378,SBPSxc,SBPSxc/02a,Pli,2,Pl,2,KI,FALSE
5379,SBPSxc,SBPSxc/02b,At,3,At,4,KI,FALSE
5380,SBPSxc,SBPSxc/02b,Pli,2,Pl,2,KI,FALSE
5381,SBPSxc,SBPSxc/02c,At,3,At,4,KI,FALSE
5382,SBPSxc,SBPSxc/02c,Pli,2,Pl,2,KI,FALSE
5383,SBPSxc,SBPSxc/03,At,3,At,3,KI,FALSE
5384,SBPSxc,SBPSxc/03,Pli,2,Pl,2,KI,FALSE
5385,SBPSxc,SBPSxc/03,Sxw,1,Sx,2,KI,FALSE
5386,SBPSxc,SBPSxc/04,At,3,At,3,KI,FALSE
5387,SBPSxc,SBPSxc/04,Pli,1,Pl,2,KI,FALSE
5388,SBPSxc,SBPSxc/04,Sxw,1,Sx,1,KI,FALSE
5389,SBPSxc,SBPSxc/05,Act,3,Ac,4,KI,FALSE
5390,SBPSxc,SBPSxc/05,At,3,At,3,KI,FALSE
5391,SBPSxc,SBPSxc/05,Pli,2,Pl,3,KI,FALSE
5392,SBPSxc,SBPSxc/05,Sxw,1,Sx,1,KI,FALSE
5393,SBPSxc,SBPSxc/06,Act,3,Ac,4,KI,FALSE
5394,SBPSxc,SBPSxc/06,At,3,At,3,KI,FALSE
5395,SBPSxc,SBPSxc/06,Pli,2,Pl,3,KI,FALSE
5396,SBPSxc,SBPSxc/06,Sxw,1,Sx,1,KI,FALSE
5397,SBSdh1,SBSdh1/01,At,3,At,1,DS,FALSE
5398,SBSdh1,SBSdh1/01,Bl,2,Bl,2,DS,FALSE
5399,SBSdh1,SBSdh1/01,Ep,3,Ep,3,DS,FALSE
5400,SBSdh1,SBSdh1/01,Fdi,2,Fd,1,DS,FALSE
5401,SBSdh1,SBSdh1/01,Pli,1,Pl,1,DS,FALSE
5402,SBSdh1,SBSdh1/01,Sxw,1,Sx,1,DS,FALSE
5403,SBSdh1,SBSdh1/02,Pli,2,Pl,2,DS,FALSE
5404,SBSdh1,SBSdh1/02,Sxw,3,Sx,3,DS,FALSE
5405,SBSdh1,SBSdh1/03,Fdi,1,Fd,1,DS,FALSE
5406,SBSdh1,SBSdh1/03,Pli,1,Pl,1,DS,FALSE
5407,SBSdh1,SBSdh1/03,Pw,3,Pw,3,DS,FALSE
5408,SBSdh1,SBSdh1/04,Fdi,1,Fd,1,DS,FALSE
5409,SBSdh1,SBSdh1/04,Pli,1,Pl,1,DS,FALSE
5410,SBSdh1,SBSdh1/04,Sxw,2,Sx,2,DS,FALSE
5411,SBSdh1,SBSdh1/05,At,3,At,3,DS,FALSE
5412,SBSdh1,SBSdh1/05,Pli,1,Pl,1,DS,FALSE
5413,SBSdh1,SBSdh1/05,Sb,3,Sb,3,DS,FALSE
5414,SBSdh1,SBSdh1/05,Sxw,3,Sx,3,DS,FALSE
5415,SBSdh1,SBSdh1/06,At,2,At,2,DS,FALSE
5416,SBSdh1,SBSdh1/06,Bl,2,Bl,2,DS,FALSE
5417,SBSdh1,SBSdh1/06,Ep,3,Ep,3,DS,FALSE
5418,SBSdh1,SBSdh1/06,Fdi,1,Fd,1,DS,FALSE
5419,SBSdh1,SBSdh1/06,Pli,2,Pl,2,DS,FALSE
5420,SBSdh1,SBSdh1/06,Sxw,1,Sx,1,DS,FALSE
5421,SBSdh1,SBSdh1/07,Act,2,Ac,2,DS,FALSE
5422,SBSdh1,SBSdh1/07,At,2,At,2,DS,FALSE
5423,SBSdh1,SBSdh1/07,Bl,2,Bl,2,DS,FALSE
5424,SBSdh1,SBSdh1/07,Ep,3,Ep,3,DS,FALSE
5425,SBSdh1,SBSdh1/07,Fdi,2,Fd,2,DS,FALSE
5426,SBSdh1,SBSdh1/07,Pli,3,Pl,2,DS,FALSE
5427,SBSdh1,SBSdh1/07,Sxw,1,Sx,1,DS,FALSE
5428,SBSdh1,SBSdh1/08,Pli,3,Pl,2,DS,FALSE
5429,SBSdh1,SBSdh1/08,Sb,1,Sb,2,DS,FALSE
5430,SBSdh1,SBSdh1/08,Sxw,1,Sx,2,DS,FALSE
5431,SBSdk,SBSdk/01,At,1,At,1,DS & EBL,FALSE
5432,SBSdk,SBSdk/01,Ep,2,Ep,2,DS & EBL,FALSE
5433,SBSdk,SBSdk/01,Fdi,3,Fd,3,DS & EBL,FALSE
5434,SBSdk,SBSdk/01,Pli,1,Pl,1,DS & EBL,FALSE
5435,SBSdk,SBSdk/01,Sxw,1,Sx,1,DS & EBL,FALSE
5436,SBSdk,SBSdk/01a,At,1,At,1,EBL,FALSE
5437,SBSdk,SBSdk/01a,Ep,2,Ep,2,EBL,FALSE
5438,SBSdk,SBSdk/01a,Fdi,3,Fd,3,EBL,FALSE
5439,SBSdk,SBSdk/01a,Pli,1,Pl,1,EBL,FALSE
5440,SBSdk,SBSdk/01a,Sxw,1,Sx,1,EBL,FALSE
5441,SBSdk,SBSdk/01b,At,1,At,1,EBL,FALSE
5442,SBSdk,SBSdk/01b,Ep,2,Ep,2,EBL,FALSE
5443,SBSdk,SBSdk/01b,Fdi,3,Fd,3,EBL,FALSE
5444,SBSdk,SBSdk/01b,Pli,1,Pl,1,EBL,FALSE
5445,SBSdk,SBSdk/01b,Sxw,1,Sx,1,EBL,FALSE
5446,SBSdk,SBSdk/02,At,3,At,3,DS,FALSE
5447,SBSdk,SBSdk/02,Ep,3,Ep,3,DS,FALSE
5448,SBSdk,SBSdk/02,Pli,2,Pl,2,DS,FALSE
5449,SBSdk,SBSdk/02,Sxw,3,Sx,3,DS,FALSE
5450,SBSdk,SBSdk/03,At,3,At,3,DS,FALSE
5451,SBSdk,SBSdk/03,Ep,3,Ep,3,DS,FALSE
5452,SBSdk,SBSdk/03,Fdi,3,Fd,3,DS,FALSE
5453,SBSdk,SBSdk/03,Pli,2,Pl,2,DS,FALSE
5454,SBSdk,SBSdk/03,Sb,3,Sb,3,DS,FALSE
5455,SBSdk,SBSdk/03,Sxw,3,Sx,3,DS,FALSE
5456,SBSdk,SBSdk/04,At,3,At,3,DS,FALSE
5457,SBSdk,SBSdk/04,Ep,3,Ep,3,DS,FALSE
5458,SBSdk,SBSdk/04,Fdi,2,Fd,1,DS,FALSE
5459,SBSdk,SBSdk/04,Pli,1,Pl,1,DS,FALSE
5460,SBSdk,SBSdk/04,Sxw,2,Sx,2,DS,FALSE
5461,SBSdk,SBSdk/05,At,3,At,2,DS,FALSE
5462,SBSdk,SBSdk/05,Ep,3,Ep,3,DS,FALSE
5463,SBSdk,SBSdk/05,Fdi,3,Fd,3,DS,FALSE
5464,SBSdk,SBSdk/05,Pli,1,Pl,1,DS,FALSE
5465,SBSdk,SBSdk/05,Sxw,1,Sx,1,DS,FALSE
5466,SBSdk,SBSdk/06,Act,2,Ac,3,DS,FALSE
5467,SBSdk,SBSdk/06,At,2,At,2,DS,FALSE
5468,SBSdk,SBSdk/06,Ep,2,Ep,2,DS,FALSE
5469,SBSdk,SBSdk/06,Fdi,3,Fd,2,DS,FALSE
5470,SBSdk,SBSdk/06,Fdi,3,Fd,2,DS,FALSE
5471,SBSdk,SBSdk/06,Pli,1,Pl,1,DS,FALSE
5472,SBSdk,SBSdk/06,Sxw,1,Sx,1,DS,FALSE
5473,SBSdk,SBSdk/07,Act,2,Ac,2,DS,FALSE
5474,SBSdk,SBSdk/07,At,2,At,2,DS,FALSE
5475,SBSdk,SBSdk/07,Ep,2,Ep,2,DS,FALSE
5476,SBSdk,SBSdk/07,Pli,2,Pl,2,DS,FALSE
5477,SBSdk,SBSdk/07,Sxw,1,Sx,1,DS,FALSE
5478,SBSdk,SBSdk/07a,Act,2,Ac,2,EBL,FALSE
5479,SBSdk,SBSdk/07a,At,2,At,2,EBL,FALSE
5480,SBSdk,SBSdk/07a,Ep,2,Ep,2,EBL,FALSE
5481,SBSdk,SBSdk/07a,Pli,2,Pl,2,EBL,FALSE
5482,SBSdk,SBSdk/07a,Sxw,1,Sx,1,EBL,FALSE
5483,SBSdk,SBSdk/07b,Act,2,Ac,2,EBL,FALSE
5484,SBSdk,SBSdk/07b,At,2,At,2,EBL,FALSE
5485,SBSdk,SBSdk/07b,Ep,2,Ep,2,EBL,FALSE
5486,SBSdk,SBSdk/07b,Pli,2,Pl,2,EBL,FALSE
5487,SBSdk,SBSdk/07b,Sxw,1,Sx,2,EBL,FALSE
5488,SBSdk,SBSdk/08,Act,1,Ac,1,DS,FALSE
5489,SBSdk,SBSdk/08,At,3,At,3,DS,FALSE
5490,SBSdk,SBSdk/08,Ep,3,Ep,3,DS,FALSE
5491,SBSdk,SBSdk/08,Pli,2,Pl,2,DS,FALSE
5492,SBSdk,SBSdk/08,Pli,2,Pl,2,DS,FALSE
5493,SBSdk,SBSdk/08,Sxw,1,Sx,2,DS,FALSE
5494,SBSdk,SBSdk/09,Pli,2,Pl,2,DS,FALSE
5495,SBSdk,SBSdk/09,Sb,2,Sb,2,DS,FALSE
5496,SBSdk,SBSdk/09,Sxw,3,Sx,3,DS,FALSE
5497,SBSdk,SBSdk/10,Pli,3,Pl,3,DS,FALSE
5498,SBSdk,SBSdk/10,Sb,2,Sb,2,DS,FALSE
5499,SBSdk,SBSdk/10,Sxw,3,Sx,3,DS,FALSE
5500,SBSdw1,SBSdw1/01,At,1,At,1,KI,FALSE
5501,SBSdw1,SBSdw1/01,Bl,5,Bl,5,WHM,FALSE
5502,SBSdw1,SBSdw1/01,Ep,2,Ep,3,KI,FALSE
5503,SBSdw1,SBSdw1/01,Fdi,2,Fd,2,KI,FALSE
5504,SBSdw1,SBSdw1/01,Lw,3,Lw,3,WHM,TRUE
5505,SBSdw1,SBSdw1/01,Pli,1,Pl,1,KI,FALSE
5506,SBSdw1,SBSdw1/01,Sxw,1,Sx,2,KI,FALSE
5507,SBSdw1,SBSdw1/02,At,3,At,3,KI,FALSE
5508,SBSdw1,SBSdw1/02,Fdi,2,Fd,2,KI,FALSE
5509,SBSdw1,SBSdw1/02,Pli,2,Pl,2,KI,FALSE
5510,SBSdw1,SBSdw1/03,At,3,At,3,KI,FALSE
5511,SBSdw1,SBSdw1/03,At,3,At,3,KI,FALSE
5512,SBSdw1,SBSdw1/03,At,3,At,3,KI,FALSE
5513,SBSdw1,SBSdw1/03,At,3,At,3,KI,FALSE
5514,SBSdw1,SBSdw1/03,Fdi,2,Fd,2,KI,FALSE
5515,SBSdw1,SBSdw1/03,Pli,2,Pl,2,KI,FALSE
5516,SBSdw1,SBSdw1/03,Ep,4,Ep,4,KI,FALSE
5517,SBSdw1,SBSdw1/03,Sx,4,Sx,4,KI,FALSE
5518,SBSdw1,SBSdw1/04,At,3,At,3,KI,FALSE
5519,SBSdw1,SBSdw1/04,At,3,At,3,KI,FALSE
5520,SBSdw1,SBSdw1/04,At,3,At,3,KI,FALSE
5521,SBSdw1,SBSdw1/04,At,3,At,3,KI,FALSE
5522,SBSdw1,SBSdw1/04,Ep,3,Ep,4,KI,FALSE
5523,SBSdw1,SBSdw1/04,Fdi,2,Fd,3,KI,FALSE
5524,SBSdw1,SBSdw1/04,Pli,1,Pl,1,KI,FALSE
5525,SBSdw1,SBSdw1/04,Sxw,3,Sx,3,KI,FALSE
5526,SBSdw1,SBSdw1/05,At,3,At,2,KI,FALSE
5527,SBSdw1,SBSdw1/05,Ep,2,Ep,3,KI,FALSE
5528,SBSdw1,SBSdw1/05,Fdi,1,Fd,2,KI,FALSE
5529,SBSdw1,SBSdw1/05,Lw,3,Lw,3,WHM,TRUE
5530,SBSdw1,SBSdw1/05,Pli,1,Pl,2,KI,FALSE
5531,SBSdw1,SBSdw1/05,Sxw,1,Sx,2,KI,FALSE
5532,SBSdw1,SBSdw1/06,Act,3,Ac,3,KI,FALSE
5533,SBSdw1,SBSdw1/06,Act,3,Ac,3,KI,FALSE
5534,SBSdw1,SBSdw1/06,Act,3,Ac,3,KI,FALSE
5535,SBSdw1,SBSdw1/06,Act,3,Ac,3,KI,FALSE
5536,SBSdw1,SBSdw1/06,At,2,At,2,KI,FALSE
5537,SBSdw1,SBSdw1/06,Bl,2,Bl,3,KI,FALSE
5538,SBSdw1,SBSdw1/06,Bl,2,Bl,3,KI,FALSE
5539,SBSdw1,SBSdw1/06,Bl,2,Bl,3,KI,FALSE
5540,SBSdw1,SBSdw1/06,Bl,2,Bl,3,KI,FALSE
5541,SBSdw1,SBSdw1/06,Ep,2,Ep,2,KI,FALSE
5542,SBSdw1,SBSdw1/06,Fdi,1,Fd,1,KI,FALSE
5543,SBSdw1,SBSdw1/06,Lw,3,Lw,3,WHM,TRUE
5544,SBSdw1,SBSdw1/06,Pli,1,Pl,1,KI,FALSE
5545,SBSdw1,SBSdw1/06,Sxw,1,Sx,1,KI,FALSE
5546,SBSdw1,SBSdw1/07,Act,2,Ac,3,KI,FALSE
5547,SBSdw1,SBSdw1/07,Act,2,Ac,3,KI,FALSE
5548,SBSdw1,SBSdw1/07,Act,2,Ac,3,KI,FALSE
5549,SBSdw1,SBSdw1/07,Act,2,Ac,3,KI,FALSE
5550,SBSdw1,SBSdw1/07,At,2,At,2,KI,FALSE
5551,SBSdw1,SBSdw1/07,Bl,2,Bl,3,KI,FALSE
5552,SBSdw1,SBSdw1/07,Ep,2,Ep,2,KI,FALSE
5553,SBSdw1,SBSdw1/07,Ep,2,Ep,2,KI,FALSE
5554,SBSdw1,SBSdw1/07,Ep,2,Ep,2,KI,FALSE
5555,SBSdw1,SBSdw1/07,Ep,2,Ep,2,KI,FALSE
5556,SBSdw1,SBSdw1/07,Fdi,2,Fd,2,KI,FALSE
5557,SBSdw1,SBSdw1/07,Pli,2,Pl,2,KI,FALSE
5558,SBSdw1,SBSdw1/07,Sxw,1,Sx,1,KI,FALSE
5559,SBSdw1,SBSdw1/08,Act,2,Ac,2,KI,FALSE
5560,SBSdw1,SBSdw1/08,Act,2,Ac,2,KI,FALSE
5561,SBSdw1,SBSdw1/08,Act,2,Ac,2,KI,FALSE
5562,SBSdw1,SBSdw1/08,Act,2,Ac,2,KI,FALSE
5563,SBSdw1,SBSdw1/08,At,3,At,3,KI,FALSE
5564,SBSdw1,SBSdw1/08,Bl,2,Bl,2,KI,FALSE
5565,SBSdw1,SBSdw1/08,Ep,2,Ep,2,KI,FALSE
5566,SBSdw1,SBSdw1/08,Fdi,3,Fd,3,KI,FALSE
5567,SBSdw1,SBSdw1/08,Pli,2,Pl,2,KI,FALSE
5568,SBSdw1,SBSdw1/08,Pli,2,Pl,2,KI,FALSE
5569,SBSdw1,SBSdw1/08,Pli,2,Pl,2,KI,FALSE
5570,SBSdw1,SBSdw1/08,Pli,2,Pl,2,KI,FALSE
5571,SBSdw1,SBSdw1/08,Sxw,1,Sx,1,KI,FALSE
5572,SBSdw1,SBSdw1/09,Act,3,Ac,3,KI,FALSE
5573,SBSdw1,SBSdw1/09,Bl,3,Bl,3,KI,FALSE
5574,SBSdw1,SBSdw1/09,Pli,3,Pl,3,KI,FALSE
5575,SBSdw1,SBSdw1/09,Sxw,2,Sx,2,KI,FALSE
5576,SBSdw1,SBSdw1/09,Ep,4,Ep,4,KI,FALSE
5577,SBSdw2,SBSdw2/01,At,2,At,1,KI,FALSE
5578,SBSdw2,SBSdw2/01,Ep,3,Ep,3,KI,FALSE
5579,SBSdw2,SBSdw2/01,Fdi,2,Fd,2,KI,FALSE
5580,SBSdw2,SBSdw2/01,Pli,1,Pl,1,KI,FALSE
5581,SBSdw2,SBSdw2/01,Sxw,1,Sx,2,KI,FALSE
5582,SBSdw2,SBSdw2/02,Fdi,2,Fd,2,KI,FALSE
5583,SBSdw2,SBSdw2/02,Pli,2,Pl,2,KI,FALSE
5584,SBSdw2,SBSdw2/03,At,3,At,3,KI,FALSE
5585,SBSdw2,SBSdw2/03,Fdi,2,Fd,3,KI,FALSE
5586,SBSdw2,SBSdw2/03,Pli,1,Pl,1,KI,FALSE
5587,SBSdw2,SBSdw2/03,Sx,4,Sx,4,KI,FALSE
5588,SBSdw2,SBSdw2/04,At,3,At,3,KI,FALSE
5589,SBSdw2,SBSdw2/04,Fdi,1,Fd,1,KI,FALSE
5590,SBSdw2,SBSdw2/04,Pli,1,Pl,1,KI,FALSE
5591,SBSdw2,SBSdw2/05,At,3,At,2,KI,FALSE
5592,SBSdw2,SBSdw2/05,At,3,At,2,KI,FALSE
5593,SBSdw2,SBSdw2/05,At,3,At,2,KI,FALSE
5594,SBSdw2,SBSdw2/05,At,3,At,2,KI,FALSE
5595,SBSdw2,SBSdw2/05,Ep,3,Ep,3,KI,FALSE
5596,SBSdw2,SBSdw2/05,Ep,3,Ep,3,KI,FALSE
5597,SBSdw2,SBSdw2/05,Ep,3,Ep,3,KI,FALSE
5598,SBSdw2,SBSdw2/05,Ep,3,Ep,3,KI,FALSE
5599,SBSdw2,SBSdw2/05,Fdi,1,Fd,1,KI,FALSE
5600,SBSdw2,SBSdw2/05,Pli,1,Pl,1,KI,FALSE
5601,SBSdw2,SBSdw2/05,Sxw,1,Sx,1,KI,FALSE
5602,SBSdw2,SBSdw2/06,At,2,At,2,KI,FALSE
5603,SBSdw2,SBSdw2/06,At,2,At,2,KI,FALSE
5604,SBSdw2,SBSdw2/06,At,2,At,2,KI,FALSE
5605,SBSdw2,SBSdw2/06,At,2,At,2,KI,FALSE
5606,SBSdw2,SBSdw2/06,Ep,3,Ep,3,KI,FALSE
5607,SBSdw2,SBSdw2/06,Fdi,1,Fd,2,KI,FALSE
5608,SBSdw2,SBSdw2/06,Pli,1,Pl,1,KI,FALSE
5609,SBSdw2,SBSdw2/06,Sxw,2,Sx,2,KI,FALSE
5610,SBSdw2,SBSdw2/07,At,3,At,3,KI,FALSE
5611,SBSdw2,SBSdw2/07,At,3,At,3,KI,FALSE
5612,SBSdw2,SBSdw2/07,At,3,At,3,KI,FALSE
5613,SBSdw2,SBSdw2/07,At,3,At,3,KI,FALSE
5614,SBSdw2,SBSdw2/07,Pli,1,Pl,1,KI,FALSE
5615,SBSdw2,SBSdw2/07,Sb,3,Sb,3,KI,FALSE
5616,SBSdw2,SBSdw2/07,Sxw,3,Sx,3,KI,FALSE
5617,SBSdw2,SBSdw2/07,Sxw,3,Sx,3,KI,FALSE
5618,SBSdw2,SBSdw2/07,Sxw,3,Sx,3,KI,FALSE
5619,SBSdw2,SBSdw2/07,Sxw,3,Sx,3,KI,FALSE
5620,SBSdw2,SBSdw2/07,Fdi,4,Fd,4,KI,FALSE
5621,SBSdw2,SBSdw2/08,Act,3,Ac,3,KI,FALSE
5622,SBSdw2,SBSdw2/08,Act,3,Ac,3,KI,FALSE
5623,SBSdw2,SBSdw2/08,Act,3,Ac,3,KI,FALSE
5624,SBSdw2,SBSdw2/08,Act,3,Ac,3,KI,FALSE
5625,SBSdw2,SBSdw2/08,At,2,At,2,KI,FALSE
5626,SBSdw2,SBSdw2/08,Bl,3,Bl,3,KI,FALSE
5627,SBSdw2,SBSdw2/08,Bl,3,Bl,3,KI,FALSE
5628,SBSdw2,SBSdw2/08,Bl,3,Bl,3,KI,FALSE
5629,SBSdw2,SBSdw2/08,Bl,3,Bl,3,KI,FALSE
5630,SBSdw2,SBSdw2/08,Ep,3,Ep,2,KI,FALSE
5631,SBSdw2,SBSdw2/08,Ep,3,Ep,2,KI,FALSE
5632,SBSdw2,SBSdw2/08,Ep,3,Ep,2,KI,FALSE
5633,SBSdw2,SBSdw2/08,Ep,3,Ep,2,KI,FALSE
5634,SBSdw2,SBSdw2/08,Fdi,2,Fd,3,KI,FALSE
5635,SBSdw2,SBSdw2/08,Fdi,2,Fd,3,KI,FALSE
5636,SBSdw2,SBSdw2/08,Fdi,2,Fd,3,KI,FALSE
5637,SBSdw2,SBSdw2/08,Fdi,2,Fd,3,KI,FALSE
5638,SBSdw2,SBSdw2/08,Pli,2,Pl,2,KI,FALSE
5639,SBSdw2,SBSdw2/08,Pli,2,Pl,2,KI,FALSE
5640,SBSdw2,SBSdw2/08,Pli,2,Pl,2,KI,FALSE
5641,SBSdw2,SBSdw2/08,Pli,2,Pl,2,KI,FALSE
5642,SBSdw2,SBSdw2/08,Sxw,1,Sx,1,KI,FALSE
5643,SBSdw2,SBSdw2/09,Act,2,Ac,3,KI,FALSE
5644,SBSdw2,SBSdw2/09,Act,2,Ac,3,KI,FALSE
5645,SBSdw2,SBSdw2/09,Act,2,Ac,3,KI,FALSE
5646,SBSdw2,SBSdw2/09,Act,2,Ac,3,KI,FALSE
5647,SBSdw2,SBSdw2/09,At,2,At,2,KI,FALSE
5648,SBSdw2,SBSdw2/09,Bl,3,Bl,3,KI,FALSE
5649,SBSdw2,SBSdw2/09,Bl,3,Bl,3,KI,FALSE
5650,SBSdw2,SBSdw2/09,Bl,3,Bl,3,KI,FALSE
5651,SBSdw2,SBSdw2/09,Bl,3,Bl,3,KI,FALSE
5652,SBSdw2,SBSdw2/09,Ep,3,Ep,2,KI,FALSE
5653,SBSdw2,SBSdw2/09,Fdi,2,Fd,2,KI,FALSE
5654,SBSdw2,SBSdw2/09,Pli,2,Pl,2,KI,FALSE
5655,SBSdw2,SBSdw2/09,Sxw,1,Sx,1,KI,FALSE
5656,SBSdw2,SBSdw2/10,Act,2,Ac,3,KI,FALSE
5657,SBSdw2,SBSdw2/10,Bl,3,Bl,3,KI,FALSE
5658,SBSdw2,SBSdw2/10,Bl,3,Bl,3,KI,FALSE
5659,SBSdw2,SBSdw2/10,Bl,3,Bl,3,KI,FALSE
5660,SBSdw2,SBSdw2/10,Bl,3,Bl,3,KI,FALSE
5661,SBSdw2,SBSdw2/10,Pli,3,Pl,3,KI,FALSE
5662,SBSdw2,SBSdw2/10,Sxw,1,Sx,2,KI,FALSE
5663,SBSdw2,SBSdw2/10,At,4,At,4,KI,FALSE
5664,SBSdw2,SBSdw2/11,Pli,3,Pl,3,KI,FALSE
5665,SBSdw2,SBSdw2/11,Sb,3,Sb,3,KI,FALSE
5666,SBSdw2,SBSdw2/11,Sxw,3,Sx,3,KI,FALSE
5667,SBSdw2,SBSdw2/11,Bl,4,Bl,4,KI,FALSE
5668,SBSdw3,SBSdw3/01,At,1,At,1,DS,FALSE
5669,SBSdw3,SBSdw3/01,Ep,3,Ep,3,DS,FALSE
5670,SBSdw3,SBSdw3/01,Fdi,2,Fd,2,DS,FALSE
5671,SBSdw3,SBSdw3/01,Pli,1,Pl,1,DS,FALSE
5672,SBSdw3,SBSdw3/01,Sxw,1,Sx,1,DS,FALSE
5673,SBSdw3,SBSdw3/02,Fdi,2,Fd,2,DS,FALSE
5674,SBSdw3,SBSdw3/02,Pli,2,Pl,2,DS,FALSE
5675,SBSdw3,SBSdw3/02,Sxw,3,Sx,3,DS,FALSE
5676,SBSdw3,SBSdw3/03,At,3,At,3,DS,FALSE
5677,SBSdw3,SBSdw3/03,Pli,1,Pl,1,DS,FALSE
5678,SBSdw3,SBSdw3/03,Sxw,3,Sx,3,DS,FALSE
5679,SBSdw3,SBSdw3/04,At,2,At,2,DS,FALSE
5680,SBSdw3,SBSdw3/04,Ep,3,Ep,2,DS,FALSE
5681,SBSdw3,SBSdw3/04,Fdi,1,Fd,1,DS,FALSE
5682,SBSdw3,SBSdw3/04,Pli,1,Pl,1,DS,FALSE
5683,SBSdw3,SBSdw3/04,Sxw,3,Sx,2,DS,FALSE
5684,SBSdw3,SBSdw3/05,At,3,At,3,DS,FALSE
5685,SBSdw3,SBSdw3/05,Pli,1,Pl,1,DS,FALSE
5686,SBSdw3,SBSdw3/05,Sb,3,Sb,2,DS,FALSE
5687,SBSdw3,SBSdw3/05,Sxw,3,Sx,3,DS,FALSE
5688,SBSdw3,SBSdw3/06,Act,3,Ac,3,DS,FALSE
5689,SBSdw3,SBSdw3/06,At,2,At,2,DS,FALSE
5690,SBSdw3,SBSdw3/06,Bl,2,Bl,3,DS,FALSE
5691,SBSdw3,SBSdw3/06,Ep,3,Ep,3,DS,FALSE
5692,SBSdw3,SBSdw3/06,Fdi,2,Fd,3,DS,FALSE
5693,SBSdw3,SBSdw3/06,Pli,1,Pl,1,DS,FALSE
5694,SBSdw3,SBSdw3/06,Sb,3,Sb,3,DS,FALSE
5695,SBSdw3,SBSdw3/06,Sxw,1,Sx,1,DS,FALSE
5696,SBSdw3,SBSdw3/07,Act,3,Ac,3,DS,FALSE
5697,SBSdw3,SBSdw3/07,At,2,At,2,DS,FALSE
5698,SBSdw3,SBSdw3/07,Bl,2,Bl,2,DS,FALSE
5699,SBSdw3,SBSdw3/07,Ep,3,Ep,3,DS,FALSE
5700,SBSdw3,SBSdw3/07,Pli,2,Pl,2,DS,FALSE
5701,SBSdw3,SBSdw3/07,Sxw,1,Sx,1,DS,FALSE
5702,SBSdw3,SBSdw3/08,Act,2,Ac,2,DS,FALSE
5703,SBSdw3,SBSdw3/08,At,2,At,2,DS,FALSE
5704,SBSdw3,SBSdw3/08,Bl,2,Bl,2,DS,FALSE
5705,SBSdw3,SBSdw3/08,Ep,3,Ep,3,DS,FALSE
5706,SBSdw3,SBSdw3/08,Fdi,3,Fd,3,DS,FALSE
5707,SBSdw3,SBSdw3/08,Pli,3,Pl,2,DS,FALSE
5708,SBSdw3,SBSdw3/08,Sxw,1,Sx,1,DS,FALSE
5709,SBSdw3,SBSdw3/09,Bl,2,Bl,2,DS,FALSE
5710,SBSdw3,SBSdw3/09,Pli,3,Pl,2,DS,FALSE
5711,SBSdw3,SBSdw3/09,Sxw,1,Sx,1,DS,FALSE
5712,SBSdw3,SBSdw3/10,Pli,3,Pl,3,DS,FALSE
5713,SBSdw3,SBSdw3/10,Sb,3,Sb,3,DS,FALSE
5714,SBSdw3,SBSdw3/10,Sxw,3,Sx,3,DS,FALSE
5715,SBSmc1,SBSmc1/01,Act,3,Ac,3,KI,FALSE
5716,SBSmc1,SBSmc1/01,Bl,1,Bl,1,KI,FALSE
5717,SBSmc1,SBSmc1/01,Fdi,2,Fd,3,KI,FALSE
5718,SBSmc1,SBSmc1/01,Pli,1,Pl,1,KI,FALSE
5719,SBSmc1,SBSmc1/01,Sxw,1,Sx,1,KI,FALSE
5720,SBSmc1,SBSmc1/01a,Act,3,Ac,3,KI,FALSE
5721,SBSmc1,SBSmc1/01a,Bl,1,Bl,1,KI,FALSE
5722,SBSmc1,SBSmc1/01a,Fdi,2,Fd,3,KI,FALSE
5723,SBSmc1,SBSmc1/01a,Pli,1,Pl,1,KI,FALSE
5724,SBSmc1,SBSmc1/01a,Sxw,1,Sx,1,KI,FALSE
5725,SBSmc1,SBSmc1/01b,Act,3,Ac,3,KI,FALSE
5726,SBSmc1,SBSmc1/01b,Bl,1,Bl,1,KI,FALSE
5727,SBSmc1,SBSmc1/01b,Fdi,2,Fd,3,KI,FALSE
5728,SBSmc1,SBSmc1/01b,Pli,1,Pl,1,KI,FALSE
5729,SBSmc1,SBSmc1/01b,Sxw,1,Sx,1,KI,FALSE
5730,SBSmc1,SBSmc1/01c,Act,3,Ac,3,KI,FALSE
5731,SBSmc1,SBSmc1/01c,Bl,1,Bl,1,KI,FALSE
5732,SBSmc1,SBSmc1/01c,Fdi,2,Fd,3,KI,FALSE
5733,SBSmc1,SBSmc1/01c,Pli,1,Pl,1,KI,FALSE
5734,SBSmc1,SBSmc1/01c,Sxw,1,Sx,1,KI,FALSE
5735,SBSmc1,SBSmc1/02,Bl,3,Bl,3,KI,FALSE
5736,SBSmc1,SBSmc1/02,Pli,2,Pl,2,KI,FALSE
5737,SBSmc1,SBSmc1/02,Sxw,3,Sx,3,KI,FALSE
5738,SBSmc1,SBSmc1/02,Fdi,4,Fd,3,KI,FALSE
5739,SBSmc1,SBSmc1/03,At,3,At,3,KI,FALSE
5740,SBSmc1,SBSmc1/03,Fdi,2,Fd,2,KI,FALSE
5741,SBSmc1,SBSmc1/03,Pli,1,Pl,2,KI,FALSE
5742,SBSmc1,SBSmc1/03,Sx,4,Sx,4,KI,FALSE
5743,SBSmc1,SBSmc1/03,Bl,4,Bl,3,KI,FALSE
5744,SBSmc1,SBSmc1/04,Bl,2,Bl,2,KI,FALSE
5745,SBSmc1,SBSmc1/04,Pli,1,Pl,1,KI,FALSE
5746,SBSmc1,SBSmc1/04,Sxw,1,Sx,2,KI,FALSE
5747,SBSmc1,SBSmc1/04,Fdi,4,Fd,5,KI,FALSE
5748,SBSmc1,SBSmc1/05,Bl,1,Bl,2,KI,FALSE
5749,SBSmc1,SBSmc1/05,Pli,1,Pl,1,KI,FALSE
5750,SBSmc1,SBSmc1/05,Sxw,1,Sx,1,KI,FALSE
5751,SBSmc1,SBSmc1/05,Fdi,4,Fd,4,KI,FALSE
5752,SBSmc1,SBSmc1/06,Act,3,Ac,3,KI,FALSE
5753,SBSmc1,SBSmc1/06,Bl,1,Bl,1,KI,FALSE
5754,SBSmc1,SBSmc1/06,Fdi,2,Fd,2,KI,FALSE
5755,SBSmc1,SBSmc1/06,Pli,1,Pl,1,KI,FALSE
5756,SBSmc1,SBSmc1/06,Sxw,1,Sx,1,KI,FALSE
5757,SBSmc1,SBSmc1/07,Act,2,Ac,2,KI,FALSE
5758,SBSmc1,SBSmc1/07,Bl,1,Bl,1,KI,FALSE
5759,SBSmc1,SBSmc1/07,Fdi,2,Fd,3,KI,FALSE
5760,SBSmc1,SBSmc1/07,Pli,2,Pl,2,KI,FALSE
5761,SBSmc1,SBSmc1/07,Sxw,1,Sx,1,KI,FALSE
5762,SBSmc1,SBSmc1/08,Act,3,Ac,3,KI,FALSE
5763,SBSmc1,SBSmc1/08,Bl,2,Bl,2,KI,FALSE
5764,SBSmc1,SBSmc1/08,Pli,3,Pl,3,KI,FALSE
5765,SBSmc1,SBSmc1/08,Sxw,1,Sx,2,KI,FALSE
5766,SBSmc2,SBSmc2/01,At,2,At,2,EBL,FALSE
5767,SBSmc2,SBSmc2/01,Bl,1,Bl,1,EBL,FALSE
5768,SBSmc2,SBSmc2/01,Bl,1,Bl,1,EBL,FALSE
5769,SBSmc2,SBSmc2/01,Fdi,2,Fd,3,WHM,TRUE
5770,SBSmc2,SBSmc2/01,Lw,2,Lw,2,WHM,TRUE
5771,SBSmc2,SBSmc2/01,Pli,1,Pl,1,EBL,FALSE
5772,SBSmc2,SBSmc2/01,Sxw,1,Sx,1,EBL,FALSE
5773,SBSmc2,SBSmc2/01a,At,2,At,2,EBL,FALSE
5774,SBSmc2,SBSmc2/01a,Bl,1,Bl,1,EBL,FALSE
5775,SBSmc2,SBSmc2/01a,Fdi,2,Fd,3,WHM,TRUE
5776,SBSmc2,SBSmc2/01a,Lw,2,Lw,2,WHM,TRUE
5777,SBSmc2,SBSmc2/01a,Pli,1,Pl,1,EBL,FALSE
5778,SBSmc2,SBSmc2/01a,Sxw,1,Sx,1,EBL,FALSE
5779,SBSmc2,SBSmc2/01b,At,2,At,2,EBL,FALSE
5780,SBSmc2,SBSmc2/01b,Bl,1,Bl,1,EBL,FALSE
5781,SBSmc2,SBSmc2/01b,Fdi,2,Fd,3,WHM,TRUE
5782,SBSmc2,SBSmc2/01b,Lw,2,Lw,2,WHM,TRUE
5783,SBSmc2,SBSmc2/01b,Pli,1,Pl,1,EBL,FALSE
5784,SBSmc2,SBSmc2/01b,Sxw,1,Sx,1,EBL,FALSE
5785,SBSmc2,SBSmc2/01c,At,2,At,2,EBL,FALSE
5786,SBSmc2,SBSmc2/01c,Bl,1,Bl,2,EBL,FALSE
5787,SBSmc2,SBSmc2/01c,Fdi,2,Fd,3,WHM,TRUE
5788,SBSmc2,SBSmc2/01c,Lw,2,Lw,2,WHM,TRUE
5789,SBSmc2,SBSmc2/01c,Pli,1,Pl,1,EBL,FALSE
5790,SBSmc2,SBSmc2/01c,Sxw,1,Sx,2,EBL,FALSE
5791,SBSmc2,SBSmc2/02,At,3,At,3,EBL,FALSE
5792,SBSmc2,SBSmc2/02,Bl,3,Bl,3,EBL,FALSE
5793,SBSmc2,SBSmc2/02,Pli,2,Pl,2,EBL,FALSE
5794,SBSmc2,SBSmc2/02,Sxw,3,Sx,3,EBL,FALSE
5795,SBSmc2,SBSmc2/02a,At,3,At,3,EBL,FALSE
5796,SBSmc2,SBSmc2/02a,Bl,3,Bl,3,EBL,FALSE
5797,SBSmc2,SBSmc2/02a,Pli,2,Pl,2,EBL,FALSE
5798,SBSmc2,SBSmc2/02a,Sxw,3,Sx,3,EBL,FALSE
5799,SBSmc2,SBSmc2/02b,At,3,At,3,EBL,FALSE
5800,SBSmc2,SBSmc2/02b,Bl,3,Bl,3,EBL,FALSE
5801,SBSmc2,SBSmc2/02b,Pli,2,Pl,2,EBL,FALSE
5802,SBSmc2,SBSmc2/02b,Sxw,3,Sx,3,EBL,FALSE
5803,SBSmc2,SBSmc2/03,At,3,At,3,EBL,FALSE
5804,SBSmc2,SBSmc2/03,Bl,2,Bl,2,EBL,FALSE
5805,SBSmc2,SBSmc2/03,Pli,2,Pl,2,EBL,FALSE
5806,SBSmc2,SBSmc2/03,Sb,2,Sb,2,EBL,FALSE
5807,SBSmc2,SBSmc2/03,Sxw,2,Sx,2,EBL,FALSE
5808,SBSmc2,SBSmc2/04,At,2,At,2,EBL,FALSE
5809,SBSmc2,SBSmc2/04,Fdi,2,Fd,3,WHM,TRUE
5810,SBSmc2,SBSmc2/04,Lw,2,Lw,2,WHM,TRUE
5811,SBSmc2,SBSmc2/05,Act,3,Ac,2,EBL,FALSE
5812,SBSmc2,SBSmc2/05,At,2,At,1,EBL,FALSE
5813,SBSmc2,SBSmc2/05,Bl,1,Bl,1,EBL,FALSE
5814,SBSmc2,SBSmc2/05,Fdi,3,Fd,3,WHM,TRUE
5815,SBSmc2,SBSmc2/05,Lw,3,Lw,3,WHM,TRUE
5816,SBSmc2,SBSmc2/05,Pli,1,Pl,1,EBL,FALSE
5817,SBSmc2,SBSmc2/05,Sxw,1,Sx,1,EBL,FALSE
5818,SBSmc2,SBSmc2/05,Sxw,1,Sx,1,EBL,FALSE
5819,SBSmc2,SBSmc2/06,Act,3,Ac,3,EBL,FALSE
5820,SBSmc2,SBSmc2/06,At,2,At,2,EBL,FALSE
5821,SBSmc2,SBSmc2/06,Bl,1,Bl,1,EBL,FALSE
5822,SBSmc2,SBSmc2/06,Bl,1,Bl,1,EBL,FALSE
5823,SBSmc2,SBSmc2/06,Fdi,3,Fd,3,WHM,TRUE
5824,SBSmc2,SBSmc2/06,Lw,3,Lw,3,WHM,TRUE
5825,SBSmc2,SBSmc2/06,Pli,1,Pl,1,EBL,FALSE
5826,SBSmc2,SBSmc2/06,Sxw,1,Sx,1,EBL,FALSE
5827,SBSmc2,SBSmc2/06,Sxw,1,Sx,1,EBL,FALSE
5828,SBSmc2,SBSmc2/07,At,3,At,3,EBL,FALSE
5829,SBSmc2,SBSmc2/07,Bl,3,Bl,2,EBL,FALSE
5830,SBSmc2,SBSmc2/07,Pli,3,Pl,3,EBL,FALSE
5831,SBSmc2,SBSmc2/07,Sb,2,Sb,2,EBL,FALSE
5832,SBSmc2,SBSmc2/07,Sxw,3,Sx,3,EBL,FALSE
5833,SBSmc2,SBSmc2/08,Act,3,Ac,3,EBL,FALSE
5834,SBSmc2,SBSmc2/08,Bl,2,Bl,2,EBL,FALSE
5835,SBSmc2,SBSmc2/08,Bl,2,Bl,2,EBL,FALSE
5836,SBSmc2,SBSmc2/08,Pli,2,Pl,2,EBL,FALSE
5837,SBSmc2,SBSmc2/08,Pli,2,Pl,2,EBL,FALSE
5838,SBSmc2,SBSmc2/08,Sxw,1,Sx,1,EBL,FALSE
5839,SBSmc2,SBSmc2/09,Act,3,Ac,3,EBL,FALSE
5840,SBSmc2,SBSmc2/09,At,2,At,2,EBL,FALSE
5841,SBSmc2,SBSmc2/09,Bl,1,Bl,1,EBL,FALSE
5842,SBSmc2,SBSmc2/09,Pli,2,Pl,2,EBL,FALSE
5843,SBSmc2,SBSmc2/09,Sxw,1,Sx,1,EBL,FALSE
5844,SBSmc2,SBSmc2/09a,Act,3,Ac,3,EBL,FALSE
5845,SBSmc2,SBSmc2/09a,At,2,At,2,EBL,FALSE
5846,SBSmc2,SBSmc2/09a,Bl,1,Bl,1,EBL,FALSE
5847,SBSmc2,SBSmc2/09a,Pli,2,Pl,2,EBL,FALSE
5848,SBSmc2,SBSmc2/09a,Sxw,1,Sx,1,EBL,FALSE
5849,SBSmc2,SBSmc2/09b,Act,3,Ac,3,EBL,FALSE
5850,SBSmc2,SBSmc2/09b,At,2,At,2,EBL,FALSE
5851,SBSmc2,SBSmc2/09b,Bl,1,Bl,1,EBL,FALSE
5852,SBSmc2,SBSmc2/09b,Pli,2,Pl,2,EBL,FALSE
5853,SBSmc2,SBSmc2/09b,Sxw,1,Sx,1,EBL,FALSE
5854,SBSmc2,SBSmc2/10,Act,2,Ac,3,EBL,FALSE
5855,SBSmc2,SBSmc2/10,At,3,At,3,EBL,FALSE
5856,SBSmc2,SBSmc2/10,Bl,1,Bl,1,EBL,FALSE
5857,SBSmc2,SBSmc2/10,Bl,1,Bl,1,EBL,FALSE
5858,SBSmc2,SBSmc2/10,Pli,2,Pl,2,EBL,FALSE
5859,SBSmc2,SBSmc2/10,Sxw,1,Sx,1,EBL,FALSE
5860,SBSmc2,SBSmc2/10a,Bl,1,Bl,1,EBL,FALSE
5861,SBSmc2,SBSmc2/10a,Pli,2,Pl,2,EBL,FALSE
5862,SBSmc2,SBSmc2/10a,Sxw,1,Sx,1,EBL,FALSE
5863,SBSmc2,SBSmc2/10b,Bl,1,Bl,2,EBL,FALSE
5864,SBSmc2,SBSmc2/10b,Pli,2,Pl,3,EBL,FALSE
5865,SBSmc2,SBSmc2/10b,Sxw,1,Sx,2,EBL,FALSE
5866,SBSmc2,SBSmc2/11,Act,2,Ac,2,EBL,FALSE
5867,SBSmc2,SBSmc2/12,Pli,3,Pl,3,EBL,FALSE
5868,SBSmc2,SBSmc2/12,Sb,3,Sb,3,EBL,FALSE
5869,SBSmc2,SBSmc2/12,Sxw,3,Sx,3,EBL,FALSE
5870,SBSmc3,SBSmc3/01,At,3,At,3,DS,FALSE
5871,SBSmc3,SBSmc3/01,Bl,1,Bl,1,DS,FALSE
5872,SBSmc3,SBSmc3/01,Ep,5,Ep,5,WHM,FALSE
5873,SBSmc3,SBSmc3/01,Fdi,5,Fd,5,WHM,FALSE
5874,SBSmc3,SBSmc3/01,Lw,3,Lw,3,WHM,TRUE
5875,SBSmc3,SBSmc3/01,Pli,1,Pl,1,DS,FALSE
5876,SBSmc3,SBSmc3/01,Sxw,1,Sx,1,DS,FALSE
5877,SBSmc3,SBSmc3/02,Pli,3,Pl,2,DS,FALSE
5878,SBSmc3,SBSmc3/02,Sxw,3,Sx,3,DS,FALSE
5879,SBSmc3,SBSmc3/03,Pli,2,Pl,2,DS,FALSE
5880,SBSmc3,SBSmc3/03,Sxw,3,Sx,3,DS,FALSE
5881,SBSmc3,SBSmc3/04,At,3,At,3,DS,FALSE
5882,SBSmc3,SBSmc3/04,Bl,2,Bl,2,DS,FALSE
5883,SBSmc3,SBSmc3/04,Fdi,5,Fd,5,WHM,FALSE
5884,SBSmc3,SBSmc3/04,Lw,3,Lw,3,WHM,TRUE
5885,SBSmc3,SBSmc3/04,Pli,1,Pl,1,DS,FALSE
5886,SBSmc3,SBSmc3/04,Sb,3,Sb,3,DS,FALSE
5887,SBSmc3,SBSmc3/04,Sxw,2,Sx,2,DS,FALSE
5888,SBSmc3,SBSmc3/05,Pli,1,Pl,1,DS,FALSE
5889,SBSmc3,SBSmc3/05,Sb,2,Sb,2,DS,FALSE
5890,SBSmc3,SBSmc3/05,Sxw,3,Sx,3,DS,FALSE
5891,SBSmc3,SBSmc3/06,Pli,1,Pl,1,DS,FALSE
5892,SBSmc3,SBSmc3/06,Sb,2,Sb,2,DS,FALSE
5893,SBSmc3,SBSmc3/06,Sxw,3,Sx,3,DS,FALSE
5894,SBSmc3,SBSmc3/07,Act,3,Ac,3,DS,FALSE
5895,SBSmc3,SBSmc3/07,At,3,At,3,DS,FALSE
5896,SBSmc3,SBSmc3/07,Bl,1,Bl,2,DS,FALSE
5897,SBSmc3,SBSmc3/07,Ep,5,Ep,5,WHM,FALSE
5898,SBSmc3,SBSmc3/07,Pli,1,Pl,1,DS,FALSE
5899,SBSmc3,SBSmc3/07,Sb,3,Sb,3,DS,FALSE
5900,SBSmc3,SBSmc3/07,Sxw,1,Sx,1,DS,FALSE
5901,SBSmc3,SBSmc3/08,Act,2,Ac,2,DS,FALSE
5902,SBSmc3,SBSmc3/08,Bl,2,Bl,2,DS,FALSE
5903,SBSmc3,SBSmc3/08,Pli,2,Pl,2,DS,FALSE
5904,SBSmc3,SBSmc3/08,Sb,3,Sb,3,DS,FALSE
5905,SBSmc3,SBSmc3/08,Sxw,2,Sx,2,DS,FALSE
5906,SBSmc3,SBSmc3/09,Pli,3,Pl,3,DS,FALSE
5907,SBSmc3,SBSmc3/09,Sb,3,Sb,2,DS,FALSE
5908,SBSmc3,SBSmc3/09,Sxw,3,Sx,3,DS,FALSE
5909,SBSmh,SBSmh/01,Act,3,Ac,3,KI,FALSE
5910,SBSmh,SBSmh/01,Act,3,Ac,3,KI,FALSE
5911,SBSmh,SBSmh/01,Act,3,Ac,3,KI,FALSE
5912,SBSmh,SBSmh/01,Act,3,Ac,3,KI,FALSE
5913,SBSmh,SBSmh/01,At,2,At,2,KI,FALSE
5914,SBSmh,SBSmh/01,Bl,2,Bl,2,KI,FALSE
5915,SBSmh,SBSmh/01,Bl,2,Bl,2,KI,FALSE
5916,SBSmh,SBSmh/01,Bl,2,Bl,2,KI,FALSE
5917,SBSmh,SBSmh/01,Bl,2,Bl,2,KI,FALSE
5918,SBSmh,SBSmh/01,Ep,2,Ep,2,KI,FALSE
5919,SBSmh,SBSmh/01,Fdi,2,Fd,1,KI,FALSE
5920,SBSmh,SBSmh/01,Pli,1,Pl,2,KI,FALSE
5921,SBSmh,SBSmh/01,Sxw,1,Sx,1,KI,FALSE
5922,SBSmh,SBSmh/02,At,3,At,3,KI,FALSE
5923,SBSmh,SBSmh/02,Ep,3,Ep,3,KI,FALSE
5924,SBSmh,SBSmh/02,Fdi,2,Fd,2,KI,FALSE
5925,SBSmh,SBSmh/02,Pli,2,Pl,2,KI,FALSE
5926,SBSmh,SBSmh/02,Bl,4,Bl,4,KI,FALSE
5927,SBSmh,SBSmh/03,At,3,At,3,KI,FALSE
5928,SBSmh,SBSmh/03,At,3,At,3,KI,FALSE
5929,SBSmh,SBSmh/03,At,3,At,3,KI,FALSE
5930,SBSmh,SBSmh/03,At,3,At,3,KI,FALSE
5931,SBSmh,SBSmh/03,Bl,2,Bl,3,KI,FALSE
5932,SBSmh,SBSmh/03,Bl,2,Bl,3,KI,FALSE
5933,SBSmh,SBSmh/03,Bl,2,Bl,3,KI,FALSE
5934,SBSmh,SBSmh/03,Bl,2,Bl,3,KI,FALSE
5935,SBSmh,SBSmh/03,Ep,3,Ep,3,KI,FALSE
5936,SBSmh,SBSmh/03,Fdi,3,Fd,3,KI,FALSE
5937,SBSmh,SBSmh/03,Pli,1,Pl,1,KI,FALSE
5938,SBSmh,SBSmh/03,Sxw,2,Sx,3,KI,FALSE
5939,SBSmh,SBSmh/04,At,3,At,3,KI,FALSE
5940,SBSmh,SBSmh/04,At,3,At,3,KI,FALSE
5941,SBSmh,SBSmh/04,At,3,At,3,KI,FALSE
5942,SBSmh,SBSmh/04,At,3,At,3,KI,FALSE
5943,SBSmh,SBSmh/04,Bl,3,Bl,4,KI,FALSE
5944,SBSmh,SBSmh/04,Bl,3,Bl,4,KI,FALSE
5945,SBSmh,SBSmh/04,Bl,3,Bl,4,KI,FALSE
5946,SBSmh,SBSmh/04,Bl,3,Bl,4,KI,FALSE
5947,SBSmh,SBSmh/04,Ep,2,Ep,3,KI,FALSE
5948,SBSmh,SBSmh/04,Fdi,2,Fd,2,KI,FALSE
5949,SBSmh,SBSmh/04,Sxw,3,Sx,3,KI,FALSE
5950,SBSmh,SBSmh/04,Pli,4,Pl,3,KI,FALSE
5951,SBSmh,SBSmh/05,Act,3,Ac,3,KI,FALSE
5952,SBSmh,SBSmh/05,At,2,At,2,KI,FALSE
5953,SBSmh,SBSmh/05,Bl,2,Bl,2,KI,FALSE
5954,SBSmh,SBSmh/05,Bl,2,Bl,2,KI,FALSE
5955,SBSmh,SBSmh/05,Bl,2,Bl,2,KI,FALSE
5956,SBSmh,SBSmh/05,Bl,2,Bl,2,KI,FALSE
5957,SBSmh,SBSmh/05,Ep,2,Ep,2,KI,FALSE
5958,SBSmh,SBSmh/05,Fdi,2,Fd,2,KI,FALSE
5959,SBSmh,SBSmh/05,Pli,1,Pl,1,KI,FALSE
5960,SBSmh,SBSmh/05,Sxw,1,Sx,2,KI,FALSE
5961,SBSmh,SBSmh/06,Act,3,Ac,3,KI,FALSE
5962,SBSmh,SBSmh/06,Act,3,Ac,3,KI,FALSE
5963,SBSmh,SBSmh/06,Act,3,Ac,3,KI,FALSE
5964,SBSmh,SBSmh/06,Act,3,Ac,3,KI,FALSE
5965,SBSmh,SBSmh/06,At,2,At,2,KI,FALSE
5966,SBSmh,SBSmh/06,Bl,2,Bl,2,KI,FALSE
5967,SBSmh,SBSmh/06,Bl,2,Bl,2,KI,FALSE
5968,SBSmh,SBSmh/06,Bl,2,Bl,2,KI,FALSE
5969,SBSmh,SBSmh/06,Bl,2,Bl,2,KI,FALSE
5970,SBSmh,SBSmh/06,Ep,2,Ep,2,KI,FALSE
5971,SBSmh,SBSmh/06,Fdi,2,Fd,2,KI,FALSE
5972,SBSmh,SBSmh/06,Pli,1,Pl,1,KI,FALSE
5973,SBSmh,SBSmh/06,Sxw,1,Sx,1,KI,FALSE
5974,SBSmh,SBSmh/07,Act,2,Ac,2,KI,FALSE
5975,SBSmh,SBSmh/07,Act,2,Ac,2,KI,FALSE
5976,SBSmh,SBSmh/07,Act,2,Ac,2,KI,FALSE
5977,SBSmh,SBSmh/07,Act,2,Ac,2,KI,FALSE
5978,SBSmh,SBSmh/07,At,2,At,2,KI,FALSE
5979,SBSmh,SBSmh/07,Bl,2,Bl,2,KI,FALSE
5980,SBSmh,SBSmh/07,Bl,2,Bl,2,KI,FALSE
5981,SBSmh,SBSmh/07,Bl,2,Bl,2,KI,FALSE
5982,SBSmh,SBSmh/07,Bl,2,Bl,2,KI,FALSE
5983,SBSmh,SBSmh/07,Ep,2,Ep,2,KI,FALSE
5984,SBSmh,SBSmh/07,Fdi,2,Fd,2,KI,FALSE
5985,SBSmh,SBSmh/07,Sxw,1,Sx,1,KI,FALSE
5986,SBSmh,SBSmh/08,Act,2,Ac,2,KI,FALSE
5987,SBSmh,SBSmh/08,At,2,At,2,KI,FALSE
5988,SBSmh,SBSmh/08,Bl,2,Bl,2,KI,FALSE
5989,SBSmh,SBSmh/08,Bl,2,Bl,2,KI,FALSE
5990,SBSmh,SBSmh/08,Bl,2,Bl,2,KI,FALSE
5991,SBSmh,SBSmh/08,Bl,2,Bl,2,KI,FALSE
5992,SBSmh,SBSmh/08,Ep,2,Ep,2,KI,FALSE
5993,SBSmh,SBSmh/08,Fdi,2,Fd,2,KI,FALSE
5994,SBSmh,SBSmh/08,Sxw,1,Sx,1,KI,FALSE
5995,SBSmh,SBSmh/09,Act,2,Ac,3,KI,FALSE
5996,SBSmh,SBSmh/09,Bl,2,Bl,2,KI,FALSE
5997,SBSmh,SBSmh/09,Bl,2,Bl,2,KI,FALSE
5998,SBSmh,SBSmh/09,Bl,2,Bl,2,KI,FALSE
5999,SBSmh,SBSmh/09,Bl,2,Bl,2,KI,FALSE
6000,SBSmh,SBSmh/09,Sxw,1,Sx,1,KI,FALSE
6001,SBSmh,SBSmh/09,At,4,At,4,KI,FALSE
6002,SBSmh,SBSmh/09,Ep,4,Ep,4,KI,FALSE
6003,SBSmh,SBSmh/09,Fdi,4,Fd,4,KI,FALSE
6004,SBSmk1,SBSmk1/01,At,1,At,1,DS,FALSE
6005,SBSmk1,SBSmk1/01,Bl,1,Bl,1,DS,FALSE
6006,SBSmk1,SBSmk1/01,Ep,1,Ep,1,DS,FALSE
6007,SBSmk1,SBSmk1/01,Fdi,2,Fd,2,DS,FALSE
6008,SBSmk1,SBSmk1/01,Pli,1,Pl,1,DS,FALSE
6009,SBSmk1,SBSmk1/01,Sxw,1,Sx,1,DS,FALSE
6010,SBSmk1,SBSmk1/02,At,3,At,3,DS,FALSE
6011,SBSmk1,SBSmk1/02,Fdi,NA,Fd,3,DS,FALSE
6012,SBSmk1,SBSmk1/02,Pli,2,Pl,2,DS,FALSE
6013,SBSmk1,SBSmk1/02,Sxw,3,Sx,3,DS,FALSE
6014,SBSmk1,SBSmk1/03,At,3,At,3,DS,FALSE
6015,SBSmk1,SBSmk1/03,Pli,1,Pl,1,DS,FALSE
6016,SBSmk1,SBSmk1/03,Sxw,3,Sx,3,DS,FALSE
6017,SBSmk1,SBSmk1/04,At,2,At,2,DS,FALSE
6018,SBSmk1,SBSmk1/04,Bl,3,Bl,3,DS,FALSE
6019,SBSmk1,SBSmk1/04,Ep,2,Ep,2,DS,FALSE
6020,SBSmk1,SBSmk1/04,Fdi,2,Fd,1,DS,FALSE
6021,SBSmk1,SBSmk1/04,Pli,1,Pl,1,DS,FALSE
6022,SBSmk1,SBSmk1/04,Sxw,3,Sx,2,DS,FALSE
6023,SBSmk1,SBSmk1/05,At,1,At,2,DS,FALSE
6024,SBSmk1,SBSmk1/05,Bl,2,Bl,2,DS,FALSE
6025,SBSmk1,SBSmk1/05,Ep,2,Ep,2,DS,FALSE
6026,SBSmk1,SBSmk1/05,Fdi,2,Fd,2,DS,FALSE
6027,SBSmk1,SBSmk1/05,Pli,1,Pl,1,DS,FALSE
6028,SBSmk1,SBSmk1/05,Sxw,1,Sx,1,DS,FALSE
6029,SBSmk1,SBSmk1/06,At,3,At,2,DS,FALSE
6030,SBSmk1,SBSmk1/06,Pli,1,Pl,1,DS,FALSE
6031,SBSmk1,SBSmk1/06,Sb,2,Sb,2,DS,FALSE
6032,SBSmk1,SBSmk1/06,Sxw,3,Sx,3,DS,FALSE
6033,SBSmk1,SBSmk1/07,Act,3,Ac,3,DS,FALSE
6034,SBSmk1,SBSmk1/07,At,1,At,1,DS,FALSE
6035,SBSmk1,SBSmk1/07,Bl,1,Bl,1,DS,FALSE
6036,SBSmk1,SBSmk1/07,Ep,1,Ep,1,DS,FALSE
6037,SBSmk1,SBSmk1/07,Fdi,2,Fd,2,DS,FALSE
6038,SBSmk1,SBSmk1/07,Pli,1,Pl,1,DS,FALSE
6039,SBSmk1,SBSmk1/07,Sxw,1,Sx,1,DS,FALSE
6040,SBSmk1,SBSmk1/08,Act,2,Ac,2,DS,FALSE
6041,SBSmk1,SBSmk1/08,At,2,At,2,DS,FALSE
6042,SBSmk1,SBSmk1/08,Bl,1,Bl,1,DS,FALSE
6043,SBSmk1,SBSmk1/08,Ep,3,Ep,2,DS,FALSE
6044,SBSmk1,SBSmk1/08,Pli,2,Pl,2,DS,FALSE
6045,SBSmk1,SBSmk1/08,Sxw,1,Sx,1,DS,FALSE
6046,SBSmk1,SBSmk1/09,Act,1,Ac,1,DS,FALSE
6047,SBSmk1,SBSmk1/09,At,3,At,3,DS,FALSE
6048,SBSmk1,SBSmk1/09,Bl,2,Bl,2,DS,FALSE
6049,SBSmk1,SBSmk1/09,Pli,3,Pl,3,DS,FALSE
6050,SBSmk1,SBSmk1/09,Sb,3,Sb,3,DS,FALSE
6051,SBSmk1,SBSmk1/09,Sxw,2,Sx,2,DS,FALSE
6052,SBSmk1,SBSmk1/09a,Act,1,Ac,1,DS,FALSE
6053,SBSmk1,SBSmk1/09a,At,3,At,3,DS,FALSE
6054,SBSmk1,SBSmk1/09a,Bl,2,Bl,2,DS,FALSE
6055,SBSmk1,SBSmk1/09a,Pli,3,Pl,2,DS,FALSE
6056,SBSmk1,SBSmk1/09a,Sb,3,Sb,3,DS,FALSE
6057,SBSmk1,SBSmk1/09a,Sxw,2,Sx,2,DS,FALSE
6058,SBSmk1,SBSmk1/09b,Act,1,Ac,1,DS,FALSE
6059,SBSmk1,SBSmk1/09b,At,3,At,3,DS,FALSE
6060,SBSmk1,SBSmk1/09b,Bl,2,Bl,2,DS,FALSE
6061,SBSmk1,SBSmk1/09b,Pli,3,Pl,3,DS,FALSE
6062,SBSmk1,SBSmk1/09b,Sb,3,Sb,2,DS,FALSE
6063,SBSmk1,SBSmk1/09b,Sxw,2,Sx,2,DS,FALSE
6064,SBSmk1,SBSmk1/10,Pli,3,Pl,2,DS,FALSE
6065,SBSmk1,SBSmk1/10,Sb,3,Sb,2,DS,FALSE
6066,SBSmk1,SBSmk1/10,Sxw,3,Sx,2,DS,FALSE
6067,SBSmk2,SBSmk2/01,At,2,At,2,DS,FALSE
6068,SBSmk2,SBSmk2/01,Bl,2,Bl,2,DS,FALSE
6069,SBSmk2,SBSmk2/01,Ep,2,Ep,2,DS,FALSE
6070,SBSmk2,SBSmk2/01,Pli,1,Pl,1,DS,FALSE
6071,SBSmk2,SBSmk2/01,Sxw,1,Sx,1,DS,FALSE
6072,SBSmk2,SBSmk2/01,Sxw,1,Sx,1,DS,FALSE
6073,SBSmk2,SBSmk2/02,At,3,At,3,DS,FALSE
6074,SBSmk2,SBSmk2/02,Pli,2,Pl,1,DS,FALSE
6075,SBSmk2,SBSmk2/02,Sxw,3,Sx,3,DS,FALSE
6076,SBSmk2,SBSmk2/03,At,2,At,2,DS,FALSE
6077,SBSmk2,SBSmk2/03,Bl,3,Bl,2,DS,FALSE
6078,SBSmk2,SBSmk2/03,Ep,2,Ep,2,DS,FALSE
6079,SBSmk2,SBSmk2/03,Pli,1,Pl,1,DS,FALSE
6080,SBSmk2,SBSmk2/03,Sxw,2,Sx,2,DS,FALSE
6081,SBSmk2,SBSmk2/04,At,3,At,3,DS,FALSE
6082,SBSmk2,SBSmk2/04,Pli,1,Pl,1,DS,FALSE
6083,SBSmk2,SBSmk2/04,Sb,1,Sb,1,DS,FALSE
6084,SBSmk2,SBSmk2/04,Sxw,3,Sx,3,DS,FALSE
6085,SBSmk2,SBSmk2/05,Act,3,Ac,3,DS,FALSE
6086,SBSmk2,SBSmk2/05,At,2,At,2,DS,FALSE
6087,SBSmk2,SBSmk2/05,Bl,2,Bl,2,DS,FALSE
6088,SBSmk2,SBSmk2/05,Ep,2,Ep,2,DS,FALSE
6089,SBSmk2,SBSmk2/05,Pli,1,Pl,1,DS,FALSE
6090,SBSmk2,SBSmk2/05,Sxw,1,Sx,1,DS,FALSE
6091,SBSmk2,SBSmk2/06,Act,2,Ac,2,DS,FALSE
6092,SBSmk2,SBSmk2/06,At,3,At,3,DS,FALSE
6093,SBSmk2,SBSmk2/06,Bl,2,Bl,2,DS,FALSE
6094,SBSmk2,SBSmk2/06,Pli,2,Pl,2,DS,FALSE
6095,SBSmk2,SBSmk2/06,Sxw,1,Sx,1,DS,FALSE
6096,SBSmw,SBSmw/01,Act,3,Ac,3,KI,FALSE
6097,SBSmw,SBSmw/01,At,1,At,1,KI,FALSE
6098,SBSmw,SBSmw/01,Bl,1,Bl,1,KI,FALSE
6099,SBSmw,SBSmw/01,Ep,1,Ep,2,KI,FALSE
6100,SBSmw,SBSmw/01,Fdi,1,Fd,1,KI,FALSE
6101,SBSmw,SBSmw/01,Lw,2,Lw,2,WHM,TRUE
6102,SBSmw,SBSmw/01,Pli,1,Pl,1,KI,FALSE
6103,SBSmw,SBSmw/01,Sxw,1,Sx,1,KI,FALSE
6104,SBSmw,SBSmw/02,At,2,At,2,KI,FALSE
6105,SBSmw,SBSmw/02,Bl,3,Bl,3,KI,FALSE
6106,SBSmw,SBSmw/02,Ep,3,Ep,4,KI,FALSE
6107,SBSmw,SBSmw/02,Fdi,2,Fd,2,KI,FALSE
6108,SBSmw,SBSmw/02,Pli,2,Pl,2,KI,FALSE
6109,SBSmw,SBSmw/02,Sxw,3,Sx,3,KI,FALSE
6110,SBSmw,SBSmw/03,At,2,At,2,KI,FALSE
6111,SBSmw,SBSmw/03,Bl,3,Bl,3,KI,FALSE
6112,SBSmw,SBSmw/03,Fdi,2,Fd,2,KI,FALSE
6113,SBSmw,SBSmw/03,Pli,1,Pl,1,KI,FALSE
6114,SBSmw,SBSmw/03,Sxw,3,Sx,3,KI,FALSE
6115,SBSmw,SBSmw/04,At,3,At,3,KI,FALSE
6116,SBSmw,SBSmw/04,At,3,At,3,KI,FALSE
6117,SBSmw,SBSmw/04,At,3,At,3,KI,FALSE
6118,SBSmw,SBSmw/04,At,3,At,3,KI,FALSE
6119,SBSmw,SBSmw/04,Bl,2,Bl,2,KI,FALSE
6120,SBSmw,SBSmw/04,Ep,3,Ep,3,KI,FALSE
6121,SBSmw,SBSmw/04,Ep,3,Ep,3,KI,FALSE
6122,SBSmw,SBSmw/04,Ep,3,Ep,3,KI,FALSE
6123,SBSmw,SBSmw/04,Ep,3,Ep,3,KI,FALSE
6124,SBSmw,SBSmw/04,Fdi,1,Fd,1,KI,FALSE
6125,SBSmw,SBSmw/04,Lw,2,Lw,2,WHM,TRUE
6126,SBSmw,SBSmw/04,Pli,1,Pl,1,KI,FALSE
6127,SBSmw,SBSmw/04,Sxw,2,Sx,3,KI,FALSE
6128,SBSmw,SBSmw/05,Act,3,Ac,4,KI,FALSE
6129,SBSmw,SBSmw/05,Act,3,Ac,4,KI,FALSE
6130,SBSmw,SBSmw/05,Act,3,Ac,4,KI,FALSE
6131,SBSmw,SBSmw/05,Act,3,Ac,4,KI,FALSE
6132,SBSmw,SBSmw/05,At,3,At,3,KI,FALSE
6133,SBSmw,SBSmw/05,Bl,2,Bl,2,KI,FALSE
6134,SBSmw,SBSmw/05,Pli,2,Pl,2,KI,FALSE
6135,SBSmw,SBSmw/05,Sxw,2,Sx,3,KI,FALSE
6136,SBSmw,SBSmw/05,Fdi,4,Fd,4,KI,FALSE
6137,SBSmw,SBSmw/06,Act,3,Ac,3,KI,FALSE
6138,SBSmw,SBSmw/06,Act,3,Ac,3,KI,FALSE
6139,SBSmw,SBSmw/06,Act,3,Ac,3,KI,FALSE
6140,SBSmw,SBSmw/06,Act,3,Ac,3,KI,FALSE
6141,SBSmw,SBSmw/06,At,2,At,2,KI,FALSE
6142,SBSmw,SBSmw/06,Bl,1,Bl,1,KI,FALSE
6143,SBSmw,SBSmw/06,Bl,1,Bl,1,KI,FALSE
6144,SBSmw,SBSmw/06,Bl,1,Bl,1,KI,FALSE
6145,SBSmw,SBSmw/06,Bl,1,Bl,1,KI,FALSE
6146,SBSmw,SBSmw/06,Ep,2,Ep,2,KI,FALSE
6147,SBSmw,SBSmw/06,Fdi,2,Fd,3,KI,FALSE
6148,SBSmw,SBSmw/06,Lw,2,Lw,2,WHM,TRUE
6149,SBSmw,SBSmw/06,Pli,1,Pl,1,KI,FALSE
6150,SBSmw,SBSmw/06,Sxw,1,Sx,1,KI,FALSE
6151,SBSmw,SBSmw/07,Act,3,Ac,3,KI,FALSE
6152,SBSmw,SBSmw/07,At,3,At,3,KI,FALSE
6153,SBSmw,SBSmw/07,Bl,1,Bl,1,KI,FALSE
6154,SBSmw,SBSmw/07,Bl,1,Bl,1,KI,FALSE
6155,SBSmw,SBSmw/07,Bl,1,Bl,1,KI,FALSE
6156,SBSmw,SBSmw/07,Bl,1,Bl,1,KI,FALSE
6157,SBSmw,SBSmw/07,Pli,2,Pl,2,KI,FALSE
6158,SBSmw,SBSmw/07,Pli,2,Pl,2,KI,FALSE
6159,SBSmw,SBSmw/07,Pli,2,Pl,2,KI,FALSE
6160,SBSmw,SBSmw/07,Pli,2,Pl,2,KI,FALSE
6161,SBSmw,SBSmw/07,Sxw,1,Sx,1,KI,FALSE
6162,SBSmw,SBSmw/07,Ep,4,Ep,3,KI,FALSE
6163,SBSmw,SBSmw/08,Act,2,Ac,2,KI,FALSE
6164,SBSmw,SBSmw/08,Act,2,Ac,2,KI,FALSE
6165,SBSmw,SBSmw/08,Act,2,Ac,2,KI,FALSE
6166,SBSmw,SBSmw/08,Act,2,Ac,2,KI,FALSE
6167,SBSmw,SBSmw/08,At,2,At,2,KI,FALSE
6168,SBSmw,SBSmw/08,Bl,2,Bl,2,KI,FALSE
6169,SBSmw,SBSmw/08,Ep,2,Ep,2,KI,FALSE
6170,SBSmw,SBSmw/08,Fdi,2,Fd,2,KI,FALSE
6171,SBSmw,SBSmw/08,Pli,2,Pl,2,KI,FALSE
6172,SBSmw,SBSmw/08,Sxw,1,Sx,1,KI,FALSE
6173,SBSmw,SBSmw/09,Act,3,Ac,3,KI,FALSE
6174,SBSmw,SBSmw/09,Bl,3,Bl,3,KI,FALSE
6175,SBSmw,SBSmw/09,Pli,3,Pl,3,KI,FALSE
6176,SBSmw,SBSmw/09,Sxw,2,Sx,2,KI,FALSE
6177,SBSmw,SBSmw/10,Pli,3,Pl,3,KI,FALSE
6178,SBSmw,SBSmw/10,Sb,3,Sb,3,KI,FALSE
6179,SBSmw,SBSmw/10,Sxw,3,Sx,3,KI,FALSE
6180,SBSmw,SBSmw/10,Bl,4,Bl,4,KI,FALSE
6181,SBSmw,SBSmw/11,Sb,NA,Sb,3,KI,FALSE
6182,SBSmw,SBSmw/11,Bl,NA,Bl,2,KI,FALSE
6183,SBSmw,SBSmw/11,Sx,NA,Sx,2,KI,FALSE
6184,SBSmw,SBSmw/11,Pli,NA,Pl,1,KI,FALSE
6185,SBSmw,SBSmw/12,Bl,NA,Bl,3,KI,FALSE
6186,SBSmw,SBSmw/12,Sb,NA,Sb,3,KI,FALSE
6187,SBSmw,SBSmw/12,Pli,NA,Pl,2,KI,FALSE
6188,SBSmw,SBSmw/12,Sx,NA,Sx,2,KI,FALSE
6189,SBSmw,SBSmw/13,Pli,NA,Pl,3,KI,FALSE
6190,SBSmw,SBSmw/13,Sb,NA,Sb,3,KI,FALSE
6191,SBSmw,SBSmw/13,Bl,NA,Bl,2,KI,FALSE
6192,SBSmw,SBSmw/13,Sx,NA,Sx,2,KI,FALSE
6193,SBSvk,SBSvk/01,Act,3,Ac,3,DS,FALSE
6194,SBSvk,SBSvk/01,At,3,At,3,DS,FALSE
6195,SBSvk,SBSvk/01,Bl,1,Bl,1,DS,FALSE
6196,SBSvk,SBSvk/01,Ep,3,Ep,3,DS,FALSE
6197,SBSvk,SBSvk/01,Fdi,3,Fd,3,DS,FALSE
6198,SBSvk,SBSvk/01,Pli,3,Pl,3,DS,FALSE
6199,SBSvk,SBSvk/01,Sxw,1,Sx,1,DS,FALSE
6200,SBSvk,SBSvk/02,At,3,At,3,DS,FALSE
6201,SBSvk,SBSvk/02,Bl,3,Bl,3,DS,FALSE
6202,SBSvk,SBSvk/02,Pli,2,Pl,1,DS,FALSE
6203,SBSvk,SBSvk/02,Sxw,3,Sx,2,DS,FALSE
6204,SBSvk,SBSvk/03,At,3,At,3,DS,FALSE
6205,SBSvk,SBSvk/03,Bl,2,Bl,2,DS,FALSE
6206,SBSvk,SBSvk/03,Ep,3,Ep,3,DS,FALSE
6207,SBSvk,SBSvk/03,Fdi,2,Fd,1,DS,FALSE
6208,SBSvk,SBSvk/03,Pli,2,Pl,2,DS,FALSE
6209,SBSvk,SBSvk/03,Sxw,2,Sx,1,DS,FALSE
6210,SBSvk,SBSvk/04,Act,3,Ac,3,DS,FALSE
6211,SBSvk,SBSvk/04,At,3,At,3,DS,FALSE
6212,SBSvk,SBSvk/04,Bl,2,Bl,2,DS,FALSE
6213,SBSvk,SBSvk/04,Ep,3,Ep,3,DS,FALSE
6214,SBSvk,SBSvk/04,Fdi,3,Fd,3,DS,FALSE
6215,SBSvk,SBSvk/04,Pli,2,Pl,2,DS,FALSE
6216,SBSvk,SBSvk/04,Sxw,1,Sx,1,DS,FALSE
6217,SBSvk,SBSvk/05,Act,3,Ac,3,DS,FALSE
6218,SBSvk,SBSvk/05,At,3,At,3,DS,FALSE
6219,SBSvk,SBSvk/05,Bl,1,Bl,1,DS,FALSE
6220,SBSvk,SBSvk/05,Pli,3,Pl,3,DS,FALSE
6221,SBSvk,SBSvk/05,Sxw,1,Sx,1,DS,FALSE
6222,SBSvk,SBSvk/06,Act,3,Ac,3,DS,FALSE
6223,SBSvk,SBSvk/06,At,3,At,3,DS,FALSE
6224,SBSvk,SBSvk/06,Bl,1,Bl,1,DS,FALSE
6225,SBSvk,SBSvk/06,Pli,3,Pl,3,DS,FALSE
6226,SBSvk,SBSvk/06,Sxw,1,Sx,1,DS,FALSE
6227,SBSvk,SBSvk/07,Act,3,Ac,2,DS,FALSE
6228,SBSvk,SBSvk/07,Bl,1,Bl,1,DS,FALSE
6229,SBSvk,SBSvk/07,Pli,3,Pl,3,DS,FALSE
6230,SBSvk,SBSvk/07,Sxw,1,Sx,1,DS,FALSE
6231,SBSvk,SBSvk/08,Pli,3,Pl,3,DS,FALSE
6232,SBSvk,SBSvk/08,Sb,3,Sb,3,DS,FALSE
6233,SBSvk,SBSvk/08,Sxw,3,Sx,3,DS,FALSE
6234,SBSvk,SBSvk/09,Bl,3,Bl,3,DS,FALSE
6235,SBSvk,SBSvk/09,Pli,1,Pl,1,DS,FALSE
6236,SBSvk,SBSvk/09,Sxw,3,Sx,3,DS,FALSE
6237,SBSvk,SBSvk/10,Bl,1,Bl,1,DS,FALSE
6238,SBSvk,SBSvk/10,Sxw,1,Sx,1,DS,FALSE
6239,SBSwk1,SBSwk1/01,Act,3,Ac,3,KI,FALSE
6240,SBSwk1,SBSwk1/01,At,3,At,3,KI,FALSE
6241,SBSwk1,SBSwk1/01,Bl,1,Bl,1,KI,FALSE
6242,SBSwk1,SBSwk1/01,Bl,1,Bl,1,KI,FALSE
6243,SBSwk1,SBSwk1/01,Bl,1,Bl,1,KI,FALSE
6244,SBSwk1,SBSwk1/01,Bl,1,Bl,1,KI,FALSE
6245,SBSwk1,SBSwk1/01,Ep,3,Ep,3,KI,FALSE
6246,SBSwk1,SBSwk1/01,Fdi,3,Fd,3,KI,FALSE
6247,SBSwk1,SBSwk1/01,Fdi,3,Fd,3,KI,FALSE
6248,SBSwk1,SBSwk1/01,Fdi,3,Fd,3,KI,FALSE
6249,SBSwk1,SBSwk1/01,Fdi,3,Fd,3,KI,FALSE
6250,SBSwk1,SBSwk1/01,Pli,1,Pl,1,KI,FALSE
6251,SBSwk1,SBSwk1/01,Sxw,1,Sx,1,KI,FALSE
6252,SBSwk1,SBSwk1/02,Bl,3,Bl,3,KI,FALSE
6253,SBSwk1,SBSwk1/02,Fdi,3,Fd,3,KI,FALSE
6254,SBSwk1,SBSwk1/02,Pli,2,Pl,2,KI,FALSE
6255,SBSwk1,SBSwk1/02,Sxw,3,Sx,3,KI,FALSE
6256,SBSwk1,SBSwk1/02,Ep,4,Ep,4,KI,FALSE
6257,SBSwk1,SBSwk1/02,At,4,At,3,KI,FALSE
6258,SBSwk1,SBSwk1/03,At,3,At,3,KI,FALSE
6259,SBSwk1,SBSwk1/03,Bl,3,Bl,3,KI,FALSE
6260,SBSwk1,SBSwk1/03,Bl,3,Bl,3,KI,FALSE
6261,SBSwk1,SBSwk1/03,Bl,3,Bl,3,KI,FALSE
6262,SBSwk1,SBSwk1/03,Bl,3,Bl,3,KI,FALSE
6263,SBSwk1,SBSwk1/03,Fdi,3,Fd,3,KI,FALSE
6264,SBSwk1,SBSwk1/03,Fdi,3,Fd,3,KI,FALSE
6265,SBSwk1,SBSwk1/03,Fdi,3,Fd,3,KI,FALSE
6266,SBSwk1,SBSwk1/03,Fdi,3,Fd,3,KI,FALSE
6267,SBSwk1,SBSwk1/03,Pli,1,Pl,1,KI,FALSE
6268,SBSwk1,SBSwk1/03,Sxw,3,Sx,3,KI,FALSE
6269,SBSwk1,SBSwk1/03,Sxw,3,Sx,3,KI,FALSE
6270,SBSwk1,SBSwk1/03,Sxw,3,Sx,3,KI,FALSE
6271,SBSwk1,SBSwk1/03,Sxw,3,Sx,3,KI,FALSE
6272,SBSwk1,SBSwk1/03,Ep,4,Ep,4,KI,FALSE
6273,SBSwk1,SBSwk1/04,At,3,At,3,KI,FALSE
6274,SBSwk1,SBSwk1/04,Bl,2,Bl,3,KI,FALSE
6275,SBSwk1,SBSwk1/04,Bl,2,Bl,3,KI,FALSE
6276,SBSwk1,SBSwk1/04,Bl,2,Bl,3,KI,FALSE
6277,SBSwk1,SBSwk1/04,Bl,2,Bl,3,KI,FALSE
6278,SBSwk1,SBSwk1/04,Ep,3,Ep,3,KI,FALSE
6279,SBSwk1,SBSwk1/04,Ep,3,Ep,3,KI,FALSE
6280,SBSwk1,SBSwk1/04,Ep,3,Ep,3,KI,FALSE
6281,SBSwk1,SBSwk1/04,Ep,3,Ep,3,KI,FALSE
6282,SBSwk1,SBSwk1/04,Fdi,2,Fd,3,KI,FALSE
6283,SBSwk1,SBSwk1/04,Pli,1,Pl,1,KI,FALSE
6284,SBSwk1,SBSwk1/04,Sxw,2,Sx,2,KI,FALSE
6285,SBSwk1,SBSwk1/05,At,3,At,3,KI,FALSE
6286,SBSwk1,SBSwk1/05,Bl,1,Bl,1,KI,FALSE
6287,SBSwk1,SBSwk1/05,Bl,1,Bl,1,KI,FALSE
6288,SBSwk1,SBSwk1/05,Bl,1,Bl,1,KI,FALSE
6289,SBSwk1,SBSwk1/05,Bl,1,Bl,1,KI,FALSE
6290,SBSwk1,SBSwk1/05,Ep,3,Ep,3,KI,FALSE
6291,SBSwk1,SBSwk1/05,Fdi,3,Fd,3,KI,FALSE
6292,SBSwk1,SBSwk1/05,Pli,1,Pl,1,KI,FALSE
6293,SBSwk1,SBSwk1/05,Sxw,1,Sx,1,KI,FALSE
6294,SBSwk1,SBSwk1/06,Act,3,Ac,4,KI,FALSE
6295,SBSwk1,SBSwk1/06,At,3,At,4,KI,FALSE
6296,SBSwk1,SBSwk1/06,Bl,2,Bl,2,KI,FALSE
6297,SBSwk1,SBSwk1/06,Bl,2,Bl,2,KI,FALSE
6298,SBSwk1,SBSwk1/06,Bl,2,Bl,2,KI,FALSE
6299,SBSwk1,SBSwk1/06,Bl,2,Bl,2,KI,FALSE
6300,SBSwk1,SBSwk1/06,Ep,3,Ep,3,KI,FALSE
6301,SBSwk1,SBSwk1/06,Pli,1,Pl,1,KI,FALSE
6302,SBSwk1,SBSwk1/06,Sb,3,Sb,3,KI,FALSE
6303,SBSwk1,SBSwk1/06,Sxw,1,Sx,1,KI,FALSE
6304,SBSwk1,SBSwk1/07,Act,3,Ac,3,KI,FALSE
6305,SBSwk1,SBSwk1/07,Act,3,Ac,3,KI,FALSE
6306,SBSwk1,SBSwk1/07,Act,3,Ac,3,KI,FALSE
6307,SBSwk1,SBSwk1/07,Act,3,Ac,3,KI,FALSE
6308,SBSwk1,SBSwk1/07,At,3,At,3,KI,FALSE
6309,SBSwk1,SBSwk1/07,At,3,At,3,KI,FALSE
6310,SBSwk1,SBSwk1/07,At,3,At,3,KI,FALSE
6311,SBSwk1,SBSwk1/07,At,3,At,3,KI,FALSE
6312,SBSwk1,SBSwk1/07,Bl,2,Bl,2,KI,FALSE
6313,SBSwk1,SBSwk1/07,Bl,2,Bl,2,KI,FALSE
6314,SBSwk1,SBSwk1/07,Bl,2,Bl,2,KI,FALSE
6315,SBSwk1,SBSwk1/07,Bl,2,Bl,2,KI,FALSE
6316,SBSwk1,SBSwk1/07,Ep,3,Ep,3,KI,FALSE
6317,SBSwk1,SBSwk1/07,Ep,3,Ep,3,KI,FALSE
6318,SBSwk1,SBSwk1/07,Ep,3,Ep,3,KI,FALSE
6319,SBSwk1,SBSwk1/07,Ep,3,Ep,3,KI,FALSE
6320,SBSwk1,SBSwk1/07,Pli,2,Pl,2,KI,FALSE
6321,SBSwk1,SBSwk1/07,Pli,2,Pl,2,KI,FALSE
6322,SBSwk1,SBSwk1/07,Pli,2,Pl,2,KI,FALSE
6323,SBSwk1,SBSwk1/07,Pli,2,Pl,2,KI,FALSE
6324,SBSwk1,SBSwk1/07,Sxw,1,Sx,1,KI,FALSE
6325,SBSwk1,SBSwk1/08,Act,3,Ac,3,KI,FALSE
6326,SBSwk1,SBSwk1/08,Act,3,Ac,3,KI,FALSE
6327,SBSwk1,SBSwk1/08,Act,3,Ac,3,KI,FALSE
6328,SBSwk1,SBSwk1/08,Act,3,Ac,3,KI,FALSE
6329,SBSwk1,SBSwk1/08,At,3,At,3,KI,FALSE
6330,SBSwk1,SBSwk1/08,At,3,At,3,KI,FALSE
6331,SBSwk1,SBSwk1/08,At,3,At,3,KI,FALSE
6332,SBSwk1,SBSwk1/08,At,3,At,3,KI,FALSE
6333,SBSwk1,SBSwk1/08,Bl,2,Bl,2,KI,FALSE
6334,SBSwk1,SBSwk1/08,Bl,2,Bl,2,KI,FALSE
6335,SBSwk1,SBSwk1/08,Bl,2,Bl,2,KI,FALSE
6336,SBSwk1,SBSwk1/08,Bl,2,Bl,2,KI,FALSE
6337,SBSwk1,SBSwk1/08,Ep,3,Ep,3,KI,FALSE
6338,SBSwk1,SBSwk1/08,Ep,3,Ep,3,KI,FALSE
6339,SBSwk1,SBSwk1/08,Ep,3,Ep,3,KI,FALSE
6340,SBSwk1,SBSwk1/08,Ep,3,Ep,3,KI,FALSE
6341,SBSwk1,SBSwk1/08,Pli,3,Pl,3,KI,FALSE
6342,SBSwk1,SBSwk1/08,Sxw,1,Sx,1,KI,FALSE
6343,SBSwk1,SBSwk1/09,Act,3,Ac,3,KI,FALSE
6344,SBSwk1,SBSwk1/09,At,3,At,3,KI,FALSE
6345,SBSwk1,SBSwk1/09,Bl,2,Bl,2,KI,FALSE
6346,SBSwk1,SBSwk1/09,Bl,2,Bl,2,KI,FALSE
6347,SBSwk1,SBSwk1/09,Bl,2,Bl,2,KI,FALSE
6348,SBSwk1,SBSwk1/09,Bl,2,Bl,2,KI,FALSE
6349,SBSwk1,SBSwk1/09,Pli,3,Pl,3,KI,FALSE
6350,SBSwk1,SBSwk1/09,Sxw,1,Sx,2,KI,FALSE
6351,SBSwk1,SBSwk1/11,Bl,3,Bl,3,KI,FALSE
6352,SBSwk1,SBSwk1/11,Pli,2,Pl,3,KI,FALSE
6353,SBSwk1,SBSwk1/11,Sb,2,Sb,2,KI,FALSE
6354,SBSwk1,SBSwk1/11,Sxw,2,Sx,2,KI,FALSE
6355,SBSwk1,SBSwk1/11,Ac,4,Ac,4,KI,FALSE
6356,SBSwk1,SBSwk1/11,At,4,At,4,KI,FALSE
6357,SBSwk2,SBSwk2/01,Act,3,Ac,3,DS,FALSE
6358,SBSwk2,SBSwk2/01,At,3,At,2,DS,FALSE
6359,SBSwk2,SBSwk2/01,Bl,1,Bl,1,DS,FALSE
6360,SBSwk2,SBSwk2/01,Ep,2,Ep,2,DS,FALSE
6361,SBSwk2,SBSwk2/01,Pli,1,Pl,1,DS,FALSE
6362,SBSwk2,SBSwk2/01,Sxw,1,Sx,1,DS,FALSE
6363,SBSwk2,SBSwk2/02,Bl,3,Bl,3,DS,FALSE
6364,SBSwk2,SBSwk2/02,Pli,2,Pl,2,DS,FALSE
6365,SBSwk2,SBSwk2/02,Sxw,3,Sx,3,DS,FALSE
6366,SBSwk2,SBSwk2/03,At,3,At,3,DS,FALSE
6367,SBSwk2,SBSwk2/03,Bl,2,Bl,2,DS,FALSE
6368,SBSwk2,SBSwk2/03,Ep,2,Ep,3,DS,FALSE
6369,SBSwk2,SBSwk2/03,Pli,1,Pl,1,DS,FALSE
6370,SBSwk2,SBSwk2/03,Sxw,1,Sx,1,DS,FALSE
6371,SBSwk2,SBSwk2/03,Sxw,1,Sx,1,DS,FALSE
6372,SBSwk2,SBSwk2/03,Sxw,1,Sx,1,DS,FALSE
6373,SBSwk2,SBSwk2/03,Sxw,1,Sx,1,DS,FALSE
6374,SBSwk2,SBSwk2/04,At,3,At,3,DS,FALSE
6375,SBSwk2,SBSwk2/04,Pli,1,Pl,1,DS,FALSE
6376,SBSwk2,SBSwk2/04,Sb,1,Sb,2,DS,FALSE
6377,SBSwk2,SBSwk2/04,Sxw,3,Sx,2,DS,FALSE
6378,SBSwk2,SBSwk2/04,Sxw,3,Sx,2,DS,FALSE
6379,SBSwk2,SBSwk2/04,Sxw,3,Sx,2,DS,FALSE
6380,SBSwk2,SBSwk2/04,Sxw,3,Sx,2,DS,FALSE
6381,SBSwk2,SBSwk2/05,Act,3,Ac,3,DS,FALSE
6382,SBSwk2,SBSwk2/05,At,3,At,2,DS,FALSE
6383,SBSwk2,SBSwk2/05,Bl,1,Bl,1,DS,FALSE
6384,SBSwk2,SBSwk2/05,Ep,2,Ep,2,DS,FALSE
6385,SBSwk2,SBSwk2/05,Pli,2,Pl,2,DS,FALSE
6386,SBSwk2,SBSwk2/05,Sxw,1,Sx,1,DS,FALSE
6387,SBSwk2,SBSwk2/06,Act,3,Ac,2,DS,FALSE
6388,SBSwk2,SBSwk2/06,At,3,At,2,DS,FALSE
6389,SBSwk2,SBSwk2/06,Bl,1,Bl,2,DS,FALSE
6390,SBSwk2,SBSwk2/06,Pli,2,Pl,2,DS,FALSE
6391,SBSwk2,SBSwk2/06,Sxw,1,Sx,1,DS,FALSE
6392,SBSwk2,SBSwk2/06,Sxw,1,Sx,1,DS,FALSE
6393,SBSwk2,SBSwk2/06,Sxw,1,Sx,1,DS,FALSE
6394,SBSwk2,SBSwk2/06,Sxw,1,Sx,1,DS,FALSE
6395,SBSwk3,SBSwk3/01,Act,3,Ac,3,DS,FALSE
6396,SBSwk3,SBSwk3/01,At,2,At,2,DS,FALSE
6397,SBSwk3,SBSwk3/01,Bl,1,Bl,1,DS,FALSE
6398,SBSwk3,SBSwk3/01,Ep,2,Ep,2,DS,FALSE
6399,SBSwk3,SBSwk3/01,Pli,1,Pl,1,DS,FALSE
6400,SBSwk3,SBSwk3/01,Sxw,1,Sx,1,DS,FALSE
6401,SBSwk3,SBSwk3/01,Sxw,1,Sx,1,DS,FALSE
6402,SBSwk3,SBSwk3/02,Bl,3,Bl,3,DS,FALSE
6403,SBSwk3,SBSwk3/02,Pli,2,Pl,2,DS,FALSE
6404,SBSwk3,SBSwk3/02,Sxw,3,Sx,3,DS,FALSE
6405,SBSwk3,SBSwk3/02,Sxw,3,Sx,3,DS,FALSE
6406,SBSwk3,SBSwk3/03,At,3,At,3,DS,FALSE
6407,SBSwk3,SBSwk3/03,Ep,2,Ep,2,DS,FALSE
6408,SBSwk3,SBSwk3/03,Fdi,2,Fd,1,DS,FALSE
6409,SBSwk3,SBSwk3/03,Pli,1,Pl,1,DS,FALSE
6410,SBSwk3,SBSwk3/03,Sxw,2,Sx,2,DS,FALSE
6411,SBSwk3,SBSwk3/03,Sxw,2,Sx,2,DS,FALSE
6412,SBSwk3,SBSwk3/04,At,2,At,2,DS,FALSE
6413,SBSwk3,SBSwk3/04,Bl,2,Bl,2,DS,FALSE
6414,SBSwk3,SBSwk3/04,Ep,2,Ep,2,DS,FALSE
6415,SBSwk3,SBSwk3/04,Pli,1,Pl,1,DS,FALSE
6416,SBSwk3,SBSwk3/04,Sxw,1,Sx,1,DS,FALSE
6417,SBSwk3,SBSwk3/04,Sxw,1,Sx,1,DS,FALSE
6418,SBSwk3,SBSwk3/05,At,3,At,3,DS,FALSE
6419,SBSwk3,SBSwk3/05,Pli,1,Pl,2,DS,FALSE
6420,SBSwk3,SBSwk3/05,Sb,2,Sb,2,DS,FALSE
6421,SBSwk3,SBSwk3/05,Sxw,3,Sx,3,DS,FALSE
6422,SBSwk3,SBSwk3/05,Sxw,3,Sx,3,DS,FALSE
6423,SBSwk3,SBSwk3/06,Act,3,Ac,3,DS,FALSE
6424,SBSwk3,SBSwk3/06,At,2,At,2,DS,FALSE
6425,SBSwk3,SBSwk3/06,Bl,1,Bl,1,DS,FALSE
6426,SBSwk3,SBSwk3/06,Ep,3,Ep,2,DS,FALSE
6427,SBSwk3,SBSwk3/06,Pli,1,Pl,1,DS,FALSE
6428,SBSwk3,SBSwk3/06,Sxw,1,Sx,1,DS,FALSE
6429,SBSwk3,SBSwk3/06,Sxw,1,Sx,1,DS,FALSE
6430,SBSwk3,SBSwk3/07,Act,3,Ac,3,DS,FALSE
6431,SBSwk3,SBSwk3/07,At,2,At,2,DS,FALSE
6432,SBSwk3,SBSwk3/07,Bl,1,Bl,1,DS,FALSE
6433,SBSwk3,SBSwk3/07,Bl,1,Bl,1,DS,FALSE
6434,SBSwk3,SBSwk3/07,Ep,3,Ep,2,DS,FALSE
6435,SBSwk3,SBSwk3/07,Pli,2,Pl,2,DS,FALSE
6436,SBSwk3,SBSwk3/07,Sxw,1,Sx,1,DS,FALSE
6437,SBSwk3,SBSwk3/07,Sxw,1,Sx,1,DS,FALSE
6438,SBSwk3,SBSwk3/08,Act,2,Ac,2,DS,FALSE
6439,SBSwk3,SBSwk3/08,At,3,At,3,DS,FALSE
6440,SBSwk3,SBSwk3/08,Bl,2,Bl,2,DS,FALSE
6441,SBSwk3,SBSwk3/08,Bl,2,Bl,2,DS,FALSE
6442,SBSwk3,SBSwk3/08,Pli,2,Pl,2,DS,FALSE
6443,SBSwk3,SBSwk3/08,Sxw,1,Sx,1,DS,FALSE
6444,SBSwk3,SBSwk3/08,Sxw,1,Sx,1,DS,FALSE
6445,SBSwk3a,SBSwk3a/01,Act,3,Ac,3,DS,FALSE
6446,SBSwk3a,SBSwk3a/01,At,2,At,2,DS,FALSE
6447,SBSwk3a,SBSwk3a/01,Bl,1,Bl,1,DS,FALSE
6448,SBSwk3a,SBSwk3a/01,Ep,2,Ep,2,DS,FALSE
6449,SBSwk3a,SBSwk3a/01,Fdi,2,Fd,2,DS,FALSE
6450,SBSwk3a,SBSwk3a/01,Pli,1,Pl,1,DS,FALSE
6451,SBSwk3a,SBSwk3a/01,Sxw,1,Sx,1,DS,FALSE
6452,SBSwk3a,SBSwk3a/02,Bl,3,Bl,3,DS,FALSE
6453,SBSwk3a,SBSwk3a/02,Pli,2,Pl,2,DS,FALSE
6454,SBSwk3a,SBSwk3a/02,Sxw,3,Sx,3,DS,FALSE
6455,SBSwk3a,SBSwk3a/03,At,3,At,3,DS,FALSE
6456,SBSwk3a,SBSwk3a/03,Ep,2,Ep,2,DS,FALSE
6457,SBSwk3a,SBSwk3a/03,Fdi,2,Fd,1,DS,FALSE
6458,SBSwk3a,SBSwk3a/03,Pli,1,Pl,1,DS,FALSE
6459,SBSwk3a,SBSwk3a/03,Sxw,2,Sx,2,DS,FALSE
6460,SBSwk3a,SBSwk3a/04,At,2,At,2,DS,FALSE
6461,SBSwk3a,SBSwk3a/04,Bl,2,Bl,2,DS,FALSE
6462,SBSwk3a,SBSwk3a/04,Ep,2,Ep,2,DS,FALSE
6463,SBSwk3a,SBSwk3a/04,Fdi,2,Fd,2,DS,FALSE
6464,SBSwk3a,SBSwk3a/04,Pli,1,Pl,1,DS,FALSE
6465,SBSwk3a,SBSwk3a/04,Sxw,1,Sx,1,DS,FALSE
6466,SBSwk3a,SBSwk3a/05,At,3,At,3,DS,FALSE
6467,SBSwk3a,SBSwk3a/05,Pli,1,Pl,1,DS,FALSE
6468,SBSwk3a,SBSwk3a/05,Sb,1,Sb,1,DS,FALSE
6469,SBSwk3a,SBSwk3a/05,Sxw,3,Sx,3,DS,FALSE
6470,SBSwk3a,SBSwk3a/06,Act,3,Ac,3,DS,FALSE
6471,SBSwk3a,SBSwk3a/06,At,2,At,2,DS,FALSE
6472,SBSwk3a,SBSwk3a/06,Bl,1,Bl,1,DS,FALSE
6473,SBSwk3a,SBSwk3a/06,Ep,3,Ep,2,DS,FALSE
6474,SBSwk3a,SBSwk3a/06,Pli,1,Pl,2,DS,FALSE
6475,SBSwk3a,SBSwk3a/06,Sxw,1,Sx,1,DS,FALSE
6476,SBSwk3a,SBSwk3a/07,Act,3,Ac,3,DS,FALSE
6477,SBSwk3a,SBSwk3a/07,At,2,At,2,DS,FALSE
6478,SBSwk3a,SBSwk3a/07,Bl,1,Bl,1,DS,FALSE
6479,SBSwk3a,SBSwk3a/07,Ep,3,Ep,2,DS,FALSE
6480,SBSwk3a,SBSwk3a/07,Fdi,2,Fd,2,DS,FALSE
6481,SBSwk3a,SBSwk3a/07,Pli,2,Pl,2,DS,FALSE
6482,SBSwk3a,SBSwk3a/07,Sxw,1,Sx,1,DS,FALSE
6483,SBSwk3a,SBSwk3a/08,Act,2,Ac,2,DS,FALSE
6484,SBSwk3a,SBSwk3a/08,At,3,At,3,DS,FALSE
6485,SBSwk3a,SBSwk3a/08,Bl,2,Bl,2,DS,FALSE
6486,SBSwk3a,SBSwk3a/08,Pli,2,Pl,2,DS,FALSE
6487,SBSwk3a,SBSwk3a/08,Sxw,1,Sx,1,DS,FALSE
6488,SWBmk,SWBmk/01,Bl,3,Bl,3,DS,FALSE
6489,SWBmk,SWBmk/01,Pli,2,Pl,2,DS,FALSE
6490,SWBmk,SWBmk/01,Sw,2,Sx,2,DS,FALSE
6491,SWBmk,SWBmk/01,Sw,2,Sx,2,DS,FALSE
6492,SWBmk,SWBmk/02,Bl,3,Bl,3,DS,FALSE
6493,SWBmk,SWBmk/02,Pli,3,Pl,3,DS,FALSE
6494,SWBmk,SWBmk/02,Sw,3,Sx,3,DS,FALSE
6495,SWBmk,SWBmk/02,Sw,3,Sx,3,DS,FALSE
6496,SWBmk,SWBmk/03,Pli,3,Pl,3,DS,FALSE
6497,SWBmk,SWBmk/03,Sw,3,Sx,3,DS,FALSE
6498,SWBmk,SWBmk/04,At,3,At,3,DS,FALSE
6499,SWBmk,SWBmk/04,Pli,3,Pl,3,DS,FALSE
6500,SWBmk,SWBmk/04,Sw,2,Sx,2,DS,FALSE
6501,SWBmk,SWBmk/05,Sb,3,Sb,3,DS,FALSE
6502,SWBmk,SWBmk/05,Sw,3,Sx,2,DS,FALSE
6503,SWBmk,SWBmk/06,Bl,3,Bl,3,DS,FALSE
6504,SWBmk,SWBmk/06,Pli,3,Pl,3,DS,FALSE
6505,SWBmk,SWBmk/06,Sb,3,Sb,3,DS,FALSE
6506,SWBmk,SWBmk/06,Sw,2,Sx,2,DS,FALSE
6507,SWBmk,SWBmk/07,Sw,3,Sx,2,DS,FALSE
6508,SWBmk,SWBmk/08,Sw,3,Sx,2,DS,FALSE
6509,SWBmk,SWBmk/08,Sw,3,Sx,2,DS,FALSE
6510,SWBmk,SWBmk/09,Sb,3,Sb,3,DS,FALSE
6511,BGxh1,BGxh1/102,Fdi,3,Fd,5,MR,FALSE
6512,BGxh1,BGxh1/102,Pyi,2,Py,3,MR,FALSE
6513,BGxh1,BGxh1/103,Fdi,2,Fd,3,MR,FALSE
6514,BGxh1,BGxh1/103,Pyi,2,Py,2,MR,FALSE
6515,BGxh1,BGxh1/110,Fdi,2,Fd,3,MR,FALSE
6516,BGxh1,BGxh1/110,Pyi,2,Py,2,MR,FALSE
6517,BGxh2,BGxh2/102,Fdi,2,Fd,3,MR,FALSE
6518,BGxh2,BGxh2/102,Pyi,2,Py,2,MR,FALSE
6519,BGxh2,BGxh2/110,Fdi,2,Fd,2,MR,FALSE
6520,BGxh2,BGxh2/110,Pyi,2,Py,3,MR,FALSE
6521,BGxw1,BGxw1/102,Fdi,2,Fd,4,MR,FALSE
6522,BGxw1,BGxw1/102,Pyi,2,Py,3,MR,FALSE
6523,BGxw1,BGxw1/110,Fdi,2,Fd,2,MR,FALSE
6524,BGxw1,BGxw1/110,Pyi,2,Py,2,MR,FALSE
6525,BGxw1,BGxw1/111,Fdi,2,Fd,2,MR,FALSE
6526,BGxw1,BGxw1/111,Pyi,2,Py,3,MR,FALSE
6527,ESSFdc2,ESSFdc2/101,Bl,1,Bl,1,MR,FALSE
6528,ESSFdc2,ESSFdc2/101,Pli,1,Pl,2,MR,FALSE
6529,ESSFdc2,ESSFdc2/101,Se,1,Sx,1,MR,FALSE
6530,ESSFdc2,ESSFdc2/102,Bl,3,Bl,3,MR,FALSE
6531,ESSFdc2,ESSFdc2/102,Fdi,3,Fd,3,MR,FALSE
6532,ESSFdc2,ESSFdc2/102,Pli,2,Pl,3,MR,FALSE
6533,ESSFdc2,ESSFdc2/102,Se,3,Sx,3,MR,FALSE
6534,ESSFdc2,ESSFdc2/103,Bl,2,Bl,2,MR,FALSE
6535,ESSFdc2,ESSFdc2/103,Fdi,2,Fd,2,MR,FALSE
6536,ESSFdc2,ESSFdc2/103,Pli,1,Pl,1,MR,FALSE
6537,ESSFdc2,ESSFdc2/103,Se,2,Sx,2,MR,FALSE
6538,ESSFdc2,ESSFdc2/104,Bl,1,Bl,2,MR,FALSE
6539,ESSFdc2,ESSFdc2/104,Pli,1,Pl,1,MR,FALSE
6540,ESSFdc2,ESSFdc2/104,Se,1,Sx,2,MR,FALSE
6541,ESSFdc2,ESSFdc2/110,Bl,1,Bl,1,MR,FALSE
6542,ESSFdc2,ESSFdc2/110,Pli,1,Pl,2,MR,FALSE
6543,ESSFdc2,ESSFdc2/110,Se,1,Sx,1,MR,FALSE
6544,ESSFdc2,ESSFdc2/111,Bl,1,Bl,1,MR,FALSE
6545,ESSFdc2,ESSFdc2/111,Pli,1,Pl,2,MR,FALSE
6546,ESSFdc2,ESSFdc2/111,Se,1,Sx,1,MR,FALSE
6547,ESSFdc2,ESSFdc2/112,Bl,2,Bl,3,MR,FALSE
6548,ESSFdc2,ESSFdc2/112,Se,2,Sx,2,MR,FALSE
6549,ESSFdc3,ESSFdc3/01,Bl,1,Bl,1,MR,FALSE
6550,ESSFdc3,ESSFdc3/01,Pli,2,Pl,2,MR,FALSE
6551,ESSFdc3,ESSFdc3/01,Se,1,Sx,1,MR,FALSE
6552,ESSFdc3,ESSFdc3/02,Bl,3,Bl,3,MR,FALSE
6553,ESSFdc3,ESSFdc3/02,Pli,1,Pl,2,MR,FALSE
6554,ESSFdc3,ESSFdc3/02,Se,3,Sx,3,MR,FALSE
6555,ESSFdc3,ESSFdc3/03,Bl,2,Bl,1,MR,FALSE
6556,ESSFdc3,ESSFdc3/03,Pli,1,Pl,1,MR,FALSE
6557,ESSFdc3,ESSFdc3/03,Se,1,Sx,1,MR,FALSE
6558,ESSFdc3,ESSFdc3/05,Bl,1,Bl,1,MR,FALSE
6559,ESSFdc3,ESSFdc3/05,Pli,1,Pl,2,MR,FALSE
6560,ESSFdc3,ESSFdc3/05,Se,1,Sx,1,MR,FALSE
6561,ESSFdc3,ESSFdc3/06,Bl,1,Bl,1,MR,FALSE
6562,ESSFdc3,ESSFdc3/06,Pli,2,Pl,3,MR,FALSE
6563,ESSFdc3,ESSFdc3/06,Se,1,Sx,1,MR,FALSE
6564,ESSFdc3,ESSFdc3/07,Bl,1,Bl,1,MR,FALSE
6565,ESSFdc3,ESSFdc3/07,Pli,2,Pl,3,MR,FALSE
6566,ESSFdc3,ESSFdc3/07,Se,1,Sx,1,MR,FALSE
6567,ESSFdc3,ESSFdc3/08,Bl,1,Bl,2,MR,FALSE
6568,ESSFdc3,ESSFdc3/08,Se,2,Sx,2,MR,FALSE
6569,ESSFdh1,ESSFdh1/101,Bl,1,Bl,1,MR,FALSE
6570,ESSFdh1,ESSFdh1/101,Fdi,3,Fd,3,MR,FALSE
6571,ESSFdh1,ESSFdh1/101,Lw,3,Lw,3,MR,TRUE
6572,ESSFdh1,ESSFdh1/101,Pli,1,Pl,2,MR,FALSE
6573,ESSFdh1,ESSFdh1/101,Se,1,Sx,1,MR,FALSE
6574,ESSFdh1,ESSFdh1/102,Bl,2,Bl,3,MR,FALSE
6575,ESSFdh1,ESSFdh1/102,Fdi,2,Fd,2,MR,FALSE
6576,ESSFdh1,ESSFdh1/102,Pli,2,Pl,3,MR,FALSE
6577,ESSFdh1,ESSFdh1/102,Se,2,Sx,3,MR,FALSE
6578,ESSFdh1,ESSFdh1/103,Bl,2,Bl,3,MR,FALSE
6579,ESSFdh1,ESSFdh1/103,Fdi,1,Fd,3,MR,FALSE
6580,ESSFdh1,ESSFdh1/103,Lw,3,Lw,3,MR,TRUE
6581,ESSFdh1,ESSFdh1/103,Pli,2,Pl,2,MR,FALSE
6582,ESSFdh1,ESSFdh1/103,Se,2,Sx,3,MR,FALSE
6583,ESSFdh1,ESSFdh1/104,At,2,At,4,MR,FALSE
6584,ESSFdh1,ESSFdh1/104,Bl,1,Bl,1,MR,FALSE
6585,ESSFdh1,ESSFdh1/104,Fdi,3,Fd,1,MR,FALSE
6586,ESSFdh1,ESSFdh1/104,Lw,3,Lw,3,MR,TRUE
6587,ESSFdh1,ESSFdh1/104,Pli,1,Pl,1,MR,FALSE
6588,ESSFdh1,ESSFdh1/104,Se,1,Sx,2,MR,FALSE
6589,ESSFdh1,ESSFdh1/110,At,2,At,3,MR,FALSE
6590,ESSFdh1,ESSFdh1/110,Ba,2,Ba,2,MR,FALSE
6591,ESSFdh1,ESSFdh1/110,Bl,1,Bl,1,MR,FALSE
6592,ESSFdh1,ESSFdh1/110,Cw,2,Cw,2,MR,FALSE
6593,ESSFdh1,ESSFdh1/110,Fdi,3,Fd,3,MR,FALSE
6594,ESSFdh1,ESSFdh1/110,Hw,2,Hw,2,MR,FALSE
6595,ESSFdh1,ESSFdh1/110,Lw,3,Lw,3,MR,TRUE
6596,ESSFdh1,ESSFdh1/110,Pli,2,Pl,3,MR,FALSE
6597,ESSFdh1,ESSFdh1/110,Se,1,Sx,1,MR,FALSE
6598,ESSFdh1,ESSFdh1/111,Ba,2,Ba,3,MR,FALSE
6599,ESSFdh1,ESSFdh1/111,Bl,2,Bl,2,MR,FALSE
6600,ESSFdh1,ESSFdh1/111,Cw,2,Cw,3,MR,FALSE
6601,ESSFdh1,ESSFdh1/111,Hw,2,Hw,3,MR,FALSE
6602,ESSFdh1,ESSFdh1/111,Pli,2,Pl,2,MR,FALSE
6603,ESSFdh1,ESSFdh1/111,Se,2,Sx,2,MR,FALSE
6604,ESSFdv1,ESSFdv1/01,Bl,1,Bl,1,MR,FALSE
6605,ESSFdv1,ESSFdv1/01,Pa,2,Pa,1,MR,FALSE
6606,ESSFdv1,ESSFdv1/01,Pli,1,Pl,1,MR,FALSE
6607,ESSFdv1,ESSFdv1/01,Se,1,Sx,1,MR,FALSE
6608,ESSFdv1,ESSFdv1/02,Bl,2,Bl,3,MR,FALSE
6609,ESSFdv1,ESSFdv1/02,Pa,2,Pa,3,MR,FALSE
6610,ESSFdv1,ESSFdv1/02,Pli,3,Pl,2,MR,FALSE
6611,ESSFdv1,ESSFdv1/02,Se,3,Sx,3,MR,FALSE
6612,ESSFdv1,ESSFdv1/03,Bl,2,Bl,3,MR,FALSE
6613,ESSFdv1,ESSFdv1/03,Fdi,2,Fd,2,MR,FALSE
6614,ESSFdv1,ESSFdv1/03,Lw,3,Lw,2,MR,TRUE
6615,ESSFdv1,ESSFdv1/03,Pa,2,Pa,1,MR,FALSE
6616,ESSFdv1,ESSFdv1/03,Pli,1,Pl,1,MR,FALSE
6617,ESSFdv1,ESSFdv1/03,Se,3,Sx,3,MR,FALSE
6618,ESSFdv1,ESSFdv1/04,Bl,2,Bl,1,MR,FALSE
6619,ESSFdv1,ESSFdv1/04,Fdi,3,Fd,3,MR,FALSE
6620,ESSFdv1,ESSFdv1/04,Lw,3,Lw,3,MR,TRUE
6621,ESSFdv1,ESSFdv1/04,Pa,2,Pa,1,MR,FALSE
6622,ESSFdv1,ESSFdv1/04,Pli,1,Pl,1,MR,FALSE
6623,ESSFdv1,ESSFdv1/04,Se,1,Sx,1,MR,FALSE
6624,ESSFdv1,ESSFdv1/05,Bl,1,Bl,1,MR,FALSE
6625,ESSFdv1,ESSFdv1/05,Pa,2,Pa,2,MR,FALSE
6626,ESSFdv1,ESSFdv1/05,Se,1,Sx,1,MR,FALSE
6627,ESSFdv1,ESSFdv1/06,Bl,1,Bl,2,MR,FALSE
6628,ESSFdv1,ESSFdv1/06,Pli,2,Pl,3,MR,FALSE
6629,ESSFdv1,ESSFdv1/06,Se,1,Sx,2,MR,FALSE
6630,ESSFdv2,ESSFdv2/01,Bl,1,Bl,1,MR,FALSE
6631,ESSFdv2,ESSFdv2/01,Pa,2,Pa,2,MR,FALSE
6632,ESSFdv2,ESSFdv2/01,Pli,1,Pl,2,MR,FALSE
6633,ESSFdv2,ESSFdv2/01,Se,1,Sx,1,MR,FALSE
6634,ESSFdv2,ESSFdv2/02,Bl,2,Bl,3,MR,FALSE
6635,ESSFdv2,ESSFdv2/02,Pa,2,Pa,2,MR,FALSE
6636,ESSFdv2,ESSFdv2/02,Pli,3,Pl,2,MR,FALSE
6637,ESSFdv2,ESSFdv2/02,Se,3,Sx,3,MR,FALSE
6638,ESSFdv2,ESSFdv2/03,Bl,2,Bl,2,MR,FALSE
6639,ESSFdv2,ESSFdv2/03,Pa,2,Pa,1,MR,FALSE
6640,ESSFdv2,ESSFdv2/03,Pli,1,Pl,1,MR,FALSE
6641,ESSFdv2,ESSFdv2/03,Se,3,Sx,2,MR,FALSE
6642,ESSFdv2,ESSFdv2/04,Bl,2,Bl,1,MR,FALSE
6643,ESSFdv2,ESSFdv2/04,Pa,2,Pa,1,MR,FALSE
6644,ESSFdv2,ESSFdv2/04,Pli,1,Pl,1,MR,FALSE
6645,ESSFdv2,ESSFdv2/04,Se,1,Sx,2,MR,FALSE
6646,ESSFdv2,ESSFdv2/05,Bl,1,Bl,1,MR,FALSE
6647,ESSFdv2,ESSFdv2/05,Pa,2,Pa,2,MR,FALSE
6648,ESSFdv2,ESSFdv2/05,Pli,2,Pl,2,MR,FALSE
6649,ESSFdv2,ESSFdv2/05,Se,1,Sx,1,MR,FALSE
6650,ESSFdv2,ESSFdv2/06,Bl,1,Bl,2,MR,FALSE
6651,ESSFdv2,ESSFdv2/06,Pli,2,Pl,3,MR,FALSE
6652,ESSFdv2,ESSFdv2/06,Se,1,Sx,2,MR,FALSE
6653,ESSFmw1,ESSFmw1/101,Ba,2,Ba,1,MR,FALSE
6654,ESSFmw1,ESSFmw1/101,Bl,2,Bl,1,MR,FALSE
6655,ESSFmw1,ESSFmw1/101,Hm,2,Hm,3,MR,FALSE
6656,ESSFmw1,ESSFmw1/101,Hw,2,Hw,3,MR,FALSE
6657,ESSFmw1,ESSFmw1/101,Pli,3,Pl,2,MR,FALSE
6658,ESSFmw1,ESSFmw1/101,Se,1,Sx,1,MR,FALSE
6659,ESSFmw1,ESSFmw1/102,Bl,2,Bl,3,MR,FALSE
6660,ESSFmw1,ESSFmw1/102,Fdi,3,Fd,3,MR,FALSE
6661,ESSFmw1,ESSFmw1/102,Pa,2,Pa,3,MR,FALSE
6662,ESSFmw1,ESSFmw1/102,Pli,2,Pl,2,MR,FALSE
6663,ESSFmw1,ESSFmw1/102,Se,2,Sx,3,MR,FALSE
6664,ESSFmw1,ESSFmw1/103,Bl,1,Bl,1,MR,FALSE
6665,ESSFmw1,ESSFmw1/103,Fdi,2,Fd,3,MR,FALSE
6666,ESSFmw1,ESSFmw1/103,Hw,3,Hw,3,MR,FALSE
6667,ESSFmw1,ESSFmw1/103,Lw,3,Lw,3,MR,TRUE
6668,ESSFmw1,ESSFmw1/103,Pli,2,Pl,1,MR,FALSE
6669,ESSFmw1,ESSFmw1/103,Se,2,Sx,1,MR,FALSE
6670,ESSFmw1,ESSFmw1/104,Bl,2,Bl,2,MR,FALSE
6671,ESSFmw1,ESSFmw1/104,Fdi,2,Fd,2,MR,FALSE
6672,ESSFmw1,ESSFmw1/104,Lw,3,Lw,2,MR,TRUE
6673,ESSFmw1,ESSFmw1/104,Pli,1,Pl,1,MR,FALSE
6674,ESSFmw1,ESSFmw1/104,Se,3,Sx,2,MR,FALSE
6675,ESSFmw1,ESSFmw1/105,Ba,2,Ba,1,MR,FALSE
6676,ESSFmw1,ESSFmw1/105,Bl,1,Bl,1,MR,FALSE
6677,ESSFmw1,ESSFmw1/105,Cw,3,Cw,3,MR,FALSE
6678,ESSFmw1,ESSFmw1/105,Hm,2,Hm,3,MR,FALSE
6679,ESSFmw1,ESSFmw1/105,Hw,2,Hw,3,MR,FALSE
6680,ESSFmw1,ESSFmw1/105,Pli,3,Pl,2,MR,FALSE
6681,ESSFmw1,ESSFmw1/105,Se,1,Sx,1,MR,FALSE
6682,ESSFmw1,ESSFmw1/110,Bl,1,Bl,1,MR,FALSE
6683,ESSFmw1,ESSFmw1/110,Pli,3,Pl,2,MR,FALSE
6684,ESSFmw1,ESSFmw1/110,Se,1,Sx,1,MR,FALSE
6685,ESSFmw1,ESSFmw1/111,Bl,1,Bl,2,MR,FALSE
6686,ESSFmw1,ESSFmw1/111,Pli,3,Pl,2,MR,FALSE
6687,ESSFmw1,ESSFmw1/111,Se,1,Sx,2,MR,FALSE
6688,ESSFmw2,ESSFmw2/01,Ba,2,Ba,1,MR,FALSE
6689,ESSFmw2,ESSFmw2/01,Bl,1,Bl,1,MR,FALSE
6690,ESSFmw2,ESSFmw2/01,Hm,2,Hm,2,MR,FALSE
6691,ESSFmw2,ESSFmw2/01,Hw,3,Hw,3,MR,FALSE
6692,ESSFmw2,ESSFmw2/01,Pli,3,Pl,3,MR,FALSE
6693,ESSFmw2,ESSFmw2/01,Pw,3,Pw,3,MR,FALSE
6694,ESSFmw2,ESSFmw2/01,Se,1,Sx,1,MR,FALSE
6695,ESSFmw2,ESSFmw2/02,Bl,3,Bl,3,MR,FALSE
6696,ESSFmw2,ESSFmw2/02,Pa,3,Pa,3,MR,FALSE
6697,ESSFmw2,ESSFmw2/02,Pli,2,Pl,3,MR,FALSE
6698,ESSFmw2,ESSFmw2/02,Se,3,Sx,4,MR,FALSE
6699,ESSFmw2,ESSFmw2/03,Ba,3,Ba,3,MR,FALSE
6700,ESSFmw2,ESSFmw2/03,Bl,3,Bl,1,MR,FALSE
6701,ESSFmw2,ESSFmw2/03,Fdi,2,Fd,3,MR,FALSE
6702,ESSFmw2,ESSFmw2/03,Lw,4,Lw,3,MR,TRUE
6703,ESSFmw2,ESSFmw2/03,Pli,1,Pl,2,MR,FALSE
6704,ESSFmw2,ESSFmw2/03,Se,2,Sx,1,MR,FALSE
6705,ESSFmw2,ESSFmw2/04,Ba,2,Ba,3,MR,FALSE
6706,ESSFmw2,ESSFmw2/04,Bl,3,Bl,1,MR,FALSE
6707,ESSFmw2,ESSFmw2/04,Pa,3,Pa,1,MR,FALSE
6708,ESSFmw2,ESSFmw2/04,Pli,1,Pl,2,MR,FALSE
6709,ESSFmw2,ESSFmw2/04,Se,1,Sx,1,MR,FALSE
6710,ESSFmw2,ESSFmw2/05,Ba,2,Ba,1,MR,FALSE
6711,ESSFmw2,ESSFmw2/05,Bl,2,Bl,1,MR,FALSE
6712,ESSFmw2,ESSFmw2/05,Cw,3,Cw,3,MR,FALSE
6713,ESSFmw2,ESSFmw2/05,Fdi,3,Fd,3,MR,FALSE
6714,ESSFmw2,ESSFmw2/05,Hm,3,Hm,2,MR,FALSE
6715,ESSFmw2,ESSFmw2/05,Hw,3,Hw,3,MR,FALSE
6716,ESSFmw2,ESSFmw2/05,Pli,3,Pl,3,MR,FALSE
6717,ESSFmw2,ESSFmw2/05,Pw,3,Pw,3,MR,FALSE
6718,ESSFmw2,ESSFmw2/05,Se,1,Sx,1,MR,FALSE
6719,ESSFmw2,ESSFmw2/06,Ba,2,Ba,3,MR,FALSE
6720,ESSFmw2,ESSFmw2/06,Bl,1,Bl,1,MR,FALSE
6721,ESSFmw2,ESSFmw2/06,Hm,2,Hm,2,MR,FALSE
6722,ESSFmw2,ESSFmw2/06,Hw,3,Hw,3,MR,FALSE
6723,ESSFmw2,ESSFmw2/06,Se,1,Sx,1,MR,FALSE
6724,ESSFmw2,ESSFmw2/07,Ba,2,Ba,1,MR,FALSE
6725,ESSFmw2,ESSFmw2/07,Bl,1,Bl,1,MR,FALSE
6726,ESSFmw2,ESSFmw2/07,Cw,3,Cw,3,MR,FALSE
6727,ESSFmw2,ESSFmw2/07,Hm,2,Hm,2,MR,FALSE
6728,ESSFmw2,ESSFmw2/07,Hw,3,Hw,3,MR,FALSE
6729,ESSFmw2,ESSFmw2/07,Se,1,Sx,1,MR,FALSE
6730,ESSFmw2,ESSFmw2/08,Ba,3,Ba,2,MR,FALSE
6731,ESSFmw2,ESSFmw2/08,Bl,1,Bl,1,MR,FALSE
6732,ESSFmw2,ESSFmw2/08,Pli,3,Pl,2,MR,FALSE
6733,ESSFmw2,ESSFmw2/08,Pw,3,Pw,3,MR,FALSE
6734,ESSFmw2,ESSFmw2/08,Se,1,Sx,1,MR,FALSE
6735,ESSFwc2,ESSFwc2/01,Bl,1,Bl,1,MR,FALSE
6736,ESSFwc2,ESSFwc2/01,Se,1,Sx,1,MR,FALSE
6737,ESSFwc2,ESSFwc2/02,Bl,3,Bl,3,MR,FALSE
6738,ESSFwc2,ESSFwc2/02,Pli,2,Pl,3,MR,FALSE
6739,ESSFwc2,ESSFwc2/02,Se,2,Sx,3,MR,FALSE
6740,ESSFwc2,ESSFwc2/03,Bl,2,Bl,1,MR,FALSE
6741,ESSFwc2,ESSFwc2/03,Pli,4,Pl,2,MR,FALSE
6742,ESSFwc2,ESSFwc2/03,Se,1,Sx,1,MR,FALSE
6743,ESSFwc2,ESSFwc2/04,Bl,2,Bl,1,MR,FALSE
6744,ESSFwc2,ESSFwc2/04,Pli,4,Pl,2,MR,FALSE
6745,ESSFwc2,ESSFwc2/04,Se,1,Sx,1,MR,FALSE
6746,ESSFwc2,ESSFwc2/05,Bl,1,Bl,1,MR,FALSE
6747,ESSFwc2,ESSFwc2/05,Pli,4,Pl,2,MR,FALSE
6748,ESSFwc2,ESSFwc2/05,Se,1,Sx,1,MR,FALSE
6749,ESSFwc2,ESSFwc2/06,Bl,1,Bl,1,MR,FALSE
6750,ESSFwc2,ESSFwc2/06,Pli,4,Pl,3,MR,FALSE
6751,ESSFwc2,ESSFwc2/06,Se,1,Sx,1,MR,FALSE
6752,ESSFwc2,ESSFwc2/07,Bl,1,Bl,1,MR,FALSE
6753,ESSFwc2,ESSFwc2/07,Se,1,Sx,1,MR,FALSE
6754,ESSFwc2,ESSFwc2/08,Bl,1,Bl,1,MR,FALSE
6755,ESSFwc2,ESSFwc2/08,Se,1,Sx,2,MR,FALSE
6756,ESSFwc2,ESSFwc2/09,Bl,2,Bl,1,MR,FALSE
6757,ESSFwc2,ESSFwc2/09,Pli,4,Pl,1,MR,FALSE
6758,ESSFwc2,ESSFwc2/09,Se,2,Sx,2,MR,FALSE
6759,ESSFxc1,ESSFxc1/101,Bl,1,Bl,1,MR,FALSE
6760,ESSFxc1,ESSFxc1/101,Pli,1,Pl,2,MR,FALSE
6761,ESSFxc1,ESSFxc1/101,Se,1,Sx,1,MR,FALSE
6762,ESSFxc1,ESSFxc1/102,Bl,3,Bl,3,MR,FALSE
6763,ESSFxc1,ESSFxc1/102,Pli,2,Pl,3,MR,FALSE
6764,ESSFxc1,ESSFxc1/102,Se,3,Sx,3,MR,FALSE
6765,ESSFxc1,ESSFxc1/103,Bl,3,Bl,3,MR,FALSE
6766,ESSFxc1,ESSFxc1/103,Lw,3,Lw,2,MR,TRUE
6767,ESSFxc1,ESSFxc1/103,Pli,2,Pl,1,MR,FALSE
6768,ESSFxc1,ESSFxc1/103,Se,2,Sx,3,MR,FALSE
6769,ESSFxc1,ESSFxc1/104,Bl,2,Bl,2,MR,FALSE
6770,ESSFxc1,ESSFxc1/104,Pli,1,Pl,1,MR,FALSE
6771,ESSFxc1,ESSFxc1/104,Se,2,Sx,2,MR,FALSE
6772,ESSFxc1,ESSFxc1/105,Bl,2,Bl,2,MR,FALSE
6773,ESSFxc1,ESSFxc1/105,Pli,1,Pl,1,MR,FALSE
6774,ESSFxc1,ESSFxc1/105,Se,2,Sx,1,MR,FALSE
6775,ESSFxc1,ESSFxc1/110,Bl,2,Bl,1,MR,FALSE
6776,ESSFxc1,ESSFxc1/110,Pli,1,Pl,1,MR,FALSE
6777,ESSFxc1,ESSFxc1/110,Se,1,Sx,1,MR,FALSE
6778,ESSFxc1,ESSFxc1/111,Bl,1,Bl,1,MR,FALSE
6779,ESSFxc1,ESSFxc1/111,Pli,1,Pl,1,MR,FALSE
6780,ESSFxc1,ESSFxc1/111,Se,1,Sx,1,MR,FALSE
6781,ESSFxc1,ESSFxc1/112,Bl,2,Bl,2,MR,FALSE
6782,ESSFxc1,ESSFxc1/112,Pli,2,Pl,3,MR,FALSE
6783,ESSFxc1,ESSFxc1/112,Se,2,Sx,2,MR,FALSE
6784,ESSFxc1,ESSFxc1/113,Bl,2,Bl,2,MR,FALSE
6785,ESSFxc1,ESSFxc1/113,Pli,2,Pl,3,MR,FALSE
6786,ESSFxc1,ESSFxc1/113,Se,2,Sx,2,MR,FALSE
6787,ESSFxc2,ESSFxc2/101,Bl,1,Bl,1,MR,FALSE
6788,ESSFxc2,ESSFxc2/101,Pli,1,Pl,2,MR,FALSE
6789,ESSFxc2,ESSFxc2/101,Se,1,Sx,1,MR,FALSE
6790,ESSFxc2,ESSFxc2/102,Bl,2,Bl,3,MR,FALSE
6791,ESSFxc2,ESSFxc2/102,Fdi,3,Fd,3,MR,FALSE
6792,ESSFxc2,ESSFxc2/102,Lw,3,Lw,3,MR,TRUE
6793,ESSFxc2,ESSFxc2/102,Pli,2,Pl,3,MR,FALSE
6794,ESSFxc2,ESSFxc2/103,Bl,2,Bl,1,MR,FALSE
6795,ESSFxc2,ESSFxc2/103,Pli,2,Pl,2,MR,FALSE
6796,ESSFxc2,ESSFxc2/103,Se,2,Sx,1,MR,FALSE
6797,ESSFxc2,ESSFxc2/110,Bl,1,Bl,1,MR,FALSE
6798,ESSFxc2,ESSFxc2/110,Pli,1,Pl,2,MR,FALSE
6799,ESSFxc2,ESSFxc2/110,Se,1,Sx,1,MR,FALSE
6800,ESSFxc2,ESSFxc2/111,Bl,1,Bl,1,MR,FALSE
6801,ESSFxc2,ESSFxc2/111,Se,1,Sx,1,MR,FALSE
6802,ESSFxc2,ESSFxc2/112,Bl,2,Bl,3,MR,FALSE
6803,ESSFxc2,ESSFxc2/112,Pli,2,Pl,3,MR,FALSE
6804,ESSFxc2,ESSFxc2/112,Se,2,Sx,3,MR,FALSE
6805,ESSFxc3,ESSFxc3/01,Bl,1,Bl,1,MR,FALSE
6806,ESSFxc3,ESSFxc3/01,Pli,1,Pl,1,MR,FALSE
6807,ESSFxc3,ESSFxc3/01,Se,1,Sx,1,MR,FALSE
6808,ESSFxc3,ESSFxc3/02,Bl,3,Bl,3,MR,FALSE
6809,ESSFxc3,ESSFxc3/02,Fdi,3,Fd,4,MR,FALSE
6810,ESSFxc3,ESSFxc3/02,Lw,3,Lw,4,MR,TRUE
6811,ESSFxc3,ESSFxc3/02,Pa,2,Pa,3,MR,FALSE
6812,ESSFxc3,ESSFxc3/02,Pli,3,Pl,3,MR,FALSE
6813,ESSFxc3,ESSFxc3/02,Se,3,Sx,4,MR,FALSE
6814,ESSFxc3,ESSFxc3/03,X,NA,X,NA,MR,FALSE
6815,ESSFxc3,ESSFxc3/04,X,NA,X,NA,MR,FALSE
6816,ESSFxc3,ESSFxc3/05,Bl,2,Bl,2,MR,FALSE
6817,ESSFxc3,ESSFxc3/05,Fdi,3,Fd,3,MR,FALSE
6818,ESSFxc3,ESSFxc3/05,Lw,3,Lw,3,MR,TRUE
6819,ESSFxc3,ESSFxc3/05,Pa,2,Pa,1,MR,FALSE
6820,ESSFxc3,ESSFxc3/05,Pli,1,Pl,1,MR,FALSE
6821,ESSFxc3,ESSFxc3/05,Se,3,Sx,2,MR,FALSE
6822,ESSFxc3,ESSFxc3/06,Bl,2,Bl,1,MR,FALSE
6823,ESSFxc3,ESSFxc3/06,Pa,3,Pa,2,MR,FALSE
6824,ESSFxc3,ESSFxc3/06,Pli,1,Pl,1,MR,FALSE
6825,ESSFxc3,ESSFxc3/06,Se,1,Sx,1,MR,FALSE
6826,ESSFxc3,ESSFxc3/07,Bl,1,Bl,1,MR,FALSE
6827,ESSFxc3,ESSFxc3/07,Pli,1,Pl,1,MR,FALSE
6828,ESSFxc3,ESSFxc3/07,Se,1,Sx,1,MR,FALSE
6829,ESSFxc3,ESSFxc3/08,Bl,1,Bl,2,MR,FALSE
6830,ESSFxc3,ESSFxc3/08,Pli,1,Pl,2,MR,FALSE
6831,ESSFxc3,ESSFxc3/08,Se,2,Sx,2,MR,FALSE
6832,ESSFxc3,ESSFxc3/09,X,NA,X,NA,MR,FALSE
6833,ICHdw3,ICHdw3/01,At,2,At,2,MR,FALSE
6834,ICHdw3,ICHdw3/01,Bl,3,Bl,3,MR,FALSE
6835,ICHdw3,ICHdw3/01,Cw,2,Cw,1,MR,FALSE
6836,ICHdw3,ICHdw3/01,Ep,2,Ep,2,MR,FALSE
6837,ICHdw3,ICHdw3/01,Fdi,1,Fd,1,MR,FALSE
6838,ICHdw3,ICHdw3/01,Hw,2,Hw,1,MR,FALSE
6839,ICHdw3,ICHdw3/01,Lw,3,Lw,1,MR,TRUE
6840,ICHdw3,ICHdw3/01,Pli,2,Pl,2,MR,FALSE
6841,ICHdw3,ICHdw3/01,Pw,3,Pw,2,MR,FALSE
6842,ICHdw3,ICHdw3/01,Sxw,2,Sx,2,MR,FALSE
6843,ICHdw3,ICHdw3/02,Cw,3,Cw,4,MR,FALSE
6844,ICHdw3,ICHdw3/02,Fdi,1,Fd,3,MR,FALSE
6845,ICHdw3,ICHdw3/02,Pli,1,Pl,3,MR,FALSE
6846,ICHdw3,ICHdw3/02,Pw,3,Pw,4,MR,FALSE
6847,ICHdw3,ICHdw3/02,Pyi,3,Py,4,MR,FALSE
6848,ICHdw3,ICHdw3/03,At,2,At,2,MR,FALSE
6849,ICHdw3,ICHdw3/03,Cw,3,Cw,4,MR,FALSE
6850,ICHdw3,ICHdw3/03,Ep,2,Ep,2,MR,FALSE
6851,ICHdw3,ICHdw3/03,Fdi,1,Fd,1,MR,FALSE
6852,ICHdw3,ICHdw3/03,Lw,3,Lw,1,MR,TRUE
6853,ICHdw3,ICHdw3/03,Pli,2,Pl,1,MR,FALSE
6854,ICHdw3,ICHdw3/03,Pw,3,Pw,1,MR,FALSE
6855,ICHdw3,ICHdw3/03,Pyi,4,Py,3,MR,FALSE
6856,ICHdw3,ICHdw3/03,Sxw,3,Sx,4,MR,FALSE
6857,ICHdw3,ICHdw3/04,At,3,At,3,MR,FALSE
6858,ICHdw3,ICHdw3/04,Cw,2,Cw,2,MR,FALSE
6859,ICHdw3,ICHdw3/04,Ep,3,Ep,2,MR,FALSE
6860,ICHdw3,ICHdw3/04,Fdi,1,Fd,1,MR,FALSE
6861,ICHdw3,ICHdw3/04,Hw,3,Hw,4,MR,FALSE
6862,ICHdw3,ICHdw3/04,Lw,2,Lw,1,MR,TRUE
6863,ICHdw3,ICHdw3/04,Pli,1,Pl,1,MR,FALSE
6864,ICHdw3,ICHdw3/04,Pw,3,Pw,1,MR,FALSE
6865,ICHdw3,ICHdw3/04,Sxw,3,Sx,2,MR,FALSE
6866,ICHdw3,ICHdw3/05,At,2,At,2,MR,FALSE
6867,ICHdw3,ICHdw3/05,Cw,2,Cw,1,MR,FALSE
6868,ICHdw3,ICHdw3/05,Ep,2,Ep,1,MR,FALSE
6869,ICHdw3,ICHdw3/05,Fdi,1,Fd,1,MR,FALSE
6870,ICHdw3,ICHdw3/05,Hw,3,Hw,2,MR,FALSE
6871,ICHdw3,ICHdw3/05,Lw,2,Lw,1,MR,TRUE
6872,ICHdw3,ICHdw3/05,Pli,2,Pl,1,MR,FALSE
6873,ICHdw3,ICHdw3/05,Pw,3,Pw,1,MR,FALSE
6874,ICHdw3,ICHdw3/05,Sxw,2,Sx,2,MR,FALSE
6875,ICHdw3,ICHdw3/06,Act,2,Ac,3,MR,FALSE
6876,ICHdw3,ICHdw3/06,Act,2,Ac,3,MR,FALSE
6877,ICHdw3,ICHdw3/06,At,2,At,3,MR,FALSE
6878,ICHdw3,ICHdw3/06,Bl,3,Bl,3,MR,FALSE
6879,ICHdw3,ICHdw3/06,Cw,1,Cw,1,MR,FALSE
6880,ICHdw3,ICHdw3/06,Ep,2,Ep,3,MR,FALSE
6881,ICHdw3,ICHdw3/06,Fdi,2,Fd,3,MR,FALSE
6882,ICHdw3,ICHdw3/06,Hw,1,Hw,1,MR,FALSE
6883,ICHdw3,ICHdw3/06,Lw,3,Lw,3,MR,TRUE
6884,ICHdw3,ICHdw3/06,Pw,3,Pw,2,MR,FALSE
6885,ICHdw3,ICHdw3/06,Sxw,1,Sx,2,MR,FALSE
6886,ICHdw3,ICHdw3/07,Act,2,Ac,3,MR,FALSE
6887,ICHdw3,ICHdw3/07,At,2,At,3,MR,FALSE
6888,ICHdw3,ICHdw3/07,Bl,3,Bl,3,MR,FALSE
6889,ICHdw3,ICHdw3/07,Cw,1,Cw,1,MR,FALSE
6890,ICHdw3,ICHdw3/07,Ep,2,Ep,3,MR,FALSE
6891,ICHdw3,ICHdw3/07,Fdi,2,Fd,2,MR,FALSE
6892,ICHdw3,ICHdw3/07,Hw,2,Hw,2,MR,FALSE
6893,ICHdw3,ICHdw3/07,Hw,2,Hw,3,MR,FALSE
6894,ICHdw3,ICHdw3/07,Lw,3,Lw,2,MR,TRUE
6895,ICHdw3,ICHdw3/07,Pw,3,Pw,3,MR,FALSE
6896,ICHdw3,ICHdw3/07,Sxw,1,Sx,1,MR,FALSE
6897,ICHdw3,ICHdw3/08,Bl,3,Bl,3,MR,FALSE
6898,ICHdw3,ICHdw3/08,Cw,1,Cw,2,MR,FALSE
6899,ICHdw3,ICHdw3/08,Hw,2,Hw,2,MR,FALSE
6900,ICHdw3,ICHdw3/08,Sxw,1,Sx,3,MR,FALSE
6901,ICHdw3,ICHdw3/09,X,1,X,1,MR,FALSE
6902,ICHmk2,ICHmk2/01,Act,3,Ac,3,MR,FALSE
6903,ICHmk2,ICHmk2/01,At,2,At,2,MR,FALSE
6904,ICHmk2,ICHmk2/01,Bl,2,Bl,1,MR,FALSE
6905,ICHmk2,ICHmk2/01,Cw,2,Cw,1,MR,FALSE
6906,ICHmk2,ICHmk2/01,Ep,2,Ep,2,MR,FALSE
6907,ICHmk2,ICHmk2/01,Fdi,2,Fd,2,MR,FALSE
6908,ICHmk2,ICHmk2/01,Lw,3,Lw,2,MR,TRUE
6909,ICHmk2,ICHmk2/01,Pli,1,Pl,2,MR,FALSE
6910,ICHmk2,ICHmk2/01,Sxw,1,Sx,1,MR,FALSE
6911,ICHmk2,ICHmk2/02,Bl,3,Bl,4,MR,FALSE
6912,ICHmk2,ICHmk2/02,Fdi,1,Fd,3,MR,FALSE
6913,ICHmk2,ICHmk2/02,Lw,3,Lw,4,MR,TRUE
6914,ICHmk2,ICHmk2/02,Pli,1,Pl,3,MR,FALSE
6915,ICHmk2,ICHmk2/02,Sxw,3,Sx,4,MR,FALSE
6916,ICHmk2,ICHmk2/03,At,3,At,2,MR,FALSE
6917,ICHmk2,ICHmk2/03,Bl,3,Bl,2,MR,FALSE
6918,ICHmk2,ICHmk2/03,Ep,3,Ep,2,MR,FALSE
6919,ICHmk2,ICHmk2/03,Fdi,1,Fd,1,MR,FALSE
6920,ICHmk2,ICHmk2/03,Lw,3,Lw,1,MR,TRUE
6921,ICHmk2,ICHmk2/03,Pli,1,Pl,1,MR,FALSE
6922,ICHmk2,ICHmk2/03,Sxw,2,Sx,2,MR,FALSE
6923,ICHmk2,ICHmk2/04,At,3,At,2,MR,FALSE
6924,ICHmk2,ICHmk2/04,Bl,2,Bl,2,MR,FALSE
6925,ICHmk2,ICHmk2/04,Cw,3,Cw,2,MR,FALSE
6926,ICHmk2,ICHmk2/04,Ep,2,Ep,2,MR,FALSE
6927,ICHmk2,ICHmk2/04,Fdi,1,Fd,1,MR,FALSE
6928,ICHmk2,ICHmk2/04,Lw,3,Lw,1,MR,TRUE
6929,ICHmk2,ICHmk2/04,Pli,1,Pl,1,MR,FALSE
6930,ICHmk2,ICHmk2/04,Sxw,2,Sx,2,MR,FALSE
6931,ICHmk2,ICHmk2/05,Act,3,Ac,3,MR,FALSE
6932,ICHmk2,ICHmk2/05,At,2,At,2,MR,FALSE
6933,ICHmk2,ICHmk2/05,Bl,2,Bl,2,MR,FALSE
6934,ICHmk2,ICHmk2/05,Cw,2,Cw,1,MR,FALSE
6935,ICHmk2,ICHmk2/05,Ep,2,Ep,2,MR,FALSE
6936,ICHmk2,ICHmk2/05,Fdi,2,Fd,2,MR,FALSE
6937,ICHmk2,ICHmk2/05,Lw,3,Lw,2,MR,TRUE
6938,ICHmk2,ICHmk2/05,Pli,1,Pl,2,MR,FALSE
6939,ICHmk2,ICHmk2/05,Sxw,1,Sx,1,MR,FALSE
6940,ICHmk2,ICHmk2/06,Act,2,Ac,3,MR,FALSE
6941,ICHmk2,ICHmk2/06,At,2,At,2,MR,FALSE
6942,ICHmk2,ICHmk2/06,Bl,1,Bl,2,MR,FALSE
6943,ICHmk2,ICHmk2/06,Cw,2,Cw,2,MR,FALSE
6944,ICHmk2,ICHmk2/06,Ep,2,Ep,2,MR,FALSE
6945,ICHmk2,ICHmk2/06,Pli,2,Pl,2,MR,FALSE
6946,ICHmk2,ICHmk2/06,Sxw,1,Sx,2,MR,FALSE
6947,ICHmw3,ICHmw3/01,At,2,At,3,MR,FALSE
6948,ICHmw3,ICHmw3/01,Bl,3,Bl,3,MR,FALSE
6949,ICHmw3,ICHmw3/01,Cw,2,Cw,1,MR,FALSE
6950,ICHmw3,ICHmw3/01,Ep,2,Ep,3,MR,FALSE
6951,ICHmw3,ICHmw3/01,Fdi,1,Fd,1,MR,FALSE
6952,ICHmw3,ICHmw3/01,Hw,2,Hw,1,MR,FALSE
6953,ICHmw3,ICHmw3/01,Lw,3,Lw,1,MR,TRUE
6954,ICHmw3,ICHmw3/01,Pli,2,Pl,3,MR,FALSE
6955,ICHmw3,ICHmw3/01,Pw,3,Pw,2,MR,FALSE
6956,ICHmw3,ICHmw3/01,Sxw,2,Sx,2,MR,FALSE
6957,ICHmw3,ICHmw3/02,Fdi,1,Fd,3,MR,FALSE
6958,ICHmw3,ICHmw3/02,Lw,3,Lw,3,MR,TRUE
6959,ICHmw3,ICHmw3/02,Pli,1,Pl,3,MR,FALSE
6960,ICHmw3,ICHmw3/02,Pyi,3,Py,4,MR,FALSE
6961,ICHmw3,ICHmw3/03,At,2,At,4,MR,FALSE
6962,ICHmw3,ICHmw3/03,Cw,3,Cw,3,MR,FALSE
6963,ICHmw3,ICHmw3/03,Ep,2,Ep,4,MR,FALSE
6964,ICHmw3,ICHmw3/03,Fdi,1,Fd,1,MR,FALSE
6965,ICHmw3,ICHmw3/03,Pli,2,Pl,1,MR,FALSE
6966,ICHmw3,ICHmw3/03,Pyi,4,Py,3,MR,FALSE
6967,ICHmw3,ICHmw3/03,Sxw,3,Sx,3,MR,FALSE
6968,ICHmw3,ICHmw3/04,At,3,At,2,MR,FALSE
6969,ICHmw3,ICHmw3/04,Cw,2,Cw,1,MR,FALSE
6970,ICHmw3,ICHmw3/04,Ep,3,Ep,2,MR,FALSE
6971,ICHmw3,ICHmw3/04,Fdi,1,Fd,1,MR,FALSE
6972,ICHmw3,ICHmw3/04,Lw,2,Lw,1,MR,TRUE
6973,ICHmw3,ICHmw3/04,Pli,1,Pl,1,MR,FALSE
6974,ICHmw3,ICHmw3/04,Pw,3,Pw,2,MR,FALSE
6975,ICHmw3,ICHmw3/04,Sxw,3,Sx,3,MR,FALSE
6976,ICHmw3,ICHmw3/05,At,2,At,2,MR,FALSE
6977,ICHmw3,ICHmw3/05,Cw,2,Cw,1,MR,FALSE
6978,ICHmw3,ICHmw3/05,Ep,2,Ep,2,MR,FALSE
6979,ICHmw3,ICHmw3/05,Fdi,1,Fd,1,MR,FALSE
6980,ICHmw3,ICHmw3/05,Lw,2,Lw,1,MR,TRUE
6981,ICHmw3,ICHmw3/05,Pli,2,Pl,1,MR,FALSE
6982,ICHmw3,ICHmw3/05,Pw,3,Pw,2,MR,FALSE
6983,ICHmw3,ICHmw3/05,Sxw,2,Sx,3,MR,FALSE
6984,ICHmw3,ICHmw3/06,At,2,At,2,MR,FALSE
6985,ICHmw3,ICHmw3/06,Bl,3,Bl,3,MR,FALSE
6986,ICHmw3,ICHmw3/06,Cw,1,Cw,1,MR,FALSE
6987,ICHmw3,ICHmw3/06,Ep,2,Ep,2,MR,FALSE
6988,ICHmw3,ICHmw3/06,Fdi,2,Fd,2,MR,FALSE
6989,ICHmw3,ICHmw3/06,Hw,1,Hw,1,MR,FALSE
6990,ICHmw3,ICHmw3/06,Lw,3,Lw,2,MR,TRUE
6991,ICHmw3,ICHmw3/06,Sxw,1,Sx,3,MR,FALSE
6992,ICHmw3,ICHmw3/07,Act,2,Ac,3,MR,FALSE
6993,ICHmw3,ICHmw3/07,At,2,At,2,MR,FALSE
6994,ICHmw3,ICHmw3/07,Bl,3,Bl,3,MR,FALSE
6995,ICHmw3,ICHmw3/07,Cw,1,Cw,1,MR,FALSE
6996,ICHmw3,ICHmw3/07,Ep,2,Ep,2,MR,FALSE
6997,ICHmw3,ICHmw3/07,Fdi,2,Fd,2,MR,FALSE
6998,ICHmw3,ICHmw3/07,Hw,2,Hw,2,MR,FALSE
6999,ICHmw3,ICHmw3/07,Lw,3,Lw,2,MR,TRUE
7000,ICHmw3,ICHmw3/07,Pw,3,Pw,3,MR,FALSE
7001,ICHmw3,ICHmw3/07,Sxw,1,Sx,1,MR,FALSE
7002,ICHmw3,ICHmw3/08,Act,2,Ac,2,MR,FALSE
7003,ICHmw3,ICHmw3/08,At,3,At,2,MR,FALSE
7004,ICHmw3,ICHmw3/08,Bl,3,Bl,2,MR,FALSE
7005,ICHmw3,ICHmw3/08,Cw,1,Cw,1,MR,FALSE
7006,ICHmw3,ICHmw3/08,Ep,3,Ep,2,MR,FALSE
7007,ICHmw3,ICHmw3/08,Hw,2,Hw,2,MR,FALSE
7008,ICHmw3,ICHmw3/08,Sxw,1,Sx,1,MR,FALSE
7009,ICHvk1,ICHvk1/01,Bl,2,Bl,3,MR,FALSE
7010,ICHvk1,ICHvk1/01,Cw,2,Cw,1,MR,FALSE
7011,ICHvk1,ICHvk1/01,Hw,1,Hw,1,MR,FALSE
7012,ICHvk1,ICHvk1/01,Pw,3,Pw,3,MR,FALSE
7013,ICHvk1,ICHvk1/01,Sxw,1,Sx,2,MR,FALSE
7014,ICHvk1,ICHvk1/02,Bl,2,Bl,4,MR,FALSE
7015,ICHvk1,ICHvk1/02,Cw,1,Cw,3,MR,FALSE
7016,ICHvk1,ICHvk1/02,Fdi,2,Fd,3,MR,FALSE
7017,ICHvk1,ICHvk1/02,Hw,1,Hw,3,MR,FALSE
7018,ICHvk1,ICHvk1/02,Sxw,2,Sx,4,MR,FALSE
7019,ICHvk1,ICHvk1/03,At,3,At,3,MR,FALSE
7020,ICHvk1,ICHvk1/03,Bl,2,Bl,2,MR,FALSE
7021,ICHvk1,ICHvk1/03,Cw,1,Cw,1,MR,FALSE
7022,ICHvk1,ICHvk1/03,Ep,3,Ep,3,MR,FALSE
7023,ICHvk1,ICHvk1/03,Fdi,3,Fd,3,MR,FALSE
7024,ICHvk1,ICHvk1/03,Hw,1,Hw,1,MR,FALSE
7025,ICHvk1,ICHvk1/03,Pw,3,Pw,3,MR,FALSE
7026,ICHvk1,ICHvk1/03,Sxw,2,Sx,2,MR,FALSE
7027,ICHvk1,ICHvk1/04,At,3,At,3,MR,FALSE
7028,ICHvk1,ICHvk1/04,Bl,2,Bl,2,MR,FALSE
7029,ICHvk1,ICHvk1/04,Cw,1,Cw,1,MR,FALSE
7030,ICHvk1,ICHvk1/04,Ep,3,Ep,3,MR,FALSE
7031,ICHvk1,ICHvk1/04,Hw,1,Hw,1,MR,FALSE
7032,ICHvk1,ICHvk1/04,Pw,3,Pw,3,MR,FALSE
7033,ICHvk1,ICHvk1/04,Sxw,1,Sx,2,MR,FALSE
7034,ICHvk1,ICHvk1/05,Act,2,Ac,3,MR,FALSE
7035,ICHvk1,ICHvk1/05,At,3,At,3,MR,FALSE
7036,ICHvk1,ICHvk1/05,Bl,2,Bl,1,MR,FALSE
7037,ICHvk1,ICHvk1/05,Cw,1,Cw,2,MR,FALSE
7038,ICHvk1,ICHvk1/05,Ep,3,Ep,3,MR,FALSE
7039,ICHvk1,ICHvk1/05,Hw,2,Hw,2,MR,FALSE
7040,ICHvk1,ICHvk1/05,Sxw,1,Sx,1,MR,FALSE
7041,ICHvk1,ICHvk1/06,Act,3,Ac,3,MR,FALSE
7042,ICHvk1,ICHvk1/06,At,3,At,3,MR,FALSE
7043,ICHvk1,ICHvk1/06,Bl,2,Bl,3,MR,FALSE
7044,ICHvk1,ICHvk1/06,Cw,1,Cw,2,MR,FALSE
7045,ICHvk1,ICHvk1/06,Ep,3,Ep,3,MR,FALSE
7046,ICHvk1,ICHvk1/06,Hw,2,Hw,2,MR,FALSE
7047,ICHvk1,ICHvk1/06,Sxw,1,Sx,2,MR,FALSE
7048,ICHwk1,ICHwk1/01,At,2,At,3,MR,FALSE
7049,ICHwk1,ICHwk1/01,Bl,2,Bl,3,MR,FALSE
7050,ICHwk1,ICHwk1/01,Cw,1,Cw,1,MR,FALSE
7051,ICHwk1,ICHwk1/01,Ep,2,Ep,3,MR,FALSE
7052,ICHwk1,ICHwk1/01,Fdi,2,Fd,2,MR,FALSE
7053,ICHwk1,ICHwk1/01,Hw,1,Hw,1,MR,FALSE
7054,ICHwk1,ICHwk1/01,Lw,3,Lw,3,MR,TRUE
7055,ICHwk1,ICHwk1/01,Pw,3,Pw,2,MR,FALSE
7056,ICHwk1,ICHwk1/01,Sxw,1,Sx,3,MR,FALSE
7057,ICHwk1,ICHwk1/02,Cw,3,Cw,3,MR,FALSE
7058,ICHwk1,ICHwk1/02,Fdi,1,Fd,3,MR,FALSE
7059,ICHwk1,ICHwk1/02,Hw,3,Hw,4,MR,FALSE
7060,ICHwk1,ICHwk1/02,Pli,1,Pl,3,MR,FALSE
7061,ICHwk1,ICHwk1/02,Pw,3,Pw,3,MR,FALSE
7062,ICHwk1,ICHwk1/02,Sxw,3,Sx,4,MR,FALSE
7063,ICHwk1,ICHwk1/03,Bl,3,Bl,3,MR,FALSE
7064,ICHwk1,ICHwk1/03,Cw,2,Cw,1,MR,FALSE
7065,ICHwk1,ICHwk1/03,Fdi,1,Fd,1,MR,FALSE
7066,ICHwk1,ICHwk1/03,Hw,2,Hw,1,MR,FALSE
7067,ICHwk1,ICHwk1/03,Lw,2,Lw,1,MR,TRUE
7068,ICHwk1,ICHwk1/03,Pli,4,Pl,2,MR,FALSE
7069,ICHwk1,ICHwk1/03,Pw,3,Pw,2,MR,FALSE
7070,ICHwk1,ICHwk1/03,Sxw,3,Sx,3,MR,FALSE
7071,ICHwk1,ICHwk1/04,At,2,At,2,MR,FALSE
7072,ICHwk1,ICHwk1/04,Bl,3,Bl,3,MR,FALSE
7073,ICHwk1,ICHwk1/04,Cw,2,Cw,1,MR,FALSE
7074,ICHwk1,ICHwk1/04,Ep,2,Ep,2,MR,FALSE
7075,ICHwk1,ICHwk1/04,Fdi,2,Fd,2,MR,FALSE
7076,ICHwk1,ICHwk1/04,Hw,1,Hw,1,MR,FALSE
7077,ICHwk1,ICHwk1/04,Lw,2,Lw,2,MR,TRUE
7078,ICHwk1,ICHwk1/04,Pw,3,Pw,2,MR,FALSE
7079,ICHwk1,ICHwk1/04,Sxw,2,Sx,3,MR,FALSE
7080,ICHwk1,ICHwk1/05,Act,2,Ac,2,MR,FALSE
7081,ICHwk1,ICHwk1/05,At,3,At,2,MR,FALSE
7082,ICHwk1,ICHwk1/05,Bl,2,Bl,3,MR,FALSE
7083,ICHwk1,ICHwk1/05,Cw,1,Cw,1,MR,FALSE
7084,ICHwk1,ICHwk1/05,Ep,2,Ep,2,MR,FALSE
7085,ICHwk1,ICHwk1/05,Hw,1,Hw,1,MR,FALSE
7086,ICHwk1,ICHwk1/05,Pw,3,Pw,2,MR,FALSE
7087,ICHwk1,ICHwk1/05,Sxw,1,Sx,2,MR,FALSE
7088,ICHwk1,ICHwk1/06,Act,2,Ac,3,MR,FALSE
7089,ICHwk1,ICHwk1/06,At,3,At,3,MR,FALSE
7090,ICHwk1,ICHwk1/06,Bl,2,Bl,3,MR,FALSE
7091,ICHwk1,ICHwk1/06,Cw,1,Cw,3,MR,FALSE
7092,ICHwk1,ICHwk1/06,Ep,3,Ep,3,MR,FALSE
7093,ICHwk1,ICHwk1/06,Hw,2,Hw,3,MR,FALSE
7094,ICHwk1,ICHwk1/06,Sxw,1,Sx,2,MR,FALSE
7095,ICHwk1,ICHwk1/07,Act,2,Ac,3,MR,FALSE
7096,ICHwk1,ICHwk1/07,At,3,At,3,MR,FALSE
7097,ICHwk1,ICHwk1/07,Bl,2,Bl,3,MR,FALSE
7098,ICHwk1,ICHwk1/07,Cw,1,Cw,2,MR,FALSE
7099,ICHwk1,ICHwk1/07,Ep,3,Ep,3,MR,FALSE
7100,ICHwk1,ICHwk1/07,Hw,2,Hw,2,MR,FALSE
7101,ICHwk1,ICHwk1/07,Sxw,1,Sx,2,MR,FALSE
7102,IDFdc,IDFdc/01,Fdi,1,Fd,1,MR,FALSE
7103,IDFdc,IDFdc/01,Lw,3,Lw,1,MR,TRUE
7104,IDFdc,IDFdc/01,Pli,2,Pl,1,MR,FALSE
7105,IDFdc,IDFdc/01,Pyi,4,Py,3,MR,FALSE
7106,IDFdc,IDFdc/01,Sxw,3,Sx,4,MR,FALSE
7107,IDFdc,IDFdc/02,Fdi,1,Fd,3,MR,FALSE
7108,IDFdc,IDFdc/02,Pyi,2,Py,3,MR,FALSE
7109,IDFdc,IDFdc/03,Fdi,2,Fd,1,MR,FALSE
7110,IDFdc,IDFdc/03,Pli,2,Pl,3,MR,FALSE
7111,IDFdc,IDFdc/03,Pyi,2,Py,2,MR,FALSE
7112,IDFdc,IDFdc/05,Bl,3,Bl,4,MR,FALSE
7113,IDFdc,IDFdc/05,Cw,3,Cw,3,MR,FALSE
7114,IDFdc,IDFdc/05,Fdi,1,Fd,2,MR,FALSE
7115,IDFdc,IDFdc/05,Lw,3,Lw,2,MR,TRUE
7116,IDFdc,IDFdc/05,Pli,2,Pl,3,MR,FALSE
7117,IDFdc,IDFdc/05,Sxw,1,Sx,3,MR,FALSE
7118,IDFdc,IDFdc/06,Bl,3,Bl,4,MR,FALSE
7119,IDFdc,IDFdc/06,Cw,3,Cw,4,MR,FALSE
7120,IDFdc,IDFdc/06,Fdi,2,Fd,3,MR,FALSE
7121,IDFdc,IDFdc/06,Pli,1,Pl,2,MR,FALSE
7122,IDFdc,IDFdc/06,Sxw,1,Sx,2,MR,FALSE
7123,IDFdk1,IDFdk1/101,At,2,At,2,MR,FALSE
7124,IDFdk1,IDFdk1/101,Fdi,1,Fd,1,MR,FALSE
7125,IDFdk1,IDFdk1/101,Lw,3,Lw,1,MR,TRUE
7126,IDFdk1,IDFdk1/101,Pli,1,Pl,2,MR,FALSE
7127,IDFdk1,IDFdk1/101,Pyi,3,Py,4,MR,FALSE
7128,IDFdk1,IDFdk1/101,Sxw,3,Sx,3,MR,FALSE
7129,IDFdk1,IDFdk1/102,Fdi,2,Fd,3,MR,FALSE
7130,IDFdk1,IDFdk1/102,Pli,2,Pl,3,MR,FALSE
7131,IDFdk1,IDFdk1/102,Pyi,2,Py,3,MR,FALSE
7132,IDFdk1,IDFdk1/103,Fdi,2,Fd,2,MR,FALSE
7133,IDFdk1,IDFdk1/103,Pli,2,Pl,3,MR,FALSE
7134,IDFdk1,IDFdk1/103,Pyi,2,Py,2,MR,FALSE
7135,IDFdk1,IDFdk1/104,Fdi,2,Fd,1,MR,FALSE
7136,IDFdk1,IDFdk1/104,Lw,3,Lw,1,MR,TRUE
7137,IDFdk1,IDFdk1/104,Pli,2,Pl,2,MR,FALSE
7138,IDFdk1,IDFdk1/105,Fdi,2,Fd,2,MR,FALSE
7139,IDFdk1,IDFdk1/105,Lw,3,Lw,2,MR,TRUE
7140,IDFdk1,IDFdk1/105,Pli,2,Pl,1,MR,FALSE
7141,IDFdk1,IDFdk1/110,At,2,At,2,MR,FALSE
7142,IDFdk1,IDFdk1/110,Bl,3,Bl,3,MR,FALSE
7143,IDFdk1,IDFdk1/110,Fdi,1,Fd,2,MR,FALSE
7144,IDFdk1,IDFdk1/110,Lw,3,Lw,2,MR,TRUE
7145,IDFdk1,IDFdk1/110,Pli,2,Pl,2,MR,FALSE
7146,IDFdk1,IDFdk1/110,Sxw,1,Sx,1,MR,FALSE
7147,IDFdk1,IDFdk1/111,Act,3,Ac,3,MR,FALSE
7148,IDFdk1,IDFdk1/111,At,3,At,3,MR,FALSE
7149,IDFdk1,IDFdk1/111,Bl,3,Bl,3,MR,FALSE
7150,IDFdk1,IDFdk1/111,Pli,3,Pl,3,MR,FALSE
7151,IDFdk1,IDFdk1/111,Sxw,2,Sx,2,MR,FALSE
7152,IDFdk2,IDFdk2/101,At,2,At,2,MR,FALSE
7153,IDFdk2,IDFdk2/101,Fdi,1,Fd,1,MR,FALSE
7154,IDFdk2,IDFdk2/101,Lw,3,Lw,1,MR,TRUE
7155,IDFdk2,IDFdk2/101,Pli,1,Pl,2,MR,FALSE
7156,IDFdk2,IDFdk2/101,Pyi,3,Py,4,MR,FALSE
7157,IDFdk2,IDFdk2/101,Sxw,3,Sx,3,MR,FALSE
7158,IDFdk2,IDFdk2/102,Fdi,2,Fd,3,MR,FALSE
7159,IDFdk2,IDFdk2/102,Pli,2,Pl,3,MR,FALSE
7160,IDFdk2,IDFdk2/102,Pyi,2,Py,3,MR,FALSE
7161,IDFdk2,IDFdk2/103,Fdi,2,Fd,2,MR,FALSE
7162,IDFdk2,IDFdk2/103,Pli,3,Pl,3,MR,FALSE
7163,IDFdk2,IDFdk2/103,Pyi,2,Py,2,MR,FALSE
7164,IDFdk2,IDFdk2/104,Fdi,2,Fd,1,MR,FALSE
7165,IDFdk2,IDFdk2/104,Lw,3,Lw,1,MR,TRUE
7166,IDFdk2,IDFdk2/104,Pli,2,Pl,2,MR,FALSE
7167,IDFdk2,IDFdk2/104,Pyi,2,Py,4,MR,FALSE
7168,IDFdk2,IDFdk2/105,At,2,At,2,MR,FALSE
7169,IDFdk2,IDFdk2/105,Bl,3,Bl,3,MR,FALSE
7170,IDFdk2,IDFdk2/105,Fdi,2,Fd,2,MR,FALSE
7171,IDFdk2,IDFdk2/105,Lw,3,Lw,2,MR,TRUE
7172,IDFdk2,IDFdk2/105,Pli,1,Pl,1,MR,FALSE
7173,IDFdk2,IDFdk2/105,Sxw,3,Sx,2,MR,FALSE
7174,IDFdk2,IDFdk2/110,At,2,At,2,MR,FALSE
7175,IDFdk2,IDFdk2/110,Bl,3,Bl,3,MR,FALSE
7176,IDFdk2,IDFdk2/110,Ep,2,Ep,3,MR,FALSE
7177,IDFdk2,IDFdk2/110,Fdi,1,Fd,2,MR,FALSE
7178,IDFdk2,IDFdk2/110,Lw,3,Lw,2,MR,TRUE
7179,IDFdk2,IDFdk2/110,Sxw,1,Sx,1,MR,FALSE
7180,IDFdk2,IDFdk2/111,Act,3,Ac,3,MR,FALSE
7181,IDFdk2,IDFdk2/111,At,3,At,3,MR,FALSE
7182,IDFdk2,IDFdk2/111,Bl,2,Bl,3,MR,FALSE
7183,IDFdk2,IDFdk2/111,Ep,3,Ep,3,MR,FALSE
7184,IDFdk2,IDFdk2/111,Fdi,3,Fd,3,MR,FALSE
7185,IDFdk2,IDFdk2/111,Pli,3,Pl,3,MR,FALSE
7186,IDFdk2,IDFdk2/111,Sxw,2,Sx,2,MR,FALSE
7187,IDFmw2,IDFmw2/01,At,2,At,2,MR,FALSE
7188,IDFmw2,IDFmw2/01,Bl,5,Bl,4,MR,FALSE
7189,IDFmw2,IDFmw2/01,Cw,2,Cw,2,MR,FALSE
7190,IDFmw2,IDFmw2/01,Ep,2,Ep,1,MR,FALSE
7191,IDFmw2,IDFmw2/01,Fdi,1,Fd,1,MR,FALSE
7192,IDFmw2,IDFmw2/01,Lw,3,Lw,1,MR,TRUE
7193,IDFmw2,IDFmw2/01,Pli,1,Pl,2,MR,FALSE
7194,IDFmw2,IDFmw2/01,Pw,2,Pw,2,MR,FALSE
7195,IDFmw2,IDFmw2/01,Sxw,3,Sx,3,MR,FALSE
7196,IDFmw2,IDFmw2/02,Fdi,2,Fd,3,MR,FALSE
7197,IDFmw2,IDFmw2/02,Pli,2,Pl,3,MR,FALSE
7198,IDFmw2,IDFmw2/02,Pw,3,Pw,4,MR,FALSE
7199,IDFmw2,IDFmw2/02,Pyi,4,Py,3,MR,FALSE
7200,IDFmw2,IDFmw2/03,At,3,At,2,MR,FALSE
7201,IDFmw2,IDFmw2/03,Ep,3,Ep,2,MR,FALSE
7202,IDFmw2,IDFmw2/03,Fdi,2,Fd,1,MR,FALSE
7203,IDFmw2,IDFmw2/03,Lw,3,Lw,1,MR,TRUE
7204,IDFmw2,IDFmw2/03,Pli,1,Pl,2,MR,FALSE
7205,IDFmw2,IDFmw2/03,Pw,2,Pw,2,MR,FALSE
7206,IDFmw2,IDFmw2/03,Pyi,2,Py,3,MR,FALSE
7207,IDFmw2,IDFmw2/04,Act,3,Ac,3,MR,FALSE
7208,IDFmw2,IDFmw2/04,At,2,At,2,MR,FALSE
7209,IDFmw2,IDFmw2/04,Bl,3,Bl,3,MR,FALSE
7210,IDFmw2,IDFmw2/04,Cw,1,Cw,1,MR,FALSE
7211,IDFmw2,IDFmw2/04,Ep,2,Ep,1,MR,FALSE
7212,IDFmw2,IDFmw2/04,Fdi,2,Fd,1,MR,FALSE
7213,IDFmw2,IDFmw2/04,Lw,3,Lw,1,MR,TRUE
7214,IDFmw2,IDFmw2/04,Pli,2,Pl,2,MR,FALSE
7215,IDFmw2,IDFmw2/04,Pw,3,Pw,1,MR,FALSE
7216,IDFmw2,IDFmw2/04,Sxw,1,Sx,2,MR,FALSE
7217,IDFmw2,IDFmw2/05,Act,2,Ac,2,MR,FALSE
7218,IDFmw2,IDFmw2/05,Cw,3,Cw,2,MR,FALSE
7219,IDFmw2,IDFmw2/05,Ep,3,Ep,2,MR,FALSE
7220,IDFmw2,IDFmw2/05,Hw,1,Hw,2,MR,FALSE
7221,IDFxc,IDFxc/01,Fdi,1,Fd,1,MR,FALSE
7222,IDFxc,IDFxc/01,Pyi,1,Py,2,MR,FALSE
7223,IDFxc,IDFxc/02,Fdi,2,Fd,3,MR,FALSE
7224,IDFxc,IDFxc/02,Pyi,2,Py,3,MR,FALSE
7225,IDFxc,IDFxc/03,Fdi,2,Fd,1,MR,FALSE
7226,IDFxc,IDFxc/03,Pyi,1,Py,1,MR,FALSE
7227,IDFxc,IDFxc/04,Fdi,2,Fd,1,MR,FALSE
7228,IDFxc,IDFxc/04,Pyi,1,Py,1,MR,FALSE
7229,IDFxc,IDFxc/05,Fdi,1,Fd,1,MR,FALSE
7230,IDFxc,IDFxc/05,Pyi,1,Py,1,MR,FALSE
7231,IDFxc,IDFxc/06,Fdi,1,Fd,1,MR,FALSE
7232,IDFxc,IDFxc/06,Pyi,1,Py,2,MR,FALSE
7233,IDFxc,IDFxc/07,Act,3,Ac,3,MR,FALSE
7234,IDFxc,IDFxc/07,At,2,At,2,MR,FALSE
7235,IDFxc,IDFxc/07,Cw,3,Cw,2,MR,FALSE
7236,IDFxc,IDFxc/07,Ep,2,Ep,2,MR,FALSE
7237,IDFxc,IDFxc/07,Fdi,1,Fd,1,MR,FALSE
7238,IDFxc,IDFxc/07,Pyi,2,Py,3,MR,FALSE
7239,IDFxc,IDFxc/07,Sxw,2,Sx,2,MR,FALSE
7240,IDFxc,IDFxc/08,Act,2,Ac,2,MR,FALSE
7241,IDFxc,IDFxc/08,At,2,At,2,MR,FALSE
7242,IDFxc,IDFxc/08,Cw,3,Cw,2,MR,FALSE
7243,IDFxc,IDFxc/08,Ep,2,Ep,2,MR,FALSE
7244,IDFxc,IDFxc/08,Fdi,2,Fd,2,MR,FALSE
7245,IDFxc,IDFxc/08,Sxw,1,Sx,1,MR,FALSE
7246,IDFxh1,IDFxh1/101,Fdi,1,Fd,1,MR,FALSE
7247,IDFxh1,IDFxh1/101,Pyi,1,Py,2,MR,FALSE
7248,IDFxh1,IDFxh1/102,Fdi,2,Fd,3,MR,FALSE
7249,IDFxh1,IDFxh1/102,Pyi,2,Py,3,MR,FALSE
7250,IDFxh1,IDFxh1/103,Fdi,2,Fd,2,MR,FALSE
7251,IDFxh1,IDFxh1/103,Pyi,2,Py,2,MR,FALSE
7252,IDFxh1,IDFxh1/104,Fdi,2,Fd,2,MR,FALSE
7253,IDFxh1,IDFxh1/104,Pyi,2,Py,1,MR,FALSE
7254,IDFxh1,IDFxh1/105,Fdi,2,Fd,1,MR,FALSE
7255,IDFxh1,IDFxh1/105,Pyi,2,Py,1,MR,FALSE
7256,IDFxh1,IDFxh1/106,Fdi,2,Fd,1,MR,FALSE
7257,IDFxh1,IDFxh1/106,Pyi,2,Py,1,MR,FALSE
7258,IDFxh1,IDFxh1/110,Fdi,1,Fd,1,MR,FALSE
7259,IDFxh1,IDFxh1/110,Pyi,1,Py,3,MR,FALSE
7260,IDFxh1,IDFxh1/111.1,At,3,At,3,MR,FALSE
7261,IDFxh1,IDFxh1/111.1,Cw,3,Cw,4,MR,FALSE
7262,IDFxh1,IDFxh1/111.1,Ep,2,Ep,3,MR,FALSE
7263,IDFxh1,IDFxh1/111.1,Fdi,1,Fd,2,MR,FALSE
7264,IDFxh1,IDFxh1/111.1,Sxw,2,Sx,2,MR,FALSE
7265,IDFxh1,IDFxh1/111.2,At,3,At,3,MR,FALSE
7266,IDFxh1,IDFxh1/111.2,Cw,2,Cw,2,MR,FALSE
7267,IDFxh1,IDFxh1/111.2,Ep,2,Ep,3,MR,FALSE
7268,IDFxh1,IDFxh1/111.2,Fdi,2,Fd,2,MR,FALSE
7269,IDFxh1,IDFxh1/111.2,Sxw,3,Sx,3,MR,FALSE
7270,IDFxh1,IDFxh1/112,Act,3,Ac,4,MR,FALSE
7271,IDFxh1,IDFxh1/112,At,3,At,4,MR,FALSE
7272,IDFxh1,IDFxh1/112,Cw,3,Cw,4,MR,FALSE
7273,IDFxh1,IDFxh1/112,Ep,3,Ep,4,MR,FALSE
7274,IDFxh1,IDFxh1/112,Fdi,3,Fd,4,MR,FALSE
7275,IDFxh1,IDFxh1/112,Pli,3,Pl,4,MR,FALSE
7276,IDFxh1,IDFxh1/112,Sxw,2,Sx,3,MR,FALSE
7277,IDFxh2,IDFxh2/101,Fdi,2,Fd,1,MR,FALSE
7278,IDFxh2,IDFxh2/101,Pyi,2,Py,3,MR,FALSE
7279,IDFxh2,IDFxh2/102,Fdi,2,Fd,3,MR,FALSE
7280,IDFxh2,IDFxh2/102,Pyi,2,Py,3,MR,FALSE
7281,IDFxh2,IDFxh2/103,Fdi,2,Fd,2,MR,FALSE
7282,IDFxh2,IDFxh2/103,Pyi,2,Py,1,MR,FALSE
7283,IDFxh2,IDFxh2/104,Fdi,2,Fd,2,MR,FALSE
7284,IDFxh2,IDFxh2/104,Pyi,2,Py,2,MR,FALSE
7285,IDFxh2,IDFxh2/110,Fdi,1,Fd,1,MR,FALSE
7286,IDFxh2,IDFxh2/111,At,2,At,3,MR,FALSE
7287,IDFxh2,IDFxh2/111,Ep,3,Ep,3,MR,FALSE
7288,IDFxh2,IDFxh2/111,Fdi,1,Fd,1,MR,FALSE
7289,IDFxh2,IDFxh2/112,At,2,At,3,MR,FALSE
7290,IDFxh2,IDFxh2/112,Cw,2,Cw,2,MR,FALSE
7291,IDFxh2,IDFxh2/112,Ep,2,Ep,3,MR,FALSE
7292,IDFxh2,IDFxh2/112,Fdi,2,Fd,1,MR,FALSE
7293,IDFxh2,IDFxh2/112,Pli,3,Pl,3,MR,FALSE
7294,IDFxh2,IDFxh2/112,Sxw,2,Sx,2,MR,FALSE
7295,IDFxh2,IDFxh2/113,Act,2,Ac,4,MR,FALSE
7296,IDFxh2,IDFxh2/113,At,3,At,4,MR,FALSE
7297,IDFxh2,IDFxh2/113,Cw,3,Cw,4,MR,FALSE
7298,IDFxh2,IDFxh2/113,Ep,3,Ep,4,MR,FALSE
7299,IDFxh2,IDFxh2/113,Fdi,3,Fd,4,MR,FALSE
7300,IDFxh2,IDFxh2/113,Pli,3,Pl,4,MR,FALSE
7301,IDFxh2,IDFxh2/113,Sxw,2,Sx,3,MR,FALSE
7302,MSdc1,MSdc1/01,At,3,At,3,MR,FALSE
7303,MSdc1,MSdc1/01,Bl,2,Bl,1,MR,FALSE
7304,MSdc1,MSdc1/01,Fdi,2,Fd,2,MR,FALSE
7305,MSdc1,MSdc1/01,Lw,3,Lw,2,MR,TRUE
7306,MSdc1,MSdc1/01,Pli,1,Pl,2,MR,FALSE
7307,MSdc1,MSdc1/01,Pw,3,Pw,3,MR,FALSE
7308,MSdc1,MSdc1/01,Sxw,1,Sx,1,MR,FALSE
7309,MSdc1,MSdc1/02,Fdi,2,Fd,3,MR,FALSE
7310,MSdc1,MSdc1/02,Lw,3,Lw,3,MR,TRUE
7311,MSdc1,MSdc1/02,Pli,2,Pl,3,MR,FALSE
7312,MSdc1,MSdc1/02,Pyi,3,Py,4,MR,FALSE
7313,MSdc1,MSdc1/03,At,3,At,3,MR,FALSE
7314,MSdc1,MSdc1/03,Bl,3,Bl,3,MR,FALSE
7315,MSdc1,MSdc1/03,Fdi,2,Fd,2,MR,FALSE
7316,MSdc1,MSdc1/03,Lw,3,Lw,2,MR,TRUE
7317,MSdc1,MSdc1/03,Pa,3,Pa,3,MR,FALSE
7318,MSdc1,MSdc1/03,Pli,1,Pl,1,MR,FALSE
7319,MSdc1,MSdc1/03,Pw,3,Pw,3,MR,FALSE
7320,MSdc1,MSdc1/03,Sxw,3,Sx,3,MR,FALSE
7321,MSdc1,MSdc1/04,At,3,At,2,MR,FALSE
7322,MSdc1,MSdc1/04,Bl,2,Bl,1,MR,FALSE
7323,MSdc1,MSdc1/04,Fdi,2,Fd,5,MR,FALSE
7324,MSdc1,MSdc1/04,Pli,1,Pl,2,MR,FALSE
7325,MSdc1,MSdc1/04,Sxw,1,Sx,1,MR,FALSE
7326,MSdc3,MSdc3/01,Bl,1,Bl,1,MR,FALSE
7327,MSdc3,MSdc3/01,Fdi,2,Fd,2,MR,FALSE
7328,MSdc3,MSdc3/01,Lw,3,Lw,2,MR,TRUE
7329,MSdc3,MSdc3/01,Pli,1,Pl,1,MR,FALSE
7330,MSdc3,MSdc3/01,Sxw,1,Sx,1,MR,FALSE
7331,MSdc3,MSdc3/02,Fdi,2,Fd,3,MR,FALSE
7332,MSdc3,MSdc3/02,Pa,2,Pa,3,MR,FALSE
7333,MSdc3,MSdc3/02,Pli,2,Pl,3,MR,FALSE
7334,MSdc3,MSdc3/02,Pyi,2,Py,4,MR,FALSE
7335,MSdc3,MSdc3/03,Fdi,2,Fd,2,MR,FALSE
7336,MSdc3,MSdc3/03,Lw,3,Lw,2,MR,TRUE
7337,MSdc3,MSdc3/03,Pa,3,Pa,2,MR,FALSE
7338,MSdc3,MSdc3/03,Pli,1,Pl,1,MR,FALSE
7339,MSdc3,MSdc3/03,Pyi,3,Py,3,MR,FALSE
7340,MSdc3,MSdc3/04,Bl,1,Bl,1,MR,FALSE
7341,MSdc3,MSdc3/04,Pli,2,Pl,1,MR,FALSE
7342,MSdc3,MSdc3/04,Sxw,1,Sx,1,MR,FALSE
7343,MSdm2,MSdm2/101,Bl,1,Bl,1,MR,FALSE
7344,MSdm2,MSdm2/101,Fdi,2,Fd,3,MR,FALSE
7345,MSdm2,MSdm2/101,Pli,1,Pl,1,MR,FALSE
7346,MSdm2,MSdm2/101,Sxw,1,Sx,1,MR,FALSE
7347,MSdm2,MSdm2/102,Bl,3,Bl,4,MR,FALSE
7348,MSdm2,MSdm2/102,Fdi,3,Fd,3,MR,FALSE
7349,MSdm2,MSdm2/102,Pli,3,Pl,3,MR,FALSE
7350,MSdm2,MSdm2/102,Sxw,3,Sx,4,MR,FALSE
7351,MSdm2,MSdm2/103,Bl,3,Bl,3,MR,FALSE
7352,MSdm2,MSdm2/103,Fdi,1,Fd,1,MR,FALSE
7353,MSdm2,MSdm2/103,Lw,2,Lw,1,MR,TRUE
7354,MSdm2,MSdm2/103,Pli,2,Pl,1,MR,FALSE
7355,MSdm2,MSdm2/104,Bl,2,Bl,2,MR,FALSE
7356,MSdm2,MSdm2/104,Fdi,2,Fd,4,MR,FALSE
7357,MSdm2,MSdm2/104,Pli,1,Pl,1,MR,FALSE
7358,MSdm2,MSdm2/104,Sxw,2,Sx,2,MR,FALSE
7359,MSdm2,MSdm2/105,Bl,2,Bl,1,MR,FALSE
7360,MSdm2,MSdm2/105,Pli,1,Pl,1,MR,FALSE
7361,MSdm2,MSdm2/105,Sxw,1,Sx,1,MR,FALSE
7362,MSdm2,MSdm2/110,Bl,1,Bl,1,MR,FALSE
7363,MSdm2,MSdm2/110,Pli,1,Pl,2,MR,FALSE
7364,MSdm2,MSdm2/110,Sxw,1,Sx,1,MR,FALSE
7365,MSdm2,MSdm2/111,At,3,At,3,MR,FALSE
7366,MSdm2,MSdm2/111,Bl,1,Bl,1,MR,FALSE
7367,MSdm2,MSdm2/111,Fdi,3,Fd,4,MR,FALSE
7368,MSdm2,MSdm2/111,Lw,3,Lw,4,MR,TRUE
7369,MSdm2,MSdm2/111,Pli,2,Pl,2,MR,FALSE
7370,MSdm2,MSdm2/111,Sxw,1,Sx,1,MR,FALSE
7371,MSdm2,MSdm2/112,Bl,1,Bl,2,MR,FALSE
7372,MSdm2,MSdm2/112,Fdi,3,Fd,4,MR,FALSE
7373,MSdm2,MSdm2/112,Lw,3,Lw,4,MR,TRUE
7374,MSdm2,MSdm2/112,Pli,3,Pl,3,MR,FALSE
7375,MSdm2,MSdm2/112,Sxw,1,Sx,1,MR,FALSE
7376,MSdm2,MSdm2/113,Bl,2,Bl,3,MR,FALSE
7377,MSdm2,MSdm2/113,Pli,2,Pl,3,MR,FALSE
7378,MSdm2,MSdm2/113,Sxw,2,Sx,3,MR,FALSE
7379,MSdm3,MSdm3/01,Bl,2,Bl,1,MR,FALSE
7380,MSdm3,MSdm3/01,Fdi,2,Fd,4,MR,FALSE
7381,MSdm3,MSdm3/01,Lw,3,Lw,4,MR,TRUE
7382,MSdm3,MSdm3/01,Pli,1,Pl,1,MR,FALSE
7383,MSdm3,MSdm3/01,Sxw,1,Sx,1,MR,FALSE
7384,MSdm3,MSdm3/03,Fdi,2,Fd,3,MR,FALSE
7385,MSdm3,MSdm3/03,Pli,1,Pl,3,MR,FALSE
7386,MSdm3,MSdm3/03,Pyi,4,Py,4,MR,FALSE
7387,MSdm3,MSdm3/04,Bl,3,Bl,3,MR,FALSE
7388,MSdm3,MSdm3/04,Fdi,1,Fd,2,MR,FALSE
7389,MSdm3,MSdm3/04,Lw,2,Lw,2,MR,TRUE
7390,MSdm3,MSdm3/04,Pli,1,Pl,1,MR,FALSE
7391,MSdm3,MSdm3/04,Sxw,2,Sx,2,MR,FALSE
7392,MSdm3,MSdm3/05,Bl,2,Bl,1,MR,FALSE
7393,MSdm3,MSdm3/05,Fdi,2,Fd,4,MR,FALSE
7394,MSdm3,MSdm3/05,Lw,3,Lw,4,MR,TRUE
7395,MSdm3,MSdm3/05,Pli,1,Pl,2,MR,FALSE
7396,MSdm3,MSdm3/05,Sxw,1,Sx,1,MR,FALSE
7397,MSdm3,MSdm3/06,Bl,1,Bl,1,MR,FALSE
7398,MSdm3,MSdm3/06,Fdi,3,Fd,4,MR,FALSE
7399,MSdm3,MSdm3/06,Lw,3,Lw,4,MR,TRUE
7400,MSdm3,MSdm3/06,Pli,2,Pl,2,MR,FALSE
7401,MSdm3,MSdm3/06,Sxw,1,Sx,1,MR,FALSE
7402,MSdm3,MSdm3/07,Bl,2,Bl,3,MR,FALSE
7403,MSdm3,MSdm3/07,Pli,2,Pl,3,MR,FALSE
7404,MSdm3,MSdm3/07,Sxw,1,Sx,2,MR,FALSE
7405,MSxk1,MSxk1/101,Bl,2,Bl,2,MR,FALSE
7406,MSxk1,MSxk1/101,Fdi,3,Fd,3,MR,FALSE
7407,MSxk1,MSxk1/101,Lw,3,Lw,3,MR,TRUE
7408,MSxk1,MSxk1/101,Pli,1,Pl,1,MR,FALSE
7409,MSxk1,MSxk1/101,Sxw,2,Sx,2,MR,FALSE
7410,MSxk1,MSxk1/102,Fdi,3,Fd,3,MR,FALSE
7411,MSxk1,MSxk1/102,Pli,2,Pl,3,MR,FALSE
7412,MSxk1,MSxk1/103,Fdi,3,Fd,3,MR,FALSE
7413,MSxk1,MSxk1/103,Lw,3,Lw,3,MR,TRUE
7414,MSxk1,MSxk1/103,Pli,2,Pl,2,MR,FALSE
7415,MSxk1,MSxk1/104,Bl,2,Bl,3,MR,FALSE
7416,MSxk1,MSxk1/104,Fdi,3,Fd,4,MR,FALSE
7417,MSxk1,MSxk1/104,Lw,3,Lw,4,MR,TRUE
7418,MSxk1,MSxk1/104,Pli,1,Pl,1,MR,FALSE
7419,MSxk1,MSxk1/104,Sxw,2,Sx,2,MR,FALSE
7420,MSxk1,MSxk1/105,Bl,2,Bl,2,MR,FALSE
7421,MSxk1,MSxk1/105,Pli,1,Pl,1,MR,FALSE
7422,MSxk1,MSxk1/105,Sxw,2,Sx,2,MR,FALSE
7423,MSxk1,MSxk1/110,Bl,2,Bl,1,MR,FALSE
7424,MSxk1,MSxk1/110,Bl,2,Bl,3,MR,FALSE
7425,MSxk1,MSxk1/110,Lw,3,Lw,3,MR,TRUE
7426,MSxk1,MSxk1/110,Pli,1,Pl,1,MR,FALSE
7427,MSxk1,MSxk1/110,Sxw,2,Sx,1,MR,FALSE
7428,MSxk1,MSxk1/111,Bl,1,Bl,1,MR,FALSE
7429,MSxk1,MSxk1/111,Pli,1,Pl,1,MR,FALSE
7430,MSxk1,MSxk1/111,Sxw,1,Sx,1,MR,FALSE
7431,MSxk1,MSxk1/112,Bl,2,Bl,2,MR,FALSE
7432,MSxk1,MSxk1/112,Pli,2,Pl,1,MR,FALSE
7433,MSxk1,MSxk1/112,Sxw,2,Sx,1,MR,FALSE
7434,MSxk1,MSxk1/113,Bl,2,Bl,3,MR,FALSE
7435,MSxk1,MSxk1/113,Pli,2,Pl,3,MR,FALSE
7436,MSxk1,MSxk1/113,Sxw,2,Sx,3,MR,FALSE
7437,MSxk2,MSxk2/101,At,3,At,2,MR,FALSE
7438,MSxk2,MSxk2/101,Bl,3,Bl,2,MR,FALSE
7439,MSxk2,MSxk2/101,Fdi,3,Fd,4,MR,FALSE
7440,MSxk2,MSxk2/101,Lw,3,Lw,4,MR,TRUE
7441,MSxk2,MSxk2/101,Pli,1,Pl,1,MR,FALSE
7442,MSxk2,MSxk2/101,Sxw,2,Sx,2,MR,FALSE
7443,MSxk2,MSxk2/102,Fdi,3,Fd,4,MR,FALSE
7444,MSxk2,MSxk2/102,Lw,3,Lw,4,MR,TRUE
7445,MSxk2,MSxk2/102,Pli,2,Pl,3,MR,FALSE
7446,MSxk2,MSxk2/103,Pli,2,Pl,3,MR,FALSE
7447,MSxk2,MSxk2/104,Fdi,2,Fd,1,MR,FALSE
7448,MSxk2,MSxk2/104,Lw,2,Lw,1,MR,TRUE
7449,MSxk2,MSxk2/104,Pli,2,Pl,1,MR,FALSE
7450,MSxk2,MSxk2/105,At,3,At,2,MR,FALSE
7451,MSxk2,MSxk2/105,Bl,3,Bl,3,MR,FALSE
7452,MSxk2,MSxk2/105,Fdi,3,Fd,2,MR,FALSE
7453,MSxk2,MSxk2/105,Lw,3,Lw,2,MR,TRUE
7454,MSxk2,MSxk2/105,Pli,1,Pl,1,MR,FALSE
7455,MSxk2,MSxk2/105,Sxw,3,Sx,3,MR,FALSE
7456,MSxk2,MSxk2/106,Bl,3,Bl,2,MR,FALSE
7457,MSxk2,MSxk2/106,Lw,3,Lw,3,MR,TRUE
7458,MSxk2,MSxk2/106,Pli,1,Pl,1,MR,FALSE
7459,MSxk2,MSxk2/106,Sxw,1,Sx,2,MR,FALSE
7460,MSxk2,MSxk2/110,At,3,At,2,MR,FALSE
7461,MSxk2,MSxk2/110,Bl,2,Bl,2,MR,FALSE
7462,MSxk2,MSxk2/110,Pli,1,Pl,1,MR,FALSE
7463,MSxk2,MSxk2/110,Sxw,1,Sx,1,MR,FALSE
7464,MSxk2,MSxk2/111,Bl,2,Bl,2,MR,FALSE
7465,MSxk2,MSxk2/111,Pli,1,Pl,1,MR,FALSE
7466,MSxk2,MSxk2/111,Sxw,1,Sx,1,MR,FALSE
7467,MSxk2,MSxk2/112,Bl,2,Bl,3,MR,FALSE
7468,MSxk2,MSxk2/112,Pli,2,Pl,3,MR,FALSE
7469,MSxk2,MSxk2/112,Sxw,2,Sx,3,MR,FALSE
7470,MSxk3,MSxk3/01,Bl,2,Bl,3,MR,FALSE
7471,MSxk3,MSxk3/01,Fdi,2,Fd,4,MR,FALSE
7472,MSxk3,MSxk3/01,Lw,2,Lw,4,MR,TRUE
7473,MSxk3,MSxk3/01,Pli,1,Pl,1,MR,FALSE
7474,MSxk3,MSxk3/01,Sxw,2,Sx,3,MR,FALSE
7475,MSxk3,MSxk3/02,Bl,3,Bl,4,MR,FALSE
7476,MSxk3,MSxk3/02,Fdi,2,Fd,3,MR,FALSE
7477,MSxk3,MSxk3/02,Pli,2,Pl,3,MR,FALSE
7478,MSxk3,MSxk3/05,Bl,3,Bl,4,MR,FALSE
7479,MSxk3,MSxk3/05,Fdi,2,Fd,2,MR,FALSE
7480,MSxk3,MSxk3/05,Lw,3,Lw,2,MR,TRUE
7481,MSxk3,MSxk3/05,Pli,1,Pl,1,MR,FALSE
7482,MSxk3,MSxk3/05,Pyi,4,Py,3,MR,FALSE
7483,MSxk3,MSxk3/05,Sxw,3,Sx,4,MR,FALSE
7484,MSxk3,MSxk3/06,Bl,2,Bl,2,MR,FALSE
7485,MSxk3,MSxk3/06,Fdi,2,Fd,3,MR,FALSE
7486,MSxk3,MSxk3/06,Lw,3,Lw,3,MR,TRUE
7487,MSxk3,MSxk3/06,Pli,1,Pl,1,MR,FALSE
7488,MSxk3,MSxk3/06,Sxw,2,Sx,2,MR,FALSE
7489,MSxk3,MSxk3/08,At,3,At,3,MR,FALSE
7490,MSxk3,MSxk3/08,Bl,2,Bl,1,MR,FALSE
7491,MSxk3,MSxk3/08,Pli,1,Pl,2,MR,FALSE
7492,MSxk3,MSxk3/08,Sxw,1,Sx,1,MR,FALSE
7493,MSxk3,MSxk3/09,Act,3,Ac,3,MR,FALSE
7494,MSxk3,MSxk3/09,At,3,At,3,MR,FALSE
7495,MSxk3,MSxk3/09,Bl,2,Bl,2,MR,FALSE
7496,MSxk3,MSxk3/09,Pli,1,Pl,2,MR,FALSE
7497,MSxk3,MSxk3/09,Sxw,1,Sx,2,MR,FALSE
7498,PPxh1,PPxh1/101,Fdi,2,Fd,3,MR,FALSE
7499,PPxh1,PPxh1/101,Pyi,1,Py,1,MR,FALSE
7500,PPxh1,PPxh1/102,Fdi,2,Fd,4,MR,FALSE
7501,PPxh1,PPxh1/102,Pyi,2,Py,3,MR,FALSE
7502,PPxh1,PPxh1/103,Fdi,2,Fd,4,MR,FALSE
7503,PPxh1,PPxh1/103,Pyi,2,Py,3,MR,FALSE
7504,PPxh1,PPxh1/104,Fdi,2,Fd,4,MR,FALSE
7505,PPxh1,PPxh1/104,Pyi,2,Py,2,MR,FALSE
7506,PPxh1,PPxh1/110,Fdi,1,Fd,2,MR,FALSE
7507,PPxh1,PPxh1/110,Pyi,1,Py,2,MR,FALSE
7508,PPxh1,PPxh1/111,Fdi,1,Fd,1,MR,FALSE
7509,PPxh1,PPxh1/111,Pyi,1,Py,2,MR,FALSE
7510,PPxh2,PPxh2/101,Fdi,1,Fd,2,MR,FALSE
7511,PPxh2,PPxh2/101,Pyi,2,Py,2,MR,FALSE
7512,PPxh2,PPxh2/102,Fdi,2,Fd,3,MR,FALSE
7513,PPxh2,PPxh2/102,Pyi,2,Py,3,MR,FALSE
7514,PPxh2,PPxh2/103,Fdi,2,Fd,2,MR,FALSE
7515,PPxh2,PPxh2/103,Pyi,2,Py,3,MR,FALSE
7516,PPxh2,PPxh2/110.1,Fdi,1,Fd,2,MR,FALSE
7517,PPxh2,PPxh2/110.1,Pyi,1,Py,3,MR,FALSE
7518,PPxh2,PPxh2/110.2,Fdi,1,Fd,2,MR,FALSE
7519,PPxh2,PPxh2/110.2,Pyi,1,Py,3,MR,FALSE
7520,PPxh2,PPxh2/111,Fdi,1,Fd,1,MR,FALSE
7521,PPxh2,PPxh2/111,Pyi,1,Py,3,MR,FALSE
7522,SBSmm,SBSmm/01,At,2,At,3,MR,FALSE
7523,SBSmm,SBSmm/01,Bl,2,Bl,1,MR,FALSE
7524,SBSmm,SBSmm/01,Fdi,3,Fd,3,MR,FALSE
7525,SBSmm,SBSmm/01,Lw,2,Lw,3,MR,TRUE
7526,SBSmm,SBSmm/01,Pli,1,Pl,1,MR,FALSE
7527,SBSmm,SBSmm/01,Sxw,1,Sx,1,MR,FALSE
7528,SBSmm,SBSmm/02,Bl,3,Bl,4,MR,FALSE
7529,SBSmm,SBSmm/02,Fdi,3,Fd,4,MR,FALSE
7530,SBSmm,SBSmm/02,Pli,2,Pl,3,MR,FALSE
7531,SBSmm,SBSmm/02,Sxw,3,Sx,4,MR,FALSE
7532,SBSmm,SBSmm/03,Bl,3,Bl,3,MR,FALSE
7533,SBSmm,SBSmm/03,Fdi,2,Fd,4,MR,FALSE
7534,SBSmm,SBSmm/03,Pli,1,Pl,1,MR,FALSE
7535,SBSmm,SBSmm/03,Sxw,3,Sx,2,MR,FALSE
7536,SBSmm,SBSmm/04,Bl,3,Bl,2,MR,FALSE
7537,SBSmm,SBSmm/04,Fdi,3,Fd,3,MR,FALSE
7538,SBSmm,SBSmm/04,Pli,1,Pl,1,MR,FALSE
7539,SBSmm,SBSmm/04,Sxw,3,Sx,2,MR,FALSE
7540,SBSmm,SBSmm/05,At,2,At,3,MR,FALSE
7541,SBSmm,SBSmm/05,Bl,2,Bl,1,MR,FALSE
7542,SBSmm,SBSmm/05,Fdi,3,Fd,3,MR,FALSE
7543,SBSmm,SBSmm/05,Lw,2,Lw,3,MR,TRUE
7544,SBSmm,SBSmm/05,Pli,1,Pl,1,MR,FALSE
7545,SBSmm,SBSmm/05,Sxw,2,Sx,1,MR,FALSE
7546,SBSmm,SBSmm/06,At,2,At,3,MR,FALSE
7547,SBSmm,SBSmm/06,Bl,2,Bl,1,MR,FALSE
7548,SBSmm,SBSmm/06,Fdi,3,Fd,3,MR,FALSE
7549,SBSmm,SBSmm/06,Lw,2,Lw,3,MR,TRUE
7550,SBSmm,SBSmm/06,Pli,1,Pl,1,MR,FALSE
7551,SBSmm,SBSmm/06,Sxw,1,Sx,1,MR,FALSE
7552,SBSmm,SBSmm/07,At,2,At,3,MR,FALSE
7553,SBSmm,SBSmm/07,At,2,At,3,MR,FALSE
7554,SBSmm,SBSmm/07,Bl,1,Bl,1,MR,FALSE
7555,SBSmm,SBSmm/07,Bl,1,Bl,2,MR,FALSE
7556,SBSmm,SBSmm/07,Cw,3,Cw,4,MR,FALSE
7557,SBSmm,SBSmm/07,Fdi,3,Fd,4,MR,FALSE
7558,SBSmm,SBSmm/07,Pli,2,Pl,2,MR,FALSE
7559,SBSmm,SBSmm/07,Pli,2,Pl,2,MR,FALSE
7560,SBSmm,SBSmm/07,Sxw,1,Sx,1,MR,FALSE
7561,SBSmm,SBSmm/07,Sxw,1,Sx,1,MR,FALSE
7562,SBSmm,SBSmm/08,Act,2,Ac,4,MR,FALSE
7563,SBSmm,SBSmm/08,At,3,At,4,MR,FALSE
7564,SBSmm,SBSmm/08,Pli,2,Pl,3,MR,FALSE
7565,SBSmm,SBSmm/09,Bl,2,Bl,2,MR,FALSE
7566,SBSmm,SBSmm/09,Pli,1,Pl,3,MR,FALSE
7567,SBSmm,SBSmm/09,Sxw,2,Sx,2,MR,FALSE
7568,ESSFdc3,ESSFdc3/09,NA,NA,X,NA,MR,FALSE
7569,ESSFdh2,ESSFdh2/01,NA,NA,Sx,1,MR,FALSE
7570,ESSFdh2,ESSFdh2/01,NA,NA,Bl,1,MR,FALSE
7571,ESSFdh2,ESSFdh2/01,NA,NA,Ba,2,MR,FALSE
7572,ESSFdh2,ESSFdh2/01,NA,NA,Pw,2,MR,FALSE
7573,ESSFdh2,ESSFdh2/01,NA,NA,Hw,3,MR,FALSE
7574,ESSFdh2,ESSFdh2/01,NA,NA,Cw,3,MR,FALSE
7575,ESSFdh2,ESSFdh2/02,NA,NA,Bl,2,MR,FALSE
7576,ESSFdh2,ESSFdh2/02,NA,NA,Sx,2,MR,FALSE
7577,ESSFdh2,ESSFdh2/02,NA,NA,Pl,2,MR,FALSE
7578,ESSFdh2,ESSFdh2/02,NA,NA,Pw,2,MR,FALSE
7579,ESSFdh2,ESSFdh2/02,NA,NA,Fd,3,MR,FALSE
7580,ESSFdh2,ESSFdh2/02,NA,NA,Lw,3,MR,TRUE
7581,ESSFdh2,ESSFdh2/03,NA,NA,Pl,2,MR,FALSE
7582,ESSFdh2,ESSFdh2/03,NA,NA,Fd,2,MR,FALSE
7583,ESSFdh2,ESSFdh2/03,NA,NA,Pw,2,MR,FALSE
7584,ESSFdh2,ESSFdh2/03,NA,NA,Lw,2,MR,TRUE
7585,ESSFdh2,ESSFdh2/03,NA,NA,Sx,3,MR,FALSE
7586,ESSFdh2,ESSFdh2/03,NA,NA,Bl,3,MR,FALSE
7587,ESSFdh2,ESSFdh2/03,NA,NA,At,3,MR,FALSE
7588,ESSFdh2,ESSFdh2/04,NA,NA,Sx,1,MR,FALSE
7589,ESSFdh2,ESSFdh2/04,NA,NA,Bl,1,MR,FALSE
7590,ESSFdh2,ESSFdh2/04,NA,NA,Fd,2,MR,FALSE
7591,ESSFdh2,ESSFdh2/04,NA,NA,Pl,2,MR,FALSE
7592,ESSFdh2,ESSFdh2/04,NA,NA,Pw,2,MR,FALSE
7593,ESSFdh2,ESSFdh2/04,NA,NA,Lw,2,MR,TRUE
7594,ESSFdh2,ESSFdh2/04,NA,NA,Cw,3,MR,FALSE
7595,ESSFdh2,ESSFdh2/04,NA,NA,Hw,3,MR,FALSE
7596,ESSFdh2,ESSFdh2/05,NA,NA,Sx,1,MR,FALSE
7597,ESSFdh2,ESSFdh2/05,NA,NA,Bl,1,MR,FALSE
7598,ESSFdh2,ESSFdh2/05,NA,NA,Ba,2,MR,FALSE
7599,ESSFdh2,ESSFdh2/05,NA,NA,Pw,2,MR,FALSE
7600,ESSFdh2,ESSFdh2/05,NA,NA,Hw,3,MR,FALSE
7601,ESSFdh2,ESSFdh2/05,NA,NA,Cw,3,MR,FALSE
7602,ESSFdh2,ESSFdh2/06,NA,NA,Bl,1,MR,FALSE
7603,ESSFdh2,ESSFdh2/06,NA,NA,Sx,1,MR,FALSE
7604,ESSFdh2,ESSFdh2/06,NA,NA,Ba,2,MR,FALSE
7605,ESSFdh2,ESSFdh2/06,NA,NA,Hw,3,MR,FALSE
7606,ESSFdh2,ESSFdh2/06,NA,NA,Cw,3,MR,FALSE
7607,ESSFdh2,ESSFdh2/07,NA,NA,Bl,1,MR,FALSE
7608,ESSFdh2,ESSFdh2/07,NA,NA,Sx,1,MR,FALSE
7609,ESSFdh2,ESSFdh2/07,NA,NA,Ba,2,MR,FALSE
7610,ESSFdh2,ESSFdh2/07,NA,NA,Cw,2,MR,FALSE
7611,ESSFdh2,ESSFdh2/07,NA,NA,Pw,2,MR,FALSE
7612,ESSFdh2,ESSFdh2/07,NA,NA,Hw,3,MR,FALSE
7613,ESSFdh2,ESSFdh2/07,NA,NA,Fd,3,MR,FALSE
7614,ESSFdh2,ESSFdh2/08,NA,NA,Sx,2,MR,FALSE
7615,ESSFdh2,ESSFdh2/08,NA,NA,Bl,2,MR,FALSE
7616,ESSFdh2,ESSFdh2/08,NA,NA,Pl,2,MR,FALSE
7617,ESSFdh2,ESSFdh2/08,NA,NA,Hw,3,MR,FALSE
7618,ESSFdh2,ESSFdh2/08,NA,NA,Cw,3,MR,FALSE
7619,ESSFwc2,ESSFwc2/10,NA,NA,X,NA,MR,FALSE
7620,IDFdc,IDFdc/04,NA,NA,Fd,1,MR,FALSE
7621,IDFdc,IDFdc/04,NA,NA,Lw,1,MR,TRUE
7622,IDFdc,IDFdc/04,NA,NA,Py,2,MR,FALSE
7623,IDFdc,IDFdc/04,NA,NA,Pl,3,MR,FALSE
7624,IDFdc,IDFdc/04,NA,NA,At,3,MR,FALSE
7625,IDFdc,IDFdc/07,NA,NA,X,NA,MR,FALSE
7626,IDFdc,IDFdc/08,NA,NA,X,NA,MR,FALSE
7627,MSdc1,MSdc1/05,NA,NA,X,NA,MR,FALSE
7628,MSdc3,MSdc3/05,NA,NA,Sx,2,MR,FALSE
7629,MSdc3,MSdc3/05,NA,NA,Bl,3,MR,FALSE
7630,MSdc3,MSdc3/05,NA,NA,Pl,3,MR,FALSE
7631,MSdm3,MSdm3/02,NA,NA,X,NA,MR,FALSE
7632,MSxk3,MSxk3/03,NA,NA,X,NA,MR,FALSE
7633,MSxk3,MSxk3/04,NA,NA,X,NA,MR,FALSE
7634,CWHdm1,CWHdm1/Fl51,Ac,2,Ac,3,DVM,FALSE
7635,CWHdm1,CWHdm1/Fl51,Ep,3,Ep,4,DVM,FALSE
7636,CWHdm2,CWHdm2/110,Ep,1,Ep,3,DVM,FALSE
7637,CWHdm2,CWHdm2/Fm51,Ep,3,Ep,5,DVM,FALSE
7638,CWHds2,CWHds2/Fl,Mb,5,Mb,4,DVM,FALSE
7639,CWHmm1,CWHmm1/111,Ba,1,Ba,2,DVM,FALSE
7640,CWHmm2,CWHmm2/103,Lw,3,Lw,4,DVM,FALSE
7641,CWHws2,CWHws2/Wb51,Plc,1,Pl,2,DVM,FALSE
7642,CWHws2,CWHws2/Wb51,Ep,3,Ep,4,DVM,FALSE
7643,ESSFdv1,ESSFdv1/05,Pli,2,Pl,3,MR,FALSE
7644,ESSFmw1,ESSFmw1/102.1,Bl,2,Bl,3,MR,FALSE
7645,ESSFmw1,ESSFmw1/102.1,Fdi,3,Fd,4,MR,FALSE
7646,ESSFmw1,ESSFmw1/102.1,Pli,2,Pl,3,MR,FALSE
7647,ESSFmw1,ESSFmw1/102.1,Se,2,Sx,3,MR,FALSE
7648,ESSFmw1,ESSFmw1/102.2,Bl,2,Bl,3,MR,FALSE
7649,ESSFmw1,ESSFmw1/102.2,Fdi,3,Fd,4,MR,FALSE
7650,ESSFmw1,ESSFmw1/102.2,Pa,2,Pa,3,MR,FALSE
7651,ESSFmw1,ESSFmw1/102.2,Se,2,Sx,3,MR,FALSE
7652,ICHdw3,ICHdw3/06,Pli,2,Pl,3,MR,FALSE
7653,ICHdw3,ICHdw3/07,Pli,2,Pl,3,MR,FALSE
7654,ICHdw3,ICHdw3/08,Act,2,Ac,3,MR,FALSE
7655,ICHmk2,ICHmk2/03,Cw,3,Cw,4,MR,FALSE
7656,ICHmw3,ICHmw3/03,Lw,3,Lw,2,MR,TRUE
7657,ICHmw3,ICHmw3/06,Pli,2,Pl,3,MR,FALSE
7658,ICHmw3,ICHmw3/06,Pw,3,Pw,2,MR,FALSE
7659,IDFmw2,IDFmw2/04,Hw,3,Hw,4,MR,FALSE
7660,IDFmw2,IDFmw2/05,Pli,2,Pl,3,MR,FALSE
7661,MSdm2,MSdm2/101,Lw,2,Lw,3,MR,TRUE
7662,MSdm2,MSdm2/104,Lw,3,Lw,1,MR,TRUE
7663,MSdm3,MSdm3/03,Lw,3,Lw,2,MR,TRUE
7664,MSdm3,MSdm3/03,Sxw,3,Sx,2,MR,FALSE
7665,MSxk1,MSxk1/101a,Bl,2,Bl,3,MR,FALSE
7666,MSxk1,MSxk1/101a,Sxw,2,Sx,3,MR,FALSE
7667,MSxk1,MSxk1/101b,Fdi,2,Fd,3,MR,FALSE
7668,MSxk1,MSxk1/101b,Lw,2,Lw,3,MR,TRUE
7669,MSxk1,MSxk1/101b,Sxw,2,Sx,3,MR,FALSE
7670,MSxk2,MSxk2/110,Lw,3,Lw,4,MR,TRUE
7671,PPxh2,PPxh2/110,Fdi,1,Fd,2,MR,FALSE
7672,PPxh2,PPxh2/110,Pyi,1,Py,2,MR,FALSE
7673,SBSmm,SBSmm/08,Sxw,1,Sx,2,MR,FALSE
7674,BWBSdk,BWBSdk/102,NA,4,Ep,4,DS,NA
7675,BWBSdk,BWBSdk/104,NA,4,Ep,4,DS,NA
7676,BWBSdk,BWBSdk/112,NA,4,At,4,DS,NA
7677,BWBSdk,BWBSdk/112,NA,4,Bl,4,DS,NA
7678,BWBSdk,BWBSdk/112,NA,4,Ep,4,DS,NA
7679,BWBSdk,BWBSdk/112,NA,4,Pl,4,DS,NA
7680,BWBSdk,BWBSdk/112,NA,4,Sb,4,DS,NA
7681,BWBSmk,BWBSmk/102,NA,NA,Sw,4,DS,NA
7682,BWBSmk,BWBSmk/103,NA,4,Sb,4,DS,NA
7683,BWBSmk,BWBSmk/112,NA,4,At,4,DS,NA
7684,BWBSmk,BWBSmk/112,NA,4,Ep,4,DS,NA
7685,BWBSmk,BWBSmk/112,NA,4,Pl,4,DS,NA
7686,BWBSmk,BWBSmk/112,NA,4,Sb,4,DS,NA
7687,BWBSwk1,BWBSwk1/102,NA,4,Bl,4,DS,NA
7688,BWBSwk1,BWBSwk1/102,NA,NA,Sb,4,DS,NA
7689,BWBSwk1,BWBSwk1/103,NA,4,Bl,4,DS,NA
7690,BWBSwk1,BWBSwk1/110,NA,4,At,4,DS,NA
7691,BWBSwk2,BWBSwk2/102,NA,4,At,4,DS,NA
7692,BWBSwk2,BWBSwk2/102,NA,4,Ep,4,DS,NA
7693,BWBSwk2,BWBSwk2/103,NA,4,Ep,4,DS,NA
7694,BWBSwk2,BWBSwk2/104,NA,4,Ep,4,DS,NA
7695,BWBSwk2,BWBSwk2/104,NA,4,Sb,2,DS,NA
7696,BWBSwk3,BWBSwk3/103,NA,4,Ac,4,DS,NA
7697,BWBSwk3,BWBSwk3/111,NA,4,Bl,4,DS,NA
7698,BWBSwk3,BWBSwk3/111,NA,4,Sx,2,DS,NA
7699,ESSFmcw,ESSFmcw/102,NA,4,Sx,4,EBL,NA
7700,ESSFmk,ESSFmk/02a,NA,4,Ba,4,EBL,NA
7701,ESSFmk,ESSFmk/02b,NA,4,Ba,4,EBL,NA
7702,ESSFmk,ESSFmk/07,NA,4,Hm,4,EBL,NA
7703,ESSFmkp,ESSFmkp/00,NA,4,Sx,4,EBL,NA
7704,ESSFmkw,ESSFmkw/102,NA,4,Pl,4,EBL,NA
7705,ESSFmkw,ESSFmkw/102,NA,4,Sx,4,EBL,NA
7706,ESSFmkw,ESSFmkw/111,NA,4,Hm,4,EBL,NA
7707,ESSFmv1,ESSFmv1/02,NA,4,Sx,4,DS,NA
7708,ESSFwv,ESSFwv/02,NA,4,Hw,3,EBL,NA
7709,ESSFwv,ESSFwv/04,NA,4,Hw,3,EBL,NA
7710,ESSFwv,ESSFwv/08,NA,4,Hm,4,EBL,NA
7711,ESSFwv,ESSFwv/08,NA,4,Hw,4,EBL,NA
7712,ESSFwv,ESSFwv/09,NA,4,Hm,3,EBL,NA
7713,ESSFwv,ESSFwv/09,NA,4,Hw,3,EBL,NA
7714,ICHmc1,ICHmc1/02,NA,4,Ba,4,EBL,NA
7715,ICHmc1,ICHmc1/02,NA,4,Sx,4,EBL,NA
7716,ICHmc1,ICHmc1/05,NA,4,Hw,4,EBL,NA
7717,ICHmc1,ICHmc1/06,NA,4,Pl,4,EBL,NA
7718,ICHmc2,ICHmc2/02,NA,4,Sx,4,EBL,NA
7719,ICHmc2,ICHmc2/08,NA,4,Ac,4,EBL,NA
7720,ICHmc2,ICHmc2/08,NA,4,Ba,4,EBL,NA
7721,ICHmc2,ICHmc2/08,NA,4,Bl,4,EBL,NA
7722,ICHmc2,ICHmc2/08,NA,4,Cw,4,EBL,NA
7723,ICHmc2,ICHmc2/08,NA,4,Hw,4,EBL,NA
7724,ICHmm,ICHmm/06,NA,4,At,4,DS,NA
7725,ICHmm,ICHmm/06,NA,4,Ep,3,DS,NA
7726,ICHmm,ICHmm/07,NA,4,At,4,DS,NA
7727,ICHmm,ICHmm/07,NA,4,Bl,4,DS,NA
7728,ICHmm,ICHmm/07,NA,4,Cw,4,DS,NA
7729,ICHmm,ICHmm/07,NA,4,Ep,4,DS,NA
7730,ICHmm,ICHmm/07,NA,4,Hw,4,DS,NA
7731,ICHmm,ICHmm/08,NA,4,At,4,DS,NA
7732,ICHmm,ICHmm/08,NA,4,Ep,4,DS,NA
7733,ICHvc,ICHvc/03,NA,4,Hm,4,EBL,NA
7734,ICHvc,ICHvc/03a,NA,4,Hm,4,EBL,NA
7735,ICHvc,ICHvc/03b,NA,4,Hm,4,EBL,NA
7736,ICHvc,ICHvc/04,NA,4,Hw,4,EBL,NA
7737,ICHwk3,ICHwk3/02,NA,4,At,4,DS,NA
7738,ICHwk3,ICHwk3/02,NA,4,Bl,4,DS,NA
7739,ICHwk3,ICHwk3/02,NA,4,Cw,4,DS,NA
7740,ICHwk3,ICHwk3/02,NA,4,Ep,4,DS,NA
7741,ICHwk3,ICHwk3/02,NA,4,Fd,4,DS,NA
7742,ICHwk3,ICHwk3/07,NA,4,Bl,4,DS,NA
7743,ICHwk3,ICHwk3/08,NA,4,Ep,4,DS,NA
7744,ICHwk3,ICHwk3/08,NA,4,Pl,4,DS,NA
7745,ICHwk3,ICHwk3/08,NA,NA,Sb,2,DS,NA
7746,ICHwk3,ICHwk3/09,NA,4,Ac,4,DS,NA
7747,ICHwk3,ICHwk3/09,NA,4,Cw,3,DS,NA
7748,ICHwk3,ICHwk3/09,NA,4,Ep,4,DS,NA
7749,ICHwk3,ICHwk3/09,NA,4,Hw,4,DS,NA
7750,ICHwk3,ICHwk3/09,NA,4,Sx,3,DS,NA
7751,SBSdk,SBSdk/02,NA,4,Fd,4,DS,NA
7752,SBSdk,SBSdk/10,NA,4,Ac,4,DS,NA
7753,SBSmc2,SBSmc2/01a,NA,4,Ac,4,EBL,NA
7754,SBSmc2,SBSmc2/04,NA,4,Ac,4,EBL,NA
7755,SBSmc2,SBSmc2/10a,NA,4,Ac,3,EBL,NA
7756,SBSmc2,SBSmc2/10a,NA,4,At,4,EBL,NA
7757,SBSmc2,SBSmc2/10b,NA,4,Ac,4,EBL,NA
7758,SBSmc2,SBSmc2/12,NA,4,Ac,3,EBL,NA
7759,SBSmc2,SBSmc2/12,NA,4,Bl,4,EBL,NA
7760,SBSvk,SBSvk/02,NA,4,Ep,4,DS,NA
7761,SBSvk,SBSvk/02,NA,4,Fd,4,DS,NA
7762,SBSvk,SBSvk/05,NA,4,Ep,4,DS,NA
7763,SBSvk,SBSvk/08,NA,4,Bl,4,DS,NA
7764,SBSvk,SBSvk/09,NA,4,At,4,DS,NA
7765,SBSvk,SBSvk/09,NA,4,Ep,4,DS,NA
7766,SBSvk,SBSvk/09,NA,4,Fd,4,DS,NA
7767,SBSvk,SBSvk/10,NA,4,Ac,4,DS,NA
7768,SBSvk,SBSvk/10,NA,4,Pl,4,DS,NA
7769,SBSwk2,SBSwk2/02,NA,4,At,4,DS,NA
7770,SBSwk2,SBSwk2/04,NA,4,Bl,3,DS,NA
7771,SBSwk3,SBSwk3/02,NA,4,At,4,DS,NA
7772,SBSwk3,SBSwk3/02,NA,4,Ep,4,DS,NA
7773,SBSwk3,SBSwk3/03,NA,4,Bl,4,DS,NA
7774,SBSwk3,SBSwk3/05,NA,4,Bl,4,DS,NA
7775,SBSwk3a,SBSwk3a/02,NA,4,At,4,DS,NA
7776,SBSwk3a,SBSwk3a/02,NA,4,Ep,4,DS,NA
7777,SBSwk3a,SBSwk3a/02,NA,4,Fd,4,DS,NA
7778,SBSwk3a,SBSwk3a/03,NA,4,Bl,4,DS,NA
7779,SBSwk3a,SBSwk3a/05,NA,4,Bl,4,DS,NA
7780,SBSwk3a,SBSwk3a/05,NA,4,Ep,4,DS,NA
7781,SBSwk3a,SBSwk3a/08,NA,4,Ep,4,DS,NA
7782,SBSvc,SBSvc/101,NA,NA,Bl,1,EBL,FALSE
7783,SBSvc,SBSvc/101,NA,NA,Sx,1,EBL,FALSE
7784,SBSvc,SBSvc/101,NA,NA,Ep,1,EBL,FALSE
7785,SBSvc,SBSvc/101,NA,NA,At,2,EBL,FALSE
7786,SBSvc,SBSvc/101,NA,NA,Pl,2,EBL,FALSE
7787,SBSvc,SBSvc/101,NA,NA,Ac,3,EBL,FALSE
7788,SBSvc,SBSvc/102,NA,NA,Pl,2,EBL,FALSE
7789,SBSvc,SBSvc/102,NA,NA,At,3,EBL,FALSE
7790,SBSvc,SBSvc/102,NA,NA,Bl,3,EBL,FALSE
7791,SBSvc,SBSvc/102,NA,NA,Ep,3,EBL,FALSE
7792,SBSvc,SBSvc/102,NA,NA,Sx,3,EBL,FALSE
7793,SBSvc,SBSvc/103,NA,NA,Pl,1,EBL,FALSE
7794,SBSvc,SBSvc/103,NA,NA,At,2,EBL,FALSE
7795,SBSvc,SBSvc/103,NA,NA,Bl,2,EBL,FALSE
7796,SBSvc,SBSvc/103,NA,NA,Ep,2,EBL,FALSE
7797,SBSvc,SBSvc/103,NA,NA,Sx,2,EBL,FALSE
7798,SBSvc,SBSvc/104,NA,NA,Pl,1,EBL,FALSE
7799,SBSvc,SBSvc/104,NA,NA,Sx,1,EBL,FALSE
7800,SBSvc,SBSvc/104,NA,NA,Bl,1,EBL,FALSE
7801,SBSvc,SBSvc/104,NA,NA,Ep,2,EBL,FALSE
7802,SBSvc,SBSvc/104,NA,NA,At,3,EBL,FALSE
7803,SBSvc,SBSvc/105,NA,NA,At,1,EBL,FALSE
7804,SBSvc,SBSvc/105,NA,NA,Bl,1,EBL,FALSE
7805,SBSvc,SBSvc/105,NA,NA,Ep,1,EBL,FALSE
7806,SBSvc,SBSvc/105,NA,NA,Pl,1,EBL,FALSE
7807,SBSvc,SBSvc/105,NA,NA,Sx,1,EBL,FALSE
7808,SBSvc,SBSvc/105,NA,NA,Ac,2,EBL,FALSE
7809,SBSvc,SBSvc/110,NA,NA,Ac,1,EBL,FALSE
7810,SBSvc,SBSvc/110,NA,NA,Bl,1,EBL,FALSE
7811,SBSvc,SBSvc/110,NA,NA,Sx,1,EBL,FALSE
7812,SBSvc,SBSvc/110,NA,NA,At,3,EBL,FALSE
7813,SBSvc,SBSvc/110,NA,NA,Ep,3,EBL,FALSE
7814,SBSvc,SBSvc/110,NA,NA,Pl,3,EBL,FALSE
7815,SBSmz,SBSmz/101,NA,NA,At,1,EBL,FALSE
7816,SBSmz,SBSmz/101,NA,NA,Pl,1,EBL,FALSE
7817,SBSmz,SBSmz/101,NA,NA,Sx,1,EBL,FALSE
7818,SBSmz,SBSmz/101,NA,NA,Bl,1,EBL,FALSE
7819,SBSmz,SBSmz/101,NA,NA,Ep,2,EBL,FALSE
7820,SBSmz,SBSmz/101,NA,NA,Ac,3,EBL,FALSE
7821,SBSmz,SBSmz/102,NA,NA,Pl,2,EBL,FALSE
7822,SBSmz,SBSmz/102,NA,NA,At,3,EBL,FALSE
7823,SBSmz,SBSmz/102,NA,NA,Bl,3,EBL,FALSE
7824,SBSmz,SBSmz/102,NA,NA,Sx,3,EBL,FALSE
7825,SBSmz,SBSmz/102,NA,NA,Ep,4,EBL,FALSE
7826,SBSmz,SBSmz/103,NA,NA,At,3,EBL,FALSE
7827,SBSmz,SBSmz/103,NA,NA,Ep,3,EBL,FALSE
7828,SBSmz,SBSmz/103,NA,NA,Bl,4,EBL,FALSE
7829,SBSmz,SBSmz/103,NA,NA,Pl,4,EBL,FALSE
7830,SBSmz,SBSmz/104,NA,NA,Bl,2,EBL,FALSE
7831,SBSmz,SBSmz/104,NA,NA,Pl,2,EBL,FALSE
7832,SBSmz,SBSmz/104,NA,NA,Sb,2,EBL,FALSE
7833,SBSmz,SBSmz/104,NA,NA,Sx,2,EBL,FALSE
7834,SBSmz,SBSmz/104,NA,NA,Ep,3,EBL,FALSE
7835,SBSmz,SBSmz/104,NA,NA,At,4,EBL,FALSE
7836,SBSmz,SBSmz/110,NA,NA,Bl,1,EBL,FALSE
7837,SBSmz,SBSmz/110,NA,NA,Pl,1,EBL,FALSE
7838,SBSmz,SBSmz/110,NA,NA,Sx,1,EBL,FALSE
7839,SBSmz,SBSmz/110,NA,NA,Ac,2,EBL,FALSE
7840,SBSmz,SBSmz/110,NA,NA,At,2,EBL,FALSE
7841,SBSmz,SBSmz/110,NA,NA,Ep,2,EBL,FALSE
7842,SBSmz,SBSmz/111,NA,NA,Ac,1,EBL,FALSE
7843,SBSmz,SBSmz/111,NA,NA,Bl,1,EBL,FALSE
7844,SBSmz,SBSmz/111,NA,NA,Sx,1,EBL,FALSE
7845,SBSmz,SBSmz/111,NA,NA,Pl,2,EBL,FALSE
7846,SBSmz,SBSmz/111,NA,NA,At,3,EBL,FALSE
7847,SBSmz,SBSmz/111,NA,NA,Ep,4,EBL,FALSE
7848,SBSmz,SBSmz/112,NA,NA,Sx,1,EBL,FALSE
7849,SBSmz,SBSmz/112,NA,NA,Ac,2,EBL,FALSE
7850,SBSmz,SBSmz/112,NA,NA,Bl,2,EBL,FALSE
7851,SBSmz,SBSmz/112,NA,NA,Sb,3,EBL,FALSE
7852,SBSmz,SBSmz/112,NA,NA,Pl,3,EBL,FALSE
7853,SBSmz,SBSmz/113,NA,NA,Bl,2,EBL,FALSE
7854,SBSmz,SBSmz/113,NA,NA,Sb,2,EBL,FALSE
7855,SBSmz,SBSmz/113,NA,NA,Sx,2,EBL,FALSE
7856,SBSmz,SBSmz/113,NA,NA,Pl,3,EBL,FALSE
7857,SBSmz,SBSmz/114,NA,NA,Bl,2,EBL,FALSE
7858,SBSmz,SBSmz/114,NA,NA,Sb,2,EBL,FALSE
7859,SBSmz,SBSmz/114,NA,NA,Sx,2,EBL,FALSE
7860,SBSmz,SBSmz/114,NA,NA,Pl,3,EBL,FALSE
7861,BAFAunp,BAFAunp/00,Bl,1,Bl,3,cd,FALSE
7862,BAFAunp,BAFAunp/00,Hm,3,Hm,4,cd,FALSE
7863,BAFAunp,BAFAunp/00,Pa,3,Pa,4,cd,FALSE
7864,ESSFmv3,ESSFmv3/01,At,1,At,2,cd,FALSE
7865,BWBSdk,BWBSdk/102,Sb,5,Sb,5,cd,FALSE
7866,BWBSmw,BWBSmw/103,Bl,3,Bl,3,cd,FALSE
7867,BWBSmw,BWBSmw/104,Bl,3,Bl,3,cd,FALSE
7868,BWBSmw,BWBSmw/111,Bl,3,Bl,3,cd,FALSE
7869,BWBSmw,BWBSmw/110,Sb,5,Sb,5,cd,FALSE
7870,BWBSvk,BWBSvk/h,Acb,1,Ac,1,cd,FALSE
7871,BWBSvk,BWBSvk/m,Acb,1,Ac,1,cd,FALSE
7872,BWBSvk,BWBSvk/h,Sw,1,Sx,1,cd,FALSE
7873,BWBSvk,BWBSvk/m,Sw,1,Sx,1,cd,FALSE
7874,BWBSwk1,BWBSwk1/110,Bl,2,Bl,2,cd,FALSE
7875,BWBSwk1,BWBSwk1/101,Ep,3,Ep,3,cd,FALSE
7876,BWBSwk2,BWBSwk2/110,Bl,3,Bl,3,cd,FALSE
7877,ESSFmc,ESSFmc/03,Ac,4,Ac,4,cd,FALSE
7878,ESSFmc,ESSFmc/09,Pli,4,Pl,4,cd,FALSE
7879,ESSFmcw,ESSFmcw/110,Sx,3,Sx,3,cd,FALSE
7880,ESSFwk2,ESSFwk2/03,Ac,3,Ac,3,cd,FALSE
7881,ICHmc1,ICHmc1/02,Ac,4,Ac,4,cd,FALSE
7882,ICHmc1,ICHmc1/05,Ep,3,Ep,3,cd,FALSE
7883,ICHmc1a,ICHmc1a/01a,Ba,1,Ba,1,cd,FALSE
7884,ICHmc1a,ICHmc1a/03,Ba,1,Ba,1,cd,FALSE
7885,ICHmc1a,ICHmc1a/02,Bl,3,Bl,3,cd,FALSE
7886,ICHmc1a,ICHmc1a/03,Bl,2,Bl,2,cd,FALSE
7887,ICHmc1a,ICHmc1a/01,Cw,4,Cw,4,cd,FALSE
7888,ICHmc1a,ICHmc1a/01a,Cw,4,Cw,4,cd,FALSE
7889,ICHmc1a,ICHmc1a/01b,Cw,4,Cw,4,cd,FALSE
7890,ICHmc1a,ICHmc1a/03,Cw,4,Cw,4,cd,FALSE
7891,ICHmc1a,ICHmc1a/01,Hw,1,Hw,1,cd,FALSE
7892,ICHmc1a,ICHmc1a/01a,Hw,1,Hw,1,cd,FALSE
7893,ICHmc1a,ICHmc1a/01b,Hw,1,Hw,1,cd,FALSE
7894,ICHmc1a,ICHmc1a/02,Hw,2,Hw,2,cd,FALSE
7895,ICHmc1a,ICHmc1a/01,Pli,1,Pl,1,cd,FALSE
7896,ICHmc1a,ICHmc1a/01a,Pli,1,Pl,1,cd,FALSE
7897,ICHmc1a,ICHmc1a/01b,Pli,1,Pl,1,cd,FALSE
7898,ICHmc1a,ICHmc1a/02,Pli,2,Pl,2,cd,FALSE
7899,ICHmc1a,ICHmc1a/03,Pli,2,Pl,2,cd,FALSE
7900,ICHmc1a,ICHmc1a/01,Sxw,1,Sx,1,cd,FALSE
7901,ICHmc1a,ICHmc1a/01a,Sxw,1,Sx,1,cd,FALSE
7902,ICHmc1a,ICHmc1a/01b,Sxw,1,Sx,1,cd,FALSE
7903,ICHmc1a,ICHmc1a/03,Sxw,1,Sx,1,cd,FALSE
7904,ICHvk1,ICHvk1/02,Ep,3,Ep,3,cd,FALSE
7905,ICHvk1,ICHvk1/06,Pli,4,Pl,4,cd,FALSE
7906,ICHvk1,ICHvk1/04,Tw,3,Tw,3,cd,FALSE
7907,ICHvk2,ICHvk2/05,Act,1,Ac,1,cd,FALSE
7908,ICHvk2,ICHvk2/01,Bl,2,Bl,2,cd,FALSE
7909,ICHvk2,ICHvk2/03,Bl,2,Bl,2,cd,FALSE
7910,ICHvk2,ICHvk2/05,Bl,2,Bl,2,cd,FALSE
7911,ICHvk2,ICHvk2/01,Cw,2,Cw,2,cd,FALSE
7912,ICHvk2,ICHvk2/02,Cw,3,Cw,3,cd,FALSE
7913,ICHvk2,ICHvk2/03,Cw,3,Cw,3,cd,FALSE
7914,ICHvk2,ICHvk2/04,Cw,2,Cw,2,cd,FALSE
7915,ICHvk2,ICHvk2/05,Cw,2,Cw,2,cd,FALSE
7916,ICHvk2,ICHvk2/02,Hw,2,Hw,2,cd,FALSE
7917,ICHvk2,ICHvk2/03,Hw,2,Hw,2,cd,FALSE
7918,ICHvk2,ICHvk2/05,Hw,3,Hw,3,cd,FALSE
7919,ICHvk2,ICHvk2/06,Hw,2,Hw,2,cd,FALSE
7920,ICHvk2,ICHvk2/01,Pli,2,Pl,2,cd,FALSE
7921,ICHvk2,ICHvk2/03,Pli,2,Pl,2,cd,FALSE
7922,ICHvk2,ICHvk2/04,Pli,2,Pl,2,cd,FALSE
7923,ICHvk2,ICHvk2/07,Sb,2,Sb,2,cd,FALSE
7924,ICHvk2,ICHvk2/01,Sxw,1,Sx,1,cd,FALSE
7925,ICHvk2,ICHvk2/04,Sxw,1,Sx,1,cd,FALSE
7926,ICHvk2,ICHvk2/06,Sxw,2,Sx,2,cd,FALSE
7927,ICHwk1,ICHwk1/01,Act,3,Ac,3,cd,FALSE
7928,ICHwk1,ICHwk1/08,Act,3,Ac,3,cd,FALSE
7929,ICHwk1,ICHwk1/08,Bl,2,Bl,2,cd,FALSE
7930,ICHwk1,ICHwk1/05,Fdi,2,Fd,2,cd,FALSE
7931,ICHwk1,ICHwk1/07,Pli,4,Pl,4,cd,FALSE
7932,ICHwk1,ICHwk1/08,Pli,4,Pl,4,cd,FALSE
7933,ICHwk1,ICHwk1/04,Tw,3,Tw,3,cd,FALSE
7934,ICHwk1,ICHwk1/03,Tw,3,Tw,3,cd,FALSE
7935,ICHwk1,ICHwk1/06,Tw,4,Tw,4,cd,FALSE
7936,SBPSmc,SBPSmc/01,Pli,1,Pl,1,cd,FALSE
7937,SBPSmc,SBPSmc/01a,Pli,1,Pl,1,cd,FALSE
7938,SBPSmc,SBPSmc/01b,Pli,1,Pl,1,cd,FALSE
7939,SBPSmc,SBPSmc/02,Pli,2,Pl,2,cd,FALSE
7940,SBPSmc,SBPSmc/03,Pli,2,Pl,2,cd,FALSE
7941,SBPSmc,SBPSmc/04,Pli,2,Pl,2,cd,FALSE
7942,SBPSmc,SBPSmc/06,Pli,2,Pl,2,cd,FALSE
7943,SBPSmc,SBPSmc/04,Sb,2,Sb,2,cd,FALSE
7944,SBPSmc,SBPSmc/05,Sb,3,Sb,3,cd,FALSE
7945,SBPSmc,SBPSmc/06,Sb,3,Sb,3,cd,FALSE
7946,SBSdh1,SBSdh1/06,Ac,3,Ac,3,cd,FALSE
7947,SBSdh1,SBSdh1/04,Ep,3,Ep,3,cd,FALSE
7948,SBSdk,SBSdk/08a,Act,1,Ac,1,cd,FALSE
7949,SBSdk,SBSdk/08b,Act,1,Ac,1,cd,FALSE
7950,SBSdk,SBSdk/08a,At,3,At,3,cd,FALSE
7951,SBSdk,SBSdk/08b,At,3,At,3,cd,FALSE
7952,SBSdk,SBSdk/08a,Ep,3,Ep,3,cd,FALSE
7953,SBSdk,SBSdk/08b,Ep,3,Ep,3,cd,FALSE
7954,SBSdw1,SBSdw1/05,Bl,2,Bl,2,cd,FALSE
7955,SBSdw3,SBSdw3/03,Bl,3,Bl,3,cd,FALSE
7956,SBSdw3,SBSdw3/01,Bl,2,Bl,2,cd,FALSE
7957,SBSdw3,SBSdw3/02,Ep,3,Ep,3,cd,FALSE
7958,SBSdw3,SBSdw3/10,Lt,3,Lt,3,cd,FALSE
7959,SBSmc2,SBSmc2/01,Ac,3,Ac,3,cd,FALSE
7960,SBSmc2,SBSmc2/08,At,3,At,3,cd,FALSE
7961,SBSmc2,SBSmc2/04,Bl,2,Bl,2,cd,FALSE
7962,SBSmc2,SBSmc2/06,Hw,3,Hw,3,cd,FALSE
7963,SBSmc2,SBSmc2/05,Hw,3,Hw,3,cd,FALSE
7964,SBSmc2,SBSmc2/04,Pli,1,Pl,1,cd,FALSE
7965,SBSmc2,SBSmc2/11,Pli,2,Pl,2,cd,FALSE
7966,SBSmc2,SBSmc2/04,Sxw,1,Sx,1,cd,FALSE
7967,SBSmc3,SBSmc3/05,Bl,3,Bl,3,cd,FALSE
7968,SBSmk1,SBSmk1/06,Ep,3,Ep,3,cd,FALSE
7969,SBSmk2,SBSmk2/01,Sb,3,Sb,3,cd,FALSE
7970,SBSwk1,SBSwk1/05,Ac,3,Ac,3,cd,FALSE
7971,SBSwk1,SBSwk1/05,Hw,2,Hw,2,cd,FALSE
7972,SBSwk1,SBSwk1/10,Pli,2,Pl,2,cd,FALSE
7973,SBSwk1,SBSwk1/12,Pli,2,Pl,2,cd,FALSE
7974,SBSwk1,SBSwk1/10,Sxw,1,Sx,1,cd,FALSE
7975,SBSwk1,SBSwk1/12,Sxw,3,Sx,3,cd,FALSE
7976,SBSwk2,SBSwk2/01,Sb,3,Sb,3,cd,FALSE
7977,SWBmk,SWBmk/03,Bl,2,Bl,2,cd,FALSE
7978,SWBmk,SWBmk/05,Bl,3,Bl,3,cd,FALSE
7979,SWBmk,SWBmk/04,Bl,3,Bl,3,cd,FALSE
7980,SWBmk,SWBmk/01,Sb,3,Sb,3,cd,FALSE
7981,SWBun1,SWBun1/x,At,3,At,3,cd,FALSE
7982,SWBun1,SWBun1/h,Bl,3,Bl,3,cd,FALSE
7983,SWBun1,SWBun1/h,Sb,3,Sb,3,cd,FALSE
7984,SWBun1,SWBun1/m,Sb,3,Sb,3,cd,FALSE
7985,SWBun1,SWBun1/h,Sw,2,Sx,2,cd,FALSE
7986,SWBun1,SWBun1/m,Sw,2,Sx,2,cd,FALSE
7987,BWBSdk,BWBSdk/104,Ac,3,Ac,4,cd,FALSE
7988,BWBSmk,BWBSmk/111,Bl,4,Bl,5,cd,FALSE
7989,BWBSmk,BWBSmk/104,Lt,2,Lt,3,cd,FALSE
7990,BWBSmk,BWBSmk/104a,Lt,2,Lt,3,cd,FALSE
7991,BWBSmk,BWBSmk/104b,Lt,2,Lt,3,cd,FALSE
7992,BWBSmk,BWBSmk/102,Sw,5,Sx,3,cd,FALSE
7993,BWBSmw,BWBSmw/104,Ac,3,Ac,4,cd,FALSE
7994,BWBSmw,BWBSmw/103,Sb,2,Sb,3,cd,FALSE
7995,BWBSmw,BWBSmw/102,Sw,5,Sx,4,cd,FALSE
7996,BWBSvk,BWBSvk/x,At,3,At,2,cd,FALSE
7997,BWBSvk,BWBSvk/h,Bl,1,Bl,4,cd,FALSE
7998,BWBSvk,BWBSvk/m,Bl,1,Bl,2,cd,FALSE
7999,BWBSvk,BWBSvk/x,Bl,1,Bl,2,cd,FALSE
8000,BWBSvk,BWBSvk/m,Ep,2,Ep,1,cd,FALSE
8001,BWBSvk,BWBSvk/x,Sw,1,Sx,2,cd,FALSE
8002,BWBSwk1,BWBSwk1/101,Ac,2,Ac,4,cd,FALSE
8003,BWBSwk1,BWBSwk1/111,Bl,1,Bl,2,cd,FALSE
8004,BWBSwk1,BWBSwk1/111,Ep,2,Ep,5,cd,FALSE
8005,BWBSwk1,BWBSwk1/111,Lt,2,Lt,5,cd,FALSE
8006,BWBSwk1,BWBSwk1/103,Sb,2,Sb,3,cd,FALSE
8007,BWBSwk2,BWBSwk2/102,Bl,2,Bl,3,cd,FALSE
8008,BWBSwk3,BWBSwk3/110,Lt,2,Lt,5,cd,FALSE
8009,BWBSwk3,BWBSwk3/111,Lt,2,Lt,5,cd,FALSE
8010,ESSFmc,ESSFmc/02,At,3,At,2,cd,FALSE
8011,ESSFmc,ESSFmc/08,Pli,3,Pl,4,cd,FALSE
8012,ESSFmc,ESSFmc/10,Pli,3,Pl,4,cd,FALSE
8013,ESSFmv3,ESSFmv3/01,At,1,At,2,cd,FALSE
8014,ESSFwc2,ESSFwc2/02,Fdi,3,Fd,2,cd,FALSE
8015,ESSFwc2,ESSFwc2/05,Hw,3,Hw,2,cd,FALSE
8016,ESSFwc2,ESSFwc2/01,Hw,3,Hw,2,cd,FALSE
8017,ESSFwk1,ESSFwk1/04,Ac,3,Ac,2,cd,FALSE
8018,ESSFwk1,ESSFwk1/01,At,3,At,2,cd,FALSE
8019,ESSFwk1,ESSFwk1/04,Cw,3,Cw,2,cd,FALSE
8020,ESSFwk1,ESSFwk1/01,Lw,3,Lw,4,cd,TRUE
8021,ESSFwk1,ESSFwk1/03,Lw,3,Lw,4,cd,TRUE
8022,ICHmc1,ICHmc1/01,At,2,At,1,cd,FALSE
8023,ICHmc1,ICHmc1/01a,At,2,At,1,cd,FALSE
8024,ICHmc1,ICHmc1/01b,At,2,At,1,cd,FALSE
8025,ICHmc1,ICHmc1/02,At,3,At,2,cd,FALSE
8026,ICHmc1,ICHmc1/03,At,2,At,1,cd,FALSE
8027,ICHmc1,ICHmc1/04,At,2,At,1,cd,FALSE
8028,ICHmc1,ICHmc1/05,At,3,At,1,cd,FALSE
8029,ICHmc1,ICHmc1/02,Ep,3,Ep,4,cd,FALSE
8030,ICHmc1,ICHmc1/01,Ep,2,Ep,1,cd,FALSE
8031,ICHmc1,ICHmc1/01a,Ep,2,Ep,1,cd,FALSE
8032,ICHmc1,ICHmc1/01b,Ep,2,Ep,1,cd,FALSE
8033,ICHmc1,ICHmc1/03,Ep,2,Ep,1,cd,FALSE
8034,ICHmc1,ICHmc1/04,Ep,2,Ep,1,cd,FALSE
8035,ICHmc1,ICHmc1/01,Fdi,3,Fd,5,cd,TRUE
8036,ICHmc1,ICHmc1/01a,Fdi,3,Fd,5,cd,TRUE
8037,ICHmc1,ICHmc1/01b,Fdi,3,Fd,5,cd,TRUE
8038,ICHmc1,ICHmc1/03,Fdi,3,Fd,5,cd,TRUE
8039,ICHmc1,ICHmc1/01,Lw,3,Lw,5,cd,TRUE
8040,ICHmc1,ICHmc1/01a,Lw,3,Lw,5,cd,TRUE
8041,ICHmc1,ICHmc1/01b,Lw,3,Lw,5,cd,TRUE
8042,ICHmc1,ICHmc1/03,Lw,3,Lw,5,cd,TRUE
8043,ICHmc1a,ICHmc1a/02,Act,3,Ac,4,cd,FALSE
8044,ICHmc1a,ICHmc1a/01,At,3,At,1,cd,FALSE
8045,ICHmc1a,ICHmc1a/01a,At,3,At,1,cd,FALSE
8046,ICHmc1a,ICHmc1a/01b,At,3,At,1,cd,FALSE
8047,ICHmc1a,ICHmc1a/02,At,3,At,2,cd,FALSE
8048,ICHmc1a,ICHmc1a/01,Ba,1,Ba,2,cd,FALSE
8049,ICHmc1a,ICHmc1a/01b,Ba,1,Ba,2,cd,FALSE
8050,ICHmc1a,ICHmc1a/02,Ba,1,Ba,3,cd,FALSE
8051,ICHmc1a,ICHmc1a/01,Bl,3,Bl,2,cd,FALSE
8052,ICHmc1a,ICHmc1a/01a,Bl,3,Bl,2,cd,FALSE
8053,ICHmc1a,ICHmc1a/01b,Bl,3,Bl,2,cd,FALSE
8054,ICHmc1a,ICHmc1a/02,Cw,4,Cw,5,cd,FALSE
8055,ICHmc1a,ICHmc1a/01,Ep,3,Ep,1,cd,FALSE
8056,ICHmc1a,ICHmc1a/01a,Ep,3,Ep,1,cd,FALSE
8057,ICHmc1a,ICHmc1a/01b,Ep,3,Ep,1,cd,FALSE
8058,ICHmc1a,ICHmc1a/02,Ep,3,Ep,1,cd,FALSE
8059,ICHmc1a,ICHmc1a/03,Hw,2,Hw,1,cd,FALSE
8060,ICHmc1a,ICHmc1a/02,Sxw,1,Sx,2,cd,FALSE
8061,ICHmm,ICHmm/02,Ac,3,Ac,4,cd,FALSE
8062,ICHmm,ICHmm/01,Lw,3,Lw,4,cd,TRUE
8063,ICHvk1,ICHvk1/01,Act,3,Ac,2,cd,FALSE
8064,ICHvk1,ICHvk1/02,Act,3,Ac,4,cd,FALSE
8065,ICHvk1,ICHvk1/03,Act,3,Ac,4,cd,FALSE
8066,ICHvk1,ICHvk1/04,Act,3,Ac,2,cd,FALSE
8067,ICHvk1,ICHvk1/01,At,3,At,2,cd,FALSE
8068,ICHvk1,ICHvk1/02,At,3,At,2,cd,FALSE
8069,ICHvk1,ICHvk1/01,Ep,3,Ep,2,cd,FALSE
8070,ICHvk1,ICHvk1/01,Fdi,3,Fd,2,cd,FALSE
8071,ICHvk1,ICHvk1/04,Fdi,3,Fd,2,cd,FALSE
8072,ICHvk1,ICHvk1/02,Lw,3,Lw,2,cd,TRUE
8073,ICHvk1,ICHvk1/03,Lw,3,Lw,2,cd,TRUE
8074,ICHvk1,ICHvk1/04,Lw,3,Lw,2,cd,TRUE
8075,ICHvk1,ICHvk1/02,Pli,4,Pl,2,cd,FALSE
8076,ICHvk1,ICHvk1/03,Pli,4,Pl,2,cd,FALSE
8077,ICHvk1,ICHvk1/02,Pw,3,Pw,5,cd,FALSE
8078,ICHvk1,ICHvk1/05,Pw,3,Pw,5,cd,FALSE
8079,ICHvk1,ICHvk1/06,Pw,3,Pw,5,cd,FALSE
8080,ICHvk2,ICHvk2/01,Act,3,Ac,2,cd,FALSE
8081,ICHvk2,ICHvk2/04,Act,3,Ac,2,cd,FALSE
8082,ICHvk2,ICHvk2/06,Act,3,Ac,5,cd,FALSE
8083,ICHvk2,ICHvk2/01,At,3,At,2,cd,FALSE
8084,ICHvk2,ICHvk2/03,At,3,At,2,cd,FALSE
8085,ICHvk2,ICHvk2/04,At,3,At,2,cd,FALSE
8086,ICHvk2,ICHvk2/04,Bl,1,Bl,2,cd,FALSE
8087,ICHvk2,ICHvk2/06,Bl,3,Bl,2,cd,FALSE
8088,ICHvk2,ICHvk2/06,Cw,3,Cw,2,cd,FALSE
8089,ICHvk2,ICHvk2/01,Ep,3,Ep,2,cd,FALSE
8090,ICHvk2,ICHvk2/03,Ep,3,Ep,2,cd,FALSE
8091,ICHvk2,ICHvk2/04,Ep,3,Ep,2,cd,FALSE
8092,ICHvk2,ICHvk2/05,Ep,3,Ep,2,cd,FALSE
8093,ICHvk2,ICHvk2/01,Fdi,3,Fd,2,cd,FALSE
8094,ICHvk2,ICHvk2/02,Fdi,2,Fd,1,cd,FALSE
8095,ICHvk2,ICHvk2/03,Fdi,2,Fd,1,cd,FALSE
8096,ICHvk2,ICHvk2/04,Fdi,3,Fd,2,cd,FALSE
8097,ICHvk2,ICHvk2/01,Hw,1,Hw,2,cd,FALSE
8098,ICHvk2,ICHvk2/04,Hw,1,Hw,2,cd,FALSE
8099,ICHvk2,ICHvk2/01,Lw,3,Lw,5,cd,TRUE
8100,ICHvk2,ICHvk2/03,Lw,3,Lw,5,cd,TRUE
8101,ICHvk2,ICHvk2/04,Lw,3,Lw,5,cd,TRUE
8102,ICHvk2,ICHvk2/02,Pli,3,Pl,2,cd,FALSE
8103,ICHvk2,ICHvk2/05,Pli,2,Pl,4,cd,FALSE
8104,ICHvk2,ICHvk2/06,Pli,3,Pl,4,cd,FALSE
8105,ICHvk2,ICHvk2/07,Pli,3,Pl,2,cd,FALSE
8106,ICHvk2,ICHvk2/01,Pw,4,Pw,5,cd,FALSE
8107,ICHvk2,ICHvk2/02,Sxw,3,Sx,4,cd,FALSE
8108,ICHvk2,ICHvk2/03,Sxw,3,Sx,2,cd,FALSE
8109,ICHvk2,ICHvk2/05,Sxw,2,Sx,1,cd,FALSE
8110,ICHvk2,ICHvk2/07,Sxw,3,Sx,4,cd,FALSE
8111,ICHwk1,ICHwk1/04,Act,3,Ac,5,cd,FALSE
8112,ICHwk1,ICHwk1/08,At,3,At,5,cd,FALSE
8113,ICHwk1,ICHwk1/02,Bl,3,Bl,5,cd,FALSE
8114,ICHwk1,ICHwk1/08,Cw,1,Cw,2,cd,FALSE
8115,ICHwk1,ICHwk1/08,Ep,3,Ep,5,cd,FALSE
8116,ICHwk1,ICHwk1/08,Hw,1,Hw,2,cd,FALSE
8117,ICHwk1,ICHwk1/05,Lw,3,Lw,5,cd,TRUE
8118,ICHwk1,ICHwk1/01,Pli,4,Pl,3,cd,FALSE
8119,ICHwk1,ICHwk1/04,Pli,4,Pl,3,cd,FALSE
8120,ICHwk1,ICHwk1/05,Pli,3,Pl,4,cd,FALSE
8121,ICHwk1,ICHwk1/06,Pli,3,Pl,4,cd,FALSE
8122,ICHwk1,ICHwk1/06,Pw,3,Pw,3,cd,FALSE
8123,ICHwk1,ICHwk1/07,Pw,3,Pw,3,cd,FALSE
8124,ICHwk1,ICHwk1/08,Sxw,1,Sx,2,cd,FALSE
8125,ICHwk3,ICHwk3/01,Lw,3,Lw,4,cd,TRUE
8126,ICHwk4,ICHwk4/04,Cw,3,Cw,1,cd,FALSE
8127,ICHwk4,ICHwk4/04,Ep,3,Ep,2,cd,FALSE
8128,SBPSdc,SBPSdc/08,At,3,At,2,cd,FALSE
8129,SBPSdc,SBPSdc/01,Lw,4,Lw,5,cd,TRUE
8130,SBPSdc,SBPSdc/05,Lw,4,Lw,5,cd,TRUE
8131,SBPSmc,SBPSmc/05,Act,3,Ac,1,cd,FALSE
8132,SBPSmc,SBPSmc/06,Act,3,Ac,4,cd,FALSE
8133,SBPSmc,SBPSmc/01,At,3,At,1,cd,FALSE
8134,SBPSmc,SBPSmc/01a,At,3,At,1,cd,FALSE
8135,SBPSmc,SBPSmc/01b,At,3,At,1,cd,FALSE
8136,SBPSmc,SBPSmc/02,At,3,At,4,cd,FALSE
8137,SBPSmc,SBPSmc/03,At,3,At,2,cd,FALSE
8138,SBPSmc,SBPSmc/04,At,3,At,4,cd,FALSE
8139,SBPSmc,SBPSmc/01,Lw,4,Lw,5,cd,TRUE
8140,SBPSmc,SBPSmc/01a,Lw,4,Lw,5,cd,TRUE
8141,SBPSmc,SBPSmc/01b,Lw,4,Lw,5,cd,TRUE
8142,SBPSmc,SBPSmc/05,Pli,2,Pl,1,cd,FALSE
8143,SBPSmc,SBPSmc/07,Pli,2,Pl,4,cd,FALSE
8144,SBPSmc,SBPSmc/01,Sb,3,Sb,2,cd,FALSE
8145,SBPSmc,SBPSmc/01a,Sb,3,Sb,2,cd,FALSE
8146,SBPSmc,SBPSmc/01b,Sb,3,Sb,2,cd,FALSE
8147,SBPSmc,SBPSmc/02,Sb,3,Sb,2,cd,FALSE
8148,SBPSmc,SBPSmc/03,Sb,1,Sb,2,cd,FALSE
8149,SBPSmc,SBPSmc/07,Sb,2,Sb,3,cd,FALSE
8150,SBPSmc,SBPSmc/01,Sxw,2,Sx,1,cd,FALSE
8151,SBPSmc,SBPSmc/01a,Sxw,2,Sx,1,cd,FALSE
8152,SBPSmc,SBPSmc/01b,Sxw,2,Sx,1,cd,FALSE
8153,SBPSmc,SBPSmc/02,Sxw,3,Sx,2,cd,FALSE
8154,SBPSmc,SBPSmc/03,Sxw,3,Sx,2,cd,FALSE
8155,SBPSmc,SBPSmc/04,Sxw,3,Sx,2,cd,FALSE
8156,SBPSmc,SBPSmc/05,Sxw,2,Sx,1,cd,FALSE
8157,SBPSmc,SBPSmc/06,Sxw,3,Sx,2,cd,FALSE
8158,SBPSmc,SBPSmc/07,Sxw,3,Sx,4,cd,FALSE
8159,SBSdh1,SBSdh1/04,At,4,At,1,cd,FALSE
8160,SBSdh1,SBSdh1/04,Bl,2,Bl,3,cd,FALSE
8161,SBSdh1,SBSdh1/01,Lw,2,Lw,5,cd,TRUE
8162,SBSdh1,SBSdh1/03,Lw,3,Lw,5,cd,TRUE
8163,SBSdk,SBSdk/04,Bl,2,Bl,3,cd,FALSE
8164,SBSdk,SBSdk/01,Lw,2,Lw,5,cd,TRUE
8165,SBSdk,SBSdk/01a,Lw,2,Lw,5,cd,TRUE
8166,SBSdk,SBSdk/01b,Lw,2,Lw,5,cd,TRUE
8167,SBSdk,SBSdk/03,Lw,2,Lw,5,cd,TRUE
8168,SBSdk,SBSdk/04,Lw,2,Lw,5,cd,TRUE
8169,SBSdk,SBSdk/05,Lw,2,Lw,5,cd,TRUE
8170,SBSdk,SBSdk/06,Lw,2,Lw,5,cd,TRUE
8171,SBSdk,SBSdk/08a,Pli,2,Pl,4,cd,FALSE
8172,SBSdk,SBSdk/08b,Pli,2,Pl,4,cd,FALSE
8173,SBSdk,SBSdk/08a,Sxw,1,Sx,2,cd,FALSE
8174,SBSdk,SBSdk/08b,Sxw,1,Sx,2,cd,FALSE
8175,SBSdw2,SBSdw2/01,Lw,2,Lw,5,cd,TRUE
8176,SBSdw2,SBSdw2/06,Lw,2,Lw,5,cd,TRUE
8177,SBSdw2,SBSdw2/08,Lw,3,Lw,5,cd,TRUE
8178,SBSdw3,SBSdw3/02,At,4,At,2,cd,FALSE
8179,SBSdw3,SBSdw3/07,Fdi,3,Fd,2,cd,FALSE
8180,SBSdw3,SBSdw3/05,Fdi,1,Fd,3,cd,FALSE
8181,SBSdw3,SBSdw3/01,Lw,2,Lw,5,cd,TRUE
8182,SBSdw3,SBSdw3/04,Lw,2,Lw,5,cd,TRUE
8183,SBSdw3,SBSdw3/06,Lw,3,Lw,5,cd,TRUE
8184,SBSdw3,SBSdw3/07,Lw,3,Lw,5,cd,TRUE
8185,SBSmc2,SBSmc2/11,Bl,2,Bl,3,cd,FALSE
8186,SBSmc2,SBSmc2/11,Sxw,1,Sx,2,cd,FALSE
8187,SBSmc3,SBSmc3/02,At,3,At,2,cd,FALSE
8188,SBSmc3,SBSmc3/03,Bl,3,Bl,2,cd,FALSE
8189,SBSmh,SBSmh/01,Lw,2,Lw,5,cd,TRUE
8190,SBSmh,SBSmh/05,Lw,2,Lw,5,cd,TRUE
8191,SBSmh,SBSmh/06,Lw,2,Lw,5,cd,TRUE
8192,SBSmk1,SBSmk1/02,Bl,2,Bl,3,cd,FALSE
8193,SBSmk1,SBSmk1/01,Lw,3,Lw,5,cd,TRUE
8194,SBSmk1,SBSmk1/04,Lw,3,Lw,5,cd,TRUE
8195,SBSmk1,SBSmk1/05,Lw,3,Lw,5,cd,TRUE
8196,SBSmk1,SBSmk1/07,Lw,3,Lw,5,cd,TRUE
8197,SBSvk,SBSvk/04,Cw,4,Cw,2,cd,FALSE
8198,SBSvk,SBSvk/04,Hw,4,Hw,2,cd,FALSE
8199,SBSwk1,SBSwk1/10,Act,3,Ac,1,cd,FALSE
8200,SBSwk1,SBSwk1/12,At,3,At,5,cd,FALSE
8201,SBSwk1,SBSwk1/10,Bl,2,Bl,1,cd,FALSE
8202,SBSwk1,SBSwk1/06,Fdi,3,Fd,4,cd,FALSE
8203,SBSwk1,SBSwk1/12,Sb,3,Sb,2,cd,FALSE
8204,SBSwk2,SBSwk2/06,Ep,2,Ep,1,cd,FALSE
8205,SBSwk3,SBSwk3/02,Fdi,2,Fd,3,cd,FALSE
8206,SBSwk3,SBSwk3/01,Lw,3,Lw,5,cd,TRUE
8207,SBSwk3,SBSwk3/04,Lw,3,Lw,5,cd,TRUE
8208,SBSwk3,SBSwk3/06,Lw,3,Lw,5,cd,TRUE
8209,SBSwk3,SBSwk3/06,Sb,1,Sb,4,cd,FALSE
8210,SWBmk,SWBmk/03,Sb,2,Sb,3,cd,FALSE
8211,SWBun1,SWBun1/h,Acb,3,Ac,5,cd,FALSE
8212,SWBun1,SWBun1/m,At,3,At,2,cd,FALSE
8213,SWBun1,SWBun1/m,Bl,2,Bl,3,cd,FALSE
8214,SWBun1,SWBun1/m,Pli,3,Pl,2,cd,FALSE
8215,SWBun1,SWBun1/x,Pli,3,Pl,2,cd,FALSE
8216,SWBun1,SWBun1/x,Sw,3,Sx,2,cd,FALSE
8217,ESSFdcp,ESSFdcp/00,Bl,3,Bl,3,cd,FALSE
8218,ESSFdcw,ESSFdcw/102,La,2,La,2,cd,FALSE
8219,ESSFdk1,ESSFdk1/103,Pf,3,Pf,2,cd,FALSE
8220,ESSFdkw,ESSFdkw/101,Bl,2,Bl,2,cd,FALSE
8221,ESSFdkw,ESSFdkw/102,Bl,2,Bl,3,cd,FALSE
8222,ESSFdkw,ESSFdkw/103,Bl,2,Bl,2,cd,FALSE
8223,ESSFdkw,ESSFdkw/110,Bl,2,Bl,2,cd,FALSE
8224,ESSFdkw,ESSFdkw/102,La,2,La,2,cd,FALSE
8225,ESSFdkw,ESSFdkw/103,La,2,La,2,cd,FALSE
8226,ESSFdkw,ESSFdkw/101,Pa,3,Pa,3,cd,FALSE
8227,ESSFdkw,ESSFdkw/102,Pa,3,Pa,2,cd,FALSE
8228,ESSFdkw,ESSFdkw/103,Pa,3,Pa,2,cd,FALSE
8229,ESSFdkw,ESSFdkw/101,Pli,3,Pl,3,cd,FALSE
8230,ESSFdkw,ESSFdkw/102,Pli,3,Pl,3,cd,FALSE
8231,ESSFdkw,ESSFdkw/103,Pli,3,Pl,3,cd,FALSE
8232,ESSFdkw,ESSFdkw/101,Se,2,Sx,2,cd,FALSE
8233,ESSFdkw,ESSFdkw/102,Se,3,Sx,3,cd,FALSE
8234,ESSFdkw,ESSFdkw/103,Se,2,Sx,2,cd,FALSE
8235,ESSFdkw,ESSFdkw/110,Se,2,Sx,2,cd,FALSE
8236,ESSFmh,ESSFmh/112.1,Act,3,Ac,2,cd,FALSE
8237,ESSFmh,ESSFmh/112.2,Act,3,Ac,3,cd,FALSE
8238,ESSFmh,ESSFmh/103,At,3,At,2,cd,FALSE
8239,ESSFmh,ESSFmh/112.1,Bl,2,Bl,1,cd,FALSE
8240,ESSFmh,ESSFmh/112.2,Bl,2,Bl,2,cd,FALSE
8241,ESSFmh,ESSFmh/111,Ep,3,Ep,2,cd,FALSE
8242,ESSFmh,ESSFmh/110,Fdi,3,Fd,3,cd,FALSE
8243,ESSFmh,ESSFmh/110,Lw,3,Lw,3,cd,FALSE
8244,ESSFmh,ESSFmh/111,Lw,3,Lw,3,cd,FALSE
8245,ESSFmh,ESSFmh/112.1,Sxw,1,Sx,1,cd,FALSE
8246,ESSFmh,ESSFmh/112.2,Sxw,1,Sx,2,cd,FALSE
8247,ESSFmmp,ESSFmmp/00,Bl,3,Bl,3,cd,FALSE
8248,ESSFmmp,ESSFmmp/00,La,3,La,3,cd,FALSE
8249,ESSFmmw,ESSFmmw/01,Bl,2,Bl,2,cd,FALSE
8250,ESSFmmw,ESSFmmw/02,Bl,3,Bl,3,cd,FALSE
8251,ESSFmmw,ESSFmmw/03,Bl,2,Bl,2,cd,FALSE
8252,ESSFmmw,ESSFmmw/04,Bl,2,Bl,2,cd,FALSE
8253,ESSFmmw,ESSFmmw/05,Bl,2,Bl,2,cd,FALSE
8254,ESSFmmw,ESSFmmw/06,Bl,2,Bl,2,cd,FALSE
8255,ESSFmmw,ESSFmmw/07,Bl,2,Bl,2,cd,FALSE
8256,ESSFmmw,ESSFmmw/01,Pli,3,Pl,5,cd,FALSE
8257,ESSFmmw,ESSFmmw/02,Pli,3,Pl,5,cd,FALSE
8258,ESSFmmw,ESSFmmw/03,Pli,3,Pl,3,cd,FALSE
8259,ESSFmmw,ESSFmmw/04,Pli,3,Pl,3,cd,FALSE
8260,ESSFmmw,ESSFmmw/05,Pli,3,Pl,5,cd,FALSE
8261,ESSFmmw,ESSFmmw/06,Pli,3,Pl,5,cd,FALSE
8262,ESSFmmw,ESSFmmw/07,Pli,3,Pl,5,cd,FALSE
8263,ESSFmmw,ESSFmmw/01,Sxw,2,Sx,2,cd,FALSE
8264,ESSFmmw,ESSFmmw/02,Sxw,3,Sx,3,cd,FALSE
8265,ESSFmmw,ESSFmmw/03,Sxw,2,Sx,2,cd,FALSE
8266,ESSFmmw,ESSFmmw/04,Sxw,2,Sx,2,cd,FALSE
8267,ESSFmmw,ESSFmmw/05,Sxw,2,Sx,2,cd,FALSE
8268,ESSFmmw,ESSFmmw/06,Sxw,2,Sx,2,cd,FALSE
8269,ESSFmmw,ESSFmmw/07,Sxw,2,Sx,2,cd,FALSE
8270,ESSFvc,ESSFvc/01,Bl,1,Bl,1,cd,FALSE
8271,ESSFvc,ESSFvc/02,Bl,2,Bl,2,cd,FALSE
8272,ESSFvc,ESSFvc/03,Bl,1,Bl,1,cd,FALSE
8273,ESSFvc,ESSFvc/04,Bl,1,Bl,1,cd,FALSE
8274,ESSFvc,ESSFvc/05,Bl,1,Bl,1,cd,FALSE
8275,ESSFvc,ESSFvc/01,Cw,3,Cw,2,cd,FALSE
8276,ESSFvc,ESSFvc/01,Fdi,2,Fd,2,cd,FALSE
8277,ESSFvc,ESSFvc/01,Hm,2,Hm,1,cd,FALSE
8278,ESSFvc,ESSFvc/02,Hm,3,Hm,2,cd,FALSE
8279,ESSFvc,ESSFvc/03,Hm,2,Hm,1,cd,FALSE
8280,ESSFvc,ESSFvc/04,Hm,2,Hm,1,cd,FALSE
8281,ESSFvc,ESSFvc/05,Hm,2,Hm,1,cd,FALSE
8282,ESSFvc,ESSFvc/01,Hw,2,Hw,2,cd,FALSE
8283,ESSFvc,ESSFvc/01,Pli,1,Pl,2,cd,FALSE
8284,ESSFvc,ESSFvc/02,Pli,4,Pl,2,cd,FALSE
8285,ESSFvc,ESSFvc/01,Se,1,Sx,1,cd,FALSE
8286,ESSFvc,ESSFvc/02,Se,2,Sx,2,cd,FALSE
8287,ESSFvc,ESSFvc/03,Se,1,Sx,1,cd,FALSE
8288,ESSFvc,ESSFvc/04,Se,1,Sx,1,cd,FALSE
8289,ESSFvc,ESSFvc/05,Se,1,Sx,1,cd,FALSE
8290,ESSFvcp,ESSFvcp/00,Bl,3,Bl,3,cd,FALSE
8291,ESSFvcp,ESSFvcp/00,Sx,3,Sx,3,cd,FALSE
8292,ESSFvcw,ESSFvcw/01,Bl,2,Bl,2,cd,FALSE
8293,ESSFvcw,ESSFvcw/02,Bl,3,Bl,3,cd,FALSE
8294,ESSFvcw,ESSFvcw/03,Bl,2,Bl,2,cd,FALSE
8295,ESSFvcw,ESSFvcw/04,Bl,2,Bl,2,cd,FALSE
8296,ESSFvcw,ESSFvcw/05,Bl,2,Bl,2,cd,FALSE
8297,ESSFvcw,ESSFvcw/01,Hm,3,Hm,2,cd,FALSE
8298,ESSFvcw,ESSFvcw/02,Hm,3,Hm,3,cd,FALSE
8299,ESSFvcw,ESSFvcw/03,Hm,3,Hm,2,cd,FALSE
8300,ESSFvcw,ESSFvcw/04,Hm,3,Hm,2,cd,FALSE
8301,ESSFvcw,ESSFvcw/05,Hm,3,Hm,2,cd,FALSE
8302,ESSFvcw,ESSFvcw/02,Pli,5,Pl,5,cd,FALSE
8303,ESSFvcw,ESSFvcw/01,Se,2,Sx,2,cd,FALSE
8304,ESSFvcw,ESSFvcw/02,Se,3,Sx,3,cd,FALSE
8305,ESSFvcw,ESSFvcw/03,Se,2,Sx,2,cd,FALSE
8306,ESSFvcw,ESSFvcw/04,Se,2,Sx,2,cd,FALSE
8307,ESSFvcw,ESSFvcw/05,Se,2,Sx,2,cd,FALSE
8308,ESSFwc2,ESSFwc2/02,Fdi,3,Fd,2,cd,FALSE
8309,ESSFwc2,ESSFwc2/05,Hw,3,Hw,2,cd,FALSE
8310,ESSFwc2,ESSFwc2/01,Hw,3,Hw,2,cd,FALSE
8311,ESSFwc4,ESSFwc4/101,Bl,1,Bl,1,cd,FALSE
8312,ESSFwc4,ESSFwc4/102,Bl,2,Bl,2,cd,FALSE
8313,ESSFwc4,ESSFwc4/103,Bl,1,Bl,1,cd,FALSE
8314,ESSFwc4,ESSFwc4/110,Bl,1,Bl,1,cd,FALSE
8315,ESSFwc4,ESSFwc4/111,Bl,1,Bl,1,cd,FALSE
8316,ESSFwc4,ESSFwc4/102,Cw,4,Cw,3,cd,FALSE
8317,ESSFwc4,ESSFwc4/103,Cw,4,Cw,2,cd,FALSE
8318,ESSFwc4,ESSFwc4/101,Hw,3,Hw,2,cd,FALSE
8319,ESSFwc4,ESSFwc4/102,La,3,La,3,cd,FALSE
8320,ESSFwc4,ESSFwc4/103,La,3,La,3,cd,FALSE
8321,ESSFwc4,ESSFwc4/102,Pa,2,Pa,2,cd,FALSE
8322,ESSFwc4,ESSFwc4/103,Pa,2,Pa,2,cd,FALSE
8323,ESSFwc4,ESSFwc4/101,Pli,3,Pl,3,cd,FALSE
8324,ESSFwc4,ESSFwc4/102,Pli,2,Pl,2,cd,FALSE
8325,ESSFwc4,ESSFwc4/103,Pli,2,Pl,2,cd,FALSE
8326,ESSFwc4,ESSFwc4/101,Se,1,Sx,1,cd,FALSE
8327,ESSFwc4,ESSFwc4/102,Se,2,Sx,2,cd,FALSE
8328,ESSFwc4,ESSFwc4/103,Se,1,Sx,1,cd,FALSE
8329,ESSFwc4,ESSFwc4/110,Se,1,Sx,1,cd,FALSE
8330,ESSFwc4,ESSFwc4/111,Se,1,Sx,1,cd,FALSE
8331,ESSFwcp,ESSFwcp/00,Bl,3,Bl,3,cd,FALSE
8332,ESSFwcp,ESSFwcp/00,Ep,3,Ep,4,cd,FALSE
8333,ESSFwcp,ESSFwcp/00,Fdi,2,Fd,3,cd,FALSE
8334,ESSFwcw,ESSFwcw/101,Bl,1,Bl,2,cd,FALSE
8335,ESSFwcw,ESSFwcw/102,Bl,3,Bl,2,cd,FALSE
8336,ESSFwcw,ESSFwcw/103,Bl,1,Bl,2,cd,FALSE
8337,ESSFwcw,ESSFwcw/104,Bl,1,Bl,2,cd,FALSE
8338,ESSFwcw,ESSFwcw/110,Bl,1,Bl,2,cd,FALSE
8339,ESSFwcw,ESSFwcw/102,La,3,La,3,cd,FALSE
8340,ESSFwcw,ESSFwcw/103,La,3,La,3,cd,FALSE
8341,ESSFwcw,ESSFwcw/104,La,3,La,2,cd,FALSE
8342,ESSFwcw,ESSFwcw/101,Pa,3,Pa,4,cd,FALSE
8343,ESSFwcw,ESSFwcw/102,Pa,2,Pa,2,cd,FALSE
8344,ESSFwcw,ESSFwcw/103,Pa,2,Pa,3,cd,FALSE
8345,ESSFwcw,ESSFwcw/104,Pa,3,Pa,4,cd,FALSE
8346,ESSFwcw,ESSFwcw/103,Pli,3,Pl,4,cd,FALSE
8347,ESSFwcw,ESSFwcw/102,Pli,3,Pl,4,cd,FALSE
8348,ESSFwcw,ESSFwcw/101,Se,2,Sx,2,cd,FALSE
8349,ESSFwcw,ESSFwcw/102,Se,3,Sx,3,cd,FALSE
8350,ESSFwcw,ESSFwcw/103,Se,2,Sx,3,cd,FALSE
8351,ESSFwcw,ESSFwcw/104,Se,2,Sx,2,cd,FALSE
8352,ESSFwcw,ESSFwcw/110,Se,2,Sx,2,cd,FALSE
8353,ESSFwh1,ESSFwh1/101,Act,3,Ac,2,cd,FALSE
8354,ESSFwh1,ESSFwh1/110,Act,2,Ac,2,cd,FALSE
8355,ESSFwh1,ESSFwh1/101,At,3,At,2,cd,FALSE
8356,ESSFwh1,ESSFwh1/101,Bl,2,Bl,1,cd,FALSE
8357,ESSFwh1,ESSFwh1/102,Bl,3,Bl,2,cd,FALSE
8358,ESSFwh1,ESSFwh1/103,Bl,2,Bl,1,cd,FALSE
8359,ESSFwh1,ESSFwh1/104,Bl,2,Bl,1,cd,FALSE
8360,ESSFwh1,ESSFwh1/110,Bl,2,Bl,1,cd,FALSE
8361,ESSFwh1,ESSFwh1/101,Cw,2,Cw,2,cd,FALSE
8362,ESSFwh1,ESSFwh1/103,Cw,3,Cw,3,cd,FALSE
8363,ESSFwh1,ESSFwh1/104,Cw,3,Cw,3,cd,FALSE
8364,ESSFwh1,ESSFwh1/110,Cw,2,Cw,2,cd,FALSE
8365,ESSFwh1,ESSFwh1/101,Fdi,3,Fd,3,cd,FALSE
8366,ESSFwh1,ESSFwh1/102,Fdi,2,Fd,5,cd,FALSE
8367,ESSFwh1,ESSFwh1/103,Fdi,1,Fd,2,cd,FALSE
8368,ESSFwh1,ESSFwh1/104,Fdi,2,Fd,2,cd,FALSE
8369,ESSFwh1,ESSFwh1/101,Hw,1,Hw,2,cd,FALSE
8370,ESSFwh1,ESSFwh1/104,Hw,1,Hw,2,cd,FALSE
8371,ESSFwh1,ESSFwh1/110,Hw,3,Hw,3,cd,FALSE
8372,ESSFwh1,ESSFwh1/101,Lw,3,Lw,3,cd,FALSE
8373,ESSFwh1,ESSFwh1/103,Lw,2,Lw,2,cd,FALSE
8374,ESSFwh1,ESSFwh1/104,Lw,2,Lw,2,cd,FALSE
8375,ESSFwh1,ESSFwh1/102,Pa,3,Pa,2,cd,FALSE
8376,ESSFwh1,ESSFwh1/103,Pa,3,Pa,4,cd,FALSE
8377,ESSFwh1,ESSFwh1/104,Pa,3,Pa,4,cd,FALSE
8378,ESSFwh1,ESSFwh1/101,Pli,3,Pl,4,cd,FALSE
8379,ESSFwh1,ESSFwh1/102,Pli,3,Pl,2,cd,FALSE
8380,ESSFwh1,ESSFwh1/103,Pli,2,Pl,2,cd,FALSE
8381,ESSFwh1,ESSFwh1/104,Pli,3,Pl,2,cd,FALSE
8382,ESSFwh1,ESSFwh1/101,Pw,4,Pw,4,cd,FALSE
8383,ESSFwh1,ESSFwh1/103,Pw,3,Pw,3,cd,FALSE
8384,ESSFwh1,ESSFwh1/104,Pw,3,Pw,3,cd,FALSE
8385,ESSFwh1,ESSFwh1/101,Se,1,Sx,1,cd,FALSE
8386,ESSFwh1,ESSFwh1/102,Se,2,Sx,2,cd,FALSE
8387,ESSFwh1,ESSFwh1/103,Se,2,Sx,2,cd,FALSE
8388,ESSFwh1,ESSFwh1/104,Se,2,Sx,1,cd,FALSE
8389,ESSFwh1,ESSFwh1/110,Se,1,Sx,1,cd,FALSE
8390,ESSFwh2,ESSFwh2/101,Act,3,Ac,3,cd,FALSE
8391,ESSFwh2,ESSFwh2/110,Act,2,Ac,3,cd,FALSE
8392,ESSFwh2,ESSFwh2/111,Act,2,Ac,3,cd,FALSE
8393,ESSFwh2,ESSFwh2/101,At,3,At,3,cd,FALSE
8394,ESSFwh2,ESSFwh2/101,Bl,2,Bl,1,cd,FALSE
8395,ESSFwh2,ESSFwh2/102,Bl,2,Bl,2,cd,FALSE
8396,ESSFwh2,ESSFwh2/103,Bl,2,Bl,1,cd,FALSE
8397,ESSFwh2,ESSFwh2/104,Bl,1,Bl,1,cd,FALSE
8398,ESSFwh2,ESSFwh2/110,Bl,1,Bl,1,cd,FALSE
8399,ESSFwh2,ESSFwh2/111,Bl,1,Bl,1,cd,FALSE
8400,ESSFwh2,ESSFwh2/101,Cw,3,Cw,3,cd,FALSE
8401,ESSFwh2,ESSFwh2/104,Cw,3,Cw,4,cd,FALSE
8402,ESSFwh2,ESSFwh2/110,Cw,3,Cw,3,cd,FALSE
8403,ESSFwh2,ESSFwh2/111,Cw,3,Cw,4,cd,FALSE
8404,ESSFwh2,ESSFwh2/101,Fdi,3,Fd,4,cd,FALSE
8405,ESSFwh2,ESSFwh2/102,Fdi,3,Fd,4,cd,FALSE
8406,ESSFwh2,ESSFwh2/103,Fdi,2,Fd,2,cd,FALSE
8407,ESSFwh2,ESSFwh2/104,Fdi,3,Fd,4,cd,FALSE
8408,ESSFwh2,ESSFwh2/101,Hw,2,Hw,2,cd,FALSE
8409,ESSFwh2,ESSFwh2/102,Hw,3,Hw,4,cd,FALSE
8410,ESSFwh2,ESSFwh2/103,Hw,3,Hw,4,cd,FALSE
8411,ESSFwh2,ESSFwh2/104,Hw,3,Hw,2,cd,FALSE
8412,ESSFwh2,ESSFwh2/110,Hw,3,Hw,4,cd,FALSE
8413,ESSFwh2,ESSFwh2/111,Hw,3,Hw,4,cd,FALSE
8414,ESSFwh2,ESSFwh2/101,Lw,3,Lw,5,cd,FALSE
8415,ESSFwh2,ESSFwh2/103,Lw,3,Lw,5,cd,FALSE
8416,ESSFwh2,ESSFwh2/104,Lw,3,Lw,5,cd,FALSE
8417,ESSFwh2,ESSFwh2/102,Pa,3,Pa,2,cd,FALSE
8418,ESSFwh2,ESSFwh2/103,Pa,3,Pa,4,cd,FALSE
8419,ESSFwh2,ESSFwh2/101,Pli,3,Pl,4,cd,FALSE
8420,ESSFwh2,ESSFwh2/102,Pli,2,Pl,2,cd,FALSE
8421,ESSFwh2,ESSFwh2/103,Pli,2,Pl,2,cd,FALSE
8422,ESSFwh2,ESSFwh2/104,Pli,3,Pl,4,cd,FALSE
8423,ESSFwh2,ESSFwh2/101,Pw,3,Pw,5,cd,FALSE
8424,ESSFwh2,ESSFwh2/102,Pw,5,Pw,5,cd,FALSE
8425,ESSFwh2,ESSFwh2/103,Pw,3,Pw,5,cd,FALSE
8426,ESSFwh2,ESSFwh2/104,Pw,3,Pw,5,cd,FALSE
8427,ESSFwh2,ESSFwh2/101,Se,1,Sx,1,cd,FALSE
8428,ESSFwh2,ESSFwh2/102,Se,3,Sx,2,cd,FALSE
8429,ESSFwh2,ESSFwh2/103,Se,1,Sx,1,cd,FALSE
8430,ESSFwh2,ESSFwh2/104,Se,1,Sx,1,cd,FALSE
8431,ESSFwh2,ESSFwh2/110,Se,1,Sx,1,cd,FALSE
8432,ESSFwh2,ESSFwh2/111,Se,1,Sx,1,cd,FALSE
8433,ESSFwh3,ESSFwh3/101,Act,3,Ac,3,cd,FALSE
8434,ESSFwh3,ESSFwh3/110,Act,2,Ac,2,cd,FALSE
8435,ESSFwh3,ESSFwh3/111,Act,2,Ac,2,cd,FALSE
8436,ESSFwh3,ESSFwh3/101,At,3,At,3,cd,FALSE
8437,ESSFwh3,ESSFwh3/101,Bl,2,Bl,1,cd,FALSE
8438,ESSFwh3,ESSFwh3/102,Bl,2,Bl,1,cd,FALSE
8439,ESSFwh3,ESSFwh3/103,Bl,2,Bl,1,cd,FALSE
8440,ESSFwh3,ESSFwh3/104,Bl,1,Bl,1,cd,FALSE
8441,ESSFwh3,ESSFwh3/110,Bl,2,Bl,1,cd,FALSE
8442,ESSFwh3,ESSFwh3/111,Bl,2,Bl,1,cd,FALSE
8443,ESSFwh3,ESSFwh3/101,Cw,3,Cw,2,cd,FALSE
8444,ESSFwh3,ESSFwh3/104,Cw,3,Cw,3,cd,FALSE
8445,ESSFwh3,ESSFwh3/110,Cw,3,Cw,2,cd,FALSE
8446,ESSFwh3,ESSFwh3/111,Cw,3,Cw,3,cd,FALSE
8447,ESSFwh3,ESSFwh3/101,Fdi,3,Fd,3,cd,FALSE
8448,ESSFwh3,ESSFwh3/102,Fdi,3,Fd,3,cd,FALSE
8449,ESSFwh3,ESSFwh3/103,Fdi,2,Fd,2,cd,FALSE
8450,ESSFwh3,ESSFwh3/104,Fdi,3,Fd,3,cd,FALSE
8451,ESSFwh3,ESSFwh3/101,Hw,2,Hw,2,cd,FALSE
8452,ESSFwh3,ESSFwh3/103,Hw,3,Hw,3,cd,FALSE
8453,ESSFwh3,ESSFwh3/104,Hw,3,Hw,2,cd,FALSE
8454,ESSFwh3,ESSFwh3/110,Hw,2,Hw,3,cd,FALSE
8455,ESSFwh3,ESSFwh3/111,Hw,1,Hw,3,cd,FALSE
8456,ESSFwh3,ESSFwh3/101,Lw,3,Lw,3,cd,FALSE
8457,ESSFwh3,ESSFwh3/102,Lw,3,Lw,3,cd,FALSE
8458,ESSFwh3,ESSFwh3/103,Lw,2,Lw,2,cd,FALSE
8459,ESSFwh3,ESSFwh3/104,Lw,3,Lw,3,cd,FALSE
8460,ESSFwh3,ESSFwh3/102,Pa,3,Pa,3,cd,FALSE
8461,ESSFwh3,ESSFwh3/103,Pa,3,Pa,4,cd,FALSE
8462,ESSFwh3,ESSFwh3/101,Pli,3,Pl,3,cd,FALSE
8463,ESSFwh3,ESSFwh3/102,Pli,2,Pl,2,cd,FALSE
8464,ESSFwh3,ESSFwh3/103,Pli,1,Pl,2,cd,FALSE
8465,ESSFwh3,ESSFwh3/104,Pli,3,Pl,3,cd,FALSE
8466,ESSFwh3,ESSFwh3/110,Pli,5,Pl,5,cd,FALSE
8467,ESSFwh3,ESSFwh3/101,Pw,3,Pw,3,cd,FALSE
8468,ESSFwh3,ESSFwh3/103,Pw,3,Pw,3,cd,FALSE
8469,ESSFwh3,ESSFwh3/104,Pw,3,Pw,3,cd,FALSE
8470,ESSFwh3,ESSFwh3/101,Se,1,Sx,1,cd,FALSE
8471,ESSFwh3,ESSFwh3/102,Se,3,Sx,3,cd,FALSE
8472,ESSFwh3,ESSFwh3/103,Se,2,Sx,1,cd,FALSE
8473,ESSFwh3,ESSFwh3/104,Se,2,Sx,1,cd,FALSE
8474,ESSFwh3,ESSFwh3/110,Se,1,Sx,1,cd,FALSE
8475,ESSFwh3,ESSFwh3/111,Se,1,Sx,1,cd,FALSE
8476,ESSFwm1,ESSFwm1/101,Bl,1,Bl,1,cd,FALSE
8477,ESSFwm1,ESSFwm1/102,Bl,2,Bl,2,cd,FALSE
8478,ESSFwm1,ESSFwm1/103,Bl,1,Bl,1,cd,FALSE
8479,ESSFwm1,ESSFwm1/104,Bl,1,Bl,1,cd,FALSE
8480,ESSFwm1,ESSFwm1/111,Bl,1,Bl,1,cd,FALSE
8481,ESSFwm1,ESSFwm1/112,Bl,2,Bl,2,cd,FALSE
8482,ESSFwm1,ESSFwm1/102,Fdi,3,Fd,2,cd,FALSE
8483,ESSFwm1,ESSFwm1/103,Fdi,3,Fd,3,cd,FALSE
8484,ESSFwm1,ESSFwm1/103,Lw,5,Lw,5,cd,FALSE
8485,ESSFwm1,ESSFwm1/102,Pa,3,Pa,2,cd,FALSE
8486,ESSFwm1,ESSFwm1/103,Pa,3,Pa,3,cd,FALSE
8487,ESSFwm1,ESSFwm1/101,Pli,3,Pl,4,cd,FALSE
8488,ESSFwm1,ESSFwm1/102,Pli,3,Pl,3,cd,FALSE
8489,ESSFwm1,ESSFwm1/103,Pli,2,Pl,2,cd,FALSE
8490,ESSFwm1,ESSFwm1/104,Pli,3,Pl,3,cd,FALSE
8491,ESSFwm1,ESSFwm1/101,Se,1,Sx,1,cd,FALSE
8492,ESSFwm1,ESSFwm1/102,Se,2,Sx,2,cd,FALSE
8493,ESSFwm1,ESSFwm1/103,Se,1,Sx,1,cd,FALSE
8494,ESSFwm1,ESSFwm1/104,Se,2,Sx,1,cd,FALSE
8495,ESSFwm1,ESSFwm1/111,Se,1,Sx,1,cd,FALSE
8496,ESSFwm1,ESSFwm1/112,Se,2,Sx,2,cd,FALSE
8497,ESSFwm2,ESSFwm2/101,Bl,1,Bl,1,cd,FALSE
8498,ESSFwm2,ESSFwm2/102,Bl,2,Bl,2,cd,FALSE
8499,ESSFwm2,ESSFwm2/103,Bl,1,Bl,1,cd,FALSE
8500,ESSFwm2,ESSFwm2/104,Bl,1,Bl,1,cd,FALSE
8501,ESSFwm2,ESSFwm2/110,Bl,2,Bl,1,cd,FALSE
8502,ESSFwm2,ESSFwm2/111,Bl,2,Bl,2,cd,FALSE
8503,ESSFwm2,ESSFwm2/102,Fdi,5,Fd,4,cd,FALSE
8504,ESSFwm2,ESSFwm2/104,Hw,3,Hw,3,cd,FALSE
8505,ESSFwm2,ESSFwm2/101,Hw,4,Hw,3,cd,FALSE
8506,ESSFwm2,ESSFwm2/102,La,3,La,3,cd,FALSE
8507,ESSFwm2,ESSFwm2/102,Pa,3,Pa,2,cd,FALSE
8508,ESSFwm2,ESSFwm2/103,Pa,3,Pa,3,cd,FALSE
8509,ESSFwm2,ESSFwm2/104,Pa,3,Pa,3,cd,FALSE
8510,ESSFwm2,ESSFwm2/101,Pli,3,Pl,3,cd,FALSE
8511,ESSFwm2,ESSFwm2/102,Pli,3,Pl,2,cd,FALSE
8512,ESSFwm2,ESSFwm2/103,Pli,2,Pl,2,cd,FALSE
8513,ESSFwm2,ESSFwm2/104,Pli,3,Pl,2,cd,FALSE
8514,ESSFwm2,ESSFwm2/101,Se,1,Sx,1,cd,FALSE
8515,ESSFwm2,ESSFwm2/102,Se,2,Sx,2,cd,FALSE
8516,ESSFwm2,ESSFwm2/103,Se,2,Sx,1,cd,FALSE
8517,ESSFwm2,ESSFwm2/104,Se,2,Sx,1,cd,FALSE
8518,ESSFwm2,ESSFwm2/110,Se,1,Sx,1,cd,FALSE
8519,ESSFwm2,ESSFwm2/111,Se,1,Sx,2,cd,FALSE
8520,ESSFwm3,ESSFwm3/101,Bl,1,Bl,1,cd,FALSE
8521,ESSFwm3,ESSFwm3/102,Bl,2,Bl,2,cd,FALSE
8522,ESSFwm3,ESSFwm3/103,Bl,1,Bl,1,cd,FALSE
8523,ESSFwm3,ESSFwm3/104,Bl,1,Bl,1,cd,FALSE
8524,ESSFwm3,ESSFwm3/105,Bl,1,Bl,1,cd,FALSE
8525,ESSFwm3,ESSFwm3/110,Bl,1,Bl,1,cd,FALSE
8526,ESSFwm3,ESSFwm3/111,Bl,1,Bl,2,cd,FALSE
8527,ESSFwm3,ESSFwm3/112,Bl,2,Bl,2,cd,FALSE
8528,ESSFwm3,ESSFwm3/112a,Bl,2,Bl,2,cd,FALSE
8529,ESSFwm3,ESSFwm3/112b,Bl,3,Bl,3,cd,FALSE
8530,ESSFwm3,ESSFwm3/101,Hw,4,Hw,4,cd,FALSE
8531,ESSFwm3,ESSFwm3/104,Hw,3,Hw,4,cd,FALSE
8532,ESSFwm3,ESSFwm3/102,La,3,La,2,cd,FALSE
8533,ESSFwm3,ESSFwm3/104,Pa,3,Pa,4,cd,FALSE
8534,ESSFwm3,ESSFwm3/102,Pa,2,Pa,2,cd,FALSE
8535,ESSFwm3,ESSFwm3/103,Pa,2,Pa,2,cd,FALSE
8536,ESSFwm3,ESSFwm3/101,Pli,3,Pl,4,cd,FALSE
8537,ESSFwm3,ESSFwm3/102,Pli,2,Pl,2,cd,FALSE
8538,ESSFwm3,ESSFwm3/103,Pli,2,Pl,2,cd,FALSE
8539,ESSFwm3,ESSFwm3/104,Pli,3,Pl,4,cd,FALSE
8540,ESSFwm3,ESSFwm3/105,Pli,2,Pl,4,cd,FALSE
8541,ESSFwm3,ESSFwm3/101,Se,2,Sx,1,cd,FALSE
8542,ESSFwm3,ESSFwm3/102,Se,3,Sx,2,cd,FALSE
8543,ESSFwm3,ESSFwm3/103,Se,2,Sx,1,cd,FALSE
8544,ESSFwm3,ESSFwm3/104,Se,2,Sx,1,cd,FALSE
8545,ESSFwm3,ESSFwm3/105,Se,1,Sx,1,cd,FALSE
8546,ESSFwm3,ESSFwm3/110,Se,1,Sx,1,cd,FALSE
8547,ESSFwm3,ESSFwm3/111,Se,1,Sx,1,cd,FALSE
8548,ESSFwm3,ESSFwm3/112,Se,2,Sx,2,cd,FALSE
8549,ESSFwm3,ESSFwm3/112a,Se,2,Sx,2,cd,FALSE
8550,ESSFwm3,ESSFwm3/112b,Se,3,Sx,3,cd,FALSE
8551,ESSFwm4,ESSFwm4/110,At,3,At,3,cd,FALSE
8552,ESSFwm4,ESSFwm4/101,Bl,1,Bl,1,cd,FALSE
8553,ESSFwm4,ESSFwm4/102,Bl,2,Bl,2,cd,FALSE
8554,ESSFwm4,ESSFwm4/102a,Bl,3,Bl,4,cd,FALSE
8555,ESSFwm4,ESSFwm4/102b,Bl,2,Bl,2,cd,FALSE
8556,ESSFwm4,ESSFwm4/103,Bl,1,Bl,1,cd,FALSE
8557,ESSFwm4,ESSFwm4/110,Bl,1,Bl,1,cd,FALSE
8558,ESSFwm4,ESSFwm4/111,Bl,2,Bl,2,cd,FALSE
8559,ESSFwm4,ESSFwm4/101,Cw,3,Cw,2,cd,FALSE
8560,ESSFwm4,ESSFwm4/110,Cw,3,Cw,2,cd,FALSE
8561,ESSFwm4,ESSFwm4/101,Fdi,3,Fd,2,cd,FALSE
8562,ESSFwm4,ESSFwm4/102,Fdi,3,Fd,2,cd,FALSE
8563,ESSFwm4,ESSFwm4/102a,Fdi,3,Fd,2,cd,FALSE
8564,ESSFwm4,ESSFwm4/102b,Fdi,3,Fd,2,cd,FALSE
8565,ESSFwm4,ESSFwm4/103,Fdi,3,Fd,2,cd,FALSE
8566,ESSFwm4,ESSFwm4/101,Hw,3,Hw,2,cd,FALSE
8567,ESSFwm4,ESSFwm4/103,Hw,3,Hw,2,cd,FALSE
8568,ESSFwm4,ESSFwm4/110,Hw,3,Hw,2,cd,FALSE
8569,ESSFwm4,ESSFwm4/102,La,3,La,2,cd,FALSE
8570,ESSFwm4,ESSFwm4/102a,La,3,La,2,cd,FALSE
8571,ESSFwm4,ESSFwm4/102b,La,3,La,2,cd,FALSE
8572,ESSFwm4,ESSFwm4/101,Lw,3,Lw,5,cd,FALSE
8573,ESSFwm4,ESSFwm4/102,Lw,3,Lw,5,cd,FALSE
8574,ESSFwm4,ESSFwm4/102a,Lw,3,Lw,5,cd,FALSE
8575,ESSFwm4,ESSFwm4/102b,Lw,3,Lw,5,cd,FALSE
8576,ESSFwm4,ESSFwm4/103,Lw,3,Lw,5,cd,FALSE
8577,ESSFwm4,ESSFwm4/102,Pa,3,Pa,2,cd,FALSE
8578,ESSFwm4,ESSFwm4/102a,Pa,2,Pa,2,cd,FALSE
8579,ESSFwm4,ESSFwm4/102b,Pa,3,Pa,2,cd,FALSE
8580,ESSFwm4,ESSFwm4/101,Pli,2,Pl,4,cd,FALSE
8581,ESSFwm4,ESSFwm4/102,Pli,2,Pl,2,cd,FALSE
8582,ESSFwm4,ESSFwm4/102a,Pli,3,Pl,2,cd,FALSE
8583,ESSFwm4,ESSFwm4/102b,Pli,2,Pl,2,cd,FALSE
8584,ESSFwm4,ESSFwm4/103,Pli,2,Pl,2,cd,FALSE
8585,ESSFwm4,ESSFwm4/101,Se,1,Sx,1,cd,FALSE
8586,ESSFwm4,ESSFwm4/102,Se,3,Sx,2,cd,FALSE
8587,ESSFwm4,ESSFwm4/102a,Se,3,Sx,2,cd,FALSE
8588,ESSFwm4,ESSFwm4/102b,Se,3,Sx,2,cd,FALSE
8589,ESSFwm4,ESSFwm4/103,Se,1,Sx,1,cd,FALSE
8590,ESSFwm4,ESSFwm4/110,Se,1,Sx,1,cd,FALSE
8591,ESSFwm4,ESSFwm4/111,Se,1,Sx,1,cd,FALSE
8592,ESSFwmp,ESSFwmp/00,Bl,3,Bl,3,cd,FALSE
8593,ESSFwmw,ESSFwmw/101,Bl,1,Bl,2,cd,FALSE
8594,ESSFwmw,ESSFwmw/102,Bl,3,Bl,3,cd,FALSE
8595,ESSFwmw,ESSFwmw/103,Bl,1,Bl,2,cd,FALSE
8596,ESSFwmw,ESSFwmw/110,Bl,2,Bl,2,cd,FALSE
8597,ESSFwmw,ESSFwmw/101,La,3,La,3,cd,FALSE
8598,ESSFwmw,ESSFwmw/102,La,2,La,2,cd,FALSE
8599,ESSFwmw,ESSFwmw/103,La,2,La,2,cd,FALSE
8600,ESSFwmw,ESSFwmw/102,Pa,2,Pa,2,cd,FALSE
8601,ESSFwmw,ESSFwmw/103,Pa,3,Pa,3,cd,FALSE
8602,ESSFwmw,ESSFwmw/102,Pli,5,Pl,5,cd,FALSE
8603,ESSFwmw,ESSFwmw/103,Pli,5,Pl,5,cd,FALSE
8604,ESSFwmw,ESSFwmw/101,Se,2,Sx,2,cd,FALSE
8605,ESSFwmw,ESSFwmw/102,Se,2,Sx,3,cd,FALSE
8606,ESSFwmw,ESSFwmw/103,Se,2,Sx,2,cd,FALSE
8607,ESSFwmw,ESSFwmw/110,Se,2,Sx,2,cd,FALSE
8608,ICHdm,ICHdm/111,Fdi,4,Fd,3,cd,FALSE
8609,ICHdm,ICHdm/111,Pli,3,Pl,3,cd,FALSE
8610,ICHdm,ICHdm/110,Tw,3,Tw,3,cd,FALSE
8611,ICHdw1,ICHdw1/103,Bg,3,Bg,3,cd,FALSE
8612,ICHdw1,ICHdw1/102,Cw,5,Cw,5,cd,FALSE
8613,ICHdw1,ICHdw1/111,Tw,3,Tw,3,cd,FALSE
8614,ICHdw1,ICHdw1/104,Tw,3,Tw,2,cd,FALSE
8615,ICHdw4,ICHdw4/110,Fdi,2,Fd,3,cd,TRUE
8616,ICHdw4,ICHdw4/102,Lw,3,Lw,2,cd,TRUE
8617,ICHdw4,ICHdw4/104,Tw,3,Tw,3,cd,FALSE
8618,ICHmk1,ICHmk1/101,Act,3,Ac,3,cd,FALSE
8619,ICHmk1,ICHmk1/110,Act,2,Ac,1,cd,FALSE
8620,ICHmk1,ICHmk1/111,Act,2,Ac,1,cd,FALSE
8621,ICHmk1,ICHmk1/112,Act,2,Ac,1,cd,FALSE
8622,ICHmk1,ICHmk1/101,At,2,At,1,cd,FALSE
8623,ICHmk1,ICHmk1/103,At,3,At,2,cd,FALSE
8624,ICHmk1,ICHmk1/104,At,2,At,1,cd,FALSE
8625,ICHmk1,ICHmk1/105,At,2,At,1,cd,FALSE
8626,ICHmk1,ICHmk1/110,At,2,At,2,cd,FALSE
8627,ICHmk1,ICHmk1/111,At,2,At,2,cd,FALSE
8628,ICHmk1,ICHmk1/112,At,3,At,3,cd,FALSE
8629,ICHmk1,ICHmk1/101,Bl,2,Bl,1,cd,FALSE
8630,ICHmk1,ICHmk1/102,Bl,3,Bl,3,cd,FALSE
8631,ICHmk1,ICHmk1/103,Bl,3,Bl,3,cd,FALSE
8632,ICHmk1,ICHmk1/104,Bl,2,Bl,2,cd,FALSE
8633,ICHmk1,ICHmk1/105,Bl,3,Bl,2,cd,FALSE
8634,ICHmk1,ICHmk1/110,Bl,2,Bl,1,cd,FALSE
8635,ICHmk1,ICHmk1/111,Bl,2,Bl,1,cd,FALSE
8636,ICHmk1,ICHmk1/112,Bl,2,Bl,1,cd,FALSE
8637,ICHmk1,ICHmk1/101,Cw,1,Cw,1,cd,FALSE
8638,ICHmk1,ICHmk1/103,Cw,3,Cw,3,cd,FALSE
8639,ICHmk1,ICHmk1/104,Cw,3,Cw,3,cd,FALSE
8640,ICHmk1,ICHmk1/105,Cw,2,Cw,3,cd,FALSE
8641,ICHmk1,ICHmk1/110,Cw,1,Cw,1,cd,FALSE
8642,ICHmk1,ICHmk1/111,Cw,1,Cw,1,cd,FALSE
8643,ICHmk1,ICHmk1/112,Cw,2,Cw,2,cd,FALSE
8644,ICHmk1,ICHmk1/101,Ep,2,Ep,1,cd,FALSE
8645,ICHmk1,ICHmk1/103,Ep,3,Ep,3,cd,FALSE
8646,ICHmk1,ICHmk1/104,Ep,2,Ep,2,cd,FALSE
8647,ICHmk1,ICHmk1/105,Ep,2,Ep,2,cd,FALSE
8648,ICHmk1,ICHmk1/110,Ep,3,Ep,3,cd,FALSE
8649,ICHmk1,ICHmk1/111,Ep,2,Ep,3,cd,FALSE
8650,ICHmk1,ICHmk1/112,Ep,3,Ep,3,cd,FALSE
8651,ICHmk1,ICHmk1/101,Fdi,1,Fd,1,cd,FALSE
8652,ICHmk1,ICHmk1/102,Fdi,1,Fd,1,cd,FALSE
8653,ICHmk1,ICHmk1/103,Fdi,1,Fd,1,cd,FALSE
8654,ICHmk1,ICHmk1/104,Fdi,2,Fd,2,cd,FALSE
8655,ICHmk1,ICHmk1/105,Fdi,1,Fd,1,cd,FALSE
8656,ICHmk1,ICHmk1/110,Fdi,1,Fd,2,cd,FALSE
8657,ICHmk1,ICHmk1/111,Fdi,2,Fd,2,cd,FALSE
8658,ICHmk1,ICHmk1/112,Fdi,5,Fd,5,cd,FALSE
8659,ICHmk1,ICHmk1/101,Lw,1,Lw,1,cd,FALSE
8660,ICHmk1,ICHmk1/103,Lw,2,Lw,2,cd,FALSE
8661,ICHmk1,ICHmk1/104,Lw,2,Lw,1,cd,FALSE
8662,ICHmk1,ICHmk1/105,Lw,1,Lw,1,cd,FALSE
8663,ICHmk1,ICHmk1/110,Lw,2,Lw,1,cd,FALSE
8664,ICHmk1,ICHmk1/111,Lw,2,Lw,2,cd,FALSE
8665,ICHmk1,ICHmk1/112,Lw,5,Lw,5,cd,FALSE
8666,ICHmk1,ICHmk1/101,Pli,2,Pl,1,cd,FALSE
8667,ICHmk1,ICHmk1/102,Pli,2,Pl,2,cd,FALSE
8668,ICHmk1,ICHmk1/103,Pli,2,Pl,1,cd,FALSE
8669,ICHmk1,ICHmk1/104,Pli,1,Pl,1,cd,FALSE
8670,ICHmk1,ICHmk1/105,Pli,1,Pl,1,cd,FALSE
8671,ICHmk1,ICHmk1/110,Pli,2,Pl,2,cd,FALSE
8672,ICHmk1,ICHmk1/111,Pli,2,Pl,2,cd,FALSE
8673,ICHmk1,ICHmk1/112,Pli,3,Pl,5,cd,FALSE
8674,ICHmk1,ICHmk1/101,Pyi,4,Py,4,cd,FALSE
8675,ICHmk1,ICHmk1/102,Pyi,3,Py,2,cd,FALSE
8676,ICHmk1,ICHmk1/103,Pyi,4,Py,2,cd,FALSE
8677,ICHmk1,ICHmk1/104,Pyi,4,Py,4,cd,FALSE
8678,ICHmk1,ICHmk1/101,Sxw,1,Sx,1,cd,FALSE
8679,ICHmk1,ICHmk1/102,Sxw,3,Sx,3,cd,FALSE
8680,ICHmk1,ICHmk1/103,Sxw,3,Sx,3,cd,FALSE
8681,ICHmk1,ICHmk1/104,Sxw,2,Sx,2,cd,FALSE
8682,ICHmk1,ICHmk1/105,Sxw,2,Sx,2,cd,FALSE
8683,ICHmk1,ICHmk1/110,Sxw,1,Sx,1,cd,FALSE
8684,ICHmk1,ICHmk1/111,Sxw,1,Sx,1,cd,FALSE
8685,ICHmk1,ICHmk1/112,Sxw,1,Sx,2,cd,FALSE
8686,ICHmk1,ICHmk1/112,Tw,3,Tw,3,cd,FALSE
8687,ICHmw1,ICHmw1/05,Act,2,Ac,2,cd,FALSE
8688,ICHmw1,ICHmw1/06,Act,2,Ac,1,cd,FALSE
8689,ICHmw1,ICHmw1/07,Act,2,Ac,1,cd,FALSE
8690,ICHmw1,ICHmw1/01,At,2,At,1,cd,FALSE
8691,ICHmw1,ICHmw1/02,At,3,At,2,cd,FALSE
8692,ICHmw1,ICHmw1/03,At,3,At,2,cd,FALSE
8693,ICHmw1,ICHmw1/04,At,3,At,1,cd,FALSE
8694,ICHmw1,ICHmw1/05,At,3,At,2,cd,FALSE
8695,ICHmw1,ICHmw1/06,At,3,At,3,cd,FALSE
8696,ICHmw1,ICHmw1/07,At,3,At,3,cd,FALSE
8697,ICHmw1,ICHmw1/01,Bl,3,Bl,1,cd,FALSE
8698,ICHmw1,ICHmw1/02,Bl,3,Bl,2,cd,FALSE
8699,ICHmw1,ICHmw1/03,Bl,2,Bl,2,cd,FALSE
8700,ICHmw1,ICHmw1/04,Bl,3,Bl,2,cd,FALSE
8701,ICHmw1,ICHmw1/05,Bl,2,Bl,1,cd,FALSE
8702,ICHmw1,ICHmw1/06,Bl,1,Bl,1,cd,FALSE
8703,ICHmw1,ICHmw1/07,Bl,2,Bl,1,cd,FALSE
8704,ICHmw1,ICHmw1/01,Cw,2,Cw,1,cd,FALSE
8705,ICHmw1,ICHmw1/02,Cw,3,Cw,2,cd,FALSE
8706,ICHmw1,ICHmw1/03,Cw,3,Cw,2,cd,FALSE
8707,ICHmw1,ICHmw1/04,Cw,3,Cw,2,cd,FALSE
8708,ICHmw1,ICHmw1/05,Cw,1,Cw,1,cd,FALSE
8709,ICHmw1,ICHmw1/06,Cw,1,Cw,1,cd,FALSE
8710,ICHmw1,ICHmw1/07,Cw,1,Cw,1,cd,FALSE
8711,ICHmw1,ICHmw1/01,Ep,2,Ep,1,cd,FALSE
8712,ICHmw1,ICHmw1/02,Ep,3,Ep,2,cd,FALSE
8713,ICHmw1,ICHmw1/03,Ep,3,Ep,2,cd,FALSE
8714,ICHmw1,ICHmw1/04,Ep,2,Ep,2,cd,FALSE
8715,ICHmw1,ICHmw1/05,Ep,2,Ep,1,cd,FALSE
8716,ICHmw1,ICHmw1/06,Ep,2,Ep,2,cd,FALSE
8717,ICHmw1,ICHmw1/07,Ep,2,Ep,3,cd,FALSE
8718,ICHmw1,ICHmw1/01,Fdi,1,Fd,1,cd,FALSE
8719,ICHmw1,ICHmw1/02,Fdi,1,Fd,1,cd,FALSE
8720,ICHmw1,ICHmw1/03,Fdi,1,Fd,1,cd,FALSE
8721,ICHmw1,ICHmw1/04,Fdi,1,Fd,1,cd,FALSE
8722,ICHmw1,ICHmw1/05,Fdi,1,Fd,1,cd,FALSE
8723,ICHmw1,ICHmw1/06,Fdi,2,Fd,2,cd,FALSE
8724,ICHmw1,ICHmw1/07,Fdi,2,Fd,3,cd,FALSE
8725,ICHmw1,ICHmw1/01,Hw,3,Hw,1,cd,FALSE
8726,ICHmw1,ICHmw1/02,Hw,3,Hw,2,cd,FALSE
8727,ICHmw1,ICHmw1/03,Hw,3,Hw,2,cd,FALSE
8728,ICHmw1,ICHmw1/04,Hw,3,Hw,2,cd,FALSE
8729,ICHmw1,ICHmw1/05,Hw,1,Hw,1,cd,FALSE
8730,ICHmw1,ICHmw1/06,Hw,1,Hw,1,cd,FALSE
8731,ICHmw1,ICHmw1/07,Hw,1,Hw,3,cd,FALSE
8732,ICHmw1,ICHmw1/01,Lw,3,Lw,5,cd,TRUE
8733,ICHmw1,ICHmw1/02,Lw,3,Lw,5,cd,TRUE
8734,ICHmw1,ICHmw1/03,Lw,3,Lw,5,cd,TRUE
8735,ICHmw1,ICHmw1/04,Lw,3,Lw,5,cd,TRUE
8736,ICHmw1,ICHmw1/06,Lw,3,Lw,5,cd,TRUE
8737,ICHmw1,ICHmw1/04,Pa,3,Pa,3,cd,FALSE
8738,ICHmw1,ICHmw1/01,Pli,1,Pl,1,cd,FALSE
8739,ICHmw1,ICHmw1/02,Pli,2,Pl,2,cd,FALSE
8740,ICHmw1,ICHmw1/03,Pli,1,Pl,1,cd,FALSE
8741,ICHmw1,ICHmw1/04,Pli,1,Pl,1,cd,FALSE
8742,ICHmw1,ICHmw1/05,Pli,2,Pl,2,cd,FALSE
8743,ICHmw1,ICHmw1/06,Pli,2,Pl,3,cd,FALSE
8744,ICHmw1,ICHmw1/07,Pli,2,Pl,3,cd,FALSE
8745,ICHmw1,ICHmw1/01,Pw,2,Pw,1,cd,FALSE
8746,ICHmw1,ICHmw1/02,Pw,2,Pw,3,cd,FALSE
8747,ICHmw1,ICHmw1/03,Pw,2,Pw,3,cd,FALSE
8748,ICHmw1,ICHmw1/04,Pw,2,Pw,2,cd,FALSE
8749,ICHmw1,ICHmw1/05,Pw,2,Pw,1,cd,FALSE
8750,ICHmw1,ICHmw1/06,Pw,2,Pw,1,cd,FALSE
8751,ICHmw1,ICHmw1/01,Sxw,2,Sx,1,cd,FALSE
8752,ICHmw1,ICHmw1/02,Sxw,3,Sx,2,cd,FALSE
8753,ICHmw1,ICHmw1/03,Sxw,2,Sx,1,cd,FALSE
8754,ICHmw1,ICHmw1/04,Sxw,3,Sx,2,cd,FALSE
8755,ICHmw1,ICHmw1/05,Sxw,1,Sx,1,cd,FALSE
8756,ICHmw1,ICHmw1/06,Sxw,1,Sx,1,cd,FALSE
8757,ICHmw1,ICHmw1/07,Sxw,1,Sx,1,cd,FALSE
8758,ICHmw2,ICHmw2/101,Act,3,Ac,3,cd,FALSE
8759,ICHmw2,ICHmw2/111,Fdi,5,Fd,5,cd,FALSE
8760,ICHmw2,ICHmw2/111,Lw,5,Lw,5,cd,FALSE
8761,ICHmw2,ICHmw2/101,Pli,3,Pl,2,cd,FALSE
8762,ICHmw2,ICHmw2/111,Pw,5,Pw,4,cd,FALSE
8763,ICHmw2,ICHmw2/103,Sx,4,Sx,3,cd,FALSE
8764,ICHmw2,ICHmw2/110,Tw,3,Tw,3,cd,FALSE
8765,ICHmw2,ICHmw2/101,Tw,3,Tw,3,cd,FALSE
8766,ICHmw3,ICHmw3/01,Ac,3,Ac,3,cd,FALSE
8767,ICHmw3,ICHmw3/09,Pli,4,Pl,3,cd,FALSE
8768,ICHmw3,ICHmw3/03,Pw,3,Pw,2,cd,FALSE
8769,ICHmw4,ICHmw4/103,Bg,3,Bg,3,cd,FALSE
8770,ICHmw4,ICHmw4/102,Cw,3,Cw,2,cd,FALSE
8771,ICHmw4,ICHmw4/112,Pw,5,Pw,5,cd,FALSE
8772,ICHmw4,ICHmw4/103,Sx,3,Sx,3,cd,FALSE
8773,ICHmw5,ICHmw5/101,Pa,3,Pa,4,cd,FALSE
8774,ICHmw5,ICHmw5/103,Tw,4,Tw,3,cd,FALSE
8775,ICHxw,ICHxw/101,Tw,3,Tw,3,cd,FALSE
8776,ICHxwa,ICHxwa/110,Act,3,Ac,2,cd,FALSE
8777,ICHxwa,ICHxwa/111,Act,2,Ac,1,cd,FALSE
8778,ICHxwa,ICHxwa/112,Act,2,Ac,1,cd,FALSE
8779,ICHxwa,ICHxwa/113,Act,2,Ac,4,cd,FALSE
8780,ICHxwa,ICHxwa/101,At,2,At,2,cd,FALSE
8781,ICHxwa,ICHxwa/102,At,3,At,2,cd,FALSE
8782,ICHxwa,ICHxwa/103,At,3,At,2,cd,FALSE
8783,ICHxwa,ICHxwa/104,At,3,At,2,cd,FALSE
8784,ICHxwa,ICHxwa/110,At,2,At,2,cd,FALSE
8785,ICHxwa,ICHxwa/111,At,3,At,3,cd,FALSE
8786,ICHxwa,ICHxwa/112,At,3,At,4,cd,FALSE
8787,ICHxwa,ICHxwa/113,At,3,At,5,cd,FALSE
8788,ICHxwa,ICHxwa/101,Bg,2,Bg,2,cd,FALSE
8789,ICHxwa,ICHxwa/104,Bg,3,Bg,2,cd,FALSE
8790,ICHxwa,ICHxwa/110,Bg,2,Bg,2,cd,FALSE
8791,ICHxwa,ICHxwa/111,Bg,2,Bg,3,cd,FALSE
8792,ICHxwa,ICHxwa/101,Cw,2,Cw,1,cd,FALSE
8793,ICHxwa,ICHxwa/104,Cw,3,Cw,2,cd,FALSE
8794,ICHxwa,ICHxwa/110,Cw,1,Cw,1,cd,FALSE
8795,ICHxwa,ICHxwa/111,Cw,1,Cw,1,cd,FALSE
8796,ICHxwa,ICHxwa/112,Cw,1,Cw,1,cd,FALSE
8797,ICHxwa,ICHxwa/113,Cw,1,Cw,1,cd,FALSE
8798,ICHxwa,ICHxwa/101,Ep,2,Ep,1,cd,FALSE
8799,ICHxwa,ICHxwa/102,Ep,3,Ep,3,cd,FALSE
8800,ICHxwa,ICHxwa/103,Ep,3,Ep,3,cd,FALSE
8801,ICHxwa,ICHxwa/104,Ep,3,Ep,2,cd,FALSE
8802,ICHxwa,ICHxwa/110,Ep,2,Ep,2,cd,FALSE
8803,ICHxwa,ICHxwa/111,Ep,2,Ep,3,cd,FALSE
8804,ICHxwa,ICHxwa/113,Ep,3,Ep,5,cd,FALSE
8805,ICHxwa,ICHxwa/101,Fdi,1,Fd,1,cd,FALSE
8806,ICHxwa,ICHxwa/102,Fdi,3,Fd,1,cd,FALSE
8807,ICHxwa,ICHxwa/103,Fdi,1,Fd,1,cd,FALSE
8808,ICHxwa,ICHxwa/104,Fdi,1,Fd,1,cd,FALSE
8809,ICHxwa,ICHxwa/110,Fdi,1,Fd,2,cd,FALSE
8810,ICHxwa,ICHxwa/111,Fdi,1,Fd,2,cd,FALSE
8811,ICHxwa,ICHxwa/101,Hw,3,Hw,2,cd,FALSE
8812,ICHxwa,ICHxwa/110,Hw,2,Hw,1,cd,FALSE
8813,ICHxwa,ICHxwa/111,Hw,2,Hw,1,cd,FALSE
8814,ICHxwa,ICHxwa/112,Hw,1,Hw,1,cd,FALSE
8815,ICHxwa,ICHxwa/113,Hw,1,Hw,1,cd,FALSE
8816,ICHxwa,ICHxwa/101,Lw,2,Lw,1,cd,FALSE
8817,ICHxwa,ICHxwa/103,Lw,3,Lw,3,cd,FALSE
8818,ICHxwa,ICHxwa/104,Lw,2,Lw,3,cd,FALSE
8819,ICHxwa,ICHxwa/110,Lw,1,Lw,1,cd,FALSE
8820,ICHxwa,ICHxwa/111,Lw,1,Lw,1,cd,FALSE
8821,ICHxwa,ICHxwa/101,Pli,3,Pl,2,cd,FALSE
8822,ICHxwa,ICHxwa/104,Pli,3,Pl,2,cd,FALSE
8823,ICHxwa,ICHxwa/101,Pw,2,Pw,2,cd,FALSE
8824,ICHxwa,ICHxwa/104,Pw,3,Pw,2,cd,FALSE
8825,ICHxwa,ICHxwa/110,Pw,2,Pw,1,cd,FALSE
8826,ICHxwa,ICHxwa/111,Pw,2,Pw,1,cd,FALSE
8827,ICHxwa,ICHxwa/112,Pw,2,Pw,3,cd,FALSE
8828,ICHxwa,ICHxwa/113,Pw,2,Pw,3,cd,FALSE
8829,ICHxwa,ICHxwa/101,Pyi,3,Py,2,cd,FALSE
8830,ICHxwa,ICHxwa/102,Pyi,2,Py,2,cd,FALSE
8831,ICHxwa,ICHxwa/103,Pyi,1,Py,1,cd,FALSE
8832,ICHxwa,ICHxwa/104,Pyi,2,Py,1,cd,FALSE
8833,ICHxwa,ICHxwa/110,Sxw,3,Sx,2,cd,FALSE
8834,ICHxwa,ICHxwa/111,Sxw,3,Sx,2,cd,FALSE
8835,ICHxwa,ICHxwa/112,Sxw,1,Sx,1,cd,FALSE
8836,ICHxwa,ICHxwa/113,Sxw,1,Sx,1,cd,FALSE
8837,IDFdh,IDFdh/110,At,2,At,2,cd,FALSE
8838,IDFdh,IDFdh/110,Cw,2,Cw,1,cd,FALSE
8839,IDFdh,IDFdh/111,Cw,2,Cw,1,cd,FALSE
8840,IDFdh,IDFdh/101,Ep,3,Ep,3,cd,FALSE
8841,IDFdh,IDFdh/110,Ep,2,Ep,1,cd,FALSE
8842,IDFdh,IDFdh/111,Ep,2,Ep,2,cd,FALSE
8843,IDFdh,IDFdh/101,Fdi,1,Fd,1,cd,FALSE
8844,IDFdh,IDFdh/102,Fdi,2,Fd,2,cd,FALSE
8845,IDFdh,IDFdh/103,Fdi,1,Fd,1,cd,FALSE
8846,IDFdh,IDFdh/104,Fdi,1,Fd,1,cd,FALSE
8847,IDFdh,IDFdh/110,Fdi,1,Fd,1,cd,FALSE
8848,IDFdh,IDFdh/111,Fdi,2,Fd,2,cd,FALSE
8849,IDFdh,IDFdh/101,Lw,1,Lw,1,cd,FALSE
8850,IDFdh,IDFdh/104,Lw,2,Lw,2,cd,FALSE
8851,IDFdh,IDFdh/110,Lw,2,Lw,1,cd,FALSE
8852,IDFdh,IDFdh/111,Lw,2,Lw,3,cd,FALSE
8853,IDFdh,IDFdh/110,Pli,2,Pl,2,cd,FALSE
8854,IDFdh,IDFdh/101,Pyi,2,Py,2,cd,FALSE
8855,IDFdh,IDFdh/102,Pyi,1,Py,1,cd,FALSE
8856,IDFdh,IDFdh/103,Pyi,1,Py,1,cd,FALSE
8857,IDFdh,IDFdh/104,Pyi,1,Py,1,cd,FALSE
8858,IDFdh,IDFdh/110,Pyi,1,Py,2,cd,FALSE
8859,IDFdh,IDFdh/111,Pyi,5,Py,5,cd,FALSE
8860,IDFdh,IDFdh/110,Sxw,2,Sx,1,cd,FALSE
8861,IDFdh,IDFdh/111,Sxw,1,Sx,1,cd,FALSE
8862,IDFdm1,IDFdm1/111,Act,2,Ac,1,cd,FALSE
8863,IDFdm1,IDFdm1/112,Act,2,Ac,1,cd,FALSE
8864,IDFdm1,IDFdm1/101,At,2,At,1,cd,FALSE
8865,IDFdm1,IDFdm1/103,At,3,At,2,cd,FALSE
8866,IDFdm1,IDFdm1/104,At,3,At,1,cd,FALSE
8867,IDFdm1,IDFdm1/110,At,3,At,1,cd,FALSE
8868,IDFdm1,IDFdm1/110.1,At,3,At,1,cd,FALSE
8869,IDFdm1,IDFdm1/110.2,At,3,At,1,cd,FALSE
8870,IDFdm1,IDFdm1/111,At,2,At,2,cd,FALSE
8871,IDFdm1,IDFdm1/112,At,2,At,2,cd,FALSE
8872,IDFdm1,IDFdm1/112,Bl,4,Bl,5,cd,FALSE
8873,IDFdm1,IDFdm1/110,Cw,3,Cw,2,cd,FALSE
8874,IDFdm1,IDFdm1/110.1,Cw,3,Cw,2,cd,FALSE
8875,IDFdm1,IDFdm1/110.2,Cw,3,Cw,2,cd,FALSE
8876,IDFdm1,IDFdm1/101,Ep,3,Ep,3,cd,FALSE
8877,IDFdm1,IDFdm1/110,Ep,2,Ep,1,cd,FALSE
8878,IDFdm1,IDFdm1/110.1,Ep,2,Ep,1,cd,FALSE
8879,IDFdm1,IDFdm1/110.2,Ep,2,Ep,1,cd,FALSE
8880,IDFdm1,IDFdm1/111,Ep,2,Ep,2,cd,FALSE
8881,IDFdm1,IDFdm1/112,Ep,2,Ep,2,cd,FALSE
8882,IDFdm1,IDFdm1/101,Fdi,1,Fd,1,cd,FALSE
8883,IDFdm1,IDFdm1/102,Fdi,2,Fd,1,cd,FALSE
8884,IDFdm1,IDFdm1/103,Fdi,1,Fd,1,cd,FALSE
8885,IDFdm1,IDFdm1/104,Fdi,1,Fd,1,cd,FALSE
8886,IDFdm1,IDFdm1/110,Fdi,1,Fd,1,cd,FALSE
8887,IDFdm1,IDFdm1/110.1,Fdi,1,Fd,1,cd,FALSE
8888,IDFdm1,IDFdm1/110.2,Fdi,1,Fd,1,cd,FALSE
8889,IDFdm1,IDFdm1/111,Fdi,2,Fd,2,cd,FALSE
8890,IDFdm1,IDFdm1/112,Fdi,5,Fd,5,cd,FALSE
8891,IDFdm1,IDFdm1/101,Lw,1,Lw,1,cd,FALSE
8892,IDFdm1,IDFdm1/103,Lw,3,Lw,1,cd,FALSE
8893,IDFdm1,IDFdm1/104,Lw,2,Lw,1,cd,FALSE
8894,IDFdm1,IDFdm1/110,Lw,2,Lw,1,cd,FALSE
8895,IDFdm1,IDFdm1/110.1,Lw,2,Lw,1,cd,FALSE
8896,IDFdm1,IDFdm1/110.2,Lw,2,Lw,1,cd,FALSE
8897,IDFdm1,IDFdm1/111,Lw,2,Lw,2,cd,FALSE
8898,IDFdm1,IDFdm1/112,Lw,5,Lw,5,cd,FALSE
8899,IDFdm1,IDFdm1/101,Pli,2,Pl,1,cd,FALSE
8900,IDFdm1,IDFdm1/102,Pli,3,Pl,2,cd,FALSE
8901,IDFdm1,IDFdm1/103,Pli,3,Pl,1,cd,FALSE
8902,IDFdm1,IDFdm1/104,Pli,2,Pl,1,cd,FALSE
8903,IDFdm1,IDFdm1/110,Pli,2,Pl,2,cd,FALSE
8904,IDFdm1,IDFdm1/110.1,Pli,2,Pl,2,cd,FALSE
8905,IDFdm1,IDFdm1/110.2,Pli,2,Pl,2,cd,FALSE
8906,IDFdm1,IDFdm1/111,Pli,2,Pl,2,cd,FALSE
8907,IDFdm1,IDFdm1/112,Pli,3,Pl,2,cd,FALSE
8908,IDFdm1,IDFdm1/101,Pyi,3,Py,2,cd,FALSE
8909,IDFdm1,IDFdm1/102,Pyi,3,Py,1,cd,FALSE
8910,IDFdm1,IDFdm1/103,Pyi,1,Py,1,cd,FALSE
8911,IDFdm1,IDFdm1/104,Pyi,2,Py,1,cd,FALSE
8912,IDFdm1,IDFdm1/110,Pyi,5,Py,5,cd,FALSE
8913,IDFdm1,IDFdm1/110.1,Pyi,5,Py,5,cd,FALSE
8914,IDFdm1,IDFdm1/110.2,Pyi,5,Py,5,cd,FALSE
8915,IDFdm1,IDFdm1/110,Sxw,1,Sx,1,cd,FALSE
8916,IDFdm1,IDFdm1/110.1,Sxw,1,Sx,1,cd,FALSE
8917,IDFdm1,IDFdm1/110.2,Sxw,1,Sx,1,cd,FALSE
8918,IDFdm1,IDFdm1/111,Sxw,1,Sx,1,cd,FALSE
8919,IDFdm1,IDFdm1/112,Sxw,1,Sx,2,cd,FALSE
8920,IDFdm2,IDFdm2/111,Act,3,Ac,1,cd,FALSE
8921,IDFdm2,IDFdm2/112,Act,2,Ac,1,cd,FALSE
8922,IDFdm2,IDFdm2/112a,Act,2,Ac,1,cd,FALSE
8923,IDFdm2,IDFdm2/112b,Act,2,Ac,1,cd,FALSE
8924,IDFdm2,IDFdm2/101,At,3,At,1,cd,FALSE
8925,IDFdm2,IDFdm2/102,At,5,At,2,cd,FALSE
8926,IDFdm2,IDFdm2/103,At,5,At,1,cd,FALSE
8927,IDFdm2,IDFdm2/104,At,5,At,1,cd,FALSE
8928,IDFdm2,IDFdm2/110,At,2,At,2,cd,FALSE
8929,IDFdm2,IDFdm2/111,At,2,At,2,cd,FALSE
8930,IDFdm2,IDFdm2/112,At,2,At,2,cd,FALSE
8931,IDFdm2,IDFdm2/112a,At,2,At,2,cd,FALSE
8932,IDFdm2,IDFdm2/112b,At,2,At,2,cd,FALSE
8933,IDFdm2,IDFdm2/101,Ep,2,Ep,2,cd,FALSE
8934,IDFdm2,IDFdm2/103,Ep,5,Ep,5,cd,FALSE
8935,IDFdm2,IDFdm2/104,Ep,5,Ep,5,cd,FALSE
8936,IDFdm2,IDFdm2/110,Ep,3,Ep,1,cd,FALSE
8937,IDFdm2,IDFdm2/111,Ep,2,Ep,2,cd,FALSE
8938,IDFdm2,IDFdm2/112,Ep,3,Ep,3,cd,FALSE
8939,IDFdm2,IDFdm2/112a,Ep,3,Ep,3,cd,FALSE
8940,IDFdm2,IDFdm2/112b,Ep,3,Ep,3,cd,FALSE
8941,IDFdm2,IDFdm2/101,Fdi,1,Fd,1,cd,FALSE
8942,IDFdm2,IDFdm2/102,Fdi,2,Fd,1,cd,FALSE
8943,IDFdm2,IDFdm2/103,Fdi,1,Fd,1,cd,FALSE
8944,IDFdm2,IDFdm2/104,Fdi,1,Fd,1,cd,FALSE
8945,IDFdm2,IDFdm2/110,Fdi,2,Fd,2,cd,FALSE
8946,IDFdm2,IDFdm2/111,Fdi,2,Fd,3,cd,FALSE
8947,IDFdm2,IDFdm2/101,Lw,2,Lw,1,cd,FALSE
8948,IDFdm2,IDFdm2/103,Lw,3,Lw,1,cd,FALSE
8949,IDFdm2,IDFdm2/104,Lw,2,Lw,1,cd,FALSE
8950,IDFdm2,IDFdm2/110,Lw,2,Lw,2,cd,FALSE
8951,IDFdm2,IDFdm2/111,Lw,2,Lw,3,cd,FALSE
8952,IDFdm2,IDFdm2/101,Pli,2,Pl,1,cd,FALSE
8953,IDFdm2,IDFdm2/104,Pli,3,Pl,1,cd,FALSE
8954,IDFdm2,IDFdm2/110,Pli,3,Pl,2,cd,FALSE
8955,IDFdm2,IDFdm2/111,Pli,3,Pl,2,cd,FALSE
8956,IDFdm2,IDFdm2/101,Pyi,3,Py,2,cd,FALSE
8957,IDFdm2,IDFdm2/102,Pyi,2,Py,1,cd,FALSE
8958,IDFdm2,IDFdm2/103,Pyi,2,Py,1,cd,FALSE
8959,IDFdm2,IDFdm2/104,Pyi,2,Py,1,cd,FALSE
8960,IDFdm2,IDFdm2/103,Sx,2,Sx,5,cd,FALSE
8961,IDFdm2,IDFdm2/110,Sxw,2,Sx,1,cd,FALSE
8962,IDFdm2,IDFdm2/111,Sxw,1,Sx,1,cd,FALSE
8963,IDFdm2,IDFdm2/112,Sxw,2,Sx,1,cd,FALSE
8964,IDFdm2,IDFdm2/112a,Sxw,2,Sx,1,cd,FALSE
8965,IDFdm2,IDFdm2/112b,Sxw,2,Sx,1,cd,FALSE
8966,MSdk,MSdk/101,Act,3,Ac,3,cd,FALSE
8967,MSdk,MSdk/110,Act,2,Ac,1,cd,FALSE
8968,MSdk,MSdk/111,Act,2,Ac,1,cd,FALSE
8969,MSdk,MSdk/111a,Act,2,Ac,1,cd,FALSE
8970,MSdk,MSdk/111b,Act,3,Ac,3,cd,FALSE
8971,MSdk,MSdk/112,Act,3,Ac,2,cd,FALSE
8972,MSdk,MSdk/112a,Act,3,Ac,1,cd,FALSE
8973,MSdk,MSdk/112b,Act,3,Ac,3,cd,FALSE
8974,MSdk,MSdk/101,At,2,At,1,cd,FALSE
8975,MSdk,MSdk/102,At,3,At,1,cd,FALSE
8976,MSdk,MSdk/103,At,3,At,1,cd,FALSE
8977,MSdk,MSdk/104,At,3,At,1,cd,FALSE
8978,MSdk,MSdk/105,At,2,At,1,cd,FALSE
8979,MSdk,MSdk/110,At,2,At,2,cd,FALSE
8980,MSdk,MSdk/111,At,3,At,3,cd,FALSE
8981,MSdk,MSdk/111a,At,3,At,3,cd,FALSE
8982,MSdk,MSdk/111b,At,3,At,5,cd,FALSE
8983,MSdk,MSdk/112,At,3,At,3,cd,FALSE
8984,MSdk,MSdk/112a,At,3,At,3,cd,FALSE
8985,MSdk,MSdk/112b,At,3,At,5,cd,FALSE
8986,MSdk,MSdk/101,Bl,3,Bl,1,cd,FALSE
8987,MSdk,MSdk/103,Bl,3,Bl,3,cd,FALSE
8988,MSdk,MSdk/104,Bl,3,Bl,2,cd,FALSE
8989,MSdk,MSdk/105,Bl,3,Bl,2,cd,FALSE
8990,MSdk,MSdk/110,Bl,2,Bl,1,cd,FALSE
8991,MSdk,MSdk/111,Bl,3,Bl,1,cd,FALSE
8992,MSdk,MSdk/111a,Bl,3,Bl,1,cd,FALSE
8993,MSdk,MSdk/111b,Bl,3,Bl,2,cd,FALSE
8994,MSdk,MSdk/112,Bl,3,Bl,3,cd,FALSE
8995,MSdk,MSdk/112a,Bl,3,Bl,2,cd,FALSE
8996,MSdk,MSdk/112b,Bl,3,Bl,3,cd,FALSE
8997,MSdk,MSdk/103,Cw,3,Cw,3,cd,FALSE
8998,MSdk,MSdk/110,Cw,3,Cw,2,cd,FALSE
8999,MSdk,MSdk/101,Ep,2,Ep,1,cd,FALSE
9000,MSdk,MSdk/102,Ep,3,Ep,3,cd,FALSE
9001,MSdk,MSdk/103,Ep,3,Ep,3,cd,FALSE
9002,MSdk,MSdk/105,Ep,2,Ep,2,cd,FALSE
9003,MSdk,MSdk/110,Ep,2,Ep,1,cd,FALSE
9004,MSdk,MSdk/111,Ep,3,Ep,2,cd,FALSE
9005,MSdk,MSdk/111a,Ep,3,Ep,2,cd,FALSE
9006,MSdk,MSdk/111b,Ep,3,Ep,3,cd,FALSE
9007,MSdk,MSdk/112,Ep,3,Ep,3,cd,FALSE
9008,MSdk,MSdk/112a,Ep,3,Ep,3,cd,FALSE
9009,MSdk,MSdk/112b,Ep,3,Ep,3,cd,FALSE
9010,MSdk,MSdk/111,Fdi,4,Fd,5,cd,FALSE
9011,MSdk,MSdk/101,Fdi,2,Fd,1,cd,FALSE
9012,MSdk,MSdk/102,Fdi,2,Fd,1,cd,FALSE
9013,MSdk,MSdk/103,Fdi,1,Fd,1,cd,FALSE
9014,MSdk,MSdk/105,Fdi,1,Fd,1,cd,FALSE
9015,MSdk,MSdk/110,Fdi,2,Fd,2,cd,FALSE
9016,MSdk,MSdk/101,Hw,3,Hw,2,cd,FALSE
9017,MSdk,MSdk/111,Lw,3,Lw,3,cd,FALSE
9018,MSdk,MSdk/101,Lw,3,Lw,2,cd,FALSE
9019,MSdk,MSdk/103,Lw,3,Lw,2,cd,FALSE
9020,MSdk,MSdk/105,Lw,3,Lw,2,cd,FALSE
9021,MSdk,MSdk/110,Lw,3,Lw,2,cd,FALSE
9022,MSdk,MSdk/102,Pf,3,Pf,2,cd,FALSE
9023,MSdk,MSdk/103,Pf,3,Pf,2,cd,FALSE
9024,MSdk,MSdk/101,Pli,2,Pl,1,cd,FALSE
9025,MSdk,MSdk/102,Pli,3,Pl,2,cd,FALSE
9026,MSdk,MSdk/103,Pli,2,Pl,1,cd,FALSE
9027,MSdk,MSdk/104,Pli,1,Pl,1,cd,FALSE
9028,MSdk,MSdk/105,Pli,1,Pl,1,cd,FALSE
9029,MSdk,MSdk/110,Pli,2,Pl,2,cd,FALSE
9030,MSdk,MSdk/112,Pli,3,Pl,2,cd,FALSE
9031,MSdk,MSdk/112a,Pli,3,Pl,2,cd,FALSE
9032,MSdk,MSdk/112b,Pli,3,Pl,2,cd,FALSE
9033,MSdk,MSdk/102,Pyi,4,Py,5,cd,FALSE
9034,MSdk,MSdk/103,Pyi,4,Py,5,cd,FALSE
9035,MSdk,MSdk/102,Sx,3,Sx,3,cd,FALSE
9036,MSdk,MSdk/101,Sxw,1,Sx,1,cd,FALSE
9037,MSdk,MSdk/103,Sxw,3,Sx,3,cd,FALSE
9038,MSdk,MSdk/104,Sxw,1,Sx,1,cd,FALSE
9039,MSdk,MSdk/105,Sxw,2,Sx,1,cd,FALSE
9040,MSdk,MSdk/110,Sxw,1,Sx,1,cd,FALSE
9041,MSdk,MSdk/111,Sxw,2,Sx,2,cd,FALSE
9042,MSdk,MSdk/111a,Sxw,1,Sx,1,cd,FALSE
9043,MSdk,MSdk/111b,Sxw,3,Sx,2,cd,FALSE
9044,MSdk,MSdk/112,Sxw,2,Sx,3,cd,FALSE
9045,MSdk,MSdk/112a,Sxw,2,Sx,2,cd,FALSE
9046,MSdk,MSdk/112b,Sxw,2,Sx,3,cd,FALSE
9047,MSdm1,MSdm1/111,Act,2,Ac,1,cd,FALSE
9048,MSdm1,MSdm1/112,Act,2,Ac,1,cd,FALSE
9049,MSdm1,MSdm1/113,Act,2,Ac,2,cd,FALSE
9050,MSdm1,MSdm1/101,At,2,At,1,cd,FALSE
9051,MSdm1,MSdm1/102,At,3,At,2,cd,FALSE
9052,MSdm1,MSdm1/103,At,3,At,1,cd,FALSE
9053,MSdm1,MSdm1/104,At,2,At,1,cd,FALSE
9054,MSdm1,MSdm1/111,At,2,At,2,cd,FALSE
9055,MSdm1,MSdm1/112,At,2,At,2,cd,FALSE
9056,MSdm1,MSdm1/113,At,2,At,3,cd,FALSE
9057,MSdm1,MSdm1/101,Bl,1,Bl,1,cd,FALSE
9058,MSdm1,MSdm1/103,Bl,3,Bl,3,cd,FALSE
9059,MSdm1,MSdm1/104,Bl,2,Bl,3,cd,FALSE
9060,MSdm1,MSdm1/110,Bl,2,Bl,1,cd,FALSE
9061,MSdm1,MSdm1/111,Bl,1,Bl,1,cd,FALSE
9062,MSdm1,MSdm1/112,Bl,1,Bl,1,cd,FALSE
9063,MSdm1,MSdm1/113,Bl,2,Bl,2,cd,FALSE
9064,MSdm1,MSdm1/101,Cw,3,Cw,3,cd,FALSE
9065,MSdm1,MSdm1/111,Cw,2,Cw,2,cd,FALSE
9066,MSdm1,MSdm1/111,Ep,2,Ep,2,cd,FALSE
9067,MSdm1,MSdm1/112,Ep,2,Ep,2,cd,FALSE
9068,MSdm1,MSdm1/113,Ep,2,Ep,3,cd,FALSE
9069,MSdm1,MSdm1/101,Fdi,2,Fd,1,cd,FALSE
9070,MSdm1,MSdm1/102,Fdi,2,Fd,1,cd,FALSE
9071,MSdm1,MSdm1/103,Fdi,1,Fd,1,cd,FALSE
9072,MSdm1,MSdm1/104,Fdi,2,Fd,1,cd,FALSE
9073,MSdm1,MSdm1/110,Fdi,5,Fd,2,cd,FALSE
9074,MSdm1,MSdm1/111,Fdi,3,Fd,2,cd,FALSE
9075,MSdm1,MSdm1/112,Fdi,2,Fd,2,cd,FALSE
9076,MSdm1,MSdm1/113,Fdi,5,Fd,5,cd,FALSE
9077,MSdm1,MSdm1/101,Lw,2,Lw,1,cd,FALSE
9078,MSdm1,MSdm1/102,Lw,2,Lw,1,cd,FALSE
9079,MSdm1,MSdm1/103,Lw,2,Lw,1,cd,FALSE
9080,MSdm1,MSdm1/104,Lw,2,Lw,2,cd,FALSE
9081,MSdm1,MSdm1/110,Lw,3,Lw,3,cd,FALSE
9082,MSdm1,MSdm1/111,Lw,3,Lw,3,cd,FALSE
9083,MSdm1,MSdm1/112,Lw,3,Lw,3,cd,FALSE
9084,MSdm1,MSdm1/113,Lw,5,Lw,5,cd,FALSE
9085,MSdm1,MSdm1/101,Pli,1,Pl,1,cd,FALSE
9086,MSdm1,MSdm1/102,Pli,2,Pl,1,cd,FALSE
9087,MSdm1,MSdm1/103,Pli,2,Pl,1,cd,FALSE
9088,MSdm1,MSdm1/104,Pli,1,Pl,1,cd,FALSE
9089,MSdm1,MSdm1/110,Pli,1,Pl,1,cd,FALSE
9090,MSdm1,MSdm1/111,Pli,1,Pl,2,cd,FALSE
9091,MSdm1,MSdm1/112,Pli,2,Pl,2,cd,FALSE
9092,MSdm1,MSdm1/113,Pli,2,Pl,2,cd,FALSE
9093,MSdm1,MSdm1/102,Pyi,4,Py,5,cd,FALSE
9094,MSdm1,MSdm1/103,Pyi,3,Py,5,cd,FALSE
9095,MSdm1,MSdm1/101,Sxw,1,Sx,1,cd,FALSE
9096,MSdm1,MSdm1/103,Sxw,3,Sx,2,cd,FALSE
9097,MSdm1,MSdm1/104,Sxw,2,Sx,2,cd,FALSE
9098,MSdm1,MSdm1/110,Sxw,2,Sx,1,cd,FALSE
9099,MSdm1,MSdm1/111,Sxw,1,Sx,1,cd,FALSE
9100,MSdm1,MSdm1/112,Sxw,1,Sx,1,cd,FALSE
9101,MSdm1,MSdm1/113,Sxw,1,Sx,2,cd,FALSE
9102,ESSFdk2,ESSFdk2/101,Bl,1,Bl,1,cd,FALSE
9103,ESSFdk2,ESSFdk2/102,Bl,3,Bl,3,cd,FALSE
9104,ESSFdk2,ESSFdk2/103,Bl,2,Bl,2,cd,FALSE
9105,ESSFdk2,ESSFdk2/104,Bl,2,Bl,1,cd,FALSE
9106,ESSFdk2,ESSFdk2/110,Bl,2,Bl,1,cd,FALSE
9107,ESSFdk2,ESSFdk2/111,Bl,2,Bl,1,cd,FALSE
9108,ESSFdk2,ESSFdk2/112,Bl,2,Bl,3,cd,FALSE
9109,ESSFdk2,ESSFdk2/101,Fdi,3,Fd,3,cd,FALSE
9110,ESSFdk2,ESSFdk2/102,Fdi,2,Fd,2,cd,FALSE
9111,ESSFdk2,ESSFdk2/103,Fdi,2,Fd,2,cd,FALSE
9112,ESSFdk2,ESSFdk2/104,Fdi,2,Fd,3,cd,FALSE
9113,ESSFdk2,ESSFdk2/111,Hw,4,Hw,4,cd,FALSE
9114,ESSFdk2,ESSFdk2/101,Lw,3,Lw,5,cd,FALSE
9115,ESSFdk2,ESSFdk2/102,Lw,3,Lw,5,cd,FALSE
9116,ESSFdk2,ESSFdk2/103,Lw,3,Lw,5,cd,FALSE
9117,ESSFdk2,ESSFdk2/104,Lw,3,Lw,5,cd,FALSE
9118,ESSFdk2,ESSFdk2/101,Pa,3,Pa,5,cd,FALSE
9119,ESSFdk2,ESSFdk2/102,Pa,2,Pa,2,cd,FALSE
9120,ESSFdk2,ESSFdk2/103,Pa,2,Pa,3,cd,FALSE
9121,ESSFdk2,ESSFdk2/104,Pa,3,Pa,5,cd,FALSE
9122,ESSFdk2,ESSFdk2/102,Pf,3,Pf,2,cd,FALSE
9123,ESSFdk2,ESSFdk2/103,Pf,3,Pf,3,cd,FALSE
9124,ESSFdk2,ESSFdk2/111,Pli,2,Pl,3,cd,FALSE
9125,ESSFdk2,ESSFdk2/101,Pli,2,Pl,1,cd,FALSE
9126,ESSFdk2,ESSFdk2/102,Pli,2,Pl,2,cd,FALSE
9127,ESSFdk2,ESSFdk2/103,Pli,1,Pl,1,cd,FALSE
9128,ESSFdk2,ESSFdk2/104,Pli,2,Pl,1,cd,FALSE
9129,ESSFdk2,ESSFdk2/112,Pli,3,Pl,3,cd,FALSE
9130,ESSFdk2,ESSFdk2/101,Se,1,Sx,1,cd,FALSE
9131,ESSFdk2,ESSFdk2/102,Se,2,Sx,3,cd,FALSE
9132,ESSFdk2,ESSFdk2/103,Se,2,Sx,2,cd,FALSE
9133,ESSFdk2,ESSFdk2/104,Se,1,Sx,1,cd,FALSE
9134,ESSFdk2,ESSFdk2/110,Se,1,Sx,1,cd,FALSE
9135,ESSFdk2,ESSFdk2/111,Se,1,Sx,1,cd,FALSE
9136,ESSFdk2,ESSFdk2/112,Se,2,Sx,2,cd,FALSE
9137,ESSFdkp,ESSFdkp/00,Bl,3,Bl,3,cd,FALSE
9138,ESSFdkp,ESSFdkp/00,Pli,3,Pl,3,cd,FALSE
9139,ESSFmm3,ESSFmm3/101,Bl,1,Bl,1,cd,FALSE
9140,ESSFmm3,ESSFmm3/102,Bl,3,Bl,3,cd,FALSE
9141,ESSFmm3,ESSFmm3/103,Bl,2,Bl,2,cd,FALSE
9142,ESSFmm3,ESSFmm3/104,Bl,2,Bl,1,cd,FALSE
9143,ESSFmm3,ESSFmm3/110,Bl,2,Bl,1,cd,FALSE
9144,ESSFmm3,ESSFmm3/111,Bl,2,Bl,1,cd,FALSE
9145,ESSFmm3,ESSFmm3/112,Bl,2,Bl,2,cd,FALSE
9146,ESSFmm3,ESSFmm3/102,Fdi,2,Fd,2,cd,FALSE
9147,ESSFmm3,ESSFmm3/103,Fdi,2,Fd,1,cd,FALSE
9148,ESSFmm3,ESSFmm3/103,Hw,3,Hw,4,cd,FALSE
9149,ESSFmm3,ESSFmm3/110,Hw,3,Hw,4,cd,FALSE
9150,ESSFmm3,ESSFmm3/102,Pa,3,Pa,2,cd,FALSE
9151,ESSFmm3,ESSFmm3/103,Pa,3,Pa,3,cd,FALSE
9152,ESSFmm3,ESSFmm3/104,Pa,3,Pa,4,cd,FALSE
9153,ESSFmm3,ESSFmm3/101,Pli,3,Pl,3,cd,FALSE
9154,ESSFmm3,ESSFmm3/102,Pli,2,Pl,2,cd,FALSE
9155,ESSFmm3,ESSFmm3/103,Pli,2,Pl,2,cd,FALSE
9156,ESSFmm3,ESSFmm3/104,Pli,3,Pl,1,cd,FALSE
9157,ESSFmm3,ESSFmm3/101,Sxw,1,Sx,1,cd,FALSE
9158,ESSFmm3,ESSFmm3/102,Sxw,2,Sx,2,cd,FALSE
9159,ESSFmm3,ESSFmm3/103,Sxw,1,Sx,2,cd,FALSE
9160,ESSFmm3,ESSFmm3/104,Sxw,1,Sx,1,cd,FALSE
9161,ESSFmm3,ESSFmm3/110,Sxw,1,Sx,1,cd,FALSE
9162,ESSFmm3,ESSFmm3/111,Sxw,1,Sx,1,cd,FALSE
9163,ESSFmm3,ESSFmm3/112,Sxw,2,Sx,2,cd,FALSE
9164,ESSFwm1,ESSFwm1/110,Bl,1,Bl,1,cd,FALSE
9165,ESSFwm1,ESSFwm1/110,Se,1,Sx,1,cd,FALSE
9166,ICHmk4,ICHmk4/101,Act,3,Ac,3,cd,FALSE
9167,ICHmk4,ICHmk4/110,Act,2,Ac,1,cd,FALSE
9168,ICHmk4,ICHmk4/111,Act,2,Ac,1,cd,FALSE
9169,ICHmk4,ICHmk4/112,Act,2,Ac,1,cd,FALSE
9170,ICHmk4,ICHmk4/101,At,2,At,1,cd,FALSE
9171,ICHmk4,ICHmk4/102,At,3,At,2,cd,FALSE
9172,ICHmk4,ICHmk4/102a,At,3,At,2,cd,FALSE
9173,ICHmk4,ICHmk4/102b,At,3,At,2,cd,FALSE
9174,ICHmk4,ICHmk4/103,At,2,At,1,cd,FALSE
9175,ICHmk4,ICHmk4/110,At,2,At,1,cd,FALSE
9176,ICHmk4,ICHmk4/111,At,3,At,3,cd,FALSE
9177,ICHmk4,ICHmk4/112,At,2,At,3,cd,FALSE
9178,ICHmk4,ICHmk4/101,Bl,2,Bl,2,cd,FALSE
9179,ICHmk4,ICHmk4/103,Bl,3,Bl,3,cd,FALSE
9180,ICHmk4,ICHmk4/110,Bl,2,Bl,2,cd,FALSE
9181,ICHmk4,ICHmk4/111,Bl,2,Bl,2,cd,FALSE
9182,ICHmk4,ICHmk4/112,Bl,2,Bl,3,cd,FALSE
9183,ICHmk4,ICHmk4/101,Cw,1,Cw,1,cd,FALSE
9184,ICHmk4,ICHmk4/110,Cw,1,Cw,1,cd,FALSE
9185,ICHmk4,ICHmk4/111,Cw,1,Cw,1,cd,FALSE
9186,ICHmk4,ICHmk4/112,Cw,2,Cw,2,cd,FALSE
9187,ICHmk4,ICHmk4/101,Ep,2,Ep,1,cd,FALSE
9188,ICHmk4,ICHmk4/102,Ep,3,Ep,3,cd,FALSE
9189,ICHmk4,ICHmk4/102a,Ep,3,Ep,3,cd,FALSE
9190,ICHmk4,ICHmk4/102b,Ep,3,Ep,3,cd,FALSE
9191,ICHmk4,ICHmk4/103,Ep,2,Ep,2,cd,FALSE
9192,ICHmk4,ICHmk4/110,Ep,2,Ep,1,cd,FALSE
9193,ICHmk4,ICHmk4/111,Ep,2,Ep,1,cd,FALSE
9194,ICHmk4,ICHmk4/112,Ep,2,Ep,3,cd,FALSE
9195,ICHmk4,ICHmk4/101,Fdi,2,Fd,1,cd,FALSE
9196,ICHmk4,ICHmk4/102,Fdi,2,Fd,2,cd,FALSE
9197,ICHmk4,ICHmk4/102a,Fdi,2,Fd,2,cd,FALSE
9198,ICHmk4,ICHmk4/102b,Fdi,2,Fd,2,cd,FALSE
9199,ICHmk4,ICHmk4/103,Fdi,1,Fd,1,cd,FALSE
9200,ICHmk4,ICHmk4/110,Fdi,3,Fd,3,cd,FALSE
9201,ICHmk4,ICHmk4/101,Hw,3,Hw,4,cd,FALSE
9202,ICHmk4,ICHmk4/101,Lw,2,Lw,1,cd,FALSE
9203,ICHmk4,ICHmk4/102,Lw,3,Lw,2,cd,FALSE
9204,ICHmk4,ICHmk4/102a,Lw,3,Lw,2,cd,FALSE
9205,ICHmk4,ICHmk4/102b,Lw,3,Lw,2,cd,FALSE
9206,ICHmk4,ICHmk4/103,Lw,2,Lw,1,cd,FALSE
9207,ICHmk4,ICHmk4/110,Lw,3,Lw,3,cd,FALSE
9208,ICHmk4,ICHmk4/110,Pli,3,Pl,3,cd,FALSE
9209,ICHmk4,ICHmk4/101,Pli,3,Pl,1,cd,FALSE
9210,ICHmk4,ICHmk4/102,Pli,3,Pl,2,cd,FALSE
9211,ICHmk4,ICHmk4/102a,Pli,3,Pl,2,cd,FALSE
9212,ICHmk4,ICHmk4/102b,Pli,3,Pl,2,cd,FALSE
9213,ICHmk4,ICHmk4/103,Pli,2,Pl,1,cd,FALSE
9214,ICHmk4,ICHmk4/102,Pyi,4,Py,5,cd,FALSE
9215,ICHmk4,ICHmk4/102a,Pyi,4,Py,5,cd,FALSE
9216,ICHmk4,ICHmk4/102b,Pyi,4,Py,5,cd,FALSE
9217,ICHmk4,ICHmk4/101,Sxw,1,Sx,1,cd,FALSE
9218,ICHmk4,ICHmk4/103,Sxw,2,Sx,2,cd,FALSE
9219,ICHmk4,ICHmk4/110,Sxw,1,Sx,1,cd,FALSE
9220,ICHmk4,ICHmk4/111,Sxw,1,Sx,1,cd,FALSE
9221,ICHmk4,ICHmk4/112,Sxw,1,Sx,2,cd,FALSE
9222,ICHmk4,ICHmk4/101,Tw,3,Tw,3,cd,FALSE
9223,ICHmk5,ICHmk5/101,Act,3,Ac,3,cd,FALSE
9224,ICHmk5,ICHmk5/110,Act,2,Ac,1,cd,FALSE
9225,ICHmk5,ICHmk5/111,Act,2,Ac,1,cd,FALSE
9226,ICHmk5,ICHmk5/112,Act,2,Ac,1,cd,FALSE
9227,ICHmk5,ICHmk5/101,At,2,At,1,cd,FALSE
9228,ICHmk5,ICHmk5/102,At,3,At,2,cd,FALSE
9229,ICHmk5,ICHmk5/103,At,2,At,1,cd,FALSE
9230,ICHmk5,ICHmk5/104,At,2,At,1,cd,FALSE
9231,ICHmk5,ICHmk5/110,At,2,At,1,cd,FALSE
9232,ICHmk5,ICHmk5/111,At,2,At,1,cd,FALSE
9233,ICHmk5,ICHmk5/112,At,3,At,3,cd,FALSE
9234,ICHmk5,ICHmk5/101,Bl,2,Bl,3,cd,FALSE
9235,ICHmk5,ICHmk5/104,Bl,3,Bl,3,cd,FALSE
9236,ICHmk5,ICHmk5/110,Bl,2,Bl,2,cd,FALSE
9237,ICHmk5,ICHmk5/111,Bl,2,Bl,2,cd,FALSE
9238,ICHmk5,ICHmk5/112,Bl,2,Bl,2,cd,FALSE
9239,ICHmk5,ICHmk5/101,Cw,2,Cw,1,cd,FALSE
9240,ICHmk5,ICHmk5/110,Cw,1,Cw,1,cd,FALSE
9241,ICHmk5,ICHmk5/112,Cw,2,Cw,3,cd,FALSE
9242,ICHmk5,ICHmk5/101,Ep,2,Ep,1,cd,FALSE
9243,ICHmk5,ICHmk5/102,Ep,3,Ep,3,cd,FALSE
9244,ICHmk5,ICHmk5/103,Ep,2,Ep,3,cd,FALSE
9245,ICHmk5,ICHmk5/104,Ep,2,Ep,2,cd,FALSE
9246,ICHmk5,ICHmk5/110,Ep,2,Ep,1,cd,FALSE
9247,ICHmk5,ICHmk5/111,Ep,2,Ep,1,cd,FALSE
9248,ICHmk5,ICHmk5/112,Ep,2,Ep,3,cd,FALSE
9249,ICHmk5,ICHmk5/101,Fdi,1,Fd,1,cd,FALSE
9250,ICHmk5,ICHmk5/102,Fdi,1,Fd,2,cd,FALSE
9251,ICHmk5,ICHmk5/103,Fdi,1,Fd,1,cd,FALSE
9252,ICHmk5,ICHmk5/104,Fdi,1,Fd,1,cd,FALSE
9253,ICHmk5,ICHmk5/110,Fdi,2,Fd,2,cd,FALSE
9254,ICHmk5,ICHmk5/111,Fdi,2,Fd,2,cd,FALSE
9255,ICHmk5,ICHmk5/101,Lw,3,Lw,2,cd,TRUE
9256,ICHmk5,ICHmk5/103,Lw,3,Lw,2,cd,TRUE
9257,ICHmk5,ICHmk5/104,Lw,3,Lw,2,cd,TRUE
9258,ICHmk5,ICHmk5/110,Lw,3,Lw,2,cd,TRUE
9259,ICHmk5,ICHmk5/102,Pf,3,Pf,3,cd,FALSE
9260,ICHmk5,ICHmk5/101,Pli,2,Pl,1,cd,FALSE
9261,ICHmk5,ICHmk5/102,Pli,3,Pl,2,cd,FALSE
9262,ICHmk5,ICHmk5/103,Pli,2,Pl,1,cd,FALSE
9263,ICHmk5,ICHmk5/104,Pli,2,Pl,1,cd,FALSE
9264,ICHmk5,ICHmk5/101,Sxw,1,Sx,1,cd,FALSE
9265,ICHmk5,ICHmk5/104,Sxw,2,Sx,2,cd,FALSE
9266,ICHmk5,ICHmk5/110,Sxw,1,Sx,1,cd,FALSE
9267,ICHmk5,ICHmk5/111,Sxw,1,Sx,1,cd,FALSE
9268,ICHmk5,ICHmk5/112,Sxw,1,Sx,2,cd,FALSE
9269,IDFdk5,IDFdk5/110,Act,2,Ac,1,cd,FALSE
9270,IDFdk5,IDFdk5/111,Act,2,Ac,2,cd,FALSE
9271,IDFdk5,IDFdk5/102,At,5,At,5,cd,FALSE
9272,IDFdk5,IDFdk5/103,At,5,At,5,cd,FALSE
9273,IDFdk5,IDFdk5/104,At,2,At,2,cd,FALSE
9274,IDFdk5,IDFdk5/110,At,1,At,1,cd,FALSE
9275,IDFdk5,IDFdk5/111,At,2,At,3,cd,FALSE
9276,IDFdk5,IDFdk5/101,Bl,3,Bl,3,cd,FALSE
9277,IDFdk5,IDFdk5/101,Ep,2,Ep,1,cd,FALSE
9278,IDFdk5,IDFdk5/104,Ep,3,Ep,3,cd,FALSE
9279,IDFdk5,IDFdk5/110,Ep,1,Ep,1,cd,FALSE
9280,IDFdk5,IDFdk5/111,Ep,3,Ep,2,cd,FALSE
9281,IDFdk5,IDFdk5/101,Fdi,1,Fd,1,cd,FALSE
9282,IDFdk5,IDFdk5/102,Fdi,2,Fd,2,cd,FALSE
9283,IDFdk5,IDFdk5/103,Fdi,1,Fd,1,cd,FALSE
9284,IDFdk5,IDFdk5/104,Fdi,1,Fd,1,cd,FALSE
9285,IDFdk5,IDFdk5/110,Fdi,2,Fd,1,cd,FALSE
9286,IDFdk5,IDFdk5/101,Lw,3,Lw,2,cd,TRUE
9287,IDFdk5,IDFdk5/104,Lw,3,Lw,2,cd,TRUE
9288,IDFdk5,IDFdk5/110,Lw,3,Lw,3,cd,TRUE
9289,IDFdk5,IDFdk5/103,Pli,3,Pl,3,cd,FALSE
9290,IDFdk5,IDFdk5/101,Pli,2,Pl,1,cd,FALSE
9291,IDFdk5,IDFdk5/102,Pli,3,Pl,5,cd,FALSE
9292,IDFdk5,IDFdk5/104,Pli,2,Pl,3,cd,FALSE
9293,IDFdk5,IDFdk5/110,Pli,3,Pl,2,cd,FALSE
9294,IDFdk5,IDFdk5/111,Pli,3,Pl,2,cd,FALSE
9295,IDFdk5,IDFdk5/102,Pyi,4,Py,5,cd,FALSE
9296,IDFdk5,IDFdk5/103,Pyi,4,Py,5,cd,FALSE
9297,IDFdk5,IDFdk5/104,Pyi,4,Py,5,cd,FALSE
9298,IDFdk5,IDFdk5/110,Sxw,1,Sx,1,cd,FALSE
9299,IDFdk5,IDFdk5/111,Sxw,1,Sx,2,cd,FALSE
9300,IDFxk,IDFxk/112,Act,3,Ac,3,cd,FALSE
9301,IDFxk,IDFxk/113,Act,3,Ac,2,cd,FALSE
9302,IDFxk,IDFxk/110,At,3,At,4,cd,FALSE
9303,IDFxk,IDFxk/111,At,1,At,2,cd,FALSE
9304,IDFxk,IDFxk/112,At,3,At,2,cd,FALSE
9305,IDFxk,IDFxk/113,At,3,At,3,cd,FALSE
9306,IDFxk,IDFxk/111,Ep,3,Ep,3,cd,FALSE
9307,IDFxk,IDFxk/112,Ep,2,Ep,2,cd,FALSE
9308,IDFxk,IDFxk/113,Ep,3,Ep,3,cd,FALSE
9309,IDFxk,IDFxk/101,Fdi,1,Fd,2,cd,FALSE
9310,IDFxk,IDFxk/102,Fdi,2,Fd,3,cd,FALSE
9311,IDFxk,IDFxk/102a,Fdi,2,Fd,3,cd,FALSE
9312,IDFxk,IDFxk/102b,Fdi,2,Fd,3,cd,FALSE
9313,IDFxk,IDFxk/103,Fdi,1,Fd,2,cd,FALSE
9314,IDFxk,IDFxk/110,Fdi,1,Fd,1,cd,FALSE
9315,IDFxk,IDFxk/111,Fdi,3,Fd,2,cd,FALSE
9316,IDFxk,IDFxk/112,Fdi,2,Fd,1,cd,FALSE
9317,IDFxk,IDFxk/102,Pf,3,Pf,2,cd,FALSE
9318,IDFxk,IDFxk/102a,Pf,3,Pf,2,cd,FALSE
9319,IDFxk,IDFxk/102b,Pf,3,Pf,2,cd,FALSE
9320,IDFxk,IDFxk/103,Pf,3,Pf,3,cd,FALSE
9321,IDFxk,IDFxk/103,Pli,3,Pl,3,cd,FALSE
9322,IDFxk,IDFxk/111,Pli,3,Pl,2,cd,FALSE
9323,IDFxk,IDFxk/112,Pli,5,Pl,4,cd,FALSE
9324,IDFxk,IDFxk/101,Pyi,3,Py,3,cd,FALSE
9325,IDFxk,IDFxk/102,Pyi,3,Py,3,cd,FALSE
9326,IDFxk,IDFxk/102a,Pyi,3,Py,3,cd,FALSE
9327,IDFxk,IDFxk/102b,Pyi,3,Py,3,cd,FALSE
9328,IDFxk,IDFxk/103,Pyi,3,Py,3,cd,FALSE
9329,IDFxk,IDFxk/110,Pyi,5,Py,5,cd,FALSE
9330,IDFxk,IDFxk/111,Sxw,2,Sx,2,cd,FALSE
9331,IDFxk,IDFxk/112,Sxw,1,Sx,2,cd,FALSE
9332,IDFxk,IDFxk/113,Sxw,2,Sx,2,cd,FALSE
9333,IDFxx2,IDFxx2/111,Act,3,Ac,3,cd,FALSE
9334,IDFxx2,IDFxx2/112,Act,2,Ac,2,cd,FALSE
9335,IDFxx2,IDFxx2/112a,Act,2,Ac,1,cd,FALSE
9336,IDFxx2,IDFxx2/112b,Act,2,Ac,3,cd,FALSE
9337,IDFxx2,IDFxx2/110,At,3,At,3,cd,FALSE
9338,IDFxx2,IDFxx2/111,At,2,At,2,cd,FALSE
9339,IDFxx2,IDFxx2/112,At,2,At,3,cd,FALSE
9340,IDFxx2,IDFxx2/112a,At,2,At,1,cd,FALSE
9341,IDFxx2,IDFxx2/112b,At,2,At,3,cd,FALSE
9342,IDFxx2,IDFxx2/111,Ep,3,Ep,2,cd,FALSE
9343,IDFxx2,IDFxx2/112,Ep,3,Ep,3,cd,FALSE
9344,IDFxx2,IDFxx2/112a,Ep,3,Ep,2,cd,FALSE
9345,IDFxx2,IDFxx2/112b,Ep,3,Ep,4,cd,FALSE
9346,IDFxx2,IDFxx2/101,Fdi,1,Fd,1,cd,FALSE
9347,IDFxx2,IDFxx2/102,Fdi,2,Fd,2,cd,FALSE
9348,IDFxx2,IDFxx2/103,Fdi,2,Fd,1,cd,FALSE
9349,IDFxx2,IDFxx2/104,Fdi,2,Fd,1,cd,FALSE
9350,IDFxx2,IDFxx2/110,Fdi,1,Fd,1,cd,FALSE
9351,IDFxx2,IDFxx2/111,Fdi,1,Fd,2,cd,FALSE
9352,IDFxx2,IDFxx2/110,Lw,3,Lw,3,cd,FALSE
9353,IDFxx2,IDFxx2/111,Lw,1,Lw,1,cd,FALSE
9354,IDFxx2,IDFxx2/101,Pli,3,Pl,3,cd,FALSE
9355,IDFxx2,IDFxx2/111,Pli,3,Pl,2,cd,FALSE
9356,IDFxx2,IDFxx2/101,Pyi,1,Py,1,cd,FALSE
9357,IDFxx2,IDFxx2/102,Pyi,2,Py,2,cd,FALSE
9358,IDFxx2,IDFxx2/103,Pyi,1,Py,1,cd,FALSE
9359,IDFxx2,IDFxx2/104,Pyi,1,Py,1,cd,FALSE
9360,IDFxx2,IDFxx2/110,Pyi,3,Py,3,cd,FALSE
9361,IDFxx2,IDFxx2/111,Pyi,3,Py,3,cd,FALSE
9362,IDFxx2,IDFxx2/111,Sxw,1,Sx,1,cd,FALSE
9363,IDFxx2,IDFxx2/112,Sxw,1,Sx,2,cd,FALSE
9364,IDFxx2,IDFxx2/112a,Sxw,1,Sx,1,cd,FALSE
9365,IDFxx2,IDFxx2/112b,Sxw,1,Sx,2,cd,FALSE
9366,MSdw,MSdw/101,Act,3,Ac,3,cd,FALSE
9367,MSdw,MSdw/110,Act,2,Ac,2,cd,FALSE
9368,MSdw,MSdw/111,Act,2,Ac,1,cd,FALSE
9369,MSdw,MSdw/112,Act,5,Ac,5,cd,FALSE
9370,MSdw,MSdw/102,At,3,At,3,cd,FALSE
9371,MSdw,MSdw/103,At,3,At,2,cd,FALSE
9372,MSdw,MSdw/104,At,3,At,1,cd,FALSE
9373,MSdw,MSdw/110,At,2,At,1,cd,FALSE
9374,MSdw,MSdw/111,At,3,At,5,cd,FALSE
9375,MSdw,MSdw/112,At,5,At,5,cd,FALSE
9376,MSdw,MSdw/101,Bl,2,Bl,1,cd,FALSE
9377,MSdw,MSdw/103,Bl,3,Bl,3,cd,FALSE
9378,MSdw,MSdw/104,Bl,3,Bl,3,cd,FALSE
9379,MSdw,MSdw/110,Bl,2,Bl,1,cd,FALSE
9380,MSdw,MSdw/111,Bl,2,Bl,2,cd,FALSE
9381,MSdw,MSdw/112,Bl,3,Bl,3,cd,FALSE
9382,MSdw,MSdw/110,Cw,3,Cw,3,cd,FALSE
9383,MSdw,MSdw/101,Ep,2,Ep,2,cd,FALSE
9384,MSdw,MSdw/102,Ep,3,Ep,3,cd,FALSE
9385,MSdw,MSdw/103,Ep,3,Ep,3,cd,FALSE
9386,MSdw,MSdw/104,Ep,3,Ep,2,cd,FALSE
9387,MSdw,MSdw/110,Ep,2,Ep,1,cd,FALSE
9388,MSdw,MSdw/111,Ep,3,Ep,3,cd,FALSE
9389,MSdw,MSdw/112,Ep,3,Ep,3,cd,FALSE
9390,MSdw,MSdw/101,Fdi,2,Fd,1,cd,FALSE
9391,MSdw,MSdw/102,Fdi,2,Fd,2,cd,FALSE
9392,MSdw,MSdw/103,Fdi,1,Fd,1,cd,FALSE
9393,MSdw,MSdw/104,Fdi,2,Fd,1,cd,FALSE
9394,MSdw,MSdw/110,Fdi,2,Fd,2,cd,FALSE
9395,MSdw,MSdw/101,Hw,3,Hw,3,cd,FALSE
9396,MSdw,MSdw/111,Lw,3,Lw,3,cd,FALSE
9397,MSdw,MSdw/102,Lw,3,Lw,3,cd,FALSE
9398,MSdw,MSdw/103,Lw,2,Lw,1,cd,FALSE
9399,MSdw,MSdw/104,Lw,2,Lw,1,cd,FALSE
9400,MSdw,MSdw/110,Lw,2,Lw,2,cd,FALSE
9401,MSdw,MSdw/101,Lw,1,Lw,1,cd,TRUE
9402,MSdw,MSdw/104,Pa,4,Pa,4,cd,FALSE
9403,MSdw,MSdw/102,Pf,3,Pf,3,cd,FALSE
9404,MSdw,MSdw/103,Pf,3,Pf,3,cd,FALSE
9405,MSdw,MSdw/111,Pli,2,Pl,2,cd,FALSE
9406,MSdw,MSdw/101,Pli,3,Pl,1,cd,FALSE
9407,MSdw,MSdw/102,Pli,3,Pl,2,cd,FALSE
9408,MSdw,MSdw/103,Pli,2,Pl,1,cd,FALSE
9409,MSdw,MSdw/104,Pli,1,Pl,1,cd,FALSE
9410,MSdw,MSdw/110,Pli,2,Pl,1,cd,FALSE
9411,MSdw,MSdw/112,Pli,3,Pl,3,cd,FALSE
9412,MSdw,MSdw/102,Pyi,4,Py,5,cd,FALSE
9413,MSdw,MSdw/103,Pyi,4,Py,5,cd,FALSE
9414,MSdw,MSdw/101,Sxw,1,Sx,1,cd,FALSE
9415,MSdw,MSdw/103,Sxw,3,Sx,3,cd,FALSE
9416,MSdw,MSdw/104,Sxw,3,Sx,2,cd,FALSE
9417,MSdw,MSdw/110,Sxw,1,Sx,1,cd,FALSE
9418,MSdw,MSdw/111,Sxw,2,Sx,2,cd,FALSE
9419,CWHvh3,CWHvh3/101,Dr,2,Dr,3,SCS/HAK,FALSE
9420,CWHvh3,CWHvh3/101,Hw,1,Hw,1,SCS/HAK,FALSE
9421,CWHvh3,CWHvh3/101,Plc,2,Pl,3,SCS/HAK,FALSE
9422,CWHvh3,CWHvh3/101,Ss,3,Ss,3,SCS/HAK,FALSE
9423,CWHvh3,CWHvh3/101,Yc,2,Yc,1,SCS/HAK,FALSE
9424,CWHvh3,CWHvh3/101,Hm,NA,Hm,4,SCS/HAK,FALSE
9425,CWHvh3,CWHvh3/101,Cw,NA,Cw,1,SCS/HAK,FALSE
9426,CWHvh3,CWHvh3/101a,Dr,2,Dr,3,SCS/HAK,FALSE
9427,CWHvh3,CWHvh3/101a,Hw,1,Hw,1,SCS/HAK,FALSE
9428,CWHvh3,CWHvh3/101a,Plc,2,Pl,3,SCS/HAK,FALSE
9429,CWHvh3,CWHvh3/101a,Ss,3,Ss,3,SCS/HAK,FALSE
9430,CWHvh3,CWHvh3/101a,Cw,NA,Cw,1,SCS/HAK,FALSE
9431,CWHvh3,CWHvh3/101a,Hm,NA,Hm,4,SCS/HAK,FALSE
9432,CWHvh3,CWHvh3/101a,Yc,2,Yc,1,SCS/HAK,FALSE
9433,CWHvh3,CWHvh3/101b,Dr,2,Dr,4,SCS/HAK,FALSE
9434,CWHvh3,CWHvh3/101b,Hw,1,Hw,1,SCS/HAK,FALSE
9435,CWHvh3,CWHvh3/101b,Plc,2,Pl,2,SCS/HAK,FALSE
9436,CWHvh3,CWHvh3/101b,Ss,3,Ss,3,SCS/HAK,FALSE
9437,CWHvh3,CWHvh3/101b,Yc,2,Yc,1,SCS/HAK,FALSE
9438,CWHvh3,CWHvh3/101b,Cw,NA,Cw,1,SCS/HAK,FALSE
9439,CWHvh3,CWHvh3/101b,Hm,NA,Hm,4,SCS/HAK,FALSE
9440,CWHvh3,CWHvh3/101c,Dr,2,Dr,2,SCS/HAK,FALSE
9441,CWHvh3,CWHvh3/101c,Hw,1,Hw,1,SCS/HAK,FALSE
9442,CWHvh3,CWHvh3/101c,Plc,2,Pl,2,SCS/HAK,FALSE
9443,CWHvh3,CWHvh3/101c,Ss,3,Ss,3,SCS/HAK,FALSE
9444,CWHvh3,CWHvh3/101c,Yc,2,Yc,1,SCS/HAK,FALSE
9445,CWHvh3,CWHvh3/101c,Cw,NA,Cw,1,SCS/HAK,FALSE
9446,CWHvh3,CWHvh3/101c,Hm,NA,Hm,4,SCS/HAK,FALSE
9447,CWHvh3,CWHvh3/102,Dr,3,Dr,3,SCS/HAK,FALSE
9448,CWHvh3,CWHvh3/102,Hw,3,Hw,3,SCS/HAK,FALSE
9449,CWHvh3,CWHvh3/102,Plc,2,Pl,2,SCS/HAK,FALSE
9450,CWHvh3,CWHvh3/102,Yc,NA,Yc,2,SCS/HAK,FALSE
9451,CWHvh3,CWHvh3/102,Hm,NA,Hm,4,SCS/HAK,FALSE
9452,CWHvh3,CWHvh3/102,Cw,NA,Cw,4,SCS/HAK,FALSE
9453,CWHvh3,CWHvh3/102,Ss,NA,Ss,4,SCS/HAK,FALSE
9454,CWHvh3,CWHvh3/103,Cw,3,Cw,3,SCS/HAK,FALSE
9455,CWHvh3,CWHvh3/103,Dr,3,Dr,4,SCS/HAK,FALSE
9456,CWHvh3,CWHvh3/103,Hw,3,Hw,3,SCS/HAK,FALSE
9457,CWHvh3,CWHvh3/103,Ss,2,Ss,2,SCS/HAK,FALSE
9458,CWHvh3,CWHvh3/104,Dr,3,Dr,3,SCS/HAK,FALSE
9459,CWHvh3,CWHvh3/104,Hw,3,Hw,3,SCS/HAK,FALSE
9460,CWHvh3,CWHvh3/104,Ss,1,Ss,2,SCS/HAK,FALSE
9461,CWHvh3,CWHvh3/105,Dr,2,Dr,2,SCS/HAK,FALSE
9462,CWHvh3,CWHvh3/105,Hw,1,Hw,1,SCS/HAK,FALSE
9463,CWHvh3,CWHvh3/105,Ss,1,Ss,1,SCS/HAK,FALSE
9464,CWHvh3,CWHvh3/105,Yc,3,Yc,4,SCS/HAK,FALSE
9465,CWHvh3,CWHvh3/105,Hm,NA,Hm,4,SCS/HAK,FALSE
9466,CWHvh3,CWHvh3/105,Plc,NA,Pl,4,SCS/HAK,FALSE
9467,CWHvh3,CWHvh3/105,Cw,NA,Cw,1,SCS/HAK,FALSE
9468,CWHvh3,CWHvh3/105a,Dr,2,Dr,2,SCS/HAK,FALSE
9469,CWHvh3,CWHvh3/105a,Hw,1,Hw,1,SCS/HAK,FALSE
9470,CWHvh3,CWHvh3/105a,Ss,1,Ss,1,SCS/HAK,FALSE
9471,CWHvh3,CWHvh3/105a,Yc,3,Yc,4,SCS/HAK,FALSE
9472,CWHvh3,CWHvh3/105a,Hm,NA,Hm,4,SCS/HAK,FALSE
9473,CWHvh3,CWHvh3/105a,Plc,NA,Pl,4,SCS/HAK,FALSE
9474,CWHvh3,CWHvh3/105a,Cw,NA,Cw,1,SCS/HAK,FALSE
9475,CWHvh3,CWHvh3/105b,Dr,2,Dr,2,SCS/HAK,FALSE
9476,CWHvh3,CWHvh3/105b,Hw,1,Hw,1,SCS/HAK,FALSE
9477,CWHvh3,CWHvh3/105b,Ss,1,Ss,1,SCS/HAK,FALSE
9478,CWHvh3,CWHvh3/105b,Yc,3,Yc,4,SCS/HAK,FALSE
9479,CWHvh3,CWHvh3/105b,Hm,NA,Hm,4,SCS/HAK,FALSE
9480,CWHvh3,CWHvh3/105b,Plc,NA,Pl,4,SCS/HAK,FALSE
9481,CWHvh3,CWHvh3/105b,Cw,NA,Cw,1,SCS/HAK,FALSE
9482,CWHvh3,CWHvh3/106,Dr,2,Dr,2,SCS/HAK,FALSE
9483,CWHvh3,CWHvh3/106,Hw,2,Hw,1,SCS/HAK,FALSE
9484,CWHvh3,CWHvh3/106,Ss,1,Ss,1,SCS/HAK,FALSE
9485,CWHvh3,CWHvh3/106,Yc,3,Yc,3,SCS/HAK,FALSE
9486,CWHvh3,CWHvh3/106,Cw,NA,Cw,1,SCS/HAK,FALSE
9487,CWHvh3,CWHvh3/106a,Dr,2,Dr,2,SCS/HAK,FALSE
9488,CWHvh3,CWHvh3/106a,Hw,2,Hw,1,SCS/HAK,FALSE
9489,CWHvh3,CWHvh3/106a,Ss,1,Ss,1,SCS/HAK,FALSE
9490,CWHvh3,CWHvh3/106a,Yc,3,Yc,3,SCS/HAK,FALSE
9491,CWHvh3,CWHvh3/106a,Cw,NA,Cw,1,SCS/HAK,FALSE
9492,CWHvh3,CWHvh3/106b,Dr,2,Dr,2,SCS/HAK,FALSE
9493,CWHvh3,CWHvh3/106b,Hw,2,Hw,1,SCS/HAK,FALSE
9494,CWHvh3,CWHvh3/106b,Ss,1,Ss,1,SCS/HAK,FALSE
9495,CWHvh3,CWHvh3/106b,Yc,3,Yc,3,SCS/HAK,FALSE
9496,CWHvh3,CWHvh3/106b,Cw,NA,Cw,1,SCS/HAK,FALSE
9497,CWHvh3,CWHvh3/106c,Dr,2,Dr,2,SCS/HAK,FALSE
9498,CWHvh3,CWHvh3/106c,Hw,2,Hw,1,SCS/HAK,FALSE
9499,CWHvh3,CWHvh3/106c,Ss,1,Ss,1,SCS/HAK,FALSE
9500,CWHvh3,CWHvh3/106c,Yc,3,Yc,3,SCS/HAK,FALSE
9501,CWHvh3,CWHvh3/106c,Cw,NA,Cw,1,SCS/HAK,FALSE
9502,CWHvh3,CWHvh3/110,Dr,2,Dr,2,SCS/HAK,FALSE
9503,CWHvh3,CWHvh3/110,Hw,2,Hw,2,SCS/HAK,FALSE
9504,CWHvh3,CWHvh3/110,Ss,1,Ss,1,SCS/HAK,FALSE
9505,CWHvh3,CWHvh3/110,Yc,3,Yc,3,SCS/HAK,FALSE
9506,CWHvh3,CWHvh3/110,Cw,NA,Cw,1,SCS/HAK,FALSE
9507,CWHvh3,CWHvh3/110a,Dr,2,Dr,2,SCS/HAK,FALSE
9508,CWHvh3,CWHvh3/110a,Hw,2,Hw,2,SCS/HAK,FALSE
9509,CWHvh3,CWHvh3/110a,Ss,1,Ss,1,SCS/HAK,FALSE
9510,CWHvh3,CWHvh3/110a,Yc,3,Yc,3,SCS/HAK,FALSE
9511,CWHvh3,CWHvh3/110a,Cw,NA,Cw,1,SCS/HAK,FALSE
9512,CWHvh3,CWHvh3/110b,Dr,2,Dr,2,SCS/HAK,FALSE
9513,CWHvh3,CWHvh3/110b,Hw,2,Hw,2,SCS/HAK,FALSE
9514,CWHvh3,CWHvh3/110b,Ss,1,Ss,1,SCS/HAK,FALSE
9515,CWHvh3,CWHvh3/110b,Yc,3,Yc,3,SCS/HAK,FALSE
9516,CWHvh3,CWHvh3/110b,Cw,NA,Cw,1,SCS/HAK,FALSE
9517,CWHvh3,CWHvh3/110c,Dr,2,Dr,2,SCS/HAK,FALSE
9518,CWHvh3,CWHvh3/110c,Hw,2,Hw,2,SCS/HAK,FALSE
9519,CWHvh3,CWHvh3/110c,Ss,1,Ss,1,SCS/HAK,FALSE
9520,CWHvh3,CWHvh3/110c,Yc,3,Yc,3,SCS/HAK,FALSE
9521,CWHvh3,CWHvh3/110c,Cw,NA,Cw,1,SCS/HAK,FALSE
9522,CWHvh3,CWHvh3/111,Dr,1,Dr,1,SCS/HAK,FALSE
9523,CWHvh3,CWHvh3/111,Hw,2,Hw,1,SCS/HAK,FALSE
9524,CWHvh3,CWHvh3/111,Ss,1,Ss,1,SCS/HAK,FALSE
9525,CWHvh3,CWHvh3/111,Cw,NA,Cw,2,SCS/HAK,FALSE
9526,CWHvh3,CWHvh3/112,Dr,1,Dr,1,SCS/HAK,FALSE
9527,CWHvh3,CWHvh3/112,Hw,3,Hw,2,SCS/HAK,FALSE
9528,CWHvh3,CWHvh3/112,Ss,1,Ss,1,SCS/HAK,FALSE
9529,CWHvh3,CWHvh3/112,Cw,NA,Cw,2,SCS/HAK,FALSE
9530,CWHvh3,CWHvh3/113,Dr,1,Dr,1,SCS/HAK,FALSE
9531,CWHvh3,CWHvh3/113,Ss,3,Ss,3,SCS/HAK,FALSE
9532,CWHvh3,CWHvh3/113,Hw,NA,Hw,3,SCS/HAK,FALSE
9533,CWHvh3,CWHvh3/114,Dr,2,Dr,2,SCS/HAK,FALSE
9534,CWHvh3,CWHvh3/114,Hw,2,Hw,1,SCS/HAK,FALSE
9535,CWHvh3,CWHvh3/114,Ss,1,Ss,1,SCS/HAK,FALSE
9536,CWHvh3,CWHvh3/114,Yc,3,Yc,4,SCS/HAK,FALSE
9537,CWHvh3,CWHvh3/114,Cw,NA,Cw,1,SCS/HAK,FALSE
9538,CWHvh3,CWHvh3/115,Dr,3,Dr,3,SCS/HAK,FALSE
9539,CWHvh3,CWHvh3/115,Hw,1,Hw,2,SCS/HAK,FALSE
9540,CWHvh3,CWHvh3/115,Plc,2,Pl,1,SCS/HAK,FALSE
9541,CWHvh3,CWHvh3/115,Yc,1,Yc,1,SCS/HAK,FALSE
9542,CWHvh3,CWHvh3/115,Cw,NA,Cw,1,SCS/HAK,FALSE
9543,CWHvh3,CWHvh3/115,Hm,NA,Hm,2,SCS/HAK,FALSE
9544,CWHvh3,CWHvh3/116,Dr,2,Dr,2,SCS/HAK,FALSE
9545,CWHvh3,CWHvh3/116,Hw,3,Hw,3,SCS/HAK,FALSE
9546,CWHvh3,CWHvh3/116,Ss,2,Ss,2,SCS/HAK,FALSE
9547,CWHvh3,CWHvh3/116,Cw,NA,Cw,2,SCS/HAK,FALSE
9548,CWHvh3,CWHvh3/117,Dr,3,Dr,3,SCS/HAK,FALSE
9549,CWHvh3,CWHvh3/117,Hw,3,Hw,2,SCS/HAK,FALSE
9550,CWHvh3,CWHvh3/117,Plc,3,Pl,3,SCS/HAK,FALSE
9551,CWHvh3,CWHvh3/117,Ss,2,Ss,2,SCS/HAK,FALSE
9552,CWHvh3,CWHvh3/117,Yc,NA,Yc,2,SCS/HAK,FALSE
9553,CWHvh3,CWHvh3/117,Cw,NA,Cw,2,SCS/HAK,FALSE
9554,CWHvh3,CWHvh3/117a,Dr,3,Dr,3,SCS/HAK,FALSE
9555,CWHvh3,CWHvh3/117a,Hw,3,Hw,2,SCS/HAK,FALSE
9556,CWHvh3,CWHvh3/117a,Plc,3,Pl,3,SCS/HAK,FALSE
9557,CWHvh3,CWHvh3/117a,Ss,2,Ss,2,SCS/HAK,FALSE
9558,CWHvh3,CWHvh3/117a,Yc,NA,Yc,2,SCS/HAK,FALSE
9559,CWHvh3,CWHvh3/117a,Cw,NA,Cw,2,SCS/HAK,FALSE
9560,CWHvh3,CWHvh3/117b,Dr,3,Dr,3,SCS/HAK,FALSE
9561,CWHvh3,CWHvh3/117b,Hw,3,Hw,2,SCS/HAK,FALSE
9562,CWHvh3,CWHvh3/117b,Plc,3,Pl,3,SCS/HAK,FALSE
9563,CWHvh3,CWHvh3/117b,Ss,2,Ss,2,SCS/HAK,FALSE
9564,CWHvh3,CWHvh3/117b,Yc,NA,Yc,2,SCS/HAK,FALSE
9565,CWHvh3,CWHvh3/117b,Cw,NA,Cw,2,SCS/HAK,FALSE
9566,CWHvh3,CWHvh3/Wb53,Plc,2,Pl,3,SCS/HAK,FALSE
9567,CWHvh3,CWHvh3/Wb53,Hm,NA,Hm,4,SCS/HAK,FALSE
9568,CWHvh3,CWHvh3/Wb53,Yc,NA,Yc,3,SCS/HAK,FALSE
9569,CWHvh3,CWHvh3/Wb53,Hw,NA,Hw,4,SCS/HAK,FALSE
9570,CWHvh3,CWHvh3/Wb53,Cw,NA,Cw,4,SCS/HAK,FALSE
9571,CWHvh3,CWHvh3/Wb54,Plc,2,Pl,4,SCS/HAK,FALSE
9572,CWHvh3,CWHvh3/Wb54,Hm,NA,Hm,5,SCS/HAK,FALSE
9573,CWHvh3,CWHvh3/Wb54,Yc,NA,Yc,3,SCS/HAK,FALSE
9574,CWHvh3,CWHvh3/Wb54,Hw,NA,Hw,5,SCS/HAK,FALSE
9575,CWHvh3,CWHvh3/Wb54,Cw,NA,Cw,5,SCS/HAK,FALSE
9576,CWHvh3,CWHvh3/Ws58,Cw,NA,Cw,3,SCS/HAK,FALSE
9577,CWHvh3,CWHvh3/Ws58,Yc,NA,Yc,3,SCS/HAK,FALSE
9578,CWHvh3,CWHvh3/Ws58,Hw,NA,Hw,3,SCS/HAK,FALSE
9579,CWHvh3,CWHvh3/Ws58,Plc,NA,Pl ,3,SCS/HAK,FALSE
9580,MHwh,MHwh/101,Hm,1,Hm,1,SAS-HAK,FALSE
9581,MHwh,MHwh/101,Yc,1,Yc,1,SAS-HAK,FALSE
9582,MHwh,MHwh/101,Hw,2,Hw,2,SAS-HAK,FALSE
9583,MHwh,MHwh/101,Ss,2,Ss,2,SAS-HAK,FALSE
9584,MHwh,MHwh/101,Cw,3,Cw,3,SAS-HAK,FALSE
9585,MHwh,MHwh/101a,Cw,3,Cw,3,SAS-HAK,FALSE
9586,MHwh,MHwh/101b,Cw,3,Cw,3,SAS-HAK,FALSE
9587,MHwh,MHwh/101c,Cw,3,Cw,3,SAS-HAK,FALSE
9588,MHwh,MHwh/102,Hm,2,Hm,2,SAS-HAK,FALSE
9589,MHwh,MHwh/102,Cw,3,Cw,3,SAS-HAK,FALSE
9590,MHwh,MHwh/102,Plc,3,Pl,3,SAS-HAK,FALSE
9591,MHwh,MHwh/102,Yc,3,Yc,3,SAS-HAK,FALSE
9592,MHwh,MHwh/110,Hm,1,Hm,1,SAS-HAK,FALSE
9593,MHwh,MHwh/110,Yc,1,Yc,1,SAS-HAK,FALSE
9594,MHwh,MHwh/110,Ss,2,Ss,2,SAS-HAK,FALSE
9595,MHwh,MHwh/110,Cw,3,Cw,3,SAS-HAK,FALSE
9596,MHwh,MHwh/110,Hw,3,Hw,3,SAS-HAK,FALSE
9597,MHwh,MHwh/111,Hm,1,Hm,1,SAS-HAK,FALSE
9598,MHwh,MHwh/111,Yc,1,Yc,1,SAS-HAK,FALSE
9599,MHwh,MHwh/111,Ss,2,Ss,2,SAS-HAK,FALSE
9600,MHwh,MHwh/111,Cw,3,Cw,3,SAS-HAK,FALSE
9601,MHwh,MHwh/111,Cw,3,Cw,3,SAS-HAK,FALSE
9602,MHwh,MHwh/111,Cw,3,Cw,3,SAS-HAK,FALSE
9603,MHwh,MHwh/111,Cw,3,Cw,3,SAS-HAK,FALSE
9604,MHwh,MHwh/111,Cw,3,Cw,3,SAS-HAK,FALSE
9605,MHwh,MHwh/111,Cw,3,Cw,3,SAS-HAK,FALSE
9606,MHwh,MHwh/111,Cw,3,Cw,3,SAS-HAK,FALSE
9607,MHwh,MHwh/111,Cw,3,Cw,3,SAS-HAK,FALSE
9608,MHwh,MHwh/111,Cw,3,Cw,3,SAS-HAK,FALSE
9609,MHwh,MHwh/111,Cw,3,Cw,3,SAS-HAK,FALSE
9610,MHwh,MHwh/111,Cw,3,Cw,3,SAS-HAK,FALSE
9611,MHwh,MHwh/111,Cw,3,Cw,3,SAS-HAK,FALSE
9612,MHwh,MHwh/111,Cw,3,Cw,3,SAS-HAK,FALSE
9613,MHwh,MHwh/111,Cw,3,Cw,3,SAS-HAK,FALSE
9614,MHwh,MHwh/111,Cw,3,Cw,3,SAS-HAK,FALSE
9615,MHwh,MHwh/111,Cw,3,Cw,3,SAS-HAK,FALSE
9616,MHwh,MHwh/111,Hw,3,Hw,3,SAS-HAK,FALSE
9617,MHwh,MHwh/Wb53,Cw,3,Cw,3,SAS-HAK,FALSE
9618,MHwh,MHwh/Wb53,Hm,3,Hm,3,SAS-HAK,FALSE
9619,MHwh,MHwh/Wb53,Plc,3,Pl,3,SAS-HAK,FALSE
9620,MHwh,MHwh/Wb53,Yc,3,Yc,3,SAS-HAK,FALSE
9621,MHwhp,MHwhp/00,Hm,3,Hm,3,BG,FALSE
9622,BGxh2,BGxh1/Fm01,Act,1,Ac,1,NA,FALSE
9623,BGxh2,BGxh1/Fm01,At,2,At,2,NA,FALSE
9624,BGxh2,BGxh1/Fm01,Ep,2,Ep,2,NA,FALSE
9625,BGxh2,BGxh1/Fm01,Fdi,3,Fd,3,NA,FALSE
9626,BGxh2,BGxh1/Fm01,Pyi,3,Py,3,NA,FALSE
9627,BGxh2,BGxh1/Fm06,Act,1,Ac,1,NA,FALSE
9628,BGxh2,BGxh1/Fm06,At,2,At,2,NA,FALSE
9629,BGxh2,BGxh1/Fm06,Ep,2,Ep,2,NA,FALSE
9630,BGxh2,BGxh1/Fm06,Fdi,3,Fd,3,NA,FALSE
9631,BGxh2,BGxh1/Fm06,Pyi,3,Py,3,NA,FALSE
9632,BGxh2,BGxh2/Fm01,Act,1,Ac,1,NA,FALSE
9633,BGxh2,BGxh2/Fm01,At,2,At,2,NA,FALSE
9634,BGxh2,BGxh2/Fm01,Ep,2,Ep,2,NA,FALSE
9635,BGxh2,BGxh2/Fm01,Fdi,3,Fd,3,NA,FALSE
9636,BGxh2,BGxh2/Fm01,Pyi,3,Py,3,NA,FALSE
9637,BGxh2,BGxh2/Fm06,Act,1,Ac,1,NA,FALSE
9638,BGxh2,BGxh2/Fm06,At,2,At,2,NA,FALSE
9639,BGxh2,BGxh2/Fm06,Ep,2,Ep,2,NA,FALSE
9640,BGxh2,BGxh2/Fm06,Fdi,3,Fd,3,NA,FALSE
9641,BGxh2,BGxh2/Fm06,Pyi,3,Py,3,NA,FALSE
9642,BGxw1,BGxw1/Fm01,Act,1,Ac,1,NA,FALSE
9643,BGxw1,BGxw1/Fm01,At,2,At,2,NA,FALSE
9644,BGxw1,BGxw1/Fm01,Ep,2,Ep,2,NA,FALSE
9645,BGxw1,BGxw1/Fm01,Fdi,3,Fd,3,NA,FALSE
9646,BGxw1,BGxw1/Fm01,Pyi,3,Py,3,NA,FALSE
9647,BGxw1,BGxw1/Fm05,Act,1,Ac,1,NA,FALSE
9648,BGxw1,BGxw1/Fm05,At,2,At,2,NA,FALSE
9649,BGxw1,BGxw1/Fm05,Ep,2,Ep,2,NA,FALSE
9650,BGxw1,BGxw1/Fm05,Fdi,3,Fd,3,NA,FALSE
9651,BGxw1,BGxw1/Fm05,Pyi,3,Py,3,NA,FALSE
9652,CDFmm,CDFmm/Ws53,Fdc,3,Fd,4,HAK/SCS,FALSE
9653,CWHdm2,CWHdm2/101,Ba,2,Ba,5,HAK/SCS,FALSE
9654,CWHdm2,CWHdm2/104,Ba,3,Ba,5,HAK/SCS,FALSE
9655,CWHdm2,CWHdm2/111,Ba,2,Ba,5,HAK/SCS,FALSE
9656,CWHdm2,CWHdm2/112.1,Ba,3,Ba,5,HAK/SCS,FALSE
9657,CWHdm3,CWHdm3/101,Ba,2,Ba,5,HAK/SCS,FALSE
9658,CWHdm3,CWHdm3/104,Ba,2,Ba,5,HAK/SCS,FALSE
9659,CWHdm3,CWHdm3/110,Ba,3,Ba,5,HAK/SCS,FALSE
9660,CWHdm3,CWHdm3/112,Ba,2,Ba,5,HAK/SCS,FALSE
9661,CWHds1,CWHds1/101,Bl,2,Bl,5,HAK/SCS,FALSE
9662,CWHds1,CWHds1/101,Ba,2,Ba,5,HAK/SCS,FALSE
9663,CWHds1,CWHds1/101,Yc,2,Yc,5,HAK/SCS,FALSE
9664,CWHds1,CWHds1/101a,Bl,2,Bl,5,HAK/SCS,FALSE
9665,CWHds1,CWHds1/101a,Ba,2,Ba,5,HAK/SCS,FALSE
9666,CWHds1,CWHds1/101a,Yc,2,Yc,5,HAK/SCS,FALSE
9667,CWHds2,CWHds2/101,Ba,2,Ba,5,HAK/SCS,FALSE
9668,CWHms3,CWHms3/104,Hm,4,Hm,5,HAK/SCS,FALSE
9669,CWHms3,CWHms3/112,Hm,3,Hm,5,HAK/SCS,FALSE
9670,CWHms5,CWHms5/101.2,Yc,2,Yc,5,HAK/SCS,FALSE
9671,CWHms5,CWHms5/103,Yc,3,Yc,5,HAK/SCS,FALSE
9672,CWHms5,CWHms5/103.1,Yc,3,Yc,5,HAK/SCS,FALSE
9673,CWHms5,CWHms5/103.2,Yc,3,Yc,5,HAK/SCS,FALSE
9674,CWHms5,CWHms5/103.2,Bg,3,Bg,5,HAK/SCS,FALSE
9675,CWHvm1,CWHvm1/Fl51,Hm,2,Hm,5,HAK/SCS,FALSE
9676,CWHvm3,CWHvm3/Fl51,Hm,2,Hm,5,HAK/SCS,FALSE
9677,CWHvm4,CWHvm4/112,Dr,2,Dr,5,HAK/SCS,FALSE
9678,CWHwh1,CWHwh1/101,Dr,2,Dr,2,HAK/SCS,FALSE
9679,CWHwh1,CWHwh1/101,Hw,1,Hw,1,HAK/SCS,FALSE
9680,CWHwh1,CWHwh1/101,Ss,1,Ss,1,HAK/SCS,FALSE
9681,CWHwh1,CWHwh1/101,Cw,NA,Cw,1,HAK/SCS,FALSE
9682,CWHwh1,CWHwh1/101,Yc,3,Yc,3,HAK/SCS,FALSE
9683,CWHwh1,CWHwh1/101,Plc,3,Pl,4,HAK/SCS,FALSE
9684,CWHwh1,CWHwh1/101,Tw,NA,Tw,3,HAK/SCS,FALSE
9685,CWHwh1,CWHwh1/101a,Dr,2,Dr,2,HAK/SCS,FALSE
9686,CWHwh1,CWHwh1/101a,Hw,1,Hw,1,HAK/SCS,FALSE
9687,CWHwh1,CWHwh1/101a,Ss,1,Ss,1,HAK/SCS,FALSE
9688,CWHwh1,CWHwh1/101a,Cw,NA,Cw,1,HAK/SCS,FALSE
9689,CWHwh1,CWHwh1/101a,Hm,2,Hm,5,HAK/SCS,FALSE
9690,CWHwh1,CWHwh1/101a,Yc,NA,Yc,3,HAK/SCS,FALSE
9691,CWHwh1,CWHwh1/101a,Plc,NA,Pl,4,HAK/SCS,FALSE
9692,CWHwh1,CWHwh1/101a,Tw,NA,Tw,3,HAK/SCS,FALSE
9693,CWHwh1,CWHwh1/101b,Dr,2,Dr,2,HAK/SCS,FALSE
9694,CWHwh1,CWHwh1/101b,Hw,1,Hw,1,HAK/SCS,FALSE
9695,CWHwh1,CWHwh1/101b,Ss,1,Ss,1,HAK/SCS,FALSE
9696,CWHwh1,CWHwh1/101b,Cw,NA,Cw,1,HAK/SCS,FALSE
9697,CWHwh1,CWHwh1/101b,Yc,NA,Yc,3,HAK/SCS,FALSE
9698,CWHwh1,CWHwh1/101b,Plc,NA,Pl,4,HAK/SCS,FALSE
9699,CWHwh1,CWHwh1/101b,Tw,NA,Tw,3,HAK/SCS,FALSE
9700,CWHwh1,CWHwh1/102,Dr,3,Dr,4,HAK/SCS,FALSE
9701,CWHwh1,CWHwh1/102,Hw,1,Hw,1,HAK/SCS,FALSE
9702,CWHwh1,CWHwh1/102,Plc,3,Pl,3,HAK/SCS,FALSE
9703,CWHwh1,CWHwh1/102,Ss,2,Ss,2,HAK/SCS,FALSE
9704,CWHwh1,CWHwh1/102,Cw,NA,Cw,1,HAK/SCS,FALSE
9705,CWHwh1,CWHwh1/102,Yc,3,Yc,3,HAK/SCS,FALSE
9706,CWHwh1,CWHwh1/102,Tw,3,Tw,3,HAK/SCS,FALSE
9707,CWHwh1,CWHwh1/103,Cw,3,Cw,3,HAK/SCS,FALSE
9708,CWHwh1,CWHwh1/103,Dr,3,Dr,3,HAK/SCS,FALSE
9709,CWHwh1,CWHwh1/103,Hw,3,Hw,3,HAK/SCS,FALSE
9710,CWHwh1,CWHwh1/103,Ss,1,Ss,1,HAK/SCS,FALSE
9711,CWHwh1,CWHwh1/104,Dr,3,Dr,3,HAK/SCS,FALSE
9712,CWHwh1,CWHwh1/104,Hw,3,Hw,1,HAK/SCS,FALSE
9713,CWHwh1,CWHwh1/104,Ss,1,Ss,1,HAK/SCS,FALSE
9714,CWHwh1,CWHwh1/105,Dr,2,Dr,3,HAK/SCS,FALSE
9715,CWHwh1,CWHwh1/105,Hw,2,Hw,1,HAK/SCS,FALSE
9716,CWHwh1,CWHwh1/105,Ss,1,Ss,1,HAK/SCS,FALSE
9717,CWHwh1,CWHwh1/105,Cw,NA,Cw,2,HAK/SCS,FALSE
9718,CWHwh1,CWHwh1/105a,Dr,2,Dr,3,HAK/SCS,FALSE
9719,CWHwh1,CWHwh1/105a,Hw,2,Hw,1,HAK/SCS,FALSE
9720,CWHwh1,CWHwh1/105a,Ss,1,Ss,1,HAK/SCS,FALSE
9721,CWHwh1,CWHwh1/105a,Cw,NA,Cw,2,HAK/SCS,FALSE
9722,CWHwh1,CWHwh1/105b,Dr,2,Dr,3,HAK/SCS,FALSE
9723,CWHwh1,CWHwh1/105b,Hw,2,Hw,1,HAK/SCS,FALSE
9724,CWHwh1,CWHwh1/105b,Ss,1,Ss,1,HAK/SCS,FALSE
9725,CWHwh1,CWHwh1/105b,Cw,NA,Cw,2,HAK/SCS,FALSE
9726,CWHwh1,CWHwh1/110,Dr,3,Dr,4,HAK/SCS,FALSE
9727,CWHwh1,CWHwh1/110,Hw,1,Hw,1,HAK/SCS,FALSE
9728,CWHwh1,CWHwh1/110,Plc,3,Pl,4,HAK/SCS,FALSE
9729,CWHwh1,CWHwh1/110,Ss,3,Ss,3,HAK/SCS,FALSE
9730,CWHwh1,CWHwh1/110,Cw,NA,Cw,1,HAK/SCS,FALSE
9731,CWHwh1,CWHwh1/110,Tw,NA,Tw,3,HAK/SCS,FALSE
9732,CWHwh1,CWHwh1/110,Yc,NA,Yc,4,HAK/SCS,FALSE
9733,CWHwh1,CWHwh1/110a,Dr,3,Dr,4,HAK/SCS,FALSE
9734,CWHwh1,CWHwh1/110a,Hw,1,Hw,1,HAK/SCS,FALSE
9735,CWHwh1,CWHwh1/110a,Plc,3,Pl,4,HAK/SCS,FALSE
9736,CWHwh1,CWHwh1/110a,Ss,3,Ss,3,HAK/SCS,FALSE
9737,CWHwh1,CWHwh1/110a,Cw,NA,Cw,1,HAK/SCS,FALSE
9738,CWHwh1,CWHwh1/110a,Yc,2,Yc,4,HAK/SCS,FALSE
9739,CWHwh1,CWHwh1/110a,Tw,3,Tw,3,HAK/SCS,FALSE
9740,CWHwh1,CWHwh1/110b,Dr,3,Dr,4,HAK/SCS,FALSE
9741,CWHwh1,CWHwh1/110b,Hw,1,Hw,1,HAK/SCS,FALSE
9742,CWHwh1,CWHwh1/110b,Plc,3,Pl,4,HAK/SCS,FALSE
9743,CWHwh1,CWHwh1/110b,Ss,3,Ss,3,HAK/SCS,FALSE
9744,CWHwh1,CWHwh1/110b,Cw,NA,Cw,1,HAK/SCS,FALSE
9745,CWHwh1,CWHwh1/110b,Tw,NA,Tw,3,HAK/SCS,FALSE
9746,CWHwh1,CWHwh1/110b,Yc,2,Yc,4,HAK/SCS,FALSE
9747,CWHwh1,CWHwh1/110b,Hm,2,Hm,5,HAK/SCS,FALSE
9748,CWHwh1,CWHwh1/111,Dr,2,Dr,2,HAK/SCS,FALSE
9749,CWHwh1,CWHwh1/111,Hw,2,Hw,1,HAK/SCS,FALSE
9750,CWHwh1,CWHwh1/111,Ss,1,Ss,1,HAK/SCS,FALSE
9751,CWHwh1,CWHwh1/111,Cw,NA,Cw,2,HAK/SCS,FALSE
9752,CWHwh1,CWHwh1/111,Tw,NA,Tw,2,HAK/SCS,FALSE
9753,CWHwh1,CWHwh1/111a,Dr,2,Dr,2,HAK/SCS,FALSE
9754,CWHwh1,CWHwh1/111a,Hw,2,Hw,1,HAK/SCS,FALSE
9755,CWHwh1,CWHwh1/111a,Ss,1,Ss,1,HAK/SCS,FALSE
9756,CWHwh1,CWHwh1/111a,Cw,NA,Cw,2,HAK/SCS,FALSE
9757,CWHwh1,CWHwh1/111b,Dr,2,Dr,2,HAK/SCS,FALSE
9758,CWHwh1,CWHwh1/111b,Hw,2,Hw,1,HAK/SCS,FALSE
9759,CWHwh1,CWHwh1/111b,Ss,1,Ss,1,HAK/SCS,FALSE
9760,CWHwh1,CWHwh1/111b,Cw,NA,Cw,2,HAK/SCS,FALSE
9761,CWHwh1,CWHwh1/111b,Tw,NA,Tw,2,HAK/SCS,FALSE
9762,CWHwh1,CWHwh1/111c,Dr,2,Dr,2,HAK/SCS,FALSE
9763,CWHwh1,CWHwh1/111c,Hw,2,Hw,1,HAK/SCS,FALSE
9764,CWHwh1,CWHwh1/111c,Ss,1,Ss,1,HAK/SCS,FALSE
9765,CWHwh1,CWHwh1/111c,Cw,NA,Cw,2,HAK/SCS,FALSE
9766,CWHwh1,CWHwh1/111c,Tw,NA,Tw,2,HAK/SCS,FALSE
9767,CWHwh1,CWHwh1/112,Dr,1,Dr,2,HAK/SCS,FALSE
9768,CWHwh1,CWHwh1/112,Hw,2,Hw,1,HAK/SCS,FALSE
9769,CWHwh1,CWHwh1/112,Ss,1,Ss,1,HAK/SCS,FALSE
9770,CWHwh1,CWHwh1/112,Cw,NA,Cw,2,HAK/SCS,FALSE
9771,CWHwh1,CWHwh1/112,Tw,NA,Tw,2,HAK/SCS,FALSE
9772,CWHwh1,CWHwh1/113,Dr,1,Dr,2,HAK/SCS,FALSE
9773,CWHwh1,CWHwh1/113,Hw,3,Hw,1,HAK/SCS,FALSE
9774,CWHwh1,CWHwh1/113,Ss,1,Ss,1,HAK/SCS,FALSE
9775,CWHwh1,CWHwh1/113,Cw,NA,Cw,2,HAK/SCS,FALSE
9776,CWHwh1,CWHwh1/114,Dr,1,Dr,1,HAK/SCS,FALSE
9777,CWHwh1,CWHwh1/114,Ss,3,Ss,3,HAK/SCS,FALSE
9778,CWHwh1,CWHwh1/114,Hw,NA,Hw,3,HAK/SCS,FALSE
9779,CWHwh1,CWHwh1/114,Cw,NA,Cw,4,HAK/SCS,FALSE
9780,CWHwh1,CWHwh1/115,Dr,3,Dr,3,HAK/SCS,FALSE
9781,CWHwh1,CWHwh1/115,Hm,3,Hm,3,HAK/SCS,FALSE
9782,CWHwh1,CWHwh1/115,Hw,2,Hw,1,HAK/SCS,FALSE
9783,CWHwh1,CWHwh1/115,Plc,3,Pl,3,HAK/SCS,FALSE
9784,CWHwh1,CWHwh1/115,Yc,2,Yc,1,HAK/SCS,FALSE
9785,CWHwh1,CWHwh1/115,Cw,NA,Cw,1,HAK/SCS,FALSE
9786,CWHwh1,CWHwh1/115,Tw,3,Tw,4,HAK/SCS,FALSE
9787,CWHwh1,CWHwh1/116,Dr,2,Dr,2,HAK/SCS,FALSE
9788,CWHwh1,CWHwh1/116,Hw,2,Hw,1,HAK/SCS,FALSE
9789,CWHwh1,CWHwh1/116,Ss,1,Ss,1,HAK/SCS,FALSE
9790,CWHwh1,CWHwh1/116,Cw,NA,Cw,1,HAK/SCS,FALSE
9791,CWHwh1,CWHwh1/116,Hm,2,Hm,5,HAK/SCS,FALSE
9792,CWHwh1,CWHwh1/117,Dr,3,Dr,3,HAK/SCS,FALSE
9793,CWHwh1,CWHwh1/117,Hw,3,Hw,3,HAK/SCS,FALSE
9794,CWHwh1,CWHwh1/117,Ss,2,Ss,2,HAK/SCS,FALSE
9795,CWHwh1,CWHwh1/117,Cw,NA,Cw,3,HAK/SCS,FALSE
9796,CWHwh1,CWHwh1/117,Yc,NA,Yc,3,HAK/SCS,FALSE
9797,CWHwh1,CWHwh1/118,Dr,3,Dr,3,HAK/SCS,FALSE
9798,CWHwh1,CWHwh1/118,Hw,3,Hw,2,HAK/SCS,FALSE
9799,CWHwh1,CWHwh1/118,Plc,3,Pl,3,HAK/SCS,FALSE
9800,CWHwh1,CWHwh1/118,Ss,2,Ss,2,HAK/SCS,FALSE
9801,CWHwh1,CWHwh1/118,Yc,3,Yc,3,HAK/SCS,FALSE
9802,CWHwh1,CWHwh1/118,Cw,NA,Cw,2,HAK/SCS,FALSE
9803,CWHwh1,CWHwh1/118a,Dr,3,Dr,3,HAK/SCS,FALSE
9804,CWHwh1,CWHwh1/118a,Hw,3,Hw,2,HAK/SCS,FALSE
9805,CWHwh1,CWHwh1/118a,Plc,3,Pl,3,HAK/SCS,FALSE
9806,CWHwh1,CWHwh1/118a,Ss,2,Ss,2,HAK/SCS,FALSE
9807,CWHwh1,CWHwh1/118a,Yc,5,Yc,4,HAK/SCS,FALSE
9808,CWHwh1,CWHwh1/118a,Cw,NA,Cw,3,HAK/SCS,FALSE
9809,CWHwh1,CWHwh1/118b,Dr,3,Dr,3,HAK/SCS,FALSE
9810,CWHwh1,CWHwh1/118b,Hw,3,Hw,2,HAK/SCS,FALSE
9811,CWHwh1,CWHwh1/118b,Plc,3,Pl,3,HAK/SCS,FALSE
9812,CWHwh1,CWHwh1/118b,Ss,3,Ss,2,HAK/SCS,FALSE
9813,CWHwh1,CWHwh1/118b,Yc,3,Yc,4,HAK/SCS,FALSE
9814,CWHwh1,CWHwh1/118b,Cw,NA,Cw,2,HAK/SCS,FALSE
9815,CWHwh1,CWHwh1/Wb51,Plc,2,Pl,3,HAK/SCS,FALSE
9816,CWHwh1,CWHwh1/Wb51,Yc,3,Yc,4,HAK/SCS,FALSE
9817,CWHwh1,CWHwh1/Wb51,Cw,NA,Cw,3,HAK/SCS,FALSE
9818,CWHwh1,CWHwh1/Wb51,Hw,NA,Hw,3,HAK/SCS,FALSE
9819,CWHwh1,CWHwh1/Wb51,Hm,2,Hm,4,HAK/SCS,FALSE
9820,CWHwh2,CWHwh2/101,Hm,3,Hm,3,HAK/SCS,FALSE
9821,CWHwh2,CWHwh2/101,Hw,1,Hw,1,HAK/SCS,FALSE
9822,CWHwh2,CWHwh2/101,Ss,2,Ss,2,HAK/SCS,FALSE
9823,CWHwh2,CWHwh2/101,Yc,1,Yc,1,HAK/SCS,FALSE
9824,CWHwh2,CWHwh2/101,Cw,NA,Cw,2,HAK/SCS,FALSE
9825,CWHwh2,CWHwh2/101a,Hm,3,Hm,3,HAK/SCS,FALSE
9826,CWHwh2,CWHwh2/101a,Hw,1,Hw,1,HAK/SCS,FALSE
9827,CWHwh2,CWHwh2/101a,Ss,2,Ss,2,HAK/SCS,FALSE
9828,CWHwh2,CWHwh2/101a,Yc,1,Yc,1,HAK/SCS,FALSE
9829,CWHwh2,CWHwh2/101a,Cw,NA,Cw,2,HAK/SCS,FALSE
9830,CWHwh2,CWHwh2/101b,Hm,3,Hm,3,HAK/SCS,FALSE
9831,CWHwh2,CWHwh2/101b,Hw,1,Hw,1,HAK/SCS,FALSE
9832,CWHwh2,CWHwh2/101b,Ss,2,Ss,2,HAK/SCS,FALSE
9833,CWHwh2,CWHwh2/101b,Yc,1,Yc,1,HAK/SCS,FALSE
9834,CWHwh2,CWHwh2/101b,Cw,NA,Cw,2,HAK/SCS,FALSE
9835,CWHwh2,CWHwh2/101c,Hm,3,Hm,3,HAK/SCS,FALSE
9836,CWHwh2,CWHwh2/101c,Hw,1,Hw,1,HAK/SCS,FALSE
9837,CWHwh2,CWHwh2/101c,Ss,2,Ss,2,HAK/SCS,FALSE
9838,CWHwh2,CWHwh2/101c,Yc,1,Yc,1,HAK/SCS,FALSE
9839,CWHwh2,CWHwh2/101c,Cw,NA,Cw,2,HAK/SCS,FALSE
9840,CWHwh2,CWHwh2/110,Hm,3,Hm,3,HAK/SCS,FALSE
9841,CWHwh2,CWHwh2/110,Hw,1,Hw,1,HAK/SCS,FALSE
9842,CWHwh2,CWHwh2/110,Ss,2,Ss,1,HAK/SCS,FALSE
9843,CWHwh2,CWHwh2/110,Yc,1,Yc,1,HAK/SCS,FALSE
9844,CWHwh2,CWHwh2/110,Cw,NA,Cw,1,HAK/SCS,FALSE
9845,CWHwh2,CWHwh2/111,Hm,2,Hm,2,HAK/SCS,FALSE
9846,CWHwh2,CWHwh2/111,Hw,2,Hw,2,HAK/SCS,FALSE
9847,CWHwh2,CWHwh2/111,Ss,3,Ss,3,HAK/SCS,FALSE
9848,CWHwh2,CWHwh2/111,Plc,2,Pl,4,HAK/SCS,FALSE
9849,CWHwh2,CWHwh2/111,Cw,NA,Cw,2,HAK/SCS,FALSE
9850,CWHwh2,CWHwh2/111,Yc,NA,Yc,2,HAK/SCS,FALSE
9851,CWHwh2,CWHwh2/112,Hm,3,Hm,3,HAK/SCS,FALSE
9852,CWHwh2,CWHwh2/112,Hw,2,Hw,2,HAK/SCS,FALSE
9853,CWHwh2,CWHwh2/112,Ss,2,Ss,2,HAK/SCS,FALSE
9854,CWHwh2,CWHwh2/112,Yc,1,Yc,2,HAK/SCS,FALSE
9855,CWHwh2,CWHwh2/112,Cw,NA,Cw,3,HAK/SCS,FALSE
9856,CWHwh2,CWHwh2/112a,Hm,3,Hm,3,HAK/SCS,FALSE
9857,CWHwh2,CWHwh2/112a,Hw,2,Hw,1,HAK/SCS,FALSE
9858,CWHwh2,CWHwh2/112a,Ss,2,Ss,1,HAK/SCS,FALSE
9859,CWHwh2,CWHwh2/112a,Yc,1,Yc,2,HAK/SCS,FALSE
9860,CWHwh2,CWHwh2/112a,Cw,NA,Cw,3,HAK/SCS,FALSE
9861,CWHwh2,CWHwh2/112b,Hm,3,Hm,3,HAK/SCS,FALSE
9862,CWHwh2,CWHwh2/112b,Hw,2,Hw,2,HAK/SCS,FALSE
9863,CWHwh2,CWHwh2/112b,Ss,2,Ss,2,HAK/SCS,FALSE
9864,CWHwh2,CWHwh2/112b,Yc,1,Yc,2,HAK/SCS,FALSE
9865,CWHwh2,CWHwh2/112b,Cw,NA,Cw,3,HAK/SCS,FALSE
9866,CWHwh2,CWHwh2/Wb53.1,Plc,NA,Plc,3,HAK/SCS,FALSE
9867,CWHwh2,CWHwh2/Wb53.1,Yc,NA,Yc,3,HAK/SCS,FALSE
9868,CWHxs,CWHxs/101,Bl,3,Bl,5,HAK/SCS,FALSE
9869,CWHxs,CWHxs/101.1,Bl,4,Bl,5,HAK/SCS,FALSE
9870,CWHxs,CWHxs/101.1,Ba,4,Ba,5,HAK/SCS,FALSE
9871,CWHxs,CWHxs/101.2,Ba,4,Ba,5,HAK/SCS,FALSE
9872,ESSFdc2,ESSFdc2/112,Pli,2,Pl,2,NA,FALSE
9873,ESSFdvp,ESSFdvp/00,Bl,3,Bl,3,NA,FALSE
9874,ESSFdvw,ESSFdvw/01,Bl,2,Bl,2,NA,FALSE
9875,ESSFdvw,ESSFdvw/01,Pa,2,Pa,2,NA,FALSE
9876,ESSFdvw,ESSFdvw/01,Pli,3,Pl,3,NA,FALSE
9877,ESSFdvw,ESSFdvw/01,Se,2,Sx,2,NA,FALSE
9878,ESSFdvw,ESSFdvw/02,At,3,At,3,NA,FALSE
9879,ESSFdvw,ESSFdvw/02,Bl,3,Bl,3,NA,FALSE
9880,ESSFdvw,ESSFdvw/02,Hm,2,Hm,2,NA,FALSE
9881,ESSFdvw,ESSFdvw/02,Pa,2,Pa,2,NA,FALSE
9882,ESSFdvw,ESSFdvw/02,Pli,2,Pl,2,NA,FALSE
9883,ESSFdvw,ESSFdvw/02,Se,3,Sx,3,NA,FALSE
9884,ESSFdvw,ESSFdvw/03,Bl,3,Bl,3,NA,FALSE
9885,ESSFdvw,ESSFdvw/03,Pa,2,Pa,2,NA,FALSE
9886,ESSFdvw,ESSFdvw/03,Pli,2,Pl,2,NA,FALSE
9887,ESSFdvw,ESSFdvw/03,Se,3,Sx,3,NA,FALSE
9888,ESSFdvw,ESSFdvw/04,Bl,3,Bl,3,NA,FALSE
9889,ESSFdvw,ESSFdvw/04,Fdi,5,Fd,5,NA,FALSE
9890,ESSFdvw,ESSFdvw/04,Pa,2,Pa,2,NA,FALSE
9891,ESSFdvw,ESSFdvw/04,Pli,2,Pl,2,NA,FALSE
9892,ESSFdvw,ESSFdvw/04,Se,2,Sx,2,NA,FALSE
9893,ESSFdvw,ESSFdvw/05,Bl,2,Bl,2,NA,FALSE
9894,ESSFdvw,ESSFdvw/05,Se,2,Sx,2,NA,FALSE
9895,ESSFdvw,ESSFdvw/06,Bl,2,Bl,2,NA,FALSE
9896,ESSFdvw,ESSFdvw/06,Pa,3,Pa,3,NA,FALSE
9897,ESSFdvw,ESSFdvw/06,Pli,1,Pl,1,NA,FALSE
9898,ESSFdvw,ESSFdvw/06,Se,2,Sx,2,NA,FALSE
9899,ESSFmw2,ESSFmw2/06,Pli,3,Pl,3,NA,FALSE
9900,ESSFmw2,ESSFmw2/07,Pli,3,Pl,3,NA,FALSE
9901,ESSFmwp,ESSFmwp/00,Bl,3,Bl,3,NA,FALSE
9902,ESSFunp,ESSFunp/00,Bl,3,Bl,3,NA,FALSE
9903,ESSFxc1,ESSFxc1/102,Fdi,3,Fd,3,NA,FALSE
9904,ESSFxc1,ESSFxc1/Ws08,Sx,NA,Sx,NA,NA,FALSE
9905,ESSFxc1,ESSFxc1/Ws08,Bl,NA,Bl,NA,NA,FALSE
9906,ESSFxc1,ESSFxc1/Ws12,Sx,NA,Sx,NA,NA,FALSE
9907,ESSFxc1,ESSFxc1/Ws12,Bl,NA,Bl,NA,NA,FALSE
9908,ESSFxc2,ESSFxc2/Ws08,Sx,NA,Sx,NA,NA,FALSE
9909,ESSFxc2,ESSFxc2/Ws08,Bl,NA,Bl,NA,NA,FALSE
9910,ESSFxc3,ESSFxc3/10,Bl,NA,Bl,NA,NA,FALSE
9911,ESSFxc3,ESSFxc3/10,Se,NA,Sx,NA,NA,FALSE
9912,ESSFxcp,ESSFxcp/00,Bl,3,Bl,3,NA,FALSE
9913,ESSFxv2,ESSFxv2/02,Sx,3,Sx,4,KI,FALSE
9914,ESSFxv2,ESSFxv2/03,At,3,At,4,KI,FALSE
9915,ESSFxvp,ESSFxvp/00,Bl,3,Bl,3,,FALSE
9916,ESSFxvw,ESSFxvw/01,Bl,2,Bl,2,NA,FALSE
9917,ESSFxvw,ESSFxvw/01,Pa,3,Pa,3,NA,FALSE
9918,ESSFxvw,ESSFxvw/01,Pli,2,Pl,2,NA,FALSE
9919,ESSFxvw,ESSFxvw/02,Bl,3,Bl,3,NA,FALSE
9920,ESSFxvw,ESSFxvw/02,Pa,2,Pa,2,NA,FALSE
9921,ESSFxvw,ESSFxvw/02,Pli,3,Pl,3,NA,FALSE
9922,ESSFxvw,ESSFxvw/03,Pa,2,Pa,2,NA,FALSE
9923,ESSFxvw,ESSFxvw/03,Pli,2,Pl,2,NA,FALSE
9924,ESSFxvw,ESSFxvw/04,Bl,2,Bl,2,NA,FALSE
9925,ESSFxvw,ESSFxvw/04,Pa,3,Pa,3,NA,FALSE
9926,ESSFxvw,ESSFxvw/04,Pli,2,Pl,2,NA,FALSE
9927,ESSFxvw,ESSFxvw/05,Bl,2,Bl,2,NA,FALSE
9928,ESSFxvw,ESSFxvw/05,Pa,3,Pa,3,NA,FALSE
9929,ESSFxvw,ESSFxvw/05,Pli,2,Pl,2,NA,FALSE
9930,ESSFxvw,ESSFxvw/06,Bl,2,Bl,2,NA,FALSE
9931,ESSFxvw,ESSFxvw/06,Pa,3,Pa,3,NA,FALSE
9932,ESSFxvw,ESSFxvw/06,Pli,2,Pl,2,NA,FALSE
9933,ESSFxvw,ESSFxvw/07,Bl,2,Bl,2,NA,FALSE
9934,ESSFxvw,ESSFxvw/07,Pli,2,Pl,2,NA,FALSE
9935,ESSFxvw,ESSFxvw/08,Bl,2,Bl,2,NA,FALSE
9936,ESSFxvw,ESSFxvw/08,Pli,2,Pl,2,NA,FALSE
9937,ESSFxvw,ESSFxvw/09,Bl,2,Bl,2,NA,FALSE
9938,ESSFxvw,ESSFxvw/09,Pli,2,Pl,2,NA,FALSE
9939,ESSFxvw,ESSFxvw/10,Bl,2,Bl,2,NA,FALSE
9940,ESSFxvw,ESSFxvw/10,Pli,3,Pl,3,NA,FALSE
9941,ESSFxvw,ESSFxvw/10,Sxw,2,Sx,2,NA,FALSE
9942,ICHdk,ICHdk/01,Lw,3,Lw,3,KI,TRUE
9943,ICHdk,ICHdk/04,Lw,3,Lw,2,KI,TRUE
9944,ICHdk,ICHdk/04,Ac,4,Ac,4,KI,FALSE
9945,ICHdk,ICHdk/05,Lw,3,Lw,3,KI,TRUE
9946,ICHdw3,ICHdw3/02,Lw,3,Lw,3,NA,TRUE
9947,ICHdw3,ICHdw3/08,At,3,At,3,NA,FALSE
9948,ICHdw3,ICHdw3/08,Ep,3,Ep,3,NA,FALSE
9949,ICHmc2,ICHmc2/01,Ba,5,Ba,5,NA,FALSE
9950,ICHmc2,ICHmc2/01,Ep,2,Ep,2,NA,FALSE
9951,ICHmc2,ICHmc2/02,At,3,At,3,NA,FALSE
9952,ICHmc2,ICHmc2/02,Ba,5,Ba,5,NA,FALSE
9953,ICHmc2,ICHmc2/02,Ep,3,Ep,3,NA,FALSE
9954,ICHmc2,ICHmc2/05,At,2,At,2,NA,FALSE
9955,ICHmc2,ICHmc2/05,Ep,1,Ep,1,NA,FALSE
9956,ICHmk3,ICHmk3/01,Lw,3,Lw,3,KI,TRUE
9957,ICHmk3,ICHmk3/03,Lw,3,Lw,2,KI,TRUE
9958,ICHmk3,ICHmk3/04,Lw,3,Lw,3,KI,TRUE
9959,ICHvc,ICHvc/01,At,3,At,3,NA,FALSE
9960,ICHvc,ICHvc/01,Ep,3,Ep,3,NA,FALSE
9961,ICHvc,ICHvc/01.1,At,3,At,3,NA,FALSE
9962,ICHvc,ICHvc/01.1,Ep,2,Ep,2,NA,FALSE
9963,ICHvc,ICHvc/01.2,At,3,At,3,NA,FALSE
9964,ICHvc,ICHvc/01.2,Ep,3,Ep,3,NA,FALSE
9965,ICHvc,ICHvc/02,At,3,At,3,NA,FALSE
9966,ICHvc,ICHvc/02,Ep,3,Ep,3,NA,FALSE
9967,ICHvc,ICHvc/02.1,At,3,At,3,NA,FALSE
9968,ICHvc,ICHvc/02.1,Ep,3,Ep,3,NA,FALSE
9969,ICHvc,ICHvc/02.2,At,3,At,3,NA,FALSE
9970,ICHvc,ICHvc/02.2,Ep,3,Ep,3,NA,FALSE
9971,ICHvc,ICHvc/03,At,3,At,3,NA,FALSE
9972,ICHvc,ICHvc/03,Ep,3,Ep,3,NA,FALSE
9973,ICHvc,ICHvc/03a,At,3,At,3,NA,FALSE
9974,ICHvc,ICHvc/03a,Ep,3,Ep,3,NA,FALSE
9975,ICHvc,ICHvc/03b,At,3,At,3,NA,FALSE
9976,ICHvc,ICHvc/03b,Ep,3,Ep,3,NA,FALSE
9977,ICHvc,ICHvc/04,At,3,At,3,NA,FALSE
9978,ICHvc,ICHvc/04,Ep,3,Ep,3,NA,FALSE
9979,ICHvc,ICHvc/05,At,3,At,3,NA,FALSE
9980,ICHvc,ICHvc/06,At,3,At,3,NA,FALSE
9981,ICHvc,ICHvc/06,Ep,3,Ep,3,NA,FALSE
9982,ICHwc,ICHwc/01,Act,3,Ac,3,NA,FALSE
9983,ICHwc,ICHwc/01,At,2,At,2,NA,FALSE
9984,ICHwc,ICHwc/01,Bl,1,Bl,1,NA,FALSE
9985,ICHwc,ICHwc/01,Ep,2,Ep,2,NA,FALSE
9986,ICHwc,ICHwc/01,Hw,1,Hw,1,NA,FALSE
9987,ICHwc,ICHwc/01,Pli,2,Pl,2,NA,FALSE
9988,ICHwc,ICHwc/01,Sxw,1,Sx,1,NA,FALSE
9989,ICHwc,ICHwc/02,At,3,At,3,NA,FALSE
9990,ICHwc,ICHwc/02,Bl,3,Bl,3,NA,FALSE
9991,ICHwc,ICHwc/02,Hw,3,Hw,3,NA,FALSE
9992,ICHwc,ICHwc/02,Pli,2,Pl,2,NA,FALSE
9993,ICHwc,ICHwc/03,At,2,At,2,NA,FALSE
9994,ICHwc,ICHwc/03,Bl,1,Bl,1,NA,FALSE
9995,ICHwc,ICHwc/03,Ep,2,Ep,2,NA,FALSE
9996,ICHwc,ICHwc/03,Hw,1,Hw,1,NA,FALSE
9997,ICHwc,ICHwc/03,Pli,1,Pl,1,NA,FALSE
9998,ICHwc,ICHwc/03,Sxw,1,Sx,1,NA,FALSE
9999,ICHwc,ICHwc/04,Act,3,Ac,3,NA,FALSE
10000,ICHwc,ICHwc/04,At,3,At,3,NA,FALSE
10001,ICHwc,ICHwc/04,Bl,1,Bl,1,NA,FALSE
10002,ICHwc,ICHwc/04,Ep,3,Ep,3,NA,FALSE
10003,ICHwc,ICHwc/04,Hw,2,Hw,2,NA,FALSE
10004,ICHwc,ICHwc/04,Pli,3,Pl,3,NA,FALSE
10005,ICHwc,ICHwc/04,Sxw,1,Sx,1,NA,FALSE
10006,ICHwc,ICHwc/05,Act,3,Ac,3,NA,FALSE
10007,ICHwc,ICHwc/05,At,3,At,3,NA,FALSE
10008,ICHwc,ICHwc/05,Bl,1,Bl,1,NA,FALSE
10009,ICHwc,ICHwc/05,Ep,3,Ep,3,NA,FALSE
10010,ICHwc,ICHwc/05,Hw,2,Hw,2,NA,FALSE
10011,ICHwc,ICHwc/05,Pli,3,Pl,3,NA,FALSE
10012,ICHwc,ICHwc/05,Sxw,1,Sx,1,NA,FALSE
10013,ICHwc,ICHwc/06,Act,1,Ac,1,NA,FALSE
10014,ICHwc,ICHwc/06,At,3,At,3,NA,FALSE
10015,ICHwc,ICHwc/06,Bl,1,Bl,1,NA,FALSE
10016,ICHwc,ICHwc/06,Ep,3,Ep,3,NA,FALSE
10017,ICHwc,ICHwc/06,Hw,3,Hw,3,NA,FALSE
10018,ICHwc,ICHwc/06,Pli,3,Pl,3,NA,FALSE
10019,ICHwc,ICHwc/06,Sxw,1,Sx,1,NA,FALSE
10020,ICHwc,ICHwc/07,Bl,2,Bl,2,NA,FALSE
10021,ICHwc,ICHwc/07,Hw,3,Hw,3,NA,FALSE
10022,ICHwc,ICHwc/07,Pli,3,Pl,3,NA,FALSE
10023,ICHwc,ICHwc/07,Sxw,1,Sx,1,NA,FALSE
10024,ICHwc,ICHwc/08,Act,3,Ac,3,NA,FALSE
10025,ICHwc,ICHwc/08,At,3,At,3,NA,FALSE
10026,ICHwc,ICHwc/08,Bl,1,Bl,1,NA,FALSE
10027,ICHwc,ICHwc/08,Ep,3,Ep,3,NA,FALSE
10028,ICHwc,ICHwc/08,Hw,3,Hw,3,NA,FALSE
10029,ICHwc,ICHwc/08,Sxw,1,Sx,1,NA,FALSE
10030,ICHwk2,ICHwk2/01,Lw,3,Lw,3,KI,TRUE
10031,ICHwk2,ICHwk2/01a,Lw,3,Lw,3,KI,TRUE
10032,ICHwk2,ICHwk2/01b,Lw,3,Lw,3,KI,TRUE
10033,ICHwk2,ICHwk2/02,Ep,3,Ep,3,KI,FALSE
10034,ICHwk2,ICHwk2/04,Lw,3,Lw,3,KI,TRUE
10035,ICHwk2,ICHwk2/05,Lw,3,Lw,4,KI,TRUE
10036,IDFdk1,IDFdk1/Fm02,Act,1,Ac,1,NA,FALSE
10037,IDFdk1,IDFdk1/Fm02,At,2,At,2,NA,FALSE
10038,IDFdk1,IDFdk1/Fm02,Ep,2,Ep,2,NA,FALSE
10039,IDFdk1,IDFdk1/Fm02,Fdi,3,Fd,3,NA,FALSE
10040,IDFdk1,IDFdk1/Fm02,Pli,3,Pl,3,NA,FALSE
10041,IDFdk1,IDFdk1/Fm02,Sxw,2,Sx,2,NA,FALSE
10042,IDFdk1,IDFdk1/Fm05,Act,1,Ac,1,NA,FALSE
10043,IDFdk1,IDFdk1/Fm05,At,2,At,2,NA,FALSE
10044,IDFdk1,IDFdk1/Fm05,Ep,2,Ep,2,NA,FALSE
10045,IDFdk1,IDFdk1/Fm05,Fdi,2,Fd,2,NA,FALSE
10046,IDFdk1,IDFdk1/Fm05,Pli,3,Pl,3,NA,FALSE
10047,IDFdk1,IDFdk1/Fm05,Sxw,2,Sx,2,NA,FALSE
10048,IDFdk2,IDFdk2/Fm02,Act,1,Ac,1,NA,FALSE
10049,IDFdk2,IDFdk2/Fm02,At,2,At,2,NA,FALSE
10050,IDFdk2,IDFdk2/Fm02,Ep,2,Ep,2,NA,FALSE
10051,IDFdk2,IDFdk2/Fm02,Fdi,3,Fd,3,NA,FALSE
10052,IDFdk2,IDFdk2/Fm02,Pli,3,Pl,3,NA,FALSE
10053,IDFdk2,IDFdk2/Fm02,Sxw,2,Sx,2,NA,FALSE
10054,IDFdk3,IDFdk3/01,Lw,3,Lw,3,KI,TRUE
10055,IDFdk3,IDFdk3/06,Sx,4,Sx,4,KI,FALSE
10056,IDFdk4,IDFdk4/01,Lw,3,Lw,3,KI,TRUE
10057,IDFdk4,IDFdk4/01,Sxw,5,Sx,4,KI,FALSE
10058,IDFmw2,IDFmw2/05,At,3,At,3,NA,FALSE
10059,IDFmw2,IDFmw2/05,Bl,3,Bl,3,NA,FALSE
10060,IDFmw2,IDFmw2/05,Sxw,2,Sx,2,NA,FALSE
10061,IDFxh1,IDFxh1/111,Cw,2,Cw,2,NA,FALSE
10062,IDFxh1,IDFxh1/111,Fdi,1,Fd,1,NA,FALSE
10063,IDFxh1,IDFxh1/111,Sxw,2,Sx,2,NA,FALSE
10064,IDFxh1,IDFxh1/Fm01,Act,1,Ac,1,NA,FALSE
10065,IDFxh1,IDFxh1/Fm01,At,2,At,2,NA,FALSE
10066,IDFxh1,IDFxh1/Fm01,Cw,3,Cw,3,NA,FALSE
10067,IDFxh1,IDFxh1/Fm01,Ep,2,Ep,2,NA,FALSE
10068,IDFxh1,IDFxh1/Fm01,Fdi,3,Fd,3,NA,FALSE
10069,IDFxh1,IDFxh1/Fm01,Pyi,3,Py,3,NA,FALSE
10070,IDFxh1,IDFxh1/Fm01,Sxw,3,Sx,3,NA,FALSE
10071,IDFxh1,IDFxh1/Fm05,Act,1,Ac,1,NA,FALSE
10072,IDFxh1,IDFxh1/Fm05,At,2,At,2,NA,FALSE
10073,IDFxh1,IDFxh1/Fm05,Cw,3,Cw,3,NA,FALSE
10074,IDFxh1,IDFxh1/Fm05,Ep,2,Ep,2,NA,FALSE
10075,IDFxh1,IDFxh1/Fm05,Fdi,3,Fd,3,NA,FALSE
10076,IDFxh1,IDFxh1/Fm05,Pyi,3,Py,3,NA,FALSE
10077,IDFxh1,IDFxh1/Fm05,Sxw,3,Sx,3,NA,FALSE
10078,IDFxh2,IDFxh2/110,Pyi,2,Py,2,NA,FALSE
10079,IDFxh2,IDFxh2/Fm01,Act,1,Ac,1,NA,FALSE
10080,IDFxh2,IDFxh2/Fm01,At,2,At,2,NA,FALSE
10081,IDFxh2,IDFxh2/Fm01,Ep,2,Ep,2,NA,FALSE
10082,IDFxh2,IDFxh2/Fm01,Fdi,3,Fd,3,NA,FALSE
10083,IDFxh2,IDFxh2/Fm01,Sxw,2,Sx,2,NA,FALSE
10084,IDFxh2,IDFxh2/Fm02,Act,1,Ac,1,NA,FALSE
10085,IDFxh2,IDFxh2/Fm02,At,2,At,2,NA,FALSE
10086,IDFxh2,IDFxh2/Fm02,Ep,2,Ep,2,NA,FALSE
10087,IDFxh2,IDFxh2/Fm02,Fdi,3,Fd,3,NA,FALSE
10088,IDFxh2,IDFxh2/Fm02,Sxw,2,Sx,2,NA,FALSE
10089,IDFxh2,IDFxh2/Fm05,Act,1,Ac,1,NA,FALSE
10090,IDFxh2,IDFxh2/Fm05,At,2,At,2,NA,FALSE
10091,IDFxh2,IDFxh2/Fm05,Cw,3,Cw,3,NA,FALSE
10092,IDFxh2,IDFxh2/Fm05,Ep,2,Ep,2,NA,FALSE
10093,IDFxh2,IDFxh2/Fm05,Fdi,2,Fd,2,NA,FALSE
10094,IDFxm,IDFxm/03,At,3,At,3,KI,FALSE
10095,IDFxx1,IDFxx1/101,Fdi,2,Fd,2,NA,FALSE
10096,IDFxx1,IDFxx1/101,Pyi,1,Py,1,NA,FALSE
10097,IDFxx1,IDFxx1/102,Fdi,5,Fd,5,NA,FALSE
10098,IDFxx1,IDFxx1/102,Pyi,2,Py,2,NA,FALSE
10099,IDFxx1,IDFxx1/103,Fdi,5,Fd,5,NA,FALSE
10100,IDFxx1,IDFxx1/103,Pyi,2,Py,2,NA,FALSE
10101,IDFxx1,IDFxx1/104,Fdi,3,Fd,3,NA,FALSE
10102,IDFxx1,IDFxx1/104,Pyi,1,Py,1,NA,FALSE
10103,IDFxx1,IDFxx1/110,Fdi,1,Fd,1,NA,FALSE
10104,IDFxx1,IDFxx1/110,Pyi,2,Py,2,NA,FALSE
10105,IDFxx1,IDFxx1/111,At,2,At,2,NA,FALSE
10106,IDFxx1,IDFxx1/111,Ep,2,Ep,2,NA,FALSE
10107,IDFxx1,IDFxx1/111,Fdi,5,Fd,5,NA,FALSE
10108,IDFxx1,IDFxx1/111,Lw,2,Lw,2,NA,FALSE
10109,IDFxx1,IDFxx1/111,Pyi,2,Py,2,NA,FALSE
10110,MSdc2,MSdc2/01,Bl,2,Bl,2,KI,FALSE
10111,MSdc2,MSdc2/01,Fdi,2,Fd,3,KI,FALSE
10112,MSdc2,MSdc2/01,Pa,3,Pa,3,KI,FALSE
10113,MSdc2,MSdc2/01,Pli,1,Pl,1,KI,FALSE
10114,MSdc2,MSdc2/01,Sxw,1,Sx,2,KI,FALSE
10115,MSdc2,MSdc2/02,Bl,3,Bl,3,KI,FALSE
10116,MSdc2,MSdc2/02,Fdi,2,Fd,2,KI,FALSE
10117,MSdc2,MSdc2/02,Pa,3,Pa,3,KI,FALSE
10118,MSdc2,MSdc2/02,Pli,2,Pl,2,KI,FALSE
10119,MSdc2,MSdc2/03,Bl,2,Bl,3,KI,FALSE
10120,MSdc2,MSdc2/03,Fdi,1,Fd,1,KI,FALSE
10121,MSdc2,MSdc2/03,Pa,3,Pa,3,KI,FALSE
10122,MSdc2,MSdc2/03,Pli,1,Pl,1,KI,FALSE
10123,MSdc2,MSdc2/04,Bl,2,Bl,2,KI,FALSE
10124,MSdc2,MSdc2/04,Pa,3,Pa,3,KI,FALSE
10125,MSdc2,MSdc2/04,Pli,1,Pl,1,KI,FALSE
10126,MSdc2,MSdc2/04,Sxw,2,Sx,2,KI,FALSE
10127,MSdc2,MSdc2/05,Bl,1,Bl,1,KI,FALSE
10128,MSdc2,MSdc2/05,Pli,1,Pl,1,KI,FALSE
10129,MSdc2,MSdc2/05,Sxw,1,Sx,1,KI,FALSE
10130,MSdc2,MSdc2/06,Bl,1,Bl,1,KI,FALSE
10131,MSdc2,MSdc2/06,Pli,1,Pl,2,KI,FALSE
10132,MSdc2,MSdc2/06,Sxw,1,Sx,1,KI,FALSE
10133,MSdc2,MSdc2/07,Bl,1,Bl,1,KI,FALSE
10134,MSdc2,MSdc2/07,Pli,2,Pl,2,KI,FALSE
10135,MSdc2,MSdc2/07,Sxw,1,Sx,1,KI,FALSE
10136,MSdc2,MSdc2/08,Bl,2,Bl,3,KI,FALSE
10137,MSdc2,MSdc2/08,Pli,2,Pl,3,KI,FALSE
10138,MSdc2,MSdc2/08,Sxw,1,Sx,1,KI,FALSE
10139,MSdc3,MSdc3/03,Bl,3,Bl,3,NA,FALSE
10140,MSdc3,MSdc3/03,Sxw,3,Sx,3,NA,FALSE
10141,MSdm2,MSdm2/102,Pyi,3,Py,3,NA,FALSE
10142,MSdm3,MSdm3/03,Bl,3,Bl,3,NA,FALSE
10143,MSdv,MSdv/01,Bl,2,Bl,1,KI,FALSE
10144,MSdv,MSdv/01,Pli,1,Pl,1,KI,FALSE
10145,MSdv,MSdv/01,Sxw,1,Sx,1,KI,FALSE
10146,MSdv,MSdv/02,Pli,2,Pl,2,KI,FALSE
10147,MSdv,MSdv/03,Bl,3,Bl,3,KI,FALSE
10148,MSdv,MSdv/03,Pli,1,Pl,1,KI,FALSE
10149,MSdv,MSdv/03,Sxw,3,Sx,3,KI,FALSE
10150,MSdv,MSdv/04,Bl,3,Bl,3,KI,FALSE
10151,MSdv,MSdv/04,Pli,1,Pl,1,KI,FALSE
10152,MSdv,MSdv/04,Sxw,3,Sx,3,KI,FALSE
10153,MSdv,MSdv/05,Bl,3,Bl,3,KI,FALSE
10154,MSdv,MSdv/05,Pli,1,Pl,1,KI,FALSE
10155,MSdv,MSdv/05,Sxw,3,Sx,3,KI,FALSE
10156,MSdv,MSdv/06,Bl,2,Bl,2,KI,FALSE
10157,MSdv,MSdv/06,Pli,1,Pl,1,KI,FALSE
10158,MSdv,MSdv/06,Sxw,2,Sx,1,KI,FALSE
10159,MSdv,MSdv/07,Bl,2,Bl,2,KI,FALSE
10160,MSdv,MSdv/07,Pli,1,Pl,1,KI,FALSE
10161,MSdv,MSdv/07,Sxw,1,Sx,1,KI,FALSE
10162,MSdv,MSdv/08,Bl,2,Bl,2,KI,FALSE
10163,MSdv,MSdv/08,Pli,2,Pl,2,KI,FALSE
10164,MSdv,MSdv/08,Sxw,1,Sx,1,KI,FALSE
10165,MSdv,MSdv/09,Bl,2,Bl,3,KI,FALSE
10166,MSdv,MSdv/09,Pli,2,Pl,2,KI,FALSE
10167,MSdv,MSdv/09,Sxw,1,Sx,1,KI,FALSE
10168,MSxk1,MSxk1/101a,Fdi,3,Fd,3,NA,FALSE
10169,MSxk1,MSxk1/101a,Lw,3,Lw,3,NA,TRUE
10170,MSxk1,MSxk1/101a,Pli,1,Pl,1,NA,FALSE
10171,MSxk1,MSxk1/101b,Bl,3,Bl,3,NA,FALSE
10172,MSxk1,MSxk1/101b,Pli,1,Pl,1,NA,FALSE
10173,MSxv,MSxv/01,Lw,5,Lw,5,KI,TRUE
10174,PPxh1,PPxh1/Fm01,Act,1,Ac,1,NA,FALSE
10175,PPxh1,PPxh1/Fm01,At,2,At,2,NA,FALSE
10176,PPxh1,PPxh1/Fm01,Ep,2,Ep,2,NA,FALSE
10177,PPxh1,PPxh1/Fm01,Fdi,3,Fd,3,NA,FALSE
10178,PPxh1,PPxh1/Fm01,Pyi,3,Py,3,NA,FALSE
10179,PPxh1,PPxh1/Fm05,Act,1,Ac,1,NA,FALSE
10180,PPxh1,PPxh1/Fm05,At,2,At,2,NA,FALSE
10181,PPxh1,PPxh1/Fm05,Ep,2,Ep,2,NA,FALSE
10182,PPxh1,PPxh1/Fm05,Fdi,3,Fd,3,NA,FALSE
10183,PPxh1,PPxh1/Fm05,Pyi,3,Py,3,NA,FALSE
10184,PPxh1,PPxh1/Fm06,Act,1,Ac,1,NA,FALSE
10185,PPxh1,PPxh1/Fm06,At,2,At,2,NA,FALSE
10186,PPxh1,PPxh1/Fm06,Ep,2,Ep,2,NA,FALSE
10187,PPxh1,PPxh1/Fm06,Fdi,3,Fd,3,NA,FALSE
10188,PPxh1,PPxh1/Fm06,Pyi,3,Py,3,NA,FALSE
10189,PPxh2,BGxh2/Fm05,Act,1,Ac,1,NA,FALSE
10190,PPxh2,BGxh2/Fm05,At,2,At,2,NA,FALSE
10191,PPxh2,BGxh2/Fm05,Ep,2,Ep,2,NA,FALSE
10192,PPxh2,BGxh2/Fm05,Fdi,3,Fd,3,NA,FALSE
10193,PPxh2,BGxh2/Fm05,Pyi,3,Py,3,NA,FALSE
10194,PPxh2,PPxh2/Fm01,Act,1,Ac,1,NA,FALSE
10195,PPxh2,PPxh2/Fm01,At,2,At,2,NA,FALSE
10196,PPxh2,PPxh2/Fm01,Ep,2,Ep,2,NA,FALSE
10197,PPxh2,PPxh2/Fm01,Fdi,3,Fd,3,NA,FALSE
10198,PPxh2,PPxh2/Fm01,Pyi,3,Py,3,NA,FALSE
10199,PPxh2,PPxh2/Fm01,Sxw,3,Sx,3,NA,FALSE
10200,PPxh2,PPxh2/Fm05,Act,1,Ac,1,NA,FALSE
10201,PPxh2,PPxh2/Fm05,At,2,At,2,NA,FALSE
10202,PPxh2,PPxh2/Fm05,Cw,3,Cw,3,NA,FALSE
10203,PPxh2,PPxh2/Fm05,Ep,2,Ep,2,NA,FALSE
10204,PPxh2,PPxh2/Fm05,Fdi,2,Fd,2,NA,FALSE
10205,PPxh2,PPxh2/Fm05,Pyi,3,Py,3,NA,FALSE
10206,PPxh2,PPxh2/Fm05,Sxw,3,Sx,3,NA,FALSE
10207,SBPSmk,SBPSmk/01,Lw,3,Lw,2,KI,TRUE
10208,SBPSxc,SBPSxc/02,Fdi,5,Fd,4,KI,FALSE
10209,SBPSxc,SBPSxc/02a,Fdi,5,Fd,4,KI,FALSE
10210,SBPSxc,SBPSxc/02b,Fdi,5,Fd,5,KI,FALSE
10211,SBPSxc,SBPSxc/02c,Fdi,5,Fd,4,KI,FALSE
10212,SBPSxc,SBPSxc/05,Hw,1,Hw,5,KI,FALSE
10213,SBSdh2,SBSdh2/01,At,3,At,3,NA,FALSE
10214,SBSdh2,SBSdh2/01,Bl,2,Bl,2,NA,FALSE
10215,SBSdh2,SBSdh2/01,Ep,3,Ep,3,NA,FALSE
10216,SBSdh2,SBSdh2/01,Fdi,3,Fd,3,NA,FALSE
10217,SBSdh2,SBSdh2/01,Pli,1,Pl,1,NA,FALSE
10218,SBSdh2,SBSdh2/01,Sxw,1,Sx,1,NA,FALSE
10219,SBSdh2,SBSdh2/02,Pli,2,Pl,2,NA,FALSE
10220,SBSdh2,SBSdh2/02,Sxw,3,Sx,3,NA,FALSE
10221,SBSdh2,SBSdh2/03,Fdi,3,Fd,3,NA,FALSE
10222,SBSdh2,SBSdh2/03,Pli,1,Pl,1,NA,FALSE
10223,SBSdh2,SBSdh2/03,Pw,3,Pw,3,NA,FALSE
10224,SBSdh2,SBSdh2/04,Fdi,3,Fd,3,NA,FALSE
10225,SBSdh2,SBSdh2/04,Pli,1,Pl,1,NA,FALSE
10226,SBSdh2,SBSdh2/04,Sxw,2,Sx,2,NA,FALSE
10227,SBSdh2,SBSdh2/05,At,3,At,3,NA,FALSE
10228,SBSdh2,SBSdh2/05,Pli,1,Pl,1,NA,FALSE
10229,SBSdh2,SBSdh2/05,Sb,3,Sb,3,NA,FALSE
10230,SBSdh2,SBSdh2/05,Sxw,3,Sx,3,NA,FALSE
10231,SBSdh2,SBSdh2/06,At,2,At,2,NA,FALSE
10232,SBSdh2,SBSdh2/06,Bl,2,Bl,2,NA,FALSE
10233,SBSdh2,SBSdh2/06,Ep,3,Ep,3,NA,FALSE
10234,SBSdh2,SBSdh2/06,Fdi,3,Fd,3,NA,FALSE
10235,SBSdh2,SBSdh2/06,Pli,1,Pl,1,NA,FALSE
10236,SBSdh2,SBSdh2/06,Sxw,1,Sx,1,NA,FALSE
10237,SBSdh2,SBSdh2/07,Act,2,Ac,2,NA,FALSE
10238,SBSdh2,SBSdh2/07,At,2,At,2,NA,FALSE
10239,SBSdh2,SBSdh2/07,Bl,2,Bl,2,NA,FALSE
10240,SBSdh2,SBSdh2/07,Ep,3,Ep,3,NA,FALSE
10241,SBSdh2,SBSdh2/07,Fdi,5,Fd,5,NA,FALSE
10242,SBSdh2,SBSdh2/07,Pli,3,Pl,3,NA,FALSE
10243,SBSdh2,SBSdh2/07,Sxw,1,Sx,1,NA,FALSE
10244,SBSdh2,SBSdh2/08,Pli,3,Pl,3,NA,FALSE
10245,SBSdh2,SBSdh2/08,Sb,1,Sb,1,NA,FALSE
10246,SBSdh2,SBSdh2/08,Sxw,1,Sx,1,NA,FALSE
10247,SBSmm,SBSmm/08,Bl,2,Bl,2,NA,FALSE
10248,SBSun,SBSun/h,Bl,1,Bl,1,NA,FALSE
10249,SBSun,SBSun/m,Bl,1,Bl,1,NA,FALSE
10250,SBSun,SBSun/x,Bl,1,Bl,1,NA,FALSE
10251,SWBvk,SWBvk/h,Sw,3,Sx,3,NA,FALSE
10252,SWBvk,SWBvk/m,Sw,2,Sx,2,NA,FALSE
10253,SWBvk,SWBvk/x,Sw,2,Sx,2,NA,FALSE
10254,BGdh_OR,BGdh_OR/110,Ju,1,Ju,2,dvm26,FALSE
10255,BGdh_OR,BGdh_OR/110,Jw,3,Jw,3,NA,FALSE
10256,BGdh_OR,BGdh_OR/110,Pn,3,Pn,5,WHM,FALSE
10257,BGdh_OR,BGdh_OR/111,Aa,1,Aa,2,dvm26,FALSE
10258,BGdh_OR,BGdh_OR/111,Act,5,Ac,2,dvm26,FALSE
10259,BGdh_OR,BGdh_OR/111,Pyi,5,Py,5,NA,FALSE
10260,BGdh_OR,BGdh_OR/Gg1,X,NA,X,NA,NA,FALSE
10261,BGdh_OR,BGdh_OR/Gg2,Ju,3,Ju,3,NA,FALSE
10262,BGdh_OR,BGdh_OR/Gg2,Jw,3,Jw,3,NA,FALSE
10263,BGdh_OR,BGdh_OR/Ro,X,NA,X,NA,NA,FALSE
10264,BGdw_OR,BGdw_OR/110,Fdi,1,Fd,2,dvm26,FALSE
10265,BGdw_OR,BGdw_OR/110,Pyi,1,Py,1,NA,FALSE
10266,BGdw_OR,BGdw_OR/111,Act,2,Ac,2,NA,FALSE
10267,BGdw_OR,BGdw_OR/Gg,X,NA,X,NA,NA,FALSE
10268,BGdw_OR,BGdw_OR/Ro,X,NA,X,NA,NA,FALSE
10269,BGdw_WA,BGdw_WA/110,Fdi,1,Fd,2,dvm26,FALSE
10270,BGdw_WA,BGdw_WA/110,Pyi,1,Py,1,NA,FALSE
10271,BGdw_WA,BGdw_WA/111,Act,2,Ac,1,dvm26,FALSE
10272,BGdw_WA,BGdw_WA/Gg,X,NA,X,NA,NA,FALSE
10273,BGdw_WA,BGdw_WA/Ro,X,NA,X,NA,NA,FALSE
10274,BGmk_ID,BGmk_ID/110,At,1,At,1,NA,FALSE
10275,BGmk_ID,BGmk_ID/110,Jr,3,Jr,3,NA,FALSE
10276,BGmk_ID,BGmk_ID/110,Om,3,Om,3,NA,FALSE
10277,BGmk_ID,BGmk_ID/111,Act,1,Ac,1,NA,FALSE
10278,BGmk_ID,BGmk_ID/111,At,2,At,2,NA,FALSE
10279,BGmk_ID,BGmk_ID/Gg,Jr,3,Jr,3,NA,FALSE
10280,BGmk_ID,BGmk_ID/Gg,Pf,3,Pf,3,NA,FALSE
10281,BGmk_ID,BGmk_ID/Ro,X,NA,X,NA,NA,FALSE
10282,BGmk_MT,BGmk_MT/110,Fdi,1,Fd,2,dvm26,FALSE
10283,BGmk_MT,BGmk_MT/110,Jr,3,Jr,2,dvm26,FALSE
10284,BGmk_MT,BGmk_MT/110,Jr,3,Jr,2,dvm26,FALSE
10285,BGmk_MT,BGmk_MT/111,Aa,2,Aa,2,NA,FALSE
10286,BGmk_MT,BGmk_MT/111,Act,5,Ac,5,NA,FALSE
10287,BGmk_MT,BGmk_MT/111,Fdi,2,Fd,2,NA,FALSE
10288,BGmk_MT,BGmk_MT/Gg1,X,NA,X,NA,NA,FALSE
10289,BGmk_MT,BGmk_MT/Gg2,Jr,3,Jr,3,NA,FALSE
10290,BGmk_MT,BGmk_MT/Ro,X,NA,X,NA,NA,FALSE
10291,BGmk_NV,BGmk_NV/110,At,1,At,2,dvm26,FALSE
10292,BGmk_NV,BGmk_NV/110,Jw,3,Jw,5,dvm26,FALSE
10293,BGmk_NV,BGmk_NV/110,Om,3,Om,2,dvm26,FALSE
10294,BGmk_NV,BGmk_NV/111,Aa,3,Aa,3,NA,FALSE
10295,BGmk_NV,BGmk_NV/111,Act,3,Ac,3,NA,FALSE
10296,BGmk_NV,BGmk_NV/111,Af,2,Af,3,dvm26,FALSE
10297,BGmk_NV,BGmk_NV/111,At,1,At,1,NA,FALSE
10298,BGmk_NV,BGmk_NV/Gg1,X,NA,X,NA,NA,FALSE
10299,BGmk_NV,BGmk_NV/Gg2,Om,3,Om,3,NA,FALSE
10300,BGmk_NV,BGmk_NV/Ro,X,NA,X,NA,NA,FALSE
10301,BGmm_MT,BGmm_MT/110,Fdi,1,Fd,1,NA,FALSE
10302,BGmm_MT,BGmm_MT/110,Jr,3,Jr,3,NA,FALSE
10303,BGmm_MT,BGmm_MT/111,Act,2,Ac,2,NA,FALSE
10304,BGmm_MT,BGmm_MT/111,Fdi,5,Fd,5,NA,FALSE
10305,BGmm_MT,BGmm_MT/Gg1,X,NA,X,NA,NA,FALSE
10306,BGmm_MT,BGmm_MT/Gg2,Jr,3,Jr,3,NA,FALSE
10307,BGmm_MT,BGmm_MT/Ro,X,NA,X,NA,NA,FALSE
10308,BGmw_OR,BGmw_OR/110,Fdi,2,Fd,2,NA,FALSE
10309,BGmw_OR,BGmw_OR/110,Pyi,1,Py,1,NA,FALSE
10310,BGmw_OR,BGmw_OR/111,Act,2,Ac,1,dvm26,FALSE
10311,BGmw_OR,BGmw_OR/Gg,X,NA,X,NA,NA,FALSE
10312,BGmw_OR,BGmw_OR/Ro,X,NA,X,NA,NA,FALSE
10313,BGmw_WA,BGmw_WA/110,Fdi,2,Fd,2,NA,FALSE
10314,BGmw_WA,BGmw_WA/110,Pyi,1,Py,1,NA,FALSE
10315,BGmw_WA,BGmw_WA/111,Act,2,Ac,2,NA,FALSE
10316,BGmw_WA,BGmw_WA/111,Fdi,5,Fd,5,NA,FALSE
10317,BGmw_WA,BGmw_WA/111,Pyi,5,Py,5,NA,FALSE
10318,BGmw_WA,BGmw_WA/Gg,X,NA,X,NA,NA,FALSE
10319,BGmw_WA,BGmw_WA/Ro,X,NA,X,NA,NA,FALSE
10320,BGwm_WA,BGwm_WA/110,Fdi,1,Fd,1,NA,FALSE
10321,BGwm_WA,BGwm_WA/110,Pyi,1,Py,1,NA,FALSE
10322,BGwm_WA,BGwm_WA/111,Act,2,Ac,1,dvm26,FALSE
10323,BGwm_WA,BGwm_WA/111,Fdi,5,Fd,5,NA,FALSE
10324,BGwm_WA,BGwm_WA/111,Pyi,5,Py,5,NA,FALSE
10325,BGwm_WA,BGwm_WA/Gg,X,NA,X,NA,NA,FALSE
10326,BGwm_WA,BGwm_WA/Ro,X,NA,X,NA,NA,FALSE
10327,BGxh_WA,BGxh_WA/110,Pyi,2,Py,2,NA,FALSE
10328,BGxh_WA,BGxh_WA/110,Qg,3,Qg,3,NA,FALSE
10329,BGxh_WA,BGxh_WA/111,Act,2,Ac,2,NA,FALSE
10330,BGxh_WA,BGxh_WA/111,Fdi,5,Fd,5,NA,FALSE
10331,BGxh_WA,BGxh_WA/111,Pyi,5,Py,5,NA,FALSE
10332,BGxh_WA,BGxh_WA/Gg1,X,NA,X,NA,NA,FALSE
10333,BGxh_WA,BGxh_WA/Gg2,Jw,3,Jw,3,NA,FALSE
10334,BGxh_WA,BGxh_WA/Ro,X,NA,X,NA,NA,FALSE
10335,BGxx_WY,BGxx_WY/110,Jr,3,Jr,5,dvm26,FALSE
10336,BGxx_WY,BGxx_WY/110,Ju,1,Ju,2,dvm26,FALSE
10337,BGxx_WY,BGxx_WY/110,Pe,2,Pe,3,dvm26,FALSE
10338,BGxx_WY,BGxx_WY/111,Aa,1,Aa,1,NA,FALSE
10339,BGxx_WY,BGxx_WY/Gg1,X,NA,X,NA,NA,FALSE
10340,BGxx_WY,BGxx_WY/Gg2,X,NA,X,NA,NA,FALSE
10341,BGxx_WY,BGxx_WY/Ro,X,NA,X,NA,NA,FALSE
10342,BGxxx_WY,BGxxx_WY/110,Jr,3,Jr,3,dvm26,FALSE
10343,BGxxx_WY,BGxxx_WY/110,Ju,1,Ju,2,dvm26,FALSE
10344,BGxxx_WY,BGxxx_WY/110,Pe,2,Pe,2,NA,FALSE
10345,BGxxx_WY,BGxxx_WY/111,Aa,1,Aa,1,NA,FALSE
10346,BGxxx_WY,BGxxx_WY/Gg1,X,NA,X,NA,NA,FALSE
10347,BGxxx_WY,BGxxx_WY/Gg2,X,NA,X,NA,NA,FALSE
10348,BGxxx_WY,BGxxx_WY/Ro,X,NA,X,NA,NA,FALSE
10349,BSJPap,BSJPap/a,Ep,3,Ep,3,NA,FALSE
10350,BSJPap,BSJPap/a,Pj,1,Pj,1,NA,FALSE
10351,BSJPap,BSJPap/b,Acb,3,Ac,3,NA,FALSE
10352,BSJPap,BSJPap/b,At,1,At,1,NA,FALSE
10353,BSJPap,BSJPap/b,Ep,3,Ep,3,NA,FALSE
10354,BSJPap,BSJPap/b,Pj,1,Pj,1,NA,FALSE
10355,BSJPap,BSJPap/b,Sb,2,Sb,2,NA,FALSE
10356,BSJPap,BSJPap/b,Sw,2,Sx,2,NA,FALSE
10357,BSJPap,BSJPap/c,Ep,3,Ep,3,NA,FALSE
10358,BSJPap,BSJPap/c,Pj,1,Pj,1,NA,FALSE
10359,BSJPap,BSJPap/c,Sb,1,Sb,1,NA,FALSE
10360,BSJPap,BSJPap/c,Sw,2,Sx,2,NA,FALSE
10361,BSJPap,BSJPap/d,Ep,3,Ep,3,NA,FALSE
10362,BSJPap,BSJPap/d,Pj,1,Pj,1,NA,FALSE
10363,BSJPap,BSJPap/d,Sb,1,Sb,1,NA,FALSE
10364,BSJPap,BSJPap/e,Acb,3,Ac,3,NA,FALSE
10365,BSJPap,BSJPap/e,At,1,At,1,NA,FALSE
10366,BSJPap,BSJPap/e,Ep,2,Ep,2,NA,FALSE
10367,BSJPap,BSJPap/e,Sb,3,Sb,3,NA,FALSE
10368,BSJPap,BSJPap/e,Sw,1,Sx,1,NA,FALSE
10369,BSJPap,BSJPap/f,Sb,1,Sb,1,NA,FALSE
10370,BSJPap,BSJPap/g,Lt,2,Lt,2,NA,FALSE
10371,BSJPap,BSJPap/g,Sb,1,Sb,1,NA,FALSE
10372,BSJPap,BSJPap/h,Lt,1,Lt,1,NA,FALSE
10373,BSJPap,BSJPap/h,Sb,3,Sb,3,NA,FALSE
10374,BSJPap,BSJPap/Ro,X,NA,X,NA,NA,FALSE
10375,BSJPku,BSJPku/a,Ep,3,Ep,3,NA,FALSE
10376,BSJPku,BSJPku/a,Pj,1,Pj,1,NA,FALSE
10377,BSJPku,BSJPku/b,Acb,3,Ac,3,NA,FALSE
10378,BSJPku,BSJPku/b,At,1,At,1,NA,FALSE
10379,BSJPku,BSJPku/b,Ep,3,Ep,3,NA,FALSE
10380,BSJPku,BSJPku/b,Pj,1,Pj,1,NA,FALSE
10381,BSJPku,BSJPku/b,Sb,2,Sb,2,NA,FALSE
10382,BSJPku,BSJPku/b,Sw,2,Sx,2,NA,FALSE
10383,BSJPku,BSJPku/c,Ep,3,Ep,3,NA,FALSE
10384,BSJPku,BSJPku/c,Pj,1,Pj,1,NA,FALSE
10385,BSJPku,BSJPku/c,Sb,1,Sb,1,NA,FALSE
10386,BSJPku,BSJPku/c,Sw,2,Sx,2,NA,FALSE
10387,BSJPku,BSJPku/d,Ep,3,Ep,3,NA,FALSE
10388,BSJPku,BSJPku/d,Pj,1,Pj,1,NA,FALSE
10389,BSJPku,BSJPku/d,Sb,1,Sb,1,NA,FALSE
10390,BSJPku,BSJPku/e,Acb,3,Ac,3,NA,FALSE
10391,BSJPku,BSJPku/e,At,1,At,1,NA,FALSE
10392,BSJPku,BSJPku/e,Ep,2,Ep,2,NA,FALSE
10393,BSJPku,BSJPku/e,Sb,3,Sb,3,NA,FALSE
10394,BSJPku,BSJPku/e,Sw,1,Sx,1,NA,FALSE
10395,BSJPku,BSJPku/f,Sb,1,Sb,1,NA,FALSE
10396,BSJPku,BSJPku/g,Lt,2,Lt,2,NA,FALSE
10397,BSJPku,BSJPku/g,Sb,1,Sb,1,NA,FALSE
10398,BSJPku,BSJPku/h,Lt,1,Lt,1,NA,FALSE
10399,BSJPku,BSJPku/h,Sb,3,Sb,3,NA,FALSE
10400,BSJPku,BSJPku/Ro,X,NA,X,NA,NA,FALSE
10401,BSJPpa,BSJPpa/a,Ep,3,Ep,3,NA,FALSE
10402,BSJPpa,BSJPpa/a,Pj,1,Pj,1,NA,FALSE
10403,BSJPpa,BSJPpa/b,Acb,3,Ac,3,NA,FALSE
10404,BSJPpa,BSJPpa/b,At,1,At,1,NA,FALSE
10405,BSJPpa,BSJPpa/b,Ep,3,Ep,3,NA,FALSE
10406,BSJPpa,BSJPpa/b,Pj,1,Pj,1,NA,FALSE
10407,BSJPpa,BSJPpa/b,Sb,2,Sb,2,NA,FALSE
10408,BSJPpa,BSJPpa/b,Sw,2,Sx,2,NA,FALSE
10409,BSJPpa,BSJPpa/c,Ep,3,Ep,3,NA,FALSE
10410,BSJPpa,BSJPpa/c,Pj,1,Pj,1,NA,FALSE
10411,BSJPpa,BSJPpa/c,Sb,1,Sb,1,NA,FALSE
10412,BSJPpa,BSJPpa/c,Sw,2,Sx,2,NA,FALSE
10413,BSJPpa,BSJPpa/d,Ep,3,Ep,3,NA,FALSE
10414,BSJPpa,BSJPpa/d,Pj,1,Pj,1,NA,FALSE
10415,BSJPpa,BSJPpa/d,Sb,1,Sb,1,NA,FALSE
10416,BSJPpa,BSJPpa/e,Acb,3,Ac,3,NA,FALSE
10417,BSJPpa,BSJPpa/e,At,1,At,1,NA,FALSE
10418,BSJPpa,BSJPpa/e,Ep,2,Ep,2,NA,FALSE
10419,BSJPpa,BSJPpa/e,Sb,3,Sb,3,NA,FALSE
10420,BSJPpa,BSJPpa/e,Sw,1,Sx,1,NA,FALSE
10421,BSJPpa,BSJPpa/f,Sb,1,Sb,1,NA,FALSE
10422,BSJPpa,BSJPpa/g,Lt,2,Lt,2,NA,FALSE
10423,BSJPpa,BSJPpa/g,Sb,1,Sb,1,NA,FALSE
10424,BSJPpa,BSJPpa/h,Lt,1,Lt,1,NA,FALSE
10425,BSJPpa,BSJPpa/h,Sb,3,Sb,3,NA,FALSE
10426,BSJPpa,BSJPpa/Ro,X,NA,X,NA,NA,FALSE
10427,BWBScmC,BWBScmC/a,Pj,1,Pj,1,NA,FALSE
10428,BWBScmC,BWBScmC/a,Pli,1,Pl,1,NA,FALSE
10429,BWBScmC,BWBScmC/b,At,3,At,3,NA,FALSE
10430,BWBScmC,BWBScmC/b,Ep,3,Ep,3,NA,FALSE
10431,BWBScmC,BWBScmC/b,Pj,2,Pj,2,NA,FALSE
10432,BWBScmC,BWBScmC/b,Pli,1,Pl,1,NA,FALSE
10433,BWBScmC,BWBScmC/b,Sb,3,Sb,3,NA,FALSE
10434,BWBScmC,BWBScmC/b,Sw,2,Sx,2,NA,FALSE
10435,BWBScmC,BWBScmC/c,Pj,1,Pj,1,NA,FALSE
10436,BWBScmC,BWBScmC/c,Pli,1,Pl,1,NA,FALSE
10437,BWBScmC,BWBScmC/c,Sb,2,Sb,2,NA,FALSE
10438,BWBScmC,BWBScmC/d,Acb,3,Ac,3,NA,FALSE
10439,BWBScmC,BWBScmC/d,At,1,At,1,NA,FALSE
10440,BWBScmC,BWBScmC/d,Bb,3,Bb,3,NA,FALSE
10441,BWBScmC,BWBScmC/d,Ep,3,Ep,3,NA,FALSE
10442,BWBScmC,BWBScmC/d,Pli,1,Pl,1,NA,FALSE
10443,BWBScmC,BWBScmC/d,Sb,3,Sb,3,NA,FALSE
10444,BWBScmC,BWBScmC/d,Sw,1,Sx,1,NA,FALSE
10445,BWBScmC,BWBScmC/e,Acb,1,Ac,1,NA,FALSE
10446,BWBScmC,BWBScmC/e,At,1,At,1,NA,FALSE
10447,BWBScmC,BWBScmC/e,Bb,3,Bb,3,NA,FALSE
10448,BWBScmC,BWBScmC/e,Ep,3,Ep,3,NA,FALSE
10449,BWBScmC,BWBScmC/e,Sw,1,Sx,1,NA,FALSE
10450,BWBScmC,BWBScmC/f,Acb,2,Ac,2,NA,FALSE
10451,BWBScmC,BWBScmC/f,At,2,At,2,NA,FALSE
10452,BWBScmC,BWBScmC/f,Bb,3,Bb,3,NA,FALSE
10453,BWBScmC,BWBScmC/f,Ep,2,Ep,2,NA,FALSE
10454,BWBScmC,BWBScmC/f,Pli,3,Pl,3,NA,FALSE
10455,BWBScmC,BWBScmC/f,Sw,1,Sx,1,NA,FALSE
10456,BWBScmC,BWBScmC/g,Pj,2,Pj,2,NA,FALSE
10457,BWBScmC,BWBScmC/g,Pli,2,Pl,2,NA,FALSE
10458,BWBScmC,BWBScmC/g,Sb,1,Sb,1,NA,FALSE
10459,BWBScmC,BWBScmC/h,Ep,3,Ep,3,NA,FALSE
10460,BWBScmC,BWBScmC/h,Sb,1,Sb,1,NA,FALSE
10461,BWBScmC,BWBScmC/h,Sw,1,Sx,1,NA,FALSE
10462,BWBScmC,BWBScmC/i,Sb,1,Sb,1,NA,FALSE
10463,BWBScmC,BWBScmC/j,Lt,2,Lt,2,NA,FALSE
10464,BWBScmC,BWBScmC/j,Sb,1,Sb,1,NA,FALSE
10465,BWBScmC,BWBScmC/k,Lt,1,Lt,1,NA,FALSE
10466,BWBScmC,BWBScmC/k,Sb,3,Sb,3,NA,FALSE
10467,BWBScmC,BWBScmC/Ro,X,NA,X,NA,NA,FALSE
10468,BWBScmE,BWBScmE/a,Pj,1,Pj,1,NA,FALSE
10469,BWBScmE,BWBScmE/a,Pli,1,Pl,1,NA,FALSE
10470,BWBScmE,BWBScmE/b,At,3,At,3,NA,FALSE
10471,BWBScmE,BWBScmE/b,Ep,3,Ep,3,NA,FALSE
10472,BWBScmE,BWBScmE/b,Pj,2,Pj,2,NA,FALSE
10473,BWBScmE,BWBScmE/b,Pli,1,Pl,1,NA,FALSE
10474,BWBScmE,BWBScmE/b,Sb,3,Sb,3,NA,FALSE
10475,BWBScmE,BWBScmE/b,Sw,2,Sx,2,NA,FALSE
10476,BWBScmE,BWBScmE/c,Pj,1,Pj,1,NA,FALSE
10477,BWBScmE,BWBScmE/c,Pli,1,Pl,1,NA,FALSE
10478,BWBScmE,BWBScmE/c,Sb,2,Sb,2,NA,FALSE
10479,BWBScmE,BWBScmE/d,Acb,3,Ac,3,NA,FALSE
10480,BWBScmE,BWBScmE/d,At,1,At,1,NA,FALSE
10481,BWBScmE,BWBScmE/d,Bb,3,Bb,3,NA,FALSE
10482,BWBScmE,BWBScmE/d,Ep,3,Ep,3,NA,FALSE
10483,BWBScmE,BWBScmE/d,Pli,1,Pl,1,NA,FALSE
10484,BWBScmE,BWBScmE/d,Sb,3,Sb,3,NA,FALSE
10485,BWBScmE,BWBScmE/d,Sw,1,Sx,1,NA,FALSE
10486,BWBScmE,BWBScmE/e,Acb,1,Ac,1,NA,FALSE
10487,BWBScmE,BWBScmE/e,At,1,At,1,NA,FALSE
10488,BWBScmE,BWBScmE/e,Bb,3,Bb,3,NA,FALSE
10489,BWBScmE,BWBScmE/e,Ep,3,Ep,3,NA,FALSE
10490,BWBScmE,BWBScmE/e,Sw,1,Sx,1,NA,FALSE
10491,BWBScmE,BWBScmE/f,Acb,2,Ac,2,NA,FALSE
10492,BWBScmE,BWBScmE/f,At,2,At,2,NA,FALSE
10493,BWBScmE,BWBScmE/f,Bb,3,Bb,3,NA,FALSE
10494,BWBScmE,BWBScmE/f,Ep,2,Ep,2,NA,FALSE
10495,BWBScmE,BWBScmE/f,Pli,3,Pl,3,NA,FALSE
10496,BWBScmE,BWBScmE/f,Sw,1,Sx,1,NA,FALSE
10497,BWBScmE,BWBScmE/g,Pj,2,Pj,2,NA,FALSE
10498,BWBScmE,BWBScmE/g,Pli,2,Pl,2,NA,FALSE
10499,BWBScmE,BWBScmE/g,Sb,1,Sb,1,NA,FALSE
10500,BWBScmE,BWBScmE/h,Ep,3,Ep,3,NA,FALSE
10501,BWBScmE,BWBScmE/h,Sb,1,Sb,1,NA,FALSE
10502,BWBScmE,BWBScmE/h,Sw,1,Sx,1,NA,FALSE
10503,BWBScmE,BWBScmE/i,Sb,1,Sb,1,NA,FALSE
10504,BWBScmE,BWBScmE/j,Lt,2,Lt,2,NA,FALSE
10505,BWBScmE,BWBScmE/j,Sb,1,Sb,1,NA,FALSE
10506,BWBScmE,BWBScmE/k,Lt,1,Lt,1,NA,FALSE
10507,BWBScmE,BWBScmE/k,Sb,3,Sb,3,NA,FALSE
10508,BWBScmE,BWBScmE/Ro,X,NA,X,NA,NA,FALSE
10509,BWBScmNW,BWBScmNW/a,Pj,1,Pj,1,NA,FALSE
10510,BWBScmNW,BWBScmNW/a,Pli,1,Pl,1,NA,FALSE
10511,BWBScmNW,BWBScmNW/b,At,3,At,3,NA,FALSE
10512,BWBScmNW,BWBScmNW/b,Ep,3,Ep,3,NA,FALSE
10513,BWBScmNW,BWBScmNW/b,Pj,2,Pj,2,NA,FALSE
10514,BWBScmNW,BWBScmNW/b,Pli,1,Pl,1,NA,FALSE
10515,BWBScmNW,BWBScmNW/b,Sb,3,Sb,3,NA,FALSE
10516,BWBScmNW,BWBScmNW/b,Sw,2,Sx,2,NA,FALSE
10517,BWBScmNW,BWBScmNW/c,Pj,1,Pj,1,NA,FALSE
10518,BWBScmNW,BWBScmNW/c,Pli,1,Pl,1,NA,FALSE
10519,BWBScmNW,BWBScmNW/c,Sb,2,Sb,2,NA,FALSE
10520,BWBScmNW,BWBScmNW/d,Acb,3,Ac,3,NA,FALSE
10521,BWBScmNW,BWBScmNW/d,At,1,At,1,NA,FALSE
10522,BWBScmNW,BWBScmNW/d,Bb,3,Bb,3,NA,FALSE
10523,BWBScmNW,BWBScmNW/d,Ep,3,Ep,3,NA,FALSE
10524,BWBScmNW,BWBScmNW/d,Pli,1,Pl,1,NA,FALSE
10525,BWBScmNW,BWBScmNW/d,Sb,3,Sb,3,NA,FALSE
10526,BWBScmNW,BWBScmNW/d,Sw,1,Sx,1,NA,FALSE
10527,BWBScmNW,BWBScmNW/e,Acb,1,Ac,1,NA,FALSE
10528,BWBScmNW,BWBScmNW/e,At,1,At,1,NA,FALSE
10529,BWBScmNW,BWBScmNW/e,Bb,3,Bb,3,NA,FALSE
10530,BWBScmNW,BWBScmNW/e,Ep,3,Ep,3,NA,FALSE
10531,BWBScmNW,BWBScmNW/e,Sw,1,Sx,1,NA,FALSE
10532,BWBScmNW,BWBScmNW/f,Acb,2,Ac,2,NA,FALSE
10533,BWBScmNW,BWBScmNW/f,At,2,At,2,NA,FALSE
10534,BWBScmNW,BWBScmNW/f,Bb,3,Bb,3,NA,FALSE
10535,BWBScmNW,BWBScmNW/f,Ep,2,Ep,2,NA,FALSE
10536,BWBScmNW,BWBScmNW/f,Pli,3,Pl,3,NA,FALSE
10537,BWBScmNW,BWBScmNW/f,Sw,1,Sx,1,NA,FALSE
10538,BWBScmNW,BWBScmNW/g,Pj,2,Pj,2,NA,FALSE
10539,BWBScmNW,BWBScmNW/g,Pli,2,Pl,2,NA,FALSE
10540,BWBScmNW,BWBScmNW/g,Sb,1,Sb,1,NA,FALSE
10541,BWBScmNW,BWBScmNW/h,Ep,3,Ep,3,NA,FALSE
10542,BWBScmNW,BWBScmNW/h,Sb,1,Sb,1,NA,FALSE
10543,BWBScmNW,BWBScmNW/h,Sw,1,Sx,1,NA,FALSE
10544,BWBScmNW,BWBScmNW/i,Sb,1,Sb,1,NA,FALSE
10545,BWBScmNW,BWBScmNW/j,Lt,2,Lt,2,NA,FALSE
10546,BWBScmNW,BWBScmNW/j,Sb,1,Sb,1,NA,FALSE
10547,BWBScmNW,BWBScmNW/k,Lt,1,Lt,1,NA,FALSE
10548,BWBScmNW,BWBScmNW/k,Sb,3,Sb,3,NA,FALSE
10549,BWBScmNW,BWBScmNW/Ro,X,NA,X,NA,NA,FALSE
10550,BWBScmW,BWBScmW/a,Pj,1,Pj,1,NA,FALSE
10551,BWBScmW,BWBScmW/a,Pli,1,Pl,1,NA,FALSE
10552,BWBScmW,BWBScmW/b,At,3,At,3,NA,FALSE
10553,BWBScmW,BWBScmW/b,Ep,3,Ep,3,NA,FALSE
10554,BWBScmW,BWBScmW/b,Pj,2,Pj,2,NA,FALSE
10555,BWBScmW,BWBScmW/b,Pli,1,Pl,1,NA,FALSE
10556,BWBScmW,BWBScmW/b,Sb,3,Sb,3,NA,FALSE
10557,BWBScmW,BWBScmW/b,Sw,2,Sx,2,NA,FALSE
10558,BWBScmW,BWBScmW/c,Pj,1,Pj,1,NA,FALSE
10559,BWBScmW,BWBScmW/c,Pli,1,Pl,1,NA,FALSE
10560,BWBScmW,BWBScmW/c,Sb,2,Sb,2,NA,FALSE
10561,BWBScmW,BWBScmW/d,Acb,3,Ac,3,NA,FALSE
10562,BWBScmW,BWBScmW/d,At,1,At,1,NA,FALSE
10563,BWBScmW,BWBScmW/d,Bb,3,Bb,3,NA,FALSE
10564,BWBScmW,BWBScmW/d,Ep,3,Ep,3,NA,FALSE
10565,BWBScmW,BWBScmW/d,Pli,1,Pl,1,NA,FALSE
10566,BWBScmW,BWBScmW/d,Sb,3,Sb,3,NA,FALSE
10567,BWBScmW,BWBScmW/d,Sw,1,Sx,1,NA,FALSE
10568,BWBScmW,BWBScmW/e,Acb,1,Ac,1,NA,FALSE
10569,BWBScmW,BWBScmW/e,At,1,At,1,NA,FALSE
10570,BWBScmW,BWBScmW/e,Bb,3,Bb,3,NA,FALSE
10571,BWBScmW,BWBScmW/e,Ep,3,Ep,3,NA,FALSE
10572,BWBScmW,BWBScmW/e,Sw,1,Sx,1,NA,FALSE
10573,BWBScmW,BWBScmW/f,Acb,2,Ac,2,NA,FALSE
10574,BWBScmW,BWBScmW/f,At,2,At,2,NA,FALSE
10575,BWBScmW,BWBScmW/f,Bb,3,Bb,3,NA,FALSE
10576,BWBScmW,BWBScmW/f,Ep,2,Ep,2,NA,FALSE
10577,BWBScmW,BWBScmW/f,Pli,3,Pl,3,NA,FALSE
10578,BWBScmW,BWBScmW/f,Sw,1,Sx,1,NA,FALSE
10579,BWBScmW,BWBScmW/g,Pj,2,Pj,2,NA,FALSE
10580,BWBScmW,BWBScmW/g,Pli,2,Pl,2,NA,FALSE
10581,BWBScmW,BWBScmW/g,Sb,1,Sb,1,NA,FALSE
10582,BWBScmW,BWBScmW/h,Ep,3,Ep,3,NA,FALSE
10583,BWBScmW,BWBScmW/h,Sb,1,Sb,1,NA,FALSE
10584,BWBScmW,BWBScmW/h,Sw,1,Sx,1,NA,FALSE
10585,BWBScmW,BWBScmW/i,Sb,1,Sb,1,NA,FALSE
10586,BWBScmW,BWBScmW/j,Lt,2,Lt,2,NA,FALSE
10587,BWBScmW,BWBScmW/j,Sb,1,Sb,1,NA,FALSE
10588,BWBScmW,BWBScmW/k,Lt,1,Lt,1,NA,FALSE
10589,BWBScmW,BWBScmW/k,Sb,3,Sb,3,NA,FALSE
10590,BWBScmW,BWBScmW/Ro,X,NA,X,NA,NA,FALSE
10591,BWBSdmN,BWBSdmN/a,Pj,1,Pj,1,NA,FALSE
10592,BWBSdmN,BWBSdmN/a,Pli,2,Pl,2,NA,FALSE
10593,BWBSdmN,BWBSdmN/b,At,3,At,3,NA,FALSE
10594,BWBSdmN,BWBSdmN/b,Ep,3,Ep,3,NA,FALSE
10595,BWBSdmN,BWBSdmN/b,Pj,2,Pj,2,NA,FALSE
10596,BWBSdmN,BWBSdmN/b,Pli,1,Pl,1,NA,FALSE
10597,BWBSdmN,BWBSdmN/b,Sb,3,Sb,3,NA,FALSE
10598,BWBSdmN,BWBSdmN/b,Sw,2,Sx,2,NA,FALSE
10599,BWBSdmN,BWBSdmN/c,Pj,1,Pj,1,NA,FALSE
10600,BWBSdmN,BWBSdmN/c,Pli,1,Pl,1,NA,FALSE
10601,BWBSdmN,BWBSdmN/c,Sb,2,Sb,2,NA,FALSE
10602,BWBSdmN,BWBSdmN/d,Acb,3,Ac,3,NA,FALSE
10603,BWBSdmN,BWBSdmN/d,At,1,At,1,NA,FALSE
10604,BWBSdmN,BWBSdmN/d,Bb,3,Bb,3,NA,FALSE
10605,BWBSdmN,BWBSdmN/d,Ep,3,Ep,3,NA,FALSE
10606,BWBSdmN,BWBSdmN/d,Pli,1,Pl,1,NA,FALSE
10607,BWBSdmN,BWBSdmN/d,Sb,3,Sb,3,NA,FALSE
10608,BWBSdmN,BWBSdmN/d,Sw,1,Sx,1,NA,FALSE
10609,BWBSdmN,BWBSdmN/e,Acb,1,Ac,1,NA,FALSE
10610,BWBSdmN,BWBSdmN/e,At,1,At,1,NA,FALSE
10611,BWBSdmN,BWBSdmN/e,Bb,3,Bb,3,NA,FALSE
10612,BWBSdmN,BWBSdmN/e,Ep,3,Ep,3,NA,FALSE
10613,BWBSdmN,BWBSdmN/e,Sw,1,Sx,1,NA,FALSE
10614,BWBSdmN,BWBSdmN/f,Acb,2,Ac,2,NA,FALSE
10615,BWBSdmN,BWBSdmN/f,At,2,At,2,NA,FALSE
10616,BWBSdmN,BWBSdmN/f,Bb,3,Bb,3,NA,FALSE
10617,BWBSdmN,BWBSdmN/f,Ep,2,Ep,2,NA,FALSE
10618,BWBSdmN,BWBSdmN/f,Pli,3,Pl,3,NA,FALSE
10619,BWBSdmN,BWBSdmN/f,Sw,1,Sx,1,NA,FALSE
10620,BWBSdmN,BWBSdmN/g,Pj,2,Pj,2,NA,FALSE
10621,BWBSdmN,BWBSdmN/g,Pli,2,Pl,2,NA,FALSE
10622,BWBSdmN,BWBSdmN/g,Sb,1,Sb,1,NA,FALSE
10623,BWBSdmN,BWBSdmN/h,Ep,3,Ep,3,NA,FALSE
10624,BWBSdmN,BWBSdmN/h,Sb,1,Sb,1,NA,FALSE
10625,BWBSdmN,BWBSdmN/h,Sw,1,Sx,1,NA,FALSE
10626,BWBSdmN,BWBSdmN/i,Sb,1,Sb,1,NA,FALSE
10627,BWBSdmN,BWBSdmN/j,Lt,2,Lt,2,NA,FALSE
10628,BWBSdmN,BWBSdmN/j,Sb,1,Sb,1,NA,FALSE
10629,BWBSdmN,BWBSdmN/k,Lt,1,Lt,1,NA,FALSE
10630,BWBSdmN,BWBSdmN/k,Sb,3,Sb,3,NA,FALSE
10631,BWBSdmN,BWBSdmN/Ro,X,NA,X,NA,NA,FALSE
10632,BWBSdmS,BWBSdmS/a,Pj,1,Pj,1,NA,FALSE
10633,BWBSdmS,BWBSdmS/a,Pli,2,Pl,2,NA,FALSE
10634,BWBSdmS,BWBSdmS/b,At,3,At,3,NA,FALSE
10635,BWBSdmS,BWBSdmS/b,Ep,3,Ep,3,NA,FALSE
10636,BWBSdmS,BWBSdmS/b,Pj,2,Pj,2,NA,FALSE
10637,BWBSdmS,BWBSdmS/b,Pli,1,Pl,1,NA,FALSE
10638,BWBSdmS,BWBSdmS/b,Sb,3,Sb,3,NA,FALSE
10639,BWBSdmS,BWBSdmS/b,Sw,2,Sx,2,NA,FALSE
10640,BWBSdmS,BWBSdmS/c,Pj,1,Pj,1,NA,FALSE
10641,BWBSdmS,BWBSdmS/c,Pli,1,Pl,1,NA,FALSE
10642,BWBSdmS,BWBSdmS/c,Sb,2,Sb,2,NA,FALSE
10643,BWBSdmS,BWBSdmS/d,Acb,3,Ac,3,NA,FALSE
10644,BWBSdmS,BWBSdmS/d,At,1,At,1,NA,FALSE
10645,BWBSdmS,BWBSdmS/d,Bb,3,Bb,3,NA,FALSE
10646,BWBSdmS,BWBSdmS/d,Ep,3,Ep,3,NA,FALSE
10647,BWBSdmS,BWBSdmS/d,Pli,1,Pl,1,NA,FALSE
10648,BWBSdmS,BWBSdmS/d,Sb,3,Sb,3,NA,FALSE
10649,BWBSdmS,BWBSdmS/d,Sw,1,Sx,1,NA,FALSE
10650,BWBSdmS,BWBSdmS/e,Acb,1,Ac,1,NA,FALSE
10651,BWBSdmS,BWBSdmS/e,At,1,At,1,NA,FALSE
10652,BWBSdmS,BWBSdmS/e,Bb,3,Bb,3,NA,FALSE
10653,BWBSdmS,BWBSdmS/e,Ep,3,Ep,3,NA,FALSE
10654,BWBSdmS,BWBSdmS/e,Sw,1,Sx,1,NA,FALSE
10655,BWBSdmS,BWBSdmS/f,Acb,2,Ac,2,NA,FALSE
10656,BWBSdmS,BWBSdmS/f,At,2,At,2,NA,FALSE
10657,BWBSdmS,BWBSdmS/f,Bb,3,Bb,3,NA,FALSE
10658,BWBSdmS,BWBSdmS/f,Ep,2,Ep,2,NA,FALSE
10659,BWBSdmS,BWBSdmS/f,Pli,3,Pl,3,NA,FALSE
10660,BWBSdmS,BWBSdmS/f,Sw,1,Sx,1,NA,FALSE
10661,BWBSdmS,BWBSdmS/g,Pj,2,Pj,2,NA,FALSE
10662,BWBSdmS,BWBSdmS/g,Pli,2,Pl,2,NA,FALSE
10663,BWBSdmS,BWBSdmS/g,Sb,1,Sb,1,NA,FALSE
10664,BWBSdmS,BWBSdmS/h,Ep,3,Ep,3,NA,FALSE
10665,BWBSdmS,BWBSdmS/h,Sb,1,Sb,1,NA,FALSE
10666,BWBSdmS,BWBSdmS/h,Sw,1,Sx,1,NA,FALSE
10667,BWBSdmS,BWBSdmS/i,Sb,1,Sb,1,NA,FALSE
10668,BWBSdmS,BWBSdmS/j,Lt,2,Lt,2,NA,FALSE
10669,BWBSdmS,BWBSdmS/j,Sb,1,Sb,1,NA,FALSE
10670,BWBSdmS,BWBSdmS/k,Lt,1,Lt,1,NA,FALSE
10671,BWBSdmS,BWBSdmS/k,Sb,3,Sb,3,NA,FALSE
10672,BWBSdmS,BWBSdmS/Ro,X,NA,X,NA,NA,FALSE
10673,BWBSlbE,BWBSlbE/a,Pj,1,Pj,1,NA,FALSE
10674,BWBSlbE,BWBSlbE/a,Pli,2,Pl,2,NA,FALSE
10675,BWBSlbE,BWBSlbE/a,Sb,5,Sb,5,NA,FALSE
10676,BWBSlbE,BWBSlbE/b,At,1,At,1,NA,FALSE
10677,BWBSlbE,BWBSlbE/b,Ep,3,Ep,3,NA,FALSE
10678,BWBSlbE,BWBSlbE/b,Pj,2,Pj,2,NA,FALSE
10679,BWBSlbE,BWBSlbE/b,Sb,3,Sb,3,NA,FALSE
10680,BWBSlbE,BWBSlbE/b,Sw,2,Sx,2,NA,FALSE
10681,BWBSlbE,BWBSlbE/c,At,3,At,3,NA,FALSE
10682,BWBSlbE,BWBSlbE/c,Pj,1,Pj,1,NA,FALSE
10683,BWBSlbE,BWBSlbE/c,Sb,1,Sb,1,NA,FALSE
10684,BWBSlbE,BWBSlbE/d,Acb,3,Ac,3,NA,FALSE
10685,BWBSlbE,BWBSlbE/d,At,2,At,2,NA,FALSE
10686,BWBSlbE,BWBSlbE/d,Bb,3,Bb,3,NA,FALSE
10687,BWBSlbE,BWBSlbE/d,Ep,1,Ep,1,NA,FALSE
10688,BWBSlbE,BWBSlbE/d,Pj,3,Pj,3,NA,FALSE
10689,BWBSlbE,BWBSlbE/d,Pli,3,Pl,3,NA,FALSE
10690,BWBSlbE,BWBSlbE/d,Sb,2,Sb,2,NA,FALSE
10691,BWBSlbE,BWBSlbE/d,Sw,1,Sx,1,NA,FALSE
10692,BWBSlbE,BWBSlbE/e,At,3,At,3,NA,FALSE
10693,BWBSlbE,BWBSlbE/e,Bb,2,Bb,2,NA,FALSE
10694,BWBSlbE,BWBSlbE/e,Ep,2,Ep,2,NA,FALSE
10695,BWBSlbE,BWBSlbE/e,Sw,1,Sx,1,NA,FALSE
10696,BWBSlbE,BWBSlbE/f,Acb,2,Ac,2,NA,FALSE
10697,BWBSlbE,BWBSlbE/f,At,3,At,3,NA,FALSE
10698,BWBSlbE,BWBSlbE/f,Bb,3,Bb,3,NA,FALSE
10699,BWBSlbE,BWBSlbE/f,Ep,3,Ep,3,NA,FALSE
10700,BWBSlbE,BWBSlbE/f,Sw,1,Sx,1,NA,FALSE
10701,BWBSlbE,BWBSlbE/g,Pj,2,Pj,2,NA,FALSE
10702,BWBSlbE,BWBSlbE/g,Sb,1,Sb,1,NA,FALSE
10703,BWBSlbE,BWBSlbE/h,Sb,1,Sb,1,NA,FALSE
10704,BWBSlbE,BWBSlbE/i,Sb,1,Sb,1,NA,FALSE
10705,BWBSlbE,BWBSlbE/j,Lt,1,Lt,1,NA,FALSE
10706,BWBSlbE,BWBSlbE/j,Sw,3,Sx,3,NA,FALSE
10707,BWBSlbE,BWBSlbE/Ro,X,NA,X,NA,NA,FALSE
10708,BWBSlbN,BWBSlbN/a,Pj,1,Pj,1,NA,FALSE
10709,BWBSlbN,BWBSlbN/a,Pli,2,Pl,2,NA,FALSE
10710,BWBSlbN,BWBSlbN/a,Sb,5,Sb,5,NA,FALSE
10711,BWBSlbN,BWBSlbN/b,At,1,At,1,NA,FALSE
10712,BWBSlbN,BWBSlbN/b,Ep,3,Ep,3,NA,FALSE
10713,BWBSlbN,BWBSlbN/b,Pj,2,Pj,2,NA,FALSE
10714,BWBSlbN,BWBSlbN/b,Sb,3,Sb,3,NA,FALSE
10715,BWBSlbN,BWBSlbN/b,Sw,2,Sx,2,NA,FALSE
10716,BWBSlbN,BWBSlbN/c,At,3,At,3,NA,FALSE
10717,BWBSlbN,BWBSlbN/c,Pj,1,Pj,1,NA,FALSE
10718,BWBSlbN,BWBSlbN/c,Sb,1,Sb,1,NA,FALSE
10719,BWBSlbN,BWBSlbN/d,Acb,3,Ac,3,NA,FALSE
10720,BWBSlbN,BWBSlbN/d,At,2,At,2,NA,FALSE
10721,BWBSlbN,BWBSlbN/d,Bb,3,Bb,3,NA,FALSE
10722,BWBSlbN,BWBSlbN/d,Ep,1,Ep,1,NA,FALSE
10723,BWBSlbN,BWBSlbN/d,Pj,3,Pj,3,NA,FALSE
10724,BWBSlbN,BWBSlbN/d,Pli,3,Pl,3,NA,FALSE
10725,BWBSlbN,BWBSlbN/d,Sb,2,Sb,2,NA,FALSE
10726,BWBSlbN,BWBSlbN/d,Sw,1,Sx,1,NA,FALSE
10727,BWBSlbN,BWBSlbN/e,At,3,At,3,NA,FALSE
10728,BWBSlbN,BWBSlbN/e,Bb,2,Bb,2,NA,FALSE
10729,BWBSlbN,BWBSlbN/e,Ep,2,Ep,2,NA,FALSE
10730,BWBSlbN,BWBSlbN/e,Sw,1,Sx,1,NA,FALSE
10731,BWBSlbN,BWBSlbN/f,Acb,2,Ac,2,NA,FALSE
10732,BWBSlbN,BWBSlbN/f,At,3,At,3,NA,FALSE
10733,BWBSlbN,BWBSlbN/f,Bb,3,Bb,3,NA,FALSE
10734,BWBSlbN,BWBSlbN/f,Ep,3,Ep,3,NA,FALSE
10735,BWBSlbN,BWBSlbN/f,Sw,1,Sx,1,NA,FALSE
10736,BWBSlbN,BWBSlbN/g,Pj,2,Pj,2,NA,FALSE
10737,BWBSlbN,BWBSlbN/g,Sb,1,Sb,1,NA,FALSE
10738,BWBSlbN,BWBSlbN/h,Sb,1,Sb,1,NA,FALSE
10739,BWBSlbN,BWBSlbN/i,Sb,1,Sb,1,NA,FALSE
10740,BWBSlbN,BWBSlbN/j,Lt,1,Lt,1,NA,FALSE
10741,BWBSlbN,BWBSlbN/j,Sw,3,Sx,3,NA,FALSE
10742,BWBSlbN,BWBSlbN/Ro,X,NA,X,NA,NA,FALSE
10743,BWBSlbW,BWBSlbW/a,Pj,1,Pj,1,NA,FALSE
10744,BWBSlbW,BWBSlbW/a,Pli,2,Pl,2,NA,FALSE
10745,BWBSlbW,BWBSlbW/a,Sb,5,Sb,5,NA,FALSE
10746,BWBSlbW,BWBSlbW/b,At,1,At,1,NA,FALSE
10747,BWBSlbW,BWBSlbW/b,Ep,3,Ep,3,NA,FALSE
10748,BWBSlbW,BWBSlbW/b,Pj,2,Pj,2,NA,FALSE
10749,BWBSlbW,BWBSlbW/b,Sb,3,Sb,3,NA,FALSE
10750,BWBSlbW,BWBSlbW/b,Sw,2,Sx,2,NA,FALSE
10751,BWBSlbW,BWBSlbW/c,At,3,At,3,NA,FALSE
10752,BWBSlbW,BWBSlbW/c,Pj,1,Pj,1,NA,FALSE
10753,BWBSlbW,BWBSlbW/c,Sb,1,Sb,1,NA,FALSE
10754,BWBSlbW,BWBSlbW/d,Acb,3,Ac,3,NA,FALSE
10755,BWBSlbW,BWBSlbW/d,At,2,At,2,NA,FALSE
10756,BWBSlbW,BWBSlbW/d,Bb,3,Bb,3,NA,FALSE
10757,BWBSlbW,BWBSlbW/d,Ep,1,Ep,1,NA,FALSE
10758,BWBSlbW,BWBSlbW/d,Pj,3,Pj,3,NA,FALSE
10759,BWBSlbW,BWBSlbW/d,Pli,3,Pl,3,NA,FALSE
10760,BWBSlbW,BWBSlbW/d,Sb,2,Sb,2,NA,FALSE
10761,BWBSlbW,BWBSlbW/d,Sw,1,Sx,1,NA,FALSE
10762,BWBSlbW,BWBSlbW/e,At,3,At,3,NA,FALSE
10763,BWBSlbW,BWBSlbW/e,Bb,2,Bb,2,NA,FALSE
10764,BWBSlbW,BWBSlbW/e,Ep,2,Ep,2,NA,FALSE
10765,BWBSlbW,BWBSlbW/e,Sw,1,Sx,1,NA,FALSE
10766,BWBSlbW,BWBSlbW/f,Acb,2,Ac,2,NA,FALSE
10767,BWBSlbW,BWBSlbW/f,At,3,At,3,NA,FALSE
10768,BWBSlbW,BWBSlbW/f,Bb,3,Bb,3,NA,FALSE
10769,BWBSlbW,BWBSlbW/f,Ep,3,Ep,3,NA,FALSE
10770,BWBSlbW,BWBSlbW/f,Sw,1,Sx,1,NA,FALSE
10771,BWBSlbW,BWBSlbW/g,Pj,2,Pj,2,NA,FALSE
10772,BWBSlbW,BWBSlbW/g,Sb,1,Sb,1,NA,FALSE
10773,BWBSlbW,BWBSlbW/h,Sb,1,Sb,1,NA,FALSE
10774,BWBSlbW,BWBSlbW/i,Sb,1,Sb,1,NA,FALSE
10775,BWBSlbW,BWBSlbW/j,Lt,1,Lt,1,NA,FALSE
10776,BWBSlbW,BWBSlbW/j,Sw,3,Sx,3,NA,FALSE
10777,BWBSlbW,BWBSlbW/Ro,X,NA,X,NA,NA,FALSE
10778,BWBSlf,BWBSlf/a,X,NA,X,NA,VC,FALSE
10779,BWBSlf,BWBSlf/b,Pli,1,Pl,1,NA,FALSE
10780,BWBSlf,BWBSlf/b,Sb,3,Sb,3,NA,FALSE
10781,BWBSlf,BWBSlf/b,Sw,5,Sx,5,NA,FALSE
10782,BWBSlf,BWBSlf/c,Acb,3,Ac,3,NA,FALSE
10783,BWBSlf,BWBSlf/c,At,1,At,1,NA,FALSE
10784,BWBSlf,BWBSlf/c,Ep,3,Ep,3,NA,FALSE
10785,BWBSlf,BWBSlf/c,Pli,1,Pl,1,NA,FALSE
10786,BWBSlf,BWBSlf/c,Sb,3,Sb,3,NA,FALSE
10787,BWBSlf,BWBSlf/c,Sw,1,Sx,1,NA,FALSE
10788,BWBSlf,BWBSlf/d,Pli,1,Pl,1,NA,FALSE
10789,BWBSlf,BWBSlf/d,Sb,2,Sb,2,NA,FALSE
10790,BWBSlf,BWBSlf/e,Acb,2,Ac,2,NA,FALSE
10791,BWBSlf,BWBSlf/e,At,1,At,1,NA,FALSE
10792,BWBSlf,BWBSlf/e,Bb,5,Bb,5,NA,FALSE
10793,BWBSlf,BWBSlf/e,Bl,3,Bl,3,NA,FALSE
10794,BWBSlf,BWBSlf/e,Ep,3,Ep,3,NA,FALSE
10795,BWBSlf,BWBSlf/e,Pli,1,Pl,1,NA,FALSE
10796,BWBSlf,BWBSlf/e,Sb,5,Sb,5,NA,FALSE
10797,BWBSlf,BWBSlf/e,Sw,1,Sx,1,NA,FALSE
10798,BWBSlf,BWBSlf/f,Acb,2,Ac,2,NA,FALSE
10799,BWBSlf,BWBSlf/f,At,1,At,1,NA,FALSE
10800,BWBSlf,BWBSlf/f,Bb,5,Bb,5,NA,FALSE
10801,BWBSlf,BWBSlf/f,Bl,3,Bl,3,NA,FALSE
10802,BWBSlf,BWBSlf/f,Ep,2,Ep,2,NA,FALSE
10803,BWBSlf,BWBSlf/f,Pli,1,Pl,1,NA,FALSE
10804,BWBSlf,BWBSlf/f,Sb,3,Sb,3,NA,FALSE
10805,BWBSlf,BWBSlf/f,Sw,1,Sx,1,NA,FALSE
10806,BWBSlf,BWBSlf/g,X,NA,X,NA,VC,FALSE
10807,BWBSlf,BWBSlf/h,Pli,1,Pl,1,NA,FALSE
10808,BWBSlf,BWBSlf/h,Sb,1,Sb,1,NA,FALSE
10809,BWBSlf,BWBSlf/h,Sw,3,Sx,3,NA,FALSE
10810,BWBSlf,BWBSlf/i,Acb,2,Ac,2,NA,FALSE
10811,BWBSlf,BWBSlf/i,At,1,At,1,NA,FALSE
10812,BWBSlf,BWBSlf/i,Bb,5,Bb,5,NA,FALSE
10813,BWBSlf,BWBSlf/i,Bl,3,Bl,3,NA,FALSE
10814,BWBSlf,BWBSlf/i,Ep,3,Ep,3,NA,FALSE
10815,BWBSlf,BWBSlf/i,Pli,2,Pl,2,NA,FALSE
10816,BWBSlf,BWBSlf/i,Sw,1,Sx,1,NA,FALSE
10817,BWBSlf,BWBSlf/j,Sb,1,Sb,1,NA,FALSE
10818,BWBSlf,BWBSlf/j,Sw,2,Sx,2,NA,FALSE
10819,BWBSlf,BWBSlf/k,Sb,2,Sb,2,NA,FALSE
10820,BWBSlf,BWBSlf/l,Lt,1,Lt,1,NA,FALSE
10821,BWBSlf,BWBSlf/l,Sb,1,Sb,1,NA,FALSE
10822,BWBSlf,BWBSlf/m,Lt,1,Lt,1,NA,FALSE
10823,BWBSlf,BWBSlf/m,Sb,2,Sb,2,NA,FALSE
10824,BWBSlf,BWBSlf/n,X,NA,X,NA,VC,FALSE
10825,BWBSlf,BWBSlf/Ro,X,NA,X,NA,NA,FALSE
10826,BWBSnm,BWBSnm/a,Pj,1,Pj,1,NA,FALSE
10827,BWBSnm,BWBSnm/b,At,1,At,1,NA,FALSE
10828,BWBSnm,BWBSnm/b,Ep,3,Ep,3,NA,FALSE
10829,BWBSnm,BWBSnm/b,Pj,2,Pj,2,NA,FALSE
10830,BWBSnm,BWBSnm/b,Sb,3,Sb,3,NA,FALSE
10831,BWBSnm,BWBSnm/b,Sw,3,Sx,3,NA,FALSE
10832,BWBSnm,BWBSnm/c,Pj,1,Pj,1,NA,FALSE
10833,BWBSnm,BWBSnm/c,Sb,2,Sb,2,NA,FALSE
10834,BWBSnm,BWBSnm/d,Acb,3,Ac,3,NA,FALSE
10835,BWBSnm,BWBSnm/d,At,1,At,1,NA,FALSE
10836,BWBSnm,BWBSnm/d,Bb,3,Bb,3,NA,FALSE
10837,BWBSnm,BWBSnm/d,Ep,3,Ep,3,NA,FALSE
10838,BWBSnm,BWBSnm/d,Sb,3,Sb,3,NA,FALSE
10839,BWBSnm,BWBSnm/d,Sw,1,Sx,1,NA,FALSE
10840,BWBSnm,BWBSnm/e,Acb,1,Ac,1,NA,FALSE
10841,BWBSnm,BWBSnm/e,At,1,At,1,NA,FALSE
10842,BWBSnm,BWBSnm/e,Bb,3,Bb,3,NA,FALSE
10843,BWBSnm,BWBSnm/e,Ep,3,Ep,3,NA,FALSE
10844,BWBSnm,BWBSnm/e,Sw,1,Sx,1,NA,FALSE
10845,BWBSnm,BWBSnm/f,Acb,2,Ac,2,NA,FALSE
10846,BWBSnm,BWBSnm/f,At,2,At,2,NA,FALSE
10847,BWBSnm,BWBSnm/f,Bb,3,Bb,3,NA,FALSE
10848,BWBSnm,BWBSnm/f,Ep,3,Ep,3,NA,FALSE
10849,BWBSnm,BWBSnm/f,Sw,1,Sx,1,NA,FALSE
10850,BWBSnm,BWBSnm/g,Pj,2,Pj,2,NA,FALSE
10851,BWBSnm,BWBSnm/g,Sb,1,Sb,1,NA,FALSE
10852,BWBSnm,BWBSnm/h,Ep,3,Ep,3,NA,FALSE
10853,BWBSnm,BWBSnm/h,Sb,1,Sb,1,NA,FALSE
10854,BWBSnm,BWBSnm/h,Sw,1,Sx,1,NA,FALSE
10855,BWBSnm,BWBSnm/i,Sb,1,Sb,1,NA,FALSE
10856,BWBSnm,BWBSnm/j,Lt,2,Lt,2,NA,FALSE
10857,BWBSnm,BWBSnm/j,Sb,1,Sb,1,NA,FALSE
10858,BWBSnm,BWBSnm/k,Lt,1,Lt,1,NA,FALSE
10859,BWBSnm,BWBSnm/k,Sb,3,Sb,3,NA,FALSE
10860,BWBSnm,BWBSnm/l,X,NA,X,NA,VC,FALSE
10861,BWBSnm,BWBSnm/Ro,X,NA,X,NA,NA,FALSE
10862,BWBSpp,BWBSpp/a,Pj,1,Pj,1,NA,FALSE
10863,BWBSpp,BWBSpp/a,Pli,1,Pl,1,NA,FALSE
10864,BWBSpp,BWBSpp/b,At,3,At,3,NA,FALSE
10865,BWBSpp,BWBSpp/b,Ep,3,Ep,3,NA,FALSE
10866,BWBSpp,BWBSpp/b,Pj,2,Pj,2,NA,FALSE
10867,BWBSpp,BWBSpp/b,Pli,1,Pl,1,NA,FALSE
10868,BWBSpp,BWBSpp/b,Sb,3,Sb,3,NA,FALSE
10869,BWBSpp,BWBSpp/b,Sw,2,Sx,2,NA,FALSE
10870,BWBSpp,BWBSpp/c,Pj,1,Pj,1,NA,FALSE
10871,BWBSpp,BWBSpp/c,Pli,1,Pl,1,NA,FALSE
10872,BWBSpp,BWBSpp/c,Sb,2,Sb,2,NA,FALSE
10873,BWBSpp,BWBSpp/d,Acb,3,Ac,3,NA,FALSE
10874,BWBSpp,BWBSpp/d,At,1,At,1,NA,FALSE
10875,BWBSpp,BWBSpp/d,Bb,3,Bb,3,NA,FALSE
10876,BWBSpp,BWBSpp/d,Ep,3,Ep,3,NA,FALSE
10877,BWBSpp,BWBSpp/d,Pli,1,Pl,1,NA,FALSE
10878,BWBSpp,BWBSpp/d,Sb,3,Sb,3,NA,FALSE
10879,BWBSpp,BWBSpp/d,Sw,1,Sx,1,NA,FALSE
10880,BWBSpp,BWBSpp/e,Acb,1,Ac,1,NA,FALSE
10881,BWBSpp,BWBSpp/e,At,1,At,1,NA,FALSE
10882,BWBSpp,BWBSpp/e,Bb,3,Bb,3,NA,FALSE
10883,BWBSpp,BWBSpp/e,Ep,3,Ep,3,NA,FALSE
10884,BWBSpp,BWBSpp/e,Sw,1,Sx,1,NA,FALSE
10885,BWBSpp,BWBSpp/f,Acb,2,Ac,2,NA,FALSE
10886,BWBSpp,BWBSpp/f,At,2,At,2,NA,FALSE
10887,BWBSpp,BWBSpp/f,Bb,3,Bb,3,NA,FALSE
10888,BWBSpp,BWBSpp/f,Ep,2,Ep,2,NA,FALSE
10889,BWBSpp,BWBSpp/f,Sw,1,Sx,1,NA,FALSE
10890,BWBSpp,BWBSpp/g,Pj,2,Pj,2,NA,FALSE
10891,BWBSpp,BWBSpp/g,Pli,2,Pl,2,NA,FALSE
10892,BWBSpp,BWBSpp/g,Sb,1,Sb,1,NA,FALSE
10893,BWBSpp,BWBSpp/h,Ep,3,Ep,3,NA,FALSE
10894,BWBSpp,BWBSpp/h,Sb,1,Sb,1,NA,FALSE
10895,BWBSpp,BWBSpp/h,Sw,1,Sx,1,NA,FALSE
10896,BWBSpp,BWBSpp/i,Sb,1,Sb,1,NA,FALSE
10897,BWBSpp,BWBSpp/j,Lt,2,Lt,2,NA,FALSE
10898,BWBSpp,BWBSpp/j,Sb,1,Sb,1,NA,FALSE
10899,BWBSpp,BWBSpp/k,Lt,1,Lt,1,NA,FALSE
10900,BWBSpp,BWBSpp/k,Sb,3,Sb,3,NA,FALSE
10901,BWBSpp,BWBSpp/l,X,NA,X,NA,VC,FALSE
10902,BWBSub,BWBSub/a,Pj,1,Pj,1,NA,FALSE
10903,BWBSub,BWBSub/b,At,1,At,1,NA,FALSE
10904,BWBSub,BWBSub/b,Ep,3,Ep,3,NA,FALSE
10905,BWBSub,BWBSub/b,Pj,2,Pj,2,NA,FALSE
10906,BWBSub,BWBSub/b,Sb,3,Sb,3,NA,FALSE
10907,BWBSub,BWBSub/b,Sw,2,Sx,2,NA,FALSE
10908,BWBSub,BWBSub/c,At,3,At,3,NA,FALSE
10909,BWBSub,BWBSub/c,Pj,1,Pj,1,NA,FALSE
10910,BWBSub,BWBSub/c,Sb,1,Sb,1,NA,FALSE
10911,BWBSub,BWBSub/d,Acb,3,Ac,3,NA,FALSE
10912,BWBSub,BWBSub/d,At,3,At,3,NA,FALSE
10913,BWBSub,BWBSub/d,Bb,3,Bb,3,NA,FALSE
10914,BWBSub,BWBSub/d,Ep,3,Ep,3,NA,FALSE
10915,BWBSub,BWBSub/d,Pj,3,Pj,3,NA,FALSE
10916,BWBSub,BWBSub/d,Sb,2,Sb,2,NA,FALSE
10917,BWBSub,BWBSub/d,Sw,1,Sx,1,NA,FALSE
10918,BWBSub,BWBSub/e,At,3,At,3,NA,FALSE
10919,BWBSub,BWBSub/e,Bb,2,Bb,2,NA,FALSE
10920,BWBSub,BWBSub/e,Ep,2,Ep,2,NA,FALSE
10921,BWBSub,BWBSub/e,Sw,1,Sx,1,NA,FALSE
10922,BWBSub,BWBSub/f,Acb,3,Ac,3,NA,FALSE
10923,BWBSub,BWBSub/f,Bb,3,Bb,3,NA,FALSE
10924,BWBSub,BWBSub/f,Sw,1,Sx,1,NA,FALSE
10925,BWBSub,BWBSub/g,Pj,2,Pj,2,NA,FALSE
10926,BWBSub,BWBSub/g,Sb,1,Sb,1,NA,FALSE
10927,BWBSub,BWBSub/h,Sb,1,Sb,1,NA,FALSE
10928,BWBSub,BWBSub/i,Sb,1,Sb,1,NA,FALSE
10929,BWBSub,BWBSub/j,Lt,1,Lt,1,NA,FALSE
10930,BWBSub,BWBSub/j,Sw,3,Sx,3,NA,FALSE
10931,BWBSub,BWBSub/Ro,X,NA,X,NA,NA,FALSE
10932,BWBSuf,BWBSuf/a,X,NA,X,NA,VC,FALSE
10933,BWBSuf,BWBSuf/b,Pli,1,Pl,1,NA,FALSE
10934,BWBSuf,BWBSuf/b,Sb,3,Sb,3,NA,FALSE
10935,BWBSuf,BWBSuf/c,Acb,3,Ac,3,NA,FALSE
10936,BWBSuf,BWBSuf/c,At,1,At,1,NA,FALSE
10937,BWBSuf,BWBSuf/c,Pli,1,Pl,1,NA,FALSE
10938,BWBSuf,BWBSuf/c,Sb,3,Sb,3,NA,FALSE
10939,BWBSuf,BWBSuf/c,Sw,1,Sx,1,NA,FALSE
10940,BWBSuf,BWBSuf/d,Pli,1,Pl,1,NA,FALSE
10941,BWBSuf,BWBSuf/d,Sb,1,Sb,1,NA,FALSE
10942,BWBSuf,BWBSuf/e,At,2,At,2,NA,FALSE
10943,BWBSuf,BWBSuf/e,Bl,3,Bl,3,NA,FALSE
10944,BWBSuf,BWBSuf/e,Pli,1,Pl,1,NA,FALSE
10945,BWBSuf,BWBSuf/e,Sb,3,Sb,3,NA,FALSE
10946,BWBSuf,BWBSuf/e,Sw,1,Sx,1,NA,FALSE
10947,BWBSuf,BWBSuf/f,Acb,2,Ac,2,NA,FALSE
10948,BWBSuf,BWBSuf/f,At,2,At,2,NA,FALSE
10949,BWBSuf,BWBSuf/f,Bl,1,Bl,1,NA,FALSE
10950,BWBSuf,BWBSuf/f,Ep,3,Ep,3,NA,FALSE
10951,BWBSuf,BWBSuf/f,Pli,1,Pl,1,NA,FALSE
10952,BWBSuf,BWBSuf/f,Sb,3,Sb,3,NA,FALSE
10953,BWBSuf,BWBSuf/f,Sw,1,Sx,1,NA,FALSE
10954,BWBSuf,BWBSuf/g,X,NA,X,NA,VC,FALSE
10955,BWBSuf,BWBSuf/h,Bl,3,Bl,3,NA,FALSE
10956,BWBSuf,BWBSuf/h,Pli,1,Pl,1,NA,FALSE
10957,BWBSuf,BWBSuf/h,Sb,1,Sb,1,NA,FALSE
10958,BWBSuf,BWBSuf/i,Bl,3,Bl,3,NA,FALSE
10959,BWBSuf,BWBSuf/i,Pli,2,Pl,2,NA,FALSE
10960,BWBSuf,BWBSuf/i,Sb,1,Sb,1,NA,FALSE
10961,BWBSuf,BWBSuf/i,Sw,1,Sx,1,NA,FALSE
10962,BWBSuf,BWBSuf/j,Acb,3,Ac,3,NA,FALSE
10963,BWBSuf,BWBSuf/j,Bl,3,Bl,3,NA,FALSE
10964,BWBSuf,BWBSuf/j,Pli,2,Pl,2,NA,FALSE
10965,BWBSuf,BWBSuf/j,Sb,3,Sb,3,NA,FALSE
10966,BWBSuf,BWBSuf/j,Sw,1,Sx,1,NA,FALSE
10967,BWBSuf,BWBSuf/k,Sb,1,Sb,1,NA,FALSE
10968,BWBSuf,BWBSuf/l,Lt,2,Lt,2,NA,FALSE
10969,BWBSuf,BWBSuf/l,Sb,1,Sb,1,NA,FALSE
10970,BWBSuf,BWBSuf/m,Lt,2,Lt,2,NA,FALSE
10971,BWBSuf,BWBSuf/m,Sb,1,Sb,1,NA,FALSE
10972,BWBSuf,BWBSuf/Ro,X,NA,X,NA,NA,FALSE
10973,CCHun_CA,CCHun_CA/101,Ol,1,Ol,5,dvm26,FALSE
10974,CCHun_CA,CCHun_CA/101,Qb,1,Qb,5,dvm26,FALSE
10975,CCHun_CA,CCHun_CA/101,Qc,1,Qc,5,dvm26,FALSE
10976,CCHun_CA,CCHun_CA/101,Qd,1,Qd,5,dvm26,FALSE
10977,CCHun_CA,CCHun_CA/101,Qx,1,Qx,1,NA,FALSE
10978,CCHun_CA,CCHun_CA/101,Qz,1,Qz,5,dvm26,FALSE
10979,CCHun_CA,CCHun_CA/110,On,1,On,5,dvm26,FALSE
10980,CCHun_CA,CCHun_CA/110,Pc,1,Pc,3,dvm26,FALSE
10981,CCHun_CA,CCHun_CA/110,Qc,1,Qc,5,dvm26,FALSE
10982,CCHun_CA,CCHun_CA/110,Qd,1,Qd,5,dvm26,FALSE
10983,CCHun_CA,CCHun_CA/111,On,1,On,5,dvm26,FALSE
10984,CCHun_CA,CCHun_CA/111,Pc,1,Pc,5,dvm26,FALSE
10985,CCHun_CA,CCHun_CA/111,Qd,1,Qd,5,dvm26,FALSE
10986,CCHun_CA,CCHun_CA/Gs,X,NA,X,NA,NA,FALSE
10987,CCHun_CA,CCHun_CA/Ro,X,NA,X,NA,NA,FALSE
10988,CDFmm_OR,CDFmm_OR/101,Bg,3,Bg,3,NA,FALSE
10989,CDFmm_OR,CDFmm_OR/101,Dr,3,Dr,3,NA,FALSE
10990,CDFmm_OR,CDFmm_OR/101,Fdc,1,Fd,1,NA,FALSE
10991,CDFmm_OR,CDFmm_OR/101,Gp,5,Gp,5,NA,FALSE
10992,CDFmm_OR,CDFmm_OR/101,Mb,2,Mb,2,NA,FALSE
10993,CDFmm_OR,CDFmm_OR/101,Oa,3,Oa,3,NA,FALSE
10994,CDFmm_OR,CDFmm_OR/101,Oy,5,Oy,5,NA,FALSE
10995,CDFmm_OR,CDFmm_OR/101,Pyc,3,Py,2,DVM,FALSE
10996,CDFmm_OR,CDFmm_OR/101,Ra,3,Ra,3,NA,FALSE
10997,CDFmm_OR,CDFmm_OR/102,Bg,5,Bg,5,NA,FALSE
10998,CDFmm_OR,CDFmm_OR/102,Fdc,2,Fd,2,NA,FALSE
10999,CDFmm_OR,CDFmm_OR/102,Gp,5,Gp,5,NA,FALSE
11000,CDFmm_OR,CDFmm_OR/102,Mb,5,Mb,5,NA,FALSE
11001,CDFmm_OR,CDFmm_OR/102,Qg,1,Qg,1,NA,FALSE
11002,CDFmm_OR,CDFmm_OR/102,Ra,2,Ra,2,NA,FALSE
11003,CDFmm_OR,CDFmm_OR/103,Bg,3,Bg,3,NA,FALSE
11004,CDFmm_OR,CDFmm_OR/103,Fdc,1,Fd,1,NA,FALSE
11005,CDFmm_OR,CDFmm_OR/103,Mb,3,Mb,3,NA,FALSE
11006,CDFmm_OR,CDFmm_OR/103,Pyc,3,Py,2,DVM,FALSE
11007,CDFmm_OR,CDFmm_OR/103,Qb,2,Qb,2,NA,FALSE
11008,CDFmm_OR,CDFmm_OR/103,Qg,1,Qg,1,NA,FALSE
11009,CDFmm_OR,CDFmm_OR/103,Ra,2,Ra,2,NA,FALSE
11010,CDFmm_OR,CDFmm_OR/110,Bg,3,Bg,3,NA,FALSE
11011,CDFmm_OR,CDFmm_OR/110,Cw,3,Cw,3,NA,FALSE
11012,CDFmm_OR,CDFmm_OR/110,Dr,2,Dr,2,NA,FALSE
11013,CDFmm_OR,CDFmm_OR/110,Fdc,1,Fd,1,NA,FALSE
11014,CDFmm_OR,CDFmm_OR/110,Gp,5,Gp,5,NA,FALSE
11015,CDFmm_OR,CDFmm_OR/110,Mb,2,Mb,2,NA,FALSE
11016,CDFmm_OR,CDFmm_OR/111,Act,5,Ac,5,NA,FALSE
11017,CDFmm_OR,CDFmm_OR/111,Bg,2,Bg,2,NA,FALSE
11018,CDFmm_OR,CDFmm_OR/111,Cw,1,Cw,1,NA,FALSE
11019,CDFmm_OR,CDFmm_OR/111,Dr,2,Dr,2,NA,FALSE
11020,CDFmm_OR,CDFmm_OR/111,Fdc,1,Fd,1,NA,FALSE
11021,CDFmm_OR,CDFmm_OR/111,Gp,5,Gp,5,NA,FALSE
11022,CDFmm_OR,CDFmm_OR/111,Hw,3,Hw,3,NA,FALSE
11023,CDFmm_OR,CDFmm_OR/111,Mb,2,Mb,2,NA,FALSE
11024,CDFmm_OR,CDFmm_OR/111,Og,5,Og,5,NA,FALSE
11025,CDFmm_OR,CDFmm_OR/112,Act,3,Ac,3,NA,FALSE
11026,CDFmm_OR,CDFmm_OR/112,Cw,2,Cw,2,NA,FALSE
11027,CDFmm_OR,CDFmm_OR/112,Dr,1,Dr,1,NA,FALSE
11028,CDFmm_OR,CDFmm_OR/112,Fdc,1,Fd,1,NA,FALSE
11029,CDFmm_OR,CDFmm_OR/112,Gp,NA,Gp,3,DVM,FALSE
11030,CDFmm_OR,CDFmm_OR/112,Mb,2,Mb,2,NA,FALSE
11031,CDFmm_OR,CDFmm_OR/113,Act,2,Ac,2,NA,FALSE
11032,CDFmm_OR,CDFmm_OR/113,Bg,2,Bg,2,NA,FALSE
11033,CDFmm_OR,CDFmm_OR/113,Cw,1,Cw,1,NA,FALSE
11034,CDFmm_OR,CDFmm_OR/113,Dr,1,Dr,1,NA,FALSE
11035,CDFmm_OR,CDFmm_OR/113,Fdc,1,Fd,1,NA,FALSE
11036,CDFmm_OR,CDFmm_OR/113,Mb,2,Mb,2,NA,FALSE
11037,CDFmm_OR,CDFmm_OR/113,Og,2,Og,2,NA,FALSE
11038,CDFmm_OR,CDFmm_OR/Ro,X,NA,X,NA,NA,FALSE
11039,CDFmm_WA,CDFmm_WA/101,Bg,2,Bg,2,NA,FALSE
11040,CDFmm_WA,CDFmm_WA/101,Cw,3,Cw,3,NA,FALSE
11041,CDFmm_WA,CDFmm_WA/101,Dr,2,Dr,2,NA,FALSE
11042,CDFmm_WA,CDFmm_WA/101,Fdc,1,Fd,1,NA,FALSE
11043,CDFmm_WA,CDFmm_WA/101,Mb,2,Mb,2,NA,FALSE
11044,CDFmm_WA,CDFmm_WA/101,Qg,3,Qg,3,NA,FALSE
11045,CDFmm_WA,CDFmm_WA/101,Ra,3,Ra,3,NA,FALSE
11046,CDFmm_WA,CDFmm_WA/102,Fdc,2,Fd,2,NA,FALSE
11047,CDFmm_WA,CDFmm_WA/102,Qg,1,Qg,1,NA,FALSE
11048,CDFmm_WA,CDFmm_WA/102,Ra,2,Ra,2,NA,FALSE
11049,CDFmm_WA,CDFmm_WA/103,Bg,2,Bg,3,dvm26,FALSE
11050,CDFmm_WA,CDFmm_WA/103,Fdc,1,Fd,1,NA,FALSE
11051,CDFmm_WA,CDFmm_WA/103,Qg,2,Qg,2,NA,FALSE
11052,CDFmm_WA,CDFmm_WA/103,Ra,2,Ra,2,NA,FALSE
11053,CDFmm_WA,CDFmm_WA/110,Bg,3,Bg,3,NA,FALSE
11054,CDFmm_WA,CDFmm_WA/110,Cw,3,Cw,3,NA,FALSE
11055,CDFmm_WA,CDFmm_WA/110,Dr,2,Dr,2,NA,FALSE
11056,CDFmm_WA,CDFmm_WA/110,Fdc,1,Fd,1,NA,FALSE
11057,CDFmm_WA,CDFmm_WA/110,Mb,2,Mb,2,NA,FALSE
11058,CDFmm_WA,CDFmm_WA/111,Bg,2,Bg,2,NA,FALSE
11059,CDFmm_WA,CDFmm_WA/111,Cw,1,Cw,1,NA,FALSE
11060,CDFmm_WA,CDFmm_WA/111,Dr,2,Dr,2,NA,FALSE
11061,CDFmm_WA,CDFmm_WA/111,Fdc,1,Fd,1,NA,FALSE
11062,CDFmm_WA,CDFmm_WA/111,Hw,3,Hw,3,NA,FALSE
11063,CDFmm_WA,CDFmm_WA/111,Mb,2,Mb,2,NA,FALSE
11064,CDFmm_WA,CDFmm_WA/112,Act,3,Ac,3,NA,FALSE
11065,CDFmm_WA,CDFmm_WA/112,Cw,1,Cw,1,NA,FALSE
11066,CDFmm_WA,CDFmm_WA/112,Dr,1,Dr,1,NA,FALSE
11067,CDFmm_WA,CDFmm_WA/112,Fdc,1,Fd,1,NA,FALSE
11068,CDFmm_WA,CDFmm_WA/112,Mb,2,Mb,2,NA,FALSE
11069,CDFmm_WA,CDFmm_WA/112,Ss,NA,Ss,2,DVM,FALSE
11070,CDFmm_WA,CDFmm_WA/113,Act,2,Ac,2,NA,FALSE
11071,CDFmm_WA,CDFmm_WA/113,Bg,2,Bg,2,NA,FALSE
11072,CDFmm_WA,CDFmm_WA/113,Cw,1,Cw,1,NA,FALSE
11073,CDFmm_WA,CDFmm_WA/113,Dr,1,Dr,1,NA,FALSE
11074,CDFmm_WA,CDFmm_WA/113,Fdc,1,Fd,1,NA,FALSE
11075,CDFmm_WA,CDFmm_WA/113,Mb,2,Mb,2,NA,FALSE
11076,CDFmm_WA,CDFmm_WA/113,Ss,3,Ss,3,NA,FALSE
11077,CDFmm_WA,CDFmm_WA/Ro,X,NA,X,NA,NA,FALSE
11078,CDFxm_CA,CDFxm_CA/101,Fdc,1,Fd,1,NA,FALSE
11079,CDFxm_CA,CDFxm_CA/101,Oa,3,Oa,3,NA,FALSE
11080,CDFxm_CA,CDFxm_CA/101,Ps,3,Ps,2,dvm26,FALSE
11081,CDFxm_CA,CDFxm_CA/101,Pyc,2,Py,1,dvm26,FALSE
11082,CDFxm_CA,CDFxm_CA/101,Qb,2,Qb,1,dvm26,FALSE
11083,CDFxm_CA,CDFxm_CA/101,Qc,5,Qc,5,NA,FALSE
11084,CDFxm_CA,CDFxm_CA/101,Qg,1,Qg,1,NA,FALSE
11085,CDFxm_CA,CDFxm_CA/101,Ra,2,Ra,2,NA,FALSE
11086,CDFxm_CA,CDFxm_CA/102,Fdc,5,Fd,5,NA,FALSE
11087,CDFxm_CA,CDFxm_CA/102,Jw,1,Jw,2,dvm26,FALSE
11088,CDFxm_CA,CDFxm_CA/102,Oa,5,Oa,5,NA,FALSE
11089,CDFxm_CA,CDFxm_CA/102,Pc,2,Pc,2,NA,FALSE
11090,CDFxm_CA,CDFxm_CA/102,Pyc,5,Py,5,NA,FALSE
11091,CDFxm_CA,CDFxm_CA/102,Pz,3,Pz,3,NA,FALSE
11092,CDFxm_CA,CDFxm_CA/102,Qc,3,Qc,2,dvm26,FALSE
11093,CDFxm_CA,CDFxm_CA/102,Qg,1,Qg,1,NA,FALSE
11094,CDFxm_CA,CDFxm_CA/102,Ra,2,Ra,2,NA,FALSE
11095,CDFxm_CA,CDFxm_CA/103,Fdc,3,Fd,3,NA,FALSE
11096,CDFxm_CA,CDFxm_CA/103,Jw,2,Jw,3,dvm26,FALSE
11097,CDFxm_CA,CDFxm_CA/103,Pyc,2,Py,2,NA,FALSE
11098,CDFxm_CA,CDFxm_CA/103,Pz,3,Pz,3,NA,FALSE
11099,CDFxm_CA,CDFxm_CA/103,Qb,3,Qb,3,NA,FALSE
11100,CDFxm_CA,CDFxm_CA/103,Qc,3,Qc,2,dvm26,FALSE
11101,CDFxm_CA,CDFxm_CA/103,Qg,1,Qg,1,NA,FALSE
11102,CDFxm_CA,CDFxm_CA/103,Ra,2,Ra,2,NA,FALSE
11103,CDFxm_CA,CDFxm_CA/110,Bc,5,Bc,5,NA,FALSE
11104,CDFxm_CA,CDFxm_CA/110,Fdc,1,Fd,1,NA,FALSE
11105,CDFxm_CA,CDFxm_CA/110,Oa,3,Oa,3,NA,FALSE
11106,CDFxm_CA,CDFxm_CA/110,Pyc,2,Py,2,NA,FALSE
11107,CDFxm_CA,CDFxm_CA/110,Qb,2,Qb,2,NA,FALSE
11108,CDFxm_CA,CDFxm_CA/110,Ra,2,Ra,5,dvm26,FALSE
11109,CDFxm_CA,CDFxm_CA/111,Fdc,1,Fd,1,NA,FALSE
11110,CDFxm_CA,CDFxm_CA/111,Mb,2,Mb,2,NA,FALSE
11111,CDFxm_CA,CDFxm_CA/111,Oa,2,Oa,2,NA,FALSE
11112,CDFxm_CA,CDFxm_CA/111,Qb,3,Qb,3,NA,FALSE
11113,CDFxm_CA,CDFxm_CA/112,Fdc,1,Fd,1,NA,FALSE
11114,CDFxm_CA,CDFxm_CA/112,Mb,2,Mb,2,NA,FALSE
11115,CDFxm_CA,CDFxm_CA/112,Oa,3,Oa,3,NA,FALSE
11116,CDFxm_CA,CDFxm_CA/112,Qb,3,Qb,5,dvm26,FALSE
11117,CDFxm_CA,CDFxm_CA/113,Act,2,Ac,2,NA,FALSE
11118,CDFxm_CA,CDFxm_CA/113,Fdc,1,Fd,1,NA,FALSE
11119,CDFxm_CA,CDFxm_CA/113,Mb,2,Mb,2,NA,FALSE
11120,CDFxm_CA,CDFxm_CA/113,Oa,2,Oa,2,NA,FALSE
11121,CDFxm_CA,CDFxm_CA/Ro,X,NA,X,NA,NA,FALSE
11122,CMAun_CA,CMAun_CA/00,X,NA,X,NA,NA,FALSE
11123,CMAun_OR,CMAun_OR/00,X,NA,X,NA,NA,FALSE
11124,CMAun_WA,CMAun_WA/00,X,NA,X,NA,NA,FALSE
11125,CMXdm_OR,CMXdm_OR/101,Bc,2,Bc,2,NA,FALSE
11126,CMXdm_OR,CMXdm_OR/101,Fdc,1,Fd,1,NA,FALSE
11127,CMXdm_OR,CMXdm_OR/101,Mb,5,Mb,5,NA,FALSE
11128,CMXdm_OR,CMXdm_OR/101,Oa,2,Oa,2,NA,FALSE
11129,CMXdm_OR,CMXdm_OR/101,Ot,3,Ot,3,NA,FALSE
11130,CMXdm_OR,CMXdm_OR/101,Oy,5,Oy,3,dvm26,FALSE
11131,CMXdm_OR,CMXdm_OR/101,Pyc,2,Py,2,NA,FALSE
11132,CMXdm_OR,CMXdm_OR/101,Qb,2,Qb,2,NA,FALSE
11133,CMXdm_OR,CMXdm_OR/101,Qc,3,Qc,3,NA,FALSE
11134,CMXdm_OR,CMXdm_OR/101,Ra,2,Ra,2,NA,FALSE
11135,CMXdm_OR,CMXdm_OR/102,Fdc,3,Fd,3,NA,FALSE
11136,CMXdm_OR,CMXdm_OR/102,Oa,5,Oa,5,NA,FALSE
11137,CMXdm_OR,CMXdm_OR/102,Pyc,1,Py,1,NA,FALSE
11138,CMXdm_OR,CMXdm_OR/102,Pz,3,Pz,3,NA,FALSE
11139,CMXdm_OR,CMXdm_OR/102,Qb,1,Qb,1,NA,FALSE
11140,CMXdm_OR,CMXdm_OR/102,Qg,2,Qg,2,NA,FALSE
11141,CMXdm_OR,CMXdm_OR/102,Ra,3,Ra,3,NA,FALSE
11142,CMXdm_OR,CMXdm_OR/103,Fdc,1,Fd,1,NA,FALSE
11143,CMXdm_OR,CMXdm_OR/103,Mb,5,Mb,5,NA,FALSE
11144,CMXdm_OR,CMXdm_OR/103,Oa,5,Oa,5,NA,FALSE
11145,CMXdm_OR,CMXdm_OR/103,Ps,3,Ps,3,NA,FALSE
11146,CMXdm_OR,CMXdm_OR/103,Pyc,1,Py,1,NA,FALSE
11147,CMXdm_OR,CMXdm_OR/103,Pz,3,Pz,3,NA,FALSE
11148,CMXdm_OR,CMXdm_OR/103,Qb,1,Qb,1,NA,FALSE
11149,CMXdm_OR,CMXdm_OR/103,Qc,2,Qc,2,NA,FALSE
11150,CMXdm_OR,CMXdm_OR/103,Qg,2,Qg,2,NA,FALSE
11151,CMXdm_OR,CMXdm_OR/103,Ra,2,Ra,2,NA,FALSE
11152,CMXdm_OR,CMXdm_OR/110,Bc,2,Bc,2,NA,FALSE
11153,CMXdm_OR,CMXdm_OR/110,Bg,5,Bg,5,NA,FALSE
11154,CMXdm_OR,CMXdm_OR/110,Fdc,1,Fd,1,NA,FALSE
11155,CMXdm_OR,CMXdm_OR/110,Mb,3,Mb,3,NA,FALSE
11156,CMXdm_OR,CMXdm_OR/110,Oa,5,Oa,5,NA,FALSE
11157,CMXdm_OR,CMXdm_OR/110,Oy,3,Oy,3,NA,FALSE
11158,CMXdm_OR,CMXdm_OR/110,Ra,3,Ra,3,NA,FALSE
11159,CMXdm_OR,CMXdm_OR/111,Bc,2,Bc,2,NA,FALSE
11160,CMXdm_OR,CMXdm_OR/111,Fdc,1,Fd,1,NA,FALSE
11161,CMXdm_OR,CMXdm_OR/111,Mb,3,Mb,3,NA,FALSE
11162,CMXdm_OR,CMXdm_OR/111,Oa,3,Oa,3,NA,FALSE
11163,CMXdm_OR,CMXdm_OR/112,Bc,1,Bc,1,NA,FALSE
11164,CMXdm_OR,CMXdm_OR/112,Fdc,2,Fd,2,NA,FALSE
11165,CMXdm_OR,CMXdm_OR/112,Mb,2,Mb,2,NA,FALSE
11166,CMXdm_OR,CMXdm_OR/112,Oa,2,Oa,2,NA,FALSE
11167,CMXdm_OR,CMXdm_OR/112,Oy,3,Oy,3,NA,FALSE
11168,CMXdm_OR,CMXdm_OR/113,Bc,1,Bc,1,NA,FALSE
11169,CMXdm_OR,CMXdm_OR/113,Dr,2,Dr,2,NA,FALSE
11170,CMXdm_OR,CMXdm_OR/113,Fdc,2,Fd,2,NA,FALSE
11171,CMXdm_OR,CMXdm_OR/113,Mb,2,Mb,2,NA,FALSE
11172,CMXdm_OR,CMXdm_OR/113,Oa,2,Oa,2,NA,FALSE
11173,CMXdm_OR,CMXdm_OR/113,Og,2,Og,2,NA,FALSE
11174,CMXdm_OR,CMXdm_OR/Ro,X,NA,X,NA,NA,FALSE
11175,CMXmm_OR,CMXmm_OR/101,Fdc,NA,Fd,1,DVM,FALSE
11176,CMXmm_OR,CMXmm_OR/101,Mb,NA,Mb,3,DVM,FALSE
11177,CMXmm_OR,CMXmm_OR/101,Ol,NA,Ol,2,DVM,FALSE
11178,CMXmm_OR,CMXmm_OR/101,Ot,NA,Ot,1,DVM,FALSE
11179,CMXmm_OR,CMXmm_OR/101,Oy,NA,Oy,3,DVM,FALSE
11180,CMXmm_OR,CMXmm_OR/101,Ps,NA,Ps,3,DVM,FALSE
11181,CMXmm_OR,CMXmm_OR/101,Qc,NA,Qc,3,DVM,FALSE
11182,CMXmm_OR,CMXmm_OR/101,Ra,NA,Ra,2,DVM,FALSE
11183,CMXmm_OR,CMXmm_OR/102,Fdc,NA,Fd,2,DVM,FALSE
11184,CMXmm_OR,CMXmm_OR/102,Gp,NA,Gp,2,DVM,FALSE
11185,CMXmm_OR,CMXmm_OR/102,Ol,NA,Ol,3,DVM,FALSE
11186,CMXmm_OR,CMXmm_OR/102,Ot,NA,Ot,2,DVM,FALSE
11187,CMXmm_OR,CMXmm_OR/102,Oy,NA,Oy,3,DVM,FALSE
11188,CMXmm_OR,CMXmm_OR/102,Ps,NA,Ps,2,DVM,FALSE
11189,CMXmm_OR,CMXmm_OR/102,Py,NA,Py,2,DVM,FALSE
11190,CMXmm_OR,CMXmm_OR/102,Qb,NA,Qb,2,DVM,FALSE
11191,CMXmm_OR,CMXmm_OR/102,Qc,NA,Qc,1,DVM,FALSE
11192,CMXmm_OR,CMXmm_OR/102,Qg,NA,Qg,3,DVM,FALSE
11193,CMXmm_OR,CMXmm_OR/102,Ra,NA,Ra,1,DVM,FALSE
11194,CMXmm_OR,CMXmm_OR/103,Fdc,NA,Fd,1,DVM,FALSE
11195,CMXmm_OR,CMXmm_OR/103,Gp,NA,Gp,3,DVM,FALSE
11196,CMXmm_OR,CMXmm_OR/103,Oa,NA,Oa,3,DVM,FALSE
11197,CMXmm_OR,CMXmm_OR/103,Ol,NA,Ol,3,DVM,FALSE
11198,CMXmm_OR,CMXmm_OR/103,Ot,NA,Ot,2,DVM,FALSE
11199,CMXmm_OR,CMXmm_OR/103,Oy,NA,Oy,3,DVM,FALSE
11200,CMXmm_OR,CMXmm_OR/103,Ps,NA,Ps,1,DVM,FALSE
11201,CMXmm_OR,CMXmm_OR/103,Py,NA,Py,3,DVM,FALSE
11202,CMXmm_OR,CMXmm_OR/103,Qb,NA,Qb,3,DVM,FALSE
11203,CMXmm_OR,CMXmm_OR/103,Qc,NA,Qc,2,DVM,FALSE
11204,CMXmm_OR,CMXmm_OR/103,Ra,NA,Ra,1,DVM,FALSE
11205,CMXmm_OR,CMXmm_OR/110,Bc,NA,Bc,3,DVM,FALSE
11206,CMXmm_OR,CMXmm_OR/110,Dr,NA,Dr,2,DVM,FALSE
11207,CMXmm_OR,CMXmm_OR/110,Fdc,NA,Fd,1,DVM,FALSE
11208,CMXmm_OR,CMXmm_OR/110,Hw,NA,Hw,3,DVM,FALSE
11209,CMXmm_OR,CMXmm_OR/110,Mb,NA,Mb,2,DVM,FALSE
11210,CMXmm_OR,CMXmm_OR/110,Ol,NA,Ol,2,DVM,FALSE
11211,CMXmm_OR,CMXmm_OR/110,Ot,NA,Ot,2,DVM,FALSE
11212,CMXmm_OR,CMXmm_OR/110,Yp,NA,Yp,2,DVM,FALSE
11213,CMXmm_OR,CMXmm_OR/111,Bc,NA,Bc,3,DVM,FALSE
11214,CMXmm_OR,CMXmm_OR/111,Dr,NA,Dr,1,DVM,FALSE
11215,CMXmm_OR,CMXmm_OR/111,Fdc,NA,Fd,1,DVM,FALSE
11216,CMXmm_OR,CMXmm_OR/111,Hw,NA,Hw,3,DVM,FALSE
11217,CMXmm_OR,CMXmm_OR/111,Mb,NA,Mb,2,DVM,FALSE
11218,CMXmm_OR,CMXmm_OR/111,Ol,NA,Ol,2,DVM,FALSE
11219,CMXmm_OR,CMXmm_OR/111,Ot,NA,Ot,2,DVM,FALSE
11220,CMXmm_OR,CMXmm_OR/111,Yp,NA,Yp,2,DVM,FALSE
11221,CMXmm_OR,CMXmm_OR/112,Bc,NA,Bc,3,DVM,FALSE
11222,CMXmm_OR,CMXmm_OR/112,Dr,NA,Dr,2,DVM,FALSE
11223,CMXmm_OR,CMXmm_OR/112,Fdc,NA,Fd,1,DVM,FALSE
11224,CMXmm_OR,CMXmm_OR/112,Hw,NA,Hw,3,DVM,FALSE
11225,CMXmm_OR,CMXmm_OR/112,Mb,NA,Mb,1,DVM,FALSE
11226,CMXmm_OR,CMXmm_OR/112,Ol,NA,Ol,2,DVM,FALSE
11227,CMXmm_OR,CMXmm_OR/112,Ot,NA,Ot,2,DVM,FALSE
11228,CMXmm_OR,CMXmm_OR/112,Yp,NA,Yp,2,DVM,FALSE
11229,CMXmm_OR,CMXmm_OR/113,Bc,NA,Bc,3,DVM,FALSE
11230,CMXmm_OR,CMXmm_OR/113,Dr,NA,Dr,2,DVM,FALSE
11231,CMXmm_OR,CMXmm_OR/113,Fdc,NA,Fd,1,DVM,FALSE
11232,CMXmm_OR,CMXmm_OR/113,Hw,NA,Hw,3,DVM,FALSE
11233,CMXmm_OR,CMXmm_OR/113,Mb,NA,Mb,1,DVM,FALSE
11234,CMXmm_OR,CMXmm_OR/113,Ol,NA,Ol,2,DVM,FALSE
11235,CMXmm_OR,CMXmm_OR/113,Ot,NA,Ot,2,DVM,FALSE
11236,CMXmm_OR,CMXmm_OR/113,Yp,NA,Yp,2,DVM,FALSE
11237,CMXmm_OR,CMXmm_OR/Ro,X,NA,X,NA,NA,FALSE
11238,CMXwm_OR,CMXwm_OR/101,Bc,2,Bc,2,NA,FALSE
11239,CMXwm_OR,CMXwm_OR/101,Dr,5,Dr,5,NA,FALSE
11240,CMXwm_OR,CMXwm_OR/101,Fdc,1,Fd,1,NA,FALSE
11241,CMXwm_OR,CMXwm_OR/101,Gp,NA,Gp,3,DVM,FALSE
11242,CMXwm_OR,CMXwm_OR/101,Mb,3,Mb,3,NA,FALSE
11243,CMXwm_OR,CMXwm_OR/101,Oa,NA,Oa,3,DVM,FALSE
11244,CMXwm_OR,CMXwm_OR/101,Ol,2,Ol,5,DVM,FALSE
11245,CMXwm_OR,CMXwm_OR/101,Ot,1,Ot,1,NA,FALSE
11246,CMXwm_OR,CMXwm_OR/101,Oy,NA,Oy,3,DVM,FALSE
11247,CMXwm_OR,CMXwm_OR/101,Pk,NA,Pk,3,DVM,FALSE
11248,CMXwm_OR,CMXwm_OR/101,Ps,2,Ps,2,NA,FALSE
11249,CMXwm_OR,CMXwm_OR/101,Pw,3,Pw,3,NA,FALSE
11250,CMXwm_OR,CMXwm_OR/101,Qc,3,Qc,3,NA,FALSE
11251,CMXwm_OR,CMXwm_OR/101,Ra,3,Ra,3,NA,FALSE
11252,CMXwm_OR,CMXwm_OR/101,Yp,5,Yp,3,DVM,FALSE
11253,CMXwm_OR,CMXwm_OR/102,Fdc,2,Fd,1,DVM,FALSE
11254,CMXwm_OR,CMXwm_OR/102,Oa,3,Oa,3,NA,FALSE
11255,CMXwm_OR,CMXwm_OR/102,Ot,3,Ot,2,DVM,FALSE
11256,CMXwm_OR,CMXwm_OR/102,Oy,2,Oy,2,NA,FALSE
11257,CMXwm_OR,CMXwm_OR/102,Ps,2,Ps,2,NA,FALSE
11258,CMXwm_OR,CMXwm_OR/102,Pw,5,Pw,5,NA,FALSE
11259,CMXwm_OR,CMXwm_OR/102,Pyc,1,Py,2,dvm26,FALSE
11260,CMXwm_OR,CMXwm_OR/102,Qc,1,Qc,1,NA,FALSE
11261,CMXwm_OR,CMXwm_OR/102,Qb,NA,Qb,2,DVM,FALSE
11262,CMXwm_OR,CMXwm_OR/102,Ra,1,Ra,1,NA,FALSE
11263,CMXwm_OR,CMXwm_OR/103,Fdc,1,Fd,1,NA,FALSE
11264,CMXwm_OR,CMXwm_OR/103,Gp,NA,Gp,2,DVM,FALSE
11265,CMXwm_OR,CMXwm_OR/103,Oa,3,Oa,2,DVM,FALSE
11266,CMXwm_OR,CMXwm_OR/103,Ol,3,Ol,5,DVM,FALSE
11267,CMXwm_OR,CMXwm_OR/103,Ot,2,Ot,2,dvm26,FALSE
11268,CMXwm_OR,CMXwm_OR/103,Oy,1,Oy,2,DVM,FALSE
11269,CMXwm_OR,CMXwm_OR/103,Ps,2,Ps,2,NA,FALSE
11270,CMXwm_OR,CMXwm_OR/103,Pyc,2,Py,3,DVM,FALSE
11271,CMXwm_OR,CMXwm_OR/103,Pz,3,Pz,3,NA,FALSE
11272,CMXwm_OR,CMXwm_OR/103,Qc,2,Qc,1,DVM,FALSE
11273,CMXwm_OR,CMXwm_OR/103,Qg,3,Qg,5,dvm26,FALSE
11274,CMXwm_OR,CMXwm_OR/103,Ra,NA,Ra,1,DVM,FALSE
11275,CMXwm_OR,CMXwm_OR/110,Bc,3,Bc,3,NA,FALSE
11276,CMXwm_OR,CMXwm_OR/110,Bg,5,Bg,5,NA,FALSE
11277,CMXwm_OR,CMXwm_OR/110,Dr,3,Dr,5,DVM,FALSE
11278,CMXwm_OR,CMXwm_OR/110,Fdc,1,Fd,1,NA,FALSE
11279,CMXwm_OR,CMXwm_OR/110,Hw,3,Hw,3,NA,FALSE
11280,CMXwm_OR,CMXwm_OR/110,Mb,2,Mb,3,DVM,FALSE
11281,CMXwm_OR,CMXwm_OR/110,Ol,3,Ol,5,DVM,FALSE
11282,CMXwm_OR,CMXwm_OR/110,Ot,2,Ot,1,DVM,FALSE
11283,CMXwm_OR,CMXwm_OR/110,Pw,NA,Pw,3,DVM,FALSE
11284,CMXwm_OR,CMXwm_OR/110,Yp,2,Yp,2,NA,FALSE
11285,CMXwm_OR,CMXwm_OR/111,Bc,2,Bc,3,DVM,FALSE
11286,CMXwm_OR,CMXwm_OR/111,Bg,3,Bg,5,DVM,FALSE
11287,CMXwm_OR,CMXwm_OR/111,Dr,2,Dr,5,DVM,FALSE
11288,CMXwm_OR,CMXwm_OR/111,Fdc,1,Fd,1,NA,FALSE
11289,CMXwm_OR,CMXwm_OR/111,Hw,3,Hw,3,NA,FALSE
11290,CMXwm_OR,CMXwm_OR/111,Ol,3,Ol,5,DVM,FALSE
11291,CMXwm_OR,CMXwm_OR/111,Ot,2,Ot,2,NA,FALSE
11292,CMXwm_OR,CMXwm_OR/111,Pw,NA,Pw,3,DVM,FALSE
11293,CMXwm_OR,CMXwm_OR/111,Yp,2,Yp,2,NA,FALSE
11294,CMXwm_OR,CMXwm_OR/112,Bc,2,Bc,2,dvm26,FALSE
11295,CMXwm_OR,CMXwm_OR/112,Bg,3,Bg,5,DVM,FALSE
11296,CMXwm_OR,CMXwm_OR/112,Dr,2,Dr,5,DVM,FALSE
11297,CMXwm_OR,CMXwm_OR/112,Fdc,NA,Fd,2,DVM,FALSE
11298,CMXwm_OR,CMXwm_OR/112,Mb,2,Mb,2,NA,FALSE
11299,CMXwm_OR,CMXwm_OR/112,Ot,2,Ot,2,NA,FALSE
11300,CMXwm_OR,CMXwm_OR/112,Pw,NA,Pw,3,DVM,FALSE
11301,CMXwm_OR,CMXwm_OR/112,Yp,1,Yp,1,NA,FALSE
11302,CMXwm_OR,CMXwm_OR/113,Bc,2,Bc,2,NA,FALSE
11303,CMXwm_OR,CMXwm_OR/113,Bg,3,Bg,5,DVM,FALSE
11304,CMXwm_OR,CMXwm_OR/113,Dr,2,Dr,5,DVM,FALSE
11305,CMXwm_OR,CMXwm_OR/113,Fdc,2,Fd,2,NA,FALSE
11306,CMXwm_OR,CMXwm_OR/113,Hw,3,Hw,5,DVM,FALSE
11307,CMXwm_OR,CMXwm_OR/113,Mb,2,Mb,2,NA,FALSE
11308,CMXwm_OR,CMXwm_OR/113,Ot,2,Ot,2,NA,FALSE
11309,CMXwm_OR,CMXwm_OR/113,Pw,NA,Pw,3,DVM,FALSE
11310,CMXwm_OR,CMXwm_OR/113,Yp,1,Yp,1,NA,FALSE
11311,CMXwm_OR,CMXwm_OR/Ro,X,NA,X,NA,NA,FALSE
11312,CMXxm_CA,CMXxm_CA/101,Bc,3,Bc,3,NA,FALSE
11313,CMXxm_CA,CMXxm_CA/101,Fdc,1,Fd,1,NA,FALSE
11314,CMXxm_CA,CMXxm_CA/101,Oa,2,Oa,2,NA,FALSE
11315,CMXxm_CA,CMXxm_CA/101,Ol,3,Ol,3,NA,FALSE
11316,CMXxm_CA,CMXxm_CA/101,Ot,3,Ot,3,NA,FALSE
11317,CMXxm_CA,CMXxm_CA/101,Ps,1,Ps,1,NA,FALSE
11318,CMXxm_CA,CMXxm_CA/101,Pyc,1,Py,1,NA,FALSE
11319,CMXxm_CA,CMXxm_CA/101,Qb,2,Qb,2,NA,FALSE
11320,CMXxm_CA,CMXxm_CA/101,Qc,2,Qc,2,NA,FALSE
11321,CMXxm_CA,CMXxm_CA/101,Ra,3,Ra,3,NA,FALSE
11322,CMXxm_CA,CMXxm_CA/102,Bc,5,Bc,5,NA,FALSE
11323,CMXxm_CA,CMXxm_CA/102,Fdc,2,Fd,2,NA,FALSE
11324,CMXxm_CA,CMXxm_CA/102,Oa,5,Oa,5,NA,FALSE
11325,CMXxm_CA,CMXxm_CA/102,Pc,2,Pc,2,NA,FALSE
11326,CMXxm_CA,CMXxm_CA/102,Ps,5,Ps,5,NA,FALSE
11327,CMXxm_CA,CMXxm_CA/102,Pyc,1,Py,1,NA,FALSE
11328,CMXxm_CA,CMXxm_CA/102,Qb,1,Qb,1,NA,FALSE
11329,CMXxm_CA,CMXxm_CA/102,Qc,1,Qc,1,NA,FALSE
11330,CMXxm_CA,CMXxm_CA/102,Qg,3,Qg,3,NA,FALSE
11331,CMXxm_CA,CMXxm_CA/102,Qz,3,Qz,2,dvm26,FALSE
11332,CMXxm_CA,CMXxm_CA/102,Ra,2,Ra,2,NA,FALSE
11333,CMXxm_CA,CMXxm_CA/103,Fdc,2,Fd,2,NA,FALSE
11334,CMXxm_CA,CMXxm_CA/103,Ol,3,Ol,3,NA,FALSE
11335,CMXxm_CA,CMXxm_CA/103,Ps,3,Ps,3,NA,FALSE
11336,CMXxm_CA,CMXxm_CA/103,Pyc,1,Py,1,NA,FALSE
11337,CMXxm_CA,CMXxm_CA/103,Qb,1,Qb,1,NA,FALSE
11338,CMXxm_CA,CMXxm_CA/103,Qc,1,Qc,1,NA,FALSE
11339,CMXxm_CA,CMXxm_CA/103,Ra,2,Ra,2,NA,FALSE
11340,CMXxm_CA,CMXxm_CA/110,Bc,2,Bc,2,NA,FALSE
11341,CMXxm_CA,CMXxm_CA/110,Fdc,1,Fd,1,NA,FALSE
11342,CMXxm_CA,CMXxm_CA/110,Mb,2,Mb,2,NA,FALSE
11343,CMXxm_CA,CMXxm_CA/110,Oa,2,Oa,2,NA,FALSE
11344,CMXxm_CA,CMXxm_CA/110,Pyc,2,Py,2,NA,FALSE
11345,CMXxm_CA,CMXxm_CA/110,Qb,3,Qb,3,NA,FALSE
11346,CMXxm_CA,CMXxm_CA/111,Bc,2,Bc,2,NA,FALSE
11347,CMXxm_CA,CMXxm_CA/111,Fdc,1,Fd,1,NA,FALSE
11348,CMXxm_CA,CMXxm_CA/111,Mb,2,Mb,2,NA,FALSE
11349,CMXxm_CA,CMXxm_CA/111,Oa,2,Oa,2,NA,FALSE
11350,CMXxm_CA,CMXxm_CA/112,Bc,2,Bc,2,NA,FALSE
11351,CMXxm_CA,CMXxm_CA/112,Fdc,1,Fd,1,NA,FALSE
11352,CMXxm_CA,CMXxm_CA/112,Mb,1,Mb,1,NA,FALSE
11353,CMXxm_CA,CMXxm_CA/112,Oa,2,Oa,2,NA,FALSE
11354,CMXxm_CA,CMXxm_CA/112,Pyc,2,Py,2,NA,FALSE
11355,CMXxm_CA,CMXxm_CA/113,Bc,2,Bc,2,NA,FALSE
11356,CMXxm_CA,CMXxm_CA/113,Fdc,1,Fd,1,NA,FALSE
11357,CMXxm_CA,CMXxm_CA/113,Mb,1,Mb,1,NA,FALSE
11358,CMXxm_CA,CMXxm_CA/113,Oa,2,Oa,2,NA,FALSE
11359,CMXxm_CA,CMXxm_CA/Ro,X,NA,X,NA,NA,FALSE
11360,CRFdh_CA,CRFdh_CA/101,Bg,3,Bg,3,dvm26,FALSE
11361,CRFdh_CA,CRFdh_CA/101,Dr,2,Dr,2,dvm26,FALSE
11362,CRFdh_CA,CRFdh_CA/101,Fdc,1,Fd,1,dvm26,FALSE
11363,CRFdh_CA,CRFdh_CA/101,Hw,3,Hw,3,dvm26,FALSE
11364,CRFdh_CA,CRFdh_CA/101,Mb,3,Mb,3,dvm26,FALSE
11365,CRFdh_CA,CRFdh_CA/101,Oc,1,Oc,1,dvm26,FALSE
11366,CRFdh_CA,CRFdh_CA/101,Ol,1,Ol,1,dvm26,FALSE
11367,CRFdh_CA,CRFdh_CA/101,Ot,1,Ot,1,dvm26,FALSE
11368,CRFdh_CA,CRFdh_CA/101,Ra,2,Ra,2,dvm26,FALSE
11369,CRFdh_CA,CRFdh_CA/102,Fdc,2,Fd,2,dvm26,FALSE
11370,CRFdh_CA,CRFdh_CA/102,Qb,1,Qb,1,dvm26,FALSE
11371,CRFdh_CA,CRFdh_CA/102,Qc,2,Qc,2,dvm26,FALSE
11372,CRFdh_CA,CRFdh_CA/102,Qg,2,Qg,2,dvm26,FALSE
11373,CRFdh_CA,CRFdh_CA/102,Qx,2,Qx,2,dvm26,FALSE
11374,CRFdh_CA,CRFdh_CA/102,Ra,1,Ra,1,dvm26,FALSE
11375,CRFdh_CA,CRFdh_CA/103,Fdc,1,Fd,1,dvm26,FALSE
11376,CRFdh_CA,CRFdh_CA/103,Oc,2,Oc,2,dvm26,FALSE
11377,CRFdh_CA,CRFdh_CA/103,Ot,2,Ot,2,dvm26,FALSE
11378,CRFdh_CA,CRFdh_CA/103,Qb,2,Qb,2,dvm26,FALSE
11379,CRFdh_CA,CRFdh_CA/103,Qc,3,Qc,3,dvm26,FALSE
11380,CRFdh_CA,CRFdh_CA/103,Qg,5,Qg,5,NA,FALSE
11381,CRFdh_CA,CRFdh_CA/103,Qx,3,Qx,3,dvm26,FALSE
11382,CRFdh_CA,CRFdh_CA/103,Ra,1,Ra,1,dvm26,FALSE
11383,CRFdh_CA,CRFdh_CA/110,Bg,3,Bg,3,dvm26,FALSE
11384,CRFdh_CA,CRFdh_CA/110,Cw,5,Cw,5,NA,FALSE
11385,CRFdh_CA,CRFdh_CA/110,Dr,2,Dr,2,dvm26,FALSE
11386,CRFdh_CA,CRFdh_CA/110,Fdc,1,Fd,1,dvm26,FALSE
11387,CRFdh_CA,CRFdh_CA/110,Hw,3,Hw,3,dvm26,FALSE
11388,CRFdh_CA,CRFdh_CA/110,Mb,1,Mb,1,dvm26,FALSE
11389,CRFdh_CA,CRFdh_CA/110,Oc,1,Oc,1,dvm26,FALSE
11390,CRFdh_CA,CRFdh_CA/110,Ol,1,Ol,1,dvm26,FALSE
11391,CRFdh_CA,CRFdh_CA/110,Ot,2,Ot,2,dvm26,FALSE
11392,CRFdh_CA,CRFdh_CA/110,Ss,2,Ss,2,NA,FALSE
11393,CRFdh_CA,CRFdh_CA/111,Bg,3,Bg,3,dvm26,FALSE
11394,CRFdh_CA,CRFdh_CA/111,Dr,3,Dr,3,dvm26,FALSE
11395,CRFdh_CA,CRFdh_CA/111,Fdc,2,Fd,2,dvm26,FALSE
11396,CRFdh_CA,CRFdh_CA/111,Hw,3,Hw,3,dvm26,FALSE
11397,CRFdh_CA,CRFdh_CA/111,Mb,1,Mb,1,dvm26,FALSE
11398,CRFdh_CA,CRFdh_CA/111,Oc,1,Oc,1,dvm26,FALSE
11399,CRFdh_CA,CRFdh_CA/111,Ol,1,Ol,1,dvm26,FALSE
11400,CRFdh_CA,CRFdh_CA/111,Ss,1,Ss,1,NA,FALSE
11401,CRFdh_CA,CRFdh_CA/Ro,X,NA,X,NA,NA,FALSE
11402,CVGdm_CA,CVGdm_CA/110,Pc,2,Pc,2,NA,FALSE
11403,CVGdm_CA,CVGdm_CA/110,Qd,1,Qd,2,dvm26,FALSE
11404,CVGdm_CA,CVGdm_CA/111,Af,1,Af,1,NA,FALSE
11405,CVGdm_CA,CVGdm_CA/111,Me,3,Me,2,dvm26,FALSE
11406,CVGdm_CA,CVGdm_CA/111,Og,2,Og,2,NA,FALSE
11407,CVGdm_CA,CVGdm_CA/111,Ql,1,Ql,5,dvm26,FALSE
11408,CVGdm_CA,CVGdm_CA/111,Qz,1,Qz,5,dvm26,FALSE
11409,CVGdm_CA,CVGdm_CA/Gg,X,NA,X,NA,NA,FALSE
11410,CVGdm_CA,CVGdm_CA/Ro,X,NA,X,NA,NA,FALSE
11411,CWFdm_OR,CWFdm_OR/101,Bc,NA,Bc,1,DVM,FALSE
11412,CWFdm_OR,CWFdm_OR/101,Fdc,NA,Fd,1,DVM,FALSE
11413,CWFdm_OR,CWFdm_OR/101,Gp,NA,Gp,3,DVM,FALSE
11414,CWFdm_OR,CWFdm_OR/101,Oa,NA,Oa,2,DVM,FALSE
11415,CWFdm_OR,CWFdm_OR/101,Oy,NA,Oy,2,DVM,FALSE
11416,CWFdm_OR,CWFdm_OR/101,Ps,NA,Ps,2,DVM,FALSE
11417,CWFdm_OR,CWFdm_OR/101,Pyc,NA,Py,3,DVM,FALSE
11418,CWFdm_OR,CWFdm_OR/101,Ra,NA,Ra,3,DVM,FALSE
11419,CWFdm_OR,CWFdm_OR/102,Bc,NA,Bc,3,DVM,FALSE
11420,CWFdm_OR,CWFdm_OR/102,Fdc,NA,Fd,1,DVM,FALSE
11421,CWFdm_OR,CWFdm_OR/102,Oa,NA,Oa,1,DVM,FALSE
11422,CWFdm_OR,CWFdm_OR/102,Oy,NA,Oy,3,DVM,FALSE
11423,CWFdm_OR,CWFdm_OR/102,Ps,NA,Ps,2,DVM,FALSE
11424,CWFdm_OR,CWFdm_OR/102,Pyc,NA,Py,1,DVM,FALSE
11425,CWFdm_OR,CWFdm_OR/102,Qb,NA,Qb,2,DVM,FALSE
11426,CWFdm_OR,CWFdm_OR/102,Qg,NA,Qg,3,DVM,FALSE
11427,CWFdm_OR,CWFdm_OR/102,Ra,NA,Ra,1,DVM,FALSE
11428,CWFdm_OR,CWFdm_OR/103,Bc,NA,Bc,2,DVM,FALSE
11429,CWFdm_OR,CWFdm_OR/103,Fdc,NA,Fd,1,DVM,FALSE
11430,CWFdm_OR,CWFdm_OR/103,Oa,NA,Oa,1,DVM,FALSE
11431,CWFdm_OR,CWFdm_OR/103,Oy,NA,Oy,2,DVM,FALSE
11432,CWFdm_OR,CWFdm_OR/103,Ps,NA,Ps,2,DVM,FALSE
11433,CWFdm_OR,CWFdm_OR/103,Pyc,NA,Py,1,DVM,FALSE
11434,CWFdm_OR,CWFdm_OR/103,Qb,NA,Qb,3,DVM,FALSE
11435,CWFdm_OR,CWFdm_OR/103,Ra,NA,Ra,2,DVM,FALSE
11436,CWFdm_OR,CWFdm_OR/110,Bc,NA,Bc,1,DVM,FALSE
11437,CWFdm_OR,CWFdm_OR/110,Fdc,NA,Fd,1,DVM,FALSE
11438,CWFdm_OR,CWFdm_OR/110,Oa,NA,Oa,3,DVM,FALSE
11439,CWFdm_OR,CWFdm_OR/110,Oy,NA,Oy,3,DVM,FALSE
11440,CWFdm_OR,CWFdm_OR/111,Bc,NA,Bc,1,DVM,FALSE
11441,CWFdm_OR,CWFdm_OR/111,Fdc,NA,Fd,1,DVM,FALSE
11442,CWFdm_OR,CWFdm_OR/112,Bc,NA,Bc,1,DVM,FALSE
11443,CWFdm_OR,CWFdm_OR/112,Fdc,NA,Fd,1,DVM,FALSE
11444,CWFdm_OR,CWFdm_OR/112,Gp,NA,Gp,3,DVM,FALSE
11445,CWFdm_OR,CWFdm_OR/112,Oa,NA,Oa,2,DVM,FALSE
11446,CWFdm_OR,CWFdm_OR/112,Oy,NA,Oy,2,DVM,FALSE
11447,CWFdm_OR,CWFdm_OR/112,Ps,NA,Ps,3,DVM,FALSE
11448,CWFdm_OR,CWFdm_OR/112,Pw,NA,Pw,3,DVM,FALSE
11449,CWFdm_OR,CWFdm_OR/112,Pyc,NA,Py,3,DVM,FALSE
11450,CWFdm_OR,CWFdm_OR/113,Bc,NA,Bc,1,DVM,FALSE
11451,CWFdm_OR,CWFdm_OR/113,Fdc,NA,Fd,1,DVM,FALSE
11452,CWFdm_OR,CWFdm_OR/113,Ps,NA,Ps,3,DVM,FALSE
11453,CWFdm_OR,CWFdm_OR/113,Pw,NA,Pw,3,DVM,FALSE
11454,CWFdm_OR,CWFdm_OR/Ro,X,NA,X,NA,NA,FALSE
11455,CWFds_CA,CWFds_CA/101,Bc,1,Bc,1,NA,FALSE
11456,CWFds_CA,CWFds_CA/101,Bm,2,Bm,3,DVM,FALSE
11457,CWFds_CA,CWFds_CA/101,Fdc,1,Fd,1,NA,FALSE
11458,CWFds_CA,CWFds_CA/101,Oa,1,Oa,1,NA,FALSE
11459,CWFds_CA,CWFds_CA/101,Ob,NA,Ob,2,DVM,FALSE
11460,CWFds_CA,CWFds_CA/101,Plc,3,Pl,3,NA,FALSE
11461,CWFds_CA,CWFds_CA/101,Ps,2,Ps,2,NA,FALSE
11462,CWFds_CA,CWFds_CA/101,Pyc,2,Py,2,NA,FALSE
11463,CWFds_CA,CWFds_CA/101,Pz,2,Pz,2,NA,FALSE
11464,CWFds_CA,CWFds_CA/101,Qb,2,Qb,2,NA,FALSE
11465,CWFds_CA,CWFds_CA/102,Bc,2,Bc,2,NA,FALSE
11466,CWFds_CA,CWFds_CA/102,Fdc,2,Fd,2,NA,FALSE
11467,CWFds_CA,CWFds_CA/102,Oa,2,Oa,2,NA,FALSE
11468,CWFds_CA,CWFds_CA/102,Ps,1,Ps,1,NA,FALSE
11469,CWFds_CA,CWFds_CA/102,Pyc,1,Py,1,NA,FALSE
11470,CWFds_CA,CWFds_CA/102,Pz,1,Pz,1,NA,FALSE
11471,CWFds_CA,CWFds_CA/102,Qb,1,Qb,1,NA,FALSE
11472,CWFds_CA,CWFds_CA/102,Qc,2,Qc,2,NA,FALSE
11473,CWFds_CA,CWFds_CA/110,Bc,1,Bc,1,NA,FALSE
11474,CWFds_CA,CWFds_CA/110,Fdc,2,Fd,2,NA,FALSE
11475,CWFds_CA,CWFds_CA/110,Oa,NA,Oa,2,DVM,FALSE
11476,CWFds_CA,CWFds_CA/110,Oz,1,Oz,5,DVM,FALSE
11477,CWFds_CA,CWFds_CA/110,Plc,3,Pl,3,NA,FALSE
11478,CWFds_CA,CWFds_CA/110,Ps,2,Ps,2,NA,FALSE
11479,CWFds_CA,CWFds_CA/110,Pyc,2,Py,2,NA,FALSE
11480,CWFds_CA,CWFds_CA/110,Pz,2,Pz,2,NA,FALSE
11481,CWFds_CA,CWFds_CA/Ro,X,NA,X,NA,NA,FALSE
11482,CWFmm_OR,CWFmm_OR/101,Bc,1,Bc,1,NA,FALSE
11483,CWFmm_OR,CWFmm_OR/101,Dr,5,Dr,5,NA,FALSE
11484,CWFmm_OR,CWFmm_OR/101,Fdc,1,Fd,1,NA,FALSE
11485,CWFmm_OR,CWFmm_OR/101,Gp,NA,Gp,3,DVM,FALSE
11486,CWFmm_OR,CWFmm_OR/101,Hw,3,Hw,2,DVM,FALSE
11487,CWFmm_OR,CWFmm_OR/101,Oa,1,Oa,5,DVM,FALSE
11488,CWFmm_OR,CWFmm_OR/101,Oy,2,Oy,2,NA,FALSE
11489,CWFmm_OR,CWFmm_OR/101,Oz,NA,Oz,2,DVM,FALSE
11490,CWFmm_OR,CWFmm_OR/101,Ps,2,Ps,2,NA,FALSE
11491,CWFmm_OR,CWFmm_OR/101,Pw,2,Pw,3,DVM,FALSE
11492,CWFmm_OR,CWFmm_OR/101,Pyc,NA,Py,3,DVM,FALSE
11493,CWFmm_OR,CWFmm_OR/102,Bc,3,Bc,3,NA,FALSE
11494,CWFmm_OR,CWFmm_OR/102,Fdc,1,Fd,1,NA,FALSE
11495,CWFmm_OR,CWFmm_OR/102,Gp,NA,Gp,3,DVM,FALSE
11496,CWFmm_OR,CWFmm_OR/102,Oa,1,Oa,5,DVM,FALSE
11497,CWFmm_OR,CWFmm_OR/102,Oy,1,Oy,1,NA,FALSE
11498,CWFmm_OR,CWFmm_OR/102,Oy,NA,Oy,3,DVM,FALSE
11499,CWFmm_OR,CWFmm_OR/102,Ps,2,Ps,2,NA,FALSE
11500,CWFmm_OR,CWFmm_OR/102,Pyc,2,Py,1,DVM,FALSE
11501,CWFmm_OR,CWFmm_OR/102,Qc,NA,Qc,3,DVM,FALSE
11502,CWFmm_OR,CWFmm_OR/102,Ra,3,Ra,1,DVM,FALSE
11503,CWFmm_OR,CWFmm_OR/103,Bc,2,Bc,2,NA,FALSE
11504,CWFmm_OR,CWFmm_OR/103,Fdc,1,Fd,1,NA,FALSE
11505,CWFmm_OR,CWFmm_OR/103,Gp,NA,Gp,3,DVM,NA
11506,CWFmm_OR,CWFmm_OR/103,Oa,1,Oa,1,NA,FALSE
11507,CWFmm_OR,CWFmm_OR/103,Oy,2,Oy,2,NA,FALSE
11508,CWFmm_OR,CWFmm_OR/103,Ps,2,Ps,2,NA,FALSE
11509,CWFmm_OR,CWFmm_OR/103,Pw,3,Pw,5,DVM,FALSE
11510,CWFmm_OR,CWFmm_OR/103,Pyc,2,Py,3,DVM,FALSE
11511,CWFmm_OR,CWFmm_OR/103,Ra,3,Ra,1,DVM,FALSE
11512,CWFmm_OR,CWFmm_OR/110,Bc,1,Bc,1,NA,FALSE
11513,CWFmm_OR,CWFmm_OR/110,Cw,5,Cw,5,NA,FALSE
11514,CWFmm_OR,CWFmm_OR/110,Dr,5,Dr,5,NA,FALSE
11515,CWFmm_OR,CWFmm_OR/110,Fdc,1,Fd,1,NA,FALSE
11516,CWFmm_OR,CWFmm_OR/110,Hw,2,Hw,2,NA,FALSE
11517,CWFmm_OR,CWFmm_OR/110,Oa,2,Oa,3,DVM,FALSE
11518,CWFmm_OR,CWFmm_OR/110,Oy,5,Oy,5,NA,FALSE
11519,CWFmm_OR,CWFmm_OR/111,Bc,1,Bc,1,NA,FALSE
11520,CWFmm_OR,CWFmm_OR/111,Fdc,1,Fd,1,NA,FALSE
11521,CWFmm_OR,CWFmm_OR/111,Hw,3,Hw,1,DVM,FALSE
11522,CWFmm_OR,CWFmm_OR/112,Bc,2,Bc,2,NA,FALSE
11523,CWFmm_OR,CWFmm_OR/112,Cw,3,Cw,5,DVM,FALSE
11524,CWFmm_OR,CWFmm_OR/112,Fdc,1,Fd,1,NA,FALSE
11525,CWFmm_OR,CWFmm_OR/112,Gp,NA,Gp,3,DVM,FALSE
11526,CWFmm_OR,CWFmm_OR/112,Hw,3,Hw,2,DVM,FALSE
11527,CWFmm_OR,CWFmm_OR/112,Mb,2,Mb,2,NA,FALSE
11528,CWFmm_OR,CWFmm_OR/112,Oa,2,Oa,2,NA,FALSE
11529,CWFmm_OR,CWFmm_OR/112,Ps,NA,Ps,2,NA,FALSE
11530,CWFmm_OR,CWFmm_OR/112,Pyc,NA,Py,3,DVM,FALSE
11531,CWFmm_OR,CWFmm_OR/113,Bc,2,Bc,2,NA,FALSE
11532,CWFmm_OR,CWFmm_OR/113,Cw,3,Cw,3,NA,FALSE
11533,CWFmm_OR,CWFmm_OR/113,Fdc,1,Fd,1,NA,FALSE
11534,CWFmm_OR,CWFmm_OR/113,Gp,NA,Gp,3,DVM,NA
11535,CWFmm_OR,CWFmm_OR/113,Hw,NA,Hw,2,DVM,NA
11536,CWFmm_OR,CWFmm_OR/113,Mb,2,Mb,2,NA,FALSE
11537,CWFmm_OR,CWFmm_OR/113,Ps,NA,Ps,3,DVM,NA
11538,CWFmm_OR,CWFmm_OR/Ro,X,NA,X,NA,NA,FALSE
11539,CWFwm_OR,CWFwm_OR/101,Bc,1,Bc,1,NA,FALSE
11540,CWFwm_OR,CWFwm_OR/101,Bm,3,Bm,3,NA,FALSE
11541,CWFwm_OR,CWFwm_OR/101,Fdc,1,Fd,1,NA,FALSE
11542,CWFwm_OR,CWFwm_OR/101,Oa,2,Oa,2,NA,FALSE
11543,CWFwm_OR,CWFwm_OR/101,Oy,2,Oy,2,NA,FALSE
11544,CWFwm_OR,CWFwm_OR/101,Ps,2,Ps,2,NA,FALSE
11545,CWFwm_OR,CWFwm_OR/101,Pw,2,Pw,2,NA,FALSE
11546,CWFwm_OR,CWFwm_OR/101,Pz,3,Pz,3,NA,FALSE
11547,CWFwm_OR,CWFwm_OR/101,Qc,5,Qc,5,NA,FALSE
11548,CWFwm_OR,CWFwm_OR/101,Ra,5,Ra,5,NA,FALSE
11549,CWFwm_OR,CWFwm_OR/102,Fdc,1,Fd,1,NA,FALSE
11550,CWFwm_OR,CWFwm_OR/102,Oa,1,Oa,1,NA,FALSE
11551,CWFwm_OR,CWFwm_OR/102,Ot,3,Ot,3,NA,FALSE
11552,CWFwm_OR,CWFwm_OR/102,Oy,1,Oy,1,NA,FALSE
11553,CWFwm_OR,CWFwm_OR/102,Ps,2,Ps,2,NA,FALSE
11554,CWFwm_OR,CWFwm_OR/102,Pw,5,Pw,5,NA,FALSE
11555,CWFwm_OR,CWFwm_OR/102,Pyc,2,Py,2,NA,FALSE
11556,CWFwm_OR,CWFwm_OR/102,Qc,1,Qc,1,NA,FALSE
11557,CWFwm_OR,CWFwm_OR/102,Ra,1,Ra,1,NA,FALSE
11558,CWFwm_OR,CWFwm_OR/103,Bc,2,Bc,2,NA,FALSE
11559,CWFwm_OR,CWFwm_OR/103,Fdc,1,Fd,1,NA,FALSE
11560,CWFwm_OR,CWFwm_OR/103,Oa,1,Oa,1,NA,FALSE
11561,CWFwm_OR,CWFwm_OR/103,Oy,2,Oy,2,NA,FALSE
11562,CWFwm_OR,CWFwm_OR/103,Ps,2,Ps,2,NA,FALSE
11563,CWFwm_OR,CWFwm_OR/103,Pyc,2,Py,2,NA,FALSE
11564,CWFwm_OR,CWFwm_OR/103,Pz,3,Pz,3,NA,FALSE
11565,CWFwm_OR,CWFwm_OR/103,Qc,2,Qc,2,NA,FALSE
11566,CWFwm_OR,CWFwm_OR/103,Ra,2,Ra,2,NA,FALSE
11567,CWFwm_OR,CWFwm_OR/110,Bc,3,Bc,1,dvm26,FALSE
11568,CWFwm_OR,CWFwm_OR/110,Bm,3,Bm,3,NA,FALSE
11569,CWFwm_OR,CWFwm_OR/110,Cw,5,Cw,5,NA,FALSE
11570,CWFwm_OR,CWFwm_OR/110,Fdc,1,Fd,1,NA,FALSE
11571,CWFwm_OR,CWFwm_OR/110,Hw,5,Hw,5,NA,FALSE
11572,CWFwm_OR,CWFwm_OR/110,Oa,3,Oa,3,NA,FALSE
11573,CWFwm_OR,CWFwm_OR/110,Oy,5,Oy,5,NA,FALSE
11574,CWFwm_OR,CWFwm_OR/111,Bc,2,Bc,2,NA,FALSE
11575,CWFwm_OR,CWFwm_OR/111,Cw,5,Cw,5,NA,FALSE
11576,CWFwm_OR,CWFwm_OR/111,Dr,5,Dr,5,NA,FALSE
11577,CWFwm_OR,CWFwm_OR/111,Fdc,1,Fd,2,dvm26,FALSE
11578,CWFwm_OR,CWFwm_OR/111,Hw,3,Hw,5,dvm26,FALSE
11579,CWFwm_OR,CWFwm_OR/111,Mb,5,Mb,5,NA,FALSE
11580,CWFwm_OR,CWFwm_OR/113,Bc,2,Bc,2,NA,FALSE
11581,CWFwm_OR,CWFwm_OR/113,Dr,3,Dr,3,NA,FALSE
11582,CWFwm_OR,CWFwm_OR/113,Fdc,1,Fd,1,NA,FALSE
11583,CWFwm_OR,CWFwm_OR/113,Mb,2,Mb,2,NA,FALSE
11584,CWFwm_OR,CWFwm_OR/Ro,X,NA,X,NA,NA,FALSE
11585,CWHdm_OC,CWHdm_OC/101,Cw,NA,Cw,3,DVM,FALSE
11586,CWHdm_OC,CWHdm_OC/101,Dr,NA,Dr,2,DVM,FALSE
11587,CWHdm_OC,CWHdm_OC/101,Fdc,NA,Fd,1,DVM,FALSE
11588,CWHdm_OC,CWHdm_OC/101,Hw,NA,Hw,1,DVM,FALSE
11589,CWHdm_OC,CWHdm_OC/101,Mb,NA,Mb,3,DVM,FALSE
11590,CWHdm_OC,CWHdm_OC/101,Ss,NA,Ss,2,DVM,FALSE
11591,CWHdm_OC,CWHdm_OC/102,Fdc,NA,Fd,1,DVM,FALSE
11592,CWHdm_OC,CWHdm_OC/102,Hw,NA,Hw,3,DVM,FALSE
11593,CWHdm_OC,CWHdm_OC/103,Dr,NA,Dr,3,DVM,FALSE
11594,CWHdm_OC,CWHdm_OC/103,Fdc,NA,Fd,1,DVM,FALSE
11595,CWHdm_OC,CWHdm_OC/103,Hw,NA,Hw,2,DVM,FALSE
11596,CWHdm_OC,CWHdm_OC/110,Cw,NA,Cw,2,DVM,FALSE
11597,CWHdm_OC,CWHdm_OC/110,Dr,NA,Dr,2,DVM,FALSE
11598,CWHdm_OC,CWHdm_OC/110,Fdc,NA,Fd,2,DVM,FALSE
11599,CWHdm_OC,CWHdm_OC/110,Hw,NA,Hw,1,DVM,FALSE
11600,CWHdm_OC,CWHdm_OC/110,Mb,NA,Mb,3,DVM,FALSE
11601,CWHdm_OC,CWHdm_OC/110,Ss,NA,Oa,2,DVM,FALSE
11602,CWHdm_OC,CWHdm_OC/111,Cw,NA,Cw,2,DVM,FALSE
11603,CWHdm_OC,CWHdm_OC/111,Dr,NA,Dr,1,DVM,FALSE
11604,CWHdm_OC,CWHdm_OC/111,Fdc,NA,Fd,2,DVM,FALSE
11605,CWHdm_OC,CWHdm_OC/111,Hw,NA,Hw,1,DVM,FALSE
11606,CWHdm_OC,CWHdm_OC/111,Mb,NA,Mb,3,DVM,FALSE
11607,CWHdm_OC,CWHdm_OC/111,Ss,NA,Ss,2,DVM,FALSE
11608,CWHdm_OC,CWHdm_OC/112,Cw,NA,Cw,1,DVM,FALSE
11609,CWHdm_OC,CWHdm_OC/112,Dr,NA,Dr,2,DVM,FALSE
11610,CWHdm_OC,CWHdm_OC/112,Fdc,NA,Fd,1,DVM,FALSE
11611,CWHdm_OC,CWHdm_OC/112,Hw,NA,Hw,2,DVM,FALSE
11612,CWHdm_OC,CWHdm_OC/112,Mb,NA,Mb,2,DVM,FALSE
11613,CWHdm_OC,CWHdm_OC/112,Ss,NA,Ss,1,DVM,FALSE
11614,CWHdm_OC,CWHdm_OC/113,Cw,NA,Cw,1,DVM,FALSE
11615,CWHdm_OC,CWHdm_OC/113,Dr,NA,Dr,2,DVM,FALSE
11616,CWHdm_OC,CWHdm_OC/113,Fdc,NA,Fd,1,DVM,FALSE
11617,CWHdm_OC,CWHdm_OC/113,Hw,NA,Hw,2,DVM,FALSE
11618,CWHdm_OC,CWHdm_OC/113,Mb,NA,Mb,2,DVM,FALSE
11619,CWHdm_OC,CWHdm_OC/113,Ss,NA,Ss,1,DVM,FALSE
11620,CWHdm_OC,CWHdm_OC/Ro,X,NA,X,NA,NA,FALSE
11621,CWHdm_OR,CWHdm_OR/101,Bg,3,Bg,5,DVM,FALSE
11622,CWHdm_OR,CWHdm_OR/101,Cw,3,Cw,2,DVM,FALSE
11623,CWHdm_OR,CWHdm_OR/101,Dr,2,Dr,2,NA,FALSE
11624,CWHdm_OR,CWHdm_OR/101,Fdc,1,Fd,1,NA,FALSE
11625,CWHdm_OR,CWHdm_OR/101,Gp,NA,Gp,3,DVM,FALSE
11626,CWHdm_OR,CWHdm_OR/101,Hw,1,Hw,1,NA,FALSE
11627,CWHdm_OR,CWHdm_OR/101,Mb,2,Mb,2,NA,FALSE
11628,CWHdm_OR,CWHdm_OR/101,Oa,2,Oa,3,DVM,FALSE
11629,CWHdm_OR,CWHdm_OR/101,Oy,3,Oy,2,DVM,FALSE
11630,CWHdm_OR,CWHdm_OR/102,Bg,5,Bg,5,NA,FALSE
11631,CWHdm_OR,CWHdm_OR/102,Dr,5,Dr,5,NA,FALSE
11632,CWHdm_OR,CWHdm_OR/102,Fdc,1,Fd,2,WHM,FALSE
11633,CWHdm_OR,CWHdm_OR/102,Hw,3,Hw,3,NA,FALSE
11634,CWHdm_OR,CWHdm_OR/102,Oy,3,Oy,3,NA,FALSE
11635,CWHdm_OR,CWHdm_OR/102,Qg,5,Qg,5,NA,FALSE
11636,CWHdm_OR,CWHdm_OR/102,Ra,3,Ra,3,NA,FALSE
11637,CWHdm_OR,CWHdm_OR/103,Dr,3,Dr,5,DVM,FALSE
11638,CWHdm_OR,CWHdm_OR/103,Fdc,1,Fd,1,NA,FALSE
11639,CWHdm_OR,CWHdm_OR/103,Gp,NA,Gp,3,DVM,FALSE
11640,CWHdm_OR,CWHdm_OR/103,Hw,2,Hw,2,NA,FALSE
11641,CWHdm_OR,CWHdm_OR/103,Oa,NA,Oa,3,DVM,FALSE
11642,CWHdm_OR,CWHdm_OR/103,Oy,3,Oy,2,DVM,FALSE
11643,CWHdm_OR,CWHdm_OR/103,Ra,3,Ra,3,NA,FALSE
11644,CWHdm_OR,CWHdm_OR/110,Bg,3,Bg,3,NA,FALSE
11645,CWHdm_OR,CWHdm_OR/110,Cw,1,Cw,2,DVM,FALSE
11646,CWHdm_OR,CWHdm_OR/110,Dr,2,Dr,2,NA,FALSE
11647,CWHdm_OR,CWHdm_OR/110,Fdc,2,Fd,1,DVM,FALSE
11648,CWHdm_OR,CWHdm_OR/110,Hw,1,Hw,1,NA,FALSE
11649,CWHdm_OR,CWHdm_OR/110,Mb,2,Mb,2,NA,FALSE
11650,CWHdm_OR,CWHdm_OR/110,Oa,2,Oa,3,DVM,FALSE
11651,CWHdm_OR,CWHdm_OR/111,Bg,3,Bg,3,NA,FALSE
11652,CWHdm_OR,CWHdm_OR/111,Cw,1,Cw,2,DVM,FALSE
11653,CWHdm_OR,CWHdm_OR/111,Dr,2,Dr,2,NA,FALSE
11654,CWHdm_OR,CWHdm_OR/111,Fdc,2,Fd,2,NA,FALSE
11655,CWHdm_OR,CWHdm_OR/111,Hw,1,Hw,1,NA,FALSE
11656,CWHdm_OR,CWHdm_OR/111,Mb,2,Mb,2,NA,FALSE
11657,CWHdm_OR,CWHdm_OR/111,Ss,5,Ss,5,NA,FALSE
11658,CWHdm_OR,CWHdm_OR/112,Bg,3,Bg,3,NA,FALSE
11659,CWHdm_OR,CWHdm_OR/112,Cw,1,Cw,1,NA,FALSE
11660,CWHdm_OR,CWHdm_OR/112,Dr,2,Dr,2,NA,FALSE
11661,CWHdm_OR,CWHdm_OR/112,Fdc,1,Fd,1,NA,FALSE
11662,CWHdm_OR,CWHdm_OR/112,Hw,2,Hw,2,NA,FALSE
11663,CWHdm_OR,CWHdm_OR/112,Mb,2,Mb,2,NA,FALSE
11664,CWHdm_OR,CWHdm_OR/112,Oa,3,Oa,5,DVM,FALSE
11665,CWHdm_OR,CWHdm_OR/113,Act,2,Ac,2,NA,FALSE
11666,CWHdm_OR,CWHdm_OR/113,Bg,2,Bg,2,NA,FALSE
11667,CWHdm_OR,CWHdm_OR/113,Cw,1,Cw,1,NA,FALSE
11668,CWHdm_OR,CWHdm_OR/113,Dr,2,Dr,2,NA,FALSE
11669,CWHdm_OR,CWHdm_OR/113,Fdc,2,Fd,2,NA,FALSE
11670,CWHdm_OR,CWHdm_OR/113,Hw,2,Hw,2,NA,FALSE
11671,CWHdm_OR,CWHdm_OR/113,Mb,2,Mb,2,NA,FALSE
11672,CWHdm_OR,CWHdm_OR/113,Ss,3,Ss,3,NA,FALSE
11673,CWHdm_OR,CWHdm_OR/Ro,X,NA,X,NA,NA,FALSE
11674,CWHdm_WA,CWHdm_WA/101,Bg,3,Bg,5,DVM,FALSE
11675,CWHdm_WA,CWHdm_WA/101,Cw,2,Cw,2,NA,FALSE
11676,CWHdm_WA,CWHdm_WA/101,Dr,2,Dr,2,NA,FALSE
11677,CWHdm_WA,CWHdm_WA/101,Fdc,1,Fd,1,NA,FALSE
11678,CWHdm_WA,CWHdm_WA/101,Hw,1,Hw,1,NA,FALSE
11679,CWHdm_WA,CWHdm_WA/101,Mb,2,Mb,2,NA,FALSE
11680,CWHdm_WA,CWHdm_WA/102,Bg,5,Bg,5,NA,FALSE
11681,CWHdm_WA,CWHdm_WA/102,Cw,5,Cw,5,NA,FALSE
11682,CWHdm_WA,CWHdm_WA/102,Dr,5,Dr,5,NA,FALSE
11683,CWHdm_WA,CWHdm_WA/102,Fdc,1,Fd,2,WHM,FALSE
11684,CWHdm_WA,CWHdm_WA/102,Hw,3,Hw,3,NA,FALSE
11685,CWHdm_WA,CWHdm_WA/102,Plc,3,Pl,3,NA,FALSE
11686,CWHdm_WA,CWHdm_WA/102,Ra,3,Ra,3,NA,FALSE
11687,CWHdm_WA,CWHdm_WA/103,Cw,3,Cw,3,NA,FALSE
11688,CWHdm_WA,CWHdm_WA/103,Dr,3,Dr,3,NA,FALSE
11689,CWHdm_WA,CWHdm_WA/103,Fdc,1,Fd,1,NA,FALSE
11690,CWHdm_WA,CWHdm_WA/103,Hw,2,Hw,2,NA,FALSE
11691,CWHdm_WA,CWHdm_WA/110,Cw,1,Cw,1,NA,FALSE
11692,CWHdm_WA,CWHdm_WA/110,Dr,2,Dr,2,NA,FALSE
11693,CWHdm_WA,CWHdm_WA/110,Fdc,2,Fd,2,NA,FALSE
11694,CWHdm_WA,CWHdm_WA/110,Hw,1,Hw,1,NA,FALSE
11695,CWHdm_WA,CWHdm_WA/110,Mb,2,Mb,2,NA,FALSE
11696,CWHdm_WA,CWHdm_WA/111,Act,5,Ac,5,NA,FALSE
11697,CWHdm_WA,CWHdm_WA/111,Cw,1,Cw,1,NA,FALSE
11698,CWHdm_WA,CWHdm_WA/111,Dr,2,Dr,2,NA,FALSE
11699,CWHdm_WA,CWHdm_WA/111,Fdc,2,Fd,2,NA,FALSE
11700,CWHdm_WA,CWHdm_WA/111,Hw,1,Hw,1,NA,FALSE
11701,CWHdm_WA,CWHdm_WA/111,Mb,2,Mb,2,NA,FALSE
11702,CWHdm_WA,CWHdm_WA/111,Ss,5,Ss,5,NA,FALSE
11703,CWHdm_WA,CWHdm_WA/112,Act,2,Ac,2,NA,FALSE
11704,CWHdm_WA,CWHdm_WA/112,Bg,3,Bg,3,NA,FALSE
11705,CWHdm_WA,CWHdm_WA/112,Cw,1,Cw,1,NA,FALSE
11706,CWHdm_WA,CWHdm_WA/112,Dr,2,Dr,2,NA,FALSE
11707,CWHdm_WA,CWHdm_WA/112,Fdc,1,Fd,1,NA,FALSE
11708,CWHdm_WA,CWHdm_WA/112,Hw,3,Hw,3,NA,FALSE
11709,CWHdm_WA,CWHdm_WA/112,Mb,2,Mb,2,NA,FALSE
11710,CWHdm_WA,CWHdm_WA/113,Act,2,Ac,2,NA,FALSE
11711,CWHdm_WA,CWHdm_WA/113,Bg,2,Bg,2,NA,FALSE
11712,CWHdm_WA,CWHdm_WA/113,Cw,1,Cw,1,NA,FALSE
11713,CWHdm_WA,CWHdm_WA/113,Dr,2,Dr,2,NA,FALSE
11714,CWHdm_WA,CWHdm_WA/113,Fdc,2,Fd,2,NA,FALSE
11715,CWHdm_WA,CWHdm_WA/113,Hw,3,Hw,3,NA,FALSE
11716,CWHdm_WA,CWHdm_WA/113,Mb,2,Mb,2,NA,FALSE
11717,CWHdm_WA,CWHdm_WA/113,Ss,2,Ss,2,NA,FALSE
11718,CWHdm_WA,CWHdm_WA/Ro,X,NA,X,NA,NA,FALSE
11719,CWHdm_WC,CWHdm_WC/101,Cw,NA,Cw,2,DVM,FALSE
11720,CWHdm_WC,CWHdm_WC/101,Dr,NA,Dr,2,DVM,FALSE
11721,CWHdm_WC,CWHdm_WC/101,Fdc,NA,Fd,1,DVM,FALSE
11722,CWHdm_WC,CWHdm_WC/101,Hw,NA,Hw,1,DVM,FALSE
11723,CWHdm_WC,CWHdm_WC/101,Ss,NA,Ss,2,DVM,FALSE
11724,CWHdm_WC,CWHdm_WC/102,Fdc,NA,Fd,1,DVM,FALSE
11725,CWHdm_WC,CWHdm_WC/102,Hw,NA,Hw,2,DVM,FALSE
11726,CWHdm_WC,CWHdm_WC/103,Cw,NA,Cw,3,DVM,FALSE
11727,CWHdm_WC,CWHdm_WC/103,Dr,NA,Dr,3,DVM,FALSE
11728,CWHdm_WC,CWHdm_WC/103,Fdc,NA,Fd,1,DVM,FALSE
11729,CWHdm_WC,CWHdm_WC/103,Hw,NA,Hw,1,DVM,FALSE
11730,CWHdm_WC,CWHdm_WC/110,Cw,NA,Cw,2,DVM,FALSE
11731,CWHdm_WC,CWHdm_WC/110,Dr,NA,Dr,2,DVM,FALSE
11732,CWHdm_WC,CWHdm_WC/110,Fdc,NA,Fd,2,DVM,FALSE
11733,CWHdm_WC,CWHdm_WC/110,Hw,NA,Hw,1,DVM,FALSE
11734,CWHdm_WC,CWHdm_WC/110,Mb,NA,Mb,3,DVM,FALSE
11735,CWHdm_WC,CWHdm_WC/110,Ss,NA,Ss,2,DVM,FALSE
11736,CWHdm_WC,CWHdm_WC/111,Cw,NA,Cw,1,DVM,FALSE
11737,CWHdm_WC,CWHdm_WC/111,Dr,NA,Dr,2,DVM,FALSE
11738,CWHdm_WC,CWHdm_WC/111,Fdc,NA,Fd,3,DVM,FALSE
11739,CWHdm_WC,CWHdm_WC/111,Hw,NA,Hw,1,DVM,FALSE
11740,CWHdm_WC,CWHdm_WC/111,Mb,NA,Mb,2,DVM,FALSE
11741,CWHdm_WC,CWHdm_WC/111,Ss,NA,Ss,2,DVM,FALSE
11742,CWHdm_WC,CWHdm_WC/112,Act,NA,Ac,3,DVM,FALSE
11743,CWHdm_WC,CWHdm_WC/112,Cw,NA,Cw,1,DVM,FALSE
11744,CWHdm_WC,CWHdm_WC/112,Dr,NA,Dr,2,DVM,FALSE
11745,CWHdm_WC,CWHdm_WC/112,Fdc,NA,Fd,1,DVM,FALSE
11746,CWHdm_WC,CWHdm_WC/112,Hw,NA,Hw,2,DVM,FALSE
11747,CWHdm_WC,CWHdm_WC/112,Mb,NA,Mb,2,DVM,FALSE
11748,CWHdm_WC,CWHdm_WC/112,Ss,NA,Ss,2,DVM,FALSE
11749,CWHdm_WC,CWHdm_WC/113,Act,NA,Ac,3,DVM,FALSE
11750,CWHdm_WC,CWHdm_WC/113,Cw,NA,Cw,1,DVM,FALSE
11751,CWHdm_WC,CWHdm_WC/113,Dr,NA,Dr,2,DVM,FALSE
11752,CWHdm_WC,CWHdm_WC/113,Fdc,NA,Fd,2,DVM,FALSE
11753,CWHdm_WC,CWHdm_WC/113,Hw,NA,Hw,1,DVM,FALSE
11754,CWHdm_WC,CWHdm_WC/113,Mb,NA,Mb,2,DVM,FALSE
11755,CWHdm_WC,CWHdm_WC/113,Ss,NA,Ss,2,DVM,FALSE
11756,CWHdm_WC,CWHdm_WC/Ro,X,NA,X,NA,NA,FALSE
11757,CWHds_WA,CWHds_WA/101,Ba,3,Ba,3,NA,FALSE
11758,CWHds_WA,CWHds_WA/101,Bg,2,Bg,2,NA,FALSE
11759,CWHds_WA,CWHds_WA/101,Bp,5,Bp,5,NA,FALSE
11760,CWHds_WA,CWHds_WA/101,Cw,2,Cw,2,NA,FALSE
11761,CWHds_WA,CWHds_WA/101,Ep,3,Ep,3,NA,FALSE
11762,CWHds_WA,CWHds_WA/101,Fdc,1,Fd,1,NA,FALSE
11763,CWHds_WA,CWHds_WA/101,Hw,2,Hw,2,NA,FALSE
11764,CWHds_WA,CWHds_WA/101,Mb,3,Mb,3,NA,FALSE
11765,CWHds_WA,CWHds_WA/101,Pw,2,Pw,2,NA,FALSE
11766,CWHds_WA,CWHds_WA/102,Bg,5,Bg,5,NA,FALSE
11767,CWHds_WA,CWHds_WA/102,Cw,5,Cw,5,NA,FALSE
11768,CWHds_WA,CWHds_WA/102,Fdc,2,Fd,2,NA,FALSE
11769,CWHds_WA,CWHds_WA/102,Hw,5,Hw,5,NA,FALSE
11770,CWHds_WA,CWHds_WA/102,Plc,2,Pl,2,NA,FALSE
11771,CWHds_WA,CWHds_WA/102,Pw,5,Pw,5,NA,FALSE
11772,CWHds_WA,CWHds_WA/102,Pyc,3,Py,3,NA,FALSE
11773,CWHds_WA,CWHds_WA/103,Bg,2,Bg,2,NA,FALSE
11774,CWHds_WA,CWHds_WA/103,Cw,3,Cw,3,NA,FALSE
11775,CWHds_WA,CWHds_WA/103,Ep,3,Ep,3,NA,FALSE
11776,CWHds_WA,CWHds_WA/103,Fdc,1,Fd,1,NA,FALSE
11777,CWHds_WA,CWHds_WA/103,Hw,3,Hw,3,NA,FALSE
11778,CWHds_WA,CWHds_WA/103,Plc,2,Pl,2,NA,FALSE
11779,CWHds_WA,CWHds_WA/103,Pyc,3,Py,3,NA,FALSE
11780,CWHds_WA,CWHds_WA/110,Act,5,Ac,5,NA,FALSE
11781,CWHds_WA,CWHds_WA/110,Ba,5,Ba,5,NA,FALSE
11782,CWHds_WA,CWHds_WA/110,Bg,5,Bg,5,NA,FALSE
11783,CWHds_WA,CWHds_WA/110,Bp,5,Bp,5,NA,FALSE
11784,CWHds_WA,CWHds_WA/110,Cw,2,Cw,2,NA,FALSE
11785,CWHds_WA,CWHds_WA/110,Dr,5,Dr,5,NA,FALSE
11786,CWHds_WA,CWHds_WA/110,Ep,3,Ep,3,NA,FALSE
11787,CWHds_WA,CWHds_WA/110,Fdc,2,Fd,2,NA,FALSE
11788,CWHds_WA,CWHds_WA/110,Hw,1,Hw,1,NA,FALSE
11789,CWHds_WA,CWHds_WA/110,Pw,2,Pw,2,NA,FALSE
11790,CWHds_WA,CWHds_WA/110,Yc,5,Yc,5,NA,FALSE
11791,CWHds_WA,CWHds_WA/111,Cw,2,Cw,2,NA,FALSE
11792,CWHds_WA,CWHds_WA/111,Dr,3,Dr,3,NA,FALSE
11793,CWHds_WA,CWHds_WA/111,Fdc,2,Fd,2,NA,FALSE
11794,CWHds_WA,CWHds_WA/111,Hw,1,Hw,1,NA,FALSE
11795,CWHds_WA,CWHds_WA/111,Sxl,3,Ss,3,NA,FALSE
11796,CWHds_WA,CWHds_WA/112,Act,2,Ac,2,NA,FALSE
11797,CWHds_WA,CWHds_WA/112,Ba,3,Ba,3,NA,FALSE
11798,CWHds_WA,CWHds_WA/112,Bg,1,Bg,1,NA,FALSE
11799,CWHds_WA,CWHds_WA/112,Cw,1,Cw,1,NA,FALSE
11800,CWHds_WA,CWHds_WA/112,Fdc,2,Fd,2,NA,FALSE
11801,CWHds_WA,CWHds_WA/112,Hw,3,Hw,3,NA,FALSE
11802,CWHds_WA,CWHds_WA/112,Pw,2,Pw,2,NA,FALSE
11803,CWHds_WA,CWHds_WA/113,Act,2,Ac,2,NA,FALSE
11804,CWHds_WA,CWHds_WA/113,Bg,1,Bg,1,NA,FALSE
11805,CWHds_WA,CWHds_WA/113,Cw,1,Cw,1,NA,FALSE
11806,CWHds_WA,CWHds_WA/113,Dr,3,Dr,3,NA,FALSE
11807,CWHds_WA,CWHds_WA/113,Fdc,3,Fd,3,NA,FALSE
11808,CWHds_WA,CWHds_WA/113,Hw,3,Hw,3,NA,FALSE
11809,CWHds_WA,CWHds_WA/113,Sxl,2,Ss,2,NA,FALSE
11810,CWHds_WA,CWHds_WA/Ro,X,NA,X,NA,NA,FALSE
11811,CWHmh_OR,CWHmh_OR/101,Cw,3,Cw,3,NA,FALSE
11812,CWHmh_OR,CWHmh_OR/101,Dr,2,Dr,2,NA,FALSE
11813,CWHmh_OR,CWHmh_OR/101,Fdc,1,Fd,1,NA,FALSE
11814,CWHmh_OR,CWHmh_OR/101,Hw,1,Hw,1,NA,FALSE
11815,CWHmh_OR,CWHmh_OR/101,Kc,NA,Kc,2,DVM,FALSE
11816,CWHmh_OR,CWHmh_OR/101,Ot,3,Ot,5,DVM,FALSE
11817,CWHmh_OR,CWHmh_OR/101,Ss,1,Ss,1,NA,FALSE
11818,CWHmh_OR,CWHmh_OR/101,Yp,NA,Yp,2,DVM,FALSE
11819,CWHmh_OR,CWHmh_OR/102,Dr,3,Dr,3,NA,FALSE
11820,CWHmh_OR,CWHmh_OR/102,Fdc,3,Fd,3,NA,FALSE
11821,CWHmh_OR,CWHmh_OR/102,Hw,3,Hw,3,NA,FALSE
11822,CWHmh_OR,CWHmh_OR/102,Plc,1,Pl,1,NA,FALSE
11823,CWHmh_OR,CWHmh_OR/102,Ss,NA,Ss,3,DVM,FALSE
11824,CWHmh_OR,CWHmh_OR/103,Cw,5,Cw,5,NA,FALSE
11825,CWHmh_OR,CWHmh_OR/103,Dr,3,Dr,3,NA,FALSE
11826,CWHmh_OR,CWHmh_OR/103,Fdc,1,Fd,1,NA,FALSE
11827,CWHmh_OR,CWHmh_OR/103,Hw,2,Hw,2,NA,FALSE
11828,CWHmh_OR,CWHmh_OR/103,Plc,2,Pl,2,NA,FALSE
11829,CWHmh_OR,CWHmh_OR/103,Ss,2,Ss,2,NA,FALSE
11830,CWHmh_OR,CWHmh_OR/110,Cw,2,Cw,2,NA,FALSE
11831,CWHmh_OR,CWHmh_OR/110,Dr,2,Dr,2,NA,FALSE
11832,CWHmh_OR,CWHmh_OR/110,Fdc,3,Fd,3,NA,FALSE
11833,CWHmh_OR,CWHmh_OR/110,Hw,1,Hw,1,NA,FALSE
11834,CWHmh_OR,CWHmh_OR/110,Ss,5,Ss,2,DVM,FALSE
11835,CWHmh_OR,CWHmh_OR/110,Yp,NA,Yp,2,DVM,FALSE
11836,CWHmh_OR,CWHmh_OR/110,Yp,NA,Kc,3,DVM,FALSE
11837,CWHmh_OR,CWHmh_OR/111,Cw,2,Cw,2,NA,FALSE
11838,CWHmh_OR,CWHmh_OR/111,Dr,2,Dr,2,NA,FALSE
11839,CWHmh_OR,CWHmh_OR/111,Fdc,3,Fd,3,NA,FALSE
11840,CWHmh_OR,CWHmh_OR/111,Hw,1,Hw,1,NA,FALSE
11841,CWHmh_OR,CWHmh_OR/111,Plc,NA,Pl,3,DVM,FALSE
11842,CWHmh_OR,CWHmh_OR/111,Ss,NA,Ss,3,DVM,FALSE
11843,CWHmh_OR,CWHmh_OR/111,Yp,NA,Yp,2,DVM,FALSE
11844,CWHmh_OR,CWHmh_OR/112,Cw,2,Cw,2,NA,FALSE
11845,CWHmh_OR,CWHmh_OR/112,Dr,2,Dr,2,NA,FALSE
11846,CWHmh_OR,CWHmh_OR/112,Fdc,2,Fd,2,NA,FALSE
11847,CWHmh_OR,CWHmh_OR/112,Hw,1,Hw,1,NA,FALSE
11848,CWHmh_OR,CWHmh_OR/112,Kc,NA,Kc,3,DVM,NA
11849,CWHmh_OR,CWHmh_OR/112,Mb,3,Mb,3,NA,FALSE
11850,CWHmh_OR,CWHmh_OR/112,Ol,NA,Ol,3,DVM,NA
11851,CWHmh_OR,CWHmh_OR/112,Ss,1,Ss,1,NA,FALSE
11852,CWHmh_OR,CWHmh_OR/112,Yp,2,Yp,2,NA,FALSE
11853,CWHmh_OR,CWHmh_OR/113,Cw,2,Cw,2,NA,FALSE
11854,CWHmh_OR,CWHmh_OR/113,Dr,2,Dr,2,NA,FALSE
11855,CWHmh_OR,CWHmh_OR/113,Fdc,2,Fd,2,NA,FALSE
11856,CWHmh_OR,CWHmh_OR/113,Hw,1,Hw,1,NA,FALSE
11857,CWHmh_OR,CWHmh_OR/113,Mb,3,Mb,3,NA,FALSE
11858,CWHmh_OR,CWHmh_OR/113,Ss,1,Ss,1,NA,FALSE
11859,CWHmh_OR,CWHmh_OR/113,Yp,2,Yp,2,NA,FALSE
11860,CWHmh_OR,CWHmh_OR/Ro,X,NA,X,NA,NA,FALSE
11861,CWHms_OR,CWHms_OR/101,Ba,1,Ba,1,NA,FALSE
11862,CWHms_OR,CWHms_OR/101,Bg,3,Bg,3,NA,FALSE
11863,CWHms_OR,CWHms_OR/101,Bp,2,Bp,2,NA,FALSE
11864,CWHms_OR,CWHms_OR/101,Cw,2,Cw,2,NA,FALSE
11865,CWHms_OR,CWHms_OR/101,Fdc,1,Fd,1,NA,FALSE
11866,CWHms_OR,CWHms_OR/101,Hw,1,Hw,1,NA,FALSE
11867,CWHms_OR,CWHms_OR/101,Oy,3,Oy,3,NA,FALSE
11868,CWHms_OR,CWHms_OR/101,Pw,2,Pw,2,NA,FALSE
11869,CWHms_OR,CWHms_OR/102,Bg,5,Bg,5,NA,FALSE
11870,CWHms_OR,CWHms_OR/102,Fdc,2,Fd,2,NA,FALSE
11871,CWHms_OR,CWHms_OR/102,Hw,3,Hw,3,NA,FALSE
11872,CWHms_OR,CWHms_OR/102,Kc,5,Kc,5,NA,FALSE
11873,CWHms_OR,CWHms_OR/102,Oy,5,Oy,5,NA,FALSE
11874,CWHms_OR,CWHms_OR/102,Plc,1,Pl,1,NA,FALSE
11875,CWHms_OR,CWHms_OR/103,Ba,3,Ba,3,NA,FALSE
11876,CWHms_OR,CWHms_OR/103,Bg,3,Bg,3,NA,FALSE
11877,CWHms_OR,CWHms_OR/103,Cw,3,Cw,3,NA,FALSE
11878,CWHms_OR,CWHms_OR/103,Fdc,1,Fd,1,NA,FALSE
11879,CWHms_OR,CWHms_OR/103,Hw,2,Hw,2,NA,FALSE
11880,CWHms_OR,CWHms_OR/103,Pw,3,Pw,3,NA,FALSE
11881,CWHms_OR,CWHms_OR/110,Ba,2,Ba,2,NA,FALSE
11882,CWHms_OR,CWHms_OR/110,Bg,5,Bg,5,NA,FALSE
11883,CWHms_OR,CWHms_OR/110,Bp,5,Bp,5,NA,FALSE
11884,CWHms_OR,CWHms_OR/110,Cw,1,Cw,1,NA,FALSE
11885,CWHms_OR,CWHms_OR/110,Fdc,3,Fd,3,NA,FALSE
11886,CWHms_OR,CWHms_OR/110,Hw,1,Hw,1,NA,FALSE
11887,CWHms_OR,CWHms_OR/110,Pw,5,Pw,5,NA,FALSE
11888,CWHms_OR,CWHms_OR/111,Ba,2,Ba,2,NA,FALSE
11889,CWHms_OR,CWHms_OR/111,Cw,1,Cw,1,NA,FALSE
11890,CWHms_OR,CWHms_OR/111,Fdc,5,Fd,5,NA,FALSE
11891,CWHms_OR,CWHms_OR/111,Hw,1,Hw,1,NA,FALSE
11892,CWHms_OR,CWHms_OR/112,Act,2,Ac,2,NA,FALSE
11893,CWHms_OR,CWHms_OR/112,Ba,2,Ba,2,NA,FALSE
11894,CWHms_OR,CWHms_OR/112,Bg,3,Bg,3,NA,FALSE
11895,CWHms_OR,CWHms_OR/112,Bp,2,Bp,2,NA,FALSE
11896,CWHms_OR,CWHms_OR/112,Cw,1,Cw,1,NA,FALSE
11897,CWHms_OR,CWHms_OR/112,Dr,2,Dr,2,NA,FALSE
11898,CWHms_OR,CWHms_OR/112,Fdc,1,Fd,1,NA,FALSE
11899,CWHms_OR,CWHms_OR/112,Hw,2,Hw,2,NA,FALSE
11900,CWHms_OR,CWHms_OR/112,Pw,3,Pw,3,NA,FALSE
11901,CWHms_OR,CWHms_OR/113,Act,2,Ac,2,NA,FALSE
11902,CWHms_OR,CWHms_OR/113,Ba,2,Ba,2,NA,FALSE
11903,CWHms_OR,CWHms_OR/113,Bp,2,Bp,2,NA,FALSE
11904,CWHms_OR,CWHms_OR/113,Cw,1,Cw,1,NA,FALSE
11905,CWHms_OR,CWHms_OR/113,Dr,3,Dr,3,NA,FALSE
11906,CWHms_OR,CWHms_OR/113,Fdc,2,Fd,2,NA,FALSE
11907,CWHms_OR,CWHms_OR/113,Hw,2,Hw,2,NA,FALSE
11908,CWHms_OR,CWHms_OR/113,Sxl,2,Ss,2,NA,FALSE
11909,CWHms_OR,CWHms_OR/Ro,X,NA,X,NA,NA,FALSE
11910,CWHms_WA,CWHms_WA/101,Ba,1,Ba,1,NA,FALSE
11911,CWHms_WA,CWHms_WA/101,Bg,2,Bg,2,NA,FALSE
11912,CWHms_WA,CWHms_WA/101,Bp,3,Bp,3,NA,FALSE
11913,CWHms_WA,CWHms_WA/101,Cw,2,Cw,2,NA,FALSE
11914,CWHms_WA,CWHms_WA/101,Fdc,1,Fd,1,NA,FALSE
11915,CWHms_WA,CWHms_WA/101,Hw,1,Hw,1,NA,FALSE
11916,CWHms_WA,CWHms_WA/101,Pw,2,Pw,2,NA,FALSE
11917,CWHms_WA,CWHms_WA/102,Ba,5,Ba,5,NA,FALSE
11918,CWHms_WA,CWHms_WA/102,Bg,5,Bg,5,NA,FALSE
11919,CWHms_WA,CWHms_WA/102,Fdc,2,Fd,2,NA,FALSE
11920,CWHms_WA,CWHms_WA/102,Hw,3,Hw,3,NA,FALSE
11921,CWHms_WA,CWHms_WA/102,Lw,2,Lw,2,NA,TRUE
11922,CWHms_WA,CWHms_WA/102,Plc,1,Pl,1,NA,FALSE
11923,CWHms_WA,CWHms_WA/102,Pw,5,Pw,5,NA,FALSE
11924,CWHms_WA,CWHms_WA/102,Pyc,2,Py,2,NA,FALSE
11925,CWHms_WA,CWHms_WA/103,Ba,3,Ba,3,NA,FALSE
11926,CWHms_WA,CWHms_WA/103,Bg,3,Bg,3,NA,FALSE
11927,CWHms_WA,CWHms_WA/103,Cw,3,Cw,3,NA,FALSE
11928,CWHms_WA,CWHms_WA/103,Fdc,1,Fd,1,NA,FALSE
11929,CWHms_WA,CWHms_WA/103,Hw,2,Hw,2,NA,FALSE
11930,CWHms_WA,CWHms_WA/103,Lw,2,Lw,2,NA,TRUE
11931,CWHms_WA,CWHms_WA/103,Pw,3,Pw,3,NA,FALSE
11932,CWHms_WA,CWHms_WA/110,Act,5,Ac,5,NA,FALSE
11933,CWHms_WA,CWHms_WA/110,Ba,2,Ba,2,NA,FALSE
11934,CWHms_WA,CWHms_WA/110,Bl,2,Bl,2,NA,FALSE
11935,CWHms_WA,CWHms_WA/110,Bp,5,Bp,5,NA,FALSE
11936,CWHms_WA,CWHms_WA/110,Cw,1,Cw,1,NA,FALSE
11937,CWHms_WA,CWHms_WA/110,Fdc,5,Fd,5,NA,FALSE
11938,CWHms_WA,CWHms_WA/110,Hw,1,Hw,1,NA,FALSE
11939,CWHms_WA,CWHms_WA/110,Sxl,5,Ss,5,NA,FALSE
11940,CWHms_WA,CWHms_WA/111,Ba,2,Ba,2,NA,FALSE
11941,CWHms_WA,CWHms_WA/111,Bl,2,Bl,2,NA,FALSE
11942,CWHms_WA,CWHms_WA/111,Cw,1,Cw,1,NA,FALSE
11943,CWHms_WA,CWHms_WA/111,Hw,1,Hw,1,NA,FALSE
11944,CWHms_WA,CWHms_WA/112,Act,2,Ac,2,NA,FALSE
11945,CWHms_WA,CWHms_WA/112,Ba,2,Ba,2,NA,FALSE
11946,CWHms_WA,CWHms_WA/112,Bg,2,Bg,2,NA,FALSE
11947,CWHms_WA,CWHms_WA/112,Bl,3,Bl,3,NA,FALSE
11948,CWHms_WA,CWHms_WA/112,Bp,3,Bp,3,NA,FALSE
11949,CWHms_WA,CWHms_WA/112,Cw,1,Cw,1,NA,FALSE
11950,CWHms_WA,CWHms_WA/112,Fdc,1,Fd,1,NA,FALSE
11951,CWHms_WA,CWHms_WA/112,Hw,2,Hw,2,NA,FALSE
11952,CWHms_WA,CWHms_WA/112,Pw,3,Pw,3,NA,FALSE
11953,CWHms_WA,CWHms_WA/112,Sxl,2,Ss,2,NA,FALSE
11954,CWHms_WA,CWHms_WA/113,Act,2,Ac,2,NA,FALSE
11955,CWHms_WA,CWHms_WA/113,Ba,2,Ba,2,NA,FALSE
11956,CWHms_WA,CWHms_WA/113,Bl,3,Bl,3,NA,FALSE
11957,CWHms_WA,CWHms_WA/113,Bp,3,Bp,3,NA,FALSE
11958,CWHms_WA,CWHms_WA/113,Cw,1,Cw,1,NA,FALSE
11959,CWHms_WA,CWHms_WA/113,Dr,3,Dr,3,NA,FALSE
11960,CWHms_WA,CWHms_WA/113,Fdc,2,Fd,2,NA,FALSE
11961,CWHms_WA,CWHms_WA/113,Hw,2,Hw,2,NA,FALSE
11962,CWHms_WA,CWHms_WA/113,Sxl,2,Ss,2,NA,FALSE
11963,CWHms_WA,CWHms_WA/Ro,X,NA,X,NA,NA,FALSE
11964,CWHvh_WA,CWHvh_WA/101,Cw,1,Cw,1,NA,FALSE
11965,CWHvh_WA,CWHvh_WA/101,Dr,2,Dr,2,NA,FALSE
11966,CWHvh_WA,CWHvh_WA/101,Fdc,2,Fd,2,NA,FALSE
11967,CWHvh_WA,CWHvh_WA/101,Hw,1,Hw,1,NA,FALSE
11968,CWHvh_WA,CWHvh_WA/101,Ss,2,Ss,2,NA,FALSE
11969,CWHvh_WA,CWHvh_WA/101,Up,3,Up,3,NA,FALSE
11970,CWHvh_WA,CWHvh_WA/102,Cw,3,Cw,3,NA,FALSE
11971,CWHvh_WA,CWHvh_WA/102,Dr,3,Dr,3,NA,FALSE
11972,CWHvh_WA,CWHvh_WA/102,Fdc,5,Fd,5,NA,FALSE
11973,CWHvh_WA,CWHvh_WA/102,Hw,3,Hw,3,NA,FALSE
11974,CWHvh_WA,CWHvh_WA/102,Plc,2,Pl,2,NA,FALSE
11975,CWHvh_WA,CWHvh_WA/102,Ss,5,Ss,5,NA,FALSE
11976,CWHvh_WA,CWHvh_WA/102,Up,5,Up,5,NA,FALSE
11977,CWHvh_WA,CWHvh_WA/103,Cw,1,Cw,1,NA,FALSE
11978,CWHvh_WA,CWHvh_WA/103,Dr,3,Dr,3,NA,FALSE
11979,CWHvh_WA,CWHvh_WA/103,Fdc,2,Fd,2,NA,FALSE
11980,CWHvh_WA,CWHvh_WA/103,Hw,1,Hw,1,NA,FALSE
11981,CWHvh_WA,CWHvh_WA/103,Ss,2,Ss,2,NA,FALSE
11982,CWHvh_WA,CWHvh_WA/103,Up,3,Up,3,NA,FALSE
11983,CWHvh_WA,CWHvh_WA/110,Cw,1,Cw,1,NA,FALSE
11984,CWHvh_WA,CWHvh_WA/110,Dr,2,Dr,2,NA,FALSE
11985,CWHvh_WA,CWHvh_WA/110,Fdc,5,Fd,5,NA,FALSE
11986,CWHvh_WA,CWHvh_WA/110,Hw,1,Hw,1,NA,FALSE
11987,CWHvh_WA,CWHvh_WA/110,Ss,5,Ss,5,NA,FALSE
11988,CWHvh_WA,CWHvh_WA/111,Cw,1,Cw,1,NA,FALSE
11989,CWHvh_WA,CWHvh_WA/111,Dr,2,Dr,2,NA,FALSE
11990,CWHvh_WA,CWHvh_WA/111,Hw,1,Hw,1,NA,FALSE
11991,CWHvh_WA,CWHvh_WA/111,Ss,5,Ss,5,NA,FALSE
11992,CWHvh_WA,CWHvh_WA/112,Cw,2,Cw,2,NA,FALSE
11993,CWHvh_WA,CWHvh_WA/112,Dr,2,Dr,2,NA,FALSE
11994,CWHvh_WA,CWHvh_WA/112,Hw,1,Hw,1,NA,FALSE
11995,CWHvh_WA,CWHvh_WA/112,Ss,1,Ss,1,NA,FALSE
11996,CWHvh_WA,CWHvh_WA/112,Up,3,Up,3,NA,FALSE
11997,CWHvh_WA,CWHvh_WA/113,Cw,2,Cw,2,NA,FALSE
11998,CWHvh_WA,CWHvh_WA/113,Dr,2,Dr,2,NA,FALSE
11999,CWHvh_WA,CWHvh_WA/113,Hw,1,Hw,1,NA,FALSE
12000,CWHvh_WA,CWHvh_WA/113,Ss,1,Ss,1,NA,FALSE
12001,CWHvh_WA,CWHvh_WA/113,Up,3,Up,3,NA,FALSE
12002,CWHvh_WA,CWHvh_WA/Ro,X,NA,X,NA,NA,FALSE
12003,CWHvm_OR,CWHvm_OR/101,Ba,1,Ba,1,NA,FALSE
12004,CWHvm_OR,CWHvm_OR/101,Bp,2,Bp,2,NA,FALSE
12005,CWHvm_OR,CWHvm_OR/101,Cw,2,Cw,2,NA,FALSE
12006,CWHvm_OR,CWHvm_OR/101,Dr,2,Dr,2,NA,FALSE
12007,CWHvm_OR,CWHvm_OR/101,Fdc,1,Fd,1,NA,FALSE
12008,CWHvm_OR,CWHvm_OR/101,Hw,1,Hw,1,NA,FALSE
12009,CWHvm_OR,CWHvm_OR/101,Oy,3,Oy,3,NA,FALSE
12010,CWHvm_OR,CWHvm_OR/101,Pw,2,Pw,2,NA,FALSE
12011,CWHvm_OR,CWHvm_OR/102,Ba,3,Ba,3,NA,FALSE
12012,CWHvm_OR,CWHvm_OR/102,Cw,3,Cw,3,NA,FALSE
12013,CWHvm_OR,CWHvm_OR/102,Fdc,1,Fd,1,NA,FALSE
12014,CWHvm_OR,CWHvm_OR/102,Hw,1,Hw,1,NA,FALSE
12015,CWHvm_OR,CWHvm_OR/102,Pw,5,Pw,5,NA,FALSE
12016,CWHvm_OR,CWHvm_OR/103,Ba,2,Ba,2,NA,FALSE
12017,CWHvm_OR,CWHvm_OR/103,Cw,3,Cw,3,NA,FALSE
12018,CWHvm_OR,CWHvm_OR/103,Dr,5,Dr,5,NA,FALSE
12019,CWHvm_OR,CWHvm_OR/103,Fdc,1,Fd,1,NA,FALSE
12020,CWHvm_OR,CWHvm_OR/103,Hw,1,Hw,1,NA,FALSE
12021,CWHvm_OR,CWHvm_OR/103,Pw,5,Pw,5,NA,FALSE
12022,CWHvm_OR,CWHvm_OR/110,Ba,1,Ba,1,NA,FALSE
12023,CWHvm_OR,CWHvm_OR/110,Bp,5,Bp,5,NA,FALSE
12024,CWHvm_OR,CWHvm_OR/110,Cw,1,Cw,1,NA,FALSE
12025,CWHvm_OR,CWHvm_OR/110,Dr,2,Dr,2,NA,FALSE
12026,CWHvm_OR,CWHvm_OR/110,Fdc,3,Fd,3,NA,FALSE
12027,CWHvm_OR,CWHvm_OR/110,Hw,1,Hw,1,NA,FALSE
12028,CWHvm_OR,CWHvm_OR/110,Pw,5,Pw,5,NA,FALSE
12029,CWHvm_OR,CWHvm_OR/111,Act,5,Ac,5,NA,FALSE
12030,CWHvm_OR,CWHvm_OR/111,Ba,1,Ba,1,NA,FALSE
12031,CWHvm_OR,CWHvm_OR/111,Cw,1,Cw,1,NA,FALSE
12032,CWHvm_OR,CWHvm_OR/111,Dr,2,Dr,2,NA,FALSE
12033,CWHvm_OR,CWHvm_OR/111,Fdc,5,Fd,5,NA,FALSE
12034,CWHvm_OR,CWHvm_OR/111,Hw,1,Hw,1,NA,FALSE
12035,CWHvm_OR,CWHvm_OR/112,Ba,1,Ba,1,NA,FALSE
12036,CWHvm_OR,CWHvm_OR/112,Bp,2,Bp,2,NA,FALSE
12037,CWHvm_OR,CWHvm_OR/112,Cw,1,Cw,1,NA,FALSE
12038,CWHvm_OR,CWHvm_OR/112,Dr,2,Dr,2,NA,FALSE
12039,CWHvm_OR,CWHvm_OR/112,Fdc,2,Fd,2,NA,FALSE
12040,CWHvm_OR,CWHvm_OR/112,Hw,2,Hw,2,NA,FALSE
12041,CWHvm_OR,CWHvm_OR/112,Mb,3,Mb,3,NA,FALSE
12042,CWHvm_OR,CWHvm_OR/113,Act,2,Ac,2,NA,FALSE
12043,CWHvm_OR,CWHvm_OR/113,Ba,1,Ba,1,NA,FALSE
12044,CWHvm_OR,CWHvm_OR/113,Cw,1,Cw,1,NA,FALSE
12045,CWHvm_OR,CWHvm_OR/113,Dr,2,Dr,2,NA,FALSE
12046,CWHvm_OR,CWHvm_OR/113,Fdc,3,Fd,3,NA,FALSE
12047,CWHvm_OR,CWHvm_OR/113,Hw,2,Hw,2,NA,FALSE
12048,CWHvm_OR,CWHvm_OR/Ro,X,NA,X,NA,NA,FALSE
12049,CWHvm_WA,CWHvm_WA/101,Ba,1,Ba,1,NA,FALSE
12050,CWHvm_WA,CWHvm_WA/101,Bp,3,Bp,3,NA,FALSE
12051,CWHvm_WA,CWHvm_WA/101,Cw,1,Cw,1,NA,FALSE
12052,CWHvm_WA,CWHvm_WA/101,Dr,2,Dr,2,NA,FALSE
12053,CWHvm_WA,CWHvm_WA/101,Fdc,2,Fd,2,NA,FALSE
12054,CWHvm_WA,CWHvm_WA/101,Hw,1,Hw,1,NA,FALSE
12055,CWHvm_WA,CWHvm_WA/101,Pw,2,Pw,2,NA,FALSE
12056,CWHvm_WA,CWHvm_WA/101,Yc,3,Yc,3,NA,FALSE
12057,CWHvm_WA,CWHvm_WA/102,Ba,3,Ba,3,NA,FALSE
12058,CWHvm_WA,CWHvm_WA/102,Cw,1,Cw,1,NA,FALSE
12059,CWHvm_WA,CWHvm_WA/102,Fdc,1,Fd,1,NA,FALSE
12060,CWHvm_WA,CWHvm_WA/102,Hw,1,Hw,1,NA,FALSE
12061,CWHvm_WA,CWHvm_WA/102,Pw,5,Pw,5,NA,FALSE
12062,CWHvm_WA,CWHvm_WA/103,Ba,2,Ba,2,NA,FALSE
12063,CWHvm_WA,CWHvm_WA/103,Cw,1,Cw,1,NA,FALSE
12064,CWHvm_WA,CWHvm_WA/103,Dr,3,Dr,3,NA,FALSE
12065,CWHvm_WA,CWHvm_WA/103,Fdc,1,Fd,1,NA,FALSE
12066,CWHvm_WA,CWHvm_WA/103,Hw,1,Hw,1,NA,FALSE
12067,CWHvm_WA,CWHvm_WA/103,Pw,3,Pw,3,NA,FALSE
12068,CWHvm_WA,CWHvm_WA/110,Act,5,Ac,5,NA,FALSE
12069,CWHvm_WA,CWHvm_WA/110,Ba,1,Ba,1,NA,FALSE
12070,CWHvm_WA,CWHvm_WA/110,Bp,5,Bp,5,NA,FALSE
12071,CWHvm_WA,CWHvm_WA/110,Cw,1,Cw,1,NA,FALSE
12072,CWHvm_WA,CWHvm_WA/110,Dr,2,Dr,2,NA,FALSE
12073,CWHvm_WA,CWHvm_WA/110,Fdc,5,Fd,5,NA,FALSE
12074,CWHvm_WA,CWHvm_WA/110,Hw,1,Hw,1,NA,FALSE
12075,CWHvm_WA,CWHvm_WA/110,Ss,5,Ss,5,NA,FALSE
12076,CWHvm_WA,CWHvm_WA/110,Yc,3,Yc,3,NA,FALSE
12077,CWHvm_WA,CWHvm_WA/111,Act,5,Ac,5,NA,FALSE
12078,CWHvm_WA,CWHvm_WA/111,Ba,1,Ba,1,NA,FALSE
12079,CWHvm_WA,CWHvm_WA/111,Cw,1,Cw,1,NA,FALSE
12080,CWHvm_WA,CWHvm_WA/111,Dr,2,Dr,2,NA,FALSE
12081,CWHvm_WA,CWHvm_WA/111,Hw,1,Hw,1,NA,FALSE
12082,CWHvm_WA,CWHvm_WA/111,Ss,3,Ss,3,NA,FALSE
12083,CWHvm_WA,CWHvm_WA/111,Yc,3,Yc,3,NA,FALSE
12084,CWHvm_WA,CWHvm_WA/112,Act,2,Ac,2,NA,FALSE
12085,CWHvm_WA,CWHvm_WA/112,Ba,1,Ba,1,NA,FALSE
12086,CWHvm_WA,CWHvm_WA/112,Bp,3,Bp,3,NA,FALSE
12087,CWHvm_WA,CWHvm_WA/112,Cw,1,Cw,1,NA,FALSE
12088,CWHvm_WA,CWHvm_WA/112,Dr,2,Dr,2,NA,FALSE
12089,CWHvm_WA,CWHvm_WA/112,Fdc,3,Fd,3,NA,FALSE
12090,CWHvm_WA,CWHvm_WA/112,Hw,2,Hw,2,NA,FALSE
12091,CWHvm_WA,CWHvm_WA/112,Mb,2,Mb,2,NA,FALSE
12092,CWHvm_WA,CWHvm_WA/112,Ss,2,Ss,2,NA,FALSE
12093,CWHvm_WA,CWHvm_WA/113,Act,2,Ac,2,NA,FALSE
12094,CWHvm_WA,CWHvm_WA/113,Ba,1,Ba,1,NA,FALSE
12095,CWHvm_WA,CWHvm_WA/113,Cw,1,Cw,1,NA,FALSE
12096,CWHvm_WA,CWHvm_WA/113,Dr,2,Dr,2,NA,FALSE
12097,CWHvm_WA,CWHvm_WA/113,Hw,2,Hw,2,NA,FALSE
12098,CWHvm_WA,CWHvm_WA/113,Mb,2,Mb,2,NA,FALSE
12099,CWHvm_WA,CWHvm_WA/113,Ss,1,Ss,1,NA,FALSE
12100,CWHvm_WA,CWHvm_WA/Ro,X,NA,X,NA,NA,FALSE
12101,CWHwh_OR,CWHwh_OR/101,Cw,NA,Cw,3,DVM,FALSE
12102,CWHwh_OR,CWHwh_OR/101,Dr,NA,Dr,2,DVM,FALSE
12103,CWHwh_OR,CWHwh_OR/101,Fdc,NA,Fd,1,DVM,FALSE
12104,CWHwh_OR,CWHwh_OR/101,Hw,NA,Hw,1,DVM,FALSE
12105,CWHwh_OR,CWHwh_OR/101,Plc,NA,Pl,2,DVM,FALSE
12106,CWHwh_OR,CWHwh_OR/101,Ss,NA,Ss,1,DVM,FALSE
12107,CWHwh_OR,CWHwh_OR/102,Fdc,NA,Fd,2,DVM,FALSE
12108,CWHwh_OR,CWHwh_OR/102,Hw,NA,Hw,2,DVM,FALSE
12109,CWHwh_OR,CWHwh_OR/102,Plc,NA,Pl,1,DVM,FALSE
12110,CWHwh_OR,CWHwh_OR/103,Dr,NA,Dr,3,DVM,FALSE
12111,CWHwh_OR,CWHwh_OR/103,Fdc,NA,Fd,1,DVM,FALSE
12112,CWHwh_OR,CWHwh_OR/103,Hw,NA,Hw,2,DVM,FALSE
12113,CWHwh_OR,CWHwh_OR/103,Plc,NA,Pl,1,DVM,FALSE
12114,CWHwh_OR,CWHwh_OR/103,Ss,NA,Ss,2,DVM,FALSE
12115,CWHwh_OR,CWHwh_OR/110,Cw,NA,Cw,3,DVM,FALSE
12116,CWHwh_OR,CWHwh_OR/110,Dr,NA,Dr,2,DVM,FALSE
12117,CWHwh_OR,CWHwh_OR/110,Fdc,NA,Fd,3,DVM,FALSE
12118,CWHwh_OR,CWHwh_OR/110,Hw,NA,Hw,1,DVM,FALSE
12119,CWHwh_OR,CWHwh_OR/110,Ss,NA,Ss,2,DVM,FALSE
12120,CWHwh_OR,CWHwh_OR/111,Cw,NA,Cw,3,DVM,FALSE
12121,CWHwh_OR,CWHwh_OR/111,Dr,NA,Dr,2,DVM,FALSE
12122,CWHwh_OR,CWHwh_OR/111,Fdc,NA,Fd,3,DVM,FALSE
12123,CWHwh_OR,CWHwh_OR/111,Hw,NA,Hw,1,DVM,FALSE
12124,CWHwh_OR,CWHwh_OR/111,Ss,NA,Ss,2,DVM,FALSE
12125,CWHwh_OR,CWHwh_OR/112,Cw,NA,Cw,3,DVM,FALSE
12126,CWHwh_OR,CWHwh_OR/112,Dr,NA,Dr,2,DVM,FALSE
12127,CWHwh_OR,CWHwh_OR/112,Fdc,NA,Fd,2,DVM,FALSE
12128,CWHwh_OR,CWHwh_OR/112,Hw,NA,Hw,1,DVM,FALSE
12129,CWHwh_OR,CWHwh_OR/112,Ss,NA,Ss,1,DVM,FALSE
12130,CWHwh_OR,CWHwh_OR/113,Cw,NA,Cw,3,DVM,FALSE
12131,CWHwh_OR,CWHwh_OR/113,Dr,NA,Dr,2,DVM,FALSE
12132,CWHwh_OR,CWHwh_OR/113,Fdc,NA,Fd,2,DVM,FALSE
12133,CWHwh_OR,CWHwh_OR/113,Hw,NA,Hw,1,DVM,FALSE
12134,CWHwh_OR,CWHwh_OR/113,Ss,NA,Ss,1,DVM,FALSE
12135,CWHwh_OR,CWHwh_OR/Ro,X,NA,X,NA,NA,FALSE
12136,CWHwh_WA,CWHwh_WA/101,Cw,1,Cw,1,NA,FALSE
12137,CWHwh_WA,CWHwh_WA/101,Dr,2,Dr,2,NA,FALSE
12138,CWHwh_WA,CWHwh_WA/101,Fdc,1,Fd,1,NA,FALSE
12139,CWHwh_WA,CWHwh_WA/101,Hw,1,Hw,1,NA,FALSE
12140,CWHwh_WA,CWHwh_WA/101,Mb,3,Mb,3,NA,FALSE
12141,CWHwh_WA,CWHwh_WA/101,Ss,2,Ss,2,NA,FALSE
12142,CWHwh_WA,CWHwh_WA/102,Cw,3,Cw,3,NA,FALSE
12143,CWHwh_WA,CWHwh_WA/102,Dr,3,Dr,3,NA,FALSE
12144,CWHwh_WA,CWHwh_WA/102,Fdc,2,Fd,2,NA,FALSE
12145,CWHwh_WA,CWHwh_WA/102,Hw,2,Hw,2,NA,FALSE
12146,CWHwh_WA,CWHwh_WA/102,Ss,5,Ss,5,NA,FALSE
12147,CWHwh_WA,CWHwh_WA/103,Cw,1,Cw,1,NA,FALSE
12148,CWHwh_WA,CWHwh_WA/103,Dr,3,Dr,3,NA,FALSE
12149,CWHwh_WA,CWHwh_WA/103,Fdc,1,Fd,1,NA,FALSE
12150,CWHwh_WA,CWHwh_WA/103,Hw,1,Hw,1,NA,FALSE
12151,CWHwh_WA,CWHwh_WA/103,Ss,2,Ss,2,NA,FALSE
12152,CWHwh_WA,CWHwh_WA/110,Cw,1,Cw,1,NA,FALSE
12153,CWHwh_WA,CWHwh_WA/110,Dr,2,Dr,2,NA,FALSE
12154,CWHwh_WA,CWHwh_WA/110,Fdc,3,Fd,3,NA,FALSE
12155,CWHwh_WA,CWHwh_WA/110,Hw,1,Hw,1,NA,FALSE
12156,CWHwh_WA,CWHwh_WA/110,Mb,5,Mb,5,NA,FALSE
12157,CWHwh_WA,CWHwh_WA/110,Ss,5,Ss,5,NA,FALSE
12158,CWHwh_WA,CWHwh_WA/111,Cw,1,Cw,1,NA,FALSE
12159,CWHwh_WA,CWHwh_WA/111,Dr,2,Dr,2,NA,FALSE
12160,CWHwh_WA,CWHwh_WA/111,Fdc,3,Fd,3,NA,FALSE
12161,CWHwh_WA,CWHwh_WA/111,Hw,1,Hw,1,NA,FALSE
12162,CWHwh_WA,CWHwh_WA/111,Mb,5,Mb,5,NA,FALSE
12163,CWHwh_WA,CWHwh_WA/111,Ss,5,Ss,5,NA,FALSE
12164,CWHwh_WA,CWHwh_WA/112,Cw,2,Cw,2,NA,FALSE
12165,CWHwh_WA,CWHwh_WA/112,Dr,2,Dr,2,NA,FALSE
12166,CWHwh_WA,CWHwh_WA/112,Fdc,2,Fd,2,NA,FALSE
12167,CWHwh_WA,CWHwh_WA/112,Hw,1,Hw,1,NA,FALSE
12168,CWHwh_WA,CWHwh_WA/112,Mb,3,Mb,3,NA,FALSE
12169,CWHwh_WA,CWHwh_WA/112,Ss,1,Ss,1,NA,FALSE
12170,CWHwh_WA,CWHwh_WA/113,Cw,2,Cw,2,NA,FALSE
12171,CWHwh_WA,CWHwh_WA/113,Dr,2,Dr,2,NA,FALSE
12172,CWHwh_WA,CWHwh_WA/113,Fdc,2,Fd,2,NA,FALSE
12173,CWHwh_WA,CWHwh_WA/113,Hw,1,Hw,1,NA,FALSE
12174,CWHwh_WA,CWHwh_WA/113,Mb,3,Mb,3,NA,FALSE
12175,CWHwh_WA,CWHwh_WA/113,Ss,1,Ss,1,NA,FALSE
12176,CWHwh_WA,CWHwh_WA/Ro,X,NA,X,NA,NA,FALSE
12177,CWHxm_OR,CWHxm_OR/101,Bg,3,Bg,3,NA,FALSE
12178,CWHxm_OR,CWHxm_OR/101,Cw,2,Cw,2,NA,FALSE
12179,CWHxm_OR,CWHxm_OR/101,Dr,3,Dr,3,NA,FALSE
12180,CWHxm_OR,CWHxm_OR/101,Fdc,1,Fd,1,NA,FALSE
12181,CWHxm_OR,CWHxm_OR/101,Hw,1,Hw,1,NA,FALSE
12182,CWHxm_OR,CWHxm_OR/101,Mb,2,Mb,2,NA,FALSE
12183,CWHxm_OR,CWHxm_OR/101,Oa,2,Oa,2,NA,FALSE
12184,CWHxm_OR,CWHxm_OR/101,Oy,3,Oy,3,NA,FALSE
12185,CWHxm_OR,CWHxm_OR/101,Pw,3,Pw,3,NA,FALSE
12186,CWHxm_OR,CWHxm_OR/101,Py,NA,Py,3,DVM,FALSE
12187,CWHxm_OR,CWHxm_OR/101,Ra,3,Ra,3,NA,FALSE
12188,CWHxm_OR,CWHxm_OR/102,Cw,5,Cw,5,NA,FALSE
12189,CWHxm_OR,CWHxm_OR/102,Fdc,1,Fd,1,NA,FALSE
12190,CWHxm_OR,CWHxm_OR/102,Hw,5,Hw,5,NA,FALSE
12191,CWHxm_OR,CWHxm_OR/102,Mb,5,Mb,5,NA,FALSE
12192,CWHxm_OR,CWHxm_OR/102,Oa,5,Oa,5,NA,FALSE
12193,CWHxm_OR,CWHxm_OR/102,Oy,5,Oy,5,NA,FALSE
12194,CWHxm_OR,CWHxm_OR/102,Py,NA,Py,3,DVM,FALSE
12195,CWHxm_OR,CWHxm_OR/102,Qg,3,Qg,3,NA,FALSE
12196,CWHxm_OR,CWHxm_OR/102,Ra,2,Ra,2,NA,FALSE
12197,CWHxm_OR,CWHxm_OR/103,Cw,3,Cw,3,NA,FALSE
12198,CWHxm_OR,CWHxm_OR/103,Fdc,1,Fd,1,NA,FALSE
12199,CWHxm_OR,CWHxm_OR/103,Hw,2,Hw,2,NA,FALSE
12200,CWHxm_OR,CWHxm_OR/103,Oy,3,Oy,3,NA,FALSE
12201,CWHxm_OR,CWHxm_OR/103,Py,NA,Py,3,DVM,FALSE
12202,CWHxm_OR,CWHxm_OR/103,Qg,3,Qg,3,NA,FALSE
12203,CWHxm_OR,CWHxm_OR/103,Ra,3,Ra,3,NA,FALSE
12204,CWHxm_OR,CWHxm_OR/110,Bg,3,Bg,3,NA,FALSE
12205,CWHxm_OR,CWHxm_OR/110,Cw,1,Cw,1,NA,FALSE
12206,CWHxm_OR,CWHxm_OR/110,Dr,2,Dr,2,NA,FALSE
12207,CWHxm_OR,CWHxm_OR/110,Fdc,2,Fd,2,NA,FALSE
12208,CWHxm_OR,CWHxm_OR/110,Hw,1,Hw,1,NA,FALSE
12209,CWHxm_OR,CWHxm_OR/110,Mb,2,Mb,2,NA,FALSE
12210,CWHxm_OR,CWHxm_OR/110,Oa,3,Oa,3,NA,FALSE
12211,CWHxm_OR,CWHxm_OR/110,Pw,3,Pw,3,NA,FALSE
12212,CWHxm_OR,CWHxm_OR/111,Bg,3,Bg,3,NA,FALSE
12213,CWHxm_OR,CWHxm_OR/111,Cw,1,Cw,1,NA,FALSE
12214,CWHxm_OR,CWHxm_OR/111,Dr,2,Dr,2,NA,FALSE
12215,CWHxm_OR,CWHxm_OR/111,Fdc,2,Fd,2,NA,FALSE
12216,CWHxm_OR,CWHxm_OR/111,Hw,1,Hw,1,NA,FALSE
12217,CWHxm_OR,CWHxm_OR/111,Mb,2,Mb,2,NA,FALSE
12218,CWHxm_OR,CWHxm_OR/111,Pw,3,Pw,3,NA,FALSE
12219,CWHxm_OR,CWHxm_OR/112,Act,2,Ac,2,NA,FALSE
12220,CWHxm_OR,CWHxm_OR/112,Bg,2,Bg,2,NA,FALSE
12221,CWHxm_OR,CWHxm_OR/112,Cw,1,Cw,1,NA,FALSE
12222,CWHxm_OR,CWHxm_OR/112,Dr,2,Dr,2,NA,FALSE
12223,CWHxm_OR,CWHxm_OR/112,Fdc,1,Fd,1,NA,FALSE
12224,CWHxm_OR,CWHxm_OR/112,Hw,2,Hw,2,NA,FALSE
12225,CWHxm_OR,CWHxm_OR/112,Mb,2,Mb,2,NA,FALSE
12226,CWHxm_OR,CWHxm_OR/112,Oa,3,Oa,3,NA,FALSE
12227,CWHxm_OR,CWHxm_OR/112,Og,2,Og,2,NA,FALSE
12228,CWHxm_OR,CWHxm_OR/112,Pw,2,Pw,2,NA,FALSE
12229,CWHxm_OR,CWHxm_OR/113,Act,2,Ac,2,NA,FALSE
12230,CWHxm_OR,CWHxm_OR/113,Bg,2,Bg,2,NA,FALSE
12231,CWHxm_OR,CWHxm_OR/113,Cw,1,Cw,1,NA,FALSE
12232,CWHxm_OR,CWHxm_OR/113,Dr,2,Dr,2,NA,FALSE
12233,CWHxm_OR,CWHxm_OR/113,Fdc,1,Fd,1,NA,FALSE
12234,CWHxm_OR,CWHxm_OR/113,Hw,2,Hw,2,NA,FALSE
12235,CWHxm_OR,CWHxm_OR/113,Mb,2,Mb,2,NA,FALSE
12236,CWHxm_OR,CWHxm_OR/113,Og,2,Og,2,NA,FALSE
12237,CWHxm_OR,CWHxm_OR/113,Pw,2,Pw,2,NA,FALSE
12238,CWHxm_OR,CWHxm_OR/Ro,X,NA,X,NA,NA,FALSE
12239,CWHxm_WA,CWHxm_WA/101,Bg,3,Bg,3,NA,FALSE
12240,CWHxm_WA,CWHxm_WA/101,Cw,2,Cw,2,NA,FALSE
12241,CWHxm_WA,CWHxm_WA/101,Dr,2,Dr,2,NA,FALSE
12242,CWHxm_WA,CWHxm_WA/101,Fdc,1,Fd,1,NA,FALSE
12243,CWHxm_WA,CWHxm_WA/101,Hw,2,Hw,2,NA,FALSE
12244,CWHxm_WA,CWHxm_WA/101,Mb,2,Mb,2,NA,FALSE
12245,CWHxm_WA,CWHxm_WA/101,Plc,3,Pl,3,NA,FALSE
12246,CWHxm_WA,CWHxm_WA/101,Pw,3,Pw,3,NA,FALSE
12247,CWHxm_WA,CWHxm_WA/102,Bg,5,Bg,5,NA,FALSE
12248,CWHxm_WA,CWHxm_WA/102,Cw,5,Cw,5,NA,FALSE
12249,CWHxm_WA,CWHxm_WA/102,Dr,5,Dr,5,NA,FALSE
12250,CWHxm_WA,CWHxm_WA/102,Fdc,1,Fd,1,NA,FALSE
12251,CWHxm_WA,CWHxm_WA/102,Mb,5,Mb,5,NA,FALSE
12252,CWHxm_WA,CWHxm_WA/102,Plc,2,Pl,2,NA,FALSE
12253,CWHxm_WA,CWHxm_WA/102,Ra,3,Ra,3,NA,FALSE
12254,CWHxm_WA,CWHxm_WA/103,Cw,3,Cw,3,NA,FALSE
12255,CWHxm_WA,CWHxm_WA/103,Dr,3,Dr,3,NA,FALSE
12256,CWHxm_WA,CWHxm_WA/103,Fdc,1,Fd,1,NA,FALSE
12257,CWHxm_WA,CWHxm_WA/103,Hw,3,Hw,3,NA,FALSE
12258,CWHxm_WA,CWHxm_WA/103,Mb,3,Mb,3,NA,FALSE
12259,CWHxm_WA,CWHxm_WA/103,Qg,3,Qg,3,NA,FALSE
12260,CWHxm_WA,CWHxm_WA/110,Act,2,Ac,2,NA,FALSE
12261,CWHxm_WA,CWHxm_WA/110,Bg,3,Bg,3,NA,FALSE
12262,CWHxm_WA,CWHxm_WA/110,Cw,2,Cw,2,NA,FALSE
12263,CWHxm_WA,CWHxm_WA/110,Dr,1,Dr,1,NA,FALSE
12264,CWHxm_WA,CWHxm_WA/110,Fdc,2,Fd,2,NA,FALSE
12265,CWHxm_WA,CWHxm_WA/110,Hw,2,Hw,1,dvm26,FALSE
12266,CWHxm_WA,CWHxm_WA/110,Mb,2,Mb,2,NA,FALSE
12267,CWHxm_WA,CWHxm_WA/110,Pw,3,Pw,3,NA,FALSE
12268,CWHxm_WA,CWHxm_WA/110,Vb,3,Vb,3,NA,FALSE
12269,CWHxm_WA,CWHxm_WA/111,Act,5,Ac,5,NA,FALSE
12270,CWHxm_WA,CWHxm_WA/111,Bg,3,Bg,3,NA,FALSE
12271,CWHxm_WA,CWHxm_WA/111,Cw,1,Cw,1,NA,FALSE
12272,CWHxm_WA,CWHxm_WA/111,Dr,2,Dr,2,NA,FALSE
12273,CWHxm_WA,CWHxm_WA/111,Fdc,2,Fd,2,NA,FALSE
12274,CWHxm_WA,CWHxm_WA/111,Hw,1,Hw,1,NA,FALSE
12275,CWHxm_WA,CWHxm_WA/111,Mb,2,Mb,2,NA,FALSE
12276,CWHxm_WA,CWHxm_WA/111,Pw,3,Pw,3,NA,FALSE
12277,CWHxm_WA,CWHxm_WA/112,Act,2,Ac,2,NA,FALSE
12278,CWHxm_WA,CWHxm_WA/112,Bg,3,Bg,3,NA,FALSE
12279,CWHxm_WA,CWHxm_WA/112,Cw,1,Cw,1,NA,FALSE
12280,CWHxm_WA,CWHxm_WA/112,Dr,2,Dr,2,NA,FALSE
12281,CWHxm_WA,CWHxm_WA/112,Fdc,1,Fd,1,NA,FALSE
12282,CWHxm_WA,CWHxm_WA/112,Hw,2,Hw,2,NA,FALSE
12283,CWHxm_WA,CWHxm_WA/112,Mb,2,Mb,2,NA,FALSE
12284,CWHxm_WA,CWHxm_WA/112,Og,2,Og,2,NA,FALSE
12285,CWHxm_WA,CWHxm_WA/112,Pw,2,Pw,2,NA,FALSE
12286,CWHxm_WA,CWHxm_WA/113,Act,2,Ac,2,NA,FALSE
12287,CWHxm_WA,CWHxm_WA/113,Bg,2,Bg,2,NA,FALSE
12288,CWHxm_WA,CWHxm_WA/113,Cw,1,Cw,1,NA,FALSE
12289,CWHxm_WA,CWHxm_WA/113,Dr,2,Dr,2,NA,FALSE
12290,CWHxm_WA,CWHxm_WA/113,Fdc,1,Fd,1,NA,FALSE
12291,CWHxm_WA,CWHxm_WA/113,Hw,2,Hw,2,NA,FALSE
12292,CWHxm_WA,CWHxm_WA/113,Mb,2,Mb,2,NA,FALSE
12293,CWHxm_WA,CWHxm_WA/113,Og,2,Og,2,NA,FALSE
12294,CWHxm_WA,CWHxm_WA/113,Pw,2,Pw,2,NA,FALSE
12295,CWHxm_WA,CWHxm_WA/Ro,X,NA,X,NA,NA,FALSE
12296,ESSFabC,ESSFabC/a,X,NA,X,NA,VC,FALSE
12297,ESSFabC,ESSFabC/b,Pli,2,Pl,2,NA,FALSE
12298,ESSFabC,ESSFabC/b,Se,3,Sx,3,NA,FALSE
12299,ESSFabC,ESSFabC/c,At,2,At,2,NA,FALSE
12300,ESSFabC,ESSFabC/c,Bb,5,Bb,5,NA,FALSE
12301,ESSFabC,ESSFabC/c,Pli,2,Pl,2,NA,FALSE
12302,ESSFabC,ESSFabC/c,Se,2,Sx,2,NA,FALSE
12303,ESSFabC,ESSFabC/d,Bl,1,Bl,1,NA,FALSE
12304,ESSFabC,ESSFabC/d,Pli,2,Pl,2,NA,FALSE
12305,ESSFabC,ESSFabC/d,Sb,5,Sb,5,NA,FALSE
12306,ESSFabC,ESSFabC/d,Se,1,Sx,1,NA,FALSE
12307,ESSFabC,ESSFabC/e,X,NA,X,NA,VC,FALSE
12308,ESSFabC,ESSFabC/f,Bl,1,Bl,1,NA,FALSE
12309,ESSFabC,ESSFabC/f,Pli,2,Pl,2,NA,FALSE
12310,ESSFabC,ESSFabC/f,Sb,2,Sb,2,NA,FALSE
12311,ESSFabC,ESSFabC/f,Se,1,Sx,1,NA,FALSE
12312,ESSFabC,ESSFabC/g,Bl,3,Bl,3,NA,FALSE
12313,ESSFabC,ESSFabC/g,Pli,3,Pl,3,NA,FALSE
12314,ESSFabC,ESSFabC/g,Se,1,Sx,1,NA,FALSE
12315,ESSFabC,ESSFabC/h,Sb,3,Sb,3,NA,FALSE
12316,ESSFabC,ESSFabC/i,Lt,3,Lt,3,NA,FALSE
12317,ESSFabC,ESSFabC/i,Sb,3,Sb,3,NA,FALSE
12318,ESSFabC,ESSFabC/i,Se,1,Sx,1,NA,FALSE
12319,ESSFabC,ESSFabC/Ro,X,NA,X,NA,NA,FALSE
12320,ESSFabE,ESSFabE/a,X,NA,X,NA,VC,FALSE
12321,ESSFabE,ESSFabE/b,Pli,2,Pl,2,NA,FALSE
12322,ESSFabE,ESSFabE/b,Se,3,Sx,3,NA,FALSE
12323,ESSFabE,ESSFabE/c,At,2,At,2,NA,FALSE
12324,ESSFabE,ESSFabE/c,Bb,5,Bb,5,NA,FALSE
12325,ESSFabE,ESSFabE/c,Pli,2,Pl,2,NA,FALSE
12326,ESSFabE,ESSFabE/c,Se,2,Sx,2,NA,FALSE
12327,ESSFabE,ESSFabE/d,Bl,1,Bl,1,NA,FALSE
12328,ESSFabE,ESSFabE/d,Pli,2,Pl,2,NA,FALSE
12329,ESSFabE,ESSFabE/d,Sb,5,Sb,5,NA,FALSE
12330,ESSFabE,ESSFabE/d,Se,1,Sx,1,NA,FALSE
12331,ESSFabE,ESSFabE/e,X,NA,X,NA,VC,FALSE
12332,ESSFabE,ESSFabE/f,Bl,1,Bl,1,NA,FALSE
12333,ESSFabE,ESSFabE/f,Pli,2,Pl,2,NA,FALSE
12334,ESSFabE,ESSFabE/f,Sb,2,Sb,2,NA,FALSE
12335,ESSFabE,ESSFabE/f,Se,1,Sx,1,NA,FALSE
12336,ESSFabE,ESSFabE/g,Bl,3,Bl,3,NA,FALSE
12337,ESSFabE,ESSFabE/g,Pli,3,Pl,3,NA,FALSE
12338,ESSFabE,ESSFabE/g,Se,1,Sx,1,NA,FALSE
12339,ESSFabE,ESSFabE/h,Sb,3,Sb,3,NA,FALSE
12340,ESSFabE,ESSFabE/i,Lt,3,Lt,3,NA,FALSE
12341,ESSFabE,ESSFabE/i,Sb,3,Sb,3,NA,FALSE
12342,ESSFabE,ESSFabE/i,Se,1,Sx,1,NA,FALSE
12343,ESSFabE,ESSFabE/Ro,X,NA,X,NA,NA,FALSE
12344,ESSFabN,ESSFabN/a,X,NA,X,NA,VC,FALSE
12345,ESSFabN,ESSFabN/b,Pli,2,Pl,2,NA,FALSE
12346,ESSFabN,ESSFabN/b,Se,3,Sx,3,NA,FALSE
12347,ESSFabN,ESSFabN/c,At,2,At,2,NA,FALSE
12348,ESSFabN,ESSFabN/c,Bb,5,Bb,5,NA,FALSE
12349,ESSFabN,ESSFabN/c,Pli,2,Pl,2,NA,FALSE
12350,ESSFabN,ESSFabN/c,Se,2,Sx,2,NA,FALSE
12351,ESSFabN,ESSFabN/d,Bl,1,Bl,1,NA,FALSE
12352,ESSFabN,ESSFabN/d,Pli,2,Pl,2,NA,FALSE
12353,ESSFabN,ESSFabN/d,Sb,5,Sb,5,NA,FALSE
12354,ESSFabN,ESSFabN/d,Se,1,Sx,1,NA,FALSE
12355,ESSFabN,ESSFabN/e,X,NA,X,NA,VC,FALSE
12356,ESSFabN,ESSFabN/f,Bl,1,Bl,1,NA,FALSE
12357,ESSFabN,ESSFabN/f,Pli,2,Pl,2,NA,FALSE
12358,ESSFabN,ESSFabN/f,Sb,2,Sb,2,NA,FALSE
12359,ESSFabN,ESSFabN/f,Se,1,Sx,1,NA,FALSE
12360,ESSFabN,ESSFabN/g,Bl,3,Bl,3,NA,FALSE
12361,ESSFabN,ESSFabN/g,Pli,3,Pl,3,NA,FALSE
12362,ESSFabN,ESSFabN/g,Se,1,Sx,1,NA,FALSE
12363,ESSFabN,ESSFabN/h,Sb,3,Sb,3,NA,FALSE
12364,ESSFabN,ESSFabN/i,Lt,3,Lt,3,NA,FALSE
12365,ESSFabN,ESSFabN/i,Sb,3,Sb,3,NA,FALSE
12366,ESSFabN,ESSFabN/i,Se,1,Sx,1,NA,FALSE
12367,ESSFabN,ESSFabN/Ro,X,NA,X,NA,NA,FALSE
12368,ESSFabS,ESSFabS/a,X,NA,X,NA,VC,FALSE
12369,ESSFabS,ESSFabS/b,Pli,2,Pl,2,NA,FALSE
12370,ESSFabS,ESSFabS/b,Se,3,Sx,3,NA,FALSE
12371,ESSFabS,ESSFabS/c,At,2,At,2,NA,FALSE
12372,ESSFabS,ESSFabS/c,Bb,5,Bb,5,NA,FALSE
12373,ESSFabS,ESSFabS/c,Pli,2,Pl,2,NA,FALSE
12374,ESSFabS,ESSFabS/c,Se,2,Sx,2,NA,FALSE
12375,ESSFabS,ESSFabS/d,Bl,1,Bl,1,NA,FALSE
12376,ESSFabS,ESSFabS/d,Pli,2,Pl,2,NA,FALSE
12377,ESSFabS,ESSFabS/d,Sb,5,Sb,5,NA,FALSE
12378,ESSFabS,ESSFabS/d,Se,1,Sx,1,NA,FALSE
12379,ESSFabS,ESSFabS/e,X,NA,X,NA,VC,FALSE
12380,ESSFabS,ESSFabS/f,Bl,1,Bl,1,NA,FALSE
12381,ESSFabS,ESSFabS/f,Pli,2,Pl,2,NA,FALSE
12382,ESSFabS,ESSFabS/f,Sb,2,Sb,2,NA,FALSE
12383,ESSFabS,ESSFabS/f,Se,1,Sx,1,NA,FALSE
12384,ESSFabS,ESSFabS/g,Bl,3,Bl,3,NA,FALSE
12385,ESSFabS,ESSFabS/g,Pli,3,Pl,3,NA,FALSE
12386,ESSFabS,ESSFabS/g,Se,1,Sx,1,NA,FALSE
12387,ESSFabS,ESSFabS/h,Sb,3,Sb,3,NA,FALSE
12388,ESSFabS,ESSFabS/i,Lt,3,Lt,3,NA,FALSE
12389,ESSFabS,ESSFabS/i,Sb,3,Sb,3,NA,FALSE
12390,ESSFabS,ESSFabS/i,Se,1,Sx,1,NA,FALSE
12391,ESSFabS,ESSFabS/Ro,X,NA,X,NA,NA,FALSE
12392,ESSFdh_WA,ESSFdh_WA/101,Ba,2,Ba,2,NA,FALSE
12393,ESSFdh_WA,ESSFdh_WA/101,Bg,2,Bg,2,NA,FALSE
12394,ESSFdh_WA,ESSFdh_WA/101,Bl,1,Bl,1,NA,FALSE
12395,ESSFdh_WA,ESSFdh_WA/101,Fdi,2,Fd,2,NA,FALSE
12396,ESSFdh_WA,ESSFdh_WA/101,Hm,2,Hm,2,NA,FALSE
12397,ESSFdh_WA,ESSFdh_WA/101,Pa,2,Pa,2,NA,FALSE
12398,ESSFdh_WA,ESSFdh_WA/101,Pli,1,Pl,1,NA,FALSE
12399,ESSFdh_WA,ESSFdh_WA/101,Pw,2,Pw,2,NA,FALSE
12400,ESSFdh_WA,ESSFdh_WA/101,Se,1,Sx,1,NA,FALSE
12401,ESSFdh_WA,ESSFdh_WA/102,Bl,3,Bl,3,NA,FALSE
12402,ESSFdh_WA,ESSFdh_WA/102,Fdi,2,Fd,2,WHM,FALSE
12403,ESSFdh_WA,ESSFdh_WA/102,Lw,3,Lw,3,NA,TRUE
12404,ESSFdh_WA,ESSFdh_WA/102,Pa,2,Pa,2,NA,FALSE
12405,ESSFdh_WA,ESSFdh_WA/102,Pyi,2,Py,2,NA,FALSE
12406,ESSFdh_WA,ESSFdh_WA/103,Bg,2,Bg,2,NA,FALSE
12407,ESSFdh_WA,ESSFdh_WA/103,Bl,2,Bl,2,NA,FALSE
12408,ESSFdh_WA,ESSFdh_WA/103,Fdi,1,Fd,1,NA,FALSE
12409,ESSFdh_WA,ESSFdh_WA/103,Lw,2,Lw,2,NA,TRUE
12410,ESSFdh_WA,ESSFdh_WA/103,Pa,2,Pa,2,NA,FALSE
12411,ESSFdh_WA,ESSFdh_WA/103,Pli,3,Pl,3,NA,FALSE
12412,ESSFdh_WA,ESSFdh_WA/103,Se,3,Sx,3,NA,FALSE
12413,ESSFdh_WA,ESSFdh_WA/110,Ba,2,Ba,2,NA,FALSE
12414,ESSFdh_WA,ESSFdh_WA/110,Bl,1,Bl,1,NA,FALSE
12415,ESSFdh_WA,ESSFdh_WA/110,Pw,3,Pw,3,NA,FALSE
12416,ESSFdh_WA,ESSFdh_WA/110,Se,2,Sx,2,NA,FALSE
12417,ESSFdh_WA,ESSFdh_WA/111,Ba,2,Ba,2,NA,FALSE
12418,ESSFdh_WA,ESSFdh_WA/111,Bl,1,Bl,1,NA,FALSE
12419,ESSFdh_WA,ESSFdh_WA/111,Se,1,Sx,1,NA,FALSE
12420,ESSFdh_WA,ESSFdh_WA/Ro,X,NA,X,NA,NA,FALSE
12421,ESSFdk_MT,ESSFdk_MT/101,Bl,1,Bl,1,NA,FALSE
12422,ESSFdk_MT,ESSFdk_MT/101,Fdi,3,Fd,3,NA,FALSE
12423,ESSFdk_MT,ESSFdk_MT/101,Pa,3,Pa,3,NA,FALSE
12424,ESSFdk_MT,ESSFdk_MT/101,Pli,2,Pl,2,NA,FALSE
12425,ESSFdk_MT,ESSFdk_MT/101,Se,1,Sx,1,NA,FALSE
12426,ESSFdk_MT,ESSFdk_MT/102,Bl,1,Bl,1,NA,FALSE
12427,ESSFdk_MT,ESSFdk_MT/102,Fdi,3,Fd,3,WHM,FALSE
12428,ESSFdk_MT,ESSFdk_MT/102,La,3,La,3,NA,FALSE
12429,ESSFdk_MT,ESSFdk_MT/102,Pa,2,Pa,2,NA,FALSE
12430,ESSFdk_MT,ESSFdk_MT/102,Pf,5,Pf,5,NA,FALSE
12431,ESSFdk_MT,ESSFdk_MT/102,Pli,2,Pl,2,NA,FALSE
12432,ESSFdk_MT,ESSFdk_MT/102,Se,3,Sx,3,NA,FALSE
12433,ESSFdk_MT,ESSFdk_MT/110,Bl,1,Bl,1,NA,FALSE
12434,ESSFdk_MT,ESSFdk_MT/110,Pli,3,Pl,3,NA,FALSE
12435,ESSFdk_MT,ESSFdk_MT/110,Se,1,Sx,1,NA,FALSE
12436,ESSFdk_MT,ESSFdk_MT/111,Act,2,Ac,2,NA,FALSE
12437,ESSFdk_MT,ESSFdk_MT/111,Bl,1,Bl,1,NA,FALSE
12438,ESSFdk_MT,ESSFdk_MT/111,Pli,3,Pl,3,NA,FALSE
12439,ESSFdk_MT,ESSFdk_MT/111,Se,3,Sx,3,NA,FALSE
12440,ESSFdk_MT,ESSFdk_MT/Ro,X,NA,X,NA,NA,FALSE
12441,ESSFdkp_MT,ESSFdkp_MT/00,Bl,3,Bl,3,NA,FALSE
12442,ESSFdkp_MT,ESSFdkp_MT/Ro,X,NA,X,NA,NA,FALSE
12443,ESSFdm_ID,ESSFdm_ID/101,Bl,1,Bl,1,NA,FALSE
12444,ESSFdm_ID,ESSFdm_ID/101,Fdi,3,Fd,3,NA,FALSE
12445,ESSFdm_ID,ESSFdm_ID/101,Pa,2,Pa,2,NA,FALSE
12446,ESSFdm_ID,ESSFdm_ID/101,Pli,1,Pl,1,NA,FALSE
12447,ESSFdm_ID,ESSFdm_ID/101,Se,1,Sx,1,NA,FALSE
12448,ESSFdm_ID,ESSFdm_ID/102,Bl,2,Bl,2,NA,FALSE
12449,ESSFdm_ID,ESSFdm_ID/102,Fdi,2,Fd,2,NA,FALSE
12450,ESSFdm_ID,ESSFdm_ID/102,Pa,2,Pa,2,WHM,FALSE
12451,ESSFdm_ID,ESSFdm_ID/102,Pli,2,Pl,2,WHM,FALSE
12452,ESSFdm_ID,ESSFdm_ID/103,Bl,1,Bl,1,NA,FALSE
12453,ESSFdm_ID,ESSFdm_ID/103,Fdi,2,Fd,2,NA,FALSE
12454,ESSFdm_ID,ESSFdm_ID/103,Pa,2,Pa,2,NA,FALSE
12455,ESSFdm_ID,ESSFdm_ID/103,Pli,1,Pl,1,NA,FALSE
12456,ESSFdm_ID,ESSFdm_ID/103,Se,3,Sx,3,NA,FALSE
12457,ESSFdm_ID,ESSFdm_ID/110,Bl,1,Bl,1,NA,FALSE
12458,ESSFdm_ID,ESSFdm_ID/110,Pli,2,Pl,2,NA,FALSE
12459,ESSFdm_ID,ESSFdm_ID/110,Se,1,Sx,1,NA,FALSE
12460,ESSFdm_ID,ESSFdm_ID/111,Bl,1,Bl,1,NA,FALSE
12461,ESSFdm_ID,ESSFdm_ID/111,Pa,5,Pa,5,NA,FALSE
12462,ESSFdm_ID,ESSFdm_ID/111,Pli,2,Pl,2,NA,FALSE
12463,ESSFdm_ID,ESSFdm_ID/111,Se,1,Sx,1,NA,FALSE
12464,ESSFdm_ID,ESSFdm_ID/Ro,X,NA,X,NA,NA,FALSE
12465,ESSFdmp_ID,ESSFdmp_ID/00,Bl,3,Bl,3,WHM,FALSE
12466,ESSFdmp_ID,ESSFdmp_ID/Ro,X,NA,X,NA,NA,FALSE
12467,ESSFdw_ID,ESSFdw_ID/101,Bg,3,Bg,3,NA,FALSE
12468,ESSFdw_ID,ESSFdw_ID/101,Bl,1,Bl,1,NA,FALSE
12469,ESSFdw_ID,ESSFdw_ID/101,Fdi,3,Fd,3,NA,FALSE
12470,ESSFdw_ID,ESSFdw_ID/101,Hm,2,Hm,2,NA,FALSE
12471,ESSFdw_ID,ESSFdw_ID/101,Lw,3,Lw,3,NA,FALSE
12472,ESSFdw_ID,ESSFdw_ID/101,Pli,2,Pl,2,NA,FALSE
12473,ESSFdw_ID,ESSFdw_ID/101,Pw,2,Pw,2,NA,FALSE
12474,ESSFdw_ID,ESSFdw_ID/101,Se,1,Sx,1,NA,FALSE
12475,ESSFdw_ID,ESSFdw_ID/102,Bl,3,Bl,3,NA,FALSE
12476,ESSFdw_ID,ESSFdw_ID/102,Fdi,1,Fd,1,NA,FALSE
12477,ESSFdw_ID,ESSFdw_ID/102,Hm,5,Hm,5,NA,FALSE
12478,ESSFdw_ID,ESSFdw_ID/102,Lw,2,Lw,2,NA,FALSE
12479,ESSFdw_ID,ESSFdw_ID/102,Pa,5,Pa,5,NA,FALSE
12480,ESSFdw_ID,ESSFdw_ID/102,Pli,1,Pl,1,NA,FALSE
12481,ESSFdw_ID,ESSFdw_ID/102,Pw,5,Pw,5,NA,FALSE
12482,ESSFdw_ID,ESSFdw_ID/102,Se,5,Sx,5,NA,FALSE
12483,ESSFdw_ID,ESSFdw_ID/103,Bl,2,Bl,2,NA,FALSE
12484,ESSFdw_ID,ESSFdw_ID/103,Fdi,1,Fd,1,NA,FALSE
12485,ESSFdw_ID,ESSFdw_ID/103,Hm,3,Hm,3,NA,FALSE
12486,ESSFdw_ID,ESSFdw_ID/103,Lw,3,Lw,3,NA,FALSE
12487,ESSFdw_ID,ESSFdw_ID/103,Pli,1,Pl,1,NA,FALSE
12488,ESSFdw_ID,ESSFdw_ID/103,Se,2,Sx,2,NA,FALSE
12489,ESSFdw_ID,ESSFdw_ID/110,Bg,2,Bg,2,NA,FALSE
12490,ESSFdw_ID,ESSFdw_ID/110,Bl,1,Bl,1,NA,FALSE
12491,ESSFdw_ID,ESSFdw_ID/110,Cw,3,Cw,3,NA,FALSE
12492,ESSFdw_ID,ESSFdw_ID/110,Fdi,3,Fd,3,NA,FALSE
12493,ESSFdw_ID,ESSFdw_ID/110,Hm,2,Hm,2,NA,FALSE
12494,ESSFdw_ID,ESSFdw_ID/110,Lw,5,Lw,5,NA,FALSE
12495,ESSFdw_ID,ESSFdw_ID/110,Pli,2,Pl,2,NA,FALSE
12496,ESSFdw_ID,ESSFdw_ID/110,Se,1,Sx,1,NA,FALSE
12497,ESSFdw_ID,ESSFdw_ID/111,Bg,2,Bg,2,NA,FALSE
12498,ESSFdw_ID,ESSFdw_ID/111,Bl,1,Bl,1,NA,FALSE
12499,ESSFdw_ID,ESSFdw_ID/111,Cw,2,Cw,2,NA,FALSE
12500,ESSFdw_ID,ESSFdw_ID/111,Fdi,5,Fd,5,NA,FALSE
12501,ESSFdw_ID,ESSFdw_ID/111,Hm,2,Hm,2,NA,FALSE
12502,ESSFdw_ID,ESSFdw_ID/111,Hw,2,Hw,2,NA,FALSE
12503,ESSFdw_ID,ESSFdw_ID/111,Lw,5,Lw,5,NA,FALSE
12504,ESSFdw_ID,ESSFdw_ID/111,Pli,2,Pl,2,NA,FALSE
12505,ESSFdw_ID,ESSFdw_ID/111,Se,1,Sx,1,NA,FALSE
12506,ESSFdw_ID,ESSFdw_ID/Ro,X,NA,X,NA,NA,FALSE
12507,ESSFmw_WA,ESSFmw_WA/101,Ba,2,Ba,2,NA,FALSE
12508,ESSFmw_WA,ESSFmw_WA/101,Bg,3,Bg,3,NA,FALSE
12509,ESSFmw_WA,ESSFmw_WA/101,Bl,1,Bl,1,NA,FALSE
12510,ESSFmw_WA,ESSFmw_WA/101,Fdi,3,Fd,3,NA,FALSE
12511,ESSFmw_WA,ESSFmw_WA/101,Hm,3,Hm,3,NA,FALSE
12512,ESSFmw_WA,ESSFmw_WA/101,Hw,3,Hw,3,NA,FALSE
12513,ESSFmw_WA,ESSFmw_WA/101,Pa,5,Pa,5,NA,FALSE
12514,ESSFmw_WA,ESSFmw_WA/101,Pli,3,Pl,3,NA,FALSE
12515,ESSFmw_WA,ESSFmw_WA/101,Pw,3,Pw,3,NA,FALSE
12516,ESSFmw_WA,ESSFmw_WA/101,Se,1,Sx,1,NA,FALSE
12517,ESSFmw_WA,ESSFmw_WA/102,Bl,3,Bl,3,NA,FALSE
12518,ESSFmw_WA,ESSFmw_WA/102,Fdi,2,Fd,2,NA,FALSE
12519,ESSFmw_WA,ESSFmw_WA/102,Pa,2,Pa,2,NA,FALSE
12520,ESSFmw_WA,ESSFmw_WA/102,Pli,1,Pl,1,NA,FALSE
12521,ESSFmw_WA,ESSFmw_WA/102,Pyi,3,Py,3,NA,FALSE
12522,ESSFmw_WA,ESSFmw_WA/103,Ba,3,Ba,3,NA,FALSE
12523,ESSFmw_WA,ESSFmw_WA/103,Bl,3,Bl,3,NA,FALSE
12524,ESSFmw_WA,ESSFmw_WA/103,Fdi,3,Fd,3,NA,FALSE
12525,ESSFmw_WA,ESSFmw_WA/103,Lw,2,Lw,2,NA,FALSE
12526,ESSFmw_WA,ESSFmw_WA/103,Pa,3,Pa,3,NA,FALSE
12527,ESSFmw_WA,ESSFmw_WA/103,Pli,3,Pl,3,NA,FALSE
12528,ESSFmw_WA,ESSFmw_WA/103,Pw,5,Pw,5,NA,FALSE
12529,ESSFmw_WA,ESSFmw_WA/103,Se,2,Sx,2,NA,FALSE
12530,ESSFmw_WA,ESSFmw_WA/110,Ba,2,Ba,2,NA,FALSE
12531,ESSFmw_WA,ESSFmw_WA/110,Bl,1,Bl,1,NA,FALSE
12532,ESSFmw_WA,ESSFmw_WA/110,Hm,2,Hm,2,NA,FALSE
12533,ESSFmw_WA,ESSFmw_WA/110,Se,1,Sx,1,NA,FALSE
12534,ESSFmw_WA,ESSFmw_WA/111,Ba,2,Ba,2,NA,FALSE
12535,ESSFmw_WA,ESSFmw_WA/111,Bl,1,Bl,1,NA,FALSE
12536,ESSFmw_WA,ESSFmw_WA/111,Se,1,Sx,1,NA,FALSE
12537,ESSFmw_WA,ESSFmw_WA/Ro,X,NA,X,NA,NA,FALSE
12538,ESSFmwp_WA,ESSFmwp_WA/00,X,NA,X,NA,NA,FALSE
12539,ESSFwh_MT,ESSFwh_MT/101,Bl,1,Bl,1,NA,FALSE
12540,ESSFwh_MT,ESSFwh_MT/101,Cw,3,Cw,3,NA,FALSE
12541,ESSFwh_MT,ESSFwh_MT/101,Fdi,3,Fd,3,NA,FALSE
12542,ESSFwh_MT,ESSFwh_MT/101,Hw,3,Hw,3,NA,FALSE
12543,ESSFwh_MT,ESSFwh_MT/101,Lw,2,Lw,2,NA,FALSE
12544,ESSFwh_MT,ESSFwh_MT/101,Pli,2,Pl,2,NA,FALSE
12545,ESSFwh_MT,ESSFwh_MT/101,Se,1,Sx,1,NA,FALSE
12546,ESSFwh_MT,ESSFwh_MT/102,Bl,2,Bl,2,NA,FALSE
12547,ESSFwh_MT,ESSFwh_MT/102,Fdi,1,Fd,1,NA,FALSE
12548,ESSFwh_MT,ESSFwh_MT/102,Lw,1,Lw,1,NA,FALSE
12549,ESSFwh_MT,ESSFwh_MT/102,Pli,2,Pl,2,NA,FALSE
12550,ESSFwh_MT,ESSFwh_MT/102,Se,3,Sx,3,NA,FALSE
12551,ESSFwh_MT,ESSFwh_MT/110,Bl,1,Bl,1,NA,FALSE
12552,ESSFwh_MT,ESSFwh_MT/110,Cw,2,Cw,2,NA,FALSE
12553,ESSFwh_MT,ESSFwh_MT/110,Hw,2,Hw,2,NA,FALSE
12554,ESSFwh_MT,ESSFwh_MT/110,Se,1,Sx,1,NA,FALSE
12555,ESSFwh_MT,ESSFwh_MT/111,Bl,1,Bl,1,NA,FALSE
12556,ESSFwh_MT,ESSFwh_MT/111,Cw,2,Cw,2,NA,FALSE
12557,ESSFwh_MT,ESSFwh_MT/111,Hw,2,Hw,2,NA,FALSE
12558,ESSFwh_MT,ESSFwh_MT/111,Se,1,Sx,1,NA,FALSE
12559,ESSFwh_MT,ESSFwh_MT/Ro,X,NA,X,NA,NA,FALSE
12560,ESSFwm_MT,ESSFwm_MT/101,Bl,1,Bl,1,NA,FALSE
12561,ESSFwm_MT,ESSFwm_MT/101,Fdi,3,Fd,3,NA,FALSE
12562,ESSFwm_MT,ESSFwm_MT/101,Pa,3,Pa,3,NA,FALSE
12563,ESSFwm_MT,ESSFwm_MT/101,Pli,2,Pl,2,NA,FALSE
12564,ESSFwm_MT,ESSFwm_MT/101,Pw,3,Pw,3,NA,FALSE
12565,ESSFwm_MT,ESSFwm_MT/101,Se,1,Sx,1,NA,FALSE
12566,ESSFwm_MT,ESSFwm_MT/102,Bl,3,Bl,3,NA,FALSE
12567,ESSFwm_MT,ESSFwm_MT/102,Fdi,2,Fd,2,NA,FALSE
12568,ESSFwm_MT,ESSFwm_MT/102,Lw,2,Lw,2,NA,FALSE
12569,ESSFwm_MT,ESSFwm_MT/102,Pa,3,Pa,3,NA,FALSE
12570,ESSFwm_MT,ESSFwm_MT/102,Pli,1,Pl,1,NA,FALSE
12571,ESSFwm_MT,ESSFwm_MT/103,Bl,1,Bl,1,NA,FALSE
12572,ESSFwm_MT,ESSFwm_MT/103,Fdi,2,Fd,2,NA,FALSE
12573,ESSFwm_MT,ESSFwm_MT/103,Pa,3,Pa,3,NA,FALSE
12574,ESSFwm_MT,ESSFwm_MT/103,Pli,1,Pl,1,NA,FALSE
12575,ESSFwm_MT,ESSFwm_MT/103,Pw,3,Pw,3,NA,FALSE
12576,ESSFwm_MT,ESSFwm_MT/103,Se,2,Sx,2,NA,FALSE
12577,ESSFwm_MT,ESSFwm_MT/110,Bl,1,Bl,1,NA,FALSE
12578,ESSFwm_MT,ESSFwm_MT/110,Cw,3,Cw,3,NA,FALSE
12579,ESSFwm_MT,ESSFwm_MT/110,Hw,3,Hw,3,NA,FALSE
12580,ESSFwm_MT,ESSFwm_MT/110,Pli,3,Pl,3,NA,FALSE
12581,ESSFwm_MT,ESSFwm_MT/110,Se,1,Sx,1,NA,FALSE
12582,ESSFwm_MT,ESSFwm_MT/111,Bl,1,Bl,1,NA,FALSE
12583,ESSFwm_MT,ESSFwm_MT/111,Cw,3,Cw,3,NA,FALSE
12584,ESSFwm_MT,ESSFwm_MT/111,Hw,3,Hw,3,NA,FALSE
12585,ESSFwm_MT,ESSFwm_MT/111,Pli,3,Pl,3,NA,FALSE
12586,ESSFwm_MT,ESSFwm_MT/111,Se,1,Sx,1,NA,FALSE
12587,ESSFwm_MT,ESSFwm_MT/Ro,X,NA,X,NA,NA,FALSE
12588,ESSFwmp_MT,ESSFwmp_MT/00,X,NA,X,NA,NA,FALSE
12589,ESSFxc_CO,ESSFxc_CO/101,At,3,At,3,NA,FALSE
12590,ESSFxc_CO,ESSFxc_CO/101,Bl,1,Bl,1,NA,FALSE
12591,ESSFxc_CO,ESSFxc_CO/101,Bla,2,Bla,2,NA,FALSE
12592,ESSFxc_CO,ESSFxc_CO/101,Pli,1,Pl,1,NA,FALSE
12593,ESSFxc_CO,ESSFxc_CO/101,Se,1,Sx,1,NA,FALSE
12594,ESSFxc_CO,ESSFxc_CO/102,At,2,At,2,NA,FALSE
12595,ESSFxc_CO,ESSFxc_CO/102,Bl,2,Bl,2,NA,FALSE
12596,ESSFxc_CO,ESSFxc_CO/102,Fdi,3,Fd,3,NA,FALSE
12597,ESSFxc_CO,ESSFxc_CO/102,Pf,2,Pf,2,NA,FALSE
12598,ESSFxc_CO,ESSFxc_CO/102,Pli,2,Pl,2,NA,FALSE
12599,ESSFxc_CO,ESSFxc_CO/103,At,2,At,2,NA,FALSE
12600,ESSFxc_CO,ESSFxc_CO/103,Bl,2,Bl,2,NA,FALSE
12601,ESSFxc_CO,ESSFxc_CO/103,Fdi,3,Fd,3,NA,FALSE
12602,ESSFxc_CO,ESSFxc_CO/103,Pli,1,Pl,1,NA,FALSE
12603,ESSFxc_CO,ESSFxc_CO/103,Se,2,Sx,2,NA,FALSE
12604,ESSFxc_CO,ESSFxc_CO/110,Bl,1,Bl,1,NA,FALSE
12605,ESSFxc_CO,ESSFxc_CO/110,Pli,2,Pl,2,NA,FALSE
12606,ESSFxc_CO,ESSFxc_CO/110,Se,1,Sx,1,NA,FALSE
12607,ESSFxc_CO,ESSFxc_CO/111,Bl,1,Bl,1,NA,FALSE
12608,ESSFxc_CO,ESSFxc_CO/111,Se,1,Sx,1,NA,FALSE
12609,ESSFxc_CO,ESSFxc_CO/Ro,X,NA,X,NA,NA,FALSE
12610,ESSFxc_WA,ESSFxc_WA/101,At,3,At,3,NA,FALSE
12611,ESSFxc_WA,ESSFxc_WA/101,Bl,1,Bl,1,NA,FALSE
12612,ESSFxc_WA,ESSFxc_WA/101,La,5,La,5,NA,FALSE
12613,ESSFxc_WA,ESSFxc_WA/101,Pa,3,Pa,3,NA,FALSE
12614,ESSFxc_WA,ESSFxc_WA/101,Pli,1,Pl,1,NA,FALSE
12615,ESSFxc_WA,ESSFxc_WA/101,Se,1,Sx,1,NA,FALSE
12616,ESSFxc_WA,ESSFxc_WA/102,Bl,2,Bl,2,NA,FALSE
12617,ESSFxc_WA,ESSFxc_WA/102,Fdi,2,Fd,2,NA,FALSE
12618,ESSFxc_WA,ESSFxc_WA/102,La,3,La,3,NA,FALSE
12619,ESSFxc_WA,ESSFxc_WA/102,Pa,2,Pa,2,NA,FALSE
12620,ESSFxc_WA,ESSFxc_WA/102,Pli,1,Pl,1,NA,FALSE
12621,ESSFxc_WA,ESSFxc_WA/102,Pyi,5,Py,5,NA,FALSE
12622,ESSFxc_WA,ESSFxc_WA/103,At,3,At,3,NA,FALSE
12623,ESSFxc_WA,ESSFxc_WA/103,Bl,2,Bl,2,NA,FALSE
12624,ESSFxc_WA,ESSFxc_WA/103,Fdi,2,Fd,2,NA,FALSE
12625,ESSFxc_WA,ESSFxc_WA/103,La,3,La,3,NA,FALSE
12626,ESSFxc_WA,ESSFxc_WA/103,Pa,2,Pa,2,NA,FALSE
12627,ESSFxc_WA,ESSFxc_WA/103,Pli,1,Pl,1,NA,FALSE
12628,ESSFxc_WA,ESSFxc_WA/103,Se,3,Sx,3,NA,FALSE
12629,ESSFxc_WA,ESSFxc_WA/110,Bl,1,Bl,1,NA,FALSE
12630,ESSFxc_WA,ESSFxc_WA/110,Pli,1,Pl,1,NA,FALSE
12631,ESSFxc_WA,ESSFxc_WA/110,Se,1,Sx,1,NA,FALSE
12632,ESSFxc_WA,ESSFxc_WA/111,Bl,1,Bl,1,NA,FALSE
12633,ESSFxc_WA,ESSFxc_WA/111,Pli,3,Pl,3,NA,FALSE
12634,ESSFxc_WA,ESSFxc_WA/111,Se,1,Sx,1,NA,FALSE
12635,ESSFxc_WA,ESSFxc_WA/Ro,X,NA,X,NA,NA,FALSE
12636,ESSFxcp_CO,ESSFxcp_CO/00,X,NA,X,NA,NA,FALSE
12637,ESSFxcp_CO,ESSFxcp_CO/Ro,X,NA,X,NA,NA,FALSE
12638,ESSFxcp_WA,ESSFxcp_WA/00,X,NA,X,NA,NA,FALSE
12639,ESSFxh_WA,ESSFxh_WA/101,Bl,2,Bl,2,NA,FALSE
12640,ESSFxh_WA,ESSFxh_WA/101,Fdi,2,Fd,2,NA,FALSE
12641,ESSFxh_WA,ESSFxh_WA/101,Lw,2,Lw,2,NA,FALSE
12642,ESSFxh_WA,ESSFxh_WA/101,Pli,1,Pl,1,NA,FALSE
12643,ESSFxh_WA,ESSFxh_WA/101,Se,3,Sx,3,NA,FALSE
12644,ESSFxh_WA,ESSFxh_WA/102,Bl,3,Bl,3,NA,FALSE
12645,ESSFxh_WA,ESSFxh_WA/102,Fdi,2,Fd,2,NA,FALSE
12646,ESSFxh_WA,ESSFxh_WA/102,La,3,La,3,NA,FALSE
12647,ESSFxh_WA,ESSFxh_WA/102,Pli,2,Pl,2,NA,FALSE
12648,ESSFxh_WA,ESSFxh_WA/103,Bl,2,Bl,2,NA,FALSE
12649,ESSFxh_WA,ESSFxh_WA/103,Fdi,1,Fd,1,NA,FALSE
12650,ESSFxh_WA,ESSFxh_WA/103,La,3,La,3,NA,FALSE
12651,ESSFxh_WA,ESSFxh_WA/103,Lw,2,Lw,2,NA,FALSE
12652,ESSFxh_WA,ESSFxh_WA/103,Pli,1,Pl,1,NA,FALSE
12653,ESSFxh_WA,ESSFxh_WA/110,Bl,1,Bl,1,NA,FALSE
12654,ESSFxh_WA,ESSFxh_WA/110,Fdi,3,Fd,3,NA,FALSE
12655,ESSFxh_WA,ESSFxh_WA/110,Lw,3,Lw,3,NA,FALSE
12656,ESSFxh_WA,ESSFxh_WA/110,Pli,2,Pl,2,NA,FALSE
12657,ESSFxh_WA,ESSFxh_WA/110,Se,3,Sx,3,NA,FALSE
12658,ESSFxh_WA,ESSFxh_WA/111,Bl,1,Bl,1,NA,FALSE
12659,ESSFxh_WA,ESSFxh_WA/111,Fdi,5,Fd,5,NA,FALSE
12660,ESSFxh_WA,ESSFxh_WA/111,Pli,3,Pl,3,NA,FALSE
12661,ESSFxh_WA,ESSFxh_WA/111,Se,1,Sx,1,NA,FALSE
12662,ESSFxh_WA,ESSFxh_WA/Ro,X,NA,X,NA,NA,FALSE
12663,ESSFxk_MT,ESSFxk_MT/101,Bl,2,Bl,2,NA,FALSE
12664,ESSFxk_MT,ESSFxk_MT/101,Fdi,3,Fd,3,NA,FALSE
12665,ESSFxk_MT,ESSFxk_MT/101,Pa,1,Pa,1,NA,FALSE
12666,ESSFxk_MT,ESSFxk_MT/101,Pli,1,Pl,1,NA,FALSE
12667,ESSFxk_MT,ESSFxk_MT/101,Se,1,Sx,1,NA,FALSE
12668,ESSFxk_MT,ESSFxk_MT/102,Bl,3,Bl,3,NA,FALSE
12669,ESSFxk_MT,ESSFxk_MT/102,Fdi,2,Fd,2,NA,FALSE
12670,ESSFxk_MT,ESSFxk_MT/102,Pa,2,Pa,2,NA,FALSE
12671,ESSFxk_MT,ESSFxk_MT/102,Pf,2,Pf,2,NA,FALSE
12672,ESSFxk_MT,ESSFxk_MT/102,Pli,2,Pl,2,NA,FALSE
12673,ESSFxk_MT,ESSFxk_MT/102,Se,3,Sx,3,NA,FALSE
12674,ESSFxk_MT,ESSFxk_MT/103,Bl,2,Bl,2,NA,FALSE
12675,ESSFxk_MT,ESSFxk_MT/103,Fdi,2,Fd,2,NA,FALSE
12676,ESSFxk_MT,ESSFxk_MT/103,Pa,2,Pa,2,NA,FALSE
12677,ESSFxk_MT,ESSFxk_MT/103,Pli,1,Pl,1,NA,FALSE
12678,ESSFxk_MT,ESSFxk_MT/103,Se,2,Sx,2,NA,FALSE
12679,ESSFxk_MT,ESSFxk_MT/110,Bl,1,Bl,1,NA,FALSE
12680,ESSFxk_MT,ESSFxk_MT/110,Pa,2,Pa,2,NA,FALSE
12681,ESSFxk_MT,ESSFxk_MT/110,Pli,1,Pl,1,NA,FALSE
12682,ESSFxk_MT,ESSFxk_MT/110,Se,1,Sx,1,NA,FALSE
12683,ESSFxk_MT,ESSFxk_MT/111,Bl,1,Bl,1,NA,FALSE
12684,ESSFxk_MT,ESSFxk_MT/111,Pa,5,Pa,5,NA,FALSE
12685,ESSFxk_MT,ESSFxk_MT/111,Pli,2,Pl,2,NA,FALSE
12686,ESSFxk_MT,ESSFxk_MT/111,Se,1,Sx,1,NA,FALSE
12687,ESSFxk_MT,ESSFxk_MT/Ro,X,NA,X,NA,NA,FALSE
12688,ESSFxk_UT,ESSFxk_UT/101,At,3,At,3,NA,FALSE
12689,ESSFxk_UT,ESSFxk_UT/101,Bl,1,Bl,1,NA,FALSE
12690,ESSFxk_UT,ESSFxk_UT/101,Pli,1,Pl,1,NA,FALSE
12691,ESSFxk_UT,ESSFxk_UT/101,Se,1,Sx,1,NA,FALSE
12692,ESSFxk_UT,ESSFxk_UT/102,At,2,At,2,NA,FALSE
12693,ESSFxk_UT,ESSFxk_UT/102,Bl,2,Bl,2,NA,FALSE
12694,ESSFxk_UT,ESSFxk_UT/102,Fdi,3,Fd,3,NA,FALSE
12695,ESSFxk_UT,ESSFxk_UT/102,Pf,2,Pf,2,NA,FALSE
12696,ESSFxk_UT,ESSFxk_UT/102,Pli,2,Pl,2,NA,FALSE
12697,ESSFxk_UT,ESSFxk_UT/103,At,2,At,2,NA,FALSE
12698,ESSFxk_UT,ESSFxk_UT/103,Bl,2,Bl,2,NA,FALSE
12699,ESSFxk_UT,ESSFxk_UT/103,Fdi,3,Fd,3,NA,FALSE
12700,ESSFxk_UT,ESSFxk_UT/103,Pli,1,Pl,1,NA,FALSE
12701,ESSFxk_UT,ESSFxk_UT/103,Se,2,Sx,2,NA,FALSE
12702,ESSFxk_UT,ESSFxk_UT/110,Bl,1,Bl,1,NA,FALSE
12703,ESSFxk_UT,ESSFxk_UT/110,Pli,2,Pl,2,NA,FALSE
12704,ESSFxk_UT,ESSFxk_UT/110,Se,1,Sx,1,NA,FALSE
12705,ESSFxk_UT,ESSFxk_UT/111,Bl,1,Bl,1,NA,FALSE
12706,ESSFxk_UT,ESSFxk_UT/111,Se,1,Sx,1,NA,FALSE
12707,ESSFxk_UT,ESSFxk_UT/Ro,X,NA,X,NA,NA,FALSE
12708,ESSFxk_WY,ESSFxk_WY/101,Bl,2,Bl,2,NA,FALSE
12709,ESSFxk_WY,ESSFxk_WY/101,Fdi,3,Fd,3,NA,FALSE
12710,ESSFxk_WY,ESSFxk_WY/101,Pa,1,Pa,1,NA,FALSE
12711,ESSFxk_WY,ESSFxk_WY/101,Pli,1,Pl,1,NA,FALSE
12712,ESSFxk_WY,ESSFxk_WY/101,Se,1,Sx,1,NA,FALSE
12713,ESSFxk_WY,ESSFxk_WY/102,Bl,3,Bl,3,NA,FALSE
12714,ESSFxk_WY,ESSFxk_WY/102,Fdi,2,Fd,2,NA,FALSE
12715,ESSFxk_WY,ESSFxk_WY/102,Pa,2,Pa,2,NA,FALSE
12716,ESSFxk_WY,ESSFxk_WY/102,Pf,2,Pf,2,NA,FALSE
12717,ESSFxk_WY,ESSFxk_WY/102,Pli,2,Pl,2,NA,FALSE
12718,ESSFxk_WY,ESSFxk_WY/102,Se,3,Sx,3,NA,FALSE
12719,ESSFxk_WY,ESSFxk_WY/103,Bl,2,Bl,2,NA,FALSE
12720,ESSFxk_WY,ESSFxk_WY/103,Fdi,2,Fd,2,NA,FALSE
12721,ESSFxk_WY,ESSFxk_WY/103,Pa,2,Pa,2,NA,FALSE
12722,ESSFxk_WY,ESSFxk_WY/103,Pli,1,Pl,1,NA,FALSE
12723,ESSFxk_WY,ESSFxk_WY/103,Se,2,Sx,2,NA,FALSE
12724,ESSFxk_WY,ESSFxk_WY/110,Bl,1,Bl,1,NA,FALSE
12725,ESSFxk_WY,ESSFxk_WY/110,Pa,2,Pa,2,NA,FALSE
12726,ESSFxk_WY,ESSFxk_WY/110,Pli,1,Pl,1,NA,FALSE
12727,ESSFxk_WY,ESSFxk_WY/110,Se,1,Sx,1,NA,FALSE
12728,ESSFxk_WY,ESSFxk_WY/111,Bl,1,Bl,1,NA,FALSE
12729,ESSFxk_WY,ESSFxk_WY/111,Pa,5,Pa,5,NA,FALSE
12730,ESSFxk_WY,ESSFxk_WY/111,Pli,2,Pl,2,NA,FALSE
12731,ESSFxk_WY,ESSFxk_WY/111,Se,1,Sx,1,NA,FALSE
12732,ESSFxk_WY,ESSFxk_WY/Ro,X,NA,X,NA,NA,FALSE
12733,ESSFxkp_MT,ESSFxkp_MT/00,X,NA,X,NA,NA,FALSE
12734,ESSFxkp_MT,ESSFxkp_MT/Ro,X,NA,X,NA,NA,FALSE
12735,ESSFxkp_UT,ESSFxkp_UT/00,X,NA,X,NA,NA,FALSE
12736,ESSFxkp_UT,ESSFxkp_UT/Ro,X,NA,X,NA,NA,FALSE
12737,ESSFxkp_WY,ESSFxkp_WY/00,X,NA,X,NA,NA,FALSE
12738,ESSFxkp_WY,ESSFxkp_WY/Ro,X,NA,X,NA,NA,FALSE
12739,ESSFxw_OR,ESSFxw_OR/101,Bg,3,Bg,3,NA,FALSE
12740,ESSFxw_OR,ESSFxw_OR/101,Bl,1,Bl,1,NA,FALSE
12741,ESSFxw_OR,ESSFxw_OR/101,Pa,3,Pa,3,NA,FALSE
12742,ESSFxw_OR,ESSFxw_OR/101,Pli,1,Pl,1,NA,FALSE
12743,ESSFxw_OR,ESSFxw_OR/101,Se,2,Sx,2,NA,FALSE
12744,ESSFxw_OR,ESSFxw_OR/102,Bl,2,Bl,2,NA,FALSE
12745,ESSFxw_OR,ESSFxw_OR/102,Fdi,3,Fd,3,NA,FALSE
12746,ESSFxw_OR,ESSFxw_OR/102,Lw,3,Lw,3,NA,FALSE
12747,ESSFxw_OR,ESSFxw_OR/102,Pa,2,Pa,2,NA,FALSE
12748,ESSFxw_OR,ESSFxw_OR/102,Pli,2,Pl,2,NA,FALSE
12749,ESSFxw_OR,ESSFxw_OR/102,Pyi,3,Py,3,NA,FALSE
12750,ESSFxw_OR,ESSFxw_OR/103,At,3,At,3,NA,FALSE
12751,ESSFxw_OR,ESSFxw_OR/103,Bl,1,Bl,1,NA,FALSE
12752,ESSFxw_OR,ESSFxw_OR/103,Fdi,2,Fd,2,NA,FALSE
12753,ESSFxw_OR,ESSFxw_OR/103,Lw,3,Lw,3,NA,FALSE
12754,ESSFxw_OR,ESSFxw_OR/103,Pa,2,Pa,2,NA,FALSE
12755,ESSFxw_OR,ESSFxw_OR/103,Pli,2,Pl,2,NA,FALSE
12756,ESSFxw_OR,ESSFxw_OR/103,Se,3,Sx,3,NA,FALSE
12757,ESSFxw_OR,ESSFxw_OR/110,Bl,1,Bl,1,NA,FALSE
12758,ESSFxw_OR,ESSFxw_OR/110,Pli,2,Pl,2,NA,FALSE
12759,ESSFxw_OR,ESSFxw_OR/110,Se,1,Sx,1,NA,FALSE
12760,ESSFxw_OR,ESSFxw_OR/111,Bl,1,Bl,1,NA,FALSE
12761,ESSFxw_OR,ESSFxw_OR/111,Pli,3,Pl,3,NA,FALSE
12762,ESSFxw_OR,ESSFxw_OR/111,Se,1,Sx,1,NA,FALSE
12763,ESSFxw_OR,ESSFxw_OR/Ro,X,NA,X,NA,NA,FALSE
12764,ESSFxwp_OR,ESSFxwp_OR/00,X,NA,X,NA,NA,FALSE
12765,ESSFxx_WY,ESSFxx_WY/101,At,3,At,3,NA,FALSE
12766,ESSFxx_WY,ESSFxx_WY/101,Bl,1,Bl,1,NA,FALSE
12767,ESSFxx_WY,ESSFxx_WY/101,Pa,3,Pa,3,NA,FALSE
12768,ESSFxx_WY,ESSFxx_WY/101,Pli,1,Pl,1,NA,FALSE
12769,ESSFxx_WY,ESSFxx_WY/101,Se,1,Sx,1,NA,FALSE
12770,ESSFxx_WY,ESSFxx_WY/102,Fdi,3,Fd,3,NA,FALSE
12771,ESSFxx_WY,ESSFxx_WY/102,Pa,3,Pa,3,NA,FALSE
12772,ESSFxx_WY,ESSFxx_WY/102,Pf,2,Pf,2,NA,FALSE
12773,ESSFxx_WY,ESSFxx_WY/102,Pli,2,Pl,2,NA,FALSE
12774,ESSFxx_WY,ESSFxx_WY/103,Bl,2,Bl,2,NA,FALSE
12775,ESSFxx_WY,ESSFxx_WY/103,Fdi,3,Fd,3,NA,FALSE
12776,ESSFxx_WY,ESSFxx_WY/103,Pa,2,Pa,2,NA,FALSE
12777,ESSFxx_WY,ESSFxx_WY/103,Pli,1,Pl,1,NA,FALSE
12778,ESSFxx_WY,ESSFxx_WY/103,Se,1,Sx,1,NA,FALSE
12779,ESSFxx_WY,ESSFxx_WY/110,Bl,1,Bl,1,NA,FALSE
12780,ESSFxx_WY,ESSFxx_WY/110,Pa,3,Pa,3,NA,FALSE
12781,ESSFxx_WY,ESSFxx_WY/110,Pli,2,Pl,2,NA,FALSE
12782,ESSFxx_WY,ESSFxx_WY/110,Se,1,Sx,1,NA,FALSE
12783,ESSFxx_WY,ESSFxx_WY/111,Bl,1,Bl,1,NA,FALSE
12784,ESSFxx_WY,ESSFxx_WY/111,Pli,2,Pl,2,NA,FALSE
12785,ESSFxx_WY,ESSFxx_WY/111,Se,1,Sx,1,NA,FALSE
12786,ESSFxx_WY,ESSFxx_WY/Ro,X,NA,X,NA,NA,FALSE
12787,ESSFxxp_WY,ESSFxxp_WY/00,X,NA,X,NA,NA,FALSE
12788,ESSFxxp_WY,ESSFxxp_WY/Ro,X,NA,X,NA,NA,FALSE
12789,GBDdw_UT,GBDdw_UT/110,Ju,1,Ju,1,NA,FALSE
12790,GBDdw_UT,GBDdw_UT/110,Pe,2,Pe,5,WHM,FALSE
12791,GBDdw_UT,GBDdw_UT/110,Pn,2,Pn,5,WHM,FALSE
12792,GBDdw_UT,GBDdw_UT/110,Pn,NA,Pn,5,WHM,FALSE
12793,GBDdw_UT,GBDdw_UT/111,Aa,3,Aa,3,NA,FALSE
12794,GBDdw_UT,GBDdw_UT/111,Adm,3,Adm,3,NA,FALSE
12795,GBDdw_UT,GBDdw_UT/111,Af,1,Af,1,NA,FALSE
12796,GBDdw_UT,GBDdw_UT/Gg,X,NA,X,NA,NA,FALSE
12797,GBDdw_UT,GBDdw_UT/Ro,X,NA,X,NA,NA,FALSE
12798,GBDxh_NV,GBDxh_NV/110,Ju,1,Ju,1,NA,FALSE
12799,GBDxh_NV,GBDxh_NV/110,Pe,2,Pe,5,WHM,FALSE
12800,GBDxh_NV,GBDxh_NV/110,Pn,2,Pn,2,dvm26,FALSE
12801,GBDxh_NV,GBDxh_NV/111,Aa,3,Aa,3,NA,FALSE
12802,GBDxh_NV,GBDxh_NV/111,Adm,3,Adm,5,dvm26,FALSE
12803,GBDxh_NV,GBDxh_NV/111,Af,1,Af,1,NA,FALSE
12804,GBDxh_NV,GBDxh_NV/Gg,X,NA,X,NA,NA,FALSE
12805,GBDxh_NV,GBDxh_NV/Gs,X,NA,X,NA,NA,FALSE
12806,GBDxh_NV,GBDxh_NV/Ro,X,NA,X,NA,NA,FALSE
12807,GBDxx_UT,GBDxx_UT/110,Pf,1,Pf,5,dvm26,FALSE
12808,GBDxx_UT,GBDxx_UT/110,Pli,1,Pl,5,dvm26,FALSE
12809,GBDxx_UT,GBDxx_UT/111,Aa,3,Aa,3,NA,FALSE
12810,GBDxx_UT,GBDxx_UT/111,Af,1,Af,1,NA,FALSE
12811,GBDxx_UT,GBDxx_UT/Gg,X,NA,X,NA,NA,FALSE
12812,GBDxx_UT,GBDxx_UT/Gs,X,NA,X,NA,NA,FALSE
12813,GBDxx_UT,GBDxx_UT/Ro,X,NA,X,NA,NA,FALSE
12814,GOun_CO,GOun_CO/101,At,3,At,3,NA,FALSE
12815,GOun_CO,GOun_CO/101,Jr,3,Jr,3,NA,FALSE
12816,GOun_CO,GOun_CO/101,Qa,1,Qa,1,NA,FALSE
12817,GOun_CO,GOun_CO/102,Jr,3,Jr,3,NA,FALSE
12818,GOun_CO,GOun_CO/102,Ju,1,Ju,1,NA,FALSE
12819,GOun_CO,GOun_CO/102,Om,3,Om,3,NA,FALSE
12820,GOun_CO,GOun_CO/102,Pe,2,Pe,2,NA,FALSE
12821,GOun_CO,GOun_CO/102,Qa,1,Qa,1,NA,FALSE
12822,GOun_CO,GOun_CO/110,Act,3,Ac,3,NA,FALSE
12823,GOun_CO,GOun_CO/110,At,2,At,2,NA,FALSE
12824,GOun_CO,GOun_CO/110,Fdi,2,Fd,2,NA,FALSE
12825,GOun_CO,GOun_CO/110,Jr,3,Jr,3,NA,FALSE
12826,GOun_CO,GOun_CO/110,Pyi,2,Py,2,NA,FALSE
12827,GOun_CO,GOun_CO/110,Qa,1,Qa,1,NA,FALSE
12828,GOun_CO,GOun_CO/111,Aa,2,Aa,2,NA,FALSE
12829,GOun_CO,GOun_CO/111,Act,1,Ac,1,NA,FALSE
12830,GOun_CO,GOun_CO/111,Bc,3,Bc,3,NA,FALSE
12831,GOun_CO,GOun_CO/111,Fdi,3,Fd,3,NA,FALSE
12832,GOun_CO,GOun_CO/111,Jr,3,Jr,3,NA,FALSE
12833,GOun_CO,GOun_CO/111,Mt,3,Mt,3,NA,FALSE
12834,GOun_CO,GOun_CO/111,Qa,2,Qa,2,NA,FALSE
12835,GOun_CO,GOun_CO/Ro,X,NA,X,NA,NA,FALSE
12836,ICHdh_ID,ICHdh_ID/101,At,3,At,3,NA,FALSE
12837,ICHdh_ID,ICHdh_ID/101,Bg,1,Bg,1,NA,FALSE
12838,ICHdh_ID,ICHdh_ID/101,Cw,1,Cw,1,NA,FALSE
12839,ICHdh_ID,ICHdh_ID/101,Ep,3,Ep,3,NA,FALSE
12840,ICHdh_ID,ICHdh_ID/101,Fdi,1,Fd,1,NA,FALSE
12841,ICHdh_ID,ICHdh_ID/101,Lw,1,Lw,1,NA,FALSE
12842,ICHdh_ID,ICHdh_ID/101,Pli,1,Pl,1,NA,FALSE
12843,ICHdh_ID,ICHdh_ID/101,Pw,2,Pw,2,NA,FALSE
12844,ICHdh_ID,ICHdh_ID/101,Pyi,3,Py,3,NA,FALSE
12845,ICHdh_ID,ICHdh_ID/102,Fdi,2,Fd,2,NA,FALSE
12846,ICHdh_ID,ICHdh_ID/102,Pyi,1,Py,1,NA,FALSE
12847,ICHdh_ID,ICHdh_ID/103,At,3,At,3,NA,FALSE
12848,ICHdh_ID,ICHdh_ID/103,Bg,3,Bg,3,NA,FALSE
12849,ICHdh_ID,ICHdh_ID/103,Ep,3,Ep,3,NA,FALSE
12850,ICHdh_ID,ICHdh_ID/103,Fdi,1,Fd,1,NA,FALSE
12851,ICHdh_ID,ICHdh_ID/103,Lw,NA,Lw,2,DVM,NA
12852,ICHdh_ID,ICHdh_ID/103,Pli,2,Pl,2,NA,FALSE
12853,ICHdh_ID,ICHdh_ID/103,Pw,2,Pw,5,DVM,FALSE
12854,ICHdh_ID,ICHdh_ID/103,Pyi,2,Py,2,NA,FALSE
12855,ICHdh_ID,ICHdh_ID/110,Bg,2,Bg,2,NA,FALSE
12856,ICHdh_ID,ICHdh_ID/110,Bl,3,Bl,3,NA,FALSE
12857,ICHdh_ID,ICHdh_ID/110,Cw,1,Cw,1,NA,FALSE
12858,ICHdh_ID,ICHdh_ID/110,Ep,3,Ep,3,NA,FALSE
12859,ICHdh_ID,ICHdh_ID/110,Fdi,1,Fd,1,NA,FALSE
12860,ICHdh_ID,ICHdh_ID/110,Hw,2,Hw,3,DVM,FALSE
12861,ICHdh_ID,ICHdh_ID/110,Lw,2,Lw,2,NA,FALSE
12862,ICHdh_ID,ICHdh_ID/110,Pli,2,Pl,2,NA,FALSE
12863,ICHdh_ID,ICHdh_ID/110,Pw,2,Pw,2,NA,FALSE
12864,ICHdh_ID,ICHdh_ID/110,Sxw,2,Sx,2,NA,FALSE
12865,ICHdh_ID,ICHdh_ID/111,Bg,2,Bg,2,NA,FALSE
12866,ICHdh_ID,ICHdh_ID/111,Bl,2,Bl,2,NA,FALSE
12867,ICHdh_ID,ICHdh_ID/111,Cw,1,Cw,1,NA,FALSE
12868,ICHdh_ID,ICHdh_ID/111,Ep,3,Ep,3,NA,FALSE
12869,ICHdh_ID,ICHdh_ID/111,Fdi,2,Fd,2,NA,FALSE
12870,ICHdh_ID,ICHdh_ID/111,Hw,2,Hw,3,DVM,FALSE
12871,ICHdh_ID,ICHdh_ID/111,Pw,3,Pw,3,NA,FALSE
12872,ICHdh_ID,ICHdh_ID/111,Sxw,1,Sx,1,NA,FALSE
12873,ICHdh_ID,ICHdh_ID/112,Bg,2,Bg,2,NA,FALSE
12874,ICHdh_ID,ICHdh_ID/112,Bl,3,Bl,3,NA,FALSE
12875,ICHdh_ID,ICHdh_ID/112,Cw,1,Cw,1,NA,FALSE
12876,ICHdh_ID,ICHdh_ID/112,Ep,2,Ep,2,NA,FALSE
12877,ICHdh_ID,ICHdh_ID/112,Fdi,1,Fd,1,NA,FALSE
12878,ICHdh_ID,ICHdh_ID/112,Hw,3,Hw,3,NA,FALSE
12879,ICHdh_ID,ICHdh_ID/112,Lw,2,Lw,2,NA,FALSE
12880,ICHdh_ID,ICHdh_ID/112,Pli,3,Pl,3,NA,FALSE
12881,ICHdh_ID,ICHdh_ID/112,Pw,2,Pw,2,NA,FALSE
12882,ICHdh_ID,ICHdh_ID/112,Sxw,2,Sx,2,NA,FALSE
12883,ICHdh_ID,ICHdh_ID/113,Act,2,Ac,2,NA,FALSE
12884,ICHdh_ID,ICHdh_ID/113,Bg,2,Bg,2,NA,FALSE
12885,ICHdh_ID,ICHdh_ID/113,Bl,3,Bl,3,NA,FALSE
12886,ICHdh_ID,ICHdh_ID/113,Cw,1,Cw,1,NA,FALSE
12887,ICHdh_ID,ICHdh_ID/113,Ep,2,Ep,2,NA,FALSE
12888,ICHdh_ID,ICHdh_ID/113,Fdi,2,Fd,2,NA,FALSE
12889,ICHdh_ID,ICHdh_ID/113,Hw,3,Hw,3,NA,FALSE
12890,ICHdh_ID,ICHdh_ID/113,Pw,3,Pw,3,NA,FALSE
12891,ICHdh_ID,ICHdh_ID/113,Sxw,2,Sx,2,NA,FALSE
12892,ICHdh_ID,ICHdh_ID/Ro,X,NA,X,NA,NA,FALSE
12893,ICHdw_ID,ICHdw_ID/101,At,2,At,2,NA,FALSE
12894,ICHdw_ID,ICHdw_ID/101,Bg,1,Bg,1,NA,FALSE
12895,ICHdw_ID,ICHdw_ID/101,Cw,2,Cw,2,NA,FALSE
12896,ICHdw_ID,ICHdw_ID/101,Ep,3,Ep,3,NA,FALSE
12897,ICHdw_ID,ICHdw_ID/101,Fdi,1,Fd,1,NA,FALSE
12898,ICHdw_ID,ICHdw_ID/101,Hw,2,Hw,2,NA,FALSE
12899,ICHdw_ID,ICHdw_ID/101,Lw,1,Lw,1,NA,FALSE
12900,ICHdw_ID,ICHdw_ID/101,Pli,2,Pl,2,NA,FALSE
12901,ICHdw_ID,ICHdw_ID/101,Pw,2,Pw,2,NA,FALSE
12902,ICHdw_ID,ICHdw_ID/101,Pyi,3,Py,3,NA,FALSE
12903,ICHdw_ID,ICHdw_ID/101,Sxw,3,Sx,3,NA,FALSE
12904,ICHdw_ID,ICHdw_ID/102,Fdi,1,Fd,1,NA,FALSE
12905,ICHdw_ID,ICHdw_ID/102,Pyi,1,Py,1,NA,FALSE
12906,ICHdw_ID,ICHdw_ID/103,Bg,3,Bg,3,NA,FALSE
12907,ICHdw_ID,ICHdw_ID/103,Fdi,1,Fd,1,NA,FALSE
12908,ICHdw_ID,ICHdw_ID/103,Lw,2,Lw,2,NA,FALSE
12909,ICHdw_ID,ICHdw_ID/103,Pli,3,Pl,3,NA,FALSE
12910,ICHdw_ID,ICHdw_ID/103,Pw,3,Pw,3,NA,FALSE
12911,ICHdw_ID,ICHdw_ID/103,Pyi,2,Py,2,NA,FALSE
12912,ICHdw_ID,ICHdw_ID/110,At,3,At,3,NA,FALSE
12913,ICHdw_ID,ICHdw_ID/110,Bg,1,Bg,1,NA,FALSE
12914,ICHdw_ID,ICHdw_ID/110,Bl,3,Bl,3,NA,FALSE
12915,ICHdw_ID,ICHdw_ID/110,Cw,1,Cw,1,NA,FALSE
12916,ICHdw_ID,ICHdw_ID/110,Ep,3,Ep,3,NA,FALSE
12917,ICHdw_ID,ICHdw_ID/110,Fdi,1,Fd,1,NA,FALSE
12918,ICHdw_ID,ICHdw_ID/110,Hw,2,Hw,2,NA,FALSE
12919,ICHdw_ID,ICHdw_ID/110,Lw,1,Lw,1,NA,FALSE
12920,ICHdw_ID,ICHdw_ID/110,Pw,1,Pw,1,NA,FALSE
12921,ICHdw_ID,ICHdw_ID/110,Sxw,3,Sx,3,NA,FALSE
12922,ICHdw_ID,ICHdw_ID/111,Act,5,Ac,5,NA,FALSE
12923,ICHdw_ID,ICHdw_ID/111,At,2,At,2,NA,FALSE
12924,ICHdw_ID,ICHdw_ID/111,Bg,1,Bg,1,NA,FALSE
12925,ICHdw_ID,ICHdw_ID/111,Bl,5,Bl,5,NA,FALSE
12926,ICHdw_ID,ICHdw_ID/111,Cw,1,Cw,1,NA,FALSE
12927,ICHdw_ID,ICHdw_ID/111,Ep,2,Ep,2,NA,FALSE
12928,ICHdw_ID,ICHdw_ID/111,Fdi,1,Fd,1,NA,FALSE
12929,ICHdw_ID,ICHdw_ID/111,Hw,3,Hw,3,NA,FALSE
12930,ICHdw_ID,ICHdw_ID/111,Lw,2,Lw,2,NA,FALSE
12931,ICHdw_ID,ICHdw_ID/111,Pw,1,Pw,1,NA,FALSE
12932,ICHdw_ID,ICHdw_ID/111,Sxw,2,Sx,2,NA,FALSE
12933,ICHdw_ID,ICHdw_ID/112,Bg,2,Bg,2,NA,FALSE
12934,ICHdw_ID,ICHdw_ID/112,Bl,2,Bl,2,NA,FALSE
12935,ICHdw_ID,ICHdw_ID/112,Cw,1,Cw,1,NA,FALSE
12936,ICHdw_ID,ICHdw_ID/112,Ep,3,Ep,3,NA,FALSE
12937,ICHdw_ID,ICHdw_ID/112,Hw,2,Hw,2,NA,FALSE
12938,ICHdw_ID,ICHdw_ID/112,Sxw,1,Sx,1,NA,FALSE
12939,ICHdw_ID,ICHdw_ID/113,Act,2,Ac,2,NA,FALSE
12940,ICHdw_ID,ICHdw_ID/113,Bl,3,Bl,3,NA,FALSE
12941,ICHdw_ID,ICHdw_ID/113,Cw,1,Cw,1,NA,FALSE
12942,ICHdw_ID,ICHdw_ID/113,Ep,2,Ep,2,NA,FALSE
12943,ICHdw_ID,ICHdw_ID/113,Hw,3,Hw,3,NA,FALSE
12944,ICHdw_ID,ICHdw_ID/113,Sxw,2,Sx,2,NA,FALSE
12945,ICHdw_ID,ICHdw_ID/Ro,X,NA,X,NA,NA,FALSE
12946,ICHmh_MT,ICHmh_MT/101,At,2,At,2,NA,FALSE
12947,ICHmh_MT,ICHmh_MT/101,Cw,1,Cw,1,NA,FALSE
12948,ICHmh_MT,ICHmh_MT/101,Ep,2,Ep,2,NA,FALSE
12949,ICHmh_MT,ICHmh_MT/101,Fdi,1,Fd,1,NA,FALSE
12950,ICHmh_MT,ICHmh_MT/101,Hw,3,Hw,3,NA,FALSE
12951,ICHmh_MT,ICHmh_MT/101,Lw,1,Lw,1,NA,FALSE
12952,ICHmh_MT,ICHmh_MT/101,Pli,2,Pl,2,NA,FALSE
12953,ICHmh_MT,ICHmh_MT/101,Pw,2,Pw,2,NA,FALSE
12954,ICHmh_MT,ICHmh_MT/101,Sxw,2,Sx,2,NA,FALSE
12955,ICHmh_MT,ICHmh_MT/102,Ep,2,Ep,2,NA,FALSE
12956,ICHmh_MT,ICHmh_MT/102,Fdi,1,Fd,1,NA,FALSE
12957,ICHmh_MT,ICHmh_MT/102,Lw,3,Lw,3,NA,FALSE
12958,ICHmh_MT,ICHmh_MT/102,Pyi,2,Py,2,NA,FALSE
12959,ICHmh_MT,ICHmh_MT/103,Bl,3,Bl,3,NA,FALSE
12960,ICHmh_MT,ICHmh_MT/103,Fdi,1,Fd,1,NA,FALSE
12961,ICHmh_MT,ICHmh_MT/103,Lw,1,Lw,1,NA,FALSE
12962,ICHmh_MT,ICHmh_MT/103,Pli,1,Pl,1,NA,FALSE
12963,ICHmh_MT,ICHmh_MT/103,Pw,2,Pw,2,NA,FALSE
12964,ICHmh_MT,ICHmh_MT/103,Pyi,3,Py,3,NA,FALSE
12965,ICHmh_MT,ICHmh_MT/103,Sxw,3,Sx,3,NA,FALSE
12966,ICHmh_MT,ICHmh_MT/110,At,2,At,2,NA,FALSE
12967,ICHmh_MT,ICHmh_MT/110,Bl,3,Bl,3,NA,FALSE
12968,ICHmh_MT,ICHmh_MT/110,Cw,2,Cw,2,NA,FALSE
12969,ICHmh_MT,ICHmh_MT/110,Ep,2,Ep,2,NA,FALSE
12970,ICHmh_MT,ICHmh_MT/110,Fdi,1,Fd,1,NA,FALSE
12971,ICHmh_MT,ICHmh_MT/110,Hw,2,Hw,2,NA,FALSE
12972,ICHmh_MT,ICHmh_MT/110,Lw,1,Lw,1,NA,FALSE
12973,ICHmh_MT,ICHmh_MT/110,Pli,2,Pl,2,NA,FALSE
12974,ICHmh_MT,ICHmh_MT/110,Pw,2,Pw,2,NA,FALSE
12975,ICHmh_MT,ICHmh_MT/110,Sxw,2,Sx,2,NA,FALSE
12976,ICHmh_MT,ICHmh_MT/111,Act,3,Ac,3,NA,FALSE
12977,ICHmh_MT,ICHmh_MT/111,Bl,1,Bl,1,NA,FALSE
12978,ICHmh_MT,ICHmh_MT/111,Cw,2,Cw,2,NA,FALSE
12979,ICHmh_MT,ICHmh_MT/111,Ep,5,Ep,5,NA,FALSE
12980,ICHmh_MT,ICHmh_MT/111,Hw,3,Hw,3,NA,FALSE
12981,ICHmh_MT,ICHmh_MT/111,Pw,3,Pw,3,NA,FALSE
12982,ICHmh_MT,ICHmh_MT/111,Sxw,1,Sx,1,NA,FALSE
12983,ICHmh_MT,ICHmh_MT/112,At,2,At,2,NA,FALSE
12984,ICHmh_MT,ICHmh_MT/112,Bl,2,Bl,2,NA,FALSE
12985,ICHmh_MT,ICHmh_MT/112,Cw,1,Cw,1,NA,FALSE
12986,ICHmh_MT,ICHmh_MT/112,Ep,2,Ep,2,NA,FALSE
12987,ICHmh_MT,ICHmh_MT/112,Fdi,1,Fd,1,NA,FALSE
12988,ICHmh_MT,ICHmh_MT/112,Hw,2,Hw,2,NA,FALSE
12989,ICHmh_MT,ICHmh_MT/112,Lw,1,Lw,1,NA,FALSE
12990,ICHmh_MT,ICHmh_MT/112,Pli,3,Pl,3,NA,FALSE
12991,ICHmh_MT,ICHmh_MT/112,Pw,2,Pw,2,NA,FALSE
12992,ICHmh_MT,ICHmh_MT/112,Sxw,2,Sx,2,NA,FALSE
12993,ICHmh_MT,ICHmh_MT/113,Act,2,Ac,2,NA,FALSE
12994,ICHmh_MT,ICHmh_MT/113,Bl,3,Bl,3,NA,FALSE
12995,ICHmh_MT,ICHmh_MT/113,Cw,2,Cw,2,NA,FALSE
12996,ICHmh_MT,ICHmh_MT/113,Ep,2,Ep,2,NA,FALSE
12997,ICHmh_MT,ICHmh_MT/113,Pw,3,Pw,3,NA,FALSE
12998,ICHmh_MT,ICHmh_MT/113,Sxw,1,Sx,1,NA,FALSE
12999,ICHmh_MT,ICHmh_MT/Ro,X,NA,X,NA,NA,FALSE
13000,ICHmw_MT,ICHmw_MT/101,At,2,At,2,NA,FALSE
13001,ICHmw_MT,ICHmw_MT/101,Bg,2,Bg,2,NA,FALSE
13002,ICHmw_MT,ICHmw_MT/101,Bl,3,Bl,3,NA,FALSE
13003,ICHmw_MT,ICHmw_MT/101,Cw,2,Cw,2,NA,FALSE
13004,ICHmw_MT,ICHmw_MT/101,Ep,3,Ep,3,NA,FALSE
13005,ICHmw_MT,ICHmw_MT/101,Fdi,1,Fd,1,NA,FALSE
13006,ICHmw_MT,ICHmw_MT/101,Hw,2,Hw,2,NA,FALSE
13007,ICHmw_MT,ICHmw_MT/101,Lw,1,Lw,1,NA,FALSE
13008,ICHmw_MT,ICHmw_MT/101,Pli,3,Pl,3,NA,FALSE
13009,ICHmw_MT,ICHmw_MT/101,Pw,2,Pw,2,NA,FALSE
13010,ICHmw_MT,ICHmw_MT/101,Sxw,2,Sx,2,NA,FALSE
13011,ICHmw_MT,ICHmw_MT/102,Fdi,1,Fd,1,NA,FALSE
13012,ICHmw_MT,ICHmw_MT/102,Lw,2,Lw,2,NA,FALSE
13013,ICHmw_MT,ICHmw_MT/102,Pli,1,Pl,1,NA,FALSE
13014,ICHmw_MT,ICHmw_MT/102,Pyi,2,Py,3,dvm26,FALSE
13015,ICHmw_MT,ICHmw_MT/103,Bl,5,Bl,5,NA,FALSE
13016,ICHmw_MT,ICHmw_MT/103,Cw,3,Cw,3,NA,FALSE
13017,ICHmw_MT,ICHmw_MT/103,Fdi,1,Fd,1,NA,FALSE
13018,ICHmw_MT,ICHmw_MT/103,Lw,1,Lw,1,NA,FALSE
13019,ICHmw_MT,ICHmw_MT/103,Pli,1,Pl,1,NA,FALSE
13020,ICHmw_MT,ICHmw_MT/103,Pw,2,Pw,2,NA,FALSE
13021,ICHmw_MT,ICHmw_MT/103,Pyi,3,Py,3,NA,FALSE
13022,ICHmw_MT,ICHmw_MT/103,Sxw,5,Sx,5,NA,FALSE
13023,ICHmw_MT,ICHmw_MT/110,At,3,At,3,NA,FALSE
13024,ICHmw_MT,ICHmw_MT/110,Bg,2,Bg,2,NA,FALSE
13025,ICHmw_MT,ICHmw_MT/110,Bl,2,Bl,2,NA,FALSE
13026,ICHmw_MT,ICHmw_MT/110,Cw,1,Cw,1,NA,FALSE
13027,ICHmw_MT,ICHmw_MT/110,Ep,5,Ep,5,NA,FALSE
13028,ICHmw_MT,ICHmw_MT/110,Fdi,2,Fd,2,NA,FALSE
13029,ICHmw_MT,ICHmw_MT/110,Hw,2,Hw,2,NA,FALSE
13030,ICHmw_MT,ICHmw_MT/110,Lw,2,Lw,2,NA,FALSE
13031,ICHmw_MT,ICHmw_MT/110,Pli,3,Pl,3,NA,FALSE
13032,ICHmw_MT,ICHmw_MT/110,Pw,2,Pw,2,NA,FALSE
13033,ICHmw_MT,ICHmw_MT/110,Sxw,2,Sx,2,NA,FALSE
13034,ICHmw_MT,ICHmw_MT/111,Act,5,Ac,5,NA,FALSE
13035,ICHmw_MT,ICHmw_MT/111,Bg,3,Bg,3,NA,FALSE
13036,ICHmw_MT,ICHmw_MT/111,Bl,3,Bl,3,NA,FALSE
13037,ICHmw_MT,ICHmw_MT/111,Cw,1,Cw,1,NA,FALSE
13038,ICHmw_MT,ICHmw_MT/111,Hw,2,Hw,2,NA,FALSE
13039,ICHmw_MT,ICHmw_MT/111,Pw,5,Pw,5,NA,FALSE
13040,ICHmw_MT,ICHmw_MT/111,Sxw,2,Sx,2,NA,FALSE
13041,ICHmw_MT,ICHmw_MT/112,At,2,At,2,NA,FALSE
13042,ICHmw_MT,ICHmw_MT/112,Bg,2,Bg,2,NA,FALSE
13043,ICHmw_MT,ICHmw_MT/112,Cw,1,Cw,1,NA,FALSE
13044,ICHmw_MT,ICHmw_MT/112,Ep,2,Ep,2,NA,FALSE
13045,ICHmw_MT,ICHmw_MT/112,Fdi,2,Fd,2,NA,FALSE
13046,ICHmw_MT,ICHmw_MT/112,Hw,3,Hw,3,NA,FALSE
13047,ICHmw_MT,ICHmw_MT/112,Lw,2,Lw,2,NA,FALSE
13048,ICHmw_MT,ICHmw_MT/112,Pw,2,Pw,2,NA,FALSE
13049,ICHmw_MT,ICHmw_MT/112,Sxw,2,Sx,2,NA,FALSE
13050,ICHmw_MT,ICHmw_MT/113,Act,2,Ac,2,NA,FALSE
13051,ICHmw_MT,ICHmw_MT/113,Bg,2,Bg,2,NA,FALSE
13052,ICHmw_MT,ICHmw_MT/113,Cw,1,Cw,1,NA,FALSE
13053,ICHmw_MT,ICHmw_MT/113,Pw,3,Pw,3,NA,FALSE
13054,ICHmw_MT,ICHmw_MT/113,Sxw,2,Sx,2,NA,FALSE
13055,ICHmw_MT,ICHmw_MT/Ro,X,NA,X,NA,NA,FALSE
13056,ICHvk_ID,ICHvk_ID/101,Bg,1,Bg,1,NA,FALSE
13057,ICHvk_ID,ICHvk_ID/101,Bl,2,Bl,2,NA,FALSE
13058,ICHvk_ID,ICHvk_ID/101,Cw,2,Cw,2,NA,FALSE
13059,ICHvk_ID,ICHvk_ID/101,Ep,3,Ep,3,NA,FALSE
13060,ICHvk_ID,ICHvk_ID/101,Fdi,1,Fd,1,NA,FALSE
13061,ICHvk_ID,ICHvk_ID/101,Hm,2,Hm,2,NA,FALSE
13062,ICHvk_ID,ICHvk_ID/101,Hw,2,Hw,2,NA,FALSE
13063,ICHvk_ID,ICHvk_ID/101,Lw,1,Lw,1,NA,FALSE
13064,ICHvk_ID,ICHvk_ID/101,Pli,2,Pl,2,NA,FALSE
13065,ICHvk_ID,ICHvk_ID/101,Pw,2,Pw,2,NA,FALSE
13066,ICHvk_ID,ICHvk_ID/101,Sxw,2,Sx,2,NA,FALSE
13067,ICHvk_ID,ICHvk_ID/102,Bg,5,Bg,5,NA,FALSE
13068,ICHvk_ID,ICHvk_ID/102,Cw,5,Cw,5,NA,FALSE
13069,ICHvk_ID,ICHvk_ID/102,Ep,5,Ep,5,NA,FALSE
13070,ICHvk_ID,ICHvk_ID/102,Fdi,1,Fd,1,NA,FALSE
13071,ICHvk_ID,ICHvk_ID/102,Hw,5,Hw,5,NA,FALSE
13072,ICHvk_ID,ICHvk_ID/102,Lw,2,Lw,2,NA,FALSE
13073,ICHvk_ID,ICHvk_ID/102,Pli,3,Pl,3,NA,FALSE
13074,ICHvk_ID,ICHvk_ID/102,Pw,5,Pw,5,NA,FALSE
13075,ICHvk_ID,ICHvk_ID/102,Pyi,2,Py,2,NA,FALSE
13076,ICHvk_ID,ICHvk_ID/103,Bg,2,Bg,2,NA,FALSE
13077,ICHvk_ID,ICHvk_ID/103,Ep,3,Ep,3,NA,FALSE
13078,ICHvk_ID,ICHvk_ID/103,Fdi,1,Fd,1,NA,FALSE
13079,ICHvk_ID,ICHvk_ID/103,Lw,2,Lw,2,NA,FALSE
13080,ICHvk_ID,ICHvk_ID/103,Pli,3,Pl,3,NA,FALSE
13081,ICHvk_ID,ICHvk_ID/103,Pw,3,Pw,3,NA,FALSE
13082,ICHvk_ID,ICHvk_ID/110,Bg,2,Bg,2,NA,FALSE
13083,ICHvk_ID,ICHvk_ID/110,Bl,2,Bl,2,NA,FALSE
13084,ICHvk_ID,ICHvk_ID/110,Cw,1,Cw,1,NA,FALSE
13085,ICHvk_ID,ICHvk_ID/110,Fdi,2,Fd,2,NA,FALSE
13086,ICHvk_ID,ICHvk_ID/110,Hm,2,Hm,2,NA,FALSE
13087,ICHvk_ID,ICHvk_ID/110,Hw,2,Hw,2,NA,FALSE
13088,ICHvk_ID,ICHvk_ID/110,Pli,5,Pl,5,NA,FALSE
13089,ICHvk_ID,ICHvk_ID/110,Pw,1,Pw,1,NA,FALSE
13090,ICHvk_ID,ICHvk_ID/110,Sxw,1,Sx,1,NA,FALSE
13091,ICHvk_ID,ICHvk_ID/111,Act,5,Ac,5,NA,FALSE
13092,ICHvk_ID,ICHvk_ID/111,Bg,2,Bg,2,NA,FALSE
13093,ICHvk_ID,ICHvk_ID/111,Bl,2,Bl,2,NA,FALSE
13094,ICHvk_ID,ICHvk_ID/111,Cw,1,Cw,1,NA,FALSE
13095,ICHvk_ID,ICHvk_ID/111,Hm,2,Hm,2,NA,FALSE
13096,ICHvk_ID,ICHvk_ID/111,Hw,2,Hw,2,NA,FALSE
13097,ICHvk_ID,ICHvk_ID/111,Sxw,1,Sx,1,NA,FALSE
13098,ICHvk_ID,ICHvk_ID/112,Cw,1,Cw,1,NA,FALSE
13099,ICHvk_ID,ICHvk_ID/112,Ep,3,Ep,3,NA,FALSE
13100,ICHvk_ID,ICHvk_ID/112,Fdi,2,Fd,2,NA,FALSE
13101,ICHvk_ID,ICHvk_ID/112,Hm,2,Hm,2,NA,FALSE
13102,ICHvk_ID,ICHvk_ID/112,Hw,2,Hw,2,NA,FALSE
13103,ICHvk_ID,ICHvk_ID/112,Pw,2,Pw,2,NA,FALSE
13104,ICHvk_ID,ICHvk_ID/112,Sxw,1,Sx,1,NA,FALSE
13105,ICHvk_ID,ICHvk_ID/113,Act,2,Ac,2,NA,FALSE
13106,ICHvk_ID,ICHvk_ID/113,Bg,2,Bg,2,NA,FALSE
13107,ICHvk_ID,ICHvk_ID/113,Bl,3,Bl,3,NA,FALSE
13108,ICHvk_ID,ICHvk_ID/113,Cw,1,Cw,1,NA,FALSE
13109,ICHvk_ID,ICHvk_ID/113,Hm,2,Hm,2,NA,FALSE
13110,ICHvk_ID,ICHvk_ID/113,Hw,2,Hw,2,NA,FALSE
13111,ICHvk_ID,ICHvk_ID/113,Sxw,1,Sx,1,NA,FALSE
13112,ICHvk_ID,ICHvk_ID/Ro,X,NA,X,NA,NA,FALSE
13113,ICHxh_ID,ICHxh_ID/101,Bg,NA,Bg,1,DVM,FALSE
13114,ICHxh_ID,ICHxh_ID/101,Cw,NA,Cw,2,DVM,FALSE
13115,ICHxh_ID,ICHxh_ID/101,Ep,NA,Ep,3,DVM,FALSE
13116,ICHxh_ID,ICHxh_ID/101,Fdi,NA,Fd,1,dvm26,FALSE
13117,ICHxh_ID,ICHxh_ID/101,Lw,NA,Lw,3,DVM,FALSE
13118,ICHxh_ID,ICHxh_ID/101,Pli,NA,Pl,3,DVM,FALSE
13119,ICHxh_ID,ICHxh_ID/102,Bg,NA,Bg,3,DVM,FALSE
13120,ICHxh_ID,ICHxh_ID/102,Fdi,NA,Fd,2,DVM,FALSE
13121,ICHxh_ID,ICHxh_ID/102,Pyi,NA,Py,1,DVM,FALSE
13122,ICHxh_ID,ICHxh_ID/103,Bg,NA,Bg,3,DVM,FALSE
13123,ICHxh_ID,ICHxh_ID/103,Fdi,NA,Fd,1,DVM,FALSE
13124,ICHxh_ID,ICHxh_ID/103,Pyi,NA,Py,2,DVM,FALSE
13125,ICHxh_ID,ICHxh_ID/110,Bg,NA,Bg,1,DVM,FALSE
13126,ICHxh_ID,ICHxh_ID/110,Cw,NA,Cw,2,DVM,FALSE
13127,ICHxh_ID,ICHxh_ID/110,Ep,NA,Ep,3,DVM,FALSE
13128,ICHxh_ID,ICHxh_ID/110,Fdi,NA,Fd,2,DVM,FALSE
13129,ICHxh_ID,ICHxh_ID/110,Lw,NA,Lw,2,DVM,FALSE
13130,ICHxh_ID,ICHxh_ID/110,Pli,NA,Pl,3,DVM,FALSE
13131,ICHxh_ID,ICHxh_ID/110,Pw,NA,Pw,3,DVM,FALSE
13132,ICHxh_ID,ICHxh_ID/111,Bg,NA,Bg,2,DVM,FALSE
13133,ICHxh_ID,ICHxh_ID/111,Cw,NA,Cw,1,DVM,FALSE
13134,ICHxh_ID,ICHxh_ID/111,Fdi,NA,Fd,3,DVM,FALSE
13135,ICHxh_ID,ICHxh_ID/112,Bg,NA,Bg,1,DVM,FALSE
13136,ICHxh_ID,ICHxh_ID/112,Cw,NA,Cw,1,DVM,FALSE
13137,ICHxh_ID,ICHxh_ID/112,Ep,NA,Ep,2,DVM,FALSE
13138,ICHxh_ID,ICHxh_ID/112,Fdi,NA,Fd,2,DVM,FALSE
13139,ICHxh_ID,ICHxh_ID/112,Lw,NA,Lw,2,DVM,FALSE
13140,ICHxh_ID,ICHxh_ID/112,Pli,NA,Pl,3,DVM,FALSE
13141,ICHxh_ID,ICHxh_ID/112,Pw,NA,Pw,3,DVM,FALSE
13142,ICHxh_ID,ICHxh_ID/113,Bg,NA,Bg,2,DVM,FALSE
13143,ICHxh_ID,ICHxh_ID/113,Cw,NA,Cw,1,DVM,FALSE
13144,ICHxh_ID,ICHxh_ID/113,Ep,NA,Ep,3,DVM,FALSE
13145,ICHxh_ID,ICHxh_ID/113,Fdi,NA,Fd,3,DVM,FALSE
13146,ICHxh_ID,ICHxh_ID/Ro,X,NA,X,NA,NA,FALSE
13147,ICHxw_ID,ICHxw_ID/101,Bg,NA,Bg,1,DVM,FALSE
13148,ICHxw_ID,ICHxw_ID/101,Bl,NA,Bl,3,DVM,FALSE
13149,ICHxw_ID,ICHxw_ID/101,Cw,NA,Cw,2,DVM,FALSE
13150,ICHxw_ID,ICHxw_ID/101,Fdi,NA,Fd,1,DVM,FALSE
13151,ICHxw_ID,ICHxw_ID/101,Lw,NA,Lw,2,DVM,FALSE
13152,ICHxw_ID,ICHxw_ID/101,Pli,NA,Pl,3,DVM,FALSE
13153,ICHxw_ID,ICHxw_ID/101,Sxw,NA,Sx,3,DVM,FALSE
13154,ICHxw_ID,ICHxw_ID/102,Fdi,NA,Fd,1,DVM,FALSE
13155,ICHxw_ID,ICHxw_ID/102,Pyi,NA,Py,3,DVM,FALSE
13156,ICHxw_ID,ICHxw_ID/103,Bg,NA,Bg,3,DVM,FALSE
13157,ICHxw_ID,ICHxw_ID/103,Fdi,NA,Fd,1,DVM,FALSE
13158,ICHxw_ID,ICHxw_ID/103,Pyi,NA,Py,3,DVM,FALSE
13159,ICHxw_ID,ICHxw_ID/110,Bg,NA,Bg,1,DVM,FALSE
13160,ICHxw_ID,ICHxw_ID/110,Bl,NA,Bl,3,DVM,FALSE
13161,ICHxw_ID,ICHxw_ID/110,Cw,NA,Cw,2,DVM,FALSE
13162,ICHxw_ID,ICHxw_ID/110,Ep,NA,Ep,3,DVM,FALSE
13163,ICHxw_ID,ICHxw_ID/110,Fdi,NA,Fd,2,DVM,FALSE
13164,ICHxw_ID,ICHxw_ID/110,Lw,NA,Lw,3,DVM,FALSE
13165,ICHxw_ID,ICHxw_ID/110,Pli,NA,Pl,3,DVM,FALSE
13166,ICHxw_ID,ICHxw_ID/110,Pw,NA,Pw,3,DVM,FALSE
13167,ICHxw_ID,ICHxw_ID/110,Sxw,NA,Sx,2,DVM,FALSE
13168,ICHxw_ID,ICHxw_ID/111,Bg,NA,Bg,1,DVM,FALSE
13169,ICHxw_ID,ICHxw_ID/111,Bl,NA,Bl,3,DVM,FALSE
13170,ICHxw_ID,ICHxw_ID/111,Cw,NA,Cw,2,DVM,FALSE
13171,ICHxw_ID,ICHxw_ID/111,Ep,NA,Ep,3,DVM,FALSE
13172,ICHxw_ID,ICHxw_ID/111,Fdi,NA,Fd,3,DVM,FALSE
13173,ICHxw_ID,ICHxw_ID/111,Pw,NA,Pw,3,DVM,FALSE
13174,ICHxw_ID,ICHxw_ID/111,Sxw,NA,Sx,2,DVM,FALSE
13175,ICHxw_ID,ICHxw_ID/112,Bg,NA,Bg,1,DVM,FALSE
13176,ICHxw_ID,ICHxw_ID/112,Cw,NA,Cw,2,DVM,FALSE
13177,ICHxw_ID,ICHxw_ID/112,Ep,NA,Ep,3,DVM,FALSE
13178,ICHxw_ID,ICHxw_ID/112,Fdi,NA,Fd,2,DVM,FALSE
13179,ICHxw_ID,ICHxw_ID/112,Lw,NA,Lw,2,DVM,FALSE
13180,ICHxw_ID,ICHxw_ID/112,Pli,NA,Pl,3,DVM,FALSE
13181,ICHxw_ID,ICHxw_ID/112,Pw,NA,Pw,3,DVM,FALSE
13182,ICHxw_ID,ICHxw_ID/112,Sxw,NA,Sx,1,DVM,FALSE
13183,ICHxw_ID,ICHxw_ID/113,Bg,NA,Bg,1,DVM,FALSE
13184,ICHxw_ID,ICHxw_ID/113,Bl,NA,Bl,3,DVM,FALSE
13185,ICHxw_ID,ICHxw_ID/113,Cw,NA,Cw,1,DVM,FALSE
13186,ICHxw_ID,ICHxw_ID/113,Ep,NA,Ep,3,DVM,FALSE
13187,ICHxw_ID,ICHxw_ID/113,Fdi,NA,Fd,2,DVM,FALSE
13188,ICHxw_ID,ICHxw_ID/113,Pw,NA,Pw,3,DVM,FALSE
13189,ICHxw_ID,ICHxw_ID/113,Sxw,NA,Sx,1,DVM,FALSE
13190,ICHxw_ID,ICHxw_ID/Ro,X,NA,X,NA,NA,FALSE
13191,ICHxw_WA,ICHxw_WA/101,Bg,3,Bg,3,NA,FALSE
13192,ICHxw_WA,ICHxw_WA/101,Bl,5,Bl,5,NA,FALSE
13193,ICHxw_WA,ICHxw_WA/101,Cw,2,Cw,2,NA,FALSE
13194,ICHxw_WA,ICHxw_WA/101,Ep,2,Ep,2,NA,FALSE
13195,ICHxw_WA,ICHxw_WA/101,Fdi,1,Fd,1,NA,FALSE
13196,ICHxw_WA,ICHxw_WA/101,Hw,3,Hw,3,NA,FALSE
13197,ICHxw_WA,ICHxw_WA/101,Lw,1,Lw,1,NA,FALSE
13198,ICHxw_WA,ICHxw_WA/101,Pli,2,Pl,2,NA,FALSE
13199,ICHxw_WA,ICHxw_WA/101,Pyi,2,Py,2,NA,FALSE
13200,ICHxw_WA,ICHxw_WA/101,Sxw,5,Sx,5,NA,FALSE
13201,ICHxw_WA,ICHxw_WA/102,Fdi,1,Fd,1,NA,FALSE
13202,ICHxw_WA,ICHxw_WA/102,Pyi,1,Py,1,NA,FALSE
13203,ICHxw_WA,ICHxw_WA/103,Fdi,1,Fd,1,NA,FALSE
13204,ICHxw_WA,ICHxw_WA/103,Lw,2,Lw,2,NA,FALSE
13205,ICHxw_WA,ICHxw_WA/103,Pli,3,Pl,3,NA,FALSE
13206,ICHxw_WA,ICHxw_WA/103,Pyi,2,Py,2,NA,FALSE
13207,ICHxw_WA,ICHxw_WA/110,At,2,At,2,NA,FALSE
13208,ICHxw_WA,ICHxw_WA/110,Bg,5,Bg,5,NA,FALSE
13209,ICHxw_WA,ICHxw_WA/110,Bl,2,Bl,2,NA,FALSE
13210,ICHxw_WA,ICHxw_WA/110,Cw,1,Cw,1,NA,FALSE
13211,ICHxw_WA,ICHxw_WA/110,Fdi,2,Fd,2,NA,FALSE
13212,ICHxw_WA,ICHxw_WA/110,Hw,3,Hw,3,NA,FALSE
13213,ICHxw_WA,ICHxw_WA/110,Lw,2,Lw,2,NA,FALSE
13214,ICHxw_WA,ICHxw_WA/110,Pli,2,Pl,2,NA,FALSE
13215,ICHxw_WA,ICHxw_WA/110,Sxw,3,Sx,3,NA,FALSE
13216,ICHxw_WA,ICHxw_WA/111,Bl,2,Bl,2,NA,FALSE
13217,ICHxw_WA,ICHxw_WA/111,Cw,2,Cw,2,NA,FALSE
13218,ICHxw_WA,ICHxw_WA/111,Fdi,3,Fd,3,NA,FALSE
13219,ICHxw_WA,ICHxw_WA/111,Sxw,1,Sx,1,NA,FALSE
13220,ICHxw_WA,ICHxw_WA/112,At,2,At,2,NA,FALSE
13221,ICHxw_WA,ICHxw_WA/112,Bg,3,Bg,3,NA,FALSE
13222,ICHxw_WA,ICHxw_WA/112,Bl,3,Bl,3,NA,FALSE
13223,ICHxw_WA,ICHxw_WA/112,Cw,1,Cw,1,NA,FALSE
13224,ICHxw_WA,ICHxw_WA/112,Ep,2,Ep,2,NA,FALSE
13225,ICHxw_WA,ICHxw_WA/112,Fdi,2,Fd,2,NA,FALSE
13226,ICHxw_WA,ICHxw_WA/112,Lw,1,Lw,1,NA,FALSE
13227,ICHxw_WA,ICHxw_WA/113,Act,1,Ac,1,NA,FALSE
13228,ICHxw_WA,ICHxw_WA/113,Cw,1,Cw,1,NA,FALSE
13229,ICHxw_WA,ICHxw_WA/113,Fdi,2,Fd,2,NA,FALSE
13230,ICHxw_WA,ICHxw_WA/113,Sxw,2,Sx,2,NA,FALSE
13231,ICHxw_WA,ICHxw_WA/Ro,X,NA,X,NA,NA,FALSE
13232,IDFdh_MT,IDFdh_MT/101,Fdi,1,Fd,1,NA,FALSE
13233,IDFdh_MT,IDFdh_MT/101,Lw,2,Lw,2,NA,FALSE
13234,IDFdh_MT,IDFdh_MT/101,Pyi,1,Py,1,NA,FALSE
13235,IDFdh_MT,IDFdh_MT/102,Fdi,2,Fd,2,NA,FALSE
13236,IDFdh_MT,IDFdh_MT/102,Pyi,1,Py,1,NA,FALSE
13237,IDFdh_MT,IDFdh_MT/103,Fdi,2,Fd,2,NA,FALSE
13238,IDFdh_MT,IDFdh_MT/103,Pyi,1,Py,1,NA,FALSE
13239,IDFdh_MT,IDFdh_MT/110,At,3,At,3,NA,FALSE
13240,IDFdh_MT,IDFdh_MT/110,Fdi,1,Fd,1,NA,FALSE
13241,IDFdh_MT,IDFdh_MT/110,Lw,2,Lw,2,NA,FALSE
13242,IDFdh_MT,IDFdh_MT/110,Pli,3,Pl,3,NA,FALSE
13243,IDFdh_MT,IDFdh_MT/110,Pyi,2,Py,2,NA,FALSE
13244,IDFdh_MT,IDFdh_MT/111,At,3,At,3,NA,FALSE
13245,IDFdh_MT,IDFdh_MT/111,Fdi,2,Fd,2,NA,FALSE
13246,IDFdh_MT,IDFdh_MT/111,Lw,3,Lw,3,NA,FALSE
13247,IDFdh_MT,IDFdh_MT/111,Pli,2,Pl,2,NA,FALSE
13248,IDFdh_MT,IDFdh_MT/111,Sxw,1,Sx,1,NA,FALSE
13249,IDFdh_MT,IDFdh_MT/112,At,2,At,2,NA,FALSE
13250,IDFdh_MT,IDFdh_MT/112,Ep,3,Ep,3,NA,FALSE
13251,IDFdh_MT,IDFdh_MT/112,Fdi,1,Fd,1,NA,FALSE
13252,IDFdh_MT,IDFdh_MT/112,Lw,2,Lw,2,NA,FALSE
13253,IDFdh_MT,IDFdh_MT/112,Pyi,2,Py,2,NA,FALSE
13254,IDFdh_MT,IDFdh_MT/113,Act,2,Ac,2,NA,FALSE
13255,IDFdh_MT,IDFdh_MT/113,At,2,At,2,NA,FALSE
13256,IDFdh_MT,IDFdh_MT/113,Cw,3,Cw,3,NA,FALSE
13257,IDFdh_MT,IDFdh_MT/113,Ep,2,Ep,2,NA,FALSE
13258,IDFdh_MT,IDFdh_MT/113,Fdi,2,Fd,2,NA,FALSE
13259,IDFdh_MT,IDFdh_MT/113,Lw,3,Lw,3,NA,FALSE
13260,IDFdh_MT,IDFdh_MT/113,Sxw,1,Sx,1,NA,FALSE
13261,IDFdh_MT,IDFdh_MT/Ro,X,NA,X,NA,NA,FALSE
13262,IDFdh_UT,IDFdh_UT/101,At,2,At,2,NA,FALSE
13263,IDFdh_UT,IDFdh_UT/101,Fdi,1,Fd,1,NA,FALSE
13264,IDFdh_UT,IDFdh_UT/101,Jr,3,Jr,3,NA,FALSE
13265,IDFdh_UT,IDFdh_UT/101,Pyi,1,Py,2,dvm26,FALSE
13266,IDFdh_UT,IDFdh_UT/101,Qa,2,Qa,2,NA,FALSE
13267,IDFdh_UT,IDFdh_UT/102,Fdi,3,Fd,3,NA,FALSE
13268,IDFdh_UT,IDFdh_UT/102,Jr,1,Jr,2,dvm26,FALSE
13269,IDFdh_UT,IDFdh_UT/102,Ju,2,Ju,1,dvm26,FALSE
13270,IDFdh_UT,IDFdh_UT/102,Pe,1,Pe,1,NA,FALSE
13271,IDFdh_UT,IDFdh_UT/102,Pf,2,Pf,3,dvm26,FALSE
13272,IDFdh_UT,IDFdh_UT/110,At,2,At,2,NA,FALSE
13273,IDFdh_UT,IDFdh_UT/110,Fdi,1,Fd,1,NA,FALSE
13274,IDFdh_UT,IDFdh_UT/110,Pyi,2,Py,2,NA,FALSE
13275,IDFdh_UT,IDFdh_UT/110,Qa,2,Qa,2,NA,FALSE
13276,IDFdh_UT,IDFdh_UT/111,At,3,At,3,NA,FALSE
13277,IDFdh_UT,IDFdh_UT/111,Bl,2,Bl,3,dvm26,FALSE
13278,IDFdh_UT,IDFdh_UT/111,Fdi,2,Fd,2,NA,FALSE
13279,IDFdh_UT,IDFdh_UT/111,Sxw,1,Sx,1,NA,FALSE
13280,IDFdh_UT,IDFdh_UT/112,At,2,At,2,NA,FALSE
13281,IDFdh_UT,IDFdh_UT/112,Fdi,1,Fd,1,NA,FALSE
13282,IDFdh_UT,IDFdh_UT/112,Pyi,2,Py,2,NA,FALSE
13283,IDFdh_UT,IDFdh_UT/112,Qa,2,Qa,2,NA,FALSE
13284,IDFdh_UT,IDFdh_UT/113,At,1,At,1,NA,FALSE
13285,IDFdh_UT,IDFdh_UT/113,Fdi,2,Fd,2,NA,FALSE
13286,IDFdh_UT,IDFdh_UT/113,Sxw,2,Sx,2,NA,FALSE
13287,IDFdh_UT,IDFdh_UT/Gg,Jr,3,Jr,3,NA,FALSE
13288,IDFdh_UT,IDFdh_UT/Gg,Pe,3,Pe,3,NA,FALSE
13289,IDFdh_UT,IDFdh_UT/Ro,X,NA,X,NA,NA,FALSE
13290,IDFdh_WA,IDFdh_WA/101,Fdi,1,Fd,1,NA,FALSE
13291,IDFdh_WA,IDFdh_WA/101,Lw,2,Lw,2,NA,FALSE
13292,IDFdh_WA,IDFdh_WA/101,Pyi,1,Py,1,NA,FALSE
13293,IDFdh_WA,IDFdh_WA/102,Fdi,1,Fd,2,dvm26,FALSE
13294,IDFdh_WA,IDFdh_WA/102,Pyi,2,Py,1,dvm26,FALSE
13295,IDFdh_WA,IDFdh_WA/103,Fdi,2,Fd,1,dvm26,FALSE
13296,IDFdh_WA,IDFdh_WA/103,Pyi,1,Py,1,NA,FALSE
13297,IDFdh_WA,IDFdh_WA/110,At,2,At,2,NA,FALSE
13298,IDFdh_WA,IDFdh_WA/110,Ep,3,Ep,3,NA,FALSE
13299,IDFdh_WA,IDFdh_WA/110,Fdi,1,Fd,1,NA,FALSE
13300,IDFdh_WA,IDFdh_WA/110,Lw,2,Lw,2,NA,FALSE
13301,IDFdh_WA,IDFdh_WA/110,Pli,3,Pl,3,NA,FALSE
13302,IDFdh_WA,IDFdh_WA/110,Pyi,2,Py,2,NA,FALSE
13303,IDFdh_WA,IDFdh_WA/111,Act,5,Ac,5,NA,FALSE
13304,IDFdh_WA,IDFdh_WA/111,At,3,At,3,NA,FALSE
13305,IDFdh_WA,IDFdh_WA/111,Ep,2,Ep,2,NA,FALSE
13306,IDFdh_WA,IDFdh_WA/111,Fdi,2,Fd,2,NA,FALSE
13307,IDFdh_WA,IDFdh_WA/111,Lw,5,Lw,5,NA,FALSE
13308,IDFdh_WA,IDFdh_WA/111,Pli,2,Pl,2,NA,FALSE
13309,IDFdh_WA,IDFdh_WA/111,Sxw,1,Sx,1,NA,FALSE
13310,IDFdh_WA,IDFdh_WA/112,At,2,At,2,NA,FALSE
13311,IDFdh_WA,IDFdh_WA/112,Bg,2,Bg,2,NA,FALSE
13312,IDFdh_WA,IDFdh_WA/112,Ep,3,Ep,3,NA,FALSE
13313,IDFdh_WA,IDFdh_WA/112,Fdi,1,Fd,1,NA,FALSE
13314,IDFdh_WA,IDFdh_WA/112,Lw,2,Lw,2,NA,FALSE
13315,IDFdh_WA,IDFdh_WA/113,Act,1,Ac,1,NA,FALSE
13316,IDFdh_WA,IDFdh_WA/113,At,3,At,3,NA,FALSE
13317,IDFdh_WA,IDFdh_WA/113,Bg,3,Bg,3,NA,FALSE
13318,IDFdh_WA,IDFdh_WA/113,Cw,3,Cw,3,NA,FALSE
13319,IDFdh_WA,IDFdh_WA/113,Ep,2,Ep,2,NA,FALSE
13320,IDFdh_WA,IDFdh_WA/113,Fdi,2,Fd,2,NA,FALSE
13321,IDFdh_WA,IDFdh_WA/113,Lw,3,Lw,3,NA,FALSE
13322,IDFdh_WA,IDFdh_WA/113,Sxw,1,Sx,1,NA,FALSE
13323,IDFdh_WA,IDFdh_WA/Ro,X,NA,X,NA,NA,FALSE
13324,IDFdk_MT,IDFdk_MT/101,At,2,At,2,NA,FALSE
13325,IDFdk_MT,IDFdk_MT/101,Fdi,1,Fd,1,NA,FALSE
13326,IDFdk_MT,IDFdk_MT/101,Jr,3,Jr,3,NA,FALSE
13327,IDFdk_MT,IDFdk_MT/101,Pli,2,Pl,2,NA,FALSE
13328,IDFdk_MT,IDFdk_MT/101,Pyi,5,Py,5,NA,FALSE
13329,IDFdk_MT,IDFdk_MT/102,Jr,2,Jr,2,NA,FALSE
13330,IDFdk_MT,IDFdk_MT/102,Pf,2,Pf,2,NA,FALSE
13331,IDFdk_MT,IDFdk_MT/102,Pyi,3,Py,3,NA,FALSE
13332,IDFdk_MT,IDFdk_MT/103,Fdi,1,Fd,1,NA,FALSE
13333,IDFdk_MT,IDFdk_MT/103,Jr,3,Jr,3,NA,FALSE
13334,IDFdk_MT,IDFdk_MT/103,Pf,2,Pf,2,NA,FALSE
13335,IDFdk_MT,IDFdk_MT/103,Pyi,1,Py,1,NA,FALSE
13336,IDFdk_MT,IDFdk_MT/110,At,3,At,3,NA,FALSE
13337,IDFdk_MT,IDFdk_MT/110,Fdi,2,Fd,2,NA,FALSE
13338,IDFdk_MT,IDFdk_MT/110,Pli,1,Pl,1,NA,FALSE
13339,IDFdk_MT,IDFdk_MT/110,Pyi,5,Py,5,NA,FALSE
13340,IDFdk_MT,IDFdk_MT/111,Act,5,Ac,5,NA,FALSE
13341,IDFdk_MT,IDFdk_MT/111,Bl,2,Bl,2,NA,FALSE
13342,IDFdk_MT,IDFdk_MT/111,Sxw,1,Sx,1,NA,FALSE
13343,IDFdk_MT,IDFdk_MT/112,At,1,At,1,NA,FALSE
13344,IDFdk_MT,IDFdk_MT/112,Fdi,2,Fd,2,NA,FALSE
13345,IDFdk_MT,IDFdk_MT/113,Act,3,Ac,3,NA,FALSE
13346,IDFdk_MT,IDFdk_MT/113,Sxw,1,Sx,1,NA,FALSE
13347,IDFdk_MT,IDFdk_MT/Ro,X,NA,X,NA,NA,FALSE
13348,IDFdk_WA,IDFdk_WA/101,At,3,At,3,NA,FALSE
13349,IDFdk_WA,IDFdk_WA/101,Fdi,1,Fd,1,NA,FALSE
13350,IDFdk_WA,IDFdk_WA/101,Lw,3,Lw,3,NA,FALSE
13351,IDFdk_WA,IDFdk_WA/101,Pli,2,Pl,2,NA,FALSE
13352,IDFdk_WA,IDFdk_WA/101,Pyi,2,Py,2,NA,FALSE
13353,IDFdk_WA,IDFdk_WA/102,Fdi,2,Fd,2,NA,FALSE
13354,IDFdk_WA,IDFdk_WA/102,Pyi,1,Py,1,NA,FALSE
13355,IDFdk_WA,IDFdk_WA/103,Fdi,1,Fd,1,NA,FALSE
13356,IDFdk_WA,IDFdk_WA/103,Pli,3,Pl,3,NA,FALSE
13357,IDFdk_WA,IDFdk_WA/103,Pyi,1,Py,1,NA,FALSE
13358,IDFdk_WA,IDFdk_WA/110,At,3,At,3,NA,FALSE
13359,IDFdk_WA,IDFdk_WA/110,Fdi,1,Fd,1,NA,FALSE
13360,IDFdk_WA,IDFdk_WA/110,Pli,1,Pl,1,NA,FALSE
13361,IDFdk_WA,IDFdk_WA/110,Pyi,2,Py,2,NA,FALSE
13362,IDFdk_WA,IDFdk_WA/111,At,2,At,2,NA,FALSE
13363,IDFdk_WA,IDFdk_WA/111,Bl,2,Bl,2,NA,FALSE
13364,IDFdk_WA,IDFdk_WA/111,Cw,3,Cw,3,NA,FALSE
13365,IDFdk_WA,IDFdk_WA/111,Fdi,2,Fd,2,NA,FALSE
13366,IDFdk_WA,IDFdk_WA/111,Pli,2,Pl,2,NA,FALSE
13367,IDFdk_WA,IDFdk_WA/111,Sxw,1,Sx,1,NA,FALSE
13368,IDFdk_WA,IDFdk_WA/112,At,2,At,2,NA,FALSE
13369,IDFdk_WA,IDFdk_WA/112,Fdi,1,Fd,1,NA,FALSE
13370,IDFdk_WA,IDFdk_WA/112,Pli,2,Pl,2,NA,FALSE
13371,IDFdk_WA,IDFdk_WA/112,Pyi,3,Py,3,NA,FALSE
13372,IDFdk_WA,IDFdk_WA/113,At,2,At,2,NA,FALSE
13373,IDFdk_WA,IDFdk_WA/113,Cw,3,Cw,3,NA,FALSE
13374,IDFdk_WA,IDFdk_WA/113,Fdi,2,Fd,2,NA,FALSE
13375,IDFdk_WA,IDFdk_WA/113,Sxw,1,Sx,1,NA,FALSE
13376,IDFdk_WA,IDFdk_WA/Ro,X,NA,X,NA,NA,FALSE
13377,IDFdkx_MT,IDFdkx_MT/101,At,2,At,2,NA,FALSE
13378,IDFdkx_MT,IDFdkx_MT/101,Fdi,1,Fd,1,NA,FALSE
13379,IDFdkx_MT,IDFdkx_MT/101,Jr,3,Jr,3,NA,FALSE
13380,IDFdkx_MT,IDFdkx_MT/101,Pli,2,Pl,2,NA,FALSE
13381,IDFdkx_MT,IDFdkx_MT/102,Jr,2,Jr,2,NA,FALSE
13382,IDFdkx_MT,IDFdkx_MT/102,Pf,2,Pf,2,NA,FALSE
13383,IDFdkx_MT,IDFdkx_MT/102,Pyi,3,Py,3,NA,FALSE
13384,IDFdkx_MT,IDFdkx_MT/103,Fdi,1,Fd,1,NA,FALSE
13385,IDFdkx_MT,IDFdkx_MT/103,Jr,3,Jr,3,NA,FALSE
13386,IDFdkx_MT,IDFdkx_MT/103,Pf,2,Pf,2,NA,FALSE
13387,IDFdkx_MT,IDFdkx_MT/103,Pyi,1,Py,3,dvm26,FALSE
13388,IDFdkx_MT,IDFdkx_MT/110,At,3,At,3,NA,FALSE
13389,IDFdkx_MT,IDFdkx_MT/110,Fdi,2,Fd,2,NA,FALSE
13390,IDFdkx_MT,IDFdkx_MT/110,Pli,1,Pl,1,NA,FALSE
13391,IDFdkx_MT,IDFdkx_MT/111,Bl,2,Bl,2,NA,FALSE
13392,IDFdkx_MT,IDFdkx_MT/111,Sxw,1,Sx,1,NA,FALSE
13393,IDFdkx_MT,IDFdkx_MT/112,At,1,At,1,NA,FALSE
13394,IDFdkx_MT,IDFdkx_MT/112,Fdi,2,Fd,2,NA,FALSE
13395,IDFdkx_MT,IDFdkx_MT/113,Act,3,Ac,3,NA,FALSE
13396,IDFdkx_MT,IDFdkx_MT/113,Sxw,1,Sx,1,NA,FALSE
13397,IDFdkx_MT,IDFdkx_MT/Ro,X,NA,X,NA,NA,FALSE
13398,IDFdm_MT,IDFdm_MT/101,Fdi,1,Fd,1,NA,FALSE
13399,IDFdm_MT,IDFdm_MT/101,Lw,1,Lw,1,NA,FALSE
13400,IDFdm_MT,IDFdm_MT/101,Pli,1,Pl,1,NA,FALSE
13401,IDFdm_MT,IDFdm_MT/101,Pyi,2,Py,2,NA,FALSE
13402,IDFdm_MT,IDFdm_MT/102,Fdi,2,Fd,2,NA,FALSE
13403,IDFdm_MT,IDFdm_MT/102,Pyi,1,Py,1,NA,FALSE
13404,IDFdm_MT,IDFdm_MT/103,Fdi,1,Fd,1,NA,FALSE
13405,IDFdm_MT,IDFdm_MT/103,Lw,2,Lw,2,NA,FALSE
13406,IDFdm_MT,IDFdm_MT/103,Pyi,1,Py,1,NA,FALSE
13407,IDFdm_MT,IDFdm_MT/110,At,3,At,3,NA,FALSE
13408,IDFdm_MT,IDFdm_MT/110,Bg,2,Bg,2,NA,FALSE
13409,IDFdm_MT,IDFdm_MT/110,Bl,3,Bl,3,NA,FALSE
13410,IDFdm_MT,IDFdm_MT/110,Fdi,1,Fd,1,NA,FALSE
13411,IDFdm_MT,IDFdm_MT/110,Lw,2,Lw,2,NA,FALSE
13412,IDFdm_MT,IDFdm_MT/110,Pli,2,Pl,2,NA,FALSE
13413,IDFdm_MT,IDFdm_MT/110,Pyi,3,Py,3,NA,FALSE
13414,IDFdm_MT,IDFdm_MT/110,Sxw,2,Sx,2,NA,FALSE
13415,IDFdm_MT,IDFdm_MT/111,Act,5,Ac,5,NA,FALSE
13416,IDFdm_MT,IDFdm_MT/111,At,5,At,5,NA,FALSE
13417,IDFdm_MT,IDFdm_MT/111,Bl,3,Bl,3,NA,FALSE
13418,IDFdm_MT,IDFdm_MT/111,Fdi,2,Fd,2,NA,FALSE
13419,IDFdm_MT,IDFdm_MT/111,Lw,5,Lw,5,NA,FALSE
13420,IDFdm_MT,IDFdm_MT/111,Sxw,1,Sx,1,NA,FALSE
13421,IDFdm_MT,IDFdm_MT/112,At,2,At,2,NA,FALSE
13422,IDFdm_MT,IDFdm_MT/112,Bg,2,Bg,2,NA,FALSE
13423,IDFdm_MT,IDFdm_MT/112,Ep,2,Ep,2,NA,FALSE
13424,IDFdm_MT,IDFdm_MT/112,Fdi,1,Fd,1,NA,FALSE
13425,IDFdm_MT,IDFdm_MT/112,Lw,1,Lw,1,NA,FALSE
13426,IDFdm_MT,IDFdm_MT/112,Sxw,2,Sx,2,NA,FALSE
13427,IDFdm_MT,IDFdm_MT/113,Act,2,Ac,2,NA,FALSE
13428,IDFdm_MT,IDFdm_MT/113,At,2,At,2,NA,FALSE
13429,IDFdm_MT,IDFdm_MT/113,Bg,2,Bg,2,NA,FALSE
13430,IDFdm_MT,IDFdm_MT/113,Fdi,2,Fd,2,NA,FALSE
13431,IDFdm_MT,IDFdm_MT/113,Lw,2,Lw,2,NA,FALSE
13432,IDFdm_MT,IDFdm_MT/113,Sxw,1,Sx,1,NA,FALSE
13433,IDFdm_MT,IDFdm_MT/Ro,X,NA,X,NA,NA,FALSE
13434,IDFdm_WA,IDFdm_WA/101,Fdi,1,Fd,1,NA,FALSE
13435,IDFdm_WA,IDFdm_WA/101,Lw,1,Lw,1,NA,FALSE
13436,IDFdm_WA,IDFdm_WA/101,Pli,2,Pl,2,NA,FALSE
13437,IDFdm_WA,IDFdm_WA/102,Fdi,1,Fd,1,NA,FALSE
13438,IDFdm_WA,IDFdm_WA/102,Pyi,1,Py,1,NA,FALSE
13439,IDFdm_WA,IDFdm_WA/103,Fdi,1,Fd,1,NA,FALSE
13440,IDFdm_WA,IDFdm_WA/103,Lw,2,Lw,2,NA,FALSE
13441,IDFdm_WA,IDFdm_WA/103,Pyi,2,Py,2,NA,FALSE
13442,IDFdm_WA,IDFdm_WA/110,At,3,At,3,NA,FALSE
13443,IDFdm_WA,IDFdm_WA/110,Bl,2,Bl,2,NA,FALSE
13444,IDFdm_WA,IDFdm_WA/110,Fdi,1,Fd,1,NA,FALSE
13445,IDFdm_WA,IDFdm_WA/110,Lw,1,Lw,1,NA,FALSE
13446,IDFdm_WA,IDFdm_WA/110,Pli,1,Pl,1,NA,FALSE
13447,IDFdm_WA,IDFdm_WA/110,Sxw,2,Sx,2,NA,FALSE
13448,IDFdm_WA,IDFdm_WA/111,At,3,At,3,NA,FALSE
13449,IDFdm_WA,IDFdm_WA/111,Bl,2,Bl,2,NA,FALSE
13450,IDFdm_WA,IDFdm_WA/111,Fdi,3,Fd,3,NA,FALSE
13451,IDFdm_WA,IDFdm_WA/111,Pli,2,Pl,2,NA,FALSE
13452,IDFdm_WA,IDFdm_WA/111,Sxw,1,Sx,1,NA,FALSE
13453,IDFdm_WA,IDFdm_WA/112,At,2,At,2,NA,FALSE
13454,IDFdm_WA,IDFdm_WA/112,Bl,3,Bl,3,NA,FALSE
13455,IDFdm_WA,IDFdm_WA/112,Fdi,1,Fd,1,NA,FALSE
13456,IDFdm_WA,IDFdm_WA/112,Lw,1,Lw,1,NA,FALSE
13457,IDFdm_WA,IDFdm_WA/112,Sxw,2,Sx,2,NA,FALSE
13458,IDFdm_WA,IDFdm_WA/113,Act,2,Ac,2,NA,FALSE
13459,IDFdm_WA,IDFdm_WA/113,At,2,At,2,NA,FALSE
13460,IDFdm_WA,IDFdm_WA/113,Bl,2,Bl,2,NA,FALSE
13461,IDFdm_WA,IDFdm_WA/113,Fdi,3,Fd,3,NA,FALSE
13462,IDFdm_WA,IDFdm_WA/113,Sxw,1,Sx,1,NA,FALSE
13463,IDFdm_WA,IDFdm_WA/Ro,X,NA,X,NA,NA,FALSE
13464,IDFdx_MT,IDFdx_MT/101,At,2,At,2,NA,FALSE
13465,IDFdx_MT,IDFdx_MT/101,Fdi,3,Fd,2,dvm26,FALSE
13466,IDFdx_MT,IDFdx_MT/101,Jr,3,Jr,3,NA,FALSE
13467,IDFdx_MT,IDFdx_MT/101,Pyi,1,Py,2,dvm26,FALSE
13468,IDFdx_MT,IDFdx_MT/102,Jr,1,Jr,1,NA,FALSE
13469,IDFdx_MT,IDFdx_MT/102,Pf,1,Pf,1,NA,FALSE
13470,IDFdx_MT,IDFdx_MT/102,Pyi,2,Py,2,NA,FALSE
13471,IDFdx_MT,IDFdx_MT/110,Act,5,Ac,5,NA,FALSE
13472,IDFdx_MT,IDFdx_MT/110,At,3,At,3,NA,FALSE
13473,IDFdx_MT,IDFdx_MT/110,Fdi,1,Fd,1,NA,FALSE
13474,IDFdx_MT,IDFdx_MT/110,Op,5,Op,5,NA,FALSE
13475,IDFdx_MT,IDFdx_MT/110,Pyi,2,Py,2,NA,FALSE
13476,IDFdx_MT,IDFdx_MT/110,Qm,5,Qm,5,NA,FALSE
13477,IDFdx_MT,IDFdx_MT/111,At,3,At,3,NA,FALSE
13478,IDFdx_MT,IDFdx_MT/111,Fdi,2,Fd,2,NA,FALSE
13479,IDFdx_MT,IDFdx_MT/111,Pli,2,Pl,2,NA,FALSE
13480,IDFdx_MT,IDFdx_MT/111,Sxw,1,Sx,1,NA,FALSE
13481,IDFdx_MT,IDFdx_MT/112,Act,1,Ac,1,NA,FALSE
13482,IDFdx_MT,IDFdx_MT/112,At,1,At,1,NA,FALSE
13483,IDFdx_MT,IDFdx_MT/112,Fdi,2,Fd,2,NA,FALSE
13484,IDFdx_MT,IDFdx_MT/112,Pyi,2,Py,2,NA,FALSE
13485,IDFdx_MT,IDFdx_MT/113,Act,1,Ac,1,NA,FALSE
13486,IDFdx_MT,IDFdx_MT/113,At,2,At,2,NA,FALSE
13487,IDFdx_MT,IDFdx_MT/113,Fdi,2,Fd,2,NA,FALSE
13488,IDFdx_MT,IDFdx_MT/113,Sxw,2,Sx,2,NA,FALSE
13489,IDFdx_MT,IDFdx_MT/Gg,X,NA,X,NA,NA,FALSE
13490,IDFdx_MT,IDFdx_MT/Ro,X,NA,X,NA,NA,FALSE
13491,IDFdxx_WY,IDFdxx_WY/101,At,3,At,3,NA,FALSE
13492,IDFdxx_WY,IDFdxx_WY/101,Fdi,1,Fd,1,NA,FALSE
13493,IDFdxx_WY,IDFdxx_WY/101,Jr,3,Jr,3,NA,FALSE
13494,IDFdxx_WY,IDFdxx_WY/101,Pf,2,Pf,2,NA,FALSE
13495,IDFdxx_WY,IDFdxx_WY/101,Pyi,3,Py,3,NA,FALSE
13496,IDFdxx_WY,IDFdxx_WY/102,Fdi,3,Fd,3,NA,FALSE
13497,IDFdxx_WY,IDFdxx_WY/102,Jr,2,Jr,2,NA,FALSE
13498,IDFdxx_WY,IDFdxx_WY/102,Pf,1,Pf,1,NA,FALSE
13499,IDFdxx_WY,IDFdxx_WY/110,At,3,At,3,NA,FALSE
13500,IDFdxx_WY,IDFdxx_WY/110,Fdi,1,Fd,1,NA,FALSE
13501,IDFdxx_WY,IDFdxx_WY/110,Pyi,2,Py,2,NA,FALSE
13502,IDFdxx_WY,IDFdxx_WY/111,At,3,At,3,NA,FALSE
13503,IDFdxx_WY,IDFdxx_WY/111,Fdi,1,Fd,1,NA,FALSE
13504,IDFdxx_WY,IDFdxx_WY/111,Pli,1,Pl,1,NA,FALSE
13505,IDFdxx_WY,IDFdxx_WY/112,At,1,At,1,NA,FALSE
13506,IDFdxx_WY,IDFdxx_WY/112,Fdi,2,Fd,2,NA,FALSE
13507,IDFdxx_WY,IDFdxx_WY/112,Pyi,2,Py,2,NA,FALSE
13508,IDFdxx_WY,IDFdxx_WY/113,Act,1,Ac,1,NA,FALSE
13509,IDFdxx_WY,IDFdxx_WY/113,At,1,At,1,NA,FALSE
13510,IDFdxx_WY,IDFdxx_WY/113,Fdi,2,Fd,2,NA,FALSE
13511,IDFdxx_WY,IDFdxx_WY/113,Pli,2,Pl,2,NA,FALSE
13512,IDFdxx_WY,IDFdxx_WY/113,Sxw,3,Sx,3,NA,FALSE
13513,IDFdxx_WY,IDFdxx_WY/Gg,Jr,3,Jr,3,NA,FALSE
13514,IDFdxx_WY,IDFdxx_WY/Ro,X,NA,X,NA,NA,FALSE
13515,IDFxh_ID,IDFxh_ID/101,Fdi,2,Fd,2,NA,FALSE
13516,IDFxh_ID,IDFxh_ID/101,Om,3,Om,5,DVM,FALSE
13517,IDFxh_ID,IDFxh_ID/101,Pyi,1,Py,1,NA,FALSE
13518,IDFxh_ID,IDFxh_ID/102,Pyi,1,Py,1,NA,FALSE
13519,IDFxh_ID,IDFxh_ID/110,At,3,At,3,NA,FALSE
13520,IDFxh_ID,IDFxh_ID/110,Bg,3,Bg,3,NA,FALSE
13521,IDFxh_ID,IDFxh_ID/110,Fdi,1,Fd,1,NA,FALSE
13522,IDFxh_ID,IDFxh_ID/110,Pyi,1,Py,1,NA,FALSE
13523,IDFxh_ID,IDFxh_ID/111,Act,5,Ac,5,NA,FALSE
13524,IDFxh_ID,IDFxh_ID/111,At,3,At,3,NA,FALSE
13525,IDFxh_ID,IDFxh_ID/111,Bg,3,Bg,3,NA,FALSE
13526,IDFxh_ID,IDFxh_ID/111,Fdi,2,Fd,2,NA,FALSE
13527,IDFxh_ID,IDFxh_ID/111,Pli,3,Pl,3,NA,FALSE
13528,IDFxh_ID,IDFxh_ID/111,Sxw,1,Sx,1,NA,FALSE
13529,IDFxh_ID,IDFxh_ID/112,At,2,At,2,NA,FALSE
13530,IDFxh_ID,IDFxh_ID/112,Bg,2,Bg,2,NA,FALSE
13531,IDFxh_ID,IDFxh_ID/112,Fdi,1,Fd,1,NA,FALSE
13532,IDFxh_ID,IDFxh_ID/112,Pyi,1,Py,1,NA,FALSE
13533,IDFxh_ID,IDFxh_ID/113,Act,2,Ac,2,NA,FALSE
13534,IDFxh_ID,IDFxh_ID/113,At,2,At,2,NA,FALSE
13535,IDFxh_ID,IDFxh_ID/113,Bg,2,Bg,2,NA,FALSE
13536,IDFxh_ID,IDFxh_ID/113,Fdi,2,Fd,2,NA,FALSE
13537,IDFxh_ID,IDFxh_ID/113,Pli,3,Pl,5,DVM,FALSE
13538,IDFxh_ID,IDFxh_ID/113,Sxw,1,Sx,1,NA,FALSE
13539,IDFxh_ID,IDFxh_ID/Gg,X,NA,X,NA,NA,FALSE
13540,IDFxh_ID,IDFxh_ID/Ro,X,NA,X,NA,NA,FALSE
13541,IDFxh_OR,IDFxh_OR/101,Fdi,NA,Fd,2,DVM,FALSE
13542,IDFxh_OR,IDFxh_OR/101,Om,NA,Om,3,DVM,FALSE
13543,IDFxh_OR,IDFxh_OR/101,Pyi,NA,Py,1,DVM,FALSE
13544,IDFxh_OR,IDFxh_OR/102,Jw,NA,Jw,1,DVM,FALSE
13545,IDFxh_OR,IDFxh_OR/103,Fdi,NA,Fd,3,NA,NA
13546,IDFxh_OR,IDFxh_OR/103,Jw,NA,Jw,2,NA,NA
13547,IDFxh_OR,IDFxh_OR/103,Pyi,NA,Py,1,NA,NA
13548,IDFxh_OR,IDFxh_OR/110,Bc,NA,Bc,3,DVM,FALSE
13549,IDFxh_OR,IDFxh_OR/110,Bg,NA,Bg,3,DVM,FALSE
13550,IDFxh_OR,IDFxh_OR/110,Fdi,NA,Fd,1,DVM,FALSE
13551,IDFxh_OR,IDFxh_OR/110,Pyi,NA,Py,1,DVM,FALSE
13552,IDFxh_OR,IDFxh_OR/111,Bc,NA,Bc,2,DVM,FALSE
13553,IDFxh_OR,IDFxh_OR/111,Bg,NA,Bg,1,DVM,FALSE
13554,IDFxh_OR,IDFxh_OR/111,Fdi,NA,Fd,2,DVM,FALSE
13555,IDFxh_OR,IDFxh_OR/111,Pyi,NA,Py,2,DVM,FALSE
13556,IDFxh_OR,IDFxh_OR/112,Bc,NA,Bc,3,DVM,FALSE
13557,IDFxh_OR,IDFxh_OR/112,Bg,NA,Bg,3,DVM,FALSE
13558,IDFxh_OR,IDFxh_OR/112,Fdi,NA,Fd,1,DVM,FALSE
13559,IDFxh_OR,IDFxh_OR/112,Pyi,NA,Py,1,DVM,FALSE
13560,IDFxh_OR,IDFxh_OR/113,Bc,NA,Bc,2,DVM,FALSE
13561,IDFxh_OR,IDFxh_OR/113,Bg,NA,Bg,1,DVM,FALSE
13562,IDFxh_OR,IDFxh_OR/113,Fdi,NA,Fd,2,DVM,FALSE
13563,IDFxh_OR,IDFxh_OR/113,Pyi,NA,Py,2,DVM,FALSE
13564,IDFxh_OR,IDFxh_OR/Ro,X,NA,X,NA,NA,FALSE
13565,IDFxh_WA,IDFxh_WA/101,Fdi,2,Fd,2,NA,FALSE
13566,IDFxh_WA,IDFxh_WA/101,Pyi,1,Py,1,NA,FALSE
13567,IDFxh_WA,IDFxh_WA/102,Fdi,2,Fd,2,NA,FALSE
13568,IDFxh_WA,IDFxh_WA/102,Pyi,1,Py,1,NA,FALSE
13569,IDFxh_WA,IDFxh_WA/103,Fdi,3,Fd,2,dvm26,FALSE
13570,IDFxh_WA,IDFxh_WA/103,Pyi,1,Py,1,NA,FALSE
13571,IDFxh_WA,IDFxh_WA/110,At,3,At,3,NA,FALSE
13572,IDFxh_WA,IDFxh_WA/110,Fdi,1,Fd,1,NA,FALSE
13573,IDFxh_WA,IDFxh_WA/110,Pyi,2,Py,2,NA,FALSE
13574,IDFxh_WA,IDFxh_WA/111,Act,5,Ac,5,NA,FALSE
13575,IDFxh_WA,IDFxh_WA/111,At,3,At,3,NA,FALSE
13576,IDFxh_WA,IDFxh_WA/111,Bl,5,Bl,5,NA,FALSE
13577,IDFxh_WA,IDFxh_WA/111,Fdi,1,Fd,1,NA,FALSE
13578,IDFxh_WA,IDFxh_WA/111,Sxw,2,Sx,2,NA,FALSE
13579,IDFxh_WA,IDFxh_WA/112,At,2,At,2,NA,FALSE
13580,IDFxh_WA,IDFxh_WA/112,Fdi,1,Fd,1,NA,FALSE
13581,IDFxh_WA,IDFxh_WA/112,Pyi,2,Py,2,NA,FALSE
13582,IDFxh_WA,IDFxh_WA/113,Act,2,Ac,2,NA,FALSE
13583,IDFxh_WA,IDFxh_WA/113,At,5,At,5,NA,FALSE
13584,IDFxh_WA,IDFxh_WA/113,Fdi,1,Fd,1,NA,FALSE
13585,IDFxh_WA,IDFxh_WA/113,Sxw,2,Sx,2,NA,FALSE
13586,IDFxh_WA,IDFxh_WA/Ro,X,NA,X,NA,NA,FALSE
13587,IDFxm_CO,IDFxm_CO/101,At,2,At,2,NA,FALSE
13588,IDFxm_CO,IDFxm_CO/101,Fdi,1,Fd,1,NA,FALSE
13589,IDFxm_CO,IDFxm_CO/101,Pyi,1,Py,1,NA,FALSE
13590,IDFxm_CO,IDFxm_CO/102,Fdi,3,Fd,3,NA,FALSE
13591,IDFxm_CO,IDFxm_CO/102,Jr,1,Jr,1,NA,FALSE
13592,IDFxm_CO,IDFxm_CO/102,Pe,2,Pe,2,NA,FALSE
13593,IDFxm_CO,IDFxm_CO/102,Pf,2,Pf,2,NA,FALSE
13594,IDFxm_CO,IDFxm_CO/102,Pyi,2,Py,2,NA,FALSE
13595,IDFxm_CO,IDFxm_CO/102,Qa,2,Qa,2,NA,FALSE
13596,IDFxm_CO,IDFxm_CO/110,At,2,At,2,NA,FALSE
13597,IDFxm_CO,IDFxm_CO/110,Bc,3,Bc,5,dvm26,FALSE
13598,IDFxm_CO,IDFxm_CO/110,Fdi,1,Fd,1,NA,FALSE
13599,IDFxm_CO,IDFxm_CO/110,Pli,2,Pl,2,NA,FALSE
13600,IDFxm_CO,IDFxm_CO/110,Pyi,1,Py,1,NA,FALSE
13601,IDFxm_CO,IDFxm_CO/111,At,3,At,3,NA,FALSE
13602,IDFxm_CO,IDFxm_CO/111,Bc,3,Bc,3,NA,FALSE
13603,IDFxm_CO,IDFxm_CO/111,Fdi,2,Fd,2,NA,FALSE
13604,IDFxm_CO,IDFxm_CO/111,Pli,2,Pl,2,NA,FALSE
13605,IDFxm_CO,IDFxm_CO/111,Pyi,2,Py,2,NA,FALSE
13606,IDFxm_CO,IDFxm_CO/111,Sxw,1,Sx,1,NA,FALSE
13607,IDFxm_CO,IDFxm_CO/112,At,1,At,1,NA,FALSE
13608,IDFxm_CO,IDFxm_CO/112,Bc,2,Bc,5,dvm26,FALSE
13609,IDFxm_CO,IDFxm_CO/112,Fdi,1,Fd,1,NA,FALSE
13610,IDFxm_CO,IDFxm_CO/112,Pli,2,Pl,2,NA,FALSE
13611,IDFxm_CO,IDFxm_CO/112,Pyi,2,Py,2,NA,FALSE
13612,IDFxm_CO,IDFxm_CO/113,At,1,At,1,NA,FALSE
13613,IDFxm_CO,IDFxm_CO/113,Bc,2,Bc,2,NA,FALSE
13614,IDFxm_CO,IDFxm_CO/113,Fdi,2,Fd,2,NA,FALSE
13615,IDFxm_CO,IDFxm_CO/113,Pli,3,Pl,3,NA,FALSE
13616,IDFxm_CO,IDFxm_CO/113,Pyi,2,Py,2,NA,FALSE
13617,IDFxm_CO,IDFxm_CO/113,Sxw,1,Sx,1,NA,FALSE
13618,IDFxm_CO,IDFxm_CO/Gg,Jr,3,Jr,3,NA,FALSE
13619,IDFxm_CO,IDFxm_CO/Ro,X,NA,X,NA,NA,FALSE
13620,IDFxx_MT,IDFxx_MT/101,Fdi,2,Fd,2,NA,FALSE
13621,IDFxx_MT,IDFxx_MT/101,Pyi,1,Py,1,NA,FALSE
13622,IDFxx_MT,IDFxx_MT/110,Act,5,Ac,5,NA,FALSE
13623,IDFxx_MT,IDFxx_MT/110,At,3,At,3,NA,FALSE
13624,IDFxx_MT,IDFxx_MT/110,Ep,3,Ep,3,NA,FALSE
13625,IDFxx_MT,IDFxx_MT/110,Fdi,1,Fd,1,NA,FALSE
13626,IDFxx_MT,IDFxx_MT/110,Pyi,2,Py,2,NA,FALSE
13627,IDFxx_MT,IDFxx_MT/111,Act,5,Ac,5,NA,FALSE
13628,IDFxx_MT,IDFxx_MT/111,At,3,At,3,NA,FALSE
13629,IDFxx_MT,IDFxx_MT/111,Ep,5,Ep,5,NA,FALSE
13630,IDFxx_MT,IDFxx_MT/111,Fdi,1,Fd,1,NA,FALSE
13631,IDFxx_MT,IDFxx_MT/112,Act,1,Ac,1,NA,FALSE
13632,IDFxx_MT,IDFxx_MT/112,At,2,At,2,NA,FALSE
13633,IDFxx_MT,IDFxx_MT/112,Ep,2,Ep,2,NA,FALSE
13634,IDFxx_MT,IDFxx_MT/112,Fdi,1,Fd,1,NA,FALSE
13635,IDFxx_MT,IDFxx_MT/113,Act,1,Ac,1,NA,FALSE
13636,IDFxx_MT,IDFxx_MT/113,At,2,At,2,NA,FALSE
13637,IDFxx_MT,IDFxx_MT/113,Ep,2,Ep,2,NA,FALSE
13638,IDFxx_MT,IDFxx_MT/Gg,Jr,3,Jr,3,NA,FALSE
13639,IDFxx_MT,IDFxx_MT/Ro,X,NA,X,NA,NA,FALSE
13640,IDFxx_WA,IDFxx_WA/101,Fdi,2,Fd,2,NA,FALSE
13641,IDFxx_WA,IDFxx_WA/101,Pyi,2,Py,1,dvm26,FALSE
13642,IDFxx_WA,IDFxx_WA/101,Qg,2,Qg,2,NA,FALSE
13643,IDFxx_WA,IDFxx_WA/102,Fdi,2,Fd,2,NA,FALSE
13644,IDFxx_WA,IDFxx_WA/102,Pyi,1,Py,1,NA,FALSE
13645,IDFxx_WA,IDFxx_WA/102,Qg,3,Qg,3,NA,FALSE
13646,IDFxx_WA,IDFxx_WA/103,Fdi,3,Fd,2,dvm26,FALSE
13647,IDFxx_WA,IDFxx_WA/103,Pyi,2,Py,1,dvm26,FALSE
13648,IDFxx_WA,IDFxx_WA/103,Qg,2,Qg,2,NA,FALSE
13649,IDFxx_WA,IDFxx_WA/110,Bg,3,Bg,3,NA,FALSE
13650,IDFxx_WA,IDFxx_WA/110,Fdi,1,Fd,1,NA,FALSE
13651,IDFxx_WA,IDFxx_WA/110,Pyi,2,Py,2,NA,FALSE
13652,IDFxx_WA,IDFxx_WA/110,Qg,3,Qg,3,NA,FALSE
13653,IDFxx_WA,IDFxx_WA/111,Act,5,Ac,5,NA,FALSE
13654,IDFxx_WA,IDFxx_WA/111,At,3,At,3,NA,FALSE
13655,IDFxx_WA,IDFxx_WA/111,Bg,5,Bg,5,NA,FALSE
13656,IDFxx_WA,IDFxx_WA/111,Fdi,1,Fd,1,NA,FALSE
13657,IDFxx_WA,IDFxx_WA/111,Lw,3,Lw,3,NA,FALSE
13658,IDFxx_WA,IDFxx_WA/111,Pli,1,Pl,5,dvm26,FALSE
13659,IDFxx_WA,IDFxx_WA/112,Bg,2,Bg,2,NA,FALSE
13660,IDFxx_WA,IDFxx_WA/112,Fdi,1,Fd,1,NA,FALSE
13661,IDFxx_WA,IDFxx_WA/112,Pyi,2,Py,2,NA,FALSE
13662,IDFxx_WA,IDFxx_WA/112,Qg,2,Qg,2,NA,FALSE
13663,IDFxx_WA,IDFxx_WA/113,Act,1,Ac,1,NA,FALSE
13664,IDFxx_WA,IDFxx_WA/113,At,5,At,5,NA,FALSE
13665,IDFxx_WA,IDFxx_WA/113,Bg,2,Bg,2,NA,FALSE
13666,IDFxx_WA,IDFxx_WA/113,Dr,3,Dr,3,NA,FALSE
13667,IDFxx_WA,IDFxx_WA/113,Fdi,3,Fd,3,NA,FALSE
13668,IDFxx_WA,IDFxx_WA/113,Lw,2,Lw,2,NA,FALSE
13669,IDFxx_WA,IDFxx_WA/113,Oa,2,Oa,2,NA,FALSE
13670,IDFxx_WA,IDFxx_WA/113,Qg,2,Qg,2,NA,FALSE
13671,IDFxx_WA,IDFxx_WA/Ro,X,NA,X,NA,NA,FALSE
13672,IGFdk_WA,IGFdk_WA/101,Bg,1,Bg,1,NA,FALSE
13673,IGFdk_WA,IGFdk_WA/101,Fdi,1,Fd,1,NA,FALSE
13674,IGFdk_WA,IGFdk_WA/101,Pyi,2,Py,2,NA,FALSE
13675,IGFdk_WA,IGFdk_WA/102,Fdi,1,Fd,1,NA,FALSE
13676,IGFdk_WA,IGFdk_WA/102,Pyi,1,Py,1,NA,FALSE
13677,IGFdk_WA,IGFdk_WA/103,Bg,2,Bg,2,NA,FALSE
13678,IGFdk_WA,IGFdk_WA/103,Fdi,1,Fd,1,NA,FALSE
13679,IGFdk_WA,IGFdk_WA/103,Pyi,1,Py,1,NA,FALSE
13680,IGFdk_WA,IGFdk_WA/110,Bg,1,Bg,1,NA,FALSE
13681,IGFdk_WA,IGFdk_WA/110,Cw,2,Cw,2,NA,FALSE
13682,IGFdk_WA,IGFdk_WA/110,Fdi,1,Fd,1,NA,FALSE
13683,IGFdk_WA,IGFdk_WA/110,Hw,3,Hw,3,NA,FALSE
13684,IGFdk_WA,IGFdk_WA/110,Lw,2,Lw,2,NA,FALSE
13685,IGFdk_WA,IGFdk_WA/110,Pli,2,Pl,2,NA,FALSE
13686,IGFdk_WA,IGFdk_WA/110,Se,3,Sx,3,NA,FALSE
13687,IGFdk_WA,IGFdk_WA/111,Bg,1,Bg,1,NA,FALSE
13688,IGFdk_WA,IGFdk_WA/111,Bl,3,Bl,3,NA,FALSE
13689,IGFdk_WA,IGFdk_WA/111,Cw,5,Cw,5,NA,FALSE
13690,IGFdk_WA,IGFdk_WA/111,Fdi,2,Fd,2,NA,FALSE
13691,IGFdk_WA,IGFdk_WA/111,Hw,3,Hw,3,NA,FALSE
13692,IGFdk_WA,IGFdk_WA/111,Pli,1,Pl,1,NA,FALSE
13693,IGFdk_WA,IGFdk_WA/111,Se,2,Sx,2,NA,FALSE
13694,IGFdk_WA,IGFdk_WA/112,Bg,1,Bg,1,NA,FALSE
13695,IGFdk_WA,IGFdk_WA/112,Cw,2,Cw,2,NA,FALSE
13696,IGFdk_WA,IGFdk_WA/112,Fdi,1,Fd,1,NA,FALSE
13697,IGFdk_WA,IGFdk_WA/112,Lw,2,Lw,2,NA,FALSE
13698,IGFdk_WA,IGFdk_WA/112,Se,3,Sx,3,NA,FALSE
13699,IGFdk_WA,IGFdk_WA/113,Act,2,Ac,2,NA,FALSE
13700,IGFdk_WA,IGFdk_WA/113,Bg,1,Bg,1,NA,FALSE
13701,IGFdk_WA,IGFdk_WA/113,Cw,2,Cw,2,NA,FALSE
13702,IGFdk_WA,IGFdk_WA/113,Fdi,2,Fd,2,NA,FALSE
13703,IGFdk_WA,IGFdk_WA/113,Lw,3,Lw,3,NA,FALSE
13704,IGFdk_WA,IGFdk_WA/113,Pw,2,Pw,2,NA,FALSE
13705,IGFdk_WA,IGFdk_WA/113,Se,2,Sx,2,NA,FALSE
13706,IGFdk_WA,IGFdk_WA/Ro,X,NA,X,NA,NA,FALSE
13707,IGFdw_OR,IGFdw_OR/101,Bg,1,Bg,1,NA,FALSE
13708,IGFdw_OR,IGFdw_OR/101,Fdi,1,Fd,1,NA,FALSE
13709,IGFdw_OR,IGFdw_OR/101,Lw,3,Lw,3,NA,FALSE
13710,IGFdw_OR,IGFdw_OR/101,Pyi,2,Py,2,NA,FALSE
13711,IGFdw_OR,IGFdw_OR/102,Bg,3,Bg,3,NA,FALSE
13712,IGFdw_OR,IGFdw_OR/102,Fdi,2,Fd,2,NA,FALSE
13713,IGFdw_OR,IGFdw_OR/102,Pyi,1,Py,1,NA,FALSE
13714,IGFdw_OR,IGFdw_OR/102,Qg,2,Qg,2,NA,FALSE
13715,IGFdw_OR,IGFdw_OR/103,Bg,1,Bg,1,NA,FALSE
13716,IGFdw_OR,IGFdw_OR/103,Fdi,1,Fd,1,NA,FALSE
13717,IGFdw_OR,IGFdw_OR/103,Pyi,1,Py,1,NA,FALSE
13718,IGFdw_OR,IGFdw_OR/110,Bg,1,Bg,1,NA,FALSE
13719,IGFdw_OR,IGFdw_OR/110,Cw,5,Cw,5,NA,FALSE
13720,IGFdw_OR,IGFdw_OR/110,Fdi,1,Fd,1,NA,FALSE
13721,IGFdw_OR,IGFdw_OR/110,Hw,3,Hw,3,NA,FALSE
13722,IGFdw_OR,IGFdw_OR/110,Lw,3,Lw,3,NA,FALSE
13723,IGFdw_OR,IGFdw_OR/110,Pyi,3,Py,3,NA,FALSE
13724,IGFdw_OR,IGFdw_OR/111,Bg,2,Bg,2,NA,FALSE
13725,IGFdw_OR,IGFdw_OR/111,Fdi,1,Fd,1,NA,FALSE
13726,IGFdw_OR,IGFdw_OR/111,Hw,3,Hw,3,NA,FALSE
13727,IGFdw_OR,IGFdw_OR/111,Pli,3,Pl,3,NA,FALSE
13728,IGFdw_OR,IGFdw_OR/111,Se,2,Sx,2,NA,FALSE
13729,IGFdw_OR,IGFdw_OR/112,Bg,1,Bg,1,NA,FALSE
13730,IGFdw_OR,IGFdw_OR/112,Cw,3,Cw,3,NA,FALSE
13731,IGFdw_OR,IGFdw_OR/112,Fdi,1,Fd,1,NA,FALSE
13732,IGFdw_OR,IGFdw_OR/112,Lw,3,Lw,3,NA,FALSE
13733,IGFdw_OR,IGFdw_OR/113,Bg,1,Bg,1,NA,FALSE
13734,IGFdw_OR,IGFdw_OR/113,Cw,2,Cw,2,NA,FALSE
13735,IGFdw_OR,IGFdw_OR/113,Dr,3,Dr,3,NA,FALSE
13736,IGFdw_OR,IGFdw_OR/113,Fdi,2,Fd,2,NA,FALSE
13737,IGFdw_OR,IGFdw_OR/113,Mb,3,Mb,3,NA,FALSE
13738,IGFdw_OR,IGFdw_OR/113,Pw,2,Pw,2,NA,FALSE
13739,IGFdw_OR,IGFdw_OR/113,Se,3,Sx,3,NA,FALSE
13740,IGFdw_OR,IGFdw_OR/Ro,X,NA,X,NA,NA,FALSE
13741,IGFmh_OR,IGFmh_OR/101,Bg,1,Bg,1,NA,FALSE
13742,IGFmh_OR,IGFmh_OR/101,Fdi,1,Fd,1,NA,FALSE
13743,IGFmh_OR,IGFmh_OR/101,Lw,2,Lw,2,NA,FALSE
13744,IGFmh_OR,IGFmh_OR/101,Pli,2,Pl,2,NA,FALSE
13745,IGFmh_OR,IGFmh_OR/101,Pyi,1,Py,1,NA,FALSE
13746,IGFmh_OR,IGFmh_OR/102,Jw,1,Jw,1,NA,FALSE
13747,IGFmh_OR,IGFmh_OR/102,Pyi,1,Py,1,NA,FALSE
13748,IGFmh_OR,IGFmh_OR/103,Bg,3,Bg,3,NA,FALSE
13749,IGFmh_OR,IGFmh_OR/103,Fdi,2,Fd,2,NA,FALSE
13750,IGFmh_OR,IGFmh_OR/103,Pyi,1,Py,1,NA,FALSE
13751,IGFmh_OR,IGFmh_OR/110,Bg,1,Bg,1,NA,FALSE
13752,IGFmh_OR,IGFmh_OR/110,Fdi,1,Fd,1,NA,FALSE
13753,IGFmh_OR,IGFmh_OR/110,Lw,3,Lw,3,NA,FALSE
13754,IGFmh_OR,IGFmh_OR/110,Pli,2,Pl,2,NA,FALSE
13755,IGFmh_OR,IGFmh_OR/110,Pyi,2,Py,2,NA,FALSE
13756,IGFmh_OR,IGFmh_OR/110,Se,3,Sx,3,NA,FALSE
13757,IGFmh_OR,IGFmh_OR/111,Bg,1,Bg,1,NA,FALSE
13758,IGFmh_OR,IGFmh_OR/111,Fdi,2,Fd,2,NA,FALSE
13759,IGFmh_OR,IGFmh_OR/111,Lw,3,Lw,3,NA,FALSE
13760,IGFmh_OR,IGFmh_OR/111,Se,2,Sx,2,NA,FALSE
13761,IGFmh_OR,IGFmh_OR/112,At,2,At,2,NA,FALSE
13762,IGFmh_OR,IGFmh_OR/112,Bg,1,Bg,1,NA,FALSE
13763,IGFmh_OR,IGFmh_OR/112,Fdi,1,Fd,1,NA,FALSE
13764,IGFmh_OR,IGFmh_OR/112,Lw,2,Lw,2,NA,FALSE
13765,IGFmh_OR,IGFmh_OR/112,Pyi,3,Py,3,NA,FALSE
13766,IGFmh_OR,IGFmh_OR/113,Act,2,Ac,2,NA,FALSE
13767,IGFmh_OR,IGFmh_OR/113,Bg,1,Bg,1,NA,FALSE
13768,IGFmh_OR,IGFmh_OR/113,Fdi,2,Fd,2,NA,FALSE
13769,IGFmh_OR,IGFmh_OR/113,Lw,2,Lw,2,NA,FALSE
13770,IGFmh_OR,IGFmh_OR/113,Se,2,Sx,2,NA,FALSE
13771,IGFmh_OR,IGFmh_OR/Ro,X,NA,X,NA,NA,FALSE
13772,IGFmm_OR,IGFmm_OR/101,At,5,At,5,NA,FALSE
13773,IGFmm_OR,IGFmm_OR/101,Bg,1,Bg,1,NA,FALSE
13774,IGFmm_OR,IGFmm_OR/101,Fdi,1,Fd,1,NA,FALSE
13775,IGFmm_OR,IGFmm_OR/101,Lw,2,Lw,2,NA,FALSE
13776,IGFmm_OR,IGFmm_OR/101,Pli,2,Pl,2,NA,FALSE
13777,IGFmm_OR,IGFmm_OR/101,Pyi,2,Py,2,NA,FALSE
13778,IGFmm_OR,IGFmm_OR/102,Jw,5,Jw,5,NA,FALSE
13779,IGFmm_OR,IGFmm_OR/102,Pyi,1,Py,1,NA,FALSE
13780,IGFmm_OR,IGFmm_OR/103,Bg,3,Bg,3,NA,FALSE
13781,IGFmm_OR,IGFmm_OR/103,Fdi,2,Fd,2,NA,FALSE
13782,IGFmm_OR,IGFmm_OR/103,Pyi,1,Py,1,NA,FALSE
13783,IGFmm_OR,IGFmm_OR/110,At,5,At,5,NA,FALSE
13784,IGFmm_OR,IGFmm_OR/110,Bg,1,Bg,1,NA,FALSE
13785,IGFmm_OR,IGFmm_OR/110,Fdi,1,Fd,1,NA,FALSE
13786,IGFmm_OR,IGFmm_OR/110,Lw,3,Lw,3,NA,FALSE
13787,IGFmm_OR,IGFmm_OR/110,Pli,1,Pl,1,NA,FALSE
13788,IGFmm_OR,IGFmm_OR/110,Pyi,2,Py,2,NA,FALSE
13789,IGFmm_OR,IGFmm_OR/110,Se,2,Sx,2,NA,FALSE
13790,IGFmm_OR,IGFmm_OR/111,Act,5,Ac,5,NA,FALSE
13791,IGFmm_OR,IGFmm_OR/111,Bg,1,Bg,1,NA,FALSE
13792,IGFmm_OR,IGFmm_OR/111,Bl,2,Bl,2,NA,FALSE
13793,IGFmm_OR,IGFmm_OR/111,Fdi,3,Fd,3,NA,FALSE
13794,IGFmm_OR,IGFmm_OR/111,Lw,5,Lw,5,NA,FALSE
13795,IGFmm_OR,IGFmm_OR/111,Se,2,Sx,2,NA,FALSE
13796,IGFmm_OR,IGFmm_OR/112,At,3,At,3,NA,FALSE
13797,IGFmm_OR,IGFmm_OR/112,Bg,1,Bg,1,NA,FALSE
13798,IGFmm_OR,IGFmm_OR/112,Fdi,1,Fd,1,NA,FALSE
13799,IGFmm_OR,IGFmm_OR/112,Lw,2,Lw,2,NA,FALSE
13800,IGFmm_OR,IGFmm_OR/112,Pli,2,Pl,2,NA,FALSE
13801,IGFmm_OR,IGFmm_OR/112,Pyi,3,Py,3,NA,FALSE
13802,IGFmm_OR,IGFmm_OR/112,Se,2,Sx,2,NA,FALSE
13803,IGFmm_OR,IGFmm_OR/113,Act,2,Ac,2,NA,FALSE
13804,IGFmm_OR,IGFmm_OR/113,Bg,1,Bg,1,NA,FALSE
13805,IGFmm_OR,IGFmm_OR/113,Fdi,2,Fd,2,NA,FALSE
13806,IGFmm_OR,IGFmm_OR/113,Lw,2,Lw,2,NA,FALSE
13807,IGFmm_OR,IGFmm_OR/113,Se,2,Sx,2,NA,FALSE
13808,IGFmm_OR,IGFmm_OR/Ro,X,NA,X,NA,NA,FALSE
13809,IGFxm_OR,IGFxm_OR/101,Bg,2,Bg,2,NA,FALSE
13810,IGFxm_OR,IGFxm_OR/101,Fdi,1,Fd,1,NA,FALSE
13811,IGFxm_OR,IGFxm_OR/101,Pyi,1,Py,1,NA,FALSE
13812,IGFxm_OR,IGFxm_OR/102,Bg,3,Bg,3,NA,FALSE
13813,IGFxm_OR,IGFxm_OR/102,Fdi,2,Fd,2,NA,FALSE
13814,IGFxm_OR,IGFxm_OR/102,Pyi,1,Py,1,NA,FALSE
13815,IGFxm_OR,IGFxm_OR/110,Bg,1,Bg,1,NA,FALSE
13816,IGFxm_OR,IGFxm_OR/110,Fdi,1,Fd,1,NA,FALSE
13817,IGFxm_OR,IGFxm_OR/110,Lw,3,Lw,3,NA,FALSE
13818,IGFxm_OR,IGFxm_OR/110,Pyi,2,Py,2,NA,FALSE
13819,IGFxm_OR,IGFxm_OR/110,Se,3,Sx,3,NA,FALSE
13820,IGFxm_OR,IGFxm_OR/111,Bg,1,Bg,1,NA,FALSE
13821,IGFxm_OR,IGFxm_OR/111,Fdi,2,Fd,2,NA,FALSE
13822,IGFxm_OR,IGFxm_OR/111,Se,2,Sx,2,NA,FALSE
13823,IGFxm_OR,IGFxm_OR/112,At,3,At,3,NA,FALSE
13824,IGFxm_OR,IGFxm_OR/112,Bg,1,Bg,1,NA,FALSE
13825,IGFxm_OR,IGFxm_OR/112,Fdi,1,Fd,1,NA,FALSE
13826,IGFxm_OR,IGFxm_OR/112,Pyi,2,Py,2,NA,FALSE
13827,IGFxm_OR,IGFxm_OR/112,Se,3,Sx,3,NA,FALSE
13828,IGFxm_OR,IGFxm_OR/113,Act,2,Ac,2,NA,FALSE
13829,IGFxm_OR,IGFxm_OR/113,Bg,1,Bg,1,NA,FALSE
13830,IGFxm_OR,IGFxm_OR/113,Fdi,2,Fd,2,NA,FALSE
13831,IGFxm_OR,IGFxm_OR/113,Se,3,Sx,3,NA,FALSE
13832,IGFxm_OR,IGFxm_OR/Gg,X,NA,X,NA,NA,FALSE
13833,IGFxm_OR,IGFxm_OR/Ro,X,NA,X,NA,NA,FALSE
13834,IMAun_CO,IMAun_CO/00,X,NA,X,NA,NA,FALSE
13835,IMAun_ID,IMAun_ID/00,X,NA,X,NA,NA,FALSE
13836,IMAun_MT,IMAun_MT/00,X,NA,X,NA,NA,FALSE
13837,IMAun_OR,IMAun_OR/00,X,NA,X,NA,NA,FALSE
13838,IMAun_WA,IMAun_WA/00,X,NA,X,NA,NA,FALSE
13839,IMAun_WY,IMAun_WY/00,X,NA,X,NA,NA,FALSE
13840,IWFdm_CO,IWFdm_CO/101,At,2,At,2,NA,FALSE
13841,IWFdm_CO,IWFdm_CO/101,Bc,1,Bc,1,NA,FALSE
13842,IWFdm_CO,IWFdm_CO/101,Fdi,1,Fd,1,NA,FALSE
13843,IWFdm_CO,IWFdm_CO/101,Pyi,1,Py,1,NA,FALSE
13844,IWFdm_CO,IWFdm_CO/101,Qa,2,Qa,2,NA,FALSE
13845,IWFdm_CO,IWFdm_CO/102,Bc,2,Bc,2,NA,FALSE
13846,IWFdm_CO,IWFdm_CO/102,Jr,1,Jr,1,NA,FALSE
13847,IWFdm_CO,IWFdm_CO/102,Pe,1,Pe,1,NA,FALSE
13848,IWFdm_CO,IWFdm_CO/102,Pf,2,Pf,2,NA,FALSE
13849,IWFdm_CO,IWFdm_CO/102,Pyi,2,Py,2,NA,FALSE
13850,IWFdm_CO,IWFdm_CO/102,Qa,1,Qa,1,NA,FALSE
13851,IWFdm_CO,IWFdm_CO/110,At,1,At,1,NA,FALSE
13852,IWFdm_CO,IWFdm_CO/110,Bc,1,Bc,1,NA,FALSE
13853,IWFdm_CO,IWFdm_CO/110,Fdi,1,Fd,1,NA,FALSE
13854,IWFdm_CO,IWFdm_CO/110,Pyi,1,Py,1,NA,FALSE
13855,IWFdm_CO,IWFdm_CO/110,Qa,3,Qa,3,NA,FALSE
13856,IWFdm_CO,IWFdm_CO/111,At,2,At,2,NA,FALSE
13857,IWFdm_CO,IWFdm_CO/111,Bc,2,Bc,2,NA,FALSE
13858,IWFdm_CO,IWFdm_CO/111,Fdi,2,Fd,2,NA,FALSE
13859,IWFdm_CO,IWFdm_CO/111,Pyi,1,Py,1,NA,FALSE
13860,IWFdm_CO,IWFdm_CO/111,Se,2,Sx,2,NA,FALSE
13861,IWFdm_CO,IWFdm_CO/113,At,1,At,1,NA,FALSE
13862,IWFdm_CO,IWFdm_CO/113,Bc,1,Bc,1,NA,FALSE
13863,IWFdm_CO,IWFdm_CO/113,Fdi,2,Fd,2,NA,FALSE
13864,IWFdm_CO,IWFdm_CO/113,Se,3,Sx,3,NA,FALSE
13865,IWFdm_CO,IWFdm_CO/Gg,Jr,3,Jr,3,NA,FALSE
13866,IWFdm_CO,IWFdm_CO/Gg,Pe,3,Pe,3,NA,FALSE
13867,IWFdm_CO,IWFdm_CO/Ro,X,NA,X,NA,NA,FALSE
13868,IWFdw_OR,IWFdw_OR/101,Bc,1,Bc,1,NA,FALSE
13869,IWFdw_OR,IWFdw_OR/101,Oa,2,Oa,2,NA,FALSE
13870,IWFdw_OR,IWFdw_OR/101,Pli,2,Pl,2,NA,FALSE
13871,IWFdw_OR,IWFdw_OR/101,Ps,2,Ps,2,NA,FALSE
13872,IWFdw_OR,IWFdw_OR/101,Pyi,2,Py,2,NA,FALSE
13873,IWFdw_OR,IWFdw_OR/101,Pz,2,Pz,2,NA,FALSE
13874,IWFdw_OR,IWFdw_OR/102,Bc,3,Bc,3,NA,FALSE
13875,IWFdw_OR,IWFdw_OR/102,Jw,1,Jw,1,NA,FALSE
13876,IWFdw_OR,IWFdw_OR/102,Pli,3,Pl,3,NA,FALSE
13877,IWFdw_OR,IWFdw_OR/102,Pyi,1,Py,1,NA,FALSE
13878,IWFdw_OR,IWFdw_OR/103,Bc,1,Bc,1,NA,FALSE
13879,IWFdw_OR,IWFdw_OR/103,Jw,2,Jw,2,NA,FALSE
13880,IWFdw_OR,IWFdw_OR/103,Pli,3,Pl,3,NA,FALSE
13881,IWFdw_OR,IWFdw_OR/103,Pyi,1,Py,1,NA,FALSE
13882,IWFdw_OR,IWFdw_OR/110,Bc,1,Bc,1,NA,FALSE
13883,IWFdw_OR,IWFdw_OR/110,Fdi,2,Fd,2,NA,FALSE
13884,IWFdw_OR,IWFdw_OR/110,Pli,1,Pl,2,dvm26,FALSE
13885,IWFdw_OR,IWFdw_OR/110,Ps,3,Ps,3,NA,FALSE
13886,IWFdw_OR,IWFdw_OR/110,Pyi,2,Py,2,NA,FALSE
13887,IWFdw_OR,IWFdw_OR/111,Bc,1,Bc,1,NA,FALSE
13888,IWFdw_OR,IWFdw_OR/111,Fdi,2,Fd,2,NA,FALSE
13889,IWFdw_OR,IWFdw_OR/111,Pli,1,Pl,2,dvm26,FALSE
13890,IWFdw_OR,IWFdw_OR/112,Bc,1,Bc,1,NA,FALSE
13891,IWFdw_OR,IWFdw_OR/112,Fdi,1,Fd,1,NA,FALSE
13892,IWFdw_OR,IWFdw_OR/112,Pyi,2,Py,2,NA,FALSE
13893,IWFdw_OR,IWFdw_OR/113,At,2,At,2,NA,FALSE
13894,IWFdw_OR,IWFdw_OR/113,Bc,1,Bc,1,NA,FALSE
13895,IWFdw_OR,IWFdw_OR/113,Fdi,2,Fd,2,NA,FALSE
13896,IWFdw_OR,IWFdw_OR/Ro,X,NA,X,NA,NA,FALSE
13897,IWFxk_NV,IWFxk_NV/101,At,1,At,1,NA,FALSE
13898,IWFxk_NV,IWFxk_NV/101,Bc,1,Bc,1,NA,FALSE
13899,IWFxk_NV,IWFxk_NV/101,Fdi,3,Fd,3,NA,FALSE
13900,IWFxk_NV,IWFxk_NV/101,Om,2,Om,2,NA,FALSE
13901,IWFxk_NV,IWFxk_NV/102,Ju,1,Ju,2,dvm26,FALSE
13902,IWFxk_NV,IWFxk_NV/102,Pf,2,Pf,2,NA,FALSE
13903,IWFxk_NV,IWFxk_NV/102,Pn,2,Pn,2,NA,FALSE
13904,IWFxk_NV,IWFxk_NV/103,Jr,2,Jr,2,NA,FALSE
13905,IWFxk_NV,IWFxk_NV/103,Ju,2,Ju,2,NA,FALSE
13906,IWFxk_NV,IWFxk_NV/103,Om,1,Om,1,NA,FALSE
13907,IWFxk_NV,IWFxk_NV/103,Pf,2,Pf,2,NA,FALSE
13908,IWFxk_NV,IWFxk_NV/103,Pg,2,Pg,2,NA,FALSE
13909,IWFxk_NV,IWFxk_NV/103,Pn,2,Pn,2,NA,FALSE
13910,IWFxk_NV,IWFxk_NV/110,At,1,At,1,NA,FALSE
13911,IWFxk_NV,IWFxk_NV/110,Bc,2,Bc,1,dvm26,FALSE
13912,IWFxk_NV,IWFxk_NV/110,Fdi,3,Fd,3,NA,FALSE
13913,IWFxk_NV,IWFxk_NV/110,Om,1,Om,2,dvm26,FALSE
13914,IWFxk_NV,IWFxk_NV/111,At,2,At,2,NA,FALSE
13915,IWFxk_NV,IWFxk_NV/111,Bc,2,Bc,2,NA,FALSE
13916,IWFxk_NV,IWFxk_NV/111,Bl,2,Bl,2,NA,FALSE
13917,IWFxk_NV,IWFxk_NV/111,Se,1,Sx,2,dvm26,FALSE
13918,IWFxk_NV,IWFxk_NV/Ro,X,NA,X,NA,NA,FALSE
13919,IWFxm_CA,IWFxm_CA/101,Bc,1,Bc,1,NA,FALSE
13920,IWFxm_CA,IWFxm_CA/101,Fdi,2,Fd,2,NA,FALSE
13921,IWFxm_CA,IWFxm_CA/101,Oa,2,Oa,2,NA,FALSE
13922,IWFxm_CA,IWFxm_CA/101,Om,2,Om,2,NA,FALSE
13923,IWFxm_CA,IWFxm_CA/101,Ps,2,Ps,3,dvm26,FALSE
13924,IWFxm_CA,IWFxm_CA/101,Pyi,2,Py,2,NA,FALSE
13925,IWFxm_CA,IWFxm_CA/101,Pz,1,Pz,1,NA,FALSE
13926,IWFxm_CA,IWFxm_CA/102,Ju,2,Ju,5,dvm26,FALSE
13927,IWFxm_CA,IWFxm_CA/102,Jw,1,Jw,1,NA,FALSE
13928,IWFxm_CA,IWFxm_CA/102,Pyi,1,Py,1,NA,FALSE
13929,IWFxm_CA,IWFxm_CA/103,Bc,2,Bc,2,NA,FALSE
13930,IWFxm_CA,IWFxm_CA/103,Jw,2,Jw,2,NA,FALSE
13931,IWFxm_CA,IWFxm_CA/103,Om,2,Om,2,NA,FALSE
13932,IWFxm_CA,IWFxm_CA/103,Pyi,1,Py,1,NA,FALSE
13933,IWFxm_CA,IWFxm_CA/103,Pz,2,Pz,2,NA,FALSE
13934,IWFxm_CA,IWFxm_CA/110,Bc,1,Bc,1,NA,FALSE
13935,IWFxm_CA,IWFxm_CA/110,Fdi,2,Fd,2,NA,FALSE
13936,IWFxm_CA,IWFxm_CA/110,Oa,2,Oa,2,NA,FALSE
13937,IWFxm_CA,IWFxm_CA/110,Pli,3,Pl,3,NA,FALSE
13938,IWFxm_CA,IWFxm_CA/110,Ps,3,Ps,3,NA,FALSE
13939,IWFxm_CA,IWFxm_CA/110,Pz,1,Pz,1,NA,FALSE
13940,IWFxm_CA,IWFxm_CA/111,Bc,2,Bc,2,NA,FALSE
13941,IWFxm_CA,IWFxm_CA/111,Pli,2,Pl,2,NA,FALSE
13942,IWFxm_CA,IWFxm_CA/111,Pz,1,Pz,1,NA,FALSE
13943,IWFxm_CA,IWFxm_CA/112,At,2,At,2,NA,FALSE
13944,IWFxm_CA,IWFxm_CA/112,Bc,1,Bc,1,NA,FALSE
13945,IWFxm_CA,IWFxm_CA/112,Pz,2,Pz,2,NA,FALSE
13946,IWFxm_CA,IWFxm_CA/Ro,X,NA,X,NA,NA,FALSE
13947,JPWdm_WY,JPWdm_WY/101,Jr,1,Jr,1,NA,FALSE
13948,JPWdm_WY,JPWdm_WY/101,Ju,1,Ju,1,NA,FALSE
13949,JPWdm_WY,JPWdm_WY/101,Om,3,Om,3,NA,FALSE
13950,JPWdm_WY,JPWdm_WY/101,Pe,3,Pe,3,NA,FALSE
13951,JPWdm_WY,JPWdm_WY/101,Pf,2,Pf,2,NA,FALSE
13952,JPWdm_WY,JPWdm_WY/110,Jr,2,Jr,2,NA,FALSE
13953,JPWdm_WY,JPWdm_WY/110,Ju,1,Ju,1,NA,FALSE
13954,JPWdm_WY,JPWdm_WY/110,Om,3,Om,3,NA,FALSE
13955,JPWdm_WY,JPWdm_WY/110,Pe,3,Pe,3,NA,FALSE
13956,JPWdm_WY,JPWdm_WY/110,Pyi,2,Py,2,NA,FALSE
13957,JPWdm_WY,JPWdm_WY/111,At,3,At,3,NA,FALSE
13958,JPWdm_WY,JPWdm_WY/111,Fdi,1,Fd,1,NA,FALSE
13959,JPWdm_WY,JPWdm_WY/111,Pyi,1,Py,1,NA,FALSE
13960,JPWdm_WY,JPWdm_WY/113,Aa,1,Aa,1,NA,FALSE
13961,JPWdm_WY,JPWdm_WY/113,At,5,At,5,NA,FALSE
13962,JPWdm_WY,JPWdm_WY/113,Fdi,5,Fd,5,NA,FALSE
13963,JPWdm_WY,JPWdm_WY/Gg,Ju,3,Ju,3,NA,FALSE
13964,JPWdm_WY,JPWdm_WY/Ro,X,NA,X,NA,NA,FALSE
13965,JPWdw_UT,JPWdw_UT/101,Jr,3,Jr,3,NA,FALSE
13966,JPWdw_UT,JPWdw_UT/101,Ju,1,Ju,1,NA,FALSE
13967,JPWdw_UT,JPWdw_UT/101,Om,3,Om,3,NA,FALSE
13968,JPWdw_UT,JPWdw_UT/101,Pe,1,Pe,1,NA,FALSE
13969,JPWdw_UT,JPWdw_UT/101,Qa,3,Qa,3,NA,FALSE
13970,JPWdw_UT,JPWdw_UT/103,Fdi,5,Fd,5,NA,FALSE
13971,JPWdw_UT,JPWdw_UT/103,Jr,3,Jr,3,NA,FALSE
13972,JPWdw_UT,JPWdw_UT/103,Ju,2,Ju,2,NA,FALSE
13973,JPWdw_UT,JPWdw_UT/103,Om,2,Om,2,NA,FALSE
13974,JPWdw_UT,JPWdw_UT/103,Pe,1,Pe,1,NA,FALSE
13975,JPWdw_UT,JPWdw_UT/103,Qa,2,Qa,2,NA,FALSE
13976,JPWdw_UT,JPWdw_UT/110,Fdi,1,Fd,1,NA,FALSE
13977,JPWdw_UT,JPWdw_UT/110,Jr,3,Jr,3,NA,FALSE
13978,JPWdw_UT,JPWdw_UT/110,Ju,2,Ju,2,NA,FALSE
13979,JPWdw_UT,JPWdw_UT/110,Om,5,Om,5,NA,FALSE
13980,JPWdw_UT,JPWdw_UT/110,Pe,1,Pe,1,NA,FALSE
13981,JPWdw_UT,JPWdw_UT/110,Pyi,2,Py,2,NA,FALSE
13982,JPWdw_UT,JPWdw_UT/110,Qa,2,Qa,2,NA,FALSE
13983,JPWdw_UT,JPWdw_UT/111,Aa,5,Aa,5,NA,FALSE
13984,JPWdw_UT,JPWdw_UT/111,Act,5,Ac,5,NA,FALSE
13985,JPWdw_UT,JPWdw_UT/111,At,2,At,2,NA,FALSE
13986,JPWdw_UT,JPWdw_UT/111,Fdi,1,Fd,1,NA,FALSE
13987,JPWdw_UT,JPWdw_UT/111,Jr,5,Jr,5,NA,FALSE
13988,JPWdw_UT,JPWdw_UT/111,Ju,3,Ju,3,NA,FALSE
13989,JPWdw_UT,JPWdw_UT/111,Pe,5,Pe,5,NA,FALSE
13990,JPWdw_UT,JPWdw_UT/111,Pyi,1,Py,1,NA,FALSE
13991,JPWdw_UT,JPWdw_UT/111,Qa,3,Qa,3,NA,FALSE
13992,JPWdw_UT,JPWdw_UT/113,Aa,2,Aa,2,NA,FALSE
13993,JPWdw_UT,JPWdw_UT/113,Act,5,Ac,5,NA,FALSE
13994,JPWdw_UT,JPWdw_UT/113,At,5,At,5,NA,FALSE
13995,JPWdw_UT,JPWdw_UT/113,Fdi,5,Fd,5,NA,FALSE
13996,JPWdw_UT,JPWdw_UT/Gg,X,NA,X,NA,NA,FALSE
13997,JPWdw_UT,JPWdw_UT/Ro,X,NA,X,NA,NA,FALSE
13998,JPWmk_WY,JPWmk_WY/101,Jr,1,Jr,1,NA,FALSE
13999,JPWmk_WY,JPWmk_WY/101,Pf,2,Pf,2,NA,FALSE
14000,JPWmk_WY,JPWmk_WY/103,Jr,1,Jr,1,NA,FALSE
14001,JPWmk_WY,JPWmk_WY/103,Pf,1,Pf,1,NA,FALSE
14002,JPWmk_WY,JPWmk_WY/110,At,2,At,2,NA,FALSE
14003,JPWmk_WY,JPWmk_WY/110,Fdi,1,Fd,1,NA,FALSE
14004,JPWmk_WY,JPWmk_WY/110,Pyi,2,Py,2,NA,FALSE
14005,JPWmk_WY,JPWmk_WY/111,At,3,At,3,NA,FALSE
14006,JPWmk_WY,JPWmk_WY/111,Fdi,1,Fd,1,NA,FALSE
14007,JPWmk_WY,JPWmk_WY/111,Pli,3,Pl,3,NA,FALSE
14008,JPWmk_WY,JPWmk_WY/111,Pyi,2,Py,2,NA,FALSE
14009,JPWmk_WY,JPWmk_WY/113,Aa,1,Aa,1,NA,FALSE
14010,JPWmk_WY,JPWmk_WY/113,At,1,At,1,NA,FALSE
14011,JPWmk_WY,JPWmk_WY/113,Fdi,2,Fd,2,NA,FALSE
14012,JPWmk_WY,JPWmk_WY/Gg,Ju,3,Ju,3,NA,FALSE
14013,JPWmk_WY,JPWmk_WY/Ro,X,NA,X,NA,NA,FALSE
14014,JPWwm_CO,JPWwm_CO/101,Jo,3,Jo,3,NA,FALSE
14015,JPWwm_CO,JPWwm_CO/101,Jr,1,Jr,1,NA,FALSE
14016,JPWwm_CO,JPWwm_CO/101,Pe,1,Pe,1,NA,FALSE
14017,JPWwm_CO,JPWwm_CO/101,Qa,2,Qa,2,NA,FALSE
14018,JPWwm_CO,JPWwm_CO/103,Jo,3,Jo,3,NA,FALSE
14019,JPWwm_CO,JPWwm_CO/103,Jr,2,Jr,2,NA,FALSE
14020,JPWwm_CO,JPWwm_CO/103,Pe,1,Pe,1,NA,FALSE
14021,JPWwm_CO,JPWwm_CO/110,Fdi,2,Fd,2,NA,FALSE
14022,JPWwm_CO,JPWwm_CO/110,Jr,2,Jr,2,NA,FALSE
14023,JPWwm_CO,JPWwm_CO/110,Pe,3,Pe,3,NA,FALSE
14024,JPWwm_CO,JPWwm_CO/110,Pyi,1,Py,1,NA,FALSE
14025,JPWwm_CO,JPWwm_CO/110,Qa,2,Qa,2,NA,FALSE
14026,JPWwm_CO,JPWwm_CO/111,At,3,At,3,NA,FALSE
14027,JPWwm_CO,JPWwm_CO/111,Bc,2,Bc,2,NA,FALSE
14028,JPWwm_CO,JPWwm_CO/111,Fdi,1,Fd,1,NA,FALSE
14029,JPWwm_CO,JPWwm_CO/111,Pyi,1,Py,1,NA,FALSE
14030,JPWwm_CO,JPWwm_CO/111,Qa,3,Qa,3,NA,FALSE
14031,JPWwm_CO,JPWwm_CO/113,Aa,1,Aa,1,NA,FALSE
14032,JPWwm_CO,JPWwm_CO/113,At,1,At,1,NA,FALSE
14033,JPWwm_CO,JPWwm_CO/113,Bc,3,Bc,3,NA,FALSE
14034,JPWwm_CO,JPWwm_CO/113,Fdi,2,Fd,2,NA,FALSE
14035,JPWwm_CO,JPWwm_CO/Gg,Jo,3,Jo,3,NA,FALSE
14036,JPWwm_CO,JPWwm_CO/Gg,Jr,3,Jr,3,NA,FALSE
14037,JPWwm_CO,JPWwm_CO/Gg,Pe,3,Pe,3,NA,FALSE
14038,JPWwm_CO,JPWwm_CO/Ro,X,NA,X,NA,NA,FALSE
14039,JPWxh_CA,JPWxh_CA/101,Jc,1,Jc,1,NA,FALSE
14040,JPWxh_CA,JPWxh_CA/101,Pn,1,Pn,1,NA,FALSE
14041,JPWxh_CA,JPWxh_CA/101,Qc,2,Qc,2,NA,FALSE
14042,JPWxh_CA,JPWxh_CA/101,Qd,2,Qd,2,NA,FALSE
14043,JPWxh_CA,JPWxh_CA/101,Qz,2,Qz,2,NA,FALSE
14044,JPWxh_CA,JPWxh_CA/103,Jc,2,Jc,2,NA,FALSE
14045,JPWxh_CA,JPWxh_CA/103,Qc,1,Qc,1,NA,FALSE
14046,JPWxh_CA,JPWxh_CA/103,Qd,3,Qd,3,NA,FALSE
14047,JPWxh_CA,JPWxh_CA/103,Qz,1,Qz,1,NA,FALSE
14048,JPWxh_CA,JPWxh_CA/110,Pc,1,Pc,1,NA,FALSE
14049,JPWxh_CA,JPWxh_CA/110,Qc,2,Qc,2,NA,FALSE
14050,JPWxh_CA,JPWxh_CA/110,Qd,3,Qd,3,NA,FALSE
14051,JPWxh_CA,JPWxh_CA/110,Qz,3,Qz,3,NA,FALSE
14052,JPWxh_CA,JPWxh_CA/111,Pc,1,Pc,1,NA,FALSE
14053,JPWxh_CA,JPWxh_CA/111,Pz,1,Pz,1,NA,FALSE
14054,JPWxh_CA,JPWxh_CA/111,Qd,3,Qd,3,NA,FALSE
14055,JPWxh_CA,JPWxh_CA/111,Qz,3,Qz,3,NA,FALSE
14056,JPWxh_CA,JPWxh_CA/Gg,X,NA,X,NA,NA,FALSE
14057,JPWxh_CA,JPWxh_CA/Ro,X,NA,X,NA,NA,FALSE
14058,JPWxw_NV,JPWxw_NV/101,Ju,1,Ju,1,NA,FALSE
14059,JPWxw_NV,JPWxw_NV/101,Om,3,Om,3,NA,FALSE
14060,JPWxw_NV,JPWxw_NV/101,Pe,3,Pe,5,WHM,FALSE
14061,JPWxw_NV,JPWxw_NV/101,Pn,1,Pn,1,NA,FALSE
14062,JPWxw_NV,JPWxw_NV/103,Ju,3,Ju,3,NA,FALSE
14063,JPWxw_NV,JPWxw_NV/103,Om,1,Om,1,NA,FALSE
14064,JPWxw_NV,JPWxw_NV/103,Pn,3,Pn,3,NA,FALSE
14065,JPWxw_NV,JPWxw_NV/110,Bc,2,Bc,2,NA,FALSE
14066,JPWxw_NV,JPWxw_NV/110,Ju,1,Ju,1,NA,FALSE
14067,JPWxw_NV,JPWxw_NV/110,Om,3,Om,3,NA,FALSE
14068,JPWxw_NV,JPWxw_NV/110,Pn,2,Pn,2,NA,FALSE
14069,JPWxw_NV,JPWxw_NV/110,Ps,3,Ps,3,NA,FALSE
14070,JPWxw_NV,JPWxw_NV/110,Pyi,3,Py,3,NA,FALSE
14071,JPWxw_NV,JPWxw_NV/110,Qa,3,Qa,3,NA,FALSE
14072,JPWxw_NV,JPWxw_NV/111,Bc,3,Bc,3,NA,FALSE
14073,JPWxw_NV,JPWxw_NV/111,Ju,3,Ju,3,NA,FALSE
14074,JPWxw_NV,JPWxw_NV/111,Om,3,Om,3,NA,FALSE
14075,JPWxw_NV,JPWxw_NV/111,Pn,3,Pn,3,NA,FALSE
14076,JPWxw_NV,JPWxw_NV/111,Pyi,1,Py,1,NA,FALSE
14077,JPWxw_NV,JPWxw_NV/111,Qa,3,Qa,3,NA,FALSE
14078,JPWxw_NV,JPWxw_NV/113,Act,5,Ac,5,NA,FALSE
14079,JPWxw_NV,JPWxw_NV/113,At,NA,At,1,DVM,FALSE
14080,JPWxw_NV,JPWxw_NV/113,Bc,3,Bc,3,NA,FALSE
14081,JPWxw_NV,JPWxw_NV/113,Pyi,5,Py,5,NA,FALSE
14082,JPWxw_NV,JPWxw_NV/113,Qa,3,Qa,3,NA,FALSE
14083,JPWxw_NV,JPWxw_NV/Gg,X,NA,X,NA,NA,FALSE
14084,JPWxw_NV,JPWxw_NV/Ro,X,NA,X,NA,NA,FALSE
14085,MDCHun_NV,MDCHun_NV/110,Ju,1,Ju,1,NA,FALSE
14086,MDCHun_NV,MDCHun_NV/110,Pn,1,Pn,1,NA,FALSE
14087,MDCHun_NV,MDCHun_NV/Gs,X,NA,X,NA,NA,FALSE
14088,MDCHun_NV,MDCHun_NV/Ro,X,NA,X,NA,NA,FALSE
14089,MGPmw_MT,MGPmw_MT/110,Jr,1,Jr,1,NA,FALSE
14090,MGPmw_MT,MGPmw_MT/110,Pyi,1,Py,1,NA,FALSE
14091,MGPmw_MT,MGPmw_MT/111,Adm,2,Adm,1,dvm26,FALSE
14092,MGPmw_MT,MGPmw_MT/111,Jr,1,Jr,2,dvm26,FALSE
14093,MGPmw_MT,MGPmw_MT/111,Pyi,5,Py,5,NA,FALSE
14094,MGPmw_MT,MGPmw_MT/Gg,X,NA,X,NA,NA,FALSE
14095,MGPmw_MT,MGPmw_MT/Ro,X,NA,X,NA,NA,FALSE
14096,MHdm_OR,MHdm_OR/101,Ba,1,Ba,1,NA,FALSE
14097,MHdm_OR,MHdm_OR/101,Bg,5,Bg,5,NA,FALSE
14098,MHdm_OR,MHdm_OR/101,Bl,2,Bl,2,NA,FALSE
14099,MHdm_OR,MHdm_OR/101,Bp,2,Bp,2,NA,FALSE
14100,MHdm_OR,MHdm_OR/101,Fdc,3,Fd,3,NA,FALSE
14101,MHdm_OR,MHdm_OR/101,Hm,1,Hm,1,NA,FALSE
14102,MHdm_OR,MHdm_OR/101,Hw,3,Hw,3,NA,FALSE
14103,MHdm_OR,MHdm_OR/101,Plc,3,Pl,3,NA,FALSE
14104,MHdm_OR,MHdm_OR/101,Pw,2,Pw,2,NA,FALSE
14105,MHdm_OR,MHdm_OR/102,Ba,2,Ba,2,NA,FALSE
14106,MHdm_OR,MHdm_OR/102,Bl,5,Bl,5,NA,FALSE
14107,MHdm_OR,MHdm_OR/102,Fdc,3,Fd,3,NA,FALSE
14108,MHdm_OR,MHdm_OR/102,Hm,1,Hm,1,NA,FALSE
14109,MHdm_OR,MHdm_OR/102,Plc,3,Pl,3,NA,FALSE
14110,MHdm_OR,MHdm_OR/102,Pw,2,Pw,2,NA,FALSE
14111,MHdm_OR,MHdm_OR/103,Ba,1,Ba,1,NA,FALSE
14112,MHdm_OR,MHdm_OR/103,Bl,3,Bl,3,NA,FALSE
14113,MHdm_OR,MHdm_OR/103,Fdc,3,Fd,3,NA,FALSE
14114,MHdm_OR,MHdm_OR/103,Hm,1,Hm,1,NA,FALSE
14115,MHdm_OR,MHdm_OR/103,Plc,3,Pl,3,NA,FALSE
14116,MHdm_OR,MHdm_OR/103,Pw,2,Pw,2,NA,FALSE
14117,MHdm_OR,MHdm_OR/110,Ba,2,Ba,2,NA,FALSE
14118,MHdm_OR,MHdm_OR/110,Bl,2,Bl,2,NA,FALSE
14119,MHdm_OR,MHdm_OR/110,Bp,5,Bp,5,NA,FALSE
14120,MHdm_OR,MHdm_OR/110,Fdc,5,Fd,5,NA,FALSE
14121,MHdm_OR,MHdm_OR/110,Hm,1,Hm,1,NA,FALSE
14122,MHdm_OR,MHdm_OR/110,Hw,3,Hw,3,NA,FALSE
14123,MHdm_OR,MHdm_OR/110,Sxl,5,Ss,5,NA,FALSE
14124,MHdm_OR,MHdm_OR/110,Yc,3,Yc,3,NA,FALSE
14125,MHdm_OR,MHdm_OR/111,Ba,2,Ba,2,NA,FALSE
14126,MHdm_OR,MHdm_OR/111,Bl,2,Bl,2,NA,FALSE
14127,MHdm_OR,MHdm_OR/111,Hm,1,Hm,1,NA,FALSE
14128,MHdm_OR,MHdm_OR/111,Hw,3,Hw,3,NA,FALSE
14129,MHdm_OR,MHdm_OR/111,Yc,2,Yc,2,NA,FALSE
14130,MHdm_OR,MHdm_OR/112,Ba,1,Ba,1,NA,FALSE
14131,MHdm_OR,MHdm_OR/112,Bg,5,Bg,5,NA,FALSE
14132,MHdm_OR,MHdm_OR/112,Bl,2,Bl,2,NA,FALSE
14133,MHdm_OR,MHdm_OR/112,Bp,2,Bp,2,NA,FALSE
14134,MHdm_OR,MHdm_OR/112,Hm,2,Hm,2,NA,FALSE
14135,MHdm_OR,MHdm_OR/112,Hw,3,Hw,3,NA,FALSE
14136,MHdm_OR,MHdm_OR/112,Sxl,2,Ss,2,NA,FALSE
14137,MHdm_OR,MHdm_OR/112,Yc,3,Yc,3,NA,FALSE
14138,MHdm_OR,MHdm_OR/113,Ba,1,Ba,1,NA,FALSE
14139,MHdm_OR,MHdm_OR/113,Bl,2,Bl,2,NA,FALSE
14140,MHdm_OR,MHdm_OR/113,Bp,2,Bp,2,NA,FALSE
14141,MHdm_OR,MHdm_OR/113,Hm,2,Hm,2,NA,FALSE
14142,MHdm_OR,MHdm_OR/113,Hw,3,Hw,3,NA,FALSE
14143,MHdm_OR,MHdm_OR/113,Sxl,2,Ss,2,NA,FALSE
14144,MHdm_OR,MHdm_OR/113,Yc,2,Yc,2,NA,FALSE
14145,MHdm_OR,MHdm_OR/Ro,X,NA,X,NA,NA,FALSE
14146,MHds_OR,MHds_OR/101,Ba,1,Ba,1,NA,FALSE
14147,MHds_OR,MHds_OR/101,Bc,3,Bc,3,NA,FALSE
14148,MHds_OR,MHds_OR/101,Bl,2,Bl,2,NA,FALSE
14149,MHds_OR,MHds_OR/101,Bm,3,Bm,5,dvm26,FALSE
14150,MHds_OR,MHds_OR/101,Bp,5,Bp,5,NA,FALSE
14151,MHds_OR,MHds_OR/101,Hm,1,Hm,1,NA,FALSE
14152,MHds_OR,MHds_OR/101,Plc,3,Pl,3,NA,FALSE
14153,MHds_OR,MHds_OR/101,Pw,2,Pw,2,NA,FALSE
14154,MHds_OR,MHds_OR/102,Ba,3,Ba,3,NA,FALSE
14155,MHds_OR,MHds_OR/102,Bl,3,Bl,3,NA,FALSE
14156,MHds_OR,MHds_OR/102,Hm,2,Hm,2,NA,FALSE
14157,MHds_OR,MHds_OR/102,Pa,2,Pa,2,NA,FALSE
14158,MHds_OR,MHds_OR/102,Plc,2,Pl,2,NA,FALSE
14159,MHds_OR,MHds_OR/102,Pw,3,Pw,3,NA,FALSE
14160,MHds_OR,MHds_OR/103,Ba,2,Ba,2,NA,FALSE
14161,MHds_OR,MHds_OR/103,Bl,2,Bl,2,NA,FALSE
14162,MHds_OR,MHds_OR/103,Hm,1,Hm,1,NA,FALSE
14163,MHds_OR,MHds_OR/103,Plc,2,Pl,2,NA,FALSE
14164,MHds_OR,MHds_OR/103,Pw,2,Pw,2,NA,FALSE
14165,MHds_OR,MHds_OR/110,Ba,2,Ba,2,NA,FALSE
14166,MHds_OR,MHds_OR/110,Bl,2,Bl,2,NA,FALSE
14167,MHds_OR,MHds_OR/110,Hm,1,Hm,1,NA,FALSE
14168,MHds_OR,MHds_OR/110,Sxl,5,Ss,5,NA,FALSE
14169,MHds_OR,MHds_OR/111,Ba,2,Ba,2,NA,FALSE
14170,MHds_OR,MHds_OR/111,Bl,2,Bl,2,NA,FALSE
14171,MHds_OR,MHds_OR/111,Hm,1,Hm,1,NA,FALSE
14172,MHds_OR,MHds_OR/112,Ba,1,Ba,1,NA,FALSE
14173,MHds_OR,MHds_OR/112,Bl,2,Bl,2,NA,FALSE
14174,MHds_OR,MHds_OR/112,Hm,2,Hm,2,NA,FALSE
14175,MHds_OR,MHds_OR/112,Sxl,5,Ss,5,NA,FALSE
14176,MHds_OR,MHds_OR/113,Ba,1,Ba,1,NA,FALSE
14177,MHds_OR,MHds_OR/113,Bl,2,Bl,2,NA,FALSE
14178,MHds_OR,MHds_OR/113,Hm,2,Hm,2,NA,FALSE
14179,MHds_OR,MHds_OR/113,Sxl,2,Ss,2,NA,FALSE
14180,MHds_OR,MHds_OR/Ro,X,NA,X,NA,NA,FALSE
14181,MHds_WA,MHds_WA/101,Ba,1,Ba,1,NA,FALSE
14182,MHds_WA,MHds_WA/101,Bl,2,Bl,2,NA,FALSE
14183,MHds_WA,MHds_WA/101,Bp,3,Bp,3,NA,FALSE
14184,MHds_WA,MHds_WA/101,Hm,1,Hm,1,NA,FALSE
14185,MHds_WA,MHds_WA/101,Pw,3,Pw,3,NA,FALSE
14186,MHds_WA,MHds_WA/102,Ba,3,Ba,3,NA,FALSE
14187,MHds_WA,MHds_WA/102,Bl,3,Bl,3,NA,FALSE
14188,MHds_WA,MHds_WA/102,Hm,2,Hm,2,NA,FALSE
14189,MHds_WA,MHds_WA/102,Pa,2,Pa,2,NA,FALSE
14190,MHds_WA,MHds_WA/102,Plc,3,Pl,3,NA,FALSE
14191,MHds_WA,MHds_WA/103,Ba,2,Ba,2,NA,FALSE
14192,MHds_WA,MHds_WA/103,Bl,2,Bl,2,NA,FALSE
14193,MHds_WA,MHds_WA/103,Hm,1,Hm,1,NA,FALSE
14194,MHds_WA,MHds_WA/103,Pa,3,Pa,3,NA,FALSE
14195,MHds_WA,MHds_WA/103,Plc,3,Pl,3,NA,FALSE
14196,MHds_WA,MHds_WA/110,Ba,2,Ba,2,NA,FALSE
14197,MHds_WA,MHds_WA/110,Bl,2,Bl,2,NA,FALSE
14198,MHds_WA,MHds_WA/110,Hm,1,Hm,1,NA,FALSE
14199,MHds_WA,MHds_WA/111,Ba,2,Ba,2,NA,FALSE
14200,MHds_WA,MHds_WA/111,Bl,2,Bl,2,NA,FALSE
14201,MHds_WA,MHds_WA/111,Hm,1,Hm,1,NA,FALSE
14202,MHds_WA,MHds_WA/112,Ba,1,Ba,1,NA,FALSE
14203,MHds_WA,MHds_WA/112,Bl,2,Bl,2,NA,FALSE
14204,MHds_WA,MHds_WA/112,Hm,2,Hm,2,NA,FALSE
14205,MHds_WA,MHds_WA/112,Sxl,2,Ss,2,NA,FALSE
14206,MHds_WA,MHds_WA/113,Ba,1,Ba,1,NA,FALSE
14207,MHds_WA,MHds_WA/113,Bl,2,Bl,2,NA,FALSE
14208,MHds_WA,MHds_WA/113,Hm,2,Hm,2,NA,FALSE
14209,MHds_WA,MHds_WA/113,Sxl,2,Ss,2,NA,FALSE
14210,MHds_WA,MHds_WA/Ro,X,NA,X,NA,NA,FALSE
14211,MHmm_WA,MHmm_WA/101,Ba,1,Ba,1,NA,FALSE
14212,MHmm_WA,MHmm_WA/101,Bl,3,Bl,3,NA,FALSE
14213,MHmm_WA,MHmm_WA/101,Bp,2,Bp,2,NA,FALSE
14214,MHmm_WA,MHmm_WA/101,Hm,1,Hm,1,NA,FALSE
14215,MHmm_WA,MHmm_WA/101,Hw,3,Hw,3,NA,FALSE
14216,MHmm_WA,MHmm_WA/101,Pw,3,Pw,3,NA,FALSE
14217,MHmm_WA,MHmm_WA/101,Yc,2,Yc,2,NA,FALSE
14218,MHmm_WA,MHmm_WA/102,Ba,1,Ba,1,NA,FALSE
14219,MHmm_WA,MHmm_WA/102,Hm,1,Hm,1,NA,FALSE
14220,MHmm_WA,MHmm_WA/102,Yc,3,Yc,3,NA,FALSE
14221,MHmm_WA,MHmm_WA/110,Ba,2,Ba,2,NA,FALSE
14222,MHmm_WA,MHmm_WA/110,Bl,3,Bl,3,NA,FALSE
14223,MHmm_WA,MHmm_WA/110,Hm,1,Hm,1,NA,FALSE
14224,MHmm_WA,MHmm_WA/110,Hw,3,Hw,3,NA,FALSE
14225,MHmm_WA,MHmm_WA/110,Yc,2,Yc,2,NA,FALSE
14226,MHmm_WA,MHmm_WA/111,Ba,2,Ba,2,NA,FALSE
14227,MHmm_WA,MHmm_WA/111,Bl,3,Bl,3,NA,FALSE
14228,MHmm_WA,MHmm_WA/111,Hm,1,Hm,1,NA,FALSE
14229,MHmm_WA,MHmm_WA/111,Hw,3,Hw,3,NA,FALSE
14230,MHmm_WA,MHmm_WA/111,Yc,2,Yc,2,NA,FALSE
14231,MHmm_WA,MHmm_WA/112,Ba,1,Ba,1,NA,FALSE
14232,MHmm_WA,MHmm_WA/112,Bl,3,Bl,3,NA,FALSE
14233,MHmm_WA,MHmm_WA/112,Hm,2,Hm,2,NA,FALSE
14234,MHmm_WA,MHmm_WA/112,Hw,3,Hw,3,NA,FALSE
14235,MHmm_WA,MHmm_WA/112,Yc,2,Yc,2,NA,FALSE
14236,MHmm_WA,MHmm_WA/113,Ba,1,Ba,1,NA,FALSE
14237,MHmm_WA,MHmm_WA/113,Bl,3,Bl,3,NA,FALSE
14238,MHmm_WA,MHmm_WA/113,Hm,2,Hm,2,NA,FALSE
14239,MHmm_WA,MHmm_WA/113,Hw,3,Hw,3,NA,FALSE
14240,MHmm_WA,MHmm_WA/113,Yc,2,Yc,2,NA,FALSE
14241,MHmm_WA,MHmm_WA/Ro,X,NA,X,NA,NA,FALSE
14242,MHms_WA,MHms_WA/101,Ba,1,Ba,1,NA,FALSE
14243,MHms_WA,MHms_WA/101,Bl,2,Bl,2,NA,FALSE
14244,MHms_WA,MHms_WA/101,Bp,3,Bp,3,NA,FALSE
14245,MHms_WA,MHms_WA/101,Hm,1,Hm,1,NA,FALSE
14246,MHms_WA,MHms_WA/101,Hw,3,Hw,3,NA,FALSE
14247,MHms_WA,MHms_WA/101,Pw,2,Pw,2,NA,FALSE
14248,MHms_WA,MHms_WA/101,Sxl,3,Ss,3,NA,FALSE
14249,MHms_WA,MHms_WA/101,Yc,3,Yc,3,NA,FALSE
14250,MHms_WA,MHms_WA/102,Ba,3,Ba,3,NA,FALSE
14251,MHms_WA,MHms_WA/102,Bl,2,Bl,2,NA,FALSE
14252,MHms_WA,MHms_WA/102,Hm,2,Hm,2,NA,FALSE
14253,MHms_WA,MHms_WA/102,Pa,1,Pa,1,NA,FALSE
14254,MHms_WA,MHms_WA/102,Plc,3,Pl,3,NA,FALSE
14255,MHms_WA,MHms_WA/103,Ba,2,Ba,2,NA,FALSE
14256,MHms_WA,MHms_WA/103,Bl,2,Bl,2,NA,FALSE
14257,MHms_WA,MHms_WA/103,Hm,2,Hm,2,NA,FALSE
14258,MHms_WA,MHms_WA/103,Hw,3,Hw,3,NA,FALSE
14259,MHms_WA,MHms_WA/103,Plc,5,Pl,5,NA,FALSE
14260,MHms_WA,MHms_WA/103,Pw,2,Pw,2,NA,FALSE
14261,MHms_WA,MHms_WA/110,Ba,2,Ba,2,NA,FALSE
14262,MHms_WA,MHms_WA/110,Bl,2,Bl,2,NA,FALSE
14263,MHms_WA,MHms_WA/110,Hm,1,Hm,1,NA,FALSE
14264,MHms_WA,MHms_WA/110,Hw,3,Hw,3,NA,FALSE
14265,MHms_WA,MHms_WA/110,Sxl,5,Ss,5,NA,FALSE
14266,MHms_WA,MHms_WA/110,Yc,2,Yc,2,NA,FALSE
14267,MHms_WA,MHms_WA/111,Ba,2,Ba,2,NA,FALSE
14268,MHms_WA,MHms_WA/111,Bl,2,Bl,2,NA,FALSE
14269,MHms_WA,MHms_WA/111,Hm,1,Hm,1,NA,FALSE
14270,MHms_WA,MHms_WA/111,Yc,2,Yc,2,NA,FALSE
14271,MHms_WA,MHms_WA/112,Ba,1,Ba,1,NA,FALSE
14272,MHms_WA,MHms_WA/112,Bl,2,Bl,2,NA,FALSE
14273,MHms_WA,MHms_WA/112,Hm,2,Hm,2,NA,FALSE
14274,MHms_WA,MHms_WA/112,Hw,3,Hw,3,NA,FALSE
14275,MHms_WA,MHms_WA/112,Sxl,2,Ss,2,NA,FALSE
14276,MHms_WA,MHms_WA/112,Yc,2,Yc,2,NA,FALSE
14277,MHms_WA,MHms_WA/113,Ba,1,Ba,1,NA,FALSE
14278,MHms_WA,MHms_WA/113,Bl,2,Bl,2,NA,FALSE
14279,MHms_WA,MHms_WA/113,Hm,2,Hm,2,NA,FALSE
14280,MHms_WA,MHms_WA/113,Sxl,2,Ss,2,NA,FALSE
14281,MHms_WA,MHms_WA/113,Yc,2,Yc,2,NA,FALSE
14282,MHms_WA,MHms_WA/Ro,X,NA,X,NA,NA,FALSE
14283,MHRFdm_OR,MHRFdm_OR/101,Bc,1,Bc,1,NA,FALSE
14284,MHRFdm_OR,MHRFdm_OR/101,Bm,1,Bm,1,NA,FALSE
14285,MHRFdm_OR,MHRFdm_OR/101,Bp,5,Bp,5,NA,FALSE
14286,MHRFdm_OR,MHRFdm_OR/101,Fdc,2,Fd,2,NA,FALSE
14287,MHRFdm_OR,MHRFdm_OR/101,Hm,2,Hm,2,NA,FALSE
14288,MHRFdm_OR,MHRFdm_OR/101,Oa,3,Oa,3,NA,FALSE
14289,MHRFdm_OR,MHRFdm_OR/101,Oy,2,Oy,2,NA,FALSE
14290,MHRFdm_OR,MHRFdm_OR/101,Ps,3,Ps,3,NA,FALSE
14291,MHRFdm_OR,MHRFdm_OR/101,Pw,2,Pw,2,NA,FALSE
14292,MHRFdm_OR,MHRFdm_OR/102,Bc,2,Bc,2,NA,FALSE
14293,MHRFdm_OR,MHRFdm_OR/102,Bm,1,Bm,1,NA,FALSE
14294,MHRFdm_OR,MHRFdm_OR/102,Fdc,3,Fd,3,NA,FALSE
14295,MHRFdm_OR,MHRFdm_OR/102,Hm,3,Hm,3,NA,FALSE
14296,MHRFdm_OR,MHRFdm_OR/102,Plc,2,Pl,2,NA,FALSE
14297,MHRFdm_OR,MHRFdm_OR/102,Pw,2,Pw,2,NA,FALSE
14298,MHRFdm_OR,MHRFdm_OR/102,Pyc,3,Py,3,NA,FALSE
14299,MHRFdm_OR,MHRFdm_OR/110,Bc,1,Bc,1,NA,FALSE
14300,MHRFdm_OR,MHRFdm_OR/110,Bm,1,Bm,1,NA,FALSE
14301,MHRFdm_OR,MHRFdm_OR/110,Hm,3,Hm,3,NA,FALSE
14302,MHRFdm_OR,MHRFdm_OR/110,Oa,3,Oa,3,NA,FALSE
14303,MHRFdm_OR,MHRFdm_OR/110,Qc,5,Qc,5,NA,FALSE
14304,MHRFdm_OR,MHRFdm_OR/Ro,X,NA,X,NA,NA,FALSE
14305,MHRFdmp_OR,MHRFdmp_OR/Ro,X,NA,X,NA,NA,FALSE
14306,MHRFds_CA,MHRFds_CA/101,Bc,2,Bc,2,NA,FALSE
14307,MHRFds_CA,MHRFds_CA/101,Bm,1,Bm,1,NA,FALSE
14308,MHRFds_CA,MHRFds_CA/101,Hm,3,Hm,3,NA,FALSE
14309,MHRFds_CA,MHRFds_CA/101,Plc,2,Pl,2,NA,FALSE
14310,MHRFds_CA,MHRFds_CA/101,Ps,2,Ps,2,NA,FALSE
14311,MHRFds_CA,MHRFds_CA/101,Pw,2,Pw,2,NA,FALSE
14312,MHRFds_CA,MHRFds_CA/102,Bc,1,Bc,1,NA,FALSE
14313,MHRFds_CA,MHRFds_CA/102,Bm,1,Bm,1,NA,FALSE
14314,MHRFds_CA,MHRFds_CA/102,Oy,5,Oy,5,NA,FALSE
14315,MHRFds_CA,MHRFds_CA/102,Pa,3,Pa,3,NA,FALSE
14316,MHRFds_CA,MHRFds_CA/102,Plc,2,Pl,2,NA,FALSE
14317,MHRFds_CA,MHRFds_CA/102,Ps,3,Ps,3,NA,FALSE
14318,MHRFds_CA,MHRFds_CA/102,Pw,2,Pw,2,NA,FALSE
14319,MHRFds_CA,MHRFds_CA/102,Pyc,2,Py,2,NA,FALSE
14320,MHRFds_CA,MHRFds_CA/102,Pz,2,Pz,2,NA,FALSE
14321,MHRFds_CA,MHRFds_CA/110,Bc,3,Bc,3,NA,FALSE
14322,MHRFds_CA,MHRFds_CA/110,Bm,1,Bm,1,NA,FALSE
14323,MHRFds_CA,MHRFds_CA/110,Hm,1,Hm,1,NA,FALSE
14324,MHRFds_CA,MHRFds_CA/110,Oa,3,Oa,3,NA,FALSE
14325,MHRFds_CA,MHRFds_CA/110,Plc,2,Pl,2,NA,FALSE
14326,MHRFds_CA,MHRFds_CA/110,Pw,3,Pw,3,NA,FALSE
14327,MHRFds_CA,MHRFds_CA/Ro,X,NA,X,NA,NA,FALSE
14328,MHRFdsp_CA,MHRFdsp_CA/Ro,X,NA,X,NA,NA,FALSE
14329,MHRFmm_OR,MHRFmm_OR/101,Bc,2,Bc,2,NA,FALSE
14330,MHRFmm_OR,MHRFmm_OR/101,Bm,1,Bm,1,NA,FALSE
14331,MHRFmm_OR,MHRFmm_OR/101,Bp,2,Bp,2,NA,FALSE
14332,MHRFmm_OR,MHRFmm_OR/101,Fdc,3,Fd,3,NA,FALSE
14333,MHRFmm_OR,MHRFmm_OR/101,Hm,1,Hm,1,NA,FALSE
14334,MHRFmm_OR,MHRFmm_OR/101,Oy,3,Oy,3,NA,FALSE
14335,MHRFmm_OR,MHRFmm_OR/101,Plc,2,Pl,2,NA,FALSE
14336,MHRFmm_OR,MHRFmm_OR/101,Pw,2,Pw,2,NA,FALSE
14337,MHRFmm_OR,MHRFmm_OR/102,Bm,2,Bm,2,NA,FALSE
14338,MHRFmm_OR,MHRFmm_OR/102,Fdc,3,Fd,3,NA,FALSE
14339,MHRFmm_OR,MHRFmm_OR/102,Hm,2,Hm,2,NA,FALSE
14340,MHRFmm_OR,MHRFmm_OR/102,Pa,3,Pa,3,NA,FALSE
14341,MHRFmm_OR,MHRFmm_OR/102,Plc,2,Pl,2,NA,FALSE
14342,MHRFmm_OR,MHRFmm_OR/102,Pw,2,Pw,2,NA,FALSE
14343,MHRFmm_OR,MHRFmm_OR/110,Ba,3,Ba,3,NA,FALSE
14344,MHRFmm_OR,MHRFmm_OR/110,Bc,1,Bc,1,NA,FALSE
14345,MHRFmm_OR,MHRFmm_OR/110,Bm,1,Bm,1,NA,FALSE
14346,MHRFmm_OR,MHRFmm_OR/110,Fdc,2,Fd,2,NA,FALSE
14347,MHRFmm_OR,MHRFmm_OR/110,Hm,2,Hm,2,NA,FALSE
14348,MHRFmm_OR,MHRFmm_OR/110,Oa,3,Oa,3,NA,FALSE
14349,MHRFmm_OR,MHRFmm_OR/110,Pw,2,Pw,2,NA,FALSE
14350,MHRFmm_OR,MHRFmm_OR/Ro,X,NA,X,NA,NA,FALSE
14351,MHRFmmp_OR,MHRFmmp_OR/00,Hm,3,Hm,3,NA,FALSE
14352,MHRFmmp_OR,MHRFmmp_OR/Ro,X,NA,X,NA,NA,FALSE
14353,MMMdk_NV,MMMdk_NV/101,Om,1,Om,1,dvm26,FALSE
14354,MMMdk_NV,MMMdk_NV/101,At,2,At,2,dvm26,FALSE
14355,MMMdk_NV,MMMdk_NV/102,Om,1,Om,2,dvm26,FALSE
14356,MMMdk_NV,MMMdk_NV/103,Om,1,Om,1,dvm26,FALSE
14357,MMMdk_NV,MMMdk_NV/110,Om,1,Om,1,dvm26,FALSE
14358,MMMdk_NV,MMMdk_NV/110,At,1,At,1,dvm26,FALSE
14359,MMMdk_NV,MMMdk_NV/111,Om,2,Om,2,dvm26,FALSE
14360,MMMdk_NV,MMMdk_NV/111,At,2,At,2,dvm26,FALSE
14361,MMMdk_NV,MMMdk_NV/Ro,X,NA,X,NA,NA,FALSE
14362,MSabN,MSabN/a,X,NA,X,NA,VC,FALSE
14363,MSabN,MSabN/b,Acb,3,Ac,3,NA,FALSE
14364,MSabN,MSabN/b,At,2,At,2,NA,FALSE
14365,MSabN,MSabN/b,Ep,3,Ep,3,NA,FALSE
14366,MSabN,MSabN/b,Fdi,5,Fd,5,NA,FALSE
14367,MSabN,MSabN/b,Pli,1,Pl,1,NA,FALSE
14368,MSabN,MSabN/b,Sxw,1,Sx,1,NA,FALSE
14369,MSabN,MSabN/c,Acb,3,Ac,3,NA,FALSE
14370,MSabN,MSabN/c,At,1,At,1,NA,FALSE
14371,MSabN,MSabN/c,Bb,5,Bb,5,NA,FALSE
14372,MSabN,MSabN/c,Ep,3,Ep,3,NA,FALSE
14373,MSabN,MSabN/c,Fdi,5,Fd,5,NA,FALSE
14374,MSabN,MSabN/c,Pli,1,Pl,1,NA,FALSE
14375,MSabN,MSabN/c,Sb,5,Sb,5,NA,FALSE
14376,MSabN,MSabN/c,Sxw,1,Sx,1,NA,FALSE
14377,MSabN,MSabN/d,Acb,1,Ac,1,NA,FALSE
14378,MSabN,MSabN/d,At,1,At,1,NA,FALSE
14379,MSabN,MSabN/d,Ep,3,Ep,3,NA,FALSE
14380,MSabN,MSabN/d,Sxw,2,Sx,2,NA,FALSE
14381,MSabN,MSabN/f,Acb,3,Ac,3,NA,FALSE
14382,MSabN,MSabN/f,Ep,3,Ep,3,NA,FALSE
14383,MSabN,MSabN/f,Sxw,1,Sx,1,NA,FALSE
14384,MSabN,MSabN/g,Lt,3,Lt,3,NA,FALSE
14385,MSabN,MSabN/g,Sb,1,Sb,1,NA,FALSE
14386,MSabN,MSabN/g,Sxw,3,Sx,3,NA,FALSE
14387,MSabN,MSabN/Ro,X,NA,X,NA,NA,FALSE
14388,MSabS,MSabS/a,X,NA,X,NA,VC,FALSE
14389,MSabS,MSabS/b,Acb,3,Ac,3,NA,FALSE
14390,MSabS,MSabS/b,At,2,At,2,NA,FALSE
14391,MSabS,MSabS/b,Ep,3,Ep,3,NA,FALSE
14392,MSabS,MSabS/b,Fdi,2,Fd,2,NA,FALSE
14393,MSabS,MSabS/b,Pf,2,Pf,2,NA,FALSE
14394,MSabS,MSabS/b,Pli,1,Pl,1,NA,FALSE
14395,MSabS,MSabS/b,Sxw,1,Sx,1,NA,FALSE
14396,MSabS,MSabS/c,Acb,3,Ac,3,NA,FALSE
14397,MSabS,MSabS/c,At,1,At,1,NA,FALSE
14398,MSabS,MSabS/c,Bb,5,Bb,5,NA,FALSE
14399,MSabS,MSabS/c,Ep,3,Ep,3,NA,FALSE
14400,MSabS,MSabS/c,Fdi,3,Fd,3,NA,FALSE
14401,MSabS,MSabS/c,Pli,1,Pl,1,NA,FALSE
14402,MSabS,MSabS/c,Sb,5,Sb,5,NA,FALSE
14403,MSabS,MSabS/c,Sxw,1,Sx,1,NA,FALSE
14404,MSabS,MSabS/d,Acb,1,Ac,1,NA,FALSE
14405,MSabS,MSabS/d,At,1,At,1,NA,FALSE
14406,MSabS,MSabS/d,Ep,3,Ep,3,NA,FALSE
14407,MSabS,MSabS/d,Sxw,2,Sx,2,NA,FALSE
14408,MSabS,MSabS/f,Acb,3,Ac,3,NA,FALSE
14409,MSabS,MSabS/f,Bl,3,Bl,3,NA,FALSE
14410,MSabS,MSabS/f,Ep,3,Ep,3,NA,FALSE
14411,MSabS,MSabS/f,Sxw,1,Sx,1,NA,FALSE
14412,MSabS,MSabS/g,Lt,3,Lt,3,NA,FALSE
14413,MSabS,MSabS/g,Sb,5,Sb,5,NA,FALSE
14414,MSabS,MSabS/g,Sxw,3,Sx,3,NA,FALSE
14415,MSabS,MSabS/Ro,X,NA,X,NA,NA,FALSE
14416,MSdh_MT,MSdh_MT/101,At,2,At,2,NA,FALSE
14417,MSdh_MT,MSdh_MT/101,Bl,2,Bl,2,NA,FALSE
14418,MSdh_MT,MSdh_MT/101,Fdi,2,Fd,2,NA,FALSE
14419,MSdh_MT,MSdh_MT/101,Lw,3,Lw,3,NA,FALSE
14420,MSdh_MT,MSdh_MT/101,Pa,3,Pa,3,NA,FALSE
14421,MSdh_MT,MSdh_MT/101,Pli,1,Pl,1,NA,FALSE
14422,MSdh_MT,MSdh_MT/101,Sxw,1,Sx,1,NA,FALSE
14423,MSdh_MT,MSdh_MT/102,Bl,5,Bl,5,NA,FALSE
14424,MSdh_MT,MSdh_MT/102,Fdi,1,Fd,1,NA,FALSE
14425,MSdh_MT,MSdh_MT/102,Pa,3,Pa,3,NA,FALSE
14426,MSdh_MT,MSdh_MT/102,Pf,3,Pf,3,NA,FALSE
14427,MSdh_MT,MSdh_MT/102,Pli,1,Pl,1,NA,FALSE
14428,MSdh_MT,MSdh_MT/103,Bl,3,Bl,3,NA,FALSE
14429,MSdh_MT,MSdh_MT/103,Fdi,1,Fd,1,NA,FALSE
14430,MSdh_MT,MSdh_MT/103,Pa,2,Pa,2,NA,FALSE
14431,MSdh_MT,MSdh_MT/103,Pli,1,Pl,1,NA,FALSE
14432,MSdh_MT,MSdh_MT/103,Sxw,3,Sx,3,NA,FALSE
14433,MSdh_MT,MSdh_MT/110,Act,5,Ac,5,NA,FALSE
14434,MSdh_MT,MSdh_MT/110,At,5,At,5,NA,FALSE
14435,MSdh_MT,MSdh_MT/110,Bl,1,Bl,1,NA,FALSE
14436,MSdh_MT,MSdh_MT/110,Fdi,2,Fd,2,NA,FALSE
14437,MSdh_MT,MSdh_MT/110,Pa,5,Pa,5,NA,FALSE
14438,MSdh_MT,MSdh_MT/110,Pli,1,Pl,1,NA,FALSE
14439,MSdh_MT,MSdh_MT/110,Sxw,1,Sx,1,NA,FALSE
14440,MSdh_MT,MSdh_MT/111,Bl,1,Bl,1,NA,FALSE
14441,MSdh_MT,MSdh_MT/111,Pli,1,Pl,1,NA,FALSE
14442,MSdh_MT,MSdh_MT/111,Sxw,1,Sx,1,NA,FALSE
14443,MSdh_MT,MSdh_MT/112,At,2,At,2,NA,FALSE
14444,MSdh_MT,MSdh_MT/112,Bl,2,Bl,2,NA,FALSE
14445,MSdh_MT,MSdh_MT/112,Fdi,2,Fd,2,NA,FALSE
14446,MSdh_MT,MSdh_MT/112,Pli,1,Pl,1,NA,FALSE
14447,MSdh_MT,MSdh_MT/112,Sxw,1,Sx,1,NA,FALSE
14448,MSdh_MT,MSdh_MT/113,Act,2,Ac,2,NA,FALSE
14449,MSdh_MT,MSdh_MT/113,Bl,2,Bl,2,NA,FALSE
14450,MSdh_MT,MSdh_MT/113,Pli,2,Pl,2,NA,FALSE
14451,MSdh_MT,MSdh_MT/113,Sxw,1,Sx,1,NA,FALSE
14452,MSdh_MT,MSdh_MT/Ro,X,NA,X,NA,NA,FALSE
14453,MSdh_UT,MSdh_UT/101,At,1,At,1,NA,FALSE
14454,MSdh_UT,MSdh_UT/101,Bc,2,Bc,2,NA,FALSE
14455,MSdh_UT,MSdh_UT/101,Bl,2,Bl,2,NA,FALSE
14456,MSdh_UT,MSdh_UT/101,Fdi,1,Fd,1,NA,FALSE
14457,MSdh_UT,MSdh_UT/101,Om,2,Om,2,NA,FALSE
14458,MSdh_UT,MSdh_UT/101,Pyi,2,Py,2,NA,FALSE
14459,MSdh_UT,MSdh_UT/101,Qa,1,Qa,2,dvm26,FALSE
14460,MSdh_UT,MSdh_UT/101,Sxw,3,Sx,3,NA,FALSE
14461,MSdh_UT,MSdh_UT/102,Jr,1,Jr,1,NA,FALSE
14462,MSdh_UT,MSdh_UT/102,Pe,2,Pe,2,NA,FALSE
14463,MSdh_UT,MSdh_UT/102,Pf,2,Pf,2,NA,FALSE
14464,MSdh_UT,MSdh_UT/103,At,2,At,2,NA,FALSE
14465,MSdh_UT,MSdh_UT/103,Fdi,3,Fd,3,NA,FALSE
14466,MSdh_UT,MSdh_UT/103,Jr,1,Jr,1,NA,FALSE
14467,MSdh_UT,MSdh_UT/103,Om,3,Om,3,NA,FALSE
14468,MSdh_UT,MSdh_UT/103,Pf,2,Pf,2,NA,FALSE
14469,MSdh_UT,MSdh_UT/103,Pyi,3,Py,3,NA,FALSE
14470,MSdh_UT,MSdh_UT/110,At,1,At,1,NA,FALSE
14471,MSdh_UT,MSdh_UT/110,Bc,2,Bc,2,NA,FALSE
14472,MSdh_UT,MSdh_UT/110,Bl,2,Bl,2,NA,FALSE
14473,MSdh_UT,MSdh_UT/110,Fdi,1,Fd,1,NA,FALSE
14474,MSdh_UT,MSdh_UT/110,Pli,2,Pl,2,NA,FALSE
14475,MSdh_UT,MSdh_UT/110,Sxw,2,Sx,2,NA,FALSE
14476,MSdh_UT,MSdh_UT/111,At,1,At,1,NA,FALSE
14477,MSdh_UT,MSdh_UT/111,Bc,2,Bc,2,NA,FALSE
14478,MSdh_UT,MSdh_UT/111,Bl,1,Bl,1,NA,FALSE
14479,MSdh_UT,MSdh_UT/111,Pli,3,Pl,3,NA,FALSE
14480,MSdh_UT,MSdh_UT/Ro,X,NA,X,NA,NA,FALSE
14481,MSdh_WY,MSdh_WY/101,At,2,At,2,NA,FALSE
14482,MSdh_WY,MSdh_WY/101,Bl,2,Bl,2,NA,FALSE
14483,MSdh_WY,MSdh_WY/101,Fdi,2,Fd,2,NA,FALSE
14484,MSdh_WY,MSdh_WY/101,Pa,3,Pa,3,NA,FALSE
14485,MSdh_WY,MSdh_WY/101,Pli,1,Pl,1,NA,FALSE
14486,MSdh_WY,MSdh_WY/101,Sxw,1,Sx,1,NA,FALSE
14487,MSdh_WY,MSdh_WY/102,Bl,5,Bl,5,NA,FALSE
14488,MSdh_WY,MSdh_WY/102,Fdi,1,Fd,1,NA,FALSE
14489,MSdh_WY,MSdh_WY/102,Pa,3,Pa,2,dvm26,FALSE
14490,MSdh_WY,MSdh_WY/102,Pf,3,Pf,2,dvm26,FALSE
14491,MSdh_WY,MSdh_WY/102,Pli,1,Pl,1,NA,FALSE
14492,MSdh_WY,MSdh_WY/103,Bl,3,Bl,3,NA,FALSE
14493,MSdh_WY,MSdh_WY/103,Fdi,1,Fd,1,NA,FALSE
14494,MSdh_WY,MSdh_WY/103,Pa,2,Pa,2,NA,FALSE
14495,MSdh_WY,MSdh_WY/103,Pli,1,Pl,1,NA,FALSE
14496,MSdh_WY,MSdh_WY/103,Sxw,3,Sx,3,NA,FALSE
14497,MSdh_WY,MSdh_WY/110,Act,5,Ac,5,NA,FALSE
14498,MSdh_WY,MSdh_WY/110,At,5,At,5,NA,FALSE
14499,MSdh_WY,MSdh_WY/110,Bl,1,Bl,1,NA,FALSE
14500,MSdh_WY,MSdh_WY/110,Fdi,2,Fd,2,NA,FALSE
14501,MSdh_WY,MSdh_WY/110,Pa,5,Pa,5,NA,FALSE
14502,MSdh_WY,MSdh_WY/110,Pli,1,Pl,1,NA,FALSE
14503,MSdh_WY,MSdh_WY/110,Sxw,1,Sx,1,NA,FALSE
14504,MSdh_WY,MSdh_WY/111,Bl,1,Bl,1,NA,FALSE
14505,MSdh_WY,MSdh_WY/111,Pli,1,Pl,1,NA,FALSE
14506,MSdh_WY,MSdh_WY/111,Sxw,1,Sx,1,NA,FALSE
14507,MSdh_WY,MSdh_WY/112,At,2,At,2,NA,FALSE
14508,MSdh_WY,MSdh_WY/112,Bl,2,Bl,2,NA,FALSE
14509,MSdh_WY,MSdh_WY/112,Fdi,2,Fd,2,NA,FALSE
14510,MSdh_WY,MSdh_WY/112,Pli,1,Pl,1,NA,FALSE
14511,MSdh_WY,MSdh_WY/112,Sxw,1,Sx,1,NA,FALSE
14512,MSdh_WY,MSdh_WY/113,Act,2,Ac,2,NA,FALSE
14513,MSdh_WY,MSdh_WY/113,Bl,2,Bl,2,NA,FALSE
14514,MSdh_WY,MSdh_WY/113,Pli,2,Pl,2,NA,FALSE
14515,MSdh_WY,MSdh_WY/113,Sxw,1,Sx,1,NA,FALSE
14516,MSdh_WY,MSdh_WY/Ro,X,NA,X,NA,NA,FALSE
14517,MSdk_CO,MSdk_CO/101,At,1,At,1,NA,FALSE
14518,MSdk_CO,MSdk_CO/101,Bc,2,Bc,2,NA,FALSE
14519,MSdk_CO,MSdk_CO/101,Bl,2,Bl,2,NA,FALSE
14520,MSdk_CO,MSdk_CO/101,Bla,2,Bla,2,NA,FALSE
14521,MSdk_CO,MSdk_CO/101,Fdi,1,Fd,1,NA,FALSE
14522,MSdk_CO,MSdk_CO/101,Sxw,1,Sx,1,NA,FALSE
14523,MSdk_CO,MSdk_CO/102,Jr,1,Jr,1,NA,FALSE
14524,MSdk_CO,MSdk_CO/102,Pf,2,Pf,2,NA,FALSE
14525,MSdk_CO,MSdk_CO/102,Pyi,3,Py,3,NA,FALSE
14526,MSdk_CO,MSdk_CO/102,Qa,2,Qa,2,NA,FALSE
14527,MSdk_CO,MSdk_CO/103,At,3,At,3,NA,FALSE
14528,MSdk_CO,MSdk_CO/103,Fdi,1,Fd,1,NA,FALSE
14529,MSdk_CO,MSdk_CO/103,Jr,3,Jr,3,NA,FALSE
14530,MSdk_CO,MSdk_CO/103,Pf,2,Pf,2,NA,FALSE
14531,MSdk_CO,MSdk_CO/103,Pyi,2,Py,2,NA,FALSE
14532,MSdk_CO,MSdk_CO/103,Qa,2,Qa,2,NA,FALSE
14533,MSdk_CO,MSdk_CO/110,At,2,At,2,NA,FALSE
14534,MSdk_CO,MSdk_CO/110,Bc,2,Bc,2,NA,FALSE
14535,MSdk_CO,MSdk_CO/110,Bl,2,Bl,2,NA,FALSE
14536,MSdk_CO,MSdk_CO/110,Fdi,2,Fd,2,NA,FALSE
14537,MSdk_CO,MSdk_CO/110,Sp,2,Sp,2,NA,FALSE
14538,MSdk_CO,MSdk_CO/110,Sxw,1,Sx,1,NA,FALSE
14539,MSdk_CO,MSdk_CO/111,At,2,At,2,NA,FALSE
14540,MSdk_CO,MSdk_CO/111,Bc,2,Bc,2,NA,FALSE
14541,MSdk_CO,MSdk_CO/111,Bl,2,Bl,2,NA,FALSE
14542,MSdk_CO,MSdk_CO/111,Pli,3,Pl,3,NA,FALSE
14543,MSdk_CO,MSdk_CO/111,Sp,2,Sp,2,NA,FALSE
14544,MSdk_CO,MSdk_CO/111,Sxw,1,Sx,1,NA,FALSE
14545,MSdk_CO,MSdk_CO/112,At,1,At,1,NA,FALSE
14546,MSdk_CO,MSdk_CO/112,Bc,3,Bc,3,NA,FALSE
14547,MSdk_CO,MSdk_CO/112,Bl,3,Bl,3,NA,FALSE
14548,MSdk_CO,MSdk_CO/112,Fdi,2,Fd,2,NA,FALSE
14549,MSdk_CO,MSdk_CO/112,Sp,2,Sp,2,NA,FALSE
14550,MSdk_CO,MSdk_CO/112,Sxw,2,Sx,2,NA,FALSE
14551,MSdk_CO,MSdk_CO/113,Aa,2,Aa,2,NA,FALSE
14552,MSdk_CO,MSdk_CO/113,At,1,At,1,NA,FALSE
14553,MSdk_CO,MSdk_CO/113,Bc,3,Bc,3,NA,FALSE
14554,MSdk_CO,MSdk_CO/113,Bl,3,Bl,3,NA,FALSE
14555,MSdk_CO,MSdk_CO/113,Sp,2,Sp,2,NA,FALSE
14556,MSdk_CO,MSdk_CO/113,Sxw,2,Sx,2,NA,FALSE
14557,MSdk_CO,MSdk_CO/Ro,X,NA,X,NA,NA,FALSE
14558,MSdm_WA,MSdm_WA/101,At,3,At,3,NA,FALSE
14559,MSdm_WA,MSdm_WA/101,Bl,2,Bl,2,NA,FALSE
14560,MSdm_WA,MSdm_WA/101,Fdi,1,Fd,1,NA,FALSE
14561,MSdm_WA,MSdm_WA/101,Lw,2,Lw,2,NA,FALSE
14562,MSdm_WA,MSdm_WA/101,Pli,1,Pl,1,NA,FALSE
14563,MSdm_WA,MSdm_WA/101,Sxw,1,Sx,1,NA,FALSE
14564,MSdm_WA,MSdm_WA/102,Fdi,1,Fd,1,NA,FALSE
14565,MSdm_WA,MSdm_WA/102,Lw,2,Lw,2,NA,FALSE
14566,MSdm_WA,MSdm_WA/102,Pli,3,Pl,3,NA,FALSE
14567,MSdm_WA,MSdm_WA/102,Pyi,1,Py,1,NA,FALSE
14568,MSdm_WA,MSdm_WA/103,Fdi,1,Fd,1,NA,FALSE
14569,MSdm_WA,MSdm_WA/103,Lw,2,Lw,2,NA,FALSE
14570,MSdm_WA,MSdm_WA/103,Pli,2,Pl,2,NA,FALSE
14571,MSdm_WA,MSdm_WA/103,Pyi,2,Py,2,NA,FALSE
14572,MSdm_WA,MSdm_WA/110,At,3,At,3,NA,FALSE
14573,MSdm_WA,MSdm_WA/110,Bl,1,Bl,1,NA,FALSE
14574,MSdm_WA,MSdm_WA/110,Fdi,3,Fd,3,NA,FALSE
14575,MSdm_WA,MSdm_WA/110,Lw,3,Lw,3,NA,FALSE
14576,MSdm_WA,MSdm_WA/110,Pli,1,Pl,1,NA,FALSE
14577,MSdm_WA,MSdm_WA/110,Sxw,1,Sx,1,NA,FALSE
14578,MSdm_WA,MSdm_WA/111,Act,3,Ac,3,NA,FALSE
14579,MSdm_WA,MSdm_WA/111,At,2,At,2,NA,FALSE
14580,MSdm_WA,MSdm_WA/111,Bl,2,Bl,2,NA,FALSE
14581,MSdm_WA,MSdm_WA/111,Fdi,3,Fd,3,NA,FALSE
14582,MSdm_WA,MSdm_WA/111,Sxw,1,Sx,1,NA,FALSE
14583,MSdm_WA,MSdm_WA/112,At,2,At,2,NA,FALSE
14584,MSdm_WA,MSdm_WA/112,Bl,2,Bl,2,NA,FALSE
14585,MSdm_WA,MSdm_WA/112,Fdi,2,Fd,2,NA,FALSE
14586,MSdm_WA,MSdm_WA/112,Lw,2,Lw,2,NA,FALSE
14587,MSdm_WA,MSdm_WA/112,Pli,1,Pl,1,NA,FALSE
14588,MSdm_WA,MSdm_WA/112,Sxw,1,Sx,1,NA,FALSE
14589,MSdm_WA,MSdm_WA/113,Act,2,Ac,2,NA,FALSE
14590,MSdm_WA,MSdm_WA/113,At,2,At,2,NA,FALSE
14591,MSdm_WA,MSdm_WA/113,Bl,2,Bl,2,NA,FALSE
14592,MSdm_WA,MSdm_WA/113,Fdi,3,Fd,3,NA,FALSE
14593,MSdm_WA,MSdm_WA/113,Pli,2,Pl,2,NA,FALSE
14594,MSdm_WA,MSdm_WA/113,Sxw,1,Sx,1,NA,FALSE
14595,MSdm_WA,MSdm_WA/Ro,X,NA,X,NA,NA,FALSE
14596,MSdw_MT,MSdw_MT/101,Bl,3,Bl,3,NA,FALSE
14597,MSdw_MT,MSdw_MT/101,Fdi,1,Fd,1,NA,FALSE
14598,MSdw_MT,MSdw_MT/101,Lw,1,Lw,1,NA,FALSE
14599,MSdw_MT,MSdw_MT/101,Pli,1,Pl,1,NA,FALSE
14600,MSdw_MT,MSdw_MT/101,Sxw,1,Sx,1,NA,FALSE
14601,MSdw_MT,MSdw_MT/102,Fdi,1,Fd,1,NA,FALSE
14602,MSdw_MT,MSdw_MT/102,Pa,3,Pa,3,NA,FALSE
14603,MSdw_MT,MSdw_MT/102,Pf,3,Pf,3,NA,FALSE
14604,MSdw_MT,MSdw_MT/102,Pli,2,Pl,2,NA,FALSE
14605,MSdw_MT,MSdw_MT/103,Bl,3,Bl,3,NA,FALSE
14606,MSdw_MT,MSdw_MT/103,Fdi,1,Fd,1,NA,FALSE
14607,MSdw_MT,MSdw_MT/103,Lw,2,Lw,2,NA,FALSE
14608,MSdw_MT,MSdw_MT/103,Pli,1,Pl,1,NA,FALSE
14609,MSdw_MT,MSdw_MT/103,Pyi,3,Py,3,NA,FALSE
14610,MSdw_MT,MSdw_MT/103,Sxw,3,Sx,3,NA,FALSE
14611,MSdw_MT,MSdw_MT/110,Act,3,Ac,3,NA,FALSE
14612,MSdw_MT,MSdw_MT/110,At,3,At,3,NA,FALSE
14613,MSdw_MT,MSdw_MT/110,Bl,1,Bl,1,NA,FALSE
14614,MSdw_MT,MSdw_MT/110,Fdi,2,Fd,2,NA,FALSE
14615,MSdw_MT,MSdw_MT/110,Lw,2,Lw,2,NA,FALSE
14616,MSdw_MT,MSdw_MT/110,Pli,2,Pl,2,NA,FALSE
14617,MSdw_MT,MSdw_MT/110,Sxw,1,Sx,1,NA,FALSE
14618,MSdw_MT,MSdw_MT/111,Act,5,Ac,5,NA,FALSE
14619,MSdw_MT,MSdw_MT/111,At,5,At,5,NA,FALSE
14620,MSdw_MT,MSdw_MT/111,Bl,2,Bl,2,NA,FALSE
14621,MSdw_MT,MSdw_MT/111,Pli,2,Pl,2,NA,FALSE
14622,MSdw_MT,MSdw_MT/111,Sxw,1,Sx,1,NA,FALSE
14623,MSdw_MT,MSdw_MT/112,Act,3,Ac,3,NA,FALSE
14624,MSdw_MT,MSdw_MT/112,At,2,At,2,NA,FALSE
14625,MSdw_MT,MSdw_MT/112,Bl,2,Bl,2,NA,FALSE
14626,MSdw_MT,MSdw_MT/112,Ep,NA,Ep,3,WHM,FALSE
14627,MSdw_MT,MSdw_MT/112,Fdi,3,Fd,3,NA,FALSE
14628,MSdw_MT,MSdw_MT/112,Lw,2,Lw,2,NA,FALSE
14629,MSdw_MT,MSdw_MT/112,Pli,2,Pl,2,NA,FALSE
14630,MSdw_MT,MSdw_MT/112,Sxw,1,Sx,1,NA,FALSE
14631,MSdw_MT,MSdw_MT/113,Act,2,Ac,2,NA,FALSE
14632,MSdw_MT,MSdw_MT/113,Bl,2,Bl,2,NA,FALSE
14633,MSdw_MT,MSdw_MT/113,Ep,NA,Ep,3,WHM,FALSE
14634,MSdw_MT,MSdw_MT/113,Sxw,1,Sx,1,NA,FALSE
14635,MSdw_MT,MSdw_MT/Ro,X,NA,X,NA,NA,FALSE
14636,MSmm_ID,MSmm_ID/101,At,3,At,3,NA,FALSE
14637,MSmm_ID,MSmm_ID/101,Bg,2,Bg,2,NA,FALSE
14638,MSmm_ID,MSmm_ID/101,Bl,2,Bl,2,NA,FALSE
14639,MSmm_ID,MSmm_ID/101,Fdi,1,Fd,1,NA,FALSE
14640,MSmm_ID,MSmm_ID/101,Pli,1,Pl,1,NA,FALSE
14641,MSmm_ID,MSmm_ID/101,Sxw,1,Sx,1,NA,FALSE
14642,MSmm_ID,MSmm_ID/102,Fdi,1,Fd,1,NA,FALSE
14643,MSmm_ID,MSmm_ID/102,Pa,3,Pa,3,NA,FALSE
14644,MSmm_ID,MSmm_ID/102,Pli,3,Pl,3,NA,FALSE
14645,MSmm_ID,MSmm_ID/102,Pyi,1,Py,1,NA,FALSE
14646,MSmm_ID,MSmm_ID/103,At,5,At,5,NA,FALSE
14647,MSmm_ID,MSmm_ID/103,Bg,3,Bg,3,NA,FALSE
14648,MSmm_ID,MSmm_ID/103,Bl,3,Bl,3,NA,FALSE
14649,MSmm_ID,MSmm_ID/103,Fdi,1,Fd,1,NA,FALSE
14650,MSmm_ID,MSmm_ID/103,Lw,3,Lw,3,NA,FALSE
14651,MSmm_ID,MSmm_ID/103,Pli,1,Pl,1,NA,FALSE
14652,MSmm_ID,MSmm_ID/103,Pyi,3,Py,3,NA,FALSE
14653,MSmm_ID,MSmm_ID/103,Sxw,3,Sx,3,NA,FALSE
14654,MSmm_ID,MSmm_ID/110,Bg,3,Bg,3,NA,FALSE
14655,MSmm_ID,MSmm_ID/110,Bl,1,Bl,1,NA,FALSE
14656,MSmm_ID,MSmm_ID/110,Fdi,2,Fd,2,NA,FALSE
14657,MSmm_ID,MSmm_ID/110,Pli,1,Pl,1,NA,FALSE
14658,MSmm_ID,MSmm_ID/110,Sxw,1,Sx,1,NA,FALSE
14659,MSmm_ID,MSmm_ID/111,Bl,1,Bl,1,NA,FALSE
14660,MSmm_ID,MSmm_ID/111,Pli,2,Pl,2,NA,FALSE
14661,MSmm_ID,MSmm_ID/111,Sxw,1,Sx,1,NA,FALSE
14662,MSmm_ID,MSmm_ID/112,At,3,At,3,NA,FALSE
14663,MSmm_ID,MSmm_ID/112,Bg,3,Bg,3,NA,FALSE
14664,MSmm_ID,MSmm_ID/112,Bl,1,Bl,1,NA,FALSE
14665,MSmm_ID,MSmm_ID/112,Fdi,2,Fd,2,NA,FALSE
14666,MSmm_ID,MSmm_ID/112,Pli,2,Pl,2,NA,FALSE
14667,MSmm_ID,MSmm_ID/112,Sxw,1,Sx,1,NA,FALSE
14668,MSmm_ID,MSmm_ID/113,At,3,At,3,NA,FALSE
14669,MSmm_ID,MSmm_ID/113,Bl,1,Bl,1,NA,FALSE
14670,MSmm_ID,MSmm_ID/113,Pli,3,Pl,3,NA,FALSE
14671,MSmm_ID,MSmm_ID/113,Sxw,1,Sx,1,NA,FALSE
14672,MSmm_ID,MSmm_ID/Ro,X,NA,X,NA,NA,FALSE
14673,MSSDun_NV,MSSDun_NV/110,Ju,1,Ju,2,dvm26,FALSE
14674,MSSDun_NV,MSSDun_NV/110,Pn,1,Pn,2,dvm26,FALSE
14675,MSSDun_NV,MSSDun_NV/111,Act,5,Ac,5,NA,FALSE
14676,MSSDun_NV,MSSDun_NV/Gg,X,NA,X,NA,NA,FALSE
14677,MSSDun_NV,MSSDun_NV/Ro,X,NA,X,NA,NA,FALSE
14678,MSxh_OR,MSxh_OR/101,At,3,At,3,NA,FALSE
14679,MSxh_OR,MSxh_OR/101,Bg,2,Bg,2,NA,FALSE
14680,MSxh_OR,MSxh_OR/101,Bl,2,Bl,2,NA,FALSE
14681,MSxh_OR,MSxh_OR/101,Fdi,2,Fd,2,NA,FALSE
14682,MSxh_OR,MSxh_OR/101,Lw,1,Lw,1,NA,FALSE
14683,MSxh_OR,MSxh_OR/101,Pli,1,Pl,1,NA,FALSE
14684,MSxh_OR,MSxh_OR/101,Sxw,1,Sx,1,NA,FALSE
14685,MSxh_OR,MSxh_OR/102,At,5,At,5,NA,FALSE
14686,MSxh_OR,MSxh_OR/102,Bg,3,Bg,3,NA,FALSE
14687,MSxh_OR,MSxh_OR/102,Fdi,1,Fd,1,NA,FALSE
14688,MSxh_OR,MSxh_OR/102,Lw,3,Lw,3,NA,FALSE
14689,MSxh_OR,MSxh_OR/102,Pf,3,Pf,3,NA,FALSE
14690,MSxh_OR,MSxh_OR/102,Pli,3,Pl,3,NA,FALSE
14691,MSxh_OR,MSxh_OR/102,Pyi,2,Py,2,NA,FALSE
14692,MSxh_OR,MSxh_OR/103,At,3,At,3,NA,FALSE
14693,MSxh_OR,MSxh_OR/103,Bg,2,Bg,2,NA,FALSE
14694,MSxh_OR,MSxh_OR/103,Bl,3,Bl,3,NA,FALSE
14695,MSxh_OR,MSxh_OR/103,Fdi,1,Fd,1,NA,FALSE
14696,MSxh_OR,MSxh_OR/103,Lw,1,Lw,1,NA,FALSE
14697,MSxh_OR,MSxh_OR/103,Pli,1,Pl,1,NA,FALSE
14698,MSxh_OR,MSxh_OR/103,Pyi,2,Py,2,NA,FALSE
14699,MSxh_OR,MSxh_OR/103,Sxw,2,Sx,2,NA,FALSE
14700,MSxh_OR,MSxh_OR/110,At,3,At,3,NA,FALSE
14701,MSxh_OR,MSxh_OR/110,Bg,2,Bg,2,NA,FALSE
14702,MSxh_OR,MSxh_OR/110,Bl,1,Bl,1,NA,FALSE
14703,MSxh_OR,MSxh_OR/110,Lw,2,Lw,2,NA,FALSE
14704,MSxh_OR,MSxh_OR/110,Pli,2,Pl,2,NA,FALSE
14705,MSxh_OR,MSxh_OR/110,Sxw,1,Sx,1,NA,FALSE
14706,MSxh_OR,MSxh_OR/111,Bg,2,Bg,2,NA,FALSE
14707,MSxh_OR,MSxh_OR/111,Bl,1,Bl,1,NA,FALSE
14708,MSxh_OR,MSxh_OR/111,Lw,3,Lw,3,NA,FALSE
14709,MSxh_OR,MSxh_OR/111,Pli,3,Pl,3,NA,FALSE
14710,MSxh_OR,MSxh_OR/111,Sxw,1,Sx,1,NA,FALSE
14711,MSxh_OR,MSxh_OR/112,At,3,At,3,NA,FALSE
14712,MSxh_OR,MSxh_OR/112,Bg,1,Bg,1,NA,FALSE
14713,MSxh_OR,MSxh_OR/112,Bl,1,Bl,1,NA,FALSE
14714,MSxh_OR,MSxh_OR/112,Fdi,3,Fd,3,NA,FALSE
14715,MSxh_OR,MSxh_OR/112,Lw,2,Lw,2,NA,FALSE
14716,MSxh_OR,MSxh_OR/112,Pli,3,Pl,3,NA,FALSE
14717,MSxh_OR,MSxh_OR/112,Sxw,1,Sx,1,NA,FALSE
14718,MSxh_OR,MSxh_OR/113,Bg,1,Bg,1,NA,FALSE
14719,MSxh_OR,MSxh_OR/113,Bl,1,Bl,1,NA,FALSE
14720,MSxh_OR,MSxh_OR/113,Lw,3,Lw,3,NA,FALSE
14721,MSxh_OR,MSxh_OR/113,Sxw,1,Sx,1,NA,FALSE
14722,MSxh_OR,MSxh_OR/Ro,X,NA,X,NA,NA,FALSE
14723,MSxk_WA,MSxk_WA/101,Bl,2,Bl,2,NA,FALSE
14724,MSxk_WA,MSxk_WA/101,Fdi,1,Fd,1,NA,FALSE
14725,MSxk_WA,MSxk_WA/101,Lw,2,Lw,3,dvm26,FALSE
14726,MSxk_WA,MSxk_WA/101,Pli,1,Pl,1,NA,FALSE
14727,MSxk_WA,MSxk_WA/101,Sxw,2,Sx,2,NA,FALSE
14728,MSxk_WA,MSxk_WA/102,Fdi,1,Fd,1,NA,FALSE
14729,MSxk_WA,MSxk_WA/102,Pa,3,Pa,3,NA,FALSE
14730,MSxk_WA,MSxk_WA/102,Pli,2,Pl,2,NA,FALSE
14731,MSxk_WA,MSxk_WA/102,Pyi,1,Py,1,NA,FALSE
14732,MSxk_WA,MSxk_WA/103,Fdi,1,Fd,1,NA,FALSE
14733,MSxk_WA,MSxk_WA/103,Lw,1,Lw,3,dvm26,FALSE
14734,MSxk_WA,MSxk_WA/103,Pli,1,Pl,1,NA,FALSE
14735,MSxk_WA,MSxk_WA/103,Pyi,1,Py,1,NA,FALSE
14736,MSxk_WA,MSxk_WA/110,At,3,At,3,NA,FALSE
14737,MSxk_WA,MSxk_WA/110,Bl,2,Bl,2,NA,FALSE
14738,MSxk_WA,MSxk_WA/110,Fdi,3,Fd,3,NA,FALSE
14739,MSxk_WA,MSxk_WA/110,Lw,3,Lw,3,NA,FALSE
14740,MSxk_WA,MSxk_WA/110,Pli,1,Pl,1,NA,FALSE
14741,MSxk_WA,MSxk_WA/110,Sxw,1,Sx,1,NA,FALSE
14742,MSxk_WA,MSxk_WA/111,At,3,At,3,NA,FALSE
14743,MSxk_WA,MSxk_WA/111,Bl,1,Bl,1,NA,FALSE
14744,MSxk_WA,MSxk_WA/111,Fdi,3,Fd,3,NA,FALSE
14745,MSxk_WA,MSxk_WA/111,Pli,2,Pl,2,NA,FALSE
14746,MSxk_WA,MSxk_WA/111,Sxw,1,Sx,1,NA,FALSE
14747,MSxk_WA,MSxk_WA/112,At,2,At,2,NA,FALSE
14748,MSxk_WA,MSxk_WA/112,Bl,2,Bl,2,NA,FALSE
14749,MSxk_WA,MSxk_WA/112,Fdi,2,Fd,2,NA,FALSE
14750,MSxk_WA,MSxk_WA/112,Lw,2,Lw,3,dvm26,FALSE
14751,MSxk_WA,MSxk_WA/112,Pli,1,Pl,1,NA,FALSE
14752,MSxk_WA,MSxk_WA/112,Sxw,1,Sx,1,NA,FALSE
14753,MSxk_WA,MSxk_WA/113,Act,2,Ac,2,NA,FALSE
14754,MSxk_WA,MSxk_WA/113,At,3,At,3,NA,FALSE
14755,MSxk_WA,MSxk_WA/113,Bl,2,Bl,2,NA,FALSE
14756,MSxk_WA,MSxk_WA/113,Fdi,3,Fd,3,NA,FALSE
14757,MSxk_WA,MSxk_WA/113,Pli,1,Pl,1,NA,FALSE
14758,MSxk_WA,MSxk_WA/113,Sxw,2,Sx,2,NA,FALSE
14759,MSxk_WA,MSxk_WA/Ro,X,NA,X,NA,NA,FALSE
14760,MSxm_CO,MSxm_CO/101,At,1,At,1,NA,FALSE
14761,MSxm_CO,MSxm_CO/101,Bl,2,Bl,2,NA,FALSE
14762,MSxm_CO,MSxm_CO/101,Fdi,1,Fd,1,NA,FALSE
14763,MSxm_CO,MSxm_CO/101,Pli,1,Pl,1,NA,FALSE
14764,MSxm_CO,MSxm_CO/101,Qa,3,Qa,3,NA,FALSE
14765,MSxm_CO,MSxm_CO/101,Sxw,2,Sx,2,NA,FALSE
14766,MSxm_CO,MSxm_CO/102,Jr,3,Jr,3,NA,FALSE
14767,MSxm_CO,MSxm_CO/102,Pf,2,Pf,2,NA,FALSE
14768,MSxm_CO,MSxm_CO/102,Pyi,3,Py,3,NA,FALSE
14769,MSxm_CO,MSxm_CO/103,At,3,At,3,NA,FALSE
14770,MSxm_CO,MSxm_CO/103,Fdi,1,Fd,1,NA,FALSE
14771,MSxm_CO,MSxm_CO/103,Pf,2,Pf,2,NA,FALSE
14772,MSxm_CO,MSxm_CO/103,Pyi,2,Py,2,NA,FALSE
14773,MSxm_CO,MSxm_CO/103,Qa,3,Qa,3,NA,FALSE
14774,MSxm_CO,MSxm_CO/110,At,3,At,3,NA,FALSE
14775,MSxm_CO,MSxm_CO/110,Bc,3,Bc,3,NA,FALSE
14776,MSxm_CO,MSxm_CO/110,Bl,1,Bl,1,NA,FALSE
14777,MSxm_CO,MSxm_CO/110,Fdi,2,Fd,2,NA,FALSE
14778,MSxm_CO,MSxm_CO/110,Pli,1,Pl,1,NA,FALSE
14779,MSxm_CO,MSxm_CO/110,Sxw,1,Sx,1,NA,FALSE
14780,MSxm_CO,MSxm_CO/111,At,3,At,3,NA,FALSE
14781,MSxm_CO,MSxm_CO/111,Bc,3,Bc,3,NA,FALSE
14782,MSxm_CO,MSxm_CO/111,Bl,1,Bl,1,NA,FALSE
14783,MSxm_CO,MSxm_CO/111,Pli,1,Pl,1,NA,FALSE
14784,MSxm_CO,MSxm_CO/111,Sxw,1,Sx,1,NA,FALSE
14785,MSxm_CO,MSxm_CO/112,At,1,At,1,NA,FALSE
14786,MSxm_CO,MSxm_CO/112,Bl,2,Bl,2,NA,FALSE
14787,MSxm_CO,MSxm_CO/112,Fdi,2,Fd,2,NA,FALSE
14788,MSxm_CO,MSxm_CO/112,Pli,1,Pl,1,NA,FALSE
14789,MSxm_CO,MSxm_CO/112,Sxw,1,Sx,1,NA,FALSE
14790,MSxm_CO,MSxm_CO/113,At,1,At,1,NA,FALSE
14791,MSxm_CO,MSxm_CO/113,Bl,2,Bl,2,NA,FALSE
14792,MSxm_CO,MSxm_CO/113,Pli,2,Pl,2,NA,FALSE
14793,MSxm_CO,MSxm_CO/113,Sxw,2,Sx,2,NA,FALSE
14794,MSxm_CO,MSxm_CO/Ro,X,NA,X,NA,NA,FALSE
14795,MSxx_NV,MSxx_NV/101,At,1,At,3,dvm26,FALSE
14796,MSxx_NV,MSxx_NV/101,Bc,2,Bc,2,NA,FALSE
14797,MSxx_NV,MSxx_NV/101,Fdi,2,Fd,2,dvm26,FALSE
14798,MSxx_NV,MSxx_NV/101,Om,1,Om,3,DVM,FALSE
14799,MSxx_NV,MSxx_NV/102,Ju,1,Ju,5,DVM,FALSE
14800,MSxx_NV,MSxx_NV/102,Pf,2,Pf,1,DVM,FALSE
14801,MSxx_NV,MSxx_NV/102,Pn,2,Pn,5,DVM,FALSE
14802,MSxx_NV,MSxx_NV/103,Jr,2,Jr,5,DVM,FALSE
14803,MSxx_NV,MSxx_NV/103,Ju,2,Ju,5,DVM,FALSE
14804,MSxx_NV,MSxx_NV/103,Om,1,Om,3,DVM,FALSE
14805,MSxx_NV,MSxx_NV/103,Pf,2,Pf,1,DVM,FALSE
14806,MSxx_NV,MSxx_NV/103,Pg,2,Pg,1,DVM,FALSE
14807,MSxx_NV,MSxx_NV/103,Pn,2,Pn,5,DVM,FALSE
14808,MSxx_NV,MSxx_NV/110,At,1,At,1,dvm26,FALSE
14809,MSxx_NV,MSxx_NV/110,Bc,2,Bc,2,NA,FALSE
14810,MSxx_NV,MSxx_NV/110,Fdi,2,Fd,3,DVM,FALSE
14811,MSxx_NV,MSxx_NV/110,Om,1,Om,5,DVM,FALSE
14812,MSxx_NV,MSxx_NV/111,At,2,At,2,NA,FALSE
14813,MSxx_NV,MSxx_NV/111,Bc,2,Bc,2,NA,FALSE
14814,MSxx_NV,MSxx_NV/111,Bl,2,Bl,2,NA,FALSE
14815,MSxx_NV,MSxx_NV/111,Se,1,Sx,1,NA,FALSE
14816,MSxx_NV,MSxx_NV/Ro,X,NA,X,NA,NA,FALSE
14817,OWdm_OR,OWdm_OR/101,Qg,1,Qg,1,DVM,FALSE
14818,OWdm_OR,OWdm_OR/101,Qb,1,Qb,1,DVM,FALSE
14819,OWdm_OR,OWdm_OR/102,Qg,1,Qg,1,DVM,FALSE
14820,OWdm_OR,OWdm_OR/102,Qb,1,Qb,1,DVM,FALSE
14821,OWdm_OR,OWdm_OR/102,Jw,3,Jw,3,DVM,FALSE
14822,OWdm_OR,OWdm_OR/103,Qg,1,Qg,1,DVM,FALSE
14823,OWdm_OR,OWdm_OR/103,Qb,1,Qb,1,DVM,FALSE
14824,OWdm_OR,OWdm_OR/103,Jw,3,Jw,3,DVM,FALSE
14825,OWdm_OR,OWdm_OR/110,Qg,1,Qg,1,DVM,FALSE
14826,OWdm_OR,OWdm_OR/110,Qb,1,Qb,1,DVM,FALSE
14827,OWdm_OR,OWdm_OR/110,Pyc,2,Py,2,DVM,FALSE
14828,OWdm_OR,OWdm_OR/110,Pc,3,Pc,3,DVM,FALSE
14829,OWdm_OR,OWdm_OR/111,Qb,1,Qb,1,DVM,FALSE
14830,OWdm_OR,OWdm_OR/111,Qg,2,Qg,2,DVM,FALSE
14831,OWdm_OR,OWdm_OR/111,Py,2,Py,2,DVM,FALSE
14832,OWdm_OR,OWdm_OR/111,Fdc,2,Fd,2,DVM,FALSE
14833,OWdm_OR,OWdm_OR/111,Act,2,Act,2,DVM,FALSE
14834,OWdm_OR,OWdm_OR/111,Pz,3,Pz,3,DVM,FALSE
14835,OWdm_OR,OWdm_OR/111,Ps,3,Ps,3,DVM,FALSE
14836,OWdm_OR,OWdm_OR/111,Pc,3,Pc,3,DVM,FALSE
14837,OWdm_OR,OWdm_OR/111,Oh,3,Oh,3,DVM,FALSE
14838,OWdm_OR,OWdm_OR/Ro,X,NA,X,NA,NA,FALSE
14839,OWmm_OR,OWmm_OR/101,Qg,1,Qg,1,dvm26,FALSE
14840,OWmm_OR,OWmm_OR/101,Qb,1,Qb,1,dvm26,FALSE
14841,OWmm_OR,OWmm_OR/101,Ra,2,Ra,2,DVM,FALSE
14842,OWmm_OR,OWmm_OR/101,Qg,1,Qg,1,dvm26,FALSE
14843,OWmm_OR,OWmm_OR/101,Qb,1,Qb,1,dvm26,FALSE
14844,OWmm_OR,OWmm_OR/101,Ra,2,Ra,2,DVM,FALSE
14845,OWmm_OR,OWmm_OR/102,Qg,1,Qg,1,dvm26,FALSE
14846,OWmm_OR,OWmm_OR/102,Qb,1,Qb,1,dvm26,FALSE
14847,OWmm_OR,OWmm_OR/102,Qg,1,Qg,1,dvm26,FALSE
14848,OWmm_OR,OWmm_OR/102,Qb,1,Qb,1,dvm26,FALSE
14849,OWmm_OR,OWmm_OR/103,Qg,1,Qg,1,dvm26,FALSE
14850,OWmm_OR,OWmm_OR/103,Qb,1,Qb,1,dvm26,FALSE
14851,OWmm_OR,OWmm_OR/103,Qg,1,Qg,1,dvm26,FALSE
14852,OWmm_OR,OWmm_OR/103,Qb,1,Qb,1,dvm26,FALSE
14853,OWmm_OR,OWmm_OR/110,Qg,1,Qg,1,dvm26,FALSE
14854,OWmm_OR,OWmm_OR/110,Qb,1,Qb,1,dvm26,FALSE
14855,OWmm_OR,OWmm_OR/110,Ra,2,Ra,2,DVM,FALSE
14856,OWmm_OR,OWmm_OR/110,Pyc,2,Py,2,DVM,FALSE
14857,OWmm_OR,OWmm_OR/110,Qg,1,Qg,1,dvm26,FALSE
14858,OWmm_OR,OWmm_OR/110,Qb,1,Qb,1,dvm26,FALSE
14859,OWmm_OR,OWmm_OR/110,Ra,2,Ra,2,DVM,FALSE
14860,OWmm_OR,OWmm_OR/110,Pyc,2,Py,2,DVM,FALSE
14861,OWmm_OR,OWmm_OR/111,Qg,2,Qg,2,dvm26,FALSE
14862,OWmm_OR,OWmm_OR/111,Qb,1,Qb,1,dvm26,FALSE
14863,OWmm_OR,OWmm_OR/111,Fdc,2,Fd,2,dvm26,FALSE
14864,OWmm_OR,OWmm_OR/111,Pyc,2,Py,2,DVM,FALSE
14865,OWmm_OR,OWmm_OR/111,Qg,2,Qg,2,dvm26,FALSE
14866,OWmm_OR,OWmm_OR/111,Qb,1,Qb,1,dvm26,FALSE
14867,OWmm_OR,OWmm_OR/111,Fdc,2,Fd,2,dvm26,FALSE
14868,OWmm_OR,OWmm_OR/111,Pyc,2,Py,2,DVM,FALSE
14869,OWmm_OR,OWmm_OR/Ro,X,NA,X,NA,NA,FALSE
14870,OWmm_OR,OWmm_OR/Ro,X,NA,X,NA,NA,FALSE
14871,OWun_CA,OWun_CA/101,On,3,On,3,NA,FALSE
14872,OWun_CA,OWun_CA/101,Qb,1,Qb,1,NA,FALSE
14873,OWun_CA,OWun_CA/101,Qc,1,Qc,1,NA,FALSE
14874,OWun_CA,OWun_CA/101,Qd,1,Qd,1,NA,FALSE
14875,OWun_CA,OWun_CA/101,Qx,3,Qx,3,NA,FALSE
14876,OWun_CA,OWun_CA/101,Qz,1,Qz,1,NA,FALSE
14877,OWun_CA,OWun_CA/101,Qd,1,Qd,1,DVM,FALSE
14878,OWun_CA,OWun_CA/101,Qc,1,Qc,1,DVM,FALSE
14879,OWun_CA,OWun_CA/101,Qb,1,Qb,1,DVM,FALSE
14880,OWun_CA,OWun_CA/101,Qz,1,Qz,1,DVM,FALSE
14881,OWun_CA,OWun_CA/101,On,3,On,3,DVM,FALSE
14882,OWun_CA,OWun_CA/101,Qx,3,Qx,3,DVM,FALSE
14883,OWun_CA,OWun_CA/102,Qz,1,Qz,1,NA,FALSE
14884,OWun_CA,OWun_CA/102,Qz,1,Qz,1,DVM,FALSE
14885,OWun_CA,OWun_CA/103,Qc,1,Qc,1,NA,FALSE
14886,OWun_CA,OWun_CA/103,Qd,1,Qd,1,NA,FALSE
14887,OWun_CA,OWun_CA/103,Qx,3,Qx,3,NA,FALSE
14888,OWun_CA,OWun_CA/103,Qz,1,Qz,1,NA,FALSE
14889,OWun_CA,OWun_CA/103,Qd,1,Qd,1,DVM,FALSE
14890,OWun_CA,OWun_CA/103,Qc,1,Qc,1,DVM,FALSE
14891,OWun_CA,OWun_CA/103,Qz,1,Qz,1,DVM,FALSE
14892,OWun_CA,OWun_CA/103,Qx,3,Qx,3,DVM,FALSE
14893,OWun_CA,OWun_CA/110,On,3,On,3,NA,FALSE
14894,OWun_CA,OWun_CA/110,Pc,1,Pc,1,NA,FALSE
14895,OWun_CA,OWun_CA/110,Pyc,2,Py,2,NA,FALSE
14896,OWun_CA,OWun_CA/110,Qc,1,Qc,1,NA,FALSE
14897,OWun_CA,OWun_CA/110,Qd,1,Qd,1,NA,FALSE
14898,OWun_CA,OWun_CA/110,Qz,1,Qz,1,NA,FALSE
14899,OWun_CA,OWun_CA/110,Qd,1,Qd,1,DVM,FALSE
14900,OWun_CA,OWun_CA/110,Qc,1,Qc,1,DVM,FALSE
14901,OWun_CA,OWun_CA/110,Pc,1,Pc,1,DVM,FALSE
14902,OWun_CA,OWun_CA/110,Qz,1,Qz,1,DVM,FALSE
14903,OWun_CA,OWun_CA/110,On,3,On,3,DVM,FALSE
14904,OWun_CA,OWun_CA/111,On,3,On,3,NA,FALSE
14905,OWun_CA,OWun_CA/111,Pc,1,Pc,1,NA,FALSE
14906,OWun_CA,OWun_CA/111,Pyc,2,Py,2,NA,FALSE
14907,OWun_CA,OWun_CA/111,Qd,1,Qd,1,NA,FALSE
14908,OWun_CA,OWun_CA/111,Qz,2,Qz,2,NA,FALSE
14909,OWun_CA,OWun_CA/111,Qd,1,Qd,1,DVM,FALSE
14910,OWun_CA,OWun_CA/111,Pc,1,Pc,1,DVM,FALSE
14911,OWun_CA,OWun_CA/111,Qz,2,Qz,2,DVM,FALSE
14912,OWun_CA,OWun_CA/111,On,3,On,3,DVM,FALSE
14913,OWun_CA,OWun_CA/Ro,X,NA,X,NA,NA,FALSE
14914,PPmx_WY,PPmx_WY/101,At,5,At,5,NA,FALSE
14915,PPmx_WY,PPmx_WY/101,Ep,3,Ep,3,NA,FALSE
14916,PPmx_WY,PPmx_WY/101,Jr,3,Jr,3,NA,FALSE
14917,PPmx_WY,PPmx_WY/101,Pyi,1,Py,1,NA,FALSE
14918,PPmx_WY,PPmx_WY/101,Qm,2,Qm,2,NA,FALSE
14919,PPmx_WY,PPmx_WY/102,At,5,At,5,NA,FALSE
14920,PPmx_WY,PPmx_WY/102,Jr,2,Jr,2,NA,FALSE
14921,PPmx_WY,PPmx_WY/102,Pyi,1,Py,1,NA,FALSE
14922,PPmx_WY,PPmx_WY/102,Qm,3,Qm,3,NA,FALSE
14923,PPmx_WY,PPmx_WY/110,At,1,At,1,NA,FALSE
14924,PPmx_WY,PPmx_WY/110,Ep,5,Ep,5,NA,FALSE
14925,PPmx_WY,PPmx_WY/110,Pyi,1,Py,1,NA,FALSE
14926,PPmx_WY,PPmx_WY/110,Qm,1,Qm,1,NA,FALSE
14927,PPmx_WY,PPmx_WY/111,At,1,At,1,NA,FALSE
14928,PPmx_WY,PPmx_WY/111,Ep,5,Ep,5,NA,FALSE
14929,PPmx_WY,PPmx_WY/111,Op,5,Op,5,NA,FALSE
14930,PPmx_WY,PPmx_WY/111,Pyi,1,Py,1,NA,FALSE
14931,PPmx_WY,PPmx_WY/111,Qm,2,Qm,2,NA,FALSE
14932,PPmx_WY,PPmx_WY/112,At,1,At,1,NA,FALSE
14933,PPmx_WY,PPmx_WY/112,Ep,2,Ep,2,NA,FALSE
14934,PPmx_WY,PPmx_WY/112,Pyi,1,Py,1,NA,FALSE
14935,PPmx_WY,PPmx_WY/112,Qm,1,Qm,1,NA,FALSE
14936,PPmx_WY,PPmx_WY/113,At,1,At,1,NA,FALSE
14937,PPmx_WY,PPmx_WY/113,Ep,2,Ep,2,NA,FALSE
14938,PPmx_WY,PPmx_WY/113,Op,1,Op,1,NA,FALSE
14939,PPmx_WY,PPmx_WY/113,Pyi,2,Py,2,NA,FALSE
14940,PPmx_WY,PPmx_WY/113,Qm,1,Qm,1,NA,FALSE
14941,PPmx_WY,PPmx_WY/Gg,X,NA,X,NA,NA,FALSE
14942,PPmx_WY,PPmx_WY/Ro,X,NA,X,NA,NA,FALSE
14943,PPxh_CO,PPxh_CO/101,Jr,2,Jr,2,NA,FALSE
14944,PPxh_CO,PPxh_CO/101,Pyi,1,Py,1,NA,FALSE
14945,PPxh_CO,PPxh_CO/101,Qa,2,Qa,2,NA,FALSE
14946,PPxh_CO,PPxh_CO/102,Jr,2,Jr,2,NA,FALSE
14947,PPxh_CO,PPxh_CO/102,Pe,1,Pe,1,NA,FALSE
14948,PPxh_CO,PPxh_CO/102,Pf,2,Pf,2,NA,FALSE
14949,PPxh_CO,PPxh_CO/102,Pyi,2,Py,2,NA,FALSE
14950,PPxh_CO,PPxh_CO/102,Qa,3,Qa,3,NA,FALSE
14951,PPxh_CO,PPxh_CO/110,At,3,At,3,NA,FALSE
14952,PPxh_CO,PPxh_CO/110,Fdi,1,Fd,1,NA,FALSE
14953,PPxh_CO,PPxh_CO/110,Pyi,1,Py,1,NA,FALSE
14954,PPxh_CO,PPxh_CO/110,Qa,1,Qa,1,NA,FALSE
14955,PPxh_CO,PPxh_CO/111,At,2,At,2,NA,FALSE
14956,PPxh_CO,PPxh_CO/111,Fdi,1,Fd,1,NA,FALSE
14957,PPxh_CO,PPxh_CO/111,Pyi,2,Py,2,NA,FALSE
14958,PPxh_CO,PPxh_CO/111,Qa,2,Qa,2,NA,FALSE
14959,PPxh_CO,PPxh_CO/112,At,2,At,2,NA,FALSE
14960,PPxh_CO,PPxh_CO/112,Fdi,1,Fd,1,NA,FALSE
14961,PPxh_CO,PPxh_CO/112,Pyi,1,Py,1,NA,FALSE
14962,PPxh_CO,PPxh_CO/112,Qa,1,Qa,1,NA,FALSE
14963,PPxh_CO,PPxh_CO/113,At,1,At,1,NA,FALSE
14964,PPxh_CO,PPxh_CO/113,Fdi,1,Fd,1,NA,FALSE
14965,PPxh_CO,PPxh_CO/113,Pyi,2,Py,2,NA,FALSE
14966,PPxh_CO,PPxh_CO/113,Qa,2,Qa,2,NA,FALSE
14967,PPxh_CO,PPxh_CO/Gg,X,NA,X,NA,NA,FALSE
14968,PPxh_CO,PPxh_CO/Ro,X,NA,X,NA,NA,FALSE
14969,PPxh_WA,PPxh_WA/101,Fdi,3,Fd,3,NA,FALSE
14970,PPxh_WA,PPxh_WA/101,Pyi,1,Py,1,NA,FALSE
14971,PPxh_WA,PPxh_WA/102,Pyi,1,Py,2,WHM,FALSE
14972,PPxh_WA,PPxh_WA/110,Fdi,1,Fd,1,NA,FALSE
14973,PPxh_WA,PPxh_WA/110,Pyi,2,Py,1,dvm26,FALSE
14974,PPxh_WA,PPxh_WA/111,At,5,At,2,dvm26,FALSE
14975,PPxh_WA,PPxh_WA/111,Ep,5,Ep,5,dvm26,FALSE
14976,PPxh_WA,PPxh_WA/111,Fdi,1,Fd,1,NA,FALSE
14977,PPxh_WA,PPxh_WA/113,At,5,At,5,NA,FALSE
14978,PPxh_WA,PPxh_WA/113,Ep,3,Ep,5,WHM,FALSE
14979,PPxh_WA,PPxh_WA/113,Fdi,1,Fd,1,NA,FALSE
14980,PPxh_WA,PPxh_WA/Gg,X,NA,X,NA,NA,FALSE
14981,PPxh_WA,PPxh_WA/Ro,X,NA,X,NA,NA,FALSE
14982,PPxk_OR,PPxk_OR/101,Pli,2,Pl,2,NA,FALSE
14983,PPxk_OR,PPxk_OR/101,Ps,3,Ps,3,NA,FALSE
14984,PPxk_OR,PPxk_OR/101,Pyi,1,Py,1,NA,FALSE
14985,PPxk_OR,PPxk_OR/102,Jw,3,Jw,3,NA,FALSE
14986,PPxk_OR,PPxk_OR/102,Om,5,Om,5,NA,FALSE
14987,PPxk_OR,PPxk_OR/102,Pyi,1,Py,1,NA,FALSE
14988,PPxk_OR,PPxk_OR/110,Pli,1,Pl,1,NA,FALSE
14989,PPxk_OR,PPxk_OR/110,Pyi,2,Py,2,NA,FALSE
14990,PPxk_OR,PPxk_OR/111,At,5,At,5,NA,FALSE
14991,PPxk_OR,PPxk_OR/111,Bc,3,Bc,3,NA,FALSE
14992,PPxk_OR,PPxk_OR/111,Fdi,2,Fd,3,dvm26,FALSE
14993,PPxk_OR,PPxk_OR/111,Pli,1,Pl,1,NA,FALSE
14994,PPxk_OR,PPxk_OR/113,Bc,1,Bc,1,NA,FALSE
14995,PPxk_OR,PPxk_OR/113,Fdi,5,Fd,5,NA,FALSE
14996,PPxk_OR,PPxk_OR/Gg,X,NA,X,NA,NA,FALSE
14997,PPxk_OR,PPxk_OR/Ro,X,NA,X,NA,NA,FALSE
14998,PPxm_OR,PPxm_OR/101,Jw,3,Jw,3,NA,FALSE
14999,PPxm_OR,PPxm_OR/101,Om,2,Om,2,NA,FALSE
15000,PPxm_OR,PPxm_OR/101,Pyi,1,Py,1,NA,FALSE
15001,PPxm_OR,PPxm_OR/110,At,5,At,5,NA,FALSE
15002,PPxm_OR,PPxm_OR/110,Bc,3,Bc,3,NA,FALSE
15003,PPxm_OR,PPxm_OR/110,Bg,3,Bg,3,NA,FALSE
15004,PPxm_OR,PPxm_OR/110,Fdi,2,Fd,2,NA,FALSE
15005,PPxm_OR,PPxm_OR/110,Jw,5,Jw,5,NA,FALSE
15006,PPxm_OR,PPxm_OR/110,Om,3,Om,3,NA,FALSE
15007,PPxm_OR,PPxm_OR/110,Pyi,1,Py,1,NA,FALSE
15008,PPxm_OR,PPxm_OR/111,Act,5,Ac,5,NA,FALSE
15009,PPxm_OR,PPxm_OR/111,At,3,At,3,NA,FALSE
15010,PPxm_OR,PPxm_OR/111,Bc,2,Bc,2,NA,FALSE
15011,PPxm_OR,PPxm_OR/111,Bg,2,Bg,2,NA,FALSE
15012,PPxm_OR,PPxm_OR/111,Fdi,1,Fd,1,NA,FALSE
15013,PPxm_OR,PPxm_OR/111,Jw,5,Jw,5,NA,FALSE
15014,PPxm_OR,PPxm_OR/111,Pyi,2,Py,2,NA,FALSE
15015,PPxm_OR,PPxm_OR/112,Bc,2,Bc,2,NA,FALSE
15016,PPxm_OR,PPxm_OR/112,Bg,2,Bg,2,NA,FALSE
15017,PPxm_OR,PPxm_OR/112,Fdi,2,Fd,2,NA,FALSE
15018,PPxm_OR,PPxm_OR/112,Om,3,Om,3,NA,FALSE
15019,PPxm_OR,PPxm_OR/112,Pyi,1,Py,1,NA,FALSE
15020,PPxm_OR,PPxm_OR/113,Act,2,Ac,2,NA,FALSE
15021,PPxm_OR,PPxm_OR/113,At,5,At,5,NA,FALSE
15022,PPxm_OR,PPxm_OR/113,Bc,1,Bc,1,NA,FALSE
15023,PPxm_OR,PPxm_OR/113,Bg,1,Bg,1,NA,FALSE
15024,PPxm_OR,PPxm_OR/113,Fdi,2,Fd,2,NA,FALSE
15025,PPxm_OR,PPxm_OR/Gg,Jw,3,Jw,2,dvm26,FALSE
15026,PPxm_OR,PPxm_OR/Ro,X,NA,X,NA,NA,FALSE
15027,PPxw_MT,PPxw_MT/101,Jr,2,Jr,2,NA,FALSE
15028,PPxw_MT,PPxw_MT/101,Pyi,1,Py,1,NA,FALSE
15029,PPxw_MT,PPxw_MT/102,Jr,1,Jr,1,NA,FALSE
15030,PPxw_MT,PPxw_MT/102,Ju,5,Ju,5,NA,FALSE
15031,PPxw_MT,PPxw_MT/102,Pyi,1,Py,1,NA,FALSE
15032,PPxw_MT,PPxw_MT/110,Fdi,3,Fd,3,NA,FALSE
15033,PPxw_MT,PPxw_MT/110,Jr,2,Jr,2,NA,FALSE
15034,PPxw_MT,PPxw_MT/110,Pyi,1,Py,1,NA,FALSE
15035,PPxw_MT,PPxw_MT/111,Aa,5,Aa,5,NA,FALSE
15036,PPxw_MT,PPxw_MT/111,Act,5,Ac,5,NA,FALSE
15037,PPxw_MT,PPxw_MT/111,At,5,At,5,NA,FALSE
15038,PPxw_MT,PPxw_MT/111,Fdi,3,Fd,3,NA,FALSE
15039,PPxw_MT,PPxw_MT/111,Jr,5,Jr,5,NA,FALSE
15040,PPxw_MT,PPxw_MT/111,Pyi,1,Py,1,NA,FALSE
15041,PPxw_MT,PPxw_MT/113,Aa,2,Aa,2,NA,FALSE
15042,PPxw_MT,PPxw_MT/113,Act,5,Ac,5,NA,FALSE
15043,PPxw_MT,PPxw_MT/113,At,5,At,5,NA,FALSE
15044,PPxw_MT,PPxw_MT/113,Fdi,5,Fd,5,NA,FALSE
15045,PPxw_MT,PPxw_MT/113,Pyi,3,Py,3,NA,FALSE
15046,PPxw_MT,PPxw_MT/Gg,X,NA,X,NA,NA,FALSE
15047,PPxw_MT,PPxw_MT/Ro,X,NA,X,NA,NA,FALSE
15048,PPxw_WY,PPxw_WY/101,Jr,2,Jr,2,NA,FALSE
15049,PPxw_WY,PPxw_WY/101,Pyi,1,Py,1,NA,FALSE
15050,PPxw_WY,PPxw_WY/102,Jr,2,Jr,2,NA,FALSE
15051,PPxw_WY,PPxw_WY/102,Pf,2,Pf,2,NA,FALSE
15052,PPxw_WY,PPxw_WY/102,Pyi,1,Py,1,NA,FALSE
15053,PPxw_WY,PPxw_WY/110,Jr,2,Jr,2,NA,FALSE
15054,PPxw_WY,PPxw_WY/110,Pyi,1,Py,1,NA,FALSE
15055,PPxw_WY,PPxw_WY/111,Pyi,1,Py,1,NA,FALSE
15056,PPxw_WY,PPxw_WY/113,Aa,2,Aa,2,NA,FALSE
15057,PPxw_WY,PPxw_WY/113,At,1,At,1,NA,FALSE
15058,PPxw_WY,PPxw_WY/113,Pyi,2,Py,2,NA,FALSE
15059,PPxw_WY,PPxw_WY/Gg,X,NA,X,NA,NA,FALSE
15060,PPxw_WY,PPxw_WY/Ro,X,NA,X,NA,NA,FALSE
15061,PPxx_OR,PPxx_OR/101,Pyi,1,Py,1,NA,FALSE
15062,PPxx_OR,PPxx_OR/101,Qg,1,Qg,1,NA,FALSE
15063,PPxx_OR,PPxx_OR/102,Jw,2,Jw,3,dvm26,FALSE
15064,PPxx_OR,PPxx_OR/102,Pyi,1,Py,1,NA,FALSE
15065,PPxx_OR,PPxx_OR/102,Qg,1,Qg,1,NA,FALSE
15066,PPxx_OR,PPxx_OR/110,Act,5,Ac,5,NA,FALSE
15067,PPxx_OR,PPxx_OR/110,Bg,2,Bg,2,NA,FALSE
15068,PPxx_OR,PPxx_OR/110,Dw,3,Dw,3,NA,FALSE
15069,PPxx_OR,PPxx_OR/110,Fdi,1,Fd,1,NA,FALSE
15070,PPxx_OR,PPxx_OR/110,Pyi,1,Py,1,NA,FALSE
15071,PPxx_OR,PPxx_OR/110,Qg,1,Qg,1,NA,FALSE
15072,PPxx_OR,PPxx_OR/110,Vb,3,Vb,3,NA,FALSE
15073,PPxx_OR,PPxx_OR/111,Fdi,2,Fd,2,NA,FALSE
15074,PPxx_OR,PPxx_OR/111,Pyi,1,Py,1,NA,FALSE
15075,PPxx_OR,PPxx_OR/111,Qg,3,Qg,3,NA,FALSE
15076,PPxx_OR,PPxx_OR/113,Act,2,Ac,2,NA,FALSE
15077,PPxx_OR,PPxx_OR/113,Bg,2,Bg,2,NA,FALSE
15078,PPxx_OR,PPxx_OR/113,Dw,3,Dw,3,NA,FALSE
15079,PPxx_OR,PPxx_OR/113,Fdi,2,Fd,2,NA,FALSE
15080,PPxx_OR,PPxx_OR/113,Pyi,2,Py,2,NA,FALSE
15081,PPxx_OR,PPxx_OR/113,Qg,2,Qg,2,NA,FALSE
15082,PPxx_OR,PPxx_OR/Gg,X,NA,X,NA,NA,FALSE
15083,PPxx_OR,PPxx_OR/Ro,X,NA,X,NA,NA,FALSE
15084,SASbo,SASbo/a,At,2,At,2,NA,FALSE
15085,SASbo,SASbo/a,Pli,1,Pl,1,NA,FALSE
15086,SASbo,SASbo/a,Sw,3,Sx,3,NA,FALSE
15087,SASbo,SASbo/b,Acb,3,Ac,3,NA,FALSE
15088,SASbo,SASbo/b,At,1,At,1,NA,FALSE
15089,SASbo,SASbo/b,Ep,3,Ep,3,NA,FALSE
15090,SASbo,SASbo/b,Pli,2,Pl,2,NA,FALSE
15091,SASbo,SASbo/b,Sb,1,Sb,1,NA,FALSE
15092,SASbo,SASbo/b,Sw,1,Sx,1,NA,FALSE
15093,SASbo,SASbo/c,Ep,3,Ep,3,NA,FALSE
15094,SASbo,SASbo/c,Pj,2,Pj,2,NA,FALSE
15095,SASbo,SASbo/c,Sb,1,Sb,1,NA,FALSE
15096,SASbo,SASbo/d,Acb,3,Ac,3,NA,FALSE
15097,SASbo,SASbo/d,At,3,At,3,NA,FALSE
15098,SASbo,SASbo/d,Ep,2,Ep,2,NA,FALSE
15099,SASbo,SASbo/d,Sw,1,Sx,1,NA,FALSE
15100,SASbo,SASbo/e,Pli,2,Pl,2,NA,FALSE
15101,SASbo,SASbo/e,Sb,1,Sb,1,NA,FALSE
15102,SASbo,SASbo/f,Sb,1,Sb,1,NA,FALSE
15103,SASbo,SASbo/g,Lt,3,Lt,3,NA,FALSE
15104,SASbo,SASbo/g,Sb,1,Sb,1,NA,FALSE
15105,SASbo,SASbo/h,Lt,1,Lt,1,NA,FALSE
15106,SASbo,SASbo/h,Sb,3,Sb,3,NA,FALSE
15107,SASbo,SASbo/Ro,X,NA,X,NA,NA,FALSE
15108,SBAPcp,SBAPcp/a,X,NA,X,NA,VC,FALSE
15109,SBAPcp,SBAPcp/b,At,3,At,3,NA,FALSE
15110,SBAPcp,SBAPcp/c,At,2,At,2,NA,FALSE
15111,SBAPcp,SBAPcp/d,At,1,At,1,NA,FALSE
15112,SBAPcp,SBAPcp/e,Acb,2,Ac,2,NA,FALSE
15113,SBAPcp,SBAPcp/e,At,1,At,1,NA,FALSE
15114,SBAPcp,SBAPcp/f,Acb,1,Ac,1,NA,FALSE
15115,SBAPcp,SBAPcp/f,At,1,At,1,NA,FALSE
15116,SBAPcp,SBAPcp/f,Pli,3,Pl,3,NA,FALSE
15117,SBAPcp,SBAPcp/f,Sw,3,Sx,3,NA,FALSE
15118,SBAPcp,SBAPcp/g,At,2,At,2,NA,FALSE
15119,SBAPcp,SBAPcp/g,Sw,2,Sx,2,NA,FALSE
15120,SBAPcp,SBAPcp/h,Acb,1,Ac,1,NA,FALSE
15121,SBAPcp,SBAPcp/h,At,2,At,2,NA,FALSE
15122,SBAPcp,SBAPcp/h,Pli,3,Pl,3,NA,FALSE
15123,SBAPcp,SBAPcp/h,Sw,3,Sx,3,NA,FALSE
15124,SBAPcp,SBAPcp/i,X,NA,X,NA,VC,FALSE
15125,SBAPcp,SBAPcp/j,X,NA,X,NA,VC,FALSE
15126,SBAPcp,SBAPcp/k,X,NA,X,NA,VC,FALSE
15127,SBAPcp,SBAPcp/Ro,X,NA,X,NA,NA,FALSE
15128,SBAPfp,SBAPfp/d,X,NA,X,NA,VC,FALSE
15129,SBAPfp,SBAPfp/h,Acb,2,Ac,2,NA,FALSE
15130,SBAPfp,SBAPfp/h,At,1,At,1,NA,FALSE
15131,SBAPfp,SBAPfp/h,Sxw,2,Sx,3,dvm26,FALSE
15132,SBAPfp,SBAPfp/m,At,1,At,1,NA,FALSE
15133,SGPdm_CO,SGPdm_CO/110,Jo,1,Jo,1,NA,FALSE
15134,SGPdm_CO,SGPdm_CO/110,Jr,3,Jr,2,dvm26,FALSE
15135,SGPdm_CO,SGPdm_CO/110,Pe,1,Pe,1,NA,FALSE
15136,SGPdm_CO,SGPdm_CO/110,Qa,3,Qa,3,NA,FALSE
15137,SGPdm_CO,SGPdm_CO/111,Aa,2,Aa,2,NA,FALSE
15138,SGPdm_CO,SGPdm_CO/111,Adm,1,Adm,1,NA,FALSE
15139,SGPdm_CO,SGPdm_CO/111,Me,2,Me,2,NA,FALSE
15140,SGPdm_CO,SGPdm_CO/Gg,X,NA,X,NA,NA,FALSE
15141,SGPdm_CO,SGPdm_CO/Ro,X,NA,X,NA,NA,FALSE
15142,WJPxm_OR,WJPxm_OR/101,Jw,1,Jw,1,NA,FALSE
15143,WJPxm_OR,WJPxm_OR/101,Om,3,Om,3,NA,FALSE
15144,WJPxm_OR,WJPxm_OR/103,Jw,1,Jw,1,NA,FALSE
15145,WJPxm_OR,WJPxm_OR/110,Fdi,3,Fd,5,dvm26,FALSE
15146,WJPxm_OR,WJPxm_OR/110,Jw,1,Jw,1,NA,FALSE
15147,WJPxm_OR,WJPxm_OR/110,Pyi,1,Py,1,NA,FALSE
15148,WJPxm_OR,WJPxm_OR/111,Act,NA,Ac,3,dvm26,FALSE
15149,WJPxm_OR,WJPxm_OR/111,At,5,At,5,NA,FALSE
15150,WJPxm_OR,WJPxm_OR/111,Fdi,5,Fd,3,dvm26,FALSE
15151,WJPxm_OR,WJPxm_OR/111,Jw,3,Jw,2,dvm26,FALSE
15152,WJPxm_OR,WJPxm_OR/111,Pyi,3,Py,2,dvm26,FALSE
15153,WJPxm_OR,WJPxm_OR/Gg,X,NA,X,NA,NA,FALSE
15154,WJPxm_OR,WJPxm_OR/Ro,X,NA,X,NA,NA,FALSE
15155,CWFmm_OR,CWFmm_OR/113,Dr,3,Dr,5,DVM,FALSE
15156,BGdh_OR,BGdh_OR/111,At,NA,At,2,dvm26,FALSE
15157,BGdw_OR,BGdw_OR/110,Bg,NA,Bg,3,dvm26,FALSE
15158,BGdw_OR,BGdw_OR/111,At,NA,At,3,dvm26,FALSE
15159,BGdw_WA,BGdw_WA/111,At,NA,At,2,dvm26,FALSE
15160,BGmk_MT,BGmk_MT/110,Om,NA,Om,3,dvm26,FALSE
15161,BGmk_MT,BGmk_MT/111,At,NA,At,2,dvm26,FALSE
15162,BGmk_NV,BGmk_NV/110,Jr,NA,Jr,3,dvm26,FALSE
15163,BGwm_WA,BGwm_WA/110,Bg,NA,Bg,3,dvm26,FALSE
15164,BGwm_WA,BGwm_WA/111,At,NA,At,2,dvm26,FALSE
15165,BGxh_WA,BGxh_WA/111,Dw,NA,Dw,3,dvm26,FALSE
15166,BGxxx_WY,BGxxx_WY/110,Om,NA,Om,3,dvm26,FALSE
15167,BGxxx_WY,BGxxx_WY/110,Pf,NA,Pf,3,dvm26,FALSE
15168,BGxxx_WY,BGxxx_WY/111,Ad,NA,Ad,1,dvm26,FALSE
15169,BGxxx_WY,BGxxx_WY/111,At,NA,At,2,dvm26,FALSE
15170,BGxxx_WY,BGxxx_WY/111,Af,NA,Af,3,dvm26,FALSE
15171,CCHun_CA,CCHun_CA/110,Af,1,Af,1,dvm26,FALSE
15172,CCHun_CA,CCHun_CA/110,Dw,1,Dw,1,dvm26,FALSE
15173,CCHun_CA,CCHun_CA/110,Oz,1,Oz,1,dvm26,FALSE
15174,CCHun_CA,CCHun_CA/111,Af,1,Af,1,dvm26,FALSE
15175,CCHun_CA,CCHun_CA/111,Dw,1,Dw,1,dvm26,FALSE
15176,CCHun_CA,CCHun_CA/111,Oz,1,Oz,1,dvm26,FALSE
15177,CCHun_CA,CCHun_CA/111,Mb,3,Mb,3,dvm26,FALSE
15178,CDFmm_OR,CDFmm_OR/101,Qg,3,Qg,3,dvm26,FALSE
15179,CDFxm_CA,CDFxm_CA/103,Oa,2,Oa,2,dvm26,FALSE
15180,CDFxm_CA,CDFxm_CA/113,Dw,2,Dw,2,dvm26,FALSE
15181,CMXdm_OR,CMXdm_OR/101,Ps,NA,Ps,2,dvm26,FALSE
15182,CMXdm_OR,CMXdm_OR/101,Hw,NA,Hw,3,dvm26,FALSE
15183,CMXdm_OR,CMXdm_OR/102,Qc,NA,Qc,3,dvm26,FALSE
15184,CMXdm_OR,CMXdm_OR/110,Hw,NA,Hw,3,dvm26,FALSE
15185,CMXdm_OR,CMXdm_OR/111,Hw,NA,Hw,3,dvm26,FALSE
15186,CMXdm_OR,CMXdm_OR/113,Dw,NA,Dw,2,dvm26,FALSE
15187,CMXdm_OR,CMXdm_OR/113,Act,NA,Ac,3,dvm26,FALSE
15188,CMXmm_OR,CMXmm_OR/113,Dw,NA,Dw,2,dvm26,FALSE
15189,CMXmm_OR,CMXmm_OR/113,Og,NA,Og,3,dvm26,FALSE
15190,CMXwm_OR,CMXwm_OR/102,Pk,NA,Pk,2,dvm26,FALSE
15191,CMXxm_CA,CMXxm_CA/101,Ob,NA,Ob,3,dvm26,FALSE
15192,CMXxm_CA,CMXxm_CA/103,Pc,NA,Pc,3,dvm26,FALSE
15193,CMXxm_CA,CMXxm_CA/113,Dw,NA,Dw,2,dvm26,FALSE
15194,CRFdh_CA,CRFdh_CA/102,Pk,3,Pk,3,dvm26,FALSE
15195,CRFdh_CA,CRFdh_CA/102,Pu,3,Pu,3,dvm26,FALSE
15196,CRFdh_CA,CRFdh_CA/102,Qz,3,Qz,3,dvm26,FALSE
15197,CRFdh_CA,CRFdh_CA/103,Ol,1,Ol,1,dvm26,FALSE
15198,CRFdh_CA,CRFdh_CA/103,Qz,2,Qz,2,dvm26,FALSE
15199,CRFdh_CA,CRFdh_CA/110,Dw,2,Dw,2,dvm26,FALSE
15200,CRFdh_CA,CRFdh_CA/111,Dw,2,Dw,2,dvm26,FALSE
15201,CRFdh_CA,CRFdh_CA/111,Ot,2,Ot,2,dvm26,FALSE
15202,CRFmh_CA,CRFmh_CA/101,Fdc,1,Fd,1,dvm26,FALSE
15203,CRFmh_CA,CRFmh_CA/101,Oc,1,Oc,1,dvm26,FALSE
15204,CRFmh_CA,CRFmh_CA/101,Ot,1,Ot,1,dvm26,FALSE
15205,CRFmh_CA,CRFmh_CA/101,Bg,2,Bg,2,dvm26,FALSE
15206,CRFmh_CA,CRFmh_CA/101,Dr,2,Dr,2,dvm26,FALSE
15207,CRFmh_CA,CRFmh_CA/101,Hw,2,Hw,2,dvm26,FALSE
15208,CRFmh_CA,CRFmh_CA/101,Mb,3,Mb,3,dvm26,FALSE
15209,CRFmh_CA,CRFmh_CA/101,Ol,3,Ol,3,dvm26,FALSE
15210,CRFmh_CA,CRFmh_CA/101,Ra,3,Ra,3,dvm26,FALSE
15211,CRFmh_CA,CRFmh_CA/101,Ss,3,Ss,3,dvm26,FALSE
15212,CRFmh_CA,CRFmh_CA/102,Fdc,2,Fd,2,dvm26,FALSE
15213,CRFmh_CA,CRFmh_CA/102,Qc,2,Qc,2,dvm26,FALSE
15214,CRFmh_CA,CRFmh_CA/102,Qg,2,Qg,2,dvm26,FALSE
15215,CRFmh_CA,CRFmh_CA/102,Ra,2,Ra,2,dvm26,FALSE
15216,CRFmh_CA,CRFmh_CA/102,Pk,3,Pk,3,dvm26,FALSE
15217,CRFmh_CA,CRFmh_CA/102,Pu,3,Pu,3,dvm26,FALSE
15218,CRFmh_CA,CRFmh_CA/103,Fdc,1,Fd,1,dvm26,FALSE
15219,CRFmh_CA,CRFmh_CA/103,Oc,2,Oc,2,dvm26,FALSE
15220,CRFmh_CA,CRFmh_CA/103,Ot,2,Ot,2,dvm26,FALSE
15221,CRFmh_CA,CRFmh_CA/103,Ra,2,Ra,2,dvm26,FALSE
15222,CRFmh_CA,CRFmh_CA/103,Dr,3,Dr,3,dvm26,FALSE
15223,CRFmh_CA,CRFmh_CA/110,Dr,1,Dr,1,dvm26,FALSE
15224,CRFmh_CA,CRFmh_CA/110,Mb,1,Mb,1,dvm26,FALSE
15225,CRFmh_CA,CRFmh_CA/110,Oc,1,Oc,1,dvm26,FALSE
15226,CRFmh_CA,CRFmh_CA/110,Fdc,2,Fd,2,dvm26,FALSE
15227,CRFmh_CA,CRFmh_CA/110,Hw,2,Hw,2,dvm26,FALSE
15228,CRFmh_CA,CRFmh_CA/110,Ol,2,Ol,2,dvm26,FALSE
15229,CRFmh_CA,CRFmh_CA/110,Ot,2,Ot,2,dvm26,FALSE
15230,CRFmh_CA,CRFmh_CA/110,Ss,2,Ss,2,dvm26,FALSE
15231,CRFmh_CA,CRFmh_CA/110,Bg,3,Bg,3,dvm26,FALSE
15232,CRFmh_CA,CRFmh_CA/110,Cw,3,Cw,3,dvm26,FALSE
15233,CRFmh_CA,CRFmh_CA/111,Dr,1,Dr,1,dvm26,FALSE
15234,CRFmh_CA,CRFmh_CA/111,Mb,1,Mb,1,dvm26,FALSE
15235,CRFmh_CA,CRFmh_CA/111,Oc,1,Oc,1,dvm26,FALSE
15236,CRFmh_CA,CRFmh_CA/111,Ss,1,Ss,1,dvm26,FALSE
15237,CRFmh_CA,CRFmh_CA/111,Hw,2,Hw,2,dvm26,FALSE
15238,CRFmh_CA,CRFmh_CA/111,Ol,2,Ol,2,dvm26,FALSE
15239,CRFmh_CA,CRFmh_CA/111,Ot,2,Ot,2,dvm26,FALSE
15240,CRFmh_CA,CRFmh_CA/111,Bg,3,Bg,3,dvm26,FALSE
15241,CRFmh_CA,CRFmh_CA/111,Cw,3,Cw,3,dvm26,FALSE
15242,CRFmh_CA,CRFmh_CA/111,Dw,3,Dw,3,dvm26,FALSE
15243,CRFmh_CA,CRFmh_CA/111,Fdc,3,Fd,3,dvm26,FALSE
15244,CRFmh_CA,CRFmh_CA/111,Yp,3,Yp,3,dvm26,FALSE
15245,CVGdm_CA,CVGdm_CA/110,Ql,NA,Ql,1,dvm26,FALSE
15246,CVGdm_CA,CVGdm_CA/110,Qz,NA,Qz,2,dvm26,FALSE
15247,CVGdm_CA,CVGdm_CA/111,Dw,NA,Dw,2,dvm26,FALSE
15248,CWFmm_OR,CWFmm_OR/101,Bm,NA,Bm,3,dvm26,FALSE
15249,CWFwm_OR,CWFwm_OR/102,Sr,NA,Sr,2,dvm26,FALSE
15250,CWFwm_OR,CWFwm_OR/102,Pk,NA,Pk,3,dvm26,FALSE
15251,CWFwm_OR,CWFwm_OR/103,Ot,NA,Ot,3,dvm26,FALSE
15252,CWFwm_OR,CWFwm_OR/111,Yp,NA,Yp,1,dvm26,FALSE
15253,CWFwm_OR,CWFwm_OR/113,Yp,NA,Yp,3,dvm26,FALSE
15254,CWHdm_WA,CWHdm_WA/101,Act,3,Ac,3,dvm26,FALSE
15255,CWHdm_WA,CWHdm_WA/112,Ss,3,Ss,3,dvm26,FALSE
15256,CWHms_OR,CWHms_OR/101,Hm,3,Hm,3,dvm26,FALSE
15257,CWHms_OR,CWHms_OR/102,Hm,3,Hm,3,dvm26,FALSE
15258,CWHms_OR,CWHms_OR/103,Hm,3,Hm,3,dvm26,FALSE
15259,CWHms_OR,CWHms_OR/110,Hm,3,Hm,3,dvm26,FALSE
15260,CWHms_OR,CWHms_OR/111,Hm,3,Hm,3,dvm26,FALSE
15261,CWHms_WA,CWHms_WA/101,Hm,3,Hm,3,dvm26,FALSE
15262,CWHms_WA,CWHms_WA/102,Hm,3,Hm,3,dvm26,FALSE
15263,CWHms_WA,CWHms_WA/103,Hm,3,Hm,3,dvm26,FALSE
15264,CWHms_WA,CWHms_WA/110,Hm,3,Hm,3,dvm26,FALSE
15265,CWHms_WA,CWHms_WA/111,Hm,3,Hm,3,dvm26,FALSE
15266,CWHvh_WA,CWHvh_WA/103,Plc,3,Plc,3,dvm26,FALSE
15267,CWHvh_WA,CWHvh_WA/112,Act,3,Ac,3,dvm26,FALSE
15268,CWHvh_WA,CWHvh_WA/113,Act,3,Ac,3,dvm26,FALSE
15269,CWHvh_WA,CWHvh_WA/113,Plc,3,Plc,3,dvm26,FALSE
15270,CWHvm_OR,CWHvm_OR/101,Hm,3,Hm,3,dvm26,FALSE
15271,CWHvm_OR,CWHvm_OR/102,Hm,3,Hm,3,dvm26,FALSE
15272,CWHvm_OR,CWHvm_OR/103,Hm,3,Hm,3,dvm26,FALSE
15273,CWHvm_OR,CWHvm_OR/110,Hm,3,Hm,3,dvm26,FALSE
15274,CWHvm_OR,CWHvm_OR/111,Hm,3,Hm,3,dvm26,FALSE
15275,CWHvm_OR,CWHvm_OR/112,Hm,3,Hm,3,dvm26,FALSE
15276,CWHvm_OR,CWHvm_OR/113,Hm,3,Hm,3,dvm26,FALSE
15277,CWHvm_WA,CWHvm_WA/101,Hm,3,Hm,3,dvm26,FALSE
15278,CWHvm_WA,CWHvm_WA/101,Mb,3,Mb,3,dvm26,FALSE
15279,CWHvm_WA,CWHvm_WA/102,Hm,3,Hm,3,dvm26,FALSE
15280,CWHvm_WA,CWHvm_WA/102,Yc,3,Yc,3,dvm26,FALSE
15281,CWHvm_WA,CWHvm_WA/103,Hm,3,Hm,3,dvm26,FALSE
15282,CWHvm_WA,CWHvm_WA/103,Yc,3,Yc,3,dvm26,FALSE
15283,CWHvm_WA,CWHvm_WA/110,Hm,3,Hm,3,dvm26,FALSE
15284,CWHvm_WA,CWHvm_WA/111,Hm,3,Hm,3,dvm26,FALSE
15285,CWHvm_WA,CWHvm_WA/112,Hm,3,Hm,3,dvm26,FALSE
15286,CWHvm_WA,CWHvm_WA/113,Hm,3,Hm,3,dvm26,FALSE
15287,CWHwh_WA,CWHwh_WA/101,Ba,3,Ba,3,dvm26,FALSE
15288,CWHwh_WA,CWHwh_WA/102,Plc,2,Plc,2,dvm26,FALSE
15289,CWHwh_WA,CWHwh_WA/103,Plc,3,Plc,3,dvm26,FALSE
15290,CWHwh_WA,CWHwh_WA/112,Act,3,Ac,3,dvm26,FALSE
15291,CWHwh_WA,CWHwh_WA/112,Up,3,Up,3,dvm26,FALSE
15292,CWHwh_WA,CWHwh_WA/113,Act,3,Ac,3,dvm26,FALSE
15293,CWHwh_WA,CWHwh_WA/113,Up,3,Up,3,dvm26,FALSE
15294,CWHxm_WA,CWHxm_WA/101,Ra,3,Ra,3,dvm26,FALSE
15295,CWHxm_WA,CWHxm_WA/102,Qg,3,Qg,3,dvm26,FALSE
15296,CWHxm_WA,CWHxm_WA/103,Ra,3,Ra,3,dvm26,FALSE
15297,ESSFdh_WA,ESSFdh_WA/101,At,NA,At,3,dvm26,FALSE
15298,ESSFdh_WA,ESSFdh_WA/110,Cw,NA,Cw,2,dvm26,FALSE
15299,ESSFdh_WA,ESSFdh_WA/110,Hw,NA,Hw,2,dvm26,FALSE
15300,ESSFdh_WA,ESSFdh_WA/111,Cw,NA,Cw,2,dvm26,FALSE
15301,ESSFdh_WA,ESSFdh_WA/111,Hw,NA,Hw,2,dvm26,FALSE
15302,ESSFdk_MT,ESSFdk_MT/101,Lw,NA,Lw,3,dvm26,FALSE
15303,ESSFdk_MT,ESSFdk_MT/102,Lw,NA,Lw,3,dvm26,FALSE
15304,ESSFxc_CO,ESSFxc_CO/102,Pb,NA,Pb,3,dvm26,FALSE
15305,ESSFxc_CO,ESSFxc_CO/111,Sp,NA,Sp,2,dvm26,FALSE
15306,ESSFxw_OR,ESSFxw_OR/101,Hm,NA,Hm,3,dvm26,FALSE
15307,FGff,FGff/112,Acb,2,Ac,2,dvm26,FALSE
15308,FGff,FGff/112,At,2,At,2,dvm26,FALSE
15309,FGff,FGff/113,At,1,At,1,dvm26,FALSE
15310,FGff,FGff/113,Acb,2,Ac,2,dvm26,FALSE
15311,GBDxx_UT,GBDxx_UT/110,Ju,NA,Ju,1,dvm26,FALSE
15312,GBDxx_UT,GBDxx_UT/110,Pe,NA,Pe,2,dvm26,FALSE
15313,ICHdw_ID,ICHdw_ID/110,Hm,NA,Hm,3,dvm26,FALSE
15314,ICHdw_ID,ICHdw_ID/111,Hm,NA,Hm,3,dvm26,FALSE
15315,ICHxh_ID,ICHxh_ID/113,Act,NA,Ac,2,dvm26,FALSE
15316,ICHxh_ID,ICHxh_ID/113,Se,NA,Sx,2,dvm26,FALSE
15317,IDFdh_MT,IDFdh_MT/113,Bg,NA,Bg,3,dvm26,FALSE
15318,IDFdh_UT,IDFdh_UT/101,Bc,NA,Bc,2,dvm26,FALSE
15319,IDFdh_UT,IDFdh_UT/101,Bc,NA,Bc,2,dvm26,FALSE
15320,IDFdh_UT,IDFdh_UT/102,Qa,NA,Qa,3,dvm26,FALSE
15321,IDFdh_UT,IDFdh_UT/111,Bc,NA,Bc,3,dvm26,FALSE
15322,IDFdh_UT,IDFdh_UT/113,Aa,NA,Aa,2,dvm26,FALSE
15323,IDFdh_UT,IDFdh_UT/113,Mt,NA,Mt,2,dvm26,FALSE
15324,IDFdh_UT,IDFdh_UT/Gg,Ju,NA,Ju,3,dvm26,FALSE
15325,IDFdm_MT,IDFdm_MT/113,Cw,NA,Cw,3,dvm26,FALSE
15326,IDFdxx_WY,IDFdxx_WY/Gg,Ju,NA,Ju,3,dvm26,FALSE
15327,IDFxm_CO,IDFxm_CO/101,Qa,NA,Qa,2,dvm26,FALSE
15328,IDFxm_CO,IDFxm_CO/111,Sp,NA,Sp,2,dvm26,FALSE
15329,IDFxm_CO,IDFxm_CO/113,Aa,NA,Aa,2,dvm26,FALSE
15330,IDFxx_WA,IDFxx_WA/113,Dw,NA,Dw,3,dvm26,FALSE
15331,IDFxx_WA,IDFxx_WA/113,Mb,NA,Mb,3,dvm26,FALSE
15332,IGFdk_WA,IGFdk_WA/101,Lw,NA,Lw,2,dvm26,FALSE
15333,IGFdk_WA,IGFdk_WA/112,Act,NA,Ac,3,dvm26,FALSE
15334,IGFdk_WA,IGFdk_WA/113,Mb,NA,Mb,3,dvm26,FALSE
15335,IGFdw_OR,IGFdw_OR/101,Oy,NA,Oy,3,dvm26,FALSE
15336,IGFdw_OR,IGFdw_OR/112,Bp,NA,Bp,3,dvm26,FALSE
15337,IGFdw_OR,IGFdw_OR/113,Act,NA,Ac,3,dvm26,FALSE
15338,IGFmh_OR,IGFmh_OR/102,Om,NA,Om,2,dvm26,FALSE
15339,IGFmh_OR,IGFmh_OR/103,Om,NA,Om,3,dvm26,FALSE
15340,IWFdm_CO,IWFdm_CO/111,Sp,NA,Sp,1,dvm26,FALSE
15341,IWFdm_CO,IWFdm_CO/113,Aa,NA,Aa,1,dvm26,FALSE
15342,IWFxk_NV,IWFxk_NV/101,Py,NA,Py,3,dvm26,FALSE
15343,IWFxk_NV,IWFxk_NV/102,Pg,NA,Pg,2,dvm26,FALSE
15344,IWFxk_NV,IWFxk_NV/102,Jr,NA,Jr,3,dvm26,FALSE
15345,IWFxk_NV,IWFxk_NV/103,At,NA,At,3,dvm26,FALSE
15346,IWFxk_NV,IWFxk_NV/111,Af,NA,Af,3,dvm26,FALSE
15347,IWFxm_CA,IWFxm_CA/101,Bm,NA,Bm,3,dvm26,FALSE
15348,IWFxm_CA,IWFxm_CA/103,Bm,NA,Bm,3,dvm26,FALSE
15349,MDCHun_NV,MDCHun_NV/110,Qa,NA,Qa,3,dvm26,FALSE
15350,MDCHun_NV,MDCHun_NV/111,Af,NA,Af,1,dvm26,FALSE
15351,MDCHun_NV,MDCHun_NV/111,Mt,NA,Mt,3,dvm26,FALSE
15352,MGPmw_MT,MGPmw_MT/110,Fdi,NA,Fd,3,dvm26,FALSE
15353,MGPmw_MT,MGPmw_MT/111,Op,NA,Op,1,dvm26,FALSE
15354,MHds_WA,MHds_WA/101,Hw,3,Hw,3,dvm26,FALSE
15355,MHds_WA,MHds_WA/103,Hw,3,Hw,3,dvm26,FALSE
15356,MHds_WA,MHds_WA/110,Hw,3,Hw,3,dvm26,FALSE
15357,MHds_WA,MHds_WA/111,Hw,3,Hw,3,dvm26,FALSE
15358,MHRFdm_OR,MHRFdm_OR/102,Pw,2,Pz,2,dvm26,FALSE
15359,MMMdk_NV,MMMdk_NV/102,Pf,NA,Pf,2,dvm26,FALSE
15360,MMMdk_NV,MMMdk_NV/102,Ju,NA,Ju,3,dvm26,FALSE
15361,MMMdk_NV,MMMdk_NV/102,Pn,NA,Pn,3,dvm26,FALSE
15362,MMMdk_NV,MMMdk_NV/111,Af,NA,Af,2,dvm26,FALSE
15363,MSdh_MT,MSdh_MT/102,Jr,NA,Jr,3,dvm26,FALSE
15364,MSdh_UT,MSdh_UT/111,Mt,NA,Mt,2,dvm26,FALSE
15365,MSdh_UT,MSdh_UT/111,Sp,NA,Sp,2,dvm26,FALSE
15366,MSdh_UT,MSdh_UT/111,Sxw,NA,Sx,2,dvm26,FALSE
15367,MSdh_WY,MSdh_WY/102,Jr,NA,Jr,3,dvm26,FALSE
15368,MSdm_WA,MSdm_WA/111,Pli,NA,Pl,3,dvm26,FALSE
15369,MSdw_MT,MSdw_MT/101,At,NA,At,3,dvm26,FALSE
15370,MSdw_MT,MSdw_MT/101,Bg,NA,Bg,3,dvm26,FALSE
15371,MSdw_MT,MSdw_MT/112,Pw,NA,Pw,3,dvm26,FALSE
15372,MSSDun_NV,MSSDun_NV/101,Ou,NA,Ou,1,dvm26,FALSE
15373,MSSDun_NV,MSSDun_NV/110,Ou,NA,Ou,1,dvm26,FALSE
15374,MSSDun_NV,MSSDun_NV/111,Af,NA,Af,1,dvm26,FALSE
15375,MSxm_CO,MSxm_CO/112,Sp,NA,Sp,2,dvm26,FALSE
15376,MSxx_NV,MSxx_NV/101,Se,NA,Sx,3,dvm26,FALSE
15377,MSxx_NV,MSxx_NV/102,Pg,NA,Pg,2,dvm26,FALSE
15378,MSxx_NV,MSxx_NV/110,Se,NA,Sx,2,dvm26,FALSE
15379,MSxx_NV,MSxx_NV/110,Bl,NA,Bl,3,dvm26,FALSE
15380,OWdm_CA,OWdm_CA/101,Pc,1,Pc,1,dvm26,FALSE
15381,OWdm_CA,OWdm_CA/101,Qb,1,Qb,1,dvm26,FALSE
15382,OWdm_CA,OWdm_CA/101,Qc,1,Qc,1,dvm26,FALSE
15383,OWdm_CA,OWdm_CA/101,Qd,1,Qd,1,dvm26,FALSE
15384,OWdm_CA,OWdm_CA/101,Qz,1,Qz,1,dvm26,FALSE
15385,OWdm_CA,OWdm_CA/101,On,2,On,2,dvm26,FALSE
15386,OWdm_CA,OWdm_CA/101,Ql,3,Ql,3,dvm26,FALSE
15387,OWdm_CA,OWdm_CA/102,Pc,1,Pc,1,dvm26,FALSE
15388,OWdm_CA,OWdm_CA/102,Qd,1,Qd,1,dvm26,FALSE
15389,OWdm_CA,OWdm_CA/102,Qz,1,Qz,1,dvm26,FALSE
15390,OWdm_CA,OWdm_CA/102,Qc,3,Qc,3,dvm26,FALSE
15391,OWdm_CA,OWdm_CA/103,Pc,1,Pc,1,dvm26,FALSE
15392,OWdm_CA,OWdm_CA/103,Qd,1,Qd,1,dvm26,FALSE
15393,OWdm_CA,OWdm_CA/103,Qz,1,Qz,1,dvm26,FALSE
15394,OWdm_CA,OWdm_CA/103,Qc,2,Qc,2,dvm26,FALSE
15395,OWdm_CA,OWdm_CA/103,On,3,On,3,dvm26,FALSE
15396,OWdm_CA,OWdm_CA/103,Qb,3,Qb,3,dvm26,FALSE
15397,OWdm_CA,OWdm_CA/110,Pc,1,Pc,1,dvm26,FALSE
15398,OWdm_CA,OWdm_CA/110,Qc,1,Qc,1,dvm26,FALSE
15399,OWdm_CA,OWdm_CA/110,Qd,1,Qd,1,dvm26,FALSE
15400,OWdm_CA,OWdm_CA/110,Ql,1,Ql,1,dvm26,FALSE
15401,OWdm_CA,OWdm_CA/110,Qz,1,Qz,1,dvm26,FALSE
15402,OWdm_CA,OWdm_CA/110,Af,2,Af,2,dvm26,FALSE
15403,OWdm_CA,OWdm_CA/110,Dw,2,Dw,2,dvm26,FALSE
15404,OWdm_CA,OWdm_CA/110,Og,2,Og,2,dvm26,FALSE
15405,OWdm_CA,OWdm_CA/110,On,2,On,2,dvm26,FALSE
15406,OWdm_CA,OWdm_CA/110,Qb,2,Qb,2,dvm26,FALSE
15407,OWdm_CA,OWdm_CA/110,Py,3,Py,3,dvm26,FALSE
15408,OWdm_CA,OWdm_CA/111,Qc,1,Qc,1,dvm26,FALSE
15409,OWdm_CA,OWdm_CA/111,Qd,1,Qd,1,dvm26,FALSE
15410,OWdm_CA,OWdm_CA/111,Ql,1,Ql,1,dvm26,FALSE
15411,OWdm_CA,OWdm_CA/111,Af,2,Af,2,dvm26,FALSE
15412,OWdm_CA,OWdm_CA/111,Dw,2,Dw,2,dvm26,FALSE
15413,OWdm_CA,OWdm_CA/111,Og,2,Og,2,dvm26,FALSE
15414,OWdm_CA,OWdm_CA/111,Pc,2,Pc,2,dvm26,FALSE
15415,OWdm_CA,OWdm_CA/111,Qb,2,Qb,2,dvm26,FALSE
15416,OWdm_CA,OWdm_CA/111,Qz,2,Qz,2,dvm26,FALSE
15417,OWdm_CA,OWdm_CA/111,On,3,On,3,dvm26,FALSE
15418,OWmm_OR,OWmm_OR/102,Jw,3,Jw,3,dvm26,FALSE
15419,OWmm_OR,OWmm_OR/103,Jw,3,Jw,3,dvm26,FALSE
15420,OWmm_OR,OWmm_OR/110,Pyc,2,Pyc,2,dvm26,FALSE
15421,OWmm_OR,OWmm_OR/110,Pc,3,Pc,3,dvm26,FALSE
15422,OWmm_OR,OWmm_OR/111,Act,2,Ac,2,dvm26,FALSE
15423,OWmm_OR,OWmm_OR/111,Pyc,2,Pyc,2,dvm26,FALSE
15424,OWmm_OR,OWmm_OR/111,Oh,3,Oh,3,dvm26,FALSE
15425,OWmm_OR,OWmm_OR/111,Pc,3,Pc,3,dvm26,FALSE
15426,OWmm_OR,OWmm_OR/111,Ps,3,Ps,3,dvm26,FALSE
15427,OWmm_OR,OWmm_OR/111,Pz,3,Pz,3,dvm26,FALSE
15428,OWwm_OR,OWwm_OR/101,Qb,1,Qb,1,dvm26,FALSE
15429,OWwm_OR,OWwm_OR/101,Qg,1,Qg,1,dvm26,FALSE
15430,OWwm_OR,OWwm_OR/101,Ra,2,Ra,2,dvm26,FALSE
15431,OWwm_OR,OWwm_OR/102,Qb,1,Qb,1,dvm26,FALSE
15432,OWwm_OR,OWwm_OR/102,Qg,1,Qg,1,dvm26,FALSE
15433,OWwm_OR,OWwm_OR/103,Qb,1,Qb,1,dvm26,FALSE
15434,OWwm_OR,OWwm_OR/103,Qg,1,Qg,1,dvm26,FALSE
15435,OWwm_OR,OWwm_OR/110,Qb,1,Qb,1,dvm26,FALSE
15436,OWwm_OR,OWwm_OR/110,Qg,1,Qg,1,dvm26,FALSE
15437,OWwm_OR,OWwm_OR/110,Pyc,2,Pyc,2,dvm26,FALSE
15438,OWwm_OR,OWwm_OR/110,Ra,2,Ra,2,dvm26,FALSE
15439,OWwm_OR,OWwm_OR/111,Fdc,1,Fd,1,dvm26,FALSE
15440,OWwm_OR,OWwm_OR/111,Qb,1,Qb,1,dvm26,FALSE
15441,OWwm_OR,OWwm_OR/111,Qg,1,Qg,1,dvm26,FALSE
15442,OWwm_OR,OWwm_OR/111,Pyc,2,Pyc,2,dvm26,FALSE
15443,OWxm_CA,OWxm_CA/101,Qd,1,Qd,1,dvm26,FALSE
15444,OWxm_CA,OWxm_CA/101,Qn,1,Qn,1,dvm26,FALSE
15445,OWxm_CA,OWxm_CA/101,Qx,1,Qx,1,dvm26,FALSE
15446,OWxm_CA,OWxm_CA/101,Qz,2,Qz,2,dvm26,FALSE
15447,OWxm_CA,OWxm_CA/101,On,3,On,3,dvm26,FALSE
15448,OWxm_CA,OWxm_CA/102,Qd,1,Qd,1,dvm26,FALSE
15449,OWxm_CA,OWxm_CA/103,Qd,1,Qd,1,dvm26,FALSE
15450,OWxm_CA,OWxm_CA/103,Qn,2,Qn,2,dvm26,FALSE
15451,OWxm_CA,OWxm_CA/103,Qx,2,Qx,2,dvm26,FALSE
15452,OWxm_CA,OWxm_CA/103,Qz,2,Qz,2,dvm26,FALSE
15453,OWxm_CA,OWxm_CA/110,Qn,1,Qn,1,dvm26,FALSE
15454,OWxm_CA,OWxm_CA/110,Qx,1,Qx,1,dvm26,FALSE
15455,OWxm_CA,OWxm_CA/110,Af,2,Af,2,dvm26,FALSE
15456,OWxm_CA,OWxm_CA/110,Qd,2,Qd,2,dvm26,FALSE
15457,OWxm_CA,OWxm_CA/110,Qz,2,Qz,2,dvm26,FALSE
15458,OWxm_CA,OWxm_CA/110,On,3,On,3,dvm26,FALSE
15459,OWxm_CA,OWxm_CA/111,Qn,1,Qn,1,dvm26,FALSE
15460,OWxm_CA,OWxm_CA/111,Qx,1,Qx,1,dvm26,FALSE
15461,OWxm_CA,OWxm_CA/111,Af,2,Af,2,dvm26,FALSE
15462,OWxm_CA,OWxm_CA/111,Qd,2,Qd,2,dvm26,FALSE
15463,OWxm_CA,OWxm_CA/111,Qz,2,Qz,2,dvm26,FALSE
15464,OWxm_CA,OWxm_CA/111,On,3,On,3,dvm26,FALSE
15465,PPJWdm_WY,PPJWdm_WY/101,Pe,3,Pe,2,dvm26,FALSE
15466,PPJWdm_WY,PPJWdm_WY/110,Pe,3,Pe,2,dvm26,FALSE
15467,PPJWdm_WY,PPJWdm_WY/110,Pyi,2,Py,5,dvm26,FALSE
15468,PPJWdm_WY,PPJWdm_WY/111,At,3,At,2,dvm26,FALSE
15469,PPJWdm_WY,PPJWdm_WY/111,Fdi,1,Fd,2,dvm26,FALSE
15470,PPJWdm_WY,PPJWdm_WY/111,Pyi,1,Py,3,dvm26,FALSE
15471,PPJWdm_WY,PPJWdm_WY/Gg,Om,NA,Om,3,dvm26,FALSE
15472,PPJWdm_WY,PPJWdm_WY/Gg,Pf,NA,Pf,3,dvm26,FALSE
15473,PPJWdw_UT,PPJWdw_UT/101,Ju,1,Ju,1,dvm26,FALSE
15474,PPJWdw_UT,PPJWdw_UT/101,Pe,1,Pe,1,dvm26,FALSE
15475,PPJWdw_UT,PPJWdw_UT/101,Qa,3,Qa,3,dvm26,FALSE
15476,PPJWdw_UT,PPJWdw_UT/101,Jr,5,Jr,5,dvm26,FALSE
15477,PPJWdw_UT,PPJWdw_UT/101,Om,5,Om,5,dvm26,FALSE
15478,PPJWdw_UT,PPJWdw_UT/103,Pe,1,Pe,1,dvm26,FALSE
15479,PPJWdw_UT,PPJWdw_UT/103,Ju,2,Ju,2,dvm26,FALSE
15480,PPJWdw_UT,PPJWdw_UT/103,Jr,3,Jr,3,dvm26,FALSE
15481,PPJWdw_UT,PPJWdw_UT/103,Fdi,5,Fd,5,dvm26,FALSE
15482,PPJWdw_UT,PPJWdw_UT/103,Om,5,Om,5,dvm26,FALSE
15483,PPJWdw_UT,PPJWdw_UT/103,Qa,5,Qa,5,dvm26,FALSE
15484,PPJWdw_UT,PPJWdw_UT/110,Pe,1,Pe,1,dvm26,FALSE
15485,PPJWdw_UT,PPJWdw_UT/110,Ju,2,Ju,2,dvm26,FALSE
15486,PPJWdw_UT,PPJWdw_UT/110,Qa,2,Qa,2,dvm26,FALSE
15487,PPJWdw_UT,PPJWdw_UT/110,Fdi,5,Fd,5,dvm26,FALSE
15488,PPJWdw_UT,PPJWdw_UT/110,Jr,5,Jr,5,dvm26,FALSE
15489,PPJWdw_UT,PPJWdw_UT/110,Om,5,Om,5,dvm26,FALSE
15490,PPJWdw_UT,PPJWdw_UT/110,Pyi,2,Pyi,5,dvm26,FALSE
15491,PPJWdw_UT,PPJWdw_UT/111,Fdi,1,Fd,1,dvm26,FALSE
15492,PPJWdw_UT,PPJWdw_UT/111,Pyi,1,Pyi,2,dvm26,FALSE
15493,PPJWdw_UT,PPJWdw_UT/111,Mt,NA,Mt,3,dvm26,FALSE
15494,PPJWdw_UT,PPJWdw_UT/111,Aa,5,Aa,5,dvm26,FALSE
15495,PPJWdw_UT,PPJWdw_UT/111,Act,5,Ac,5,dvm26,FALSE
15496,PPJWdw_UT,PPJWdw_UT/111,At,1,At,5,dvm26,FALSE
15497,PPJWdw_UT,PPJWdw_UT/111,Jr,5,Jr,5,dvm26,FALSE
15498,PPJWdw_UT,PPJWdw_UT/111,Ju,5,Ju,5,dvm26,FALSE
15499,PPJWdw_UT,PPJWdw_UT/111,Pe,5,Pe,5,dvm26,FALSE
15500,PPJWdw_UT,PPJWdw_UT/111,Qa,5,Qa,5,dvm26,FALSE
15501,PPJWdw_UT,PPJWdw_UT/113,Aa,2,Aa,1,dvm26,FALSE
15502,PPJWdw_UT,PPJWdw_UT/113,At,2,At,2,dvm26,FALSE
15503,PPJWdw_UT,PPJWdw_UT/113,Act,5,Ac,5,dvm26,FALSE
15504,PPJWdw_UT,PPJWdw_UT/113,Fdi,5,Fd,5,dvm26,FALSE
15505,PPJWdw_UT,PPJWdw_UT/113,Mt,NA,Mt,5,dvm26,FALSE
15506,PPJWmw_UT,PPJWmw_UT/101,Pe,1,Pe,1,dvm26,FALSE
15507,PPJWmw_UT,PPJWmw_UT/101,Ju,2,Ju,2,dvm26,FALSE
15508,PPJWmw_UT,PPJWmw_UT/101,Qa,2,Qa,2,dvm26,FALSE
15509,PPJWmw_UT,PPJWmw_UT/101,Jr,3,Jr,3,dvm26,FALSE
15510,PPJWmw_UT,PPJWmw_UT/102,Om,1,Om,1,dvm26,FALSE
15511,PPJWmw_UT,PPJWmw_UT/102,Ju,2,Ju,2,dvm26,FALSE
15512,PPJWmw_UT,PPJWmw_UT/103,Ju,1,Ju,1,dvm26,FALSE
15513,PPJWmw_UT,PPJWmw_UT/103,Om,2,Om,2,dvm26,FALSE
15514,PPJWmw_UT,PPJWmw_UT/103,Pe,2,Pe,2,dvm26,FALSE
15515,PPJWmw_UT,PPJWmw_UT/110,Qa,1,Qa,1,dvm26,FALSE
15516,PPJWmw_UT,PPJWmw_UT/110,Jr,3,Jr,3,dvm26,FALSE
15517,PPJWmw_UT,PPJWmw_UT/110,Pe,3,Pe,3,dvm26,FALSE
15518,PPJWmw_UT,PPJWmw_UT/110,Fdi,3,Fd,5,dvm26,FALSE
15519,PPJWmw_UT,PPJWmw_UT/111,Aa,NA,Aa,2,dvm26,FALSE
15520,PPJWmw_UT,PPJWmw_UT/111,At,1,At,2,dvm26,FALSE
15521,PPJWmw_UT,PPJWmw_UT/111,Fdi,2,Fd,2,dvm26,FALSE
15522,PPJWmw_UT,PPJWmw_UT/111,Qa,1,Qa,2,dvm26,FALSE
15523,PPJWmw_UT,PPJWmw_UT/111,Bc,NA,Bc,3,dvm26,FALSE
15524,PPJWmw_UT,PPJWmw_UT/111,Py,NA,Py,3,dvm26,FALSE
15525,PPJWwm_CO,PPJWwm_CO/101,Jo,3,Jo,1,dvm26,FALSE
15526,PPJWwm_CO,PPJWwm_CO/101,Jr,1,Jr,3,dvm26,FALSE
15527,PPJWwm_CO,PPJWwm_CO/101,Qa,2,Qa,5,dvm26,FALSE
15528,PPJWwm_CO,PPJWwm_CO/103,Jo,3,Jo,1,dvm26,FALSE
15529,PPJWwm_CO,PPJWwm_CO/103,Jr,2,Jr,2,dvm26,FALSE
15530,PPJWwm_CO,PPJWwm_CO/103,Pe,1,Pe,2,dvm26,FALSE
15531,PPJWwm_CO,PPJWwm_CO/110,Jo,NA,Jo,1,dvm26,FALSE
15532,PPJWwm_CO,PPJWwm_CO/110,Pe,3,Pe,2,dvm26,FALSE
15533,PPJWwm_CO,PPJWwm_CO/110,Jr,2,Jr,3,dvm26,FALSE
15534,PPJWwm_CO,PPJWwm_CO/110,Fdi,2,Fd,5,dvm26,FALSE
15535,PPJWwm_CO,PPJWwm_CO/110,Pyi,1,Py,5,dvm26,FALSE
15536,PPJWwm_CO,PPJWwm_CO/111,Qa,3,Qa,2,dvm26,FALSE
15537,PPJWwm_CO,PPJWwm_CO/111,Pe,NA,Pe,3,dvm26,FALSE
15538,PPJWwm_CO,PPJWwm_CO/111,At,3,At,5,dvm26,FALSE
15539,PPJWwm_CO,PPJWwm_CO/111,Bc,2,Bc,5,dvm26,FALSE
15540,PPJWwm_CO,PPJWwm_CO/111,Fdi,1,Fd,5,dvm26,FALSE
15541,PPJWwm_CO,PPJWwm_CO/111,Pyi,1,Py,5,dvm26,FALSE
15542,PPJWwm_CO,PPJWwm_CO/113,Ad,NA,Ad,1,dvm26,FALSE
15543,PPJWwm_CO,PPJWwm_CO/113,Qa,NA,Qa,2,dvm26,FALSE
15544,PPJWwm_CO,PPJWwm_CO/113,Aa,1,Aa,5,dvm26,FALSE
15545,PPJWwm_CO,PPJWwm_CO/113,At,1,At,5,dvm26,FALSE
15546,PPJWwm_CO,PPJWwm_CO/113,Bc,3,Bc,5,dvm26,FALSE
15547,PPJWwm_CO,PPJWwm_CO/113,Fdi,2,Fd,5,dvm26,FALSE
15548,PPJWxw_NV,PPJWxw_NV/110,Bc,2,Bc,5,dvm26,FALSE
15549,PPJWxw_NV,PPJWxw_NV/110,Om,3,Om,5,dvm26,FALSE
15550,PPJWxw_NV,PPJWxw_NV/110,Ps,3,Ps,5,dvm26,FALSE
15551,PPJWxw_NV,PPJWxw_NV/110,Pyi,3,Py,5,dvm26,FALSE
15552,PPJWxw_NV,PPJWxw_NV/111,Om,3,Om,5,dvm26,FALSE
15553,PPJWxw_NV,PPJWxw_NV/113,,NA,Af,3,dvm26,FALSE
15554,PPJWxw_NV,PPJWxw_NV/113,At,NA,At,3,dvm26,FALSE
15555,PPJWxw_NV,PPJWxw_NV/113,,NA,Mt,3,dvm26,FALSE
15556,PPxh_CO,PPxh_CO/111,Bc,NA,Bc,3,dvm26,FALSE
15557,PPxh_CO,PPxh_CO/113,Aa,NA,Aa,2,dvm26,FALSE
15558,PPxh_CO,PPxh_CO/113,Bc,NA,Bc,3,dvm26,FALSE
15559,PPxh_WA,PPxh_WA/113,Act,NA,Ac,2,dvm26,FALSE
15560,PPxh_WA,PPxh_WA/113,Dw,NA,Dw,3,dvm26,FALSE
15561,SBAPfp,SBAPfp/h,Fdi,3,Fd,3,dvm26,FALSE
15562,SGPdm_CO,SGPdm_CO/110,Py,NA,Py,3,dvm26,FALSE
15563,PPJWxh_CA,PPJWxh_CA/101,Jc,1,Jc,1,,FALSE
15564,PPJWxh_CA,PPJWxh_CA/101,Pn,1,Pn,1,,FALSE
15565,PPJWxh_CA,PPJWxh_CA/101,Qc,2,Qc,2,,FALSE
15566,PPJWxh_CA,PPJWxh_CA/101,Qd,2,Qd,2,,FALSE
15567,PPJWxh_CA,PPJWxh_CA/101,Qz,2,Qz,2,,FALSE
15568,PPJWxh_CA,PPJWxh_CA/103,Qc,1,Qc,1,,FALSE
15569,PPJWxh_CA,PPJWxh_CA/103,Qz,1,Qz,1,,FALSE
15570,PPJWxh_CA,PPJWxh_CA/103,Jc,2,Jc,2,,FALSE
15571,PPJWxh_CA,PPJWxh_CA/103,Qd,3,Qd,3,,FALSE
15572,PPJWxh_CA,PPJWxh_CA/110,Pc,1,Pc,1,,FALSE
15573,PPJWxh_CA,PPJWxh_CA/110,Qc,2,Qc,2,,FALSE
15574,PPJWxh_CA,PPJWxh_CA/110,Qd,3,Qd,3,,FALSE
15575,PPJWxh_CA,PPJWxh_CA/110,Qz,3,Qz,3,,FALSE
15576,PPJWxh_CA,PPJWxh_CA/111,Pc,1,Pc,1,,FALSE
15577,PPJWxh_CA,PPJWxh_CA/111,Pz,1,Pz,1,,FALSE
15578,PPJWxh_CA,PPJWxh_CA/111,Qd,3,Qd,3,,FALSE
15579,PPJWxh_CA,PPJWxh_CA/111,Qz,3,Qz,3,,FALSE
15580,MHunp,MHunp/00,Hm,3,Hm,3,BG,FALSE
15581,ESSFun1,ESSFun1/m,Bl,NA,Bl,1,HK,FALSE
15582,ESSFun1,ESSFun1/m,Plc,NA,Pl,3,HK,FALSE
15583,ESSFun1,ESSFun1/m,Hm,NA,Hm,3,HK,FALSE
15584,ESSFun1,ESSFun1/m,Hw,NA,Hw,4,HK,FALSE
15585,ESSFun1,ESSFun1/m,Sx,NA,Sx,4,HK,FALSE
15586,ESSFun1,ESSFun1/m,Ba,NA,Ba,3,HK,FALSE
15587,ESSFun1,ESSFun1/x,Bl,NA,Bl,2,HK,FALSE
15588,ESSFun1,ESSFun1/x,Plc,NA,Pl,2,HK,FALSE
15589,ESSFun1,ESSFun1/x,Sx,NA,Sx,4,HK,FALSE
15590,ESSFun1,ESSFun1/h,Bl,NA,Bl,1,HK,FALSE
15591,ESSFun1,ESSFun1/h,Plc,NA,Pl,3,HK,FALSE
15592,ESSFun1,ESSFun1/h,Sx,NA,Sx,3,HK,FALSE
15593,ESSFun2,ESSFun2/m,Bl,NA,Bl,1,HK,FALSE
15594,ESSFun2,ESSFun2/x,Bl,NA,Bl,2,HK,FALSE
15595,ESSFun2,ESSFun2/h,Bl,NA,Bl,1,HK,FALSE
15596,ESSFun2,ESSFun2/h,Sx,NA,Sx,2,HK,FALSE
15597,ICHun1,ICHun1/m,Fdc,NA,Fd,1,HK,FALSE
15598,ICHun1,ICHun1/m,Cw,NA,Cw,2,HK,FALSE
15599,ICHun1,ICHun1/x,Fdc,NA,Fd,2,HK,FALSE
15600,ICHun1,ICHun1/x,Plc,NA,Pl,3,HK,FALSE
15601,ICHun1,ICHun1/x,Ep,NA,Ep,3,HK,FALSE
15602,ICHun1,ICHun1/h,Fdc,NA,Fd,1,HK,FALSE
15603,ICHun1,ICHun1/h,Sx,NA,Sx,3,HK,FALSE
15604,ICHun1,ICHun1/h,Cw,NA,Cw,2,HK,FALSE
15605,ICHun1,ICHun1/h,Bl,NA,Bl,3,HK,FALSE
15606,ICHun1,ICHun1/h,Hw,NA,Hw,4,HK,FALSE
15607,MSun1,MSun1/m,Fdc,NA,Fd,1,HK,FALSE
15608,MSun1,MSun1/m,Bl,NA,Bl,1,HK,FALSE
15609,MSun1,MSun1/m,Plc,NA,Pl,1,HK,FALSE
15610,MSun1,MSun1/m,Sx,NA,Sx,1,HK,FALSE
15611,MSun1,MSun1/m,Cw,NA,Cw,3,HK,FALSE
15612,MSun1,MSun1/m,Hw,NA,Hw,3,HK,FALSE
15613,MSun1,MSun1/x,Fdc,NA,Fd,2,HK,FALSE
15614,MSun1,MSun1/x,Bl,NA,Bl,3,HK,FALSE
15615,MSun1,MSun1/x,Plc,NA,Pl,2,HK,FALSE
15616,MSun1,MSun1/x,Sx,NA,Sx,3,HK,FALSE
15617,MSun1,MSun1/h,Fdc,NA,Fd,1,HK,FALSE
15618,MSun1,MSun1/h,Bl,NA,Bl,1,HK,FALSE
15619,MSun1,MSun1/h,Sx,NA,Sx,1,HK,FALSE
15620,MSun1,MSun1/h,Cw,NA,Cw,3,HK,FALSE
