"","grp","chng_type","Source","Zone","SubzoneGroup","Subzone","BGC","BGCName","ZoneName","SubzoneName","VariantName","General.Location","OldSubzoneLabel","DataSet","State","Notes","colour"
"1",1,"+","BGCv11","BAFA","BAFA","BAFAun","BAFAun","Undifferentiated BAFA","Boreal Altai Fescue Alpine","Undifferentiated","","","","BC","BC","","#E2F5F1FF"
"2",1,"-","BGCv11","BAFA","BAFA","BAFAun","BAFAun","Undifferentiated BAFA","Boreal Altai Fescue Alpine","Undifferentiated","","","","BC","BC","",""
"3",2,"+","BGCv11","BAFA","BAFA","BAFAunp","BAFAunp","Undifferentiated and Parkland BAFA","Boreal Altai Fescue Alpine","Undifferentiated and Parkland","","","","BC","BC","","#F0E1DDFF"
"4",2,"-","BGCv11","BAFA","BAFA","BAFAunp","BAFAunp","Undifferentiated and Parkland BAFA","Boreal Altai Fescue Alpine","Undifferentiated and Parkland","","","","BC","BC","",""
"5",3,"+","USA_2019","BG","BG","BGdh","BGdh_OR","Dry Hot Oregon BG","Bunchgrass","Dry Hot","Oregon","SE Oregon, S Idaho, N Nevada","BG  xhy","USA","OR","","#E8241AFF"
"6",3,"-","USA_2019","BG","BG","BGdh","BGdh_OR","Dry Hot Oregon BG","Bunchgrass","Dry Hot","Oregon","SE Oregon, S Idaho, N Nevada","BG  xhy","USA","OR","",""
"7",4,"+","USA_2019","BG","BG","BGdw","BGdw_OR","Dry Warm Oregon BG","Bunchgrass","Dry Warm","Oregon","NE Oregon","","USA","OR","","#F5453FFF"
"8",4,"-","USA_2019","BG","BG","BGdw","BGdw_OR","Dry Warm Oregon BG","Bunchgrass","Dry Warm","Oregon","NE Oregon","","USA","OR","",""
"9",5,"+","USA_2019","BG","BG","BGdw","BGdw_WA","Dry Warm Washington BG","Bunchgrass","Dry Warm","Washington","C Washington","BG  mmz","USA","WA","","#EB2A24FF"
"10",5,"-","USA_2019","BG","BG","BGdw","BGdw_WA","Dry Warm Washington BG","Bunchgrass","Dry Warm","Washington","C Washington","BG  mmz","USA","WA","",""
"11",6,"+","USA_2019","BG","BG","BGmk","BGmk_MT","Moist Cool Montana BG","Bunchgrass","Moist Cool","Montana","SW Montana, EC Idaho","BG  mmx","USA","MT","","#E33339FF"
"12",6,"-","USA_2019","BG","BG","BGmk","BGmk_MT","Moist Cool Montana BG","Bunchgrass","Moist Cool","Montana","SW Montana, EC Idaho","BG  mmx","USA","MT","",""
"13",7,"+","USA_2019","BG","BG","BGmk","BGmk_NV","Moist Cool Nevada BG","Bunchgrass","Moist Cool","Nevada","N Nevada, S Oregon, S Idaho","","USA","NV","","#E25069FF"
"14",7,"-","USA_2019","BG","BG","BGmk","BGmk_NV","Moist Cool Nevada BG","Bunchgrass","Moist Cool","Nevada","N Nevada, S Oregon, S Idaho","","USA","NV","",""
"15",8,"+","USA_2019","BG","BG","BGmm","BGmm_MT","Moist Mild Montana BG","Bunchgrass","Moist Mild","Montana","E Wyoming, S Montana","","USA","MT","","#CD423FFF"
"16",8,"-","USA_2019","BG","BG","BGmm","BGmm_MT","Moist Mild Montana BG","Bunchgrass","Moist Mild","Montana","E Wyoming, S Montana","","USA","MT","",""
"17",9,"+","USA_2019","BG","BG","BGmw","BGmw_OR","Moist Warm Oregon BG","Bunchgrass","Moist Warm","Oregon","NE Oregon","","USA","OR","","#C6330AFF"
"18",9,"-","USA_2019","BG","BG","BGmw","BGmw_OR","Moist Warm Oregon BG","Bunchgrass","Moist Warm","Oregon","NE Oregon","","USA","OR","",""
"19",10,"+","USA_2019","BG","BG","BGmw","BGmw_WA","Moist Warm Washington BG","Bunchgrass","Moist Warm","Washington","C Washington","BG  dwz","USA","WA","","#E4585DFF"
"20",10,"-","USA_2019","BG","BG","BGmw","BGmw_WA","Moist Warm Washington BG","Bunchgrass","Moist Warm","Washington","C Washington","BG  dwz","USA","WA","",""
"21",11,"+","USA_2019","BG","BG","BGwm","BGwm_WA","Wet Mild Washington BG","Bunchgrass","Wet Mild","Washington","C Washington","BG  wmz","USA","WA","","#D51925FF"
"22",11,"-","USA_2019","BG","BG","BGwm","BGwm_WA","Wet Mild Washington BG","Bunchgrass","Wet Mild","Washington","C Washington","BG  wmz","USA","WA","",""
"23",12,"+","BGCv11","BG","BG","BGxh","BGxh1","Okanagan Very Dry Hot BG","Bunchgrass","Very Dry Hot","Okanagan","","","BC","BC","","#E53443FF"
"24",12,"-","BGCv11","BG","BG","BGxh","BGxh1","Okanagan Very Dry Hot BG","Bunchgrass","Very Dry Hot","Okanagan","","","BC","BC","",""
"25",13,"+","BGCv11","BG","BG","BGxh","BGxh2","Thompson Very Dry Hot BG","Bunchgrass","Very Dry Hot","Thompson","","","BC","BC","","#D72828FF"
"26",13,"-","BGCv11","BG","BG","BGxh","BGxh2","Thompson Very Dry Hot BG","Bunchgrass","Very Dry Hot","Thompson","","","BC","BC","",""
"27",14,"+","BGCv11","BG","BG","BGxh","BGxh3","Fraser Very Dry Hot BG","Bunchgrass","Very Dry Hot","Fraser","","","BC","BC","","#E75E63FF"
"28",14,"-","BGCv11","BG","BG","BGxh","BGxh3","Fraser Very Dry Hot BG","Bunchgrass","Very Dry Hot","Fraser","","","BC","BC","",""
"29",15,"+","USA_2019","BG","BG","BGxh","BGxh_WA","Very Dry Hot Washington BG","Bunchgrass","Very Dry Hot","Washington","C Washington","BG  xhz","USA","WA","","#DB1010FF"
"30",15,"-","USA_2019","BG","BG","BGxh","BGxh_WA","Very Dry Hot Washington BG","Bunchgrass","Very Dry Hot","Washington","C Washington","BG  xhz","USA","WA","",""
"31",16,"+","BGCv11","BG","BG","BGxw","BGxw1","Nicola Very Dry Warm BG","Bunchgrass","Very Dry Warm","Nicola","","","BC","BC","","#D64945FF"
"32",16,"-","BGCv11","BG","BG","BGxw","BGxw1","Nicola Very Dry Warm BG","Bunchgrass","Very Dry Warm","Nicola","","","BC","BC","",""
"33",17,"+","BGCv11","BG","BG","BGxw","BGxw2","Alkali Very Dry Warm BG","Bunchgrass","Very Dry Warm","Alkali","","","BC","BC","","#D71515FF"
"34",17,"-","BGCv11","BG","BG","BGxw","BGxw2","Alkali Very Dry Warm BG","Bunchgrass","Very Dry Warm","Alkali","","","BC","BC","",""
"35",18,"+","USA_2019","BG","BG","BGxx","BGxx_WY","Very Dry Very Hot Wyoming BG","Bunchgrass","Very Dry Very Hot","Wyoming","SW Wyoming","","USA","WY","","#DF325EFF"
"36",18,"-","USA_2019","BG","BG","BGxx","BGxx_WY","Very Dry Very Hot Wyoming BG","Bunchgrass","Very Dry Very Hot","Wyoming","SW Wyoming","","USA","WY","",""
"37",19,"+","USA_2026","BG","BG","BGxxx","BGxxx_WY","Very Very Dry Very Hot Wyoming BG","Bunchgrass","Very Very Dry Very Hot","WY","C & NC Wyoming","","USA","WY","","#954419FF"
"38",19,"-","USA_2026","BG","BG","BGxxx","BGxxx_WY","Very Very Dry Very Hot Wyoming BG","Bunchgrass","Very Very Dry Very Hot","WY","C & NC Wyoming","","USA","WY","",""
"39",20,"+","AB_2018","BSJP","BSJP","BSJPap","BSJPap","Athabasca Plain BSJP","Boreal Spruce and Jack Pine","Athabasca Plain","","NE Alberta","BWSPap","AB","AB","","#4040D6FF"
"40",20,"-","AB_2018","BSJP","BSJP","BSJPap","BSJPap","Athabasca Plain BSJP","Boreal Spruce and Jack Pine","Athabasca Plain","","NE Alberta","BWSPap","AB","AB","",""
"41",21,"+","AB_2018","BSJP","BSJP","BSJPku","BSJPku","Kazan Upland BSJP","Boreal Spruce and Jack Pine","Kazan Upland","","NE Alberta","SAWSku","AB","AB","","#6E7ACAFF"
"42",21,"-","AB_2018","BSJP","BSJP","BSJPku","BSJPku","Kazan Upland BSJP","Boreal Spruce and Jack Pine","Kazan Upland","","NE Alberta","SAWSku","AB","AB","",""
"43",22,"+","AB_2018","BSJP","BSJP","BSJPpa","BSJPpa","Peace - Athabasca Delta BSJP","Boreal Spruce and Jack Pine","Peace - Athabasca Delta","","NE Alberta","BWSPpa","AB","AB","","#3449E8FF"
"44",22,"-","AB_2018","BSJP","BSJP","BSJPpa","BSJPpa","Peace - Athabasca Delta BSJP","Boreal Spruce and Jack Pine","Peace - Athabasca Delta","","NE Alberta","BWSPpa","AB","AB","",""
"45",23,"+","AB_2020","BWBS","BWBS_meso","BWBScm","BWBScmC","Central Mixedwood BWBS","Boreal White and Black Spruce","Mixedwood","Central","N Alberta","BWSPcm","AB","AB","","#487FB7FF"
"46",23,"-","AB_2020","BWBS","BWBS_meso","BWBScm","BWBScmC","Central Mixedwood BWBS","Boreal White and Black Spruce","Mixedwood","Central","N Alberta","BWSPcm","AB","AB","",""
"47",24,"+","AB_2020","BWBS","BWBS_meso","BWBScm","BWBScmE","Eastern Mixedwood BWBS","Boreal White and Black Spruce","Mixedwood","Eastern","N Alberta","BWSPcm","AB","AB","","#4797E7FF"
"48",24,"-","AB_2020","BWBS","BWBS_meso","BWBScm","BWBScmE","Eastern Mixedwood BWBS","Boreal White and Black Spruce","Mixedwood","Eastern","N Alberta","BWSPcm","AB","AB","",""
"49",25,"+","AB_2020","BWBS","BWBS_meso","BWBScm","BWBScmNW","Northwestern Mixedwood BWBS","Boreal White and Black Spruce","Mixedwood","Northwestern","N Alberta","BWSPcm","AB","AB","","#71B5E8FF"
"50",25,"-","AB_2020","BWBS","BWBS_meso","BWBScm","BWBScmNW","Northwestern Mixedwood BWBS","Boreal White and Black Spruce","Mixedwood","Northwestern","N Alberta","BWSPcm","AB","AB","",""
"51",26,"+","AB_2020","BWBS","BWBS_meso","BWBScm","BWBScmW","Western Mixedwood BWBS","Boreal White and Black Spruce","Mixedwood","Western","N Alberta","BWSPcm","AB","AB","","#1774FFFF"
"52",26,"-","AB_2020","BWBS","BWBS_meso","BWBScm","BWBScmW","Western Mixedwood BWBS","Boreal White and Black Spruce","Mixedwood","Western","N Alberta","BWSPcm","AB","AB","",""
"53",27,"+","BGCv11","BWBS","BWBS_meso","BWBSdk","BWBSdk","Dry Cool BWBS","Boreal White and Black Spruce","Dry Cool","","","","BC","BC","","#7687E3FF"
"54",27,"-","BGCv11","BWBS","BWBS_meso","BWBSdk","BWBSdk","Dry Cool BWBS","Boreal White and Black Spruce","Dry Cool","","","","BC","BC","",""
"55",28,"+","AB_2020","BWBS","BWBS_meso","BWBSdm","BWBSdmN","Northern Dry Mixedwood BWBS","Boreal White and Black Spruce","Dry Mixedwood","Northern","NW Alberta","BWSPdm","AB","AB","","#5A7E99FF"
"56",28,"-","AB_2020","BWBS","BWBS_meso","BWBSdm","BWBSdmN","Northern Dry Mixedwood BWBS","Boreal White and Black Spruce","Dry Mixedwood","Northern","NW Alberta","BWSPdm","AB","AB","",""
"57",29,"+","AB_2020","BWBS","BWBS_meso","BWBSdm","BWBSdmS","Southern Dry Mixedwood BWBS","Boreal White and Black Spruce","Dry Mixedwood","Southern","NW Alberta","BWSPdm","AB","AB","","#A6C8F3FF"
"58",29,"-","AB_2020","BWBS","BWBS_meso","BWBSdm","BWBSdmS","Southern Dry Mixedwood BWBS","Boreal White and Black Spruce","Dry Mixedwood","Southern","NW Alberta","BWSPdm","AB","AB","",""
"59",30,"+","AB_2020","BWBS","BWBS_cold","BWBSlb","BWBSlbE","Eastern Lower Boreal Highlands BWBS","Boreal White and Black Spruce","Lower Boreal Highlands","Eastern","WC Alberta","BWSPlb","AB","AB","","#516EB5FF"
"60",30,"-","AB_2020","BWBS","BWBS_cold","BWBSlb","BWBSlbE","Eastern Lower Boreal Highlands BWBS","Boreal White and Black Spruce","Lower Boreal Highlands","Eastern","WC Alberta","BWSPlb","AB","AB","",""
"61",31,"+","AB_2020","BWBS","BWBS_cold","BWBSlb","BWBSlbN","Northern Lower Boreal Highlands BWBS","Boreal White and Black Spruce","Lower Boreal Highlands","Northern","","BWBSlb","AB","AB","","#4F7ACFFF"
"62",31,"-","AB_2020","BWBS","BWBS_cold","BWBSlb","BWBSlbN","Northern Lower Boreal Highlands BWBS","Boreal White and Black Spruce","Lower Boreal Highlands","Northern","","BWBSlb","AB","AB","",""
"63",32,"+","AB_2020","BWBS","BWBS_cold","BWBSlb","BWBSlbW","Western Lower Boreal Highlands BWBS","Boreal White and Black Spruce","Lower Boreal Highlands","Western","WC Alberta","BWSPlb","AB","AB","","#2D5391FF"
"64",32,"-","AB_2020","BWBS","BWBS_cold","BWBSlb","BWBSlbW","Western Lower Boreal Highlands BWBS","Boreal White and Black Spruce","Lower Boreal Highlands","Western","WC Alberta","BWSPlb","AB","AB","",""
"65",33,"+","AB_2018","BWBS","BWBS_warm","BWBSlf","BWBSlf","Lower Foothills BWBS","Boreal White and Black Spruce","Lower Foothills","","WC Alberta","SBPAlf","AB","AB","","#253CECFF"
"66",33,"-","AB_2018","BWBS","BWBS_warm","BWBSlf","BWBSlf","Lower Foothills BWBS","Boreal White and Black Spruce","Lower Foothills","","WC Alberta","SBPAlf","AB","AB","",""
"67",34,"+","BGCv11","BWBS","BWBS_meso","BWBSmk","BWBSmk","Moist Cool BWBS","Boreal White and Black Spruce","Moist Cool","","","","BC","BC","","#1633F0FF"
"68",34,"-","BGCv11","BWBS","BWBS_meso","BWBSmk","BWBSmk","Moist Cool BWBS","Boreal White and Black Spruce","Moist Cool","","","","BC","BC","",""
"69",35,"+","BGCv11","BWBS","BWBS_warm","BWBSmw","BWBSmw","Moist Warm BWBS","Boreal White and Black Spruce","Moist Warm","","","","BC","BC","","#1645F0FF"
"70",35,"-","BGCv11","BWBS","BWBS_warm","BWBSmw","BWBSmw","Moist Warm BWBS","Boreal White and Black Spruce","Moist Warm","","","","BC","BC","",""
"71",36,"+","AB_2018","BWBS","BWBS_meso","BWBSnm","BWBSnm","Northern Mixedwood BWBS","Boreal White and Black Spruce","Northern Mixedwood","","N Alberta","BWSPnm","AB","AB","","#485CC9FF"
"72",36,"-","AB_2018","BWBS","BWBS_meso","BWBSnm","BWBSnm","Northern Mixedwood BWBS","Boreal White and Black Spruce","Northern Mixedwood","","N Alberta","BWSPnm","AB","AB","",""
"73",37,"+","AB_2018","BWBS","BWBS_warm","BWBSpp","BWBSpp","Peace River Parkland BWBS","Boreal White and Black Spruce","Peace River Parkland","","WC Alberta","BWSPpp","AB","AB","","#444EDBFF"
"74",37,"-","AB_2018","BWBS","BWBS_warm","BWBSpp","BWBSpp","Peace River Parkland BWBS","Boreal White and Black Spruce","Peace River Parkland","","WC Alberta","BWSPpp","AB","AB","",""
"75",38,"+","AB_2018","BWBS","BWBS_cold","BWBSub","BWBSub","Upper Boreal Highlands BWBS","Boreal White and Black Spruce","Upper Boreal Highlands","","WC Alberta","BWSPup","AB","AB","","#5469F0FF"
"76",38,"-","AB_2018","BWBS","BWBS_cold","BWBSub","BWBSub","Upper Boreal Highlands BWBS","Boreal White and Black Spruce","Upper Boreal Highlands","","WC Alberta","BWSPup","AB","AB","",""
"77",39,"+","AB_2018","BWBS","BWBS_warm","BWBSuf","BWBSuf","Upper Foothills BWBS","Boreal White and Black Spruce","Upper Foothills","","WC Alberta","SBPAuf","AB","AB","","#5A5CDFFF"
"78",39,"-","AB_2018","BWBS","BWBS_warm","BWBSuf","BWBSuf","Upper Foothills BWBS","Boreal White and Black Spruce","Upper Foothills","","WC Alberta","SBPAuf","AB","AB","",""
"79",40,"+","BGCv11","BWBS","BWBS_cold","BWBSvk","BWBSvk","Very Wet Cool BWBS","Boreal White and Black Spruce","Very Wet Cool","","","","BC","BC","","#2C3BE0FF"
"80",40,"-","BGCv11","BWBS","BWBS_cold","BWBSvk","BWBSvk","Very Wet Cool BWBS","Boreal White and Black Spruce","Very Wet Cool","","","","BC","BC","",""
"81",41,"+","BGCv11","BWBS","BWBS_cold","BWBSwk","BWBSwk1","Murray Wet Cool BWBS","Boreal White and Black Spruce","Wet Cool","Murray","","","BC","BC","","#7A88E2FF"
"82",41,"-","BGCv11","BWBS","BWBS_cold","BWBSwk","BWBSwk1","Murray Wet Cool BWBS","Boreal White and Black Spruce","Wet Cool","Murray","","","BC","BC","",""
"83",42,"+","BGCv11","BWBS","BWBS_cold","BWBSwk","BWBSwk2","Graham Wet Cool BWBS","Boreal White and Black Spruce","Wet Cool","Graham","","","BC","BC","","#5B69C9FF"
"84",42,"-","BGCv11","BWBS","BWBS_cold","BWBSwk","BWBSwk2","Graham Wet Cool BWBS","Boreal White and Black Spruce","Wet Cool","Graham","","","BC","BC","",""
"85",43,"+","BGCv11","BWBS","BWBS_cold","BWBSwk","BWBSwk3","Kledo Wet Cool BWBS","Boreal White and Black Spruce","Wet Cool","Kledo","","","BC","BC","","#5F5DCCFF"
"86",43,"-","BGCv11","BWBS","BWBS_cold","BWBSwk","BWBSwk3","Kledo Wet Cool BWBS","Boreal White and Black Spruce","Wet Cool","Kledo","","","BC","BC","",""
"87",44,"+","USA_2019","CCH","CCH","CCHun","CCHun_CA","California CCH","California Chaparral ","","California","WC & SW California ","CCH un","USA","CA","","#754862FF"
"88",44,"-","USA_2019","CCH","CCH","CCHun","CCHun_CA","California CCH","California Chaparral ","","California","WC & SW California ","CCH un","USA","CA","",""
"89",45,"+","BGCv11","CDF","CDF","CDFmm","CDFmm","Moist Maritime CDF","Coastal Douglas-fir","Moist Maritime","","","","BC","BC","","#FAEA05FF"
"90",45,"-","BGCv11","CDF","CDF","CDFmm","CDFmm","Moist Maritime CDF","Coastal Douglas-fir","Moist Maritime","","","","BC","BC","",""
"91",46,"+","USA_2019","CDF","CDF","CDFmm","CDFmm_OR","Moist Maritime Oregon CDF","Coastal Douglas-fir","Moist Maritime","Oregon","W Oregon","CDF dmz","USA","OR","","#E1E42BFF"
"92",46,"-","USA_2019","CDF","CDF","CDFmm","CDFmm_OR","Moist Maritime Oregon CDF","Coastal Douglas-fir","Moist Maritime","Oregon","W Oregon","CDF dmz","USA","OR","",""
"93",47,"+","USA_2019","CDF","CDF","CDFmm","CDFmm_WA","Moist Maritime Washington CDF","Coastal Douglas-fir","Moist Maritime","Washington","NW Washington","CDF mmz","USA","WA","","#EBDE1BFF"
"94",47,"-","USA_2019","CDF","CDF","CDFmm","CDFmm_WA","Moist Maritime Washington CDF","Coastal Douglas-fir","Moist Maritime","Washington","NW Washington","CDF mmz","USA","WA","",""
"95",48,"+","USA_2019","CDF","CDF","CDFxm","CDFxm_CA","Very Dry Maritime California CDF","Coastal Douglas-fir","Very Dry Maritime","California","SW Oregon, N California","CDF xmz","USA","CA","","#FCFC1FFF"
"96",48,"-","USA_2019","CDF","CDF","CDFxm","CDFxm_CA","Very Dry Maritime California CDF","Coastal Douglas-fir","Very Dry Maritime","California","SW Oregon, N California","CDF xmz","USA","CA","",""
"97",49,"+","BGCv11","CMA","CMA","CMAun","CMAun","Undifferentiated CMA","Coastal Mountain-heather Alpine","Undifferentiated","","","","BC","BC","","#E8E9F3FF"
"98",49,"-","BGCv11","CMA","CMA","CMAun","CMAun","Undifferentiated CMA","Coastal Mountain-heather Alpine","Undifferentiated","","","","BC","BC","",""
"99",50,"+","USA_2019","CMA","CMA","CMAun","CMAun_CA","California CMA","Coastal Mountain-heather Alpine","","California","EC California","CMA us","USA","CA","","#DEF2EAFF"
"100",50,"-","USA_2019","CMA","CMA","CMAun","CMAun_CA","California CMA","Coastal Mountain-heather Alpine","","California","EC California","CMA us","USA","CA","",""
"101",51,"+","USA_2019","CMA","CMA","CMAun","CMAun_OR","Oregon CMA","Coastal Mountain-heather Alpine","","Oregon","W Oregon","CMA us","USA","OR","","#CFDECFFF"
"102",51,"-","USA_2019","CMA","CMA","CMAun","CMAun_OR","Oregon CMA","Coastal Mountain-heather Alpine","","Oregon","W Oregon","CMA us","USA","OR","",""
"103",52,"+","USA_2019","CMA","CMA","CMAun","CMAun_WA","Washington CMA","Coastal Mountain-heather Alpine","","Washington","W Washington","CMA us","USA","WA","","#EAEADAFF"
"104",52,"-","USA_2019","CMA","CMA","CMAun","CMAun_WA","Washington CMA","Coastal Mountain-heather Alpine","","Washington","W Washington","CMA us","USA","WA","",""
"105",53,"+","BGCv11","CMA","CMA","CMAunp","CMAunp","Undifferentiated and Parkland CMA","Coastal Mountain-heather Alpine","Undifferentiated and Parkland","","","","BC","BC","","#E4F3EAFF"
"106",53,"-","BGCv11","CMA","CMA","CMAunp","CMAunp","Undifferentiated and Parkland CMA","Coastal Mountain-heather Alpine","Undifferentiated and Parkland","","","","BC","BC","",""
"107",54,"+","BGCv11","CMA","CMA","CMAwh","CMAwh","Wet Hypermaritime CMA","Coastal Mountain-heather Alpine","Wet Hypermaritime","","","","BC","BC","","#F3E9EEFF"
"108",54,"-","BGCv11","CMA","CMA","CMAwh","CMAwh","Wet Hypermaritime CMA","Coastal Mountain-heather Alpine","Wet Hypermaritime","","","","BC","BC","",""
"109",55,"+","USA_2019","CMX","CMX","CMXdm","CMXdm_OR","Dry Maritime Oregon CMX","Coastal Mixed Evergreen","Dry Maritime","Oregon","SW Oregon, NW California","CMX dmz","USA","OR","","#CC87E9FF"
"110",55,"-","USA_2019","CMX","CMX","CMXdm","CMXdm_OR","Dry Maritime Oregon CMX","Coastal Mixed Evergreen","Dry Maritime","Oregon","SW Oregon, NW California","CMX dmz","USA","OR","",""
"111",56,"+","USA_2023","CMX","CMX","CMXmm","CMXmm_OR","Moist Maritime Oregon CMX","Coastal Mixed Evergreen","Moist Maritime","Oregon","SW Oregon, NW California","","USA","OR","","#88ABBEFF"
"112",56,"-","USA_2023","CMX","CMX","CMXmm","CMXmm_OR","Moist Maritime Oregon CMX","Coastal Mixed Evergreen","Moist Maritime","Oregon","SW Oregon, NW California","","USA","OR","",""
"113",57,"+","USA_2019","CMX","CMX","CMXwm","CMXwm_OR","Wet Maritime Oregon CMX","Coastal Mixed Evergreen","Wet Maritime","Oregon","SW Oregon, NW California","CMX wmz","USA","OR","","#DCA3DAFF"
"114",57,"-","USA_2019","CMX","CMX","CMXwm","CMXwm_OR","Wet Maritime Oregon CMX","Coastal Mixed Evergreen","Wet Maritime","Oregon","SW Oregon, NW California","CMX wmz","USA","OR","",""
"115",58,"+","USA_2019","CMX","CMX","CMXxm","CMXxm_CA","Very Dry Maritime California CMX","Coastal Mixed Evergreen","Very Dry Maritime","California","C & N California","CMX dmy","USA","CA","","#BB8FD6FF"
"116",58,"-","USA_2019","CMX","CMX","CMXxm","CMXxm_CA","Very Dry Maritime California CMX","Coastal Mixed Evergreen","Very Dry Maritime","California","C & N California","CMX dmy","USA","CA","",""
"117",59,"+","USA_2019","CRF","CRF","CRFdh","CRFdh_CA","Dry Hypermaritime California CRF","Coastal Redwood Forest","Dry Hypermaritime","California","N & C California","CRF dhz","USA","CA","","#891A14FF"
"118",59,"-","USA_2019","CRF","CRF","CRFdh","CRFdh_CA","Dry Hypermaritime California CRF","Coastal Redwood Forest","Dry Hypermaritime","California","N & C California","CRF dhz","USA","CA","",""
"119",60,"+","USA_2026","CRF","CRF","CRFmh","CRFmh_CA","Moist Hypermaritime California CRF","Coastal Redwood Forest","Moist Hypermaritime","CA","N California","","USA","CA","","#921d16ff"
"120",60,"-","USA_2026","CRF","CRF","CRFmh","CRFmh_CA","Moist Hypermaritime California CRF","Coastal Redwood Forest","Moist Hypermaritime","CA","N California","","USA","CA","",""
"121",61,"+","USA_2019","CVG","CVG","CVGdm","CVGdm_CA","Dry Mild CVG","Central Valley Grassland ","Dry Mild","","C California","CVG un","USA","CA","","#EEB6A9FF"
"122",61,"-","USA_2019","CVG","CVG","CVGdm","CVGdm_CA","Dry Mild CVG","Central Valley Grassland ","Dry Mild","","C California","CVG un","USA","CA","",""
"123",62,"+","USA_2023","CWF","CWF","CWFdm","CWFdm_OR","Dry Maritime Oregon CWF","Coastal White Fir","Dry Maritime","","SW Oregon, NW & EC California","","USA","OR","","#A4B4F2FF"
"124",62,"-","USA_2023","CWF","CWF","CWFdm","CWFdm_OR","Dry Maritime Oregon CWF","Coastal White Fir","Dry Maritime","","SW Oregon, NW & EC California","","USA","OR","",""
"125",63,"+","USA_2019","CWF","CWF","CWFds","CWFds_CA","Dry Submaritime California CWF","Coastal White Fir","Dry Submaritime","California","EC California","CWF msz","USA","CA","","#3B73CEFF"
"126",63,"-","USA_2019","CWF","CWF","CWFds","CWFds_CA","Dry Submaritime California CWF","Coastal White Fir","Dry Submaritime","California","EC California","CWF msz","USA","CA","",""
"127",64,"+","USA_2019","CWF","CWF","CWFmm","CWFmm_OR","Moist Maritime Oregon CWF","Coastal White Fir","Moist Maritime","Oregon","SW Oregon","CWF wsz","USA","OR","","#0D47ABFF"
"128",64,"-","USA_2019","CWF","CWF","CWFmm","CWFmm_OR","Moist Maritime Oregon CWF","Coastal White Fir","Moist Maritime","Oregon","SW Oregon","CWF wsz","USA","OR","",""
"129",65,"+","USA_2019","CWF","CWF","CWFwm","CWFwm_OR","Wet Maritime Oregon CWF","Coastal White Fir","Wet Maritime","Oregon","SW Oregon, NW California","CWF wmz","USA","OR","","#2168CBFF"
"130",65,"-","USA_2019","CWF","CWF","CWFwm","CWFwm_OR","Wet Maritime Oregon CWF","Coastal White Fir","Wet Maritime","Oregon","SW Oregon, NW California","CWF wmz","USA","OR","",""
"131",66,"+","BGCv13","CWH","CWH_dry/continental","CWHdm","CWHdm1","Central Dry Maritime CWH","Coastal Western Hemlock","Dry Maritime","Central","","","BC","BC","","#40D964FF"
"132",66,"-","BGCv13","CWH","CWH_dry/continental","CWHdm","CWHdm1","Central Dry Maritime CWH","Coastal Western Hemlock","Dry Maritime","Central","","","BC","BC","",""
"133",67,"+","BGCv13","CWH","CWH_dry/continental","CWHdm","CWHdm2","Western Dry Maritime CWH","Coastal Western Hemlock","Dry Maritime","Western","","","BC","BC","","#5DD991FF"
"134",67,"-","BGCv13","CWH","CWH_dry/continental","CWHdm","CWHdm2","Western Dry Maritime CWH","Coastal Western Hemlock","Dry Maritime","Western","","","BC","BC","",""
"135",68,"+","BGCv13","CWH","CWH_dry/continental","CWHdm","CWHdm3","Eastern Dry Maritime CWH","Coastal Western Hemlock","Dry Maritime","Eastern","","","BC","BC","","#79D31FFF"
"136",68,"-","BGCv13","CWH","CWH_dry/continental","CWHdm","CWHdm3","Eastern Dry Maritime CWH","Coastal Western Hemlock","Dry Maritime","Eastern","","","BC","BC","",""
"137",69,"+","USA_2023","CWH","CWH_dry/continental","CWHdm","CWHdm_OC","Dry Maritime Oregon Coast CWH","Coastal Western Hemlock","Dry Maritime","Oregon Coast","Coastal Oregon","","USA","OR","","#36E55FFF"
"138",69,"-","USA_2023","CWH","CWH_dry/continental","CWHdm","CWHdm_OC","Dry Maritime Oregon Coast CWH","Coastal Western Hemlock","Dry Maritime","Oregon Coast","Coastal Oregon","","USA","OR","",""
"139",70,"+","USA_2019","CWH","CWH_dry/continental","CWHdm","CWHdm_OR","Dry Maritime Oregon CWH","Coastal Western Hemlock","Dry Maritime","Oregon","W Oregon","CWH dmx","USA","OR","","#7DD78CFF"
"140",70,"-","USA_2019","CWH","CWH_dry/continental","CWHdm","CWHdm_OR","Dry Maritime Oregon CWH","Coastal Western Hemlock","Dry Maritime","Oregon","W Oregon","CWH dmx","USA","OR","",""
"141",71,"+","USA_2019","CWH","CWH_dry/continental","CWHdm","CWHdm_WA","Dry Maritime Washington CWH","Coastal Western Hemlock","Dry Maritime","Washington","W Washington","CWH dmz","USA","WA","","#1BB926FF"
"142",71,"-","USA_2019","CWH","CWH_dry/continental","CWHdm","CWHdm_WA","Dry Maritime Washington CWH","Coastal Western Hemlock","Dry Maritime","Washington","W Washington","CWH dmz","USA","WA","",""
"143",72,"+","USA_2023","CWH","CWH_dry/continental","CWHdm","CWHdm_WC","Dry Maritime Washington Coast CWH","Coastal Western Hemlock","Dry Maritime","Washington Coast","Coastal Washington","","USA","WA","","#BECF50FF"
"144",72,"-","USA_2023","CWH","CWH_dry/continental","CWHdm","CWHdm_WC","Dry Maritime Washington Coast CWH","Coastal Western Hemlock","Dry Maritime","Washington Coast","Coastal Washington","","USA","WA","",""
"145",73,"+","BGCv13","CWH","CWH_dry/continental","CWHds","CWHds1","Southern Dry Submaritime CWH","Coastal Western Hemlock","Dry Submaritime","Southern","","","BC","BC","","#36D01BFF"
"146",73,"-","BGCv13","CWH","CWH_dry/continental","CWHds","CWHds1","Southern Dry Submaritime CWH","Coastal Western Hemlock","Dry Submaritime","Southern","","","BC","BC","",""
"147",74,"+","BGCv13","CWH","CWH_dry/continental","CWHds","CWHds2","Central Dry Submaritime CWH","Coastal Western Hemlock","Dry Submaritime","Central","","","BC","BC","","#2DD42AFF"
"148",74,"-","BGCv13","CWH","CWH_dry/continental","CWHds","CWHds2","Central Dry Submaritime CWH","Coastal Western Hemlock","Dry Submaritime","Central","","","BC","BC","",""
"149",75,"+","USA_2019","CWH","CWH_dry/continental","CWHds","CWHds_WA","Dry Submaritime Washington CWH","Coastal Western Hemlock","Dry Submaritime","Washington","NW Washington","CWH dsz","USA","WA","","#8DEF37FF"
"150",75,"-","USA_2019","CWH","CWH_dry/continental","CWHds","CWHds_WA","Dry Submaritime Washington CWH","Coastal Western Hemlock","Dry Submaritime","Washington","NW Washington","CWH dsz","USA","WA","",""
"151",76,"+","USA_2019","CWH","CWH_hypermaritime","CWHmh","CWHmh_OR","Moist Hypermaritime Oregon CWH","Coastal Western Hemlock","Moist Hypermaritime","Oregon","SW Coastal Oregon & N Coastal California","CWH mhz","USA","OR","","#1DEC32FF"
"152",76,"-","USA_2019","CWH","CWH_hypermaritime","CWHmh","CWHmh_OR","Moist Hypermaritime Oregon CWH","Coastal Western Hemlock","Moist Hypermaritime","Oregon","SW Coastal Oregon & N Coastal California","CWH mhz","USA","OR","",""
"153",77,"+","BGCv13","CWH","CWH_meso","CWHmm","CWHmm1","Submontane Moist Maritime CWH","Coastal Western Hemlock","Moist Maritime","Submontane","","","BC","BC","","#76E7B0FF"
"154",77,"-","BGCv13","CWH","CWH_meso","CWHmm","CWHmm1","Submontane Moist Maritime CWH","Coastal Western Hemlock","Moist Maritime","Submontane","","","BC","BC","",""
"155",78,"+","BGCv13","CWH","CWH_meso","CWHmm","CWHmm2","Montane Moist Maritime CWH","Coastal Western Hemlock","Moist Maritime","Montane","","","BC","BC","","#7EDD69FF"
"156",78,"-","BGCv13","CWH","CWH_meso","CWHmm","CWHmm2","Montane Moist Maritime CWH","Coastal Western Hemlock","Moist Maritime","Montane","","","BC","BC","",""
"157",79,"+","BGCv13","CWH","CWH_meso","CWHms","CWHms3","Submontane Moist Submaritime CWH","Coastal Western Hemlock","Moist Submaritime","Submontane","","","BC","BC","","#60FF17FF"
"158",79,"-","BGCv13","CWH","CWH_meso","CWHms","CWHms3","Submontane Moist Submaritime CWH","Coastal Western Hemlock","Moist Submaritime","Submontane","","","BC","BC","",""
"159",80,"+","BGCv13","CWH","CWH_meso","CWHms","CWHms4","Montane Moist Submaritime CWH","Coastal Western Hemlock","Moist Submaritime","Montane","","","BC","BC","","#87CB78FF"
"160",80,"-","BGCv13","CWH","CWH_meso","CWHms","CWHms4","Montane Moist Submaritime CWH","Coastal Western Hemlock","Moist Submaritime","Montane","","","BC","BC","",""
"161",81,"+","BGCv13","CWH","CWH_meso","CWHms","CWHms5","Subcontinental Moist Submaritime CWH","Coastal Western Hemlock","Moist Submaritime","Subcontinental","","","BC","BC","","#24DA27FF"
"162",81,"-","BGCv13","CWH","CWH_meso","CWHms","CWHms5","Subcontinental Moist Submaritime CWH","Coastal Western Hemlock","Moist Submaritime","Subcontinental","","","BC","BC","",""
"163",82,"+","USA_2019","CWH","CWH_dry/continental","CWHms","CWHms_OR","Moist Submaritime Oregon CWH","Coastal Western Hemlock","Moist Submaritime","Oregon","W Oregon","CWH msy","USA","OR","","#53E33CFF"
"164",82,"-","USA_2019","CWH","CWH_dry/continental","CWHms","CWHms_OR","Moist Submaritime Oregon CWH","Coastal Western Hemlock","Moist Submaritime","Oregon","W Oregon","CWH msy","USA","OR","",""
"165",83,"+","USA_2019","CWH","CWH_dry/continental","CWHms","CWHms_WA","Moist Submaritime Washington CWH","Coastal Western Hemlock","Moist Submaritime","Washington","W Washington","CWH msz","USA","WA","","#33E15FFF"
"166",83,"-","USA_2019","CWH","CWH_dry/continental","CWHms","CWHms_WA","Moist Submaritime Washington CWH","Coastal Western Hemlock","Moist Submaritime","Washington","W Washington","CWH msz","USA","WA","",""
"167",84,"+","BGCv13","CWH","CWH_hypermaritime","CWHvh","CWHvh1","Southern Very Wet Hypermaritime CWH","Coastal Western Hemlock","Very Wet Hypermaritime","Southern","","","BC","BC","","#22E514FF"
"168",84,"-","BGCv13","CWH","CWH_hypermaritime","CWHvh","CWHvh1","Southern Very Wet Hypermaritime CWH","Coastal Western Hemlock","Very Wet Hypermaritime","Southern","","","BC","BC","",""
"169",85,"+","BGCv13","CWH","CWH_hypermaritime","CWHvh","CWHvh2","Central Very Wet Hypermaritime CWH","Coastal Western Hemlock","Very Wet Hypermaritime","Central","","","BC","BC","","#48EB4DFF"
"170",85,"-","BGCv13","CWH","CWH_hypermaritime","CWHvh","CWHvh2","Central Very Wet Hypermaritime CWH","Coastal Western Hemlock","Very Wet Hypermaritime","Central","","","BC","BC","",""
"171",86,"+","BGCv11","CWH","CWH_hypermaritime","CWHvh","CWHvh3","Haida Gwaii Very Wet Hypermaritime CWH","Coastal Western Hemlock","Very Wet Hypermaritime","Haida Gwaii","","","BC","BC","","#4DE15AFF"
"172",86,"-","BGCv11","CWH","CWH_hypermaritime","CWHvh","CWHvh3","Haida Gwaii Very Wet Hypermaritime CWH","Coastal Western Hemlock","Very Wet Hypermaritime","Haida Gwaii","","","BC","BC","",""
"173",87,"+","USA_2019","CWH","CWH_hypermaritime","CWHvh","CWHvh_WA","Very Wet Hypermaritime Washington CWH","Coastal Western Hemlock","Very Wet Hypermaritime","Washington","W Coastal Washington","CWH vhz","USA","WA","","#3BD04FFF"
"174",87,"-","USA_2019","CWH","CWH_hypermaritime","CWHvh","CWHvh_WA","Very Wet Hypermaritime Washington CWH","Coastal Western Hemlock","Very Wet Hypermaritime","Washington","W Coastal Washington","CWH vhz","USA","WA","",""
"175",88,"+","BGCv13","CWH","CWH_meso","CWHvm","CWHvm1","Southern Submontane Very Wet Maritime CWH","Coastal Western Hemlock","Very Wet Maritime","Southern Submontane","","","BC","BC","","#24AC12FF"
"176",88,"-","BGCv13","CWH","CWH_meso","CWHvm","CWHvm1","Southern Submontane Very Wet Maritime CWH","Coastal Western Hemlock","Very Wet Maritime","Southern Submontane","","","BC","BC","",""
"177",89,"+","BGCv13","CWH","CWH_meso","CWHvm","CWHvm2","Southern Montane Very Wet Maritime CWH","Coastal Western Hemlock","Very Wet Maritime","Southern Montane","","","BC","BC","","#258D0EFF"
"178",89,"-","BGCv13","CWH","CWH_meso","CWHvm","CWHvm2","Southern Montane Very Wet Maritime CWH","Coastal Western Hemlock","Very Wet Maritime","Southern Montane","","","BC","BC","",""
"179",90,"+","BGCv13","CWH","CWH_meso","CWHvm","CWHvm3","Northern Submontane Very Wet Maritime CWH","Coastal Western Hemlock","Very Wet Maritime","Northern Submontane","","","BC","BC","","#1EA444FF"
"180",90,"-","BGCv13","CWH","CWH_meso","CWHvm","CWHvm3","Northern Submontane Very Wet Maritime CWH","Coastal Western Hemlock","Very Wet Maritime","Northern Submontane","","","BC","BC","",""
"181",91,"+","BGCv13","CWH","CWH_meso","CWHvm","CWHvm4","Northern Montane Very Wet Maritime CWH","Coastal Western Hemlock","Very Wet Maritime","Northern Montane","","","BC","BC","","#20823DFF"
"182",91,"-","BGCv13","CWH","CWH_meso","CWHvm","CWHvm4","Northern Montane Very Wet Maritime CWH","Coastal Western Hemlock","Very Wet Maritime","Northern Montane","","","BC","BC","",""
"183",92,"+","USA_2019","CWH","CWH_meso","CWHvm","CWHvm_OR","Very Wet Maritime Oregon CWH","Coastal Western Hemlock","Very Wet Maritime","Oregon","SW Washington & W Oregon","CWH vmy","USA","OR","","#066D06FF"
"184",92,"-","USA_2019","CWH","CWH_meso","CWHvm","CWHvm_OR","Very Wet Maritime Oregon CWH","Coastal Western Hemlock","Very Wet Maritime","Oregon","SW Washington & W Oregon","CWH vmy","USA","OR","",""
"185",93,"+","USA_2019","CWH","CWH_meso","CWHvm","CWHvm_WA","Very Wet Maritime Washington CWH","Coastal Western Hemlock","Very Wet Maritime","Washington","W Washington","CWH vmz","USA","WA","","#289838FF"
"186",93,"-","USA_2019","CWH","CWH_meso","CWHvm","CWHvm_WA","Very Wet Maritime Washington CWH","Coastal Western Hemlock","Very Wet Maritime","Washington","W Washington","CWH vmz","USA","WA","",""
"187",94,"+","BGCv11","CWH","CWH_meso","CWHwh","CWHwh1","Submontane Wet Hypermaritime CWH","Coastal Western Hemlock","Wet Hypermaritime","Submontane","","","BC","BC","","#13D219FF"
"188",94,"-","BGCv11","CWH","CWH_meso","CWHwh","CWHwh1","Submontane Wet Hypermaritime CWH","Coastal Western Hemlock","Wet Hypermaritime","Submontane","","","BC","BC","",""
"189",95,"+","BGCv11","CWH","CWH_hypermaritime","CWHwh","CWHwh2","Montane Wet Hypermaritime CWH","Coastal Western Hemlock","Wet Hypermaritime","Montane","","","BC","BC","","#68E41AFF"
"190",95,"-","BGCv11","CWH","CWH_hypermaritime","CWHwh","CWHwh2","Montane Wet Hypermaritime CWH","Coastal Western Hemlock","Wet Hypermaritime","Montane","","","BC","BC","",""
"191",96,"+","USA_2023","CWH","CWH_hypermaritime","CWHwh","CWHwh_OR","Wet Hypermaritime Oregon CWH","Coastal Western Hemlock","Wet Hypermaritime","Oregon","Coastal Oregon","CWH whz","USA","WA","","#157232FF"
"192",96,"-","USA_2023","CWH","CWH_hypermaritime","CWHwh","CWHwh_OR","Wet Hypermaritime Oregon CWH","Coastal Western Hemlock","Wet Hypermaritime","Oregon","Coastal Oregon","CWH whz","USA","WA","",""
"193",97,"+","USA_2019","CWH","CWH_hypermaritime","CWHwh","CWHwh_WA","Wet Hypermaritime Washington CWH","Coastal Western Hemlock","Wet Hypermaritime","Washington","Coastal Washington","CWH whz","USA","WA","","#70EB74FF"
"194",97,"-","USA_2019","CWH","CWH_hypermaritime","CWHwh","CWHwh_WA","Wet Hypermaritime Washington CWH","Coastal Western Hemlock","Wet Hypermaritime","Washington","Coastal Washington","CWH whz","USA","WA","",""
"195",98,"+","BGCv13","CWH","CWH_meso","CWHwm","CWHwm","Wet Maritime CWH","Coastal Western Hemlock","Wet Maritime","","","","BC","BC","","#60C87BFF"
"196",98,"-","BGCv13","CWH","CWH_meso","CWHwm","CWHwm","Wet Maritime CWH","Coastal Western Hemlock","Wet Maritime","","","","BC","BC","",""
"197",99,"+","BGCv13","CWH","CWH_dry/continental","CWHws","CWHws1","Northern Submontane Wet Submaritime CWH","Coastal Western Hemlock","Wet Submaritime","Northern Submontane","","","BC","BC","","#41E377FF"
"198",99,"-","BGCv13","CWH","CWH_dry/continental","CWHws","CWHws1","Northern Submontane Wet Submaritime CWH","Coastal Western Hemlock","Wet Submaritime","Northern Submontane","","","BC","BC","",""
"199",100,"+","BGCv13","CWH","CWH_dry/continental","CWHws","CWHws2","Montane Wet Submaritime CWH","Coastal Western Hemlock","Wet Submaritime","Montane","","","BC","BC","","#41D45CFF"
"200",100,"-","BGCv13","CWH","CWH_dry/continental","CWHws","CWHws2","Montane Wet Submaritime CWH","Coastal Western Hemlock","Wet Submaritime","Montane","","","BC","BC","",""
"201",101,"+","BGCv13","CWH","CWH_dry/continental","CWHws","CWHws3","Central Submontane Wet Submaritime CWH","Coastal Western Hemlock","Wet Submaritime","Central Submontane","","","BC","BC","","#52BA7EFF"
"202",101,"-","BGCv13","CWH","CWH_dry/continental","CWHws","CWHws3","Central Submontane Wet Submaritime CWH","Coastal Western Hemlock","Wet Submaritime","Central Submontane","","","BC","BC","",""
"203",102,"+","USA_2019","CWH","CWH_dry/continental","CWHxm","CWHxm_OR","Very Dry Maritime Oregon CWH","Coastal Western Hemlock","Very Dry Maritime","Oregon","W Oregon","CWH xmy","USA","OR","","#87EC91FF"
"204",102,"-","USA_2019","CWH","CWH_dry/continental","CWHxm","CWHxm_OR","Very Dry Maritime Oregon CWH","Coastal Western Hemlock","Very Dry Maritime","Oregon","W Oregon","CWH xmy","USA","OR","",""
"205",103,"+","USA_2019","CWH","CWH_dry/continental","CWHxm","CWHxm_WA","Very Dry Maritime Washington CWH","Coastal Western Hemlock","Very Dry Maritime","Washington","W Washington and NW Oregon","CWH xmz","USA","WA","","#33E31BFF"
"206",103,"-","USA_2019","CWH","CWH_dry/continental","CWHxm","CWHxm_WA","Very Dry Maritime Washington CWH","Coastal Western Hemlock","Very Dry Maritime","Washington","W Washington and NW Oregon","CWH xmz","USA","WA","",""
"207",104,"+","BGCv13","CWH","CWH_dry/continental","CWHxs","CWHxs","Very Dry SubMaritime CWH","Coastal Western Hemlock","Very Dry SubMaritime","","","","BC","BC","","#C4E748FF"
"208",104,"-","BGCv13","CWH","CWH_dry/continental","CWHxs","CWHxs","Very Dry SubMaritime CWH","Coastal Western Hemlock","Very Dry SubMaritime","","","","BC","BC","",""
"209",105,"+","AB_2018","ESSF","ESSF_dry","ESSFab","ESSFabC","Central Alberta ESSF","Engelmann Spruce – Subalpine Fir","Alberta","Central","","ESSFab","AB","AB","","#C155D9FF"
"210",105,"-","AB_2018","ESSF","ESSF_dry","ESSFab","ESSFabC","Central Alberta ESSF","Engelmann Spruce – Subalpine Fir","Alberta","Central","","ESSFab","AB","AB","",""
"211",106,"+","AB_2018","ESSF","ESSF_dry","ESSFab","ESSFabE","Eastern Alberta ESSF","Engelmann Spruce – Subalpine Fir","Alberta","Eastern","","ESSFab","AB","AB","","#B62DD8FF"
"212",106,"-","AB_2018","ESSF","ESSF_dry","ESSFab","ESSFabE","Eastern Alberta ESSF","Engelmann Spruce – Subalpine Fir","Alberta","Eastern","","ESSFab","AB","AB","",""
"213",107,"+","AB_2018","ESSF","ESSF_dry","ESSFab","ESSFabN","Northern Alberta ESSF","Engelmann Spruce – Subalpine Fir","Alberta","Northern","","ESSFab","AB","AB","","#E4A6F3FF"
"214",107,"-","AB_2018","ESSF","ESSF_dry","ESSFab","ESSFabN","Northern Alberta ESSF","Engelmann Spruce – Subalpine Fir","Alberta","Northern","","ESSFab","AB","AB","",""
"215",108,"+","AB_2018","ESSF","ESSF_dry","ESSFab","ESSFabS","Southern Alberta ESSF","Engelmann Spruce – Subalpine Fir","Alberta","Southern","","ESSFab","AB","AB","","#D876DDFF"
"216",108,"-","AB_2018","ESSF","ESSF_dry","ESSFab","ESSFabS","Southern Alberta ESSF","Engelmann Spruce – Subalpine Fir","Alberta","Southern","","ESSFab","AB","AB","",""
"217",109,"+","BGCv11","ESSF","ESSF_dry","ESSFdc","ESSFdc1","Okanagan Dry Cold ESSF","Engelmann Spruce  –  Subalpine Fir","Dry Cold","Okanagan","","","BC","BC","","#C45AD6FF"
"218",109,"-","BGCv11","ESSF","ESSF_dry","ESSFdc","ESSFdc1","Okanagan Dry Cold ESSF","Engelmann Spruce  –  Subalpine Fir","Dry Cold","Okanagan","","","BC","BC","",""
"219",110,"+","BGCv11","ESSF","ESSF_dry","ESSFdc","ESSFdc2","Cascade Dry Cold ESSF","Engelmann Spruce  –  Subalpine Fir","Dry Cold","Cascade","","","BC","BC","","#B855CCFF"
"220",110,"-","BGCv11","ESSF","ESSF_dry","ESSFdc","ESSFdc2","Cascade Dry Cold ESSF","Engelmann Spruce  –  Subalpine Fir","Dry Cold","Cascade","","","BC","BC","",""
"221",111,"+","BGCv11","ESSF","ESSF_dry","ESSFdc","ESSFdc3","North Thompson Dry Cold ESSF","Engelmann Spruce  –  Subalpine Fir","Dry Cold","North Thompson","","","BC","BC","","#B782DFFF"
"222",111,"-","BGCv11","ESSF","ESSF_dry","ESSFdc","ESSFdc3","North Thompson Dry Cold ESSF","Engelmann Spruce  –  Subalpine Fir","Dry Cold","North Thompson","","","BC","BC","",""
"223",112,"+","BGCv11","ESSF","ESSF_dry","ESSFdcp","ESSFdcp","Dry Cold Parkland ESSF","Engelmann Spruce  –  Subalpine Fir","Dry Cold Parkland","","","","BC","BC","","#8817DEFF"
"224",112,"-","BGCv11","ESSF","ESSF_dry","ESSFdcp","ESSFdcp","Dry Cold Parkland ESSF","Engelmann Spruce  –  Subalpine Fir","Dry Cold Parkland","","","","BC","BC","",""
"225",113,"+","BGCv11","ESSF","ESSF_dry","ESSFdcw","ESSFdcw","Dry Cold Woodland ESSF","Engelmann Spruce  –  Subalpine Fir","Dry Cold Woodland","","","","BC","BC","","#9732DEFF"
"226",113,"-","BGCv11","ESSF","ESSF_dry","ESSFdcw","ESSFdcw","Dry Cold Woodland ESSF","Engelmann Spruce  –  Subalpine Fir","Dry Cold Woodland","","","","BC","BC","",""
"227",114,"+","BGCv12","ESSF","ESSF_dry","ESSFdh","ESSFdh1","Cascade Dry Hot ESSF","Engelmann Spruce  –  Subalpine Fir","Dry Hot","Cascade","","","BC","BC","","#D0ABEEFF"
"228",114,"-","BGCv12","ESSF","ESSF_dry","ESSFdh","ESSFdh1","Cascade Dry Hot ESSF","Engelmann Spruce  –  Subalpine Fir","Dry Hot","Cascade","","","BC","BC","",""
"229",115,"+","BGCv12","ESSF","ESSF_dry","ESSFdh","ESSFdh2","Stein Dry Hot ESSF","Engelmann Spruce  –  Subalpine Fir","Dry Hot","Stein","","","BC","BC","","#C08FE3FF"
"230",115,"-","BGCv12","ESSF","ESSF_dry","ESSFdh","ESSFdh2","Stein Dry Hot ESSF","Engelmann Spruce  –  Subalpine Fir","Dry Hot","Stein","","","BC","BC","",""
"231",116,"+","USA_2019","ESSF","ESSF_dry","ESSFdh","ESSFdh_WA","Dry Hot Washington ESSF","Engelmann Spruce – Subalpine Fir","Dry Hot","Washington","NW Washington (E Cascades)","ESSFdhz","USA","WA","","#671DA7FF"
"232",116,"-","USA_2019","ESSF","ESSF_dry","ESSFdh","ESSFdh_WA","Dry Hot Washington ESSF","Engelmann Spruce – Subalpine Fir","Dry Hot","Washington","NW Washington (E Cascades)","ESSFdhz","USA","WA","",""
"233",117,"+","BGCv11","ESSF","ESSF_dry","ESSFdk","ESSFdk1","Elk Dry Cool ESSF","Engelmann Spruce  –  Subalpine Fir","Dry Cool","Elk","","","BC","BC","","#7015DFFF"
"234",117,"-","BGCv11","ESSF","ESSF_dry","ESSFdk","ESSFdk1","Elk Dry Cool ESSF","Engelmann Spruce  –  Subalpine Fir","Dry Cool","Elk","","","BC","BC","",""
"235",118,"+","BGCv11","ESSF","ESSF_dry","ESSFdk","ESSFdk2","Columbia Dry Cool ESSF","Engelmann Spruce  –  Subalpine Fir","Dry Cool","Columbia","","","BC","BC","","#A622CEFF"
"236",118,"-","BGCv11","ESSF","ESSF_dry","ESSFdk","ESSFdk2","Columbia Dry Cool ESSF","Engelmann Spruce  –  Subalpine Fir","Dry Cool","Columbia","","","BC","BC","",""
"237",119,"+","USA_2019","ESSF","ESSF_dry","ESSFdk","ESSFdk_MT","Dry Cool Montana ESSF","Engelmann Spruce – Subalpine Fir","Dry Cool","Montana","NW Montana","ESSFdkz","USA","MT","","#AD21EEFF"
"238",119,"-","USA_2019","ESSF","ESSF_dry","ESSFdk","ESSFdk_MT","Dry Cool Montana ESSF","Engelmann Spruce – Subalpine Fir","Dry Cool","Montana","NW Montana","ESSFdkz","USA","MT","",""
"239",120,"+","BGCv11","ESSF","ESSF_dry","ESSFdkp","ESSFdkp","Dry Cool Parkland ESSF","Engelmann Spruce  –  Subalpine Fir","Dry Cool Parkland","","","","BC","BC","","#C27AD8FF"
"240",120,"-","BGCv11","ESSF","ESSF_dry","ESSFdkp","ESSFdkp","Dry Cool Parkland ESSF","Engelmann Spruce  –  Subalpine Fir","Dry Cool Parkland","","","","BC","BC","",""
"241",121,"+","USA_2026","ESSF","ESSF_dry","ESSFdkp","ESSFdkp_MT","Dry Cool Montana Parkland ESSF","Engelmann Spruce – Subalpine Fir","Dry Cool","MT","NW Montana","","USA","MT","","#AA51CDFF"
"242",121,"-","USA_2026","ESSF","ESSF_dry","ESSFdkp","ESSFdkp_MT","Dry Cool Montana Parkland ESSF","Engelmann Spruce – Subalpine Fir","Dry Cool","MT","NW Montana","","USA","MT","",""
"243",122,"+","BGCv11","ESSF","ESSF_dry","ESSFdkw","ESSFdkw","Dry Cool Woodland ESSF","Engelmann Spruce  –  Subalpine Fir","Dry Cool Woodland","","","","BC","BC","","#5F2AF0FF"
"244",122,"-","BGCv11","ESSF","ESSF_dry","ESSFdkw","ESSFdkw","Dry Cool Woodland ESSF","Engelmann Spruce  –  Subalpine Fir","Dry Cool Woodland","","","","BC","BC","",""
"245",123,"+","USA_2019","ESSF","ESSF_dry","ESSFdm","ESSFdm_ID","Dry Mild Idaho ESSF","Engelmann Spruce – Subalpine Fir","Dry Mild","Idaho","C Idaho & WC Montana","ESSFxmz","USA","ID","","#5F2AF0FF"
"246",123,"-","USA_2019","ESSF","ESSF_dry","ESSFdm","ESSFdm_ID","Dry Mild Idaho ESSF","Engelmann Spruce – Subalpine Fir","Dry Mild","Idaho","C Idaho & WC Montana","ESSFxmz","USA","ID","",""
"247",124,"+","USA_2026","ESSF","ESSF_dry","ESSFdmp","ESSFdmp_ID","Dry Mild Idaho Parkland ESSF","Engelmann Spruce – Subalpine Fir","Dry Mild","ID","C Idaho & WC Montana","","USA","ID","","#B074D0FF"
"248",124,"-","USA_2026","ESSF","ESSF_dry","ESSFdmp","ESSFdmp_ID","Dry Mild Idaho Parkland ESSF","Engelmann Spruce – Subalpine Fir","Dry Mild","ID","C Idaho & WC Montana","","USA","ID","",""
"249",125,"+","BGCv11","ESSF","ESSF_dry","ESSFdv","ESSFdv1","Cayoosh Dry Very Cold ESSF","Engelmann Spruce  –  Subalpine Fir","Dry Very Cold","Cayoosh","","","BC","BC","","#BC67DDFF"
"250",125,"-","BGCv11","ESSF","ESSF_dry","ESSFdv","ESSFdv1","Cayoosh Dry Very Cold ESSF","Engelmann Spruce  –  Subalpine Fir","Dry Very Cold","Cayoosh","","","BC","BC","",""
"251",126,"+","BGCv11","ESSF","ESSF_dry","ESSFdv","ESSFdv2","Tyaughton Dry Very Cold ESSF","Engelmann Spruce  –  Subalpine Fir","Dry Very Cold","Tyaughton","","","BC","BC","","#CB7EE0FF"
"252",126,"-","BGCv11","ESSF","ESSF_dry","ESSFdv","ESSFdv2","Tyaughton Dry Very Cold ESSF","Engelmann Spruce  –  Subalpine Fir","Dry Very Cold","Tyaughton","","","BC","BC","",""
"253",127,"+","BGCv11","ESSF","ESSF_dry","ESSFdvp","ESSFdvp","Dry Very Cold Parkland ESSF","Engelmann Spruce  –  Subalpine Fir","Dry Very Cold Parkland","","","","BC","BC","","#981DC8FF"
"254",127,"-","BGCv11","ESSF","ESSF_dry","ESSFdvp","ESSFdvp","Dry Very Cold Parkland ESSF","Engelmann Spruce  –  Subalpine Fir","Dry Very Cold Parkland","","","","BC","BC","",""
"255",128,"+","BGCv11","ESSF","ESSF_dry","ESSFdvw","ESSFdvw","Dry Very Cold Woodland ESSF","Engelmann Spruce  –  Subalpine Fir","Dry Very Cold Woodland","","","","BC","BC","","#A01DC8FF"
"256",128,"-","BGCv11","ESSF","ESSF_dry","ESSFdvw","ESSFdvw","Dry Very Cold Woodland ESSF","Engelmann Spruce  –  Subalpine Fir","Dry Very Cold Woodland","","","","BC","BC","",""
"257",129,"+","USA_2023","ESSF","ESSF_dry","ESSFdw","ESSFdw_ID","Dry Warm Idaho ESSF","Engelmann Spruce – Subalpine Fir","Dry Warm","Idaho","NE Idaho & NW Montana","","USA","ID","","#987DB7FF"
"258",129,"-","USA_2023","ESSF","ESSF_dry","ESSFdw","ESSFdw_ID","Dry Warm Idaho ESSF","Engelmann Spruce – Subalpine Fir","Dry Warm","Idaho","NE Idaho & NW Montana","","USA","ID","",""
"259",130,"+","BGCv11","ESSF","ESSF_meso","ESSFmc","ESSFmc","Moist Cold ESSF","Engelmann Spruce  –  Subalpine Fir","Moist Cold","","","","BC","BC","","#C482D6FF"
"260",130,"-","BGCv11","ESSF","ESSF_meso","ESSFmc","ESSFmc","Moist Cold ESSF","Engelmann Spruce  –  Subalpine Fir","Moist Cold","","","","BC","BC","",""
"261",131,"+","BGCv11","ESSF","ESSF_meso","ESSFmcp","ESSFmcp","Moist Cold Parkland ESSF","Engelmann Spruce  –  Subalpine Fir","Moist Cold Parkland","","","","BC","BC","","#B23AD3FF"
"262",131,"-","BGCv11","ESSF","ESSF_meso","ESSFmcp","ESSFmcp","Moist Cold Parkland ESSF","Engelmann Spruce  –  Subalpine Fir","Moist Cold Parkland","","","","BC","BC","",""
"263",132,"+","BGCv12","ESSF","ESSF_meso","ESSFmcw","ESSFmcw","Moist Cold Woodland ESSF","Engelmann Spruce  –  Subalpine Fir","Moist Cold Woodland","","","","BC","BC","","#987DB7FF"
"264",132,"-","BGCv12","ESSF","ESSF_meso","ESSFmcw","ESSFmcw","Moist Cold Woodland ESSF","Engelmann Spruce  –  Subalpine Fir","Moist Cold Woodland","","","","BC","BC","",""
"265",133,"+","BGCv11","ESSF","ESSF_meso","ESSFmh","ESSFmh","Moist Hot ESSF","Engelmann Spruce  –  Subalpine Fir","Moist Hot","","","","BC","BC","","#CD79E0FF"
"266",133,"-","BGCv11","ESSF","ESSF_meso","ESSFmh","ESSFmh","Moist Hot ESSF","Engelmann Spruce  –  Subalpine Fir","Moist Hot","","","","BC","BC","",""
"267",134,"+","BGCv11","ESSF","ESSF_meso","ESSFmk","ESSFmk","Moist Cool ESSF","Engelmann Spruce  –  Subalpine Fir","Moist Cool","","","","BC","BC","","#A317D5FF"
"268",134,"-","BGCv11","ESSF","ESSF_meso","ESSFmk","ESSFmk","Moist Cool ESSF","Engelmann Spruce  –  Subalpine Fir","Moist Cool","","","","BC","BC","",""
"269",135,"+","BGCv11","ESSF","ESSF_meso","ESSFmkp","ESSFmkp","Moist Cool Parkland ESSF","Engelmann Spruce  –  Subalpine Fir","Moist Cool Parkland","","","","BC","BC","","#B350D6FF"
"270",135,"-","BGCv11","ESSF","ESSF_meso","ESSFmkp","ESSFmkp","Moist Cool Parkland ESSF","Engelmann Spruce  –  Subalpine Fir","Moist Cool Parkland","","","","BC","BC","",""
"271",136,"+","BGCv12","ESSF","ESSF_meso","ESSFmkw","ESSFmkw","Moist Cool Woodland ESSF","Engelmann Spruce  –  Subalpine Fir","Moist Cool Woodland","","","","BC","BC","","#B64FCFFF"
"272",136,"-","BGCv12","ESSF","ESSF_meso","ESSFmkw","ESSFmkw","Moist Cool Woodland ESSF","Engelmann Spruce  –  Subalpine Fir","Moist Cool Woodland","","","","BC","BC","",""
"273",137,"+","BGCv11","ESSF","ESSF_meso","ESSFmm","ESSFmm1","Raush Moist Mild ESSF","Engelmann Spruce  –  Subalpine Fir","Moist Mild","Raush","","","BC","BC","","#B861D4FF"
"274",137,"-","BGCv11","ESSF","ESSF_meso","ESSFmm","ESSFmm1","Raush Moist Mild ESSF","Engelmann Spruce  –  Subalpine Fir","Moist Mild","Raush","","","BC","BC","",""
"275",138,"+","BGCv11","ESSF","ESSF_meso","ESSFmm","ESSFmm2","Robson Moist Mild ESSF","Engelmann Spruce  –  Subalpine Fir","Moist Mild","Robson","","","BC","BC","","#AB2BCBFF"
"276",138,"-","BGCv11","ESSF","ESSF_meso","ESSFmm","ESSFmm2","Robson Moist Mild ESSF","Engelmann Spruce  –  Subalpine Fir","Moist Mild","Robson","","","BC","BC","",""
"277",139,"+","BGCv11","ESSF","ESSF_meso","ESSFmm","ESSFmm3","Spillimacheen Moist Mild ESSF","Engelmann Spruce  –  Subalpine Fir","Moist Mild","Spillimacheen","","","BC","BC","","#C41BE5FF"
"278",139,"-","BGCv11","ESSF","ESSF_meso","ESSFmm","ESSFmm3","Spillimacheen Moist Mild ESSF","Engelmann Spruce  –  Subalpine Fir","Moist Mild","Spillimacheen","","","BC","BC","",""
"279",140,"+","BGCv11","ESSF","ESSF_meso","ESSFmmp","ESSFmmp","Moist Mild Parkland ESSF","Engelmann Spruce  –  Subalpine Fir","Moist Mild Parkland","","","","BC","BC","","#C684E7FF"
"280",140,"-","BGCv11","ESSF","ESSF_meso","ESSFmmp","ESSFmmp","Moist Mild Parkland ESSF","Engelmann Spruce  –  Subalpine Fir","Moist Mild Parkland","","","","BC","BC","",""
"281",141,"+","BGCv11","ESSF","ESSF_meso","ESSFmmw","ESSFmmw","Moist Mild Woodland ESSF","Engelmann Spruce  –  Subalpine Fir","Moist Mild Woodland","","","","BC","BC","","#C360EDFF"
"282",141,"-","BGCv11","ESSF","ESSF_meso","ESSFmmw","ESSFmmw","Moist Mild Woodland ESSF","Engelmann Spruce  –  Subalpine Fir","Moist Mild Woodland","","","","BC","BC","",""
"283",142,"+","BGCv11","ESSF","ESSF_meso","ESSFmv","ESSFmv1","Nechako Moist Very Cold ESSF","Engelmann Spruce  –  Subalpine Fir","Moist Very Cold","Nechako","","","BC","BC","","#B54DD7FF"
"284",142,"-","BGCv11","ESSF","ESSF_meso","ESSFmv","ESSFmv1","Nechako Moist Very Cold ESSF","Engelmann Spruce  –  Subalpine Fir","Moist Very Cold","Nechako","","","BC","BC","",""
"285",143,"+","BGCv11","ESSF","ESSF_meso","ESSFmv","ESSFmv2","Bullmoose Moist Very Cold ESSF","Engelmann Spruce  –  Subalpine Fir","Moist Very Cold","Bullmoose","","","BC","BC","","#BE79E2FF"
"286",143,"-","BGCv11","ESSF","ESSF_meso","ESSFmv","ESSFmv2","Bullmoose Moist Very Cold ESSF","Engelmann Spruce  –  Subalpine Fir","Moist Very Cold","Bullmoose","","","BC","BC","",""
"287",144,"+","BGCv11","ESSF","ESSF_meso","ESSFmv","ESSFmv3","Omineca Moist Very Cold ESSF","Engelmann Spruce  –  Subalpine Fir","Moist Very Cold","Omineca","","","BC","BC","","#AD3FE4FF"
"288",144,"-","BGCv11","ESSF","ESSF_meso","ESSFmv","ESSFmv3","Omineca Moist Very Cold ESSF","Engelmann Spruce  –  Subalpine Fir","Moist Very Cold","Omineca","","","BC","BC","",""
"289",145,"+","BGCv11","ESSF","ESSF_meso","ESSFmv","ESSFmv4","Graham Moist Very Cold ESSF","Engelmann Spruce  –  Subalpine Fir","Moist Very Cold","Graham","","","BC","BC","","#974CEBFF"
"290",145,"-","BGCv11","ESSF","ESSF_meso","ESSFmv","ESSFmv4","Graham Moist Very Cold ESSF","Engelmann Spruce  –  Subalpine Fir","Moist Very Cold","Graham","","","BC","BC","",""
"291",146,"+","BGCv11","ESSF","ESSF_meso","ESSFmvp","ESSFmvp","Moist Very Cold Parkland ESSF","Engelmann Spruce  –  Subalpine Fir","Moist Very Cold Parkland","","","","BC","BC","","#AF47CBFF"
"292",146,"-","BGCv11","ESSF","ESSF_meso","ESSFmvp","ESSFmvp","Moist Very Cold Parkland ESSF","Engelmann Spruce  –  Subalpine Fir","Moist Very Cold Parkland","","","","BC","BC","",""
"293",147,"+","BGCv11","ESSF","ESSF_meso","ESSFmw","ESSFmw1","Cascade Moist Warm ESSF","Engelmann Spruce  –  Subalpine Fir","Moist Warm","Cascade","","","BC","BC","","#AE3AE0FF"
"294",147,"-","BGCv11","ESSF","ESSF_meso","ESSFmw","ESSFmw1","Cascade Moist Warm ESSF","Engelmann Spruce  –  Subalpine Fir","Moist Warm","Cascade","","","BC","BC","",""
"295",148,"+","BGCv11","ESSF","ESSF_meso","ESSFmw","ESSFmw2","Stein Moist Warm ESSF","Engelmann Spruce  –  Subalpine Fir","Moist Warm","Stein","","","BC","BC","","#A16CD2FF"
"296",148,"-","BGCv11","ESSF","ESSF_meso","ESSFmw","ESSFmw2","Stein Moist Warm ESSF","Engelmann Spruce  –  Subalpine Fir","Moist Warm","Stein","","","BC","BC","",""
"297",149,"+","USA_2019","ESSF","ESSF_meso","ESSFmw","ESSFmw_WA","Moist Warm Washington ESSF","Engelmann Spruce – Subalpine Fir","Moist Warm","Washington","NW Washington (E Cascades)","ESSFmwz","USA","WA","","#8710E1FF"
"298",149,"-","USA_2019","ESSF","ESSF_meso","ESSFmw","ESSFmw_WA","Moist Warm Washington ESSF","Engelmann Spruce – Subalpine Fir","Moist Warm","Washington","NW Washington (E Cascades)","ESSFmwz","USA","WA","",""
"299",150,"+","BGCv11","ESSF","ESSF_meso","ESSFmwp","ESSFmwp","Moist Warm Parkland ESSF","Engelmann Spruce  –  Subalpine Fir","Moist Warm Parkland","","","","BC","BC","","#BA6DD4FF"
"300",150,"-","BGCv11","ESSF","ESSF_meso","ESSFmwp","ESSFmwp","Moist Warm Parkland ESSF","Engelmann Spruce  –  Subalpine Fir","Moist Warm Parkland","","","","BC","BC","",""
"301",151,"+","USA_2026","ESSF","ESSF_meso","ESSFmwp","ESSFmwp_WA","Moist Warm Washington Parkland ESSF","Engelmann Spruce – Subalpine Fir","Moist Warm","WA","NW Washington (E Cascades)","","USA","WA","","#B635D6FF"
"302",151,"-","USA_2026","ESSF","ESSF_meso","ESSFmwp","ESSFmwp_WA","Moist Warm Washington Parkland ESSF","Engelmann Spruce – Subalpine Fir","Moist Warm","WA","NW Washington (E Cascades)","","USA","WA","",""
"303",152,"+","BGCv11","ESSF","ESSF_meso","ESSFmww","ESSFmww","Moist Warm Woodland ESSF","Engelmann Spruce  –  Subalpine Fir","Moist Warm Woodland","","","","BC","BC","","#E189D1FF"
"304",152,"-","BGCv11","ESSF","ESSF_meso","ESSFmww","ESSFmww","Moist Warm Woodland ESSF","Engelmann Spruce  –  Subalpine Fir","Moist Warm Woodland","","","","BC","BC","",""
"305",153,"+","BGCv13","ESSF","","ESSFun","ESSFun1","Undifferentiated Central Coast ESSF","Engelmann Spruce  –  Subalpine Fir","Undifferentiated"," Central Coast",NA,"ESSFmw portion","BC","BC",NA,"#D623C1FF"
"306",153,"-","BGCv13","ESSF","","ESSFun","ESSFun1","Undifferentiated Central Coast ESSF","Engelmann Spruce  –  Subalpine Fir","Undifferentiated"," Central Coast",NA,"ESSFmw portion","BC","BC",NA,""
"307",154,"+","BGCv13","ESSF","","ESSFun","ESSFun2","Undifferentiated Stikine EESF","Engelmann Spruce  –  Subalpine Fir","Undifferentiated","Stikine ",NA,"ESSFun","BC","BC",NA,"#921AD2FF"
"308",154,"-","BGCv13","ESSF","","ESSFun","ESSFun2","Undifferentiated Stikine EESF","Engelmann Spruce  –  Subalpine Fir","Undifferentiated","Stikine ",NA,"ESSFun","BC","BC",NA,""
"309",155,"+","BGCv11","ESSF","ESSF_meso","ESSFunp","ESSFunp","Undifferentiated Parkland ESSF","Engelmann Spruce  –  Subalpine Fir","Undifferentiated Parkland","","","","BC","BC","","#A52EEAFF"
"310",155,"-","BGCv11","ESSF","ESSF_meso","ESSFunp","ESSFunp","Undifferentiated Parkland ESSF","Engelmann Spruce  –  Subalpine Fir","Undifferentiated Parkland","","","","BC","BC","",""
"311",156,"+","BGCv11","ESSF","ESSF_wet","ESSFvc","ESSFvc","Very Wet Cold ESSF","Engelmann Spruce  –  Subalpine Fir","Very Wet Cold","","","","BC","BC","","#B525D1FF"
"312",156,"-","BGCv11","ESSF","ESSF_wet","ESSFvc","ESSFvc","Very Wet Cold ESSF","Engelmann Spruce  –  Subalpine Fir","Very Wet Cold","","","","BC","BC","",""
"313",157,"+","BGCv11","ESSF","ESSF_wet","ESSFvcp","ESSFvcp","Very Wet Cold Parkland ESSF","Engelmann Spruce  –  Subalpine Fir","Very Wet Cold Parkland","","","","BC","BC","","#BF4DC9FF"
"314",157,"-","BGCv11","ESSF","ESSF_wet","ESSFvcp","ESSFvcp","Very Wet Cold Parkland ESSF","Engelmann Spruce  –  Subalpine Fir","Very Wet Cold Parkland","","","","BC","BC","",""
"315",158,"+","BGCv11","ESSF","ESSF_wet","ESSFvcw","ESSFvcw","Very Wet Cold Woodland ESSF","Engelmann Spruce  –  Subalpine Fir","Very Wet Cold Woodland","","","","BC","BC","","#CE6AC4FF"
"316",158,"-","BGCv11","ESSF","ESSF_wet","ESSFvcw","ESSFvcw","Very Wet Cold Woodland ESSF","Engelmann Spruce  –  Subalpine Fir","Very Wet Cold Woodland","","","","BC","BC","",""
"317",159,"+","BGCv11","ESSF","ESSF_wet","ESSFwc","ESSFwc2","Monashee Wet Cold ESSF","Engelmann Spruce  –  Subalpine Fir","Wet Cold","Monashee","","","BC","BC","","#C31AEDFF"
"318",159,"-","BGCv11","ESSF","ESSF_wet","ESSFwc","ESSFwc2","Monashee Wet Cold ESSF","Engelmann Spruce  –  Subalpine Fir","Wet Cold","Monashee","","","BC","BC","",""
"319",160,"+","BGCv11","ESSF","ESSF_wet","ESSFwc","ESSFwc3","Cariboo Wet Cold ESSF","Engelmann Spruce  –  Subalpine Fir","Wet Cold","Cariboo","","","BC","BC","","#CA3FECFF"
"320",160,"-","BGCv11","ESSF","ESSF_wet","ESSFwc","ESSFwc3","Cariboo Wet Cold ESSF","Engelmann Spruce  –  Subalpine Fir","Wet Cold","Cariboo","","","BC","BC","",""
"321",161,"+","BGCv11","ESSF","ESSF_wet","ESSFwc","ESSFwc4","Selkirk Wet Cold ESSF","Engelmann Spruce  –  Subalpine Fir","Wet Cold","Selkirk","","","BC","BC","","#DB45EBFF"
"322",161,"-","BGCv11","ESSF","ESSF_wet","ESSFwc","ESSFwc4","Selkirk Wet Cold ESSF","Engelmann Spruce  –  Subalpine Fir","Wet Cold","Selkirk","","","BC","BC","",""
"323",162,"+","BGCv13","ESSF","ESSF_wet","ESSFwc","ESSFwc7","Wet cold Bowron ESSF","Engelmann Spruce  –  Subalpine Fir","Wet Cold","Bowron",NA,"ESSFwc3","BC","BC",NA,"#AB1CDFFF"
"324",162,"-","BGCv13","ESSF","ESSF_wet","ESSFwc","ESSFwc7","Wet cold Bowron ESSF","Engelmann Spruce  –  Subalpine Fir","Wet Cold","Bowron",NA,"ESSFwc3","BC","BC",NA,""
"325",163,"+","BGCv11","ESSF","ESSF_wet","ESSFwcp","ESSFwcp","Wet Cold Parkland ESSF","Engelmann Spruce  –  Subalpine Fir","Wet Cold Parkland","","","","BC","BC","","#B22DCFFF"
"326",163,"-","BGCv11","ESSF","ESSF_wet","ESSFwcp","ESSFwcp","Wet Cold Parkland ESSF","Engelmann Spruce  –  Subalpine Fir","Wet Cold Parkland","","","","BC","BC","",""
"327",164,"+","BGCv11","ESSF","ESSF_wet","ESSFwcw","ESSFwcw","Wet Cold Woodland ESSF","Engelmann Spruce  –  Subalpine Fir","Wet Cold Woodland","","","","BC","BC","","#E613DCFF"
"328",164,"-","BGCv11","ESSF","ESSF_wet","ESSFwcw","ESSFwcw","Wet Cold Woodland ESSF","Engelmann Spruce  –  Subalpine Fir","Wet Cold Woodland","","","","BC","BC","",""
"329",165,"+","BGCv11","ESSF","ESSF_wet","ESSFwh","ESSFwh1","Columbia Wet Hot ESSF","Engelmann Spruce  –  Subalpine Fir","Wet Hot","Columbia","","","BC","BC","","#CD35DAFF"
"330",165,"-","BGCv11","ESSF","ESSF_wet","ESSFwh","ESSFwh1","Columbia Wet Hot ESSF","Engelmann Spruce  –  Subalpine Fir","Wet Hot","Columbia","","","BC","BC","",""
"331",166,"+","BGCv11","ESSF","ESSF_wet","ESSFwh","ESSFwh2","St Mary Wet Hot ESSF","Engelmann Spruce  –  Subalpine Fir","Wet Hot","St Mary","","","BC","BC","","#AF2CD6FF"
"332",166,"-","BGCv11","ESSF","ESSF_wet","ESSFwh","ESSFwh2","St Mary Wet Hot ESSF","Engelmann Spruce  –  Subalpine Fir","Wet Hot","St Mary","","","BC","BC","",""
"333",167,"+","BGCv11","ESSF","ESSF_wet","ESSFwh","ESSFwh3","Salmo Wet Hot ESSF","Engelmann Spruce  –  Subalpine Fir","Wet Hot","Salmo","","","BC","BC","","#B125DBFF"
"334",167,"-","BGCv11","ESSF","ESSF_wet","ESSFwh","ESSFwh3","Salmo Wet Hot ESSF","Engelmann Spruce  –  Subalpine Fir","Wet Hot","Salmo","","","BC","BC","",""
"335",168,"+","USA_2019","ESSF","ESSF_wet","ESSFwh","ESSFwh_MT","Wet Hot Montana ESSF","Engelmann Spruce – Subalpine Fir","Wet Hot","Montana","NE Washington, N Idaho, NW Montana","ESSFwhz","USA","MT","","#BF68CEFF"
"336",168,"-","USA_2019","ESSF","ESSF_wet","ESSFwh","ESSFwh_MT","Wet Hot Montana ESSF","Engelmann Spruce – Subalpine Fir","Wet Hot","Montana","NE Washington, N Idaho, NW Montana","ESSFwhz","USA","MT","",""
"337",169,"+","BGCv11","ESSF","ESSF_wet","ESSFwk","ESSFwk1","Cariboo Wet Cool ESSF","Engelmann Spruce  –  Subalpine Fir","Wet Cool","Cariboo","","","BC","BC","","#AC5BCFFF"
"338",169,"-","BGCv11","ESSF","ESSF_wet","ESSFwk","ESSFwk1","Cariboo Wet Cool ESSF","Engelmann Spruce  –  Subalpine Fir","Wet Cool","Cariboo","","","BC","BC","",""
"339",170,"+","BGCv11","ESSF","ESSF_wet","ESSFwk","ESSFwk2","Misinchinka Wet Cool ESSF","Engelmann Spruce  –  Subalpine Fir","Wet Cool","Misinchinka","","","BC","BC","","#BC1CD8FF"
"340",170,"-","BGCv11","ESSF","ESSF_wet","ESSFwk","ESSFwk2","Misinchinka Wet Cool ESSF","Engelmann Spruce  –  Subalpine Fir","Wet Cool","Misinchinka","","","BC","BC","",""
"341",171,"+","BGCv11","ESSF","ESSF_wet","ESSFwm","ESSFwm1","Fernie Wet Mild ESSF","Engelmann Spruce  –  Subalpine Fir","Wet Mild","Fernie","","","BC","BC","","#D484EEFF"
"342",171,"-","BGCv11","ESSF","ESSF_wet","ESSFwm","ESSFwm1","Fernie Wet Mild ESSF","Engelmann Spruce  –  Subalpine Fir","Wet Mild","Fernie","","","BC","BC","",""
"343",172,"+","BGCv11","ESSF","ESSF_wet","ESSFwm","ESSFwm2","Purcell Wet Mild ESSF","Engelmann Spruce  –  Subalpine Fir","Wet Mild","Purcell","","","BC","BC","","#B861CEFF"
"344",172,"-","BGCv11","ESSF","ESSF_wet","ESSFwm","ESSFwm2","Purcell Wet Mild ESSF","Engelmann Spruce  –  Subalpine Fir","Wet Mild","Purcell","","","BC","BC","",""
"345",173,"+","BGCv11","ESSF","ESSF_wet","ESSFwm","ESSFwm3","Ymir Wet Mild ESSF","Engelmann Spruce  –  Subalpine Fir","Wet Mild","Ymir","","","BC","BC","","#D520ECFF"
"346",173,"-","BGCv11","ESSF","ESSF_wet","ESSFwm","ESSFwm3","Ymir Wet Mild ESSF","Engelmann Spruce  –  Subalpine Fir","Wet Mild","Ymir","","","BC","BC","",""
"347",174,"+","BGCv11","ESSF","ESSF_wet","ESSFwm","ESSFwm4","Moyie Wet Mild ESSF","Engelmann Spruce  –  Subalpine Fir","Wet Mild","Moyie","","","BC","BC","","#C556E6FF"
"348",174,"-","BGCv11","ESSF","ESSF_wet","ESSFwm","ESSFwm4","Moyie Wet Mild ESSF","Engelmann Spruce  –  Subalpine Fir","Wet Mild","Moyie","","","BC","BC","",""
"349",175,"+","USA_2019","ESSF","ESSF_wet","ESSFwm","ESSFwm_MT","Wet Mild Montana ESSF","Engelmann Spruce – Subalpine Fir","Wet Mild","Montana","NE Washington, N Idaho, NW Montana","ESSFwmz","USA","MT","","#D97EE1FF"
"350",175,"-","USA_2019","ESSF","ESSF_wet","ESSFwm","ESSFwm_MT","Wet Mild Montana ESSF","Engelmann Spruce – Subalpine Fir","Wet Mild","Montana","NE Washington, N Idaho, NW Montana","ESSFwmz","USA","MT","",""
"351",176,"+","BGCv11","ESSF","ESSF_wet","ESSFwmp","ESSFwmp","Wet Mild Parkland ESSF","Engelmann Spruce  –  Subalpine Fir","Wet Mild Parkland","","","","BC","BC","","#C35AD8FF"
"352",176,"-","BGCv11","ESSF","ESSF_wet","ESSFwmp","ESSFwmp","Wet Mild Parkland ESSF","Engelmann Spruce  –  Subalpine Fir","Wet Mild Parkland","","","","BC","BC","",""
"353",177,"+","USA_2026","ESSF","ESSF_wet","ESSFwmp","ESSFwmp_MT","Wet Mild Montana Parkland ESSF","Engelmann Spruce – Subalpine Fir","Wet Mild","MT","NE Washington, N Idaho, NW Montana","","USA","MT","","#B429CCFF"
"354",177,"-","USA_2026","ESSF","ESSF_wet","ESSFwmp","ESSFwmp_MT","Wet Mild Montana Parkland ESSF","Engelmann Spruce – Subalpine Fir","Wet Mild","MT","NE Washington, N Idaho, NW Montana","","USA","MT","",""
"355",178,"+","BGCv11","ESSF","ESSF_wet","ESSFwmw","ESSFwmw","Wet Mild Woodland ESSF","Engelmann Spruce  –  Subalpine Fir","Wet Mild Woodland","","","","BC","BC","","#E115BFFF"
"356",178,"-","BGCv11","ESSF","ESSF_wet","ESSFwmw","ESSFwmw","Wet Mild Woodland ESSF","Engelmann Spruce  –  Subalpine Fir","Wet Mild Woodland","","","","BC","BC","",""
"357",179,"+","BGCv11","ESSF","ESSF_wet","ESSFwv","ESSFwv","Wet Very Cold ESSF","Engelmann Spruce  –  Subalpine Fir","Wet Very Cold","","","","BC","BC","","#C031D3FF"
"358",179,"-","BGCv11","ESSF","ESSF_wet","ESSFwv","ESSFwv","Wet Very Cold ESSF","Engelmann Spruce  –  Subalpine Fir","Wet Very Cold","","","","BC","BC","",""
"359",180,"+","BGCv11","ESSF","ESSF_wet","ESSFwvp","ESSFwvp","Wet Very Cold Parkland ESSF","Engelmann Spruce  –  Subalpine Fir","Wet Very Cold Parkland","","","","BC","BC","","#A13ACAFF"
"360",180,"-","BGCv11","ESSF","ESSF_wet","ESSFwvp","ESSFwvp","Wet Very Cold Parkland ESSF","Engelmann Spruce  –  Subalpine Fir","Wet Very Cold Parkland","","","","BC","BC","",""
"361",181,"+","BGCv12","ESSF","ESSF_wet","ESSFwvw","ESSFwvw","Wet Very Cold Woodland ESSF","Engelmann Spruce  –  Subalpine Fir","Wet Very Cold Woodland","","","","BC","BC","","#D76CE5FF"
"362",181,"-","BGCv12","ESSF","ESSF_wet","ESSFwvw","ESSFwvw","Wet Very Cold Woodland ESSF","Engelmann Spruce  –  Subalpine Fir","Wet Very Cold Woodland","","","","BC","BC","",""
"363",182,"+","BGCv11","ESSF","ESSF_dry","ESSFxc","ESSFxc1","Similkameen Very Dry Cold ESSF","Engelmann Spruce  –  Subalpine Fir","Very Dry Cold","Similkameen","","","BC","BC","","#A11ADAFF"
"364",182,"-","BGCv11","ESSF","ESSF_dry","ESSFxc","ESSFxc1","Similkameen Very Dry Cold ESSF","Engelmann Spruce  –  Subalpine Fir","Very Dry Cold","Similkameen","","","BC","BC","",""
"365",183,"+","BGCv11","ESSF","ESSF_dry","ESSFxc","ESSFxc2","Thompson Very Dry Cold ESSF","Engelmann Spruce  –  Subalpine Fir","Very Dry Cold","Thompson","","","BC","BC","","#AE4AD6FF"
"366",183,"-","BGCv11","ESSF","ESSF_dry","ESSFxc","ESSFxc2","Thompson Very Dry Cold ESSF","Engelmann Spruce  –  Subalpine Fir","Very Dry Cold","Thompson","","","BC","BC","",""
"367",184,"+","BGCv11","ESSF","ESSF_dry","ESSFxc","ESSFxc3","Pavillion Very Dry Cold ESSF","Engelmann Spruce  –  Subalpine Fir","Very Dry Cold","Pavillion","","","BC","BC","","#871FD0FF"
"368",184,"-","BGCv11","ESSF","ESSF_dry","ESSFxc","ESSFxc3","Pavillion Very Dry Cold ESSF","Engelmann Spruce  –  Subalpine Fir","Very Dry Cold","Pavillion","","","BC","BC","",""
"369",185,"+","USA_2019","ESSF","ESSF_dry","ESSFxc","ESSFxc_CO","Very Dry Cold Colorado ESSF","Engelmann Spruce – Subalpine Fir","Very Dry Cold","Colorado","W & C Colorado","ESSFcoz","USA","CO","","#A72FD2FF"
"370",185,"-","USA_2019","ESSF","ESSF_dry","ESSFxc","ESSFxc_CO","Very Dry Cold Colorado ESSF","Engelmann Spruce – Subalpine Fir","Very Dry Cold","Colorado","W & C Colorado","ESSFcoz","USA","CO","",""
"371",186,"+","USA_2019","ESSF","ESSF_dry","ESSFxc","ESSFxc_WA","Very Dry Cold Washington ESSF","Engelmann Spruce – Subalpine Fir","Very Dry Cold","Washington","NC Washington","ESSFxcz","USA","WA","","#A76FCBFF"
"372",186,"-","USA_2019","ESSF","ESSF_dry","ESSFxc","ESSFxc_WA","Very Dry Cold Washington ESSF","Engelmann Spruce – Subalpine Fir","Very Dry Cold","Washington","NC Washington","ESSFxcz","USA","WA","",""
"373",187,"+","BGCv11","ESSF","ESSF_dry","ESSFxcp","ESSFxcp","Very Dry Cold Parkland ESSF","Engelmann Spruce  –  Subalpine Fir","Very Dry Cold Parkland","","","","BC","BC","","#AD41ECFF"
"374",187,"-","BGCv11","ESSF","ESSF_dry","ESSFxcp","ESSFxcp","Very Dry Cold Parkland ESSF","Engelmann Spruce  –  Subalpine Fir","Very Dry Cold Parkland","","","","BC","BC","",""
"375",188,"+","USA_2026","ESSF","ESSF_dry","ESSFxcp","ESSFxcp_CO","Very Dry Cold Colorado Parkland ESSF","Engelmann Spruce – Subalpine Fir","Very Dry Cold","CO","W & C Colorado","","USA","CO","","#AA4FD8FF"
"376",188,"-","USA_2026","ESSF","ESSF_dry","ESSFxcp","ESSFxcp_CO","Very Dry Cold Colorado Parkland ESSF","Engelmann Spruce – Subalpine Fir","Very Dry Cold","CO","W & C Colorado","","USA","CO","",""
"377",189,"+","USA_2026","ESSF","ESSF_dry","ESSFxcp","ESSFxcp_WA","Very Dry Cold Washington Parkland ESSF","Engelmann Spruce – Subalpine Fir","Very Dry Cold","WA","NC Washington","","USA","WA","","#AD61D0FF"
"378",189,"-","USA_2026","ESSF","ESSF_dry","ESSFxcp","ESSFxcp_WA","Very Dry Cold Washington Parkland ESSF","Engelmann Spruce – Subalpine Fir","Very Dry Cold","WA","NC Washington","","USA","WA","",""
"379",190,"+","BGCv11","ESSF","ESSF_dry","ESSFxcw","ESSFxcw","Very Dry Cold Woodland ESSF","Engelmann Spruce  –  Subalpine Fir","Very Dry Cold Woodland","","","","BC","BC","","#A553DFFF"
"380",190,"-","BGCv11","ESSF","ESSF_dry","ESSFxcw","ESSFxcw","Very Dry Cold Woodland ESSF","Engelmann Spruce  –  Subalpine Fir","Very Dry Cold Woodland","","","","BC","BC","",""
"381",191,"+","USA_2019","ESSF","ESSF_dry","ESSFxh","ESSFxh_WA","Very Dry Hot Washington ESSF","Engelmann Spruce – Subalpine Fir","Very Dry Hot","Washington","NE Washington [N Idaho, NW Montana]","ESSFxhz","USA","WA","","#C97BEFFF"
"382",191,"-","USA_2019","ESSF","ESSF_dry","ESSFxh","ESSFxh_WA","Very Dry Hot Washington ESSF","Engelmann Spruce – Subalpine Fir","Very Dry Hot","Washington","NE Washington [N Idaho, NW Montana]","ESSFxhz","USA","WA","",""
"383",192,"+","USA_2019","ESSF","ESSF_dry","ESSFxk","ESSFxk_MT","Very Dry Cool Montana ESSF","Engelmann Spruce – Subalpine Fir","Very Dry Cool","Montana","WC Montana & EC Idaho","ESSFxxz","USA","MT","","#D683DDFF"
"384",192,"-","USA_2019","ESSF","ESSF_dry","ESSFxk","ESSFxk_MT","Very Dry Cool Montana ESSF","Engelmann Spruce – Subalpine Fir","Very Dry Cool","Montana","WC Montana & EC Idaho","ESSFxxz","USA","MT","",""
"385",193,"+","USA_2019","ESSF","ESSF_dry","ESSFxk","ESSFxk_UT","Very Dry Cool Utah ESSF","Engelmann Spruce – Subalpine Fir","Very Dry Cool","Utah","SW, C, & NE Utah","ESSFutz","USA","UT","","#A97ADCFF"
"386",193,"-","USA_2019","ESSF","ESSF_dry","ESSFxk","ESSFxk_UT","Very Dry Cool Utah ESSF","Engelmann Spruce – Subalpine Fir","Very Dry Cool","Utah","SW, C, & NE Utah","ESSFutz","USA","UT","",""
"387",194,"+","USA_2019","ESSF","ESSF_dry","ESSFxk","ESSFxk_WY","Very Dry Cool Wyoming ESSF","Engelmann Spruce – Subalpine Fir","Very Dry Cool","Wyoming","W Wyoming, SW Montana, C Idaho","","USA","WY","","#E747D5FF"
"388",194,"-","USA_2019","ESSF","ESSF_dry","ESSFxk","ESSFxk_WY","Very Dry Cool Wyoming ESSF","Engelmann Spruce – Subalpine Fir","Very Dry Cool","Wyoming","W Wyoming, SW Montana, C Idaho","","USA","WY","",""
"389",195,"+","USA_2026","ESSF","ESSF_dry","ESSFxkp","ESSFxkp_MT","Very Dry Cool Montana Parkland ESSF","Engelmann Spruce – Subalpine Fir","Very Dry Cool","MT","WC Montana & EC Idaho","","USA","MT","","#A422D3FF"
"390",195,"-","USA_2026","ESSF","ESSF_dry","ESSFxkp","ESSFxkp_MT","Very Dry Cool Montana Parkland ESSF","Engelmann Spruce – Subalpine Fir","Very Dry Cool","MT","WC Montana & EC Idaho","","USA","MT","",""
"391",196,"+","USA_2026","ESSF","ESSF_dry","ESSFxkp","ESSFxkp_UT","Very Dry Cool Utah Parkland ESSF","Engelmann Spruce – Subalpine Fir","Very Dry Cool","UT","SW, C, & NE Utah","","USA","UT","","#E981E9FF"
"392",196,"-","USA_2026","ESSF","ESSF_dry","ESSFxkp","ESSFxkp_UT","Very Dry Cool Utah Parkland ESSF","Engelmann Spruce – Subalpine Fir","Very Dry Cool","UT","SW, C, & NE Utah","","USA","UT","",""
"393",197,"+","USA_2026","ESSF","ESSF_dry","ESSFxkp","ESSFxkp_WY","Very Dry Cool Wyoming Parkland ESSF","Engelmann Spruce – Subalpine Fir","Very Dry Cool","WY","W Wyoming, SW Montana, C Idaho","","USA","WY","","#e45bd4ff"
"394",197,"-","USA_2026","ESSF","ESSF_dry","ESSFxkp","ESSFxkp_WY","Very Dry Cool Wyoming Parkland ESSF","Engelmann Spruce – Subalpine Fir","Very Dry Cool","WY","W Wyoming, SW Montana, C Idaho","","USA","WY","",""
"395",198,"+","BGCv11","ESSF","ESSF_dry","ESSFxv","ESSFxv1","West Chilcotin Very Dry Very Cold ESSF","Engelmann Spruce  –  Subalpine Fir","Very Dry Very Cold","West Chilcotin","","","BC","BC","","#A881EBFF"
"396",198,"-","BGCv11","ESSF","ESSF_dry","ESSFxv","ESSFxv1","West Chilcotin Very Dry Very Cold ESSF","Engelmann Spruce  –  Subalpine Fir","Very Dry Very Cold","West Chilcotin","","","BC","BC","",""
"397",199,"+","BGCv11","ESSF","ESSF_dry","ESSFxv","ESSFxv2","Big Creek Very Dry Very Cold ESSF","Engelmann Spruce  –  Subalpine Fir","Very Dry Very Cold","Big Creek","","","BC","BC","","#441AECFF"
"398",199,"-","BGCv11","ESSF","ESSF_dry","ESSFxv","ESSFxv2","Big Creek Very Dry Very Cold ESSF","Engelmann Spruce  –  Subalpine Fir","Very Dry Very Cold","Big Creek","","","BC","BC","",""
"399",200,"+","BGCv11","ESSF","ESSF_dry","ESSFxvp","ESSFxvp","Very Dry Very Cold Parkland ESSF","Engelmann Spruce  –  Subalpine Fir","Very Dry Very Cold Parkland","","","","BC","BC","","#7145DEFF"
"400",200,"-","BGCv11","ESSF","ESSF_dry","ESSFxvp","ESSFxvp","Very Dry Very Cold Parkland ESSF","Engelmann Spruce  –  Subalpine Fir","Very Dry Very Cold Parkland","","","","BC","BC","",""
"401",201,"+","BGCv11","ESSF","ESSF_dry","ESSFxvw","ESSFxvw","Very Dry Very Cold Woodland ESSF","Engelmann Spruce  –  Subalpine Fir","Very Dry Very Cold Woodland","","","","BC","BC","","#8C5FCAFF"
"402",201,"-","BGCv11","ESSF","ESSF_dry","ESSFxvw","ESSFxvw","Very Dry Very Cold Woodland ESSF","Engelmann Spruce  –  Subalpine Fir","Very Dry Very Cold Woodland","","","","BC","BC","",""
"403",202,"+","USA_2019","ESSF","ESSF_dry","ESSFxw","ESSFxw_OR","Very Dry Warm Oregon ESSF","Engelmann Spruce – Subalpine Fir","Very Dry Warm","Oregon","NE Oregon & WC Idaho","ESSFxcy","USA","OR","","#7230C8FF"
"404",202,"-","USA_2019","ESSF","ESSF_dry","ESSFxw","ESSFxw_OR","Very Dry Warm Oregon ESSF","Engelmann Spruce – Subalpine Fir","Very Dry Warm","Oregon","NE Oregon & WC Idaho","ESSFxcy","USA","OR","",""
"405",203,"+","USA_2026","ESSF","ESSF_dry","ESSFxwp","ESSFxwp_OR","Very Dry Warm Oregon Parkland ESSF","Engelmann Spruce – Subalpine Fir","Very Dry Warm","OR","NE Oregon & WC Idaho","","USA","OR","","#D3689CFF"
"406",203,"-","USA_2026","ESSF","ESSF_dry","ESSFxwp","ESSFxwp_OR","Very Dry Warm Oregon Parkland ESSF","Engelmann Spruce – Subalpine Fir","Very Dry Warm","OR","NE Oregon & WC Idaho","","USA","OR","",""
"407",204,"+","USA_2019","ESSF","ESSF_dry","ESSFxx","ESSFxx_WY","Very Dry Very Hot Wyoming ESSF","Engelmann Spruce – Subalpine Fir","Very Dry Very Hot","Wyoming","W & NC Wyoming","","USA","WY","","#E035E5FF"
"408",204,"-","USA_2019","ESSF","ESSF_dry","ESSFxx","ESSFxx_WY","Very Dry Very Hot Wyoming ESSF","Engelmann Spruce – Subalpine Fir","Very Dry Very Hot","Wyoming","W & NC Wyoming","","USA","WY","",""
"409",205,"+","USA_2026","ESSF","ESSF_dry","ESSFxxp","ESSFxxp_WY","Very Dry Very Hot Wyoming ESSF Parkland","Engelmann Spruce – Subalpine Fir","Very Dry Very Hot","WY","W & NC Wyoming","","USA","WY","","#A117CFFF"
"410",205,"-","USA_2026","ESSF","ESSF_dry","ESSFxxp","ESSFxxp_WY","Very Dry Very Hot Wyoming ESSF Parkland","Engelmann Spruce – Subalpine Fir","Very Dry Very Hot","WY","W & NC Wyoming","","USA","WY","",""
"411",206,"+","AB_2018","FG","FG","FGff","FGff","Foothills Fescue FG","Fescue Grassland","","","NW Montana, to AB border","FG  ff","AB","AB","","#DBB74AFF"
"412",206,"-","AB_2018","FG","FG","FGff","FGff","Foothills Fescue FG","Fescue Grassland","","","NW Montana, to AB border","FG  ff","AB","AB","",""
"413",207,"+","AB_2018","FG","FG","FGnf","FGnf","Northern FG","Fescue Grassland","Northern","","S Alberta","FG  nf","AB","AB","","#C69B23FF"
"414",207,"-","AB_2018","FG","FG","FGnf","FGnf","Northern FG","Fescue Grassland","Northern","","S Alberta","FG  nf","AB","AB","",""
"415",208,"+","USA_2019","GBD","GBD","GBDdw","GBDdw_UT","Dry Warm Utah GBD","Great Basin Desert","Dry Warm","Utah","Utah, E Nevada, WC Wyoming","GBD xxx","USA","UT","","#A4A487FF"
"416",208,"-","USA_2019","GBD","GBD","GBDdw","GBDdw_UT","Dry Warm Utah GBD","Great Basin Desert","Dry Warm","Utah","Utah, E Nevada, WC Wyoming","GBD xxx","USA","UT","",""
"417",209,"+","USA_2019","GBD","GBD","GBDxh","GBDxh_NV","Very Dry Hot Nevada GBD","Great Basin Desert","Very Dry Hot","Nevada","Nevada, NE California","GBD xxy","USA","NV","","#A09D85FF"
"418",209,"-","USA_2019","GBD","GBD","GBDxh","GBDxh_NV","Very Dry Hot Nevada GBD","Great Basin Desert","Very Dry Hot","Nevada","Nevada, NE California","GBD xxy","USA","NV","",""
"419",210,"+","USA_2019","GBD","GBD","GBDxx","GBDxx_UT","Very Dry Very Hot Utah GBD","Great Basin Desert","Very Dry Very Hot","Utah","SE Utah","GBD xxw","USA","UT","","#9C9969FF"
"420",210,"-","USA_2019","GBD","GBD","GBDxx","GBDxx_UT","Very Dry Very Hot Utah GBD","Great Basin Desert","Very Dry Very Hot","Utah","SE Utah","GBD xxw","USA","UT","",""
"421",211,"+","USA_2019","ICH","ICH_dry","ICHdh","ICHdh_ID","Dry Hot Idaho ICH","Interior Cedar – Hemlock","Dry Hot","Idaho","NEd Idaho & NW Montana","ICH dhz","USA","ID","","#71D86BFF"
"422",211,"-","USA_2019","ICH","ICH_dry","ICHdh","ICHdh_ID","Dry Hot Idaho ICH","Interior Cedar – Hemlock","Dry Hot","Idaho","NEd Idaho & NW Montana","ICH dhz","USA","ID","",""
"423",212,"+","BGCv11","ICH","ICH_dry","ICHdk","ICHdk","Dry Cool ICH","Interior Cedar  –  Hemlock","Dry Cool","","","","BC","BC","","#71DE73FF"
"424",212,"-","BGCv11","ICH","ICH_dry","ICHdk","ICHdk","Dry Cool ICH","Interior Cedar  –  Hemlock","Dry Cool","","","","BC","BC","",""
"425",213,"+","BGCv11","ICH","ICH_dry","ICHdm","ICHdm","Dry Mild ICH","Interior Cedar  –  Hemlock","Dry Mild","","","","BC","BC","","#71EF65FF"
"426",213,"-","BGCv11","ICH","ICH_dry","ICHdm","ICHdm","Dry Mild ICH","Interior Cedar  –  Hemlock","Dry Mild","","","","BC","BC","",""
"427",214,"+","BGCv11","ICH","ICH_dry","ICHdw","ICHdw1","West Kootenay Dry Warm ICH","Interior Cedar  –  Hemlock","Dry Warm","West Kootenay","","","BC","BC","","#4AEF58FF"
"428",214,"-","BGCv11","ICH","ICH_dry","ICHdw","ICHdw1","West Kootenay Dry Warm ICH","Interior Cedar  –  Hemlock","Dry Warm","West Kootenay","","","BC","BC","",""
"429",215,"+","BGCv11","ICH","ICH_dry","ICHdw","ICHdw3","North Thompson Dry Warm ICH","Interior Cedar  –  Hemlock","Dry Warm","North Thompson","","","BC","BC","","#1CD52FFF"
"430",215,"-","BGCv11","ICH","ICH_dry","ICHdw","ICHdw3","North Thompson Dry Warm ICH","Interior Cedar  –  Hemlock","Dry Warm","North Thompson","","","BC","BC","",""
"431",216,"+","BGCv11","ICH","ICH_dry","ICHdw","ICHdw4","Shuswap Dry Warm ICH","Interior Cedar  –  Hemlock","Dry Warm","Shuswap","","","BC","BC","","#4DDF42FF"
"432",216,"-","BGCv11","ICH","ICH_dry","ICHdw","ICHdw4","Shuswap Dry Warm ICH","Interior Cedar  –  Hemlock","Dry Warm","Shuswap","","","BC","BC","",""
"433",217,"+","USA_2019","ICH","ICH_dry","ICHdw","ICHdw_ID","Dry Warm Idaho ICH","Interior Cedar – Hemlock","Dry Warm","Idaho","NE Washington, N Idaho, NW Montana","ICH dwz","USA","ID","","#1BE714FF"
"434",217,"-","USA_2019","ICH","ICH_dry","ICHdw","ICHdw_ID","Dry Warm Idaho ICH","Interior Cedar – Hemlock","Dry Warm","Idaho","NE Washington, N Idaho, NW Montana","ICH dwz","USA","ID","",""
"435",218,"+","BGCv11","ICH","ICH_meso","ICHmc","ICHmc1","Nass Moist Cold ICH","Interior Cedar  –  Hemlock","Moist Cold","Nass","","","BC","BC","","#5CEE59FF"
"436",218,"-","BGCv11","ICH","ICH_meso","ICHmc","ICHmc1","Nass Moist Cold ICH","Interior Cedar  –  Hemlock","Moist Cold","Nass","","","BC","BC","",""
"437",219,"+","BGCv11","ICH","ICH_meso","ICHmca","ICHmc1a","Nass Moist Cold ICH","Interior Cedar  –  Hemlock","Moist Cold","Nass","","","BC","BC","","#80D07DFF"
"438",219,"-","BGCv11","ICH","ICH_meso","ICHmca","ICHmc1a","Nass Moist Cold ICH","Interior Cedar  –  Hemlock","Moist Cold","Nass","","","BC","BC","",""
"439",220,"+","BGCv11","ICH","ICH_meso","ICHmc","ICHmc2","Hazelton Moist Cold ICH","Interior Cedar  –  Hemlock","Moist Cold","Hazelton","","","BC","BC","","#20DC3FFF"
"440",220,"-","BGCv11","ICH","ICH_meso","ICHmc","ICHmc2","Hazelton Moist Cold ICH","Interior Cedar  –  Hemlock","Moist Cold","Hazelton","","","BC","BC","",""
"441",221,"+","USA_2019","ICH","ICH_meso","ICHmh","ICHmh_MT","Moist Hot Montana ICH","Interior Cedar – Hemlock","Moist Hot","Montana","NW Montana","ICH mwz","USA","MT","","#64C829FF"
"442",221,"-","USA_2019","ICH","ICH_meso","ICHmh","ICHmh_MT","Moist Hot Montana ICH","Interior Cedar – Hemlock","Moist Hot","Montana","NW Montana","ICH mwz","USA","MT","",""
"443",222,"+","BGCv11","ICH","ICH_meso","ICHmk","ICHmk1","Okanagan Moist Cool ICH","Interior Cedar  –  Hemlock","Moist Cool","Okanagan","","","BC","BC","","#64E46FFF"
"444",222,"-","BGCv11","ICH","ICH_meso","ICHmk","ICHmk1","Okanagan Moist Cool ICH","Interior Cedar  –  Hemlock","Moist Cool","Okanagan","","","BC","BC","",""
"445",223,"+","BGCv11","ICH","ICH_meso","ICHmk","ICHmk2","Thompson Moist Cool ICH","Interior Cedar  –  Hemlock","Moist Cool","Thompson","","","BC","BC","","#0DDD18FF"
"446",223,"-","BGCv11","ICH","ICH_meso","ICHmk","ICHmk2","Thompson Moist Cool ICH","Interior Cedar  –  Hemlock","Moist Cool","Thompson","","","BC","BC","",""
"447",224,"+","BGCv11","ICH","ICH_meso","ICHmk","ICHmk3","Horsefly Moist Cool ICH","Interior Cedar  –  Hemlock","Moist Cool","Horsefly","","","BC","BC","","#0DDD0DFF"
"448",224,"-","BGCv11","ICH","ICH_meso","ICHmk","ICHmk3","Horsefly Moist Cool ICH","Interior Cedar  –  Hemlock","Moist Cool","Horsefly","","","BC","BC","",""
"449",225,"+","BGCv11","ICH","ICH_meso","ICHmk","ICHmk4","Kootenay Moist Cool ICH","Interior Cedar  –  Hemlock","Moist Cool","Kootenay","","","BC","BC","","#1DE11DFF"
"450",225,"-","BGCv11","ICH","ICH_meso","ICHmk","ICHmk4","Kootenay Moist Cool ICH","Interior Cedar  –  Hemlock","Moist Cool","Kootenay","","","BC","BC","",""
"451",226,"+","BGCv11","ICH","ICH_meso","ICHmk","ICHmk5","Kootenay Moist Cool ICH","Interior Cedar  –  Hemlock","Moist Cool","Kootenay","","","BC","BC","","#41CA3CFF"
"452",226,"-","BGCv11","ICH","ICH_meso","ICHmk","ICHmk5","Kootenay Moist Cool ICH","Interior Cedar  –  Hemlock","Moist Cool","Kootenay","","","BC","BC","",""
"453",227,"+","BGCv11","ICH","ICH_meso","ICHmm","ICHmm","Moist Mild ICH","Interior Cedar  –  Hemlock","Moist Mild","","","","BC","BC","","#39E639FF"
"454",227,"-","BGCv11","ICH","ICH_meso","ICHmm","ICHmm","Moist Mild ICH","Interior Cedar  –  Hemlock","Moist Mild","","","","BC","BC","",""
"455",228,"+","BGCv11","ICH","ICH_meso","ICHmw","ICHmw1","Kinbasket Moist Warm ICH","Interior Cedar  –  Hemlock","Moist Warm","Kinbasket","","","BC","BC","","#45E732FF"
"456",228,"-","BGCv11","ICH","ICH_meso","ICHmw","ICHmw1","Kinbasket Moist Warm ICH","Interior Cedar  –  Hemlock","Moist Warm","Kinbasket","","","BC","BC","",""
"457",229,"+","BGCv11","ICH","ICH_meso","ICHmw","ICHmw2","Shuswap Moist Warm ICH","Interior Cedar  –  Hemlock","Moist Warm","Shuswap","","","BC","BC","","#96DB71FF"
"458",229,"-","BGCv11","ICH","ICH_meso","ICHmw","ICHmw2","Shuswap Moist Warm ICH","Interior Cedar  –  Hemlock","Moist Warm","Shuswap","","","BC","BC","",""
"459",230,"+","BGCv11","ICH","ICH_meso","ICHmw","ICHmw3","Thompson Moist Warm ICH","Interior Cedar  –  Hemlock","Moist Warm","Thompson","","","BC","BC","","#7CDC71FF"
"460",230,"-","BGCv11","ICH","ICH_meso","ICHmw","ICHmw3","Thompson Moist Warm ICH","Interior Cedar  –  Hemlock","Moist Warm","Thompson","","","BC","BC","",""
"461",231,"+","BGCv11","ICH","ICH_meso","ICHmw","ICHmw4","Ymir Moist Warm ICH","Interior Cedar  –  Hemlock","Moist Warm","Ymir","","","BC","BC","","#73D582FF"
"462",231,"-","BGCv11","ICH","ICH_meso","ICHmw","ICHmw4","Ymir Moist Warm ICH","Interior Cedar  –  Hemlock","Moist Warm","Ymir","","","BC","BC","",""
"463",232,"+","BGCv11","ICH","ICH_meso","ICHmw","ICHmw5","Granby Moist Warm ICH","Interior Cedar  –  Hemlock","Moist Warm","Granby","","","BC","BC","","#92E681FF"
"464",232,"-","BGCv11","ICH","ICH_meso","ICHmw","ICHmw5","Granby Moist Warm ICH","Interior Cedar  –  Hemlock","Moist Warm","Granby","","","BC","BC","",""
"465",233,"+","USA_2019","ICH","ICH_meso","ICHmw","ICHmw_MT","Moist Warm Montana ICH","Interior Cedar – Hemlock","Moist Warm","Montana","NW Montana [N Idaho]","ICH mwy","USA","MT","","#86E869FF"
"466",233,"-","USA_2019","ICH","ICH_meso","ICHmw","ICHmw_MT","Moist Warm Montana ICH","Interior Cedar – Hemlock","Moist Warm","Montana","NW Montana [N Idaho]","ICH mwy","USA","MT","",""
"467",234,"+","BGCv13","ICH","","ICHun","ICHun1","Undifferentiated Central Coast ICH","Interior Cedar  –  Hemlock","Undifferentiated"," Central Coast",NA,"IDFww portion","BC","BC",NA,"#98E993FF"
"468",234,"-","BGCv13","ICH","","ICHun","ICHun1","Undifferentiated Central Coast ICH","Interior Cedar  –  Hemlock","Undifferentiated"," Central Coast",NA,"IDFww portion","BC","BC",NA,""
"469",235,"+","BGCv11","ICH","ICH_wet","ICHvc","ICHvc","Very Wet Cold ICH","Interior Cedar  –  Hemlock","Very Wet Cold","","","","BC","BC","","#81E689FF"
"470",235,"-","BGCv11","ICH","ICH_wet","ICHvc","ICHvc","Very Wet Cold ICH","Interior Cedar  –  Hemlock","Very Wet Cold","","","","BC","BC","",""
"471",236,"+","BGCv11","ICH","ICH_wet","ICHvk","ICHvk1","Columbia Very Wet Cool ICH","Interior Cedar  –  Hemlock","Very Wet Cool","Columbia","","","BC","BC","","#16E024FF"
"472",236,"-","BGCv11","ICH","ICH_wet","ICHvk","ICHvk1","Columbia Very Wet Cool ICH","Interior Cedar  –  Hemlock","Very Wet Cool","Columbia","","","BC","BC","",""
"473",237,"+","BGCv11","ICH","ICH_wet","ICHvk","ICHvk2","Slim Very Wet Cool ICH","Interior Cedar  –  Hemlock","Very Wet Cool","Slim","","","BC","BC","","#30DA4CFF"
"474",237,"-","BGCv11","ICH","ICH_wet","ICHvk","ICHvk2","Slim Very Wet Cool ICH","Interior Cedar  –  Hemlock","Very Wet Cool","Slim","","","BC","BC","",""
"475",238,"+","BGCv11","ICH","ICH_wet","ICHwc","ICHwc","Wet Cold ICH","Interior Cedar  –  Hemlock","Wet Cold","","","","BC","BC","","#6DE380FF"
"476",238,"-","BGCv11","ICH","ICH_wet","ICHwc","ICHwc","Wet Cold ICH","Interior Cedar  –  Hemlock","Wet Cold","","","","BC","BC","",""
"477",239,"+","BGCv11","ICH","ICH_wet","ICHwk","ICHwk1","Shuswap Wet Cool ICH","Interior Cedar  –  Hemlock","Wet Cool","Shuswap","","","BC","BC","","#93D478FF"
"478",239,"-","BGCv11","ICH","ICH_wet","ICHwk","ICHwk1","Shuswap Wet Cool ICH","Interior Cedar  –  Hemlock","Wet Cool","Shuswap","","","BC","BC","",""
"479",240,"+","BGCv11","ICH","ICH_wet","ICHwk","ICHwk2","Quesnel Wet Cool ICH","Interior Cedar  –  Hemlock","Wet Cool","Quesnel","","","BC","BC","","#92E188FF"
"480",240,"-","BGCv11","ICH","ICH_wet","ICHwk","ICHwk2","Quesnel Wet Cool ICH","Interior Cedar  –  Hemlock","Wet Cool","Quesnel","","","BC","BC","",""
"481",241,"+","BGCv11","ICH","ICH_wet","ICHwk","ICHwk3","Goat Wet Cool ICH","Interior Cedar  –  Hemlock","Wet Cool","Goat","","","BC","BC","","#4CCC38FF"
"482",241,"-","BGCv11","ICH","ICH_wet","ICHwk","ICHwk3","Goat Wet Cool ICH","Interior Cedar  –  Hemlock","Wet Cool","Goat","","","BC","BC","",""
"483",242,"+","BGCv11","ICH","ICH_wet","ICHwk","ICHwk4","Cariboo Wet Cool ICH","Interior Cedar  –  Hemlock","Wet Cool","Cariboo","","","BC","BC","","#85DF62FF"
"484",242,"-","BGCv11","ICH","ICH_wet","ICHwk","ICHwk4","Cariboo Wet Cool ICH","Interior Cedar  –  Hemlock","Wet Cool","Cariboo","","","BC","BC","",""
"485",243,"+","USA_2023","ICH","ICH_dry","ICHxh","ICHxh_ID","Very Dry Hot Idaho ICH","Interior Cedar – Hemlock","Very Dry Hot","Idaho","N Idaho [W Montana]","","USA","ID","","#BECF50FF"
"486",243,"-","USA_2023","ICH","ICH_dry","ICHxh","ICHxh_ID","Very Dry Hot Idaho ICH","Interior Cedar – Hemlock","Very Dry Hot","Idaho","N Idaho [W Montana]","","USA","ID","",""
"487",244,"+","BGCv12","ICH","ICH_dry","ICHxm","ICHxm1","Shuswap Very Dry Mild ICH","Interior Cedar  –  Hemlock","Very Dry Mild","Shuswap","","","BC","BC","","#A4E949FF"
"488",244,"-","BGCv12","ICH","ICH_dry","ICHxm","ICHxm1","Shuswap Very Dry Mild ICH","Interior Cedar  –  Hemlock","Very Dry Mild","Shuswap","","","BC","BC","",""
"489",245,"+","BGCv11","ICH","ICH_dry","ICHxw","ICHxw","Very Dry Warm ICH","Interior Cedar  –  Hemlock","Very Dry Warm","","","","BC","BC","","#75E67DFF"
"490",245,"-","BGCv11","ICH","ICH_dry","ICHxw","ICHxw","Very Dry Warm ICH","Interior Cedar  –  Hemlock","Very Dry Warm","","","","BC","BC","",""
"491",246,"+","USA_2023","ICH","ICH_dry","ICHxw","ICHxw_ID","Very Dry Warm Idaho ICH","Interior Cedar – Hemlock","Very Dry Warm","Idaho","NC Idaho","","USA","ID","","#7DCD15FF"
"492",246,"-","USA_2023","ICH","ICH_dry","ICHxw","ICHxw_ID","Very Dry Warm Idaho ICH","Interior Cedar – Hemlock","Very Dry Warm","Idaho","NC Idaho","","USA","ID","",""
"493",247,"+","USA_2019","ICH","ICH_dry","ICHxw","ICHxw_WA","Very Dry Warm Washington ICH","Interior Cedar – Hemlock","Very Dry Warm","Washington","NE Washington, N Idaho","ICH xwz","USA","WA","","#75E67DFF"
"494",247,"-","USA_2019","ICH","ICH_dry","ICHxw","ICHxw_WA","Very Dry Warm Washington ICH","Interior Cedar – Hemlock","Very Dry Warm","Washington","NE Washington, N Idaho","ICH xwz","USA","WA","",""
"495",248,"+","BGCv11","ICH","ICH_dry","ICHxwa","ICHxwa","Very Dry Warm ICH","Interior Cedar  –  Hemlock","Very Dry Warm","","","","BC","BC","","#80CD1AFF"
"496",248,"-","BGCv11","ICH","ICH_dry","ICHxwa","ICHxwa","Very Dry Warm ICH","Interior Cedar  –  Hemlock","Very Dry Warm","","","","BC","BC","",""
"497",249,"+","BGCv11","IDF","IDF_cool","IDFdc","IDFdc","Dry Cold IDF","Interior Douglas-fir","Dry Cold","","","","BC","BC","","#DED822FF"
"498",249,"-","BGCv11","IDF","IDF_cool","IDFdc","IDFdc","Dry Cold IDF","Interior Douglas-fir","Dry Cold","","","","BC","BC","",""
"499",250,"+","BGCv12","IDF","IDF","IDFdh","IDFdh","Dry Hot IDF","Interior Douglas-fir","Dry Hot","","","","BC","BC","","#EEDB2CFF"
"500",250,"-","BGCv12","IDF","IDF","IDFdh","IDFdh","Dry Hot IDF","Interior Douglas-fir","Dry Hot","","","","BC","BC","",""
"501",251,"+","USA_2019","IDF","IDF","IDFdh","IDFdh_MT","Dry Hot Montana IDF","Interior Douglas-fir","Dry Hot","Montana","NW Montana","IDF dhx","USA","MT","","#C3CC18FF"
"502",251,"-","USA_2019","IDF","IDF","IDFdh","IDFdh_MT","Dry Hot Montana IDF","Interior Douglas-fir","Dry Hot","Montana","NW Montana","IDF dhx","USA","MT","",""
"503",252,"+","USA_2019","IDF","IDF","IDFdh","IDFdh_UT","Dry Hot Utah IDF","Interior Douglas-fir","Dry Hot","Utah","Utah, E Nevada, W Colorado","IDF utz","USA","UT","","#DBE33CFF"
"504",252,"-","USA_2019","IDF","IDF","IDFdh","IDFdh_UT","Dry Hot Utah IDF","Interior Douglas-fir","Dry Hot","Utah","Utah, E Nevada, W Colorado","IDF utz","USA","UT","",""
"505",253,"+","USA_2019","IDF","IDF","IDFdh","IDFdh_WA","Dry Hot Washington IDF","Interior Douglas-fir","Dry Hot","Washington","NE Washington, NW Idaho","IDF dhy","USA","WA","","#DEEC18FF"
"506",253,"-","USA_2019","IDF","IDF","IDFdh","IDFdh_WA","Dry Hot Washington IDF","Interior Douglas-fir","Dry Hot","Washington","NE Washington, NW Idaho","IDF dhy","USA","WA","",""
"507",254,"+","BGCv11","IDF","IDF_cool","IDFdk","IDFdk1","Thompson Dry Cool IDF","Interior Douglas-fir","Dry Cool","Thompson","","","BC","BC","","#D7D768FF"
"508",254,"-","BGCv11","IDF","IDF_cool","IDFdk","IDFdk1","Thompson Dry Cool IDF","Interior Douglas-fir","Dry Cool","Thompson","","","BC","BC","",""
"509",255,"+","BGCv11","IDF","IDF_cool","IDFdk","IDFdk2","Cascade Dry Cool IDF","Interior Douglas-fir","Dry Cool","Cascade","","","BC","BC","","#CDC753FF"
"510",255,"-","BGCv11","IDF","IDF_cool","IDFdk","IDFdk2","Cascade Dry Cool IDF","Interior Douglas-fir","Dry Cool","Cascade","","","BC","BC","",""
"511",256,"+","BGCv11","IDF","IDF_cool","IDFdk","IDFdk3","Fraser Dry Cool IDF","Interior Douglas-fir","Dry Cool","Fraser","","","BC","BC","","#CDC553FF"
"512",256,"-","BGCv11","IDF","IDF_cool","IDFdk","IDFdk3","Fraser Dry Cool IDF","Interior Douglas-fir","Dry Cool","Fraser","","","BC","BC","",""
"513",257,"+","BGCv11","IDF","IDF_cool","IDFdk","IDFdk4","Chilcotin Dry Cool IDF","Interior Douglas-fir","Dry Cool","Chilcotin","","","BC","BC","","#EAE30EFF"
"514",257,"-","BGCv11","IDF","IDF_cool","IDFdk","IDFdk4","Chilcotin Dry Cool IDF","Interior Douglas-fir","Dry Cool","Chilcotin","","","BC","BC","",""
"515",258,"+","BGCv11","IDF","IDF_cool","IDFdk","IDFdk5","Columbia Dry Cool IDF","Interior Douglas-fir","Dry Cool","Columbia","","","BC","BC","","#E4E63EFF"
"516",258,"-","BGCv11","IDF","IDF_cool","IDFdk","IDFdk5","Columbia Dry Cool IDF","Interior Douglas-fir","Dry Cool","Columbia","","","BC","BC","",""
"517",259,"+","USA_2019","IDF","IDF_cool","IDFdk","IDFdk_MT","Dry Cool Montana IDF","Interior Douglas-fir","Dry Cool","Montana","W Montana","IDF dxz","USA","MT","","#D7E051FF"
"518",259,"-","USA_2019","IDF","IDF_cool","IDFdk","IDFdk_MT","Dry Cool Montana IDF","Interior Douglas-fir","Dry Cool","Montana","W Montana","IDF dxz","USA","MT","",""
"519",260,"+","USA_2019","IDF","IDF_cool","IDFdk","IDFdk_WA","Dry Cool Washington IDF","Interior Douglas-fir","Dry Cool","Washington","NC Washington","IDF dky","USA","WA","","#D0CC51FF"
"520",260,"-","USA_2019","IDF","IDF_cool","IDFdk","IDFdk_WA","Dry Cool Washington IDF","Interior Douglas-fir","Dry Cool","Washington","NC Washington","IDF dky","USA","WA","",""
"521",261,"+","USA_2019","IDF","IDF_cool","IDFdkx","IDFdkx_MT","Dry Cool/Mild Montana IDF","Interior Douglas-fir","Dry Cool Mild","Montana","SW Montana, S Idaho, NW Wyoming","","USA","MT","","#F2E81CFF"
"522",261,"-","USA_2019","IDF","IDF_cool","IDFdkx","IDFdkx_MT","Dry Cool/Mild Montana IDF","Interior Douglas-fir","Dry Cool Mild","Montana","SW Montana, S Idaho, NW Wyoming","","USA","MT","",""
"523",262,"+","BGCv11","IDF","IDF_meso","IDFdm","IDFdm1","Kettle Dry Mild IDF","Interior Douglas-fir","Dry Mild","Kettle","","","BC","BC","","#E9E56EFF"
"524",262,"-","BGCv11","IDF","IDF_meso","IDFdm","IDFdm1","Kettle Dry Mild IDF","Interior Douglas-fir","Dry Mild","Kettle","","","BC","BC","",""
"525",263,"+","BGCv11","IDF","IDF_meso","IDFdm","IDFdm2","Kootenay Dry Mild IDF","Interior Douglas-fir","Dry Mild","Kootenay","","","BC","BC","","#E9D924FF"
"526",263,"-","BGCv11","IDF","IDF_meso","IDFdm","IDFdm2","Kootenay Dry Mild IDF","Interior Douglas-fir","Dry Mild","Kootenay","","","BC","BC","",""
"527",264,"+","USA_2019","IDF","IDF_meso","IDFdm","IDFdm_MT","Dry Mild Montana IDF","Interior Douglas-fir","Dry Mild","Montana","NW Montana","IDF dmz","USA","MT","","#DBD679FF"
"528",264,"-","USA_2019","IDF","IDF_meso","IDFdm","IDFdm_MT","Dry Mild Montana IDF","Interior Douglas-fir","Dry Mild","Montana","NW Montana","IDF dmz","USA","MT","",""
"529",265,"+","USA_2019","IDF","IDF_meso","IDFdm","IDFdm_WA","Dry Mild Washington IDF","Interior Douglas-fir","Dry Mild","Washington","NE Washington","IDF dmy","USA","WA","","#D5D66CFF"
"530",265,"-","USA_2019","IDF","IDF_meso","IDFdm","IDFdm_WA","Dry Mild Washington IDF","Interior Douglas-fir","Dry Mild","Washington","NE Washington","IDF dmy","USA","WA","",""
"531",266,"+","BGCv11","IDF","IDF","IDFdw","IDFdw","Dry Warm IDF","Interior Douglas-fir","Dry Warm","","","","BC","BC","","#CEC622FF"
"532",266,"-","BGCv11","IDF","IDF","IDFdw","IDFdw","Dry Warm IDF","Interior Douglas-fir","Dry Warm","","","","BC","BC","",""
"533",267,"+","USA_2019","IDF","IDF","IDFdx","IDFdx_MT","Dry Very Hot Montana IDF","Interior Douglas-fir","Dry Very Hot","Montana","SW Montana, EC Idaho, NW Wyoming","IDF xxz","USA","MT","","#DAD974FF"
"534",267,"-","USA_2019","IDF","IDF","IDFdx","IDFdx_MT","Dry Very Hot Montana IDF","Interior Douglas-fir","Dry Very Hot","Montana","SW Montana, EC Idaho, NW Wyoming","IDF xxz","USA","MT","",""
"535",268,"+","USA_2019","IDF","IDF","IDFdxx","IDFdxx_WY","Dry Very Hot Wyoming IDF","Interior Douglas-fir","Dry Very Hot","Wyoming","NC & SE Wyoming, SC Montana","","USA","WY","","#E6C937FF"
"536",268,"-","USA_2019","IDF","IDF","IDFdxx","IDFdxx_WY","Dry Very Hot Wyoming IDF","Interior Douglas-fir","Dry Very Hot","Wyoming","NC & SE Wyoming, SC Montana","","USA","WY","",""
"537",269,"+","BGCv11","IDF","ICH_dry","IDFmw","IDFmw2","Thompson Moist Warm IDF","Interior Douglas-fir","Moist Warm","Thompson","","","BC","BC","","#DDD313FF"
"538",269,"-","BGCv11","IDF","ICH_dry","IDFmw","IDFmw2","Thompson Moist Warm IDF","Interior Douglas-fir","Moist Warm","Thompson","","","BC","BC","",""
"539",270,"+","BGCv11","IDF","IDF_meso","IDFww","IDFww","Wet Warm IDF","Interior Douglas-fir","Wet Warm","","","","BC","BC","","#E9E55CFF"
"540",270,"-","BGCv11","IDF","IDF_meso","IDFww","IDFww","Wet Warm IDF","Interior Douglas-fir","Wet Warm","","","","BC","BC","",""
"541",271,"+","BGCv11","IDF","IDF_hot","IDFxc","IDFxc","Very Dry Cold IDF","Interior Douglas-fir","Very Dry Cold","","","","BC","BC","","#CEC819FF"
"542",271,"-","BGCv11","IDF","IDF_hot","IDFxc","IDFxc","Very Dry Cold IDF","Interior Douglas-fir","Very Dry Cold","","","","BC","BC","",""
"543",272,"+","BGCv11","IDF","IDF_hot","IDFxh","IDFxh1","Okanagan Very Dry Hot IDF","Interior Douglas-fir","Very Dry Hot","Okanagan","","","BC","BC","","#E8E983FF"
"544",272,"-","BGCv11","IDF","IDF_hot","IDFxh","IDFxh1","Okanagan Very Dry Hot IDF","Interior Douglas-fir","Very Dry Hot","Okanagan","","","BC","BC","",""
"545",273,"+","BGCv11","IDF","IDF_hot","IDFxh","IDFxh2","Thompson Very Dry Hot IDF","Interior Douglas-fir","Very Dry Hot","Thompson","","","BC","BC","","#D7DA76FF"
"546",273,"-","BGCv11","IDF","IDF_hot","IDFxh","IDFxh2","Thompson Very Dry Hot IDF","Interior Douglas-fir","Very Dry Hot","Thompson","","","BC","BC","",""
"547",274,"+","USA_2019","IDF","IDF_hot","IDFxh","IDFxh_ID","Very Dry Hot Idaho IDF","Interior Douglas-fir","Very Dry Hot","Idaho","C Idaho, NE Oregon, SE Washington","IDF xhz","USA","ID","","#C1CB33FF"
"548",274,"-","USA_2019","IDF","IDF_hot","IDFxh","IDFxh_ID","Very Dry Hot Idaho IDF","Interior Douglas-fir","Very Dry Hot","Idaho","C Idaho, NE Oregon, SE Washington","IDF xhz","USA","ID","",""
"549",275,"+","USA_2023","IDF","IDF_hot","IDFxh","IDFxh_OR","Very Dry Hot Oregon IDF","Interior Douglas-fir","Very Dry Hot","Oregon","C & NE Oregon","","USA","OR","","#E8E818FF"
"550",275,"-","USA_2023","IDF","IDF_hot","IDFxh","IDFxh_OR","Very Dry Hot Oregon IDF","Interior Douglas-fir","Very Dry Hot","Oregon","C & NE Oregon","","USA","OR","",""
"551",276,"+","USA_2019","IDF","IDF_hot","IDFxh","IDFxh_WA","Very Dry Hot Washington IDF","Interior Douglas-fir","Very Dry Hot","Washington","NC & C Washington","IDF xhy","USA","WA","","#DFDF27FF"
"552",276,"-","USA_2019","IDF","IDF_hot","IDFxh","IDFxh_WA","Very Dry Hot Washington IDF","Interior Douglas-fir","Very Dry Hot","Washington","NC & C Washington","IDF xhy","USA","WA","",""
"553",277,"+","BGCv11","IDF","IDF_hot","IDFxk","IDFxk","Very Dry Cool IDF","Interior Douglas-fir","Very Dry Cool","","","","BC","BC","","#E0EC6DFF"
"554",277,"-","BGCv11","IDF","IDF_hot","IDFxk","IDFxk","Very Dry Cool IDF","Interior Douglas-fir","Very Dry Cool","","","","BC","BC","",""
"555",278,"+","BGCv11","IDF","IDF_hot","IDFxm","IDFxm","Very Dry Mild IDF","Interior Douglas-fir","Very Dry Mild","","","","BC","BC","","#E0EC6DFF"
"556",278,"-","BGCv11","IDF","IDF_hot","IDFxm","IDFxm","Very Dry Mild IDF","Interior Douglas-fir","Very Dry Mild","","","","BC","BC","",""
"557",279,"+","USA_2019","IDF","IDF_hot","IDFxm","IDFxm_CO","Very Dry Mild Colorado IDF","Interior Douglas-fir","Very Dry Mild","Colorado","W & C Colorado [SE Wyoming]","IDF coz","USA","CO","","#D4CF29FF"
"558",279,"-","USA_2019","IDF","IDF_hot","IDFxm","IDFxm_CO","Very Dry Mild Colorado IDF","Interior Douglas-fir","Very Dry Mild","Colorado","W & C Colorado [SE Wyoming]","IDF coz","USA","CO","",""
"559",280,"+","BGCv11","IDF","IDF_hot","IDFxw","IDFxw","Very Dry Warm IDF","Interior Douglas-fir","Very Dry Warm","","","IDF xw","BC","BC","","#E8E785FF"
"560",280,"-","BGCv11","IDF","IDF_hot","IDFxw","IDFxw","Very Dry Warm IDF","Interior Douglas-fir","Very Dry Warm","","","IDF xw","BC","BC","",""
"561",281,"+","BGCv12","IDF","IDF_hot","IDFxx","IDFxx1","Kettle Very Hot Very Dry IDF","Interior Douglas-fir","Very Hot Very Dry","Kettle","","","BC","BC","","#C8C654FF"
"562",281,"-","BGCv12","IDF","IDF_hot","IDFxx","IDFxx1","Kettle Very Hot Very Dry IDF","Interior Douglas-fir","Very Hot Very Dry","Kettle","","","BC","BC","",""
"563",282,"+","BGCv11","IDF","IDF_hot","IDFxx","IDFxx2","Kootenay Very Dry Very Hot  IDF","Interior Douglas-fir","Very Dry Very Hot ","Kootenay","","","BC","BC","","#EDED2AFF"
"564",282,"-","BGCv11","IDF","IDF_hot","IDFxx","IDFxx2","Kootenay Very Dry Very Hot  IDF","Interior Douglas-fir","Very Dry Very Hot ","Kootenay","","","BC","BC","",""
"565",283,"+","USA_2019","IDF","IDF_hot","IDFxx","IDFxx_MT","Very Dry Very Hot Montana IDF","Interior Douglas-fir","Very Dry Very Hot","Montana","NW Montana","IDF xxy","USA","MT","","#E0DF7DFF"
"566",283,"-","USA_2019","IDF","IDF_hot","IDFxx","IDFxx_MT","Very Dry Very Hot Montana IDF","Interior Douglas-fir","Very Dry Very Hot","Montana","NW Montana","IDF xxy","USA","MT","",""
"567",284,"+","USA_2019","IDF","IDF_hot","IDFxx","IDFxx_WA","Very Dry Very Hot Washington IDF","Interior Douglas-fir","Very Dry Very Hot","Washington","SC Washington & NC Oregon","IDF xyz","USA","WA","","#C3C82CFF"
"568",284,"-","USA_2019","IDF","IDF_hot","IDFxx","IDFxx_WA","Very Dry Very Hot Washington IDF","Interior Douglas-fir","Very Dry Very Hot","Washington","SC Washington & NC Oregon","IDF xyz","USA","WA","",""
"569",285,"+","USA_2019","IGF","IGF_meso","IGFdk","IGFdk_WA","Dry Cool Washington IGF","Interior Grand Fir","Dry Cool","Washington","WC Washington","IGF dmz","USA","WA","","#479EDCFF"
"570",285,"-","USA_2019","IGF","IGF_meso","IGFdk","IGFdk_WA","Dry Cool Washington IGF","Interior Grand Fir","Dry Cool","Washington","WC Washington","IGF dmz","USA","WA","",""
"571",286,"+","USA_2019","IGF","IGF_dry","IGFdw","IGFdw_OR","Dry Warm Oregon IGF","Interior Grand Fir","Dry Warm","Oregon","NC Oregon & SC Washington","IGF mwz","USA","OR","","#4C9EDCFF"
"572",286,"-","USA_2019","IGF","IGF_dry","IGFdw","IGFdw_OR","Dry Warm Oregon IGF","Interior Grand Fir","Dry Warm","Oregon","NC Oregon & SC Washington","IGF mwz","USA","OR","",""
"573",287,"+","USA_2019","IGF","IGF_meso","IGFmh","IGFmh_OR","Moist Hot Oregon IGF","Interior Grand Fir","Moist Hot","Oregon","NE Oregon","","USA","OR","","#479FE7FF"
"574",287,"-","USA_2019","IGF","IGF_meso","IGFmh","IGFmh_OR","Moist Hot Oregon IGF","Interior Grand Fir","Moist Hot","Oregon","NE Oregon","","USA","OR","",""
"575",288,"+","USA_2019","IGF","IGF_meso","IGFmm","IGFmm_OR","Moist Mild Oregon IGF","Interior Grand Fir","Moist Mild","Oregon","NE Oregon, C & NW Idaho, SE Washington","IGF mmz","USA","OR","","#81B8D8FF"
"576",288,"-","USA_2019","IGF","IGF_meso","IGFmm","IGFmm_OR","Moist Mild Oregon IGF","Interior Grand Fir","Moist Mild","Oregon","NE Oregon, C & NW Idaho, SE Washington","IGF mmz","USA","OR","",""
"577",289,"+","USA_2019","IGF","IGF_dry","IGFxm","IGFxm_OR","Very Dry Mild Oregon IGF","Interior Grand Fir","Very Dry Mild","Oregon","NE Oregon, C & NW Idaho, SE Washington","","USA","OR","","#ACD9E5FF"
"578",289,"-","USA_2019","IGF","IGF_dry","IGFxm","IGFxm_OR","Very Dry Mild Oregon IGF","Interior Grand Fir","Very Dry Mild","Oregon","NE Oregon, C & NW Idaho, SE Washington","","USA","OR","",""
"579",290,"+","AB_2018","IMA","IMA","IMAab","IMAab","Alberta IMA","Interior Mountain-heather Alpine","Alberta","","Alberta Rocky Mountains","AT  ab","AB","AB","","#DFF8F1FF"
"580",290,"-","AB_2018","IMA","IMA","IMAab","IMAab","Alberta IMA","Interior Mountain-heather Alpine","Alberta","","Alberta Rocky Mountains","AT  ab","AB","AB","",""
"581",291,"+","BGCv11","IMA","IMA","IMAun","IMAun","Undifferentiated IMA","Interior Mountain-heather Alpine","Undifferentiated","","","","BC","BC","","#E9E4F4FF"
"582",291,"-","BGCv11","IMA","IMA","IMAun","IMAun","Undifferentiated IMA","Interior Mountain-heather Alpine","Undifferentiated","","","","BC","BC","",""
"583",292,"+","USA_2019","IMA","IMA","IMAun","IMAun_CO","Colorado IMA","Interior Mountain-heather Alpine","","Colorado","E Utah & W Colorado","IMA us","USA","CO","","#EAEAD9FF"
"584",292,"-","USA_2019","IMA","IMA","IMAun","IMAun_CO","Colorado IMA","Interior Mountain-heather Alpine","","Colorado","E Utah & W Colorado","IMA us","USA","CO","",""
"585",293,"+","USA_2023","IMA","IMA","IMAun","IMAun_ID","Idaho IMA","Interior Mountain-heather Alpine","","Idaho","C & EC Idaho","IMA us","USA","WY","","#E7DDD2FF"
"586",293,"-","USA_2023","IMA","IMA","IMAun","IMAun_ID","Idaho IMA","Interior Mountain-heather Alpine","","Idaho","C & EC Idaho","IMA us","USA","WY","",""
"587",294,"+","USA_2019","IMA","IMA","IMAun","IMAun_MT","Montana IMA","Interior Mountain-heather Alpine","","Montana","W Montana","IMA us","USA","MT","","#E5E9F3FF"
"588",294,"-","USA_2019","IMA","IMA","IMAun","IMAun_MT","Montana IMA","Interior Mountain-heather Alpine","","Montana","W Montana","IMA us","USA","MT","",""
"589",295,"+","USA_2023","IMA","IMA","IMAun","IMAun_OR","Oregon IMA","Interior Mountain-heather Alpine","","Oregon","NE Oregon & WC Idaho","IMA us","USA","WY","","#DAE9EBFF"
"590",295,"-","USA_2023","IMA","IMA","IMAun","IMAun_OR","Oregon IMA","Interior Mountain-heather Alpine","","Oregon","NE Oregon & WC Idaho","IMA us","USA","WY","",""
"591",296,"+","USA_2019","IMA","IMA","IMAun","IMAun_WA","Washington IMA","Interior Mountain-heather Alpine","","Washington","WC Washington","IMA us","USA","WA","","#F2EFFEFF"
"592",296,"-","USA_2019","IMA","IMA","IMAun","IMAun_WA","Washington IMA","Interior Mountain-heather Alpine","","Washington","WC Washington","IMA us","USA","WA","",""
"593",297,"+","USA_2019","IMA","IMA","IMAun","IMAun_WY","Wyoming IMA","Interior Mountain-heather Alpine","","Wyoming","WC Wyoming, EC Idaho, & SW Montana","IMA us","USA","WY","","#EBF3F3FF"
"594",297,"-","USA_2019","IMA","IMA","IMAun","IMAun_WY","Wyoming IMA","Interior Mountain-heather Alpine","","Wyoming","WC Wyoming, EC Idaho, & SW Montana","IMA us","USA","WY","",""
"595",298,"+","BGCv11","IMA","IMA","IMAunp","IMAunp","Undifferentiated and Parkland IMA","Interior Mountain-heather Alpine","Undifferentiated and Parkland","","","","BC","BC","","#EDECE1FF"
"596",298,"-","BGCv11","IMA","IMA","IMAunp","IMAunp","Undifferentiated and Parkland IMA","Interior Mountain-heather Alpine","Undifferentiated and Parkland","","","","BC","BC","",""
"597",299,"+","USA_2019","IWF","IWF","IWFdm","IWFdm_CO","Dry Mild Colorado IWF","Interior White Fir","Dry Mild","Colorado","SW & SC Colorado","IWF cow","USA","CO","","#1BD79CFF"
"598",299,"-","USA_2019","IWF","IWF","IWFdm","IWFdm_CO","Dry Mild Colorado IWF","Interior White Fir","Dry Mild","Colorado","SW & SC Colorado","IWF cow","USA","CO","",""
"599",300,"+","USA_2019","IWF","IWF","IWFdw","IWFdw_OR","Dry Warm Oregon IWF","Interior White Fir","Dry Warm","Oregon","SC Oregon, NE California","IWF dcz","USA","OR","","#77D0ADFF"
"600",300,"-","USA_2019","IWF","IWF","IWFdw","IWFdw_OR","Dry Warm Oregon IWF","Interior White Fir","Dry Warm","Oregon","SC Oregon, NE California","IWF dcz","USA","OR","",""
"601",301,"+","USA_2019","IWF","IWF","IWFxk","IWFxk_NV","Very Dry Cool Nevada IWF","Interior White Fir","Very Dry Cool","Nevada","E Nevada","","USA","NV","","#3AE3A8FF"
"602",301,"-","USA_2019","IWF","IWF","IWFxk","IWFxk_NV","Very Dry Cool Nevada IWF","Interior White Fir","Very Dry Cool","Nevada","E Nevada","","USA","NV","",""
"603",302,"+","USA_2019","IWF","IWF","IWFxm","IWFxm_CA","Very Dry Mild Nevada IWF","Interior White Fir","Very Dry Mild","Nevada","NE California, W Nevada, near Lake Tahoe","IWF nvy","USA","NV","","#20DC85FF"
"604",302,"-","USA_2019","IWF","IWF","IWFxm","IWFxm_CA","Very Dry Mild Nevada IWF","Interior White Fir","Very Dry Mild","Nevada","NE California, W Nevada, near Lake Tahoe","IWF nvy","USA","NV","",""
"605",303,"+","USA_2019","MDCH","MDCH","MDCHun","MDCHun_NV","Nevada MDCH","Madrean Chaparral","","Nevada","SE Nevada, SW Utah [NW & C Arizona]","MDCH un","USA","NV","","#BD2F12FF"
"606",303,"-","USA_2019","MDCH","MDCH","MDCHun","MDCHun_NV","Nevada MDCH","Madrean Chaparral","","Nevada","SE Nevada, SW Utah [NW & C Arizona]","MDCH un","USA","NV","",""
"607",304,"+","AB_2018","MGP","MGP","MGPdm","MGPdm","Dry Mixed Grass MGP","Mixed-grass Prairie","Dry Mixed Grass","","Alberta","FF  dm","USA","MT","","#BB8027FF"
"608",304,"-","AB_2018","MGP","MGP","MGPdm","MGPdm","Dry Mixed Grass MGP","Mixed-grass Prairie","Dry Mixed Grass","","Alberta","FF  dm","USA","MT","",""
"609",305,"+","AB_2018","MGP","MGP","MGPmg","MGPmg","Mixed Grass MGP","Mixed-grass Prairie","Mixed Grass","","Alberta","FF  mg","USA","MT","","#BB8F3DFF"
"610",305,"-","AB_2018","MGP","MGP","MGPmg","MGPmg","Mixed Grass MGP","Mixed-grass Prairie","Mixed Grass","","Alberta","FF  mg","USA","MT","",""
"611",306,"+","USA_2019","MGP","MGP","MGPmw","MGPmw_MT","Moist Warm Montana MGP","Mixed-grass Prairie","Moist Warm","Montana","N & E Montana, E Wyoming, C & NC Colorado","MGP un","USA","MT","","#A76E1FFF"
"612",306,"-","USA_2019","MGP","MGP","MGPmw","MGPmw_MT","Moist Warm Montana MGP","Mixed-grass Prairie","Moist Warm","Montana","N & E Montana, E Wyoming, C & NC Colorado","MGP un","USA","MT","",""
"613",307,"+","USA_2019","MHRF","MHRF","MHRFdm","MHRFdm_OR","Dry Maritime Oregon MHRF","Mountain Hemlock – Shasta Red Fir","Dry Maritime","Oregon","SW Oregon, N California","MHRFmmz","USA","OR","","#74477AFF"
"614",307,"-","USA_2019","MHRF","MHRF","MHRFdm","MHRFdm_OR","Dry Maritime Oregon MHRF","Mountain Hemlock – Shasta Red Fir","Dry Maritime","Oregon","SW Oregon, N California","MHRFmmz","USA","OR","",""
"615",308,"+","USA_2026","MHRF","MHRF","MHRFdmp","MHRFdmp_OR","Dry Maritime Oregon Parkland MHRF","Mountain Hemlock – Shasta Red Fir","Dry Maritime","OR","SW Oregon, N California","","USA","OR","","#7a485cff"
"616",308,"-","USA_2026","MHRF","MHRF","MHRFdmp","MHRFdmp_OR","Dry Maritime Oregon Parkland MHRF","Mountain Hemlock – Shasta Red Fir","Dry Maritime","OR","SW Oregon, N California","","USA","OR","",""
"617",309,"+","USA_2019","MHRF","MHRF","MHRFds","MHRFds_CA","Dry Submaritime California MHRF","Mountain Hemlock – Shasta Red Fir","Dry Submaritime","California","SW Oregon, N & EC California","MHRFmsz","USA","CA","","#80718AFF"
"618",309,"-","USA_2019","MHRF","MHRF","MHRFds","MHRFds_CA","Dry Submaritime California MHRF","Mountain Hemlock – Shasta Red Fir","Dry Submaritime","California","SW Oregon, N & EC California","MHRFmsz","USA","CA","",""
"619",310,"+","USA_2026","MHRF","MHRF","MHRFdsp","MHRFdsp_CA","Dry Submaritime California Parkland MHRF","Mountain Hemlock – Shasta Red Fir","Dry Submaritime","CA","SW Oregon, N & EC California","","USA","CA","","#602B83FF"
"620",310,"-","USA_2026","MHRF","MHRF","MHRFdsp","MHRFdsp_CA","Dry Submaritime California Parkland MHRF","Mountain Hemlock – Shasta Red Fir","Dry Submaritime","CA","SW Oregon, N & EC California","","USA","CA","",""
"621",311,"+","USA_2019","MHRF","MHRF","MHRFmm","MHRFmm_OR","Moist Maritime Oregon MHRF","Mountain Hemlock – Shasta Red Fir","Moist Maritime","Oregon","SW Oregon","MHRFwmz","USA","OR","","#805FB2FF"
"622",311,"-","USA_2019","MHRF","MHRF","MHRFmm","MHRFmm_OR","Moist Maritime Oregon MHRF","Mountain Hemlock – Shasta Red Fir","Moist Maritime","Oregon","SW Oregon","MHRFwmz","USA","OR","",""
"623",312,"+","USA_2026","MHRF","MHRF","MHRFmmp","MHRFmmp_OR","Moist Maritime Oregon Parkland MHRF","Mountain Hemlock – Shasta Red Fir","Moist Maritime","OR","SW Oregon","","USA","OR","","#5D1CD6FF"
"624",312,"-","USA_2026","MHRF","MHRF","MHRFmmp","MHRFmmp_OR","Moist Maritime Oregon Parkland MHRF","Mountain Hemlock – Shasta Red Fir","Moist Maritime","OR","SW Oregon","","USA","OR","",""
"625",313,"+","USA_2019","MH","MH_maritime","MHdm","MHdm_OR","Dry Maritime Oregon MH","Mountain Hemlock","Dry Maritime","Oregon","NW & WC Oregon","MH  dmz","USA","OR","","#7F0FEFFF"
"626",313,"-","USA_2019","MH","MH_maritime","MHdm","MHdm_OR","Dry Maritime Oregon MH","Mountain Hemlock","Dry Maritime","Oregon","NW & WC Oregon","MH  dmz","USA","OR","",""
"627",314,"+","USA_2026","MH","MH_maritme","MHdmp","MHdmp_OR","Dry Maritime Oregon Parkland MH","Mountain Hemlock","Dry Maritime","OR","NW & WC Oregon","","USA","OR","","#710fefff  "
"628",314,"-","USA_2026","MH","MH_maritme","MHdmp","MHdmp_OR","Dry Maritime Oregon Parkland MH","Mountain Hemlock","Dry Maritime","OR","NW & WC Oregon","","USA","OR","",""
"629",315,"+","USA_2019","MH","MH_submaritme","MHds","MHds_OR","Dry Submaritime Oregon MH","Mountain Hemlock","Dry Submaritime","Oregon","W Oregon","MH  dsz","USA","OR","","#9A4DECFF"
"630",315,"-","USA_2019","MH","MH_submaritme","MHds","MHds_OR","Dry Submaritime Oregon MH","Mountain Hemlock","Dry Submaritime","Oregon","W Oregon","MH  dsz","USA","OR","",""
"631",316,"+","USA_2019","MH","MH_submaritme","MHds","MHds_WA","Dry Submaritime Washington MH","Mountain Hemlock","Dry Submaritime","Washinton","SW Washington","MH  dsz","USA","WA","","#8D5A99FF"
"632",316,"-","USA_2019","MH","MH_submaritme","MHds","MHds_WA","Dry Submaritime Washington MH","Mountain Hemlock","Dry Submaritime","Washinton","SW Washington","MH  dsz","USA","WA","",""
"633",317,"+","BGCv11","MH","MH_maritime","MHmm","MHmm1","Windward Moist Maritime MH","Mountain Hemlock","Moist Maritime","Windward","","","BC","BC","","#A75FEFFF"
"634",317,"-","BGCv11","MH","MH_maritime","MHmm","MHmm1","Windward Moist Maritime MH","Mountain Hemlock","Moist Maritime","Windward","","","BC","BC","",""
"635",318,"+","BGCv11","MH","MH_submaritme","MHmm","MHmm2","Leeward Moist Maritime MH","Mountain Hemlock","Moist Maritime","Leeward","","","BC","BC","","#984FCBFF"
"636",318,"-","BGCv11","MH","MH_submaritme","MHmm","MHmm2","Leeward Moist Maritime MH","Mountain Hemlock","Moist Maritime","Leeward","","","BC","BC","",""
"637",319,"+","USA_2019","MH","MH_maritime","MHmm","MHmm_WA","Moist Maritime Washington MH","Mountain Hemlock","Moist Maritime","Washington","W Washington","MH  mmz","USA","WA","","#901B92FF"
"638",319,"-","USA_2019","MH","MH_maritime","MHmm","MHmm_WA","Moist Maritime Washington MH","Mountain Hemlock","Moist Maritime","Washington","W Washington","MH  mmz","USA","WA","",""
"639",320,"+","BGCv11","MH","MH_maritime","MHmmp","MHmmp","Moist Maritime Parkland MH","Mountain Hemlock","Moist Maritime Parkland","","","","BC","BC","","#9A6BCDFF"
"640",320,"-","BGCv11","MH","MH_maritime","MHmmp","MHmmp","Moist Maritime Parkland MH","Mountain Hemlock","Moist Maritime Parkland","","","","BC","BC","",""
"641",321,"+","USA_2026","MH","MH_maritme","MHmmp","MHmmp_WA","Moist Maritime Washington Parkland MH","Mountain Hemlock","Moist Maritime","WA","W Washington","","USA","WA","","#C77DE7FF"
"642",321,"-","USA_2026","MH","MH_maritme","MHmmp","MHmmp_WA","Moist Maritime Washington Parkland MH","Mountain Hemlock","Moist Maritime","WA","W Washington","","USA","WA","",""
"643",322,"+","BGCv13","MH","MH_submaritme","MHms","MHms","Moist Submaritime MH","Mountain Hemlock","Moist Submaritime","","","","BC","BC","","#876F9BFF"
"644",322,"+","BGCv13","MH","MH_submaritme","MHms","MHms","Moist Submaritime MH","Mountain Hemlock","Moist Submaritime","","","","BC","BC","","#76488BFF"
"645",322,"-","BGCv13","MH","MH_submaritme","MHms","MHms","Moist Submaritime MH","Mountain Hemlock","Moist Submaritime","","","","BC","BC","",""
"646",323,"+","USA_2019","MH","MH_submaritme","MHms","MHms_WA","Moist Submaritime Washington MH","Mountain Hemlock","Moist Submaritime","Washington","NW & WC Washington","MH  msz","USA","WA","","#A14EE4FF"
"647",323,"-","USA_2019","MH","MH_submaritme","MHms","MHms_WA","Moist Submaritime Washington MH","Mountain Hemlock","Moist Submaritime","Washington","NW & WC Washington","MH  msz","USA","WA","",""
"648",324,"+","BGCv13","MH","MH_submaritme","MHmsp","MHmsp","Moist Submaritime Parkland MH","Mountain Hemlock","Moist Submaritime Parkland","","","","BC","BC","","#DBC5E3FF"
"649",324,"-","BGCv13","MH","MH_submaritme","MHmsp","MHmsp","Moist Submaritime Parkland MH","Mountain Hemlock","Moist Submaritime Parkland","","","","BC","BC","",""
"650",325,"+","USA_2026","MH","MH_submaritme","MHmsp","MHmsp_WA","Moist Submaritime Washington Parkland MH","Mountain Hemlock","Moist Submaritime","WA","NW & WC Washington","","USA","WA","","#B849E0FF"
"651",325,"-","USA_2026","MH","MH_submaritme","MHmsp","MHmsp_WA","Moist Submaritime Washington Parkland MH","Mountain Hemlock","Moist Submaritime","WA","NW & WC Washington","","USA","WA","",""
"652",326,"+","BGCv13","MH","","MHun","MHun1","Undifferentiated Stikine MH","Mountain Hemlock","Undifferentiated","Stikine ",NA,"Mhun","BC","BC",NA,"#924DD3FF"
"653",326,"-","BGCv13","MH","","MHun","MHun1","Undifferentiated Stikine MH","Mountain Hemlock","Undifferentiated","Stikine ",NA,"Mhun","BC","BC",NA,""
"654",327,"+","BGCv11","MH","MH_submaritme","MHunp","MHunp","Undifferentiated Parkland MH","Mountain Hemlock","Undifferentiated Parkland","","","","BC","BC","","#A748DAFF"
"655",327,"-","BGCv11","MH","MH_submaritme","MHunp","MHunp","Undifferentiated Parkland MH","Mountain Hemlock","Undifferentiated Parkland","","","","BC","BC","",""
"656",328,"+","BGCv13","MH","MH_maritime","MHvh","MHvh","Very Wet Hypermaritime MH","Mountain Hemlock","Very Wet Hypermaritime","","","","BC","BC","","#7340A2FF"
"657",328,"-","BGCv13","MH","MH_maritime","MHvh","MHvh","Very Wet Hypermaritime MH","Mountain Hemlock","Very Wet Hypermaritime","","","","BC","BC","",""
"658",329,"+","BGCv13","MH","MH_maritime","MHvhp","MHvhp","Very Wet Hypermaritime Parkland MH","Mountain Hemlock","Very Wet Hypermaritime Parkland","","","","BC","BC","","#B38DCDFF"
"659",329,"-","BGCv13","MH","MH_maritime","MHvhp","MHvhp","Very Wet Hypermaritime Parkland MH","Mountain Hemlock","Very Wet Hypermaritime Parkland","","","","BC","BC","",""
"660",330,"+","BGCv11","MH","MH_maritime","MHwh","MHwh","Wet Hypermaritime MH","Mountain Hemlock","Wet Hypermaritime","","","","BC","BC","","#B969D8FF"
"661",330,"-","BGCv11","MH","MH_maritime","MHwh","MHwh","Wet Hypermaritime MH","Mountain Hemlock","Wet Hypermaritime","","","","BC","BC","",""
"662",331,"+","BGCv11","MH","MH_maritime","MHwhp","MHwhp","Wet Hypermaritime Parkland MH","Mountain Hemlock","Wet Hypermaritime Parkland","","","","BC","BC","","#BB53EFFF"
"663",331,"-","BGCv11","MH","MH_maritime","MHwhp","MHwhp","Wet Hypermaritime Parkland MH","Mountain Hemlock","Wet Hypermaritime Parkland","","","","BC","BC","",""
"664",332,"+","USA_2021","MMM","MMM","MMMdk","MMMdk_NV","Dry Cool Nevada MMM"," Montane Mountain Mahogany ","Dry Cool","Nevada","C & N Nevada","","USA","NV","","#C43C39FF"
"665",332,"-","USA_2021","MMM","MMM","MMMdk","MMMdk_NV","Dry Cool Nevada MMM"," Montane Mountain Mahogany ","Dry Cool","Nevada","C & N Nevada","","USA","NV","",""
"666",333,"+","USA_2019","MSSD","MSSD","MSSDun","MSSDun_NV","Nevada MSSD","Mojave – Sonoran Semi-Desert","","Nevada","SE California, S Nevada","MSSD un","USA","NV","","#807474FF"
"667",333,"-","USA_2019","MSSD","MSSD","MSSDun","MSSDun_NV","Nevada MSSD","Mojave – Sonoran Semi-Desert","","Nevada","SE California, S Nevada","MSSD un","USA","NV","",""
"668",334,"+","AB_2020","MS","MS_meso","MSab","MSabN","Northern Alberta North MS","Montane Spruce","Alberta North","Northern","SW Alberta","MSFPab","AB","AB","","#D53C55FF"
"669",334,"-","AB_2020","MS","MS_meso","MSab","MSabN","Northern Alberta North MS","Montane Spruce","Alberta North","Northern","SW Alberta","MSFPab","AB","AB","",""
"670",335,"+","AB_2020","MS","MS_meso","MSab","MSabS","Southern Alberta South MS","Montane Spruce","Alberta South","Southern","SW Alberta","MSFPab","AB","AB","","#CA2859FF"
"671",335,"-","AB_2020","MS","MS_meso","MSab","MSabS","Southern Alberta South MS","Montane Spruce","Alberta South","Southern","SW Alberta","MSFPab","AB","AB","",""
"672",336,"+","BGCv11","MS","MS_meso","MSdc","MSdc1","Cayoosh Dry Cold MS","Montane Spruce","Dry Cold","Cayoosh","","","BC","BC","","#E760AFFF"
"673",336,"-","BGCv11","MS","MS_meso","MSdc","MSdc1","Cayoosh Dry Cold MS","Montane Spruce","Dry Cold","Cayoosh","","","BC","BC","",""
"674",337,"+","BGCv11","MS","MS_meso","MSdc","MSdc2","Tatlayoko Dry Cold MS","Montane Spruce","Dry Cold","Tatlayoko","","","BC","BC","","#F066E0FF"
"675",337,"-","BGCv11","MS","MS_meso","MSdc","MSdc2","Tatlayoko Dry Cold MS","Montane Spruce","Dry Cold","Tatlayoko","","","BC","BC","",""
"676",338,"+","BGCv11","MS","MS_meso","MSdc","MSdc3","Tyaughton Dry Cold MS","Montane Spruce","Dry Cold","Tyaughton","","","BC","BC","","#CF2C5DFF"
"677",338,"-","BGCv11","MS","MS_meso","MSdc","MSdc3","Tyaughton Dry Cold MS","Montane Spruce","Dry Cold","Tyaughton","","","BC","BC","",""
"678",339,"+","USA_2019","MS","MS_meso","MSdh","MSdh_MT","Dry Hot Montana MS","Montane Spruce ","Dry Hot","Montana","W Montana [EC Idaho]","","USA","MT","","#E6858BFF"
"679",339,"-","USA_2019","MS","MS_meso","MSdh","MSdh_MT","Dry Hot Montana MS","Montane Spruce ","Dry Hot","Montana","W Montana [EC Idaho]","","USA","MT","",""
"680",340,"+","USA_2019","MS","MS_meso","MSdh","MSdh_UT","Dry Hot Utah MS","Montane Spruce ","Dry Hot","Utah","Utah, E Nevada [W Colorado]","MS  utz","USA","UT","","#D158A1FF"
"681",340,"-","USA_2019","MS","MS_meso","MSdh","MSdh_UT","Dry Hot Utah MS","Montane Spruce ","Dry Hot","Utah","Utah, E Nevada [W Colorado]","MS  utz","USA","UT","",""
"682",341,"+","USA_2019","MS","MS_meso","MSdh","MSdh_WY","Dry Hot Wyoming MS","Montane Spruce ","Dry Hot","Wyoming","SE Idaho, SW Montana, W Wyoming","MS  xxz","USA","WY","","#E02DABFF"
"683",341,"-","USA_2019","MS","MS_meso","MSdh","MSdh_WY","Dry Hot Wyoming MS","Montane Spruce ","Dry Hot","Wyoming","SE Idaho, SW Montana, W Wyoming","MS  xxz","USA","WY","",""
"684",342,"+","BGCv11","MS","MS_meso","MSdk","MSdk","Dry Cool MS","Montane Spruce","Dry Cool","","","","BC","BC","","#D23E90FF"
"685",342,"-","BGCv11","MS","MS_meso","MSdk","MSdk","Dry Cool MS","Montane Spruce","Dry Cool","","","","BC","BC","",""
"686",343,"+","USA_2019","MS","MS_meso","MSdk","MSdk_CO","Dry Cool Colorado MS","Montane Spruce ","Dry Cool","Colorado","SW & SC Colorado","MS  cow","USA","CO","","#E50F6FFF"
"687",343,"-","USA_2019","MS","MS_meso","MSdk","MSdk_CO","Dry Cool Colorado MS","Montane Spruce ","Dry Cool","Colorado","SW & SC Colorado","MS  cow","USA","CO","",""
"688",344,"+","BGCv11","MS","MS_meso","MSdm","MSdm1","Okanagan Dry Mild MS","Montane Spruce","Dry Mild","Okanagan","","","BC","BC","","#E03A7AFF"
"689",344,"-","BGCv11","MS","MS_meso","MSdm","MSdm1","Okanagan Dry Mild MS","Montane Spruce","Dry Mild","Okanagan","","","BC","BC","",""
"690",345,"+","BGCv11","MS","MS_meso","MSdm","MSdm2","Cascade Dry Mild MS","Montane Spruce","Dry Mild","Cascade","","","BC","BC","","#DB4FB8FF"
"691",345,"-","BGCv11","MS","MS_meso","MSdm","MSdm2","Cascade Dry Mild MS","Montane Spruce","Dry Mild","Cascade","","","BC","BC","",""
"692",346,"+","BGCv11","MS","MS_meso","MSdm","MSdm3","North Thompson Dry Mild MS","Montane Spruce","Dry Mild","North Thompson","","","BC","BC","","#D12785FF"
"693",346,"-","BGCv11","MS","MS_meso","MSdm","MSdm3","North Thompson Dry Mild MS","Montane Spruce","Dry Mild","North Thompson","","","BC","BC","",""
"694",347,"+","USA_2019","MS","MS_meso","MSdm","MSdm_WA","Dry Mild Washington MS","Montane Spruce ","Dry Mild","Washington","NC & NE Washington","MS  dmz","USA","WA","","#E03F9DFF"
"695",347,"-","USA_2019","MS","MS_meso","MSdm","MSdm_WA","Dry Mild Washington MS","Montane Spruce ","Dry Mild","Washington","NC & NE Washington","MS  dmz","USA","WA","",""
"696",348,"+","BGCv11","MS","MS_meso","MSdv","MSdv","Dry Very Cold MS","Montane Spruce","Dry Very Cold","","","","BC","BC","","#DC70AFFF"
"697",348,"-","BGCv11","MS","MS_meso","MSdv","MSdv","Dry Very Cold MS","Montane Spruce","Dry Very Cold","","","","BC","BC","",""
"698",349,"+","BGCv11","MS","MS_meso","MSdw","MSdw","Dry Warm MS","Montane Spruce","Dry Warm","","","","BC","BC","","#C96CAAFF"
"699",349,"-","BGCv11","MS","MS_meso","MSdw","MSdw","Dry Warm MS","Montane Spruce","Dry Warm","","","","BC","BC","",""
"700",350,"+","USA_2019","MS","MS_meso","MSdw","MSdw_MT","Dry Warm Montana MS","Montane Spruce ","Dry Warm","Montana","NW Montana","MS  dwz","USA","MT","","#DD0EA6FF"
"701",350,"-","USA_2019","MS","MS_meso","MSdw","MSdw_MT","Dry Warm Montana MS","Montane Spruce ","Dry Warm","Montana","NW Montana","MS  dwz","USA","MT","",""
"702",351,"+","USA_2019","MS","MS_meso","MSmm","MSmm_ID","Moist Mild Idaho MS","Montane Spruce ","Moist Mild","Idaho","C Idaho, WC Montana","MS  xmz","USA","ID","","#DF49C9FF"
"703",351,"-","USA_2019","MS","MS_meso","MSmm","MSmm_ID","Moist Mild Idaho MS","Montane Spruce ","Moist Mild","Idaho","C Idaho, WC Montana","MS  xmz","USA","ID","",""
"704",352,"+","BGCv13","MS","","MSun","MSun1","Undifferentiated Central Coast MS","Montane Spruce","Undifferentiated"," Central Coast",NA,"MSun","BC","BC",NA,"#E15989FF"
"705",352,"-","BGCv13","MS","","MSun","MSun1","Undifferentiated Central Coast MS","Montane Spruce","Undifferentiated"," Central Coast",NA,"MSun","BC","BC",NA,""
"706",353,"+","USA_2019","MS","MS_dry","MSxh","MSxh_OR","Very Dry Hot Oregon MS","Montane Spruce ","Very Dry Hot","Oregon","NE Oregon, SE Washington","MS  xcy","USA","OR","","#D266AEFF"
"707",353,"-","USA_2019","MS","MS_dry","MSxh","MSxh_OR","Very Dry Hot Oregon MS","Montane Spruce ","Very Dry Hot","Oregon","NE Oregon, SE Washington","MS  xcy","USA","OR","",""
"708",354,"+","BGCv11","MS","MS_dry","MSxk","MSxk1","Similkameen Very Dry Cool MS","Montane Spruce","Very Dry Cool","Similkameen","","","BC","BC","","#DF82E3FF"
"709",354,"-","BGCv11","MS","MS_dry","MSxk","MSxk1","Similkameen Very Dry Cool MS","Montane Spruce","Very Dry Cool","Similkameen","","","BC","BC","",""
"710",355,"+","BGCv11","MS","MS_dry","MSxk","MSxk2","South Thompson Very Dry Cool MS","Montane Spruce","Very Dry Cool","South Thompson","","","BC","BC","","#E133E1FF"
"711",355,"-","BGCv11","MS","MS_dry","MSxk","MSxk2","South Thompson Very Dry Cool MS","Montane Spruce","Very Dry Cool","South Thompson","","","BC","BC","",""
"712",356,"+","BGCv11","MS","MS_dry","MSxk","MSxk3","Pavillion Very Dry Cool MS","Montane Spruce","Very Dry Cool","Pavillion","","","BC","BC","","#CD47BBFF"
"713",356,"-","BGCv11","MS","MS_dry","MSxk","MSxk3","Pavillion Very Dry Cool MS","Montane Spruce","Very Dry Cool","Pavillion","","","BC","BC","",""
"714",357,"+","USA_2019","MS","MS_dry","MSxk","MSxk_WA","Very Dry Cool Washington MS","Montane Spruce ","Very Dry Cool","Washington","NC & C Washington","MS  xkz","USA","WA","","#D720A9FF"
"715",357,"-","USA_2019","MS","MS_dry","MSxk","MSxk_WA","Very Dry Cool Washington MS","Montane Spruce ","Very Dry Cool","Washington","NC & C Washington","MS  xkz","USA","WA","",""
"716",358,"+","USA_2019","MS","MS_dry","MSxm","MSxm_CO","Very Dry Mild Colorado MS","Montane Spruce ","Very Dry Mild","Colorado","C & N Colorado, SE Wyoming [E Utah]","MS  coa","USA","CO","","#E875ADFF"
"717",358,"-","USA_2019","MS","MS_dry","MSxm","MSxm_CO","Very Dry Mild Colorado MS","Montane Spruce ","Very Dry Mild","Colorado","C & N Colorado, SE Wyoming [E Utah]","MS  coa","USA","CO","",""
"718",359,"+","BGCv11","MS","MS_dry","MSxv","MSxv","Very Dry Very Cold MS","Montane Spruce","Very Dry Very Cold","","","","BC","BC","","#CB1B5EFF"
"719",359,"-","BGCv11","MS","MS_dry","MSxv","MSxv","Very Dry Very Cold MS","Montane Spruce","Very Dry Very Cold","","","","BC","BC","",""
"720",360,"+","USA_2019","MS","MS_dry","MSxx","MSxx_NV","Very Dry Very Hot Nevada MS","Montane Spruce ","Very Dry Very Hot","Nevada","C & EC Nevada","MS  nvz","USA","CO","","#E88092FF"
"721",360,"-","USA_2019","MS","MS_dry","MSxx","MSxx_NV","Very Dry Very Hot Nevada MS","Montane Spruce ","Very Dry Very Hot","Nevada","C & EC Nevada","MS  nvz","USA","CO","",""
"722",361,"+","USA_2026","OW","OW","OWdm","OWdm_CA","Dry Maritime California OW","Oak Woodland","Dry Maritime","CA","C & N California","","USA","CA","","#c6a980"
"723",361,"-","USA_2026","OW","OW","OWdm","OWdm_CA","Dry Maritime California OW","Oak Woodland","Dry Maritime","CA","C & N California","","USA","CA","",""
"724",362,"+","USA_2023","OW","OW","OWmm","OWmm_OR","Moist Maritime Oregon OW","Oak Woodland","Moist Maritime","Oregon","SW Oregon, N California","","USA","OR","","#ABCE10FF"
"725",362,"-","USA_2023","OW","OW","OWmm","OWmm_OR","Moist Maritime Oregon OW","Oak Woodland","Moist Maritime","Oregon","SW Oregon, N California","","USA","OR","",""
"726",363,"+","USA_2026","OW","OW","OWwm","OWwm_OR","Wet Maritime Oregon OW","Oak Woodland","Wet Maritime","OR","SW Oregon","","USA","OR","","#B0CF13FF"
"727",363,"-","USA_2026","OW","OW","OWwm","OWwm_OR","Wet Maritime Oregon OW","Oak Woodland","Wet Maritime","OR","SW Oregon","","USA","OR","",""
"728",364,"+","USA_2026","OW","OW","OWxm","OWxm_CA","Very Dry Maritime California OW","Oak Woodland","Very Dry Maritime","CA","S California","","USA","CA","","#C4BD7DFF"
"729",364,"-","USA_2026","OW","OW","OWxm","OWxm_CA","Very Dry Maritime California OW","Oak Woodland","Very Dry Maritime","CA","S California","","USA","CA","",""
"730",365,"+","USA_2026","PPJW","PPJW","PPJWdm","PPJWdm_WY","Dry Mild Wyoming PPJW","Pinyon Pine – Juniper Woodland","Dry Mild","WY","Wyoming [NE Utah, NW Colorado]","","USA","WY","","#B08595FF"
"731",365,"-","USA_2026","PPJW","PPJW","PPJWdm","PPJWdm_WY","Dry Mild Wyoming PPJW","Pinyon Pine – Juniper Woodland","Dry Mild","WY","Wyoming [NE Utah, NW Colorado]","","USA","WY","",""
"732",366,"+","USA_2026","PPJW","PPJW","PPJWdw","PPJWdw_UT","Dry Warm Utah PPJW","Pinyon Pine – Juniper Woodland","Dry Warm","UT","Utah, W Colorado [SE Idaho]","","USA","UT","","#A77274FF"
"733",366,"-","USA_2026","PPJW","PPJW","PPJWdw","PPJWdw_UT","Dry Warm Utah PPJW","Pinyon Pine – Juniper Woodland","Dry Warm","UT","Utah, W Colorado [SE Idaho]","","USA","UT","",""
"734",367,"+","USA_2026","PPJW","PPJW","PPJWmw","PPJWmw_UT","Moist Warm Utah PPJW","Pinyon Pine – Juniper Woodland","Moist Warm","UT","E Utah, W Colorado","","USA","UT","","#A57376FF"
"735",367,"-","USA_2026","PPJW","PPJW","PPJWmw","PPJWmw_UT","Moist Warm Utah PPJW","Pinyon Pine – Juniper Woodland","Moist Warm","UT","E Utah, W Colorado","","USA","UT","",""
"736",368,"+","USA_2026","PPJW","PPJW","PPJWwm","PPJWwm_CO","Wet Mild Colorado PPJW","Pinyon Pine – Juniper Woodland","Wet Mild","CO","EC & SE Colorado","","USA","CO","","#AD737FFF"
"737",368,"-","USA_2026","PPJW","PPJW","PPJWwm","PPJWwm_CO","Wet Mild Colorado PPJW","Pinyon Pine – Juniper Woodland","Wet Mild","CO","EC & SE Colorado","","USA","CO","",""
"738",369,"+","USA_2026","PPJW","PPJW","PPJWxh","PPJWxh_CA","Very Dry Hot California PPJW","Pinyon Pine – Juniper Woodland","Very Dry Hot","CA","S California","","USA","CA","","#A87E86FF"
"739",369,"-","USA_2026","PPJW","PPJW","PPJWxh","PPJWxh_CA","Very Dry Hot California PPJW","Pinyon Pine – Juniper Woodland","Very Dry Hot","CA","S California","","USA","CA","",""
"740",370,"+","USA_2026","PPJW","PPJW","PPJWxw","PPJWxw_NV","Very Dry Warm Nevada PPJW","Pinyon Pine – Juniper Woodland","Very Dry Warm","NV","Nevada, E California, W Utah, S Idaho","","USA","NV","","#C37389FF"
"741",370,"-","USA_2026","PPJW","PPJW","PPJWxw","PPJWxw_NV","Very Dry Warm Nevada PPJW","Pinyon Pine – Juniper Woodland","Very Dry Warm","NV","Nevada, E California, W Utah, S Idaho","","USA","NV","",""
"742",371,"+","USA_2019","PP","PP","PPmx","PPmx_WY","Moist Very Hot Wyoming PP","Ponderosa Pine","Moist Very Hot","Wyoming","NE Wyoming [SE Montana]","PP  wy","USA","WY","","#EF9C15FF"
"743",371,"-","USA_2019","PP","PP","PPmx","PPmx_WY","Moist Very Hot Wyoming PP","Ponderosa Pine","Moist Very Hot","Wyoming","NE Wyoming [SE Montana]","PP  wy","USA","WY","",""
"744",372,"+","BGCv11","PP","PP","PPxh","PPxh1","Okanagan Very Dry Hot PP","Ponderosa Pine","Very Dry Hot","Okanagan","","","BC","BC","","#DB8B28FF"
"745",372,"-","BGCv11","PP","PP","PPxh","PPxh1","Okanagan Very Dry Hot PP","Ponderosa Pine","Very Dry Hot","Okanagan","","","BC","BC","",""
"746",373,"+","BGCv11","PP","PP","PPxh","PPxh2","Thompson Very Dry Hot PP","Ponderosa Pine","Very Dry Hot","Thompson","","","BC","BC","","#C36C09FF"
"747",373,"-","BGCv11","PP","PP","PPxh","PPxh2","Thompson Very Dry Hot PP","Ponderosa Pine","Very Dry Hot","Thompson","","","BC","BC","",""
"748",374,"+","USA_2019","PP","PP","PPxh","PPxh_CO","Very Dry Hot Colorado PP","Ponderosa Pine","Very Dry Hot","Colorado","SW, SC, & NC Colorado","PP  coz","USA","CO","","#F4A316FF"
"749",374,"-","USA_2019","PP","PP","PPxh","PPxh_CO","Very Dry Hot Colorado PP","Ponderosa Pine","Very Dry Hot","Colorado","SW, SC, & NC Colorado","PP  coz","USA","CO","",""
"750",375,"+","USA_2019","PP","PP","PPxh","PPxh_WA","Very Dry Hot Washington PP","Ponderosa Pine","Very Dry Hot","Washington","NC & E Washington, NE Oregon, W Idaho","PP  xhz","USA","WA","","#E7AB1DFF"
"751",375,"-","USA_2019","PP","PP","PPxh","PPxh_WA","Very Dry Hot Washington PP","Ponderosa Pine","Very Dry Hot","Washington","NC & E Washington, NE Oregon, W Idaho","PP  xhz","USA","WA","",""
"752",376,"+","USA_2019","PP","PP","PPxk","PPxk_OR","Very Dry Cool Oregon PP","Ponderosa Pine","Very Dry Cool","Oregon","SC Oregon","PP  pum","USA","OR","","#D3730DFF"
"753",376,"-","USA_2019","PP","PP","PPxk","PPxk_OR","Very Dry Cool Oregon PP","Ponderosa Pine","Very Dry Cool","Oregon","SC Oregon","PP  pum","USA","OR","",""
"754",377,"+","USA_2019","PP","PP","PPxm","PPxm_OR","Very Dry Mild Oregon PP","Ponderosa Pine","Very Dry Mild","Oregon","C & S Oregon, NE California","PP  orz","USA","OR","","#E58714FF"
"755",377,"-","USA_2019","PP","PP","PPxm","PPxm_OR","Very Dry Mild Oregon PP","Ponderosa Pine","Very Dry Mild","Oregon","C & S Oregon, NE California","PP  orz","USA","OR","",""
"756",378,"+","USA_2019","PP","PP","PPxw","PPxw_MT","Very Dry Warm Montana PP","Ponderosa Pine","Very Dry Warm","Montana","C & S Montana, NE Wyoming","PP  xxz","USA","MT","","#CD8F25FF"
"757",378,"-","USA_2019","PP","PP","PPxw","PPxw_MT","Very Dry Warm Montana PP","Ponderosa Pine","Very Dry Warm","Montana","C & S Montana, NE Wyoming","PP  xxz","USA","MT","",""
"758",379,"+","USA_2019","PP","PP","PPxw","PPxw_WY","Very Dry Warm Wyoming PP","Ponderosa Pine","Very Dry Warm","Wyoming","SE Wyoming","","USA","WY","","#ED5F34FF"
"759",379,"-","USA_2019","PP","PP","PPxw","PPxw_WY","Very Dry Warm Wyoming PP","Ponderosa Pine","Very Dry Warm","Wyoming","SE Wyoming","","USA","WY","",""
"760",380,"+","USA_2019","PP","PP","PPxx","PPxx_OR","Very Dry Very Hot Oregon PP","Ponderosa Pine","Very Dry Very Hot","Oregon","SC Washington, NC Oregon","PP  xyz","USA","OR","","#D28212FF"
"761",380,"-","USA_2019","PP","PP","PPxx","PPxx_OR","Very Dry Very Hot Oregon PP","Ponderosa Pine","Very Dry Very Hot","Oregon","SC Washington, NC Oregon","PP  xyz","USA","OR","",""
"762",381,"+","AB_2018","SAS","SAS","SASbo","SASbo","Boreal SAS","Sub-arctic Spruce","Boreal","","N Alberta","SAWSbo","AB","AB","","#2D4870FF"
"763",381,"-","AB_2018","SAS","SAS","SASbo","SASbo","Boreal SAS","Sub-arctic Spruce","Boreal","","N Alberta","SAWSbo","AB","AB","",""
"764",382,"+","AB_2018","SBAP","SBAP","SBAPcp","SBAPcp","Central Parkland SBAP","Sub-boreal Aspen Parkland","Central Parkland","","EC Alberta","SBAPcp","AB","AB","No classification. Use edatopic space and ecosites from adjacent Boreal Mixedwood","#7AC0DCFF"
"765",382,"-","AB_2018","SBAP","SBAP","SBAPcp","SBAPcp","Central Parkland SBAP","Sub-boreal Aspen Parkland","Central Parkland","","EC Alberta","SBAPcp","AB","AB","No classification. Use edatopic space and ecosites from adjacent Boreal Mixedwood",""
"766",383,"+","AB_2018","SBAP","SBAP","SBAPfp","SBAPfp","Foothills Parkland Sub-boreal Aspen Parkland","Sub-boreal Aspen Parkland","","","NW Montana, to AB border","SBAPfp","AB","AB","","#1DA5E8FF"
"767",383,"-","AB_2018","SBAP","SBAP","SBAPfp","SBAPfp","Foothills Parkland Sub-boreal Aspen Parkland","Sub-boreal Aspen Parkland","","","NW Montana, to AB border","SBAPfp","AB","AB","",""
"768",384,"+","BGCv11","SBPS","SBPS","SBPSdc","SBPSdc","Dry Cold SBPS","Sub-Boreal Pine  –  Spruce","Dry Cold","","","","BC","BC","","#2AD1E0FF"
"769",384,"-","BGCv11","SBPS","SBPS","SBPSdc","SBPSdc","Dry Cold SBPS","Sub-Boreal Pine  –  Spruce","Dry Cold","","","","BC","BC","",""
"770",385,"+","BGCv11","SBPS","SBPS","SBPSmc","SBPSmc","Moist Cold SBPS","Sub-Boreal Pine  –  Spruce","Moist Cold","","","","BC","BC","","#3AC6CDFF"
"771",385,"-","BGCv11","SBPS","SBPS","SBPSmc","SBPSmc","Moist Cold SBPS","Sub-Boreal Pine  –  Spruce","Moist Cold","","","","BC","BC","",""
"772",386,"+","BGCv11","SBPS","SBPS","SBPSmk","SBPSmk","Moist Cool SBPS","Sub-Boreal Pine  –  Spruce","Moist Cool","","","","BC","BC","","#6AC6C9FF"
"773",386,"-","BGCv11","SBPS","SBPS","SBPSmk","SBPSmk","Moist Cool SBPS","Sub-Boreal Pine  –  Spruce","Moist Cool","","","","BC","BC","",""
"774",387,"+","BGCv11","SBPS","SBPS","SBPSxc","SBPSxc","Very Dry Cold SBPS","Sub-Boreal Pine  –  Spruce","Very Dry Cold","","","","BC","BC","","#76E4E5FF"
"775",387,"-","BGCv11","SBPS","SBPS","SBPSxc","SBPSxc","Very Dry Cold SBPS","Sub-Boreal Pine  –  Spruce","Very Dry Cold","","","","BC","BC","",""
"776",388,"+","BGCv11","SBS","SBS_warm","SBSdh","SBSdh1","McLennan Dry Hot SBS","Sub-Boreal Spruce","Dry Hot","McLennan","","","BC","BC","","#2955E4FF"
"777",388,"-","BGCv11","SBS","SBS_warm","SBSdh","SBSdh1","McLennan Dry Hot SBS","Sub-Boreal Spruce","Dry Hot","McLennan","","","BC","BC","",""
"778",389,"+","BGCv11","SBS","SBS_warm","SBSdh","SBSdh2","Robson Dry Hot SBS","Sub-Boreal Spruce","Dry Hot","Robson","","","BC","BC","","#129EE9FF"
"779",389,"-","BGCv11","SBS","SBS_warm","SBSdh","SBSdh2","Robson Dry Hot SBS","Sub-Boreal Spruce","Dry Hot","Robson","","","BC","BC","",""
"780",390,"+","BGCv11","SBS","SBS_warm","SBSdk","SBSdk","Dry Cool SBS","Sub-Boreal Spruce","Dry Cool","","","","BC","BC","","#3B9BD6FF"
"781",390,"-","BGCv11","SBS","SBS_warm","SBSdk","SBSdk","Dry Cool SBS","Sub-Boreal Spruce","Dry Cool","","","","BC","BC","",""
"782",391,"+","BGCv11","SBS","SBS_warm","SBSdw","SBSdw1","Horsefly Dry Warm SBS","Sub-Boreal Spruce","Dry Warm","Horsefly","","","BC","BC","","#3EA8EAFF"
"783",391,"-","BGCv11","SBS","SBS_warm","SBSdw","SBSdw1","Horsefly Dry Warm SBS","Sub-Boreal Spruce","Dry Warm","Horsefly","","","BC","BC","",""
"784",392,"+","BGCv11","SBS","SBS_warm","SBSdw","SBSdw2","Blackwater Dry Warm SBS","Sub-Boreal Spruce","Dry Warm","Blackwater","","","BC","BC","","#0EBBE6FF"
"785",392,"-","BGCv11","SBS","SBS_warm","SBSdw","SBSdw2","Blackwater Dry Warm SBS","Sub-Boreal Spruce","Dry Warm","Blackwater","","","BC","BC","",""
"786",393,"+","BGCv11","SBS","SBS_warm","SBSdw","SBSdw3","Stuart Dry Warm SBS","Sub-Boreal Spruce","Dry Warm","Stuart","","","BC","BC","","#5964E3FF"
"787",393,"-","BGCv11","SBS","SBS_warm","SBSdw","SBSdw3","Stuart Dry Warm SBS","Sub-Boreal Spruce","Dry Warm","Stuart","","","BC","BC","",""
"788",394,"+","BGCv11","SBS","SBS_meso","SBSmc","SBSmc1","Moffat Moist Cold SBS","Sub-Boreal Spruce","Moist Cold","Moffat","","","BC","BC","","#55B5F0FF"
"789",394,"-","BGCv11","SBS","SBS_meso","SBSmc","SBSmc1","Moffat Moist Cold SBS","Sub-Boreal Spruce","Moist Cold","Moffat","","","BC","BC","",""
"790",395,"+","BGCv11","SBS","SBS_meso","SBSmc","SBSmc2","Babine Moist Cold SBS","Sub-Boreal Spruce","Moist Cold","Babine","","","BC","BC","","#5E91C8FF"
"791",395,"-","BGCv11","SBS","SBS_meso","SBSmc","SBSmc2","Babine Moist Cold SBS","Sub-Boreal Spruce","Moist Cold","Babine","","","BC","BC","",""
"792",396,"+","BGCv11","SBS","SBS_meso","SBSmc","SBSmc3","Kluskus Moist Cold SBS","Sub-Boreal Spruce","Moist Cold","Kluskus","","","BC","BC","","#2CB3ECFF"
"793",396,"-","BGCv11","SBS","SBS_meso","SBSmc","SBSmc3","Kluskus Moist Cold SBS","Sub-Boreal Spruce","Moist Cold","Kluskus","","","BC","BC","",""
"794",397,"+","BGCv11","SBS","SBS_warm","SBSmh","SBSmh","Moist Hot SBS","Sub-Boreal Spruce","Moist Hot","","","","BC","BC","","#86A7E0FF"
"795",397,"-","BGCv11","SBS","SBS_warm","SBSmh","SBSmh","Moist Hot SBS","Sub-Boreal Spruce","Moist Hot","","","","BC","BC","",""
"796",398,"+","BGCv11","SBS","SBS_meso","SBSmk","SBSmk1","Mossvale Moist Cool SBS","Sub-Boreal Spruce","Moist Cool","Mossvale","","","BC","BC","","#6D8CD4FF"
"797",398,"-","BGCv11","SBS","SBS_meso","SBSmk","SBSmk1","Mossvale Moist Cool SBS","Sub-Boreal Spruce","Moist Cool","Mossvale","","","BC","BC","",""
"798",399,"+","BGCv11","SBS","SBS_meso","SBSmk","SBSmk2","Williston Moist Cool SBS","Sub-Boreal Spruce","Moist Cool","Williston","","","BC","BC","","#448CEAFF"
"799",399,"-","BGCv11","SBS","SBS_meso","SBSmk","SBSmk2","Williston Moist Cool SBS","Sub-Boreal Spruce","Moist Cool","Williston","","","BC","BC","",""
"800",400,"+","BGCv11","SBS","SBS_meso","SBSmm","SBSmm","Moist Mild SBS","Sub-Boreal Spruce","Moist Mild","","","","BC","BC","","#12B7D8FF"
"801",400,"-","BGCv11","SBS","SBS_meso","SBSmm","SBSmm","Moist Mild SBS","Sub-Boreal Spruce","Moist Mild","","","","BC","BC","",""
"802",401,"+","BGCv11","SBS","SBS_warm","SBSmw","SBSmw","Moist Warm SBS","Sub-Boreal Spruce","Moist Warm","","","","BC","BC","","#7AABD5FF"
"803",401,"-","BGCv11","SBS","SBS_warm","SBSmw","SBSmw","Moist Warm SBS","Sub-Boreal Spruce","Moist Warm","","","","BC","BC","",""
"804",402,"+","BGCv13","SBS","SBS_meso","SBSmz","SBSmz","Moist and Extremely Cold SBS"," Sub-boreal Spruce","Moist and Extremely Cold ","",NA,"","BC","BC",NA,"#5f7fc8FF"
"805",402,"-","BGCv13","SBS","SBS_meso","SBSmz","SBSmz","Moist and Extremely Cold SBS"," Sub-boreal Spruce","Moist and Extremely Cold ","",NA,"","BC","BC",NA,""
"806",403,"+","BGCv11","SBS","SBS_meso","SBSun","SBSun","Undifferentiated SBS","Sub-Boreal Spruce","Undifferentiated","","","","BC","BC","","#2F93F0FF"
"807",403,"-","BGCv11","SBS","SBS_meso","SBSun","SBSun","Undifferentiated SBS","Sub-Boreal Spruce","Undifferentiated","","","","BC","BC","",""
"808",404,"+","BGCv13","SBS","SBS_wet","SBSvc","SBSvc","Very Wet and Cold SBS"," Sub-boreal Spruce","Very Wet and Cold ","",NA,"SBSvz","BC","BC",NA,"#5a8cdcFF"
"809",404,"-","BGCv13","SBS","SBS_wet","SBSvc","SBSvc","Very Wet and Cold SBS"," Sub-boreal Spruce","Very Wet and Cold ","",NA,"SBSvz","BC","BC",NA,""
"810",405,"+","BGCv11","SBS","SBS_wet","SBSvk","SBSvk","Very Wet Cool SBS","Sub-Boreal Spruce","Very Wet Cool","","","","BC","BC","","#1672C9FF"
"811",405,"-","BGCv11","SBS","SBS_wet","SBSvk","SBSvk","Very Wet Cool SBS","Sub-Boreal Spruce","Very Wet Cool","","","","BC","BC","",""
"812",406,"+","BGCv11","SBS","SBS_wet","SBSwk","SBSwk1","Willow Wet Cool SBS","Sub-Boreal Spruce","Wet Cool","Willow","","","BC","BC","","#1479F4FF"
"813",406,"-","BGCv11","SBS","SBS_wet","SBSwk","SBSwk1","Willow Wet Cool SBS","Sub-Boreal Spruce","Wet Cool","Willow","","","BC","BC","",""
"814",407,"+","BGCv11","SBS","SBS_wet","SBSwk","SBSwk2","Finlay  –  Peace Wet Cool SBS","Sub-Boreal Spruce","Wet Cool","Finlay  –  Peace","","","BC","BC","","#437BC9FF"
"815",407,"-","BGCv11","SBS","SBS_wet","SBSwk","SBSwk2","Finlay  –  Peace Wet Cool SBS","Sub-Boreal Spruce","Wet Cool","Finlay  –  Peace","","","BC","BC","",""
"816",408,"+","BGCv11","SBS","SBS_wet","SBSwk","SBSwk3","Takla Wet Cool SBS","Sub-Boreal Spruce","Wet Cool","Takla","","","BC","BC","","#4B70EAFF"
"817",408,"-","BGCv11","SBS","SBS_wet","SBSwk","SBSwk3","Takla Wet Cool SBS","Sub-Boreal Spruce","Wet Cool","Takla","","","BC","BC","",""
"818",409,"+","BGCv11","SBS","SBS_wet","SBSwka","SBSwk3a","Takla Wet Cool SBS","Sub-Boreal Spruce","Wet Cool","Takla","","","BC","BC","","#7A94E0FF"
"819",409,"-","BGCv11","SBS","SBS_wet","SBSwka","SBSwk3a","Takla Wet Cool SBS","Sub-Boreal Spruce","Wet Cool","Takla","","","BC","BC","",""
"820",410,"+","USA_2019","SGP","SGP","SGPdm","SGPdm_CO","Dry Mild Colorado SGP","Shortgrass Prairie","Dry Mild","Colorado","E Colorado, SE Wyoming","SGP un","USA","CO","","#DED479FF"
"821",410,"-","USA_2019","SGP","SGP","SGPdm","SGPdm_CO","Dry Mild Colorado SGP","Shortgrass Prairie","Dry Mild","Colorado","E Colorado, SE Wyoming","SGP un","USA","CO","",""
"822",411,"+","BGCv11","SWB","SWB","SWBmk","SWBmk","Moist Cool SWB","Spruce –  Willow  –  Birch","Moist Cool","","","","BC","BC","","#92BEC2FF"
"823",411,"-","BGCv11","SWB","SWB","SWBmk","SWBmk","Moist Cool SWB","Spruce –  Willow  –  Birch","Moist Cool","","","","BC","BC","",""
"824",412,"+","BGCv11","SWB","SWB","SWBmks","SWBmks","Moist Cool Scrub SWB","Spruce –  Willow  –  Birch","Moist Cool Scrub","","","","BC","BC","","#79AEB6FF"
"825",412,"-","BGCv11","SWB","SWB","SWBmks","SWBmks","Moist Cool Scrub SWB","Spruce –  Willow  –  Birch","Moist Cool Scrub","","","","BC","BC","",""
"826",413,"+","BGCv13","SWB","","SWBun","SWBun1","Undifferentiated SWB","Spruce –  Willow  –  Birch","Undifferentiated","",NA,"SWBun","BC","BC",NA,"#8DC4D2FF"
"827",413,"-","BGCv13","SWB","","SWBun","SWBun1","Undifferentiated SWB","Spruce –  Willow  –  Birch","Undifferentiated","",NA,"SWBun","BC","BC",NA,""
"828",414,"+","BGCv11","SWB","SWB","SWBuns","SWBuns","Undifferentiated Scrub SWB","Spruce –  Willow  –  Birch","Undifferentiated Scrub","","","","BC","BC","","#80CCD4FF"
"829",414,"-","BGCv11","SWB","SWB","SWBuns","SWBuns","Undifferentiated Scrub SWB","Spruce –  Willow  –  Birch","Undifferentiated Scrub","","","","BC","BC","",""
"830",415,"+","BGCv11","SWB","SWB","SWBvk","SWBvk","Very Wet Cool SWB","Spruce –  Willow  –  Birch","Very Wet Cool","","","","BC","BC","","#A4BED3FF"
"831",415,"-","BGCv11","SWB","SWB","SWBvk","SWBvk","Very Wet Cool SWB","Spruce –  Willow  –  Birch","Very Wet Cool","","","","BC","BC","",""
"832",416,"+","BGCv11","SWB","SWB","SWBvks","SWBvks","Very Wet Cool Scrub SWB","Spruce –  Willow  –  Birch","Very Wet Cool Scrub","","","","BC","BC","","#ADD5DEFF"
"833",416,"-","BGCv11","SWB","SWB","SWBvks","SWBvks","Very Wet Cool Scrub SWB","Spruce –  Willow  –  Birch","Very Wet Cool Scrub","","","","BC","BC","",""
"834",417,"+","USA_2019","WJP","WJP","WJPxm","WJPxm_OR","Very Dry Mild Oregon WJP","Western Juniper – Pine","Very Dry Mild","Oregon","Oregon, NE California, NW Nevada, SW Idaho","WJP juz","USA","OR","","#987610FF"
"835",417,"-","USA_2019","WJP","WJP","WJPxm","WJPxm_OR","Very Dry Mild Oregon WJP","Western Juniper – Pine","Very Dry Mild","Oregon","Oregon, NE California, NW Nevada, SW Idaho","WJP juz","USA","OR","",""
